environment,real_time,size,position,factor
xsb,0.0003964424133300782,300,1,
xsb,0.0005305767059326173,400,2,133.83449603079143
duckdb,0.0009091583895497024,400,3,171.35286554874963
duckdb,0.0011282581952400505,300,4,124.09918977911718
