environment,cpu_time,size,position,factor
xsb,0.0001252000000000004,100,1,
xsb,0.0002442000000000004,200,2,195.04792332268343
xsb,0.0003711999999999998,300,3,152.00655200655166
xsb,0.0005020000000000004,400,4,135.2370689655174
duckdb,0.0010685999999999972,100,5,212.86852589641364
duckdb,0.0010882000000000057,200,6,101.8341755568041
duckdb,0.0013196000000000097,400,7,121.26447344238218
duckdb,0.0013849999999999917,300,8,104.95604728705527
