CreateTableRealTime,CreateTableCPUTime,LoadDataRealTime,LoadDataCPUTime,CreateIndexRealTime,CreateIndexCPUTime,AnalyzeRealTime,AnalyzeCPUTime,ExecuteQueryRealTime,ExecuteQueryCPUTime,WriteResultRealTime,WriteResultCPUTime
0.003229582973290235,1.999999999996449e-05,0.018712083983700722,0.0003610000000000002,0.018243500031530857,4.100000000001325e-05,0.009584582992829382,2.2999999999995246e-05,0.18607491703005508,0.00020700000000001273,0.012795375019777566,0.011776000000000009
0.00329654203960672,3.900000000001125e-05,0.018047540972474962,0.00034200000000000896,0.030398666975088418,8.299999999999974e-05,0.009999790985602885,3.799999999998249e-05,0.1889699170133099,0.00020599999999998397,0.010480457975063473,0.009871000000000019
0.003926999983377755,3.999999999998449e-05,0.01804299996001646,0.0004170000000000007,0.01782029098831117,3.8000000000038e-05,0.008463415957521647,2.4999999999997247e-05,0.18353545799618587,0.00018899999999999473,0.012016790977213532,0.011458999999999997
0.004021083004772663,1.8999999999991246e-05,0.01824524998664856,0.00034800000000001496,0.016998165985569358,3.500000000000725e-05,0.009920207958202809,5.6000000000000494e-05,0.18384883302496746,0.00012299999999998423,0.007372292049694806,0.006935999999999998
0.003295542031992227,3.599999999998049e-05,0.016471875016577542,0.00035600000000002296,0.01919083303073421,4.099999999995774e-05,0.00992729200515896,2.999999999997449e-05,0.18853283300995827,0.00014300000000000423,0.01194137503625825,0.010546
Average,0.00355395000660792,3.0799999999986397e-05,0.01790394998388365,0.00036480000000000957,0.020530291402246804,4.76000000000032e-05,0.009579057979863137,3.4399999999989994e-05,0.18619239161489531,0.00017359999999999598,0.010921258211601526,0.010117600000000004
