CreateTableRealTime,CreateTableCPUTime,LoadDataRealTime,LoadDataCPUTime,CreateIndexRealTime,CreateIndexCPUTime,AnalyzeRealTime,AnalyzeCPUTime,ExecuteQueryRealTime,ExecuteQueryCPUTime,WriteResultRealTime,WriteResultCPUTime
0.003275291994214058,1.599999999996049e-05,0.026434667001012713,0.0005169999999999897,0.027960708015598357,3.700000000000925e-05,0.012192124966531992,2.6000000000026002e-05,0.5100898750242777,0.00017600000000000948,0.018533082969952375,0.017708
0.0032069580047391355,1.999999999996449e-05,0.023668083013035357,0.0005900000000000349,0.025544249976519495,0.00010300000000001974,0.011111457948572934,3.900000000001125e-05,0.5124117500381544,0.000132000000000021,0.01917587500065565,0.018613000000000046
0.003708207979798317,1.8000000000018e-05,0.031062582973390818,0.0005569999999999742,0.04370004200609401,4.199999999998649e-05,0.012173417024314404,3.199999999997649e-05,0.5115158749977127,0.00018399999999996197,0.018192999996244907,0.017573000000000005
0.003140500048175454,4.100000000001325e-05,0.027882875001523644,0.0006010000000000182,0.028022582991980016,5.6000000000000494e-05,0.012141290993895382,2.8000000000028002e-05,0.5097001250251196,0.00021100000000001673,0.018718209001235664,0.017309999999999992
0.0035123329726047814,1.9000000000046757e-05,0.03164758300408721,0.0004809999999999537,0.02937987499171868,4.199999999998649e-05,0.011450416990555823,3.2000000000032e-05,0.512032208032906,0.00022800000000000598,0.017631208000238985,0.017120999999999997
Average,0.0033686581999063494,2.2800000000000598e-05,0.02813915819860995,0.0005491999999999942,0.030921491596382113,5.6000000000000494e-05,0.011813741584774107,3.140000000001475e-05,0.5111499666236341,0.00018620000000000304,0.018450274993665517,0.017665000000000007
