CreateTableRealTime,CreateTableCPUTime,LoadDataRealTime,LoadDataCPUTime,CreateIndexRealTime,CreateIndexCPUTime,AnalyzeRealTime,AnalyzeCPUTime,ExecuteQueryRealTime,ExecuteQueryCPUTime,WriteResultRealTime,WriteResultCPUTime
0.0,0.0,0.019999995827674866,0.009999999999999953,0.03999999910593033,0.0,0.020000003278255463,0.0,0.6700000017881393,0.0,0.009999997913837433,0.010000000000000009
0.0,0.0,0.020000003278255463,0.0,0.03999999910593033,0.0,0.019999995827674866,0.0,0.6700000017881393,0.0,0.009999997913837433,0.0
0.009999997913837433,0.0,0.020000003278255463,0.0,0.0299999937415123,0.0,0.020000003278255463,0.0,0.6099999994039536,0.0,0.009999997913837433,0.010000000000000009
Average,0.003333332637945811,0.0,0.020000000794728596,0.003333333333333318,0.03666666398445765,0.0,0.020000000794728596,0.0,0.6500000009934107,0.0,0.009999997913837433,0.006666666666666672
