CreateTableRealTime,CreateTableCPUTime,LoadDataRealTime,LoadDataCPUTime,CreateIndexRealTime,CreateIndexCPUTime,AnalyzeRealTime,AnalyzeCPUTime,ExecuteQueryRealTime,ExecuteQueryCPUTime,WriteResultRealTime,WriteResultCPUTime
0.0,0.0,0.009999997913837433,0.0,0.009999997913837433,0.0,0.0,0.0,0.1600000038743019,0.0,0.0,0.0
0.01000000536441803,0.0,0.009999997913837433,0.0,0.009999997913837433,0.0,0.0,0.0,0.17000000178813934,0.0,0.0,0.0
0.0,0.0,0.01000000536441803,0.0,0.019999995827674866,0.0,0.0,0.0,0.2199999988079071,0.0,0.0,0.0
Average,0.0033333351214726767,0.0,0.010000000397364298,0.0,0.013333330551783243,0.0,0.0,0.0,0.18333333482344946,0.0,0.0,0.0
