CreateTableRealTime,CreateTableCPUTime,LoadDataRealTime,LoadDataCPUTime,CreateIndexRealTime,CreateIndexCPUTime,AnalyzeRealTime,AnalyzeCPUTime,ExecuteQueryRealTime,ExecuteQueryCPUTime,WriteResultRealTime,WriteResultCPUTime
0.0,0.0,0.009999997913837433,0.0,0.030000001192092896,0.0,0.01000000536441803,0.0,0.3199999928474426,0.0,0.0,0.0
0.009999997913837433,0.0,0.009999997913837433,0.0,0.020000003278255463,0.0,0.009999997913837433,0.0,0.32999999821186066,0.0,0.009999997913837433,0.010000000000000009
0.0,0.0,0.01000000536441803,0.0,0.030000001192092896,0.010000000000000009,0.009999997913837433,0.0,0.32999999821186066,0.0,0.0,0.0
Average,0.003333332637945811,0.0,0.010000000397364298,0.0,0.026666668554147083,0.003333333333333336,0.010000000397364298,0.0,0.326666663090388,0.0,0.003333332637945811,0.003333333333333336
