CreateTableRealTime,CreateTableCPUTime,LoadDataRealTime,LoadDataCPUTime,CreateIndexRealTime,CreateIndexCPUTime,AnalyzeRealTime,AnalyzeCPUTime,ExecuteQueryRealTime,ExecuteQueryCPUTime,WriteResultRealTime,WriteResultCPUTime
0.0028911480001170276,8.979999999997323e-05,0.007370320000063657,0.0005200000000000204,0.015215824000051725,0.00015290000000001136,0.0033511480000925076,0.00010969999999999036,0.2218132279999736,0.00033720000000003747,0.0075223220001134905,0.002080200000000032
0.0029159470000195142,8.669999999999511e-05,0.007654045999970549,0.0003732999999999653,0.01182949600001848,0.00014430000000004162,0.003337137999778861,0.00011539999999998773,0.16590307399997073,0.00014849999999999586,0.002114112000072055,0.0013141999999999876
Average,0.002903547500068271,8.824999999998417e-05,0.007512183000017103,0.0004466499999999929,0.013522660000035103,0.0001486000000000265,0.003344142999935684,0.00011254999999998905,0.19385815099997217,0.00024285000000001666,0.004818217000092773,0.0016972000000000098
