CreateTableRealTime,CreateTableCPUTime,LoadDataRealTime,LoadDataCPUTime,CreateIndexRealTime,CreateIndexCPUTime,AnalyzeRealTime,AnalyzeCPUTime,ExecuteQueryRealTime,ExecuteQueryCPUTime,WriteResultRealTime,WriteResultCPUTime
0.01000000536441803,0.0,0.0,0.0,0.019999995827674866,0.0,0.01000000536441803,0.0,0.009999997913837433,0.0,0.0,0.0
0.019999995827674866,0.0,0.0,0.0,0.020000003278255463,0.0,0.0,0.0,0.020000003278255463,0.0,0.0,0.0
0.01000000536441803,0.0,0.009999997913837433,0.010000000000000009,0.009999997913837433,0.0,0.0,0.0,0.009999997913837433,0.0,0.01000000536441803,0.0
Average,0.013333335518836975,0.0,0.003333332637945811,0.003333333333333336,0.01666666567325592,0.0,0.0033333351214726767,0.0,0.01333333303531011,0.0,0.0033333351214726767,0.0
