CreateTableRealTime,CreateTableCPUTime,LoadDataRealTime,LoadDataCPUTime,CreateIndexRealTime,CreateIndexCPUTime,AnalyzeRealTime,AnalyzeCPUTime,ExecuteQueryRealTime,ExecuteQueryCPUTime,WriteResultRealTime,WriteResultCPUTime
0.0030185489999894344,0.00010369999999998436,0.03473317199996018,0.0013871999999999773,0.07493467699987377,0.0001739000000000046,0.021254776999967362,0.00015740000000002974,1.4094867989999784,0.00015899999999996473,0.023819279000008464,0.018101599999999995
0.003070748000027379,0.000136000000000025,0.034489229999962845,0.001162300000000005,0.07466039499990984,0.0001506999999999481,0.021255922999898758,0.00014480000000000048,1.3524000849999993,0.0001618999999999926,0.019609879999961777,0.015217400000000048
Average,0.0030446485000084067,0.00011985000000000468,0.03461120099996151,0.0012747499999999912,0.0747975359998918,0.00016229999999997635,0.02125534999993306,0.0001511000000000151,1.3809434419999889,0.00016044999999997867,0.02171457949998512,0.01665950000000002
