CreateTableRealTime,CreateTableCPUTime,LoadDataRealTime,LoadDataCPUTime,CreateIndexRealTime,CreateIndexCPUTime,AnalyzeRealTime,AnalyzeCPUTime,ExecuteQueryRealTime,ExecuteQueryCPUTime,WriteResultRealTime,WriteResultCPUTime
0.0,0.0,0.03999999910593033,0.0,0.06000000238418579,0.0,0.019999995827674866,0.0,1.3599999994039536,0.0,0.020000003278255463,0.010000000000000009
0.0,0.0,0.030000001192092896,0.0,0.059999994933605194,0.0,0.020000003278255463,0.0,1.4399999976158142,0.0,0.020000003278255463,0.01000000000000001
0.0,0.0,0.03999999910593033,0.02000000000000001,0.07000000029802322,0.0,0.020000003278255463,0.0,1.3799999952316284,0.0,0.020000003278255463,0.010000000000000009
Average,0.0,0.0,0.03666666646798452,0.0066666666666666706,0.06333333253860474,0.0,0.020000000794728596,0.0,1.3933333307504654,0.0,0.020000003278255463,0.010000000000000009
