CreateTableRealTime,CreateTableCPUTime,LoadDataRealTime,LoadDataCPUTime,CreateIndexRealTime,CreateIndexCPUTime,AnalyzeRealTime,AnalyzeCPUTime,ExecuteQueryRealTime,ExecuteQueryCPUTime,WriteResultRealTime,WriteResultCPUTime
0.002482583000073646,7.7200000000055e-05,0.001970750000054977,0.00026199999999998447,0.007229778000009901,0.0001366999999999896,0.0035140089999003976,0.00011790000000000411,0.005418266000106087,0.00014530000000001486,0.0009149869999873772,0.0005176000000000069
0.002627173000064431,0.00010270000000001112,0.003953264000074341,0.0003467000000000331,0.007514420000006794,0.00012929999999999886,0.0019920959998671606,0.00014480000000000048,0.005837427999949796,0.00012410000000001586,0.001753413999949771,0.0011653000000000358
Average,0.0025548780000690385,8.995000000003306e-05,0.0029620070000646592,0.0003043500000000088,0.0073720990000083475,0.00013299999999999423,0.002753052499883779,0.0001313500000000023,0.005627847000027941,0.00013470000000001536,0.0013342004999685741,0.0008414500000000213
