CreateTableRealTime,CreateTableCPUTime,LoadDataRealTime,LoadDataCPUTime,CreateIndexRealTime,CreateIndexCPUTime,AnalyzeRealTime,AnalyzeCPUTime,ExecuteQueryRealTime,ExecuteQueryCPUTime,WriteResultRealTime,WriteResultCPUTime
0.0015150830149650574,3.900000000001125e-05,0.0025262500275857747,0.00013399999999996748,0.003966582997236401,3.799999999998249e-05,0.0016634589992463589,3.399999999997849e-05,0.02590612502535805,3.500000000000725e-05,0.003263042017351836,0.0012359999999999594
0.004071332979947329,4.599999999999049e-05,0.006776292051654309,0.00016300000000002424,0.004186666978057474,3.999999999998449e-05,0.0012699170038104057,3.300000000000525e-05,0.022291458037216216,2.0999999999993246e-05,0.0016495410236530006,0.0010749999999999926
0.002823334012646228,1.4999999999987246e-05,0.005837292002979666,0.00010900000000002574,0.0025661670370027423,1.4000000000014001e-05,0.00106245803181082,1.4000000000014001e-05,0.017656416981481016,1.6000000000016e-05,0.0015666670515201986,0.0009959999999999969
0.0027293750317767262,1.6000000000016e-05,0.005061083007603884,9.199999999998099e-05,0.003184917033649981,1.599999999996049e-05,0.0009212910081259906,1.2999999999985246e-05,0.016340792004484683,1.799999999996249e-05,0.0017965830047614872,0.0010330000000000061
0.003654416010249406,4.699999999996374e-05,0.00505562499165535,0.00012500000000004174,0.005002499965485185,4.900000000002125e-05,0.0012912499951198697,3.700000000000925e-05,0.01934279198758304,4.999999999999449e-05,0.005579666001722217,0.0012599999999999834
Average,0.0029587082099169493,3.2599999999993745e-05,0.0050513084162957965,0.00012460000000000804,0.0037813668022863567,3.1399999999992544e-05,0.001241675007622689,2.6199999999998448e-05,0.0203075168072246,2.7999999999994697e-05,0.0027710998198017477,0.0011199999999999878
