CreateTableRealTime,CreateTableCPUTime,LoadDataRealTime,LoadDataCPUTime,CreateIndexRealTime,CreateIndexCPUTime,AnalyzeRealTime,AnalyzeCPUTime,ExecuteQueryRealTime,ExecuteQueryCPUTime,WriteResultRealTime,WriteResultCPUTime
0.004225765999990472,8.3600000000017e-05,0.0021148589999029355,0.0002706000000000097,0.009370709999984683,0.00015769999999998285,0.0021122340001511475,0.00011900000000003574,0.0070815880001191545,0.00014700000000000824,0.0013604639998447965,0.0008826000000000112
0.0027726700000130222,0.00012870000000003712,0.0025320330000795366,0.00032530000000002834,0.006832704000089507,0.00013699999999999823,0.0033904910001183453,0.00011270000000002112,0.007361083999967377,0.00012060000000002624,0.0011734700001397869,0.0007319000000000075
Average,0.003499218000001747,0.00010615000000002706,0.002323445999991236,0.00029795000000001903,0.008101707000037095,0.00014734999999999054,0.0027513625001347464,0.00011585000000002843,0.007221336000043266,0.00013380000000001724,0.0012669669999922917,0.0008072500000000093
