CreateTableRealTime,CreateTableCPUTime,LoadDataRealTime,LoadDataCPUTime,CreateIndexRealTime,CreateIndexCPUTime,AnalyzeRealTime,AnalyzeCPUTime,ExecuteQueryRealTime,ExecuteQueryCPUTime,WriteResultRealTime,WriteResultCPUTime
0.0027492159999837895,0.00010650000000000936,0.0025933869999335,0.00039639999999996345,0.007471914999996443,0.00012059999999997073,0.003536217999908331,0.00010199999999999099,0.004866834000040399,0.0001346999999999876,0.0010777490001601109,0.00041279999999999095
0.0028481120000378723,8.779999999997123e-05,0.0024813669999730337,0.0003021999999999747,0.014563972999894759,0.00014740000000001974,0.0022598149998884764,0.00012060000000002624,0.004622633000053611,0.00010209999999999386,0.0008243730001140648,0.0004347000000000101
Average,0.002798664000010831,9.71499999999903e-05,0.002537376999953267,0.0003492999999999691,0.0110179439999456,0.00013399999999999523,0.0028980164998984037,0.00011130000000000861,0.004744733500047005,0.00011839999999999073,0.0009510610001370878,0.0004237500000000005
