CreateTableRealTime,CreateTableCPUTime,LoadDataRealTime,LoadDataCPUTime,CreateIndexRealTime,CreateIndexCPUTime,AnalyzeRealTime,AnalyzeCPUTime,ExecuteQueryRealTime,ExecuteQueryCPUTime,WriteResultRealTime,WriteResultCPUTime
0.0036956669646315277,4.399999999998849e-05,0.006438374985009432,0.00015500000000001624,0.003567333973478526,1.4999999999987246e-05,0.0011080830008722842,1.4000000000014001e-05,0.013558166974689811,1.4999999999987246e-05,0.0028384170145727694,0.0010319999999999774
0.0032153749489225447,5.099999999996774e-05,0.004489292041398585,0.00016700000000002824,0.0031187920249067247,3.599999999998049e-05,0.0011779160122387111,3.2000000000032e-05,0.01231408299645409,3.399999999997849e-05,0.003748207993339747,0.0010220000000000229
0.0034369169734418392,4.100000000001325e-05,0.004112166992854327,0.00015199999999998548,0.0032311249524354935,4.199999999998649e-05,0.0011254579876549542,3.300000000000525e-05,0.016663082991726696,4.799999999999249e-05,0.0032102089608088136,0.0011349999999999971
0.003374999971129,4.700000000001925e-05,0.0058372499770484865,0.00018199999999995997,0.0033398749656043947,3.899999999995574e-05,0.0010900420020334423,3.199999999997649e-05,0.014222792000509799,3.399999999997849e-05,0.00298866699449718,0.0009919999999999929
0.003650916973128915,4.399999999998849e-05,0.0054583330056630075,0.00017200000000000548,0.0029847080004401505,3.700000000000925e-05,0.0012085839989595115,3.599999999998049e-05,0.012310041987802833,3.399999999997849e-05,0.002539791981689632,0.0009429999999999716
Average,0.003474775166250765,4.5399999999995445e-05,0.005267083400394767,0.0001655999999999991,0.0032483667833730578,3.379999999998384e-05,0.0011420166003517807,2.9400000000001646e-05,0.013813633390236646,3.299999999998304e-05,0.0030650585889816285,0.0010247999999999924
