DatalogToCPPRealTime,DatalogToCPPCPUTime,CompileRealTime,CompileCPUTime,InstanceLoadingRealTime,InstanceLoadingCPUTime,LoadingFactRealTime,LoadingFactCPUTime,QueryRealTime,QueryCPUTime,WritingResultRealTime,WritingResultCPUTime
0.009999990463256836,0.010000000000000002,1.4500000476837158,1.47,0.000183958,0.000182,0.00395513,0.003923,44.1091,44.0329,0.0867631,0.0866
0.009999990463256836,0.0,1.4500000476837158,1.48,0.000177042,0.000176,0.00376383,0.003762,44.098,44.0191,0.0940899,0.085907
0.009999990463256836,0.010000000000000002,1.4399998188018799,1.47,0.000187667,0.000186,0.00410846,0.004094,44.117,44.0406,0.0859686,0.085854
0.009999990463256836,0.0,1.4599997997283936,1.48,0.000233709,0.000232,0.004744,0.004734,44.0706,43.9946,0.0853421,0.085206
0.009999990463256836,0.0,1.4500000476837158,1.48,0.0002345,0.000233,0.00418229,0.00417,44.1152,44.0282,0.0867919,0.086674
Average,0.009999990463256836,0.004000000000000001,1.449999952316284,1.4760000000000002,0.00020337519999999998,0.00020179999999999997,0.004150742000000001,0.0041366,44.101980000000005,44.02308,0.08779112,0.08604819999999999
