DatalogToCPPRealTime,DatalogToCPPCPUTime,CompileRealTime,CompileCPUTime,InstanceLoadingRealTime,InstanceLoadingCPUTime,LoadingFactRealTime,LoadingFactCPUTime,QueryRealTime,QueryCPUTime,WritingResultRealTime,WritingResultCPUTime
0.009999990463256836,0.010000000000000002,1.4500000476837158,1.46,0.000150416,0.00015,0.00403367,0.003698,0.579557,0.56841,0.0868989,0.086705
0.009999990463256836,0.010000000000000002,1.429999828338623,1.46,0.000174458,0.000173,0.00391158,0.003909,0.567017,0.566219,0.0917861,0.085919
0.009999990463256836,0.0,1.4300000667572021,1.46,0.000174958,0.000173,0.00362058,0.003616,0.567133,0.566228,0.0990757,0.086924
0.009999990463256836,0.0,1.429999828338623,1.47,0.000151958,0.000151,0.00398117,0.003979,0.571047,0.570361,0.0857089,0.085557
0.009999990463256836,0.010000000000000002,1.4300000667572021,1.47,0.000165375,0.000164,0.00396621,0.003945,0.568465,0.567602,0.086111,0.085965
Average,0.009999990463256836,0.006000000000000001,1.4339999675750732,1.464,0.000163433,0.00016219999999999999,0.003902642,0.0038294,0.5706438,0.5677639999999999,0.08991611999999999,0.086214
