DatalogToCPPRealTime,DatalogToCPPCPUTime,CompileRealTime,CompileCPUTime,InstanceLoadingRealTime,InstanceLoadingCPUTime,LoadingFactRealTime,LoadingFactCPUTime,QueryRealTime,QueryCPUTime,WritingResultRealTime,WritingResultCPUTime
0.009999990463256836,0.0,1.4500000476837158,1.47,0.000181875,0.00018,0.00170017,0.001695,1.48713,1.48472,0.0099965,0.009992
0.009999990463256836,0.010000000000000002,1.4500000476837158,1.46,0.000180166,0.000178,0.00158967,0.001588,1.49178,1.48912,0.00987521,0.009757
0.009999990463256836,0.0,1.4500000476837158,1.47,0.000184,0.000182,0.00164229,0.00163,1.48944,1.48684,0.00998712,0.009973
0.009999990463256836,0.010000000000000002,1.440000057220459,1.47,0.000199458,0.000197,0.00165171,0.001648,1.49,1.488,0.0100357,0.009979
0.009999990463256836,0.010000000000000002,1.4399998188018799,1.46,0.00019,0.000188,0.00163583,0.001634,1.48719,1.48463,0.0100698,0.009948
Average,0.009999990463256836,0.006000000000000001,1.4460000038146972,1.4659999999999997,0.0001870998,0.000185,0.001643934,0.0016390000000000003,1.489108,1.486662,0.009992866,0.009929799999999999
