DatalogToCPPRealTime,DatalogToCPPCPUTime,CompileRealTime,CompileCPUTime,InstanceLoadingRealTime,InstanceLoadingCPUTime,LoadingFactRealTime,LoadingFactCPUTime,QueryRealTime,QueryCPUTime,WritingResultRealTime,WritingResultCPUTime
0.009999990463256836,0.010000000000000002,1.440000057220459,1.47,0.000179166,0.000177,0.00327233,0.003263,30.8582,30.8018,0.069149,0.068991
0.009999990463256836,0.0,1.4499998092651367,1.47,0.000222208,0.000221,0.00238804,0.002386,30.9012,30.8447,0.0679996,0.067857
0.009999990463256836,0.0,1.440000057220459,1.47,0.000180083,0.000179,0.00324021,0.003238,30.8272,30.7723,0.0679621,0.06786
0.009999990463256836,0.0,1.4500000476837158,1.47,0.000235792,0.000234,0.00388088,0.003878,30.862,30.8078,0.068408,0.068284
0.009999990463256836,0.0,1.4499998092651367,1.47,0.000181042,0.000168,0.00319171,0.00319,30.81,30.7521,0.0676038,0.067465
Average,0.009999990463256836,0.0020000000000000005,1.4459999561309815,1.47,0.00019965820000000003,0.00019580000000000002,0.0031946339999999996,0.0031909999999999994,30.85172,30.795740000000002,0.0682245,0.0680914
