DatalogToCPPRealTime,DatalogToCPPCPUTime,CompileRealTime,CompileCPUTime,InstanceLoadingRealTime,InstanceLoadingCPUTime,LoadingFactRealTime,LoadingFactCPUTime,QueryRealTime,QueryCPUTime,WritingResultRealTime,WritingResultCPUTime
0.010000228881835938,0.0,1.4399998188018799,1.46,0.000178042,0.000176,0.00387125,0.003867,0.478847,0.478232,0.0870667,0.08705
0.009999990463256836,0.0,1.4399998188018799,1.48,0.00017075,0.000169,0.00347488,0.003471,0.477919,0.477616,0.0914295,0.086156
0.009999990463256836,0.0,1.440000057220459,1.47,0.000154791,0.000153,0.00359704,0.003595,0.478328,0.478025,0.0857812,0.085578
0.019999980926513672,0.010000000000000002,1.440000057220459,1.47,0.00019025,0.000189,0.00373262,0.003717,0.478717,0.478432,0.0850594,0.08488
0.009999990463256836,0.0,1.4500000476837158,1.48,0.000165834,0.000164,0.0036575,0.003651,0.478484,0.477801,0.0849272,0.084781
Average,0.012000036239624024,0.0020000000000000005,1.4419999599456788,1.472,0.00017193339999999998,0.0001702,0.0036666580000000006,0.0036602,0.47845899999999997,0.4780212,0.0868528,0.085689
