DatalogToCPPRealTime,DatalogToCPPCPUTime,CompileRealTime,CompileCPUTime,InstanceLoadingRealTime,InstanceLoadingCPUTime,LoadingFactRealTime,LoadingFactCPUTime,QueryRealTime,QueryCPUTime,WritingResultRealTime,WritingResultCPUTime
0.009999990463256836,0.010000000000000002,1.440000057220459,1.47,0.000159542,0.000158,0.00217725,0.001354,0.041725,0.041688,0.00643779,0.005866
0.010000228881835938,0.010000000000000002,1.4499998092651367,1.47,0.000151875,0.00015,0.00127071,0.001236,0.0425255,0.042494,0.00725717,0.005906
0.009999990463256836,0.010000000000000002,1.4399998188018799,1.46,0.000150084,0.000148,0.0012885,0.001286,0.0430992,0.043037,0.00587354,0.005869
0.009999990463256836,0.010000000000000002,1.440000057220459,1.46,0.000148458,0.000146,0.00122154,0.001218,0.0420812,0.042044,0.00572958,0.005726
0.009999990463256836,0.010000000000000002,1.440000057220459,1.46,0.000152291,0.00015,0.00130842,0.001305,0.0419307,0.041887,0.00620071,0.005977
Average,0.010000038146972656,0.010000000000000002,1.4419999599456788,1.464,0.00015245,0.0001504,0.001453284,0.0012797999999999998,0.042272319999999995,0.042230000000000004,0.006299758,0.0058687999999999995
