DatalogToCPPRealTime,DatalogToCPPCPUTime,CompileRealTime,CompileCPUTime,InstanceLoadingRealTime,InstanceLoadingCPUTime,LoadingFactRealTime,LoadingFactCPUTime,QueryRealTime,QueryCPUTime,WritingResultRealTime,WritingResultCPUTime
0.009999990463256836,0.010000000000000002,1.440000057220459,1.47,0.000143208,0.000142,0.0030895,0.002358,0.180767,0.180612,0.026926,0.026867
0.009999990463256836,0.010000000000000002,1.429999828338623,1.46,0.0001475,0.000147,0.00226475,0.002262,0.180823,0.180658,0.0268655,0.026804
0.009999990463256836,0.0,1.440000057220459,1.47,0.000149083,0.000147,0.00225321,0.002247,0.182405,0.182198,0.0277259,0.026638
0.009999990463256836,0.010000000000000002,1.440000057220459,1.48,0.000144917,0.000143,0.00226312,0.002259,0.181803,0.181647,0.0264918,0.026453
0.009999990463256836,0.010000000000000002,1.4600000381469727,1.48,0.000169833,0.000166,0.00246858,0.002466,0.181416,0.181191,0.0271089,0.027072
Average,0.009999990463256836,0.008000000000000002,1.4420000076293946,1.472,0.00015090819999999999,0.000149,0.002467832,0.0023184,0.1814428,0.18126119999999998,0.027023619999999998,0.0267668
