LoadRulesRealTime,LoadRulesCPUTime,LoadFactsRealTime,LoadFactsCPUTime,QueryRealTime,QueryCPUTime,WriteRealTime,WriteCPUTime
0.00118517875671387,0.000546,0.00140094757080078,0.00073,1.09672546386719e-05,9.00000000000033e-06,0.00036501884460449213,6.300000000000057e-05
0.00119113922119141,0.000563000000000001,0.00106191635131836,0.000711999999999999,1.09672546386719e-05,9.99999999999959e-06,0.00035786628723144515,6.299999999999881e-05
0.00114893913269043,0.000549000000000001,0.0010230541229248,0.000668999999999999,1.28746032714844e-05,1.10000000000006e-05,0.00037503242492675765,6.499999999999911e-05
0.00116491317749023,0.000549000000000001,0.00102901458740234,0.000671,1.09672546386719e-05,9.99999999999959e-06,0.0003600120544433591,6.399999999999981e-05
0.00115704536437988,0.000547000000000001,0.00102806091308594,0.000673,1.09672546386719e-05,9.99999999999959e-06,0.0003640651702880861,6.600000000000011e-05
Average,0.001169443130493164,0.0005508000000000008,0.0011085987091064438,0.0006909999999999996,1.13487243652344e-05,9.99999999999994e-06,0.00036439895629882804,6.419999999999968e-05
