LoadRulesRealTime,LoadRulesCPUTime,LoadFactsRealTime,LoadFactsCPUTime,QueryRealTime,QueryCPUTime,WriteRealTime,WriteCPUTime
0.00116395950317383,0.00056,0.0012359619140625,0.000847000000000001,1.09672546386719e-05,8.99999999999859e-06,0.00036501884460449213,6.30000000000005e-05
0.00118398666381836,0.000555,0.00119686126708984,0.000831999999999999,1.09672546386719e-05,9.00000000000033e-06,0.00037097930908203114,6.399999999999977e-05
0.0011599063873291,0.000553999999999999,0.00117707252502441,0.000820000000000001,1.09672546386719e-05,8.99999999999859e-06,0.0003831386566162111,6.399999999999981e-05
0.00116896629333496,0.000552,0.00124192237854004,0.000856999999999998,1.00135803222656e-05,8.00000000000106e-06,0.00036191940307617236,6.699999999999934e-05
0.0011749267578125,0.000547000000000001,0.00118207931518555,0.000822,1.19209289550781e-05,9.00000000000033e-06,0.0003581047058105469,6.399999999999807e-05
Average,0.00117034912109375,0.0005536,0.001206779479980468,0.0008355999999999997,1.0967254638671878e-05,8.79999999999978e-06,0.0003678321838378907,6.43999999999995e-05
