LoadRulesRealTime,LoadRulesCPUTime,LoadFactsRealTime,LoadFactsCPUTime,QueryRealTime,QueryCPUTime,WriteRealTime,WriteCPUTime
0.00118589401245117,0.000557,0.000955104827880859,0.000598,1.09672546386719e-05,9.00000000000033e-06,0.0003719329833984371,6.299999999999877e-05
0.00120401382446289,0.000557999999999999,0.000937938690185547,0.000591000000000001,1.21593475341797e-05,9.00000000000033e-06,0.00034689903259277333,6.299999999999877e-05
0.00115203857421875,0.00055,0.000947952270507812,0.000596000000000001,1.09672546386719e-05,8.99999999999859e-06,0.0003628730773925781,6.700000000000111e-05
0.00117206573486328,0.000550999999999999,0.000990867614746094,0.000612,1.00135803222656e-05,9.00000000000033e-06,0.00036478042602539035,6.299999999999877e-05
0.00116801261901855,0.000551000000000001,0.000982046127319336,0.000612,1.09672546386719e-05,9.00000000000033e-06,0.00034809112548828114,6.399999999999977e-05
Average,0.001176404953002928,0.0005533999999999998,0.0009627819061279295,0.0006018000000000004,1.10149383544922e-05,8.999999999999983e-06,0.000358915328979492,6.399999999999944e-05
