LoadRulesRealTime,LoadRulesCPUTime,LoadFactsRealTime,LoadFactsCPUTime,QueryRealTime,QueryCPUTime,WriteRealTime,WriteCPUTime
0.00117611885070801,0.000544000000000001,0.000946998596191406,0.0006,1.28746032714844e-05,1.09999999999989e-05,0.0003719329833984376,6.30000000000022e-05
0.0011899471282959,0.000565,0.000948905944824219,0.000598,1.50203704833984e-05,1.20000000000016e-05,0.00035786628723144564,6.19999999999978e-05
0.00115108489990234,0.000545,0.000978946685791016,0.000598,1.40666961669922e-05,1.19999999999999e-05,0.0004420280456542968,6.500000000000081e-05
0.0011749267578125,0.000554000000000001,0.000977039337158203,0.000628999999999999,1.40666961669922e-05,1.19999999999999e-05,0.0003628730773925778,6.69999999999993e-05
0.00117301940917969,0.000546,0.000943899154663086,0.000595999999999999,1.50203704833984e-05,1.30000000000009e-05,0.0003550052642822266,6.199999999999781e-05
Average,0.001173019409179688,0.0005508000000000004,0.0009591579437255859,0.0006041999999999995,1.420974731445312e-05,1.200000000000024e-05,0.0003779411315917969,6.379999999999959e-05
