LoadRulesRealTime,LoadRulesCPUTime,LoadFactsRealTime,LoadFactsCPUTime,QueryRealTime,QueryCPUTime,WriteRealTime,WriteCPUTime
0.00116300582885742,0.000548,0.00052189826965332,0.000208999999999999,1.09672546386719e-05,9.00000000000033e-06,0.00037407875061035113,6.099999999999857e-05
0.00115704536437988,0.000548000000000002,0.000527858734130859,0.000206999999999999,1.09672546386719e-05,8.00000000000106e-06,0.0003631114959716801,6.499999999999903e-05
0.00115394592285156,0.000549000000000001,0.000542163848876953,0.00021,1.09672546386719e-05,7.99999999999933e-06,0.00036501884460449213,6.400000000000157e-05
0.0011599063873291,0.000557999999999999,0.000514030456542969,0.000203,1.09672546386719e-05,9.00000000000033e-06,0.00035214424133300814,6.199999999999957e-05
0.00116395950317383,0.000547000000000001,0.000531911849975586,0.000203,1.00135803222656e-05,7.99999999999933e-06,0.00037288665771484337,6.699999999999938e-05
Average,0.001159572601318358,0.0005500000000000006,0.0005275726318359373,0.0002063999999999996,1.077651977539064e-05,8.400000000000077e-06,0.000365447998046875,6.379999999999963e-05
