environment,cpu_time,size,position,factor
mariadb,0.00013479999999999048,400,1,
cockroachdb,0.00013574999999999005,400,2,100.70474777448044
postgres,0.00020734999999996728,400,3,152.7440147329521
neo4j,0.000951200000000263,400,4,458.74125874145795
duckdb,1.07246245,400,5,112748.3652228452
xsb,1.2999755,400,6,121.21408073541409
