environment,real_time,size,position,factor
neo4j,0.0317545524999332,200,1,
duckdb,0.06350871049994566,200,2,199.99875765869876
xsb,0.158581495285034,200,3,249.70038603628976
postgres,0.33363630900009866,200,4,210.38791972570414
cockroachdb,0.6904097135000029,200,5,206.93482539989336
mariadb,0.8952786479999304,200,6,129.6735301508655
