LoadRulesRealTime,LoadRulesCPUTime,LoadFactsRealTime,LoadFactsCPUTime,GroundRealTime,GroundCPUTime,QueryRealTime,QueryCPUTime,WriteRealTime,WriteCPUTime
0.0,0.0,0.0,0.0,0.3900001049041748,0.39,0.009999990463256836,0.0,-0.009999990463256836,0.0
0.009999990463256836,0.0,0.0,0.0,0.3900001049041748,0.4,0.009999990463256836,0.010000000000000009,-0.009999990463256836,-0.010000000000000009
0.0,0.0,0.0,0.0,0.37999987602233887,0.38,0.009999990463256836,0.0,-0.009999990463256836,0.02000000000000001
0.0,0.0,0.0,0.0,0.3899998664855957,0.4,0.009999990463256836,0.0,-0.009999990463256836,0.0
0.0,0.0,0.0,0.0,0.3900001049041748,0.38,0.0,0.02000000000000001,0.009999990463256836,-0.02000000000000001
Average,0.0019999980926513673,0.0,0.0,0.0,0.3880000114440918,0.38999999999999996,0.007999992370605469,0.006000000000000004,-0.005999994277954101,-0.0020000000000000018
