LoadRulesRealTime,LoadRulesCPUTime,LoadFactsRealTime,LoadFactsCPUTime,GroundRealTime,GroundCPUTime,QueryRealTime,QueryCPUTime,WriteRealTime,WriteCPUTime
0.0,0.0,0.0,0.0,0.23000001907348633,0.23,0.0,0.009999999999999953,0.0,-0.009999999999999953
0.0,0.0,0.0,0.0,0.23000001907348633,0.23,0.0,0.0,0.0,0.0
0.0,0.0,0.0,0.0,0.23000001907348633,0.23,0.0,0.009999999999999953,0.0,-0.009999999999999953
0.0,0.0,0.0,0.0,0.24000000953674316,0.23999999999999996,0.0,0.0,0.0,0.0
0.0,0.0,0.0,0.0,0.23000001907348633,0.23999999999999996,0.009999990463256836,0.0,-0.009999990463256836,0.0
Average,0.0,0.0,0.0,0.0,0.2320000171661377,0.23399999999999999,0.0019999980926513673,0.003999999999999981,-0.0019999980926513673,-0.003999999999999981
