CreateTableRealTime,CreateTableCPUTime,LoadDataRealTime,LoadDataCPUTime,CreateIndexRealTime,CreateIndexCPUTime,AnalyzeRealTime,AnalyzeCPUTime,ExecuteQueryRealTime,ExecuteQueryCPUTime,WriteResultRealTime,WriteResultCPUTime
0.021077374985907227,3.4000000000034e-05,1.4899446250055917,0.01543,0.17369770898949355,0.00020799999999998597,0.0018303749966435134,0.00015199999999998548,13.78670608298853,0.000130000000000019,0.04174187500029802,0.00013999999999997348
0.019919208018109202,4.900000000002125e-05,1.4952627919847146,0.01680100000000001,0.17244154098443687,0.00018699999999999273,0.0018695000326260924,0.00020599999999998397,13.81689895800082,0.00017099999999997673,0.042846666008699685,0.00015500000000001624
0.019966541964095086,8.099999999999774e-05,1.5012156250304542,0.01629799999999998,0.1648767919978127,0.00032199999999998896,0.001980750006623566,0.00024400000000002198,13.810827083012555,0.000132000000000021,0.042734708986245096,0.00014199999999997548
0.017838708008639514,3.300000000000525e-05,1.4772714580176398,0.016224000000000016,0.1692240420379676,0.000138000000000027,0.001854292000643909,0.00019500000000000073,13.82852808397729,0.00019400000000002748,0.04786387499189004,0.00015100000000001224
0.018982250010594726,7.299999999998974e-05,1.4720382500090636,0.016444000000000014,0.1682772079948336,0.00017499999999998073,0.001987458032090217,0.0002550000000000052,13.819259708980098,0.00019200000000002548,0.04256866598734632,0.00016700000000002824
Average,0.01955681659746915,5.400000000000959e-05,1.4871465500094927,0.016239400000000005,0.16970345840090886,0.0002059999999999951,0.0019044750137254597,0.00021039999999999948,13.812443983391859,0.00016380000000001393,0.043551158194895835,0.00015100000000000112
