CreateTableRealTime,CreateTableCPUTime,LoadDataRealTime,LoadDataCPUTime,CreateIndexRealTime,CreateIndexCPUTime,AnalyzeRealTime,AnalyzeCPUTime,ExecuteQueryRealTime,ExecuteQueryCPUTime,WriteResultRealTime,WriteResultCPUTime
0.016453804999855492,0.00010280000000001399,0.3553864900000008,0.0005146000000000317,0.09765595399994709,0.00014019999999997923,0.006509152000035101,0.00014219999999998123,3.9432013270002244,0.00014399999999997748,0.030329777000133618,0.00013870000000004712
0.02616027000021859,0.00016649999999995835,0.40780061600025874,0.0005771999999999999,0.11482705800017357,0.00016050000000000786,0.0057764270000006945,0.00018889999999999185,4.004660178999984,0.0001256000000000035,0.03234781499986639,0.00011559999999999349
Average,0.02130703750003704,0.00013464999999998617,0.38159355300012976,0.0005459000000000158,0.10624150600006033,0.00015034999999999354,0.006142789500017898,0.00016554999999998654,3.9739307530001042,0.00013479999999999048,0.031338796,0.0001271500000000203
