CreateTableRealTime,CreateTableCPUTime,LoadDataRealTime,LoadDataCPUTime,CreateIndexRealTime,CreateIndexCPUTime,AnalyzeRealTime,AnalyzeCPUTime,ExecuteQueryRealTime,ExecuteQueryCPUTime,WriteResultRealTime,WriteResultCPUTime
0.019009208015631884,8.299999999999974e-05,0.04761729098390788,0.00016599999999999948,0.040284916991367936,5.900000000003125e-05,0.0015771660255268216,5.499999999997174e-05,0.08095733297523111,8.900000000000574e-05,0.001239792036358267,0.00013900000000000023
0.02002270898083225,9.700000000001374e-05,0.05953145900275558,0.00013799999999997148,0.038212791027035564,3.300000000000525e-05,0.0011303339852020144,4.700000000001925e-05,0.07179183297557756,6.899999999998574e-05,0.0009891670197248459,0.00013299999999999423
0.016353917017113417,6.699999999998374e-05,0.058396417007315904,0.000132000000000021,0.04011983302189037,2.799999999997249e-05,0.0014245419879443944,6.699999999998374e-05,0.06932725000660866,0.00014500000000000624,0.0010058750049211085,0.00012200000000001099
0.019885374989826232,8.60000000000305e-05,0.061510125000495464,0.00014199999999997548,0.038292040990199894,3.500000000000725e-05,0.0011731249978765845,5.700000000002925e-05,0.07385466701816767,7.099999999998774e-05,0.0010181660181842744,0.00012599999999995948
0.019073624978773296,7.099999999998774e-05,0.05982941697584465,0.00013599999999996948,0.03597479098243639,2.599999999997049e-05,0.0009867080370895565,3.900000000001125e-05,0.06570945796556771,6.699999999998374e-05,0.0010102500091306865,0.00015599999999998948
Average,0.018868966796435415,8.080000000000309e-05,0.0573769417940639,0.00014279999999998737,0.038576874602586034,3.619999999999734e-05,0.0012583750067278743,5.300000000000304e-05,0.07232810818823054,8.819999999999384e-05,0.0010526500176638366,0.00013519999999999087
