CreateTableRealTime,CreateTableCPUTime,LoadDataRealTime,LoadDataCPUTime,CreateIndexRealTime,CreateIndexCPUTime,AnalyzeRealTime,AnalyzeCPUTime,ExecuteQueryRealTime,ExecuteQueryCPUTime,WriteResultRealTime,WriteResultCPUTime
0.019920833001378924,7.00000000000145e-05,0.8525076250080019,0.009633000000000003,0.10986716602928936,0.00016699999999997273,0.0018257920164614916,0.00016099999999996673,5.251249166962225,0.00012500000000004174,0.024193499993998557,0.00015900000000002024
0.0179314169799909,8.900000000000574e-05,0.8496562920045108,0.008927999999999991,0.48281112499535084,0.00021000000000004349,0.0018220420461148024,0.000160000000000049,5.24962262500776,0.00022899999999997922,0.02414166700327769,0.00016599999999999948
0.01998187502613291,6.80000000000125e-05,0.848124792042654,0.009489000000000025,0.10731733398279175,0.00022100000000002673,0.002127500018104911,0.0002809999999999757,5.249675000028219,0.00019599999999997397,0.024166167015209794,0.00018099999999998673
0.018012499960605055,0.00012700000000004374,0.859119750035461,0.00954499999999997,0.10345308296382427,0.00014599999999997948,0.001993292011320591,0.00024299999999999322,5.282311124959961,0.00015399999999998748,0.02457637496991083,0.00013900000000000023
0.017799541994463652,7.00000000000145e-05,0.8495786669664085,0.009675999999999962,0.4636495839804411,0.00015399999999998748,0.0018160420004278421,0.00016399999999999748,5.231466416968033,0.00018800000000002148,0.024067250022199005,0.00014500000000000624
Average,0.01872923339251429,8.480000000001819e-05,0.8517974252114072,0.00945419999999999,0.2534196583903395,0.00017960000000000198,0.0019169336184859276,0.00020179999999999642,5.25286486678524,0.00017840000000000079,0.024228991800919177,0.0001580000000000026
