CreateTableRealTime,CreateTableCPUTime,LoadDataRealTime,LoadDataCPUTime,CreateIndexRealTime,CreateIndexCPUTime,AnalyzeRealTime,AnalyzeCPUTime,ExecuteQueryRealTime,ExecuteQueryCPUTime,WriteResultRealTime,WriteResultCPUTime
0.01561572700029501,0.0001362999999999781,0.27166605799993704,0.00044679999999996944,0.04381406099992091,0.00014990000000003612,0.008224674999837589,0.00014300000000000423,0.8187147990001904,0.00012729999999999686,0.013454090000323049,0.0001734999999999931
0.020685833000243292,0.00016089999999996385,0.27684166000017285,0.0002785999999999622,0.059383685999819136,0.00011259999999996273,0.004746651000004931,0.00014490000000000336,0.9777230630002123,0.0001536000000000315,0.010120420000021113,0.00015940000000003174
Average,0.01815078000026915,0.00014859999999997098,0.27425385900005494,0.00036269999999996583,0.051598873499870024,0.00013124999999999942,0.00648566299992126,0.0001439500000000038,0.8982189310002013,0.00014045000000001417,0.011787255000172081,0.00016645000000001242
