CreateTableRealTime,CreateTableCPUTime,LoadDataRealTime,LoadDataCPUTime,CreateIndexRealTime,CreateIndexCPUTime,AnalyzeRealTime,AnalyzeCPUTime,ExecuteQueryRealTime,ExecuteQueryCPUTime,WriteResultRealTime,WriteResultCPUTime
0.009999997913837433,0.0,0.33000000566244125,0.0,0.06999999284744263,0.0,0.0,0.0,2.4500000029802322,0.0,0.020000003278255463,0.0
0.009999997913837433,0.0,0.3500000014901161,0.0,0.07999999821186066,0.0,0.01000000536441803,0.0,2.389999993145466,0.0,0.020000003278255463,0.0
0.01000000536441803,0.0,0.32999999821186066,0.0,0.07000000029802322,0.0,0.0,0.0,2.4200000017881393,0.0,0.019999995827674866,0.0
Average,0.010000000397364298,0.0,0.33666666845480603,0.0,0.07333333045244217,0.0,0.0033333351214726767,0.0,2.4199999993046126,0.0,0.020000000794728596,0.0
