CreateTableRealTime,CreateTableCPUTime,LoadDataRealTime,LoadDataCPUTime,CreateIndexRealTime,CreateIndexCPUTime,AnalyzeRealTime,AnalyzeCPUTime,ExecuteQueryRealTime,ExecuteQueryCPUTime,WriteResultRealTime,WriteResultCPUTime
0.01999537501251325,4.599999999999049e-05,0.4077015000511892,0.003143000000000007,0.06779654102865607,0.00017699999999998273,0.0019368749926798046,0.00018099999999998673,1.765673791989684,0.00013999999999997348,0.011028208013158292,0.00011800000000000699
0.019132332992739975,5.6000000000000494e-05,0.4136352500063367,0.003697999999999979,0.06439087499165908,0.00020999999999998797,0.0018712090095505118,0.00020799999999998597,1.7638748330064118,0.00011300000000002974,0.01089237496489659,0.00012699999999998823
0.017687000043224543,6.099999999997774e-05,0.41104724997421727,0.003786999999999985,0.06417779199546203,0.00017700000000003824,0.0017452500178478658,0.00014100000000000223,1.763642375008203,0.00018899999999999473,0.011033667018637061,0.00014300000000000423
0.016061707981862128,6.899999999998574e-05,0.40744849998736754,0.0034170000000000034,0.06690695800352842,0.00019099999999999673,0.001829334010835737,0.00012500000000004174,1.7904449590132572,0.00021999999999999797,0.010935333964880556,0.00017499999999998073
0.016932957980316132,6.0000000000004494e-05,0.41606279101688415,0.003528000000000031,0.0666344579658471,0.000258000000000036,0.0019229589961469173,0.00017899999999998473,1.76662337500602,0.00015499999999996072,0.01085295801749453,0.00011899999999998023
Average,0.017961874802131204,5.839999999999179e-05,0.41117905820719897,0.003514600000000001,0.06598132479703053,0.00020260000000000834,0.0018611254054121673,0.0001668000000000003,1.7700518668047152,0.00016339999999999134,0.010948508395813406,0.0001363999999999921
