CreateTableRealTime,CreateTableCPUTime,LoadDataRealTime,LoadDataCPUTime,CreateIndexRealTime,CreateIndexCPUTime,AnalyzeRealTime,AnalyzeCPUTime,ExecuteQueryRealTime,ExecuteQueryCPUTime,WriteResultRealTime,WriteResultCPUTime
0.01899154100101441,6.80000000000125e-05,0.14095179201103747,0.0005339999999999789,0.03659824997885153,0.00018999999999996797,0.0014574580127373338,0.00022299999999997322,0.2657126249978319,0.00017500000000003624,0.0027926660259254277,0.00012100000000003774
0.01987308298703283,6.100000000003325e-05,0.1405033339979127,0.0005880000000000329,0.03627279197098687,0.00018700000000004824,0.0013242500135675073,0.000138000000000027,0.2612059580278583,0.00010499999999996623,0.003030791995115578,0.00011200000000000099
0.018054959014989436,6.899999999998574e-05,0.13186879100976512,0.0002590000000000092,0.03878150001401082,2.799999999997249e-05,0.001248332962859422,3.100000000000325e-05,0.2631100839935243,6.299999999997974e-05,0.002862249966710806,0.00013699999999999823
0.017008583003189415,9.100000000000774e-05,0.13843854097649455,0.00046200000000001795,0.04107704100897536,0.000128000000000017,0.001430500007700175,0.00018300000000004424,0.2642382910125889,0.00016099999999996673,0.002911958028562367,0.00016500000000002624
0.016842834011185914,7.099999999998774e-05,0.1402902920381166,0.0005949999999999567,0.038367750006727874,0.00014900000000001024,0.0014643340255133808,0.00021499999999996522,0.26716708298772573,0.00018199999999995997,0.002757708018179983,8.500000000000174e-05
Average,0.0181542000034824,7.20000000000054e-05,0.1384105500066653,0.00048759999999999917,0.03821946659591049,0.00013640000000000318,0.0013849750044755637,0.0001580000000000026,0.2642868082039058,0.00013719999999998179,0.0028710748068988324,0.000124000000000013
