CreateTableRealTime,CreateTableCPUTime,LoadDataRealTime,LoadDataCPUTime,CreateIndexRealTime,CreateIndexCPUTime,AnalyzeRealTime,AnalyzeCPUTime,ExecuteQueryRealTime,ExecuteQueryCPUTime,WriteResultRealTime,WriteResultCPUTime
0.02084079204360023,6.699999999998374e-05,0.24736383400158957,0.002035000000000009,0.05099112499738112,0.00019600000000002948,0.0022875829599797726,0.00021900000000002473,0.6745011669700034,0.00018499999999999073,0,0
0.020871250017080456,6.500000000003725e-05,0.2496278749895282,0.001900999999999986,0.04874541697790846,0.00014799999999998148,0.002114583970978856,0.00017100000000003224,0.6687083339784294,0.00011800000000000699,0,0
0.01889158395351842,5.699999999997374e-05,0.24806899996474385,0.0018369999999999775,0.05777108401525766,0.00019000000000002348,0.002353415999095887,0.00019399999999997197,0.6753774999524467,0.00014300000000000423,0,0
0.020689915982075036,7.00000000000145e-05,0.25024799996754155,0.001921000000000006,0.04785520798759535,0.00016399999999999748,0.0021808340097777545,0.00022900000000003473,0.6979224579990841,0.000128000000000017,0,0
0.023360541032161564,8.999999999997899e-05,0.24556287500308827,0.0018239999999999923,0.048192290996667,0.00020500000000001073,0.0022429159726016223,0.00022699999999997722,0.6958801659638993,0.00018099999999998673,0,0
Average,0.02093081660568714,6.979999999999764e-05,0.24817431678529828,0.0019035999999999942,0.05071102499496192,0.00018060000000000854,0.0022358665824867784,0.00020800000000000817,0.6824779249727726,0.00015100000000000112,0.0,0.0
