CreateTableRealTime,CreateTableCPUTime,LoadDataRealTime,LoadDataCPUTime,CreateIndexRealTime,CreateIndexCPUTime,AnalyzeRealTime,AnalyzeCPUTime,ExecuteQueryRealTime,ExecuteQueryCPUTime,WriteResultRealTime,WriteResultCPUTime
0.02018868699997256,0.00013730000000000686,0.030941526999868074,0.00032640000000006,0.051415301999895746,0.00015449999999994635,0.004559625000183587,0.0001516000000000295,0.05089662700038389,0.00013340000000006125,0.0011047049997614522,0.00013859999999998873
0.017301010000210226,0.00012080000000003199,0.022527339999669493,0.0002610000000000112,0.04653774300004443,0.00012970000000001036,0.004409471000144549,0.0001739000000000046,0.0467553210000915,0.0001318999999999626,0.0012378390001686057,0.00016209999999999836
Average,0.018744848500091393,0.00012905000000001943,0.026734433499768784,0.0002937000000000356,0.04897652249997009,0.00014209999999997835,0.004484548000164068,0.00016275000000001705,0.04882597400023769,0.00013265000000001193,0.001171271999965029,0.00015034999999999354
