environment,cpu_time,size,position,factor
xsb,9.850000000000135e-05,400,1,
postgres,0.00012535000000002405,400,2,127.25888324875363
mariadb,0.00016804999999997516,400,3,134.06461906656796
cockroachdb,0.00020375000000000254,400,4,121.24367747696081
neo4j,0.0007878999999998415,400,5,386.69938650298485
duckdb,0.0041717,400,6,529.4707450185099
