CreateTableRealTime,CreateTableCPUTime,LoadDataRealTime,LoadDataCPUTime,CreateIndexRealTime,CreateIndexCPUTime,AnalyzeRealTime,AnalyzeCPUTime,ExecuteQueryRealTime,ExecuteQueryCPUTime,WriteResultRealTime,WriteResultCPUTime
0.030000001192092896,0.0,0.46000000089406967,0.0,0.8399999961256981,0.0,0.2199999988079071,0.0,0.3500000014901161,0.0,0.020000003278255463,0.0
0.0299999937415123,0.0,0.3999999985098839,0.0,0.7800000011920929,0.0,0.22999999672174454,0.0,0.32999999821186066,0.0,0.030000001192092896,0.0
0.030000001192092896,0.0,0.4099999964237213,0.0,0.8100000023841858,0.0,0.22999999672174454,0.0,0.380000002682209,0.0,0.030000001192092896,0.0
Average,0.02999999870856603,0.0,0.4233333319425583,0.0,0.809999999900659,0.0,0.22666666408379874,0.0,0.35333333412806195,0.0,0.026666668554147083,0.0
