CreateTableRealTime,CreateTableCPUTime,LoadDataRealTime,LoadDataCPUTime,CreateIndexRealTime,CreateIndexCPUTime,AnalyzeRealTime,AnalyzeCPUTime,ExecuteQueryRealTime,ExecuteQueryCPUTime,WriteResultRealTime,WriteResultCPUTime
0.020683250040747225,6.699999999998374e-05,0.29476029198849574,0.0002869999999999817,0.553337833029218,0.00032399999999999096,0.1910098750377074,0.00032199999999998896,0.20300687500275671,0.0002829999999999777,0.017090958019252867,0.00033400000000000096
0.020775917044375092,6.80000000000125e-05,0.2906815829919651,0.00039400000000000546,0.5708543750224635,0.0007260000000000044,0.1626837920048274,0.0002670000000000172,0.26615812501404434,0.00019099999999999673,0.019386583007872105,0.00032399999999999096
0.02011774998391047,8.599999999997499e-05,0.29521283303620294,0.00039000000000000146,0.5339409579755738,0.00034200000000000896,0.17577158397762105,0.00019600000000002948,0.2068635419709608,0.00028000000000000247,0.019625459040980786,0.0003350000000000297
0.02041141700465232,7.899999999999574e-05,0.27896391600370407,0.0002649999999999597,0.5231687090126798,0.0003549999999999942,0.15631674998439848,0.0002869999999999817,0.26107254199450836,0.00022799999999995046,0.019471875042654574,0.0003529999999999922
0.02160962502239272,7.00000000000145e-05,0.290204040997196,0.0003289999999999682,0.5622753750067204,0.0005209999999999937,0.1809349589748308,0.00025399999999997647,0.20126399997388944,0.00026200000000004,0.021007250004913658,0.0003529999999999922
Average,0.020719591819215566,7.39999999999963e-05,0.28996453300351277,0.0003329999999999833,0.5487154500093311,0.00045359999999999845,0.17334339199587703,0.00026519999999999875,0.22767301679123192,0.00024879999999999347,0.019316425023134798,0.0003398000000000012
