CreateTableRealTime,CreateTableCPUTime,LoadDataRealTime,LoadDataCPUTime,CreateIndexRealTime,CreateIndexCPUTime,AnalyzeRealTime,AnalyzeCPUTime,ExecuteQueryRealTime,ExecuteQueryCPUTime,WriteResultRealTime,WriteResultCPUTime
0.027351769999768294,0.00022810000000006436,0.4447264910004378,0.00033490000000002684,0.8387908949998746,0.0003174999999999706,0.24835901400001603,0.00023560000000000247,0.3814092509992406,0.00019809999999997885,0.03080901700013783,0.00023719999999993746
0.031897245999971346,0.0002881999999999607,0.45494534200042835,0.0002499000000000251,0.8395777469995664,0.00023819999999996622,0.25097706799988373,0.00020609999999998685,0.38384829300048295,0.0002463000000000326,0.03536206900025718,0.00020449999999994084
Average,0.02962450799986982,0.00025815000000001254,0.4498359165004331,0.00029240000000002597,0.8391843209997205,0.0002778499999999684,0.24966804099994988,0.00022084999999999466,0.3826287719998618,0.00022220000000000573,0.033085543000197504,0.00022084999999993915
