CreateTableRealTime,CreateTableCPUTime,LoadDataRealTime,LoadDataCPUTime,CreateIndexRealTime,CreateIndexCPUTime,AnalyzeRealTime,AnalyzeCPUTime,ExecuteQueryRealTime,ExecuteQueryCPUTime,WriteResultRealTime,WriteResultCPUTime
0.03841259599994373,0.00029119999999993595,0.43381095899985667,0.00023890000000004186,0.8207578789997569,0.0002558999999999756,0.2651176260005741,0.00022169999999999135,0.38988508300008107,0.00022210000000000285,0.03146764099983557,0.0002594000000000207
0.02965254799983086,0.00023340000000005023,0.41630698300014046,0.00027370000000004335,0.9461329450004996,0.00031360000000002497,0.2509459650000281,0.0003533999999999482,0.41117095000026893,0.000200000000000089,0.03243744199971843,0.00021460000000006474
Average,0.034032571999887296,0.0002622999999999931,0.42505897099999856,0.0002563000000000426,0.8834454120001283,0.0002847500000000003,0.2580317955003011,0.0002875499999999698,0.400528016500175,0.00021105000000004592,0.031952541499777,0.00023700000000004273
