CreateTableRealTime,CreateTableCPUTime,LoadDataRealTime,LoadDataCPUTime,CreateIndexRealTime,CreateIndexCPUTime,AnalyzeRealTime,AnalyzeCPUTime,ExecuteQueryRealTime,ExecuteQueryCPUTime,WriteResultRealTime,WriteResultCPUTime
0.027089979000265885,0.00021930000000003336,0.4635172509997574,0.0002545999999999937,0.8828606799997942,0.00023610000000007236,0.314341493000029,0.00018540000000000223,0.35072172400032287,0.00019519999999995097,0.028721450000375626,0.0002014999999999656
0.027793674999884388,0.00015169999999997685,0.4147456049995526,0.00029329999999994083,0.844428448999679,0.00022259999999996172,0.253249541000514,0.00021300000000001873,0.3819481259997701,0.00020489999999995234,0.026269496999702824,0.0002572999999999048
Average,0.027441827000075136,0.0001855000000000051,0.439131427999655,0.0002739499999999673,0.8636445644997366,0.00022935000000001704,0.2837955170002715,0.00019920000000001048,0.3663349250000465,0.00020004999999995166,0.027495473500039225,0.0002293999999999352
