CreateTableRealTime,CreateTableCPUTime,LoadDataRealTime,LoadDataCPUTime,CreateIndexRealTime,CreateIndexCPUTime,AnalyzeRealTime,AnalyzeCPUTime,ExecuteQueryRealTime,ExecuteQueryCPUTime,WriteResultRealTime,WriteResultCPUTime
0.019999995827674866,0.0,0.2800000011920929,0.0,0.5900000035762787,0.0,0.1899999976158142,0.0,0.2800000011920929,0.0,0.020000003278255463,0.0
0.020000003278255463,0.0,0.30000000447034836,0.0,0.6400000005960464,0.0,0.17000000178813934,0.0,0.25999999791383743,0.0,0.030000001192092896,0.0
0.009999997913837433,0.0,0.35999999940395355,0.0,0.7900000065565109,0.0,0.23999999463558197,0.0,0.380000002682209,0.0,0.019999995827674866,0.0
Average,0.01666666567325592,0.0,0.3133333350221316,0.0,0.6733333369096121,0.0,0.1999999980131785,0.0,0.30666666726271313,0.0,0.023333333432674408,0.0
