CreateTableRealTime,CreateTableCPUTime,LoadDataRealTime,LoadDataCPUTime,CreateIndexRealTime,CreateIndexCPUTime,AnalyzeRealTime,AnalyzeCPUTime,ExecuteQueryRealTime,ExecuteQueryCPUTime,WriteResultRealTime,WriteResultCPUTime
0.014938666019588709,6.900000000004125e-05,0.275447791966144,0.0003010000000000512,0.5332892910228111,0.00017899999999998473,0.17590704199392349,7.799999999996698e-05,0.2087259580148384,6.099999999997774e-05,0.01647308300016448,0.00011200000000000099
0.020535083021968603,0.00010599999999999499,0.27308104099938646,0.00035400000000002096,0.5786318330210634,0.0003150000000000097,0.1650946669979021,0.000126000000000015,0.21189254196360707,9.399999999998299e-05,0.016663042013533413,0.00013299999999999423
0.023615666024852544,8.20000000000265e-05,0.266195708012674,0.00017100000000003224,0.5566718339687213,0.00021099999999996122,0.171281665971037,0.00015300000000001424,0.20868525002151728,0.00017200000000000548,0.016956750012468547,0.00020500000000001073
0.01579091598978266,6.500000000003725e-05,0.28232087497599423,0.00014199999999997548,0.5551449999911711,0.00024199999999996447,0.16753616597270593,0.00013499999999999623,0.248611000017263,0.00015499999999996072,0.015244166017509997,0.00018400000000001748
0.015280042018275708,6.0000000000004494e-05,0.2606236669817008,0.00031399999999998096,0.5473842079518363,0.00023000000000000798,0.16564629098866135,0.000128000000000017,0.20931087504141033,0.000134000000000023,0.017103291989769787,0.00017599999999995397
Average,0.018032074614893645,7.64000000000209e-05,0.2715338165871799,0.0002564000000000122,0.5542244331911206,0.0002353999999999856,0.16909316638484598,0.00012400000000000188,0.21744512501172722,0.00012319999999998998,0.016488066606689243,0.00016199999999999548
