CreateTableRealTime,CreateTableCPUTime,LoadDataRealTime,LoadDataCPUTime,CreateIndexRealTime,CreateIndexCPUTime,AnalyzeRealTime,AnalyzeCPUTime,ExecuteQueryRealTime,ExecuteQueryCPUTime,WriteResultRealTime,WriteResultCPUTime
0.030000001192092896,0.0,0.35999999940395355,0.0,0.7199999988079071,0.0,0.21000000089406967,0.0,0.25,0.0,0.030000001192092896,0.0
0.020000003278255463,0.0,0.3200000002980232,0.0,0.630000002682209,0.0,0.19999999552965164,0.020000000000000004,0.35999999940395355,0.0,0.020000003278255463,0.0
0.019999995827674866,0.0,0.3500000014901161,0.0,0.6799999997019768,0.0,0.20000000298023224,0.0,0.28999999910593033,0.0,0.030000001192092896,0.0
Average,0.023333333432674408,0.0,0.34333333373069763,0.0,0.676666667064031,0.0,0.20333333313465118,0.006666666666666668,0.29999999950329465,0.0,0.026666668554147083,0.0
