CreateTableRealTime,CreateTableCPUTime,LoadDataRealTime,LoadDataCPUTime,CreateIndexRealTime,CreateIndexCPUTime,AnalyzeRealTime,AnalyzeCPUTime,ExecuteQueryRealTime,ExecuteQueryCPUTime,WriteResultRealTime,WriteResultCPUTime
0.030000001192092896,0.0,0.39000000059604645,0.0,0.9100000038743019,0.0,0.23999999463558197,0.0,0.32999999821186066,0.0,0.030000001192092896,0.0
0.020000003278255463,0.0,0.4099999964237213,0.0,1.0,0.0,0.2199999988079071,0.0,0.380000002682209,0.0,0.019999995827674866,0.0
0.030000001192092896,0.0,0.39000000059604645,0.0,1.5500000044703484,0.0,0.22999999672174454,0.0,0.29999999701976776,0.0,0.020000003278255463,0.0
Average,0.026666668554147083,0.0,0.39666666587193805,0.0,1.1533333361148834,0.0,0.22999999672174454,0.0,0.33666666597127914,0.0,0.023333333432674408,0.0
