CreateTableRealTime,CreateTableCPUTime,LoadDataRealTime,LoadDataCPUTime,CreateIndexRealTime,CreateIndexCPUTime,AnalyzeRealTime,AnalyzeCPUTime,ExecuteQueryRealTime,ExecuteQueryCPUTime,WriteResultRealTime,WriteResultCPUTime
0.020000003278255463,0.0,0.25999999791383743,0.0,0.6099999994039536,0.0,0.17000000178813934,0.0,0.2799999937415123,0.0,0.030000001192092896,0.0
0.020000003278255463,0.0,0.25999999791383743,0.0,0.6400000005960464,0.0,0.1900000050663948,0.0,0.23999999463558197,0.0,0.020000003278255463,0.0
0.01000000536441803,0.0,0.2800000011920929,0.0,0.6299999952316284,0.0,0.1900000050663948,0.0,0.2800000011920929,0.0,0.0299999937415123,0.0
Average,0.01666667064030965,0.0,0.2666666656732559,0.0,0.6266666650772095,0.0,0.18333333730697632,0.0,0.26666666318972904,0.0,0.02666666607062022,0.0
