CreateTableRealTime,CreateTableCPUTime,LoadDataRealTime,LoadDataCPUTime,CreateIndexRealTime,CreateIndexCPUTime,AnalyzeRealTime,AnalyzeCPUTime,ExecuteQueryRealTime,ExecuteQueryCPUTime,WriteResultRealTime,WriteResultCPUTime
0.026415333999466384,0.00022569999999999535,0.4189106769999853,0.00031930000000002234,0.8912430190002851,0.00025529999999995834,0.2650170959996103,0.0002891000000000421,0.4387922340001751,0.00018859999999998323,0.027487106999615207,0.00027369999999993233
0.025158006000310706,0.00022940000000004623,0.39595342200027517,0.0002874999999999961,0.7790811310005665,0.00023980000000001223,0.24924993800050288,0.0002006999999999426,0.34370905499963555,0.0002902000000000182,0.032497176000106265,0.0002890999999999311
Average,0.025786669999888545,0.0002275500000000208,0.40743204950013023,0.0003034000000000092,0.8351620750004258,0.0002475499999999853,0.2571335170000566,0.00024489999999999235,0.3912506444999053,0.00023940000000000072,0.029992141499860736,0.0002813999999999317
