CreateTableRealTime,CreateTableCPUTime,LoadDataRealTime,LoadDataCPUTime,CreateIndexRealTime,CreateIndexCPUTime,AnalyzeRealTime,AnalyzeCPUTime,ExecuteQueryRealTime,ExecuteQueryCPUTime,WriteResultRealTime,WriteResultCPUTime
0.03142810200006352,0.0001910999999999996,0.5584384639996642,0.00033369999999999234,0.9065838209999129,0.00029009999999995983,0.25504276900028344,0.00016369999999998885,0.4098510370004078,0.0002075000000000271,0.031511375999798474,0.00023770000000000735
0.024356658000215248,0.00021249999999994884,0.3943439210006545,0.0002754999999999841,0.8247165460006727,0.00026460000000005923,0.25432709899996553,0.0002774999999999306,0.3125988960000541,0.00022330000000003736,0.033203750000211585,0.0002798999999999996
Average,0.027892380000139383,0.00020179999999997422,0.4763911925001594,0.0003045999999999882,0.8656501835002928,0.00027735000000000953,0.2546849340001245,0.00022059999999995972,0.36122496650023095,0.00021540000000003223,0.03235756300000503,0.00025880000000000347
