CreateTableRealTime,CreateTableCPUTime,LoadDataRealTime,LoadDataCPUTime,CreateIndexRealTime,CreateIndexCPUTime,AnalyzeRealTime,AnalyzeCPUTime,ExecuteQueryRealTime,ExecuteQueryCPUTime,WriteResultRealTime,WriteResultCPUTime
0.015885874978266656,8.00000000000245e-05,0.2698934590443969,0.00016199999999999548,0.5459503750316799,0.00018499999999999073,0.1716433339752257,0.00016100000000002224,0.2335379999713041,0.000128000000000017,0.019747041980735958,0.00017600000000000948
0.01678183302283287,5.6000000000000494e-05,0.30469704198185354,0.0002489999999999992,0.5413653330178931,0.00018799999999996597,0.17461233399808407,0.00010699999999996823,0.2647521250182763,0.00015300000000001424,0.0210196670377627,0.00021900000000002473
0.025379500002600253,8.700000000000374e-05,0.30401274998439476,0.0003869999999999707,0.5457013340201229,0.00021100000000001673,0.16530758299631998,0.00012000000000000899,0.2609430000302382,5.8000000000002494e-05,0.018842166988179088,8.80000000000325e-05
0.017432749969884753,5.6000000000000494e-05,0.2783250409993343,0.00020200000000003548,0.5710969160427339,0.0003210000000000157,0.1769374170107767,0.00019200000000002548,0.26689766603522,0.00020400000000003748,0.01835454098181799,0.0002569999999999517
0.026761332992464304,5.3999999999998494e-05,0.3145281670149416,0.0003070000000000017,0.5824238329660147,0.00036199999999997345,0.17328183399513364,0.00023000000000000798,0.21939120796741918,0.00014799999999998148,0.018897750007454306,0.00012599999999995948
Average,0.020448258193209768,6.660000000000555e-05,0.2942912918049842,0.0002614000000000005,0.5573075582156889,0.0002533999999999925,0.17235650039510803,0.0001620000000000066,0.24910439980449156,0.00013820000000001054,0.01937223339919001,0.0001731999999999956
