CreateTableRealTime,CreateTableCPUTime,LoadDataRealTime,LoadDataCPUTime,CreateIndexRealTime,CreateIndexCPUTime,AnalyzeRealTime,AnalyzeCPUTime,ExecuteQueryRealTime,ExecuteQueryCPUTime,WriteResultRealTime,WriteResultCPUTime
0.01600300002610311,5.6000000000000494e-05,0.26313641702290624,0.00026599999999998847,0.5473899159696884,0.00030799999999997496,0.16627441602759063,9.499999999995623e-05,0.2536562090390362,0.00010700000000002374,0.018752291973214597,0.00018700000000004824
0.03517545899376273,7.20000000000165e-05,0.28724075003992766,0.00016100000000002224,0.5452702919719741,0.00030799999999997496,0.16204575001029298,0.00012700000000004374,0.25879929098300636,9.399999999998299e-05,0.020191250019706786,0.00018000000000001348
0.016458916012197733,6.499999999998174e-05,0.30275312496814877,0.00013699999999999823,0.5479015409946442,0.0002449999999999952,0.1863266250002198,0.00015700000000001824,0.20690712501527742,0.00017099999999997673,0.018530790985096246,0.00016500000000002624
0.015086208004504442,5.3999999999998494e-05,0.27044029103126377,0.0003710000000000102,0.5417964580119587,0.0002789999999999737,0.16819574998226017,0.00014100000000000223,0.2579846669686958,9.799999999998699e-05,0.017503916984423995,0.00014300000000000423
0.01645304198609665,7.80000000000225e-05,0.26926287496462464,0.00018799999999996597,0.546740208985284,0.00020999999999998797,0.16958554199663922,0.00013299999999999423,0.20382529101334512,0.00019799999999997597,0.019407583982683718,0.00016800000000000148
Average,0.019835325004532934,6.500000000000394e-05,0.27856669160537423,0.00022459999999999703,0.5458196831867099,0.00026999999999998136,0.17048561660340056,0.00013060000000000293,0.23623451660387218,0.0001335999999999893,0.01887716678902507,0.00016860000000001873
