CreateTableRealTime,CreateTableCPUTime,LoadDataRealTime,LoadDataCPUTime,CreateIndexRealTime,CreateIndexCPUTime,AnalyzeRealTime,AnalyzeCPUTime,ExecuteQueryRealTime,ExecuteQueryCPUTime,WriteResultRealTime,WriteResultCPUTime
0.020000003278255463,0.0,0.3200000002980232,0.0,0.7199999988079071,0.0,0.2199999988079071,0.0,0.33000000566244125,0.0,0.0299999937415123,0.0
0.019999995827674866,0.0,0.2800000011920929,0.0,0.6400000005960464,0.0,0.17999999970197678,0.0,0.24000000208616257,0.0,0.020000003278255463,0.0
0.019999995827674866,0.0,0.2800000011920929,0.0,0.5799999982118607,0.0,0.17999999970197678,0.0,0.24000000208616257,0.0,0.019999995827674866,0.0
Average,0.019999998311201733,0.0,0.293333334227403,0.0,0.6466666658719381,0.0,0.1933333327372869,0.0,0.27000000327825546,0.0,0.02333333094914754,0.0
