CreateTableRealTime,CreateTableCPUTime,LoadDataRealTime,LoadDataCPUTime,CreateIndexRealTime,CreateIndexCPUTime,AnalyzeRealTime,AnalyzeCPUTime,ExecuteQueryRealTime,ExecuteQueryCPUTime,WriteResultRealTime,WriteResultCPUTime
0.021560875000432134,7.100000000004325e-05,0.2996243750094436,0.0003569999999999962,0.5640959580196068,0.00031399999999998096,0.17611349996877834,0.00018000000000001348,0.2648064579698257,0.00019299999999999873,0.01862466597231105,0.00023200000000000998
0.02811879204818979,6.20000000000065e-05,0.3240806660032831,0.0004550000000000387,0.6202766659553163,0.0002530000000000032,0.1759768750052899,0.00011299999999997423,0.22132841596612707,0.00015799999999999148,0.017346874985378236,0.00017499999999998073
0.024075708002783358,6.0000000000004494e-05,0.32872212497750297,0.0003090000000000037,0.5750207919627428,0.0003890000000000282,0.1794347499962896,0.00020999999999998797,0.27225516695762053,0.00017099999999997673,0.02034250000724569,0.00028000000000000247
0.0234875840251334,6.799999999995698e-05,0.3179600000148639,0.00035000000000001696,0.583052999980282,0.00024999999999997247,0.17114308301825076,0.00019999999999997797,0.2705164589569904,0.00021700000000002273,0.019407582993153483,0.00024100000000004673
0.025504208984784782,0.00010300000000001974,0.3158542910241522,0.0003240000000000465,0.5914260409772396,0.0002889999999999837,0.18242750002536923,0.000152000000000041,0.21897304197773337,0.00017399999999995197,0.01761670899577439,0.00019000000000002348
Average,0.024549433612264693,7.280000000000619e-05,0.31724829140584915,0.00035900000000002044,0.5867744913790375,0.0002989999999999937,0.17701914160279558,0.00017099999999999893,0.2495759083656594,0.00018259999999998834,0.01866766659077257,0.00022360000000001267
