CreateTableRealTime,CreateTableCPUTime,LoadDataRealTime,LoadDataCPUTime,CreateIndexRealTime,CreateIndexCPUTime,AnalyzeRealTime,AnalyzeCPUTime,ExecuteQueryRealTime,ExecuteQueryCPUTime,WriteResultRealTime,WriteResultCPUTime
0.030000001192092896,0.0,0.35999999940395355,0.0,0.6900000050663948,0.0,0.2199999988079071,0.0,0.26999999582767487,0.0,0.030000001192092896,0.0
0.030000001192092896,0.0,0.3100000023841858,0.0,0.6899999976158142,0.0,0.21000000089406967,0.0,0.25999999791383743,0.0,0.020000003278255463,0.0
0.019999995827674866,0.0,0.3400000035762787,0.0,0.7299999967217445,0.0,0.21000000089406967,0.0,0.380000002682209,0.0,0.019999995827674866,0.0
Average,0.02666666607062022,0.0,0.33666666845480603,0.0,0.7033333331346512,0.0,0.21333333353201547,0.0,0.3033333321412404,0.0,0.023333333432674408,0.0
