CreateTableRealTime,CreateTableCPUTime,LoadDataRealTime,LoadDataCPUTime,CreateIndexRealTime,CreateIndexCPUTime,AnalyzeRealTime,AnalyzeCPUTime,ExecuteQueryRealTime,ExecuteQueryCPUTime,WriteResultRealTime,WriteResultCPUTime
0.0169108749832958,9.500000000001174e-05,0.305610791023355,0.00036000000000002697,0.5900211250409484,0.0003549999999999942,0.17328412499045953,0.00018899999999999473,0.2568238329840824,0.00016899999999997473,0.019714292022399604,0.00021799999999999597
0.0243356249993667,8.60000000000305e-05,0.26194900000700727,0.00019099999999999673,0.6061897919862531,0.00010999999999999899,0.1675003330456093,0.00017499999999998073,0.26870758400764316,0.00019299999999999873,0.018637207977008075,0.0002889999999999837
0.027557708031963557,8.20000000000265e-05,0.3177282090182416,0.00039600000000000746,0.5891586660291068,0.0003330000000000277,0.16867325000930578,0.00021999999999999797,0.26098616694798693,0.00015399999999998748,0.017301624990068376,0.00024000000000001798
0.025510000006761402,7.899999999999574e-05,0.3162426670314744,0.0003150000000000097,0.5733183749835007,0.00036199999999997345,0.18921470898203552,0.00020000000000003348,0.21787654102081433,0.00017500000000003624,0.016882667026948184,8.00000000000245e-05
0.024544333980884403,6.699999999998374e-05,0.31889120902633294,0.0003730000000000122,0.5780509999603964,0.00032200000000004447,0.17838545801350847,0.00016399999999999748,0.21302587498212233,0.00016199999999999548,0.01777829194907099,0.00021100000000001673
Average,0.023771708400454374,8.180000000000965e-05,0.30408437522128223,0.0003270000000000106,0.5873477916000411,0.00029640000000000775,0.17541157500818372,0.00018960000000000087,0.24348399998852982,0.00017059999999999854,0.018062816793099047,0.00020760000000000778
