environment,cpu_time,size,position,factor
duckdb,0.061321200000000006,300,1,
duckdb,0.13273739999999998,400,2,216.46249584156857
xsb,0.21682800000000002,300,3,163.35109773131015
xsb,0.5109617999999999,400,4,235.65305218883162
