environment,cpu_time,size,position,factor
duckdb,0.0041363999999999845,100,1,
xsb,0.008097000000000002,100,2,195.74992747316585
duckdb,0.022765999999999998,200,3,281.1658639002099
duckdb,0.061321200000000006,300,4,269.354300272336
xsb,0.06505419999999999,200,5,106.08761733299413
duckdb,0.13273739999999998,400,6,204.0412456075088
xsb,0.21682800000000002,300,7,163.35109773131015
xsb,0.5109617999999999,400,8,235.65305218883162
