environment,real_time,size,position,factor
duckdb,0.0028318168013356628,100,1,
xsb,0.008129978179931639,100,2,287.09407247308616
duckdb,0.016386591596528888,200,3,201.55763316780116
duckdb,0.051104083401151,300,4,311.8652411644664
xsb,0.06525416374206541,200,5,127.68874696340941
duckdb,0.13374097478808836,400,6,204.95393262066074
xsb,0.21748099327087403,300,7,162.61358466653257
xsb,0.5122136116027831,400,8,235.5210926247783
