CreateTableRealTime,CreateTableCPUTime,LoadDataRealTime,LoadDataCPUTime,CreateIndexRealTime,CreateIndexCPUTime,AnalyzeRealTime,AnalyzeCPUTime,ExecuteQueryRealTime,ExecuteQueryCPUTime,WriteResultRealTime,WriteResultCPUTime
0.01174114900004497,0.00011650000000001937,0.002903618000118513,0.0003641999999999812,0.008285894999971788,0.00012970000000001036,0.003804775000162408,0.00015650000000000386,0.05027055000005021,0.00015390000000004012,0.010362728000018251,0.0070635
0.003640032000021165,0.00010209999999999386,0.0026048669999454432,0.00030360000000001497,0.007384363000028316,0.00015900000000002024,0.003663764000066294,0.0001192000000000415,0.04845224199993936,0.00015550000000003061,0.010369936999950369,0.007089600000000029
Average,0.007690590500033068,0.00010930000000000661,0.002754242500031978,0.0003338999999999981,0.007835129000000052,0.0001443500000000153,0.003734269500114351,0.00013785000000002268,0.049361395999994784,0.00015470000000003536,0.01036633249998431,0.007076550000000015
