CreateTableRealTime,CreateTableCPUTime,LoadDataRealTime,LoadDataCPUTime,CreateIndexRealTime,CreateIndexCPUTime,AnalyzeRealTime,AnalyzeCPUTime,ExecuteQueryRealTime,ExecuteQueryCPUTime,WriteResultRealTime,WriteResultCPUTime
0.0033348269998896285,0.00011309999999997711,0.003865685000164376,0.0003459000000000101,0.008389271999931225,0.00015099999999995672,0.0038677019999795448,0.00014580000000002924,0.0065230079999309964,0.00013770000000001836,0.0011104079999313399,0.0005668999999999813
0.005029292000017449,0.00023000000000000798,0.002767217000155142,0.00035649999999998183,0.007313327000019854,0.00013770000000001836,0.0036157689999072318,0.0001455000000000206,0.006018913999923825,0.00015799999999999148,0.0013155169999663485,0.0007769000000000248
Average,0.004182059499953539,0.00017154999999999254,0.003316451000159759,0.00035119999999999596,0.00785129949997554,0.00014434999999998754,0.0037417354999433883,0.00014565000000002493,0.006270960999927411,0.00014785000000000492,0.0012129624999488442,0.000671900000000003
