CreateTableRealTime,CreateTableCPUTime,LoadDataRealTime,LoadDataCPUTime,CreateIndexRealTime,CreateIndexCPUTime,AnalyzeRealTime,AnalyzeCPUTime,ExecuteQueryRealTime,ExecuteQueryCPUTime,WriteResultRealTime,WriteResultCPUTime
0.0034818749991245568,4.2000000000042004e-05,0.002676250005606562,0.00020599999999998397,0.003193959011696279,1.399999999995849e-05,0.0013163750409148633,1.6000000000016e-05,0.08739945897832513,4.799999999999249e-05,0.012895749998278916,0.009960999999999998
0.0034477919689379632,4.799999999999249e-05,0.00196004199096933,0.0001000000000000445,0.002662166953086853,3.6000000000036e-05,0.0009602909558452666,3.2999999999949736e-05,0.08511262497631833,4.999999999999449e-05,0.012798957992345095,0.009561000000000042
0.004251624981407076,4.2000000000042004e-05,0.0031740000122226775,0.000150000000000039,0.0032862910302355886,4.099999999995774e-05,0.0014872500323690474,3.6000000000036e-05,0.07353045896161348,4.599999999999049e-05,0.01184041699161753,0.008897000000000044
0.0038744580233469605,3.999999999998449e-05,0.0031301669660024345,0.000148000000000037,0.0033938749693334103,3.799999999998249e-05,0.001255334005691111,3.300000000000525e-05,0.08387983299326152,4.100000000001325e-05,0.01428912504343316,0.008693000000000006
0.0031792499939911067,4.599999999999049e-05,0.0026704579940997064,0.00014500000000000624,0.0027452909853309393,3.6000000000036e-05,0.0014412080054171383,3.2000000000032e-05,0.0924841669620946,2.6999999999999247e-05,0.011750917008612305,0.008562000000000014
Average,0.0036469999933615325,4.3600000000010296e-05,0.002722183393780142,0.00014980000000002213,0.003056316589936614,3.299999999999415e-05,0.0012920916080474854,3.0000000000007797e-05,0.08448130857432261,4.2399999999997995e-05,0.0127150334068574,0.009134800000000021
