CreateTableRealTime,CreateTableCPUTime,LoadDataRealTime,LoadDataCPUTime,CreateIndexRealTime,CreateIndexCPUTime,AnalyzeRealTime,AnalyzeCPUTime,ExecuteQueryRealTime,ExecuteQueryCPUTime,WriteResultRealTime,WriteResultCPUTime
0.003364624979440123,4.700000000001925e-05,0.004359999962616712,0.00017800000000001148,0.0032923330436460674,1.599999999996049e-05,0.0011003330000676215,1.2999999999985246e-05,0.25785583397373557,0.00021900000000002473,0.02849570894613862,0.027712000000000014
0.003377916000317782,3.100000000000325e-05,0.0028469169628806412,0.00013299999999999423,0.0032357500167563558,2.0999999999993246e-05,0.0011312499991618097,1.4000000000014001e-05,0.2145382500020787,0.00012499999999998623,0.03194962500128895,0.030725000000000002
0.001538999960757792,4.0000000000040004e-05,0.0018450419884175062,0.000126000000000015,0.0018989999662153423,1.2000000000012001e-05,0.00047691696090623736,1.1000000000038757e-05,0.2632534169824794,0.00020900000000001473,0.028113125008530915,0.027010000000000034
0.003912625019438565,4.900000000002125e-05,0.004076499957591295,0.00015499999999996072,0.003509666013997048,3.500000000000725e-05,0.0011682910262607038,1.4000000000014001e-05,0.18531604204326868,0.00017200000000000548,0.02756325004156679,0.026820999999999984
0.0036504159797914326,1.9000000000046757e-05,0.003649250022135675,0.0001020000000000465,0.002720832999330014,1.399999999995849e-05,0.0008792500011622906,1.599999999996049e-05,0.23337729199556634,0.00019400000000002748,0.027846665994729847,0.02707100000000001
Average,0.003168916387949139,3.72000000000261e-05,0.0033555417787283657,0.0001388000000000056,0.0029315164079889654,1.9599999999986294e-05,0.0009512081975117326,1.3600000000002499e-05,0.23086816699942575,0.00018380000000001173,0.028793674998451025,0.02786780000000001
