CreateTableRealTime,CreateTableCPUTime,LoadDataRealTime,LoadDataCPUTime,CreateIndexRealTime,CreateIndexCPUTime,AnalyzeRealTime,AnalyzeCPUTime,ExecuteQueryRealTime,ExecuteQueryCPUTime,WriteResultRealTime,WriteResultCPUTime
0.003011583990883082,2.2000000000022002e-05,0.0055662080412730575,0.00013299999999999423,0.002879000036045909,2.0999999999993246e-05,0.0011583329760469496,1.399999999995849e-05,0.6827008340042084,0.00018899999999999473,0.06324899999890476,0.053571000000000035
0.0034309999900870025,2.4000000000024002e-05,0.005613208981230855,8.599999999997499e-05,0.0031556669855490327,1.4999999999987246e-05,0.001015332993119955,1.8000000000018e-05,0.7776057079900056,0.00021199999999998997,0.0635566670098342,0.05308099999999999
0.003007040999364108,1.6999999999989246e-05,0.005422666959930211,8.399999999997299e-05,0.0026578750112093985,1.2999999999985246e-05,0.000870916002895683,1.4999999999987246e-05,0.7608323330059648,0.00017299999999997873,0.06617479200940579,0.05565599999999998
0.003198582970071584,1.9000000000046757e-05,0.0053932080045342445,8.599999999997499e-05,0.0028861669707112014,1.4999999999987246e-05,0.0009025420295074582,1.4999999999987246e-05,0.7670262500178069,0.00017999999999995797,0.06368491699686274,0.05237599999999998
0.003321791999042034,4.4000000000044004e-05,0.006130083987955004,0.00017800000000001148,0.0032883340027183294,4.2000000000042004e-05,0.0011783749796450138,3.2999999999949736e-05,0.755795166012831,0.00016099999999996673,0.06671370903495699,0.05454700000000001
Average,0.003193999989889562,2.5200000000025204e-05,0.0056250751949846745,0.00011339999999998573,0.002973408601246774,2.1199999999998997e-05,0.0010250997962430119,1.8999999999980143e-05,0.7487920582061633,0.00018299999999997761,0.06467581700999289,0.0538462
