CreateTableRealTime,CreateTableCPUTime,LoadDataRealTime,LoadDataCPUTime,CreateIndexRealTime,CreateIndexCPUTime,AnalyzeRealTime,AnalyzeCPUTime,ExecuteQueryRealTime,ExecuteQueryCPUTime,WriteResultRealTime,WriteResultCPUTime
0.009999997913837433,0.0,0.0,0.0,0.01000000536441803,0.0,0.0,0.0,0.059999994933605194,0.0,0.009999997913837433,0.010000000000000009
0.0,0.0,0.0,0.0,0.01000000536441803,0.0,0.009999997913837433,0.0,0.04999999701976776,0.0,0.009999997913837433,0.010000000000000009
0.009999997913837433,0.0,0.0,0.0,0.01000000536441803,0.0,0.0,0.0,0.059999994933605194,0.0,0.01000000536441803,0.010000000000000009
Average,0.006666665275891622,0.0,0.0,0.0,0.01000000536441803,0.0,0.003333332637945811,0.0,0.056666662295659385,0.0,0.010000000397364298,0.010000000000000009
