CreateTableRealTime,CreateTableCPUTime,LoadDataRealTime,LoadDataCPUTime,CreateIndexRealTime,CreateIndexCPUTime,AnalyzeRealTime,AnalyzeCPUTime,ExecuteQueryRealTime,ExecuteQueryCPUTime,WriteResultRealTime,WriteResultCPUTime
0.0,0.0,0.0,0.0,0.009999997913837433,0.0,0.009999997913837433,0.0,0.05000000447034836,0.0,0.009999997913837433,0.0
0.0,0.0,0.0,0.0,0.01000000536441803,0.0,0.0,0.0,0.04999999701976776,0.0,0.0,0.0
0.0,0.0,0.009999997913837433,0.0,0.0,0.0,0.01000000536441803,0.0,0.03999999910593033,0.0,0.009999997913837433,0.009999999999999955
Average,0.0,0.0,0.003333332637945811,0.0,0.0066666677594184875,0.0,0.0066666677594184875,0.0,0.046666666865348816,0.0,0.006666665275891622,0.0033333333333333184
