CreateTableRealTime,CreateTableCPUTime,LoadDataRealTime,LoadDataCPUTime,CreateIndexRealTime,CreateIndexCPUTime,AnalyzeRealTime,AnalyzeCPUTime,ExecuteQueryRealTime,ExecuteQueryCPUTime,WriteResultRealTime,WriteResultCPUTime
0.002633773999832556,9.639999999999649e-05,0.004032129000052009,0.00034760000000000346,0.007189938000010443,0.00011689999999997536,0.003730600999915623,0.0001522999999999941,0.09423328299999412,0.0002498000000000222,0.006154722000019319,0.0038264000000000076
0.004418082000029244,0.00014230000000003962,0.0024064390001967695,0.00032320000000002347,0.009191478000047937,0.0001264000000000265,0.00211197099997662,0.00010940000000003725,0.02909485399982259,0.00015260000000000273,0.0057960659999025665,0.003764500000000004
Average,0.0035259279999309,0.00011935000000001805,0.0032192840001243894,0.00033540000000001347,0.00819070800002919,0.00012165000000000092,0.0029212859999461216,0.00013085000000001568,0.06166406849990835,0.00020120000000001248,0.005975393999960943,0.0037954500000000058
