LoadRulesRealTime,LoadRulesCPUTime,LoadFactsRealTime,LoadFactsCPUTime,QueryRealTime,QueryCPUTime,WriteRealTime,WriteCPUTime
0.00117611885070801,0.00055,0.00066685676574707,0.000315000000000001,4.05311584472656e-06,3.9999999999988e-06,0.0003769397735595704,5.800000000000079e-05
0.00118589401245117,0.000558000000000001,0.00077509880065918,0.000326,5.00679016113281e-06,2.99999999999953e-06,0.0003499984741210942,5.999999999999926e-05
0.00117707252502441,0.000555,0.000641107559204102,0.000314999999999999,3.814697265625e-06,2.99999999999953e-06,0.000377178192138672,6.100000000000026e-05
0.00116205215454102,0.000548999999999999,0.000653982162475586,0.000315000000000001,4.05311584472656e-06,2.99999999999953e-06,0.0003731250762939454,6.199999999999957e-05
0.00117993354797363,0.000550999999999999,0.000646114349365234,0.000311000000000001,5.00679016113281e-06,3.9999999999988e-06,0.0003740787506103512,6.100000000000199e-05
Average,0.001176214218139648,0.0005525999999999998,0.0006766319274902344,0.00031640000000000037,4.386901855468748e-06,3.399999999999238e-06,0.00037026405334472667,6.040000000000037e-05
