LoadRulesRealTime,LoadRulesCPUTime,LoadFactsRealTime,LoadFactsCPUTime,QueryRealTime,QueryCPUTime,WriteRealTime,WriteCPUTime
0.0011599063873291,0.000548,0.000526189804077148,0.000215999999999999,5.00679016113281e-06,3.00000000000127e-06,0.00036597251892089817,5.900000000000003e-05
0.00116896629333496,0.000554000000000001,0.000545978546142578,0.000218999999999999,5.00679016113281e-06,4.00000000000053e-06,0.00034689903259277317,5.999999999999926e-05
0.00116181373596191,0.000557999999999999,0.000590085983276367,0.000235000000000001,5.00679016113281e-06,3.9999999999988e-06,0.0003480911254882812,5.900000000000179e-05
0.00117206573486328,0.000552,0.000527858734130859,0.000217,5.00679016113281e-06,2.99999999999953e-06,0.0003640651702880862,6.100000000000026e-05
0.00117802619934082,0.000548,0.000545024871826172,0.000219,4.05311584472656e-06,4.00000000000053e-06,0.0003578662872314454,5.899999999999826e-05
Average,0.001168155670166014,0.000552,0.0005470275878906248,0.0002211999999999998,4.81605529785156e-06,3.6000000000001324e-06,0.0003565788269042968,5.959999999999992e-05
