LoadRulesRealTime,LoadRulesCPUTime,LoadFactsRealTime,LoadFactsCPUTime,QueryRealTime,QueryCPUTime,WriteRealTime,WriteCPUTime
0.00116610527038574,0.000552,0.000828027725219727,0.000206,5.96046447753906e-06,4.00000000000053e-06,0.0003840923309326169,6.100000000000026e-05
0.0011601448059082,0.00055,0.000484943389892578,0.000171000000000001,4.05311584472656e-06,2.99999999999953e-06,0.00038504600524902344,6.1000000000002065e-05
0.00115609169006348,0.000553,0.000487089157104492,0.00017,5.00679016113281e-06,4.00000000000053e-06,0.0003750324249267582,6.399999999999988e-05
0.00116205215454102,0.000547000000000001,0.000479936599731445,0.000168,4.05311584472656e-06,2.00000000000027e-06,0.00036597251892089844,6.099999999999852e-05
0.00118899345397949,0.000555999999999999,0.000504970550537109,0.000171000000000001,4.05311584472656e-06,2.99999999999953e-06,0.00036883354187011746,6.0000000000001065e-05
Average,0.0011666774749755859,0.0005516,0.0005569934844970703,0.0001772000000000004,4.62532043457031e-06,3.2000000000000778e-06,0.0003757953643798829,6.140000000000035e-05
