LoadRulesRealTime,LoadRulesCPUTime,LoadFactsRealTime,LoadFactsCPUTime,QueryRealTime,QueryCPUTime,WriteRealTime,WriteCPUTime
0.00116705894470215,0.000550999999999999,0.00110387802124023,0.000539,5.00679016113281e-06,4.00000000000053e-06,0.0003581047058105472,5.7999999999999065e-05
0.0011742115020752,0.000557,0.000845909118652344,0.000510999999999999,4.05311584472656e-06,2.99999999999953e-06,0.00036811828613281245,6.0000000000001065e-05
0.00114989280700684,0.000548,0.000874042510986328,0.000516000000000001,5.00679016113281e-06,2.99999999999953e-06,0.0003829002380371092,6.100000000000026e-05
0.00115299224853516,0.000548999999999999,0.000921964645385742,0.000554000000000001,4.05311584472656e-06,2.99999999999953e-06,0.0003631114959716794,6.0000000000001065e-05
0.00119400024414062,0.000555,0.000871896743774414,0.000519,4.05311584472656e-06,2.99999999999953e-06,0.0003538131713867184,5.9000000000000065e-05
Average,0.0011676311492919938,0.0005519999999999996,0.0009235382080078116,0.0005278000000000001,4.4345855712890595e-06,3.19999999999973e-06,0.00036520957946777337,5.960000000000031e-05
