LoadRulesRealTime,LoadRulesCPUTime,LoadFactsRealTime,LoadFactsCPUTime,QueryRealTime,QueryCPUTime,WriteRealTime,WriteCPUTime
0.0011439323425293,0.000546999999999999,0.000894069671630859,0.000517,4.05311584472656e-06,2.99999999999953e-06,0.00034093856811523443,5.999999999999926e-05
0.00115489959716797,0.000548,0.000864028930664062,0.00052,4.05311584472656e-06,3.00000000000127e-06,0.0003731250762939454,6.599999999999834e-05
0.00116705894470215,0.00056,0.000858068466186523,0.00052,5.00679016113281e-06,4.00000000000053e-06,0.0003619194030761722,5.999999999999926e-05
0.00114798545837402,0.000546999999999999,0.000885009765625,0.000520000000000001,5.00679016113281e-06,2.99999999999953e-06,0.0003550052642822262,6.100000000000026e-05
0.00115108489990234,0.000548,0.000874996185302734,0.000523000000000001,5.00679016113281e-06,2.99999999999953e-06,0.0003778934478759762,6.0000000000001065e-05
Average,0.001152992248535156,0.0005499999999999995,0.0008752346038818356,0.0005200000000000003,4.62532043457031e-06,3.2000000000000786e-06,0.00036177635192871085,6.139999999999964e-05
