LoadRulesRealTime,LoadRulesCPUTime,LoadFactsRealTime,LoadFactsCPUTime,QueryRealTime,QueryCPUTime,WriteRealTime,WriteCPUTime
0.00117301940917969,0.000556999999999998,0.000809907913208008,0.000503,5.00679016113281e-06,5.00000000000153e-06,0.0003619194030761722,6.099999999999857e-05
0.00116896629333496,0.000561000000000001,0.00087285041809082,0.000523999999999998,5.00679016113281e-06,4.00000000000053e-06,0.0003669261932373052,5.9000000000000065e-05
0.00115799903869629,0.000553,0.000864028930664062,0.000524,3.814697265625e-06,2.99999999999953e-06,0.000352144241333008,5.9000000000000065e-05
0.00117897987365723,0.000557,0.000883102416992188,0.000519,4.05311584472656e-06,2.99999999999953e-06,0.00036382675170898443,6.100000000000026e-05
0.00120091438293457,0.000570000000000001,0.000859975814819336,0.000510999999999999,4.05311584472656e-06,3.00000000000127e-06,0.00041198730468750043,6.199999999999953e-05
Average,0.001175975799560548,0.0005596,0.0008579730987548828,0.0005161999999999994,4.386901855468748e-06,3.600000000000478e-06,0.00037136077880859405,6.03999999999997e-05
