LoadRulesRealTime,LoadRulesCPUTime,LoadFactsRealTime,LoadFactsCPUTime,QueryRealTime,QueryCPUTime,WriteRealTime,WriteCPUTime
0.00116515159606934,0.000550999999999999,0.00107979774475098,0.000540000000000001,4.05311584472656e-06,4.00000000000053e-06,0.0003957748413085934,6.199999999999957e-05
0.00116801261901855,0.000552,0.000869989395141602,0.000522999999999999,4.05311584472656e-06,2.99999999999953e-06,0.00038099288940429644,5.9000000000000065e-05
0.00117802619934082,0.000574,0.000891923904418945,0.000520000000000001,4.05311584472656e-06,2.99999999999953e-06,0.0003499984741210934,5.999999999999926e-05
0.00116682052612305,0.000545,0.000863075256347656,0.000517999999999999,4.05311584472656e-06,3.00000000000127e-06,0.00036597251892089844,6.299999999999883e-05
0.00115799903869629,0.00055,0.000877857208251953,0.000529,4.05311584472656e-06,2.99999999999953e-06,0.0003709793090820314,5.900000000000177e-05
Average,0.00116720199584961,0.0005543999999999998,0.0009165287017822273,0.000526,4.05311584472656e-06,3.2000000000000778e-06,0.0003727436065673826,6.05999999999999e-05
