LoadRulesRealTime,LoadRulesCPUTime,LoadFactsRealTime,LoadFactsCPUTime,QueryRealTime,QueryCPUTime,WriteRealTime,WriteCPUTime
0.00119781494140625,0.000554000000000001,0.00112509727478027,0.000546,4.05311584472656e-06,2.99999999999953e-06,0.00036191940307617144,6.300000000000057e-05
0.00118899345397949,0.000576999999999999,0.000896930694580078,0.000522,4.05311584472656e-06,3.00000000000127e-06,0.0004758834838867184,6.299999999999883e-05
0.00114297866821289,0.000548,0.000852108001708984,0.000517999999999999,3.814697265625e-06,2.99999999999953e-06,0.000338077545166016,6.0000000000001065e-05
0.00127911567687988,0.000574999999999999,0.00105500221252441,0.000528000000000001,4.05311584472656e-06,2.99999999999953e-06,0.00036597251892089844,5.9000000000000065e-05
0.00116395950317383,0.000546,0.000868082046508789,0.00052,3.814697265625e-06,3.00000000000127e-06,0.00034022331237793,5.9999999999999324e-05
Average,0.001194572448730468,0.0005599999999999998,0.0009594440460205063,0.0005268,3.957748413085936e-06,3.0000000000002262e-06,0.00037641525268554686,6.099999999999998e-05
