DatalogToCPPRealTime,DatalogToCPPCPUTime,CompileRealTime,CompileCPUTime,InstanceLoadingRealTime,InstanceLoadingCPUTime,LoadingFactRealTime,LoadingFactCPUTime,QueryRealTime,QueryCPUTime,WritingResultRealTime,WritingResultCPUTime
0.04999995231628418,0.0,1.8499999046325684,1.7,0.000157209,0.000156,0.0263131,0.026248,0.176183,0.176096,0.000261167,0.00026
0.009999990463256836,0.0,1.5099999904632568,1.53,0.000157542,0.000155,0.0223407,0.022312,0.176936,0.176859,0.000216875,0.000216
0.009999990463256836,0.010000000000000002,1.5,1.53,0.000158375,0.000158,0.0254065,0.025351,0.175745,0.175664,0.000176,0.000174
0.009999990463256836,0.0,1.5,1.53,0.000144417,0.000143,0.0235675,0.023484,0.17569,0.175615,0.000180959,0.00018
0.009999990463256836,0.0,1.5099999904632568,1.54,0.000186,0.000154,0.0247988,0.024766,0.175491,0.175424,0.000216875,0.000216
Average,0.017999982833862303,0.0020000000000000005,1.5739999771118165,1.566,0.0001607086,0.00015319999999999998,0.024485319999999998,0.0244322,0.176009,0.1759316,0.0002103752,0.00020920000000000002
