DatalogToCPPRealTime,DatalogToCPPCPUTime,CompileRealTime,CompileCPUTime,InstanceLoadingRealTime,InstanceLoadingCPUTime,LoadingFactRealTime,LoadingFactCPUTime,QueryRealTime,QueryCPUTime,WritingResultRealTime,WritingResultCPUTime
0.009999990463256836,0.0,1.5099999904632568,1.54,0.000133292,0.000131,0.75932,0.75833,82.8205,82.6811,0.0004865,0.000481
0.009999990463256836,0.0,1.5,1.53,0.000156083,0.000155,0.759674,0.758344,82.7296,82.5836,0.000545208,0.000421
0.009999990463256836,0.0,1.5099999904632568,1.53,0.00018975,0.000186,0.760221,0.758994,82.8547,82.7063,0.000407833,0.000354
0.009999990463256836,0.0,1.5199999809265137,1.54,0.000124667,0.000123,0.759282,0.757782,82.7212,82.5725,0.000596125,0.000444
0.009999990463256836,0.0,1.5199999809265137,1.52,0.00013725,0.000136,0.759967,0.757628,82.669,82.5221,0.000395125,0.00039
Average,0.009999990463256836,0.0,1.5119999885559081,1.532,0.00014820840000000002,0.00014620000000000003,0.7596928,0.7582156,82.75899999999999,82.61312000000001,0.00048615820000000006,0.00041799999999999997
