DatalogToCPPRealTime,DatalogToCPPCPUTime,CompileRealTime,CompileCPUTime,InstanceLoadingRealTime,InstanceLoadingCPUTime,LoadingFactRealTime,LoadingFactCPUTime,QueryRealTime,QueryCPUTime,WritingResultRealTime,WritingResultCPUTime
0.009999990463256836,0.0,1.5099999904632568,1.54,0.000157,0.000156,0.756644,0.75598,165.299,164.93,0.00048175,0.000481
0.019999980926513672,0.0,1.5999999046325684,1.54,0.000219875,0.000218,0.768455,0.766543,164.881,164.574,0.000531666,0.000531
0.019999980926513672,0.0,1.5,1.53,0.000154584,0.000154,0.766706,0.764965,165.143,164.869,0.000336542,0.000328
0.009999990463256836,0.0,1.5,1.53,0.000186041,0.000159,0.765582,0.763926,164.947,164.641,0.000372667,0.00037
0.009999990463256836,0.0,1.5099999904632568,1.53,0.000163209,0.000162,0.765454,0.763713,164.805,164.526,0.000415416,0.00036
Average,0.01399998664855957,0.0,1.5239999771118165,1.5340000000000003,0.0001761418,0.0001698,0.7645682,0.7630254000000001,165.01500000000001,164.708,0.00042760819999999996,0.000414
