DatalogToCPPRealTime,DatalogToCPPCPUTime,CompileRealTime,CompileCPUTime,InstanceLoadingRealTime,InstanceLoadingCPUTime,LoadingFactRealTime,LoadingFactCPUTime,QueryRealTime,QueryCPUTime,WritingResultRealTime,WritingResultCPUTime
0.0,0.010000000000000002,1.510000228881836,1.55,0.000154,0.000153,0.207415,0.20717,20.6621,20.6256,0.000463416,0.000449
0.009999990463256836,0.010000000000000002,1.5099999904632568,1.54,0.000151833,0.000151,0.204304,0.204033,20.7516,20.7168,0.000539084,0.000491
0.009999990463256836,0.010000000000000002,1.5,1.54,0.000198625,0.000195,0.20817,0.207675,20.6804,20.6472,0.000288792,0.000288
0.009999990463256836,0.0,1.5499999523162842,1.56,0.000166708,0.000166,0.204935,0.204667,20.5994,20.5663,0.000367625,0.000295
0.009999990463256836,0.010000000000000002,1.5099999904632568,1.53,0.000166792,0.000157,0.204859,0.204601,20.6955,20.662,0.000456791,0.000414
Average,0.007999992370605469,0.008000000000000002,1.5160000324249268,1.544,0.00016759160000000002,0.0001644,0.20593659999999997,0.2056292,20.677799999999998,20.643579999999996,0.0004231416,0.0003874
