ElapsedTime,CPUTime
0.10000014305114746,0.04000000000000001
0.10000014305114746,0.04000000000000001
0.10000014305114746,0.04000000000000001
0.09999990463256836,0.04000000000000001
0.11999988555908203,0.05000000000000001
0.09999990463256836,0.04000000000000001
0.08999991416931152,0.04000000000000001
0.09999990463256836,0.04000000000000001
0.09999990463256836,0.04000000000000001
0.09999990463256836,0.04000000000000001
Average,0.10099997520446777,0.041000000000000016
