ElapsedTime,CPUTime
0.11999988555908203,0.05000000000000001
0.11999988555908203,0.060000000000000005
0.12999987602233887,0.049999999999999996
0.11999988555908203,0.049999999999999996
0.12000012397766113,0.049999999999999996
0.13000011444091797,0.049999999999999996
0.13000011444091797,0.060000000000000005
0.1100001335144043,0.060000000000000005
0.1100001335144043,0.049999999999999996
0.1100001335144043,0.060000000000000005
Average,0.12000002861022949,0.054000000000000006
