ElapsedTime,CPUTime
0.09999990463256836,0.04000000000000001
0.09999990463256836,0.04000000000000001
0.09999990463256836,0.04000000000000001
0.1099998950958252,0.05
0.1099998950958252,0.05
0.09999990463256836,0.04000000000000001
0.09999990463256836,0.04000000000000001
0.09999990463256836,0.04
0.09999990463256836,0.04000000000000001
0.1099998950958252,0.04000000000000001
Average,0.10299990177154542,0.042
