ElapsedTime,CPUTime
0.10000014305114746,0.060000000000000005
0.1100001335144043,0.05
0.1100001335144043,0.05
0.13000011444091797,0.060000000000000005
0.1100001335144043,0.060000000000000005
0.1100001335144043,0.05
0.1100001335144043,0.060000000000000005
0.10000014305114746,0.05
0.1100001335144043,0.05
0.09999990463256836,0.05
Average,0.1090001106262207,0.054000000000000006
