ElapsedTime,CPUTime
0.1099998950958252,0.07
0.11999988555908203,0.07
0.11999988555908203,0.07
0.11999988555908203,0.07
0.11999988555908203,0.07
0.11999988555908203,0.07
0.1099998950958252,0.07
0.1099998950958252,0.07
0.1099998950958252,0.07
0.1099998950958252,0.07
Average,0.11499989032745361,0.07000000000000002
