ElapsedTime,CPUTime
0.10000014305114746,0.04000000000000001
0.10000014305114746,0.04000000000000001
0.10000014305114746,0.05
0.10000014305114746,0.04000000000000001
0.10000014305114746,0.05
0.10000014305114746,0.04000000000000001
0.10000014305114746,0.04000000000000001
0.1100001335144043,0.03
0.09999990463256836,0.04000000000000001
0.09999990463256836,0.04000000000000001
Average,0.10100009441375732,0.041000000000000016
