ElapsedTime,CPUTime
0.09999990463256836,0.05000000000000001
0.1099998950958252,0.05000000000000001
0.09999990463256836,0.05000000000000001
0.1100001335144043,0.05000000000000001
0.10000014305114746,0.05000000000000001
0.10000014305114746,0.05000000000000001
0.1100001335144043,0.05000000000000001
0.10000014305114746,0.05000000000000001
0.1100001335144043,0.05000000000000001
0.10000014305114746,0.05000000000000001
Average,0.10400006771087647,0.05
