ElapsedTime,CPUTime
0.2199997901916504,0.17
0.23000001907348633,0.17
0.23000001907348633,0.17
0.2200000286102295,0.17
0.23000001907348633,0.17
0.23000001907348633,0.17
0.2200000286102295,0.17
0.2199997901916504,0.17
0.23000001907348633,0.17
0.2200000286102295,0.17
Average,0.2249999761581421,0.16999999999999998
