ElapsedTime,CPUTime
0.6700000762939453,0.61
0.6600000858306885,0.6000000000000001
0.6700000762939453,0.61
0.6599998474121094,0.61
0.6599998474121094,0.6000000000000001
0.6600000858306885,0.6000000000000001
0.6700000762939453,0.61
0.6800000667572021,0.62
0.6699998378753662,0.62
0.6599998474121094,0.6000000000000001
Average,0.6659999847412109,0.608
