LoadRulesRealTime,LoadRulesCPUTime,LoadFactsRealTime,LoadFactsCPUTime,GroundRealTime,GroundCPUTime,QueryRealTime,QueryCPUTime,WriteRealTime,WriteCPUTime
0.0,0.0,1.75,1.7500000000000002,0.7100000381469727,0.71,0.09000015258789062,0.1000000000000001,0.9499998092651367,0.9399999999999997
0.0,0.0,1.630000114440918,1.6199999999999999,0.7200000286102295,0.7100000000000002,0.08999991416931152,0.08999999999999987,0.9700000286102295,0.9600000000000002
0.0,0.0,1.6800000667572021,1.6500000000000001,0.6999998092651367,0.7100000000000002,0.10000014305114746,0.09999999999999964,0.9499998092651367,0.9400000000000006
0.0,0.0,1.8000001907348633,1.7800000000000002,0.7200000286102295,0.7099999999999997,0.09999990463256836,0.1000000000000001,0.9100000858306885,0.9200000000000002
0.0,0.0,1.6499998569488525,1.6300000000000001,0.7100000381469727,0.7,0.09999990463256836,0.10000000000000009,0.9900002479553223,0.98
Average,0.0,0.0,1.702000045776367,1.6860000000000004,0.7119999885559082,0.708,0.09600000381469727,0.09799999999999995,0.9539999961853027,0.9480000000000001
