LoadRulesRealTime,LoadRulesCPUTime,LoadFactsRealTime,LoadFactsCPUTime,GroundRealTime,GroundCPUTime,QueryRealTime,QueryCPUTime,WriteRealTime,WriteCPUTime
0.0,0.0,0.019999980926513672,0.020000000000000018,0.009999990463256836,0.010000000000000009,0.0,0.0,0.009999990463256836,0.010000000000000009
0.0,0.0,0.019999980926513672,0.020000000000000018,0.009999990463256836,0.0,0.0,0.0,0.009999990463256836,0.020000000000000018
0.0,0.0,0.019999980926513672,0.020000000000000018,0.0,0.0,0.0,0.0,0.019999980926513672,0.020000000000000018
0.0,0.0,0.019999980926513672,0.020000000000000018,0.009999990463256836,0.0,0.0,0.0,0.009999990463256836,0.020000000000000018
0.0,0.0,0.019999980926513672,0.020000000000000018,0.009999990463256836,0.0,0.0,0.0,0.009999990463256836,0.010000000000000009
Average,0.0,0.0,0.019999980926513672,0.020000000000000018,0.007999992370605469,0.0020000000000000018,0.0,0.0,0.011999988555908203,0.016000000000000014
