LoadRulesRealTime,LoadRulesCPUTime,LoadFactsRealTime,LoadFactsCPUTime,GroundRealTime,GroundCPUTime,QueryRealTime,QueryCPUTime,WriteRealTime,WriteCPUTime
0.0,0.0,0.019999980926513672,0.019999999999999962,0.009999990463256836,0.010000000000000009,0.0,0.0,0.009999990463256836,0.010000000000000009
0.0,0.0,0.019999980926513672,0.019999999999999962,0.0,0.010000000000000009,0.0,0.0,0.019999980926513672,0.010000000000000009
0.0,0.0,0.019999980926513672,0.019999999999999962,0.009999990463256836,0.010000000000000009,0.0,0.0,0.009999990463256836,0.010000000000000009
0.0,0.0,0.019999980926513672,0.019999999999999962,0.009999990463256836,0.0,0.0,0.010000000000000009,0.009999990463256836,0.0
0.0,0.0,0.019999980926513672,0.019999999999999962,0.009999990463256836,0.010000000000000009,0.0,0.0,0.009999990463256836,0.010000000000000009
Average,0.0,0.0,0.019999980926513672,0.019999999999999962,0.007999992370605469,0.008000000000000007,0.0,0.0020000000000000018,0.011999988555908203,0.008000000000000007
