LoadRulesRealTime,LoadRulesCPUTime,LoadFactsRealTime,LoadFactsCPUTime,QueryRealTime,QueryCPUTime,WriteRealTime,WriteCPUTime
0.0011909008026123,0.000550999999999999,0.00119614601135254,0.000572,0.000262975692749023,0.000236,0.000524997711181641,0.00021599999999999902
0.00115585327148438,0.00055,0.000890016555786133,0.000539,0.000249147415161133,0.000234,0.000510931015014648,0.000214
0.00116491317749023,0.000553000000000001,0.000863075256347656,0.000517999999999999,0.000248908996582031,0.000234,0.0005021095275878911,0.00021700000000000002
0.00117897987365723,0.000546,0.000908136367797852,0.000534999999999999,0.00025486946105957,0.000236,0.000514984130859375,0.00021899999999999903
0.00117301940917969,0.00055,0.000886917114257812,0.00052,0.000252962112426758,0.000235000000000001,0.0005340576171875,0.00021899999999999898
Average,0.0011727333068847659,0.00055,0.0009488582611083986,0.0005367999999999996,0.000253772735595703,0.00023500000000000018,0.000517416000366211,0.0002169999999999994
