LoadRulesRealTime,LoadRulesCPUTime,LoadFactsRealTime,LoadFactsCPUTime,QueryRealTime,QueryCPUTime,WriteRealTime,WriteCPUTime
0.00117802619934082,0.000554000000000001,0.00086212158203125,0.000520999999999999,0.000604867935180664,0.000586,0.000519037246704106,0.000214
0.00116801261901855,0.000559,0.000848054885864258,0.000514000000000001,0.000602006912231445,0.000584999999999999,0.000518083572387695,0.00021000000000000196
0.00116705894470215,0.000553,0.000880956649780273,0.000524999999999999,0.00061798095703125,0.000602,0.0005178451538085901,0.00019400000000000005
0.00118207931518555,0.000552,0.000867843627929688,0.00052,0.000619173049926758,0.000600000000000002,0.0004868507385253919,0.00019899999999999898
0.00117993354797363,0.000552,0.00091099739074707,0.000529,0.000612974166870117,0.000592000000000001,0.000515937805175783,0.00020599999999999894
Average,0.00117502212524414,0.0005540000000000002,0.0008739948272705079,0.0005217999999999998,0.0006114006042480469,0.0005930000000000004,0.0005115509033203132,0.0002046
