ElapsedTime,CPUTime
0.07999992370605469,0.03
0.07999992370605469,0.03
0.07999992370605469,0.03
0.07999992370605469,0.03
0.07999992370605469,0.03
0.08000016212463379,0.03
0.08000016212463379,0.03
0.07999992370605469,0.03
0.07999992370605469,0.03
0.08999991416931152,0.03
Average,0.08099997043609619,0.030000000000000006
