CreateTableRealTime,CreateTableCPUTime,LoadDataRealTime,LoadDataCPUTime,CreateIndexRealTime,CreateIndexCPUTime,AnalyzeRealTime,AnalyzeCPUTime,ExecuteQueryRealTime,ExecuteQueryCPUTime,WriteResultRealTime,WriteResultCPUTime
0.01731371699997908,0.00012990000000001611,0.005574274000082369,0.00029730000000000034,0.037498430000141525,0.0001411000000000051,0.0036356529999466147,0.00010290000000001687,0.28470045999983995,0.0002106999999999526,0.008489158000429597,0.00011650000000001937
0.01492550399962056,0.00011739999999998973,0.005239636000169412,0.00017099999999997673,0.042472530999930314,0.0001396000000000175,0.003935082999760198,0.00015290000000001136,0.2779530910001995,0.0001378999999999686,0.00829513600001519,0.00012010000000001186
Average,0.01611961049979982,0.00012365000000000292,0.00540695500012589,0.00023414999999998853,0.03998548050003592,0.0001403500000000113,0.0037853679998534062,0.0001279000000000141,0.2813267755000197,0.0001742999999999606,0.008392147000222394,0.00011830000000001561
