CreateTableRealTime,CreateTableCPUTime,LoadDataRealTime,LoadDataCPUTime,CreateIndexRealTime,CreateIndexCPUTime,AnalyzeRealTime,AnalyzeCPUTime,ExecuteQueryRealTime,ExecuteQueryCPUTime,WriteResultRealTime,WriteResultCPUTime
0.019880874955561012,7.099999999998774e-05,0.007155791972763836,9.500000000001174e-05,0.03679620899492875,4.799999999999249e-05,0.0020790419657714665,8.299999999999974e-05,0.19486920902272686,6.699999999998374e-05,0,0
0.015933791000861675,0.00013099999999999223,0.0030063330195844173,7.499999999999174e-05,0.029788540967274457,3.899999999995574e-05,0.001487625006120652,7.60000000000205e-05,0.18907554197357967,6.899999999998574e-05,0,0
0.02094704197952524,6.899999999998574e-05,0.0073604159988462925,7.999999999996898e-05,0.03807399998186156,3.6000000000036e-05,0.0020309159881435335,7.499999999999174e-05,0.20586599997477606,9.100000000000774e-05,0,0
0.01995820802403614,7.80000000000225e-05,0.006503499986138195,7.40000000000185e-05,0.03637883299961686,3.6000000000036e-05,0.0019836669671349227,7.40000000000185e-05,0.1929594170069322,7.799999999996698e-05,0,0
0.02089895901735872,4.700000000001925e-05,0.006930749979801476,6.0000000000004494e-05,0.0350432499544695,3.999999999998449e-05,0.002047250047326088,7.899999999999574e-05,0.20233183301752433,9.700000000001374e-05,0,0
Average,0.019523774995468555,7.920000000000149e-05,0.006191358191426843,7.679999999999909e-05,0.035216166579630226,3.980000000000095e-05,0.0019256999948993325,7.740000000000524e-05,0.19702040019910783,8.039999999999159e-05,0.0,0.0
