CreateTableRealTime,CreateTableCPUTime,LoadDataRealTime,LoadDataCPUTime,CreateIndexRealTime,CreateIndexCPUTime,AnalyzeRealTime,AnalyzeCPUTime,ExecuteQueryRealTime,ExecuteQueryCPUTime,WriteResultRealTime,WriteResultCPUTime
0.013347250001970679,0.00031200000000003447,0.0018085840274579823,0.0006950000000000012,0.03177179099293426,0.000142000000000031,0.0006408339831978083,0.00025799999999998047,0.06168966699624434,0.00018300000000004424,0.0017848340212367475,0.00013900000000000023
0.021987292042467743,2.4999999999997247e-05,0.0040792920044623315,5.6000000000000494e-05,0.03983766702003777,3.999999999998449e-05,0.002149375039152801,7.099999999998774e-05,0.08276458299951628,7.00000000000145e-05,0.00205895904218778,3.300000000000525e-05
0.019896166981197894,7.299999999998974e-05,0.0036980000440962613,0.00010099999999996223,0.038237207976635545,4.0000000000040004e-05,0.0020177499973215163,4.399999999998849e-05,0.08986841700971127,8.500000000000174e-05,0.0023337079910561442,9.799999999998699e-05
0.019806874974165112,6.60000000000105e-05,0.0035619160044007003,5.8000000000002494e-05,0.037474250013474375,2.6999999999999247e-05,0.002156374976038933,7.60000000000205e-05,0.08689204195979983,9.999999999998899e-05,0.0022587919957004488,0.000128000000000017
0.018911957973614335,9.100000000000774e-05,0.0019420419703237712,6.20000000000065e-05,0.028973250009585172,4.799999999999249e-05,0.001843457983341068,4.199999999998649e-05,0.09483012504642829,0.00010199999999999099,0.0022816660348325968,9.100000000000774e-05
Average,0.018789908394683152,0.00011340000000000793,0.0030179668101482093,0.0001943999999999946,0.035258833202533424,5.9400000000009447e-05,0.0017615583958104253,9.819999999999274e-05,0.08320896680234,0.00010800000000000809,0.0021435918170027435,9.780000000000343e-05
