CreateTableRealTime,CreateTableCPUTime,LoadDataRealTime,LoadDataCPUTime,CreateIndexRealTime,CreateIndexCPUTime,AnalyzeRealTime,AnalyzeCPUTime,ExecuteQueryRealTime,ExecuteQueryCPUTime,WriteResultRealTime,WriteResultCPUTime
0.028131378999660228,0.00019380000000002173,0.007427393000398297,0.00039280000000002646,0.04890682699988247,0.00012599999999995948,0.002514163999876473,0.00014900000000001024,0.5157357630000661,0.0001162999999999581,0.03625343099974998,0.00013270000000004112
0.014652026000021579,0.00012449999999997186,0.0051913439997406385,0.0001623000000000041,0.03534200800004328,0.00012739999999999974,0.00195439900016936,0.00012689999999998536,0.45348324600035994,0.00011909999999998311,0.03914099800022086,0.00018839999999997747
Average,0.021391702499840903,0.0001591499999999968,0.006309368500069468,0.0002775500000000153,0.042124417499962874,0.0001266999999999796,0.0022342815000229166,0.0001379499999999978,0.484609504500213,0.0001176999999999706,0.03769721449998542,0.0001605500000000093
