CreateTableRealTime,CreateTableCPUTime,LoadDataRealTime,LoadDataCPUTime,CreateIndexRealTime,CreateIndexCPUTime,AnalyzeRealTime,AnalyzeCPUTime,ExecuteQueryRealTime,ExecuteQueryCPUTime,WriteResultRealTime,WriteResultCPUTime
0.017861584026832134,7.80000000000225e-05,0.014597250032238662,0.000134000000000023,0.036349000001791865,3.799999999998249e-05,0.0021630829432979226,5.099999999996774e-05,0.802628250035923,0.00010700000000002374,0.034715125046204776,0.00018100000000004224
0.019926999986637384,9.100000000000774e-05,0.012499624979682267,7.299999999998974e-05,0.03542670904425904,4.399999999998849e-05,0.002151584019884467,4.6000000000046004e-05,0.7680034170043655,0.00010199999999999099,0.03370516700670123,0.000148000000000037
0.02103966602589935,3.500000000000725e-05,0.012299750000238419,9.199999999998099e-05,0.033542249992024153,2.2999999999995246e-05,0.0021761670359410346,3.700000000000925e-05,0.7680350840091705,0.00015100000000001224,0.03324658295605332,0.00016599999999999948
0.019017582992091775,7.500000000004725e-05,0.01157295797020197,8.500000000000174e-05,0.038188790960703045,2.999999999997449e-05,0.0018299159710295498,7.499999999999174e-05,0.7720356249483302,4.100000000001325e-05,0.03291620803065598,2.9000000000001247e-05
0.017905875050928444,7.099999999998774e-05,0.012742375023663044,7.699999999999374e-05,0.03309358301339671,3.899999999995574e-05,0.0028173340251669288,6.999999999995898e-05,0.777061875036452,9.900000000001574e-05,0.032999792019836605,0.00014100000000000223
Average,0.019150341616477818,7.00000000000145e-05,0.012742391601204873,9.219999999999784e-05,0.03532006660243496,3.479999999997929e-05,0.0022276167990639808,5.579999999999474e-05,0.7775528502068483,0.00010000000000001119,0.033516575011890384,0.00013300000000001643
