CreateTableRealTime,CreateTableCPUTime,LoadDataRealTime,LoadDataCPUTime,CreateIndexRealTime,CreateIndexCPUTime,AnalyzeRealTime,AnalyzeCPUTime,ExecuteQueryRealTime,ExecuteQueryCPUTime,WriteResultRealTime,WriteResultCPUTime
0.02032470901031047,6.199999999995098e-05,0.007996000000275671,6.0000000000004494e-05,0.03401462500914931,3.8000000000038e-05,0.0020622910233214498,8.00000000000245e-05,0.34487079200334847,0.00011800000000000699,0,0
0.0208671250147745,7.20000000000165e-05,0.008721457968931645,7.80000000000225e-05,0.03720491600688547,4.0000000000040004e-05,0.0018963340553455055,7.80000000000225e-05,0.33912241703365,6.099999999997774e-05,0,0
0.018920833012089133,6.500000000003725e-05,0.008469875028822571,8.00000000000245e-05,0.0333782079978846,3.700000000000925e-05,0.0022699590190313756,7.399999999996298e-05,0.3351538749993779,9.40000000000385e-05,0,0
0.019958209013566375,7.499999999999174e-05,0.008750499982852489,8.500000000000174e-05,0.03308583400212228,4.099999999995774e-05,0.0020156250102445483,7.40000000000185e-05,0.3417965000262484,7.699999999999374e-05,0,0
0.019980625016614795,6.899999999998574e-05,0.009535165969282389,6.300000000003525e-05,0.03327145799994469,5.099999999996774e-05,0.0018808339955285192,4.099999999995774e-05,0.334952584002167,9.199999999998099e-05,0,0
Average,0.020010300213471055,6.859999999999644e-05,0.008694599790032953,7.320000000001769e-05,0.03419100820319727,4.1400000000002545e-05,0.00202500862069428,6.939999999999724e-05,0.3391792336129583,8.839999999999959e-05,0.0,0.0
