CreateTableRealTime,CreateTableCPUTime,LoadDataRealTime,LoadDataCPUTime,CreateIndexRealTime,CreateIndexCPUTime,AnalyzeRealTime,AnalyzeCPUTime,ExecuteQueryRealTime,ExecuteQueryCPUTime,WriteResultRealTime,WriteResultCPUTime
0.020000003278255463,0.0,0.0,0.0,0.04999999701976776,0.0,0.009999997913837433,0.0,0.3400000035762787,0.0,0.019999995827674866,0.0
0.020000003278255463,0.0,0.009999997913837433,0.0,0.03999999910593033,0.0,0.0,0.0,0.35999999940395355,0.0,0.020000003278255463,0.0
0.3400000035762787,0.0,0.03999999910593033,0.0,0.6499999985098839,0.0,0.020000003278255463,0.0,1.25,0.0,0.019999995827674866,0.0
Average,0.1266666700442632,0.0,0.01666666567325592,0.0,0.24666666487852731,0.0,0.010000000397364298,0.0,0.6500000009934107,0.0,0.019999998311201733,0.0
