CreateTableRealTime,CreateTableCPUTime,LoadDataRealTime,LoadDataCPUTime,CreateIndexRealTime,CreateIndexCPUTime,AnalyzeRealTime,AnalyzeCPUTime,ExecuteQueryRealTime,ExecuteQueryCPUTime,WriteResultRealTime,WriteResultCPUTime
0.01671545801218599,7.40000000000185e-05,0.010053625039290637,0.00016300000000002424,0.042874916980508715,2.199999999996649e-05,0.002532874990720302,7.40000000000185e-05,0.32005716604180634,0.00010599999999999499,0.0125081249861978,9.699999999995823e-05
0.01901691604871303,6.40000000000085e-05,0.007830124988686293,7.499999999999174e-05,0.041116791020613164,3.999999999998449e-05,0.002226875047199428,7.300000000004525e-05,0.3187140410300344,0.00010399999999999299,0.012083292007446289,0.000144000000000033
0.019963208003900945,8.40000000000285e-05,0.008839124988298863,0.00011500000000003174,0.039020791999064386,4.199999999998649e-05,0.002151207998394966,7.699999999999374e-05,0.3220599580090493,0.000128000000000017,0.012272750027477741,0.00014900000000001024
0.01794441696256399,5.300000000002525e-05,0.007911708962637931,5.0000000000050004e-05,0.04020166699774563,2.999999999997449e-05,0.0026029579457826912,8.599999999997499e-05,0.32040766696445644,0.00012699999999998823,0.012141999963205308,0.00013799999999997148
0.020024207944516093,7.499999999999174e-05,0.00809099996695295,7.699999999999374e-05,0.036730665946379304,3.999999999998449e-05,0.0019065829692408442,3.6999999999953737e-05,0.321620583999902,0.00010799999999999699,0.0121067920117639,0.00013099999999999223
Average,0.01873284139437601,7.00000000000145e-05,0.008545116789173334,9.60000000000183e-05,0.03998896658886224,3.479999999997929e-05,0.0022840997902676464,6.939999999999724e-05,0.3205718832090497,0.00011459999999999804,0.012222591799218207,0.00013179999999999304
