CreateTableRealTime,CreateTableCPUTime,LoadDataRealTime,LoadDataCPUTime,CreateIndexRealTime,CreateIndexCPUTime,AnalyzeRealTime,AnalyzeCPUTime,ExecuteQueryRealTime,ExecuteQueryCPUTime,WriteResultRealTime,WriteResultCPUTime
0.018006958009209484,6.799999999995698e-05,0.01588620903203264,0.00014999999999998348,0.037034250039141625,2.4000000000024002e-05,0.0021979999728500843,4.599999999999049e-05,1.084592374972999,8.60000000000305e-05,0.04795850004302338,0.00015399999999998748
0.017949041968677193,6.60000000000105e-05,0.014502999954856932,8.700000000000374e-05,0.032398291979916394,3.999999999998449e-05,0.002433583023957908,7.60000000000205e-05,1.0765557499835268,0.00010900000000002574,0.04720162501325831,0.00016700000000002824
0.01897141704102978,3.399999999997849e-05,0.016369457996916026,7.299999999998974e-05,0.033568791986908764,3.799999999998249e-05,0.0021808340097777545,7.60000000000205e-05,1.0799509580247104,6.0000000000004494e-05,0.04696145799243823,8.80000000000325e-05
0.01708687498467043,8.20000000000265e-05,0.014614749990869313,9.80000000000425e-05,0.03014804102713242,3.8000000000038e-05,0.0023921249667182565,7.599999999996498e-05,1.0749760830076411,0.00012900000000004574,0.047014292038511485,0.00013399999999996748
0.018029792001470923,7.00000000000145e-05,0.014407584036234766,7.80000000000225e-05,0.0344514999887906,3.799999999998249e-05,0.002051332965493202,7.60000000000205e-05,1.074618417012971,0.00017899999999998473,0.047965124947950244,0.00017300000000003424
Average,0.018008816801011563,6.39999999999974e-05,0.015156200202181936,9.72000000000084e-05,0.03352017500437796,3.5600000000002295e-05,0.002251174987759441,7.00000000000034e-05,1.0781387166003698,0.00011260000000001824,0.047420200007036326,0.00014320000000000999
