CreateTableRealTime,CreateTableCPUTime,LoadDataRealTime,LoadDataCPUTime,CreateIndexRealTime,CreateIndexCPUTime,AnalyzeRealTime,AnalyzeCPUTime,ExecuteQueryRealTime,ExecuteQueryCPUTime,WriteResultRealTime,WriteResultCPUTime
0.014400358999864693,0.00010820000000000274,0.005115175999890198,0.00018010000000001636,0.03642459999991843,9.639999999999649e-05,0.0036738730000251962,0.00012049999999996786,0.5095328339998559,0.00014390000000003011,0.03775040099981197,0.00013249999999997986
0.014965697999741678,0.00011110000000003062,0.005400480999924184,0.00018719999999999848,0.0403634070003136,0.00011189999999999811,0.002403612999842153,0.00019459999999998923,0.4928250240000125,0.0001476000000000255,0.030144032999942283,0.00011250000000001537
Average,0.014683028499803186,0.00010965000000001668,0.005257828499907191,0.00018365000000000742,0.038394003500116014,0.0001041499999999973,0.0030387429999336746,0.00015754999999997854,0.5011789289999342,0.0001457500000000278,0.03394721699987713,0.0001224999999999976
