CreateTableRealTime,CreateTableCPUTime,LoadDataRealTime,LoadDataCPUTime,CreateIndexRealTime,CreateIndexCPUTime,AnalyzeRealTime,AnalyzeCPUTime,ExecuteQueryRealTime,ExecuteQueryCPUTime,WriteResultRealTime,WriteResultCPUTime
0.017936209042090923,6.0000000000004494e-05,0.004351374984253198,6.899999999998574e-05,0.03261754201957956,3.399999999997849e-05,0.0021355420467443764,7.40000000000185e-05,0.13891933299601078,0.00012200000000001099,0,0
0.018848625011742115,7.300000000004525e-05,0.005755582998972386,7.799999999996698e-05,0.03524704201845452,3.500000000000725e-05,0.001962083042599261,8.900000000000574e-05,0.15000945795327425,9.399999999998299e-05,0,0
0.017959916964173317,6.699999999998374e-05,0.005711250007152557,9.999999999998899e-05,0.03424862498650327,3.799999999998249e-05,0.0020403750240802765,7.20000000000165e-05,0.14109020796604455,8.999999999997899e-05,0,0
0.020282374985981733,6.80000000000125e-05,0.004634665965568274,7.60000000000205e-05,0.03514079196611419,3.599999999998049e-05,0.0019741669530048966,7.20000000000165e-05,0.13882425002520904,8.900000000000574e-05,0,0
0.01997570798266679,7.299999999998974e-05,0.005821000027935952,7.999999999996898e-05,0.03310304100159556,3.4999999999951736e-05,0.0021044170134700835,8.100000000005325e-05,0.14277987502282485,7.899999999999574e-05,0,0
Average,0.019000566797330976,6.820000000000715e-05,0.005254774796776473,8.059999999998624e-05,0.034071408398449424,3.559999999998009e-05,0.002043316815979779,7.760000000002209e-05,0.1423246247926727,9.479999999999489e-05,0.0,0.0
