CreateTableRealTime,CreateTableCPUTime,LoadDataRealTime,LoadDataCPUTime,CreateIndexRealTime,CreateIndexCPUTime,AnalyzeRealTime,AnalyzeCPUTime,ExecuteQueryRealTime,ExecuteQueryCPUTime,WriteResultRealTime,WriteResultCPUTime
0.016145200999744702,0.00012329999999999286,0.0075965549999637005,0.00019839999999998748,0.035470146000079694,0.00013319999999999999,0.003690677999657055,0.00010950000000004012,0.41330485400021644,0.00013959999999996198,0.021856420999938564,0.00016679999999996697
0.019106706000002305,0.00013099999999999223,0.0055706260000079055,0.00018689999999998985,0.039874130000043806,0.00012099999999998223,0.003661948000171833,0.00013370000000001436,0.3906434049999916,0.00010759999999998549,0.023646674000247003,0.0001330999999999971
Average,0.017625953499873503,0.00012714999999999255,0.006583590499985803,0.00019264999999998866,0.03767213800006175,0.0001270999999999911,0.003676312999914444,0.00012160000000002724,0.401974129500104,0.00012359999999997373,0.022751547500092784,0.00014994999999998204
