CreateTableRealTime,CreateTableCPUTime,LoadDataRealTime,LoadDataCPUTime,CreateIndexRealTime,CreateIndexCPUTime,AnalyzeRealTime,AnalyzeCPUTime,ExecuteQueryRealTime,ExecuteQueryCPUTime,WriteResultRealTime,WriteResultCPUTime
0.018905583943706006,2.9000000000001247e-05,0.021881124994251877,0.00011600000000000499,0.033098415995482355,4.699999999996374e-05,0.0017771670245565474,7.999999999996898e-05,9.103778832999524,9.20000000000365e-05,0.12875816598534584,0.00014799999999998148
0.018989000003784895,4.999999999999449e-05,0.02110341697698459,8.299999999999974e-05,0.030758542008697987,3.700000000000925e-05,0.0017980409902520478,6.299999999997974e-05,9.193748917023186,8.299999999999974e-05,0.13054991600802168,0.00014500000000000624
0.01788766705431044,6.099999999997774e-05,0.02110700000775978,8.099999999999774e-05,0.03185887500876561,3.500000000000725e-05,0.0019383750041015446,7.40000000000185e-05,9.26275216601789,0.00010700000000002374,0.13371999998344108,0.000136000000000025
0.01902379101375118,7.099999999998774e-05,0.018623124982696027,6.60000000000105e-05,0.030329125002026558,4.300000000001525e-05,0.0025276250089518726,0.00011100000000002774,9.212565333000384,0.00011400000000000299,0.12948270799824968,0.00014100000000000223
0.017038749996572733,6.299999999997974e-05,0.020535333023872226,8.299999999999974e-05,0.03228804201353341,3.799999999998249e-05,0.0018194579752162099,3.999999999998449e-05,9.137443083978724,0.00010299999999996423,0.13113420800073072,0.00014500000000000624
Average,0.01836895840242505,5.479999999998819e-05,0.0206499999971129,8.580000000000255e-05,0.031666600005701186,3.999999999999559e-05,0.0019721332006156444,7.35999999999959e-05,9.182057666603942,9.980000000000543e-05,0.1307289995951578,0.00014300000000000423
