CreateTableRealTime,CreateTableCPUTime,LoadDataRealTime,LoadDataCPUTime,CreateIndexRealTime,CreateIndexCPUTime,AnalyzeRealTime,AnalyzeCPUTime,ExecuteQueryRealTime,ExecuteQueryCPUTime,WriteResultRealTime,WriteResultCPUTime
0.00235060899990458,6.070000000002462e-05,0.002070992999961163,0.0002519000000000271,0.007240002999878925,9.790000000003962e-05,0.0038746220000120957,0.00015599999999998948,0.05297061000010217,0.00015380000000003724,0.00999168499993175,0.0075405000000000055
0.0023308019999603857,0.00010070000000000912,0.004001871000127721,0.0002727000000000146,0.00712721199988664,0.00010530000000003037,0.003984033999813619,0.00012650000000002937,0.04916861499987135,0.00014690000000000536,0.010386379999999917,0.00681849999999995
Average,0.0023407054999324828,8.070000000001687e-05,0.0030364320000444422,0.00026230000000002085,0.007183607499882783,0.000101600000000035,0.003929327999912857,0.00014125000000000942,0.05106961249998676,0.0001503500000000213,0.010189032499965833,0.007179499999999978
