CreateTableRealTime,CreateTableCPUTime,LoadDataRealTime,LoadDataCPUTime,CreateIndexRealTime,CreateIndexCPUTime,AnalyzeRealTime,AnalyzeCPUTime,ExecuteQueryRealTime,ExecuteQueryCPUTime,WriteResultRealTime,WriteResultCPUTime
0.003100208006799221,1.999999999996449e-05,0.0053978340001776814,9.100000000000774e-05,0.0029000830254517496,1.2999999999985246e-05,0.001254500006325543,1.399999999995849e-05,1.4643540419638157,0.00020399999999998197,0.13168725004652515,0.101221
0.002975124982185662,1.7000000000044757e-05,0.005182374967262149,9.700000000001374e-05,0.0025682499981485307,1.2999999999985246e-05,0.0010601249523460865,1.2999999999985246e-05,1.4725952919689007,0.00016700000000002824,0.13109758403152227,0.09663700000000003
0.002629542024806142,3.900000000001125e-05,0.00522254197858274,8.900000000000574e-05,0.003187958034686744,3.599999999998049e-05,0.0013865000219084322,3.4000000000034e-05,1.4878829160006717,0.00021900000000002473,0.13136054197093472,0.09789999999999999
0.0036182079929858446,2.2999999999995246e-05,0.005452707991935313,0.00010399999999999299,0.0032342500053346157,1.4000000000014001e-05,0.0012787080486305058,1.2000000000012001e-05,1.5243040829664096,0.00020500000000001073,0.12950412498321384,0.09650400000000003
0.002823374990839511,4.300000000001525e-05,0.005215290992055088,0.000128000000000017,0.003373833023943007,3.500000000000725e-05,0.001580999989528209,5.500000000002725e-05,1.509290250018239,0.00020500000000001073,0.13061412499519065,0.09548600000000002
Average,0.003029291599523276,2.84000000000062e-05,0.005294149986002594,0.00010180000000000743,0.0030528748175129294,2.2199999999994448e-05,0.0013121666037477554,2.5600000000003397e-05,1.4916853165836073,0.00020000000000001129,0.13085272520547733,0.09754960000000001
