CreateTableRealTime,CreateTableCPUTime,LoadDataRealTime,LoadDataCPUTime,CreateIndexRealTime,CreateIndexCPUTime,AnalyzeRealTime,AnalyzeCPUTime,ExecuteQueryRealTime,ExecuteQueryCPUTime,WriteResultRealTime,WriteResultCPUTime
0.0037937500164844096,1.6000000000016e-05,0.0037163340020924807,9.399999999998299e-05,0.0035366659867577255,1.4000000000014001e-05,0.0013334170216694474,1.2999999999985246e-05,0.5220172500121407,0.00018699999999999273,0.047269208007492125,0.04291099999999998
0.0035914999898523092,1.9000000000046757e-05,0.0029005000251345336,0.00010199999999999099,0.0028445839998312294,3.2000000000032e-05,0.0012773749767802656,1.5000000000042757e-05,0.46422866598004475,0.00013599999999996948,0.04642645799322054,0.04197400000000001
0.004208916972856969,1.999999999996449e-05,0.00390399998286739,0.00011200000000000099,0.0047637500101700425,1.4000000000014001e-05,0.0026541250408627093,1.399999999995849e-05,0.48738670896273106,0.00016399999999999748,0.048018792003858835,0.04256500000000002
0.0038481249939650297,4.999999999999449e-05,0.0038505420088768005,0.00013900000000000023,0.0040304160211235285,4.099999999995774e-05,0.0015494580147787929,3.900000000001125e-05,0.5635807089856826,0.00021400000000004749,0.048989334027282894,0.043144000000000016
0.002886125002987683,4.799999999999249e-05,0.0028942080098204315,0.000126000000000015,0.002916291996371001,3.700000000000925e-05,0.0011829579598270357,1.2999999999985246e-05,0.5138152909930795,0.00014799999999998148,0.04839633300434798,0.04277799999999998
Average,0.00366568339522928,3.0600000000002844e-05,0.0034531168057583272,0.00011459999999999804,0.0036183416028507053,2.7600000000005397e-05,0.0015994666027836502,1.8799999999996598e-05,0.5102057249867358,0.00016979999999999773,0.047820025007240474,0.0426744
