CreateTableRealTime,CreateTableCPUTime,LoadDataRealTime,LoadDataCPUTime,CreateIndexRealTime,CreateIndexCPUTime,AnalyzeRealTime,AnalyzeCPUTime,ExecuteQueryRealTime,ExecuteQueryCPUTime,WriteResultRealTime,WriteResultCPUTime
0.0032179579720832407,2.6999999999999247e-05,0.0005426249699667096,0.00012299999999998423,0.001233957998920232,4.300000000001525e-05,0.000932792027015239,3.500000000000725e-05,0.005665167002007365,3.500000000000725e-05,0.0013024159707129002,0.00048199999999998244
0.0027722910162992775,4.100000000001325e-05,0.0007359169539995492,9.300000000000974e-05,0.0018015839741565287,1.8000000000018e-05,0.00047666701721027493,1.8999999999991246e-05,0.004823333001695573,2.0999999999993246e-05,0.0015895830001682043,0.0003870000000000262
0.0031720420229248703,4.499999999996174e-05,0.0007555840420536697,0.00015099999999995672,0.0010317910346202552,3.199999999997649e-05,0.0004170829779468477,1.8999999999991246e-05,0.007578207994811237,1.8999999999991246e-05,0.001060916983988136,0.00041200000000002346
0.00305124995065853,4.100000000001325e-05,0.000774916959926486,0.0001000000000000445,0.0019846250070258975,1.4000000000014001e-05,0.0006104169879108667,3.300000000000525e-05,0.0032631250214762986,1.6000000000016e-05,0.0020377920009195805,0.0005059999999999509
0.003241416998207569,1.599999999996049e-05,0.0007678749971091747,0.00011100000000002774,0.0013590420130640268,3.799999999998249e-05,0.0010357499704696238,1.199999999995649e-05,0.006086125038564205,3.799999999998249e-05,0.0015898339916020632,0.00046599999999996644
Average,0.0030909915920346977,3.399999999998959e-05,0.0007153835846111179,0.00011560000000000459,0.001482200005557388,2.9000000000001247e-05,0.0006945417961105704,2.3599999999990294e-05,0.0054831916117109355,2.5799999999998045e-05,0.0015161083894781769,0.0004505999999999899
