CreateTableRealTime,CreateTableCPUTime,LoadDataRealTime,LoadDataCPUTime,CreateIndexRealTime,CreateIndexCPUTime,AnalyzeRealTime,AnalyzeCPUTime,ExecuteQueryRealTime,ExecuteQueryCPUTime,WriteResultRealTime,WriteResultCPUTime
0.003648499958217144,1.6999999999989246e-05,0.0011142499861307442,0.00012899999999999023,0.002243541006464511,4.900000000002125e-05,0.001074999978300184,3.599999999998049e-05,0.044587790966033936,2.999999999997449e-05,0.0058170410338789225,0.00445300000000004
0.0035047089913859963,4.300000000001525e-05,0.0026098749949596822,0.00010300000000001974,0.004238665977027267,3.900000000001125e-05,0.0012630410492420197,3.599999999998049e-05,0.04182237497298047,3.199999999997649e-05,0.012113250035326928,0.00432699999999997
0.0034902089973911643,1.799999999996249e-05,0.001129290962126106,0.00010999999999999899,0.002114833041559905,3.500000000000725e-05,0.0009865409811027348,1.2999999999985246e-05,0.03999529196880758,2.999999999997449e-05,0.005625916994176805,0.004320999999999964
0.002555042039602995,2.599999999997049e-05,0.0005423749680630863,0.00010399999999999299,0.001976667030248791,1.4999999999987246e-05,0.0008342909859493375,2.199999999996649e-05,0.03994620800949633,3.300000000000525e-05,0.00527095899451524,0.003996999999999973
0.00330400001257658,4.6000000000046004e-05,0.001152042008470744,0.00015799999999999148,0.002120999968610704,2.4999999999997247e-05,0.0013535410398617387,3.700000000000925e-05,0.04018641699803993,3.799999999998249e-05,0.005538792000152171,0.004147000000000012
Average,0.0033004919998347758,2.9999999999996697e-05,0.0013095665839500726,0.00012079999999999868,0.002538941404782236,3.2600000000004845e-05,0.0011024828068912028,2.8799999999984393e-05,0.04130761658307165,3.2599999999982646e-05,0.006873191811610013,0.0042489999999999915
