CreateTableRealTime,CreateTableCPUTime,LoadDataRealTime,LoadDataCPUTime,CreateIndexRealTime,CreateIndexCPUTime,AnalyzeRealTime,AnalyzeCPUTime,ExecuteQueryRealTime,ExecuteQueryCPUTime,WriteResultRealTime,WriteResultCPUTime
0.0026243439999689144,8.929999999995886e-05,0.002231347999895661,0.0002882000000000162,0.007482453000193345,0.000130000000000019,0.0037146409999877505,0.00012940000000000174,0.052717175999987376,0.00013219999999997123,0.010908371999903466,0.007824300000000006
0.003719751000062388,0.00011400000000000299,0.0021498329999758425,0.0002870999999999846,0.00889239599996472,0.0001275000000000026,0.0021267810000153986,0.00013689999999999536,0.05543209300003582,0.00012990000000001611,0.011899191000111387,0.007913500000000018
Average,0.003172047500015651,0.00010164999999998092,0.0021905904999357517,0.0002876500000000004,0.008187424500079032,0.0001287500000000108,0.0029207110000015746,0.00013314999999999855,0.0540746345000116,0.00013104999999999367,0.011403781500007426,0.007868900000000012
