CreateTableRealTime,CreateTableCPUTime,LoadDataRealTime,LoadDataCPUTime,CreateIndexRealTime,CreateIndexCPUTime,AnalyzeRealTime,AnalyzeCPUTime,ExecuteQueryRealTime,ExecuteQueryCPUTime,WriteResultRealTime,WriteResultCPUTime
0.0025897910236380994,4.799999999999249e-05,0.0025330419884994626,0.00014100000000000223,0.002883707988075912,1.6000000000016e-05,0.0011773330043070018,1.6000000000016e-05,0.04844550002599135,2.6000000000026002e-05,0.006063792039640248,0.004666999999999977
0.003687499964144081,4.199999999998649e-05,0.0013839169987477362,0.00013999999999997348,0.0021177089656703174,1.2999999999985246e-05,0.0009387080208398402,3.300000000000525e-05,0.04357837501447648,2.599999999997049e-05,0.005974959000013769,0.004587999999999981
0.0036881249980069697,5.1999999999996493e-05,0.0014193750103004277,0.00013900000000000023,0.002938334015198052,3.599999999998049e-05,0.00137366697890684,3.399999999997849e-05,0.04550954099977389,2.0999999999993246e-05,0.006071207986678928,0.004726999999999981
0.0030590419773943722,4.299999999995974e-05,0.001333374995738268,0.000138000000000027,0.0027022919966839254,4.599999999999049e-05,0.0013373330002650619,3.599999999998049e-05,0.04713250003987923,2.2999999999995246e-05,0.006055666017346084,0.00478099999999998
0.0028660420211963356,3.799999999998249e-05,0.00137179100420326,0.000124000000000013,0.0024263749946840107,3.6000000000036e-05,0.0011986249592155218,3.300000000000525e-05,0.03921883401926607,3.2000000000032e-05,0.0056476250174455345,0.004283000000000037
Average,0.0031780999968759717,4.459999999998354e-05,0.001608299999497831,0.00013640000000000318,0.0026136835920624437,2.9400000000001646e-05,0.0012051331927068532,3.0399999999997097e-05,0.0447769500198774,2.5600000000003397e-05,0.005962650012224913,0.004609199999999991
