CreateTableRealTime,CreateTableCPUTime,LoadDataRealTime,LoadDataCPUTime,CreateIndexRealTime,CreateIndexCPUTime,AnalyzeRealTime,AnalyzeCPUTime,ExecuteQueryRealTime,ExecuteQueryCPUTime,WriteResultRealTime,WriteResultCPUTime
0.003054125001654029,1.7000000000044757e-05,0.0011830839794129133,0.00013499999999999623,0.002437499992083758,5.499999999997174e-05,0.0007153329788707197,1.0999999999983245e-05,0.014157166995573789,4.799999999999249e-05,0.0033837499795481563,0.0012549999999999506
0.0035576249938458204,1.7000000000044757e-05,0.001029792008921504,0.00015100000000001224,0.002034790988545865,3.700000000000925e-05,0.0009082079632207751,3.4000000000034e-05,0.015695000009145588,4.199999999998649e-05,0.0031127920374274254,0.0011030000000000206
0.003630499995779246,1.6999999999989246e-05,0.0009342920384369791,0.00011499999999997623,0.002000915992539376,8.099999999999774e-05,0.0008822919917292893,4.599999999999049e-05,0.014985333022195846,4.399999999998849e-05,0.003291541012004018,0.0011509999999999576
0.0028003749903291464,4.599999999999049e-05,0.0007605419959872961,0.00010599999999999499,0.0010743750026449561,2.6999999999999247e-05,0.0004698749980889261,1.6000000000016e-05,0.015482707996852696,2.2000000000022002e-05,0.00325429200893268,0.0010899999999999799
0.0031507909880019724,4.8000000000048004e-05,0.0008731249836273491,9.00000000000345e-05,0.0020505840075202286,1.4000000000014001e-05,0.0008841250091791153,3.700000000000925e-05,0.015165415999945253,5.099999999996774e-05,0.0031597919878549874,0.001214999999999966
Average,0.003238683193922043,2.9000000000023453e-05,0.0009561670012772083,0.00011940000000000283,0.0019196331966668367,4.27999999999984e-05,0.0007719665882177651,2.88000000000066e-05,0.015097124804742634,4.1399999999991445e-05,0.0032404334051534534,0.001162799999999975
