CreateTableRealTime,CreateTableCPUTime,LoadDataRealTime,LoadDataCPUTime,CreateIndexRealTime,CreateIndexCPUTime,AnalyzeRealTime,AnalyzeCPUTime,ExecuteQueryRealTime,ExecuteQueryCPUTime,WriteResultRealTime,WriteResultCPUTime
0.002926131999856807,9.019999999998474e-05,0.002531548999968436,0.0002995000000000081,0.007125260999828242,0.00010660000000001224,0.0036703709999983403,0.00010149999999997661,0.23377154600007088,0.0001623000000000041,0.04464575999986664,0.029573000000000016
0.002742949999856137,0.00011329999999998286,0.004783960999930059,0.0004182999999999826,0.007459592000031989,0.0001262999999999681,0.0036638859999129636,0.00011640000000001649,0.22885659799999303,0.00021039999999999948,0.052963675000000876,0.03853449999999997
Average,0.002834540999856472,0.0001017499999999838,0.0036577549999492476,0.00035889999999999533,0.007292426499930116,0.00011644999999999017,0.003667128499955652,0.00010894999999999655,0.23131407200003196,0.0001863500000000018,0.04880471749993376,0.034053749999999994
