CreateTableRealTime,CreateTableCPUTime,LoadDataRealTime,LoadDataCPUTime,CreateIndexRealTime,CreateIndexCPUTime,AnalyzeRealTime,AnalyzeCPUTime,ExecuteQueryRealTime,ExecuteQueryCPUTime,WriteResultRealTime,WriteResultCPUTime
0.004333069999802319,0.0001454999999999651,0.004204103000120085,0.00031399999999998096,0.0068090540000866895,0.0001256000000000035,0.003831495999975232,0.000281200000000037,0.01596527300011985,0.0001666999999999641,0.0033153300000776653,0.0020668999999999826
0.003225289000056364,0.00019419999999997772,0.0023869740000463935,0.0004239000000000326,0.007377337999969313,0.00015599999999998948,0.003770684000073743,0.0001431000000000071,0.01612490999991678,0.00017689999999997985,0.003315922000183491,0.0022816999999999976
Average,0.0037791794999293415,0.0001698499999999714,0.0032955385000832393,0.00036895000000000677,0.0070931960000280014,0.00014079999999999648,0.0038010900000244874,0.00021215000000002204,0.016045091500018316,0.00017179999999997198,0.003315626000130578,0.00217429999999999
