CreateTableRealTime,CreateTableCPUTime,LoadDataRealTime,LoadDataCPUTime,CreateIndexRealTime,CreateIndexCPUTime,AnalyzeRealTime,AnalyzeCPUTime,ExecuteQueryRealTime,ExecuteQueryCPUTime,WriteResultRealTime,WriteResultCPUTime
0.00349949998781085,2.4999999999997247e-05,0.001491667004302144,0.00014299999999994872,0.0016326669720001519,1.799999999996249e-05,0.0005397499771788716,3.6000000000036e-05,0.04063558398047462,3.2999999999949736e-05,0.005321582953911275,0.004120999999999986
0.0027784580015577376,4.699999999996374e-05,0.0011497910018078983,0.00011400000000000299,0.00136170897167176,2.1000000000048757e-05,0.0007940420182421803,4.599999999999049e-05,0.0384529170114547,4.700000000001925e-05,0.004831083002500236,0.0037209999999999743
0.002951459027826786,4.799999999999249e-05,0.0012277080095373094,0.00014700000000000824,0.0020662079914472997,1.4999999999987246e-05,0.0010991670424118638,1.4000000000014001e-05,0.0360271250247024,2.999999999997449e-05,0.004922207968775183,0.003825999999999996
0.003731583012267947,2.799999999997249e-05,0.0012569170212373137,8.899999999995023e-05,0.0018972920370288193,1.4999999999987246e-05,0.00044529198203235865,1.2999999999985246e-05,0.04305237502558157,2.4999999999997247e-05,0.005465167050715536,0.0041979999999999795
0.0029374589794315398,4.700000000001925e-05,0.001151041011326015,0.00014100000000000223,0.001991708006244153,1.5000000000042757e-05,0.0009600420016795397,3.700000000000925e-05,0.0465592909604311,3.4999999999951736e-05,0.005663541960529983,0.004290000000000016
Average,0.0031796918017789723,3.899999999998904e-05,0.001255424809642136,0.00012679999999998248,0.0017899167956784367,1.68000000000057e-05,0.0007676586043089628,2.9200000000006998e-05,0.04094545840052888,3.399999999997849e-05,0.005240716587286443,0.00403119999999999
