CreateTableRealTime,CreateTableCPUTime,LoadDataRealTime,LoadDataCPUTime,CreateIndexRealTime,CreateIndexCPUTime,AnalyzeRealTime,AnalyzeCPUTime,ExecuteQueryRealTime,ExecuteQueryCPUTime,WriteResultRealTime,WriteResultCPUTime
0.023885254000106215,0.00018530000000005487,0.3329123840003376,0.0002661999999999942,0.7402394900000218,0.0002556000000000225,0.21640219399978378,0.00021890000000002185,0.3461345440000514,0.00019059999999992971,0.0245605400000386,0.00019290000000005136
0.03022879100035425,0.00023200000000000998,0.47709207699972467,0.00033839999999996095,0.92385933200012,0.00025359999999996496,0.2649967799998194,0.0001754999999999951,0.3421361910000087,0.0002028000000000585,0.02850197499992646,0.0002286999999999706
Average,0.027057022500230232,0.00020865000000003242,0.40500223050003115,0.0003022999999999776,0.8320494110000709,0.0002545999999999937,0.2406994869998016,0.00019720000000000848,0.34413536750003004,0.0001966999999999941,0.02653125749998253,0.00021080000000001098
