CreateTableRealTime,CreateTableCPUTime,LoadDataRealTime,LoadDataCPUTime,CreateIndexRealTime,CreateIndexCPUTime,AnalyzeRealTime,AnalyzeCPUTime,ExecuteQueryRealTime,ExecuteQueryCPUTime,WriteResultRealTime,WriteResultCPUTime
0.0210857079946436,8.700000000000374e-05,0.3166886249673553,0.00033600000000000296,0.5675223750295117,0.00018299999999998873,0.18385224998928607,0.00015300000000001424,0.27461575000779703,0.00012000000000000899,0.015543374989647418,0.00012799999999996148
0.028922208992298692,6.700000000003925e-05,0.3066657909657806,0.0003969999999999807,0.5700426670373417,0.0002750000000000252,0.17091099999379367,0.00014500000000000624,0.2151887079817243,0.00016700000000002824,0.014936624967958778,0.00023800000000001598
0.026108041987754405,4.599999999999049e-05,0.3276772499666549,0.0003230000000000177,0.5649494579993188,0.00037799999999998946,0.18028937501367182,0.00021599999999999397,0.20727458299370483,0.00012499999999998623,0.018886292004026473,0.00021999999999999797
0.027505209029186517,9.500000000001174e-05,0.31602633296279237,0.00046399999999996444,0.5760914579732344,0.00023400000000001198,0.18793795799138024,0.000124000000000013,0.27666116697946563,0.00015900000000002024,0.018032708030659705,0.0003289999999999682
0.022257792006712407,6.799999999995698e-05,0.3156936669838615,0.0003489999999999882,0.5791213749907911,0.00028400000000000647,0.18197733402485028,0.00025199999999997447,0.22216866601957008,0.00021300000000001873,0.018580166972242296,0.00023200000000000998
Average,0.025175792002119123,7.260000000000044e-05,0.31655033316928893,0.0003737999999999908,0.5715454666060396,0.00027080000000000436,0.18099358340259641,0.00017800000000000037,0.23918177479645236,0.00015680000000001248,0.017195833392906933,0.00022939999999999072
