CreateTableRealTime,CreateTableCPUTime,LoadDataRealTime,LoadDataCPUTime,CreateIndexRealTime,CreateIndexCPUTime,AnalyzeRealTime,AnalyzeCPUTime,ExecuteQueryRealTime,ExecuteQueryCPUTime,WriteResultRealTime,WriteResultCPUTime
0.021936917037237436,6.0000000000004494e-05,0.2964690420194529,0.0004410000000000247,0.5733854999998584,0.00023499999999998522,0.17182779195718467,0.00018600000000001948,0.27695295796729624,0.00015299999999995872,0.018110165954567492,0.00023999999999996247
0.02290987502783537,5.6000000000000494e-05,0.29418600001372397,0.00018200000000001548,0.6077159579726867,0.0003110000000000057,0.17963925004005432,0.00022099999999997122,0.2595921669853851,0.00015300000000001424,0.018596624955534935,0.00017100000000003224
0.02415679197292775,4.799999999999249e-05,0.3095266669988632,0.0003989999999999827,0.5727652499917895,0.0002949999999999897,0.16967466700589284,0.000142000000000031,0.2052578330039978,0.00011299999999997423,0.019175584020558745,0.00018499999999999073
0.013466249976772815,6.499999999998174e-05,0.2685509159928188,0.00018400000000001748,0.5562880000215955,0.0003190000000000137,0.16759208298753947,9.399999999998299e-05,0.2156494169612415,0.00012700000000004374,0.017713624984025955,0.00013399999999996748
0.01845362497260794,5.8000000000002494e-05,0.3131169590051286,0.00046999999999997044,0.5866021660040133,0.0003069999999999462,0.16732091701123863,0.00010899999999997023,0.2566534170182422,0.00015500000000001624,0.017774540989194065,0.00018099999999998673
Average,0.020184691797476263,5.739999999999634e-05,0.2963699168059975,0.0003352000000000022,0.5793513747979887,0.0002933999999999881,0.171210941800382,0.00015039999999999498,0.24282115838723256,0.00014020000000000143,0.01827410818077624,0.00018219999999998792
