CreateTableRealTime,CreateTableCPUTime,LoadDataRealTime,LoadDataCPUTime,CreateIndexRealTime,CreateIndexCPUTime,AnalyzeRealTime,AnalyzeCPUTime,ExecuteQueryRealTime,ExecuteQueryCPUTime,WriteResultRealTime,WriteResultCPUTime
0.019999995827674866,0.0,0.30000000447034836,0.0,0.6499999985098839,0.0,0.17999999970197678,0.0,0.2800000011920929,0.0,0.019999995827674866,0.0
0.009999997913837433,0.0,0.30000000447034836,0.0,0.5899999961256981,0.0,0.17999999970197678,0.0,0.23000000417232513,0.0,0.009999997913837433,0.0
0.009999997913837433,0.0,0.27000000327825546,0.0,0.5499999970197678,0.0,0.1600000038743019,0.0,0.27000000327825546,0.0,0.019999995827674866,0.0
Average,0.013333330551783243,0.0,0.29000000407298404,0.0,0.5966666638851166,0.0,0.17333333442608514,0.0,0.26000000288089115,0.0,0.016666663189729054,0.0
