CreateTableRealTime,CreateTableCPUTime,LoadDataRealTime,LoadDataCPUTime,CreateIndexRealTime,CreateIndexCPUTime,AnalyzeRealTime,AnalyzeCPUTime,ExecuteQueryRealTime,ExecuteQueryCPUTime,WriteResultRealTime,WriteResultCPUTime
0.012075208011083305,3.700000000000925e-05,0.2750785409589298,0.0004049999999999887,0.5575634160195477,0.00037199999999998346,0.17737416701857,0.00031600000000003847,0.19350399996619672,0.00023499999999998522,0.01776920899283141,0.00031999999999998696
0.01972808298887685,7.699999999999374e-05,0.27710179099813104,0.00045799999999995844,0.5242613750160672,0.00022999999999995246,0.1433612090186216,0.00014999999999998348,0.20467025000834838,0.00014300000000000423,0.0194572500186041,0.00023899999999998922
0.011491958983242512,4.100000000001325e-05,0.21993099997052923,0.000152000000000041,0.4836347079835832,0.0002550000000000052,0.15082162502221763,0.00013499999999999623,0.20789154199883342,0.00012099999999998223,0.015239458996802568,0.00030000000000002247
0.016878916998393834,7.900000000005125e-05,0.28451366699300706,0.00037200000000003897,0.5135995000018738,0.0002989999999999937,0.1650193749810569,0.00026599999999998847,0.28017954202368855,0.00017899999999998473,0.019630042021162808,0.0003210000000000157
0.018487334018573165,6.80000000000125e-05,0.28061308298492804,0.0003969999999999807,0.5563643330242485,0.0003549999999999942,0.18171174998860806,0.00036000000000002697,0.2451192500302568,0.0003009999999999957,0.01893574994755909,0.00036799999999997945
Average,0.01573230020003393,6.0400000000015996e-05,0.26744761638110504,0.00035680000000000157,0.527084666409064,0.0003021999999999858,0.16365762520581484,0.0002454000000000067,0.22627291680546477,0.00019579999999999042,0.018206341995391995,0.00030959999999999874
