CreateTableRealTime,CreateTableCPUTime,LoadDataRealTime,LoadDataCPUTime,CreateIndexRealTime,CreateIndexCPUTime,AnalyzeRealTime,AnalyzeCPUTime,ExecuteQueryRealTime,ExecuteQueryCPUTime,WriteResultRealTime,WriteResultCPUTime
0.026058209012262523,4.899999999996574e-05,0.3172796669532545,0.0002710000000000212,0.5586480830097571,0.00027199999999999447,0.17074754100758582,8.700000000000374e-05,0.20766062499023974,0.00011800000000000699,0.018976125051267445,0.00018399999999996197
0.02651900000637397,4.999999999999449e-05,0.3047850420116447,0.0003670000000000062,0.5564555829623714,0.00019399999999997197,0.17518312501488253,0.000126000000000015,0.2830084169982001,0.00019399999999997197,0.018913625041022897,0.0002449999999999952
0.026062167016789317,0.00010599999999999499,0.3096560830017552,0.0003770000000000162,0.6126471669995226,0.00031000000000003247,0.18019483296666294,0.00015599999999998948,0.2123871659860015,0.00014900000000001024,0.0168975840206258,0.00020100000000000673
0.027662916982080787,7.299999999998974e-05,0.29711662500631064,0.0003810000000000202,0.5544760419870727,0.000246000000000024,0.1741909999982454,0.00018099999999998673,0.2565268750186078,0.000146000000000035,0.016929499979596585,0.00020500000000001073
0.017419291951227933,6.899999999998574e-05,0.27865170896984637,0.00035800000000002496,0.5603439999977127,0.00017000000000000348,0.1981162500451319,7.299999999998974e-05,0.2128146250033751,9.100000000000774e-05,0.017899499973282218,0.00018899999999999473
Average,0.024744316993746907,6.939999999998614e-05,0.3014978251885623,0.00035080000000001774,0.5685141749912873,0.00023840000000000528,0.17968654980650173,0.00012459999999999693,0.23447954159928486,0.00013960000000000637,0.017923266813158988,0.00020479999999999386
