CreateTableRealTime,CreateTableCPUTime,LoadDataRealTime,LoadDataCPUTime,CreateIndexRealTime,CreateIndexCPUTime,AnalyzeRealTime,AnalyzeCPUTime,ExecuteQueryRealTime,ExecuteQueryCPUTime,WriteResultRealTime,WriteResultCPUTime
0.01911220798501745,6.40000000000085e-05,0.2724886249634437,0.0004449999999999732,0.554422874993179,0.0003130000000000077,0.17154379101702943,0.0002610000000000112,0.19889524998143315,0.00030200000000002447,0.0205785830039531,0.0003309999999999702
0.016988083021715283,8.700000000000374e-05,0.27121691597858444,0.00037199999999998346,0.5636973750079051,0.0003289999999999682,0.16533025004900992,0.0002570000000000072,0.1928940420038998,0.00022500000000003073,0.020809375040698797,0.00033600000000000296
0.017527749994769692,6.099999999997774e-05,0.29340970900375396,0.00032599999999999296,0.5833218339830637,0.0003789999999999627,0.19053120800526813,0.00025999999999998247,0.2699159160256386,0.0003129999999999522,0.017880666942801327,0.0003690000000000082
0.018483166000805795,5.1999999999996493e-05,0.2740251659997739,0.0003390000000000337,0.5692088340292685,0.0004290000000000127,0.176668208965566,0.00023799999999996047,0.23367158294422552,0.00028400000000000647,0.019641083024907857,0.00037000000000003697
0.016856040980201215,0.00011899999999998023,0.2975585420499556,0.0004230000000000067,0.5772550409892574,0.0004270000000000107,0.17155124997952953,0.00022299999999997322,0.2609823750099167,0.0002750000000000252,0.01981533400248736,0.00038599999999999746
Average,0.017793449596501885,7.659999999999334e-05,0.28173979159910234,0.000380999999999998,0.5695811918005347,0.00037539999999999243,0.1751249416032806,0.00024779999999998694,0.23127183319302275,0.00027980000000000783,0.019745008402969687,0.0003584000000000032
