CreateTableRealTime,CreateTableCPUTime,LoadDataRealTime,LoadDataCPUTime,CreateIndexRealTime,CreateIndexCPUTime,AnalyzeRealTime,AnalyzeCPUTime,ExecuteQueryRealTime,ExecuteQueryCPUTime,WriteResultRealTime,WriteResultCPUTime
0.012108084047213197,6.60000000000105e-05,0.3065235000103712,0.0002729999999999677,0.5549612080212682,0.00018499999999999073,0.17277150001609698,0.00016399999999999748,0.20943170797545463,0.000134000000000023,0.018742249987553805,0.00015500000000001624
0.014942542009521276,6.100000000003325e-05,0.27850416698493063,0.00021900000000002473,0.5489797499612905,0.00021500000000002073,0.17046020802808926,0.00014399999999997748,0.20858775003580377,0.00010199999999999099,0.01671158301178366,0.00014900000000001024
0.01433879096293822,5.500000000002725e-05,0.27212829201016575,0.00012899999999999023,0.5832498330273665,0.00019800000000003148,0.1645453330129385,0.00013099999999999223,0.21240525000030175,0.00020399999999998197,0.01635624998016283,0.00022000000000005349
0.01422512496355921,0.00010399999999999299,0.28407850000075996,0.0003910000000000302,0.5471959589631297,0.0002469999999999972,0.1716129999840632,0.00011899999999998023,0.2085290409740992,0.000142000000000031,0.017753166961483657,0.00019500000000000073
0.01517341600265354,6.100000000003325e-05,0.29300016700290143,0.00018600000000001948,0.5616565000382252,0.00022400000000000198,0.1717015840113163,0.00018000000000001348,0.25524895801208913,0.00014700000000000824,0.016841707983985543,8.299999999999974e-05
Average,0.014157591597177088,6.940000000001944e-05,0.2868469252018258,0.00023960000000000647,0.5592086500022561,0.00021380000000000842,0.17021832501050085,0.00014759999999999218,0.2188405413995497,0.00014580000000000704,0.0172809915849939,0.0001604000000000161
