CreateTableRealTime,CreateTableCPUTime,LoadDataRealTime,LoadDataCPUTime,CreateIndexRealTime,CreateIndexCPUTime,AnalyzeRealTime,AnalyzeCPUTime,ExecuteQueryRealTime,ExecuteQueryCPUTime,WriteResultRealTime,WriteResultCPUTime
0.02584552899998016,0.0002469999999999972,0.39986612600023363,0.0002498999999999141,0.7909121789998608,0.00046160000000006196,0.25360419199978423,0.00020080000000000098,0.3631532379999953,0.0002909999999999302,0.030782704000102967,0.0002538999999999181
0.02154513000004954,0.0002514000000000127,0.3761057860001529,0.0002558999999999756,0.8044644309998148,0.00021700000000002273,0.23113344800003688,0.00020699999999995722,0.3946320300001389,0.00019409999999997485,0.027641184000003705,0.00023300000000003873
Average,0.02369532950001485,0.000249200000000005,0.38798595600019326,0.00025289999999994484,0.7976883049998378,0.00033930000000004235,0.24236881999991056,0.0002038999999999791,0.3788926340000671,0.00024254999999995253,0.029211944000053336,0.0002434499999999784
