CreateTableRealTime,CreateTableCPUTime,LoadDataRealTime,LoadDataCPUTime,CreateIndexRealTime,CreateIndexCPUTime,AnalyzeRealTime,AnalyzeCPUTime,ExecuteQueryRealTime,ExecuteQueryCPUTime,WriteResultRealTime,WriteResultCPUTime
0.01851796099981584,0.00022140000000003823,0.3279411049998089,0.00021680000000001698,0.6484487660000013,0.00022259999999996172,0.19801762399993095,0.00016459999999995922,0.2621768809999594,0.000164800000000076,0.0242370790001587,0.00018969999999995935
0.028247803999875032,0.00018770000000001286,0.36159948300019096,0.0002457999999999627,0.9605930150000859,0.0003525999999999252,0.24870762299997295,0.0001963000000000381,0.29716600700021445,0.00016250000000006537,0.023901591000139888,0.0002143000000000006
Average,0.023382882499845437,0.00020455000000002554,0.3447702939999999,0.00023129999999998985,0.8045208905000436,0.00028759999999994346,0.22336262349995195,0.00018044999999999867,0.2796714440000869,0.00016365000000007068,0.024069335000149295,0.00020199999999997997
