CreateTableRealTime,CreateTableCPUTime,LoadDataRealTime,LoadDataCPUTime,CreateIndexRealTime,CreateIndexCPUTime,AnalyzeRealTime,AnalyzeCPUTime,ExecuteQueryRealTime,ExecuteQueryCPUTime,WriteResultRealTime,WriteResultCPUTime
0.023831124999560416,8.199999999997098e-05,0.33622320799622685,0.0002630000000000132,0.5735217910259962,0.00038799999999999946,0.18714495800668374,0.00019999999999997797,0.22732641600305215,0.00018299999999998873,0.01970008300850168,0.00026999999999999247
0.028135625005234033,9.100000000000774e-05,0.3215025420067832,0.00023299999999998322,0.586826957995072,0.00030799999999997496,0.18170866701984778,0.00017299999999997873,0.27589216601336375,0.00013699999999999823,0.017962750047445297,0.00024099999999999122
0.03034270805073902,9.500000000001174e-05,0.3012936250306666,0.0002530000000000032,0.59158683399437,0.0002709999999999657,0.18393920903326944,0.00016100000000002224,0.23097520897863433,0.00018100000000004224,0.018618582980707288,0.00023800000000001598
0.028101167001295835,7.80000000000225e-05,0.3064772079815157,0.00034200000000000896,0.5835554170189425,0.0002750000000000252,0.17540720803663135,0.00016900000000003024,0.26330675004282966,0.00020300000000000873,0.017067749984562397,0.00021199999999998997
0.0253723330097273,6.20000000000065e-05,0.31225700001232326,0.00021700000000002273,0.5817681250046007,0.00029400000000001647,0.17444445803994313,0.00017600000000000948,0.2763547499780543,0.00017099999999997673,0.017720207979436964,0.000150000000000039
Average,0.02715659161331132,8.16000000000039e-05,0.3155507166055031,0.00026160000000000625,0.5834518250077962,0.00030719999999999635,0.1805289000272751,0.00017580000000000373,0.25477105820318685,0.00017500000000000293,0.018213874800130724,0.00022220000000000573
