CreateTableRealTime,CreateTableCPUTime,LoadDataRealTime,LoadDataCPUTime,CreateIndexRealTime,CreateIndexCPUTime,AnalyzeRealTime,AnalyzeCPUTime,ExecuteQueryRealTime,ExecuteQueryCPUTime,WriteResultRealTime,WriteResultCPUTime
0.030000001192092896,0.0,0.29999999701976776,0.0,0.630000002682209,0.0,0.20000000298023224,0.0,0.3099999949336052,0.0,0.020000003278255463,0.0
0.03999999910593033,0.0,0.3400000035762787,0.0,0.6899999976158142,0.0,0.21000000089406967,0.0,0.25999999791383743,0.0,0.030000001192092896,0.0
0.030000001192092896,0.0,0.30000000447034836,0.0,0.6999999955296516,0.0,0.21000000089406967,0.0,0.25999999791383743,0.0,0.030000001192092896,0.0
Average,0.033333333830038704,0.0,0.3133333350221316,0.0,0.6733333319425583,0.0,0.20666666825612387,0.0,0.27666666358709335,0.0,0.026666668554147083,0.0
