CreateTableRealTime,CreateTableCPUTime,LoadDataRealTime,LoadDataCPUTime,CreateIndexRealTime,CreateIndexCPUTime,AnalyzeRealTime,AnalyzeCPUTime,ExecuteQueryRealTime,ExecuteQueryCPUTime,WriteResultRealTime,WriteResultCPUTime
0.020448626999950648,0.00018620000000002523,0.3870137909998448,0.00025809999999992783,0.8229618440000195,0.00020039999999998948,0.2697539330001746,0.00019679999999999698,0.41329546299994036,0.00021319999999991346,0.029873425000005227,0.0003131000000000661
0.027673412999774882,0.00022709999999992458,0.4355460850001691,0.00024489999999999235,1.3447084989998075,0.00021619999999999973,0.4729086950001147,0.0001746999999999721,0.4262257289997251,0.00016210000000005387,0.026327182999921206,0.00026439999999994246
Average,0.024061019999862765,0.0002066499999999749,0.41127993800000695,0.0002514999999999601,1.0838351714999135,0.0002082999999999946,0.37133131400014463,0.00018574999999998454,0.41976059599983273,0.00018764999999998366,0.028100303999963216,0.0002887500000000043
