CreateTableRealTime,CreateTableCPUTime,LoadDataRealTime,LoadDataCPUTime,CreateIndexRealTime,CreateIndexCPUTime,AnalyzeRealTime,AnalyzeCPUTime,ExecuteQueryRealTime,ExecuteQueryCPUTime,WriteResultRealTime,WriteResultCPUTime
0.009999997913837433,0.0,0.32999999821186066,0.0,0.6099999994039536,0.0,0.1599999964237213,0.0,0.23000000417232513,0.0,0.009999997913837433,0.0
0.019999995827674866,0.0,0.25,0.0,0.5499999970197678,0.0,0.17000000178813934,0.0,0.24000000208616257,0.0,0.009999997913837433,0.0
0.020000003278255463,0.0,0.28999999910593033,0.0,2.9500000029802322,0.0,0.14000000059604645,0.0,0.29999999701976776,0.0,0.030000001192092896,0.0
Average,0.01666666567325592,0.0,0.28999999910593033,0.0,1.369999999801318,0.0,0.15666666626930237,0.0,0.2566666677594185,0.0,0.01666666567325592,0.0
