CreateTableRealTime,CreateTableCPUTime,LoadDataRealTime,LoadDataCPUTime,CreateIndexRealTime,CreateIndexCPUTime,AnalyzeRealTime,AnalyzeCPUTime,ExecuteQueryRealTime,ExecuteQueryCPUTime,WriteResultRealTime,WriteResultCPUTime
0.03999999910593033,0.0,1.0700000002980232,0.0,0.7400000020861626,0.0,0.25,0.0,0.3399999961256981,0.0,0.030000001192092896,0.0
0.030000001192092896,0.0,0.4099999964237213,0.0,0.869999997317791,0.0,0.25,0.0,0.32999999821186066,0.0,0.030000001192092896,0.0
0.030000001192092896,0.0,0.380000002682209,0.0,0.8799999952316284,0.0,0.26000000536441803,0.0,0.3499999940395355,0.0,0.030000001192092896,0.0
Average,0.033333333830038704,0.0,0.6199999998013178,0.0,0.8299999982118607,0.0,0.25333333512147266,0.0,0.3399999961256981,0.0,0.030000001192092896,0.0
