CreateTableRealTime,CreateTableCPUTime,LoadDataRealTime,LoadDataCPUTime,CreateIndexRealTime,CreateIndexCPUTime,AnalyzeRealTime,AnalyzeCPUTime,ExecuteQueryRealTime,ExecuteQueryCPUTime,WriteResultRealTime,WriteResultCPUTime
0.030000001192092896,0.0,0.39000000059604645,0.0,0.6899999976158142,0.0,0.21000000089406967,0.0,0.3100000023841858,0.0,0.019999995827674866,0.0
0.020000003278255463,0.0,0.32999999821186066,0.0,0.6600000038743019,0.0,0.1899999976158142,0.0,0.3200000002980232,0.0,0.020000003278255463,0.0
0.020000003278255463,0.0,0.3100000023841858,0.0,0.6799999997019768,0.0,0.21000000089406967,0.0,0.3099999949336052,0.0,0.020000003278255463,0.0
Average,0.023333335916201275,0.0,0.34333333373069763,0.0,0.676666667064031,0.0,0.20333333313465118,0.0,0.31333333253860474,0.0,0.020000000794728596,0.0
