CreateTableRealTime,CreateTableCPUTime,LoadDataRealTime,LoadDataCPUTime,CreateIndexRealTime,CreateIndexCPUTime,AnalyzeRealTime,AnalyzeCPUTime,ExecuteQueryRealTime,ExecuteQueryCPUTime,WriteResultRealTime,WriteResultCPUTime
0.029102000000420958,4.699999999996374e-05,0.31823320902185515,0.00037000000000003697,0.5566098329727538,0.00018499999999999073,0.18299887503962964,0.00013299999999999423,0.2170753750251606,0.000126000000000015,0.017422291974071413,0.00019600000000002948
0.024097165965940803,5.6000000000000494e-05,0.31551937496988103,0.0003269999999999662,0.5935160829685628,0.00016800000000000148,0.20005400001537055,8.099999999999774e-05,0.2135523339966312,0.00014999999999998348,0.019633042044006288,0.00022800000000000598
0.0275170830427669,7.899999999999574e-05,0.30150237504858524,0.00019199999999996997,0.5819131250027567,0.00023800000000001598,0.1713121670181863,0.00015900000000002024,0.20733920898055658,0.00014799999999998148,0.016614000021945685,0.00018999999999996797
0.029034167004283518,8.599999999997499e-05,0.44272083399118856,0.0003410000000000357,0.5797445000498556,0.00023400000000001198,0.17840050003724173,0.00013499999999999623,0.2634343749959953,0.00017400000000000748,0.017187000019475818,0.00032799999999999496
0.018063792027533054,5.300000000002525e-05,0.32135904202004895,0.00030000000000002247,0.6282167080207728,0.0003070000000000017,0.17403524997644126,0.00018600000000001948,0.28468716697534546,0.00017100000000003224,0.022233333031181246,0.0002489999999999992
Average,0.025562841608189047,6.419999999999205e-05,0.33986696701031177,0.00030600000000000625,0.5880000498029403,0.00022640000000000436,0.1813601584173739,0.0001388000000000056,0.23721769199473783,0.00015380000000000393,0.01861793341813609,0.00023819999999999953
