CreateTableRealTime,CreateTableCPUTime,LoadDataRealTime,LoadDataCPUTime,CreateIndexRealTime,CreateIndexCPUTime,AnalyzeRealTime,AnalyzeCPUTime,ExecuteQueryRealTime,ExecuteQueryCPUTime,WriteResultRealTime,WriteResultCPUTime
0.018373541010078043,7.499999999999174e-05,0.2965008749742992,0.0004370000000000207,0.5420268750167452,0.0003070000000000017,0.1591735000256449,0.00021300000000001873,0.25825116701889783,0.00027800000000000047,0.01873754197731614,0.00029000000000001247
0.018564334022812545,5.299999999996974e-05,0.27167145896237344,0.00036000000000002697,0.5612109170178883,0.0002950000000000452,0.1817560420022346,0.00028600000000000847,0.2547728749923408,0.0002489999999999992,0.01974645903101191,0.00034799999999995945
0.020116333034820855,7.00000000000145e-05,0.2964507919969037,0.0003310000000000257,0.6596579590113834,0.00034000000000000696,0.14904579101130366,0.00020500000000001073,0.2544241670402698,0.00017800000000001148,0.01688016700791195,0.00028800000000001047
0.013935707975178957,5.499999999997174e-05,0.2671933749807067,0.0003569999999999962,0.5579541249899194,0.00029999999999996696,0.1848521669744514,0.0002489999999999992,0.2035521250218153,0.00022199999999999998,0.019829124968964607,0.0003530000000000477
0.02056691696634516,6.300000000003525e-05,0.30375200003618374,0.0005120000000000124,0.5419366249698214,0.00040200000000001346,0.17924845800735056,0.00023099999999998122,0.20771162497112527,0.0002449999999999952,0.027169167005922645,0.0003349999999999742
Average,0.018311366601847113,6.319999999999659e-05,0.28711370019009336,0.00039940000000001643,0.5725573002011515,0.00032880000000000685,0.17081519160419703,0.00023680000000000367,0.2357423918088898,0.00023440000000000128,0.02047249199822545,0.00032280000000000085
