LoadRulesRealTime,LoadRulesCPUTime,LoadFactsRealTime,LoadFactsCPUTime,GroundRealTime,GroundCPUTime,QueryRealTime,QueryCPUTime,WriteRealTime,WriteCPUTime
0.0,0.0,0.0,0.0,9.069999933242798,9.059999999999999,0.0,0.0,0.0,0.0
0.0,0.0,0.0,0.0,9.089999914169312,9.07,0.0,0.009999999999999787,0.0,-0.009999999999999787
0.0,0.0,0.0,0.0,8.910000085830688,8.9,0.0,0.0,0.0,0.0
0.0,0.0,0.0,0.0,8.940000057220459,8.93,0.0,0.0,0.009999990463256836,0.0
0.0,0.0,0.009999990463256836,0.0,9.149999856948853,9.139999999999999,0.0,0.0,0.0,0.0
Average,0.0,0.0,0.0019999980926513673,0.0,9.031999969482422,9.02,0.0,0.0019999999999999575,0.0019999980926513673,-0.0019999999999999575
