LoadRulesRealTime,LoadRulesCPUTime,LoadFactsRealTime,LoadFactsCPUTime,GroundRealTime,GroundCPUTime,QueryRealTime,QueryCPUTime,WriteRealTime,WriteCPUTime
0.0,0.0,0.009999990463256836,0.0,5.869999885559082,5.869999999999999,0.0,0.0,0.009999990463256836,0.010000000000000675
0.0,0.0,0.0,0.0,5.859999895095825,5.859999999999999,0.0,0.0,0.009999990463256836,0.0
0.0,0.0,0.0,0.0,5.9599997997283936,5.96,0.0,0.0,0.009999990463256836,0.0
0.0,0.0,0.0,0.0,6.0,5.9799999999999995,0.0,0.009999999999999787,0.0,-0.009999999999999787
0.0,0.0,0.0,0.0,5.980000019073486,5.97,0.0,0.0,0.0,0.0
Average,0.0,0.0,0.0019999980926513673,0.0,5.933999919891358,5.927999999999999,0.0,0.0019999999999999575,0.005999994277954101,1.7763568394002506e-16
