LoadRulesRealTime,LoadRulesCPUTime,LoadFactsRealTime,LoadFactsCPUTime,GroundRealTime,GroundCPUTime,QueryRealTime,QueryCPUTime,WriteRealTime,WriteCPUTime
0.0,0.0,0.0,0.0,0.059999942779541016,0.04999999999999999,0.0,0.010000000000000009,0.0,-6.938893903907228e-18
0.0,0.0,0.0,0.0,0.06000018119812012,0.07,0.0,0.0,0.0,0.0
0.0,0.0,0.0,0.0,0.04999995231628418,0.04999999999999999,0.0,0.010000000000000009,0.009999990463256836,-6.938893903907228e-18
0.0,0.0,0.009999990463256836,0.0,0.04999995231628418,0.06,0.0,0.0,0.0,0.0
0.0,0.0,0.0,0.0,0.059999942779541016,0.07,0.0,0.0,0.0,0.0
Average,0.0,0.0,0.0019999980926513673,0.0,0.0559999942779541,0.06,0.0,0.0040000000000000036,0.0019999980926513673,-2.7755575615628915e-18
