LoadRulesRealTime,LoadRulesCPUTime,LoadFactsRealTime,LoadFactsCPUTime,QueryRealTime,QueryCPUTime,WriteRealTime,WriteCPUTime
0.00369095802307129,0.00298,0.208323001861572,0.144233,0.106852054595947,0.088778,0.320873022079468,0.33894100000000005
0.00421905517578125,0.000772000000000002,0.146406888961792,0.127224,0.0737180709838867,0.066039,0.3686890602111813,0.37623599999999996
Average,0.0039550065994262695,0.001876000000000001,0.177364945411682,0.1357285,0.09028506278991685,0.07740849999999999,0.34478104114532465,0.3575885
