LoadRulesRealTime,LoadRulesCPUTime,LoadFactsRealTime,LoadFactsCPUTime,QueryRealTime,QueryCPUTime,WriteRealTime,WriteCPUTime
0.000860929489135742,0.000515,0.0852041244506836,0.080027,1.39228796958923,1.385142,0.03318405151367987,0.030537999999999954
0.000913143157958984,0.000543999999999999,0.0851378440856934,0.080199,1.33727502822876,1.331718,0.16707682609557994,0.11440300000000003
0.000849008560180664,0.000498999999999999,0.0850300788879395,0.080267,1.34206390380859,1.336356,0.1976070404052801,0.11584699999999981
0.000903129577636719,0.000543,0.0855698585510254,0.080514,1.3934850692749,1.383294,0.07037186622620006,0.05965799999999999
0.000876188278198242,0.000503999999999999,0.0842928886413574,0.079464,1.32683706283569,1.320737,0.14036202430724987,0.1332009999999999
Average,0.0008804798126220703,0.0005209999999999994,0.08504695892333987,0.0800942,1.3583898067474338,1.3514494000000001,0.12172036170959796,0.09072939999999993
