LoadRulesRealTime,LoadRulesCPUTime,LoadFactsRealTime,LoadFactsCPUTime,QueryRealTime,QueryCPUTime,WriteRealTime,WriteCPUTime
0.00112199783325195,0.000522999999999999,0.036189079284668,0.033842,0.411291837692261,0.40789,0.04456424713134699,0.04398400000000002
0.00110411643981934,0.000522,0.0357189178466797,0.033301,0.405390977859497,0.402818,0.03685307502746599,0.03547499999999998
0.00157690048217773,0.000691000000000001,0.071789026260376,0.050464,0.417356014251709,0.413368,0.029354810714722013,0.028690999999999967
0.0011289119720459,0.00052,0.0361192226409912,0.033645,0.451056957244873,0.431185,0.0018959045410160136,0.01746800000000004
0.00107693672180176,0.000506,0.0391621589660645,0.036065,0.428316831588745,0.424006,0.022682189941405972,0.021154000000000006
Average,0.001201772689819336,0.0005524,0.04379568099975588,0.0374634,0.422682523727417,0.41585339999999993,0.027070045471191396,0.029354400000000003
