LoadRulesRealTime,LoadRulesCPUTime,LoadFactsRealTime,LoadFactsCPUTime,QueryRealTime,QueryCPUTime,WriteRealTime,WriteCPUTime
0.0036320686340332,0.00363,1.09442090988159,1.093892,2.12357616424561,2.110946,3.88402986526489,3.8962529999999997
0.00356006622314453,0.003559,0.99679708480835,0.989051,1.68025684356689,1.670289,2.73295211791993,2.7327870000000005
Average,0.003596067428588865,0.0035945,1.04560899734497,1.0414715,1.90191650390625,1.8906175,3.30849099159241,3.31452
