LoadRulesRealTime,LoadRulesCPUTime,LoadFactsRealTime,LoadFactsCPUTime,QueryRealTime,QueryCPUTime,WriteRealTime,WriteCPUTime
0.000898838043212891,0.000534,0.00911617279052734,0.008357,0.052793025970459,0.052425,0.007747888565063504,0.0072470000000000034
0.000903129577636719,0.000545,0.00905394554138184,0.008355,0.0516278743743896,0.051326,0.0224230289459229,0.014943999999999999
0.000866174697875977,0.000524999999999999,0.00836300849914551,0.007699,0.0522758960723877,0.051978,0.009052038192748996,0.008575
0.000834941864013672,0.000503,0.00899910926818848,0.008223,0.0523498058319092,0.051888,0.007317304611205999,0.006870000000000001
0.000828027725219727,0.000499000000000001,0.00904107093811035,0.008296,0.051987886428833,0.051685,0.007200241088867201,0.006529
Average,0.0008662223815917973,0.0005212,0.008914661407470704,0.008185999999999999,0.052206897735595705,0.051860399999999994,0.01074810028076172,0.008833
