LoadRulesRealTime,LoadRulesCPUTime,LoadFactsRealTime,LoadFactsCPUTime,QueryRealTime,QueryCPUTime,WriteRealTime,WriteCPUTime
0.00302886962890625,0.002952,0.566277980804443,0.562726,1.64927792549133,1.639485,2.20572113990784,2.1570739999999997
0.00314688682556152,0.003123,0.557995080947876,0.557262,1.59332799911499,1.593699,1.81048011779785,1.802409
0.00334310531616211,0.003311,0.576411962509155,0.576519,1.66601181030273,1.64833,1.68338322639466,1.6816779999999998
Average,0.003172953923543293,0.0031286666666666667,0.566895008087158,0.5655023333333333,1.6362059116363499,1.6271713333333333,1.899861494700117,1.8803869999999998
