LoadRulesRealTime,LoadRulesCPUTime,LoadFactsRealTime,LoadFactsCPUTime,QueryRealTime,QueryCPUTime,WriteRealTime,WriteCPUTime
0.00117611885070801,0.00055,1.55634784698486,1.499728,50.5871591567993,50.435822,0.782582759857199,0.754173999999999
0.00118207931518555,0.000545,1.60496592521667,1.530499,50.6606180667877,50.505339,1.0381019115447998,1.0322080000000042
0.00118398666381836,0.000548,1.56879591941833,1.510916,50.7159750461578,50.562743,1.357863903045697,1.2415730000000025
0.00125002861022949,0.000551000000000001,1.57490301132202,1.517116,50.5515630245209,50.462832,0.7333209514617991,0.7183330000000012
0.00117993354797363,0.000547000000000001,1.56019401550293,1.5036,50.4446818828583,50.3752,1.368596315383904,1.3298869999999994
Average,0.001194429397583008,0.0005482000000000004,1.573041343688962,1.5123718,50.5919994354248,50.468387199999995,1.0560931682586798,1.0152350000000012
