LoadRulesRealTime,LoadRulesCPUTime,LoadFactsRealTime,LoadFactsCPUTime,QueryRealTime,QueryCPUTime,WriteRealTime,WriteCPUTime
0.00122499465942383,0.000576,0.429989099502563,0.410803,10.8485760688782,10.803296,0.2623369693755997,0.266350000000001
0.00109410285949707,0.000552,0.427443981170654,0.407644,10.8966310024261,10.846643,0.2156019210815998,0.21958899999999915
0.000912904739379883,0.000543,0.444486141204834,0.416625,10.8976368904114,10.845568,0.23650813102720036,0.23238599999999998
0.000898838043212891,0.000539,0.427479028701782,0.408205,11.2836639881134,11.142552,-0.14465785026549938,-0.0551080000000006
0.00126886367797852,0.000580000000000001,0.429529190063477,0.41053,10.8458349704742,10.80087,0.29756093025210006,0.27397700000000036
Average,0.0010799407958984387,0.0005580000000000002,0.4317854881286619,0.4107614,10.95446858406066,10.8877858,0.1734700202942001,0.18743879999999996
