LoadRulesRealTime,LoadRulesCPUTime,LoadFactsRealTime,LoadFactsCPUTime,QueryRealTime,QueryCPUTime,WriteRealTime,WriteCPUTime
0.00117683410644531,0.000546,0.171106100082397,0.162041,3.28284311294556,3.271235,0.1073079109191899,0.10522900000000002
0.00124788284301758,0.000587000000000001,0.191198110580444,0.173193,3.2600839138031,3.24991,0.16280317306519,0.1608830000000001
0.00118088722229004,0.000552,0.170007944107056,0.161051,3.27003717422485,3.260593,0.1300108432769802,0.12587899999999985
0.00119400024414062,0.000553999999999999,0.169991016387939,0.161062,3.29767513275146,3.278558,0.10269999504090022,0.10891000000000028
0.00118207931518555,0.000546999999999999,0.170200109481812,0.161116,3.25751996040344,3.246066,0.1664810180664098,0.15800999999999998
Average,0.00119633674621582,0.0005571999999999998,0.1745006561279296,0.16369260000000002,3.273631858825682,3.2612724,0.13386058807373402,0.13178220000000004
