LoadRulesRealTime,LoadRulesCPUTime,LoadFactsRealTime,LoadFactsCPUTime,QueryRealTime,QueryCPUTime,WriteRealTime,WriteCPUTime
0.000941038131713867,0.000547000000000001,0.123775005340576,0.116449,1.42627692222595,1.424668,0.12318706512451016,0.10817699999999997
0.000846147537231445,0.000504000000000001,0.12428092956543,0.117462,1.42237710952759,1.420874,0.11520004272461004,0.11404900000000007
0.00091099739074707,0.000539999999999999,0.127887010574341,0.120557,1.44181108474731,1.434547,0.08997678756714,0.08846200000000004
0.000934839248657227,0.000546,0.128205060958862,0.121198,1.42908000946045,1.427202,0.09836196899413996,0.09746699999999997
0.000916004180908203,0.000542000000000001,0.127047061920166,0.120122,1.42802906036377,1.426474,0.10237097740173007,0.10070200000000007
Average,0.0009098052978515623,0.0005358000000000003,0.126239013671875,0.1191576,1.429514837265014,1.4267530000000002,0.10581936836242604,0.10177140000000003
