LoadRulesRealTime,LoadRulesCPUTime,LoadFactsRealTime,LoadFactsCPUTime,QueryRealTime,QueryCPUTime,WriteRealTime,WriteCPUTime
0.000925064086914062,0.000546999999999999,0.0909779071807861,0.086122,1.38021397590637,1.373632,0.07868504524231001,0.07840899999999995
0.000852108001708984,0.000515,0.0857620239257812,0.081101,1.41032385826111,1.39475,0.06828618049621005,0.06255200000000016
0.000838994979858398,0.000505,0.0868840217590332,0.081864,1.41257500648499,1.405258,0.04394602775572998,0.0430060000000001
0.000941038131713867,0.000546,0.090505838394165,0.085556,1.39082217216492,1.384547,0.15267777442931996,0.09794400000000003
0.000983953475952148,0.000592000000000001,0.0912978649139404,0.086372,1.46062016487122,1.423346,0.08936786651610995,0.06289900000000004
Average,0.0009082317352294919,0.000541,0.08908553123474117,0.084203,1.4109110355377221,1.3963066000000002,0.08659257888793599,0.06896200000000005
