LoadRulesRealTime,LoadRulesCPUTime,LoadFactsRealTime,LoadFactsCPUTime,QueryRealTime,QueryCPUTime,WriteRealTime,WriteCPUTime
0.000925064086914062,0.000543,0.0905988216400146,0.085495,1.39397811889648,1.38216,0.06060290336608998,0.06634300000000004
0.000939130783081055,0.000547000000000001,0.0904989242553711,0.085276,1.38921904563904,1.383387,0.09291291236876997,0.09266400000000008
0.000931024551391602,0.000550999999999999,0.0902719497680664,0.085129,1.39650797843933,1.386213,0.06441688537598012,0.06790800000000008
0.000865936279296875,0.000512,0.0889449119567871,0.083845,1.38918900489807,1.383588,0.07544493675232,0.07461899999999999
0.000841856002807617,0.0005,0.0892341136932373,0.084075,1.39933085441589,1.387538,0.0617811679840099,0.06742500000000007
Average,0.0009006023406982422,0.0005306,0.0899097442626953,0.084764,1.3936450004577619,1.3845771999999998,0.071031761169434,0.07379180000000005
