LoadRulesRealTime,LoadRulesCPUTime,LoadFactsRealTime,LoadFactsCPUTime,QueryRealTime,QueryCPUTime,WriteRealTime,WriteCPUTime
0.00122213363647461,0.000577000000000001,1.16880106925964,1.127661,37.2061288356781,37.079608,0.3464512825011994,0.38906300000000016
0.00131797790527344,0.000613000000000001,1.16060709953308,1.118322,36.9984469413757,36.924578,0.5664792060852051,0.515588000000001
0.00120377540588379,0.000557,1.16451716423035,1.122133,37.0082659721375,36.885813,0.5836601257324006,0.5667919999999995
0.00122499465942383,0.000569,1.16691517829895,1.120099,37.0863888263702,36.969345,0.6554961204529022,0.6363979999999998
0.000924110412597656,0.000542000000000001,1.16983079910278,1.129654,37.0366191864014,36.914549,0.4849448204039959,0.4773580000000024
Average,0.0011785984039306653,0.0005716000000000006,1.1661342620849602,1.1235737999999997,37.06716995239258,36.9547786,0.5274063110351406,0.5170398000000006
