LoadRulesRealTime,LoadRulesCPUTime,LoadFactsRealTime,LoadFactsCPUTime,QueryRealTime,QueryCPUTime,WriteRealTime,WriteCPUTime
0.000846147537231445,0.000501999999999999,0.0583720207214355,0.054854,0.811921834945679,0.807861,0.052876234054564986,0.05182599999999993
0.000833988189697266,0.000501,0.0580840110778809,0.054836,0.820972919464111,0.816672,0.04423213005065996,0.043439000000000005
0.000835180282592773,0.000499999999999999,0.0587158203125,0.055408,0.815145969390869,0.810849,0.048665046691894975,0.04811399999999999
0.000854015350341797,0.000512,0.0583870410919189,0.055149,0.815618991851807,0.811707,0.04868793487548806,0.047655
0.000851154327392578,0.000502000000000001,0.0589549541473389,0.055449,0.813669919967651,0.809564,0.047544002532958984,0.04685600000000001
Average,0.0008440971374511717,0.0005033999999999999,0.05850276947021484,0.05513920000000001,0.8154659271240234,0.8113306,0.04840106964111339,0.04757799999999999
