LoadRulesRealTime,LoadRulesCPUTime,LoadFactsRealTime,LoadFactsCPUTime,QueryRealTime,QueryCPUTime,WriteRealTime,WriteCPUTime
0.00118184089660645,0.000553,0.621924161911011,0.594679,17.113532781601,17.078416,0.4777920246124019,0.4798790000000004
0.00116896629333496,0.00055,0.61487603187561,0.58992,17.1943159103394,17.144954,0.3516051769255988,0.346267000000001
0.00118422508239746,0.000548,0.620894908905029,0.59337,17.1340498924255,17.08188,0.39029312133789773,0.38668699999999845
0.00116705894470215,0.000547000000000001,0.618273973464966,0.593729,17.1406619548798,17.117316,0.3705191612243013,0.35261099999999956
0.00117111206054688,0.000553999999999999,0.617210865020752,0.590047,17.0919170379639,17.039014,0.4250710010527996,0.4167279999999991
Average,0.0011746406555175801,0.0005504,0.6186359882354736,0.5923489999999999,17.13489551544192,17.092316,0.40305609703059986,0.3964343999999997
