LoadRulesRealTime,LoadRulesCPUTime,LoadFactsRealTime,LoadFactsCPUTime,QueryRealTime,QueryCPUTime,WriteRealTime,WriteCPUTime
0.00407314300537109,0.003981,0.26672101020813,0.258458,0.238990068435669,0.238987,0.7004959583282471,0.689905
0.00324702262878418,0.003246,0.267682075500488,0.231513,0.294307947158813,0.287098,0.938929080963137,0.9184889999999999
Average,0.003660082817077635,0.0036135000000000004,0.26720154285430897,0.24498550000000002,0.266649007797241,0.2630425,0.819712519645692,0.8041969999999999
