LoadRulesRealTime,LoadRulesCPUTime,LoadFactsRealTime,LoadFactsCPUTime,QueryRealTime,QueryCPUTime,WriteRealTime,WriteCPUTime
0.00117993354797363,0.000548,0.169610023498535,0.160383,3.27759504318237,3.269241,0.1423180103302002,0.1400039999999998
0.00118303298950195,0.000548999999999999,0.17060399055481,0.161427,3.28421902656555,3.274046,0.1474468708038299,0.1363190000000003
0.00116920471191406,0.000543,0.17093300819397,0.161871,3.29063487052917,3.279816,0.11204624176026012,0.11264300000000027
0.00117087364196777,0.000548999999999999,0.171792030334473,0.162523,3.28344702720642,3.272763,0.17842698097229004,0.1550720000000001
0.00117802619934082,0.000546,0.170017957687378,0.161016,3.2679979801178,3.25741,0.1394071578979501,0.12928799999999985
Average,0.001176214218139646,0.0005469999999999996,0.1705914020538332,0.161444,3.2807787895202623,3.2706552,0.14392905235290607,0.13466520000000007
