LoadRulesRealTime,LoadRulesCPUTime,LoadFactsRealTime,LoadFactsCPUTime,QueryRealTime,QueryCPUTime,WriteRealTime,WriteCPUTime
0.00116419792175293,0.000543999999999999,0.0878419876098633,0.083237,1.38771390914917,1.383461,0.07623815536499001,0.07424900000000001
0.00116991996765137,0.000538,0.0886631011962891,0.083578,1.3994619846344,1.39428,0.04679799079894997,0.04616599999999993
0.00111699104309082,0.00052,0.0897200107574463,0.084455,1.3849618434906,1.380032,0.07768917083740012,0.0763640000000001
0.00114011764526367,0.000536,0.0882420539855957,0.083066,1.38499689102173,1.379951,0.0693941116332999,0.06779500000000005
0.00211405754089355,0.000555,0.0893831253051758,0.083909,1.38298082351685,1.373601,0.07995128631590998,0.080349
Average,0.0013410568237304681,0.0005385999999999998,0.08877005577087403,0.083649,1.3880230903625501,1.3822649999999999,0.07001414299011,0.06898460000000002
