LoadRulesRealTime,LoadRulesCPUTime,LoadFactsRealTime,LoadFactsCPUTime,QueryRealTime,QueryCPUTime,WriteRealTime,WriteCPUTime
0.00134897232055664,0.000548,0.427949190139771,0.409691,7.46344900131226,7.458222,0.31286215782164994,0.31013100000000016
0.00115394592285156,0.00055,0.425144910812378,0.407198,7.45940804481506,7.454185,0.31413292884827015,0.3090060000000001
0.00118398666381836,0.000548999999999999,0.424749135971069,0.406862,7.48550581932068,7.48041,0.29889106750488015,0.2908970000000002
0.00114893913269043,0.000545,0.427315950393677,0.409383,7.48875212669373,7.482708,0.30793690681456987,0.30541700000000027
0.00116300582885742,0.000548,0.427928924560547,0.409345,7.46499705314636,7.458694,0.29830908775330034,0.28950799999999965
Average,0.001199769973754882,0.0005479999999999998,0.4266176223754884,0.4084958,7.472422409057617,7.4668437999999995,0.30642642974853407,0.3009918000000001
