LoadRulesRealTime,LoadRulesCPUTime,LoadFactsRealTime,LoadFactsCPUTime,QueryRealTime,QueryCPUTime,WriteRealTime,WriteCPUTime
0.00112509727478027,0.000574999999999999,0.284988880157471,0.271064,6.55139803886414,6.512412,0.07475495338439941,0.08468300000000006
0.00117015838623047,0.000557,0.278473854064941,0.266103,6.43946695327759,6.399194,0.15853905677795055,0.16947700000000054
0.000897884368896484,0.000539,0.279884099960327,0.267101,6.44668912887573,6.405735,0.18556094169617054,0.17237800000000014
0.000915050506591797,0.000541,0.280989170074463,0.267376,6.4278199672699,6.396548,0.19243407249449973,0.18277900000000002
0.000918865203857422,0.000539000000000001,0.281954050064087,0.268452,6.4667980670929,6.428903,0.14289283752440962,0.1516339999999996
Average,0.0010054111480712886,0.0005501999999999999,0.28125801086425783,0.2680192,6.466434431076053,6.4285584,0.15083637237548597,0.15219020000000008
