LoadRulesRealTime,LoadRulesCPUTime,LoadFactsRealTime,LoadFactsCPUTime,QueryRealTime,QueryCPUTime,WriteRealTime,WriteCPUTime
0.00114297866821289,0.000512,0.036323070526123,0.034126,0.416632890701294,0.414991,0.034770011901855025,0.034111
0.00106215476989746,0.000503,0.0364689826965332,0.034271,0.414598941802979,0.413009,0.03885912895202598,0.03681399999999996
0.0010828971862793,0.000508999999999999,0.0365710258483887,0.034396,0.416113138198853,0.414569,0.03327584266662603,0.03263699999999997
0.00106310844421387,0.000505,0.036099910736084,0.033935,0.414895057678223,0.413374,0.03730893135070801,0.036246999999999974
0.00112009048461914,0.000526,0.0364179611206055,0.034222,0.41436505317688,0.412837,0.03367495536804199,0.033055999999999974
Average,0.001094245910644532,0.0005109999999999997,0.03637619018554688,0.03419,0.41532101631164575,0.41375600000000007,0.03557777404785141,0.03457299999999998
