LoadRulesRealTime,LoadRulesCPUTime,LoadFactsRealTime,LoadFactsCPUTime,QueryRealTime,QueryCPUTime,WriteRealTime,WriteCPUTime
0.00116991996765137,0.000548,0.00301122665405273,0.002532,0.0460598468780518,0.044144,0.3819711208343502,0.374691
0.0011599063873291,0.000550999999999999,0.00301003456115723,0.002537,0.0458080768585205,0.043738,0.3778510093688965,0.37359
0.00114202499389648,0.000547000000000001,0.00300192832946777,0.002551,0.0465400218963623,0.044375,0.3739249706268307,0.371553
0.00114893913269043,0.000549000000000001,0.00300908088684082,0.002547,0.0471429824829102,0.045331,0.37977218627929676,0.377455
0.0011439323425293,0.000543,0.00301003456115723,0.002552,0.0457501411437988,0.044043,0.41598200798034723,0.386041
Average,0.001152944564819336,0.0005476000000000002,0.003008460998535156,0.0025437999999999997,0.046260213851928716,0.0443262,0.3859002590179442,0.376666
