LoadRulesRealTime,LoadRulesCPUTime,LoadFactsRealTime,LoadFactsCPUTime,QueryRealTime,QueryCPUTime,WriteRealTime,WriteCPUTime
0.00360798835754395,0.000610000000000001,0.00373101234436035,0.003358,0.0692801475524902,0.064337,0.6814157962799068,0.661392
0.000915050506591797,0.000545,0.00373101234436035,0.003362,0.0695109367370605,0.06495,0.6675028800964354,0.663603
0.000902175903320312,0.000543,0.0037529468536377,0.003362,0.0681569576263428,0.06397,0.6978299617767332,0.674621
0.000865936279296875,0.000515,0.00376605987548828,0.003392,0.0685169696807861,0.064229,0.6626708507537838,0.655157
0.000902891159057617,0.000539999999999999,0.00373220443725586,0.003357,0.0684618949890137,0.064235,0.6752109527587893,0.665663
Average,0.0014388084411621103,0.0005506,0.0037426471710205076,0.0033661999999999997,0.06878538131713867,0.06434419999999999,0.6769260883331297,0.6640872
