LoadRulesRealTime,LoadRulesCPUTime,LoadFactsRealTime,LoadFactsCPUTime,QueryRealTime,QueryCPUTime,WriteRealTime,WriteCPUTime
0.00341391563415527,0.003414,0.0224258899688721,0.022393,0.0682921409606934,0.049219,6.460062742233276,6.440491
0.00319695472717285,0.003195,0.0215120315551758,0.012802,0.0483570098876953,0.038836,6.485378980636595,6.494387
Average,0.00330543518066406,0.0033045,0.02196896076202395,0.0175975,0.05832457542419435,0.0440275,6.472720861434936,6.467439
