LoadRulesRealTime,LoadRulesCPUTime,LoadFactsRealTime,LoadFactsCPUTime,QueryRealTime,QueryCPUTime,WriteRealTime,WriteCPUTime
0.0011909008026123,0.00056,0.00156211853027344,0.000927000000000001,0.00452184677124023,0.004183,0.04095220565795897,0.03999
0.00118303298950195,0.00056,0.00126099586486816,0.00089,0.00450491905212402,0.004188,0.04082703590393068,0.039966
0.00114893913269043,0.000546,0.00127601623535156,0.000903000000000001,0.00452709197998047,0.004197,0.04129481315612793,0.040532
0.0011601448059082,0.000549999999999998,0.00125885009765625,0.000899,0.00444698333740234,0.00418,0.04079699516296385,0.040193000000000006
0.00118803977966309,0.000562999999999999,0.00127196311950684,0.000904,0.00450491905212402,0.00417,0.041837930679321275,0.040219
Average,0.001174211502075194,0.0005557999999999993,0.00132598876953125,0.0009046000000000004,0.004501152038574216,0.0041836,0.04114179611206055,0.04018000000000001
