LoadRulesRealTime,LoadRulesCPUTime,LoadFactsRealTime,LoadFactsCPUTime,QueryRealTime,QueryCPUTime,WriteRealTime,WriteCPUTime
0.00115299224853516,0.000547000000000001,0.00648999214172363,0.005784,0.21027398109436,0.195115,2.0877120494842503,2.0202180000000003
0.00115299224853516,0.000546999999999999,0.00651288032531738,0.005836,0.208662986755371,0.195031,2.066041946411129,2.0359439999999998
0.00115513801574707,0.000545,0.00653886795043945,0.005848,0.208049058914185,0.194952,2.046133995056155,2.025595
0.00115489959716797,0.000543999999999999,0.00650811195373535,0.005832,0.209069013595581,0.194907,2.062365055084229,2.042621
0.00115084648132324,0.000546,0.00652098655700684,0.005848,0.207427024841309,0.194489,2.039647817611691,2.021023
Average,0.0011533737182617201,0.0005457999999999997,0.006514167785644532,0.0058296,0.20869641304016123,0.1948988,2.0603801727294906,2.0290802
