LoadRulesRealTime,LoadRulesCPUTime,LoadFactsRealTime,LoadFactsCPUTime,QueryRealTime,QueryCPUTime,WriteRealTime,WriteCPUTime
0.00116610527038574,0.000549999999999998,0.00217700004577637,0.001735,0.0200960636138916,0.019315,0.1636269092559814,0.160563
0.00117397308349609,0.000556000000000001,0.00210285186767578,0.001725,0.0201561450958252,0.019457,0.1631588935852048,0.16083
0.0011601448059082,0.000551000000000001,0.00214695930480957,0.00173,0.0205888748168945,0.019645,0.1614651679992675,0.159981
0.00114989280700684,0.000543999999999999,0.00214195251464844,0.001724,0.0204160213470459,0.019598,0.1672079563140871,0.160634
0.00122785568237305,0.000572,0.00223112106323242,0.001711,0.020266056060791,0.019443,0.16282606124877902,0.16076300000000002
Average,0.001175594329833984,0.0005545999999999998,0.002159976959228516,0.0017250000000000002,0.02030463218688964,0.0194916,0.16365699768066397,0.16055420000000004
