LoadRulesRealTime,LoadRulesCPUTime,LoadFactsRealTime,LoadFactsCPUTime,QueryRealTime,QueryCPUTime,WriteRealTime,WriteCPUTime
0.00115799903869629,0.000548,0.00834798812866211,0.007518,0.462937116622925,0.44813,3.433682918548585,3.385163
0.0013120174407959,0.000586,0.00826692581176758,0.00748,0.463258981704712,0.45022,3.447044134140018,3.3870850000000003
0.00121808052062988,0.000572000000000001,0.00826406478881836,0.007488,0.461446046829224,0.448159,3.452310800552366,3.380532
0.00117588043212891,0.000548,0.00842714309692383,0.007577,0.460798978805542,0.446233,3.747205018997188,3.6720790000000005
0.0011599063873291,0.000548999999999999,0.0082850456237793,0.007457,0.46636700630188,0.450414,3.4158298969268803,3.3506720000000003
Average,0.001204776763916016,0.0005606,0.008318233489990234,0.007503999999999999,0.4629616260528566,0.4486312,3.4992145538330073,3.4351062
