LoadRulesRealTime,LoadRulesCPUTime,LoadFactsRealTime,LoadFactsCPUTime,QueryRealTime,QueryCPUTime,WriteRealTime,WriteCPUTime
0.000896930694580078,0.000534999999999999,0.000695943832397461,0.000505,0.00122594833374023,0.001136,0.01067924499511717,0.010334
0.000909090042114258,0.000546,0.000709056854248047,0.000506000000000001,0.00123691558837891,0.001152,0.014353990554809591,0.010484
0.000905990600585938,0.000543,0.000696897506713867,0.000496999999999999,0.00122594833374023,0.001127,0.01075911521911617,0.010473
0.000916004180908203,0.000536,0.000702142715454102,0.000501,0.00124883651733398,0.001138,0.01066017150878902,0.010349
0.000916957855224609,0.000555999999999999,0.000689029693603516,0.000489000000000002,0.00123190879821777,0.001136,0.01064014434814453,0.010372
Average,0.0009089946746826172,0.0005431999999999995,0.0006986141204833986,0.0004996000000000004,0.0012339115142822239,0.0011378,0.011418533325195296,0.0104024
