LoadRulesRealTime,LoadRulesCPUTime,LoadFactsRealTime,LoadFactsCPUTime,QueryRealTime,QueryCPUTime,WriteRealTime,WriteCPUTime
0.00117707252502441,0.000552,0.0012660026550293,0.000888,0.0963900089263916,0.095758,0.04375100135803239,0.042795000000000014
0.00115299224853516,0.000548,0.00125885009765625,0.000893,0.09877610206604,0.098347,0.04289674758911101,0.041807
0.00116896629333496,0.000546000000000001,0.00126814842224121,0.000897999999999999,0.097369909286499,0.096829,0.04309725761413599,0.04225100000000001
0.00116991996765137,0.000546,0.00126504898071289,0.000903000000000001,0.0982871055603027,0.097766,0.0407299995422363,0.039908999999999986
0.00116896629333496,0.000553,0.00125718116760254,0.000892,0.0989289283752441,0.098315,0.041250228881835896,0.040449
Average,0.001167583465576172,0.0005490000000000002,0.001263046264648438,0.0008948000000000001,0.09795041084289548,0.097403,0.042345046997070326,0.041442200000000005
