LoadRulesRealTime,LoadRulesCPUTime,LoadFactsRealTime,LoadFactsCPUTime,QueryRealTime,QueryCPUTime,WriteRealTime,WriteCPUTime
0.00119280815124512,0.000553,0.00664901733398438,0.005919,32.1905760765076,32.133393,1.8007349967956046,1.7557940000000016
0.0011909008026123,0.000548999999999999,0.00660610198974609,0.005883,31.9924578666687,31.919901,2.142899036407499,2.0870440000000023
0.00117778778076172,0.00055,0.00657820701599121,0.005879,31.8799068927765,31.788666,2.174345016479503,2.0953810000000033
0.00118494033813477,0.000562999999999999,0.00657010078430176,0.005839,31.9581580162048,31.878751,2.0796158313752002,2.0382820000000024
0.00127387046813965,0.000593000000000002,0.00642514228820801,0.005745,32.0066828727722,31.921347,1.9015641212463947,1.8403079999999967
Average,0.001204061508178712,0.0005616,0.0065657138824462905,0.005853,32.00555634498596,31.928411599999997,2.01983180046084,1.9633618000000013
