LoadRulesRealTime,LoadRulesCPUTime,LoadFactsRealTime,LoadFactsCPUTime,QueryRealTime,QueryCPUTime,WriteRealTime,WriteCPUTime
0.00118803977966309,0.000553000000000001,0.00655889511108398,0.005859,31.8147749900818,31.7331,1.9359509944915985,1.9144160000000028
0.0011899471282959,0.000549000000000001,0.00652408599853516,0.00582,32.5680589675903,32.476515,2.0153632164002033,1.9914089999999973
0.00115013122558594,0.000546,0.00651001930236816,0.00584,31.6760759353638,31.599734,2.366039991378802,2.2981289999999994
0.00116991996765137,0.000547000000000001,0.00651311874389648,0.00582,32.3827629089355,32.303097,1.6255559921265004,1.5594449999999966
0.00119280815124512,0.000557999999999999,0.00653910636901855,0.005883,32.3358929157257,32.201539,1.729221105575597,1.6728360000000038
Average,0.001178169250488284,0.0005506000000000004,0.006529045104980466,0.0058444,32.155513143539416,32.062797,1.9344262599945403,1.887247
