LoadRulesRealTime,LoadRulesCPUTime,LoadFactsRealTime,LoadFactsCPUTime,QueryRealTime,QueryCPUTime,WriteRealTime,WriteCPUTime
0.00130391120910645,0.000612000000000001,0.00568604469299316,0.005068,0.202847003936768,0.19544,1.499681949615482,1.454316
0.00117897987365723,0.000549000000000001,0.00567507743835449,0.005008,0.201632976531982,0.19477,1.456770896911618,1.442637
0.00115799903869629,0.000552,0.00566792488098145,0.005029,0.201287031173706,0.195265,1.466856956481934,1.43813
0.0011601448059082,0.000550999999999999,0.00572586059570312,0.005079,0.20127010345459,0.194097,1.45141100883484,1.431615
0.00115799903869629,0.000548,0.00570917129516602,0.005036,0.201310873031616,0.194418,1.516889095306394,1.496767
Average,0.001191806793212892,0.0005624000000000001,0.005692815780639648,0.005044,0.20166959762573242,0.19479799999999997,1.4783219814300534,1.452693
