LoadRulesRealTime,LoadRulesCPUTime,LoadFactsRealTime,LoadFactsCPUTime,QueryRealTime,QueryCPUTime,WriteRealTime,WriteCPUTime
0.00115203857421875,0.000544000000000001,0.00479507446289062,0.0042,11.6681659221649,11.637101,0.9674558639527007,0.9202950000000012
0.00116300582885742,0.000547000000000001,0.00480484962463379,0.004184,11.7685170173645,11.741522,0.776736974716199,0.7642590000000009
0.00118803977966309,0.000547000000000001,0.0048060417175293,0.004189,11.4045538902283,11.376779,1.0195100307463996,1.0039569999999998
0.00118207931518555,0.000549000000000001,0.00483298301696777,0.004213,11.6326479911804,11.59955,0.8289110660552996,0.7951709999999999
0.0011899471282959,0.000551000000000001,0.00477910041809082,0.004178,11.3912539482117,11.357799,1.1075088977812992,1.0936000000000003
Average,0.001175022125244142,0.0005476000000000011,0.00480360984802246,0.0041928,11.573027753829958,11.542550199999999,0.9400245666503796,0.9154564000000004
