LoadRulesRealTime,LoadRulesCPUTime,LoadFactsRealTime,LoadFactsCPUTime,QueryRealTime,QueryCPUTime,WriteRealTime,WriteCPUTime
0.000916004180908203,0.000543,0.00111293792724609,0.000891000000000001,0.00452589988708496,0.00419,0.04269409179687504,0.041876000000000003
0.000896930694580078,0.000541,0.00110697746276855,0.000881,0.00448417663574219,0.004169,0.04210877418518071,0.041263
0.000918865203857422,0.000540000000000001,0.00115203857421875,0.000911,0.00448918342590332,0.004153,0.04222583770751958,0.041398000000000004
0.000919103622436523,0.000541,0.00111889839172363,0.000883,0.00451517105102539,0.004163,0.04254865646362301,0.041892
0.000924110412597656,0.000538,0.00113606452941895,0.000897,0.00447893142700195,0.004162,0.04309892654418945,0.042433
Average,0.0009150028228759764,0.0005406000000000002,0.001125383377075194,0.0008926000000000001,0.0044986724853515615,0.0041674,0.042535257339477564,0.0417724
