LoadRulesRealTime,LoadRulesCPUTime,LoadFactsRealTime,LoadFactsCPUTime,QueryRealTime,QueryCPUTime,WriteRealTime,WriteCPUTime
0.00122618675231934,0.000564,0.00747990608215332,0.006712,0.274142026901245,0.254242,2.685754060745235,2.646123
0.00116300582885742,0.000552,0.00745820999145508,0.006701,0.272946834564209,0.253876,2.685442209243771,2.642468
0.00117802619934082,0.000543,0.00771403312683105,0.006863,0.270344018936157,0.251828,2.681327104568483,2.642384
0.00115180015563965,0.000546999999999999,0.00738716125488281,0.006665,0.270529985427856,0.251779,2.714620113372804,2.674153
0.00117707252502441,0.000546,0.00739502906799316,0.006638,0.271430015563965,0.252394,2.689940214157105,2.63664
Average,0.001179218292236328,0.0005503999999999997,0.0074868679046630835,0.006715800000000001,0.2718785762786864,0.2528238,2.6914167404174796,2.6483536
