LoadRulesRealTime,LoadRulesCPUTime,LoadFactsRealTime,LoadFactsCPUTime,QueryRealTime,QueryCPUTime,WriteRealTime,WriteCPUTime
0.00150418281555176,0.000594000000000001,0.009185791015625,0.008336,90.5730202198029,90.448309,4.475050687789903,4.39642400000001
0.00120401382446289,0.000567000000000002,0.00930404663085938,0.008333,90.064740896225,89.925804,4.6856420040129905,4.473983000000004
0.00113487243652344,0.000550999999999999,0.00915312767028809,0.008296,91.0628080368042,90.832826,3.928827047347994,3.793419
0.00142312049865723,0.000546999999999999,0.00973892211914062,0.0083,90.4007771015167,90.166023,4.843984842300401,4.731515000000002
0.00143599510192871,0.000536999999999999,0.00940394401550293,0.008333,91.6819150447845,91.44944,3.893275022506799,3.7703460000000035
Average,0.0013404369354248062,0.0005591999999999999,0.009357166290283204,0.0083196,90.75665225982665,90.5644804,4.365355920791617,4.233137400000004
