LoadRulesRealTime,LoadRulesCPUTime,LoadFactsRealTime,LoadFactsCPUTime,QueryRealTime,QueryCPUTime,WriteRealTime,WriteCPUTime
0.00115489959716797,0.00055,0.00568008422851562,0.005034,19.9372820854187,19.889778,1.5167057514190994,1.4828280000000014
0.00119495391845703,0.000551999999999999,0.00570797920227051,0.005026,20.0796599388123,19.978913,1.6415421962738002,1.6778210000000016
0.00145220756530762,0.000546,0.00576186180114746,0.005069,19.9236860275269,19.888074,1.5401530265807999,1.5020680000000013
0.00116801261901855,0.000555999999999999,0.00580501556396484,0.00509,19.9721229076385,19.935599,1.553639173507701,1.5152329999999985
0.00116991996765137,0.000552,0.00576400756835938,0.00507,20.1025109291077,20.067914,1.5814340114592973,1.5426080000000013
Average,0.001227998733520508,0.0005511999999999996,0.005743789672851563,0.0050577999999999994,20.00305237770082,19.9520556,1.5666948318481395,1.5441116000000008
