LoadRulesRealTime,LoadRulesCPUTime,LoadFactsRealTime,LoadFactsCPUTime,QueryRealTime,QueryCPUTime,WriteRealTime,WriteCPUTime
0.00116491317749023,0.000552,0.00745415687561035,0.0067,0.380048990249634,0.365601,2.6216828823089564,2.563276
0.00116181373596191,0.000550999999999999,0.00739216804504395,0.00662,0.381891012191772,0.36818,2.5916969776153578,2.5471399999999997
0.00116300582885742,0.000562,0.00739002227783203,0.006618,0.389818906784058,0.374499,2.5961589813232417,2.563211
0.00118899345397949,0.000552,0.00745797157287598,0.006686,0.382339954376221,0.367593,2.626218080520629,2.564877
0.00118494033813477,0.000570000000000001,0.00751304626464844,0.006668,0.380928993225098,0.36629,2.6166779994964617,2.5620719999999997
Average,0.0011727333068847642,0.0005574,0.00744147300720215,0.0066584,0.3830055713653566,0.36843260000000005,2.6104869842529292,2.5601152
