LoadRulesRealTime,LoadRulesCPUTime,LoadFactsRealTime,LoadFactsCPUTime,QueryRealTime,QueryCPUTime,WriteRealTime,WriteCPUTime
0.00492405891418457,0.003278,0.00980496406555176,0.008964,0.00419116020202637,0.0,0.7321736812591556,0.727783
0.00564193725585938,0.005642,0.00950813293457031,0.00949699999999999,0.00519990921020508,0.00520200000000001,0.5153300762176509,0.51515
0.00591206550598145,0.005912,0.0116128921508789,0.011617,0.00467610359191895,0.004678,0.5930328369140621,0.585551
Average,0.0054926872253418,0.0049440000000000005,0.010308663050333657,0.010025999999999998,0.0046890576680501325,0.003293333333333337,0.6135121981302896,0.6094946666666666
