LoadRulesRealTime,LoadRulesCPUTime,LoadFactsRealTime,LoadFactsCPUTime,QueryRealTime,QueryCPUTime,WriteRealTime,WriteCPUTime
0.00332212448120117,0.003287,0.0167510509490967,0.016045,0.0278379917144775,0.02779,3.6542439460754426,3.63724
0.00416994094848633,0.003038,0.0184531211853027,0.018423,0.0392959117889404,0.029921,3.7194240093231197,3.718467
Average,0.00374603271484375,0.0031625,0.0176020860671997,0.017234,0.03356695175170895,0.0288555,3.686833977699281,3.6778535
