LoadRulesRealTime,LoadRulesCPUTime,LoadFactsRealTime,LoadFactsCPUTime,QueryRealTime,QueryCPUTime,WriteRealTime,WriteCPUTime
0.00116515159606934,0.000546000000000001,0.00649595260620117,0.005822,0.278472900390625,0.27059,2.079263925552365,2.037691
0.0011591911315918,0.000546999999999999,0.00653481483459473,0.00581,0.277201175689697,0.26918,2.070381879806523,2.045419
0.0012209415435791,0.000569999999999999,0.00651192665100098,0.005816,0.280529022216797,0.272698,2.038857936859133,2.02466
0.00116395950317383,0.000558999999999999,0.00652599334716797,0.005841,0.276666879653931,0.26888,2.067663192749019,2.0452130000000004
0.0011599063873291,0.000548,0.00664091110229492,0.005893,0.284012079238892,0.274859,2.048680067062378,2.019185
Average,0.0011738300323486338,0.0005539999999999996,0.006541919708251955,0.005836399999999999,0.2793764114379884,0.27124139999999997,2.0609694004058836,2.0344336
