LoadRulesRealTime,LoadRulesCPUTime,LoadFactsRealTime,LoadFactsCPUTime,QueryRealTime,QueryCPUTime,WriteRealTime,WriteCPUTime
0.000916004180908203,0.000539999999999999,0.00340509414672852,0.002595,0.0464179515838623,0.044645,0.3916521072387697,0.370732
0.000913858413696289,0.000545,0.00289797782897949,0.002579,0.0459961891174316,0.044472,0.3787097930908204,0.375931
0.000895977020263672,0.000538,0.00289392471313477,0.002568,0.0462141036987305,0.044438,0.3770618438720705,0.37487200000000004
0.000899076461791992,0.000540000000000001,0.00282597541809082,0.002513,0.0460989475250244,0.044394,0.3803951740264896,0.37429
0.000898122787475586,0.000540000000000001,0.00286698341369629,0.002552,0.046259880065918,0.044573,0.383187055587769,0.37404499999999996
Average,0.0009046077728271484,0.0005406000000000002,0.002977991104125978,0.0025614,0.04619741439819335,0.044504400000000006,0.38220119476318387,0.37397400000000003
