LoadRulesRealTime,LoadRulesCPUTime,LoadFactsRealTime,LoadFactsCPUTime,QueryRealTime,QueryCPUTime,WriteRealTime,WriteCPUTime
0.000908136367797852,0.000541,0.00466799736022949,0.004193,0.105994939804077,0.098918,1.066855907440183,1.036041
0.000896930694580078,0.000542000000000001,0.00466513633728027,0.004217,0.10575795173645,0.098094,1.0602400302887,1.0301690000000001
0.000903129577636719,0.000541000000000002,0.00461387634277344,0.004162,0.106177091598511,0.097616,1.041280031204219,1.029895
0.000900983810424805,0.000543999999999999,0.00463199615478516,0.004193,0.105655193328857,0.098113,1.044074773788453,1.025709
0.000918865203857422,0.000551000000000001,0.0046241283416748,0.004155,0.105143070220947,0.097638,1.046978950500493,1.033035
Average,0.0009056091308593753,0.0005438000000000006,0.004640626907348632,0.004183999999999999,0.10574564933776842,0.0980758,1.0518859386444095,1.0309697999999998
