DatalogToCPPRealTime,DatalogToCPPCPUTime,CompileRealTime,CompileCPUTime,InstanceLoadingRealTime,InstanceLoadingCPUTime,LoadingFactRealTime,LoadingFactCPUTime,QueryRealTime,QueryCPUTime,WritingResultRealTime,WritingResultCPUTime
0.009999990463256836,0.0,1.5,1.53,0.00013975,0.000138,0.00231867,0.002297,0.0175156,0.017461,0.000369292,0.000367
0.009999990463256836,0.0,1.5399999618530273,1.56,0.000187417,0.000185,0.00222542,0.002223,0.0169755,0.016914,0.000401792,0.000401
0.009999990463256836,0.0,1.5,1.55,0.000181875,0.000179,0.00232204,0.00232,0.015718,0.015686,0.000395,0.000393
0.009999990463256836,0.0,1.5,1.53,0.00017975,0.000176,0.00243121,0.002426,0.0161977,0.016168,0.000390958,0.00039
0.009999990463256836,0.0,1.5099999904632568,1.53,0.000150208,0.000148,0.00226442,0.002248,0.0177279,0.017673,0.000378083,0.000377
Average,0.009999990463256836,0.0,1.5099999904632568,1.54,0.0001678,0.0001652,0.002312352,0.0023028,0.01682694,0.0167804,0.000387025,0.0003856
