DatalogToCPPRealTime,DatalogToCPPCPUTime,CompileRealTime,CompileCPUTime,InstanceLoadingRealTime,InstanceLoadingCPUTime,LoadingFactRealTime,LoadingFactCPUTime,QueryRealTime,QueryCPUTime,WritingResultRealTime,WritingResultCPUTime
0.009999990463256836,0.0,1.5,1.52,0.000149792,0.000147,0.00248004,0.002473,0.00693158,0.006847,0.000475666,0.000474
0.009999990463256836,0.0,1.4900000095367432,1.52,0.000135459,0.000134,0.00234842,0.002345,0.00657258,0.006537,0.00049275,0.000491
0.009999990463256836,0.0,1.4900000095367432,1.51,0.000155792,0.000149,0.00220017,0.00214,0.00634363,0.006301,0.000394417,0.000392
0.009999990463256836,0.0,1.5,1.52,0.000137708,0.000136,0.00251396,0.00248,0.00643904,0.006422,0.000489125,0.000488
0.009999990463256836,0.0,1.4900000095367432,1.51,0.000170834,0.000155,0.00222571,0.00222,0.00641292,0.006385,0.000444834,0.000444
Average,0.009999990463256836,0.0,1.494000005722046,1.516,0.000149917,0.00014419999999999998,0.00235366,0.0023315999999999996,0.00653995,0.0064984,0.00045935839999999996,0.00045779999999999996
