DatalogToCPPRealTime,DatalogToCPPCPUTime,CompileRealTime,CompileCPUTime,InstanceLoadingRealTime,InstanceLoadingCPUTime,LoadingFactRealTime,LoadingFactCPUTime,QueryRealTime,QueryCPUTime,WritingResultRealTime,WritingResultCPUTime
0.009999990463256836,0.0,1.5,1.54,0.00015275,0.000151,0.00298063,0.002656,0.007017,0.006985,0.000502542,0.000501
0.009999990463256836,0.0,1.4900000095367432,1.52,0.000139542,0.000138,0.00231075,0.002298,0.00693708,0.006848,0.00044325,0.000442
0.009999990463256836,0.0,1.5,1.52,0.000144583,0.000142,0.00227942,0.002276,0.00697396,0.00695,0.000372708,0.000371
0.009999990463256836,0.0,1.5,1.53,0.000146792,0.000145,0.00244833,0.002446,0.00674625,0.006719,0.000473125,0.000471
0.009999990463256836,0.0,1.5,1.53,0.000145208,0.000144,0.002344,0.002342,0.007196,0.007095,0.000377458,0.000375
Average,0.009999990463256836,0.0,1.4980000019073487,1.528,0.00014577499999999998,0.00014399999999999998,0.002472626,0.0024036,0.006974058,0.006919399999999999,0.0004338166,0.000432
