DatalogToCPPRealTime,DatalogToCPPCPUTime,CompileRealTime,CompileCPUTime,InstanceLoadingRealTime,InstanceLoadingCPUTime,LoadingFactRealTime,LoadingFactCPUTime,QueryRealTime,QueryCPUTime,WritingResultRealTime,WritingResultCPUTime
0.009999990463256836,0.0,1.5,1.54,0.000187917,0.000185,0.00105979,0.001037,0.00388475,0.003851,0.000612167,0.000611
0.009999990463256836,0.0,1.4900000095367432,1.53,0.000142375,0.000141,0.000966709,0.000965,0.002939,0.002919,0.000231958,0.000228
0.009999990463256836,0.0,1.5,1.53,0.00015725,0.000155,0.000971791,0.00097,0.00403042,0.003972,0.000741375,0.00074
0.009999990463256836,0.0,1.5099999904632568,1.54,0.000217458,0.000216,0.00115346,0.001121,0.00417771,0.004163,0.000668375,0.000667
0.010000228881835938,0.0,1.489999771118164,1.53,0.0001525,0.000152,0.000944584,0.000943,0.00359775,0.003591,0.000651084,0.000648
Average,0.010000038146972656,0.0,1.4979999542236329,1.5340000000000003,0.0001715,0.00016979999999999998,0.0010192668,0.0010072,0.003725926,0.0036991999999999997,0.0005809918,0.0005788000000000001
