DatalogToCPPRealTime,DatalogToCPPCPUTime,CompileRealTime,CompileCPUTime,InstanceLoadingRealTime,InstanceLoadingCPUTime,LoadingFactRealTime,LoadingFactCPUTime,QueryRealTime,QueryCPUTime,WritingResultRealTime,WritingResultCPUTime
0.009999990463256836,0.0,1.5,1.53,0.000163125,0.000162,0.00241354,0.001545,0.00313254,0.00309,0.00035425,0.000353
0.010000228881835938,0.0,1.5,1.52,0.000150167,0.000147,0.00151171,0.001508,0.00332462,0.003287,0.000720625,0.000718
0.009999990463256836,0.0,1.5,1.53,0.000171334,0.000169,0.00147775,0.001475,0.00336388,0.003355,0.000756208,0.000753
0.009999990463256836,0.0,1.5099999904632568,1.54,0.000137042,0.000135,0.00135825,0.001356,0.003326,0.003268,0.000336291,0.000335
0.009999990463256836,0.0,1.5,1.52,0.000167167,0.000165,0.00146625,0.001465,0.00348446,0.003457,0.000719459,0.000421
Average,0.010000038146972656,0.0,1.5019999980926513,1.528,0.00015776699999999998,0.00015560000000000001,0.0016455,0.0014698,0.0033263,0.0032914,0.0005773666,0.000516
