DatalogToCPPRealTime,DatalogToCPPCPUTime,CompileRealTime,CompileCPUTime,InstanceLoadingRealTime,InstanceLoadingCPUTime,LoadingFactRealTime,LoadingFactCPUTime,QueryRealTime,QueryCPUTime,WritingResultRealTime,WritingResultCPUTime
0.009999990463256836,0.0,1.5,1.52,0.0001435,0.000143,0.00249412,0.002475,0.0174788,0.017418,0.000260541,0.00026
0.009999990463256836,0.0,1.4900000095367432,1.51,0.00017225,0.000171,0.00229775,0.002296,0.0173008,0.017261,0.00037,0.000369
0.010000228881835938,0.0,1.5099999904632568,1.52,0.000149666,0.000148,0.00221742,0.002215,0.0170674,0.016992,0.000284875,0.000284
0.009999990463256836,0.0,1.5,1.52,0.000215584,0.000214,0.00278387,0.00278,0.018394,0.018359,0.00035775,0.000357
0.009999990463256836,0.0,1.5,1.54,0.000173625,0.000172,0.00235533,0.002344,0.0176686,0.017634,0.000447417,0.000447
Average,0.010000038146972656,0.0,1.5,1.522,0.000170925,0.0001696,0.0024296979999999997,0.002422,0.01758192,0.0175328,0.0003441166,0.00034339999999999994
