LoadRulesRealTime,LoadRulesCPUTime,LoadFactsRealTime,LoadFactsCPUTime,GroundRealTime,GroundCPUTime,QueryRealTime,QueryCPUTime,WriteRealTime,WriteCPUTime
0.0,0.0,0.0,0.0,0.09000015258789062,0.10000000000000003,0.009999990463256836,0.010000000000000009,-0.009999990463256836,-0.010000000000000009
0.0,0.0,0.0,0.0,0.09000015258789062,0.10000000000000003,0.009999990463256836,0.0,-0.009999990463256836,0.010000000000000009
0.0,0.0,0.0,0.0,0.09999990463256836,0.10000000000000003,0.0,0.010000000000000009,0.0,-0.010000000000000009
0.0,0.0,0.0,0.0,0.08999991416931152,0.10000000000000003,0.0,0.0,0.009999990463256836,0.0
0.0,0.0,0.0,0.0,0.09000015258789062,0.10000000000000003,0.009999990463256836,0.0,-0.009999990463256836,0.010000000000000009
Average,0.0,0.0,0.0,0.0,0.09200005531311035,0.10000000000000005,0.005999994277954101,0.0040000000000000036,-0.0039999961853027345,0.0
