LoadRulesRealTime,LoadRulesCPUTime,LoadFactsRealTime,LoadFactsCPUTime,GroundRealTime,GroundCPUTime,QueryRealTime,QueryCPUTime,WriteRealTime,WriteCPUTime
0.0,0.0,0.0,0.0,0.019999980926513672,0.020000000000000018,0.0,0.0,0.0,0.0
0.0,0.0,0.0,0.0,0.019999980926513672,0.020000000000000018,0.0,0.0,0.0,0.0
0.0,0.0,0.0,0.010000000000000009,0.019999980926513672,0.02000000000000001,0.0,0.0,0.0,0.0
0.0,0.0,0.009999990463256836,0.0,0.009999990463256836,0.020000000000000018,0.0,0.0,0.009999990463256836,0.0
0.0,0.0,0.0,0.0,0.019999980926513672,0.020000000000000018,0.0,0.0,0.0,0.0
Average,0.0,0.0,0.0019999980926513673,0.0020000000000000018,0.017999982833862303,0.020000000000000018,0.0,0.0,0.0019999980926513673,0.0
