Query: query1
128, 129
128, 130
128, 131
128, 196
128, 132
128, 197
128, 133
128, 198
128, 134
128, 199
128, 135
128, 264
128, 200
128, 136
128, 265
128, 201
128, 266
128, 202
128, 267
128, 203
128, 268
128, 204
128, 269
128, 270
128, 271
128, 272
128, 145
128, 146
128, 147
128, 148
128, 213
128, 149
128, 214
128, 150
128, 215
128, 151
128, 216
128, 152
128, 281
128, 217
128, 153
128, 282
128, 218
128, 283
128, 219
128, 284
128, 220
128, 285
128, 221
128, 286
128, 287
128, 288
128, 289
128, 162
128, 163
128, 164
128, 165
128, 230
128, 166
128, 231
128, 167
128, 232
128, 168
128, 233
128, 169
128, 234
128, 170
128, 235
128, 236
128, 237
128, 238
128, 179
128, 180
128, 181
128, 182
128, 247
128, 183
128, 248
128, 184
128, 249
128, 185
128, 250
128, 186
128, 251
128, 187
128, 252
128, 253
128, 254
128, 255
256, 257
256, 258
256, 259
256, 260
256, 261
256, 262
256, 263
256, 264
256, 265
256, 266
256, 267
256, 268
256, 269
256, 270
256, 271
256, 272
256, 273
256, 274
256, 275
256, 276
256, 277
256, 278
256, 279
256, 280
256, 281
256, 282
256, 283
256, 284
256, 285
256, 286
256, 287
256, 288
256, 289
1, 128
1, 256
1, 129
1, 257
1, 258
1, 130
1, 2
1, 259
1, 131
1, 3
1, 260
1, 132
1, 4
1, 261
1, 133
1, 5
1, 262
1, 134
1, 6
1, 263
1, 135
1, 7
1, 264
1, 136
1, 8
1, 265
1, 9
1, 137
1, 266
1, 10
1, 138
1, 267
1, 11
1, 139
1, 268
1, 12
1, 140
1, 269
1, 13
1, 141
1, 270
1, 14
1, 142
1, 271
1, 15
1, 143
1, 272
1, 16
1, 144
1, 17
1, 145
1, 273
1, 274
1, 146
1, 18
1, 275
1, 147
1, 19
1, 276
1, 148
1, 20
1, 277
1, 149
1, 21
1, 278
1, 150
1, 22
1, 279
1, 151
1, 23
1, 280
1, 152
1, 24
1, 281
1, 153
1, 25
1, 282
1, 26
1, 154
1, 283
1, 27
1, 155
1, 284
1, 28
1, 156
1, 285
1, 29
1, 157
1, 286
1, 30
1, 158
1, 287
1, 31
1, 159
1, 288
1, 32
1, 160
1, 289
1, 33
1, 161
1, 162
1, 34
1, 163
1, 35
1, 164
1, 36
1, 165
1, 37
1, 166
1, 38
1, 167
1, 39
1, 168
1, 40
1, 169
1, 41
1, 170
1, 42
1, 43
1, 171
1, 44
1, 172
1, 45
1, 173
1, 46
1, 174
1, 47
1, 175
1, 48
1, 176
1, 49
1, 177
1, 178
1, 50
1, 179
1, 51
1, 180
1, 52
1, 181
1, 53
1, 182
1, 54
1, 183
1, 55
1, 184
1, 56
1, 185
1, 57
1, 186
1, 58
1, 187
1, 59
1, 60
1, 188
1, 61
1, 189
1, 62
1, 190
1, 63
1, 191
1, 64
1, 192
1, 65
1, 193
1, 194
1, 66
1, 195
1, 67
1, 196
1, 68
1, 197
1, 69
1, 198
1, 70
1, 199
1, 71
1, 200
1, 72
1, 201
1, 73
1, 202
1, 74
1, 203
1, 75
1, 204
1, 76
1, 77
1, 205
1, 78
1, 206
1, 79
1, 207
1, 80
1, 208
1, 81
1, 209
1, 210
1, 82
1, 211
1, 83
1, 212
1, 84
1, 213
1, 85
1, 214
1, 86
1, 215
1, 87
1, 216
1, 88
1, 217
1, 89
1, 218
1, 90
1, 219
1, 91
1, 220
1, 92
1, 221
1, 93
1, 94
1, 222
1, 95
1, 223
1, 96
1, 224
1, 97
1, 225
1, 226
1, 98
1, 227
1, 99
1, 228
1, 100
1, 229
1, 101
1, 230
1, 102
1, 231
1, 103
1, 232
1, 104
1, 233
1, 105
1, 234
1, 106
1, 235
1, 107
1, 236
1, 108
1, 237
1, 109
1, 238
1, 110
1, 111
1, 239
1, 112
1, 240
1, 113
1, 241
1, 242
1, 114
1, 243
1, 115
1, 244
1, 116
1, 245
1, 117
1, 246
1, 118
1, 247
1, 119
1, 248
1, 120
1, 249
1, 121
1, 250
1, 122
1, 251
1, 123
1, 252
1, 124
1, 253
1, 125
1, 254
1, 126
1, 255
1, 127
129, 130
129, 131
129, 132
129, 197
129, 133
129, 198
129, 134
129, 199
129, 135
129, 200
129, 136
129, 265
129, 201
129, 266
129, 202
129, 267
129, 203
129, 268
129, 204
129, 269
129, 270
129, 271
129, 272
129, 146
129, 147
129, 148
129, 149
129, 214
129, 150
129, 215
129, 151
129, 216
129, 152
129, 217
129, 153
129, 282
129, 218
129, 283
129, 219
129, 284
129, 220
129, 285
129, 221
129, 286
129, 287
129, 288
129, 289
129, 163
129, 164
129, 165
129, 166
129, 231
129, 167
129, 232
129, 168
129, 233
129, 169
129, 234
129, 170
129, 235
129, 236
129, 237
129, 238
129, 180
129, 181
129, 182
129, 183
129, 248
129, 184
129, 249
129, 185
129, 250
129, 186
129, 251
129, 187
129, 252
129, 253
129, 254
129, 255
257, 258
257, 259
257, 260
257, 261
257, 262
257, 263
257, 264
257, 265
257, 266
257, 267
257, 268
257, 269
257, 270
257, 271
257, 272
257, 274
257, 275
257, 276
257, 277
257, 278
257, 279
257, 280
257, 281
257, 282
257, 283
257, 284
257, 285
257, 286
257, 287
257, 288
257, 289
258, 259
258, 260
258, 261
258, 262
258, 263
258, 264
258, 265
258, 266
258, 267
258, 268
258, 269
258, 270
258, 271
258, 272
258, 275
258, 276
258, 277
258, 278
258, 279
258, 280
258, 281
258, 282
258, 283
258, 284
258, 285
258, 286
258, 287
258, 288
258, 289
2, 128
2, 129
2, 257
2, 130
2, 258
2, 3
2, 131
2, 259
2, 260
2, 132
2, 4
2, 261
2, 133
2, 5
2, 262
2, 134
2, 6
2, 263
2, 135
2, 7
2, 264
2, 136
2, 8
2, 265
2, 9
2, 266
2, 10
2, 138
2, 267
2, 11
2, 139
2, 268
2, 12
2, 140
2, 269
2, 13
2, 141
2, 270
2, 14
2, 142
2, 271
2, 15
2, 143
2, 272
2, 16
2, 144
2, 17
2, 145
2, 146
2, 274
2, 275
2, 19
2, 147
2, 276
2, 148
2, 20
2, 277
2, 149
2, 21
2, 278
2, 150
2, 22
2, 279
2, 151
2, 23
2, 280
2, 152
2, 24
2, 281
2, 153
2, 25
2, 282
2, 26
2, 283
2, 27
2, 155
2, 284
2, 28
2, 156
2, 285
2, 29
2, 157
2, 286
2, 30
2, 158
2, 287
2, 31
2, 159
2, 288
2, 32
2, 160
2, 289
2, 33
2, 161
2, 34
2, 162
2, 163
2, 164
2, 36
2, 165
2, 37
2, 166
2, 38
2, 167
2, 39
2, 168
2, 40
2, 169
2, 41
2, 170
2, 42
2, 43
2, 44
2, 172
2, 45
2, 173
2, 46
2, 174
2, 47
2, 175
2, 48
2, 176
2, 49
2, 177
2, 50
2, 178
2, 51
2, 179
2, 180
2, 181
2, 53
2, 182
2, 54
2, 183
2, 55
2, 184
2, 56
2, 185
2, 57
2, 186
2, 58
2, 187
2, 59
2, 60
2, 61
2, 189
2, 62
2, 190
2, 63
2, 191
2, 64
2, 192
2, 65
2, 193
2, 66
2, 194
2, 67
2, 195
2, 196
2, 68
2, 197
2, 198
2, 70
2, 199
2, 71
2, 200
2, 72
2, 201
2, 73
2, 202
2, 74
2, 203
2, 75
2, 204
2, 76
2, 77
2, 78
2, 206
2, 79
2, 207
2, 80
2, 208
2, 81
2, 209
2, 82
2, 210
2, 83
2, 211
2, 212
2, 84
2, 213
2, 85
2, 214
2, 215
2, 87
2, 216
2, 88
2, 217
2, 89
2, 218
2, 90
2, 219
2, 91
2, 220
2, 92
2, 221
2, 93
2, 94
2, 95
2, 223
2, 96
2, 224
2, 97
2, 225
2, 98
2, 226
2, 99
2, 227
2, 228
2, 100
2, 229
2, 101
2, 230
2, 102
2, 231
2, 232
2, 104
2, 233
2, 105
2, 234
2, 106
2, 235
2, 107
2, 236
2, 108
2, 237
2, 109
2, 238
2, 110
2, 111
2, 112
2, 240
2, 113
2, 241
2, 114
2, 242
2, 115
2, 243
2, 244
2, 116
2, 245
2, 117
2, 246
2, 118
2, 247
2, 119
2, 248
2, 249
2, 121
2, 250
2, 122
2, 251
2, 123
2, 252
2, 124
2, 253
2, 125
2, 254
2, 126
2, 255
2, 127
130, 131
130, 132
130, 133
130, 198
130, 134
130, 199
130, 135
130, 200
130, 136
130, 201
130, 266
130, 202
130, 267
130, 203
130, 268
130, 204
130, 269
130, 270
130, 271
130, 272
130, 147
130, 148
130, 149
130, 150
130, 215
130, 151
130, 216
130, 152
130, 217
130, 153
130, 218
130, 283
130, 219
130, 284
130, 220
130, 285
130, 221
130, 286
130, 287
130, 288
130, 289
130, 164
130, 165
130, 166
130, 167
130, 232
130, 168
130, 233
130, 169
130, 234
130, 170
130, 235
130, 236
130, 237
130, 238
130, 181
130, 182
130, 183
130, 184
130, 249
130, 185
130, 250
130, 186
130, 251
130, 187
130, 252
130, 253
130, 254
130, 255
259, 260
259, 261
259, 262
259, 263
259, 264
259, 265
259, 266
259, 267
259, 268
259, 269
259, 270
259, 271
259, 272
259, 276
259, 277
259, 278
259, 279
259, 280
259, 281
259, 282
259, 283
259, 284
259, 285
259, 286
259, 287
259, 288
259, 289
3, 128
3, 129
3, 130
3, 258
3, 131
3, 259
3, 4
3, 132
3, 260
3, 261
3, 133
3, 5
3, 262
3, 134
3, 6
3, 263
3, 135
3, 7
3, 264
3, 136
3, 8
3, 265
3, 9
3, 266
3, 10
3, 267
3, 11
3, 139
3, 268
3, 12
3, 140
3, 269
3, 13
3, 141
3, 270
3, 14
3, 142
3, 271
3, 15
3, 143
3, 272
3, 16
3, 144
3, 17
3, 145
3, 146
3, 147
3, 275
3, 276
3, 20
3, 148
3, 277
3, 149
3, 21
3, 278
3, 150
3, 22
3, 279
3, 151
3, 23
3, 280
3, 152
3, 24
3, 281
3, 153
3, 25
3, 282
3, 26
3, 283
3, 27
3, 284
3, 28
3, 156
3, 285
3, 29
3, 157
3, 286
3, 30
3, 158
3, 287
3, 31
3, 159
3, 288
3, 32
3, 160
3, 289
3, 33
3, 161
3, 34
3, 162
3, 163
3, 164
3, 165
3, 37
3, 166
3, 38
3, 167
3, 39
3, 168
3, 40
3, 169
3, 41
3, 170
3, 42
3, 43
3, 44
3, 45
3, 173
3, 46
3, 174
3, 47
3, 175
3, 48
3, 176
3, 49
3, 177
3, 50
3, 178
3, 51
3, 179
3, 180
3, 181
3, 182
3, 54
3, 183
3, 55
3, 184
3, 56
3, 185
3, 57
3, 186
3, 58
3, 187
3, 59
3, 60
3, 61
3, 62
3, 190
3, 63
3, 191
3, 64
3, 192
3, 65
3, 193
3, 66
3, 194
3, 67
3, 195
3, 68
3, 196
3, 197
3, 198
3, 199
3, 71
3, 200
3, 72
3, 201
3, 73
3, 202
3, 74
3, 203
3, 75
3, 204
3, 76
3, 77
3, 78
3, 79
3, 207
3, 80
3, 208
3, 81
3, 209
3, 82
3, 210
3, 83
3, 211
3, 84
3, 212
3, 213
3, 85
3, 214
3, 215
3, 216
3, 88
3, 217
3, 89
3, 218
3, 90
3, 219
3, 91
3, 220
3, 92
3, 221
3, 93
3, 94
3, 95
3, 96
3, 224
3, 97
3, 225
3, 98
3, 226
3, 99
3, 227
3, 100
3, 228
3, 229
3, 101
3, 230
3, 102
3, 231
3, 232
3, 233
3, 105
3, 234
3, 106
3, 235
3, 107
3, 236
3, 108
3, 237
3, 109
3, 238
3, 110
3, 111
3, 112
3, 113
3, 241
3, 114
3, 242
3, 115
3, 243
3, 116
3, 244
3, 245
3, 117
3, 246
3, 118
3, 247
3, 119
3, 248
3, 249
3, 250
3, 122
3, 251
3, 123
3, 252
3, 124
3, 253
3, 125
3, 254
3, 126
3, 255
3, 127
131, 132
131, 133
131, 134
131, 199
131, 135
131, 200
131, 136
131, 201
131, 202
131, 267
131, 203
131, 268
131, 204
131, 269
131, 270
131, 271
131, 272
131, 148
131, 149
131, 150
131, 151
131, 216
131, 152
131, 217
131, 153
131, 218
131, 219
131, 284
131, 220
131, 285
131, 221
131, 286
131, 287
131, 288
131, 289
131, 165
131, 166
131, 167
131, 168
131, 233
131, 169
131, 234
131, 170
131, 235
131, 236
131, 237
131, 238
131, 182
131, 183
131, 184
131, 185
131, 250
131, 186
131, 251
131, 187
131, 252
131, 253
131, 254
131, 255
260, 261
260, 262
260, 263
260, 264
260, 265
260, 266
260, 267
260, 268
260, 269
260, 270
260, 271
260, 272
260, 277
260, 278
260, 279
260, 280
260, 281
260, 282
260, 283
260, 284
260, 285
260, 286
260, 287
260, 288
260, 289
4, 128
4, 129
4, 130
4, 131
4, 259
4, 132
4, 260
4, 5
4, 133
4, 261
4, 262
4, 134
4, 6
4, 263
4, 135
4, 7
4, 264
4, 136
4, 8
4, 265
4, 9
4, 266
4, 10
4, 267
4, 11
4, 268
4, 12
4, 140
4, 269
4, 13
4, 141
4, 270
4, 14
4, 142
4, 271
4, 15
4, 143
4, 272
4, 16
4, 144
4, 17
4, 145
4, 146
4, 147
4, 148
4, 276
4, 21
4, 149
4, 277
4, 278
4, 150
4, 22
4, 279
4, 151
4, 23
4, 280
4, 152
4, 24
4, 281
4, 153
4, 25
4, 282
4, 26
4, 283
4, 27
4, 284
4, 28
4, 285
4, 29
4, 157
4, 286
4, 30
4, 158
4, 287
4, 31
4, 159
4, 288
4, 32
4, 160
4, 289
4, 33
4, 161
4, 34
4, 162
4, 163
4, 164
4, 165
4, 166
4, 38
4, 167
4, 39
4, 168
4, 40
4, 169
4, 41
4, 170
4, 42
4, 43
4, 44
4, 45
4, 46
4, 174
4, 47
4, 175
4, 48
4, 176
4, 49
4, 177
4, 50
4, 178
4, 51
4, 179
4, 180
4, 181
4, 182
4, 183
4, 55
4, 184
4, 56
4, 185
4, 57
4, 186
4, 58
4, 187
4, 59
4, 60
4, 61
4, 62
4, 63
4, 191
4, 64
4, 192
4, 65
4, 193
4, 66
4, 194
4, 67
4, 195
4, 68
4, 196
4, 197
4, 198
4, 199
4, 200
4, 72
4, 201
4, 73
4, 202
4, 74
4, 203
4, 75
4, 204
4, 76
4, 77
4, 78
4, 79
4, 80
4, 208
4, 81
4, 209
4, 82
4, 210
4, 83
4, 211
4, 84
4, 212
4, 85
4, 213
4, 214
4, 215
4, 216
4, 217
4, 89
4, 218
4, 90
4, 219
4, 91
4, 220
4, 92
4, 221
4, 93
4, 94
4, 95
4, 96
4, 97
4, 225
4, 98
4, 226
4, 99
4, 227
4, 100
4, 228
4, 101
4, 229
4, 230
4, 102
4, 231
4, 232
4, 233
4, 234
4, 106
4, 235
4, 107
4, 236
4, 108
4, 237
4, 109
4, 238
4, 110
4, 111
4, 112
4, 113
4, 114
4, 242
4, 115
4, 243
4, 116
4, 244
4, 117
4, 245
4, 246
4, 118
4, 247
4, 119
4, 248
4, 249
4, 250
4, 251
4, 123
4, 252
4, 124
4, 253
4, 125
4, 254
4, 126
4, 255
4, 127
132, 133
132, 134
132, 135
132, 200
132, 136
132, 201
132, 202
132, 203
132, 268
132, 204
132, 269
132, 270
132, 271
132, 272
132, 149
132, 150
132, 151
132, 152
132, 217
132, 153
132, 218
132, 219
132, 220
132, 285
132, 221
132, 286
132, 287
132, 288
132, 289
132, 166
132, 167
132, 168
132, 169
132, 234
132, 170
132, 235
132, 236
132, 237
132, 238
132, 183
132, 184
132, 185
132, 186
132, 251
132, 187
132, 252
132, 253
132, 254
132, 255
261, 262
261, 263
261, 264
261, 265
261, 266
261, 267
261, 268
261, 269
261, 270
261, 271
261, 272
261, 278
261, 279
261, 280
261, 281
261, 282
261, 283
261, 284
261, 285
261, 286
261, 287
261, 288
261, 289
5, 192
5, 128
5, 64
5, 193
5, 129
5, 65
5, 194
5, 130
5, 66
5, 195
5, 131
5, 67
5, 260
5, 196
5, 132
5, 68
5, 261
5, 197
5, 133
5, 262
5, 198
5, 134
5, 6
5, 263
5, 199
5, 135
5, 7
5, 264
5, 200
5, 136
5, 8
5, 265
5, 201
5, 73
5, 9
5, 266
5, 202
5, 74
5, 10
5, 267
5, 203
5, 75
5, 11
5, 268
5, 204
5, 76
5, 12
5, 269
5, 141
5, 77
5, 13
5, 270
5, 142
5, 78
5, 14
5, 271
5, 143
5, 79
5, 15
5, 272
5, 144
5, 80
5, 16
5, 209
5, 145
5, 81
5, 17
5, 210
5, 146
5, 82
5, 211
5, 147
5, 83
5, 212
5, 148
5, 84
5, 277
5, 213
5, 149
5, 85
5, 278
5, 214
5, 150
5, 22
5, 279
5, 215
5, 151
5, 23
5, 280
5, 216
5, 152
5, 24
5, 281
5, 217
5, 153
5, 25
5, 282
5, 218
5, 90
5, 26
5, 283
5, 219
5, 91
5, 27
5, 284
5, 220
5, 92
5, 28
5, 285
5, 221
5, 93
5, 29
5, 286
5, 158
5, 94
5, 30
5, 287
5, 159
5, 95
5, 31
5, 288
5, 160
5, 96
5, 32
5, 289
5, 161
5, 97
5, 33
5, 226
5, 162
5, 98
5, 34
5, 227
5, 163
5, 99
5, 228
5, 164
5, 100
5, 229
5, 165
5, 101
5, 230
5, 166
5, 102
5, 231
5, 167
5, 39
5, 232
5, 168
5, 40
5, 233
5, 169
5, 41
5, 234
5, 170
5, 42
5, 235
5, 107
5, 43
5, 236
5, 108
5, 44
5, 237
5, 109
5, 45
5, 238
5, 110
5, 46
5, 175
5, 111
5, 47
5, 176
5, 112
5, 48
5, 177
5, 113
5, 49
5, 178
5, 114
5, 50
5, 243
5, 179
5, 115
5, 51
5, 244
5, 180
5, 116
5, 245
5, 181
5, 117
5, 246
5, 182
5, 118
5, 247
5, 183
5, 119
5, 248
5, 184
5, 56
5, 249
5, 185
5, 57
5, 250
5, 186
5, 58
5, 251
5, 187
5, 59
5, 252
5, 124
5, 60
5, 253
5, 125
5, 61
5, 254
5, 126
5, 62
5, 255
5, 127
5, 63
133, 134
133, 135
133, 136
133, 201
133, 202
133, 203
133, 204
133, 269
133, 270
133, 271
133, 272
133, 150
133, 151
133, 152
133, 153
133, 218
133, 219
133, 220
133, 221
133, 286
133, 287
133, 288
133, 289
133, 167
133, 168
133, 169
133, 170
133, 235
133, 236
133, 237
133, 238
133, 184
133, 185
133, 186
133, 187
133, 252
133, 253
133, 254
133, 255
262, 263
262, 264
262, 265
262, 266
262, 267
262, 268
262, 269
262, 270
262, 271
262, 272
262, 279
262, 280
262, 281
262, 282
262, 283
262, 284
262, 285
262, 286
262, 287
262, 288
262, 289
6, 128
6, 64
6, 193
6, 129
6, 65
6, 194
6, 130
6, 66
6, 195
6, 131
6, 67
6, 196
6, 132
6, 68
6, 261
6, 197
6, 133
6, 262
6, 198
6, 134
6, 263
6, 199
6, 135
6, 7
6, 264
6, 200
6, 136
6, 8
6, 265
6, 201
6, 9
6, 266
6, 202
6, 74
6, 10
6, 267
6, 203
6, 75
6, 11
6, 268
6, 204
6, 76
6, 12
6, 269
6, 77
6, 13
6, 270
6, 142
6, 78
6, 14
6, 271
6, 143
6, 79
6, 15
6, 272
6, 144
6, 80
6, 16
6, 145
6, 81
6, 17
6, 210
6, 146
6, 82
6, 211
6, 147
6, 83
6, 212
6, 148
6, 84
6, 213
6, 149
6, 85
6, 278
6, 214
6, 150
6, 279
6, 215
6, 151
6, 23
6, 280
6, 216
6, 152
6, 24
6, 281
6, 217
6, 153
6, 25
6, 282
6, 218
6, 26
6, 283
6, 219
6, 91
6, 27
6, 284
6, 220
6, 92
6, 28
6, 285
6, 221
6, 93
6, 29
6, 286
6, 94
6, 30
6, 287
6, 159
6, 95
6, 31
6, 288
6, 160
6, 96
6, 32
6, 289
6, 161
6, 97
6, 33
6, 162
6, 98
6, 34
6, 227
6, 163
6, 99
6, 228
6, 164
6, 100
6, 229
6, 165
6, 101
6, 230
6, 166
6, 102
6, 231
6, 167
6, 232
6, 168
6, 40
6, 233
6, 169
6, 41
6, 234
6, 170
6, 42
6, 235
6, 43
6, 236
6, 108
6, 44
6, 237
6, 109
6, 45
6, 238
6, 110
6, 46
6, 111
6, 47
6, 176
6, 112
6, 48
6, 177
6, 113
6, 49
6, 178
6, 114
6, 50
6, 179
6, 115
6, 51
6, 244
6, 180
6, 116
6, 245
6, 181
6, 117
6, 246
6, 182
6, 118
6, 247
6, 183
6, 119
6, 248
6, 184
6, 249
6, 185
6, 57
6, 250
6, 186
6, 58
6, 251
6, 187
6, 59
6, 252
6, 60
6, 253
6, 125
6, 61
6, 254
6, 126
6, 62
6, 255
6, 127
6, 63
134, 135
134, 136
134, 202
134, 203
134, 204
134, 270
134, 271
134, 272
134, 151
134, 152
134, 153
134, 219
134, 220
134, 221
134, 287
134, 288
134, 289
134, 168
134, 169
134, 170
134, 236
134, 237
134, 238
134, 185
134, 186
134, 187
134, 253
134, 254
134, 255
263, 264
263, 265
263, 266
263, 267
263, 268
263, 269
263, 270
263, 271
263, 272
263, 280
263, 281
263, 282
263, 283
263, 284
263, 285
263, 286
263, 287
263, 288
263, 289
7, 128
7, 64
7, 129
7, 65
7, 194
7, 130
7, 66
7, 195
7, 131
7, 67
7, 196
7, 132
7, 68
7, 197
7, 133
7, 262
7, 198
7, 134
7, 263
7, 199
7, 135
7, 264
7, 200
7, 136
7, 8
7, 265
7, 201
7, 9
7, 266
7, 202
7, 10
7, 267
7, 203
7, 75
7, 11
7, 268
7, 204
7, 76
7, 12
7, 269
7, 77
7, 13
7, 270
7, 78
7, 14
7, 271
7, 143
7, 79
7, 15
7, 272
7, 144
7, 80
7, 16
7, 145
7, 81
7, 17
7, 146
7, 82
7, 211
7, 147
7, 83
7, 212
7, 148
7, 84
7, 213
7, 149
7, 85
7, 214
7, 150
7, 279
7, 215
7, 151
7, 280
7, 216
7, 152
7, 24
7, 281
7, 217
7, 153
7, 25
7, 282
7, 218
7, 26
7, 283
7, 219
7, 27
7, 284
7, 220
7, 92
7, 28
7, 285
7, 221
7, 93
7, 29
7, 286
7, 94
7, 30
7, 287
7, 95
7, 31
7, 288
7, 160
7, 96
7, 32
7, 289
7, 161
7, 97
7, 33
7, 162
7, 98
7, 34
7, 163
7, 99
7, 228
7, 164
7, 100
7, 229
7, 165
7, 101
7, 230
7, 166
7, 102
7, 231
7, 167
7, 232
7, 168
7, 233
7, 169
7, 41
7, 234
7, 170
7, 42
7, 235
7, 43
7, 236
7, 44
7, 237
7, 109
7, 45
7, 238
7, 110
7, 46
7, 111
7, 47
7, 112
7, 48
7, 177
7, 113
7, 49
7, 178
7, 114
7, 50
7, 179
7, 115
7, 51
7, 180
7, 116
7, 245
7, 181
7, 117
7, 246
7, 182
7, 118
7, 247
7, 183
7, 119
7, 248
7, 184
7, 249
7, 185
7, 250
7, 186
7, 58
7, 251
7, 187
7, 59
7, 252
7, 60
7, 253
7, 61
7, 254
7, 126
7, 62
7, 255
7, 127
7, 63
135, 136
135, 203
135, 204
135, 271
135, 272
135, 152
135, 153
135, 220
135, 221
135, 288
135, 289
135, 169
135, 170
135, 237
135, 238
135, 186
135, 187
135, 254
135, 255
136, 204
136, 272
136, 153
136, 221
136, 289
136, 170
136, 238
136, 187
136, 255
264, 265
264, 266
264, 267
264, 268
264, 269
264, 270
264, 271
264, 272
264, 281
264, 282
264, 283
264, 284
264, 285
264, 286
264, 287
264, 288
264, 289
8, 128
8, 64
8, 129
8, 65
8, 130
8, 66
8, 195
8, 131
8, 67
8, 196
8, 132
8, 68
8, 197
8, 133
8, 198
8, 134
8, 263
8, 199
8, 135
8, 264
8, 200
8, 136
8, 265
8, 201
8, 9
8, 266
8, 202
8, 10
8, 267
8, 203
8, 11
8, 268
8, 204
8, 76
8, 12
8, 269
8, 77
8, 13
8, 270
8, 78
8, 14
8, 271
8, 79
8, 15
8, 272
8, 144
8, 80
8, 16
8, 145
8, 81
8, 17
8, 146
8, 82
8, 147
8, 83
8, 212
8, 148
8, 84
8, 213
8, 149
8, 85
8, 214
8, 150
8, 215
8, 151
8, 280
8, 216
8, 152
8, 281
8, 217
8, 153
8, 25
8, 282
8, 218
8, 26
8, 283
8, 219
8, 27
8, 284
8, 220
8, 28
8, 285
8, 221
8, 93
8, 29
8, 286
8, 94
8, 30
8, 287
8, 95
8, 31
8, 288
8, 96
8, 32
8, 289
8, 161
8, 97
8, 33
8, 162
8, 98
8, 34
8, 163
8, 99
8, 164
8, 100
8, 229
8, 165
8, 101
8, 230
8, 166
8, 102
8, 231
8, 167
8, 232
8, 168
8, 233
8, 169
8, 234
8, 170
8, 42
8, 235
8, 43
8, 236
8, 44
8, 237
8, 45
8, 238
8, 110
8, 46
8, 111
8, 47
8, 112
8, 48
8, 113
8, 49
8, 178
8, 114
8, 50
8, 179
8, 115
8, 51
8, 180
8, 116
8, 181
8, 117
8, 246
8, 182
8, 118
8, 247
8, 183
8, 119
8, 248
8, 184
8, 249
8, 185
8, 250
8, 186
8, 251
8, 187
8, 59
8, 252
8, 60
8, 253
8, 61
8, 254
8, 62
8, 255
8, 127
8, 63
265, 266
265, 267
265, 268
265, 269
265, 270
265, 271
265, 272
265, 282
265, 283
265, 284
265, 285
265, 286
265, 287
265, 288
265, 289
9, 128
9, 64
9, 129
9, 65
9, 130
9, 66
9, 131
9, 67
9, 196
9, 132
9, 68
9, 197
9, 133
9, 198
9, 134
9, 199
9, 135
9, 264
9, 200
9, 136
9, 265
9, 201
9, 266
9, 202
9, 10
9, 267
9, 203
9, 11
9, 268
9, 204
9, 12
9, 269
9, 77
9, 13
9, 270
9, 78
9, 14
9, 271
9, 79
9, 15
9, 272
9, 80
9, 16
9, 145
9, 81
9, 17
9, 146
9, 82
9, 147
9, 83
9, 148
9, 84
9, 213
9, 149
9, 85
9, 214
9, 150
9, 215
9, 151
9, 216
9, 152
9, 281
9, 217
9, 153
9, 282
9, 218
9, 26
9, 283
9, 219
9, 27
9, 284
9, 220
9, 28
9, 285
9, 221
9, 29
9, 286
9, 94
9, 30
9, 287
9, 95
9, 31
9, 288
9, 96
9, 32
9, 289
9, 97
9, 33
9, 162
9, 98
9, 34
9, 163
9, 99
9, 164
9, 100
9, 165
9, 101
9, 230
9, 166
9, 102
9, 231
9, 167
9, 232
9, 168
9, 233
9, 169
9, 234
9, 170
9, 235
9, 43
9, 236
9, 44
9, 237
9, 45
9, 238
9, 46
9, 111
9, 47
9, 112
9, 48
9, 113
9, 49
9, 114
9, 50
9, 179
9, 115
9, 51
9, 180
9, 116
9, 181
9, 117
9, 182
9, 118
9, 247
9, 183
9, 119
9, 248
9, 184
9, 249
9, 185
9, 250
9, 186
9, 251
9, 187
9, 252
9, 60
9, 253
9, 61
9, 254
9, 62
9, 255
9, 63
137, 256
137, 192
137, 257
137, 193
137, 258
137, 194
137, 259
137, 195
137, 260
137, 196
137, 261
137, 197
137, 262
137, 198
137, 263
137, 199
137, 264
137, 200
137, 265
137, 201
137, 266
137, 202
137, 138
137, 267
137, 203
137, 139
137, 268
137, 204
137, 140
137, 269
137, 205
137, 141
137, 270
137, 206
137, 142
137, 271
137, 207
137, 143
137, 272
137, 208
137, 144
137, 273
137, 209
137, 145
137, 274
137, 210
137, 146
137, 275
137, 211
137, 147
137, 276
137, 212
137, 148
137, 277
137, 213
137, 149
137, 278
137, 214
137, 150
137, 279
137, 215
137, 151
137, 280
137, 216
137, 152
137, 281
137, 217
137, 153
137, 282
137, 218
137, 154
137, 283
137, 219
137, 155
137, 284
137, 220
137, 156
137, 285
137, 221
137, 157
137, 286
137, 222
137, 158
137, 287
137, 223
137, 159
137, 288
137, 224
137, 160
137, 289
137, 225
137, 161
137, 226
137, 162
137, 227
137, 163
137, 228
137, 164
137, 229
137, 165
137, 230
137, 166
137, 231
137, 167
137, 232
137, 168
137, 233
137, 169
137, 234
137, 170
137, 235
137, 171
137, 236
137, 172
137, 237
137, 173
137, 238
137, 174
137, 239
137, 175
137, 240
137, 176
137, 241
137, 177
137, 242
137, 178
137, 243
137, 179
137, 244
137, 180
137, 245
137, 181
137, 246
137, 182
137, 247
137, 183
137, 248
137, 184
137, 249
137, 185
137, 250
137, 186
137, 251
137, 187
137, 252
137, 188
137, 253
137, 189
137, 254
137, 190
137, 255
137, 191
266, 267
266, 268
266, 269
266, 270
266, 271
266, 272
266, 283
266, 284
266, 285
266, 286
266, 287
266, 288
266, 289
10, 64
10, 129
10, 65
10, 130
10, 66
10, 131
10, 67
10, 132
10, 68
10, 197
10, 133
10, 198
10, 134
10, 199
10, 135
10, 200
10, 136
10, 265
10, 201
10, 266
10, 202
10, 267
10, 203
10, 11
10, 268
10, 204
10, 12
10, 269
10, 13
10, 270
10, 78
10, 14
10, 271
10, 79
10, 15
10, 272
10, 80
10, 16
10, 81
10, 17
10, 146
10, 82
10, 147
10, 83
10, 148
10, 84
10, 149
10, 85
10, 214
10, 150
10, 215
10, 151
10, 216
10, 152
10, 217
10, 153
10, 282
10, 218
10, 283
10, 219
10, 27
10, 284
10, 220
10, 28
10, 285
10, 221
10, 29
10, 286
10, 30
10, 287
10, 95
10, 31
10, 288
10, 96
10, 32
10, 289
10, 97
10, 33
10, 98
10, 34
10, 163
10, 99
10, 164
10, 100
10, 165
10, 101
10, 166
10, 102
10, 231
10, 167
10, 232
10, 168
10, 233
10, 169
10, 234
10, 170
10, 235
10, 236
10, 44
10, 237
10, 45
10, 238
10, 46
10, 47
10, 112
10, 48
10, 113
10, 49
10, 114
10, 50
10, 115
10, 51
10, 180
10, 116
10, 181
10, 117
10, 182
10, 118
10, 183
10, 119
10, 248
10, 184
10, 249
10, 185
10, 250
10, 186
10, 251
10, 187
10, 252
10, 253
10, 61
10, 254
10, 62
10, 255
10, 63
138, 192
138, 257
138, 193
138, 258
138, 194
138, 259
138, 195
138, 260
138, 196
138, 261
138, 197
138, 262
138, 198
138, 263
138, 199
138, 264
138, 200
138, 265
138, 201
138, 266
138, 202
138, 267
138, 203
138, 139
138, 268
138, 204
138, 140
138, 269
138, 141
138, 270
138, 206
138, 142
138, 271
138, 207
138, 143
138, 272
138, 208
138, 144
138, 209
138, 145
138, 274
138, 210
138, 146
138, 275
138, 211
138, 147
138, 276
138, 212
138, 148
138, 277
138, 213
138, 149
138, 278
138, 214
138, 150
138, 279
138, 215
138, 151
138, 280
138, 216
138, 152
138, 281
138, 217
138, 153
138, 282
138, 218
138, 283
138, 219
138, 155
138, 284
138, 220
138, 156
138, 285
138, 221
138, 157
138, 286
138, 158
138, 287
138, 223
138, 159
138, 288
138, 224
138, 160
138, 289
138, 225
138, 161
138, 226
138, 162
138, 227
138, 163
138, 228
138, 164
138, 229
138, 165
138, 230
138, 166
138, 231
138, 167
138, 232
138, 168
138, 233
138, 169
138, 234
138, 170
138, 235
138, 236
138, 172
138, 237
138, 173
138, 238
138, 174
138, 175
138, 240
138, 176
138, 241
138, 177
138, 242
138, 178
138, 243
138, 179
138, 244
138, 180
138, 245
138, 181
138, 246
138, 182
138, 247
138, 183
138, 248
138, 184
138, 249
138, 185
138, 250
138, 186
138, 251
138, 187
138, 252
138, 253
138, 189
138, 254
138, 190
138, 255
138, 191
267, 268
267, 269
267, 270
267, 271
267, 272
267, 284
267, 285
267, 286
267, 287
267, 288
267, 289
11, 64
11, 65
11, 130
11, 66
11, 131
11, 67
11, 132
11, 68
11, 133
11, 198
11, 134
11, 199
11, 135
11, 200
11, 136
11, 201
11, 266
11, 202
11, 267
11, 203
11, 268
11, 204
11, 12
11, 269
11, 13
11, 270
11, 14
11, 271
11, 79
11, 15
11, 272
11, 80
11, 16
11, 81
11, 17
11, 82
11, 147
11, 83
11, 148
11, 84
11, 149
11, 85
11, 150
11, 215
11, 151
11, 216
11, 152
11, 217
11, 153
11, 218
11, 283
11, 219
11, 284
11, 220
11, 28
11, 285
11, 221
11, 29
11, 286
11, 30
11, 287
11, 31
11, 288
11, 96
11, 32
11, 289
11, 97
11, 33
11, 98
11, 34
11, 99
11, 164
11, 100
11, 165
11, 101
11, 166
11, 102
11, 167
11, 232
11, 168
11, 233
11, 169
11, 234
11, 170
11, 235
11, 236
11, 237
11, 45
11, 238
11, 46
11, 47
11, 48
11, 113
11, 49
11, 114
11, 50
11, 115
11, 51
11, 116
11, 181
11, 117
11, 182
11, 118
11, 183
11, 119
11, 184
11, 249
11, 185
11, 250
11, 186
11, 251
11, 187
11, 252
11, 253
11, 254
11, 62
11, 255
11, 63
139, 192
139, 193
139, 258
139, 194
139, 259
139, 195
139, 260
139, 196
139, 261
139, 197
139, 262
139, 198
139, 263
139, 199
139, 264
139, 200
139, 265
139, 201
139, 266
139, 202
139, 267
139, 203
139, 268
139, 204
139, 140
139, 269
139, 141
139, 270
139, 142
139, 271
139, 207
139, 143
139, 272
139, 208
139, 144
139, 209
139, 145
139, 210
139, 146
139, 275
139, 211
139, 147
139, 276
139, 212
139, 148
139, 277
139, 213
139, 149
139, 278
139, 214
139, 150
139, 279
139, 215
139, 151
139, 280
139, 216
139, 152
139, 281
139, 217
139, 153
139, 282
139, 218
139, 283
139, 219
139, 284
139, 220
139, 156
139, 285
139, 221
139, 157
139, 286
139, 158
139, 287
139, 159
139, 288
139, 224
139, 160
139, 289
139, 225
139, 161
139, 226
139, 162
139, 227
139, 163
139, 228
139, 164
139, 229
139, 165
139, 230
139, 166
139, 231
139, 167
139, 232
139, 168
139, 233
139, 169
139, 234
139, 170
139, 235
139, 236
139, 237
139, 173
139, 238
139, 174
139, 175
139, 176
139, 241
139, 177
139, 242
139, 178
139, 243
139, 179
139, 244
139, 180
139, 245
139, 181
139, 246
139, 182
139, 247
139, 183
139, 248
139, 184
139, 249
139, 185
139, 250
139, 186
139, 251
139, 187
139, 252
139, 253
139, 254
139, 190
139, 255
139, 191
268, 269
268, 270
268, 271
268, 272
268, 285
268, 286
268, 287
268, 288
268, 289
12, 64
12, 65
12, 66
12, 131
12, 67
12, 132
12, 68
12, 133
12, 134
12, 199
12, 135
12, 200
12, 136
12, 201
12, 202
12, 267
12, 203
12, 268
12, 204
12, 269
12, 13
12, 270
12, 14
12, 271
12, 15
12, 272
12, 80
12, 16
12, 81
12, 17
12, 82
12, 83
12, 148
12, 84
12, 149
12, 85
12, 150
12, 151
12, 216
12, 152
12, 217
12, 153
12, 218
12, 219
12, 284
12, 220
12, 285
12, 221
12, 29
12, 286
12, 30
12, 287
12, 31
12, 288
12, 32
12, 289
12, 97
12, 33
12, 98
12, 34
12, 99
12, 100
12, 165
12, 101
12, 166
12, 102
12, 167
12, 168
12, 233
12, 169
12, 234
12, 170
12, 235
12, 236
12, 237
12, 238
12, 46
12, 47
12, 48
12, 49
12, 114
12, 50
12, 115
12, 51
12, 116
12, 117
12, 182
12, 118
12, 183
12, 119
12, 184
12, 185
12, 250
12, 186
12, 251
12, 187
12, 252
12, 253
12, 254
12, 255
12, 63
140, 192
140, 193
140, 194
140, 259
140, 195
140, 260
140, 196
140, 261
140, 197
140, 262
140, 198
140, 263
140, 199
140, 264
140, 200
140, 265
140, 201
140, 266
140, 202
140, 267
140, 203
140, 268
140, 204
140, 269
140, 141
140, 270
140, 142
140, 271
140, 143
140, 272
140, 208
140, 144
140, 209
140, 145
140, 210
140, 146
140, 211
140, 147
140, 276
140, 212
140, 148
140, 277
140, 213
140, 149
140, 278
140, 214
140, 150
140, 279
140, 215
140, 151
140, 280
140, 216
140, 152
140, 281
140, 217
140, 153
140, 282
140, 218
140, 283
140, 219
140, 284
140, 220
140, 285
140, 221
140, 157
140, 286
140, 158
140, 287
140, 159
140, 288
140, 160
140, 289
140, 225
140, 161
140, 226
140, 162
140, 227
140, 163
140, 228
140, 164
140, 229
140, 165
140, 230
140, 166
140, 231
140, 167
140, 232
140, 168
140, 233
140, 169
140, 234
140, 170
140, 235
140, 236
140, 237
140, 238
140, 174
140, 175
140, 176
140, 177
140, 242
140, 178
140, 243
140, 179
140, 244
140, 180
140, 245
140, 181
140, 246
140, 182
140, 247
140, 183
140, 248
140, 184
140, 249
140, 185
140, 250
140, 186
140, 251
140, 187
140, 252
140, 253
140, 254
140, 255
140, 191
269, 289
269, 288
269, 272
269, 287
269, 271
269, 286
269, 270
13, 64
13, 65
13, 66
13, 67
13, 132
13, 68
13, 133
13, 134
13, 135
13, 200
13, 136
13, 201
13, 202
13, 203
13, 268
13, 204
13, 269
13, 270
13, 14
13, 271
13, 15
13, 272
13, 16
13, 81
13, 17
13, 82
13, 83
13, 84
13, 149
13, 85
13, 150
13, 151
13, 152
13, 217
13, 153
13, 218
13, 219
13, 220
13, 285
13, 221
13, 286
13, 30
13, 287
13, 31
13, 288
13, 32
13, 289
13, 33
13, 98
13, 34
13, 99
13, 100
13, 101
13, 166
13, 102
13, 167
13, 168
13, 169
13, 234
13, 170
13, 235
13, 236
13, 237
13, 238
13, 47
13, 48
13, 49
13, 50
13, 115
13, 51
13, 116
13, 117
13, 118
13, 183
13, 119
13, 184
13, 185
13, 186
13, 251
13, 187
13, 252
13, 253
13, 254
13, 255
141, 192
141, 193
141, 194
141, 195
141, 260
141, 196
141, 261
141, 197
141, 262
141, 198
141, 263
141, 199
141, 264
141, 200
141, 265
141, 201
141, 266
141, 202
141, 267
141, 203
141, 268
141, 204
141, 269
141, 270
141, 142
141, 271
141, 143
141, 272
141, 144
141, 209
141, 145
141, 210
141, 146
141, 211
141, 147
141, 212
141, 148
141, 277
141, 213
141, 149
141, 278
141, 214
141, 150
141, 279
141, 215
141, 151
141, 280
141, 216
141, 152
141, 281
141, 217
141, 153
141, 282
141, 218
141, 283
141, 219
141, 284
141, 220
141, 285
141, 221
141, 286
141, 158
141, 287
141, 159
141, 288
141, 160
141, 289
141, 161
141, 226
141, 162
141, 227
141, 163
141, 228
141, 164
141, 229
141, 165
141, 230
141, 166
141, 231
141, 167
141, 232
141, 168
141, 233
141, 169
141, 234
141, 170
141, 235
141, 236
141, 237
141, 238
141, 175
141, 176
141, 177
141, 178
141, 243
141, 179
141, 244
141, 180
141, 245
141, 181
141, 246
141, 182
141, 247
141, 183
141, 248
141, 184
141, 249
141, 185
141, 250
141, 186
141, 251
141, 187
141, 252
141, 253
141, 254
141, 255
270, 289
270, 288
270, 272
270, 287
270, 271
14, 65
14, 66
14, 67
14, 68
14, 133
14, 134
14, 135
14, 136
14, 201
14, 202
14, 203
14, 204
14, 269
14, 270
14, 271
14, 15
14, 272
14, 16
14, 17
14, 82
14, 83
14, 84
14, 85
14, 150
14, 151
14, 152
14, 153
14, 218
14, 219
14, 220
14, 221
14, 286
14, 287
14, 31
14, 288
14, 32
14, 289
14, 33
14, 34
14, 99
14, 100
14, 101
14, 102
14, 167
14, 168
14, 169
14, 170
14, 235
14, 236
14, 237
14, 238
14, 48
14, 49
14, 50
14, 51
14, 116
14, 117
14, 118
14, 119
14, 184
14, 185
14, 186
14, 187
14, 252
14, 253
14, 254
14, 255
142, 193
142, 194
142, 195
142, 196
142, 261
142, 197
142, 262
142, 198
142, 263
142, 199
142, 264
142, 200
142, 265
142, 201
142, 266
142, 202
142, 267
142, 203
142, 268
142, 204
142, 269
142, 270
142, 271
142, 143
142, 272
142, 144
142, 145
142, 210
142, 146
142, 211
142, 147
142, 212
142, 148
142, 213
142, 149
142, 278
142, 214
142, 150
142, 279
142, 215
142, 151
142, 280
142, 216
142, 152
142, 281
142, 217
142, 153
142, 282
142, 218
142, 283
142, 219
142, 284
142, 220
142, 285
142, 221
142, 286
142, 287
142, 159
142, 288
142, 160
142, 289
142, 161
142, 162
142, 227
142, 163
142, 228
142, 164
142, 229
142, 165
142, 230
142, 166
142, 231
142, 167
142, 232
142, 168
142, 233
142, 169
142, 234
142, 170
142, 235
142, 236
142, 237
142, 238
142, 176
142, 177
142, 178
142, 179
142, 244
142, 180
142, 245
142, 181
142, 246
142, 182
142, 247
142, 183
142, 248
142, 184
142, 249
142, 185
142, 250
142, 186
142, 251
142, 187
142, 252
142, 253
142, 254
142, 255
271, 289
271, 288
271, 272
15, 66
15, 67
15, 68
15, 134
15, 135
15, 136
15, 202
15, 203
15, 204
15, 270
15, 271
15, 272
15, 16
15, 17
15, 83
15, 84
15, 85
15, 151
15, 152
15, 153
15, 219
15, 220
15, 221
15, 287
15, 288
15, 32
15, 289
15, 33
15, 34
15, 100
15, 101
15, 102
15, 168
15, 169
15, 170
15, 236
15, 237
15, 238
15, 49
15, 50
15, 51
15, 117
15, 118
15, 119
15, 185
15, 186
15, 187
15, 253
15, 254
15, 255
143, 194
143, 195
143, 196
143, 197
143, 262
143, 198
143, 263
143, 199
143, 264
143, 200
143, 265
143, 201
143, 266
143, 202
143, 267
143, 203
143, 268
143, 204
143, 269
143, 270
143, 271
143, 272
143, 144
143, 145
143, 146
143, 211
143, 147
143, 212
143, 148
143, 213
143, 149
143, 214
143, 150
143, 279
143, 215
143, 151
143, 280
143, 216
143, 152
143, 281
143, 217
143, 153
143, 282
143, 218
143, 283
143, 219
143, 284
143, 220
143, 285
143, 221
143, 286
143, 287
143, 288
143, 160
143, 289
143, 161
143, 162
143, 163
143, 228
143, 164
143, 229
143, 165
143, 230
143, 166
143, 231
143, 167
143, 232
143, 168
143, 233
143, 169
143, 234
143, 170
143, 235
143, 236
143, 237
143, 238
143, 177
143, 178
143, 179
143, 180
143, 245
143, 181
143, 246
143, 182
143, 247
143, 183
143, 248
143, 184
143, 249
143, 185
143, 250
143, 186
143, 251
143, 187
143, 252
143, 253
143, 254
143, 255
272, 289
16, 67
16, 68
16, 135
16, 136
16, 203
16, 204
16, 271
16, 272
16, 17
16, 84
16, 85
16, 152
16, 153
16, 220
16, 221
16, 288
16, 289
16, 33
16, 34
16, 101
16, 102
16, 169
16, 170
16, 237
16, 238
16, 50
16, 51
16, 118
16, 119
16, 186
16, 187
16, 254
16, 255
144, 195
144, 196
144, 197
144, 198
144, 263
144, 199
144, 264
144, 200
144, 265
144, 201
144, 266
144, 202
144, 267
144, 203
144, 268
144, 204
144, 269
144, 270
144, 271
144, 272
144, 145
144, 146
144, 147
144, 212
144, 148
144, 213
144, 149
144, 214
144, 150
144, 215
144, 151
144, 280
144, 216
144, 152
144, 281
144, 217
144, 153
144, 282
144, 218
144, 283
144, 219
144, 284
144, 220
144, 285
144, 221
144, 286
144, 287
144, 288
144, 289
144, 161
144, 162
144, 163
144, 164
144, 229
144, 165
144, 230
144, 166
144, 231
144, 167
144, 232
144, 168
144, 233
144, 169
144, 234
144, 170
144, 235
144, 236
144, 237
144, 238
144, 178
144, 179
144, 180
144, 181
144, 246
144, 182
144, 247
144, 183
144, 248
144, 184
144, 249
144, 185
144, 250
144, 186
144, 251
144, 187
144, 252
144, 253
144, 254
144, 255
17, 68
17, 136
17, 204
17, 272
17, 85
17, 153
17, 221
17, 289
17, 34
17, 102
17, 170
17, 238
17, 51
17, 119
17, 187
17, 255
273, 274
273, 275
273, 276
273, 277
273, 278
273, 279
273, 280
273, 281
273, 282
273, 283
273, 284
273, 285
273, 286
273, 287
273, 288
273, 289
145, 196
145, 197
145, 198
145, 199
145, 264
145, 200
145, 265
145, 201
145, 266
145, 202
145, 267
145, 203
145, 268
145, 204
145, 269
145, 270
145, 271
145, 272
145, 146
145, 147
145, 148
145, 213
145, 149
145, 214
145, 150
145, 215
145, 151
145, 216
145, 152
145, 281
145, 217
145, 153
145, 282
145, 218
145, 283
145, 219
145, 284
145, 220
145, 285
145, 221
145, 286
145, 287
145, 288
145, 289
145, 162
145, 163
145, 164
145, 165
145, 230
145, 166
145, 231
145, 167
145, 232
145, 168
145, 233
145, 169
145, 234
145, 170
145, 235
145, 236
145, 237
145, 238
145, 179
145, 180
145, 181
145, 182
145, 247
145, 183
145, 248
145, 184
145, 249
145, 185
145, 250
145, 186
145, 251
145, 187
145, 252
145, 253
145, 254
145, 255
274, 275
274, 276
274, 277
274, 278
274, 279
274, 280
274, 281
274, 282
274, 283
274, 284
274, 285
274, 286
274, 287
274, 288
274, 289
18, 128
18, 256
18, 129
18, 257
18, 130
18, 258
18, 131
18, 259
18, 260
18, 132
18, 261
18, 133
18, 262
18, 134
18, 263
18, 135
18, 264
18, 136
18, 265
18, 137
18, 266
18, 138
18, 267
18, 139
18, 268
18, 140
18, 269
18, 141
18, 270
18, 142
18, 271
18, 143
18, 272
18, 144
18, 145
18, 273
18, 146
18, 274
18, 19
18, 147
18, 275
18, 276
18, 148
18, 20
18, 277
18, 149
18, 21
18, 278
18, 150
18, 22
18, 279
18, 151
18, 23
18, 280
18, 152
18, 24
18, 281
18, 153
18, 25
18, 282
18, 26
18, 154
18, 283
18, 27
18, 155
18, 284
18, 28
18, 156
18, 285
18, 29
18, 157
18, 286
18, 30
18, 158
18, 287
18, 31
18, 159
18, 288
18, 32
18, 160
18, 289
18, 33
18, 161
18, 34
18, 162
18, 35
18, 163
18, 164
18, 36
18, 165
18, 37
18, 166
18, 38
18, 167
18, 39
18, 168
18, 40
18, 169
18, 41
18, 170
18, 42
18, 43
18, 171
18, 44
18, 172
18, 45
18, 173
18, 46
18, 174
18, 47
18, 175
18, 48
18, 176
18, 49
18, 177
18, 50
18, 178
18, 51
18, 179
18, 180
18, 52
18, 181
18, 53
18, 182
18, 54
18, 183
18, 55
18, 184
18, 56
18, 185
18, 57
18, 186
18, 58
18, 187
18, 59
18, 60
18, 188
18, 61
18, 189
18, 62
18, 190
18, 63
18, 191
18, 64
18, 192
18, 65
18, 193
18, 66
18, 194
18, 67
18, 195
18, 196
18, 68
18, 197
18, 69
18, 198
18, 70
18, 199
18, 71
18, 200
18, 72
18, 201
18, 73
18, 202
18, 74
18, 203
18, 75
18, 204
18, 76
18, 77
18, 205
18, 78
18, 206
18, 79
18, 207
18, 80
18, 208
18, 81
18, 209
18, 82
18, 210
18, 83
18, 211
18, 212
18, 84
18, 213
18, 85
18, 214
18, 86
18, 215
18, 87
18, 216
18, 88
18, 217
18, 89
18, 218
18, 90
18, 219
18, 91
18, 220
18, 92
18, 221
18, 93
18, 94
18, 222
18, 95
18, 223
18, 96
18, 224
18, 97
18, 225
18, 98
18, 226
18, 99
18, 227
18, 228
18, 100
18, 229
18, 101
18, 230
18, 102
18, 231
18, 103
18, 232
18, 104
18, 233
18, 105
18, 234
18, 106
18, 235
18, 107
18, 236
18, 108
18, 237
18, 109
18, 238
18, 110
18, 111
18, 239
18, 112
18, 240
18, 113
18, 241
18, 114
18, 242
18, 115
18, 243
18, 244
18, 116
18, 245
18, 117
18, 246
18, 118
18, 247
18, 119
18, 248
18, 120
18, 249
18, 121
18, 250
18, 122
18, 251
18, 123
18, 252
18, 124
18, 253
18, 125
18, 254
18, 126
18, 255
18, 127
146, 197
146, 198
146, 199
146, 200
146, 265
146, 201
146, 266
146, 202
146, 267
146, 203
146, 268
146, 204
146, 269
146, 270
146, 271
146, 272
146, 147
146, 148
146, 149
146, 214
146, 150
146, 215
146, 151
146, 216
146, 152
146, 217
146, 153
146, 282
146, 218
146, 283
146, 219
146, 284
146, 220
146, 285
146, 221
146, 286
146, 287
146, 288
146, 289
146, 163
146, 164
146, 165
146, 166
146, 231
146, 167
146, 232
146, 168
146, 233
146, 169
146, 234
146, 170
146, 235
146, 236
146, 237
146, 238
146, 180
146, 181
146, 182
146, 183
146, 248
146, 184
146, 249
146, 185
146, 250
146, 186
146, 251
146, 187
146, 252
146, 253
146, 254
146, 255
275, 276
275, 277
275, 278
275, 279
275, 280
275, 281
275, 282
275, 283
275, 284
275, 285
275, 286
275, 287
275, 288
275, 289
19, 128
19, 129
19, 257
19, 130
19, 258
19, 131
19, 259
19, 132
19, 260
19, 261
19, 133
19, 262
19, 134
19, 263
19, 135
19, 264
19, 136
19, 265
19, 266
19, 138
19, 267
19, 139
19, 268
19, 140
19, 269
19, 141
19, 270
19, 142
19, 271
19, 143
19, 272
19, 144
19, 145
19, 146
19, 274
19, 147
19, 275
19, 20
19, 148
19, 276
19, 277
19, 149
19, 21
19, 278
19, 150
19, 22
19, 279
19, 151
19, 23
19, 280
19, 152
19, 24
19, 281
19, 153
19, 25
19, 282
19, 26
19, 283
19, 27
19, 155
19, 284
19, 28
19, 156
19, 285
19, 29
19, 157
19, 286
19, 30
19, 158
19, 287
19, 31
19, 159
19, 288
19, 32
19, 160
19, 289
19, 33
19, 161
19, 34
19, 162
19, 163
19, 36
19, 164
19, 165
19, 37
19, 166
19, 38
19, 167
19, 39
19, 168
19, 40
19, 169
19, 41
19, 170
19, 42
19, 43
19, 44
19, 172
19, 45
19, 173
19, 46
19, 174
19, 47
19, 175
19, 48
19, 176
19, 49
19, 177
19, 50
19, 178
19, 51
19, 179
19, 180
19, 181
19, 53
19, 182
19, 54
19, 183
19, 55
19, 184
19, 56
19, 185
19, 57
19, 186
19, 58
19, 187
19, 59
19, 60
19, 61
19, 189
19, 62
19, 190
19, 63
19, 191
19, 64
19, 192
19, 65
19, 193
19, 66
19, 194
19, 67
19, 195
19, 68
19, 196
19, 197
19, 198
19, 70
19, 199
19, 71
19, 200
19, 72
19, 201
19, 73
19, 202
19, 74
19, 203
19, 75
19, 204
19, 76
19, 77
19, 78
19, 206
19, 79
19, 207
19, 80
19, 208
19, 81
19, 209
19, 82
19, 210
19, 83
19, 211
19, 84
19, 212
19, 213
19, 85
19, 214
19, 215
19, 87
19, 216
19, 88
19, 217
19, 89
19, 218
19, 90
19, 219
19, 91
19, 220
19, 92
19, 221
19, 93
19, 94
19, 95
19, 223
19, 96
19, 224
19, 97
19, 225
19, 98
19, 226
19, 99
19, 227
19, 100
19, 228
19, 229
19, 101
19, 230
19, 102
19, 231
19, 232
19, 104
19, 233
19, 105
19, 234
19, 106
19, 235
19, 107
19, 236
19, 108
19, 237
19, 109
19, 238
19, 110
19, 111
19, 112
19, 240
19, 113
19, 241
19, 114
19, 242
19, 115
19, 243
19, 116
19, 244
19, 245
19, 117
19, 246
19, 118
19, 247
19, 119
19, 248
19, 249
19, 121
19, 250
19, 122
19, 251
19, 123
19, 252
19, 124
19, 253
19, 125
19, 254
19, 126
19, 255
19, 127
147, 198
147, 199
147, 200
147, 201
147, 266
147, 202
147, 267
147, 203
147, 268
147, 204
147, 269
147, 270
147, 271
147, 272
147, 148
147, 149
147, 150
147, 215
147, 151
147, 216
147, 152
147, 217
147, 153
147, 218
147, 283
147, 219
147, 284
147, 220
147, 285
147, 221
147, 286
147, 287
147, 288
147, 289
147, 164
147, 165
147, 166
147, 167
147, 232
147, 168
147, 233
147, 169
147, 234
147, 170
147, 235
147, 236
147, 237
147, 238
147, 181
147, 182
147, 183
147, 184
147, 249
147, 185
147, 250
147, 186
147, 251
147, 187
147, 252
147, 253
147, 254
147, 255
276, 277
276, 278
276, 279
276, 280
276, 281
276, 282
276, 283
276, 284
276, 285
276, 286
276, 287
276, 288
276, 289
20, 128
20, 129
20, 130
20, 258
20, 131
20, 259
20, 132
20, 260
20, 133
20, 261
20, 262
20, 134
20, 263
20, 135
20, 264
20, 136
20, 265
20, 266
20, 267
20, 139
20, 268
20, 140
20, 269
20, 141
20, 270
20, 142
20, 271
20, 143
20, 272
20, 144
20, 145
20, 146
20, 147
20, 275
20, 148
20, 276
20, 21
20, 149
20, 277
20, 278
20, 150
20, 22
20, 279
20, 151
20, 23
20, 280
20, 152
20, 24
20, 281
20, 153
20, 25
20, 282
20, 26
20, 283
20, 27
20, 284
20, 28
20, 156
20, 285
20, 29
20, 157
20, 286
20, 30
20, 158
20, 287
20, 31
20, 159
20, 288
20, 32
20, 160
20, 289
20, 33
20, 161
20, 34
20, 162
20, 163
20, 164
20, 37
20, 165
20, 166
20, 38
20, 167
20, 39
20, 168
20, 40
20, 169
20, 41
20, 170
20, 42
20, 43
20, 44
20, 45
20, 173
20, 46
20, 174
20, 47
20, 175
20, 48
20, 176
20, 49
20, 177
20, 50
20, 178
20, 51
20, 179
20, 180
20, 181
20, 182
20, 54
20, 183
20, 55
20, 184
20, 56
20, 185
20, 57
20, 186
20, 58
20, 187
20, 59
20, 60
20, 61
20, 62
20, 190
20, 63
20, 191
20, 64
20, 192
20, 65
20, 193
20, 66
20, 194
20, 67
20, 195
20, 68
20, 196
20, 197
20, 198
20, 199
20, 71
20, 200
20, 72
20, 201
20, 73
20, 202
20, 74
20, 203
20, 75
20, 204
20, 76
20, 77
20, 78
20, 79
20, 207
20, 80
20, 208
20, 81
20, 209
20, 82
20, 210
20, 83
20, 211
20, 84
20, 212
20, 85
20, 213
20, 214
20, 215
20, 216
20, 88
20, 217
20, 89
20, 218
20, 90
20, 219
20, 91
20, 220
20, 92
20, 221
20, 93
20, 94
20, 95
20, 96
20, 224
20, 97
20, 225
20, 98
20, 226
20, 99
20, 227
20, 100
20, 228
20, 101
20, 229
20, 230
20, 102
20, 231
20, 232
20, 233
20, 105
20, 234
20, 106
20, 235
20, 107
20, 236
20, 108
20, 237
20, 109
20, 238
20, 110
20, 111
20, 112
20, 113
20, 241
20, 114
20, 242
20, 115
20, 243
20, 116
20, 244
20, 117
20, 245
20, 246
20, 118
20, 247
20, 119
20, 248
20, 249
20, 250
20, 122
20, 251
20, 123
20, 252
20, 124
20, 253
20, 125
20, 254
20, 126
20, 255
20, 127
148, 199
148, 200
148, 201
148, 202
148, 267
148, 203
148, 268
148, 204
148, 269
148, 270
148, 271
148, 272
148, 149
148, 150
148, 151
148, 216
148, 152
148, 217
148, 153
148, 218
148, 219
148, 284
148, 220
148, 285
148, 221
148, 286
148, 287
148, 288
148, 289
148, 165
148, 166
148, 167
148, 168
148, 233
148, 169
148, 234
148, 170
148, 235
148, 236
148, 237
148, 238
148, 182
148, 183
148, 184
148, 185
148, 250
148, 186
148, 251
148, 187
148, 252
148, 253
148, 254
148, 255
277, 278
277, 279
277, 280
277, 281
277, 282
277, 283
277, 284
277, 285
277, 286
277, 287
277, 288
277, 289
21, 128
21, 129
21, 130
21, 131
21, 259
21, 132
21, 260
21, 133
21, 261
21, 134
21, 262
21, 135
21, 263
21, 136
21, 264
21, 265
21, 266
21, 267
21, 268
21, 140
21, 269
21, 141
21, 270
21, 142
21, 271
21, 143
21, 272
21, 144
21, 145
21, 146
21, 147
21, 148
21, 276
21, 149
21, 277
21, 22
21, 150
21, 278
21, 23
21, 151
21, 279
21, 24
21, 152
21, 280
21, 25
21, 153
21, 281
21, 282
21, 26
21, 283
21, 27
21, 284
21, 28
21, 285
21, 29
21, 157
21, 286
21, 30
21, 158
21, 287
21, 31
21, 159
21, 288
21, 32
21, 160
21, 289
21, 33
21, 161
21, 34
21, 162
21, 163
21, 164
21, 165
21, 38
21, 166
21, 39
21, 167
21, 40
21, 168
21, 41
21, 169
21, 170
21, 42
21, 43
21, 44
21, 45
21, 46
21, 174
21, 47
21, 175
21, 48
21, 176
21, 49
21, 177
21, 50
21, 178
21, 51
21, 179
21, 180
21, 181
21, 182
21, 55
21, 183
21, 56
21, 184
21, 57
21, 185
21, 186
21, 58
21, 187
21, 59
21, 60
21, 61
21, 62
21, 63
21, 191
21, 64
21, 192
21, 65
21, 193
21, 66
21, 194
21, 67
21, 195
21, 68
21, 196
21, 197
21, 198
21, 199
21, 72
21, 200
21, 73
21, 201
21, 202
21, 74
21, 203
21, 75
21, 204
21, 76
21, 77
21, 78
21, 79
21, 80
21, 208
21, 81
21, 209
21, 82
21, 210
21, 83
21, 211
21, 84
21, 212
21, 85
21, 213
21, 214
21, 215
21, 216
21, 89
21, 217
21, 218
21, 90
21, 219
21, 91
21, 220
21, 92
21, 221
21, 93
21, 94
21, 95
21, 96
21, 97
21, 225
21, 98
21, 226
21, 99
21, 227
21, 100
21, 228
21, 101
21, 229
21, 102
21, 230
21, 231
21, 232
21, 233
21, 234
21, 106
21, 235
21, 107
21, 236
21, 108
21, 237
21, 109
21, 238
21, 110
21, 111
21, 112
21, 113
21, 114
21, 242
21, 115
21, 243
21, 116
21, 244
21, 117
21, 245
21, 118
21, 246
21, 119
21, 247
21, 248
21, 249
21, 250
21, 251
21, 123
21, 252
21, 124
21, 253
21, 125
21, 254
21, 126
21, 255
21, 127
149, 200
149, 201
149, 202
149, 203
149, 268
149, 204
149, 269
149, 270
149, 271
149, 272
149, 150
149, 151
149, 152
149, 217
149, 153
149, 218
149, 219
149, 220
149, 285
149, 221
149, 286
149, 287
149, 288
149, 289
149, 166
149, 167
149, 168
149, 169
149, 234
149, 170
149, 235
149, 236
149, 237
149, 238
149, 183
149, 184
149, 185
149, 186
149, 251
149, 187
149, 252
149, 253
149, 254
149, 255
278, 279
278, 280
278, 281
278, 282
278, 283
278, 284
278, 285
278, 286
278, 287
278, 288
278, 289
22, 192
22, 128
22, 64
22, 193
22, 129
22, 65
22, 194
22, 130
22, 66
22, 195
22, 131
22, 67
22, 260
22, 196
22, 132
22, 68
22, 261
22, 197
22, 133
22, 262
22, 198
22, 134
22, 263
22, 199
22, 135
22, 264
22, 200
22, 136
22, 265
22, 201
22, 73
22, 266
22, 202
22, 74
22, 267
22, 203
22, 75
22, 268
22, 204
22, 76
22, 269
22, 141
22, 77
22, 270
22, 142
22, 78
22, 271
22, 143
22, 79
22, 272
22, 144
22, 80
22, 209
22, 145
22, 81
22, 210
22, 146
22, 82
22, 211
22, 147
22, 83
22, 212
22, 148
22, 84
22, 277
22, 213
22, 149
22, 85
22, 278
22, 214
22, 150
22, 279
22, 215
22, 151
22, 23
22, 280
22, 216
22, 152
22, 24
22, 281
22, 217
22, 153
22, 25
22, 282
22, 218
22, 90
22, 26
22, 283
22, 219
22, 91
22, 27
22, 284
22, 220
22, 92
22, 28
22, 285
22, 221
22, 93
22, 29
22, 286
22, 158
22, 94
22, 30
22, 287
22, 159
22, 95
22, 31
22, 288
22, 160
22, 96
22, 32
22, 289
22, 161
22, 97
22, 33
22, 226
22, 162
22, 98
22, 34
22, 227
22, 163
22, 99
22, 228
22, 164
22, 100
22, 229
22, 165
22, 101
22, 230
22, 166
22, 102
22, 231
22, 167
22, 39
22, 232
22, 168
22, 40
22, 233
22, 169
22, 41
22, 234
22, 170
22, 42
22, 235
22, 107
22, 43
22, 236
22, 108
22, 44
22, 237
22, 109
22, 45
22, 238
22, 110
22, 46
22, 175
22, 111
22, 47
22, 176
22, 112
22, 48
22, 177
22, 113
22, 49
22, 178
22, 114
22, 50
22, 243
22, 179
22, 115
22, 51
22, 244
22, 180
22, 116
22, 245
22, 181
22, 117
22, 246
22, 182
22, 118
22, 247
22, 183
22, 119
22, 248
22, 184
22, 56
22, 249
22, 185
22, 57
22, 250
22, 186
22, 58
22, 251
22, 187
22, 59
22, 252
22, 124
22, 60
22, 253
22, 125
22, 61
22, 254
22, 126
22, 62
22, 255
22, 127
22, 63
150, 201
150, 202
150, 203
150, 204
150, 269
150, 270
150, 271
150, 272
150, 151
150, 152
150, 153
150, 218
150, 219
150, 220
150, 221
150, 286
150, 287
150, 288
150, 289
150, 167
150, 168
150, 169
150, 170
150, 235
150, 236
150, 237
150, 238
150, 184
150, 185
150, 186
150, 187
150, 252
150, 253
150, 254
150, 255
279, 280
279, 281
279, 282
279, 283
279, 284
279, 285
279, 286
279, 287
279, 288
279, 289
23, 128
23, 64
23, 193
23, 129
23, 65
23, 194
23, 130
23, 66
23, 195
23, 131
23, 67
23, 196
23, 132
23, 68
23, 261
23, 197
23, 133
23, 262
23, 198
23, 134
23, 263
23, 199
23, 135
23, 264
23, 200
23, 136
23, 265
23, 201
23, 266
23, 202
23, 74
23, 267
23, 203
23, 75
23, 268
23, 204
23, 76
23, 269
23, 77
23, 270
23, 142
23, 78
23, 271
23, 143
23, 79
23, 272
23, 144
23, 80
23, 145
23, 81
23, 210
23, 146
23, 82
23, 211
23, 147
23, 83
23, 212
23, 148
23, 84
23, 213
23, 149
23, 85
23, 278
23, 214
23, 150
23, 279
23, 215
23, 151
23, 280
23, 216
23, 152
23, 24
23, 281
23, 217
23, 153
23, 25
23, 282
23, 218
23, 26
23, 283
23, 219
23, 91
23, 27
23, 284
23, 220
23, 92
23, 28
23, 285
23, 221
23, 93
23, 29
23, 286
23, 94
23, 30
23, 287
23, 159
23, 95
23, 31
23, 288
23, 160
23, 96
23, 32
23, 289
23, 161
23, 97
23, 33
23, 162
23, 98
23, 34
23, 227
23, 163
23, 99
23, 228
23, 164
23, 100
23, 229
23, 165
23, 101
23, 230
23, 166
23, 102
23, 231
23, 167
23, 232
23, 168
23, 40
23, 233
23, 169
23, 41
23, 234
23, 170
23, 42
23, 235
23, 43
23, 236
23, 108
23, 44
23, 237
23, 109
23, 45
23, 238
23, 110
23, 46
23, 111
23, 47
23, 176
23, 112
23, 48
23, 177
23, 113
23, 49
23, 178
23, 114
23, 50
23, 179
23, 115
23, 51
23, 244
23, 180
23, 116
23, 245
23, 181
23, 117
23, 246
23, 182
23, 118
23, 247
23, 183
23, 119
23, 248
23, 184
23, 249
23, 185
23, 57
23, 250
23, 186
23, 58
23, 251
23, 187
23, 59
23, 252
23, 60
23, 253
23, 125
23, 61
23, 254
23, 126
23, 62
23, 255
23, 127
23, 63
151, 202
151, 203
151, 204
151, 270
151, 271
151, 272
151, 152
151, 153
151, 219
151, 220
151, 221
151, 287
151, 288
151, 289
151, 168
151, 169
151, 170
151, 236
151, 237
151, 238
151, 185
151, 186
151, 187
151, 253
151, 254
151, 255
280, 281
280, 282
280, 283
280, 284
280, 285
280, 286
280, 287
280, 288
280, 289
24, 128
24, 64
24, 129
24, 65
24, 194
24, 130
24, 66
24, 195
24, 131
24, 67
24, 196
24, 132
24, 68
24, 197
24, 133
24, 262
24, 198
24, 134
24, 263
24, 199
24, 135
24, 264
24, 200
24, 136
24, 265
24, 201
24, 266
24, 202
24, 267
24, 203
24, 75
24, 268
24, 204
24, 76
24, 269
24, 77
24, 270
24, 78
24, 271
24, 143
24, 79
24, 272
24, 144
24, 80
24, 145
24, 81
24, 146
24, 82
24, 211
24, 147
24, 83
24, 212
24, 148
24, 84
24, 213
24, 149
24, 85
24, 214
24, 150
24, 279
24, 215
24, 151
24, 280
24, 216
24, 152
24, 281
24, 217
24, 153
24, 25
24, 282
24, 218
24, 26
24, 283
24, 219
24, 27
24, 284
24, 220
24, 92
24, 28
24, 285
24, 221
24, 93
24, 29
24, 286
24, 94
24, 30
24, 287
24, 95
24, 31
24, 288
24, 160
24, 96
24, 32
24, 289
24, 161
24, 97
24, 33
24, 162
24, 98
24, 34
24, 163
24, 99
24, 228
24, 164
24, 100
24, 229
24, 165
24, 101
24, 230
24, 166
24, 102
24, 231
24, 167
24, 232
24, 168
24, 233
24, 169
24, 41
24, 234
24, 170
24, 42
24, 235
24, 43
24, 236
24, 44
24, 237
24, 109
24, 45
24, 238
24, 110
24, 46
24, 111
24, 47
24, 112
24, 48
24, 177
24, 113
24, 49
24, 178
24, 114
24, 50
24, 179
24, 115
24, 51
24, 180
24, 116
24, 245
24, 181
24, 117
24, 246
24, 182
24, 118
24, 247
24, 183
24, 119
24, 248
24, 184
24, 249
24, 185
24, 250
24, 186
24, 58
24, 251
24, 187
24, 59
24, 252
24, 60
24, 253
24, 61
24, 254
24, 126
24, 62
24, 255
24, 127
24, 63
152, 203
152, 204
152, 271
152, 272
152, 153
152, 220
152, 221
152, 288
152, 289
152, 169
152, 170
152, 237
152, 238
152, 186
152, 187
152, 254
152, 255
153, 289
153, 272
153, 255
153, 238
153, 221
153, 204
153, 187
153, 170
281, 289
281, 288
281, 287
281, 286
281, 285
281, 284
281, 283
281, 282
25, 128
25, 64
25, 129
25, 65
25, 130
25, 66
25, 195
25, 131
25, 67
25, 196
25, 132
25, 68
25, 197
25, 133
25, 198
25, 134
25, 263
25, 199
25, 135
25, 264
25, 200
25, 136
25, 265
25, 201
25, 266
25, 202
25, 267
25, 203
25, 268
25, 204
25, 76
25, 269
25, 77
25, 270
25, 78
25, 271
25, 79
25, 272
25, 144
25, 80
25, 145
25, 81
25, 146
25, 82
25, 147
25, 83
25, 212
25, 148
25, 84
25, 213
25, 149
25, 85
25, 214
25, 150
25, 215
25, 151
25, 280
25, 216
25, 152
25, 281
25, 217
25, 153
25, 282
25, 218
25, 26
25, 283
25, 219
25, 27
25, 284
25, 220
25, 28
25, 285
25, 221
25, 93
25, 29
25, 286
25, 94
25, 30
25, 287
25, 95
25, 31
25, 288
25, 96
25, 32
25, 289
25, 161
25, 97
25, 33
25, 162
25, 98
25, 34
25, 163
25, 99
25, 164
25, 100
25, 229
25, 165
25, 101
25, 230
25, 166
25, 102
25, 231
25, 167
25, 232
25, 168
25, 233
25, 169
25, 234
25, 170
25, 42
25, 235
25, 43
25, 236
25, 44
25, 237
25, 45
25, 238
25, 110
25, 46
25, 111
25, 47
25, 112
25, 48
25, 113
25, 49
25, 178
25, 114
25, 50
25, 179
25, 115
25, 51
25, 180
25, 116
25, 181
25, 117
25, 246
25, 182
25, 118
25, 247
25, 183
25, 119
25, 248
25, 184
25, 249
25, 185
25, 250
25, 186
25, 251
25, 187
25, 59
25, 252
25, 60
25, 253
25, 61
25, 254
25, 62
25, 255
25, 127
25, 63
282, 289
282, 288
282, 287
282, 286
282, 285
282, 284
282, 283
26, 128
26, 64
26, 129
26, 65
26, 130
26, 66
26, 131
26, 67
26, 196
26, 132
26, 68
26, 197
26, 133
26, 198
26, 134
26, 199
26, 135
26, 264
26, 200
26, 136
26, 265
26, 201
26, 266
26, 202
26, 267
26, 203
26, 268
26, 204
26, 269
26, 77
26, 270
26, 78
26, 271
26, 79
26, 272
26, 80
26, 145
26, 81
26, 146
26, 82
26, 147
26, 83
26, 148
26, 84
26, 213
26, 149
26, 85
26, 214
26, 150
26, 215
26, 151
26, 216
26, 152
26, 281
26, 217
26, 153
26, 282
26, 218
26, 283
26, 219
26, 27
26, 284
26, 220
26, 28
26, 285
26, 221
26, 29
26, 286
26, 94
26, 30
26, 287
26, 95
26, 31
26, 288
26, 96
26, 32
26, 289
26, 97
26, 33
26, 162
26, 98
26, 34
26, 163
26, 99
26, 164
26, 100
26, 165
26, 101
26, 230
26, 166
26, 102
26, 231
26, 167
26, 232
26, 168
26, 233
26, 169
26, 234
26, 170
26, 235
26, 43
26, 236
26, 44
26, 237
26, 45
26, 238
26, 46
26, 111
26, 47
26, 112
26, 48
26, 113
26, 49
26, 114
26, 50
26, 179
26, 115
26, 51
26, 180
26, 116
26, 181
26, 117
26, 182
26, 118
26, 247
26, 183
26, 119
26, 248
26, 184
26, 249
26, 185
26, 250
26, 186
26, 251
26, 187
26, 252
26, 60
26, 253
26, 61
26, 254
26, 62
26, 255
26, 63
154, 256
154, 192
154, 257
154, 193
154, 258
154, 194
154, 259
154, 195
154, 260
154, 196
154, 261
154, 197
154, 262
154, 198
154, 263
154, 199
154, 264
154, 200
154, 265
154, 201
154, 266
154, 202
154, 267
154, 203
154, 268
154, 204
154, 269
154, 205
154, 270
154, 206
154, 271
154, 207
154, 272
154, 208
154, 273
154, 209
154, 274
154, 210
154, 275
154, 211
154, 276
154, 212
154, 277
154, 213
154, 278
154, 214
154, 279
154, 215
154, 280
154, 216
154, 281
154, 217
154, 282
154, 218
154, 283
154, 219
154, 155
154, 284
154, 220
154, 156
154, 285
154, 221
154, 157
154, 286
154, 222
154, 158
154, 287
154, 223
154, 159
154, 288
154, 224
154, 160
154, 289
154, 225
154, 161
154, 226
154, 162
154, 227
154, 163
154, 228
154, 164
154, 229
154, 165
154, 230
154, 166
154, 231
154, 167
154, 232
154, 168
154, 233
154, 169
154, 234
154, 170
154, 235
154, 171
154, 236
154, 172
154, 237
154, 173
154, 238
154, 174
154, 239
154, 175
154, 240
154, 176
154, 241
154, 177
154, 242
154, 178
154, 243
154, 179
154, 244
154, 180
154, 245
154, 181
154, 246
154, 182
154, 247
154, 183
154, 248
154, 184
154, 249
154, 185
154, 250
154, 186
154, 251
154, 187
154, 252
154, 188
154, 253
154, 189
154, 254
154, 190
154, 255
154, 191
283, 289
283, 288
283, 287
283, 286
283, 285
283, 284
27, 64
27, 129
27, 65
27, 130
27, 66
27, 131
27, 67
27, 132
27, 68
27, 197
27, 133
27, 198
27, 134
27, 199
27, 135
27, 200
27, 136
27, 265
27, 201
27, 266
27, 202
27, 267
27, 203
27, 268
27, 204
27, 269
27, 270
27, 78
27, 271
27, 79
27, 272
27, 80
27, 81
27, 146
27, 82
27, 147
27, 83
27, 148
27, 84
27, 149
27, 85
27, 214
27, 150
27, 215
27, 151
27, 216
27, 152
27, 217
27, 153
27, 282
27, 218
27, 283
27, 219
27, 284
27, 220
27, 28
27, 285
27, 221
27, 29
27, 286
27, 30
27, 287
27, 95
27, 31
27, 288
27, 96
27, 32
27, 289
27, 97
27, 33
27, 98
27, 34
27, 163
27, 99
27, 164
27, 100
27, 165
27, 101
27, 166
27, 102
27, 231
27, 167
27, 232
27, 168
27, 233
27, 169
27, 234
27, 170
27, 235
27, 236
27, 44
27, 237
27, 45
27, 238
27, 46
27, 47
27, 112
27, 48
27, 113
27, 49
27, 114
27, 50
27, 115
27, 51
27, 180
27, 116
27, 181
27, 117
27, 182
27, 118
27, 183
27, 119
27, 248
27, 184
27, 249
27, 185
27, 250
27, 186
27, 251
27, 187
27, 252
27, 253
27, 61
27, 254
27, 62
27, 255
27, 63
155, 192
155, 257
155, 193
155, 258
155, 194
155, 259
155, 195
155, 260
155, 196
155, 261
155, 197
155, 262
155, 198
155, 263
155, 199
155, 264
155, 200
155, 265
155, 201
155, 266
155, 202
155, 267
155, 203
155, 268
155, 204
155, 269
155, 270
155, 206
155, 271
155, 207
155, 272
155, 208
155, 209
155, 274
155, 210
155, 275
155, 211
155, 276
155, 212
155, 277
155, 213
155, 278
155, 214
155, 279
155, 215
155, 280
155, 216
155, 281
155, 217
155, 282
155, 218
155, 283
155, 219
155, 284
155, 220
155, 156
155, 285
155, 221
155, 157
155, 286
155, 158
155, 287
155, 223
155, 159
155, 288
155, 224
155, 160
155, 289
155, 225
155, 161
155, 226
155, 162
155, 227
155, 163
155, 228
155, 164
155, 229
155, 165
155, 230
155, 166
155, 231
155, 167
155, 232
155, 168
155, 233
155, 169
155, 234
155, 170
155, 235
155, 236
155, 172
155, 237
155, 173
155, 238
155, 174
155, 175
155, 240
155, 176
155, 241
155, 177
155, 242
155, 178
155, 243
155, 179
155, 244
155, 180
155, 245
155, 181
155, 246
155, 182
155, 247
155, 183
155, 248
155, 184
155, 249
155, 185
155, 250
155, 186
155, 251
155, 187
155, 252
155, 253
155, 189
155, 254
155, 190
155, 255
155, 191
284, 289
284, 288
284, 287
284, 286
284, 285
28, 64
28, 65
28, 130
28, 66
28, 131
28, 67
28, 132
28, 68
28, 133
28, 198
28, 134
28, 199
28, 135
28, 200
28, 136
28, 201
28, 266
28, 202
28, 267
28, 203
28, 268
28, 204
28, 269
28, 270
28, 271
28, 79
28, 272
28, 80
28, 81
28, 82
28, 147
28, 83
28, 148
28, 84
28, 149
28, 85
28, 150
28, 215
28, 151
28, 216
28, 152
28, 217
28, 153
28, 218
28, 283
28, 219
28, 284
28, 220
28, 285
28, 221
28, 29
28, 286
28, 30
28, 287
28, 31
28, 288
28, 96
28, 32
28, 289
28, 97
28, 33
28, 98
28, 34
28, 99
28, 164
28, 100
28, 165
28, 101
28, 166
28, 102
28, 167
28, 232
28, 168
28, 233
28, 169
28, 234
28, 170
28, 235
28, 236
28, 237
28, 45
28, 238
28, 46
28, 47
28, 48
28, 113
28, 49
28, 114
28, 50
28, 115
28, 51
28, 116
28, 181
28, 117
28, 182
28, 118
28, 183
28, 119
28, 184
28, 249
28, 185
28, 250
28, 186
28, 251
28, 187
28, 252
28, 253
28, 254
28, 62
28, 255
28, 63
156, 192
156, 193
156, 258
156, 194
156, 259
156, 195
156, 260
156, 196
156, 261
156, 197
156, 262
156, 198
156, 263
156, 199
156, 264
156, 200
156, 265
156, 201
156, 266
156, 202
156, 267
156, 203
156, 268
156, 204
156, 269
156, 270
156, 271
156, 207
156, 272
156, 208
156, 209
156, 210
156, 275
156, 211
156, 276
156, 212
156, 277
156, 213
156, 278
156, 214
156, 279
156, 215
156, 280
156, 216
156, 281
156, 217
156, 282
156, 218
156, 283
156, 219
156, 284
156, 220
156, 285
156, 221
156, 157
156, 286
156, 158
156, 287
156, 159
156, 288
156, 224
156, 160
156, 289
156, 225
156, 161
156, 226
156, 162
156, 227
156, 163
156, 228
156, 164
156, 229
156, 165
156, 230
156, 166
156, 231
156, 167
156, 232
156, 168
156, 233
156, 169
156, 234
156, 170
156, 235
156, 236
156, 237
156, 173
156, 238
156, 174
156, 175
156, 176
156, 241
156, 177
156, 242
156, 178
156, 243
156, 179
156, 244
156, 180
156, 245
156, 181
156, 246
156, 182
156, 247
156, 183
156, 248
156, 184
156, 249
156, 185
156, 250
156, 186
156, 251
156, 187
156, 252
156, 253
156, 254
156, 190
156, 255
156, 191
285, 289
285, 288
285, 287
285, 286
29, 64
29, 65
29, 66
29, 131
29, 67
29, 132
29, 68
29, 133
29, 134
29, 199
29, 135
29, 200
29, 136
29, 201
29, 202
29, 267
29, 203
29, 268
29, 204
29, 269
29, 270
29, 271
29, 272
29, 80
29, 81
29, 82
29, 83
29, 148
29, 84
29, 149
29, 85
29, 150
29, 151
29, 216
29, 152
29, 217
29, 153
29, 218
29, 219
29, 284
29, 220
29, 285
29, 221
29, 286
29, 30
29, 287
29, 31
29, 288
29, 32
29, 289
29, 97
29, 33
29, 98
29, 34
29, 99
29, 100
29, 165
29, 101
29, 166
29, 102
29, 167
29, 168
29, 233
29, 169
29, 234
29, 170
29, 235
29, 236
29, 237
29, 238
29, 46
29, 47
29, 48
29, 49
29, 114
29, 50
29, 115
29, 51
29, 116
29, 117
29, 182
29, 118
29, 183
29, 119
29, 184
29, 185
29, 250
29, 186
29, 251
29, 187
29, 252
29, 253
29, 254
29, 255
29, 63
157, 192
157, 193
157, 194
157, 259
157, 195
157, 260
157, 196
157, 261
157, 197
157, 262
157, 198
157, 263
157, 199
157, 264
157, 200
157, 265
157, 201
157, 266
157, 202
157, 267
157, 203
157, 268
157, 204
157, 269
157, 270
157, 271
157, 272
157, 208
157, 209
157, 210
157, 211
157, 276
157, 212
157, 277
157, 213
157, 278
157, 214
157, 279
157, 215
157, 280
157, 216
157, 281
157, 217
157, 282
157, 218
157, 283
157, 219
157, 284
157, 220
157, 285
157, 221
157, 286
157, 158
157, 287
157, 159
157, 288
157, 160
157, 289
157, 225
157, 161
157, 226
157, 162
157, 227
157, 163
157, 228
157, 164
157, 229
157, 165
157, 230
157, 166
157, 231
157, 167
157, 232
157, 168
157, 233
157, 169
157, 234
157, 170
157, 235
157, 236
157, 237
157, 238
157, 174
157, 175
157, 176
157, 177
157, 242
157, 178
157, 243
157, 179
157, 244
157, 180
157, 245
157, 181
157, 246
157, 182
157, 247
157, 183
157, 248
157, 184
157, 249
157, 185
157, 250
157, 186
157, 251
157, 187
157, 252
157, 253
157, 254
157, 255
157, 191
286, 289
286, 288
286, 287
30, 64
30, 65
30, 66
30, 67
30, 132
30, 68
30, 133
30, 134
30, 135
30, 200
30, 136
30, 201
30, 202
30, 203
30, 268
30, 204
30, 269
30, 270
30, 271
30, 272
30, 81
30, 82
30, 83
30, 84
30, 149
30, 85
30, 150
30, 151
30, 152
30, 217
30, 153
30, 218
30, 219
30, 220
30, 285
30, 221
30, 286
30, 287
30, 31
30, 288
30, 32
30, 289
30, 33
30, 98
30, 34
30, 99
30, 100
30, 101
30, 166
30, 102
30, 167
30, 168
30, 169
30, 234
30, 170
30, 235
30, 236
30, 237
30, 238
30, 47
30, 48
30, 49
30, 50
30, 115
30, 51
30, 116
30, 117
30, 118
30, 183
30, 119
30, 184
30, 185
30, 186
30, 251
30, 187
30, 252
30, 253
30, 254
30, 255
158, 192
158, 193
158, 194
158, 195
158, 260
158, 196
158, 261
158, 197
158, 262
158, 198
158, 263
158, 199
158, 264
158, 200
158, 265
158, 201
158, 266
158, 202
158, 267
158, 203
158, 268
158, 204
158, 269
158, 270
158, 271
158, 272
158, 209
158, 210
158, 211
158, 212
158, 277
158, 213
158, 278
158, 214
158, 279
158, 215
158, 280
158, 216
158, 281
158, 217
158, 282
158, 218
158, 283
158, 219
158, 284
158, 220
158, 285
158, 221
158, 286
158, 287
158, 159
158, 288
158, 160
158, 289
158, 161
158, 226
158, 162
158, 227
158, 163
158, 228
158, 164
158, 229
158, 165
158, 230
158, 166
158, 231
158, 167
158, 232
158, 168
158, 233
158, 169
158, 234
158, 170
158, 235
158, 236
158, 237
158, 238
158, 175
158, 176
158, 177
158, 178
158, 243
158, 179
158, 244
158, 180
158, 245
158, 181
158, 246
158, 182
158, 247
158, 183
158, 248
158, 184
158, 249
158, 185
158, 250
158, 186
158, 251
158, 187
158, 252
158, 253
158, 254
158, 255
287, 289
287, 288
31, 65
31, 66
31, 67
31, 68
31, 133
31, 134
31, 135
31, 136
31, 201
31, 202
31, 203
31, 204
31, 269
31, 270
31, 271
31, 272
31, 82
31, 83
31, 84
31, 85
31, 150
31, 151
31, 152
31, 153
31, 218
31, 219
31, 220
31, 221
31, 286
31, 287
31, 288
31, 32
31, 289
31, 33
31, 34
31, 99
31, 100
31, 101
31, 102
31, 167
31, 168
31, 169
31, 170
31, 235
31, 236
31, 237
31, 238
31, 48
31, 49
31, 50
31, 51
31, 116
31, 117
31, 118
31, 119
31, 184
31, 185
31, 186
31, 187
31, 252
31, 253
31, 254
31, 255
159, 193
159, 194
159, 195
159, 196
159, 261
159, 197
159, 262
159, 198
159, 263
159, 199
159, 264
159, 200
159, 265
159, 201
159, 266
159, 202
159, 267
159, 203
159, 268
159, 204
159, 269
159, 270
159, 271
159, 272
159, 210
159, 211
159, 212
159, 213
159, 278
159, 214
159, 279
159, 215
159, 280
159, 216
159, 281
159, 217
159, 282
159, 218
159, 283
159, 219
159, 284
159, 220
159, 285
159, 221
159, 286
159, 287
159, 288
159, 160
159, 289
159, 161
159, 162
159, 227
159, 163
159, 228
159, 164
159, 229
159, 165
159, 230
159, 166
159, 231
159, 167
159, 232
159, 168
159, 233
159, 169
159, 234
159, 170
159, 235
159, 236
159, 237
159, 238
159, 176
159, 177
159, 178
159, 179
159, 244
159, 180
159, 245
159, 181
159, 246
159, 182
159, 247
159, 183
159, 248
159, 184
159, 249
159, 185
159, 250
159, 186
159, 251
159, 187
159, 252
159, 253
159, 254
159, 255
288, 289
32, 66
32, 67
32, 68
32, 134
32, 135
32, 136
32, 202
32, 203
32, 204
32, 270
32, 271
32, 272
32, 83
32, 84
32, 85
32, 151
32, 152
32, 153
32, 219
32, 220
32, 221
32, 287
32, 288
32, 289
32, 33
32, 34
32, 100
32, 101
32, 102
32, 168
32, 169
32, 170
32, 236
32, 237
32, 238
32, 49
32, 50
32, 51
32, 117
32, 118
32, 119
32, 185
32, 186
32, 187
32, 253
32, 254
32, 255
160, 194
160, 195
160, 196
160, 197
160, 262
160, 198
160, 263
160, 199
160, 264
160, 200
160, 265
160, 201
160, 266
160, 202
160, 267
160, 203
160, 268
160, 204
160, 269
160, 270
160, 271
160, 272
160, 211
160, 212
160, 213
160, 214
160, 279
160, 215
160, 280
160, 216
160, 281
160, 217
160, 282
160, 218
160, 283
160, 219
160, 284
160, 220
160, 285
160, 221
160, 286
160, 287
160, 288
160, 289
160, 161
160, 162
160, 163
160, 228
160, 164
160, 229
160, 165
160, 230
160, 166
160, 231
160, 167
160, 232
160, 168
160, 233
160, 169
160, 234
160, 170
160, 235
160, 236
160, 237
160, 238
160, 177
160, 178
160, 179
160, 180
160, 245
160, 181
160, 246
160, 182
160, 247
160, 183
160, 248
160, 184
160, 249
160, 185
160, 250
160, 186
160, 251
160, 187
160, 252
160, 253
160, 254
160, 255
33, 67
33, 68
33, 135
33, 136
33, 203
33, 204
33, 271
33, 272
33, 84
33, 85
33, 152
33, 153
33, 220
33, 221
33, 288
33, 289
33, 34
33, 101
33, 102
33, 169
33, 170
33, 237
33, 238
33, 50
33, 51
33, 118
33, 119
33, 186
33, 187
33, 254
33, 255
161, 195
161, 196
161, 197
161, 198
161, 263
161, 199
161, 264
161, 200
161, 265
161, 201
161, 266
161, 202
161, 267
161, 203
161, 268
161, 204
161, 269
161, 270
161, 271
161, 272
161, 212
161, 213
161, 214
161, 215
161, 280
161, 216
161, 281
161, 217
161, 282
161, 218
161, 283
161, 219
161, 284
161, 220
161, 285
161, 221
161, 286
161, 287
161, 288
161, 289
161, 162
161, 163
161, 164
161, 229
161, 165
161, 230
161, 166
161, 231
161, 167
161, 232
161, 168
161, 233
161, 169
161, 234
161, 170
161, 235
161, 236
161, 237
161, 238
161, 178
161, 179
161, 180
161, 181
161, 246
161, 182
161, 247
161, 183
161, 248
161, 184
161, 249
161, 185
161, 250
161, 186
161, 251
161, 187
161, 252
161, 253
161, 254
161, 255
34, 68
34, 136
34, 204
34, 272
34, 85
34, 153
34, 221
34, 289
34, 102
34, 170
34, 238
34, 51
34, 119
34, 187
34, 255
162, 196
162, 197
162, 198
162, 199
162, 264
162, 200
162, 265
162, 201
162, 266
162, 202
162, 267
162, 203
162, 268
162, 204
162, 269
162, 270
162, 271
162, 272
162, 213
162, 214
162, 215
162, 216
162, 281
162, 217
162, 282
162, 218
162, 283
162, 219
162, 284
162, 220
162, 285
162, 221
162, 286
162, 287
162, 288
162, 289
162, 163
162, 164
162, 165
162, 230
162, 166
162, 231
162, 167
162, 232
162, 168
162, 233
162, 169
162, 234
162, 170
162, 235
162, 236
162, 237
162, 238
162, 179
162, 180
162, 181
162, 182
162, 247
162, 183
162, 248
162, 184
162, 249
162, 185
162, 250
162, 186
162, 251
162, 187
162, 252
162, 253
162, 254
162, 255
35, 256
35, 192
35, 128
35, 64
35, 257
35, 193
35, 129
35, 65
35, 258
35, 194
35, 130
35, 66
35, 259
35, 195
35, 131
35, 67
35, 260
35, 196
35, 132
35, 68
35, 261
35, 197
35, 133
35, 69
35, 262
35, 198
35, 134
35, 70
35, 263
35, 199
35, 135
35, 71
35, 264
35, 200
35, 136
35, 72
35, 265
35, 201
35, 137
35, 73
35, 266
35, 202
35, 138
35, 74
35, 267
35, 203
35, 139
35, 75
35, 268
35, 204
35, 140
35, 76
35, 269
35, 205
35, 141
35, 77
35, 270
35, 206
35, 142
35, 78
35, 271
35, 207
35, 143
35, 79
35, 272
35, 208
35, 144
35, 80
35, 273
35, 209
35, 145
35, 81
35, 274
35, 210
35, 146
35, 82
35, 275
35, 211
35, 147
35, 83
35, 276
35, 212
35, 148
35, 84
35, 277
35, 213
35, 149
35, 85
35, 278
35, 214
35, 150
35, 86
35, 279
35, 215
35, 151
35, 87
35, 280
35, 216
35, 152
35, 88
35, 281
35, 217
35, 153
35, 89
35, 282
35, 218
35, 154
35, 90
35, 283
35, 219
35, 155
35, 91
35, 284
35, 220
35, 156
35, 92
35, 285
35, 221
35, 157
35, 93
35, 286
35, 222
35, 158
35, 94
35, 287
35, 223
35, 159
35, 95
35, 288
35, 224
35, 160
35, 96
35, 289
35, 225
35, 161
35, 97
35, 226
35, 162
35, 98
35, 227
35, 163
35, 99
35, 228
35, 164
35, 100
35, 36
35, 229
35, 165
35, 101
35, 37
35, 230
35, 166
35, 102
35, 38
35, 231
35, 167
35, 103
35, 39
35, 232
35, 168
35, 104
35, 40
35, 233
35, 169
35, 105
35, 41
35, 234
35, 170
35, 106
35, 42
35, 235
35, 171
35, 107
35, 43
35, 236
35, 172
35, 108
35, 44
35, 237
35, 173
35, 109
35, 45
35, 238
35, 174
35, 110
35, 46
35, 239
35, 175
35, 111
35, 47
35, 240
35, 176
35, 112
35, 48
35, 241
35, 177
35, 113
35, 49
35, 242
35, 178
35, 114
35, 50
35, 243
35, 179
35, 115
35, 51
35, 244
35, 180
35, 116
35, 52
35, 245
35, 181
35, 117
35, 53
35, 246
35, 182
35, 118
35, 54
35, 247
35, 183
35, 119
35, 55
35, 248
35, 184
35, 120
35, 56
35, 249
35, 185
35, 121
35, 57
35, 250
35, 186
35, 122
35, 58
35, 251
35, 187
35, 123
35, 59
35, 252
35, 188
35, 124
35, 60
35, 253
35, 189
35, 125
35, 61
35, 254
35, 190
35, 126
35, 62
35, 255
35, 191
35, 127
35, 63
163, 197
163, 198
163, 199
163, 200
163, 265
163, 201
163, 266
163, 202
163, 267
163, 203
163, 268
163, 204
163, 269
163, 270
163, 271
163, 272
163, 214
163, 215
163, 216
163, 217
163, 282
163, 218
163, 283
163, 219
163, 284
163, 220
163, 285
163, 221
163, 286
163, 287
163, 288
163, 289
163, 164
163, 165
163, 166
163, 231
163, 167
163, 232
163, 168
163, 233
163, 169
163, 234
163, 170
163, 235
163, 236
163, 237
163, 238
163, 180
163, 181
163, 182
163, 183
163, 248
163, 184
163, 249
163, 185
163, 250
163, 186
163, 251
163, 187
163, 252
163, 253
163, 254
163, 255
36, 192
36, 128
36, 64
36, 257
36, 193
36, 129
36, 65
36, 258
36, 194
36, 130
36, 66
36, 259
36, 195
36, 131
36, 67
36, 260
36, 196
36, 132
36, 68
36, 261
36, 197
36, 133
36, 262
36, 198
36, 134
36, 70
36, 263
36, 199
36, 135
36, 71
36, 264
36, 200
36, 136
36, 72
36, 265
36, 201
36, 73
36, 266
36, 202
36, 138
36, 74
36, 267
36, 203
36, 139
36, 75
36, 268
36, 204
36, 140
36, 76
36, 269
36, 141
36, 77
36, 270
36, 206
36, 142
36, 78
36, 271
36, 207
36, 143
36, 79
36, 272
36, 208
36, 144
36, 80
36, 209
36, 145
36, 81
36, 274
36, 210
36, 146
36, 82
36, 275
36, 211
36, 147
36, 83
36, 276
36, 212
36, 148
36, 84
36, 277
36, 213
36, 149
36, 85
36, 278
36, 214
36, 150
36, 279
36, 215
36, 151
36, 87
36, 280
36, 216
36, 152
36, 88
36, 281
36, 217
36, 153
36, 89
36, 282
36, 218
36, 90
36, 283
36, 219
36, 155
36, 91
36, 284
36, 220
36, 156
36, 92
36, 285
36, 221
36, 157
36, 93
36, 286
36, 158
36, 94
36, 287
36, 223
36, 159
36, 95
36, 288
36, 224
36, 160
36, 96
36, 289
36, 225
36, 161
36, 97
36, 226
36, 162
36, 98
36, 227
36, 163
36, 99
36, 228
36, 164
36, 100
36, 229
36, 165
36, 101
36, 37
36, 230
36, 166
36, 102
36, 38
36, 231
36, 167
36, 39
36, 232
36, 168
36, 104
36, 40
36, 233
36, 169
36, 105
36, 41
36, 234
36, 170
36, 106
36, 42
36, 235
36, 107
36, 43
36, 236
36, 172
36, 108
36, 44
36, 237
36, 173
36, 109
36, 45
36, 238
36, 174
36, 110
36, 46
36, 175
36, 111
36, 47
36, 240
36, 176
36, 112
36, 48
36, 241
36, 177
36, 113
36, 49
36, 242
36, 178
36, 114
36, 50
36, 243
36, 179
36, 115
36, 51
36, 244
36, 180
36, 116
36, 245
36, 181
36, 117
36, 53
36, 246
36, 182
36, 118
36, 54
36, 247
36, 183
36, 119
36, 55
36, 248
36, 184
36, 56
36, 249
36, 185
36, 121
36, 57
36, 250
36, 186
36, 122
36, 58
36, 251
36, 187
36, 123
36, 59
36, 252
36, 124
36, 60
36, 253
36, 189
36, 125
36, 61
36, 254
36, 190
36, 126
36, 62
36, 255
36, 191
36, 127
36, 63
164, 198
164, 199
164, 200
164, 201
164, 266
164, 202
164, 267
164, 203
164, 268
164, 204
164, 269
164, 270
164, 271
164, 272
164, 215
164, 216
164, 217
164, 218
164, 283
164, 219
164, 284
164, 220
164, 285
164, 221
164, 286
164, 287
164, 288
164, 289
164, 165
164, 166
164, 167
164, 232
164, 168
164, 233
164, 169
164, 234
164, 170
164, 235
164, 236
164, 237
164, 238
164, 181
164, 182
164, 183
164, 184
164, 249
164, 185
164, 250
164, 186
164, 251
164, 187
164, 252
164, 253
164, 254
164, 255
37, 192
37, 128
37, 64
37, 193
37, 129
37, 65
37, 258
37, 194
37, 130
37, 66
37, 259
37, 195
37, 131
37, 67
37, 260
37, 196
37, 132
37, 68
37, 261
37, 197
37, 133
37, 262
37, 198
37, 134
37, 263
37, 199
37, 135
37, 71
37, 264
37, 200
37, 136
37, 72
37, 265
37, 201
37, 73
37, 266
37, 202
37, 74
37, 267
37, 203
37, 139
37, 75
37, 268
37, 204
37, 140
37, 76
37, 269
37, 141
37, 77
37, 270
37, 142
37, 78
37, 271
37, 207
37, 143
37, 79
37, 272
37, 208
37, 144
37, 80
37, 209
37, 145
37, 81
37, 210
37, 146
37, 82
37, 275
37, 211
37, 147
37, 83
37, 276
37, 212
37, 148
37, 84
37, 277
37, 213
37, 149
37, 85
37, 278
37, 214
37, 150
37, 279
37, 215
37, 151
37, 280
37, 216
37, 152
37, 88
37, 281
37, 217
37, 153
37, 89
37, 282
37, 218
37, 90
37, 283
37, 219
37, 91
37, 284
37, 220
37, 156
37, 92
37, 285
37, 221
37, 157
37, 93
37, 286
37, 158
37, 94
37, 287
37, 159
37, 95
37, 288
37, 224
37, 160
37, 96
37, 289
37, 225
37, 161
37, 97
37, 226
37, 162
37, 98
37, 227
37, 163
37, 99
37, 228
37, 164
37, 100
37, 229
37, 165
37, 101
37, 230
37, 166
37, 102
37, 38
37, 231
37, 167
37, 39
37, 232
37, 168
37, 40
37, 233
37, 169
37, 105
37, 41
37, 234
37, 170
37, 106
37, 42
37, 235
37, 107
37, 43
37, 236
37, 108
37, 44
37, 237
37, 173
37, 109
37, 45
37, 238
37, 174
37, 110
37, 46
37, 175
37, 111
37, 47
37, 176
37, 112
37, 48
37, 241
37, 177
37, 113
37, 49
37, 242
37, 178
37, 114
37, 50
37, 243
37, 179
37, 115
37, 51
37, 244
37, 180
37, 116
37, 245
37, 181
37, 117
37, 246
37, 182
37, 118
37, 54
37, 247
37, 183
37, 119
37, 55
37, 248
37, 184
37, 56
37, 249
37, 185
37, 57
37, 250
37, 186
37, 122
37, 58
37, 251
37, 187
37, 123
37, 59
37, 252
37, 124
37, 60
37, 253
37, 125
37, 61
37, 254
37, 190
37, 126
37, 62
37, 255
37, 191
37, 127
37, 63
165, 199
165, 200
165, 201
165, 202
165, 267
165, 203
165, 268
165, 204
165, 269
165, 270
165, 271
165, 272
165, 216
165, 217
165, 218
165, 219
165, 284
165, 220
165, 285
165, 221
165, 286
165, 287
165, 288
165, 289
165, 166
165, 167
165, 168
165, 233
165, 169
165, 234
165, 170
165, 235
165, 236
165, 237
165, 238
165, 182
165, 183
165, 184
165, 185
165, 250
165, 186
165, 251
165, 187
165, 252
165, 253
165, 254
165, 255
38, 192
38, 128
38, 64
38, 193
38, 129
38, 65
38, 194
38, 130
38, 66
38, 259
38, 195
38, 131
38, 67
38, 260
38, 196
38, 132
38, 68
38, 261
38, 197
38, 133
38, 262
38, 198
38, 134
38, 263
38, 199
38, 135
38, 264
38, 200
38, 136
38, 72
38, 265
38, 201
38, 73
38, 266
38, 202
38, 74
38, 267
38, 203
38, 75
38, 268
38, 204
38, 140
38, 76
38, 269
38, 141
38, 77
38, 270
38, 142
38, 78
38, 271
38, 143
38, 79
38, 272
38, 208
38, 144
38, 80
38, 209
38, 145
38, 81
38, 210
38, 146
38, 82
38, 211
38, 147
38, 83
38, 276
38, 212
38, 148
38, 84
38, 277
38, 213
38, 149
38, 85
38, 278
38, 214
38, 150
38, 279
38, 215
38, 151
38, 280
38, 216
38, 152
38, 281
38, 217
38, 153
38, 89
38, 282
38, 218
38, 90
38, 283
38, 219
38, 91
38, 284
38, 220
38, 92
38, 285
38, 221
38, 157
38, 93
38, 286
38, 158
38, 94
38, 287
38, 159
38, 95
38, 288
38, 160
38, 96
38, 289
38, 225
38, 161
38, 97
38, 226
38, 162
38, 98
38, 227
38, 163
38, 99
38, 228
38, 164
38, 100
38, 229
38, 165
38, 101
38, 230
38, 166
38, 102
38, 231
38, 167
38, 39
38, 232
38, 168
38, 40
38, 233
38, 169
38, 41
38, 234
38, 170
38, 106
38, 42
38, 235
38, 107
38, 43
38, 236
38, 108
38, 44
38, 237
38, 109
38, 45
38, 238
38, 174
38, 110
38, 46
38, 175
38, 111
38, 47
38, 176
38, 112
38, 48
38, 177
38, 113
38, 49
38, 242
38, 178
38, 114
38, 50
38, 243
38, 179
38, 115
38, 51
38, 244
38, 180
38, 116
38, 245
38, 181
38, 117
38, 246
38, 182
38, 118
38, 247
38, 183
38, 119
38, 55
38, 248
38, 184
38, 56
38, 249
38, 185
38, 57
38, 250
38, 186
38, 58
38, 251
38, 187
38, 123
38, 59
38, 252
38, 124
38, 60
38, 253
38, 125
38, 61
38, 254
38, 126
38, 62
38, 255
38, 191
38, 127
38, 63
166, 200
166, 201
166, 202
166, 203
166, 268
166, 204
166, 269
166, 270
166, 271
166, 272
166, 217
166, 218
166, 219
166, 220
166, 285
166, 221
166, 286
166, 287
166, 288
166, 289
166, 167
166, 168
166, 169
166, 234
166, 170
166, 235
166, 236
166, 237
166, 238
166, 183
166, 184
166, 185
166, 186
166, 251
166, 187
166, 252
166, 253
166, 254
166, 255
39, 192
39, 128
39, 64
39, 193
39, 129
39, 65
39, 194
39, 130
39, 66
39, 195
39, 131
39, 67
39, 260
39, 196
39, 132
39, 68
39, 261
39, 197
39, 133
39, 262
39, 198
39, 134
39, 263
39, 199
39, 135
39, 264
39, 200
39, 136
39, 265
39, 201
39, 73
39, 266
39, 202
39, 74
39, 267
39, 203
39, 75
39, 268
39, 204
39, 76
39, 269
39, 141
39, 77
39, 270
39, 142
39, 78
39, 271
39, 143
39, 79
39, 272
39, 144
39, 80
39, 209
39, 145
39, 81
39, 210
39, 146
39, 82
39, 211
39, 147
39, 83
39, 212
39, 148
39, 84
39, 277
39, 213
39, 149
39, 85
39, 278
39, 214
39, 150
39, 279
39, 215
39, 151
39, 280
39, 216
39, 152
39, 281
39, 217
39, 153
39, 282
39, 218
39, 90
39, 283
39, 219
39, 91
39, 284
39, 220
39, 92
39, 285
39, 221
39, 93
39, 286
39, 158
39, 94
39, 287
39, 159
39, 95
39, 288
39, 160
39, 96
39, 289
39, 161
39, 97
39, 226
39, 162
39, 98
39, 227
39, 163
39, 99
39, 228
39, 164
39, 100
39, 229
39, 165
39, 101
39, 230
39, 166
39, 102
39, 231
39, 167
39, 232
39, 168
39, 40
39, 233
39, 169
39, 41
39, 234
39, 170
39, 42
39, 235
39, 107
39, 43
39, 236
39, 108
39, 44
39, 237
39, 109
39, 45
39, 238
39, 110
39, 46
39, 175
39, 111
39, 47
39, 176
39, 112
39, 48
39, 177
39, 113
39, 49
39, 178
39, 114
39, 50
39, 243
39, 179
39, 115
39, 51
39, 244
39, 180
39, 116
39, 245
39, 181
39, 117
39, 246
39, 182
39, 118
39, 247
39, 183
39, 119
39, 248
39, 184
39, 56
39, 249
39, 185
39, 57
39, 250
39, 186
39, 58
39, 251
39, 187
39, 59
39, 252
39, 124
39, 60
39, 253
39, 125
39, 61
39, 254
39, 126
39, 62
39, 255
39, 127
39, 63
167, 201
167, 202
167, 203
167, 204
167, 269
167, 270
167, 271
167, 272
167, 218
167, 219
167, 220
167, 221
167, 286
167, 287
167, 288
167, 289
167, 168
167, 169
167, 170
167, 235
167, 236
167, 237
167, 238
167, 184
167, 185
167, 186
167, 187
167, 252
167, 253
167, 254
167, 255
40, 128
40, 64
40, 193
40, 129
40, 65
40, 194
40, 130
40, 66
40, 195
40, 131
40, 67
40, 196
40, 132
40, 68
40, 261
40, 197
40, 133
40, 262
40, 198
40, 134
40, 263
40, 199
40, 135
40, 264
40, 200
40, 136
40, 265
40, 201
40, 266
40, 202
40, 74
40, 267
40, 203
40, 75
40, 268
40, 204
40, 76
40, 269
40, 77
40, 270
40, 142
40, 78
40, 271
40, 143
40, 79
40, 272
40, 144
40, 80
40, 145
40, 81
40, 210
40, 146
40, 82
40, 211
40, 147
40, 83
40, 212
40, 148
40, 84
40, 213
40, 149
40, 85
40, 278
40, 214
40, 150
40, 279
40, 215
40, 151
40, 280
40, 216
40, 152
40, 281
40, 217
40, 153
40, 282
40, 218
40, 283
40, 219
40, 91
40, 284
40, 220
40, 92
40, 285
40, 221
40, 93
40, 286
40, 94
40, 287
40, 159
40, 95
40, 288
40, 160
40, 96
40, 289
40, 161
40, 97
40, 162
40, 98
40, 227
40, 163
40, 99
40, 228
40, 164
40, 100
40, 229
40, 165
40, 101
40, 230
40, 166
40, 102
40, 231
40, 167
40, 232
40, 168
40, 233
40, 169
40, 41
40, 234
40, 170
40, 42
40, 235
40, 43
40, 236
40, 108
40, 44
40, 237
40, 109
40, 45
40, 238
40, 110
40, 46
40, 111
40, 47
40, 176
40, 112
40, 48
40, 177
40, 113
40, 49
40, 178
40, 114
40, 50
40, 179
40, 115
40, 51
40, 244
40, 180
40, 116
40, 245
40, 181
40, 117
40, 246
40, 182
40, 118
40, 247
40, 183
40, 119
40, 248
40, 184
40, 249
40, 185
40, 57
40, 250
40, 186
40, 58
40, 251
40, 187
40, 59
40, 252
40, 60
40, 253
40, 125
40, 61
40, 254
40, 126
40, 62
40, 255
40, 127
40, 63
168, 202
168, 203
168, 204
168, 270
168, 271
168, 272
168, 219
168, 220
168, 221
168, 287
168, 288
168, 289
168, 169
168, 170
168, 236
168, 237
168, 238
168, 185
168, 186
168, 187
168, 253
168, 254
168, 255
41, 128
41, 64
41, 129
41, 65
41, 194
41, 130
41, 66
41, 195
41, 131
41, 67
41, 196
41, 132
41, 68
41, 197
41, 133
41, 262
41, 198
41, 134
41, 263
41, 199
41, 135
41, 264
41, 200
41, 136
41, 265
41, 201
41, 266
41, 202
41, 267
41, 203
41, 75
41, 268
41, 204
41, 76
41, 269
41, 77
41, 270
41, 78
41, 271
41, 143
41, 79
41, 272
41, 144
41, 80
41, 145
41, 81
41, 146
41, 82
41, 211
41, 147
41, 83
41, 212
41, 148
41, 84
41, 213
41, 149
41, 85
41, 214
41, 150
41, 279
41, 215
41, 151
41, 280
41, 216
41, 152
41, 281
41, 217
41, 153
41, 282
41, 218
41, 283
41, 219
41, 284
41, 220
41, 92
41, 285
41, 221
41, 93
41, 286
41, 94
41, 287
41, 95
41, 288
41, 160
41, 96
41, 289
41, 161
41, 97
41, 162
41, 98
41, 163
41, 99
41, 228
41, 164
41, 100
41, 229
41, 165
41, 101
41, 230
41, 166
41, 102
41, 231
41, 167
41, 232
41, 168
41, 233
41, 169
41, 234
41, 170
41, 42
41, 235
41, 43
41, 236
41, 44
41, 237
41, 109
41, 45
41, 238
41, 110
41, 46
41, 111
41, 47
41, 112
41, 48
41, 177
41, 113
41, 49
41, 178
41, 114
41, 50
41, 179
41, 115
41, 51
41, 180
41, 116
41, 245
41, 181
41, 117
41, 246
41, 182
41, 118
41, 247
41, 183
41, 119
41, 248
41, 184
41, 249
41, 185
41, 250
41, 186
41, 58
41, 251
41, 187
41, 59
41, 252
41, 60
41, 253
41, 61
41, 254
41, 126
41, 62
41, 255
41, 127
41, 63
169, 203
169, 204
169, 271
169, 272
169, 220
169, 221
169, 288
169, 289
169, 170
169, 237
169, 238
169, 186
169, 187
169, 254
169, 255
170, 289
170, 272
170, 255
170, 238
170, 221
170, 204
170, 187
42, 128
42, 64
42, 129
42, 65
42, 130
42, 66
42, 195
42, 131
42, 67
42, 196
42, 132
42, 68
42, 197
42, 133
42, 198
42, 134
42, 263
42, 199
42, 135
42, 264
42, 200
42, 136
42, 265
42, 201
42, 266
42, 202
42, 267
42, 203
42, 268
42, 204
42, 76
42, 269
42, 77
42, 270
42, 78
42, 271
42, 79
42, 272
42, 144
42, 80
42, 145
42, 81
42, 146
42, 82
42, 147
42, 83
42, 212
42, 148
42, 84
42, 213
42, 149
42, 85
42, 214
42, 150
42, 215
42, 151
42, 280
42, 216
42, 152
42, 281
42, 217
42, 153
42, 282
42, 218
42, 283
42, 219
42, 284
42, 220
42, 285
42, 221
42, 93
42, 286
42, 94
42, 287
42, 95
42, 288
42, 96
42, 289
42, 161
42, 97
42, 162
42, 98
42, 163
42, 99
42, 164
42, 100
42, 229
42, 165
42, 101
42, 230
42, 166
42, 102
42, 231
42, 167
42, 232
42, 168
42, 233
42, 169
42, 234
42, 170
42, 235
42, 43
42, 236
42, 44
42, 237
42, 45
42, 238
42, 110
42, 46
42, 111
42, 47
42, 112
42, 48
42, 113
42, 49
42, 178
42, 114
42, 50
42, 179
42, 115
42, 51
42, 180
42, 116
42, 181
42, 117
42, 246
42, 182
42, 118
42, 247
42, 183
42, 119
42, 248
42, 184
42, 249
42, 185
42, 250
42, 186
42, 251
42, 187
42, 59
42, 252
42, 60
42, 253
42, 61
42, 254
42, 62
42, 255
42, 127
42, 63
43, 128
43, 64
43, 129
43, 65
43, 130
43, 66
43, 131
43, 67
43, 196
43, 132
43, 68
43, 197
43, 133
43, 198
43, 134
43, 199
43, 135
43, 264
43, 200
43, 136
43, 265
43, 201
43, 266
43, 202
43, 267
43, 203
43, 268
43, 204
43, 269
43, 77
43, 270
43, 78
43, 271
43, 79
43, 272
43, 80
43, 145
43, 81
43, 146
43, 82
43, 147
43, 83
43, 148
43, 84
43, 213
43, 149
43, 85
43, 214
43, 150
43, 215
43, 151
43, 216
43, 152
43, 281
43, 217
43, 153
43, 282
43, 218
43, 283
43, 219
43, 284
43, 220
43, 285
43, 221
43, 286
43, 94
43, 287
43, 95
43, 288
43, 96
43, 289
43, 97
43, 162
43, 98
43, 163
43, 99
43, 164
43, 100
43, 165
43, 101
43, 230
43, 166
43, 102
43, 231
43, 167
43, 232
43, 168
43, 233
43, 169
43, 234
43, 170
43, 235
43, 236
43, 44
43, 237
43, 45
43, 238
43, 46
43, 111
43, 47
43, 112
43, 48
43, 113
43, 49
43, 114
43, 50
43, 179
43, 115
43, 51
43, 180
43, 116
43, 181
43, 117
43, 182
43, 118
43, 247
43, 183
43, 119
43, 248
43, 184
43, 249
43, 185
43, 250
43, 186
43, 251
43, 187
43, 252
43, 60
43, 253
43, 61
43, 254
43, 62
43, 255
43, 63
171, 256
171, 192
171, 257
171, 193
171, 258
171, 194
171, 259
171, 195
171, 260
171, 196
171, 261
171, 197
171, 262
171, 198
171, 263
171, 199
171, 264
171, 200
171, 265
171, 201
171, 266
171, 202
171, 267
171, 203
171, 268
171, 204
171, 269
171, 205
171, 270
171, 206
171, 271
171, 207
171, 272
171, 208
171, 273
171, 209
171, 274
171, 210
171, 275
171, 211
171, 276
171, 212
171, 277
171, 213
171, 278
171, 214
171, 279
171, 215
171, 280
171, 216
171, 281
171, 217
171, 282
171, 218
171, 283
171, 219
171, 284
171, 220
171, 285
171, 221
171, 286
171, 222
171, 287
171, 223
171, 288
171, 224
171, 289
171, 225
171, 226
171, 227
171, 228
171, 229
171, 230
171, 231
171, 232
171, 233
171, 234
171, 235
171, 236
171, 172
171, 237
171, 173
171, 238
171, 174
171, 239
171, 175
171, 240
171, 176
171, 241
171, 177
171, 242
171, 178
171, 243
171, 179
171, 244
171, 180
171, 245
171, 181
171, 246
171, 182
171, 247
171, 183
171, 248
171, 184
171, 249
171, 185
171, 250
171, 186
171, 251
171, 187
171, 252
171, 188
171, 253
171, 189
171, 254
171, 190
171, 255
171, 191
44, 64
44, 129
44, 65
44, 130
44, 66
44, 131
44, 67
44, 132
44, 68
44, 197
44, 133
44, 198
44, 134
44, 199
44, 135
44, 200
44, 136
44, 265
44, 201
44, 266
44, 202
44, 267
44, 203
44, 268
44, 204
44, 269
44, 270
44, 78
44, 271
44, 79
44, 272
44, 80
44, 81
44, 146
44, 82
44, 147
44, 83
44, 148
44, 84
44, 149
44, 85
44, 214
44, 150
44, 215
44, 151
44, 216
44, 152
44, 217
44, 153
44, 282
44, 218
44, 283
44, 219
44, 284
44, 220
44, 285
44, 221
44, 286
44, 287
44, 95
44, 288
44, 96
44, 289
44, 97
44, 98
44, 163
44, 99
44, 164
44, 100
44, 165
44, 101
44, 166
44, 102
44, 231
44, 167
44, 232
44, 168
44, 233
44, 169
44, 234
44, 170
44, 235
44, 236
44, 237
44, 45
44, 238
44, 46
44, 47
44, 112
44, 48
44, 113
44, 49
44, 114
44, 50
44, 115
44, 51
44, 180
44, 116
44, 181
44, 117
44, 182
44, 118
44, 183
44, 119
44, 248
44, 184
44, 249
44, 185
44, 250
44, 186
44, 251
44, 187
44, 252
44, 253
44, 61
44, 254
44, 62
44, 255
44, 63
172, 192
172, 257
172, 193
172, 258
172, 194
172, 259
172, 195
172, 260
172, 196
172, 261
172, 197
172, 262
172, 198
172, 263
172, 199
172, 264
172, 200
172, 265
172, 201
172, 266
172, 202
172, 267
172, 203
172, 268
172, 204
172, 269
172, 270
172, 206
172, 271
172, 207
172, 272
172, 208
172, 209
172, 274
172, 210
172, 275
172, 211
172, 276
172, 212
172, 277
172, 213
172, 278
172, 214
172, 279
172, 215
172, 280
172, 216
172, 281
172, 217
172, 282
172, 218
172, 283
172, 219
172, 284
172, 220
172, 285
172, 221
172, 286
172, 287
172, 223
172, 288
172, 224
172, 289
172, 225
172, 226
172, 227
172, 228
172, 229
172, 230
172, 231
172, 232
172, 233
172, 234
172, 235
172, 236
172, 237
172, 173
172, 238
172, 174
172, 175
172, 240
172, 176
172, 241
172, 177
172, 242
172, 178
172, 243
172, 179
172, 244
172, 180
172, 245
172, 181
172, 246
172, 182
172, 247
172, 183
172, 248
172, 184
172, 249
172, 185
172, 250
172, 186
172, 251
172, 187
172, 252
172, 253
172, 189
172, 254
172, 190
172, 255
172, 191
45, 64
45, 65
45, 130
45, 66
45, 131
45, 67
45, 132
45, 68
45, 133
45, 198
45, 134
45, 199
45, 135
45, 200
45, 136
45, 201
45, 266
45, 202
45, 267
45, 203
45, 268
45, 204
45, 269
45, 270
45, 271
45, 79
45, 272
45, 80
45, 81
45, 82
45, 147
45, 83
45, 148
45, 84
45, 149
45, 85
45, 150
45, 215
45, 151
45, 216
45, 152
45, 217
45, 153
45, 218
45, 283
45, 219
45, 284
45, 220
45, 285
45, 221
45, 286
45, 287
45, 288
45, 96
45, 289
45, 97
45, 98
45, 99
45, 164
45, 100
45, 165
45, 101
45, 166
45, 102
45, 167
45, 232
45, 168
45, 233
45, 169
45, 234
45, 170
45, 235
45, 236
45, 237
45, 238
45, 46
45, 47
45, 48
45, 113
45, 49
45, 114
45, 50
45, 115
45, 51
45, 116
45, 181
45, 117
45, 182
45, 118
45, 183
45, 119
45, 184
45, 249
45, 185
45, 250
45, 186
45, 251
45, 187
45, 252
45, 253
45, 254
45, 62
45, 255
45, 63
173, 192
173, 193
173, 258
173, 194
173, 259
173, 195
173, 260
173, 196
173, 261
173, 197
173, 262
173, 198
173, 263
173, 199
173, 264
173, 200
173, 265
173, 201
173, 266
173, 202
173, 267
173, 203
173, 268
173, 204
173, 269
173, 270
173, 271
173, 207
173, 272
173, 208
173, 209
173, 210
173, 275
173, 211
173, 276
173, 212
173, 277
173, 213
173, 278
173, 214
173, 279
173, 215
173, 280
173, 216
173, 281
173, 217
173, 282
173, 218
173, 283
173, 219
173, 284
173, 220
173, 285
173, 221
173, 286
173, 287
173, 288
173, 224
173, 289
173, 225
173, 226
173, 227
173, 228
173, 229
173, 230
173, 231
173, 232
173, 233
173, 234
173, 235
173, 236
173, 237
173, 238
173, 174
173, 175
173, 176
173, 241
173, 177
173, 242
173, 178
173, 243
173, 179
173, 244
173, 180
173, 245
173, 181
173, 246
173, 182
173, 247
173, 183
173, 248
173, 184
173, 249
173, 185
173, 250
173, 186
173, 251
173, 187
173, 252
173, 253
173, 254
173, 190
173, 255
173, 191
46, 64
46, 65
46, 66
46, 131
46, 67
46, 132
46, 68
46, 133
46, 134
46, 199
46, 135
46, 200
46, 136
46, 201
46, 202
46, 267
46, 203
46, 268
46, 204
46, 269
46, 270
46, 271
46, 272
46, 80
46, 81
46, 82
46, 83
46, 148
46, 84
46, 149
46, 85
46, 150
46, 151
46, 216
46, 152
46, 217
46, 153
46, 218
46, 219
46, 284
46, 220
46, 285
46, 221
46, 286
46, 287
46, 288
46, 289
46, 97
46, 98
46, 99
46, 100
46, 165
46, 101
46, 166
46, 102
46, 167
46, 168
46, 233
46, 169
46, 234
46, 170
46, 235
46, 236
46, 237
46, 238
46, 47
46, 48
46, 49
46, 114
46, 50
46, 115
46, 51
46, 116
46, 117
46, 182
46, 118
46, 183
46, 119
46, 184
46, 185
46, 250
46, 186
46, 251
46, 187
46, 252
46, 253
46, 254
46, 255
46, 63
174, 192
174, 193
174, 194
174, 259
174, 195
174, 260
174, 196
174, 261
174, 197
174, 262
174, 198
174, 263
174, 199
174, 264
174, 200
174, 265
174, 201
174, 266
174, 202
174, 267
174, 203
174, 268
174, 204
174, 269
174, 270
174, 271
174, 272
174, 208
174, 209
174, 210
174, 211
174, 276
174, 212
174, 277
174, 213
174, 278
174, 214
174, 279
174, 215
174, 280
174, 216
174, 281
174, 217
174, 282
174, 218
174, 283
174, 219
174, 284
174, 220
174, 285
174, 221
174, 286
174, 287
174, 288
174, 289
174, 225
174, 226
174, 227
174, 228
174, 229
174, 230
174, 231
174, 232
174, 233
174, 234
174, 235
174, 236
174, 237
174, 238
174, 175
174, 176
174, 177
174, 242
174, 178
174, 243
174, 179
174, 244
174, 180
174, 245
174, 181
174, 246
174, 182
174, 247
174, 183
174, 248
174, 184
174, 249
174, 185
174, 250
174, 186
174, 251
174, 187
174, 252
174, 253
174, 254
174, 255
174, 191
47, 64
47, 65
47, 66
47, 67
47, 132
47, 68
47, 133
47, 134
47, 135
47, 200
47, 136
47, 201
47, 202
47, 203
47, 268
47, 204
47, 269
47, 270
47, 271
47, 272
47, 81
47, 82
47, 83
47, 84
47, 149
47, 85
47, 150
47, 151
47, 152
47, 217
47, 153
47, 218
47, 219
47, 220
47, 285
47, 221
47, 286
47, 287
47, 288
47, 289
47, 98
47, 99
47, 100
47, 101
47, 166
47, 102
47, 167
47, 168
47, 169
47, 234
47, 170
47, 235
47, 236
47, 237
47, 238
47, 48
47, 49
47, 50
47, 115
47, 51
47, 116
47, 117
47, 118
47, 183
47, 119
47, 184
47, 185
47, 186
47, 251
47, 187
47, 252
47, 253
47, 254
47, 255
175, 192
175, 193
175, 194
175, 195
175, 260
175, 196
175, 261
175, 197
175, 262
175, 198
175, 263
175, 199
175, 264
175, 200
175, 265
175, 201
175, 266
175, 202
175, 267
175, 203
175, 268
175, 204
175, 269
175, 270
175, 271
175, 272
175, 209
175, 210
175, 211
175, 212
175, 277
175, 213
175, 278
175, 214
175, 279
175, 215
175, 280
175, 216
175, 281
175, 217
175, 282
175, 218
175, 283
175, 219
175, 284
175, 220
175, 285
175, 221
175, 286
175, 287
175, 288
175, 289
175, 226
175, 227
175, 228
175, 229
175, 230
175, 231
175, 232
175, 233
175, 234
175, 235
175, 236
175, 237
175, 238
175, 176
175, 177
175, 178
175, 243
175, 179
175, 244
175, 180
175, 245
175, 181
175, 246
175, 182
175, 247
175, 183
175, 248
175, 184
175, 249
175, 185
175, 250
175, 186
175, 251
175, 187
175, 252
175, 253
175, 254
175, 255
48, 65
48, 66
48, 67
48, 68
48, 133
48, 134
48, 135
48, 136
48, 201
48, 202
48, 203
48, 204
48, 269
48, 270
48, 271
48, 272
48, 82
48, 83
48, 84
48, 85
48, 150
48, 151
48, 152
48, 153
48, 218
48, 219
48, 220
48, 221
48, 286
48, 287
48, 288
48, 289
48, 99
48, 100
48, 101
48, 102
48, 167
48, 168
48, 169
48, 170
48, 235
48, 236
48, 237
48, 238
48, 49
48, 50
48, 51
48, 116
48, 117
48, 118
48, 119
48, 184
48, 185
48, 186
48, 187
48, 252
48, 253
48, 254
48, 255
176, 193
176, 194
176, 195
176, 196
176, 261
176, 197
176, 262
176, 198
176, 263
176, 199
176, 264
176, 200
176, 265
176, 201
176, 266
176, 202
176, 267
176, 203
176, 268
176, 204
176, 269
176, 270
176, 271
176, 272
176, 210
176, 211
176, 212
176, 213
176, 278
176, 214
176, 279
176, 215
176, 280
176, 216
176, 281
176, 217
176, 282
176, 218
176, 283
176, 219
176, 284
176, 220
176, 285
176, 221
176, 286
176, 287
176, 288
176, 289
176, 227
176, 228
176, 229
176, 230
176, 231
176, 232
176, 233
176, 234
176, 235
176, 236
176, 237
176, 238
176, 177
176, 178
176, 179
176, 244
176, 180
176, 245
176, 181
176, 246
176, 182
176, 247
176, 183
176, 248
176, 184
176, 249
176, 185
176, 250
176, 186
176, 251
176, 187
176, 252
176, 253
176, 254
176, 255
49, 66
49, 67
49, 68
49, 134
49, 135
49, 136
49, 202
49, 203
49, 204
49, 270
49, 271
49, 272
49, 83
49, 84
49, 85
49, 151
49, 152
49, 153
49, 219
49, 220
49, 221
49, 287
49, 288
49, 289
49, 100
49, 101
49, 102
49, 168
49, 169
49, 170
49, 236
49, 237
49, 238
49, 50
49, 51
49, 117
49, 118
49, 119
49, 185
49, 186
49, 187
49, 253
49, 254
49, 255
177, 194
177, 195
177, 196
177, 197
177, 262
177, 198
177, 263
177, 199
177, 264
177, 200
177, 265
177, 201
177, 266
177, 202
177, 267
177, 203
177, 268
177, 204
177, 269
177, 270
177, 271
177, 272
177, 211
177, 212
177, 213
177, 214
177, 279
177, 215
177, 280
177, 216
177, 281
177, 217
177, 282
177, 218
177, 283
177, 219
177, 284
177, 220
177, 285
177, 221
177, 286
177, 287
177, 288
177, 289
177, 228
177, 229
177, 230
177, 231
177, 232
177, 233
177, 234
177, 235
177, 236
177, 237
177, 238
177, 178
177, 179
177, 180
177, 245
177, 181
177, 246
177, 182
177, 247
177, 183
177, 248
177, 184
177, 249
177, 185
177, 250
177, 186
177, 251
177, 187
177, 252
177, 253
177, 254
177, 255
50, 67
50, 68
50, 135
50, 136
50, 203
50, 204
50, 271
50, 272
50, 84
50, 85
50, 152
50, 153
50, 220
50, 221
50, 288
50, 289
50, 101
50, 102
50, 169
50, 170
50, 237
50, 238
50, 51
50, 118
50, 119
50, 186
50, 187
50, 254
50, 255
178, 195
178, 196
178, 197
178, 198
178, 263
178, 199
178, 264
178, 200
178, 265
178, 201
178, 266
178, 202
178, 267
178, 203
178, 268
178, 204
178, 269
178, 270
178, 271
178, 272
178, 212
178, 213
178, 214
178, 215
178, 280
178, 216
178, 281
178, 217
178, 282
178, 218
178, 283
178, 219
178, 284
178, 220
178, 285
178, 221
178, 286
178, 287
178, 288
178, 289
178, 229
178, 230
178, 231
178, 232
178, 233
178, 234
178, 235
178, 236
178, 237
178, 238
178, 179
178, 180
178, 181
178, 246
178, 182
178, 247
178, 183
178, 248
178, 184
178, 249
178, 185
178, 250
178, 186
178, 251
178, 187
178, 252
178, 253
178, 254
178, 255
51, 68
51, 136
51, 204
51, 272
51, 85
51, 153
51, 221
51, 289
51, 102
51, 170
51, 238
51, 119
51, 187
51, 255
179, 196
179, 197
179, 198
179, 199
179, 264
179, 200
179, 265
179, 201
179, 266
179, 202
179, 267
179, 203
179, 268
179, 204
179, 269
179, 270
179, 271
179, 272
179, 213
179, 214
179, 215
179, 216
179, 281
179, 217
179, 282
179, 218
179, 283
179, 219
179, 284
179, 220
179, 285
179, 221
179, 286
179, 287
179, 288
179, 289
179, 230
179, 231
179, 232
179, 233
179, 234
179, 235
179, 236
179, 237
179, 238
179, 180
179, 181
179, 182
179, 247
179, 183
179, 248
179, 184
179, 249
179, 185
179, 250
179, 186
179, 251
179, 187
179, 252
179, 253
179, 254
179, 255
52, 256
52, 192
52, 128
52, 64
52, 257
52, 193
52, 129
52, 65
52, 258
52, 194
52, 130
52, 66
52, 259
52, 195
52, 131
52, 67
52, 260
52, 196
52, 132
52, 68
52, 261
52, 197
52, 133
52, 69
52, 262
52, 198
52, 134
52, 70
52, 263
52, 199
52, 135
52, 71
52, 264
52, 200
52, 136
52, 72
52, 265
52, 201
52, 137
52, 73
52, 266
52, 202
52, 138
52, 74
52, 267
52, 203
52, 139
52, 75
52, 268
52, 204
52, 140
52, 76
52, 269
52, 205
52, 141
52, 77
52, 270
52, 206
52, 142
52, 78
52, 271
52, 207
52, 143
52, 79
52, 272
52, 208
52, 144
52, 80
52, 273
52, 209
52, 145
52, 81
52, 274
52, 210
52, 146
52, 82
52, 275
52, 211
52, 147
52, 83
52, 276
52, 212
52, 148
52, 84
52, 277
52, 213
52, 149
52, 85
52, 278
52, 214
52, 150
52, 86
52, 279
52, 215
52, 151
52, 87
52, 280
52, 216
52, 152
52, 88
52, 281
52, 217
52, 153
52, 89
52, 282
52, 218
52, 154
52, 90
52, 283
52, 219
52, 155
52, 91
52, 284
52, 220
52, 156
52, 92
52, 285
52, 221
52, 157
52, 93
52, 286
52, 222
52, 158
52, 94
52, 287
52, 223
52, 159
52, 95
52, 288
52, 224
52, 160
52, 96
52, 289
52, 225
52, 161
52, 97
52, 226
52, 162
52, 98
52, 227
52, 163
52, 99
52, 228
52, 164
52, 100
52, 229
52, 165
52, 101
52, 230
52, 166
52, 102
52, 231
52, 167
52, 103
52, 232
52, 168
52, 104
52, 233
52, 169
52, 105
52, 234
52, 170
52, 106
52, 235
52, 171
52, 107
52, 236
52, 172
52, 108
52, 237
52, 173
52, 109
52, 238
52, 174
52, 110
52, 239
52, 175
52, 111
52, 240
52, 176
52, 112
52, 241
52, 177
52, 113
52, 242
52, 178
52, 114
52, 243
52, 179
52, 115
52, 244
52, 180
52, 116
52, 245
52, 181
52, 117
52, 53
52, 246
52, 182
52, 118
52, 54
52, 247
52, 183
52, 119
52, 55
52, 248
52, 184
52, 120
52, 56
52, 249
52, 185
52, 121
52, 57
52, 250
52, 186
52, 122
52, 58
52, 251
52, 187
52, 123
52, 59
52, 252
52, 188
52, 124
52, 60
52, 253
52, 189
52, 125
52, 61
52, 254
52, 190
52, 126
52, 62
52, 255
52, 191
52, 127
52, 63
180, 197
180, 198
180, 199
180, 200
180, 265
180, 201
180, 266
180, 202
180, 267
180, 203
180, 268
180, 204
180, 269
180, 270
180, 271
180, 272
180, 214
180, 215
180, 216
180, 217
180, 282
180, 218
180, 283
180, 219
180, 284
180, 220
180, 285
180, 221
180, 286
180, 287
180, 288
180, 289
180, 231
180, 232
180, 233
180, 234
180, 235
180, 236
180, 237
180, 238
180, 181
180, 182
180, 183
180, 248
180, 184
180, 249
180, 185
180, 250
180, 186
180, 251
180, 187
180, 252
180, 253
180, 254
180, 255
53, 192
53, 128
53, 64
53, 257
53, 193
53, 129
53, 65
53, 258
53, 194
53, 130
53, 66
53, 259
53, 195
53, 131
53, 67
53, 260
53, 196
53, 132
53, 68
53, 261
53, 197
53, 133
53, 262
53, 198
53, 134
53, 70
53, 263
53, 199
53, 135
53, 71
53, 264
53, 200
53, 136
53, 72
53, 265
53, 201
53, 73
53, 266
53, 202
53, 138
53, 74
53, 267
53, 203
53, 139
53, 75
53, 268
53, 204
53, 140
53, 76
53, 269
53, 141
53, 77
53, 270
53, 206
53, 142
53, 78
53, 271
53, 207
53, 143
53, 79
53, 272
53, 208
53, 144
53, 80
53, 209
53, 145
53, 81
53, 274
53, 210
53, 146
53, 82
53, 275
53, 211
53, 147
53, 83
53, 276
53, 212
53, 148
53, 84
53, 277
53, 213
53, 149
53, 85
53, 278
53, 214
53, 150
53, 279
53, 215
53, 151
53, 87
53, 280
53, 216
53, 152
53, 88
53, 281
53, 217
53, 153
53, 89
53, 282
53, 218
53, 90
53, 283
53, 219
53, 155
53, 91
53, 284
53, 220
53, 156
53, 92
53, 285
53, 221
53, 157
53, 93
53, 286
53, 158
53, 94
53, 287
53, 223
53, 159
53, 95
53, 288
53, 224
53, 160
53, 96
53, 289
53, 225
53, 161
53, 97
53, 226
53, 162
53, 98
53, 227
53, 163
53, 99
53, 228
53, 164
53, 100
53, 229
53, 165
53, 101
53, 230
53, 166
53, 102
53, 231
53, 167
53, 232
53, 168
53, 104
53, 233
53, 169
53, 105
53, 234
53, 170
53, 106
53, 235
53, 107
53, 236
53, 172
53, 108
53, 237
53, 173
53, 109
53, 238
53, 174
53, 110
53, 175
53, 111
53, 240
53, 176
53, 112
53, 241
53, 177
53, 113
53, 242
53, 178
53, 114
53, 243
53, 179
53, 115
53, 244
53, 180
53, 116
53, 245
53, 181
53, 117
53, 246
53, 182
53, 118
53, 54
53, 247
53, 183
53, 119
53, 55
53, 248
53, 184
53, 56
53, 249
53, 185
53, 121
53, 57
53, 250
53, 186
53, 122
53, 58
53, 251
53, 187
53, 123
53, 59
53, 252
53, 124
53, 60
53, 253
53, 189
53, 125
53, 61
53, 254
53, 190
53, 126
53, 62
53, 255
53, 191
53, 127
53, 63
181, 198
181, 199
181, 200
181, 201
181, 266
181, 202
181, 267
181, 203
181, 268
181, 204
181, 269
181, 270
181, 271
181, 272
181, 215
181, 216
181, 217
181, 218
181, 283
181, 219
181, 284
181, 220
181, 285
181, 221
181, 286
181, 287
181, 288
181, 289
181, 232
181, 233
181, 234
181, 235
181, 236
181, 237
181, 238
181, 182
181, 183
181, 184
181, 249
181, 185
181, 250
181, 186
181, 251
181, 187
181, 252
181, 253
181, 254
181, 255
54, 192
54, 128
54, 64
54, 193
54, 129
54, 65
54, 258
54, 194
54, 130
54, 66
54, 259
54, 195
54, 131
54, 67
54, 260
54, 196
54, 132
54, 68
54, 261
54, 197
54, 133
54, 262
54, 198
54, 134
54, 263
54, 199
54, 135
54, 71
54, 264
54, 200
54, 136
54, 72
54, 265
54, 201
54, 73
54, 266
54, 202
54, 74
54, 267
54, 203
54, 139
54, 75
54, 268
54, 204
54, 140
54, 76
54, 269
54, 141
54, 77
54, 270
54, 142
54, 78
54, 271
54, 207
54, 143
54, 79
54, 272
54, 208
54, 144
54, 80
54, 209
54, 145
54, 81
54, 210
54, 146
54, 82
54, 275
54, 211
54, 147
54, 83
54, 276
54, 212
54, 148
54, 84
54, 277
54, 213
54, 149
54, 85
54, 278
54, 214
54, 150
54, 279
54, 215
54, 151
54, 280
54, 216
54, 152
54, 88
54, 281
54, 217
54, 153
54, 89
54, 282
54, 218
54, 90
54, 283
54, 219
54, 91
54, 284
54, 220
54, 156
54, 92
54, 285
54, 221
54, 157
54, 93
54, 286
54, 158
54, 94
54, 287
54, 159
54, 95
54, 288
54, 224
54, 160
54, 96
54, 289
54, 225
54, 161
54, 97
54, 226
54, 162
54, 98
54, 227
54, 163
54, 99
54, 228
54, 164
54, 100
54, 229
54, 165
54, 101
54, 230
54, 166
54, 102
54, 231
54, 167
54, 232
54, 168
54, 233
54, 169
54, 105
54, 234
54, 170
54, 106
54, 235
54, 107
54, 236
54, 108
54, 237
54, 173
54, 109
54, 238
54, 174
54, 110
54, 175
54, 111
54, 176
54, 112
54, 241
54, 177
54, 113
54, 242
54, 178
54, 114
54, 243
54, 179
54, 115
54, 244
54, 180
54, 116
54, 245
54, 181
54, 117
54, 246
54, 182
54, 118
54, 247
54, 183
54, 119
54, 55
54, 248
54, 184
54, 56
54, 249
54, 185
54, 57
54, 250
54, 186
54, 122
54, 58
54, 251
54, 187
54, 123
54, 59
54, 252
54, 124
54, 60
54, 253
54, 125
54, 61
54, 254
54, 190
54, 126
54, 62
54, 255
54, 191
54, 127
54, 63
182, 199
182, 200
182, 201
182, 202
182, 267
182, 203
182, 268
182, 204
182, 269
182, 270
182, 271
182, 272
182, 216
182, 217
182, 218
182, 219
182, 284
182, 220
182, 285
182, 221
182, 286
182, 287
182, 288
182, 289
182, 233
182, 234
182, 235
182, 236
182, 237
182, 238
182, 183
182, 184
182, 185
182, 250
182, 186
182, 251
182, 187
182, 252
182, 253
182, 254
182, 255
55, 192
55, 128
55, 64
55, 193
55, 129
55, 65
55, 194
55, 130
55, 66
55, 259
55, 195
55, 131
55, 67
55, 260
55, 196
55, 132
55, 68
55, 261
55, 197
55, 133
55, 262
55, 198
55, 134
55, 263
55, 199
55, 135
55, 264
55, 200
55, 136
55, 72
55, 265
55, 201
55, 73
55, 266
55, 202
55, 74
55, 267
55, 203
55, 75
55, 268
55, 204
55, 140
55, 76
55, 269
55, 141
55, 77
55, 270
55, 142
55, 78
55, 271
55, 143
55, 79
55, 272
55, 208
55, 144
55, 80
55, 209
55, 145
55, 81
55, 210
55, 146
55, 82
55, 211
55, 147
55, 83
55, 276
55, 212
55, 148
55, 84
55, 277
55, 213
55, 149
55, 85
55, 278
55, 214
55, 150
55, 279
55, 215
55, 151
55, 280
55, 216
55, 152
55, 281
55, 217
55, 153
55, 89
55, 282
55, 218
55, 90
55, 283
55, 219
55, 91
55, 284
55, 220
55, 92
55, 285
55, 221
55, 157
55, 93
55, 286
55, 158
55, 94
55, 287
55, 159
55, 95
55, 288
55, 160
55, 96
55, 289
55, 225
55, 161
55, 97
55, 226
55, 162
55, 98
55, 227
55, 163
55, 99
55, 228
55, 164
55, 100
55, 229
55, 165
55, 101
55, 230
55, 166
55, 102
55, 231
55, 167
55, 232
55, 168
55, 233
55, 169
55, 234
55, 170
55, 106
55, 235
55, 107
55, 236
55, 108
55, 237
55, 109
55, 238
55, 174
55, 110
55, 175
55, 111
55, 176
55, 112
55, 177
55, 113
55, 242
55, 178
55, 114
55, 243
55, 179
55, 115
55, 244
55, 180
55, 116
55, 245
55, 181
55, 117
55, 246
55, 182
55, 118
55, 247
55, 183
55, 119
55, 248
55, 184
55, 56
55, 249
55, 185
55, 57
55, 250
55, 186
55, 58
55, 251
55, 187
55, 123
55, 59
55, 252
55, 124
55, 60
55, 253
55, 125
55, 61
55, 254
55, 126
55, 62
55, 255
55, 191
55, 127
55, 63
183, 200
183, 201
183, 202
183, 203
183, 268
183, 204
183, 269
183, 270
183, 271
183, 272
183, 217
183, 218
183, 219
183, 220
183, 285
183, 221
183, 286
183, 287
183, 288
183, 289
183, 234
183, 235
183, 236
183, 237
183, 238
183, 184
183, 185
183, 186
183, 251
183, 187
183, 252
183, 253
183, 254
183, 255
56, 192
56, 128
56, 64
56, 193
56, 129
56, 65
56, 194
56, 130
56, 66
56, 195
56, 131
56, 67
56, 260
56, 196
56, 132
56, 68
56, 261
56, 197
56, 133
56, 262
56, 198
56, 134
56, 263
56, 199
56, 135
56, 264
56, 200
56, 136
56, 265
56, 201
56, 73
56, 266
56, 202
56, 74
56, 267
56, 203
56, 75
56, 268
56, 204
56, 76
56, 269
56, 141
56, 77
56, 270
56, 142
56, 78
56, 271
56, 143
56, 79
56, 272
56, 144
56, 80
56, 209
56, 145
56, 81
56, 210
56, 146
56, 82
56, 211
56, 147
56, 83
56, 212
56, 148
56, 84
56, 277
56, 213
56, 149
56, 85
56, 278
56, 214
56, 150
56, 279
56, 215
56, 151
56, 280
56, 216
56, 152
56, 281
56, 217
56, 153
56, 282
56, 218
56, 90
56, 283
56, 219
56, 91
56, 284
56, 220
56, 92
56, 285
56, 221
56, 93
56, 286
56, 158
56, 94
56, 287
56, 159
56, 95
56, 288
56, 160
56, 96
56, 289
56, 161
56, 97
56, 226
56, 162
56, 98
56, 227
56, 163
56, 99
56, 228
56, 164
56, 100
56, 229
56, 165
56, 101
56, 230
56, 166
56, 102
56, 231
56, 167
56, 232
56, 168
56, 233
56, 169
56, 234
56, 170
56, 235
56, 107
56, 236
56, 108
56, 237
56, 109
56, 238
56, 110
56, 175
56, 111
56, 176
56, 112
56, 177
56, 113
56, 178
56, 114
56, 243
56, 179
56, 115
56, 244
56, 180
56, 116
56, 245
56, 181
56, 117
56, 246
56, 182
56, 118
56, 247
56, 183
56, 119
56, 248
56, 184
56, 249
56, 185
56, 57
56, 250
56, 186
56, 58
56, 251
56, 187
56, 59
56, 252
56, 124
56, 60
56, 253
56, 125
56, 61
56, 254
56, 126
56, 62
56, 255
56, 127
56, 63
184, 201
184, 202
184, 203
184, 204
184, 269
184, 270
184, 271
184, 272
184, 218
184, 219
184, 220
184, 221
184, 286
184, 287
184, 288
184, 289
184, 235
184, 236
184, 237
184, 238
184, 185
184, 186
184, 187
184, 252
184, 253
184, 254
184, 255
57, 128
57, 64
57, 193
57, 129
57, 65
57, 194
57, 130
57, 66
57, 195
57, 131
57, 67
57, 196
57, 132
57, 68
57, 261
57, 197
57, 133
57, 262
57, 198
57, 134
57, 263
57, 199
57, 135
57, 264
57, 200
57, 136
57, 265
57, 201
57, 266
57, 202
57, 74
57, 267
57, 203
57, 75
57, 268
57, 204
57, 76
57, 269
57, 77
57, 270
57, 142
57, 78
57, 271
57, 143
57, 79
57, 272
57, 144
57, 80
57, 145
57, 81
57, 210
57, 146
57, 82
57, 211
57, 147
57, 83
57, 212
57, 148
57, 84
57, 213
57, 149
57, 85
57, 278
57, 214
57, 150
57, 279
57, 215
57, 151
57, 280
57, 216
57, 152
57, 281
57, 217
57, 153
57, 282
57, 218
57, 283
57, 219
57, 91
57, 284
57, 220
57, 92
57, 285
57, 221
57, 93
57, 286
57, 94
57, 287
57, 159
57, 95
57, 288
57, 160
57, 96
57, 289
57, 161
57, 97
57, 162
57, 98
57, 227
57, 163
57, 99
57, 228
57, 164
57, 100
57, 229
57, 165
57, 101
57, 230
57, 166
57, 102
57, 231
57, 167
57, 232
57, 168
57, 233
57, 169
57, 234
57, 170
57, 235
57, 236
57, 108
57, 237
57, 109
57, 238
57, 110
57, 111
57, 176
57, 112
57, 177
57, 113
57, 178
57, 114
57, 179
57, 115
57, 244
57, 180
57, 116
57, 245
57, 181
57, 117
57, 246
57, 182
57, 118
57, 247
57, 183
57, 119
57, 248
57, 184
57, 249
57, 185
57, 250
57, 186
57, 58
57, 251
57, 187
57, 59
57, 252
57, 60
57, 253
57, 125
57, 61
57, 254
57, 126
57, 62
57, 255
57, 127
57, 63
185, 202
185, 203
185, 204
185, 270
185, 271
185, 272
185, 219
185, 220
185, 221
185, 287
185, 288
185, 289
185, 236
185, 237
185, 238
185, 186
185, 187
185, 253
185, 254
185, 255
58, 128
58, 64
58, 129
58, 65
58, 194
58, 130
58, 66
58, 195
58, 131
58, 67
58, 196
58, 132
58, 68
58, 197
58, 133
58, 262
58, 198
58, 134
58, 263
58, 199
58, 135
58, 264
58, 200
58, 136
58, 265
58, 201
58, 266
58, 202
58, 267
58, 203
58, 75
58, 268
58, 204
58, 76
58, 269
58, 77
58, 270
58, 78
58, 271
58, 143
58, 79
58, 272
58, 144
58, 80
58, 145
58, 81
58, 146
58, 82
58, 211
58, 147
58, 83
58, 212
58, 148
58, 84
58, 213
58, 149
58, 85
58, 214
58, 150
58, 279
58, 215
58, 151
58, 280
58, 216
58, 152
58, 281
58, 217
58, 153
58, 282
58, 218
58, 283
58, 219
58, 284
58, 220
58, 92
58, 285
58, 221
58, 93
58, 286
58, 94
58, 287
58, 95
58, 288
58, 160
58, 96
58, 289
58, 161
58, 97
58, 162
58, 98
58, 163
58, 99
58, 228
58, 164
58, 100
58, 229
58, 165
58, 101
58, 230
58, 166
58, 102
58, 231
58, 167
58, 232
58, 168
58, 233
58, 169
58, 234
58, 170
58, 235
58, 236
58, 237
58, 109
58, 238
58, 110
58, 111
58, 112
58, 177
58, 113
58, 178
58, 114
58, 179
58, 115
58, 180
58, 116
58, 245
58, 181
58, 117
58, 246
58, 182
58, 118
58, 247
58, 183
58, 119
58, 248
58, 184
58, 249
58, 185
58, 250
58, 186
58, 251
58, 187
58, 59
58, 252
58, 60
58, 253
58, 61
58, 254
58, 126
58, 62
58, 255
58, 127
58, 63
186, 203
186, 204
186, 271
186, 272
186, 220
186, 221
186, 288
186, 289
186, 237
186, 238
186, 187
186, 254
186, 255
187, 289
187, 272
187, 255
187, 238
187, 221
187, 204
59, 128
59, 64
59, 129
59, 65
59, 130
59, 66
59, 195
59, 131
59, 67
59, 196
59, 132
59, 68
59, 197
59, 133
59, 198
59, 134
59, 263
59, 199
59, 135
59, 264
59, 200
59, 136
59, 265
59, 201
59, 266
59, 202
59, 267
59, 203
59, 268
59, 204
59, 76
59, 269
59, 77
59, 270
59, 78
59, 271
59, 79
59, 272
59, 144
59, 80
59, 145
59, 81
59, 146
59, 82
59, 147
59, 83
59, 212
59, 148
59, 84
59, 213
59, 149
59, 85
59, 214
59, 150
59, 215
59, 151
59, 280
59, 216
59, 152
59, 281
59, 217
59, 153
59, 282
59, 218
59, 283
59, 219
59, 284
59, 220
59, 285
59, 221
59, 93
59, 286
59, 94
59, 287
59, 95
59, 288
59, 96
59, 289
59, 161
59, 97
59, 162
59, 98
59, 163
59, 99
59, 164
59, 100
59, 229
59, 165
59, 101
59, 230
59, 166
59, 102
59, 231
59, 167
59, 232
59, 168
59, 233
59, 169
59, 234
59, 170
59, 235
59, 236
59, 237
59, 238
59, 110
59, 111
59, 112
59, 113
59, 178
59, 114
59, 179
59, 115
59, 180
59, 116
59, 181
59, 117
59, 246
59, 182
59, 118
59, 247
59, 183
59, 119
59, 248
59, 184
59, 249
59, 185
59, 250
59, 186
59, 251
59, 187
59, 252
59, 60
59, 253
59, 61
59, 254
59, 62
59, 255
59, 127
59, 63
60, 128
60, 64
60, 129
60, 65
60, 130
60, 66
60, 131
60, 67
60, 196
60, 132
60, 68
60, 197
60, 133
60, 198
60, 134
60, 199
60, 135
60, 264
60, 200
60, 136
60, 265
60, 201
60, 266
60, 202
60, 267
60, 203
60, 268
60, 204
60, 269
60, 77
60, 270
60, 78
60, 271
60, 79
60, 272
60, 80
60, 145
60, 81
60, 146
60, 82
60, 147
60, 83
60, 148
60, 84
60, 213
60, 149
60, 85
60, 214
60, 150
60, 215
60, 151
60, 216
60, 152
60, 281
60, 217
60, 153
60, 282
60, 218
60, 283
60, 219
60, 284
60, 220
60, 285
60, 221
60, 286
60, 94
60, 287
60, 95
60, 288
60, 96
60, 289
60, 97
60, 162
60, 98
60, 163
60, 99
60, 164
60, 100
60, 165
60, 101
60, 230
60, 166
60, 102
60, 231
60, 167
60, 232
60, 168
60, 233
60, 169
60, 234
60, 170
60, 235
60, 236
60, 237
60, 238
60, 111
60, 112
60, 113
60, 114
60, 179
60, 115
60, 180
60, 116
60, 181
60, 117
60, 182
60, 118
60, 247
60, 183
60, 119
60, 248
60, 184
60, 249
60, 185
60, 250
60, 186
60, 251
60, 187
60, 252
60, 253
60, 61
60, 254
60, 62
60, 255
60, 63
188, 256
188, 192
188, 257
188, 193
188, 258
188, 194
188, 259
188, 195
188, 260
188, 196
188, 261
188, 197
188, 262
188, 198
188, 263
188, 199
188, 264
188, 200
188, 265
188, 201
188, 266
188, 202
188, 267
188, 203
188, 268
188, 204
188, 269
188, 205
188, 270
188, 206
188, 271
188, 207
188, 272
188, 208
188, 273
188, 209
188, 274
188, 210
188, 275
188, 211
188, 276
188, 212
188, 277
188, 213
188, 278
188, 214
188, 279
188, 215
188, 280
188, 216
188, 281
188, 217
188, 282
188, 218
188, 283
188, 219
188, 284
188, 220
188, 285
188, 221
188, 286
188, 222
188, 287
188, 223
188, 288
188, 224
188, 289
188, 225
188, 226
188, 227
188, 228
188, 229
188, 230
188, 231
188, 232
188, 233
188, 234
188, 235
188, 236
188, 237
188, 238
188, 239
188, 240
188, 241
188, 242
188, 243
188, 244
188, 245
188, 246
188, 247
188, 248
188, 249
188, 250
188, 251
188, 252
188, 253
188, 189
188, 254
188, 190
188, 255
188, 191
61, 64
61, 129
61, 65
61, 130
61, 66
61, 131
61, 67
61, 132
61, 68
61, 197
61, 133
61, 198
61, 134
61, 199
61, 135
61, 200
61, 136
61, 265
61, 201
61, 266
61, 202
61, 267
61, 203
61, 268
61, 204
61, 269
61, 270
61, 78
61, 271
61, 79
61, 272
61, 80
61, 81
61, 146
61, 82
61, 147
61, 83
61, 148
61, 84
61, 149
61, 85
61, 214
61, 150
61, 215
61, 151
61, 216
61, 152
61, 217
61, 153
61, 282
61, 218
61, 283
61, 219
61, 284
61, 220
61, 285
61, 221
61, 286
61, 287
61, 95
61, 288
61, 96
61, 289
61, 97
61, 98
61, 163
61, 99
61, 164
61, 100
61, 165
61, 101
61, 166
61, 102
61, 231
61, 167
61, 232
61, 168
61, 233
61, 169
61, 234
61, 170
61, 235
61, 236
61, 237
61, 238
61, 112
61, 113
61, 114
61, 115
61, 180
61, 116
61, 181
61, 117
61, 182
61, 118
61, 183
61, 119
61, 248
61, 184
61, 249
61, 185
61, 250
61, 186
61, 251
61, 187
61, 252
61, 253
61, 254
61, 62
61, 255
61, 63
189, 192
189, 257
189, 193
189, 258
189, 194
189, 259
189, 195
189, 260
189, 196
189, 261
189, 197
189, 262
189, 198
189, 263
189, 199
189, 264
189, 200
189, 265
189, 201
189, 266
189, 202
189, 267
189, 203
189, 268
189, 204
189, 269
189, 270
189, 206
189, 271
189, 207
189, 272
189, 208
189, 209
189, 274
189, 210
189, 275
189, 211
189, 276
189, 212
189, 277
189, 213
189, 278
189, 214
189, 279
189, 215
189, 280
189, 216
189, 281
189, 217
189, 282
189, 218
189, 283
189, 219
189, 284
189, 220
189, 285
189, 221
189, 286
189, 287
189, 223
189, 288
189, 224
189, 289
189, 225
189, 226
189, 227
189, 228
189, 229
189, 230
189, 231
189, 232
189, 233
189, 234
189, 235
189, 236
189, 237
189, 238
189, 240
189, 241
189, 242
189, 243
189, 244
189, 245
189, 246
189, 247
189, 248
189, 249
189, 250
189, 251
189, 252
189, 253
189, 254
189, 190
189, 255
189, 191
62, 64
62, 65
62, 130
62, 66
62, 131
62, 67
62, 132
62, 68
62, 133
62, 198
62, 134
62, 199
62, 135
62, 200
62, 136
62, 201
62, 266
62, 202
62, 267
62, 203
62, 268
62, 204
62, 269
62, 270
62, 271
62, 79
62, 272
62, 80
62, 81
62, 82
62, 147
62, 83
62, 148
62, 84
62, 149
62, 85
62, 150
62, 215
62, 151
62, 216
62, 152
62, 217
62, 153
62, 218
62, 283
62, 219
62, 284
62, 220
62, 285
62, 221
62, 286
62, 287
62, 288
62, 96
62, 289
62, 97
62, 98
62, 99
62, 164
62, 100
62, 165
62, 101
62, 166
62, 102
62, 167
62, 232
62, 168
62, 233
62, 169
62, 234
62, 170
62, 235
62, 236
62, 237
62, 238
62, 113
62, 114
62, 115
62, 116
62, 181
62, 117
62, 182
62, 118
62, 183
62, 119
62, 184
62, 249
62, 185
62, 250
62, 186
62, 251
62, 187
62, 252
62, 253
62, 254
62, 255
62, 63
190, 192
190, 193
190, 258
190, 194
190, 259
190, 195
190, 260
190, 196
190, 261
190, 197
190, 262
190, 198
190, 263
190, 199
190, 264
190, 200
190, 265
190, 201
190, 266
190, 202
190, 267
190, 203
190, 268
190, 204
190, 269
190, 270
190, 271
190, 207
190, 272
190, 208
190, 209
190, 210
190, 275
190, 211
190, 276
190, 212
190, 277
190, 213
190, 278
190, 214
190, 279
190, 215
190, 280
190, 216
190, 281
190, 217
190, 282
190, 218
190, 283
190, 219
190, 284
190, 220
190, 285
190, 221
190, 286
190, 287
190, 288
190, 224
190, 289
190, 225
190, 226
190, 227
190, 228
190, 229
190, 230
190, 231
190, 232
190, 233
190, 234
190, 235
190, 236
190, 237
190, 238
190, 241
190, 242
190, 243
190, 244
190, 245
190, 246
190, 247
190, 248
190, 249
190, 250
190, 251
190, 252
190, 253
190, 254
190, 255
190, 191
63, 64
63, 65
63, 66
63, 131
63, 67
63, 132
63, 68
63, 133
63, 134
63, 199
63, 135
63, 200
63, 136
63, 201
63, 202
63, 267
63, 203
63, 268
63, 204
63, 269
63, 270
63, 271
63, 272
63, 80
63, 81
63, 82
63, 83
63, 148
63, 84
63, 149
63, 85
63, 150
63, 151
63, 216
63, 152
63, 217
63, 153
63, 218
63, 219
63, 284
63, 220
63, 285
63, 221
63, 286
63, 287
63, 288
63, 289
63, 97
63, 98
63, 99
63, 100
63, 165
63, 101
63, 166
63, 102
63, 167
63, 168
63, 233
63, 169
63, 234
63, 170
63, 235
63, 236
63, 237
63, 238
63, 114
63, 115
63, 116
63, 117
63, 182
63, 118
63, 183
63, 119
63, 184
63, 185
63, 250
63, 186
63, 251
63, 187
63, 252
63, 253
63, 254
63, 255
191, 192
191, 193
191, 194
191, 259
191, 195
191, 260
191, 196
191, 261
191, 197
191, 262
191, 198
191, 263
191, 199
191, 264
191, 200
191, 265
191, 201
191, 266
191, 202
191, 267
191, 203
191, 268
191, 204
191, 269
191, 270
191, 271
191, 272
191, 208
191, 209
191, 210
191, 211
191, 276
191, 212
191, 277
191, 213
191, 278
191, 214
191, 279
191, 215
191, 280
191, 216
191, 281
191, 217
191, 282
191, 218
191, 283
191, 219
191, 284
191, 220
191, 285
191, 221
191, 286
191, 287
191, 288
191, 289
191, 225
191, 226
191, 227
191, 228
191, 229
191, 230
191, 231
191, 232
191, 233
191, 234
191, 235
191, 236
191, 237
191, 238
191, 242
191, 243
191, 244
191, 245
191, 246
191, 247
191, 248
191, 249
191, 250
191, 251
191, 252
191, 253
191, 254
191, 255
64, 65
64, 66
64, 67
64, 132
64, 68
64, 133
64, 134
64, 135
64, 200
64, 136
64, 201
64, 202
64, 203
64, 268
64, 204
64, 269
64, 270
64, 271
64, 272
64, 81
64, 82
64, 83
64, 84
64, 149
64, 85
64, 150
64, 151
64, 152
64, 217
64, 153
64, 218
64, 219
64, 220
64, 285
64, 221
64, 286
64, 287
64, 288
64, 289
64, 98
64, 99
64, 100
64, 101
64, 166
64, 102
64, 167
64, 168
64, 169
64, 234
64, 170
64, 235
64, 236
64, 237
64, 238
64, 115
64, 116
64, 117
64, 118
64, 183
64, 119
64, 184
64, 185
64, 186
64, 251
64, 187
64, 252
64, 253
64, 254
64, 255
192, 193
192, 194
192, 195
192, 260
192, 196
192, 261
192, 197
192, 262
192, 198
192, 263
192, 199
192, 264
192, 200
192, 265
192, 201
192, 266
192, 202
192, 267
192, 203
192, 268
192, 204
192, 269
192, 270
192, 271
192, 272
192, 209
192, 210
192, 211
192, 212
192, 277
192, 213
192, 278
192, 214
192, 279
192, 215
192, 280
192, 216
192, 281
192, 217
192, 282
192, 218
192, 283
192, 219
192, 284
192, 220
192, 285
192, 221
192, 286
192, 287
192, 288
192, 289
192, 226
192, 227
192, 228
192, 229
192, 230
192, 231
192, 232
192, 233
192, 234
192, 235
192, 236
192, 237
192, 238
192, 243
192, 244
192, 245
192, 246
192, 247
192, 248
192, 249
192, 250
192, 251
192, 252
192, 253
192, 254
192, 255
65, 66
65, 67
65, 68
65, 133
65, 134
65, 135
65, 136
65, 201
65, 202
65, 203
65, 204
65, 269
65, 270
65, 271
65, 272
65, 82
65, 83
65, 84
65, 85
65, 150
65, 151
65, 152
65, 153
65, 218
65, 219
65, 220
65, 221
65, 286
65, 287
65, 288
65, 289
65, 99
65, 100
65, 101
65, 102
65, 167
65, 168
65, 169
65, 170
65, 235
65, 236
65, 237
65, 238
65, 116
65, 117
65, 118
65, 119
65, 184
65, 185
65, 186
65, 187
65, 252
65, 253
65, 254
65, 255
193, 194
193, 195
193, 196
193, 261
193, 197
193, 262
193, 198
193, 263
193, 199
193, 264
193, 200
193, 265
193, 201
193, 266
193, 202
193, 267
193, 203
193, 268
193, 204
193, 269
193, 270
193, 271
193, 272
193, 210
193, 211
193, 212
193, 213
193, 278
193, 214
193, 279
193, 215
193, 280
193, 216
193, 281
193, 217
193, 282
193, 218
193, 283
193, 219
193, 284
193, 220
193, 285
193, 221
193, 286
193, 287
193, 288
193, 289
193, 227
193, 228
193, 229
193, 230
193, 231
193, 232
193, 233
193, 234
193, 235
193, 236
193, 237
193, 238
193, 244
193, 245
193, 246
193, 247
193, 248
193, 249
193, 250
193, 251
193, 252
193, 253
193, 254
193, 255
66, 67
66, 68
66, 134
66, 135
66, 136
66, 202
66, 203
66, 204
66, 270
66, 271
66, 272
66, 83
66, 84
66, 85
66, 151
66, 152
66, 153
66, 219
66, 220
66, 221
66, 287
66, 288
66, 289
66, 100
66, 101
66, 102
66, 168
66, 169
66, 170
66, 236
66, 237
66, 238
66, 117
66, 118
66, 119
66, 185
66, 186
66, 187
66, 253
66, 254
66, 255
194, 195
194, 196
194, 197
194, 262
194, 198
194, 263
194, 199
194, 264
194, 200
194, 265
194, 201
194, 266
194, 202
194, 267
194, 203
194, 268
194, 204
194, 269
194, 270
194, 271
194, 272
194, 211
194, 212
194, 213
194, 214
194, 279
194, 215
194, 280
194, 216
194, 281
194, 217
194, 282
194, 218
194, 283
194, 219
194, 284
194, 220
194, 285
194, 221
194, 286
194, 287
194, 288
194, 289
194, 228
194, 229
194, 230
194, 231
194, 232
194, 233
194, 234
194, 235
194, 236
194, 237
194, 238
194, 245
194, 246
194, 247
194, 248
194, 249
194, 250
194, 251
194, 252
194, 253
194, 254
194, 255
67, 68
67, 135
67, 136
67, 203
67, 204
67, 271
67, 272
67, 84
67, 85
67, 152
67, 153
67, 220
67, 221
67, 288
67, 289
67, 101
67, 102
67, 169
67, 170
67, 237
67, 238
67, 118
67, 119
67, 186
67, 187
67, 254
67, 255
195, 196
195, 197
195, 198
195, 263
195, 199
195, 264
195, 200
195, 265
195, 201
195, 266
195, 202
195, 267
195, 203
195, 268
195, 204
195, 269
195, 270
195, 271
195, 272
195, 212
195, 213
195, 214
195, 215
195, 280
195, 216
195, 281
195, 217
195, 282
195, 218
195, 283
195, 219
195, 284
195, 220
195, 285
195, 221
195, 286
195, 287
195, 288
195, 289
195, 229
195, 230
195, 231
195, 232
195, 233
195, 234
195, 235
195, 236
195, 237
195, 238
195, 246
195, 247
195, 248
195, 249
195, 250
195, 251
195, 252
195, 253
195, 254
195, 255
68, 136
68, 204
68, 272
68, 85
68, 153
68, 221
68, 289
68, 102
68, 170
68, 238
68, 119
68, 187
68, 255
196, 197
196, 198
196, 199
196, 264
196, 200
196, 265
196, 201
196, 266
196, 202
196, 267
196, 203
196, 268
196, 204
196, 269
196, 270
196, 271
196, 272
196, 213
196, 214
196, 215
196, 216
196, 281
196, 217
196, 282
196, 218
196, 283
196, 219
196, 284
196, 220
196, 285
196, 221
196, 286
196, 287
196, 288
196, 289
196, 230
196, 231
196, 232
196, 233
196, 234
196, 235
196, 236
196, 237
196, 238
196, 247
196, 248
196, 249
196, 250
196, 251
196, 252
196, 253
196, 254
196, 255
69, 256
69, 192
69, 128
69, 257
69, 193
69, 129
69, 258
69, 194
69, 130
69, 259
69, 195
69, 131
69, 260
69, 196
69, 132
69, 261
69, 197
69, 133
69, 262
69, 198
69, 134
69, 70
69, 263
69, 199
69, 135
69, 71
69, 264
69, 200
69, 136
69, 72
69, 265
69, 201
69, 137
69, 73
69, 266
69, 202
69, 138
69, 74
69, 267
69, 203
69, 139
69, 75
69, 268
69, 204
69, 140
69, 76
69, 269
69, 205
69, 141
69, 77
69, 270
69, 206
69, 142
69, 78
69, 271
69, 207
69, 143
69, 79
69, 272
69, 208
69, 144
69, 80
69, 273
69, 209
69, 145
69, 81
69, 274
69, 210
69, 146
69, 82
69, 275
69, 211
69, 147
69, 83
69, 276
69, 212
69, 148
69, 84
69, 277
69, 213
69, 149
69, 85
69, 278
69, 214
69, 150
69, 86
69, 279
69, 215
69, 151
69, 87
69, 280
69, 216
69, 152
69, 88
69, 281
69, 217
69, 153
69, 89
69, 282
69, 218
69, 154
69, 90
69, 283
69, 219
69, 155
69, 91
69, 284
69, 220
69, 156
69, 92
69, 285
69, 221
69, 157
69, 93
69, 286
69, 222
69, 158
69, 94
69, 287
69, 223
69, 159
69, 95
69, 288
69, 224
69, 160
69, 96
69, 289
69, 225
69, 161
69, 97
69, 226
69, 162
69, 98
69, 227
69, 163
69, 99
69, 228
69, 164
69, 100
69, 229
69, 165
69, 101
69, 230
69, 166
69, 102
69, 231
69, 167
69, 103
69, 232
69, 168
69, 104
69, 233
69, 169
69, 105
69, 234
69, 170
69, 106
69, 235
69, 171
69, 107
69, 236
69, 172
69, 108
69, 237
69, 173
69, 109
69, 238
69, 174
69, 110
69, 239
69, 175
69, 111
69, 240
69, 176
69, 112
69, 241
69, 177
69, 113
69, 242
69, 178
69, 114
69, 243
69, 179
69, 115
69, 244
69, 180
69, 116
69, 245
69, 181
69, 117
69, 246
69, 182
69, 118
69, 247
69, 183
69, 119
69, 248
69, 184
69, 120
69, 249
69, 185
69, 121
69, 250
69, 186
69, 122
69, 251
69, 187
69, 123
69, 252
69, 188
69, 124
69, 253
69, 189
69, 125
69, 254
69, 190
69, 126
69, 255
69, 191
69, 127
197, 198
197, 199
197, 200
197, 265
197, 201
197, 266
197, 202
197, 267
197, 203
197, 268
197, 204
197, 269
197, 270
197, 271
197, 272
197, 214
197, 215
197, 216
197, 217
197, 282
197, 218
197, 283
197, 219
197, 284
197, 220
197, 285
197, 221
197, 286
197, 287
197, 288
197, 289
197, 231
197, 232
197, 233
197, 234
197, 235
197, 236
197, 237
197, 238
197, 248
197, 249
197, 250
197, 251
197, 252
197, 253
197, 254
197, 255
70, 192
70, 128
70, 257
70, 193
70, 129
70, 258
70, 194
70, 130
70, 259
70, 195
70, 131
70, 260
70, 196
70, 132
70, 261
70, 197
70, 133
70, 262
70, 198
70, 134
70, 263
70, 199
70, 135
70, 71
70, 264
70, 200
70, 136
70, 72
70, 265
70, 201
70, 73
70, 266
70, 202
70, 138
70, 74
70, 267
70, 203
70, 139
70, 75
70, 268
70, 204
70, 140
70, 76
70, 269
70, 141
70, 77
70, 270
70, 206
70, 142
70, 78
70, 271
70, 207
70, 143
70, 79
70, 272
70, 208
70, 144
70, 80
70, 209
70, 145
70, 81
70, 274
70, 210
70, 146
70, 82
70, 275
70, 211
70, 147
70, 83
70, 276
70, 212
70, 148
70, 84
70, 277
70, 213
70, 149
70, 85
70, 278
70, 214
70, 150
70, 279
70, 215
70, 151
70, 87
70, 280
70, 216
70, 152
70, 88
70, 281
70, 217
70, 153
70, 89
70, 282
70, 218
70, 90
70, 283
70, 219
70, 155
70, 91
70, 284
70, 220
70, 156
70, 92
70, 285
70, 221
70, 157
70, 93
70, 286
70, 158
70, 94
70, 287
70, 223
70, 159
70, 95
70, 288
70, 224
70, 160
70, 96
70, 289
70, 225
70, 161
70, 97
70, 226
70, 162
70, 98
70, 227
70, 163
70, 99
70, 228
70, 164
70, 100
70, 229
70, 165
70, 101
70, 230
70, 166
70, 102
70, 231
70, 167
70, 232
70, 168
70, 104
70, 233
70, 169
70, 105
70, 234
70, 170
70, 106
70, 235
70, 107
70, 236
70, 172
70, 108
70, 237
70, 173
70, 109
70, 238
70, 174
70, 110
70, 175
70, 111
70, 240
70, 176
70, 112
70, 241
70, 177
70, 113
70, 242
70, 178
70, 114
70, 243
70, 179
70, 115
70, 244
70, 180
70, 116
70, 245
70, 181
70, 117
70, 246
70, 182
70, 118
70, 247
70, 183
70, 119
70, 248
70, 184
70, 249
70, 185
70, 121
70, 250
70, 186
70, 122
70, 251
70, 187
70, 123
70, 252
70, 124
70, 253
70, 189
70, 125
70, 254
70, 190
70, 126
70, 255
70, 191
70, 127
198, 199
198, 200
198, 201
198, 266
198, 202
198, 267
198, 203
198, 268
198, 204
198, 269
198, 270
198, 271
198, 272
198, 215
198, 216
198, 217
198, 218
198, 283
198, 219
198, 284
198, 220
198, 285
198, 221
198, 286
198, 287
198, 288
198, 289
198, 232
198, 233
198, 234
198, 235
198, 236
198, 237
198, 238
198, 249
198, 250
198, 251
198, 252
198, 253
198, 254
198, 255
71, 192
71, 128
71, 193
71, 129
71, 258
71, 194
71, 130
71, 259
71, 195
71, 131
71, 260
71, 196
71, 132
71, 261
71, 197
71, 133
71, 262
71, 198
71, 134
71, 263
71, 199
71, 135
71, 264
71, 200
71, 136
71, 72
71, 265
71, 201
71, 73
71, 266
71, 202
71, 74
71, 267
71, 203
71, 139
71, 75
71, 268
71, 204
71, 140
71, 76
71, 269
71, 141
71, 77
71, 270
71, 142
71, 78
71, 271
71, 207
71, 143
71, 79
71, 272
71, 208
71, 144
71, 80
71, 209
71, 145
71, 81
71, 210
71, 146
71, 82
71, 275
71, 211
71, 147
71, 83
71, 276
71, 212
71, 148
71, 84
71, 277
71, 213
71, 149
71, 85
71, 278
71, 214
71, 150
71, 279
71, 215
71, 151
71, 280
71, 216
71, 152
71, 88
71, 281
71, 217
71, 153
71, 89
71, 282
71, 218
71, 90
71, 283
71, 219
71, 91
71, 284
71, 220
71, 156
71, 92
71, 285
71, 221
71, 157
71, 93
71, 286
71, 158
71, 94
71, 287
71, 159
71, 95
71, 288
71, 224
71, 160
71, 96
71, 289
71, 225
71, 161
71, 97
71, 226
71, 162
71, 98
71, 227
71, 163
71, 99
71, 228
71, 164
71, 100
71, 229
71, 165
71, 101
71, 230
71, 166
71, 102
71, 231
71, 167
71, 232
71, 168
71, 233
71, 169
71, 105
71, 234
71, 170
71, 106
71, 235
71, 107
71, 236
71, 108
71, 237
71, 173
71, 109
71, 238
71, 174
71, 110
71, 175
71, 111
71, 176
71, 112
71, 241
71, 177
71, 113
71, 242
71, 178
71, 114
71, 243
71, 179
71, 115
71, 244
71, 180
71, 116
71, 245
71, 181
71, 117
71, 246
71, 182
71, 118
71, 247
71, 183
71, 119
71, 248
71, 184
71, 249
71, 185
71, 250
71, 186
71, 122
71, 251
71, 187
71, 123
71, 252
71, 124
71, 253
71, 125
71, 254
71, 190
71, 126
71, 255
71, 191
71, 127
199, 200
199, 201
199, 202
199, 267
199, 203
199, 268
199, 204
199, 269
199, 270
199, 271
199, 272
199, 216
199, 217
199, 218
199, 219
199, 284
199, 220
199, 285
199, 221
199, 286
199, 287
199, 288
199, 289
199, 233
199, 234
199, 235
199, 236
199, 237
199, 238
199, 250
199, 251
199, 252
199, 253
199, 254
199, 255
72, 192
72, 128
72, 193
72, 129
72, 194
72, 130
72, 259
72, 195
72, 131
72, 260
72, 196
72, 132
72, 261
72, 197
72, 133
72, 262
72, 198
72, 134
72, 263
72, 199
72, 135
72, 264
72, 200
72, 136
72, 265
72, 201
72, 73
72, 266
72, 202
72, 74
72, 267
72, 203
72, 75
72, 268
72, 204
72, 140
72, 76
72, 269
72, 141
72, 77
72, 270
72, 142
72, 78
72, 271
72, 143
72, 79
72, 272
72, 208
72, 144
72, 80
72, 209
72, 145
72, 81
72, 210
72, 146
72, 82
72, 211
72, 147
72, 83
72, 276
72, 212
72, 148
72, 84
72, 277
72, 213
72, 149
72, 85
72, 278
72, 214
72, 150
72, 279
72, 215
72, 151
72, 280
72, 216
72, 152
72, 281
72, 217
72, 153
72, 89
72, 282
72, 218
72, 90
72, 283
72, 219
72, 91
72, 284
72, 220
72, 92
72, 285
72, 221
72, 157
72, 93
72, 286
72, 158
72, 94
72, 287
72, 159
72, 95
72, 288
72, 160
72, 96
72, 289
72, 225
72, 161
72, 97
72, 226
72, 162
72, 98
72, 227
72, 163
72, 99
72, 228
72, 164
72, 100
72, 229
72, 165
72, 101
72, 230
72, 166
72, 102
72, 231
72, 167
72, 232
72, 168
72, 233
72, 169
72, 234
72, 170
72, 106
72, 235
72, 107
72, 236
72, 108
72, 237
72, 109
72, 238
72, 174
72, 110
72, 175
72, 111
72, 176
72, 112
72, 177
72, 113
72, 242
72, 178
72, 114
72, 243
72, 179
72, 115
72, 244
72, 180
72, 116
72, 245
72, 181
72, 117
72, 246
72, 182
72, 118
72, 247
72, 183
72, 119
72, 248
72, 184
72, 249
72, 185
72, 250
72, 186
72, 251
72, 187
72, 123
72, 252
72, 124
72, 253
72, 125
72, 254
72, 126
72, 255
72, 191
72, 127
200, 201
200, 202
200, 203
200, 268
200, 204
200, 269
200, 270
200, 271
200, 272
200, 217
200, 218
200, 219
200, 220
200, 285
200, 221
200, 286
200, 287
200, 288
200, 289
200, 234
200, 235
200, 236
200, 237
200, 238
200, 251
200, 252
200, 253
200, 254
200, 255
73, 192
73, 128
73, 193
73, 129
73, 194
73, 130
73, 195
73, 131
73, 260
73, 196
73, 132
73, 261
73, 197
73, 133
73, 262
73, 198
73, 134
73, 263
73, 199
73, 135
73, 264
73, 200
73, 136
73, 265
73, 201
73, 266
73, 202
73, 74
73, 267
73, 203
73, 75
73, 268
73, 204
73, 76
73, 269
73, 141
73, 77
73, 270
73, 142
73, 78
73, 271
73, 143
73, 79
73, 272
73, 144
73, 80
73, 209
73, 145
73, 81
73, 210
73, 146
73, 82
73, 211
73, 147
73, 83
73, 212
73, 148
73, 84
73, 277
73, 213
73, 149
73, 85
73, 278
73, 214
73, 150
73, 279
73, 215
73, 151
73, 280
73, 216
73, 152
73, 281
73, 217
73, 153
73, 282
73, 218
73, 90
73, 283
73, 219
73, 91
73, 284
73, 220
73, 92
73, 285
73, 221
73, 93
73, 286
73, 158
73, 94
73, 287
73, 159
73, 95
73, 288
73, 160
73, 96
73, 289
73, 161
73, 97
73, 226
73, 162
73, 98
73, 227
73, 163
73, 99
73, 228
73, 164
73, 100
73, 229
73, 165
73, 101
73, 230
73, 166
73, 102
73, 231
73, 167
73, 232
73, 168
73, 233
73, 169
73, 234
73, 170
73, 235
73, 107
73, 236
73, 108
73, 237
73, 109
73, 238
73, 110
73, 175
73, 111
73, 176
73, 112
73, 177
73, 113
73, 178
73, 114
73, 243
73, 179
73, 115
73, 244
73, 180
73, 116
73, 245
73, 181
73, 117
73, 246
73, 182
73, 118
73, 247
73, 183
73, 119
73, 248
73, 184
73, 249
73, 185
73, 250
73, 186
73, 251
73, 187
73, 252
73, 124
73, 253
73, 125
73, 254
73, 126
73, 255
73, 127
201, 202
201, 203
201, 204
201, 269
201, 270
201, 271
201, 272
201, 218
201, 219
201, 220
201, 221
201, 286
201, 287
201, 288
201, 289
201, 235
201, 236
201, 237
201, 238
201, 252
201, 253
201, 254
201, 255
74, 128
74, 193
74, 129
74, 194
74, 130
74, 195
74, 131
74, 196
74, 132
74, 261
74, 197
74, 133
74, 262
74, 198
74, 134
74, 263
74, 199
74, 135
74, 264
74, 200
74, 136
74, 265
74, 201
74, 266
74, 202
74, 267
74, 203
74, 75
74, 268
74, 204
74, 76
74, 269
74, 77
74, 270
74, 142
74, 78
74, 271
74, 143
74, 79
74, 272
74, 144
74, 80
74, 145
74, 81
74, 210
74, 146
74, 82
74, 211
74, 147
74, 83
74, 212
74, 148
74, 84
74, 213
74, 149
74, 85
74, 278
74, 214
74, 150
74, 279
74, 215
74, 151
74, 280
74, 216
74, 152
74, 281
74, 217
74, 153
74, 282
74, 218
74, 283
74, 219
74, 91
74, 284
74, 220
74, 92
74, 285
74, 221
74, 93
74, 286
74, 94
74, 287
74, 159
74, 95
74, 288
74, 160
74, 96
74, 289
74, 161
74, 97
74, 162
74, 98
74, 227
74, 163
74, 99
74, 228
74, 164
74, 100
74, 229
74, 165
74, 101
74, 230
74, 166
74, 102
74, 231
74, 167
74, 232
74, 168
74, 233
74, 169
74, 234
74, 170
74, 235
74, 236
74, 108
74, 237
74, 109
74, 238
74, 110
74, 111
74, 176
74, 112
74, 177
74, 113
74, 178
74, 114
74, 179
74, 115
74, 244
74, 180
74, 116
74, 245
74, 181
74, 117
74, 246
74, 182
74, 118
74, 247
74, 183
74, 119
74, 248
74, 184
74, 249
74, 185
74, 250
74, 186
74, 251
74, 187
74, 252
74, 253
74, 125
74, 254
74, 126
74, 255
74, 127
202, 203
202, 204
202, 270
202, 271
202, 272
202, 219
202, 220
202, 221
202, 287
202, 288
202, 289
202, 236
202, 237
202, 238
202, 253
202, 254
202, 255
75, 128
75, 129
75, 194
75, 130
75, 195
75, 131
75, 196
75, 132
75, 197
75, 133
75, 262
75, 198
75, 134
75, 263
75, 199
75, 135
75, 264
75, 200
75, 136
75, 265
75, 201
75, 266
75, 202
75, 267
75, 203
75, 268
75, 204
75, 76
75, 269
75, 77
75, 270
75, 78
75, 271
75, 143
75, 79
75, 272
75, 144
75, 80
75, 145
75, 81
75, 146
75, 82
75, 211
75, 147
75, 83
75, 212
75, 148
75, 84
75, 213
75, 149
75, 85
75, 214
75, 150
75, 279
75, 215
75, 151
75, 280
75, 216
75, 152
75, 281
75, 217
75, 153
75, 282
75, 218
75, 283
75, 219
75, 284
75, 220
75, 92
75, 285
75, 221
75, 93
75, 286
75, 94
75, 287
75, 95
75, 288
75, 160
75, 96
75, 289
75, 161
75, 97
75, 162
75, 98
75, 163
75, 99
75, 228
75, 164
75, 100
75, 229
75, 165
75, 101
75, 230
75, 166
75, 102
75, 231
75, 167
75, 232
75, 168
75, 233
75, 169
75, 234
75, 170
75, 235
75, 236
75, 237
75, 109
75, 238
75, 110
75, 111
75, 112
75, 177
75, 113
75, 178
75, 114
75, 179
75, 115
75, 180
75, 116
75, 245
75, 181
75, 117
75, 246
75, 182
75, 118
75, 247
75, 183
75, 119
75, 248
75, 184
75, 249
75, 185
75, 250
75, 186
75, 251
75, 187
75, 252
75, 253
75, 254
75, 126
75, 255
75, 127
203, 204
203, 271
203, 272
203, 220
203, 221
203, 288
203, 289
203, 237
203, 238
203, 254
203, 255
204, 289
204, 272
204, 255
204, 238
204, 221
76, 128
76, 129
76, 130
76, 195
76, 131
76, 196
76, 132
76, 197
76, 133
76, 198
76, 134
76, 263
76, 199
76, 135
76, 264
76, 200
76, 136
76, 265
76, 201
76, 266
76, 202
76, 267
76, 203
76, 268
76, 204
76, 269
76, 77
76, 270
76, 78
76, 271
76, 79
76, 272
76, 144
76, 80
76, 145
76, 81
76, 146
76, 82
76, 147
76, 83
76, 212
76, 148
76, 84
76, 213
76, 149
76, 85
76, 214
76, 150
76, 215
76, 151
76, 280
76, 216
76, 152
76, 281
76, 217
76, 153
76, 282
76, 218
76, 283
76, 219
76, 284
76, 220
76, 285
76, 221
76, 93
76, 286
76, 94
76, 287
76, 95
76, 288
76, 96
76, 289
76, 161
76, 97
76, 162
76, 98
76, 163
76, 99
76, 164
76, 100
76, 229
76, 165
76, 101
76, 230
76, 166
76, 102
76, 231
76, 167
76, 232
76, 168
76, 233
76, 169
76, 234
76, 170
76, 235
76, 236
76, 237
76, 238
76, 110
76, 111
76, 112
76, 113
76, 178
76, 114
76, 179
76, 115
76, 180
76, 116
76, 181
76, 117
76, 246
76, 182
76, 118
76, 247
76, 183
76, 119
76, 248
76, 184
76, 249
76, 185
76, 250
76, 186
76, 251
76, 187
76, 252
76, 253
76, 254
76, 255
76, 127
77, 128
77, 129
77, 130
77, 131
77, 196
77, 132
77, 197
77, 133
77, 198
77, 134
77, 199
77, 135
77, 264
77, 200
77, 136
77, 265
77, 201
77, 266
77, 202
77, 267
77, 203
77, 268
77, 204
77, 269
77, 270
77, 78
77, 271
77, 79
77, 272
77, 80
77, 145
77, 81
77, 146
77, 82
77, 147
77, 83
77, 148
77, 84
77, 213
77, 149
77, 85
77, 214
77, 150
77, 215
77, 151
77, 216
77, 152
77, 281
77, 217
77, 153
77, 282
77, 218
77, 283
77, 219
77, 284
77, 220
77, 285
77, 221
77, 286
77, 94
77, 287
77, 95
77, 288
77, 96
77, 289
77, 97
77, 162
77, 98
77, 163
77, 99
77, 164
77, 100
77, 165
77, 101
77, 230
77, 166
77, 102
77, 231
77, 167
77, 232
77, 168
77, 233
77, 169
77, 234
77, 170
77, 235
77, 236
77, 237
77, 238
77, 111
77, 112
77, 113
77, 114
77, 179
77, 115
77, 180
77, 116
77, 181
77, 117
77, 182
77, 118
77, 247
77, 183
77, 119
77, 248
77, 184
77, 249
77, 185
77, 250
77, 186
77, 251
77, 187
77, 252
77, 253
77, 254
77, 255
205, 256
205, 257
205, 258
205, 259
205, 260
205, 261
205, 262
205, 263
205, 264
205, 265
205, 266
205, 267
205, 268
205, 269
205, 270
205, 206
205, 271
205, 207
205, 272
205, 208
205, 273
205, 209
205, 274
205, 210
205, 275
205, 211
205, 276
205, 212
205, 277
205, 213
205, 278
205, 214
205, 279
205, 215
205, 280
205, 216
205, 281
205, 217
205, 282
205, 218
205, 283
205, 219
205, 284
205, 220
205, 285
205, 221
205, 286
205, 222
205, 287
205, 223
205, 288
205, 224
205, 289
205, 225
205, 226
205, 227
205, 228
205, 229
205, 230
205, 231
205, 232
205, 233
205, 234
205, 235
205, 236
205, 237
205, 238
205, 239
205, 240
205, 241
205, 242
205, 243
205, 244
205, 245
205, 246
205, 247
205, 248
205, 249
205, 250
205, 251
205, 252
205, 253
205, 254
205, 255
78, 129
78, 130
78, 131
78, 132
78, 197
78, 133
78, 198
78, 134
78, 199
78, 135
78, 200
78, 136
78, 265
78, 201
78, 266
78, 202
78, 267
78, 203
78, 268
78, 204
78, 269
78, 270
78, 271
78, 79
78, 272
78, 80
78, 81
78, 146
78, 82
78, 147
78, 83
78, 148
78, 84
78, 149
78, 85
78, 214
78, 150
78, 215
78, 151
78, 216
78, 152
78, 217
78, 153
78, 282
78, 218
78, 283
78, 219
78, 284
78, 220
78, 285
78, 221
78, 286
78, 287
78, 95
78, 288
78, 96
78, 289
78, 97
78, 98
78, 163
78, 99
78, 164
78, 100
78, 165
78, 101
78, 166
78, 102
78, 231
78, 167
78, 232
78, 168
78, 233
78, 169
78, 234
78, 170
78, 235
78, 236
78, 237
78, 238
78, 112
78, 113
78, 114
78, 115
78, 180
78, 116
78, 181
78, 117
78, 182
78, 118
78, 183
78, 119
78, 248
78, 184
78, 249
78, 185
78, 250
78, 186
78, 251
78, 187
78, 252
78, 253
78, 254
78, 255
206, 257
206, 258
206, 259
206, 260
206, 261
206, 262
206, 263
206, 264
206, 265
206, 266
206, 267
206, 268
206, 269
206, 270
206, 271
206, 207
206, 272
206, 208
206, 209
206, 274
206, 210
206, 275
206, 211
206, 276
206, 212
206, 277
206, 213
206, 278
206, 214
206, 279
206, 215
206, 280
206, 216
206, 281
206, 217
206, 282
206, 218
206, 283
206, 219
206, 284
206, 220
206, 285
206, 221
206, 286
206, 287
206, 223
206, 288
206, 224
206, 289
206, 225
206, 226
206, 227
206, 228
206, 229
206, 230
206, 231
206, 232
206, 233
206, 234
206, 235
206, 236
206, 237
206, 238
206, 240
206, 241
206, 242
206, 243
206, 244
206, 245
206, 246
206, 247
206, 248
206, 249
206, 250
206, 251
206, 252
206, 253
206, 254
206, 255
79, 130
79, 131
79, 132
79, 133
79, 198
79, 134
79, 199
79, 135
79, 200
79, 136
79, 201
79, 266
79, 202
79, 267
79, 203
79, 268
79, 204
79, 269
79, 270
79, 271
79, 272
79, 80
79, 81
79, 82
79, 147
79, 83
79, 148
79, 84
79, 149
79, 85
79, 150
79, 215
79, 151
79, 216
79, 152
79, 217
79, 153
79, 218
79, 283
79, 219
79, 284
79, 220
79, 285
79, 221
79, 286
79, 287
79, 288
79, 96
79, 289
79, 97
79, 98
79, 99
79, 164
79, 100
79, 165
79, 101
79, 166
79, 102
79, 167
79, 232
79, 168
79, 233
79, 169
79, 234
79, 170
79, 235
79, 236
79, 237
79, 238
79, 113
79, 114
79, 115
79, 116
79, 181
79, 117
79, 182
79, 118
79, 183
79, 119
79, 184
79, 249
79, 185
79, 250
79, 186
79, 251
79, 187
79, 252
79, 253
79, 254
79, 255
207, 258
207, 259
207, 260
207, 261
207, 262
207, 263
207, 264
207, 265
207, 266
207, 267
207, 268
207, 269
207, 270
207, 271
207, 272
207, 208
207, 209
207, 210
207, 275
207, 211
207, 276
207, 212
207, 277
207, 213
207, 278
207, 214
207, 279
207, 215
207, 280
207, 216
207, 281
207, 217
207, 282
207, 218
207, 283
207, 219
207, 284
207, 220
207, 285
207, 221
207, 286
207, 287
207, 288
207, 224
207, 289
207, 225
207, 226
207, 227
207, 228
207, 229
207, 230
207, 231
207, 232
207, 233
207, 234
207, 235
207, 236
207, 237
207, 238
207, 241
207, 242
207, 243
207, 244
207, 245
207, 246
207, 247
207, 248
207, 249
207, 250
207, 251
207, 252
207, 253
207, 254
207, 255
80, 131
80, 132
80, 133
80, 134
80, 199
80, 135
80, 200
80, 136
80, 201
80, 202
80, 267
80, 203
80, 268
80, 204
80, 269
80, 270
80, 271
80, 272
80, 81
80, 82
80, 83
80, 148
80, 84
80, 149
80, 85
80, 150
80, 151
80, 216
80, 152
80, 217
80, 153
80, 218
80, 219
80, 284
80, 220
80, 285
80, 221
80, 286
80, 287
80, 288
80, 289
80, 97
80, 98
80, 99
80, 100
80, 165
80, 101
80, 166
80, 102
80, 167
80, 168
80, 233
80, 169
80, 234
80, 170
80, 235
80, 236
80, 237
80, 238
80, 114
80, 115
80, 116
80, 117
80, 182
80, 118
80, 183
80, 119
80, 184
80, 185
80, 250
80, 186
80, 251
80, 187
80, 252
80, 253
80, 254
80, 255
208, 259
208, 260
208, 261
208, 262
208, 263
208, 264
208, 265
208, 266
208, 267
208, 268
208, 269
208, 270
208, 271
208, 272
208, 209
208, 210
208, 211
208, 276
208, 212
208, 277
208, 213
208, 278
208, 214
208, 279
208, 215
208, 280
208, 216
208, 281
208, 217
208, 282
208, 218
208, 283
208, 219
208, 284
208, 220
208, 285
208, 221
208, 286
208, 287
208, 288
208, 289
208, 225
208, 226
208, 227
208, 228
208, 229
208, 230
208, 231
208, 232
208, 233
208, 234
208, 235
208, 236
208, 237
208, 238
208, 242
208, 243
208, 244
208, 245
208, 246
208, 247
208, 248
208, 249
208, 250
208, 251
208, 252
208, 253
208, 254
208, 255
81, 132
81, 133
81, 134
81, 135
81, 200
81, 136
81, 201
81, 202
81, 203
81, 268
81, 204
81, 269
81, 270
81, 271
81, 272
81, 82
81, 83
81, 84
81, 149
81, 85
81, 150
81, 151
81, 152
81, 217
81, 153
81, 218
81, 219
81, 220
81, 285
81, 221
81, 286
81, 287
81, 288
81, 289
81, 98
81, 99
81, 100
81, 101
81, 166
81, 102
81, 167
81, 168
81, 169
81, 234
81, 170
81, 235
81, 236
81, 237
81, 238
81, 115
81, 116
81, 117
81, 118
81, 183
81, 119
81, 184
81, 185
81, 186
81, 251
81, 187
81, 252
81, 253
81, 254
81, 255
209, 260
209, 261
209, 262
209, 263
209, 264
209, 265
209, 266
209, 267
209, 268
209, 269
209, 270
209, 271
209, 272
209, 210
209, 211
209, 212
209, 277
209, 213
209, 278
209, 214
209, 279
209, 215
209, 280
209, 216
209, 281
209, 217
209, 282
209, 218
209, 283
209, 219
209, 284
209, 220
209, 285
209, 221
209, 286
209, 287
209, 288
209, 289
209, 226
209, 227
209, 228
209, 229
209, 230
209, 231
209, 232
209, 233
209, 234
209, 235
209, 236
209, 237
209, 238
209, 243
209, 244
209, 245
209, 246
209, 247
209, 248
209, 249
209, 250
209, 251
209, 252
209, 253
209, 254
209, 255
82, 133
82, 134
82, 135
82, 136
82, 201
82, 202
82, 203
82, 204
82, 269
82, 270
82, 271
82, 272
82, 83
82, 84
82, 85
82, 150
82, 151
82, 152
82, 153
82, 218
82, 219
82, 220
82, 221
82, 286
82, 287
82, 288
82, 289
82, 99
82, 100
82, 101
82, 102
82, 167
82, 168
82, 169
82, 170
82, 235
82, 236
82, 237
82, 238
82, 116
82, 117
82, 118
82, 119
82, 184
82, 185
82, 186
82, 187
82, 252
82, 253
82, 254
82, 255
210, 261
210, 262
210, 263
210, 264
210, 265
210, 266
210, 267
210, 268
210, 269
210, 270
210, 271
210, 272
210, 211
210, 212
210, 213
210, 278
210, 214
210, 279
210, 215
210, 280
210, 216
210, 281
210, 217
210, 282
210, 218
210, 283
210, 219
210, 284
210, 220
210, 285
210, 221
210, 286
210, 287
210, 288
210, 289
210, 227
210, 228
210, 229
210, 230
210, 231
210, 232
210, 233
210, 234
210, 235
210, 236
210, 237
210, 238
210, 244
210, 245
210, 246
210, 247
210, 248
210, 249
210, 250
210, 251
210, 252
210, 253
210, 254
210, 255
83, 134
83, 135
83, 136
83, 202
83, 203
83, 204
83, 270
83, 271
83, 272
83, 84
83, 85
83, 151
83, 152
83, 153
83, 219
83, 220
83, 221
83, 287
83, 288
83, 289
83, 100
83, 101
83, 102
83, 168
83, 169
83, 170
83, 236
83, 237
83, 238
83, 117
83, 118
83, 119
83, 185
83, 186
83, 187
83, 253
83, 254
83, 255
211, 262
211, 263
211, 264
211, 265
211, 266
211, 267
211, 268
211, 269
211, 270
211, 271
211, 272
211, 212
211, 213
211, 214
211, 279
211, 215
211, 280
211, 216
211, 281
211, 217
211, 282
211, 218
211, 283
211, 219
211, 284
211, 220
211, 285
211, 221
211, 286
211, 287
211, 288
211, 289
211, 228
211, 229
211, 230
211, 231
211, 232
211, 233
211, 234
211, 235
211, 236
211, 237
211, 238
211, 245
211, 246
211, 247
211, 248
211, 249
211, 250
211, 251
211, 252
211, 253
211, 254
211, 255
84, 135
84, 136
84, 203
84, 204
84, 271
84, 272
84, 85
84, 152
84, 153
84, 220
84, 221
84, 288
84, 289
84, 101
84, 102
84, 169
84, 170
84, 237
84, 238
84, 118
84, 119
84, 186
84, 187
84, 254
84, 255
212, 263
212, 264
212, 265
212, 266
212, 267
212, 268
212, 269
212, 270
212, 271
212, 272
212, 213
212, 214
212, 215
212, 280
212, 216
212, 281
212, 217
212, 282
212, 218
212, 283
212, 219
212, 284
212, 220
212, 285
212, 221
212, 286
212, 287
212, 288
212, 289
212, 229
212, 230
212, 231
212, 232
212, 233
212, 234
212, 235
212, 236
212, 237
212, 238
212, 246
212, 247
212, 248
212, 249
212, 250
212, 251
212, 252
212, 253
212, 254
212, 255
85, 136
85, 204
85, 272
85, 153
85, 221
85, 289
85, 102
85, 170
85, 238
85, 119
85, 187
85, 255
213, 264
213, 265
213, 266
213, 267
213, 268
213, 269
213, 270
213, 271
213, 272
213, 214
213, 215
213, 216
213, 281
213, 217
213, 282
213, 218
213, 283
213, 219
213, 284
213, 220
213, 285
213, 221
213, 286
213, 287
213, 288
213, 289
213, 230
213, 231
213, 232
213, 233
213, 234
213, 235
213, 236
213, 237
213, 238
213, 247
213, 248
213, 249
213, 250
213, 251
213, 252
213, 253
213, 254
213, 255
86, 256
86, 192
86, 128
86, 257
86, 193
86, 129
86, 258
86, 194
86, 130
86, 259
86, 195
86, 131
86, 260
86, 196
86, 132
86, 261
86, 197
86, 133
86, 262
86, 198
86, 134
86, 263
86, 199
86, 135
86, 264
86, 200
86, 136
86, 265
86, 201
86, 137
86, 266
86, 202
86, 138
86, 267
86, 203
86, 139
86, 268
86, 204
86, 140
86, 269
86, 205
86, 141
86, 270
86, 206
86, 142
86, 271
86, 207
86, 143
86, 272
86, 208
86, 144
86, 273
86, 209
86, 145
86, 274
86, 210
86, 146
86, 275
86, 211
86, 147
86, 276
86, 212
86, 148
86, 277
86, 213
86, 149
86, 278
86, 214
86, 150
86, 279
86, 215
86, 151
86, 87
86, 280
86, 216
86, 152
86, 88
86, 281
86, 217
86, 153
86, 89
86, 282
86, 218
86, 154
86, 90
86, 283
86, 219
86, 155
86, 91
86, 284
86, 220
86, 156
86, 92
86, 285
86, 221
86, 157
86, 93
86, 286
86, 222
86, 158
86, 94
86, 287
86, 223
86, 159
86, 95
86, 288
86, 224
86, 160
86, 96
86, 289
86, 225
86, 161
86, 97
86, 226
86, 162
86, 98
86, 227
86, 163
86, 99
86, 228
86, 164
86, 100
86, 229
86, 165
86, 101
86, 230
86, 166
86, 102
86, 231
86, 167
86, 103
86, 232
86, 168
86, 104
86, 233
86, 169
86, 105
86, 234
86, 170
86, 106
86, 235
86, 171
86, 107
86, 236
86, 172
86, 108
86, 237
86, 173
86, 109
86, 238
86, 174
86, 110
86, 239
86, 175
86, 111
86, 240
86, 176
86, 112
86, 241
86, 177
86, 113
86, 242
86, 178
86, 114
86, 243
86, 179
86, 115
86, 244
86, 180
86, 116
86, 245
86, 181
86, 117
86, 246
86, 182
86, 118
86, 247
86, 183
86, 119
86, 248
86, 184
86, 120
86, 249
86, 185
86, 121
86, 250
86, 186
86, 122
86, 251
86, 187
86, 123
86, 252
86, 188
86, 124
86, 253
86, 189
86, 125
86, 254
86, 190
86, 126
86, 255
86, 191
86, 127
214, 265
214, 266
214, 267
214, 268
214, 269
214, 270
214, 271
214, 272
214, 215
214, 216
214, 217
214, 282
214, 218
214, 283
214, 219
214, 284
214, 220
214, 285
214, 221
214, 286
214, 287
214, 288
214, 289
214, 231
214, 232
214, 233
214, 234
214, 235
214, 236
214, 237
214, 238
214, 248
214, 249
214, 250
214, 251
214, 252
214, 253
214, 254
214, 255
87, 192
87, 128
87, 257
87, 193
87, 129
87, 258
87, 194
87, 130
87, 259
87, 195
87, 131
87, 260
87, 196
87, 132
87, 261
87, 197
87, 133
87, 262
87, 198
87, 134
87, 263
87, 199
87, 135
87, 264
87, 200
87, 136
87, 265
87, 201
87, 266
87, 202
87, 138
87, 267
87, 203
87, 139
87, 268
87, 204
87, 140
87, 269
87, 141
87, 270
87, 206
87, 142
87, 271
87, 207
87, 143
87, 272
87, 208
87, 144
87, 209
87, 145
87, 274
87, 210
87, 146
87, 275
87, 211
87, 147
87, 276
87, 212
87, 148
87, 277
87, 213
87, 149
87, 278
87, 214
87, 150
87, 279
87, 215
87, 151
87, 280
87, 216
87, 152
87, 88
87, 281
87, 217
87, 153
87, 89
87, 282
87, 218
87, 90
87, 283
87, 219
87, 155
87, 91
87, 284
87, 220
87, 156
87, 92
87, 285
87, 221
87, 157
87, 93
87, 286
87, 158
87, 94
87, 287
87, 223
87, 159
87, 95
87, 288
87, 224
87, 160
87, 96
87, 289
87, 225
87, 161
87, 97
87, 226
87, 162
87, 98
87, 227
87, 163
87, 99
87, 228
87, 164
87, 100
87, 229
87, 165
87, 101
87, 230
87, 166
87, 102
87, 231
87, 167
87, 232
87, 168
87, 104
87, 233
87, 169
87, 105
87, 234
87, 170
87, 106
87, 235
87, 107
87, 236
87, 172
87, 108
87, 237
87, 173
87, 109
87, 238
87, 174
87, 110
87, 175
87, 111
87, 240
87, 176
87, 112
87, 241
87, 177
87, 113
87, 242
87, 178
87, 114
87, 243
87, 179
87, 115
87, 244
87, 180
87, 116
87, 245
87, 181
87, 117
87, 246
87, 182
87, 118
87, 247
87, 183
87, 119
87, 248
87, 184
87, 249
87, 185
87, 121
87, 250
87, 186
87, 122
87, 251
87, 187
87, 123
87, 252
87, 124
87, 253
87, 189
87, 125
87, 254
87, 190
87, 126
87, 255
87, 191
87, 127
215, 266
215, 267
215, 268
215, 269
215, 270
215, 271
215, 272
215, 216
215, 217
215, 218
215, 283
215, 219
215, 284
215, 220
215, 285
215, 221
215, 286
215, 287
215, 288
215, 289
215, 232
215, 233
215, 234
215, 235
215, 236
215, 237
215, 238
215, 249
215, 250
215, 251
215, 252
215, 253
215, 254
215, 255
88, 192
88, 128
88, 193
88, 129
88, 258
88, 194
88, 130
88, 259
88, 195
88, 131
88, 260
88, 196
88, 132
88, 261
88, 197
88, 133
88, 262
88, 198
88, 134
88, 263
88, 199
88, 135
88, 264
88, 200
88, 136
88, 265
88, 201
88, 266
88, 202
88, 267
88, 203
88, 139
88, 268
88, 204
88, 140
88, 269
88, 141
88, 270
88, 142
88, 271
88, 207
88, 143
88, 272
88, 208
88, 144
88, 209
88, 145
88, 210
88, 146
88, 275
88, 211
88, 147
88, 276
88, 212
88, 148
88, 277
88, 213
88, 149
88, 278
88, 214
88, 150
88, 279
88, 215
88, 151
88, 280
88, 216
88, 152
88, 281
88, 217
88, 153
88, 89
88, 282
88, 218
88, 90
88, 283
88, 219
88, 91
88, 284
88, 220
88, 156
88, 92
88, 285
88, 221
88, 157
88, 93
88, 286
88, 158
88, 94
88, 287
88, 159
88, 95
88, 288
88, 224
88, 160
88, 96
88, 289
88, 225
88, 161
88, 97
88, 226
88, 162
88, 98
88, 227
88, 163
88, 99
88, 228
88, 164
88, 100
88, 229
88, 165
88, 101
88, 230
88, 166
88, 102
88, 231
88, 167
88, 232
88, 168
88, 233
88, 169
88, 105
88, 234
88, 170
88, 106
88, 235
88, 107
88, 236
88, 108
88, 237
88, 173
88, 109
88, 238
88, 174
88, 110
88, 175
88, 111
88, 176
88, 112
88, 241
88, 177
88, 113
88, 242
88, 178
88, 114
88, 243
88, 179
88, 115
88, 244
88, 180
88, 116
88, 245
88, 181
88, 117
88, 246
88, 182
88, 118
88, 247
88, 183
88, 119
88, 248
88, 184
88, 249
88, 185
88, 250
88, 186
88, 122
88, 251
88, 187
88, 123
88, 252
88, 124
88, 253
88, 125
88, 254
88, 190
88, 126
88, 255
88, 191
88, 127
216, 267
216, 268
216, 269
216, 270
216, 271
216, 272
216, 217
216, 218
216, 219
216, 284
216, 220
216, 285
216, 221
216, 286
216, 287
216, 288
216, 289
216, 233
216, 234
216, 235
216, 236
216, 237
216, 238
216, 250
216, 251
216, 252
216, 253
216, 254
216, 255
89, 192
89, 128
89, 193
89, 129
89, 194
89, 130
89, 259
89, 195
89, 131
89, 260
89, 196
89, 132
89, 261
89, 197
89, 133
89, 262
89, 198
89, 134
89, 263
89, 199
89, 135
89, 264
89, 200
89, 136
89, 265
89, 201
89, 266
89, 202
89, 267
89, 203
89, 268
89, 204
89, 140
89, 269
89, 141
89, 270
89, 142
89, 271
89, 143
89, 272
89, 208
89, 144
89, 209
89, 145
89, 210
89, 146
89, 211
89, 147
89, 276
89, 212
89, 148
89, 277
89, 213
89, 149
89, 278
89, 214
89, 150
89, 279
89, 215
89, 151
89, 280
89, 216
89, 152
89, 281
89, 217
89, 153
89, 282
89, 218
89, 90
89, 283
89, 219
89, 91
89, 284
89, 220
89, 92
89, 285
89, 221
89, 157
89, 93
89, 286
89, 158
89, 94
89, 287
89, 159
89, 95
89, 288
89, 160
89, 96
89, 289
89, 225
89, 161
89, 97
89, 226
89, 162
89, 98
89, 227
89, 163
89, 99
89, 228
89, 164
89, 100
89, 229
89, 165
89, 101
89, 230
89, 166
89, 102
89, 231
89, 167
89, 232
89, 168
89, 233
89, 169
89, 234
89, 170
89, 106
89, 235
89, 107
89, 236
89, 108
89, 237
89, 109
89, 238
89, 174
89, 110
89, 175
89, 111
89, 176
89, 112
89, 177
89, 113
89, 242
89, 178
89, 114
89, 243
89, 179
89, 115
89, 244
89, 180
89, 116
89, 245
89, 181
89, 117
89, 246
89, 182
89, 118
89, 247
89, 183
89, 119
89, 248
89, 184
89, 249
89, 185
89, 250
89, 186
89, 251
89, 187
89, 123
89, 252
89, 124
89, 253
89, 125
89, 254
89, 126
89, 255
89, 191
89, 127
217, 268
217, 269
217, 270
217, 271
217, 272
217, 218
217, 219
217, 220
217, 285
217, 221
217, 286
217, 287
217, 288
217, 289
217, 234
217, 235
217, 236
217, 237
217, 238
217, 251
217, 252
217, 253
217, 254
217, 255
90, 192
90, 128
90, 193
90, 129
90, 194
90, 130
90, 195
90, 131
90, 260
90, 196
90, 132
90, 261
90, 197
90, 133
90, 262
90, 198
90, 134
90, 263
90, 199
90, 135
90, 264
90, 200
90, 136
90, 265
90, 201
90, 266
90, 202
90, 267
90, 203
90, 268
90, 204
90, 269
90, 141
90, 270
90, 142
90, 271
90, 143
90, 272
90, 144
90, 209
90, 145
90, 210
90, 146
90, 211
90, 147
90, 212
90, 148
90, 277
90, 213
90, 149
90, 278
90, 214
90, 150
90, 279
90, 215
90, 151
90, 280
90, 216
90, 152
90, 281
90, 217
90, 153
90, 282
90, 218
90, 283
90, 219
90, 91
90, 284
90, 220
90, 92
90, 285
90, 221
90, 93
90, 286
90, 158
90, 94
90, 287
90, 159
90, 95
90, 288
90, 160
90, 96
90, 289
90, 161
90, 97
90, 226
90, 162
90, 98
90, 227
90, 163
90, 99
90, 228
90, 164
90, 100
90, 229
90, 165
90, 101
90, 230
90, 166
90, 102
90, 231
90, 167
90, 232
90, 168
90, 233
90, 169
90, 234
90, 170
90, 235
90, 107
90, 236
90, 108
90, 237
90, 109
90, 238
90, 110
90, 175
90, 111
90, 176
90, 112
90, 177
90, 113
90, 178
90, 114
90, 243
90, 179
90, 115
90, 244
90, 180
90, 116
90, 245
90, 181
90, 117
90, 246
90, 182
90, 118
90, 247
90, 183
90, 119
90, 248
90, 184
90, 249
90, 185
90, 250
90, 186
90, 251
90, 187
90, 252
90, 124
90, 253
90, 125
90, 254
90, 126
90, 255
90, 127
218, 269
218, 270
218, 271
218, 272
218, 219
218, 220
218, 221
218, 286
218, 287
218, 288
218, 289
218, 235
218, 236
218, 237
218, 238
218, 252
218, 253
218, 254
218, 255
91, 128
91, 193
91, 129
91, 194
91, 130
91, 195
91, 131
91, 196
91, 132
91, 261
91, 197
91, 133
91, 262
91, 198
91, 134
91, 263
91, 199
91, 135
91, 264
91, 200
91, 136
91, 265
91, 201
91, 266
91, 202
91, 267
91, 203
91, 268
91, 204
91, 269
91, 270
91, 142
91, 271
91, 143
91, 272
91, 144
91, 145
91, 210
91, 146
91, 211
91, 147
91, 212
91, 148
91, 213
91, 149
91, 278
91, 214
91, 150
91, 279
91, 215
91, 151
91, 280
91, 216
91, 152
91, 281
91, 217
91, 153
91, 282
91, 218
91, 283
91, 219
91, 284
91, 220
91, 92
91, 285
91, 221
91, 93
91, 286
91, 94
91, 287
91, 159
91, 95
91, 288
91, 160
91, 96
91, 289
91, 161
91, 97
91, 162
91, 98
91, 227
91, 163
91, 99
91, 228
91, 164
91, 100
91, 229
91, 165
91, 101
91, 230
91, 166
91, 102
91, 231
91, 167
91, 232
91, 168
91, 233
91, 169
91, 234
91, 170
91, 235
91, 236
91, 108
91, 237
91, 109
91, 238
91, 110
91, 111
91, 176
91, 112
91, 177
91, 113
91, 178
91, 114
91, 179
91, 115
91, 244
91, 180
91, 116
91, 245
91, 181
91, 117
91, 246
91, 182
91, 118
91, 247
91, 183
91, 119
91, 248
91, 184
91, 249
91, 185
91, 250
91, 186
91, 251
91, 187
91, 252
91, 253
91, 125
91, 254
91, 126
91, 255
91, 127
219, 270
219, 271
219, 272
219, 220
219, 221
219, 287
219, 288
219, 289
219, 236
219, 237
219, 238
219, 253
219, 254
219, 255
92, 128
92, 129
92, 194
92, 130
92, 195
92, 131
92, 196
92, 132
92, 197
92, 133
92, 262
92, 198
92, 134
92, 263
92, 199
92, 135
92, 264
92, 200
92, 136
92, 265
92, 201
92, 266
92, 202
92, 267
92, 203
92, 268
92, 204
92, 269
92, 270
92, 271
92, 143
92, 272
92, 144
92, 145
92, 146
92, 211
92, 147
92, 212
92, 148
92, 213
92, 149
92, 214
92, 150
92, 279
92, 215
92, 151
92, 280
92, 216
92, 152
92, 281
92, 217
92, 153
92, 282
92, 218
92, 283
92, 219
92, 284
92, 220
92, 285
92, 221
92, 93
92, 286
92, 94
92, 287
92, 95
92, 288
92, 160
92, 96
92, 289
92, 161
92, 97
92, 162
92, 98
92, 163
92, 99
92, 228
92, 164
92, 100
92, 229
92, 165
92, 101
92, 230
92, 166
92, 102
92, 231
92, 167
92, 232
92, 168
92, 233
92, 169
92, 234
92, 170
92, 235
92, 236
92, 237
92, 109
92, 238
92, 110
92, 111
92, 112
92, 177
92, 113
92, 178
92, 114
92, 179
92, 115
92, 180
92, 116
92, 245
92, 181
92, 117
92, 246
92, 182
92, 118
92, 247
92, 183
92, 119
92, 248
92, 184
92, 249
92, 185
92, 250
92, 186
92, 251
92, 187
92, 252
92, 253
92, 254
92, 126
92, 255
92, 127
220, 271
220, 272
220, 221
220, 288
220, 289
220, 237
220, 238
220, 254
220, 255
221, 289
221, 272
221, 255
221, 238
93, 128
93, 129
93, 130
93, 195
93, 131
93, 196
93, 132
93, 197
93, 133
93, 198
93, 134
93, 263
93, 199
93, 135
93, 264
93, 200
93, 136
93, 265
93, 201
93, 266
93, 202
93, 267
93, 203
93, 268
93, 204
93, 269
93, 270
93, 271
93, 272
93, 144
93, 145
93, 146
93, 147
93, 212
93, 148
93, 213
93, 149
93, 214
93, 150
93, 215
93, 151
93, 280
93, 216
93, 152
93, 281
93, 217
93, 153
93, 282
93, 218
93, 283
93, 219
93, 284
93, 220
93, 285
93, 221
93, 286
93, 94
93, 287
93, 95
93, 288
93, 96
93, 289
93, 161
93, 97
93, 162
93, 98
93, 163
93, 99
93, 164
93, 100
93, 229
93, 165
93, 101
93, 230
93, 166
93, 102
93, 231
93, 167
93, 232
93, 168
93, 233
93, 169
93, 234
93, 170
93, 235
93, 236
93, 237
93, 238
93, 110
93, 111
93, 112
93, 113
93, 178
93, 114
93, 179
93, 115
93, 180
93, 116
93, 181
93, 117
93, 246
93, 182
93, 118
93, 247
93, 183
93, 119
93, 248
93, 184
93, 249
93, 185
93, 250
93, 186
93, 251
93, 187
93, 252
93, 253
93, 254
93, 255
93, 127
94, 128
94, 129
94, 130
94, 131
94, 196
94, 132
94, 197
94, 133
94, 198
94, 134
94, 199
94, 135
94, 264
94, 200
94, 136
94, 265
94, 201
94, 266
94, 202
94, 267
94, 203
94, 268
94, 204
94, 269
94, 270
94, 271
94, 272
94, 145
94, 146
94, 147
94, 148
94, 213
94, 149
94, 214
94, 150
94, 215
94, 151
94, 216
94, 152
94, 281
94, 217
94, 153
94, 282
94, 218
94, 283
94, 219
94, 284
94, 220
94, 285
94, 221
94, 286
94, 287
94, 95
94, 288
94, 96
94, 289
94, 97
94, 162
94, 98
94, 163
94, 99
94, 164
94, 100
94, 165
94, 101
94, 230
94, 166
94, 102
94, 231
94, 167
94, 232
94, 168
94, 233
94, 169
94, 234
94, 170
94, 235
94, 236
94, 237
94, 238
94, 111
94, 112
94, 113
94, 114
94, 179
94, 115
94, 180
94, 116
94, 181
94, 117
94, 182
94, 118
94, 247
94, 183
94, 119
94, 248
94, 184
94, 249
94, 185
94, 250
94, 186
94, 251
94, 187
94, 252
94, 253
94, 254
94, 255
222, 256
222, 257
222, 258
222, 259
222, 260
222, 261
222, 262
222, 263
222, 264
222, 265
222, 266
222, 267
222, 268
222, 269
222, 270
222, 271
222, 272
222, 273
222, 274
222, 275
222, 276
222, 277
222, 278
222, 279
222, 280
222, 281
222, 282
222, 283
222, 284
222, 285
222, 286
222, 287
222, 223
222, 288
222, 224
222, 289
222, 225
222, 226
222, 227
222, 228
222, 229
222, 230
222, 231
222, 232
222, 233
222, 234
222, 235
222, 236
222, 237
222, 238
222, 239
222, 240
222, 241
222, 242
222, 243
222, 244
222, 245
222, 246
222, 247
222, 248
222, 249
222, 250
222, 251
222, 252
222, 253
222, 254
222, 255
95, 129
95, 130
95, 131
95, 132
95, 197
95, 133
95, 198
95, 134
95, 199
95, 135
95, 200
95, 136
95, 265
95, 201
95, 266
95, 202
95, 267
95, 203
95, 268
95, 204
95, 269
95, 270
95, 271
95, 272
95, 146
95, 147
95, 148
95, 149
95, 214
95, 150
95, 215
95, 151
95, 216
95, 152
95, 217
95, 153
95, 282
95, 218
95, 283
95, 219
95, 284
95, 220
95, 285
95, 221
95, 286
95, 287
95, 288
95, 96
95, 289
95, 97
95, 98
95, 163
95, 99
95, 164
95, 100
95, 165
95, 101
95, 166
95, 102
95, 231
95, 167
95, 232
95, 168
95, 233
95, 169
95, 234
95, 170
95, 235
95, 236
95, 237
95, 238
95, 112
95, 113
95, 114
95, 115
95, 180
95, 116
95, 181
95, 117
95, 182
95, 118
95, 183
95, 119
95, 248
95, 184
95, 249
95, 185
95, 250
95, 186
95, 251
95, 187
95, 252
95, 253
95, 254
95, 255
223, 257
223, 258
223, 259
223, 260
223, 261
223, 262
223, 263
223, 264
223, 265
223, 266
223, 267
223, 268
223, 269
223, 270
223, 271
223, 272
223, 274
223, 275
223, 276
223, 277
223, 278
223, 279
223, 280
223, 281
223, 282
223, 283
223, 284
223, 285
223, 286
223, 287
223, 288
223, 224
223, 289
223, 225
223, 226
223, 227
223, 228
223, 229
223, 230
223, 231
223, 232
223, 233
223, 234
223, 235
223, 236
223, 237
223, 238
223, 240
223, 241
223, 242
223, 243
223, 244
223, 245
223, 246
223, 247
223, 248
223, 249
223, 250
223, 251
223, 252
223, 253
223, 254
223, 255
96, 130
96, 131
96, 132
96, 133
96, 198
96, 134
96, 199
96, 135
96, 200
96, 136
96, 201
96, 266
96, 202
96, 267
96, 203
96, 268
96, 204
96, 269
96, 270
96, 271
96, 272
96, 147
96, 148
96, 149
96, 150
96, 215
96, 151
96, 216
96, 152
96, 217
96, 153
96, 218
96, 283
96, 219
96, 284
96, 220
96, 285
96, 221
96, 286
96, 287
96, 288
96, 289
96, 97
96, 98
96, 99
96, 164
96, 100
96, 165
96, 101
96, 166
96, 102
96, 167
96, 232
96, 168
96, 233
96, 169
96, 234
96, 170
96, 235
96, 236
96, 237
96, 238
96, 113
96, 114
96, 115
96, 116
96, 181
96, 117
96, 182
96, 118
96, 183
96, 119
96, 184
96, 249
96, 185
96, 250
96, 186
96, 251
96, 187
96, 252
96, 253
96, 254
96, 255
224, 258
224, 259
224, 260
224, 261
224, 262
224, 263
224, 264
224, 265
224, 266
224, 267
224, 268
224, 269
224, 270
224, 271
224, 272
224, 275
224, 276
224, 277
224, 278
224, 279
224, 280
224, 281
224, 282
224, 283
224, 284
224, 285
224, 286
224, 287
224, 288
224, 289
224, 225
224, 226
224, 227
224, 228
224, 229
224, 230
224, 231
224, 232
224, 233
224, 234
224, 235
224, 236
224, 237
224, 238
224, 241
224, 242
224, 243
224, 244
224, 245
224, 246
224, 247
224, 248
224, 249
224, 250
224, 251
224, 252
224, 253
224, 254
224, 255
97, 131
97, 132
97, 133
97, 134
97, 199
97, 135
97, 200
97, 136
97, 201
97, 202
97, 267
97, 203
97, 268
97, 204
97, 269
97, 270
97, 271
97, 272
97, 148
97, 149
97, 150
97, 151
97, 216
97, 152
97, 217
97, 153
97, 218
97, 219
97, 284
97, 220
97, 285
97, 221
97, 286
97, 287
97, 288
97, 289
97, 98
97, 99
97, 100
97, 165
97, 101
97, 166
97, 102
97, 167
97, 168
97, 233
97, 169
97, 234
97, 170
97, 235
97, 236
97, 237
97, 238
97, 114
97, 115
97, 116
97, 117
97, 182
97, 118
97, 183
97, 119
97, 184
97, 185
97, 250
97, 186
97, 251
97, 187
97, 252
97, 253
97, 254
97, 255
225, 259
225, 260
225, 261
225, 262
225, 263
225, 264
225, 265
225, 266
225, 267
225, 268
225, 269
225, 270
225, 271
225, 272
225, 276
225, 277
225, 278
225, 279
225, 280
225, 281
225, 282
225, 283
225, 284
225, 285
225, 286
225, 287
225, 288
225, 289
225, 226
225, 227
225, 228
225, 229
225, 230
225, 231
225, 232
225, 233
225, 234
225, 235
225, 236
225, 237
225, 238
225, 242
225, 243
225, 244
225, 245
225, 246
225, 247
225, 248
225, 249
225, 250
225, 251
225, 252
225, 253
225, 254
225, 255
98, 132
98, 133
98, 134
98, 135
98, 200
98, 136
98, 201
98, 202
98, 203
98, 268
98, 204
98, 269
98, 270
98, 271
98, 272
98, 149
98, 150
98, 151
98, 152
98, 217
98, 153
98, 218
98, 219
98, 220
98, 285
98, 221
98, 286
98, 287
98, 288
98, 289
98, 99
98, 100
98, 101
98, 166
98, 102
98, 167
98, 168
98, 169
98, 234
98, 170
98, 235
98, 236
98, 237
98, 238
98, 115
98, 116
98, 117
98, 118
98, 183
98, 119
98, 184
98, 185
98, 186
98, 251
98, 187
98, 252
98, 253
98, 254
98, 255
226, 260
226, 261
226, 262
226, 263
226, 264
226, 265
226, 266
226, 267
226, 268
226, 269
226, 270
226, 271
226, 272
226, 277
226, 278
226, 279
226, 280
226, 281
226, 282
226, 283
226, 284
226, 285
226, 286
226, 287
226, 288
226, 289
226, 227
226, 228
226, 229
226, 230
226, 231
226, 232
226, 233
226, 234
226, 235
226, 236
226, 237
226, 238
226, 243
226, 244
226, 245
226, 246
226, 247
226, 248
226, 249
226, 250
226, 251
226, 252
226, 253
226, 254
226, 255
99, 133
99, 134
99, 135
99, 136
99, 201
99, 202
99, 203
99, 204
99, 269
99, 270
99, 271
99, 272
99, 150
99, 151
99, 152
99, 153
99, 218
99, 219
99, 220
99, 221
99, 286
99, 287
99, 288
99, 289
99, 100
99, 101
99, 102
99, 167
99, 168
99, 169
99, 170
99, 235
99, 236
99, 237
99, 238
99, 116
99, 117
99, 118
99, 119
99, 184
99, 185
99, 186
99, 187
99, 252
99, 253
99, 254
99, 255
227, 261
227, 262
227, 263
227, 264
227, 265
227, 266
227, 267
227, 268
227, 269
227, 270
227, 271
227, 272
227, 278
227, 279
227, 280
227, 281
227, 282
227, 283
227, 284
227, 285
227, 286
227, 287
227, 288
227, 289
227, 228
227, 229
227, 230
227, 231
227, 232
227, 233
227, 234
227, 235
227, 236
227, 237
227, 238
227, 244
227, 245
227, 246
227, 247
227, 248
227, 249
227, 250
227, 251
227, 252
227, 253
227, 254
227, 255
100, 134
100, 135
100, 136
100, 202
100, 203
100, 204
100, 270
100, 271
100, 272
100, 151
100, 152
100, 153
100, 219
100, 220
100, 221
100, 287
100, 288
100, 289
100, 101
100, 102
100, 168
100, 169
100, 170
100, 236
100, 237
100, 238
100, 117
100, 118
100, 119
100, 185
100, 186
100, 187
100, 253
100, 254
100, 255
228, 262
228, 263
228, 264
228, 265
228, 266
228, 267
228, 268
228, 269
228, 270
228, 271
228, 272
228, 279
228, 280
228, 281
228, 282
228, 283
228, 284
228, 285
228, 286
228, 287
228, 288
228, 289
228, 229
228, 230
228, 231
228, 232
228, 233
228, 234
228, 235
228, 236
228, 237
228, 238
228, 245
228, 246
228, 247
228, 248
228, 249
228, 250
228, 251
228, 252
228, 253
228, 254
228, 255
101, 135
101, 136
101, 203
101, 204
101, 271
101, 272
101, 152
101, 153
101, 220
101, 221
101, 288
101, 289
101, 102
101, 169
101, 170
101, 237
101, 238
101, 118
101, 119
101, 186
101, 187
101, 254
101, 255
229, 263
229, 264
229, 265
229, 266
229, 267
229, 268
229, 269
229, 270
229, 271
229, 272
229, 280
229, 281
229, 282
229, 283
229, 284
229, 285
229, 286
229, 287
229, 288
229, 289
229, 230
229, 231
229, 232
229, 233
229, 234
229, 235
229, 236
229, 237
229, 238
229, 246
229, 247
229, 248
229, 249
229, 250
229, 251
229, 252
229, 253
229, 254
229, 255
102, 136
102, 204
102, 272
102, 153
102, 221
102, 289
102, 170
102, 238
102, 119
102, 187
102, 255
230, 264
230, 265
230, 266
230, 267
230, 268
230, 269
230, 270
230, 271
230, 272
230, 281
230, 282
230, 283
230, 284
230, 285
230, 286
230, 287
230, 288
230, 289
230, 231
230, 232
230, 233
230, 234
230, 235
230, 236
230, 237
230, 238
230, 247
230, 248
230, 249
230, 250
230, 251
230, 252
230, 253
230, 254
230, 255
103, 256
103, 192
103, 128
103, 257
103, 193
103, 129
103, 258
103, 194
103, 130
103, 259
103, 195
103, 131
103, 260
103, 196
103, 132
103, 261
103, 197
103, 133
103, 262
103, 198
103, 134
103, 263
103, 199
103, 135
103, 264
103, 200
103, 136
103, 265
103, 201
103, 137
103, 266
103, 202
103, 138
103, 267
103, 203
103, 139
103, 268
103, 204
103, 140
103, 269
103, 205
103, 141
103, 270
103, 206
103, 142
103, 271
103, 207
103, 143
103, 272
103, 208
103, 144
103, 273
103, 209
103, 145
103, 274
103, 210
103, 146
103, 275
103, 211
103, 147
103, 276
103, 212
103, 148
103, 277
103, 213
103, 149
103, 278
103, 214
103, 150
103, 279
103, 215
103, 151
103, 280
103, 216
103, 152
103, 281
103, 217
103, 153
103, 282
103, 218
103, 154
103, 283
103, 219
103, 155
103, 284
103, 220
103, 156
103, 285
103, 221
103, 157
103, 286
103, 222
103, 158
103, 287
103, 223
103, 159
103, 288
103, 224
103, 160
103, 289
103, 225
103, 161
103, 226
103, 162
103, 227
103, 163
103, 228
103, 164
103, 229
103, 165
103, 230
103, 166
103, 231
103, 167
103, 232
103, 168
103, 104
103, 233
103, 169
103, 105
103, 234
103, 170
103, 106
103, 235
103, 171
103, 107
103, 236
103, 172
103, 108
103, 237
103, 173
103, 109
103, 238
103, 174
103, 110
103, 239
103, 175
103, 111
103, 240
103, 176
103, 112
103, 241
103, 177
103, 113
103, 242
103, 178
103, 114
103, 243
103, 179
103, 115
103, 244
103, 180
103, 116
103, 245
103, 181
103, 117
103, 246
103, 182
103, 118
103, 247
103, 183
103, 119
103, 248
103, 184
103, 120
103, 249
103, 185
103, 121
103, 250
103, 186
103, 122
103, 251
103, 187
103, 123
103, 252
103, 188
103, 124
103, 253
103, 189
103, 125
103, 254
103, 190
103, 126
103, 255
103, 191
103, 127
231, 265
231, 266
231, 267
231, 268
231, 269
231, 270
231, 271
231, 272
231, 282
231, 283
231, 284
231, 285
231, 286
231, 287
231, 288
231, 289
231, 232
231, 233
231, 234
231, 235
231, 236
231, 237
231, 238
231, 248
231, 249
231, 250
231, 251
231, 252
231, 253
231, 254
231, 255
104, 192
104, 128
104, 257
104, 193
104, 129
104, 258
104, 194
104, 130
104, 259
104, 195
104, 131
104, 260
104, 196
104, 132
104, 261
104, 197
104, 133
104, 262
104, 198
104, 134
104, 263
104, 199
104, 135
104, 264
104, 200
104, 136
104, 265
104, 201
104, 266
104, 202
104, 138
104, 267
104, 203
104, 139
104, 268
104, 204
104, 140
104, 269
104, 141
104, 270
104, 206
104, 142
104, 271
104, 207
104, 143
104, 272
104, 208
104, 144
104, 209
104, 145
104, 274
104, 210
104, 146
104, 275
104, 211
104, 147
104, 276
104, 212
104, 148
104, 277
104, 213
104, 149
104, 278
104, 214
104, 150
104, 279
104, 215
104, 151
104, 280
104, 216
104, 152
104, 281
104, 217
104, 153
104, 282
104, 218
104, 283
104, 219
104, 155
104, 284
104, 220
104, 156
104, 285
104, 221
104, 157
104, 286
104, 158
104, 287
104, 223
104, 159
104, 288
104, 224
104, 160
104, 289
104, 225
104, 161
104, 226
104, 162
104, 227
104, 163
104, 228
104, 164
104, 229
104, 165
104, 230
104, 166
104, 231
104, 167
104, 232
104, 168
104, 233
104, 169
104, 105
104, 234
104, 170
104, 106
104, 235
104, 107
104, 236
104, 172
104, 108
104, 237
104, 173
104, 109
104, 238
104, 174
104, 110
104, 175
104, 111
104, 240
104, 176
104, 112
104, 241
104, 177
104, 113
104, 242
104, 178
104, 114
104, 243
104, 179
104, 115
104, 244
104, 180
104, 116
104, 245
104, 181
104, 117
104, 246
104, 182
104, 118
104, 247
104, 183
104, 119
104, 248
104, 184
104, 249
104, 185
104, 121
104, 250
104, 186
104, 122
104, 251
104, 187
104, 123
104, 252
104, 124
104, 253
104, 189
104, 125
104, 254
104, 190
104, 126
104, 255
104, 191
104, 127
232, 266
232, 267
232, 268
232, 269
232, 270
232, 271
232, 272
232, 283
232, 284
232, 285
232, 286
232, 287
232, 288
232, 289
232, 233
232, 234
232, 235
232, 236
232, 237
232, 238
232, 249
232, 250
232, 251
232, 252
232, 253
232, 254
232, 255
105, 192
105, 128
105, 193
105, 129
105, 258
105, 194
105, 130
105, 259
105, 195
105, 131
105, 260
105, 196
105, 132
105, 261
105, 197
105, 133
105, 262
105, 198
105, 134
105, 263
105, 199
105, 135
105, 264
105, 200
105, 136
105, 265
105, 201
105, 266
105, 202
105, 267
105, 203
105, 139
105, 268
105, 204
105, 140
105, 269
105, 141
105, 270
105, 142
105, 271
105, 207
105, 143
105, 272
105, 208
105, 144
105, 209
105, 145
105, 210
105, 146
105, 275
105, 211
105, 147
105, 276
105, 212
105, 148
105, 277
105, 213
105, 149
105, 278
105, 214
105, 150
105, 279
105, 215
105, 151
105, 280
105, 216
105, 152
105, 281
105, 217
105, 153
105, 282
105, 218
105, 283
105, 219
105, 284
105, 220
105, 156
105, 285
105, 221
105, 157
105, 286
105, 158
105, 287
105, 159
105, 288
105, 224
105, 160
105, 289
105, 225
105, 161
105, 226
105, 162
105, 227
105, 163
105, 228
105, 164
105, 229
105, 165
105, 230
105, 166
105, 231
105, 167
105, 232
105, 168
105, 233
105, 169
105, 234
105, 170
105, 106
105, 235
105, 107
105, 236
105, 108
105, 237
105, 173
105, 109
105, 238
105, 174
105, 110
105, 175
105, 111
105, 176
105, 112
105, 241
105, 177
105, 113
105, 242
105, 178
105, 114
105, 243
105, 179
105, 115
105, 244
105, 180
105, 116
105, 245
105, 181
105, 117
105, 246
105, 182
105, 118
105, 247
105, 183
105, 119
105, 248
105, 184
105, 249
105, 185
105, 250
105, 186
105, 122
105, 251
105, 187
105, 123
105, 252
105, 124
105, 253
105, 125
105, 254
105, 190
105, 126
105, 255
105, 191
105, 127
233, 267
233, 268
233, 269
233, 270
233, 271
233, 272
233, 284
233, 285
233, 286
233, 287
233, 288
233, 289
233, 234
233, 235
233, 236
233, 237
233, 238
233, 250
233, 251
233, 252
233, 253
233, 254
233, 255
106, 192
106, 128
106, 193
106, 129
106, 194
106, 130
106, 259
106, 195
106, 131
106, 260
106, 196
106, 132
106, 261
106, 197
106, 133
106, 262
106, 198
106, 134
106, 263
106, 199
106, 135
106, 264
106, 200
106, 136
106, 265
106, 201
106, 266
106, 202
106, 267
106, 203
106, 268
106, 204
106, 140
106, 269
106, 141
106, 270
106, 142
106, 271
106, 143
106, 272
106, 208
106, 144
106, 209
106, 145
106, 210
106, 146
106, 211
106, 147
106, 276
106, 212
106, 148
106, 277
106, 213
106, 149
106, 278
106, 214
106, 150
106, 279
106, 215
106, 151
106, 280
106, 216
106, 152
106, 281
106, 217
106, 153
106, 282
106, 218
106, 283
106, 219
106, 284
106, 220
106, 285
106, 221
106, 157
106, 286
106, 158
106, 287
106, 159
106, 288
106, 160
106, 289
106, 225
106, 161
106, 226
106, 162
106, 227
106, 163
106, 228
106, 164
106, 229
106, 165
106, 230
106, 166
106, 231
106, 167
106, 232
106, 168
106, 233
106, 169
106, 234
106, 170
106, 235
106, 107
106, 236
106, 108
106, 237
106, 109
106, 238
106, 174
106, 110
106, 175
106, 111
106, 176
106, 112
106, 177
106, 113
106, 242
106, 178
106, 114
106, 243
106, 179
106, 115
106, 244
106, 180
106, 116
106, 245
106, 181
106, 117
106, 246
106, 182
106, 118
106, 247
106, 183
106, 119
106, 248
106, 184
106, 249
106, 185
106, 250
106, 186
106, 251
106, 187
106, 123
106, 252
106, 124
106, 253
106, 125
106, 254
106, 126
106, 255
106, 191
106, 127
234, 268
234, 269
234, 270
234, 271
234, 272
234, 285
234, 286
234, 287
234, 288
234, 289
234, 235
234, 236
234, 237
234, 238
234, 251
234, 252
234, 253
234, 254
234, 255
107, 192
107, 128
107, 193
107, 129
107, 194
107, 130
107, 195
107, 131
107, 260
107, 196
107, 132
107, 261
107, 197
107, 133
107, 262
107, 198
107, 134
107, 263
107, 199
107, 135
107, 264
107, 200
107, 136
107, 265
107, 201
107, 266
107, 202
107, 267
107, 203
107, 268
107, 204
107, 269
107, 141
107, 270
107, 142
107, 271
107, 143
107, 272
107, 144
107, 209
107, 145
107, 210
107, 146
107, 211
107, 147
107, 212
107, 148
107, 277
107, 213
107, 149
107, 278
107, 214
107, 150
107, 279
107, 215
107, 151
107, 280
107, 216
107, 152
107, 281
107, 217
107, 153
107, 282
107, 218
107, 283
107, 219
107, 284
107, 220
107, 285
107, 221
107, 286
107, 158
107, 287
107, 159
107, 288
107, 160
107, 289
107, 161
107, 226
107, 162
107, 227
107, 163
107, 228
107, 164
107, 229
107, 165
107, 230
107, 166
107, 231
107, 167
107, 232
107, 168
107, 233
107, 169
107, 234
107, 170
107, 235
107, 236
107, 108
107, 237
107, 109
107, 238
107, 110
107, 175
107, 111
107, 176
107, 112
107, 177
107, 113
107, 178
107, 114
107, 243
107, 179
107, 115
107, 244
107, 180
107, 116
107, 245
107, 181
107, 117
107, 246
107, 182
107, 118
107, 247
107, 183
107, 119
107, 248
107, 184
107, 249
107, 185
107, 250
107, 186
107, 251
107, 187
107, 252
107, 124
107, 253
107, 125
107, 254
107, 126
107, 255
107, 127
235, 269
235, 270
235, 271
235, 272
235, 286
235, 287
235, 288
235, 289
235, 236
235, 237
235, 238
235, 252
235, 253
235, 254
235, 255
108, 128
108, 193
108, 129
108, 194
108, 130
108, 195
108, 131
108, 196
108, 132
108, 261
108, 197
108, 133
108, 262
108, 198
108, 134
108, 263
108, 199
108, 135
108, 264
108, 200
108, 136
108, 265
108, 201
108, 266
108, 202
108, 267
108, 203
108, 268
108, 204
108, 269
108, 270
108, 142
108, 271
108, 143
108, 272
108, 144
108, 145
108, 210
108, 146
108, 211
108, 147
108, 212
108, 148
108, 213
108, 149
108, 278
108, 214
108, 150
108, 279
108, 215
108, 151
108, 280
108, 216
108, 152
108, 281
108, 217
108, 153
108, 282
108, 218
108, 283
108, 219
108, 284
108, 220
108, 285
108, 221
108, 286
108, 287
108, 159
108, 288
108, 160
108, 289
108, 161
108, 162
108, 227
108, 163
108, 228
108, 164
108, 229
108, 165
108, 230
108, 166
108, 231
108, 167
108, 232
108, 168
108, 233
108, 169
108, 234
108, 170
108, 235
108, 236
108, 237
108, 109
108, 238
108, 110
108, 111
108, 176
108, 112
108, 177
108, 113
108, 178
108, 114
108, 179
108, 115
108, 244
108, 180
108, 116
108, 245
108, 181
108, 117
108, 246
108, 182
108, 118
108, 247
108, 183
108, 119
108, 248
108, 184
108, 249
108, 185
108, 250
108, 186
108, 251
108, 187
108, 252
108, 253
108, 125
108, 254
108, 126
108, 255
108, 127
236, 270
236, 271
236, 272
236, 287
236, 288
236, 289
236, 237
236, 238
236, 253
236, 254
236, 255
109, 128
109, 129
109, 194
109, 130
109, 195
109, 131
109, 196
109, 132
109, 197
109, 133
109, 262
109, 198
109, 134
109, 263
109, 199
109, 135
109, 264
109, 200
109, 136
109, 265
109, 201
109, 266
109, 202
109, 267
109, 203
109, 268
109, 204
109, 269
109, 270
109, 271
109, 143
109, 272
109, 144
109, 145
109, 146
109, 211
109, 147
109, 212
109, 148
109, 213
109, 149
109, 214
109, 150
109, 279
109, 215
109, 151
109, 280
109, 216
109, 152
109, 281
109, 217
109, 153
109, 282
109, 218
109, 283
109, 219
109, 284
109, 220
109, 285
109, 221
109, 286
109, 287
109, 288
109, 160
109, 289
109, 161
109, 162
109, 163
109, 228
109, 164
109, 229
109, 165
109, 230
109, 166
109, 231
109, 167
109, 232
109, 168
109, 233
109, 169
109, 234
109, 170
109, 235
109, 236
109, 237
109, 238
109, 110
109, 111
109, 112
109, 177
109, 113
109, 178
109, 114
109, 179
109, 115
109, 180
109, 116
109, 245
109, 181
109, 117
109, 246
109, 182
109, 118
109, 247
109, 183
109, 119
109, 248
109, 184
109, 249
109, 185
109, 250
109, 186
109, 251
109, 187
109, 252
109, 253
109, 254
109, 126
109, 255
109, 127
237, 289
237, 288
237, 272
237, 271
237, 255
237, 254
237, 238
238, 289
238, 272
238, 255
110, 128
110, 129
110, 130
110, 195
110, 131
110, 196
110, 132
110, 197
110, 133
110, 198
110, 134
110, 263
110, 199
110, 135
110, 264
110, 200
110, 136
110, 265
110, 201
110, 266
110, 202
110, 267
110, 203
110, 268
110, 204
110, 269
110, 270
110, 271
110, 272
110, 144
110, 145
110, 146
110, 147
110, 212
110, 148
110, 213
110, 149
110, 214
110, 150
110, 215
110, 151
110, 280
110, 216
110, 152
110, 281
110, 217
110, 153
110, 282
110, 218
110, 283
110, 219
110, 284
110, 220
110, 285
110, 221
110, 286
110, 287
110, 288
110, 289
110, 161
110, 162
110, 163
110, 164
110, 229
110, 165
110, 230
110, 166
110, 231
110, 167
110, 232
110, 168
110, 233
110, 169
110, 234
110, 170
110, 235
110, 236
110, 237
110, 238
110, 111
110, 112
110, 113
110, 178
110, 114
110, 179
110, 115
110, 180
110, 116
110, 181
110, 117
110, 246
110, 182
110, 118
110, 247
110, 183
110, 119
110, 248
110, 184
110, 249
110, 185
110, 250
110, 186
110, 251
110, 187
110, 252
110, 253
110, 254
110, 255
110, 127
111, 128
111, 129
111, 130
111, 131
111, 196
111, 132
111, 197
111, 133
111, 198
111, 134
111, 199
111, 135
111, 264
111, 200
111, 136
111, 265
111, 201
111, 266
111, 202
111, 267
111, 203
111, 268
111, 204
111, 269
111, 270
111, 271
111, 272
111, 145
111, 146
111, 147
111, 148
111, 213
111, 149
111, 214
111, 150
111, 215
111, 151
111, 216
111, 152
111, 281
111, 217
111, 153
111, 282
111, 218
111, 283
111, 219
111, 284
111, 220
111, 285
111, 221
111, 286
111, 287
111, 288
111, 289
111, 162
111, 163
111, 164
111, 165
111, 230
111, 166
111, 231
111, 167
111, 232
111, 168
111, 233
111, 169
111, 234
111, 170
111, 235
111, 236
111, 237
111, 238
111, 112
111, 113
111, 114
111, 179
111, 115
111, 180
111, 116
111, 181
111, 117
111, 182
111, 118
111, 247
111, 183
111, 119
111, 248
111, 184
111, 249
111, 185
111, 250
111, 186
111, 251
111, 187
111, 252
111, 253
111, 254
111, 255
239, 256
239, 257
239, 258
239, 259
239, 260
239, 261
239, 262
239, 263
239, 264
239, 265
239, 266
239, 267
239, 268
239, 269
239, 270
239, 271
239, 272
239, 273
239, 274
239, 275
239, 276
239, 277
239, 278
239, 279
239, 280
239, 281
239, 282
239, 283
239, 284
239, 285
239, 286
239, 287
239, 288
239, 289
239, 240
239, 241
239, 242
239, 243
239, 244
239, 245
239, 246
239, 247
239, 248
239, 249
239, 250
239, 251
239, 252
239, 253
239, 254
239, 255
112, 129
112, 130
112, 131
112, 132
112, 197
112, 133
112, 198
112, 134
112, 199
112, 135
112, 200
112, 136
112, 265
112, 201
112, 266
112, 202
112, 267
112, 203
112, 268
112, 204
112, 269
112, 270
112, 271
112, 272
112, 146
112, 147
112, 148
112, 149
112, 214
112, 150
112, 215
112, 151
112, 216
112, 152
112, 217
112, 153
112, 282
112, 218
112, 283
112, 219
112, 284
112, 220
112, 285
112, 221
112, 286
112, 287
112, 288
112, 289
112, 163
112, 164
112, 165
112, 166
112, 231
112, 167
112, 232
112, 168
112, 233
112, 169
112, 234
112, 170
112, 235
112, 236
112, 237
112, 238
112, 113
112, 114
112, 115
112, 180
112, 116
112, 181
112, 117
112, 182
112, 118
112, 183
112, 119
112, 248
112, 184
112, 249
112, 185
112, 250
112, 186
112, 251
112, 187
112, 252
112, 253
112, 254
112, 255
240, 257
240, 258
240, 259
240, 260
240, 261
240, 262
240, 263
240, 264
240, 265
240, 266
240, 267
240, 268
240, 269
240, 270
240, 271
240, 272
240, 274
240, 275
240, 276
240, 277
240, 278
240, 279
240, 280
240, 281
240, 282
240, 283
240, 284
240, 285
240, 286
240, 287
240, 288
240, 289
240, 241
240, 242
240, 243
240, 244
240, 245
240, 246
240, 247
240, 248
240, 249
240, 250
240, 251
240, 252
240, 253
240, 254
240, 255
113, 130
113, 131
113, 132
113, 133
113, 198
113, 134
113, 199
113, 135
113, 200
113, 136
113, 201
113, 266
113, 202
113, 267
113, 203
113, 268
113, 204
113, 269
113, 270
113, 271
113, 272
113, 147
113, 148
113, 149
113, 150
113, 215
113, 151
113, 216
113, 152
113, 217
113, 153
113, 218
113, 283
113, 219
113, 284
113, 220
113, 285
113, 221
113, 286
113, 287
113, 288
113, 289
113, 164
113, 165
113, 166
113, 167
113, 232
113, 168
113, 233
113, 169
113, 234
113, 170
113, 235
113, 236
113, 237
113, 238
113, 114
113, 115
113, 116
113, 181
113, 117
113, 182
113, 118
113, 183
113, 119
113, 184
113, 249
113, 185
113, 250
113, 186
113, 251
113, 187
113, 252
113, 253
113, 254
113, 255
241, 258
241, 259
241, 260
241, 261
241, 262
241, 263
241, 264
241, 265
241, 266
241, 267
241, 268
241, 269
241, 270
241, 271
241, 272
241, 275
241, 276
241, 277
241, 278
241, 279
241, 280
241, 281
241, 282
241, 283
241, 284
241, 285
241, 286
241, 287
241, 288
241, 289
241, 242
241, 243
241, 244
241, 245
241, 246
241, 247
241, 248
241, 249
241, 250
241, 251
241, 252
241, 253
241, 254
241, 255
114, 131
114, 132
114, 133
114, 134
114, 199
114, 135
114, 200
114, 136
114, 201
114, 202
114, 267
114, 203
114, 268
114, 204
114, 269
114, 270
114, 271
114, 272
114, 148
114, 149
114, 150
114, 151
114, 216
114, 152
114, 217
114, 153
114, 218
114, 219
114, 284
114, 220
114, 285
114, 221
114, 286
114, 287
114, 288
114, 289
114, 165
114, 166
114, 167
114, 168
114, 233
114, 169
114, 234
114, 170
114, 235
114, 236
114, 237
114, 238
114, 115
114, 116
114, 117
114, 182
114, 118
114, 183
114, 119
114, 184
114, 185
114, 250
114, 186
114, 251
114, 187
114, 252
114, 253
114, 254
114, 255
242, 259
242, 260
242, 261
242, 262
242, 263
242, 264
242, 265
242, 266
242, 267
242, 268
242, 269
242, 270
242, 271
242, 272
242, 276
242, 277
242, 278
242, 279
242, 280
242, 281
242, 282
242, 283
242, 284
242, 285
242, 286
242, 287
242, 288
242, 289
242, 243
242, 244
242, 245
242, 246
242, 247
242, 248
242, 249
242, 250
242, 251
242, 252
242, 253
242, 254
242, 255
115, 132
115, 133
115, 134
115, 135
115, 200
115, 136
115, 201
115, 202
115, 203
115, 268
115, 204
115, 269
115, 270
115, 271
115, 272
115, 149
115, 150
115, 151
115, 152
115, 217
115, 153
115, 218
115, 219
115, 220
115, 285
115, 221
115, 286
115, 287
115, 288
115, 289
115, 166
115, 167
115, 168
115, 169
115, 234
115, 170
115, 235
115, 236
115, 237
115, 238
115, 116
115, 117
115, 118
115, 183
115, 119
115, 184
115, 185
115, 186
115, 251
115, 187
115, 252
115, 253
115, 254
115, 255
243, 260
243, 261
243, 262
243, 263
243, 264
243, 265
243, 266
243, 267
243, 268
243, 269
243, 270
243, 271
243, 272
243, 277
243, 278
243, 279
243, 280
243, 281
243, 282
243, 283
243, 284
243, 285
243, 286
243, 287
243, 288
243, 289
243, 244
243, 245
243, 246
243, 247
243, 248
243, 249
243, 250
243, 251
243, 252
243, 253
243, 254
243, 255
116, 133
116, 134
116, 135
116, 136
116, 201
116, 202
116, 203
116, 204
116, 269
116, 270
116, 271
116, 272
116, 150
116, 151
116, 152
116, 153
116, 218
116, 219
116, 220
116, 221
116, 286
116, 287
116, 288
116, 289
116, 167
116, 168
116, 169
116, 170
116, 235
116, 236
116, 237
116, 238
116, 117
116, 118
116, 119
116, 184
116, 185
116, 186
116, 187
116, 252
116, 253
116, 254
116, 255
244, 261
244, 262
244, 263
244, 264
244, 265
244, 266
244, 267
244, 268
244, 269
244, 270
244, 271
244, 272
244, 278
244, 279
244, 280
244, 281
244, 282
244, 283
244, 284
244, 285
244, 286
244, 287
244, 288
244, 289
244, 245
244, 246
244, 247
244, 248
244, 249
244, 250
244, 251
244, 252
244, 253
244, 254
244, 255
117, 134
117, 135
117, 136
117, 202
117, 203
117, 204
117, 270
117, 271
117, 272
117, 151
117, 152
117, 153
117, 219
117, 220
117, 221
117, 287
117, 288
117, 289
117, 168
117, 169
117, 170
117, 236
117, 237
117, 238
117, 118
117, 119
117, 185
117, 186
117, 187
117, 253
117, 254
117, 255
245, 262
245, 263
245, 264
245, 265
245, 266
245, 267
245, 268
245, 269
245, 270
245, 271
245, 272
245, 279
245, 280
245, 281
245, 282
245, 283
245, 284
245, 285
245, 286
245, 287
245, 288
245, 289
245, 246
245, 247
245, 248
245, 249
245, 250
245, 251
245, 252
245, 253
245, 254
245, 255
118, 135
118, 136
118, 203
118, 204
118, 271
118, 272
118, 152
118, 153
118, 220
118, 221
118, 288
118, 289
118, 169
118, 170
118, 237
118, 238
118, 119
118, 186
118, 187
118, 254
118, 255
246, 263
246, 264
246, 265
246, 266
246, 267
246, 268
246, 269
246, 270
246, 271
246, 272
246, 280
246, 281
246, 282
246, 283
246, 284
246, 285
246, 286
246, 287
246, 288
246, 289
246, 247
246, 248
246, 249
246, 250
246, 251
246, 252
246, 253
246, 254
246, 255
119, 136
119, 204
119, 272
119, 153
119, 221
119, 289
119, 170
119, 238
119, 187
119, 255
247, 264
247, 265
247, 266
247, 267
247, 268
247, 269
247, 270
247, 271
247, 272
247, 281
247, 282
247, 283
247, 284
247, 285
247, 286
247, 287
247, 288
247, 289
247, 248
247, 249
247, 250
247, 251
247, 252
247, 253
247, 254
247, 255
120, 256
120, 192
120, 128
120, 257
120, 193
120, 129
120, 258
120, 194
120, 130
120, 259
120, 195
120, 131
120, 260
120, 196
120, 132
120, 261
120, 197
120, 133
120, 262
120, 198
120, 134
120, 263
120, 199
120, 135
120, 264
120, 200
120, 136
120, 265
120, 201
120, 137
120, 266
120, 202
120, 138
120, 267
120, 203
120, 139
120, 268
120, 204
120, 140
120, 269
120, 205
120, 141
120, 270
120, 206
120, 142
120, 271
120, 207
120, 143
120, 272
120, 208
120, 144
120, 273
120, 209
120, 145
120, 274
120, 210
120, 146
120, 275
120, 211
120, 147
120, 276
120, 212
120, 148
120, 277
120, 213
120, 149
120, 278
120, 214
120, 150
120, 279
120, 215
120, 151
120, 280
120, 216
120, 152
120, 281
120, 217
120, 153
120, 282
120, 218
120, 154
120, 283
120, 219
120, 155
120, 284
120, 220
120, 156
120, 285
120, 221
120, 157
120, 286
120, 222
120, 158
120, 287
120, 223
120, 159
120, 288
120, 224
120, 160
120, 289
120, 225
120, 161
120, 226
120, 162
120, 227
120, 163
120, 228
120, 164
120, 229
120, 165
120, 230
120, 166
120, 231
120, 167
120, 232
120, 168
120, 233
120, 169
120, 234
120, 170
120, 235
120, 171
120, 236
120, 172
120, 237
120, 173
120, 238
120, 174
120, 239
120, 175
120, 240
120, 176
120, 241
120, 177
120, 242
120, 178
120, 243
120, 179
120, 244
120, 180
120, 245
120, 181
120, 246
120, 182
120, 247
120, 183
120, 248
120, 184
120, 249
120, 185
120, 121
120, 250
120, 186
120, 122
120, 251
120, 187
120, 123
120, 252
120, 188
120, 124
120, 253
120, 189
120, 125
120, 254
120, 190
120, 126
120, 255
120, 191
120, 127
248, 265
248, 266
248, 267
248, 268
248, 269
248, 270
248, 271
248, 272
248, 282
248, 283
248, 284
248, 285
248, 286
248, 287
248, 288
248, 289
248, 249
248, 250
248, 251
248, 252
248, 253
248, 254
248, 255
121, 192
121, 128
121, 257
121, 193
121, 129
121, 258
121, 194
121, 130
121, 259
121, 195
121, 131
121, 260
121, 196
121, 132
121, 261
121, 197
121, 133
121, 262
121, 198
121, 134
121, 263
121, 199
121, 135
121, 264
121, 200
121, 136
121, 265
121, 201
121, 266
121, 202
121, 138
121, 267
121, 203
121, 139
121, 268
121, 204
121, 140
121, 269
121, 141
121, 270
121, 206
121, 142
121, 271
121, 207
121, 143
121, 272
121, 208
121, 144
121, 209
121, 145
121, 274
121, 210
121, 146
121, 275
121, 211
121, 147
121, 276
121, 212
121, 148
121, 277
121, 213
121, 149
121, 278
121, 214
121, 150
121, 279
121, 215
121, 151
121, 280
121, 216
121, 152
121, 281
121, 217
121, 153
121, 282
121, 218
121, 283
121, 219
121, 155
121, 284
121, 220
121, 156
121, 285
121, 221
121, 157
121, 286
121, 158
121, 287
121, 223
121, 159
121, 288
121, 224
121, 160
121, 289
121, 225
121, 161
121, 226
121, 162
121, 227
121, 163
121, 228
121, 164
121, 229
121, 165
121, 230
121, 166
121, 231
121, 167
121, 232
121, 168
121, 233
121, 169
121, 234
121, 170
121, 235
121, 236
121, 172
121, 237
121, 173
121, 238
121, 174
121, 175
121, 240
121, 176
121, 241
121, 177
121, 242
121, 178
121, 243
121, 179
121, 244
121, 180
121, 245
121, 181
121, 246
121, 182
121, 247
121, 183
121, 248
121, 184
121, 249
121, 185
121, 250
121, 186
121, 122
121, 251
121, 187
121, 123
121, 252
121, 124
121, 253
121, 189
121, 125
121, 254
121, 190
121, 126
121, 255
121, 191
121, 127
249, 266
249, 267
249, 268
249, 269
249, 270
249, 271
249, 272
249, 283
249, 284
249, 285
249, 286
249, 287
249, 288
249, 289
249, 250
249, 251
249, 252
249, 253
249, 254
249, 255
122, 192
122, 128
122, 193
122, 129
122, 258
122, 194
122, 130
122, 259
122, 195
122, 131
122, 260
122, 196
122, 132
122, 261
122, 197
122, 133
122, 262
122, 198
122, 134
122, 263
122, 199
122, 135
122, 264
122, 200
122, 136
122, 265
122, 201
122, 266
122, 202
122, 267
122, 203
122, 139
122, 268
122, 204
122, 140
122, 269
122, 141
122, 270
122, 142
122, 271
122, 207
122, 143
122, 272
122, 208
122, 144
122, 209
122, 145
122, 210
122, 146
122, 275
122, 211
122, 147
122, 276
122, 212
122, 148
122, 277
122, 213
122, 149
122, 278
122, 214
122, 150
122, 279
122, 215
122, 151
122, 280
122, 216
122, 152
122, 281
122, 217
122, 153
122, 282
122, 218
122, 283
122, 219
122, 284
122, 220
122, 156
122, 285
122, 221
122, 157
122, 286
122, 158
122, 287
122, 159
122, 288
122, 224
122, 160
122, 289
122, 225
122, 161
122, 226
122, 162
122, 227
122, 163
122, 228
122, 164
122, 229
122, 165
122, 230
122, 166
122, 231
122, 167
122, 232
122, 168
122, 233
122, 169
122, 234
122, 170
122, 235
122, 236
122, 237
122, 173
122, 238
122, 174
122, 175
122, 176
122, 241
122, 177
122, 242
122, 178
122, 243
122, 179
122, 244
122, 180
122, 245
122, 181
122, 246
122, 182
122, 247
122, 183
122, 248
122, 184
122, 249
122, 185
122, 250
122, 186
122, 251
122, 187
122, 123
122, 252
122, 124
122, 253
122, 125
122, 254
122, 190
122, 126
122, 255
122, 191
122, 127
250, 267
250, 268
250, 269
250, 270
250, 271
250, 272
250, 284
250, 285
250, 286
250, 287
250, 288
250, 289
250, 251
250, 252
250, 253
250, 254
250, 255
123, 192
123, 128
123, 193
123, 129
123, 194
123, 130
123, 259
123, 195
123, 131
123, 260
123, 196
123, 132
123, 261
123, 197
123, 133
123, 262
123, 198
123, 134
123, 263
123, 199
123, 135
123, 264
123, 200
123, 136
123, 265
123, 201
123, 266
123, 202
123, 267
123, 203
123, 268
123, 204
123, 140
123, 269
123, 141
123, 270
123, 142
123, 271
123, 143
123, 272
123, 208
123, 144
123, 209
123, 145
123, 210
123, 146
123, 211
123, 147
123, 276
123, 212
123, 148
123, 277
123, 213
123, 149
123, 278
123, 214
123, 150
123, 279
123, 215
123, 151
123, 280
123, 216
123, 152
123, 281
123, 217
123, 153
123, 282
123, 218
123, 283
123, 219
123, 284
123, 220
123, 285
123, 221
123, 157
123, 286
123, 158
123, 287
123, 159
123, 288
123, 160
123, 289
123, 225
123, 161
123, 226
123, 162
123, 227
123, 163
123, 228
123, 164
123, 229
123, 165
123, 230
123, 166
123, 231
123, 167
123, 232
123, 168
123, 233
123, 169
123, 234
123, 170
123, 235
123, 236
123, 237
123, 238
123, 174
123, 175
123, 176
123, 177
123, 242
123, 178
123, 243
123, 179
123, 244
123, 180
123, 245
123, 181
123, 246
123, 182
123, 247
123, 183
123, 248
123, 184
123, 249
123, 185
123, 250
123, 186
123, 251
123, 187
123, 252
123, 124
123, 253
123, 125
123, 254
123, 126
123, 255
123, 191
123, 127
251, 268
251, 269
251, 270
251, 271
251, 272
251, 285
251, 286
251, 287
251, 288
251, 289
251, 252
251, 253
251, 254
251, 255
124, 192
124, 128
124, 193
124, 129
124, 194
124, 130
124, 195
124, 131
124, 260
124, 196
124, 132
124, 261
124, 197
124, 133
124, 262
124, 198
124, 134
124, 263
124, 199
124, 135
124, 264
124, 200
124, 136
124, 265
124, 201
124, 266
124, 202
124, 267
124, 203
124, 268
124, 204
124, 269
124, 141
124, 270
124, 142
124, 271
124, 143
124, 272
124, 144
124, 209
124, 145
124, 210
124, 146
124, 211
124, 147
124, 212
124, 148
124, 277
124, 213
124, 149
124, 278
124, 214
124, 150
124, 279
124, 215
124, 151
124, 280
124, 216
124, 152
124, 281
124, 217
124, 153
124, 282
124, 218
124, 283
124, 219
124, 284
124, 220
124, 285
124, 221
124, 286
124, 158
124, 287
124, 159
124, 288
124, 160
124, 289
124, 161
124, 226
124, 162
124, 227
124, 163
124, 228
124, 164
124, 229
124, 165
124, 230
124, 166
124, 231
124, 167
124, 232
124, 168
124, 233
124, 169
124, 234
124, 170
124, 235
124, 236
124, 237
124, 238
124, 175
124, 176
124, 177
124, 178
124, 243
124, 179
124, 244
124, 180
124, 245
124, 181
124, 246
124, 182
124, 247
124, 183
124, 248
124, 184
124, 249
124, 185
124, 250
124, 186
124, 251
124, 187
124, 252
124, 253
124, 125
124, 254
124, 126
124, 255
124, 127
252, 269
252, 270
252, 271
252, 272
252, 286
252, 287
252, 288
252, 289
252, 253
252, 254
252, 255
125, 128
125, 193
125, 129
125, 194
125, 130
125, 195
125, 131
125, 196
125, 132
125, 261
125, 197
125, 133
125, 262
125, 198
125, 134
125, 263
125, 199
125, 135
125, 264
125, 200
125, 136
125, 265
125, 201
125, 266
125, 202
125, 267
125, 203
125, 268
125, 204
125, 269
125, 270
125, 142
125, 271
125, 143
125, 272
125, 144
125, 145
125, 210
125, 146
125, 211
125, 147
125, 212
125, 148
125, 213
125, 149
125, 278
125, 214
125, 150
125, 279
125, 215
125, 151
125, 280
125, 216
125, 152
125, 281
125, 217
125, 153
125, 282
125, 218
125, 283
125, 219
125, 284
125, 220
125, 285
125, 221
125, 286
125, 287
125, 159
125, 288
125, 160
125, 289
125, 161
125, 162
125, 227
125, 163
125, 228
125, 164
125, 229
125, 165
125, 230
125, 166
125, 231
125, 167
125, 232
125, 168
125, 233
125, 169
125, 234
125, 170
125, 235
125, 236
125, 237
125, 238
125, 176
125, 177
125, 178
125, 179
125, 244
125, 180
125, 245
125, 181
125, 246
125, 182
125, 247
125, 183
125, 248
125, 184
125, 249
125, 185
125, 250
125, 186
125, 251
125, 187
125, 252
125, 253
125, 254
125, 126
125, 255
125, 127
253, 289
253, 288
253, 272
253, 287
253, 271
253, 255
253, 270
253, 254
126, 128
126, 129
126, 194
126, 130
126, 195
126, 131
126, 196
126, 132
126, 197
126, 133
126, 262
126, 198
126, 134
126, 263
126, 199
126, 135
126, 264
126, 200
126, 136
126, 265
126, 201
126, 266
126, 202
126, 267
126, 203
126, 268
126, 204
126, 269
126, 270
126, 271
126, 143
126, 272
126, 144
126, 145
126, 146
126, 211
126, 147
126, 212
126, 148
126, 213
126, 149
126, 214
126, 150
126, 279
126, 215
126, 151
126, 280
126, 216
126, 152
126, 281
126, 217
126, 153
126, 282
126, 218
126, 283
126, 219
126, 284
126, 220
126, 285
126, 221
126, 286
126, 287
126, 288
126, 160
126, 289
126, 161
126, 162
126, 163
126, 228
126, 164
126, 229
126, 165
126, 230
126, 166
126, 231
126, 167
126, 232
126, 168
126, 233
126, 169
126, 234
126, 170
126, 235
126, 236
126, 237
126, 238
126, 177
126, 178
126, 179
126, 180
126, 245
126, 181
126, 246
126, 182
126, 247
126, 183
126, 248
126, 184
126, 249
126, 185
126, 250
126, 186
126, 251
126, 187
126, 252
126, 253
126, 254
126, 255
126, 127
254, 289
254, 288
254, 272
254, 271
254, 255
255, 289
255, 272
127, 128
127, 129
127, 130
127, 195
127, 131
127, 196
127, 132
127, 197
127, 133
127, 198
127, 134
127, 263
127, 199
127, 135
127, 264
127, 200
127, 136
127, 265
127, 201
127, 266
127, 202
127, 267
127, 203
127, 268
127, 204
127, 269
127, 270
127, 271
127, 272
127, 144
127, 145
127, 146
127, 147
127, 212
127, 148
127, 213
127, 149
127, 214
127, 150
127, 215
127, 151
127, 280
127, 216
127, 152
127, 281
127, 217
127, 153
127, 282
127, 218
127, 283
127, 219
127, 284
127, 220
127, 285
127, 221
127, 286
127, 287
127, 288
127, 289
127, 161
127, 162
127, 163
127, 164
127, 229
127, 165
127, 230
127, 166
127, 231
127, 167
127, 232
127, 168
127, 233
127, 169
127, 234
127, 170
127, 235
127, 236
127, 237
127, 238
127, 178
127, 179
127, 180
127, 181
127, 246
127, 182
127, 247
127, 183
127, 248
127, 184
127, 249
127, 185
127, 250
127, 186
127, 251
127, 187
127, 252
127, 253
127, 254
127, 255
