LoadRulesRealTime,LoadRulesCPUTime,LoadFactsRealTime,LoadFactsCPUTime,GroundRealTime,GroundCPUTime,QueryRealTime,QueryCPUTime,WriteRealTime,WriteCPUTime
0.0,0.0,0.0,0.0,2.1500000953674316,2.15,0.009999990463256836,0.010000000000000231,0.16000008583068848,0.1599999999999997
0.0,0.0,0.0,0.0,2.0,2.0100000000000002,0.009999990463256836,0.009999999999999787,0.1700000762939453,0.16000000000000014
0.0,0.0,0.0,0.0,2.0399999618530273,2.02,0.009999990463256836,0.030000000000000013,0.16000008583068848,0.1399999999999999
0.0,0.0,0.0,0.0,2.009999990463257,2.0100000000000002,0.009999990463256836,0.010000000000000231,0.16000008583068848,0.1599999999999997
0.0,0.0,0.0,0.0,2.059999942779541,2.06,0.009999990463256836,0.010000000000000231,0.16000008583068848,0.1599999999999997
Average,0.0,0.0,0.0,0.0,2.0519999980926515,2.05,0.009999990463256836,0.0140000000000001,0.16200008392333984,0.15599999999999983
