LoadRulesRealTime,LoadRulesCPUTime,LoadFactsRealTime,LoadFactsCPUTime,GroundRealTime,GroundCPUTime,QueryRealTime,QueryCPUTime,WriteRealTime,WriteCPUTime
0.0,0.0,0.0,0.0,0.7200000286102295,0.73,0.15000009536743164,0.1499999999999999,1.3899998664855957,1.39
0.0,0.0,0.0,0.0,0.7300000190734863,0.73,0.15000009536743164,0.1499999999999999,1.3899998664855957,1.39
0.0,0.010000000000000009,0.0,0.0,0.7299997806549072,0.73,0.15000009536743164,0.1499999999999999,1.3799998760223389,1.3800000000000001
0.0,0.0,0.009999990463256836,0.0,0.7099997997283936,0.72,0.15000009536743164,0.1499999999999999,1.369999885559082,1.36
0.0,0.0,0.0,0.010000000000000009,0.7299997806549072,0.72,0.15000009536743164,0.15999999999999992,1.3999998569488525,1.38
Average,0.0,0.0020000000000000018,0.0019999980926513673,0.0020000000000000018,0.7239998817443848,0.726,0.15000009536743164,0.1519999999999999,1.385999870300293,1.3800000000000001
