CreateTableRealTime,CreateTableCPUTime,LoadDataRealTime,LoadDataCPUTime,CreateIndexRealTime,CreateIndexCPUTime,AnalyzeRealTime,AnalyzeCPUTime,ExecuteQueryRealTime,ExecuteQueryCPUTime,WriteResultRealTime,WriteResultCPUTime
0.0032892500166781247,4.700000000001925e-05,0.0019681660342030227,0.00011600000000000499,0.001979290973395109,4.100000000001325e-05,0.001057000015862286,3.500000000000725e-05,0.008506540965754539,1.8999999999991246e-05,0.0018885409808717668,0.0005939999999999834
0.003120874986052513,4.700000000001925e-05,0.000873417011462152,0.0001000000000000445,0.002806417003739625,2.0999999999993246e-05,0.0005691249971278012,1.3000000000040757e-05,0.008538125024642795,1.6999999999989246e-05,0.0012434580130502582,0.0005699999999999594
0.003740334010217339,5.3999999999998494e-05,0.00179816602030769,0.00010999999999999899,0.002572916040662676,4.0000000000040004e-05,0.0009768329910002649,3.399999999997849e-05,0.0059077920159325,7.299999999998974e-05,0.002164041972719133,0.0010649999999999826
0.0031568330014124513,2.6000000000026002e-05,0.0009254590258933604,8.80000000000325e-05,0.0021220000344328582,1.4000000000014001e-05,0.0011958329705521464,3.300000000000525e-05,0.00820508401375264,4.399999999998849e-05,0.0020677500288002193,0.0006460000000000354
0.003273958049248904,4.799999999999249e-05,0.0014740829938091338,9.199999999998099e-05,0.0022270000190474093,4.399999999998849e-05,0.0009045840124599636,3.900000000001125e-05,0.008151708985678852,4.100000000001325e-05,0.0018743750406429172,0.0005519999999999969
Average,0.0033162500127218663,4.4400000000011095e-05,0.0014078582171350718,0.0001012000000000124,0.0023415248142555356,3.20000000000098e-05,0.0009406749974004925,3.0800000000008596e-05,0.007861850201152265,3.87999999999944e-05,0.001847633207216859,0.0006853999999999916
