CreateTableRealTime,CreateTableCPUTime,LoadDataRealTime,LoadDataCPUTime,CreateIndexRealTime,CreateIndexCPUTime,AnalyzeRealTime,AnalyzeCPUTime,ExecuteQueryRealTime,ExecuteQueryCPUTime,WriteResultRealTime,WriteResultCPUTime
0.003603417018894106,4.899999999996574e-05,0.001589624967891723,0.00017000000000000348,0.002626375004183501,1.7000000000044757e-05,0.0012254579924046993,1.2999999999985246e-05,0.006068999995477498,2.0000000000020002e-05,0.002078042016364634,0.0004689999999999972
0.002943375031463802,4.599999999999049e-05,0.0011709159589372575,0.00012899999999999023,0.0023038749932311475,3.599999999998049e-05,0.0009903329773806036,3.599999999998049e-05,0.007232374977320433,3.799999999998249e-05,0.0016791250091046095,0.0005350000000000077
0.003921499999705702,4.599999999999049e-05,0.0016254999791271985,0.00017100000000003224,0.003163208020851016,3.799999999998249e-05,0.0013682080316357315,3.500000000000725e-05,0.006771832995582372,3.2999999999949736e-05,0.0015004580491222441,0.0004429999999999712
0.004228291974868625,4.6000000000046004e-05,0.0019244999857619405,9.700000000001374e-05,0.003261040954384953,3.900000000001125e-05,0.0014320839545689523,3.6000000000036e-05,0.008256874978542328,3.500000000000725e-05,0.002080499951262027,0.0005339999999999789
0.0037444159970618784,4.100000000001325e-05,0.0011460829991847277,0.00013099999999999223,0.00223483401350677,3.599999999998049e-05,0.0010563749819993973,4.500000000001725e-05,0.007825125008821487,3.8000000000038e-05,0.0016489590052515268,0.00047400000000002995
Average,0.003688200004398823,4.5600000000001196e-05,0.0014913247781805695,0.00013960000000000637,0.0027178665972314776,3.31999999999999e-05,0.0012144915875978769,3.300000000000525e-05,0.007231041591148823,3.2799999999999496e-05,0.0017974168062210084,0.000490999999999997
