CreateTableRealTime,CreateTableCPUTime,LoadDataRealTime,LoadDataCPUTime,CreateIndexRealTime,CreateIndexCPUTime,AnalyzeRealTime,AnalyzeCPUTime,ExecuteQueryRealTime,ExecuteQueryCPUTime,WriteResultRealTime,WriteResultCPUTime
0.0024932919768616557,3.999999999998449e-05,0.0016223749844357371,0.000136000000000025,0.0022171660093590617,1.6000000000016e-05,0.0010896669700741768,3.399999999997849e-05,0.004529917030595243,4.599999999999049e-05,0.002005834016017616,0.0005380000000000384
0.0040272080223076046,2.799999999997249e-05,0.0008316669845953584,9.300000000000974e-05,0.0021971669630147517,4.300000000001525e-05,0.0012368750176392496,3.700000000000925e-05,0.0061960419989191,2.0999999999993246e-05,0.0019171670428477228,0.0005080000000000084
0.004196291964035481,2.4999999999997247e-05,0.0007297919946722686,0.00010300000000001974,0.002380582969635725,4.099999999995774e-05,0.0011790840071626008,4.399999999998849e-05,0.004944208019878715,4.500000000001725e-05,0.0019320419523864985,0.0004870000000000152
0.0033711669966578484,4.199999999998649e-05,0.000739125011023134,0.00017099999999997673,0.00134545803302899,5.099999999996774e-05,0.001145124959293753,4.500000000001725e-05,0.007570917019620538,1.9000000000046757e-05,0.002162459015380591,0.0004870000000000152
0.002933209005277604,4.300000000001525e-05,0.0012293750187382102,0.000130000000000019,0.00251520803431049,2.6000000000026002e-05,0.0005511249764822423,1.8000000000018e-05,0.005087625002488494,3.700000000000925e-05,0.002012458979152143,0.0005359999999999809
Average,0.0034042335930280386,3.5599999999991196e-05,0.0010304667986929417,0.00012660000000001004,0.0021311164018698037,3.5399999999996544e-05,0.0010403751861304046,3.5600000000002295e-05,0.005665741814300418,3.36000000000114e-05,0.0020059922011569143,0.0005112000000000117
