CreateTableRealTime,CreateTableCPUTime,LoadDataRealTime,LoadDataCPUTime,CreateIndexRealTime,CreateIndexCPUTime,AnalyzeRealTime,AnalyzeCPUTime,ExecuteQueryRealTime,ExecuteQueryCPUTime,WriteResultRealTime,WriteResultCPUTime
0.0026260409504175186,5.099999999996774e-05,0.00148433301365003,8.999999999997899e-05,0.0025107499677687883,1.599999999996049e-05,0.0005536249955184758,1.2999999999985246e-05,0.0033353749895468354,3.500000000000725e-05,0.0014027500292286277,0.00037399999999998546
0.004365458036772907,4.799999999999249e-05,0.0013133329921402037,0.00018399999999996197,0.0027331250021234155,4.700000000001925e-05,0.0014102499699220061,3.4000000000034e-05,0.0038905420224182308,2.0999999999993246e-05,0.001831167028285563,0.0004109999999999947
0.002633417025208473,5.0000000000050004e-05,0.001017125032376498,0.00014500000000000624,0.002189040998928249,2.0999999999993246e-05,0.00048279203474521637,2.4999999999997247e-05,0.003935166052542627,4.100000000001325e-05,0.0014769589761272073,0.0003769999999999607
0.0032516670180484653,1.6999999999989246e-05,0.001024375029373914,0.00010599999999999499,0.0012797079980373383,5.299999999996974e-05,0.000789790996350348,3.900000000001125e-05,0.004359874990768731,3.6000000000036e-05,0.000864707981236279,0.0003069999999999462
0.0030145830241963267,1.6999999999989246e-05,0.001165791996754706,8.80000000000325e-05,0.0019772090017795563,2.9000000000001247e-05,0.0004907500115223229,2.3000000000050758e-05,0.004183082957752049,4.100000000001325e-05,0.001360708032734692,0.00042800000000003946
Average,0.003178233210928738,3.6599999999997745e-05,0.0012009916128590703,0.00012259999999999493,0.0021379665937274694,3.319999999998879e-05,0.0007454416016116738,2.68000000000157e-05,0.003940808202605695,3.4800000000012596e-05,0.0013872584095224738,0.0003793999999999853
