CreateTableRealTime,CreateTableCPUTime,LoadDataRealTime,LoadDataCPUTime,CreateIndexRealTime,CreateIndexCPUTime,AnalyzeRealTime,AnalyzeCPUTime,ExecuteQueryRealTime,ExecuteQueryCPUTime,WriteResultRealTime,WriteResultCPUTime
0.0030150869999943097,0.00011299999999997423,0.004389902999946571,0.00035330000000000084,0.007187051000073552,0.00011179999999999524,0.0036507969998638146,0.000113600000000047,0.010832074999825636,0.0001426999999999956,0.0017316450000635086,0.0012268000000000279
0.0031293860001824214,0.00010789999999999411,0.004037612000047375,0.0002690999999999666,0.007358973000009428,0.00015840000000000298,0.003658787000176744,0.00012619999999996523,0.010615861000133009,0.00015640000000000098,0.0017115359999024804,0.001223099999999977
Average,0.0030722365000883656,0.00011044999999998417,0.004213757499996973,0.0003111999999999837,0.00727301200004149,0.0001350999999999991,0.0036547920000202794,0.00011990000000000611,0.010723967999979322,0.0001495499999999983,0.0017215904999829945,0.0012249500000000024
