CreateTableRealTime,CreateTableCPUTime,LoadDataRealTime,LoadDataCPUTime,CreateIndexRealTime,CreateIndexCPUTime,AnalyzeRealTime,AnalyzeCPUTime,ExecuteQueryRealTime,ExecuteQueryCPUTime,WriteResultRealTime,WriteResultCPUTime
0.0025151250301860273,4.300000000001525e-05,0.0008142919978126884,8.900000000000574e-05,0.001491583010647446,4.100000000001325e-05,0.0006789170438423753,3.4000000000034e-05,0.002570750017184764,1.3000000000040757e-05,0.0008203749894164503,0.0002969999999999917
0.0033528750063851476,3.0000000000030003e-05,0.0010795840062201023,0.00017200000000000548,0.001201000006403774,1.7000000000044757e-05,0.00041087501449510455,1.999999999996449e-05,0.004819291993044317,3.399999999997849e-05,0.001302707998547703,0.0003309999999999702
0.004667125002015382,4.399999999998849e-05,0.0010067499824799597,0.00014799999999998148,0.0020270419772714376,3.999999999998449e-05,0.0015184579533524811,3.500000000000725e-05,0.003710124990902841,1.8999999999991246e-05,0.0014292089617811143,0.0004069999999999907
0.0027058330015279353,4.500000000001725e-05,0.0010537499911151826,0.00017400000000000748,0.0014055409701541066,1.8999999999991246e-05,0.0008535420056432486,4.100000000001325e-05,0.003875291033182293,1.399999999995849e-05,0.0014472919865511358,0.00033600000000000296
0.004046457994263619,4.399999999998849e-05,0.0010429589892737567,0.00014799999999998148,0.002071790979243815,3.700000000000925e-05,0.0011217499850317836,1.3000000000040757e-05,0.004244833020493388,1.6999999999989246e-05,0.0016347080236300826,0.0004410000000000247
Average,0.0034574832068756224,4.12000000000079e-05,0.000999466993380338,0.00014619999999999634,0.001639391388744116,3.0800000000008596e-05,0.0009167084004729986,2.860000000001195e-05,0.003844058210961521,1.9399999999991645e-05,0.0013268583919852973,0.00036239999999999607
