CreateTableRealTime,CreateTableCPUTime,LoadDataRealTime,LoadDataCPUTime,CreateIndexRealTime,CreateIndexCPUTime,AnalyzeRealTime,AnalyzeCPUTime,ExecuteQueryRealTime,ExecuteQueryCPUTime,WriteResultRealTime,WriteResultCPUTime
0.005033077999996749,0.00013649999999998386,0.004307165999989593,0.0004335000000000866,0.008302367999931448,0.00017009999999995085,0.0023523219999788125,0.00015359999999997598,0.0059697710000818915,0.00018550000000006062,0.001225689999955648,0.0005219000000000751
0.004780047000167542,0.00015379999999998173,0.003057143999967593,0.0005422999999999956,0.007997433999889836,0.0001607000000000136,0.0038294139999379695,0.00017840000000002298,0.00595103199998448,0.00016890000000002736,0.0011502720001317357,0.0005459999999999354
Average,0.0049065625000821456,0.0001451499999999828,0.003682154999978593,0.0004879000000000411,0.008149900999910642,0.00016539999999998223,0.003090867999958391,0.00016599999999999948,0.005960401500033186,0.000177200000000044,0.001187981000043692,0.0005339500000000053
