CreateTableRealTime,CreateTableCPUTime,LoadDataRealTime,LoadDataCPUTime,CreateIndexRealTime,CreateIndexCPUTime,AnalyzeRealTime,AnalyzeCPUTime,ExecuteQueryRealTime,ExecuteQueryCPUTime,WriteResultRealTime,WriteResultCPUTime
0.0,0.0,0.01000000536441803,0.0,0.0,0.0,0.009999997913837433,0.0,0.009999997913837433,0.0,0.0,0.0
0.01000000536441803,0.0,0.0,0.0,0.009999997913837433,0.0,0.0,0.0,0.009999997913837433,0.0,0.0,0.0
0.009999997913837433,0.0,0.0,0.0,0.01000000536441803,0.0,0.0,0.0,0.009999997913837433,0.0,0.0,0.0
Average,0.0066666677594184875,0.0,0.0033333351214726767,0.0,0.0066666677594184875,0.0,0.003333332637945811,0.0,0.009999997913837433,0.0,0.0,0.0
