CreateTableRealTime,CreateTableCPUTime,LoadDataRealTime,LoadDataCPUTime,CreateIndexRealTime,CreateIndexCPUTime,AnalyzeRealTime,AnalyzeCPUTime,ExecuteQueryRealTime,ExecuteQueryCPUTime,WriteResultRealTime,WriteResultCPUTime
0.0027065259998835245,7.210000000001937e-05,0.002571020999994289,0.0002854999999999941,0.008000414000207456,0.00011450000000001737,0.0035009509999781585,0.00013059999999998073,0.00826060300005338,0.00013780000000002124,0.0014230360000055953,0.0009272000000000169
0.006243478999977015,0.00016529999999997935,0.004138821999958964,0.00030769999999996633,0.007315604000041276,0.000132000000000021,0.0036032549999163166,0.000115600000000049,0.009490642999935517,0.00015490000000001336,0.0015307169999232428,0.001032299999999986
Average,0.0044750024999302696,0.00011869999999999936,0.0033549214999766264,0.0002965999999999802,0.007658009000124366,0.00012325000000001918,0.0035521029999472375,0.00012310000000001486,0.008875622999994448,0.0001463500000000173,0.001476876499964419,0.0009797500000000015
