CreateTableRealTime,CreateTableCPUTime,LoadDataRealTime,LoadDataCPUTime,CreateIndexRealTime,CreateIndexCPUTime,AnalyzeRealTime,AnalyzeCPUTime,ExecuteQueryRealTime,ExecuteQueryCPUTime,WriteResultRealTime,WriteResultCPUTime
0.00427204102743417,4.300000000001525e-05,0.0031100829946808517,0.000132000000000021,0.0047115840134210885,4.0000000000040004e-05,0.0013067499967291951,3.500000000000725e-05,0.017884249973576516,3.6999999999953737e-05,0.003478041966445744,0.0006959999999999744
0.0032111670006997883,3.999999999998449e-05,0.0023011669982224703,0.00010599999999999499,0.002852707984857261,3.799999999998249e-05,0.0010198329691775143,3.500000000000725e-05,0.010599208006169647,3.700000000000925e-05,0.0019473330467008054,0.0007270000000000332
0.0026434159954078496,4.299999999995974e-05,0.0022709170007146895,0.00017599999999995397,0.0036813750048168004,3.900000000001125e-05,0.0009301670361310244,3.4000000000034e-05,0.011376000009477139,3.500000000000725e-05,0.0025472909910604358,0.0007170000000000232
0.003280541975982487,4.900000000002125e-05,0.003107291995547712,0.00012899999999999023,0.003772249969188124,4.199999999998649e-05,0.001569791988003999,3.8000000000038e-05,0.01285300002200529,3.6999999999953737e-05,0.00200358300935477,0.0007070000000000132
0.0031237920047715306,4.499999999996174e-05,0.002613415999803692,0.000142000000000031,0.003426124982070178,3.900000000001125e-05,0.001255250012036413,1.2999999999985246e-05,0.011955333000514656,4.199999999998649e-05,0.0019699580152519047,0.0006599999999999939
Average,0.0033061916008591654,4.399999999998849e-05,0.002680574997793883,0.00013699999999999823,0.0036888083908706904,3.9600000000006295e-05,0.001216358400415629,3.100000000001435e-05,0.01293355820234865,3.759999999998209e-05,0.002389241405762732,0.0007014000000000076
