CreateTableRealTime,CreateTableCPUTime,LoadDataRealTime,LoadDataCPUTime,CreateIndexRealTime,CreateIndexCPUTime,AnalyzeRealTime,AnalyzeCPUTime,ExecuteQueryRealTime,ExecuteQueryCPUTime,WriteResultRealTime,WriteResultCPUTime
0.0030866669840179384,4.799999999999249e-05,0.0024118750006891787,9.300000000000974e-05,0.002633750031236559,2.4000000000024002e-05,0.0006192500004544854,2.2000000000022002e-05,0.008079082996118814,2.0000000000020002e-05,0.002411708002910018,0.0007559999999999789
0.0033047919860109687,4.900000000002125e-05,0.0025882089976221323,0.00014199999999997548,0.0017552500357851386,1.6000000000016e-05,0.0005026670405641198,4.300000000001525e-05,0.010445874999277294,4.299999999995974e-05,0.002363957988563925,0.0006519999999999859
0.00276233401382342,4.300000000001525e-05,0.002344957960303873,0.00011099999999997223,0.001928207988385111,3.8000000000038e-05,0.0008777090115472674,3.500000000000725e-05,0.014956291997805238,1.8999999999991246e-05,0.0033767500426620245,0.0007040000000000379
0.003741209045983851,2.2999999999995246e-05,0.001025750010740012,0.00014599999999997948,0.0024848749744705856,5.0000000000050004e-05,0.0012127499794587493,3.700000000000925e-05,0.00927908398443833,4.799999999999249e-05,0.002584375033620745,0.0007179999999999964
0.0034037919831462204,3.799999999998249e-05,0.002031959011219442,0.00010100000000001774,0.0026953339693136513,1.8000000000018e-05,0.0015463330200873315,1.7000000000044757e-05,0.00985254201805219,2.6999999999999247e-05,0.0015686670085415244,0.0006550000000000167
Average,0.0032597588025964795,4.020000000000134e-05,0.0020805501961149277,0.00011859999999999093,0.002299483399838209,2.9200000000029204e-05,0.0009517418104223907,3.08000000000197e-05,0.010522575199138373,3.1399999999992544e-05,0.0024610916152596474,0.0006970000000000032
