CreateTableRealTime,CreateTableCPUTime,LoadDataRealTime,LoadDataCPUTime,CreateIndexRealTime,CreateIndexCPUTime,AnalyzeRealTime,AnalyzeCPUTime,ExecuteQueryRealTime,ExecuteQueryCPUTime,WriteResultRealTime,WriteResultCPUTime
0.0028942700000698096,0.00010959999999998749,0.0025725340001372388,0.0004029999999999867,0.008163118000084069,0.00019879999999999898,0.0037670829999569833,0.00014900000000001024,0.007525147000023935,0.000142000000000031,0.0012112899999010551,0.0007184000000000079
0.004636431999870183,9.580000000003475e-05,0.0026657470000372996,0.0003082000000000362,0.008570915000063906,0.0001651000000000291,0.004108697999981814,0.0001414999999999611,0.006839760999810096,0.00014690000000000536,0.0013669830000253569,0.00085869999999999
Average,0.0037653509999699963,0.00010270000000001112,0.002619140500087269,0.00035560000000001146,0.008367016500073987,0.00018195000000001404,0.003937890499969399,0.00014524999999998567,0.007182453999917016,0.00014445000000001817,0.001289136499963206,0.000788549999999999
