DatalogToCPPRealTime,DatalogToCPPCPUTime,CompileRealTime,CompileCPUTime,InstanceLoadingRealTime,InstanceLoadingCPUTime,LoadingFactRealTime,LoadingFactCPUTime,QueryRealTime,QueryCPUTime,WritingResultRealTime,WritingResultCPUTime
0.009999990463256836,0.0,1.5,1.53,0.000166625,0.000165,0.00464575,0.003732,0.00152108,0.001503,0.000246208,0.000245
0.009999990463256836,0.0,1.5,1.53,0.000149,0.000148,0.00370679,0.003704,0.00134275,0.001308,0.000128375,0.000127
0.009999990463256836,0.0,1.5,1.53,0.0001565,0.000144,0.00347983,0.003469,0.00142408,0.001419,0.000292125,0.000153
0.009999990463256836,0.0,1.5,1.53,0.000193959,0.000191,0.00395375,0.003902,0.00150354,0.001496,0.000158209,0.000156
0.009999990463256836,0.0,1.5,1.52,0.000139208,0.000138,0.00368088,0.003678,0.0014545,0.001445,0.000195875,0.000194
Average,0.009999990463256836,0.0,1.5,1.528,0.0001610584,0.0001572,0.0038934000000000004,0.003697,0.00144919,0.0014342,0.0002041584,0.00017499999999999997
