DatalogToCPPRealTime,DatalogToCPPCPUTime,CompileRealTime,CompileCPUTime,InstanceLoadingRealTime,InstanceLoadingCPUTime,LoadingFactRealTime,LoadingFactCPUTime,QueryRealTime,QueryCPUTime,WritingResultRealTime,WritingResultCPUTime
0.009999990463256836,0.0,1.5,1.52,0.000143084,0.000142,0.00279067,0.002788,0.00158913,0.001587,0.000268875,0.000268
0.009999990463256836,0.0,1.5,1.52,0.000183667,0.00018,0.002698,0.002666,0.00144012,0.001434,0.000195208,0.000193
0.009999990463256836,0.0,1.5,1.52,0.000156958,0.000156,0.00278775,0.002682,0.00152533,0.001513,0.000340958,0.00032
0.019999980926513672,0.0,1.5,1.53,0.000187291,0.000186,0.00275471,0.00274,0.00154442,0.001542,0.000225333,0.000225
0.009999990463256836,0.0,1.5,1.54,0.000157,0.000155,0.00251221,0.002509,0.00153312,0.001495,0.000186167,0.000185
Average,0.011999988555908203,0.0,1.5,1.5260000000000002,0.00016560000000000001,0.0001638,0.002708668,0.002677,0.001526424,0.0015141999999999998,0.00024330820000000004,0.0002382
