DatalogToCPPRealTime,DatalogToCPPCPUTime,CompileRealTime,CompileCPUTime,InstanceLoadingRealTime,InstanceLoadingCPUTime,LoadingFactRealTime,LoadingFactCPUTime,QueryRealTime,QueryCPUTime,WritingResultRealTime,WritingResultCPUTime
0.009999990463256836,0.0,1.5,1.52,0.00013875,0.000137,0.00420125,0.004194,0.00173125,0.001704,0.000237875,0.000235
0.009999990463256836,0.0,1.4800000190734863,1.5,0.000154041,0.000153,0.00427008,0.004233,0.00175312,0.001746,0.000242459,0.000216
0.009999990463256836,0.0,1.4900000095367432,1.52,0.000140125,0.000138,0.00404029,0.00403,0.00173746,0.001714,0.00028325,0.000237
0.009999990463256836,0.0,1.4900000095367432,1.52,0.000122042,0.000121,0.0037385,0.003733,0.00140921,0.001368,0.000160208,0.000159
0.009999990463256836,0.0,1.4900000095367432,1.51,0.000137292,0.000136,0.00411213,0.004059,0.00158442,0.001583,0.000148917,0.000147
Average,0.009999990463256836,0.0,1.4900000095367432,1.514,0.00013845,0.00013700000000000002,0.00407245,0.0040498,0.0016430919999999999,0.001623,0.0002145418,0.0001988
