DatalogToCPPRealTime,DatalogToCPPCPUTime,CompileRealTime,CompileCPUTime,InstanceLoadingRealTime,InstanceLoadingCPUTime,LoadingFactRealTime,LoadingFactCPUTime,QueryRealTime,QueryCPUTime,WritingResultRealTime,WritingResultCPUTime
0.009999990463256836,0.0,1.5,1.53,0.000147833,0.000147,0.00497604,0.003842,0.00159896,0.001598,0.000229792,0.000228
0.009999990463256836,0.0,1.5,1.54,0.000127792,0.000126,0.00435213,0.004346,0.00188796,0.001888,0.000197708,0.000197
0.009999990463256836,0.0,1.5,1.53,0.000100084,0.0001,0.00176108,0.001746,0.000827875,0.000827,0.0,0.0
0.009999990463256836,0.0,1.4900000095367432,1.51,0.00015325,0.00015,0.00361825,0.003616,0.00136838,0.001326,0.000117,0.000115
0.009999990463256836,0.0,1.4900000095367432,1.54,0.000169083,0.000167,0.00400175,0.003994,0.00169013,0.001667,0.000157542,0.000156
Average,0.009999990463256836,0.0,1.4960000038146972,1.53,0.00013960840000000002,0.00013800000000000002,0.00374185,0.0035088000000000003,0.001474661,0.0014612,0.00014040840000000002,0.0001392
