DatalogToCPPRealTime,DatalogToCPPCPUTime,CompileRealTime,CompileCPUTime,InstanceLoadingRealTime,InstanceLoadingCPUTime,LoadingFactRealTime,LoadingFactCPUTime,QueryRealTime,QueryCPUTime,WritingResultRealTime,WritingResultCPUTime
0.009999990463256836,0.0,1.4900000095367432,1.51,0.00012975,0.000128,0.00215333,0.002146,0.00087725,0.000876,0.000309792,0.000308
0.009999990463256836,0.0,1.4800000190734863,1.5,0.000152,0.00015,0.00234604,0.002328,0.000897125,0.000896,0.000179916,0.000178
0.009999990463256836,0.0,1.4900000095367432,1.51,0.000146875,0.000146,0.00212162,0.002117,0.000829583,0.000829,0.000141417,0.000141
0.009999990463256836,0.0,1.4800000190734863,1.51,0.00012725,0.000125,0.00198996,0.001986,0.000751417,0.000751,0.000148709,0.000147
0.0,0.0,1.5199999809265137,1.54,0.000136667,0.000136,0.00228204,0.002281,0.000867959,0.000867,0.000148916,0.000148
Average,0.007999992370605469,0.0,1.4920000076293944,1.5139999999999998,0.0001385084,0.00013700000000000002,0.0021785979999999995,0.0021716,0.0008446667999999999,0.0008437999999999999,0.00018575,0.00018439999999999998
