DatalogToCPPRealTime,DatalogToCPPCPUTime,CompileRealTime,CompileCPUTime,InstanceLoadingRealTime,InstanceLoadingCPUTime,LoadingFactRealTime,LoadingFactCPUTime,QueryRealTime,QueryCPUTime,WritingResultRealTime,WritingResultCPUTime
0.019999980926513672,0.0,1.4900000095367432,1.52,0.000168792,0.000167,0.00386433,0.003835,0.0021075,0.002087,0.000240083,0.000238
0.009999990463256836,0.0,1.5,1.52,0.000179125,0.000176,0.00389642,0.003892,0.00262467,0.002575,0.000156375,0.000156
0.009999990463256836,0.0,1.5,1.5,0.000196542,0.000193,0.00407821,0.00407,0.00252842,0.002508,0.000177208,0.000176
0.009999990463256836,0.0,1.4900000095367432,1.52,0.000154333,0.000154,0.00372317,0.003699,0.00254808,0.002506,0.000158375,0.000157
0.010000228881835938,0.0,1.5,1.53,0.000182834,0.000168,0.00381104,0.003768,0.00245092,0.002448,0.000147375,0.000147
Average,0.012000036239624024,0.0,1.4960000038146972,1.5180000000000002,0.00017632519999999998,0.0001716,0.0038746339999999996,0.0038528,0.002451918,0.0024248,0.0001758832,0.0001748
