DatalogToCPPRealTime,DatalogToCPPCPUTime,CompileRealTime,CompileCPUTime,InstanceLoadingRealTime,InstanceLoadingCPUTime,LoadingFactRealTime,LoadingFactCPUTime,QueryRealTime,QueryCPUTime,WritingResultRealTime,WritingResultCPUTime
0.009999990463256836,0.0,1.5,1.53,0.000143625,0.000141,0.00415775,0.003291,0.00127525,0.001273,0.00020125,0.000172
0.009999990463256836,0.0,1.5099999904632568,1.54,0.000156083,0.000155,0.00346967,0.003445,0.00130629,0.001286,0.000299959,0.000296
0.009999990463256836,0.0,1.5,1.54,0.0001985,0.000197,0.00385817,0.003844,0.00167117,0.001645,0.000391917,0.00039
0.009999990463256836,0.0,1.5099999904632568,1.53,0.000144417,0.000143,0.00209688,0.002083,0.000846667,0.000846,0.0,0.0
0.009999990463256836,0.0,1.5,1.53,0.000143833,0.000143,0.00338592,0.003352,0.00137817,0.001359,0.000164834,0.000164
Average,0.009999990463256836,0.0,1.5039999961853028,1.5340000000000003,0.00015729159999999998,0.00015580000000000002,0.003393678,0.003203,0.0012955094,0.0012818,0.00021159199999999998,0.00020440000000000004
