environment,cpu_time,size,position,factor
xsb,0.00033340000000000046,400,1,
xsb,0.0003339999999999994,300,2,100.17996400719824
duckdb,0.0014573999999999865,300,3,436.3473053892183
duckdb,0.001947399999999999,400,4,133.62151777137484
