environment,real_time,size,position,factor
xsb,0.00034356117248535167,300,1,
xsb,0.0003440380096435546,400,2,100.13879250520465
duckdb,0.001103866402991116,300,3,320.85594383445954
duckdb,0.001143199997022748,400,4,103.56325674239662
