DatalogToCPPRealTime,DatalogToCPPCPUTime,CompileRealTime,CompileCPUTime,InstanceLoadingRealTime,InstanceLoadingCPUTime,LoadingFactRealTime,LoadingFactCPUTime,QueryRealTime,QueryCPUTime,WritingResultRealTime,WritingResultCPUTime
0.019999980926513672,0.0,1.4000000953674316,1.4200000000000002,0.000146084,0.000145,0.00422475,0.00422,0.906534,0.90651,0.155611,0.155606
0.009999990463256836,0.009999999999999995,1.3599998950958252,1.3900000000000001,0.000150292,0.000149,0.00320638,0.003206,0.900087,0.900085,0.156994,0.15684
0.009999990463256836,0.0,1.3499999046325684,1.3900000000000001,0.000150292,0.00015,0.00405425,0.004037,0.907402,0.907399,0.153176,0.153174
0.009999990463256836,0.009999999999999995,1.3599998950958252,1.3900000000000001,0.0,0.0,0.00313313,0.001975,0.886142,0.886098,0.15268,0.152678
0.009999990463256836,0.0,1.3500001430511475,1.3900000000000001,0.000132625,0.000131,0.00418187,0.004163,0.908298,0.908293,0.154698,0.154688
Average,0.011999988555908203,0.003999999999999998,1.3639999866485595,1.3960000000000004,0.0001158586,0.000115,0.0037600759999999998,0.0035202000000000002,0.9016926,0.9016770000000001,0.1546318,0.1545972
