DatalogToCPPRealTime,DatalogToCPPCPUTime,CompileRealTime,CompileCPUTime,InstanceLoadingRealTime,InstanceLoadingCPUTime,LoadingFactRealTime,LoadingFactCPUTime,QueryRealTime,QueryCPUTime,WritingResultRealTime,WritingResultCPUTime
0.009999990463256836,0.0,1.429999828338623,1.46,0.000154,0.000152,0.00122708,0.001225,0.00413721,0.004109,0.0016875,0.001686
0.009999990463256836,0.0,1.4399998188018799,1.46,0.000255958,0.000208,0.00151879,0.001492,0.00470863,0.004693,0.0022455,0.002196
0.009999990463256836,0.010000000000000002,1.440000057220459,1.46,0.000142,0.000142,0.000777833,0.000777,0.00271563,0.002712,0.0011145,0.001113
0.009999990463256836,0.0,1.440000057220459,1.46,0.000147833,0.000146,0.00141821,0.001416,0.004078,0.004055,0.00187937,0.001862
0.019999980926513672,0.0,1.4600000381469727,1.48,0.0001455,0.000144,0.00134388,0.001335,0.00416592,0.004161,0.00188046,0.001825
Average,0.011999988555908203,0.0020000000000000005,1.4419999599456788,1.464,0.0001690582,0.0001584,0.0012571586,0.001249,0.003961078000000001,0.003946,0.0017614660000000002,0.0017364000000000001
