DatalogToCPPRealTime,DatalogToCPPCPUTime,CompileRealTime,CompileCPUTime,InstanceLoadingRealTime,InstanceLoadingCPUTime,LoadingFactRealTime,LoadingFactCPUTime,QueryRealTime,QueryCPUTime,WritingResultRealTime,WritingResultCPUTime
0.009999990463256836,0.0,1.4500000476837158,1.47,0.00020975,0.000206,0.00133021,0.001314,0.00414525,0.004115,0.00170621,0.001705
0.010000228881835938,0.0,1.4399998188018799,1.47,0.000161417,0.00016,0.00127479,0.001257,0.00432654,0.004317,0.00196267,0.00194
0.009999990463256836,0.0,1.4399998188018799,1.47,0.000174291,0.000173,0.000855917,0.000855,0.00300096,0.003001,0.00116917,0.001168
0.009999990463256836,0.0,1.4500000476837158,1.48,0.000177208,0.000175,0.00137946,0.001374,0.00405833,0.00403,0.00189258,0.00187
0.009999990463256836,0.0,1.440000057220459,1.47,0.000160333,0.000159,0.00126037,0.001255,0.00446863,0.004389,0.00166267,0.001661
Average,0.010000038146972656,0.0,1.44399995803833,1.472,0.0001765998,0.0001746,0.0012201494,0.001211,0.003999942,0.0039704,0.0016786599999999998,0.0016687999999999998
