DatalogToCPPRealTime,DatalogToCPPCPUTime,CompileRealTime,CompileCPUTime,InstanceLoadingRealTime,InstanceLoadingCPUTime,LoadingFactRealTime,LoadingFactCPUTime,QueryRealTime,QueryCPUTime,WritingResultRealTime,WritingResultCPUTime
0.009999990463256836,0.0,1.3399999141693115,1.3800000000000001,0.000156542,0.000154,0.00171867,0.001583,0.07984,0.07982,0.0133132,0.012975
0.009999990463256836,0.010000000000000009,1.3299999237060547,1.3800000000000001,0.000148292,0.000147,0.00174362,0.001741,0.082182,0.082163,0.0132177,0.012862
0.019999980926513672,0.0,1.3299999237060547,1.3800000000000001,0.00013925,0.000138,0.00155417,0.001552,0.0806937,0.080676,0.0125898,0.012589
0.020000219345092773,0.0,1.3299999237060547,1.36,0.000146542,0.000144,0.00152883,0.001525,0.0796515,0.079628,0.0126134,0.012612
0.019999980926513672,0.0,1.3300001621246338,1.3800000000000001,0.00015875,0.000157,0.00173671,0.001733,0.08187,0.081848,0.0124901,0.01249
Average,0.016000032424926758,0.0020000000000000018,1.3319999694824218,1.3760000000000001,0.0001498752,0.000148,0.0016564,0.0016268,0.08084743999999999,0.08082700000000001,0.012844840000000001,0.012705600000000001
