DatalogToCPPRealTime,DatalogToCPPCPUTime,CompileRealTime,CompileCPUTime,InstanceLoadingRealTime,InstanceLoadingCPUTime,LoadingFactRealTime,LoadingFactCPUTime,QueryRealTime,QueryCPUTime,WritingResultRealTime,WritingResultCPUTime
0.0,0.0,1.4399998188018799,1.46,0.000191167,0.000189,0.00447496,0.004454,0.0149056,0.014846,0.00466196,0.004661
0.009999990463256836,0.0,1.4499998092651367,1.47,0.000164292,0.000163,0.00406413,0.004052,0.0165809,0.016545,0.00440233,0.004401
0.009999990463256836,0.010000000000000002,1.4399998188018799,1.46,0.0001755,0.000174,0.00450962,0.004475,0.0161095,0.016086,0.00534696,0.004533
0.009999990463256836,0.0,1.4500000476837158,1.48,0.000176458,0.000175,0.00407221,0.004041,0.0145229,0.014515,0.004378,0.004377
0.009999990463256836,0.0,1.4500000476837158,1.47,0.000146292,0.000146,0.00391487,0.003897,0.0155973,0.015591,0.00428196,0.004281
Average,0.007999992370605469,0.0020000000000000005,1.4459999084472657,1.4679999999999997,0.0001707418,0.0001694,0.004207158,0.0041838,0.01554324,0.015516600000000002,0.004614242,0.0044506
