DatalogToCPPRealTime,DatalogToCPPCPUTime,CompileRealTime,CompileCPUTime,InstanceLoadingRealTime,InstanceLoadingCPUTime,LoadingFactRealTime,LoadingFactCPUTime,QueryRealTime,QueryCPUTime,WritingResultRealTime,WritingResultCPUTime
0.009999990463256836,0.0,1.4500000476837158,1.47,0.000200416,0.000199,0.00348483,0.003482,0.0380934,0.038056,0.00264658,0.002645
0.009999990463256836,0.010000000000000002,1.440000057220459,1.47,0.000215458,0.0002,0.00337725,0.003365,0.0370637,0.037029,0.00262363,0.002622
0.009999990463256836,0.010000000000000002,1.440000057220459,1.48,0.0001835,0.000182,0.00334621,0.003308,0.0371067,0.037057,0.00738013,0.002969
0.009999990463256836,0.0,1.4499998092651367,1.47,0.000175916,0.000173,0.003576,0.003571,0.0380208,0.037986,0.00258379,0.002583
0.009999990463256836,0.010000000000000002,1.4500000476837158,1.46,0.00019075,0.000189,0.00231892,0.002319,0.0320788,0.032067,0.00240371,0.002403
Average,0.009999990463256836,0.006000000000000001,1.4460000038146972,1.47,0.000193208,0.0001886,0.003220642,0.003209,0.03647267999999999,0.036439,0.0035275679999999996,0.0026444000000000003
