DatalogToCPPRealTime,DatalogToCPPCPUTime,CompileRealTime,CompileCPUTime,InstanceLoadingRealTime,InstanceLoadingCPUTime,LoadingFactRealTime,LoadingFactCPUTime,QueryRealTime,QueryCPUTime,WritingResultRealTime,WritingResultCPUTime
0.009999990463256836,0.0,1.3299999237060547,1.3800000000000001,0.000150625,0.000149,0.0051785,0.00516,1.57611,1.57611,0.262546,0.262544
0.019999980926513672,0.0,1.3299999237060547,1.37,0.000155375,0.000155,0.00535329,0.005306,1.59509,1.59085,0.257306,0.255933
0.009999990463256836,0.020000000000000004,1.3399999141693115,1.37,0.000143042,0.000142,0.00586567,0.005847,1.57853,1.57853,0.254586,0.253806
0.009999990463256836,0.009999999999999995,1.3300001621246338,1.37,0.000146,0.000145,0.00513683,0.005118,1.5812,1.5812,0.254246,0.253785
0.009999990463256836,0.0,1.3400001525878906,1.37,0.000150917,0.00015,0.00535542,0.005335,1.58628,1.58628,0.256201,0.254906
Average,0.011999988555908203,0.006,1.334000015258789,1.372,0.0001491918,0.00014819999999999997,0.005377941999999999,0.005353200000000001,1.5834419999999998,1.5825939999999998,0.256977,0.2561948
