DatalogToCPPRealTime,DatalogToCPPCPUTime,CompileRealTime,CompileCPUTime,InstanceLoadingRealTime,InstanceLoadingCPUTime,LoadingFactRealTime,LoadingFactCPUTime,QueryRealTime,QueryCPUTime,WritingResultRealTime,WritingResultCPUTime
0.009999990463256836,0.010000000000000002,1.4399998188018799,1.47,0.000183917,0.000182,0.00394017,0.003933,0.042273,0.042245,0.00278796,0.002788
0.009999990463256836,0.0,1.4600000381469727,1.47,0.000163916,0.000163,0.00217442,0.002174,0.0330898,0.033085,0.00254333,0.002542
0.009999990463256836,0.010000000000000002,1.4500000476837158,1.48,0.000190875,0.00019,0.00360612,0.003598,0.0417875,0.041753,0.00279113,0.002791
0.009999990463256836,0.010000000000000002,1.4500000476837158,1.47,0.000176125,0.000176,0.00392663,0.003913,0.0418517,0.041814,0.00271904,0.002716
0.009999990463256836,0.010000000000000002,1.4500000476837158,1.47,0.000251667,0.00025,0.00402037,0.003995,0.0426491,0.042623,0.00278667,0.002785
Average,0.009999990463256836,0.008000000000000002,1.45,1.472,0.0001933,0.0001922,0.0035335419999999998,0.0035226,0.04033022,0.040304,0.002725626,0.0027243999999999997
