DatalogToCPPRealTime,DatalogToCPPCPUTime,CompileRealTime,CompileCPUTime,InstanceLoadingRealTime,InstanceLoadingCPUTime,LoadingFactRealTime,LoadingFactCPUTime,QueryRealTime,QueryCPUTime,WritingResultRealTime,WritingResultCPUTime
0.010000228881835938,0.0,1.4499998092651367,1.47,0.000242208,0.00024,0.00128996,0.001286,0.0128204,0.012787,0.00144388,0.001443
0.009999990463256836,0.0,1.4499998092651367,1.47,0.000197584,0.000196,0.00129079,0.00129,0.0117786,0.011724,0.00140163,0.001401
0.009999990463256836,0.0,1.4599997997283936,1.48,0.000190958,0.00019,0.000858333,0.000857,0.0102533,0.01025,0.00103521,0.001035
0.009999990463256836,0.0,1.4499998092651367,1.47,0.000191583,0.000191,0.00121704,0.001195,0.011018,0.010991,0.00140058,0.0014
0.009999990463256836,0.0,1.4499998092651367,1.48,0.000189709,0.000188,0.00121925,0.001202,0.0109971,0.010976,0.00140946,0.001409
Average,0.010000038146972656,0.0,1.451999807357788,1.4739999999999998,0.00020240839999999998,0.000201,0.0011750746,0.001166,0.01137348,0.0113456,0.001338152,0.0013376
