DatalogToCPPRealTime,DatalogToCPPCPUTime,CompileRealTime,CompileCPUTime,InstanceLoadingRealTime,InstanceLoadingCPUTime,LoadingFactRealTime,LoadingFactCPUTime,QueryRealTime,QueryCPUTime,WritingResultRealTime,WritingResultCPUTime
0.009999990463256836,0.009999999999999995,1.3399999141693115,1.3800000000000001,0.000106792,0.000106,0.00264438,0.002642,175.781,175.781,0.261192,0.261189
0.009999990463256836,0.010000000000000009,1.369999885559082,1.4100000000000001,0.000137625,0.000137,0.00415158,0.004047,175.698,175.698,0.256725,0.256723
0.019999980926513672,0.0,1.3499999046325684,1.3900000000000001,0.000149917,0.000148,0.00519108,0.005164,175.94,175.94,0.253624,0.253623
0.009999990463256836,0.0,1.3499999046325684,1.3900000000000001,0.000128,0.000127,0.00495346,0.004929,176.015,176.015,0.254372,0.254371
0.009999990463256836,0.010000000000000009,1.369999885559082,1.4100000000000001,0.0001395,0.000138,0.00454563,0.004536,175.963,175.963,0.254707,0.254705
Average,0.011999988555908203,0.006000000000000003,1.3559998989105224,1.3960000000000001,0.0001323668,0.0001312,0.0042972259999999995,0.004263600000000001,175.8794,175.8794,0.256124,0.25612219999999997
