DatalogToCPPRealTime,DatalogToCPPCPUTime,CompileRealTime,CompileCPUTime,InstanceLoadingRealTime,InstanceLoadingCPUTime,LoadingFactRealTime,LoadingFactCPUTime,QueryRealTime,QueryCPUTime,WritingResultRealTime,WritingResultCPUTime
0.009999990463256836,0.009999999999999995,1.3500001430511475,1.3800000000000001,0.000156959,0.000155,0.00324912,0.003245,0.454529,0.454509,0.07774,0.077739
0.009999990463256836,0.009999999999999995,1.4000000953674316,1.4200000000000002,0.000126625,0.000125,0.00299917,0.002977,0.451946,0.451945,0.0784312,0.07843
0.009999990463256836,0.009999999999999995,1.3399999141693115,1.37,0.000146,0.000145,0.00292538,0.002904,0.452579,0.452578,0.0771692,0.077169
0.009999990463256836,0.009999999999999995,1.4000000953674316,1.4100000000000001,0.000145834,0.000145,0.00343529,0.003416,0.451862,0.451854,0.0777737,0.077772
0.019999980926513672,0.0,1.3399999141693115,1.3800000000000001,0.000135375,0.000133,0.00290787,0.00289,0.453309,0.453307,0.076281,0.07628
Average,0.011999988555908203,0.007999999999999997,1.3660000324249268,1.392,0.00014215860000000002,0.0001406,0.003103366,0.0030864000000000004,0.45284500000000005,0.45283860000000004,0.07747902,0.077478
