DatalogToCPPRealTime,DatalogToCPPCPUTime,CompileRealTime,CompileCPUTime,InstanceLoadingRealTime,InstanceLoadingCPUTime,LoadingFactRealTime,LoadingFactCPUTime,QueryRealTime,QueryCPUTime,WritingResultRealTime,WritingResultCPUTime
0.0,0.0,1.440000057220459,1.46,0.000155083,0.000154,0.00264063,0.002589,0.00937258,0.00934,0.00294104,0.002938
0.009999990463256836,0.0,1.440000057220459,1.46,0.000147333,0.000146,0.00264058,0.002622,0.00818592,0.008117,0.00296138,0.00296
0.009999990463256836,0.0,1.440000057220459,1.47,0.000198,0.000195,0.0024335,0.002346,0.00919325,0.009165,0.00289267,0.002892
0.009999990463256836,0.0,1.440000057220459,1.46,0.000208083,0.000205,0.00276879,0.002749,0.0101881,0.010125,0.00297117,0.00297
0.009999990463256836,0.0,1.4600000381469727,1.49,0.00014625,0.000145,0.00250367,0.002501,0.0074835,0.007449,0.00311529,0.003114
Average,0.007999992370605469,0.0,1.4440000534057618,1.468,0.0001709498,0.00016900000000000002,0.002597434,0.0025614,0.008884669999999999,0.0088392,0.0029763100000000002,0.0029748000000000005
