DatalogToCPPRealTime,DatalogToCPPCPUTime,CompileRealTime,CompileCPUTime,InstanceLoadingRealTime,InstanceLoadingCPUTime,LoadingFactRealTime,LoadingFactCPUTime,QueryRealTime,QueryCPUTime,WritingResultRealTime,WritingResultCPUTime
0.019999980926513672,0.0,1.4099998474121094,1.4500000000000002,0.000187292,0.000186,0.00266425,0.002652,6.18852,6.17964,0.0289816,0.028977
0.019999980926513672,0.0,1.4199998378753662,1.4500000000000002,0.000118209,0.000118,0.000918625,0.000918,6.23173,6.21925,0.0288615,0.028857
0.010000228881835938,0.0,1.3799998760223389,1.4100000000000001,0.000156125,0.000155,0.00157129,0.00157,6.20197,6.19362,0.0283796,0.028379
0.019999980926513672,0.0,1.4500000476837158,1.48,0.000176875,0.000176,0.00155658,0.001555,6.23318,6.22419,0.0291073,0.029107
0.019999980926513672,0.009999999999999995,1.3600001335144043,1.3900000000000001,0.000138458,0.000137,0.001939,0.001918,6.184,6.17908,0.0285485,0.028547
Average,0.018000030517578126,0.001999999999999999,1.4039999485015868,1.4360000000000004,0.0001553918,0.00015439999999999999,0.0017299490000000002,0.0017226,6.20788,6.199156,0.028775699999999998,0.028773399999999998
