DatalogToCPPRealTime,DatalogToCPPCPUTime,CompileRealTime,CompileCPUTime,InstanceLoadingRealTime,InstanceLoadingCPUTime,LoadingFactRealTime,LoadingFactCPUTime,QueryRealTime,QueryCPUTime,WritingResultRealTime,WritingResultCPUTime
0.009999990463256836,0.0,1.4500000476837158,1.48,0.000198875,0.000187,0.00442012,0.004372,0.0430386,0.042999,0.00303058,0.00303
0.009999990463256836,0.010000000000000002,1.440000057220459,1.46,0.000178917,0.000176,0.00417429,0.004156,0.0431376,0.043126,0.00299188,0.00299
0.009999990463256836,0.010000000000000002,1.4500000476837158,1.49,0.000175084,0.000174,0.00442387,0.004418,0.0440389,0.04401,0.00297238,0.002972
0.009999990463256836,0.010000000000000002,1.440000057220459,1.47,0.000173125,0.000171,0.00405096,0.004031,0.043749,0.043707,0.00303529,0.003036
0.009999990463256836,0.010000000000000002,1.440000057220459,1.47,0.000178084,0.000177,0.00418196,0.004154,0.0433797,0.043365,0.00294404,0.002944
Average,0.009999990463256836,0.008000000000000002,1.4440000534057618,1.4739999999999998,0.000180817,0.000177,0.00425024,0.004226199999999999,0.04346876,0.0434414,0.002994834,0.0029944000000000004
