CreateTableRealTime,CreateTableCPUTime,LoadDataRealTime,LoadDataCPUTime,CreateIndexRealTime,CreateIndexCPUTime,AnalyzeRealTime,AnalyzeCPUTime,ExecuteQueryRealTime,ExecuteQueryCPUTime,WriteResultRealTime,WriteResultCPUTime
0.002779359999976805,9.039999999999049e-05,0.003903984000089622,0.00035009999999996433,0.007335274000070058,0.0001336000000000115,0.00427227800014407,0.00015850000000000586,0.0031800350000139588,0.00012100000000003774,0.000571898000089277,0.0002981999999999707
0.0026910569999927247,0.00010529999999997486,0.003910468999947625,0.0002654999999999741,0.00760534899995946,0.00014680000000000248,0.0036647490001087135,9.889999999995736e-05,0.00277161500002876,0.00010359999999998148,0.0005626360000405839,0.0003003000000000311
Average,0.002735208499984765,9.784999999998267e-05,0.0039072265000186235,0.0003077999999999692,0.007470311500014759,0.00014020000000000699,0.003968513500126392,0.0001286999999999816,0.0029758250000213593,0.00011230000000000961,0.0005672670000649305,0.0002992500000000009
