CreateTableRealTime,CreateTableCPUTime,LoadDataRealTime,LoadDataCPUTime,CreateIndexRealTime,CreateIndexCPUTime,AnalyzeRealTime,AnalyzeCPUTime,ExecuteQueryRealTime,ExecuteQueryCPUTime,WriteResultRealTime,WriteResultCPUTime
0.0032979579991661012,3.700000000000925e-05,0.0012494580005295575,9.799999999998699e-05,0.002776582958176732,4.399999999998849e-05,0.0012147080269642174,5.100000000002325e-05,0.004151917004492134,3.900000000001125e-05,0.0035152080236002803,0.0003850000000000242
0.004397832963149995,4.2000000000042004e-05,0.0015422499855048954,0.00012899999999999023,0.002303458983078599,3.599999999998049e-05,0.0009427500190213323,1.3000000000040757e-05,0.002569999953266233,2.2000000000022002e-05,0.00096129096345976,0.0002869999999999817
0.0031405420158989727,4.0000000000040004e-05,0.0011374580208212137,0.000126000000000015,0.0018611669656820595,4.399999999998849e-05,0.0009346249862574041,4.199999999998649e-05,0.0026532079791650176,3.599999999998049e-05,0.0009324579732492566,0.00028400000000000647
0.0036389169981703162,2.4999999999997247e-05,0.0014917500084266067,0.00014300000000000423,0.0029504590202122927,3.900000000001125e-05,0.001140874985139817,2.0999999999993246e-05,0.0016539579955860972,2.8000000000028002e-05,0.0009006669861264527,0.00032999999999999696
0.0031357089756056666,4.300000000001525e-05,0.0016199160018004477,0.00011200000000000099,0.0030834160279482603,4.799999999999249e-05,0.0008808330167084932,2.2000000000022002e-05,0.0013626660220324993,2.7000000000054758e-05,0.0008915829821489751,0.0002609999999999557
Average,0.0035221917903982105,3.740000000002075e-05,0.0014081664034165443,0.00012159999999999949,0.0025950167910195887,4.2199999999992244e-05,0.0010227582068182528,2.980000000001315e-05,0.0024783497909083964,3.04000000000193e-05,0.001440241385716945,0.000309399999999993
