CreateTableRealTime,CreateTableCPUTime,LoadDataRealTime,LoadDataCPUTime,CreateIndexRealTime,CreateIndexCPUTime,AnalyzeRealTime,AnalyzeCPUTime,ExecuteQueryRealTime,ExecuteQueryCPUTime,WriteResultRealTime,WriteResultCPUTime
0.0022087590000410273,7.490000000004438e-05,0.0019642760000806447,0.00024330000000000185,0.0069067719998656685,0.00010330000000002837,0.0035888080001313938,0.000128000000000017,0.0034121060000416037,0.0001451000000000091,0.0005415819998688676,0.0002782000000000062
0.002924190000157978,0.00013420000000002874,0.002128177000031428,0.00029770000000001184,0.008609346999946865,0.00011950000000005012,0.0020535230000859883,0.00011330000000003837,0.0054109069999412895,0.00013639999999998098,0.0008015490000161662,0.0004140999999999728
Average,0.0025664745000995026,0.00010455000000003656,0.0020462265000560365,0.00027050000000000685,0.007758059499906267,0.00011140000000003925,0.002821165500108691,0.00012065000000002768,0.004411506499991447,0.00014074999999999505,0.0006715654999425169,0.0003461499999999895
