CreateTableRealTime,CreateTableCPUTime,LoadDataRealTime,LoadDataCPUTime,CreateIndexRealTime,CreateIndexCPUTime,AnalyzeRealTime,AnalyzeCPUTime,ExecuteQueryRealTime,ExecuteQueryCPUTime,WriteResultRealTime,WriteResultCPUTime
0.019999995827674866,0.0,0.0,0.0,0.01000000536441803,0.020000000000000018,0.0,0.0,0.009999997913837433,0.0,0.0,0.0
0.009999997913837433,0.0,0.009999997913837433,0.0,0.0,0.0,0.01000000536441803,0.0,0.0,0.0,0.0,0.0
0.009999997913837433,0.0,0.009999997913837433,0.0,0.01000000536441803,0.0,0.0,0.0,0.009999997913837433,0.0,0.0,0.009999999999999953
Average,0.013333330551783243,0.0,0.006666665275891622,0.0,0.0066666702429453535,0.006666666666666672,0.0033333351214726767,0.0,0.006666665275891622,0.0,0.0,0.003333333333333318
