CreateTableRealTime,CreateTableCPUTime,LoadDataRealTime,LoadDataCPUTime,CreateIndexRealTime,CreateIndexCPUTime,AnalyzeRealTime,AnalyzeCPUTime,ExecuteQueryRealTime,ExecuteQueryCPUTime,WriteResultRealTime,WriteResultCPUTime
0.0027936060000683938,0.00015080000000000648,0.002546239000139394,0.0003066999999999931,0.007728720999921279,0.0002617999999999787,0.004267557000048328,0.00017329999999998735,0.0029227199997876596,0.00011470000000002312,0.0006145830000150454,0.0003498000000000112
0.002768978999938554,8.130000000000637e-05,0.0023397980000936514,0.0002518000000000242,0.00880258999995931,0.00012739999999999974,0.003567786000076012,0.00013530000000000486,0.0027588699999796518,0.000151200000000018,0.0005513090000022203,0.00030520000000000547
Average,0.002781292500003474,0.00011605000000000643,0.0024430185001165228,0.00027925000000000866,0.008265655499940294,0.00019459999999998923,0.00391767150006217,0.0001542999999999961,0.0028407949998836557,0.00013295000000002055,0.0005829460000086328,0.00032750000000000834
