CreateTableRealTime,CreateTableCPUTime,LoadDataRealTime,LoadDataCPUTime,CreateIndexRealTime,CreateIndexCPUTime,AnalyzeRealTime,AnalyzeCPUTime,ExecuteQueryRealTime,ExecuteQueryCPUTime,WriteResultRealTime,WriteResultCPUTime
0.0031152080046012998,5.1999999999996493e-05,0.006039625033736229,0.00012599999999995948,0.003465582965873182,1.4000000000014001e-05,0.0012456250260584056,1.6000000000016e-05,0.004418875032570213,1.8000000000018e-05,0.001040250004734844,0.00030999999999997696
0.0037912920233793557,4.199999999998649e-05,0.006372875010129064,0.00014899999999995472,0.0028475840226747096,4.100000000001325e-05,0.0013165419804863632,3.700000000000925e-05,0.004970665962900966,3.799999999998249e-05,0.0011374999885447323,0.0004350000000000187
0.003314582980237901,5.1999999999996493e-05,0.005340416042599827,0.00013699999999999823,0.0036060410202480853,3.899999999995574e-05,0.0011522090062499046,3.500000000000725e-05,0.00518699997337535,3.599999999998049e-05,0.001498500001616776,0.0003349999999999742
0.0030170839745551348,4.199999999998649e-05,0.005443459027446806,0.000124000000000013,0.0035669999779202044,4.900000000002125e-05,0.0014692500117234886,3.700000000000925e-05,0.004071833041962236,4.199999999998649e-05,0.0011342920479364693,0.0003370000000000317
0.0038850000128149986,4.199999999998649e-05,0.006668791989795864,0.00014799999999998148,0.0029707500361837447,3.999999999998449e-05,0.0010658749961294234,3.399999999997849e-05,0.004733624984510243,3.399999999997849e-05,0.0011359999771229923,0.0003270000000000217
Average,0.003424633399117738,4.599999999999049e-05,0.005973033420741558,0.00013679999999998137,0.0032913916045799853,3.6599999999997745e-05,0.001249900204129517,3.1800000000004046e-05,0.004676399799063802,3.3599999999989195e-05,0.0011893084039911628,0.0003488000000000047
