CreateTableRealTime,CreateTableCPUTime,LoadDataRealTime,LoadDataCPUTime,CreateIndexRealTime,CreateIndexCPUTime,AnalyzeRealTime,AnalyzeCPUTime,ExecuteQueryRealTime,ExecuteQueryCPUTime,WriteResultRealTime,WriteResultCPUTime
0.002898500009905547,5.6000000000000494e-05,0.0017675830167718232,8.599999999997499e-05,0.002613375021610409,3.700000000000925e-05,0.000891875009983778,3.399999999997849e-05,0.0030158329755067825,3.399999999997849e-05,0.0011872079921886325,0.00022899999999997922
0.0036635830183513463,4.499999999996174e-05,0.0017482079565525055,0.00010300000000001974,0.003289167012553662,4.199999999998649e-05,0.0013863749918527901,1.4999999999987246e-05,0.0032948749721981585,3.799999999998249e-05,0.000946124957408756,0.00031599999999998296
0.004056208999827504,5.099999999996774e-05,0.0026239590370096266,0.000144000000000033,0.003034625027794391,3.500000000000725e-05,0.0012543750344775617,3.4000000000034e-05,0.0040022500324994326,3.399999999997849e-05,0.0010179580422118306,0.00034799999999995945
0.0030605000210925937,4.300000000001525e-05,0.0020935829961672425,9.100000000000774e-05,0.002288707997649908,1.6000000000016e-05,0.0009155420120805502,3.300000000000525e-05,0.0030494160018861294,3.399999999997849e-05,0.0008895419887267053,0.0002810000000000312
0.003721625020261854,4.199999999998649e-05,0.002157874987460673,8.500000000000174e-05,0.0035678339772857726,4.299999999995974e-05,0.001339582959190011,3.399999999997849e-05,0.0038320840103551745,5.099999999996774e-05,0.0010578340152278543,0.00024299999999999322
Average,0.003480083413887769,4.739999999998634e-05,0.002078241598792374,0.00010180000000000743,0.0029587418073788287,3.4599999999995745e-05,0.0011575500015169383,2.9999999999996697e-05,0.0034388915984891353,3.8199999999977144e-05,0.0010197333991527557,0.0002833999999999892
