DatalogToCPPRealTime,DatalogToCPPCPUTime,CompileRealTime,CompileCPUTime,InstanceLoadingRealTime,InstanceLoadingCPUTime,LoadingFactRealTime,LoadingFactCPUTime,QueryRealTime,QueryCPUTime,WritingResultRealTime,WritingResultCPUTime
0.009999990463256836,0.0,1.4600000381469727,1.47,0.000232542,0.000231,0.759635,0.758888,164.7,164.406,0.152849,0.137828
0.009999990463256836,0.0,1.4499998092651367,1.47,0.000180042,0.000179,0.758906,0.75866,164.517,164.223,0.134647,0.134304
0.009999990463256836,0.0,1.4500000476837158,1.48,0.000188125,0.000186,0.758489,0.75825,165.137,164.84,0.134856,0.134576
0.0,0.0,1.4500000476837158,1.47,0.000191417,0.000191,0.758235,0.757918,164.46,164.165,0.135256,0.135022
0.009999990463256836,0.0,1.4500000476837158,1.48,0.000183125,0.000182,0.753423,0.753141,164.361,164.061,0.134812,0.134572
Average,0.007999992370605469,0.0,1.4519999980926515,1.4739999999999998,0.0001950502,0.0001938,0.7577375999999999,0.7573714,164.635,164.339,0.13848399999999997,0.1352604
