DatalogToCPPRealTime,DatalogToCPPCPUTime,CompileRealTime,CompileCPUTime,InstanceLoadingRealTime,InstanceLoadingCPUTime,LoadingFactRealTime,LoadingFactCPUTime,QueryRealTime,QueryCPUTime,WritingResultRealTime,WritingResultCPUTime
0.009999990463256836,0.0,1.4600000381469727,1.49,0.000187583,0.000187,0.951051,0.950821,116.8,116.592,0.176267,0.175951
0.009999990463256836,0.0,1.440000057220459,1.46,0.000227917,0.000227,0.959316,0.957699,115.638,115.427,0.173067,0.172897
0.009999990463256836,0.0,1.4500000476837158,1.47,0.000220083,0.000218,0.959963,0.959701,115.744,115.533,0.169857,0.169623
0.009999990463256836,0.0,1.4500000476837158,1.48,0.000215958,0.000215,0.961114,0.959422,116.109,115.883,0.176332,0.172302
0.009999990463256836,0.0,1.440000057220459,1.47,0.000168459,0.000168,0.953753,0.952481,116.684,116.43,0.181,0.171431
Average,0.009999990463256836,0.0,1.4480000495910645,1.474,0.00020400000000000003,0.000203,0.9570394,0.9560248,116.19500000000001,115.973,0.17530460000000003,0.1724408
