DatalogToCPPRealTime,DatalogToCPPCPUTime,CompileRealTime,CompileCPUTime,InstanceLoadingRealTime,InstanceLoadingCPUTime,LoadingFactRealTime,LoadingFactCPUTime,QueryRealTime,QueryCPUTime,WritingResultRealTime,WritingResultCPUTime
0.009999990463256836,0.0,1.4500000476837158,1.48,0.000163834,0.000162,0.20368,0.203414,10.1876,10.1713,0.0347114,0.034641
0.009999990463256836,0.010000000000000002,1.4500000476837158,1.49,0.0001425,0.000142,0.203298,0.203095,10.301,10.2826,0.0387184,0.034406
0.009999990463256836,0.0,1.4500000476837158,1.48,0.000141125,0.00014,0.205902,0.205771,10.2776,10.2589,0.034883,0.03463
0.009999990463256836,0.010000000000000002,1.440000057220459,1.48,0.000151542,0.00015,0.2055,0.205241,10.1896,10.1699,0.0344397,0.034307
0.009999990463256836,0.0,1.4500000476837158,1.48,0.000141458,0.00014,0.2048,0.204693,10.3324,10.3154,0.0345064,0.034419
Average,0.009999990463256836,0.004000000000000001,1.4480000495910645,1.482,0.00014809180000000002,0.00014680000000000002,0.20463599999999998,0.20444279999999998,10.257639999999999,10.239619999999999,0.03545178,0.0344806
