DatalogToCPPRealTime,DatalogToCPPCPUTime,CompileRealTime,CompileCPUTime,InstanceLoadingRealTime,InstanceLoadingCPUTime,LoadingFactRealTime,LoadingFactCPUTime,QueryRealTime,QueryCPUTime,WritingResultRealTime,WritingResultCPUTime
0.009999990463256836,0.010000000000000002,1.4600000381469727,1.48,0.000148333,0.000147,0.0683052,0.06826,1.2942,1.29205,0.00898346,0.008963
0.009999990463256836,0.010000000000000002,1.4399998188018799,1.47,0.000143208,0.000142,0.0681133,0.06807,1.287,1.28479,0.00938983,0.009371
0.009999990463256836,0.010000000000000002,1.440000057220459,1.48,0.000150667,0.000149,0.0680454,0.068004,1.28715,1.28493,0.00879804,0.00876
0.009999990463256836,0.010000000000000002,1.4500000476837158,1.48,0.000131042,0.00013,0.0677735,0.067735,1.30141,1.2991,0.00879258,0.008756
0.009999990463256836,0.0,1.440000057220459,1.48,0.000148667,0.000148,0.0682118,0.068145,1.28481,1.28284,0.00909621,0.009093
Average,0.009999990463256836,0.008000000000000002,1.4460000038146972,1.4780000000000002,0.0001443834,0.00014319999999999998,0.06808984,0.0680428,1.2909140000000001,1.288742,0.009012024,0.008988600000000003
