LoadRulesRealTime,LoadRulesCPUTime,LoadFactsRealTime,LoadFactsCPUTime,QueryRealTime,QueryCPUTime,WriteRealTime,WriteCPUTime
0.00519394874572754,0.00519500000000001,0.0122709274291992,0.009801,0.0028691291809082,0.002872,0.1227619647979738,0.118287
0.00484895706176758,0.004763,0.00973987579345703,0.009743,0.00256705284118652,0.002569,0.11078906059265148,0.10874299999999999
0.00485587120056152,0.003237,0.00979113578796387,0.00972600000000001,0.00348997116088867,0.00348999999999999,0.11274003982543933,0.112763
Average,0.004966259002685547,0.0043983333333333366,0.010600646336873368,0.00975666666666667,0.0029753843943277967,0.0029769999999999966,0.11543035507202154,0.11326433333333334
