LoadRulesRealTime,LoadRulesCPUTime,LoadFactsRealTime,LoadFactsCPUTime,QueryRealTime,QueryCPUTime,WriteRealTime,WriteCPUTime
0.000910043716430664,0.000540000000000001,0.00201082229614258,0.001323,0.00986814498901367,0.009739,0.019916772842407227,0.019497
0.000899076461791992,0.000541,0.00163578987121582,0.001385,0.00986409187316895,0.009769,0.019572973251342753,0.01912
0.00090789794921875,0.000542000000000001,0.00164103507995605,0.001393,0.0100760459899902,0.01001,0.0193548202514649,0.018869999999999998
0.000918149948120117,0.000541,0.0016639232635498,0.001399,0.00989007949829102,0.009797,0.01959681510925288,0.019225
0.000915050506591797,0.000548000000000002,0.00162911415100098,0.001373,0.0100448131561279,0.009934,0.0194211006164551,0.019027000000000002
Average,0.0009100437164306638,0.0005424000000000008,0.0017161369323730458,0.0013746,0.009948635101318349,0.009849799999999999,0.01957249641418457,0.0191478
