LoadRulesRealTime,LoadRulesCPUTime,LoadFactsRealTime,LoadFactsCPUTime,QueryRealTime,QueryCPUTime,WriteRealTime,WriteCPUTime
0.00117087364196777,0.00055,0.00411701202392578,0.00356,0.0737130641937256,0.072956,0.14389491081237837,0.134327
0.00116300582885742,0.000549999999999998,0.00411891937255859,0.003568,0.0749239921569824,0.074418,0.13690590858459462,0.13510499999999998
0.00115299224853516,0.000550999999999999,0.00410318374633789,0.003575,0.0742068290710449,0.073722,0.13455319404602012,0.13260899999999998
0.00117182731628418,0.00055,0.00409507751464844,0.003553,0.0749239921569824,0.074183,0.1363880634307866,0.134737
0.00114917755126953,0.000546,0.00412988662719727,0.003572,0.0732779502868652,0.072533,0.1373631954193118,0.13573600000000002
Average,0.0011615753173828118,0.0005493999999999995,0.004112815856933594,0.0035656,0.0742091655731201,0.0735624,0.1378210544586183,0.1345028
