LoadRulesRealTime,LoadRulesCPUTime,LoadFactsRealTime,LoadFactsCPUTime,QueryRealTime,QueryCPUTime,WriteRealTime,WriteCPUTime
0.00348615646362305,0.002788,0.0321619510650635,0.032132,0.0990068912506104,0.099,2.1254589557647696,2.111283
0.00369596481323242,0.003695,0.0328519344329834,0.032848,0.0961740016937256,0.096177,2.2680830955505344,2.249968
Average,0.0035910606384277352,0.0032415,0.03250694274902345,0.032490000000000005,0.097590446472168,0.0975885,2.196771025657652,2.1806254999999997
