LoadRulesRealTime,LoadRulesCPUTime,LoadFactsRealTime,LoadFactsCPUTime,QueryRealTime,QueryCPUTime,WriteRealTime,WriteCPUTime
0.00488805770874023,0.003666,0.0179839134216309,0.017936,0.0205740928649902,0.020564,0.4363627433776858,0.436396
0.0050811767578125,0.005081,0.0184948444366455,0.018499,0.0210950374603271,0.012221,0.41577315330505393,0.42048
0.00428199768066406,0.004283,0.0161111354827881,0.016114,0.0207798480987549,0.020772,0.4211621284484861,0.421154
Average,0.00475041071573893,0.004343333333333334,0.0175299644470215,0.01751633333333333,0.020816326141357398,0.01785233333333333,0.42443267504374194,0.42601
