LoadRulesRealTime,LoadRulesCPUTime,LoadFactsRealTime,LoadFactsCPUTime,QueryRealTime,QueryCPUTime,WriteRealTime,WriteCPUTime
0.000905036926269531,0.000547000000000001,0.00393915176391602,0.003559,0.113312959671021,0.111996,0.1336030960083,0.131459
0.000897884368896484,0.000546,0.00397014617919922,0.003578,0.11279296875,0.111562,0.136430978775024,0.134388
0.000905990600585938,0.000541999999999999,0.00394201278686523,0.003543,0.113065004348755,0.11178,0.13370680809021002,0.132127
0.000927925109863281,0.000545,0.00395798683166504,0.00355,0.113312005996704,0.112029,0.132942914962769,0.131143
0.000915050506591797,0.000546999999999999,0.00394701957702637,0.003541,0.115211963653564,0.113913,0.135509014129639,0.13110300000000003
Average,0.0009103775024414063,0.0005453999999999998,0.003951263427734376,0.0035541999999999995,0.11353898048400879,0.112256,0.1344385623931884,0.132044
