LoadRulesRealTime,LoadRulesCPUTime,LoadFactsRealTime,LoadFactsCPUTime,QueryRealTime,QueryCPUTime,WriteRealTime,WriteCPUTime
0.00092315673828125,0.000543,0.0082550048828125,0.007074,0.299556970596313,0.295695,0.549598932266236,0.536783
0.000905036926269531,0.000539999999999999,0.00762701034545898,0.006999,0.296992063522339,0.294421,0.547352075576782,0.5368839999999999
0.000895977020263672,0.000541,0.00761795043945312,0.007017,0.294048070907593,0.290955,0.547731876373291,0.541447
0.000905990600585938,0.000539999999999999,0.00764298439025879,0.00701,0.299581050872803,0.296367,0.5396490097045901,0.526492
0.000912189483642578,0.000547000000000001,0.00766396522521973,0.007014,0.299118041992188,0.295655,0.5775690078735349,0.52728
Average,0.0009084701538085938,0.0005421999999999998,0.007761383056640625,0.0070228,0.29785923957824717,0.2946186,0.5523801803588869,0.5337772
