LoadRulesRealTime,LoadRulesCPUTime,LoadFactsRealTime,LoadFactsCPUTime,QueryRealTime,QueryCPUTime,WriteRealTime,WriteCPUTime
0.000930070877075195,0.000546999999999999,0.00133800506591797,0.000918,0.00416398048400879,0.004123,0.00899100303649901,0.008679
0.000904083251953125,0.000541999999999999,0.00118207931518555,0.000955000000000001,0.00429081916809082,0.004256,0.00866127014160158,0.008358
0.000893115997314453,0.000540000000000001,0.00118303298950195,0.000952,0.00433087348937988,0.004299,0.008787155151367219,0.008391
0.000916004180908203,0.000553000000000001,0.00117802619934082,0.000947999999999999,0.00421905517578125,0.004184,0.00885295867919925,0.008562
0.000927925109863281,0.000543,0.00118398666381836,0.000948999999999998,0.00427508354187012,0.004231,0.00885009765624998,0.00851
Average,0.0009142398834228514,0.000545,0.00121302604675293,0.0009443999999999998,0.004255962371826172,0.0042186,0.008828496932983407,0.008499999999999999
