LoadRulesRealTime,LoadRulesCPUTime,LoadFactsRealTime,LoadFactsCPUTime,QueryRealTime,QueryCPUTime,WriteRealTime,WriteCPUTime
0.000914096832275391,0.000539,0.00213408470153809,0.001845,0.028925895690918,0.028545,0.033753156661987305,0.033199
0.000900030136108398,0.000542000000000001,0.00211596488952637,0.00183,0.0283000469207764,0.028075,0.034720897674560505,0.03393
0.000906944274902344,0.000544000000000001,0.00210189819335938,0.001821,0.0285201072692871,0.028291,0.034153938293457003,0.033567
0.000900983810424805,0.000540000000000001,0.00211191177368164,0.001821,0.0283839702606201,0.02814,0.03434205055236819,0.033766000000000004
0.000944137573242188,0.000553,0.00216197967529297,0.001858,0.0292670726776123,0.029014,0.03467106819152829,0.034064
Average,0.0009132385253906251,0.0005436000000000006,0.00212516784667969,0.0018349999999999998,0.02867941856384278,0.028413,0.03432822227478026,0.033705200000000005
