LoadRulesRealTime,LoadRulesCPUTime,LoadFactsRealTime,LoadFactsCPUTime,QueryRealTime,QueryCPUTime,WriteRealTime,WriteCPUTime
0.00119280815124512,0.000554000000000001,0.00316119194030762,0.002676,0.0636768341064453,0.063048,0.07603716850280771,0.074482
0.00116991996765137,0.000545,0.0031440258026123,0.002646,0.0637571811676025,0.063101,0.07645988464355451,0.07490000000000001
0.00121712684631348,0.000574,0.00328397750854492,0.002761,0.0642139911651611,0.063418,0.07515597343444788,0.074156
0.00117802619934082,0.00055,0.00316596031188965,0.00268,0.0637788772583008,0.063105,0.0763649940490722,0.075149
0.00115418434143066,0.000546,0.0031888484954834,0.002703,0.0640101432800293,0.06335,0.07507276535034171,0.074008
Average,0.0011824131011962898,0.0005538000000000002,0.003188800811767578,0.0026932,0.0638874053955078,0.06320440000000001,0.07581815719604482,0.07453900000000001
