LoadRulesRealTime,LoadRulesCPUTime,LoadFactsRealTime,LoadFactsCPUTime,QueryRealTime,QueryCPUTime,WriteRealTime,WriteCPUTime
0.00476193428039551,0.004762,0.0457730293273926,0.045393,0.0805099010467529,0.080437,3.043083190917967,3.0426800000000003
0.00386905670166016,0.003063,0.0363609790802002,0.036229,0.0638360977172852,0.062667,2.1858570575714147,2.16487
Average,0.0043154954910278355,0.0039125,0.0410670042037964,0.040811,0.07217299938201904,0.071552,2.614470124244691,2.603775
