LoadRulesRealTime,LoadRulesCPUTime,LoadFactsRealTime,LoadFactsCPUTime,QueryRealTime,QueryCPUTime,WriteRealTime,WriteCPUTime
0.000917911529541016,0.000543,0.00301909446716309,0.002667,0.0633819103240967,0.062673,0.0775871276855473,0.076179
0.000903844833374023,0.000541,0.00302004814147949,0.00268,0.0638959407806396,0.06326,0.08374905586242638,0.073982
0.000917911529541016,0.00055,0.00303816795349121,0.002686,0.0641288757324219,0.063549,0.0766720771789551,0.07557900000000001
0.000902891159057617,0.000539,0.0030519962310791,0.002697,0.0632369518280029,0.062507,0.0761430263519291,0.07515100000000001
0.000914096832275391,0.000542000000000001,0.00305700302124023,0.002691,0.0634558200836182,0.06273,0.07762718200683578,0.07609500000000001
Average,0.0009113311767578125,0.0005430000000000003,0.0030372619628906234,0.0026842,0.06361989974975588,0.06294380000000001,0.07835569381713872,0.07539720000000001
