LoadRulesRealTime,LoadRulesCPUTime,LoadFactsRealTime,LoadFactsCPUTime,QueryRealTime,QueryCPUTime,WriteRealTime,WriteCPUTime
0.000960826873779297,0.000546,0.00383901596069336,0.003424,3.99656295776367,3.983911,0.20140194892883034,0.1579499999999996
0.000931024551391602,0.000555000000000002,0.00394296646118164,0.003541,4.01184415817261,3.999992,0.1392538547515798,0.12781999999999938
0.0029761791229248,0.000556999999999998,0.00378799438476562,0.003396,3.99717497825623,3.9851,0.1841571331024099,0.14123100000000033
0.000860929489135742,0.000501,0.00386285781860352,0.00346,4.01472520828247,4.001575,0.13614273071289062,0.11163100000000004
0.000925779342651367,0.000539,0.00406408309936523,0.003619,4.0251989364624,4.012687,0.23317599296570002,0.1892080000000007
Average,0.0013309478759765615,0.0005396000000000001,0.0038993835449218743,0.003488,4.009101247787475,3.996653,0.17882633209228213,0.145568
