LoadRulesRealTime,LoadRulesCPUTime,LoadFactsRealTime,LoadFactsCPUTime,QueryRealTime,QueryCPUTime,WriteRealTime,WriteCPUTime
0.00433778762817383,0.004105,0.038067102432251,0.031491,0.117388010025024,0.108322,2.539307832717896,2.530635
0.00391983985900879,0.00392099999999999,0.0354540348052979,0.035441,0.109771966934204,0.109786,2.7173750400543257,2.716262
0.0041050910949707,0.003917,0.0355010032653809,0.03545,0.123064041137695,0.122806,2.6565520763397252,2.6286799999999997
Average,0.0041209061940511065,0.003980999999999997,0.0363407135009766,0.034127333333333336,0.116741339365641,0.113638,2.6377449830373156,2.625192333333333
