LoadRulesRealTime,LoadRulesCPUTime,LoadFactsRealTime,LoadFactsCPUTime,QueryRealTime,QueryCPUTime,WriteRealTime,WriteCPUTime
0.00117206573486328,0.00055,0.0045628547668457,0.003594,0.112648010253906,0.111304,0.129297018051148,0.12682300000000002
0.00116801261901855,0.000553,0.00410985946655273,0.003532,0.112681150436401,0.11158,0.14435482025146498,0.128979
0.00117397308349609,0.00056,0.00406002998352051,0.003523,0.11293888092041,0.111433,0.12958216667175299,0.12856499999999998
0.0011589527130127,0.000550999999999999,0.00411009788513184,0.003568,0.113070964813232,0.111903,0.129111051559449,0.127941
0.00116991996765137,0.000560000000000001,0.00412797927856445,0.00356,0.112010955810547,0.110628,0.130027055740356,0.128331
Average,0.001168584823608398,0.0005548,0.0041941642761230465,0.0035554000000000002,0.1126699924468992,0.1113696,0.13247442245483418,0.1281278
