LoadRulesRealTime,LoadRulesCPUTime,LoadFactsRealTime,LoadFactsCPUTime,QueryRealTime,QueryCPUTime,WriteRealTime,WriteCPUTime
0.00116205215454102,0.000548,0.0102250576019287,0.008831,0.735319852828979,0.728712,0.8049361705780009,0.79817
0.00119209289550781,0.000568000000000001,0.00965404510498047,0.008725,0.736011981964111,0.729779,0.809072017669679,0.7995140000000001
0.00118184089660645,0.000551999999999999,0.00985908508300781,0.008829,0.735245943069458,0.726868,0.804266214370732,0.7946370000000001
0.00117015838623047,0.000549000000000001,0.00957489013671875,0.008685,0.743924140930176,0.738066,0.792784929275514,0.7841870000000001
0.0011589527130127,0.00055,0.00989198684692383,0.008931,0.738062143325806,0.731616,0.795678853988644,0.7840149999999999
Average,0.0011730194091796899,0.0005534000000000002,0.009841012954711913,0.008800200000000001,0.737712812423706,0.7310082,0.801347637176514,0.7921046
