LoadRulesRealTime,LoadRulesCPUTime,LoadFactsRealTime,LoadFactsCPUTime,QueryRealTime,QueryCPUTime,WriteRealTime,WriteCPUTime
0.00440597534179688,0.003573,0.0483338832855225,0.048002,0.189378976821899,0.188727,3.8196411132812513,3.8201080000000003
0.00396013259887695,0.002829,0.0444848537445068,0.044439,0.197361946105957,0.187309,3.8723149299621626,3.8733630000000003
0.00442218780517578,0.004423,0.0441439151763916,0.044118,0.178487062454224,0.178515,3.862609863281246,3.8557110000000003
Average,0.004262765248616536,0.003608333333333333,0.0456542174021403,0.04551966666666666,0.18840932846069333,0.18485033333333334,3.851521968841553,3.849727333333334
