LoadRulesRealTime,LoadRulesCPUTime,LoadFactsRealTime,LoadFactsCPUTime,QueryRealTime,QueryCPUTime,WriteRealTime,WriteCPUTime
0.00507402420043945,0.00505,0.029149055480957,0.028656,0.0332419872283936,0.033248,0.9972109794616664,0.997393
0.00428891181945801,0.002383,0.0229392051696777,0.020345,0.0287377834320068,0.027866,0.8965191841125492,0.8975650000000001
0.00459694862365723,0.003284,0.0232698917388916,0.023218,0.0248370170593262,0.024815,1.0253660678863539,1.002502
Average,0.004653294881184897,0.0035723333333333336,0.0251193841298421,0.024073,0.02893892923990887,0.028643000000000002,0.9730320771535231,0.9658199999999999
