LoadRulesRealTime,LoadRulesCPUTime,LoadFactsRealTime,LoadFactsCPUTime,QueryRealTime,QueryCPUTime,WriteRealTime,WriteCPUTime
0.00117588043212891,0.000550999999999999,0.0032351016998291,0.002729,1.64514684677124,1.623408,0.044371128082280054,0.054048000000000096
0.00116991996765137,0.000546999999999999,0.00323104858398438,0.002707,1.61771607398987,1.610077,0.06041288375854004,0.05898599999999998
0.00118398666381836,0.000559,0.00318408012390137,0.002686,1.6151008605957,1.607521,0.07513713836669988,0.07125099999999995
0.00118398666381836,0.00055,0.00321483612060547,0.002704,1.61106705665588,1.6032,0.11095190048217995,0.11024300000000009
0.00118803977966309,0.000549000000000001,0.00321102142333984,0.002704,1.63200902938843,1.624286,0.05496501922607,0.05301800000000001
Average,0.001180362701416018,0.0005511999999999997,0.0032152175903320318,0.002706,1.624207973480224,1.6136984,0.06916761398315399,0.06950920000000002
