LoadRulesRealTime,LoadRulesCPUTime,LoadFactsRealTime,LoadFactsCPUTime,QueryRealTime,QueryCPUTime,WriteRealTime,WriteCPUTime
0.00143814086914062,0.000581,0.00681304931640625,0.006129,0.224269866943359,0.221757,0.39801621437072804,0.39146100000000006
0.00116086006164551,0.000546999999999999,0.00693607330322266,0.006197,0.230381011962891,0.227154,0.39758801460266097,0.39394000000000007
0.00118184089660645,0.000549999999999998,0.00698018074035645,0.006227,0.225677013397217,0.222929,0.40043902397155695,0.39612700000000006
0.0012199878692627,0.000568000000000001,0.00699591636657715,0.006235,0.22455906867981,0.221927,0.40042185783386197,0.396915
0.00116300582885742,0.000546,0.00695300102233887,0.006192,0.224385976791382,0.221697,0.40698003768920904,0.39554599999999995
Average,0.00123276710510254,0.0005583999999999996,0.0069356441497802745,0.006196,0.22585458755493182,0.2230928,0.4006890296936033,0.3947978
