LoadRulesRealTime,LoadRulesCPUTime,LoadFactsRealTime,LoadFactsCPUTime,QueryRealTime,QueryCPUTime,WriteRealTime,WriteCPUTime
0.00541114807128906,0.005357,0.0727758407592773,0.072781,0.389317035675049,0.380858,7.070221900939941,7.079866
0.00440096855163574,0.0043,0.0576400756835938,0.056686,0.37478494644165,0.335326,6.99808287620544,6.9845049999999995
0.00422883033752441,0.004229,0.0552971363067627,0.054885,0.438257932662964,0.348441,8.750190019607546,8.747643
Average,0.00468031565348307,0.004628666666666666,0.061904350916544594,0.061450666666666674,0.4007866382598877,0.354875,7.606164932250977,7.604004666666666
