LoadRulesRealTime,LoadRulesCPUTime,LoadFactsRealTime,LoadFactsCPUTime,QueryRealTime,QueryCPUTime,WriteRealTime,WriteCPUTime
0.00141787528991699,0.000562,0.00743794441223145,0.006226,0.342797040939331,0.33846,0.40869188308715804,0.39519899999999997
0.00119400024414062,0.000553999999999999,0.00693583488464355,0.006229,0.342450141906738,0.338955,0.39864182472229,0.395834
0.00117802619934082,0.000555,0.00698089599609375,0.006271,0.350000143051147,0.345827,0.426904916763306,0.40529899999999996
0.00119709968566895,0.000557999999999999,0.00699305534362793,0.006259,0.35439395904541,0.35068,0.38786792755127003,0.38534599999999997
0.00115108489990234,0.000546000000000001,0.00682711601257324,0.006162,0.346930980682373,0.341278,0.41077804565429704,0.39617399999999997
Average,0.0012276172637939442,0.0005549999999999997,0.007034969329833984,0.0062294,0.34731445312499976,0.34303999999999996,0.40657691955566416,0.3955704
