LoadRulesRealTime,LoadRulesCPUTime,LoadFactsRealTime,LoadFactsCPUTime,QueryRealTime,QueryCPUTime,WriteRealTime,WriteCPUTime
0.00468587875366211,0.004686,0.0295200347900391,0.029521,0.075814962387085,0.069705,1.609531879425045,1.6059990000000002
0.00466108322143555,0.003328,0.0319080352783203,0.031832,0.092987060546875,0.092979,1.994323015213015,1.981321
Average,0.00467348098754883,0.004007,0.0307140350341797,0.0306765,0.08440101146698001,0.081342,1.8019274473190299,1.79366
