LoadRulesRealTime,LoadRulesCPUTime,LoadFactsRealTime,LoadFactsCPUTime,QueryRealTime,QueryCPUTime,WriteRealTime,WriteCPUTime
0.00424814224243164,0.003034,0.0273358821868896,0.026663,0.0452508926391602,0.044252,1.76865124702454,1.759895
0.0044100284576416,0.00368,0.0297369956970215,0.029724,0.0474121570587158,0.047424,1.7062709331512442,1.705743
0.00403594970703125,0.004035,0.0281620025634766,0.028168,0.0474340915679932,0.047429,1.7321758270263667,1.7246890000000001
Average,0.004231373469034829,0.003583,0.028411626815795902,0.028184999999999998,0.04669904708862307,0.04636833333333334,1.73569933573405,1.730109
