LoadRulesRealTime,LoadRulesCPUTime,LoadFactsRealTime,LoadFactsCPUTime,QueryRealTime,QueryCPUTime,WriteRealTime,WriteCPUTime
0.00116991996765137,0.000546,0.0096580982208252,0.008774,68.4554240703583,68.266034,-2.594192028045711,-2.5864030000000042
0.00119209289550781,0.000558000000000001,0.00973796844482422,0.008788,65.3465008735657,65.238109,0.5054261684417014,0.4870950000000107
0.00119209289550781,0.000553,0.00966286659240723,0.00871,67.0477468967438,66.937957,-1.529526948928904,-1.5743789999999933
0.00118279457092285,0.000548,0.00967812538146973,0.008801,68.4315619468689,68.26905,1.4836101531981996,1.427732000000006
0.00118899345397949,0.000552,0.0096280574798584,0.008725,68.50718998909,68.300977,-3.0358459949493977,-2.9527160000000094
Average,0.0011851787567138659,0.0005514000000000002,0.009673023223876956,0.008759600000000001,67.55768475532534,67.4024254,-1.0341057300568224,-1.039734199999998
