LoadRulesRealTime,LoadRulesCPUTime,LoadFactsRealTime,LoadFactsCPUTime,QueryRealTime,QueryCPUTime,WriteRealTime,WriteCPUTime
0.00118398666381836,0.000551999999999999,0.00988411903381348,0.008823,0.460860013961792,0.45589,0.8178679943084679,0.7992389999999999
0.00116205215454102,0.000552,0.0097041130065918,0.008829,0.455834865570068,0.451396,0.8105421066284221,0.797122
0.00116610527038574,0.000559,0.00968098640441895,0.008776,0.456125974655151,0.452736,0.812613964080809,0.8061559999999999
0.00114798545837402,0.000545,0.00992393493652344,0.008941,0.454458951950073,0.451059,0.810371160507207,0.805786
0.00117802619934082,0.000548,0.0097508430480957,0.008857,0.460199117660522,0.455344,0.839545011520388,0.795526
Average,0.001167631149291992,0.0005511999999999997,0.009788799285888675,0.008845200000000001,0.45749578475952124,0.45328500000000005,0.8181880474090588,0.8007658
