LoadRulesRealTime,LoadRulesCPUTime,LoadFactsRealTime,LoadFactsCPUTime,QueryRealTime,QueryCPUTime,WriteRealTime,WriteCPUTime
0.00117278099060059,0.000551999999999999,0.00594806671142578,0.005302,12.8041920661926,12.75778,0.40846681594850054,0.375195999999999
0.00116705894470215,0.000546999999999999,0.00599813461303711,0.005354,13.0904808044434,13.053443,0.192309141158999,0.18081300000000056
0.00116610527038574,0.000546,0.00600409507751465,0.005336,12.8018128871918,12.762025,0.41238903999329857,0.40757900000000014
0.00116515159606934,0.000552,0.00596284866333008,0.005325,13.1301131248474,13.091594,-0.006811141967800083,-0.01317200000000085
0.00118112564086914,0.000555999999999999,0.00599384307861328,0.005335,13.0892250537872,13.045252,0.046479940414499765,0.044302000000000064
Average,0.001170444488525392,0.0005505999999999994,0.0059813976287841795,0.0053304,12.98316478729248,12.9420188,0.21056675910949957,0.19894359999999978
