LoadRulesRealTime,LoadRulesCPUTime,LoadFactsRealTime,LoadFactsCPUTime,QueryRealTime,QueryCPUTime,WriteRealTime,WriteCPUTime
0.00436997413635254,0.004344,0.0483231544494629,0.048241,0.175384998321533,0.174444,4.415338993072507,4.416233
0.0047459602355957,0.004681,0.0491499900817871,0.049142,0.17293906211853,0.164656,3.20644593238831,3.214712
Average,0.004557967185974119,0.0045125,0.048736572265625,0.0486915,0.17416203022003152,0.16954999999999998,3.8108924627304086,3.8154725000000003
