LoadRulesRealTime,LoadRulesCPUTime,LoadFactsRealTime,LoadFactsCPUTime,QueryRealTime,QueryCPUTime,WriteRealTime,WriteCPUTime
0.00093388557434082,0.000544000000000001,0.00304698944091797,0.002687,1.64578795433044,1.637589,0.11564683914185014,0.04005700000000001
0.000860929489135742,0.0005,0.00292587280273438,0.002567,1.64481115341187,1.63908,0.05573582649230002,0.05458699999999994
0.00085902214050293,0.000501999999999999,0.00289392471313477,0.002545,1.62264394760132,1.61408,0.10014605522156006,0.10209099999999993
0.000922918319702148,0.000538,0.00308895111083984,0.002716,1.62546396255493,1.617266,0.08202910423278986,0.07853999999999983
0.000861167907714844,0.000499999999999999,0.00286078453063965,0.00251,1.63457107543945,1.628581,0.05852079391480003,0.05760299999999985
Average,0.0008875846862792969,0.0005167999999999998,0.002963304519653322,0.002605,1.6346556186676018,1.6273191999999999,0.08241572380066002,0.06657559999999992
