environment,cpu_time,size,position,factor
mariadb,0.0001283499999999993,400,1,
cockroachdb,0.00020779999999998022,400,2,0.617661212704579
postgres,0.00021120000000002248,400,3,0.9839015151513167
neo4j,0.0012205499999999592,400,4,0.1730367457294085
xsb,0.167494,400,5,0.007287126703045836
duckdb,0.3130823,400,6,0.5349839323398353
