ElapsedTime,CPUTime
0.9600000381469727,0.8899999999999999
0.9700000286102295,0.9099999999999999
0.9499998092651367,0.8999999999999999
0.9700000286102295,0.8999999999999999
0.9600000381469727,0.8999999999999999
0.9499998092651367,0.8899999999999999
0.9500000476837158,0.8899999999999999
0.9500000476837158,0.8899999999999999
0.9499998092651367,0.8799999999999999
0.940000057220459,0.8799999999999999
Average,0.9549999713897706,0.893
