ElapsedTime,CPUTime
0.15999984741210938,0.11
0.16000008583068848,0.11
0.15000009536743164,0.11
0.16000008583068848,0.11
0.16000008583068848,0.09999999999999999
0.15999984741210938,0.11
0.14999985694885254,0.11
0.15000009536743164,0.11
0.16000008583068848,0.09999999999999999
0.16000008583068848,0.09999999999999999
Average,0.1570000171661377,0.10700000000000001
