ElapsedTime,CPUTime
0.38000011444091797,0.32
0.38000011444091797,0.32
0.38000011444091797,0.32
0.38000011444091797,0.32
0.3900001049041748,0.32
0.37000012397766113,0.32
0.38000011444091797,0.32
0.3900001049041748,0.32
0.38000011444091797,0.32
0.37999987602233887,0.32
Average,0.38100008964538573,0.31999999999999995
