ElapsedTime,CPUTime
5.75,5.67
5.75,5.659999999999999
5.799999952316284,5.71
5.710000038146973,5.63
5.769999980926514,5.68
5.730000019073486,5.6499999999999995
5.75,5.6499999999999995
5.75,5.6499999999999995
5.830000162124634,5.739999999999999
5.730000019073486,5.619999999999999
Average,5.7570000171661375,5.6659999999999995
