ElapsedTime,CPUTime
0.24000000953674316,0.18000000000000002
0.25,0.18000000000000002
0.24000000953674316,0.18000000000000002
0.24000000953674316,0.18000000000000002
0.25,0.18000000000000002
0.24000000953674316,0.18000000000000002
0.24000000953674316,0.18000000000000002
0.24000000953674316,0.18000000000000002
0.28999996185302734,0.2
0.25,0.18000000000000002
Average,0.24800000190734864,0.182
