ElapsedTime,CPUTime
1.6800000667572021,1.61
1.6499998569488525,1.59
1.7000000476837158,1.61
1.7000000476837158,1.62
1.6699998378753662,1.61
1.6699998378753662,1.61
1.6800000667572021,1.61
1.6700000762939453,1.61
1.6700000762939453,1.6
1.679999828338623,1.61
Average,1.6769999742507935,1.6079999999999999
