Query: query1
768, 898
768, 838
768, 968
768, 778
768, 908
768, 848
768, 978
768, 788
768, 918
768, 858
768, 988
768, 798
768, 928
768, 868
768, 998
768, 808
768, 938
768, 878
768, 818
768, 948
768, 888
768, 828
768, 958
256, 576
256, 896
256, 386
256, 706
256, 516
256, 836
256, 326
256, 646
256, 966
256, 776
256, 456
256, 906
256, 586
256, 266
256, 396
256, 716
256, 846
256, 526
256, 336
256, 656
256, 976
256, 786
256, 466
256, 276
256, 596
256, 916
256, 726
256, 406
256, 536
256, 856
256, 986
256, 666
256, 346
256, 476
256, 796
256, 926
256, 606
256, 286
256, 416
256, 736
256, 866
256, 546
256, 356
256, 676
256, 996
256, 806
256, 486
256, 296
256, 616
256, 936
256, 746
256, 426
256, 556
256, 876
256, 686
256, 366
256, 496
256, 816
256, 946
256, 626
256, 306
256, 436
256, 756
256, 886
256, 566
256, 376
256, 696
256, 826
256, 506
256, 316
256, 636
256, 956
256, 766
256, 446
512, 832
512, 642
512, 962
512, 772
512, 582
512, 902
512, 712
512, 522
512, 842
512, 652
512, 972
512, 782
512, 592
512, 912
512, 722
512, 532
512, 852
512, 982
512, 662
512, 792
512, 922
512, 602
512, 732
512, 862
512, 542
512, 672
512, 992
512, 802
512, 612
512, 932
512, 742
512, 552
512, 872
512, 682
512, 812
512, 942
512, 622
512, 752
512, 882
512, 562
512, 692
512, 822
512, 632
512, 952
512, 762
512, 572
512, 892
512, 702
769, 899
769, 839
769, 969
769, 779
769, 909
769, 849
769, 979
769, 789
769, 919
769, 859
769, 989
769, 799
769, 929
769, 869
769, 999
769, 809
769, 939
769, 879
769, 819
769, 949
769, 889
769, 829
769, 959
257, 577
257, 897
257, 387
257, 707
257, 517
257, 837
257, 327
257, 647
257, 967
257, 777
257, 457
257, 907
257, 587
257, 267
257, 397
257, 717
257, 847
257, 527
257, 337
257, 657
257, 977
257, 787
257, 467
257, 277
257, 597
257, 917
257, 727
257, 407
257, 537
257, 857
257, 987
257, 667
257, 347
257, 477
257, 797
257, 927
257, 607
257, 287
257, 417
257, 737
257, 867
257, 547
257, 357
257, 677
257, 997
257, 807
257, 487
257, 297
257, 617
257, 937
257, 747
257, 427
257, 557
257, 877
257, 687
257, 367
257, 497
257, 817
257, 947
257, 627
257, 307
257, 437
257, 757
257, 887
257, 567
257, 377
257, 697
257, 827
257, 507
257, 317
257, 637
257, 957
257, 767
257, 447
1, 321
1, 641
1, 961
1, 131
1, 451
1, 771
1, 261
1, 581
1, 901
1, 711
1, 391
1, 71
1, 201
1, 521
1, 841
1, 971
1, 651
1, 331
1, 11
1, 141
1, 461
1, 781
1, 911
1, 591
1, 271
1, 81
1, 401
1, 721
1, 851
1, 531
1, 211
1, 21
1, 341
1, 661
1, 981
1, 791
1, 471
1, 151
1, 281
1, 601
1, 921
1, 731
1, 411
1, 91
1, 221
1, 541
1, 861
1, 991
1, 671
1, 351
1, 31
1, 161
1, 481
1, 801
1, 931
1, 611
1, 291
1, 101
1, 421
1, 741
1, 871
1, 551
1, 231
1, 41
1, 361
1, 681
1, 811
1, 491
1, 171
1, 301
1, 621
1, 941
1, 751
1, 431
1, 111
1, 241
1, 561
1, 881
1, 691
1, 371
1, 51
1, 181
1, 501
1, 821
1, 951
1, 631
1, 311
1, 121
1, 441
1, 761
1, 891
1, 571
1, 251
1, 61
1, 381
1, 701
1, 831
1, 511
1, 191
513, 833
513, 643
513, 963
513, 773
513, 583
513, 903
513, 713
513, 523
513, 843
513, 653
513, 973
513, 783
513, 593
513, 913
513, 723
513, 533
513, 853
513, 983
513, 663
513, 793
513, 923
513, 603
513, 733
513, 863
513, 543
513, 673
513, 993
513, 803
513, 613
513, 933
513, 743
513, 553
513, 873
513, 683
513, 813
513, 943
513, 623
513, 753
513, 883
513, 563
513, 693
513, 823
513, 633
513, 953
513, 763
513, 573
513, 893
513, 703
770, 960
770, 900
770, 840
770, 970
770, 780
770, 910
770, 850
770, 980
770, 790
770, 920
770, 860
770, 990
770, 800
770, 930
770, 870
770, 1000
770, 810
770, 940
770, 880
770, 820
770, 950
770, 890
770, 830
514, 704
514, 834
514, 644
514, 964
514, 774
514, 584
514, 904
514, 714
514, 844
514, 524
514, 974
514, 654
514, 784
514, 594
514, 914
514, 724
514, 534
514, 854
514, 984
514, 664
514, 794
514, 924
514, 604
514, 734
514, 864
514, 544
514, 674
514, 994
514, 804
514, 614
514, 934
514, 744
514, 554
514, 874
514, 684
514, 814
514, 944
514, 624
514, 754
514, 884
514, 564
514, 694
514, 824
514, 634
514, 954
514, 764
514, 574
514, 894
2, 192
2, 512
2, 832
2, 322
2, 642
2, 962
2, 132
2, 452
2, 772
2, 902
2, 262
2, 582
2, 712
2, 392
2, 72
2, 202
2, 842
2, 522
2, 972
2, 652
2, 332
2, 12
2, 142
2, 462
2, 782
2, 912
2, 592
2, 272
2, 82
2, 402
2, 722
2, 852
2, 532
2, 212
2, 22
2, 342
2, 662
2, 982
2, 792
2, 472
2, 152
2, 282
2, 602
2, 922
2, 732
2, 412
2, 92
2, 222
2, 542
2, 862
2, 992
2, 672
2, 352
2, 32
2, 162
2, 482
2, 802
2, 932
2, 612
2, 292
2, 102
2, 422
2, 742
2, 872
2, 552
2, 232
2, 42
2, 362
2, 682
2, 812
2, 492
2, 172
2, 302
2, 622
2, 942
2, 752
2, 432
2, 112
2, 242
2, 562
2, 882
2, 692
2, 372
2, 52
2, 182
2, 502
2, 822
2, 952
2, 632
2, 312
2, 122
2, 442
2, 762
2, 892
2, 572
2, 252
2, 62
2, 382
2, 702
258, 448
258, 768
258, 578
258, 898
258, 388
258, 708
258, 518
258, 838
258, 648
258, 968
258, 328
258, 458
258, 778
258, 588
258, 908
258, 268
258, 398
258, 718
258, 848
258, 528
258, 338
258, 658
258, 978
258, 788
258, 468
258, 278
258, 598
258, 918
258, 728
258, 408
258, 538
258, 858
258, 988
258, 668
258, 348
258, 478
258, 798
258, 928
258, 608
258, 288
258, 418
258, 738
258, 868
258, 548
258, 358
258, 678
258, 998
258, 808
258, 488
258, 298
258, 618
258, 938
258, 748
258, 428
258, 558
258, 878
258, 688
258, 368
258, 498
258, 818
258, 948
258, 628
258, 308
258, 438
258, 758
258, 888
258, 568
258, 378
258, 698
258, 828
258, 508
258, 318
258, 638
258, 958
771, 961
771, 901
771, 841
771, 971
771, 781
771, 911
771, 851
771, 981
771, 791
771, 921
771, 861
771, 991
771, 801
771, 931
771, 871
771, 811
771, 941
771, 881
771, 821
771, 951
771, 891
771, 831
515, 705
515, 835
515, 645
515, 965
515, 775
515, 585
515, 905
515, 715
515, 845
515, 525
515, 975
515, 655
515, 785
515, 595
515, 915
515, 725
515, 535
515, 855
515, 985
515, 665
515, 795
515, 925
515, 605
515, 735
515, 865
515, 545
515, 675
515, 995
515, 805
515, 615
515, 935
515, 745
515, 555
515, 875
515, 685
515, 815
515, 945
515, 625
515, 755
515, 885
515, 565
515, 695
515, 825
515, 635
515, 955
515, 765
515, 575
515, 895
3, 193
3, 513
3, 833
3, 323
3, 643
3, 963
3, 133
3, 453
3, 773
3, 903
3, 263
3, 583
3, 713
3, 393
3, 73
3, 203
3, 843
3, 523
3, 973
3, 653
3, 333
3, 13
3, 143
3, 463
3, 783
3, 913
3, 593
3, 273
3, 83
3, 403
3, 723
3, 853
3, 533
3, 213
3, 23
3, 343
3, 663
3, 983
3, 793
3, 473
3, 153
3, 283
3, 603
3, 923
3, 733
3, 413
3, 93
3, 223
3, 543
3, 863
3, 993
3, 673
3, 353
3, 33
3, 163
3, 483
3, 803
3, 933
3, 613
3, 293
3, 103
3, 423
3, 743
3, 873
3, 553
3, 233
3, 43
3, 363
3, 683
3, 813
3, 493
3, 173
3, 303
3, 623
3, 943
3, 753
3, 433
3, 113
3, 243
3, 563
3, 883
3, 693
3, 373
3, 53
3, 183
3, 503
3, 823
3, 953
3, 633
3, 313
3, 123
3, 443
3, 763
3, 893
3, 573
3, 253
3, 63
3, 383
3, 703
259, 449
259, 769
259, 579
259, 899
259, 389
259, 709
259, 519
259, 839
259, 649
259, 969
259, 329
259, 459
259, 779
259, 589
259, 909
259, 269
259, 399
259, 719
259, 849
259, 529
259, 339
259, 659
259, 979
259, 789
259, 469
259, 279
259, 599
259, 919
259, 729
259, 409
259, 539
259, 859
259, 989
259, 669
259, 349
259, 479
259, 799
259, 929
259, 609
259, 289
259, 419
259, 739
259, 869
259, 549
259, 359
259, 679
259, 999
259, 809
259, 489
259, 299
259, 619
259, 939
259, 749
259, 429
259, 559
259, 879
259, 689
259, 369
259, 499
259, 819
259, 949
259, 629
259, 309
259, 439
259, 759
259, 889
259, 569
259, 379
259, 699
259, 829
259, 509
259, 319
259, 639
259, 959
772, 832
772, 962
772, 902
772, 842
772, 972
772, 782
772, 912
772, 852
772, 982
772, 792
772, 922
772, 862
772, 992
772, 802
772, 932
772, 872
772, 812
772, 942
772, 882
772, 822
772, 952
772, 892
516, 576
516, 896
516, 706
516, 836
516, 646
516, 966
516, 776
516, 906
516, 586
516, 716
516, 846
516, 526
516, 656
516, 976
516, 786
516, 596
516, 916
516, 726
516, 536
516, 856
516, 986
516, 666
516, 796
516, 926
516, 606
516, 736
516, 866
516, 546
516, 676
516, 996
516, 806
516, 616
516, 936
516, 746
516, 556
516, 876
516, 686
516, 816
516, 946
516, 626
516, 756
516, 886
516, 566
516, 696
516, 826
516, 636
516, 956
516, 766
4, 64
4, 384
4, 704
4, 194
4, 514
4, 834
4, 644
4, 964
4, 324
4, 774
4, 454
4, 134
4, 264
4, 584
4, 904
4, 714
4, 394
4, 74
4, 204
4, 524
4, 844
4, 654
4, 974
4, 334
4, 14
4, 144
4, 464
4, 784
4, 914
4, 594
4, 274
4, 84
4, 404
4, 724
4, 854
4, 534
4, 214
4, 24
4, 344
4, 664
4, 984
4, 794
4, 474
4, 154
4, 284
4, 604
4, 924
4, 734
4, 414
4, 94
4, 224
4, 544
4, 864
4, 994
4, 674
4, 354
4, 34
4, 164
4, 484
4, 804
4, 934
4, 614
4, 294
4, 104
4, 424
4, 744
4, 874
4, 554
4, 234
4, 44
4, 364
4, 684
4, 814
4, 494
4, 174
4, 304
4, 624
4, 944
4, 754
4, 434
4, 114
4, 244
4, 564
4, 884
4, 694
4, 374
4, 54
4, 184
4, 504
4, 824
4, 954
4, 634
4, 314
4, 124
4, 444
4, 764
4, 894
4, 574
4, 254
260, 320
260, 640
260, 960
260, 450
260, 770
260, 580
260, 900
260, 710
260, 390
260, 520
260, 840
260, 970
260, 650
260, 330
260, 460
260, 780
260, 910
260, 590
260, 270
260, 400
260, 720
260, 850
260, 530
260, 340
260, 660
260, 980
260, 790
260, 470
260, 280
260, 600
260, 920
260, 730
260, 410
260, 540
260, 860
260, 990
260, 670
260, 350
260, 480
260, 800
260, 930
260, 610
260, 290
260, 420
260, 740
260, 870
260, 550
260, 360
260, 680
260, 1000
260, 810
260, 490
260, 300
260, 620
260, 940
260, 750
260, 430
260, 560
260, 880
260, 690
260, 370
260, 500
260, 820
260, 950
260, 630
260, 310
260, 440
260, 760
260, 890
260, 570
260, 380
260, 700
260, 830
260, 510
773, 833
773, 963
773, 903
773, 843
773, 973
773, 783
773, 913
773, 853
773, 983
773, 793
773, 923
773, 863
773, 993
773, 803
773, 933
773, 873
773, 813
773, 943
773, 883
773, 823
773, 953
773, 893
517, 577
517, 897
517, 707
517, 837
517, 647
517, 967
517, 777
517, 907
517, 587
517, 717
517, 847
517, 527
517, 657
517, 977
517, 787
517, 597
517, 917
517, 727
517, 537
517, 857
517, 987
517, 667
517, 797
517, 927
517, 607
517, 737
517, 867
517, 547
517, 677
517, 997
517, 807
517, 617
517, 937
517, 747
517, 557
517, 877
517, 687
517, 817
517, 947
517, 627
517, 757
517, 887
517, 567
517, 697
517, 827
517, 637
517, 957
517, 767
5, 65
5, 385
5, 705
5, 195
5, 515
5, 835
5, 645
5, 965
5, 325
5, 775
5, 455
5, 135
5, 265
5, 585
5, 905
5, 715
5, 395
5, 75
5, 205
5, 525
5, 845
5, 655
5, 975
5, 335
5, 15
5, 145
5, 465
5, 785
5, 915
5, 595
5, 275
5, 85
5, 405
5, 725
5, 855
5, 535
5, 215
5, 25
5, 345
5, 665
5, 985
5, 795
5, 475
5, 155
5, 285
5, 605
5, 925
5, 735
5, 415
5, 95
5, 225
5, 545
5, 865
5, 995
5, 675
5, 355
5, 35
5, 165
5, 485
5, 805
5, 935
5, 615
5, 295
5, 105
5, 425
5, 745
5, 875
5, 555
5, 235
5, 45
5, 365
5, 685
5, 815
5, 495
5, 175
5, 305
5, 625
5, 945
5, 755
5, 435
5, 115
5, 245
5, 565
5, 885
5, 695
5, 375
5, 55
5, 185
5, 505
5, 825
5, 955
5, 635
5, 315
5, 125
5, 445
5, 765
5, 895
5, 575
5, 255
261, 321
261, 641
261, 961
261, 451
261, 771
261, 581
261, 901
261, 711
261, 391
261, 521
261, 841
261, 971
261, 651
261, 331
261, 461
261, 781
261, 911
261, 591
261, 271
261, 401
261, 721
261, 851
261, 531
261, 341
261, 661
261, 981
261, 791
261, 471
261, 281
261, 601
261, 921
261, 731
261, 411
261, 541
261, 861
261, 991
261, 671
261, 351
261, 481
261, 801
261, 931
261, 611
261, 291
261, 421
261, 741
261, 871
261, 551
261, 361
261, 681
261, 811
261, 491
261, 301
261, 621
261, 941
261, 751
261, 431
261, 561
261, 881
261, 691
261, 371
261, 501
261, 821
261, 951
261, 631
261, 311
261, 441
261, 761
261, 891
261, 571
261, 381
261, 701
261, 831
261, 511
774, 834
774, 964
774, 904
774, 844
774, 974
774, 784
774, 914
774, 854
774, 984
774, 794
774, 924
774, 864
774, 994
774, 804
774, 934
774, 874
774, 814
774, 944
774, 884
774, 824
774, 954
774, 894
518, 768
518, 578
518, 898
518, 708
518, 838
518, 648
518, 968
518, 778
518, 588
518, 908
518, 718
518, 848
518, 528
518, 658
518, 978
518, 788
518, 598
518, 918
518, 728
518, 538
518, 858
518, 988
518, 668
518, 798
518, 928
518, 608
518, 738
518, 868
518, 548
518, 678
518, 998
518, 808
518, 618
518, 938
518, 748
518, 558
518, 878
518, 688
518, 818
518, 948
518, 628
518, 758
518, 888
518, 568
518, 698
518, 828
518, 638
518, 958
6, 256
6, 576
6, 896
6, 66
6, 386
6, 706
6, 516
6, 836
6, 196
6, 966
6, 326
6, 646
6, 456
6, 776
6, 136
6, 266
6, 586
6, 906
6, 716
6, 396
6, 76
6, 206
6, 526
6, 846
6, 976
6, 656
6, 336
6, 16
6, 146
6, 466
6, 786
6, 916
6, 596
6, 276
6, 86
6, 406
6, 726
6, 856
6, 536
6, 216
6, 26
6, 346
6, 666
6, 986
6, 796
6, 476
6, 156
6, 286
6, 606
6, 926
6, 736
6, 416
6, 96
6, 226
6, 546
6, 866
6, 996
6, 676
6, 356
6, 36
6, 166
6, 486
6, 806
6, 936
6, 616
6, 296
6, 106
6, 426
6, 746
6, 876
6, 556
6, 236
6, 46
6, 366
6, 686
6, 816
6, 496
6, 176
6, 306
6, 626
6, 946
6, 756
6, 436
6, 116
6, 246
6, 566
6, 886
6, 696
6, 376
6, 56
6, 186
6, 506
6, 826
6, 956
6, 636
6, 316
6, 126
6, 446
6, 766
262, 512
262, 832
262, 322
262, 642
262, 962
262, 452
262, 772
262, 902
262, 582
262, 712
262, 392
262, 842
262, 522
262, 972
262, 652
262, 332
262, 462
262, 782
262, 912
262, 592
262, 272
262, 402
262, 722
262, 852
262, 532
262, 342
262, 662
262, 982
262, 792
262, 472
262, 282
262, 602
262, 922
262, 732
262, 412
262, 542
262, 862
262, 992
262, 672
262, 352
262, 482
262, 802
262, 932
262, 612
262, 292
262, 422
262, 742
262, 872
262, 552
262, 362
262, 682
262, 812
262, 492
262, 302
262, 622
262, 942
262, 752
262, 432
262, 562
262, 882
262, 692
262, 372
262, 502
262, 822
262, 952
262, 632
262, 312
262, 442
262, 762
262, 892
262, 572
262, 382
262, 702
775, 835
775, 965
775, 905
775, 845
775, 975
775, 785
775, 915
775, 855
775, 985
775, 795
775, 925
775, 865
775, 995
775, 805
775, 935
775, 875
775, 815
775, 945
775, 885
775, 825
775, 955
775, 895
519, 769
519, 579
519, 899
519, 709
519, 839
519, 649
519, 969
519, 779
519, 589
519, 909
519, 719
519, 849
519, 529
519, 659
519, 979
519, 789
519, 599
519, 919
519, 729
519, 539
519, 859
519, 989
519, 669
519, 799
519, 929
519, 609
519, 739
519, 869
519, 549
519, 679
519, 999
519, 809
519, 619
519, 939
519, 749
519, 559
519, 879
519, 689
519, 819
519, 949
519, 629
519, 759
519, 889
519, 569
519, 699
519, 829
519, 639
519, 959
7, 257
7, 577
7, 897
7, 67
7, 387
7, 707
7, 517
7, 837
7, 197
7, 967
7, 327
7, 647
7, 457
7, 777
7, 137
7, 267
7, 587
7, 907
7, 717
7, 397
7, 77
7, 207
7, 527
7, 847
7, 977
7, 657
7, 337
7, 17
7, 147
7, 467
7, 787
7, 917
7, 597
7, 277
7, 87
7, 407
7, 727
7, 857
7, 537
7, 217
7, 27
7, 347
7, 667
7, 987
7, 797
7, 477
7, 157
7, 287
7, 607
7, 927
7, 737
7, 417
7, 97
7, 227
7, 547
7, 867
7, 997
7, 677
7, 357
7, 37
7, 167
7, 487
7, 807
7, 937
7, 617
7, 297
7, 107
7, 427
7, 747
7, 877
7, 557
7, 237
7, 47
7, 367
7, 687
7, 817
7, 497
7, 177
7, 307
7, 627
7, 947
7, 757
7, 437
7, 117
7, 247
7, 567
7, 887
7, 697
7, 377
7, 57
7, 187
7, 507
7, 827
7, 957
7, 637
7, 317
7, 127
7, 447
7, 767
263, 513
263, 833
263, 323
263, 643
263, 963
263, 453
263, 773
263, 903
263, 583
263, 713
263, 393
263, 843
263, 523
263, 973
263, 653
263, 333
263, 463
263, 783
263, 913
263, 593
263, 273
263, 403
263, 723
263, 853
263, 533
263, 343
263, 663
263, 983
263, 793
263, 473
263, 283
263, 603
263, 923
263, 733
263, 413
263, 543
263, 863
263, 993
263, 673
263, 353
263, 483
263, 803
263, 933
263, 613
263, 293
263, 423
263, 743
263, 873
263, 553
263, 363
263, 683
263, 813
263, 493
263, 303
263, 623
263, 943
263, 753
263, 433
263, 563
263, 883
263, 693
263, 373
263, 503
263, 823
263, 953
263, 633
263, 313
263, 443
263, 763
263, 893
263, 573
263, 383
263, 703
776, 896
776, 836
776, 966
776, 906
776, 846
776, 976
776, 786
776, 916
776, 856
776, 986
776, 796
776, 926
776, 866
776, 996
776, 806
776, 936
776, 876
776, 816
776, 946
776, 886
776, 826
776, 956
520, 640
520, 960
520, 770
520, 580
520, 900
520, 710
520, 840
520, 970
520, 650
520, 780
520, 910
520, 590
520, 720
520, 850
520, 530
520, 660
520, 980
520, 790
520, 600
520, 920
520, 730
520, 540
520, 860
520, 990
520, 670
520, 800
520, 930
520, 610
520, 740
520, 870
520, 550
520, 680
520, 1000
520, 810
520, 620
520, 940
520, 750
520, 560
520, 880
520, 690
520, 820
520, 950
520, 630
520, 760
520, 890
520, 570
520, 700
520, 830
8, 128
8, 448
8, 768
8, 258
8, 578
8, 898
8, 388
8, 708
8, 68
8, 518
8, 198
8, 838
8, 328
8, 968
8, 648
8, 778
8, 458
8, 138
8, 268
8, 908
8, 588
8, 718
8, 398
8, 78
8, 208
8, 528
8, 848
8, 978
8, 658
8, 338
8, 18
8, 148
8, 468
8, 788
8, 918
8, 598
8, 278
8, 88
8, 408
8, 728
8, 858
8, 538
8, 218
8, 28
8, 348
8, 668
8, 988
8, 798
8, 478
8, 158
8, 288
8, 608
8, 928
8, 738
8, 418
8, 98
8, 228
8, 548
8, 868
8, 998
8, 678
8, 358
8, 38
8, 168
8, 488
8, 808
8, 938
8, 618
8, 298
8, 108
8, 428
8, 748
8, 878
8, 558
8, 238
8, 48
8, 368
8, 688
8, 818
8, 498
8, 178
8, 308
8, 628
8, 948
8, 758
8, 438
8, 118
8, 248
8, 568
8, 888
8, 698
8, 378
8, 58
8, 188
8, 508
8, 828
8, 958
8, 638
8, 318
264, 384
264, 704
264, 514
264, 834
264, 324
264, 644
264, 964
264, 774
264, 454
264, 584
264, 904
264, 714
264, 394
264, 524
264, 844
264, 654
264, 974
264, 334
264, 464
264, 784
264, 914
264, 594
264, 274
264, 404
264, 724
264, 854
264, 534
264, 344
264, 664
264, 984
264, 794
264, 474
264, 284
264, 604
264, 924
264, 734
264, 414
264, 544
264, 864
264, 994
264, 674
264, 354
264, 484
264, 804
264, 934
264, 614
264, 294
264, 424
264, 744
264, 874
264, 554
264, 364
264, 684
264, 814
264, 494
264, 304
264, 624
264, 944
264, 754
264, 434
264, 564
264, 884
264, 694
264, 374
264, 504
264, 824
264, 954
264, 634
264, 314
264, 444
264, 764
264, 894
264, 574
777, 897
777, 837
777, 967
777, 907
777, 847
777, 977
777, 787
777, 917
777, 857
777, 987
777, 797
777, 927
777, 867
777, 997
777, 807
777, 937
777, 877
777, 817
777, 947
777, 887
777, 827
777, 957
521, 641
521, 961
521, 771
521, 581
521, 901
521, 711
521, 841
521, 971
521, 651
521, 781
521, 911
521, 591
521, 721
521, 851
521, 531
521, 661
521, 981
521, 791
521, 601
521, 921
521, 731
521, 541
521, 861
521, 991
521, 671
521, 801
521, 931
521, 611
521, 741
521, 871
521, 551
521, 681
521, 811
521, 621
521, 941
521, 751
521, 561
521, 881
521, 691
521, 821
521, 951
521, 631
521, 761
521, 891
521, 571
521, 701
521, 831
9, 129
9, 449
9, 769
9, 259
9, 579
9, 899
9, 389
9, 709
9, 69
9, 519
9, 199
9, 839
9, 329
9, 969
9, 649
9, 779
9, 459
9, 139
9, 269
9, 909
9, 589
9, 719
9, 399
9, 79
9, 209
9, 529
9, 849
9, 979
9, 659
9, 339
9, 19
9, 149
9, 469
9, 789
9, 919
9, 599
9, 279
9, 89
9, 409
9, 729
9, 859
9, 539
9, 219
9, 29
9, 349
9, 669
9, 989
9, 799
9, 479
9, 159
9, 289
9, 609
9, 929
9, 739
9, 419
9, 99
9, 229
9, 549
9, 869
9, 999
9, 679
9, 359
9, 39
9, 169
9, 489
9, 809
9, 939
9, 619
9, 299
9, 109
9, 429
9, 749
9, 879
9, 559
9, 239
9, 49
9, 369
9, 689
9, 819
9, 499
9, 179
9, 309
9, 629
9, 949
9, 759
9, 439
9, 119
9, 249
9, 569
9, 889
9, 699
9, 379
9, 59
9, 189
9, 509
9, 829
9, 959
9, 639
9, 319
265, 385
265, 705
265, 515
265, 835
265, 325
265, 645
265, 965
265, 775
265, 455
265, 585
265, 905
265, 715
265, 395
265, 525
265, 845
265, 655
265, 975
265, 335
265, 465
265, 785
265, 915
265, 595
265, 275
265, 405
265, 725
265, 855
265, 535
265, 345
265, 665
265, 985
265, 795
265, 475
265, 285
265, 605
265, 925
265, 735
265, 415
265, 545
265, 865
265, 995
265, 675
265, 355
265, 485
265, 805
265, 935
265, 615
265, 295
265, 425
265, 745
265, 875
265, 555
265, 365
265, 685
265, 815
265, 495
265, 305
265, 625
265, 945
265, 755
265, 435
265, 565
265, 885
265, 695
265, 375
265, 505
265, 825
265, 955
265, 635
265, 315
265, 445
265, 765
265, 895
265, 575
778, 898
778, 838
778, 968
778, 908
778, 848
778, 978
778, 788
778, 918
778, 858
778, 988
778, 798
778, 928
778, 868
778, 998
778, 808
778, 938
778, 878
778, 818
778, 948
778, 888
778, 828
778, 958
522, 832
522, 642
522, 962
522, 772
522, 582
522, 902
522, 712
522, 842
522, 972
522, 652
522, 782
522, 912
522, 592
522, 722
522, 852
522, 532
522, 662
522, 982
522, 792
522, 602
522, 922
522, 732
522, 542
522, 862
522, 992
522, 672
522, 802
522, 932
522, 612
522, 742
522, 872
522, 552
522, 682
522, 812
522, 622
522, 942
522, 752
522, 562
522, 882
522, 692
522, 822
522, 952
522, 632
522, 762
522, 892
522, 572
522, 702
10, 320
10, 640
10, 960
10, 130
10, 450
10, 770
10, 580
10, 900
10, 260
10, 70
10, 390
10, 710
10, 840
10, 520
10, 200
10, 330
10, 650
10, 970
10, 780
10, 460
10, 140
10, 270
10, 590
10, 910
10, 720
10, 400
10, 80
10, 210
10, 530
10, 850
10, 980
10, 660
10, 340
10, 20
10, 150
10, 470
10, 790
10, 920
10, 600
10, 280
10, 90
10, 410
10, 730
10, 860
10, 540
10, 220
10, 30
10, 350
10, 670
10, 990
10, 800
10, 480
10, 160
10, 290
10, 610
10, 930
10, 740
10, 420
10, 100
10, 230
10, 550
10, 870
10, 1000
10, 680
10, 360
10, 40
10, 170
10, 490
10, 810
10, 940
10, 620
10, 300
10, 110
10, 430
10, 750
10, 880
10, 560
10, 240
10, 50
10, 370
10, 690
10, 820
10, 500
10, 180
10, 310
10, 630
10, 950
10, 760
10, 440
10, 120
10, 250
10, 570
10, 890
10, 700
10, 380
10, 60
10, 190
10, 510
10, 830
266, 576
266, 896
266, 386
266, 706
266, 516
266, 836
266, 646
266, 966
266, 326
266, 456
266, 776
266, 586
266, 906
266, 716
266, 396
266, 526
266, 846
266, 976
266, 656
266, 336
266, 466
266, 786
266, 916
266, 596
266, 276
266, 406
266, 726
266, 856
266, 536
266, 346
266, 666
266, 986
266, 796
266, 476
266, 286
266, 606
266, 926
266, 736
266, 416
266, 546
266, 866
266, 996
266, 676
266, 356
266, 486
266, 806
266, 936
266, 616
266, 296
266, 426
266, 746
266, 876
266, 556
266, 366
266, 686
266, 816
266, 496
266, 306
266, 626
266, 946
266, 756
266, 436
266, 566
266, 886
266, 696
266, 376
266, 506
266, 826
266, 956
266, 636
266, 316
266, 446
266, 766
779, 899
779, 839
779, 969
779, 909
779, 849
779, 979
779, 789
779, 919
779, 859
779, 989
779, 799
779, 929
779, 869
779, 999
779, 809
779, 939
779, 879
779, 819
779, 949
779, 889
779, 829
779, 959
523, 833
523, 643
523, 963
523, 773
523, 583
523, 903
523, 713
523, 843
523, 973
523, 653
523, 783
523, 913
523, 593
523, 723
523, 853
523, 533
523, 663
523, 983
523, 793
523, 603
523, 923
523, 733
523, 543
523, 863
523, 993
523, 673
523, 803
523, 933
523, 613
523, 743
523, 873
523, 553
523, 683
523, 813
523, 623
523, 943
523, 753
523, 563
523, 883
523, 693
523, 823
523, 953
523, 633
523, 763
523, 893
523, 573
523, 703
11, 321
11, 641
11, 961
11, 131
11, 451
11, 771
11, 581
11, 901
11, 261
11, 71
11, 391
11, 711
11, 841
11, 521
11, 201
11, 331
11, 651
11, 971
11, 781
11, 461
11, 141
11, 271
11, 591
11, 911
11, 721
11, 401
11, 81
11, 211
11, 531
11, 851
11, 981
11, 661
11, 341
11, 21
11, 151
11, 471
11, 791
11, 921
11, 601
11, 281
11, 91
11, 411
11, 731
11, 861
11, 541
11, 221
11, 31
11, 351
11, 671
11, 991
11, 801
11, 481
11, 161
11, 291
11, 611
11, 931
11, 741
11, 421
11, 101
11, 231
11, 551
11, 871
11, 681
11, 361
11, 41
11, 171
11, 491
11, 811
11, 941
11, 621
11, 301
11, 111
11, 431
11, 751
11, 881
11, 561
11, 241
11, 51
11, 371
11, 691
11, 821
11, 501
11, 181
11, 311
11, 631
11, 951
11, 761
11, 441
11, 121
11, 251
11, 571
11, 891
11, 701
11, 381
11, 61
11, 191
11, 511
11, 831
267, 577
267, 897
267, 387
267, 707
267, 517
267, 837
267, 647
267, 967
267, 327
267, 457
267, 777
267, 587
267, 907
267, 717
267, 397
267, 527
267, 847
267, 977
267, 657
267, 337
267, 467
267, 787
267, 917
267, 597
267, 277
267, 407
267, 727
267, 857
267, 537
267, 347
267, 667
267, 987
267, 797
267, 477
267, 287
267, 607
267, 927
267, 737
267, 417
267, 547
267, 867
267, 997
267, 677
267, 357
267, 487
267, 807
267, 937
267, 617
267, 297
267, 427
267, 747
267, 877
267, 557
267, 367
267, 687
267, 817
267, 497
267, 307
267, 627
267, 947
267, 757
267, 437
267, 567
267, 887
267, 697
267, 377
267, 507
267, 827
267, 957
267, 637
267, 317
267, 447
267, 767
780, 960
780, 900
780, 840
780, 970
780, 910
780, 850
780, 980
780, 790
780, 920
780, 860
780, 990
780, 800
780, 930
780, 870
780, 1000
780, 810
780, 940
780, 880
780, 820
780, 950
780, 890
780, 830
524, 704
524, 834
524, 644
524, 964
524, 774
524, 584
524, 904
524, 714
524, 844
524, 654
524, 974
524, 784
524, 914
524, 594
524, 724
524, 854
524, 534
524, 664
524, 984
524, 794
524, 604
524, 924
524, 734
524, 544
524, 864
524, 994
524, 674
524, 804
524, 934
524, 614
524, 744
524, 874
524, 554
524, 684
524, 814
524, 624
524, 944
524, 754
524, 564
524, 884
524, 694
524, 824
524, 954
524, 634
524, 764
524, 894
524, 574
12, 192
12, 512
12, 832
12, 322
12, 642
12, 962
12, 452
12, 772
12, 132
12, 582
12, 262
12, 902
12, 72
12, 392
12, 712
12, 522
12, 842
12, 202
12, 332
12, 652
12, 972
12, 782
12, 462
12, 142
12, 272
12, 592
12, 912
12, 722
12, 402
12, 82
12, 212
12, 532
12, 852
12, 982
12, 662
12, 342
12, 22
12, 152
12, 472
12, 792
12, 922
12, 602
12, 282
12, 92
12, 412
12, 732
12, 862
12, 542
12, 222
12, 32
12, 352
12, 672
12, 992
12, 802
12, 482
12, 162
12, 292
12, 612
12, 932
12, 742
12, 422
12, 102
12, 232
12, 552
12, 872
12, 682
12, 362
12, 42
12, 172
12, 492
12, 812
12, 942
12, 622
12, 302
12, 112
12, 432
12, 752
12, 882
12, 562
12, 242
12, 52
12, 372
12, 692
12, 822
12, 502
12, 182
12, 312
12, 632
12, 952
12, 762
12, 442
12, 122
12, 252
12, 572
12, 892
12, 702
12, 382
12, 62
268, 448
268, 768
268, 578
268, 898
268, 388
268, 708
268, 518
268, 838
268, 328
268, 968
268, 648
268, 778
268, 458
268, 908
268, 588
268, 718
268, 398
268, 528
268, 848
268, 978
268, 658
268, 338
268, 468
268, 788
268, 918
268, 598
268, 278
268, 408
268, 728
268, 858
268, 538
268, 348
268, 668
268, 988
268, 798
268, 478
268, 288
268, 608
268, 928
268, 738
268, 418
268, 548
268, 868
268, 998
268, 678
268, 358
268, 488
268, 808
268, 938
268, 618
268, 298
268, 428
268, 748
268, 878
268, 558
268, 368
268, 688
268, 818
268, 498
268, 308
268, 628
268, 948
268, 758
268, 438
268, 568
268, 888
268, 698
268, 378
268, 508
268, 828
268, 958
268, 638
268, 318
781, 961
781, 901
781, 841
781, 971
781, 911
781, 851
781, 981
781, 791
781, 921
781, 861
781, 991
781, 801
781, 931
781, 871
781, 811
781, 941
781, 881
781, 821
781, 951
781, 891
781, 831
525, 705
525, 835
525, 645
525, 965
525, 775
525, 585
525, 905
525, 715
525, 845
525, 655
525, 975
525, 785
525, 915
525, 595
525, 725
525, 855
525, 535
525, 665
525, 985
525, 795
525, 605
525, 925
525, 735
525, 545
525, 865
525, 995
525, 675
525, 805
525, 935
525, 615
525, 745
525, 875
525, 555
525, 685
525, 815
525, 625
525, 945
525, 755
525, 565
525, 885
525, 695
525, 825
525, 955
525, 635
525, 765
525, 895
525, 575
13, 193
13, 513
13, 833
13, 323
13, 643
13, 963
13, 453
13, 773
13, 133
13, 583
13, 263
13, 903
13, 73
13, 393
13, 713
13, 523
13, 843
13, 203
13, 333
13, 653
13, 973
13, 783
13, 463
13, 143
13, 273
13, 593
13, 913
13, 723
13, 403
13, 83
13, 213
13, 533
13, 853
13, 983
13, 663
13, 343
13, 23
13, 153
13, 473
13, 793
13, 923
13, 603
13, 283
13, 93
13, 413
13, 733
13, 863
13, 543
13, 223
13, 33
13, 353
13, 673
13, 993
13, 803
13, 483
13, 163
13, 293
13, 613
13, 933
13, 743
13, 423
13, 103
13, 233
13, 553
13, 873
13, 683
13, 363
13, 43
13, 173
13, 493
13, 813
13, 943
13, 623
13, 303
13, 113
13, 433
13, 753
13, 883
13, 563
13, 243
13, 53
13, 373
13, 693
13, 823
13, 503
13, 183
13, 313
13, 633
13, 953
13, 763
13, 443
13, 123
13, 253
13, 573
13, 893
13, 703
13, 383
13, 63
269, 449
269, 769
269, 579
269, 899
269, 389
269, 709
269, 519
269, 839
269, 329
269, 969
269, 649
269, 779
269, 459
269, 909
269, 589
269, 719
269, 399
269, 529
269, 849
269, 979
269, 659
269, 339
269, 469
269, 789
269, 919
269, 599
269, 279
269, 409
269, 729
269, 859
269, 539
269, 349
269, 669
269, 989
269, 799
269, 479
269, 289
269, 609
269, 929
269, 739
269, 419
269, 549
269, 869
269, 999
269, 679
269, 359
269, 489
269, 809
269, 939
269, 619
269, 299
269, 429
269, 749
269, 879
269, 559
269, 369
269, 689
269, 819
269, 499
269, 309
269, 629
269, 949
269, 759
269, 439
269, 569
269, 889
269, 699
269, 379
269, 509
269, 829
269, 959
269, 639
269, 319
782, 832
782, 962
782, 902
782, 842
782, 972
782, 912
782, 852
782, 982
782, 792
782, 922
782, 862
782, 992
782, 802
782, 932
782, 872
782, 812
782, 942
782, 882
782, 822
782, 952
782, 892
526, 576
526, 896
526, 706
526, 836
526, 646
526, 966
526, 776
526, 586
526, 906
526, 716
526, 846
526, 976
526, 656
526, 786
526, 916
526, 596
526, 726
526, 856
526, 536
526, 666
526, 986
526, 796
526, 606
526, 926
526, 736
526, 546
526, 866
526, 996
526, 676
526, 806
526, 936
526, 616
526, 746
526, 876
526, 556
526, 686
526, 816
526, 626
526, 946
526, 756
526, 566
526, 886
526, 696
526, 826
526, 956
526, 636
526, 766
14, 64
14, 384
14, 704
14, 194
14, 514
14, 834
14, 964
14, 324
14, 644
14, 134
14, 454
14, 774
14, 904
14, 584
14, 264
14, 74
14, 394
14, 714
14, 844
14, 524
14, 204
14, 334
14, 974
14, 654
14, 784
14, 464
14, 144
14, 274
14, 594
14, 914
14, 724
14, 404
14, 84
14, 214
14, 534
14, 854
14, 984
14, 664
14, 344
14, 24
14, 154
14, 474
14, 794
14, 924
14, 604
14, 284
14, 94
14, 414
14, 734
14, 864
14, 544
14, 224
14, 34
14, 354
14, 674
14, 994
14, 804
14, 484
14, 164
14, 294
14, 614
14, 934
14, 744
14, 424
14, 104
14, 234
14, 554
14, 874
14, 684
14, 364
14, 44
14, 174
14, 494
14, 814
14, 944
14, 624
14, 304
14, 114
14, 434
14, 754
14, 884
14, 564
14, 244
14, 54
14, 374
14, 694
14, 824
14, 504
14, 184
14, 314
14, 634
14, 954
14, 764
14, 444
14, 124
14, 254
14, 574
14, 894
270, 320
270, 640
270, 960
270, 450
270, 770
270, 580
270, 900
270, 390
270, 710
270, 840
270, 520
270, 330
270, 650
270, 970
270, 780
270, 460
270, 590
270, 910
270, 720
270, 400
270, 530
270, 850
270, 980
270, 660
270, 340
270, 470
270, 790
270, 920
270, 600
270, 280
270, 410
270, 730
270, 860
270, 540
270, 350
270, 670
270, 990
270, 800
270, 480
270, 290
270, 610
270, 930
270, 740
270, 420
270, 550
270, 870
270, 1000
270, 680
270, 360
270, 490
270, 810
270, 940
270, 620
270, 300
270, 430
270, 750
270, 880
270, 560
270, 370
270, 690
270, 820
270, 500
270, 310
270, 630
270, 950
270, 760
270, 440
270, 570
270, 890
270, 700
270, 380
270, 510
270, 830
783, 833
783, 963
783, 903
783, 843
783, 973
783, 913
783, 853
783, 983
783, 793
783, 923
783, 863
783, 993
783, 803
783, 933
783, 873
783, 813
783, 943
783, 883
783, 823
783, 953
783, 893
527, 577
527, 897
527, 707
527, 837
527, 647
527, 967
527, 777
527, 587
527, 907
527, 717
527, 847
527, 977
527, 657
527, 787
527, 917
527, 597
527, 727
527, 857
527, 537
527, 667
527, 987
527, 797
527, 607
527, 927
527, 737
527, 547
527, 867
527, 997
527, 677
527, 807
527, 937
527, 617
527, 747
527, 877
527, 557
527, 687
527, 817
527, 627
527, 947
527, 757
527, 567
527, 887
527, 697
527, 827
527, 957
527, 637
527, 767
15, 65
15, 385
15, 705
15, 195
15, 515
15, 835
15, 965
15, 325
15, 645
15, 135
15, 455
15, 775
15, 905
15, 585
15, 265
15, 75
15, 395
15, 715
15, 845
15, 525
15, 205
15, 335
15, 975
15, 655
15, 785
15, 465
15, 145
15, 275
15, 595
15, 915
15, 725
15, 405
15, 85
15, 215
15, 535
15, 855
15, 985
15, 665
15, 345
15, 25
15, 155
15, 475
15, 795
15, 925
15, 605
15, 285
15, 95
15, 415
15, 735
15, 865
15, 545
15, 225
15, 35
15, 355
15, 675
15, 995
15, 805
15, 485
15, 165
15, 295
15, 615
15, 935
15, 745
15, 425
15, 105
15, 235
15, 555
15, 875
15, 685
15, 365
15, 45
15, 175
15, 495
15, 815
15, 945
15, 625
15, 305
15, 115
15, 435
15, 755
15, 885
15, 565
15, 245
15, 55
15, 375
15, 695
15, 825
15, 505
15, 185
15, 315
15, 635
15, 955
15, 765
15, 445
15, 125
15, 255
15, 575
15, 895
271, 321
271, 641
271, 961
271, 451
271, 771
271, 581
271, 901
271, 391
271, 711
271, 841
271, 521
271, 331
271, 651
271, 971
271, 781
271, 461
271, 591
271, 911
271, 721
271, 401
271, 531
271, 851
271, 981
271, 661
271, 341
271, 471
271, 791
271, 921
271, 601
271, 281
271, 411
271, 731
271, 861
271, 541
271, 351
271, 671
271, 991
271, 801
271, 481
271, 291
271, 611
271, 931
271, 741
271, 421
271, 551
271, 871
271, 681
271, 361
271, 491
271, 811
271, 941
271, 621
271, 301
271, 431
271, 751
271, 881
271, 561
271, 371
271, 691
271, 821
271, 501
271, 311
271, 631
271, 951
271, 761
271, 441
271, 571
271, 891
271, 701
271, 381
271, 511
271, 831
784, 834
784, 964
784, 904
784, 844
784, 974
784, 914
784, 854
784, 984
784, 794
784, 924
784, 864
784, 994
784, 804
784, 934
784, 874
784, 814
784, 944
784, 884
784, 824
784, 954
784, 894
528, 768
528, 578
528, 898
528, 708
528, 838
528, 648
528, 968
528, 778
528, 908
528, 588
528, 718
528, 848
528, 978
528, 658
528, 788
528, 918
528, 598
528, 728
528, 858
528, 538
528, 668
528, 988
528, 798
528, 608
528, 928
528, 738
528, 548
528, 868
528, 998
528, 678
528, 808
528, 938
528, 618
528, 748
528, 878
528, 558
528, 688
528, 818
528, 628
528, 948
528, 758
528, 568
528, 888
528, 698
528, 828
528, 958
528, 638
16, 256
16, 576
16, 896
16, 66
16, 386
16, 706
16, 836
16, 196
16, 516
16, 646
16, 326
16, 966
16, 136
16, 776
16, 456
16, 906
16, 586
16, 266
16, 76
16, 396
16, 716
16, 846
16, 526
16, 206
16, 336
16, 656
16, 976
16, 786
16, 466
16, 146
16, 276
16, 596
16, 916
16, 726
16, 406
16, 86
16, 216
16, 536
16, 856
16, 986
16, 666
16, 346
16, 26
16, 156
16, 476
16, 796
16, 926
16, 606
16, 286
16, 96
16, 416
16, 736
16, 866
16, 546
16, 226
16, 36
16, 356
16, 676
16, 996
16, 806
16, 486
16, 166
16, 296
16, 616
16, 936
16, 746
16, 426
16, 106
16, 236
16, 556
16, 876
16, 686
16, 366
16, 46
16, 176
16, 496
16, 816
16, 946
16, 626
16, 306
16, 116
16, 436
16, 756
16, 886
16, 566
16, 246
16, 56
16, 376
16, 696
16, 826
16, 506
16, 186
16, 316
16, 636
16, 956
16, 766
16, 446
16, 126
272, 512
272, 832
272, 322
272, 642
272, 962
272, 452
272, 772
272, 582
272, 902
272, 392
272, 712
272, 522
272, 842
272, 332
272, 652
272, 972
272, 782
272, 462
272, 592
272, 912
272, 722
272, 402
272, 532
272, 852
272, 982
272, 662
272, 342
272, 472
272, 792
272, 922
272, 602
272, 282
272, 412
272, 732
272, 862
272, 542
272, 352
272, 672
272, 992
272, 802
272, 482
272, 292
272, 612
272, 932
272, 742
272, 422
272, 552
272, 872
272, 682
272, 362
272, 492
272, 812
272, 942
272, 622
272, 302
272, 432
272, 752
272, 882
272, 562
272, 372
272, 692
272, 822
272, 502
272, 312
272, 632
272, 952
272, 762
272, 442
272, 572
272, 892
272, 702
272, 382
785, 835
785, 965
785, 905
785, 845
785, 975
785, 915
785, 855
785, 985
785, 795
785, 925
785, 865
785, 995
785, 805
785, 935
785, 875
785, 815
785, 945
785, 885
785, 825
785, 955
785, 895
529, 769
529, 579
529, 899
529, 709
529, 839
529, 649
529, 969
529, 779
529, 909
529, 589
529, 719
529, 849
529, 979
529, 659
529, 789
529, 919
529, 599
529, 729
529, 859
529, 539
529, 669
529, 989
529, 799
529, 609
529, 929
529, 739
529, 549
529, 869
529, 999
529, 679
529, 809
529, 939
529, 619
529, 749
529, 879
529, 559
529, 689
529, 819
529, 629
529, 949
529, 759
529, 569
529, 889
529, 699
529, 829
529, 959
529, 639
17, 257
17, 577
17, 897
17, 67
17, 387
17, 707
17, 837
17, 197
17, 517
17, 647
17, 327
17, 967
17, 137
17, 777
17, 457
17, 907
17, 587
17, 267
17, 77
17, 397
17, 717
17, 847
17, 527
17, 207
17, 337
17, 657
17, 977
17, 787
17, 467
17, 147
17, 277
17, 597
17, 917
17, 727
17, 407
17, 87
17, 217
17, 537
17, 857
17, 987
17, 667
17, 347
17, 27
17, 157
17, 477
17, 797
17, 927
17, 607
17, 287
17, 97
17, 417
17, 737
17, 867
17, 547
17, 227
17, 37
17, 357
17, 677
17, 997
17, 807
17, 487
17, 167
17, 297
17, 617
17, 937
17, 747
17, 427
17, 107
17, 237
17, 557
17, 877
17, 687
17, 367
17, 47
17, 177
17, 497
17, 817
17, 947
17, 627
17, 307
17, 117
17, 437
17, 757
17, 887
17, 567
17, 247
17, 57
17, 377
17, 697
17, 827
17, 507
17, 187
17, 317
17, 637
17, 957
17, 767
17, 447
17, 127
273, 513
273, 833
273, 323
273, 643
273, 963
273, 453
273, 773
273, 583
273, 903
273, 393
273, 713
273, 523
273, 843
273, 333
273, 653
273, 973
273, 783
273, 463
273, 593
273, 913
273, 723
273, 403
273, 533
273, 853
273, 983
273, 663
273, 343
273, 473
273, 793
273, 923
273, 603
273, 283
273, 413
273, 733
273, 863
273, 543
273, 353
273, 673
273, 993
273, 803
273, 483
273, 293
273, 613
273, 933
273, 743
273, 423
273, 553
273, 873
273, 683
273, 363
273, 493
273, 813
273, 943
273, 623
273, 303
273, 433
273, 753
273, 883
273, 563
273, 373
273, 693
273, 823
273, 503
273, 313
273, 633
273, 953
273, 763
273, 443
273, 573
273, 893
273, 703
273, 383
786, 896
786, 836
786, 966
786, 906
786, 846
786, 976
786, 916
786, 856
786, 986
786, 796
786, 926
786, 866
786, 996
786, 806
786, 936
786, 876
786, 816
786, 946
786, 886
786, 826
786, 956
530, 640
530, 960
530, 770
530, 580
530, 900
530, 710
530, 840
530, 650
530, 970
530, 780
530, 590
530, 910
530, 720
530, 850
530, 980
530, 660
530, 790
530, 920
530, 600
530, 730
530, 860
530, 540
530, 670
530, 990
530, 800
530, 610
530, 930
530, 740
530, 550
530, 870
530, 1000
530, 680
530, 810
530, 940
530, 620
530, 750
530, 880
530, 560
530, 690
530, 820
530, 630
530, 950
530, 760
530, 570
530, 890
530, 700
530, 830
18, 128
18, 448
18, 768
18, 258
18, 578
18, 898
18, 708
18, 68
18, 388
18, 838
18, 198
18, 518
18, 648
18, 968
18, 328
18, 138
18, 458
18, 778
18, 588
18, 908
18, 268
18, 78
18, 398
18, 718
18, 848
18, 528
18, 208
18, 338
18, 658
18, 978
18, 788
18, 468
18, 148
18, 278
18, 598
18, 918
18, 728
18, 408
18, 88
18, 218
18, 538
18, 858
18, 988
18, 668
18, 348
18, 28
18, 158
18, 478
18, 798
18, 928
18, 608
18, 288
18, 98
18, 418
18, 738
18, 868
18, 548
18, 228
18, 38
18, 358
18, 678
18, 998
18, 808
18, 488
18, 168
18, 298
18, 618
18, 938
18, 748
18, 428
18, 108
18, 238
18, 558
18, 878
18, 688
18, 368
18, 48
18, 178
18, 498
18, 818
18, 948
18, 628
18, 308
18, 118
18, 438
18, 758
18, 888
18, 568
18, 248
18, 58
18, 378
18, 698
18, 828
18, 508
18, 188
18, 318
18, 638
18, 958
274, 384
274, 704
274, 514
274, 834
274, 324
274, 644
274, 964
274, 454
274, 774
274, 904
274, 584
274, 394
274, 714
274, 844
274, 524
274, 334
274, 974
274, 654
274, 784
274, 464
274, 594
274, 914
274, 724
274, 404
274, 534
274, 854
274, 984
274, 664
274, 344
274, 474
274, 794
274, 924
274, 604
274, 284
274, 414
274, 734
274, 864
274, 544
274, 354
274, 674
274, 994
274, 804
274, 484
274, 294
274, 614
274, 934
274, 744
274, 424
274, 554
274, 874
274, 684
274, 364
274, 494
274, 814
274, 944
274, 624
274, 304
274, 434
274, 754
274, 884
274, 564
274, 374
274, 694
274, 824
274, 504
274, 314
274, 634
274, 954
274, 764
274, 444
274, 574
274, 894
787, 897
787, 837
787, 967
787, 907
787, 847
787, 977
787, 917
787, 857
787, 987
787, 797
787, 927
787, 867
787, 997
787, 807
787, 937
787, 877
787, 817
787, 947
787, 887
787, 827
787, 957
531, 641
531, 961
531, 771
531, 581
531, 901
531, 711
531, 841
531, 651
531, 971
531, 781
531, 591
531, 911
531, 721
531, 851
531, 981
531, 661
531, 791
531, 921
531, 601
531, 731
531, 861
531, 541
531, 671
531, 991
531, 801
531, 611
531, 931
531, 741
531, 551
531, 871
531, 681
531, 811
531, 941
531, 621
531, 751
531, 881
531, 561
531, 691
531, 821
531, 631
531, 951
531, 761
531, 571
531, 891
531, 701
531, 831
19, 129
19, 449
19, 769
19, 259
19, 579
19, 899
19, 709
19, 69
19, 389
19, 839
19, 199
19, 519
19, 649
19, 969
19, 329
19, 139
19, 459
19, 779
19, 589
19, 909
19, 269
19, 79
19, 399
19, 719
19, 849
19, 529
19, 209
19, 339
19, 659
19, 979
19, 789
19, 469
19, 149
19, 279
19, 599
19, 919
19, 729
19, 409
19, 89
19, 219
19, 539
19, 859
19, 989
19, 669
19, 349
19, 29
19, 159
19, 479
19, 799
19, 929
19, 609
19, 289
19, 99
19, 419
19, 739
19, 869
19, 549
19, 229
19, 39
19, 359
19, 679
19, 999
19, 809
19, 489
19, 169
19, 299
19, 619
19, 939
19, 749
19, 429
19, 109
19, 239
19, 559
19, 879
19, 689
19, 369
19, 49
19, 179
19, 499
19, 819
19, 949
19, 629
19, 309
19, 119
19, 439
19, 759
19, 889
19, 569
19, 249
19, 59
19, 379
19, 699
19, 829
19, 509
19, 189
19, 319
19, 639
19, 959
275, 385
275, 705
275, 515
275, 835
275, 325
275, 645
275, 965
275, 455
275, 775
275, 905
275, 585
275, 395
275, 715
275, 845
275, 525
275, 335
275, 975
275, 655
275, 785
275, 465
275, 595
275, 915
275, 725
275, 405
275, 535
275, 855
275, 985
275, 665
275, 345
275, 475
275, 795
275, 925
275, 605
275, 285
275, 415
275, 735
275, 865
275, 545
275, 355
275, 675
275, 995
275, 805
275, 485
275, 295
275, 615
275, 935
275, 745
275, 425
275, 555
275, 875
275, 685
275, 365
275, 495
275, 815
275, 945
275, 625
275, 305
275, 435
275, 755
275, 885
275, 565
275, 375
275, 695
275, 825
275, 505
275, 315
275, 635
275, 955
275, 765
275, 445
275, 575
275, 895
788, 898
788, 838
788, 968
788, 908
788, 848
788, 978
788, 918
788, 858
788, 988
788, 798
788, 928
788, 868
788, 998
788, 808
788, 938
788, 878
788, 818
788, 948
788, 888
788, 828
788, 958
532, 832
532, 642
532, 962
532, 772
532, 582
532, 902
532, 712
532, 842
532, 652
532, 972
532, 782
532, 592
532, 912
532, 722
532, 852
532, 982
532, 662
532, 792
532, 922
532, 602
532, 732
532, 862
532, 542
532, 672
532, 992
532, 802
532, 612
532, 932
532, 742
532, 552
532, 872
532, 682
532, 812
532, 942
532, 622
532, 752
532, 882
532, 562
532, 692
532, 822
532, 632
532, 952
532, 762
532, 572
532, 892
532, 702
20, 320
20, 640
20, 960
20, 130
20, 450
20, 770
20, 900
20, 260
20, 580
20, 710
20, 390
20, 70
20, 200
20, 520
20, 840
20, 970
20, 650
20, 330
20, 140
20, 460
20, 780
20, 910
20, 590
20, 270
20, 80
20, 400
20, 720
20, 850
20, 530
20, 210
20, 340
20, 660
20, 980
20, 790
20, 470
20, 150
20, 280
20, 600
20, 920
20, 730
20, 410
20, 90
20, 220
20, 540
20, 860
20, 990
20, 670
20, 350
20, 30
20, 160
20, 480
20, 800
20, 930
20, 610
20, 290
20, 100
20, 420
20, 740
20, 870
20, 550
20, 230
20, 40
20, 360
20, 680
20, 1000
20, 810
20, 490
20, 170
20, 300
20, 620
20, 940
20, 750
20, 430
20, 110
20, 240
20, 560
20, 880
20, 690
20, 370
20, 50
20, 180
20, 500
20, 820
20, 950
20, 630
20, 310
20, 120
20, 440
20, 760
20, 890
20, 570
20, 250
20, 60
20, 380
20, 700
20, 830
20, 510
20, 190
276, 576
276, 896
276, 386
276, 706
276, 516
276, 836
276, 966
276, 326
276, 646
276, 776
276, 456
276, 906
276, 586
276, 396
276, 716
276, 846
276, 526
276, 336
276, 656
276, 976
276, 786
276, 466
276, 596
276, 916
276, 726
276, 406
276, 536
276, 856
276, 986
276, 666
276, 346
276, 476
276, 796
276, 926
276, 606
276, 286
276, 416
276, 736
276, 866
276, 546
276, 356
276, 676
276, 996
276, 806
276, 486
276, 296
276, 616
276, 936
276, 746
276, 426
276, 556
276, 876
276, 686
276, 366
276, 496
276, 816
276, 946
276, 626
276, 306
276, 436
276, 756
276, 886
276, 566
276, 376
276, 696
276, 826
276, 506
276, 316
276, 636
276, 956
276, 766
276, 446
789, 899
789, 839
789, 969
789, 909
789, 849
789, 979
789, 919
789, 859
789, 989
789, 799
789, 929
789, 869
789, 999
789, 809
789, 939
789, 879
789, 819
789, 949
789, 889
789, 829
789, 959
533, 833
533, 643
533, 963
533, 773
533, 583
533, 903
533, 713
533, 843
533, 653
533, 973
533, 783
533, 593
533, 913
533, 723
533, 853
533, 983
533, 663
533, 793
533, 923
533, 603
533, 733
533, 863
533, 543
533, 673
533, 993
533, 803
533, 613
533, 933
533, 743
533, 553
533, 873
533, 683
533, 813
533, 943
533, 623
533, 753
533, 883
533, 563
533, 693
533, 823
533, 633
533, 953
533, 763
533, 573
533, 893
533, 703
21, 321
21, 641
21, 961
21, 131
21, 451
21, 771
21, 901
21, 261
21, 581
21, 711
21, 391
21, 71
21, 201
21, 521
21, 841
21, 971
21, 651
21, 331
21, 141
21, 461
21, 781
21, 911
21, 591
21, 271
21, 81
21, 401
21, 721
21, 851
21, 531
21, 211
21, 341
21, 661
21, 981
21, 791
21, 471
21, 151
21, 281
21, 601
21, 921
21, 731
21, 411
21, 91
21, 221
21, 541
21, 861
21, 991
21, 671
21, 351
21, 31
21, 161
21, 481
21, 801
21, 931
21, 611
21, 291
21, 101
21, 421
21, 741
21, 871
21, 551
21, 231
21, 41
21, 361
21, 681
21, 811
21, 491
21, 171
21, 301
21, 621
21, 941
21, 751
21, 431
21, 111
21, 241
21, 561
21, 881
21, 691
21, 371
21, 51
21, 181
21, 501
21, 821
21, 951
21, 631
21, 311
21, 121
21, 441
21, 761
21, 891
21, 571
21, 251
21, 61
21, 381
21, 701
21, 831
21, 511
21, 191
277, 577
277, 897
277, 387
277, 707
277, 517
277, 837
277, 967
277, 327
277, 647
277, 777
277, 457
277, 907
277, 587
277, 397
277, 717
277, 847
277, 527
277, 337
277, 657
277, 977
277, 787
277, 467
277, 597
277, 917
277, 727
277, 407
277, 537
277, 857
277, 987
277, 667
277, 347
277, 477
277, 797
277, 927
277, 607
277, 287
277, 417
277, 737
277, 867
277, 547
277, 357
277, 677
277, 997
277, 807
277, 487
277, 297
277, 617
277, 937
277, 747
277, 427
277, 557
277, 877
277, 687
277, 367
277, 497
277, 817
277, 947
277, 627
277, 307
277, 437
277, 757
277, 887
277, 567
277, 377
277, 697
277, 827
277, 507
277, 317
277, 637
277, 957
277, 767
277, 447
790, 960
790, 900
790, 840
790, 970
790, 910
790, 850
790, 980
790, 920
790, 860
790, 990
790, 800
790, 930
790, 870
790, 1000
790, 810
790, 940
790, 880
790, 820
790, 950
790, 890
790, 830
534, 704
534, 834
534, 644
534, 964
534, 774
534, 584
534, 904
534, 714
534, 844
534, 974
534, 654
534, 784
534, 594
534, 914
534, 724
534, 854
534, 984
534, 664
534, 794
534, 924
534, 604
534, 734
534, 864
534, 544
534, 674
534, 994
534, 804
534, 614
534, 934
534, 744
534, 554
534, 874
534, 684
534, 814
534, 944
534, 624
534, 754
534, 884
534, 564
534, 694
534, 824
534, 634
534, 954
534, 764
534, 574
534, 894
22, 192
22, 512
22, 832
22, 322
22, 642
22, 962
22, 772
22, 132
22, 452
22, 902
22, 262
22, 582
22, 712
22, 392
22, 72
22, 202
22, 842
22, 522
22, 972
22, 652
22, 332
22, 142
22, 462
22, 782
22, 912
22, 592
22, 272
22, 82
22, 402
22, 722
22, 852
22, 532
22, 212
22, 342
22, 662
22, 982
22, 792
22, 472
22, 152
22, 282
22, 602
22, 922
22, 732
22, 412
22, 92
22, 222
22, 542
22, 862
22, 992
22, 672
22, 352
22, 32
22, 162
22, 482
22, 802
22, 932
22, 612
22, 292
22, 102
22, 422
22, 742
22, 872
22, 552
22, 232
22, 42
22, 362
22, 682
22, 812
22, 492
22, 172
22, 302
22, 622
22, 942
22, 752
22, 432
22, 112
22, 242
22, 562
22, 882
22, 692
22, 372
22, 52
22, 182
22, 502
22, 822
22, 952
22, 632
22, 312
22, 122
22, 442
22, 762
22, 892
22, 572
22, 252
22, 62
22, 382
22, 702
278, 448
278, 768
278, 578
278, 898
278, 388
278, 708
278, 518
278, 838
278, 648
278, 968
278, 328
278, 458
278, 778
278, 588
278, 908
278, 398
278, 718
278, 848
278, 528
278, 338
278, 658
278, 978
278, 788
278, 468
278, 598
278, 918
278, 728
278, 408
278, 538
278, 858
278, 988
278, 668
278, 348
278, 478
278, 798
278, 928
278, 608
278, 288
278, 418
278, 738
278, 868
278, 548
278, 358
278, 678
278, 998
278, 808
278, 488
278, 298
278, 618
278, 938
278, 748
278, 428
278, 558
278, 878
278, 688
278, 368
278, 498
278, 818
278, 948
278, 628
278, 308
278, 438
278, 758
278, 888
278, 568
278, 378
278, 698
278, 828
278, 508
278, 318
278, 638
278, 958
791, 961
791, 901
791, 841
791, 971
791, 911
791, 851
791, 981
791, 921
791, 861
791, 991
791, 801
791, 931
791, 871
791, 811
791, 941
791, 881
791, 821
791, 951
791, 891
791, 831
535, 705
535, 835
535, 645
535, 965
535, 775
535, 585
535, 905
535, 715
535, 845
535, 975
535, 655
535, 785
535, 595
535, 915
535, 725
535, 855
535, 985
535, 665
535, 795
535, 925
535, 605
535, 735
535, 865
535, 545
535, 675
535, 995
535, 805
535, 615
535, 935
535, 745
535, 555
535, 875
535, 685
535, 815
535, 945
535, 625
535, 755
535, 885
535, 565
535, 695
535, 825
535, 635
535, 955
535, 765
535, 575
535, 895
23, 193
23, 513
23, 833
23, 323
23, 643
23, 963
23, 773
23, 133
23, 453
23, 903
23, 263
23, 583
23, 713
23, 393
23, 73
23, 203
23, 843
23, 523
23, 973
23, 653
23, 333
23, 143
23, 463
23, 783
23, 913
23, 593
23, 273
23, 83
23, 403
23, 723
23, 853
23, 533
23, 213
23, 343
23, 663
23, 983
23, 793
23, 473
23, 153
23, 283
23, 603
23, 923
23, 733
23, 413
23, 93
23, 223
23, 543
23, 863
23, 993
23, 673
23, 353
23, 33
23, 163
23, 483
23, 803
23, 933
23, 613
23, 293
23, 103
23, 423
23, 743
23, 873
23, 553
23, 233
23, 43
23, 363
23, 683
23, 813
23, 493
23, 173
23, 303
23, 623
23, 943
23, 753
23, 433
23, 113
23, 243
23, 563
23, 883
23, 693
23, 373
23, 53
23, 183
23, 503
23, 823
23, 953
23, 633
23, 313
23, 123
23, 443
23, 763
23, 893
23, 573
23, 253
23, 63
23, 383
23, 703
279, 449
279, 769
279, 579
279, 899
279, 389
279, 709
279, 519
279, 839
279, 649
279, 969
279, 329
279, 459
279, 779
279, 589
279, 909
279, 399
279, 719
279, 849
279, 529
279, 339
279, 659
279, 979
279, 789
279, 469
279, 599
279, 919
279, 729
279, 409
279, 539
279, 859
279, 989
279, 669
279, 349
279, 479
279, 799
279, 929
279, 609
279, 289
279, 419
279, 739
279, 869
279, 549
279, 359
279, 679
279, 999
279, 809
279, 489
279, 299
279, 619
279, 939
279, 749
279, 429
279, 559
279, 879
279, 689
279, 369
279, 499
279, 819
279, 949
279, 629
279, 309
279, 439
279, 759
279, 889
279, 569
279, 379
279, 699
279, 829
279, 509
279, 319
279, 639
279, 959
792, 832
792, 962
792, 902
792, 842
792, 972
792, 912
792, 852
792, 982
792, 922
792, 862
792, 992
792, 802
792, 932
792, 872
792, 812
792, 942
792, 882
792, 822
792, 952
792, 892
536, 576
536, 896
536, 706
536, 836
536, 646
536, 966
536, 776
536, 906
536, 586
536, 716
536, 846
536, 656
536, 976
536, 786
536, 596
536, 916
536, 726
536, 856
536, 986
536, 666
536, 796
536, 926
536, 606
536, 736
536, 866
536, 546
536, 676
536, 996
536, 806
536, 616
536, 936
536, 746
536, 556
536, 876
536, 686
536, 816
536, 946
536, 626
536, 756
536, 886
536, 566
536, 696
536, 826
536, 636
536, 956
536, 766
24, 64
24, 384
24, 704
24, 194
24, 514
24, 834
24, 324
24, 644
24, 964
24, 774
24, 454
24, 134
24, 264
24, 584
24, 904
24, 714
24, 394
24, 74
24, 204
24, 524
24, 844
24, 654
24, 974
24, 334
24, 144
24, 464
24, 784
24, 914
24, 594
24, 274
24, 84
24, 404
24, 724
24, 854
24, 534
24, 214
24, 344
24, 664
24, 984
24, 794
24, 474
24, 154
24, 284
24, 604
24, 924
24, 734
24, 414
24, 94
24, 224
24, 544
24, 864
24, 994
24, 674
24, 354
24, 34
24, 164
24, 484
24, 804
24, 934
24, 614
24, 294
24, 104
24, 424
24, 744
24, 874
24, 554
24, 234
24, 44
24, 364
24, 684
24, 814
24, 494
24, 174
24, 304
24, 624
24, 944
24, 754
24, 434
24, 114
24, 244
24, 564
24, 884
24, 694
24, 374
24, 54
24, 184
24, 504
24, 824
24, 954
24, 634
24, 314
24, 124
24, 444
24, 764
24, 894
24, 574
24, 254
280, 320
280, 640
280, 960
280, 450
280, 770
280, 580
280, 900
280, 710
280, 390
280, 520
280, 840
280, 970
280, 650
280, 330
280, 460
280, 780
280, 910
280, 590
280, 400
280, 720
280, 850
280, 530
280, 340
280, 660
280, 980
280, 790
280, 470
280, 600
280, 920
280, 730
280, 410
280, 540
280, 860
280, 990
280, 670
280, 350
280, 480
280, 800
280, 930
280, 610
280, 290
280, 420
280, 740
280, 870
280, 550
280, 360
280, 680
280, 1000
280, 810
280, 490
280, 300
280, 620
280, 940
280, 750
280, 430
280, 560
280, 880
280, 690
280, 370
280, 500
280, 820
280, 950
280, 630
280, 310
280, 440
280, 760
280, 890
280, 570
280, 380
280, 700
280, 830
280, 510
793, 833
793, 963
793, 903
793, 843
793, 973
793, 913
793, 853
793, 983
793, 923
793, 863
793, 993
793, 803
793, 933
793, 873
793, 813
793, 943
793, 883
793, 823
793, 953
793, 893
537, 577
537, 897
537, 707
537, 837
537, 647
537, 967
537, 777
537, 907
537, 587
537, 717
537, 847
537, 657
537, 977
537, 787
537, 597
537, 917
537, 727
537, 857
537, 987
537, 667
537, 797
537, 927
537, 607
537, 737
537, 867
537, 547
537, 677
537, 997
537, 807
537, 617
537, 937
537, 747
537, 557
537, 877
537, 687
537, 817
537, 947
537, 627
537, 757
537, 887
537, 567
537, 697
537, 827
537, 637
537, 957
537, 767
25, 65
25, 385
25, 705
25, 195
25, 515
25, 835
25, 325
25, 645
25, 965
25, 775
25, 455
25, 135
25, 265
25, 585
25, 905
25, 715
25, 395
25, 75
25, 205
25, 525
25, 845
25, 655
25, 975
25, 335
25, 145
25, 465
25, 785
25, 915
25, 595
25, 275
25, 85
25, 405
25, 725
25, 855
25, 535
25, 215
25, 345
25, 665
25, 985
25, 795
25, 475
25, 155
25, 285
25, 605
25, 925
25, 735
25, 415
25, 95
25, 225
25, 545
25, 865
25, 995
25, 675
25, 355
25, 35
25, 165
25, 485
25, 805
25, 935
25, 615
25, 295
25, 105
25, 425
25, 745
25, 875
25, 555
25, 235
25, 45
25, 365
25, 685
25, 815
25, 495
25, 175
25, 305
25, 625
25, 945
25, 755
25, 435
25, 115
25, 245
25, 565
25, 885
25, 695
25, 375
25, 55
25, 185
25, 505
25, 825
25, 955
25, 635
25, 315
25, 125
25, 445
25, 765
25, 895
25, 575
25, 255
281, 321
281, 641
281, 961
281, 451
281, 771
281, 581
281, 901
281, 711
281, 391
281, 521
281, 841
281, 971
281, 651
281, 331
281, 461
281, 781
281, 911
281, 591
281, 401
281, 721
281, 851
281, 531
281, 341
281, 661
281, 981
281, 791
281, 471
281, 601
281, 921
281, 731
281, 411
281, 541
281, 861
281, 991
281, 671
281, 351
281, 481
281, 801
281, 931
281, 611
281, 291
281, 421
281, 741
281, 871
281, 551
281, 361
281, 681
281, 811
281, 491
281, 301
281, 621
281, 941
281, 751
281, 431
281, 561
281, 881
281, 691
281, 371
281, 501
281, 821
281, 951
281, 631
281, 311
281, 441
281, 761
281, 891
281, 571
281, 381
281, 701
281, 831
281, 511
794, 834
794, 964
794, 904
794, 844
794, 974
794, 914
794, 854
794, 984
794, 924
794, 864
794, 994
794, 804
794, 934
794, 874
794, 814
794, 944
794, 884
794, 824
794, 954
794, 894
538, 768
538, 578
538, 898
538, 708
538, 838
538, 648
538, 968
538, 778
538, 588
538, 908
538, 718
538, 848
538, 658
538, 978
538, 788
538, 598
538, 918
538, 728
538, 858
538, 988
538, 668
538, 798
538, 928
538, 608
538, 738
538, 868
538, 548
538, 678
538, 998
538, 808
538, 618
538, 938
538, 748
538, 558
538, 878
538, 688
538, 818
538, 948
538, 628
538, 758
538, 888
538, 568
538, 698
538, 828
538, 638
538, 958
26, 256
26, 576
26, 896
26, 66
26, 386
26, 706
26, 196
26, 516
26, 836
26, 966
26, 326
26, 646
26, 456
26, 776
26, 136
26, 266
26, 586
26, 906
26, 716
26, 396
26, 76
26, 206
26, 526
26, 846
26, 976
26, 656
26, 336
26, 146
26, 466
26, 786
26, 916
26, 596
26, 276
26, 86
26, 406
26, 726
26, 856
26, 536
26, 216
26, 346
26, 666
26, 986
26, 796
26, 476
26, 156
26, 286
26, 606
26, 926
26, 736
26, 416
26, 96
26, 226
26, 546
26, 866
26, 996
26, 676
26, 356
26, 36
26, 166
26, 486
26, 806
26, 936
26, 616
26, 296
26, 106
26, 426
26, 746
26, 876
26, 556
26, 236
26, 46
26, 366
26, 686
26, 816
26, 496
26, 176
26, 306
26, 626
26, 946
26, 756
26, 436
26, 116
26, 246
26, 566
26, 886
26, 696
26, 376
26, 56
26, 186
26, 506
26, 826
26, 956
26, 636
26, 316
26, 126
26, 446
26, 766
282, 512
282, 832
282, 322
282, 642
282, 962
282, 452
282, 772
282, 902
282, 582
282, 712
282, 392
282, 842
282, 522
282, 972
282, 652
282, 332
282, 462
282, 782
282, 912
282, 592
282, 402
282, 722
282, 852
282, 532
282, 342
282, 662
282, 982
282, 792
282, 472
282, 602
282, 922
282, 732
282, 412
282, 542
282, 862
282, 992
282, 672
282, 352
282, 482
282, 802
282, 932
282, 612
282, 292
282, 422
282, 742
282, 872
282, 552
282, 362
282, 682
282, 812
282, 492
282, 302
282, 622
282, 942
282, 752
282, 432
282, 562
282, 882
282, 692
282, 372
282, 502
282, 822
282, 952
282, 632
282, 312
282, 442
282, 762
282, 892
282, 572
282, 382
282, 702
795, 835
795, 965
795, 905
795, 845
795, 975
795, 915
795, 855
795, 985
795, 925
795, 865
795, 995
795, 805
795, 935
795, 875
795, 815
795, 945
795, 885
795, 825
795, 955
795, 895
539, 769
539, 579
539, 899
539, 709
539, 839
539, 649
539, 969
539, 779
539, 589
539, 909
539, 719
539, 849
539, 659
539, 979
539, 789
539, 599
539, 919
539, 729
539, 859
539, 989
539, 669
539, 799
539, 929
539, 609
539, 739
539, 869
539, 549
539, 679
539, 999
539, 809
539, 619
539, 939
539, 749
539, 559
539, 879
539, 689
539, 819
539, 949
539, 629
539, 759
539, 889
539, 569
539, 699
539, 829
539, 639
539, 959
27, 257
27, 577
27, 897
27, 67
27, 387
27, 707
27, 197
27, 517
27, 837
27, 967
27, 327
27, 647
27, 457
27, 777
27, 137
27, 267
27, 587
27, 907
27, 717
27, 397
27, 77
27, 207
27, 527
27, 847
27, 977
27, 657
27, 337
27, 147
27, 467
27, 787
27, 917
27, 597
27, 277
27, 87
27, 407
27, 727
27, 857
27, 537
27, 217
27, 347
27, 667
27, 987
27, 797
27, 477
27, 157
27, 287
27, 607
27, 927
27, 737
27, 417
27, 97
27, 227
27, 547
27, 867
27, 997
27, 677
27, 357
27, 37
27, 167
27, 487
27, 807
27, 937
27, 617
27, 297
27, 107
27, 427
27, 747
27, 877
27, 557
27, 237
27, 47
27, 367
27, 687
27, 817
27, 497
27, 177
27, 307
27, 627
27, 947
27, 757
27, 437
27, 117
27, 247
27, 567
27, 887
27, 697
27, 377
27, 57
27, 187
27, 507
27, 827
27, 957
27, 637
27, 317
27, 127
27, 447
27, 767
283, 513
283, 833
283, 323
283, 643
283, 963
283, 453
283, 773
283, 903
283, 583
283, 713
283, 393
283, 843
283, 523
283, 973
283, 653
283, 333
283, 463
283, 783
283, 913
283, 593
283, 403
283, 723
283, 853
283, 533
283, 343
283, 663
283, 983
283, 793
283, 473
283, 603
283, 923
283, 733
283, 413
283, 543
283, 863
283, 993
283, 673
283, 353
283, 483
283, 803
283, 933
283, 613
283, 293
283, 423
283, 743
283, 873
283, 553
283, 363
283, 683
283, 813
283, 493
283, 303
283, 623
283, 943
283, 753
283, 433
283, 563
283, 883
283, 693
283, 373
283, 503
283, 823
283, 953
283, 633
283, 313
283, 443
283, 763
283, 893
283, 573
283, 383
283, 703
796, 896
796, 836
796, 966
796, 906
796, 846
796, 976
796, 916
796, 856
796, 986
796, 926
796, 866
796, 996
796, 806
796, 936
796, 876
796, 816
796, 946
796, 886
796, 826
796, 956
540, 640
540, 960
540, 770
540, 580
540, 900
540, 710
540, 840
540, 970
540, 650
540, 780
540, 910
540, 590
540, 720
540, 850
540, 660
540, 980
540, 790
540, 600
540, 920
540, 730
540, 860
540, 990
540, 670
540, 800
540, 930
540, 610
540, 740
540, 870
540, 550
540, 680
540, 1000
540, 810
540, 620
540, 940
540, 750
540, 560
540, 880
540, 690
540, 820
540, 950
540, 630
540, 760
540, 890
540, 570
540, 700
540, 830
28, 128
28, 448
28, 768
28, 258
28, 578
28, 898
28, 68
28, 388
28, 708
28, 518
28, 198
28, 838
28, 328
28, 968
28, 648
28, 778
28, 458
28, 138
28, 268
28, 908
28, 588
28, 718
28, 398
28, 78
28, 208
28, 528
28, 848
28, 978
28, 658
28, 338
28, 148
28, 468
28, 788
28, 918
28, 598
28, 278
28, 88
28, 408
28, 728
28, 858
28, 538
28, 218
28, 348
28, 668
28, 988
28, 798
28, 478
28, 158
28, 288
28, 608
28, 928
28, 738
28, 418
28, 98
28, 228
28, 548
28, 868
28, 998
28, 678
28, 358
28, 38
28, 168
28, 488
28, 808
28, 938
28, 618
28, 298
28, 108
28, 428
28, 748
28, 878
28, 558
28, 238
28, 48
28, 368
28, 688
28, 818
28, 498
28, 178
28, 308
28, 628
28, 948
28, 758
28, 438
28, 118
28, 248
28, 568
28, 888
28, 698
28, 378
28, 58
28, 188
28, 508
28, 828
28, 958
28, 638
28, 318
284, 384
284, 704
284, 514
284, 834
284, 324
284, 644
284, 964
284, 774
284, 454
284, 584
284, 904
284, 714
284, 394
284, 524
284, 844
284, 654
284, 974
284, 334
284, 464
284, 784
284, 914
284, 594
284, 404
284, 724
284, 854
284, 534
284, 344
284, 664
284, 984
284, 794
284, 474
284, 604
284, 924
284, 734
284, 414
284, 544
284, 864
284, 994
284, 674
284, 354
284, 484
284, 804
284, 934
284, 614
284, 294
284, 424
284, 744
284, 874
284, 554
284, 364
284, 684
284, 814
284, 494
284, 304
284, 624
284, 944
284, 754
284, 434
284, 564
284, 884
284, 694
284, 374
284, 504
284, 824
284, 954
284, 634
284, 314
284, 444
284, 764
284, 894
284, 574
797, 897
797, 837
797, 967
797, 907
797, 847
797, 977
797, 917
797, 857
797, 987
797, 927
797, 867
797, 997
797, 807
797, 937
797, 877
797, 817
797, 947
797, 887
797, 827
797, 957
541, 641
541, 961
541, 771
541, 581
541, 901
541, 711
541, 841
541, 971
541, 651
541, 781
541, 911
541, 591
541, 721
541, 851
541, 661
541, 981
541, 791
541, 601
541, 921
541, 731
541, 861
541, 991
541, 671
541, 801
541, 931
541, 611
541, 741
541, 871
541, 551
541, 681
541, 811
541, 621
541, 941
541, 751
541, 561
541, 881
541, 691
541, 821
541, 951
541, 631
541, 761
541, 891
541, 571
541, 701
541, 831
29, 129
29, 449
29, 769
29, 259
29, 579
29, 899
29, 69
29, 389
29, 709
29, 519
29, 199
29, 839
29, 329
29, 969
29, 649
29, 779
29, 459
29, 139
29, 269
29, 909
29, 589
29, 719
29, 399
29, 79
29, 209
29, 529
29, 849
29, 979
29, 659
29, 339
29, 149
29, 469
29, 789
29, 919
29, 599
29, 279
29, 89
29, 409
29, 729
29, 859
29, 539
29, 219
29, 349
29, 669
29, 989
29, 799
29, 479
29, 159
29, 289
29, 609
29, 929
29, 739
29, 419
29, 99
29, 229
29, 549
29, 869
29, 999
29, 679
29, 359
29, 39
29, 169
29, 489
29, 809
29, 939
29, 619
29, 299
29, 109
29, 429
29, 749
29, 879
29, 559
29, 239
29, 49
29, 369
29, 689
29, 819
29, 499
29, 179
29, 309
29, 629
29, 949
29, 759
29, 439
29, 119
29, 249
29, 569
29, 889
29, 699
29, 379
29, 59
29, 189
29, 509
29, 829
29, 959
29, 639
29, 319
285, 385
285, 705
285, 515
285, 835
285, 325
285, 645
285, 965
285, 775
285, 455
285, 585
285, 905
285, 715
285, 395
285, 525
285, 845
285, 655
285, 975
285, 335
285, 465
285, 785
285, 915
285, 595
285, 405
285, 725
285, 855
285, 535
285, 345
285, 665
285, 985
285, 795
285, 475
285, 605
285, 925
285, 735
285, 415
285, 545
285, 865
285, 995
285, 675
285, 355
285, 485
285, 805
285, 935
285, 615
285, 295
285, 425
285, 745
285, 875
285, 555
285, 365
285, 685
285, 815
285, 495
285, 305
285, 625
285, 945
285, 755
285, 435
285, 565
285, 885
285, 695
285, 375
285, 505
285, 825
285, 955
285, 635
285, 315
285, 445
285, 765
285, 895
285, 575
798, 898
798, 838
798, 968
798, 908
798, 848
798, 978
798, 918
798, 858
798, 988
798, 928
798, 868
798, 998
798, 808
798, 938
798, 878
798, 818
798, 948
798, 888
798, 828
798, 958
542, 832
542, 642
542, 962
542, 772
542, 582
542, 902
542, 712
542, 842
542, 972
542, 652
542, 782
542, 912
542, 592
542, 722
542, 852
542, 662
542, 982
542, 792
542, 602
542, 922
542, 732
542, 862
542, 992
542, 672
542, 802
542, 932
542, 612
542, 742
542, 872
542, 552
542, 682
542, 812
542, 622
542, 942
542, 752
542, 562
542, 882
542, 692
542, 822
542, 952
542, 632
542, 762
542, 892
542, 572
542, 702
30, 320
30, 640
30, 960
30, 130
30, 450
30, 770
30, 260
30, 580
30, 900
30, 70
30, 390
30, 710
30, 840
30, 520
30, 200
30, 330
30, 650
30, 970
30, 780
30, 460
30, 140
30, 270
30, 590
30, 910
30, 720
30, 400
30, 80
30, 210
30, 530
30, 850
30, 980
30, 660
30, 340
30, 150
30, 470
30, 790
30, 920
30, 600
30, 280
30, 90
30, 410
30, 730
30, 860
30, 540
30, 220
30, 350
30, 670
30, 990
30, 800
30, 480
30, 160
30, 290
30, 610
30, 930
30, 740
30, 420
30, 100
30, 230
30, 550
30, 870
30, 1000
30, 680
30, 360
30, 40
30, 170
30, 490
30, 810
30, 940
30, 620
30, 300
30, 110
30, 430
30, 750
30, 880
30, 560
30, 240
30, 50
30, 370
30, 690
30, 820
30, 500
30, 180
30, 310
30, 630
30, 950
30, 760
30, 440
30, 120
30, 250
30, 570
30, 890
30, 700
30, 380
30, 60
30, 190
30, 510
30, 830
286, 576
286, 896
286, 386
286, 706
286, 516
286, 836
286, 326
286, 646
286, 966
286, 456
286, 776
286, 586
286, 906
286, 716
286, 396
286, 526
286, 846
286, 976
286, 656
286, 336
286, 466
286, 786
286, 916
286, 596
286, 406
286, 726
286, 856
286, 536
286, 346
286, 666
286, 986
286, 796
286, 476
286, 606
286, 926
286, 736
286, 416
286, 546
286, 866
286, 996
286, 676
286, 356
286, 486
286, 806
286, 936
286, 616
286, 296
286, 426
286, 746
286, 876
286, 556
286, 366
286, 686
286, 816
286, 496
286, 306
286, 626
286, 946
286, 756
286, 436
286, 566
286, 886
286, 696
286, 376
286, 506
286, 826
286, 956
286, 636
286, 316
286, 446
286, 766
799, 899
799, 839
799, 969
799, 909
799, 849
799, 979
799, 919
799, 859
799, 989
799, 929
799, 869
799, 999
799, 809
799, 939
799, 879
799, 819
799, 949
799, 889
799, 829
799, 959
543, 833
543, 643
543, 963
543, 773
543, 583
543, 903
543, 713
543, 843
543, 973
543, 653
543, 783
543, 913
543, 593
543, 723
543, 853
543, 663
543, 983
543, 793
543, 603
543, 923
543, 733
543, 863
543, 993
543, 673
543, 803
543, 933
543, 613
543, 743
543, 873
543, 553
543, 683
543, 813
543, 623
543, 943
543, 753
543, 563
543, 883
543, 693
543, 823
543, 953
543, 633
543, 763
543, 893
543, 573
543, 703
31, 321
31, 641
31, 961
31, 131
31, 451
31, 771
31, 261
31, 581
31, 901
31, 71
31, 391
31, 711
31, 841
31, 521
31, 201
31, 331
31, 651
31, 971
31, 781
31, 461
31, 141
31, 271
31, 591
31, 911
31, 721
31, 401
31, 81
31, 211
31, 531
31, 851
31, 981
31, 661
31, 341
31, 151
31, 471
31, 791
31, 921
31, 601
31, 281
31, 91
31, 411
31, 731
31, 861
31, 541
31, 221
31, 351
31, 671
31, 991
31, 801
31, 481
31, 161
31, 291
31, 611
31, 931
31, 741
31, 421
31, 101
31, 231
31, 551
31, 871
31, 681
31, 361
31, 41
31, 171
31, 491
31, 811
31, 941
31, 621
31, 301
31, 111
31, 431
31, 751
31, 881
31, 561
31, 241
31, 51
31, 371
31, 691
31, 821
31, 501
31, 181
31, 311
31, 631
31, 951
31, 761
31, 441
31, 121
31, 251
31, 571
31, 891
31, 701
31, 381
31, 61
31, 191
31, 511
31, 831
287, 577
287, 897
287, 387
287, 707
287, 517
287, 837
287, 327
287, 647
287, 967
287, 457
287, 777
287, 587
287, 907
287, 717
287, 397
287, 527
287, 847
287, 977
287, 657
287, 337
287, 467
287, 787
287, 917
287, 597
287, 407
287, 727
287, 857
287, 537
287, 347
287, 667
287, 987
287, 797
287, 477
287, 607
287, 927
287, 737
287, 417
287, 547
287, 867
287, 997
287, 677
287, 357
287, 487
287, 807
287, 937
287, 617
287, 297
287, 427
287, 747
287, 877
287, 557
287, 367
287, 687
287, 817
287, 497
287, 307
287, 627
287, 947
287, 757
287, 437
287, 567
287, 887
287, 697
287, 377
287, 507
287, 827
287, 957
287, 637
287, 317
287, 447
287, 767
800, 960
800, 900
800, 840
800, 970
800, 910
800, 850
800, 980
800, 920
800, 860
800, 990
800, 930
800, 870
800, 1000
800, 810
800, 940
800, 880
800, 820
800, 950
800, 890
800, 830
544, 704
544, 834
544, 644
544, 964
544, 774
544, 584
544, 904
544, 714
544, 844
544, 654
544, 974
544, 784
544, 914
544, 594
544, 724
544, 854
544, 664
544, 984
544, 794
544, 604
544, 924
544, 734
544, 864
544, 994
544, 674
544, 804
544, 934
544, 614
544, 744
544, 874
544, 554
544, 684
544, 814
544, 624
544, 944
544, 754
544, 564
544, 884
544, 694
544, 824
544, 954
544, 634
544, 764
544, 894
544, 574
32, 192
32, 512
32, 832
32, 322
32, 642
32, 962
32, 132
32, 452
32, 772
32, 582
32, 262
32, 902
32, 72
32, 392
32, 712
32, 522
32, 842
32, 202
32, 332
32, 652
32, 972
32, 782
32, 462
32, 142
32, 272
32, 592
32, 912
32, 722
32, 402
32, 82
32, 212
32, 532
32, 852
32, 982
32, 662
32, 342
32, 152
32, 472
32, 792
32, 922
32, 602
32, 282
32, 92
32, 412
32, 732
32, 862
32, 542
32, 222
32, 352
32, 672
32, 992
32, 802
32, 482
32, 162
32, 292
32, 612
32, 932
32, 742
32, 422
32, 102
32, 232
32, 552
32, 872
32, 682
32, 362
32, 42
32, 172
32, 492
32, 812
32, 942
32, 622
32, 302
32, 112
32, 432
32, 752
32, 882
32, 562
32, 242
32, 52
32, 372
32, 692
32, 822
32, 502
32, 182
32, 312
32, 632
32, 952
32, 762
32, 442
32, 122
32, 252
32, 572
32, 892
32, 702
32, 382
32, 62
288, 448
288, 768
288, 578
288, 898
288, 388
288, 708
288, 518
288, 838
288, 328
288, 968
288, 648
288, 778
288, 458
288, 908
288, 588
288, 718
288, 398
288, 528
288, 848
288, 978
288, 658
288, 338
288, 468
288, 788
288, 918
288, 598
288, 408
288, 728
288, 858
288, 538
288, 348
288, 668
288, 988
288, 798
288, 478
288, 608
288, 928
288, 738
288, 418
288, 548
288, 868
288, 998
288, 678
288, 358
288, 488
288, 808
288, 938
288, 618
288, 298
288, 428
288, 748
288, 878
288, 558
288, 368
288, 688
288, 818
288, 498
288, 308
288, 628
288, 948
288, 758
288, 438
288, 568
288, 888
288, 698
288, 378
288, 508
288, 828
288, 958
288, 638
288, 318
801, 961
801, 901
801, 841
801, 971
801, 911
801, 851
801, 981
801, 921
801, 861
801, 991
801, 931
801, 871
801, 811
801, 941
801, 881
801, 821
801, 951
801, 891
801, 831
545, 705
545, 835
545, 645
545, 965
545, 775
545, 585
545, 905
545, 715
545, 845
545, 655
545, 975
545, 785
545, 915
545, 595
545, 725
545, 855
545, 665
545, 985
545, 795
545, 605
545, 925
545, 735
545, 865
545, 995
545, 675
545, 805
545, 935
545, 615
545, 745
545, 875
545, 555
545, 685
545, 815
545, 625
545, 945
545, 755
545, 565
545, 885
545, 695
545, 825
545, 955
545, 635
545, 765
545, 895
545, 575
33, 193
33, 513
33, 833
33, 323
33, 643
33, 963
33, 133
33, 453
33, 773
33, 583
33, 263
33, 903
33, 73
33, 393
33, 713
33, 523
33, 843
33, 203
33, 333
33, 653
33, 973
33, 783
33, 463
33, 143
33, 273
33, 593
33, 913
33, 723
33, 403
33, 83
33, 213
33, 533
33, 853
33, 983
33, 663
33, 343
33, 153
33, 473
33, 793
33, 923
33, 603
33, 283
33, 93
33, 413
33, 733
33, 863
33, 543
33, 223
33, 353
33, 673
33, 993
33, 803
33, 483
33, 163
33, 293
33, 613
33, 933
33, 743
33, 423
33, 103
33, 233
33, 553
33, 873
33, 683
33, 363
33, 43
33, 173
33, 493
33, 813
33, 943
33, 623
33, 303
33, 113
33, 433
33, 753
33, 883
33, 563
33, 243
33, 53
33, 373
33, 693
33, 823
33, 503
33, 183
33, 313
33, 633
33, 953
33, 763
33, 443
33, 123
33, 253
33, 573
33, 893
33, 703
33, 383
33, 63
289, 449
289, 769
289, 579
289, 899
289, 389
289, 709
289, 519
289, 839
289, 329
289, 969
289, 649
289, 779
289, 459
289, 909
289, 589
289, 719
289, 399
289, 529
289, 849
289, 979
289, 659
289, 339
289, 469
289, 789
289, 919
289, 599
289, 409
289, 729
289, 859
289, 539
289, 349
289, 669
289, 989
289, 799
289, 479
289, 609
289, 929
289, 739
289, 419
289, 549
289, 869
289, 999
289, 679
289, 359
289, 489
289, 809
289, 939
289, 619
289, 299
289, 429
289, 749
289, 879
289, 559
289, 369
289, 689
289, 819
289, 499
289, 309
289, 629
289, 949
289, 759
289, 439
289, 569
289, 889
289, 699
289, 379
289, 509
289, 829
289, 959
289, 639
289, 319
802, 832
802, 962
802, 902
802, 842
802, 972
802, 912
802, 852
802, 982
802, 922
802, 862
802, 992
802, 932
802, 872
802, 812
802, 942
802, 882
802, 822
802, 952
802, 892
546, 576
546, 896
546, 706
546, 836
546, 646
546, 966
546, 776
546, 586
546, 906
546, 716
546, 846
546, 976
546, 656
546, 786
546, 916
546, 596
546, 726
546, 856
546, 666
546, 986
546, 796
546, 606
546, 926
546, 736
546, 866
546, 996
546, 676
546, 806
546, 936
546, 616
546, 746
546, 876
546, 556
546, 686
546, 816
546, 626
546, 946
546, 756
546, 566
546, 886
546, 696
546, 826
546, 956
546, 636
546, 766
34, 64
34, 384
34, 704
34, 194
34, 514
34, 834
34, 644
34, 964
34, 324
34, 134
34, 454
34, 774
34, 904
34, 584
34, 264
34, 74
34, 394
34, 714
34, 844
34, 524
34, 204
34, 334
34, 974
34, 654
34, 784
34, 464
34, 144
34, 274
34, 594
34, 914
34, 724
34, 404
34, 84
34, 214
34, 534
34, 854
34, 984
34, 664
34, 344
34, 154
34, 474
34, 794
34, 924
34, 604
34, 284
34, 94
34, 414
34, 734
34, 864
34, 544
34, 224
34, 354
34, 674
34, 994
34, 804
34, 484
34, 164
34, 294
34, 614
34, 934
34, 744
34, 424
34, 104
34, 234
34, 554
34, 874
34, 684
34, 364
34, 44
34, 174
34, 494
34, 814
34, 944
34, 624
34, 304
34, 114
34, 434
34, 754
34, 884
34, 564
34, 244
34, 54
34, 374
34, 694
34, 824
34, 504
34, 184
34, 314
34, 634
34, 954
34, 764
34, 444
34, 124
34, 254
34, 574
34, 894
290, 320
290, 640
290, 960
290, 450
290, 770
290, 580
290, 900
290, 390
290, 710
290, 840
290, 520
290, 330
290, 650
290, 970
290, 780
290, 460
290, 590
290, 910
290, 720
290, 400
290, 530
290, 850
290, 980
290, 660
290, 340
290, 470
290, 790
290, 920
290, 600
290, 410
290, 730
290, 860
290, 540
290, 350
290, 670
290, 990
290, 800
290, 480
290, 610
290, 930
290, 740
290, 420
290, 550
290, 870
290, 1000
290, 680
290, 360
290, 490
290, 810
290, 940
290, 620
290, 300
290, 430
290, 750
290, 880
290, 560
290, 370
290, 690
290, 820
290, 500
290, 310
290, 630
290, 950
290, 760
290, 440
290, 570
290, 890
290, 700
290, 380
290, 510
290, 830
803, 833
803, 963
803, 903
803, 843
803, 973
803, 913
803, 853
803, 983
803, 923
803, 863
803, 993
803, 933
803, 873
803, 813
803, 943
803, 883
803, 823
803, 953
803, 893
547, 577
547, 897
547, 707
547, 837
547, 647
547, 967
547, 777
547, 587
547, 907
547, 717
547, 847
547, 977
547, 657
547, 787
547, 917
547, 597
547, 727
547, 857
547, 667
547, 987
547, 797
547, 607
547, 927
547, 737
547, 867
547, 997
547, 677
547, 807
547, 937
547, 617
547, 747
547, 877
547, 557
547, 687
547, 817
547, 627
547, 947
547, 757
547, 567
547, 887
547, 697
547, 827
547, 957
547, 637
547, 767
35, 65
35, 385
35, 705
35, 195
35, 515
35, 835
35, 645
35, 965
35, 325
35, 135
35, 455
35, 775
35, 905
35, 585
35, 265
35, 75
35, 395
35, 715
35, 845
35, 525
35, 205
35, 335
35, 975
35, 655
35, 785
35, 465
35, 145
35, 275
35, 595
35, 915
35, 725
35, 405
35, 85
35, 215
35, 535
35, 855
35, 985
35, 665
35, 345
35, 155
35, 475
35, 795
35, 925
35, 605
35, 285
35, 95
35, 415
35, 735
35, 865
35, 545
35, 225
35, 355
35, 675
35, 995
35, 805
35, 485
35, 165
35, 295
35, 615
35, 935
35, 745
35, 425
35, 105
35, 235
35, 555
35, 875
35, 685
35, 365
35, 45
35, 175
35, 495
35, 815
35, 945
35, 625
35, 305
35, 115
35, 435
35, 755
35, 885
35, 565
35, 245
35, 55
35, 375
35, 695
35, 825
35, 505
35, 185
35, 315
35, 635
35, 955
35, 765
35, 445
35, 125
35, 255
35, 575
35, 895
291, 321
291, 641
291, 961
291, 451
291, 771
291, 581
291, 901
291, 391
291, 711
291, 841
291, 521
291, 331
291, 651
291, 971
291, 781
291, 461
291, 591
291, 911
291, 721
291, 401
291, 531
291, 851
291, 981
291, 661
291, 341
291, 471
291, 791
291, 921
291, 601
291, 411
291, 731
291, 861
291, 541
291, 351
291, 671
291, 991
291, 801
291, 481
291, 611
291, 931
291, 741
291, 421
291, 551
291, 871
291, 681
291, 361
291, 491
291, 811
291, 941
291, 621
291, 301
291, 431
291, 751
291, 881
291, 561
291, 371
291, 691
291, 821
291, 501
291, 311
291, 631
291, 951
291, 761
291, 441
291, 571
291, 891
291, 701
291, 381
291, 511
291, 831
804, 834
804, 964
804, 904
804, 844
804, 974
804, 914
804, 854
804, 984
804, 924
804, 864
804, 994
804, 934
804, 874
804, 814
804, 944
804, 884
804, 824
804, 954
804, 894
548, 768
548, 578
548, 898
548, 708
548, 838
548, 648
548, 968
548, 778
548, 908
548, 588
548, 718
548, 848
548, 978
548, 658
548, 788
548, 918
548, 598
548, 728
548, 858
548, 668
548, 988
548, 798
548, 608
548, 928
548, 738
548, 868
548, 998
548, 678
548, 808
548, 938
548, 618
548, 748
548, 878
548, 558
548, 688
548, 818
548, 628
548, 948
548, 758
548, 568
548, 888
548, 698
548, 828
548, 958
548, 638
36, 256
36, 576
36, 896
36, 66
36, 386
36, 706
36, 516
36, 836
36, 196
36, 646
36, 326
36, 966
36, 136
36, 776
36, 456
36, 906
36, 586
36, 266
36, 76
36, 396
36, 716
36, 846
36, 526
36, 206
36, 336
36, 656
36, 976
36, 786
36, 466
36, 146
36, 276
36, 596
36, 916
36, 726
36, 406
36, 86
36, 216
36, 536
36, 856
36, 986
36, 666
36, 346
36, 156
36, 476
36, 796
36, 926
36, 606
36, 286
36, 96
36, 416
36, 736
36, 866
36, 546
36, 226
36, 356
36, 676
36, 996
36, 806
36, 486
36, 166
36, 296
36, 616
36, 936
36, 746
36, 426
36, 106
36, 236
36, 556
36, 876
36, 686
36, 366
36, 46
36, 176
36, 496
36, 816
36, 946
36, 626
36, 306
36, 116
36, 436
36, 756
36, 886
36, 566
36, 246
36, 56
36, 376
36, 696
36, 826
36, 506
36, 186
36, 316
36, 636
36, 956
36, 766
36, 446
36, 126
292, 512
292, 832
292, 322
292, 642
292, 962
292, 452
292, 772
292, 582
292, 902
292, 392
292, 712
292, 522
292, 842
292, 332
292, 652
292, 972
292, 782
292, 462
292, 592
292, 912
292, 722
292, 402
292, 532
292, 852
292, 982
292, 662
292, 342
292, 472
292, 792
292, 922
292, 602
292, 412
292, 732
292, 862
292, 542
292, 352
292, 672
292, 992
292, 802
292, 482
292, 612
292, 932
292, 742
292, 422
292, 552
292, 872
292, 682
292, 362
292, 492
292, 812
292, 942
292, 622
292, 302
292, 432
292, 752
292, 882
292, 562
292, 372
292, 692
292, 822
292, 502
292, 312
292, 632
292, 952
292, 762
292, 442
292, 572
292, 892
292, 702
292, 382
805, 835
805, 965
805, 905
805, 845
805, 975
805, 915
805, 855
805, 985
805, 925
805, 865
805, 995
805, 935
805, 875
805, 815
805, 945
805, 885
805, 825
805, 955
805, 895
549, 769
549, 579
549, 899
549, 709
549, 839
549, 649
549, 969
549, 779
549, 909
549, 589
549, 719
549, 849
549, 979
549, 659
549, 789
549, 919
549, 599
549, 729
549, 859
549, 669
549, 989
549, 799
549, 609
549, 929
549, 739
549, 869
549, 999
549, 679
549, 809
549, 939
549, 619
549, 749
549, 879
549, 559
549, 689
549, 819
549, 629
549, 949
549, 759
549, 569
549, 889
549, 699
549, 829
549, 959
549, 639
37, 257
37, 577
37, 897
37, 67
37, 387
37, 707
37, 517
37, 837
37, 197
37, 647
37, 327
37, 967
37, 137
37, 777
37, 457
37, 907
37, 587
37, 267
37, 77
37, 397
37, 717
37, 847
37, 527
37, 207
37, 337
37, 657
37, 977
37, 787
37, 467
37, 147
37, 277
37, 597
37, 917
37, 727
37, 407
37, 87
37, 217
37, 537
37, 857
37, 987
37, 667
37, 347
37, 157
37, 477
37, 797
37, 927
37, 607
37, 287
37, 97
37, 417
37, 737
37, 867
37, 547
37, 227
37, 357
37, 677
37, 997
37, 807
37, 487
37, 167
37, 297
37, 617
37, 937
37, 747
37, 427
37, 107
37, 237
37, 557
37, 877
37, 687
37, 367
37, 47
37, 177
37, 497
37, 817
37, 947
37, 627
37, 307
37, 117
37, 437
37, 757
37, 887
37, 567
37, 247
37, 57
37, 377
37, 697
37, 827
37, 507
37, 187
37, 317
37, 637
37, 957
37, 767
37, 447
37, 127
293, 513
293, 833
293, 323
293, 643
293, 963
293, 453
293, 773
293, 583
293, 903
293, 393
293, 713
293, 523
293, 843
293, 333
293, 653
293, 973
293, 783
293, 463
293, 593
293, 913
293, 723
293, 403
293, 533
293, 853
293, 983
293, 663
293, 343
293, 473
293, 793
293, 923
293, 603
293, 413
293, 733
293, 863
293, 543
293, 353
293, 673
293, 993
293, 803
293, 483
293, 613
293, 933
293, 743
293, 423
293, 553
293, 873
293, 683
293, 363
293, 493
293, 813
293, 943
293, 623
293, 303
293, 433
293, 753
293, 883
293, 563
293, 373
293, 693
293, 823
293, 503
293, 313
293, 633
293, 953
293, 763
293, 443
293, 573
293, 893
293, 703
293, 383
806, 896
806, 836
806, 966
806, 906
806, 846
806, 976
806, 916
806, 856
806, 986
806, 926
806, 866
806, 996
806, 936
806, 876
806, 816
806, 946
806, 886
806, 826
806, 956
550, 640
550, 960
550, 770
550, 580
550, 900
550, 710
550, 840
550, 650
550, 970
550, 780
550, 590
550, 910
550, 720
550, 850
550, 980
550, 660
550, 790
550, 920
550, 600
550, 730
550, 860
550, 670
550, 990
550, 800
550, 610
550, 930
550, 740
550, 870
550, 1000
550, 680
550, 810
550, 940
550, 620
550, 750
550, 880
550, 560
550, 690
550, 820
550, 630
550, 950
550, 760
550, 570
550, 890
550, 700
550, 830
38, 128
38, 448
38, 768
38, 258
38, 578
38, 898
38, 388
38, 708
38, 68
38, 838
38, 198
38, 518
38, 648
38, 968
38, 328
38, 138
38, 458
38, 778
38, 588
38, 908
38, 268
38, 78
38, 398
38, 718
38, 848
38, 528
38, 208
38, 338
38, 658
38, 978
38, 788
38, 468
38, 148
38, 278
38, 598
38, 918
38, 728
38, 408
38, 88
38, 218
38, 538
38, 858
38, 988
38, 668
38, 348
38, 158
38, 478
38, 798
38, 928
38, 608
38, 288
38, 98
38, 418
38, 738
38, 868
38, 548
38, 228
38, 358
38, 678
38, 998
38, 808
38, 488
38, 168
38, 298
38, 618
38, 938
38, 748
38, 428
38, 108
38, 238
38, 558
38, 878
38, 688
38, 368
38, 48
38, 178
38, 498
38, 818
38, 948
38, 628
38, 308
38, 118
38, 438
38, 758
38, 888
38, 568
38, 248
38, 58
38, 378
38, 698
38, 828
38, 508
38, 188
38, 318
38, 638
38, 958
294, 384
294, 704
294, 514
294, 834
294, 324
294, 644
294, 964
294, 454
294, 774
294, 904
294, 584
294, 394
294, 714
294, 844
294, 524
294, 334
294, 974
294, 654
294, 784
294, 464
294, 594
294, 914
294, 724
294, 404
294, 534
294, 854
294, 984
294, 664
294, 344
294, 474
294, 794
294, 924
294, 604
294, 414
294, 734
294, 864
294, 544
294, 354
294, 674
294, 994
294, 804
294, 484
294, 614
294, 934
294, 744
294, 424
294, 554
294, 874
294, 684
294, 364
294, 494
294, 814
294, 944
294, 624
294, 304
294, 434
294, 754
294, 884
294, 564
294, 374
294, 694
294, 824
294, 504
294, 314
294, 634
294, 954
294, 764
294, 444
294, 574
294, 894
807, 897
807, 837
807, 967
807, 907
807, 847
807, 977
807, 917
807, 857
807, 987
807, 927
807, 867
807, 997
807, 937
807, 877
807, 817
807, 947
807, 887
807, 827
807, 957
551, 641
551, 961
551, 771
551, 581
551, 901
551, 711
551, 841
551, 651
551, 971
551, 781
551, 591
551, 911
551, 721
551, 851
551, 981
551, 661
551, 791
551, 921
551, 601
551, 731
551, 861
551, 671
551, 991
551, 801
551, 611
551, 931
551, 741
551, 871
551, 681
551, 811
551, 941
551, 621
551, 751
551, 881
551, 561
551, 691
551, 821
551, 631
551, 951
551, 761
551, 571
551, 891
551, 701
551, 831
39, 129
39, 449
39, 769
39, 259
39, 579
39, 899
39, 389
39, 709
39, 69
39, 839
39, 199
39, 519
39, 649
39, 969
39, 329
39, 139
39, 459
39, 779
39, 589
39, 909
39, 269
39, 79
39, 399
39, 719
39, 849
39, 529
39, 209
39, 339
39, 659
39, 979
39, 789
39, 469
39, 149
39, 279
39, 599
39, 919
39, 729
39, 409
39, 89
39, 219
39, 539
39, 859
39, 989
39, 669
39, 349
39, 159
39, 479
39, 799
39, 929
39, 609
39, 289
39, 99
39, 419
39, 739
39, 869
39, 549
39, 229
39, 359
39, 679
39, 999
39, 809
39, 489
39, 169
39, 299
39, 619
39, 939
39, 749
39, 429
39, 109
39, 239
39, 559
39, 879
39, 689
39, 369
39, 49
39, 179
39, 499
39, 819
39, 949
39, 629
39, 309
39, 119
39, 439
39, 759
39, 889
39, 569
39, 249
39, 59
39, 379
39, 699
39, 829
39, 509
39, 189
39, 319
39, 639
39, 959
295, 385
295, 705
295, 515
295, 835
295, 325
295, 645
295, 965
295, 455
295, 775
295, 905
295, 585
295, 395
295, 715
295, 845
295, 525
295, 335
295, 975
295, 655
295, 785
295, 465
295, 595
295, 915
295, 725
295, 405
295, 535
295, 855
295, 985
295, 665
295, 345
295, 475
295, 795
295, 925
295, 605
295, 415
295, 735
295, 865
295, 545
295, 355
295, 675
295, 995
295, 805
295, 485
295, 615
295, 935
295, 745
295, 425
295, 555
295, 875
295, 685
295, 365
295, 495
295, 815
295, 945
295, 625
295, 305
295, 435
295, 755
295, 885
295, 565
295, 375
295, 695
295, 825
295, 505
295, 315
295, 635
295, 955
295, 765
295, 445
295, 575
295, 895
808, 898
808, 838
808, 968
808, 908
808, 848
808, 978
808, 918
808, 858
808, 988
808, 928
808, 868
808, 998
808, 938
808, 878
808, 818
808, 948
808, 888
808, 828
808, 958
552, 832
552, 642
552, 962
552, 772
552, 582
552, 902
552, 712
552, 842
552, 652
552, 972
552, 782
552, 592
552, 912
552, 722
552, 852
552, 982
552, 662
552, 792
552, 922
552, 602
552, 732
552, 862
552, 672
552, 992
552, 802
552, 612
552, 932
552, 742
552, 872
552, 682
552, 812
552, 942
552, 622
552, 752
552, 882
552, 562
552, 692
552, 822
552, 632
552, 952
552, 762
552, 572
552, 892
552, 702
40, 320
40, 640
40, 960
40, 130
40, 450
40, 770
40, 580
40, 900
40, 260
40, 710
40, 390
40, 70
40, 200
40, 520
40, 840
40, 970
40, 650
40, 330
40, 140
40, 460
40, 780
40, 910
40, 590
40, 270
40, 80
40, 400
40, 720
40, 850
40, 530
40, 210
40, 340
40, 660
40, 980
40, 790
40, 470
40, 150
40, 280
40, 600
40, 920
40, 730
40, 410
40, 90
40, 220
40, 540
40, 860
40, 990
40, 670
40, 350
40, 160
40, 480
40, 800
40, 930
40, 610
40, 290
40, 100
40, 420
40, 740
40, 870
40, 550
40, 230
40, 360
40, 680
40, 1000
40, 810
40, 490
40, 170
40, 300
40, 620
40, 940
40, 750
40, 430
40, 110
40, 240
40, 560
40, 880
40, 690
40, 370
40, 50
40, 180
40, 500
40, 820
40, 950
40, 630
40, 310
40, 120
40, 440
40, 760
40, 890
40, 570
40, 250
40, 60
40, 380
40, 700
40, 830
40, 510
40, 190
296, 576
296, 896
296, 386
296, 706
296, 516
296, 836
296, 646
296, 966
296, 326
296, 776
296, 456
296, 906
296, 586
296, 396
296, 716
296, 846
296, 526
296, 336
296, 656
296, 976
296, 786
296, 466
296, 596
296, 916
296, 726
296, 406
296, 536
296, 856
296, 986
296, 666
296, 346
296, 476
296, 796
296, 926
296, 606
296, 416
296, 736
296, 866
296, 546
296, 356
296, 676
296, 996
296, 806
296, 486
296, 616
296, 936
296, 746
296, 426
296, 556
296, 876
296, 686
296, 366
296, 496
296, 816
296, 946
296, 626
296, 306
296, 436
296, 756
296, 886
296, 566
296, 376
296, 696
296, 826
296, 506
296, 316
296, 636
296, 956
296, 766
296, 446
809, 899
809, 839
809, 969
809, 909
809, 849
809, 979
809, 919
809, 859
809, 989
809, 929
809, 869
809, 999
809, 939
809, 879
809, 819
809, 949
809, 889
809, 829
809, 959
553, 833
553, 643
553, 963
553, 773
553, 583
553, 903
553, 713
553, 843
553, 653
553, 973
553, 783
553, 593
553, 913
553, 723
553, 853
553, 983
553, 663
553, 793
553, 923
553, 603
553, 733
553, 863
553, 673
553, 993
553, 803
553, 613
553, 933
553, 743
553, 873
553, 683
553, 813
553, 943
553, 623
553, 753
553, 883
553, 563
553, 693
553, 823
553, 633
553, 953
553, 763
553, 573
553, 893
553, 703
41, 321
41, 641
41, 961
41, 131
41, 451
41, 771
41, 581
41, 901
41, 261
41, 711
41, 391
41, 71
41, 201
41, 521
41, 841
41, 971
41, 651
41, 331
41, 141
41, 461
41, 781
41, 911
41, 591
41, 271
41, 81
41, 401
41, 721
41, 851
41, 531
41, 211
41, 341
41, 661
41, 981
41, 791
41, 471
41, 151
41, 281
41, 601
41, 921
41, 731
41, 411
41, 91
41, 221
41, 541
41, 861
41, 991
41, 671
41, 351
41, 161
41, 481
41, 801
41, 931
41, 611
41, 291
41, 101
41, 421
41, 741
41, 871
41, 551
41, 231
41, 361
41, 681
41, 811
41, 491
41, 171
41, 301
41, 621
41, 941
41, 751
41, 431
41, 111
41, 241
41, 561
41, 881
41, 691
41, 371
41, 51
41, 181
41, 501
41, 821
41, 951
41, 631
41, 311
41, 121
41, 441
41, 761
41, 891
41, 571
41, 251
41, 61
41, 381
41, 701
41, 831
41, 511
41, 191
297, 577
297, 897
297, 387
297, 707
297, 517
297, 837
297, 647
297, 967
297, 327
297, 777
297, 457
297, 907
297, 587
297, 397
297, 717
297, 847
297, 527
297, 337
297, 657
297, 977
297, 787
297, 467
297, 597
297, 917
297, 727
297, 407
297, 537
297, 857
297, 987
297, 667
297, 347
297, 477
297, 797
297, 927
297, 607
297, 417
297, 737
297, 867
297, 547
297, 357
297, 677
297, 997
297, 807
297, 487
297, 617
297, 937
297, 747
297, 427
297, 557
297, 877
297, 687
297, 367
297, 497
297, 817
297, 947
297, 627
297, 307
297, 437
297, 757
297, 887
297, 567
297, 377
297, 697
297, 827
297, 507
297, 317
297, 637
297, 957
297, 767
297, 447
810, 960
810, 900
810, 840
810, 970
810, 910
810, 850
810, 980
810, 920
810, 860
810, 990
810, 930
810, 870
810, 1000
810, 940
810, 880
810, 820
810, 950
810, 890
810, 830
554, 704
554, 834
554, 644
554, 964
554, 774
554, 584
554, 904
554, 714
554, 844
554, 974
554, 654
554, 784
554, 594
554, 914
554, 724
554, 854
554, 984
554, 664
554, 794
554, 924
554, 604
554, 734
554, 864
554, 674
554, 994
554, 804
554, 614
554, 934
554, 744
554, 874
554, 684
554, 814
554, 944
554, 624
554, 754
554, 884
554, 564
554, 694
554, 824
554, 634
554, 954
554, 764
554, 574
554, 894
42, 192
42, 512
42, 832
42, 322
42, 642
42, 962
42, 452
42, 772
42, 132
42, 902
42, 262
42, 582
42, 712
42, 392
42, 72
42, 202
42, 842
42, 522
42, 972
42, 652
42, 332
42, 142
42, 462
42, 782
42, 912
42, 592
42, 272
42, 82
42, 402
42, 722
42, 852
42, 532
42, 212
42, 342
42, 662
42, 982
42, 792
42, 472
42, 152
42, 282
42, 602
42, 922
42, 732
42, 412
42, 92
42, 222
42, 542
42, 862
42, 992
42, 672
42, 352
42, 162
42, 482
42, 802
42, 932
42, 612
42, 292
42, 102
42, 422
42, 742
42, 872
42, 552
42, 232
42, 362
42, 682
42, 812
42, 492
42, 172
42, 302
42, 622
42, 942
42, 752
42, 432
42, 112
42, 242
42, 562
42, 882
42, 692
42, 372
42, 52
42, 182
42, 502
42, 822
42, 952
42, 632
42, 312
42, 122
42, 442
42, 762
42, 892
42, 572
42, 252
42, 62
42, 382
42, 702
298, 448
298, 768
298, 578
298, 898
298, 388
298, 708
298, 518
298, 838
298, 648
298, 968
298, 328
298, 458
298, 778
298, 588
298, 908
298, 398
298, 718
298, 848
298, 528
298, 338
298, 658
298, 978
298, 788
298, 468
298, 598
298, 918
298, 728
298, 408
298, 538
298, 858
298, 988
298, 668
298, 348
298, 478
298, 798
298, 928
298, 608
298, 418
298, 738
298, 868
298, 548
298, 358
298, 678
298, 998
298, 808
298, 488
298, 618
298, 938
298, 748
298, 428
298, 558
298, 878
298, 688
298, 368
298, 498
298, 818
298, 948
298, 628
298, 308
298, 438
298, 758
298, 888
298, 568
298, 378
298, 698
298, 828
298, 508
298, 318
298, 638
298, 958
811, 961
811, 901
811, 841
811, 971
811, 911
811, 851
811, 981
811, 921
811, 861
811, 991
811, 931
811, 871
811, 941
811, 881
811, 821
811, 951
811, 891
811, 831
555, 705
555, 835
555, 645
555, 965
555, 775
555, 585
555, 905
555, 715
555, 845
555, 975
555, 655
555, 785
555, 595
555, 915
555, 725
555, 855
555, 985
555, 665
555, 795
555, 925
555, 605
555, 735
555, 865
555, 675
555, 995
555, 805
555, 615
555, 935
555, 745
555, 875
555, 685
555, 815
555, 945
555, 625
555, 755
555, 885
555, 565
555, 695
555, 825
555, 635
555, 955
555, 765
555, 575
555, 895
43, 193
43, 513
43, 833
43, 323
43, 643
43, 963
43, 453
43, 773
43, 133
43, 903
43, 263
43, 583
43, 713
43, 393
43, 73
43, 203
43, 843
43, 523
43, 973
43, 653
43, 333
43, 143
43, 463
43, 783
43, 913
43, 593
43, 273
43, 83
43, 403
43, 723
43, 853
43, 533
43, 213
43, 343
43, 663
43, 983
43, 793
43, 473
43, 153
43, 283
43, 603
43, 923
43, 733
43, 413
43, 93
43, 223
43, 543
43, 863
43, 993
43, 673
43, 353
43, 163
43, 483
43, 803
43, 933
43, 613
43, 293
43, 103
43, 423
43, 743
43, 873
43, 553
43, 233
43, 363
43, 683
43, 813
43, 493
43, 173
43, 303
43, 623
43, 943
43, 753
43, 433
43, 113
43, 243
43, 563
43, 883
43, 693
43, 373
43, 53
43, 183
43, 503
43, 823
43, 953
43, 633
43, 313
43, 123
43, 443
43, 763
43, 893
43, 573
43, 253
43, 63
43, 383
43, 703
299, 449
299, 769
299, 579
299, 899
299, 389
299, 709
299, 519
299, 839
299, 649
299, 969
299, 329
299, 459
299, 779
299, 589
299, 909
299, 399
299, 719
299, 849
299, 529
299, 339
299, 659
299, 979
299, 789
299, 469
299, 599
299, 919
299, 729
299, 409
299, 539
299, 859
299, 989
299, 669
299, 349
299, 479
299, 799
299, 929
299, 609
299, 419
299, 739
299, 869
299, 549
299, 359
299, 679
299, 999
299, 809
299, 489
299, 619
299, 939
299, 749
299, 429
299, 559
299, 879
299, 689
299, 369
299, 499
299, 819
299, 949
299, 629
299, 309
299, 439
299, 759
299, 889
299, 569
299, 379
299, 699
299, 829
299, 509
299, 319
299, 639
299, 959
812, 832
812, 962
812, 902
812, 842
812, 972
812, 912
812, 852
812, 982
812, 922
812, 862
812, 992
812, 932
812, 872
812, 942
812, 882
812, 822
812, 952
812, 892
556, 576
556, 896
556, 706
556, 836
556, 646
556, 966
556, 776
556, 906
556, 586
556, 716
556, 846
556, 656
556, 976
556, 786
556, 596
556, 916
556, 726
556, 856
556, 986
556, 666
556, 796
556, 926
556, 606
556, 736
556, 866
556, 676
556, 996
556, 806
556, 616
556, 936
556, 746
556, 876
556, 686
556, 816
556, 946
556, 626
556, 756
556, 886
556, 566
556, 696
556, 826
556, 636
556, 956
556, 766
44, 64
44, 384
44, 704
44, 194
44, 514
44, 834
44, 964
44, 324
44, 644
44, 774
44, 454
44, 134
44, 264
44, 584
44, 904
44, 714
44, 394
44, 74
44, 204
44, 524
44, 844
44, 654
44, 974
44, 334
44, 144
44, 464
44, 784
44, 914
44, 594
44, 274
44, 84
44, 404
44, 724
44, 854
44, 534
44, 214
44, 344
44, 664
44, 984
44, 794
44, 474
44, 154
44, 284
44, 604
44, 924
44, 734
44, 414
44, 94
44, 224
44, 544
44, 864
44, 994
44, 674
44, 354
44, 164
44, 484
44, 804
44, 934
44, 614
44, 294
44, 104
44, 424
44, 744
44, 874
44, 554
44, 234
44, 364
44, 684
44, 814
44, 494
44, 174
44, 304
44, 624
44, 944
44, 754
44, 434
44, 114
44, 244
44, 564
44, 884
44, 694
44, 374
44, 54
44, 184
44, 504
44, 824
44, 954
44, 634
44, 314
44, 124
44, 444
44, 764
44, 894
44, 574
44, 254
300, 320
300, 640
300, 960
300, 450
300, 770
300, 580
300, 900
300, 710
300, 390
300, 520
300, 840
300, 970
300, 650
300, 330
300, 460
300, 780
300, 910
300, 590
300, 400
300, 720
300, 850
300, 530
300, 340
300, 660
300, 980
300, 790
300, 470
300, 600
300, 920
300, 730
300, 410
300, 540
300, 860
300, 990
300, 670
300, 350
300, 480
300, 800
300, 930
300, 610
300, 420
300, 740
300, 870
300, 550
300, 360
300, 680
300, 1000
300, 810
300, 490
300, 620
300, 940
300, 750
300, 430
300, 560
300, 880
300, 690
300, 370
300, 500
300, 820
300, 950
300, 630
300, 310
300, 440
300, 760
300, 890
300, 570
300, 380
300, 700
300, 830
300, 510
813, 833
813, 963
813, 903
813, 843
813, 973
813, 913
813, 853
813, 983
813, 923
813, 863
813, 993
813, 933
813, 873
813, 943
813, 883
813, 823
813, 953
813, 893
557, 577
557, 897
557, 707
557, 837
557, 647
557, 967
557, 777
557, 907
557, 587
557, 717
557, 847
557, 657
557, 977
557, 787
557, 597
557, 917
557, 727
557, 857
557, 987
557, 667
557, 797
557, 927
557, 607
557, 737
557, 867
557, 677
557, 997
557, 807
557, 617
557, 937
557, 747
557, 877
557, 687
557, 817
557, 947
557, 627
557, 757
557, 887
557, 567
557, 697
557, 827
557, 637
557, 957
557, 767
45, 65
45, 385
45, 705
45, 195
45, 515
45, 835
45, 965
45, 325
45, 645
45, 775
45, 455
45, 135
45, 265
45, 585
45, 905
45, 715
45, 395
45, 75
45, 205
45, 525
45, 845
45, 655
45, 975
45, 335
45, 145
45, 465
45, 785
45, 915
45, 595
45, 275
45, 85
45, 405
45, 725
45, 855
45, 535
45, 215
45, 345
45, 665
45, 985
45, 795
45, 475
45, 155
45, 285
45, 605
45, 925
45, 735
45, 415
45, 95
45, 225
45, 545
45, 865
45, 995
45, 675
45, 355
45, 165
45, 485
45, 805
45, 935
45, 615
45, 295
45, 105
45, 425
45, 745
45, 875
45, 555
45, 235
45, 365
45, 685
45, 815
45, 495
45, 175
45, 305
45, 625
45, 945
45, 755
45, 435
45, 115
45, 245
45, 565
45, 885
45, 695
45, 375
45, 55
45, 185
45, 505
45, 825
45, 955
45, 635
45, 315
45, 125
45, 445
45, 765
45, 895
45, 575
45, 255
301, 321
301, 641
301, 961
301, 451
301, 771
301, 581
301, 901
301, 711
301, 391
301, 521
301, 841
301, 971
301, 651
301, 331
301, 461
301, 781
301, 911
301, 591
301, 401
301, 721
301, 851
301, 531
301, 341
301, 661
301, 981
301, 791
301, 471
301, 601
301, 921
301, 731
301, 411
301, 541
301, 861
301, 991
301, 671
301, 351
301, 481
301, 801
301, 931
301, 611
301, 421
301, 741
301, 871
301, 551
301, 361
301, 681
301, 811
301, 491
301, 621
301, 941
301, 751
301, 431
301, 561
301, 881
301, 691
301, 371
301, 501
301, 821
301, 951
301, 631
301, 311
301, 441
301, 761
301, 891
301, 571
301, 381
301, 701
301, 831
301, 511
814, 834
814, 964
814, 904
814, 844
814, 974
814, 914
814, 854
814, 984
814, 924
814, 864
814, 994
814, 934
814, 874
814, 944
814, 884
814, 824
814, 954
814, 894
558, 768
558, 578
558, 898
558, 708
558, 838
558, 648
558, 968
558, 778
558, 588
558, 908
558, 718
558, 848
558, 658
558, 978
558, 788
558, 598
558, 918
558, 728
558, 858
558, 988
558, 668
558, 798
558, 928
558, 608
558, 738
558, 868
558, 678
558, 998
558, 808
558, 618
558, 938
558, 748
558, 878
558, 688
558, 818
558, 948
558, 628
558, 758
558, 888
558, 568
558, 698
558, 828
558, 638
558, 958
46, 256
46, 576
46, 896
46, 66
46, 386
46, 706
46, 836
46, 196
46, 516
46, 966
46, 326
46, 646
46, 456
46, 776
46, 136
46, 266
46, 586
46, 906
46, 716
46, 396
46, 76
46, 206
46, 526
46, 846
46, 976
46, 656
46, 336
46, 146
46, 466
46, 786
46, 916
46, 596
46, 276
46, 86
46, 406
46, 726
46, 856
46, 536
46, 216
46, 346
46, 666
46, 986
46, 796
46, 476
46, 156
46, 286
46, 606
46, 926
46, 736
46, 416
46, 96
46, 226
46, 546
46, 866
46, 996
46, 676
46, 356
46, 166
46, 486
46, 806
46, 936
46, 616
46, 296
46, 106
46, 426
46, 746
46, 876
46, 556
46, 236
46, 366
46, 686
46, 816
46, 496
46, 176
46, 306
46, 626
46, 946
46, 756
46, 436
46, 116
46, 246
46, 566
46, 886
46, 696
46, 376
46, 56
46, 186
46, 506
46, 826
46, 956
46, 636
46, 316
46, 126
46, 446
46, 766
302, 512
302, 832
302, 322
302, 642
302, 962
302, 452
302, 772
302, 902
302, 582
302, 712
302, 392
302, 842
302, 522
302, 972
302, 652
302, 332
302, 462
302, 782
302, 912
302, 592
302, 402
302, 722
302, 852
302, 532
302, 342
302, 662
302, 982
302, 792
302, 472
302, 602
302, 922
302, 732
302, 412
302, 542
302, 862
302, 992
302, 672
302, 352
302, 482
302, 802
302, 932
302, 612
302, 422
302, 742
302, 872
302, 552
302, 362
302, 682
302, 812
302, 492
302, 622
302, 942
302, 752
302, 432
302, 562
302, 882
302, 692
302, 372
302, 502
302, 822
302, 952
302, 632
302, 312
302, 442
302, 762
302, 892
302, 572
302, 382
302, 702
815, 835
815, 965
815, 905
815, 845
815, 975
815, 915
815, 855
815, 985
815, 925
815, 865
815, 995
815, 935
815, 875
815, 945
815, 885
815, 825
815, 955
815, 895
559, 769
559, 579
559, 899
559, 709
559, 839
559, 649
559, 969
559, 779
559, 589
559, 909
559, 719
559, 849
559, 659
559, 979
559, 789
559, 599
559, 919
559, 729
559, 859
559, 989
559, 669
559, 799
559, 929
559, 609
559, 739
559, 869
559, 679
559, 999
559, 809
559, 619
559, 939
559, 749
559, 879
559, 689
559, 819
559, 949
559, 629
559, 759
559, 889
559, 569
559, 699
559, 829
559, 639
559, 959
47, 257
47, 577
47, 897
47, 67
47, 387
47, 707
47, 837
47, 197
47, 517
47, 967
47, 327
47, 647
47, 457
47, 777
47, 137
47, 267
47, 587
47, 907
47, 717
47, 397
47, 77
47, 207
47, 527
47, 847
47, 977
47, 657
47, 337
47, 147
47, 467
47, 787
47, 917
47, 597
47, 277
47, 87
47, 407
47, 727
47, 857
47, 537
47, 217
47, 347
47, 667
47, 987
47, 797
47, 477
47, 157
47, 287
47, 607
47, 927
47, 737
47, 417
47, 97
47, 227
47, 547
47, 867
47, 997
47, 677
47, 357
47, 167
47, 487
47, 807
47, 937
47, 617
47, 297
47, 107
47, 427
47, 747
47, 877
47, 557
47, 237
47, 367
47, 687
47, 817
47, 497
47, 177
47, 307
47, 627
47, 947
47, 757
47, 437
47, 117
47, 247
47, 567
47, 887
47, 697
47, 377
47, 57
47, 187
47, 507
47, 827
47, 957
47, 637
47, 317
47, 127
47, 447
47, 767
303, 513
303, 833
303, 323
303, 643
303, 963
303, 453
303, 773
303, 903
303, 583
303, 713
303, 393
303, 843
303, 523
303, 973
303, 653
303, 333
303, 463
303, 783
303, 913
303, 593
303, 403
303, 723
303, 853
303, 533
303, 343
303, 663
303, 983
303, 793
303, 473
303, 603
303, 923
303, 733
303, 413
303, 543
303, 863
303, 993
303, 673
303, 353
303, 483
303, 803
303, 933
303, 613
303, 423
303, 743
303, 873
303, 553
303, 363
303, 683
303, 813
303, 493
303, 623
303, 943
303, 753
303, 433
303, 563
303, 883
303, 693
303, 373
303, 503
303, 823
303, 953
303, 633
303, 313
303, 443
303, 763
303, 893
303, 573
303, 383
303, 703
816, 896
816, 836
816, 966
816, 906
816, 846
816, 976
816, 916
816, 856
816, 986
816, 926
816, 866
816, 996
816, 936
816, 876
816, 946
816, 886
816, 826
816, 956
560, 640
560, 960
560, 770
560, 580
560, 900
560, 710
560, 840
560, 970
560, 650
560, 780
560, 910
560, 590
560, 720
560, 850
560, 660
560, 980
560, 790
560, 600
560, 920
560, 730
560, 860
560, 990
560, 670
560, 800
560, 930
560, 610
560, 740
560, 870
560, 680
560, 1000
560, 810
560, 620
560, 940
560, 750
560, 880
560, 690
560, 820
560, 950
560, 630
560, 760
560, 890
560, 570
560, 700
560, 830
48, 128
48, 448
48, 768
48, 258
48, 578
48, 898
48, 708
48, 68
48, 388
48, 518
48, 198
48, 838
48, 328
48, 968
48, 648
48, 778
48, 458
48, 138
48, 268
48, 908
48, 588
48, 718
48, 398
48, 78
48, 208
48, 528
48, 848
48, 978
48, 658
48, 338
48, 148
48, 468
48, 788
48, 918
48, 598
48, 278
48, 88
48, 408
48, 728
48, 858
48, 538
48, 218
48, 348
48, 668
48, 988
48, 798
48, 478
48, 158
48, 288
48, 608
48, 928
48, 738
48, 418
48, 98
48, 228
48, 548
48, 868
48, 998
48, 678
48, 358
48, 168
48, 488
48, 808
48, 938
48, 618
48, 298
48, 108
48, 428
48, 748
48, 878
48, 558
48, 238
48, 368
48, 688
48, 818
48, 498
48, 178
48, 308
48, 628
48, 948
48, 758
48, 438
48, 118
48, 248
48, 568
48, 888
48, 698
48, 378
48, 58
48, 188
48, 508
48, 828
48, 958
48, 638
48, 318
304, 384
304, 704
304, 514
304, 834
304, 324
304, 644
304, 964
304, 774
304, 454
304, 584
304, 904
304, 714
304, 394
304, 524
304, 844
304, 654
304, 974
304, 334
304, 464
304, 784
304, 914
304, 594
304, 404
304, 724
304, 854
304, 534
304, 344
304, 664
304, 984
304, 794
304, 474
304, 604
304, 924
304, 734
304, 414
304, 544
304, 864
304, 994
304, 674
304, 354
304, 484
304, 804
304, 934
304, 614
304, 424
304, 744
304, 874
304, 554
304, 364
304, 684
304, 814
304, 494
304, 624
304, 944
304, 754
304, 434
304, 564
304, 884
304, 694
304, 374
304, 504
304, 824
304, 954
304, 634
304, 314
304, 444
304, 764
304, 894
304, 574
817, 897
817, 837
817, 967
817, 907
817, 847
817, 977
817, 917
817, 857
817, 987
817, 927
817, 867
817, 997
817, 937
817, 877
817, 947
817, 887
817, 827
817, 957
561, 641
561, 961
561, 771
561, 581
561, 901
561, 711
561, 841
561, 971
561, 651
561, 781
561, 911
561, 591
561, 721
561, 851
561, 661
561, 981
561, 791
561, 601
561, 921
561, 731
561, 861
561, 991
561, 671
561, 801
561, 931
561, 611
561, 741
561, 871
561, 681
561, 811
561, 621
561, 941
561, 751
561, 881
561, 691
561, 821
561, 951
561, 631
561, 761
561, 891
561, 571
561, 701
561, 831
49, 129
49, 449
49, 769
49, 259
49, 579
49, 899
49, 709
49, 69
49, 389
49, 519
49, 199
49, 839
49, 329
49, 969
49, 649
49, 779
49, 459
49, 139
49, 269
49, 909
49, 589
49, 719
49, 399
49, 79
49, 209
49, 529
49, 849
49, 979
49, 659
49, 339
49, 149
49, 469
49, 789
49, 919
49, 599
49, 279
49, 89
49, 409
49, 729
49, 859
49, 539
49, 219
49, 349
49, 669
49, 989
49, 799
49, 479
49, 159
49, 289
49, 609
49, 929
49, 739
49, 419
49, 99
49, 229
49, 549
49, 869
49, 999
49, 679
49, 359
49, 169
49, 489
49, 809
49, 939
49, 619
49, 299
49, 109
49, 429
49, 749
49, 879
49, 559
49, 239
49, 369
49, 689
49, 819
49, 499
49, 179
49, 309
49, 629
49, 949
49, 759
49, 439
49, 119
49, 249
49, 569
49, 889
49, 699
49, 379
49, 59
49, 189
49, 509
49, 829
49, 959
49, 639
49, 319
305, 385
305, 705
305, 515
305, 835
305, 325
305, 645
305, 965
305, 775
305, 455
305, 585
305, 905
305, 715
305, 395
305, 525
305, 845
305, 655
305, 975
305, 335
305, 465
305, 785
305, 915
305, 595
305, 405
305, 725
305, 855
305, 535
305, 345
305, 665
305, 985
305, 795
305, 475
305, 605
305, 925
305, 735
305, 415
305, 545
305, 865
305, 995
305, 675
305, 355
305, 485
305, 805
305, 935
305, 615
305, 425
305, 745
305, 875
305, 555
305, 365
305, 685
305, 815
305, 495
305, 625
305, 945
305, 755
305, 435
305, 565
305, 885
305, 695
305, 375
305, 505
305, 825
305, 955
305, 635
305, 315
305, 445
305, 765
305, 895
305, 575
818, 898
818, 838
818, 968
818, 908
818, 848
818, 978
818, 918
818, 858
818, 988
818, 928
818, 868
818, 998
818, 938
818, 878
818, 948
818, 888
818, 828
818, 958
562, 832
562, 642
562, 962
562, 772
562, 582
562, 902
562, 712
562, 842
562, 972
562, 652
562, 782
562, 912
562, 592
562, 722
562, 852
562, 662
562, 982
562, 792
562, 602
562, 922
562, 732
562, 862
562, 992
562, 672
562, 802
562, 932
562, 612
562, 742
562, 872
562, 682
562, 812
562, 622
562, 942
562, 752
562, 882
562, 692
562, 822
562, 952
562, 632
562, 762
562, 892
562, 572
562, 702
50, 320
50, 640
50, 960
50, 130
50, 450
50, 770
50, 900
50, 260
50, 580
50, 70
50, 390
50, 710
50, 840
50, 520
50, 200
50, 330
50, 650
50, 970
50, 780
50, 460
50, 140
50, 270
50, 590
50, 910
50, 720
50, 400
50, 80
50, 210
50, 530
50, 850
50, 980
50, 660
50, 340
50, 150
50, 470
50, 790
50, 920
50, 600
50, 280
50, 90
50, 410
50, 730
50, 860
50, 540
50, 220
50, 350
50, 670
50, 990
50, 800
50, 480
50, 160
50, 290
50, 610
50, 930
50, 740
50, 420
50, 100
50, 230
50, 550
50, 870
50, 1000
50, 680
50, 360
50, 170
50, 490
50, 810
50, 940
50, 620
50, 300
50, 110
50, 430
50, 750
50, 880
50, 560
50, 240
50, 370
50, 690
50, 820
50, 500
50, 180
50, 310
50, 630
50, 950
50, 760
50, 440
50, 120
50, 250
50, 570
50, 890
50, 700
50, 380
50, 60
50, 190
50, 510
50, 830
306, 576
306, 896
306, 386
306, 706
306, 516
306, 836
306, 966
306, 326
306, 646
306, 456
306, 776
306, 586
306, 906
306, 716
306, 396
306, 526
306, 846
306, 976
306, 656
306, 336
306, 466
306, 786
306, 916
306, 596
306, 406
306, 726
306, 856
306, 536
306, 346
306, 666
306, 986
306, 796
306, 476
306, 606
306, 926
306, 736
306, 416
306, 546
306, 866
306, 996
306, 676
306, 356
306, 486
306, 806
306, 936
306, 616
306, 426
306, 746
306, 876
306, 556
306, 366
306, 686
306, 816
306, 496
306, 626
306, 946
306, 756
306, 436
306, 566
306, 886
306, 696
306, 376
306, 506
306, 826
306, 956
306, 636
306, 316
306, 446
306, 766
819, 899
819, 839
819, 969
819, 909
819, 849
819, 979
819, 919
819, 859
819, 989
819, 929
819, 869
819, 999
819, 939
819, 879
819, 949
819, 889
819, 829
819, 959
563, 833
563, 643
563, 963
563, 773
563, 583
563, 903
563, 713
563, 843
563, 973
563, 653
563, 783
563, 913
563, 593
563, 723
563, 853
563, 663
563, 983
563, 793
563, 603
563, 923
563, 733
563, 863
563, 993
563, 673
563, 803
563, 933
563, 613
563, 743
563, 873
563, 683
563, 813
563, 623
563, 943
563, 753
563, 883
563, 693
563, 823
563, 953
563, 633
563, 763
563, 893
563, 573
563, 703
51, 321
51, 641
51, 961
51, 131
51, 451
51, 771
51, 901
51, 261
51, 581
51, 71
51, 391
51, 711
51, 841
51, 521
51, 201
51, 331
51, 651
51, 971
51, 781
51, 461
51, 141
51, 271
51, 591
51, 911
51, 721
51, 401
51, 81
51, 211
51, 531
51, 851
51, 981
51, 661
51, 341
51, 151
51, 471
51, 791
51, 921
51, 601
51, 281
51, 91
51, 411
51, 731
51, 861
51, 541
51, 221
51, 351
51, 671
51, 991
51, 801
51, 481
51, 161
51, 291
51, 611
51, 931
51, 741
51, 421
51, 101
51, 231
51, 551
51, 871
51, 681
51, 361
51, 171
51, 491
51, 811
51, 941
51, 621
51, 301
51, 111
51, 431
51, 751
51, 881
51, 561
51, 241
51, 371
51, 691
51, 821
51, 501
51, 181
51, 311
51, 631
51, 951
51, 761
51, 441
51, 121
51, 251
51, 571
51, 891
51, 701
51, 381
51, 61
51, 191
51, 511
51, 831
307, 577
307, 897
307, 387
307, 707
307, 517
307, 837
307, 967
307, 327
307, 647
307, 457
307, 777
307, 587
307, 907
307, 717
307, 397
307, 527
307, 847
307, 977
307, 657
307, 337
307, 467
307, 787
307, 917
307, 597
307, 407
307, 727
307, 857
307, 537
307, 347
307, 667
307, 987
307, 797
307, 477
307, 607
307, 927
307, 737
307, 417
307, 547
307, 867
307, 997
307, 677
307, 357
307, 487
307, 807
307, 937
307, 617
307, 427
307, 747
307, 877
307, 557
307, 367
307, 687
307, 817
307, 497
307, 627
307, 947
307, 757
307, 437
307, 567
307, 887
307, 697
307, 377
307, 507
307, 827
307, 957
307, 637
307, 317
307, 447
307, 767
820, 960
820, 900
820, 840
820, 970
820, 910
820, 850
820, 980
820, 920
820, 860
820, 990
820, 930
820, 870
820, 1000
820, 940
820, 880
820, 950
820, 890
820, 830
564, 704
564, 834
564, 644
564, 964
564, 774
564, 584
564, 904
564, 714
564, 844
564, 654
564, 974
564, 784
564, 914
564, 594
564, 724
564, 854
564, 664
564, 984
564, 794
564, 604
564, 924
564, 734
564, 864
564, 994
564, 674
564, 804
564, 934
564, 614
564, 744
564, 874
564, 684
564, 814
564, 624
564, 944
564, 754
564, 884
564, 694
564, 824
564, 954
564, 634
564, 764
564, 894
564, 574
52, 192
52, 512
52, 832
52, 322
52, 642
52, 962
52, 772
52, 132
52, 452
52, 582
52, 262
52, 902
52, 72
52, 392
52, 712
52, 522
52, 842
52, 202
52, 332
52, 652
52, 972
52, 782
52, 462
52, 142
52, 272
52, 592
52, 912
52, 722
52, 402
52, 82
52, 212
52, 532
52, 852
52, 982
52, 662
52, 342
52, 152
52, 472
52, 792
52, 922
52, 602
52, 282
52, 92
52, 412
52, 732
52, 862
52, 542
52, 222
52, 352
52, 672
52, 992
52, 802
52, 482
52, 162
52, 292
52, 612
52, 932
52, 742
52, 422
52, 102
52, 232
52, 552
52, 872
52, 682
52, 362
52, 172
52, 492
52, 812
52, 942
52, 622
52, 302
52, 112
52, 432
52, 752
52, 882
52, 562
52, 242
52, 372
52, 692
52, 822
52, 502
52, 182
52, 312
52, 632
52, 952
52, 762
52, 442
52, 122
52, 252
52, 572
52, 892
52, 702
52, 382
52, 62
308, 448
308, 768
308, 578
308, 898
308, 388
308, 708
308, 518
308, 838
308, 328
308, 968
308, 648
308, 778
308, 458
308, 908
308, 588
308, 718
308, 398
308, 528
308, 848
308, 978
308, 658
308, 338
308, 468
308, 788
308, 918
308, 598
308, 408
308, 728
308, 858
308, 538
308, 348
308, 668
308, 988
308, 798
308, 478
308, 608
308, 928
308, 738
308, 418
308, 548
308, 868
308, 998
308, 678
308, 358
308, 488
308, 808
308, 938
308, 618
308, 428
308, 748
308, 878
308, 558
308, 368
308, 688
308, 818
308, 498
308, 628
308, 948
308, 758
308, 438
308, 568
308, 888
308, 698
308, 378
308, 508
308, 828
308, 958
308, 638
308, 318
821, 961
821, 901
821, 841
821, 971
821, 911
821, 851
821, 981
821, 921
821, 861
821, 991
821, 931
821, 871
821, 941
821, 881
821, 951
821, 891
821, 831
565, 705
565, 835
565, 645
565, 965
565, 775
565, 585
565, 905
565, 715
565, 845
565, 655
565, 975
565, 785
565, 915
565, 595
565, 725
565, 855
565, 665
565, 985
565, 795
565, 605
565, 925
565, 735
565, 865
565, 995
565, 675
565, 805
565, 935
565, 615
565, 745
565, 875
565, 685
565, 815
565, 625
565, 945
565, 755
565, 885
565, 695
565, 825
565, 955
565, 635
565, 765
565, 895
565, 575
53, 193
53, 513
53, 833
53, 323
53, 643
53, 963
53, 773
53, 133
53, 453
53, 583
53, 263
53, 903
53, 73
53, 393
53, 713
53, 523
53, 843
53, 203
53, 333
53, 653
53, 973
53, 783
53, 463
53, 143
53, 273
53, 593
53, 913
53, 723
53, 403
53, 83
53, 213
53, 533
53, 853
53, 983
53, 663
53, 343
53, 153
53, 473
53, 793
53, 923
53, 603
53, 283
53, 93
53, 413
53, 733
53, 863
53, 543
53, 223
53, 353
53, 673
53, 993
53, 803
53, 483
53, 163
53, 293
53, 613
53, 933
53, 743
53, 423
53, 103
53, 233
53, 553
53, 873
53, 683
53, 363
53, 173
53, 493
53, 813
53, 943
53, 623
53, 303
53, 113
53, 433
53, 753
53, 883
53, 563
53, 243
53, 373
53, 693
53, 823
53, 503
53, 183
53, 313
53, 633
53, 953
53, 763
53, 443
53, 123
53, 253
53, 573
53, 893
53, 703
53, 383
53, 63
309, 449
309, 769
309, 579
309, 899
309, 389
309, 709
309, 519
309, 839
309, 329
309, 969
309, 649
309, 779
309, 459
309, 909
309, 589
309, 719
309, 399
309, 529
309, 849
309, 979
309, 659
309, 339
309, 469
309, 789
309, 919
309, 599
309, 409
309, 729
309, 859
309, 539
309, 349
309, 669
309, 989
309, 799
309, 479
309, 609
309, 929
309, 739
309, 419
309, 549
309, 869
309, 999
309, 679
309, 359
309, 489
309, 809
309, 939
309, 619
309, 429
309, 749
309, 879
309, 559
309, 369
309, 689
309, 819
309, 499
309, 629
309, 949
309, 759
309, 439
309, 569
309, 889
309, 699
309, 379
309, 509
309, 829
309, 959
309, 639
309, 319
822, 832
822, 962
822, 902
822, 842
822, 972
822, 912
822, 852
822, 982
822, 922
822, 862
822, 992
822, 932
822, 872
822, 942
822, 882
822, 952
822, 892
566, 576
566, 896
566, 706
566, 836
566, 646
566, 966
566, 776
566, 586
566, 906
566, 716
566, 846
566, 976
566, 656
566, 786
566, 916
566, 596
566, 726
566, 856
566, 666
566, 986
566, 796
566, 606
566, 926
566, 736
566, 866
566, 996
566, 676
566, 806
566, 936
566, 616
566, 746
566, 876
566, 686
566, 816
566, 626
566, 946
566, 756
566, 886
566, 696
566, 826
566, 956
566, 636
566, 766
54, 64
54, 384
54, 704
54, 194
54, 514
54, 834
54, 324
54, 644
54, 964
54, 134
54, 454
54, 774
54, 904
54, 584
54, 264
54, 74
54, 394
54, 714
54, 844
54, 524
54, 204
54, 334
54, 974
54, 654
54, 784
54, 464
54, 144
54, 274
54, 594
54, 914
54, 724
54, 404
54, 84
54, 214
54, 534
54, 854
54, 984
54, 664
54, 344
54, 154
54, 474
54, 794
54, 924
54, 604
54, 284
54, 94
54, 414
54, 734
54, 864
54, 544
54, 224
54, 354
54, 674
54, 994
54, 804
54, 484
54, 164
54, 294
54, 614
54, 934
54, 744
54, 424
54, 104
54, 234
54, 554
54, 874
54, 684
54, 364
54, 174
54, 494
54, 814
54, 944
54, 624
54, 304
54, 114
54, 434
54, 754
54, 884
54, 564
54, 244
54, 374
54, 694
54, 824
54, 504
54, 184
54, 314
54, 634
54, 954
54, 764
54, 444
54, 124
54, 254
54, 574
54, 894
310, 320
310, 640
310, 960
310, 450
310, 770
310, 580
310, 900
310, 390
310, 710
310, 840
310, 520
310, 330
310, 650
310, 970
310, 780
310, 460
310, 590
310, 910
310, 720
310, 400
310, 530
310, 850
310, 980
310, 660
310, 340
310, 470
310, 790
310, 920
310, 600
310, 410
310, 730
310, 860
310, 540
310, 350
310, 670
310, 990
310, 800
310, 480
310, 610
310, 930
310, 740
310, 420
310, 550
310, 870
310, 1000
310, 680
310, 360
310, 490
310, 810
310, 940
310, 620
310, 430
310, 750
310, 880
310, 560
310, 370
310, 690
310, 820
310, 500
310, 630
310, 950
310, 760
310, 440
310, 570
310, 890
310, 700
310, 380
310, 510
310, 830
823, 833
823, 963
823, 903
823, 843
823, 973
823, 913
823, 853
823, 983
823, 923
823, 863
823, 993
823, 933
823, 873
823, 943
823, 883
823, 953
823, 893
567, 577
567, 897
567, 707
567, 837
567, 647
567, 967
567, 777
567, 587
567, 907
567, 717
567, 847
567, 977
567, 657
567, 787
567, 917
567, 597
567, 727
567, 857
567, 667
567, 987
567, 797
567, 607
567, 927
567, 737
567, 867
567, 997
567, 677
567, 807
567, 937
567, 617
567, 747
567, 877
567, 687
567, 817
567, 627
567, 947
567, 757
567, 887
567, 697
567, 827
567, 957
567, 637
567, 767
55, 65
55, 385
55, 705
55, 195
55, 515
55, 835
55, 325
55, 645
55, 965
55, 135
55, 455
55, 775
55, 905
55, 585
55, 265
55, 75
55, 395
55, 715
55, 845
55, 525
55, 205
55, 335
55, 975
55, 655
55, 785
55, 465
55, 145
55, 275
55, 595
55, 915
55, 725
55, 405
55, 85
55, 215
55, 535
55, 855
55, 985
55, 665
55, 345
55, 155
55, 475
55, 795
55, 925
55, 605
55, 285
55, 95
55, 415
55, 735
55, 865
55, 545
55, 225
55, 355
55, 675
55, 995
55, 805
55, 485
55, 165
55, 295
55, 615
55, 935
55, 745
55, 425
55, 105
55, 235
55, 555
55, 875
55, 685
55, 365
55, 175
55, 495
55, 815
55, 945
55, 625
55, 305
55, 115
55, 435
55, 755
55, 885
55, 565
55, 245
55, 375
55, 695
55, 825
55, 505
55, 185
55, 315
55, 635
55, 955
55, 765
55, 445
55, 125
55, 255
55, 575
55, 895
311, 321
311, 641
311, 961
311, 451
311, 771
311, 581
311, 901
311, 391
311, 711
311, 841
311, 521
311, 331
311, 651
311, 971
311, 781
311, 461
311, 591
311, 911
311, 721
311, 401
311, 531
311, 851
311, 981
311, 661
311, 341
311, 471
311, 791
311, 921
311, 601
311, 411
311, 731
311, 861
311, 541
311, 351
311, 671
311, 991
311, 801
311, 481
311, 611
311, 931
311, 741
311, 421
311, 551
311, 871
311, 681
311, 361
311, 491
311, 811
311, 941
311, 621
311, 431
311, 751
311, 881
311, 561
311, 371
311, 691
311, 821
311, 501
311, 631
311, 951
311, 761
311, 441
311, 571
311, 891
311, 701
311, 381
311, 511
311, 831
824, 834
824, 964
824, 904
824, 844
824, 974
824, 914
824, 854
824, 984
824, 924
824, 864
824, 994
824, 934
824, 874
824, 944
824, 884
824, 954
824, 894
568, 768
568, 578
568, 898
568, 708
568, 838
568, 648
568, 968
568, 778
568, 908
568, 588
568, 718
568, 848
568, 978
568, 658
568, 788
568, 918
568, 598
568, 728
568, 858
568, 668
568, 988
568, 798
568, 608
568, 928
568, 738
568, 868
568, 998
568, 678
568, 808
568, 938
568, 618
568, 748
568, 878
568, 688
568, 818
568, 628
568, 948
568, 758
568, 888
568, 698
568, 828
568, 958
568, 638
56, 256
56, 576
56, 896
56, 66
56, 386
56, 706
56, 196
56, 516
56, 836
56, 646
56, 326
56, 966
56, 136
56, 776
56, 456
56, 906
56, 586
56, 266
56, 76
56, 396
56, 716
56, 846
56, 526
56, 206
56, 336
56, 656
56, 976
56, 786
56, 466
56, 146
56, 276
56, 596
56, 916
56, 726
56, 406
56, 86
56, 216
56, 536
56, 856
56, 986
56, 666
56, 346
56, 156
56, 476
56, 796
56, 926
56, 606
56, 286
56, 96
56, 416
56, 736
56, 866
56, 546
56, 226
56, 356
56, 676
56, 996
56, 806
56, 486
56, 166
56, 296
56, 616
56, 936
56, 746
56, 426
56, 106
56, 236
56, 556
56, 876
56, 686
56, 366
56, 176
56, 496
56, 816
56, 946
56, 626
56, 306
56, 116
56, 436
56, 756
56, 886
56, 566
56, 246
56, 376
56, 696
56, 826
56, 506
56, 186
56, 316
56, 636
56, 956
56, 766
56, 446
56, 126
312, 512
312, 832
312, 322
312, 642
312, 962
312, 452
312, 772
312, 582
312, 902
312, 392
312, 712
312, 522
312, 842
312, 332
312, 652
312, 972
312, 782
312, 462
312, 592
312, 912
312, 722
312, 402
312, 532
312, 852
312, 982
312, 662
312, 342
312, 472
312, 792
312, 922
312, 602
312, 412
312, 732
312, 862
312, 542
312, 352
312, 672
312, 992
312, 802
312, 482
312, 612
312, 932
312, 742
312, 422
312, 552
312, 872
312, 682
312, 362
312, 492
312, 812
312, 942
312, 622
312, 432
312, 752
312, 882
312, 562
312, 372
312, 692
312, 822
312, 502
312, 632
312, 952
312, 762
312, 442
312, 572
312, 892
312, 702
312, 382
825, 835
825, 965
825, 905
825, 845
825, 975
825, 915
825, 855
825, 985
825, 925
825, 865
825, 995
825, 935
825, 875
825, 945
825, 885
825, 955
825, 895
569, 769
569, 579
569, 899
569, 709
569, 839
569, 649
569, 969
569, 779
569, 909
569, 589
569, 719
569, 849
569, 979
569, 659
569, 789
569, 919
569, 599
569, 729
569, 859
569, 669
569, 989
569, 799
569, 609
569, 929
569, 739
569, 869
569, 999
569, 679
569, 809
569, 939
569, 619
569, 749
569, 879
569, 689
569, 819
569, 629
569, 949
569, 759
569, 889
569, 699
569, 829
569, 959
569, 639
57, 257
57, 577
57, 897
57, 67
57, 387
57, 707
57, 197
57, 517
57, 837
57, 647
57, 327
57, 967
57, 137
57, 777
57, 457
57, 907
57, 587
57, 267
57, 77
57, 397
57, 717
57, 847
57, 527
57, 207
57, 337
57, 657
57, 977
57, 787
57, 467
57, 147
57, 277
57, 597
57, 917
57, 727
57, 407
57, 87
57, 217
57, 537
57, 857
57, 987
57, 667
57, 347
57, 157
57, 477
57, 797
57, 927
57, 607
57, 287
57, 97
57, 417
57, 737
57, 867
57, 547
57, 227
57, 357
57, 677
57, 997
57, 807
57, 487
57, 167
57, 297
57, 617
57, 937
57, 747
57, 427
57, 107
57, 237
57, 557
57, 877
57, 687
57, 367
57, 177
57, 497
57, 817
57, 947
57, 627
57, 307
57, 117
57, 437
57, 757
57, 887
57, 567
57, 247
57, 377
57, 697
57, 827
57, 507
57, 187
57, 317
57, 637
57, 957
57, 767
57, 447
57, 127
313, 513
313, 833
313, 323
313, 643
313, 963
313, 453
313, 773
313, 583
313, 903
313, 393
313, 713
313, 523
313, 843
313, 333
313, 653
313, 973
313, 783
313, 463
313, 593
313, 913
313, 723
313, 403
313, 533
313, 853
313, 983
313, 663
313, 343
313, 473
313, 793
313, 923
313, 603
313, 413
313, 733
313, 863
313, 543
313, 353
313, 673
313, 993
313, 803
313, 483
313, 613
313, 933
313, 743
313, 423
313, 553
313, 873
313, 683
313, 363
313, 493
313, 813
313, 943
313, 623
313, 433
313, 753
313, 883
313, 563
313, 373
313, 693
313, 823
313, 503
313, 633
313, 953
313, 763
313, 443
313, 573
313, 893
313, 703
313, 383
826, 896
826, 836
826, 966
826, 906
826, 846
826, 976
826, 916
826, 856
826, 986
826, 926
826, 866
826, 996
826, 936
826, 876
826, 946
826, 886
826, 956
570, 640
570, 960
570, 770
570, 580
570, 900
570, 710
570, 840
570, 650
570, 970
570, 780
570, 590
570, 910
570, 720
570, 850
570, 980
570, 660
570, 790
570, 920
570, 600
570, 730
570, 860
570, 670
570, 990
570, 800
570, 610
570, 930
570, 740
570, 870
570, 1000
570, 680
570, 810
570, 940
570, 620
570, 750
570, 880
570, 690
570, 820
570, 630
570, 950
570, 760
570, 890
570, 700
570, 830
58, 128
58, 448
58, 768
58, 258
58, 578
58, 898
58, 68
58, 388
58, 708
58, 838
58, 198
58, 518
58, 648
58, 968
58, 328
58, 138
58, 458
58, 778
58, 588
58, 908
58, 268
58, 78
58, 398
58, 718
58, 848
58, 528
58, 208
58, 338
58, 658
58, 978
58, 788
58, 468
58, 148
58, 278
58, 598
58, 918
58, 728
58, 408
58, 88
58, 218
58, 538
58, 858
58, 988
58, 668
58, 348
58, 158
58, 478
58, 798
58, 928
58, 608
58, 288
58, 98
58, 418
58, 738
58, 868
58, 548
58, 228
58, 358
58, 678
58, 998
58, 808
58, 488
58, 168
58, 298
58, 618
58, 938
58, 748
58, 428
58, 108
58, 238
58, 558
58, 878
58, 688
58, 368
58, 178
58, 498
58, 818
58, 948
58, 628
58, 308
58, 118
58, 438
58, 758
58, 888
58, 568
58, 248
58, 378
58, 698
58, 828
58, 508
58, 188
58, 318
58, 638
58, 958
314, 384
314, 704
314, 514
314, 834
314, 324
314, 644
314, 964
314, 454
314, 774
314, 904
314, 584
314, 394
314, 714
314, 844
314, 524
314, 334
314, 974
314, 654
314, 784
314, 464
314, 594
314, 914
314, 724
314, 404
314, 534
314, 854
314, 984
314, 664
314, 344
314, 474
314, 794
314, 924
314, 604
314, 414
314, 734
314, 864
314, 544
314, 354
314, 674
314, 994
314, 804
314, 484
314, 614
314, 934
314, 744
314, 424
314, 554
314, 874
314, 684
314, 364
314, 494
314, 814
314, 944
314, 624
314, 434
314, 754
314, 884
314, 564
314, 374
314, 694
314, 824
314, 504
314, 634
314, 954
314, 764
314, 444
314, 574
314, 894
827, 897
827, 837
827, 967
827, 907
827, 847
827, 977
827, 917
827, 857
827, 987
827, 927
827, 867
827, 997
827, 937
827, 877
827, 947
827, 887
827, 957
571, 641
571, 961
571, 771
571, 581
571, 901
571, 711
571, 841
571, 651
571, 971
571, 781
571, 591
571, 911
571, 721
571, 851
571, 981
571, 661
571, 791
571, 921
571, 601
571, 731
571, 861
571, 671
571, 991
571, 801
571, 611
571, 931
571, 741
571, 871
571, 681
571, 811
571, 941
571, 621
571, 751
571, 881
571, 691
571, 821
571, 631
571, 951
571, 761
571, 891
571, 701
571, 831
59, 129
59, 449
59, 769
59, 259
59, 579
59, 899
59, 69
59, 389
59, 709
59, 839
59, 199
59, 519
59, 649
59, 969
59, 329
59, 139
59, 459
59, 779
59, 589
59, 909
59, 269
59, 79
59, 399
59, 719
59, 849
59, 529
59, 209
59, 339
59, 659
59, 979
59, 789
59, 469
59, 149
59, 279
59, 599
59, 919
59, 729
59, 409
59, 89
59, 219
59, 539
59, 859
59, 989
59, 669
59, 349
59, 159
59, 479
59, 799
59, 929
59, 609
59, 289
59, 99
59, 419
59, 739
59, 869
59, 549
59, 229
59, 359
59, 679
59, 999
59, 809
59, 489
59, 169
59, 299
59, 619
59, 939
59, 749
59, 429
59, 109
59, 239
59, 559
59, 879
59, 689
59, 369
59, 179
59, 499
59, 819
59, 949
59, 629
59, 309
59, 119
59, 439
59, 759
59, 889
59, 569
59, 249
59, 379
59, 699
59, 829
59, 509
59, 189
59, 319
59, 639
59, 959
315, 385
315, 705
315, 515
315, 835
315, 325
315, 645
315, 965
315, 455
315, 775
315, 905
315, 585
315, 395
315, 715
315, 845
315, 525
315, 335
315, 975
315, 655
315, 785
315, 465
315, 595
315, 915
315, 725
315, 405
315, 535
315, 855
315, 985
315, 665
315, 345
315, 475
315, 795
315, 925
315, 605
315, 415
315, 735
315, 865
315, 545
315, 355
315, 675
315, 995
315, 805
315, 485
315, 615
315, 935
315, 745
315, 425
315, 555
315, 875
315, 685
315, 365
315, 495
315, 815
315, 945
315, 625
315, 435
315, 755
315, 885
315, 565
315, 375
315, 695
315, 825
315, 505
315, 635
315, 955
315, 765
315, 445
315, 575
315, 895
828, 898
828, 838
828, 968
828, 908
828, 848
828, 978
828, 918
828, 858
828, 988
828, 928
828, 868
828, 998
828, 938
828, 878
828, 948
828, 888
828, 958
572, 832
572, 642
572, 962
572, 772
572, 582
572, 902
572, 712
572, 842
572, 652
572, 972
572, 782
572, 592
572, 912
572, 722
572, 852
572, 982
572, 662
572, 792
572, 922
572, 602
572, 732
572, 862
572, 672
572, 992
572, 802
572, 612
572, 932
572, 742
572, 872
572, 682
572, 812
572, 942
572, 622
572, 752
572, 882
572, 692
572, 822
572, 632
572, 952
572, 762
572, 892
572, 702
60, 320
60, 640
60, 960
60, 130
60, 450
60, 770
60, 260
60, 580
60, 900
60, 710
60, 390
60, 70
60, 200
60, 520
60, 840
60, 970
60, 650
60, 330
60, 140
60, 460
60, 780
60, 910
60, 590
60, 270
60, 80
60, 400
60, 720
60, 850
60, 530
60, 210
60, 340
60, 660
60, 980
60, 790
60, 470
60, 150
60, 280
60, 600
60, 920
60, 730
60, 410
60, 90
60, 220
60, 540
60, 860
60, 990
60, 670
60, 350
60, 160
60, 480
60, 800
60, 930
60, 610
60, 290
60, 100
60, 420
60, 740
60, 870
60, 550
60, 230
60, 360
60, 680
60, 1000
60, 810
60, 490
60, 170
60, 300
60, 620
60, 940
60, 750
60, 430
60, 110
60, 240
60, 560
60, 880
60, 690
60, 370
60, 180
60, 500
60, 820
60, 950
60, 630
60, 310
60, 120
60, 440
60, 760
60, 890
60, 570
60, 250
60, 380
60, 700
60, 830
60, 510
60, 190
316, 576
316, 896
316, 386
316, 706
316, 516
316, 836
316, 326
316, 646
316, 966
316, 776
316, 456
316, 906
316, 586
316, 396
316, 716
316, 846
316, 526
316, 336
316, 656
316, 976
316, 786
316, 466
316, 596
316, 916
316, 726
316, 406
316, 536
316, 856
316, 986
316, 666
316, 346
316, 476
316, 796
316, 926
316, 606
316, 416
316, 736
316, 866
316, 546
316, 356
316, 676
316, 996
316, 806
316, 486
316, 616
316, 936
316, 746
316, 426
316, 556
316, 876
316, 686
316, 366
316, 496
316, 816
316, 946
316, 626
316, 436
316, 756
316, 886
316, 566
316, 376
316, 696
316, 826
316, 506
316, 636
316, 956
316, 766
316, 446
829, 899
829, 839
829, 969
829, 909
829, 849
829, 979
829, 919
829, 859
829, 989
829, 929
829, 869
829, 999
829, 939
829, 879
829, 949
829, 889
829, 959
573, 833
573, 643
573, 963
573, 773
573, 583
573, 903
573, 713
573, 843
573, 653
573, 973
573, 783
573, 593
573, 913
573, 723
573, 853
573, 983
573, 663
573, 793
573, 923
573, 603
573, 733
573, 863
573, 673
573, 993
573, 803
573, 613
573, 933
573, 743
573, 873
573, 683
573, 813
573, 943
573, 623
573, 753
573, 883
573, 693
573, 823
573, 633
573, 953
573, 763
573, 893
573, 703
61, 321
61, 641
61, 961
61, 131
61, 451
61, 771
61, 261
61, 581
61, 901
61, 711
61, 391
61, 71
61, 201
61, 521
61, 841
61, 971
61, 651
61, 331
61, 141
61, 461
61, 781
61, 911
61, 591
61, 271
61, 81
61, 401
61, 721
61, 851
61, 531
61, 211
61, 341
61, 661
61, 981
61, 791
61, 471
61, 151
61, 281
61, 601
61, 921
61, 731
61, 411
61, 91
61, 221
61, 541
61, 861
61, 991
61, 671
61, 351
61, 161
61, 481
61, 801
61, 931
61, 611
61, 291
61, 101
61, 421
61, 741
61, 871
61, 551
61, 231
61, 361
61, 681
61, 811
61, 491
61, 171
61, 301
61, 621
61, 941
61, 751
61, 431
61, 111
61, 241
61, 561
61, 881
61, 691
61, 371
61, 181
61, 501
61, 821
61, 951
61, 631
61, 311
61, 121
61, 441
61, 761
61, 891
61, 571
61, 251
61, 381
61, 701
61, 831
61, 511
61, 191
317, 577
317, 897
317, 387
317, 707
317, 517
317, 837
317, 327
317, 647
317, 967
317, 777
317, 457
317, 907
317, 587
317, 397
317, 717
317, 847
317, 527
317, 337
317, 657
317, 977
317, 787
317, 467
317, 597
317, 917
317, 727
317, 407
317, 537
317, 857
317, 987
317, 667
317, 347
317, 477
317, 797
317, 927
317, 607
317, 417
317, 737
317, 867
317, 547
317, 357
317, 677
317, 997
317, 807
317, 487
317, 617
317, 937
317, 747
317, 427
317, 557
317, 877
317, 687
317, 367
317, 497
317, 817
317, 947
317, 627
317, 437
317, 757
317, 887
317, 567
317, 377
317, 697
317, 827
317, 507
317, 637
317, 957
317, 767
317, 447
830, 960
830, 900
830, 840
830, 970
830, 910
830, 850
830, 980
830, 920
830, 860
830, 990
830, 930
830, 870
830, 1000
830, 940
830, 880
830, 950
830, 890
574, 704
574, 834
574, 644
574, 964
574, 774
574, 584
574, 904
574, 714
574, 844
574, 974
574, 654
574, 784
574, 594
574, 914
574, 724
574, 854
574, 984
574, 664
574, 794
574, 924
574, 604
574, 734
574, 864
574, 674
574, 994
574, 804
574, 614
574, 934
574, 744
574, 874
574, 684
574, 814
574, 944
574, 624
574, 754
574, 884
574, 694
574, 824
574, 634
574, 954
574, 764
574, 894
62, 192
62, 512
62, 832
62, 322
62, 642
62, 962
62, 132
62, 452
62, 772
62, 902
62, 262
62, 582
62, 712
62, 392
62, 72
62, 202
62, 842
62, 522
62, 972
62, 652
62, 332
62, 142
62, 462
62, 782
62, 912
62, 592
62, 272
62, 82
62, 402
62, 722
62, 852
62, 532
62, 212
62, 342
62, 662
62, 982
62, 792
62, 472
62, 152
62, 282
62, 602
62, 922
62, 732
62, 412
62, 92
62, 222
62, 542
62, 862
62, 992
62, 672
62, 352
62, 162
62, 482
62, 802
62, 932
62, 612
62, 292
62, 102
62, 422
62, 742
62, 872
62, 552
62, 232
62, 362
62, 682
62, 812
62, 492
62, 172
62, 302
62, 622
62, 942
62, 752
62, 432
62, 112
62, 242
62, 562
62, 882
62, 692
62, 372
62, 182
62, 502
62, 822
62, 952
62, 632
62, 312
62, 122
62, 442
62, 762
62, 892
62, 572
62, 252
62, 382
62, 702
318, 448
318, 768
318, 578
318, 898
318, 388
318, 708
318, 518
318, 838
318, 648
318, 968
318, 328
318, 458
318, 778
318, 588
318, 908
318, 398
318, 718
318, 848
318, 528
318, 338
318, 658
318, 978
318, 788
318, 468
318, 598
318, 918
318, 728
318, 408
318, 538
318, 858
318, 988
318, 668
318, 348
318, 478
318, 798
318, 928
318, 608
318, 418
318, 738
318, 868
318, 548
318, 358
318, 678
318, 998
318, 808
318, 488
318, 618
318, 938
318, 748
318, 428
318, 558
318, 878
318, 688
318, 368
318, 498
318, 818
318, 948
318, 628
318, 438
318, 758
318, 888
318, 568
318, 378
318, 698
318, 828
318, 508
318, 638
318, 958
831, 961
831, 901
831, 841
831, 971
831, 911
831, 851
831, 981
831, 921
831, 861
831, 991
831, 931
831, 871
831, 941
831, 881
831, 951
831, 891
575, 705
575, 835
575, 645
575, 965
575, 775
575, 585
575, 905
575, 715
575, 845
575, 975
575, 655
575, 785
575, 595
575, 915
575, 725
575, 855
575, 985
575, 665
575, 795
575, 925
575, 605
575, 735
575, 865
575, 675
575, 995
575, 805
575, 615
575, 935
575, 745
575, 875
575, 685
575, 815
575, 945
575, 625
575, 755
575, 885
575, 695
575, 825
575, 635
575, 955
575, 765
575, 895
63, 193
63, 513
63, 833
63, 323
63, 643
63, 963
63, 133
63, 453
63, 773
63, 903
63, 263
63, 583
63, 713
63, 393
63, 73
63, 203
63, 843
63, 523
63, 973
63, 653
63, 333
63, 143
63, 463
63, 783
63, 913
63, 593
63, 273
63, 83
63, 403
63, 723
63, 853
63, 533
63, 213
63, 343
63, 663
63, 983
63, 793
63, 473
63, 153
63, 283
63, 603
63, 923
63, 733
63, 413
63, 93
63, 223
63, 543
63, 863
63, 993
63, 673
63, 353
63, 163
63, 483
63, 803
63, 933
63, 613
63, 293
63, 103
63, 423
63, 743
63, 873
63, 553
63, 233
63, 363
63, 683
63, 813
63, 493
63, 173
63, 303
63, 623
63, 943
63, 753
63, 433
63, 113
63, 243
63, 563
63, 883
63, 693
63, 373
63, 183
63, 503
63, 823
63, 953
63, 633
63, 313
63, 123
63, 443
63, 763
63, 893
63, 573
63, 253
63, 383
63, 703
319, 449
319, 769
319, 579
319, 899
319, 389
319, 709
319, 519
319, 839
319, 649
319, 969
319, 329
319, 459
319, 779
319, 589
319, 909
319, 399
319, 719
319, 849
319, 529
319, 339
319, 659
319, 979
319, 789
319, 469
319, 599
319, 919
319, 729
319, 409
319, 539
319, 859
319, 989
319, 669
319, 349
319, 479
319, 799
319, 929
319, 609
319, 419
319, 739
319, 869
319, 549
319, 359
319, 679
319, 999
319, 809
319, 489
319, 619
319, 939
319, 749
319, 429
319, 559
319, 879
319, 689
319, 369
319, 499
319, 819
319, 949
319, 629
319, 439
319, 759
319, 889
319, 569
319, 379
319, 699
319, 829
319, 509
319, 639
319, 959
832, 962
832, 902
832, 842
832, 972
832, 912
832, 852
832, 982
832, 922
832, 862
832, 992
832, 932
832, 872
832, 942
832, 882
832, 952
832, 892
576, 896
576, 706
576, 836
576, 646
576, 966
576, 776
576, 586
576, 906
576, 716
576, 846
576, 656
576, 976
576, 786
576, 596
576, 916
576, 726
576, 856
576, 986
576, 666
576, 796
576, 926
576, 606
576, 736
576, 866
576, 676
576, 996
576, 806
576, 616
576, 936
576, 746
576, 876
576, 686
576, 816
576, 946
576, 626
576, 756
576, 886
576, 696
576, 826
576, 636
576, 956
576, 766
64, 384
64, 704
64, 194
64, 514
64, 834
64, 324
64, 644
64, 964
64, 774
64, 454
64, 134
64, 264
64, 584
64, 904
64, 714
64, 394
64, 74
64, 204
64, 524
64, 844
64, 654
64, 974
64, 334
64, 144
64, 464
64, 784
64, 914
64, 594
64, 274
64, 84
64, 404
64, 724
64, 854
64, 534
64, 214
64, 344
64, 664
64, 984
64, 794
64, 474
64, 154
64, 284
64, 604
64, 924
64, 734
64, 414
64, 94
64, 224
64, 544
64, 864
64, 994
64, 674
64, 354
64, 164
64, 484
64, 804
64, 934
64, 614
64, 294
64, 104
64, 424
64, 744
64, 874
64, 554
64, 234
64, 364
64, 684
64, 814
64, 494
64, 174
64, 304
64, 624
64, 944
64, 754
64, 434
64, 114
64, 244
64, 564
64, 884
64, 694
64, 374
64, 184
64, 504
64, 824
64, 954
64, 634
64, 314
64, 124
64, 444
64, 764
64, 894
64, 574
64, 254
320, 640
320, 960
320, 450
320, 770
320, 580
320, 900
320, 390
320, 710
320, 520
320, 840
320, 970
320, 650
320, 330
320, 460
320, 780
320, 910
320, 590
320, 400
320, 720
320, 850
320, 530
320, 340
320, 660
320, 980
320, 790
320, 470
320, 600
320, 920
320, 730
320, 410
320, 540
320, 860
320, 990
320, 670
320, 350
320, 480
320, 800
320, 930
320, 610
320, 420
320, 740
320, 870
320, 550
320, 360
320, 680
320, 1000
320, 810
320, 490
320, 620
320, 940
320, 750
320, 430
320, 560
320, 880
320, 690
320, 370
320, 500
320, 820
320, 950
320, 630
320, 440
320, 760
320, 890
320, 570
320, 380
320, 700
320, 830
320, 510
833, 963
833, 903
833, 843
833, 973
833, 913
833, 853
833, 983
833, 923
833, 863
833, 993
833, 933
833, 873
833, 943
833, 883
833, 953
833, 893
577, 897
577, 707
577, 837
577, 647
577, 967
577, 777
577, 587
577, 907
577, 717
577, 847
577, 657
577, 977
577, 787
577, 597
577, 917
577, 727
577, 857
577, 987
577, 667
577, 797
577, 927
577, 607
577, 737
577, 867
577, 677
577, 997
577, 807
577, 617
577, 937
577, 747
577, 877
577, 687
577, 817
577, 947
577, 627
577, 757
577, 887
577, 697
577, 827
577, 637
577, 957
577, 767
65, 385
65, 705
65, 195
65, 515
65, 835
65, 325
65, 645
65, 965
65, 775
65, 455
65, 135
65, 265
65, 585
65, 905
65, 715
65, 395
65, 75
65, 205
65, 525
65, 845
65, 655
65, 975
65, 335
65, 145
65, 465
65, 785
65, 915
65, 595
65, 275
65, 85
65, 405
65, 725
65, 855
65, 535
65, 215
65, 345
65, 665
65, 985
65, 795
65, 475
65, 155
65, 285
65, 605
65, 925
65, 735
65, 415
65, 95
65, 225
65, 545
65, 865
65, 995
65, 675
65, 355
65, 165
65, 485
65, 805
65, 935
65, 615
65, 295
65, 105
65, 425
65, 745
65, 875
65, 555
65, 235
65, 365
65, 685
65, 815
65, 495
65, 175
65, 305
65, 625
65, 945
65, 755
65, 435
65, 115
65, 245
65, 565
65, 885
65, 695
65, 375
65, 185
65, 505
65, 825
65, 955
65, 635
65, 315
65, 125
65, 445
65, 765
65, 895
65, 575
65, 255
321, 641
321, 961
321, 451
321, 771
321, 581
321, 901
321, 391
321, 711
321, 521
321, 841
321, 971
321, 651
321, 331
321, 461
321, 781
321, 911
321, 591
321, 401
321, 721
321, 851
321, 531
321, 341
321, 661
321, 981
321, 791
321, 471
321, 601
321, 921
321, 731
321, 411
321, 541
321, 861
321, 991
321, 671
321, 351
321, 481
321, 801
321, 931
321, 611
321, 421
321, 741
321, 871
321, 551
321, 361
321, 681
321, 811
321, 491
321, 621
321, 941
321, 751
321, 431
321, 561
321, 881
321, 691
321, 371
321, 501
321, 821
321, 951
321, 631
321, 441
321, 761
321, 891
321, 571
321, 381
321, 701
321, 831
321, 511
834, 964
834, 904
834, 844
834, 974
834, 914
834, 854
834, 984
834, 924
834, 864
834, 994
834, 934
834, 874
834, 944
834, 884
834, 954
834, 894
578, 768
578, 898
578, 708
578, 838
578, 648
578, 968
578, 778
578, 588
578, 908
578, 718
578, 848
578, 658
578, 978
578, 788
578, 598
578, 918
578, 728
578, 858
578, 988
578, 668
578, 798
578, 928
578, 608
578, 738
578, 868
578, 678
578, 998
578, 808
578, 618
578, 938
578, 748
578, 878
578, 688
578, 818
578, 948
578, 628
578, 758
578, 888
578, 698
578, 828
578, 638
578, 958
66, 256
66, 576
66, 896
66, 386
66, 706
66, 196
66, 516
66, 836
66, 966
66, 326
66, 646
66, 456
66, 776
66, 136
66, 266
66, 586
66, 906
66, 716
66, 396
66, 76
66, 206
66, 526
66, 846
66, 976
66, 656
66, 336
66, 146
66, 466
66, 786
66, 916
66, 596
66, 276
66, 86
66, 406
66, 726
66, 856
66, 536
66, 216
66, 346
66, 666
66, 986
66, 796
66, 476
66, 156
66, 286
66, 606
66, 926
66, 736
66, 416
66, 96
66, 226
66, 546
66, 866
66, 996
66, 676
66, 356
66, 166
66, 486
66, 806
66, 936
66, 616
66, 296
66, 106
66, 426
66, 746
66, 876
66, 556
66, 236
66, 366
66, 686
66, 816
66, 496
66, 176
66, 306
66, 626
66, 946
66, 756
66, 436
66, 116
66, 246
66, 566
66, 886
66, 696
66, 376
66, 186
66, 506
66, 826
66, 956
66, 636
66, 316
66, 126
66, 446
66, 766
322, 512
322, 832
322, 642
322, 962
322, 452
322, 772
322, 582
322, 902
322, 712
322, 392
322, 842
322, 522
322, 972
322, 652
322, 332
322, 462
322, 782
322, 912
322, 592
322, 402
322, 722
322, 852
322, 532
322, 342
322, 662
322, 982
322, 792
322, 472
322, 602
322, 922
322, 732
322, 412
322, 542
322, 862
322, 992
322, 672
322, 352
322, 482
322, 802
322, 932
322, 612
322, 422
322, 742
322, 872
322, 552
322, 362
322, 682
322, 812
322, 492
322, 622
322, 942
322, 752
322, 432
322, 562
322, 882
322, 692
322, 372
322, 502
322, 822
322, 952
322, 632
322, 442
322, 762
322, 892
322, 572
322, 382
322, 702
835, 965
835, 905
835, 845
835, 975
835, 915
835, 855
835, 985
835, 925
835, 865
835, 995
835, 935
835, 875
835, 945
835, 885
835, 955
835, 895
579, 769
579, 899
579, 709
579, 839
579, 649
579, 969
579, 779
579, 589
579, 909
579, 719
579, 849
579, 659
579, 979
579, 789
579, 599
579, 919
579, 729
579, 859
579, 989
579, 669
579, 799
579, 929
579, 609
579, 739
579, 869
579, 679
579, 999
579, 809
579, 619
579, 939
579, 749
579, 879
579, 689
579, 819
579, 949
579, 629
579, 759
579, 889
579, 699
579, 829
579, 639
579, 959
67, 257
67, 577
67, 897
67, 387
67, 707
67, 197
67, 517
67, 837
67, 967
67, 327
67, 647
67, 457
67, 777
67, 137
67, 267
67, 587
67, 907
67, 717
67, 397
67, 77
67, 207
67, 527
67, 847
67, 977
67, 657
67, 337
67, 147
67, 467
67, 787
67, 917
67, 597
67, 277
67, 87
67, 407
67, 727
67, 857
67, 537
67, 217
67, 347
67, 667
67, 987
67, 797
67, 477
67, 157
67, 287
67, 607
67, 927
67, 737
67, 417
67, 97
67, 227
67, 547
67, 867
67, 997
67, 677
67, 357
67, 167
67, 487
67, 807
67, 937
67, 617
67, 297
67, 107
67, 427
67, 747
67, 877
67, 557
67, 237
67, 367
67, 687
67, 817
67, 497
67, 177
67, 307
67, 627
67, 947
67, 757
67, 437
67, 117
67, 247
67, 567
67, 887
67, 697
67, 377
67, 187
67, 507
67, 827
67, 957
67, 637
67, 317
67, 127
67, 447
67, 767
323, 513
323, 833
323, 643
323, 963
323, 453
323, 773
323, 583
323, 903
323, 713
323, 393
323, 843
323, 523
323, 973
323, 653
323, 333
323, 463
323, 783
323, 913
323, 593
323, 403
323, 723
323, 853
323, 533
323, 343
323, 663
323, 983
323, 793
323, 473
323, 603
323, 923
323, 733
323, 413
323, 543
323, 863
323, 993
323, 673
323, 353
323, 483
323, 803
323, 933
323, 613
323, 423
323, 743
323, 873
323, 553
323, 363
323, 683
323, 813
323, 493
323, 623
323, 943
323, 753
323, 433
323, 563
323, 883
323, 693
323, 373
323, 503
323, 823
323, 953
323, 633
323, 443
323, 763
323, 893
323, 573
323, 383
323, 703
836, 896
836, 966
836, 906
836, 846
836, 976
836, 916
836, 856
836, 986
836, 926
836, 866
836, 996
836, 936
836, 876
836, 946
836, 886
836, 956
580, 640
580, 960
580, 770
580, 900
580, 710
580, 840
580, 650
580, 970
580, 780
580, 910
580, 590
580, 720
580, 850
580, 660
580, 980
580, 790
580, 600
580, 920
580, 730
580, 860
580, 990
580, 670
580, 800
580, 930
580, 610
580, 740
580, 870
580, 680
580, 1000
580, 810
580, 620
580, 940
580, 750
580, 880
580, 690
580, 820
580, 950
580, 630
580, 760
580, 890
580, 700
580, 830
68, 128
68, 448
68, 768
68, 258
68, 578
68, 898
68, 388
68, 708
68, 518
68, 198
68, 838
68, 328
68, 968
68, 648
68, 778
68, 458
68, 138
68, 268
68, 908
68, 588
68, 718
68, 398
68, 78
68, 208
68, 528
68, 848
68, 978
68, 658
68, 338
68, 148
68, 468
68, 788
68, 918
68, 598
68, 278
68, 88
68, 408
68, 728
68, 858
68, 538
68, 218
68, 348
68, 668
68, 988
68, 798
68, 478
68, 158
68, 288
68, 608
68, 928
68, 738
68, 418
68, 98
68, 228
68, 548
68, 868
68, 998
68, 678
68, 358
68, 168
68, 488
68, 808
68, 938
68, 618
68, 298
68, 108
68, 428
68, 748
68, 878
68, 558
68, 238
68, 368
68, 688
68, 818
68, 498
68, 178
68, 308
68, 628
68, 948
68, 758
68, 438
68, 118
68, 248
68, 568
68, 888
68, 698
68, 378
68, 188
68, 508
68, 828
68, 958
68, 638
68, 318
324, 384
324, 704
324, 514
324, 834
324, 644
324, 964
324, 454
324, 774
324, 584
324, 904
324, 714
324, 394
324, 524
324, 844
324, 654
324, 974
324, 334
324, 464
324, 784
324, 914
324, 594
324, 404
324, 724
324, 854
324, 534
324, 344
324, 664
324, 984
324, 794
324, 474
324, 604
324, 924
324, 734
324, 414
324, 544
324, 864
324, 994
324, 674
324, 354
324, 484
324, 804
324, 934
324, 614
324, 424
324, 744
324, 874
324, 554
324, 364
324, 684
324, 814
324, 494
324, 624
324, 944
324, 754
324, 434
324, 564
324, 884
324, 694
324, 374
324, 504
324, 824
324, 954
324, 634
324, 444
324, 764
324, 894
324, 574
837, 897
837, 967
837, 907
837, 847
837, 977
837, 917
837, 857
837, 987
837, 927
837, 867
837, 997
837, 937
837, 877
837, 947
837, 887
837, 957
581, 641
581, 961
581, 771
581, 901
581, 711
581, 841
581, 651
581, 971
581, 781
581, 911
581, 591
581, 721
581, 851
581, 661
581, 981
581, 791
581, 601
581, 921
581, 731
581, 861
581, 991
581, 671
581, 801
581, 931
581, 611
581, 741
581, 871
581, 681
581, 811
581, 621
581, 941
581, 751
581, 881
581, 691
581, 821
581, 951
581, 631
581, 761
581, 891
581, 701
581, 831
69, 129
69, 449
69, 769
69, 259
69, 579
69, 899
69, 389
69, 709
69, 519
69, 199
69, 839
69, 329
69, 969
69, 649
69, 779
69, 459
69, 139
69, 269
69, 909
69, 589
69, 719
69, 399
69, 79
69, 209
69, 529
69, 849
69, 979
69, 659
69, 339
69, 149
69, 469
69, 789
69, 919
69, 599
69, 279
69, 89
69, 409
69, 729
69, 859
69, 539
69, 219
69, 349
69, 669
69, 989
69, 799
69, 479
69, 159
69, 289
69, 609
69, 929
69, 739
69, 419
69, 99
69, 229
69, 549
69, 869
69, 999
69, 679
69, 359
69, 169
69, 489
69, 809
69, 939
69, 619
69, 299
69, 109
69, 429
69, 749
69, 879
69, 559
69, 239
69, 369
69, 689
69, 819
69, 499
69, 179
69, 309
69, 629
69, 949
69, 759
69, 439
69, 119
69, 249
69, 569
69, 889
69, 699
69, 379
69, 189
69, 509
69, 829
69, 959
69, 639
69, 319
325, 385
325, 705
325, 515
325, 835
325, 645
325, 965
325, 455
325, 775
325, 585
325, 905
325, 715
325, 395
325, 525
325, 845
325, 655
325, 975
325, 335
325, 465
325, 785
325, 915
325, 595
325, 405
325, 725
325, 855
325, 535
325, 345
325, 665
325, 985
325, 795
325, 475
325, 605
325, 925
325, 735
325, 415
325, 545
325, 865
325, 995
325, 675
325, 355
325, 485
325, 805
325, 935
325, 615
325, 425
325, 745
325, 875
325, 555
325, 365
325, 685
325, 815
325, 495
325, 625
325, 945
325, 755
325, 435
325, 565
325, 885
325, 695
325, 375
325, 505
325, 825
325, 955
325, 635
325, 445
325, 765
325, 895
325, 575
838, 898
838, 968
838, 908
838, 848
838, 978
838, 918
838, 858
838, 988
838, 928
838, 868
838, 998
838, 938
838, 878
838, 948
838, 888
838, 958
582, 832
582, 642
582, 962
582, 772
582, 902
582, 712
582, 842
582, 972
582, 652
582, 782
582, 912
582, 592
582, 722
582, 852
582, 662
582, 982
582, 792
582, 602
582, 922
582, 732
582, 862
582, 992
582, 672
582, 802
582, 932
582, 612
582, 742
582, 872
582, 682
582, 812
582, 622
582, 942
582, 752
582, 882
582, 692
582, 822
582, 952
582, 632
582, 762
582, 892
582, 702
70, 320
70, 640
70, 960
70, 130
70, 450
70, 770
70, 580
70, 900
70, 260
70, 390
70, 710
70, 840
70, 520
70, 200
70, 330
70, 650
70, 970
70, 780
70, 460
70, 140
70, 270
70, 590
70, 910
70, 720
70, 400
70, 80
70, 210
70, 530
70, 850
70, 980
70, 660
70, 340
70, 150
70, 470
70, 790
70, 920
70, 600
70, 280
70, 90
70, 410
70, 730
70, 860
70, 540
70, 220
70, 350
70, 670
70, 990
70, 800
70, 480
70, 160
70, 290
70, 610
70, 930
70, 740
70, 420
70, 100
70, 230
70, 550
70, 870
70, 1000
70, 680
70, 360
70, 170
70, 490
70, 810
70, 940
70, 620
70, 300
70, 110
70, 430
70, 750
70, 880
70, 560
70, 240
70, 370
70, 690
70, 820
70, 500
70, 180
70, 310
70, 630
70, 950
70, 760
70, 440
70, 120
70, 250
70, 570
70, 890
70, 700
70, 380
70, 190
70, 510
70, 830
326, 576
326, 896
326, 386
326, 706
326, 516
326, 836
326, 646
326, 966
326, 456
326, 776
326, 586
326, 906
326, 716
326, 396
326, 526
326, 846
326, 976
326, 656
326, 336
326, 466
326, 786
326, 916
326, 596
326, 406
326, 726
326, 856
326, 536
326, 346
326, 666
326, 986
326, 796
326, 476
326, 606
326, 926
326, 736
326, 416
326, 546
326, 866
326, 996
326, 676
326, 356
326, 486
326, 806
326, 936
326, 616
326, 426
326, 746
326, 876
326, 556
326, 366
326, 686
326, 816
326, 496
326, 626
326, 946
326, 756
326, 436
326, 566
326, 886
326, 696
326, 376
326, 506
326, 826
326, 956
326, 636
326, 446
326, 766
839, 899
839, 969
839, 909
839, 849
839, 979
839, 919
839, 859
839, 989
839, 929
839, 869
839, 999
839, 939
839, 879
839, 949
839, 889
839, 959
583, 833
583, 643
583, 963
583, 773
583, 903
583, 713
583, 843
583, 973
583, 653
583, 783
583, 913
583, 593
583, 723
583, 853
583, 663
583, 983
583, 793
583, 603
583, 923
583, 733
583, 863
583, 993
583, 673
583, 803
583, 933
583, 613
583, 743
583, 873
583, 683
583, 813
583, 623
583, 943
583, 753
583, 883
583, 693
583, 823
583, 953
583, 633
583, 763
583, 893
583, 703
71, 321
71, 641
71, 961
71, 131
71, 451
71, 771
71, 581
71, 901
71, 261
71, 391
71, 711
71, 841
71, 521
71, 201
71, 331
71, 651
71, 971
71, 781
71, 461
71, 141
71, 271
71, 591
71, 911
71, 721
71, 401
71, 81
71, 211
71, 531
71, 851
71, 981
71, 661
71, 341
71, 151
71, 471
71, 791
71, 921
71, 601
71, 281
71, 91
71, 411
71, 731
71, 861
71, 541
71, 221
71, 351
71, 671
71, 991
71, 801
71, 481
71, 161
71, 291
71, 611
71, 931
71, 741
71, 421
71, 101
71, 231
71, 551
71, 871
71, 681
71, 361
71, 171
71, 491
71, 811
71, 941
71, 621
71, 301
71, 111
71, 431
71, 751
71, 881
71, 561
71, 241
71, 371
71, 691
71, 821
71, 501
71, 181
71, 311
71, 631
71, 951
71, 761
71, 441
71, 121
71, 251
71, 571
71, 891
71, 701
71, 381
71, 191
71, 511
71, 831
327, 577
327, 897
327, 387
327, 707
327, 517
327, 837
327, 647
327, 967
327, 457
327, 777
327, 587
327, 907
327, 717
327, 397
327, 527
327, 847
327, 977
327, 657
327, 337
327, 467
327, 787
327, 917
327, 597
327, 407
327, 727
327, 857
327, 537
327, 347
327, 667
327, 987
327, 797
327, 477
327, 607
327, 927
327, 737
327, 417
327, 547
327, 867
327, 997
327, 677
327, 357
327, 487
327, 807
327, 937
327, 617
327, 427
327, 747
327, 877
327, 557
327, 367
327, 687
327, 817
327, 497
327, 627
327, 947
327, 757
327, 437
327, 567
327, 887
327, 697
327, 377
327, 507
327, 827
327, 957
327, 637
327, 447
327, 767
840, 960
840, 900
840, 970
840, 910
840, 850
840, 980
840, 920
840, 860
840, 990
840, 930
840, 870
840, 1000
840, 940
840, 880
840, 950
840, 890
584, 704
584, 834
584, 644
584, 964
584, 774
584, 904
584, 714
584, 844
584, 654
584, 974
584, 784
584, 914
584, 594
584, 724
584, 854
584, 664
584, 984
584, 794
584, 604
584, 924
584, 734
584, 864
584, 994
584, 674
584, 804
584, 934
584, 614
584, 744
584, 874
584, 684
584, 814
584, 624
584, 944
584, 754
584, 884
584, 694
584, 824
584, 954
584, 634
584, 764
584, 894
72, 192
72, 512
72, 832
72, 322
72, 642
72, 962
72, 452
72, 772
72, 132
72, 582
72, 262
72, 902
72, 392
72, 712
72, 522
72, 842
72, 202
72, 332
72, 652
72, 972
72, 782
72, 462
72, 142
72, 272
72, 592
72, 912
72, 722
72, 402
72, 82
72, 212
72, 532
72, 852
72, 982
72, 662
72, 342
72, 152
72, 472
72, 792
72, 922
72, 602
72, 282
72, 92
72, 412
72, 732
72, 862
72, 542
72, 222
72, 352
72, 672
72, 992
72, 802
72, 482
72, 162
72, 292
72, 612
72, 932
72, 742
72, 422
72, 102
72, 232
72, 552
72, 872
72, 682
72, 362
72, 172
72, 492
72, 812
72, 942
72, 622
72, 302
72, 112
72, 432
72, 752
72, 882
72, 562
72, 242
72, 372
72, 692
72, 822
72, 502
72, 182
72, 312
72, 632
72, 952
72, 762
72, 442
72, 122
72, 252
72, 572
72, 892
72, 702
72, 382
328, 448
328, 768
328, 578
328, 898
328, 388
328, 708
328, 518
328, 838
328, 968
328, 648
328, 778
328, 458
328, 908
328, 588
328, 718
328, 398
328, 528
328, 848
328, 978
328, 658
328, 338
328, 468
328, 788
328, 918
328, 598
328, 408
328, 728
328, 858
328, 538
328, 348
328, 668
328, 988
328, 798
328, 478
328, 608
328, 928
328, 738
328, 418
328, 548
328, 868
328, 998
328, 678
328, 358
328, 488
328, 808
328, 938
328, 618
328, 428
328, 748
328, 878
328, 558
328, 368
328, 688
328, 818
328, 498
328, 628
328, 948
328, 758
328, 438
328, 568
328, 888
328, 698
328, 378
328, 508
328, 828
328, 958
328, 638
841, 961
841, 901
841, 971
841, 911
841, 851
841, 981
841, 921
841, 861
841, 991
841, 931
841, 871
841, 941
841, 881
841, 951
841, 891
585, 705
585, 835
585, 645
585, 965
585, 775
585, 905
585, 715
585, 845
585, 655
585, 975
585, 785
585, 915
585, 595
585, 725
585, 855
585, 665
585, 985
585, 795
585, 605
585, 925
585, 735
585, 865
585, 995
585, 675
585, 805
585, 935
585, 615
585, 745
585, 875
585, 685
585, 815
585, 625
585, 945
585, 755
585, 885
585, 695
585, 825
585, 955
585, 635
585, 765
585, 895
73, 193
73, 513
73, 833
73, 323
73, 643
73, 963
73, 453
73, 773
73, 133
73, 583
73, 263
73, 903
73, 393
73, 713
73, 523
73, 843
73, 203
73, 333
73, 653
73, 973
73, 783
73, 463
73, 143
73, 273
73, 593
73, 913
73, 723
73, 403
73, 83
73, 213
73, 533
73, 853
73, 983
73, 663
73, 343
73, 153
73, 473
73, 793
73, 923
73, 603
73, 283
73, 93
73, 413
73, 733
73, 863
73, 543
73, 223
73, 353
73, 673
73, 993
73, 803
73, 483
73, 163
73, 293
73, 613
73, 933
73, 743
73, 423
73, 103
73, 233
73, 553
73, 873
73, 683
73, 363
73, 173
73, 493
73, 813
73, 943
73, 623
73, 303
73, 113
73, 433
73, 753
73, 883
73, 563
73, 243
73, 373
73, 693
73, 823
73, 503
73, 183
73, 313
73, 633
73, 953
73, 763
73, 443
73, 123
73, 253
73, 573
73, 893
73, 703
73, 383
329, 449
329, 769
329, 579
329, 899
329, 389
329, 709
329, 519
329, 839
329, 969
329, 649
329, 779
329, 459
329, 909
329, 589
329, 719
329, 399
329, 529
329, 849
329, 979
329, 659
329, 339
329, 469
329, 789
329, 919
329, 599
329, 409
329, 729
329, 859
329, 539
329, 349
329, 669
329, 989
329, 799
329, 479
329, 609
329, 929
329, 739
329, 419
329, 549
329, 869
329, 999
329, 679
329, 359
329, 489
329, 809
329, 939
329, 619
329, 429
329, 749
329, 879
329, 559
329, 369
329, 689
329, 819
329, 499
329, 629
329, 949
329, 759
329, 439
329, 569
329, 889
329, 699
329, 379
329, 509
329, 829
329, 959
329, 639
842, 962
842, 902
842, 972
842, 912
842, 852
842, 982
842, 922
842, 862
842, 992
842, 932
842, 872
842, 942
842, 882
842, 952
842, 892
586, 896
586, 706
586, 836
586, 646
586, 966
586, 776
586, 906
586, 716
586, 846
586, 976
586, 656
586, 786
586, 916
586, 596
586, 726
586, 856
586, 666
586, 986
586, 796
586, 606
586, 926
586, 736
586, 866
586, 996
586, 676
586, 806
586, 936
586, 616
586, 746
586, 876
586, 686
586, 816
586, 626
586, 946
586, 756
586, 886
586, 696
586, 826
586, 956
586, 636
586, 766
74, 384
74, 704
74, 194
74, 514
74, 834
74, 324
74, 644
74, 964
74, 134
74, 454
74, 774
74, 904
74, 584
74, 264
74, 394
74, 714
74, 844
74, 524
74, 204
74, 334
74, 974
74, 654
74, 784
74, 464
74, 144
74, 274
74, 594
74, 914
74, 724
74, 404
74, 84
74, 214
74, 534
74, 854
74, 984
74, 664
74, 344
74, 154
74, 474
74, 794
74, 924
74, 604
74, 284
74, 94
74, 414
74, 734
74, 864
74, 544
74, 224
74, 354
74, 674
74, 994
74, 804
74, 484
74, 164
74, 294
74, 614
74, 934
74, 744
74, 424
74, 104
74, 234
74, 554
74, 874
74, 684
74, 364
74, 174
74, 494
74, 814
74, 944
74, 624
74, 304
74, 114
74, 434
74, 754
74, 884
74, 564
74, 244
74, 374
74, 694
74, 824
74, 504
74, 184
74, 314
74, 634
74, 954
74, 764
74, 444
74, 124
74, 254
74, 574
74, 894
330, 640
330, 960
330, 450
330, 770
330, 580
330, 900
330, 390
330, 710
330, 840
330, 520
330, 650
330, 970
330, 780
330, 460
330, 590
330, 910
330, 720
330, 400
330, 530
330, 850
330, 980
330, 660
330, 340
330, 470
330, 790
330, 920
330, 600
330, 410
330, 730
330, 860
330, 540
330, 350
330, 670
330, 990
330, 800
330, 480
330, 610
330, 930
330, 740
330, 420
330, 550
330, 870
330, 1000
330, 680
330, 360
330, 490
330, 810
330, 940
330, 620
330, 430
330, 750
330, 880
330, 560
330, 370
330, 690
330, 820
330, 500
330, 630
330, 950
330, 760
330, 440
330, 570
330, 890
330, 700
330, 380
330, 510
330, 830
843, 963
843, 903
843, 973
843, 913
843, 853
843, 983
843, 923
843, 863
843, 993
843, 933
843, 873
843, 943
843, 883
843, 953
843, 893
587, 897
587, 707
587, 837
587, 647
587, 967
587, 777
587, 907
587, 717
587, 847
587, 977
587, 657
587, 787
587, 917
587, 597
587, 727
587, 857
587, 667
587, 987
587, 797
587, 607
587, 927
587, 737
587, 867
587, 997
587, 677
587, 807
587, 937
587, 617
587, 747
587, 877
587, 687
587, 817
587, 627
587, 947
587, 757
587, 887
587, 697
587, 827
587, 957
587, 637
587, 767
75, 385
75, 705
75, 195
75, 515
75, 835
75, 325
75, 645
75, 965
75, 135
75, 455
75, 775
75, 905
75, 585
75, 265
75, 395
75, 715
75, 845
75, 525
75, 205
75, 335
75, 975
75, 655
75, 785
75, 465
75, 145
75, 275
75, 595
75, 915
75, 725
75, 405
75, 85
75, 215
75, 535
75, 855
75, 985
75, 665
75, 345
75, 155
75, 475
75, 795
75, 925
75, 605
75, 285
75, 95
75, 415
75, 735
75, 865
75, 545
75, 225
75, 355
75, 675
75, 995
75, 805
75, 485
75, 165
75, 295
75, 615
75, 935
75, 745
75, 425
75, 105
75, 235
75, 555
75, 875
75, 685
75, 365
75, 175
75, 495
75, 815
75, 945
75, 625
75, 305
75, 115
75, 435
75, 755
75, 885
75, 565
75, 245
75, 375
75, 695
75, 825
75, 505
75, 185
75, 315
75, 635
75, 955
75, 765
75, 445
75, 125
75, 255
75, 575
75, 895
331, 641
331, 961
331, 451
331, 771
331, 581
331, 901
331, 391
331, 711
331, 841
331, 521
331, 651
331, 971
331, 781
331, 461
331, 591
331, 911
331, 721
331, 401
331, 531
331, 851
331, 981
331, 661
331, 341
331, 471
331, 791
331, 921
331, 601
331, 411
331, 731
331, 861
331, 541
331, 351
331, 671
331, 991
331, 801
331, 481
331, 611
331, 931
331, 741
331, 421
331, 551
331, 871
331, 681
331, 361
331, 491
331, 811
331, 941
331, 621
331, 431
331, 751
331, 881
331, 561
331, 371
331, 691
331, 821
331, 501
331, 631
331, 951
331, 761
331, 441
331, 571
331, 891
331, 701
331, 381
331, 511
331, 831
844, 964
844, 904
844, 974
844, 914
844, 854
844, 984
844, 924
844, 864
844, 994
844, 934
844, 874
844, 944
844, 884
844, 954
844, 894
588, 768
588, 898
588, 708
588, 838
588, 648
588, 968
588, 778
588, 908
588, 718
588, 848
588, 978
588, 658
588, 788
588, 918
588, 598
588, 728
588, 858
588, 668
588, 988
588, 798
588, 608
588, 928
588, 738
588, 868
588, 998
588, 678
588, 808
588, 938
588, 618
588, 748
588, 878
588, 688
588, 818
588, 628
588, 948
588, 758
588, 888
588, 698
588, 828
588, 958
588, 638
76, 256
76, 576
76, 896
76, 386
76, 706
76, 196
76, 516
76, 836
76, 646
76, 326
76, 966
76, 136
76, 776
76, 456
76, 906
76, 586
76, 266
76, 396
76, 716
76, 846
76, 526
76, 206
76, 336
76, 656
76, 976
76, 786
76, 466
76, 146
76, 276
76, 596
76, 916
76, 726
76, 406
76, 86
76, 216
76, 536
76, 856
76, 986
76, 666
76, 346
76, 156
76, 476
76, 796
76, 926
76, 606
76, 286
76, 96
76, 416
76, 736
76, 866
76, 546
76, 226
76, 356
76, 676
76, 996
76, 806
76, 486
76, 166
76, 296
76, 616
76, 936
76, 746
76, 426
76, 106
76, 236
76, 556
76, 876
76, 686
76, 366
76, 176
76, 496
76, 816
76, 946
76, 626
76, 306
76, 116
76, 436
76, 756
76, 886
76, 566
76, 246
76, 376
76, 696
76, 826
76, 506
76, 186
76, 316
76, 636
76, 956
76, 766
76, 446
76, 126
332, 512
332, 832
332, 642
332, 962
332, 452
332, 772
332, 582
332, 902
332, 392
332, 712
332, 522
332, 842
332, 652
332, 972
332, 782
332, 462
332, 592
332, 912
332, 722
332, 402
332, 532
332, 852
332, 982
332, 662
332, 342
332, 472
332, 792
332, 922
332, 602
332, 412
332, 732
332, 862
332, 542
332, 352
332, 672
332, 992
332, 802
332, 482
332, 612
332, 932
332, 742
332, 422
332, 552
332, 872
332, 682
332, 362
332, 492
332, 812
332, 942
332, 622
332, 432
332, 752
332, 882
332, 562
332, 372
332, 692
332, 822
332, 502
332, 632
332, 952
332, 762
332, 442
332, 572
332, 892
332, 702
332, 382
845, 965
845, 905
845, 975
845, 915
845, 855
845, 985
845, 925
845, 865
845, 995
845, 935
845, 875
845, 945
845, 885
845, 955
845, 895
589, 769
589, 899
589, 709
589, 839
589, 649
589, 969
589, 779
589, 909
589, 719
589, 849
589, 979
589, 659
589, 789
589, 919
589, 599
589, 729
589, 859
589, 669
589, 989
589, 799
589, 609
589, 929
589, 739
589, 869
589, 999
589, 679
589, 809
589, 939
589, 619
589, 749
589, 879
589, 689
589, 819
589, 629
589, 949
589, 759
589, 889
589, 699
589, 829
589, 959
589, 639
77, 257
77, 577
77, 897
77, 387
77, 707
77, 197
77, 517
77, 837
77, 647
77, 327
77, 967
77, 137
77, 777
77, 457
77, 907
77, 587
77, 267
77, 397
77, 717
77, 847
77, 527
77, 207
77, 337
77, 657
77, 977
77, 787
77, 467
77, 147
77, 277
77, 597
77, 917
77, 727
77, 407
77, 87
77, 217
77, 537
77, 857
77, 987
77, 667
77, 347
77, 157
77, 477
77, 797
77, 927
77, 607
77, 287
77, 97
77, 417
77, 737
77, 867
77, 547
77, 227
77, 357
77, 677
77, 997
77, 807
77, 487
77, 167
77, 297
77, 617
77, 937
77, 747
77, 427
77, 107
77, 237
77, 557
77, 877
77, 687
77, 367
77, 177
77, 497
77, 817
77, 947
77, 627
77, 307
77, 117
77, 437
77, 757
77, 887
77, 567
77, 247
77, 377
77, 697
77, 827
77, 507
77, 187
77, 317
77, 637
77, 957
77, 767
77, 447
77, 127
333, 513
333, 833
333, 643
333, 963
333, 453
333, 773
333, 583
333, 903
333, 393
333, 713
333, 523
333, 843
333, 653
333, 973
333, 783
333, 463
333, 593
333, 913
333, 723
333, 403
333, 533
333, 853
333, 983
333, 663
333, 343
333, 473
333, 793
333, 923
333, 603
333, 413
333, 733
333, 863
333, 543
333, 353
333, 673
333, 993
333, 803
333, 483
333, 613
333, 933
333, 743
333, 423
333, 553
333, 873
333, 683
333, 363
333, 493
333, 813
333, 943
333, 623
333, 433
333, 753
333, 883
333, 563
333, 373
333, 693
333, 823
333, 503
333, 633
333, 953
333, 763
333, 443
333, 573
333, 893
333, 703
333, 383
846, 896
846, 966
846, 906
846, 976
846, 916
846, 856
846, 986
846, 926
846, 866
846, 996
846, 936
846, 876
846, 946
846, 886
846, 956
590, 640
590, 960
590, 770
590, 900
590, 710
590, 840
590, 650
590, 970
590, 780
590, 910
590, 720
590, 850
590, 980
590, 660
590, 790
590, 920
590, 600
590, 730
590, 860
590, 670
590, 990
590, 800
590, 610
590, 930
590, 740
590, 870
590, 1000
590, 680
590, 810
590, 940
590, 620
590, 750
590, 880
590, 690
590, 820
590, 630
590, 950
590, 760
590, 890
590, 700
590, 830
78, 128
78, 448
78, 768
78, 258
78, 578
78, 898
78, 388
78, 708
78, 838
78, 198
78, 518
78, 648
78, 968
78, 328
78, 138
78, 458
78, 778
78, 588
78, 908
78, 268
78, 398
78, 718
78, 848
78, 528
78, 208
78, 338
78, 658
78, 978
78, 788
78, 468
78, 148
78, 278
78, 598
78, 918
78, 728
78, 408
78, 88
78, 218
78, 538
78, 858
78, 988
78, 668
78, 348
78, 158
78, 478
78, 798
78, 928
78, 608
78, 288
78, 98
78, 418
78, 738
78, 868
78, 548
78, 228
78, 358
78, 678
78, 998
78, 808
78, 488
78, 168
78, 298
78, 618
78, 938
78, 748
78, 428
78, 108
78, 238
78, 558
78, 878
78, 688
78, 368
78, 178
78, 498
78, 818
78, 948
78, 628
78, 308
78, 118
78, 438
78, 758
78, 888
78, 568
78, 248
78, 378
78, 698
78, 828
78, 508
78, 188
78, 318
78, 638
78, 958
334, 384
334, 704
334, 514
334, 834
334, 644
334, 964
334, 454
334, 774
334, 904
334, 584
334, 394
334, 714
334, 844
334, 524
334, 974
334, 654
334, 784
334, 464
334, 594
334, 914
334, 724
334, 404
334, 534
334, 854
334, 984
334, 664
334, 344
334, 474
334, 794
334, 924
334, 604
334, 414
334, 734
334, 864
334, 544
334, 354
334, 674
334, 994
334, 804
334, 484
334, 614
334, 934
334, 744
334, 424
334, 554
334, 874
334, 684
334, 364
334, 494
334, 814
334, 944
334, 624
334, 434
334, 754
334, 884
334, 564
334, 374
334, 694
334, 824
334, 504
334, 634
334, 954
334, 764
334, 444
334, 574
334, 894
847, 897
847, 967
847, 907
847, 977
847, 917
847, 857
847, 987
847, 927
847, 867
847, 997
847, 937
847, 877
847, 947
847, 887
847, 957
591, 641
591, 961
591, 771
591, 901
591, 711
591, 841
591, 651
591, 971
591, 781
591, 911
591, 721
591, 851
591, 981
591, 661
591, 791
591, 921
591, 601
591, 731
591, 861
591, 671
591, 991
591, 801
591, 611
591, 931
591, 741
591, 871
591, 681
591, 811
591, 941
591, 621
591, 751
591, 881
591, 691
591, 821
591, 631
591, 951
591, 761
591, 891
591, 701
591, 831
79, 129
79, 449
79, 769
79, 259
79, 579
79, 899
79, 389
79, 709
79, 839
79, 199
79, 519
79, 649
79, 969
79, 329
79, 139
79, 459
79, 779
79, 589
79, 909
79, 269
79, 399
79, 719
79, 849
79, 529
79, 209
79, 339
79, 659
79, 979
79, 789
79, 469
79, 149
79, 279
79, 599
79, 919
79, 729
79, 409
79, 89
79, 219
79, 539
79, 859
79, 989
79, 669
79, 349
79, 159
79, 479
79, 799
79, 929
79, 609
79, 289
79, 99
79, 419
79, 739
79, 869
79, 549
79, 229
79, 359
79, 679
79, 999
79, 809
79, 489
79, 169
79, 299
79, 619
79, 939
79, 749
79, 429
79, 109
79, 239
79, 559
79, 879
79, 689
79, 369
79, 179
79, 499
79, 819
79, 949
79, 629
79, 309
79, 119
79, 439
79, 759
79, 889
79, 569
79, 249
79, 379
79, 699
79, 829
79, 509
79, 189
79, 319
79, 639
79, 959
335, 385
335, 705
335, 515
335, 835
335, 645
335, 965
335, 455
335, 775
335, 905
335, 585
335, 395
335, 715
335, 845
335, 525
335, 975
335, 655
335, 785
335, 465
335, 595
335, 915
335, 725
335, 405
335, 535
335, 855
335, 985
335, 665
335, 345
335, 475
335, 795
335, 925
335, 605
335, 415
335, 735
335, 865
335, 545
335, 355
335, 675
335, 995
335, 805
335, 485
335, 615
335, 935
335, 745
335, 425
335, 555
335, 875
335, 685
335, 365
335, 495
335, 815
335, 945
335, 625
335, 435
335, 755
335, 885
335, 565
335, 375
335, 695
335, 825
335, 505
335, 635
335, 955
335, 765
335, 445
335, 575
335, 895
848, 898
848, 968
848, 908
848, 978
848, 918
848, 858
848, 988
848, 928
848, 868
848, 998
848, 938
848, 878
848, 948
848, 888
848, 958
592, 832
592, 642
592, 962
592, 772
592, 902
592, 712
592, 842
592, 652
592, 972
592, 782
592, 912
592, 722
592, 852
592, 982
592, 662
592, 792
592, 922
592, 602
592, 732
592, 862
592, 672
592, 992
592, 802
592, 612
592, 932
592, 742
592, 872
592, 682
592, 812
592, 942
592, 622
592, 752
592, 882
592, 692
592, 822
592, 632
592, 952
592, 762
592, 892
592, 702
80, 320
80, 640
80, 960
80, 130
80, 450
80, 770
80, 900
80, 260
80, 580
80, 710
80, 390
80, 200
80, 520
80, 840
80, 970
80, 650
80, 330
80, 140
80, 460
80, 780
80, 910
80, 590
80, 270
80, 400
80, 720
80, 850
80, 530
80, 210
80, 340
80, 660
80, 980
80, 790
80, 470
80, 150
80, 280
80, 600
80, 920
80, 730
80, 410
80, 90
80, 220
80, 540
80, 860
80, 990
80, 670
80, 350
80, 160
80, 480
80, 800
80, 930
80, 610
80, 290
80, 100
80, 420
80, 740
80, 870
80, 550
80, 230
80, 360
80, 680
80, 1000
80, 810
80, 490
80, 170
80, 300
80, 620
80, 940
80, 750
80, 430
80, 110
80, 240
80, 560
80, 880
80, 690
80, 370
80, 180
80, 500
80, 820
80, 950
80, 630
80, 310
80, 120
80, 440
80, 760
80, 890
80, 570
80, 250
80, 380
80, 700
80, 830
80, 510
80, 190
336, 576
336, 896
336, 386
336, 706
336, 516
336, 836
336, 646
336, 966
336, 776
336, 456
336, 906
336, 586
336, 396
336, 716
336, 846
336, 526
336, 656
336, 976
336, 786
336, 466
336, 596
336, 916
336, 726
336, 406
336, 536
336, 856
336, 986
336, 666
336, 346
336, 476
336, 796
336, 926
336, 606
336, 416
336, 736
336, 866
336, 546
336, 356
336, 676
336, 996
336, 806
336, 486
336, 616
336, 936
336, 746
336, 426
336, 556
336, 876
336, 686
336, 366
336, 496
336, 816
336, 946
336, 626
336, 436
336, 756
336, 886
336, 566
336, 376
336, 696
336, 826
336, 506
336, 636
336, 956
336, 766
336, 446
849, 899
849, 969
849, 909
849, 979
849, 919
849, 859
849, 989
849, 929
849, 869
849, 999
849, 939
849, 879
849, 949
849, 889
849, 959
593, 833
593, 643
593, 963
593, 773
593, 903
593, 713
593, 843
593, 653
593, 973
593, 783
593, 913
593, 723
593, 853
593, 983
593, 663
593, 793
593, 923
593, 603
593, 733
593, 863
593, 673
593, 993
593, 803
593, 613
593, 933
593, 743
593, 873
593, 683
593, 813
593, 943
593, 623
593, 753
593, 883
593, 693
593, 823
593, 633
593, 953
593, 763
593, 893
593, 703
81, 321
81, 641
81, 961
81, 131
81, 451
81, 771
81, 901
81, 261
81, 581
81, 711
81, 391
81, 201
81, 521
81, 841
81, 971
81, 651
81, 331
81, 141
81, 461
81, 781
81, 911
81, 591
81, 271
81, 401
81, 721
81, 851
81, 531
81, 211
81, 341
81, 661
81, 981
81, 791
81, 471
81, 151
81, 281
81, 601
81, 921
81, 731
81, 411
81, 91
81, 221
81, 541
81, 861
81, 991
81, 671
81, 351
81, 161
81, 481
81, 801
81, 931
81, 611
81, 291
81, 101
81, 421
81, 741
81, 871
81, 551
81, 231
81, 361
81, 681
81, 811
81, 491
81, 171
81, 301
81, 621
81, 941
81, 751
81, 431
81, 111
81, 241
81, 561
81, 881
81, 691
81, 371
81, 181
81, 501
81, 821
81, 951
81, 631
81, 311
81, 121
81, 441
81, 761
81, 891
81, 571
81, 251
81, 381
81, 701
81, 831
81, 511
81, 191
337, 577
337, 897
337, 387
337, 707
337, 517
337, 837
337, 647
337, 967
337, 777
337, 457
337, 907
337, 587
337, 397
337, 717
337, 847
337, 527
337, 657
337, 977
337, 787
337, 467
337, 597
337, 917
337, 727
337, 407
337, 537
337, 857
337, 987
337, 667
337, 347
337, 477
337, 797
337, 927
337, 607
337, 417
337, 737
337, 867
337, 547
337, 357
337, 677
337, 997
337, 807
337, 487
337, 617
337, 937
337, 747
337, 427
337, 557
337, 877
337, 687
337, 367
337, 497
337, 817
337, 947
337, 627
337, 437
337, 757
337, 887
337, 567
337, 377
337, 697
337, 827
337, 507
337, 637
337, 957
337, 767
337, 447
850, 960
850, 900
850, 970
850, 910
850, 980
850, 920
850, 860
850, 990
850, 930
850, 870
850, 1000
850, 940
850, 880
850, 950
850, 890
594, 704
594, 834
594, 644
594, 964
594, 774
594, 904
594, 714
594, 844
594, 974
594, 654
594, 784
594, 914
594, 724
594, 854
594, 984
594, 664
594, 794
594, 924
594, 604
594, 734
594, 864
594, 674
594, 994
594, 804
594, 614
594, 934
594, 744
594, 874
594, 684
594, 814
594, 944
594, 624
594, 754
594, 884
594, 694
594, 824
594, 634
594, 954
594, 764
594, 894
82, 192
82, 512
82, 832
82, 322
82, 642
82, 962
82, 772
82, 132
82, 452
82, 902
82, 262
82, 582
82, 712
82, 392
82, 202
82, 842
82, 522
82, 972
82, 652
82, 332
82, 142
82, 462
82, 782
82, 912
82, 592
82, 272
82, 402
82, 722
82, 852
82, 532
82, 212
82, 342
82, 662
82, 982
82, 792
82, 472
82, 152
82, 282
82, 602
82, 922
82, 732
82, 412
82, 92
82, 222
82, 542
82, 862
82, 992
82, 672
82, 352
82, 162
82, 482
82, 802
82, 932
82, 612
82, 292
82, 102
82, 422
82, 742
82, 872
82, 552
82, 232
82, 362
82, 682
82, 812
82, 492
82, 172
82, 302
82, 622
82, 942
82, 752
82, 432
82, 112
82, 242
82, 562
82, 882
82, 692
82, 372
82, 182
82, 502
82, 822
82, 952
82, 632
82, 312
82, 122
82, 442
82, 762
82, 892
82, 572
82, 252
82, 382
82, 702
338, 448
338, 768
338, 578
338, 898
338, 388
338, 708
338, 518
338, 838
338, 648
338, 968
338, 458
338, 778
338, 588
338, 908
338, 398
338, 718
338, 848
338, 528
338, 658
338, 978
338, 788
338, 468
338, 598
338, 918
338, 728
338, 408
338, 538
338, 858
338, 988
338, 668
338, 348
338, 478
338, 798
338, 928
338, 608
338, 418
338, 738
338, 868
338, 548
338, 358
338, 678
338, 998
338, 808
338, 488
338, 618
338, 938
338, 748
338, 428
338, 558
338, 878
338, 688
338, 368
338, 498
338, 818
338, 948
338, 628
338, 438
338, 758
338, 888
338, 568
338, 378
338, 698
338, 828
338, 508
338, 638
338, 958
851, 961
851, 901
851, 971
851, 911
851, 981
851, 921
851, 861
851, 991
851, 931
851, 871
851, 941
851, 881
851, 951
851, 891
595, 705
595, 835
595, 645
595, 965
595, 775
595, 905
595, 715
595, 845
595, 975
595, 655
595, 785
595, 915
595, 725
595, 855
595, 985
595, 665
595, 795
595, 925
595, 605
595, 735
595, 865
595, 675
595, 995
595, 805
595, 615
595, 935
595, 745
595, 875
595, 685
595, 815
595, 945
595, 625
595, 755
595, 885
595, 695
595, 825
595, 635
595, 955
595, 765
595, 895
83, 193
83, 513
83, 833
83, 323
83, 643
83, 963
83, 773
83, 133
83, 453
83, 903
83, 263
83, 583
83, 713
83, 393
83, 203
83, 843
83, 523
83, 973
83, 653
83, 333
83, 143
83, 463
83, 783
83, 913
83, 593
83, 273
83, 403
83, 723
83, 853
83, 533
83, 213
83, 343
83, 663
83, 983
83, 793
83, 473
83, 153
83, 283
83, 603
83, 923
83, 733
83, 413
83, 93
83, 223
83, 543
83, 863
83, 993
83, 673
83, 353
83, 163
83, 483
83, 803
83, 933
83, 613
83, 293
83, 103
83, 423
83, 743
83, 873
83, 553
83, 233
83, 363
83, 683
83, 813
83, 493
83, 173
83, 303
83, 623
83, 943
83, 753
83, 433
83, 113
83, 243
83, 563
83, 883
83, 693
83, 373
83, 183
83, 503
83, 823
83, 953
83, 633
83, 313
83, 123
83, 443
83, 763
83, 893
83, 573
83, 253
83, 383
83, 703
339, 449
339, 769
339, 579
339, 899
339, 389
339, 709
339, 519
339, 839
339, 649
339, 969
339, 459
339, 779
339, 589
339, 909
339, 399
339, 719
339, 849
339, 529
339, 659
339, 979
339, 789
339, 469
339, 599
339, 919
339, 729
339, 409
339, 539
339, 859
339, 989
339, 669
339, 349
339, 479
339, 799
339, 929
339, 609
339, 419
339, 739
339, 869
339, 549
339, 359
339, 679
339, 999
339, 809
339, 489
339, 619
339, 939
339, 749
339, 429
339, 559
339, 879
339, 689
339, 369
339, 499
339, 819
339, 949
339, 629
339, 439
339, 759
339, 889
339, 569
339, 379
339, 699
339, 829
339, 509
339, 639
339, 959
852, 962
852, 902
852, 972
852, 912
852, 982
852, 922
852, 862
852, 992
852, 932
852, 872
852, 942
852, 882
852, 952
852, 892
596, 896
596, 706
596, 836
596, 646
596, 966
596, 776
596, 906
596, 716
596, 846
596, 656
596, 976
596, 786
596, 916
596, 726
596, 856
596, 986
596, 666
596, 796
596, 926
596, 606
596, 736
596, 866
596, 676
596, 996
596, 806
596, 616
596, 936
596, 746
596, 876
596, 686
596, 816
596, 946
596, 626
596, 756
596, 886
596, 696
596, 826
596, 636
596, 956
596, 766
84, 384
84, 704
84, 194
84, 514
84, 834
84, 324
84, 644
84, 964
84, 774
84, 454
84, 134
84, 264
84, 584
84, 904
84, 714
84, 394
84, 204
84, 524
84, 844
84, 654
84, 974
84, 334
84, 144
84, 464
84, 784
84, 914
84, 594
84, 274
84, 404
84, 724
84, 854
84, 534
84, 214
84, 344
84, 664
84, 984
84, 794
84, 474
84, 154
84, 284
84, 604
84, 924
84, 734
84, 414
84, 94
84, 224
84, 544
84, 864
84, 994
84, 674
84, 354
84, 164
84, 484
84, 804
84, 934
84, 614
84, 294
84, 104
84, 424
84, 744
84, 874
84, 554
84, 234
84, 364
84, 684
84, 814
84, 494
84, 174
84, 304
84, 624
84, 944
84, 754
84, 434
84, 114
84, 244
84, 564
84, 884
84, 694
84, 374
84, 184
84, 504
84, 824
84, 954
84, 634
84, 314
84, 124
84, 444
84, 764
84, 894
84, 574
84, 254
340, 640
340, 960
340, 450
340, 770
340, 580
340, 900
340, 390
340, 710
340, 520
340, 840
340, 970
340, 650
340, 460
340, 780
340, 910
340, 590
340, 400
340, 720
340, 850
340, 530
340, 660
340, 980
340, 790
340, 470
340, 600
340, 920
340, 730
340, 410
340, 540
340, 860
340, 990
340, 670
340, 350
340, 480
340, 800
340, 930
340, 610
340, 420
340, 740
340, 870
340, 550
340, 360
340, 680
340, 1000
340, 810
340, 490
340, 620
340, 940
340, 750
340, 430
340, 560
340, 880
340, 690
340, 370
340, 500
340, 820
340, 950
340, 630
340, 440
340, 760
340, 890
340, 570
340, 380
340, 700
340, 830
340, 510
853, 963
853, 903
853, 973
853, 913
853, 983
853, 923
853, 863
853, 993
853, 933
853, 873
853, 943
853, 883
853, 953
853, 893
597, 897
597, 707
597, 837
597, 647
597, 967
597, 777
597, 907
597, 717
597, 847
597, 657
597, 977
597, 787
597, 917
597, 727
597, 857
597, 987
597, 667
597, 797
597, 927
597, 607
597, 737
597, 867
597, 677
597, 997
597, 807
597, 617
597, 937
597, 747
597, 877
597, 687
597, 817
597, 947
597, 627
597, 757
597, 887
597, 697
597, 827
597, 637
597, 957
597, 767
85, 385
85, 705
85, 195
85, 515
85, 835
85, 325
85, 645
85, 965
85, 775
85, 455
85, 135
85, 265
85, 585
85, 905
85, 715
85, 395
85, 205
85, 525
85, 845
85, 655
85, 975
85, 335
85, 145
85, 465
85, 785
85, 915
85, 595
85, 275
85, 405
85, 725
85, 855
85, 535
85, 215
85, 345
85, 665
85, 985
85, 795
85, 475
85, 155
85, 285
85, 605
85, 925
85, 735
85, 415
85, 95
85, 225
85, 545
85, 865
85, 995
85, 675
85, 355
85, 165
85, 485
85, 805
85, 935
85, 615
85, 295
85, 105
85, 425
85, 745
85, 875
85, 555
85, 235
85, 365
85, 685
85, 815
85, 495
85, 175
85, 305
85, 625
85, 945
85, 755
85, 435
85, 115
85, 245
85, 565
85, 885
85, 695
85, 375
85, 185
85, 505
85, 825
85, 955
85, 635
85, 315
85, 125
85, 445
85, 765
85, 895
85, 575
85, 255
341, 641
341, 961
341, 451
341, 771
341, 581
341, 901
341, 391
341, 711
341, 521
341, 841
341, 971
341, 651
341, 461
341, 781
341, 911
341, 591
341, 401
341, 721
341, 851
341, 531
341, 661
341, 981
341, 791
341, 471
341, 601
341, 921
341, 731
341, 411
341, 541
341, 861
341, 991
341, 671
341, 351
341, 481
341, 801
341, 931
341, 611
341, 421
341, 741
341, 871
341, 551
341, 361
341, 681
341, 811
341, 491
341, 621
341, 941
341, 751
341, 431
341, 561
341, 881
341, 691
341, 371
341, 501
341, 821
341, 951
341, 631
341, 441
341, 761
341, 891
341, 571
341, 381
341, 701
341, 831
341, 511
854, 964
854, 904
854, 974
854, 914
854, 984
854, 924
854, 864
854, 994
854, 934
854, 874
854, 944
854, 884
854, 954
854, 894
598, 768
598, 898
598, 708
598, 838
598, 648
598, 968
598, 778
598, 908
598, 718
598, 848
598, 658
598, 978
598, 788
598, 918
598, 728
598, 858
598, 988
598, 668
598, 798
598, 928
598, 608
598, 738
598, 868
598, 678
598, 998
598, 808
598, 618
598, 938
598, 748
598, 878
598, 688
598, 818
598, 948
598, 628
598, 758
598, 888
598, 698
598, 828
598, 638
598, 958
86, 256
86, 576
86, 896
86, 386
86, 706
86, 196
86, 516
86, 836
86, 966
86, 326
86, 646
86, 456
86, 776
86, 136
86, 266
86, 586
86, 906
86, 716
86, 396
86, 206
86, 526
86, 846
86, 976
86, 656
86, 336
86, 146
86, 466
86, 786
86, 916
86, 596
86, 276
86, 406
86, 726
86, 856
86, 536
86, 216
86, 346
86, 666
86, 986
86, 796
86, 476
86, 156
86, 286
86, 606
86, 926
86, 736
86, 416
86, 96
86, 226
86, 546
86, 866
86, 996
86, 676
86, 356
86, 166
86, 486
86, 806
86, 936
86, 616
86, 296
86, 106
86, 426
86, 746
86, 876
86, 556
86, 236
86, 366
86, 686
86, 816
86, 496
86, 176
86, 306
86, 626
86, 946
86, 756
86, 436
86, 116
86, 246
86, 566
86, 886
86, 696
86, 376
86, 186
86, 506
86, 826
86, 956
86, 636
86, 316
86, 126
86, 446
86, 766
342, 512
342, 832
342, 642
342, 962
342, 452
342, 772
342, 582
342, 902
342, 712
342, 392
342, 842
342, 522
342, 972
342, 652
342, 462
342, 782
342, 912
342, 592
342, 402
342, 722
342, 852
342, 532
342, 662
342, 982
342, 792
342, 472
342, 602
342, 922
342, 732
342, 412
342, 542
342, 862
342, 992
342, 672
342, 352
342, 482
342, 802
342, 932
342, 612
342, 422
342, 742
342, 872
342, 552
342, 362
342, 682
342, 812
342, 492
342, 622
342, 942
342, 752
342, 432
342, 562
342, 882
342, 692
342, 372
342, 502
342, 822
342, 952
342, 632
342, 442
342, 762
342, 892
342, 572
342, 382
342, 702
855, 965
855, 905
855, 975
855, 915
855, 985
855, 925
855, 865
855, 995
855, 935
855, 875
855, 945
855, 885
855, 955
855, 895
599, 769
599, 899
599, 709
599, 839
599, 649
599, 969
599, 779
599, 909
599, 719
599, 849
599, 659
599, 979
599, 789
599, 919
599, 729
599, 859
599, 989
599, 669
599, 799
599, 929
599, 609
599, 739
599, 869
599, 679
599, 999
599, 809
599, 619
599, 939
599, 749
599, 879
599, 689
599, 819
599, 949
599, 629
599, 759
599, 889
599, 699
599, 829
599, 639
599, 959
87, 257
87, 577
87, 897
87, 387
87, 707
87, 197
87, 517
87, 837
87, 967
87, 327
87, 647
87, 457
87, 777
87, 137
87, 267
87, 587
87, 907
87, 717
87, 397
87, 207
87, 527
87, 847
87, 977
87, 657
87, 337
87, 147
87, 467
87, 787
87, 917
87, 597
87, 277
87, 407
87, 727
87, 857
87, 537
87, 217
87, 347
87, 667
87, 987
87, 797
87, 477
87, 157
87, 287
87, 607
87, 927
87, 737
87, 417
87, 97
87, 227
87, 547
87, 867
87, 997
87, 677
87, 357
87, 167
87, 487
87, 807
87, 937
87, 617
87, 297
87, 107
87, 427
87, 747
87, 877
87, 557
87, 237
87, 367
87, 687
87, 817
87, 497
87, 177
87, 307
87, 627
87, 947
87, 757
87, 437
87, 117
87, 247
87, 567
87, 887
87, 697
87, 377
87, 187
87, 507
87, 827
87, 957
87, 637
87, 317
87, 127
87, 447
87, 767
343, 513
343, 833
343, 643
343, 963
343, 453
343, 773
343, 583
343, 903
343, 713
343, 393
343, 843
343, 523
343, 973
343, 653
343, 463
343, 783
343, 913
343, 593
343, 403
343, 723
343, 853
343, 533
343, 663
343, 983
343, 793
343, 473
343, 603
343, 923
343, 733
343, 413
343, 543
343, 863
343, 993
343, 673
343, 353
343, 483
343, 803
343, 933
343, 613
343, 423
343, 743
343, 873
343, 553
343, 363
343, 683
343, 813
343, 493
343, 623
343, 943
343, 753
343, 433
343, 563
343, 883
343, 693
343, 373
343, 503
343, 823
343, 953
343, 633
343, 443
343, 763
343, 893
343, 573
343, 383
343, 703
856, 896
856, 966
856, 906
856, 976
856, 916
856, 986
856, 926
856, 866
856, 996
856, 936
856, 876
856, 946
856, 886
856, 956
600, 640
600, 960
600, 770
600, 900
600, 710
600, 840
600, 650
600, 970
600, 780
600, 910
600, 720
600, 850
600, 660
600, 980
600, 790
600, 920
600, 730
600, 860
600, 990
600, 670
600, 800
600, 930
600, 610
600, 740
600, 870
600, 680
600, 1000
600, 810
600, 620
600, 940
600, 750
600, 880
600, 690
600, 820
600, 950
600, 630
600, 760
600, 890
600, 700
600, 830
88, 128
88, 448
88, 768
88, 258
88, 578
88, 898
88, 388
88, 708
88, 518
88, 198
88, 838
88, 328
88, 968
88, 648
88, 778
88, 458
88, 138
88, 268
88, 908
88, 588
88, 718
88, 398
88, 208
88, 528
88, 848
88, 978
88, 658
88, 338
88, 148
88, 468
88, 788
88, 918
88, 598
88, 278
88, 408
88, 728
88, 858
88, 538
88, 218
88, 348
88, 668
88, 988
88, 798
88, 478
88, 158
88, 288
88, 608
88, 928
88, 738
88, 418
88, 98
88, 228
88, 548
88, 868
88, 998
88, 678
88, 358
88, 168
88, 488
88, 808
88, 938
88, 618
88, 298
88, 108
88, 428
88, 748
88, 878
88, 558
88, 238
88, 368
88, 688
88, 818
88, 498
88, 178
88, 308
88, 628
88, 948
88, 758
88, 438
88, 118
88, 248
88, 568
88, 888
88, 698
88, 378
88, 188
88, 508
88, 828
88, 958
88, 638
88, 318
344, 384
344, 704
344, 514
344, 834
344, 644
344, 964
344, 454
344, 774
344, 584
344, 904
344, 714
344, 394
344, 524
344, 844
344, 654
344, 974
344, 464
344, 784
344, 914
344, 594
344, 404
344, 724
344, 854
344, 534
344, 664
344, 984
344, 794
344, 474
344, 604
344, 924
344, 734
344, 414
344, 544
344, 864
344, 994
344, 674
344, 354
344, 484
344, 804
344, 934
344, 614
344, 424
344, 744
344, 874
344, 554
344, 364
344, 684
344, 814
344, 494
344, 624
344, 944
344, 754
344, 434
344, 564
344, 884
344, 694
344, 374
344, 504
344, 824
344, 954
344, 634
344, 444
344, 764
344, 894
344, 574
857, 897
857, 967
857, 907
857, 977
857, 917
857, 987
857, 927
857, 867
857, 997
857, 937
857, 877
857, 947
857, 887
857, 957
601, 641
601, 961
601, 771
601, 901
601, 711
601, 841
601, 651
601, 971
601, 781
601, 911
601, 721
601, 851
601, 661
601, 981
601, 791
601, 921
601, 731
601, 861
601, 991
601, 671
601, 801
601, 931
601, 611
601, 741
601, 871
601, 681
601, 811
601, 621
601, 941
601, 751
601, 881
601, 691
601, 821
601, 951
601, 631
601, 761
601, 891
601, 701
601, 831
89, 129
89, 449
89, 769
89, 259
89, 579
89, 899
89, 389
89, 709
89, 519
89, 199
89, 839
89, 329
89, 969
89, 649
89, 779
89, 459
89, 139
89, 269
89, 909
89, 589
89, 719
89, 399
89, 209
89, 529
89, 849
89, 979
89, 659
89, 339
89, 149
89, 469
89, 789
89, 919
89, 599
89, 279
89, 409
89, 729
89, 859
89, 539
89, 219
89, 349
89, 669
89, 989
89, 799
89, 479
89, 159
89, 289
89, 609
89, 929
89, 739
89, 419
89, 99
89, 229
89, 549
89, 869
89, 999
89, 679
89, 359
89, 169
89, 489
89, 809
89, 939
89, 619
89, 299
89, 109
89, 429
89, 749
89, 879
89, 559
89, 239
89, 369
89, 689
89, 819
89, 499
89, 179
89, 309
89, 629
89, 949
89, 759
89, 439
89, 119
89, 249
89, 569
89, 889
89, 699
89, 379
89, 189
89, 509
89, 829
89, 959
89, 639
89, 319
345, 385
345, 705
345, 515
345, 835
345, 645
345, 965
345, 455
345, 775
345, 585
345, 905
345, 715
345, 395
345, 525
345, 845
345, 655
345, 975
345, 465
345, 785
345, 915
345, 595
345, 405
345, 725
345, 855
345, 535
345, 665
345, 985
345, 795
345, 475
345, 605
345, 925
345, 735
345, 415
345, 545
345, 865
345, 995
345, 675
345, 355
345, 485
345, 805
345, 935
345, 615
345, 425
345, 745
345, 875
345, 555
345, 365
345, 685
345, 815
345, 495
345, 625
345, 945
345, 755
345, 435
345, 565
345, 885
345, 695
345, 375
345, 505
345, 825
345, 955
345, 635
345, 445
345, 765
345, 895
345, 575
858, 898
858, 968
858, 908
858, 978
858, 918
858, 988
858, 928
858, 868
858, 998
858, 938
858, 878
858, 948
858, 888
858, 958
602, 832
602, 642
602, 962
602, 772
602, 902
602, 712
602, 842
602, 972
602, 652
602, 782
602, 912
602, 722
602, 852
602, 662
602, 982
602, 792
602, 922
602, 732
602, 862
602, 992
602, 672
602, 802
602, 932
602, 612
602, 742
602, 872
602, 682
602, 812
602, 622
602, 942
602, 752
602, 882
602, 692
602, 822
602, 952
602, 632
602, 762
602, 892
602, 702
90, 320
90, 640
90, 960
90, 130
90, 450
90, 770
90, 260
90, 580
90, 900
90, 390
90, 710
90, 840
90, 520
90, 200
90, 330
90, 650
90, 970
90, 780
90, 460
90, 140
90, 270
90, 590
90, 910
90, 720
90, 400
90, 210
90, 530
90, 850
90, 980
90, 660
90, 340
90, 150
90, 470
90, 790
90, 920
90, 600
90, 280
90, 410
90, 730
90, 860
90, 540
90, 220
90, 350
90, 670
90, 990
90, 800
90, 480
90, 160
90, 290
90, 610
90, 930
90, 740
90, 420
90, 100
90, 230
90, 550
90, 870
90, 1000
90, 680
90, 360
90, 170
90, 490
90, 810
90, 940
90, 620
90, 300
90, 110
90, 430
90, 750
90, 880
90, 560
90, 240
90, 370
90, 690
90, 820
90, 500
90, 180
90, 310
90, 630
90, 950
90, 760
90, 440
90, 120
90, 250
90, 570
90, 890
90, 700
90, 380
90, 190
90, 510
90, 830
346, 576
346, 896
346, 386
346, 706
346, 516
346, 836
346, 646
346, 966
346, 456
346, 776
346, 586
346, 906
346, 716
346, 396
346, 526
346, 846
346, 976
346, 656
346, 466
346, 786
346, 916
346, 596
346, 406
346, 726
346, 856
346, 536
346, 666
346, 986
346, 796
346, 476
346, 606
346, 926
346, 736
346, 416
346, 546
346, 866
346, 996
346, 676
346, 356
346, 486
346, 806
346, 936
346, 616
346, 426
346, 746
346, 876
346, 556
346, 366
346, 686
346, 816
346, 496
346, 626
346, 946
346, 756
346, 436
346, 566
346, 886
346, 696
346, 376
346, 506
346, 826
346, 956
346, 636
346, 446
346, 766
859, 899
859, 969
859, 909
859, 979
859, 919
859, 989
859, 929
859, 869
859, 999
859, 939
859, 879
859, 949
859, 889
859, 959
603, 833
603, 643
603, 963
603, 773
603, 903
603, 713
603, 843
603, 973
603, 653
603, 783
603, 913
603, 723
603, 853
603, 663
603, 983
603, 793
603, 923
603, 733
603, 863
603, 993
603, 673
603, 803
603, 933
603, 613
603, 743
603, 873
603, 683
603, 813
603, 623
603, 943
603, 753
603, 883
603, 693
603, 823
603, 953
603, 633
603, 763
603, 893
603, 703
91, 321
91, 641
91, 961
91, 131
91, 451
91, 771
91, 261
91, 581
91, 901
91, 391
91, 711
91, 841
91, 521
91, 201
91, 331
91, 651
91, 971
91, 781
91, 461
91, 141
91, 271
91, 591
91, 911
91, 721
91, 401
91, 211
91, 531
91, 851
91, 981
91, 661
91, 341
91, 151
91, 471
91, 791
91, 921
91, 601
91, 281
91, 411
91, 731
91, 861
91, 541
91, 221
91, 351
91, 671
91, 991
91, 801
91, 481
91, 161
91, 291
91, 611
91, 931
91, 741
91, 421
91, 101
91, 231
91, 551
91, 871
91, 681
91, 361
91, 171
91, 491
91, 811
91, 941
91, 621
91, 301
91, 111
91, 431
91, 751
91, 881
91, 561
91, 241
91, 371
91, 691
91, 821
91, 501
91, 181
91, 311
91, 631
91, 951
91, 761
91, 441
91, 121
91, 251
91, 571
91, 891
91, 701
91, 381
91, 191
91, 511
91, 831
347, 577
347, 897
347, 387
347, 707
347, 517
347, 837
347, 647
347, 967
347, 457
347, 777
347, 587
347, 907
347, 717
347, 397
347, 527
347, 847
347, 977
347, 657
347, 467
347, 787
347, 917
347, 597
347, 407
347, 727
347, 857
347, 537
347, 667
347, 987
347, 797
347, 477
347, 607
347, 927
347, 737
347, 417
347, 547
347, 867
347, 997
347, 677
347, 357
347, 487
347, 807
347, 937
347, 617
347, 427
347, 747
347, 877
347, 557
347, 367
347, 687
347, 817
347, 497
347, 627
347, 947
347, 757
347, 437
347, 567
347, 887
347, 697
347, 377
347, 507
347, 827
347, 957
347, 637
347, 447
347, 767
860, 960
860, 900
860, 970
860, 910
860, 980
860, 920
860, 990
860, 930
860, 870
860, 1000
860, 940
860, 880
860, 950
860, 890
604, 704
604, 834
604, 644
604, 964
604, 774
604, 904
604, 714
604, 844
604, 654
604, 974
604, 784
604, 914
604, 724
604, 854
604, 664
604, 984
604, 794
604, 924
604, 734
604, 864
604, 994
604, 674
604, 804
604, 934
604, 614
604, 744
604, 874
604, 684
604, 814
604, 624
604, 944
604, 754
604, 884
604, 694
604, 824
604, 954
604, 634
604, 764
604, 894
92, 192
92, 512
92, 832
92, 322
92, 642
92, 962
92, 132
92, 452
92, 772
92, 582
92, 262
92, 902
92, 392
92, 712
92, 522
92, 842
92, 202
92, 332
92, 652
92, 972
92, 782
92, 462
92, 142
92, 272
92, 592
92, 912
92, 722
92, 402
92, 212
92, 532
92, 852
92, 982
92, 662
92, 342
92, 152
92, 472
92, 792
92, 922
92, 602
92, 282
92, 412
92, 732
92, 862
92, 542
92, 222
92, 352
92, 672
92, 992
92, 802
92, 482
92, 162
92, 292
92, 612
92, 932
92, 742
92, 422
92, 102
92, 232
92, 552
92, 872
92, 682
92, 362
92, 172
92, 492
92, 812
92, 942
92, 622
92, 302
92, 112
92, 432
92, 752
92, 882
92, 562
92, 242
92, 372
92, 692
92, 822
92, 502
92, 182
92, 312
92, 632
92, 952
92, 762
92, 442
92, 122
92, 252
92, 572
92, 892
92, 702
92, 382
348, 448
348, 768
348, 578
348, 898
348, 388
348, 708
348, 518
348, 838
348, 968
348, 648
348, 778
348, 458
348, 908
348, 588
348, 718
348, 398
348, 528
348, 848
348, 978
348, 658
348, 468
348, 788
348, 918
348, 598
348, 408
348, 728
348, 858
348, 538
348, 668
348, 988
348, 798
348, 478
348, 608
348, 928
348, 738
348, 418
348, 548
348, 868
348, 998
348, 678
348, 358
348, 488
348, 808
348, 938
348, 618
348, 428
348, 748
348, 878
348, 558
348, 368
348, 688
348, 818
348, 498
348, 628
348, 948
348, 758
348, 438
348, 568
348, 888
348, 698
348, 378
348, 508
348, 828
348, 958
348, 638
861, 961
861, 901
861, 971
861, 911
861, 981
861, 921
861, 991
861, 931
861, 871
861, 941
861, 881
861, 951
861, 891
605, 705
605, 835
605, 645
605, 965
605, 775
605, 905
605, 715
605, 845
605, 655
605, 975
605, 785
605, 915
605, 725
605, 855
605, 665
605, 985
605, 795
605, 925
605, 735
605, 865
605, 995
605, 675
605, 805
605, 935
605, 615
605, 745
605, 875
605, 685
605, 815
605, 625
605, 945
605, 755
605, 885
605, 695
605, 825
605, 955
605, 635
605, 765
605, 895
93, 193
93, 513
93, 833
93, 323
93, 643
93, 963
93, 133
93, 453
93, 773
93, 583
93, 263
93, 903
93, 393
93, 713
93, 523
93, 843
93, 203
93, 333
93, 653
93, 973
93, 783
93, 463
93, 143
93, 273
93, 593
93, 913
93, 723
93, 403
93, 213
93, 533
93, 853
93, 983
93, 663
93, 343
93, 153
93, 473
93, 793
93, 923
93, 603
93, 283
93, 413
93, 733
93, 863
93, 543
93, 223
93, 353
93, 673
93, 993
93, 803
93, 483
93, 163
93, 293
93, 613
93, 933
93, 743
93, 423
93, 103
93, 233
93, 553
93, 873
93, 683
93, 363
93, 173
93, 493
93, 813
93, 943
93, 623
93, 303
93, 113
93, 433
93, 753
93, 883
93, 563
93, 243
93, 373
93, 693
93, 823
93, 503
93, 183
93, 313
93, 633
93, 953
93, 763
93, 443
93, 123
93, 253
93, 573
93, 893
93, 703
93, 383
349, 449
349, 769
349, 579
349, 899
349, 389
349, 709
349, 519
349, 839
349, 969
349, 649
349, 779
349, 459
349, 909
349, 589
349, 719
349, 399
349, 529
349, 849
349, 979
349, 659
349, 469
349, 789
349, 919
349, 599
349, 409
349, 729
349, 859
349, 539
349, 669
349, 989
349, 799
349, 479
349, 609
349, 929
349, 739
349, 419
349, 549
349, 869
349, 999
349, 679
349, 359
349, 489
349, 809
349, 939
349, 619
349, 429
349, 749
349, 879
349, 559
349, 369
349, 689
349, 819
349, 499
349, 629
349, 949
349, 759
349, 439
349, 569
349, 889
349, 699
349, 379
349, 509
349, 829
349, 959
349, 639
862, 962
862, 902
862, 972
862, 912
862, 982
862, 922
862, 992
862, 932
862, 872
862, 942
862, 882
862, 952
862, 892
606, 896
606, 706
606, 836
606, 646
606, 966
606, 776
606, 906
606, 716
606, 846
606, 976
606, 656
606, 786
606, 916
606, 726
606, 856
606, 666
606, 986
606, 796
606, 926
606, 736
606, 866
606, 996
606, 676
606, 806
606, 936
606, 616
606, 746
606, 876
606, 686
606, 816
606, 626
606, 946
606, 756
606, 886
606, 696
606, 826
606, 956
606, 636
606, 766
94, 384
94, 704
94, 194
94, 514
94, 834
94, 324
94, 644
94, 964
94, 134
94, 454
94, 774
94, 904
94, 584
94, 264
94, 394
94, 714
94, 844
94, 524
94, 204
94, 334
94, 974
94, 654
94, 784
94, 464
94, 144
94, 274
94, 594
94, 914
94, 724
94, 404
94, 214
94, 534
94, 854
94, 984
94, 664
94, 344
94, 154
94, 474
94, 794
94, 924
94, 604
94, 284
94, 414
94, 734
94, 864
94, 544
94, 224
94, 354
94, 674
94, 994
94, 804
94, 484
94, 164
94, 294
94, 614
94, 934
94, 744
94, 424
94, 104
94, 234
94, 554
94, 874
94, 684
94, 364
94, 174
94, 494
94, 814
94, 944
94, 624
94, 304
94, 114
94, 434
94, 754
94, 884
94, 564
94, 244
94, 374
94, 694
94, 824
94, 504
94, 184
94, 314
94, 634
94, 954
94, 764
94, 444
94, 124
94, 254
94, 574
94, 894
350, 640
350, 960
350, 450
350, 770
350, 580
350, 900
350, 390
350, 710
350, 840
350, 520
350, 650
350, 970
350, 780
350, 460
350, 590
350, 910
350, 720
350, 400
350, 530
350, 850
350, 980
350, 660
350, 470
350, 790
350, 920
350, 600
350, 410
350, 730
350, 860
350, 540
350, 670
350, 990
350, 800
350, 480
350, 610
350, 930
350, 740
350, 420
350, 550
350, 870
350, 1000
350, 680
350, 360
350, 490
350, 810
350, 940
350, 620
350, 430
350, 750
350, 880
350, 560
350, 370
350, 690
350, 820
350, 500
350, 630
350, 950
350, 760
350, 440
350, 570
350, 890
350, 700
350, 380
350, 510
350, 830
863, 963
863, 903
863, 973
863, 913
863, 983
863, 923
863, 993
863, 933
863, 873
863, 943
863, 883
863, 953
863, 893
607, 897
607, 707
607, 837
607, 647
607, 967
607, 777
607, 907
607, 717
607, 847
607, 977
607, 657
607, 787
607, 917
607, 727
607, 857
607, 667
607, 987
607, 797
607, 927
607, 737
607, 867
607, 997
607, 677
607, 807
607, 937
607, 617
607, 747
607, 877
607, 687
607, 817
607, 627
607, 947
607, 757
607, 887
607, 697
607, 827
607, 957
607, 637
607, 767
95, 385
95, 705
95, 195
95, 515
95, 835
95, 325
95, 645
95, 965
95, 135
95, 455
95, 775
95, 905
95, 585
95, 265
95, 395
95, 715
95, 845
95, 525
95, 205
95, 335
95, 975
95, 655
95, 785
95, 465
95, 145
95, 275
95, 595
95, 915
95, 725
95, 405
95, 215
95, 535
95, 855
95, 985
95, 665
95, 345
95, 155
95, 475
95, 795
95, 925
95, 605
95, 285
95, 415
95, 735
95, 865
95, 545
95, 225
95, 355
95, 675
95, 995
95, 805
95, 485
95, 165
95, 295
95, 615
95, 935
95, 745
95, 425
95, 105
95, 235
95, 555
95, 875
95, 685
95, 365
95, 175
95, 495
95, 815
95, 945
95, 625
95, 305
95, 115
95, 435
95, 755
95, 885
95, 565
95, 245
95, 375
95, 695
95, 825
95, 505
95, 185
95, 315
95, 635
95, 955
95, 765
95, 445
95, 125
95, 255
95, 575
95, 895
351, 641
351, 961
351, 451
351, 771
351, 581
351, 901
351, 391
351, 711
351, 841
351, 521
351, 651
351, 971
351, 781
351, 461
351, 591
351, 911
351, 721
351, 401
351, 531
351, 851
351, 981
351, 661
351, 471
351, 791
351, 921
351, 601
351, 411
351, 731
351, 861
351, 541
351, 671
351, 991
351, 801
351, 481
351, 611
351, 931
351, 741
351, 421
351, 551
351, 871
351, 681
351, 361
351, 491
351, 811
351, 941
351, 621
351, 431
351, 751
351, 881
351, 561
351, 371
351, 691
351, 821
351, 501
351, 631
351, 951
351, 761
351, 441
351, 571
351, 891
351, 701
351, 381
351, 511
351, 831
864, 964
864, 904
864, 974
864, 914
864, 984
864, 924
864, 994
864, 934
864, 874
864, 944
864, 884
864, 954
864, 894
608, 768
608, 898
608, 708
608, 838
608, 648
608, 968
608, 778
608, 908
608, 718
608, 848
608, 978
608, 658
608, 788
608, 918
608, 728
608, 858
608, 668
608, 988
608, 798
608, 928
608, 738
608, 868
608, 998
608, 678
608, 808
608, 938
608, 618
608, 748
608, 878
608, 688
608, 818
608, 628
608, 948
608, 758
608, 888
608, 698
608, 828
608, 958
608, 638
96, 256
96, 576
96, 896
96, 386
96, 706
96, 196
96, 516
96, 836
96, 646
96, 326
96, 966
96, 136
96, 776
96, 456
96, 906
96, 586
96, 266
96, 396
96, 716
96, 846
96, 526
96, 206
96, 336
96, 656
96, 976
96, 786
96, 466
96, 146
96, 276
96, 596
96, 916
96, 726
96, 406
96, 216
96, 536
96, 856
96, 986
96, 666
96, 346
96, 156
96, 476
96, 796
96, 926
96, 606
96, 286
96, 416
96, 736
96, 866
96, 546
96, 226
96, 356
96, 676
96, 996
96, 806
96, 486
96, 166
96, 296
96, 616
96, 936
96, 746
96, 426
96, 106
96, 236
96, 556
96, 876
96, 686
96, 366
96, 176
96, 496
96, 816
96, 946
96, 626
96, 306
96, 116
96, 436
96, 756
96, 886
96, 566
96, 246
96, 376
96, 696
96, 826
96, 506
96, 186
96, 316
96, 636
96, 956
96, 766
96, 446
96, 126
352, 512
352, 832
352, 642
352, 962
352, 452
352, 772
352, 582
352, 902
352, 392
352, 712
352, 522
352, 842
352, 652
352, 972
352, 782
352, 462
352, 592
352, 912
352, 722
352, 402
352, 532
352, 852
352, 982
352, 662
352, 472
352, 792
352, 922
352, 602
352, 412
352, 732
352, 862
352, 542
352, 672
352, 992
352, 802
352, 482
352, 612
352, 932
352, 742
352, 422
352, 552
352, 872
352, 682
352, 362
352, 492
352, 812
352, 942
352, 622
352, 432
352, 752
352, 882
352, 562
352, 372
352, 692
352, 822
352, 502
352, 632
352, 952
352, 762
352, 442
352, 572
352, 892
352, 702
352, 382
865, 965
865, 905
865, 975
865, 915
865, 985
865, 925
865, 995
865, 935
865, 875
865, 945
865, 885
865, 955
865, 895
609, 769
609, 899
609, 709
609, 839
609, 649
609, 969
609, 779
609, 909
609, 719
609, 849
609, 979
609, 659
609, 789
609, 919
609, 729
609, 859
609, 669
609, 989
609, 799
609, 929
609, 739
609, 869
609, 999
609, 679
609, 809
609, 939
609, 619
609, 749
609, 879
609, 689
609, 819
609, 629
609, 949
609, 759
609, 889
609, 699
609, 829
609, 959
609, 639
97, 257
97, 577
97, 897
97, 387
97, 707
97, 197
97, 517
97, 837
97, 647
97, 327
97, 967
97, 137
97, 777
97, 457
97, 907
97, 587
97, 267
97, 397
97, 717
97, 847
97, 527
97, 207
97, 337
97, 657
97, 977
97, 787
97, 467
97, 147
97, 277
97, 597
97, 917
97, 727
97, 407
97, 217
97, 537
97, 857
97, 987
97, 667
97, 347
97, 157
97, 477
97, 797
97, 927
97, 607
97, 287
97, 417
97, 737
97, 867
97, 547
97, 227
97, 357
97, 677
97, 997
97, 807
97, 487
97, 167
97, 297
97, 617
97, 937
97, 747
97, 427
97, 107
97, 237
97, 557
97, 877
97, 687
97, 367
97, 177
97, 497
97, 817
97, 947
97, 627
97, 307
97, 117
97, 437
97, 757
97, 887
97, 567
97, 247
97, 377
97, 697
97, 827
97, 507
97, 187
97, 317
97, 637
97, 957
97, 767
97, 447
97, 127
353, 513
353, 833
353, 643
353, 963
353, 453
353, 773
353, 583
353, 903
353, 393
353, 713
353, 523
353, 843
353, 653
353, 973
353, 783
353, 463
353, 593
353, 913
353, 723
353, 403
353, 533
353, 853
353, 983
353, 663
353, 473
353, 793
353, 923
353, 603
353, 413
353, 733
353, 863
353, 543
353, 673
353, 993
353, 803
353, 483
353, 613
353, 933
353, 743
353, 423
353, 553
353, 873
353, 683
353, 363
353, 493
353, 813
353, 943
353, 623
353, 433
353, 753
353, 883
353, 563
353, 373
353, 693
353, 823
353, 503
353, 633
353, 953
353, 763
353, 443
353, 573
353, 893
353, 703
353, 383
866, 896
866, 966
866, 906
866, 976
866, 916
866, 986
866, 926
866, 996
866, 936
866, 876
866, 946
866, 886
866, 956
610, 640
610, 960
610, 770
610, 900
610, 710
610, 840
610, 650
610, 970
610, 780
610, 910
610, 720
610, 850
610, 980
610, 660
610, 790
610, 920
610, 730
610, 860
610, 670
610, 990
610, 800
610, 930
610, 740
610, 870
610, 1000
610, 680
610, 810
610, 940
610, 620
610, 750
610, 880
610, 690
610, 820
610, 630
610, 950
610, 760
610, 890
610, 700
610, 830
98, 128
98, 448
98, 768
98, 258
98, 578
98, 898
98, 388
98, 708
98, 838
98, 198
98, 518
98, 648
98, 968
98, 328
98, 138
98, 458
98, 778
98, 588
98, 908
98, 268
98, 398
98, 718
98, 848
98, 528
98, 208
98, 338
98, 658
98, 978
98, 788
98, 468
98, 148
98, 278
98, 598
98, 918
98, 728
98, 408
98, 218
98, 538
98, 858
98, 988
98, 668
98, 348
98, 158
98, 478
98, 798
98, 928
98, 608
98, 288
98, 418
98, 738
98, 868
98, 548
98, 228
98, 358
98, 678
98, 998
98, 808
98, 488
98, 168
98, 298
98, 618
98, 938
98, 748
98, 428
98, 108
98, 238
98, 558
98, 878
98, 688
98, 368
98, 178
98, 498
98, 818
98, 948
98, 628
98, 308
98, 118
98, 438
98, 758
98, 888
98, 568
98, 248
98, 378
98, 698
98, 828
98, 508
98, 188
98, 318
98, 638
98, 958
354, 384
354, 704
354, 514
354, 834
354, 644
354, 964
354, 454
354, 774
354, 904
354, 584
354, 394
354, 714
354, 844
354, 524
354, 974
354, 654
354, 784
354, 464
354, 594
354, 914
354, 724
354, 404
354, 534
354, 854
354, 984
354, 664
354, 474
354, 794
354, 924
354, 604
354, 414
354, 734
354, 864
354, 544
354, 674
354, 994
354, 804
354, 484
354, 614
354, 934
354, 744
354, 424
354, 554
354, 874
354, 684
354, 364
354, 494
354, 814
354, 944
354, 624
354, 434
354, 754
354, 884
354, 564
354, 374
354, 694
354, 824
354, 504
354, 634
354, 954
354, 764
354, 444
354, 574
354, 894
867, 897
867, 967
867, 907
867, 977
867, 917
867, 987
867, 927
867, 997
867, 937
867, 877
867, 947
867, 887
867, 957
611, 641
611, 961
611, 771
611, 901
611, 711
611, 841
611, 651
611, 971
611, 781
611, 911
611, 721
611, 851
611, 981
611, 661
611, 791
611, 921
611, 731
611, 861
611, 671
611, 991
611, 801
611, 931
611, 741
611, 871
611, 681
611, 811
611, 941
611, 621
611, 751
611, 881
611, 691
611, 821
611, 631
611, 951
611, 761
611, 891
611, 701
611, 831
99, 129
99, 449
99, 769
99, 259
99, 579
99, 899
99, 389
99, 709
99, 839
99, 199
99, 519
99, 649
99, 969
99, 329
99, 139
99, 459
99, 779
99, 589
99, 909
99, 269
99, 399
99, 719
99, 849
99, 529
99, 209
99, 339
99, 659
99, 979
99, 789
99, 469
99, 149
99, 279
99, 599
99, 919
99, 729
99, 409
99, 219
99, 539
99, 859
99, 989
99, 669
99, 349
99, 159
99, 479
99, 799
99, 929
99, 609
99, 289
99, 419
99, 739
99, 869
99, 549
99, 229
99, 359
99, 679
99, 999
99, 809
99, 489
99, 169
99, 299
99, 619
99, 939
99, 749
99, 429
99, 109
99, 239
99, 559
99, 879
99, 689
99, 369
99, 179
99, 499
99, 819
99, 949
99, 629
99, 309
99, 119
99, 439
99, 759
99, 889
99, 569
99, 249
99, 379
99, 699
99, 829
99, 509
99, 189
99, 319
99, 639
99, 959
355, 385
355, 705
355, 515
355, 835
355, 645
355, 965
355, 455
355, 775
355, 905
355, 585
355, 395
355, 715
355, 845
355, 525
355, 975
355, 655
355, 785
355, 465
355, 595
355, 915
355, 725
355, 405
355, 535
355, 855
355, 985
355, 665
355, 475
355, 795
355, 925
355, 605
355, 415
355, 735
355, 865
355, 545
355, 675
355, 995
355, 805
355, 485
355, 615
355, 935
355, 745
355, 425
355, 555
355, 875
355, 685
355, 365
355, 495
355, 815
355, 945
355, 625
355, 435
355, 755
355, 885
355, 565
355, 375
355, 695
355, 825
355, 505
355, 635
355, 955
355, 765
355, 445
355, 575
355, 895
868, 898
868, 968
868, 908
868, 978
868, 918
868, 988
868, 928
868, 998
868, 938
868, 878
868, 948
868, 888
868, 958
612, 832
612, 642
612, 962
612, 772
612, 902
612, 712
612, 842
612, 652
612, 972
612, 782
612, 912
612, 722
612, 852
612, 982
612, 662
612, 792
612, 922
612, 732
612, 862
612, 672
612, 992
612, 802
612, 932
612, 742
612, 872
612, 682
612, 812
612, 942
612, 622
612, 752
612, 882
612, 692
612, 822
612, 632
612, 952
612, 762
612, 892
612, 702
100, 320
100, 640
100, 960
100, 130
100, 450
100, 770
100, 580
100, 900
100, 260
100, 710
100, 390
100, 200
100, 520
100, 840
100, 970
100, 650
100, 330
100, 140
100, 460
100, 780
100, 910
100, 590
100, 270
100, 400
100, 720
100, 850
100, 530
100, 210
100, 340
100, 660
100, 980
100, 790
100, 470
100, 150
100, 280
100, 600
100, 920
100, 730
100, 410
100, 220
100, 540
100, 860
100, 990
100, 670
100, 350
100, 160
100, 480
100, 800
100, 930
100, 610
100, 290
100, 420
100, 740
100, 870
100, 550
100, 230
100, 360
100, 680
100, 1000
100, 810
100, 490
100, 170
100, 300
100, 620
100, 940
100, 750
100, 430
100, 110
100, 240
100, 560
100, 880
100, 690
100, 370
100, 180
100, 500
100, 820
100, 950
100, 630
100, 310
100, 120
100, 440
100, 760
100, 890
100, 570
100, 250
100, 380
100, 700
100, 830
100, 510
100, 190
356, 576
356, 896
356, 386
356, 706
356, 516
356, 836
356, 646
356, 966
356, 776
356, 456
356, 906
356, 586
356, 396
356, 716
356, 846
356, 526
356, 656
356, 976
356, 786
356, 466
356, 596
356, 916
356, 726
356, 406
356, 536
356, 856
356, 986
356, 666
356, 476
356, 796
356, 926
356, 606
356, 416
356, 736
356, 866
356, 546
356, 676
356, 996
356, 806
356, 486
356, 616
356, 936
356, 746
356, 426
356, 556
356, 876
356, 686
356, 366
356, 496
356, 816
356, 946
356, 626
356, 436
356, 756
356, 886
356, 566
356, 376
356, 696
356, 826
356, 506
356, 636
356, 956
356, 766
356, 446
869, 899
869, 969
869, 909
869, 979
869, 919
869, 989
869, 929
869, 999
869, 939
869, 879
869, 949
869, 889
869, 959
613, 833
613, 643
613, 963
613, 773
613, 903
613, 713
613, 843
613, 653
613, 973
613, 783
613, 913
613, 723
613, 853
613, 983
613, 663
613, 793
613, 923
613, 733
613, 863
613, 673
613, 993
613, 803
613, 933
613, 743
613, 873
613, 683
613, 813
613, 943
613, 623
613, 753
613, 883
613, 693
613, 823
613, 633
613, 953
613, 763
613, 893
613, 703
101, 321
101, 641
101, 961
101, 131
101, 451
101, 771
101, 581
101, 901
101, 261
101, 711
101, 391
101, 201
101, 521
101, 841
101, 971
101, 651
101, 331
101, 141
101, 461
101, 781
101, 911
101, 591
101, 271
101, 401
101, 721
101, 851
101, 531
101, 211
101, 341
101, 661
101, 981
101, 791
101, 471
101, 151
101, 281
101, 601
101, 921
101, 731
101, 411
101, 221
101, 541
101, 861
101, 991
101, 671
101, 351
101, 161
101, 481
101, 801
101, 931
101, 611
101, 291
101, 421
101, 741
101, 871
101, 551
101, 231
101, 361
101, 681
101, 811
101, 491
101, 171
101, 301
101, 621
101, 941
101, 751
101, 431
101, 111
101, 241
101, 561
101, 881
101, 691
101, 371
101, 181
101, 501
101, 821
101, 951
101, 631
101, 311
101, 121
101, 441
101, 761
101, 891
101, 571
101, 251
101, 381
101, 701
101, 831
101, 511
101, 191
357, 577
357, 897
357, 387
357, 707
357, 517
357, 837
357, 647
357, 967
357, 777
357, 457
357, 907
357, 587
357, 397
357, 717
357, 847
357, 527
357, 657
357, 977
357, 787
357, 467
357, 597
357, 917
357, 727
357, 407
357, 537
357, 857
357, 987
357, 667
357, 477
357, 797
357, 927
357, 607
357, 417
357, 737
357, 867
357, 547
357, 677
357, 997
357, 807
357, 487
357, 617
357, 937
357, 747
357, 427
357, 557
357, 877
357, 687
357, 367
357, 497
357, 817
357, 947
357, 627
357, 437
357, 757
357, 887
357, 567
357, 377
357, 697
357, 827
357, 507
357, 637
357, 957
357, 767
357, 447
870, 960
870, 900
870, 970
870, 910
870, 980
870, 920
870, 990
870, 930
870, 1000
870, 940
870, 880
870, 950
870, 890
614, 704
614, 834
614, 644
614, 964
614, 774
614, 904
614, 714
614, 844
614, 974
614, 654
614, 784
614, 914
614, 724
614, 854
614, 984
614, 664
614, 794
614, 924
614, 734
614, 864
614, 674
614, 994
614, 804
614, 934
614, 744
614, 874
614, 684
614, 814
614, 944
614, 624
614, 754
614, 884
614, 694
614, 824
614, 634
614, 954
614, 764
614, 894
102, 192
102, 512
102, 832
102, 322
102, 642
102, 962
102, 452
102, 772
102, 132
102, 902
102, 262
102, 582
102, 712
102, 392
102, 202
102, 842
102, 522
102, 972
102, 652
102, 332
102, 142
102, 462
102, 782
102, 912
102, 592
102, 272
102, 402
102, 722
102, 852
102, 532
102, 212
102, 342
102, 662
102, 982
102, 792
102, 472
102, 152
102, 282
102, 602
102, 922
102, 732
102, 412
102, 222
102, 542
102, 862
102, 992
102, 672
102, 352
102, 162
102, 482
102, 802
102, 932
102, 612
102, 292
102, 422
102, 742
102, 872
102, 552
102, 232
102, 362
102, 682
102, 812
102, 492
102, 172
102, 302
102, 622
102, 942
102, 752
102, 432
102, 112
102, 242
102, 562
102, 882
102, 692
102, 372
102, 182
102, 502
102, 822
102, 952
102, 632
102, 312
102, 122
102, 442
102, 762
102, 892
102, 572
102, 252
102, 382
102, 702
358, 448
358, 768
358, 578
358, 898
358, 388
358, 708
358, 518
358, 838
358, 648
358, 968
358, 458
358, 778
358, 588
358, 908
358, 398
358, 718
358, 848
358, 528
358, 658
358, 978
358, 788
358, 468
358, 598
358, 918
358, 728
358, 408
358, 538
358, 858
358, 988
358, 668
358, 478
358, 798
358, 928
358, 608
358, 418
358, 738
358, 868
358, 548
358, 678
358, 998
358, 808
358, 488
358, 618
358, 938
358, 748
358, 428
358, 558
358, 878
358, 688
358, 368
358, 498
358, 818
358, 948
358, 628
358, 438
358, 758
358, 888
358, 568
358, 378
358, 698
358, 828
358, 508
358, 638
358, 958
871, 961
871, 901
871, 971
871, 911
871, 981
871, 921
871, 991
871, 931
871, 941
871, 881
871, 951
871, 891
615, 705
615, 835
615, 645
615, 965
615, 775
615, 905
615, 715
615, 845
615, 975
615, 655
615, 785
615, 915
615, 725
615, 855
615, 985
615, 665
615, 795
615, 925
615, 735
615, 865
615, 675
615, 995
615, 805
615, 935
615, 745
615, 875
615, 685
615, 815
615, 945
615, 625
615, 755
615, 885
615, 695
615, 825
615, 635
615, 955
615, 765
615, 895
103, 193
103, 513
103, 833
103, 323
103, 643
103, 963
103, 453
103, 773
103, 133
103, 903
103, 263
103, 583
103, 713
103, 393
103, 203
103, 843
103, 523
103, 973
103, 653
103, 333
103, 143
103, 463
103, 783
103, 913
103, 593
103, 273
103, 403
103, 723
103, 853
103, 533
103, 213
103, 343
103, 663
103, 983
103, 793
103, 473
103, 153
103, 283
103, 603
103, 923
103, 733
103, 413
103, 223
103, 543
103, 863
103, 993
103, 673
103, 353
103, 163
103, 483
103, 803
103, 933
103, 613
103, 293
103, 423
103, 743
103, 873
103, 553
103, 233
103, 363
103, 683
103, 813
103, 493
103, 173
103, 303
103, 623
103, 943
103, 753
103, 433
103, 113
103, 243
103, 563
103, 883
103, 693
103, 373
103, 183
103, 503
103, 823
103, 953
103, 633
103, 313
103, 123
103, 443
103, 763
103, 893
103, 573
103, 253
103, 383
103, 703
359, 449
359, 769
359, 579
359, 899
359, 389
359, 709
359, 519
359, 839
359, 649
359, 969
359, 459
359, 779
359, 589
359, 909
359, 399
359, 719
359, 849
359, 529
359, 659
359, 979
359, 789
359, 469
359, 599
359, 919
359, 729
359, 409
359, 539
359, 859
359, 989
359, 669
359, 479
359, 799
359, 929
359, 609
359, 419
359, 739
359, 869
359, 549
359, 679
359, 999
359, 809
359, 489
359, 619
359, 939
359, 749
359, 429
359, 559
359, 879
359, 689
359, 369
359, 499
359, 819
359, 949
359, 629
359, 439
359, 759
359, 889
359, 569
359, 379
359, 699
359, 829
359, 509
359, 639
359, 959
872, 962
872, 902
872, 972
872, 912
872, 982
872, 922
872, 992
872, 932
872, 942
872, 882
872, 952
872, 892
616, 896
616, 706
616, 836
616, 646
616, 966
616, 776
616, 906
616, 716
616, 846
616, 656
616, 976
616, 786
616, 916
616, 726
616, 856
616, 986
616, 666
616, 796
616, 926
616, 736
616, 866
616, 676
616, 996
616, 806
616, 936
616, 746
616, 876
616, 686
616, 816
616, 946
616, 626
616, 756
616, 886
616, 696
616, 826
616, 636
616, 956
616, 766
104, 384
104, 704
104, 194
104, 514
104, 834
104, 324
104, 644
104, 964
104, 774
104, 454
104, 134
104, 264
104, 584
104, 904
104, 714
104, 394
104, 204
104, 524
104, 844
104, 654
104, 974
104, 334
104, 144
104, 464
104, 784
104, 914
104, 594
104, 274
104, 404
104, 724
104, 854
104, 534
104, 214
104, 344
104, 664
104, 984
104, 794
104, 474
104, 154
104, 284
104, 604
104, 924
104, 734
104, 414
104, 224
104, 544
104, 864
104, 994
104, 674
104, 354
104, 164
104, 484
104, 804
104, 934
104, 614
104, 294
104, 424
104, 744
104, 874
104, 554
104, 234
104, 364
104, 684
104, 814
104, 494
104, 174
104, 304
104, 624
104, 944
104, 754
104, 434
104, 114
104, 244
104, 564
104, 884
104, 694
104, 374
104, 184
104, 504
104, 824
104, 954
104, 634
104, 314
104, 124
104, 444
104, 764
104, 894
104, 574
104, 254
360, 640
360, 960
360, 450
360, 770
360, 580
360, 900
360, 390
360, 710
360, 520
360, 840
360, 970
360, 650
360, 460
360, 780
360, 910
360, 590
360, 400
360, 720
360, 850
360, 530
360, 660
360, 980
360, 790
360, 470
360, 600
360, 920
360, 730
360, 410
360, 540
360, 860
360, 990
360, 670
360, 480
360, 800
360, 930
360, 610
360, 420
360, 740
360, 870
360, 550
360, 680
360, 1000
360, 810
360, 490
360, 620
360, 940
360, 750
360, 430
360, 560
360, 880
360, 690
360, 370
360, 500
360, 820
360, 950
360, 630
360, 440
360, 760
360, 890
360, 570
360, 380
360, 700
360, 830
360, 510
873, 963
873, 903
873, 973
873, 913
873, 983
873, 923
873, 993
873, 933
873, 943
873, 883
873, 953
873, 893
617, 897
617, 707
617, 837
617, 647
617, 967
617, 777
617, 907
617, 717
617, 847
617, 657
617, 977
617, 787
617, 917
617, 727
617, 857
617, 987
617, 667
617, 797
617, 927
617, 737
617, 867
617, 677
617, 997
617, 807
617, 937
617, 747
617, 877
617, 687
617, 817
617, 947
617, 627
617, 757
617, 887
617, 697
617, 827
617, 637
617, 957
617, 767
105, 385
105, 705
105, 195
105, 515
105, 835
105, 325
105, 645
105, 965
105, 775
105, 455
105, 135
105, 265
105, 585
105, 905
105, 715
105, 395
105, 205
105, 525
105, 845
105, 655
105, 975
105, 335
105, 145
105, 465
105, 785
105, 915
105, 595
105, 275
105, 405
105, 725
105, 855
105, 535
105, 215
105, 345
105, 665
105, 985
105, 795
105, 475
105, 155
105, 285
105, 605
105, 925
105, 735
105, 415
105, 225
105, 545
105, 865
105, 995
105, 675
105, 355
105, 165
105, 485
105, 805
105, 935
105, 615
105, 295
105, 425
105, 745
105, 875
105, 555
105, 235
105, 365
105, 685
105, 815
105, 495
105, 175
105, 305
105, 625
105, 945
105, 755
105, 435
105, 115
105, 245
105, 565
105, 885
105, 695
105, 375
105, 185
105, 505
105, 825
105, 955
105, 635
105, 315
105, 125
105, 445
105, 765
105, 895
105, 575
105, 255
361, 641
361, 961
361, 451
361, 771
361, 581
361, 901
361, 391
361, 711
361, 521
361, 841
361, 971
361, 651
361, 461
361, 781
361, 911
361, 591
361, 401
361, 721
361, 851
361, 531
361, 661
361, 981
361, 791
361, 471
361, 601
361, 921
361, 731
361, 411
361, 541
361, 861
361, 991
361, 671
361, 481
361, 801
361, 931
361, 611
361, 421
361, 741
361, 871
361, 551
361, 681
361, 811
361, 491
361, 621
361, 941
361, 751
361, 431
361, 561
361, 881
361, 691
361, 371
361, 501
361, 821
361, 951
361, 631
361, 441
361, 761
361, 891
361, 571
361, 381
361, 701
361, 831
361, 511
874, 964
874, 904
874, 974
874, 914
874, 984
874, 924
874, 994
874, 934
874, 944
874, 884
874, 954
874, 894
618, 768
618, 898
618, 708
618, 838
618, 648
618, 968
618, 778
618, 908
618, 718
618, 848
618, 658
618, 978
618, 788
618, 918
618, 728
618, 858
618, 988
618, 668
618, 798
618, 928
618, 738
618, 868
618, 678
618, 998
618, 808
618, 938
618, 748
618, 878
618, 688
618, 818
618, 948
618, 628
618, 758
618, 888
618, 698
618, 828
618, 638
618, 958
106, 256
106, 576
106, 896
106, 386
106, 706
106, 196
106, 516
106, 836
106, 966
106, 326
106, 646
106, 456
106, 776
106, 136
106, 266
106, 586
106, 906
106, 716
106, 396
106, 206
106, 526
106, 846
106, 976
106, 656
106, 336
106, 146
106, 466
106, 786
106, 916
106, 596
106, 276
106, 406
106, 726
106, 856
106, 536
106, 216
106, 346
106, 666
106, 986
106, 796
106, 476
106, 156
106, 286
106, 606
106, 926
106, 736
106, 416
106, 226
106, 546
106, 866
106, 996
106, 676
106, 356
106, 166
106, 486
106, 806
106, 936
106, 616
106, 296
106, 426
106, 746
106, 876
106, 556
106, 236
106, 366
106, 686
106, 816
106, 496
106, 176
106, 306
106, 626
106, 946
106, 756
106, 436
106, 116
106, 246
106, 566
106, 886
106, 696
106, 376
106, 186
106, 506
106, 826
106, 956
106, 636
106, 316
106, 126
106, 446
106, 766
362, 512
362, 832
362, 642
362, 962
362, 452
362, 772
362, 582
362, 902
362, 712
362, 392
362, 842
362, 522
362, 972
362, 652
362, 462
362, 782
362, 912
362, 592
362, 402
362, 722
362, 852
362, 532
362, 662
362, 982
362, 792
362, 472
362, 602
362, 922
362, 732
362, 412
362, 542
362, 862
362, 992
362, 672
362, 482
362, 802
362, 932
362, 612
362, 422
362, 742
362, 872
362, 552
362, 682
362, 812
362, 492
362, 622
362, 942
362, 752
362, 432
362, 562
362, 882
362, 692
362, 372
362, 502
362, 822
362, 952
362, 632
362, 442
362, 762
362, 892
362, 572
362, 382
362, 702
875, 965
875, 905
875, 975
875, 915
875, 985
875, 925
875, 995
875, 935
875, 945
875, 885
875, 955
875, 895
619, 769
619, 899
619, 709
619, 839
619, 649
619, 969
619, 779
619, 909
619, 719
619, 849
619, 659
619, 979
619, 789
619, 919
619, 729
619, 859
619, 989
619, 669
619, 799
619, 929
619, 739
619, 869
619, 679
619, 999
619, 809
619, 939
619, 749
619, 879
619, 689
619, 819
619, 949
619, 629
619, 759
619, 889
619, 699
619, 829
619, 639
619, 959
107, 257
107, 577
107, 897
107, 387
107, 707
107, 197
107, 517
107, 837
107, 967
107, 327
107, 647
107, 457
107, 777
107, 137
107, 267
107, 587
107, 907
107, 717
107, 397
107, 207
107, 527
107, 847
107, 977
107, 657
107, 337
107, 147
107, 467
107, 787
107, 917
107, 597
107, 277
107, 407
107, 727
107, 857
107, 537
107, 217
107, 347
107, 667
107, 987
107, 797
107, 477
107, 157
107, 287
107, 607
107, 927
107, 737
107, 417
107, 227
107, 547
107, 867
107, 997
107, 677
107, 357
107, 167
107, 487
107, 807
107, 937
107, 617
107, 297
107, 427
107, 747
107, 877
107, 557
107, 237
107, 367
107, 687
107, 817
107, 497
107, 177
107, 307
107, 627
107, 947
107, 757
107, 437
107, 117
107, 247
107, 567
107, 887
107, 697
107, 377
107, 187
107, 507
107, 827
107, 957
107, 637
107, 317
107, 127
107, 447
107, 767
363, 513
363, 833
363, 643
363, 963
363, 453
363, 773
363, 583
363, 903
363, 713
363, 393
363, 843
363, 523
363, 973
363, 653
363, 463
363, 783
363, 913
363, 593
363, 403
363, 723
363, 853
363, 533
363, 663
363, 983
363, 793
363, 473
363, 603
363, 923
363, 733
363, 413
363, 543
363, 863
363, 993
363, 673
363, 483
363, 803
363, 933
363, 613
363, 423
363, 743
363, 873
363, 553
363, 683
363, 813
363, 493
363, 623
363, 943
363, 753
363, 433
363, 563
363, 883
363, 693
363, 373
363, 503
363, 823
363, 953
363, 633
363, 443
363, 763
363, 893
363, 573
363, 383
363, 703
876, 896
876, 966
876, 906
876, 976
876, 916
876, 986
876, 926
876, 996
876, 936
876, 946
876, 886
876, 956
620, 640
620, 960
620, 770
620, 900
620, 710
620, 840
620, 650
620, 970
620, 780
620, 910
620, 720
620, 850
620, 660
620, 980
620, 790
620, 920
620, 730
620, 860
620, 990
620, 670
620, 800
620, 930
620, 740
620, 870
620, 680
620, 1000
620, 810
620, 940
620, 750
620, 880
620, 690
620, 820
620, 950
620, 630
620, 760
620, 890
620, 700
620, 830
108, 128
108, 448
108, 768
108, 258
108, 578
108, 898
108, 388
108, 708
108, 518
108, 198
108, 838
108, 328
108, 968
108, 648
108, 778
108, 458
108, 138
108, 268
108, 908
108, 588
108, 718
108, 398
108, 208
108, 528
108, 848
108, 978
108, 658
108, 338
108, 148
108, 468
108, 788
108, 918
108, 598
108, 278
108, 408
108, 728
108, 858
108, 538
108, 218
108, 348
108, 668
108, 988
108, 798
108, 478
108, 158
108, 288
108, 608
108, 928
108, 738
108, 418
108, 228
108, 548
108, 868
108, 998
108, 678
108, 358
108, 168
108, 488
108, 808
108, 938
108, 618
108, 298
108, 428
108, 748
108, 878
108, 558
108, 238
108, 368
108, 688
108, 818
108, 498
108, 178
108, 308
108, 628
108, 948
108, 758
108, 438
108, 118
108, 248
108, 568
108, 888
108, 698
108, 378
108, 188
108, 508
108, 828
108, 958
108, 638
108, 318
364, 384
364, 704
364, 514
364, 834
364, 644
364, 964
364, 454
364, 774
364, 584
364, 904
364, 714
364, 394
364, 524
364, 844
364, 654
364, 974
364, 464
364, 784
364, 914
364, 594
364, 404
364, 724
364, 854
364, 534
364, 664
364, 984
364, 794
364, 474
364, 604
364, 924
364, 734
364, 414
364, 544
364, 864
364, 994
364, 674
364, 484
364, 804
364, 934
364, 614
364, 424
364, 744
364, 874
364, 554
364, 684
364, 814
364, 494
364, 624
364, 944
364, 754
364, 434
364, 564
364, 884
364, 694
364, 374
364, 504
364, 824
364, 954
364, 634
364, 444
364, 764
364, 894
364, 574
877, 897
877, 967
877, 907
877, 977
877, 917
877, 987
877, 927
877, 997
877, 937
877, 947
877, 887
877, 957
621, 641
621, 961
621, 771
621, 901
621, 711
621, 841
621, 651
621, 971
621, 781
621, 911
621, 721
621, 851
621, 661
621, 981
621, 791
621, 921
621, 731
621, 861
621, 991
621, 671
621, 801
621, 931
621, 741
621, 871
621, 681
621, 811
621, 941
621, 751
621, 881
621, 691
621, 821
621, 951
621, 631
621, 761
621, 891
621, 701
621, 831
109, 129
109, 449
109, 769
109, 259
109, 579
109, 899
109, 389
109, 709
109, 519
109, 199
109, 839
109, 329
109, 969
109, 649
109, 779
109, 459
109, 139
109, 269
109, 909
109, 589
109, 719
109, 399
109, 209
109, 529
109, 849
109, 979
109, 659
109, 339
109, 149
109, 469
109, 789
109, 919
109, 599
109, 279
109, 409
109, 729
109, 859
109, 539
109, 219
109, 349
109, 669
109, 989
109, 799
109, 479
109, 159
109, 289
109, 609
109, 929
109, 739
109, 419
109, 229
109, 549
109, 869
109, 999
109, 679
109, 359
109, 169
109, 489
109, 809
109, 939
109, 619
109, 299
109, 429
109, 749
109, 879
109, 559
109, 239
109, 369
109, 689
109, 819
109, 499
109, 179
109, 309
109, 629
109, 949
109, 759
109, 439
109, 119
109, 249
109, 569
109, 889
109, 699
109, 379
109, 189
109, 509
109, 829
109, 959
109, 639
109, 319
365, 385
365, 705
365, 515
365, 835
365, 645
365, 965
365, 455
365, 775
365, 585
365, 905
365, 715
365, 395
365, 525
365, 845
365, 655
365, 975
365, 465
365, 785
365, 915
365, 595
365, 405
365, 725
365, 855
365, 535
365, 665
365, 985
365, 795
365, 475
365, 605
365, 925
365, 735
365, 415
365, 545
365, 865
365, 995
365, 675
365, 485
365, 805
365, 935
365, 615
365, 425
365, 745
365, 875
365, 555
365, 685
365, 815
365, 495
365, 625
365, 945
365, 755
365, 435
365, 565
365, 885
365, 695
365, 375
365, 505
365, 825
365, 955
365, 635
365, 445
365, 765
365, 895
365, 575
878, 898
878, 968
878, 908
878, 978
878, 918
878, 988
878, 928
878, 998
878, 938
878, 948
878, 888
878, 958
622, 832
622, 642
622, 962
622, 772
622, 902
622, 712
622, 842
622, 972
622, 652
622, 782
622, 912
622, 722
622, 852
622, 662
622, 982
622, 792
622, 922
622, 732
622, 862
622, 992
622, 672
622, 802
622, 932
622, 742
622, 872
622, 682
622, 812
622, 942
622, 752
622, 882
622, 692
622, 822
622, 952
622, 632
622, 762
622, 892
622, 702
110, 320
110, 640
110, 960
110, 130
110, 450
110, 770
110, 900
110, 260
110, 580
110, 390
110, 710
110, 840
110, 520
110, 200
110, 330
110, 650
110, 970
110, 780
110, 460
110, 140
110, 270
110, 590
110, 910
110, 720
110, 400
110, 210
110, 530
110, 850
110, 980
110, 660
110, 340
110, 150
110, 470
110, 790
110, 920
110, 600
110, 280
110, 410
110, 730
110, 860
110, 540
110, 220
110, 350
110, 670
110, 990
110, 800
110, 480
110, 160
110, 290
110, 610
110, 930
110, 740
110, 420
110, 230
110, 550
110, 870
110, 1000
110, 680
110, 360
110, 170
110, 490
110, 810
110, 940
110, 620
110, 300
110, 430
110, 750
110, 880
110, 560
110, 240
110, 370
110, 690
110, 820
110, 500
110, 180
110, 310
110, 630
110, 950
110, 760
110, 440
110, 120
110, 250
110, 570
110, 890
110, 700
110, 380
110, 190
110, 510
110, 830
366, 576
366, 896
366, 386
366, 706
366, 516
366, 836
366, 646
366, 966
366, 456
366, 776
366, 586
366, 906
366, 716
366, 396
366, 526
366, 846
366, 976
366, 656
366, 466
366, 786
366, 916
366, 596
366, 406
366, 726
366, 856
366, 536
366, 666
366, 986
366, 796
366, 476
366, 606
366, 926
366, 736
366, 416
366, 546
366, 866
366, 996
366, 676
366, 486
366, 806
366, 936
366, 616
366, 426
366, 746
366, 876
366, 556
366, 686
366, 816
366, 496
366, 626
366, 946
366, 756
366, 436
366, 566
366, 886
366, 696
366, 376
366, 506
366, 826
366, 956
366, 636
366, 446
366, 766
879, 899
879, 969
879, 909
879, 979
879, 919
879, 989
879, 929
879, 999
879, 939
879, 949
879, 889
879, 959
623, 833
623, 643
623, 963
623, 773
623, 903
623, 713
623, 843
623, 973
623, 653
623, 783
623, 913
623, 723
623, 853
623, 663
623, 983
623, 793
623, 923
623, 733
623, 863
623, 993
623, 673
623, 803
623, 933
623, 743
623, 873
623, 683
623, 813
623, 943
623, 753
623, 883
623, 693
623, 823
623, 953
623, 633
623, 763
623, 893
623, 703
111, 321
111, 641
111, 961
111, 131
111, 451
111, 771
111, 901
111, 261
111, 581
111, 391
111, 711
111, 841
111, 521
111, 201
111, 331
111, 651
111, 971
111, 781
111, 461
111, 141
111, 271
111, 591
111, 911
111, 721
111, 401
111, 211
111, 531
111, 851
111, 981
111, 661
111, 341
111, 151
111, 471
111, 791
111, 921
111, 601
111, 281
111, 411
111, 731
111, 861
111, 541
111, 221
111, 351
111, 671
111, 991
111, 801
111, 481
111, 161
111, 291
111, 611
111, 931
111, 741
111, 421
111, 231
111, 551
111, 871
111, 681
111, 361
111, 171
111, 491
111, 811
111, 941
111, 621
111, 301
111, 431
111, 751
111, 881
111, 561
111, 241
111, 371
111, 691
111, 821
111, 501
111, 181
111, 311
111, 631
111, 951
111, 761
111, 441
111, 121
111, 251
111, 571
111, 891
111, 701
111, 381
111, 191
111, 511
111, 831
367, 577
367, 897
367, 387
367, 707
367, 517
367, 837
367, 647
367, 967
367, 457
367, 777
367, 587
367, 907
367, 717
367, 397
367, 527
367, 847
367, 977
367, 657
367, 467
367, 787
367, 917
367, 597
367, 407
367, 727
367, 857
367, 537
367, 667
367, 987
367, 797
367, 477
367, 607
367, 927
367, 737
367, 417
367, 547
367, 867
367, 997
367, 677
367, 487
367, 807
367, 937
367, 617
367, 427
367, 747
367, 877
367, 557
367, 687
367, 817
367, 497
367, 627
367, 947
367, 757
367, 437
367, 567
367, 887
367, 697
367, 377
367, 507
367, 827
367, 957
367, 637
367, 447
367, 767
880, 960
880, 900
880, 970
880, 910
880, 980
880, 920
880, 990
880, 930
880, 1000
880, 940
880, 950
880, 890
624, 704
624, 834
624, 644
624, 964
624, 774
624, 904
624, 714
624, 844
624, 654
624, 974
624, 784
624, 914
624, 724
624, 854
624, 664
624, 984
624, 794
624, 924
624, 734
624, 864
624, 994
624, 674
624, 804
624, 934
624, 744
624, 874
624, 684
624, 814
624, 944
624, 754
624, 884
624, 694
624, 824
624, 954
624, 634
624, 764
624, 894
112, 192
112, 512
112, 832
112, 322
112, 642
112, 962
112, 772
112, 132
112, 452
112, 582
112, 262
112, 902
112, 392
112, 712
112, 522
112, 842
112, 202
112, 332
112, 652
112, 972
112, 782
112, 462
112, 142
112, 272
112, 592
112, 912
112, 722
112, 402
112, 212
112, 532
112, 852
112, 982
112, 662
112, 342
112, 152
112, 472
112, 792
112, 922
112, 602
112, 282
112, 412
112, 732
112, 862
112, 542
112, 222
112, 352
112, 672
112, 992
112, 802
112, 482
112, 162
112, 292
112, 612
112, 932
112, 742
112, 422
112, 232
112, 552
112, 872
112, 682
112, 362
112, 172
112, 492
112, 812
112, 942
112, 622
112, 302
112, 432
112, 752
112, 882
112, 562
112, 242
112, 372
112, 692
112, 822
112, 502
112, 182
112, 312
112, 632
112, 952
112, 762
112, 442
112, 122
112, 252
112, 572
112, 892
112, 702
112, 382
368, 448
368, 768
368, 578
368, 898
368, 388
368, 708
368, 518
368, 838
368, 968
368, 648
368, 778
368, 458
368, 908
368, 588
368, 718
368, 398
368, 528
368, 848
368, 978
368, 658
368, 468
368, 788
368, 918
368, 598
368, 408
368, 728
368, 858
368, 538
368, 668
368, 988
368, 798
368, 478
368, 608
368, 928
368, 738
368, 418
368, 548
368, 868
368, 998
368, 678
368, 488
368, 808
368, 938
368, 618
368, 428
368, 748
368, 878
368, 558
368, 688
368, 818
368, 498
368, 628
368, 948
368, 758
368, 438
368, 568
368, 888
368, 698
368, 378
368, 508
368, 828
368, 958
368, 638
881, 961
881, 901
881, 971
881, 911
881, 981
881, 921
881, 991
881, 931
881, 941
881, 951
881, 891
625, 705
625, 835
625, 645
625, 965
625, 775
625, 905
625, 715
625, 845
625, 655
625, 975
625, 785
625, 915
625, 725
625, 855
625, 665
625, 985
625, 795
625, 925
625, 735
625, 865
625, 995
625, 675
625, 805
625, 935
625, 745
625, 875
625, 685
625, 815
625, 945
625, 755
625, 885
625, 695
625, 825
625, 955
625, 635
625, 765
625, 895
113, 193
113, 513
113, 833
113, 323
113, 643
113, 963
113, 773
113, 133
113, 453
113, 583
113, 263
113, 903
113, 393
113, 713
113, 523
113, 843
113, 203
113, 333
113, 653
113, 973
113, 783
113, 463
113, 143
113, 273
113, 593
113, 913
113, 723
113, 403
113, 213
113, 533
113, 853
113, 983
113, 663
113, 343
113, 153
113, 473
113, 793
113, 923
113, 603
113, 283
113, 413
113, 733
113, 863
113, 543
113, 223
113, 353
113, 673
113, 993
113, 803
113, 483
113, 163
113, 293
113, 613
113, 933
113, 743
113, 423
113, 233
113, 553
113, 873
113, 683
113, 363
113, 173
113, 493
113, 813
113, 943
113, 623
113, 303
113, 433
113, 753
113, 883
113, 563
113, 243
113, 373
113, 693
113, 823
113, 503
113, 183
113, 313
113, 633
113, 953
113, 763
113, 443
113, 123
113, 253
113, 573
113, 893
113, 703
113, 383
369, 449
369, 769
369, 579
369, 899
369, 389
369, 709
369, 519
369, 839
369, 969
369, 649
369, 779
369, 459
369, 909
369, 589
369, 719
369, 399
369, 529
369, 849
369, 979
369, 659
369, 469
369, 789
369, 919
369, 599
369, 409
369, 729
369, 859
369, 539
369, 669
369, 989
369, 799
369, 479
369, 609
369, 929
369, 739
369, 419
369, 549
369, 869
369, 999
369, 679
369, 489
369, 809
369, 939
369, 619
369, 429
369, 749
369, 879
369, 559
369, 689
369, 819
369, 499
369, 629
369, 949
369, 759
369, 439
369, 569
369, 889
369, 699
369, 379
369, 509
369, 829
369, 959
369, 639
882, 962
882, 902
882, 972
882, 912
882, 982
882, 922
882, 992
882, 932
882, 942
882, 952
882, 892
626, 896
626, 706
626, 836
626, 646
626, 966
626, 776
626, 906
626, 716
626, 846
626, 976
626, 656
626, 786
626, 916
626, 726
626, 856
626, 666
626, 986
626, 796
626, 926
626, 736
626, 866
626, 996
626, 676
626, 806
626, 936
626, 746
626, 876
626, 686
626, 816
626, 946
626, 756
626, 886
626, 696
626, 826
626, 956
626, 636
626, 766
114, 384
114, 704
114, 194
114, 514
114, 834
114, 324
114, 644
114, 964
114, 134
114, 454
114, 774
114, 904
114, 584
114, 264
114, 394
114, 714
114, 844
114, 524
114, 204
114, 334
114, 974
114, 654
114, 784
114, 464
114, 144
114, 274
114, 594
114, 914
114, 724
114, 404
114, 214
114, 534
114, 854
114, 984
114, 664
114, 344
114, 154
114, 474
114, 794
114, 924
114, 604
114, 284
114, 414
114, 734
114, 864
114, 544
114, 224
114, 354
114, 674
114, 994
114, 804
114, 484
114, 164
114, 294
114, 614
114, 934
114, 744
114, 424
114, 234
114, 554
114, 874
114, 684
114, 364
114, 174
114, 494
114, 814
114, 944
114, 624
114, 304
114, 434
114, 754
114, 884
114, 564
114, 244
114, 374
114, 694
114, 824
114, 504
114, 184
114, 314
114, 634
114, 954
114, 764
114, 444
114, 124
114, 254
114, 574
114, 894
370, 640
370, 960
370, 450
370, 770
370, 580
370, 900
370, 390
370, 710
370, 840
370, 520
370, 650
370, 970
370, 780
370, 460
370, 590
370, 910
370, 720
370, 400
370, 530
370, 850
370, 980
370, 660
370, 470
370, 790
370, 920
370, 600
370, 410
370, 730
370, 860
370, 540
370, 670
370, 990
370, 800
370, 480
370, 610
370, 930
370, 740
370, 420
370, 550
370, 870
370, 1000
370, 680
370, 490
370, 810
370, 940
370, 620
370, 430
370, 750
370, 880
370, 560
370, 690
370, 820
370, 500
370, 630
370, 950
370, 760
370, 440
370, 570
370, 890
370, 700
370, 380
370, 510
370, 830
883, 963
883, 903
883, 973
883, 913
883, 983
883, 923
883, 993
883, 933
883, 943
883, 953
883, 893
627, 897
627, 707
627, 837
627, 647
627, 967
627, 777
627, 907
627, 717
627, 847
627, 977
627, 657
627, 787
627, 917
627, 727
627, 857
627, 667
627, 987
627, 797
627, 927
627, 737
627, 867
627, 997
627, 677
627, 807
627, 937
627, 747
627, 877
627, 687
627, 817
627, 947
627, 757
627, 887
627, 697
627, 827
627, 957
627, 637
627, 767
115, 385
115, 705
115, 195
115, 515
115, 835
115, 325
115, 645
115, 965
115, 135
115, 455
115, 775
115, 905
115, 585
115, 265
115, 395
115, 715
115, 845
115, 525
115, 205
115, 335
115, 975
115, 655
115, 785
115, 465
115, 145
115, 275
115, 595
115, 915
115, 725
115, 405
115, 215
115, 535
115, 855
115, 985
115, 665
115, 345
115, 155
115, 475
115, 795
115, 925
115, 605
115, 285
115, 415
115, 735
115, 865
115, 545
115, 225
115, 355
115, 675
115, 995
115, 805
115, 485
115, 165
115, 295
115, 615
115, 935
115, 745
115, 425
115, 235
115, 555
115, 875
115, 685
115, 365
115, 175
115, 495
115, 815
115, 945
115, 625
115, 305
115, 435
115, 755
115, 885
115, 565
115, 245
115, 375
115, 695
115, 825
115, 505
115, 185
115, 315
115, 635
115, 955
115, 765
115, 445
115, 125
115, 255
115, 575
115, 895
371, 641
371, 961
371, 451
371, 771
371, 581
371, 901
371, 391
371, 711
371, 841
371, 521
371, 651
371, 971
371, 781
371, 461
371, 591
371, 911
371, 721
371, 401
371, 531
371, 851
371, 981
371, 661
371, 471
371, 791
371, 921
371, 601
371, 411
371, 731
371, 861
371, 541
371, 671
371, 991
371, 801
371, 481
371, 611
371, 931
371, 741
371, 421
371, 551
371, 871
371, 681
371, 491
371, 811
371, 941
371, 621
371, 431
371, 751
371, 881
371, 561
371, 691
371, 821
371, 501
371, 631
371, 951
371, 761
371, 441
371, 571
371, 891
371, 701
371, 381
371, 511
371, 831
884, 964
884, 904
884, 974
884, 914
884, 984
884, 924
884, 994
884, 934
884, 944
884, 954
884, 894
628, 768
628, 898
628, 708
628, 838
628, 648
628, 968
628, 778
628, 908
628, 718
628, 848
628, 978
628, 658
628, 788
628, 918
628, 728
628, 858
628, 668
628, 988
628, 798
628, 928
628, 738
628, 868
628, 998
628, 678
628, 808
628, 938
628, 748
628, 878
628, 688
628, 818
628, 948
628, 758
628, 888
628, 698
628, 828
628, 958
628, 638
116, 256
116, 576
116, 896
116, 386
116, 706
116, 196
116, 516
116, 836
116, 646
116, 326
116, 966
116, 136
116, 776
116, 456
116, 906
116, 586
116, 266
116, 396
116, 716
116, 846
116, 526
116, 206
116, 336
116, 656
116, 976
116, 786
116, 466
116, 146
116, 276
116, 596
116, 916
116, 726
116, 406
116, 216
116, 536
116, 856
116, 986
116, 666
116, 346
116, 156
116, 476
116, 796
116, 926
116, 606
116, 286
116, 416
116, 736
116, 866
116, 546
116, 226
116, 356
116, 676
116, 996
116, 806
116, 486
116, 166
116, 296
116, 616
116, 936
116, 746
116, 426
116, 236
116, 556
116, 876
116, 686
116, 366
116, 176
116, 496
116, 816
116, 946
116, 626
116, 306
116, 436
116, 756
116, 886
116, 566
116, 246
116, 376
116, 696
116, 826
116, 506
116, 186
116, 316
116, 636
116, 956
116, 766
116, 446
116, 126
372, 512
372, 832
372, 642
372, 962
372, 452
372, 772
372, 582
372, 902
372, 392
372, 712
372, 522
372, 842
372, 652
372, 972
372, 782
372, 462
372, 592
372, 912
372, 722
372, 402
372, 532
372, 852
372, 982
372, 662
372, 472
372, 792
372, 922
372, 602
372, 412
372, 732
372, 862
372, 542
372, 672
372, 992
372, 802
372, 482
372, 612
372, 932
372, 742
372, 422
372, 552
372, 872
372, 682
372, 492
372, 812
372, 942
372, 622
372, 432
372, 752
372, 882
372, 562
372, 692
372, 822
372, 502
372, 632
372, 952
372, 762
372, 442
372, 572
372, 892
372, 702
372, 382
885, 965
885, 905
885, 975
885, 915
885, 985
885, 925
885, 995
885, 935
885, 945
885, 955
885, 895
629, 769
629, 899
629, 709
629, 839
629, 649
629, 969
629, 779
629, 909
629, 719
629, 849
629, 979
629, 659
629, 789
629, 919
629, 729
629, 859
629, 669
629, 989
629, 799
629, 929
629, 739
629, 869
629, 999
629, 679
629, 809
629, 939
629, 749
629, 879
629, 689
629, 819
629, 949
629, 759
629, 889
629, 699
629, 829
629, 959
629, 639
117, 257
117, 577
117, 897
117, 387
117, 707
117, 197
117, 517
117, 837
117, 647
117, 327
117, 967
117, 137
117, 777
117, 457
117, 907
117, 587
117, 267
117, 397
117, 717
117, 847
117, 527
117, 207
117, 337
117, 657
117, 977
117, 787
117, 467
117, 147
117, 277
117, 597
117, 917
117, 727
117, 407
117, 217
117, 537
117, 857
117, 987
117, 667
117, 347
117, 157
117, 477
117, 797
117, 927
117, 607
117, 287
117, 417
117, 737
117, 867
117, 547
117, 227
117, 357
117, 677
117, 997
117, 807
117, 487
117, 167
117, 297
117, 617
117, 937
117, 747
117, 427
117, 237
117, 557
117, 877
117, 687
117, 367
117, 177
117, 497
117, 817
117, 947
117, 627
117, 307
117, 437
117, 757
117, 887
117, 567
117, 247
117, 377
117, 697
117, 827
117, 507
117, 187
117, 317
117, 637
117, 957
117, 767
117, 447
117, 127
373, 513
373, 833
373, 643
373, 963
373, 453
373, 773
373, 583
373, 903
373, 393
373, 713
373, 523
373, 843
373, 653
373, 973
373, 783
373, 463
373, 593
373, 913
373, 723
373, 403
373, 533
373, 853
373, 983
373, 663
373, 473
373, 793
373, 923
373, 603
373, 413
373, 733
373, 863
373, 543
373, 673
373, 993
373, 803
373, 483
373, 613
373, 933
373, 743
373, 423
373, 553
373, 873
373, 683
373, 493
373, 813
373, 943
373, 623
373, 433
373, 753
373, 883
373, 563
373, 693
373, 823
373, 503
373, 633
373, 953
373, 763
373, 443
373, 573
373, 893
373, 703
373, 383
886, 896
886, 966
886, 906
886, 976
886, 916
886, 986
886, 926
886, 996
886, 936
886, 946
886, 956
630, 640
630, 960
630, 770
630, 900
630, 710
630, 840
630, 650
630, 970
630, 780
630, 910
630, 720
630, 850
630, 980
630, 660
630, 790
630, 920
630, 730
630, 860
630, 670
630, 990
630, 800
630, 930
630, 740
630, 870
630, 1000
630, 680
630, 810
630, 940
630, 750
630, 880
630, 690
630, 820
630, 950
630, 760
630, 890
630, 700
630, 830
118, 128
118, 448
118, 768
118, 258
118, 578
118, 898
118, 388
118, 708
118, 838
118, 198
118, 518
118, 648
118, 968
118, 328
118, 138
118, 458
118, 778
118, 588
118, 908
118, 268
118, 398
118, 718
118, 848
118, 528
118, 208
118, 338
118, 658
118, 978
118, 788
118, 468
118, 148
118, 278
118, 598
118, 918
118, 728
118, 408
118, 218
118, 538
118, 858
118, 988
118, 668
118, 348
118, 158
118, 478
118, 798
118, 928
118, 608
118, 288
118, 418
118, 738
118, 868
118, 548
118, 228
118, 358
118, 678
118, 998
118, 808
118, 488
118, 168
118, 298
118, 618
118, 938
118, 748
118, 428
118, 238
118, 558
118, 878
118, 688
118, 368
118, 178
118, 498
118, 818
118, 948
118, 628
118, 308
118, 438
118, 758
118, 888
118, 568
118, 248
118, 378
118, 698
118, 828
118, 508
118, 188
118, 318
118, 638
118, 958
374, 384
374, 704
374, 514
374, 834
374, 644
374, 964
374, 454
374, 774
374, 904
374, 584
374, 394
374, 714
374, 844
374, 524
374, 974
374, 654
374, 784
374, 464
374, 594
374, 914
374, 724
374, 404
374, 534
374, 854
374, 984
374, 664
374, 474
374, 794
374, 924
374, 604
374, 414
374, 734
374, 864
374, 544
374, 674
374, 994
374, 804
374, 484
374, 614
374, 934
374, 744
374, 424
374, 554
374, 874
374, 684
374, 494
374, 814
374, 944
374, 624
374, 434
374, 754
374, 884
374, 564
374, 694
374, 824
374, 504
374, 634
374, 954
374, 764
374, 444
374, 574
374, 894
887, 897
887, 967
887, 907
887, 977
887, 917
887, 987
887, 927
887, 997
887, 937
887, 947
887, 957
631, 641
631, 961
631, 771
631, 901
631, 711
631, 841
631, 651
631, 971
631, 781
631, 911
631, 721
631, 851
631, 981
631, 661
631, 791
631, 921
631, 731
631, 861
631, 671
631, 991
631, 801
631, 931
631, 741
631, 871
631, 681
631, 811
631, 941
631, 751
631, 881
631, 691
631, 821
631, 951
631, 761
631, 891
631, 701
631, 831
119, 129
119, 449
119, 769
119, 259
119, 579
119, 899
119, 389
119, 709
119, 839
119, 199
119, 519
119, 649
119, 969
119, 329
119, 139
119, 459
119, 779
119, 589
119, 909
119, 269
119, 399
119, 719
119, 849
119, 529
119, 209
119, 339
119, 659
119, 979
119, 789
119, 469
119, 149
119, 279
119, 599
119, 919
119, 729
119, 409
119, 219
119, 539
119, 859
119, 989
119, 669
119, 349
119, 159
119, 479
119, 799
119, 929
119, 609
119, 289
119, 419
119, 739
119, 869
119, 549
119, 229
119, 359
119, 679
119, 999
119, 809
119, 489
119, 169
119, 299
119, 619
119, 939
119, 749
119, 429
119, 239
119, 559
119, 879
119, 689
119, 369
119, 179
119, 499
119, 819
119, 949
119, 629
119, 309
119, 439
119, 759
119, 889
119, 569
119, 249
119, 379
119, 699
119, 829
119, 509
119, 189
119, 319
119, 639
119, 959
375, 385
375, 705
375, 515
375, 835
375, 645
375, 965
375, 455
375, 775
375, 905
375, 585
375, 395
375, 715
375, 845
375, 525
375, 975
375, 655
375, 785
375, 465
375, 595
375, 915
375, 725
375, 405
375, 535
375, 855
375, 985
375, 665
375, 475
375, 795
375, 925
375, 605
375, 415
375, 735
375, 865
375, 545
375, 675
375, 995
375, 805
375, 485
375, 615
375, 935
375, 745
375, 425
375, 555
375, 875
375, 685
375, 495
375, 815
375, 945
375, 625
375, 435
375, 755
375, 885
375, 565
375, 695
375, 825
375, 505
375, 635
375, 955
375, 765
375, 445
375, 575
375, 895
888, 898
888, 968
888, 908
888, 978
888, 918
888, 988
888, 928
888, 998
888, 938
888, 948
888, 958
632, 832
632, 642
632, 962
632, 772
632, 902
632, 712
632, 842
632, 652
632, 972
632, 782
632, 912
632, 722
632, 852
632, 982
632, 662
632, 792
632, 922
632, 732
632, 862
632, 672
632, 992
632, 802
632, 932
632, 742
632, 872
632, 682
632, 812
632, 942
632, 752
632, 882
632, 692
632, 822
632, 952
632, 762
632, 892
632, 702
120, 320
120, 640
120, 960
120, 130
120, 450
120, 770
120, 260
120, 580
120, 900
120, 710
120, 390
120, 200
120, 520
120, 840
120, 970
120, 650
120, 330
120, 140
120, 460
120, 780
120, 910
120, 590
120, 270
120, 400
120, 720
120, 850
120, 530
120, 210
120, 340
120, 660
120, 980
120, 790
120, 470
120, 150
120, 280
120, 600
120, 920
120, 730
120, 410
120, 220
120, 540
120, 860
120, 990
120, 670
120, 350
120, 160
120, 480
120, 800
120, 930
120, 610
120, 290
120, 420
120, 740
120, 870
120, 550
120, 230
120, 360
120, 680
120, 1000
120, 810
120, 490
120, 170
120, 300
120, 620
120, 940
120, 750
120, 430
120, 240
120, 560
120, 880
120, 690
120, 370
120, 180
120, 500
120, 820
120, 950
120, 630
120, 310
120, 440
120, 760
120, 890
120, 570
120, 250
120, 380
120, 700
120, 830
120, 510
120, 190
376, 576
376, 896
376, 386
376, 706
376, 516
376, 836
376, 646
376, 966
376, 776
376, 456
376, 906
376, 586
376, 396
376, 716
376, 846
376, 526
376, 656
376, 976
376, 786
376, 466
376, 596
376, 916
376, 726
376, 406
376, 536
376, 856
376, 986
376, 666
376, 476
376, 796
376, 926
376, 606
376, 416
376, 736
376, 866
376, 546
376, 676
376, 996
376, 806
376, 486
376, 616
376, 936
376, 746
376, 426
376, 556
376, 876
376, 686
376, 496
376, 816
376, 946
376, 626
376, 436
376, 756
376, 886
376, 566
376, 696
376, 826
376, 506
376, 636
376, 956
376, 766
376, 446
889, 899
889, 969
889, 909
889, 979
889, 919
889, 989
889, 929
889, 999
889, 939
889, 949
889, 959
633, 833
633, 643
633, 963
633, 773
633, 903
633, 713
633, 843
633, 653
633, 973
633, 783
633, 913
633, 723
633, 853
633, 983
633, 663
633, 793
633, 923
633, 733
633, 863
633, 673
633, 993
633, 803
633, 933
633, 743
633, 873
633, 683
633, 813
633, 943
633, 753
633, 883
633, 693
633, 823
633, 953
633, 763
633, 893
633, 703
121, 321
121, 641
121, 961
121, 131
121, 451
121, 771
121, 261
121, 581
121, 901
121, 711
121, 391
121, 201
121, 521
121, 841
121, 971
121, 651
121, 331
121, 141
121, 461
121, 781
121, 911
121, 591
121, 271
121, 401
121, 721
121, 851
121, 531
121, 211
121, 341
121, 661
121, 981
121, 791
121, 471
121, 151
121, 281
121, 601
121, 921
121, 731
121, 411
121, 221
121, 541
121, 861
121, 991
121, 671
121, 351
121, 161
121, 481
121, 801
121, 931
121, 611
121, 291
121, 421
121, 741
121, 871
121, 551
121, 231
121, 361
121, 681
121, 811
121, 491
121, 171
121, 301
121, 621
121, 941
121, 751
121, 431
121, 241
121, 561
121, 881
121, 691
121, 371
121, 181
121, 501
121, 821
121, 951
121, 631
121, 311
121, 441
121, 761
121, 891
121, 571
121, 251
121, 381
121, 701
121, 831
121, 511
121, 191
377, 577
377, 897
377, 387
377, 707
377, 517
377, 837
377, 647
377, 967
377, 777
377, 457
377, 907
377, 587
377, 397
377, 717
377, 847
377, 527
377, 657
377, 977
377, 787
377, 467
377, 597
377, 917
377, 727
377, 407
377, 537
377, 857
377, 987
377, 667
377, 477
377, 797
377, 927
377, 607
377, 417
377, 737
377, 867
377, 547
377, 677
377, 997
377, 807
377, 487
377, 617
377, 937
377, 747
377, 427
377, 557
377, 877
377, 687
377, 497
377, 817
377, 947
377, 627
377, 437
377, 757
377, 887
377, 567
377, 697
377, 827
377, 507
377, 637
377, 957
377, 767
377, 447
890, 960
890, 900
890, 970
890, 910
890, 980
890, 920
890, 990
890, 930
890, 1000
890, 940
890, 950
634, 704
634, 834
634, 644
634, 964
634, 774
634, 904
634, 714
634, 844
634, 974
634, 654
634, 784
634, 914
634, 724
634, 854
634, 984
634, 664
634, 794
634, 924
634, 734
634, 864
634, 674
634, 994
634, 804
634, 934
634, 744
634, 874
634, 684
634, 814
634, 944
634, 754
634, 884
634, 694
634, 824
634, 954
634, 764
634, 894
122, 192
122, 512
122, 832
122, 322
122, 642
122, 962
122, 132
122, 452
122, 772
122, 902
122, 262
122, 582
122, 712
122, 392
122, 202
122, 842
122, 522
122, 972
122, 652
122, 332
122, 142
122, 462
122, 782
122, 912
122, 592
122, 272
122, 402
122, 722
122, 852
122, 532
122, 212
122, 342
122, 662
122, 982
122, 792
122, 472
122, 152
122, 282
122, 602
122, 922
122, 732
122, 412
122, 222
122, 542
122, 862
122, 992
122, 672
122, 352
122, 162
122, 482
122, 802
122, 932
122, 612
122, 292
122, 422
122, 742
122, 872
122, 552
122, 232
122, 362
122, 682
122, 812
122, 492
122, 172
122, 302
122, 622
122, 942
122, 752
122, 432
122, 242
122, 562
122, 882
122, 692
122, 372
122, 182
122, 502
122, 822
122, 952
122, 632
122, 312
122, 442
122, 762
122, 892
122, 572
122, 252
122, 382
122, 702
378, 448
378, 768
378, 578
378, 898
378, 388
378, 708
378, 518
378, 838
378, 648
378, 968
378, 458
378, 778
378, 588
378, 908
378, 398
378, 718
378, 848
378, 528
378, 658
378, 978
378, 788
378, 468
378, 598
378, 918
378, 728
378, 408
378, 538
378, 858
378, 988
378, 668
378, 478
378, 798
378, 928
378, 608
378, 418
378, 738
378, 868
378, 548
378, 678
378, 998
378, 808
378, 488
378, 618
378, 938
378, 748
378, 428
378, 558
378, 878
378, 688
378, 498
378, 818
378, 948
378, 628
378, 438
378, 758
378, 888
378, 568
378, 698
378, 828
378, 508
378, 638
378, 958
891, 961
891, 901
891, 971
891, 911
891, 981
891, 921
891, 991
891, 931
891, 941
891, 951
635, 705
635, 835
635, 645
635, 965
635, 775
635, 905
635, 715
635, 845
635, 975
635, 655
635, 785
635, 915
635, 725
635, 855
635, 985
635, 665
635, 795
635, 925
635, 735
635, 865
635, 675
635, 995
635, 805
635, 935
635, 745
635, 875
635, 685
635, 815
635, 945
635, 755
635, 885
635, 695
635, 825
635, 955
635, 765
635, 895
123, 193
123, 513
123, 833
123, 323
123, 643
123, 963
123, 133
123, 453
123, 773
123, 903
123, 263
123, 583
123, 713
123, 393
123, 203
123, 843
123, 523
123, 973
123, 653
123, 333
123, 143
123, 463
123, 783
123, 913
123, 593
123, 273
123, 403
123, 723
123, 853
123, 533
123, 213
123, 343
123, 663
123, 983
123, 793
123, 473
123, 153
123, 283
123, 603
123, 923
123, 733
123, 413
123, 223
123, 543
123, 863
123, 993
123, 673
123, 353
123, 163
123, 483
123, 803
123, 933
123, 613
123, 293
123, 423
123, 743
123, 873
123, 553
123, 233
123, 363
123, 683
123, 813
123, 493
123, 173
123, 303
123, 623
123, 943
123, 753
123, 433
123, 243
123, 563
123, 883
123, 693
123, 373
123, 183
123, 503
123, 823
123, 953
123, 633
123, 313
123, 443
123, 763
123, 893
123, 573
123, 253
123, 383
123, 703
379, 449
379, 769
379, 579
379, 899
379, 389
379, 709
379, 519
379, 839
379, 649
379, 969
379, 459
379, 779
379, 589
379, 909
379, 399
379, 719
379, 849
379, 529
379, 659
379, 979
379, 789
379, 469
379, 599
379, 919
379, 729
379, 409
379, 539
379, 859
379, 989
379, 669
379, 479
379, 799
379, 929
379, 609
379, 419
379, 739
379, 869
379, 549
379, 679
379, 999
379, 809
379, 489
379, 619
379, 939
379, 749
379, 429
379, 559
379, 879
379, 689
379, 499
379, 819
379, 949
379, 629
379, 439
379, 759
379, 889
379, 569
379, 699
379, 829
379, 509
379, 639
379, 959
892, 962
892, 902
892, 972
892, 912
892, 982
892, 922
892, 992
892, 932
892, 942
892, 952
636, 896
636, 706
636, 836
636, 646
636, 966
636, 776
636, 906
636, 716
636, 846
636, 656
636, 976
636, 786
636, 916
636, 726
636, 856
636, 986
636, 666
636, 796
636, 926
636, 736
636, 866
636, 676
636, 996
636, 806
636, 936
636, 746
636, 876
636, 686
636, 816
636, 946
636, 756
636, 886
636, 696
636, 826
636, 956
636, 766
124, 384
124, 704
124, 194
124, 514
124, 834
124, 324
124, 644
124, 964
124, 774
124, 454
124, 134
124, 264
124, 584
124, 904
124, 714
124, 394
124, 204
124, 524
124, 844
124, 654
124, 974
124, 334
124, 144
124, 464
124, 784
124, 914
124, 594
124, 274
124, 404
124, 724
124, 854
124, 534
124, 214
124, 344
124, 664
124, 984
124, 794
124, 474
124, 154
124, 284
124, 604
124, 924
124, 734
124, 414
124, 224
124, 544
124, 864
124, 994
124, 674
124, 354
124, 164
124, 484
124, 804
124, 934
124, 614
124, 294
124, 424
124, 744
124, 874
124, 554
124, 234
124, 364
124, 684
124, 814
124, 494
124, 174
124, 304
124, 624
124, 944
124, 754
124, 434
124, 244
124, 564
124, 884
124, 694
124, 374
124, 184
124, 504
124, 824
124, 954
124, 634
124, 314
124, 444
124, 764
124, 894
124, 574
124, 254
380, 640
380, 960
380, 450
380, 770
380, 580
380, 900
380, 390
380, 710
380, 520
380, 840
380, 970
380, 650
380, 460
380, 780
380, 910
380, 590
380, 400
380, 720
380, 850
380, 530
380, 660
380, 980
380, 790
380, 470
380, 600
380, 920
380, 730
380, 410
380, 540
380, 860
380, 990
380, 670
380, 480
380, 800
380, 930
380, 610
380, 420
380, 740
380, 870
380, 550
380, 680
380, 1000
380, 810
380, 490
380, 620
380, 940
380, 750
380, 430
380, 560
380, 880
380, 690
380, 500
380, 820
380, 950
380, 630
380, 440
380, 760
380, 890
380, 570
380, 700
380, 830
380, 510
893, 963
893, 903
893, 973
893, 913
893, 983
893, 923
893, 993
893, 933
893, 943
893, 953
637, 897
637, 707
637, 837
637, 647
637, 967
637, 777
637, 907
637, 717
637, 847
637, 657
637, 977
637, 787
637, 917
637, 727
637, 857
637, 987
637, 667
637, 797
637, 927
637, 737
637, 867
637, 677
637, 997
637, 807
637, 937
637, 747
637, 877
637, 687
637, 817
637, 947
637, 757
637, 887
637, 697
637, 827
637, 957
637, 767
125, 385
125, 705
125, 195
125, 515
125, 835
125, 325
125, 645
125, 965
125, 775
125, 455
125, 135
125, 265
125, 585
125, 905
125, 715
125, 395
125, 205
125, 525
125, 845
125, 655
125, 975
125, 335
125, 145
125, 465
125, 785
125, 915
125, 595
125, 275
125, 405
125, 725
125, 855
125, 535
125, 215
125, 345
125, 665
125, 985
125, 795
125, 475
125, 155
125, 285
125, 605
125, 925
125, 735
125, 415
125, 225
125, 545
125, 865
125, 995
125, 675
125, 355
125, 165
125, 485
125, 805
125, 935
125, 615
125, 295
125, 425
125, 745
125, 875
125, 555
125, 235
125, 365
125, 685
125, 815
125, 495
125, 175
125, 305
125, 625
125, 945
125, 755
125, 435
125, 245
125, 565
125, 885
125, 695
125, 375
125, 185
125, 505
125, 825
125, 955
125, 635
125, 315
125, 445
125, 765
125, 895
125, 575
125, 255
381, 641
381, 961
381, 451
381, 771
381, 581
381, 901
381, 391
381, 711
381, 521
381, 841
381, 971
381, 651
381, 461
381, 781
381, 911
381, 591
381, 401
381, 721
381, 851
381, 531
381, 661
381, 981
381, 791
381, 471
381, 601
381, 921
381, 731
381, 411
381, 541
381, 861
381, 991
381, 671
381, 481
381, 801
381, 931
381, 611
381, 421
381, 741
381, 871
381, 551
381, 681
381, 811
381, 491
381, 621
381, 941
381, 751
381, 431
381, 561
381, 881
381, 691
381, 501
381, 821
381, 951
381, 631
381, 441
381, 761
381, 891
381, 571
381, 701
381, 831
381, 511
894, 964
894, 904
894, 974
894, 914
894, 984
894, 924
894, 994
894, 934
894, 944
894, 954
638, 768
638, 898
638, 708
638, 838
638, 648
638, 968
638, 778
638, 908
638, 718
638, 848
638, 658
638, 978
638, 788
638, 918
638, 728
638, 858
638, 988
638, 668
638, 798
638, 928
638, 738
638, 868
638, 678
638, 998
638, 808
638, 938
638, 748
638, 878
638, 688
638, 818
638, 948
638, 758
638, 888
638, 698
638, 828
638, 958
126, 256
126, 576
126, 896
126, 386
126, 706
126, 196
126, 516
126, 836
126, 966
126, 326
126, 646
126, 456
126, 776
126, 136
126, 266
126, 586
126, 906
126, 716
126, 396
126, 206
126, 526
126, 846
126, 976
126, 656
126, 336
126, 146
126, 466
126, 786
126, 916
126, 596
126, 276
126, 406
126, 726
126, 856
126, 536
126, 216
126, 346
126, 666
126, 986
126, 796
126, 476
126, 156
126, 286
126, 606
126, 926
126, 736
126, 416
126, 226
126, 546
126, 866
126, 996
126, 676
126, 356
126, 166
126, 486
126, 806
126, 936
126, 616
126, 296
126, 426
126, 746
126, 876
126, 556
126, 236
126, 366
126, 686
126, 816
126, 496
126, 176
126, 306
126, 626
126, 946
126, 756
126, 436
126, 246
126, 566
126, 886
126, 696
126, 376
126, 186
126, 506
126, 826
126, 956
126, 636
126, 316
126, 446
126, 766
382, 512
382, 832
382, 642
382, 962
382, 452
382, 772
382, 582
382, 902
382, 712
382, 392
382, 842
382, 522
382, 972
382, 652
382, 462
382, 782
382, 912
382, 592
382, 402
382, 722
382, 852
382, 532
382, 662
382, 982
382, 792
382, 472
382, 602
382, 922
382, 732
382, 412
382, 542
382, 862
382, 992
382, 672
382, 482
382, 802
382, 932
382, 612
382, 422
382, 742
382, 872
382, 552
382, 682
382, 812
382, 492
382, 622
382, 942
382, 752
382, 432
382, 562
382, 882
382, 692
382, 502
382, 822
382, 952
382, 632
382, 442
382, 762
382, 892
382, 572
382, 702
895, 965
895, 905
895, 975
895, 915
895, 985
895, 925
895, 995
895, 935
895, 945
895, 955
639, 769
639, 899
639, 709
639, 839
639, 649
639, 969
639, 779
639, 909
639, 719
639, 849
639, 659
639, 979
639, 789
639, 919
639, 729
639, 859
639, 989
639, 669
639, 799
639, 929
639, 739
639, 869
639, 679
639, 999
639, 809
639, 939
639, 749
639, 879
639, 689
639, 819
639, 949
639, 759
639, 889
639, 699
639, 829
639, 959
127, 257
127, 577
127, 897
127, 387
127, 707
127, 197
127, 517
127, 837
127, 967
127, 327
127, 647
127, 457
127, 777
127, 137
127, 267
127, 587
127, 907
127, 717
127, 397
127, 207
127, 527
127, 847
127, 977
127, 657
127, 337
127, 147
127, 467
127, 787
127, 917
127, 597
127, 277
127, 407
127, 727
127, 857
127, 537
127, 217
127, 347
127, 667
127, 987
127, 797
127, 477
127, 157
127, 287
127, 607
127, 927
127, 737
127, 417
127, 227
127, 547
127, 867
127, 997
127, 677
127, 357
127, 167
127, 487
127, 807
127, 937
127, 617
127, 297
127, 427
127, 747
127, 877
127, 557
127, 237
127, 367
127, 687
127, 817
127, 497
127, 177
127, 307
127, 627
127, 947
127, 757
127, 437
127, 247
127, 567
127, 887
127, 697
127, 377
127, 187
127, 507
127, 827
127, 957
127, 637
127, 317
127, 447
127, 767
383, 513
383, 833
383, 643
383, 963
383, 453
383, 773
383, 583
383, 903
383, 713
383, 393
383, 843
383, 523
383, 973
383, 653
383, 463
383, 783
383, 913
383, 593
383, 403
383, 723
383, 853
383, 533
383, 663
383, 983
383, 793
383, 473
383, 603
383, 923
383, 733
383, 413
383, 543
383, 863
383, 993
383, 673
383, 483
383, 803
383, 933
383, 613
383, 423
383, 743
383, 873
383, 553
383, 683
383, 813
383, 493
383, 623
383, 943
383, 753
383, 433
383, 563
383, 883
383, 693
383, 503
383, 823
383, 953
383, 633
383, 443
383, 763
383, 893
383, 573
383, 703
896, 966
896, 906
896, 976
896, 916
896, 986
896, 926
896, 996
896, 936
896, 946
896, 956
640, 960
640, 770
640, 900
640, 710
640, 840
640, 650
640, 970
640, 780
640, 910
640, 720
640, 850
640, 660
640, 980
640, 790
640, 920
640, 730
640, 860
640, 990
640, 670
640, 800
640, 930
640, 740
640, 870
640, 680
640, 1000
640, 810
640, 940
640, 750
640, 880
640, 690
640, 820
640, 950
640, 760
640, 890
640, 700
640, 830
128, 448
128, 768
128, 258
128, 578
128, 898
128, 388
128, 708
128, 518
128, 198
128, 838
128, 328
128, 968
128, 648
128, 778
128, 458
128, 138
128, 268
128, 908
128, 588
128, 718
128, 398
128, 208
128, 528
128, 848
128, 978
128, 658
128, 338
128, 148
128, 468
128, 788
128, 918
128, 598
128, 278
128, 408
128, 728
128, 858
128, 538
128, 218
128, 348
128, 668
128, 988
128, 798
128, 478
128, 158
128, 288
128, 608
128, 928
128, 738
128, 418
128, 228
128, 548
128, 868
128, 998
128, 678
128, 358
128, 168
128, 488
128, 808
128, 938
128, 618
128, 298
128, 428
128, 748
128, 878
128, 558
128, 238
128, 368
128, 688
128, 818
128, 498
128, 178
128, 308
128, 628
128, 948
128, 758
128, 438
128, 248
128, 568
128, 888
128, 698
128, 378
128, 188
128, 508
128, 828
128, 958
128, 638
128, 318
384, 704
384, 514
384, 834
384, 644
384, 964
384, 454
384, 774
384, 584
384, 904
384, 714
384, 394
384, 524
384, 844
384, 654
384, 974
384, 464
384, 784
384, 914
384, 594
384, 404
384, 724
384, 854
384, 534
384, 664
384, 984
384, 794
384, 474
384, 604
384, 924
384, 734
384, 414
384, 544
384, 864
384, 994
384, 674
384, 484
384, 804
384, 934
384, 614
384, 424
384, 744
384, 874
384, 554
384, 684
384, 814
384, 494
384, 624
384, 944
384, 754
384, 434
384, 564
384, 884
384, 694
384, 504
384, 824
384, 954
384, 634
384, 444
384, 764
384, 894
384, 574
897, 967
897, 907
897, 977
897, 917
897, 987
897, 927
897, 997
897, 937
897, 947
897, 957
641, 961
641, 771
641, 901
641, 711
641, 841
641, 651
641, 971
641, 781
641, 911
641, 721
641, 851
641, 661
641, 981
641, 791
641, 921
641, 731
641, 861
641, 991
641, 671
641, 801
641, 931
641, 741
641, 871
641, 681
641, 811
641, 941
641, 751
641, 881
641, 691
641, 821
641, 951
641, 761
641, 891
641, 701
641, 831
129, 449
129, 769
129, 259
129, 579
129, 899
129, 389
129, 709
129, 519
129, 199
129, 839
129, 329
129, 969
129, 649
129, 779
129, 459
129, 139
129, 269
129, 909
129, 589
129, 719
129, 399
129, 209
129, 529
129, 849
129, 979
129, 659
129, 339
129, 149
129, 469
129, 789
129, 919
129, 599
129, 279
129, 409
129, 729
129, 859
129, 539
129, 219
129, 349
129, 669
129, 989
129, 799
129, 479
129, 159
129, 289
129, 609
129, 929
129, 739
129, 419
129, 229
129, 549
129, 869
129, 999
129, 679
129, 359
129, 169
129, 489
129, 809
129, 939
129, 619
129, 299
129, 429
129, 749
129, 879
129, 559
129, 239
129, 369
129, 689
129, 819
129, 499
129, 179
129, 309
129, 629
129, 949
129, 759
129, 439
129, 249
129, 569
129, 889
129, 699
129, 379
129, 189
129, 509
129, 829
129, 959
129, 639
129, 319
385, 705
385, 515
385, 835
385, 645
385, 965
385, 455
385, 775
385, 585
385, 905
385, 715
385, 395
385, 525
385, 845
385, 655
385, 975
385, 465
385, 785
385, 915
385, 595
385, 405
385, 725
385, 855
385, 535
385, 665
385, 985
385, 795
385, 475
385, 605
385, 925
385, 735
385, 415
385, 545
385, 865
385, 995
385, 675
385, 485
385, 805
385, 935
385, 615
385, 425
385, 745
385, 875
385, 555
385, 685
385, 815
385, 495
385, 625
385, 945
385, 755
385, 435
385, 565
385, 885
385, 695
385, 505
385, 825
385, 955
385, 635
385, 445
385, 765
385, 895
385, 575
898, 968
898, 908
898, 978
898, 918
898, 988
898, 928
898, 998
898, 938
898, 948
898, 958
642, 832
642, 962
642, 772
642, 902
642, 712
642, 842
642, 652
642, 972
642, 782
642, 912
642, 722
642, 852
642, 662
642, 982
642, 792
642, 922
642, 732
642, 862
642, 992
642, 672
642, 802
642, 932
642, 742
642, 872
642, 682
642, 812
642, 942
642, 752
642, 882
642, 692
642, 822
642, 952
642, 762
642, 892
642, 702
130, 320
130, 640
130, 960
130, 450
130, 770
130, 260
130, 580
130, 900
130, 390
130, 710
130, 840
130, 520
130, 200
130, 330
130, 650
130, 970
130, 780
130, 460
130, 140
130, 270
130, 590
130, 910
130, 720
130, 400
130, 210
130, 530
130, 850
130, 980
130, 660
130, 340
130, 150
130, 470
130, 790
130, 920
130, 600
130, 280
130, 410
130, 730
130, 860
130, 540
130, 220
130, 350
130, 670
130, 990
130, 800
130, 480
130, 160
130, 290
130, 610
130, 930
130, 740
130, 420
130, 230
130, 550
130, 870
130, 1000
130, 680
130, 360
130, 170
130, 490
130, 810
130, 940
130, 620
130, 300
130, 430
130, 750
130, 880
130, 560
130, 240
130, 370
130, 690
130, 820
130, 500
130, 180
130, 310
130, 630
130, 950
130, 760
130, 440
130, 250
130, 570
130, 890
130, 700
130, 380
130, 190
130, 510
130, 830
386, 576
386, 896
386, 706
386, 516
386, 836
386, 646
386, 966
386, 456
386, 776
386, 586
386, 906
386, 716
386, 396
386, 526
386, 846
386, 976
386, 656
386, 466
386, 786
386, 916
386, 596
386, 406
386, 726
386, 856
386, 536
386, 666
386, 986
386, 796
386, 476
386, 606
386, 926
386, 736
386, 416
386, 546
386, 866
386, 996
386, 676
386, 486
386, 806
386, 936
386, 616
386, 426
386, 746
386, 876
386, 556
386, 686
386, 816
386, 496
386, 626
386, 946
386, 756
386, 436
386, 566
386, 886
386, 696
386, 506
386, 826
386, 956
386, 636
386, 446
386, 766
899, 969
899, 909
899, 979
899, 919
899, 989
899, 929
899, 999
899, 939
899, 949
899, 959
643, 833
643, 963
643, 773
643, 903
643, 713
643, 843
643, 653
643, 973
643, 783
643, 913
643, 723
643, 853
643, 663
643, 983
643, 793
643, 923
643, 733
643, 863
643, 993
643, 673
643, 803
643, 933
643, 743
643, 873
643, 683
643, 813
643, 943
643, 753
643, 883
643, 693
643, 823
643, 953
643, 763
643, 893
643, 703
131, 321
131, 641
131, 961
131, 451
131, 771
131, 261
131, 581
131, 901
131, 391
131, 711
131, 841
131, 521
131, 201
131, 331
131, 651
131, 971
131, 781
131, 461
131, 141
131, 271
131, 591
131, 911
131, 721
131, 401
131, 211
131, 531
131, 851
131, 981
131, 661
131, 341
131, 151
131, 471
131, 791
131, 921
131, 601
131, 281
131, 411
131, 731
131, 861
131, 541
131, 221
131, 351
131, 671
131, 991
131, 801
131, 481
131, 161
131, 291
131, 611
131, 931
131, 741
131, 421
131, 231
131, 551
131, 871
131, 681
131, 361
131, 171
131, 491
131, 811
131, 941
131, 621
131, 301
131, 431
131, 751
131, 881
131, 561
131, 241
131, 371
131, 691
131, 821
131, 501
131, 181
131, 311
131, 631
131, 951
131, 761
131, 441
131, 251
131, 571
131, 891
131, 701
131, 381
131, 191
131, 511
131, 831
387, 577
387, 897
387, 707
387, 517
387, 837
387, 647
387, 967
387, 457
387, 777
387, 587
387, 907
387, 717
387, 397
387, 527
387, 847
387, 977
387, 657
387, 467
387, 787
387, 917
387, 597
387, 407
387, 727
387, 857
387, 537
387, 667
387, 987
387, 797
387, 477
387, 607
387, 927
387, 737
387, 417
387, 547
387, 867
387, 997
387, 677
387, 487
387, 807
387, 937
387, 617
387, 427
387, 747
387, 877
387, 557
387, 687
387, 817
387, 497
387, 627
387, 947
387, 757
387, 437
387, 567
387, 887
387, 697
387, 507
387, 827
387, 957
387, 637
387, 447
387, 767
900, 960
900, 970
900, 910
900, 980
900, 920
900, 990
900, 930
900, 1000
900, 940
900, 950
644, 704
644, 834
644, 964
644, 774
644, 904
644, 714
644, 844
644, 654
644, 974
644, 784
644, 914
644, 724
644, 854
644, 664
644, 984
644, 794
644, 924
644, 734
644, 864
644, 994
644, 674
644, 804
644, 934
644, 744
644, 874
644, 684
644, 814
644, 944
644, 754
644, 884
644, 694
644, 824
644, 954
644, 764
644, 894
132, 192
132, 512
132, 832
132, 322
132, 642
132, 962
132, 452
132, 772
132, 582
132, 262
132, 902
132, 392
132, 712
132, 522
132, 842
132, 202
132, 332
132, 652
132, 972
132, 782
132, 462
132, 142
132, 272
132, 592
132, 912
132, 722
132, 402
132, 212
132, 532
132, 852
132, 982
132, 662
132, 342
132, 152
132, 472
132, 792
132, 922
132, 602
132, 282
132, 412
132, 732
132, 862
132, 542
132, 222
132, 352
132, 672
132, 992
132, 802
132, 482
132, 162
132, 292
132, 612
132, 932
132, 742
132, 422
132, 232
132, 552
132, 872
132, 682
132, 362
132, 172
132, 492
132, 812
132, 942
132, 622
132, 302
132, 432
132, 752
132, 882
132, 562
132, 242
132, 372
132, 692
132, 822
132, 502
132, 182
132, 312
132, 632
132, 952
132, 762
132, 442
132, 252
132, 572
132, 892
132, 702
132, 382
388, 448
388, 768
388, 578
388, 898
388, 708
388, 518
388, 838
388, 968
388, 648
388, 778
388, 458
388, 908
388, 588
388, 718
388, 398
388, 528
388, 848
388, 978
388, 658
388, 468
388, 788
388, 918
388, 598
388, 408
388, 728
388, 858
388, 538
388, 668
388, 988
388, 798
388, 478
388, 608
388, 928
388, 738
388, 418
388, 548
388, 868
388, 998
388, 678
388, 488
388, 808
388, 938
388, 618
388, 428
388, 748
388, 878
388, 558
388, 688
388, 818
388, 498
388, 628
388, 948
388, 758
388, 438
388, 568
388, 888
388, 698
388, 508
388, 828
388, 958
388, 638
901, 961
901, 971
901, 911
901, 981
901, 921
901, 991
901, 931
901, 941
901, 951
645, 705
645, 835
645, 965
645, 775
645, 905
645, 715
645, 845
645, 655
645, 975
645, 785
645, 915
645, 725
645, 855
645, 665
645, 985
645, 795
645, 925
645, 735
645, 865
645, 995
645, 675
645, 805
645, 935
645, 745
645, 875
645, 685
645, 815
645, 945
645, 755
645, 885
645, 695
645, 825
645, 955
645, 765
645, 895
133, 193
133, 513
133, 833
133, 323
133, 643
133, 963
133, 453
133, 773
133, 583
133, 263
133, 903
133, 393
133, 713
133, 523
133, 843
133, 203
133, 333
133, 653
133, 973
133, 783
133, 463
133, 143
133, 273
133, 593
133, 913
133, 723
133, 403
133, 213
133, 533
133, 853
133, 983
133, 663
133, 343
133, 153
133, 473
133, 793
133, 923
133, 603
133, 283
133, 413
133, 733
133, 863
133, 543
133, 223
133, 353
133, 673
133, 993
133, 803
133, 483
133, 163
133, 293
133, 613
133, 933
133, 743
133, 423
133, 233
133, 553
133, 873
133, 683
133, 363
133, 173
133, 493
133, 813
133, 943
133, 623
133, 303
133, 433
133, 753
133, 883
133, 563
133, 243
133, 373
133, 693
133, 823
133, 503
133, 183
133, 313
133, 633
133, 953
133, 763
133, 443
133, 253
133, 573
133, 893
133, 703
133, 383
389, 449
389, 769
389, 579
389, 899
389, 709
389, 519
389, 839
389, 969
389, 649
389, 779
389, 459
389, 909
389, 589
389, 719
389, 399
389, 529
389, 849
389, 979
389, 659
389, 469
389, 789
389, 919
389, 599
389, 409
389, 729
389, 859
389, 539
389, 669
389, 989
389, 799
389, 479
389, 609
389, 929
389, 739
389, 419
389, 549
389, 869
389, 999
389, 679
389, 489
389, 809
389, 939
389, 619
389, 429
389, 749
389, 879
389, 559
389, 689
389, 819
389, 499
389, 629
389, 949
389, 759
389, 439
389, 569
389, 889
389, 699
389, 509
389, 829
389, 959
389, 639
902, 962
902, 972
902, 912
902, 982
902, 922
902, 992
902, 932
902, 942
902, 952
646, 896
646, 706
646, 836
646, 966
646, 776
646, 906
646, 716
646, 846
646, 976
646, 656
646, 786
646, 916
646, 726
646, 856
646, 666
646, 986
646, 796
646, 926
646, 736
646, 866
646, 996
646, 676
646, 806
646, 936
646, 746
646, 876
646, 686
646, 816
646, 946
646, 756
646, 886
646, 696
646, 826
646, 956
646, 766
134, 384
134, 704
134, 194
134, 514
134, 834
134, 324
134, 644
134, 964
134, 454
134, 774
134, 904
134, 584
134, 264
134, 394
134, 714
134, 844
134, 524
134, 204
134, 334
134, 974
134, 654
134, 784
134, 464
134, 144
134, 274
134, 594
134, 914
134, 724
134, 404
134, 214
134, 534
134, 854
134, 984
134, 664
134, 344
134, 154
134, 474
134, 794
134, 924
134, 604
134, 284
134, 414
134, 734
134, 864
134, 544
134, 224
134, 354
134, 674
134, 994
134, 804
134, 484
134, 164
134, 294
134, 614
134, 934
134, 744
134, 424
134, 234
134, 554
134, 874
134, 684
134, 364
134, 174
134, 494
134, 814
134, 944
134, 624
134, 304
134, 434
134, 754
134, 884
134, 564
134, 244
134, 374
134, 694
134, 824
134, 504
134, 184
134, 314
134, 634
134, 954
134, 764
134, 444
134, 254
134, 574
134, 894
390, 640
390, 960
390, 450
390, 770
390, 580
390, 900
390, 710
390, 840
390, 520
390, 650
390, 970
390, 780
390, 460
390, 590
390, 910
390, 720
390, 400
390, 530
390, 850
390, 980
390, 660
390, 470
390, 790
390, 920
390, 600
390, 410
390, 730
390, 860
390, 540
390, 670
390, 990
390, 800
390, 480
390, 610
390, 930
390, 740
390, 420
390, 550
390, 870
390, 1000
390, 680
390, 490
390, 810
390, 940
390, 620
390, 430
390, 750
390, 880
390, 560
390, 690
390, 820
390, 500
390, 630
390, 950
390, 760
390, 440
390, 570
390, 890
390, 700
390, 510
390, 830
903, 963
903, 973
903, 913
903, 983
903, 923
903, 993
903, 933
903, 943
903, 953
647, 897
647, 707
647, 837
647, 967
647, 777
647, 907
647, 717
647, 847
647, 977
647, 657
647, 787
647, 917
647, 727
647, 857
647, 667
647, 987
647, 797
647, 927
647, 737
647, 867
647, 997
647, 677
647, 807
647, 937
647, 747
647, 877
647, 687
647, 817
647, 947
647, 757
647, 887
647, 697
647, 827
647, 957
647, 767
135, 385
135, 705
135, 195
135, 515
135, 835
135, 325
135, 645
135, 965
135, 455
135, 775
135, 905
135, 585
135, 265
135, 395
135, 715
135, 845
135, 525
135, 205
135, 335
135, 975
135, 655
135, 785
135, 465
135, 145
135, 275
135, 595
135, 915
135, 725
135, 405
135, 215
135, 535
135, 855
135, 985
135, 665
135, 345
135, 155
135, 475
135, 795
135, 925
135, 605
135, 285
135, 415
135, 735
135, 865
135, 545
135, 225
135, 355
135, 675
135, 995
135, 805
135, 485
135, 165
135, 295
135, 615
135, 935
135, 745
135, 425
135, 235
135, 555
135, 875
135, 685
135, 365
135, 175
135, 495
135, 815
135, 945
135, 625
135, 305
135, 435
135, 755
135, 885
135, 565
135, 245
135, 375
135, 695
135, 825
135, 505
135, 185
135, 315
135, 635
135, 955
135, 765
135, 445
135, 255
135, 575
135, 895
391, 641
391, 961
391, 451
391, 771
391, 581
391, 901
391, 711
391, 841
391, 521
391, 651
391, 971
391, 781
391, 461
391, 591
391, 911
391, 721
391, 401
391, 531
391, 851
391, 981
391, 661
391, 471
391, 791
391, 921
391, 601
391, 411
391, 731
391, 861
391, 541
391, 671
391, 991
391, 801
391, 481
391, 611
391, 931
391, 741
391, 421
391, 551
391, 871
391, 681
391, 491
391, 811
391, 941
391, 621
391, 431
391, 751
391, 881
391, 561
391, 691
391, 821
391, 501
391, 631
391, 951
391, 761
391, 441
391, 571
391, 891
391, 701
391, 511
391, 831
904, 964
904, 974
904, 914
904, 984
904, 924
904, 994
904, 934
904, 944
904, 954
648, 768
648, 898
648, 708
648, 838
648, 968
648, 778
648, 908
648, 718
648, 848
648, 978
648, 658
648, 788
648, 918
648, 728
648, 858
648, 668
648, 988
648, 798
648, 928
648, 738
648, 868
648, 998
648, 678
648, 808
648, 938
648, 748
648, 878
648, 688
648, 818
648, 948
648, 758
648, 888
648, 698
648, 828
648, 958
136, 256
136, 576
136, 896
136, 386
136, 706
136, 196
136, 516
136, 836
136, 646
136, 326
136, 966
136, 776
136, 456
136, 906
136, 586
136, 266
136, 396
136, 716
136, 846
136, 526
136, 206
136, 336
136, 656
136, 976
136, 786
136, 466
136, 146
136, 276
136, 596
136, 916
136, 726
136, 406
136, 216
136, 536
136, 856
136, 986
136, 666
136, 346
136, 156
136, 476
136, 796
136, 926
136, 606
136, 286
136, 416
136, 736
136, 866
136, 546
136, 226
136, 356
136, 676
136, 996
136, 806
136, 486
136, 166
136, 296
136, 616
136, 936
136, 746
136, 426
136, 236
136, 556
136, 876
136, 686
136, 366
136, 176
136, 496
136, 816
136, 946
136, 626
136, 306
136, 436
136, 756
136, 886
136, 566
136, 246
136, 376
136, 696
136, 826
136, 506
136, 186
136, 316
136, 636
136, 956
136, 766
136, 446
392, 512
392, 832
392, 642
392, 962
392, 452
392, 772
392, 582
392, 902
392, 712
392, 522
392, 842
392, 652
392, 972
392, 782
392, 462
392, 592
392, 912
392, 722
392, 402
392, 532
392, 852
392, 982
392, 662
392, 472
392, 792
392, 922
392, 602
392, 412
392, 732
392, 862
392, 542
392, 672
392, 992
392, 802
392, 482
392, 612
392, 932
392, 742
392, 422
392, 552
392, 872
392, 682
392, 492
392, 812
392, 942
392, 622
392, 432
392, 752
392, 882
392, 562
392, 692
392, 822
392, 502
392, 632
392, 952
392, 762
392, 442
392, 572
392, 892
392, 702
905, 965
905, 975
905, 915
905, 985
905, 925
905, 995
905, 935
905, 945
905, 955
649, 769
649, 899
649, 709
649, 839
649, 969
649, 779
649, 909
649, 719
649, 849
649, 979
649, 659
649, 789
649, 919
649, 729
649, 859
649, 669
649, 989
649, 799
649, 929
649, 739
649, 869
649, 999
649, 679
649, 809
649, 939
649, 749
649, 879
649, 689
649, 819
649, 949
649, 759
649, 889
649, 699
649, 829
649, 959
137, 257
137, 577
137, 897
137, 387
137, 707
137, 197
137, 517
137, 837
137, 647
137, 327
137, 967
137, 777
137, 457
137, 907
137, 587
137, 267
137, 397
137, 717
137, 847
137, 527
137, 207
137, 337
137, 657
137, 977
137, 787
137, 467
137, 147
137, 277
137, 597
137, 917
137, 727
137, 407
137, 217
137, 537
137, 857
137, 987
137, 667
137, 347
137, 157
137, 477
137, 797
137, 927
137, 607
137, 287
137, 417
137, 737
137, 867
137, 547
137, 227
137, 357
137, 677
137, 997
137, 807
137, 487
137, 167
137, 297
137, 617
137, 937
137, 747
137, 427
137, 237
137, 557
137, 877
137, 687
137, 367
137, 177
137, 497
137, 817
137, 947
137, 627
137, 307
137, 437
137, 757
137, 887
137, 567
137, 247
137, 377
137, 697
137, 827
137, 507
137, 187
137, 317
137, 637
137, 957
137, 767
137, 447
393, 513
393, 833
393, 643
393, 963
393, 453
393, 773
393, 583
393, 903
393, 713
393, 523
393, 843
393, 653
393, 973
393, 783
393, 463
393, 593
393, 913
393, 723
393, 403
393, 533
393, 853
393, 983
393, 663
393, 473
393, 793
393, 923
393, 603
393, 413
393, 733
393, 863
393, 543
393, 673
393, 993
393, 803
393, 483
393, 613
393, 933
393, 743
393, 423
393, 553
393, 873
393, 683
393, 493
393, 813
393, 943
393, 623
393, 433
393, 753
393, 883
393, 563
393, 693
393, 823
393, 503
393, 633
393, 953
393, 763
393, 443
393, 573
393, 893
393, 703
906, 966
906, 976
906, 916
906, 986
906, 926
906, 996
906, 936
906, 946
906, 956
650, 960
650, 770
650, 900
650, 710
650, 840
650, 970
650, 780
650, 910
650, 720
650, 850
650, 980
650, 660
650, 790
650, 920
650, 730
650, 860
650, 670
650, 990
650, 800
650, 930
650, 740
650, 870
650, 1000
650, 680
650, 810
650, 940
650, 750
650, 880
650, 690
650, 820
650, 950
650, 760
650, 890
650, 700
650, 830
138, 448
138, 768
138, 258
138, 578
138, 898
138, 388
138, 708
138, 838
138, 198
138, 518
138, 648
138, 968
138, 328
138, 458
138, 778
138, 588
138, 908
138, 268
138, 398
138, 718
138, 848
138, 528
138, 208
138, 338
138, 658
138, 978
138, 788
138, 468
138, 148
138, 278
138, 598
138, 918
138, 728
138, 408
138, 218
138, 538
138, 858
138, 988
138, 668
138, 348
138, 158
138, 478
138, 798
138, 928
138, 608
138, 288
138, 418
138, 738
138, 868
138, 548
138, 228
138, 358
138, 678
138, 998
138, 808
138, 488
138, 168
138, 298
138, 618
138, 938
138, 748
138, 428
138, 238
138, 558
138, 878
138, 688
138, 368
138, 178
138, 498
138, 818
138, 948
138, 628
138, 308
138, 438
138, 758
138, 888
138, 568
138, 248
138, 378
138, 698
138, 828
138, 508
138, 188
138, 318
138, 638
138, 958
394, 704
394, 514
394, 834
394, 644
394, 964
394, 454
394, 774
394, 904
394, 584
394, 714
394, 844
394, 524
394, 974
394, 654
394, 784
394, 464
394, 594
394, 914
394, 724
394, 404
394, 534
394, 854
394, 984
394, 664
394, 474
394, 794
394, 924
394, 604
394, 414
394, 734
394, 864
394, 544
394, 674
394, 994
394, 804
394, 484
394, 614
394, 934
394, 744
394, 424
394, 554
394, 874
394, 684
394, 494
394, 814
394, 944
394, 624
394, 434
394, 754
394, 884
394, 564
394, 694
394, 824
394, 504
394, 634
394, 954
394, 764
394, 444
394, 574
394, 894
907, 967
907, 977
907, 917
907, 987
907, 927
907, 997
907, 937
907, 947
907, 957
651, 961
651, 771
651, 901
651, 711
651, 841
651, 971
651, 781
651, 911
651, 721
651, 851
651, 981
651, 661
651, 791
651, 921
651, 731
651, 861
651, 671
651, 991
651, 801
651, 931
651, 741
651, 871
651, 681
651, 811
651, 941
651, 751
651, 881
651, 691
651, 821
651, 951
651, 761
651, 891
651, 701
651, 831
139, 449
139, 769
139, 259
139, 579
139, 899
139, 389
139, 709
139, 839
139, 199
139, 519
139, 649
139, 969
139, 329
139, 459
139, 779
139, 589
139, 909
139, 269
139, 399
139, 719
139, 849
139, 529
139, 209
139, 339
139, 659
139, 979
139, 789
139, 469
139, 149
139, 279
139, 599
139, 919
139, 729
139, 409
139, 219
139, 539
139, 859
139, 989
139, 669
139, 349
139, 159
139, 479
139, 799
139, 929
139, 609
139, 289
139, 419
139, 739
139, 869
139, 549
139, 229
139, 359
139, 679
139, 999
139, 809
139, 489
139, 169
139, 299
139, 619
139, 939
139, 749
139, 429
139, 239
139, 559
139, 879
139, 689
139, 369
139, 179
139, 499
139, 819
139, 949
139, 629
139, 309
139, 439
139, 759
139, 889
139, 569
139, 249
139, 379
139, 699
139, 829
139, 509
139, 189
139, 319
139, 639
139, 959
395, 705
395, 515
395, 835
395, 645
395, 965
395, 455
395, 775
395, 905
395, 585
395, 715
395, 845
395, 525
395, 975
395, 655
395, 785
395, 465
395, 595
395, 915
395, 725
395, 405
395, 535
395, 855
395, 985
395, 665
395, 475
395, 795
395, 925
395, 605
395, 415
395, 735
395, 865
395, 545
395, 675
395, 995
395, 805
395, 485
395, 615
395, 935
395, 745
395, 425
395, 555
395, 875
395, 685
395, 495
395, 815
395, 945
395, 625
395, 435
395, 755
395, 885
395, 565
395, 695
395, 825
395, 505
395, 635
395, 955
395, 765
395, 445
395, 575
395, 895
908, 968
908, 978
908, 918
908, 988
908, 928
908, 998
908, 938
908, 948
908, 958
652, 832
652, 962
652, 772
652, 902
652, 712
652, 842
652, 972
652, 782
652, 912
652, 722
652, 852
652, 982
652, 662
652, 792
652, 922
652, 732
652, 862
652, 672
652, 992
652, 802
652, 932
652, 742
652, 872
652, 682
652, 812
652, 942
652, 752
652, 882
652, 692
652, 822
652, 952
652, 762
652, 892
652, 702
140, 320
140, 640
140, 960
140, 450
140, 770
140, 260
140, 580
140, 900
140, 710
140, 390
140, 200
140, 520
140, 840
140, 970
140, 650
140, 330
140, 460
140, 780
140, 910
140, 590
140, 270
140, 400
140, 720
140, 850
140, 530
140, 210
140, 340
140, 660
140, 980
140, 790
140, 470
140, 150
140, 280
140, 600
140, 920
140, 730
140, 410
140, 220
140, 540
140, 860
140, 990
140, 670
140, 350
140, 160
140, 480
140, 800
140, 930
140, 610
140, 290
140, 420
140, 740
140, 870
140, 550
140, 230
140, 360
140, 680
140, 1000
140, 810
140, 490
140, 170
140, 300
140, 620
140, 940
140, 750
140, 430
140, 240
140, 560
140, 880
140, 690
140, 370
140, 180
140, 500
140, 820
140, 950
140, 630
140, 310
140, 440
140, 760
140, 890
140, 570
140, 250
140, 380
140, 700
140, 830
140, 510
140, 190
396, 576
396, 896
396, 706
396, 516
396, 836
396, 646
396, 966
396, 776
396, 456
396, 906
396, 586
396, 716
396, 846
396, 526
396, 656
396, 976
396, 786
396, 466
396, 596
396, 916
396, 726
396, 406
396, 536
396, 856
396, 986
396, 666
396, 476
396, 796
396, 926
396, 606
396, 416
396, 736
396, 866
396, 546
396, 676
396, 996
396, 806
396, 486
396, 616
396, 936
396, 746
396, 426
396, 556
396, 876
396, 686
396, 496
396, 816
396, 946
396, 626
396, 436
396, 756
396, 886
396, 566
396, 696
396, 826
396, 506
396, 636
396, 956
396, 766
396, 446
909, 969
909, 979
909, 919
909, 989
909, 929
909, 999
909, 939
909, 949
909, 959
653, 833
653, 963
653, 773
653, 903
653, 713
653, 843
653, 973
653, 783
653, 913
653, 723
653, 853
653, 983
653, 663
653, 793
653, 923
653, 733
653, 863
653, 673
653, 993
653, 803
653, 933
653, 743
653, 873
653, 683
653, 813
653, 943
653, 753
653, 883
653, 693
653, 823
653, 953
653, 763
653, 893
653, 703
141, 321
141, 641
141, 961
141, 451
141, 771
141, 261
141, 581
141, 901
141, 711
141, 391
141, 201
141, 521
141, 841
141, 971
141, 651
141, 331
141, 461
141, 781
141, 911
141, 591
141, 271
141, 401
141, 721
141, 851
141, 531
141, 211
141, 341
141, 661
141, 981
141, 791
141, 471
141, 151
141, 281
141, 601
141, 921
141, 731
141, 411
141, 221
141, 541
141, 861
141, 991
141, 671
141, 351
141, 161
141, 481
141, 801
141, 931
141, 611
141, 291
141, 421
141, 741
141, 871
141, 551
141, 231
141, 361
141, 681
141, 811
141, 491
141, 171
141, 301
141, 621
141, 941
141, 751
141, 431
141, 241
141, 561
141, 881
141, 691
141, 371
141, 181
141, 501
141, 821
141, 951
141, 631
141, 311
141, 441
141, 761
141, 891
141, 571
141, 251
141, 381
141, 701
141, 831
141, 511
141, 191
397, 577
397, 897
397, 707
397, 517
397, 837
397, 647
397, 967
397, 777
397, 457
397, 907
397, 587
397, 717
397, 847
397, 527
397, 657
397, 977
397, 787
397, 467
397, 597
397, 917
397, 727
397, 407
397, 537
397, 857
397, 987
397, 667
397, 477
397, 797
397, 927
397, 607
397, 417
397, 737
397, 867
397, 547
397, 677
397, 997
397, 807
397, 487
397, 617
397, 937
397, 747
397, 427
397, 557
397, 877
397, 687
397, 497
397, 817
397, 947
397, 627
397, 437
397, 757
397, 887
397, 567
397, 697
397, 827
397, 507
397, 637
397, 957
397, 767
397, 447
910, 960
910, 970
910, 980
910, 920
910, 990
910, 930
910, 1000
910, 940
910, 950
654, 704
654, 834
654, 964
654, 774
654, 904
654, 714
654, 844
654, 974
654, 784
654, 914
654, 724
654, 854
654, 984
654, 664
654, 794
654, 924
654, 734
654, 864
654, 674
654, 994
654, 804
654, 934
654, 744
654, 874
654, 684
654, 814
654, 944
654, 754
654, 884
654, 694
654, 824
654, 954
654, 764
654, 894
142, 192
142, 512
142, 832
142, 322
142, 642
142, 962
142, 452
142, 772
142, 902
142, 262
142, 582
142, 712
142, 392
142, 202
142, 842
142, 522
142, 972
142, 652
142, 332
142, 462
142, 782
142, 912
142, 592
142, 272
142, 402
142, 722
142, 852
142, 532
142, 212
142, 342
142, 662
142, 982
142, 792
142, 472
142, 152
142, 282
142, 602
142, 922
142, 732
142, 412
142, 222
142, 542
142, 862
142, 992
142, 672
142, 352
142, 162
142, 482
142, 802
142, 932
142, 612
142, 292
142, 422
142, 742
142, 872
142, 552
142, 232
142, 362
142, 682
142, 812
142, 492
142, 172
142, 302
142, 622
142, 942
142, 752
142, 432
142, 242
142, 562
142, 882
142, 692
142, 372
142, 182
142, 502
142, 822
142, 952
142, 632
142, 312
142, 442
142, 762
142, 892
142, 572
142, 252
142, 382
142, 702
398, 448
398, 768
398, 578
398, 898
398, 708
398, 518
398, 838
398, 648
398, 968
398, 458
398, 778
398, 588
398, 908
398, 718
398, 848
398, 528
398, 658
398, 978
398, 788
398, 468
398, 598
398, 918
398, 728
398, 408
398, 538
398, 858
398, 988
398, 668
398, 478
398, 798
398, 928
398, 608
398, 418
398, 738
398, 868
398, 548
398, 678
398, 998
398, 808
398, 488
398, 618
398, 938
398, 748
398, 428
398, 558
398, 878
398, 688
398, 498
398, 818
398, 948
398, 628
398, 438
398, 758
398, 888
398, 568
398, 698
398, 828
398, 508
398, 638
398, 958
911, 931
911, 951
911, 971
911, 991
911, 981
911, 961
911, 941
911, 921
655, 705
655, 835
655, 965
655, 775
655, 905
655, 715
655, 845
655, 975
655, 785
655, 915
655, 725
655, 855
655, 985
655, 665
655, 795
655, 925
655, 735
655, 865
655, 675
655, 995
655, 805
655, 935
655, 745
655, 875
655, 685
655, 815
655, 945
655, 755
655, 885
655, 695
655, 825
655, 955
655, 765
655, 895
143, 193
143, 513
143, 833
143, 323
143, 643
143, 963
143, 453
143, 773
143, 903
143, 263
143, 583
143, 713
143, 393
143, 203
143, 843
143, 523
143, 973
143, 653
143, 333
143, 463
143, 783
143, 913
143, 593
143, 273
143, 403
143, 723
143, 853
143, 533
143, 213
143, 343
143, 663
143, 983
143, 793
143, 473
143, 153
143, 283
143, 603
143, 923
143, 733
143, 413
143, 223
143, 543
143, 863
143, 993
143, 673
143, 353
143, 163
143, 483
143, 803
143, 933
143, 613
143, 293
143, 423
143, 743
143, 873
143, 553
143, 233
143, 363
143, 683
143, 813
143, 493
143, 173
143, 303
143, 623
143, 943
143, 753
143, 433
143, 243
143, 563
143, 883
143, 693
143, 373
143, 183
143, 503
143, 823
143, 953
143, 633
143, 313
143, 443
143, 763
143, 893
143, 573
143, 253
143, 383
143, 703
399, 449
399, 769
399, 579
399, 899
399, 709
399, 519
399, 839
399, 649
399, 969
399, 459
399, 779
399, 589
399, 909
399, 719
399, 849
399, 529
399, 659
399, 979
399, 789
399, 469
399, 599
399, 919
399, 729
399, 409
399, 539
399, 859
399, 989
399, 669
399, 479
399, 799
399, 929
399, 609
399, 419
399, 739
399, 869
399, 549
399, 679
399, 999
399, 809
399, 489
399, 619
399, 939
399, 749
399, 429
399, 559
399, 879
399, 689
399, 499
399, 819
399, 949
399, 629
399, 439
399, 759
399, 889
399, 569
399, 699
399, 829
399, 509
399, 639
399, 959
912, 932
912, 952
912, 972
912, 992
912, 982
912, 962
912, 942
912, 922
656, 896
656, 706
656, 836
656, 966
656, 776
656, 906
656, 716
656, 846
656, 976
656, 786
656, 916
656, 726
656, 856
656, 986
656, 666
656, 796
656, 926
656, 736
656, 866
656, 676
656, 996
656, 806
656, 936
656, 746
656, 876
656, 686
656, 816
656, 946
656, 756
656, 886
656, 696
656, 826
656, 956
656, 766
144, 384
144, 704
144, 194
144, 514
144, 834
144, 324
144, 644
144, 964
144, 774
144, 454
144, 264
144, 584
144, 904
144, 714
144, 394
144, 204
144, 524
144, 844
144, 654
144, 974
144, 334
144, 464
144, 784
144, 914
144, 594
144, 274
144, 404
144, 724
144, 854
144, 534
144, 214
144, 344
144, 664
144, 984
144, 794
144, 474
144, 154
144, 284
144, 604
144, 924
144, 734
144, 414
144, 224
144, 544
144, 864
144, 994
144, 674
144, 354
144, 164
144, 484
144, 804
144, 934
144, 614
144, 294
144, 424
144, 744
144, 874
144, 554
144, 234
144, 364
144, 684
144, 814
144, 494
144, 174
144, 304
144, 624
144, 944
144, 754
144, 434
144, 244
144, 564
144, 884
144, 694
144, 374
144, 184
144, 504
144, 824
144, 954
144, 634
144, 314
144, 444
144, 764
144, 894
144, 574
144, 254
400, 640
400, 960
400, 450
400, 770
400, 580
400, 900
400, 710
400, 520
400, 840
400, 970
400, 650
400, 460
400, 780
400, 910
400, 590
400, 720
400, 850
400, 530
400, 660
400, 980
400, 790
400, 470
400, 600
400, 920
400, 730
400, 410
400, 540
400, 860
400, 990
400, 670
400, 480
400, 800
400, 930
400, 610
400, 420
400, 740
400, 870
400, 550
400, 680
400, 1000
400, 810
400, 490
400, 620
400, 940
400, 750
400, 430
400, 560
400, 880
400, 690
400, 500
400, 820
400, 950
400, 630
400, 440
400, 760
400, 890
400, 570
400, 700
400, 830
400, 510
913, 933
913, 953
913, 973
913, 993
913, 983
913, 963
913, 943
913, 923
657, 897
657, 707
657, 837
657, 967
657, 777
657, 907
657, 717
657, 847
657, 977
657, 787
657, 917
657, 727
657, 857
657, 987
657, 667
657, 797
657, 927
657, 737
657, 867
657, 677
657, 997
657, 807
657, 937
657, 747
657, 877
657, 687
657, 817
657, 947
657, 757
657, 887
657, 697
657, 827
657, 957
657, 767
145, 385
145, 705
145, 195
145, 515
145, 835
145, 325
145, 645
145, 965
145, 775
145, 455
145, 265
145, 585
145, 905
145, 715
145, 395
145, 205
145, 525
145, 845
145, 655
145, 975
145, 335
145, 465
145, 785
145, 915
145, 595
145, 275
145, 405
145, 725
145, 855
145, 535
145, 215
145, 345
145, 665
145, 985
145, 795
145, 475
145, 155
145, 285
145, 605
145, 925
145, 735
145, 415
145, 225
145, 545
145, 865
145, 995
145, 675
145, 355
145, 165
145, 485
145, 805
145, 935
145, 615
145, 295
145, 425
145, 745
145, 875
145, 555
145, 235
145, 365
145, 685
145, 815
145, 495
145, 175
145, 305
145, 625
145, 945
145, 755
145, 435
145, 245
145, 565
145, 885
145, 695
145, 375
145, 185
145, 505
145, 825
145, 955
145, 635
145, 315
145, 445
145, 765
145, 895
145, 575
145, 255
401, 641
401, 961
401, 451
401, 771
401, 581
401, 901
401, 711
401, 521
401, 841
401, 971
401, 651
401, 461
401, 781
401, 911
401, 591
401, 721
401, 851
401, 531
401, 661
401, 981
401, 791
401, 471
401, 601
401, 921
401, 731
401, 411
401, 541
401, 861
401, 991
401, 671
401, 481
401, 801
401, 931
401, 611
401, 421
401, 741
401, 871
401, 551
401, 681
401, 811
401, 491
401, 621
401, 941
401, 751
401, 431
401, 561
401, 881
401, 691
401, 501
401, 821
401, 951
401, 631
401, 441
401, 761
401, 891
401, 571
401, 701
401, 831
401, 511
914, 934
914, 954
914, 974
914, 994
914, 984
914, 964
914, 944
914, 924
658, 768
658, 898
658, 708
658, 838
658, 968
658, 778
658, 908
658, 718
658, 848
658, 978
658, 788
658, 918
658, 728
658, 858
658, 988
658, 668
658, 798
658, 928
658, 738
658, 868
658, 678
658, 998
658, 808
658, 938
658, 748
658, 878
658, 688
658, 818
658, 948
658, 758
658, 888
658, 698
658, 828
658, 958
146, 256
146, 576
146, 896
146, 386
146, 706
146, 196
146, 516
146, 836
146, 966
146, 326
146, 646
146, 456
146, 776
146, 266
146, 586
146, 906
146, 716
146, 396
146, 206
146, 526
146, 846
146, 976
146, 656
146, 336
146, 466
146, 786
146, 916
146, 596
146, 276
146, 406
146, 726
146, 856
146, 536
146, 216
146, 346
146, 666
146, 986
146, 796
146, 476
146, 156
146, 286
146, 606
146, 926
146, 736
146, 416
146, 226
146, 546
146, 866
146, 996
146, 676
146, 356
146, 166
146, 486
146, 806
146, 936
146, 616
146, 296
146, 426
146, 746
146, 876
146, 556
146, 236
146, 366
146, 686
146, 816
146, 496
146, 176
146, 306
146, 626
146, 946
146, 756
146, 436
146, 246
146, 566
146, 886
146, 696
146, 376
146, 186
146, 506
146, 826
146, 956
146, 636
146, 316
146, 446
146, 766
402, 512
402, 832
402, 642
402, 962
402, 452
402, 772
402, 582
402, 902
402, 712
402, 842
402, 522
402, 972
402, 652
402, 462
402, 782
402, 912
402, 592
402, 722
402, 852
402, 532
402, 662
402, 982
402, 792
402, 472
402, 602
402, 922
402, 732
402, 412
402, 542
402, 862
402, 992
402, 672
402, 482
402, 802
402, 932
402, 612
402, 422
402, 742
402, 872
402, 552
402, 682
402, 812
402, 492
402, 622
402, 942
402, 752
402, 432
402, 562
402, 882
402, 692
402, 502
402, 822
402, 952
402, 632
402, 442
402, 762
402, 892
402, 572
402, 702
915, 935
915, 955
915, 975
915, 995
915, 985
915, 965
915, 945
915, 925
659, 769
659, 899
659, 709
659, 839
659, 969
659, 779
659, 909
659, 719
659, 849
659, 979
659, 789
659, 919
659, 729
659, 859
659, 989
659, 669
659, 799
659, 929
659, 739
659, 869
659, 679
659, 999
659, 809
659, 939
659, 749
659, 879
659, 689
659, 819
659, 949
659, 759
659, 889
659, 699
659, 829
659, 959
147, 257
147, 577
147, 897
147, 387
147, 707
147, 197
147, 517
147, 837
147, 967
147, 327
147, 647
147, 457
147, 777
147, 267
147, 587
147, 907
147, 717
147, 397
147, 207
147, 527
147, 847
147, 977
147, 657
147, 337
147, 467
147, 787
147, 917
147, 597
147, 277
147, 407
147, 727
147, 857
147, 537
147, 217
147, 347
147, 667
147, 987
147, 797
147, 477
147, 157
147, 287
147, 607
147, 927
147, 737
147, 417
147, 227
147, 547
147, 867
147, 997
147, 677
147, 357
147, 167
147, 487
147, 807
147, 937
147, 617
147, 297
147, 427
147, 747
147, 877
147, 557
147, 237
147, 367
147, 687
147, 817
147, 497
147, 177
147, 307
147, 627
147, 947
147, 757
147, 437
147, 247
147, 567
147, 887
147, 697
147, 377
147, 187
147, 507
147, 827
147, 957
147, 637
147, 317
147, 447
147, 767
403, 513
403, 833
403, 643
403, 963
403, 453
403, 773
403, 583
403, 903
403, 713
403, 843
403, 523
403, 973
403, 653
403, 463
403, 783
403, 913
403, 593
403, 723
403, 853
403, 533
403, 663
403, 983
403, 793
403, 473
403, 603
403, 923
403, 733
403, 413
403, 543
403, 863
403, 993
403, 673
403, 483
403, 803
403, 933
403, 613
403, 423
403, 743
403, 873
403, 553
403, 683
403, 813
403, 493
403, 623
403, 943
403, 753
403, 433
403, 563
403, 883
403, 693
403, 503
403, 823
403, 953
403, 633
403, 443
403, 763
403, 893
403, 573
403, 703
916, 936
916, 956
916, 976
916, 996
916, 986
916, 966
916, 946
916, 926
660, 960
660, 770
660, 900
660, 710
660, 840
660, 970
660, 780
660, 910
660, 720
660, 850
660, 980
660, 790
660, 920
660, 730
660, 860
660, 990
660, 670
660, 800
660, 930
660, 740
660, 870
660, 680
660, 1000
660, 810
660, 940
660, 750
660, 880
660, 690
660, 820
660, 950
660, 760
660, 890
660, 700
660, 830
148, 448
148, 768
148, 258
148, 578
148, 898
148, 388
148, 708
148, 518
148, 198
148, 838
148, 328
148, 968
148, 648
148, 778
148, 458
148, 268
148, 908
148, 588
148, 718
148, 398
148, 208
148, 528
148, 848
148, 978
148, 658
148, 338
148, 468
148, 788
148, 918
148, 598
148, 278
148, 408
148, 728
148, 858
148, 538
148, 218
148, 348
148, 668
148, 988
148, 798
148, 478
148, 158
148, 288
148, 608
148, 928
148, 738
148, 418
148, 228
148, 548
148, 868
148, 998
148, 678
148, 358
148, 168
148, 488
148, 808
148, 938
148, 618
148, 298
148, 428
148, 748
148, 878
148, 558
148, 238
148, 368
148, 688
148, 818
148, 498
148, 178
148, 308
148, 628
148, 948
148, 758
148, 438
148, 248
148, 568
148, 888
148, 698
148, 378
148, 188
148, 508
148, 828
148, 958
148, 638
148, 318
404, 704
404, 514
404, 834
404, 644
404, 964
404, 454
404, 774
404, 584
404, 904
404, 714
404, 524
404, 844
404, 654
404, 974
404, 464
404, 784
404, 914
404, 594
404, 724
404, 854
404, 534
404, 664
404, 984
404, 794
404, 474
404, 604
404, 924
404, 734
404, 414
404, 544
404, 864
404, 994
404, 674
404, 484
404, 804
404, 934
404, 614
404, 424
404, 744
404, 874
404, 554
404, 684
404, 814
404, 494
404, 624
404, 944
404, 754
404, 434
404, 564
404, 884
404, 694
404, 504
404, 824
404, 954
404, 634
404, 444
404, 764
404, 894
404, 574
917, 937
917, 957
917, 977
917, 997
917, 987
917, 967
917, 947
917, 927
661, 961
661, 771
661, 901
661, 711
661, 841
661, 971
661, 781
661, 911
661, 721
661, 851
661, 981
661, 791
661, 921
661, 731
661, 861
661, 991
661, 671
661, 801
661, 931
661, 741
661, 871
661, 681
661, 811
661, 941
661, 751
661, 881
661, 691
661, 821
661, 951
661, 761
661, 891
661, 701
661, 831
149, 449
149, 769
149, 259
149, 579
149, 899
149, 389
149, 709
149, 519
149, 199
149, 839
149, 329
149, 969
149, 649
149, 779
149, 459
149, 269
149, 909
149, 589
149, 719
149, 399
149, 209
149, 529
149, 849
149, 979
149, 659
149, 339
149, 469
149, 789
149, 919
149, 599
149, 279
149, 409
149, 729
149, 859
149, 539
149, 219
149, 349
149, 669
149, 989
149, 799
149, 479
149, 159
149, 289
149, 609
149, 929
149, 739
149, 419
149, 229
149, 549
149, 869
149, 999
149, 679
149, 359
149, 169
149, 489
149, 809
149, 939
149, 619
149, 299
149, 429
149, 749
149, 879
149, 559
149, 239
149, 369
149, 689
149, 819
149, 499
149, 179
149, 309
149, 629
149, 949
149, 759
149, 439
149, 249
149, 569
149, 889
149, 699
149, 379
149, 189
149, 509
149, 829
149, 959
149, 639
149, 319
405, 705
405, 515
405, 835
405, 645
405, 965
405, 455
405, 775
405, 585
405, 905
405, 715
405, 525
405, 845
405, 655
405, 975
405, 465
405, 785
405, 915
405, 595
405, 725
405, 855
405, 535
405, 665
405, 985
405, 795
405, 475
405, 605
405, 925
405, 735
405, 415
405, 545
405, 865
405, 995
405, 675
405, 485
405, 805
405, 935
405, 615
405, 425
405, 745
405, 875
405, 555
405, 685
405, 815
405, 495
405, 625
405, 945
405, 755
405, 435
405, 565
405, 885
405, 695
405, 505
405, 825
405, 955
405, 635
405, 445
405, 765
405, 895
405, 575
918, 938
918, 958
918, 978
918, 998
918, 988
918, 968
918, 948
918, 928
662, 832
662, 962
662, 772
662, 902
662, 712
662, 842
662, 972
662, 782
662, 912
662, 722
662, 852
662, 982
662, 792
662, 922
662, 732
662, 862
662, 992
662, 672
662, 802
662, 932
662, 742
662, 872
662, 682
662, 812
662, 942
662, 752
662, 882
662, 692
662, 822
662, 952
662, 762
662, 892
662, 702
150, 320
150, 640
150, 960
150, 450
150, 770
150, 260
150, 580
150, 900
150, 390
150, 710
150, 840
150, 520
150, 200
150, 330
150, 650
150, 970
150, 780
150, 460
150, 270
150, 590
150, 910
150, 720
150, 400
150, 210
150, 530
150, 850
150, 980
150, 660
150, 340
150, 470
150, 790
150, 920
150, 600
150, 280
150, 410
150, 730
150, 860
150, 540
150, 220
150, 350
150, 670
150, 990
150, 800
150, 480
150, 160
150, 290
150, 610
150, 930
150, 740
150, 420
150, 230
150, 550
150, 870
150, 1000
150, 680
150, 360
150, 170
150, 490
150, 810
150, 940
150, 620
150, 300
150, 430
150, 750
150, 880
150, 560
150, 240
150, 370
150, 690
150, 820
150, 500
150, 180
150, 310
150, 630
150, 950
150, 760
150, 440
150, 250
150, 570
150, 890
150, 700
150, 380
150, 190
150, 510
150, 830
406, 576
406, 896
406, 706
406, 516
406, 836
406, 646
406, 966
406, 456
406, 776
406, 586
406, 906
406, 716
406, 526
406, 846
406, 976
406, 656
406, 466
406, 786
406, 916
406, 596
406, 726
406, 856
406, 536
406, 666
406, 986
406, 796
406, 476
406, 606
406, 926
406, 736
406, 416
406, 546
406, 866
406, 996
406, 676
406, 486
406, 806
406, 936
406, 616
406, 426
406, 746
406, 876
406, 556
406, 686
406, 816
406, 496
406, 626
406, 946
406, 756
406, 436
406, 566
406, 886
406, 696
406, 506
406, 826
406, 956
406, 636
406, 446
406, 766
919, 939
919, 959
919, 979
919, 999
919, 989
919, 969
919, 949
919, 929
663, 833
663, 963
663, 773
663, 903
663, 713
663, 843
663, 973
663, 783
663, 913
663, 723
663, 853
663, 983
663, 793
663, 923
663, 733
663, 863
663, 993
663, 673
663, 803
663, 933
663, 743
663, 873
663, 683
663, 813
663, 943
663, 753
663, 883
663, 693
663, 823
663, 953
663, 763
663, 893
663, 703
151, 321
151, 641
151, 961
151, 451
151, 771
151, 261
151, 581
151, 901
151, 391
151, 711
151, 841
151, 521
151, 201
151, 331
151, 651
151, 971
151, 781
151, 461
151, 271
151, 591
151, 911
151, 721
151, 401
151, 211
151, 531
151, 851
151, 981
151, 661
151, 341
151, 471
151, 791
151, 921
151, 601
151, 281
151, 411
151, 731
151, 861
151, 541
151, 221
151, 351
151, 671
151, 991
151, 801
151, 481
151, 161
151, 291
151, 611
151, 931
151, 741
151, 421
151, 231
151, 551
151, 871
151, 681
151, 361
151, 171
151, 491
151, 811
151, 941
151, 621
151, 301
151, 431
151, 751
151, 881
151, 561
151, 241
151, 371
151, 691
151, 821
151, 501
151, 181
151, 311
151, 631
151, 951
151, 761
151, 441
151, 251
151, 571
151, 891
151, 701
151, 381
151, 191
151, 511
151, 831
407, 577
407, 897
407, 707
407, 517
407, 837
407, 647
407, 967
407, 457
407, 777
407, 587
407, 907
407, 717
407, 527
407, 847
407, 977
407, 657
407, 467
407, 787
407, 917
407, 597
407, 727
407, 857
407, 537
407, 667
407, 987
407, 797
407, 477
407, 607
407, 927
407, 737
407, 417
407, 547
407, 867
407, 997
407, 677
407, 487
407, 807
407, 937
407, 617
407, 427
407, 747
407, 877
407, 557
407, 687
407, 817
407, 497
407, 627
407, 947
407, 757
407, 437
407, 567
407, 887
407, 697
407, 507
407, 827
407, 957
407, 637
407, 447
407, 767
920, 940
920, 960
920, 980
920, 1000
920, 990
920, 970
920, 950
920, 930
664, 704
664, 834
664, 964
664, 774
664, 904
664, 714
664, 844
664, 974
664, 784
664, 914
664, 724
664, 854
664, 984
664, 794
664, 924
664, 734
664, 864
664, 994
664, 674
664, 804
664, 934
664, 744
664, 874
664, 684
664, 814
664, 944
664, 754
664, 884
664, 694
664, 824
664, 954
664, 764
664, 894
152, 192
152, 512
152, 832
152, 322
152, 642
152, 962
152, 452
152, 772
152, 582
152, 262
152, 902
152, 392
152, 712
152, 522
152, 842
152, 202
152, 332
152, 652
152, 972
152, 782
152, 462
152, 272
152, 592
152, 912
152, 722
152, 402
152, 212
152, 532
152, 852
152, 982
152, 662
152, 342
152, 472
152, 792
152, 922
152, 602
152, 282
152, 412
152, 732
152, 862
152, 542
152, 222
152, 352
152, 672
152, 992
152, 802
152, 482
152, 162
152, 292
152, 612
152, 932
152, 742
152, 422
152, 232
152, 552
152, 872
152, 682
152, 362
152, 172
152, 492
152, 812
152, 942
152, 622
152, 302
152, 432
152, 752
152, 882
152, 562
152, 242
152, 372
152, 692
152, 822
152, 502
152, 182
152, 312
152, 632
152, 952
152, 762
152, 442
152, 252
152, 572
152, 892
152, 702
152, 382
408, 448
408, 768
408, 578
408, 898
408, 708
408, 518
408, 838
408, 968
408, 648
408, 778
408, 458
408, 908
408, 588
408, 718
408, 528
408, 848
408, 978
408, 658
408, 468
408, 788
408, 918
408, 598
408, 728
408, 858
408, 538
408, 668
408, 988
408, 798
408, 478
408, 608
408, 928
408, 738
408, 418
408, 548
408, 868
408, 998
408, 678
408, 488
408, 808
408, 938
408, 618
408, 428
408, 748
408, 878
408, 558
408, 688
408, 818
408, 498
408, 628
408, 948
408, 758
408, 438
408, 568
408, 888
408, 698
408, 508
408, 828
408, 958
408, 638
921, 941
921, 961
921, 981
921, 991
921, 971
921, 951
921, 931
665, 705
665, 835
665, 965
665, 775
665, 905
665, 715
665, 845
665, 975
665, 785
665, 915
665, 725
665, 855
665, 985
665, 795
665, 925
665, 735
665, 865
665, 995
665, 675
665, 805
665, 935
665, 745
665, 875
665, 685
665, 815
665, 945
665, 755
665, 885
665, 695
665, 825
665, 955
665, 765
665, 895
153, 193
153, 513
153, 833
153, 323
153, 643
153, 963
153, 453
153, 773
153, 583
153, 263
153, 903
153, 393
153, 713
153, 523
153, 843
153, 203
153, 333
153, 653
153, 973
153, 783
153, 463
153, 273
153, 593
153, 913
153, 723
153, 403
153, 213
153, 533
153, 853
153, 983
153, 663
153, 343
153, 473
153, 793
153, 923
153, 603
153, 283
153, 413
153, 733
153, 863
153, 543
153, 223
153, 353
153, 673
153, 993
153, 803
153, 483
153, 163
153, 293
153, 613
153, 933
153, 743
153, 423
153, 233
153, 553
153, 873
153, 683
153, 363
153, 173
153, 493
153, 813
153, 943
153, 623
153, 303
153, 433
153, 753
153, 883
153, 563
153, 243
153, 373
153, 693
153, 823
153, 503
153, 183
153, 313
153, 633
153, 953
153, 763
153, 443
153, 253
153, 573
153, 893
153, 703
153, 383
409, 449
409, 769
409, 579
409, 899
409, 709
409, 519
409, 839
409, 969
409, 649
409, 779
409, 459
409, 909
409, 589
409, 719
409, 529
409, 849
409, 979
409, 659
409, 469
409, 789
409, 919
409, 599
409, 729
409, 859
409, 539
409, 669
409, 989
409, 799
409, 479
409, 609
409, 929
409, 739
409, 419
409, 549
409, 869
409, 999
409, 679
409, 489
409, 809
409, 939
409, 619
409, 429
409, 749
409, 879
409, 559
409, 689
409, 819
409, 499
409, 629
409, 949
409, 759
409, 439
409, 569
409, 889
409, 699
409, 509
409, 829
409, 959
409, 639
922, 942
922, 962
922, 982
922, 992
922, 972
922, 952
922, 932
666, 896
666, 706
666, 836
666, 966
666, 776
666, 906
666, 716
666, 846
666, 976
666, 786
666, 916
666, 726
666, 856
666, 986
666, 796
666, 926
666, 736
666, 866
666, 996
666, 676
666, 806
666, 936
666, 746
666, 876
666, 686
666, 816
666, 946
666, 756
666, 886
666, 696
666, 826
666, 956
666, 766
154, 384
154, 704
154, 194
154, 514
154, 834
154, 324
154, 644
154, 964
154, 454
154, 774
154, 904
154, 584
154, 264
154, 394
154, 714
154, 844
154, 524
154, 204
154, 334
154, 974
154, 654
154, 784
154, 464
154, 274
154, 594
154, 914
154, 724
154, 404
154, 214
154, 534
154, 854
154, 984
154, 664
154, 344
154, 474
154, 794
154, 924
154, 604
154, 284
154, 414
154, 734
154, 864
154, 544
154, 224
154, 354
154, 674
154, 994
154, 804
154, 484
154, 164
154, 294
154, 614
154, 934
154, 744
154, 424
154, 234
154, 554
154, 874
154, 684
154, 364
154, 174
154, 494
154, 814
154, 944
154, 624
154, 304
154, 434
154, 754
154, 884
154, 564
154, 244
154, 374
154, 694
154, 824
154, 504
154, 184
154, 314
154, 634
154, 954
154, 764
154, 444
154, 254
154, 574
154, 894
410, 640
410, 960
410, 450
410, 770
410, 580
410, 900
410, 710
410, 840
410, 520
410, 650
410, 970
410, 780
410, 460
410, 590
410, 910
410, 720
410, 530
410, 850
410, 980
410, 660
410, 470
410, 790
410, 920
410, 600
410, 730
410, 860
410, 540
410, 670
410, 990
410, 800
410, 480
410, 610
410, 930
410, 740
410, 420
410, 550
410, 870
410, 1000
410, 680
410, 490
410, 810
410, 940
410, 620
410, 430
410, 750
410, 880
410, 560
410, 690
410, 820
410, 500
410, 630
410, 950
410, 760
410, 440
410, 570
410, 890
410, 700
410, 510
410, 830
923, 943
923, 963
923, 983
923, 993
923, 973
923, 953
923, 933
667, 897
667, 707
667, 837
667, 967
667, 777
667, 907
667, 717
667, 847
667, 977
667, 787
667, 917
667, 727
667, 857
667, 987
667, 797
667, 927
667, 737
667, 867
667, 997
667, 677
667, 807
667, 937
667, 747
667, 877
667, 687
667, 817
667, 947
667, 757
667, 887
667, 697
667, 827
667, 957
667, 767
155, 385
155, 705
155, 195
155, 515
155, 835
155, 325
155, 645
155, 965
155, 455
155, 775
155, 905
155, 585
155, 265
155, 395
155, 715
155, 845
155, 525
155, 205
155, 335
155, 975
155, 655
155, 785
155, 465
155, 275
155, 595
155, 915
155, 725
155, 405
155, 215
155, 535
155, 855
155, 985
155, 665
155, 345
155, 475
155, 795
155, 925
155, 605
155, 285
155, 415
155, 735
155, 865
155, 545
155, 225
155, 355
155, 675
155, 995
155, 805
155, 485
155, 165
155, 295
155, 615
155, 935
155, 745
155, 425
155, 235
155, 555
155, 875
155, 685
155, 365
155, 175
155, 495
155, 815
155, 945
155, 625
155, 305
155, 435
155, 755
155, 885
155, 565
155, 245
155, 375
155, 695
155, 825
155, 505
155, 185
155, 315
155, 635
155, 955
155, 765
155, 445
155, 255
155, 575
155, 895
411, 641
411, 961
411, 451
411, 771
411, 581
411, 901
411, 711
411, 841
411, 521
411, 651
411, 971
411, 781
411, 461
411, 591
411, 911
411, 721
411, 531
411, 851
411, 981
411, 661
411, 471
411, 791
411, 921
411, 601
411, 731
411, 861
411, 541
411, 671
411, 991
411, 801
411, 481
411, 611
411, 931
411, 741
411, 421
411, 551
411, 871
411, 681
411, 491
411, 811
411, 941
411, 621
411, 431
411, 751
411, 881
411, 561
411, 691
411, 821
411, 501
411, 631
411, 951
411, 761
411, 441
411, 571
411, 891
411, 701
411, 511
411, 831
924, 944
924, 964
924, 984
924, 994
924, 974
924, 954
924, 934
668, 768
668, 898
668, 708
668, 838
668, 968
668, 778
668, 908
668, 718
668, 848
668, 978
668, 788
668, 918
668, 728
668, 858
668, 988
668, 798
668, 928
668, 738
668, 868
668, 998
668, 678
668, 808
668, 938
668, 748
668, 878
668, 688
668, 818
668, 948
668, 758
668, 888
668, 698
668, 828
668, 958
156, 256
156, 576
156, 896
156, 386
156, 706
156, 196
156, 516
156, 836
156, 646
156, 326
156, 966
156, 776
156, 456
156, 906
156, 586
156, 266
156, 396
156, 716
156, 846
156, 526
156, 206
156, 336
156, 656
156, 976
156, 786
156, 466
156, 276
156, 596
156, 916
156, 726
156, 406
156, 216
156, 536
156, 856
156, 986
156, 666
156, 346
156, 476
156, 796
156, 926
156, 606
156, 286
156, 416
156, 736
156, 866
156, 546
156, 226
156, 356
156, 676
156, 996
156, 806
156, 486
156, 166
156, 296
156, 616
156, 936
156, 746
156, 426
156, 236
156, 556
156, 876
156, 686
156, 366
156, 176
156, 496
156, 816
156, 946
156, 626
156, 306
156, 436
156, 756
156, 886
156, 566
156, 246
156, 376
156, 696
156, 826
156, 506
156, 186
156, 316
156, 636
156, 956
156, 766
156, 446
412, 512
412, 832
412, 642
412, 962
412, 452
412, 772
412, 582
412, 902
412, 712
412, 522
412, 842
412, 652
412, 972
412, 782
412, 462
412, 592
412, 912
412, 722
412, 532
412, 852
412, 982
412, 662
412, 472
412, 792
412, 922
412, 602
412, 732
412, 862
412, 542
412, 672
412, 992
412, 802
412, 482
412, 612
412, 932
412, 742
412, 422
412, 552
412, 872
412, 682
412, 492
412, 812
412, 942
412, 622
412, 432
412, 752
412, 882
412, 562
412, 692
412, 822
412, 502
412, 632
412, 952
412, 762
412, 442
412, 572
412, 892
412, 702
925, 945
925, 965
925, 985
925, 995
925, 975
925, 955
925, 935
669, 769
669, 899
669, 709
669, 839
669, 969
669, 779
669, 909
669, 719
669, 849
669, 979
669, 789
669, 919
669, 729
669, 859
669, 989
669, 799
669, 929
669, 739
669, 869
669, 999
669, 679
669, 809
669, 939
669, 749
669, 879
669, 689
669, 819
669, 949
669, 759
669, 889
669, 699
669, 829
669, 959
157, 257
157, 577
157, 897
157, 387
157, 707
157, 197
157, 517
157, 837
157, 647
157, 327
157, 967
157, 777
157, 457
157, 907
157, 587
157, 267
157, 397
157, 717
157, 847
157, 527
157, 207
157, 337
157, 657
157, 977
157, 787
157, 467
157, 277
157, 597
157, 917
157, 727
157, 407
157, 217
157, 537
157, 857
157, 987
157, 667
157, 347
157, 477
157, 797
157, 927
157, 607
157, 287
157, 417
157, 737
157, 867
157, 547
157, 227
157, 357
157, 677
157, 997
157, 807
157, 487
157, 167
157, 297
157, 617
157, 937
157, 747
157, 427
157, 237
157, 557
157, 877
157, 687
157, 367
157, 177
157, 497
157, 817
157, 947
157, 627
157, 307
157, 437
157, 757
157, 887
157, 567
157, 247
157, 377
157, 697
157, 827
157, 507
157, 187
157, 317
157, 637
157, 957
157, 767
157, 447
413, 513
413, 833
413, 643
413, 963
413, 453
413, 773
413, 583
413, 903
413, 713
413, 523
413, 843
413, 653
413, 973
413, 783
413, 463
413, 593
413, 913
413, 723
413, 533
413, 853
413, 983
413, 663
413, 473
413, 793
413, 923
413, 603
413, 733
413, 863
413, 543
413, 673
413, 993
413, 803
413, 483
413, 613
413, 933
413, 743
413, 423
413, 553
413, 873
413, 683
413, 493
413, 813
413, 943
413, 623
413, 433
413, 753
413, 883
413, 563
413, 693
413, 823
413, 503
413, 633
413, 953
413, 763
413, 443
413, 573
413, 893
413, 703
926, 946
926, 966
926, 986
926, 996
926, 976
926, 956
926, 936
670, 960
670, 770
670, 900
670, 710
670, 840
670, 970
670, 780
670, 910
670, 720
670, 850
670, 980
670, 790
670, 920
670, 730
670, 860
670, 990
670, 800
670, 930
670, 740
670, 870
670, 1000
670, 680
670, 810
670, 940
670, 750
670, 880
670, 690
670, 820
670, 950
670, 760
670, 890
670, 700
670, 830
158, 448
158, 768
158, 258
158, 578
158, 898
158, 388
158, 708
158, 838
158, 198
158, 518
158, 648
158, 968
158, 328
158, 458
158, 778
158, 588
158, 908
158, 268
158, 398
158, 718
158, 848
158, 528
158, 208
158, 338
158, 658
158, 978
158, 788
158, 468
158, 278
158, 598
158, 918
158, 728
158, 408
158, 218
158, 538
158, 858
158, 988
158, 668
158, 348
158, 478
158, 798
158, 928
158, 608
158, 288
158, 418
158, 738
158, 868
158, 548
158, 228
158, 358
158, 678
158, 998
158, 808
158, 488
158, 168
158, 298
158, 618
158, 938
158, 748
158, 428
158, 238
158, 558
158, 878
158, 688
158, 368
158, 178
158, 498
158, 818
158, 948
158, 628
158, 308
158, 438
158, 758
158, 888
158, 568
158, 248
158, 378
158, 698
158, 828
158, 508
158, 188
158, 318
158, 638
158, 958
414, 704
414, 514
414, 834
414, 644
414, 964
414, 454
414, 774
414, 904
414, 584
414, 714
414, 844
414, 524
414, 974
414, 654
414, 784
414, 464
414, 594
414, 914
414, 724
414, 534
414, 854
414, 984
414, 664
414, 474
414, 794
414, 924
414, 604
414, 734
414, 864
414, 544
414, 674
414, 994
414, 804
414, 484
414, 614
414, 934
414, 744
414, 424
414, 554
414, 874
414, 684
414, 494
414, 814
414, 944
414, 624
414, 434
414, 754
414, 884
414, 564
414, 694
414, 824
414, 504
414, 634
414, 954
414, 764
414, 444
414, 574
414, 894
927, 947
927, 967
927, 987
927, 997
927, 977
927, 957
927, 937
671, 961
671, 771
671, 901
671, 711
671, 841
671, 971
671, 781
671, 911
671, 721
671, 851
671, 981
671, 791
671, 921
671, 731
671, 861
671, 991
671, 801
671, 931
671, 741
671, 871
671, 681
671, 811
671, 941
671, 751
671, 881
671, 691
671, 821
671, 951
671, 761
671, 891
671, 701
671, 831
159, 449
159, 769
159, 259
159, 579
159, 899
159, 389
159, 709
159, 839
159, 199
159, 519
159, 649
159, 969
159, 329
159, 459
159, 779
159, 589
159, 909
159, 269
159, 399
159, 719
159, 849
159, 529
159, 209
159, 339
159, 659
159, 979
159, 789
159, 469
159, 279
159, 599
159, 919
159, 729
159, 409
159, 219
159, 539
159, 859
159, 989
159, 669
159, 349
159, 479
159, 799
159, 929
159, 609
159, 289
159, 419
159, 739
159, 869
159, 549
159, 229
159, 359
159, 679
159, 999
159, 809
159, 489
159, 169
159, 299
159, 619
159, 939
159, 749
159, 429
159, 239
159, 559
159, 879
159, 689
159, 369
159, 179
159, 499
159, 819
159, 949
159, 629
159, 309
159, 439
159, 759
159, 889
159, 569
159, 249
159, 379
159, 699
159, 829
159, 509
159, 189
159, 319
159, 639
159, 959
415, 705
415, 515
415, 835
415, 645
415, 965
415, 455
415, 775
415, 905
415, 585
415, 715
415, 845
415, 525
415, 975
415, 655
415, 785
415, 465
415, 595
415, 915
415, 725
415, 535
415, 855
415, 985
415, 665
415, 475
415, 795
415, 925
415, 605
415, 735
415, 865
415, 545
415, 675
415, 995
415, 805
415, 485
415, 615
415, 935
415, 745
415, 425
415, 555
415, 875
415, 685
415, 495
415, 815
415, 945
415, 625
415, 435
415, 755
415, 885
415, 565
415, 695
415, 825
415, 505
415, 635
415, 955
415, 765
415, 445
415, 575
415, 895
928, 948
928, 968
928, 988
928, 998
928, 978
928, 958
928, 938
672, 832
672, 962
672, 772
672, 902
672, 712
672, 842
672, 972
672, 782
672, 912
672, 722
672, 852
672, 982
672, 792
672, 922
672, 732
672, 862
672, 992
672, 802
672, 932
672, 742
672, 872
672, 682
672, 812
672, 942
672, 752
672, 882
672, 692
672, 822
672, 952
672, 762
672, 892
672, 702
160, 320
160, 640
160, 960
160, 450
160, 770
160, 260
160, 580
160, 900
160, 710
160, 390
160, 200
160, 520
160, 840
160, 970
160, 650
160, 330
160, 460
160, 780
160, 910
160, 590
160, 270
160, 400
160, 720
160, 850
160, 530
160, 210
160, 340
160, 660
160, 980
160, 790
160, 470
160, 280
160, 600
160, 920
160, 730
160, 410
160, 220
160, 540
160, 860
160, 990
160, 670
160, 350
160, 480
160, 800
160, 930
160, 610
160, 290
160, 420
160, 740
160, 870
160, 550
160, 230
160, 360
160, 680
160, 1000
160, 810
160, 490
160, 170
160, 300
160, 620
160, 940
160, 750
160, 430
160, 240
160, 560
160, 880
160, 690
160, 370
160, 180
160, 500
160, 820
160, 950
160, 630
160, 310
160, 440
160, 760
160, 890
160, 570
160, 250
160, 380
160, 700
160, 830
160, 510
160, 190
416, 576
416, 896
416, 706
416, 516
416, 836
416, 646
416, 966
416, 776
416, 456
416, 906
416, 586
416, 716
416, 846
416, 526
416, 656
416, 976
416, 786
416, 466
416, 596
416, 916
416, 726
416, 536
416, 856
416, 986
416, 666
416, 476
416, 796
416, 926
416, 606
416, 736
416, 866
416, 546
416, 676
416, 996
416, 806
416, 486
416, 616
416, 936
416, 746
416, 426
416, 556
416, 876
416, 686
416, 496
416, 816
416, 946
416, 626
416, 436
416, 756
416, 886
416, 566
416, 696
416, 826
416, 506
416, 636
416, 956
416, 766
416, 446
929, 949
929, 969
929, 989
929, 999
929, 979
929, 959
929, 939
673, 833
673, 963
673, 773
673, 903
673, 713
673, 843
673, 973
673, 783
673, 913
673, 723
673, 853
673, 983
673, 793
673, 923
673, 733
673, 863
673, 993
673, 803
673, 933
673, 743
673, 873
673, 683
673, 813
673, 943
673, 753
673, 883
673, 693
673, 823
673, 953
673, 763
673, 893
673, 703
161, 321
161, 641
161, 961
161, 451
161, 771
161, 261
161, 581
161, 901
161, 711
161, 391
161, 201
161, 521
161, 841
161, 971
161, 651
161, 331
161, 461
161, 781
161, 911
161, 591
161, 271
161, 401
161, 721
161, 851
161, 531
161, 211
161, 341
161, 661
161, 981
161, 791
161, 471
161, 281
161, 601
161, 921
161, 731
161, 411
161, 221
161, 541
161, 861
161, 991
161, 671
161, 351
161, 481
161, 801
161, 931
161, 611
161, 291
161, 421
161, 741
161, 871
161, 551
161, 231
161, 361
161, 681
161, 811
161, 491
161, 171
161, 301
161, 621
161, 941
161, 751
161, 431
161, 241
161, 561
161, 881
161, 691
161, 371
161, 181
161, 501
161, 821
161, 951
161, 631
161, 311
161, 441
161, 761
161, 891
161, 571
161, 251
161, 381
161, 701
161, 831
161, 511
161, 191
417, 577
417, 897
417, 707
417, 517
417, 837
417, 647
417, 967
417, 777
417, 457
417, 907
417, 587
417, 717
417, 847
417, 527
417, 657
417, 977
417, 787
417, 467
417, 597
417, 917
417, 727
417, 537
417, 857
417, 987
417, 667
417, 477
417, 797
417, 927
417, 607
417, 737
417, 867
417, 547
417, 677
417, 997
417, 807
417, 487
417, 617
417, 937
417, 747
417, 427
417, 557
417, 877
417, 687
417, 497
417, 817
417, 947
417, 627
417, 437
417, 757
417, 887
417, 567
417, 697
417, 827
417, 507
417, 637
417, 957
417, 767
417, 447
930, 950
930, 970
930, 990
930, 1000
930, 980
930, 960
930, 940
674, 704
674, 834
674, 964
674, 774
674, 904
674, 714
674, 844
674, 974
674, 784
674, 914
674, 724
674, 854
674, 984
674, 794
674, 924
674, 734
674, 864
674, 994
674, 804
674, 934
674, 744
674, 874
674, 684
674, 814
674, 944
674, 754
674, 884
674, 694
674, 824
674, 954
674, 764
674, 894
162, 192
162, 512
162, 832
162, 322
162, 642
162, 962
162, 452
162, 772
162, 902
162, 262
162, 582
162, 712
162, 392
162, 202
162, 842
162, 522
162, 972
162, 652
162, 332
162, 462
162, 782
162, 912
162, 592
162, 272
162, 402
162, 722
162, 852
162, 532
162, 212
162, 342
162, 662
162, 982
162, 792
162, 472
162, 282
162, 602
162, 922
162, 732
162, 412
162, 222
162, 542
162, 862
162, 992
162, 672
162, 352
162, 482
162, 802
162, 932
162, 612
162, 292
162, 422
162, 742
162, 872
162, 552
162, 232
162, 362
162, 682
162, 812
162, 492
162, 172
162, 302
162, 622
162, 942
162, 752
162, 432
162, 242
162, 562
162, 882
162, 692
162, 372
162, 182
162, 502
162, 822
162, 952
162, 632
162, 312
162, 442
162, 762
162, 892
162, 572
162, 252
162, 382
162, 702
418, 448
418, 768
418, 578
418, 898
418, 708
418, 518
418, 838
418, 648
418, 968
418, 458
418, 778
418, 588
418, 908
418, 718
418, 848
418, 528
418, 658
418, 978
418, 788
418, 468
418, 598
418, 918
418, 728
418, 538
418, 858
418, 988
418, 668
418, 478
418, 798
418, 928
418, 608
418, 738
418, 868
418, 548
418, 678
418, 998
418, 808
418, 488
418, 618
418, 938
418, 748
418, 428
418, 558
418, 878
418, 688
418, 498
418, 818
418, 948
418, 628
418, 438
418, 758
418, 888
418, 568
418, 698
418, 828
418, 508
418, 638
418, 958
931, 951
931, 971
931, 991
931, 981
931, 961
931, 941
675, 705
675, 835
675, 965
675, 775
675, 905
675, 715
675, 845
675, 975
675, 785
675, 915
675, 725
675, 855
675, 985
675, 795
675, 925
675, 735
675, 865
675, 995
675, 805
675, 935
675, 745
675, 875
675, 685
675, 815
675, 945
675, 755
675, 885
675, 695
675, 825
675, 955
675, 765
675, 895
163, 193
163, 513
163, 833
163, 323
163, 643
163, 963
163, 453
163, 773
163, 903
163, 263
163, 583
163, 713
163, 393
163, 203
163, 843
163, 523
163, 973
163, 653
163, 333
163, 463
163, 783
163, 913
163, 593
163, 273
163, 403
163, 723
163, 853
163, 533
163, 213
163, 343
163, 663
163, 983
163, 793
163, 473
163, 283
163, 603
163, 923
163, 733
163, 413
163, 223
163, 543
163, 863
163, 993
163, 673
163, 353
163, 483
163, 803
163, 933
163, 613
163, 293
163, 423
163, 743
163, 873
163, 553
163, 233
163, 363
163, 683
163, 813
163, 493
163, 173
163, 303
163, 623
163, 943
163, 753
163, 433
163, 243
163, 563
163, 883
163, 693
163, 373
163, 183
163, 503
163, 823
163, 953
163, 633
163, 313
163, 443
163, 763
163, 893
163, 573
163, 253
163, 383
163, 703
419, 449
419, 769
419, 579
419, 899
419, 709
419, 519
419, 839
419, 649
419, 969
419, 459
419, 779
419, 589
419, 909
419, 719
419, 849
419, 529
419, 659
419, 979
419, 789
419, 469
419, 599
419, 919
419, 729
419, 539
419, 859
419, 989
419, 669
419, 479
419, 799
419, 929
419, 609
419, 739
419, 869
419, 549
419, 679
419, 999
419, 809
419, 489
419, 619
419, 939
419, 749
419, 429
419, 559
419, 879
419, 689
419, 499
419, 819
419, 949
419, 629
419, 439
419, 759
419, 889
419, 569
419, 699
419, 829
419, 509
419, 639
419, 959
932, 952
932, 972
932, 992
932, 982
932, 962
932, 942
676, 896
676, 706
676, 836
676, 966
676, 776
676, 906
676, 716
676, 846
676, 976
676, 786
676, 916
676, 726
676, 856
676, 986
676, 796
676, 926
676, 736
676, 866
676, 996
676, 806
676, 936
676, 746
676, 876
676, 686
676, 816
676, 946
676, 756
676, 886
676, 696
676, 826
676, 956
676, 766
164, 384
164, 704
164, 194
164, 514
164, 834
164, 324
164, 644
164, 964
164, 774
164, 454
164, 264
164, 584
164, 904
164, 714
164, 394
164, 204
164, 524
164, 844
164, 654
164, 974
164, 334
164, 464
164, 784
164, 914
164, 594
164, 274
164, 404
164, 724
164, 854
164, 534
164, 214
164, 344
164, 664
164, 984
164, 794
164, 474
164, 284
164, 604
164, 924
164, 734
164, 414
164, 224
164, 544
164, 864
164, 994
164, 674
164, 354
164, 484
164, 804
164, 934
164, 614
164, 294
164, 424
164, 744
164, 874
164, 554
164, 234
164, 364
164, 684
164, 814
164, 494
164, 174
164, 304
164, 624
164, 944
164, 754
164, 434
164, 244
164, 564
164, 884
164, 694
164, 374
164, 184
164, 504
164, 824
164, 954
164, 634
164, 314
164, 444
164, 764
164, 894
164, 574
164, 254
420, 640
420, 960
420, 450
420, 770
420, 580
420, 900
420, 710
420, 520
420, 840
420, 970
420, 650
420, 460
420, 780
420, 910
420, 590
420, 720
420, 850
420, 530
420, 660
420, 980
420, 790
420, 470
420, 600
420, 920
420, 730
420, 540
420, 860
420, 990
420, 670
420, 480
420, 800
420, 930
420, 610
420, 740
420, 870
420, 550
420, 680
420, 1000
420, 810
420, 490
420, 620
420, 940
420, 750
420, 430
420, 560
420, 880
420, 690
420, 500
420, 820
420, 950
420, 630
420, 440
420, 760
420, 890
420, 570
420, 700
420, 830
420, 510
933, 953
933, 973
933, 993
933, 983
933, 963
933, 943
677, 897
677, 707
677, 837
677, 967
677, 777
677, 907
677, 717
677, 847
677, 977
677, 787
677, 917
677, 727
677, 857
677, 987
677, 797
677, 927
677, 737
677, 867
677, 997
677, 807
677, 937
677, 747
677, 877
677, 687
677, 817
677, 947
677, 757
677, 887
677, 697
677, 827
677, 957
677, 767
165, 385
165, 705
165, 195
165, 515
165, 835
165, 325
165, 645
165, 965
165, 775
165, 455
165, 265
165, 585
165, 905
165, 715
165, 395
165, 205
165, 525
165, 845
165, 655
165, 975
165, 335
165, 465
165, 785
165, 915
165, 595
165, 275
165, 405
165, 725
165, 855
165, 535
165, 215
165, 345
165, 665
165, 985
165, 795
165, 475
165, 285
165, 605
165, 925
165, 735
165, 415
165, 225
165, 545
165, 865
165, 995
165, 675
165, 355
165, 485
165, 805
165, 935
165, 615
165, 295
165, 425
165, 745
165, 875
165, 555
165, 235
165, 365
165, 685
165, 815
165, 495
165, 175
165, 305
165, 625
165, 945
165, 755
165, 435
165, 245
165, 565
165, 885
165, 695
165, 375
165, 185
165, 505
165, 825
165, 955
165, 635
165, 315
165, 445
165, 765
165, 895
165, 575
165, 255
421, 641
421, 961
421, 451
421, 771
421, 581
421, 901
421, 711
421, 521
421, 841
421, 971
421, 651
421, 461
421, 781
421, 911
421, 591
421, 721
421, 851
421, 531
421, 661
421, 981
421, 791
421, 471
421, 601
421, 921
421, 731
421, 541
421, 861
421, 991
421, 671
421, 481
421, 801
421, 931
421, 611
421, 741
421, 871
421, 551
421, 681
421, 811
421, 491
421, 621
421, 941
421, 751
421, 431
421, 561
421, 881
421, 691
421, 501
421, 821
421, 951
421, 631
421, 441
421, 761
421, 891
421, 571
421, 701
421, 831
421, 511
934, 954
934, 974
934, 994
934, 984
934, 964
934, 944
678, 768
678, 898
678, 708
678, 838
678, 968
678, 778
678, 908
678, 718
678, 848
678, 978
678, 788
678, 918
678, 728
678, 858
678, 988
678, 798
678, 928
678, 738
678, 868
678, 998
678, 808
678, 938
678, 748
678, 878
678, 688
678, 818
678, 948
678, 758
678, 888
678, 698
678, 828
678, 958
166, 256
166, 576
166, 896
166, 386
166, 706
166, 196
166, 516
166, 836
166, 966
166, 326
166, 646
166, 456
166, 776
166, 266
166, 586
166, 906
166, 716
166, 396
166, 206
166, 526
166, 846
166, 976
166, 656
166, 336
166, 466
166, 786
166, 916
166, 596
166, 276
166, 406
166, 726
166, 856
166, 536
166, 216
166, 346
166, 666
166, 986
166, 796
166, 476
166, 286
166, 606
166, 926
166, 736
166, 416
166, 226
166, 546
166, 866
166, 996
166, 676
166, 356
166, 486
166, 806
166, 936
166, 616
166, 296
166, 426
166, 746
166, 876
166, 556
166, 236
166, 366
166, 686
166, 816
166, 496
166, 176
166, 306
166, 626
166, 946
166, 756
166, 436
166, 246
166, 566
166, 886
166, 696
166, 376
166, 186
166, 506
166, 826
166, 956
166, 636
166, 316
166, 446
166, 766
422, 512
422, 832
422, 642
422, 962
422, 452
422, 772
422, 582
422, 902
422, 712
422, 842
422, 522
422, 972
422, 652
422, 462
422, 782
422, 912
422, 592
422, 722
422, 852
422, 532
422, 662
422, 982
422, 792
422, 472
422, 602
422, 922
422, 732
422, 542
422, 862
422, 992
422, 672
422, 482
422, 802
422, 932
422, 612
422, 742
422, 872
422, 552
422, 682
422, 812
422, 492
422, 622
422, 942
422, 752
422, 432
422, 562
422, 882
422, 692
422, 502
422, 822
422, 952
422, 632
422, 442
422, 762
422, 892
422, 572
422, 702
935, 955
935, 975
935, 995
935, 985
935, 965
935, 945
679, 769
679, 899
679, 709
679, 839
679, 969
679, 779
679, 909
679, 719
679, 849
679, 979
679, 789
679, 919
679, 729
679, 859
679, 989
679, 799
679, 929
679, 739
679, 869
679, 999
679, 809
679, 939
679, 749
679, 879
679, 689
679, 819
679, 949
679, 759
679, 889
679, 699
679, 829
679, 959
167, 257
167, 577
167, 897
167, 387
167, 707
167, 197
167, 517
167, 837
167, 967
167, 327
167, 647
167, 457
167, 777
167, 267
167, 587
167, 907
167, 717
167, 397
167, 207
167, 527
167, 847
167, 977
167, 657
167, 337
167, 467
167, 787
167, 917
167, 597
167, 277
167, 407
167, 727
167, 857
167, 537
167, 217
167, 347
167, 667
167, 987
167, 797
167, 477
167, 287
167, 607
167, 927
167, 737
167, 417
167, 227
167, 547
167, 867
167, 997
167, 677
167, 357
167, 487
167, 807
167, 937
167, 617
167, 297
167, 427
167, 747
167, 877
167, 557
167, 237
167, 367
167, 687
167, 817
167, 497
167, 177
167, 307
167, 627
167, 947
167, 757
167, 437
167, 247
167, 567
167, 887
167, 697
167, 377
167, 187
167, 507
167, 827
167, 957
167, 637
167, 317
167, 447
167, 767
423, 513
423, 833
423, 643
423, 963
423, 453
423, 773
423, 583
423, 903
423, 713
423, 843
423, 523
423, 973
423, 653
423, 463
423, 783
423, 913
423, 593
423, 723
423, 853
423, 533
423, 663
423, 983
423, 793
423, 473
423, 603
423, 923
423, 733
423, 543
423, 863
423, 993
423, 673
423, 483
423, 803
423, 933
423, 613
423, 743
423, 873
423, 553
423, 683
423, 813
423, 493
423, 623
423, 943
423, 753
423, 433
423, 563
423, 883
423, 693
423, 503
423, 823
423, 953
423, 633
423, 443
423, 763
423, 893
423, 573
423, 703
936, 956
936, 976
936, 996
936, 986
936, 966
936, 946
680, 960
680, 770
680, 900
680, 710
680, 840
680, 970
680, 780
680, 910
680, 720
680, 850
680, 980
680, 790
680, 920
680, 730
680, 860
680, 990
680, 800
680, 930
680, 740
680, 870
680, 1000
680, 810
680, 940
680, 750
680, 880
680, 690
680, 820
680, 950
680, 760
680, 890
680, 700
680, 830
168, 448
168, 768
168, 258
168, 578
168, 898
168, 388
168, 708
168, 518
168, 198
168, 838
168, 328
168, 968
168, 648
168, 778
168, 458
168, 268
168, 908
168, 588
168, 718
168, 398
168, 208
168, 528
168, 848
168, 978
168, 658
168, 338
168, 468
168, 788
168, 918
168, 598
168, 278
168, 408
168, 728
168, 858
168, 538
168, 218
168, 348
168, 668
168, 988
168, 798
168, 478
168, 288
168, 608
168, 928
168, 738
168, 418
168, 228
168, 548
168, 868
168, 998
168, 678
168, 358
168, 488
168, 808
168, 938
168, 618
168, 298
168, 428
168, 748
168, 878
168, 558
168, 238
168, 368
168, 688
168, 818
168, 498
168, 178
168, 308
168, 628
168, 948
168, 758
168, 438
168, 248
168, 568
168, 888
168, 698
168, 378
168, 188
168, 508
168, 828
168, 958
168, 638
168, 318
424, 704
424, 514
424, 834
424, 644
424, 964
424, 454
424, 774
424, 584
424, 904
424, 714
424, 524
424, 844
424, 654
424, 974
424, 464
424, 784
424, 914
424, 594
424, 724
424, 854
424, 534
424, 664
424, 984
424, 794
424, 474
424, 604
424, 924
424, 734
424, 544
424, 864
424, 994
424, 674
424, 484
424, 804
424, 934
424, 614
424, 744
424, 874
424, 554
424, 684
424, 814
424, 494
424, 624
424, 944
424, 754
424, 434
424, 564
424, 884
424, 694
424, 504
424, 824
424, 954
424, 634
424, 444
424, 764
424, 894
424, 574
937, 957
937, 977
937, 997
937, 987
937, 967
937, 947
681, 961
681, 771
681, 901
681, 711
681, 841
681, 971
681, 781
681, 911
681, 721
681, 851
681, 981
681, 791
681, 921
681, 731
681, 861
681, 991
681, 801
681, 931
681, 741
681, 871
681, 811
681, 941
681, 751
681, 881
681, 691
681, 821
681, 951
681, 761
681, 891
681, 701
681, 831
169, 449
169, 769
169, 259
169, 579
169, 899
169, 389
169, 709
169, 519
169, 199
169, 839
169, 329
169, 969
169, 649
169, 779
169, 459
169, 269
169, 909
169, 589
169, 719
169, 399
169, 209
169, 529
169, 849
169, 979
169, 659
169, 339
169, 469
169, 789
169, 919
169, 599
169, 279
169, 409
169, 729
169, 859
169, 539
169, 219
169, 349
169, 669
169, 989
169, 799
169, 479
169, 289
169, 609
169, 929
169, 739
169, 419
169, 229
169, 549
169, 869
169, 999
169, 679
169, 359
169, 489
169, 809
169, 939
169, 619
169, 299
169, 429
169, 749
169, 879
169, 559
169, 239
169, 369
169, 689
169, 819
169, 499
169, 179
169, 309
169, 629
169, 949
169, 759
169, 439
169, 249
169, 569
169, 889
169, 699
169, 379
169, 189
169, 509
169, 829
169, 959
169, 639
169, 319
425, 705
425, 515
425, 835
425, 645
425, 965
425, 455
425, 775
425, 585
425, 905
425, 715
425, 525
425, 845
425, 655
425, 975
425, 465
425, 785
425, 915
425, 595
425, 725
425, 855
425, 535
425, 665
425, 985
425, 795
425, 475
425, 605
425, 925
425, 735
425, 545
425, 865
425, 995
425, 675
425, 485
425, 805
425, 935
425, 615
425, 745
425, 875
425, 555
425, 685
425, 815
425, 495
425, 625
425, 945
425, 755
425, 435
425, 565
425, 885
425, 695
425, 505
425, 825
425, 955
425, 635
425, 445
425, 765
425, 895
425, 575
938, 958
938, 978
938, 998
938, 988
938, 968
938, 948
682, 832
682, 962
682, 772
682, 902
682, 712
682, 842
682, 972
682, 782
682, 912
682, 722
682, 852
682, 982
682, 792
682, 922
682, 732
682, 862
682, 992
682, 802
682, 932
682, 742
682, 872
682, 812
682, 942
682, 752
682, 882
682, 692
682, 822
682, 952
682, 762
682, 892
682, 702
170, 320
170, 640
170, 960
170, 450
170, 770
170, 260
170, 580
170, 900
170, 390
170, 710
170, 840
170, 520
170, 200
170, 330
170, 650
170, 970
170, 780
170, 460
170, 270
170, 590
170, 910
170, 720
170, 400
170, 210
170, 530
170, 850
170, 980
170, 660
170, 340
170, 470
170, 790
170, 920
170, 600
170, 280
170, 410
170, 730
170, 860
170, 540
170, 220
170, 350
170, 670
170, 990
170, 800
170, 480
170, 290
170, 610
170, 930
170, 740
170, 420
170, 230
170, 550
170, 870
170, 1000
170, 680
170, 360
170, 490
170, 810
170, 940
170, 620
170, 300
170, 430
170, 750
170, 880
170, 560
170, 240
170, 370
170, 690
170, 820
170, 500
170, 180
170, 310
170, 630
170, 950
170, 760
170, 440
170, 250
170, 570
170, 890
170, 700
170, 380
170, 190
170, 510
170, 830
426, 576
426, 896
426, 706
426, 516
426, 836
426, 646
426, 966
426, 456
426, 776
426, 586
426, 906
426, 716
426, 526
426, 846
426, 976
426, 656
426, 466
426, 786
426, 916
426, 596
426, 726
426, 856
426, 536
426, 666
426, 986
426, 796
426, 476
426, 606
426, 926
426, 736
426, 546
426, 866
426, 996
426, 676
426, 486
426, 806
426, 936
426, 616
426, 746
426, 876
426, 556
426, 686
426, 816
426, 496
426, 626
426, 946
426, 756
426, 436
426, 566
426, 886
426, 696
426, 506
426, 826
426, 956
426, 636
426, 446
426, 766
939, 959
939, 979
939, 999
939, 989
939, 969
939, 949
683, 833
683, 963
683, 773
683, 903
683, 713
683, 843
683, 973
683, 783
683, 913
683, 723
683, 853
683, 983
683, 793
683, 923
683, 733
683, 863
683, 993
683, 803
683, 933
683, 743
683, 873
683, 813
683, 943
683, 753
683, 883
683, 693
683, 823
683, 953
683, 763
683, 893
683, 703
171, 321
171, 641
171, 961
171, 451
171, 771
171, 261
171, 581
171, 901
171, 391
171, 711
171, 841
171, 521
171, 201
171, 331
171, 651
171, 971
171, 781
171, 461
171, 271
171, 591
171, 911
171, 721
171, 401
171, 211
171, 531
171, 851
171, 981
171, 661
171, 341
171, 471
171, 791
171, 921
171, 601
171, 281
171, 411
171, 731
171, 861
171, 541
171, 221
171, 351
171, 671
171, 991
171, 801
171, 481
171, 291
171, 611
171, 931
171, 741
171, 421
171, 231
171, 551
171, 871
171, 681
171, 361
171, 491
171, 811
171, 941
171, 621
171, 301
171, 431
171, 751
171, 881
171, 561
171, 241
171, 371
171, 691
171, 821
171, 501
171, 181
171, 311
171, 631
171, 951
171, 761
171, 441
171, 251
171, 571
171, 891
171, 701
171, 381
171, 191
171, 511
171, 831
427, 577
427, 897
427, 707
427, 517
427, 837
427, 647
427, 967
427, 457
427, 777
427, 587
427, 907
427, 717
427, 527
427, 847
427, 977
427, 657
427, 467
427, 787
427, 917
427, 597
427, 727
427, 857
427, 537
427, 667
427, 987
427, 797
427, 477
427, 607
427, 927
427, 737
427, 547
427, 867
427, 997
427, 677
427, 487
427, 807
427, 937
427, 617
427, 747
427, 877
427, 557
427, 687
427, 817
427, 497
427, 627
427, 947
427, 757
427, 437
427, 567
427, 887
427, 697
427, 507
427, 827
427, 957
427, 637
427, 447
427, 767
940, 960
940, 980
940, 1000
940, 990
940, 970
940, 950
684, 704
684, 834
684, 964
684, 774
684, 904
684, 714
684, 844
684, 974
684, 784
684, 914
684, 724
684, 854
684, 984
684, 794
684, 924
684, 734
684, 864
684, 994
684, 804
684, 934
684, 744
684, 874
684, 814
684, 944
684, 754
684, 884
684, 694
684, 824
684, 954
684, 764
684, 894
172, 192
172, 512
172, 832
172, 322
172, 642
172, 962
172, 452
172, 772
172, 582
172, 262
172, 902
172, 392
172, 712
172, 522
172, 842
172, 202
172, 332
172, 652
172, 972
172, 782
172, 462
172, 272
172, 592
172, 912
172, 722
172, 402
172, 212
172, 532
172, 852
172, 982
172, 662
172, 342
172, 472
172, 792
172, 922
172, 602
172, 282
172, 412
172, 732
172, 862
172, 542
172, 222
172, 352
172, 672
172, 992
172, 802
172, 482
172, 292
172, 612
172, 932
172, 742
172, 422
172, 232
172, 552
172, 872
172, 682
172, 362
172, 492
172, 812
172, 942
172, 622
172, 302
172, 432
172, 752
172, 882
172, 562
172, 242
172, 372
172, 692
172, 822
172, 502
172, 182
172, 312
172, 632
172, 952
172, 762
172, 442
172, 252
172, 572
172, 892
172, 702
172, 382
428, 448
428, 768
428, 578
428, 898
428, 708
428, 518
428, 838
428, 968
428, 648
428, 778
428, 458
428, 908
428, 588
428, 718
428, 528
428, 848
428, 978
428, 658
428, 468
428, 788
428, 918
428, 598
428, 728
428, 858
428, 538
428, 668
428, 988
428, 798
428, 478
428, 608
428, 928
428, 738
428, 548
428, 868
428, 998
428, 678
428, 488
428, 808
428, 938
428, 618
428, 748
428, 878
428, 558
428, 688
428, 818
428, 498
428, 628
428, 948
428, 758
428, 438
428, 568
428, 888
428, 698
428, 508
428, 828
428, 958
428, 638
941, 961
941, 981
941, 991
941, 971
941, 951
685, 705
685, 835
685, 965
685, 775
685, 905
685, 715
685, 845
685, 975
685, 785
685, 915
685, 725
685, 855
685, 985
685, 795
685, 925
685, 735
685, 865
685, 995
685, 805
685, 935
685, 745
685, 875
685, 815
685, 945
685, 755
685, 885
685, 695
685, 825
685, 955
685, 765
685, 895
173, 193
173, 513
173, 833
173, 323
173, 643
173, 963
173, 453
173, 773
173, 583
173, 263
173, 903
173, 393
173, 713
173, 523
173, 843
173, 203
173, 333
173, 653
173, 973
173, 783
173, 463
173, 273
173, 593
173, 913
173, 723
173, 403
173, 213
173, 533
173, 853
173, 983
173, 663
173, 343
173, 473
173, 793
173, 923
173, 603
173, 283
173, 413
173, 733
173, 863
173, 543
173, 223
173, 353
173, 673
173, 993
173, 803
173, 483
173, 293
173, 613
173, 933
173, 743
173, 423
173, 233
173, 553
173, 873
173, 683
173, 363
173, 493
173, 813
173, 943
173, 623
173, 303
173, 433
173, 753
173, 883
173, 563
173, 243
173, 373
173, 693
173, 823
173, 503
173, 183
173, 313
173, 633
173, 953
173, 763
173, 443
173, 253
173, 573
173, 893
173, 703
173, 383
429, 449
429, 769
429, 579
429, 899
429, 709
429, 519
429, 839
429, 969
429, 649
429, 779
429, 459
429, 909
429, 589
429, 719
429, 529
429, 849
429, 979
429, 659
429, 469
429, 789
429, 919
429, 599
429, 729
429, 859
429, 539
429, 669
429, 989
429, 799
429, 479
429, 609
429, 929
429, 739
429, 549
429, 869
429, 999
429, 679
429, 489
429, 809
429, 939
429, 619
429, 749
429, 879
429, 559
429, 689
429, 819
429, 499
429, 629
429, 949
429, 759
429, 439
429, 569
429, 889
429, 699
429, 509
429, 829
429, 959
429, 639
942, 962
942, 982
942, 992
942, 972
942, 952
686, 896
686, 706
686, 836
686, 966
686, 776
686, 906
686, 716
686, 846
686, 976
686, 786
686, 916
686, 726
686, 856
686, 986
686, 796
686, 926
686, 736
686, 866
686, 996
686, 806
686, 936
686, 746
686, 876
686, 816
686, 946
686, 756
686, 886
686, 696
686, 826
686, 956
686, 766
174, 384
174, 704
174, 194
174, 514
174, 834
174, 324
174, 644
174, 964
174, 454
174, 774
174, 904
174, 584
174, 264
174, 394
174, 714
174, 844
174, 524
174, 204
174, 334
174, 974
174, 654
174, 784
174, 464
174, 274
174, 594
174, 914
174, 724
174, 404
174, 214
174, 534
174, 854
174, 984
174, 664
174, 344
174, 474
174, 794
174, 924
174, 604
174, 284
174, 414
174, 734
174, 864
174, 544
174, 224
174, 354
174, 674
174, 994
174, 804
174, 484
174, 294
174, 614
174, 934
174, 744
174, 424
174, 234
174, 554
174, 874
174, 684
174, 364
174, 494
174, 814
174, 944
174, 624
174, 304
174, 434
174, 754
174, 884
174, 564
174, 244
174, 374
174, 694
174, 824
174, 504
174, 184
174, 314
174, 634
174, 954
174, 764
174, 444
174, 254
174, 574
174, 894
430, 640
430, 960
430, 450
430, 770
430, 580
430, 900
430, 710
430, 840
430, 520
430, 650
430, 970
430, 780
430, 460
430, 590
430, 910
430, 720
430, 530
430, 850
430, 980
430, 660
430, 470
430, 790
430, 920
430, 600
430, 730
430, 860
430, 540
430, 670
430, 990
430, 800
430, 480
430, 610
430, 930
430, 740
430, 550
430, 870
430, 1000
430, 680
430, 490
430, 810
430, 940
430, 620
430, 750
430, 880
430, 560
430, 690
430, 820
430, 500
430, 630
430, 950
430, 760
430, 440
430, 570
430, 890
430, 700
430, 510
430, 830
943, 963
943, 983
943, 993
943, 973
943, 953
687, 897
687, 707
687, 837
687, 967
687, 777
687, 907
687, 717
687, 847
687, 977
687, 787
687, 917
687, 727
687, 857
687, 987
687, 797
687, 927
687, 737
687, 867
687, 997
687, 807
687, 937
687, 747
687, 877
687, 817
687, 947
687, 757
687, 887
687, 697
687, 827
687, 957
687, 767
175, 385
175, 705
175, 195
175, 515
175, 835
175, 325
175, 645
175, 965
175, 455
175, 775
175, 905
175, 585
175, 265
175, 395
175, 715
175, 845
175, 525
175, 205
175, 335
175, 975
175, 655
175, 785
175, 465
175, 275
175, 595
175, 915
175, 725
175, 405
175, 215
175, 535
175, 855
175, 985
175, 665
175, 345
175, 475
175, 795
175, 925
175, 605
175, 285
175, 415
175, 735
175, 865
175, 545
175, 225
175, 355
175, 675
175, 995
175, 805
175, 485
175, 295
175, 615
175, 935
175, 745
175, 425
175, 235
175, 555
175, 875
175, 685
175, 365
175, 495
175, 815
175, 945
175, 625
175, 305
175, 435
175, 755
175, 885
175, 565
175, 245
175, 375
175, 695
175, 825
175, 505
175, 185
175, 315
175, 635
175, 955
175, 765
175, 445
175, 255
175, 575
175, 895
431, 641
431, 961
431, 451
431, 771
431, 581
431, 901
431, 711
431, 841
431, 521
431, 651
431, 971
431, 781
431, 461
431, 591
431, 911
431, 721
431, 531
431, 851
431, 981
431, 661
431, 471
431, 791
431, 921
431, 601
431, 731
431, 861
431, 541
431, 671
431, 991
431, 801
431, 481
431, 611
431, 931
431, 741
431, 551
431, 871
431, 681
431, 491
431, 811
431, 941
431, 621
431, 751
431, 881
431, 561
431, 691
431, 821
431, 501
431, 631
431, 951
431, 761
431, 441
431, 571
431, 891
431, 701
431, 511
431, 831
944, 964
944, 984
944, 994
944, 974
944, 954
688, 768
688, 898
688, 708
688, 838
688, 968
688, 778
688, 908
688, 718
688, 848
688, 978
688, 788
688, 918
688, 728
688, 858
688, 988
688, 798
688, 928
688, 738
688, 868
688, 998
688, 808
688, 938
688, 748
688, 878
688, 818
688, 948
688, 758
688, 888
688, 698
688, 828
688, 958
176, 256
176, 576
176, 896
176, 386
176, 706
176, 196
176, 516
176, 836
176, 646
176, 326
176, 966
176, 776
176, 456
176, 906
176, 586
176, 266
176, 396
176, 716
176, 846
176, 526
176, 206
176, 336
176, 656
176, 976
176, 786
176, 466
176, 276
176, 596
176, 916
176, 726
176, 406
176, 216
176, 536
176, 856
176, 986
176, 666
176, 346
176, 476
176, 796
176, 926
176, 606
176, 286
176, 416
176, 736
176, 866
176, 546
176, 226
176, 356
176, 676
176, 996
176, 806
176, 486
176, 296
176, 616
176, 936
176, 746
176, 426
176, 236
176, 556
176, 876
176, 686
176, 366
176, 496
176, 816
176, 946
176, 626
176, 306
176, 436
176, 756
176, 886
176, 566
176, 246
176, 376
176, 696
176, 826
176, 506
176, 186
176, 316
176, 636
176, 956
176, 766
176, 446
432, 512
432, 832
432, 642
432, 962
432, 452
432, 772
432, 582
432, 902
432, 712
432, 522
432, 842
432, 652
432, 972
432, 782
432, 462
432, 592
432, 912
432, 722
432, 532
432, 852
432, 982
432, 662
432, 472
432, 792
432, 922
432, 602
432, 732
432, 862
432, 542
432, 672
432, 992
432, 802
432, 482
432, 612
432, 932
432, 742
432, 552
432, 872
432, 682
432, 492
432, 812
432, 942
432, 622
432, 752
432, 882
432, 562
432, 692
432, 822
432, 502
432, 632
432, 952
432, 762
432, 442
432, 572
432, 892
432, 702
945, 965
945, 985
945, 995
945, 975
945, 955
689, 769
689, 899
689, 709
689, 839
689, 969
689, 779
689, 909
689, 719
689, 849
689, 979
689, 789
689, 919
689, 729
689, 859
689, 989
689, 799
689, 929
689, 739
689, 869
689, 999
689, 809
689, 939
689, 749
689, 879
689, 819
689, 949
689, 759
689, 889
689, 699
689, 829
689, 959
177, 257
177, 577
177, 897
177, 387
177, 707
177, 197
177, 517
177, 837
177, 647
177, 327
177, 967
177, 777
177, 457
177, 907
177, 587
177, 267
177, 397
177, 717
177, 847
177, 527
177, 207
177, 337
177, 657
177, 977
177, 787
177, 467
177, 277
177, 597
177, 917
177, 727
177, 407
177, 217
177, 537
177, 857
177, 987
177, 667
177, 347
177, 477
177, 797
177, 927
177, 607
177, 287
177, 417
177, 737
177, 867
177, 547
177, 227
177, 357
177, 677
177, 997
177, 807
177, 487
177, 297
177, 617
177, 937
177, 747
177, 427
177, 237
177, 557
177, 877
177, 687
177, 367
177, 497
177, 817
177, 947
177, 627
177, 307
177, 437
177, 757
177, 887
177, 567
177, 247
177, 377
177, 697
177, 827
177, 507
177, 187
177, 317
177, 637
177, 957
177, 767
177, 447
433, 513
433, 833
433, 643
433, 963
433, 453
433, 773
433, 583
433, 903
433, 713
433, 523
433, 843
433, 653
433, 973
433, 783
433, 463
433, 593
433, 913
433, 723
433, 533
433, 853
433, 983
433, 663
433, 473
433, 793
433, 923
433, 603
433, 733
433, 863
433, 543
433, 673
433, 993
433, 803
433, 483
433, 613
433, 933
433, 743
433, 553
433, 873
433, 683
433, 493
433, 813
433, 943
433, 623
433, 753
433, 883
433, 563
433, 693
433, 823
433, 503
433, 633
433, 953
433, 763
433, 443
433, 573
433, 893
433, 703
946, 966
946, 986
946, 996
946, 976
946, 956
690, 960
690, 770
690, 900
690, 710
690, 840
690, 970
690, 780
690, 910
690, 720
690, 850
690, 980
690, 790
690, 920
690, 730
690, 860
690, 990
690, 800
690, 930
690, 740
690, 870
690, 1000
690, 810
690, 940
690, 750
690, 880
690, 820
690, 950
690, 760
690, 890
690, 700
690, 830
178, 448
178, 768
178, 258
178, 578
178, 898
178, 388
178, 708
178, 838
178, 198
178, 518
178, 648
178, 968
178, 328
178, 458
178, 778
178, 588
178, 908
178, 268
178, 398
178, 718
178, 848
178, 528
178, 208
178, 338
178, 658
178, 978
178, 788
178, 468
178, 278
178, 598
178, 918
178, 728
178, 408
178, 218
178, 538
178, 858
178, 988
178, 668
178, 348
178, 478
178, 798
178, 928
178, 608
178, 288
178, 418
178, 738
178, 868
178, 548
178, 228
178, 358
178, 678
178, 998
178, 808
178, 488
178, 298
178, 618
178, 938
178, 748
178, 428
178, 238
178, 558
178, 878
178, 688
178, 368
178, 498
178, 818
178, 948
178, 628
178, 308
178, 438
178, 758
178, 888
178, 568
178, 248
178, 378
178, 698
178, 828
178, 508
178, 188
178, 318
178, 638
178, 958
434, 704
434, 514
434, 834
434, 644
434, 964
434, 454
434, 774
434, 904
434, 584
434, 714
434, 844
434, 524
434, 974
434, 654
434, 784
434, 464
434, 594
434, 914
434, 724
434, 534
434, 854
434, 984
434, 664
434, 474
434, 794
434, 924
434, 604
434, 734
434, 864
434, 544
434, 674
434, 994
434, 804
434, 484
434, 614
434, 934
434, 744
434, 554
434, 874
434, 684
434, 494
434, 814
434, 944
434, 624
434, 754
434, 884
434, 564
434, 694
434, 824
434, 504
434, 634
434, 954
434, 764
434, 444
434, 574
434, 894
947, 967
947, 987
947, 997
947, 977
947, 957
691, 961
691, 771
691, 901
691, 711
691, 841
691, 971
691, 781
691, 911
691, 721
691, 851
691, 981
691, 791
691, 921
691, 731
691, 861
691, 991
691, 801
691, 931
691, 741
691, 871
691, 811
691, 941
691, 751
691, 881
691, 821
691, 951
691, 761
691, 891
691, 701
691, 831
179, 449
179, 769
179, 259
179, 579
179, 899
179, 389
179, 709
179, 839
179, 199
179, 519
179, 649
179, 969
179, 329
179, 459
179, 779
179, 589
179, 909
179, 269
179, 399
179, 719
179, 849
179, 529
179, 209
179, 339
179, 659
179, 979
179, 789
179, 469
179, 279
179, 599
179, 919
179, 729
179, 409
179, 219
179, 539
179, 859
179, 989
179, 669
179, 349
179, 479
179, 799
179, 929
179, 609
179, 289
179, 419
179, 739
179, 869
179, 549
179, 229
179, 359
179, 679
179, 999
179, 809
179, 489
179, 299
179, 619
179, 939
179, 749
179, 429
179, 239
179, 559
179, 879
179, 689
179, 369
179, 499
179, 819
179, 949
179, 629
179, 309
179, 439
179, 759
179, 889
179, 569
179, 249
179, 379
179, 699
179, 829
179, 509
179, 189
179, 319
179, 639
179, 959
435, 705
435, 515
435, 835
435, 645
435, 965
435, 455
435, 775
435, 905
435, 585
435, 715
435, 845
435, 525
435, 975
435, 655
435, 785
435, 465
435, 595
435, 915
435, 725
435, 535
435, 855
435, 985
435, 665
435, 475
435, 795
435, 925
435, 605
435, 735
435, 865
435, 545
435, 675
435, 995
435, 805
435, 485
435, 615
435, 935
435, 745
435, 555
435, 875
435, 685
435, 495
435, 815
435, 945
435, 625
435, 755
435, 885
435, 565
435, 695
435, 825
435, 505
435, 635
435, 955
435, 765
435, 445
435, 575
435, 895
948, 968
948, 988
948, 998
948, 978
948, 958
692, 832
692, 962
692, 772
692, 902
692, 712
692, 842
692, 972
692, 782
692, 912
692, 722
692, 852
692, 982
692, 792
692, 922
692, 732
692, 862
692, 992
692, 802
692, 932
692, 742
692, 872
692, 812
692, 942
692, 752
692, 882
692, 822
692, 952
692, 762
692, 892
692, 702
180, 320
180, 640
180, 960
180, 450
180, 770
180, 260
180, 580
180, 900
180, 710
180, 390
180, 200
180, 520
180, 840
180, 970
180, 650
180, 330
180, 460
180, 780
180, 910
180, 590
180, 270
180, 400
180, 720
180, 850
180, 530
180, 210
180, 340
180, 660
180, 980
180, 790
180, 470
180, 280
180, 600
180, 920
180, 730
180, 410
180, 220
180, 540
180, 860
180, 990
180, 670
180, 350
180, 480
180, 800
180, 930
180, 610
180, 290
180, 420
180, 740
180, 870
180, 550
180, 230
180, 360
180, 680
180, 1000
180, 810
180, 490
180, 300
180, 620
180, 940
180, 750
180, 430
180, 240
180, 560
180, 880
180, 690
180, 370
180, 500
180, 820
180, 950
180, 630
180, 310
180, 440
180, 760
180, 890
180, 570
180, 250
180, 380
180, 700
180, 830
180, 510
180, 190
436, 576
436, 896
436, 706
436, 516
436, 836
436, 646
436, 966
436, 776
436, 456
436, 906
436, 586
436, 716
436, 846
436, 526
436, 656
436, 976
436, 786
436, 466
436, 596
436, 916
436, 726
436, 536
436, 856
436, 986
436, 666
436, 476
436, 796
436, 926
436, 606
436, 736
436, 866
436, 546
436, 676
436, 996
436, 806
436, 486
436, 616
436, 936
436, 746
436, 556
436, 876
436, 686
436, 496
436, 816
436, 946
436, 626
436, 756
436, 886
436, 566
436, 696
436, 826
436, 506
436, 636
436, 956
436, 766
436, 446
949, 969
949, 989
949, 999
949, 979
949, 959
693, 833
693, 963
693, 773
693, 903
693, 713
693, 843
693, 973
693, 783
693, 913
693, 723
693, 853
693, 983
693, 793
693, 923
693, 733
693, 863
693, 993
693, 803
693, 933
693, 743
693, 873
693, 813
693, 943
693, 753
693, 883
693, 823
693, 953
693, 763
693, 893
693, 703
181, 321
181, 641
181, 961
181, 451
181, 771
181, 261
181, 581
181, 901
181, 711
181, 391
181, 201
181, 521
181, 841
181, 971
181, 651
181, 331
181, 461
181, 781
181, 911
181, 591
181, 271
181, 401
181, 721
181, 851
181, 531
181, 211
181, 341
181, 661
181, 981
181, 791
181, 471
181, 281
181, 601
181, 921
181, 731
181, 411
181, 221
181, 541
181, 861
181, 991
181, 671
181, 351
181, 481
181, 801
181, 931
181, 611
181, 291
181, 421
181, 741
181, 871
181, 551
181, 231
181, 361
181, 681
181, 811
181, 491
181, 301
181, 621
181, 941
181, 751
181, 431
181, 241
181, 561
181, 881
181, 691
181, 371
181, 501
181, 821
181, 951
181, 631
181, 311
181, 441
181, 761
181, 891
181, 571
181, 251
181, 381
181, 701
181, 831
181, 511
181, 191
437, 577
437, 897
437, 707
437, 517
437, 837
437, 647
437, 967
437, 777
437, 457
437, 907
437, 587
437, 717
437, 847
437, 527
437, 657
437, 977
437, 787
437, 467
437, 597
437, 917
437, 727
437, 537
437, 857
437, 987
437, 667
437, 477
437, 797
437, 927
437, 607
437, 737
437, 867
437, 547
437, 677
437, 997
437, 807
437, 487
437, 617
437, 937
437, 747
437, 557
437, 877
437, 687
437, 497
437, 817
437, 947
437, 627
437, 757
437, 887
437, 567
437, 697
437, 827
437, 507
437, 637
437, 957
437, 767
437, 447
950, 970
950, 990
950, 1000
950, 980
950, 960
694, 704
694, 834
694, 964
694, 774
694, 904
694, 714
694, 844
694, 974
694, 784
694, 914
694, 724
694, 854
694, 984
694, 794
694, 924
694, 734
694, 864
694, 994
694, 804
694, 934
694, 744
694, 874
694, 814
694, 944
694, 754
694, 884
694, 824
694, 954
694, 764
694, 894
182, 192
182, 512
182, 832
182, 322
182, 642
182, 962
182, 452
182, 772
182, 902
182, 262
182, 582
182, 712
182, 392
182, 202
182, 842
182, 522
182, 972
182, 652
182, 332
182, 462
182, 782
182, 912
182, 592
182, 272
182, 402
182, 722
182, 852
182, 532
182, 212
182, 342
182, 662
182, 982
182, 792
182, 472
182, 282
182, 602
182, 922
182, 732
182, 412
182, 222
182, 542
182, 862
182, 992
182, 672
182, 352
182, 482
182, 802
182, 932
182, 612
182, 292
182, 422
182, 742
182, 872
182, 552
182, 232
182, 362
182, 682
182, 812
182, 492
182, 302
182, 622
182, 942
182, 752
182, 432
182, 242
182, 562
182, 882
182, 692
182, 372
182, 502
182, 822
182, 952
182, 632
182, 312
182, 442
182, 762
182, 892
182, 572
182, 252
182, 382
182, 702
438, 448
438, 768
438, 578
438, 898
438, 708
438, 518
438, 838
438, 648
438, 968
438, 458
438, 778
438, 588
438, 908
438, 718
438, 848
438, 528
438, 658
438, 978
438, 788
438, 468
438, 598
438, 918
438, 728
438, 538
438, 858
438, 988
438, 668
438, 478
438, 798
438, 928
438, 608
438, 738
438, 868
438, 548
438, 678
438, 998
438, 808
438, 488
438, 618
438, 938
438, 748
438, 558
438, 878
438, 688
438, 498
438, 818
438, 948
438, 628
438, 758
438, 888
438, 568
438, 698
438, 828
438, 508
438, 638
438, 958
951, 971
951, 991
951, 981
951, 961
695, 705
695, 835
695, 965
695, 775
695, 905
695, 715
695, 845
695, 975
695, 785
695, 915
695, 725
695, 855
695, 985
695, 795
695, 925
695, 735
695, 865
695, 995
695, 805
695, 935
695, 745
695, 875
695, 815
695, 945
695, 755
695, 885
695, 825
695, 955
695, 765
695, 895
183, 193
183, 513
183, 833
183, 323
183, 643
183, 963
183, 453
183, 773
183, 903
183, 263
183, 583
183, 713
183, 393
183, 203
183, 843
183, 523
183, 973
183, 653
183, 333
183, 463
183, 783
183, 913
183, 593
183, 273
183, 403
183, 723
183, 853
183, 533
183, 213
183, 343
183, 663
183, 983
183, 793
183, 473
183, 283
183, 603
183, 923
183, 733
183, 413
183, 223
183, 543
183, 863
183, 993
183, 673
183, 353
183, 483
183, 803
183, 933
183, 613
183, 293
183, 423
183, 743
183, 873
183, 553
183, 233
183, 363
183, 683
183, 813
183, 493
183, 303
183, 623
183, 943
183, 753
183, 433
183, 243
183, 563
183, 883
183, 693
183, 373
183, 503
183, 823
183, 953
183, 633
183, 313
183, 443
183, 763
183, 893
183, 573
183, 253
183, 383
183, 703
439, 449
439, 769
439, 579
439, 899
439, 709
439, 519
439, 839
439, 649
439, 969
439, 459
439, 779
439, 589
439, 909
439, 719
439, 849
439, 529
439, 659
439, 979
439, 789
439, 469
439, 599
439, 919
439, 729
439, 539
439, 859
439, 989
439, 669
439, 479
439, 799
439, 929
439, 609
439, 739
439, 869
439, 549
439, 679
439, 999
439, 809
439, 489
439, 619
439, 939
439, 749
439, 559
439, 879
439, 689
439, 499
439, 819
439, 949
439, 629
439, 759
439, 889
439, 569
439, 699
439, 829
439, 509
439, 639
439, 959
952, 972
952, 992
952, 982
952, 962
696, 896
696, 706
696, 836
696, 966
696, 776
696, 906
696, 716
696, 846
696, 976
696, 786
696, 916
696, 726
696, 856
696, 986
696, 796
696, 926
696, 736
696, 866
696, 996
696, 806
696, 936
696, 746
696, 876
696, 816
696, 946
696, 756
696, 886
696, 826
696, 956
696, 766
184, 384
184, 704
184, 194
184, 514
184, 834
184, 324
184, 644
184, 964
184, 774
184, 454
184, 264
184, 584
184, 904
184, 714
184, 394
184, 204
184, 524
184, 844
184, 654
184, 974
184, 334
184, 464
184, 784
184, 914
184, 594
184, 274
184, 404
184, 724
184, 854
184, 534
184, 214
184, 344
184, 664
184, 984
184, 794
184, 474
184, 284
184, 604
184, 924
184, 734
184, 414
184, 224
184, 544
184, 864
184, 994
184, 674
184, 354
184, 484
184, 804
184, 934
184, 614
184, 294
184, 424
184, 744
184, 874
184, 554
184, 234
184, 364
184, 684
184, 814
184, 494
184, 304
184, 624
184, 944
184, 754
184, 434
184, 244
184, 564
184, 884
184, 694
184, 374
184, 504
184, 824
184, 954
184, 634
184, 314
184, 444
184, 764
184, 894
184, 574
184, 254
440, 640
440, 960
440, 450
440, 770
440, 580
440, 900
440, 710
440, 520
440, 840
440, 970
440, 650
440, 460
440, 780
440, 910
440, 590
440, 720
440, 850
440, 530
440, 660
440, 980
440, 790
440, 470
440, 600
440, 920
440, 730
440, 540
440, 860
440, 990
440, 670
440, 480
440, 800
440, 930
440, 610
440, 740
440, 870
440, 550
440, 680
440, 1000
440, 810
440, 490
440, 620
440, 940
440, 750
440, 560
440, 880
440, 690
440, 500
440, 820
440, 950
440, 630
440, 760
440, 890
440, 570
440, 700
440, 830
440, 510
953, 973
953, 993
953, 983
953, 963
697, 897
697, 707
697, 837
697, 967
697, 777
697, 907
697, 717
697, 847
697, 977
697, 787
697, 917
697, 727
697, 857
697, 987
697, 797
697, 927
697, 737
697, 867
697, 997
697, 807
697, 937
697, 747
697, 877
697, 817
697, 947
697, 757
697, 887
697, 827
697, 957
697, 767
185, 385
185, 705
185, 195
185, 515
185, 835
185, 325
185, 645
185, 965
185, 775
185, 455
185, 265
185, 585
185, 905
185, 715
185, 395
185, 205
185, 525
185, 845
185, 655
185, 975
185, 335
185, 465
185, 785
185, 915
185, 595
185, 275
185, 405
185, 725
185, 855
185, 535
185, 215
185, 345
185, 665
185, 985
185, 795
185, 475
185, 285
185, 605
185, 925
185, 735
185, 415
185, 225
185, 545
185, 865
185, 995
185, 675
185, 355
185, 485
185, 805
185, 935
185, 615
185, 295
185, 425
185, 745
185, 875
185, 555
185, 235
185, 365
185, 685
185, 815
185, 495
185, 305
185, 625
185, 945
185, 755
185, 435
185, 245
185, 565
185, 885
185, 695
185, 375
185, 505
185, 825
185, 955
185, 635
185, 315
185, 445
185, 765
185, 895
185, 575
185, 255
441, 641
441, 961
441, 451
441, 771
441, 581
441, 901
441, 711
441, 521
441, 841
441, 971
441, 651
441, 461
441, 781
441, 911
441, 591
441, 721
441, 851
441, 531
441, 661
441, 981
441, 791
441, 471
441, 601
441, 921
441, 731
441, 541
441, 861
441, 991
441, 671
441, 481
441, 801
441, 931
441, 611
441, 741
441, 871
441, 551
441, 681
441, 811
441, 491
441, 621
441, 941
441, 751
441, 561
441, 881
441, 691
441, 501
441, 821
441, 951
441, 631
441, 761
441, 891
441, 571
441, 701
441, 831
441, 511
954, 974
954, 994
954, 984
954, 964
698, 768
698, 898
698, 708
698, 838
698, 968
698, 778
698, 908
698, 718
698, 848
698, 978
698, 788
698, 918
698, 728
698, 858
698, 988
698, 798
698, 928
698, 738
698, 868
698, 998
698, 808
698, 938
698, 748
698, 878
698, 818
698, 948
698, 758
698, 888
698, 828
698, 958
186, 256
186, 576
186, 896
186, 386
186, 706
186, 196
186, 516
186, 836
186, 966
186, 326
186, 646
186, 456
186, 776
186, 266
186, 586
186, 906
186, 716
186, 396
186, 206
186, 526
186, 846
186, 976
186, 656
186, 336
186, 466
186, 786
186, 916
186, 596
186, 276
186, 406
186, 726
186, 856
186, 536
186, 216
186, 346
186, 666
186, 986
186, 796
186, 476
186, 286
186, 606
186, 926
186, 736
186, 416
186, 226
186, 546
186, 866
186, 996
186, 676
186, 356
186, 486
186, 806
186, 936
186, 616
186, 296
186, 426
186, 746
186, 876
186, 556
186, 236
186, 366
186, 686
186, 816
186, 496
186, 306
186, 626
186, 946
186, 756
186, 436
186, 246
186, 566
186, 886
186, 696
186, 376
186, 506
186, 826
186, 956
186, 636
186, 316
186, 446
186, 766
442, 512
442, 832
442, 642
442, 962
442, 452
442, 772
442, 582
442, 902
442, 712
442, 842
442, 522
442, 972
442, 652
442, 462
442, 782
442, 912
442, 592
442, 722
442, 852
442, 532
442, 662
442, 982
442, 792
442, 472
442, 602
442, 922
442, 732
442, 542
442, 862
442, 992
442, 672
442, 482
442, 802
442, 932
442, 612
442, 742
442, 872
442, 552
442, 682
442, 812
442, 492
442, 622
442, 942
442, 752
442, 562
442, 882
442, 692
442, 502
442, 822
442, 952
442, 632
442, 762
442, 892
442, 572
442, 702
955, 975
955, 995
955, 985
955, 965
699, 769
699, 899
699, 709
699, 839
699, 969
699, 779
699, 909
699, 719
699, 849
699, 979
699, 789
699, 919
699, 729
699, 859
699, 989
699, 799
699, 929
699, 739
699, 869
699, 999
699, 809
699, 939
699, 749
699, 879
699, 819
699, 949
699, 759
699, 889
699, 829
699, 959
187, 257
187, 577
187, 897
187, 387
187, 707
187, 197
187, 517
187, 837
187, 967
187, 327
187, 647
187, 457
187, 777
187, 267
187, 587
187, 907
187, 717
187, 397
187, 207
187, 527
187, 847
187, 977
187, 657
187, 337
187, 467
187, 787
187, 917
187, 597
187, 277
187, 407
187, 727
187, 857
187, 537
187, 217
187, 347
187, 667
187, 987
187, 797
187, 477
187, 287
187, 607
187, 927
187, 737
187, 417
187, 227
187, 547
187, 867
187, 997
187, 677
187, 357
187, 487
187, 807
187, 937
187, 617
187, 297
187, 427
187, 747
187, 877
187, 557
187, 237
187, 367
187, 687
187, 817
187, 497
187, 307
187, 627
187, 947
187, 757
187, 437
187, 247
187, 567
187, 887
187, 697
187, 377
187, 507
187, 827
187, 957
187, 637
187, 317
187, 447
187, 767
443, 513
443, 833
443, 643
443, 963
443, 453
443, 773
443, 583
443, 903
443, 713
443, 843
443, 523
443, 973
443, 653
443, 463
443, 783
443, 913
443, 593
443, 723
443, 853
443, 533
443, 663
443, 983
443, 793
443, 473
443, 603
443, 923
443, 733
443, 543
443, 863
443, 993
443, 673
443, 483
443, 803
443, 933
443, 613
443, 743
443, 873
443, 553
443, 683
443, 813
443, 493
443, 623
443, 943
443, 753
443, 563
443, 883
443, 693
443, 503
443, 823
443, 953
443, 633
443, 763
443, 893
443, 573
443, 703
956, 976
956, 996
956, 986
956, 966
700, 960
700, 770
700, 900
700, 710
700, 840
700, 970
700, 780
700, 910
700, 720
700, 850
700, 980
700, 790
700, 920
700, 730
700, 860
700, 990
700, 800
700, 930
700, 740
700, 870
700, 1000
700, 810
700, 940
700, 750
700, 880
700, 820
700, 950
700, 760
700, 890
700, 830
188, 448
188, 768
188, 258
188, 578
188, 898
188, 388
188, 708
188, 518
188, 198
188, 838
188, 328
188, 968
188, 648
188, 778
188, 458
188, 268
188, 908
188, 588
188, 718
188, 398
188, 208
188, 528
188, 848
188, 978
188, 658
188, 338
188, 468
188, 788
188, 918
188, 598
188, 278
188, 408
188, 728
188, 858
188, 538
188, 218
188, 348
188, 668
188, 988
188, 798
188, 478
188, 288
188, 608
188, 928
188, 738
188, 418
188, 228
188, 548
188, 868
188, 998
188, 678
188, 358
188, 488
188, 808
188, 938
188, 618
188, 298
188, 428
188, 748
188, 878
188, 558
188, 238
188, 368
188, 688
188, 818
188, 498
188, 308
188, 628
188, 948
188, 758
188, 438
188, 248
188, 568
188, 888
188, 698
188, 378
188, 508
188, 828
188, 958
188, 638
188, 318
444, 704
444, 514
444, 834
444, 644
444, 964
444, 454
444, 774
444, 584
444, 904
444, 714
444, 524
444, 844
444, 654
444, 974
444, 464
444, 784
444, 914
444, 594
444, 724
444, 854
444, 534
444, 664
444, 984
444, 794
444, 474
444, 604
444, 924
444, 734
444, 544
444, 864
444, 994
444, 674
444, 484
444, 804
444, 934
444, 614
444, 744
444, 874
444, 554
444, 684
444, 814
444, 494
444, 624
444, 944
444, 754
444, 564
444, 884
444, 694
444, 504
444, 824
444, 954
444, 634
444, 764
444, 894
444, 574
957, 977
957, 997
957, 987
957, 967
701, 961
701, 771
701, 901
701, 711
701, 841
701, 971
701, 781
701, 911
701, 721
701, 851
701, 981
701, 791
701, 921
701, 731
701, 861
701, 991
701, 801
701, 931
701, 741
701, 871
701, 811
701, 941
701, 751
701, 881
701, 821
701, 951
701, 761
701, 891
701, 831
189, 449
189, 769
189, 259
189, 579
189, 899
189, 389
189, 709
189, 519
189, 199
189, 839
189, 329
189, 969
189, 649
189, 779
189, 459
189, 269
189, 909
189, 589
189, 719
189, 399
189, 209
189, 529
189, 849
189, 979
189, 659
189, 339
189, 469
189, 789
189, 919
189, 599
189, 279
189, 409
189, 729
189, 859
189, 539
189, 219
189, 349
189, 669
189, 989
189, 799
189, 479
189, 289
189, 609
189, 929
189, 739
189, 419
189, 229
189, 549
189, 869
189, 999
189, 679
189, 359
189, 489
189, 809
189, 939
189, 619
189, 299
189, 429
189, 749
189, 879
189, 559
189, 239
189, 369
189, 689
189, 819
189, 499
189, 309
189, 629
189, 949
189, 759
189, 439
189, 249
189, 569
189, 889
189, 699
189, 379
189, 509
189, 829
189, 959
189, 639
189, 319
445, 705
445, 515
445, 835
445, 645
445, 965
445, 455
445, 775
445, 585
445, 905
445, 715
445, 525
445, 845
445, 655
445, 975
445, 465
445, 785
445, 915
445, 595
445, 725
445, 855
445, 535
445, 665
445, 985
445, 795
445, 475
445, 605
445, 925
445, 735
445, 545
445, 865
445, 995
445, 675
445, 485
445, 805
445, 935
445, 615
445, 745
445, 875
445, 555
445, 685
445, 815
445, 495
445, 625
445, 945
445, 755
445, 565
445, 885
445, 695
445, 505
445, 825
445, 955
445, 635
445, 765
445, 895
445, 575
958, 978
958, 998
958, 988
958, 968
702, 832
702, 962
702, 772
702, 902
702, 712
702, 842
702, 972
702, 782
702, 912
702, 722
702, 852
702, 982
702, 792
702, 922
702, 732
702, 862
702, 992
702, 802
702, 932
702, 742
702, 872
702, 812
702, 942
702, 752
702, 882
702, 822
702, 952
702, 762
702, 892
190, 320
190, 640
190, 960
190, 450
190, 770
190, 260
190, 580
190, 900
190, 390
190, 710
190, 840
190, 520
190, 200
190, 330
190, 650
190, 970
190, 780
190, 460
190, 270
190, 590
190, 910
190, 720
190, 400
190, 210
190, 530
190, 850
190, 980
190, 660
190, 340
190, 470
190, 790
190, 920
190, 600
190, 280
190, 410
190, 730
190, 860
190, 540
190, 220
190, 350
190, 670
190, 990
190, 800
190, 480
190, 290
190, 610
190, 930
190, 740
190, 420
190, 230
190, 550
190, 870
190, 1000
190, 680
190, 360
190, 490
190, 810
190, 940
190, 620
190, 300
190, 430
190, 750
190, 880
190, 560
190, 240
190, 370
190, 690
190, 820
190, 500
190, 310
190, 630
190, 950
190, 760
190, 440
190, 250
190, 570
190, 890
190, 700
190, 380
190, 510
190, 830
446, 576
446, 896
446, 706
446, 516
446, 836
446, 646
446, 966
446, 456
446, 776
446, 586
446, 906
446, 716
446, 526
446, 846
446, 976
446, 656
446, 466
446, 786
446, 916
446, 596
446, 726
446, 856
446, 536
446, 666
446, 986
446, 796
446, 476
446, 606
446, 926
446, 736
446, 546
446, 866
446, 996
446, 676
446, 486
446, 806
446, 936
446, 616
446, 746
446, 876
446, 556
446, 686
446, 816
446, 496
446, 626
446, 946
446, 756
446, 566
446, 886
446, 696
446, 506
446, 826
446, 956
446, 636
446, 766
959, 979
959, 999
959, 989
959, 969
703, 833
703, 963
703, 773
703, 903
703, 713
703, 843
703, 973
703, 783
703, 913
703, 723
703, 853
703, 983
703, 793
703, 923
703, 733
703, 863
703, 993
703, 803
703, 933
703, 743
703, 873
703, 813
703, 943
703, 753
703, 883
703, 823
703, 953
703, 763
703, 893
191, 321
191, 641
191, 961
191, 451
191, 771
191, 261
191, 581
191, 901
191, 391
191, 711
191, 841
191, 521
191, 201
191, 331
191, 651
191, 971
191, 781
191, 461
191, 271
191, 591
191, 911
191, 721
191, 401
191, 211
191, 531
191, 851
191, 981
191, 661
191, 341
191, 471
191, 791
191, 921
191, 601
191, 281
191, 411
191, 731
191, 861
191, 541
191, 221
191, 351
191, 671
191, 991
191, 801
191, 481
191, 291
191, 611
191, 931
191, 741
191, 421
191, 231
191, 551
191, 871
191, 681
191, 361
191, 491
191, 811
191, 941
191, 621
191, 301
191, 431
191, 751
191, 881
191, 561
191, 241
191, 371
191, 691
191, 821
191, 501
191, 311
191, 631
191, 951
191, 761
191, 441
191, 251
191, 571
191, 891
191, 701
191, 381
191, 511
191, 831
447, 577
447, 897
447, 707
447, 517
447, 837
447, 647
447, 967
447, 457
447, 777
447, 587
447, 907
447, 717
447, 527
447, 847
447, 977
447, 657
447, 467
447, 787
447, 917
447, 597
447, 727
447, 857
447, 537
447, 667
447, 987
447, 797
447, 477
447, 607
447, 927
447, 737
447, 547
447, 867
447, 997
447, 677
447, 487
447, 807
447, 937
447, 617
447, 747
447, 877
447, 557
447, 687
447, 817
447, 497
447, 627
447, 947
447, 757
447, 567
447, 887
447, 697
447, 507
447, 827
447, 957
447, 637
447, 767
960, 980
960, 1000
960, 990
960, 970
704, 834
704, 964
704, 774
704, 904
704, 714
704, 844
704, 974
704, 784
704, 914
704, 724
704, 854
704, 984
704, 794
704, 924
704, 734
704, 864
704, 994
704, 804
704, 934
704, 744
704, 874
704, 814
704, 944
704, 754
704, 884
704, 824
704, 954
704, 764
704, 894
192, 512
192, 832
192, 322
192, 642
192, 962
192, 452
192, 772
192, 582
192, 262
192, 902
192, 392
192, 712
192, 522
192, 842
192, 202
192, 332
192, 652
192, 972
192, 782
192, 462
192, 272
192, 592
192, 912
192, 722
192, 402
192, 212
192, 532
192, 852
192, 982
192, 662
192, 342
192, 472
192, 792
192, 922
192, 602
192, 282
192, 412
192, 732
192, 862
192, 542
192, 222
192, 352
192, 672
192, 992
192, 802
192, 482
192, 292
192, 612
192, 932
192, 742
192, 422
192, 232
192, 552
192, 872
192, 682
192, 362
192, 492
192, 812
192, 942
192, 622
192, 302
192, 432
192, 752
192, 882
192, 562
192, 242
192, 372
192, 692
192, 822
192, 502
192, 312
192, 632
192, 952
192, 762
192, 442
192, 252
192, 572
192, 892
192, 702
192, 382
448, 768
448, 578
448, 898
448, 708
448, 518
448, 838
448, 648
448, 968
448, 778
448, 458
448, 908
448, 588
448, 718
448, 528
448, 848
448, 978
448, 658
448, 468
448, 788
448, 918
448, 598
448, 728
448, 858
448, 538
448, 668
448, 988
448, 798
448, 478
448, 608
448, 928
448, 738
448, 548
448, 868
448, 998
448, 678
448, 488
448, 808
448, 938
448, 618
448, 748
448, 878
448, 558
448, 688
448, 818
448, 498
448, 628
448, 948
448, 758
448, 568
448, 888
448, 698
448, 508
448, 828
448, 958
448, 638
961, 981
961, 991
961, 971
705, 835
705, 965
705, 775
705, 905
705, 715
705, 845
705, 975
705, 785
705, 915
705, 725
705, 855
705, 985
705, 795
705, 925
705, 735
705, 865
705, 995
705, 805
705, 935
705, 745
705, 875
705, 815
705, 945
705, 755
705, 885
705, 825
705, 955
705, 765
705, 895
193, 513
193, 833
193, 323
193, 643
193, 963
193, 453
193, 773
193, 583
193, 263
193, 903
193, 393
193, 713
193, 523
193, 843
193, 203
193, 333
193, 653
193, 973
193, 783
193, 463
193, 273
193, 593
193, 913
193, 723
193, 403
193, 213
193, 533
193, 853
193, 983
193, 663
193, 343
193, 473
193, 793
193, 923
193, 603
193, 283
193, 413
193, 733
193, 863
193, 543
193, 223
193, 353
193, 673
193, 993
193, 803
193, 483
193, 293
193, 613
193, 933
193, 743
193, 423
193, 233
193, 553
193, 873
193, 683
193, 363
193, 493
193, 813
193, 943
193, 623
193, 303
193, 433
193, 753
193, 883
193, 563
193, 243
193, 373
193, 693
193, 823
193, 503
193, 313
193, 633
193, 953
193, 763
193, 443
193, 253
193, 573
193, 893
193, 703
193, 383
449, 769
449, 579
449, 899
449, 709
449, 519
449, 839
449, 649
449, 969
449, 779
449, 459
449, 909
449, 589
449, 719
449, 529
449, 849
449, 979
449, 659
449, 469
449, 789
449, 919
449, 599
449, 729
449, 859
449, 539
449, 669
449, 989
449, 799
449, 479
449, 609
449, 929
449, 739
449, 549
449, 869
449, 999
449, 679
449, 489
449, 809
449, 939
449, 619
449, 749
449, 879
449, 559
449, 689
449, 819
449, 499
449, 629
449, 949
449, 759
449, 569
449, 889
449, 699
449, 509
449, 829
449, 959
449, 639
962, 982
962, 992
962, 972
706, 896
706, 836
706, 966
706, 776
706, 906
706, 716
706, 846
706, 976
706, 786
706, 916
706, 726
706, 856
706, 986
706, 796
706, 926
706, 736
706, 866
706, 996
706, 806
706, 936
706, 746
706, 876
706, 816
706, 946
706, 756
706, 886
706, 826
706, 956
706, 766
194, 384
194, 704
194, 514
194, 834
194, 324
194, 644
194, 964
194, 454
194, 774
194, 904
194, 584
194, 264
194, 394
194, 714
194, 844
194, 524
194, 204
194, 334
194, 974
194, 654
194, 784
194, 464
194, 274
194, 594
194, 914
194, 724
194, 404
194, 214
194, 534
194, 854
194, 984
194, 664
194, 344
194, 474
194, 794
194, 924
194, 604
194, 284
194, 414
194, 734
194, 864
194, 544
194, 224
194, 354
194, 674
194, 994
194, 804
194, 484
194, 294
194, 614
194, 934
194, 744
194, 424
194, 234
194, 554
194, 874
194, 684
194, 364
194, 494
194, 814
194, 944
194, 624
194, 304
194, 434
194, 754
194, 884
194, 564
194, 244
194, 374
194, 694
194, 824
194, 504
194, 314
194, 634
194, 954
194, 764
194, 444
194, 254
194, 574
194, 894
450, 640
450, 960
450, 770
450, 580
450, 900
450, 710
450, 520
450, 840
450, 650
450, 970
450, 780
450, 460
450, 590
450, 910
450, 720
450, 530
450, 850
450, 980
450, 660
450, 470
450, 790
450, 920
450, 600
450, 730
450, 860
450, 540
450, 670
450, 990
450, 800
450, 480
450, 610
450, 930
450, 740
450, 550
450, 870
450, 1000
450, 680
450, 490
450, 810
450, 940
450, 620
450, 750
450, 880
450, 560
450, 690
450, 820
450, 500
450, 630
450, 950
450, 760
450, 570
450, 890
450, 700
450, 510
450, 830
963, 983
963, 993
963, 973
707, 897
707, 837
707, 967
707, 777
707, 907
707, 717
707, 847
707, 977
707, 787
707, 917
707, 727
707, 857
707, 987
707, 797
707, 927
707, 737
707, 867
707, 997
707, 807
707, 937
707, 747
707, 877
707, 817
707, 947
707, 757
707, 887
707, 827
707, 957
707, 767
195, 385
195, 705
195, 515
195, 835
195, 325
195, 645
195, 965
195, 455
195, 775
195, 905
195, 585
195, 265
195, 395
195, 715
195, 845
195, 525
195, 205
195, 335
195, 975
195, 655
195, 785
195, 465
195, 275
195, 595
195, 915
195, 725
195, 405
195, 215
195, 535
195, 855
195, 985
195, 665
195, 345
195, 475
195, 795
195, 925
195, 605
195, 285
195, 415
195, 735
195, 865
195, 545
195, 225
195, 355
195, 675
195, 995
195, 805
195, 485
195, 295
195, 615
195, 935
195, 745
195, 425
195, 235
195, 555
195, 875
195, 685
195, 365
195, 495
195, 815
195, 945
195, 625
195, 305
195, 435
195, 755
195, 885
195, 565
195, 245
195, 375
195, 695
195, 825
195, 505
195, 315
195, 635
195, 955
195, 765
195, 445
195, 255
195, 575
195, 895
451, 641
451, 961
451, 771
451, 581
451, 901
451, 711
451, 521
451, 841
451, 651
451, 971
451, 781
451, 461
451, 591
451, 911
451, 721
451, 531
451, 851
451, 981
451, 661
451, 471
451, 791
451, 921
451, 601
451, 731
451, 861
451, 541
451, 671
451, 991
451, 801
451, 481
451, 611
451, 931
451, 741
451, 551
451, 871
451, 681
451, 491
451, 811
451, 941
451, 621
451, 751
451, 881
451, 561
451, 691
451, 821
451, 501
451, 631
451, 951
451, 761
451, 571
451, 891
451, 701
451, 511
451, 831
964, 984
964, 994
964, 974
708, 768
708, 898
708, 838
708, 968
708, 778
708, 908
708, 718
708, 848
708, 978
708, 788
708, 918
708, 728
708, 858
708, 988
708, 798
708, 928
708, 738
708, 868
708, 998
708, 808
708, 938
708, 748
708, 878
708, 818
708, 948
708, 758
708, 888
708, 828
708, 958
196, 256
196, 576
196, 896
196, 386
196, 706
196, 516
196, 836
196, 646
196, 326
196, 966
196, 776
196, 456
196, 906
196, 586
196, 266
196, 396
196, 716
196, 846
196, 526
196, 206
196, 336
196, 656
196, 976
196, 786
196, 466
196, 276
196, 596
196, 916
196, 726
196, 406
196, 216
196, 536
196, 856
196, 986
196, 666
196, 346
196, 476
196, 796
196, 926
196, 606
196, 286
196, 416
196, 736
196, 866
196, 546
196, 226
196, 356
196, 676
196, 996
196, 806
196, 486
196, 296
196, 616
196, 936
196, 746
196, 426
196, 236
196, 556
196, 876
196, 686
196, 366
196, 496
196, 816
196, 946
196, 626
196, 306
196, 436
196, 756
196, 886
196, 566
196, 246
196, 376
196, 696
196, 826
196, 506
196, 316
196, 636
196, 956
196, 766
196, 446
452, 512
452, 832
452, 642
452, 962
452, 772
452, 582
452, 902
452, 712
452, 522
452, 842
452, 652
452, 972
452, 782
452, 462
452, 592
452, 912
452, 722
452, 532
452, 852
452, 982
452, 662
452, 472
452, 792
452, 922
452, 602
452, 732
452, 862
452, 542
452, 672
452, 992
452, 802
452, 482
452, 612
452, 932
452, 742
452, 552
452, 872
452, 682
452, 492
452, 812
452, 942
452, 622
452, 752
452, 882
452, 562
452, 692
452, 822
452, 502
452, 632
452, 952
452, 762
452, 572
452, 892
452, 702
965, 985
965, 995
965, 975
709, 769
709, 899
709, 839
709, 969
709, 779
709, 909
709, 719
709, 849
709, 979
709, 789
709, 919
709, 729
709, 859
709, 989
709, 799
709, 929
709, 739
709, 869
709, 999
709, 809
709, 939
709, 749
709, 879
709, 819
709, 949
709, 759
709, 889
709, 829
709, 959
197, 257
197, 577
197, 897
197, 387
197, 707
197, 517
197, 837
197, 647
197, 327
197, 967
197, 777
197, 457
197, 907
197, 587
197, 267
197, 397
197, 717
197, 847
197, 527
197, 207
197, 337
197, 657
197, 977
197, 787
197, 467
197, 277
197, 597
197, 917
197, 727
197, 407
197, 217
197, 537
197, 857
197, 987
197, 667
197, 347
197, 477
197, 797
197, 927
197, 607
197, 287
197, 417
197, 737
197, 867
197, 547
197, 227
197, 357
197, 677
197, 997
197, 807
197, 487
197, 297
197, 617
197, 937
197, 747
197, 427
197, 237
197, 557
197, 877
197, 687
197, 367
197, 497
197, 817
197, 947
197, 627
197, 307
197, 437
197, 757
197, 887
197, 567
197, 247
197, 377
197, 697
197, 827
197, 507
197, 317
197, 637
197, 957
197, 767
197, 447
453, 513
453, 833
453, 643
453, 963
453, 773
453, 583
453, 903
453, 713
453, 523
453, 843
453, 653
453, 973
453, 783
453, 463
453, 593
453, 913
453, 723
453, 533
453, 853
453, 983
453, 663
453, 473
453, 793
453, 923
453, 603
453, 733
453, 863
453, 543
453, 673
453, 993
453, 803
453, 483
453, 613
453, 933
453, 743
453, 553
453, 873
453, 683
453, 493
453, 813
453, 943
453, 623
453, 753
453, 883
453, 563
453, 693
453, 823
453, 503
453, 633
453, 953
453, 763
453, 573
453, 893
453, 703
966, 986
966, 996
966, 976
710, 960
710, 770
710, 900
710, 840
710, 970
710, 780
710, 910
710, 720
710, 850
710, 980
710, 790
710, 920
710, 730
710, 860
710, 990
710, 800
710, 930
710, 740
710, 870
710, 1000
710, 810
710, 940
710, 750
710, 880
710, 820
710, 950
710, 760
710, 890
710, 830
198, 448
198, 768
198, 258
198, 578
198, 898
198, 388
198, 708
198, 838
198, 518
198, 648
198, 968
198, 328
198, 458
198, 778
198, 588
198, 908
198, 268
198, 398
198, 718
198, 848
198, 528
198, 208
198, 338
198, 658
198, 978
198, 788
198, 468
198, 278
198, 598
198, 918
198, 728
198, 408
198, 218
198, 538
198, 858
198, 988
198, 668
198, 348
198, 478
198, 798
198, 928
198, 608
198, 288
198, 418
198, 738
198, 868
198, 548
198, 228
198, 358
198, 678
198, 998
198, 808
198, 488
198, 298
198, 618
198, 938
198, 748
198, 428
198, 238
198, 558
198, 878
198, 688
198, 368
198, 498
198, 818
198, 948
198, 628
198, 308
198, 438
198, 758
198, 888
198, 568
198, 248
198, 378
198, 698
198, 828
198, 508
198, 318
198, 638
198, 958
454, 704
454, 514
454, 834
454, 644
454, 964
454, 774
454, 584
454, 904
454, 714
454, 844
454, 524
454, 974
454, 654
454, 784
454, 464
454, 594
454, 914
454, 724
454, 534
454, 854
454, 984
454, 664
454, 474
454, 794
454, 924
454, 604
454, 734
454, 864
454, 544
454, 674
454, 994
454, 804
454, 484
454, 614
454, 934
454, 744
454, 554
454, 874
454, 684
454, 494
454, 814
454, 944
454, 624
454, 754
454, 884
454, 564
454, 694
454, 824
454, 504
454, 634
454, 954
454, 764
454, 574
454, 894
967, 987
967, 997
967, 977
711, 961
711, 771
711, 901
711, 841
711, 971
711, 781
711, 911
711, 721
711, 851
711, 981
711, 791
711, 921
711, 731
711, 861
711, 991
711, 801
711, 931
711, 741
711, 871
711, 811
711, 941
711, 751
711, 881
711, 821
711, 951
711, 761
711, 891
711, 831
199, 449
199, 769
199, 259
199, 579
199, 899
199, 389
199, 709
199, 839
199, 519
199, 649
199, 969
199, 329
199, 459
199, 779
199, 589
199, 909
199, 269
199, 399
199, 719
199, 849
199, 529
199, 209
199, 339
199, 659
199, 979
199, 789
199, 469
199, 279
199, 599
199, 919
199, 729
199, 409
199, 219
199, 539
199, 859
199, 989
199, 669
199, 349
199, 479
199, 799
199, 929
199, 609
199, 289
199, 419
199, 739
199, 869
199, 549
199, 229
199, 359
199, 679
199, 999
199, 809
199, 489
199, 299
199, 619
199, 939
199, 749
199, 429
199, 239
199, 559
199, 879
199, 689
199, 369
199, 499
199, 819
199, 949
199, 629
199, 309
199, 439
199, 759
199, 889
199, 569
199, 249
199, 379
199, 699
199, 829
199, 509
199, 319
199, 639
199, 959
455, 705
455, 515
455, 835
455, 645
455, 965
455, 775
455, 585
455, 905
455, 715
455, 845
455, 525
455, 975
455, 655
455, 785
455, 465
455, 595
455, 915
455, 725
455, 535
455, 855
455, 985
455, 665
455, 475
455, 795
455, 925
455, 605
455, 735
455, 865
455, 545
455, 675
455, 995
455, 805
455, 485
455, 615
455, 935
455, 745
455, 555
455, 875
455, 685
455, 495
455, 815
455, 945
455, 625
455, 755
455, 885
455, 565
455, 695
455, 825
455, 505
455, 635
455, 955
455, 765
455, 575
455, 895
968, 988
968, 998
968, 978
712, 832
712, 962
712, 772
712, 902
712, 842
712, 972
712, 782
712, 912
712, 722
712, 852
712, 982
712, 792
712, 922
712, 732
712, 862
712, 992
712, 802
712, 932
712, 742
712, 872
712, 812
712, 942
712, 752
712, 882
712, 822
712, 952
712, 762
712, 892
200, 320
200, 640
200, 960
200, 450
200, 770
200, 260
200, 580
200, 900
200, 710
200, 390
200, 520
200, 840
200, 970
200, 650
200, 330
200, 460
200, 780
200, 910
200, 590
200, 270
200, 400
200, 720
200, 850
200, 530
200, 210
200, 340
200, 660
200, 980
200, 790
200, 470
200, 280
200, 600
200, 920
200, 730
200, 410
200, 220
200, 540
200, 860
200, 990
200, 670
200, 350
200, 480
200, 800
200, 930
200, 610
200, 290
200, 420
200, 740
200, 870
200, 550
200, 230
200, 360
200, 680
200, 1000
200, 810
200, 490
200, 300
200, 620
200, 940
200, 750
200, 430
200, 240
200, 560
200, 880
200, 690
200, 370
200, 500
200, 820
200, 950
200, 630
200, 310
200, 440
200, 760
200, 890
200, 570
200, 250
200, 380
200, 700
200, 830
200, 510
456, 576
456, 896
456, 706
456, 516
456, 836
456, 646
456, 966
456, 776
456, 906
456, 586
456, 716
456, 846
456, 526
456, 656
456, 976
456, 786
456, 466
456, 596
456, 916
456, 726
456, 536
456, 856
456, 986
456, 666
456, 476
456, 796
456, 926
456, 606
456, 736
456, 866
456, 546
456, 676
456, 996
456, 806
456, 486
456, 616
456, 936
456, 746
456, 556
456, 876
456, 686
456, 496
456, 816
456, 946
456, 626
456, 756
456, 886
456, 566
456, 696
456, 826
456, 506
456, 636
456, 956
456, 766
969, 989
969, 999
969, 979
713, 833
713, 963
713, 773
713, 903
713, 843
713, 973
713, 783
713, 913
713, 723
713, 853
713, 983
713, 793
713, 923
713, 733
713, 863
713, 993
713, 803
713, 933
713, 743
713, 873
713, 813
713, 943
713, 753
713, 883
713, 823
713, 953
713, 763
713, 893
201, 321
201, 641
201, 961
201, 451
201, 771
201, 261
201, 581
201, 901
201, 711
201, 391
201, 521
201, 841
201, 971
201, 651
201, 331
201, 461
201, 781
201, 911
201, 591
201, 271
201, 401
201, 721
201, 851
201, 531
201, 211
201, 341
201, 661
201, 981
201, 791
201, 471
201, 281
201, 601
201, 921
201, 731
201, 411
201, 221
201, 541
201, 861
201, 991
201, 671
201, 351
201, 481
201, 801
201, 931
201, 611
201, 291
201, 421
201, 741
201, 871
201, 551
201, 231
201, 361
201, 681
201, 811
201, 491
201, 301
201, 621
201, 941
201, 751
201, 431
201, 241
201, 561
201, 881
201, 691
201, 371
201, 501
201, 821
201, 951
201, 631
201, 311
201, 441
201, 761
201, 891
201, 571
201, 251
201, 381
201, 701
201, 831
201, 511
457, 577
457, 897
457, 707
457, 517
457, 837
457, 647
457, 967
457, 777
457, 907
457, 587
457, 717
457, 847
457, 527
457, 657
457, 977
457, 787
457, 467
457, 597
457, 917
457, 727
457, 537
457, 857
457, 987
457, 667
457, 477
457, 797
457, 927
457, 607
457, 737
457, 867
457, 547
457, 677
457, 997
457, 807
457, 487
457, 617
457, 937
457, 747
457, 557
457, 877
457, 687
457, 497
457, 817
457, 947
457, 627
457, 757
457, 887
457, 567
457, 697
457, 827
457, 507
457, 637
457, 957
457, 767
970, 990
970, 1000
970, 980
714, 834
714, 964
714, 774
714, 904
714, 844
714, 974
714, 784
714, 914
714, 724
714, 854
714, 984
714, 794
714, 924
714, 734
714, 864
714, 994
714, 804
714, 934
714, 744
714, 874
714, 814
714, 944
714, 754
714, 884
714, 824
714, 954
714, 764
714, 894
202, 512
202, 832
202, 322
202, 642
202, 962
202, 452
202, 772
202, 902
202, 262
202, 582
202, 712
202, 392
202, 842
202, 522
202, 972
202, 652
202, 332
202, 462
202, 782
202, 912
202, 592
202, 272
202, 402
202, 722
202, 852
202, 532
202, 212
202, 342
202, 662
202, 982
202, 792
202, 472
202, 282
202, 602
202, 922
202, 732
202, 412
202, 222
202, 542
202, 862
202, 992
202, 672
202, 352
202, 482
202, 802
202, 932
202, 612
202, 292
202, 422
202, 742
202, 872
202, 552
202, 232
202, 362
202, 682
202, 812
202, 492
202, 302
202, 622
202, 942
202, 752
202, 432
202, 242
202, 562
202, 882
202, 692
202, 372
202, 502
202, 822
202, 952
202, 632
202, 312
202, 442
202, 762
202, 892
202, 572
202, 252
202, 382
202, 702
458, 768
458, 578
458, 898
458, 708
458, 518
458, 838
458, 648
458, 968
458, 778
458, 588
458, 908
458, 718
458, 848
458, 528
458, 658
458, 978
458, 788
458, 468
458, 598
458, 918
458, 728
458, 538
458, 858
458, 988
458, 668
458, 478
458, 798
458, 928
458, 608
458, 738
458, 868
458, 548
458, 678
458, 998
458, 808
458, 488
458, 618
458, 938
458, 748
458, 558
458, 878
458, 688
458, 498
458, 818
458, 948
458, 628
458, 758
458, 888
458, 568
458, 698
458, 828
458, 508
458, 638
458, 958
971, 991
971, 981
715, 835
715, 965
715, 775
715, 905
715, 845
715, 975
715, 785
715, 915
715, 725
715, 855
715, 985
715, 795
715, 925
715, 735
715, 865
715, 995
715, 805
715, 935
715, 745
715, 875
715, 815
715, 945
715, 755
715, 885
715, 825
715, 955
715, 765
715, 895
203, 513
203, 833
203, 323
203, 643
203, 963
203, 453
203, 773
203, 903
203, 263
203, 583
203, 713
203, 393
203, 843
203, 523
203, 973
203, 653
203, 333
203, 463
203, 783
203, 913
203, 593
203, 273
203, 403
203, 723
203, 853
203, 533
203, 213
203, 343
203, 663
203, 983
203, 793
203, 473
203, 283
203, 603
203, 923
203, 733
203, 413
203, 223
203, 543
203, 863
203, 993
203, 673
203, 353
203, 483
203, 803
203, 933
203, 613
203, 293
203, 423
203, 743
203, 873
203, 553
203, 233
203, 363
203, 683
203, 813
203, 493
203, 303
203, 623
203, 943
203, 753
203, 433
203, 243
203, 563
203, 883
203, 693
203, 373
203, 503
203, 823
203, 953
203, 633
203, 313
203, 443
203, 763
203, 893
203, 573
203, 253
203, 383
203, 703
459, 769
459, 579
459, 899
459, 709
459, 519
459, 839
459, 649
459, 969
459, 779
459, 589
459, 909
459, 719
459, 849
459, 529
459, 659
459, 979
459, 789
459, 469
459, 599
459, 919
459, 729
459, 539
459, 859
459, 989
459, 669
459, 479
459, 799
459, 929
459, 609
459, 739
459, 869
459, 549
459, 679
459, 999
459, 809
459, 489
459, 619
459, 939
459, 749
459, 559
459, 879
459, 689
459, 499
459, 819
459, 949
459, 629
459, 759
459, 889
459, 569
459, 699
459, 829
459, 509
459, 639
459, 959
972, 992
972, 982
716, 896
716, 836
716, 966
716, 776
716, 906
716, 846
716, 976
716, 786
716, 916
716, 726
716, 856
716, 986
716, 796
716, 926
716, 736
716, 866
716, 996
716, 806
716, 936
716, 746
716, 876
716, 816
716, 946
716, 756
716, 886
716, 826
716, 956
716, 766
204, 384
204, 704
204, 514
204, 834
204, 324
204, 644
204, 964
204, 774
204, 454
204, 264
204, 584
204, 904
204, 714
204, 394
204, 524
204, 844
204, 654
204, 974
204, 334
204, 464
204, 784
204, 914
204, 594
204, 274
204, 404
204, 724
204, 854
204, 534
204, 214
204, 344
204, 664
204, 984
204, 794
204, 474
204, 284
204, 604
204, 924
204, 734
204, 414
204, 224
204, 544
204, 864
204, 994
204, 674
204, 354
204, 484
204, 804
204, 934
204, 614
204, 294
204, 424
204, 744
204, 874
204, 554
204, 234
204, 364
204, 684
204, 814
204, 494
204, 304
204, 624
204, 944
204, 754
204, 434
204, 244
204, 564
204, 884
204, 694
204, 374
204, 504
204, 824
204, 954
204, 634
204, 314
204, 444
204, 764
204, 894
204, 574
204, 254
460, 640
460, 960
460, 770
460, 580
460, 900
460, 710
460, 520
460, 840
460, 970
460, 650
460, 780
460, 910
460, 590
460, 720
460, 850
460, 530
460, 660
460, 980
460, 790
460, 470
460, 600
460, 920
460, 730
460, 540
460, 860
460, 990
460, 670
460, 480
460, 800
460, 930
460, 610
460, 740
460, 870
460, 550
460, 680
460, 1000
460, 810
460, 490
460, 620
460, 940
460, 750
460, 560
460, 880
460, 690
460, 500
460, 820
460, 950
460, 630
460, 760
460, 890
460, 570
460, 700
460, 830
460, 510
973, 993
973, 983
717, 897
717, 837
717, 967
717, 777
717, 907
717, 847
717, 977
717, 787
717, 917
717, 727
717, 857
717, 987
717, 797
717, 927
717, 737
717, 867
717, 997
717, 807
717, 937
717, 747
717, 877
717, 817
717, 947
717, 757
717, 887
717, 827
717, 957
717, 767
205, 385
205, 705
205, 515
205, 835
205, 325
205, 645
205, 965
205, 775
205, 455
205, 265
205, 585
205, 905
205, 715
205, 395
205, 525
205, 845
205, 655
205, 975
205, 335
205, 465
205, 785
205, 915
205, 595
205, 275
205, 405
205, 725
205, 855
205, 535
205, 215
205, 345
205, 665
205, 985
205, 795
205, 475
205, 285
205, 605
205, 925
205, 735
205, 415
205, 225
205, 545
205, 865
205, 995
205, 675
205, 355
205, 485
205, 805
205, 935
205, 615
205, 295
205, 425
205, 745
205, 875
205, 555
205, 235
205, 365
205, 685
205, 815
205, 495
205, 305
205, 625
205, 945
205, 755
205, 435
205, 245
205, 565
205, 885
205, 695
205, 375
205, 505
205, 825
205, 955
205, 635
205, 315
205, 445
205, 765
205, 895
205, 575
205, 255
461, 641
461, 961
461, 771
461, 581
461, 901
461, 711
461, 521
461, 841
461, 971
461, 651
461, 781
461, 911
461, 591
461, 721
461, 851
461, 531
461, 661
461, 981
461, 791
461, 471
461, 601
461, 921
461, 731
461, 541
461, 861
461, 991
461, 671
461, 481
461, 801
461, 931
461, 611
461, 741
461, 871
461, 551
461, 681
461, 811
461, 491
461, 621
461, 941
461, 751
461, 561
461, 881
461, 691
461, 501
461, 821
461, 951
461, 631
461, 761
461, 891
461, 571
461, 701
461, 831
461, 511
974, 994
974, 984
718, 768
718, 898
718, 838
718, 968
718, 778
718, 908
718, 848
718, 978
718, 788
718, 918
718, 728
718, 858
718, 988
718, 798
718, 928
718, 738
718, 868
718, 998
718, 808
718, 938
718, 748
718, 878
718, 818
718, 948
718, 758
718, 888
718, 828
718, 958
206, 256
206, 576
206, 896
206, 386
206, 706
206, 516
206, 836
206, 966
206, 326
206, 646
206, 456
206, 776
206, 266
206, 586
206, 906
206, 716
206, 396
206, 526
206, 846
206, 976
206, 656
206, 336
206, 466
206, 786
206, 916
206, 596
206, 276
206, 406
206, 726
206, 856
206, 536
206, 216
206, 346
206, 666
206, 986
206, 796
206, 476
206, 286
206, 606
206, 926
206, 736
206, 416
206, 226
206, 546
206, 866
206, 996
206, 676
206, 356
206, 486
206, 806
206, 936
206, 616
206, 296
206, 426
206, 746
206, 876
206, 556
206, 236
206, 366
206, 686
206, 816
206, 496
206, 306
206, 626
206, 946
206, 756
206, 436
206, 246
206, 566
206, 886
206, 696
206, 376
206, 506
206, 826
206, 956
206, 636
206, 316
206, 446
206, 766
462, 512
462, 832
462, 642
462, 962
462, 772
462, 582
462, 902
462, 712
462, 842
462, 522
462, 972
462, 652
462, 782
462, 912
462, 592
462, 722
462, 852
462, 532
462, 662
462, 982
462, 792
462, 472
462, 602
462, 922
462, 732
462, 542
462, 862
462, 992
462, 672
462, 482
462, 802
462, 932
462, 612
462, 742
462, 872
462, 552
462, 682
462, 812
462, 492
462, 622
462, 942
462, 752
462, 562
462, 882
462, 692
462, 502
462, 822
462, 952
462, 632
462, 762
462, 892
462, 572
462, 702
975, 995
975, 985
719, 769
719, 899
719, 839
719, 969
719, 779
719, 909
719, 849
719, 979
719, 789
719, 919
719, 729
719, 859
719, 989
719, 799
719, 929
719, 739
719, 869
719, 999
719, 809
719, 939
719, 749
719, 879
719, 819
719, 949
719, 759
719, 889
719, 829
719, 959
207, 257
207, 577
207, 897
207, 387
207, 707
207, 517
207, 837
207, 967
207, 327
207, 647
207, 457
207, 777
207, 267
207, 587
207, 907
207, 717
207, 397
207, 527
207, 847
207, 977
207, 657
207, 337
207, 467
207, 787
207, 917
207, 597
207, 277
207, 407
207, 727
207, 857
207, 537
207, 217
207, 347
207, 667
207, 987
207, 797
207, 477
207, 287
207, 607
207, 927
207, 737
207, 417
207, 227
207, 547
207, 867
207, 997
207, 677
207, 357
207, 487
207, 807
207, 937
207, 617
207, 297
207, 427
207, 747
207, 877
207, 557
207, 237
207, 367
207, 687
207, 817
207, 497
207, 307
207, 627
207, 947
207, 757
207, 437
207, 247
207, 567
207, 887
207, 697
207, 377
207, 507
207, 827
207, 957
207, 637
207, 317
207, 447
207, 767
463, 513
463, 833
463, 643
463, 963
463, 773
463, 583
463, 903
463, 713
463, 843
463, 523
463, 973
463, 653
463, 783
463, 913
463, 593
463, 723
463, 853
463, 533
463, 663
463, 983
463, 793
463, 473
463, 603
463, 923
463, 733
463, 543
463, 863
463, 993
463, 673
463, 483
463, 803
463, 933
463, 613
463, 743
463, 873
463, 553
463, 683
463, 813
463, 493
463, 623
463, 943
463, 753
463, 563
463, 883
463, 693
463, 503
463, 823
463, 953
463, 633
463, 763
463, 893
463, 573
463, 703
976, 996
976, 986
720, 960
720, 770
720, 900
720, 840
720, 970
720, 780
720, 910
720, 850
720, 980
720, 790
720, 920
720, 730
720, 860
720, 990
720, 800
720, 930
720, 740
720, 870
720, 1000
720, 810
720, 940
720, 750
720, 880
720, 820
720, 950
720, 760
720, 890
720, 830
208, 448
208, 768
208, 258
208, 578
208, 898
208, 388
208, 708
208, 518
208, 838
208, 328
208, 968
208, 648
208, 778
208, 458
208, 268
208, 908
208, 588
208, 718
208, 398
208, 528
208, 848
208, 978
208, 658
208, 338
208, 468
208, 788
208, 918
208, 598
208, 278
208, 408
208, 728
208, 858
208, 538
208, 218
208, 348
208, 668
208, 988
208, 798
208, 478
208, 288
208, 608
208, 928
208, 738
208, 418
208, 228
208, 548
208, 868
208, 998
208, 678
208, 358
208, 488
208, 808
208, 938
208, 618
208, 298
208, 428
208, 748
208, 878
208, 558
208, 238
208, 368
208, 688
208, 818
208, 498
208, 308
208, 628
208, 948
208, 758
208, 438
208, 248
208, 568
208, 888
208, 698
208, 378
208, 508
208, 828
208, 958
208, 638
208, 318
464, 704
464, 514
464, 834
464, 644
464, 964
464, 774
464, 584
464, 904
464, 714
464, 524
464, 844
464, 654
464, 974
464, 784
464, 914
464, 594
464, 724
464, 854
464, 534
464, 664
464, 984
464, 794
464, 474
464, 604
464, 924
464, 734
464, 544
464, 864
464, 994
464, 674
464, 484
464, 804
464, 934
464, 614
464, 744
464, 874
464, 554
464, 684
464, 814
464, 494
464, 624
464, 944
464, 754
464, 564
464, 884
464, 694
464, 504
464, 824
464, 954
464, 634
464, 764
464, 894
464, 574
977, 997
977, 987
721, 961
721, 771
721, 901
721, 841
721, 971
721, 781
721, 911
721, 851
721, 981
721, 791
721, 921
721, 731
721, 861
721, 991
721, 801
721, 931
721, 741
721, 871
721, 811
721, 941
721, 751
721, 881
721, 821
721, 951
721, 761
721, 891
721, 831
209, 449
209, 769
209, 259
209, 579
209, 899
209, 389
209, 709
209, 519
209, 839
209, 329
209, 969
209, 649
209, 779
209, 459
209, 269
209, 909
209, 589
209, 719
209, 399
209, 529
209, 849
209, 979
209, 659
209, 339
209, 469
209, 789
209, 919
209, 599
209, 279
209, 409
209, 729
209, 859
209, 539
209, 219
209, 349
209, 669
209, 989
209, 799
209, 479
209, 289
209, 609
209, 929
209, 739
209, 419
209, 229
209, 549
209, 869
209, 999
209, 679
209, 359
209, 489
209, 809
209, 939
209, 619
209, 299
209, 429
209, 749
209, 879
209, 559
209, 239
209, 369
209, 689
209, 819
209, 499
209, 309
209, 629
209, 949
209, 759
209, 439
209, 249
209, 569
209, 889
209, 699
209, 379
209, 509
209, 829
209, 959
209, 639
209, 319
465, 705
465, 515
465, 835
465, 645
465, 965
465, 775
465, 585
465, 905
465, 715
465, 525
465, 845
465, 655
465, 975
465, 785
465, 915
465, 595
465, 725
465, 855
465, 535
465, 665
465, 985
465, 795
465, 475
465, 605
465, 925
465, 735
465, 545
465, 865
465, 995
465, 675
465, 485
465, 805
465, 935
465, 615
465, 745
465, 875
465, 555
465, 685
465, 815
465, 495
465, 625
465, 945
465, 755
465, 565
465, 885
465, 695
465, 505
465, 825
465, 955
465, 635
465, 765
465, 895
465, 575
978, 998
978, 988
722, 832
722, 962
722, 772
722, 902
722, 842
722, 972
722, 782
722, 912
722, 852
722, 982
722, 792
722, 922
722, 732
722, 862
722, 992
722, 802
722, 932
722, 742
722, 872
722, 812
722, 942
722, 752
722, 882
722, 822
722, 952
722, 762
722, 892
210, 320
210, 640
210, 960
210, 450
210, 770
210, 260
210, 580
210, 900
210, 390
210, 710
210, 840
210, 520
210, 330
210, 650
210, 970
210, 780
210, 460
210, 270
210, 590
210, 910
210, 720
210, 400
210, 530
210, 850
210, 980
210, 660
210, 340
210, 470
210, 790
210, 920
210, 600
210, 280
210, 410
210, 730
210, 860
210, 540
210, 220
210, 350
210, 670
210, 990
210, 800
210, 480
210, 290
210, 610
210, 930
210, 740
210, 420
210, 230
210, 550
210, 870
210, 1000
210, 680
210, 360
210, 490
210, 810
210, 940
210, 620
210, 300
210, 430
210, 750
210, 880
210, 560
210, 240
210, 370
210, 690
210, 820
210, 500
210, 310
210, 630
210, 950
210, 760
210, 440
210, 250
210, 570
210, 890
210, 700
210, 380
210, 510
210, 830
466, 576
466, 896
466, 706
466, 516
466, 836
466, 646
466, 966
466, 776
466, 586
466, 906
466, 716
466, 526
466, 846
466, 976
466, 656
466, 786
466, 916
466, 596
466, 726
466, 856
466, 536
466, 666
466, 986
466, 796
466, 476
466, 606
466, 926
466, 736
466, 546
466, 866
466, 996
466, 676
466, 486
466, 806
466, 936
466, 616
466, 746
466, 876
466, 556
466, 686
466, 816
466, 496
466, 626
466, 946
466, 756
466, 566
466, 886
466, 696
466, 506
466, 826
466, 956
466, 636
466, 766
979, 999
979, 989
723, 833
723, 963
723, 773
723, 903
723, 843
723, 973
723, 783
723, 913
723, 853
723, 983
723, 793
723, 923
723, 733
723, 863
723, 993
723, 803
723, 933
723, 743
723, 873
723, 813
723, 943
723, 753
723, 883
723, 823
723, 953
723, 763
723, 893
211, 321
211, 641
211, 961
211, 451
211, 771
211, 261
211, 581
211, 901
211, 391
211, 711
211, 841
211, 521
211, 331
211, 651
211, 971
211, 781
211, 461
211, 271
211, 591
211, 911
211, 721
211, 401
211, 531
211, 851
211, 981
211, 661
211, 341
211, 471
211, 791
211, 921
211, 601
211, 281
211, 411
211, 731
211, 861
211, 541
211, 221
211, 351
211, 671
211, 991
211, 801
211, 481
211, 291
211, 611
211, 931
211, 741
211, 421
211, 231
211, 551
211, 871
211, 681
211, 361
211, 491
211, 811
211, 941
211, 621
211, 301
211, 431
211, 751
211, 881
211, 561
211, 241
211, 371
211, 691
211, 821
211, 501
211, 311
211, 631
211, 951
211, 761
211, 441
211, 251
211, 571
211, 891
211, 701
211, 381
211, 511
211, 831
467, 577
467, 897
467, 707
467, 517
467, 837
467, 647
467, 967
467, 777
467, 587
467, 907
467, 717
467, 527
467, 847
467, 977
467, 657
467, 787
467, 917
467, 597
467, 727
467, 857
467, 537
467, 667
467, 987
467, 797
467, 477
467, 607
467, 927
467, 737
467, 547
467, 867
467, 997
467, 677
467, 487
467, 807
467, 937
467, 617
467, 747
467, 877
467, 557
467, 687
467, 817
467, 497
467, 627
467, 947
467, 757
467, 567
467, 887
467, 697
467, 507
467, 827
467, 957
467, 637
467, 767
980, 1000
980, 990
724, 834
724, 964
724, 774
724, 904
724, 844
724, 974
724, 784
724, 914
724, 854
724, 984
724, 794
724, 924
724, 734
724, 864
724, 994
724, 804
724, 934
724, 744
724, 874
724, 814
724, 944
724, 754
724, 884
724, 824
724, 954
724, 764
724, 894
212, 512
212, 832
212, 322
212, 642
212, 962
212, 452
212, 772
212, 582
212, 262
212, 902
212, 392
212, 712
212, 522
212, 842
212, 332
212, 652
212, 972
212, 782
212, 462
212, 272
212, 592
212, 912
212, 722
212, 402
212, 532
212, 852
212, 982
212, 662
212, 342
212, 472
212, 792
212, 922
212, 602
212, 282
212, 412
212, 732
212, 862
212, 542
212, 222
212, 352
212, 672
212, 992
212, 802
212, 482
212, 292
212, 612
212, 932
212, 742
212, 422
212, 232
212, 552
212, 872
212, 682
212, 362
212, 492
212, 812
212, 942
212, 622
212, 302
212, 432
212, 752
212, 882
212, 562
212, 242
212, 372
212, 692
212, 822
212, 502
212, 312
212, 632
212, 952
212, 762
212, 442
212, 252
212, 572
212, 892
212, 702
212, 382
468, 768
468, 578
468, 898
468, 708
468, 518
468, 838
468, 648
468, 968
468, 778
468, 908
468, 588
468, 718
468, 528
468, 848
468, 978
468, 658
468, 788
468, 918
468, 598
468, 728
468, 858
468, 538
468, 668
468, 988
468, 798
468, 478
468, 608
468, 928
468, 738
468, 548
468, 868
468, 998
468, 678
468, 488
468, 808
468, 938
468, 618
468, 748
468, 878
468, 558
468, 688
468, 818
468, 498
468, 628
468, 948
468, 758
468, 568
468, 888
468, 698
468, 508
468, 828
468, 958
468, 638
981, 991
725, 835
725, 965
725, 775
725, 905
725, 845
725, 975
725, 785
725, 915
725, 855
725, 985
725, 795
725, 925
725, 735
725, 865
725, 995
725, 805
725, 935
725, 745
725, 875
725, 815
725, 945
725, 755
725, 885
725, 825
725, 955
725, 765
725, 895
213, 513
213, 833
213, 323
213, 643
213, 963
213, 453
213, 773
213, 583
213, 263
213, 903
213, 393
213, 713
213, 523
213, 843
213, 333
213, 653
213, 973
213, 783
213, 463
213, 273
213, 593
213, 913
213, 723
213, 403
213, 533
213, 853
213, 983
213, 663
213, 343
213, 473
213, 793
213, 923
213, 603
213, 283
213, 413
213, 733
213, 863
213, 543
213, 223
213, 353
213, 673
213, 993
213, 803
213, 483
213, 293
213, 613
213, 933
213, 743
213, 423
213, 233
213, 553
213, 873
213, 683
213, 363
213, 493
213, 813
213, 943
213, 623
213, 303
213, 433
213, 753
213, 883
213, 563
213, 243
213, 373
213, 693
213, 823
213, 503
213, 313
213, 633
213, 953
213, 763
213, 443
213, 253
213, 573
213, 893
213, 703
213, 383
469, 769
469, 579
469, 899
469, 709
469, 519
469, 839
469, 649
469, 969
469, 779
469, 909
469, 589
469, 719
469, 529
469, 849
469, 979
469, 659
469, 789
469, 919
469, 599
469, 729
469, 859
469, 539
469, 669
469, 989
469, 799
469, 479
469, 609
469, 929
469, 739
469, 549
469, 869
469, 999
469, 679
469, 489
469, 809
469, 939
469, 619
469, 749
469, 879
469, 559
469, 689
469, 819
469, 499
469, 629
469, 949
469, 759
469, 569
469, 889
469, 699
469, 509
469, 829
469, 959
469, 639
982, 992
726, 896
726, 836
726, 966
726, 776
726, 906
726, 846
726, 976
726, 786
726, 916
726, 856
726, 986
726, 796
726, 926
726, 736
726, 866
726, 996
726, 806
726, 936
726, 746
726, 876
726, 816
726, 946
726, 756
726, 886
726, 826
726, 956
726, 766
214, 384
214, 704
214, 514
214, 834
214, 324
214, 644
214, 964
214, 454
214, 774
214, 904
214, 584
214, 264
214, 394
214, 714
214, 844
214, 524
214, 334
214, 974
214, 654
214, 784
214, 464
214, 274
214, 594
214, 914
214, 724
214, 404
214, 534
214, 854
214, 984
214, 664
214, 344
214, 474
214, 794
214, 924
214, 604
214, 284
214, 414
214, 734
214, 864
214, 544
214, 224
214, 354
214, 674
214, 994
214, 804
214, 484
214, 294
214, 614
214, 934
214, 744
214, 424
214, 234
214, 554
214, 874
214, 684
214, 364
214, 494
214, 814
214, 944
214, 624
214, 304
214, 434
214, 754
214, 884
214, 564
214, 244
214, 374
214, 694
214, 824
214, 504
214, 314
214, 634
214, 954
214, 764
214, 444
214, 254
214, 574
214, 894
470, 640
470, 960
470, 770
470, 580
470, 900
470, 710
470, 520
470, 840
470, 650
470, 970
470, 780
470, 590
470, 910
470, 720
470, 530
470, 850
470, 980
470, 660
470, 790
470, 920
470, 600
470, 730
470, 860
470, 540
470, 670
470, 990
470, 800
470, 480
470, 610
470, 930
470, 740
470, 550
470, 870
470, 1000
470, 680
470, 490
470, 810
470, 940
470, 620
470, 750
470, 880
470, 560
470, 690
470, 820
470, 500
470, 630
470, 950
470, 760
470, 570
470, 890
470, 700
470, 510
470, 830
983, 993
727, 897
727, 837
727, 967
727, 777
727, 907
727, 847
727, 977
727, 787
727, 917
727, 857
727, 987
727, 797
727, 927
727, 737
727, 867
727, 997
727, 807
727, 937
727, 747
727, 877
727, 817
727, 947
727, 757
727, 887
727, 827
727, 957
727, 767
215, 385
215, 705
215, 515
215, 835
215, 325
215, 645
215, 965
215, 455
215, 775
215, 905
215, 585
215, 265
215, 395
215, 715
215, 845
215, 525
215, 335
215, 975
215, 655
215, 785
215, 465
215, 275
215, 595
215, 915
215, 725
215, 405
215, 535
215, 855
215, 985
215, 665
215, 345
215, 475
215, 795
215, 925
215, 605
215, 285
215, 415
215, 735
215, 865
215, 545
215, 225
215, 355
215, 675
215, 995
215, 805
215, 485
215, 295
215, 615
215, 935
215, 745
215, 425
215, 235
215, 555
215, 875
215, 685
215, 365
215, 495
215, 815
215, 945
215, 625
215, 305
215, 435
215, 755
215, 885
215, 565
215, 245
215, 375
215, 695
215, 825
215, 505
215, 315
215, 635
215, 955
215, 765
215, 445
215, 255
215, 575
215, 895
471, 641
471, 961
471, 771
471, 581
471, 901
471, 711
471, 521
471, 841
471, 651
471, 971
471, 781
471, 591
471, 911
471, 721
471, 531
471, 851
471, 981
471, 661
471, 791
471, 921
471, 601
471, 731
471, 861
471, 541
471, 671
471, 991
471, 801
471, 481
471, 611
471, 931
471, 741
471, 551
471, 871
471, 681
471, 491
471, 811
471, 941
471, 621
471, 751
471, 881
471, 561
471, 691
471, 821
471, 501
471, 631
471, 951
471, 761
471, 571
471, 891
471, 701
471, 511
471, 831
984, 994
728, 768
728, 898
728, 838
728, 968
728, 778
728, 908
728, 848
728, 978
728, 788
728, 918
728, 858
728, 988
728, 798
728, 928
728, 738
728, 868
728, 998
728, 808
728, 938
728, 748
728, 878
728, 818
728, 948
728, 758
728, 888
728, 828
728, 958
216, 256
216, 576
216, 896
216, 386
216, 706
216, 516
216, 836
216, 646
216, 326
216, 966
216, 776
216, 456
216, 906
216, 586
216, 266
216, 396
216, 716
216, 846
216, 526
216, 336
216, 656
216, 976
216, 786
216, 466
216, 276
216, 596
216, 916
216, 726
216, 406
216, 536
216, 856
216, 986
216, 666
216, 346
216, 476
216, 796
216, 926
216, 606
216, 286
216, 416
216, 736
216, 866
216, 546
216, 226
216, 356
216, 676
216, 996
216, 806
216, 486
216, 296
216, 616
216, 936
216, 746
216, 426
216, 236
216, 556
216, 876
216, 686
216, 366
216, 496
216, 816
216, 946
216, 626
216, 306
216, 436
216, 756
216, 886
216, 566
216, 246
216, 376
216, 696
216, 826
216, 506
216, 316
216, 636
216, 956
216, 766
216, 446
472, 512
472, 832
472, 642
472, 962
472, 772
472, 582
472, 902
472, 712
472, 522
472, 842
472, 652
472, 972
472, 782
472, 592
472, 912
472, 722
472, 532
472, 852
472, 982
472, 662
472, 792
472, 922
472, 602
472, 732
472, 862
472, 542
472, 672
472, 992
472, 802
472, 482
472, 612
472, 932
472, 742
472, 552
472, 872
472, 682
472, 492
472, 812
472, 942
472, 622
472, 752
472, 882
472, 562
472, 692
472, 822
472, 502
472, 632
472, 952
472, 762
472, 572
472, 892
472, 702
985, 995
729, 769
729, 899
729, 839
729, 969
729, 779
729, 909
729, 849
729, 979
729, 789
729, 919
729, 859
729, 989
729, 799
729, 929
729, 739
729, 869
729, 999
729, 809
729, 939
729, 749
729, 879
729, 819
729, 949
729, 759
729, 889
729, 829
729, 959
217, 257
217, 577
217, 897
217, 387
217, 707
217, 517
217, 837
217, 647
217, 327
217, 967
217, 777
217, 457
217, 907
217, 587
217, 267
217, 397
217, 717
217, 847
217, 527
217, 337
217, 657
217, 977
217, 787
217, 467
217, 277
217, 597
217, 917
217, 727
217, 407
217, 537
217, 857
217, 987
217, 667
217, 347
217, 477
217, 797
217, 927
217, 607
217, 287
217, 417
217, 737
217, 867
217, 547
217, 227
217, 357
217, 677
217, 997
217, 807
217, 487
217, 297
217, 617
217, 937
217, 747
217, 427
217, 237
217, 557
217, 877
217, 687
217, 367
217, 497
217, 817
217, 947
217, 627
217, 307
217, 437
217, 757
217, 887
217, 567
217, 247
217, 377
217, 697
217, 827
217, 507
217, 317
217, 637
217, 957
217, 767
217, 447
473, 513
473, 833
473, 643
473, 963
473, 773
473, 583
473, 903
473, 713
473, 523
473, 843
473, 653
473, 973
473, 783
473, 593
473, 913
473, 723
473, 533
473, 853
473, 983
473, 663
473, 793
473, 923
473, 603
473, 733
473, 863
473, 543
473, 673
473, 993
473, 803
473, 483
473, 613
473, 933
473, 743
473, 553
473, 873
473, 683
473, 493
473, 813
473, 943
473, 623
473, 753
473, 883
473, 563
473, 693
473, 823
473, 503
473, 633
473, 953
473, 763
473, 573
473, 893
473, 703
986, 996
730, 960
730, 770
730, 900
730, 840
730, 970
730, 780
730, 910
730, 850
730, 980
730, 790
730, 920
730, 860
730, 990
730, 800
730, 930
730, 740
730, 870
730, 1000
730, 810
730, 940
730, 750
730, 880
730, 820
730, 950
730, 760
730, 890
730, 830
218, 448
218, 768
218, 258
218, 578
218, 898
218, 388
218, 708
218, 838
218, 518
218, 648
218, 968
218, 328
218, 458
218, 778
218, 588
218, 908
218, 268
218, 398
218, 718
218, 848
218, 528
218, 338
218, 658
218, 978
218, 788
218, 468
218, 278
218, 598
218, 918
218, 728
218, 408
218, 538
218, 858
218, 988
218, 668
218, 348
218, 478
218, 798
218, 928
218, 608
218, 288
218, 418
218, 738
218, 868
218, 548
218, 228
218, 358
218, 678
218, 998
218, 808
218, 488
218, 298
218, 618
218, 938
218, 748
218, 428
218, 238
218, 558
218, 878
218, 688
218, 368
218, 498
218, 818
218, 948
218, 628
218, 308
218, 438
218, 758
218, 888
218, 568
218, 248
218, 378
218, 698
218, 828
218, 508
218, 318
218, 638
218, 958
474, 704
474, 514
474, 834
474, 644
474, 964
474, 774
474, 584
474, 904
474, 714
474, 844
474, 524
474, 974
474, 654
474, 784
474, 594
474, 914
474, 724
474, 534
474, 854
474, 984
474, 664
474, 794
474, 924
474, 604
474, 734
474, 864
474, 544
474, 674
474, 994
474, 804
474, 484
474, 614
474, 934
474, 744
474, 554
474, 874
474, 684
474, 494
474, 814
474, 944
474, 624
474, 754
474, 884
474, 564
474, 694
474, 824
474, 504
474, 634
474, 954
474, 764
474, 574
474, 894
987, 997
731, 961
731, 771
731, 901
731, 841
731, 971
731, 781
731, 911
731, 851
731, 981
731, 791
731, 921
731, 861
731, 991
731, 801
731, 931
731, 741
731, 871
731, 811
731, 941
731, 751
731, 881
731, 821
731, 951
731, 761
731, 891
731, 831
219, 449
219, 769
219, 259
219, 579
219, 899
219, 389
219, 709
219, 839
219, 519
219, 649
219, 969
219, 329
219, 459
219, 779
219, 589
219, 909
219, 269
219, 399
219, 719
219, 849
219, 529
219, 339
219, 659
219, 979
219, 789
219, 469
219, 279
219, 599
219, 919
219, 729
219, 409
219, 539
219, 859
219, 989
219, 669
219, 349
219, 479
219, 799
219, 929
219, 609
219, 289
219, 419
219, 739
219, 869
219, 549
219, 229
219, 359
219, 679
219, 999
219, 809
219, 489
219, 299
219, 619
219, 939
219, 749
219, 429
219, 239
219, 559
219, 879
219, 689
219, 369
219, 499
219, 819
219, 949
219, 629
219, 309
219, 439
219, 759
219, 889
219, 569
219, 249
219, 379
219, 699
219, 829
219, 509
219, 319
219, 639
219, 959
475, 705
475, 515
475, 835
475, 645
475, 965
475, 775
475, 585
475, 905
475, 715
475, 845
475, 525
475, 975
475, 655
475, 785
475, 595
475, 915
475, 725
475, 535
475, 855
475, 985
475, 665
475, 795
475, 925
475, 605
475, 735
475, 865
475, 545
475, 675
475, 995
475, 805
475, 485
475, 615
475, 935
475, 745
475, 555
475, 875
475, 685
475, 495
475, 815
475, 945
475, 625
475, 755
475, 885
475, 565
475, 695
475, 825
475, 505
475, 635
475, 955
475, 765
475, 575
475, 895
988, 998
732, 832
732, 962
732, 772
732, 902
732, 842
732, 972
732, 782
732, 912
732, 852
732, 982
732, 792
732, 922
732, 862
732, 992
732, 802
732, 932
732, 742
732, 872
732, 812
732, 942
732, 752
732, 882
732, 822
732, 952
732, 762
732, 892
220, 320
220, 640
220, 960
220, 450
220, 770
220, 260
220, 580
220, 900
220, 710
220, 390
220, 520
220, 840
220, 970
220, 650
220, 330
220, 460
220, 780
220, 910
220, 590
220, 270
220, 400
220, 720
220, 850
220, 530
220, 340
220, 660
220, 980
220, 790
220, 470
220, 280
220, 600
220, 920
220, 730
220, 410
220, 540
220, 860
220, 990
220, 670
220, 350
220, 480
220, 800
220, 930
220, 610
220, 290
220, 420
220, 740
220, 870
220, 550
220, 230
220, 360
220, 680
220, 1000
220, 810
220, 490
220, 300
220, 620
220, 940
220, 750
220, 430
220, 240
220, 560
220, 880
220, 690
220, 370
220, 500
220, 820
220, 950
220, 630
220, 310
220, 440
220, 760
220, 890
220, 570
220, 250
220, 380
220, 700
220, 830
220, 510
476, 576
476, 896
476, 706
476, 516
476, 836
476, 646
476, 966
476, 776
476, 906
476, 586
476, 716
476, 846
476, 526
476, 656
476, 976
476, 786
476, 596
476, 916
476, 726
476, 536
476, 856
476, 986
476, 666
476, 796
476, 926
476, 606
476, 736
476, 866
476, 546
476, 676
476, 996
476, 806
476, 486
476, 616
476, 936
476, 746
476, 556
476, 876
476, 686
476, 496
476, 816
476, 946
476, 626
476, 756
476, 886
476, 566
476, 696
476, 826
476, 506
476, 636
476, 956
476, 766
989, 999
733, 833
733, 963
733, 773
733, 903
733, 843
733, 973
733, 783
733, 913
733, 853
733, 983
733, 793
733, 923
733, 863
733, 993
733, 803
733, 933
733, 743
733, 873
733, 813
733, 943
733, 753
733, 883
733, 823
733, 953
733, 763
733, 893
221, 321
221, 641
221, 961
221, 451
221, 771
221, 261
221, 581
221, 901
221, 711
221, 391
221, 521
221, 841
221, 971
221, 651
221, 331
221, 461
221, 781
221, 911
221, 591
221, 271
221, 401
221, 721
221, 851
221, 531
221, 341
221, 661
221, 981
221, 791
221, 471
221, 281
221, 601
221, 921
221, 731
221, 411
221, 541
221, 861
221, 991
221, 671
221, 351
221, 481
221, 801
221, 931
221, 611
221, 291
221, 421
221, 741
221, 871
221, 551
221, 231
221, 361
221, 681
221, 811
221, 491
221, 301
221, 621
221, 941
221, 751
221, 431
221, 241
221, 561
221, 881
221, 691
221, 371
221, 501
221, 821
221, 951
221, 631
221, 311
221, 441
221, 761
221, 891
221, 571
221, 251
221, 381
221, 701
221, 831
221, 511
477, 577
477, 897
477, 707
477, 517
477, 837
477, 647
477, 967
477, 777
477, 907
477, 587
477, 717
477, 847
477, 527
477, 657
477, 977
477, 787
477, 597
477, 917
477, 727
477, 537
477, 857
477, 987
477, 667
477, 797
477, 927
477, 607
477, 737
477, 867
477, 547
477, 677
477, 997
477, 807
477, 487
477, 617
477, 937
477, 747
477, 557
477, 877
477, 687
477, 497
477, 817
477, 947
477, 627
477, 757
477, 887
477, 567
477, 697
477, 827
477, 507
477, 637
477, 957
477, 767
990, 1000
734, 834
734, 964
734, 774
734, 904
734, 844
734, 974
734, 784
734, 914
734, 854
734, 984
734, 794
734, 924
734, 864
734, 994
734, 804
734, 934
734, 744
734, 874
734, 814
734, 944
734, 754
734, 884
734, 824
734, 954
734, 764
734, 894
222, 512
222, 832
222, 322
222, 642
222, 962
222, 452
222, 772
222, 902
222, 262
222, 582
222, 712
222, 392
222, 842
222, 522
222, 972
222, 652
222, 332
222, 462
222, 782
222, 912
222, 592
222, 272
222, 402
222, 722
222, 852
222, 532
222, 342
222, 662
222, 982
222, 792
222, 472
222, 282
222, 602
222, 922
222, 732
222, 412
222, 542
222, 862
222, 992
222, 672
222, 352
222, 482
222, 802
222, 932
222, 612
222, 292
222, 422
222, 742
222, 872
222, 552
222, 232
222, 362
222, 682
222, 812
222, 492
222, 302
222, 622
222, 942
222, 752
222, 432
222, 242
222, 562
222, 882
222, 692
222, 372
222, 502
222, 822
222, 952
222, 632
222, 312
222, 442
222, 762
222, 892
222, 572
222, 252
222, 382
222, 702
478, 768
478, 578
478, 898
478, 708
478, 518
478, 838
478, 648
478, 968
478, 778
478, 588
478, 908
478, 718
478, 848
478, 528
478, 658
478, 978
478, 788
478, 598
478, 918
478, 728
478, 538
478, 858
478, 988
478, 668
478, 798
478, 928
478, 608
478, 738
478, 868
478, 548
478, 678
478, 998
478, 808
478, 488
478, 618
478, 938
478, 748
478, 558
478, 878
478, 688
478, 498
478, 818
478, 948
478, 628
478, 758
478, 888
478, 568
478, 698
478, 828
478, 508
478, 638
478, 958
735, 835
735, 965
735, 775
735, 905
735, 845
735, 975
735, 785
735, 915
735, 855
735, 985
735, 795
735, 925
735, 865
735, 995
735, 805
735, 935
735, 745
735, 875
735, 815
735, 945
735, 755
735, 885
735, 825
735, 955
735, 765
735, 895
223, 513
223, 833
223, 323
223, 643
223, 963
223, 453
223, 773
223, 903
223, 263
223, 583
223, 713
223, 393
223, 843
223, 523
223, 973
223, 653
223, 333
223, 463
223, 783
223, 913
223, 593
223, 273
223, 403
223, 723
223, 853
223, 533
223, 343
223, 663
223, 983
223, 793
223, 473
223, 283
223, 603
223, 923
223, 733
223, 413
223, 543
223, 863
223, 993
223, 673
223, 353
223, 483
223, 803
223, 933
223, 613
223, 293
223, 423
223, 743
223, 873
223, 553
223, 233
223, 363
223, 683
223, 813
223, 493
223, 303
223, 623
223, 943
223, 753
223, 433
223, 243
223, 563
223, 883
223, 693
223, 373
223, 503
223, 823
223, 953
223, 633
223, 313
223, 443
223, 763
223, 893
223, 573
223, 253
223, 383
223, 703
479, 769
479, 579
479, 899
479, 709
479, 519
479, 839
479, 649
479, 969
479, 779
479, 589
479, 909
479, 719
479, 849
479, 529
479, 659
479, 979
479, 789
479, 599
479, 919
479, 729
479, 539
479, 859
479, 989
479, 669
479, 799
479, 929
479, 609
479, 739
479, 869
479, 549
479, 679
479, 999
479, 809
479, 489
479, 619
479, 939
479, 749
479, 559
479, 879
479, 689
479, 499
479, 819
479, 949
479, 629
479, 759
479, 889
479, 569
479, 699
479, 829
479, 509
479, 639
479, 959
736, 896
736, 836
736, 966
736, 776
736, 906
736, 846
736, 976
736, 786
736, 916
736, 856
736, 986
736, 796
736, 926
736, 866
736, 996
736, 806
736, 936
736, 746
736, 876
736, 816
736, 946
736, 756
736, 886
736, 826
736, 956
736, 766
224, 384
224, 704
224, 514
224, 834
224, 324
224, 644
224, 964
224, 774
224, 454
224, 264
224, 584
224, 904
224, 714
224, 394
224, 524
224, 844
224, 654
224, 974
224, 334
224, 464
224, 784
224, 914
224, 594
224, 274
224, 404
224, 724
224, 854
224, 534
224, 344
224, 664
224, 984
224, 794
224, 474
224, 284
224, 604
224, 924
224, 734
224, 414
224, 544
224, 864
224, 994
224, 674
224, 354
224, 484
224, 804
224, 934
224, 614
224, 294
224, 424
224, 744
224, 874
224, 554
224, 234
224, 364
224, 684
224, 814
224, 494
224, 304
224, 624
224, 944
224, 754
224, 434
224, 244
224, 564
224, 884
224, 694
224, 374
224, 504
224, 824
224, 954
224, 634
224, 314
224, 444
224, 764
224, 894
224, 574
224, 254
480, 640
480, 960
480, 770
480, 580
480, 900
480, 710
480, 520
480, 840
480, 970
480, 650
480, 780
480, 910
480, 590
480, 720
480, 850
480, 530
480, 660
480, 980
480, 790
480, 600
480, 920
480, 730
480, 540
480, 860
480, 990
480, 670
480, 800
480, 930
480, 610
480, 740
480, 870
480, 550
480, 680
480, 1000
480, 810
480, 490
480, 620
480, 940
480, 750
480, 560
480, 880
480, 690
480, 500
480, 820
480, 950
480, 630
480, 760
480, 890
480, 570
480, 700
480, 830
480, 510
737, 897
737, 837
737, 967
737, 777
737, 907
737, 847
737, 977
737, 787
737, 917
737, 857
737, 987
737, 797
737, 927
737, 867
737, 997
737, 807
737, 937
737, 747
737, 877
737, 817
737, 947
737, 757
737, 887
737, 827
737, 957
737, 767
225, 385
225, 705
225, 515
225, 835
225, 325
225, 645
225, 965
225, 775
225, 455
225, 265
225, 585
225, 905
225, 715
225, 395
225, 525
225, 845
225, 655
225, 975
225, 335
225, 465
225, 785
225, 915
225, 595
225, 275
225, 405
225, 725
225, 855
225, 535
225, 345
225, 665
225, 985
225, 795
225, 475
225, 285
225, 605
225, 925
225, 735
225, 415
225, 545
225, 865
225, 995
225, 675
225, 355
225, 485
225, 805
225, 935
225, 615
225, 295
225, 425
225, 745
225, 875
225, 555
225, 235
225, 365
225, 685
225, 815
225, 495
225, 305
225, 625
225, 945
225, 755
225, 435
225, 245
225, 565
225, 885
225, 695
225, 375
225, 505
225, 825
225, 955
225, 635
225, 315
225, 445
225, 765
225, 895
225, 575
225, 255
481, 641
481, 961
481, 771
481, 581
481, 901
481, 711
481, 521
481, 841
481, 971
481, 651
481, 781
481, 911
481, 591
481, 721
481, 851
481, 531
481, 661
481, 981
481, 791
481, 601
481, 921
481, 731
481, 541
481, 861
481, 991
481, 671
481, 801
481, 931
481, 611
481, 741
481, 871
481, 551
481, 681
481, 811
481, 491
481, 621
481, 941
481, 751
481, 561
481, 881
481, 691
481, 501
481, 821
481, 951
481, 631
481, 761
481, 891
481, 571
481, 701
481, 831
481, 511
738, 768
738, 898
738, 838
738, 968
738, 778
738, 908
738, 848
738, 978
738, 788
738, 918
738, 858
738, 988
738, 798
738, 928
738, 868
738, 998
738, 808
738, 938
738, 748
738, 878
738, 818
738, 948
738, 758
738, 888
738, 828
738, 958
226, 256
226, 576
226, 896
226, 386
226, 706
226, 516
226, 836
226, 966
226, 326
226, 646
226, 456
226, 776
226, 266
226, 586
226, 906
226, 716
226, 396
226, 526
226, 846
226, 976
226, 656
226, 336
226, 466
226, 786
226, 916
226, 596
226, 276
226, 406
226, 726
226, 856
226, 536
226, 346
226, 666
226, 986
226, 796
226, 476
226, 286
226, 606
226, 926
226, 736
226, 416
226, 546
226, 866
226, 996
226, 676
226, 356
226, 486
226, 806
226, 936
226, 616
226, 296
226, 426
226, 746
226, 876
226, 556
226, 236
226, 366
226, 686
226, 816
226, 496
226, 306
226, 626
226, 946
226, 756
226, 436
226, 246
226, 566
226, 886
226, 696
226, 376
226, 506
226, 826
226, 956
226, 636
226, 316
226, 446
226, 766
482, 512
482, 832
482, 642
482, 962
482, 772
482, 582
482, 902
482, 712
482, 842
482, 522
482, 972
482, 652
482, 782
482, 912
482, 592
482, 722
482, 852
482, 532
482, 662
482, 982
482, 792
482, 602
482, 922
482, 732
482, 542
482, 862
482, 992
482, 672
482, 802
482, 932
482, 612
482, 742
482, 872
482, 552
482, 682
482, 812
482, 492
482, 622
482, 942
482, 752
482, 562
482, 882
482, 692
482, 502
482, 822
482, 952
482, 632
482, 762
482, 892
482, 572
482, 702
739, 769
739, 899
739, 839
739, 969
739, 779
739, 909
739, 849
739, 979
739, 789
739, 919
739, 859
739, 989
739, 799
739, 929
739, 869
739, 999
739, 809
739, 939
739, 749
739, 879
739, 819
739, 949
739, 759
739, 889
739, 829
739, 959
227, 257
227, 577
227, 897
227, 387
227, 707
227, 517
227, 837
227, 967
227, 327
227, 647
227, 457
227, 777
227, 267
227, 587
227, 907
227, 717
227, 397
227, 527
227, 847
227, 977
227, 657
227, 337
227, 467
227, 787
227, 917
227, 597
227, 277
227, 407
227, 727
227, 857
227, 537
227, 347
227, 667
227, 987
227, 797
227, 477
227, 287
227, 607
227, 927
227, 737
227, 417
227, 547
227, 867
227, 997
227, 677
227, 357
227, 487
227, 807
227, 937
227, 617
227, 297
227, 427
227, 747
227, 877
227, 557
227, 237
227, 367
227, 687
227, 817
227, 497
227, 307
227, 627
227, 947
227, 757
227, 437
227, 247
227, 567
227, 887
227, 697
227, 377
227, 507
227, 827
227, 957
227, 637
227, 317
227, 447
227, 767
483, 513
483, 833
483, 643
483, 963
483, 773
483, 583
483, 903
483, 713
483, 843
483, 523
483, 973
483, 653
483, 783
483, 913
483, 593
483, 723
483, 853
483, 533
483, 663
483, 983
483, 793
483, 603
483, 923
483, 733
483, 543
483, 863
483, 993
483, 673
483, 803
483, 933
483, 613
483, 743
483, 873
483, 553
483, 683
483, 813
483, 493
483, 623
483, 943
483, 753
483, 563
483, 883
483, 693
483, 503
483, 823
483, 953
483, 633
483, 763
483, 893
483, 573
483, 703
740, 960
740, 770
740, 900
740, 840
740, 970
740, 780
740, 910
740, 850
740, 980
740, 790
740, 920
740, 860
740, 990
740, 800
740, 930
740, 870
740, 1000
740, 810
740, 940
740, 750
740, 880
740, 820
740, 950
740, 760
740, 890
740, 830
228, 448
228, 768
228, 258
228, 578
228, 898
228, 388
228, 708
228, 518
228, 838
228, 328
228, 968
228, 648
228, 778
228, 458
228, 268
228, 908
228, 588
228, 718
228, 398
228, 528
228, 848
228, 978
228, 658
228, 338
228, 468
228, 788
228, 918
228, 598
228, 278
228, 408
228, 728
228, 858
228, 538
228, 348
228, 668
228, 988
228, 798
228, 478
228, 288
228, 608
228, 928
228, 738
228, 418
228, 548
228, 868
228, 998
228, 678
228, 358
228, 488
228, 808
228, 938
228, 618
228, 298
228, 428
228, 748
228, 878
228, 558
228, 238
228, 368
228, 688
228, 818
228, 498
228, 308
228, 628
228, 948
228, 758
228, 438
228, 248
228, 568
228, 888
228, 698
228, 378
228, 508
228, 828
228, 958
228, 638
228, 318
484, 704
484, 514
484, 834
484, 644
484, 964
484, 774
484, 584
484, 904
484, 714
484, 524
484, 844
484, 654
484, 974
484, 784
484, 914
484, 594
484, 724
484, 854
484, 534
484, 664
484, 984
484, 794
484, 604
484, 924
484, 734
484, 544
484, 864
484, 994
484, 674
484, 804
484, 934
484, 614
484, 744
484, 874
484, 554
484, 684
484, 814
484, 494
484, 624
484, 944
484, 754
484, 564
484, 884
484, 694
484, 504
484, 824
484, 954
484, 634
484, 764
484, 894
484, 574
741, 961
741, 771
741, 901
741, 841
741, 971
741, 781
741, 911
741, 851
741, 981
741, 791
741, 921
741, 861
741, 991
741, 801
741, 931
741, 871
741, 811
741, 941
741, 751
741, 881
741, 821
741, 951
741, 761
741, 891
741, 831
229, 449
229, 769
229, 259
229, 579
229, 899
229, 389
229, 709
229, 519
229, 839
229, 329
229, 969
229, 649
229, 779
229, 459
229, 269
229, 909
229, 589
229, 719
229, 399
229, 529
229, 849
229, 979
229, 659
229, 339
229, 469
229, 789
229, 919
229, 599
229, 279
229, 409
229, 729
229, 859
229, 539
229, 349
229, 669
229, 989
229, 799
229, 479
229, 289
229, 609
229, 929
229, 739
229, 419
229, 549
229, 869
229, 999
229, 679
229, 359
229, 489
229, 809
229, 939
229, 619
229, 299
229, 429
229, 749
229, 879
229, 559
229, 239
229, 369
229, 689
229, 819
229, 499
229, 309
229, 629
229, 949
229, 759
229, 439
229, 249
229, 569
229, 889
229, 699
229, 379
229, 509
229, 829
229, 959
229, 639
229, 319
485, 705
485, 515
485, 835
485, 645
485, 965
485, 775
485, 585
485, 905
485, 715
485, 525
485, 845
485, 655
485, 975
485, 785
485, 915
485, 595
485, 725
485, 855
485, 535
485, 665
485, 985
485, 795
485, 605
485, 925
485, 735
485, 545
485, 865
485, 995
485, 675
485, 805
485, 935
485, 615
485, 745
485, 875
485, 555
485, 685
485, 815
485, 495
485, 625
485, 945
485, 755
485, 565
485, 885
485, 695
485, 505
485, 825
485, 955
485, 635
485, 765
485, 895
485, 575
742, 832
742, 962
742, 772
742, 902
742, 842
742, 972
742, 782
742, 912
742, 852
742, 982
742, 792
742, 922
742, 862
742, 992
742, 802
742, 932
742, 872
742, 812
742, 942
742, 752
742, 882
742, 822
742, 952
742, 762
742, 892
230, 320
230, 640
230, 960
230, 450
230, 770
230, 260
230, 580
230, 900
230, 390
230, 710
230, 840
230, 520
230, 330
230, 650
230, 970
230, 780
230, 460
230, 270
230, 590
230, 910
230, 720
230, 400
230, 530
230, 850
230, 980
230, 660
230, 340
230, 470
230, 790
230, 920
230, 600
230, 280
230, 410
230, 730
230, 860
230, 540
230, 350
230, 670
230, 990
230, 800
230, 480
230, 290
230, 610
230, 930
230, 740
230, 420
230, 550
230, 870
230, 1000
230, 680
230, 360
230, 490
230, 810
230, 940
230, 620
230, 300
230, 430
230, 750
230, 880
230, 560
230, 240
230, 370
230, 690
230, 820
230, 500
230, 310
230, 630
230, 950
230, 760
230, 440
230, 250
230, 570
230, 890
230, 700
230, 380
230, 510
230, 830
486, 576
486, 896
486, 706
486, 516
486, 836
486, 646
486, 966
486, 776
486, 586
486, 906
486, 716
486, 526
486, 846
486, 976
486, 656
486, 786
486, 916
486, 596
486, 726
486, 856
486, 536
486, 666
486, 986
486, 796
486, 606
486, 926
486, 736
486, 546
486, 866
486, 996
486, 676
486, 806
486, 936
486, 616
486, 746
486, 876
486, 556
486, 686
486, 816
486, 496
486, 626
486, 946
486, 756
486, 566
486, 886
486, 696
486, 506
486, 826
486, 956
486, 636
486, 766
743, 833
743, 963
743, 773
743, 903
743, 843
743, 973
743, 783
743, 913
743, 853
743, 983
743, 793
743, 923
743, 863
743, 993
743, 803
743, 933
743, 873
743, 813
743, 943
743, 753
743, 883
743, 823
743, 953
743, 763
743, 893
231, 321
231, 641
231, 961
231, 451
231, 771
231, 261
231, 581
231, 901
231, 391
231, 711
231, 841
231, 521
231, 331
231, 651
231, 971
231, 781
231, 461
231, 271
231, 591
231, 911
231, 721
231, 401
231, 531
231, 851
231, 981
231, 661
231, 341
231, 471
231, 791
231, 921
231, 601
231, 281
231, 411
231, 731
231, 861
231, 541
231, 351
231, 671
231, 991
231, 801
231, 481
231, 291
231, 611
231, 931
231, 741
231, 421
231, 551
231, 871
231, 681
231, 361
231, 491
231, 811
231, 941
231, 621
231, 301
231, 431
231, 751
231, 881
231, 561
231, 241
231, 371
231, 691
231, 821
231, 501
231, 311
231, 631
231, 951
231, 761
231, 441
231, 251
231, 571
231, 891
231, 701
231, 381
231, 511
231, 831
487, 577
487, 897
487, 707
487, 517
487, 837
487, 647
487, 967
487, 777
487, 587
487, 907
487, 717
487, 527
487, 847
487, 977
487, 657
487, 787
487, 917
487, 597
487, 727
487, 857
487, 537
487, 667
487, 987
487, 797
487, 607
487, 927
487, 737
487, 547
487, 867
487, 997
487, 677
487, 807
487, 937
487, 617
487, 747
487, 877
487, 557
487, 687
487, 817
487, 497
487, 627
487, 947
487, 757
487, 567
487, 887
487, 697
487, 507
487, 827
487, 957
487, 637
487, 767
744, 834
744, 964
744, 774
744, 904
744, 844
744, 974
744, 784
744, 914
744, 854
744, 984
744, 794
744, 924
744, 864
744, 994
744, 804
744, 934
744, 874
744, 814
744, 944
744, 754
744, 884
744, 824
744, 954
744, 764
744, 894
232, 512
232, 832
232, 322
232, 642
232, 962
232, 452
232, 772
232, 582
232, 262
232, 902
232, 392
232, 712
232, 522
232, 842
232, 332
232, 652
232, 972
232, 782
232, 462
232, 272
232, 592
232, 912
232, 722
232, 402
232, 532
232, 852
232, 982
232, 662
232, 342
232, 472
232, 792
232, 922
232, 602
232, 282
232, 412
232, 732
232, 862
232, 542
232, 352
232, 672
232, 992
232, 802
232, 482
232, 292
232, 612
232, 932
232, 742
232, 422
232, 552
232, 872
232, 682
232, 362
232, 492
232, 812
232, 942
232, 622
232, 302
232, 432
232, 752
232, 882
232, 562
232, 242
232, 372
232, 692
232, 822
232, 502
232, 312
232, 632
232, 952
232, 762
232, 442
232, 252
232, 572
232, 892
232, 702
232, 382
488, 768
488, 578
488, 898
488, 708
488, 518
488, 838
488, 648
488, 968
488, 778
488, 908
488, 588
488, 718
488, 528
488, 848
488, 978
488, 658
488, 788
488, 918
488, 598
488, 728
488, 858
488, 538
488, 668
488, 988
488, 798
488, 608
488, 928
488, 738
488, 548
488, 868
488, 998
488, 678
488, 808
488, 938
488, 618
488, 748
488, 878
488, 558
488, 688
488, 818
488, 498
488, 628
488, 948
488, 758
488, 568
488, 888
488, 698
488, 508
488, 828
488, 958
488, 638
745, 835
745, 965
745, 775
745, 905
745, 845
745, 975
745, 785
745, 915
745, 855
745, 985
745, 795
745, 925
745, 865
745, 995
745, 805
745, 935
745, 875
745, 815
745, 945
745, 755
745, 885
745, 825
745, 955
745, 765
745, 895
233, 513
233, 833
233, 323
233, 643
233, 963
233, 453
233, 773
233, 583
233, 263
233, 903
233, 393
233, 713
233, 523
233, 843
233, 333
233, 653
233, 973
233, 783
233, 463
233, 273
233, 593
233, 913
233, 723
233, 403
233, 533
233, 853
233, 983
233, 663
233, 343
233, 473
233, 793
233, 923
233, 603
233, 283
233, 413
233, 733
233, 863
233, 543
233, 353
233, 673
233, 993
233, 803
233, 483
233, 293
233, 613
233, 933
233, 743
233, 423
233, 553
233, 873
233, 683
233, 363
233, 493
233, 813
233, 943
233, 623
233, 303
233, 433
233, 753
233, 883
233, 563
233, 243
233, 373
233, 693
233, 823
233, 503
233, 313
233, 633
233, 953
233, 763
233, 443
233, 253
233, 573
233, 893
233, 703
233, 383
489, 769
489, 579
489, 899
489, 709
489, 519
489, 839
489, 649
489, 969
489, 779
489, 909
489, 589
489, 719
489, 529
489, 849
489, 979
489, 659
489, 789
489, 919
489, 599
489, 729
489, 859
489, 539
489, 669
489, 989
489, 799
489, 609
489, 929
489, 739
489, 549
489, 869
489, 999
489, 679
489, 809
489, 939
489, 619
489, 749
489, 879
489, 559
489, 689
489, 819
489, 499
489, 629
489, 949
489, 759
489, 569
489, 889
489, 699
489, 509
489, 829
489, 959
489, 639
746, 896
746, 836
746, 966
746, 776
746, 906
746, 846
746, 976
746, 786
746, 916
746, 856
746, 986
746, 796
746, 926
746, 866
746, 996
746, 806
746, 936
746, 876
746, 816
746, 946
746, 756
746, 886
746, 826
746, 956
746, 766
234, 384
234, 704
234, 514
234, 834
234, 324
234, 644
234, 964
234, 454
234, 774
234, 904
234, 584
234, 264
234, 394
234, 714
234, 844
234, 524
234, 334
234, 974
234, 654
234, 784
234, 464
234, 274
234, 594
234, 914
234, 724
234, 404
234, 534
234, 854
234, 984
234, 664
234, 344
234, 474
234, 794
234, 924
234, 604
234, 284
234, 414
234, 734
234, 864
234, 544
234, 354
234, 674
234, 994
234, 804
234, 484
234, 294
234, 614
234, 934
234, 744
234, 424
234, 554
234, 874
234, 684
234, 364
234, 494
234, 814
234, 944
234, 624
234, 304
234, 434
234, 754
234, 884
234, 564
234, 244
234, 374
234, 694
234, 824
234, 504
234, 314
234, 634
234, 954
234, 764
234, 444
234, 254
234, 574
234, 894
490, 640
490, 960
490, 770
490, 580
490, 900
490, 710
490, 520
490, 840
490, 650
490, 970
490, 780
490, 590
490, 910
490, 720
490, 530
490, 850
490, 980
490, 660
490, 790
490, 920
490, 600
490, 730
490, 860
490, 540
490, 670
490, 990
490, 800
490, 610
490, 930
490, 740
490, 550
490, 870
490, 1000
490, 680
490, 810
490, 940
490, 620
490, 750
490, 880
490, 560
490, 690
490, 820
490, 500
490, 630
490, 950
490, 760
490, 570
490, 890
490, 700
490, 510
490, 830
747, 897
747, 837
747, 967
747, 777
747, 907
747, 847
747, 977
747, 787
747, 917
747, 857
747, 987
747, 797
747, 927
747, 867
747, 997
747, 807
747, 937
747, 877
747, 817
747, 947
747, 757
747, 887
747, 827
747, 957
747, 767
235, 385
235, 705
235, 515
235, 835
235, 325
235, 645
235, 965
235, 455
235, 775
235, 905
235, 585
235, 265
235, 395
235, 715
235, 845
235, 525
235, 335
235, 975
235, 655
235, 785
235, 465
235, 275
235, 595
235, 915
235, 725
235, 405
235, 535
235, 855
235, 985
235, 665
235, 345
235, 475
235, 795
235, 925
235, 605
235, 285
235, 415
235, 735
235, 865
235, 545
235, 355
235, 675
235, 995
235, 805
235, 485
235, 295
235, 615
235, 935
235, 745
235, 425
235, 555
235, 875
235, 685
235, 365
235, 495
235, 815
235, 945
235, 625
235, 305
235, 435
235, 755
235, 885
235, 565
235, 245
235, 375
235, 695
235, 825
235, 505
235, 315
235, 635
235, 955
235, 765
235, 445
235, 255
235, 575
235, 895
491, 641
491, 961
491, 771
491, 581
491, 901
491, 711
491, 521
491, 841
491, 651
491, 971
491, 781
491, 591
491, 911
491, 721
491, 531
491, 851
491, 981
491, 661
491, 791
491, 921
491, 601
491, 731
491, 861
491, 541
491, 671
491, 991
491, 801
491, 611
491, 931
491, 741
491, 551
491, 871
491, 681
491, 811
491, 941
491, 621
491, 751
491, 881
491, 561
491, 691
491, 821
491, 501
491, 631
491, 951
491, 761
491, 571
491, 891
491, 701
491, 511
491, 831
748, 768
748, 898
748, 838
748, 968
748, 778
748, 908
748, 848
748, 978
748, 788
748, 918
748, 858
748, 988
748, 798
748, 928
748, 868
748, 998
748, 808
748, 938
748, 878
748, 818
748, 948
748, 758
748, 888
748, 828
748, 958
236, 256
236, 576
236, 896
236, 386
236, 706
236, 516
236, 836
236, 646
236, 326
236, 966
236, 776
236, 456
236, 906
236, 586
236, 266
236, 396
236, 716
236, 846
236, 526
236, 336
236, 656
236, 976
236, 786
236, 466
236, 276
236, 596
236, 916
236, 726
236, 406
236, 536
236, 856
236, 986
236, 666
236, 346
236, 476
236, 796
236, 926
236, 606
236, 286
236, 416
236, 736
236, 866
236, 546
236, 356
236, 676
236, 996
236, 806
236, 486
236, 296
236, 616
236, 936
236, 746
236, 426
236, 556
236, 876
236, 686
236, 366
236, 496
236, 816
236, 946
236, 626
236, 306
236, 436
236, 756
236, 886
236, 566
236, 246
236, 376
236, 696
236, 826
236, 506
236, 316
236, 636
236, 956
236, 766
236, 446
492, 512
492, 832
492, 642
492, 962
492, 772
492, 582
492, 902
492, 712
492, 522
492, 842
492, 652
492, 972
492, 782
492, 592
492, 912
492, 722
492, 532
492, 852
492, 982
492, 662
492, 792
492, 922
492, 602
492, 732
492, 862
492, 542
492, 672
492, 992
492, 802
492, 612
492, 932
492, 742
492, 552
492, 872
492, 682
492, 812
492, 942
492, 622
492, 752
492, 882
492, 562
492, 692
492, 822
492, 502
492, 632
492, 952
492, 762
492, 572
492, 892
492, 702
749, 769
749, 899
749, 839
749, 969
749, 779
749, 909
749, 849
749, 979
749, 789
749, 919
749, 859
749, 989
749, 799
749, 929
749, 869
749, 999
749, 809
749, 939
749, 879
749, 819
749, 949
749, 759
749, 889
749, 829
749, 959
237, 257
237, 577
237, 897
237, 387
237, 707
237, 517
237, 837
237, 647
237, 327
237, 967
237, 777
237, 457
237, 907
237, 587
237, 267
237, 397
237, 717
237, 847
237, 527
237, 337
237, 657
237, 977
237, 787
237, 467
237, 277
237, 597
237, 917
237, 727
237, 407
237, 537
237, 857
237, 987
237, 667
237, 347
237, 477
237, 797
237, 927
237, 607
237, 287
237, 417
237, 737
237, 867
237, 547
237, 357
237, 677
237, 997
237, 807
237, 487
237, 297
237, 617
237, 937
237, 747
237, 427
237, 557
237, 877
237, 687
237, 367
237, 497
237, 817
237, 947
237, 627
237, 307
237, 437
237, 757
237, 887
237, 567
237, 247
237, 377
237, 697
237, 827
237, 507
237, 317
237, 637
237, 957
237, 767
237, 447
493, 513
493, 833
493, 643
493, 963
493, 773
493, 583
493, 903
493, 713
493, 523
493, 843
493, 653
493, 973
493, 783
493, 593
493, 913
493, 723
493, 533
493, 853
493, 983
493, 663
493, 793
493, 923
493, 603
493, 733
493, 863
493, 543
493, 673
493, 993
493, 803
493, 613
493, 933
493, 743
493, 553
493, 873
493, 683
493, 813
493, 943
493, 623
493, 753
493, 883
493, 563
493, 693
493, 823
493, 503
493, 633
493, 953
493, 763
493, 573
493, 893
493, 703
750, 960
750, 770
750, 900
750, 840
750, 970
750, 780
750, 910
750, 850
750, 980
750, 790
750, 920
750, 860
750, 990
750, 800
750, 930
750, 870
750, 1000
750, 810
750, 940
750, 880
750, 820
750, 950
750, 760
750, 890
750, 830
238, 448
238, 768
238, 258
238, 578
238, 898
238, 388
238, 708
238, 838
238, 518
238, 648
238, 968
238, 328
238, 458
238, 778
238, 588
238, 908
238, 268
238, 398
238, 718
238, 848
238, 528
238, 338
238, 658
238, 978
238, 788
238, 468
238, 278
238, 598
238, 918
238, 728
238, 408
238, 538
238, 858
238, 988
238, 668
238, 348
238, 478
238, 798
238, 928
238, 608
238, 288
238, 418
238, 738
238, 868
238, 548
238, 358
238, 678
238, 998
238, 808
238, 488
238, 298
238, 618
238, 938
238, 748
238, 428
238, 558
238, 878
238, 688
238, 368
238, 498
238, 818
238, 948
238, 628
238, 308
238, 438
238, 758
238, 888
238, 568
238, 248
238, 378
238, 698
238, 828
238, 508
238, 318
238, 638
238, 958
494, 704
494, 514
494, 834
494, 644
494, 964
494, 774
494, 584
494, 904
494, 714
494, 844
494, 524
494, 974
494, 654
494, 784
494, 594
494, 914
494, 724
494, 534
494, 854
494, 984
494, 664
494, 794
494, 924
494, 604
494, 734
494, 864
494, 544
494, 674
494, 994
494, 804
494, 614
494, 934
494, 744
494, 554
494, 874
494, 684
494, 814
494, 944
494, 624
494, 754
494, 884
494, 564
494, 694
494, 824
494, 504
494, 634
494, 954
494, 764
494, 574
494, 894
751, 961
751, 771
751, 901
751, 841
751, 971
751, 781
751, 911
751, 851
751, 981
751, 791
751, 921
751, 861
751, 991
751, 801
751, 931
751, 871
751, 811
751, 941
751, 881
751, 821
751, 951
751, 761
751, 891
751, 831
239, 449
239, 769
239, 259
239, 579
239, 899
239, 389
239, 709
239, 839
239, 519
239, 649
239, 969
239, 329
239, 459
239, 779
239, 589
239, 909
239, 269
239, 399
239, 719
239, 849
239, 529
239, 339
239, 659
239, 979
239, 789
239, 469
239, 279
239, 599
239, 919
239, 729
239, 409
239, 539
239, 859
239, 989
239, 669
239, 349
239, 479
239, 799
239, 929
239, 609
239, 289
239, 419
239, 739
239, 869
239, 549
239, 359
239, 679
239, 999
239, 809
239, 489
239, 299
239, 619
239, 939
239, 749
239, 429
239, 559
239, 879
239, 689
239, 369
239, 499
239, 819
239, 949
239, 629
239, 309
239, 439
239, 759
239, 889
239, 569
239, 249
239, 379
239, 699
239, 829
239, 509
239, 319
239, 639
239, 959
495, 705
495, 515
495, 835
495, 645
495, 965
495, 775
495, 585
495, 905
495, 715
495, 845
495, 525
495, 975
495, 655
495, 785
495, 595
495, 915
495, 725
495, 535
495, 855
495, 985
495, 665
495, 795
495, 925
495, 605
495, 735
495, 865
495, 545
495, 675
495, 995
495, 805
495, 615
495, 935
495, 745
495, 555
495, 875
495, 685
495, 815
495, 945
495, 625
495, 755
495, 885
495, 565
495, 695
495, 825
495, 505
495, 635
495, 955
495, 765
495, 575
495, 895
752, 832
752, 962
752, 772
752, 902
752, 842
752, 972
752, 782
752, 912
752, 852
752, 982
752, 792
752, 922
752, 862
752, 992
752, 802
752, 932
752, 872
752, 812
752, 942
752, 882
752, 822
752, 952
752, 762
752, 892
240, 320
240, 640
240, 960
240, 450
240, 770
240, 260
240, 580
240, 900
240, 710
240, 390
240, 520
240, 840
240, 970
240, 650
240, 330
240, 460
240, 780
240, 910
240, 590
240, 270
240, 400
240, 720
240, 850
240, 530
240, 340
240, 660
240, 980
240, 790
240, 470
240, 280
240, 600
240, 920
240, 730
240, 410
240, 540
240, 860
240, 990
240, 670
240, 350
240, 480
240, 800
240, 930
240, 610
240, 290
240, 420
240, 740
240, 870
240, 550
240, 360
240, 680
240, 1000
240, 810
240, 490
240, 300
240, 620
240, 940
240, 750
240, 430
240, 560
240, 880
240, 690
240, 370
240, 500
240, 820
240, 950
240, 630
240, 310
240, 440
240, 760
240, 890
240, 570
240, 250
240, 380
240, 700
240, 830
240, 510
496, 576
496, 896
496, 706
496, 516
496, 836
496, 646
496, 966
496, 776
496, 906
496, 586
496, 716
496, 846
496, 526
496, 656
496, 976
496, 786
496, 596
496, 916
496, 726
496, 536
496, 856
496, 986
496, 666
496, 796
496, 926
496, 606
496, 736
496, 866
496, 546
496, 676
496, 996
496, 806
496, 616
496, 936
496, 746
496, 556
496, 876
496, 686
496, 816
496, 946
496, 626
496, 756
496, 886
496, 566
496, 696
496, 826
496, 506
496, 636
496, 956
496, 766
753, 833
753, 963
753, 773
753, 903
753, 843
753, 973
753, 783
753, 913
753, 853
753, 983
753, 793
753, 923
753, 863
753, 993
753, 803
753, 933
753, 873
753, 813
753, 943
753, 883
753, 823
753, 953
753, 763
753, 893
241, 321
241, 641
241, 961
241, 451
241, 771
241, 261
241, 581
241, 901
241, 711
241, 391
241, 521
241, 841
241, 971
241, 651
241, 331
241, 461
241, 781
241, 911
241, 591
241, 271
241, 401
241, 721
241, 851
241, 531
241, 341
241, 661
241, 981
241, 791
241, 471
241, 281
241, 601
241, 921
241, 731
241, 411
241, 541
241, 861
241, 991
241, 671
241, 351
241, 481
241, 801
241, 931
241, 611
241, 291
241, 421
241, 741
241, 871
241, 551
241, 361
241, 681
241, 811
241, 491
241, 301
241, 621
241, 941
241, 751
241, 431
241, 561
241, 881
241, 691
241, 371
241, 501
241, 821
241, 951
241, 631
241, 311
241, 441
241, 761
241, 891
241, 571
241, 251
241, 381
241, 701
241, 831
241, 511
497, 577
497, 897
497, 707
497, 517
497, 837
497, 647
497, 967
497, 777
497, 907
497, 587
497, 717
497, 847
497, 527
497, 657
497, 977
497, 787
497, 597
497, 917
497, 727
497, 537
497, 857
497, 987
497, 667
497, 797
497, 927
497, 607
497, 737
497, 867
497, 547
497, 677
497, 997
497, 807
497, 617
497, 937
497, 747
497, 557
497, 877
497, 687
497, 817
497, 947
497, 627
497, 757
497, 887
497, 567
497, 697
497, 827
497, 507
497, 637
497, 957
497, 767
754, 834
754, 964
754, 774
754, 904
754, 844
754, 974
754, 784
754, 914
754, 854
754, 984
754, 794
754, 924
754, 864
754, 994
754, 804
754, 934
754, 874
754, 814
754, 944
754, 884
754, 824
754, 954
754, 764
754, 894
242, 512
242, 832
242, 322
242, 642
242, 962
242, 452
242, 772
242, 902
242, 262
242, 582
242, 712
242, 392
242, 842
242, 522
242, 972
242, 652
242, 332
242, 462
242, 782
242, 912
242, 592
242, 272
242, 402
242, 722
242, 852
242, 532
242, 342
242, 662
242, 982
242, 792
242, 472
242, 282
242, 602
242, 922
242, 732
242, 412
242, 542
242, 862
242, 992
242, 672
242, 352
242, 482
242, 802
242, 932
242, 612
242, 292
242, 422
242, 742
242, 872
242, 552
242, 362
242, 682
242, 812
242, 492
242, 302
242, 622
242, 942
242, 752
242, 432
242, 562
242, 882
242, 692
242, 372
242, 502
242, 822
242, 952
242, 632
242, 312
242, 442
242, 762
242, 892
242, 572
242, 252
242, 382
242, 702
498, 768
498, 578
498, 898
498, 708
498, 518
498, 838
498, 648
498, 968
498, 778
498, 588
498, 908
498, 718
498, 848
498, 528
498, 658
498, 978
498, 788
498, 598
498, 918
498, 728
498, 538
498, 858
498, 988
498, 668
498, 798
498, 928
498, 608
498, 738
498, 868
498, 548
498, 678
498, 998
498, 808
498, 618
498, 938
498, 748
498, 558
498, 878
498, 688
498, 818
498, 948
498, 628
498, 758
498, 888
498, 568
498, 698
498, 828
498, 508
498, 638
498, 958
755, 835
755, 965
755, 775
755, 905
755, 845
755, 975
755, 785
755, 915
755, 855
755, 985
755, 795
755, 925
755, 865
755, 995
755, 805
755, 935
755, 875
755, 815
755, 945
755, 885
755, 825
755, 955
755, 765
755, 895
243, 513
243, 833
243, 323
243, 643
243, 963
243, 453
243, 773
243, 903
243, 263
243, 583
243, 713
243, 393
243, 843
243, 523
243, 973
243, 653
243, 333
243, 463
243, 783
243, 913
243, 593
243, 273
243, 403
243, 723
243, 853
243, 533
243, 343
243, 663
243, 983
243, 793
243, 473
243, 283
243, 603
243, 923
243, 733
243, 413
243, 543
243, 863
243, 993
243, 673
243, 353
243, 483
243, 803
243, 933
243, 613
243, 293
243, 423
243, 743
243, 873
243, 553
243, 363
243, 683
243, 813
243, 493
243, 303
243, 623
243, 943
243, 753
243, 433
243, 563
243, 883
243, 693
243, 373
243, 503
243, 823
243, 953
243, 633
243, 313
243, 443
243, 763
243, 893
243, 573
243, 253
243, 383
243, 703
499, 769
499, 579
499, 899
499, 709
499, 519
499, 839
499, 649
499, 969
499, 779
499, 589
499, 909
499, 719
499, 849
499, 529
499, 659
499, 979
499, 789
499, 599
499, 919
499, 729
499, 539
499, 859
499, 989
499, 669
499, 799
499, 929
499, 609
499, 739
499, 869
499, 549
499, 679
499, 999
499, 809
499, 619
499, 939
499, 749
499, 559
499, 879
499, 689
499, 819
499, 949
499, 629
499, 759
499, 889
499, 569
499, 699
499, 829
499, 509
499, 639
499, 959
756, 896
756, 836
756, 966
756, 776
756, 906
756, 846
756, 976
756, 786
756, 916
756, 856
756, 986
756, 796
756, 926
756, 866
756, 996
756, 806
756, 936
756, 876
756, 816
756, 946
756, 886
756, 826
756, 956
756, 766
244, 384
244, 704
244, 514
244, 834
244, 324
244, 644
244, 964
244, 774
244, 454
244, 264
244, 584
244, 904
244, 714
244, 394
244, 524
244, 844
244, 654
244, 974
244, 334
244, 464
244, 784
244, 914
244, 594
244, 274
244, 404
244, 724
244, 854
244, 534
244, 344
244, 664
244, 984
244, 794
244, 474
244, 284
244, 604
244, 924
244, 734
244, 414
244, 544
244, 864
244, 994
244, 674
244, 354
244, 484
244, 804
244, 934
244, 614
244, 294
244, 424
244, 744
244, 874
244, 554
244, 364
244, 684
244, 814
244, 494
244, 304
244, 624
244, 944
244, 754
244, 434
244, 564
244, 884
244, 694
244, 374
244, 504
244, 824
244, 954
244, 634
244, 314
244, 444
244, 764
244, 894
244, 574
244, 254
500, 640
500, 960
500, 770
500, 580
500, 900
500, 710
500, 520
500, 840
500, 970
500, 650
500, 780
500, 910
500, 590
500, 720
500, 850
500, 530
500, 660
500, 980
500, 790
500, 600
500, 920
500, 730
500, 540
500, 860
500, 990
500, 670
500, 800
500, 930
500, 610
500, 740
500, 870
500, 550
500, 680
500, 1000
500, 810
500, 620
500, 940
500, 750
500, 560
500, 880
500, 690
500, 820
500, 950
500, 630
500, 760
500, 890
500, 570
500, 700
500, 830
500, 510
757, 897
757, 837
757, 967
757, 777
757, 907
757, 847
757, 977
757, 787
757, 917
757, 857
757, 987
757, 797
757, 927
757, 867
757, 997
757, 807
757, 937
757, 877
757, 817
757, 947
757, 887
757, 827
757, 957
757, 767
245, 385
245, 705
245, 515
245, 835
245, 325
245, 645
245, 965
245, 775
245, 455
245, 265
245, 585
245, 905
245, 715
245, 395
245, 525
245, 845
245, 655
245, 975
245, 335
245, 465
245, 785
245, 915
245, 595
245, 275
245, 405
245, 725
245, 855
245, 535
245, 345
245, 665
245, 985
245, 795
245, 475
245, 285
245, 605
245, 925
245, 735
245, 415
245, 545
245, 865
245, 995
245, 675
245, 355
245, 485
245, 805
245, 935
245, 615
245, 295
245, 425
245, 745
245, 875
245, 555
245, 365
245, 685
245, 815
245, 495
245, 305
245, 625
245, 945
245, 755
245, 435
245, 565
245, 885
245, 695
245, 375
245, 505
245, 825
245, 955
245, 635
245, 315
245, 445
245, 765
245, 895
245, 575
245, 255
501, 641
501, 961
501, 771
501, 581
501, 901
501, 711
501, 521
501, 841
501, 971
501, 651
501, 781
501, 911
501, 591
501, 721
501, 851
501, 531
501, 661
501, 981
501, 791
501, 601
501, 921
501, 731
501, 541
501, 861
501, 991
501, 671
501, 801
501, 931
501, 611
501, 741
501, 871
501, 551
501, 681
501, 811
501, 621
501, 941
501, 751
501, 561
501, 881
501, 691
501, 821
501, 951
501, 631
501, 761
501, 891
501, 571
501, 701
501, 831
501, 511
758, 768
758, 898
758, 838
758, 968
758, 778
758, 908
758, 848
758, 978
758, 788
758, 918
758, 858
758, 988
758, 798
758, 928
758, 868
758, 998
758, 808
758, 938
758, 878
758, 818
758, 948
758, 888
758, 828
758, 958
246, 256
246, 576
246, 896
246, 386
246, 706
246, 516
246, 836
246, 966
246, 326
246, 646
246, 456
246, 776
246, 266
246, 586
246, 906
246, 716
246, 396
246, 526
246, 846
246, 976
246, 656
246, 336
246, 466
246, 786
246, 916
246, 596
246, 276
246, 406
246, 726
246, 856
246, 536
246, 346
246, 666
246, 986
246, 796
246, 476
246, 286
246, 606
246, 926
246, 736
246, 416
246, 546
246, 866
246, 996
246, 676
246, 356
246, 486
246, 806
246, 936
246, 616
246, 296
246, 426
246, 746
246, 876
246, 556
246, 366
246, 686
246, 816
246, 496
246, 306
246, 626
246, 946
246, 756
246, 436
246, 566
246, 886
246, 696
246, 376
246, 506
246, 826
246, 956
246, 636
246, 316
246, 446
246, 766
502, 512
502, 832
502, 642
502, 962
502, 772
502, 582
502, 902
502, 712
502, 842
502, 522
502, 972
502, 652
502, 782
502, 912
502, 592
502, 722
502, 852
502, 532
502, 662
502, 982
502, 792
502, 602
502, 922
502, 732
502, 542
502, 862
502, 992
502, 672
502, 802
502, 932
502, 612
502, 742
502, 872
502, 552
502, 682
502, 812
502, 622
502, 942
502, 752
502, 562
502, 882
502, 692
502, 822
502, 952
502, 632
502, 762
502, 892
502, 572
502, 702
759, 769
759, 899
759, 839
759, 969
759, 779
759, 909
759, 849
759, 979
759, 789
759, 919
759, 859
759, 989
759, 799
759, 929
759, 869
759, 999
759, 809
759, 939
759, 879
759, 819
759, 949
759, 889
759, 829
759, 959
247, 257
247, 577
247, 897
247, 387
247, 707
247, 517
247, 837
247, 967
247, 327
247, 647
247, 457
247, 777
247, 267
247, 587
247, 907
247, 717
247, 397
247, 527
247, 847
247, 977
247, 657
247, 337
247, 467
247, 787
247, 917
247, 597
247, 277
247, 407
247, 727
247, 857
247, 537
247, 347
247, 667
247, 987
247, 797
247, 477
247, 287
247, 607
247, 927
247, 737
247, 417
247, 547
247, 867
247, 997
247, 677
247, 357
247, 487
247, 807
247, 937
247, 617
247, 297
247, 427
247, 747
247, 877
247, 557
247, 367
247, 687
247, 817
247, 497
247, 307
247, 627
247, 947
247, 757
247, 437
247, 567
247, 887
247, 697
247, 377
247, 507
247, 827
247, 957
247, 637
247, 317
247, 447
247, 767
503, 513
503, 833
503, 643
503, 963
503, 773
503, 583
503, 903
503, 713
503, 843
503, 523
503, 973
503, 653
503, 783
503, 913
503, 593
503, 723
503, 853
503, 533
503, 663
503, 983
503, 793
503, 603
503, 923
503, 733
503, 543
503, 863
503, 993
503, 673
503, 803
503, 933
503, 613
503, 743
503, 873
503, 553
503, 683
503, 813
503, 623
503, 943
503, 753
503, 563
503, 883
503, 693
503, 823
503, 953
503, 633
503, 763
503, 893
503, 573
503, 703
760, 960
760, 770
760, 900
760, 840
760, 970
760, 780
760, 910
760, 850
760, 980
760, 790
760, 920
760, 860
760, 990
760, 800
760, 930
760, 870
760, 1000
760, 810
760, 940
760, 880
760, 820
760, 950
760, 890
760, 830
248, 448
248, 768
248, 258
248, 578
248, 898
248, 388
248, 708
248, 518
248, 838
248, 328
248, 968
248, 648
248, 778
248, 458
248, 268
248, 908
248, 588
248, 718
248, 398
248, 528
248, 848
248, 978
248, 658
248, 338
248, 468
248, 788
248, 918
248, 598
248, 278
248, 408
248, 728
248, 858
248, 538
248, 348
248, 668
248, 988
248, 798
248, 478
248, 288
248, 608
248, 928
248, 738
248, 418
248, 548
248, 868
248, 998
248, 678
248, 358
248, 488
248, 808
248, 938
248, 618
248, 298
248, 428
248, 748
248, 878
248, 558
248, 368
248, 688
248, 818
248, 498
248, 308
248, 628
248, 948
248, 758
248, 438
248, 568
248, 888
248, 698
248, 378
248, 508
248, 828
248, 958
248, 638
248, 318
504, 704
504, 514
504, 834
504, 644
504, 964
504, 774
504, 584
504, 904
504, 714
504, 524
504, 844
504, 654
504, 974
504, 784
504, 914
504, 594
504, 724
504, 854
504, 534
504, 664
504, 984
504, 794
504, 604
504, 924
504, 734
504, 544
504, 864
504, 994
504, 674
504, 804
504, 934
504, 614
504, 744
504, 874
504, 554
504, 684
504, 814
504, 624
504, 944
504, 754
504, 564
504, 884
504, 694
504, 824
504, 954
504, 634
504, 764
504, 894
504, 574
761, 961
761, 771
761, 901
761, 841
761, 971
761, 781
761, 911
761, 851
761, 981
761, 791
761, 921
761, 861
761, 991
761, 801
761, 931
761, 871
761, 811
761, 941
761, 881
761, 821
761, 951
761, 891
761, 831
249, 449
249, 769
249, 259
249, 579
249, 899
249, 389
249, 709
249, 519
249, 839
249, 329
249, 969
249, 649
249, 779
249, 459
249, 269
249, 909
249, 589
249, 719
249, 399
249, 529
249, 849
249, 979
249, 659
249, 339
249, 469
249, 789
249, 919
249, 599
249, 279
249, 409
249, 729
249, 859
249, 539
249, 349
249, 669
249, 989
249, 799
249, 479
249, 289
249, 609
249, 929
249, 739
249, 419
249, 549
249, 869
249, 999
249, 679
249, 359
249, 489
249, 809
249, 939
249, 619
249, 299
249, 429
249, 749
249, 879
249, 559
249, 369
249, 689
249, 819
249, 499
249, 309
249, 629
249, 949
249, 759
249, 439
249, 569
249, 889
249, 699
249, 379
249, 509
249, 829
249, 959
249, 639
249, 319
505, 705
505, 515
505, 835
505, 645
505, 965
505, 775
505, 585
505, 905
505, 715
505, 525
505, 845
505, 655
505, 975
505, 785
505, 915
505, 595
505, 725
505, 855
505, 535
505, 665
505, 985
505, 795
505, 605
505, 925
505, 735
505, 545
505, 865
505, 995
505, 675
505, 805
505, 935
505, 615
505, 745
505, 875
505, 555
505, 685
505, 815
505, 625
505, 945
505, 755
505, 565
505, 885
505, 695
505, 825
505, 955
505, 635
505, 765
505, 895
505, 575
762, 832
762, 962
762, 772
762, 902
762, 842
762, 972
762, 782
762, 912
762, 852
762, 982
762, 792
762, 922
762, 862
762, 992
762, 802
762, 932
762, 872
762, 812
762, 942
762, 882
762, 822
762, 952
762, 892
250, 320
250, 640
250, 960
250, 450
250, 770
250, 260
250, 580
250, 900
250, 390
250, 710
250, 840
250, 520
250, 330
250, 650
250, 970
250, 780
250, 460
250, 270
250, 590
250, 910
250, 720
250, 400
250, 530
250, 850
250, 980
250, 660
250, 340
250, 470
250, 790
250, 920
250, 600
250, 280
250, 410
250, 730
250, 860
250, 540
250, 350
250, 670
250, 990
250, 800
250, 480
250, 290
250, 610
250, 930
250, 740
250, 420
250, 550
250, 870
250, 1000
250, 680
250, 360
250, 490
250, 810
250, 940
250, 620
250, 300
250, 430
250, 750
250, 880
250, 560
250, 370
250, 690
250, 820
250, 500
250, 310
250, 630
250, 950
250, 760
250, 440
250, 570
250, 890
250, 700
250, 380
250, 510
250, 830
506, 576
506, 896
506, 706
506, 516
506, 836
506, 646
506, 966
506, 776
506, 586
506, 906
506, 716
506, 526
506, 846
506, 976
506, 656
506, 786
506, 916
506, 596
506, 726
506, 856
506, 536
506, 666
506, 986
506, 796
506, 606
506, 926
506, 736
506, 546
506, 866
506, 996
506, 676
506, 806
506, 936
506, 616
506, 746
506, 876
506, 556
506, 686
506, 816
506, 626
506, 946
506, 756
506, 566
506, 886
506, 696
506, 826
506, 956
506, 636
506, 766
763, 833
763, 963
763, 773
763, 903
763, 843
763, 973
763, 783
763, 913
763, 853
763, 983
763, 793
763, 923
763, 863
763, 993
763, 803
763, 933
763, 873
763, 813
763, 943
763, 883
763, 823
763, 953
763, 893
251, 321
251, 641
251, 961
251, 451
251, 771
251, 261
251, 581
251, 901
251, 391
251, 711
251, 841
251, 521
251, 331
251, 651
251, 971
251, 781
251, 461
251, 271
251, 591
251, 911
251, 721
251, 401
251, 531
251, 851
251, 981
251, 661
251, 341
251, 471
251, 791
251, 921
251, 601
251, 281
251, 411
251, 731
251, 861
251, 541
251, 351
251, 671
251, 991
251, 801
251, 481
251, 291
251, 611
251, 931
251, 741
251, 421
251, 551
251, 871
251, 681
251, 361
251, 491
251, 811
251, 941
251, 621
251, 301
251, 431
251, 751
251, 881
251, 561
251, 371
251, 691
251, 821
251, 501
251, 311
251, 631
251, 951
251, 761
251, 441
251, 571
251, 891
251, 701
251, 381
251, 511
251, 831
507, 577
507, 897
507, 707
507, 517
507, 837
507, 647
507, 967
507, 777
507, 587
507, 907
507, 717
507, 527
507, 847
507, 977
507, 657
507, 787
507, 917
507, 597
507, 727
507, 857
507, 537
507, 667
507, 987
507, 797
507, 607
507, 927
507, 737
507, 547
507, 867
507, 997
507, 677
507, 807
507, 937
507, 617
507, 747
507, 877
507, 557
507, 687
507, 817
507, 627
507, 947
507, 757
507, 567
507, 887
507, 697
507, 827
507, 957
507, 637
507, 767
764, 834
764, 964
764, 774
764, 904
764, 844
764, 974
764, 784
764, 914
764, 854
764, 984
764, 794
764, 924
764, 864
764, 994
764, 804
764, 934
764, 874
764, 814
764, 944
764, 884
764, 824
764, 954
764, 894
252, 512
252, 832
252, 322
252, 642
252, 962
252, 452
252, 772
252, 582
252, 262
252, 902
252, 392
252, 712
252, 522
252, 842
252, 332
252, 652
252, 972
252, 782
252, 462
252, 272
252, 592
252, 912
252, 722
252, 402
252, 532
252, 852
252, 982
252, 662
252, 342
252, 472
252, 792
252, 922
252, 602
252, 282
252, 412
252, 732
252, 862
252, 542
252, 352
252, 672
252, 992
252, 802
252, 482
252, 292
252, 612
252, 932
252, 742
252, 422
252, 552
252, 872
252, 682
252, 362
252, 492
252, 812
252, 942
252, 622
252, 302
252, 432
252, 752
252, 882
252, 562
252, 372
252, 692
252, 822
252, 502
252, 312
252, 632
252, 952
252, 762
252, 442
252, 572
252, 892
252, 702
252, 382
508, 768
508, 578
508, 898
508, 708
508, 518
508, 838
508, 648
508, 968
508, 778
508, 908
508, 588
508, 718
508, 528
508, 848
508, 978
508, 658
508, 788
508, 918
508, 598
508, 728
508, 858
508, 538
508, 668
508, 988
508, 798
508, 608
508, 928
508, 738
508, 548
508, 868
508, 998
508, 678
508, 808
508, 938
508, 618
508, 748
508, 878
508, 558
508, 688
508, 818
508, 628
508, 948
508, 758
508, 568
508, 888
508, 698
508, 828
508, 958
508, 638
765, 835
765, 965
765, 775
765, 905
765, 845
765, 975
765, 785
765, 915
765, 855
765, 985
765, 795
765, 925
765, 865
765, 995
765, 805
765, 935
765, 875
765, 815
765, 945
765, 885
765, 825
765, 955
765, 895
253, 513
253, 833
253, 323
253, 643
253, 963
253, 453
253, 773
253, 583
253, 263
253, 903
253, 393
253, 713
253, 523
253, 843
253, 333
253, 653
253, 973
253, 783
253, 463
253, 273
253, 593
253, 913
253, 723
253, 403
253, 533
253, 853
253, 983
253, 663
253, 343
253, 473
253, 793
253, 923
253, 603
253, 283
253, 413
253, 733
253, 863
253, 543
253, 353
253, 673
253, 993
253, 803
253, 483
253, 293
253, 613
253, 933
253, 743
253, 423
253, 553
253, 873
253, 683
253, 363
253, 493
253, 813
253, 943
253, 623
253, 303
253, 433
253, 753
253, 883
253, 563
253, 373
253, 693
253, 823
253, 503
253, 313
253, 633
253, 953
253, 763
253, 443
253, 573
253, 893
253, 703
253, 383
509, 769
509, 579
509, 899
509, 709
509, 519
509, 839
509, 649
509, 969
509, 779
509, 909
509, 589
509, 719
509, 529
509, 849
509, 979
509, 659
509, 789
509, 919
509, 599
509, 729
509, 859
509, 539
509, 669
509, 989
509, 799
509, 609
509, 929
509, 739
509, 549
509, 869
509, 999
509, 679
509, 809
509, 939
509, 619
509, 749
509, 879
509, 559
509, 689
509, 819
509, 629
509, 949
509, 759
509, 569
509, 889
509, 699
509, 829
509, 959
509, 639
766, 896
766, 836
766, 966
766, 776
766, 906
766, 846
766, 976
766, 786
766, 916
766, 856
766, 986
766, 796
766, 926
766, 866
766, 996
766, 806
766, 936
766, 876
766, 816
766, 946
766, 886
766, 826
766, 956
254, 384
254, 704
254, 514
254, 834
254, 324
254, 644
254, 964
254, 454
254, 774
254, 904
254, 584
254, 264
254, 394
254, 714
254, 844
254, 524
254, 334
254, 974
254, 654
254, 784
254, 464
254, 274
254, 594
254, 914
254, 724
254, 404
254, 534
254, 854
254, 984
254, 664
254, 344
254, 474
254, 794
254, 924
254, 604
254, 284
254, 414
254, 734
254, 864
254, 544
254, 354
254, 674
254, 994
254, 804
254, 484
254, 294
254, 614
254, 934
254, 744
254, 424
254, 554
254, 874
254, 684
254, 364
254, 494
254, 814
254, 944
254, 624
254, 304
254, 434
254, 754
254, 884
254, 564
254, 374
254, 694
254, 824
254, 504
254, 314
254, 634
254, 954
254, 764
254, 444
254, 574
254, 894
510, 640
510, 960
510, 770
510, 580
510, 900
510, 710
510, 520
510, 840
510, 650
510, 970
510, 780
510, 590
510, 910
510, 720
510, 530
510, 850
510, 980
510, 660
510, 790
510, 920
510, 600
510, 730
510, 860
510, 540
510, 670
510, 990
510, 800
510, 610
510, 930
510, 740
510, 550
510, 870
510, 1000
510, 680
510, 810
510, 940
510, 620
510, 750
510, 880
510, 560
510, 690
510, 820
510, 630
510, 950
510, 760
510, 570
510, 890
510, 700
510, 830
767, 897
767, 837
767, 967
767, 777
767, 907
767, 847
767, 977
767, 787
767, 917
767, 857
767, 987
767, 797
767, 927
767, 867
767, 997
767, 807
767, 937
767, 877
767, 817
767, 947
767, 887
767, 827
767, 957
255, 385
255, 705
255, 515
255, 835
255, 325
255, 645
255, 965
255, 455
255, 775
255, 905
255, 585
255, 265
255, 395
255, 715
255, 845
255, 525
255, 335
255, 975
255, 655
255, 785
255, 465
255, 275
255, 595
255, 915
255, 725
255, 405
255, 535
255, 855
255, 985
255, 665
255, 345
255, 475
255, 795
255, 925
255, 605
255, 285
255, 415
255, 735
255, 865
255, 545
255, 355
255, 675
255, 995
255, 805
255, 485
255, 295
255, 615
255, 935
255, 745
255, 425
255, 555
255, 875
255, 685
255, 365
255, 495
255, 815
255, 945
255, 625
255, 305
255, 435
255, 755
255, 885
255, 565
255, 375
255, 695
255, 825
255, 505
255, 315
255, 635
255, 955
255, 765
255, 445
255, 575
255, 895
511, 641
511, 961
511, 771
511, 581
511, 901
511, 711
511, 521
511, 841
511, 651
511, 971
511, 781
511, 591
511, 911
511, 721
511, 531
511, 851
511, 981
511, 661
511, 791
511, 921
511, 601
511, 731
511, 861
511, 541
511, 671
511, 991
511, 801
511, 611
511, 931
511, 741
511, 551
511, 871
511, 681
511, 811
511, 941
511, 621
511, 751
511, 881
511, 561
511, 691
511, 821
511, 631
511, 951
511, 761
511, 571
511, 891
511, 701
511, 831
