DatalogToCPPRealTime,DatalogToCPPCPUTime,CompileRealTime,CompileCPUTime,InstanceLoadingRealTime,InstanceLoadingCPUTime,LoadingFactRealTime,LoadingFactCPUTime,QueryRealTime,QueryCPUTime,WritingResultRealTime,WritingResultCPUTime
0.009999990463256836,0.0,1.4500000476837158,1.47,0.000175,0.000174,0.00403358,0.004024,215.174,215.093,0.175105,0.17507
0.009999990463256836,0.0,1.4500000476837158,1.48,0.00024475,0.000244,0.00521692,0.005209,215.642,215.551,0.173285,0.173242
0.009999990463256836,0.0,1.4500000476837158,1.48,0.000252458,0.000251,0.0048785,0.004813,215.275,215.192,0.170643,0.170544
0.009999990463256836,0.0,1.4500000476837158,1.48,0.00024325,0.000242,0.00477179,0.004718,215.059,214.976,0.170824,0.170548
0.009999990463256836,0.0,1.4600000381469727,1.48,0.000271417,0.000268,0.00459492,0.004572,215.305,215.14,0.169242,0.169186
Average,0.009999990463256836,0.0,1.452000045776367,1.4780000000000002,0.000237375,0.00023579999999999999,0.004699142,0.0046672,215.291,215.1904,0.1718198,0.17171799999999998
