DatalogToCPPRealTime,DatalogToCPPCPUTime,CompileRealTime,CompileCPUTime,InstanceLoadingRealTime,InstanceLoadingCPUTime,LoadingFactRealTime,LoadingFactCPUTime,QueryRealTime,QueryCPUTime,WritingResultRealTime,WritingResultCPUTime
0.009999990463256836,0.0,1.440000057220459,1.46,0.00010075,0.0001,0.00175317,0.001753,1.23854,1.23785,0.220843,0.215189
0.0,0.010000000000000002,1.4099998474121094,1.4400000000000002,0.000180875,0.000179,0.00335442,0.003352,1.2473,1.24648,0.219258,0.215953
0.009999990463256836,0.0,1.4200000762939453,1.4400000000000002,0.000126625,0.000126,0.0033445,0.00332,1.24814,1.24766,0.216511,0.216411
0.009999990463256836,0.010000000000000002,1.4100000858306885,1.4400000000000002,0.0,0.0,0.00125421,0.001253,1.25779,1.24979,0.210366,0.210254
0.009999990463256836,0.010000000000000002,1.4199998378753662,1.4400000000000002,0.000143208,0.000142,0.00347275,0.003454,1.2464,1.24592,0.213388,0.213307
Average,0.007999992370605469,0.006000000000000001,1.4199999809265136,1.4440000000000004,0.0001102916,0.00010939999999999999,0.00263581,0.0026264,1.2476340000000001,1.2455399999999999,0.2160732,0.2142228
