DatalogToCPPRealTime,DatalogToCPPCPUTime,CompileRealTime,CompileCPUTime,InstanceLoadingRealTime,InstanceLoadingCPUTime,LoadingFactRealTime,LoadingFactCPUTime,QueryRealTime,QueryCPUTime,WritingResultRealTime,WritingResultCPUTime
0.009999990463256836,0.0,1.4499998092651367,1.48,0.000162583,0.000162,0.00406325,0.004052,1.00667,1.00626,0.172924,0.172858
0.009999990463256836,0.010000000000000002,1.5099999904632568,1.51,0.000170834,0.00017,0.00375304,0.00375,1.00382,1.00357,0.169408,0.169383
0.009999990463256836,0.010000000000000002,1.440000057220459,1.48,0.000167542,0.000167,0.00351067,0.003491,1.0083,1.00813,0.171497,0.171468
0.009999990463256836,0.0,1.4600000381469727,1.48,0.000164542,0.000164,0.00349108,0.003488,1.00448,1.00427,0.180423,0.169361
0.010000228881835938,0.0,1.4399998188018799,1.49,0.000168,0.000167,0.00392221,0.003913,1.00983,1.00958,0.171236,0.171207
Average,0.010000038146972656,0.004000000000000001,1.459999942779541,1.4880000000000002,0.0001667002,0.000166,0.00374805,0.0037388000000000005,1.00662,1.006362,0.17309760000000002,0.1708554
