DatalogToCPPRealTime,DatalogToCPPCPUTime,CompileRealTime,CompileCPUTime,InstanceLoadingRealTime,InstanceLoadingCPUTime,LoadingFactRealTime,LoadingFactCPUTime,QueryRealTime,QueryCPUTime,WritingResultRealTime,WritingResultCPUTime
0.009999990463256836,0.0,1.4500000476837158,1.47,0.000171792,0.000168,0.00104754,0.001043,0.0230662,0.023013,0.00396404,0.00396
0.009999990463256836,0.0,1.4500000476837158,1.48,0.000148709,0.000142,0.000895667,0.000823,0.0219684,0.021932,0.00394733,0.003945
0.009999990463256836,0.0,1.4500000476837158,1.47,0.000133875,0.000133,0.000556542,0.000556,0.0158584,0.015856,0.0032795,0.003277
0.009999990463256836,0.010000000000000002,1.4500000476837158,1.47,0.000136667,0.000136,0.000800042,0.000799,0.0217329,0.021707,0.00395204,0.003949
0.009999990463256836,0.0,1.4500000476837158,1.48,0.000162083,0.000159,0.00082,0.000818,0.0221838,0.022153,0.00393858,0.003935
Average,0.009999990463256836,0.0020000000000000005,1.4500000476837158,1.4739999999999998,0.0001506252,0.0001476,0.0008239581999999999,0.0008078,0.020961940000000002,0.0209322,0.003816298,0.0038132
