LoadRulesRealTime,LoadRulesCPUTime,LoadFactsRealTime,LoadFactsCPUTime,QueryRealTime,QueryCPUTime,WriteRealTime,WriteCPUTime
0.00338912010192871,0.00271,0.00240898132324219,0.00192700000000001,0.000269889831542969,0.000215999999999994,0.05095100402832033,0.051007000000000004
0.0035858154296875,0.003586,0.00249910354614258,0.002499,0.000282049179077148,0.000280999999999997,0.052345991134643555,0.052329
Average,0.003487467765808105,0.003148,0.002454042434692385,0.002213000000000005,0.0002759695053100585,0.0002484999999999955,0.05164849758148195,0.051668000000000006
