LoadRulesRealTime,LoadRulesCPUTime,LoadFactsRealTime,LoadFactsCPUTime,QueryRealTime,QueryCPUTime,WriteRealTime,WriteCPUTime
0.00107216835021973,0.000629999999999999,0.00100493431091309,0.000798,0.0153648853302002,0.014159,0.2437672615051268,0.24202100000000001
0.0010218620300293,0.000600999999999999,0.00100898742675781,0.000800000000000002,0.0149321556091309,0.01393,0.24101686477661113,0.239578
0.0010371208190918,0.000601999999999998,0.000982046127319336,0.000772999999999999,0.0151689052581787,0.014052,0.2372751235961913,0.235722
0.00104808807373047,0.000618999999999998,0.00104689598083496,0.000813000000000001,0.0151779651641846,0.014058,0.24099421501159637,0.239173
0.00103092193603516,0.0006,0.000998020172119141,0.000788000000000001,0.0149631500244141,0.013844,0.2407338619232179,0.23936900000000003
Average,0.0010420322418212918,0.0006103999999999988,0.0010081768035888675,0.0007944000000000007,0.0151214122772217,0.0140086,0.2407574653625487,0.23917259999999999
