LoadRulesRealTime,LoadRulesCPUTime,LoadFactsRealTime,LoadFactsCPUTime,QueryRealTime,QueryCPUTime,WriteRealTime,WriteCPUTime
0.00394701957702637,0.002818,0.00432991981506348,0.003673,0.000658035278320312,0.000658000000000006,0.07626295089721678,0.076232
0.00344300270080566,0.003443,0.00306606292724609,0.003065,0.000524044036865234,0.000524000000000004,0.08019304275512697,0.080118
Average,0.0036950111389160148,0.0031305,0.003697991371154785,0.003369,0.000591039657592773,0.0005910000000000049,0.07822799682617188,0.078175
