LoadRulesRealTime,LoadRulesCPUTime,LoadFactsRealTime,LoadFactsCPUTime,QueryRealTime,QueryCPUTime,WriteRealTime,WriteCPUTime
0.00117802619934082,0.000561000000000001,0.00130891799926758,0.000935,0.00201702117919922,0.001962,0.00872993469238278,0.008267
0.00116395950317383,0.000555,0.00129795074462891,0.000932000000000001,0.00204110145568848,0.001976,0.00860786437988282,0.008161
0.00119280815124512,0.000559,0.00130105018615723,0.000931999999999999,0.00202202796936035,0.001949,0.008686065673828151,0.00829
0.0011599063873291,0.000554000000000001,0.00130701065063477,0.000935999999999999,0.00205802917480469,0.001972,0.00856995582580571,0.008166
0.00118899345397949,0.000553,0.00133490562438965,0.000949999999999999,0.0020139217376709,0.001935,0.008579254150390599,0.008183
Average,0.001176738739013672,0.0005564000000000005,0.001309967041015628,0.0009369999999999997,0.0020304203033447285,0.0019588,0.00863461494445801,0.0082134
