LoadRulesRealTime,LoadRulesCPUTime,LoadFactsRealTime,LoadFactsCPUTime,QueryRealTime,QueryCPUTime,WriteRealTime,WriteCPUTime
0.00116801261901855,0.000546,0.000770092010498047,0.000439,0.000834941864013672,0.000812,0.0037949085235595677,0.003411
0.00115799903869629,0.000552,0.000776052474975586,0.000438000000000001,0.000832080841064453,0.000808,0.0037848949432373073,0.0033979999999999995
0.0011591911315918,0.000550999999999999,0.000778913497924805,0.000449,0.000840902328491211,0.000817,0.003763198852539059,0.0033959999999999997
0.00119185447692871,0.000552,0.000784158706665039,0.000436000000000001,0.000823020935058594,0.000798,0.0038058757781982465,0.0034269999999999995
0.00116705894470215,0.000547000000000001,0.000803947448730469,0.000449999999999999,0.000833034515380859,0.000809000000000001,0.003776788711547851,0.0034029999999999985
Average,0.0011688232421875,0.0005496,0.0007826328277587893,0.00044240000000000024,0.0008327960968017578,0.0008088000000000001,0.0037851333618164062,0.0034069999999999994
