LoadRulesRealTime,LoadRulesCPUTime,LoadFactsRealTime,LoadFactsCPUTime,QueryRealTime,QueryCPUTime,WriteRealTime,WriteCPUTime
0.00118613243103027,0.000554000000000001,0.00115394592285156,0.000557999999999999,0.000334024429321289,0.000305000000000001,0.004504919052124021,0.004104999999999999
0.00115704536437988,0.000551999999999999,0.000890970230102539,0.000540000000000001,0.000351190567016602,0.000319,0.0045106410980224575,0.004142
0.0011599063873291,0.000546000000000001,0.000859975814819336,0.000517,0.000352144241333008,0.000324,0.004464864730834962,0.004094
0.00116300582885742,0.000546,0.00086212158203125,0.000520000000000001,0.00037384033203125,0.000326,0.00455737113952637,0.004177
0.00119996070861816,0.000565,0.000876903533935547,0.000527999999999999,0.000342130661010742,0.000310000000000001,0.004505872726440428,0.004113999999999999
Average,0.001173210144042966,0.0005526000000000002,0.0009287834167480463,0.0005326,0.0003506660461425782,0.00031680000000000044,0.004508733749389647,0.0041264
