LoadRulesRealTime,LoadRulesCPUTime,LoadFactsRealTime,LoadFactsCPUTime,QueryRealTime,QueryCPUTime,WriteRealTime,WriteCPUTime
0.00323605537414551,0.003234,0.00491499900817871,0.004915,0.000663995742797852,0.000663999999999998,0.13079690933227514,0.13079
0.00395917892456055,0.003958,0.00587987899780273,0.005881,0.000860929489135742,0.00086,0.15699911117553725,0.156994
Average,0.00359761714935303,0.003596,0.00539743900299072,0.005398,0.000762462615966797,0.000761999999999999,0.1438980102539062,0.143892
