LoadRulesRealTime,LoadRulesCPUTime,LoadFactsRealTime,LoadFactsCPUTime,QueryRealTime,QueryCPUTime,WriteRealTime,WriteCPUTime
0.00310397148132324,0.003103,0.00555896759033203,0.000146,0.00102400779724121,0.0,0.1347479820251468,0.124768
0.00415301322937012,0.002965,0.00606012344360352,0.00601500000000001,0.00117588043212891,0.00117399999999999,0.1524851322174071,0.152489
Average,0.0036284923553466797,0.0030340000000000002,0.005809545516967775,0.003080500000000005,0.00109994411468506,0.000586999999999995,0.14361655712127694,0.13862850000000002
