LoadRulesRealTime,LoadRulesCPUTime,LoadFactsRealTime,LoadFactsCPUTime,QueryRealTime,QueryCPUTime,WriteRealTime,WriteCPUTime
0.00106000900268555,0.000616999999999999,0.00111794471740723,0.000657999999999999,0.0160870552062988,0.015656,0.1366209983825682,0.135204
0.00100588798522949,0.000597000000000002,0.000802993774414062,0.000614,0.0160019397735596,0.01558,0.1346800327301024,0.133044
0.00100898742675781,0.000597,0.00080418586730957,0.000614999999999997,0.0159709453582764,0.015554,0.1533050537109376,0.146954
0.00103187561035156,0.000598,0.000846147537231445,0.000649,0.0162010192871094,0.015763,0.1340069770812986,0.133064
0.00102710723876953,0.000610000000000001,0.000811100006103516,0.000610999999999997,0.0160517692565918,0.015578,0.1382453441619872,0.136906
Average,0.001026773452758788,0.0006038000000000004,0.0008764743804931646,0.0006293999999999985,0.016062545776367197,0.0156262,0.13937168121337878,0.13703439999999997
