LoadRulesRealTime,LoadRulesCPUTime,LoadFactsRealTime,LoadFactsCPUTime,QueryRealTime,QueryCPUTime,WriteRealTime,WriteCPUTime
0.00161099433898926,0.000692000000000002,0.00173091888427734,0.001492,11.5705659389496,11.556206,1.205365180969201,1.130903
0.00137186050415039,0.000614000000000002,0.00209212303161621,0.001511,11.5731730461121,11.564148,0.9692671298980002,0.9599270000000004
0.00136804580688477,0.000626000000000002,0.0020449161529541,0.001529,11.7463181018829,11.713156,0.8117918968200986,0.8169880000000003
0.00131011009216309,0.000600000000000002,0.0019688606262207,0.00146,11.6465871334076,11.628958,0.9369897842406996,0.9182259999999989
0.00125217437744141,0.000579000000000001,0.00194978713989258,0.001444,11.6909282207489,11.641585,0.9854569435120002,0.9193290000000012
Average,0.001382637023925784,0.0006222000000000018,0.0019573211669921863,0.0014871999999999997,11.64551448822022,11.6208106,0.9817741870879999,0.9490746000000001
