LoadRulesRealTime,LoadRulesCPUTime,LoadFactsRealTime,LoadFactsCPUTime,QueryRealTime,QueryCPUTime,WriteRealTime,WriteCPUTime
0.00121593475341797,0.00055,0.000716924667358398,0.000364999999999999,0.00061798095703125,0.000603000000000001,0.00287294387817383,0.002513999999999999
0.00185918807983398,0.000554000000000001,0.00066685676574707,0.000347,0.000606060028076172,0.000586,0.0029630661010742183,0.00257
0.00115704536437988,0.000549000000000001,0.000682830810546875,0.000359999999999999,0.000618219375610352,0.000602,0.002861738204956058,0.0025009999999999998
0.00116515159606934,0.000548,0.000697851181030273,0.000363,0.00062108039855957,0.000595999999999999,0.00290489196777344,0.002547000000000001
0.00121307373046875,0.000574,0.000752925872802734,0.000373999999999999,0.000639200210571289,0.000609999999999999,0.0028436183929443307,0.002490000000000001
Average,0.0013220787048339841,0.0005550000000000004,0.00070347785949707,0.00036179999999999936,0.0006205081939697265,0.0005993999999999997,0.0028892517089843753,0.0025244
