LoadRulesRealTime,LoadRulesCPUTime,LoadFactsRealTime,LoadFactsCPUTime,QueryRealTime,QueryCPUTime,WriteRealTime,WriteCPUTime
0.00116205215454102,0.000548,0.000953912734985352,0.000595999999999999,0.00121092796325684,0.001172,0.005418062210083,0.005043
0.00116086006164551,0.000547000000000001,0.000931024551391602,0.000593,0.00121212005615234,0.001177,0.0054919719696045,0.005082
0.00117611885070801,0.00055,0.000949859619140625,0.00059,0.00121092796325684,0.00118,0.00593924522399902,0.005547
0.00115609169006348,0.000548,0.000962972640991211,0.000602,0.00123000144958496,0.001199,0.0054180622100830095,0.005041
0.0011601448059082,0.000549000000000001,0.000943899154663086,0.000593,0.00124216079711914,0.001198,0.0054707527160644505,0.005111999999999999
Average,0.0011630535125732439,0.0005484000000000003,0.0009483337402343752,0.0005947999999999998,0.001221227645874024,0.0011852000000000002,0.005547618865966796,0.0051649999999999995
