LoadRulesRealTime,LoadRulesCPUTime,LoadFactsRealTime,LoadFactsCPUTime,QueryRealTime,QueryCPUTime,WriteRealTime,WriteCPUTime
0.000921964645385742,0.000545,0.000718116760253906,0.000517,0.00034785270690918,0.000321999999999999,0.0045921802520752005,0.004287000000000001
0.000905036926269531,0.000541,0.000710964202880859,0.000512,0.000338077545166016,0.000311000000000001,0.004540920257568365,0.004278999999999999
0.000906944274902344,0.000541,0.000735998153686523,0.000521000000000001,0.000339031219482422,0.000312,0.0046360492706298785,0.004299
0.000904083251953125,0.000538,0.000722885131835938,0.000513000000000001,0.000339984893798828,0.000310999999999999,0.004492998123168942,0.004236000000000001
0.000924110412597656,0.000548,0.000721931457519531,0.000515,0.000325918197631836,0.000300999999999999,0.004553079605102544,0.004309000000000001
Average,0.0009124279022216797,0.0005426000000000001,0.0007219791412353514,0.0005156000000000004,0.00033817291259765643,0.00031139999999999955,0.004563045501708986,0.004282
