LoadRulesRealTime,LoadRulesCPUTime,LoadFactsRealTime,LoadFactsCPUTime,QueryRealTime,QueryCPUTime,WriteRealTime,WriteCPUTime
0.0012519359588623,0.000631,0.00172615051269531,0.001485,0.0707619190216064,0.057658,1.0879709720611535,0.98207
0.00107693672180176,0.000643000000000001,0.00176906585693359,0.001527,0.0609180927276611,0.056135,0.9529190063476589,0.945762
0.00128698348999023,0.000673,0.0027320384979248,0.002077,0.0609278678894043,0.055846,0.9557242393493657,0.949561
0.00117087364196777,0.000676,0.00169515609741211,0.00146,0.0627338886260986,0.055661,0.9519422054290814,0.9403790000000001
0.0010380744934082,0.000608999999999998,0.00174188613891602,0.001498,0.0604450702667236,0.054782,0.9689867496490463,0.962317
Average,0.0011649608612060518,0.0006463999999999999,0.0019328594207763659,0.0016093999999999998,0.06315736770629879,0.0560164,0.9835086345672611,0.9560178
