LoadRulesRealTime,LoadRulesCPUTime,LoadFactsRealTime,LoadFactsCPUTime,QueryRealTime,QueryCPUTime,WriteRealTime,WriteCPUTime
0.00346112251281738,0.00342799999999999,0.00471591949462891,0.00338400000000001,0.000553131103515625,0.000551999999999997,0.07984566688537598,0.07984000000000001
0.00494909286499023,0.004911,0.00421500205993652,0.004215,0.000704050064086914,0.000705000000000004,0.09252786636352539,0.092421
0.00302815437316895,0.001817,0.00320887565612793,0.001926,0.000536203384399414,0.000321000000000002,0.09433865547180179,0.09390799999999999
Average,0.003812789916992187,0.003385333333333329,0.00404659907023112,0.0031750000000000038,0.0005977948506673177,0.0005260000000000011,0.08890406290690105,0.088723
