LoadRulesRealTime,LoadRulesCPUTime,LoadFactsRealTime,LoadFactsCPUTime,QueryRealTime,QueryCPUTime,WriteRealTime,WriteCPUTime
0.000926971435546875,0.000545,0.000615119934082031,0.000227999999999999,0.0001068115234375,0.000100000000000001,0.00120139122009277,0.0009379999999999991
0.000899076461791992,0.000539999999999999,0.000378847122192383,0.000201,0.000107049942016602,0.000101,0.001423835754394528,0.000944
0.000906944274902344,0.000542000000000001,0.000374078750610352,0.000203999999999999,0.000108003616333008,0.000102,0.001137018203735352,0.0009329999999999999
0.000900983810424805,0.000541999999999999,0.000371932983398438,0.000200000000000001,0.000107049942016602,0.000101,0.002324819564819338,0.0010140000000000001
0.000915050506591797,0.000546999999999999,0.000381946563720703,0.00021,0.000111103057861328,0.000102,0.0011289119720459021,0.0009230000000000001
Average,0.0009098052978515627,0.0005431999999999995,0.0004243850708007814,0.00020859999999999984,0.000108003616333008,0.00010120000000000021,0.0014431953430175779,0.0009503999999999999
