LoadRulesRealTime,LoadRulesCPUTime,LoadFactsRealTime,LoadFactsCPUTime,QueryRealTime,QueryCPUTime,WriteRealTime,WriteCPUTime
0.00127696990966797,0.000675000000000002,0.00190591812133789,0.001336,0.0935251712799072,0.089625,0.7344658374786378,0.7267600000000001
0.00105690956115723,0.000621,0.00153303146362305,0.0013,0.0889701843261719,0.085858,0.7266838550567631,0.722029
0.00103211402893066,0.000605000000000001,0.00151586532592773,0.001289,0.0890719890594482,0.086025,0.7283828258514408,0.724514
0.00101113319396973,0.000599000000000001,0.00151896476745605,0.00129,0.0901849269866943,0.08714,0.7251758575439456,0.721355
0.0010218620300293,0.000605999999999999,0.0015251636505127,0.001294,0.0895149707794189,0.086532,0.7420630455017091,0.738005
Average,0.0010797977447509779,0.0006212000000000006,0.001599788665771484,0.0013017999999999999,0.09025344848632809,0.087036,0.7313542842864993,0.7265326
