LoadRulesRealTime,LoadRulesCPUTime,LoadFactsRealTime,LoadFactsCPUTime,QueryRealTime,QueryCPUTime,WriteRealTime,WriteCPUTime
0.00118398666381836,0.00055,0.000869989395141602,0.000518000000000001,0.00101995468139648,0.000992,0.00468802452087403,0.004311000000000001
0.00115609169006348,0.000544999999999999,0.000895977020263672,0.000525000000000001,0.00102710723876953,0.000999,0.00486373901367188,0.004492
0.00115704536437988,0.000545,0.000854969024658203,0.000517,0.00104498863220215,0.001018,0.0046410560607910096,0.004248
0.00117611885070801,0.000548,0.000864982604980469,0.000517,0.00105500221252441,0.001023,0.004721164703369141,0.004305
0.00115108489990234,0.000546999999999999,0.000869035720825195,0.000520000000000001,0.00102901458740234,0.001004,0.00461101531982422,0.004239000000000001
Average,0.001164865493774414,0.0005469999999999995,0.0008709907531738283,0.0005194000000000006,0.001035213470458982,0.0010072000000000002,0.004704999923706056,0.004319000000000001
