LoadRulesRealTime,LoadRulesCPUTime,LoadFactsRealTime,LoadFactsCPUTime,QueryRealTime,QueryCPUTime,WriteRealTime,WriteCPUTime
0.00118494033813477,0.000553,0.00118708610534668,0.000616,0.000411033630371094,0.000376,0.005334854125976566,0.004924
0.00116395950317383,0.000547000000000001,0.000936031341552734,0.000597,0.000406026840209961,0.000374999999999999,0.005423069000244139,0.0049910000000000015
0.00114989280700684,0.000546000000000001,0.00094914436340332,0.000598,0.000396013259887695,0.000361999999999999,0.005376815795898435,0.0049970000000000014
0.00116205215454102,0.000551000000000001,0.000958919525146484,0.000598,0.000397920608520508,0.000363,0.005315303802490232,0.00493
0.00118398666381836,0.000567,0.000954151153564453,0.000606000000000001,0.00044703483581543,0.000391000000000001,0.0052630901336669905,0.004888999999999999
Average,0.001168966293334964,0.0005528000000000006,0.0009970664978027342,0.0006030000000000002,0.0004116058349609376,0.00037339999999999975,0.005342626571655272,0.0049462
