LoadRulesRealTime,LoadRulesCPUTime,LoadFactsRealTime,LoadFactsCPUTime,QueryRealTime,QueryCPUTime,WriteRealTime,WriteCPUTime
0.00104308128356934,0.0006,0.000850915908813477,0.000627000000000003,0.629373073577881,0.628101,0.14237070083618097,0.13974999999999993
0.00102996826171875,0.000591999999999999,0.000805854797363281,0.000623000000000002,0.630499124526978,0.623809,0.13654899597167902,0.1367370000000001
0.000994205474853516,0.000591,0.000790834426879883,0.000612000000000001,0.635020971298218,0.633495,0.12804412841796897,0.12744699999999998
0.000990867614746094,0.00059,0.00080418586730957,0.000617999999999999,0.63209080696106,0.630352,0.14339828491210893,0.13455799999999996
0.000988006591796875,0.000587999999999998,0.000785112380981445,0.000607,0.630264043807983,0.629204,0.13322710990905806,0.12876100000000001
Average,0.0010092258453369151,0.0005921999999999995,0.0008073806762695313,0.0006174000000000009,0.631449604034424,0.6289922,0.13671784400939918,0.1334506
