LoadRulesRealTime,LoadRulesCPUTime,LoadFactsRealTime,LoadFactsCPUTime,QueryRealTime,QueryCPUTime,WriteRealTime,WriteCPUTime
0.00362682342529297,0.0029,0.00423598289489746,0.00420400000000001,0.000550031661987305,0.000548999999999994,0.1057879924774167,0.105753
0.00339508056640625,0.001697,0.00402092933654785,0.003936,0.000491142272949219,0.000490000000000001,0.09444284439086918,0.094445
Average,0.0035109519958496102,0.0022984999999999998,0.0041284561157226545,0.004070000000000005,0.0005205869674682619,0.0005194999999999975,0.10011541843414294,0.100099
