LoadRulesRealTime,LoadRulesCPUTime,LoadFactsRealTime,LoadFactsCPUTime,QueryRealTime,QueryCPUTime,WriteRealTime,WriteCPUTime
0.000928163528442383,0.000540000000000001,0.000458002090454102,0.000277999999999999,0.000150918960571289,0.000137,0.001992940902709961,0.001748
0.00091099739074707,0.000548999999999999,0.000458002090454102,0.000279000000000001,0.000150203704833984,0.000135999999999999,0.002003669738769536,0.001770000000000001
0.000900983810424805,0.000539999999999999,0.000459909439086914,0.000279000000000001,0.000151157379150391,0.000138999999999998,0.001999855041503909,0.001766000000000002
0.000952005386352539,0.000546,0.000462055206298828,0.000278,0.000149011611938477,0.000137,0.001981973648071293,0.001748
0.000913143157958984,0.000546,0.000455856323242188,0.000279,0.000149011611938477,0.000135,0.002007961273193363,0.001768
Average,0.0009210586547851562,0.0005441999999999998,0.00045876502990722684,0.0002786000000000002,0.00015006065368652362,0.0001367999999999994,0.0019972801208496126,0.0017600000000000007
