LoadRulesRealTime,LoadRulesCPUTime,LoadFactsRealTime,LoadFactsCPUTime,QueryRealTime,QueryCPUTime,WriteRealTime,WriteCPUTime
0.000916957855224609,0.000544000000000001,0.000966072082519531,0.000546999999999999,0.000526905059814453,0.000499000000000001,0.004472017288208007,0.004217999999999999
0.00090789794921875,0.000550999999999999,0.000722885131835938,0.000516000000000001,0.000527143478393555,0.000501,0.004508733749389645,0.0042320000000000005
0.000910043716430664,0.000547000000000001,0.000725030899047852,0.000515,0.000524997711181641,0.000498999999999999,0.004487991333007809,0.004204000000000001
0.000902891159057617,0.000543999999999999,0.000726938247680664,0.000509000000000001,0.000524044036865234,0.000496,0.004512786865234376,0.004256
0.000922918319702148,0.000543,0.000733137130737305,0.000514000000000001,0.00052189826965332,0.000496999999999999,0.00448203086853027,0.004217000000000001
Average,0.0009121417999267574,0.0005458,0.0007748126983642581,0.0005202000000000004,0.0005249977111816405,0.0004983999999999998,0.0044927120208740215,0.004225400000000001
