LoadRulesRealTime,LoadRulesCPUTime,LoadFactsRealTime,LoadFactsCPUTime,QueryRealTime,QueryCPUTime,WriteRealTime,WriteCPUTime
0.00338292121887207,0.003383,0.00521016120910645,0.004551,0.000730991363525391,0.000730000000000001,0.0984199047088623,0.09843500000000001
0.00342202186584473,0.003421,0.00406408309936523,0.004065,0.000769853591918945,0.000771000000000001,0.09769916534423825,0.09769399999999999
0.00407099723815918,0.004071,0.00478887557983398,0.00479,0.000874042510986328,0.000874,0.11083698272705067,0.110852
Average,0.00362531344095866,0.0036249999999999998,0.00468770662943522,0.004468666666666667,0.0007916291554768881,0.0007916666666666674,0.10231868426005042,0.102327
