LoadRulesRealTime,LoadRulesCPUTime,LoadFactsRealTime,LoadFactsCPUTime,QueryRealTime,QueryCPUTime,WriteRealTime,WriteCPUTime
0.00115108489990234,0.000546999999999999,0.00132989883422852,0.000938000000000001,0.00104808807373047,0.000990999999999999,0.008863925933837889,0.008405000000000001
0.00115084648132324,0.000549000000000001,0.00128602981567383,0.000923,0.00103497505187988,0.000983999999999999,0.00894594192504883,0.008450000000000001
0.0011591911315918,0.00055,0.00130581855773926,0.000928999999999999,0.0010380744934082,0.000986999999999998,0.00886273384094239,0.008386000000000001
0.00116705894470215,0.000548999999999999,0.00130081176757812,0.000923999999999999,0.00105714797973633,0.000992,0.00890684127807617,0.008454
0.00116801261901855,0.000548,0.0012969970703125,0.000927000000000001,0.00104498863220215,0.000986999999999998,0.00896906852722165,0.008504000000000001
Average,0.0011592388153076158,0.0005485999999999998,0.001303911209106446,0.0009282,0.0010446548461914061,0.0009881999999999988,0.008909702301025387,0.0084398
