LoadRulesRealTime,LoadRulesCPUTime,LoadFactsRealTime,LoadFactsCPUTime,QueryRealTime,QueryCPUTime,WriteRealTime,WriteCPUTime
0.00122690200805664,0.000602999999999999,0.000904083251953125,0.000723000000000001,0.0192689895629883,0.013912,0.24441695213317868,0.240963
0.00105810165405273,0.000598999999999999,0.0013430118560791,0.000816000000000001,0.0162498950958252,0.013989,0.2463362216949458,0.240405
0.000990867614746094,0.000589000000000001,0.00097203254699707,0.000782999999999999,0.0166549682617188,0.014152,0.24370217323303217,0.24217699999999998
0.00100898742675781,0.000601999999999998,0.000965118408203125,0.000771000000000001,0.0148799419403076,0.013754,0.2407052516937254,0.239487
0.000984907150268555,0.000591000000000001,0.000959873199462891,0.000767999999999998,0.0154001712799072,0.013998,0.23968172073364283,0.237493
Average,0.0010539531707763655,0.0005967999999999995,0.0010288238525390622,0.0007722,0.01649079322814942,0.013961000000000001,0.24296846389770493,0.240105
