LoadRulesRealTime,LoadRulesCPUTime,LoadFactsRealTime,LoadFactsCPUTime,QueryRealTime,QueryCPUTime,WriteRealTime,WriteCPUTime
0.00117206573486328,0.000549000000000001,0.000535011291503906,0.000204999999999999,0.000222921371459961,0.000217,0.001270055770874019,0.000908
0.00118517875671387,0.000553000000000001,0.000519037246704102,0.000203999999999999,0.00022578239440918,0.00022,0.00123834609985352,0.0008950000000000001
0.00115489959716797,0.000548999999999999,0.000524044036865234,0.000205,0.000221967697143555,0.000216000000000001,0.001261949539184565,0.000909999999999999
0.00119590759277344,0.00056,0.000522136688232422,0.000206000000000001,0.00023198127746582,0.000217999999999999,0.00121116638183594,0.000890000000000001
0.00117993354797363,0.00055,0.000536203384399414,0.000204999999999999,0.000232934951782227,0.000219,0.001249074935913083,0.0008979999999999999
Average,0.001177597045898438,0.0005522000000000003,0.0005272865295410156,0.0002049999999999996,0.0002271175384521486,0.000218,0.0012461185455322256,0.0009002
