DatalogToCPPRealTime,DatalogToCPPCPUTime,CompileRealTime,CompileCPUTime,InstanceLoadingRealTime,InstanceLoadingCPUTime,LoadingFactRealTime,LoadingFactCPUTime,QueryRealTime,QueryCPUTime,WritingResultRealTime,WritingResultCPUTime
0.009999990463256836,0.0,1.3299999237060547,1.3800000000000001,0.000121709,0.00012,0.0313001,0.031278,0.385196,0.385195,0.0657214,0.065717
0.019999980926513672,0.0,1.3399999141693115,1.3800000000000001,0.000151583,0.00015,0.0284518,0.028451,0.379818,0.379816,0.0655783,0.065577
0.009999990463256836,0.0,1.3599998950958252,1.3900000000000001,0.000180917,0.000179,0.0285787,0.028578,0.385295,0.385283,0.0660535,0.066052
0.009999990463256836,0.0,1.3500001430511475,1.3800000000000001,0.00017925,0.000178,0.0296686,0.029669,0.384223,0.384221,0.0658953,0.065895
0.009999990463256836,0.0,1.3599998950958252,1.3800000000000001,0.000153916,0.000154,0.0279637,0.027959,0.387257,0.387256,0.0640581,0.064057
Average,0.011999988555908203,0.0,1.3479999542236327,1.3820000000000001,0.00015747500000000002,0.0001562,0.029192580000000003,0.029187,0.38435779999999997,0.3843542,0.06546132,0.06545959999999999
