DatalogToCPPRealTime,DatalogToCPPCPUTime,CompileRealTime,CompileCPUTime,InstanceLoadingRealTime,InstanceLoadingCPUTime,LoadingFactRealTime,LoadingFactCPUTime,QueryRealTime,QueryCPUTime,WritingResultRealTime,WritingResultCPUTime
0.019999980926513672,0.010000000000000009,1.3199999332427979,1.35,0.000161625,0.00016,0.00863783,0.008617,0.062091,0.062085,0.00915733,0.009155
0.019999980926513672,0.0,1.3600001335144043,1.4100000000000001,0.0,0.0,0.00594329,0.005942,0.0583333,0.058302,0.00926912,0.00925
0.019999980926513672,0.0,1.4100000858306885,1.4200000000000002,0.000119208,0.000118,0.007919,0.007918,0.0591028,0.059102,0.00866858,0.008668
0.019999980926513672,0.0,1.3500001430511475,1.3900000000000001,0.000151375,0.00015,0.0074415,0.007437,0.0578447,0.057839,0.00870054,0.008701
0.019999980926513672,0.0,1.3900001049041748,1.4300000000000002,0.000102458,0.000102,0.00548175,0.005481,0.051778,0.051776,0.00878417,0.008783
Average,0.019999980926513672,0.0020000000000000018,1.3660000801086425,1.4,0.00010693320000000001,0.000106,0.007084674000000001,0.007078999999999999,0.05782996,0.057820800000000006,0.008915948,0.0089114
