DatalogToCPPRealTime,DatalogToCPPCPUTime,CompileRealTime,CompileCPUTime,InstanceLoadingRealTime,InstanceLoadingCPUTime,LoadingFactRealTime,LoadingFactCPUTime,QueryRealTime,QueryCPUTime,WritingResultRealTime,WritingResultCPUTime
0.009999990463256836,0.0,1.3299999237060547,1.35,0.0001465,0.000146,0.0101682,0.00982,0.0611792,0.061177,0.00926608,0.009265
0.019999980926513672,0.0,1.3499999046325684,1.37,0.000162208,0.000161,0.00725483,0.007169,0.0565712,0.05613,0.00926621,0.009218
0.009999990463256836,0.009999999999999995,1.3900001049041748,1.4200000000000002,0.000176375,0.000176,0.00781521,0.007814,0.0571857,0.057185,0.00894087,0.00894
0.019999980926513672,0.0,1.2999999523162842,1.33,0.000154833,0.000153,0.00766175,0.007661,0.0560834,0.05597,0.00881996,0.008818
0.019999980926513672,0.0,1.4199998378753662,1.4200000000000002,0.000102583,0.000101,0.00736046,0.007359,0.0584092,0.058397,0.0091195,0.009119
Average,0.015999984741210938,0.001999999999999999,1.3579999446868896,1.3780000000000001,0.0001484998,0.00014739999999999998,0.00805209,0.007964599999999999,0.057885740000000005,0.0577718,0.009082524,0.009072
