DatalogToCPPRealTime,DatalogToCPPCPUTime,CompileRealTime,CompileCPUTime,InstanceLoadingRealTime,InstanceLoadingCPUTime,LoadingFactRealTime,LoadingFactCPUTime,QueryRealTime,QueryCPUTime,WritingResultRealTime,WritingResultCPUTime
0.019999980926513672,0.0,1.3199999332427979,1.36,0.000135917,0.000135,0.175405,0.175385,49.723,49.7205,1.2506,1.23322
0.019999980926513672,0.0,1.3700001239776611,1.3900000000000001,0.000138417,0.000138,0.172723,0.172347,49.2432,49.2423,1.22513,1.21778
0.009999990463256836,0.0,1.3600001335144043,1.3800000000000001,0.000138083,0.000137,0.173491,0.173462,49.5075,49.5061,1.20938,1.20822
0.019999980926513672,0.0,1.309999942779541,1.34,0.000121625,0.00012,0.171747,0.171727,49.4527,49.4514,1.1907,1.18967
0.019999980926513672,0.0,1.440000057220459,1.3900000000000001,0.000118167,0.000118,0.170929,0.170544,49.2941,49.2928,1.18968,1.18853
Average,0.017999982833862303,0.0,1.3600000381469726,1.3719999999999999,0.0001304418,0.00012959999999999998,0.172859,0.172693,49.444100000000006,49.442620000000005,1.213098,1.2074840000000002
