DatalogToCPPRealTime,DatalogToCPPCPUTime,CompileRealTime,CompileCPUTime,InstanceLoadingRealTime,InstanceLoadingCPUTime,LoadingFactRealTime,LoadingFactCPUTime,QueryRealTime,QueryCPUTime,WritingResultRealTime,WritingResultCPUTime
0.020000219345092773,0.0,1.3499999046325684,1.3900000000000001,0.000151834,0.000151,0.100142,0.100122,3.44269,3.44257,0.482826,0.482665
0.009999990463256836,0.0,1.3300001621246338,1.37,0.000154833,0.000153,0.0927143,0.092714,3.45237,3.45155,0.483204,0.473963
0.009999990463256836,0.0,1.3600001335144043,1.4000000000000001,0.00017825,0.000176,0.0947128,0.094712,3.44444,3.44441,0.474464,0.474256
0.009999990463256836,0.0,1.3599998950958252,1.3900000000000001,0.000183708,0.000182,0.0953498,0.095348,3.47109,3.46719,0.475047,0.47486
0.009999990463256836,0.0,1.3300001621246338,1.35,0.000188542,0.000187,0.0955657,0.095565,3.45013,3.45008,0.47643,0.476002
Average,0.012000036239624024,0.0,1.3460000514984132,1.3800000000000001,0.0001714334,0.0001698,0.09569691999999999,0.0956922,3.4521440000000005,3.4511600000000002,0.4783942,0.47634920000000003
