DatalogToCPPRealTime,DatalogToCPPCPUTime,CompileRealTime,CompileCPUTime,InstanceLoadingRealTime,InstanceLoadingCPUTime,LoadingFactRealTime,LoadingFactCPUTime,QueryRealTime,QueryCPUTime,WritingResultRealTime,WritingResultCPUTime
0.009999990463256836,0.0,1.3300001621246338,1.37,0.000134167,0.000133,0.206643,0.206302,12.6759,12.6758,1.65659,1.63869
0.019999980926513672,0.0,1.309999942779541,1.36,0.000166833,0.000147,0.211989,0.211983,12.5369,12.5369,1.60925,1.60628
0.019999980926513672,0.0,1.3599998950958252,1.4000000000000001,0.000132542,0.000132,0.214441,0.214421,12.7112,12.7106,1.63176,1.61708
0.019999980926513672,0.0,1.3299999237060547,1.36,0.00014025,0.00014,0.213335,0.212926,12.7548,12.7547,1.6083,1.60697
0.019999980926513672,0.0,1.2999999523162842,1.33,0.000137417,0.000135,0.212535,0.212516,12.5221,12.5215,1.60861,1.60721
Average,0.017999982833862303,0.0,1.3259999752044678,1.3640000000000003,0.00014224179999999998,0.0001374,0.2117886,0.21162959999999997,12.640179999999999,12.6399,1.6229019999999998,1.6152460000000002
