DatalogToCPPRealTime,DatalogToCPPCPUTime,CompileRealTime,CompileCPUTime,InstanceLoadingRealTime,InstanceLoadingCPUTime,LoadingFactRealTime,LoadingFactCPUTime,QueryRealTime,QueryCPUTime,WritingResultRealTime,WritingResultCPUTime
0.009999990463256836,0.009999999999999995,1.3900001049041748,1.4100000000000001,0.000143417,0.000143,0.114429,0.114006,3.90765,3.90764,0.655303,0.654871
0.019999980926513672,0.0,1.3000001907348633,1.35,0.000178416,0.000177,0.114435,0.114434,3.93337,3.9332,0.636039,0.634229
0.019999980926513672,0.0,1.3000001907348633,1.34,0.000130875,0.00013,0.115576,0.115558,3.91919,3.91903,0.634199,0.633793
0.009999990463256836,0.0,1.3300001621246338,1.37,0.00015525,0.000153,0.111253,0.111252,3.91747,3.91746,0.647084,0.643804
0.019999980926513672,0.0,1.369999885559082,1.4100000000000001,0.000131625,0.00013,0.116467,0.116447,3.93319,3.93255,0.647048,0.646216
Average,0.015999984741210938,0.001999999999999999,1.3380001068115235,1.3760000000000001,0.0001479166,0.0001466,0.114432,0.11433940000000001,3.9221740000000005,3.921976,0.6439345999999999,0.6425826
