DatalogToCPPRealTime,DatalogToCPPCPUTime,CompileRealTime,CompileCPUTime,InstanceLoadingRealTime,InstanceLoadingCPUTime,LoadingFactRealTime,LoadingFactCPUTime,QueryRealTime,QueryCPUTime,WritingResultRealTime,WritingResultCPUTime
0.019999980926513672,0.0,1.3300001621246338,1.37,0.00012875,0.000127,0.1935,0.193481,10.7763,10.7763,1.43823,1.43636
0.009999990463256836,0.0,1.3499999046325684,1.3900000000000001,0.000132625,0.000132,0.193526,0.193506,10.945,10.9444,1.41529,1.41323
0.010000228881835938,0.0,1.3299999237060547,1.36,0.000182125,0.00018,0.191669,0.191668,10.8672,10.8672,1.40673,1.40156
0.009999990463256836,0.0,1.3499999046325684,1.3900000000000001,0.000180166,0.000178,0.190941,0.19094,10.8945,10.8939,1.39709,1.3961
0.019999980926513672,0.0,1.3100001811981201,1.35,0.000177958,0.000177,0.194077,0.194073,10.9529,10.9529,1.40152,1.39962
Average,0.014000034332275391,0.0,1.334000015258789,1.3719999999999999,0.0001603248,0.0001588,0.19274260000000001,0.1927336,10.887179999999999,10.886940000000001,1.4117719999999998,1.4093740000000001
