DatalogToCPPRealTime,DatalogToCPPCPUTime,CompileRealTime,CompileCPUTime,InstanceLoadingRealTime,InstanceLoadingCPUTime,LoadingFactRealTime,LoadingFactCPUTime,QueryRealTime,QueryCPUTime,WritingResultRealTime,WritingResultCPUTime
0.009999990463256836,0.0,1.3700001239776611,1.4000000000000001,0.000149417,0.000148,0.0309233,0.030885,0.477691,0.477671,0.0742677,0.074267
0.010000228881835938,0.0,1.369999885559082,1.3900000000000001,0.000133208,0.000132,0.0276241,0.027625,0.473561,0.47356,0.074773,0.074771
0.009999990463256836,0.010000000000000009,1.3700001239776611,1.4000000000000001,0.000168958,0.000168,0.0303271,0.030326,0.474252,0.474246,0.0744427,0.07424
0.009999990463256836,0.0,1.3700001239776611,1.4100000000000001,0.000144667,0.000143,0.0344849,0.034462,0.478047,0.478029,0.0740983,0.074098
0.009999990463256836,0.0,1.3600001335144043,1.4000000000000001,0.0,0.0,0.0224147,0.022414,0.47758,0.477578,0.0748231,0.074821
Average,0.010000038146972656,0.0020000000000000018,1.368000078201294,1.4000000000000001,0.00011925,0.00011819999999999999,0.029154819999999998,0.029142399999999995,0.47622620000000004,0.4762168,0.07448096000000001,0.0744394
