DatalogToCPPRealTime,DatalogToCPPCPUTime,CompileRealTime,CompileCPUTime,InstanceLoadingRealTime,InstanceLoadingCPUTime,LoadingFactRealTime,LoadingFactCPUTime,QueryRealTime,QueryCPUTime,WritingResultRealTime,WritingResultCPUTime
0.009999990463256836,0.0,1.3600001335144043,1.3800000000000001,0.000130375,0.000129,0.0352022,0.035176,0.439835,0.439832,0.0770277,0.076147
0.009999990463256836,0.0,1.3600001335144043,1.42,0.000155666,0.000154,0.0313521,0.03135,0.440381,0.44038,0.0746563,0.074655
0.009999990463256836,0.0,1.440000057220459,1.46,0.000160792,0.000159,0.0306588,0.030635,0.44119,0.441167,0.0749203,0.074886
0.019999980926513672,0.009999999999999995,1.4100000858306885,1.44,0.000179167,0.000178,0.0320138,0.032012,0.440679,0.440639,0.0746449,0.074644
0.009999990463256836,0.0,1.4100000858306885,1.44,0.000210125,0.000163,0.0349846,0.034967,0.441648,0.441548,0.0756848,0.07561
Average,0.011999988555908203,0.001999999999999999,1.3960000991821289,1.4279999999999997,0.000167225,0.0001566,0.032842300000000005,0.032827999999999996,0.44074660000000004,0.44071319999999997,0.0753868,0.0751884
