DatalogToCPPRealTime,DatalogToCPPCPUTime,CompileRealTime,CompileCPUTime,InstanceLoadingRealTime,InstanceLoadingCPUTime,LoadingFactRealTime,LoadingFactCPUTime,QueryRealTime,QueryCPUTime,WritingResultRealTime,WritingResultCPUTime
0.009999990463256836,0.0,1.2999999523162842,1.35,0.000150334,0.000148,0.00551775,0.005495,0.0305938,0.030594,0.00476212,0.004762
0.019999980926513672,0.010000000000000009,1.3499999046325684,1.37,0.00015325,0.000152,0.00405029,0.004049,0.0270074,0.027006,0.00462479,0.004624
0.009999990463256836,0.0,1.3199999332427979,1.36,0.00015725,0.000156,0.00415162,0.00415,0.0270951,0.027094,0.00452721,0.004526
0.019999980926513672,0.010000000000000009,1.3700001239776611,1.4000000000000001,0.00015025,0.000148,0.00433892,0.004337,0.026984,0.026982,0.00459675,0.004596
0.009999990463256836,0.010000000000000009,1.3599998950958252,1.3800000000000001,0.000119042,0.000119,0.003196,0.003195,0.0234117,0.023411,0.00419446,0.004195
Average,0.01399998664855957,0.006000000000000005,1.3399999618530274,1.372,0.0001460252,0.0001446,0.0042509159999999995,0.0042452,0.027018400000000005,0.027017400000000004,0.004541066,0.0045406
