DatalogToCPPRealTime,DatalogToCPPCPUTime,CompileRealTime,CompileCPUTime,InstanceLoadingRealTime,InstanceLoadingCPUTime,LoadingFactRealTime,LoadingFactCPUTime,QueryRealTime,QueryCPUTime,WritingResultRealTime,WritingResultCPUTime
0.009999990463256836,0.0,1.320000171661377,1.35,0.000152625,0.000152,0.0246617,0.023771,0.195656,0.195654,0.0384419,0.038441
0.019999980926513672,0.0,1.2899999618530273,1.33,0.000184084,0.000182,0.0209702,0.02097,0.194567,0.194566,0.0376433,0.037643
0.019999980926513672,0.0,1.3100001811981201,1.35,0.00015625,0.000155,0.0204107,0.020409,0.193652,0.193651,0.0373481,0.037344
0.009999990463256836,0.0,1.2999999523162842,1.33,0.0,0.0,0.0104579,0.010454,0.188408,0.188377,0.037703,0.037702
0.009999990463256836,0.0,1.3199999332427979,1.36,0.000117791,0.000118,0.0186599,0.01866,0.194129,0.194121,0.038012,0.038012
Average,0.01399998664855957,0.0,1.3080000400543212,1.344,0.00012215000000000001,0.00012139999999999998,0.01903208,0.0188528,0.1932824,0.1932738,0.03782966,0.0378284
