DatalogToCPPRealTime,DatalogToCPPCPUTime,CompileRealTime,CompileCPUTime,InstanceLoadingRealTime,InstanceLoadingCPUTime,LoadingFactRealTime,LoadingFactCPUTime,QueryRealTime,QueryCPUTime,WritingResultRealTime,WritingResultCPUTime
0.019999980926513672,0.0,1.440000057220459,1.4500000000000002,0.000180917,0.000179,0.00893425,0.008933,0.165512,0.165506,0.008764,0.008764
0.009999990463256836,0.0,1.320000171661377,1.35,0.000158125,0.000157,0.00779654,0.007796,0.163342,0.163342,0.00853204,0.008532
0.019999980926513672,0.010000000000000009,1.320000171661377,1.36,0.000116792,0.0,0.00428321,0.004282,0.151868,0.151815,0.00883712,0.008835
0.009999990463256836,0.0,1.3500001430511475,1.3900000000000001,0.0001545,0.000153,0.0074835,0.007483,0.163106,0.163102,0.00870025,0.0087
0.009999990463256836,0.0,1.3199999332427979,1.36,0.0,0.0,0.00482513,0.004824,0.155906,0.155794,0.00937554,0.009374
Average,0.01399998664855957,0.0020000000000000018,1.3500000953674316,1.3820000000000001,0.00012206680000000001,9.779999999999999e-05,0.006664526,0.0066636,0.1599468,0.1599118,0.008841789999999999,0.008841
