CreateTableRealTime,CreateTableCPUTime,LoadDataRealTime,LoadDataCPUTime,CreateIndexRealTime,CreateIndexCPUTime,AnalyzeRealTime,AnalyzeCPUTime,ExecuteQueryRealTime,ExecuteQueryCPUTime,WriteResultRealTime,WriteResultCPUTime
0.019841083034407347,6.499999999998174e-05,0.01031895901542157,8.900000000000574e-05,0.03565974999219179,4.199999999998649e-05,0.0020958749810233712,8.60000000000305e-05,0.027916459017433226,3.900000000001125e-05,0,0
0.015294042008463293,7.40000000000185e-05,0.00864258297951892,9.199999999998099e-05,0.03532566595822573,3.500000000000725e-05,0.002108957967720926,7.500000000004725e-05,0.026528124988544732,3.6999999999953737e-05,0,0
0.01704220799729228,7.099999999998774e-05,0.010251958039589226,8.299999999999974e-05,0.035603708995040506,4.399999999998849e-05,0.002151708002202213,7.80000000000225e-05,0.025710291985888034,3.599999999998049e-05,0,0
0.018961834022775292,8.499999999994623e-05,0.008809374994598329,0.000124000000000013,0.03699670796049759,3.599999999998049e-05,0.0016530410503037274,7.999999999996898e-05,0.028416207991540432,3.6999999999953737e-05,0,0
0.020018666982650757,6.899999999998574e-05,0.010249999992083758,9.599999999998499e-05,0.035557791008614004,3.900000000001125e-05,0.002182291995268315,7.300000000004525e-05,0.02555074996780604,3.599999999998049e-05,0,0
Average,0.018231566809117795,7.279999999998399e-05,0.00965457500424236,9.679999999999689e-05,0.03582872478291392,3.919999999999479e-05,0.0020383747993037104,7.84000000000229e-05,0.026824366790242492,3.699999999997594e-05,0.0,0.0
