CreateTableRealTime,CreateTableCPUTime,LoadDataRealTime,LoadDataCPUTime,CreateIndexRealTime,CreateIndexCPUTime,AnalyzeRealTime,AnalyzeCPUTime,ExecuteQueryRealTime,ExecuteQueryCPUTime,WriteResultRealTime,WriteResultCPUTime
0.015490947000216693,0.00011539999999998773,0.005278169999655802,0.0001719000000000026,0.04491805600036969,0.00010250000000000536,0.0038922919998185534,0.00011970000000000036,0.03188244200009649,0.00012970000000001036,0.0005507740002030914,0.00013020000000002474
0.015842979999888485,0.00014239999999998698,0.0056502420002289,0.0003354000000000412,0.037785851000080584,0.00013099999999999223,0.003951414999846747,0.00014199999999997548,0.01934295499995642,0.00013859999999998873,0.0005507129999386962,0.00010779999999999124
Average,0.01566696350005259,0.00012889999999998736,0.005464205999942351,0.0002536500000000219,0.041351953500225136,0.0001167499999999988,0.00392185349983265,0.00013084999999998792,0.025612698500026454,0.00013414999999999955,0.0005507435000708938,0.00011900000000000799
