CreateTableRealTime,CreateTableCPUTime,LoadDataRealTime,LoadDataCPUTime,CreateIndexRealTime,CreateIndexCPUTime,AnalyzeRealTime,AnalyzeCPUTime,ExecuteQueryRealTime,ExecuteQueryCPUTime,WriteResultRealTime,WriteResultCPUTime
0.017484523999883095,0.00014439999999998898,0.006748209000306815,0.0003014000000000072,0.0463060150000274,0.00017169999999999686,0.00253090499973041,0.00016739999999998423,0.023998612000013964,0.00019919999999995497,0.001001108000309614,0.00015219999999999123
0.015758966999783297,0.0001334999999999531,0.0056565939999018156,0.0002642999999999951,0.03875523500028066,0.00015019999999998923,0.004360002999874268,0.00017289999999992034,0.024992840999857435,0.00013689999999999536,0.0007005900001786358,0.0001220000000000665
Average,0.016621745499833196,0.00013894999999997104,0.006202401500104315,0.00028285000000000116,0.04253062500015403,0.00016094999999999304,0.0034454539998023392,0.00017014999999995228,0.0244957264999357,0.00016804999999997516,0.0008508490002441249,0.00013710000000002887
