CreateTableRealTime,CreateTableCPUTime,LoadDataRealTime,LoadDataCPUTime,CreateIndexRealTime,CreateIndexCPUTime,AnalyzeRealTime,AnalyzeCPUTime,ExecuteQueryRealTime,ExecuteQueryCPUTime,WriteResultRealTime,WriteResultCPUTime
0.017143806000149198,0.00013810000000002987,0.005907178000143176,0.00022179999999999422,0.04292886799976259,0.00016289999999996585,0.0038106040001366637,0.00013419999999997323,0.020908420000068872,0.00018920000000000048,0.0006412099996850884,0.000124000000000013
0.01875527999982296,0.00012969999999995485,0.009419246000106796,0.00022489999999997234,0.042489393999858294,0.00013249999999997986,0.003377628000180266,0.00017000000000000348,0.02448609100019894,0.0001774999999999971,0.001031778999731614,0.0002070999999999601
Average,0.01794954299998608,0.00013389999999999236,0.007663212000124986,0.00022334999999998328,0.04270913099981044,0.00014769999999997285,0.003594116000158465,0.00015209999999998836,0.022697255500133906,0.0001833499999999988,0.0008364944997083512,0.00016554999999998654
