CreateTableRealTime,CreateTableCPUTime,LoadDataRealTime,LoadDataCPUTime,CreateIndexRealTime,CreateIndexCPUTime,AnalyzeRealTime,AnalyzeCPUTime,ExecuteQueryRealTime,ExecuteQueryCPUTime,WriteResultRealTime,WriteResultCPUTime
0.01793875003932044,4.699999999996374e-05,0.018887125013861805,0.00017200000000000548,0.029983291984535754,2.2999999999995246e-05,0.0013172500184737146,4.300000000001525e-05,0.02912104199640453,5.900000000003125e-05,0.0015982919721864164,3.899999999995574e-05
0.01912437501596287,6.0000000000004494e-05,0.021940707985777408,8.799999999997699e-05,0.04175066598691046,4.199999999998649e-05,0.0023900409578345716,4.999999999999449e-05,0.03367041697492823,4.399999999998849e-05,0.0017734169960021973,4.0000000000040004e-05
0.02188437496079132,6.799999999995698e-05,0.01958791702054441,9.499999999995623e-05,0.03042366699082777,1.999999999996449e-05,0.0022786250337958336,7.60000000000205e-05,0.029998250014614314,3.500000000000725e-05,0.0013476660242304206,3.999999999998449e-05
0.01895175001118332,0.00010199999999999099,0.020018459006678313,8.299999999999974e-05,0.03188633295940235,5.499999999997174e-05,0.0019662919803522527,4.799999999999249e-05,0.03252899996004999,4.599999999999049e-05,0.0014450830058194697,3.900000000001125e-05
0.01713645801646635,6.100000000003325e-05,0.019442041986621916,6.0000000000004494e-05,0.03140745800919831,2.4999999999997247e-05,0.002047582995146513,7.199999999996098e-05,0.033571125008165836,4.0000000000040004e-05,0.0013218329986557364,3.8000000000038e-05
Average,0.01900714160874486,6.759999999998989e-05,0.01997525020269677,9.959999999998858e-05,0.03309028318617493,3.299999999998304e-05,0.0019999581971205773,5.779999999999674e-05,0.03177796679083258,4.48000000000115e-05,0.001497258199378848,3.92000000000059e-05
