CreateTableRealTime,CreateTableCPUTime,LoadDataRealTime,LoadDataCPUTime,CreateIndexRealTime,CreateIndexCPUTime,AnalyzeRealTime,AnalyzeCPUTime,ExecuteQueryRealTime,ExecuteQueryCPUTime,WriteResultRealTime,WriteResultCPUTime
0.020000003278255463,0.0,0.009999997913837433,0.0,0.04999999701976776,0.0,0.0,0.0,0.030000001192092896,0.0,0.0,0.0
0.020000003278255463,0.0,0.009999997913837433,0.0,0.04999999701976776,0.0,0.0,0.0,0.030000001192092896,0.0,0.0,0.0
0.020000003278255463,0.0,0.0,0.0,0.03999999910593033,0.0,0.0,0.0,0.030000001192092896,0.0,0.0,0.0
Average,0.020000003278255463,0.0,0.006666665275891622,0.0,0.04666666438182195,0.0,0.0,0.0,0.030000001192092896,0.0,0.0,0.0
