CreateTableRealTime,CreateTableCPUTime,LoadDataRealTime,LoadDataCPUTime,CreateIndexRealTime,CreateIndexCPUTime,AnalyzeRealTime,AnalyzeCPUTime,ExecuteQueryRealTime,ExecuteQueryCPUTime,WriteResultRealTime,WriteResultCPUTime
0.016923833987675607,7.00000000000145e-05,0.0034034589771181345,7.20000000000165e-05,0.0355034579988569,3.900000000001125e-05,0.0020069999736733735,7.499999999999174e-05,0.022715166036505252,4.500000000001725e-05,0,0
0.0169171669986099,6.899999999998574e-05,0.003535708994604647,8.700000000000374e-05,0.033362167014274746,3.6000000000036e-05,0.0020877919741906226,8.00000000000245e-05,0.021812666964251548,3.700000000000925e-05,0,0
0.018738166021648794,6.500000000003725e-05,0.003874082991387695,7.499999999999174e-05,0.037052916013635695,3.900000000001125e-05,0.0022142499801702797,7.399999999996298e-05,0.022362624993547797,3.700000000000925e-05,0,0
0.019284916983451694,7.80000000000225e-05,0.0038465840043500066,9.100000000000774e-05,0.03708224999718368,4.100000000001325e-05,0.0022015830036252737,8.299999999999974e-05,0.02338541700737551,3.6000000000036e-05,0,0
0.016956874984316528,7.00000000000145e-05,0.0034529580152593553,8.500000000000174e-05,0.03547225001966581,3.900000000001125e-05,0.0024384999996982515,8.099999999999774e-05,0.02120600000489503,3.199999999997649e-05,0,0
Average,0.017764191795140504,7.04000000000149e-05,0.0036225585965439676,8.20000000000043e-05,0.03569460820872337,3.8800000000016596e-05,0.00218982498627156,7.859999999999534e-05,0.022296375001315028,3.740000000000965e-05,0.0,0.0
