CreateTableRealTime,CreateTableCPUTime,LoadDataRealTime,LoadDataCPUTime,CreateIndexRealTime,CreateIndexCPUTime,AnalyzeRealTime,AnalyzeCPUTime,ExecuteQueryRealTime,ExecuteQueryCPUTime,WriteResultRealTime,WriteResultCPUTime
0.017791207996197045,7.100000000004325e-05,0.011103374999947846,9.100000000000774e-05,0.03282354195835069,3.999999999998449e-05,0.002559874963480979,7.60000000000205e-05,0.02718450000975281,3.500000000000725e-05,0,0
0.01691325003048405,7.00000000000145e-05,0.009098791982978582,6.60000000000105e-05,0.040852292033378035,5.500000000002725e-05,0.000845208007376641,8.700000000000374e-05,0.021595333993900567,3.4999999999951736e-05,0,0
0.016892208019271493,6.099999999997774e-05,0.010240458010230213,0.00011400000000000299,0.0326176670496352,3.700000000000925e-05,0.0020915839704684913,7.999999999996898e-05,0.02659216697793454,3.6000000000036e-05,0,0
0.018971332989167422,6.80000000000125e-05,0.011794582998845726,0.00010999999999999899,0.04407158400863409,3.799999999998249e-05,0.0021561249741353095,7.299999999998974e-05,0.02685304102487862,4.999999999999449e-05,0,0
0.015960625023581088,7.099999999998774e-05,0.011300000012852252,7.60000000000205e-05,0.04572441702475771,3.500000000000725e-05,0.0022742499713785946,7.40000000000185e-05,0.02749858400784433,3.4000000000034e-05,0,0
Average,0.017305724811740218,6.820000000000715e-05,0.010707441600970924,9.140000000000814e-05,0.03921790041495114,4.100000000000215e-05,0.0019854083773680033,7.80000000000003e-05,0.025944725202862173,3.80000000000047e-05,0.0,0.0
