CreateTableRealTime,CreateTableCPUTime,LoadDataRealTime,LoadDataCPUTime,CreateIndexRealTime,CreateIndexCPUTime,AnalyzeRealTime,AnalyzeCPUTime,ExecuteQueryRealTime,ExecuteQueryCPUTime,WriteResultRealTime,WriteResultCPUTime
0.016904290998354554,6.899999999998574e-05,0.004995750030502677,7.60000000000205e-05,0.03290695900795981,5.1999999999996493e-05,0.0023242500028572977,7.899999999999574e-05,0.022444874979555607,3.500000000000725e-05,0,0
0.01877212495310232,7.20000000000165e-05,0.004747207975015044,8.500000000000174e-05,0.03419008298078552,3.100000000000325e-05,0.0020245410269126296,7.20000000000165e-05,0.02491137495962903,3.2999999999949736e-05,0,0
0.01891779201105237,7.399999999996298e-05,0.005824457970447838,9.100000000000774e-05,0.03719825000735,4.799999999999249e-05,0.0024783750413917005,7.60000000000205e-05,0.025211624975781888,3.300000000000525e-05,0,0
0.01681974995881319,7.799999999996698e-05,0.005879834003280848,8.099999999999774e-05,0.03299562499159947,3.700000000000925e-05,0.0019322909647598863,7.699999999999374e-05,0.023743374971672893,3.700000000000925e-05,0,0
0.01584133302094415,7.60000000000205e-05,0.0051408750005066395,7.699999999999374e-05,0.04178224998759106,3.899999999995574e-05,0.0022908340324647725,7.20000000000165e-05,0.022435458027757704,3.500000000000725e-05,0,0
Average,0.017451058188453317,7.379999999999055e-05,0.005317624995950609,8.20000000000043e-05,0.03581463339505717,4.1399999999991445e-05,0.0022100582136772573,7.520000000000859e-05,0.023749341582879425,3.4599999999995745e-05,0.0,0.0
