CreateTableRealTime,CreateTableCPUTime,LoadDataRealTime,LoadDataCPUTime,CreateIndexRealTime,CreateIndexCPUTime,AnalyzeRealTime,AnalyzeCPUTime,ExecuteQueryRealTime,ExecuteQueryCPUTime,WriteResultRealTime,WriteResultCPUTime
0.014720387000124902,0.000111600000000045,0.005265491000045586,0.0001907000000000436,0.041685995000079856,0.00011020000000000474,0.0021114230003149714,0.00013330000000000286,0.021034577000136778,0.00011820000000001274,0.0006105089996708557,0.0001112000000000335
0.014972878999742534,0.00011189999999999811,0.005501207999714097,0.0003382000000000107,0.04140847400003622,0.00014079999999999648,0.0022233210002013948,0.00013079999999998648,0.020858072000009997,0.00011319999999997998,0.0005944730000919662,9.179999999997523e-05
Average,0.014846632999933718,0.00011175000000002155,0.0053833494998798415,0.00026445000000002716,0.04154723450005804,0.0001255000000000006,0.002167372000258183,0.00013204999999999467,0.020946324500073388,0.00011569999999999636,0.000602490999881411,0.00010150000000000436
