CreateTableRealTime,CreateTableCPUTime,LoadDataRealTime,LoadDataCPUTime,CreateIndexRealTime,CreateIndexCPUTime,AnalyzeRealTime,AnalyzeCPUTime,ExecuteQueryRealTime,ExecuteQueryCPUTime,WriteResultRealTime,WriteResultCPUTime
0.01494829800003572,0.00012699999999998823,0.005332860000180517,0.0002874999999999961,0.035659235999901284,0.00015660000000000673,0.0036989259997426416,0.00014569999999997085,0.022143345000131376,0.00013289999999999136,0.0004979919999641425,9.169999999997236e-05
0.017241678000118554,0.00015009999999998636,0.0055661979999968025,0.00022290000000002586,0.04220288199985589,0.00010809999999999986,0.002093914999932167,0.00011289999999997136,0.022602275999815902,0.00011859999999996873,0.0006397490001290862,0.00012739999999999974
Average,0.016094988000077137,0.0001385499999999873,0.00544952900008866,0.000255200000000011,0.03893105899987859,0.0001323500000000033,0.0028964204998374043,0.0001292999999999711,0.02237281049997364,0.00012574999999998004,0.0005688705000466143,0.00010954999999998605
