CreateTableRealTime,CreateTableCPUTime,LoadDataRealTime,LoadDataCPUTime,CreateIndexRealTime,CreateIndexCPUTime,AnalyzeRealTime,AnalyzeCPUTime,ExecuteQueryRealTime,ExecuteQueryCPUTime,WriteResultRealTime,WriteResultCPUTime
0.009999997913837433,0.0,0.009999997913837433,0.0,0.03999999910593033,0.0,0.01000000536441803,0.0,0.019999995827674866,0.0,0.0,0.0
0.020000003278255463,0.0,0.009999997913837433,0.0,0.030000001192092896,0.02000000000000001,0.0,0.0,0.019999995827674866,0.0,0.0,0.0
0.020000003278255463,0.0,0.0,0.0,0.03999999910593033,0.0,0.009999997913837433,0.0,0.020000003278255463,0.0,0.0,0.0
Average,0.016666668156782787,0.0,0.006666665275891622,0.0,0.03666666646798452,0.0066666666666666706,0.0066666677594184875,0.0,0.019999998311201733,0.0,0.0,0.0
