CreateTableRealTime,CreateTableCPUTime,LoadDataRealTime,LoadDataCPUTime,CreateIndexRealTime,CreateIndexCPUTime,AnalyzeRealTime,AnalyzeCPUTime,ExecuteQueryRealTime,ExecuteQueryCPUTime,WriteResultRealTime,WriteResultCPUTime
0.01646127999993041,0.00014220000000003674,0.005072255000413861,0.00018940000000000623,0.03678153500004555,0.00012260000000002824,0.0036734830000568763,0.00012100000000003774,0.024109554999995453,0.00011739999999998973,0.000604861000283563,0.00010759999999998549
0.02698054900019997,0.00018180000000000973,0.007819382999969093,0.00032930000000003234,0.048396541999863985,0.0001643000000000061,0.0025647150000622787,0.00014259999999999273,0.021643104000304447,0.00012259999999997273,0.0006768069997633575,0.00013900000000000023
Average,0.02172091450006519,0.00016200000000002324,0.006445819000191477,0.0002593500000000193,0.04258903849995477,0.00014345000000001717,0.0031190990000595775,0.00013180000000001524,0.02287632950014995,0.00011999999999998123,0.0006408340000234602,0.00012329999999999286
