CreateTableRealTime,CreateTableCPUTime,LoadDataRealTime,LoadDataCPUTime,CreateIndexRealTime,CreateIndexCPUTime,AnalyzeRealTime,AnalyzeCPUTime,ExecuteQueryRealTime,ExecuteQueryCPUTime,WriteResultRealTime,WriteResultCPUTime
0.018922041985206306,3.0999999999947736e-05,0.020842166035436094,0.00011600000000000499,0.030148541962262243,5.100000000002325e-05,0.0018477499834261835,6.099999999997774e-05,0.10993049998069182,6.80000000000125e-05,0.00183983298484236,7.699999999999374e-05
0.017980666016228497,4.199999999998649e-05,0.022594292007852346,0.00010299999999996423,0.027307042037136853,3.700000000000925e-05,0.0013884580112062395,7.40000000000185e-05,0.10304516699397936,7.099999999998774e-05,0.0018307919963262975,0.00010300000000001974
0.01793279201956466,6.60000000000105e-05,0.021450124972034246,9.999999999998899e-05,0.03538216697052121,4.300000000001525e-05,0.0018727080314420164,7.499999999999174e-05,0.1052257499541156,8.500000000000174e-05,0.0018428750336170197,0.00013199999999996548
0.021933791984338313,8.900000000000574e-05,0.02070008299779147,7.60000000000205e-05,0.028218791994731873,3.500000000000725e-05,0.0018430000054650009,7.199999999996098e-05,0.10425470798509195,8.099999999999774e-05,0.001925625023432076,0.000132000000000021
0.017001207976136357,5.900000000003125e-05,0.020336041983682662,6.0000000000004494e-05,0.03157716698478907,2.399999999996849e-05,0.0019147080020047724,4.900000000002125e-05,0.10303558298619464,8.60000000000305e-05,0.00215316703543067,0.000128000000000017
Average,0.018754099996294828,5.739999999999634e-05,0.021184541599359362,9.099999999999664e-05,0.03052674198988825,3.80000000000047e-05,0.0017733248067088425,6.619999999999405e-05,0.10509834158001467,7.820000000000605e-05,0.0019184584147296847,0.00011440000000000339
