CreateTableRealTime,CreateTableCPUTime,LoadDataRealTime,LoadDataCPUTime,CreateIndexRealTime,CreateIndexCPUTime,AnalyzeRealTime,AnalyzeCPUTime,ExecuteQueryRealTime,ExecuteQueryCPUTime,WriteResultRealTime,WriteResultCPUTime
0.023557696999887412,0.00015640000000000098,0.013245211000139534,0.0002866999999999731,0.04027266100001725,0.00012780000000001124,0.0039349620001303265,0.00019780000000002573,0.07202212800029884,0.0001810999999999896,0.0024247609999292763,0.00016250000000000986
0.01960045199984961,0.00015699999999996272,0.012183377999917866,0.0002315000000000511,0.04695387799984019,0.0002257999999999427,0.002915026000209764,0.00020880000000000898,0.07719667400033359,0.0001754999999999951,0.002402154999799677,0.00015799999999999148
Average,0.02157907449986851,0.00015669999999998185,0.0127142945000287,0.0002591000000000121,0.04361326949992872,0.00017679999999997698,0.003424994000170045,0.00020330000000001736,0.07460940100031621,0.00017829999999999235,0.0024134579998644767,0.00016025000000000067
