CreateTableRealTime,CreateTableCPUTime,LoadDataRealTime,LoadDataCPUTime,CreateIndexRealTime,CreateIndexCPUTime,AnalyzeRealTime,AnalyzeCPUTime,ExecuteQueryRealTime,ExecuteQueryCPUTime,WriteResultRealTime,WriteResultCPUTime
0.009999997913837433,0.0,0.040000006556510925,0.0,0.04999999701976776,0.010000000000000009,0.009999997913837433,0.0,0.8100000023841858,0.0,0.020000003278255463,0.0
0.019999995827674866,0.0,0.030000001192092896,0.0,0.06000000238418579,0.0,0.009999997913837433,0.0,0.8299999982118607,0.0,0.020000003278255463,0.0
0.019999995827674866,0.0,0.03999999910593033,0.0,0.05000000447034836,0.0,0.0,0.0,0.8799999952316284,0.0,0.020000003278255463,0.0
Average,0.016666663189729054,0.0,0.03666666895151138,0.0,0.0533333346247673,0.003333333333333336,0.006666665275891622,0.0,0.8399999986092249,0.0,0.020000003278255463,0.0
