CreateTableRealTime,CreateTableCPUTime,LoadDataRealTime,LoadDataCPUTime,CreateIndexRealTime,CreateIndexCPUTime,AnalyzeRealTime,AnalyzeCPUTime,ExecuteQueryRealTime,ExecuteQueryCPUTime,WriteResultRealTime,WriteResultCPUTime
0.020000003278255463,0.0,0.019999995827674866,0.0,0.06000000238418579,0.0,0.0,0.0,0.2199999988079071,0.0,0.0,0.0
0.019999995827674866,0.0,0.020000003278255463,0.0,0.06000000238418579,0.0,0.0,0.0,0.2199999988079071,0.0,0.009999997913837433,0.0
0.019999995827674866,0.0,0.020000003278255463,0.0,0.059999994933605194,0.0,0.0,0.0,0.23000000417232513,0.0,0.009999997913837433,0.0
Average,0.019999998311201733,0.0,0.020000000794728596,0.0,0.05999999990065893,0.0,0.0,0.0,0.2233333339293798,0.0,0.006666665275891622,0.0
