CreateTableRealTime,CreateTableCPUTime,LoadDataRealTime,LoadDataCPUTime,CreateIndexRealTime,CreateIndexCPUTime,AnalyzeRealTime,AnalyzeCPUTime,ExecuteQueryRealTime,ExecuteQueryCPUTime,WriteResultRealTime,WriteResultCPUTime
0.017980917007662356,5.300000000002525e-05,0.04117679101182148,0.00012699999999998823,0.0355546249775216,3.899999999995574e-05,0.001216124976053834,7.60000000000205e-05,0.40121058298973367,6.999999999995898e-05,0,0
0.01893445901805535,7.00000000000145e-05,0.04656624997733161,0.00012000000000000899,0.03525437496136874,3.4000000000034e-05,0.0012286249548196793,7.399999999996298e-05,0.40091800002846867,6.80000000000125e-05,0,0
0.01800300000468269,7.099999999998774e-05,0.04277929197996855,0.00013300000000004975,0.036035917000845075,4.100000000001325e-05,0.001290000043809414,6.799999999995698e-05,0.40320479101501405,9.999999999998899e-05,0,0
0.0270508750109002,6.80000000000125e-05,0.04375591699499637,0.000130000000000019,0.03601441701175645,3.0000000000030003e-05,0.0014269169769249856,5.3999999999998494e-05,0.3999372079852037,8.500000000000174e-05,0,0
0.01780654100002721,6.40000000000085e-05,0.04698300000745803,0.00011399999999994748,0.03705187502782792,4.599999999999049e-05,0.0014029169688001275,7.499999999999174e-05,0.4085708750062622,3.6000000000036e-05,0,0
Average,0.01995515840826556,6.520000000000969e-05,0.04425224999431521,0.00012480000000000268,0.035982241795863956,3.80000000000047e-05,0.0013129167840816081,6.939999999998614e-05,0.4027682914049365,7.179999999999964e-05,0.0,0.0
