CreateTableRealTime,CreateTableCPUTime,LoadDataRealTime,LoadDataCPUTime,CreateIndexRealTime,CreateIndexCPUTime,AnalyzeRealTime,AnalyzeCPUTime,ExecuteQueryRealTime,ExecuteQueryCPUTime,WriteResultRealTime,WriteResultCPUTime
0.020000003278255463,0.0,0.04999999701976776,0.0,0.06000000238418579,0.0,0.0,0.0,1.0700000002980232,0.0,0.03999999910593033,0.0
0.019999995827674866,0.0,0.03999999910593033,0.0,0.06000000238418579,0.0,0.009999997913837433,0.0,1.0800000056624413,0.0,0.030000001192092896,0.0
0.01000000536441803,0.0,0.04999999701976776,0.0,0.04999999701976776,0.0,0.01000000536441803,0.0,1.219999998807907,0.02000000000000001,0.03999999910593033,0.0
Average,0.016666668156782787,0.0,0.04666666438182195,0.0,0.05666666726271311,0.0,0.0066666677594184875,0.0,1.1233333349227905,0.0066666666666666706,0.03666666646798452,0.0
