CreateTableRealTime,CreateTableCPUTime,LoadDataRealTime,LoadDataCPUTime,CreateIndexRealTime,CreateIndexCPUTime,AnalyzeRealTime,AnalyzeCPUTime,ExecuteQueryRealTime,ExecuteQueryCPUTime,WriteResultRealTime,WriteResultCPUTime
0.030000001192092896,0.0,0.03999999910593033,0.0,0.07000000029802322,0.0,0.0,0.0,0.6200000047683716,0.0,0.019999995827674866,0.0
0.019999995827674866,0.0,0.030000001192092896,0.0,0.04999999701976776,0.0,0.01000000536441803,0.02000000000000001,0.5599999949336052,0.0,0.020000003278255463,0.0
0.020000003278255463,0.0,0.030000001192092896,0.0,0.059999994933605194,0.0,0.0,0.0,0.5900000035762787,0.0,0.009999997913837433,0.0
Average,0.023333333432674408,0.0,0.033333333830038704,0.0,0.05999999741713206,0.0,0.0033333351214726767,0.0066666666666666706,0.5900000010927519,0.0,0.01666666567325592,0.0
