DeleteDataRealTime,DeleteDataCPUTime,LoadDataRealTime,LoadDataCPUTime,CreateIndexXRealTime,CreateIndexXCPUTime,CreateIndexYRealTime,CreateIndexYCPUTime,QueryRealTime,QueryCPUTime,WriteResultRealTime,WriteResultCPUTime
0.009999997913837433,0.0,0.020000003278255463,0.0,0.009999997913837433,0.0,0.0,0.0,0.0,0.0,0.009999997913837433,0.0
0.009999997913837433,0.009999999999999955,0.020000003278255463,0.0,0.009999997913837433,0.0,0.0,0.0,0.01000000536441803,0.0,0.0,0.0
0.0299999937415123,0.010000000000000009,0.020000003278255463,0.0,0.020000003278255463,0.0,0.0,0.0,0.059999994933605194,0.0,0.0,0.010000000000000009
Average,0.016666663189729054,0.006666666666666654,0.020000003278255463,0.0,0.01333333303531011,0.0,0.0,0.0,0.023333333432674408,0.0,0.003333332637945811,0.003333333333333336
