DeleteDataRealTime,DeleteDataCPUTime,LoadDataRealTime,LoadDataCPUTime,CreateIndexXRealTime,CreateIndexXCPUTime,CreateIndexYRealTime,CreateIndexYCPUTime,QueryRealTime,QueryCPUTime,WriteResultRealTime,WriteResultCPUTime
0.017476078000072448,0.007934700000000017,0.02502792599989334,0.0011133000000000393,0.022170264000124007,0.0014336999999999822,0.004705618999651051,0.0014723000000000375,0.002721525000197289,0.000984700000000005,0.028178814000057173,0.007491100000000028
0.01718367900048179,0.007640800000000003,0.0252734320001764,0.001121900000000009,0.01929748199927417,0.0011616000000000404,0.0034268499994141166,0.001008800000000032,0.0030199850007193163,0.0010415999999999759,0.009747621998940303,0.007464599999999988
Average,0.01732987850027712,0.00778775000000001,0.02515067900003487,0.0011176000000000241,0.020733872999699088,0.0012976500000000113,0.004066234499532584,0.0012405500000000347,0.0028707550004583027,0.0010131499999999904,0.018963217999498738,0.007477850000000008
