DeleteDataRealTime,DeleteDataCPUTime,LoadDataRealTime,LoadDataCPUTime,CreateIndexXRealTime,CreateIndexXCPUTime,CreateIndexYRealTime,CreateIndexYCPUTime,QueryRealTime,QueryCPUTime,WriteResultRealTime,WriteResultCPUTime
0.01783822200013674,0.009059800000000173,0.02438399099992239,0.0010642000000000706,0.023146572000086962,0.0012574999999999115,0.00269448300014119,0.0009189000000000558,0.002206335999971998,0.0007871999999999879,0.025077711999983876,0.00954609999999989
0.012548691999882067,0.005816400000000055,0.018060606000062762,0.0009006999999998655,0.013176845000089088,0.0008737999999999246,0.002449023000053785,0.0009029999999996541,0.0018030730000191397,0.0006374000000000102,0.008099034999986543,0.006375699999999984
Average,0.015193457000009403,0.007438100000000114,0.021222298499992576,0.000982449999999968,0.018161708500088025,0.001065649999999918,0.0025717530000974875,0.0009109499999998549,0.0020047044999955688,0.000712299999999999,0.01658837349998521,0.007960899999999937
