DeleteDataRealTime,DeleteDataCPUTime,LoadDataRealTime,LoadDataCPUTime,CreateIndexXRealTime,CreateIndexXCPUTime,CreateIndexYRealTime,CreateIndexYCPUTime,QueryRealTime,QueryCPUTime,WriteResultRealTime,WriteResultCPUTime
0.020000003278255463,0.009999999999999953,0.0299999937415123,0.0,0.020000003278255463,0.0,0.0,0.0,0.06000000238418579,0.0,0.0,0.02000000000000001
0.009999997913837433,0.0,0.020000003278255463,0.0,0.009999997913837433,0.0,0.01000000536441803,0.0,0.0,0.0,0.0,0.0
0.009999997913837433,0.0,0.020000003278255463,0.0,0.009999997913837433,0.01000000000000001,0.0,0.0,0.0,0.0,0.01000000536441803,0.0
Average,0.01333333303531011,0.003333333333333318,0.023333333432674408,0.0,0.01333333303531011,0.003333333333333337,0.0033333351214726767,0.0,0.020000000794728596,0.0,0.0033333351214726767,0.0066666666666666706
