DeleteDataRealTime,DeleteDataCPUTime,LoadDataRealTime,LoadDataCPUTime,CreateIndexXRealTime,CreateIndexXCPUTime,CreateIndexYRealTime,CreateIndexYCPUTime,QueryRealTime,QueryCPUTime,WriteResultRealTime,WriteResultCPUTime
0.009999997913837433,0.010000000000000009,0.020000003278255463,0.0,0.009999997913837433,0.0,0.0,0.0,0.01000000536441803,0.0,0.0,0.0
0.009999997913837433,0.010000000000000009,0.019999995827674866,0.0,0.01000000536441803,0.0,0.0,0.0,0.0,0.0,0.009999997913837433,0.0
0.009999997913837433,0.01999999999999995,0.030000001192092896,0.0,0.009999997913837433,0.0,0.0,0.0,0.01000000536441803,0.0,0.009999997913837433,0.0
Average,0.009999997913837433,0.013333333333333322,0.023333333432674408,0.0,0.010000000397364298,0.0,0.0,0.0,0.0066666702429453535,0.0,0.006666665275891622,0.0
