DeleteDataRealTime,DeleteDataCPUTime,LoadDataRealTime,LoadDataCPUTime,CreateIndexXRealTime,CreateIndexXCPUTime,CreateIndexYRealTime,CreateIndexYCPUTime,QueryRealTime,QueryCPUTime,WriteResultRealTime,WriteResultCPUTime
0.01850783599911665,0.008408399999999983,0.02358165799978451,0.0011674000000000406,0.018634153999300906,0.00138270000000007,0.0035624060001282487,0.0011713999999999336,0.06984059499973228,0.0010728999999999322,-0.04101295199961896,0.007499499999999992
0.03282457899967994,0.007233599999999951,0.10811682300027314,0.0009964999999999558,0.022406248000152118,0.0011628000000000194,0.0038021870004740776,0.0011046000000000111,0.004340268999840191,0.0010634000000000476,0.05328194000048825,0.009981099999999965
Average,0.025666207499398297,0.007820999999999967,0.06584924050002883,0.0010819499999999982,0.020520200999726512,0.0012727500000000447,0.003682296500301163,0.0011379999999999724,0.03709043199978623,0.00106814999999999,0.006134494000434643,0.008740299999999979
