DeleteDataRealTime,DeleteDataCPUTime,LoadDataRealTime,LoadDataCPUTime,CreateIndexXRealTime,CreateIndexXCPUTime,CreateIndexYRealTime,CreateIndexYCPUTime,QueryRealTime,QueryCPUTime,WriteResultRealTime,WriteResultCPUTime
0.011944745999926454,0.005766500000000008,0.016574822000166023,0.0008943000000001256,0.012668122999912157,0.0009165999999996011,0.0030271080001966766,0.0008674000000001847,0.038648249000061696,0.0010658000000001167,-0.024579573999972126,0.0010658000000001167
0.012852451000071596,0.006120999999999821,0.01795454900002369,0.0008666000000001617,0.011819289999948523,0.0009243999999997143,0.0033790109998790285,0.0009919000000002676,0.0021714920001159044,0.0007648999999996242,0.001336823999963599,0.0007762000000002267
Average,0.012398598499999025,0.005943749999999914,0.017264685500094856,0.0008804500000001436,0.01224370649993034,0.0009204999999996577,0.0032030595000378526,0.0009296500000002261,0.0204098705000888,0.0009153499999998704,-0.011621375000004264,0.0009210000000001717
