DeleteDataRealTime,DeleteDataCPUTime,LoadDataRealTime,LoadDataCPUTime,CreateIndexXRealTime,CreateIndexXCPUTime,CreateIndexYRealTime,CreateIndexYCPUTime,QueryRealTime,QueryCPUTime,WriteResultRealTime,WriteResultCPUTime
0.019999995827674866,0.01000000000000001,0.020000003278255463,0.0,0.019999995827674866,0.0,0.0,0.0,0.05000000447034836,0.0,0.0,0.0
0.01000000536441803,0.009999999999999997,0.0299999937415123,0.0,0.01000000536441803,0.0,0.0,0.0,0.009999997913837433,0.0,0.0,0.0
0.01000000536441803,0.010000000000000009,0.019999995827674866,0.0,0.009999997913837433,0.0,0.0,0.0,0.009999997913837433,0.0,0.0,0.0
Average,0.013333335518836975,0.010000000000000005,0.02333333094914754,0.0,0.01333333303531011,0.0,0.0,0.0,0.023333333432674408,0.0,0.0,0.0
