DeleteDataRealTime,DeleteDataCPUTime,LoadDataRealTime,LoadDataCPUTime,CreateIndexXRealTime,CreateIndexXCPUTime,CreateIndexYRealTime,CreateIndexYCPUTime,QueryRealTime,QueryCPUTime,WriteResultRealTime,WriteResultCPUTime
0.02446767100013858,0.005661799999999939,0.07824592899987692,0.0010203999999998103,0.017681196000012278,0.0009673999999999516,0.002925342000025921,0.0008477000000000068,0.0026252079999267153,0.0007635999999999754,0.0156393280001339,0.0034795000000000798
0.01526205300001493,0.00800679999999998,0.021857196000155454,0.0014170000000000016,0.014805359999854772,0.0010631000000000945,0.003070765000074971,0.0009696999999999623,0.0029090359998917847,0.0009514000000001577,0.005151963000116666,0.003942600000000018
Average,0.019864862000076755,0.00683429999999996,0.05005156250001619,0.001218699999999906,0.016243277999933525,0.001015250000000023,0.002998053500050446,0.0009086999999999845,0.00276712199990925,0.0008575000000000665,0.010395645500125283,0.003711050000000049
