DeleteDataRealTime,DeleteDataCPUTime,LoadDataRealTime,LoadDataCPUTime,CreateIndexXRealTime,CreateIndexXCPUTime,CreateIndexYRealTime,CreateIndexYCPUTime,QueryRealTime,QueryCPUTime,WriteResultRealTime,WriteResultCPUTime
0.009999997913837433,0.0,0.019999995827674866,0.0,0.020000003278255463,0.0,0.0,0.009999999999999953,0.0,0.0,0.009999997913837433,0.0
0.020000003278255463,0.0,0.009999997913837433,0.0,0.009999997913837433,0.0,0.0,0.0,0.0,0.0,0.009999997913837433,0.010000000000000009
0.009999997913837433,0.010000000000000012,0.020000003278255463,0.0,0.009999997913837433,0.0,0.0,0.0,0.009999997913837433,0.0,0.0,0.0
Average,0.01333333303531011,0.0033333333333333375,0.01666666567325592,0.0,0.01333333303531011,0.0,0.0,0.003333333333333318,0.003333332637945811,0.0,0.006666665275891622,0.003333333333333336
