DeleteDataRealTime,DeleteDataCPUTime,LoadDataRealTime,LoadDataCPUTime,CreateIndexXRealTime,CreateIndexXCPUTime,CreateIndexYRealTime,CreateIndexYCPUTime,QueryRealTime,QueryCPUTime,WriteResultRealTime,WriteResultCPUTime
0.009999997913837433,0.0,0.020000003278255463,0.0,0.020000003278255463,0.0,0.0,0.0,0.0,0.0,0.009999997913837433,0.009999999999999955
0.009999997913837433,0.0,0.020000003278255463,0.0,0.009999997913837433,0.0,0.009999997913837433,0.0,0.0,0.0,0.01000000536441803,0.009999999999999995
0.009999997913837433,0.0,0.020000003278255463,0.0,0.019999995827674866,0.0,0.0,0.0,0.0,0.010000000000000002,0.009999997913837433,0.010000000000000009
Average,0.009999997913837433,0.0,0.020000003278255463,0.0,0.01666666567325592,0.0,0.003333332637945811,0.0,0.0,0.003333333333333334,0.010000000397364298,0.009999999999999986
