DeleteDataRealTime,DeleteDataCPUTime,LoadDataRealTime,LoadDataCPUTime,CreateIndexXRealTime,CreateIndexXCPUTime,CreateIndexYRealTime,CreateIndexYCPUTime,QueryRealTime,QueryCPUTime,WriteResultRealTime,WriteResultCPUTime
0.01000000536441803,0.0,0.0299999937415123,0.0,0.01000000536441803,0.0,0.0,0.0,0.0,0.0,0.019999995827674866,0.010000000000000009
0.01000000536441803,0.01000000000000001,0.019999995827674866,0.0,0.020000003278255463,0.0,0.0,0.0,0.0,0.0,0.009999997913837433,0.01000000000000001
0.009999997913837433,0.0,0.030000001192092896,0.0,0.01000000536441803,0.0,0.009999997913837433,0.0,0.0,0.0,0.019999995827674866,0.01000000000000001
Average,0.010000002880891165,0.003333333333333337,0.026666663587093353,0.0,0.01333333800236384,0.0,0.003333332637945811,0.0,0.0,0.0,0.016666663189729054,0.010000000000000009
