DeleteDataRealTime,DeleteDataCPUTime,LoadDataRealTime,LoadDataCPUTime,CreateIndexXRealTime,CreateIndexXCPUTime,CreateIndexYRealTime,CreateIndexYCPUTime,QueryRealTime,QueryCPUTime,WriteResultRealTime,WriteResultCPUTime
0.012925487000075009,0.005933200000000083,0.021044745999915904,0.001337399999999933,0.014048675999902116,0.0008753000000001343,0.0026930569999876752,0.000822699999999843,0.0031887519999145297,0.0007456999999999603,0.021513704999961192,0.008321299999999976
0.014397400999996535,0.006975999999999871,0.02189758300005451,0.0011391999999998959,0.014971307999985584,0.0009552000000001559,0.002658381999935955,0.0009860999999999898,0.0023642880000807054,0.0009977000000001013,0.011419858999943244,0.0092835
Average,0.013661444000035772,0.006454599999999977,0.021471164499985207,0.0012382999999999145,0.01450999199994385,0.0009152500000001451,0.002675719499961815,0.0009043999999999164,0.0027765199999976176,0.0008717000000000308,0.016466781999952218,0.008802399999999988
