DeleteDataRealTime,DeleteDataCPUTime,LoadDataRealTime,LoadDataCPUTime,CreateIndexXRealTime,CreateIndexXCPUTime,CreateIndexYRealTime,CreateIndexYCPUTime,QueryRealTime,QueryCPUTime,WriteResultRealTime,WriteResultCPUTime
0.009999997913837433,0.0,0.020000003278255463,0.0,0.009999997913837433,0.0,0.01000000536441803,0.0,0.0,0.019999999999999955,0.009999997913837433,0.010000000000000009
0.009999997913837433,0.0,0.030000001192092896,0.0,0.019999995827674866,0.0,0.0,0.0,0.0,0.0,0.020000003278255463,0.010000000000000012
0.009999997913837433,0.01000000000000001,0.019999995827674866,0.0,0.020000003278255463,0.0,0.0,0.0,0.0,0.0,0.020000003278255463,0.01000000000000001
Average,0.009999997913837433,0.003333333333333337,0.023333333432674408,0.0,0.01666666567325592,0.0,0.0033333351214726767,0.0,0.0,0.0066666666666666515,0.016666668156782787,0.01000000000000001
