DeleteDataRealTime,DeleteDataCPUTime,LoadDataRealTime,LoadDataCPUTime,CreateIndexXRealTime,CreateIndexXCPUTime,CreateIndexYRealTime,CreateIndexYCPUTime,QueryRealTime,QueryCPUTime,WriteResultRealTime,WriteResultCPUTime
0.009999997913837433,0.01000000000000001,0.019999995827674866,0.0,0.020000003278255463,0.0,0.0,0.0,0.0,0.0,0.020000003278255463,0.009999999999999955
0.020000003278255463,0.010000000000000009,0.019999995827674866,0.0,0.01000000536441803,0.0,0.0,0.0,0.0,0.0,0.019999995827674866,0.030000000000000016
0.019999995827674866,0.01000000000000001,0.020000003278255463,0.0,0.020000003278255463,0.0,0.0,0.0,0.0,0.01000000000000001,0.009999997913837433,0.009999999999999997
Average,0.01666666567325592,0.010000000000000009,0.019999998311201733,0.0,0.01666667064030965,0.0,0.0,0.0,0.0,0.003333333333333337,0.01666666567325592,0.016666666666666656
