environment,cpu_time,size,position,factor
mariadb,0.00013004999999999267,400,1,
postgres,0.00016044999999997867,400,2,123.37562475969834
cockroachdb,0.00016144999999997967,400,3,100.62324711748278
neo4j,0.0011456000000000244,400,4,709.569526169197
xsb,0.6923885000000001,400,5,60438.94029329481
duckdb,1.00617125,400,6,145.3188852790016
