LoadRulesRealTime,LoadRulesCPUTime,LoadFactsRealTime,LoadFactsCPUTime,QueryRealTime,QueryCPUTime,WriteRealTime,WriteCPUTime
0.000917911529541016,0.000541999999999999,0.000631093978881836,0.000246000000000001,7.89165496826172e-05,7.59999999999997e-05,0.0007901191711425778,0.0006000000000000003
0.000905990600585938,0.000543,0.000390052795410156,0.000215,8.10623168945312e-05,7.70000000000007e-05,0.0007910728454589848,0.0006009999999999993
0.000916957855224609,0.000555,0.000393867492675781,0.000215,8.0108642578125e-05,7.70000000000007e-05,0.000800848007202148,0.0005989999999999993
0.000896930694580078,0.000539,0.000395059585571289,0.000213999999999999,8.10623168945312e-05,7.70000000000007e-05,0.0008170604705810549,0.0006079999999999993
0.000910043716430664,0.000543,0.000386953353881836,0.000215,8.20159912109375e-05,7.69999999999989e-05,0.0008077621459960935,0.000596000000000001
Average,0.0009095668792724609,0.0005443999999999998,0.0004394054412841796,0.000221,8.063316345214842e-05,7.680000000000015e-05,0.0008013725280761718,0.0006007999999999999
