LoadRulesRealTime,LoadRulesCPUTime,LoadFactsRealTime,LoadFactsCPUTime,QueryRealTime,QueryCPUTime,WriteRealTime,WriteCPUTime
0.00116705894470215,0.00055,0.000849008560180664,0.000519,0.00113415718078613,0.001102,0.0032868385314941398,0.002921
0.00119400024414062,0.000565999999999999,0.000852108001708984,0.000517,0.0011298656463623,0.001102,0.00329709053039551,0.002961
0.00118184089660645,0.000564,0.000851154327392578,0.000516000000000001,0.00112199783325195,0.001095,0.00333499908447266,0.002965
0.00117087364196777,0.00055,0.000864028930664062,0.000518000000000001,0.00113892555236816,0.001109,0.0039401054382324305,0.0029850000000000007
0.00169110298156738,0.000565,0.000861883163452148,0.000519,0.00115013122558594,0.001118,0.0033118724822997995,0.0029649999999999998
Average,0.0012809753417968742,0.0005589999999999998,0.0008556365966796871,0.0005178000000000003,0.001135015487670896,0.0011052,0.0034341812133789076,0.0029594
