LoadRulesRealTime,LoadRulesCPUTime,LoadFactsRealTime,LoadFactsCPUTime,QueryRealTime,QueryCPUTime,WriteRealTime,WriteCPUTime
0.000926017761230469,0.000546,0.000997066497802734,0.000540000000000001,0.000421047210693359,0.000406,0.003286123275756841,0.003065
0.000898838043212891,0.000543999999999999,0.000720024108886719,0.000513000000000001,0.000421047210693359,0.000406999999999999,0.0032460689544677713,0.003024000000000001
0.000905990600585938,0.000547000000000001,0.000709056854248047,0.000511000000000001,0.000413894653320312,0.000400999999999999,0.003369092941284178,0.0031230000000000008
0.000895977020263672,0.000541,0.000712871551513672,0.000514000000000001,0.000416994094848633,0.000406,0.003288030624389647,0.003028
0.000918149948120117,0.000540000000000001,0.000718832015991211,0.000517,0.000420093536376953,0.000406999999999999,0.003958940505981447,0.003176000000000001
Average,0.0009089946746826174,0.0005436000000000002,0.0007715702056884765,0.0005190000000000008,0.00041861534118652316,0.00040539999999999945,0.0034296512603759766,0.0030832000000000004
