LoadRulesRealTime,LoadRulesCPUTime,LoadFactsRealTime,LoadFactsCPUTime,QueryRealTime,QueryCPUTime,WriteRealTime,WriteCPUTime
0.0011749267578125,0.000550999999999999,0.000559091567993164,0.000217,8.20159912109375e-05,7.69999999999989e-05,0.0009260177612304724,0.0005810000000000021
0.00117087364196777,0.000555999999999999,0.000565052032470703,0.000227,8.20159912109375e-05,7.70000000000007e-05,0.0009009838104248045,0.0005809999999999983
0.00116109848022461,0.000547000000000001,0.00053095817565918,0.000217,8.08238983154297e-05,7.69999999999989e-05,0.0008983612060546873,0.0005800000000000011
0.00116086006164551,0.000550999999999999,0.000549077987670898,0.000221000000000001,8.20159912109375e-05,7.59999999999997e-05,0.0009467601776123025,0.0005880000000000013
0.00118017196655273,0.000545,0.000535011291503906,0.000216999999999998,7.98702239990234e-05,7.60000000000014e-05,0.0009260177612304666,0.0005899999999999986
Average,0.0011695861816406242,0.0005499999999999995,0.0005478382110595701,0.00021979999999999976,8.134841918945311e-05,7.659999999999994e-05,0.0009196281433105467,0.0005840000000000002
