LoadRulesRealTime,LoadRulesCPUTime,LoadFactsRealTime,LoadFactsCPUTime,QueryRealTime,QueryCPUTime,WriteRealTime,WriteCPUTime
0.00376796722412109,0.003767,0.00231599807739258,0.00231600000000001,0.000243902206420898,0.000243,0.0260579586029053,0.02606
0.00355100631713867,0.00355,0.0021979808807373,0.00219800000000001,0.000238180160522461,0.000237999999999995,0.021621704101562538,0.021587000000000005
Average,0.00365948677062988,0.0036585000000000003,0.0022569894790649397,0.00225700000000001,0.0002410411834716795,0.0002404999999999975,0.02383983135223392,0.023823500000000004
