LoadRulesRealTime,LoadRulesCPUTime,LoadFactsRealTime,LoadFactsCPUTime,QueryRealTime,QueryCPUTime,WriteRealTime,WriteCPUTime
0.00116395950317383,0.000552,0.000859975814819336,0.000519,0.000455141067504883,0.000429000000000001,0.0034239292144775373,0.003050999999999999
0.00115609169006348,0.000548,0.000860929489135742,0.000515999999999999,0.000456094741821289,0.00043,0.003418684005737301,0.003049
0.00114798545837402,0.000543,0.000850915908813477,0.000516000000000001,0.000461101531982422,0.000428,0.003427028656005858,0.003065
0.00116801261901855,0.00055,0.000842094421386719,0.000514000000000001,0.000454902648925781,0.000427,0.0034959316253662088,0.0031090000000000002
0.00116109848022461,0.000548999999999999,0.000860929489135742,0.000518000000000001,0.000458002090454102,0.000425999999999999,0.003381013870239258,0.003050000000000001
Average,0.001159429550170898,0.0005483999999999999,0.0008549690246582033,0.0005166000000000004,0.0004570484161376954,0.000428,0.003429317474365233,0.0030648000000000003
