LoadRulesRealTime,LoadRulesCPUTime,LoadFactsRealTime,LoadFactsCPUTime,QueryRealTime,QueryCPUTime,WriteRealTime,WriteCPUTime
0.000924825668334961,0.000541,0.000391006469726562,0.000213,9.918212890625e-05,9.20000000000001e-05,0.000818014144897461,0.000595999999999999
0.000908851623535156,0.000541999999999999,0.00038599967956543,0.000212,9.51290130615234e-05,9.10000000000008e-05,0.0008058547973632816,0.0006159999999999982
0.000911951065063477,0.000543,0.000391006469726562,0.000213,9.70363616943359e-05,9.20000000000001e-05,0.000778913497924805,0.000597
0.000936031341552734,0.000537999999999999,0.00039982795715332,0.000211000000000001,9.79900360107422e-05,9.09999999999991e-05,0.0007917881011962888,0.0005960000000000009
0.000918149948120117,0.000543,0.000383853912353516,0.000214000000000001,9.79900360107422e-05,8.99999999999998e-05,0.0007770061492919919,0.0005950000000000022
Average,0.000919961929321289,0.0005413999999999996,0.00039033889770507803,0.00021260000000000042,9.746551513671873e-05,9.119999999999998e-05,0.0007943153381347658,0.0006000000000000001
