LoadRulesRealTime,LoadRulesCPUTime,LoadFactsRealTime,LoadFactsCPUTime,QueryRealTime,QueryCPUTime,WriteRealTime,WriteCPUTime
0.000900030136108398,0.000541999999999999,0.000709056854248047,0.000513000000000001,0.000452995300292969,0.000426999999999999,0.0032880306243896506,0.003033000000000001
0.000895023345947266,0.000541,0.000706911087036133,0.00051,0.000462055206298828,0.000431000000000001,0.0033428668975830117,0.003102999999999999
0.000899791717529297,0.000543999999999999,0.000712156295776367,0.000516000000000001,0.000452995300292969,0.000428,0.003316879272460941,0.003104
0.000931978225708008,0.000552,0.000722169876098633,0.000515,0.000464916229248047,0.00043,0.005748033523559573,0.003134
0.000920772552490234,0.000543,0.0007171630859375,0.00051,0.00046086311340332,0.000428,0.00326633453369141,0.003036
Average,0.0009095191955566407,0.0005443999999999996,0.0007134914398193359,0.0005128000000000004,0.0004587650299072266,0.0004288,0.0037924289703369176,0.003082
