LoadRulesRealTime,LoadRulesCPUTime,LoadFactsRealTime,LoadFactsCPUTime,QueryRealTime,QueryCPUTime,WriteRealTime,WriteCPUTime
0.000902175903320312,0.000540000000000001,0.000711917877197266,0.000509000000000001,0.000457048416137695,0.000430999999999999,0.003273963928222655,0.003035000000000001
0.000902891159057617,0.000541,0.000706195831298828,0.000510999999999999,0.000454902648925781,0.000427,0.003277063369750979,0.0030510000000000003
0.000894784927368164,0.000541,0.000699996948242188,0.000508,0.000452041625976562,0.000425999999999999,0.003284931182861328,0.003076000000000001
0.000906944274902344,0.000540000000000001,0.0007171630859375,0.000513999999999999,0.000463008880615234,0.000428,0.003272056579589846,0.00305
0.000905990600585938,0.000545,0.000719070434570312,0.000517,0.000458955764770508,0.000429000000000001,0.0033092498779296923,0.003097999999999999
Average,0.000902557373046875,0.0005414000000000004,0.0007108688354492188,0.0005117999999999999,0.000457191467285156,0.0004281999999999998,0.0032834529876709,0.003062
