LoadRulesRealTime,LoadRulesCPUTime,LoadFactsRealTime,LoadFactsCPUTime,QueryRealTime,QueryCPUTime,WriteRealTime,WriteCPUTime
0.0011601448059082,0.000546999999999999,0.000844955444335938,0.000515,0.000427007675170898,0.000414000000000001,0.003391981124877932,0.0029999999999999988
0.00119185447692871,0.000570000000000001,0.000857114791870117,0.000517999999999999,0.000424861907958984,0.000406999999999999,0.003406286239624026,0.0030450000000000013
0.00116109848022461,0.00055,0.000862836837768555,0.000515,0.000416040420532227,0.000404,0.003396987915039063,0.003046
0.00117397308349609,0.000547000000000001,0.000851154327392578,0.000513,0.000422000885009766,0.000406,0.0036070346832275343,0.003049
0.00116610527038574,0.00056,0.000847816467285156,0.000516000000000001,0.000430107116699219,0.000406999999999999,0.0036220550537109405,0.003036000000000001
Average,0.0011706352233886701,0.0005548000000000003,0.0008527755737304689,0.0005154000000000001,0.0004240036010742188,0.0004075999999999998,0.003484869003295899,0.0030352
