LoadRulesRealTime,LoadRulesCPUTime,LoadFactsRealTime,LoadFactsCPUTime,QueryRealTime,QueryCPUTime,WriteRealTime,WriteCPUTime
0.00117897987365723,0.000547000000000001,0.000545978546142578,0.000217,8.29696655273438e-05,7.69999999999989e-05,0.0009319782257080063,0.000605000000000001
0.00115704536437988,0.000545,0.000543117523193359,0.000217,8.08238983154297e-05,7.70000000000007e-05,0.0009181499481201174,0.0006009999999999993
0.00152897834777832,0.000579000000000001,0.000540971755981445,0.000224,8.20159912109375e-05,7.69999999999989e-05,0.0009229183197021526,0.000596000000000001
0.00118494033813477,0.000552,0.000541210174560547,0.000216999999999998,7.89165496826172e-05,7.70000000000007e-05,0.0009169578552246098,0.0006070000000000003
0.00116896629333496,0.000551999999999999,0.000541210174560547,0.000218000000000001,8.392333984375e-05,7.59999999999997e-05,0.00105810165405273,0.0006409999999999993
Average,0.0012437820434570322,0.0005550000000000002,0.0005424976348876951,0.00021859999999999978,8.172988891601564e-05,7.679999999999978e-05,0.0009496212005615231,0.0006100000000000002
