LoadRulesRealTime,LoadRulesCPUTime,LoadFactsRealTime,LoadFactsCPUTime,QueryRealTime,QueryCPUTime,WriteRealTime,WriteCPUTime
0.000925064086914062,0.000546,0.00035405158996582,0.00017,4.88758087158203e-05,4.60000000000009e-05,0.0004382133483886717,0.0002749999999999991
0.000902891159057617,0.000543999999999999,0.000347137451171875,0.000164000000000001,4.79221343994141e-05,4.49999999999999e-05,0.00044727325439453087,0.0002769999999999991
0.000900983810424805,0.000543,0.000343084335327148,0.000165,4.88758087158203e-05,4.70000000000002e-05,0.00045609474182128874,0.0002739999999999998
0.000910043716430664,0.000554000000000001,0.000345945358276367,0.000166999999999999,4.79221343994141e-05,4.40000000000006e-05,0.0005092620849609379,0.0003070000000000004
0.00091099739074707,0.000540000000000001,0.000344991683959961,0.000164999999999998,4.81605529785156e-05,4.49999999999999e-05,0.0004398822784423824,0.0002730000000000011
Average,0.0009099960327148436,0.0005454000000000002,0.00034704208374023414,0.0001661999999999996,4.835128784179688e-05,4.5400000000000304e-05,0.0004581451416015623,0.0002811999999999999
