LoadRulesRealTime,LoadRulesCPUTime,LoadFactsRealTime,LoadFactsCPUTime,QueryRealTime,QueryCPUTime,WriteRealTime,WriteCPUTime
0.00347089767456055,0.002313,0.00334000587463379,0.001537,0.000169038772583008,0.000112000000000001,0.03884506225585939,0.038904
0.00463700294494629,0.004531,0.0026390552520752,0.002639,0.000213861465454102,0.000213999999999999,0.026523113250732398,0.0259
0.00512599945068359,0.003661,0.0031130313873291,0.000158999999999999,0.000236988067626953,0.0,0.028275012969970748,0.028516
Average,0.00441130002339681,0.003501666666666667,0.003030697504679363,0.0014449999999999999,0.00020662943522135435,0.00010866666666666667,0.031214396158854175,0.031106666666666668
