LoadRulesRealTime,LoadRulesCPUTime,LoadFactsRealTime,LoadFactsCPUTime,QueryRealTime,QueryCPUTime,WriteRealTime,WriteCPUTime
0.000931978225708008,0.00056,0.000496864318847656,0.000314999999999999,0.000211000442504883,0.000200000000000001,0.001549959182739257,0.0013329999999999991
0.000906944274902344,0.000544000000000001,0.000494003295898438,0.000310999999999999,0.00020289421081543,0.000194,0.0015671253204345699,0.001348
0.000900030136108398,0.000541,0.000494003295898438,0.000311000000000001,0.000205039978027344,0.000194999999999999,0.001597881317138676,0.001388000000000001
0.000918865203857422,0.000543,0.000504016876220703,0.000314999999999999,0.000205039978027344,0.000193,0.001542091369628906,0.001336
0.000927925109863281,0.000543999999999999,0.000524997711181641,0.000313000000000001,0.000206947326660156,0.000195000000000001,0.001543045043945314,0.001353999999999999
Average,0.0009171485900878907,0.0005463999999999999,0.0005027770996093753,0.0003129999999999998,0.00020618438720703137,0.00019540000000000022,0.0015600204467773446,0.0013517999999999998
