LoadRulesRealTime,LoadRulesCPUTime,LoadFactsRealTime,LoadFactsCPUTime,QueryRealTime,QueryCPUTime,WriteRealTime,WriteCPUTime
0.00395894050598145,0.003958,0.00388097763061523,0.003881,0.000560998916625977,0.000560000000000005,0.05506706237792972,0.05506799999999999
0.00352787971496582,0.003526,0.00343012809753418,0.00343,0.000504970550537109,0.000505000000000005,0.0635890960693359,0.06358899999999999
Average,0.0037434101104736345,0.0037419999999999997,0.0036555528640747053,0.0036555,0.000532984733581543,0.000532500000000005,0.05932807922363281,0.05932849999999999
