LoadRulesRealTime,LoadRulesCPUTime,LoadFactsRealTime,LoadFactsCPUTime,QueryRealTime,QueryCPUTime,WriteRealTime,WriteCPUTime
0.00101113319396973,0.000543999999999999,0.000474929809570312,0.000215999999999999,9.60826873779297e-05,9.20000000000001e-05,0.0008258819580078123,0.0006
0.000926017761230469,0.000547000000000001,0.000394105911254883,0.000213,9.70363616943359e-05,9.20000000000001e-05,0.0008008480072021481,0.000605
0.000940084457397461,0.000555,0.000391006469726562,0.000212,9.48905944824219e-05,9.10000000000008e-05,0.0007770061492919921,0.0005950000000000002
0.000900983810424805,0.000540000000000001,0.000391960144042969,0.000213,0.000102996826171875,9.79999999999991e-05,0.000806093215942383,0.0005980000000000009
0.000921010971069336,0.000543999999999999,0.000391006469726562,0.000214000000000001,9.60826873779297e-05,9.09999999999991e-05,0.0007948875427246093,0.0005960000000000009
Average,0.0009398460388183602,0.0005459999999999999,0.00040860176086425753,0.0002136,9.741783142089844e-05,9.279999999999983e-05,0.0008009433746337891,0.0005988000000000004
