LoadRulesRealTime,LoadRulesCPUTime,LoadFactsRealTime,LoadFactsCPUTime,QueryRealTime,QueryCPUTime,WriteRealTime,WriteCPUTime
0.000909090042114258,0.000539999999999999,0.000963926315307617,0.000548,0.000421047210693359,0.000405000000000001,0.003228902816772461,0.0030069999999999993
0.000896930694580078,0.000541,0.000704050064086914,0.000510999999999999,0.000413894653320312,0.000403000000000001,0.003258228302001958,0.003027999999999999
0.000899076461791992,0.000539000000000001,0.000729084014892578,0.000522999999999999,0.000423908233642578,0.000412000000000001,0.003300189971923832,0.003074999999999999
0.000929117202758789,0.000547000000000001,0.000719785690307617,0.000515,0.000417232513427734,0.000404999999999999,0.003288745880126956,0.003059000000000001
0.000903129577636719,0.000541,0.000717878341674805,0.000514000000000001,0.00041508674621582,0.000405000000000001,0.0032658576965332,0.003050999999999999
Average,0.0009074687957763671,0.0005416000000000003,0.0007669448852539062,0.0005221999999999998,0.00041823387145996057,0.00040600000000000065,0.003268384933471682,0.0030439999999999994
