LoadRulesRealTime,LoadRulesCPUTime,LoadFactsRealTime,LoadFactsCPUTime,QueryRealTime,QueryCPUTime,WriteRealTime,WriteCPUTime
0.00361299514770508,0.003613,0.00709104537963867,0.001762,0.000114917755126953,0.000113999999999996,0.009843111038208006,0.009825000000000004
0.00464391708374023,0.004626,0.00170612335205078,0.001706,8.29696655273438e-05,8.29999999999997e-05,0.009801864624023436,0.009803000000000001
0.00417900085449219,0.004125,0.00154614448547363,0.001546,8.48770141601562e-05,8.50000000000017e-05,0.009918212890625043,0.009920999999999998
Average,0.004145304361979167,0.004121333333333334,0.003447771072387693,0.001671333333333333,9.425481160481768e-05,9.399999999999913e-05,0.009854396184285496,0.009849666666666668
