LoadRulesRealTime,LoadRulesCPUTime,LoadFactsRealTime,LoadFactsCPUTime,QueryRealTime,QueryCPUTime,WriteRealTime,WriteCPUTime
0.00118112564086914,0.00055,0.000655889511108398,0.000314999999999999,0.000452041625976562,0.000440000000000001,0.001677036285400388,0.001336999999999999
0.00115609169006348,0.000546999999999999,0.000643014907836914,0.000315000000000001,0.000448942184448242,0.000438999999999998,0.001666069030761718,0.001332000000000002
0.00115489959716797,0.000546000000000001,0.000637054443359375,0.000314,0.000449895858764648,0.000439,0.001655101776123052,0.001342
0.00118303298950195,0.000548,0.000647068023681641,0.000317999999999999,0.000457048416137695,0.000442000000000001,0.001673936843872075,0.001348999999999999
0.00115513801574707,0.000546,0.000644922256469727,0.000314,0.000453948974609375,0.000443000000000001,0.0017158985137939449,0.001393999999999999
Average,0.0011660575866699221,0.0005474,0.000645589828491211,0.0003151999999999998,0.00045237541198730444,0.0004406000000000002,0.0016776084899902358,0.0013507999999999999
