LoadRulesRealTime,LoadRulesCPUTime,LoadFactsRealTime,LoadFactsCPUTime,QueryRealTime,QueryCPUTime,WriteRealTime,WriteCPUTime
0.000929117202758789,0.000543,0.00049591064453125,0.000312999999999999,0.000208139419555664,0.000197000000000001,0.001574754714965816,0.001360999999999999
0.000902175903320312,0.000542000000000001,0.000494956970214844,0.00031,0.00020289421081543,0.000193,0.00153708457946777,0.001333
0.000925064086914062,0.000550999999999999,0.000494956970214844,0.00031,0.00020599365234375,0.000195000000000001,0.00155901908874512,0.001353999999999999
0.000915050506591797,0.000546,0.000499963760375977,0.000312,0.000206947326660156,0.000198,0.001613140106201174,0.0013859999999999999
0.000925779342651367,0.000541,0.000503063201904297,0.000307999999999999,0.00020909309387207,0.000196,0.0015537738800048802,0.001348
Average,0.0009194374084472653,0.0005445999999999999,0.0004977703094482423,0.0003105999999999996,0.000206613540649414,0.0001958000000000004,0.0015675544738769517,0.0013563999999999996
