LoadRulesRealTime,LoadRulesCPUTime,LoadFactsRealTime,LoadFactsCPUTime,QueryRealTime,QueryCPUTime,WriteRealTime,WriteCPUTime
0.00118112564086914,0.000555,0.000865936279296875,0.000513,0.0011448860168457,0.001104,0.0033380985260009796,0.0029360000000000002
0.0011749267578125,0.000555,0.000849008560180664,0.000515,0.00115203857421875,0.001118,0.00333809852600098,0.002953
0.00116300582885742,0.000550999999999999,0.000848054885864258,0.000510999999999999,0.0011289119720459,0.0011,0.00334501266479492,0.002973
0.00116705894470215,0.00055,0.000848054885864258,0.000514000000000001,0.00115299224853516,0.001125,0.0033249855041503906,0.00296
0.0011909008026123,0.000553,0.000853061676025391,0.000517999999999999,0.00113391876220703,0.0011,0.00332927703857422,0.0029699999999999996
Average,0.001175403594970702,0.0005527999999999998,0.0008528232574462891,0.0005141999999999998,0.0011425495147705078,0.0011094000000000002,0.003335094451904298,0.0029584
