LoadRulesRealTime,LoadRulesCPUTime,LoadFactsRealTime,LoadFactsCPUTime,QueryRealTime,QueryCPUTime,WriteRealTime,WriteCPUTime
0.00117611885070801,0.000550999999999999,0.00108194351196289,0.000357,0.000221014022827148,0.000190000000000001,0.001625061035156252,0.0012989999999999992
0.00115108489990234,0.000548,0.000636816024780273,0.000312,0.00020909309387207,0.000197000000000001,0.0016429424285888702,0.001309999999999999
0.00115013122558594,0.00055,0.000634908676147461,0.000317999999999999,0.000211000442504883,0.000199000000000001,0.0017211437225341769,0.001355999999999999
0.00118398666381836,0.000567,0.000666141510009766,0.000316,0.000208854675292969,0.000193,0.001669168472290041,0.001318
0.00116705894470215,0.000550999999999999,0.000633955001831055,0.000314,0.000211000442504883,0.000200000000000001,0.001641035079956057,0.001287999999999999
Average,0.00116567611694336,0.0005533999999999997,0.0007307529449462891,0.00032339999999999984,0.00021219253540039057,0.0001958000000000008,0.0016598701477050794,0.0013141999999999993
