LoadRulesRealTime,LoadRulesCPUTime,LoadFactsRealTime,LoadFactsCPUTime,QueryRealTime,QueryCPUTime,WriteRealTime,WriteCPUTime
0.000915050506591797,0.000538,0.000789165496826172,0.000343,0.000173807144165039,0.000169000000000001,0.001577138900756841,0.001351999999999999
0.000905990600585938,0.000543,0.000500202178955078,0.000312,0.000176906585693359,0.000172,0.0015530586242675812,0.001352
0.000892877578735352,0.000538,0.000505208969116211,0.000312,0.000176906585693359,0.000171000000000001,0.001564979553222661,0.001362999999999999
0.000918149948120117,0.000543,0.00049591064453125,0.000319,0.000180959701538086,0.000172,0.0015871524810791042,0.0013449999999999998
0.000906944274902344,0.000539,0.000513076782226562,0.000312999999999999,0.000175952911376953,0.000171000000000001,0.001599073410034177,0.001378999999999999
Average,0.0009078025817871096,0.0005402,0.0005607128143310546,0.0003197999999999998,0.00017690658569335919,0.00017100000000000063,0.0015762805938720728,0.0013581999999999993
