LoadRulesRealTime,LoadRulesCPUTime,LoadFactsRealTime,LoadFactsCPUTime,QueryRealTime,QueryCPUTime,WriteRealTime,WriteCPUTime
0.0011899471282959,0.000549000000000001,0.0012199878692627,0.000520999999999999,0.000452041625976562,0.000426000000000001,0.003307819366455078,0.002939999999999999
0.00115799903869629,0.000553999999999999,0.00085902214050293,0.000515000000000002,0.000458002090454102,0.000428,0.003355979919433598,0.002994
0.00114607810974121,0.000547000000000001,0.000869989395141602,0.000531,0.000450849533081055,0.000427,0.0033171176910400347,0.00297
0.00120997428894043,0.000578,0.000885009765625,0.000529999999999999,0.000463962554931641,0.000435,0.003309011459350589,0.002969
0.00117707252502441,0.000544000000000001,0.00084686279296875,0.000508999999999999,0.000471115112304688,0.000428000000000001,0.003315925598144532,0.002968999999999999
Average,0.001176214218139648,0.0005544000000000004,0.0009361743927001964,0.0005211999999999998,0.00045919418334960965,0.00042880000000000045,0.0033211708068847665,0.0029683999999999995
