LoadRulesRealTime,LoadRulesCPUTime,LoadFactsRealTime,LoadFactsCPUTime,QueryRealTime,QueryCPUTime,WriteRealTime,WriteCPUTime
0.00373697280883789,0.003736,0.00391793251037598,0.00392,0.000564098358154297,0.000563000000000001,0.052818775177001905,0.052794
0.00368809700012207,0.00362299999999999,0.00355792045593262,0.00355900000000001,0.000498056411743164,0.000497999999999998,0.056497812271118136,0.056412000000000004
0.00393915176391602,0.00391,0.00380992889404297,0.00381099999999999,0.00052189826965332,0.000521000000000001,0.05422115325927738,0.051914
Average,0.0037880738576253265,0.0037563333333333303,0.0037619272867838566,0.0037633333333333334,0.0005280176798502603,0.0005273333333333333,0.054512580235799135,0.05370666666666666
