LoadRulesRealTime,LoadRulesCPUTime,LoadFactsRealTime,LoadFactsCPUTime,QueryRealTime,QueryCPUTime,WriteRealTime,WriteCPUTime
0.00125503540039062,0.000571,0.000577926635742188,0.000226000000000001,0.000190973281860352,0.000179,0.0009028911590576181,0.000574
0.00117993354797363,0.000559,0.000532865524291992,0.000219,0.00018310546875,0.000177,0.0009148120880127001,0.000602
0.0011601448059082,0.000548,0.000528812408447266,0.000215,0.00018310546875,0.000176000000000001,0.0009379386901855499,0.000606999999999998
0.00115299224853516,0.000550999999999999,0.000531911849975586,0.000217,0.000188112258911133,0.000180999999999999,0.000915765762329097,0.000612
0.0011751651763916,0.00055,0.000535964965820312,0.000220999999999999,0.000182867050170898,0.000174000000000001,0.000923156738281252,0.000592999999999999
Average,0.001184654235839842,0.0005557999999999997,0.0005414962768554688,0.0002196,0.0001856327056884766,0.0001774000000000002,0.0009189128875732434,0.0005975999999999993
