LoadRulesRealTime,LoadRulesCPUTime,LoadFactsRealTime,LoadFactsCPUTime,QueryRealTime,QueryCPUTime,WriteRealTime,WriteCPUTime
0.00118398666381836,0.000546,0.000864982604980469,0.000512,0.000456094741821289,0.000427,0.0033829212188720707,0.003039
0.00114703178405762,0.000543999999999999,0.00085902214050293,0.000517,0.000460147857666016,0.000429000000000001,0.0034868717193603537,0.003130999999999999
0.00152587890625,0.000550999999999999,0.000872135162353516,0.000525000000000001,0.000464916229248047,0.000428999999999999,0.003393173217773433,0.003066000000000001
0.00116086006164551,0.000550999999999999,0.000851154327392578,0.000512,0.000452995300292969,0.000425,0.0034241676330566406,0.003064
0.00116395950317383,0.000548,0.000871896743774414,0.00052,0.00047612190246582,0.000435,0.0034270286560058602,0.00308
Average,0.0012363433837890639,0.0005479999999999993,0.0008638381958007814,0.0005172000000000002,0.00046205520629882823,0.000429,0.003422832489013672,0.0030759999999999997
