LoadRulesRealTime,LoadRulesCPUTime,LoadFactsRealTime,LoadFactsCPUTime,QueryRealTime,QueryCPUTime,WriteRealTime,WriteCPUTime
0.000926971435546875,0.000541999999999999,0.00077509880065918,0.00034,0.000184774398803711,0.000176000000000001,0.0015680789947509792,0.001356999999999999
0.000903844833374023,0.000545,0.000500202178955078,0.000312,0.000178813934326172,0.000173999999999999,0.001562118530273438,0.001352000000000001
0.000916004180908203,0.000547000000000001,0.000499963760375977,0.000314,0.000175952911376953,0.00017,0.001558065414428707,0.001335
0.00092005729675293,0.000539999999999999,0.000510931015014648,0.000321,0.00018310546875,0.000175,0.00169181823730469,0.001452
0.000924110412597656,0.000542999999999998,0.000502109527587891,0.000315000000000001,0.000175952911376953,0.000170999999999999,0.001586198806762697,0.001339000000000001
Average,0.0009181976318359375,0.0005433999999999993,0.0005576610565185548,0.0003204000000000002,0.0001797199249267578,0.00017319999999999982,0.0015932559967041023,0.0013670000000000002
