LoadRulesRealTime,LoadRulesCPUTime,LoadFactsRealTime,LoadFactsCPUTime,QueryRealTime,QueryCPUTime,WriteRealTime,WriteCPUTime
0.00428199768066406,0.004281,0.00282001495361328,0.002791,0.000295162200927734,0.000295000000000004,0.028717994689941365,0.028706999999999996
0.00347781181335449,0.003477,0.00216412544250488,0.002165,0.000235080718994141,0.000233999999999998,0.02274894714355466,0.012659000000000002
Average,0.0038799047470092747,0.003879,0.0024920701980590803,0.002478,0.0002651214599609375,0.000264500000000001,0.025733470916748012,0.020683
