CreateTableRealTime,CreateTableCPUTime,LoadDataRealTime,LoadDataCPUTime,CreateIndexRealTime,CreateIndexCPUTime,AnalyzeRealTime,AnalyzeCPUTime,ExecuteQueryRealTime,ExecuteQueryCPUTime,WriteResultRealTime,WriteResultCPUTime
0.025880166969727725,6.999999999995898e-05,0.4128482920350507,0.00023900000000004473,0.5601455830037594,0.00026599999999998847,0.18344729102682322,0.00019900000000000473,1.4768326670164242,0.00015799999999999148,0.36581399996066466,0.00014799999999998148
0.01935854199109599,8.799999999997699e-05,0.3939763749949634,0.00030599999999997296,0.5439567919820547,0.00026399999999998647,0.16653516702353954,0.00015700000000001824,1.5035448330454528,0.00021100000000001673,0.37098408298334107,0.0002489999999999992
0.02524729201104492,5.100000000002325e-05,0.3970343340188265,0.00025799999999998047,0.5353534999885596,0.00016399999999999748,0.20209674997022375,9.599999999998499e-05,1.5326720000011846,0.00014399999999997748,0.3703045419533737,0.0003029999999999977
0.016959917033091187,5.500000000002725e-05,0.40956595801981166,0.00023700000000004273,0.5949951250222512,0.0003270000000000217,0.18694695900194347,0.00016800000000000148,1.5099262080038898,0.00019299999999999873,0.3764758750330657,0.00021099999999996122
0.02450075000524521,5.099999999996774e-05,0.43251279200194404,0.00028400000000000647,0.5764795420109294,0.0002670000000000172,0.18221583403646946,0.00019299999999999873,1.5116330409655347,0.00023600000000001398,0.37866120896069333,0.0003690000000000082
Average,0.022389333602041005,6.299999999999084e-05,0.40918755021411923,0.00026480000000000947,0.5621861084015108,0.00025760000000000225,0.1842484002117999,0.00016260000000000162,1.5069217498064973,0.00018839999999999967,0.3724479417782277,0.0002559999999999896
