CreateTableRealTime,CreateTableCPUTime,LoadDataRealTime,LoadDataCPUTime,CreateIndexRealTime,CreateIndexCPUTime,AnalyzeRealTime,AnalyzeCPUTime,ExecuteQueryRealTime,ExecuteQueryCPUTime,WriteResultRealTime,WriteResultCPUTime
0.016774723999787966,0.00017330000000004286,0.35409948699998495,0.00021290000000001585,0.6154912450001575,0.00018879999999998898,0.17679804099998364,0.00014779999999997573,0.8219072839997352,0.00016359999999998598,0.09983096299993122,0.00019979999999997222
0.0190332209999724,0.00019089999999999385,0.3544071950000216,0.00018340000000005574,0.6463704090001556,0.00036250000000004334,0.19265837800003283,0.00014199999999997548,0.6779036940001788,0.00014230000000003962,0.09467869399986739,0.00016939999999998623
Average,0.017903972499880183,0.00018210000000001836,0.3542533410000033,0.0001981500000000358,0.6309308270001566,0.00027565000000001616,0.18472820950000823,0.0001448999999999756,0.749905488999957,0.0001529500000000128,0.0972548284998993,0.00018459999999997923
