CreateTableRealTime,CreateTableCPUTime,LoadDataRealTime,LoadDataCPUTime,CreateIndexRealTime,CreateIndexCPUTime,AnalyzeRealTime,AnalyzeCPUTime,ExecuteQueryRealTime,ExecuteQueryCPUTime,WriteResultRealTime,WriteResultCPUTime
0.009999997913837433,0.0,0.33000000566244125,0.0,0.5900000035762787,0.0,0.17999999970197678,0.0,1.1099999994039536,0.0,0.2199999988079071,0.0
0.04999999701976776,0.0,0.4299999997019768,0.0,0.6000000014901161,0.0,0.1900000050663948,0.0,1.0299999937415123,0.0,0.1900000050663948,0.0
0.019999995827674866,0.0,0.3500000014901161,0.0,0.5899999961256981,0.010000000000000009,0.17999999970197678,0.0,0.9900000020861626,0.0,0.21000000089406967,0.0
Average,0.026666663587093353,0.0,0.3700000022848447,0.0,0.5933333337306976,0.003333333333333336,0.18333333482344946,0.0,1.0433333317438762,0.0,0.20666666825612387,0.0
