CreateTableRealTime,CreateTableCPUTime,LoadDataRealTime,LoadDataCPUTime,CreateIndexRealTime,CreateIndexCPUTime,AnalyzeRealTime,AnalyzeCPUTime,ExecuteQueryRealTime,ExecuteQueryCPUTime,WriteResultRealTime,WriteResultCPUTime
0.016021961999740597,0.0001510999999999596,0.33969407399990814,0.00021840000000000748,0.6480091429998538,0.00019599999999997397,0.1767363200001455,0.00013920000000000599,0.5653498659999059,0.00015060000000000073,0.08607703099960418,0.0002223000000000086
0.014350766999996267,0.00012159999999999949,0.305166884999835,0.00016289999999996585,0.6319472619998123,0.00018719999999999848,0.17995940399987376,0.00013720000000000399,0.6114677099999426,0.00017210000000000836,0.12392372299973431,0.0002107000000000081
Average,0.015186364499868432,0.00013634999999997954,0.3224304794998716,0.00019064999999998666,0.6399782024998331,0.00019159999999998623,0.17834786200000963,0.00013820000000000499,0.5884087879999242,0.00016135000000000455,0.10500037699966924,0.00021650000000000835
