CreateTableRealTime,CreateTableCPUTime,LoadDataRealTime,LoadDataCPUTime,CreateIndexRealTime,CreateIndexCPUTime,AnalyzeRealTime,AnalyzeCPUTime,ExecuteQueryRealTime,ExecuteQueryCPUTime,WriteResultRealTime,WriteResultCPUTime
0.020000003278255463,0.0,0.3099999949336052,0.0,0.5700000002980232,0.0,0.20000000298023224,0.0,0.8599999994039536,0.0,0.12999999523162842,0.0
0.020000003278255463,0.0,0.29999999701976776,0.0,0.5500000044703484,0.0,0.17999999970197678,0.0,0.8999999985098839,0.0,0.14000000059604645,0.0
0.009999997913837433,0.0,0.3200000002980232,0.0,0.630000002682209,0.0,0.21000000089406967,0.0,0.9099999964237213,0.0,0.14000000059604645,0.0
Average,0.016666668156782787,0.0,0.3099999974171321,0.0,0.5833333358168602,0.0,0.19666666785875955,0.0,0.8899999981125196,0.0,0.13666666547457376,0.0
