CreateTableRealTime,CreateTableCPUTime,LoadDataRealTime,LoadDataCPUTime,CreateIndexRealTime,CreateIndexCPUTime,AnalyzeRealTime,AnalyzeCPUTime,ExecuteQueryRealTime,ExecuteQueryCPUTime,WriteResultRealTime,WriteResultCPUTime
0.02153318799992121,0.00014880000000000448,0.36422480299961535,0.0002158999999999911,0.8374269149999236,0.0003701999999999872,0.2357238109998434,0.0001546999999999521,0.63136828100005,0.0001956000000000735,0.06166930400013371,0.00019849999999999035
0.022454534999724274,0.00016490000000002336,0.36899679699990884,0.00021460000000000923,0.7418801559997519,0.0002090999999999621,0.2956902240002819,0.00020500000000001073,1.001424536000286,0.00020339999999996472,0.09473727699969459,0.00022849999999996484
Average,0.021993861499822742,0.00015685000000001392,0.3666107999997621,0.00021525000000000016,0.7896535354998377,0.00028964999999997465,0.26570701750006265,0.00017984999999998141,0.816396408500168,0.0001995000000000191,0.07820329049991415,0.0002134999999999776
