CreateTableRealTime,CreateTableCPUTime,LoadDataRealTime,LoadDataCPUTime,CreateIndexRealTime,CreateIndexCPUTime,AnalyzeRealTime,AnalyzeCPUTime,ExecuteQueryRealTime,ExecuteQueryCPUTime,WriteResultRealTime,WriteResultCPUTime
0.017357411999910255,0.00015999999999999348,0.29745317600009,0.0001906999999999881,0.6404622829995787,0.0003074000000000132,0.20610703499960437,0.00016969999999999485,0.3489104669997687,0.00019279999999999298,0.029071665000174107,0.0002134999999999776
0.01757193000003099,0.00017420000000001323,0.32732329800001025,0.00018580000000001373,0.6463885400003164,0.00022769999999999735,0.18427178599995386,0.00014210000000003387,0.30842733500003305,0.0001487000000000016,0.027065570000104344,0.00018089999999998385
Average,0.017464670999970622,0.00016710000000000336,0.31238823700005014,0.00018825000000000092,0.6434254114999476,0.0002675500000000053,0.19518941049977911,0.00015590000000001436,0.32866890099990087,0.0001707499999999973,0.028068617500139226,0.00019719999999998072
