CreateTableRealTime,CreateTableCPUTime,LoadDataRealTime,LoadDataCPUTime,CreateIndexRealTime,CreateIndexCPUTime,AnalyzeRealTime,AnalyzeCPUTime,ExecuteQueryRealTime,ExecuteQueryCPUTime,WriteResultRealTime,WriteResultCPUTime
0.017934962000254018,0.00025449999999999084,0.3715156910002406,0.00023860000000003323,0.6595080029997007,0.00017210000000000836,0.2043762630000856,0.00015019999999998923,0.8845033819998207,0.00017239999999996147,0.13834897600008844,0.0001578999999999886
0.020290853999995306,0.00016689999999996985,0.3497080749998531,0.00021890000000002185,0.6287286629999471,0.00023159999999999847,0.1895981509997,0.0001255000000000006,0.7954841410000881,0.00014120000000000799,0.12595864000013535,0.00018079999999998098
Average,0.019112908000124662,0.00021069999999998035,0.3606118830000469,0.00022875000000002754,0.6441183329998239,0.00020185000000000342,0.1969872069998928,0.00013784999999999492,0.8399937614999544,0.00015679999999998473,0.1321538080001119,0.0001693499999999848
