CreateTableRealTime,CreateTableCPUTime,LoadDataRealTime,LoadDataCPUTime,CreateIndexRealTime,CreateIndexCPUTime,AnalyzeRealTime,AnalyzeCPUTime,ExecuteQueryRealTime,ExecuteQueryCPUTime,WriteResultRealTime,WriteResultCPUTime
0.030000001192092896,0.0,0.3100000023841858,0.0,0.6599999964237213,0.0,0.20000000298023224,0.0,0.5399999991059303,0.0,0.07000000029802322,0.0
0.01000000536441803,0.0,0.3400000035762787,0.0,0.6099999994039536,0.0,0.16999999433755875,0.0,0.4700000062584877,0.0,0.059999994933605194,0.0
0.019999995827674866,0.0,0.29999999701976776,0.0,0.5900000035762787,0.0,0.16999999433755875,0.0,0.49000000208616257,0.0,0.06000000238418579,0.0
Average,0.020000000794728596,0.0,0.3166666676600774,0.0,0.6199999998013178,0.0,0.17999999721844992,0.0,0.5000000024835268,0.0,0.06333333253860474,0.0
