CreateTableRealTime,CreateTableCPUTime,LoadDataRealTime,LoadDataCPUTime,CreateIndexRealTime,CreateIndexCPUTime,AnalyzeRealTime,AnalyzeCPUTime,ExecuteQueryRealTime,ExecuteQueryCPUTime,WriteResultRealTime,WriteResultCPUTime
0.02142775000538677,5.1999999999996493e-05,0.3346051250118762,0.00024299999999999322,0.5956775840022601,0.00024400000000002198,0.15915224998025224,0.00022199999999999998,0.5201809580321424,0.00017400000000000748,0.09671620797598734,0.00023000000000000798
0.021073499985504895,7.40000000000185e-05,0.33327916596317664,0.00026199999999998447,0.5682141669676639,0.0003049999999999997,0.18065679201390594,0.00021600000000004949,0.5405610839952715,0.00017200000000000548,0.1068375839968212,0.00025199999999997447
0.020897458016406745,7.20000000000165e-05,0.33610154199413955,0.00032200000000004447,0.5612662080093287,0.00034200000000000896,0.17919229198014364,0.0002689999999999637,0.5725595419644378,0.00015999999999999348,0.10359179199440405,0.00027199999999999447
0.021346084016840905,0.00010799999999999699,0.27739479194860905,0.00014799999999998148,0.5854974579997361,0.00027800000000000047,0.17372775002149865,0.00022899999999997922,0.552005207980983,0.00018499999999999073,0.10279312502825633,0.00019800000000003148
0.01922158303204924,7.399999999996298e-05,0.33092595799826086,0.00034400000000001096,0.5733572500175796,0.0003029999999999977,0.1793707920005545,0.00024200000000001998,0.5888782499823719,0.00022700000000003273,0.1067065839888528,0.00031799999999998496
Average,0.020793275011237712,7.59999999999983e-05,0.3224613165832125,0.00026380000000000294,0.5768025333993136,0.00029440000000000575,0.174419975199271,0.00023560000000000247,0.5548370083910413,0.00018360000000000598,0.10332905859686434,0.0002539999999999987
