CreateTableRealTime,CreateTableCPUTime,LoadDataRealTime,LoadDataCPUTime,CreateIndexRealTime,CreateIndexCPUTime,AnalyzeRealTime,AnalyzeCPUTime,ExecuteQueryRealTime,ExecuteQueryCPUTime,WriteResultRealTime,WriteResultCPUTime
0.018223167047835886,6.80000000000125e-05,0.27067187504144385,0.00038199999999999346,0.5665165829705074,0.00047200000000002795,0.17351849999977276,0.00015900000000002024,0.22006675001466647,0.000250000000000028,0.019332582945935428,0.0003410000000000357
0.01648058299906552,5.1999999999996493e-05,0.28055204200791195,0.0003349999999999742,0.5730684170266613,0.00030000000000002247,0.1697808330063708,0.00019299999999999873,0.20325908297672868,0.00016300000000002424,0.018330374965444207,0.00026999999999999247
0.02528112498112023,7.999999999996898e-05,0.25399020803160965,0.00029799999999996496,0.5198725829832256,0.00036200000000002897,0.18113937502494082,0.00021199999999998997,0.2211280000046827,0.00017599999999995397,0.018397917039692402,0.0002910000000000412
0.019161832984536886,7.00000000000145e-05,0.29108483402524143,0.00040600000000001746,0.5648299159947783,0.00034400000000001096,0.1670747089665383,0.0002629999999999577,0.20509858400328085,0.00017699999999998273,0.019415374961681664,0.0002669999999999617
0.01621133298613131,7.499999999999174e-05,0.27513958397321403,0.00044600000000000195,0.5606246670358814,0.00044199999999999795,0.16728941700421274,0.00033800000000000496,0.2274718330008909,0.0003150000000000097,0.015929165994748473,0.00042600000000003746
Average,0.019071608199737966,6.899999999999684e-05,0.2742877086158842,0.00037339999999999043,0.5569824332022109,0.0003840000000000177,0.17176056680036708,0.00023299999999999433,0.2154048500000499,0.00021619999999999973,0.018281083181500436,0.0003190000000000137
