CreateTableRealTime,CreateTableCPUTime,LoadDataRealTime,LoadDataCPUTime,CreateIndexRealTime,CreateIndexCPUTime,AnalyzeRealTime,AnalyzeCPUTime,ExecuteQueryRealTime,ExecuteQueryCPUTime,WriteResultRealTime,WriteResultCPUTime
0.02669395797420293,7.60000000000205e-05,0.3413430420332588,0.00015599999999998948,0.5518897500005551,0.0002749999999999697,0.17342529201414436,0.00018200000000001548,1.0627694160211831,0.00014700000000000824,0.24165137496311218,0.00022699999999997722
0.023176082991994917,0.00010999999999999899,0.36814712500199676,0.0002690000000000192,0.5692564170458354,0.0004269999999999552,0.18563487502979115,0.00019400000000002748,1.0312890420318581,0.00016800000000000148,0.268628166988492,0.00018200000000001548
0.025392416981048882,9.799999999998699e-05,0.3813222920289263,0.0003029999999999977,0.597190666012466,0.00029399999999996096,0.1712191669503227,0.00018099999999998673,1.0520222080522217,0.00013499999999999623,0.24428849999094382,0.00020300000000000873
0.02331362501718104,5.0000000000050004e-05,0.3750915839918889,0.0002449999999999952,0.5477843750268221,0.0003630000000000022,0.17138324998086318,0.0002750000000000252,1.0266053749946877,0.00022899999999997922,0.23936033400241286,0.0003009999999999957
0.014943625021260232,6.099999999997774e-05,0.3329804579843767,0.00021399999999999197,0.5545054579852149,0.0002449999999999952,0.1697188329999335,9.999999999998899e-05,1.0757394999964163,0.00011200000000000099,0.23756779095856473,0.00017099999999997673
Average,0.0227039415971376,7.900000000000684e-05,0.3597769002080895,0.00023739999999999872,0.5641253332141787,0.0003207999999999767,0.17427628339501097,0.00018640000000000879,1.0496851082192733,0.00015819999999999723,0.2462992333807051,0.00021679999999999478
