CreateTableRealTime,CreateTableCPUTime,LoadDataRealTime,LoadDataCPUTime,CreateIndexRealTime,CreateIndexCPUTime,AnalyzeRealTime,AnalyzeCPUTime,ExecuteQueryRealTime,ExecuteQueryCPUTime,WriteResultRealTime,WriteResultCPUTime
0.020000003278255463,0.0,0.29999999701976776,0.0,0.619999997317791,0.0,0.17999999970197678,0.0,0.8200000002980232,0.0,0.13000000268220901,0.0
0.020000003278255463,0.0,0.3499999940395355,0.0,0.6099999994039536,0.0,0.17000000178813934,0.0,0.8000000044703484,0.0,0.12999999523162842,0.0
0.020000003278255463,0.0,0.380000002682209,0.0,0.619999997317791,0.0,0.17999999970197678,0.0,0.880000002682209,0.0,0.12999999523162842,0.0
Average,0.020000003278255463,0.0,0.34333333124717075,0.0,0.6166666646798452,0.0,0.17666666706403097,0.0,0.8333333358168602,0.0,0.12999999771515527,0.0
