CreateTableRealTime,CreateTableCPUTime,LoadDataRealTime,LoadDataCPUTime,CreateIndexRealTime,CreateIndexCPUTime,AnalyzeRealTime,AnalyzeCPUTime,ExecuteQueryRealTime,ExecuteQueryCPUTime,WriteResultRealTime,WriteResultCPUTime
0.020000003278255463,0.0,0.28999999910593033,0.0,1.0900000035762787,0.0,0.26999999582767487,0.0,0.5500000044703484,0.0,0.059999994933605194,0.0
0.009999997913837433,0.0,0.3099999949336052,0.0,0.6200000047683716,0.0,0.17999999970197678,0.02000000000000001,0.47999999672174454,0.0,0.03999999910593033,0.0
0.020000003278255463,0.0,0.3200000002980232,0.0,0.6600000038743019,0.0,0.25,0.0,0.47999999672174454,0.0,0.030000001192092896,0.0
Average,0.016666668156782787,0.0,0.30666666477918625,0.0,0.7900000040729841,0.0,0.23333333184321722,0.0066666666666666706,0.5033333326379458,0.0,0.04333333174387614,0.0
