CreateTableRealTime,CreateTableCPUTime,LoadDataRealTime,LoadDataCPUTime,CreateIndexRealTime,CreateIndexCPUTime,AnalyzeRealTime,AnalyzeCPUTime,ExecuteQueryRealTime,ExecuteQueryCPUTime,WriteResultRealTime,WriteResultCPUTime
0.030000001192092896,0.02000000000000001,0.369999997317791,0.0,0.760000005364418,0.0,0.2199999988079071,0.0,0.35999999940395355,0.0,0.030000001192092896,0.0
0.020000003278255463,0.0,0.39000000059604645,0.0,0.760000005364418,0.0,0.21000000089406967,0.0,0.3399999961256981,0.0,0.13000000268220901,0.0
0.4299999997019768,0.0,1.0099999979138374,0.0,0.8200000002980232,0.0,0.2199999988079071,0.0,0.35999999940395355,0.0,0.030000001192092896,0.0
Average,0.16000000139077505,0.0066666666666666706,0.5899999986092249,0.0,0.7800000036756197,0.0,0.2166666661699613,0.0,0.35333333164453506,0.0,0.0633333350221316,0.0
