CreateTableRealTime,CreateTableCPUTime,LoadDataRealTime,LoadDataCPUTime,CreateIndexRealTime,CreateIndexCPUTime,AnalyzeRealTime,AnalyzeCPUTime,ExecuteQueryRealTime,ExecuteQueryCPUTime,WriteResultRealTime,WriteResultCPUTime
0.022907542006578296,4.199999999998649e-05,0.35471383400727063,0.00020199999999997997,0.5687529999995604,0.00035600000000002296,0.18096425000112504,0.00020999999999998797,1.2692227499792352,0.00020200000000003548,0.30857416696380824,0.0003190000000000137
0.02178779197856784,6.799999999995698e-05,0.4001327500445768,0.00029000000000001247,0.5306136250146665,0.00016699999999997273,0.16940920799970627,0.00017699999999998273,1.2643003750126809,0.00017600000000000948,0.3059841249487363,0.0003090000000000037
0.028278416022658348,7.099999999998774e-05,0.374944833049085,0.00022300000000002873,0.5564718749956228,0.00024200000000001998,0.1774438749998808,0.00020100000000000673,1.2102694589993916,9.599999999998499e-05,0.29722300003049895,0.00020900000000001473
0.023064040986355394,7.40000000000185e-05,0.3780727499979548,0.00022800000000000598,0.554162084008567,0.0002610000000000112,0.17776270798640326,0.00014999999999998348,1.2349108339985833,0.000160000000000049,0.3017392909969203,0.00014700000000000824
0.015469708014279604,6.499999999998174e-05,0.35980720905354246,0.0002770000000000272,0.5462686659884639,0.00031399999999998096,0.16837141703581437,0.00017499999999998073,1.2585360840312205,0.00018499999999999073,0.3090056660003029,0.00033600000000000296
Average,0.022301499801687896,6.39999999999863e-05,0.37353427523048593,0.00024400000000001086,0.5512538500013762,0.0002680000000000016,0.17479029160458595,0.00018259999999998834,1.2474479004042223,0.00016380000000001393,0.3045052497880533,0.0002640000000000087
