CreateTableRealTime,CreateTableCPUTime,LoadDataRealTime,LoadDataCPUTime,CreateIndexRealTime,CreateIndexCPUTime,AnalyzeRealTime,AnalyzeCPUTime,ExecuteQueryRealTime,ExecuteQueryCPUTime,WriteResultRealTime,WriteResultCPUTime
0.019999995827674866,0.0,0.3499999940395355,0.0,0.7400000020861626,0.0,0.23000000417232513,0.0,0.4699999988079071,0.0,0.04999999701976776,0.0
0.1599999964237213,0.0,0.9200000017881393,0.0,0.9099999964237213,0.0,0.2800000011920929,0.0,0.5500000044703484,0.0,0.03999999910593033,0.0
0.030000001192092896,0.0,0.4100000038743019,0.0,0.9499999955296516,0.0,0.21000000089406967,0.0,0.48000000417232513,0.0,0.03999999910593033,0.0
Average,0.06999999781449635,0.0,0.559999999900659,0.0,0.8666666646798452,0.0,0.24000000208616257,0.0,0.5000000024835268,0.0,0.04333333174387614,0.0
