ElapsedTime,CPUTime
0.10000014305114746,0.04000000000000001
0.10000014305114746,0.04000000000000001
0.10000014305114746,0.05
0.09999990463256836,0.04000000000000001
0.09999990463256836,0.05
0.1099998950958252,0.04
0.12999987602233887,0.05
0.09999990463256836,0.05
0.09999990463256836,0.05
0.09999990463256836,0.04000000000000001
Average,0.10399997234344482,0.045
