LoadRulesRealTime,LoadRulesCPUTime,LoadFactsRealTime,LoadFactsCPUTime,QueryRealTime,QueryCPUTime,WriteRealTime,WriteCPUTime
0.00340914726257324,0.003368,0.00687098503112793,0.006169,0.000173807144165039,0.000171999999999999,0.01637911796569826,0.013277
0.00409579277038574,0.004096,0.0073540210723877,0.007355,0.000203132629394531,0.000202000000000008,0.01855993270874027,0.018156999999999993
0.00360512733459473,0.003568,0.00643682479858398,0.006439,0.000197172164916992,0.000195000000000001,0.020581960678100607,0.020475999999999998
Average,0.00370335578918457,0.0036773333333333332,0.006887276967366536,0.006654333333333334,0.000191370646158854,0.00018966666666666936,0.018507003784179712,0.017303333333333327
