LoadRulesRealTime,LoadRulesCPUTime,LoadFactsRealTime,LoadFactsCPUTime,QueryRealTime,QueryCPUTime,WriteRealTime,WriteCPUTime
0.00117611885070801,0.000553,0.0061497688293457,0.00495,0.000820159912109375,0.000777,0.005275726318359375,0.004894
0.00116610527038574,0.000551000000000001,0.00554490089416504,0.004906,0.000807046890258789,0.000765999999999999,0.007352113723754881,0.004864
0.00115609169006348,0.000550999999999999,0.00547099113464355,0.004843,0.000818014144897461,0.000778000000000001,0.005356788635253909,0.004949999999999999
0.00115799903869629,0.000546,0.00556516647338867,0.004919,0.000856876373291016,0.000801,0.006338119506835934,0.0049900000000000005
0.00120282173156738,0.000550999999999999,0.00559401512145996,0.004942,0.000802993774414062,0.000766000000000003,0.005398035049438478,0.004951999999999997
Average,0.0011718273162841801,0.0005503999999999997,0.005664968490600585,0.004912,0.0008210182189941406,0.0007776000000000007,0.005944156646728515,0.0049299999999999995
