LoadRulesRealTime,LoadRulesCPUTime,LoadFactsRealTime,LoadFactsCPUTime,QueryRealTime,QueryCPUTime,WriteRealTime,WriteCPUTime
0.00126099586486816,0.000581,0.00744795799255371,0.006667,0.00107598304748535,0.001015,0.007005929946899421,0.006516999999999999
0.00118398666381836,0.000558999999999999,0.00725793838500977,0.006539,0.0010380744934082,0.000982999999999998,0.00729703903198242,0.006474000000000002
0.0011749267578125,0.000555,0.00731015205383301,0.006574,0.00102591514587402,0.000971,0.00697827339172364,0.006580000000000001
0.00124788284301758,0.000574999999999999,0.00739812850952148,0.006668,0.00102496147155762,0.000969000000000001,0.00694894790649414,0.006548999999999999
0.00120306015014648,0.000555,0.00734496116638184,0.006559,0.00105690956115723,0.000985,0.007409095764160149,0.00662
Average,0.001214170455932616,0.0005649999999999996,0.0073518276214599625,0.0066014,0.001044368743896484,0.0009845999999999998,0.007127857208251954,0.006548000000000001
