LoadRulesRealTime,LoadRulesCPUTime,LoadFactsRealTime,LoadFactsCPUTime,QueryRealTime,QueryCPUTime,WriteRealTime,WriteCPUTime
0.00116205215454102,0.000548999999999999,0.00906109809875488,0.008203,0.0020139217376709,0.001955,0.0087502002716064,0.008271
0.00116205215454102,0.000548,0.0091397762298584,0.008321,0.00204110145568848,0.001977,0.00869989395141602,0.008207
0.00119400024414062,0.000553,0.00922608375549316,0.00831,0.00203704833984375,0.001983,0.00862383842468265,0.00818
0.00118303298950195,0.000558999999999999,0.00908184051513672,0.008265,0.00209712982177734,0.002036,0.008602857589721659,0.008187
0.0012049674987793,0.000552,0.00919008255004883,0.008253,0.00205802917480469,0.002003,0.00859594345092771,0.008111
Average,0.001181221008300782,0.0005521999999999997,0.009139776229858398,0.0082704,0.002049446105957032,0.0019908,0.008654546737670887,0.0081912
