LoadRulesRealTime,LoadRulesCPUTime,LoadFactsRealTime,LoadFactsCPUTime,QueryRealTime,QueryCPUTime,WriteRealTime,WriteCPUTime
0.00122189521789551,0.000612,0.171306133270264,0.162537,0.0216829776763916,0.020009,0.1591551303863524,0.156787
0.00101900100708008,0.000588,0.185905933380127,0.169517,0.023021936416626,0.020792,0.176059007644653,0.166455
0.00102901458740234,0.00059,0.189875841140747,0.168762,0.0222251415252686,0.020638,0.2024168968200684,0.174234
0.000917911529541016,0.000543999999999999,0.188005924224854,0.165153,0.0218141078948975,0.020149,0.18620800971984852,0.155442
0.00101208686828613,0.000593999999999999,0.184118032455444,0.170137,0.0226500034332275,0.020084,0.1592888832092285,0.15815700000000002
Average,0.0010399818420410152,0.0005855999999999997,0.1838423728942872,0.1672212,0.02227883338928224,0.020334400000000002,0.17662558555603017,0.162215
