LoadRulesRealTime,LoadRulesCPUTime,LoadFactsRealTime,LoadFactsCPUTime,QueryRealTime,QueryCPUTime,WriteRealTime,WriteCPUTime
0.00304102897644043,0.003041,0.0198180675506592,0.019818,0.000512838363647461,0.000511999999999999,0.06165003776550294,0.061618
0.00408101081848145,0.004042,0.0267999172210693,0.026797,0.000684022903442383,0.000682000000000002,0.07259202003479001,0.072593
Average,0.00356101989746094,0.0035414999999999995,0.02330899238586425,0.023307500000000002,0.0005984306335449221,0.0005970000000000005,0.06712102890014647,0.0671055
