LoadRulesRealTime,LoadRulesCPUTime,LoadFactsRealTime,LoadFactsCPUTime,QueryRealTime,QueryCPUTime,WriteRealTime,WriteCPUTime
0.00400495529174805,0.004004,0.0452899932861328,0.045282,0.00156307220458984,0.001564,0.12532782554626415,0.12534399999999998
0.00353789329528809,0.00353700000000001,0.038952112197876,0.038929,0.00120687484741211,0.001207,0.1156611442565919,0.115663
0.003662109375,0.00360199999999999,0.0426340103149414,0.042624,0.00127887725830078,0.00127899999999999,0.11706900596618622,0.11706100000000001
Average,0.00373498598734538,0.0037143333333333334,0.04229203859965006,0.042278333333333334,0.0013496081034342433,0.0013499999999999968,0.11935265858968076,0.119356
