LoadRulesRealTime,LoadRulesCPUTime,LoadFactsRealTime,LoadFactsCPUTime,QueryRealTime,QueryCPUTime,WriteRealTime,WriteCPUTime
0.00119686126708984,0.000565,0.00811100006103516,0.007299,0.00117802619934082,0.001104,0.00781893730163574,0.007368
0.00114703178405762,0.00055,0.00831198692321777,0.007442,0.00119900703430176,0.001134,0.007782936096191401,0.007350000000000001
0.00115513801574707,0.000544000000000001,0.00815486907958984,0.007369,0.00119209289550781,0.001127,0.00762391090393067,0.007193
0.00116300582885742,0.000548,0.00815510749816895,0.007393,0.00117087364196777,0.001116,0.00789999961853028,0.007405000000000001
0.00120878219604492,0.000567,0.00820302963256836,0.007402,0.00118398666381836,0.001116,0.007801055908203119,0.007366999999999999
Average,0.0011741638183593742,0.0005548000000000003,0.008187198638916015,0.007381,0.001184797286987304,0.0011194,0.007785367965698242,0.0073366
