LoadRulesRealTime,LoadRulesCPUTime,LoadFactsRealTime,LoadFactsCPUTime,QueryRealTime,QueryCPUTime,WriteRealTime,WriteCPUTime
0.00117802619934082,0.000548999999999999,0.00376796722412109,0.003248,0.000526189804077148,0.000493,0.003753662109375002,0.0034000000000000002
0.00116109848022461,0.000554000000000001,0.00377607345581055,0.00327,0.000524997711181641,0.000496,0.003760814666748049,0.003388
0.0011451244354248,0.000545,0.00378584861755371,0.003288,0.000540971755981445,0.000501999999999999,0.005740165710449214,0.003393000000000001
0.00116896629333496,0.000548999999999999,0.00385594367980957,0.003302,0.000527143478393555,0.000501999999999999,0.0037398338317871046,0.003392000000000001
0.00118303298950195,0.000552,0.00376510620117188,0.003224,0.000541925430297852,0.000508000000000002,0.003776073455810548,0.003404999999999998
Average,0.001167249679565428,0.0005497999999999998,0.00379018783569336,0.0032664,0.0005322456359863283,0.0005001999999999999,0.004154109954833984,0.0033956
