LoadRulesRealTime,LoadRulesCPUTime,LoadFactsRealTime,LoadFactsCPUTime,QueryRealTime,QueryCPUTime,WriteRealTime,WriteCPUTime
0.0011601448059082,0.000547000000000001,0.00384783744812012,0.003294,0.000533103942871094,0.000487999999999999,0.0037288665771484366,0.003371000000000001
0.00117087364196777,0.000548999999999999,0.00377798080444336,0.003268,0.000532150268554688,0.0005,0.003642797470092772,0.003294
0.0011601448059082,0.00055,0.00377798080444336,0.003276,0.000531911849975586,0.000506,0.003700017929077144,0.00336
0.00117993354797363,0.00056,0.00380516052246094,0.003274,0.000517845153808594,0.000491999999999999,0.0036952495574951163,0.0033030000000000012
0.00116109848022461,0.000549000000000001,0.00376987457275391,0.003231,0.000545024871826172,0.000517999999999998,0.0036110877990722682,0.003236000000000002
Average,0.0011664390563964821,0.0005510000000000003,0.003795766830444338,0.0032686,0.0005320072174072267,0.0005007999999999993,0.0036756038665771477,0.003312800000000001
