LoadRulesRealTime,LoadRulesCPUTime,LoadFactsRealTime,LoadFactsCPUTime,QueryRealTime,QueryCPUTime,WriteRealTime,WriteCPUTime
0.00116801261901855,0.000543999999999999,0.00551009178161621,0.004873,0.000771999359130859,0.000735,0.005537033081054691,0.005119
0.00117206573486328,0.000550999999999999,0.00558304786682129,0.004945,0.000782012939453125,0.000744000000000002,0.005548000335693355,0.005123999999999998
0.00116991996765137,0.00055,0.00548601150512695,0.004884,0.000771045684814453,0.000730999999999999,0.005493879318237307,0.005097000000000001
0.00119304656982422,0.000554000000000001,0.00551486015319824,0.004876,0.000780105590820312,0.000726000000000001,0.005523920059204098,0.005130999999999999
0.0011589527130127,0.000548,0.00551795959472656,0.004871,0.000809192657470703,0.000756000000000003,0.005473613739013677,0.005088999999999997
Average,0.0011723995208740242,0.0005493999999999998,0.0055223941802978495,0.0048898,0.0007828712463378905,0.000738400000000001,0.0055152893066406266,0.005111999999999999
