LoadRulesRealTime,LoadRulesCPUTime,LoadFactsRealTime,LoadFactsCPUTime,QueryRealTime,QueryCPUTime,WriteRealTime,WriteCPUTime
0.00116395950317383,0.000541999999999999,0.00380396842956543,0.003259,0.000832080841064453,0.000806999999999999,0.003827810287475587,0.003409000000000001
0.00115609169006348,0.000543,0.00379705429077148,0.003285,0.000833034515380859,0.000802999999999998,0.003753900527954101,0.0033770000000000015
0.00116300582885742,0.000549000000000001,0.00376200675964355,0.003251,0.000838041305541992,0.000806999999999999,0.0037050247192382778,0.003377000000000001
0.00118589401245117,0.000545,0.00386714935302734,0.003255,0.000828981399536133,0.000806999999999999,0.003775119781494137,0.0034110000000000013
0.00116682052612305,0.000545,0.00377202033996582,0.003242,0.000837087631225586,0.000805,0.0037260055541992144,0.0033549999999999995
Average,0.00116715431213379,0.0005448,0.0038004398345947237,0.0032584000000000003,0.0008338451385498045,0.0008057999999999991,0.0037575721740722634,0.0033858000000000004
