LoadRulesRealTime,LoadRulesCPUTime,LoadFactsRealTime,LoadFactsCPUTime,QueryRealTime,QueryCPUTime,WriteRealTime,WriteCPUTime
0.00324892997741699,0.003249,0.00577807426452637,0.005779,0.000154972076416016,0.000154000000000001,0.015647172927856483,0.015650999999999998
0.0039680004119873,0.003876,0.00622081756591797,0.006222,0.000164031982421875,0.000163000000000003,0.016772985458374023,0.015955999999999998
0.00361490249633789,0.003616,0.00616598129272461,0.006215,0.000309944152832031,0.000239000000000003,0.01696801185607907,0.016938999999999996
Average,0.0036106109619140603,0.0035803333333333334,0.006054957707722983,0.006072000000000001,0.000209649403889974,0.00018533333333333566,0.016462723414103195,0.016182
