LoadRulesRealTime,LoadRulesCPUTime,LoadFactsRealTime,LoadFactsCPUTime,QueryRealTime,QueryCPUTime,WriteRealTime,WriteCPUTime
0.000916004180908203,0.000542000000000001,0.00155901908874512,0.001296,0.000186920166015625,0.000180000000000001,0.001556158065795895,0.0013349999999999992
0.000911951065063477,0.000543,0.00154304504394531,0.001292,0.000190019607543945,0.000182,0.0015668869018554648,0.0013269999999999998
0.000911951065063477,0.000548,0.0014960765838623,0.001272,0.00019383430480957,0.000186,0.0015192031860351602,0.0013030000000000001
0.000916004180908203,0.000543,0.00153803825378418,0.0013,0.000185966491699219,0.000178000000000001,0.0015211105346679711,0.0012949999999999988
0.000933170318603516,0.000555999999999999,0.00153779983520508,0.001283,0.000193119049072266,0.000183999999999998,0.001524925231933594,0.001321000000000002
Average,0.0009178161621093752,0.0005464,0.0015347957611083977,0.0012886,0.000189971923828125,0.00018199999999999998,0.001537656784057617,0.0013161999999999998
