LoadRulesRealTime,LoadRulesCPUTime,LoadFactsRealTime,LoadFactsCPUTime,QueryRealTime,QueryCPUTime,WriteRealTime,WriteCPUTime
0.00134706497192383,0.000564,0.00898385047912598,0.008302,0.00109601020812988,0.001051,0.01044988632202152,0.010064
0.000961065292358398,0.000562999999999999,0.0089728832244873,0.008321,0.0011899471282959,0.001137,0.0105190277099609,0.01022
0.000916004180908203,0.000546,0.00900697708129883,0.008351,0.00111818313598633,0.00107,0.00982379913330077,0.009602
0.000966072082519531,0.000573000000000001,0.00941991806030273,0.008728,0.00117897987365723,0.001141,0.01029706001281737,0.010025000000000001
0.00098419189453125,0.000585,0.00960779190063477,0.008919,0.00116920471191406,0.001134,0.00948071479797364,0.009234000000000001
Average,0.0010348796844482425,0.0005662,0.009198284149169922,0.0085242,0.00115046501159668,0.0011066,0.010114097595214842,0.009829000000000001
