LoadRulesRealTime,LoadRulesCPUTime,LoadFactsRealTime,LoadFactsCPUTime,QueryRealTime,QueryCPUTime,WriteRealTime,WriteCPUTime
0.00157999992370605,0.000698999999999998,0.475013017654419,0.444681,0.0468251705169678,0.042075,0.36264276504516624,0.35698799999999997
0.000957965850830078,0.00056,0.454761981964111,0.434194,0.0465118885040283,0.043004,0.3723461627960207,0.356379
0.000992059707641602,0.000588,0.45403003692627,0.433729,0.0456271171569824,0.042835,0.36162900924682656,0.358074
0.000996112823486328,0.00059,0.458966016769409,0.432875,0.0481829643249512,0.043593,0.36181211471557584,0.358061
0.0010530948638916,0.000605999999999999,0.452597856521606,0.428254,0.047544002532959,0.042526,0.358863115310669,0.356759
Average,0.0011158466339111317,0.0006085999999999994,0.459073781967163,0.4347466,0.04693822860717774,0.0428066,0.3634586334228517,0.3572522
