LoadRulesRealTime,LoadRulesCPUTime,LoadFactsRealTime,LoadFactsCPUTime,QueryRealTime,QueryCPUTime,WriteRealTime,WriteCPUTime
0.00125503540039062,0.000598999999999999,0.00888991355895996,0.008157,0.00112605094909668,0.001082,0.01015686988830562,0.009836000000000001
0.000961065292358398,0.000557,0.00916290283203125,0.008418,0.00113916397094727,0.001097,0.01007866859436033,0.009711999999999998
0.00092005729675293,0.000546,0.00958609580993652,0.00891,0.00121688842773438,0.001183,0.00996923446655272,0.009699
0.00119614601135254,0.000699,0.00907206535339355,0.008373,0.00116086006164551,0.001128,0.01031923294067379,0.010015
0.00094914436340332,0.00056,0.00975489616394043,0.009044,0.00122404098510742,0.001182,0.010328054428100579,0.010058
Average,0.0010562896728515618,0.0005921999999999999,0.009293174743652342,0.008580399999999998,0.001173400878906252,0.0011344000000000003,0.01017041206359861,0.009864
