LoadRulesRealTime,LoadRulesCPUTime,LoadFactsRealTime,LoadFactsCPUTime,QueryRealTime,QueryCPUTime,WriteRealTime,WriteCPUTime
0.00123906135559082,0.000626000000000002,0.178055047988892,0.165879,0.0211670398712158,0.018964,0.1634058952331542,0.156941
0.000924110412597656,0.000550999999999999,0.17442798614502,0.165684,0.0205748081207275,0.018669,0.1590790748596195,0.158197
0.000962018966674805,0.000573000000000001,0.175710916519165,0.167229,0.0205790996551514,0.018958,0.15983009338378862,0.156389
0.000991106033325195,0.00059,0.178134918212891,0.169481,0.0198249816894531,0.01886,0.1594309806823729,0.158122
0.000916004180908203,0.000542000000000001,0.174702882766724,0.166003,0.0198261737823486,0.018674,0.1575918197631834,0.155553
Average,0.0010064601898193359,0.0005764000000000006,0.17620635032653842,0.1668552,0.02039442062377928,0.018825,0.1598675727844237,0.1570404
