LoadRulesRealTime,LoadRulesCPUTime,LoadFactsRealTime,LoadFactsCPUTime,QueryRealTime,QueryCPUTime,WriteRealTime,WriteCPUTime
0.00119304656982422,0.000563000000000001,0.00249290466308594,0.001597,0.000243902206420898,0.000226000000000001,0.002005100250244142,0.001660999999999999
0.00115799903869629,0.000553,0.00210690498352051,0.001683,0.000259160995483398,0.000244000000000001,0.002060890197753902,0.0017169999999999991
0.00118708610534668,0.00055,0.00209808349609375,0.001682,0.000255823135375977,0.000242999999999998,0.002017974853515623,0.001663000000000002
0.00119304656982422,0.000552,0.00211095809936523,0.001683,0.000260829925537109,0.000243,0.002026319503784181,0.001672
0.00122714042663574,0.000553000000000001,0.00211381912231445,0.001682,0.000255107879638672,0.000242000000000001,0.001986980438232418,0.0016599999999999991
Average,0.00119166374206543,0.0005542000000000005,0.0021845340728759758,0.0016653999999999998,0.00025496482849121074,0.00023960000000000024,0.002019453048706053,0.0016745999999999996
