LoadRulesRealTime,LoadRulesCPUTime,LoadFactsRealTime,LoadFactsCPUTime,QueryRealTime,QueryCPUTime,WriteRealTime,WriteCPUTime
0.00143814086914062,0.000678000000000002,0.675158977508545,0.644152,0.0646898746490479,0.059535,0.5005249977111812,0.493379
0.000998973846435547,0.000596999999999999,0.652868986129761,0.625726,0.0654060840606689,0.058933,0.5073409080505371,0.485927
0.000988960266113281,0.000593,0.694432973861694,0.626715,0.0629138946533203,0.058136,0.5029931068420407,0.49847099999999994
0.000921010971069336,0.000543999999999999,0.657449007034302,0.625416,0.0648479461669922,0.058616,0.48989105224609386,0.484673
0.00101995468139648,0.00059,0.650199174880981,0.622674,0.0633759498596191,0.0583389999999999,0.48881101608276395,0.4851540000000001
Average,0.0010734081268310527,0.0006004000000000001,0.6660218238830565,0.6289366,0.06424674987792968,0.05871179999999998,0.49791221618652337,0.48952080000000003
