LoadRulesRealTime,LoadRulesCPUTime,LoadFactsRealTime,LoadFactsCPUTime,QueryRealTime,QueryCPUTime,WriteRealTime,WriteCPUTime
0.00151586532592773,0.000657,1.67006921768188,1.608926,0.128395795822144,0.116166,0.997863292694096,0.992497
0.00122308731079102,0.000628999999999999,1.68867897987366,1.598195,0.131263017654419,0.120568,1.095942974090581,1.001782
0.00132012367248535,0.000645,1.66604590415955,1.59627,0.128604888916016,0.119505,1.0084872245788539,0.9997210000000001
0.00112795829772949,0.00065,1.64032196998596,1.583271,0.124491930007935,0.119495,1.055090188980105,1.002015
0.00105190277099609,0.000627000000000003,1.71674203872681,1.5619,0.132323980331421,0.119216,1.0092878341674791,0.9902470000000001
Average,0.001247787475585936,0.0006416000000000004,1.676371622085572,1.5897123999999998,0.129015922546387,0.11899,1.033334302902223,0.9972524
