LoadRulesRealTime,LoadRulesCPUTime,LoadFactsRealTime,LoadFactsCPUTime,QueryRealTime,QueryCPUTime,WriteRealTime,WriteCPUTime
0.00410890579223633,0.004097,0.0124561786651611,0.012456,0.000306844711303711,0.000307000000000002,0.03801822662353519,0.038016999999999995
0.0036308765411377,0.00360600000000001,0.0121731758117676,0.012173,0.000325918197631836,0.000326,0.03444194793701177,0.034435
Average,0.003869891166687015,0.003851500000000005,0.01231467723846435,0.012314499999999999,0.0003163814544677735,0.000316500000000001,0.03623008728027348,0.036225999999999994
