LoadRulesRealTime,LoadRulesCPUTime,LoadFactsRealTime,LoadFactsCPUTime,QueryRealTime,QueryCPUTime,WriteRealTime,WriteCPUTime
0.000919103622436523,0.000544000000000001,0.00367903709411621,0.003279,0.000573873519897461,0.000539999999999999,0.0036292076110839887,0.0033760000000000014
0.000909090042114258,0.000548,0.00360894203186035,0.003243,0.000552892684936523,0.000527000000000003,0.003615140914916997,0.0033839999999999973
0.000898838043212891,0.000540000000000001,0.00362014770507812,0.003251,0.000552892684936523,0.000527000000000003,0.003647089004516597,0.0034229999999999972
0.000919103622436523,0.000543,0.00364780426025391,0.003254,0.000591039657592773,0.000547000000000002,0.0036098957061767574,0.003346999999999998
0.00091099739074707,0.000542000000000001,0.003662109375,0.003278,0.00055694580078125,0.000529000000000002,0.0037088394165039097,0.0034409999999999974
Average,0.000911426544189453,0.0005434000000000006,0.0036436080932617182,0.003261,0.000565528869628906,0.0005340000000000018,0.00364203453063965,0.003394199999999998
