LoadRulesRealTime,LoadRulesCPUTime,LoadFactsRealTime,LoadFactsCPUTime,QueryRealTime,QueryCPUTime,WriteRealTime,WriteCPUTime
0.0037989616394043,0.003201,0.0454201698303223,0.045023,0.0018010139465332,0.00180100000000001,0.1321508884429928,0.130202
0.00324797630310059,0.001949,0.0428900718688965,0.042835,0.00180888175964355,0.00180900000000001,0.13227820396423345,0.132288
0.00408411026000977,0.004084,0.0518150329589844,0.051813,0.00209593772888184,0.002096,0.13587713241577115,0.13418400000000003
Average,0.0037103494008382198,0.0030779999999999996,0.04670842488606774,0.046556999999999994,0.0019019444783528634,0.0019020000000000068,0.13343540827433245,0.13222466666666668
