LoadRulesRealTime,LoadRulesCPUTime,LoadFactsRealTime,LoadFactsCPUTime,QueryRealTime,QueryCPUTime,WriteRealTime,WriteCPUTime
0.00115299224853516,0.000563000000000001,0.652719974517822,0.624366,4.16496109962463,4.155256,0.5097138881683394,0.497452
0.00131511688232422,0.000620999999999998,0.656497955322266,0.614327,4.1564199924469,4.145786,0.5896670818328893,0.5221859999999996
0.00133299827575684,0.000633000000000002,0.712411165237427,0.626531,4.15683484077454,4.135969,0.50815606117248,0.5050369999999997
0.00130200386047363,0.000611,0.663408994674683,0.626492,4.15174293518066,4.13973,0.5180189609527606,0.5077639999999999
0.00131511688232422,0.000611,0.651732921600342,0.620526,4.17540216445923,4.153825,0.4879896640777597,0.4831189999999994
Average,0.0012836456298828142,0.0006078000000000001,0.667354202270508,0.6224484,4.161072206497193,4.1461132,0.5227091312408458,0.5031115999999998
