LoadRulesRealTime,LoadRulesCPUTime,LoadFactsRealTime,LoadFactsCPUTime,QueryRealTime,QueryCPUTime,WriteRealTime,WriteCPUTime
0.000909090042114258,0.000542000000000001,0.00318598747253418,0.002502,0.000581979751586914,0.000563000000000001,0.002786159515380856,0.002551999999999999
0.000915050506591797,0.000543,0.00277304649353027,0.00245,0.000585794448852539,0.000570000000000001,0.002854108810424801,0.0026079999999999988
0.000905990600585938,0.000543,0.00275683403015137,0.002437,0.000588178634643555,0.000571000000000002,0.003106832504272465,0.002595999999999998
0.000919103622436523,0.000541,0.00282907485961914,0.002481,0.000583887100219727,0.000566999999999998,0.004426002502441403,0.002533000000000002
0.000908136367797852,0.000541,0.00279998779296875,0.002475,0.000588893890380859,0.000567999999999999,0.002755165100097661,0.002519000000000001
Average,0.0009114742279052737,0.0005420000000000002,0.002868986129760742,0.002469,0.0005857467651367188,0.0005678000000000002,0.0031856536865234367,0.0025616
