LoadRulesRealTime,LoadRulesCPUTime,LoadFactsRealTime,LoadFactsCPUTime,QueryRealTime,QueryCPUTime,WriteRealTime,WriteCPUTime
0.00117397308349609,0.000548,0.0029761791229248,0.002478,0.000406980514526367,0.000389999999999998,0.0029060840606689427,0.002569000000000002
0.00116205215454102,0.000549999999999998,0.00289797782897949,0.002441,0.00041508674621582,0.000397999999999999,0.0029299259185791003,0.002575000000000001
0.00117802619934082,0.000553,0.00297284126281738,0.002506,0.000405073165893555,0.000385999999999997,0.002931833267211915,0.002593000000000003
0.00116610527038574,0.000541999999999999,0.00295090675354004,0.00248,0.000401020050048828,0.000382,0.002931118011474612,0.002604
0.00115704536437988,0.000548,0.00294303894042969,0.002457,0.000407934188842773,0.000390000000000001,0.002912044525146487,0.002557999999999999
Average,0.0011674404144287102,0.0005481999999999993,0.00294818878173828,0.0024723999999999996,0.00040721893310546864,0.000389199999999999,0.0029222011566162115,0.002579800000000001
