LoadRulesRealTime,LoadRulesCPUTime,LoadFactsRealTime,LoadFactsCPUTime,QueryRealTime,QueryCPUTime,WriteRealTime,WriteCPUTime
0.00115180015563965,0.000546,0.0029752254486084,0.002504,0.000393867492675781,0.000375,0.002803087234497069,0.0024560000000000003
0.00401401519775391,0.000645999999999999,0.00301194190979004,0.002539,0.000400066375732422,0.000380999999999999,0.002887010574340818,0.002485000000000001
0.00115609169006348,0.000550999999999999,0.00295305252075195,0.0025,0.000391006469726562,0.000375999999999998,0.002813816070556638,0.002460000000000002
0.00118088722229004,0.000548999999999999,0.00293898582458496,0.002472,0.000393152236938477,0.000376000000000001,0.002835750579833983,0.002481999999999999
0.00116300582885742,0.000548,0.00293517112731934,0.002461,0.000407934188842773,0.000386999999999998,0.002867937088012697,0.002507000000000002
Average,0.0017331600189208999,0.0005679999999999994,0.002962875366210938,0.0024952000000000004,0.00039720535278320296,0.00037899999999999924,0.0028415203094482406,0.002478000000000001
