LoadRulesRealTime,LoadRulesCPUTime,LoadFactsRealTime,LoadFactsCPUTime,QueryRealTime,QueryCPUTime,WriteRealTime,WriteCPUTime
0.00336408615112305,0.000576,0.00724601745605469,0.006533,0.00168395042419434,0.001636,0.0071680545806884705,0.006706
0.0012509822845459,0.000598000000000001,0.00739002227783203,0.006661,0.001708984375,0.001643,0.00806713104248047,0.006994
0.00115704536437988,0.000550999999999999,0.00723791122436523,0.006523,0.00164294242858887,0.001601,0.00723886489868164,0.0068070000000000006
0.00116205215454102,0.000550999999999999,0.00731396675109863,0.006591,0.00165510177612305,0.001601,0.0072009563446044905,0.006808
0.00115704536437988,0.000546,0.00727081298828125,0.006508,0.00165510177612305,0.001611,0.00718998908996582,0.006783000000000001
Average,0.001618242263793946,0.0005643999999999998,0.007291746139526366,0.0065632,0.0016692161560058622,0.0016184,0.0073729991912841785,0.0068196
