LoadRulesRealTime,LoadRulesCPUTime,LoadFactsRealTime,LoadFactsCPUTime,QueryRealTime,QueryCPUTime,WriteRealTime,WriteCPUTime
0.00114679336547852,0.000548,0.00468206405639648,0.004069,0.000658988952636719,0.000618999999999998,0.0046830177307128915,0.004315000000000002
0.00117397308349609,0.000546,0.00462007522583008,0.004052,0.000659942626953125,0.000616000000000002,0.004651069641113285,0.004243999999999998
0.00116300582885742,0.000547000000000001,0.0046539306640625,0.004085,0.000667095184326172,0.000632000000000001,0.004606962203979488,0.004226999999999998
0.00117206573486328,0.000545,0.00474810600280762,0.004161,0.000661849975585938,0.000622000000000001,0.004648208618164062,0.004244999999999999
0.00119400024414062,0.000548,0.00465011596679688,0.004076,0.000658035278320312,0.000623000000000002,0.004617929458618168,0.004227999999999998
Average,0.0011699676513671862,0.0005468000000000002,0.004670858383178713,0.0040885999999999995,0.0006611824035644532,0.0006224000000000008,0.004641437530517579,0.004251799999999999
