LoadRulesRealTime,LoadRulesCPUTime,LoadFactsRealTime,LoadFactsCPUTime,QueryRealTime,QueryCPUTime,WriteRealTime,WriteCPUTime
0.00442004203796387,0.004419,0.00871706008911133,0.00788000000000001,0.000245809555053711,0.000245999999999996,0.020429134368896488,0.020429000000000003
0.00391411781311035,0.003887,0.00696206092834473,0.006803,0.000213861465454102,0.000183000000000003,0.0186750888824463,0.018705999999999997
Average,0.004167079925537109,0.0041530000000000004,0.00783956050872803,0.007341500000000005,0.0002298355102539065,0.00021449999999999952,0.019552111625671394,0.0195675
