LoadRulesRealTime,LoadRulesCPUTime,LoadFactsRealTime,LoadFactsCPUTime,QueryRealTime,QueryCPUTime,WriteRealTime,WriteCPUTime
0.00397300720214844,0.003972,0.0413930416107178,0.041389,0.00114893913269043,0.00115,0.12283515930175758,0.122796
0.00345182418823242,0.003452,0.0395851135253906,0.039509,0.00120806694030762,0.001208,0.11849713325500438,0.109403
Average,0.00371241569519043,0.003712,0.0404890775680542,0.040449,0.001178503036499025,0.001179,0.12066614627838099,0.1160995
