LoadRulesRealTime,LoadRulesCPUTime,LoadFactsRealTime,LoadFactsCPUTime,QueryRealTime,QueryCPUTime,WriteRealTime,WriteCPUTime
0.000922918319702148,0.000539000000000001,0.00279712677001953,0.00246,0.000425815582275391,0.000401000000000002,0.002820253372192379,0.002562999999999998
0.00090789794921875,0.000553,0.00281119346618652,0.00248,0.000407934188842773,0.000387000000000002,0.003075122833251957,0.002609999999999998
0.00090789794921875,0.000541,0.00278401374816895,0.002455,0.000401020050048828,0.000382999999999998,0.002789020538330082,0.002570000000000002
0.000921010971069336,0.000544999999999999,0.00278091430664062,0.002451,0.000422000885009766,0.000400999999999999,0.0028219223022460938,0.002567000000000001
0.000915050506591797,0.000540000000000001,0.00283598899841309,0.00249,0.000427961349487305,0.000409,0.0028071403503417947,0.002564
Average,0.0009149551391601562,0.0005436000000000002,0.002801847457885742,0.0024672,0.00041694641113281265,0.0003962000000000002,0.0028626918792724614,0.0025748
