LoadRulesRealTime,LoadRulesCPUTime,LoadFactsRealTime,LoadFactsCPUTime,QueryRealTime,QueryCPUTime,WriteRealTime,WriteCPUTime
0.00117397308349609,0.000549000000000001,0.00128984451293945,0.000923999999999999,0.000141143798828125,0.000127,0.001167774200439455,0.000864000000000001
0.00115585327148438,0.000547000000000001,0.00130701065063477,0.000918,0.000133037567138672,0.000125,0.001209020614624028,0.00086
0.00115394592285156,0.000552,0.00125408172607422,0.000885,0.000137805938720703,0.000133999999999999,0.0012080669403076172,0.000882000000000001
0.00116086006164551,0.00055,0.00129795074462891,0.000893,0.000145196914672852,0.000139,0.001209735870361328,0.00089
0.00118303298950195,0.000557,0.00125598907470703,0.000882000000000001,0.000133991241455078,0.000123999999999999,0.0011999607086181621,0.0008750000000000011
Average,0.001165533065795898,0.0005510000000000005,0.0012809753417968761,0.0009004,0.000138235092163086,0.0001297999999999996,0.0011989116668701181,0.0008742000000000005
