series,graph,mode,n,status,failure,runs,mean,median,sd,min,max,cpu_mean,mem_used_mb,mem_used_sd,mem_peak_mb,mem_probe,all_correct,any_incorrect,unverified,checked_by,error
cockroachdb,barabasi_albert,left_recursion,10000,ok,,5,0.4543840999947861,0.44809670897666365,0.018573196603622815,0.4398442499805242,0.48668645799625665,0.017798199999999986,82.5078,0.9061750382790273,93.2172,cockroachdb sql_mem_root_current,True,False,0,,
cockroachdb,barabasi_albert,left_recursion,20000,ok,,5,0.9798489003907889,0.9828990419628099,0.02424767652157254,0.9440418340964243,1.010035541956313,0.0377448,111.0118,1.3848879738087145,121.711,cockroachdb sql_mem_root_current,True,False,0,,
cockroachdb,barabasi_albert,left_recursion,30000,ok,,5,4.005238924804144,4.054378499975428,0.07707859688507482,3.894815791049041,4.066384874982759,0.1521744,141.983,2.5876674825023414,152.7686,cockroachdb sql_mem_root_current,True,False,5,agreement,
cockroachdb,barabasi_albert,left_recursion,40000,ok,,5,13.162807266577147,13.18024862499442,0.08718400919288388,13.047543750028126,13.262270082952455,0.4960618,165.8596,3.0051199310510066,176.6786,cockroachdb sql_mem_root_current,True,False,5,agreement,
cockroachdb,barabasi_albert,left_recursion,50000,ok,,5,22.77717923359014,22.79420654196292,0.07638390736689313,22.674257625010796,22.85059775004629,0.8537705999999999,158.345,1.954028147187242,169.2224,cockroachdb sql_mem_root_current,True,False,5,agreement,
cockroachdb,barabasi_albert,left_recursion,60000,ok,,5,34.035530683374965,34.034583624918014,0.11348785692849066,33.904589624959044,34.21275241707917,1.277855,183.127,0.05202403290787454,193.9952,cockroachdb sql_mem_root_current,True,False,5,agreement,
cockroachdb,barabasi_albert,left_recursion,70000,ok,,5,46.07320508297998,45.866144249914214,0.6111434781660294,45.67328808293678,47.14695295796264,1.7284381999999998,197.2128,0.03810118108404982,208.1454,cockroachdb sql_mem_root_current,True,False,5,agreement,
cockroachdb,barabasi_albert,left_recursion,80000,ok,,5,57.162606925424186,57.36059129203204,0.5626067630876381,56.45773108303547,57.857148834038526,2.0599392,228.1994,0.3123672518046646,239.2354,cockroachdb sql_mem_root_current,True,False,5,agreement,
cockroachdb,barabasi_albert,left_recursion,90000,ok,,5,71.55321099979338,71.16760487493593,1.4586420234635595,69.94469295802992,73.74110270803794,2.5485385999999997,242.3522,1.5612564491460112,252.6628,cockroachdb sql_mem_root_current,True,False,5,agreement,
cockroachdb,barabasi_albert,left_recursion,100000,ok,,5,88.43275231660809,88.53162095905282,0.7244928045496577,87.56259037496056,89.31724120804574,3.2410378,249.0662,1.5978328135321342,259.3742,cockroachdb sql_mem_root_current,,False,5,,
cockroachdb,barabasi_albert,right_recursion,10000,ok,,5,0.5172517752042041,0.4958358750445768,0.045311177308417605,0.4781462919199839,0.5709889170248061,0.02094779999999998,82.8596,0.24386020585572954,93.6248,cockroachdb sql_mem_root_current,True,False,0,,
cockroachdb,barabasi_albert,right_recursion,20000,ok,,5,1.0900468583917244,1.0851047500036657,0.060824871177901266,1.0166127920383587,1.1849782499484718,0.042677599999999996,112.1482,1.8045355912256176,122.9684,cockroachdb sql_mem_root_current,True,False,0,,
cockroachdb,barabasi_albert,right_recursion,30000,ok,,5,10.739932716614566,10.777860958012752,0.19239154283052523,10.41516049997881,10.889367374940775,0.4235054,153.0544,4.429806519476893,163.9292,cockroachdb sql_mem_root_current,True,False,5,agreement,
cockroachdb,barabasi_albert,right_recursion,40000,ok,,5,34.10248190842103,33.754739540978335,0.9592064738620885,33.2418776670238,35.71741054195445,1.3372356,179.8384,1.384274286404256,190.7266,cockroachdb sql_mem_root_current,True,False,5,agreement,
cockroachdb,barabasi_albert,right_recursion,50000,ok,,5,55.40654664137401,55.49285020795651,0.5553785009489327,54.72252624994144,56.14269925002009,2.1613706,176.1764,1.0204838558252702,187.2388,cockroachdb sql_mem_root_current,True,False,5,agreement,
cockroachdb,barabasi_albert,right_recursion,60000,ok,,5,79.19331708317623,81.87814199994318,4.897629625407089,73.072142082965,83.39064537500963,3.076082,203.13,1.5780983809636173,214.91580000000002,cockroachdb sql_mem_root_current,True,False,5,agreement,
cockroachdb,barabasi_albert,right_recursion,70000,ok,,5,99.83776251666714,100.0182818750618,1.3092632665357264,97.6975562920561,101.28652679105289,3.8724756,222.1504,0.0810882235592715,233.302,cockroachdb sql_mem_root_current,True,False,5,agreement,
cockroachdb,barabasi_albert,right_recursion,80000,ok,,5,121.46452249139547,119.06548408407252,4.2637135101864425,117.4668382909149,126.14162779098842,4.676673399999999,258.5954,0.10859465916886125,269.8152,cockroachdb sql_mem_root_current,True,False,5,agreement,
cockroachdb,barabasi_albert,right_recursion,90000,ok,,5,155.0881358831888,153.80829762492795,2.293728452781047,153.34668174991384,158.58931741700508,6.0120662000000005,282.1322,0.15178175120876747,293.37059999999997,cockroachdb sql_mem_root_current,True,False,5,agreement,
cockroachdb,barabasi_albert,right_recursion,100000,ok,,5,190.51245676681864,189.55352579196915,2.6301597336780502,188.86762266699225,195.14740779204294,7.366347,289.4142,0.09770209823744813,299.8644,cockroachdb sql_mem_root_current,,False,5,,
cockroachdb,binary_tree,double_recursion,100,error,unsupported,0,,,,,,,,,,,,False,0,,"CockroachDB experiment error: recursive reference to query ""tc"" must not appear more than once RUN_ONE_RESULT {""timing"": {""CreateTableRealTime"": 0.03189158299937844, ""CreateTableCPUTime"": 3.199999999997649e-05, ""LoadDataRealTime"": 0.2792650409974158, ""LoadDataCPUTime"": 0.00014999999999998348, ""CreateIndexRealTime"": 0.517211209051311, ""CreateIndexCPUTime"": 0.00023899999999998922, ""AnalyzeRealTime"": 0.13903120800387114, ""AnalyzeCPUTime"": 0.00010100000000001774, ""ExecuteQueryRealTime"": 0.0, ""ExecuteQueryCPUTime"": 0.0, ""WriteResultRealTime"": 0.0, ""WriteResultCPUTime"": 0.0}, ""errors"": [""CockroachDB"
cockroachdb,binary_tree,double_recursion,200,skipped,unsupported,0,,,,,,,,,,,,False,0,,
cockroachdb,binary_tree,double_recursion,300,skipped,unsupported,0,,,,,,,,,,,,False,0,,
cockroachdb,binary_tree,double_recursion,400,skipped,unsupported,0,,,,,,,,,,,,False,0,,
cockroachdb,binary_tree,double_recursion,500,skipped,unsupported,0,,,,,,,,,,,,False,0,,
cockroachdb,binary_tree,double_recursion,600,skipped,unsupported,0,,,,,,,,,,,,False,0,,
cockroachdb,binary_tree,double_recursion,700,skipped,unsupported,0,,,,,,,,,,,,False,0,,
cockroachdb,binary_tree,double_recursion,800,skipped,unsupported,0,,,,,,,,,,,,False,0,,
cockroachdb,binary_tree,double_recursion,900,skipped,unsupported,0,,,,,,,,,,,,False,0,,
cockroachdb,binary_tree,double_recursion,1000,skipped,unsupported,0,,,,,,,,,,,,False,0,,
cockroachdb,binary_tree,left_recursion,100,ok,,5,0.10439219977706671,0.10383462498430163,0.0057232283011078855,0.09974416601471603,0.11398204194847494,0.0034497999999999916,0.0804,0.12626282113116274,14.4004,cockroachdb sql_mem_root_current,True,False,0,,
cockroachdb,binary_tree,left_recursion,200,ok,,5,0.10101764162536711,0.10034674999769777,0.004171122818441712,0.09736195800360292,0.10807895800098777,0.0031142,0.0374,0.02593838853899756,14.2428,cockroachdb sql_mem_root_current,True,False,0,,
cockroachdb,binary_tree,left_recursion,300,ok,,5,0.10160521660000085,0.1021817079745233,0.0012423011115474639,0.09945912496186793,0.10244908405002207,0.0032166000000000026,0.0236,0.017728508115461946,14.201600000000001,cockroachdb sql_mem_root_current,True,False,0,,
cockroachdb,binary_tree,left_recursion,400,ok,,5,0.10432601640932262,0.10257062502205372,0.003288105639645605,0.10117370798252523,0.10870220803190023,0.003260800000000008,0.0354,0.014638989036132243,14.046000000000001,cockroachdb sql_mem_root_current,True,False,0,,
cockroachdb,binary_tree,left_recursion,500,ok,,5,0.10642220843583346,0.10572275007143617,0.004777117242066266,0.10135066695511341,0.11380537506192923,0.0033540000000000015,0.0604,0.039740407647632404,14.0262,cockroachdb sql_mem_root_current,True,False,0,,
cockroachdb,binary_tree,left_recursion,600,ok,,5,0.10745980860665441,0.10796758299693465,0.002901895773346382,0.10318641702178866,0.11039883398916572,0.0029869999999999953,0.002,0.00447213595499958,13.9654,cockroachdb sql_mem_root_current,True,False,0,,
cockroachdb,binary_tree,left_recursion,700,ok,,5,0.10989538335707039,0.10884883301332593,0.003418385183057444,0.10643866693135351,0.11454699991736561,0.0031217999999999966,0.0078,0.01744133022449836,13.911,cockroachdb sql_mem_root_current,True,False,0,,
cockroachdb,binary_tree,left_recursion,800,ok,,5,0.11056012504268438,0.10734941705595702,0.01008515006616271,0.10444454103708267,0.12837925006169826,0.0030557999999999974,0.1446,0.291475213354412,14.533,cockroachdb sql_mem_root_current,True,False,0,,
cockroachdb,binary_tree,left_recursion,900,ok,,5,0.108595941378735,0.10698458401020616,0.003992910827894526,0.10462383297272027,0.11474445799831301,0.0033560000000000035,0.0,0.0,13.7666,cockroachdb sql_mem_root_current,True,False,0,,
cockroachdb,binary_tree,left_recursion,1000,ok,,5,0.11024255817756057,0.10693537490442395,0.005313340338990539,0.10611958289518952,0.11844262504018843,0.0033302000000000054,0.0098,0.01688786546606764,13.525,cockroachdb sql_mem_root_current,True,False,0,,
cockroachdb,binary_tree,right_recursion,100,ok,,5,0.10640117498114705,0.10372308397199959,0.006361465669593433,0.10191395797301084,0.11719741590786725,0.0032239999999999934,0.0276,0.0211730961363708,13.5198,cockroachdb sql_mem_root_current,True,False,0,,
cockroachdb,binary_tree,right_recursion,200,ok,,5,0.10227153319865465,0.10377554094884545,0.0026620624315364964,0.09886645898222923,0.10483099997509271,0.0030324000000000128,0.0374,0.03890758280849634,13.5016,cockroachdb sql_mem_root_current,True,False,0,,
cockroachdb,binary_tree,right_recursion,300,ok,,5,0.10458316658623516,0.1016453750198707,0.009661718098200572,0.09521208296064287,0.11988875002134591,0.0032007999999999924,0.0374,0.015883954167649816,13.5372,cockroachdb sql_mem_root_current,True,False,0,,
cockroachdb,binary_tree,right_recursion,400,ok,,5,0.10581655020359904,0.1048286670120433,0.007165063168877267,0.09906033403240144,0.11762050003744662,0.0033950000000000035,0.0294,0.029168476134347504,13.5876,cockroachdb sql_mem_root_current,True,False,0,,
cockroachdb,binary_tree,right_recursion,500,ok,,5,0.108005391783081,0.10602183302398771,0.010696994402751849,0.0985714589478448,0.12550837500020862,0.0030858000000000053,0.0332,0.01637681287674742,13.5062,cockroachdb sql_mem_root_current,True,False,0,,
cockroachdb,binary_tree,right_recursion,600,ok,,5,0.11279089162126184,0.10672933305613697,0.01022322799522859,0.10430512495804578,0.12595650006551296,0.0033061999999999927,0.0,0.0,13.5352,cockroachdb sql_mem_root_current,True,False,0,,
cockroachdb,binary_tree,right_recursion,700,ok,,5,0.11098639138508588,0.11041645798832178,0.0022396745906573716,0.10939441598020494,0.11488745803944767,0.0033805999999999893,0.004,0.00894427190999916,13.5664,cockroachdb sql_mem_root_current,True,False,0,,
cockroachdb,binary_tree,right_recursion,800,ok,,5,0.11398739141877741,0.11292733298614621,0.007464488331355211,0.10670300002675503,0.12535341596230865,0.0032529999999999946,0.0,0.0,13.605599999999999,cockroachdb sql_mem_root_current,True,False,0,,
cockroachdb,binary_tree,right_recursion,900,ok,,5,0.10717889142688364,0.10707545804325491,0.0036140937901329626,0.10205608303658664,0.11225633299909532,0.003253600000000001,0.1426,0.31886329359147,13.8652,cockroachdb sql_mem_root_current,True,False,0,,
cockroachdb,binary_tree,right_recursion,1000,ok,,5,0.10649848342873156,0.10627466696314514,0.002565482979943612,0.10351216606795788,0.1105325419921428,0.00323699999999999,0.0,0.0,13.7578,cockroachdb sql_mem_root_current,True,False,0,,
cockroachdb,complete,double_recursion,100,error,unsupported,0,,,,,,,,,,,,False,0,,"CockroachDB experiment error: recursive reference to query ""tc"" must not appear more than once RUN_ONE_RESULT {""timing"": {""CreateTableRealTime"": 0.027074708021245897, ""CreateTableCPUTime"": 3.599999999998049e-05, ""LoadDataRealTime"": 0.5481122910277918, ""LoadDataCPUTime"": 0.00018799999999996597, ""CreateIndexRealTime"": 0.5237459579948336, ""CreateIndexCPUTime"": 0.00022999999999995246, ""AnalyzeRealTime"": 0.14831954205874354, ""AnalyzeCPUTime"": 0.00010699999999996823, ""ExecuteQueryRealTime"": 0.0, ""ExecuteQueryCPUTime"": 0.0, ""WriteResultRealTime"": 0.0, ""WriteResultCPUTime"": 0.0}, ""errors"": [""Cockroach"
cockroachdb,complete,double_recursion,200,skipped,unsupported,0,,,,,,,,,,,,False,0,,
cockroachdb,complete,double_recursion,300,skipped,unsupported,0,,,,,,,,,,,,False,0,,
cockroachdb,complete,double_recursion,400,skipped,unsupported,0,,,,,,,,,,,,False,0,,
cockroachdb,complete,double_recursion,500,skipped,unsupported,0,,,,,,,,,,,,False,0,,
cockroachdb,complete,double_recursion,600,skipped,unsupported,0,,,,,,,,,,,,False,0,,
cockroachdb,complete,double_recursion,700,skipped,unsupported,0,,,,,,,,,,,,False,0,,
cockroachdb,complete,double_recursion,800,skipped,unsupported,0,,,,,,,,,,,,False,0,,
cockroachdb,complete,double_recursion,900,skipped,unsupported,0,,,,,,,,,,,,False,0,,
cockroachdb,complete,double_recursion,1000,skipped,unsupported,0,,,,,,,,,,,,False,0,,
cockroachdb,complete,left_recursion,100,ok,,5,0.1809808247955516,0.18014212499838322,0.0022673657012042972,0.17953354096971452,0.18497454200405627,0.0059176000000000116,65.543,0.0,69.0936,cockroachdb sql_mem_root_current,True,False,0,,
cockroachdb,complete,left_recursion,200,ok,,5,0.7439549000002443,0.737427124986425,0.019031768371590513,0.7255379159469157,0.7706610000459477,0.027733600000000014,69.5918,0.3677855353327551,73.3966,cockroachdb sql_mem_root_current,True,False,0,,
cockroachdb,complete,left_recursion,300,ok,,5,2.2699609250063078,2.260973250027746,0.023227622649042844,2.250845583039336,2.308412167010829,0.0856526,75.5742,0.06132454647202911,79.6016,cockroachdb sql_mem_root_current,True,False,0,,
cockroachdb,complete,left_recursion,400,ok,,5,5.363995958399028,5.35235175001435,0.05336446112276374,5.300296165980399,5.422040459001437,0.2030564,88.02,5.608004859127711,94.5034,cockroachdb sql_mem_root_current,True,False,0,,
cockroachdb,complete,left_recursion,500,ok,,5,10.596316083217971,10.622223083046265,0.04239672611016665,10.54822358302772,10.63104700006079,0.3974288,102.4242,4.782924387861468,110.5742,cockroachdb sql_mem_root_current,True,False,0,,
cockroachdb,complete,left_recursion,600,ok,,5,18.804259374993855,18.81729295803234,0.040581703639518005,18.742738542030565,18.851711790892296,0.7077656,114.9498,5.6216753019006696,123.3398,cockroachdb sql_mem_root_current,True,False,0,,
cockroachdb,complete,left_recursion,700,ok,,5,30.45049159179907,30.491884791990742,0.12550565478621817,30.266562000033446,30.574421250028536,1.1415932,132.0196,7.07568511170473,140.4972,cockroachdb sql_mem_root_current,True,False,0,,
cockroachdb,complete,left_recursion,800,ok,,5,46.250743458024225,46.26602204097435,0.09895910336096722,46.09786804206669,46.35965320805553,1.7194808,157.50220000000002,7.813691329966904,166.46519999999998,cockroachdb sql_mem_root_current,True,False,0,,
cockroachdb,complete,left_recursion,900,ok,,5,67.60210400843062,67.6905557080172,0.6563013129927027,66.92342716699932,68.23722125007771,2.5207416,182.1176,5.272431203913427,191.80700000000002,cockroachdb sql_mem_root_current,True,False,0,,
cockroachdb,complete,left_recursion,1000,ok,,5,92.07924264182802,92.08040820807219,0.13211111965358688,91.9080744170351,92.21629391703755,3.4144598,202.51239999999999,0.06610068078318326,212.4558,cockroachdb sql_mem_root_current,True,False,0,,
cockroachdb,complete,right_recursion,100,ok,,5,0.18126666662283242,0.18100874999072403,0.0029129811261696336,0.17743729101493955,0.1851429590024054,0.005580600000000002,65.9042,0.0067230945255906255,75.9064,cockroachdb sql_mem_root_current,True,False,0,,
cockroachdb,complete,right_recursion,200,ok,,5,0.7744398915674537,0.7781821249518543,0.04286330272068306,0.7303224579663947,0.823651707964018,0.029583800000000004,70.8438,0.04067800388416355,80.926,cockroachdb sql_mem_root_current,True,False,0,,
cockroachdb,complete,right_recursion,300,ok,,5,4.043811425007879,4.067466082982719,0.18584184400008144,3.837814791011624,4.305783333955333,0.166495,79.4238,0.04198452095712886,89.5724,cockroachdb sql_mem_root_current,True,False,0,,
cockroachdb,complete,right_recursion,400,ok,,5,8.982510041818022,8.95871250005439,0.8970552532885956,7.619451334001496,10.012572500039823,0.36340940000000005,91.51559999999999,0.6690308662535686,101.7578,cockroachdb sql_mem_root_current,True,False,0,,
cockroachdb,complete,right_recursion,500,ok,,5,14.387585166771895,12.796470375033095,2.4503106283322293,12.724263957934454,18.250893875025213,0.5698730000000001,111.768,6.27013799688651,121.977,cockroachdb sql_mem_root_current,True,False,0,,
cockroachdb,complete,right_recursion,600,ok,,5,27.359410566766748,27.32583112490829,0.09186457527361763,27.24215850001201,27.456368541927077,1.0966732,126.8368,7.8334689123018775,137.1774,cockroachdb sql_mem_root_current,True,False,0,,
cockroachdb,complete,right_recursion,700,ok,,5,42.16238447483629,42.18231362500228,0.08716660727883872,42.01546504104044,42.24927995807957,1.6799477999999999,141.97899999999998,7.453944023132985,152.3256,cockroachdb sql_mem_root_current,True,False,0,,
cockroachdb,complete,right_recursion,800,ok,,5,64.49728322504089,65.34152179199737,3.5307384996704587,60.3794465000974,68.31071824999526,2.5661206,170.4402,4.123056354211037,180.921,cockroachdb sql_mem_root_current,True,False,0,,
cockroachdb,complete,right_recursion,900,ok,,5,86.47415400838945,86.45363449992146,0.3288324433532155,86.11543591693044,86.8955637080362,3.3915102,193.3032,0.2020537057319158,203.9234,cockroachdb sql_mem_root_current,True,False,0,,
cockroachdb,complete,right_recursion,1000,ok,,5,117.75392452499364,115.91404145793058,4.144993983295537,115.86976449994836,125.16853920801077,4.6028864,211.2938,0.14517816640253037,222.0076,cockroachdb sql_mem_root_current,True,False,0,,
cockroachdb,cycle,double_recursion,100,error,unsupported,0,,,,,,,,,,,,False,0,,"CockroachDB experiment error: recursive reference to query ""tc"" must not appear more than once RUN_ONE_RESULT {""timing"": {""CreateTableRealTime"": 0.03310920798685402, ""CreateTableCPUTime"": 3.6000000000036e-05, ""LoadDataRealTime"": 0.3618408340262249, ""LoadDataCPUTime"": 0.00016300000000002424, ""CreateIndexRealTime"": 0.5481796669773757, ""CreateIndexCPUTime"": 0.00023800000000001598, ""AnalyzeRealTime"": 0.16103462490718812, ""AnalyzeCPUTime"": 0.00016599999999999948, ""ExecuteQueryRealTime"": 0.0, ""ExecuteQueryCPUTime"": 0.0, ""WriteResultRealTime"": 0.0, ""WriteResultCPUTime"": 0.0}, ""errors"": [""CockroachDB "
cockroachdb,cycle,double_recursion,200,skipped,unsupported,0,,,,,,,,,,,,False,0,,
cockroachdb,cycle,double_recursion,300,skipped,unsupported,0,,,,,,,,,,,,False,0,,
cockroachdb,cycle,double_recursion,400,skipped,unsupported,0,,,,,,,,,,,,False,0,,
cockroachdb,cycle,double_recursion,500,skipped,unsupported,0,,,,,,,,,,,,False,0,,
cockroachdb,cycle,double_recursion,600,skipped,unsupported,0,,,,,,,,,,,,False,0,,
cockroachdb,cycle,double_recursion,700,skipped,unsupported,0,,,,,,,,,,,,False,0,,
cockroachdb,cycle,double_recursion,800,skipped,unsupported,0,,,,,,,,,,,,False,0,,
cockroachdb,cycle,double_recursion,900,skipped,unsupported,0,,,,,,,,,,,,False,0,,
cockroachdb,cycle,double_recursion,1000,skipped,unsupported,0,,,,,,,,,,,,False,0,,
cockroachdb,cycle,left_recursion,100,ok,,5,0.12515808339230716,0.12217095901723951,0.0075849719564653325,0.11688220896758139,0.13490141602233052,0.0037860000000000116,51.6316,28.84134560487773,62.3354,cockroachdb sql_mem_root_current,True,False,0,,
cockroachdb,cycle,left_recursion,200,ok,,5,0.16351344157010317,0.15918991691432893,0.009347211101686551,0.1578629579162225,0.18006200005766004,0.005562599999999984,65.30080000000001,0.21315886094648018,76.1414,cockroachdb sql_mem_root_current,True,False,0,,
cockroachdb,cycle,left_recursion,300,ok,,5,0.20679539178963752,0.20586454204749316,0.004499050636349285,0.2010163749800995,0.2127471249550581,0.008146999999999993,68.346,0.0,79.2624,cockroachdb sql_mem_root_current,True,False,0,,
cockroachdb,cycle,left_recursion,400,ok,,5,0.2890972419874743,0.2844139590160921,0.00765430107944945,0.28231466689612716,0.29794645798392594,0.010940600000000012,71.787,0.00894427190999738,82.7722,cockroachdb sql_mem_root_current,True,False,0,,
cockroachdb,cycle,left_recursion,500,ok,,5,0.38628771661315114,0.378308083047159,0.023675548842793968,0.36747504107188433,0.4276981669245288,0.014187200000000011,76.379,0.018854707634964763,87.39320000000001,cockroachdb sql_mem_root_current,True,False,0,,
cockroachdb,cycle,left_recursion,600,ok,,5,0.4962564582470804,0.49874491710215807,0.012619714520036003,0.4779499169671908,0.5112156660761684,0.01953119999999999,81.502,0.29145411302639157,92.69,cockroachdb sql_mem_root_current,True,False,0,,
cockroachdb,cycle,left_recursion,700,ok,,5,0.6184890581993386,0.6154817499918863,0.009419691063656874,0.6112725420389324,0.6350350000429899,0.02352399999999999,86.8672,0.029710267585466108,97.9362,cockroachdb sql_mem_root_current,True,False,0,,
cockroachdb,cycle,left_recursion,800,ok,,5,0.7800942750182003,0.7795077920891345,0.02548530118930712,0.7541707499185577,0.8148468750296161,0.030216999999999983,95.5506,0.033373642294479575,106.7292,cockroachdb sql_mem_root_current,True,False,0,,
cockroachdb,cycle,left_recursion,900,ok,,5,0.9450788165908307,0.9466760420473292,0.01318700515890557,0.9268009579973295,0.9589832079363987,0.036692199999999994,103.918,0.036891733491395955,115.1432,cockroachdb sql_mem_root_current,True,False,0,,
cockroachdb,cycle,left_recursion,1000,ok,,5,1.162770383199677,1.1485682500060648,0.054748244318178804,1.1120553750079125,1.250109291053377,0.045208999999999985,110.2402,0.04136665323663654,121.53,cockroachdb sql_mem_root_current,True,False,0,,
cockroachdb,cycle,right_recursion,100,ok,,5,0.12023851685225964,0.12122570909559727,0.003222709318860343,0.1147419580956921,0.12262337503489107,0.003448399999999996,51.6688,28.883737278960282,62.8926,cockroachdb sql_mem_root_current,True,False,0,,
cockroachdb,cycle,right_recursion,200,ok,,5,0.154666492016986,0.15509529190603644,0.00263494945404531,0.15099416708108038,0.1572532500140369,0.005541400000000007,65.2382,0.1283947039406223,76.4864,cockroachdb sql_mem_root_current,True,False,0,,
cockroachdb,cycle,right_recursion,300,ok,,5,0.2078592082252726,0.20825424999929965,0.004552976101252978,0.20288233400788158,0.21345508308149874,0.007960999999999996,68.355,0.0,79.711,cockroachdb sql_mem_root_current,True,False,0,,
cockroachdb,cycle,right_recursion,400,ok,,5,0.28111169980838896,0.2819349999772385,0.003899815299760924,0.27706666698213667,0.2863737080479041,0.0109352,71.7538,0.0401397558537671,83.1406,cockroachdb sql_mem_root_current,True,False,0,,
cockroachdb,cycle,right_recursion,500,ok,,5,0.38600423340685663,0.38695800001733005,0.009382097283915947,0.37234433297999203,0.39664195803925395,0.013546200000000008,76.3868,0.011054410884348137,87.8498,cockroachdb sql_mem_root_current,True,False,0,,
cockroachdb,cycle,right_recursion,600,ok,,5,0.4942356247920543,0.4805194999789819,0.02597792125902572,0.4692349169636145,0.5231223329901695,0.0184538,81.6562,0.03893841291064587,93.1662,cockroachdb sql_mem_root_current,True,False,0,,
cockroachdb,cycle,right_recursion,700,ok,,5,0.615411166800186,0.6170585419749841,0.018842104757323872,0.5936697500292212,0.6338133329991251,0.023752399999999996,86.8538,0.03266037354348721,98.40220000000001,cockroachdb sql_mem_root_current,True,False,0,,
cockroachdb,cycle,right_recursion,800,ok,,5,0.7774176497943699,0.7721229169983417,0.02472416359598323,0.7506576660089195,0.8176438750233501,0.030284200000000004,95.508,0.06721235005562617,107.004,cockroachdb sql_mem_root_current,True,False,0,,
cockroachdb,cycle,right_recursion,900,ok,,5,0.930649091443047,0.9275439160410315,0.025713573796407107,0.9070221660658717,0.9701100420206785,0.035894800000000004,103.951,0.0,115.52980000000001,cockroachdb sql_mem_root_current,True,False,0,,
cockroachdb,cycle,right_recursion,1000,ok,,5,1.1447945083957165,1.1386799170868471,0.041316727142933767,1.0962367920437828,1.1917283749207854,0.0460062,110.37100000000001,0.2892844620784197,121.9888,cockroachdb sql_mem_root_current,True,False,0,,
cockroachdb,cycle_with_shortcuts,double_recursion,100,error,unsupported,0,,,,,,,,,,,,False,0,,"CockroachDB experiment error: recursive reference to query ""tc"" must not appear more than once RUN_ONE_RESULT {""timing"": {""CreateTableRealTime"": 0.031644999980926514, ""CreateTableCPUTime"": 3.4000000000034e-05, ""LoadDataRealTime"": 0.349134000018239, ""LoadDataCPUTime"": 0.00011600000000000499, ""CreateIndexRealTime"": 0.5174773749895394, ""CreateIndexCPUTime"": 0.00033800000000000496, ""AnalyzeRealTime"": 0.15483466594014317, ""AnalyzeCPUTime"": 0.00022100000000002673, ""ExecuteQueryRealTime"": 0.0, ""ExecuteQueryCPUTime"": 0.0, ""WriteResultRealTime"": 0.0, ""WriteResultCPUTime"": 0.0}, ""errors"": [""CockroachDB "
cockroachdb,cycle_with_shortcuts,double_recursion,200,skipped,unsupported,0,,,,,,,,,,,,False,0,,
cockroachdb,cycle_with_shortcuts,double_recursion,300,skipped,unsupported,0,,,,,,,,,,,,False,0,,
cockroachdb,cycle_with_shortcuts,double_recursion,400,skipped,unsupported,0,,,,,,,,,,,,False,0,,
cockroachdb,cycle_with_shortcuts,double_recursion,500,skipped,unsupported,0,,,,,,,,,,,,False,0,,
cockroachdb,cycle_with_shortcuts,double_recursion,600,skipped,unsupported,0,,,,,,,,,,,,False,0,,
cockroachdb,cycle_with_shortcuts,double_recursion,700,skipped,unsupported,0,,,,,,,,,,,,False,0,,
cockroachdb,cycle_with_shortcuts,double_recursion,800,skipped,unsupported,0,,,,,,,,,,,,False,0,,
cockroachdb,cycle_with_shortcuts,double_recursion,900,skipped,unsupported,0,,,,,,,,,,,,False,0,,
cockroachdb,cycle_with_shortcuts,double_recursion,1000,skipped,unsupported,0,,,,,,,,,,,,False,0,,
cockroachdb,cycle_with_shortcuts,left_recursion,100,ok,,5,0.12274334160611033,0.12187941698357463,0.002394993207475361,0.11980170803144574,0.12595424999017268,0.0032111999999999918,64.615,0.0,76.1524,cockroachdb sql_mem_root_current,True,False,0,,
cockroachdb,cycle_with_shortcuts,left_recursion,200,ok,,5,0.1779642251553014,0.177137374994345,0.003323056044282754,0.17464570794254541,0.18205574993044138,0.005624600000000013,65.7676,0.11959222382746965,77.2572,cockroachdb sql_mem_root_current,True,False,0,,
cockroachdb,cycle_with_shortcuts,left_recursion,300,ok,,5,0.2683067080099136,0.26555183297023177,0.011308292808417589,0.25598408305086195,0.283040540991351,0.009767000000000015,68.5682,0.3063440875877957,80.0656,cockroachdb sql_mem_root_current,True,False,0,,
cockroachdb,cycle_with_shortcuts,left_recursion,400,ok,,5,0.3968975832220167,0.39822070801164955,0.007034408774674987,0.38867416698485613,0.4058297909796238,0.015073400000000004,72.492,0.07738539913963027,83.4898,cockroachdb sql_mem_root_current,True,False,0,,
cockroachdb,cycle_with_shortcuts,left_recursion,500,ok,,5,0.5656838167924434,0.5600902090081945,0.02308090892103929,0.550295333028771,0.6061200420372188,0.022326599999999985,77.135,0.5119536111797607,88.1822,cockroachdb sql_mem_root_current,True,False,0,,
cockroachdb,cycle_with_shortcuts,left_recursion,600,ok,,5,0.7529104500310495,0.739172458066605,0.025901442711608887,0.7324726249789819,0.7949401250807568,0.029910999999999986,85.0704,5.049333352037673,96.12740000000001,cockroachdb sql_mem_root_current,True,False,0,,
cockroachdb,cycle_with_shortcuts,left_recursion,700,ok,,5,0.9834728916408494,0.984765375033021,0.014415232116561937,0.9657410000218078,1.0008186250925064,0.0377692,88.9552,0.6341058271298242,100.02120000000001,cockroachdb sql_mem_root_current,True,False,0,,
cockroachdb,cycle_with_shortcuts,left_recursion,800,ok,,5,1.2522389085963368,1.257055666996166,0.023106059163944224,1.213939500041306,1.2764748339541256,0.049068,97.0332,0.8968253453153505,108.0912,cockroachdb sql_mem_root_current,True,False,0,,
cockroachdb,cycle_with_shortcuts,left_recursion,900,ok,,5,1.5602054583840073,1.5621169169899076,0.006677358860112684,1.5491058330517262,1.5657997499220073,0.06106379999999999,105.3302,0.17737164373146208,116.4148,cockroachdb sql_mem_root_current,True,False,0,,
cockroachdb,cycle_with_shortcuts,left_recursion,1000,ok,,5,1.9179425918031483,1.9182842089794576,0.02780967126251368,1.8782083749538288,1.9565782500430942,0.07595520000000003,113.707,0.7875461891216294,125.4246,cockroachdb sql_mem_root_current,True,False,0,,
cockroachdb,cycle_with_shortcuts,right_recursion,100,ok,,5,0.12293961681425572,0.12061154202092439,0.00512796141509133,0.11759712500497699,0.12890895805321634,0.0032308000000000003,64.6228,0.0917071425789724,76.4364,cockroachdb sql_mem_root_current,True,False,0,,
cockroachdb,cycle_with_shortcuts,right_recursion,200,ok,,5,0.17939399981405585,0.17862533300649375,0.0052555808951101285,0.17390812502708286,0.1880651250248775,0.005720999999999987,66.0096,0.15424752834324754,77.8756,cockroachdb sql_mem_root_current,True,False,0,,
cockroachdb,cycle_with_shortcuts,right_recursion,300,ok,,5,0.2642235834151506,0.2643117919797078,0.005056439530979342,0.25833083398174495,0.27208379097282887,0.010415200000000003,69.02720000000001,0.6340380114788049,80.9284,cockroachdb sql_mem_root_current,True,False,0,,
cockroachdb,cycle_with_shortcuts,right_recursion,400,ok,,5,0.39609557478688656,0.39257195801474154,0.015474048436891421,0.3797205419978127,0.4203202909557149,0.014736599999999989,73.1288,0.4620375525863669,85.07860000000001,cockroachdb sql_mem_root_current,True,False,0,,
cockroachdb,cycle_with_shortcuts,right_recursion,500,ok,,5,0.5720274668186903,0.5685838339850307,0.019709941801017265,0.5524280830286443,0.6039156669285148,0.0224414,80.9688,5.948347476400483,93.0748,cockroachdb sql_mem_root_current,True,False,0,,
cockroachdb,cycle_with_shortcuts,right_recursion,600,ok,,5,0.7486653583822772,0.7476114589953795,0.007888337411284849,0.7419816249748692,0.7618655409896746,0.029207400000000005,84.125,0.3961508551044657,96.2038,cockroachdb sql_mem_root_current,True,False,0,,
cockroachdb,cycle_with_shortcuts,right_recursion,700,ok,,5,1.007981983013451,1.0081716660642996,0.01224676160059986,0.9943647909676656,1.0269986669300124,0.040475400000000016,90.7228,0.3460190746187278,102.63680000000001,cockroachdb sql_mem_root_current,True,False,0,,
cockroachdb,cycle_with_shortcuts,right_recursion,800,ok,,5,1.2774500417988748,1.2795072919689119,0.013076578667394496,1.259558083023876,1.295352334040217,0.05017059999999999,98.9688,0.4974632649754164,110.9062,cockroachdb sql_mem_root_current,True,False,0,,
cockroachdb,cycle_with_shortcuts,right_recursion,900,ok,,5,1.6200157665647565,1.6096096669789404,0.037707630374798615,1.590884790988639,1.68377058301121,0.0635398,106.7736,0.5489037256204383,118.8332,cockroachdb sql_mem_root_current,True,False,0,,
cockroachdb,cycle_with_shortcuts,right_recursion,1000,ok,,5,1.9808059749891982,1.9718872499652207,0.023401823725158814,1.9595936249243096,2.013350500026718,0.07804839999999999,115.9298,0.8330337328103836,128.4368,cockroachdb sql_mem_root_current,True,False,0,,
cockroachdb,grid,double_recursion,100,error,unsupported,0,,,,,,,,,,,,False,0,,"CockroachDB experiment error: recursive reference to query ""tc"" must not appear more than once RUN_ONE_RESULT {""timing"": {""CreateTableRealTime"": 0.03297233406919986, ""CreateTableCPUTime"": 3.799999999998249e-05, ""LoadDataRealTime"": 0.3098867500666529, ""LoadDataCPUTime"": 0.00014599999999997948, ""CreateIndexRealTime"": 0.5118557919049636, ""CreateIndexCPUTime"": 0.00023699999999998722, ""AnalyzeRealTime"": 0.1504382089478895, ""AnalyzeCPUTime"": 0.00020800000000004149, ""ExecuteQueryRealTime"": 0.0, ""ExecuteQueryCPUTime"": 0.0, ""WriteResultRealTime"": 0.0, ""WriteResultCPUTime"": 0.0}, ""errors"": [""CockroachDB"
cockroachdb,grid,double_recursion,200,skipped,unsupported,0,,,,,,,,,,,,False,0,,
cockroachdb,grid,double_recursion,300,skipped,unsupported,0,,,,,,,,,,,,False,0,,
cockroachdb,grid,double_recursion,400,skipped,unsupported,0,,,,,,,,,,,,False,0,,
cockroachdb,grid,double_recursion,500,skipped,unsupported,0,,,,,,,,,,,,False,0,,
cockroachdb,grid,double_recursion,600,skipped,unsupported,0,,,,,,,,,,,,False,0,,
cockroachdb,grid,double_recursion,700,skipped,unsupported,0,,,,,,,,,,,,False,0,,
cockroachdb,grid,double_recursion,800,skipped,unsupported,0,,,,,,,,,,,,False,0,,
cockroachdb,grid,double_recursion,900,skipped,unsupported,0,,,,,,,,,,,,False,0,,
cockroachdb,grid,double_recursion,1000,skipped,unsupported,0,,,,,,,,,,,,False,0,,
cockroachdb,grid,left_recursion,100,ok,,5,0.10893602478317917,0.10823541600257158,0.005782655350560872,0.10404775000642985,0.1180958750192076,0.0033881999999999966,0.0314,0.03998499718644482,13.870800000000001,cockroachdb sql_mem_root_current,True,False,0,,
cockroachdb,grid,left_recursion,200,ok,,5,0.12051299999002367,0.12012750003486872,0.0018629921525187998,0.11824191699270159,0.12277745793107897,0.0032288000000000095,51.6454,28.85444511336165,65.499,cockroachdb sql_mem_root_current,True,False,0,,
cockroachdb,grid,left_recursion,300,ok,,5,0.13510157479904591,0.1354722079122439,0.0016208194452938147,0.13272383296862245,0.13682812510523945,0.004518800000000001,65.21300000000001,0.06238589584192962,79.1702,cockroachdb sql_mem_root_current,True,False,0,,
cockroachdb,grid,left_recursion,400,ok,,5,0.15337209179997444,0.1538072091061622,0.0023023898998985096,0.14944724994711578,0.15515458292793483,0.005736400000000008,65.6366,0.34383615284026936,79.2746,cockroachdb sql_mem_root_current,True,False,0,,
cockroachdb,grid,left_recursion,500,ok,,5,0.17623017479199915,0.17483133298810571,0.0035407277996365835,0.17347970802802593,0.1823824580060318,0.005388399999999993,65.8066,0.36474484232131354,79.4328,cockroachdb sql_mem_root_current,True,False,0,,
cockroachdb,grid,left_recursion,600,ok,,5,0.19645171659067273,0.19670737499836832,0.0043129927991588084,0.1912562499055639,0.20128316699992865,0.006342399999999993,67.9984,0.9193890906466091,81.6674,cockroachdb sql_mem_root_current,True,False,0,,
cockroachdb,grid,left_recursion,700,ok,,5,0.23127655838616193,0.23146266699768603,0.002768012162406849,0.22847458301112056,0.23552220792043954,0.00814419999999999,70.15039999999999,0.029458445308602924,83.9428,cockroachdb sql_mem_root_current,True,False,0,,
cockroachdb,grid,left_recursion,800,ok,,5,0.2759739333996549,0.274029333028011,0.01163029668193779,0.2661776669556275,0.295891624991782,0.010803599999999991,71.881,0.0,85.7592,cockroachdb sql_mem_root_current,True,False,0,,
cockroachdb,grid,left_recursion,900,ok,,5,0.31995273344218733,0.3170006249565631,0.010231269177900303,0.31021100003272295,0.3362805830547586,0.011253400000000002,74.0724,0.06692010161379279,87.9462,cockroachdb sql_mem_root_current,True,False,0,,
cockroachdb,grid,left_recursion,1000,ok,,5,0.3654959168285131,0.35865308402571827,0.023214642207355175,0.3511235830374062,0.40652345900889486,0.01380960000000001,76.131,0.3668514685809538,90.0028,cockroachdb sql_mem_root_current,True,False,0,,
cockroachdb,grid,right_recursion,100,ok,,5,0.10861798340920359,0.10723025002516806,0.006274375707335962,0.10283354204148054,0.11767041694838554,0.002992199999999989,0.0254,0.023543576618687313,13.8918,cockroachdb sql_mem_root_current,True,False,0,,
cockroachdb,grid,right_recursion,200,ok,,5,0.11768703341949731,0.11823904199991375,0.004400609242210412,0.11154791607987136,0.12379808397963643,0.002981400000000001,38.7808,35.388629786981014,52.7214,cockroachdb sql_mem_root_current,True,False,0,,
cockroachdb,grid,right_recursion,300,ok,,5,0.13711234156507998,0.13392475002910942,0.010435860567184587,0.1283767499262467,0.15497545793186873,0.004913800000000001,65.16799999999999,0.0762430324685484,79.132,cockroachdb sql_mem_root_current,True,False,0,,
cockroachdb,grid,right_recursion,400,ok,,5,0.15652504160534592,0.15270583296660334,0.008045423536507244,0.14952562504913658,0.16989541705697775,0.005841600000000002,65.7756,0.08664467669741767,79.8134,cockroachdb sql_mem_root_current,True,False,0,,
cockroachdb,grid,right_recursion,500,ok,,5,0.17298821660224348,0.1723150829784572,0.003212040718151268,0.169657334103249,0.17716087494045496,0.005477399999999988,66.1076,0.41730121015880034,80.1592,cockroachdb sql_mem_root_current,True,False,0,,
cockroachdb,grid,right_recursion,600,ok,,5,0.20155030018649994,0.1995712920324877,0.004687383493247589,0.19873049994930625,0.2097990419715643,0.006515800000000005,67.5862,1.145271889116286,81.8232,cockroachdb sql_mem_root_current,True,False,0,,
cockroachdb,grid,right_recursion,700,ok,,5,0.23357320858631284,0.23241820791736245,0.003427195133730145,0.22988945909310132,0.2379739589523524,0.008405799999999986,70.131,0.004472135954995512,84.44279999999999,cockroachdb sql_mem_root_current,True,False,0,,
cockroachdb,grid,right_recursion,800,ok,,5,0.2742021665675566,0.2692746249958873,0.009785203354091596,0.2659072499955073,0.2868832079693675,0.010412200000000016,71.9472,0.11672489023340074,86.3096,cockroachdb sql_mem_root_current,True,False,0,,
cockroachdb,grid,right_recursion,900,ok,,5,0.33122793338261547,0.329998999950476,0.021657415470136582,0.3092389169614762,0.3651206670328975,0.011764600000000004,74.047,0.03210140183855026,88.4014,cockroachdb sql_mem_root_current,True,False,0,,
cockroachdb,grid,right_recursion,1000,ok,,5,0.3502983668353409,0.35001983400434256,0.003068419213086652,0.34659258311148733,0.353800458018668,0.013448599999999988,76.4278,0.08802102021675864,90.8058,cockroachdb sql_mem_root_current,True,False,0,,
cockroachdb,max_acyclic,double_recursion,100,error,unsupported,0,,,,,,,,,,,,False,0,,"CockroachDB experiment error: recursive reference to query ""tc"" must not appear more than once RUN_ONE_RESULT {""timing"": {""CreateTableRealTime"": 0.03162058407906443, ""CreateTableCPUTime"": 3.700000000000925e-05, ""LoadDataRealTime"": 0.4062533749965951, ""LoadDataCPUTime"": 0.00016699999999997273, ""CreateIndexRealTime"": 0.4990052080247551, ""CreateIndexCPUTime"": 0.00021899999999996922, ""AnalyzeRealTime"": 0.16264679201412946, ""AnalyzeCPUTime"": 7.599999999996498e-05, ""ExecuteQueryRealTime"": 0.0, ""ExecuteQueryCPUTime"": 0.0, ""WriteResultRealTime"": 0.0, ""WriteResultCPUTime"": 0.0}, ""errors"": [""CockroachDB"
cockroachdb,max_acyclic,double_recursion,200,skipped,unsupported,0,,,,,,,,,,,,False,0,,
cockroachdb,max_acyclic,double_recursion,300,skipped,unsupported,0,,,,,,,,,,,,False,0,,
cockroachdb,max_acyclic,double_recursion,400,skipped,unsupported,0,,,,,,,,,,,,False,0,,
cockroachdb,max_acyclic,double_recursion,500,skipped,unsupported,0,,,,,,,,,,,,False,0,,
cockroachdb,max_acyclic,double_recursion,600,skipped,unsupported,0,,,,,,,,,,,,False,0,,
cockroachdb,max_acyclic,double_recursion,700,skipped,unsupported,0,,,,,,,,,,,,False,0,,
cockroachdb,max_acyclic,double_recursion,800,skipped,unsupported,0,,,,,,,,,,,,False,0,,
cockroachdb,max_acyclic,double_recursion,900,skipped,unsupported,0,,,,,,,,,,,,False,0,,
cockroachdb,max_acyclic,double_recursion,1000,skipped,unsupported,0,,,,,,,,,,,,False,0,,
cockroachdb,max_acyclic,left_recursion,100,ok,,5,0.1200413083890453,0.1204556250013411,0.0025561623559946763,0.11652316700201482,0.1226303749717772,0.0031050000000000023,64.5468,0.30784038071701897,75.3096,cockroachdb sql_mem_root_current,True,False,0,,
cockroachdb,max_acyclic,left_recursion,200,ok,,5,0.2304721081862226,0.22972275002393872,0.004430385206681861,0.22502304194495082,0.23632929101586342,0.008489599999999996,66.7282,0.012969194269497154,77.53,cockroachdb sql_mem_root_current,True,False,0,,
cockroachdb,max_acyclic,left_recursion,300,ok,,5,0.4922540748026222,0.491941082989797,0.005191217071252785,0.48513166699558496,0.4993217920418829,0.018758199999999992,70.0526,0.3343154199255553,80.9148,cockroachdb sql_mem_root_current,True,False,0,,
cockroachdb,max_acyclic,left_recursion,400,ok,,5,1.0095115999924018,0.997421249980107,0.02729627182991751,0.9926381250843406,1.0575459999963641,0.03785179999999999,74.4436,0.05253855726987493,85.3602,cockroachdb sql_mem_root_current,True,False,0,,
cockroachdb,max_acyclic,left_recursion,500,ok,,5,1.8263326581800357,1.8274932919302955,0.01781898262185498,1.8081112079089507,1.8541363750118762,0.0693746,80.2422,0.028717590428166725,91.2312,cockroachdb sql_mem_root_current,True,False,0,,
cockroachdb,max_acyclic,left_recursion,600,ok,,5,3.1440895167877896,3.150957042002119,0.023170015828342366,3.1157003750558943,3.1706281249644235,0.1201238,88.7066,3.7770642435627133,99.7348,cockroachdb sql_mem_root_current,True,False,0,,
cockroachdb,max_acyclic,left_recursion,700,ok,,5,4.922184758447111,4.896186250029132,0.0431314960258083,4.894710417021997,4.994800875079818,0.1852574,98.8832,2.7239482741050693,110.0032,cockroachdb sql_mem_root_current,True,False,0,,
cockroachdb,max_acyclic,left_recursion,800,ok,,5,7.4571386250201614,7.416134750004858,0.07727714903084103,7.410949749988504,7.592020916054025,0.2807836,105.9256,0.3211382879695272,117.1218,cockroachdb sql_mem_root_current,True,False,0,,
cockroachdb,max_acyclic,left_recursion,900,ok,,5,10.862467641429976,10.868905416107737,0.04437434930087727,10.81575549999252,10.906129207927734,0.407638,119.99040000000001,6.85382785748227,130.1606,cockroachdb sql_mem_root_current,True,False,0,,
cockroachdb,max_acyclic,left_recursion,1000,ok,,5,14.679123558220454,14.705413958057761,0.041979769643949394,14.619110541068949,14.710950000095181,0.5515756,134.834,8.118413145436735,144.3238,cockroachdb sql_mem_root_current,True,False,0,,
cockroachdb,max_acyclic,right_recursion,100,ok,,5,0.12293649159837514,0.11891345796175301,0.009854338083184998,0.11524062498938292,0.14005545794498175,0.003798199999999996,64.5468,0.30784038071701897,74.0558,cockroachdb sql_mem_root_current,True,False,0,,
cockroachdb,max_acyclic,right_recursion,200,ok,,5,0.22391785841900855,0.2240302920108661,0.003290487295190741,0.22003087506163865,0.22834625001996756,0.008404400000000001,67.477,0.0,77.032,cockroachdb sql_mem_root_current,True,False,0,,
cockroachdb,max_acyclic,right_recursion,300,ok,,5,0.49765851681586354,0.49910270899999887,0.010902619117744993,0.4812155410181731,0.5107607090612873,0.018834399999999994,71.7306,0.00844393273303602,81.2914,cockroachdb sql_mem_root_current,True,False,0,,
cockroachdb,max_acyclic,right_recursion,400,ok,,5,0.9961660247994587,0.9946049579884857,0.011646767845766477,0.9811478749616072,1.0114268329925835,0.037787,77.6234,0.029929918142219,87.2236,cockroachdb sql_mem_root_current,True,False,0,,
cockroachdb,max_acyclic,right_recursion,500,ok,,5,2.072179049998522,2.086357167107053,0.034011718138953546,2.0214156250003725,2.1030696659581736,0.07875580000000001,85.0958,0.03928358435784593,94.7978,cockroachdb sql_mem_root_current,True,False,0,,
cockroachdb,max_acyclic,right_recursion,600,ok,,5,4.291412816615775,4.281681041000411,0.0432545163867811,4.246951750013977,4.344204624998383,0.1719926,94.7592,0.03488122704263318,104.543,cockroachdb sql_mem_root_current,True,False,0,,
cockroachdb,max_acyclic,right_recursion,700,ok,,5,7.222878600214608,7.224296833970584,0.04562369736601396,7.1739838749635965,7.278271917020902,0.2906016,105.7214,0.35195852028328484,117.73519999999999,cockroachdb sql_mem_root_current,True,False,0,,
cockroachdb,max_acyclic,right_recursion,800,ok,,5,10.664941816590726,10.708396875066683,0.31474285360620996,10.136064499965869,10.904943875037134,0.4259626,118.2502,6.41370078036075,128.1258,cockroachdb sql_mem_root_current,True,False,0,,
cockroachdb,max_acyclic,right_recursion,900,ok,,5,15.60846025859937,16.076567707932554,1.150376906934892,13.55516374995932,16.220078292069957,0.6276774,125.848,0.37165239135515,136.3174,cockroachdb sql_mem_root_current,True,False,0,,
cockroachdb,max_acyclic,right_recursion,1000,ok,,5,20.69282781658694,21.484905292047188,1.533531141376133,18.317408625036478,21.990192124969326,0.8258717999999999,141.2366,6.693392211726433,151.8994,cockroachdb sql_mem_root_current,True,False,0,,
cockroachdb,multi_path,double_recursion,100,error,unsupported,0,,,,,,,,,,,,False,0,,"CockroachDB experiment error: recursive reference to query ""tc"" must not appear more than once RUN_ONE_RESULT {""timing"": {""CreateTableRealTime"": 0.032281249994412065, ""CreateTableCPUTime"": 3.999999999998449e-05, ""LoadDataRealTime"": 0.6707835000706837, ""LoadDataCPUTime"": 9.900000000001574e-05, ""CreateIndexRealTime"": 0.5051636249991134, ""CreateIndexCPUTime"": 0.00018799999999996597, ""AnalyzeRealTime"": 0.14798429200891405, ""AnalyzeCPUTime"": 0.00013299999999999423, ""ExecuteQueryRealTime"": 0.0, ""ExecuteQueryCPUTime"": 0.0, ""WriteResultRealTime"": 0.0, ""WriteResultCPUTime"": 0.0}, ""errors"": [""CockroachD"
cockroachdb,multi_path,double_recursion,200,skipped,unsupported,0,,,,,,,,,,,,False,0,,
cockroachdb,multi_path,double_recursion,300,skipped,unsupported,0,,,,,,,,,,,,False,0,,
cockroachdb,multi_path,double_recursion,400,skipped,unsupported,0,,,,,,,,,,,,False,0,,
cockroachdb,multi_path,double_recursion,500,skipped,unsupported,0,,,,,,,,,,,,False,0,,
cockroachdb,multi_path,double_recursion,600,skipped,unsupported,0,,,,,,,,,,,,False,0,,
cockroachdb,multi_path,double_recursion,700,skipped,unsupported,0,,,,,,,,,,,,False,0,,
cockroachdb,multi_path,double_recursion,800,skipped,unsupported,0,,,,,,,,,,,,False,0,,
cockroachdb,multi_path,double_recursion,900,skipped,unsupported,0,,,,,,,,,,,,False,0,,
cockroachdb,multi_path,double_recursion,1000,skipped,unsupported,0,,,,,,,,,,,,False,0,,
cockroachdb,multi_path,left_recursion,100,ok,,5,0.17264199978671968,0.17333608295302838,0.00457040913117479,0.16573783301282674,0.1766803750069812,0.005588999999999978,65.135,0.1698337422304496,77.69760000000001,cockroachdb sql_mem_root_current,True,False,0,,
cockroachdb,multi_path,left_recursion,200,ok,,5,0.34652070039883254,0.3439921250101179,0.010780732338308566,0.3358064169296995,0.3613280840218067,0.013834599999999997,73.844,0.062225396744416864,86.4202,cockroachdb sql_mem_root_current,True,False,0,,
cockroachdb,multi_path,left_recursion,300,ok,,5,0.6256580331828445,0.6272682079579681,0.016085479083076202,0.5987117919139564,0.6405130000784993,0.024792399999999992,86.2148,0.06249559984511058,98.8146,cockroachdb sql_mem_root_current,True,False,0,,
cockroachdb,multi_path,left_recursion,400,ok,,5,1.0194216501666233,1.0158530839253217,0.028461943665548363,0.9863144590053707,1.0633224999764934,0.0397296,103.7676,0.1451337314341519,116.389,cockroachdb sql_mem_root_current,True,False,0,,
cockroachdb,multi_path,left_recursion,500,ok,,5,1.5064908748026937,1.492028500069864,0.025825168600529982,1.482973292004317,1.5412552079651505,0.0599576,122.224,0.0936989861204519,134.9686,cockroachdb sql_mem_root_current,True,False,0,,
cockroachdb,multi_path,left_recursion,600,ok,,5,5.890247283433564,6.409668125095777,1.199611916252503,3.7454158749897033,6.484651542035863,0.23089359999999998,125.3236,1.3984233264644865,138.1908,cockroachdb sql_mem_root_current,True,False,0,,
cockroachdb,multi_path,left_recursion,700,ok,,5,13.35302025002893,13.378323500044644,0.08570853783199077,13.254170292057097,13.447760374983773,0.5137854000000001,126.7904,1.2750710960570029,139.56799999999998,cockroachdb sql_mem_root_current,True,False,0,,
cockroachdb,multi_path,left_recursion,800,ok,,5,21.61152203322854,21.560799416038208,0.07855464545409352,21.543943125056103,21.702250999980606,0.833246,128.961,0.6043359992586878,141.9888,cockroachdb sql_mem_root_current,True,False,0,,
cockroachdb,multi_path,left_recursion,900,ok,,5,30.561531908204778,30.616841500042938,0.231904453374625,30.311227250029333,30.889186208019964,1.1689748,131.033,4.298898347251311,144.3774,cockroachdb sql_mem_root_current,True,False,0,,
cockroachdb,multi_path,left_recursion,1000,ok,,5,40.60083561679348,40.5047115420457,0.2603282373999064,40.41788416693453,41.060999333974905,1.5537412,129.7576,1.3129725054242403,143.148,cockroachdb sql_mem_root_current,True,False,0,,
cockroachdb,multi_path,right_recursion,100,ok,,5,0.17817424959503114,0.17952737491577864,0.003127983747296023,0.1737279579974711,0.18145883304532617,0.005956600000000001,65.1426,0.21839940476109454,78.4856,cockroachdb sql_mem_root_current,True,False,0,,
cockroachdb,multi_path,right_recursion,200,ok,,5,0.33808105844073,0.33775808406062424,0.01122897768021376,0.32371479109860957,0.3550000840332359,0.013093200000000017,73.8672,0.05770355275024275,87.24539999999999,cockroachdb sql_mem_root_current,True,False,0,,
cockroachdb,multi_path,right_recursion,300,ok,,5,0.618182175187394,0.6207554589491338,0.010478888620039659,0.6019191670930013,0.6291127499425784,0.02412279999999999,86.2364,0.09452407100839279,99.6614,cockroachdb sql_mem_root_current,True,False,0,,
cockroachdb,multi_path,right_recursion,400,ok,,5,1.030774691607803,1.0189135420368984,0.02088952726412092,1.010885333060287,1.059512707986869,0.041367,103.7502,0.10387348073497807,117.2416,cockroachdb sql_mem_root_current,True,False,0,,
cockroachdb,multi_path,right_recursion,500,ok,,5,1.5056653500068933,1.4888718749862164,0.037730332105040544,1.4707420419435948,1.5662186670815572,0.0600318,122.2964,0.13546512466314156,135.829,cockroachdb sql_mem_root_current,True,False,0,,
cockroachdb,multi_path,right_recursion,600,ok,,5,8.089527749805711,8.12080649996642,0.0757422632871493,7.956165875075385,8.139197082957253,0.3087278,127.2534,1.494619115360161,140.8546,cockroachdb sql_mem_root_current,True,False,0,,
cockroachdb,multi_path,right_recursion,700,ok,,5,16.43049045018852,16.350971209001727,0.6388981053288574,15.673148332978599,17.29359633300919,0.6208164,128.2496,0.2767404921582705,141.90900000000002,cockroachdb sql_mem_root_current,True,False,0,,
cockroachdb,multi_path,right_recursion,800,ok,,5,24.977454883395694,24.956112375017256,0.4820302041999166,24.467236750060692,25.66092754190322,0.9460994,129.7616,1.6216637444303856,143.43880000000001,cockroachdb sql_mem_root_current,True,False,0,,
cockroachdb,multi_path,right_recursion,900,ok,,5,34.631878424761815,34.71930599992629,0.5704722617483308,33.87122408300638,35.230929624987766,1.308444,131.22279999999998,5.188472915993684,144.8634,cockroachdb sql_mem_root_current,True,False,0,,
cockroachdb,multi_path,right_recursion,1000,ok,,5,44.91092935819179,44.93314866698347,0.24164109350594742,44.53892245795578,45.13122224994004,1.6937318,130.1348,0.666695357715949,143.87900000000002,cockroachdb sql_mem_root_current,True,False,0,,
cockroachdb,path,double_recursion,100,error,unsupported,0,,,,,,,,,,,,False,0,,"CockroachDB experiment error: recursive reference to query ""tc"" must not appear more than once RUN_ONE_RESULT {""timing"": {""CreateTableRealTime"": 0.03193904203362763, ""CreateTableCPUTime"": 3.4999999999951736e-05, ""LoadDataRealTime"": 0.32047558401245624, ""LoadDataCPUTime"": 0.00016100000000002224, ""CreateIndexRealTime"": 0.5373714999295771, ""CreateIndexCPUTime"": 0.00036400000000003097, ""AnalyzeRealTime"": 0.14761879201978445, ""AnalyzeCPUTime"": 0.00018299999999998873, ""ExecuteQueryRealTime"": 0.0, ""ExecuteQueryCPUTime"": 0.0, ""WriteResultRealTime"": 0.0, ""WriteResultCPUTime"": 0.0}, ""errors"": [""Cockroac"
cockroachdb,path,double_recursion,200,skipped,unsupported,0,,,,,,,,,,,,False,0,,
cockroachdb,path,double_recursion,300,skipped,unsupported,0,,,,,,,,,,,,False,0,,
cockroachdb,path,double_recursion,400,skipped,unsupported,0,,,,,,,,,,,,False,0,,
cockroachdb,path,double_recursion,500,skipped,unsupported,0,,,,,,,,,,,,False,0,,
cockroachdb,path,double_recursion,600,skipped,unsupported,0,,,,,,,,,,,,False,0,,
cockroachdb,path,double_recursion,700,skipped,unsupported,0,,,,,,,,,,,,False,0,,
cockroachdb,path,double_recursion,800,skipped,unsupported,0,,,,,,,,,,,,False,0,,
cockroachdb,path,double_recursion,900,skipped,unsupported,0,,,,,,,,,,,,False,0,,
cockroachdb,path,double_recursion,1000,skipped,unsupported,0,,,,,,,,,,,,False,0,,
cockroachdb,path,left_recursion,100,ok,,5,0.1131870832061395,0.11242241610307246,0.002448077388420898,0.11025708296801895,0.1158290000166744,0.003049400000000002,25.7368,35.232437031803514,37.9,cockroachdb sql_mem_root_current,True,False,0,,
cockroachdb,path,left_recursion,200,ok,,5,0.14635517499409617,0.14519195805769414,0.005219408807960949,0.14113274996634573,0.15496245899703354,0.005636999999999992,64.7888,0.20386932088963253,76.94839999999999,cockroachdb sql_mem_root_current,True,False,0,,
cockroachdb,path,left_recursion,300,ok,,5,0.18144100822973996,0.1769215000094846,0.01101972822857916,0.17419654200784862,0.20096370810642838,0.006085000000000007,65.3948,0.5249759042089452,77.6634,cockroachdb sql_mem_root_current,True,False,0,,
cockroachdb,path,left_recursion,400,ok,,5,0.21843564161099494,0.21784745797049254,0.002069311670977006,0.21658579190261662,0.22186933306511492,0.007908000000000004,67.8402,0.01744133022449902,80.3606,cockroachdb sql_mem_root_current,True,False,0,,
cockroachdb,path,left_recursion,500,ok,,5,0.2783883915981278,0.27675474993884563,0.01012089222651006,0.26600087503902614,0.2939666250022128,0.009877000000000002,69.9764,0.27117946087415823,82.7494,cockroachdb sql_mem_root_current,True,False,0,,
cockroachdb,path,left_recursion,600,ok,,5,0.34270085839089004,0.34640254196710885,0.009002899849620858,0.3314942499855533,0.3535766659770161,0.014080400000000015,72.74000000000001,0.014142135623730649,85.552,cockroachdb sql_mem_root_current,True,False,0,,
cockroachdb,path,left_recursion,700,ok,,5,0.4284494668012485,0.4275525000412017,0.01023257162416791,0.4132753339363262,0.43960870907176286,0.016299799999999996,76.2756,0.04578536884201947,89.0508,cockroachdb sql_mem_root_current,True,False,0,,
cockroachdb,path,left_recursion,800,ok,,5,0.502895949804224,0.5006099999882281,0.013335025818500707,0.4906007080571726,0.5250885409768671,0.019047399999999992,79.678,0.008944271909996585,92.4702,cockroachdb sql_mem_root_current,True,False,0,,
cockroachdb,path,left_recursion,900,ok,,5,0.6064573499839753,0.5909159999573603,0.03025431521484603,0.5870866669574752,0.6588317080168054,0.022733999999999987,84.0154,0.3316471016004841,96.7922,cockroachdb sql_mem_root_current,True,False,0,,
cockroachdb,path,left_recursion,1000,ok,,5,0.7351576168322935,0.7446345840580761,0.022867588858594322,0.7000291250878945,0.7594436249928549,0.028631399999999984,88.8358,0.048401446259384404,101.7046,cockroachdb sql_mem_root_current,True,False,0,,
cockroachdb,path,right_recursion,100,ok,,5,0.12043300003279,0.11893962509930134,0.009225249622398747,0.1139286250108853,0.13632462499663234,0.0031154000000000017,25.813,35.149651498983594,38.5788,cockroachdb sql_mem_root_current,True,False,0,,
cockroachdb,path,right_recursion,200,ok,,5,0.1436231584055349,0.1429833750007674,0.005446928223933737,0.13663179194554687,0.1515562500571832,0.006220800000000015,64.8828,0.15261290902148655,77.231,cockroachdb sql_mem_root_current,True,False,0,,
cockroachdb,path,right_recursion,300,ok,,5,0.17573430861812084,0.1753560840152204,0.0073955648901545094,0.16651787504088134,0.18646695802453905,0.005675799999999997,65.166,0.2091112144290724,77.3368,cockroachdb sql_mem_root_current,True,False,0,,
cockroachdb,path,right_recursion,400,ok,,5,0.22675018322188406,0.2207948750583455,0.012620443221779677,0.21410008298698813,0.24070941703394055,0.008626399999999989,67.914,0.05733672470589891,80.169,cockroachdb sql_mem_root_current,True,False,0,,
cockroachdb,path,right_recursion,500,ok,,5,0.2748483001952991,0.27462979196570814,0.0029633180191861713,0.271441041957587,0.27833750005811453,0.010590600000000006,69.9882,0.25509057215036285,82.3836,cockroachdb sql_mem_root_current,True,False,0,,
cockroachdb,path,right_recursion,600,ok,,5,0.3485294083831832,0.3533967499388382,0.012304150338472427,0.33498454198706895,0.36287433304823935,0.013580400000000003,72.7458,0.047214404581651,85.1902,cockroachdb sql_mem_root_current,True,False,0,,
cockroachdb,path,right_recursion,700,ok,,5,0.41492149140685797,0.41446279105730355,0.009168312414064876,0.40607766690663993,0.4290474579902366,0.016605400000000013,76.3124,0.04003498470088527,88.7842,cockroachdb sql_mem_root_current,True,False,0,,
cockroachdb,path,right_recursion,800,ok,,5,0.5146747833816334,0.5048942919820547,0.022116414296627484,0.49456883303355426,0.5426417499547824,0.019316,79.6718,0.06547671341782768,92.125,cockroachdb sql_mem_root_current,True,False,0,,
cockroachdb,path,right_recursion,900,ok,,5,0.6156082583824173,0.618979666964151,0.01717487895034206,0.5931561249308288,0.6318975409958512,0.024403600000000004,83.8572,0.04170371686073226,96.4006,cockroachdb sql_mem_root_current,True,False,0,,
cockroachdb,path,right_recursion,1000,ok,,5,0.7226249001920223,0.7167882919311523,0.020268522749600535,0.7018098329426721,0.7480475000338629,0.028522199999999987,88.8652,0.07792753043693676,101.3968,cockroachdb sql_mem_root_current,True,False,0,,
cockroachdb,reverse_binary_tree,double_recursion,100,error,unsupported,0,,,,,,,,,,,,False,0,,"CockroachDB experiment error: recursive reference to query ""tc"" must not appear more than once RUN_ONE_RESULT {""timing"": {""CreateTableRealTime"": 0.030532584059983492, ""CreateTableCPUTime"": 2.999999999997449e-05, ""LoadDataRealTime"": 0.2760142079787329, ""LoadDataCPUTime"": 0.00015399999999998748, ""CreateIndexRealTime"": 0.523601624998264, ""CreateIndexCPUTime"": 0.00022299999999997322, ""AnalyzeRealTime"": 0.14522375003434718, ""AnalyzeCPUTime"": 0.00011600000000000499, ""ExecuteQueryRealTime"": 0.0, ""ExecuteQueryCPUTime"": 0.0, ""WriteResultRealTime"": 0.0, ""WriteResultCPUTime"": 0.0}, ""errors"": [""CockroachD"
cockroachdb,reverse_binary_tree,double_recursion,200,skipped,unsupported,0,,,,,,,,,,,,False,0,,
cockroachdb,reverse_binary_tree,double_recursion,300,skipped,unsupported,0,,,,,,,,,,,,False,0,,
cockroachdb,reverse_binary_tree,double_recursion,400,skipped,unsupported,0,,,,,,,,,,,,False,0,,
cockroachdb,reverse_binary_tree,double_recursion,500,skipped,unsupported,0,,,,,,,,,,,,False,0,,
cockroachdb,reverse_binary_tree,double_recursion,600,skipped,unsupported,0,,,,,,,,,,,,False,0,,
cockroachdb,reverse_binary_tree,double_recursion,700,skipped,unsupported,0,,,,,,,,,,,,False,0,,
cockroachdb,reverse_binary_tree,double_recursion,800,skipped,unsupported,0,,,,,,,,,,,,False,0,,
cockroachdb,reverse_binary_tree,double_recursion,900,skipped,unsupported,0,,,,,,,,,,,,False,0,,
cockroachdb,reverse_binary_tree,double_recursion,1000,skipped,unsupported,0,,,,,,,,,,,,False,0,,
cockroachdb,reverse_binary_tree,left_recursion,100,ok,,5,0.11441775837447495,0.10451774997636676,0.0246712139562752,0.0981183749390766,0.15777549997437745,0.0036866000000000065,12.872399999999999,28.690224211392977,26.486600000000003,cockroachdb sql_mem_root_current,True,False,0,,
cockroachdb,reverse_binary_tree,left_recursion,200,ok,,5,0.10296764981467277,0.10294420807622373,0.003234889828232164,0.09953904198482633,0.10813575005158782,0.0032674000000000093,0.0316,0.017386776584519627,13.5796,cockroachdb sql_mem_root_current,True,False,0,,
cockroachdb,reverse_binary_tree,left_recursion,300,ok,,5,0.10162754999473692,0.10167254193220288,0.002730093844837603,0.09775391698349267,0.10486125003080815,0.003304600000000013,0.0258,0.01296919426949878,13.5458,cockroachdb sql_mem_root_current,True,False,0,,
cockroachdb,reverse_binary_tree,left_recursion,400,ok,,5,0.111411666800268,0.10533512500114739,0.013179612165140537,0.10113025002647191,0.13402074994519353,0.003682400000000008,0.0646,0.026482069405543065,13.5754,cockroachdb sql_mem_root_current,True,False,0,,
cockroachdb,reverse_binary_tree,left_recursion,500,ok,,5,0.10129809177014977,0.10149274999275804,0.0033931804795303386,0.09707691695075482,0.10622674995101988,0.0031515999999999988,0.0258,0.019057806799314552,13.6766,cockroachdb sql_mem_root_current,True,False,0,,
cockroachdb,reverse_binary_tree,left_recursion,600,ok,,5,0.11425112499855458,0.11641666595824063,0.005742626978898436,0.10521470895037055,0.12005587504245341,0.0033009999999999984,0.0098,0.02191346617949794,13.7176,cockroachdb sql_mem_root_current,True,False,0,,
cockroachdb,reverse_binary_tree,left_recursion,700,ok,,5,0.11059703337959945,0.11031708295922726,0.003032138218122898,0.10639454191550612,0.11486683308612555,0.0032565999999999984,3.3045999999999998,7.3893102384458045,17.1118,cockroachdb sql_mem_root_current,True,False,0,,
cockroachdb,reverse_binary_tree,left_recursion,800,ok,,5,0.10757627501152456,0.1093925409950316,0.003268645783491292,0.10295316705014557,0.11048066697549075,0.003076800000000002,0.002,0.00447213595499958,13.866200000000001,cockroachdb sql_mem_root_current,True,False,0,,
cockroachdb,reverse_binary_tree,left_recursion,900,ok,,5,0.11103110816329717,0.10817162494640797,0.007212239157527061,0.10563224996440113,0.12361804093234241,0.00336820000000001,0.0196,0.03848116422355228,13.8492,cockroachdb sql_mem_root_current,True,False,0,,
cockroachdb,reverse_binary_tree,left_recursion,1000,ok,,5,0.11015410835389047,0.10741812491323799,0.00530009668906872,0.10692583292257041,0.11945766699500382,0.0035190000000000056,0.006,0.00894427190999916,13.9888,cockroachdb sql_mem_root_current,True,False,0,,
cockroachdb,reverse_binary_tree,right_recursion,100,ok,,5,0.1016531664179638,0.10259870800655335,0.0032595344140276543,0.09652887505944818,0.10437270801048726,0.003332400000000002,0.0334,0.04746367031741225,14.080400000000001,cockroachdb sql_mem_root_current,True,False,0,,
cockroachdb,reverse_binary_tree,right_recursion,200,ok,,5,0.10520334183238447,0.10433437500614673,0.0019876472045715927,0.10290050006005913,0.10739004204515368,0.003122999999999987,0.0276,0.012581732790041284,14.0944,cockroachdb sql_mem_root_current,True,False,0,,
cockroachdb,reverse_binary_tree,right_recursion,300,ok,,5,0.10419690818525851,0.10487370891496539,0.0023238031994154648,0.10144387499894947,0.10658304102253169,0.0033216000000000135,0.051000000000000004,0.033256578296631784,14.1588,cockroachdb sql_mem_root_current,True,False,0,,
cockroachdb,reverse_binary_tree,right_recursion,400,ok,,5,0.10835295841097832,0.10984987497795373,0.0034791955572322994,0.10370166704524308,0.11214579199440777,0.0032067999999999875,0.0646,0.026482069405543065,14.240599999999999,cockroachdb sql_mem_root_current,True,False,0,,
cockroachdb,reverse_binary_tree,right_recursion,500,ok,,5,0.10647071658167988,0.10832624998874962,0.004205072875073776,0.10129220795352012,0.11048812500666827,0.003338200000000002,0.0334,0.014707141122597554,14.3286,cockroachdb sql_mem_root_current,True,False,0,,
cockroachdb,reverse_binary_tree,right_recursion,600,ok,,5,0.10859838337637484,0.11098733299877495,0.0059830564486900335,0.1008308338932693,0.11493391706608236,0.003288000000000002,0.004,0.00894427190999916,14.3208,cockroachdb sql_mem_root_current,True,False,0,,
cockroachdb,reverse_binary_tree,right_recursion,700,ok,,5,0.11038371659815312,0.11001504200976342,0.0014753576900928991,0.10896508302539587,0.11222637491300702,0.002924199999999999,0.0,0.0,14.4694,cockroachdb sql_mem_root_current,True,False,0,,
cockroachdb,reverse_binary_tree,right_recursion,800,ok,,5,0.1118244418175891,0.10879566706717014,0.005926562290891447,0.10789941693656147,0.12193812499754131,0.0034717999999999915,12.850800000000001,28.7352623652543,27.3962,cockroachdb sql_mem_root_current,True,False,0,,
cockroachdb,reverse_binary_tree,right_recursion,900,ok,,5,0.11016686658840627,0.10796741698868573,0.00391170093181006,0.10699533298611641,0.11605387495364994,0.003194399999999986,0.1386,0.30991902168147084,14.6784,cockroachdb sql_mem_root_current,True,False,0,,
cockroachdb,reverse_binary_tree,right_recursion,1000,ok,,5,0.11094180836807936,0.11066008394118398,0.003354256592850025,0.10692933294922113,0.11452308297157288,0.0032121999999999984,12.887799999999999,28.7799987873523,27.413,cockroachdb sql_mem_root_current,True,False,0,,
cockroachdb,scale_free,left_recursion,10000,ok,,5,183.72566348339896,169.4661456659669,32.01496285382633,168.8193918330362,240.98954283399507,6.7147065999999995,198.9238,0.45243308897559753,210.745,cockroachdb sql_mem_root_current,True,False,0,,
cockroachdb,scale_free,left_recursion,20000,timeout,timeout,0,,,,,,,,,,,,False,0,,
cockroachdb,scale_free,left_recursion,30000,skipped,timeout,0,,,,,,,,,,,,False,0,,
cockroachdb,scale_free,left_recursion,40000,skipped,timeout,0,,,,,,,,,,,,False,0,,
cockroachdb,scale_free,left_recursion,50000,skipped,timeout,0,,,,,,,,,,,,False,0,,
cockroachdb,scale_free,left_recursion,60000,skipped,timeout,0,,,,,,,,,,,,False,0,,
cockroachdb,scale_free,left_recursion,70000,skipped,timeout,0,,,,,,,,,,,,False,0,,
cockroachdb,scale_free,left_recursion,80000,skipped,timeout,0,,,,,,,,,,,,False,0,,
cockroachdb,scale_free,left_recursion,90000,skipped,timeout,0,,,,,,,,,,,,False,0,,
cockroachdb,scale_free,right_recursion,10000,ok,,5,100.83918922503945,100.3416370000923,1.573425288551818,99.5886718329275,103.59329575009178,3.9460635999999996,226.8522,0.15604710827182827,238.9268,cockroachdb sql_mem_root_current,True,False,0,,
cockroachdb,scale_free,right_recursion,20000,ok,,5,556.5779309999896,559.6714451659936,12.790770760922387,543.6348080420867,573.7632956249872,20.6086806,227.255,0.42942577938451665,238.42520000000002,cockroachdb sql_mem_root_current,True,False,0,,
cockroachdb,scale_free,right_recursion,30000,timeout,timeout,0,,,,,,,,,,,,False,0,,
cockroachdb,scale_free,right_recursion,40000,skipped,timeout,0,,,,,,,,,,,,False,0,,
cockroachdb,scale_free,right_recursion,50000,skipped,timeout,0,,,,,,,,,,,,False,0,,
cockroachdb,scale_free,right_recursion,60000,skipped,timeout,0,,,,,,,,,,,,False,0,,
cockroachdb,scale_free,right_recursion,70000,skipped,timeout,0,,,,,,,,,,,,False,0,,
cockroachdb,scale_free,right_recursion,80000,skipped,timeout,0,,,,,,,,,,,,False,0,,
cockroachdb,scale_free,right_recursion,90000,skipped,timeout,0,,,,,,,,,,,,False,0,,
cockroachdb,w,double_recursion,100,error,unsupported,0,,,,,,,,,,,,False,0,,"CockroachDB experiment error: recursive reference to query ""tc"" must not appear more than once RUN_ONE_RESULT {""timing"": {""CreateTableRealTime"": 0.032516540959477425, ""CreateTableCPUTime"": 3.6000000000036e-05, ""LoadDataRealTime"": 0.32177883305121213, ""LoadDataCPUTime"": 0.00014100000000000223, ""CreateIndexRealTime"": 0.523805332952179, ""CreateIndexCPUTime"": 0.00030999999999997696, ""AnalyzeRealTime"": 0.16785116691607982, ""AnalyzeCPUTime"": 0.000128000000000017, ""ExecuteQueryRealTime"": 0.0, ""ExecuteQueryCPUTime"": 0.0, ""WriteResultRealTime"": 0.0, ""WriteResultCPUTime"": 0.0}, ""errors"": [""CockroachDB e"
cockroachdb,w,double_recursion,200,skipped,unsupported,0,,,,,,,,,,,,False,0,,
cockroachdb,w,double_recursion,300,skipped,unsupported,0,,,,,,,,,,,,False,0,,
cockroachdb,w,double_recursion,400,skipped,unsupported,0,,,,,,,,,,,,False,0,,
cockroachdb,w,double_recursion,500,skipped,unsupported,0,,,,,,,,,,,,False,0,,
cockroachdb,w,double_recursion,600,skipped,unsupported,0,,,,,,,,,,,,False,0,,
cockroachdb,w,double_recursion,700,skipped,unsupported,0,,,,,,,,,,,,False,0,,
cockroachdb,w,double_recursion,800,skipped,unsupported,0,,,,,,,,,,,,False,0,,
cockroachdb,w,double_recursion,900,skipped,unsupported,0,,,,,,,,,,,,False,0,,
cockroachdb,w,double_recursion,1000,skipped,unsupported,0,,,,,,,,,,,,False,0,,
cockroachdb,w,left_recursion,100,ok,,5,0.10514079162385315,0.10507745807990432,0.00228440104825183,0.10212924994993955,0.1083156670210883,0.0034214000000000076,0.0374,0.015883954167649816,9.0548,cockroachdb sql_mem_root_current,True,False,0,,
cockroachdb,w,left_recursion,200,ok,,5,0.10298910858109593,0.10261233395431191,0.0031456115528707305,0.09841929108370095,0.10652595898136497,0.0032210000000000073,0.0,0.0,9.059,cockroachdb sql_mem_root_current,True,False,0,,
cockroachdb,w,left_recursion,300,ok,,5,0.11191734159365296,0.10750174999702722,0.00921652146816286,0.10476987506262958,0.1270524999126792,0.003081200000000006,12.852599999999999,28.685066346445844,21.9858,cockroachdb sql_mem_root_current,True,False,0,,
cockroachdb,w,left_recursion,400,ok,,5,0.11317722499370575,0.11128216609358788,0.007275634721858408,0.10815216694027185,0.12588483397848904,0.003282800000000008,12.8996,28.8007815918249,22.1086,cockroachdb sql_mem_root_current,True,False,0,,
cockroachdb,w,left_recursion,500,ok,,5,0.11400268340948969,0.11257216695230454,0.007139351257708648,0.10894599999301136,0.12635237502399832,0.0034407999999999995,0.023200000000000002,0.01296919426949878,9.2912,cockroachdb sql_mem_root_current,True,False,0,,
cockroachdb,w,left_recursion,600,ok,,5,0.11539184160064905,0.11387437500525266,0.003004494121979421,0.11304987489711493,0.1204294579802081,0.003188599999999986,25.758399999999998,35.23965065519237,37.2974,cockroachdb sql_mem_root_current,True,False,0,,
cockroachdb,w,left_recursion,700,ok,,5,0.11491698359604925,0.11313866695854813,0.003943831359499555,0.11115445895120502,0.11959125008434057,0.0033147999999999954,12.9172,28.785367406027667,22.2456,cockroachdb sql_mem_root_current,True,False,0,,
cockroachdb,w,left_recursion,800,ok,,5,0.11616819999180734,0.11807566694915295,0.003433129517331205,0.11199620901606977,0.11908070801291615,0.0031478000000000005,38.689,35.26011274088613,48.1188,cockroachdb sql_mem_root_current,True,False,0,,
cockroachdb,w,left_recursion,900,ok,,5,0.11800393320154398,0.11636562505736947,0.005459019531601374,0.1121024580206722,0.12666841596364975,0.0031368000000000064,13.011,28.788379869315325,22.5362,cockroachdb sql_mem_root_current,True,False,0,,
cockroachdb,w,left_recursion,1000,ok,,5,0.1277754415757954,0.12003758398350328,0.01692197973826038,0.11713929090183228,0.15766470797825605,0.003943399999999986,51.669000000000004,28.867662738780915,61.292,cockroachdb sql_mem_root_current,True,False,0,,
cockroachdb,w,right_recursion,100,ok,,5,0.10397858337964863,0.10433674999512732,0.002488271181146279,0.10150637500919402,0.10756720788776875,0.003335599999999994,0.0432,0.017838161340227865,9.791,cockroachdb sql_mem_root_current,True,False,0,,
cockroachdb,w,right_recursion,200,ok,,5,0.11062164993491024,0.10716849996242672,0.009376645812038929,0.10457162489183247,0.12727920897305012,0.0033909999999999995,12.852599999999999,28.701276858355968,22.624200000000002,cockroachdb sql_mem_root_current,True,False,0,,
cockroachdb,w,right_recursion,300,ok,,5,0.1120903831673786,0.11240370792802423,0.00669299477352091,0.10448441607877612,0.12230691697914153,0.0033202000000000175,12.8956,28.71581989600854,22.677200000000003,cockroachdb sql_mem_root_current,True,False,0,,
cockroachdb,w,right_recursion,400,ok,,5,0.11373537522740662,0.11001595808193088,0.008819859777654248,0.10818070906680077,0.12929370801430196,0.0038453999999999767,0.013600000000000001,0.014638989036132243,9.8728,cockroachdb sql_mem_root_current,True,False,0,,
cockroachdb,w,right_recursion,500,ok,,5,0.11527832520660013,0.10949858406092972,0.012315684287982765,0.10847325006034225,0.1371027498971671,0.0032737999999999934,0.029,0.0,9.957,cockroachdb sql_mem_root_current,True,False,0,,
cockroachdb,w,right_recursion,600,ok,,5,0.11582536660134793,0.1132570409681648,0.0058486255095142005,0.11257179093081504,0.12624954199418426,0.0032618000000000035,0.0196,0.011844830095868831,10.049,cockroachdb sql_mem_root_current,True,False,0,,
cockroachdb,w,right_recursion,700,ok,,5,0.11133375018835068,0.11134229204617441,0.0013486913927971671,0.10982250003144145,0.11342366691678762,0.003257600000000005,0.0332,0.03284356862461812,10.1232,cockroachdb sql_mem_root_current,True,False,0,,
cockroachdb,w,right_recursion,800,ok,,5,0.12053117519244552,0.11961191694717854,0.007877236195558556,0.11131225002463907,0.1317462919978425,0.004336399999999985,38.8492,35.23310354198165,49.035,cockroachdb sql_mem_root_current,True,False,0,,
cockroachdb,w,right_recursion,900,ok,,5,0.11679879983421415,0.1143183329841122,0.006883180862180818,0.11084429104812443,0.12795229209586978,0.003212400000000004,13.5402,28.5107214605313,23.7284,cockroachdb sql_mem_root_current,True,False,0,,
cockroachdb,w,right_recursion,1000,ok,,5,0.11897843359038233,0.11883708403911442,0.001577031036366368,0.1174142089439556,0.12082425004336983,0.003426399999999996,25.8306,35.36087860616588,36.3178,cockroachdb sql_mem_root_current,True,False,0,,
cockroachdb,x,double_recursion,100,error,unsupported,0,,,,,,,,,,,,False,0,,"CockroachDB experiment error: recursive reference to query ""tc"" must not appear more than once RUN_ONE_RESULT {""timing"": {""CreateTableRealTime"": 0.030495082959532738, ""CreateTableCPUTime"": 3.4000000000034e-05, ""LoadDataRealTime"": 0.28300308308098465, ""LoadDataCPUTime"": 0.000142000000000031, ""CreateIndexRealTime"": 0.5329083749093115, ""CreateIndexCPUTime"": 0.00019599999999997397, ""AnalyzeRealTime"": 0.14147916692309082, ""AnalyzeCPUTime"": 8.299999999999974e-05, ""ExecuteQueryRealTime"": 0.0, ""ExecuteQueryCPUTime"": 0.0, ""WriteResultRealTime"": 0.0, ""WriteResultCPUTime"": 0.0}, ""errors"": [""CockroachDB e"
cockroachdb,x,double_recursion,200,skipped,unsupported,0,,,,,,,,,,,,False,0,,
cockroachdb,x,double_recursion,300,skipped,unsupported,0,,,,,,,,,,,,False,0,,
cockroachdb,x,double_recursion,400,skipped,unsupported,0,,,,,,,,,,,,False,0,,
cockroachdb,x,double_recursion,500,skipped,unsupported,0,,,,,,,,,,,,False,0,,
cockroachdb,x,double_recursion,600,skipped,unsupported,0,,,,,,,,,,,,False,0,,
cockroachdb,x,double_recursion,700,skipped,unsupported,0,,,,,,,,,,,,False,0,,
cockroachdb,x,double_recursion,800,skipped,unsupported,0,,,,,,,,,,,,False,0,,
cockroachdb,x,double_recursion,900,skipped,unsupported,0,,,,,,,,,,,,False,0,,
cockroachdb,x,double_recursion,1000,skipped,unsupported,0,,,,,,,,,,,,False,0,,
cockroachdb,x,left_recursion,100,ok,,5,0.10559874998871237,0.10047862504143268,0.010554188554250728,0.09953266591764987,0.12430104205850512,0.003419800000000017,12.850999999999999,28.664162939112664,27.5202,cockroachdb sql_mem_root_current,True,False,0,,
cockroachdb,x,left_recursion,200,ok,,5,0.10713714160956442,0.10602037492208183,0.005187842970444244,0.10084791702684015,0.11485258303582668,0.003117599999999998,0.0254,0.03201249755954696,14.705,cockroachdb sql_mem_root_current,True,False,0,,
cockroachdb,x,left_recursion,300,ok,,5,0.10891310835722834,0.10832712496630847,0.0039553564673394225,0.10354637494310737,0.11339079192839563,0.003303200000000006,0.1444,0.2851496098541957,14.8612,cockroachdb sql_mem_root_current,True,False,0,,
cockroachdb,x,left_recursion,400,ok,,5,0.11048540000338107,0.11087287496775389,0.001760963081244245,0.10763537499587983,0.11242337501607835,0.0032166000000000026,0.0,0.0,14.7052,cockroachdb sql_mem_root_current,True,False,0,,
cockroachdb,x,left_recursion,500,ok,,5,0.1140308247646317,0.11293470789678395,0.0024393154383029305,0.11203391593880951,0.11805529205594212,0.0033225999999999976,0.0,0.0,14.6504,cockroachdb sql_mem_root_current,True,False,0,,
cockroachdb,x,left_recursion,600,ok,,5,0.11071793322917074,0.11005312507040799,0.002165880897522969,0.10817341599613428,0.1134593749884516,0.0032618000000000148,0.004,0.00894427190999916,14.6992,cockroachdb sql_mem_root_current,True,False,0,,
cockroachdb,x,left_recursion,700,ok,,5,0.11373284999281168,0.1144312919350341,0.0036441621763494275,0.10970083298161626,0.11891954194288701,0.0031698000000000117,13.0344,28.748822033259035,27.8196,cockroachdb sql_mem_root_current,True,False,0,,
cockroachdb,x,left_recursion,800,ok,,5,0.11992290820926428,0.11861012503504753,0.010535578680730566,0.11059150006622076,0.1375235830200836,0.003715999999999997,25.892999999999997,35.45580582922915,40.644800000000004,cockroachdb sql_mem_root_current,True,False,0,,
cockroachdb,x,left_recursion,900,ok,,5,0.11684477496892214,0.11518920795060694,0.005606706620485768,0.11221016698982567,0.12656295800115913,0.003177799999999997,13.0072,28.828143552785356,27.7284,cockroachdb sql_mem_root_current,True,False,0,,
cockroachdb,x,left_recursion,1000,ok,,5,0.11669576659332961,0.11477649991866201,0.0035063072972363082,0.11351616703905165,0.12055500003043562,0.0031618000000000037,25.842200000000002,35.363534081027595,40.5486,cockroachdb sql_mem_root_current,True,False,0,,
cockroachdb,x,right_recursion,100,ok,,5,0.10833601679187269,0.10107104200869799,0.015546593908786746,0.09868191694840789,0.1358159170486033,0.0041194000000000066,12.845199999999998,28.667398882702976,27.589399999999998,cockroachdb sql_mem_root_current,True,False,0,,
cockroachdb,x,right_recursion,200,ok,,5,0.11143401660956442,0.10523324995301664,0.017071739796890056,0.10136299999430776,0.14160437497776002,0.003803000000000012,0.002,0.00447213595499958,14.6154,cockroachdb sql_mem_root_current,True,False,0,,
cockroachdb,x,right_recursion,300,ok,,5,0.10840658340603113,0.107701166998595,0.0018247523626460688,0.10666799999307841,0.11048370902426541,0.0032917999999999893,0.0508,0.09255106698466528,14.5326,cockroachdb sql_mem_root_current,True,False,0,,
cockroachdb,x,right_recursion,400,ok,,5,0.10856175005901605,0.10713883303105831,0.003855283563775699,0.10466112510766834,0.11475975008215755,0.0031325999999999854,12.9114,28.701685818083927,27.422400000000003,cockroachdb sql_mem_root_current,True,False,0,,
cockroachdb,x,right_recursion,500,ok,,5,0.11294893338344991,0.11222433298826218,0.0050538019443160925,0.10780350002460182,0.11980270897038281,0.0031528,0.0314,0.04515307298512472,14.6198,cockroachdb sql_mem_root_current,True,False,0,,
cockroachdb,x,right_recursion,600,ok,,5,0.11159230819903314,0.1119361249729991,0.0017139949285110783,0.1090772079769522,0.1134152909507975,0.0032394000000000147,0.0058000000000000005,0.01296919426949878,14.7122,cockroachdb sql_mem_root_current,True,False,0,,
cockroachdb,x,right_recursion,700,ok,,5,0.11606766676995903,0.11547924997285008,0.006950553045398271,0.10902712494134903,0.1275489169638604,0.0031122000000000094,0.048799999999999996,0.10912011730198974,14.868599999999999,cockroachdb sql_mem_root_current,True,False,0,,
cockroachdb,x,right_recursion,800,ok,,5,0.12088433341123164,0.11874454200733453,0.008566898878666079,0.11314162507187575,0.1354021659353748,0.0038372000000000185,51.6142,28.853219893107248,66.473,cockroachdb sql_mem_root_current,True,False,0,,
cockroachdb,x,right_recursion,900,ok,,5,0.1216279499931261,0.11709862505085766,0.009609514608792988,0.11615245789289474,0.1386431249557063,0.0041120000000000045,25.9106,35.29675634955711,40.824,cockroachdb sql_mem_root_current,True,False,0,,
cockroachdb,x,right_recursion,1000,ok,,5,0.11668262495659291,0.11612300004344434,0.003891581886363479,0.1112954169511795,0.12179637490771711,0.0032116000000000145,40.3588,36.98609677568046,55.348800000000004,cockroachdb sql_mem_root_current,True,False,0,,
cockroachdb,y,double_recursion,100,error,unsupported,0,,,,,,,,,,,,False,0,,"CockroachDB experiment error: recursive reference to query ""tc"" must not appear more than once RUN_ONE_RESULT {""timing"": {""CreateTableRealTime"": 0.033549249987117946, ""CreateTableCPUTime"": 3.500000000000725e-05, ""LoadDataRealTime"": 0.275977540994063, ""LoadDataCPUTime"": 0.00013499999999999623, ""CreateIndexRealTime"": 0.5353429999668151, ""CreateIndexCPUTime"": 0.0002749999999999697, ""AnalyzeRealTime"": 0.15856641705613583, ""AnalyzeCPUTime"": 0.00014300000000000423, ""ExecuteQueryRealTime"": 0.0, ""ExecuteQueryCPUTime"": 0.0, ""WriteResultRealTime"": 0.0, ""WriteResultCPUTime"": 0.0}, ""errors"": [""CockroachDB"
cockroachdb,y,double_recursion,200,skipped,unsupported,0,,,,,,,,,,,,False,0,,
cockroachdb,y,double_recursion,300,skipped,unsupported,0,,,,,,,,,,,,False,0,,
cockroachdb,y,double_recursion,400,skipped,unsupported,0,,,,,,,,,,,,False,0,,
cockroachdb,y,double_recursion,500,skipped,unsupported,0,,,,,,,,,,,,False,0,,
cockroachdb,y,double_recursion,600,skipped,unsupported,0,,,,,,,,,,,,False,0,,
cockroachdb,y,double_recursion,700,skipped,unsupported,0,,,,,,,,,,,,False,0,,
cockroachdb,y,double_recursion,800,skipped,unsupported,0,,,,,,,,,,,,False,0,,
cockroachdb,y,double_recursion,900,skipped,unsupported,0,,,,,,,,,,,,False,0,,
cockroachdb,y,double_recursion,1000,skipped,unsupported,0,,,,,,,,,,,,False,0,,
cockroachdb,y,left_recursion,100,ok,,5,0.10923834959976375,0.10195979103446007,0.014775781197544028,0.09832979098428041,0.1344737500185147,0.0031916000000000054,0.0334,0.014707141122597554,8.8652,cockroachdb sql_mem_root_current,True,False,0,,
cockroachdb,y,left_recursion,200,ok,,5,0.10589523338712752,0.10476654092781246,0.004644111707121648,0.1007639589952305,0.11274945794139057,0.0032397999999999815,0.013600000000000001,0.01895521036549054,8.8926,cockroachdb sql_mem_root_current,True,False,0,,
cockroachdb,y,left_recursion,300,ok,,5,0.1155682333977893,0.10837854200508446,0.015703959164009258,0.10639379196800292,0.1431854999391362,0.004022200000000009,0.0274,0.025055937420100653,8.8218,cockroachdb sql_mem_root_current,True,False,0,,
cockroachdb,y,left_recursion,400,ok,,5,0.11684896657243371,0.1089824999216944,0.018690753002124878,0.10463549999985844,0.1499493329320103,0.0037295999999999996,25.701600000000003,35.19336520993695,34.5094,cockroachdb sql_mem_root_current,True,False,0,,
cockroachdb,y,left_recursion,500,ok,,5,0.1138456413988024,0.11453383299522102,0.005908259593689993,0.10815750004258007,0.12283437501173466,0.003666400000000003,0.0,0.0,8.8352,cockroachdb sql_mem_root_current,True,False,0,,
cockroachdb,y,left_recursion,600,ok,,5,0.1132418667897582,0.11102004197891802,0.003913225666377524,0.11062408401630819,0.11986712494399399,0.0033559999999999922,0.0,0.0,8.96,cockroachdb sql_mem_root_current,True,False,0,,
cockroachdb,y,left_recursion,700,ok,,5,0.11329610040411353,0.11182345903944224,0.0026338813881084874,0.11098391702398658,0.11725095903966576,0.003156800000000004,0.0118,0.02638560213449752,9.1144,cockroachdb sql_mem_root_current,True,False,0,,
cockroachdb,y,left_recursion,800,ok,,5,0.1184323247987777,0.11641183297615498,0.00782191961378809,0.1121732919709757,0.13154016598127782,0.003501999999999994,12.9544,28.819565243077488,21.997,cockroachdb sql_mem_root_current,True,False,0,,
cockroachdb,y,left_recursion,900,ok,,5,0.11642151661217212,0.11532624997198582,0.0029834770919400042,0.11371412500739098,0.12148954102303833,0.002959800000000001,13.054000000000002,28.720944004332452,22.1778,cockroachdb sql_mem_root_current,True,False,0,,
cockroachdb,y,left_recursion,1000,ok,,5,0.12051849174313248,0.11659629188943654,0.007914079676449734,0.1148466250160709,0.13406387495342642,0.003548000000000007,12.917200000000001,28.856353246728876,22.086,cockroachdb sql_mem_root_current,True,False,0,,
cockroachdb,y,right_recursion,100,ok,,5,0.10479190037585795,0.10148012498393655,0.00726435856143478,0.09947070898488164,0.11719916702713817,0.0031928000000000178,0.0548,0.03404702630186666,9.2568,cockroachdb sql_mem_root_current,True,False,0,,
cockroachdb,y,right_recursion,200,ok,,5,0.10576270839665085,0.10324550000950694,0.006930608235938779,0.09808608400635421,0.11449112498667091,0.0031581999999999886,0.0058000000000000005,0.01296919426949878,9.2354,cockroachdb sql_mem_root_current,True,False,0,,
cockroachdb,y,right_recursion,300,ok,,5,0.10935550844296812,0.10814904200378805,0.0031328197471678335,0.1060214580502361,0.11275379208382219,0.003318000000000021,0.11560000000000001,0.2251150816804596,9.459800000000001,cockroachdb sql_mem_root_current,True,False,0,,
cockroachdb,y,right_recursion,400,ok,,5,0.11891710842028261,0.1180520000634715,0.012668688780442377,0.10339125001337379,0.13865974999498576,0.003256799999999993,12.850800000000001,28.7352623652543,22.154400000000003,cockroachdb sql_mem_root_current,True,False,0,,
cockroachdb,y,right_recursion,500,ok,,5,0.11302735779900104,0.11298579105641693,0.0023531706226619983,0.10944929090328515,0.11553554097190499,0.003161999999999998,12.8976,28.758363353988,22.25,cockroachdb sql_mem_root_current,True,False,0,,
cockroachdb,y,right_recursion,600,ok,,5,0.1155914413742721,0.11550316598732024,0.004553697331981709,0.10918475000653416,0.12093883298803121,0.003401799999999999,0.0,0.0,9.3098,cockroachdb sql_mem_root_current,True,False,0,,
cockroachdb,y,right_recursion,700,ok,,5,0.1179040249902755,0.11761691595893353,0.007800482212272835,0.10845620895270258,0.12641075009014457,0.0034714000000000134,25.77,35.287039483357056,34.6034,cockroachdb sql_mem_root_current,True,False,0,,
cockroachdb,y,right_recursion,800,ok,,5,0.11769820819608867,0.11598929099272937,0.007911099898757346,0.11129699996672571,0.13134049996733665,0.0034560000000000033,12.9932,28.808897144805805,21.8664,cockroachdb sql_mem_root_current,True,False,0,,
cockroachdb,y,right_recursion,900,ok,,5,0.12086752499453723,0.11945483298040926,0.006837772750055667,0.11553387495223433,0.13263658399228007,0.003912399999999994,38.730000000000004,35.35549651751479,47.6148,cockroachdb sql_mem_root_current,True,False,0,,
cockroachdb,y,right_recursion,1000,ok,,5,0.12048297515138984,0.1172921669203788,0.009356083802175053,0.11423095792997628,0.1368419589707628,0.0038011999999999933,38.751599999999996,35.375230236706585,47.7106,cockroachdb sql_mem_root_current,True,False,0,,
duckdb,barabasi_albert,left_recursion,10000,ok,,5,0.035093141812831165,0.034952124988194555,0.0005085053643103212,0.034754958003759384,0.03598562499973923,0.061367599999999994,30.849999999999998,0.12708068303247427,85.1906,duckdb process RSS,True,False,0,,
duckdb,barabasi_albert,left_recursion,20000,ok,,5,0.08369350839639082,0.08375174994580448,0.00045315175392112003,0.0830592920538038,0.08431025000754744,0.1251758,55.9094,0.5483924689490186,114.9438,duckdb process RSS,True,False,0,,
duckdb,barabasi_albert,left_recursion,30000,ok,,5,0.17237688299501314,0.15430362499319017,0.03674579875526491,0.152624707960058,0.2376905829878524,0.2460046,98.9876,0.13197461877193975,161.3032,duckdb process RSS,True,False,5,agreement,
duckdb,barabasi_albert,left_recursion,40000,ok,,5,0.22251736640464514,0.21643379097804427,0.012974073702549948,0.2159107499755919,0.2456383330281824,0.2931656,115.11580000000001,0.23612539041788685,179.6562,duckdb process RSS,True,False,5,agreement,
duckdb,barabasi_albert,left_recursion,50000,ok,,5,0.3419187834020704,0.333857083984185,0.02205664895811339,0.328667875030078,0.38114708301145583,0.43909539999999997,197.1874,0.09837072735320815,264.2248,duckdb process RSS,True,False,5,agreement,
duckdb,barabasi_albert,left_recursion,60000,ok,,5,0.40473109161248433,0.404767083004117,0.003976577880398896,0.39992212504148483,0.40962441702140495,0.5515292,211.9594,0.2553141202518945,281.044,duckdb process RSS,True,False,5,agreement,
duckdb,barabasi_albert,left_recursion,70000,ok,,5,0.5011558586033061,0.4852200000314042,0.030751917531983437,0.4810409589554183,0.5538059159880504,0.6091844,234.50300000000001,0.08782938005018932,306.975,duckdb process RSS,True,False,5,agreement,
duckdb,barabasi_albert,left_recursion,80000,ok,,5,0.7034518331871368,0.6723192919744179,0.07177754641735429,0.6633631250006147,0.8310313330148347,0.8922384,381.078,0.06971011404380363,456.253,duckdb process RSS,True,False,5,agreement,
duckdb,barabasi_albert,left_recursion,90000,ok,,5,0.7489156333962456,0.7486524170381017,0.0034998927876609457,0.7435819579986855,0.7525896669831127,1.1069546,399.6906,0.513387572892056,478.597,duckdb process RSS,True,False,5,agreement,
duckdb,barabasi_albert,left_recursion,100000,ok,,5,0.8292792082065716,0.8275437920237891,0.008055180958005627,0.8227896249736659,0.8430422500241548,1.0599478,419.8282,0.44941484176648777,500.7438,duckdb process RSS,,False,5,,
duckdb,barabasi_albert,right_recursion,10000,ok,,5,0.04991737479576841,0.03860370797337964,0.01584464555977854,0.03806537500349805,0.06763241597218439,0.09903859999999999,39.5438,0.6038002153030415,93.76859999999999,duckdb process RSS,True,False,0,,
duckdb,barabasi_albert,right_recursion,20000,ok,,5,0.09300983338616789,0.0926147080026567,0.001033397664861974,0.09207299997797236,0.09411999996518716,0.177447,73.4062,1.4146012512365456,132.3468,duckdb process RSS,True,False,0,,
duckdb,barabasi_albert,right_recursion,30000,ok,,5,0.17531332500511781,0.17410033399937674,0.0037375300878516645,0.172654333000537,0.18190020800102502,0.3144146,122.953,1.3100024809136797,185.2062,duckdb process RSS,True,False,5,agreement,
duckdb,barabasi_albert,right_recursion,40000,ok,,5,0.3177646831958555,0.25167429202701896,0.15038492616007726,0.24752674996852875,0.5867549579706974,0.5900954,145.0032,0.9977530756655207,209.531,duckdb process RSS,True,False,5,agreement,
duckdb,barabasi_albert,right_recursion,50000,ok,,5,0.3778914666152559,0.3788820420159027,0.0027857019316732618,0.3730554999783635,0.3799866660265252,0.758207,227.21540000000002,1.1727181247000507,294.2186,duckdb process RSS,True,False,5,agreement,
duckdb,barabasi_albert,right_recursion,60000,ok,,5,0.47348912520101294,0.465825459046755,0.016425882659432824,0.4629552499973215,0.5024351659812964,0.9756892,231.272,1.1996651616180225,300.34700000000004,duckdb process RSS,True,False,5,agreement,
duckdb,barabasi_albert,right_recursion,70000,ok,,5,0.5771471086074598,0.5785156670026481,0.009984821732432491,0.5633356249891222,0.5911097089992836,1.3317048,261.8686,0.6339320152823951,334.2968,duckdb process RSS,True,False,5,agreement,
duckdb,barabasi_albert,right_recursion,80000,ok,,5,0.7753682668204419,0.777006916992832,0.004668779132212307,0.7696705000125803,0.7798192920163274,1.6623068,424.2718,1.4770967131505104,499.475,duckdb process RSS,True,False,5,agreement,
duckdb,barabasi_albert,right_recursion,90000,ok,,5,0.8649218914099037,0.8620955410297029,0.007821628090676817,0.8570689170155674,0.8736617499962449,1.8432146,446.1938,2.0084116111992536,525.0594,duckdb process RSS,True,False,5,agreement,
duckdb,barabasi_albert,right_recursion,100000,ok,,5,0.9823231329792179,0.9769758330076002,0.013389383965524488,0.9729545409791172,1.0059527079574764,2.4053652,500.1406,1.9593132215141136,580.9094,duckdb process RSS,,False,5,,
duckdb,binary_tree,double_recursion,100,ok,,5,0.0008965917979367078,0.0009013749659061432,3.713827853655407e-05,0.0008367500267922878,0.0009301250101998448,0.0016848000000000002,2.5061999999999998,0.04751526070642994,53.6094,duckdb process RSS,False,True,0,,
duckdb,binary_tree,double_recursion,200,ok,,5,0.0072822580114007,0.0009465829934924841,0.014239180587210213,0.0008570830104872584,0.03275395801756531,0.011633399999999999,2.472,0.048564390246352306,53.578,duckdb process RSS,False,True,0,,
duckdb,binary_tree,double_recursion,300,ok,,5,0.00095044159097597,0.0009016250260174274,0.00010270197401104161,0.0008666659705340862,0.001123499998357147,0.0016904000000000003,2.4064,0.053153551151357746,53.4906,duckdb process RSS,False,True,0,,
duckdb,binary_tree,double_recursion,400,ok,,5,0.0009565497981384397,0.0009518750011920929,1.617085874558425e-05,0.0009382080170325935,0.0009760829852893949,0.001830399999999996,2.4344,0.037111992670833455,53.6376,duckdb process RSS,False,True,0,,
duckdb,binary_tree,double_recursion,500,ok,,5,0.006760950025636703,0.0008852500468492508,0.013111239716490532,0.0008634999976493418,0.030214958009310067,0.010653,2.3656,0.04245350397788162,53.5374,duckdb process RSS,False,True,0,,
duckdb,binary_tree,double_recursion,600,ok,,5,0.0017566499882377684,0.001114124956075102,0.0014763204693054304,0.001024708035402,0.004396333999466151,0.0031459999999999986,2.6282,0.03012806001056168,54.2374,duckdb process RSS,False,True,0,,
duckdb,binary_tree,double_recursion,700,ok,,5,0.002994891977868974,0.0011259589809924364,0.004150561655296611,0.0010638749809004366,0.01041854196228087,0.004976200000000003,2.6470000000000002,0.04237924020083431,54.2716,duckdb process RSS,False,True,0,,
duckdb,binary_tree,double_recursion,800,ok,,5,0.0016910577891394497,0.0011565829627215862,0.0012826428453842306,0.0010527910199016333,0.003984166018199176,0.0030164,2.678,0.05265453446760304,54.2688,duckdb process RSS,False,True,0,,
duckdb,binary_tree,double_recursion,900,ok,,5,0.0011135419947095216,0.0011204169713892043,4.6282094634036286e-05,0.0010469999979250133,0.0011739589972421527,0.002014599999999997,2.6752000000000002,0.04600760806649265,54.2532,duckdb process RSS,False,True,0,,
duckdb,binary_tree,double_recursion,1000,ok,,5,0.0010848831967450677,0.001084832998458296,5.6046923235559954e-05,0.0010281249997206032,0.0011529159964993596,0.0020036,2.7064,0.04189033301371563,54.2966,duckdb process RSS,False,True,0,,
duckdb,binary_tree,doublerecurring_recursion,100,ok,,5,0.001036375213880092,0.001032333995681256,4.662536928911606e-05,0.0009764999849721789,0.001097500033210963,0.0020457999999999948,2.2594,0.049917932649499744,53.3718,duckdb process RSS,True,False,0,,
duckdb,binary_tree,doublerecurring_recursion,200,ok,,5,0.0017647749977186323,0.0010444590006954968,0.0016465417266361346,0.0010007499950006604,0.004709957982413471,0.0027814000000000007,2.4438,0.04749947368129458,53.5156,duckdb process RSS,True,False,0,,
duckdb,binary_tree,doublerecurring_recursion,300,ok,,5,0.0011516917846165597,0.0011372920125722885,4.167162374536344e-05,0.0011088329483754933,0.0012045420007780194,0.0019598000000000033,2.4408,0.057560403056267806,53.5812,duckdb process RSS,True,False,0,,
duckdb,binary_tree,doublerecurring_recursion,400,ok,,5,0.0012037333799526095,0.0011860420345328748,4.085367085849655e-05,0.001170832954812795,0.0012663329835049808,0.00219,2.4314,0.04245350397788147,53.6124,duckdb process RSS,True,False,0,,
duckdb,binary_tree,doublerecurring_recursion,500,ok,,5,0.0011520168045535684,0.0011370420106686652,5.60492581729533e-05,0.0011005830019712448,0.0012475840048864484,0.0018775999999999988,2.4094,0.03569733883638945,53.5532,duckdb process RSS,True,False,0,,
duckdb,binary_tree,doublerecurring_recursion,600,ok,,5,0.0014692749711684883,0.0014743749634362757,6.644529181175849e-05,0.0013869169633835554,0.0015356249641627073,0.002690200000000001,3.0218,0.0669380310436452,54.5938,duckdb process RSS,True,False,0,,
duckdb,binary_tree,doublerecurring_recursion,700,ok,,5,0.006759000022429973,0.0014594580279663205,0.011886795337963475,0.001385625044349581,0.028022625017911196,0.010907199999999997,2.9658,0.11129330617786501,54.5438,duckdb process RSS,True,False,0,,
duckdb,binary_tree,doublerecurring_recursion,800,ok,,5,0.0014849831932224333,0.0015265420079231262,7.688497059090904e-05,0.0013676660018973053,0.0015461659641005099,0.0030941999999999996,2.9779999999999998,0.06309912836165005,54.553200000000004,duckdb process RSS,True,False,0,,
duckdb,binary_tree,doublerecurring_recursion,900,ok,,5,0.0014966250048018992,0.0015117499860934913,4.2437795832842945e-05,0.0014353339793160558,0.0015385000151582062,0.002867800000000001,2.9314,0.061153904208971044,54.6032,duckdb process RSS,True,False,0,,
duckdb,binary_tree,doublerecurring_recursion,1000,ok,,5,0.0014696917962282896,0.001460124971345067,5.913967974433609e-05,0.0013869159738533199,0.0015475840191356838,0.002832000000000001,2.9812,0.06305711696549407,54.5312,duckdb process RSS,True,False,0,,
duckdb,binary_tree,left_recursion,100,ok,,5,0.0011521670036017894,0.0011624170001596212,2.497277395764575e-05,0.0011102919816039503,0.0011726670200005174,0.0024295999999999983,2.3876,0.06925893444170228,53.5592,duckdb process RSS,True,False,0,,
duckdb,binary_tree,left_recursion,200,ok,,5,0.0012646332033909857,0.001308125036302954,8.16385918884049e-05,0.0011646659695543349,0.0013331249938346446,0.0024276000000000046,2.4874,0.01303073290340959,53.5844,duckdb process RSS,True,False,0,,
duckdb,binary_tree,left_recursion,300,ok,,5,0.002502324990928173,0.001483250001911074,0.0023623698469091158,0.0013294999953359365,0.006726458028424531,0.004696599999999998,2.4752,0.04900204077382893,53.6314,duckdb process RSS,True,False,0,,
duckdb,binary_tree,left_recursion,400,ok,,5,0.0013964166049845518,0.0014863749966025352,0.00012940356400667082,0.0012522080214694142,0.0014935419894754887,0.002688199999999999,2.419,0.03196091362899372,53.5314,duckdb process RSS,True,False,0,,
duckdb,binary_tree,left_recursion,500,ok,,5,0.005302150011993944,0.0015017089899629354,0.00852921168803407,0.001445000001695007,0.020559583033900708,0.009088599999999994,2.4532000000000003,0.05749521719238913,53.668600000000005,duckdb process RSS,True,False,0,,
duckdb,binary_tree,left_recursion,600,ok,,5,0.00165946678025648,0.0016661249683238566,0.00010913613065834578,0.0015036249533295631,0.0018045839970000088,0.0027649999999999953,3.0344,0.07598223476576624,54.6468,duckdb process RSS,True,False,0,,
duckdb,binary_tree,left_recursion,700,ok,,5,0.006068166589830071,0.0017613749951124191,0.009657890075988565,0.0017092079506255686,0.02334466704633087,0.0106578,3.0218,0.028270125574535346,54.6686,duckdb process RSS,True,False,0,,
duckdb,binary_tree,left_recursion,800,ok,,5,0.0017041335930116474,0.0017657499993219972,0.00015210290896357302,0.0014932919875718653,0.0018475420074537396,0.0033198000000000004,3.003,0.03390427701632949,54.6532,duckdb process RSS,True,False,0,,
duckdb,binary_tree,left_recursion,900,ok,,5,0.011605200183112174,0.001772833988070488,0.022163371886236044,0.001522374979685992,0.051251791999675333,0.0190508,3.0564,0.07790250316902536,54.6252,duckdb process RSS,True,False,0,,
duckdb,binary_tree,left_recursion,1000,ok,,5,0.0017670584027655422,0.0017990419873967767,0.00013371380829713128,0.0015470419893972576,0.0019087499822489917,0.003671000000000002,3.0374,0.05911683347406217,54.6716,duckdb process RSS,True,False,0,,
duckdb,binary_tree,right_recursion,100,ok,,5,0.0012115666060708464,0.0012094170087948442,1.5081382672268915e-05,0.00119870895287022,0.0012361250119283795,0.0025339999999999946,2.7188,0.06965414560526882,53.7906,duckdb process RSS,True,False,0,,
duckdb,binary_tree,right_recursion,200,ok,,5,0.0012963665882125496,0.0012953329714946449,8.90577487652874e-05,0.001172332966234535,0.0014217919670045376,0.0025718000000000017,2.8188,0.034164308861734556,53.978,duckdb process RSS,True,False,0,,
duckdb,binary_tree,right_recursion,300,ok,,5,0.007169574988074601,0.0014282920164987445,0.01291034539532982,0.0013394160196185112,0.03026416595093906,0.011648400000000003,2.9658,0.052351695292511775,54.0532,duckdb process RSS,True,False,0,,
duckdb,binary_tree,right_recursion,400,ok,,5,0.0014424417866393923,0.00146266701631248,8.404680069256285e-05,0.0013285419554449618,0.0015182920033112168,0.0027676000000000063,2.9846,0.03311797095233942,54.1688,duckdb process RSS,True,False,0,,
duckdb,binary_tree,right_recursion,500,ok,,5,0.012977066601160913,0.0015197910252027214,0.025671921248422536,0.001372958009596914,0.05890016700141132,0.020809599999999994,2.975,0.08744998570611658,54.0312,duckdb process RSS,True,False,0,,
duckdb,binary_tree,right_recursion,600,ok,,5,0.0016008667880669236,0.0015733750187791884,0.0001100794518363246,0.0014949579490348697,0.001725458016153425,0.0028973999999999944,3.0998,0.05498818054818693,54.7596,duckdb process RSS,True,False,0,,
duckdb,binary_tree,right_recursion,700,ok,,5,0.0017153835855424405,0.0017049169982783496,2.001702030726649e-05,0.0016994589823298156,0.0017469169688411057,0.0036260000000000016,3.0904,0.05478412178724786,54.7468,duckdb process RSS,True,False,0,,
duckdb,binary_tree,right_recursion,800,ok,,5,0.0016992084216326474,0.0017119590193033218,4.960132435089082e-05,0.0016185000422410667,0.0017519170069135725,0.0034657999999999967,3.0688,0.04766235411726949,54.6906,duckdb process RSS,True,False,0,,
duckdb,binary_tree,right_recursion,900,ok,,5,0.0016882417956367135,0.0016986249829642475,6.51501171340091e-05,0.0015899169957265258,0.0017480840324424207,0.0033196000000000002,3.0812,0.05675561646216174,54.6782,duckdb process RSS,True,False,0,,
duckdb,binary_tree,right_recursion,1000,ok,,5,0.0015985250007361173,0.0015610000118613243,7.796277142400208e-05,0.0015153749845921993,0.0016959159984253347,0.0028988000000000043,3.0624,0.015501612819316423,54.644,duckdb process RSS,True,False,0,,
duckdb,complete,double_recursion,100,ok,,5,0.008976741612423211,0.008912292018067092,0.0001873045137139919,0.008808083017356694,0.00928341702092439,0.0229482,4.6655999999999995,0.06858425475282195,56.175000000000004,duckdb process RSS,True,False,0,,
duckdb,complete,double_recursion,200,ok,,5,0.08289747479138895,0.08272716600913554,0.0006856950382015808,0.08207962499000132,0.08385808300226927,0.1203048,8.9936,0.11234233396186846,61.8968,duckdb process RSS,True,False,0,,
duckdb,complete,double_recursion,300,ok,,5,0.26988855020608754,0.2707799999625422,0.0026339246515294412,0.2653425000025891,0.27174229198135436,0.3476448,14.1218,0.10443035957038559,68.5938,duckdb process RSS,True,False,0,,
duckdb,complete,double_recursion,400,ok,,5,0.6655632834066637,0.6655677079688758,0.003442916493785162,0.6602047919877805,0.6696837500203401,0.8300958,16.8874,0.08378424672932214,75.25019999999999,duckdb process RSS,True,False,0,,
duckdb,complete,double_recursion,500,ok,,5,1.3166252834140324,1.3088890420040116,0.016886975740922665,1.300510208006017,1.335471625032369,1.5968478,20.4252,0.11649763946106442,83.747,duckdb process RSS,True,False,0,,
duckdb,complete,double_recursion,600,ok,,5,2.167857141792774,2.169611207966227,0.00509467517403514,2.1591665419982746,2.1720102499821223,2.657361,36.325,1.0555711723990955,104.2406,duckdb process RSS,True,False,0,,
duckdb,complete,double_recursion,700,ok,,5,3.606839174986817,3.6019733749562874,0.03382947016214438,3.566331624984741,3.6598952499916777,4.4015574,40.5844,0.21363122430955458,112.5624,duckdb process RSS,True,False,0,,
duckdb,complete,double_recursion,800,ok,,5,5.52573345862329,5.535479667014442,0.07945374684343406,5.396294542006217,5.596731959027238,6.726871399999999,50.443799999999996,0.2006320014354631,132.2312,duckdb process RSS,True,False,0,,
duckdb,complete,double_recursion,900,ok,,5,7.619237908383366,7.629612000018824,0.03926257320660918,7.573540666955523,7.6653746659867465,9.325705,63.909400000000005,0.898832186784607,154.9404,duckdb process RSS,True,False,0,,
duckdb,complete,double_recursion,1000,ok,,5,10.780949091981165,10.808558166958392,0.04407904386926457,10.72922583395848,10.816267416987102,13.3589514,69.2532,0.6187448585644985,167.2468,duckdb process RSS,True,False,0,,
duckdb,complete,doublerecurring_recursion,100,ok,,5,0.008793108200188726,0.008846457989420742,0.00012926304177200983,0.008610707998741418,0.008921541972085834,0.02086,4.675,0.10558172190298847,56.2626,duckdb process RSS,True,False,0,,
duckdb,complete,doublerecurring_recursion,200,ok,,5,0.08275487499777227,0.08289879199583083,0.0007839183733419691,0.08152095798868686,0.08369970798958093,0.1294778,9.7,0.085799184145305,62.6092,duckdb process RSS,True,False,0,,
duckdb,complete,doublerecurring_recursion,300,ok,,5,0.263705158198718,0.26199629198526964,0.0035678905679855815,0.26055674999952316,0.2678424579789862,0.3395582,14.956199999999999,0.13343237987834888,69.403,duckdb process RSS,True,False,0,,
duckdb,complete,doublerecurring_recursion,400,ok,,5,0.6511113832006231,0.6528083340381272,0.006246119800814879,0.6407989999861456,0.6565776659990661,0.8211994,18.1844,0.07512522878500924,76.622,duckdb process RSS,True,False,0,,
duckdb,complete,doublerecurring_recursion,500,ok,,5,1.2902621579822153,1.2836172499810345,0.014652708997725913,1.2730875829583965,1.306604040961247,1.5706878,22.468400000000003,0.1380246354822213,85.8438,duckdb process RSS,True,False,0,,
duckdb,complete,doublerecurring_recursion,600,ok,,5,2.1248421084019355,2.124879624985624,0.013297131274853196,2.1123078750097193,2.146166542021092,2.6111512,38.5092,1.4708496524118309,107.0688,duckdb process RSS,True,False,0,,
duckdb,complete,doublerecurring_recursion,700,ok,,5,3.600314391590655,3.6140716249938123,0.03754916729796182,3.545824500033632,3.6439191249664873,4.3596134,44.6122,0.1954947569629407,116.6126,duckdb process RSS,True,False,0,,
duckdb,complete,doublerecurring_recursion,800,ok,,5,5.458899408392608,5.440305457974318,0.08269084397471632,5.348318666976411,5.541449084004853,6.6184464,53.9534,0.7003647621061454,135.1718,duckdb process RSS,True,False,0,,
duckdb,complete,doublerecurring_recursion,900,ok,,5,7.546699833194725,7.561330083000939,0.08878251142130551,7.396581084001809,7.615116833010688,9.2511252,68.2908,1.4025165596170341,159.7468,duckdb process RSS,True,False,0,,
duckdb,complete,doublerecurring_recursion,1000,ok,,5,10.726455258391798,10.659771665988956,0.2325315708837697,10.467475250014104,11.049399666953832,13.3874382,74.8156,1.5291331858278412,173.2156,duckdb process RSS,True,False,0,,
duckdb,complete,left_recursion,100,ok,,5,0.009202433587051927,0.009254999982658774,0.00028798696681359593,0.008833208994474262,0.009587458975147456,0.017513999999999995,3.8342,0.017894133116750918,55.425,duckdb process RSS,True,False,0,,
duckdb,complete,left_recursion,200,ok,,5,0.0797010998125188,0.07932962500490248,0.003418269997166848,0.07622433302458376,0.08537804201478139,0.12267120000000001,7.9562,0.040449969097639794,60.8406,duckdb process RSS,True,False,0,,
duckdb,complete,left_recursion,300,ok,,5,0.2503041832125746,0.2483075829804875,0.0034225754699934562,0.24759845802327618,0.25574104202678427,0.3116332,12.7812,0.0739979729452095,67.22500000000001,duckdb process RSS,True,False,0,,
duckdb,complete,left_recursion,400,ok,,5,0.6138357335934416,0.6137569170095958,0.002186267498709145,0.6104820420150645,0.6164142089546658,0.766418,15.4998,0.10058926384063065,73.9408,duckdb process RSS,True,False,0,,
duckdb,complete,left_recursion,500,ok,,5,1.1896802329807543,1.1917105409665965,0.007414292317303533,1.1796919579501264,1.1990842079976574,1.5075926,19.3312,1.0134883817784979,82.6032,duckdb process RSS,True,False,0,,
duckdb,complete,left_recursion,600,ok,,5,2.0398650499992073,2.029563624993898,0.020281608073652792,2.0206657919916324,2.0654898330103606,2.564193,34.4032,1.2946036845305202,102.9188,duckdb process RSS,True,False,0,,
duckdb,complete,left_recursion,700,ok,,5,3.2607716250000522,3.267937583033927,0.04361453619236567,3.2130149580189027,3.3235601669875905,4.134493,39.228,0.19948182874637896,111.2654,duckdb process RSS,True,False,0,,
duckdb,complete,left_recursion,800,ok,,5,5.1056951667997055,5.140057082986459,0.07614947429908178,4.9746664999984205,5.1597360000014305,6.5432298,48.1438,0.7609337684713428,129.6094,duckdb process RSS,True,False,0,,
duckdb,complete,left_recursion,900,ok,,5,7.326630150200799,7.334003083000425,0.062229077601225986,7.258021417015698,7.414628124970477,9.4641634,62.428200000000004,1.3399269383067136,153.0782,duckdb process RSS,True,False,0,,
duckdb,complete,left_recursion,1000,ok,,5,9.801412733620964,9.75971600000048,0.14777501828774747,9.682259167020675,10.058264499995857,12.909926800000001,68.6656,1.122543673983334,166.056,duckdb process RSS,True,False,0,,
duckdb,complete,right_recursion,100,ok,,5,0.011615400190930814,0.011615124996751547,0.00027797805234291653,0.011276291974354535,0.011997916968539357,0.021106999999999997,4.0126,0.07175862317519749,55.571999999999996,duckdb process RSS,True,False,0,,
duckdb,complete,right_recursion,200,ok,,5,0.08599945020396263,0.08540250000078231,0.0017789778679431225,0.08374675002414733,0.08819491701433435,0.2053694,7.7248,0.4264934935025386,60.6342,duckdb process RSS,True,False,0,,
duckdb,complete,right_recursion,300,ok,,5,0.27590360000031067,0.27333724999334663,0.006590479786652263,0.2696474170079455,0.28329908300656825,0.5516828,12.975,0.24979491588100794,67.3626,duckdb process RSS,True,False,0,,
duckdb,complete,right_recursion,400,ok,,5,0.657905749999918,0.6496897499891929,0.02823998692859573,0.6322801670175977,0.705669165996369,1.453843,15.8094,0.15757633070991334,74.1468,duckdb process RSS,True,False,0,,
duckdb,complete,right_recursion,500,ok,,5,1.341179566597566,1.3415173329995014,0.0095359389221124,1.3298659999854863,1.3514138329774141,2.9457696,19.4188,0.08221435397787896,82.853,duckdb process RSS,True,False,0,,
duckdb,complete,right_recursion,600,ok,,5,2.133468916581478,2.182847791002132,0.10220825429185065,1.9567784999962896,2.2043175419676118,5.0528676,33.9812,1.1063451992936002,103.05,duckdb process RSS,True,False,0,,
duckdb,complete,right_recursion,700,ok,,5,3.6944641166133807,3.694730042014271,0.02554799775246991,3.658525458013173,3.7198997500236146,8.1707158,39.6438,0.2566168349894453,111.503,duckdb process RSS,True,False,0,,
duckdb,complete,right_recursion,800,ok,,5,5.485369449981954,5.602677082992159,0.29229667433123824,4.963069666991942,5.63404624996474,12.6960536,49.4846,1.0699646255834814,131.522,duckdb process RSS,True,False,0,,
duckdb,complete,right_recursion,900,ok,,5,7.706397641380318,7.652264082978945,0.1306445246919154,7.578090374998283,7.88584133295808,12.645344999999999,63.0688,0.8818549767393744,154.0096,duckdb process RSS,True,False,0,,
duckdb,complete,right_recursion,1000,ok,,5,10.716113266802859,10.868770292028785,0.44071586553133424,9.93981008400442,11.035361125017516,18.96075,69.1686,0.7742353001510562,167.75,duckdb process RSS,True,False,0,,
duckdb,cycle,double_recursion,100,ok,,5,0.002796116389799863,0.0028310830239206553,0.00013630654784539675,0.002568791969679296,0.0029272909741848707,0.005985199999999999,2.553,0.07374618634207471,53.628,duckdb process RSS,False,True,0,,
duckdb,cycle,double_recursion,200,ok,,5,0.022347158193588255,0.002733625005930662,0.04371889926699266,0.0026181249995715916,0.10055299999658018,0.0363724,2.5938,0.05749521719238913,53.6876,duckdb process RSS,False,True,0,,
duckdb,cycle,double_recursion,300,ok,,5,0.03430125000886619,0.003199458005838096,0.04338629162742128,0.002740124997217208,0.09124845900805667,0.05619099999999999,3.2656,0.08185536023987675,54.7622,duckdb process RSS,False,True,0,,
duckdb,cycle,double_recursion,400,ok,,5,0.006091708410531282,0.0034974999725818634,0.006262835426582649,0.003014917019754648,0.01728600001661107,0.011409199999999994,3.625,0.03137674297947456,55.1906,duckdb process RSS,False,True,0,,
duckdb,cycle,double_recursion,500,ok,,5,0.01301636639982462,0.01286308403359726,0.0011215751559218539,0.011437582958023995,0.014202082995325327,0.0301346,6.731,0.08429412790936268,58.296800000000005,duckdb process RSS,False,True,0,,
duckdb,cycle,double_recursion,600,ok,,5,0.0035257584066130223,0.0034790420322678983,0.0002289122886112957,0.0032340000034309924,0.0038447920233011246,0.007184199999999999,3.925,0.09003055037041588,55.478,duckdb process RSS,False,True,0,,
duckdb,cycle,double_recursion,700,ok,,5,0.03558332499815151,0.009386833000462502,0.058418855806998786,0.00799154199194163,0.14006508397869766,0.059770199999999996,6.25,0.29962226219024496,57.8842,duckdb process RSS,False,True,0,,
duckdb,cycle,double_recursion,800,ok,,5,0.013444366597104818,0.0041987079894170165,0.019604568624304604,0.003681875008624047,0.04844250000314787,0.0230208,4.353,0.2576431640855236,56.0876,duckdb process RSS,False,True,0,,
duckdb,cycle,double_recursion,900,ok,,5,0.009169725002720952,0.009365457983221859,0.00036987561856120516,0.008517167007084936,0.009372874977998435,0.020066400000000005,6.7842,0.0647896596688082,58.5156,duckdb process RSS,False,True,0,,
duckdb,cycle,double_recursion,1000,ok,,5,0.048690658377017824,0.016724916989915073,0.046428049015454574,0.016048082965426147,0.11682400002609938,0.090355,9.8594,0.05839777393017664,61.5594,duckdb process RSS,False,True,0,,
duckdb,cycle,doublerecurring_recursion,100,ok,,5,0.019857950205914677,0.016878209018614143,0.006564509175119565,0.016385832976084203,0.03156920900801197,0.0456666,5.4750000000000005,0.2134080598290514,56.556200000000004,duckdb process RSS,True,False,0,,
duckdb,cycle,doublerecurring_recursion,200,ok,,5,0.21533037499757485,0.18828087497968227,0.06191598999394447,0.18410979199688882,0.3259700830094516,0.2960528,10.8624,0.49210649253997857,61.9782,duckdb process RSS,True,False,0,,
duckdb,cycle,doublerecurring_recursion,300,ok,,5,0.6808776668040082,0.6777388749760576,0.007209504326950828,0.6749397499952465,0.6929729169933125,0.8626604,21.4438,0.21828353121571004,72.9498,duckdb process RSS,True,False,0,,
duckdb,cycle,doublerecurring_recursion,400,ok,,5,1.6830199165968225,1.65141616697656,0.09265771042331931,1.6106502499897033,1.8426775410189293,1.9520232,27.5218,0.4909467384554054,79.0936,duckdb process RSS,True,False,0,,
duckdb,cycle,doublerecurring_recursion,500,ok,,5,2.5616983166080898,2.5554485419997945,0.0287871168149995,2.5338312500389293,2.5919384580338374,2.912147,34.0156,0.6073452889419644,85.63719999999999,duckdb process RSS,True,False,0,,
duckdb,cycle,doublerecurring_recursion,600,ok,,5,6.155060941621196,6.152151499991305,0.04507375621192326,6.091997917043045,6.219067333033308,7.0011988,54.75,1.3033389812324339,106.4312,duckdb process RSS,True,False,0,,
duckdb,cycle,doublerecurring_recursion,700,ok,,5,9.486675975180697,9.586574916960672,0.2661396855838253,9.136670958949253,9.784380124998279,10.695601,64.0624,0.9206157178758126,115.7404,duckdb process RSS,True,False,0,,
duckdb,cycle,doublerecurring_recursion,800,ok,,5,14.782148233207408,15.008572542050388,0.4907002497726734,14.202150625002105,15.307018082996365,16.57212,86.2218,0.8900259546777268,137.87199999999999,duckdb process RSS,True,False,0,,
duckdb,cycle,doublerecurring_recursion,900,ok,,5,19.859737874602434,19.94534004095476,0.7407390984152417,18.844425375049468,20.89430441602599,23.0723828,110.3406,0.9839765241102058,162.0374,duckdb process RSS,True,False,0,,
duckdb,cycle,doublerecurring_recursion,1000,ok,,5,28.95301867481321,29.020953666011337,0.22896772085098957,28.573749458999373,29.186535832996015,33.7637814,119.3312,0.20708500670014782,171.0624,duckdb process RSS,True,False,0,,
duckdb,cycle,left_recursion,100,ok,,5,0.14458960857009515,0.01140191697049886,0.29857155294157484,0.010108332964591682,0.6786897089914419,0.23921279999999998,3.3938,0.058100774521515665,54.497,duckdb process RSS,True,False,0,,
duckdb,cycle,left_recursion,200,ok,,5,0.06783964999485761,0.02302033395972103,0.10306674749494911,0.01862770796287805,0.2521614999859594,0.1249744,5.6624,0.034370045097439204,56.734,duckdb process RSS,True,False,0,,
duckdb,cycle,left_recursion,300,ok,,5,0.17256325839553027,0.03906616696622223,0.30127881229342013,0.03400104201864451,0.7114897499559447,0.302847,10.6062,0.06951762366479422,62.1312,duckdb process RSS,True,False,0,,
duckdb,cycle,left_recursion,400,ok,,5,0.6930076419957913,0.057131666981149465,1.4234558616889939,0.054346167016774416,3.2393619169597514,1.1362094,12.9374,0.14087157271784836,64.5782,duckdb process RSS,True,False,0,,
duckdb,cycle,left_recursion,500,ok,,5,0.61674869999988,0.07230420800624415,1.225975260971778,0.06212437502108514,2.809810334001668,1.0096696,19.269000000000002,0.10458728412192288,70.897,duckdb process RSS,True,False,0,,
duckdb,cycle,left_recursion,600,ok,,5,0.08649376659886912,0.08220312499906868,0.008403047445868325,0.07945424999343231,0.09619579097488895,0.1704824,29.2314,0.0773356321497416,80.9,duckdb process RSS,True,False,0,,
duckdb,cycle,left_recursion,700,ok,,5,0.10414515020092949,0.09726416697958484,0.010202406812515066,0.09626045799814165,0.11615920899203047,0.2002672,32.465599999999995,0.08206278084491124,84.1438,duckdb process RSS,True,False,0,,
duckdb,cycle,left_recursion,800,ok,,5,0.13008469158085062,0.13678737496957183,0.012290306089362074,0.11634570796741173,0.14281741698505357,0.2782406,39.4342,0.08391483778212143,91.1718,duckdb process RSS,True,False,0,,
duckdb,cycle,left_recursion,900,ok,,5,0.526281958585605,0.1684948339825496,0.8129725532150955,0.14066062500933185,1.98038549994817,0.9488824,56.825,0.14246754016266275,108.5532,duckdb process RSS,True,False,0,,
duckdb,cycle,left_recursion,1000,ok,,5,0.1731529750279151,0.16369141702307388,0.013681167232454747,0.1623328750138171,0.1883862090180628,0.3300042,61.2594,0.09414244526248279,113.0436,duckdb process RSS,True,False,0,,
duckdb,cycle,right_recursion,100,ok,,5,0.07436093358555809,0.010872874991036952,0.14253238716985053,0.009602499951142818,0.32932820898713544,0.127284,3.4408,0.07814857644256865,54.522,duckdb process RSS,True,False,0,,
duckdb,cycle,right_recursion,200,ok,,5,0.10915077481186017,0.025253125000745058,0.1907065234964156,0.01955475000431761,0.4502676660194993,0.19460019999999997,5.6784,0.028377808231080964,56.8282,duckdb process RSS,True,False,0,,
duckdb,cycle,right_recursion,300,ok,,5,0.5263747086049989,0.03954191697994247,0.6705336597287764,0.032506291987374425,1.2972727920277975,0.8566704000000002,10.774799999999999,0.14608114183562507,62.328,duckdb process RSS,True,False,0,,
duckdb,cycle,right_recursion,400,ok,,5,0.2070531668025069,0.04794295900501311,0.35143880978678216,0.04647637496236712,0.8356608750182204,0.3400346,13.1344,0.5578649478144331,64.6436,duckdb process RSS,True,False,0,,
duckdb,cycle,right_recursion,500,ok,,5,0.2870410414063372,0.07722841604845598,0.47758948860973716,0.062350874999538064,1.1413017919985577,0.5102926,19.2624,0.03201249755954653,70.797,duckdb process RSS,True,False,0,,
duckdb,cycle,right_recursion,600,ok,,5,0.48242631680332126,0.09838720801053569,0.552978999159184,0.09704550000606105,1.296510334010236,0.8327248,29.2468,0.09847182338110745,80.8626,duckdb process RSS,True,False,0,,
duckdb,cycle,right_recursion,700,ok,,5,0.6153672248125076,0.11823320802068338,1.1228598164164993,0.09947933303192258,2.6239493330358528,1.0337042,32.4752,0.10157854104091098,84.122,duckdb process RSS,True,False,0,,
duckdb,cycle,right_recursion,800,ok,,5,0.13499824160244317,0.13885329203912988,0.010662129650901226,0.11608937499113381,0.14162279100855812,0.31292200000000003,39.5124,0.09959066221288035,91.153,duckdb process RSS,True,False,0,,
duckdb,cycle,right_recursion,900,ok,,5,0.16459854160202667,0.16736625001067296,0.008059123233264846,0.15039450000040233,0.16994962497847155,0.3719048,56.7876,0.07119550547612077,108.52799999999999,duckdb process RSS,True,False,0,,
duckdb,cycle,right_recursion,1000,ok,,5,0.16849386660614982,0.16303870803676546,0.01252617068716505,0.16206979099661112,0.19086029200116172,0.28327220000000003,61.3782,0.06200967666421223,113.1376,duckdb process RSS,True,False,0,,
duckdb,cycle_with_shortcuts,double_recursion,100,ok,,5,0.019761866587214173,0.004367207991890609,0.0342179907594354,0.004325499990954995,0.08097175002330914,0.034818999999999996,3.522,0.05363767332761559,54.8782,duckdb process RSS,True,False,0,,
duckdb,cycle_with_shortcuts,double_recursion,200,ok,,5,0.056356766587123276,0.04864108300535008,0.01412779621490136,0.0465834999922663,0.08044845896074548,0.09502379999999999,9.5874,0.07018048161704259,61.0594,duckdb process RSS,True,False,0,,
duckdb,cycle_with_shortcuts,double_recursion,300,ok,,5,0.1369320168043487,0.12048433301970363,0.03713986699705092,0.1187363329809159,0.20333116699475795,0.2023982,14.9408,0.6104803027125442,67.0656,duckdb process RSS,True,False,0,,
duckdb,cycle_with_shortcuts,double_recursion,400,ok,,5,0.34897076681954786,0.3495983750326559,0.002899506933248463,0.344139292021282,0.35164179204730317,0.423779,18.900199999999998,0.45265627135830183,70.8936,duckdb process RSS,True,False,0,,
duckdb,cycle_with_shortcuts,double_recursion,500,ok,,5,0.6282339003868401,0.6297539169900119,0.0046406503772745454,0.6219804589636624,0.6337758339941502,0.7345646,28.4128,0.4513653730626669,80.3686,duckdb process RSS,True,False,0,,
duckdb,cycle_with_shortcuts,double_recursion,600,ok,,5,1.1657033665804193,1.1418554579722695,0.045425964403862956,1.1334140409599058,1.240298749995418,1.3622102,42.0752,0.5222553972914006,94.0094,duckdb process RSS,True,False,0,,
duckdb,cycle_with_shortcuts,double_recursion,700,ok,,5,1.815990491793491,1.8075754579622298,0.03562916889055416,1.7826559170498513,1.8767820419743657,2.086692,45.1906,0.47134308099302913,97.1844,duckdb process RSS,True,False,0,,
duckdb,cycle_with_shortcuts,double_recursion,800,ok,,5,3.3715970999910496,3.3868483750266023,0.08487905615435769,3.2808277079602703,3.4602538340259343,3.863913,61.7626,0.40556170923794194,113.72540000000001,duckdb process RSS,True,False,0,,
duckdb,cycle_with_shortcuts,double_recursion,900,ok,,5,5.179126933391672,5.201912582968362,0.060143675530011695,5.093126541993115,5.2376482500112616,5.927471199999999,76.6436,0.5755995135508704,128.6562,duckdb process RSS,True,False,0,,
duckdb,cycle_with_shortcuts,double_recursion,1000,ok,,5,7.881907466391567,7.891244333994109,0.03021644829125957,7.8304827910033055,7.908169583010022,8.899675199999999,98.7156,0.7506415922396018,150.772,duckdb process RSS,True,False,0,,
duckdb,cycle_with_shortcuts,doublerecurring_recursion,100,ok,,5,0.018540458206553014,0.018157916027121246,0.0013174075546148276,0.017148417013231665,0.020136250008363277,0.041355,5.481199999999999,0.06190880389734569,56.9718,duckdb process RSS,True,False,0,,
duckdb,cycle_with_shortcuts,doublerecurring_recursion,200,ok,,5,0.16265234180027618,0.16343900002539158,0.0034308965239872903,0.15728450001915917,0.1664846669882536,0.2369266,10.6094,0.11443251286238536,62.1594,duckdb process RSS,True,False,0,,
duckdb,cycle_with_shortcuts,doublerecurring_recursion,300,ok,,5,0.6588794331881218,0.6582656250102445,0.002671132700624917,0.6554103330126964,0.6618120409548283,0.8016886,20.2564,0.45347579869271903,72.441,duckdb process RSS,True,False,0,,
duckdb,cycle_with_shortcuts,doublerecurring_recursion,400,ok,,5,1.7928320916136726,1.8391859580297023,0.10229255165005174,1.6784114170004614,1.9018079999950714,2.0873022,25.977999999999998,0.5588510535017353,77.9812,duckdb process RSS,True,False,0,,
duckdb,cycle_with_shortcuts,doublerecurring_recursion,500,ok,,5,2.71079224179266,2.714152041997295,0.024080379097142775,2.682971375004854,2.735761584015563,3.0684728,31.787399999999998,0.27826480194232334,83.7094,duckdb process RSS,True,False,0,,
duckdb,cycle_with_shortcuts,doublerecurring_recursion,600,ok,,5,4.336277941602748,4.368115374993067,0.14870005394276642,4.174528250005096,4.490082458010875,4.956777,53.0844,0.9015810002434598,105.0438,duckdb process RSS,True,False,0,,
duckdb,cycle_with_shortcuts,doublerecurring_recursion,700,ok,,5,7.108391308190766,7.018685457995161,0.5014664635265355,6.598632457957137,7.679660041991156,7.9763682000000005,60.8874,0.6182639404008615,112.872,duckdb process RSS,True,False,0,,
duckdb,cycle_with_shortcuts,doublerecurring_recursion,800,ok,,5,11.96939221638022,12.012430167000275,0.48261539845352364,11.276518415950704,12.467879250005353,13.4304752,80.8218,0.3496536858092588,132.8158,duckdb process RSS,True,False,0,,
duckdb,cycle_with_shortcuts,doublerecurring_recursion,900,ok,,5,33.253487133409365,33.245476667012554,0.4160396944878788,32.783654708007816,33.82732191699324,38.9133986,105.5282,0.6623663638802939,157.5122,duckdb process RSS,True,False,0,,
duckdb,cycle_with_shortcuts,doublerecurring_recursion,1000,ok,,5,48.38103410019539,48.58886454196181,0.4935437386285391,47.82597595901461,48.81401570799062,56.265636,116.2156,1.5788522096763846,168.25300000000001,duckdb process RSS,True,False,0,,
duckdb,cycle_with_shortcuts,left_recursion,100,ok,,5,0.00282454180996865,0.0028177500353194773,0.00011015537186318386,0.002687875006813556,0.0029747909866273403,0.005056599999999997,3.269,0.07919911615668447,54.7126,duckdb process RSS,True,False,0,,
duckdb,cycle_with_shortcuts,left_recursion,200,ok,,5,0.008322541788220405,0.008222916978411376,0.00016901129942186827,0.008178625022992492,0.008577624976169318,0.021761,5.8342,0.04364859677011381,57.2874,duckdb process RSS,True,False,0,,
duckdb,cycle_with_shortcuts,left_recursion,300,ok,,5,0.01782764142844826,0.018268000043462962,0.0007394478164697295,0.017016666010022163,0.01851012505358085,0.0423896,10.9002,0.03598888717368232,63.0344,duckdb process RSS,True,False,0,,
duckdb,cycle_with_shortcuts,left_recursion,400,ok,,5,0.03888471660902724,0.035716583020985126,0.0067354060330131965,0.03482091595651582,0.050654167018365115,0.06573799999999999,13.3658,0.1728560094413844,65.2562,duckdb process RSS,True,False,0,,
duckdb,cycle_with_shortcuts,left_recursion,500,ok,,5,0.05566814999328926,0.05547820799984038,0.0007499168897513313,0.05487129196990281,0.056541375000961125,0.08965079999999999,18.9654,0.09966845037422835,70.9814,duckdb process RSS,True,False,0,,
duckdb,cycle_with_shortcuts,left_recursion,600,ok,,5,0.08308235000586137,0.08278037497075275,0.0006861134520976935,0.08239562500966713,0.08389387500938028,0.1153844,29.106399999999997,0.11946045370749221,81.0372,duckdb process RSS,True,False,0,,
duckdb,cycle_with_shortcuts,left_recursion,700,ok,,5,0.1123608331894502,0.11008124996442348,0.005788620052762741,0.1082098750048317,0.12256391701521352,0.1620468,32.6968,0.1604920558781634,84.7094,duckdb process RSS,True,False,0,,
duckdb,cycle_with_shortcuts,left_recursion,800,ok,,5,0.14948888339567928,0.1489469999796711,0.0020423433645382644,0.14694441697793081,0.15235095901880413,0.2095122,38.8186,0.2558599226139162,90.8,duckdb process RSS,True,False,0,,
duckdb,cycle_with_shortcuts,left_recursion,900,ok,,5,0.20202110821846872,0.1981202500173822,0.012873521397009945,0.19246558303711936,0.22421025001676753,0.275985,55.5096,0.08882173157510426,107.5842,duckdb process RSS,True,False,0,,
duckdb,cycle_with_shortcuts,left_recursion,1000,ok,,5,0.2393360833870247,0.23976141697494313,0.001592619375402382,0.2371226660325192,0.24102554196724668,0.3164974,60.9968,0.15341349353952008,113.0218,duckdb process RSS,True,False,0,,
duckdb,cycle_with_shortcuts,right_recursion,100,ok,,5,0.005471400206442922,0.0031552499858662486,0.005282095272736701,0.003013750014360994,0.01491937501123175,0.009184800000000002,3.4064,0.05508448057302534,54.7624,duckdb process RSS,True,False,0,,
duckdb,cycle_with_shortcuts,right_recursion,200,ok,,5,0.010623599996324628,0.009686624980531633,0.0021859053804901625,0.009461958019528538,0.014527708990499377,0.0223862,6.4094,0.04475265355261069,57.9686,duckdb process RSS,True,False,0,,
duckdb,cycle_with_shortcuts,right_recursion,300,ok,,5,0.020631050190422683,0.020593792025465518,0.00028130774975450046,0.02024691697442904,0.020950249978341162,0.050283800000000003,12.425,0.5329798307628535,64.5844,duckdb process RSS,True,False,0,,
duckdb,cycle_with_shortcuts,right_recursion,400,ok,,5,0.050640066771302374,0.04071666696108878,0.022664491162415864,0.04004150000400841,0.09117937495466322,0.1193882,18.194,0.9742104495436291,70.1626,duckdb process RSS,True,False,0,,
duckdb,cycle_with_shortcuts,right_recursion,500,ok,,5,0.07118558360962197,0.05997416697209701,0.016334865668286774,0.05937425000593066,0.09485641698120162,0.15154499999999999,24.0594,0.34988040813969573,75.9844,duckdb process RSS,True,False,0,,
duckdb,cycle_with_shortcuts,right_recursion,600,ok,,5,0.13409916680539027,0.08967575000133365,0.10036626131664735,0.08866333402693272,0.3136372909648344,0.2150916,37.647,1.7470044361706714,89.5908,duckdb process RSS,True,False,0,,
duckdb,cycle_with_shortcuts,right_recursion,700,ok,,5,0.1706534830038436,0.1151524159940891,0.1241237944891158,0.11378045799210668,0.39268566604005173,0.3198716,43.478,1.2706954788618712,95.4748,duckdb process RSS,True,False,0,,
duckdb,cycle_with_shortcuts,right_recursion,800,ok,,5,0.18775424178456887,0.1582174999639392,0.06781021960194149,0.155148540972732,0.3090308749815449,0.354598,50.253,1.855358860166948,102.2312,duckdb process RSS,True,False,0,,
duckdb,cycle_with_shortcuts,right_recursion,900,ok,,5,0.19946731701493264,0.19818350003333762,0.0025939919343588545,0.19740379200084135,0.20324312499724329,0.4019536,75.6906,1.632801059529296,127.6968,duckdb process RSS,True,False,0,,
duckdb,cycle_with_shortcuts,right_recursion,1000,ok,,5,0.2643736668163911,0.2631444590515457,0.027265081231123273,0.2397535420022905,0.30812429200159386,0.5173064,80.5158,1.9759585521968823,132.4626,duckdb process RSS,True,False,0,,
duckdb,grid,double_recursion,100,ok,,5,0.007743466808460653,0.0012400830164551735,0.01460603322048917,0.0011584580061025918,0.03387145901797339,0.012504000000000001,2.6593999999999998,0.04853143311298358,54.2032,duckdb process RSS,False,True,0,,
duckdb,grid,double_recursion,200,ok,,5,0.0013126083882525562,0.0013565410044975579,6.573725735283208e-05,0.0012329169549047947,0.0013676669914275408,0.0024241999999999988,2.7282,0.028270125574535346,54.2718,duckdb process RSS,False,True,0,,
duckdb,grid,double_recursion,300,ok,,5,0.0015138915972784162,0.0015091249952092767,6.98041239530894e-05,0.0014452500035986304,0.0016178329824469984,0.0023114000000000025,2.8154,0.035697338836389425,54.4908,duckdb process RSS,False,True,0,,
duckdb,grid,double_recursion,400,ok,,5,0.0024584583938121797,0.0019193749758414924,0.001330901435823478,0.0017393750022165477,0.004835125000681728,0.004519200000000001,3.6814,0.043397004504919415,55.2626,duckdb process RSS,False,True,0,,
duckdb,grid,double_recursion,500,ok,,5,0.0021363583859056235,0.0021125419880263507,9.45705316856476e-05,0.0020351249841041863,0.002263917005620897,0.004047800000000002,3.5532,0.03238363784382466,55.3436,duckdb process RSS,False,True,0,,
duckdb,grid,double_recursion,600,ok,,5,0.03279435021104291,0.0025460419710725546,0.06760578914140404,0.002502833027392626,0.15373120899312198,0.053364800000000004,3.7906,0.052595627194663264,55.6378,duckdb process RSS,False,True,0,,
duckdb,grid,double_recursion,700,ok,,5,0.014098891604226083,0.003007040999364108,0.023197054150973923,0.0028672079788520932,0.05552358302520588,0.0241144,4.772,0.05228288438867939,56.6002,duckdb process RSS,False,True,0,,
duckdb,grid,double_recursion,800,ok,,5,0.003520942002069205,0.0035304169869050384,4.872776620027505e-05,0.003438459010794759,0.003557374991942197,0.008352799999999997,5.9188,0.043228462845676094,57.7812,duckdb process RSS,False,True,0,,
duckdb,grid,double_recursion,900,ok,,5,0.003945758193731308,0.0038964159903116524,0.00019056099587367112,0.0037914999993517995,0.0042772499728016555,0.008507199999999998,5.6718,0.09057703903307959,57.6686,duckdb process RSS,False,True,0,,
duckdb,grid,double_recursion,1000,ok,,5,0.00439759980654344,0.004410207970067859,6.546506466246571e-05,0.004317542014177889,0.0044850410195067525,0.011418400000000004,6.8376,0.06018970011555141,58.8502,duckdb process RSS,False,True,0,,
duckdb,grid,doublerecurring_recursion,100,ok,,5,0.002934716804884374,0.0029938750085420907,9.970502033854656e-05,0.002808084012940526,0.0030289579881355166,0.006651599999999999,3.5656,0.06659429404986589,55.0844,duckdb process RSS,True,False,0,,
duckdb,grid,doublerecurring_recursion,200,ok,,5,0.024594024999532848,0.010230957996100187,0.032237861638685396,0.009900707984343171,0.08226179197663441,0.0448082,6.0438,0.08221435397787892,57.6,duckdb process RSS,True,False,0,,
duckdb,grid,doublerecurring_recursion,300,ok,,5,0.03882640019292012,0.031237374991178513,0.01774814370877593,0.030410084000322968,0.07056779199047014,0.06908779999999999,9.9,0.046351914739307304,61.571799999999996,duckdb process RSS,True,False,0,,
duckdb,grid,doublerecurring_recursion,400,ok,,5,0.09971746662631631,0.09905370802152902,0.002249279703126027,0.09829620801610872,0.10369045799598098,0.1341538,12.703,0.10298786336263119,64.3906,duckdb process RSS,True,False,0,,
duckdb,grid,doublerecurring_recursion,500,ok,,5,0.18990637480746955,0.18992400000570342,0.0009290338644502768,0.18852291599614546,0.19103033299325034,0.2421442,13.7218,0.1436130216937165,65.4374,duckdb process RSS,True,False,0,,
duckdb,grid,doublerecurring_recursion,600,ok,,5,0.26713185858679933,0.26687158399727196,0.0007554221051899795,0.2664029589504935,0.2683494169614278,0.32994239999999997,21.403000000000002,0.48382434829181536,73.2564,duckdb process RSS,True,False,0,,
duckdb,grid,doublerecurring_recursion,700,ok,,5,0.4675543251913041,0.4574084589839913,0.016194109149942883,0.45596308301901445,0.493370916985441,0.5520672000000001,22.7904,0.4389456686197054,74.5844,duckdb process RSS,True,False,0,,
duckdb,grid,doublerecurring_recursion,800,ok,,5,0.8254038333892822,0.8210991660016589,0.010622590679082914,0.8139256669674069,0.8412818749784492,0.946202,27.2438,0.4760401243592822,79.09400000000001,duckdb process RSS,True,False,0,,
duckdb,grid,doublerecurring_recursion,900,ok,,5,0.9218954670010134,0.9326867920462973,0.016674026612671432,0.8981821670313366,0.9350373749621212,1.0576584,33.1188,0.6441934492060604,84.9936,duckdb process RSS,True,False,0,,
duckdb,grid,doublerecurring_recursion,1000,ok,,5,1.1385943336063065,1.1373196670319885,0.006317226604603222,1.1311227090191096,1.1478039999492466,1.3069564,33.7186,0.3888409700635961,85.74680000000001,duckdb process RSS,True,False,0,,
duckdb,grid,left_recursion,100,ok,,5,0.031045350222848357,0.0023616250255145133,0.06395808379212704,0.002321917039807886,0.14545658300630748,0.0498392,3.1312,0.0500569675469859,54.584399999999995,duckdb process RSS,True,False,0,,
duckdb,grid,left_recursion,200,ok,,5,0.004025758395437151,0.00403541699051857,4.89453520189877e-05,0.003945250005926937,0.004075750010088086,0.009596200000000003,3.2032,0.06172276727432107,54.7812,duckdb process RSS,True,False,0,,
duckdb,grid,left_recursion,300,ok,,5,0.005168024986051023,0.005433790967799723,0.00048664979165055937,0.004596041981130838,0.005578499985858798,0.010891800000000002,4.2936,0.07433236172758118,55.9034,duckdb process RSS,True,False,0,,
duckdb,grid,left_recursion,400,ok,,5,0.04878652499755844,0.007979333982802927,0.07757083044600094,0.006893125013448298,0.18588633299805224,0.0812036,6.444,0.1495275894275033,58.062400000000004,duckdb process RSS,True,False,0,,
duckdb,grid,left_recursion,500,ok,,5,0.02406016659224406,0.008949499984737486,0.03456602948419627,0.007773541961796582,0.08588191599119455,0.0430498,6.1376,0.1419517523667813,57.822,duckdb process RSS,True,False,0,,
duckdb,grid,left_recursion,600,ok,,5,0.02716563318390399,0.012094000005163252,0.034344182814866925,0.010960875020828098,0.08859162498265505,0.051697200000000006,10.4564,0.01303073290340912,62.1374,duckdb process RSS,True,False,0,,
duckdb,grid,left_recursion,700,ok,,5,0.02935365840094164,0.013753917010035366,0.03500472877919822,0.01316324999788776,0.09196774999145418,0.057050800000000006,10.5344,0.035697338836389196,62.3844,duckdb process RSS,True,False,0,,
duckdb,grid,left_recursion,800,ok,,5,0.019956883403938263,0.02020362502662465,0.0006421883636186007,0.018814958981238306,0.02036358299665153,0.043793399999999996,12.781,0.38880457816234615,64.6686,duckdb process RSS,True,False,0,,
duckdb,grid,left_recursion,900,ok,,5,0.025653699995018542,0.02562854200368747,0.000613953679481062,0.024763082969002426,0.026412417006213218,0.0554508,16.8656,0.3310163137973719,68.7718,duckdb process RSS,True,False,0,,
duckdb,grid,left_recursion,1000,ok,,5,0.02770550821442157,0.02810825000051409,0.0007086044577456785,0.026863040984608233,0.02839725004741922,0.0550458,17.831,0.020518284528683463,69.8282,duckdb process RSS,True,False,0,,
duckdb,grid,right_recursion,100,ok,,5,0.002774075011257082,0.0028452090336941183,0.00017819460012105036,0.0024898750125430524,0.0029316250002011657,0.005676200000000004,3.5406,0.028377808231080805,55.0624,duckdb process RSS,True,False,0,,
duckdb,grid,right_recursion,200,ok,,5,0.0040845500072464345,0.004177417024038732,0.00024123683890259743,0.003667459008283913,0.0042591660167090595,0.008829800000000002,3.8782,0.05235169529251177,55.4218,duckdb process RSS,True,False,0,,
duckdb,grid,right_recursion,300,ok,,5,0.005498191597871483,0.005623833974823356,0.0003778564890853571,0.005079875001683831,0.005873207992408425,0.011172000000000001,4.5654,0.07362608233499847,56.1532,duckdb process RSS,True,False,0,,
duckdb,grid,right_recursion,400,ok,,5,0.01683825859799981,0.008631709031760693,0.019062250304497416,0.0074171670130454,0.0509249169845134,0.0323262,6.6404,0.09066311267544241,58.3,duckdb process RSS,True,False,0,,
duckdb,grid,right_recursion,500,ok,,5,0.009830150194466114,0.01003812497947365,0.0005251217603390177,0.009071083972230554,0.010368500021286309,0.021041399999999995,7.178,0.08024026420694276,59.0062,duckdb process RSS,True,False,0,,
duckdb,grid,right_recursion,600,ok,,5,0.03763286659959704,0.012765416991896927,0.05630690464149335,0.011799208004958928,0.13835070800269023,0.06658220000000001,9.653,0.046362700525314396,61.4688,duckdb process RSS,True,False,0,,
duckdb,grid,right_recursion,700,ok,,5,0.03089356659911573,0.01650270796380937,0.03373320079139074,0.014814874972216785,0.09122020902577788,0.058822400000000004,11.7562,0.12326069933275555,63.575,duckdb process RSS,True,False,0,,
duckdb,grid,right_recursion,800,ok,,5,0.022840766818262637,0.023236666980665177,0.0008021825092745541,0.021828124998137355,0.02359887503553182,0.04677800000000001,14.7092,0.3296584596214697,66.6284,duckdb process RSS,True,False,0,,
duckdb,grid,right_recursion,900,ok,,5,0.06518354179570451,0.029799041978549212,0.07927045416568253,0.029498749994672835,0.20698662498034537,0.1242114,20.2876,0.25557347280185455,72.1844,duckdb process RSS,True,False,0,,
duckdb,grid,right_recursion,1000,ok,,5,0.03177827502368018,0.0316982910153456,0.0006425630227052412,0.031126667046919465,0.032830000040121377,0.0554144,21.474800000000002,0.5585899211407236,73.4312,duckdb process RSS,True,False,0,,
duckdb,max_acyclic,double_recursion,100,ok,,5,0.002336400013882667,0.0023467079736292362,6.964541363627454e-05,0.0022360000293701887,0.0024105420452542603,0.005425600000000003,3.2124,0.06867532307896339,55.4686,duckdb process RSS,True,False,0,,
duckdb,max_acyclic,double_recursion,200,ok,,5,0.014060575212351979,0.013504458009265363,0.0010660828815108063,0.013183832983486354,0.015435541979968548,0.033553599999999996,7.827999999999999,0.21336002437195192,60.775,duckdb process RSS,True,False,0,,
duckdb,max_acyclic,double_recursion,300,ok,,5,0.057069066585972904,0.052475125005003065,0.0092632104154953,0.05034745897864923,0.07276145799551159,0.0779214,9.978200000000001,0.3941842208917043,63.6344,duckdb process RSS,True,False,0,,
duckdb,max_acyclic,double_recursion,400,ok,,5,0.14929170020623134,0.1501770419999957,0.003900649644168745,0.14532141701783985,0.1548349169897847,0.2053302,12.140600000000001,0.09110872625605088,67.5938,duckdb process RSS,True,False,0,,
duckdb,max_acyclic,double_recursion,500,ok,,5,0.27937809139257297,0.27969833300448954,0.004125092348873356,0.2747193749528378,0.28357845795108005,0.3463188,14.7842,0.14822010659826146,71.522,duckdb process RSS,True,False,0,,
duckdb,max_acyclic,double_recursion,600,ok,,5,0.437413800007198,0.4360254170023836,0.005638009852808891,0.43205166701227427,0.446171207993757,0.5328426,17.790799999999997,0.4621830806076747,80.028,duckdb process RSS,True,False,0,,
duckdb,max_acyclic,double_recursion,700,ok,,5,0.7683410163968801,0.7727882910403423,0.00853824341587306,0.7551470419857651,0.7762536249938421,0.9036848,20.159399999999998,0.04033360881448609,84.072,duckdb process RSS,True,False,0,,
duckdb,max_acyclic,double_recursion,800,ok,,5,1.2157248332048767,1.2229813750018366,0.07647122924050011,1.1259147910168394,1.3062285410123877,1.4401705999999999,26.906200000000002,0.2525206922214493,93.328,duckdb process RSS,True,False,0,,
duckdb,max_acyclic,double_recursion,900,ok,,5,1.5139639251865447,1.5174403340206482,0.03272927929971717,1.4739256670000032,1.5525134999770671,1.7970874,35.5782,0.196994162350055,108.39059999999999,duckdb process RSS,True,False,0,,
duckdb,max_acyclic,double_recursion,1000,ok,,5,2.2445489416015336,2.195839707972482,0.10395132391231546,2.134525000001304,2.3605510420165956,2.5848364,38.8376,0.7467551807654236,115.575,duckdb process RSS,True,False,0,,
duckdb,max_acyclic,doublerecurring_recursion,100,ok,,5,0.0024069168139249086,0.002393916016444564,6.403161889697449e-05,0.0023378339828923345,0.002508250006940216,0.0065039999999999985,3.328,0.03510697936308387,55.537600000000005,duckdb process RSS,True,False,0,,
duckdb,max_acyclic,doublerecurring_recursion,200,ok,,5,0.013633033214136957,0.013206500036176294,0.0010237455694521215,0.013044000021182,0.015457874978892505,0.03129660000000001,7.853,0.07708761249383722,60.9654,duckdb process RSS,True,False,0,,
duckdb,max_acyclic,doublerecurring_recursion,300,ok,,5,0.05180448320461437,0.05186920799314976,0.0008578128859669387,0.05090299999574199,0.05286100000375882,0.0734638,10.1718,0.10972784514424747,63.784400000000005,duckdb process RSS,True,False,0,,
duckdb,max_acyclic,doublerecurring_recursion,400,ok,,5,0.15674160820199176,0.1522478749975562,0.011350199362200067,0.14466479199472815,0.17147404100978747,0.1918634,12.7154,0.18427235278250484,68.1532,duckdb process RSS,True,False,0,,
duckdb,max_acyclic,doublerecurring_recursion,500,ok,,5,0.2774724829941988,0.2758431249530986,0.004110520371789469,0.27409725001780316,0.28455904097063467,0.3585656,15.8874,0.08942203307910175,72.6376,duckdb process RSS,True,False,0,,
duckdb,max_acyclic,doublerecurring_recursion,600,ok,,5,0.4406120499945246,0.43437937495764345,0.013673264018614417,0.4311584579991177,0.4642176670022309,0.5352596,18.9718,0.1784144052480066,81.4406,duckdb process RSS,True,False,0,,
duckdb,max_acyclic,doublerecurring_recursion,700,ok,,5,0.776473175000865,0.7778600410092622,0.006058627442665038,0.7701223330223002,0.7847352919634432,0.9116016,22.1874,0.08335646345664993,86.022,duckdb process RSS,True,False,0,,
duckdb,max_acyclic,doublerecurring_recursion,800,ok,,5,1.2737589500029571,1.2850937920156866,0.04368487143975295,1.2018198749865405,1.3110937080346048,1.47109,29.6748,0.10516748546960751,96.1374,duckdb process RSS,True,False,0,,
duckdb,max_acyclic,doublerecurring_recursion,900,ok,,5,1.5967066665994936,1.5945571250049397,0.025404000583603505,1.5633750410052016,1.6265557080041617,1.8886284,38.8092,0.040295160999803514,111.7282,duckdb process RSS,True,False,0,,
duckdb,max_acyclic,doublerecurring_recursion,1000,ok,,5,2.2739599584019743,2.272336458961945,0.06571140273054289,2.177379875036422,2.3585088329855353,2.6850468,42.1124,0.06507918253942786,119.0562,duckdb process RSS,True,False,0,,
duckdb,max_acyclic,left_recursion,100,ok,,5,0.0023444832186214626,0.002327374997548759,5.613988591164932e-05,0.002289666037540883,0.002423292025923729,0.005767799999999998,2.8816,0.06128050260890494,55.0748,duckdb process RSS,True,False,0,,
duckdb,max_acyclic,left_recursion,200,ok,,5,0.013099991402123123,0.01288254198152572,0.0006613213426025841,0.012643625028431416,0.014251957996748388,0.028581799999999997,6.7248,0.08724505716658124,59.7312,duckdb process RSS,True,False,0,,
duckdb,max_acyclic,left_recursion,300,ok,,5,0.04538980798097327,0.04521091596689075,0.00037230971115514386,0.04502579098334536,0.04592183296335861,0.0651314,8.7406,0.05333197914947458,62.3688,duckdb process RSS,True,False,0,,
duckdb,max_acyclic,left_recursion,400,ok,,5,0.11933553320122883,0.11762204102706164,0.0030089461828740546,0.11663129099179059,0.12352720799390227,0.15858260000000002,10.6656,0.04514199818350961,66.1062,duckdb process RSS,True,False,0,,
duckdb,max_acyclic,left_recursion,500,ok,,5,0.2274473748053424,0.2256498329807073,0.0034482489556896785,0.2245652920100838,0.23174512502737343,0.2935662,13.4532,0.03645819523783338,70.1718,duckdb process RSS,True,False,0,,
duckdb,max_acyclic,left_recursion,600,ok,,5,0.38140940041048454,0.38056558405514807,0.0021593264899875285,0.378821375023108,0.38396520901005715,0.4714872,16.0844,0.11170183525797628,78.4626,duckdb process RSS,True,False,0,,
duckdb,max_acyclic,left_recursion,700,ok,,5,0.6227857752004639,0.6236321249743924,0.0037567297686309877,0.6174372500390746,0.6265094589907676,0.7714632,18.6282,0.06367260007255912,82.4532,duckdb process RSS,True,False,0,,
duckdb,max_acyclic,left_recursion,800,ok,,5,0.961766582983546,0.960836540965829,0.007126142640689869,0.9531077080173418,0.9692816659808159,1.1493294,25.471799999999998,0.11400745589653356,91.8876,duckdb process RSS,True,False,0,,
duckdb,max_acyclic,left_recursion,900,ok,,5,1.334670191584155,1.334099999978207,0.011207173614854318,1.3237019169609994,1.3502517080050893,1.5802234,34.1998,0.19592141281646516,107.1124,duckdb process RSS,True,False,0,,
duckdb,max_acyclic,left_recursion,1000,ok,,5,1.864743641379755,1.868664790992625,0.009284259830032308,1.8534564999863505,1.8745318749570288,2.2160622,37.0844,0.13552785691510055,113.8438,duckdb process RSS,True,False,0,,
duckdb,max_acyclic,right_recursion,100,ok,,5,0.004592683189548552,0.0025232499465346336,0.004652490866005855,0.002406667044851929,0.012914165970869362,0.0086772,2.9126,0.03240833226193533,55.1406,duckdb process RSS,True,False,0,,
duckdb,max_acyclic,right_recursion,200,ok,,5,0.014029283204581588,0.014016625005751848,0.00012391721510718223,0.01385229203151539,0.014148332993499935,0.0260554,6.6188,0.25926376530475675,59.6468,duckdb process RSS,True,False,0,,
duckdb,max_acyclic,right_recursion,300,ok,,5,0.04554650799836964,0.04551729199010879,0.0003683545116856778,0.045054916001390666,0.04598133300896734,0.108919,8.9156,0.22930067596934825,62.5592,duckdb process RSS,True,False,0,,
duckdb,max_acyclic,right_recursion,400,ok,,5,0.11856774161569775,0.11864891601726413,0.0017069376134023254,0.11598508403403684,0.12017545802518725,0.259753,11.0846,0.12017820101832137,66.5032,duckdb process RSS,True,False,0,,
duckdb,max_acyclic,right_recursion,500,ok,,5,0.22651336680864914,0.224953250028193,0.009276852313410496,0.21806729101808742,0.2400410840054974,0.550853,13.925,0.18343254891103666,70.6844,duckdb process RSS,True,False,0,,
duckdb,max_acyclic,right_recursion,600,ok,,5,0.4242459748056717,0.4330364160123281,0.024163524605127284,0.38156337500549853,0.4385900000343099,0.9056964000000001,16.5782,0.1250627842325601,78.9564,duckdb process RSS,True,False,0,,
duckdb,max_acyclic,right_recursion,700,ok,,5,0.6770012836088426,0.6811441670288332,0.03318116330075514,0.637295666965656,0.7100422500516288,1.677749,19.1782,0.16029722393104592,83.025,duckdb process RSS,True,False,0,,
duckdb,max_acyclic,right_recursion,800,ok,,5,1.225725333590526,1.2182520829956047,0.05685202962481219,1.1465966670075431,1.303946416999679,2.2362662,26.0124,0.11355527288505746,92.4782,duckdb process RSS,True,False,0,,
duckdb,max_acyclic,right_recursion,900,ok,,5,1.5266493336064741,1.5553581670392305,0.0882094826884084,1.3709140419960022,1.587507291988004,3.5617702,34.5656,0.10498952328685,107.3716,duckdb process RSS,True,False,0,,
duckdb,max_acyclic,right_recursion,1000,ok,,5,2.2583945502061398,2.2599758339929394,0.12161822812406031,2.1066175830201246,2.438747208972927,5.1977616,37.3436,0.212697672765828,114.1906,duckdb process RSS,True,False,0,,
duckdb,multi_path,double_recursion,100,ok,,5,0.0015408997889608145,0.0015253749443218112,0.00011511130590060297,0.0014301250339485705,0.0017226659692823887,0.0024422,3.1502,0.040880313110347025,54.9248,duckdb process RSS,False,True,0,,
duckdb,multi_path,double_recursion,200,ok,,5,0.007742916792631149,0.002189208986237645,0.008524229715397251,0.0018736660131253302,0.021165209007449448,0.012883999999999993,3.1846,0.023362362894193626,54.7592,duckdb process RSS,False,True,0,,
duckdb,multi_path,double_recursion,300,ok,,5,0.008804499998223036,0.0028922500205226243,0.013286792539963552,0.0027424999861977994,0.032571874966379255,0.015743800000000002,4.9406,0.05572970482606204,56.5094,duckdb process RSS,False,True,0,,
duckdb,multi_path,double_recursion,400,ok,,5,0.00807826641248539,0.003286000050138682,0.010835191099129515,0.0030928750056773424,0.027460290992166847,0.015522,5.2842,0.033766847646767476,56.853,duckdb process RSS,False,True,0,,
duckdb,multi_path,double_recursion,500,ok,,5,0.003809908404946327,0.003819959005340934,4.7370139027351286e-05,0.0037453750264830887,0.0038741250173188746,0.010687800000000003,6.075,0.08957957356451322,57.6502,duckdb process RSS,False,True,0,,
duckdb,multi_path,double_recursion,600,ok,,5,0.00450994981219992,0.004544582974631339,7.455603260097609e-05,0.004417582997120917,0.0045947080361656845,0.011026800000000003,7.3346,0.05249095160120463,58.8752,duckdb process RSS,False,True,0,,
duckdb,multi_path,double_recursion,700,ok,,5,0.004932366393040866,0.00498774996958673,0.00010178811975618275,0.004814540967345238,0.005019250034820288,0.012584600000000001,8.1314,0.06117842757050907,59.7688,duckdb process RSS,False,True,0,,
duckdb,multi_path,double_recursion,800,ok,,5,0.007194075011648237,0.005324375000782311,0.0042170568456648206,0.005170416028704494,0.01473604200873524,0.015567799999999998,8.1156,0.05709027938274628,59.7564,duckdb process RSS,False,True,0,,
duckdb,multi_path,double_recursion,900,ok,,5,0.006275500205811113,0.006382542022038251,0.00023156466415616468,0.00596816698089242,0.006518541951663792,0.014089599999999997,10.9968,0.16780256255492648,62.547,duckdb process RSS,False,True,0,,
duckdb,multi_path,double_recursion,1000,ok,,5,0.030876033194363117,0.007330707972869277,0.05311536306477794,0.006849542027339339,0.1258904580026865,0.05281519999999999,13.0532,0.10532663480810538,64.6562,duckdb process RSS,False,True,0,,
duckdb,multi_path,doublerecurring_recursion,100,ok,,5,0.07504311661468818,0.06056066701421514,0.0334078417389478,0.059011165983974934,0.1347933750366792,0.11242100000000001,13.1532,0.4708430736455618,64.8092,duckdb process RSS,True,False,0,,
duckdb,multi_path,doublerecurring_recursion,200,ok,,5,0.5170643082004972,0.5163467079983093,0.005550142758249148,0.5092572499997914,0.52385358302854,0.6210244,34.353,0.45002611035361023,85.8842,duckdb process RSS,True,False,0,,
duckdb,multi_path,doublerecurring_recursion,300,ok,,5,2.348141933395527,2.3328923329827376,0.03668626360807308,2.307404624996707,2.401276541990228,2.7336804,62.384,0.6181460183484148,113.9374,duckdb process RSS,True,False,0,,
duckdb,multi_path,doublerecurring_recursion,400,ok,,5,5.671416608174331,5.7379050409654155,0.1342780678109486,5.522424999973737,5.794886582996696,6.8680648,109.8,0.8164621852847798,161.3784,duckdb process RSS,True,False,0,,
duckdb,multi_path,doublerecurring_recursion,500,ok,,5,12.210923425189685,12.219237541954499,0.03758664740375134,12.174795333994552,12.26539924996905,14.9857102,162.49699999999999,1.4148494619569931,214.0002,duckdb process RSS,True,False,0,,
duckdb,multi_path,doublerecurring_recursion,600,ok,,5,28.421165408194064,28.46925104095135,0.2376567819824069,28.108238917018753,28.727902707993053,35.8084604,224.531,0.664959397256702,276.0468,duckdb process RSS,True,False,0,,
duckdb,multi_path,doublerecurring_recursion,700,ok,,5,49.93126016719034,49.84935533400858,0.13676891658431023,49.80196158395847,50.10588933399413,61.9683876,322.3374,0.9466767135617119,373.9968,duckdb process RSS,True,False,0,,
duckdb,multi_path,doublerecurring_recursion,800,ok,,5,62.2018295833841,62.18122291698819,0.1531412672766048,62.02731087501161,62.434660249971785,80.0317786,417.5372,6.220134017848815,469.0688,duckdb process RSS,True,False,0,,
duckdb,multi_path,doublerecurring_recursion,900,ok,,5,88.80178914180723,88.45333395898342,0.6408056178434505,88.22496966598555,89.7630355420406,113.185033,449.9748,10.35240236370283,501.61240000000004,duckdb process RSS,True,False,0,,
duckdb,multi_path,doublerecurring_recursion,1000,ok,,5,127.58489303338574,127.38181012496352,0.5607649200378881,127.0017811669968,128.18633679201594,160.7299518,530.8312,31.766390662144786,582.4594,duckdb process RSS,True,False,0,,
duckdb,multi_path,left_recursion,100,ok,,5,0.08526177479652688,0.012096750026103109,0.16296678571913256,0.011867415974847972,0.37678320799022913,0.1420002,6.6782,0.1756180514639655,58.4656,duckdb process RSS,True,False,0,,
duckdb,multi_path,left_recursion,200,ok,,5,0.03695024980697781,0.03890149999642745,0.003197296387575642,0.03319633303908631,0.03960670798551291,0.0741176,16.4378,0.04272235948540458,68.0592,duckdb process RSS,True,False,0,,
duckdb,multi_path,left_recursion,300,ok,,5,0.06812654160894453,0.06539599999086931,0.0048900483784200645,0.06406316603533924,0.07464387500658631,0.1244112,30.1438,0.2776377135765236,81.6938,duckdb process RSS,True,False,0,,
duckdb,multi_path,left_recursion,400,ok,,5,0.223727233405225,0.11766279203584418,0.2423962231880551,0.10786391596775502,0.6572698340169154,0.4290162,55.0002,0.16373362513546302,106.5502,duckdb process RSS,True,False,0,,
duckdb,multi_path,left_recursion,500,ok,,5,0.16220733302179724,0.16140104102669284,0.006363495408670313,0.15594104101182893,0.16979258303763345,0.3036114,67.4594,0.14022410634409502,119.0218,duckdb process RSS,True,False,0,,
duckdb,multi_path,left_recursion,600,ok,,5,0.40583966658450665,0.2451492499676533,0.37190857657920207,0.2308767499634996,1.0710087919724174,0.7413664,108.625,0.16034961802262043,160.175,duckdb process RSS,True,False,0,,
duckdb,multi_path,left_recursion,700,ok,,5,1.3287179165985434,0.31431537499884143,2.287129988057223,0.29432483296841383,5.420024499995634,2.201911,123.4062,0.16775786121669758,175.006,duckdb process RSS,True,False,0,,
duckdb,multi_path,left_recursion,800,ok,,5,0.42395420840475706,0.41952295805094764,0.008390293282020796,0.4162996669765562,0.43675670900847763,0.7226032,204.0718,0.09392656706172618,255.6718,duckdb process RSS,True,False,0,,
duckdb,multi_path,left_recursion,900,ok,,5,0.9384452333906665,0.5254416249808855,0.943381122137592,0.49844837497221306,2.625852625002153,1.754509,223.35920000000002,0.07184845161866166,274.9346,duckdb process RSS,True,False,0,,
duckdb,multi_path,left_recursion,1000,ok,,5,2.5129893420031295,0.6175729170208797,4.251840455314434,0.5980787919834256,10.118895917024929,4.2116356,243.6436,0.06659429404986737,295.2876,duckdb process RSS,True,False,0,,
duckdb,multi_path,right_recursion,100,ok,,5,0.013011874991934746,0.013241833017673343,0.0006648436942338082,0.011921208002604544,0.013554208970163018,0.0293608,6.6626,0.08018291588611606,58.431400000000004,duckdb process RSS,True,False,0,,
duckdb,multi_path,right_recursion,200,ok,,5,0.14267282499931752,0.03900583297945559,0.23264357856958792,0.038047875044867396,0.5588374169892631,0.25439660000000003,16.547,0.09950628120877587,68.1374,duckdb process RSS,True,False,0,,
duckdb,multi_path,right_recursion,300,ok,,5,0.18187509179115297,0.07235091697657481,0.24931267841013147,0.06309554202016443,0.6277939580031671,0.3307558,30.853,0.3632106826622815,82.3344,duckdb process RSS,True,False,0,,
duckdb,multi_path,right_recursion,400,ok,,5,0.19028248301474376,0.11523508297977969,0.1776273088800746,0.1050259160110727,0.5078955829958431,0.3513866,56.681,0.24435834342211346,108.2844,duckdb process RSS,True,False,0,,
duckdb,multi_path,right_recursion,500,ok,,5,0.6887666832190007,0.15580400003818795,1.196795872601827,0.14708212501136586,2.8296287080156617,1.1087526,68.6156,0.21585481231605635,120.2126,duckdb process RSS,True,False,0,,
duckdb,multi_path,right_recursion,600,ok,,5,0.2326274998136796,0.23689829104114324,0.009172179956383059,0.2164636249653995,0.23794875002931803,0.5117508000000001,110.73140000000001,0.2815489300281585,162.2906,duckdb process RSS,True,False,0,,
duckdb,multi_path,right_recursion,700,ok,,5,0.28224303339375184,0.2774993749917485,0.009477861823262435,0.2761017919983715,0.29879554198123515,0.46446560000000003,124.77159999999999,0.21351416814815694,176.369,duckdb process RSS,True,False,0,,
duckdb,multi_path,right_recursion,800,ok,,5,0.39445731659652666,0.39408954099053517,0.0009358558316883011,0.39343408396234736,0.39552662504138425,0.5429248,203.8186,0.348008333233557,255.3752,duckdb process RSS,True,False,0,,
duckdb,multi_path,right_recursion,900,ok,,5,0.49437952479347586,0.4992828330141492,0.01962350420630834,0.4743934579892084,0.5213694999692962,1.0031387999999999,219.1998,0.3245330491644907,270.7782,duckdb process RSS,True,False,0,,
duckdb,multi_path,right_recursion,1000,ok,,5,1.8171592668048107,0.5632143750553951,1.9260100732902818,0.5572430000174791,4.926151499967091,3.0604078,240.75639999999999,0.1867840999657075,292.2938,duckdb process RSS,True,False,0,,
duckdb,path,double_recursion,100,ok,,5,0.003222458390519023,0.0014081670087762177,0.004149620076661133,0.0012536249705590308,0.010644582973327488,0.005525600000000003,2.447,0.05481788029466296,53.5656,duckdb process RSS,False,True,0,,
duckdb,path,double_recursion,200,ok,,5,0.0325452916091308,0.0015668750274926424,0.05236498189074561,0.0015460410504601896,0.12241920799715444,0.052268999999999996,2.4718,0.05789818650009685,53.5624,duckdb process RSS,False,True,0,,
duckdb,path,double_recursion,300,ok,,5,0.0015459251939319075,0.0015359999961219728,6.975236895156519e-05,0.0014877499779686332,0.0016601670067757368,0.0025700000000000002,2.6,0.030651264247988294,54.172,duckdb process RSS,False,True,0,,
duckdb,path,double_recursion,400,ok,,5,0.0017240416025742888,0.0017526659648865461,0.00010019022756240048,0.0015519580338150263,0.0018050000071525574,0.0035040000000000015,2.9314,0.058892274535799725,54.5218,duckdb process RSS,False,True,0,,
duckdb,path,double_recursion,500,ok,,5,0.010472616809420288,0.0018090420053340495,0.019453041178573292,0.0016781670274212956,0.04527112498180941,0.017039799999999997,3.0186,0.055378696264899455,54.5906,duckdb process RSS,False,True,0,,
duckdb,path,double_recursion,600,ok,,5,0.00913918319856748,0.0018073749961331487,0.016444811806135586,0.0016720829880796373,0.03855620801914483,0.014739599999999997,3.0436,0.040623884600072345,54.687400000000004,duckdb process RSS,False,True,0,,
duckdb,path,double_recursion,700,ok,,5,0.003643466578796506,0.0019701250130310655,0.0038247923503971558,0.0018314579501748085,0.010484624945092946,0.006701600000000002,3.1656,0.008763560920082666,54.7686,duckdb process RSS,False,True,0,,
duckdb,path,double_recursion,800,ok,,5,0.006686258199624717,0.002023375011049211,0.010558539344997994,0.001803541963454336,0.025573124992661178,0.011312,3.203,0.09176600677810928,54.7968,duckdb process RSS,False,True,0,,
duckdb,path,double_recursion,900,ok,,5,0.013652683387044817,0.0019145419937558472,0.026141149477067926,0.0018359169480390847,0.060414333012886345,0.021804200000000003,3.4904,0.008763560920082666,55.2124,duckdb process RSS,False,True,0,,
duckdb,path,double_recursion,1000,ok,,5,0.002179208223242313,0.002134542039129883,0.00012376727443649176,0.002067666035145521,0.002387374988757074,0.004602199999999998,3.0904,0.034180403742495584,54.878,duckdb process RSS,False,True,0,,
duckdb,path,doublerecurring_recursion,100,ok,,5,0.006726807984523475,0.0055150410044007,0.0028778761911744362,0.005237957986537367,0.011867749970406294,0.015487,3.8624,0.048772943319016514,54.9128,duckdb process RSS,True,False,0,,
duckdb,path,doublerecurring_recursion,200,ok,,5,0.04359680840279907,0.04253720899578184,0.0034210128158365266,0.040814500011038035,0.049436000001151115,0.0769892,9.4124,0.08728000916590228,60.578,duckdb process RSS,True,False,0,,
duckdb,path,doublerecurring_recursion,300,ok,,5,0.1768322916002944,0.1740532080293633,0.011158381335437399,0.16606108302948996,0.19501824997132644,0.256662,14.044,0.6067676655854365,65.6312,duckdb process RSS,True,False,0,,
duckdb,path,doublerecurring_recursion,400,ok,,5,0.4499656164087355,0.44852512498619035,0.006779422029518175,0.442260250041727,0.4608487080549821,0.5458066,17.8844,0.7771771355360374,69.45960000000001,duckdb process RSS,True,False,0,,
duckdb,path,doublerecurring_recursion,500,ok,,5,0.6826835836167447,0.6805488750105724,0.009003941716052928,0.6719150840071961,0.6942978750448674,0.7948601999999999,23.3094,0.7092684964102093,74.8968,duckdb process RSS,True,False,0,,
duckdb,path,doublerecurring_recursion,600,ok,,5,1.6074686499778181,1.5640353750204667,0.1114264904697578,1.5433454999583773,1.8057752079912461,1.8996356,33.8158,0.5133821188939078,85.5532,duckdb process RSS,True,False,0,,
duckdb,path,doublerecurring_recursion,700,ok,,5,2.5398836085922083,2.54363991698483,0.010406586926379097,2.5259887499851175,2.549225250026211,2.8674048,34.1282,1.3180135431777635,85.8124,duckdb process RSS,True,False,0,,
duckdb,path,doublerecurring_recursion,800,ok,,5,4.08692437519785,4.107160082960036,0.05944978142249771,4.004398334014695,4.140542333014309,4.548449199999999,45.790600000000005,0.6608046610005099,97.4406,duckdb process RSS,True,False,0,,
duckdb,path,doublerecurring_recursion,900,ok,,5,4.626171650202013,4.624409167037811,0.03186637719620197,4.592085291980766,4.677988583047409,5.2683036,59.7656,0.9368221816332074,111.4966,duckdb process RSS,True,False,0,,
duckdb,path,doublerecurring_recursion,1000,ok,,5,6.42926726678852,6.329106624994893,0.21611753621319474,6.278620958968531,6.79902537498856,7.2655648,64.1,0.4149078210880106,115.8282,duckdb process RSS,True,False,0,,
duckdb,path,left_recursion,100,ok,,5,0.12818781660171225,0.010318332992028445,0.26447268258698275,0.00936804199591279,0.6012899160268717,0.2101348,3.053,0.05611149614829384,54.1438,duckdb process RSS,True,False,0,,
duckdb,path,left_recursion,200,ok,,5,0.05740164980525151,0.01961108297109604,0.08324206762106111,0.018242583028040826,0.2062398749985732,0.1047434,4.872,0.08304516843260662,55.978,duckdb process RSS,True,False,0,,
duckdb,path,left_recursion,300,ok,,5,0.5802219750126824,0.035815833020024,0.9999628641042247,0.02888308302499354,2.336367124982644,0.9379876,7.7342,0.28949386867427773,59.2594,duckdb process RSS,True,False,0,,
duckdb,path,left_recursion,400,ok,,5,0.3225446415948682,0.049987624981440604,0.6185038087575669,0.0414683329872787,1.4289289169828407,0.5384578,8.722,0.09209505958519172,60.322,duckdb process RSS,True,False,0,,
duckdb,path,left_recursion,500,ok,,5,0.06113885820377618,0.06606379098957404,0.007637166374534439,0.052319458045531064,0.06706483400193974,0.136021,13.525,0.07104224095564526,65.1562,duckdb process RSS,True,False,0,,
duckdb,path,left_recursion,600,ok,,5,1.0073333248030394,0.08075120800640434,2.08636877102737,0.0664217920275405,4.739516915986314,1.6398358,18.956400000000002,0.34287942487119255,70.5718,duckdb process RSS,True,False,0,,
duckdb,path,left_recursion,700,ok,,5,0.34213243359699846,0.09626554202986881,0.5670502897484453,0.07959329197183251,1.3563932089600712,0.583274,20.2748,0.0404190549122565,71.953,duckdb process RSS,True,False,0,,
duckdb,path,left_recursion,800,ok,,5,0.7484762502135709,0.11489841702859849,1.4367120378975384,0.0934906670008786,3.3184725420433097,1.2348408,21.6656,0.10905182254323026,73.3876,duckdb process RSS,True,False,0,,
duckdb,path,left_recursion,900,ok,,5,0.12219885819358751,0.11313016596250236,0.012709002066961959,0.1126395839964971,0.1361322909942828,0.2428544,32.153,0.08555407646629103,83.89359999999999,duckdb process RSS,True,False,0,,
duckdb,path,left_recursion,1000,ok,,5,0.15375712499953806,0.15313354198588058,0.0037176636032226406,0.14854745799675584,0.1582207499886863,0.3699276,35.0592,0.03381124073440848,86.7688,duckdb process RSS,True,False,0,,
duckdb,path,right_recursion,100,ok,,5,0.09527297498425469,0.01190974999917671,0.18859545564348765,0.00977087498176843,0.4326376249664463,0.1606822,3.7312,0.054554559846084434,54.8596,duckdb process RSS,True,False,0,,
duckdb,path,right_recursion,200,ok,,5,0.02017141639953479,0.019272750010713935,0.0021619390390432577,0.019020707986783236,0.02403129101730883,0.040694600000000004,5.1032,0.06848138433180209,56.2656,duckdb process RSS,True,False,0,,
duckdb,path,right_recursion,300,ok,,5,0.03337440020404756,0.03625262499554083,0.004293383996989518,0.028517708007711917,0.0368933750432916,0.07701580000000001,7.6938,0.07986989420301001,59.2968,duckdb process RSS,True,False,0,,
duckdb,path,right_recursion,400,ok,,5,0.04580881679430604,0.04897645901655778,0.006421704274454299,0.03830429201480001,0.05132387496996671,0.1053772,8.7906,0.10234402767137889,60.3908,duckdb process RSS,True,False,0,,
duckdb,path,right_recursion,500,ok,,5,0.7752397079835646,0.0700905830017291,0.9890760572380085,0.05343683296814561,2.0804400829947554,1.261979,13.5876,0.13522869517968472,65.15,duckdb process RSS,True,False,0,,
duckdb,path,right_recursion,600,ok,,5,0.07081326639745385,0.06739187496714294,0.00788570675462045,0.06596795801306143,0.08472545800032094,0.1319254,19.221999999999998,0.10908482937604162,70.8438,duckdb process RSS,True,False,0,,
duckdb,path,right_recursion,700,ok,,5,0.09396969180088491,0.09635212499415502,0.00812821972959798,0.07969233300536871,0.100080959033221,0.21899459999999998,20.4096,0.06952913058567482,72.00919999999999,duckdb process RSS,True,False,0,,
duckdb,path,right_recursion,800,ok,,5,0.11218985038576648,0.11631716694682837,0.00916131089434852,0.09581345901824534,0.11669458396499977,0.2615452,21.7064,0.0835601579701709,73.4248,duckdb process RSS,True,False,0,,
duckdb,path,right_recursion,900,ok,,5,0.12017713320674375,0.11052466597175226,0.013472333267208626,0.11021187499864027,0.13703725003870204,0.23897859999999999,32.2158,0.038635475925629256,83.97500000000001,duckdb process RSS,True,False,0,,
duckdb,path,right_recursion,1000,ok,,5,0.14970224179560318,0.15425008401507512,0.013366206407618356,0.12678229197626933,0.1615967499674298,0.3380248,35.1624,0.09625642835675881,86.88759999999999,duckdb process RSS,True,False,0,,
duckdb,reverse_binary_tree,double_recursion,100,ok,,5,0.0026943166158162057,0.0008896250510588288,0.004043690546909258,0.0008521249983459711,0.00992770801531151,0.004474199999999998,2.5282,0.04740991457490723,53.8342,duckdb process RSS,False,True,0,,
duckdb,reverse_binary_tree,double_recursion,200,ok,,5,0.0008976083947345615,0.0009001659927889705,4.960055916136748e-05,0.0008372919983230531,0.0009550419636070728,0.0016065999999999997,2.5312,0.029132456127144452,54.0094,duckdb process RSS,False,True,0,,
duckdb,reverse_binary_tree,double_recursion,300,ok,,5,0.0009136916021816432,0.0009144159848801792,4.2012334552774464e-05,0.0008693750132806599,0.000975875009316951,0.0014069999999999972,2.5374,0.04873191972413972,54.0938,duckdb process RSS,False,True,0,,
duckdb,reverse_binary_tree,double_recursion,400,ok,,5,0.000947416399139911,0.0009507909999229014,4.603071111746739e-05,0.0008736670133657753,0.0010002079652622342,0.0017857999999999984,2.5124,0.04742678568066785,54.0436,duckdb process RSS,False,True,0,,
duckdb,reverse_binary_tree,double_recursion,500,ok,,5,0.0009248332120478153,0.000921917031519115,4.3080946382719784e-05,0.0008850830490700901,0.0009919999865815043,0.0017071999999999977,2.5124,0.050855678149052286,54.044,duckdb process RSS,False,True,0,,
duckdb,reverse_binary_tree,double_recursion,600,ok,,5,0.0109783835709095,0.0011035839561372995,0.0220999246391955,0.0010078749619424343,0.05051179201109335,0.017590200000000004,2.5622,0.05076613044146658,54.103,duckdb process RSS,False,True,0,,
duckdb,reverse_binary_tree,double_recursion,700,ok,,5,0.006530925212427974,0.0010814170236699283,0.012284550943275055,0.0009825419983826578,0.02850604202831164,0.010633800000000004,2.5094,0.058892274535799684,54.1844,duckdb process RSS,False,True,0,,
duckdb,reverse_binary_tree,double_recursion,800,ok,,5,0.0010399335995316505,0.0010461669880896807,6.744933172794158e-05,0.0009683750104159117,0.0011350419954396784,0.001715,2.5438,0.07765758172902376,54.125,duckdb process RSS,False,True,0,,
duckdb,reverse_binary_tree,double_recursion,900,ok,,5,0.001050908409524709,0.0010641670087352395,5.361507413477537e-05,0.0009605830418877304,0.0011029589804820716,0.0017764000000000002,2.5343999999999998,0.05347242279904662,54.0626,duckdb process RSS,False,True,0,,
duckdb,reverse_binary_tree,double_recursion,1000,ok,,5,0.0018847418017685414,0.0011459169909358025,0.0017005017801729409,0.0010751669760793447,0.004925999965053052,0.0033355999999999998,2.5436,0.06773330052492647,54.1408,duckdb process RSS,False,True,0,,
duckdb,reverse_binary_tree,doublerecurring_recursion,100,ok,,5,0.001046149805188179,0.0010577909997664392,4.769965357095604e-05,0.0009643330122344196,0.0010890419944189489,0.0019077999999999983,2.5156,0.05193553696651264,53.8094,duckdb process RSS,True,False,0,,
duckdb,reverse_binary_tree,doublerecurring_recursion,200,ok,,5,0.003932308405637741,0.0010310829966329038,0.006481319780278418,0.0009936250280588865,0.015526209026575089,0.006423999999999999,2.5465999999999998,0.0764447512913739,54.1312,duckdb process RSS,True,False,0,,
duckdb,reverse_binary_tree,doublerecurring_recursion,300,ok,,5,0.0011628249892964959,0.0011700830073095858,4.717228053083048e-05,0.0011021249811165035,0.0012167500099167228,0.002109600000000003,2.575,0.0339042770163293,54.0562,duckdb process RSS,True,False,0,,
duckdb,reverse_binary_tree,doublerecurring_recursion,400,ok,,5,0.001171766617335379,0.0011710419785231352,5.5371110536870004e-05,0.0011194170219823718,0.001255708048120141,0.0021882000000000013,2.556,0.01776231966833147,54.1154,duckdb process RSS,True,False,0,,
duckdb,reverse_binary_tree,doublerecurring_recursion,500,ok,,5,0.0027838249923661353,0.0012167909881100059,0.003525570303729147,0.00117425003554672,0.00909045897424221,0.004740599999999998,2.5654,0.03901666310693413,54.1688,duckdb process RSS,True,False,0,,
duckdb,reverse_binary_tree,doublerecurring_recursion,600,ok,,5,0.0014677080092951656,0.0014680000022053719,6.367715627760931e-05,0.001367415999993682,0.00153179100016132,0.0030322000000000014,3.2312,0.04833942490348838,54.8374,duckdb process RSS,True,False,0,,
duckdb,reverse_binary_tree,doublerecurring_recursion,700,ok,,5,0.0014459083904512227,0.001451082993298769,3.994143648454966e-05,0.0013977499911561608,0.0014946670271456242,0.002840000000000001,3.1936,0.039323021247101464,54.775,duckdb process RSS,True,False,0,,
duckdb,reverse_binary_tree,doublerecurring_recursion,800,ok,,5,0.0021399584133177997,0.0014828750281594694,0.0014809259016007078,0.0014246670180000365,0.004787915968336165,0.004172200000000001,3.1848,0.02792310870945422,54.812599999999996,duckdb process RSS,True,False,0,,
duckdb,reverse_binary_tree,doublerecurring_recursion,900,ok,,5,0.003924141603056342,0.0014903330011293292,0.005457313347319896,0.0014642919995822012,0.013686457998119295,0.006938,3.1624,0.046284986766769204,54.825,duckdb process RSS,True,False,0,,
duckdb,reverse_binary_tree,doublerecurring_recursion,1000,ok,,5,0.001461383595596999,0.0014488340239040554,7.402927997470006e-05,0.0013770000077784061,0.0015808749594725668,0.0030373999999999983,3.1844,0.04328163582860513,54.856,duckdb process RSS,True,False,0,,
duckdb,reverse_binary_tree,left_recursion,100,ok,,5,0.01002695841016248,0.0012084579793736339,0.019783678213046323,0.0010549170547164977,0.04541683295974508,0.0162602,2.525,0.0489540600971973,53.7936,duckdb process RSS,True,False,0,,
duckdb,reverse_binary_tree,left_recursion,200,ok,,5,0.0012826833873987198,0.0012912499951198697,7.035509508078865e-05,0.001177542028017342,0.0013593749608844519,0.0025826000000000043,2.5718,0.05486073276944083,54.078,duckdb process RSS,True,False,0,,
duckdb,reverse_binary_tree,left_recursion,300,ok,,5,0.0020166584057733417,0.0013610839960165322,0.0014969908712366869,0.00125670904526487,0.004692374961450696,0.0034528000000000033,2.5496,0.03732023579775448,54.1096,duckdb process RSS,True,False,0,,
duckdb,reverse_binary_tree,left_recursion,400,ok,,5,0.015959349798504264,0.0014142909785732627,0.03259439234576041,0.00130341702606529,0.07426587503869087,0.025727400000000004,2.5218,0.03393670579181193,54.065400000000004,duckdb process RSS,True,False,0,,
duckdb,reverse_binary_tree,left_recursion,500,ok,,5,0.0013361081946641207,0.001261457975488156,0.00011281585523741218,0.0012444580206647515,0.0014880410162732005,0.002438799999999999,2.5592,0.033811240734406556,54.074999999999996,duckdb process RSS,True,False,0,,
duckdb,reverse_binary_tree,left_recursion,600,ok,,5,0.0015752418083138763,0.0014806250110268593,0.0001516234089698979,0.0014435420162044466,0.0017677090363577008,0.0028157999999999933,3.0185999999999997,0.04851597674993255,54.5782,duckdb process RSS,True,False,0,,
duckdb,reverse_binary_tree,left_recursion,700,ok,,5,0.0018292166176252067,0.0016988749848678708,0.00043670456386950827,0.0014567080070264637,0.0025867500226013362,0.0037369999999999986,3.0716,0.039163758757300014,54.6126,duckdb process RSS,True,False,0,,
duckdb,reverse_binary_tree,left_recursion,800,ok,,5,0.008448675193358212,0.0016885839868336916,0.01523579873377972,0.0014924579882062972,0.03570287500042468,0.014243999999999998,3.0186,0.04031500961180591,54.6374,duckdb process RSS,True,False,0,,
duckdb,reverse_binary_tree,left_recursion,900,ok,,5,0.002304191584698856,0.0017267499933950603,0.0015852670296007205,0.0013831249671056867,0.00512833398533985,0.004277800000000001,3.0468,0.06918236769582263,54.622,duckdb process RSS,True,False,0,,
duckdb,reverse_binary_tree,left_recursion,1000,ok,,5,0.0016510499874129892,0.001702625013422221,0.00013572943472544733,0.0014153749798424542,0.0017543339636176825,0.003431000000000001,3.031,0.05756300895540469,54.625,duckdb process RSS,True,False,0,,
duckdb,reverse_binary_tree,right_recursion,100,ok,,5,0.005039725196547806,0.0012450419599190354,0.00856394443416387,0.0011610420187935233,0.020359208981972188,0.008246199999999995,2.6814,0.05595801997926658,54.0094,duckdb process RSS,True,False,0,,
duckdb,reverse_binary_tree,right_recursion,200,ok,,5,0.0013183334143832327,0.0012970420066267252,3.6324793495703524e-05,0.0012873749947175384,0.0013670420157723129,0.0026765999999999986,2.628,0.04211294337849126,54.1158,duckdb process RSS,True,False,0,,
duckdb,reverse_binary_tree,right_recursion,300,ok,,5,0.013526258617639541,0.0014867090503685176,0.02708154172924394,0.001315708039328456,0.06197095901006833,0.0217196,2.631,0.05936749952625596,54.153,duckdb process RSS,True,False,0,,
duckdb,reverse_binary_tree,right_recursion,400,ok,,5,0.0014837499940767885,0.0014835000038146973,6.058165772029987e-05,0.001402875001076609,0.0015714580076746643,0.003044399999999997,2.6686,0.07789929396342435,54.2002,duckdb process RSS,True,False,0,,
duckdb,reverse_binary_tree,right_recursion,500,ok,,5,0.019487416802439837,0.001543082995340228,0.025597169984606222,0.001471417024731636,0.05634037498384714,0.0313838,2.6,0.07057974213611148,54.1252,duckdb process RSS,True,False,0,,
duckdb,reverse_binary_tree,right_recursion,600,ok,,5,0.0017454999964684249,0.0017503330018371344,6.481670385269458e-05,0.0016450420371256769,0.0018098329892382026,0.0035693999999999977,3.1814,0.04753209442050705,54.7218,duckdb process RSS,True,False,0,,
duckdb,reverse_binary_tree,right_recursion,700,ok,,5,0.0016303001786582172,0.001634916989132762,9.668913345410552e-05,0.0015311669558286667,0.0017271249671466649,0.003015799999999999,3.1468,0.07543010009273489,54.7532,duckdb process RSS,True,False,0,,
duckdb,reverse_binary_tree,right_recursion,800,ok,,5,0.01774183341767639,0.001819542027078569,0.035111096670100816,0.0016594590269960463,0.08054416603408754,0.028900799999999997,3.0998,0.040880313110347025,54.7814,duckdb process RSS,True,False,0,,
duckdb,reverse_binary_tree,right_recursion,900,ok,,5,0.0019456916023045778,0.0017283750348724425,0.0006365479602893725,0.00155216600978747,0.0030755000188946724,0.0036638000000000005,3.1028,0.013863621460498759,54.7248,duckdb process RSS,True,False,0,,
duckdb,reverse_binary_tree,right_recursion,1000,ok,,5,0.001733166608028114,0.001729041978251189,2.1813709667297745e-05,0.0017119580297730863,0.0017640829901210964,0.0037248000000000003,3.0812,0.044857552318422304,54.7092,duckdb process RSS,True,False,0,,
duckdb,scale_free,left_recursion,10000,ok,,5,0.660684441588819,0.6301408750005066,0.04912471689316623,0.6200867499574088,0.7154772499925457,0.8558074,239.15,1.3060377100221923,292.481,duckdb process RSS,True,False,0,,
duckdb,scale_free,left_recursion,20000,ok,,5,2.6977616668096744,2.698570708045736,0.037112434100308886,2.643482875020709,2.741026958974544,3.1475748,890.6156,39.17133343147766,946.6126,duckdb process RSS,True,False,0,,
duckdb,scale_free,left_recursion,30000,ok,,5,6.346119558182545,6.272735499951523,0.187772887027778,6.172637499985285,6.654673958022613,7.3406136,1673.4346,73.60916640473525,1733.2498,duckdb process RSS,True,False,5,agreement,
duckdb,scale_free,left_recursion,40000,ok,,5,12.136512633005623,12.188284582982305,0.43616577504468684,11.693836249993183,12.671826708014123,13.432343,2866.2936,270.8902721090221,2928.4156,duckdb process RSS,True,False,5,agreement,
duckdb,scale_free,left_recursion,50000,ok,,5,20.86290837499546,21.06969937501708,0.39818454533796777,20.434790582978167,21.287975749990437,23.4139498,4457.9062,266.503727800757,4522.0344000000005,duckdb process RSS,True,False,5,agreement,
duckdb,scale_free,left_recursion,60000,ok,,5,30.146920483594293,29.678405457991175,1.1223624138813635,29.185127416974865,31.972170167020522,35.1102206,5020.0438,330.352548442115,5085.5186,duckdb process RSS,,False,5,,
duckdb,scale_free,left_recursion,70000,ok,,5,45.414943525206766,44.14681100001326,2.5842488160470336,43.20501591701759,49.685499917017296,51.5285828,8102.7468,513.835719689377,8170.475,duckdb process RSS,,False,5,,
duckdb,scale_free,left_recursion,80000,ok,,5,66.65669588320888,62.371990500018,8.562787027065545,58.93409362499369,76.96450079098577,70.0539358,8370.7436,400.37922239334546,8441.1094,duckdb process RSS,,False,5,,
duckdb,scale_free,left_recursion,90000,error,oom,0,,,,,,,,,,,,False,0,,"DuckDB command 4 error: Out of Memory Error: failed to allocate data of size 8.0 GiB (9.7 GiB/14.3 GiB used) Possible solutions: * Reducing the number of threads (SET threads=X) * Disabling insertion-order preservation (SET preserve_insertion_order=false) * Increasing the memory limit (SET memory_limit='...GB') See also https://duckdb.org/docs/stable/guides/performance/how_to_tune_workloads SQL: CREATE TABLE tc_result AS WITH RECURSIVE tc AS ( SELECT x, y FROM edge UNION SELECT tc.x, edge.y FROM tc JOIN edge ON tc.y = edge.x ) SELECT * FROM tc; 2026-09-28 21:07:07,508 - ERROR: DuckDB command 5"
duckdb,scale_free,right_recursion,10000,ok,,5,0.544465525005944,0.5428629579837434,0.004085138716167592,0.5399652920314111,0.5489126250031404,1.0428244,314.1248,2.225162623270477,367.55,duckdb process RSS,True,False,0,,
duckdb,scale_free,right_recursion,20000,ok,,5,2.3297039333963765,2.33169474999886,0.008733704726918472,2.316232207987923,2.3371227090246975,5.9127992,1193.5562,3.496528735760663,1249.4158,duckdb process RSS,True,False,0,,
duckdb,scale_free,right_recursion,30000,ok,,5,5.395763683412224,5.353204249986447,0.12239363317282582,5.299620583013166,5.602375624992419,9.996607000000001,2457.5718,5.123775092644084,2517.3874,duckdb process RSS,True,False,5,agreement,
duckdb,scale_free,right_recursion,40000,ok,,5,10.224300524999853,10.257571458001621,0.08279257687280384,10.119887957989704,10.308316292008385,24.3308166,4817.0752,0.3984585298368559,4879.2468,duckdb process RSS,True,False,5,agreement,
duckdb,scale_free,right_recursion,50000,ok,,5,17.746151608380025,17.64996212499682,0.19508610607626642,17.637027749966364,18.091074333002325,26.260286999999998,6733.1876,299.5330389962018,6797.3498,duckdb process RSS,True,False,5,agreement,
duckdb,scale_free,right_recursion,60000,ok,,5,25.20702906679362,25.161507625016384,0.8660842537541407,24.287154208985157,26.152615541999694,61.085815,7398.9406,272.9340016346446,7464.4126,duckdb process RSS,,False,5,,
duckdb,scale_free,right_recursion,70000,ok,,5,44.14625139139825,44.03773179196287,3.038813391895304,41.259912791021634,49.00468562502647,99.756592,8842.3998,457.8857437409463,8910.1062,duckdb process RSS,,False,5,,
duckdb,scale_free,right_recursion,80000,ok,,5,128.07198368337703,131.55688008398283,10.960060406373753,113.00176445796387,137.69895412499318,272.5928018,8821.7404,876.0257823290934,8892.15,duckdb process RSS,,False,5,,
duckdb,scale_free,right_recursion,90000,error,oom,0,,,,,,,,,,,,False,0,,"DuckDB command 4 error: Out of Memory Error: failed to allocate data of size 8.0 GiB (11.5 GiB/14.3 GiB used) Possible solutions: * Reducing the number of threads (SET threads=X) * Disabling insertion-order preservation (SET preserve_insertion_order=false) * Increasing the memory limit (SET memory_limit='...GB') See also https://duckdb.org/docs/stable/guides/performance/how_to_tune_workloads SQL: CREATE TABLE tc_result AS WITH RECURSIVE tc AS ( SELECT x, y FROM edge UNION SELECT edge.x, tc.y FROM edge JOIN tc ON edge.y = tc.x ) SELECT * FROM tc; 2026-09-28 21:40:53,694 - ERROR: DuckDB command "
duckdb,w,double_recursion,100,ok,,5,0.0006967753753997386,0.0006868749624118209,3.37334999383922e-05,0.0006523339543491602,0.0007412919658236206,0.0010936000000000001,2.2,0.03002498959200476,53.5186,duckdb process RSS,True,False,0,,
duckdb,w,double_recursion,200,ok,,5,0.0007715332088991999,0.00076954101677984,2.3505297692922582e-05,0.0007465000380761921,0.0008053749916143715,0.0012964000000000003,2.1188,0.09611035324042884,54.065599999999996,duckdb process RSS,True,False,0,,
duckdb,w,double_recursion,300,ok,,5,0.0008251999970525503,0.000823083973955363,4.685003900551549e-05,0.0007763329776935279,0.0008921659900806844,0.001421799999999998,2.675,0.12434226956268726,54.6158,duckdb process RSS,True,False,0,,
duckdb,w,double_recursion,400,ok,,5,0.0008447670144960285,0.0008589589851908386,3.337348658546104e-05,0.0008030420285649598,0.0008795420289970934,0.0015126,2.6658,0.0259364608225563,54.8374,duckdb process RSS,True,False,0,,
duckdb,w,double_recursion,500,ok,,5,0.0009348085965029896,0.0009348749881610274,4.0456396014275016e-05,0.000898041995242238,0.0009992920095100999,0.0019452000000000024,3.2282,0.03393670579181193,55.1532,duckdb process RSS,True,False,0,,
duckdb,w,double_recursion,600,ok,,5,0.0009739749832078815,0.0009571249829605222,4.1953138402175005e-05,0.0009359589894302189,0.0010422499617561698,0.001891000000000001,3.3156,0.048757563515827954,55.2654,duckdb process RSS,True,False,0,,
duckdb,w,double_recursion,700,ok,,5,0.0010470750043168665,0.001035250024870038,4.870050745961196e-05,0.0010031670099124312,0.0011303750216029584,0.0023254000000000026,3.853,0.08527309071448033,55.8876,duckdb process RSS,True,False,0,,
duckdb,w,double_recursion,800,ok,,5,0.001074749801773578,0.0010635420330800116,3.977612840397208e-05,0.0010347500210627913,0.001140916021540761,0.0022195999999999995,3.8344,0.15887982880151905,55.881,duckdb process RSS,True,False,0,,
duckdb,w,double_recursion,900,ok,,5,0.00393754179822281,0.0011651249951682985,0.004288635971776742,0.0011000419617630541,0.010856957989744842,0.006937200000000002,4.3469999999999995,0.2750836236492458,56.4124,duckdb process RSS,True,False,0,,
duckdb,w,double_recursion,1000,ok,,5,0.001193024986423552,0.0011781249777413905,4.374834763943299e-05,0.001148749957792461,0.001262041972950101,0.0025287999999999977,4.4190000000000005,0.20402695900297094,56.75,duckdb process RSS,True,False,0,,
duckdb,w,doublerecurring_recursion,100,ok,,5,0.001249174971599132,0.000707249972037971,0.0012431171280027388,0.0006685829721391201,0.003472458978649229,0.0019428000000000002,2.225,0.01776231966833168,53.578,duckdb process RSS,True,False,0,,
duckdb,w,doublerecurring_recursion,200,ok,,5,0.0007919167983345687,0.0007780830492265522,3.304119670756396e-05,0.0007609169697389007,0.0008463750127702951,0.0012777999999999984,2.1876,0.019191143790821732,54.1688,duckdb process RSS,True,False,0,,
duckdb,w,doublerecurring_recursion,300,ok,,5,0.00085949981585145,0.0008564579766243696,1.8409051922287487e-05,0.0008376670302823186,0.0008871249738149345,0.0016684000000000033,2.825,0.06091797764207213,54.6904,duckdb process RSS,True,False,0,,
duckdb,w,doublerecurring_recursion,400,ok,,5,0.0008606079849414527,0.0008594169630669057,1.4223956390905354e-05,0.000846582988742739,0.0008786660037003458,0.0015938000000000007,2.6844,0.06173167744359458,54.8814,duckdb process RSS,True,False,0,,
duckdb,w,doublerecurring_recursion,500,ok,,5,0.000930366397369653,0.0009282500250265002,2.6193095346092432e-05,0.000904124986846,0.0009720409871079028,0.0019178,3.3156,0.04473589163076998,55.2656,duckdb process RSS,True,False,0,,
duckdb,w,doublerecurring_recursion,600,ok,,5,0.012899500015191735,0.0010048330295830965,0.026625610920383538,0.0009748330339789391,0.06052883400116116,0.020746599999999997,3.4032,0.06753665671322488,55.3344,duckdb process RSS,True,False,0,,
duckdb,w,doublerecurring_recursion,700,ok,,5,0.001080216804984957,0.0010844169883057475,1.915410234683387e-05,0.0010503330267965794,0.0011002080282196403,0.002333799999999997,4.0092,0.1254380325100805,55.9686,duckdb process RSS,True,False,0,,
duckdb,w,doublerecurring_recursion,800,ok,,5,0.006918099790345878,0.0010810419917106628,0.013067860552814045,0.0010572909959591925,0.03029458300443366,0.011300199999999996,3.8718,0.1703355511923452,55.8592,duckdb process RSS,True,False,0,,
duckdb,w,doublerecurring_recursion,900,ok,,5,0.0011770081939175725,0.0011866249842569232,4.720853664083768e-05,0.0010964579996652901,0.00121441698865965,0.0025923999999999973,4.4626,0.1835273821531819,56.5156,duckdb process RSS,True,False,0,,
duckdb,w,doublerecurring_recursion,1000,ok,,5,0.0012149831862188875,0.0012192499707452953,2.0223986296377828e-05,0.001193000003695488,0.0012423329753801227,0.002756999999999998,4.5436,0.0829325026753686,56.7938,duckdb process RSS,True,False,0,,
duckdb,w,left_recursion,100,ok,,5,0.0007387831923551857,0.0007403749623335898,3.624059300752003e-05,0.0006839999696239829,0.0007766250055283308,0.0011805999999999982,2.2656,0.03465977495599186,53.5156,duckdb process RSS,True,False,0,,
duckdb,w,left_recursion,200,ok,,5,0.0007559999823570252,0.0007537499768659472,2.0501254605740678e-05,0.0007316659903153777,0.0007875830051489174,0.0012183999999999973,2.1562,0.038375773607837525,54.1814,duckdb process RSS,True,False,0,,
duckdb,w,left_recursion,300,ok,,5,0.0008309830096550286,0.0008385829860344529,2.45435846458514e-05,0.0007909580017440021,0.0008542080176994205,0.0013890000000000013,2.4594,0.0847602501176112,54.3344,duckdb process RSS,True,False,0,,
duckdb,w,left_recursion,400,ok,,5,0.0008744749939069152,0.000876665988471359,1.8617182813869994e-05,0.0008516249945387244,0.0008942920248955488,0.0014423999999999993,2.4782,0.0831997596150373,54.597,duckdb process RSS,True,False,0,,
duckdb,w,left_recursion,500,ok,,5,0.0009031248046085238,0.0009066659840755165,1.6218357057121703e-05,0.0008769580163061619,0.0009182500070892274,0.0015610000000000012,2.6094,0.08701896345050308,54.5096,duckdb process RSS,True,False,0,,
duckdb,w,left_recursion,600,ok,,5,0.0011071334010921419,0.0009737089858390391,0.0003314334348756133,0.0009326669969595969,0.0016989170107990503,0.0018398000000000025,2.7594,0.04753209442050713,54.728,duckdb process RSS,True,False,0,,
duckdb,w,left_recursion,700,ok,,5,0.0010403000051155686,0.0010359999723732471,7.611734472027812e-05,0.0009589580004103482,0.0011599590070545673,0.001938999999999999,2.9876,0.10165284058992152,54.9906,duckdb process RSS,True,False,0,,
duckdb,w,left_recursion,800,ok,,5,0.0013862584019079804,0.0011163330054841936,0.0006714397486359831,0.0010342919849790633,0.0025847090291790664,0.002609800000000001,2.9968,0.05582741262139952,54.9342,duckdb process RSS,True,False,0,,
duckdb,w,left_recursion,900,ok,,5,0.0011113918153569102,0.001117040985263884,2.758878264099678e-05,0.0010653340141288936,0.0011399170034565032,0.0019442000000000042,3.2188,0.1272878627363977,55.315599999999996,duckdb process RSS,True,False,0,,
duckdb,w,left_recursion,1000,ok,,5,0.0011504332069307566,0.0011541669955477118,1.109818813081129e-05,0.0011384160025045276,0.0011607909691520035,0.002032400000000001,3.2656,0.15011428979281083,55.5438,duckdb process RSS,True,False,0,,
duckdb,w,right_recursion,100,ok,,5,0.0007180999731644988,0.0007088329875841737,1.8452607720844905e-05,0.0007077499758452177,0.0007506249821744859,0.0011255999999999961,2.2468,0.02568462575160488,53.5218,duckdb process RSS,True,False,0,,
duckdb,w,right_recursion,200,ok,,5,0.0007833165931515395,0.0007557079661637545,5.7403016653350315e-05,0.0007455410086549819,0.000883833970874548,0.0013223999999999985,2.1906,0.053603171547959697,54.2498,duckdb process RSS,True,False,0,,
duckdb,w,right_recursion,300,ok,,5,0.0008129999740049243,0.0008204169571399689,1.739987494103586e-05,0.0007919169729575515,0.000830999983008951,0.0012949999999999988,2.503,0.025865034312755195,54.45,duckdb process RSS,True,False,0,,
duckdb,w,right_recursion,400,ok,,5,0.0011430581915192306,0.0008801670046523213,0.0006283612071649525,0.0008146250038407743,0.0022658329689875245,0.0019212000000000007,2.553,0.06880043604512986,54.7186,duckdb process RSS,True,False,0,,
duckdb,w,right_recursion,500,ok,,5,0.0009207247989252209,0.0009220830397680402,1.0065105779886314e-05,0.0009039579890668392,0.0009285829728469253,0.001849599999999993,2.9096,0.034180403742495584,54.8218,duckdb process RSS,True,False,0,,
duckdb,w,right_recursion,600,ok,,5,0.0009743332164362073,0.0009666250552982092,2.9495015667546516e-05,0.0009387499885633588,0.0010138750076293945,0.0020622000000000027,2.9936,0.16588339277938588,54.8966,duckdb process RSS,True,False,0,,
duckdb,w,right_recursion,700,ok,,5,0.001016766403336078,0.0010149580193683505,1.4184396118477946e-05,0.0009961670148186386,0.0010325409821234643,0.0019596,3.5376,0.045019995557529786,55.55,duckdb process RSS,True,False,0,,
duckdb,w,right_recursion,800,ok,,5,0.0010763333993963897,0.0010869999532587826,3.930126300066455e-05,0.0010154169867746532,0.0011211250093765557,0.0022470000000000016,3.4938,0.1411548794764106,55.478,duckdb process RSS,True,False,0,,
duckdb,w,right_recursion,900,ok,,5,0.001129024603869766,0.0011517080129124224,3.986397704716125e-05,0.001082582981325686,0.0011617499985732138,0.0024698000000000025,4.1844,0.10094453922823142,56.1498,duckdb process RSS,True,False,0,,
duckdb,w,right_recursion,1000,ok,,5,0.0011526082293130458,0.0011425830307416618,2.3390538871744784e-05,0.0011327500105835497,0.0011860410450026393,0.0022507999999999946,4.1564,0.04553350414804455,56.4686,duckdb process RSS,True,False,0,,
duckdb,x,double_recursion,100,ok,,5,0.0019040833925828339,0.0008192500099539757,0.002434835195500623,0.0007819170132279396,0.006259457964915782,0.003166399999999997,2.3970000000000002,0.02373815494093852,53.4686,duckdb process RSS,True,False,0,,
duckdb,x,double_recursion,200,ok,,5,0.0008709668065421284,0.0008631250238977373,4.2942009893078506e-05,0.0008205000194720924,0.000939292018301785,0.0012761999999999995,2.381,0.05265453446760309,53.5,duckdb process RSS,True,False,0,,
duckdb,x,double_recursion,300,ok,,5,0.000983350188471377,0.0009818340186029673,3.592823915396654e-05,0.0009424169547855854,0.0010369999799877405,0.0018128000000000005,2.8782,0.05016173840687756,54.6186,duckdb process RSS,True,False,0,,
duckdb,x,double_recursion,400,ok,,5,0.0010270915925502777,0.0010231659980490804,2.0691328324320716e-05,0.0010075419559143484,0.0010622080299071968,0.0017962000000000006,2.8908,0.05178513300166373,54.5094,duckdb process RSS,True,False,0,,
duckdb,x,double_recursion,500,ok,,5,0.001143800001591444,0.0011498749954625964,3.3646977652318404e-05,0.0011109579936601222,0.001190749986562878,0.0021329999999999986,3.497,0.11247888690772145,55.1438,duckdb process RSS,True,False,0,,
duckdb,x,double_recursion,600,ok,,5,0.0011535999947227538,0.0011634589754976332,3.15696231834713e-05,0.001098875014577061,0.001180665974970907,0.002005000000000001,3.5188,0.03358124476549374,55.1062,duckdb process RSS,True,False,0,,
duckdb,x,double_recursion,700,ok,,5,0.0026630001957528293,0.0012739590019918978,0.0031514934329180677,0.0011971250060014427,0.008300249988678843,0.004944000000000001,3.9468,0.10649741780907165,55.6248,duckdb process RSS,True,False,0,,
duckdb,x,double_recursion,800,ok,,5,0.003075941582210362,0.0012917079729959369,0.004010532725338311,0.0012390830088406801,0.010250040970277041,0.0056000000000000025,3.9342,0.15830729610475958,55.8844,duckdb process RSS,True,False,0,,
duckdb,x,double_recursion,900,ok,,5,0.0013836665777489543,0.0013930409913882613,1.985416698471087e-05,0.0013600839884020388,0.0014056249638088048,0.0031421999999999978,4.6186,0.13722171839763558,56.3468,duckdb process RSS,True,False,0,,
duckdb,x,double_recursion,1000,ok,,5,0.0014472833951003849,0.0014526660088449717,3.858674907784719e-05,0.0014050830504857004,0.001492708979640156,0.003357400000000002,4.8534,0.2530737046790917,56.559200000000004,duckdb process RSS,True,False,0,,
duckdb,x,doublerecurring_recursion,100,ok,,5,0.000894941610749811,0.0008572500082664192,8.047882045755595e-05,0.0008287500240840018,0.0010057080071419477,0.0014973999999999988,2.4282,0.03238363784382466,53.5686,duckdb process RSS,True,False,0,,
duckdb,x,doublerecurring_recursion,200,ok,,5,0.0009955585934221744,0.0010047079995274544,3.489933006510572e-05,0.0009499170118942857,0.0010346669587306678,0.0019240000000000008,2.8968,0.061128553066468104,54.0408,duckdb process RSS,True,False,0,,
duckdb,x,doublerecurring_recursion,300,ok,,5,0.001025391591247171,0.0010140420054085553,2.7881007611375312e-05,0.0009970410028472543,0.001065958000253886,0.0019094000000000027,2.9124,0.06498692176122825,54.7592,duckdb process RSS,True,False,0,,
duckdb,x,doublerecurring_recursion,400,ok,,5,0.001129741407930851,0.0011319160112179816,7.486624436037579e-05,0.0010512500302866101,0.0012419999693520367,0.0022229999999999945,3.5220000000000002,0.09410897938029086,55.128,duckdb process RSS,True,False,0,,
duckdb,x,doublerecurring_recursion,500,ok,,5,0.0011870750109665095,0.001201000006403774,2.91317532127311e-05,0.001150708005297929,0.0012118329759687185,0.0024992000000000013,3.6186,0.03618425071768113,55.1688,duckdb process RSS,True,False,0,,
duckdb,x,doublerecurring_recursion,600,ok,,5,0.0012881746049970388,0.001280499971471727,5.0543728046594075e-05,0.00122991600073874,0.001363916031550616,0.0025139999999999967,4.1592,0.06943846196453371,55.821799999999996,duckdb process RSS,True,False,0,,
duckdb,x,doublerecurring_recursion,700,ok,,5,0.0032248749979771675,0.0013290420174598694,0.004197720310689353,0.0012810000334866345,0.0107331249746494,0.006003800000000001,4.1592,0.07125798200903523,55.775,duckdb process RSS,True,False,0,,
duckdb,x,doublerecurring_recursion,800,ok,,5,0.0015211999998427927,0.0014793750015087426,6.398844930206235e-05,0.0014747089589945972,0.0016196250217035413,0.0036688,4.8466,0.19153276482106144,56.7812,duckdb process RSS,True,False,0,,
duckdb,x,doublerecurring_recursion,900,ok,,5,0.0053727917955257,0.0015735420165583491,0.008513583939244805,0.0015282080275937915,0.02060229197377339,0.009640000000000001,5.1406,0.1320106056345475,56.7876,duckdb process RSS,True,False,0,,
duckdb,x,doublerecurring_recursion,1000,ok,,5,0.0015687418053857982,0.0015522090252488852,5.1638793053436285e-05,0.0015136669971980155,0.0016244580037891865,0.0033821999999999993,5.1906,0.16201327106135452,56.847,duckdb process RSS,True,False,0,,
duckdb,x,left_recursion,100,ok,,5,0.000819441385101527,0.0008236659923568368,5.874754613010664e-05,0.0007596249924972653,0.0008961249841377139,0.0012999999999999984,2.4438,0.07788260396263087,53.5408,duckdb process RSS,True,False,0,,
duckdb,x,left_recursion,200,ok,,5,0.0008969752234406769,0.0008939580293372273,1.2756461958393035e-05,0.0008865840500220656,0.0009183750371448696,0.0015918000000000015,2.4376,0.04553350414804459,53.5438,duckdb process RSS,True,False,0,,
duckdb,x,left_recursion,300,ok,,5,0.0009319748030975461,0.0009418330155313015,3.2739140041578444e-05,0.0008833750034682453,0.0009700829978100955,0.0016078000000000008,2.7658,0.07581028953908563,54.5282,duckdb process RSS,True,False,0,,
duckdb,x,left_recursion,400,ok,,5,0.004899374791420996,0.0010106670088134706,0.008775160183836728,0.0008883749833330512,0.020596582966390997,0.0079362,2.6688,0.06404061211450131,54.297,duckdb process RSS,True,False,0,,
duckdb,x,left_recursion,500,ok,,5,0.0010571834049187601,0.0010625830036588013,2.8478353941565968e-05,0.0010274999658577144,0.001091417041607201,0.0018475999999999966,3.05,0.09601041610158764,54.6468,duckdb process RSS,True,False,0,,
duckdb,x,left_recursion,600,ok,,5,0.00109234182164073,0.0011015409836545587,4.070957185274851e-05,0.0010269590420648456,0.0011302920174784958,0.0019333999999999961,3.0218,0.04088031311034687,54.6218,duckdb process RSS,True,False,0,,
duckdb,x,left_recursion,700,ok,,5,0.004764383204746992,0.001147042028605938,0.008123743786963806,0.001085583004169166,0.01929650001693517,0.0077123999999999995,3.0374,0.16168271398019016,54.6406,duckdb process RSS,True,False,0,,
duckdb,x,left_recursion,800,ok,,5,0.001144241401925683,0.0011524579604156315,3.5894261680113795e-05,0.0010899160406552255,0.0011842079693451524,0.002118000000000003,3.172,0.14896140439724653,55.125,duckdb process RSS,True,False,0,,
duckdb,x,left_recursion,900,ok,,5,0.001226133410818875,0.0012179999612271786,2.1257218346791084e-05,0.0012063340400345623,0.0012511250097304583,0.0024831999999999966,3.253,0.07014271166700062,54.9624,duckdb process RSS,True,False,0,,
duckdb,x,left_recursion,1000,ok,,5,0.0015384498052299022,0.0013006660155951977,0.0005141881816544911,0.0012989160022698343,0.0024578750017099082,0.0029502,3.4626,0.11130274030768507,55.1502,duckdb process RSS,True,False,0,,
duckdb,x,right_recursion,100,ok,,5,0.0008696832112036646,0.0008644579793326557,4.2079071901116064e-05,0.0008113750373013318,0.0009287089924328029,0.001463600000000001,2.55,0.07435388355694669,53.568799999999996,duckdb process RSS,True,False,0,,
duckdb,x,right_recursion,200,ok,,5,0.002767116588074714,0.0009626249666325748,0.004067840092509739,0.0009051670203916728,0.010043707967270166,0.004676199999999997,2.5248,0.04751526070642986,53.6346,duckdb process RSS,True,False,0,,
duckdb,x,right_recursion,300,ok,,5,0.0010067834053188562,0.001006250036880374,2.3783241845466158e-05,0.0009744170238263905,0.0010402919724583626,0.002034,2.8158,0.059675790736277656,54.565599999999996,duckdb process RSS,True,False,0,,
duckdb,x,right_recursion,400,ok,,5,0.0010322835994884371,0.0010297499829903245,3.075760645370016e-05,0.0009929590160027146,0.0010646249866113067,0.001887999999999998,2.8028,0.04766235411726949,54.425000000000004,duckdb process RSS,True,False,0,,
duckdb,x,right_recursion,500,ok,,5,0.0011977336136624217,0.001211084017995745,9.276463884184826e-05,0.0011099170078523457,0.0013344170292839408,0.0020437999999999984,3.303,0.038845849199110036,54.922,duckdb process RSS,True,False,0,,
duckdb,x,right_recursion,600,ok,,5,0.0012014582054689527,0.0011977499816566706,3.6556151361911774e-05,0.0011527910246513784,0.0012541250325739384,0.0024190000000000045,3.2966,0.05941632772226838,55.0002,duckdb process RSS,True,False,0,,
duckdb,x,right_recursion,700,ok,,5,0.0012985083973035215,0.0013006670051254332,2.69755836080291e-05,0.0012595419539138675,0.0013349999790079892,0.0027696000000000027,3.7626,0.02336236289419379,55.3778,duckdb process RSS,True,False,0,,
duckdb,x,right_recursion,800,ok,,5,0.001977825001813471,0.0013449590187519789,0.0012649239216212878,0.001337875030003488,0.0042287500109523535,0.004041,3.7968,0.08047173416796742,55.6596,duckdb process RSS,True,False,0,,
duckdb,x,right_recursion,900,ok,,5,0.0065236329915933314,0.0013700409908778965,0.01155915977714601,0.001316040987148881,0.027201207994949073,0.0107276,4.3406,0.17460040091591986,56.0594,duckdb process RSS,True,False,0,,
duckdb,x,right_recursion,1000,ok,,5,0.0015039084013551474,0.0014930840115994215,3.6062209383183434e-05,0.0014677919680252671,0.0015472079976461828,0.0034310000000000035,4.9064,0.06351613968118666,56.5498,duckdb process RSS,True,False,0,,
duckdb,y,double_recursion,100,ok,,5,0.0009709331905469298,0.0009727909928187728,4.467696182851132e-05,0.000921917031519115,0.0010202499688602984,0.0016665999999999986,2.475,0.03231098884280697,53.5438,duckdb process RSS,False,True,0,,
duckdb,y,double_recursion,200,ok,,5,0.0010481415898539125,0.0010410419781692326,4.5542501139583985e-05,0.000997958006337285,0.0011203329777345061,0.002041600000000002,2.4532000000000003,0.05494269742195045,53.628,duckdb process RSS,False,True,0,,
duckdb,y,double_recursion,300,ok,,5,0.0039884747937321665,0.00107849994674325,0.006539376364661092,0.0009825409506447613,0.015685875026974827,0.0066474,2.8186,0.050072946787661686,54.656,duckdb process RSS,False,True,0,,
duckdb,y,double_recursion,400,ok,,5,0.004735083202831447,0.0011012079776264727,0.005042385078886899,0.0009941669995896518,0.010725750005804002,0.007743,2.4938,0.057984480682334215,53.9626,duckdb process RSS,False,True,0,,
duckdb,y,double_recursion,500,ok,,5,0.001247391989454627,0.0011364169768057764,0.0002539957517536793,0.0011057499796152115,0.0016984170069918036,0.002376399999999998,2.5438,0.03376684764676729,54.0624,duckdb process RSS,False,True,0,,
duckdb,y,double_recursion,600,ok,,5,0.0011154167936183513,0.0011152499937452376,2.654677865147629e-05,0.0010895839659497142,0.0011500410037115216,0.0022150000000000004,2.5156,0.029134172375408166,54.1626,duckdb process RSS,False,True,0,,
duckdb,y,double_recursion,700,ok,,5,0.0011320249992422759,0.001120625005569309,7.377931396976855e-05,0.0010584999690763652,0.0012554170098155737,0.002041000000000001,2.7248,0.02094516650685793,54.3468,duckdb process RSS,False,True,0,,
duckdb,y,double_recursion,800,ok,,5,0.001319850201252848,0.001165167021099478,0.00039526132685148115,0.001080542046111077,0.0020201249863021076,0.0023477999999999997,2.6972,0.04498555323656694,54.6156,duckdb process RSS,False,True,0,,
duckdb,y,double_recursion,900,ok,,5,0.0011992745916359127,0.00119441602146253,2.8909084044637952e-05,0.001160499989055097,0.00123533298028633,0.002302000000000001,2.7438,0.04598043061999302,54.4312,duckdb process RSS,False,True,0,,
duckdb,y,double_recursion,1000,ok,,5,0.001203958410769701,0.0011784590315073729,6.958353868551196e-05,0.001131041964981705,0.001296958012972027,0.0022654000000000007,2.6906,0.02994661917479158,54.4624,duckdb process RSS,False,True,0,,
duckdb,y,doublerecurring_recursion,100,ok,,5,0.0012393080163747073,0.001216166012454778,6.912388377957284e-05,0.0011735830339603126,0.0013284580199979246,0.002281799999999998,2.4624,0.030369392486515073,53.5502,duckdb process RSS,True,False,0,,
duckdb,y,doublerecurring_recursion,200,ok,,5,0.0014275081921368837,0.0013800000306218863,7.397551458256152e-05,0.0013684579753316939,0.0015336669748649001,0.002510800000000005,2.4782,0.07133862908691184,53.6468,duckdb process RSS,True,False,0,,
duckdb,y,doublerecurring_recursion,300,ok,,5,0.001609500008635223,0.001623333024326712,3.369944709180044e-05,0.0015501250163652003,0.0016324169700965285,0.0025989999999999984,3.4656000000000002,0.05574316101550035,55.2844,duckdb process RSS,True,False,0,,
duckdb,y,doublerecurring_recursion,400,ok,,5,0.010627225204370917,0.0018643749644979835,0.015560385473474691,0.001821083016693592,0.037762833992019296,0.018049399999999997,3.472,0.07014271166700078,55.0092,duckdb process RSS,True,False,0,,
duckdb,y,doublerecurring_recursion,500,ok,,5,0.013209283188916742,0.0020522919949144125,0.024954248031282763,0.0020326669909991324,0.05784879095153883,0.022301799999999997,4.1126000000000005,0.09332363044802752,55.7,duckdb process RSS,True,False,0,,
duckdb,y,doublerecurring_recursion,600,ok,,5,0.002164074988104403,0.002152875007595867,2.4394869491667577e-05,0.002137916977517307,0.002199291018769145,0.004247399999999998,3.8562,0.06567495717547148,55.5186,duckdb process RSS,True,False,0,,
duckdb,y,doublerecurring_recursion,700,ok,,5,0.0024003333877772094,0.0024337919894605875,6.469972178618219e-05,0.002322874963283539,0.002456707996316254,0.0057092,4.4348,0.007155417527999333,56.0658,duckdb process RSS,True,False,0,,
duckdb,y,doublerecurring_recursion,800,ok,,5,0.0026155081926845015,0.0026166659663431346,2.7867432839937797e-05,0.002581958018708974,0.0026439999928697944,0.0072158,4.5064,0.049947972931841986,56.4596,duckdb process RSS,True,False,0,,
duckdb,y,doublerecurring_recursion,900,ok,,5,0.0027523749857209625,0.002793958003167063,6.74259638881562e-05,0.002663667022716254,0.0028092499705962837,0.006762199999999999,5.5062,0.06198951524249876,57.309400000000004,duckdb process RSS,True,False,0,,
duckdb,y,doublerecurring_recursion,1000,ok,,5,0.002910091809462756,0.00292383402120322,6.775157414289838e-05,0.002822666021529585,0.0029855419998057187,0.007289600000000002,5.5406,0.20034794733163594,57.247,duckdb process RSS,True,False,0,,
duckdb,y,left_recursion,100,ok,,5,0.0016765000065788627,0.001737083017360419,0.00010875370360403549,0.0015315000200644135,0.0017694169655442238,0.0034045999999999963,2.5749999999999997,0.020518284528683095,53.7376,duckdb process RSS,True,False,0,,
duckdb,y,left_recursion,200,ok,,5,0.0017402501893229783,0.0018069999641738832,0.00014994338886026382,0.0015600419719703496,0.0018841670244000852,0.0031991999999999993,2.5094,0.052714324428944345,53.6406,duckdb process RSS,True,False,0,,
duckdb,y,left_recursion,300,ok,,5,0.0017419502139091492,0.0016760840080678463,0.0001352394947540124,0.001604875025805086,0.0019326250185258687,0.003314800000000001,3.0342000000000002,0.02792310870945418,54.7784,duckdb process RSS,True,False,0,,
duckdb,y,left_recursion,400,ok,,5,0.0017511417856439949,0.0016911670099943876,0.00015723754268290283,0.0015872920048423111,0.0019285829621367157,0.0032084,2.8282,0.06531998162890128,54.4032,duckdb process RSS,True,False,0,,
duckdb,y,left_recursion,500,ok,,5,0.01571053360821679,0.005688292032573372,0.017363821992816116,0.001959916960913688,0.037908833008259535,0.0262336,2.8784,0.05792495144581482,54.4718,duckdb process RSS,True,False,0,,
duckdb,y,left_recursion,600,ok,,5,0.007400883210357279,0.002036250021774322,0.012150199295433275,0.0017777500324882567,0.029134916025213897,0.012511400000000002,2.9252000000000002,0.007155417527999333,54.541,duckdb process RSS,True,False,0,,
duckdb,y,left_recursion,700,ok,,5,0.0019568417919799685,0.0018554170383140445,0.00016086208958504696,0.0018301669624634087,0.002134291979018599,0.0035390000000000005,3.2002,0.029919893047937112,54.8594,duckdb process RSS,True,False,0,,
duckdb,y,left_recursion,800,ok,,5,0.0020824666135013103,0.0021562500041909516,0.00014279325192034523,0.0018318340298719704,0.0021667080000042915,0.004433199999999998,2.8688000000000002,0.042156849977198214,54.8376,duckdb process RSS,True,False,0,,
duckdb,y,left_recursion,900,ok,,5,0.013847533403895796,0.002167249971535057,0.026111461742242742,0.0021559169981628656,0.060557125019840896,0.023013400000000003,3.2282,0.06556065893506555,54.824999999999996,duckdb process RSS,True,False,0,,
duckdb,y,left_recursion,1000,ok,,5,0.0021454832167364657,0.0021766670397482812,9.382779300793213e-05,0.001979458029381931,0.0022094579762779176,0.004520199999999999,2.8562,0.02991989304793731,54.55,duckdb process RSS,True,False,0,,
duckdb,y,right_recursion,100,ok,,5,0.0017197081935591996,0.0017568329931236804,0.00010175882237951015,0.001540792000014335,0.0017852910095825791,0.003377199999999997,2.6124,0.03569733883638959,53.6594,duckdb process RSS,True,False,0,,
duckdb,y,right_recursion,200,ok,,5,0.0018152084085159004,0.0018455840181559324,8.412567956826375e-05,0.00166637497022748,0.0018715000478550792,0.0038247999999999976,2.603,0.04635191473930715,53.7064,duckdb process RSS,True,False,0,,
duckdb,y,right_recursion,300,ok,,5,0.006705666589550674,0.0018444159650243819,0.01089558490539657,0.0017257919535040855,0.026195333048235625,0.011412400000000003,3.1562,0.06256356767320746,54.9126,duckdb process RSS,True,False,0,,
duckdb,y,right_recursion,400,ok,,5,0.0019270168151706458,0.0019311670330353081,2.7257229078946208e-05,0.0018842500285245478,0.001959750021342188,0.0042188,2.9032,0.040295160999802467,54.4186,duckdb process RSS,True,False,0,,
duckdb,y,right_recursion,500,ok,,5,0.003039375017397106,0.0019387910142540932,0.0025705967138534938,0.001787375018466264,0.007635375019162893,0.005628600000000006,2.9096,0.025774017925034587,54.4686,duckdb process RSS,True,False,0,,
duckdb,y,right_recursion,600,ok,,5,0.002080741780810058,0.0020855829934589565,2.850765594730999e-05,0.002034707984421402,0.0021124169579707086,0.0042644000000000015,3.0468,0.0349957140232914,54.6592,duckdb process RSS,True,False,0,,
duckdb,y,right_recursion,700,ok,,5,0.0020860832068137825,0.0021271250443533063,9.665710982706219e-05,0.0019301670254208148,0.0021603750064969063,0.004314999999999999,3.2594,0.035816197453107705,54.915800000000004,duckdb process RSS,True,False,0,,
duckdb,y,right_recursion,800,ok,,5,0.0020597747876308858,0.0021254579769447446,0.00012726257554907127,0.0019149999716319144,0.002178583003114909,0.003939200000000004,2.9404,0.08206278084491159,54.8406,duckdb process RSS,True,False,0,,
duckdb,y,right_recursion,900,ok,,5,0.0020944081828929485,0.001998333027586341,0.0001563638064747293,0.0019620829843916,0.00228974997298792,0.0038634000000000003,3.2624,0.0420571040372493,54.9968,duckdb process RSS,True,False,0,,
duckdb,y,right_recursion,1000,ok,,5,0.0022036081878468393,0.0022152079618535936,5.696832038789059e-05,0.002116457966621965,0.002252875012345612,0.004804400000000003,2.9252000000000002,0.03012806001056152,54.675000000000004,duckdb process RSS,True,False,0,,
mariadb,barabasi_albert,left_recursion,10000,ok,,5,0.35209489180706444,0.35206112498417497,0.0023555861383382096,0.3483034169767052,0.3541387500008568,0.0011592000000000048,20.695,0.0,20.786,mariadb connection MEMORY_USED,True,False,0,,
mariadb,barabasi_albert,left_recursion,20000,ok,,5,6.839287342038006,6.829257792094722,0.019517669703307424,6.820456041954458,6.860616417019628,0.016504399999999985,27.571,0.0,27.663,mariadb connection MEMORY_USED,True,False,0,,
mariadb,barabasi_albert,left_recursion,30000,ok,,5,16.26505569180008,16.26737250003498,0.03476036554001662,16.215872874949127,16.3031853340799,0.03866599999999999,27.571,0.0,27.663,mariadb connection MEMORY_USED,True,False,5,agreement,
mariadb,barabasi_albert,left_recursion,40000,ok,,5,27.02838875821326,27.010113000054844,0.043472133771530926,26.97990016604308,27.085180249996483,0.06474499999999998,27.571,0.0,27.663,mariadb connection MEMORY_USED,True,False,5,agreement,
mariadb,barabasi_albert,left_recursion,50000,ok,,5,48.283456166554245,48.2928824579576,0.08105444178410368,48.19381829199847,48.40068770793732,0.11471579999999999,27.571,0.0,27.663,mariadb connection MEMORY_USED,True,False,5,agreement,
mariadb,barabasi_albert,left_recursion,60000,ok,,5,64.528727641562,64.52069316699635,0.15887632445636912,64.3765637499746,64.7727236659266,0.15418299999999996,29.071,0.0,29.163,mariadb connection MEMORY_USED,True,False,5,agreement,
mariadb,barabasi_albert,left_recursion,70000,ok,,5,82.17624218342826,82.15129766694736,0.07597327537503601,82.10687587491702,82.30539145809598,0.19693440000000004,30.995800000000003,0.9498816768419102,31.087600000000002,mariadb connection MEMORY_USED,True,False,5,agreement,
mariadb,barabasi_albert,left_recursion,80000,ok,,5,100.45708575840108,100.3112175000133,0.3089275988711424,100.20284341694787,100.93383858306333,0.2458702,29.571,0.0,29.663,mariadb connection MEMORY_USED,True,False,5,agreement,
mariadb,barabasi_albert,left_recursion,90000,ok,,5,120.44966438321862,120.51991575001739,0.31761411879553714,119.94095083302818,120.79309254104737,0.3025692,29.222,0.0,29.314,mariadb connection MEMORY_USED,True,False,5,agreement,
mariadb,barabasi_albert,left_recursion,100000,ok,,5,150.44650649179238,150.4270136669511,0.36847179092111476,150.10033258399926,151.05433525005355,0.3796776,29.571,0.0,29.663,mariadb connection MEMORY_USED,False,True,5,agreement,
mariadb,barabasi_albert,right_recursion,10000,ok,,5,0.5404918916057795,0.5394955420633778,0.005270262065973274,0.5348698750603944,0.5489393749739975,0.001698999999999984,20.694,0.0,20.786,mariadb connection MEMORY_USED,True,False,0,,
mariadb,barabasi_albert,right_recursion,20000,ok,,5,10.876631924998946,10.876999540952966,0.021931811480552794,10.849293458042666,10.902309459052049,0.024318600000000013,25.07,0.0,25.162,mariadb connection MEMORY_USED,True,False,0,,
mariadb,barabasi_albert,right_recursion,30000,ok,,5,23.818528283201157,23.833346333005466,0.036924740232690885,23.760556458029896,23.85232033301145,0.053383799999999995,23.0948,0.055454485841994236,23.186799999999998,mariadb connection MEMORY_USED,True,False,5,agreement,
mariadb,barabasi_albert,right_recursion,40000,ok,,5,39.12997959158383,39.110227124998346,0.06743487980739368,39.067792790941894,39.24540587491356,0.08850860000000002,25.07,0.0,25.162,mariadb connection MEMORY_USED,True,False,5,agreement,
mariadb,barabasi_albert,right_recursion,50000,ok,,5,56.7610012334073,56.743402499938384,0.04392878774400008,56.72379175003152,56.82377512496896,0.12974439999999998,23.07,0.0,23.162,mariadb connection MEMORY_USED,True,False,5,agreement,
mariadb,barabasi_albert,right_recursion,60000,ok,,5,74.37663049160037,74.37863516598009,0.05480871412276212,74.32168220798485,74.46203100006096,0.17156280000000002,23.07,0.0,23.162,mariadb connection MEMORY_USED,True,False,5,agreement,
mariadb,barabasi_albert,right_recursion,70000,ok,,5,93.97977344139944,93.99165112501942,0.0925203990855925,93.87410837493371,94.1077957500238,0.21892699999999998,26.884,0.8347155204020112,26.976,mariadb connection MEMORY_USED,True,False,5,agreement,
mariadb,barabasi_albert,right_recursion,80000,ok,,5,112.58289693321566,112.56139574991539,0.15470847983573585,112.39892295806203,112.82761050004046,0.2651152,32.344,0.0,32.436,mariadb connection MEMORY_USED,True,False,5,agreement,
mariadb,barabasi_albert,right_recursion,90000,ok,,5,134.85663480001966,134.79190620803274,0.22181955062994704,134.59813279192895,135.1200433750637,0.3247928,36.344,0.0,36.436,mariadb connection MEMORY_USED,True,False,5,agreement,
mariadb,barabasi_albert,right_recursion,100000,ok,,5,169.33822748342064,169.34610429196618,0.13246687566896168,169.1352907079272,169.48349604208488,0.408607,36.368,0.0,36.46,mariadb connection MEMORY_USED,True,False,5,agreement,
mariadb,binary_tree,double_recursion,100,ok,,5,0.019316524779424072,0.01993358402978629,0.002072039671630066,0.016689499956555665,0.021963707986287773,7.59999999999983e-05,7.227,0.0,7.319,mariadb connection MEMORY_USED,True,False,0,,
mariadb,binary_tree,double_recursion,200,ok,,5,0.020795366377569735,0.019986707950010896,0.002000102185363401,0.018653000006452203,0.022931332932785153,8.739999999999304e-05,7.227,0.0,7.319,mariadb connection MEMORY_USED,True,False,0,,
mariadb,binary_tree,double_recursion,300,ok,,5,0.02158620781265199,0.021866458002477884,0.0006447047002633066,0.020457540987990797,0.021978041040711105,8.499999999999064e-05,7.227,0.0,7.319,mariadb connection MEMORY_USED,True,False,0,,
mariadb,binary_tree,double_recursion,400,ok,,5,0.021957491780631243,0.02195633389055729,0.0007362236314606011,0.02093229105230421,0.02301124995574355,8.500000000001284e-05,7.227,0.0,7.319,mariadb connection MEMORY_USED,True,False,0,,
mariadb,binary_tree,double_recursion,500,ok,,5,0.021265483391471208,0.021317875012755394,0.0018347221902100007,0.01920170895755291,0.023985999985598028,7.340000000001234e-05,7.227,0.0,7.319,mariadb connection MEMORY_USED,True,False,0,,
mariadb,binary_tree,double_recursion,600,ok,,5,0.02501170022878796,0.024924917030148208,0.00146784266815112,0.022973041981458664,0.026852583047002554,7.460000000000244e-05,6.4270000000000005,1.0954451150103321,6.519,mariadb connection MEMORY_USED,True,False,0,,
mariadb,binary_tree,double_recursion,700,ok,,5,0.02598856680560857,0.025899000000208616,0.0014517913412713185,0.02453712502028793,0.027920083957724273,9.559999999999568e-05,6.027,1.0954451150103321,6.119,mariadb connection MEMORY_USED,True,False,0,,
mariadb,binary_tree,double_recursion,800,ok,,5,0.02578780837357044,0.02588283398654312,0.0017277554936668816,0.023050540941767395,0.02754670800641179,7.24000000000058e-05,6.027,1.0954451150103321,6.119,mariadb connection MEMORY_USED,True,False,0,,
mariadb,binary_tree,double_recursion,900,ok,,5,0.025634725019335745,0.025989582994952798,0.001532212780265916,0.02331454202067107,0.027009875047951937,7.179999999999964e-05,6.827,0.8944271909999159,6.919,mariadb connection MEMORY_USED,True,False,0,,
mariadb,binary_tree,double_recursion,1000,ok,,5,0.02728414998855442,0.0260293340543285,0.003930717026827402,0.024005207931622863,0.03411683300510049,0.00010639999999998429,6.827,0.8944271909999159,6.919,mariadb connection MEMORY_USED,True,False,0,,
mariadb,binary_tree,left_recursion,100,ok,,5,0.019121666788123548,0.018977792002260685,0.0010395068757375545,0.017822959111072123,0.020719624939374626,8.96000000000008e-05,3.695,0.0,3.786,mariadb connection MEMORY_USED,True,False,0,,
mariadb,binary_tree,left_recursion,200,ok,,5,0.01919662517029792,0.019960458972491324,0.0011098012156483658,0.017945416970178485,0.020069624995812774,8.84000000000218e-05,2.956,1.6524542353723446,3.0472,mariadb connection MEMORY_USED,True,False,0,,
mariadb,binary_tree,left_recursion,300,ok,,5,0.021264516585506498,0.020987208001315594,0.0012395683849191607,0.020082958973944187,0.022964625037275255,8.259999999998824e-05,3.5949999999999998,0.22360679774997896,3.686,mariadb connection MEMORY_USED,True,False,0,,
mariadb,binary_tree,left_recursion,400,ok,,5,0.02062191639561206,0.02038799994625151,0.0008719423630327736,0.019633624935522676,0.021913458011113107,8.179999999999855e-05,3.695,0.0,3.786,mariadb connection MEMORY_USED,True,False,0,,
mariadb,binary_tree,left_recursion,500,ok,,5,0.02155120843090117,0.021015709033235908,0.0008479865407460004,0.020951791084371507,0.02288816694635898,8.780000000000455e-05,3.695,0.0,3.786,mariadb connection MEMORY_USED,True,False,0,,
mariadb,binary_tree,left_recursion,600,ok,,5,0.021691583399660885,0.020883125020191073,0.0016868908620846779,0.019829083932563663,0.023928500013425946,9.039999999999049e-05,3.995,0.6708203932499371,4.086,mariadb connection MEMORY_USED,True,False,0,,
mariadb,binary_tree,left_recursion,700,ok,,5,0.022756833606399594,0.02210283395834267,0.001646594710225534,0.020960916997864842,0.025077749975025654,7.120000000000459e-05,3.5949999999999998,0.22360679774997896,3.686,mariadb connection MEMORY_USED,True,False,0,,
mariadb,binary_tree,left_recursion,800,ok,,5,0.024655616842210293,0.02484954206738621,0.0007641712140067292,0.02379970799665898,0.025729042012244463,8.56000000000079e-05,3.995,0.6708203932499371,4.086,mariadb connection MEMORY_USED,True,False,0,,
mariadb,binary_tree,left_recursion,900,ok,,5,0.022793524782173336,0.022999915992841125,0.0021890533375799118,0.019177582929842174,0.02495737501885742,7.840000000000069e-05,3.995,0.6708203932499371,4.086,mariadb connection MEMORY_USED,True,False,0,,
mariadb,binary_tree,left_recursion,1000,ok,,5,0.022819941816851496,0.023426333093084395,0.0018052043934164044,0.02089870802592486,0.024846208980306983,7.660000000000444e-05,3.695,0.0,3.786,mariadb connection MEMORY_USED,True,False,0,,
mariadb,binary_tree,right_recursion,100,ok,,5,0.01935267497319728,0.01896912499796599,0.0011246067609221012,0.017993582994677126,0.020957874949090183,9.819999999998164e-05,3.695,0.0,3.786,mariadb connection MEMORY_USED,True,False,0,,
mariadb,binary_tree,right_recursion,200,ok,,5,0.02014705860055983,0.019954917021095753,0.0013089490202305007,0.018903125077486038,0.021923167048953474,8.019999999999693e-05,3.694,0.0,3.786,mariadb connection MEMORY_USED,True,False,0,,
mariadb,binary_tree,right_recursion,300,ok,,5,0.021758883190341295,0.021898832987062633,0.0025118506329668356,0.018014000030234456,0.02493262500502169,7.920000000000149e-05,3.694,0.0,3.786,mariadb connection MEMORY_USED,True,False,0,,
mariadb,binary_tree,right_recursion,400,ok,,5,0.02109545038547367,0.021909083938226104,0.002223259108771581,0.017712958971969783,0.02306691708508879,7.179999999999964e-05,3.694,0.0,3.786,mariadb connection MEMORY_USED,True,False,0,,
mariadb,binary_tree,right_recursion,500,ok,,5,0.019601200218312444,0.019978625001385808,0.0012630688613770957,0.017805124982260168,0.02088816708419472,7.079999999999309e-05,3.694,0.0,3.786,mariadb connection MEMORY_USED,True,False,0,,
mariadb,binary_tree,right_recursion,600,ok,,5,0.023454083222895862,0.0229483749717474,0.0013602288553194305,0.02184725005645305,0.02493316598702222,8.920000000000039e-05,3.694,0.0,3.786,mariadb connection MEMORY_USED,True,False,0,,
mariadb,binary_tree,right_recursion,700,ok,,5,0.02411100841127336,0.024014417082071304,0.0014452108141288908,0.021887041977606714,0.025802499963901937,6.619999999999405e-05,3.694,0.0,3.786,mariadb connection MEMORY_USED,True,False,0,,
mariadb,binary_tree,right_recursion,800,ok,,5,0.023589008417911828,0.02389970899093896,0.0006733582517510014,0.022390333004295826,0.02394250000361353,9.639999999999649e-05,4.094,0.8944271909999159,4.186,mariadb connection MEMORY_USED,True,False,0,,
mariadb,binary_tree,right_recursion,900,ok,,5,0.02321218338329345,0.023055542027577758,0.0008560890307131672,0.02206925000064075,0.024085374898277223,6.940000000000834e-05,3.694,0.0,3.786,mariadb connection MEMORY_USED,True,False,0,,
mariadb,binary_tree,right_recursion,1000,ok,,5,0.02410038320813328,0.02487066702451557,0.0025867434441879293,0.020805958076380193,0.02678912493865937,8.740000000000414e-05,3.694,0.0,3.786,mariadb connection MEMORY_USED,True,False,0,,
mariadb,complete,double_recursion,100,ok,,5,0.15980849182233214,0.1594589160522446,0.00217831430239569,0.15725079202093184,0.16240545909386128,0.0003337999999999952,7.227,0.0,7.319,mariadb connection MEMORY_USED,True,False,0,,
mariadb,complete,double_recursion,200,ok,,5,1.109175408212468,1.1092977080261335,0.0032457918593635088,1.105265500023961,1.1134303329745308,0.0017924000000000162,8.227,0.0,8.319,mariadb connection MEMORY_USED,True,False,0,,
mariadb,complete,double_recursion,300,ok,,5,4.091667958186008,4.094858833006583,0.007919218433611524,4.081562708015554,4.099169749999419,0.006410400000000005,13.227,0.0,13.319,mariadb connection MEMORY_USED,True,False,0,,
mariadb,complete,double_recursion,400,ok,,5,10.383988774986937,10.366756291943602,0.03340587281401518,10.355548624997027,10.433850375004113,0.016944400000000016,21.227,0.0,21.319,mariadb connection MEMORY_USED,True,False,0,,
mariadb,complete,double_recursion,500,ok,,5,21.27312995796092,21.26155008294154,0.02420025647113185,21.250758082955144,21.29980108293239,0.0351438,28.227,0.0,28.319,mariadb connection MEMORY_USED,True,False,0,,
mariadb,complete,double_recursion,600,ok,,5,35.6391677418258,35.6237820830429,0.05775007426454864,35.568711500032805,35.71767283405643,0.06711700000000001,42.227,0.0,42.319,mariadb connection MEMORY_USED,True,False,0,,
mariadb,complete,double_recursion,700,timeout,timeout,0,,,,,,,,,,,,False,0,,
mariadb,complete,double_recursion,800,skipped,timeout,0,,,,,,,,,,,,False,0,,
mariadb,complete,double_recursion,900,skipped,timeout,0,,,,,,,,,,,,False,0,,
mariadb,complete,double_recursion,1000,skipped,timeout,0,,,,,,,,,,,,False,0,,
mariadb,complete,left_recursion,100,ok,,5,0.15429430780932307,0.1544062909670174,0.0031246044988863892,0.150863666087389,0.15777866600546986,0.0003039999999999932,3.695,0.0,3.786,mariadb connection MEMORY_USED,True,False,0,,
mariadb,complete,left_recursion,200,ok,,5,1.0269419835647569,1.0224973330041394,0.009412941885047295,1.0184925419744104,1.0406843340024352,0.0018518000000000035,4.195,0.0,4.286,mariadb connection MEMORY_USED,True,False,0,,
mariadb,complete,left_recursion,300,ok,,5,3.7823385667987166,3.782883792067878,0.006671814502066133,3.7756585420574993,3.790797457913868,0.006222800000000017,9.195,0.0,9.286,mariadb connection MEMORY_USED,True,False,0,,
mariadb,complete,left_recursion,400,ok,,5,9.771712274989113,9.749713624943979,0.047526493489542986,9.741715500014834,9.855634749983437,0.015067199999999992,13.995000000000001,1.7888543819998317,14.086,mariadb connection MEMORY_USED,True,False,0,,
mariadb,complete,left_recursion,500,ok,,5,20.264579916605726,20.217720750020817,0.10399263070377042,20.201622165972367,20.448705499991775,0.02924200000000001,20.295,0.22360679774997896,20.386000000000003,mariadb connection MEMORY_USED,True,False,0,,
mariadb,complete,left_recursion,600,ok,,5,33.72164003320504,33.7006920829881,0.03626412565232947,33.691106624901295,33.770712750032544,0.05113579999999999,30.195,0.0,30.286,mariadb connection MEMORY_USED,True,False,0,,
mariadb,complete,left_recursion,700,timeout,timeout,0,,,,,,,,,,,,False,0,,
mariadb,complete,left_recursion,800,skipped,timeout,0,,,,,,,,,,,,False,0,,
mariadb,complete,left_recursion,900,skipped,timeout,0,,,,,,,,,,,,False,0,,
mariadb,complete,left_recursion,1000,skipped,timeout,0,,,,,,,,,,,,False,0,,
mariadb,complete,right_recursion,100,ok,,5,0.16150892477016895,0.1614987909561023,0.0024612348379145295,0.1594039580086246,0.16545883298385888,0.000340600000000002,3.695,0.0,3.786,mariadb connection MEMORY_USED,True,False,0,,
mariadb,complete,right_recursion,200,ok,,5,1.1230781586142258,1.1216161670163274,0.004052423524388736,1.1194092499790713,1.129546417039819,0.0018907999999999924,4.195,0.0,4.286,mariadb connection MEMORY_USED,True,False,0,,
mariadb,complete,right_recursion,300,ok,,5,4.128593008383177,4.130751249962486,0.005572037084435511,4.118991791969165,4.132814000011422,0.006523599999999996,9.295,0.22360679774997896,9.386,mariadb connection MEMORY_USED,True,False,0,,
mariadb,complete,right_recursion,400,ok,,5,10.443661183211953,10.44653462502174,0.005938979924458787,10.434626083006151,10.44871491601225,0.016352200000000004,13.195,0.0,13.286,mariadb connection MEMORY_USED,True,False,0,,
mariadb,complete,right_recursion,500,ok,,5,21.4447219167836,21.436719708959572,0.02809613077276286,21.417674041935243,21.485710458946414,0.03525080000000001,20.395,0.27386127875258304,20.486,mariadb connection MEMORY_USED,True,False,0,,
mariadb,complete,right_recursion,600,ok,,5,35.840882141562176,35.83670408290345,0.05607275777243432,35.77355783293024,35.92371362494305,0.0670852,33.795,2.103568396796263,33.886,mariadb connection MEMORY_USED,True,False,0,,
mariadb,complete,right_recursion,700,timeout,timeout,0,,,,,,,,,,,,False,0,,
mariadb,complete,right_recursion,800,skipped,timeout,0,,,,,,,,,,,,False,0,,
mariadb,complete,right_recursion,900,skipped,timeout,0,,,,,,,,,,,,False,0,,
mariadb,complete,right_recursion,1000,skipped,timeout,0,,,,,,,,,,,,False,0,,
mariadb,cycle,double_recursion,100,ok,,5,0.2277617000043392,0.22698679100722075,0.002652800980528511,0.22494883404579014,0.2320543339010328,0.00042919999999999623,7.227,0.0,7.319,mariadb connection MEMORY_USED,True,False,0,,
mariadb,cycle,double_recursion,200,ok,,5,1.6764333834173157,1.6749772919574752,0.00487831581221897,1.6731625000247732,1.6850435830419883,0.002848600000000001,8.227,0.0,8.319,mariadb connection MEMORY_USED,True,False,0,,
mariadb,cycle,double_recursion,300,ok,,5,7.875691608386115,7.876531874993816,0.01654104187908834,7.851736375014298,7.895860166987404,0.012500000000000011,13.227,0.0,13.319,mariadb connection MEMORY_USED,True,False,0,,
mariadb,cycle,double_recursion,400,ok,,5,15.734563024970702,15.731749582919292,0.014021950420713037,15.72119029192254,15.756013792008162,0.026683199999999997,21.227,0.0,21.319,mariadb connection MEMORY_USED,True,False,0,,
mariadb,cycle,double_recursion,500,ok,,5,28.436471191607417,28.429827792104334,0.012980779706687413,28.4239824579563,28.452806791989133,0.05424760000000002,28.227,0.0,28.319,mariadb connection MEMORY_USED,True,False,0,,
mariadb,cycle,double_recursion,600,ok,,5,70.4472507331986,70.4565933329286,0.07130072970044506,70.34365054103546,70.54287729097996,0.1502004,42.227,0.0,42.319,mariadb connection MEMORY_USED,True,False,0,,
mariadb,cycle,double_recursion,700,timeout,timeout,0,,,,,,,,,,,,False,0,,
mariadb,cycle,double_recursion,800,skipped,timeout,0,,,,,,,,,,,,False,0,,
mariadb,cycle,double_recursion,900,skipped,timeout,0,,,,,,,,,,,,False,0,,
mariadb,cycle,double_recursion,1000,skipped,timeout,0,,,,,,,,,,,,False,0,,
mariadb,cycle,left_recursion,100,ok,,5,0.028748825192451477,0.029118333011865616,0.0022860207621424357,0.02487691689748317,0.030773542006500065,7.859999999998424e-05,3.995,0.6708203932499371,4.086,mariadb connection MEMORY_USED,True,False,0,,
mariadb,cycle,left_recursion,200,ok,,5,0.06811357520055025,0.06702625006437302,0.0028479266483707024,0.06599333393387496,0.07303212501574308,0.00020359999999999267,5.195,0.0,5.286,mariadb connection MEMORY_USED,True,False,0,,
mariadb,cycle,left_recursion,300,ok,,5,0.11160495837684721,0.10892220900859684,0.004096546420805024,0.10821179195772856,0.11692283302545547,0.00031360000000001386,6.995,0.27386127875258304,7.085999999999999,mariadb connection MEMORY_USED,True,False,0,,
mariadb,cycle,left_recursion,400,ok,,5,0.18014675821177661,0.1810225419467315,0.0030548999947179172,0.17494508309755474,0.18305004108697176,0.0004609999999999892,10.695,0.0,10.786,mariadb connection MEMORY_USED,True,False,0,,
mariadb,cycle,left_recursion,500,ok,,5,0.2655357584124431,0.266061499947682,0.0022670172901101526,0.26195304200518876,0.2677804580889642,0.000611600000000001,14.195,0.0,14.286,mariadb connection MEMORY_USED,True,False,0,,
mariadb,cycle,left_recursion,600,ok,,5,0.3730836498085409,0.3702655000379309,0.005817723499159519,0.3698752080090344,0.3833770420169458,0.0009136000000000033,21.195,0.0,21.286,mariadb connection MEMORY_USED,True,False,0,,
mariadb,cycle,left_recursion,700,ok,,5,1.3449995751958341,1.3440649169497192,0.003611355021682375,1.3405040410580114,1.350195458973758,0.0025998000000000076,20.571,0.0,20.663,mariadb connection MEMORY_USED,True,False,0,,
mariadb,cycle,left_recursion,800,ok,,5,3.2673302249982954,3.267564791953191,0.020075287287590986,3.2422065830323845,3.2944092910038307,0.005926199999999993,20.571,0.0,20.663,mariadb connection MEMORY_USED,True,False,0,,
mariadb,cycle,left_recursion,900,ok,,5,5.154634899809025,5.169554041000083,0.02310225427604124,5.120017874985933,5.171393916010857,0.008836399999999989,20.571,0.0,20.663,mariadb connection MEMORY_USED,True,False,0,,
mariadb,cycle,left_recursion,1000,ok,,5,7.36871934980154,7.371500166016631,0.050045887736394956,7.293341542012058,7.413908250047825,0.013078799999999991,20.571,0.0,20.663,mariadb connection MEMORY_USED,True,False,0,,
mariadb,cycle,right_recursion,100,ok,,5,0.030752299819141626,0.030943875084631145,0.0021674338711155264,0.02798879100009799,0.033964083064347506,9.860000000000424e-05,5.294,0.8944271909999159,5.385999999999999,mariadb connection MEMORY_USED,True,False,0,,
mariadb,cycle,right_recursion,200,ok,,5,0.07648939180653543,0.07613575004506856,0.0016356891781684991,0.07494829199276865,0.07837695896159858,0.00023540000000000784,5.894,0.27386127875258304,5.986,mariadb connection MEMORY_USED,True,False,0,,
mariadb,cycle,right_recursion,300,ok,,5,0.12604449996724726,0.125275541911833,0.003492110208424548,0.12327533296775073,0.1319907499710098,0.0003406000000000131,7.694,0.0,7.786,mariadb connection MEMORY_USED,True,False,0,,
mariadb,cycle,right_recursion,400,ok,,5,0.20268641642760485,0.20203966600820422,0.0019564208632977843,0.20017049997113645,0.2051529170712456,0.0004933999999999994,10.694,0.0,10.786,mariadb connection MEMORY_USED,True,False,0,,
mariadb,cycle,right_recursion,500,ok,,5,0.3074391162022948,0.3042570409597829,0.005724491223670509,0.3019811660051346,0.3150444159982726,0.0007472000000000034,14.194,0.0,14.286,mariadb connection MEMORY_USED,True,False,0,,
mariadb,cycle,right_recursion,600,ok,,5,0.43274419161025435,0.4309758330928162,0.006672843275841736,0.4255097499117255,0.44298766693100333,0.0009759999999999991,21.194,0.0,21.286,mariadb connection MEMORY_USED,True,False,0,,
mariadb,cycle,right_recursion,700,ok,,5,1.4322852664161474,1.431118292035535,0.004722510072962513,1.4276326660765335,1.4394409579690546,0.0026989999999999957,21.07,0.0,21.162,mariadb connection MEMORY_USED,True,False,0,,
mariadb,cycle,right_recursion,800,ok,,5,3.3757271668408064,3.3657339999917895,0.021960101866569385,3.3571015840861946,3.4050254580797628,0.006062799999999979,21.07,0.0,21.162,mariadb connection MEMORY_USED,True,False,0,,
mariadb,cycle,right_recursion,900,ok,,5,5.332405466982164,5.329376791953109,0.011795985944122263,5.319927916978486,5.350352042005397,0.009450599999999986,21.07,0.0,21.162,mariadb connection MEMORY_USED,True,False,0,,
mariadb,cycle,right_recursion,1000,ok,,5,7.580014699976891,7.594646958983503,0.023393928994643473,7.549431582912803,7.599833125015721,0.013295999999999985,21.07,0.0,21.162,mariadb connection MEMORY_USED,True,False,0,,
mariadb,cycle_with_shortcuts,double_recursion,100,ok,,5,0.24069766679313034,0.24081558303441852,0.0013926907877240457,0.23914541699923575,0.24284512491431087,0.000460600000000011,7.227,0.0,7.319,mariadb connection MEMORY_USED,True,False,0,,
mariadb,cycle_with_shortcuts,double_recursion,200,ok,,5,1.3256310000084341,1.3240323329810053,0.004122957736543984,1.3228207080392167,1.3328983330866322,0.002182000000000006,8.227,0.0,8.319,mariadb connection MEMORY_USED,True,False,0,,
mariadb,cycle_with_shortcuts,double_recursion,300,ok,,5,7.4432426247978585,7.438536791014485,0.011357493882128495,7.4332162499194965,7.458608667016961,0.011661999999999995,13.227,0.0,13.319,mariadb connection MEMORY_USED,True,False,0,,
mariadb,cycle_with_shortcuts,double_recursion,400,ok,,5,16.705731833400204,16.6960467499448,0.03479712869945851,16.669047167059034,16.749880374991335,0.025970399999999994,21.227,0.0,21.319,mariadb connection MEMORY_USED,True,False,0,,
mariadb,cycle_with_shortcuts,double_recursion,500,ok,,5,31.588888399791905,31.58674283302389,0.042858706111075416,31.54327733302489,31.650290624937043,0.05185280000000001,28.227,0.0,28.319,mariadb connection MEMORY_USED,True,False,0,,
mariadb,cycle_with_shortcuts,double_recursion,600,ok,,5,48.826420016563496,48.81463433301542,0.05625977807385759,48.770746249938384,48.91863991692662,0.08562000000000002,42.227,0.0,42.319,mariadb connection MEMORY_USED,True,False,0,,
mariadb,cycle_with_shortcuts,double_recursion,700,timeout,timeout,0,,,,,,,,,,,,False,0,,
mariadb,cycle_with_shortcuts,double_recursion,800,skipped,timeout,0,,,,,,,,,,,,False,0,,
mariadb,cycle_with_shortcuts,double_recursion,900,skipped,timeout,0,,,,,,,,,,,,False,0,,
mariadb,cycle_with_shortcuts,double_recursion,1000,skipped,timeout,0,,,,,,,,,,,,False,0,,
mariadb,cycle_with_shortcuts,left_recursion,100,ok,,5,0.043505850015208125,0.04381779208779335,0.0008538318883503545,0.04198695800732821,0.043990207952447236,0.00011379999999999724,5.195,0.0,5.286,mariadb connection MEMORY_USED,True,False,0,,
mariadb,cycle_with_shortcuts,left_recursion,200,ok,,5,0.11003269960638136,0.1099142919993028,0.0015423911321528804,0.10766304098069668,0.11181329097598791,0.0002665999999999946,5.695,0.0,5.786,mariadb connection MEMORY_USED,True,False,0,,
mariadb,cycle_with_shortcuts,left_recursion,300,ok,,5,0.21323419183026998,0.21367112500593066,0.002699413787592516,0.2098803750704974,0.21578691701870412,0.0005277999999999894,8.195,0.0,8.286,mariadb connection MEMORY_USED,True,False,0,,
mariadb,cycle_with_shortcuts,left_recursion,400,ok,,5,0.36151469161268324,0.36170629190746695,0.0020682202151068264,0.35953516606241465,0.36473120807204396,0.0007424000000000097,10.695,0.0,10.786,mariadb connection MEMORY_USED,True,False,0,,
mariadb,cycle_with_shortcuts,left_recursion,500,ok,,5,0.555413400195539,0.5565487920539454,0.0044357512275641905,0.5506151670124382,0.5616035839775577,0.0010996000000000005,14.195,0.0,14.286,mariadb connection MEMORY_USED,True,False,0,,
mariadb,cycle_with_shortcuts,left_recursion,600,ok,,5,0.7758522000629455,0.7755831660469994,0.002443504501600516,0.7734258330892771,0.7788716250797734,0.0016058000000000016,21.195,0.0,21.286,mariadb connection MEMORY_USED,True,False,0,,
mariadb,cycle_with_shortcuts,left_recursion,700,ok,,5,8.282487925398163,8.273213083972223,0.029648054808567262,8.24323949997779,8.316122084041126,0.013273400000000013,21.695,0.0,21.786,mariadb connection MEMORY_USED,True,False,0,,
mariadb,cycle_with_shortcuts,left_recursion,800,ok,,5,21.500901616807095,21.4888633339433,0.08826494573762086,21.372175625059754,21.602053125039674,0.03300839999999999,22.571,0.0,22.663,mariadb connection MEMORY_USED,True,False,0,,
mariadb,cycle_with_shortcuts,left_recursion,900,ok,,5,39.22004905838985,39.210241249995306,0.1870588017735809,38.95205854193773,39.47645937500056,0.060278,22.571,0.0,22.663,mariadb connection MEMORY_USED,True,False,0,,
mariadb,cycle_with_shortcuts,left_recursion,1000,ok,,5,53.971273258398284,54.01420945802238,0.12952249369960153,53.75235233397689,54.09377525001764,0.0823136,22.571,0.0,22.663,mariadb connection MEMORY_USED,True,False,0,,
mariadb,cycle_with_shortcuts,right_recursion,100,ok,,5,0.04375555801670998,0.04392841598019004,0.0026699001527010153,0.04101170797366649,0.0479180000256747,0.00011339999999999683,5.195,0.0,5.286,mariadb connection MEMORY_USED,True,False,0,,
mariadb,cycle_with_shortcuts,right_recursion,200,ok,,5,0.11484895020257682,0.11581962497439235,0.002530863552264926,0.11184116697404534,0.11794091702904552,0.00029619999999999094,5.695,0.0,5.786,mariadb connection MEMORY_USED,True,False,0,,
mariadb,cycle_with_shortcuts,right_recursion,300,ok,,5,0.22281655857805163,0.22192541707772762,0.002860705039062171,0.2197213339386508,0.22670258302241564,0.00047840000000000106,8.195,0.0,8.286,mariadb connection MEMORY_USED,True,False,0,,
mariadb,cycle_with_shortcuts,right_recursion,400,ok,,5,0.3875528249889612,0.38775970798451453,0.0032933439450160747,0.3838733750162646,0.39171354204881936,0.0007966000000000029,10.695,0.0,10.786,mariadb connection MEMORY_USED,True,False,0,,
mariadb,cycle_with_shortcuts,right_recursion,500,ok,,5,0.608198383403942,0.6076176249189302,0.007556239532004882,0.596703875111416,0.6161504170158878,0.0012447999999999904,14.195,0.0,14.286,mariadb connection MEMORY_USED,True,False,0,,
mariadb,cycle_with_shortcuts,right_recursion,600,ok,,5,0.8467493497999385,0.8465345830190927,0.0038023358540278662,0.8436735419090837,0.8530673329951242,0.0018107999999999902,21.195,0.0,21.286,mariadb connection MEMORY_USED,True,False,0,,
mariadb,cycle_with_shortcuts,right_recursion,700,ok,,5,9.059873933414929,9.05176062497776,0.04618844077040166,9.015152083011344,9.13168350001797,0.01417339999999998,21.695,0.0,21.786,mariadb connection MEMORY_USED,True,False,0,,
mariadb,cycle_with_shortcuts,right_recursion,800,ok,,5,22.93037715018727,22.94157241692301,0.1030966878944219,22.7887479159981,23.038278041989543,0.034719199999999985,22.571,0.0,22.663,mariadb connection MEMORY_USED,True,False,0,,
mariadb,cycle_with_shortcuts,right_recursion,900,ok,,5,37.42642732500099,37.40635750000365,0.0718926039238475,37.33934787497856,37.52123583294451,0.054450600000000016,22.571,0.0,22.663,mariadb connection MEMORY_USED,True,False,0,,
mariadb,cycle_with_shortcuts,right_recursion,1000,ok,,5,54.85250645841006,54.80533770797774,0.14080145622917056,54.74016845901497,55.09790512500331,0.0811856,22.571,0.0,22.663,mariadb connection MEMORY_USED,True,False,0,,
mariadb,grid,double_recursion,100,ok,,5,0.039099241606891155,0.038964124978519976,0.002036901985048054,0.03616179106757045,0.04187095898669213,0.00012159999999999949,7.227,0.0,7.319,mariadb connection MEMORY_USED,True,False,0,,
mariadb,grid,double_recursion,200,ok,,5,0.11753070801496505,0.1177787909982726,0.001158388216887364,0.11598008300643414,0.11899766605347395,0.0003545999999999938,7.227,0.0,7.319,mariadb connection MEMORY_USED,True,False,0,,
mariadb,grid,double_recursion,300,ok,,5,0.28151510839816185,0.280904334038496,0.004729361067836928,0.2759928749874234,0.28897779202088714,0.0007082000000000032,7.227,0.0,7.319,mariadb connection MEMORY_USED,True,False,0,,
mariadb,grid,double_recursion,400,ok,,5,0.9613822417566553,0.9619148339843377,0.002333434555792776,0.9589744169497862,0.9646175829693675,0.0022190000000000044,10.227,0.0,10.319,mariadb connection MEMORY_USED,True,False,0,,
mariadb,grid,double_recursion,500,ok,,5,1.6405562249710783,1.638853000011295,0.0051601260633879166,1.6358292079530656,1.6484257079428062,0.003714800000000007,10.227,0.0,10.319,mariadb connection MEMORY_USED,True,False,0,,
mariadb,grid,double_recursion,600,ok,,5,2.5637230581836774,2.5669646250316873,0.009149402111298197,2.5479962079552934,2.570732207968831,0.005955199999999994,13.227,0.0,13.319,mariadb connection MEMORY_USED,True,False,0,,
mariadb,grid,double_recursion,700,ok,,5,3.790073824999854,3.7939041249919683,0.006709097563884837,3.779806207981892,3.795906584011391,0.009145800000000004,14.227,0.0,14.319,mariadb connection MEMORY_USED,True,False,0,,
mariadb,grid,double_recursion,800,ok,,5,5.581040999991819,5.580985249951482,0.007625742409027864,5.572776334010996,5.588877208065242,0.01455860000000001,22.227,0.0,22.319,mariadb connection MEMORY_USED,True,False,0,,
mariadb,grid,double_recursion,900,ok,,5,7.993670216575265,7.9879034999758005,0.009793190321696139,7.986792457988486,8.009949499974027,0.021400799999999998,25.227,0.0,25.319,mariadb connection MEMORY_USED,True,False,0,,
mariadb,grid,double_recursion,1000,ok,,5,9.580549924797378,9.584837208036333,0.016756081637598376,9.553704124991782,9.59677008294966,0.026417000000000024,28.227,0.0,28.319,mariadb connection MEMORY_USED,True,False,0,,
mariadb,grid,left_recursion,100,ok,,5,0.022347041801549495,0.02398316701874137,0.003430710988694293,0.01724304200615734,0.025130749912932515,7.019999999999805e-05,3.995,0.6708203932499371,4.086,mariadb connection MEMORY_USED,True,False,0,,
mariadb,grid,left_recursion,200,ok,,5,0.0320857249898836,0.03180295799393207,0.0016448466917704247,0.03092024999205023,0.03491087502334267,0.0001348000000000016,4.8950000000000005,0.6708203932499371,4.986,mariadb connection MEMORY_USED,True,False,0,,
mariadb,grid,left_recursion,300,ok,,5,0.043363166972994804,0.04206916701514274,0.002484001157998503,0.040944583946838975,0.046954916906543076,0.00015799999999999148,5.195,0.0,5.286,mariadb connection MEMORY_USED,True,False,0,,
mariadb,grid,left_recursion,400,ok,,5,0.06458998322486878,0.06418533297255635,0.001948784817560446,0.06189129105769098,0.06698300002608448,0.00022579999999999822,5.595000000000001,0.22360679774997896,5.686,mariadb connection MEMORY_USED,True,False,0,,
mariadb,grid,left_recursion,500,ok,,5,0.08307630820199847,0.08287404105067253,0.001048556617147341,0.0818999579641968,0.08478279097471386,0.00027120000000000475,6.095000000000001,0.5477225575051661,6.186,mariadb connection MEMORY_USED,True,False,0,,
mariadb,grid,left_recursion,600,ok,,5,0.10771804160904139,0.10792983300052583,0.0012264218886708235,0.10566337499767542,0.10895920789334923,0.0003805999999999976,7.095000000000001,0.22360679774997896,7.186,mariadb connection MEMORY_USED,True,False,0,,
mariadb,grid,left_recursion,700,ok,,5,0.135999916610308,0.13692391593940556,0.0021542169264778333,0.13287362502887845,0.137959000072442,0.00044080000000001895,8.595,0.22360679774997896,8.686,mariadb connection MEMORY_USED,True,False,0,,
mariadb,grid,left_recursion,800,ok,,5,0.17326039178296923,0.17266633396502584,0.0015485931064160184,0.1718720409553498,0.17496570898219943,0.0005310000000000037,11.195,0.0,11.286,mariadb connection MEMORY_USED,True,False,0,,
mariadb,grid,left_recursion,900,ok,,5,0.2210867835674435,0.2208245419897139,0.0023889914335855295,0.2179313339293003,0.2238340419717133,0.0007216000000000111,12.695,0.0,12.786,mariadb connection MEMORY_USED,True,False,0,,
mariadb,grid,left_recursion,1000,ok,,5,0.24881930816918613,0.248845582944341,0.0013341880167511938,0.2473967089317739,0.2509110829560086,0.0008221999999999952,14.195,0.0,14.286,mariadb connection MEMORY_USED,True,False,0,,
mariadb,grid,right_recursion,100,ok,,5,0.021559458575211465,0.02088316692970693,0.0024184072155904166,0.019014082965441048,0.025049249990843236,7.500000000001394e-05,3.694,0.0,3.786,mariadb connection MEMORY_USED,True,False,0,,
mariadb,grid,right_recursion,200,ok,,5,0.03373406662140042,0.0340528329834342,0.002413372353562255,0.031184000079520047,0.03697570797521621,0.00012259999999998384,5.694,0.0,5.786,mariadb connection MEMORY_USED,True,False,0,,
mariadb,grid,right_recursion,300,ok,,5,0.05170811642892659,0.04996666603256017,0.004116943235637915,0.04894187499303371,0.05874445801600814,0.00016660000000000562,5.694,0.0,5.786,mariadb connection MEMORY_USED,True,False,0,,
mariadb,grid,right_recursion,400,ok,,5,0.07985264139715582,0.07973641599528491,0.0016026144858599075,0.07791895803529769,0.0818938750308007,0.00025020000000000044,6.094,0.22360679774997896,6.186,mariadb connection MEMORY_USED,True,False,0,,
mariadb,grid,right_recursion,500,ok,,5,0.10712695023976267,0.10778445901814848,0.002661871485344054,0.10421737504657358,0.11084516707342118,0.00039160000000000307,7.194,0.0,7.286,mariadb connection MEMORY_USED,True,False,0,,
mariadb,grid,right_recursion,600,ok,,5,0.14212843340355902,0.14198437507729977,0.0019111284880272206,0.13989774999208748,0.14484787499532104,0.000401000000000018,7.694,0.0,7.786,mariadb connection MEMORY_USED,True,False,0,,
mariadb,grid,right_recursion,700,ok,,5,0.18397353338077665,0.1841346670407802,0.0018322938958393621,0.18105808296240866,0.18596958392299712,0.0005648000000000097,9.194,0.0,9.286,mariadb connection MEMORY_USED,True,False,0,,
mariadb,grid,right_recursion,800,ok,,5,0.2419777251780033,0.24091829196549952,0.003266535356245347,0.23831441602669656,0.24586845899466425,0.0007311999999999985,11.194,0.0,11.286,mariadb connection MEMORY_USED,True,False,0,,
mariadb,grid,right_recursion,900,ok,,5,0.3095190249849111,0.3093871249584481,0.0013312278146748312,0.30776416696608067,0.31088533299043775,0.0008730000000000016,12.694,0.0,12.786,mariadb connection MEMORY_USED,True,False,0,,
mariadb,grid,right_recursion,1000,ok,,5,0.35048812499735504,0.34896245901472867,0.0026658095086532644,0.34883395896758884,0.3550235830480233,0.0010226000000000068,14.194,0.0,14.286,mariadb connection MEMORY_USED,True,False,0,,
mariadb,max_acyclic,double_recursion,100,ok,,5,0.04831314994953573,0.048697249963879585,0.002520754447557191,0.04464174993336201,0.051677708979696035,0.00013039999999999718,7.227,0.0,7.319,mariadb connection MEMORY_USED,True,False,0,,
mariadb,max_acyclic,double_recursion,200,ok,,5,0.21706615858711303,0.2183423339156434,0.002330777876054246,0.21411670790985227,0.21896708407439291,0.0004237999999999964,7.227,0.0,7.319,mariadb connection MEMORY_USED,True,False,0,,
mariadb,max_acyclic,double_recursion,300,ok,,5,0.6974022999871522,0.6981181249720976,0.00341124303035668,0.6920452079502866,0.7009326670086011,0.001254400000000011,10.227,0.0,10.319,mariadb connection MEMORY_USED,True,False,0,,
mariadb,max_acyclic,double_recursion,400,ok,,5,1.642619533604011,1.641650459030643,0.0026657227470276977,1.6408051670296118,1.6472038340289146,0.0026124000000000034,11.227,0.0,11.319,mariadb connection MEMORY_USED,True,False,0,,
mariadb,max_acyclic,double_recursion,500,ok,,5,3.20678469161503,3.2017853340366855,0.01882462586706529,3.1917263750219718,3.2396204159595072,0.005280599999999991,14.227,0.0,14.319,mariadb connection MEMORY_USED,True,False,0,,
mariadb,max_acyclic,double_recursion,600,ok,,5,5.495055266981945,5.494994124979712,0.005003061596074232,5.487590333912522,5.499701917055063,0.008682400000000002,24.227,0.0,24.319,mariadb connection MEMORY_USED,True,False,0,,
mariadb,max_acyclic,double_recursion,700,ok,,5,9.016737150191329,9.01479270902928,0.009288611146554618,9.007658082991838,9.030111375031993,0.014582799999999996,28.227,0.0,28.319,mariadb connection MEMORY_USED,True,False,0,,
mariadb,max_acyclic,double_recursion,800,ok,,5,13.314579641609452,13.324407208012417,0.022059077181055504,13.281223542056978,13.334692082949914,0.023207999999999986,38.227,0.0,38.319,mariadb connection MEMORY_USED,True,False,0,,
mariadb,max_acyclic,double_recursion,900,ok,,5,18.59316514180973,18.55961583298631,0.14265469640269807,18.468763791956007,18.827998250024393,0.0366548,49.227,0.0,49.319,mariadb connection MEMORY_USED,True,False,0,,
mariadb,max_acyclic,double_recursion,1000,timeout,timeout,0,,,,,,,,,,,,False,0,,
mariadb,max_acyclic,left_recursion,100,ok,,5,0.047678733407519755,0.04860004095826298,0.0022886706218821213,0.043801499996334314,0.049685917096212506,0.00013939999999998954,3.4949999999999997,0.27386127875258304,3.586,mariadb connection MEMORY_USED,True,False,0,,
mariadb,max_acyclic,left_recursion,200,ok,,5,0.20158401646185667,0.20109212503302842,0.0021239307268271896,0.2001836660783738,0.20528745802585036,0.00042840000000000656,3.695,0.0,3.786,mariadb connection MEMORY_USED,True,False,0,,
mariadb,max_acyclic,left_recursion,300,ok,,5,0.6417937331832946,0.6387739579658955,0.006631619673589323,0.6371732080588117,0.6533580420073122,0.0012193999999999927,6.195,0.0,6.286,mariadb connection MEMORY_USED,True,False,0,,
mariadb,max_acyclic,left_recursion,400,ok,,5,1.4964219667948782,1.495734916999936,0.0016151740268905595,1.4948126670205966,1.4989812499843538,0.0024430000000000064,7.8950000000000005,0.9746794344808964,7.986,mariadb connection MEMORY_USED,True,False,0,,
mariadb,max_acyclic,left_recursion,500,ok,,5,2.910901133459993,2.9135281670605764,0.00861497432460522,2.900670083006844,2.921756250085309,0.004706400000000011,10.195,0.0,10.286,mariadb connection MEMORY_USED,True,False,0,,
mariadb,max_acyclic,left_recursion,600,ok,,5,5.056547908624634,5.047776333987713,0.019852964816474337,5.0335712500382215,5.082842375035398,0.007812999999999992,16.195,0.0,16.286,mariadb connection MEMORY_USED,True,False,0,,
mariadb,max_acyclic,left_recursion,700,ok,,5,8.459791299817152,8.453782832948491,0.020688518295288894,8.433937499998137,8.486036458052695,0.013277400000000017,20.795,1.08397416943394,20.886000000000003,mariadb connection MEMORY_USED,True,False,0,,
mariadb,max_acyclic,left_recursion,800,ok,,5,12.522884633415378,12.514486041967757,0.030337481733442258,12.496800791006535,12.575006833998486,0.019322599999999968,26.195,0.0,26.286,mariadb connection MEMORY_USED,True,False,0,,
mariadb,max_acyclic,left_recursion,900,ok,,5,17.28378747503739,17.295825249981135,0.027032351988192246,17.23915570799727,17.303682291065343,0.02654739999999999,34.695,2.1213203435596424,34.786,mariadb connection MEMORY_USED,True,False,0,,
mariadb,max_acyclic,left_recursion,1000,timeout,timeout,0,,,,,,,,,,,,False,0,,
mariadb,max_acyclic,right_recursion,100,ok,,5,0.04888963340781629,0.04955125006381422,0.0016990028077527495,0.046633249963633716,0.05070887506008148,0.00012820000000001163,3.5949999999999998,0.22360679774997896,3.686,mariadb connection MEMORY_USED,True,False,0,,
mariadb,max_acyclic,right_recursion,200,ok,,5,0.2193587247747928,0.21985100000165403,0.00201846443683406,0.21601804101374,0.22103649994824082,0.0004830000000000001,3.995,0.6708203932499371,4.086,mariadb connection MEMORY_USED,True,False,0,,
mariadb,max_acyclic,right_recursion,300,ok,,5,0.6985100086079911,0.6970955419819802,0.002751076313136023,0.6963895839871839,0.7030537079554051,0.0012158000000000002,6.195,0.0,6.286,mariadb connection MEMORY_USED,True,False,0,,
mariadb,max_acyclic,right_recursion,400,ok,,5,1.6515713669825345,1.6508432920090854,0.0025262047115378466,1.648920250008814,1.6557001669425517,0.002700400000000003,7.495,0.6708203932499369,7.585999999999999,mariadb connection MEMORY_USED,True,False,0,,
mariadb,max_acyclic,right_recursion,500,ok,,5,3.220387291768566,3.2187255829339847,0.004116139508816129,3.216628291993402,3.225691416999325,0.0051342,10.195,0.0,10.286,mariadb connection MEMORY_USED,True,False,0,,
mariadb,max_acyclic,right_recursion,600,ok,,5,5.529874749993906,5.527739249984734,0.006521910676220871,5.5237602080451325,5.540805666940287,0.008763600000000015,17.295,1.51657508881031,17.386000000000003,mariadb connection MEMORY_USED,True,False,0,,
mariadb,max_acyclic,right_recursion,700,ok,,5,9.078555783606134,9.080772374989465,0.006172178286031259,9.071591874933802,9.085973292007111,0.014553000000000005,20.695,0.8660254037844386,20.786,mariadb connection MEMORY_USED,True,False,0,,
mariadb,max_acyclic,right_recursion,800,ok,,5,13.416891975002363,13.417606916977093,0.011851129922372507,13.403738833032548,13.433620042051189,0.023229200000000005,28.795,2.6786190471957747,28.886000000000003,mariadb connection MEMORY_USED,True,False,0,,
mariadb,max_acyclic,right_recursion,900,ok,,5,18.708303316798993,18.69869516696781,0.027767042609209997,18.673535290989093,18.742782542016357,0.036546,35.395,2.16794833886788,35.486000000000004,mariadb connection MEMORY_USED,True,False,0,,
mariadb,max_acyclic,right_recursion,1000,timeout,timeout,0,,,,,,,,,,,,False,0,,
mariadb,multi_path,double_recursion,100,ok,,5,0.6270386748248711,0.6256806250894442,0.0032544913244550145,0.6239395410520956,0.6308821249986067,0.0015138000000000096,10.227,0.0,10.319,mariadb connection MEMORY_USED,True,False,0,,
mariadb,multi_path,double_recursion,200,ok,,5,4.708155216835439,4.710328500019386,0.020996260608135482,4.679821583093144,4.727936042007059,0.014204600000000001,25.227,0.0,25.319,mariadb connection MEMORY_USED,True,False,0,,
mariadb,multi_path,double_recursion,300,timeout,timeout,0,,,,,,,,,,,,False,0,,
mariadb,multi_path,double_recursion,400,skipped,timeout,0,,,,,,,,,,,,False,0,,
mariadb,multi_path,double_recursion,500,skipped,timeout,0,,,,,,,,,,,,False,0,,
mariadb,multi_path,double_recursion,600,skipped,timeout,0,,,,,,,,,,,,False,0,,
mariadb,multi_path,double_recursion,700,skipped,timeout,0,,,,,,,,,,,,False,0,,
mariadb,multi_path,double_recursion,800,skipped,timeout,0,,,,,,,,,,,,False,0,,
mariadb,multi_path,double_recursion,900,skipped,timeout,0,,,,,,,,,,,,False,0,,
mariadb,multi_path,double_recursion,1000,skipped,timeout,0,,,,,,,,,,,,False,0,,
mariadb,multi_path,left_recursion,100,ok,,5,0.08297127520199865,0.08378433401230723,0.002067971744772752,0.07995399995706975,0.08528058393858373,0.00021679999999999478,5.695,0.0,5.786,mariadb connection MEMORY_USED,True,False,0,,
mariadb,multi_path,left_recursion,200,ok,,5,0.24262697517406195,0.24174120801035315,0.002549773167537568,0.2402857089182362,0.2464793750550598,0.0005699999999999927,12.695,0.0,12.786,mariadb connection MEMORY_USED,True,False,0,,
mariadb,multi_path,left_recursion,300,ok,,5,0.9542092083953321,0.9520715419203043,0.007306236320815595,0.9473942080512643,0.9659112080698833,0.0018784000000000023,20.571,0.0,20.663,mariadb connection MEMORY_USED,True,False,0,,
mariadb,multi_path,left_recursion,400,ok,,5,5.078868841798976,5.052840749965981,0.05315015554007534,5.035807542037219,5.163046209025197,0.00912679999999999,20.571,0.0,20.663,mariadb connection MEMORY_USED,True,False,0,,
mariadb,multi_path,left_recursion,500,ok,,5,10.418721700226888,10.401427834061906,0.03572472972449206,10.387729624984786,10.470551584032364,0.01937779999999999,20.571,0.0,20.663,mariadb connection MEMORY_USED,True,False,0,,
mariadb,multi_path,left_recursion,600,ok,,5,17.954789775027894,17.951429457985796,0.07321953210328379,17.851968334056437,18.056004625046626,0.033228,20.571,0.0,20.663,mariadb connection MEMORY_USED,True,False,0,,
mariadb,multi_path,left_recursion,700,ok,,5,29.369947700435297,28.824402834055945,1.0949920608210881,28.523804416996427,31.194961333996616,0.09507579999999999,20.571,0.0,20.663,mariadb connection MEMORY_USED,True,False,0,,
mariadb,multi_path,left_recursion,800,ok,,5,38.295962075376885,38.29236345901154,0.04807458423988415,38.2292873339029,38.36310716695152,0.133044,20.571,0.0,20.663,mariadb connection MEMORY_USED,True,False,0,,
mariadb,multi_path,left_recursion,900,ok,,5,50.3820937581826,50.37978449999355,0.05773613382527934,50.32875762495678,50.47366074996535,0.16817599999999996,20.571,0.0,20.663,mariadb connection MEMORY_USED,True,False,0,,
mariadb,multi_path,left_recursion,1000,ok,,5,65.2962259165477,65.30488670791965,0.13326911304198363,65.1063664999092,65.44777608301956,0.194912,20.571,0.0,20.663,mariadb connection MEMORY_USED,True,False,0,,
mariadb,multi_path,right_recursion,100,ok,,5,0.07756601658184081,0.07778924994636327,0.0014558089006038097,0.07549183303490281,0.07889895793050528,0.00030960000000002097,5.994,0.6708203932499369,6.085999999999999,mariadb connection MEMORY_USED,True,False,0,,
mariadb,multi_path,right_recursion,200,ok,,5,0.24322194955311716,0.24248179094865918,0.0017765114909495793,0.2416780829662457,0.24598616594448686,0.0007672000000000124,12.694,0.0,12.786,mariadb connection MEMORY_USED,True,False,0,,
mariadb,multi_path,right_recursion,300,ok,,5,0.9755090417806059,0.9794174999697134,0.009763426114697554,0.9604315420147032,0.9842867499683052,0.002769800000000011,21.07,0.0,21.162,mariadb connection MEMORY_USED,True,False,0,,
mariadb,multi_path,right_recursion,400,ok,,5,5.200881808437407,5.184785625082441,0.026804464445731098,5.181848417036235,5.243097042082809,0.014500199999999986,21.07,0.0,21.162,mariadb connection MEMORY_USED,True,False,0,,
mariadb,multi_path,right_recursion,500,ok,,5,10.694142283825204,10.682256459025666,0.02382350643291987,10.672824583947659,10.729473958024755,0.029448399999999996,21.07,0.0,21.162,mariadb connection MEMORY_USED,True,False,0,,
mariadb,multi_path,right_recursion,600,ok,,5,18.373988366592677,18.374348624958657,0.029978174282347187,18.335017874953337,18.41681891703047,0.04991699999999999,21.07,0.0,21.162,mariadb connection MEMORY_USED,True,False,0,,
mariadb,multi_path,right_recursion,700,ok,,5,28.99450304179918,28.990349625004455,0.03205488376826666,28.956408333033323,29.045115542015992,0.07817879999999999,21.07,0.0,21.162,mariadb connection MEMORY_USED,True,False,0,,
mariadb,multi_path,right_recursion,800,ok,,5,38.62447265018709,38.63002766703721,0.04040202239762937,38.573636375018395,38.67802879191004,0.10666480000000002,21.07,0.0,21.162,mariadb connection MEMORY_USED,True,False,0,,
mariadb,multi_path,right_recursion,900,ok,,5,50.726583658182065,50.71124991599936,0.09220440312196652,50.61770608299412,50.87346650008112,0.1391828,21.07,0.0,21.162,mariadb connection MEMORY_USED,True,False,0,,
mariadb,multi_path,right_recursion,1000,ok,,5,65.93795575818513,65.96766674995888,0.20309478437433423,65.65150441601872,66.18463462498039,0.18336200000000002,21.07,0.0,21.162,mariadb connection MEMORY_USED,True,False,0,,
mariadb,path,double_recursion,100,ok,,5,0.07763458339031785,0.07804662501439452,0.0020524750135410053,0.07507554197218269,0.08005779201630503,0.00018200000000000437,7.227,0.0,7.319,mariadb connection MEMORY_USED,True,False,0,,
mariadb,path,double_recursion,200,ok,,5,0.43616745839826765,0.43711591698229313,0.0030792157208204465,0.4310521250590682,0.4389229170046747,0.0008008000000000015,7.227,0.0,7.319,mariadb connection MEMORY_USED,True,False,0,,
mariadb,path,double_recursion,300,ok,,5,1.7978786581661552,1.7990264169638976,0.0029359097503218992,1.7929032079409808,1.8005403749411926,0.0029418000000000057,10.227,0.0,10.319,mariadb connection MEMORY_USED,True,False,0,,
mariadb,path,double_recursion,400,ok,,5,4.197535433620215,4.196933416998945,0.0028408552500357154,4.194046917022206,4.200927958008833,0.0066191999999999805,11.227,0.0,11.319,mariadb connection MEMORY_USED,True,False,0,,
mariadb,path,double_recursion,500,ok,,5,7.782043991610408,7.7798512920271605,0.018013923462188344,7.759041625075042,7.806763874948956,0.012660600000000011,14.227,0.0,14.319,mariadb connection MEMORY_USED,True,False,0,,
mariadb,path,double_recursion,600,ok,,5,17.15577455817256,17.158312832936645,0.008517478345788561,17.14092116698157,17.16167883295566,0.028705199999999997,24.227,0.0,24.319,mariadb connection MEMORY_USED,True,False,0,,
mariadb,path,double_recursion,700,ok,,5,25.052321650227533,25.037968500051647,0.0335193543769858,25.01906004198827,25.09803637501318,0.04653060000000001,28.227,0.0,28.319,mariadb connection MEMORY_USED,True,False,0,,
mariadb,path,double_recursion,800,ok,,5,32.51326275840402,32.50472312502097,0.020673714485438262,32.49199508293532,32.54391237499658,0.0666022,38.227,0.0,38.319,mariadb connection MEMORY_USED,True,False,0,,
mariadb,path,double_recursion,900,ok,,5,45.429222608380954,45.4686261669267,0.08633482676168923,45.27990891702939,45.49493020796217,0.096998,49.227,0.0,49.319,mariadb connection MEMORY_USED,True,False,0,,
mariadb,path,double_recursion,1000,timeout,timeout,0,,,,,,,,,,,,False,0,,
mariadb,path,left_recursion,100,ok,,5,0.02478880020789802,0.023983667022548616,0.0011541556148271343,0.023889917065389454,0.02608504192903638,7.139999999997704e-05,3.695,0.0,3.786,mariadb connection MEMORY_USED,True,False,0,,
mariadb,path,left_recursion,200,ok,,5,0.04356380861718208,0.04304279200732708,0.0008666691126725912,0.04295920894946903,0.04495679202955216,0.00011379999999999724,4.595,0.8215838362577494,4.686,mariadb connection MEMORY_USED,True,False,0,,
mariadb,path,left_recursion,300,ok,,5,0.07770059159956873,0.07877733302302659,0.0020845602092881125,0.07498541695531458,0.07983562501613051,0.0002473999999999976,5.795,0.5477225575051661,5.885999999999999,mariadb connection MEMORY_USED,True,False,0,,
mariadb,path,left_recursion,400,ok,,5,0.11881814156658947,0.11694133293349296,0.004399163404633311,0.11498729093000293,0.12594970897771418,0.0003353999999999968,6.995,0.27386127875258304,7.085999999999999,mariadb connection MEMORY_USED,True,False,0,,
mariadb,path,left_recursion,500,ok,,5,0.16981898322701455,0.16810270806308836,0.0036141318283374026,0.16699387494008988,0.17597800004296005,0.0004321999999999826,8.295,0.6519202405202649,8.386,mariadb connection MEMORY_USED,True,False,0,,
mariadb,path,left_recursion,600,ok,,5,0.2288655751850456,0.22905041696503758,0.0019843435863792645,0.22686791699379683,0.23149604198988527,0.0005563999999999902,12.195,0.0,12.286,mariadb connection MEMORY_USED,True,False,0,,
mariadb,path,left_recursion,700,ok,,5,0.2980036504333839,0.2973320840392262,0.0032233332449655887,0.2948132090969011,0.30303262500092387,0.0006866000000000039,14.195,0.0,14.286,mariadb connection MEMORY_USED,True,False,0,,
mariadb,path,left_recursion,800,ok,,5,0.3821275168098509,0.3819169170456007,0.002495074280736026,0.37990470801014453,0.3859629170037806,0.0008612000000000064,19.195,0.0,19.286,mariadb connection MEMORY_USED,True,False,0,,
mariadb,path,left_recursion,900,ok,,5,0.4727865248220041,0.47184766607824713,0.0024541587736852987,0.4704543750267476,0.4759078749921173,0.0010892000000000124,24.695,0.0,24.786,mariadb connection MEMORY_USED,True,False,0,,
mariadb,path,left_recursion,1000,ok,,5,1.593671166826971,1.5940412090858445,0.0054094772271774776,1.587230958044529,1.5994317500153556,0.002833399999999997,20.571,0.0,20.663,mariadb connection MEMORY_USED,True,False,0,,
mariadb,path,right_recursion,100,ok,,5,0.02435647542588413,0.024948792066425085,0.0014696324666197884,0.021992833935655653,0.02582483401056379,7.519999999998639e-05,4.494,1.0954451150103321,4.586,mariadb connection MEMORY_USED,True,False,0,,
mariadb,path,right_recursion,200,ok,,5,0.04363633322063833,0.044033708050847054,0.00229622570352273,0.041076333029195666,0.04702433303464204,9.71999999999973e-05,5.694,0.0,5.786,mariadb connection MEMORY_USED,True,False,0,,
mariadb,path,right_recursion,300,ok,,5,0.07781017520464957,0.07790062506683171,0.0017138890293472153,0.07594754197634757,0.07997512503061444,0.0002453999999999845,6.094,0.22360679774997896,6.186,mariadb connection MEMORY_USED,True,False,0,,
mariadb,path,right_recursion,400,ok,,5,0.11865077500697226,0.11783554207067937,0.002458380176217481,0.11612191598396748,0.12202974990941584,0.0002942000000000111,7.394,0.27386127875258304,7.486,mariadb connection MEMORY_USED,True,False,0,,
mariadb,path,right_recursion,500,ok,,5,0.1689475664170459,0.169093833072111,0.001382239973816515,0.16661208297591656,0.1700090829981491,0.0004181999999999908,9.194,0.0,9.286,mariadb connection MEMORY_USED,True,False,0,,
mariadb,path,right_recursion,600,ok,,5,0.23052044201176614,0.22883224999532104,0.0033989624970783843,0.22794429201167077,0.23605008400045335,0.0005566000000000071,12.194,0.0,12.286,mariadb connection MEMORY_USED,True,False,0,,
mariadb,path,right_recursion,700,ok,,5,0.29958186657167973,0.2989310829434544,0.002410870500904336,0.2969632919412106,0.30286024999804795,0.0006331999999999894,14.194,0.0,14.286,mariadb connection MEMORY_USED,True,False,0,,
mariadb,path,right_recursion,800,ok,,5,0.38896253318525853,0.38388979190494865,0.00839864955895068,0.38188670796807855,0.40006237500347197,0.0009608000000000061,19.194,0.0,19.286,mariadb connection MEMORY_USED,True,False,0,,
mariadb,path,right_recursion,900,ok,,5,0.49734607476275416,0.49628174991812557,0.003576761960663917,0.4949222499271855,0.5035759579623118,0.0012282000000000126,24.694,0.0,24.786,mariadb connection MEMORY_USED,True,False,0,,
mariadb,path,right_recursion,1000,ok,,5,1.621453074994497,1.6200175830163062,0.011725353921956224,1.6104914579773322,1.6406730830203742,0.002933399999999986,21.07,0.0,21.162,mariadb connection MEMORY_USED,True,False,0,,
mariadb,reverse_binary_tree,double_recursion,100,ok,,5,0.019222908397205175,0.01995766698382795,0.0014513903321726228,0.01665470900479704,0.020043083000928164,9.559999999999568e-05,7.227,0.0,7.319,mariadb connection MEMORY_USED,True,False,0,,
mariadb,reverse_binary_tree,double_recursion,200,ok,,5,0.02131954161450267,0.020921999937854707,0.0008268622621395322,0.020881625008769333,0.02279016701504588,9.039999999999049e-05,5.8196,3.147042071533204,5.9116,mariadb connection MEMORY_USED,True,False,0,,
mariadb,reverse_binary_tree,double_recursion,300,ok,,5,0.021520108403638005,0.021285749971866608,0.0010809903670992243,0.0204067500308156,0.023325541988015175,7.819999999999493e-05,5.8196,3.147042071533204,5.9116,mariadb connection MEMORY_USED,True,False,0,,
mariadb,reverse_binary_tree,double_recursion,400,ok,,5,0.02159955820534378,0.02152216702234,0.001410762148902171,0.019933833042159677,0.023054415942169726,8.380000000000055e-05,7.227,0.0,7.319,mariadb connection MEMORY_USED,True,False,0,,
mariadb,reverse_binary_tree,double_recursion,500,ok,,5,0.02228023319039494,0.022030833060853183,0.0017513824838687297,0.020287125022150576,0.025021374924108386,0.00010339999999999793,5.8196,3.147042071533204,5.9116,mariadb connection MEMORY_USED,True,False,0,,
mariadb,reverse_binary_tree,double_recursion,600,ok,,5,0.02586674157064408,0.025984124979004264,0.0015785903635361467,0.02348804089706391,0.027931916993111372,7.380000000001274e-05,6.4270000000000005,1.0954451150103321,6.519,mariadb connection MEMORY_USED,True,False,0,,
mariadb,reverse_binary_tree,double_recursion,700,ok,,5,0.02603140822611749,0.02678287506569177,0.0026069575625499906,0.02194775000680238,0.029005000018514693,7.179999999998855e-05,6.827,0.8944271909999159,6.919,mariadb connection MEMORY_USED,True,False,0,,
mariadb,reverse_binary_tree,double_recursion,800,ok,,5,0.026439741998910905,0.026582209044136107,0.0004560291302865377,0.02564845804590732,0.026828709058463573,9.040000000001269e-05,6.4270000000000005,1.0954451150103321,6.519,mariadb connection MEMORY_USED,True,False,0,,
mariadb,reverse_binary_tree,double_recursion,900,ok,,5,0.024994733440689743,0.0255402090260759,0.0010909336302761118,0.0233711670152843,0.025904000038281083,7.75999999999999e-05,6.827,0.8944271909999159,6.919,mariadb connection MEMORY_USED,True,False,0,,
mariadb,reverse_binary_tree,double_recursion,1000,ok,,5,0.025895749824121593,0.026035165996290743,0.0011171614276715032,0.02402670797891915,0.026950041064992547,8.119999999999239e-05,5.727,1.5000000000000002,5.819,mariadb connection MEMORY_USED,True,False,0,,
mariadb,reverse_binary_tree,left_recursion,100,ok,,5,0.01957278314512223,0.019785790937021375,0.001749423329860402,0.01713512500282377,0.02188791590742767,7.64000000000098e-05,2.956,1.6524542353723446,3.0472,mariadb connection MEMORY_USED,True,False,0,,
mariadb,reverse_binary_tree,left_recursion,200,ok,,5,0.020282858377322556,0.018937249900773168,0.0023543099355051757,0.01810020802076906,0.022901125019416213,9.600000000000719e-05,3.695,0.0,3.786,mariadb connection MEMORY_USED,True,False,0,,
mariadb,reverse_binary_tree,left_recursion,300,ok,,5,0.0204506668029353,0.020051166997291148,0.0009073135787999257,0.01961066690273583,0.021848500007763505,6.900000000000794e-05,3.695,0.0,3.786,mariadb connection MEMORY_USED,True,False,0,,
mariadb,reverse_binary_tree,left_recursion,400,ok,,5,0.021189166838303207,0.021007459028623998,0.0011332168364231617,0.020050125080160797,0.02296366705559194,8.91999999999893e-05,3.695,0.0,3.786,mariadb connection MEMORY_USED,True,False,0,,
mariadb,reverse_binary_tree,left_recursion,500,ok,,5,0.02106984981801361,0.020929917111061513,0.0013014478114688767,0.019812499987892807,0.022819707985036075,7.20000000000054e-05,3.695,0.0,3.786,mariadb connection MEMORY_USED,True,False,0,,
mariadb,reverse_binary_tree,left_recursion,600,ok,,5,0.022167950170114636,0.022641708957962692,0.0012156930172297882,0.020518958917818964,0.023485457990318537,8.020000000001915e-05,3.995,0.6708203932499371,4.086,mariadb connection MEMORY_USED,True,False,0,,
mariadb,reverse_binary_tree,left_recursion,700,ok,,5,0.023308358574286103,0.022997541935183108,0.0010344169561177482,0.02227929199580103,0.025018749991431832,8.559999999998568e-05,3.695,0.0,3.786,mariadb connection MEMORY_USED,True,False,0,,
mariadb,reverse_binary_tree,left_recursion,800,ok,,5,0.021977508370764554,0.021522208000533283,0.001118847380003263,0.021042250096797943,0.023890791926532984,8.539999999999104e-05,3.695,0.0,3.786,mariadb connection MEMORY_USED,True,False,0,,
mariadb,reverse_binary_tree,left_recursion,900,ok,,5,0.02185706701129675,0.021412541973404586,0.0015218353588364634,0.02011241705622524,0.023954333970323205,7.499999999999174e-05,3.695,0.0,3.786,mariadb connection MEMORY_USED,True,False,0,,
mariadb,reverse_binary_tree,left_recursion,1000,ok,,5,0.0219875582261011,0.02131154201924801,0.002216625718385173,0.020102250040508807,0.02583491604309529,8.480000000000709e-05,3.695,0.0,3.786,mariadb connection MEMORY_USED,True,False,0,,
mariadb,reverse_binary_tree,right_recursion,100,ok,,5,0.020174775016494097,0.02012658293824643,0.0008405223745504716,0.018903708085417747,0.02098608308006078,7.099999999999884e-05,3.695,0.0,3.786,mariadb connection MEMORY_USED,True,False,0,,
mariadb,reverse_binary_tree,right_recursion,200,ok,,5,0.02037882476579398,0.020814916933886707,0.001076208688578349,0.018776832963339984,0.021570082986727357,8.059999999999734e-05,3.694,0.0,3.786,mariadb connection MEMORY_USED,True,False,0,,
mariadb,reverse_binary_tree,right_recursion,300,ok,,5,0.021834658388979734,0.022852249909192324,0.0017253333734466964,0.018956042011268437,0.023002583999186754,0.00010980000000000434,3.694,0.0,3.786,mariadb connection MEMORY_USED,True,False,0,,
mariadb,reverse_binary_tree,right_recursion,400,ok,,5,0.020667374995537103,0.02106325002387166,0.0025538215533987517,0.016698457999154925,0.02289112494327128,8.040000000000269e-05,3.694,0.0,3.786,mariadb connection MEMORY_USED,True,False,0,,
mariadb,reverse_binary_tree,right_recursion,500,ok,,5,0.022001450206153093,0.02186833298765123,0.0010394467509921498,0.020425874972715974,0.02302862494252622,7.620000000001515e-05,4.094,0.8944271909999159,4.186,mariadb connection MEMORY_USED,True,False,0,,
mariadb,reverse_binary_tree,right_recursion,600,ok,,5,0.023727975017391146,0.024030917091295123,0.001260860270898358,0.02195133303757757,0.02487912494689226,7.739999999998304e-05,3.694,0.0,3.786,mariadb connection MEMORY_USED,True,False,0,,
mariadb,reverse_binary_tree,right_recursion,700,ok,,5,0.022522149980068205,0.022004874888807535,0.001958765086148925,0.020959042012691498,0.025844290968962014,8.479999999999599e-05,4.094,0.8944271909999159,4.186,mariadb connection MEMORY_USED,True,False,0,,
mariadb,reverse_binary_tree,right_recursion,800,ok,,5,0.023282099817879497,0.02340404107235372,0.0013526313675596407,0.02145637501962483,0.024944333010353148,8.620000000001405e-05,4.094,0.8944271909999159,4.186,mariadb connection MEMORY_USED,True,False,0,,
mariadb,reverse_binary_tree,right_recursion,900,ok,,5,0.023279366781935096,0.022397167049348354,0.0020371370056120604,0.02155462501104921,0.026003207894973457,7.020000000002025e-05,4.094,0.8944271909999159,4.186,mariadb connection MEMORY_USED,True,False,0,,
mariadb,reverse_binary_tree,right_recursion,1000,ok,,5,0.02246179182548076,0.022771625081077218,0.0016245820859576536,0.020734834019094706,0.024427292053587735,9.180000000001965e-05,4.094,0.8944271909999159,4.186,mariadb connection MEMORY_USED,True,False,0,,
mariadb,scale_free,left_recursion,10000,ok,,5,205.61457770837006,205.73312074993737,0.3225010703690642,205.2394283330068,205.97858854196966,0.5605302,36.0958,1.1734884745918908,36.187599999999996,mariadb connection MEMORY_USED,True,False,0,,
mariadb,scale_free,left_recursion,20000,timeout,timeout,0,,,,,,,,,,,,False,0,,
mariadb,scale_free,left_recursion,30000,skipped,timeout,0,,,,,,,,,,,,False,0,,
mariadb,scale_free,left_recursion,40000,skipped,timeout,0,,,,,,,,,,,,False,0,,
mariadb,scale_free,left_recursion,50000,skipped,timeout,0,,,,,,,,,,,,False,0,,
mariadb,scale_free,left_recursion,60000,skipped,timeout,0,,,,,,,,,,,,False,0,,
mariadb,scale_free,left_recursion,70000,skipped,timeout,0,,,,,,,,,,,,False,0,,
mariadb,scale_free,left_recursion,80000,skipped,timeout,0,,,,,,,,,,,,False,0,,
mariadb,scale_free,left_recursion,90000,skipped,timeout,0,,,,,,,,,,,,False,0,,
mariadb,scale_free,right_recursion,10000,ok,,5,110.4153452501865,110.09189883398358,0.6571960483297852,109.88465287501458,111.48876537499018,0.2332148,35.6958,0.2790612835919748,35.7876,mariadb connection MEMORY_USED,True,False,0,,
mariadb,scale_free,right_recursion,20000,ok,,5,459.34524278342724,459.22953991708346,0.6153625765861832,458.84391970804427,460.39793462504167,0.9859434,35.222,0.0,35.314,mariadb connection MEMORY_USED,False,True,0,,
mariadb,scale_free,right_recursion,30000,timeout,timeout,0,,,,,,,,,,,,False,0,,
mariadb,scale_free,right_recursion,40000,skipped,timeout,0,,,,,,,,,,,,False,0,,
mariadb,scale_free,right_recursion,50000,skipped,timeout,0,,,,,,,,,,,,False,0,,
mariadb,scale_free,right_recursion,60000,skipped,timeout,0,,,,,,,,,,,,False,0,,
mariadb,scale_free,right_recursion,70000,skipped,timeout,0,,,,,,,,,,,,False,0,,
mariadb,scale_free,right_recursion,80000,skipped,timeout,0,,,,,,,,,,,,False,0,,
mariadb,scale_free,right_recursion,90000,skipped,timeout,0,,,,,,,,,,,,False,0,,
mariadb,w,double_recursion,100,ok,,5,0.020122924586758018,0.019509415957145393,0.0034594778051142546,0.016309999977238476,0.025740041048265994,8.519999999999639e-05,4.3804,3.898650638361945,4.4724,mariadb connection MEMORY_USED,True,False,0,,
mariadb,w,double_recursion,200,ok,,5,0.020347191579639913,0.02026116708293557,0.0011188387496471896,0.018826665938831866,0.021634874981828034,7.940000000000724e-05,7.227,0.0,7.319,mariadb connection MEMORY_USED,True,False,0,,
mariadb,w,double_recursion,300,ok,,5,0.022249349975027144,0.022622624994255602,0.0012154742091210968,0.020302249933592975,0.02358312497381121,9.220000000000894e-05,7.227,0.0,7.319,mariadb connection MEMORY_USED,True,False,0,,
mariadb,w,double_recursion,400,ok,,5,0.022919083223678173,0.02244062500540167,0.0017867785146151991,0.02062895894050598,0.02477916597854346,0.00010959999999999858,7.227,0.0,7.319,mariadb connection MEMORY_USED,True,False,0,,
mariadb,w,double_recursion,500,ok,,5,0.0235383918043226,0.02420349989552051,0.0027287116144747024,0.019673500093631446,0.026871041976846755,6.319999999999659e-05,7.227,0.0,7.319,mariadb connection MEMORY_USED,True,False,0,,
mariadb,w,double_recursion,600,ok,,5,0.024718666612170637,0.02426916698459536,0.002472395312848262,0.02256350009702146,0.028634665999561548,8.900000000000574e-05,7.227,0.0,7.319,mariadb connection MEMORY_USED,True,False,0,,
mariadb,w,double_recursion,700,ok,,5,0.025706924800761043,0.026271708076819777,0.0020638861489171607,0.023232750012539327,0.028521333006210625,8.980000000000655e-05,6.527,1.565247584249853,6.619,mariadb connection MEMORY_USED,True,False,0,,
mariadb,w,double_recursion,800,ok,,5,0.024550208612345158,0.024886333965696394,0.0016115051093885,0.022152792080305517,0.026386333047412336,6.39999999999974e-05,6.127000000000001,1.5968719422671314,6.219,mariadb connection MEMORY_USED,True,False,0,,
mariadb,w,double_recursion,900,ok,,5,0.026067458605393768,0.025542958988808095,0.0014361464276415072,0.024428625009022653,0.027660874999128282,8.779999999998233e-05,7.227,0.0,7.319,mariadb connection MEMORY_USED,True,False,0,,
mariadb,w,double_recursion,1000,ok,,5,0.02686547478660941,0.02746729098726064,0.0015121349113869542,0.02510312490630895,0.028465582989156246,8.260000000001044e-05,6.9270000000000005,0.6708203932499369,7.019,mariadb connection MEMORY_USED,True,False,0,,
mariadb,w,left_recursion,100,ok,,5,0.02042197457049042,0.02095679088961333,0.0016426139310392793,0.017791167018003762,0.021966665983200073,8.139999999997593e-05,3.695,0.0,3.786,mariadb connection MEMORY_USED,True,False,0,,
mariadb,w,left_recursion,200,ok,,5,0.020339933200739325,0.020786082954145968,0.0009363851460029278,0.019159083953127265,0.02126995800063014,7.740000000000524e-05,3.695,0.0,3.786,mariadb connection MEMORY_USED,True,False,0,,
mariadb,w,left_recursion,300,ok,,5,0.022138299769721925,0.021915083983913064,0.0012067833438109622,0.02070320793427527,0.023781457915902138,6.939999999999724e-05,3.695,0.0,3.786,mariadb connection MEMORY_USED,True,False,0,,
mariadb,w,left_recursion,400,ok,,5,0.021941841393709183,0.021858165971934795,0.0011685895273398194,0.02037108293734491,0.023561208974570036,9.280000000000399e-05,3.695,0.0,3.786,mariadb connection MEMORY_USED,True,False,0,,
mariadb,w,left_recursion,500,ok,,5,0.023918958171270786,0.023747875005938113,0.0011985245858026137,0.02224870794452727,0.02545566693879664,8.880000000001109e-05,3.695,0.0,3.786,mariadb connection MEMORY_USED,True,False,0,,
mariadb,w,left_recursion,600,ok,,5,0.025117099820636212,0.026334208087064326,0.00273031669725525,0.020798458019271493,0.027603750000707805,7.779999999999455e-05,3.695,0.0,3.786,mariadb connection MEMORY_USED,True,False,0,,
mariadb,w,left_recursion,700,ok,,5,0.025388400023803114,0.02492966700810939,0.0018561473623501835,0.023169583990238607,0.027590041048824787,7.780000000000565e-05,3.695,0.0,3.786,mariadb connection MEMORY_USED,True,False,0,,
mariadb,w,left_recursion,800,ok,,5,0.025497691798955203,0.025700333062559366,0.0014307437340677486,0.023327333969064057,0.02704037493094802,7.80000000000003e-05,3.4949999999999997,0.27386127875258304,3.586,mariadb connection MEMORY_USED,True,False,0,,
mariadb,w,left_recursion,900,ok,,5,0.025884874793700875,0.026265916996635497,0.002437596150121934,0.02298141596838832,0.029064625035971403,6.260000000001265e-05,3.695,0.0,3.786,mariadb connection MEMORY_USED,True,False,0,,
mariadb,w,left_recursion,1000,ok,,5,0.02846862522419542,0.02793075004592538,0.0017150873893670795,0.027347209048457444,0.031479125027544796,6.599999999997718e-05,3.695,0.0,3.786,mariadb connection MEMORY_USED,True,False,0,,
mariadb,w,right_recursion,100,ok,,5,0.02031520861200988,0.020558667019940913,0.0009358337248688303,0.019135416951030493,0.021590125048533082,9.499999999998954e-05,3.695,0.0,3.786,mariadb connection MEMORY_USED,True,False,0,,
mariadb,w,right_recursion,200,ok,,5,0.02039932515472174,0.02044074994046241,0.0019236396161847306,0.01748687494546175,0.022847458953037858,6.23999999999958e-05,3.695,0.0,3.786,mariadb connection MEMORY_USED,True,False,0,,
mariadb,w,right_recursion,300,ok,,5,0.021927617001347245,0.021700666984543204,0.001977977957761734,0.01951520796865225,0.024735209066420794,6.99999999999923e-05,3.695,0.0,3.786,mariadb connection MEMORY_USED,True,False,0,,
mariadb,w,right_recursion,400,ok,,5,0.022997133410535754,0.02305937500204891,0.0005806855624032819,0.0221411669626832,0.023671334027312696,7.479999999999709e-05,3.5949999999999998,0.22360679774997896,3.686,mariadb connection MEMORY_USED,True,False,0,,
mariadb,w,right_recursion,500,ok,,5,0.022451533214189114,0.021279332926496863,0.0019586529354234665,0.021157917100936174,0.025726040941663086,6.139999999998924e-05,3.5949999999999998,0.22360679774997896,3.686,mariadb connection MEMORY_USED,True,False,0,,
mariadb,w,right_recursion,600,ok,,5,0.025358858192339538,0.02571058296598494,0.0019892846649938747,0.022589124972000718,0.027609292068518698,7.880000000000109e-05,3.695,0.0,3.786,mariadb connection MEMORY_USED,True,False,0,,
mariadb,w,right_recursion,700,ok,,5,0.024966508406214415,0.02514849998988211,0.0010593131809261155,0.02317470801062882,0.025957625010050833,7.75999999999999e-05,3.695,0.0,3.786,mariadb connection MEMORY_USED,True,False,0,,
mariadb,w,right_recursion,800,ok,,5,0.026644891407340766,0.02627366699744016,0.0028151820433789175,0.022860958008095622,0.030692750005982816,8.380000000001165e-05,3.5949999999999998,0.22360679774997896,3.686,mariadb connection MEMORY_USED,True,False,0,,
mariadb,w,right_recursion,900,ok,,5,0.02777365818619728,0.0277921250090003,0.0011473858235619462,0.026131874998100102,0.029350374941714108,7.580000000001474e-05,3.5949999999999998,0.22360679774997896,3.686,mariadb connection MEMORY_USED,True,False,0,,
mariadb,w,right_recursion,1000,ok,,5,0.028563966578803956,0.02768933295737952,0.0013437165666834738,0.027578665991313756,0.030523541965521872,8.579999999999143e-05,3.5949999999999998,0.22360679774997896,3.686,mariadb connection MEMORY_USED,True,False,0,,
mariadb,x,double_recursion,100,ok,,5,0.021382708195596935,0.021566916024312377,0.0006347988910824486,0.020611666957847774,0.021958875004202127,7.919999999999039e-05,7.227,0.0,7.319,mariadb connection MEMORY_USED,True,False,0,,
mariadb,x,double_recursion,200,ok,,5,0.020954716368578374,0.021617332939058542,0.0011750994391990775,0.01941791595891118,0.022001625038683414,8.420000000000094e-05,7.227,0.0,7.319,mariadb connection MEMORY_USED,True,False,0,,
mariadb,x,double_recursion,300,ok,,5,0.023035283759236337,0.02342333400156349,0.0007692594586369323,0.021763750002719462,0.02365883393213153,6.84000000000018e-05,7.227,0.0,7.319,mariadb connection MEMORY_USED,True,False,0,,
mariadb,x,double_recursion,400,ok,,5,0.02342413319274783,0.023536624968983233,0.0011407334036257753,0.021694457973353565,0.024868875043466687,8.059999999999734e-05,7.227,0.0,7.319,mariadb connection MEMORY_USED,True,False,0,,
mariadb,x,double_recursion,500,ok,,5,0.023597249994054437,0.023473250097595155,0.0008007524498271811,0.022791249910369515,0.024846833082847297,7.540000000000324e-05,7.227,0.0,7.319,mariadb connection MEMORY_USED,True,False,0,,
mariadb,x,double_recursion,600,ok,,5,0.024947933200746775,0.024732750025577843,0.0019082369594178373,0.022242333041504025,0.026930749998427927,7.119999999999349e-05,7.227,0.0,7.319,mariadb connection MEMORY_USED,True,False,0,,
mariadb,x,double_recursion,700,ok,,5,0.025187341612763703,0.024564958061091602,0.001366586151854221,0.02407812501769513,0.02740558295045048,6.920000000001369e-05,7.227,0.0,7.319,mariadb connection MEMORY_USED,True,False,0,,
mariadb,x,double_recursion,800,ok,,5,0.028571299812756478,0.02862129104323685,0.0007481752626360655,0.027861832990311086,0.029745667008683085,7.820000000000605e-05,6.4270000000000005,1.0954451150103321,6.519,mariadb connection MEMORY_USED,True,False,0,,
mariadb,x,double_recursion,900,ok,,5,0.028946116589941083,0.029701792052946985,0.0032690467560268317,0.025452040950767696,0.032021749997511506,8.40000000000063e-05,6.827,0.8944271909999159,6.919,mariadb connection MEMORY_USED,True,False,0,,
mariadb,x,double_recursion,1000,ok,,5,0.02913978339638561,0.029396167024970055,0.0018015536017711477,0.027153291972354054,0.03092308295890689,0.00010339999999998683,7.227,0.0,7.319,mariadb connection MEMORY_USED,True,False,0,,
mariadb,x,left_recursion,100,ok,,5,0.02111363336443901,0.020373999956063926,0.003054742299463209,0.018775791977532208,0.026359790936112404,9.11999999999913e-05,3.695,0.0,3.786,mariadb connection MEMORY_USED,True,False,0,,
mariadb,x,left_recursion,200,ok,,5,0.021710675000213085,0.020958249922841787,0.0016632575730820627,0.019891750067472458,0.023998541990295053,8.35999999999948e-05,3.695,0.0,3.786,mariadb connection MEMORY_USED,True,False,0,,
mariadb,x,left_recursion,300,ok,,5,0.02092990798410028,0.020680790999904275,0.0024439815620445325,0.01821529190056026,0.024839083082042634,9.719999999998618e-05,3.695,0.0,3.786,mariadb connection MEMORY_USED,True,False,0,,
mariadb,x,left_recursion,400,ok,,5,0.02162504179868847,0.022305999998934567,0.001323815275696464,0.019949625013396144,0.02278258395381272,8.839999999999959e-05,3.695,0.0,3.786,mariadb connection MEMORY_USED,True,False,0,,
mariadb,x,left_recursion,500,ok,,5,0.02325165024958551,0.023425917024724185,0.0012549973969536079,0.021750375046394765,0.025066375033929944,9.180000000001965e-05,3.995,0.6708203932499371,4.086,mariadb connection MEMORY_USED,True,False,0,,
mariadb,x,left_recursion,600,ok,,5,0.024645708198659123,0.025024208007380366,0.0022660936290968096,0.02085183304734528,0.026900458033196628,7.480000000000819e-05,3.695,0.0,3.786,mariadb connection MEMORY_USED,True,False,0,,
mariadb,x,left_recursion,700,ok,,5,0.025917300209403037,0.02455062500666827,0.0023803853297348324,0.024516667006537318,0.03003108303528279,9.139999999999704e-05,3.995,0.6708203932499371,4.086,mariadb connection MEMORY_USED,True,False,0,,
mariadb,x,left_recursion,800,ok,,5,0.024896200210787357,0.02467079204507172,0.0016410628921750704,0.02341862500179559,0.0275627919472754,8.040000000000269e-05,3.995,0.6708203932499371,4.086,mariadb connection MEMORY_USED,True,False,0,,
mariadb,x,left_recursion,900,ok,,5,0.0259369166335091,0.026703790994361043,0.001526445760074194,0.02357483410742134,0.02729012502823025,7.719999999999949e-05,3.695,0.0,3.786,mariadb connection MEMORY_USED,True,False,0,,
mariadb,x,left_recursion,1000,ok,,5,0.02736171642318368,0.026934291003271937,0.0012851600594100553,0.02581862499937415,0.02887337503489107,8.979999999997323e-05,3.695,0.0,3.786,mariadb connection MEMORY_USED,True,False,0,,
mariadb,x,right_recursion,100,ok,,5,0.020777050196193157,0.020098624983802438,0.001262448866247545,0.01991358306258917,0.022920541930943727,7.719999999999949e-05,3.695,0.0,3.786,mariadb connection MEMORY_USED,True,False,0,,
mariadb,x,right_recursion,200,ok,,5,0.019377866620197894,0.01990379102062434,0.000845708126008998,0.018396124942228198,0.020102999988012016,8.24000000000269e-05,3.695,0.0,3.786,mariadb connection MEMORY_USED,True,False,0,,
mariadb,x,right_recursion,300,ok,,5,0.020803599804639816,0.020089040976017714,0.0011474969664831006,0.01982691593002528,0.022100375033915043,8.340000000000014e-05,3.695,0.0,3.786,mariadb connection MEMORY_USED,True,False,0,,
mariadb,x,right_recursion,400,ok,,5,0.022830141778104007,0.0220701249781996,0.0020748447073630177,0.020890582934953272,0.025911667034961283,7.59999999999983e-05,3.695,0.0,3.786,mariadb connection MEMORY_USED,True,False,0,,
mariadb,x,right_recursion,500,ok,,5,0.02419609180651605,0.024412291939370334,0.0038322570589258273,0.020434250007383525,0.029888875083997846,0.00010200000000001319,3.695,0.0,3.786,mariadb connection MEMORY_USED,True,False,0,,
mariadb,x,right_recursion,600,ok,,5,0.023425800004042686,0.02337850001640618,0.0012625107237238212,0.021456458023749292,0.024587125051766634,6.999999999998118e-05,3.695,0.0,3.786,mariadb connection MEMORY_USED,True,False,0,,
mariadb,x,right_recursion,700,ok,,5,0.026829833397641778,0.026983416988514364,0.003874269449937186,0.02260575001128018,0.03290695894975215,9.379999999999943e-05,3.995,0.6708203932499371,4.086,mariadb connection MEMORY_USED,True,False,0,,
mariadb,x,right_recursion,800,ok,,5,0.026721175014972686,0.0269603329943493,0.0014475164139183061,0.024382999981753528,0.027956708101555705,7.00000000000034e-05,3.995,0.6708203932499371,4.086,mariadb connection MEMORY_USED,True,False,0,,
mariadb,x,right_recursion,900,ok,,5,0.02674869999755174,0.02650908299256116,0.0015691809828590603,0.02485549997072667,0.02861145802307874,7.919999999999039e-05,4.295,0.8215838362577494,4.386,mariadb connection MEMORY_USED,True,False,0,,
mariadb,x,right_recursion,1000,ok,,5,0.028415075223892926,0.028949542087502778,0.001049099831611352,0.026813958073034883,0.029397499980404973,7.340000000000124e-05,3.695,0.0,3.786,mariadb connection MEMORY_USED,True,False,0,,
mariadb,y,double_recursion,100,ok,,5,0.02201923301909119,0.022897916031070054,0.0020493624889331248,0.019122750032693148,0.02428937505465001,7.539999999999214e-05,5.8196,3.147042071533204,5.9116,mariadb connection MEMORY_USED,True,False,0,,
mariadb,y,double_recursion,200,ok,,5,0.023720308230258523,0.023558500106446445,0.0011248913169967633,0.02248216699808836,0.025552375009283423,7.780000000000565e-05,6.827,0.8944271909999159,6.919,mariadb connection MEMORY_USED,True,False,0,,
mariadb,y,double_recursion,300,ok,,5,0.026214608224108815,0.026587957981973886,0.000740562110472347,0.025310708093456924,0.026937250047922134,7.360000000000699e-05,5.627000000000001,0.8944271909999159,5.719,mariadb connection MEMORY_USED,True,False,0,,
mariadb,y,double_recursion,400,ok,,5,0.029607283393852414,0.029544958961196244,0.0021467203295592813,0.027602417045272887,0.03309649997390807,7.19999999999943e-05,5.627000000000001,0.8944271909999159,5.719,mariadb connection MEMORY_USED,True,False,0,,
mariadb,y,double_recursion,500,ok,,5,0.03348236638121307,0.033592207939364016,0.0005291168171327507,0.03280108293984085,0.03402137500233948,0.0001116000000000228,7.227,0.0,7.319,mariadb connection MEMORY_USED,True,False,0,,
mariadb,y,double_recursion,600,ok,,5,0.034739850019104776,0.034475125023163855,0.0009601689172955377,0.033478208002634346,0.03586362500209361,0.00013279999999998848,7.227,0.0,7.319,mariadb connection MEMORY_USED,True,False,0,,
mariadb,y,double_recursion,700,ok,,5,0.03545596683397889,0.03573733405210078,0.001189968430154385,0.03404150006826967,0.036581667023710907,0.00010999999999998789,7.227,0.0,7.319,mariadb connection MEMORY_USED,True,False,0,,
mariadb,y,double_recursion,800,ok,,5,0.04202125822193921,0.04259674996137619,0.0019778381243766583,0.039402458001859486,0.04409025004133582,0.0001252000000000031,7.227,0.0,7.319,mariadb connection MEMORY_USED,True,False,0,,
mariadb,y,double_recursion,900,ok,,5,0.04477503339294344,0.0435694579500705,0.0029826596727479944,0.04243804106954485,0.0498303750064224,0.0001671999999999896,7.227,0.0,7.319,mariadb connection MEMORY_USED,True,False,0,,
mariadb,y,double_recursion,1000,ok,,5,0.04602165019605309,0.045451083104126155,0.001108604081159991,0.045132874976843596,0.04761404206510633,0.00013940000000001174,7.227,0.0,7.319,mariadb connection MEMORY_USED,True,False,0,,
mariadb,y,left_recursion,100,ok,,5,0.01902498337440193,0.019541457993909717,0.001962465814968686,0.0155873749172315,0.020507666980847716,6.540000000000434e-05,2.956,1.6524542353723446,3.0472,mariadb connection MEMORY_USED,True,False,0,,
mariadb,y,left_recursion,200,ok,,5,0.021622066595591606,0.020991790923289955,0.002151904118917744,0.01928445789963007,0.02511050004977733,7.279999999999509e-05,3.695,0.0,3.786,mariadb connection MEMORY_USED,True,False,0,,
mariadb,y,left_recursion,300,ok,,5,0.021018041600473224,0.020623582997359335,0.0010168647286644603,0.02007629198487848,0.022435000049881637,8.91999999999893e-05,3.695,0.0,3.786,mariadb connection MEMORY_USED,True,False,0,,
mariadb,y,left_recursion,400,ok,,5,0.0220724584069103,0.02187916706316173,0.0021776862081958176,0.019154874957166612,0.02465262496843934,9.279999999999289e-05,2.9878,1.581347273687851,3.079,mariadb connection MEMORY_USED,True,False,0,,
mariadb,y,left_recursion,500,ok,,5,0.024799508205614985,0.024810750037431717,0.000732288285915018,0.024028957937844098,0.025942458072677255,7.519999999999749e-05,3.695,0.0,3.786,mariadb connection MEMORY_USED,True,False,0,,
mariadb,y,left_recursion,600,ok,,5,0.025169258192181587,0.0255339159630239,0.00214323191716346,0.0229365419363603,0.028102208045311272,6.960000000001409e-05,3.895,0.7582875444051552,3.9859999999999998,mariadb connection MEMORY_USED,True,False,0,,
mariadb,y,left_recursion,700,ok,,5,0.026949591818265617,0.02749700006097555,0.004170044344272115,0.022460000007413328,0.03262508299667388,8.159999999998168e-05,3.995,0.6708203932499371,4.086,mariadb connection MEMORY_USED,True,False,0,,
mariadb,y,left_recursion,800,ok,,5,0.026836425019428133,0.026991917053237557,0.0008322677043159477,0.025565166026353836,0.027633083052933216,7.520000000000859e-05,3.4949999999999997,0.27386127875258304,3.586,mariadb connection MEMORY_USED,True,False,0,,
mariadb,y,left_recursion,900,ok,,5,0.02850091678556055,0.028041542042046785,0.001545600379345977,0.026630374952219427,0.030823000008240342,8.039999999999159e-05,3.995,0.6708203932499371,4.086,mariadb connection MEMORY_USED,True,False,0,,
mariadb,y,left_recursion,1000,ok,,5,0.02970170001499355,0.030771124991588295,0.0019432551033492641,0.02741604100447148,0.031568209058605134,0.00012300000000000643,4.595,0.8215838362577494,4.686,mariadb connection MEMORY_USED,True,False,0,,
mariadb,y,right_recursion,100,ok,,5,0.022776299784891308,0.022003207937814295,0.0021892364343240275,0.020690875011496246,0.025550250080414116,7.59999999999983e-05,3.695,0.0,3.786,mariadb connection MEMORY_USED,True,False,0,,
mariadb,y,right_recursion,200,ok,,5,0.019655925245024262,0.01987225003540516,0.0008656738047411675,0.018280375050380826,0.020425916998647153,8.019999999999693e-05,3.995,0.6708203932499371,4.086,mariadb connection MEMORY_USED,True,False,0,,
mariadb,y,right_recursion,300,ok,,5,0.02022340821567923,0.019791165948845446,0.002313535289256678,0.01794625003822148,0.023594291997142136,7.120000000000459e-05,3.695,0.0,3.786,mariadb connection MEMORY_USED,True,False,0,,
mariadb,y,right_recursion,400,ok,,5,0.023204900207929313,0.022952375002205372,0.001814941962933588,0.021403291961178184,0.02586545899976045,7.019999999999805e-05,3.695,0.0,3.786,mariadb connection MEMORY_USED,True,False,0,,
mariadb,y,right_recursion,500,ok,,5,0.025347033189609645,0.02553083293605596,0.0013165519425463496,0.02335491601843387,0.026873916969634593,6.80000000000125e-05,3.995,0.6708203932499371,4.086,mariadb connection MEMORY_USED,True,False,0,,
mariadb,y,right_recursion,600,ok,,5,0.024711674987338485,0.024453958962112665,0.00197850993961674,0.022712624981068075,0.027055750018917024,7.880000000000109e-05,4.295,0.8215838362577494,4.386,mariadb connection MEMORY_USED,True,False,0,,
mariadb,y,right_recursion,700,ok,,5,0.025196691835299136,0.02642979205120355,0.0020335683581439797,0.02209941705223173,0.026744832983240485,8.299999999999974e-05,3.5949999999999998,0.22360679774997896,3.686,mariadb connection MEMORY_USED,True,False,0,,
mariadb,y,right_recursion,800,ok,,5,0.026103699998930096,0.026585291023366153,0.0032468628207453078,0.021743916906416416,0.029958708095364273,8.819999999998274e-05,3.995,0.6708203932499371,4.086,mariadb connection MEMORY_USED,True,False,0,,
mariadb,y,right_recursion,900,ok,,5,0.02795905820094049,0.028706290991976857,0.0027339513304490827,0.02483362494967878,0.030971292057074606,9.580000000000143e-05,4.295,0.8215838362577494,4.386,mariadb connection MEMORY_USED,True,False,0,,
mariadb,y,right_recursion,1000,ok,,5,0.03004237504210323,0.029625834082253277,0.0012816099693110422,0.028936250018887222,0.03187329100910574,7.839999999997849e-05,4.595,0.8215838362577494,4.686,mariadb connection MEMORY_USED,True,False,0,,
mariadb_tuned,binary_tree,left_recursion,100,ok,,5,0.01865759161300957,0.018852125038392842,0.001632724422557532,0.016647292068228126,0.021002541994675994,9.660000000001334e-05,896.195,0.0,896.286,mariadb connection MEMORY_USED,True,False,0,,
mariadb_tuned,binary_tree,left_recursion,200,ok,,5,0.02049231659621,0.020907375030219555,0.0018546776692458713,0.017635416937991977,0.022094042040407658,8.499999999999064e-05,896.195,0.0,896.286,mariadb connection MEMORY_USED,True,False,0,,
mariadb_tuned,binary_tree,left_recursion,300,ok,,5,0.01977540843654424,0.019742332980968058,0.0009257014674278955,0.018523208098486066,0.021061458974145353,9.040000000001269e-05,896.195,0.0,896.286,mariadb connection MEMORY_USED,True,False,0,,
mariadb_tuned,binary_tree,left_recursion,400,ok,,5,0.019743849989026785,0.019364207983016968,0.0012136213479470477,0.01864958298392594,0.021829625009559095,8.879999999998889e-05,870.595,57.243340223994615,870.6859999999999,mariadb connection MEMORY_USED,True,False,0,,
mariadb_tuned,binary_tree,left_recursion,500,ok,,5,0.020609500003047287,0.019883124972693622,0.002341005175978753,0.018237708020024,0.023975707939825952,8.219999999998784e-05,896.195,0.0,896.286,mariadb connection MEMORY_USED,True,False,0,,
mariadb_tuned,binary_tree,left_recursion,600,ok,,5,0.022448558220639826,0.021969167049974203,0.0016618750758131578,0.02089779102243483,0.025085250032134354,6.779999999999564e-05,870.595,57.243340223994615,870.6859999999999,mariadb connection MEMORY_USED,True,False,0,,
mariadb_tuned,binary_tree,left_recursion,700,ok,,5,0.022559158224612474,0.022474583005532622,0.0016487824343353174,0.020241749938577414,0.024711625068448484,7.639999999999869e-05,972.995,171.7300206719838,973.086,mariadb connection MEMORY_USED,True,False,0,,
mariadb_tuned,binary_tree,left_recursion,800,ok,,5,0.021888266783207655,0.02238195901736617,0.0012884356943991232,0.019842042005620897,0.02293420792557299,6.559999999999899e-05,896.195,0.0,896.286,mariadb connection MEMORY_USED,True,False,0,,
mariadb_tuned,binary_tree,left_recursion,900,ok,,5,0.023149874969385566,0.02345412503927946,0.000739329949722677,0.021977582946419716,0.023856749990954995,7.060000000000955e-05,716.9878,400.71948125740033,717.079,mariadb connection MEMORY_USED,True,False,0,,
mariadb_tuned,binary_tree,left_recursion,1000,ok,,5,0.02341290037147701,0.022820708923973143,0.0029884565762427944,0.01996770896948874,0.027921541943214834,6.35999999999748e-05,896.195,0.0,896.286,mariadb connection MEMORY_USED,True,False,0,,
mariadb_tuned,binary_tree,right_recursion,100,ok,,5,0.021407966781407595,0.020791374961845577,0.002580725400943344,0.019527958938851953,0.02589625003747642,8.020000000001915e-05,896.195,0.0,896.286,mariadb connection MEMORY_USED,True,False,0,,
mariadb_tuned,binary_tree,right_recursion,200,ok,,5,0.02131495859939605,0.021899333922192454,0.0013334904827036784,0.019796791020780802,0.022835542098619044,7.039999999999269e-05,716.9552,400.79014100548926,717.0472,mariadb connection MEMORY_USED,True,False,0,,
mariadb_tuned,binary_tree,right_recursion,300,ok,,5,0.019952408410608767,0.019531541969627142,0.0009039806334392853,0.019200666924007237,0.02132425003219396,7.539999999999214e-05,896.194,0.0,896.286,mariadb connection MEMORY_USED,True,False,0,,
mariadb_tuned,binary_tree,right_recursion,400,ok,,5,0.02193298302590847,0.021037208032794297,0.0024050003594712458,0.019737750058993697,0.026004958082921803,6.899999999997464e-05,716.9936,400.7042759951533,717.0856,mariadb connection MEMORY_USED,True,False,0,,
mariadb_tuned,binary_tree,right_recursion,500,ok,,5,0.02128524158615619,0.021476791938766837,0.0008620645604218987,0.019915500073693693,0.021999499993398786,7.980000000000765e-05,998.5939999999999,228.97336089597846,998.6859999999999,mariadb connection MEMORY_USED,True,False,0,,
mariadb_tuned,binary_tree,right_recursion,600,ok,,5,0.023694699816405772,0.024019000004045665,0.0008858182998022354,0.02252104098442942,0.024568374967202544,8.340000000001124e-05,1100.994,280.43394944264503,1101.086,mariadb connection MEMORY_USED,True,False,0,,
mariadb_tuned,binary_tree,right_recursion,700,ok,,5,0.021714091370813548,0.021469582919962704,0.0011240349015411415,0.020431707962416112,0.022957958048209548,8.440000000000669e-05,896.194,0.0,896.286,mariadb connection MEMORY_USED,True,False,0,,
mariadb_tuned,binary_tree,right_recursion,800,ok,,5,0.02194692478515208,0.02204208297189325,0.0010410488743364805,0.020667957956902683,0.023051625001244247,7.920000000001259e-05,896.194,0.0,896.286,mariadb connection MEMORY_USED,True,False,0,,
mariadb_tuned,binary_tree,right_recursion,900,ok,,5,0.022451558616012335,0.0228895420441404,0.0012173194539154763,0.020379166933707893,0.023483208031393588,8.220000000001005e-05,998.5939999999999,228.97336089597846,998.6859999999999,mariadb connection MEMORY_USED,True,False,0,,
mariadb_tuned,binary_tree,right_recursion,1000,ok,,5,0.02371629180852324,0.024061957956291735,0.0028245889178267316,0.02052079199347645,0.026715083047747612,7.319999999999549e-05,716.987,400.7190340438048,717.079,mariadb connection MEMORY_USED,True,False,0,,
mariadb_tuned,complete,left_recursion,100,ok,,5,0.15194835839793086,0.1500374999595806,0.00442378997216094,0.1485924170119688,0.15955562493763864,0.000374999999999992,896.195,0.0,896.286,mariadb connection MEMORY_USED,True,False,0,,
mariadb_tuned,complete,left_recursion,200,ok,,5,1.0330831500468776,1.029741832986474,0.016003910628764738,1.0183348330901936,1.054309375002049,0.0024195999999999996,896.195,0.0,896.286,mariadb connection MEMORY_USED,True,False,0,,
mariadb_tuned,complete,left_recursion,300,ok,,5,3.61794811678119,3.6115616669412702,0.009735747361427896,3.6104946669656783,3.6306397089501843,0.00802520000000001,972.995,171.7300206719838,973.086,mariadb connection MEMORY_USED,True,False,0,,
mariadb_tuned,complete,left_recursion,400,ok,,5,9.385556200216524,9.379689250024967,0.017646536550395053,9.372569667058997,9.416614125017077,0.019842599999999988,896.195,0.0,896.286,mariadb connection MEMORY_USED,True,False,0,,
mariadb_tuned,complete,left_recursion,500,ok,,5,19.65881803317461,19.668624665937386,0.02262869399944102,19.630448624957353,19.6834345839452,0.041288599999999995,1126.595,210.32546208198372,1126.686,mariadb connection MEMORY_USED,True,False,0,,
mariadb_tuned,complete,left_recursion,600,ok,,5,32.7239468913991,32.72540529095568,0.0168370951426403,32.702587291947566,32.74757300002966,0.0698092,1203.395,171.7300206719838,1203.486,mariadb connection MEMORY_USED,True,False,0,,
mariadb_tuned,complete,left_recursion,700,ok,,5,51.95052422459703,51.94065795803908,0.029761570535769208,51.920596458017826,51.9935829580063,0.1113742,1203.395,171.7300206719838,1203.486,mariadb connection MEMORY_USED,True,False,0,,
mariadb_tuned,complete,left_recursion,800,ok,,5,73.91680309178773,73.90961516706739,0.02559756427761925,73.89349579089321,73.9517360420432,0.1589898,1280.195,0.0,1280.286,mariadb connection MEMORY_USED,True,False,0,,
mariadb_tuned,complete,left_recursion,900,ok,,5,103.43233058354818,103.43050437490456,0.10198767791925774,103.28400133398827,103.57150612492114,0.21340959999999998,1280.195,0.0,1280.286,mariadb connection MEMORY_USED,True,False,0,,
mariadb_tuned,complete,left_recursion,1000,ok,,5,139.0249852084089,139.0931320420932,0.14213295066683002,138.83754412492272,139.1786617920734,0.2862202,1280.195,0.0,1280.286,mariadb connection MEMORY_USED,True,False,0,,
mariadb_tuned,complete,right_recursion,100,ok,,5,0.15942818359471858,0.1584365420276299,0.002600688706718184,0.1565298750065267,0.16339395893737674,0.0003867999999999872,921.7950000000001,210.32546208198374,921.886,mariadb connection MEMORY_USED,True,False,0,,
mariadb_tuned,complete,right_recursion,200,ok,,5,1.1355720666237175,1.1354029999347404,0.0026465672103942206,1.1323162920307368,1.1395421250490472,0.002575799999999995,896.195,0.0,896.286,mariadb connection MEMORY_USED,True,False,0,,
mariadb_tuned,complete,right_recursion,300,ok,,5,4.06594531678129,4.0611563340062276,0.01552324001192234,4.053486791905016,4.091708874912001,0.009239200000000003,972.995,171.7300206719838,973.086,mariadb connection MEMORY_USED,True,False,0,,
mariadb_tuned,complete,right_recursion,400,ok,,5,10.388397799781524,10.392969957902096,0.020346061069872946,10.357668375014327,10.406551333027892,0.0251996,1049.795,210.32546208198372,1049.886,mariadb connection MEMORY_USED,True,False,0,,
mariadb_tuned,complete,right_recursion,500,ok,,5,21.564627366606146,21.57553133298643,0.026491957980199057,21.519507040968165,21.587647500098683,0.05855120000000001,1126.595,210.32546208198372,1126.686,mariadb connection MEMORY_USED,True,False,0,,
mariadb_tuned,complete,right_recursion,600,ok,,5,36.69451401659753,36.703564708004706,0.027217345187034392,36.65314633294474,36.72380312497262,0.11486199999999999,1203.395,171.7300206719838,1203.486,mariadb connection MEMORY_USED,True,False,0,,
mariadb_tuned,complete,right_recursion,700,ok,,5,61.43558983358089,61.42648854199797,0.04409448210825426,61.39078987494577,61.48458525002934,0.219144,1280.195,0.0,1280.286,mariadb connection MEMORY_USED,True,False,0,,
mariadb_tuned,complete,right_recursion,800,ok,,5,99.45011000002269,99.36748599994462,0.1800421500034315,99.25650937505998,99.71243370801676,0.37835359999999996,1280.195,0.0,1280.286,mariadb connection MEMORY_USED,True,False,0,,
mariadb_tuned,complete,right_recursion,900,ok,,5,163.48606318321544,163.42723412497435,0.10551487978881283,163.38357416598592,163.61565475002863,0.6470684,1280.195,0.0,1280.286,mariadb connection MEMORY_USED,True,False,0,,
mariadb_tuned,complete,right_recursion,1000,ok,,5,253.18732282521668,252.97541924996767,0.40417667700751003,252.89275412505958,253.86042425001506,1.0145364000000001,1280.195,0.0,1280.286,mariadb connection MEMORY_USED,True,False,0,,
mariadb_tuned,cycle,left_recursion,100,ok,,5,0.031101383385248482,0.030944124911911786,0.0012420305060115073,0.029923458001576364,0.03298374998848885,0.00010020000000000584,1203.395,171.7300206719838,1203.486,mariadb connection MEMORY_USED,True,False,0,,
mariadb_tuned,cycle,left_recursion,200,ok,,5,0.060080450214445594,0.05986933398526162,0.0011354958757381001,0.0588335000211373,0.06194462499115616,0.00018980000000001773,1280.195,0.0,1280.286,mariadb connection MEMORY_USED,True,False,0,,
mariadb_tuned,cycle,left_recursion,300,ok,,5,0.10171691658906638,0.10197079100180417,0.0023991363716187684,0.09887566696852446,0.10484924993943423,0.00034859999999999893,1280.195,0.0,1280.286,mariadb connection MEMORY_USED,True,False,0,,
mariadb_tuned,cycle,left_recursion,400,ok,,5,0.16931795836426317,0.1689675839152187,0.0015413835968188369,0.16719524993095547,0.17084874992724508,0.0005675999999999904,1280.195,0.0,1280.286,mariadb connection MEMORY_USED,True,False,0,,
mariadb_tuned,cycle,left_recursion,500,ok,,5,0.25233361658174547,0.25288366607856005,0.0025341488663325005,0.24848983297124505,0.2549622500082478,0.0007959999999999856,1280.195,0.0,1280.286,mariadb connection MEMORY_USED,True,False,0,,
mariadb_tuned,cycle,left_recursion,600,ok,,5,0.36227839160710573,0.361781166982837,0.0045661171478475785,0.3569640410132706,0.36958537506870925,0.0011906000000000195,1280.195,0.0,1280.286,mariadb connection MEMORY_USED,True,False,0,,
mariadb_tuned,cycle,left_recursion,700,ok,,5,0.4844511083792895,0.48587887501344085,0.005432136481911023,0.47588549996726215,0.48980220791418105,0.001628800000000008,1280.195,0.0,1280.286,mariadb connection MEMORY_USED,True,False,0,,
mariadb_tuned,cycle,left_recursion,800,ok,,5,0.6386390582192689,0.6407789579825476,0.00853951505159023,0.6266205830033869,0.6488217089790851,0.002112399999999992,1280.195,0.0,1280.286,mariadb connection MEMORY_USED,True,False,0,,
mariadb_tuned,cycle,left_recursion,900,ok,,5,0.8182709581917151,0.8202770419884473,0.009239252452341301,0.8078271250706166,0.8279434579890221,0.002760399999999985,1280.195,0.0,1280.286,mariadb connection MEMORY_USED,True,False,0,,
mariadb_tuned,cycle,left_recursion,1000,ok,,5,1.0218137081945315,1.026899249991402,0.013630628151380499,0.9977804160444066,1.0308578750118613,0.0034847999999999767,1280.195,0.0,1280.286,mariadb connection MEMORY_USED,True,False,0,,
mariadb_tuned,cycle,right_recursion,100,ok,,5,0.031201833207160235,0.031186542008072138,0.0015555895370298043,0.02883783297147602,0.03303166595287621,0.0001332000000000111,1203.394,280.43394944264503,1203.486,mariadb connection MEMORY_USED,True,False,0,,
mariadb_tuned,cycle,right_recursion,200,ok,,5,0.0685134754050523,0.06601408391725272,0.004068975459505238,0.06523875007405877,0.07357020897325128,0.00020759999999997447,1408.194,0.0,1408.286,mariadb connection MEMORY_USED,True,False,0,,
mariadb_tuned,cycle,right_recursion,300,ok,,5,0.11829749981407076,0.11782908299937844,0.002340572521825082,0.11598016694188118,0.12198000005446374,0.00036640000000000007,1408.194,0.0,1408.286,mariadb connection MEMORY_USED,True,False,0,,
mariadb_tuned,cycle,right_recursion,400,ok,,5,0.19480951679870487,0.19589520909357816,0.0020972924787961405,0.19225895800627768,0.19703387503977865,0.0006108000000000114,1408.194,0.0,1408.286,mariadb connection MEMORY_USED,True,False,0,,
mariadb_tuned,cycle,right_recursion,500,ok,,5,0.2980154165765271,0.29700220795348287,0.003908827963934365,0.29307804198469967,0.3029442080296576,0.0008741999999999806,1408.194,0.0,1408.286,mariadb connection MEMORY_USED,True,False,0,,
mariadb_tuned,cycle,right_recursion,600,ok,,5,0.4212402253644541,0.4210459999740124,0.0010042797344337853,0.42013729200698435,0.4228785840095952,0.0013164000000000064,1408.194,0.0,1408.286,mariadb connection MEMORY_USED,True,False,0,,
mariadb_tuned,cycle,right_recursion,700,ok,,5,0.5698889334220439,0.5709239999996498,0.006980876926494681,0.5607277080416679,0.5769641250371933,0.0017936000000000063,1408.194,0.0,1408.286,mariadb connection MEMORY_USED,True,False,0,,
mariadb_tuned,cycle,right_recursion,800,ok,,5,0.7514327497687191,0.7487642080523074,0.009942449311288414,0.741725291009061,0.7628799999365583,0.002411399999999986,1408.194,0.0,1408.286,mariadb connection MEMORY_USED,True,False,0,,
mariadb_tuned,cycle,right_recursion,900,ok,,5,1.0042696418007835,1.008034916012548,0.015292783668452051,0.9776982920011505,1.0150446669431403,0.0033935999999999966,1408.194,0.0,1408.286,mariadb connection MEMORY_USED,True,False,0,,
mariadb_tuned,cycle,right_recursion,1000,ok,,5,1.2596414668019862,1.266902417060919,0.01714159022602122,1.2359166250098497,1.2768321669427678,0.004223999999999994,1408.194,0.0,1408.286,mariadb connection MEMORY_USED,True,False,0,,
mariadb_tuned,cycle_with_shortcuts,left_recursion,100,ok,,5,0.04128324156627059,0.041460457956418395,0.0018196824539385952,0.038232874940149486,0.04285445797722787,0.00010459999999998804,1280.195,0.0,1280.286,mariadb connection MEMORY_USED,True,False,0,,
mariadb_tuned,cycle_with_shortcuts,left_recursion,200,ok,,5,0.10459495859686285,0.10489987500477582,0.0021047499262801697,0.10242816701065749,0.10713166696950793,0.0003357999999999972,1280.195,0.0,1280.286,mariadb connection MEMORY_USED,True,False,0,,
mariadb_tuned,cycle_with_shortcuts,left_recursion,300,ok,,5,0.2023296331986785,0.20184174994938076,0.0015012537211549757,0.20045549992937595,0.20388395804911852,0.0006031999999999927,1280.195,0.0,1280.286,mariadb connection MEMORY_USED,True,False,0,,
mariadb_tuned,cycle_with_shortcuts,left_recursion,400,ok,,5,0.3439420582028106,0.34367233293596655,0.0023571620169382792,0.3407850411022082,0.3466900000348687,0.0009318000000000049,1280.195,0.0,1280.286,mariadb connection MEMORY_USED,True,False,0,,
mariadb_tuned,cycle_with_shortcuts,left_recursion,500,ok,,5,0.5378378497902304,0.5376861660042778,0.0013495487029552653,0.536593500059098,0.5397535419324413,0.0015481999999999996,1280.195,0.0,1280.286,mariadb connection MEMORY_USED,True,False,0,,
mariadb_tuned,cycle_with_shortcuts,left_recursion,600,ok,,5,0.7630006332183257,0.7666900830809027,0.008276150946932589,0.7535241249715909,0.7706054169684649,0.0022329999999999737,1280.195,0.0,1280.286,mariadb connection MEMORY_USED,True,False,0,,
mariadb_tuned,cycle_with_shortcuts,left_recursion,700,ok,,5,1.0347905999748037,1.0377949579851702,0.0181922398758783,1.0155292919371277,1.0545675839530304,0.0032213999999999967,1280.195,0.0,1280.286,mariadb connection MEMORY_USED,True,False,0,,
mariadb_tuned,cycle_with_shortcuts,left_recursion,800,ok,,5,1.3536239249864592,1.3482367499964312,0.018375400315917546,1.3313644579611719,1.377659042016603,0.004421799999999987,1280.195,0.0,1280.286,mariadb connection MEMORY_USED,True,False,0,,
mariadb_tuned,cycle_with_shortcuts,left_recursion,900,ok,,5,1.7109584169927985,1.7234602919779718,0.027832297567036722,1.672227417002432,1.7354803750058636,0.005485200000000001,1280.195,0.0,1280.286,mariadb connection MEMORY_USED,True,False,0,,
mariadb_tuned,cycle_with_shortcuts,left_recursion,1000,ok,,5,2.165263450029306,2.1662927090656012,0.004678592405963392,2.1573994159698486,2.169164500082843,0.007661200000000002,1280.195,0.0,1280.286,mariadb connection MEMORY_USED,True,False,0,,
mariadb_tuned,cycle_with_shortcuts,right_recursion,100,ok,,5,0.04281761683523655,0.04283050005324185,0.0020527535434331965,0.04045099997892976,0.04582004202529788,0.00013760000000000437,1280.195,0.0,1280.286,mariadb connection MEMORY_USED,True,False,0,,
mariadb_tuned,cycle_with_shortcuts,right_recursion,200,ok,,5,0.10793722479138523,0.10897770803421736,0.0031073094233291785,0.10285374999511987,0.11083208303898573,0.0003078000000000136,1280.195,0.0,1280.286,mariadb connection MEMORY_USED,True,False,0,,
mariadb_tuned,cycle_with_shortcuts,right_recursion,300,ok,,5,0.21372739183716477,0.21361487498506904,0.0011514693145506594,0.21284129202831537,0.2156622080365196,0.0005985999999999825,1280.195,0.0,1280.286,mariadb connection MEMORY_USED,True,False,0,,
mariadb_tuned,cycle_with_shortcuts,right_recursion,400,ok,,5,0.3741499914089218,0.3738243330735713,0.00108645237675031,0.3729309580521658,0.37574504199437797,0.001079399999999997,1280.195,0.0,1280.286,mariadb connection MEMORY_USED,True,False,0,,
mariadb_tuned,cycle_with_shortcuts,right_recursion,500,ok,,5,0.588005958404392,0.5866398750804365,0.0019705743798963814,0.5864854580722749,0.590541832963936,0.0017140000000000154,1280.195,0.0,1280.286,mariadb connection MEMORY_USED,True,False,0,,
mariadb_tuned,cycle_with_shortcuts,right_recursion,600,ok,,5,0.8296330918092281,0.8276385000208393,0.003975860525818714,0.8267814998980612,0.8364984999643639,0.0025811999999999944,1280.195,0.0,1280.286,mariadb connection MEMORY_USED,True,False,0,,
mariadb_tuned,cycle_with_shortcuts,right_recursion,700,ok,,5,1.1210023500258104,1.1254547080025077,0.017624180952185865,1.0964994999812916,1.1434066670481116,0.003676999999999997,1280.195,0.0,1280.286,mariadb connection MEMORY_USED,True,False,0,,
mariadb_tuned,cycle_with_shortcuts,right_recursion,800,ok,,5,1.4642695834161714,1.477514541009441,0.020017628711176596,1.4403718339744955,1.480447334004566,0.005100000000000005,1280.195,0.0,1280.286,mariadb connection MEMORY_USED,True,False,0,,
mariadb_tuned,cycle_with_shortcuts,right_recursion,900,ok,,5,1.836685858014971,1.8274184160400182,0.03675046670461308,1.7989609580254182,1.8823414579965174,0.006216999999999984,1280.195,0.0,1280.286,mariadb connection MEMORY_USED,True,False,0,,
mariadb_tuned,cycle_with_shortcuts,right_recursion,1000,ok,,5,2.3071285833837463,2.306343709002249,0.03201173890395424,2.2685717499116436,2.356180166010745,0.00823560000000002,1280.195,0.0,1280.286,mariadb connection MEMORY_USED,True,False,0,,
mariadb_tuned,grid,left_recursion,100,ok,,5,0.022042950009927155,0.02229358395561576,0.0012525888809088088,0.020149750052951276,0.023447917075827718,7.459999999999134e-05,716.9878,400.71948125740033,717.0788,mariadb connection MEMORY_USED,True,False,0,,
mariadb_tuned,grid,left_recursion,200,ok,,5,0.031370625179260966,0.031780458986759186,0.0017369031615289904,0.028444791911169887,0.03311175003182143,0.00011480000000001489,1203.395,171.7300206719838,1203.486,mariadb connection MEMORY_USED,True,False,0,,
mariadb_tuned,grid,left_recursion,300,ok,,5,0.04326014160178602,0.038637417019344866,0.006865999335875969,0.03799212502781302,0.052376957959495485,0.00017700000000001604,1280.195,0.0,1280.286,mariadb connection MEMORY_USED,True,False,0,,
mariadb_tuned,grid,left_recursion,400,ok,,5,0.07397639178670942,0.07495325000490993,0.0033115860270260295,0.06995879195164889,0.0778321250109002,0.00028759999999998785,1280.195,0.0,1280.286,mariadb connection MEMORY_USED,True,False,0,,
mariadb_tuned,grid,left_recursion,500,ok,,5,0.08778645819984376,0.08825370809063315,0.001731171871891715,0.08544395898934454,0.08997320802882314,0.0003382000000000107,1280.195,0.0,1280.286,mariadb connection MEMORY_USED,True,False,0,,
mariadb_tuned,grid,left_recursion,600,ok,,5,0.11369450835045428,0.11367754091043025,0.0016096188916049682,0.11134474992286414,0.11556120903696865,0.00037880000000000135,1280.195,0.0,1280.286,mariadb connection MEMORY_USED,True,False,0,,
mariadb_tuned,grid,left_recursion,700,ok,,5,0.14435856661293656,0.14508225000463426,0.002322930704602141,0.14183483296073973,0.14689100009854883,0.0005265999999999992,1280.195,0.0,1280.286,mariadb connection MEMORY_USED,True,False,0,,
mariadb_tuned,grid,left_recursion,800,ok,,5,0.18349053321871905,0.1829665000550449,0.00220329049720658,0.18124533304944634,0.18703758297488093,0.0006282000000000121,1280.195,0.0,1280.286,mariadb connection MEMORY_USED,True,False,0,,
mariadb_tuned,grid,left_recursion,900,ok,,5,0.23000244160648436,0.23000350000802428,0.001589100464069085,0.22761466703377664,0.2319166250526905,0.0008362000000000092,1280.195,0.0,1280.286,mariadb connection MEMORY_USED,True,False,0,,
mariadb_tuned,grid,left_recursion,1000,ok,,5,0.25840592477470636,0.25679537490941584,0.004715432846207965,0.25371241697575897,0.26594929094426334,0.0008655999999999997,1280.195,0.0,1280.286,mariadb connection MEMORY_USED,True,False,0,,
mariadb_tuned,grid,right_recursion,100,ok,,5,0.02182894996367395,0.021397291915491223,0.0016584473334708082,0.01955525006633252,0.023493124986998737,6.340000000001344e-05,1100.994,280.43394944264503,1101.086,mariadb connection MEMORY_USED,True,False,0,,
mariadb_tuned,grid,right_recursion,200,ok,,5,0.03450267501175404,0.03444637497887015,0.0032834700235745925,0.029509500018320978,0.03793354204390198,0.00010240000000000249,1408.194,0.0,1408.286,mariadb connection MEMORY_USED,True,False,0,,
mariadb_tuned,grid,right_recursion,300,ok,,5,0.049336566613055764,0.04910537495743483,0.0012179521012835313,0.04792554199229926,0.05123233306221664,0.00015039999999998387,1408.194,0.0,1408.286,mariadb connection MEMORY_USED,True,False,0,,
mariadb_tuned,grid,right_recursion,400,ok,,5,0.08682053317315877,0.08606162492651492,0.0013006967761827683,0.08594137500040233,0.08898520795628428,0.00029599999999999624,1408.194,0.0,1408.286,mariadb connection MEMORY_USED,True,False,0,,
mariadb_tuned,grid,right_recursion,500,ok,,5,0.1137600583722815,0.11379862495232373,0.001293236483109508,0.1123699169838801,0.11578708293382078,0.00031760000000000674,1408.194,0.0,1408.286,mariadb connection MEMORY_USED,True,False,0,,
mariadb_tuned,grid,right_recursion,600,ok,,5,0.15016517541371285,0.14991695899516344,0.0025624321787779485,0.14714050001930445,0.15400533401407301,0.0004893999999999954,1408.194,0.0,1408.286,mariadb connection MEMORY_USED,True,False,0,,
mariadb_tuned,grid,right_recursion,700,ok,,5,0.1957191914319992,0.19490316696465015,0.003115210606700044,0.19291620806325227,0.20088629110250622,0.000643399999999994,1408.194,0.0,1408.286,mariadb connection MEMORY_USED,True,False,0,,
mariadb_tuned,grid,right_recursion,800,ok,,5,0.25292811677791177,0.2518787499284372,0.0045936555296452455,0.24984850001055747,0.2609455839265138,0.0008048000000000055,1408.194,0.0,1408.286,mariadb connection MEMORY_USED,True,False,0,,
mariadb_tuned,grid,right_recursion,900,ok,,5,0.32049913362134247,0.3204542089952156,0.0017556503663624379,0.31780595902819186,0.32230512506794184,0.0009494000000000002,1408.194,0.0,1408.286,mariadb connection MEMORY_USED,True,False,0,,
mariadb_tuned,grid,right_recursion,1000,ok,,5,0.3618545670295134,0.3617294590221718,0.0018663769415617345,0.35981008398812264,0.36477579199709,0.0010953999999999907,1408.194,0.0,1408.286,mariadb connection MEMORY_USED,True,False,0,,
mariadb_tuned,max_acyclic,left_recursion,100,ok,,5,0.04785198359750211,0.04664808406960219,0.002116744266918193,0.0457611249294132,0.050458458019420505,0.00016019999999999923,870.595,57.243340223994615,870.6859999999999,mariadb connection MEMORY_USED,True,False,0,,
mariadb_tuned,max_acyclic,left_recursion,200,ok,,5,0.2002562584122643,0.19917187502142042,0.003113170909998292,0.19701766700018197,0.20404275006148964,0.0005232000000000014,896.195,0.0,896.286,mariadb connection MEMORY_USED,True,False,0,,
mariadb_tuned,max_acyclic,left_recursion,300,ok,,5,0.6188291001832112,0.6190750419627875,0.00416558269093663,0.6134144170209765,0.6241163749946281,0.0014805999999999986,896.195,0.0,896.286,mariadb connection MEMORY_USED,True,False,0,,
mariadb_tuned,max_acyclic,left_recursion,400,ok,,5,1.4581973583903163,1.4526571669848636,0.017737725398595406,1.4473681669915095,1.4896371249342337,0.0033915999999999946,1049.795,210.32546208198372,1049.886,mariadb connection MEMORY_USED,True,False,0,,
mariadb_tuned,max_acyclic,left_recursion,500,ok,,5,2.8186526334146036,2.816666042082943,0.005590308339641452,2.8115610419772565,2.8257439580047503,0.0062493999999999935,972.995,171.7300206719838,973.086,mariadb connection MEMORY_USED,True,False,0,,
mariadb_tuned,max_acyclic,left_recursion,600,ok,,5,4.907027566363103,4.910698666004464,0.011709165947386154,4.88934866595082,4.918708832934499,0.010855199999999999,1126.595,210.32546208198372,1126.686,mariadb connection MEMORY_USED,True,False,0,,
mariadb_tuned,max_acyclic,left_recursion,700,ok,,5,8.187430058023892,8.185230541042984,0.0075434000613747885,8.179016291047446,8.199418250005692,0.01770499999999999,1203.395,171.7300206719838,1203.486,mariadb connection MEMORY_USED,True,False,0,,
mariadb_tuned,max_acyclic,left_recursion,800,ok,,5,12.125463191396557,12.126651042024605,0.012584153253628128,12.111588333034888,12.143618665984832,0.026180399999999993,1049.795,210.32546208198372,1049.886,mariadb connection MEMORY_USED,True,False,0,,
mariadb_tuned,max_acyclic,left_recursion,900,ok,,5,16.755702033569104,16.74675633397419,0.02441575961166112,16.73858416697476,16.7988355839625,0.03598380000000001,1126.595,210.32546208198372,1126.686,mariadb connection MEMORY_USED,True,False,0,,
mariadb_tuned,max_acyclic,left_recursion,1000,ok,,5,22.898127758223563,22.902976166107692,0.02703178220987622,22.85871054197196,22.924681750009768,0.0497046,1203.395,171.7300206719838,1203.486,mariadb connection MEMORY_USED,True,False,0,,
mariadb_tuned,max_acyclic,right_recursion,100,ok,,5,0.04713149159215391,0.04684804193675518,0.0005201485800089024,0.04666295798961073,0.04770408303011209,0.00016400000000001968,844.995,70.10848736066126,845.0859999999999,mariadb connection MEMORY_USED,True,False,0,,
mariadb_tuned,max_acyclic,right_recursion,200,ok,,5,0.2200432584155351,0.21999775001313537,0.0015412172972574642,0.2180577500257641,0.2218545830110088,0.0005426000000000042,896.195,0.0,896.286,mariadb connection MEMORY_USED,True,False,0,,
mariadb_tuned,max_acyclic,right_recursion,300,ok,,5,0.6866706336149946,0.6863087090896443,0.0020115296349352703,0.6842545840190724,0.689207874936983,0.0016020000000000034,896.195,0.0,896.286,mariadb connection MEMORY_USED,True,False,0,,
mariadb_tuned,max_acyclic,right_recursion,400,ok,,5,1.6263044663937762,1.6276476660277694,0.0038919220140451755,1.6217283330624923,1.6306075419997796,0.0037625999999999936,1049.795,210.32546208198372,1049.886,mariadb connection MEMORY_USED,True,False,0,,
mariadb_tuned,max_acyclic,right_recursion,500,ok,,5,3.178068091580644,3.1777879160363227,0.00402485351770049,3.1727299159392715,3.183737833984196,0.007367999999999997,972.995,171.7300206719838,973.086,mariadb connection MEMORY_USED,True,False,0,,
mariadb_tuned,max_acyclic,right_recursion,600,ok,,5,5.503073224984109,5.502622791915201,0.003981151282369102,5.4987758750794455,5.507816415978596,0.013873799999999981,1203.395,171.7300206719838,1203.486,mariadb connection MEMORY_USED,True,False,0,,
mariadb_tuned,max_acyclic,right_recursion,700,ok,,5,9.143918758397922,9.140724124968983,0.013202621121496465,9.1275622920366,9.161801125039347,0.024717800000000022,1126.595,210.32546208198372,1126.686,mariadb connection MEMORY_USED,True,False,0,,
mariadb_tuned,max_acyclic,right_recursion,800,ok,,5,13.618103016773238,13.619811665965244,0.02444338398662604,13.58734133397229,13.651869292021729,0.040886,972.995,171.7300206719838,973.086,mariadb connection MEMORY_USED,True,False,0,,
mariadb_tuned,max_acyclic,right_recursion,900,ok,,5,19.29046904160641,19.267590999952517,0.04886414642137746,19.25662779097911,19.374775792006403,0.06506999999999999,1280.195,0.0,1280.286,mariadb connection MEMORY_USED,True,False,0,,
mariadb_tuned,max_acyclic,right_recursion,1000,ok,,5,27.66961465838831,27.658563416916877,0.050331627672336905,27.63271866599098,27.75636791693978,0.1001284,1280.195,0.0,1280.286,mariadb connection MEMORY_USED,True,False,0,,
mariadb_tuned,multi_path,left_recursion,100,ok,,5,0.07506845821626484,0.07605483301449567,0.0026464177757347623,0.0709506249986589,0.07797587499953806,0.00026439999999999797,1280.195,0.0,1280.286,mariadb connection MEMORY_USED,True,False,0,,
mariadb_tuned,multi_path,left_recursion,200,ok,,5,0.2334390418138355,0.23382562503684312,0.0027832102775768824,0.23083024995867163,0.23758166702464223,0.0006820000000000159,1280.195,0.0,1280.286,mariadb connection MEMORY_USED,True,False,0,,
mariadb_tuned,multi_path,left_recursion,300,ok,,5,0.5123453084146604,0.5118706669891253,0.005008247029585169,0.5048183749895543,0.5178937080781907,0.001695800000000003,1280.195,0.0,1280.286,mariadb connection MEMORY_USED,True,False,0,,
mariadb_tuned,multi_path,left_recursion,400,ok,,5,0.9237583502195775,0.9250076670432463,0.0035755349361066093,0.9188165420200676,0.9277569999685511,0.003038200000000013,1280.195,0.0,1280.286,mariadb connection MEMORY_USED,True,False,0,,
mariadb_tuned,multi_path,left_recursion,500,ok,,5,1.4930353332310915,1.501999541069381,0.021525994485021398,1.4665570410434157,1.5142226250609383,0.005052000000000001,1280.195,0.0,1280.286,mariadb connection MEMORY_USED,True,False,0,,
mariadb_tuned,multi_path,left_recursion,600,ok,,5,2.168954332987778,2.1725514580029994,0.012773926365826345,2.1475100410170853,2.180564707960002,0.006996999999999998,1280.195,0.0,1280.286,mariadb connection MEMORY_USED,True,False,0,,
mariadb_tuned,multi_path,left_recursion,700,ok,,5,3.1025936329970136,3.099626666982658,0.036794992935246,3.044693083036691,3.1347075829980895,0.010583399999999998,1280.195,0.0,1280.286,mariadb connection MEMORY_USED,True,False,0,,
mariadb_tuned,multi_path,left_recursion,800,ok,,5,4.134503941400908,4.120605875039473,0.026874255104550715,4.107650166028179,4.170219458057545,0.013880000000000014,1280.195,0.0,1280.286,mariadb connection MEMORY_USED,True,False,0,,
mariadb_tuned,multi_path,left_recursion,900,ok,,5,5.35233386659529,5.346588624990545,0.025189290801955005,5.326564082992263,5.382474957965314,0.018388399999999992,1280.195,0.0,1280.286,mariadb connection MEMORY_USED,True,False,0,,
mariadb_tuned,multi_path,left_recursion,1000,ok,,5,6.774353191629052,6.766655458020978,0.0181507908660773,6.757572625065222,6.80416029097978,0.022838400000000002,1280.195,0.0,1280.286,mariadb connection MEMORY_USED,True,False,0,,
mariadb_tuned,multi_path,right_recursion,100,ok,,5,0.08511294997297228,0.08491620793938637,0.0007327737310315353,0.08410604193340987,0.08589612506330013,0.00027040000000000397,1408.194,0.0,1408.286,mariadb connection MEMORY_USED,True,False,0,,
mariadb_tuned,multi_path,right_recursion,200,ok,,5,0.25740165018942207,0.2587909159483388,0.004937801904208795,0.2507613339694217,0.2626260840333998,0.0007966000000000029,1408.194,0.0,1408.286,mariadb connection MEMORY_USED,True,False,0,,
mariadb_tuned,multi_path,right_recursion,300,ok,,5,0.5483014581957832,0.5498475420754403,0.009927263728237034,0.5338244580198079,0.5599951669573784,0.0017054000000000125,1408.194,0.0,1408.286,mariadb connection MEMORY_USED,True,False,0,,
mariadb_tuned,multi_path,right_recursion,400,ok,,5,0.9872017751913518,0.9889060419518501,0.017138757655015407,0.9598358749644831,1.0058849169872701,0.0031866000000000173,1408.194,0.0,1408.286,mariadb connection MEMORY_USED,True,False,0,,
mariadb_tuned,multi_path,right_recursion,500,ok,,5,1.6090827834093944,1.6135547920130193,0.02937975607758823,1.5663634170778096,1.6477060000179335,0.005330000000000001,1408.194,0.0,1408.286,mariadb connection MEMORY_USED,True,False,0,,
mariadb_tuned,multi_path,right_recursion,600,ok,,5,2.3435773915611207,2.347995041985996,0.014072448198429914,2.3251524579245597,2.360513624968007,0.008032399999999995,1408.194,0.0,1408.286,mariadb connection MEMORY_USED,True,False,0,,
mariadb_tuned,multi_path,right_recursion,700,ok,,5,3.298188716592267,3.3055285000009462,0.01981026130669762,3.276848707930185,3.3195636669406667,0.011014799999999991,1408.194,0.0,1408.286,mariadb connection MEMORY_USED,True,False,0,,
mariadb_tuned,multi_path,right_recursion,800,ok,,5,4.369753508409485,4.380386792006902,0.02327177651214314,4.329567875014618,4.3877639579586685,0.014284800000000009,1408.194,0.0,1408.286,mariadb connection MEMORY_USED,True,False,0,,
mariadb_tuned,multi_path,right_recursion,900,ok,,5,5.650885533401743,5.652438582968898,0.025460871189319473,5.613138791988604,5.68472645804286,0.0187732,1408.194,0.0,1408.286,mariadb connection MEMORY_USED,True,False,0,,
mariadb_tuned,multi_path,right_recursion,1000,ok,,5,7.167709366395139,7.171268583042547,0.03139566610341671,7.136559500009753,7.210190832964145,0.02412859999999999,1408.194,0.0,1408.286,mariadb connection MEMORY_USED,True,False,0,,
mariadb_tuned,path,left_recursion,100,ok,,5,0.0254130250075832,0.025461958022788167,0.0024145886376852822,0.022347958059981465,0.029061959008686244,6.619999999999405e-05,972.995,171.7300206719838,973.086,mariadb connection MEMORY_USED,True,False,0,,
mariadb_tuned,path,left_recursion,200,ok,,5,0.04105851659551263,0.040777291054837406,0.0017213009021399852,0.038578499923460186,0.04280879197176546,0.00013259999999998273,1203.395,171.7300206719838,1203.486,mariadb connection MEMORY_USED,True,False,0,,
mariadb_tuned,path,left_recursion,300,ok,,5,0.07158923319075257,0.07198662508744746,0.000870152241085667,0.07003545796032995,0.07203483290504664,0.00024299999999999322,1280.195,0.0,1280.286,mariadb connection MEMORY_USED,True,False,0,,
mariadb_tuned,path,left_recursion,400,ok,,5,0.10920638344250619,0.10988954198546708,0.001628544865307849,0.1065239580348134,0.11059375002514571,0.0003454000000000068,1280.195,0.0,1280.286,mariadb connection MEMORY_USED,True,False,0,,
mariadb_tuned,path,left_recursion,500,ok,,5,0.16116401660256088,0.16100866708438843,0.0009565054899800988,0.15988020796794444,0.16248770791571587,0.0005071999999999965,1280.195,0.0,1280.286,mariadb connection MEMORY_USED,True,False,0,,
mariadb_tuned,path,left_recursion,600,ok,,5,0.22119636677671223,0.22148487495724112,0.0035610797238986446,0.21762108395341784,0.22661337500903755,0.0006961999999999912,1280.195,0.0,1280.286,mariadb connection MEMORY_USED,True,False,0,,
mariadb_tuned,path,left_recursion,700,ok,,5,0.2868781581986696,0.2859350830549374,0.002366236344871806,0.28484066703822464,0.290909165982157,0.0009015999999999802,1280.195,0.0,1280.286,mariadb connection MEMORY_USED,True,False,0,,
mariadb_tuned,path,left_recursion,800,ok,,5,0.37491880017332735,0.3748244169401005,0.004027113170135497,0.3709706669906154,0.3798728339606896,0.0011167999999999844,1280.195,0.0,1280.286,mariadb connection MEMORY_USED,True,False,0,,
mariadb_tuned,path,left_recursion,900,ok,,5,0.46801215000450613,0.46793054207228124,0.0024811259636056183,0.46456850005779415,0.47087754192762077,0.0015048000000000062,1280.195,0.0,1280.286,mariadb connection MEMORY_USED,True,False,0,,
mariadb_tuned,path,left_recursion,1000,ok,,5,0.5745143497828394,0.5778375000227243,0.0055982706124243125,0.565865374985151,0.5790167499799281,0.0018546000000000174,1280.195,0.0,1280.286,mariadb connection MEMORY_USED,True,False,0,,
mariadb_tuned,path,right_recursion,100,ok,,5,0.023365416983142494,0.022962625022046268,0.0008334290913595688,0.022460708976723254,0.024471416953019798,6.960000000000299e-05,998.5939999999999,228.97336089597846,998.6859999999999,mariadb connection MEMORY_USED,True,False,0,,
mariadb_tuned,path,right_recursion,200,ok,,5,0.042368541564792396,0.0427603330463171,0.001593788105511152,0.04066762491129339,0.044591166893951595,0.00012120000000001018,1408.194,0.0,1408.286,mariadb connection MEMORY_USED,True,False,0,,
mariadb_tuned,path,right_recursion,300,ok,,5,0.07222546697594226,0.07261070900131017,0.0018582121024757435,0.06961112504359335,0.07390420895535499,0.00023579999999998603,1408.194,0.0,1408.286,mariadb connection MEMORY_USED,True,False,0,,
mariadb_tuned,path,right_recursion,400,ok,,5,0.10972102480009198,0.10996120807249099,0.0007305672785683446,0.10857575002592057,0.11046733299735934,0.0003144000000000036,1408.194,0.0,1408.286,mariadb connection MEMORY_USED,True,False,0,,
mariadb_tuned,path,right_recursion,500,ok,,5,0.15841998341493307,0.15863304201047868,0.0015170221682296078,0.15643729199655354,0.16050374996848404,0.0004722000000000004,1408.194,0.0,1408.286,mariadb connection MEMORY_USED,True,False,0,,
mariadb_tuned,path,right_recursion,600,ok,,5,0.21985768317244947,0.22044979094062,0.00296792771341049,0.21668475004844368,0.22398941696155816,0.0006859999999999866,1408.194,0.0,1408.286,mariadb connection MEMORY_USED,True,False,0,,
mariadb_tuned,path,right_recursion,700,ok,,5,0.2916195247787982,0.29002920794300735,0.0027886397662002945,0.2892183329677209,0.29589704202953726,0.0008374000000000104,1408.194,0.0,1408.286,mariadb connection MEMORY_USED,True,False,0,,
mariadb_tuned,path,right_recursion,800,ok,,5,0.3825405666138977,0.3799962500343099,0.005377869363089875,0.37797283299732953,0.38890525000169873,0.0011916000000000038,1408.194,0.0,1408.286,mariadb connection MEMORY_USED,True,False,0,,
mariadb_tuned,path,right_recursion,900,ok,,5,0.49453559999819846,0.49192241695709527,0.008979250762781043,0.48764816601760685,0.5099511250155047,0.001521399999999995,1408.194,0.0,1408.286,mariadb connection MEMORY_USED,True,False,0,,
mariadb_tuned,path,right_recursion,1000,ok,,5,0.6059511080151424,0.6053167500067502,0.005215033679513906,0.5985306659713387,0.6128302910365164,0.0019631999999999983,1408.194,0.0,1408.286,mariadb connection MEMORY_USED,True,False,0,,
mariadb_tuned,reverse_binary_tree,left_recursion,100,ok,,5,0.021682991390116514,0.02187087491620332,0.0010518212186599119,0.020002458011731505,0.022896416019648314,7.899999999999574e-05,896.195,0.0,896.286,mariadb connection MEMORY_USED,True,False,0,,
mariadb_tuned,reverse_binary_tree,left_recursion,200,ok,,5,0.02034935837145895,0.020893374923616648,0.0017887496875031313,0.017925582942552865,0.02194270899053663,7.39999999999963e-05,896.195,0.0,896.286,mariadb connection MEMORY_USED,True,False,0,,
mariadb_tuned,reverse_binary_tree,left_recursion,300,ok,,5,0.021385099994949995,0.020900500006973743,0.0010870937659324428,0.020521249971352518,0.02303691697306931,7.5600000000009e-05,896.195,0.0,896.286,mariadb connection MEMORY_USED,True,False,0,,
mariadb_tuned,reverse_binary_tree,left_recursion,400,ok,,5,0.02040369200985879,0.02008229191415012,0.0009421381054268244,0.01949533401057124,0.021898292005062103,6.879999999999109e-05,972.995,171.7300206719838,973.086,mariadb connection MEMORY_USED,True,False,0,,
mariadb_tuned,reverse_binary_tree,left_recursion,500,ok,,5,0.02175891660153866,0.021895040990784764,0.0019068766837946499,0.019463959033600986,0.024658999987877905,7.439999999998559e-05,716.9878,400.71948125740033,717.079,mariadb connection MEMORY_USED,True,False,0,,
mariadb_tuned,reverse_binary_tree,left_recursion,600,ok,,5,0.022785808611661195,0.022286209044978023,0.0015409705672037302,0.021548832999542356,0.025426041916944087,7.40000000000074e-05,793.7878000000001,473.78801700676223,793.879,mariadb connection MEMORY_USED,True,False,0,,
mariadb_tuned,reverse_binary_tree,left_recursion,700,ok,,5,0.022835549991577865,0.022354999906383455,0.001065329514644033,0.02160491596441716,0.02397100010421127,6.459999999999244e-05,1126.595,210.32546208198372,1126.686,mariadb connection MEMORY_USED,True,False,0,,
mariadb_tuned,reverse_binary_tree,left_recursion,800,ok,,5,0.02196427483577281,0.021843708003871143,0.0005972585049380248,0.02136137499473989,0.02287491608876735,7.439999999998559e-05,896.195,0.0,896.286,mariadb connection MEMORY_USED,True,False,0,,
mariadb_tuned,reverse_binary_tree,left_recursion,900,ok,,5,0.02298708357848227,0.022720124921761453,0.0015428143676332175,0.021304292022250593,0.025098708923906088,8.319999999999439e-05,972.995,171.7300206719838,973.086,mariadb connection MEMORY_USED,True,False,0,,
mariadb_tuned,reverse_binary_tree,left_recursion,1000,ok,,5,0.021908858395181596,0.022473584045656025,0.0011893319135462808,0.020034790970385075,0.022971582948230207,7.580000000000364e-05,896.195,0.0,896.286,mariadb connection MEMORY_USED,True,False,0,,
mariadb_tuned,reverse_binary_tree,right_recursion,100,ok,,5,0.01820890821982175,0.01843995798844844,0.001923210965006811,0.01563079096376896,0.020064332988113165,8.220000000001005e-05,716.956,400.79058821908484,717.0472,mariadb connection MEMORY_USED,True,False,0,,
mariadb_tuned,reverse_binary_tree,right_recursion,200,ok,,5,0.019612174783833324,0.020032917032949626,0.0017011694320880656,0.016984582995064557,0.0210871659219265,9.479999999999489e-05,896.194,0.0,896.286,mariadb connection MEMORY_USED,True,False,0,,
mariadb_tuned,reverse_binary_tree,right_recursion,300,ok,,5,0.022098132991231978,0.021883207955397666,0.0008331380693983401,0.020932500017806888,0.02299133304040879,6.699999999999484e-05,998.5939999999999,228.97336089597846,998.6859999999999,mariadb connection MEMORY_USED,True,False,0,,
mariadb_tuned,reverse_binary_tree,right_recursion,400,ok,,5,0.020948283397592603,0.02102358394768089,0.0009782322716784541,0.019790083053521812,0.021960749989375472,6.899999999999684e-05,896.194,0.0,896.286,mariadb connection MEMORY_USED,True,False,0,,
mariadb_tuned,reverse_binary_tree,right_recursion,500,ok,,5,0.02083389179315418,0.02050708292517811,0.0008993437797842418,0.019789083977229893,0.02207454200834036,6.920000000000259e-05,896.194,0.0,896.286,mariadb connection MEMORY_USED,True,False,0,,
mariadb_tuned,reverse_binary_tree,right_recursion,600,ok,,5,0.024204691802151502,0.02492816699668765,0.0016918278862370197,0.021682208054699004,0.025996709009632468,6.579999999999364e-05,998.5939999999999,228.97336089597846,998.6859999999999,mariadb connection MEMORY_USED,True,False,0,,
mariadb_tuned,reverse_binary_tree,right_recursion,700,ok,,5,0.022490591765381394,0.022580667049624026,0.0011166176255227181,0.021412457921542227,0.024068124941550195,9.179999999999743e-05,896.194,0.0,896.286,mariadb connection MEMORY_USED,True,False,0,,
mariadb_tuned,reverse_binary_tree,right_recursion,800,ok,,5,0.02268040836788714,0.022179957944899797,0.002066368018546396,0.019988916930742562,0.025614499929361045,7.579999999999255e-05,1100.994,280.43394944264503,1101.086,mariadb connection MEMORY_USED,True,False,0,,
mariadb_tuned,reverse_binary_tree,right_recursion,900,ok,,5,0.022773383418098092,0.022383332950994372,0.0014021920201800102,0.021450625034049153,0.0251580000622198,7.700000000001594e-05,896.194,0.0,896.286,mariadb connection MEMORY_USED,True,False,0,,
mariadb_tuned,reverse_binary_tree,right_recursion,1000,ok,,5,0.021532266633585095,0.021924125030636787,0.0018026655553593741,0.019598458078689873,0.023991917027160525,8.56000000000079e-05,896.194,0.0,896.286,mariadb connection MEMORY_USED,True,False,0,,
mariadb_tuned,w,left_recursion,100,ok,,5,0.020070016430690885,0.019967541098594666,0.0017587781810662877,0.017740625073201954,0.022646875004284084,7.839999999998959e-05,896.195,0.0,896.286,mariadb connection MEMORY_USED,True,False,0,,
mariadb_tuned,w,left_recursion,200,ok,,5,0.020861283247359096,0.020912375068292022,0.0009364031747122479,0.01956991699989885,0.022004708065651357,7.119999999999349e-05,896.195,0.0,896.286,mariadb connection MEMORY_USED,True,False,0,,
mariadb_tuned,w,left_recursion,300,ok,,5,0.02062231656163931,0.02047529094852507,0.0009831857311541807,0.019582916982471943,0.022251458023674786,8.219999999999894e-05,896.195,0.0,896.286,mariadb connection MEMORY_USED,True,False,0,,
mariadb_tuned,w,left_recursion,400,ok,,5,0.022709833411499857,0.02321679110173136,0.0015492732650408453,0.020908875041641295,0.024723458918742836,8.220000000001005e-05,870.595,57.243340223994615,870.6859999999999,mariadb connection MEMORY_USED,True,False,0,,
mariadb_tuned,w,left_recursion,500,ok,,5,0.02176803317852318,0.022210582974366844,0.0007627724933203446,0.02051770791877061,0.022318749921396375,7.779999999999455e-05,896.195,0.0,896.286,mariadb connection MEMORY_USED,True,False,0,,
mariadb_tuned,w,left_recursion,600,ok,,5,0.024124708375893533,0.02413970895577222,0.000755074563507738,0.02330833300948143,0.025295165949501097,7.00000000000034e-05,870.595,57.243340223994615,870.6859999999999,mariadb connection MEMORY_USED,True,False,0,,
mariadb_tuned,w,left_recursion,700,ok,,5,0.02454936697613448,0.025130750029347837,0.001029418964415755,0.023014041944406927,0.025430999929085374,7.079999999999309e-05,896.195,0.0,896.286,mariadb connection MEMORY_USED,True,False,0,,
mariadb_tuned,w,left_recursion,800,ok,,5,0.026834316598251463,0.02649612503591925,0.001318713784544957,0.02555362496059388,0.02879779099021107,6.40000000000085e-05,844.995,70.10848736066126,845.0859999999999,mariadb connection MEMORY_USED,True,False,0,,
mariadb_tuned,w,left_recursion,900,ok,,5,0.02769695862662047,0.027289082994684577,0.0007288419474200968,0.027031959034502506,0.02851670898962766,8.91999999999893e-05,896.195,0.0,896.286,mariadb connection MEMORY_USED,True,False,0,,
mariadb_tuned,w,left_recursion,1000,ok,,5,0.028221891820430757,0.028099333052523434,0.0007221444076778678,0.0271840839413926,0.029046209063380957,7.75999999999888e-05,921.7950000000001,210.32546208198374,921.886,mariadb connection MEMORY_USED,True,False,0,,
mariadb_tuned,w,right_recursion,100,ok,,5,0.02077249139547348,0.020963332965038717,0.001867235532320011,0.01810245797969401,0.022930875071324408,6.380000000001384e-05,896.195,0.0,896.286,mariadb connection MEMORY_USED,True,False,0,,
mariadb_tuned,w,right_recursion,200,ok,,5,0.02065078297164291,0.01984287495724857,0.001277332363082516,0.019491333048790693,0.02214458293747157,7.660000000001555e-05,896.195,0.0,896.286,mariadb connection MEMORY_USED,True,False,0,,
mariadb_tuned,w,right_recursion,300,ok,,5,0.021204183204099537,0.02138687507249415,0.0015024094414695652,0.018756166915409267,0.02283150004222989,6.43999999999978e-05,896.195,0.0,896.286,mariadb connection MEMORY_USED,True,False,0,,
mariadb_tuned,w,right_recursion,400,ok,,5,0.02177181679289788,0.02142854197882116,0.0007494986526198047,0.021142999990843236,0.022814500029198825,7.320000000001769e-05,896.195,0.0,896.286,mariadb connection MEMORY_USED,True,False,0,,
mariadb_tuned,w,right_recursion,500,ok,,5,0.02250547499861568,0.02320020890329033,0.001408238742360991,0.02001654205378145,0.023318666964769363,7.619999999999293e-05,896.195,0.0,896.286,mariadb connection MEMORY_USED,True,False,0,,
mariadb_tuned,w,right_recursion,600,ok,,5,0.024780308199115097,0.024969749967567623,0.0015941486060284957,0.022322791046462953,0.02666245901491493,6.379999999998054e-05,972.995,171.7300206719838,973.086,mariadb connection MEMORY_USED,True,False,0,,
mariadb_tuned,w,right_recursion,700,ok,,5,0.02496764997486025,0.02442533301655203,0.0014270468726763407,0.023721457924693823,0.027350916992872953,6.499999999999284e-05,896.195,0.0,896.286,mariadb connection MEMORY_USED,True,False,0,,
mariadb_tuned,w,right_recursion,800,ok,,5,0.025898341392166912,0.02603441698011011,0.0009605348219590173,0.02437233307864517,0.02702820801641792,6.339999999999124e-05,870.595,57.243340223994615,870.6859999999999,mariadb connection MEMORY_USED,True,False,0,,
mariadb_tuned,w,right_recursion,900,ok,,5,0.026374324806965888,0.027093415963463485,0.0018158566949180266,0.023946915986016393,0.028224250068888068,8.35999999999948e-05,896.195,0.0,896.286,mariadb connection MEMORY_USED,True,False,0,,
mariadb_tuned,w,right_recursion,1000,ok,,5,0.02756843324750662,0.027390209026634693,0.0018236273714203415,0.025133375078439713,0.029629333061166108,7.379999999999055e-05,972.995,171.7300206719838,973.086,mariadb connection MEMORY_USED,True,False,0,,
mariadb_tuned,x,left_recursion,100,ok,,5,0.020526925008744,0.02021454193163663,0.0007655678635147392,0.01988466701004654,0.021650917013175786,7.239999999998359e-05,972.995,171.7300206719838,973.086,mariadb connection MEMORY_USED,True,False,0,,
mariadb_tuned,x,left_recursion,200,ok,,5,0.022253958182409404,0.021131749963387847,0.0037367452265210438,0.017287708004005253,0.026830125018022954,7.139999999999924e-05,716.9878,400.71948125740033,717.079,mariadb connection MEMORY_USED,True,False,0,,
mariadb_tuned,x,left_recursion,300,ok,,5,0.023081333190202714,0.021871291915886104,0.0040015577332747475,0.02010562492068857,0.030061458004638553,9.539999999998993e-05,896.195,0.0,896.286,mariadb connection MEMORY_USED,True,False,0,,
mariadb_tuned,x,left_recursion,400,ok,,5,0.02012956696562469,0.020294709014706314,0.0014921279978806533,0.018617166904732585,0.022426209063269198,7.899999999999574e-05,896.195,0.0,896.286,mariadb connection MEMORY_USED,True,False,0,,
mariadb_tuned,x,left_recursion,500,ok,,5,0.023437900212593378,0.02336737501900643,0.0010289356867537456,0.02241504192352295,0.024570834008045495,8.619999999999184e-05,896.195,0.0,896.286,mariadb connection MEMORY_USED,True,False,0,,
mariadb_tuned,x,left_recursion,600,ok,,5,0.025609941757284104,0.025486166938208044,0.0018735304887128592,0.02393199992366135,0.028705916949547827,6.64000000000109e-05,896.195,0.0,896.286,mariadb connection MEMORY_USED,True,False,0,,
mariadb_tuned,x,left_recursion,700,ok,,5,0.024572983430698515,0.025457374984398484,0.0015182214976109214,0.022268083062954247,0.02579754206817597,8.40000000000063e-05,896.195,0.0,896.286,mariadb connection MEMORY_USED,True,False,0,,
mariadb_tuned,x,left_recursion,800,ok,,5,0.02639332504477352,0.02666212501935661,0.001831283405351438,0.023299874970689416,0.027893250109627843,7.280000000000619e-05,896.195,0.0,896.286,mariadb connection MEMORY_USED,True,False,0,,
mariadb_tuned,x,left_recursion,900,ok,,5,0.02770661658141762,0.028557832934893668,0.002645657137731993,0.023778499918989837,0.03066983399912715,9.740000000000305e-05,1203.395,171.7300206719838,1203.486,mariadb connection MEMORY_USED,True,False,0,,
mariadb_tuned,x,left_recursion,1000,ok,,5,0.026292675244621932,0.026372500113211572,0.00224216784493906,0.02345341700129211,0.028566624969244003,7.099999999999884e-05,972.995,171.7300206719838,973.086,mariadb connection MEMORY_USED,True,False,0,,
mariadb_tuned,x,right_recursion,100,ok,,5,0.019850399810820818,0.019958124961704016,0.000627143962345978,0.018779000034555793,0.02040966704953462,7.9600000000013e-05,716.956,400.79058821908484,717.0472,mariadb connection MEMORY_USED,True,False,0,,
mariadb_tuned,x,right_recursion,200,ok,,5,0.020822599832899868,0.02089083311147988,0.0006204273435090824,0.019818458007648587,0.021362041938118637,7.079999999999309e-05,972.995,171.7300206719838,973.086,mariadb connection MEMORY_USED,True,False,0,,
mariadb_tuned,x,right_recursion,300,ok,,5,0.021318141580559315,0.021318249986507,0.0014854967477875311,0.019004207919351757,0.022822000086307526,6.500000000000394e-05,896.195,0.0,896.286,mariadb connection MEMORY_USED,True,False,0,,
mariadb_tuned,x,right_recursion,400,ok,,5,0.02229510818142444,0.022626707912422717,0.0013846955386435267,0.020155666978098452,0.02356945804785937,6.899999999999684e-05,972.995,171.7300206719838,973.086,mariadb connection MEMORY_USED,True,False,0,,
mariadb_tuned,x,right_recursion,500,ok,,5,0.023655866575427353,0.024364124983549118,0.0019414234825938387,0.02025120798498392,0.024888332933187485,7.300000000000084e-05,972.995,171.7300206719838,973.086,mariadb connection MEMORY_USED,True,False,0,,
mariadb_tuned,x,right_recursion,600,ok,,5,0.024139442015439272,0.023869374999776483,0.0008499960204820473,0.02321570902131498,0.025387209025211632,7.699999999999374e-05,1049.795,210.32546208198372,1049.886,mariadb connection MEMORY_USED,True,False,0,,
mariadb_tuned,x,right_recursion,700,ok,,5,0.025282683386467397,0.025647166999988258,0.0013074704343215577,0.02346175001002848,0.026952374959364533,8.840000000001069e-05,972.995,171.7300206719838,973.086,mariadb connection MEMORY_USED,True,False,0,,
mariadb_tuned,x,right_recursion,800,ok,,5,0.02700794958509505,0.027675040997564793,0.0017422875700395398,0.024566082982346416,0.028965833014808595,7.35999999999959e-05,896.195,0.0,896.286,mariadb connection MEMORY_USED,True,False,0,,
mariadb_tuned,x,right_recursion,900,ok,,5,0.02701319979969412,0.025612416095100343,0.0026346103907415237,0.024546792032197118,0.030838499893434346,0.00010419999999999874,972.995,171.7300206719838,973.086,mariadb connection MEMORY_USED,True,False,0,,
mariadb_tuned,x,right_recursion,1000,ok,,5,0.027463875198736786,0.027524958946742117,0.0027755874735048156,0.023007959011010826,0.029970332980155945,9.120000000000239e-05,896.195,0.0,896.286,mariadb connection MEMORY_USED,True,False,0,,
mariadb_tuned,y,left_recursion,100,ok,,5,0.020167791587300598,0.019980542012490332,0.0007213744052201701,0.0194420829648152,0.020950499922037125,7.260000000001155e-05,896.195,0.0,896.286,mariadb connection MEMORY_USED,True,False,0,,
mariadb_tuned,y,left_recursion,200,ok,,5,0.021223933226428925,0.020990625023841858,0.0005823530068143872,0.020650458056479692,0.0219038330251351,8.119999999998129e-05,896.195,0.0,896.286,mariadb connection MEMORY_USED,True,False,0,,
mariadb_tuned,y,left_recursion,300,ok,,5,0.02053106662351638,0.02060679194983095,0.0015437494834833428,0.01888895803131163,0.022536834003403783,8.120000000000349e-05,896.195,0.0,896.286,mariadb connection MEMORY_USED,True,False,0,,
mariadb_tuned,y,left_recursion,400,ok,,5,0.02135605001822114,0.02138141600880772,0.0005450942819218994,0.020521042053587735,0.022011250024661422,7.84000000000118e-05,870.595,57.243340223994615,870.6859999999999,mariadb connection MEMORY_USED,True,False,0,,
mariadb_tuned,y,left_recursion,500,ok,,5,0.02438106699846685,0.024838084005750716,0.002491991130247229,0.020611000014469028,0.027077000006102026,9.619999999999074e-05,1049.795,210.32546208198372,1049.886,mariadb connection MEMORY_USED,True,False,0,,
mariadb_tuned,y,left_recursion,600,ok,,5,0.023746416578069328,0.023670915979892015,0.0008388993898007922,0.022554291994310915,0.024676624918356538,7.019999999999805e-05,972.995,171.7300206719838,973.086,mariadb connection MEMORY_USED,True,False,0,,
mariadb_tuned,y,left_recursion,700,ok,,5,0.024706200207583608,0.024580833036452532,0.0019053124843669926,0.022273417096585035,0.026656583999283612,7.979999999999655e-05,819.3950000000001,70.10848736066126,819.486,mariadb connection MEMORY_USED,True,False,0,,
mariadb_tuned,y,left_recursion,800,ok,,5,0.02782114176079631,0.02527129091322422,0.005333546633663268,0.024469709023833275,0.03706187498755753,9.959999999999968e-05,947.395,194.12161136771965,947.486,mariadb connection MEMORY_USED,True,False,0,,
mariadb_tuned,y,left_recursion,900,ok,,5,0.026383341825567185,0.026597916963510215,0.0014392866007443747,0.02431362506467849,0.027889792108908296,7.44000000000078e-05,896.195,0.0,896.286,mariadb connection MEMORY_USED,True,False,0,,
mariadb_tuned,y,left_recursion,1000,ok,,5,0.02768917477224022,0.027966041932813823,0.0027928825503377944,0.02446075004991144,0.03110491600818932,8.479999999998489e-05,947.395,194.12161136771965,947.486,mariadb connection MEMORY_USED,True,False,0,,
mariadb_tuned,y,right_recursion,100,ok,,5,0.019871158595196902,0.019108082982711494,0.002150037666956375,0.018368166987784207,0.02365870901849121,8.500000000001284e-05,972.995,171.7300206719838,973.086,mariadb connection MEMORY_USED,True,False,0,,
mariadb_tuned,y,right_recursion,200,ok,,5,0.020617233379743992,0.02101862500421703,0.001007775823479561,0.019076499971561134,0.02167375001590699,7.880000000000109e-05,896.195,0.0,896.286,mariadb connection MEMORY_USED,True,False,0,,
mariadb_tuned,y,right_recursion,300,ok,,5,0.023294041794724763,0.0229363749967888,0.002927133778588576,0.02050187496934086,0.02697104203980416,6.099999999998884e-05,947.3878,555.0101349157509,947.479,mariadb connection MEMORY_USED,True,False,0,,
mariadb_tuned,y,right_recursion,400,ok,,5,0.02222701641730964,0.02236783306580037,0.0010559033024064395,0.020612916094250977,0.023333000019192696,6.84000000000018e-05,1049.795,210.32546208198372,1049.886,mariadb connection MEMORY_USED,True,False,0,,
mariadb_tuned,y,right_recursion,500,ok,,5,0.02325209160335362,0.022895333007909358,0.0010056592607075455,0.022514957934617996,0.02493720909114927,7.460000000000244e-05,896.195,0.0,896.286,mariadb connection MEMORY_USED,True,False,0,,
mariadb_tuned,y,right_recursion,600,ok,,5,0.02393875000998378,0.02504633297212422,0.002761066504296926,0.020229667075909674,0.02676874992903322,6.620000000001625e-05,896.195,0.0,896.286,mariadb connection MEMORY_USED,True,False,0,,
mariadb_tuned,y,right_recursion,700,ok,,5,0.025917217181995512,0.02729795896448195,0.0037230276569603453,0.02066866704262793,0.02920420898590237,9.639999999999649e-05,972.995,171.7300206719838,973.086,mariadb connection MEMORY_USED,True,False,0,,
mariadb_tuned,y,right_recursion,800,ok,,5,0.02634251683484763,0.02650599996559322,0.0008915426730914961,0.024874792085029185,0.027282917057164013,7.480000000000819e-05,972.995,171.7300206719838,973.086,mariadb connection MEMORY_USED,True,False,0,,
mariadb_tuned,y,right_recursion,900,ok,,5,0.027962725004181267,0.027089333976618946,0.002271997710888479,0.02559116599150002,0.030955000082030892,9.540000000000104e-05,972.995,171.7300206719838,973.086,mariadb connection MEMORY_USED,True,False,0,,
mariadb_tuned,y,right_recursion,1000,ok,,5,0.02771735822316259,0.027495125075802207,0.0019663810015308433,0.026006000000052154,0.031009415979497135,7.500000000000284e-05,972.995,171.7300206719838,973.086,mariadb connection MEMORY_USED,True,False,0,,
mongodb,barabasi_albert,left_recursion,10000,ok,,5,58.73958245820832,58.685397166991606,0.5791371544737173,57.88926408300176,59.34683145803865,0.007662400000000002,,,,,True,False,0,,
mongodb,barabasi_albert,left_recursion,20000,ok,,5,232.0120074165985,231.7925157910213,0.8290570696163707,231.1125462920172,233.30215837492142,0.0337532,,,,,True,False,0,,
mongodb,barabasi_albert,left_recursion,30000,ok,,5,567.4639269081875,568.4297427498968,1.961458046713754,565.2166217500344,569.48048870801,0.0847928,,,,,True,False,5,agreement,
mongodb,barabasi_albert,left_recursion,40000,timeout,timeout,0,,,,,,,,,,,,False,0,,
mongodb,barabasi_albert,left_recursion,50000,skipped,timeout,0,,,,,,,,,,,,False,0,,
mongodb,barabasi_albert,left_recursion,60000,skipped,timeout,0,,,,,,,,,,,,False,0,,
mongodb,barabasi_albert,left_recursion,70000,skipped,timeout,0,,,,,,,,,,,,False,0,,
mongodb,barabasi_albert,left_recursion,80000,skipped,timeout,0,,,,,,,,,,,,False,0,,
mongodb,barabasi_albert,left_recursion,90000,skipped,timeout,0,,,,,,,,,,,,False,0,,
mongodb,barabasi_albert,left_recursion,100000,skipped,timeout,0,,,,,,,,,,,,False,0,,
mongodb,barabasi_albert,right_recursion,10000,ok,,5,58.101887941593304,57.839651457965374,0.5711096425481824,57.55854137497954,58.84240900003351,0.007739400000000019,,,,,True,False,0,,
mongodb,barabasi_albert,right_recursion,20000,ok,,5,231.70137664140202,231.814576499979,0.5637438596070519,230.87455362500623,232.23893695801962,0.03368760000000002,,,,,True,False,0,,
mongodb,barabasi_albert,right_recursion,30000,ok,,5,567.4576766750309,567.5001431250712,1.1533244439268195,566.1018928330159,569.1793709170306,0.08551639999999999,,,,,True,False,5,agreement,
mongodb,barabasi_albert,right_recursion,40000,timeout,timeout,0,,,,,,,,,,,,False,0,,
mongodb,barabasi_albert,right_recursion,50000,skipped,timeout,0,,,,,,,,,,,,False,0,,
mongodb,barabasi_albert,right_recursion,60000,skipped,timeout,0,,,,,,,,,,,,False,0,,
mongodb,barabasi_albert,right_recursion,70000,skipped,timeout,0,,,,,,,,,,,,False,0,,
mongodb,barabasi_albert,right_recursion,80000,skipped,timeout,0,,,,,,,,,,,,False,0,,
mongodb,barabasi_albert,right_recursion,90000,skipped,timeout,0,,,,,,,,,,,,False,0,,
mongodb,barabasi_albert,right_recursion,100000,skipped,timeout,0,,,,,,,,,,,,False,0,,
mongodb,binary_tree,left_recursion,100,ok,,5,0.017666666582226754,0.01720229198690504,0.0028571989226258217,0.014866749988868833,0.022352124913595617,0.0001516000000000073,,,,,True,False,0,,
mongodb,binary_tree,left_recursion,200,ok,,5,0.017101474828086792,0.017252625082619488,0.0007596586197508972,0.015998207964003086,0.017812417005188763,0.00012980000000000213,,,,,True,False,0,,
mongodb,binary_tree,left_recursion,300,ok,,5,0.022350949980318547,0.021720708929933608,0.0011515869181741541,0.021524792071431875,0.024277040967717767,0.0001400000000000068,,,,,True,False,0,,
mongodb,binary_tree,left_recursion,400,ok,,5,0.024411283386871218,0.025006334064528346,0.0017721938675686652,0.021756207919679582,0.026211624965071678,0.00012919999999998487,,,,,True,False,0,,
mongodb,binary_tree,left_recursion,500,ok,,5,0.02331523320171982,0.024100582930259407,0.00245424358677098,0.019778667017817497,0.026032374938949943,0.00013299999999998312,,,,,True,False,0,,
mongodb,binary_tree,left_recursion,600,ok,,5,0.03392655018251389,0.033623917028307915,0.0025157542897209706,0.03124474990181625,0.03726945898961276,0.00015619999999999523,,,,,True,False,0,,
mongodb,binary_tree,left_recursion,700,ok,,5,0.04010363316629082,0.03593779192306101,0.006851416591294885,0.034056207980029285,0.0497788330540061,0.0001792000000000016,,,,,True,False,0,,
mongodb,binary_tree,left_recursion,800,ok,,5,0.03559059158433229,0.03537262498866767,0.0017070041122649177,0.03383324993774295,0.03801379108335823,0.00015659999999998453,,,,,True,False,0,,
mongodb,binary_tree,left_recursion,900,ok,,5,0.03472996661439538,0.035145833040587604,0.001243814721031749,0.03254308307077736,0.03567124996334314,0.00015439999999998787,,,,,True,False,0,,
mongodb,binary_tree,left_recursion,1000,ok,,5,0.03545106658712029,0.035158124985173345,0.0007942845585496482,0.03469649993348867,0.036432042019441724,0.00015100000000001224,,,,,True,False,0,,
mongodb,complete,left_recursion,100,ok,,5,268.8443788167788,268.55919995799195,0.5344409831906051,268.42307641601656,269.6059279589681,0.043559400000000005,,,,,True,False,0,,
mongodb,complete,left_recursion,200,timeout,timeout,0,,,,,,,,,,,,False,0,,
mongodb,complete,left_recursion,300,skipped,timeout,0,,,,,,,,,,,,False,0,,
mongodb,complete,left_recursion,400,skipped,timeout,0,,,,,,,,,,,,False,0,,
mongodb,complete,left_recursion,500,skipped,timeout,0,,,,,,,,,,,,False,0,,
mongodb,complete,left_recursion,600,skipped,timeout,0,,,,,,,,,,,,False,0,,
mongodb,complete,left_recursion,700,skipped,timeout,0,,,,,,,,,,,,False,0,,
mongodb,complete,left_recursion,800,skipped,timeout,0,,,,,,,,,,,,False,0,,
mongodb,complete,left_recursion,900,skipped,timeout,0,,,,,,,,,,,,False,0,,
mongodb,complete,left_recursion,1000,skipped,timeout,0,,,,,,,,,,,,False,0,,
mongodb,cycle,left_recursion,100,ok,,5,0.03848210000433028,0.039240250014699996,0.0017352012179503659,0.03590387501753867,0.039908875012770295,0.0001728000000000063,,,,,True,False,0,,
mongodb,cycle,left_recursion,200,ok,,5,0.10915324180386961,0.10903670801781118,0.0012139344032651154,0.10778020904399455,0.11070129205472767,0.00018179999999999862,,,,,True,False,0,,
mongodb,cycle,left_recursion,300,ok,,5,0.24105410841293634,0.24035574996378273,0.008474694729673523,0.23123625002335757,0.2539320830255747,0.0002913999999999861,,,,,True,False,0,,
mongodb,cycle,left_recursion,400,ok,,5,0.43818029162939637,0.4396999169839546,0.009191986673226292,0.4277373329969123,0.4508547910954803,0.0003222000000000058,,,,,True,False,0,,
mongodb,cycle,left_recursion,500,ok,,5,0.6967600001953542,0.6962602089624852,0.010197651353167981,0.681376792024821,0.7061065830057487,0.0003290000000000015,,,,,True,False,0,,
mongodb,cycle,left_recursion,600,ok,,5,1.1418392081744968,1.142908832989633,0.004907014169340346,1.136634457972832,1.1475684159668162,0.0004689999999999861,,,,,True,False,0,,
mongodb,cycle,left_recursion,700,ok,,5,1.5649830416077748,1.5527749579632655,0.041086154627329556,1.5384872910799459,1.6370954170124605,0.0006048000000000164,,,,,True,False,0,,
mongodb,cycle,left_recursion,800,ok,,5,2.0873676415998488,2.049682875047438,0.10633158640424904,2.0259082498960197,2.27624058292713,0.0006870000000000154,,,,,True,False,0,,
mongodb,cycle,left_recursion,900,ok,,5,2.5522021335782483,2.557710374938324,0.022030934550068607,2.519293624907732,2.5777432089671493,0.0006643999999999984,,,,,True,False,0,,
mongodb,cycle,left_recursion,1000,ok,,5,3.173867675010115,3.1670630830340087,0.02276142477315202,3.151512333075516,3.1982799590332434,0.0008987999999999885,,,,,True,False,0,,
mongodb,cycle_with_shortcuts,left_recursion,100,ok,,5,0.981969341612421,0.9794993340037763,0.0048862472347628826,0.9787924999836832,0.9903685410972685,0.00039520000000001774,,,,,True,False,0,,
mongodb,cycle_with_shortcuts,left_recursion,200,ok,,5,3.9689087747596203,3.972816374967806,0.011558718506185285,3.948982000001706,3.9772949579637498,0.0008076000000000084,,,,,True,False,0,,
mongodb,cycle_with_shortcuts,left_recursion,300,ok,,5,10.60111818362493,10.598411084036343,0.010451418611558948,10.589288542047143,10.61555329093244,0.0020282000000000134,,,,,True,False,0,,
mongodb,cycle_with_shortcuts,left_recursion,400,ok,,5,18.52121897523757,18.513404124998488,0.03591378402361861,18.481162459007464,18.5772930419771,0.0033253999999999896,,,,,True,False,0,,
mongodb,cycle_with_shortcuts,left_recursion,500,ok,,5,30.092234325013123,30.084868832957,0.026374841616891607,30.07457187504042,30.1384824590059,0.005246200000000012,,,,,True,False,0,,
mongodb,cycle_with_shortcuts,left_recursion,600,ok,,5,44.44470915019046,44.394595916965045,0.09849493032043116,44.38124483299907,44.616963709006086,0.007667600000000008,,,,,True,False,0,,
mongodb,cycle_with_shortcuts,left_recursion,700,ok,,5,59.518153625028205,59.513136208988726,0.05328185325718993,59.4529228330357,59.588152292068116,0.010074800000000005,,,,,True,False,0,,
mongodb,cycle_with_shortcuts,left_recursion,800,ok,,5,81.77359738363884,81.75645612506196,0.05874626496892243,81.70407829200849,81.84349208406638,0.014157199999999991,,,,,True,False,0,,
mongodb,cycle_with_shortcuts,left_recursion,900,ok,,5,107.26876625842415,107.32218704198021,0.19012524444916068,106.94033791706897,107.43189374997746,0.018464400000000002,,,,,True,False,0,,
mongodb,cycle_with_shortcuts,left_recursion,1000,ok,,5,137.49900469956918,137.49906675005332,0.146426533388128,137.2688347909134,137.6537412079051,0.02380939999999998,,,,,True,False,0,,
mongodb,grid,left_recursion,100,ok,,5,0.02952314163558185,0.0299292920390144,0.0022701347203135107,0.02559650002513081,0.031127250054851174,0.0001395999999999953,,,,,True,False,0,,
mongodb,grid,left_recursion,200,ok,,5,0.06141042502131313,0.061614374979399145,0.0008938411311193966,0.06011600000783801,0.062445375020615757,0.00016519999999999868,,,,,True,False,0,,
mongodb,grid,left_recursion,300,ok,,5,0.11265793323982506,0.11248370795510709,0.00047261458248947343,0.11205991706810892,0.1131616251077503,0.00017900000000000693,,,,,True,False,0,,
mongodb,grid,left_recursion,400,ok,,5,0.2018644915893674,0.20231987501028925,0.003500746996700398,0.1969186250353232,0.20622887497302145,0.0002120000000000011,,,,,True,False,0,,
mongodb,grid,left_recursion,500,ok,,5,0.2865999416215345,0.2862988749984652,0.0021623806113274654,0.2835021249484271,0.2892044170293957,0.00023259999999998283,,,,,True,False,0,,
mongodb,grid,left_recursion,600,ok,,5,0.4071927333716303,0.405115915928036,0.010209292070337198,0.3976719999918714,0.4242341249482706,0.00029480000000001725,,,,,True,False,0,,
mongodb,grid,left_recursion,700,ok,,5,0.5670211581978947,0.5662682909751311,0.007486495640987594,0.5592170830350369,0.5757541249040514,0.0002985999999999933,,,,,True,False,0,,
mongodb,grid,left_recursion,800,ok,,5,0.757237050216645,0.7585358750075102,0.008617634255837192,0.747756875003688,0.7695533339865506,0.0003664000000000112,,,,,True,False,0,,
mongodb,grid,left_recursion,900,ok,,5,1.0104923002189026,1.012281500035897,0.0069761938377038875,1.0020356670720503,1.020036792033352,0.00038639999999998673,,,,,True,False,0,,
mongodb,grid,left_recursion,1000,ok,,5,1.1560905999736861,1.153997499961406,0.010304586110802216,1.1450231249909848,1.1724164580227807,0.0003857999999999917,,,,,True,False,0,,
mongodb,max_acyclic,left_recursion,100,ok,,5,25.066716866591015,25.006246709031984,0.13531040212267104,24.929386957897805,25.269721708027646,0.004378000000000004,,,,,True,False,0,,
mongodb,max_acyclic,left_recursion,200,timeout,timeout,0,,,,,,,,,,,,False,0,,
mongodb,max_acyclic,left_recursion,300,skipped,timeout,0,,,,,,,,,,,,False,0,,
mongodb,max_acyclic,left_recursion,400,skipped,timeout,0,,,,,,,,,,,,False,0,,
mongodb,max_acyclic,left_recursion,500,skipped,timeout,0,,,,,,,,,,,,False,0,,
mongodb,max_acyclic,left_recursion,600,skipped,timeout,0,,,,,,,,,,,,False,0,,
mongodb,max_acyclic,left_recursion,700,skipped,timeout,0,,,,,,,,,,,,False,0,,
mongodb,max_acyclic,left_recursion,800,skipped,timeout,0,,,,,,,,,,,,False,0,,
mongodb,max_acyclic,left_recursion,900,skipped,timeout,0,,,,,,,,,,,,False,0,,
mongodb,max_acyclic,left_recursion,1000,skipped,timeout,0,,,,,,,,,,,,False,0,,
mongodb,multi_path,left_recursion,100,ok,,5,0.15794122524093837,0.15873208304401487,0.0025695819703435052,0.1543632090324536,0.1605275000911206,0.0002160000000000273,,,,,True,False,0,,
mongodb,multi_path,left_recursion,200,ok,,5,0.5950563829857856,0.5926447079982609,0.008870840554442774,0.5851458329707384,0.6050972909433767,0.00027999999999999136,,,,,True,False,0,,
mongodb,multi_path,left_recursion,300,ok,,5,1.510019091819413,1.5044956669444218,0.019692444352532375,1.4949917090125382,1.5444248330313712,0.0004622000000000015,,,,,True,False,0,,
mongodb,multi_path,left_recursion,400,ok,,5,2.645823216554709,2.640739499940537,0.017892791464493397,2.6310482500120997,2.6744017919991165,0.0007417999999999924,,,,,True,False,0,,
mongodb,multi_path,left_recursion,500,ok,,5,4.160554924979806,4.134756791987456,0.06818310085724384,4.1213356659282,4.281822041957639,0.0010540000000000104,,,,,True,False,0,,
mongodb,multi_path,left_recursion,600,ok,,5,5.920923374965787,5.903309541987255,0.026068308885900632,5.900816750014201,5.950961915892549,0.0014741999999999921,,,,,True,False,0,,
mongodb,multi_path,left_recursion,700,ok,,5,8.048376941797324,8.012596750049852,0.05799897577576757,8.008093207958154,8.140985167003237,0.001799000000000006,,,,,True,False,0,,
mongodb,multi_path,left_recursion,800,ok,,5,10.470339799998328,10.479287249967456,0.05221504020502251,10.396070125047117,10.536149624967948,0.0026017999999999987,,,,,True,False,0,,
mongodb,multi_path,left_recursion,900,ok,,5,13.286789016798139,13.258902124944143,0.05673350345909672,13.236696166917682,13.360320250038058,0.0030914,,,,,True,False,0,,
mongodb,multi_path,left_recursion,1000,ok,,5,16.429329116782174,16.433027459075674,0.06601993840947848,16.330357749946415,16.5157401249744,0.0037089999999999844,,,,,True,False,0,,
mongodb,path,left_recursion,100,ok,,5,0.028675283188931644,0.028110083076171577,0.0015353932126171812,0.02683120802976191,0.030586665961891413,0.00015420000000000434,,,,,True,False,0,,
mongodb,path,left_recursion,200,ok,,5,0.06462497480679304,0.06469891604501754,0.0007860904535403801,0.0636913749622181,0.06549900001846254,0.00018780000000001573,,,,,True,False,0,,
mongodb,path,left_recursion,300,ok,,5,0.12790459140669555,0.1282597080571577,0.0026489991590826463,0.12489075004123151,0.13067991600837559,0.00018399999999999528,,,,,True,False,0,,
mongodb,path,left_recursion,400,ok,,5,0.21868975860998036,0.21717787499073893,0.007669074053847985,0.21325641707517207,0.23190129199065268,0.0002160000000000051,,,,,True,False,0,,
mongodb,path,left_recursion,500,ok,,5,0.3465768334222957,0.348369957995601,0.004907542078418395,0.33919745904859155,0.3520965420175344,0.0002604000000000051,,,,,True,False,0,,
mongodb,path,left_recursion,600,ok,,5,0.497945374972187,0.500175749999471,0.007645558724422984,0.48802520893514156,0.5048427080037072,0.00028899999999999483,,,,,True,False,0,,
mongodb,path,left_recursion,700,ok,,5,0.7007388330297545,0.702245541033335,0.017466631617794028,0.6798351249890402,0.72676395799499,0.000359799999999999,,,,,True,False,0,,
mongodb,path,left_recursion,800,ok,,5,1.0283761163707823,1.034045165986754,0.009055608155893341,1.0158994580851868,1.0354714168934152,0.00044519999999999006,,,,,True,False,0,,
mongodb,path,left_recursion,900,ok,,5,1.2894699916243553,1.291369582992047,0.013196879661103651,1.2676122500561178,1.3019090000307187,0.0005213999999999941,,,,,True,False,0,,
mongodb,path,left_recursion,1000,ok,,5,1.6267313333926723,1.6046913749305531,0.04998184357540244,1.5987679170211777,1.7157090000109747,0.0005483999999999934,,,,,True,False,0,,
mongodb,reverse_binary_tree,left_recursion,100,ok,,5,0.018994299811311066,0.017951541929505765,0.002622914897837917,0.01613566605374217,0.022470208001323044,0.00013780000000001013,,,,,True,False,0,,
mongodb,reverse_binary_tree,left_recursion,200,ok,,5,0.019983542035333812,0.019861584063619375,0.001038964485598273,0.018728667055256665,0.021163125056773424,0.0001308000000000198,,,,,True,False,0,,
mongodb,reverse_binary_tree,left_recursion,300,ok,,5,0.025700591807253658,0.025837625027634203,0.0007866335600522542,0.024857957963831723,0.026794167002663016,0.00014479999999998937,,,,,True,False,0,,
mongodb,reverse_binary_tree,left_recursion,400,ok,,5,0.02589385835453868,0.02656879194546491,0.0015828994360109689,0.024095959030091763,0.027341874898411334,0.00015140000000002374,,,,,True,False,0,,
mongodb,reverse_binary_tree,left_recursion,500,ok,,5,0.02495534180197865,0.025275374995544553,0.000826308858051565,0.024032667046412826,0.0259732500417158,0.00014239999999998698,,,,,True,False,0,,
mongodb,reverse_binary_tree,left_recursion,600,ok,,5,0.037698208214715125,0.037262917030602694,0.0023104727158285133,0.035071915946900845,0.04070066602434963,0.00014060000000001293,,,,,True,False,0,,
mongodb,reverse_binary_tree,left_recursion,700,ok,,5,0.03756449157372117,0.03873649996239692,0.0027202758219769655,0.033319707959890366,0.04026329203043133,0.00014539999999998443,,,,,True,False,0,,
mongodb,reverse_binary_tree,left_recursion,800,ok,,5,0.03598584176506847,0.03592275001574308,0.00033689293583737795,0.03562470804899931,0.036543166963383555,0.00015599999999997837,,,,,True,False,0,,
mongodb,reverse_binary_tree,left_recursion,900,ok,,5,0.03733663340099156,0.03664458298590034,0.0015090444314630467,0.03640891704708338,0.04001179104670882,0.00015840000000000298,,,,,True,False,0,,
mongodb,reverse_binary_tree,left_recursion,1000,ok,,5,0.03791346698999405,0.03821358399000019,0.0012141556133846482,0.03646937501616776,0.039146916940808296,0.00014340000000000462,,,,,True,False,0,,
mongodb,scale_free,left_recursion,10000,ok,,5,95.88224765018094,95.94737054198049,0.12594159946197725,95.66951916692778,95.97479933395516,0.017133199999999994,,,,,True,False,0,,
mongodb,scale_free,left_recursion,20000,ok,,5,502.89308461674955,502.7535679999273,0.3424735972570728,502.5540672088973,503.4356122079771,0.0920942,,,,,True,False,0,,
mongodb,scale_free,left_recursion,30000,timeout,timeout,0,,,,,,,,,,,,False,0,,
mongodb,scale_free,left_recursion,40000,skipped,timeout,0,,,,,,,,,,,,False,0,,
mongodb,scale_free,left_recursion,50000,skipped,timeout,0,,,,,,,,,,,,False,0,,
mongodb,scale_free,left_recursion,60000,skipped,timeout,0,,,,,,,,,,,,False,0,,
mongodb,scale_free,left_recursion,70000,skipped,timeout,0,,,,,,,,,,,,False,0,,
mongodb,scale_free,left_recursion,80000,skipped,timeout,0,,,,,,,,,,,,False,0,,
mongodb,scale_free,left_recursion,90000,skipped,timeout,0,,,,,,,,,,,,False,0,,
mongodb,scale_free,right_recursion,10000,ok,,5,95.27857849139255,95.46619712503161,0.9557954235448144,94.27603891596664,96.36420950002503,0.01493040000000001,,,,,True,False,0,,
mongodb,scale_free,right_recursion,20000,ok,,5,490.09550408341454,490.6213210420683,1.2158729431754731,488.3651187920477,491.12274091597646,0.0605844,,,,,True,False,0,,
mongodb,scale_free,right_recursion,30000,timeout,timeout,0,,,,,,,,,,,,False,0,,
mongodb,scale_free,right_recursion,40000,skipped,timeout,0,,,,,,,,,,,,False,0,,
mongodb,scale_free,right_recursion,50000,skipped,timeout,0,,,,,,,,,,,,False,0,,
mongodb,scale_free,right_recursion,60000,skipped,timeout,0,,,,,,,,,,,,False,0,,
mongodb,scale_free,right_recursion,70000,skipped,timeout,0,,,,,,,,,,,,False,0,,
mongodb,scale_free,right_recursion,80000,skipped,timeout,0,,,,,,,,,,,,False,0,,
mongodb,scale_free,right_recursion,90000,skipped,timeout,0,,,,,,,,,,,,False,0,,
mongodb,w,left_recursion,100,ok,,5,0.05158504161518067,0.05191999999806285,0.008114264006075851,0.04070237500127405,0.06300187495071441,0.00017099999999998784,,,,,True,False,0,,
mongodb,w,left_recursion,200,ok,,5,0.06314391661435366,0.06299054098781198,0.0011813207676203428,0.061618292005732656,0.06446212506853044,0.0001852000000000076,,,,,True,False,0,,
mongodb,w,left_recursion,300,ok,,5,0.08702443337533623,0.08702199999243021,0.0013140849921283381,0.08552291698288172,0.08871362498030066,0.00018200000000001548,,,,,True,False,0,,
mongodb,w,left_recursion,400,ok,,5,0.11151487475726754,0.11058137496002018,0.0017933195244413953,0.10986241593491286,0.11406616598833352,0.0001708000000000043,,,,,True,False,0,,
mongodb,w,left_recursion,500,ok,,5,0.1367430997779593,0.1372535409172997,0.0012934707120962723,0.1353939160471782,0.1383246670011431,0.0001652000000000098,,,,,True,False,0,,
mongodb,w,left_recursion,600,ok,,5,0.16110234141815455,0.16202029201667756,0.0019545175677696137,0.15838158305268735,0.1629604579648003,0.00017379999999999062,,,,,True,False,0,,
mongodb,w,left_recursion,700,ok,,5,0.18521728317718952,0.18610416597221047,0.0025928063087405865,0.18181741691660136,0.1883479580283165,0.00017560000000002018,,,,,True,False,0,,
mongodb,w,left_recursion,800,ok,,5,0.21035920861177146,0.21115808398462832,0.0016382394843374821,0.20759087498299778,0.2115279589779675,0.0002180000000000071,,,,,True,False,0,,
mongodb,w,left_recursion,900,ok,,5,0.23469054161105304,0.23444237501826137,0.0007495603171267422,0.23383379203733057,0.23571158305276185,0.0002418000000000031,,,,,True,False,0,,
mongodb,w,left_recursion,1000,ok,,5,0.2590651583857834,0.26017162506468594,0.002232269717516618,0.2565061670029536,0.2615377919282764,0.0002313999999999816,,,,,True,False,0,,
mongodb,x,left_recursion,100,ok,,5,0.020675316592678426,0.020979583030566573,0.001595529251142921,0.01867687504272908,0.022920124931260943,0.0001476000000000033,,,,,True,False,0,,
mongodb,x,left_recursion,200,ok,,5,0.0248922246042639,0.024977916036732495,0.0010433996840722372,0.02328704099636525,0.025822916999459267,0.00015400000000000968,,,,,True,False,0,,
mongodb,x,left_recursion,300,ok,,5,0.038611316797323526,0.03182654199190438,0.010890199319506525,0.02922920905984938,0.051893958006985486,0.00018139999999999823,,,,,True,False,0,,
mongodb,x,left_recursion,400,ok,,5,0.04248209137003869,0.04252149991225451,0.004713522314443694,0.03600029100198299,0.04706083296332508,0.00016819999999998503,,,,,True,False,0,,
mongodb,x,left_recursion,500,ok,,5,0.04265548321418464,0.042620916035957634,0.0018699798359805653,0.040791750070638955,0.045670249965041876,0.00015719999999999068,,,,,True,False,0,,
mongodb,x,left_recursion,600,ok,,5,0.04998960795346648,0.04999183292966336,0.0022639631888668934,0.04713224992156029,0.053412916022352874,0.00017799999999997817,,,,,True,False,0,,
mongodb,x,left_recursion,700,ok,,5,0.05374137498438358,0.05322699993848801,0.0017261464569004405,0.051938457996584475,0.0557680829660967,0.00019319999999998228,,,,,True,False,0,,
mongodb,x,left_recursion,800,ok,,5,0.05842950837686658,0.058665000018663704,0.0015302030984773005,0.05600016692187637,0.060110207996331155,0.0001611999999999836,,,,,True,False,0,,
mongodb,x,left_recursion,900,ok,,5,0.06359002497047186,0.06391741696279496,0.001720779296424351,0.06137574999593198,0.06577099999412894,0.0001640000000000086,,,,,True,False,0,,
mongodb,x,left_recursion,1000,ok,,5,0.06976015022955835,0.07091587502509356,0.0030870607500399277,0.06432350003160536,0.07201858307234943,0.00016220000000001235,,,,,True,False,0,,
mongodb,y,left_recursion,100,ok,,5,0.02201375816948712,0.021631959010846913,0.002362816648670923,0.01947458297945559,0.025424124905839562,0.00012840000000001738,,,,,True,False,0,,
mongodb,y,left_recursion,200,ok,,5,0.024758000229485332,0.02487683400977403,0.0020348066812387,0.022645791992545128,0.027833250002004206,0.0001372000000000151,,,,,True,False,0,,
mongodb,y,left_recursion,300,ok,,5,0.03167825001291931,0.03128620807547122,0.0010672384377138993,0.03076095797587186,0.03338199993595481,0.00014640000000001318,,,,,True,False,0,,
mongodb,y,left_recursion,400,ok,,5,0.037535074958577754,0.03801116591785103,0.0013529406185428259,0.035921999951824546,0.03918566706124693,0.0001496000000000275,,,,,True,False,0,,
mongodb,y,left_recursion,500,ok,,5,0.04208550839684903,0.041809124988503754,0.0009077411461481955,0.0410927499178797,0.04354958306066692,0.0001491999999999938,,,,,True,False,0,,
mongodb,y,left_recursion,600,ok,,5,0.046219358360394834,0.04532816691789776,0.0017809342635359507,0.04470933391712606,0.04853237501811236,0.0001564000000000121,,,,,True,False,0,,
mongodb,y,left_recursion,700,ok,,5,0.050966366590000686,0.051550707896240056,0.0013477316198741418,0.049150625010952353,0.052122625056654215,0.00015580000000000593,,,,,True,False,0,,
mongodb,y,left_recursion,800,ok,,5,0.05665223321411759,0.05718145798891783,0.001767748627603351,0.05369141697883606,0.058399041066877544,0.00015760000000000218,,,,,True,False,0,,
mongodb,y,left_recursion,900,ok,,5,0.06063772540073842,0.06047104194294661,0.0015334225878215213,0.05899020901415497,0.06228279205970466,0.00017620000000001523,,,,,True,False,0,,
mongodb,y,left_recursion,1000,ok,,5,0.07250254140235483,0.06981041608378291,0.00990367248991055,0.06510062492452562,0.08986025000922382,0.0001660000000000106,,,,,True,False,0,,
neo4j,barabasi_albert,left_recursion,10000,ok,,5,0.3042641086271033,0.3146848340984434,0.019914172143496285,0.26962562499102205,0.3163442090153694,0.006476999999999999,38.2,1.0954451150103321,38.2,neo4j estimatedUsedHeapMemory of the query,True,False,0,,
neo4j,barabasi_albert,left_recursion,20000,ok,,5,1.152699899999425,1.1317608329700306,0.08572155664927741,1.044157583033666,1.2709801249438897,0.021730199999999988,105.2,0.8366600265340756,105.2,neo4j estimatedUsedHeapMemory of the query,True,False,0,,
neo4j,barabasi_albert,left_recursion,30000,ok,,5,2.1958151164231823,2.146119791083038,0.19797071011114242,1.9378575410228223,2.438284832984209,0.03933179999999999,168.8,1.4832396974191326,168.8,neo4j estimatedUsedHeapMemory of the query,True,False,5,agreement,
neo4j,barabasi_albert,left_recursion,40000,ok,,5,3.504832874797285,3.5024569580564275,0.23329566156515041,3.1679166660178453,3.816073708003387,0.06154240000000001,256.6,0.8944271909999159,256.6,neo4j estimatedUsedHeapMemory of the query,True,False,5,agreement,
neo4j,barabasi_albert,left_recursion,50000,ok,,5,4.587825166387484,4.551632042042911,0.24858678346873153,4.317234957939945,4.872855665977113,0.08028659999999997,336.4,0.5477225575051661,336.4,neo4j estimatedUsedHeapMemory of the query,True,False,5,agreement,
neo4j,barabasi_albert,left_recursion,60000,ok,,5,6.355824466561899,6.413735582958907,0.10724956223787263,6.187842374900356,6.450082666007802,0.108473,452.0,0.7071067811865476,452.0,neo4j estimatedUsedHeapMemory of the query,True,False,5,agreement,
neo4j,barabasi_albert,left_recursion,70000,ok,,5,8.048959658364765,8.056417291983962,0.3734443502384576,7.577006082981825,8.60585212497972,0.13703500000000002,541.4,0.8944271909999159,541.4,neo4j estimatedUsedHeapMemory of the query,True,False,5,agreement,
neo4j,barabasi_albert,left_recursion,80000,ok,,5,9.779874599981122,9.564026667037979,0.33870428434189714,9.532150499988347,10.30044529098086,0.1716938,633.6,0.8944271909999159,633.6,neo4j estimatedUsedHeapMemory of the query,True,False,5,agreement,
neo4j,barabasi_albert,left_recursion,90000,ok,,5,12.309133099997416,12.255961457965896,0.5247088616058734,11.731202833005227,13.128376667038538,0.205845,795.4,0.8944271909999159,795.4,neo4j estimatedUsedHeapMemory of the query,True,False,5,agreement,
neo4j,barabasi_albert,left_recursion,100000,ok,,5,14.350601491611451,14.437943374970928,0.224575728504785,14.062068125000224,14.555417250026949,0.2396424,898.2,0.4472135954999579,898.2,neo4j estimatedUsedHeapMemory of the query,,False,5,,
neo4j,binary_tree,left_recursion,100,ok,,5,0.0004596747923642397,0.00043949997052550316,9.400239123947989e-05,0.0003761660773307085,0.0006074999691918492,0.0001435999999999993,0.0,0.0,0.0,neo4j estimatedUsedHeapMemory of the query,True,False,0,,
neo4j,binary_tree,left_recursion,200,ok,,5,0.0005574834300205112,0.0005513340001925826,2.0223631728580972e-05,0.0005382919916883111,0.0005822080420330167,0.00015279999999999737,0.0,0.0,0.0,neo4j estimatedUsedHeapMemory of the query,True,False,0,,
neo4j,binary_tree,left_recursion,300,ok,,5,0.0009346331702545285,0.0009371669730171561,3.549798566283294e-05,0.000898041995242238,0.000975457951426506,0.0001560000000000006,0.0,0.0,0.0,neo4j estimatedUsedHeapMemory of the query,True,False,0,,
neo4j,binary_tree,left_recursion,400,ok,,5,0.0009184999857097864,0.0009039998985826969,4.259644914173365e-05,0.0008865420240908861,0.0009892910020425916,0.00015399999999998748,0.0,0.0,0.0,neo4j estimatedUsedHeapMemory of the query,True,False,0,,
neo4j,binary_tree,left_recursion,500,ok,,5,0.0009324918035417795,0.0009232090087607503,2.7333416839201052e-05,0.0009042919846251607,0.0009706669952720404,0.00017219999999998903,0.0,0.0,0.0,neo4j estimatedUsedHeapMemory of the query,True,False,0,,
neo4j,binary_tree,left_recursion,600,ok,,5,0.0016989998053759336,0.0017073750495910645,2.5587917786171007e-05,0.0016572499880567193,0.0017193329986184835,0.0001479999999999926,0.0,0.0,0.0,neo4j estimatedUsedHeapMemory of the query,True,False,0,,
neo4j,binary_tree,left_recursion,700,ok,,5,0.001702008629217744,0.001706999959424138,2.8108966364356154e-05,0.001656375010497868,0.0017336671007797122,0.00014300000000000423,0.0,0.0,0.0,neo4j estimatedUsedHeapMemory of the query,True,False,0,,
neo4j,binary_tree,left_recursion,800,ok,,5,0.0016977835912257433,0.0017149170162156224,4.6606145204288684e-05,0.0016369170043617487,0.0017547080060467124,0.0001476000000000033,0.0,0.0,0.0,neo4j estimatedUsedHeapMemory of the query,True,False,0,,
neo4j,binary_tree,left_recursion,900,ok,,5,0.0018862831871956586,0.0017640000442042947,0.00039989507753898813,0.0016199999954551458,0.002593165962025523,0.00015380000000000393,0.0,0.0,0.0,neo4j estimatedUsedHeapMemory of the query,True,False,0,,
neo4j,binary_tree,left_recursion,1000,ok,,5,0.0017080249963328242,0.00171383295673877,4.2366285333701545e-05,0.001654915977269411,0.001749332994222641,0.00014099999999999112,0.0,0.0,0.0,neo4j estimatedUsedHeapMemory of the query,True,False,0,,
neo4j,complete,left_recursion,100,ok,,5,0.07538787501398474,0.03442979196552187,0.08565868318388879,0.033731875009834766,0.22832195810042322,0.0019663999999999906,2.0,0.0,2.0,neo4j estimatedUsedHeapMemory of the query,True,False,0,,
neo4j,complete,left_recursion,200,ok,,5,0.24527236660942436,0.2462025829590857,0.0025807392323067774,0.24140812503173947,0.24780954199377447,0.004034600000000022,6.0,0.0,6.0,neo4j estimatedUsedHeapMemory of the query,True,False,0,,
neo4j,complete,left_recursion,300,ok,,5,0.8454892749898135,0.8338223749306053,0.04009745106347308,0.8178225830197334,0.9151714169420302,0.01156919999999998,10.0,0.0,10.0,neo4j estimatedUsedHeapMemory of the query,True,False,0,,
neo4j,complete,left_recursion,400,ok,,5,2.0828649163944646,2.0869484579889104,0.02618844246661295,2.0516447910340503,2.1097821249859408,0.0255984,19.0,0.0,19.0,neo4j estimatedUsedHeapMemory of the query,True,False,0,,
neo4j,complete,left_recursion,500,ok,,5,4.255795691604726,4.273784875054844,0.045464874326098,4.181966457981616,4.29313933395315,0.052014399999999995,30.0,0.0,30.0,neo4j estimatedUsedHeapMemory of the query,True,False,0,,
neo4j,complete,left_recursion,600,ok,,5,6.784530041646212,6.81998916703742,0.07910329267924639,6.67184158298187,6.863103417097591,0.0833044,40.0,0.0,40.0,neo4j estimatedUsedHeapMemory of the query,True,False,0,,
neo4j,complete,left_recursion,700,ok,,5,10.96191197517328,10.937301749945618,0.10352234897408803,10.858341958955862,11.109700833912939,0.13303879999999998,57.0,0.0,57.0,neo4j estimatedUsedHeapMemory of the query,True,False,0,,
neo4j,complete,left_recursion,800,ok,,5,16.834257850190625,16.92043829197064,0.16247364758062366,16.570669417036697,16.94853433407843,0.19941559999999997,73.0,0.0,73.0,neo4j estimatedUsedHeapMemory of the query,True,False,0,,
neo4j,complete,left_recursion,900,ok,,5,25.02958999183029,25.100485959090292,0.17828135989597158,24.76169945904985,25.20008195808623,0.2915918,98.0,0.0,98.0,neo4j estimatedUsedHeapMemory of the query,True,False,0,,
neo4j,complete,left_recursion,1000,ok,,5,35.74486111639999,35.77919908298645,0.1933332206302946,35.48721912491601,35.997909915982746,0.4113924,116.0,0.0,116.0,neo4j estimatedUsedHeapMemory of the query,True,False,0,,
neo4j,cycle,left_recursion,100,ok,,5,0.00876799998804927,0.003720999928191304,0.011350134010843643,0.003647250006906688,0.029071624972857535,0.0005450000000000177,0.0,0.0,0.0,neo4j estimatedUsedHeapMemory of the query,True,False,0,,
neo4j,cycle,left_recursion,200,ok,,5,0.014574700430966914,0.014569042017683387,9.600405558259472e-05,0.014447584049776196,0.014708667062222958,0.00042560000000000373,2.4,3.286335345030997,2.4,neo4j estimatedUsedHeapMemory of the query,True,False,0,,
neo4j,cycle,left_recursion,300,ok,,5,0.036759200203232464,0.034602749976329505,0.003916298090382991,0.03431183402426541,0.0435318750096485,0.0011884000000000005,9.6,0.8944271909999159,9.6,neo4j estimatedUsedHeapMemory of the query,True,False,0,,
neo4j,cycle,left_recursion,400,ok,,5,0.06967468303628266,0.06648695794865489,0.0049877754166136115,0.065681750071235,0.07563454110641032,0.001797800000000016,17.4,1.6733200530681511,17.4,neo4j estimatedUsedHeapMemory of the query,True,False,0,,
neo4j,cycle,left_recursion,500,ok,,5,0.12868254140485078,0.12668483308516443,0.00960900501780194,0.11712020798586309,0.14357466599904,0.0027806000000000107,27.6,0.8944271909999159,27.6,neo4j estimatedUsedHeapMemory of the query,True,False,0,,
neo4j,cycle,left_recursion,600,ok,,5,0.17649955002125353,0.1784022080246359,0.007971302291239369,0.16711675003170967,0.18689804209861904,0.003327599999999986,39.2,1.0954451150103321,39.2,neo4j estimatedUsedHeapMemory of the query,True,False,0,,
neo4j,cycle,left_recursion,700,ok,,5,0.27247999974060805,0.26735224993899465,0.01214307229354172,0.26245474989991635,0.29229074995964766,0.0045688000000000065,56.2,1.0954451150103321,56.2,neo4j estimatedUsedHeapMemory of the query,True,False,0,,
neo4j,cycle,left_recursion,800,ok,,5,0.34980478319339453,0.35114412498660386,0.01441959542054353,0.33323283307254314,0.36580112494993955,0.005659199999999998,70.6,0.8944271909999159,70.6,neo4j estimatedUsedHeapMemory of the query,True,False,0,,
neo4j,cycle,left_recursion,900,ok,,5,0.5282609998015687,0.5333921670680866,0.012054170960398692,0.5142096249619499,0.5421327080111951,0.008192,95.6,0.8944271909999159,95.6,neo4j estimatedUsedHeapMemory of the query,True,False,0,,
neo4j,cycle,left_recursion,1000,ok,,5,0.6309224579948932,0.6286715000169352,0.009921795512890288,0.6217253330396488,0.646743958001025,0.009410600000000014,114.0,1.4142135623730951,114.0,neo4j estimatedUsedHeapMemory of the query,True,False,0,,
neo4j,cycle_with_shortcuts,left_recursion,100,ok,,5,0.011045224801637232,0.010551749961450696,0.0011923338885331588,0.010405583074316382,0.01317433302756399,0.00015699999999998492,0.0,0.0,0.0,neo4j estimatedUsedHeapMemory of the query,True,False,0,,
neo4j,cycle_with_shortcuts,left_recursion,200,ok,,5,0.04456207500770688,0.04208658298011869,0.005592385579395415,0.041089917067438364,0.054486208013258874,0.0010691999999999924,4.0,0.0,4.0,neo4j estimatedUsedHeapMemory of the query,True,False,0,,
neo4j,cycle_with_shortcuts,left_recursion,300,ok,,5,0.09873229980003088,0.09735745808575302,0.0030807413631859406,0.09590900002513081,0.10207495791837573,0.0019520000000000093,10.0,0.0,10.0,neo4j estimatedUsedHeapMemory of the query,True,False,0,,
neo4j,cycle_with_shortcuts,left_recursion,400,ok,,5,0.1793177247978747,0.17881008295807987,0.002975618430130963,0.17545712494757026,0.18274370802100748,0.0026945999999999914,17.8,1.0954451150103321,17.8,neo4j estimatedUsedHeapMemory of the query,True,False,0,,
neo4j,cycle_with_shortcuts,left_recursion,500,ok,,5,0.29401475002523514,0.293261667015031,0.0014670148114222575,0.29304979206062853,0.29654970800038427,0.003883799999999993,29.2,1.0954451150103321,29.2,neo4j estimatedUsedHeapMemory of the query,True,False,0,,
neo4j,cycle_with_shortcuts,left_recursion,600,ok,,5,0.4252298336010426,0.426293124910444,0.00179079050662002,0.42290766700170934,0.4267244590446353,0.005325800000000003,40.0,0.0,40.0,neo4j estimatedUsedHeapMemory of the query,True,False,0,,
neo4j,cycle_with_shortcuts,left_recursion,700,ok,,5,0.6315182498190552,0.6271884579909965,0.010874012518083172,0.620237083057873,0.6445722079370171,0.008112599999999992,57.0,0.0,57.0,neo4j estimatedUsedHeapMemory of the query,True,False,0,,
neo4j,cycle_with_shortcuts,left_recursion,800,ok,,5,0.8183726164046675,0.8152476249961182,0.006014240963555756,0.8146332910982892,0.8288638329831883,0.009963200000000005,71.0,0.0,71.0,neo4j estimatedUsedHeapMemory of the query,True,False,0,,
neo4j,cycle_with_shortcuts,left_recursion,900,ok,,5,1.1280035417992622,1.1274564160266891,0.011776989100962863,1.1176905420143157,1.1463756669545546,0.014024399999999992,96.8,1.0954451150103321,96.8,neo4j estimatedUsedHeapMemory of the query,True,False,0,,
neo4j,cycle_with_shortcuts,left_recursion,1000,ok,,5,1.3848574085859582,1.3827162079978734,0.013764501596293784,1.3715247500222176,1.4073259589495137,0.01692579999999999,115.2,1.0954451150103321,115.2,neo4j estimatedUsedHeapMemory of the query,True,False,0,,
neo4j,grid,left_recursion,100,ok,,5,0.004384466982446611,0.0015322919934988022,0.006379868533786015,0.0014856669586151838,0.015796958934515715,0.0002570000000000072,0.0,0.0,0.0,neo4j estimatedUsedHeapMemory of the query,True,False,0,,
neo4j,grid,left_recursion,200,ok,,5,0.004930991376750171,0.0049381660064682364,3.7588646567632184e-05,0.00488662498537451,0.004982374957762659,0.0001500000000000168,0.0,0.0,0.0,neo4j estimatedUsedHeapMemory of the query,True,False,0,,
neo4j,grid,left_recursion,300,ok,,5,0.010454516974277794,0.010442084050737321,0.00016742944275175944,0.0102818749146536,0.010655667050741613,0.00016440000000000898,0.0,0.0,0.0,neo4j estimatedUsedHeapMemory of the query,True,False,0,,
neo4j,grid,left_recursion,400,ok,,5,0.019861783413216472,0.01957191596738994,0.0007241536375661743,0.019338416983373463,0.021135666989721358,0.000882000000000005,5.6,0.8944271909999159,5.6,neo4j estimatedUsedHeapMemory of the query,True,False,0,,
neo4j,grid,left_recursion,500,ok,,5,0.03399345001671463,0.030306166969239712,0.005351467947661796,0.029782084049656987,0.04037304106168449,0.0010553999999999952,6.0,1.4142135623730951,6.0,neo4j estimatedUsedHeapMemory of the query,True,False,0,,
neo4j,grid,left_recursion,600,ok,,5,0.044943208200857045,0.04276587499771267,0.004260675429288677,0.04212345799896866,0.052240457967855036,0.0011619999999999964,8.4,1.140175425099138,8.4,neo4j estimatedUsedHeapMemory of the query,True,False,0,,
neo4j,grid,left_recursion,700,ok,,5,0.0667311331955716,0.06318566598929465,0.005305483554472483,0.062403916963376105,0.07285574998240918,0.001622200000000007,13.6,0.8944271909999159,13.6,neo4j estimatedUsedHeapMemory of the query,True,False,0,,
neo4j,grid,left_recursion,800,ok,,5,0.08684797496534884,0.0837863750057295,0.005039852426958518,0.08224449993576854,0.09263524995185435,0.0017652000000000002,17.0,1.224744871391589,17.0,neo4j estimatedUsedHeapMemory of the query,True,False,0,,
neo4j,grid,left_recursion,900,ok,,5,0.12845174984540791,0.1291155000217259,0.007035443632377188,0.1199722500750795,0.13760358304716647,0.0026088,24.2,0.4472135954999579,24.2,neo4j estimatedUsedHeapMemory of the query,True,False,0,,
neo4j,grid,left_recursion,1000,ok,,5,0.14829726656898856,0.14469520805869251,0.008497999716871396,0.14327924989629537,0.16343570803292096,0.0027158000000000017,27.4,0.8944271909999159,27.4,neo4j estimatedUsedHeapMemory of the query,True,False,0,,
neo4j,max_acyclic,left_recursion,100,ok,,5,0.010898724826984108,0.006324124988168478,0.010311245797527697,0.0061518329894170165,0.029343167087063193,0.00043760000000001573,0.0,0.0,0.0,neo4j estimatedUsedHeapMemory of the query,True,False,0,,
neo4j,max_acyclic,left_recursion,200,ok,,5,0.0431572665926069,0.04268995800521225,0.0013782650106339033,0.04219199996441603,0.04556387499906123,0.0010801999999999977,2.0,0.0,2.0,neo4j estimatedUsedHeapMemory of the query,True,False,0,,
neo4j,max_acyclic,left_recursion,300,ok,,5,0.14903909200802445,0.1383963340194896,0.023286326694512468,0.13746187498327345,0.1906421669991687,0.002252400000000021,6.0,0.0,6.0,neo4j estimatedUsedHeapMemory of the query,True,False,0,,
neo4j,max_acyclic,left_recursion,400,ok,,5,0.33566062499303373,0.33569866605103016,0.006286229279523511,0.3267460420029238,0.34352170897182077,0.004350199999999982,10.0,0.0,10.0,neo4j estimatedUsedHeapMemory of the query,True,False,0,,
neo4j,max_acyclic,left_recursion,500,ok,,5,0.6655645168386399,0.6615729160839692,0.017660752961689074,0.6493057920597494,0.6951758340001106,0.007390800000000008,16.0,0.0,16.0,neo4j estimatedUsedHeapMemory of the query,True,False,0,,
neo4j,max_acyclic,left_recursion,600,ok,,5,1.1323952665785328,1.1336372499354184,0.006859709215247909,1.1211940000066534,1.138653957983479,0.012021000000000014,20.6,0.5477225575051661,20.6,neo4j estimatedUsedHeapMemory of the query,True,False,0,,
neo4j,max_acyclic,left_recursion,700,ok,,5,1.8258730166126043,1.8328284999588504,0.01496731207915597,1.8026492079952732,1.840332500054501,0.019616200000000007,29.2,0.8366600265340756,29.2,neo4j estimatedUsedHeapMemory of the query,True,False,0,,
neo4j,max_acyclic,left_recursion,800,ok,,5,2.70145166660659,2.695750000071712,0.037801780330872954,2.6665355840232223,2.7646340830251575,0.02935279999999999,36.2,0.4472135954999579,36.2,neo4j estimatedUsedHeapMemory of the query,True,False,0,,
neo4j,max_acyclic,left_recursion,900,ok,,5,3.9185947249876336,3.9243501670425758,0.02024690870075622,3.886604208033532,3.940373291959986,0.04368340000000002,49.8,0.4472135954999579,49.8,neo4j estimatedUsedHeapMemory of the query,True,False,0,,
neo4j,max_acyclic,left_recursion,1000,ok,,5,5.277894774801098,5.256933750002645,0.0777795204789895,5.2106169579783455,5.408307916019112,0.0615278,58.0,0.0,58.0,neo4j estimatedUsedHeapMemory of the query,True,False,0,,
neo4j,multi_path,left_recursion,100,ok,,5,0.019533616583794357,0.0195796670159325,0.00023602302500564737,0.019203249947167933,0.0198526659514755,0.0008778000000000064,6.0,0.0,6.0,neo4j estimatedUsedHeapMemory of the query,True,False,0,,
neo4j,multi_path,left_recursion,200,ok,,5,0.09402714159805328,0.09217487496789545,0.005309261514507784,0.09006158297415823,0.10336191696114838,0.0020690000000000096,23.8,1.0954451150103321,23.8,neo4j estimatedUsedHeapMemory of the query,True,False,0,,
neo4j,multi_path,left_recursion,300,ok,,5,0.22829205819871276,0.22717416600789875,0.004537272710553918,0.22471800004132092,0.23611049994360656,0.003932600000000008,51.2,1.0954451150103321,51.2,neo4j estimatedUsedHeapMemory of the query,True,False,0,,
neo4j,multi_path,left_recursion,400,ok,,5,0.458545858412981,0.4559245000127703,0.013262344197005428,0.44510691601317376,0.4804596670437604,0.007487400000000022,95.0,0.0,95.0,neo4j estimatedUsedHeapMemory of the query,True,False,0,,
neo4j,multi_path,left_recursion,500,ok,,5,0.6830416500102728,0.6752287910785526,0.022694860479149866,0.6543082499410957,0.7110810419544578,0.01052519999999999,139.4,0.8944271909999159,139.4,neo4j estimatedUsedHeapMemory of the query,True,False,0,,
neo4j,multi_path,left_recursion,600,ok,,5,1.1417770999949426,1.1491368330316618,0.025440869238334128,1.1052533749025315,1.1683349170489237,0.017095800000000005,209.2,1.0954451150103321,209.2,neo4j estimatedUsedHeapMemory of the query,True,False,0,,
neo4j,multi_path,left_recursion,700,ok,,5,1.5290837747743353,1.5145317090209574,0.04469973899717142,1.4847344160079956,1.6007706249365583,0.022778,274.0,1.4142135623730951,274.0,neo4j estimatedUsedHeapMemory of the query,True,False,0,,
neo4j,multi_path,left_recursion,800,ok,,5,2.354673758405261,2.3463604169664904,0.04523960860721072,2.31371975003276,2.43057604203932,0.0364568,379.8,1.7888543819998317,379.8,neo4j estimatedUsedHeapMemory of the query,True,False,0,,
neo4j,multi_path,left_recursion,900,ok,,5,3.0442705415887756,3.0410207079257816,0.05428422909839568,2.986161125008948,3.1179898750269786,0.047701799999999996,463.8,1.7888543819998317,463.8,neo4j estimatedUsedHeapMemory of the query,True,False,0,,
neo4j,multi_path,left_recursion,1000,ok,,5,3.865867033414543,3.8554845000617206,0.06832640629030126,3.79398295795545,3.968349999981001,0.0609698,557.4,0.8944271909999159,557.4,neo4j estimatedUsedHeapMemory of the query,True,False,0,,
neo4j,path,left_recursion,100,ok,,5,0.0022046164609491824,0.001991625060327351,0.0004959090919930746,0.0019598330836743116,0.0030909160850569606,0.00014920000000000487,0.0,0.0,0.0,neo4j estimatedUsedHeapMemory of the query,True,False,0,,
neo4j,path,left_recursion,200,ok,,5,0.009790341812185943,0.007194041972979903,0.005861797018628882,0.007066958933137357,0.020274833077564836,0.0003514000000000017,0.4,0.8944271909999159,0.4,neo4j estimatedUsedHeapMemory of the query,True,False,0,,
neo4j,path,left_recursion,300,ok,,5,0.016220483416691422,0.01624825003091246,9.409676907455555e-05,0.01606204197742045,0.016305875033140182,0.0006597999999999992,0.0,0.0,0.0,neo4j estimatedUsedHeapMemory of the query,True,False,0,,
neo4j,path,left_recursion,400,ok,,5,0.03268870001193136,0.030687250080518425,0.004125054833147316,0.03055029094684869,0.04003170796204358,0.0010591999999999934,6.2,1.0954451150103321,6.2,neo4j estimatedUsedHeapMemory of the query,True,False,0,,
neo4j,path,left_recursion,500,ok,,5,0.0555750998435542,0.05303062510211021,0.004696371928081046,0.05085091607179493,0.06138258404098451,0.0014766000000000056,13.2,1.0954451150103321,13.2,neo4j estimatedUsedHeapMemory of the query,True,False,0,,
neo4j,path,left_recursion,600,ok,,5,0.07750616660341621,0.07538929092697799,0.004299642153849025,0.07406279200222343,0.08442162501160055,0.0017490000000000116,18.6,1.6733200530681511,18.6,neo4j estimatedUsedHeapMemory of the query,True,False,0,,
neo4j,path,left_recursion,700,ok,,5,0.11808409979566932,0.11861783300992101,0.007434134273829296,0.11078737501520663,0.1282244159374386,0.002455799999999986,28.0,1.224744871391589,28.0,neo4j estimatedUsedHeapMemory of the query,True,False,0,,
neo4j,path,left_recursion,800,ok,,5,0.1553099249722436,0.15670866705477238,0.01093165072939,0.142794624902308,0.16596162493806332,0.002884399999999987,34.8,1.3038404810405297,34.8,neo4j estimatedUsedHeapMemory of the query,True,False,0,,
neo4j,path,left_recursion,900,ok,,5,0.22924214182421565,0.22603866702411324,0.008331119507655055,0.21948116598650813,0.24011933407746255,0.0042547999999999805,47.6,0.8944271909999159,47.6,neo4j estimatedUsedHeapMemory of the query,True,False,0,,
neo4j,path,left_recursion,1000,ok,,5,0.2897919497685507,0.2823815419105813,0.02591399386018183,0.2704514580545947,0.33496995794121176,0.0049079999999999905,57.2,1.0954451150103321,57.2,neo4j estimatedUsedHeapMemory of the query,True,False,0,,
neo4j,reverse_binary_tree,left_recursion,100,ok,,5,0.0003922417992725968,0.0003975839354097843,1.8773232085423723e-05,0.0003685830160975456,0.00041737500578165054,0.00013599999999996948,0.0,0.0,0.0,neo4j estimatedUsedHeapMemory of the query,True,False,0,,
neo4j,reverse_binary_tree,left_recursion,200,ok,,5,0.0005460920045152306,0.000554584083147347,2.422048187935555e-05,0.000512166996486485,0.0005742079811170697,0.0001511999999999958,0.0,0.0,0.0,neo4j estimatedUsedHeapMemory of the query,True,False,0,,
neo4j,reverse_binary_tree,left_recursion,300,ok,,5,0.0009370250161737203,0.000931041082367301,3.5877045350260746e-05,0.000904083950445056,0.0009959579911082983,0.00014599999999997948,0.0,0.0,0.0,neo4j estimatedUsedHeapMemory of the query,True,False,0,,
neo4j,reverse_binary_tree,left_recursion,400,ok,,5,0.0009651502128690481,0.0009645000100135803,2.786996844636644e-05,0.0009372499771416187,0.0010069590061903,0.00016439999999999787,0.0,0.0,0.0,neo4j estimatedUsedHeapMemory of the query,True,False,0,,
neo4j,reverse_binary_tree,left_recursion,500,ok,,5,0.0009529084200039506,0.0009377920068800449,2.8762925266175293e-05,0.0009304169798269868,0.0009996660519391298,0.00014779999999999793,0.0,0.0,0.0,neo4j estimatedUsedHeapMemory of the query,True,False,0,,
neo4j,reverse_binary_tree,left_recursion,600,ok,,5,0.0019293832359835506,0.0017900409875437617,0.0003667711654806718,0.0017216659616678953,0.0025831670500338078,0.0001436000000000215,0.0,0.0,0.0,neo4j estimatedUsedHeapMemory of the query,True,False,0,,
neo4j,reverse_binary_tree,left_recursion,700,ok,,5,0.0017468333709985018,0.0017540829721838236,2.3652326046712337e-05,0.0017077499069273472,0.0017700419994071126,0.00014500000000000624,0.0,0.0,0.0,neo4j estimatedUsedHeapMemory of the query,True,False,0,,
neo4j,reverse_binary_tree,left_recursion,800,ok,,5,0.0017986581893637776,0.0017890830058604479,4.7739380867151366e-05,0.001738124992698431,0.0018498330609872937,0.0001688000000000023,0.0,0.0,0.0,neo4j estimatedUsedHeapMemory of the query,True,False,0,,
neo4j,reverse_binary_tree,left_recursion,900,ok,,5,0.001764866802841425,0.0017577089602127671,4.470952553760818e-05,0.001700832974165678,0.001808375003747642,0.00014819999999999834,0.0,0.0,0.0,neo4j estimatedUsedHeapMemory of the query,True,False,0,,
neo4j,reverse_binary_tree,left_recursion,1000,ok,,5,0.001796716614626348,0.0017886250279843807,3.299031727524938e-05,0.0017596250399947166,0.0018459580605849624,0.00015800000000001368,0.0,0.0,0.0,neo4j estimatedUsedHeapMemory of the query,True,False,0,,
neo4j,scale_free,left_recursion,10000,ok,,5,4.595514983404428,4.614316917024553,0.057545710282656475,4.534140749950893,4.6615274590440094,0.0667858,558.8,0.4472135954999579,558.8,neo4j estimatedUsedHeapMemory of the query,True,False,0,,
neo4j,scale_free,left_recursion,20000,ok,,5,27.584277808014303,27.51960391702596,0.37423916860051687,27.24750579101965,28.222196332993917,0.46487880000000004,2150.0,0.0,2150.0,neo4j estimatedUsedHeapMemory of the query,True,False,0,,
neo4j,scale_free,left_recursion,30000,error,oom,0,,,,,,,,,,,,False,0,,"Neo4j experiment error: {neo4j_code: Neo.TransientError.General.MemoryPoolOutOfMemoryError} {message: The allocation of an extra 2.0 MiB would use more than the limit 3.1 GiB. Currently using 3.1 GiB. dbms.memory.transaction.total.max threshold reached} {gql_status: 51N72} {gql_status_description: error: system configuration or operation exception - memory pool out of memory. Failed to allocate memory in a memory pool. See dbms.memory.transaction.total.max in the neo4j.conf file.} RUN_ONE_RESULT {""timing"": {""DeleteDataRealTime"": 0.2603829170111567, ""DeleteDataCPUTime"": 0.0033199999999999896, """
neo4j,scale_free,left_recursion,40000,skipped,oom,0,,,,,,,,,,,,False,0,,
neo4j,scale_free,left_recursion,50000,skipped,oom,0,,,,,,,,,,,,False,0,,
neo4j,scale_free,left_recursion,60000,skipped,oom,0,,,,,,,,,,,,False,0,,
neo4j,scale_free,left_recursion,70000,skipped,oom,0,,,,,,,,,,,,False,0,,
neo4j,scale_free,left_recursion,80000,skipped,oom,0,,,,,,,,,,,,False,0,,
neo4j,scale_free,left_recursion,90000,skipped,oom,0,,,,,,,,,,,,False,0,,
neo4j,w,left_recursion,100,ok,,5,0.0008982417872175575,0.0008935000514611602,2.152557578110637e-05,0.0008724170038476586,0.0009291669121012092,0.00015039999999998387,0.0,0.0,0.0,neo4j estimatedUsedHeapMemory of the query,True,False,0,,
neo4j,w,left_recursion,200,ok,,5,0.001625958550721407,0.0014985419111326337,0.000295081861700271,0.0014805420069023967,0.002153624896891415,0.00014179999999999193,0.0,0.0,0.0,neo4j estimatedUsedHeapMemory of the query,True,False,0,,
neo4j,w,left_recursion,300,ok,,5,0.00210345818195492,0.0020897500216960907,5.50644655384085e-05,0.0020590409403666854,0.0021992919500917196,0.00015500000000000512,0.0,0.0,0.0,neo4j estimatedUsedHeapMemory of the query,True,False,0,,
neo4j,w,left_recursion,400,ok,,5,0.002919541788287461,0.0027238749898970127,0.00047730668185993244,0.002682541962713003,0.0037726250011473894,0.00014320000000000999,0.0,0.0,0.0,neo4j estimatedUsedHeapMemory of the query,True,False,0,,
neo4j,w,left_recursion,500,ok,,5,0.0032407331513240934,0.0032394579611718655,1.6185552354148817e-05,0.0032204999588429928,0.003257832955569029,0.00013740000000002085,0.0,0.0,0.0,neo4j estimatedUsedHeapMemory of the query,True,False,0,,
neo4j,w,left_recursion,600,ok,,5,0.007281324779614806,0.0038699579890817404,0.005659380535188449,0.003812749986536801,0.01687333290465176,0.0003405999999999798,0.4,0.8944271909999159,0.4,neo4j estimatedUsedHeapMemory of the query,True,False,0,,
neo4j,w,left_recursion,700,ok,,5,0.004526875214651227,0.004466500016860664,0.00015082887352148254,0.0044412920251488686,0.004794209031388164,0.00014479999999998937,0.0,0.0,0.0,neo4j estimatedUsedHeapMemory of the query,True,False,0,,
neo4j,w,left_recursion,800,ok,,5,0.005492058210074901,0.0053129170555621386,0.0005925157547374064,0.005081041948869824,0.006523916032165289,0.00017240000000001698,0.0,0.0,0.0,neo4j estimatedUsedHeapMemory of the query,True,False,0,,
neo4j,w,left_recursion,900,ok,,5,0.0057251084130257365,0.005669125006534159,0.00012502781930334454,0.005658000009134412,0.0059481250355020165,0.00015099999999999004,0.0,0.0,0.0,neo4j estimatedUsedHeapMemory of the query,True,False,0,,
neo4j,w,left_recursion,1000,ok,,5,0.006362683395855129,0.006268791970796883,0.000193653756262108,0.006195458001457155,0.00665341701824218,0.00015379999999999284,0.0,0.0,0.0,neo4j estimatedUsedHeapMemory of the query,True,False,0,,
neo4j,x,left_recursion,100,ok,,5,0.0008957917802035808,0.0007261249702423811,0.00045694168714814707,0.0006513750413432717,0.0017107919557020068,0.00015680000000001248,0.0,0.0,0.0,neo4j estimatedUsedHeapMemory of the query,True,False,0,,
neo4j,x,left_recursion,200,ok,,5,0.0010492167668417097,0.0010420839535072446,1.52189465460703e-05,0.0010375829879194498,0.0010732089867815375,0.00014979999999999993,0.0,0.0,0.0,neo4j estimatedUsedHeapMemory of the query,True,False,0,,
neo4j,x,left_recursion,300,ok,,5,0.0014046582160517572,0.0013989160070195794,2.411311231773331e-05,0.0013787500793114305,0.0014432499883696437,0.00014219999999999234,0.0,0.0,0.0,neo4j estimatedUsedHeapMemory of the query,True,False,0,,
neo4j,x,left_recursion,400,ok,,5,0.0017708914587274195,0.0017655000556260347,4.281238707092179e-05,0.0017070830799639225,0.0018208330729976296,0.00014620000000000743,0.0,0.0,0.0,neo4j estimatedUsedHeapMemory of the query,True,False,0,,
neo4j,x,left_recursion,500,ok,,5,0.00210318339522928,0.002111000008881092,2.6193682383261125e-05,0.002067167079076171,0.002131999935954809,0.00014540000000000662,0.0,0.0,0.0,neo4j estimatedUsedHeapMemory of the query,True,False,0,,
neo4j,x,left_recursion,600,ok,,5,0.0031200668076053263,0.002552916994318366,0.0008268061815114491,0.002502041985280812,0.004258583066985011,0.00015260000000002493,0.0,0.0,0.0,neo4j estimatedUsedHeapMemory of the query,True,False,0,,
neo4j,x,left_recursion,700,ok,,5,0.002829408412799239,0.002832749974913895,8.67440909810531e-06,0.002814917010255158,0.0028373750392347574,0.0001340000000000008,0.0,0.0,0.0,neo4j estimatedUsedHeapMemory of the query,True,False,0,,
neo4j,x,left_recursion,800,ok,,5,0.0031789334025233984,0.003146458067931235,0.00010781884146866942,0.0030834999633952975,0.003362625022418797,0.00013499999999998512,0.0,0.0,0.0,neo4j estimatedUsedHeapMemory of the query,True,False,0,,
neo4j,x,left_recursion,900,ok,,5,0.0038983665639534593,0.0035360829206183553,0.0008859854827672213,0.003425167058594525,0.005480957916006446,0.0001411999999999858,0.0,0.0,0.0,neo4j estimatedUsedHeapMemory of the query,True,False,0,,
neo4j,x,left_recursion,1000,ok,,5,0.003940475196577609,0.003918917034752667,5.263043172871477e-05,0.0039002919802442193,0.004032167023979127,0.00015779999999999684,0.0,0.0,0.0,neo4j estimatedUsedHeapMemory of the query,True,False,0,,
neo4j,y,left_recursion,100,ok,,5,0.0006888750242069364,0.0006847080076113343,8.792675297421628e-06,0.000682709040120244,0.0007040830096229911,0.00014899999999999912,0.0,0.0,0.0,neo4j estimatedUsedHeapMemory of the query,True,False,0,,
neo4j,y,left_recursion,200,ok,,5,0.0011488165939226747,0.0010602499824017286,0.00022676511933058467,0.0010140410158783197,0.0015528749208897352,0.00014140000000000262,0.0,0.0,0.0,neo4j estimatedUsedHeapMemory of the query,True,False,0,,
neo4j,y,left_recursion,300,ok,,5,0.0013724083779379725,0.0013695829547941685,4.6139809952645047e-05,0.0013222920242697,0.0014302079798653722,0.00015760000000000218,0.0,0.0,0.0,neo4j estimatedUsedHeapMemory of the query,True,False,0,,
neo4j,y,left_recursion,400,ok,,5,0.0017083166167140007,0.0017257920699194074,4.362174203300072e-05,0.0016365830088034272,0.001740999985486269,0.00014939999999998843,0.0,0.0,0.0,neo4j estimatedUsedHeapMemory of the query,True,False,0,,
neo4j,y,left_recursion,500,ok,,5,0.002050632983446121,0.002054290962405503,1.6757299740114537e-05,0.0020288749365136027,0.002072624978609383,0.00015060000000001185,0.0,0.0,0.0,neo4j estimatedUsedHeapMemory of the query,True,False,0,,
neo4j,y,left_recursion,600,ok,,5,0.0025966499699279664,0.0023604579037055373,0.0005691689037641457,0.002291416982188821,0.0036133750109001994,0.0001363999999999921,0.0,0.0,0.0,neo4j estimatedUsedHeapMemory of the query,True,False,0,,
neo4j,y,left_recursion,700,ok,,5,0.002733124955557287,0.0027172499103471637,3.800188560058752e-05,0.0026979579124599695,0.002796082990244031,0.00013500000000000735,0.0,0.0,0.0,neo4j estimatedUsedHeapMemory of the query,True,False,0,,
neo4j,y,left_recursion,800,ok,,5,0.003025433351285756,0.003021167009137571,1.4419497513521746e-05,0.00300770893227309,0.003044207929633558,0.00014759999999996998,0.0,0.0,0.0,neo4j estimatedUsedHeapMemory of the query,True,False,0,,
neo4j,y,left_recursion,900,ok,,5,0.0037025083787739278,0.003429875010624528,0.0006902792694114367,0.0033255000598728657,0.004934874945320189,0.0001471999999999918,0.0,0.0,0.0,neo4j estimatedUsedHeapMemory of the query,True,False,0,,
neo4j,y,left_recursion,1000,ok,,5,0.0037416999926790594,0.0037470830138772726,4.0414764347470784e-05,0.0036908750189468265,0.0037949589313939214,0.0001340000000000008,0.0,0.0,0.0,neo4j estimatedUsedHeapMemory of the query,True,False,0,,
postgres,barabasi_albert,left_recursion,10000,ok,,5,0.48113065836951135,0.47132720798254013,0.03672057147497138,0.4349679589504376,0.5352127500809729,0.002589400000000008,56.0936,1.679890859550109,73.7936,postgres backend RSS,True,False,0,,
postgres,barabasi_albert,left_recursion,20000,ok,,5,1.3587632754119112,1.3366303340299055,0.03658350754196036,1.3242998330388218,1.4042404589708894,0.00826579999999998,150.1124,0.6663192177927962,171.3906,postgres backend RSS,True,False,0,,
postgres,barabasi_albert,left_recursion,30000,ok,,5,2.3741450415924192,2.3524816249264404,0.08185622503227882,2.2823429580312222,2.4751498750410974,0.014777800000000008,266.3188,0.3390275799990382,287.8064,postgres backend RSS,True,False,5,agreement,
postgres,barabasi_albert,left_recursion,40000,ok,,5,2.7446719500003383,2.728893458028324,0.09341071811432848,2.6362739159958437,2.884066667058505,0.017399999999999992,294.15,0.032672618505416334,319.0906,postgres backend RSS,True,False,5,agreement,
postgres,barabasi_albert,left_recursion,50000,ok,,5,3.672755391639657,3.6668106670258567,0.03370112274968855,3.6383128750603646,3.7266725410008803,0.0233846,519.65,0.09566347265282403,546.528,postgres backend RSS,True,False,5,agreement,
postgres,barabasi_albert,left_recursion,60000,ok,,5,4.662686733203008,4.650046500028111,0.07911426154778589,4.545818332931958,4.7387794581009075,0.029584799999999987,549.172,0.03137674297947165,578.3814,postgres backend RSS,True,False,5,agreement,
postgres,barabasi_albert,left_recursion,70000,ok,,5,5.706988816591911,5.779347000061534,0.14972399515655332,5.441821790998802,5.789037832990289,0.036182800000000015,582.4596,0.06397108721915636,612.8156,postgres backend RSS,True,False,5,agreement,
postgres,barabasi_albert,left_recursion,80000,ok,,5,6.877788249985315,6.8875980420270935,0.05620627301820999,6.794542207964696,6.9508848330006,0.04349079999999998,620.025,0.07177395070636579,651.803,postgres backend RSS,True,False,5,agreement,
postgres,barabasi_albert,left_recursion,90000,ok,,5,8.19705581658054,8.21119137504138,0.06647886176459841,8.09913233295083,8.26389470801223,0.052243,1039.6592,0.03399558794905136,1073.2408,postgres backend RSS,True,False,5,agreement,
postgres,barabasi_albert,left_recursion,100000,ok,,5,9.455534766614438,9.454026542021893,0.061098786996863635,9.36116754100658,9.526451791985892,0.0596576,1078.6468,0.2642284995983279,1113.4782,postgres backend RSS,,False,5,,
postgres,barabasi_albert,right_recursion,10000,ok,,5,0.33374349982477725,0.3237792920554057,0.018968499888740817,0.3180125419748947,0.3598564580315724,0.0018065999999999915,51.8654,1.056692150060745,69.22500000000001,postgres backend RSS,True,False,0,,
postgres,barabasi_albert,right_recursion,20000,ok,,5,0.9375818082131445,0.9349880830850452,0.011905916140780294,0.9220852919388562,0.9538351249648258,0.00591299999999999,139.9814,0.029946619174794194,160.8688,postgres backend RSS,True,False,0,,
postgres,barabasi_albert,right_recursion,30000,ok,,5,1.6939061417710035,1.6969060839619488,0.04162691458034206,1.6306619578972459,1.7318260830361396,0.010782000000000003,260.3062,0.3663177582372818,281.678,postgres backend RSS,True,False,5,agreement,
postgres,barabasi_albert,right_recursion,40000,ok,,5,2.517908616596833,2.5392139999894425,0.07309033813703343,2.3908335419837385,2.5790952080860734,0.016326799999999975,287.6406,0.08742310907305927,312.681,postgres backend RSS,True,False,5,agreement,
postgres,barabasi_albert,right_recursion,50000,ok,,5,3.5033894832246006,3.538661124999635,0.05364995112958801,3.443412624998018,3.547761458088644,0.0222564,510.2968,0.07141218383441754,537.2002,postgres backend RSS,True,False,5,agreement,
postgres,barabasi_albert,right_recursion,60000,ok,,5,4.29138013322372,4.256406457978301,0.23083408492148932,4.023131042020395,4.557883000001311,0.026564199999999993,543.0436,0.06755960331441285,572.3094,postgres backend RSS,True,False,5,agreement,
postgres,barabasi_albert,right_recursion,70000,ok,,5,5.583571675023995,5.558011709013954,0.08550316514103473,5.506533042062074,5.729660790995695,0.036676,576.4532,0.07942732527286127,606.8468,postgres backend RSS,True,False,5,agreement,
postgres,barabasi_albert,right_recursion,80000,ok,,5,7.321905724774115,7.324403499951586,0.10161502075944326,7.189315875060856,7.44236683298368,0.0475004,609.703,0.09991246168522051,641.5186,postgres backend RSS,True,False,5,agreement,
postgres,barabasi_albert,right_recursion,90000,ok,,5,8.699064358416944,8.707444667001255,0.08942247285938368,8.597201250027865,8.791786708985455,0.055964400000000004,1035.353,0.032672618505464615,1068.8935999999999,postgres backend RSS,True,False,5,agreement,
postgres,barabasi_albert,right_recursion,100000,ok,,5,10.088997783395461,10.102703957934864,0.06704436280644652,10.000470999977551,10.16263566701673,0.0657286,1074.2438,0.052327812872275,1108.9124,postgres backend RSS,,False,5,,
postgres,binary_tree,double_recursion,100,error,unsupported,0,,,,,,,,,,,,False,0,,"PostgreSQL experiment error: recursive reference to query ""tc"" must not appear more than once LINE 6: SELECT tc1.x, tc2.y FROM tc AS tc1, tc AS tc2 WH... ^ RUN_ONE_RESULT {""timing"": {""CreateTableRealTime"": 0.004498291993513703, ""CreateTableCPUTime"": 4.8000000000048004e-05, ""LoadDataRealTime"": 0.0012842080323025584, ""LoadDataCPUTime"": 0.00016800000000000148, ""CreateIndexRealTime"": 0.0031144999666139483, ""CreateIndexCPUTime"": 5.499999999997174e-05, ""AnalyzeRealTime"": 0.0013546249829232693, ""AnalyzeCPUTime"": 3.399999999997849e-05, ""ExecuteQueryRealTime"": 0.0, ""ExecuteQueryCPUTime"": 0.0, ""WriteRes"
postgres,binary_tree,double_recursion,200,skipped,unsupported,0,,,,,,,,,,,,False,0,,
postgres,binary_tree,double_recursion,300,skipped,unsupported,0,,,,,,,,,,,,False,0,,
postgres,binary_tree,double_recursion,400,skipped,unsupported,0,,,,,,,,,,,,False,0,,
postgres,binary_tree,double_recursion,500,skipped,unsupported,0,,,,,,,,,,,,False,0,,
postgres,binary_tree,double_recursion,600,skipped,unsupported,0,,,,,,,,,,,,False,0,,
postgres,binary_tree,double_recursion,700,skipped,unsupported,0,,,,,,,,,,,,False,0,,
postgres,binary_tree,double_recursion,800,skipped,unsupported,0,,,,,,,,,,,,False,0,,
postgres,binary_tree,double_recursion,900,skipped,unsupported,0,,,,,,,,,,,,False,0,,
postgres,binary_tree,double_recursion,1000,skipped,unsupported,0,,,,,,,,,,,,False,0,,
postgres,binary_tree,left_recursion,100,ok,,5,0.002976974961347878,0.0032197919208556414,0.0003890102765414674,0.002447707927785814,0.0032782499911263585,4.60000000000238e-05,0.8186,0.04339700450491944,13.1188,postgres backend RSS,True,False,0,,
postgres,binary_tree,left_recursion,200,ok,,5,0.0042652332223951815,0.004359250073321164,0.0005401572279957637,0.003392457962036133,0.004869458032771945,3.3399999999983444e-05,1.2218,0.06998714167616796,13.3248,postgres backend RSS,True,False,0,,
postgres,binary_tree,left_recursion,300,ok,,5,0.006075841770507395,0.005250332993455231,0.001233976111768184,0.005089291953481734,0.0076010419288650155,3.1799999999992946e-05,2.4624,0.04501999555752969,14.5966,postgres backend RSS,True,False,0,,
postgres,binary_tree,left_recursion,400,ok,,5,0.006345232995226979,0.006873832899145782,0.0011331878718300315,0.004396124975755811,0.007143041002564132,2.9199999999995895e-05,2.4408,0.02329592238998049,14.6124,postgres backend RSS,True,False,0,,
postgres,binary_tree,left_recursion,500,ok,,5,0.0055181248113513,0.005476958001963794,0.0011920833936337192,0.003927915939129889,0.007218250073492527,4.399999999999959e-05,2.4406,0.04031500961180584,14.597,postgres backend RSS,True,False,0,,
postgres,binary_tree,left_recursion,600,ok,,5,0.00956357498653233,0.008477875031530857,0.001686746283557465,0.008220124989748001,0.011497416999191046,4.52000000000119e-05,4.2592,0.03236046971228953,16.6594,postgres backend RSS,True,False,0,,
postgres,binary_tree,left_recursion,700,ok,,5,0.009525533393025398,0.008461334044113755,0.0016364798733865672,0.008350000018253922,0.011987124918960035,4.7400000000008545e-05,4.3032,0.08091785958612585,16.75,postgres backend RSS,True,False,0,,
postgres,binary_tree,left_recursion,800,ok,,5,0.0090788918081671,0.008778625051490963,0.0006013568561508185,0.008651874959468842,0.010091917007230222,4.32000000000099e-05,4.2814,0.02174396467988305,16.6658,postgres backend RSS,True,False,0,,
postgres,binary_tree,left_recursion,900,ok,,5,0.009047225210815668,0.008799584000371397,0.0020080123717066112,0.006450042012147605,0.011883125058375299,4.3199999999998794e-05,4.2842,0.03725855606434596,16.6718,postgres backend RSS,True,False,0,,
postgres,binary_tree,left_recursion,1000,ok,,5,0.009968566591851413,0.00948412495199591,0.0017017337580354772,0.008205458987504244,0.012339665903709829,5.3400000000014546e-05,4.2716,0.030369392486515153,16.647000000000002,postgres backend RSS,True,False,0,,
postgres,binary_tree,right_recursion,100,ok,,5,0.0029984668362885714,0.003187334048561752,0.0005854103712010412,0.0019764580065384507,0.0033844170393422246,4.68000000000135e-05,0.8468,0.0512220655577262,13.0594,postgres backend RSS,True,False,0,,
postgres,binary_tree,right_recursion,200,ok,,5,0.003605549596250057,0.00345091603230685,0.0005299609181344386,0.003156165941618383,0.004488582955673337,4.379999999997164e-05,1.1658,0.042434655648420215,13.2438,postgres backend RSS,True,False,0,,
postgres,binary_tree,right_recursion,300,ok,,5,0.005380200012587011,0.005148334079422057,0.0006560444147399404,0.00494495895691216,0.006541541079059243,5.0400000000005996e-05,1.7408,0.04498555323656696,13.9654,postgres backend RSS,True,False,0,,
postgres,binary_tree,right_recursion,400,ok,,5,0.005714308214373886,0.005247500026598573,0.0009204949041396482,0.00489637500140816,0.0067451660288497806,5.059999999997844e-05,1.7282,0.03598888717368185,13.919,postgres backend RSS,True,False,0,,
postgres,binary_tree,right_recursion,500,ok,,5,0.006437358423136174,0.006759916082955897,0.0009331685278317362,0.004800084047019482,0.00713787495624274,4.559999999999009e-05,1.7562,0.03238363784382471,13.9218,postgres backend RSS,True,False,0,,
postgres,binary_tree,right_recursion,600,ok,,5,0.008992966799996793,0.008954124990850687,0.0006222686046438736,0.008326958981342614,0.009652541019022465,4.2600000000014846e-05,2.7438,0.017894133116750918,15.1374,postgres backend RSS,True,False,0,,
postgres,binary_tree,right_recursion,700,ok,,5,0.00854133339598775,0.008325790986418724,0.0008151623574221013,0.0074852920370176435,0.009473416954278946,4.5200000000000794e-05,2.778,0.03196091362899372,15.1096,postgres backend RSS,True,False,0,,
postgres,binary_tree,right_recursion,800,ok,,5,0.009915574965998531,0.009331083972938359,0.00232380446001251,0.0075888329884037375,0.013421874959021807,4.600000000000159e-05,2.7782,0.04308363958627448,15.1938,postgres backend RSS,True,False,0,,
postgres,binary_tree,right_recursion,900,ok,,5,0.00928774180356413,0.008317875093780458,0.0016779203034582735,0.00784879201091826,0.011402708943933249,3.6600000000008845e-05,2.7656,0.026847718711279854,15.2034,postgres backend RSS,True,False,0,,
postgres,binary_tree,right_recursion,1000,ok,,5,0.009042924991808832,0.008875833009369671,0.000753164351772916,0.008066624985076487,0.009946624981239438,4.799999999999249e-05,2.7594,0.02387048386606361,15.1812,postgres backend RSS,True,False,0,,
postgres,complete,double_recursion,100,error,unsupported,0,,,,,,,,,,,,False,0,,"PostgreSQL experiment error: recursive reference to query ""tc"" must not appear more than once LINE 6: SELECT tc1.x, tc2.y FROM tc AS tc1, tc AS tc2 WH... ^ RUN_ONE_RESULT {""timing"": {""CreateTableRealTime"": 0.003761625033803284, ""CreateTableCPUTime"": 2.0999999999993246e-05, ""LoadDataRealTime"": 0.01275933301076293, ""LoadDataCPUTime"": 0.00021999999999999797, ""CreateIndexRealTime"": 0.009415082982741296, ""CreateIndexCPUTime"": 1.6000000000016e-05, ""AnalyzeRealTime"": 0.00363687495701015, ""AnalyzeCPUTime"": 1.2999999999985246e-05, ""ExecuteQueryRealTime"": 0.0, ""ExecuteQueryCPUTime"": 0.0, ""WriteResultRea"
postgres,complete,double_recursion,200,skipped,unsupported,0,,,,,,,,,,,,False,0,,
postgres,complete,double_recursion,300,skipped,unsupported,0,,,,,,,,,,,,False,0,,
postgres,complete,double_recursion,400,skipped,unsupported,0,,,,,,,,,,,,False,0,,
postgres,complete,double_recursion,500,skipped,unsupported,0,,,,,,,,,,,,False,0,,
postgres,complete,double_recursion,600,skipped,unsupported,0,,,,,,,,,,,,False,0,,
postgres,complete,double_recursion,700,skipped,unsupported,0,,,,,,,,,,,,False,0,,
postgres,complete,double_recursion,800,skipped,unsupported,0,,,,,,,,,,,,False,0,,
postgres,complete,double_recursion,900,skipped,unsupported,0,,,,,,,,,,,,False,0,,
postgres,complete,double_recursion,1000,skipped,unsupported,0,,,,,,,,,,,,False,0,,
postgres,complete,left_recursion,100,ok,,5,0.10700264999177307,0.0996864999178797,0.024987514708704542,0.08104129100684077,0.14757945796009153,0.0003154000000000101,14.6594,0.04033360881448589,30.0,postgres backend RSS,True,False,0,,
postgres,complete,left_recursion,200,ok,,5,0.5202058417955413,0.5202785829314962,0.0033714873985494207,0.517079749959521,0.5253978340188041,0.002950599999999992,21.8028,0.04059187110740368,43.15,postgres backend RSS,True,False,0,,
postgres,complete,left_recursion,300,ok,,5,1.7551562167936936,1.7584930419689044,0.008324796977622019,1.7404805000405759,1.761082874960266,0.010480200000000005,30.6126,0.033834893231691116,56.2034,postgres backend RSS,True,False,0,,
postgres,complete,left_recursion,400,ok,,5,4.3091708166291935,4.303857207996771,0.023373442535758307,4.275732167065144,4.3347938330844045,0.026436799999999993,31.7624,0.0204034310840101,63.3812,postgres backend RSS,True,False,0,,
postgres,complete,left_recursion,500,ok,,5,9.000140591547824,9.006143625010736,0.013527495888820294,8.976048082928173,9.007538082893007,0.054896,39.2374,0.0927701460600314,78.6438,postgres backend RSS,True,False,0,,
postgres,complete,left_recursion,600,ok,,5,17.78426996660419,17.78328049997799,0.03916027742528285,17.735762167023495,17.827851208043285,0.10780739999999998,44.603,0.042101068870042,88.07520000000001,postgres backend RSS,True,False,0,,
postgres,complete,left_recursion,700,ok,,5,24.84062898317352,24.8298617079854,0.16881903857648284,24.658179124933667,25.019614084041677,0.15810740000000004,73.3874,0.02814782407221143,124.953,postgres backend RSS,True,False,0,,
postgres,complete,left_recursion,800,ok,,5,40.546624508011156,40.526894000009634,0.04074061982580604,40.5142523329705,40.61179641599301,0.24730020000000003,65.425,0.2578061287091515,126.672,postgres backend RSS,True,False,0,,
postgres,complete,left_recursion,900,ok,,5,51.66056120840367,51.67506666702684,0.031365791572302335,51.60865774995182,51.68765970796812,0.3124092,117.9032,0.22145360687963742,189.9906,postgres backend RSS,True,False,0,,
postgres,complete,left_recursion,1000,ok,,5,73.98504691680428,73.98888941702899,0.041759837542891774,73.92375283304136,74.02759362501092,0.4486156,120.922,0.07601644558909845,188.62199999999999,postgres backend RSS,True,False,0,,
postgres,complete,right_recursion,100,ok,,5,0.09774621620308607,0.09722429094836116,0.003278694288861474,0.09360108291730285,0.10266829107422382,0.00016899999999997473,14.6846,0.035697338836389085,29.6438,postgres backend RSS,True,False,0,,
postgres,complete,right_recursion,200,ok,,5,0.5593859249725938,0.5596818330232054,0.0017156404649005365,0.5564691249746829,0.5606458339607343,0.0030649999999999957,21.7376,0.13346085568435534,42.175,postgres backend RSS,True,False,0,,
postgres,complete,right_recursion,300,ok,,5,1.9167939748382197,1.913055417011492,0.01806200933290668,1.898056208039634,1.94694066606462,0.011766599999999993,30.6406,0.07355474151949588,56.1846,postgres backend RSS,True,False,0,,
postgres,complete,right_recursion,400,ok,,5,4.779705458204262,4.787262999918312,0.02556071277276649,4.747159541002475,4.806636500055902,0.028369599999999984,31.7844,0.037132196272237766,63.4814,postgres backend RSS,True,False,0,,
postgres,complete,right_recursion,500,ok,,5,9.836559083405882,9.831797458929941,0.04769365269212293,9.788242375012487,9.908867459045723,0.058821200000000004,39.2686,0.0596891950021107,78.4594,postgres backend RSS,True,False,0,,
postgres,complete,right_recursion,600,ok,,5,18.90447295838967,18.90044479095377,0.03337125575762569,18.859619791968726,18.952299542026594,0.1109874,44.565599999999996,0.040315009611807034,88.0874,postgres backend RSS,True,False,0,,
postgres,complete,right_recursion,700,ok,,5,35.844784875167534,35.8655480829766,0.10976888956356409,35.66200804198161,35.95957054197788,0.21551940000000003,73.3906,0.045790828776077507,125.2566,postgres backend RSS,True,False,0,,
postgres,complete,right_recursion,800,ok,,5,59.35295900818892,59.498856666032225,0.4366358980245468,58.640256082988344,59.775710041983984,0.3577722,65.4344,0.18753746292408188,126.4936,postgres backend RSS,True,False,0,,
postgres,complete,right_recursion,900,ok,,5,107.00006050816737,106.9888623750303,0.5693651274728314,106.14555516594555,107.57006095792167,0.6499320000000001,117.99980000000001,0.16550135951102773,189.9312,postgres backend RSS,True,False,0,,
postgres,complete,right_recursion,1000,ok,,5,154.83140308316797,155.01016691699624,0.9284975000246474,153.60389041597955,156.10119741701055,0.9378794,121.8064,3.368538006316686,189.6908,postgres backend RSS,True,False,0,,
postgres,cycle,double_recursion,100,error,unsupported,0,,,,,,,,,,,,False,0,,"PostgreSQL experiment error: recursive reference to query ""tc"" must not appear more than once LINE 6: SELECT tc1.x, tc2.y FROM tc AS tc1, tc AS tc2 WH... ^ RUN_ONE_RESULT {""timing"": {""CreateTableRealTime"": 0.004268334014341235, ""CreateTableCPUTime"": 1.8999999999991246e-05, ""LoadDataRealTime"": 0.0011862079845741391, ""LoadDataCPUTime"": 9.999999999998899e-05, ""CreateIndexRealTime"": 0.00241966696921736, ""CreateIndexCPUTime"": 1.2000000000012001e-05, ""AnalyzeRealTime"": 0.0011519170366227627, ""AnalyzeCPUTime"": 1.2000000000012001e-05, ""ExecuteQueryRealTime"": 0.0, ""ExecuteQueryCPUTime"": 0.0, ""WriteResu"
postgres,cycle,double_recursion,200,skipped,unsupported,0,,,,,,,,,,,,False,0,,
postgres,cycle,double_recursion,300,skipped,unsupported,0,,,,,,,,,,,,False,0,,
postgres,cycle,double_recursion,400,skipped,unsupported,0,,,,,,,,,,,,False,0,,
postgres,cycle,double_recursion,500,skipped,unsupported,0,,,,,,,,,,,,False,0,,
postgres,cycle,double_recursion,600,skipped,unsupported,0,,,,,,,,,,,,False,0,,
postgres,cycle,double_recursion,700,skipped,unsupported,0,,,,,,,,,,,,False,0,,
postgres,cycle,double_recursion,800,skipped,unsupported,0,,,,,,,,,,,,False,0,,
postgres,cycle,double_recursion,900,skipped,unsupported,0,,,,,,,,,,,,False,0,,
postgres,cycle,double_recursion,1000,skipped,unsupported,0,,,,,,,,,,,,False,0,,
postgres,cycle,left_recursion,100,ok,,5,0.01797986659221351,0.01825116598047316,0.0012618487012215382,0.016432209056802094,0.019444625009782612,0.00012659999999998784,3.3,0.04636270052531445,15.6156,postgres backend RSS,True,False,0,,
postgres,cycle,left_recursion,200,ok,,5,0.04327765018679201,0.04410216701216996,0.0027304077859876957,0.03872512490488589,0.045518542057834566,0.00016639999999997767,10.6686,0.11002408827161451,22.828,postgres backend RSS,True,False,0,,
postgres,cycle,left_recursion,300,ok,,5,0.09998849139083177,0.10476591601036489,0.01096418707873276,0.08604837500024587,0.11206954100634903,0.00024819999999999844,20.8032,0.2836286304307094,33.0218,postgres backend RSS,True,False,0,,
postgres,cycle,left_recursion,400,ok,,5,0.2136244581779465,0.20869554101955146,0.01576284326070193,0.20191445795353502,0.24086837493814528,0.0008209999999999939,31.8032,0.05887868884409804,44.1844,postgres backend RSS,True,False,0,,
postgres,cycle,left_recursion,500,ok,,5,0.3319773833733052,0.33350716694258153,0.04213490620288866,0.2819613750325516,0.37374099995940924,0.0015860000000000208,50.2716,0.12130251440097897,62.906,postgres backend RSS,True,False,0,,
postgres,cycle,left_recursion,600,ok,,5,0.4683543167775497,0.46157841698732227,0.03611325140297433,0.43366354203317314,0.521541207912378,0.0025562000000000085,56.4624,0.02596728711282886,68.878,postgres backend RSS,True,False,0,,
postgres,cycle,left_recursion,700,ok,,5,0.6923907252028585,0.6879226249875501,0.021627048354824815,0.6634727499913424,0.7205364169785753,0.00420459999999998,86.2906,0.017586926962942145,98.7312,postgres backend RSS,True,False,0,,
postgres,cycle,left_recursion,800,ok,,5,0.854034149996005,0.8720475839218125,0.0476249080369604,0.7908674579812214,0.8978717500576749,0.005335000000000001,86.7594,0.06096146323703258,99.297,postgres backend RSS,True,False,0,,
postgres,cycle,left_recursion,900,ok,,5,1.1458663001889362,1.1700244579697028,0.11609754396467208,0.9439611670095474,1.2283848749939352,0.007718000000000003,141.3248,0.023058620947492208,153.8938,postgres backend RSS,True,False,0,,
postgres,cycle,left_recursion,1000,ok,,5,1.442901625018567,1.450615374953486,0.07017388453391922,1.329100750037469,1.5107766250148416,0.008818799999999993,148.6032,0.06788740678505514,161.25,postgres backend RSS,True,False,0,,
postgres,cycle,right_recursion,100,ok,,5,0.018305283179506658,0.018538207979872823,0.0010777176002588612,0.01681125001050532,0.01940287498291582,0.00012339999999999574,3.3062,0.028270125574535312,15.3626,postgres backend RSS,True,False,0,,
postgres,cycle,right_recursion,200,ok,,5,0.04453133358620107,0.04563579196110368,0.0036107726138802365,0.038783667027018964,0.04854441701900214,0.00020379999999999842,10.6158,0.07217478784173827,22.7314,postgres backend RSS,True,False,0,,
postgres,cycle,right_recursion,300,ok,,5,0.11044851678889245,0.11138808296527714,0.0022616997470216956,0.1072191670536995,0.11268462496809661,0.00027939999999999633,20.703,0.23783923141483604,32.8748,postgres backend RSS,True,False,0,,
postgres,cycle,right_recursion,400,ok,,5,0.20050760821904987,0.20209375000558794,0.01249365539029507,0.1866268750745803,0.21444562496617436,0.0008004000000000011,31.8998,0.2322610600165242,44.1968,postgres backend RSS,True,False,0,,
postgres,cycle,right_recursion,500,ok,,5,0.32874032503459605,0.3379192081047222,0.03132540780372069,0.27769345801789314,0.358518167049624,0.0016772000000000009,50.3562,0.05245664876829389,62.7,postgres backend RSS,True,False,0,,
postgres,cycle,right_recursion,600,ok,,5,0.47268554142210634,0.47284558310639113,0.024607137804813335,0.4381464159814641,0.5075345409568399,0.002655800000000008,56.5124,0.1274766645312003,69.0344,postgres backend RSS,True,False,0,,
postgres,cycle,right_recursion,700,ok,,5,0.6635280666174367,0.6775471670553088,0.051142261168703095,0.5746131669729948,0.7060173329664394,0.003933399999999998,86.3562,0.14148922220437626,98.8564,postgres backend RSS,True,False,0,,
postgres,cycle,right_recursion,800,ok,,5,0.8266556250164285,0.8480998330051079,0.12593743771795815,0.6277933329110965,0.9780785000184551,0.004808400000000013,86.7968,0.11037979887642234,99.3406,postgres backend RSS,True,False,0,,
postgres,cycle,right_recursion,900,ok,,5,1.1147500583902001,1.0876445000758395,0.0746234823491066,1.0268798329634592,1.2191619999939576,0.006983799999999996,141.3284,0.048179871315726375,153.9062,postgres backend RSS,True,False,0,,
postgres,cycle,right_recursion,1000,ok,,5,1.4413619998143985,1.466957209049724,0.09255218661847053,1.2853366659255698,1.5320930830202997,0.009166999999999991,148.728,0.1318995830167792,161.397,postgres backend RSS,True,False,0,,
postgres,cycle_with_shortcuts,double_recursion,100,error,unsupported,0,,,,,,,,,,,,False,0,,"PostgreSQL experiment error: recursive reference to query ""tc"" must not appear more than once LINE 6: SELECT tc1.x, tc2.y FROM tc AS tc1, tc AS tc2 WH... ^ RUN_ONE_RESULT {""timing"": {""CreateTableRealTime"": 0.003810291993431747, ""CreateTableCPUTime"": 2.0999999999993246e-05, ""LoadDataRealTime"": 0.006542207906022668, ""LoadDataCPUTime"": 0.00011400000000000299, ""CreateIndexRealTime"": 0.003308124956674874, ""CreateIndexCPUTime"": 1.4000000000014001e-05, ""AnalyzeRealTime"": 0.002169458894059062, ""AnalyzeCPUTime"": 1.2999999999985246e-05, ""ExecuteQueryRealTime"": 0.0, ""ExecuteQueryCPUTime"": 0.0, ""WriteResu"
postgres,cycle_with_shortcuts,double_recursion,200,skipped,unsupported,0,,,,,,,,,,,,False,0,,
postgres,cycle_with_shortcuts,double_recursion,300,skipped,unsupported,0,,,,,,,,,,,,False,0,,
postgres,cycle_with_shortcuts,double_recursion,400,skipped,unsupported,0,,,,,,,,,,,,False,0,,
postgres,cycle_with_shortcuts,double_recursion,500,skipped,unsupported,0,,,,,,,,,,,,False,0,,
postgres,cycle_with_shortcuts,double_recursion,600,skipped,unsupported,0,,,,,,,,,,,,False,0,,
postgres,cycle_with_shortcuts,double_recursion,700,skipped,unsupported,0,,,,,,,,,,,,False,0,,
postgres,cycle_with_shortcuts,double_recursion,800,skipped,unsupported,0,,,,,,,,,,,,False,0,,
postgres,cycle_with_shortcuts,double_recursion,900,skipped,unsupported,0,,,,,,,,,,,,False,0,,
postgres,cycle_with_shortcuts,double_recursion,1000,skipped,unsupported,0,,,,,,,,,,,,False,0,,
postgres,cycle_with_shortcuts,left_recursion,100,ok,,5,0.03279904199298471,0.03281795897055417,0.0027966244653016737,0.029342666966840625,0.0365989999845624,0.00014819999999998723,14.8436,0.034882660448997245,27.7748,postgres backend RSS,True,False,0,,
postgres,cycle_with_shortcuts,left_recursion,200,ok,,5,0.07947288318537175,0.07941920799203217,0.0027572277561353354,0.07681458396837115,0.08329679199960083,0.00020759999999999667,20.6498,0.16224734204294292,33.6064,postgres backend RSS,True,False,0,,
postgres,cycle_with_shortcuts,left_recursion,300,ok,,5,0.14684549979865552,0.14818824990652502,0.013798774129857999,0.13213849999010563,0.16344400006346405,0.0003639999999999977,28.7876,0.15271149269128437,42.0874,postgres backend RSS,True,False,0,,
postgres,cycle_with_shortcuts,left_recursion,400,ok,,5,0.2734963331837207,0.27113962499424815,0.008419666060910535,0.26690091600175947,0.28811133292037994,0.0012738000000000137,34.6252,0.05769922009871627,48.181200000000004,postgres backend RSS,True,False,0,,
postgres,cycle_with_shortcuts,left_recursion,500,ok,,5,0.4623596167890355,0.4653791669989005,0.015225048263664736,0.4372941249748692,0.4788174999412149,0.0023284000000000082,40.9814,0.2921135053365391,54.9968,postgres backend RSS,True,False,0,,
postgres,cycle_with_shortcuts,left_recursion,600,ok,,5,0.6352249249815941,0.6450018750037998,0.049407505187667025,0.5516425829846412,0.6771905840141699,0.0035351999999999827,50.525,0.2836617704238622,64.7468,postgres backend RSS,True,False,0,,
postgres,cycle_with_shortcuts,left_recursion,700,ok,,5,0.9491109917871654,0.9806254160357639,0.07481472426161229,0.8284485419280827,1.0119407920865342,0.005794199999999994,79.5874,0.4996947067960576,94.10300000000001,postgres backend RSS,True,False,0,,
postgres,cycle_with_shortcuts,left_recursion,800,ok,,5,1.2085914502386004,1.2297776670893654,0.07790795615458919,1.0741931250086054,1.2745353339705616,0.006996000000000002,81.0656,0.21025532097904032,95.51259999999999,postgres backend RSS,True,False,0,,
postgres,cycle_with_shortcuts,left_recursion,900,ok,,5,1.4912169414106757,1.4442077500279993,0.101587749330993,1.38215554098133,1.6097652500029653,0.009361199999999991,136.7344,0.38129752162845215,151.6968,postgres backend RSS,True,False,0,,
postgres,cycle_with_shortcuts,left_recursion,1000,ok,,5,2.0027028913842515,2.0004560409579426,0.13018117373907753,1.8250750410370529,2.1556694169994444,0.012657999999999992,144.5094,0.41471411839965017,159.675,postgres backend RSS,True,False,0,,
postgres,cycle_with_shortcuts,right_recursion,100,ok,,5,0.03337454979773611,0.03384666598867625,0.0018652165592605244,0.03096379106864333,0.035613875021226704,0.00015300000000001424,14.8624,0.029971653274386254,27.5002,postgres backend RSS,True,False,0,,
postgres,cycle_with_shortcuts,right_recursion,200,ok,,5,0.08071855001617223,0.07994275004602969,0.0025418232143229118,0.07792045804671943,0.08418429200537503,0.00020660000000000123,20.6124,0.05595355216606001,33.5468,postgres backend RSS,True,False,0,,
postgres,cycle_with_shortcuts,right_recursion,300,ok,,5,0.15161916660144925,0.1486530409893021,0.01594614295619338,0.1328437499469146,0.17054966697469354,0.0003949999999999898,28.675,0.017117242768623697,41.95,postgres backend RSS,True,False,0,,
postgres,cycle_with_shortcuts,right_recursion,400,ok,,5,0.28417993341572584,0.28896800009533763,0.013186714877842096,0.26915129204280674,0.2991612079786137,0.0012663999999999898,34.6154,0.02837780823107925,48.168800000000005,postgres backend RSS,True,False,0,,
postgres,cycle_with_shortcuts,right_recursion,500,ok,,5,0.4769812416052446,0.4681640419876203,0.02852346027258115,0.4415494999848306,0.5145227080211043,0.0025112000000000025,41.0,0.3636378693150635,54.9654,postgres backend RSS,True,False,0,,
postgres,cycle_with_shortcuts,right_recursion,600,ok,,5,0.6827130330260843,0.7023378750309348,0.05576786553196102,0.5863872499903664,0.7216860410990193,0.003790199999999999,50.2748,0.29187702890087225,64.5346,postgres backend RSS,True,False,0,,
postgres,cycle_with_shortcuts,right_recursion,700,ok,,5,0.9449506418081001,0.9488537909928709,0.03644846137175019,0.9045302089070901,0.9815870000747964,0.005316200000000016,80.05,0.5327837272289772,94.4342,postgres backend RSS,True,False,0,,
postgres,cycle_with_shortcuts,right_recursion,800,ok,,5,1.2658758002100512,1.2802360419882461,0.04416940022214654,1.208082583034411,1.3093705419450998,0.007422799999999985,81.1282,0.16712330777004217,95.5938,postgres backend RSS,True,False,0,,
postgres,cycle_with_shortcuts,right_recursion,900,ok,,5,1.531472616828978,1.5878782080253586,0.12618143137354984,1.3707139589823782,1.643153167096898,0.009637799999999974,136.825,0.6004215186017215,151.797,postgres backend RSS,True,False,0,,
postgres,cycle_with_shortcuts,right_recursion,1000,ok,,5,2.0546270418446513,2.062570375041105,0.03433994161404196,2.003109750105068,2.0855587089899927,0.012104400000000005,144.50300000000001,0.17054618142896183,159.675,postgres backend RSS,True,False,0,,
postgres,grid,double_recursion,100,error,unsupported,0,,,,,,,,,,,,False,0,,"PostgreSQL experiment error: recursive reference to query ""tc"" must not appear more than once LINE 6: SELECT tc1.x, tc2.y FROM tc AS tc1, tc AS tc2 WH... ^ RUN_ONE_RESULT {""timing"": {""CreateTableRealTime"": 0.004037417005747557, ""CreateTableCPUTime"": 2.0999999999993246e-05, ""LoadDataRealTime"": 0.0013812079560011625, ""LoadDataCPUTime"": 9.100000000000774e-05, ""CreateIndexRealTime"": 0.002978332922793925, ""CreateIndexCPUTime"": 3.500000000000725e-05, ""AnalyzeRealTime"": 0.0013740839203819633, ""AnalyzeCPUTime"": 5.8000000000002494e-05, ""ExecuteQueryRealTime"": 0.0, ""ExecuteQueryCPUTime"": 0.0, ""WriteResu"
postgres,grid,double_recursion,200,skipped,unsupported,0,,,,,,,,,,,,False,0,,
postgres,grid,double_recursion,300,skipped,unsupported,0,,,,,,,,,,,,False,0,,
postgres,grid,double_recursion,400,skipped,unsupported,0,,,,,,,,,,,,False,0,,
postgres,grid,double_recursion,500,skipped,unsupported,0,,,,,,,,,,,,False,0,,
postgres,grid,double_recursion,600,skipped,unsupported,0,,,,,,,,,,,,False,0,,
postgres,grid,double_recursion,700,skipped,unsupported,0,,,,,,,,,,,,False,0,,
postgres,grid,double_recursion,800,skipped,unsupported,0,,,,,,,,,,,,False,0,,
postgres,grid,double_recursion,900,skipped,unsupported,0,,,,,,,,,,,,False,0,,
postgres,grid,double_recursion,1000,skipped,unsupported,0,,,,,,,,,,,,False,0,,
postgres,grid,left_recursion,100,ok,,5,0.0091293168021366,0.008544584037736058,0.0010001277033892112,0.008284874958917499,0.010266624973155558,3.3600000000000295e-05,1.9594,0.037600531911131295,14.3436,postgres backend RSS,True,False,0,,
postgres,grid,left_recursion,200,ok,,5,0.019722191616892815,0.01984729105606675,0.0023447391397713943,0.016180749982595444,0.021968250046484172,0.00011580000000001034,5.8748000000000005,0.06433272883999237,18.0936,postgres backend RSS,True,False,0,,
postgres,grid,left_recursion,300,ok,,5,0.0319341084221378,0.03124383301474154,0.0020030045836937713,0.0299021250102669,0.03511204198002815,0.00013839999999998298,8.2532,0.02568462575160515,20.6376,postgres backend RSS,True,False,0,,
postgres,grid,left_recursion,400,ok,,5,0.047290300205349925,0.04657229199074209,0.0029321187412218656,0.04334691702388227,0.05092045804485679,0.00013960000000000637,15.543800000000001,0.016843396332093984,28.0344,postgres backend RSS,True,False,0,,
postgres,grid,left_recursion,500,ok,,5,0.059709841827861966,0.05939137504901737,0.0021630172846542873,0.057404832914471626,0.06294408405665308,0.00016500000000000404,18.9342,0.11245087816464544,31.5468,postgres backend RSS,True,False,0,,
postgres,grid,left_recursion,600,ok,,5,0.08779666658956557,0.09099408297333866,0.006207127634075217,0.0798440839862451,0.09423987497575581,0.00020559999999999467,22.1438,0.02991989304793663,34.7562,postgres backend RSS,True,False,0,,
postgres,grid,left_recursion,700,ok,,5,0.12327376662287862,0.1240312079899013,0.009512984511545758,0.11113037494942546,0.1343690830981359,0.0002445999999999837,30.600199999999997,0.23559859931672,43.378,postgres backend RSS,True,False,0,,
postgres,grid,left_recursion,800,ok,,5,0.1559430417837575,0.1517707499442622,0.010743145446766068,0.14572762500029057,0.17192979203537107,0.0004883999999999999,33.9186,0.18149187309628903,46.753,postgres backend RSS,True,False,0,,
postgres,grid,left_recursion,900,ok,,5,0.20507761677727104,0.20305958297103643,0.013855005582706734,0.18902337492909282,0.22707516700029373,0.0007443999999999895,37.531,0.05935065290289498,50.5186,postgres backend RSS,True,False,0,,
postgres,grid,left_recursion,1000,ok,,5,0.2317076161969453,0.2277357910061255,0.009937146194739527,0.2225261660059914,0.2481637910241261,0.0009036000000000044,39.7564,0.3401511428762216,52.684400000000004,postgres backend RSS,True,False,0,,
postgres,grid,right_recursion,100,ok,,5,0.009900491801090539,0.01021762506570667,0.0010693875140047333,0.008253792067989707,0.010818874929100275,5.060000000001175e-05,1.953,0.044283179650969104,14.109399999999999,postgres backend RSS,True,False,0,,
postgres,grid,right_recursion,200,ok,,5,0.021715516806580126,0.021268916898407042,0.0010360965070109998,0.020622833049856126,0.023267333046533167,0.00012099999999999333,5.894,0.031960913628993524,18.1374,postgres backend RSS,True,False,0,,
postgres,grid,right_recursion,300,ok,,5,0.03308462519198656,0.03302962507586926,0.001718686577788447,0.031083290930837393,0.03541595896240324,0.00014780000000000904,8.2876,0.04043884271341104,20.6656,postgres backend RSS,True,False,0,,
postgres,grid,right_recursion,400,ok,,5,0.04680676660500467,0.04673991701565683,0.002097969679900598,0.04458250000607222,0.05019591702148318,0.00017140000000001043,15.5782,0.05412670320645796,28.0782,postgres backend RSS,True,False,0,,
postgres,grid,right_recursion,500,ok,,5,0.06477673340123147,0.06101408298127353,0.009385175686538027,0.05851170897949487,0.08134608308319002,0.00020199999999999109,18.915799999999997,0.1297717226517391,31.4936,postgres backend RSS,True,False,0,,
postgres,grid,right_recursion,600,ok,,5,0.0875397247960791,0.0907808329211548,0.005732710288314152,0.07926074997521937,0.09212916600517929,0.0002144000000000146,22.093799999999998,0.12185934514841311,34.772,postgres backend RSS,True,False,0,,
postgres,grid,right_recursion,700,ok,,5,0.11564933359622956,0.11513054196257144,0.007530452472206605,0.10540495894383639,0.1266061250353232,0.00026880000000000236,30.7342,0.20488216125373124,43.4874,postgres backend RSS,True,False,0,,
postgres,grid,right_recursion,800,ok,,5,0.15803624980617315,0.164619707968086,0.01481256939079652,0.13278245797846466,0.17011700000148267,0.0004569999999999963,33.7936,0.2094261206249123,46.6154,postgres backend RSS,True,False,0,,
postgres,grid,right_recursion,900,ok,,5,0.19994873362593352,0.19362245907541364,0.012948596680950188,0.1898542089620605,0.22009587509091944,0.0007051999999999836,37.328,0.25286656560328435,50.1218,postgres backend RSS,True,False,0,,
postgres,grid,right_recursion,1000,ok,,5,0.23429535022005438,0.23687779204919934,0.00751832404003308,0.22560275008436292,0.24413954198826104,0.0009520000000000084,39.7874,0.15545031360534542,52.6498,postgres backend RSS,True,False,0,,
postgres,max_acyclic,double_recursion,100,error,unsupported,0,,,,,,,,,,,,False,0,,"PostgreSQL experiment error: recursive reference to query ""tc"" must not appear more than once LINE 6: SELECT tc1.x, tc2.y FROM tc AS tc1, tc AS tc2 WH... ^ RUN_ONE_RESULT {""timing"": {""CreateTableRealTime"": 0.004549916018731892, ""CreateTableCPUTime"": 1.6999999999989246e-05, ""LoadDataRealTime"": 0.011238708044402301, ""LoadDataCPUTime"": 0.00017000000000000348, ""CreateIndexRealTime"": 0.005499124992638826, ""CreateIndexCPUTime"": 1.6000000000016e-05, ""AnalyzeRealTime"": 0.002890791976824403, ""AnalyzeCPUTime"": 1.3000000000040757e-05, ""ExecuteQueryRealTime"": 0.0, ""ExecuteQueryCPUTime"": 0.0, ""WriteResultR"
postgres,max_acyclic,double_recursion,200,skipped,unsupported,0,,,,,,,,,,,,False,0,,
postgres,max_acyclic,double_recursion,300,skipped,unsupported,0,,,,,,,,,,,,False,0,,
postgres,max_acyclic,double_recursion,400,skipped,unsupported,0,,,,,,,,,,,,False,0,,
postgres,max_acyclic,double_recursion,500,skipped,unsupported,0,,,,,,,,,,,,False,0,,
postgres,max_acyclic,double_recursion,600,skipped,unsupported,0,,,,,,,,,,,,False,0,,
postgres,max_acyclic,double_recursion,700,skipped,unsupported,0,,,,,,,,,,,,False,0,,
postgres,max_acyclic,double_recursion,800,skipped,unsupported,0,,,,,,,,,,,,False,0,,
postgres,max_acyclic,double_recursion,900,skipped,unsupported,0,,,,,,,,,,,,False,0,,
postgres,max_acyclic,double_recursion,1000,skipped,unsupported,0,,,,,,,,,,,,False,0,,
postgres,max_acyclic,left_recursion,100,ok,,5,0.0325256415642798,0.03298620798159391,0.001962260518933399,0.030025250045582652,0.03503816691227257,0.00013740000000000974,13.669,0.04211294337849109,27.6938,postgres backend RSS,True,False,0,,
postgres,max_acyclic,left_recursion,200,ok,,5,0.10889949158299714,0.10891566693317145,0.002626865107304928,0.10570008296053857,0.11162337509449571,0.00017100000000001004,17.781200000000002,0.9773879475418145,35.4374,postgres backend RSS,True,False,0,,
postgres,max_acyclic,left_recursion,300,ok,,5,0.30446206682827326,0.3039431250654161,0.0017510648095716878,0.3027944170171395,0.3074395000003278,0.0015114000000000071,23.0718,0.18173387136139493,44.425200000000004,postgres backend RSS,True,False,0,,
postgres,max_acyclic,left_recursion,400,ok,,5,0.7176441497867927,0.7185893330024555,0.004468904473172876,0.7103862910298631,0.7221730418968946,0.003987800000000008,28.9346,0.029971653274386577,53.9624,postgres backend RSS,True,False,0,,
postgres,max_acyclic,left_recursion,500,ok,,5,1.4394323750399054,1.441830583033152,0.019485209426385687,1.4155978750204667,1.4586025830358267,0.0084576,33.6658,0.03600972090977706,62.9064,postgres backend RSS,True,False,0,,
postgres,max_acyclic,left_recursion,600,ok,,5,2.57404530858621,2.568924666964449,0.02820474705340069,2.54578591696918,2.6087725419783965,0.0156366,33.4876,0.05085567814905003,66.8346,postgres backend RSS,True,False,0,,
postgres,max_acyclic,left_recursion,700,ok,,5,4.257213108218275,4.271220583003014,0.05937791044465709,4.158600916038267,4.316133082960732,0.025368599999999998,38.9782,0.023805461558220702,77.4344,postgres backend RSS,True,False,0,,
postgres,max_acyclic,left_recursion,800,ok,,5,6.85693191641476,6.863997249980457,0.032597503362239294,6.813418624922633,6.895721625071019,0.042007800000000005,41.943799999999996,0.0701583922278719,82.6654,postgres backend RSS,True,False,0,,
postgres,max_acyclic,left_recursion,900,ok,,5,8.901401516422629,8.905081333010457,0.030048665142350627,8.867633000016212,8.93615508300718,0.05438260000000002,72.1,0.03423448553724968,118.4002,postgres backend RSS,True,False,0,,
postgres,max_acyclic,left_recursion,1000,ok,,5,12.643638124782592,12.634186207898892,0.07507280041058403,12.572911708033644,12.762351542012766,0.07663899999999998,71.3156,1.8732654109869225,126.953,postgres backend RSS,True,False,0,,
postgres,max_acyclic,right_recursion,100,ok,,5,0.03270831641275436,0.03346183302346617,0.00313935966686404,0.02898508298676461,0.03675625007599592,0.0001296000000000075,13.6626,0.036031930284124165,27.4158,postgres backend RSS,True,False,0,,
postgres,max_acyclic,right_recursion,200,ok,,5,0.11713100820779801,0.11703645903617144,0.0030312954338861083,0.11435950000304729,0.1219875409733504,0.00015860000000000873,17.7626,0.8330812085265149,35.0844,postgres backend RSS,True,False,0,,
postgres,max_acyclic,right_recursion,300,ok,,5,0.32744931664783505,0.3270184170687571,0.000991420465774607,0.3265490410849452,0.3291010420070961,0.0015129999999999866,23.0376,0.22782624958507397,44.2096,postgres backend RSS,True,False,0,,
postgres,max_acyclic,right_recursion,400,ok,,5,0.7744561583967879,0.7754431669600308,0.005442815953536295,0.7682972080074251,0.7811756250448525,0.004310399999999992,28.9316,0.008763560920081693,53.722,postgres backend RSS,True,False,0,,
postgres,max_acyclic,right_recursion,500,ok,,5,1.577099616616033,1.5749448750866577,0.005734539377533971,1.5718062500236556,1.584931124933064,0.009102999999999995,33.7186,0.03112555220393805,62.9094,postgres backend RSS,True,False,0,,
postgres,max_acyclic,right_recursion,600,ok,,5,2.8164898915914818,2.815811667009257,0.01640424489446726,2.7914251659531146,2.8339245420647785,0.017396000000000002,33.3564,0.053603171547961,66.872,postgres backend RSS,True,False,0,,
postgres,max_acyclic,right_recursion,700,ok,,5,4.688984758406877,4.687969375052489,0.07839261913057675,4.569472333998419,4.780426249955781,0.0289574,38.3716,0.043569484734157164,76.875,postgres backend RSS,True,False,0,,
postgres,max_acyclic,right_recursion,800,ok,,5,7.469311041780747,7.4567494170041755,0.06034076679541779,7.4201784579781815,7.572787749930285,0.045124399999999995,41.8092,0.02991989304793875,82.5188,postgres backend RSS,True,False,0,,
postgres,max_acyclic,right_recursion,900,ok,,5,10.5194793747738,10.523922915919684,0.033770747609326614,10.47902479104232,10.553322999970987,0.06440320000000002,72.12819999999999,0.09482457487381825,118.3592,postgres backend RSS,True,False,0,,
postgres,max_acyclic,right_recursion,1000,ok,,5,15.568987083155662,15.570437332964502,0.03396404814954589,15.52214862499386,15.617538082995452,0.09485079999999999,72.2342,1.8491153830953893,126.675,postgres backend RSS,True,False,0,,
postgres,multi_path,double_recursion,100,error,unsupported,0,,,,,,,,,,,,False,0,,"PostgreSQL experiment error: recursive reference to query ""tc"" must not appear more than once LINE 6: SELECT tc1.x, tc2.y FROM tc AS tc1, tc AS tc2 WH... ^ RUN_ONE_RESULT {""timing"": {""CreateTableRealTime"": 0.004003042005933821, ""CreateTableCPUTime"": 2.0999999999993246e-05, ""LoadDataRealTime"": 0.006651041912846267, ""LoadDataCPUTime"": 0.00010599999999999499, ""CreateIndexRealTime"": 0.0027227080427110195, ""CreateIndexCPUTime"": 1.4000000000014001e-05, ""AnalyzeRealTime"": 0.001536124967969954, ""AnalyzeCPUTime"": 1.2000000000012001e-05, ""ExecuteQueryRealTime"": 0.0, ""ExecuteQueryCPUTime"": 0.0, ""WriteRes"
postgres,multi_path,double_recursion,200,skipped,unsupported,0,,,,,,,,,,,,False,0,,
postgres,multi_path,double_recursion,300,skipped,unsupported,0,,,,,,,,,,,,False,0,,
postgres,multi_path,double_recursion,400,skipped,unsupported,0,,,,,,,,,,,,False,0,,
postgres,multi_path,double_recursion,500,skipped,unsupported,0,,,,,,,,,,,,False,0,,
postgres,multi_path,double_recursion,600,skipped,unsupported,0,,,,,,,,,,,,False,0,,
postgres,multi_path,double_recursion,700,skipped,unsupported,0,,,,,,,,,,,,False,0,,
postgres,multi_path,double_recursion,800,skipped,unsupported,0,,,,,,,,,,,,False,0,,
postgres,multi_path,double_recursion,900,skipped,unsupported,0,,,,,,,,,,,,False,0,,
postgres,multi_path,double_recursion,1000,skipped,unsupported,0,,,,,,,,,,,,False,0,,
postgres,multi_path,left_recursion,100,ok,,5,0.04556643317919225,0.045464750030077994,0.001816961943581701,0.04402279097121209,0.04855262499768287,0.00017419999999999103,13.178,0.18016936476548934,26.047,postgres backend RSS,True,False,0,,
postgres,multi_path,left_recursion,200,ok,,5,0.21958178321365268,0.22948300000280142,0.039919750270732426,0.17459825007244945,0.26955125003587455,0.0008917999999999981,29.6874,0.14292235654368493,42.5532,postgres backend RSS,True,False,0,,
postgres,multi_path,left_recursion,300,ok,,5,0.5318673749919981,0.4971174590755254,0.10086587965788411,0.4271912499098107,0.671049666008912,0.0031055999999999974,77.6438,0.14274697895227345,90.75959999999999,postgres backend RSS,True,False,0,,
postgres,multi_path,left_recursion,400,ok,,5,0.8865418004104868,0.9299254170618951,0.09427374741849458,0.7304673339240253,0.9567220420576632,0.005480800000000008,132.0154,0.061341666100624484,145.4,postgres backend RSS,True,False,0,,
postgres,multi_path,left_recursion,500,ok,,5,1.8002869080053643,1.822174541070126,0.05791472729569211,1.7234141660155728,1.8548257499933243,0.011812199999999995,149.12800000000001,0.21771655885577532,162.975,postgres backend RSS,True,False,0,,
postgres,multi_path,left_recursion,600,ok,,5,2.6235232167877256,2.634625624981709,0.0994658131257618,2.507589624961838,2.757409874931909,0.016564200000000008,266.4718,0.6098144799855161,280.4344,postgres backend RSS,True,False,0,,
postgres,multi_path,left_recursion,700,ok,,5,3.6080398750025777,3.6899829170433804,0.22485278738169126,3.209497791947797,3.756423416081816,0.023011000000000004,291.3218,0.3852845701556142,305.6906,postgres backend RSS,True,False,0,,
postgres,multi_path,left_recursion,800,ok,,5,4.805815733387135,4.764733040938154,0.12847425468186657,4.6789349999744445,5.013454500003718,0.030998599999999987,511.753,0.5101509580506494,526.2094,postgres backend RSS,True,False,0,,
postgres,multi_path,left_recursion,900,ok,,5,5.981765425228514,5.981308332993649,0.09905296381630369,5.8315014590043575,6.1078566670184955,0.038953400000000006,544.3782,0.31320312897547264,559.0563999999999,postgres backend RSS,True,False,0,,
postgres,multi_path,left_recursion,1000,ok,,5,7.322729516588152,7.3500969999004155,0.23261805642093505,7.027039375039749,7.600436292006634,0.0477122,581.1626,0.17620811559061542,596.1906,postgres backend RSS,True,False,0,,
postgres,multi_path,right_recursion,100,ok,,5,0.04566987499129027,0.045435542007908225,0.002909779975578213,0.04236824996769428,0.04940679203718901,0.00017459999999999142,13.1874,0.15149026371354676,26.0468,postgres backend RSS,True,False,0,,
postgres,multi_path,right_recursion,200,ok,,5,0.2662194583797827,0.2642954579787329,0.006770271411360916,0.259305041981861,0.27666500001214445,0.0012724000000000069,29.728,0.1299153570598948,42.6126,postgres backend RSS,True,False,0,,
postgres,multi_path,right_recursion,300,ok,,5,0.5967005247715861,0.6199264579918236,0.0755050426219909,0.46488062501884997,0.6555142909055576,0.0035083999999999892,77.65939999999999,0.10064193956795617,90.8188,postgres backend RSS,True,False,0,,
postgres,multi_path,right_recursion,400,ok,,5,1.069247308606282,1.017768167075701,0.10570240485895628,0.9602139589842409,1.1865871669724584,0.006844999999999979,132.025,0.25602734228985125,145.4188,postgres backend RSS,True,False,0,,
postgres,multi_path,right_recursion,500,ok,,5,1.5331172667909414,1.5432416659314185,0.12796257939365338,1.3718168339692056,1.6609590000007302,0.009358200000000006,149.6438,0.2197560010557215,163.4186,postgres backend RSS,True,False,0,,
postgres,multi_path,right_recursion,600,ok,,5,1.7469622833887115,1.739851166959852,0.0360052257193725,1.7019259580411017,1.790914791985415,0.011105799999999999,266.0564,0.4616647051703221,280.0534,postgres backend RSS,True,False,0,,
postgres,multi_path,right_recursion,700,ok,,5,2.3710124666336925,2.3652284579584375,0.06276444925799367,2.285808291984722,2.4622290830593556,0.015403199999999995,291.0748,0.5073959991959024,305.375,postgres backend RSS,True,False,0,,
postgres,multi_path,right_recursion,800,ok,,5,3.1992452670587226,3.2390367090702057,0.07335290274129413,3.0738979590823874,3.2452807500958443,0.020971400000000008,511.5656,0.3867587103091566,525.9968,postgres backend RSS,True,False,0,,
postgres,multi_path,right_recursion,900,ok,,5,3.994914741627872,3.9979025829816237,0.09380801555479804,3.8490457080770284,4.109905875055119,0.0248498,544.5686,0.373196730961009,559.0844,postgres backend RSS,True,False,0,,
postgres,multi_path,right_recursion,1000,ok,,5,4.99394686659798,4.965876500005834,0.09715200794838297,4.870609165984206,5.099114750046283,0.0323022,581.1752,0.19618792011741443,596.3252,postgres backend RSS,True,False,0,,
postgres,path,double_recursion,100,error,unsupported,0,,,,,,,,,,,,False,0,,"PostgreSQL experiment error: recursive reference to query ""tc"" must not appear more than once LINE 6: SELECT tc1.x, tc2.y FROM tc AS tc1, tc AS tc2 WH... ^ RUN_ONE_RESULT {""timing"": {""CreateTableRealTime"": 0.003950083046220243, ""CreateTableCPUTime"": 1.999999999996449e-05, ""LoadDataRealTime"": 0.0015613329596817493, ""LoadDataCPUTime"": 0.000126000000000015, ""CreateIndexRealTime"": 0.0032029589638113976, ""CreateIndexCPUTime"": 1.8000000000018e-05, ""AnalyzeRealTime"": 0.0015236249892041087, ""AnalyzeCPUTime"": 1.4999999999987246e-05, ""ExecuteQueryRealTime"": 0.0, ""ExecuteQueryCPUTime"": 0.0, ""WriteResultR"
postgres,path,double_recursion,200,skipped,unsupported,0,,,,,,,,,,,,False,0,,
postgres,path,double_recursion,300,skipped,unsupported,0,,,,,,,,,,,,False,0,,
postgres,path,double_recursion,400,skipped,unsupported,0,,,,,,,,,,,,False,0,,
postgres,path,double_recursion,500,skipped,unsupported,0,,,,,,,,,,,,False,0,,
postgres,path,double_recursion,600,skipped,unsupported,0,,,,,,,,,,,,False,0,,
postgres,path,double_recursion,700,skipped,unsupported,0,,,,,,,,,,,,False,0,,
postgres,path,double_recursion,800,skipped,unsupported,0,,,,,,,,,,,,False,0,,
postgres,path,double_recursion,900,skipped,unsupported,0,,,,,,,,,,,,False,0,,
postgres,path,double_recursion,1000,skipped,unsupported,0,,,,,,,,,,,,False,0,,
postgres,path,left_recursion,100,ok,,5,0.01189321642741561,0.011596541036851704,0.002174141984431173,0.008740624994970858,0.014364166068844497,7.819999999999493e-05,1.9376,0.039715236370944595,14.2752,postgres backend RSS,True,False,0,,
postgres,path,left_recursion,200,ok,,5,0.026975908572785555,0.027166041894815862,0.0016616121252587806,0.025256708962842822,0.029102583997882903,0.00012120000000001018,5.6564,0.0366715148309963,17.7406,postgres backend RSS,True,False,0,,
postgres,path,left_recursion,300,ok,,5,0.0451968084089458,0.04606804205104709,0.004257111048751756,0.04067691590171307,0.049845042056404054,0.00016460000000000362,11.1188,0.06332219200248841,23.3468,postgres backend RSS,True,False,0,,
postgres,path,left_recursion,400,ok,,5,0.0783920835936442,0.08316991699393839,0.009658780138245237,0.06634754198603332,0.0867385829333216,0.00020260000000000834,19.328,0.03688495628301485,31.6782,postgres backend RSS,True,False,0,,
postgres,path,left_recursion,500,ok,,5,0.16891518337652087,0.17169474996626377,0.01280633566018423,0.14748079201672226,0.18209237500559539,0.0005444000000000004,28.8876,0.07192218016717888,41.3874,postgres backend RSS,True,False,0,,
postgres,path,left_recursion,600,ok,,5,0.23317927496973426,0.2308893329463899,0.01272218836567797,0.21504087501671165,0.2482417079154402,0.0010328000000000004,31.468799999999998,0.09306556828387193,44.0374,postgres backend RSS,True,False,0,,
postgres,path,left_recursion,700,ok,,5,0.3240060584386811,0.3190283750882372,0.018919539321162478,0.3063038750551641,0.35585283301770687,0.0016184000000000088,47.972,0.038555155297312606,60.4812,postgres backend RSS,True,False,0,,
postgres,path,left_recursion,800,ok,,5,0.3860419333912432,0.3802590420236811,0.06634088157949213,0.2872849589912221,0.4650817499496043,0.001865400000000006,53.8344,0.03916375875730139,66.3938,postgres backend RSS,True,False,0,,
postgres,path,left_recursion,900,ok,,5,0.49988309177570045,0.48435208399314433,0.03926715795154445,0.46544991701375693,0.5478982080239803,0.0027622000000000037,83.775,0.0956634726528385,96.3716,postgres backend RSS,True,False,0,,
postgres,path,left_recursion,1000,ok,,5,0.6830414913827554,0.6924884580075741,0.026672964020627146,0.6489902909379452,0.7140752499690279,0.003993800000000003,86.356,0.18017213991069753,99.0188,postgres backend RSS,True,False,0,,
postgres,path,right_recursion,100,ok,,5,0.012525733374059201,0.012427666923031211,0.00047214410955383066,0.012079915963113308,0.013158333953469992,7.680000000001019e-05,1.922,0.02466779276708804,14.0062,postgres backend RSS,True,False,0,,
postgres,path,right_recursion,200,ok,,5,0.029061733395792544,0.029020708054304123,0.0016171419091090622,0.026706999982707202,0.0312548748916015,0.00017339999999999023,5.6532,0.04874115304339846,17.753,postgres backend RSS,True,False,0,,
postgres,path,right_recursion,300,ok,,5,0.043899667006917296,0.044058458996005356,0.001024820786456994,0.042448583990335464,0.04510375007521361,0.00017660000000000454,11.0906,0.02997165327438561,23.215600000000002,postgres backend RSS,True,False,0,,
postgres,path,right_recursion,400,ok,,5,0.07127841636538505,0.0725160000147298,0.0054777570066513875,0.06567074998747557,0.0780877498909831,0.00021440000000000348,19.281200000000002,0.031252199922565435,31.596799999999998,postgres backend RSS,True,False,0,,
postgres,path,right_recursion,500,ok,,5,0.10516232517547905,0.10430587490554899,0.007732875625703923,0.0968925419729203,0.11706779198721051,0.00024819999999999844,28.9594,0.07036902727763103,41.3218,postgres backend RSS,True,False,0,,
postgres,path,right_recursion,600,ok,,5,0.17186052480246872,0.1723932500462979,0.014780969691447354,0.1510013749357313,0.19134233298245817,0.0004776000000000002,31.409599999999998,0.05100784253426182,43.809,postgres backend RSS,True,False,0,,
postgres,path,right_recursion,700,ok,,5,0.28611920818220826,0.304474791046232,0.04883655315005816,0.22622049995698035,0.3411602498963475,0.0013077999999999922,47.9468,0.02593646082255874,60.425200000000004,postgres backend RSS,True,False,0,,
postgres,path,right_recursion,800,ok,,5,0.43262047520838676,0.4712515420978889,0.08008732448041501,0.29921125003602356,0.49715495901182294,0.002350400000000008,53.8688,0.06133269927208662,66.3438,postgres backend RSS,True,False,0,,
postgres,path,right_recursion,900,ok,,5,0.4137472414178774,0.3760171670001,0.08277724383686348,0.36588341603055596,0.5606638330500573,0.002119199999999999,83.8312,0.14815768626702772,96.3594,postgres backend RSS,True,False,0,,
postgres,path,right_recursion,1000,ok,,5,0.48646905017085373,0.4614469170337543,0.12470241464190031,0.3669949999311939,0.6982894580578431,0.002867199999999992,86.353,0.11583609109426958,99.0908,postgres backend RSS,True,False,0,,
postgres,reverse_binary_tree,double_recursion,100,error,unsupported,0,,,,,,,,,,,,False,0,,"PostgreSQL experiment error: recursive reference to query ""tc"" must not appear more than once LINE 6: SELECT tc1.x, tc2.y FROM tc AS tc1, tc AS tc2 WH... ^ RUN_ONE_RESULT {""timing"": {""CreateTableRealTime"": 0.004015290993265808, ""CreateTableCPUTime"": 4.799999999999249e-05, ""LoadDataRealTime"": 0.0012629999546334147, ""LoadDataCPUTime"": 0.00016500000000002624, ""CreateIndexRealTime"": 0.002662415965460241, ""CreateIndexCPUTime"": 3.6000000000036e-05, ""AnalyzeRealTime"": 0.0010422079358249903, ""AnalyzeCPUTime"": 5.699999999997374e-05, ""ExecuteQueryRealTime"": 0.0, ""ExecuteQueryCPUTime"": 0.0, ""WriteResultR"
postgres,reverse_binary_tree,double_recursion,200,skipped,unsupported,0,,,,,,,,,,,,False,0,,
postgres,reverse_binary_tree,double_recursion,300,skipped,unsupported,0,,,,,,,,,,,,False,0,,
postgres,reverse_binary_tree,double_recursion,400,skipped,unsupported,0,,,,,,,,,,,,False,0,,
postgres,reverse_binary_tree,double_recursion,500,skipped,unsupported,0,,,,,,,,,,,,False,0,,
postgres,reverse_binary_tree,double_recursion,600,skipped,unsupported,0,,,,,,,,,,,,False,0,,
postgres,reverse_binary_tree,double_recursion,700,skipped,unsupported,0,,,,,,,,,,,,False,0,,
postgres,reverse_binary_tree,double_recursion,800,skipped,unsupported,0,,,,,,,,,,,,False,0,,
postgres,reverse_binary_tree,double_recursion,900,skipped,unsupported,0,,,,,,,,,,,,False,0,,
postgres,reverse_binary_tree,double_recursion,1000,skipped,unsupported,0,,,,,,,,,,,,False,0,,
postgres,reverse_binary_tree,left_recursion,100,ok,,5,0.0031571998028084637,0.0032294999109581113,0.0003938379393752646,0.0024838329991325736,0.003458542050793767,4.52000000000119e-05,0.8186,0.023870483866063514,13.1156,postgres backend RSS,True,False,0,,
postgres,reverse_binary_tree,left_recursion,200,ok,,5,0.005314999748952687,0.004670291906222701,0.0015437780300049512,0.004496915964409709,0.00807004189118743,4.220000000000334e-05,1.1968,0.0710753121695572,13.2814,postgres backend RSS,True,False,0,,
postgres,reverse_binary_tree,left_recursion,300,ok,,5,0.005635341419838369,0.005454333033412695,0.0013374200290087038,0.0038196659879758954,0.007397874956950545,4.980000000001095e-05,1.7034,0.05941632772226838,13.897,postgres backend RSS,True,False,0,,
postgres,reverse_binary_tree,left_recursion,400,ok,,5,0.005576124973595142,0.005156792001798749,0.000789579489924381,0.004896958009339869,0.006697708973661065,4.1599999999997196e-05,1.6752,0.04862818112987571,13.8906,postgres backend RSS,True,False,0,,
postgres,reverse_binary_tree,left_recursion,500,ok,,5,0.006010208162479103,0.006526665994897485,0.0009700420494744377,0.004858583910390735,0.00681333290413022,5.300000000001415e-05,1.694,0.026296387584609487,13.8876,postgres backend RSS,True,False,0,,
postgres,reverse_binary_tree,left_recursion,600,ok,,5,0.008845449984073639,0.009462249930948019,0.0016862289290911774,0.006663042004220188,0.010680541046895087,3.8599999999999746e-05,2.7528,0.02574296020274289,15.172,postgres backend RSS,True,False,0,,
postgres,reverse_binary_tree,left_recursion,700,ok,,5,0.00884216681588441,0.008456000010482967,0.0012666918391321714,0.00786408397834748,0.011057917028665543,4.5600000000012296e-05,2.7564,0.034370045097439246,15.2032,postgres backend RSS,True,False,0,,
postgres,reverse_binary_tree,left_recursion,800,ok,,5,0.009413291770033538,0.009291124995797873,0.001394007731830724,0.007946499972604215,0.010994334006682038,5.4999999999993944e-05,2.7843999999999998,0.06471707657179827,15.228200000000001,postgres backend RSS,True,False,0,,
postgres,reverse_binary_tree,left_recursion,900,ok,,5,0.008498691581189632,0.008922957931645215,0.001738982051354576,0.005828500026836991,0.010485042002983391,3.1799999999992946e-05,2.7468,0.03549929576766291,15.1562,postgres backend RSS,True,False,0,,
postgres,reverse_binary_tree,left_recursion,1000,ok,,5,0.010245258407667279,0.010508750099688768,0.0011312059721226434,0.00868729199282825,0.011325875064358115,5.300000000001415e-05,2.7281999999999997,0.02094516650685793,15.109399999999999,postgres backend RSS,True,False,0,,
postgres,reverse_binary_tree,right_recursion,100,ok,,5,0.0033731168136000634,0.003387541975826025,9.773167370672228e-05,0.00322329206392169,0.003493750002235174,4.5200000000000794e-05,0.8186,0.02596728711282714,12.8782,postgres backend RSS,True,False,0,,
postgres,reverse_binary_tree,right_recursion,200,ok,,5,0.0042321081971749665,0.004382917075417936,0.00041732964544860383,0.003499290905892849,0.00452425004914403,3.900000000000015e-05,1.1814,0.017938784797192974,13.247,postgres backend RSS,True,False,0,,
postgres,reverse_binary_tree,right_recursion,300,ok,,5,0.006248924997635186,0.006014582933858037,0.000737777956610718,0.005258499993942678,0.007027999963611364,4.04000000000182e-05,2.4,0.03231098884280697,14.533999999999999,postgres backend RSS,True,False,0,,
postgres,reverse_binary_tree,right_recursion,400,ok,,5,0.005966999754309654,0.005512707983143628,0.0008735783922124734,0.005158415995538235,0.006968249916099012,5.0199999999989145e-05,2.422,0.02466779276708797,14.5624,postgres backend RSS,True,False,0,,
postgres,reverse_binary_tree,right_recursion,500,ok,,5,0.006816566782072186,0.0070698750205338,0.0008479138830300106,0.005330666899681091,0.007414541905745864,4.299999999999304e-05,2.4126,0.046419823351667354,14.6218,postgres backend RSS,True,False,0,,
postgres,reverse_binary_tree,right_recursion,600,ok,,5,0.008368391613475978,0.008496082969941199,0.0005399495440465977,0.007663042051717639,0.00897083303425461,5.060000000001175e-05,4.303,0.052654534467603153,16.8342,postgres backend RSS,True,False,0,,
postgres,reverse_binary_tree,right_recursion,700,ok,,5,0.01013829163275659,0.011399875045754015,0.001865352444580122,0.008020041044801474,0.011630041990429163,4.779999999999784e-05,4.2684,0.04033360881448637,16.672,postgres backend RSS,True,False,0,,
postgres,reverse_binary_tree,right_recursion,800,ok,,5,0.008938566618598997,0.008686707937158644,0.0011585600056339257,0.007751042023301125,0.010879916022531688,5.100000000000104e-05,4.2844,0.043119601111327545,16.6906,postgres backend RSS,True,False,0,,
postgres,reverse_binary_tree,right_recursion,900,ok,,5,0.010607991809956729,0.010683625005185604,0.0009539698139109752,0.009616667055524886,0.011581041966564953,6.059999999999954e-05,4.2905999999999995,0.017586926962946153,16.6688,postgres backend RSS,True,False,0,,
postgres,reverse_binary_tree,right_recursion,1000,ok,,5,0.010437124827876686,0.010336791048757732,0.001320506830739914,0.008423791034147143,0.011997667024843395,5.039999999998379e-05,4.3064,0.06773699137103734,16.653200000000002,postgres backend RSS,True,False,0,,
postgres,scale_free,left_recursion,10000,ok,,5,7.109274433203973,7.131931125069968,0.060925584113412486,7.0188115410273895,7.164013833971694,0.04487339999999999,592.1282,0.1384077309979663,611.006,postgres backend RSS,True,False,0,,
postgres,scale_free,left_recursion,20000,ok,,5,34.272051883651876,34.07471000007354,1.129292794969092,33.15162000001874,35.95467395905871,0.22367499999999996,2131.7936,167.17362096874015,2152.9094,postgres backend RSS,True,False,0,,
postgres,scale_free,left_recursion,30000,ok,,5,78.56963497516699,78.06197091692593,1.2552895688331454,77.39219212497119,80.63702266698238,0.5172448000000001,3769.9624,132.62613685582488,3792.6002,postgres backend RSS,True,False,5,agreement,
postgres,scale_free,left_recursion,40000,ok,,5,163.41263045002705,157.6555249169469,10.001339718302486,154.88888816605322,176.35634100006428,1.1000102,4803.5376,517.37684501657,4829.071800000001,postgres backend RSS,True,False,5,agreement,
postgres,scale_free,left_recursion,50000,ok,,5,372.0274507000111,370.70560104202013,5.599134969565709,367.2044082500506,381.61533995799255,2.717597,5609.0626,158.10948709138225,5637.1782,postgres backend RSS,True,False,5,agreement,
postgres,scale_free,left_recursion,60000,timeout,timeout,0,,,,,,,,,,,,False,0,,
postgres,scale_free,left_recursion,70000,skipped,timeout,0,,,,,,,,,,,,False,0,,
postgres,scale_free,left_recursion,80000,skipped,timeout,0,,,,,,,,,,,,False,0,,
postgres,scale_free,left_recursion,90000,skipped,timeout,0,,,,,,,,,,,,False,0,,
postgres,scale_free,right_recursion,10000,ok,,5,7.391672649979592,8.013676916947588,1.0817697889167137,5.875569249968976,8.367541332961991,0.04662560000000001,594.7812,1.001529680039488,613.1594,postgres backend RSS,True,False,0,,
postgres,scale_free,right_recursion,20000,ok,,5,23.805050825001672,23.96270299993921,0.39011706134128316,23.124187750043347,24.086992917000316,0.149191,2281.672,0.7499459980558656,2303.3248,postgres backend RSS,True,False,0,,
postgres,scale_free,right_recursion,30000,ok,,5,66.44698574163485,67.44990312505979,2.245193522836428,62.76148866699077,68.2063010840211,0.437778,3664.2438,265.0525144659073,3687.0342,postgres backend RSS,True,False,5,agreement,
postgres,scale_free,right_recursion,40000,ok,,5,145.9814248663839,146.98539033299312,4.6236100402045315,140.30267333297525,150.6580209999811,0.9810586,4765.2874,149.8656228519403,4790.8966,postgres backend RSS,True,False,5,agreement,
postgres,scale_free,right_recursion,50000,ok,,5,291.670508424961,291.6821409589611,2.0981117983180226,288.93482924997807,293.83535695797764,2.087473,5471.8344,135.15235175275362,5500.0282,postgres backend RSS,True,False,5,agreement,
postgres,scale_free,right_recursion,60000,timeout,timeout,0,,,,,,,,,,,,False,0,,
postgres,scale_free,right_recursion,70000,skipped,timeout,0,,,,,,,,,,,,False,0,,
postgres,scale_free,right_recursion,80000,skipped,timeout,0,,,,,,,,,,,,False,0,,
postgres,scale_free,right_recursion,90000,skipped,timeout,0,,,,,,,,,,,,False,0,,
postgres,w,double_recursion,100,error,unsupported,0,,,,,,,,,,,,False,0,,"PostgreSQL experiment error: recursive reference to query ""tc"" must not appear more than once LINE 6: SELECT tc1.x, tc2.y FROM tc AS tc1, tc AS tc2 WH... ^ RUN_ONE_RESULT {""timing"": {""CreateTableRealTime"": 0.004089166992343962, ""CreateTableCPUTime"": 4.599999999999049e-05, ""LoadDataRealTime"": 0.007426082971505821, ""LoadDataCPUTime"": 0.00016800000000000148, ""CreateIndexRealTime"": 0.0025587910786271095, ""CreateIndexCPUTime"": 4.999999999999449e-05, ""AnalyzeRealTime"": 0.0011191659141331911, ""AnalyzeCPUTime"": 3.8000000000038e-05, ""ExecuteQueryRealTime"": 0.0, ""ExecuteQueryCPUTime"": 0.0, ""WriteResultR"
postgres,w,double_recursion,200,skipped,unsupported,0,,,,,,,,,,,,False,0,,
postgres,w,double_recursion,300,skipped,unsupported,0,,,,,,,,,,,,False,0,,
postgres,w,double_recursion,400,skipped,unsupported,0,,,,,,,,,,,,False,0,,
postgres,w,double_recursion,500,skipped,unsupported,0,,,,,,,,,,,,False,0,,
postgres,w,double_recursion,600,skipped,unsupported,0,,,,,,,,,,,,False,0,,
postgres,w,double_recursion,700,skipped,unsupported,0,,,,,,,,,,,,False,0,,
postgres,w,double_recursion,800,skipped,unsupported,0,,,,,,,,,,,,False,0,,
postgres,w,double_recursion,900,skipped,unsupported,0,,,,,,,,,,,,False,0,,
postgres,w,double_recursion,1000,skipped,unsupported,0,,,,,,,,,,,,False,0,,
postgres,w,left_recursion,100,ok,,5,0.005459524970501661,0.005214166943915188,0.0005343668556719935,0.004845791961997747,0.006106458022259176,3.2399999999987994e-05,12.859399999999999,0.044371161805840144,25.7406,postgres backend RSS,True,False,0,,
postgres,w,left_recursion,200,ok,,5,0.006663408409804106,0.0062631668988615274,0.0007464731118124512,0.006111582973971963,0.0079242920037359,3.819999999999934e-05,13.028,0.03171750305430708,25.9876,postgres backend RSS,True,False,0,,
postgres,w,left_recursion,300,ok,,5,0.007389483228325844,0.007456166087649763,0.0005359499998906268,0.006542209070175886,0.007944292039610445,4.4399999999999995e-05,13.375,0.031376742979474834,26.5594,postgres backend RSS,True,False,0,,
postgres,w,left_recursion,400,ok,,5,0.008418091991916298,0.00853345904033631,0.0005686082085591819,0.007493042037822306,0.008934541954658926,4.5400000000006545e-05,13.5872,0.02094516650685816,26.975,postgres backend RSS,True,False,0,,
postgres,w,left_recursion,500,ok,,5,0.008712408016435802,0.008649833034723997,0.0006455148213103952,0.007941708085127175,0.009736208012327552,4.180000000002515e-05,13.672,0.0530801281083609,27.6248,postgres backend RSS,True,False,0,,
postgres,w,left_recursion,600,ok,,5,0.01004209176171571,0.009996625012718141,0.0005153111608129015,0.009326500003226101,0.010752416914328933,5.599999999997829e-05,13.6784,0.014310835055998667,27.7344,postgres backend RSS,True,False,0,,
postgres,w,left_recursion,700,ok,,5,0.010983983404003084,0.011110582971014082,0.0007217886107400447,0.010112334042787552,0.01183874998241663,4.2199999999992244e-05,13.840399999999999,0.016979399282660467,28.031,postgres backend RSS,True,False,0,,
postgres,w,left_recursion,800,ok,,5,0.01101985820569098,0.010222541051916778,0.0011886364983508617,0.010183583945035934,0.012811082997359335,4.119999999999679e-05,14.269,0.052067264187778926,28.662599999999998,postgres backend RSS,True,False,0,,
postgres,w,left_recursion,900,ok,,5,0.011818016576580704,0.011481708963401616,0.001197660425812923,0.010863958043046296,0.013907040935009718,4.900000000001015e-05,14.5406,0.059994166383074414,29.0186,postgres backend RSS,True,False,0,,
postgres,w,left_recursion,1000,ok,,5,0.013036658405326307,0.01285845902748406,0.0006428533464345297,0.012383082997985184,0.014091874938458204,2.9799999999990946e-05,14.7498,0.09044722217956713,29.6968,postgres backend RSS,True,False,0,,
postgres,w,right_recursion,100,ok,,5,0.005618375190533697,0.005327249993570149,0.0007484101279499739,0.005005583050660789,0.006845708936452866,5.159999999998499e-05,12.812199999999999,0.019188538245525154,25.4502,postgres backend RSS,True,False,0,,
postgres,w,right_recursion,200,ok,,5,0.006379425176419318,0.0062983749667182565,0.000245042694997936,0.006180834025144577,0.006785499979741871,4.4399999999999995e-05,13.0344,0.033627369804966584,25.9124,postgres backend RSS,True,False,0,,
postgres,w,right_recursion,300,ok,,5,0.007661141408607364,0.007563708000816405,0.0012841968368243932,0.00610687502194196,0.009608665946871042,4.759999999999209e-05,13.4002,0.02854295009279906,26.55,postgres backend RSS,True,False,0,,
postgres,w,right_recursion,400,ok,,5,0.00842170815449208,0.007821207982487977,0.0013905085143328534,0.0074486249359324574,0.010832416941411793,4.979999999999984e-05,13.6158,0.02854295009279906,27.0468,postgres backend RSS,True,False,0,,
postgres,w,right_recursion,500,ok,,5,0.009200208447873592,0.00903725007083267,0.0006134451446038701,0.00864337501116097,0.010116917081177235,3.6599999999997745e-05,13.7124,0.04641982335166703,27.578,postgres backend RSS,True,False,0,,
postgres,w,right_recursion,600,ok,,5,0.009547374583780766,0.008980166050605476,0.000982098260873846,0.008759457967244089,0.01080995798110962,4.6200000000007344e-05,13.7034,0.015501612819315983,27.7842,postgres backend RSS,True,False,0,,
postgres,w,right_recursion,700,ok,,5,0.010638975212350488,0.011205582995899022,0.001264180881863717,0.009174917009659111,0.012030209065414965,5.779999999999674e-05,13.825,0.03717526059088211,28.1094,postgres backend RSS,True,False,0,,
postgres,w,right_recursion,800,ok,,5,0.009943825006484986,0.010133582982234657,0.0002945003319729211,0.00954300002194941,0.010190750006586313,4.859999999999865e-05,14.3156,0.06192172478217978,28.828,postgres backend RSS,True,False,0,,
postgres,w,right_recursion,900,ok,,5,0.010854266793467104,0.010788749903440475,0.0002371970742881088,0.010548834106884897,0.01118116604629904,4.959999999999409e-05,14.528,0.017117242768623933,29.05,postgres backend RSS,True,False,0,,
postgres,w,right_recursion,1000,ok,,5,0.011681575211696327,0.011735500069335103,0.0005328389351651274,0.010963874985463917,0.012422667001374066,5.680000000000129e-05,14.665600000000001,0.014310835055998667,29.703,postgres backend RSS,True,False,0,,
postgres,x,double_recursion,100,error,unsupported,0,,,,,,,,,,,,False,0,,"PostgreSQL experiment error: recursive reference to query ""tc"" must not appear more than once LINE 6: SELECT tc1.x, tc2.y FROM tc AS tc1, tc AS tc2 WH... ^ RUN_ONE_RESULT {""timing"": {""CreateTableRealTime"": 0.003955792053602636, ""CreateTableCPUTime"": 2.0999999999993246e-05, ""LoadDataRealTime"": 0.0010591249447315931, ""LoadDataCPUTime"": 0.000124000000000013, ""CreateIndexRealTime"": 0.002089124987833202, ""CreateIndexCPUTime"": 3.999999999998449e-05, ""AnalyzeRealTime"": 0.001121958950534463, ""AnalyzeCPUTime"": 5.900000000003125e-05, ""ExecuteQueryRealTime"": 0.0, ""ExecuteQueryCPUTime"": 0.0, ""WriteResultR"
postgres,x,double_recursion,200,skipped,unsupported,0,,,,,,,,,,,,False,0,,
postgres,x,double_recursion,300,skipped,unsupported,0,,,,,,,,,,,,False,0,,
postgres,x,double_recursion,400,skipped,unsupported,0,,,,,,,,,,,,False,0,,
postgres,x,double_recursion,500,skipped,unsupported,0,,,,,,,,,,,,False,0,,
postgres,x,double_recursion,600,skipped,unsupported,0,,,,,,,,,,,,False,0,,
postgres,x,double_recursion,700,skipped,unsupported,0,,,,,,,,,,,,False,0,,
postgres,x,double_recursion,800,skipped,unsupported,0,,,,,,,,,,,,False,0,,
postgres,x,double_recursion,900,skipped,unsupported,0,,,,,,,,,,,,False,0,,
postgres,x,double_recursion,1000,skipped,unsupported,0,,,,,,,,,,,,False,0,,
postgres,x,left_recursion,100,ok,,5,0.005124924844130874,0.0053652910282835364,0.0006247091107365111,0.004013166064396501,0.005475500016473234,3.0800000000008596e-05,1.1186,0.023607202290826364,13.4532,postgres backend RSS,True,False,0,,
postgres,x,left_recursion,200,ok,,5,0.0072253999998793,0.0076752919703722,0.0014008440257823281,0.004738957970403135,0.00806004204787314,3.740000000000965e-05,1.947,0.04210106887004179,14.0062,postgres backend RSS,True,False,0,,
postgres,x,left_recursion,300,ok,,5,0.00895560837816447,0.008963917032815516,0.0012900035440080537,0.00745491695124656,0.010459499899297953,5.2200000000002245e-05,2.9094,0.04501444212694409,15.081199999999999,postgres backend RSS,True,False,0,,
postgres,x,left_recursion,400,ok,,5,0.010610241792164743,0.009743666974827647,0.0016439676800338466,0.009238583035767078,0.012444374966435134,4.6600000000007746e-05,3.2626,0.03362736980496689,15.5346,postgres backend RSS,True,False,0,,
postgres,x,left_recursion,500,ok,,5,0.011980641144327819,0.01078504091128707,0.0017944503713699705,0.01065008295699954,0.014501499943435192,5.56000000000112e-05,3.4688,0.03311646116359654,15.85,postgres backend RSS,True,False,0,,
postgres,x,left_recursion,600,ok,,5,0.012621533195488154,0.012042707996442914,0.0009193748168931321,0.011806916911154985,0.013675583060830832,5.3199999999997695e-05,5.219,0.03300000000000013,17.675,postgres backend RSS,True,False,0,,
postgres,x,left_recursion,700,ok,,5,0.013870149594731629,0.013617082964628935,0.000546847879617824,0.013356665964238346,0.014670582953840494,5.7400000000007446e-05,5.6752,0.025684625751604854,18.1718,postgres backend RSS,True,False,0,,
postgres,x,left_recursion,800,ok,,5,0.015318841603584588,0.01561587501782924,0.001452612671796301,0.012813791050575674,0.016342250048182905,0.00010180000000000743,5.9376,0.03465977495599191,18.4814,postgres backend RSS,True,False,0,,
postgres,x,left_recursion,900,ok,,5,0.015422308584675193,0.015436750021763146,0.0010304626231079576,0.014300625072792172,0.016952791949734092,8.380000000001165e-05,6.2874,0.056774113819592076,18.9122,postgres backend RSS,True,False,0,,
postgres,x,left_recursion,1000,ok,,5,0.016345550026744603,0.01494875003118068,0.002146798614064535,0.014684290974400938,0.019325084052979946,8.899999999999464e-05,6.4626,0.042027372032997716,19.0874,postgres backend RSS,True,False,0,,
postgres,x,right_recursion,100,ok,,5,0.005009116604924202,0.005095875007100403,0.0006428916012173918,0.004196000052616,0.005660541006363928,4.159999999998609e-05,1.1314,0.03437004509743909,13.2188,postgres backend RSS,True,False,0,,
postgres,x,right_recursion,200,ok,,5,0.008085024822503329,0.008376582991331816,0.0008599257329616498,0.006633375072851777,0.008717083022929728,4.959999999999409e-05,2.05,0.022923786772695215,14.1812,postgres backend RSS,True,False,0,,
postgres,x,right_recursion,300,ok,,5,0.010423058574087918,0.0111650419421494,0.0015360334291947136,0.007813042029738426,0.011450999998487532,6.779999999999564e-05,3.0622,0.038375773607837484,15.303,postgres backend RSS,True,False,0,,
postgres,x,right_recursion,400,ok,,5,0.010604933416470886,0.010242458083666861,0.002823666457826303,0.006310958997346461,0.013312291936017573,4.979999999998874e-05,5.028,0.07515650337795107,17.3032,postgres backend RSS,True,False,0,,
postgres,x,right_recursion,500,ok,,5,0.013944683386944235,0.012934208032675087,0.001953772460413848,0.011910415953025222,0.016241499921306968,7.540000000000324e-05,8.2592,0.02094516650685816,20.625,postgres backend RSS,True,False,0,,
postgres,x,right_recursion,600,ok,,5,0.014709875010885299,0.014306167024187744,0.0011341139006485622,0.013777207932434976,0.016601416980847716,6.0199999999999146e-05,8.622,0.037383151285037976,21.1002,postgres backend RSS,True,False,0,,
postgres,x,right_recursion,700,ok,,5,0.01688449999783188,0.017217125045135617,0.0005183910140887853,0.016153499949723482,0.017306540976278484,0.00012499999999998623,15.1594,0.04877294331901623,27.6314,postgres backend RSS,True,False,0,,
postgres,x,right_recursion,800,ok,,5,0.01710370017681271,0.016832708963193,0.0013769053252012861,0.01537004194688052,0.019143583020195365,0.00011140000000001705,15.2782,0.035653891793182846,27.825,postgres backend RSS,True,False,0,,
postgres,x,right_recursion,900,ok,,5,0.018180466792546212,0.018525624996982515,0.0012042166777321182,0.01696420891676098,0.01983008300885558,0.00012139999999999374,15.5966,0.025774017925034816,28.1968,postgres backend RSS,True,False,0,,
postgres,x,right_recursion,1000,ok,,5,0.018137424974702297,0.017515207990072668,0.0012770812605286288,0.017313709016889334,0.02035762497689575,0.0001148000000000038,15.8438,0.03499571402329135,28.465799999999998,postgres backend RSS,True,False,0,,
postgres,y,double_recursion,100,error,unsupported,0,,,,,,,,,,,,False,0,,"PostgreSQL experiment error: recursive reference to query ""tc"" must not appear more than once LINE 6: SELECT tc1.x, tc2.y FROM tc AS tc1, tc AS tc2 WH... ^ RUN_ONE_RESULT {""timing"": {""CreateTableRealTime"": 0.0036302499938756227, ""CreateTableCPUTime"": 1.999999999996449e-05, ""LoadDataRealTime"": 0.00118395802564919, ""LoadDataCPUTime"": 0.000130000000000019, ""CreateIndexRealTime"": 0.0025125830434262753, ""CreateIndexCPUTime"": 3.599999999998049e-05, ""AnalyzeRealTime"": 0.0010796249844133854, ""AnalyzeCPUTime"": 3.599999999998049e-05, ""ExecuteQueryRealTime"": 0.0, ""ExecuteQueryCPUTime"": 0.0, ""WriteResultR"
postgres,y,double_recursion,200,skipped,unsupported,0,,,,,,,,,,,,False,0,,
postgres,y,double_recursion,300,skipped,unsupported,0,,,,,,,,,,,,False,0,,
postgres,y,double_recursion,400,skipped,unsupported,0,,,,,,,,,,,,False,0,,
postgres,y,double_recursion,500,skipped,unsupported,0,,,,,,,,,,,,False,0,,
postgres,y,double_recursion,600,skipped,unsupported,0,,,,,,,,,,,,False,0,,
postgres,y,double_recursion,700,skipped,unsupported,0,,,,,,,,,,,,False,0,,
postgres,y,double_recursion,800,skipped,unsupported,0,,,,,,,,,,,,False,0,,
postgres,y,double_recursion,900,skipped,unsupported,0,,,,,,,,,,,,False,0,,
postgres,y,double_recursion,1000,skipped,unsupported,0,,,,,,,,,,,,False,0,,
postgres,y,left_recursion,100,ok,,5,0.004330317000858485,0.004453334026038647,0.0011254852998038784,0.0024287919513881207,0.0051767920376732945,3.8400000000005094e-05,1.0874,0.03240833226193537,13.5594,postgres backend RSS,True,False,0,,
postgres,y,left_recursion,200,ok,,5,0.0075287333689630035,0.007692790939472616,0.0009067049597023183,0.005968249985016882,0.008260832983069122,3.719999999999279e-05,1.8592,0.022275547131327643,13.9906,postgres backend RSS,True,False,0,,
postgres,y,left_recursion,300,ok,,5,0.0092226168140769,0.00981612503528595,0.001690555719866496,0.007309917011298239,0.011309250025078654,4.2400000000009094e-05,2.7312,0.02991989304793731,14.9092,postgres backend RSS,True,False,0,,
postgres,y,left_recursion,400,ok,,5,0.010650558210909367,0.01150141702964902,0.0016769593498491557,0.008606957970187068,0.012054000049829483,4.3400000000004545e-05,2.9718,0.025440125785852523,15.3468,postgres backend RSS,True,False,0,,
postgres,y,left_recursion,500,ok,,5,0.01084127500653267,0.010251541971229017,0.000982331579180801,0.009999083005823195,0.011965082958340645,4.2400000000009094e-05,3.1874,0.02209751117207531,15.6002,postgres backend RSS,True,False,0,,
postgres,y,left_recursion,600,ok,,5,0.01267047538422048,0.011889084009453654,0.0017018082120027827,0.011678333976306021,0.01567866699770093,6.300000000000194e-05,4.8532,0.03070342000494394,17.3064,postgres backend RSS,True,False,0,,
postgres,y,left_recursion,700,ok,,5,0.013857866823673248,0.013343792059458792,0.00152029022655883,0.012431667069904506,0.016231416957452893,8.799999999997699e-05,5.0,0.03656501059756415,17.497,postgres backend RSS,True,False,0,,
postgres,y,left_recursion,800,ok,,5,0.014511366398073733,0.014669958036392927,0.0010610815367946551,0.01287254097405821,0.015817207982763648,8.96000000000008e-05,5.3534,0.039323021247101624,17.9408,postgres backend RSS,True,False,0,,
postgres,y,left_recursion,900,ok,,5,0.015219099842943251,0.014808750012889504,0.0016992601453675099,0.01312762510497123,0.01754166604951024,0.00010660000000001224,5.6564,0.0383770764910513,18.3126,postgres backend RSS,True,False,0,,
postgres,y,left_recursion,1000,ok,,5,0.015057558612897991,0.014013166073709726,0.0015559924591640529,0.01389095897320658,0.017260791966691613,9.52000000000064e-05,5.7532,0.030128060010561394,18.4594,postgres backend RSS,True,False,0,,
postgres,y,right_recursion,100,ok,,5,0.006097341561689973,0.006015416933223605,0.00038843798029704465,0.0056219169637188315,0.006497166003100574,5.779999999998564e-05,1.1124,0.06773330052492647,13.2218,postgres backend RSS,True,False,0,,
postgres,y,right_recursion,200,ok,,5,0.008075441606342793,0.008658583043143153,0.0012994143698390648,0.00649570906534791,0.009254082920961082,4.380000000000495e-05,1.8532,0.020945166506857814,14.0032,postgres backend RSS,True,False,0,,
postgres,y,right_recursion,300,ok,,5,0.009805549797601999,0.010124000022187829,0.0011551034877447955,0.008038582978770137,0.011104832985438406,4.4399999999999995e-05,2.772,0.023409399821439174,14.9908,postgres backend RSS,True,False,0,,
postgres,y,right_recursion,400,ok,,5,0.011268100002780557,0.01114308403339237,0.0012691557108831665,0.010181707912124693,0.013335249968804419,3.220000000000445e-05,4.5062,0.03395879856532033,16.840400000000002,postgres backend RSS,True,False,0,,
postgres,y,right_recursion,500,ok,,5,0.013056958210654557,0.012708124937489629,0.0013034085211121116,0.011828416027128696,0.014957084087654948,6.720000000001169e-05,7.7626,0.03385705244110868,20.1406,postgres backend RSS,True,False,0,,
postgres,y,right_recursion,600,ok,,5,0.01623289999552071,0.01660779200028628,0.0013523365797582312,0.014287250000052154,0.017920666025020182,0.00010079999999998979,7.8342,0.02117073451725274,20.2718,postgres backend RSS,True,False,0,,
postgres,y,right_recursion,700,ok,,5,0.017805883614346384,0.017140166950412095,0.0018625948044391097,0.016315959044732153,0.020933874999172986,0.00011679999999999468,14.0654,0.02044015655517295,26.6158,postgres backend RSS,True,False,0,,
postgres,y,right_recursion,800,ok,,5,0.017436333186924457,0.017408665968105197,0.0012154560148145454,0.016184041975066066,0.019164124969393015,0.00012639999999999318,14.3812,0.021170734517253,26.974999999999998,postgres backend RSS,True,False,0,,
postgres,y,right_recursion,900,ok,,5,0.02055836617946625,0.02067533298395574,0.0030380018253398284,0.01696441601961851,0.02393679099623114,0.00012619999999998743,14.6814,0.05595801997926652,27.253,postgres backend RSS,True,False,0,,
postgres,y,right_recursion,1000,ok,,5,0.01935093365609646,0.018552125082351267,0.0017458213217642858,0.01782487507443875,0.02194225008133799,0.00011280000000000179,14.8,0.006708203932498829,27.4158,postgres backend RSS,True,False,0,,
singlestore,barabasi_albert,left_recursion,10000,ok,,5,1.744652258604765,1.731653833994642,0.0628479591904211,1.6575181250227615,1.8238441669382155,5.7999999999991394e-05,,,,,True,False,0,,
singlestore,barabasi_albert,left_recursion,20000,ok,,5,4.6539454167941585,4.67846212501172,0.0720116320768382,4.5319285419536754,4.719124582945369,0.00029480000000001725,,,,,True,False,0,,
singlestore,barabasi_albert,left_recursion,30000,ok,,5,8.303719208203256,8.266665457980707,0.08855155182674747,8.224353333003819,8.447276790975593,7.279999999999509e-05,,,,,True,False,5,agreement,
singlestore,barabasi_albert,left_recursion,40000,ok,,5,12.346206783596426,12.41972604196053,0.11795848739501628,12.18269445898477,12.440564000047743,0.00021719999999999517,,,,,True,False,5,agreement,
singlestore,barabasi_albert,left_recursion,50000,ok,,5,17.322707625012846,17.290382917039096,0.11713518895922466,17.193523333058693,17.510298125096597,0.00022439999999999128,,,,,True,False,5,agreement,
singlestore,barabasi_albert,left_recursion,60000,ok,,5,22.35438356678933,22.281799333984964,0.20294818749811513,22.121808666037396,22.625931457965635,0.00028759999999999897,,,,,True,False,5,agreement,
singlestore,barabasi_albert,left_recursion,70000,ok,,5,27.69373125822749,27.652816332993098,0.09081259300771889,27.60286162502598,27.832014208077453,0.0002838000000000007,,,,,True,False,5,agreement,
singlestore,barabasi_albert,left_recursion,80000,ok,,5,33.74428899160121,33.704877375043,0.23598261337830068,33.43859233299736,34.01414216705598,0.00030119999999999035,,,,,True,False,5,agreement,
singlestore,barabasi_albert,left_recursion,90000,ok,,5,40.44574408298358,40.08551062492188,0.7955965775612469,39.87546795804519,41.83731941599399,0.00029700000000001394,,,,,True,False,5,agreement,
singlestore,barabasi_albert,left_recursion,100000,ok,,5,49.5786951997783,49.431232790928334,0.35191751019915796,49.15311795799062,49.98128754191566,0.00029700000000000283,,,,,,False,5,,
singlestore,barabasi_albert,right_recursion,10000,ok,,5,1.9804713250137866,1.9870777500327677,0.024532689828211534,1.9409200419904664,2.004342791973613,7.500000000000284e-05,,,,,True,False,0,,
singlestore,barabasi_albert,right_recursion,20000,ok,,5,5.307688116794452,5.338472708011977,0.07362350473583228,5.200687709031627,5.380656542023644,0.00015460000000000473,,,,,True,False,0,,
singlestore,barabasi_albert,right_recursion,30000,ok,,5,9.75380203318782,9.74126358400099,0.10447754006881037,9.5958352079615,9.868304999894463,0.00014699999999999712,,,,,True,False,5,agreement,
singlestore,barabasi_albert,right_recursion,40000,ok,,5,14.641002900036984,14.600845125038177,0.10434978976549933,14.516609750106,14.779810749925673,0.00013599999999999168,,,,,True,False,5,agreement,
singlestore,barabasi_albert,right_recursion,50000,ok,,5,20.182918316987344,20.251681791967712,0.1636849347725573,20.000127624953166,20.383150417008437,0.00024239999999999817,,,,,True,False,5,agreement,
singlestore,barabasi_albert,right_recursion,60000,ok,,5,26.14147830021102,26.150380083010532,0.17539922519622808,25.905602917075157,26.33064933400601,0.0002856000000000081,,,,,True,False,5,agreement,
singlestore,barabasi_albert,right_recursion,70000,ok,,5,32.682503833202645,32.598940957919694,0.2544532614136791,32.45458024996333,33.09994191699661,0.000293000000000021,,,,,True,False,5,agreement,
singlestore,barabasi_albert,right_recursion,80000,ok,,5,39.692394591821355,39.667866833973676,0.12929266762701533,39.54326945799403,39.899655917077325,0.00028240000000001597,,,,,True,False,5,agreement,
singlestore,barabasi_albert,right_recursion,90000,ok,,5,47.17005679181311,47.27696216700133,0.6386295892744572,46.30909166694619,48.04889808408916,0.00029800000000000936,,,,,True,False,5,agreement,
singlestore,barabasi_albert,right_recursion,100000,ok,,5,58.01117963318247,58.08378758293111,0.687288834108538,56.96422787499614,58.828366457950324,0.00025619999999999533,,,,,,False,5,,
singlestore,binary_tree,double_recursion,100,error,unsupported,0,,,,,,,,,,,,False,0,,"SingleStore experiment error: (2709, 'recursive reference to query ""tc"" must not appear more than once') RUN_ONE_RESULT {""timing"": {""CreateTableRealTime"": 0.015756624983623624, ""CreateTableCPUTime"": 3.6000000000036e-05, ""LoadDataRealTime"": 0.010151415946893394, ""LoadDataCPUTime"": 0.00017799999999995597, ""CreateIndexRealTime"": 0.23917358310427517, ""CreateIndexCPUTime"": 6.499999999998174e-05, ""AnalyzeRealTime"": 0.005671749939210713, ""AnalyzeCPUTime"": 3.6000000000036e-05, ""ExecuteQueryRealTime"": 0.0, ""ExecuteQueryCPUTime"": 0.0, ""WriteResultRealTime"": 0.0, ""WriteResultCPUTime"": 0.0}, ""errors"": [""S"
singlestore,binary_tree,double_recursion,200,skipped,unsupported,0,,,,,,,,,,,,False,0,,
singlestore,binary_tree,double_recursion,300,skipped,unsupported,0,,,,,,,,,,,,False,0,,
singlestore,binary_tree,double_recursion,400,skipped,unsupported,0,,,,,,,,,,,,False,0,,
singlestore,binary_tree,double_recursion,500,skipped,unsupported,0,,,,,,,,,,,,False,0,,
singlestore,binary_tree,double_recursion,600,skipped,unsupported,0,,,,,,,,,,,,False,0,,
singlestore,binary_tree,double_recursion,700,skipped,unsupported,0,,,,,,,,,,,,False,0,,
singlestore,binary_tree,double_recursion,800,skipped,unsupported,0,,,,,,,,,,,,False,0,,
singlestore,binary_tree,double_recursion,900,skipped,unsupported,0,,,,,,,,,,,,False,0,,
singlestore,binary_tree,double_recursion,1000,skipped,unsupported,0,,,,,,,,,,,,False,0,,
singlestore,binary_tree,left_recursion,100,ok,,5,0.1493128916248679,0.14298504102043808,0.03472419118547477,0.11916879203636199,0.2068480000598356,6.039999999999379e-05,,,,,True,False,0,,
singlestore,binary_tree,left_recursion,200,ok,,5,0.12918180818669497,0.1150269580539316,0.03133305825341377,0.09606445790268481,0.17022087494842708,5.619999999998404e-05,,,,,True,False,0,,
singlestore,binary_tree,left_recursion,300,ok,,5,0.12765724160708486,0.11531541694421321,0.030839237978445667,0.10114049992989749,0.1700912080705166,6.239999999998468e-05,,,,,True,False,0,,
singlestore,binary_tree,left_recursion,400,ok,,5,0.13414625816512854,0.12275658396538347,0.01909876370154171,0.11800033296458423,0.1567355829756707,6.860000000000755e-05,,,,,True,False,0,,
singlestore,binary_tree,left_recursion,500,ok,,5,0.13888896678108723,0.14741254202090204,0.017000868587908762,0.11889220797456801,0.1554049999685958,7.739999999998304e-05,,,,,True,False,0,,
singlestore,binary_tree,left_recursion,600,ok,,5,0.13904088363051414,0.1283637919696048,0.028902813253194423,0.11428079206962138,0.18188362510409206,5.859999999999754e-05,,,,,True,False,0,,
singlestore,binary_tree,left_recursion,700,ok,,5,0.1442833665991202,0.15446858294308186,0.02399190573007385,0.11401341704186052,0.17140708304941654,6.43999999999978e-05,,,,,True,False,0,,
singlestore,binary_tree,left_recursion,800,ok,,5,0.1424838331528008,0.12691012490540743,0.029930697836083913,0.11504712491296232,0.18821108294650912,5.180000000000184e-05,,,,,True,False,0,,
singlestore,binary_tree,left_recursion,900,ok,,5,0.1367488668067381,0.12619362503755838,0.021130442422208108,0.11335095902904868,0.15948983293492347,5.759999999999099e-05,,,,,True,False,0,,
singlestore,binary_tree,left_recursion,1000,ok,,5,0.1569665415911004,0.158853083034046,0.03490603986536059,0.12565637496300042,0.21152058301959187,6.359999999999699e-05,,,,,True,False,0,,
singlestore,binary_tree,right_recursion,100,ok,,5,0.18491925802081824,0.14527404098771513,0.11776798908562908,0.11353475006762892,0.39288920804392546,6.499999999998174e-05,,,,,True,False,0,,
singlestore,binary_tree,right_recursion,200,ok,,5,0.1363754165591672,0.14872829196974635,0.020528072134781354,0.11399250000249594,0.154659790918231,5.5400000000005446e-05,,,,,True,False,0,,
singlestore,binary_tree,right_recursion,300,ok,,5,0.1369955166010186,0.14508416701573879,0.019983583665143936,0.114718833938241,0.158457083045505,5.5000000000005043e-05,,,,,True,False,0,,
singlestore,binary_tree,right_recursion,400,ok,,5,0.11681947459001094,0.10696158302016556,0.021594395244277895,0.09919945790898055,0.15097641595639288,5.860000000001975e-05,,,,,True,False,0,,
singlestore,binary_tree,right_recursion,500,ok,,5,0.13227889174595475,0.12600804190151393,0.016721831296161335,0.11372525000479072,0.15393995796330273,5.779999999999674e-05,,,,,True,False,0,,
singlestore,binary_tree,right_recursion,600,ok,,5,0.15159308316651732,0.16136587492655963,0.02467963442686778,0.11776850000023842,0.176972416928038,6.380000000000274e-05,,,,,True,False,0,,
singlestore,binary_tree,right_recursion,700,ok,,5,0.1317874914035201,0.1319724170025438,0.018798948738244316,0.10752458299975842,0.1598864160478115,5.6200000000006245e-05,,,,,True,False,0,,
singlestore,binary_tree,right_recursion,800,ok,,5,0.13827182501554489,0.12856512505095452,0.02209334107532053,0.11604450002778322,0.16511900001205504,6.319999999999659e-05,,,,,True,False,0,,
singlestore,binary_tree,right_recursion,900,ok,,5,0.13633737456984818,0.1317171659320593,0.022180047675957926,0.1077005829429254,0.16082237497903407,5.900000000002015e-05,,,,,True,False,0,,
singlestore,binary_tree,right_recursion,1000,ok,,5,0.13207280002534388,0.12264216702897102,0.020826494606153625,0.11326258396729827,0.15607812500093132,5.4400000000009996e-05,,,,,True,False,0,,
singlestore,complete,double_recursion,100,error,unsupported,0,,,,,,,,,,,,False,0,,"SingleStore experiment error: (2709, 'recursive reference to query ""tc"" must not appear more than once') RUN_ONE_RESULT {""timing"": {""CreateTableRealTime"": 0.021897583035752177, ""CreateTableCPUTime"": 6.099999999997774e-05, ""LoadDataRealTime"": 0.04317258298397064, ""LoadDataCPUTime"": 0.00039799999999995395, ""CreateIndexRealTime"": 0.6916027090046555, ""CreateIndexCPUTime"": 4.999999999999449e-05, ""AnalyzeRealTime"": 0.0073475000681355596, ""AnalyzeCPUTime"": 3.6000000000036e-05, ""ExecuteQueryRealTime"": 0.0, ""ExecuteQueryCPUTime"": 0.0, ""WriteResultRealTime"": 0.0, ""WriteResultCPUTime"": 0.0}, ""errors"": ["""
singlestore,complete,double_recursion,200,skipped,unsupported,0,,,,,,,,,,,,False,0,,
singlestore,complete,double_recursion,300,skipped,unsupported,0,,,,,,,,,,,,False,0,,
singlestore,complete,double_recursion,400,skipped,unsupported,0,,,,,,,,,,,,False,0,,
singlestore,complete,double_recursion,500,skipped,unsupported,0,,,,,,,,,,,,False,0,,
singlestore,complete,double_recursion,600,skipped,unsupported,0,,,,,,,,,,,,False,0,,
singlestore,complete,double_recursion,700,skipped,unsupported,0,,,,,,,,,,,,False,0,,
singlestore,complete,double_recursion,800,skipped,unsupported,0,,,,,,,,,,,,False,0,,
singlestore,complete,double_recursion,900,skipped,unsupported,0,,,,,,,,,,,,False,0,,
singlestore,complete,double_recursion,1000,skipped,unsupported,0,,,,,,,,,,,,False,0,,
singlestore,complete,left_recursion,100,error,oom,0,,,,,,,,,,,,False,0,,"SingleStore experiment error: (1712, ""Leaf Error (127.0.0.1:3307): Memory used by MemSQL (5800.00 Mb) has reached the 'maximum_memory' setting (6000 Mb) on this node. Possible causes include (1) available query execution memory has been used up for table memory (in use table memory: 196.12 Mb) and (2) the query is large and complex and requires more query execution memory than is available (in use query execution memory 3608.25 Mb). See https://docs.memsql.com/troubleshooting/latest/memory-errors for additional information."") RUN_ONE_RESULT {""timing"": {""CreateTableRealTime"": 0.0374856250127777"
singlestore,complete,left_recursion,200,skipped,oom,0,,,,,,,,,,,,False,0,,
singlestore,complete,left_recursion,300,skipped,oom,0,,,,,,,,,,,,False,0,,
singlestore,complete,left_recursion,400,skipped,oom,0,,,,,,,,,,,,False,0,,
singlestore,complete,left_recursion,500,skipped,oom,0,,,,,,,,,,,,False,0,,
singlestore,complete,left_recursion,600,skipped,oom,0,,,,,,,,,,,,False,0,,
singlestore,complete,left_recursion,700,skipped,oom,0,,,,,,,,,,,,False,0,,
singlestore,complete,left_recursion,800,skipped,oom,0,,,,,,,,,,,,False,0,,
singlestore,complete,left_recursion,900,skipped,oom,0,,,,,,,,,,,,False,0,,
singlestore,complete,left_recursion,1000,skipped,oom,0,,,,,,,,,,,,False,0,,
singlestore,complete,right_recursion,100,error,oom,0,,,,,,,,,,,,False,0,,"SingleStore experiment error: (1712, ""Leaf Error (127.0.0.1:3307): Memory used by MemSQL (5800.00 Mb) has reached the 'maximum_memory' setting (6000 Mb) on this node. Possible causes include (1) available query execution memory has been used up for table memory (in use table memory: 197.38 Mb) and (2) the query is large and complex and requires more query execution memory than is available (in use query execution memory 4598.63 Mb). See https://docs.memsql.com/troubleshooting/latest/memory-errors for additional information."") RUN_ONE_RESULT {""timing"": {""CreateTableRealTime"": 0.0212568750139325"
singlestore,complete,right_recursion,200,skipped,oom,0,,,,,,,,,,,,False,0,,
singlestore,complete,right_recursion,300,skipped,oom,0,,,,,,,,,,,,False,0,,
singlestore,complete,right_recursion,400,skipped,oom,0,,,,,,,,,,,,False,0,,
singlestore,complete,right_recursion,500,skipped,oom,0,,,,,,,,,,,,False,0,,
singlestore,complete,right_recursion,600,skipped,oom,0,,,,,,,,,,,,False,0,,
singlestore,complete,right_recursion,700,skipped,oom,0,,,,,,,,,,,,False,0,,
singlestore,complete,right_recursion,800,skipped,oom,0,,,,,,,,,,,,False,0,,
singlestore,complete,right_recursion,900,skipped,oom,0,,,,,,,,,,,,False,0,,
singlestore,complete,right_recursion,1000,skipped,oom,0,,,,,,,,,,,,False,0,,
singlestore,cycle,double_recursion,100,error,unsupported,0,,,,,,,,,,,,False,0,,"SingleStore experiment error: (2709, 'recursive reference to query ""tc"" must not appear more than once') RUN_ONE_RESULT {""timing"": {""CreateTableRealTime"": 0.018449833034537733, ""CreateTableCPUTime"": 4.099999999995774e-05, ""LoadDataRealTime"": 0.017228417098522186, ""LoadDataCPUTime"": 0.00013099999999999223, ""CreateIndexRealTime"": 0.3347077500075102, ""CreateIndexCPUTime"": 3.999999999998449e-05, ""AnalyzeRealTime"": 0.007080124923959374, ""AnalyzeCPUTime"": 4.100000000001325e-05, ""ExecuteQueryRealTime"": 0.0, ""ExecuteQueryCPUTime"": 0.0, ""WriteResultRealTime"": 0.0, ""WriteResultCPUTime"": 0.0}, ""errors"": "
singlestore,cycle,double_recursion,200,skipped,unsupported,0,,,,,,,,,,,,False,0,,
singlestore,cycle,double_recursion,300,skipped,unsupported,0,,,,,,,,,,,,False,0,,
singlestore,cycle,double_recursion,400,skipped,unsupported,0,,,,,,,,,,,,False,0,,
singlestore,cycle,double_recursion,500,skipped,unsupported,0,,,,,,,,,,,,False,0,,
singlestore,cycle,double_recursion,600,skipped,unsupported,0,,,,,,,,,,,,False,0,,
singlestore,cycle,double_recursion,700,skipped,unsupported,0,,,,,,,,,,,,False,0,,
singlestore,cycle,double_recursion,800,skipped,unsupported,0,,,,,,,,,,,,False,0,,
singlestore,cycle,double_recursion,900,skipped,unsupported,0,,,,,,,,,,,,False,0,,
singlestore,cycle,double_recursion,1000,skipped,unsupported,0,,,,,,,,,,,,False,0,,
singlestore,cycle,left_recursion,100,error,iteration_limit,0,,,,,,,,,,,,False,0,,"SingleStore experiment error: (2741, ""The query failed because a recursive common table expression exceeded the max number of iterations: 10000, which can be configured by the parameter 'max_recursive_cte_iterations'."") RUN_ONE_RESULT {""timing"": {""CreateTableRealTime"": 0.016487207962200046, ""CreateTableCPUTime"": 3.6000000000036e-05, ""LoadDataRealTime"": 0.013510082964785397, ""LoadDataCPUTime"": 0.00015399999999998748, ""CreateIndexRealTime"": 0.5446983329020441, ""CreateIndexCPUTime"": 4.900000000002125e-05, ""AnalyzeRealTime"": 0.006294250022619963, ""AnalyzeCPUTime"": 3.500000000000725e-05, ""ExecuteQu"
singlestore,cycle,left_recursion,200,skipped,iteration_limit,0,,,,,,,,,,,,False,0,,
singlestore,cycle,left_recursion,300,skipped,iteration_limit,0,,,,,,,,,,,,False,0,,
singlestore,cycle,left_recursion,400,skipped,iteration_limit,0,,,,,,,,,,,,False,0,,
singlestore,cycle,left_recursion,500,skipped,iteration_limit,0,,,,,,,,,,,,False,0,,
singlestore,cycle,left_recursion,600,skipped,iteration_limit,0,,,,,,,,,,,,False,0,,
singlestore,cycle,left_recursion,700,skipped,iteration_limit,0,,,,,,,,,,,,False,0,,
singlestore,cycle,left_recursion,800,skipped,iteration_limit,0,,,,,,,,,,,,False,0,,
singlestore,cycle,left_recursion,900,skipped,iteration_limit,0,,,,,,,,,,,,False,0,,
singlestore,cycle,left_recursion,1000,skipped,iteration_limit,0,,,,,,,,,,,,False,0,,
singlestore,cycle,right_recursion,100,error,iteration_limit,0,,,,,,,,,,,,False,0,,"SingleStore experiment error: (2741, ""The query failed because a recursive common table expression exceeded the max number of iterations: 10000, which can be configured by the parameter 'max_recursive_cte_iterations'."") RUN_ONE_RESULT {""timing"": {""CreateTableRealTime"": 0.017285167006775737, ""CreateTableCPUTime"": 3.2999999999949736e-05, ""LoadDataRealTime"": 0.01607937505468726, ""LoadDataCPUTime"": 0.000144000000000033, ""CreateIndexRealTime"": 0.545324832899496, ""CreateIndexCPUTime"": 4.799999999999249e-05, ""AnalyzeRealTime"": 0.006175708025693893, ""AnalyzeCPUTime"": 3.999999999998449e-05, ""ExecuteQue"
singlestore,cycle,right_recursion,200,skipped,iteration_limit,0,,,,,,,,,,,,False,0,,
singlestore,cycle,right_recursion,300,skipped,iteration_limit,0,,,,,,,,,,,,False,0,,
singlestore,cycle,right_recursion,400,skipped,iteration_limit,0,,,,,,,,,,,,False,0,,
singlestore,cycle,right_recursion,500,skipped,iteration_limit,0,,,,,,,,,,,,False,0,,
singlestore,cycle,right_recursion,600,skipped,iteration_limit,0,,,,,,,,,,,,False,0,,
singlestore,cycle,right_recursion,700,skipped,iteration_limit,0,,,,,,,,,,,,False,0,,
singlestore,cycle,right_recursion,800,skipped,iteration_limit,0,,,,,,,,,,,,False,0,,
singlestore,cycle,right_recursion,900,skipped,iteration_limit,0,,,,,,,,,,,,False,0,,
singlestore,cycle,right_recursion,1000,skipped,iteration_limit,0,,,,,,,,,,,,False,0,,
singlestore,cycle_with_shortcuts,double_recursion,100,error,unsupported,0,,,,,,,,,,,,False,0,,"SingleStore experiment error: (2709, 'recursive reference to query ""tc"" must not appear more than once') RUN_ONE_RESULT {""timing"": {""CreateTableRealTime"": 0.023539334069937468, ""CreateTableCPUTime"": 0.00011500000000003174, ""LoadDataRealTime"": 0.025938958977349102, ""LoadDataCPUTime"": 0.00024799999999997047, ""CreateIndexRealTime"": 0.5580342499306425, ""CreateIndexCPUTime"": 5.3999999999998494e-05, ""AnalyzeRealTime"": 0.007744916016235948, ""AnalyzeCPUTime"": 4.100000000001325e-05, ""ExecuteQueryRealTime"": 0.0, ""ExecuteQueryCPUTime"": 0.0, ""WriteResultRealTime"": 0.0, ""WriteResultCPUTime"": 0.0}, ""errors"""
singlestore,cycle_with_shortcuts,double_recursion,200,skipped,unsupported,0,,,,,,,,,,,,False,0,,
singlestore,cycle_with_shortcuts,double_recursion,300,skipped,unsupported,0,,,,,,,,,,,,False,0,,
singlestore,cycle_with_shortcuts,double_recursion,400,skipped,unsupported,0,,,,,,,,,,,,False,0,,
singlestore,cycle_with_shortcuts,double_recursion,500,skipped,unsupported,0,,,,,,,,,,,,False,0,,
singlestore,cycle_with_shortcuts,double_recursion,600,skipped,unsupported,0,,,,,,,,,,,,False,0,,
singlestore,cycle_with_shortcuts,double_recursion,700,skipped,unsupported,0,,,,,,,,,,,,False,0,,
singlestore,cycle_with_shortcuts,double_recursion,800,skipped,unsupported,0,,,,,,,,,,,,False,0,,
singlestore,cycle_with_shortcuts,double_recursion,900,skipped,unsupported,0,,,,,,,,,,,,False,0,,
singlestore,cycle_with_shortcuts,double_recursion,1000,skipped,unsupported,0,,,,,,,,,,,,False,0,,
singlestore,cycle_with_shortcuts,left_recursion,100,error,oom,0,,,,,,,,,,,,False,0,,"SingleStore experiment error: (1712, ""Leaf Error (127.0.0.1:3307): Memory used by MemSQL (5800.00 Mb) has reached the 'maximum_memory' setting (6000 Mb) on this node. Possible causes include (1) available query execution memory has been used up for table memory (in use table memory: 197.62 Mb) and (2) the query is large and complex and requires more query execution memory than is available (in use query execution memory 3614.38 Mb). See https://docs.memsql.com/troubleshooting/latest/memory-errors for additional information."") RUN_ONE_RESULT {""timing"": {""CreateTableRealTime"": 0.0114931659772992"
singlestore,cycle_with_shortcuts,left_recursion,200,skipped,oom,0,,,,,,,,,,,,False,0,,
singlestore,cycle_with_shortcuts,left_recursion,300,skipped,oom,0,,,,,,,,,,,,False,0,,
singlestore,cycle_with_shortcuts,left_recursion,400,skipped,oom,0,,,,,,,,,,,,False,0,,
singlestore,cycle_with_shortcuts,left_recursion,500,skipped,oom,0,,,,,,,,,,,,False,0,,
singlestore,cycle_with_shortcuts,left_recursion,600,skipped,oom,0,,,,,,,,,,,,False,0,,
singlestore,cycle_with_shortcuts,left_recursion,700,skipped,oom,0,,,,,,,,,,,,False,0,,
singlestore,cycle_with_shortcuts,left_recursion,800,skipped,oom,0,,,,,,,,,,,,False,0,,
singlestore,cycle_with_shortcuts,left_recursion,900,skipped,oom,0,,,,,,,,,,,,False,0,,
singlestore,cycle_with_shortcuts,left_recursion,1000,skipped,oom,0,,,,,,,,,,,,False,0,,
singlestore,cycle_with_shortcuts,right_recursion,100,error,oom,0,,,,,,,,,,,,False,0,,"SingleStore experiment error: (1712, ""Leaf Error (127.0.0.1:3307): Memory used by MemSQL (5800.00 Mb) has reached the 'maximum_memory' setting (6000 Mb) on this node. Possible causes include (1) available query execution memory has been used up for table memory (in use table memory: 196.75 Mb) and (2) the query is large and complex and requires more query execution memory than is available (in use query execution memory 3792.38 Mb). See https://docs.memsql.com/troubleshooting/latest/memory-errors for additional information."") RUN_ONE_RESULT {""timing"": {""CreateTableRealTime"": 0.0231424999656155"
singlestore,cycle_with_shortcuts,right_recursion,200,skipped,oom,0,,,,,,,,,,,,False,0,,
singlestore,cycle_with_shortcuts,right_recursion,300,skipped,oom,0,,,,,,,,,,,,False,0,,
singlestore,cycle_with_shortcuts,right_recursion,400,skipped,oom,0,,,,,,,,,,,,False,0,,
singlestore,cycle_with_shortcuts,right_recursion,500,skipped,oom,0,,,,,,,,,,,,False,0,,
singlestore,cycle_with_shortcuts,right_recursion,600,skipped,oom,0,,,,,,,,,,,,False,0,,
singlestore,cycle_with_shortcuts,right_recursion,700,skipped,oom,0,,,,,,,,,,,,False,0,,
singlestore,cycle_with_shortcuts,right_recursion,800,skipped,oom,0,,,,,,,,,,,,False,0,,
singlestore,cycle_with_shortcuts,right_recursion,900,skipped,oom,0,,,,,,,,,,,,False,0,,
singlestore,cycle_with_shortcuts,right_recursion,1000,skipped,oom,0,,,,,,,,,,,,False,0,,
singlestore,grid,double_recursion,100,error,unsupported,0,,,,,,,,,,,,False,0,,"SingleStore experiment error: (2709, 'recursive reference to query ""tc"" must not appear more than once') RUN_ONE_RESULT {""timing"": {""CreateTableRealTime"": 0.02760250004939735, ""CreateTableCPUTime"": 0.0001000000000000445, ""LoadDataRealTime"": 0.027740290970541537, ""LoadDataCPUTime"": 0.00030800000000003047, ""CreateIndexRealTime"": 0.23864062502980232, ""CreateIndexCPUTime"": 5.899999999997574e-05, ""AnalyzeRealTime"": 0.006178917014040053, ""AnalyzeCPUTime"": 3.8000000000038e-05, ""ExecuteQueryRealTime"": 0.0, ""ExecuteQueryCPUTime"": 0.0, ""WriteResultRealTime"": 0.0, ""WriteResultCPUTime"": 0.0}, ""errors"": ["""
singlestore,grid,double_recursion,200,skipped,unsupported,0,,,,,,,,,,,,False,0,,
singlestore,grid,double_recursion,300,skipped,unsupported,0,,,,,,,,,,,,False,0,,
singlestore,grid,double_recursion,400,skipped,unsupported,0,,,,,,,,,,,,False,0,,
singlestore,grid,double_recursion,500,skipped,unsupported,0,,,,,,,,,,,,False,0,,
singlestore,grid,double_recursion,600,skipped,unsupported,0,,,,,,,,,,,,False,0,,
singlestore,grid,double_recursion,700,skipped,unsupported,0,,,,,,,,,,,,False,0,,
singlestore,grid,double_recursion,800,skipped,unsupported,0,,,,,,,,,,,,False,0,,
singlestore,grid,double_recursion,900,skipped,unsupported,0,,,,,,,,,,,,False,0,,
singlestore,grid,double_recursion,1000,skipped,unsupported,0,,,,,,,,,,,,False,0,,
singlestore,grid,left_recursion,100,ok,,5,0.6662525834050029,0.6493355000857264,0.03145745916102112,0.6442684580106288,0.7190432919887826,7.520000000000859e-05,,,,,True,False,0,,
singlestore,grid,left_recursion,200,ok,,5,130.44559194161556,130.59493424999528,0.5935550165295778,129.6046356250299,131.1288716250565,0.00030019999999999494,,,,,True,False,0,,
singlestore,grid,left_recursion,300,error,oom,0,,,,,,,,,,,,False,0,,"SingleStore experiment error: (1712, ""Leaf Error (127.0.0.1:3307): Memory used by MemSQL (5800.00 Mb) has reached the 'maximum_memory' setting (6000 Mb) on this node. Possible causes include (1) available query execution memory has been used up for table memory (in use table memory: 199.88 Mb) and (2) the query is large and complex and requires more query execution memory than is available (in use query execution memory 3613.25 Mb). See https://docs.memsql.com/troubleshooting/latest/memory-errors for additional information."") RUN_ONE_RESULT {""timing"": {""CreateTableRealTime"": 0.0210493749473243"
singlestore,grid,left_recursion,400,skipped,oom,0,,,,,,,,,,,,False,0,,
singlestore,grid,left_recursion,500,skipped,oom,0,,,,,,,,,,,,False,0,,
singlestore,grid,left_recursion,600,skipped,oom,0,,,,,,,,,,,,False,0,,
singlestore,grid,left_recursion,700,skipped,oom,0,,,,,,,,,,,,False,0,,
singlestore,grid,left_recursion,800,skipped,oom,0,,,,,,,,,,,,False,0,,
singlestore,grid,left_recursion,900,skipped,oom,0,,,,,,,,,,,,False,0,,
singlestore,grid,left_recursion,1000,skipped,oom,0,,,,,,,,,,,,False,0,,
singlestore,grid,right_recursion,100,ok,,5,0.784588933410123,0.7734664579620585,0.046007674770742565,0.7330860419897363,0.8573633750202134,5.739999999999634e-05,,,,,True,False,0,,
singlestore,grid,right_recursion,200,ok,,5,132.96732452497818,132.94528529199306,0.8518697405329626,132.09506579197478,133.90008408296853,0.0003037999999999985,,,,,True,False,0,,
singlestore,grid,right_recursion,300,error,oom,0,,,,,,,,,,,,False,0,,"SingleStore experiment error: (1712, ""Leaf Error (127.0.0.1:3307): Memory used by MemSQL (5800.00 Mb) has reached the 'maximum_memory' setting (6000 Mb) on this node. Possible causes include (1) available query execution memory has been used up for table memory (in use table memory: 199.88 Mb) and (2) the query is large and complex and requires more query execution memory than is available (in use query execution memory 4115.50 Mb). See https://docs.memsql.com/troubleshooting/latest/memory-errors for additional information."") RUN_ONE_RESULT {""timing"": {""CreateTableRealTime"": 0.0218131250003352"
singlestore,grid,right_recursion,400,skipped,oom,0,,,,,,,,,,,,False,0,,
singlestore,grid,right_recursion,500,skipped,oom,0,,,,,,,,,,,,False,0,,
singlestore,grid,right_recursion,600,skipped,oom,0,,,,,,,,,,,,False,0,,
singlestore,grid,right_recursion,700,skipped,oom,0,,,,,,,,,,,,False,0,,
singlestore,grid,right_recursion,800,skipped,oom,0,,,,,,,,,,,,False,0,,
singlestore,grid,right_recursion,900,skipped,oom,0,,,,,,,,,,,,False,0,,
singlestore,grid,right_recursion,1000,skipped,oom,0,,,,,,,,,,,,False,0,,
singlestore,max_acyclic,double_recursion,100,error,unsupported,0,,,,,,,,,,,,False,0,,"SingleStore experiment error: (2709, 'recursive reference to query ""tc"" must not appear more than once') RUN_ONE_RESULT {""timing"": {""CreateTableRealTime"": 0.01836908294353634, ""CreateTableCPUTime"": 4.900000000002125e-05, ""LoadDataRealTime"": 0.028465625015087426, ""LoadDataCPUTime"": 0.00027399999999999647, ""CreateIndexRealTime"": 0.34995149995666, ""CreateIndexCPUTime"": 4.599999999999049e-05, ""AnalyzeRealTime"": 0.006602374953217804, ""AnalyzeCPUTime"": 3.700000000000925e-05, ""ExecuteQueryRealTime"": 0.0, ""ExecuteQueryCPUTime"": 0.0, ""WriteResultRealTime"": 0.0, ""WriteResultCPUTime"": 0.0}, ""errors"": [""S"
singlestore,max_acyclic,double_recursion,200,skipped,unsupported,0,,,,,,,,,,,,False,0,,
singlestore,max_acyclic,double_recursion,300,skipped,unsupported,0,,,,,,,,,,,,False,0,,
singlestore,max_acyclic,double_recursion,400,skipped,unsupported,0,,,,,,,,,,,,False,0,,
singlestore,max_acyclic,double_recursion,500,skipped,unsupported,0,,,,,,,,,,,,False,0,,
singlestore,max_acyclic,double_recursion,600,skipped,unsupported,0,,,,,,,,,,,,False,0,,
singlestore,max_acyclic,double_recursion,700,skipped,unsupported,0,,,,,,,,,,,,False,0,,
singlestore,max_acyclic,double_recursion,800,skipped,unsupported,0,,,,,,,,,,,,False,0,,
singlestore,max_acyclic,double_recursion,900,skipped,unsupported,0,,,,,,,,,,,,False,0,,
singlestore,max_acyclic,double_recursion,1000,skipped,unsupported,0,,,,,,,,,,,,False,0,,
singlestore,max_acyclic,left_recursion,100,error,oom,0,,,,,,,,,,,,False,0,,"SingleStore experiment error: (1712, ""Leaf Error (127.0.0.1:3307): Memory used by MemSQL (5800.00 Mb) has reached the 'maximum_memory' setting (6000 Mb) on this node. Possible causes include (1) available query execution memory has been used up for table memory (in use table memory: 197.88 Mb) and (2) the query is large and complex and requires more query execution memory than is available (in use query execution memory 3613.00 Mb). See https://docs.memsql.com/troubleshooting/latest/memory-errors for additional information."") RUN_ONE_RESULT {""timing"": {""CreateTableRealTime"": 0.0156464580213651"
singlestore,max_acyclic,left_recursion,200,skipped,oom,0,,,,,,,,,,,,False,0,,
singlestore,max_acyclic,left_recursion,300,skipped,oom,0,,,,,,,,,,,,False,0,,
singlestore,max_acyclic,left_recursion,400,skipped,oom,0,,,,,,,,,,,,False,0,,
singlestore,max_acyclic,left_recursion,500,skipped,oom,0,,,,,,,,,,,,False,0,,
singlestore,max_acyclic,left_recursion,600,skipped,oom,0,,,,,,,,,,,,False,0,,
singlestore,max_acyclic,left_recursion,700,skipped,oom,0,,,,,,,,,,,,False,0,,
singlestore,max_acyclic,left_recursion,800,skipped,oom,0,,,,,,,,,,,,False,0,,
singlestore,max_acyclic,left_recursion,900,skipped,oom,0,,,,,,,,,,,,False,0,,
singlestore,max_acyclic,left_recursion,1000,skipped,oom,0,,,,,,,,,,,,False,0,,
singlestore,max_acyclic,right_recursion,100,error,oom,0,,,,,,,,,,,,False,0,,"SingleStore experiment error: (1712, ""Leaf Error (127.0.0.1:3307): Memory used by MemSQL (5800.00 Mb) has reached the 'maximum_memory' setting (6000 Mb) on this node. Possible causes include (1) available query execution memory has been used up for table memory (in use table memory: 197.62 Mb) and (2) the query is large and complex and requires more query execution memory than is available (in use query execution memory 4445.38 Mb). See https://docs.memsql.com/troubleshooting/latest/memory-errors for additional information."") RUN_ONE_RESULT {""timing"": {""CreateTableRealTime"": 0.0218926670495420"
singlestore,max_acyclic,right_recursion,200,skipped,oom,0,,,,,,,,,,,,False,0,,
singlestore,max_acyclic,right_recursion,300,skipped,oom,0,,,,,,,,,,,,False,0,,
singlestore,max_acyclic,right_recursion,400,skipped,oom,0,,,,,,,,,,,,False,0,,
singlestore,max_acyclic,right_recursion,500,skipped,oom,0,,,,,,,,,,,,False,0,,
singlestore,max_acyclic,right_recursion,600,skipped,oom,0,,,,,,,,,,,,False,0,,
singlestore,max_acyclic,right_recursion,700,skipped,oom,0,,,,,,,,,,,,False,0,,
singlestore,max_acyclic,right_recursion,800,skipped,oom,0,,,,,,,,,,,,False,0,,
singlestore,max_acyclic,right_recursion,900,skipped,oom,0,,,,,,,,,,,,False,0,,
singlestore,max_acyclic,right_recursion,1000,skipped,oom,0,,,,,,,,,,,,False,0,,
singlestore,multi_path,double_recursion,100,error,unsupported,0,,,,,,,,,,,,False,0,,"SingleStore experiment error: (2709, 'recursive reference to query ""tc"" must not appear more than once') RUN_ONE_RESULT {""timing"": {""CreateTableRealTime"": 0.019096208037808537, ""CreateTableCPUTime"": 5.6000000000000494e-05, ""LoadDataRealTime"": 0.021259082946926355, ""LoadDataCPUTime"": 0.00022899999999997922, ""CreateIndexRealTime"": 0.6491830829763785, ""CreateIndexCPUTime"": 5.1999999999996493e-05, ""AnalyzeRealTime"": 0.006588249932974577, ""AnalyzeCPUTime"": 3.700000000000925e-05, ""ExecuteQueryRealTime"": 0.0, ""ExecuteQueryCPUTime"": 0.0, ""WriteResultRealTime"": 0.0, ""WriteResultCPUTime"": 0.0}, ""errors"""
singlestore,multi_path,double_recursion,200,skipped,unsupported,0,,,,,,,,,,,,False,0,,
singlestore,multi_path,double_recursion,300,skipped,unsupported,0,,,,,,,,,,,,False,0,,
singlestore,multi_path,double_recursion,400,skipped,unsupported,0,,,,,,,,,,,,False,0,,
singlestore,multi_path,double_recursion,500,skipped,unsupported,0,,,,,,,,,,,,False,0,,
singlestore,multi_path,double_recursion,600,skipped,unsupported,0,,,,,,,,,,,,False,0,,
singlestore,multi_path,double_recursion,700,skipped,unsupported,0,,,,,,,,,,,,False,0,,
singlestore,multi_path,double_recursion,800,skipped,unsupported,0,,,,,,,,,,,,False,0,,
singlestore,multi_path,double_recursion,900,skipped,unsupported,0,,,,,,,,,,,,False,0,,
singlestore,multi_path,double_recursion,1000,skipped,unsupported,0,,,,,,,,,,,,False,0,,
singlestore,multi_path,left_recursion,100,ok,,5,0.5278194584418088,0.5302469170419499,0.009004141379450825,0.5127362080384046,0.5368994170567021,6.880000000000219e-05,,,,,True,False,0,,
singlestore,multi_path,left_recursion,200,ok,,5,1.3371574915712698,1.333960416028276,0.026825063730039882,1.3112132089445367,1.3807275419821963,8.660000000000334e-05,,,,,True,False,0,,
singlestore,multi_path,left_recursion,300,ok,,5,1.7732724501518533,1.7620905839139596,0.023400125569500014,1.752578500076197,1.8077249579364434,7.679999999998799e-05,,,,,True,False,0,,
singlestore,multi_path,left_recursion,400,ok,,5,3.234560733428225,3.1820717500522733,0.13399494780304907,3.111055084038526,3.457152249990031,0.0001360000000000028,,,,,True,False,0,,
singlestore,multi_path,left_recursion,500,ok,,5,4.5911725418176506,4.613314292044379,0.10446240052734727,4.456684708013199,4.69395975000225,0.0002676000000000012,,,,,True,False,0,,
singlestore,multi_path,left_recursion,600,ok,,5,6.17567040019203,6.143408249947242,0.07872798460683425,6.127716709044762,6.314340917044319,0.00017419999999999103,,,,,True,False,0,,
singlestore,multi_path,left_recursion,700,ok,,5,8.043735733418725,8.068669624975882,0.06647146997026013,7.945552875055,8.103147000074387,0.00017800000000001148,,,,,True,False,0,,
singlestore,multi_path,left_recursion,800,ok,,5,10.211742716794834,10.248620999976993,0.154549192141533,10.003033166052774,10.403304459061474,0.00023239999999999928,,,,,True,False,0,,
singlestore,multi_path,left_recursion,900,ok,,5,12.57401347500272,12.56987345800735,0.06558291081254995,12.475842999992892,12.642979125026613,0.00018179999999999862,,,,,True,False,0,,
singlestore,multi_path,left_recursion,1000,ok,,5,15.338621283392422,15.354325165972114,0.06672994936408588,15.240518916980363,15.423212375026196,0.00023020000000000261,,,,,True,False,0,,
singlestore,multi_path,right_recursion,100,ok,,5,0.5423296834109351,0.520679916953668,0.0394179422401785,0.5182410000124946,0.610735584050417,5.28000000000084e-05,,,,,True,False,0,,
singlestore,multi_path,right_recursion,200,ok,,5,1.321221283613704,1.3152315419865772,0.018696906988289422,1.3069670000113547,1.352537792059593,5.479999999999929e-05,,,,,True,False,0,,
singlestore,multi_path,right_recursion,300,ok,,5,1.7642203083727508,1.7773585000541061,0.03345590217133539,1.727523124893196,1.8031510839937255,7.460000000001355e-05,,,,,True,False,0,,
singlestore,multi_path,right_recursion,400,ok,,5,3.0860791915794836,3.0934544999618083,0.05605023213608988,2.998635874944739,3.139892042032443,7.04000000000038e-05,,,,,True,False,0,,
singlestore,multi_path,right_recursion,500,ok,,5,4.456219908408821,4.45291474997066,0.07958628642758249,4.353425208013505,4.575161667075008,0.00018080000000000317,,,,,True,False,0,,
singlestore,multi_path,right_recursion,600,ok,,5,5.992487874813378,5.999462415929884,0.03801111756762246,5.954729542019777,6.045840125065297,0.0001600000000000046,,,,,True,False,0,,
singlestore,multi_path,right_recursion,700,ok,,5,7.8039599084062505,7.7815928750205785,0.037691588428842106,7.778670500032604,7.865441792062484,0.00018659999999999234,,,,,True,False,0,,
singlestore,multi_path,right_recursion,800,ok,,5,9.837266033212654,9.834902999922633,0.12146439757802263,9.672773208003491,9.961233083042316,0.00020119999999999028,,,,,True,False,0,,
singlestore,multi_path,right_recursion,900,ok,,5,12.178958799596876,12.184757707989775,0.07342825272635334,12.09781612502411,12.259649083018303,0.00019319999999998228,,,,,True,False,0,,
singlestore,multi_path,right_recursion,1000,ok,,5,14.923105125222355,14.915936042089015,0.11123864280079852,14.794802125077695,15.098758916952647,0.00017999999999999128,,,,,True,False,0,,
singlestore,path,double_recursion,100,error,unsupported,0,,,,,,,,,,,,False,0,,"SingleStore experiment error: (2709, 'recursive reference to query ""tc"" must not appear more than once') RUN_ONE_RESULT {""timing"": {""CreateTableRealTime"": 0.019045958993956447, ""CreateTableCPUTime"": 4.599999999999049e-05, ""LoadDataRealTime"": 0.015842875000089407, ""LoadDataCPUTime"": 0.00023399999999995647, ""CreateIndexRealTime"": 0.2303874579956755, ""CreateIndexCPUTime"": 5.3999999999998494e-05, ""AnalyzeRealTime"": 0.0057284170761704445, ""AnalyzeCPUTime"": 3.6999999999953737e-05, ""ExecuteQueryRealTime"": 0.0, ""ExecuteQueryCPUTime"": 0.0, ""WriteResultRealTime"": 0.0, ""WriteResultCPUTime"": 0.0}, ""errors"
singlestore,path,double_recursion,200,skipped,unsupported,0,,,,,,,,,,,,False,0,,
singlestore,path,double_recursion,300,skipped,unsupported,0,,,,,,,,,,,,False,0,,
singlestore,path,double_recursion,400,skipped,unsupported,0,,,,,,,,,,,,False,0,,
singlestore,path,double_recursion,500,skipped,unsupported,0,,,,,,,,,,,,False,0,,
singlestore,path,double_recursion,600,skipped,unsupported,0,,,,,,,,,,,,False,0,,
singlestore,path,double_recursion,700,skipped,unsupported,0,,,,,,,,,,,,False,0,,
singlestore,path,double_recursion,800,skipped,unsupported,0,,,,,,,,,,,,False,0,,
singlestore,path,double_recursion,900,skipped,unsupported,0,,,,,,,,,,,,False,0,,
singlestore,path,double_recursion,1000,skipped,unsupported,0,,,,,,,,,,,,False,0,,
singlestore,path,left_recursion,100,ok,,5,0.4313358665909618,0.3906040000729263,0.08417155575662734,0.3801243749912828,0.5800581659423187,5.68000000000124e-05,,,,,True,False,0,,
singlestore,path,left_recursion,200,ok,,5,0.72649628338404,0.7159596249694005,0.02464191473655397,0.7139906670199707,0.7705442080041394,7.319999999998439e-05,,,,,True,False,0,,
singlestore,path,left_recursion,300,ok,,5,1.0754671750357374,1.0806462920736521,0.015581906869841247,1.054824750055559,1.0947307080496103,7.099999999998774e-05,,,,,True,False,0,,
singlestore,path,left_recursion,400,ok,,5,1.4909724497701973,1.4882317919982597,0.015407852087916072,1.478403624962084,1.517235790961422,6.700000000000594e-05,,,,,True,False,0,,
singlestore,path,left_recursion,500,ok,,5,1.9068308749701828,1.9019648749381304,0.017768277967395968,1.893001375021413,1.9374489169567823,7.340000000000124e-05,,,,,True,False,0,,
singlestore,path,left_recursion,600,ok,,5,2.3721576918149365,2.3733964590355754,0.02808016399091627,2.3420509999850765,2.409996792091988,8.320000000000549e-05,,,,,True,False,0,,
singlestore,path,left_recursion,700,ok,,5,2.87784264201764,2.873250750009902,0.024115578094416622,2.850396041991189,2.914543459075503,7.020000000000915e-05,,,,,True,False,0,,
singlestore,path,left_recursion,800,ok,,5,3.399188524787314,3.3768161659827456,0.05343694581062074,3.354475957923569,3.487953917006962,7.719999999999949e-05,,,,,True,False,0,,
singlestore,path,left_recursion,900,ok,,5,3.345831433380954,3.348472416982986,0.061712883701232374,3.2713682079920545,3.432312082964927,7.55999999999979e-05,,,,,True,False,0,,
singlestore,path,left_recursion,1000,ok,,5,3.7746432250132784,3.7574678749078885,0.05034578093051537,3.728346624993719,3.851382250082679,9.56000000000068e-05,,,,,True,False,0,,
singlestore,path,right_recursion,100,ok,,5,0.4032614749856293,0.3930999159347266,0.03675938876016452,0.37102225003764033,0.46670724998693913,7.199999999998318e-05,,,,,True,False,0,,
singlestore,path,right_recursion,200,ok,,5,0.7252086661988869,0.7213104160036892,0.02492294517023217,0.6991615829756483,0.7600971660576761,8.900000000001684e-05,,,,,True,False,0,,
singlestore,path,right_recursion,300,ok,,5,1.072538483212702,1.0688205000478774,0.01045627973671647,1.06341225001961,1.0901855420088395,7.35999999999959e-05,,,,,True,False,0,,
singlestore,path,right_recursion,400,ok,,5,1.4589361249934882,1.4500404159771279,0.026601774117134783,1.4374821670353413,1.502894541947171,7.360000000000699e-05,,,,,True,False,0,,
singlestore,path,right_recursion,500,ok,,5,1.8624057165812702,1.8576312499353662,0.013754752231582566,1.85052724997513,1.882500124978833,8.580000000000255e-05,,,,,True,False,0,,
singlestore,path,right_recursion,600,ok,,5,2.3233423830009996,2.3185537080280483,0.01345441418355242,2.311343916109763,2.338155207922682,8.839999999999959e-05,,,,,True,False,0,,
singlestore,path,right_recursion,700,ok,,5,2.8166377999586985,2.798763709026389,0.0661214950573972,2.7513425409561023,2.924937916919589,6.839999999999069e-05,,,,,True,False,0,,
singlestore,path,right_recursion,800,ok,,5,3.3951371998060496,3.3723020830657333,0.08466757695093798,3.298294083913788,3.513561583007686,7.860000000000644e-05,,,,,True,False,0,,
singlestore,path,right_recursion,900,ok,,5,3.3357305419864134,3.317378749954514,0.09175301369108316,3.2378412500256673,3.487752042012289,7.500000000000284e-05,,,,,True,False,0,,
singlestore,path,right_recursion,1000,ok,,5,3.758183066593483,3.73628562502563,0.06581693960010566,3.707201874931343,3.8726887920638546,9.359999999999368e-05,,,,,True,False,0,,
singlestore,reverse_binary_tree,double_recursion,100,error,unsupported,0,,,,,,,,,,,,False,0,,"SingleStore experiment error: (2709, 'recursive reference to query ""tc"" must not appear more than once') RUN_ONE_RESULT {""timing"": {""CreateTableRealTime"": 0.015460875001735985, ""CreateTableCPUTime"": 4.199999999998649e-05, ""LoadDataRealTime"": 0.012708374997600913, ""LoadDataCPUTime"": 0.00023800000000001598, ""CreateIndexRealTime"": 0.5367053750669584, ""CreateIndexCPUTime"": 4.799999999999249e-05, ""AnalyzeRealTime"": 0.005481750005856156, ""AnalyzeCPUTime"": 3.500000000000725e-05, ""ExecuteQueryRealTime"": 0.0, ""ExecuteQueryCPUTime"": 0.0, ""WriteResultRealTime"": 0.0, ""WriteResultCPUTime"": 0.0}, ""errors"": "
singlestore,reverse_binary_tree,double_recursion,200,skipped,unsupported,0,,,,,,,,,,,,False,0,,
singlestore,reverse_binary_tree,double_recursion,300,skipped,unsupported,0,,,,,,,,,,,,False,0,,
singlestore,reverse_binary_tree,double_recursion,400,skipped,unsupported,0,,,,,,,,,,,,False,0,,
singlestore,reverse_binary_tree,double_recursion,500,skipped,unsupported,0,,,,,,,,,,,,False,0,,
singlestore,reverse_binary_tree,double_recursion,600,skipped,unsupported,0,,,,,,,,,,,,False,0,,
singlestore,reverse_binary_tree,double_recursion,700,skipped,unsupported,0,,,,,,,,,,,,False,0,,
singlestore,reverse_binary_tree,double_recursion,800,skipped,unsupported,0,,,,,,,,,,,,False,0,,
singlestore,reverse_binary_tree,double_recursion,900,skipped,unsupported,0,,,,,,,,,,,,False,0,,
singlestore,reverse_binary_tree,double_recursion,1000,skipped,unsupported,0,,,,,,,,,,,,False,0,,
singlestore,reverse_binary_tree,left_recursion,100,ok,,5,0.13105607500765473,0.13920316705480218,0.029960737337936284,0.09249945799820125,0.15855616598855704,5.2400000000007996e-05,,,,,True,False,0,,
singlestore,reverse_binary_tree,left_recursion,200,ok,,5,0.12429468363989145,0.1183440419845283,0.018030427742486126,0.1044862091075629,0.14363700000103563,6.220000000000115e-05,,,,,True,False,0,,
singlestore,reverse_binary_tree,left_recursion,300,ok,,5,0.1441338581731543,0.14711354090832174,0.022591815156345913,0.116946000023745,0.17642216698732227,7.00000000000145e-05,,,,,True,False,0,,
singlestore,reverse_binary_tree,left_recursion,400,ok,,5,0.12727535860612987,0.11736295896116644,0.023996344320892142,0.09959004202391952,0.1551847499795258,5.560000000000009e-05,,,,,True,False,0,,
singlestore,reverse_binary_tree,left_recursion,500,ok,,5,0.1316044583916664,0.12281724996864796,0.023831465511505216,0.1047304579988122,0.16425999999046326,5.379999999999274e-05,,,,,True,False,0,,
singlestore,reverse_binary_tree,left_recursion,600,ok,,5,0.14827662480529397,0.15645620797295123,0.01655365381469358,0.12908720807172358,0.16521324997302145,6.080000000000529e-05,,,,,True,False,0,,
singlestore,reverse_binary_tree,left_recursion,700,ok,,5,0.13631165837869047,0.13204883295111358,0.020304233873854494,0.10993829194922,0.1574526249896735,6.059999999999954e-05,,,,,True,False,0,,
singlestore,reverse_binary_tree,left_recursion,800,ok,,5,0.14150324161164463,0.1382764580193907,0.025082707682175197,0.1084048340562731,0.1672922499710694,5.880000000000329e-05,,,,,True,False,0,,
singlestore,reverse_binary_tree,left_recursion,900,ok,,5,0.13759468344505876,0.12955250008963048,0.021649472646489348,0.11398583406116813,0.16619058302603662,5.6400000000000897e-05,,,,,True,False,0,,
singlestore,reverse_binary_tree,left_recursion,1000,ok,,5,0.1481238917913288,0.1586993340170011,0.016573243879157568,0.12743329198565334,0.16248891700524837,6.179999999997854e-05,,,,,True,False,0,,
singlestore,reverse_binary_tree,right_recursion,100,ok,,5,0.1301984582329169,0.13516112510114908,0.024901985665333262,0.10573654202744365,0.16556495800614357,4.8400000000003995e-05,,,,,True,False,0,,
singlestore,reverse_binary_tree,right_recursion,200,ok,,5,0.11225830824114383,0.10722175007686019,0.020352658215601883,0.0962867500493303,0.14700766606256366,6.179999999998964e-05,,,,,True,False,0,,
singlestore,reverse_binary_tree,right_recursion,300,ok,,5,0.14830571676138787,0.1448343750089407,0.03637350432759913,0.11461091693490744,0.20799112494569272,5.9000000000009044e-05,,,,,True,False,0,,
singlestore,reverse_binary_tree,right_recursion,400,ok,,5,0.11024830839596689,0.10766962496563792,0.007841654119040833,0.10278845904394984,0.1199903329834342,6.719999999998949e-05,,,,,True,False,0,,
singlestore,reverse_binary_tree,right_recursion,500,ok,,5,0.11075984141789377,0.11265166592784226,0.007148754816851142,0.10217304108664393,0.12000583403278142,5.0200000000011344e-05,,,,,True,False,0,,
singlestore,reverse_binary_tree,right_recursion,600,ok,,5,0.17540589997079223,0.16743483394384384,0.062368565166358525,0.12224516598507762,0.2804477500030771,6.060000000001065e-05,,,,,True,False,0,,
singlestore,reverse_binary_tree,right_recursion,700,ok,,5,0.14934186660684645,0.15601466700900346,0.021056794283405286,0.12233566690701991,0.1712957910494879,5.959999999999299e-05,,,,,True,False,0,,
singlestore,reverse_binary_tree,right_recursion,800,ok,,5,0.1347668920410797,0.13252029207069427,0.019334259984647013,0.10942100000102073,0.15462829207535833,5.139999999997924e-05,,,,,True,False,0,,
singlestore,reverse_binary_tree,right_recursion,900,ok,,5,0.14382181658875198,0.1529649579897523,0.02109233352158286,0.12145270791370422,0.1682629999704659,5.839999999999179e-05,,,,,True,False,0,,
singlestore,reverse_binary_tree,right_recursion,1000,ok,,5,0.14647492475342005,0.15488058293703943,0.01713955196607526,0.12341466592624784,0.1609679169487208,6.119999999999459e-05,,,,,True,False,0,,
singlestore,scale_free,left_recursion,10000,error,oom,0,,,,,,,,,,,,False,0,,"SingleStore experiment error: (1712, ""Leaf Error (127.0.0.1:3307): Memory used by MemSQL (5800.00 Mb) has reached the 'maximum_memory' setting (6000 Mb) on this node. Possible causes include (1) available query execution memory has been used up for table memory (in use table memory: 202.38 Mb) and (2) the query is large and complex and requires more query execution memory than is available (in use query execution memory 3610.75 Mb). See https://docs.memsql.com/troubleshooting/latest/memory-errors for additional information."") RUN_ONE_RESULT {""timing"": {""CreateTableRealTime"": 0.0147828340996056"
singlestore,scale_free,left_recursion,20000,skipped,oom,0,,,,,,,,,,,,False,0,,
singlestore,scale_free,left_recursion,30000,skipped,oom,0,,,,,,,,,,,,False,0,,
singlestore,scale_free,left_recursion,40000,skipped,oom,0,,,,,,,,,,,,False,0,,
singlestore,scale_free,left_recursion,50000,skipped,oom,0,,,,,,,,,,,,False,0,,
singlestore,scale_free,left_recursion,60000,skipped,oom,0,,,,,,,,,,,,False,0,,
singlestore,scale_free,left_recursion,70000,skipped,oom,0,,,,,,,,,,,,False,0,,
singlestore,scale_free,left_recursion,80000,skipped,oom,0,,,,,,,,,,,,False,0,,
singlestore,scale_free,left_recursion,90000,skipped,oom,0,,,,,,,,,,,,False,0,,
singlestore,scale_free,right_recursion,10000,error,oom,0,,,,,,,,,,,,False,0,,"SingleStore experiment error: (1712, ""Leaf Error (127.0.0.1:3307): Memory used by MemSQL (5800.12 Mb) has reached the 'maximum_memory' setting (6000 Mb) on this node. Possible causes include (1) available query execution memory has been used up for table memory (in use table memory: 201.62 Mb) and (2) the query is large and complex and requires more query execution memory than is available (in use query execution memory 4296.00 Mb). See https://docs.memsql.com/troubleshooting/latest/memory-errors for additional information."") RUN_ONE_RESULT {""timing"": {""CreateTableRealTime"": 0.0214143750490620"
singlestore,scale_free,right_recursion,20000,skipped,oom,0,,,,,,,,,,,,False,0,,
singlestore,scale_free,right_recursion,30000,skipped,oom,0,,,,,,,,,,,,False,0,,
singlestore,scale_free,right_recursion,40000,skipped,oom,0,,,,,,,,,,,,False,0,,
singlestore,scale_free,right_recursion,50000,skipped,oom,0,,,,,,,,,,,,False,0,,
singlestore,scale_free,right_recursion,60000,skipped,oom,0,,,,,,,,,,,,False,0,,
singlestore,scale_free,right_recursion,70000,skipped,oom,0,,,,,,,,,,,,False,0,,
singlestore,scale_free,right_recursion,80000,skipped,oom,0,,,,,,,,,,,,False,0,,
singlestore,scale_free,right_recursion,90000,skipped,oom,0,,,,,,,,,,,,False,0,,
singlestore,w,double_recursion,100,error,unsupported,0,,,,,,,,,,,,False,0,,"SingleStore experiment error: (2709, 'recursive reference to query ""tc"" must not appear more than once') RUN_ONE_RESULT {""timing"": {""CreateTableRealTime"": 0.016029125079512596, ""CreateTableCPUTime"": 3.700000000000925e-05, ""LoadDataRealTime"": 0.009594792034476995, ""LoadDataCPUTime"": 0.00018300000000004424, ""CreateIndexRealTime"": 0.340438416111283, ""CreateIndexCPUTime"": 4.700000000001925e-05, ""AnalyzeRealTime"": 0.005223624990321696, ""AnalyzeCPUTime"": 3.500000000000725e-05, ""ExecuteQueryRealTime"": 0.0, ""ExecuteQueryCPUTime"": 0.0, ""WriteResultRealTime"": 0.0, ""WriteResultCPUTime"": 0.0}, ""errors"": ["
singlestore,w,double_recursion,200,skipped,unsupported,0,,,,,,,,,,,,False,0,,
singlestore,w,double_recursion,300,skipped,unsupported,0,,,,,,,,,,,,False,0,,
singlestore,w,double_recursion,400,skipped,unsupported,0,,,,,,,,,,,,False,0,,
singlestore,w,double_recursion,500,skipped,unsupported,0,,,,,,,,,,,,False,0,,
singlestore,w,double_recursion,600,skipped,unsupported,0,,,,,,,,,,,,False,0,,
singlestore,w,double_recursion,700,skipped,unsupported,0,,,,,,,,,,,,False,0,,
singlestore,w,double_recursion,800,skipped,unsupported,0,,,,,,,,,,,,False,0,,
singlestore,w,double_recursion,900,skipped,unsupported,0,,,,,,,,,,,,False,0,,
singlestore,w,double_recursion,1000,skipped,unsupported,0,,,,,,,,,,,,False,0,,
singlestore,w,left_recursion,100,ok,,5,0.12157056641299277,0.12757929100189358,0.024079910577343825,0.09632558305747807,0.1536183749558404,5.879999999999219e-05,,,,,True,False,0,,
singlestore,w,left_recursion,200,ok,,5,0.11761444157455117,0.10684699995908886,0.027999554710264673,0.08940366597380489,0.1584227499552071,5.7000000000007044e-05,,,,,True,False,0,,
singlestore,w,left_recursion,300,ok,,5,0.11380394981242717,0.1021770000224933,0.02275674563058435,0.08969995798543096,0.14230495796073228,5.16000000000072e-05,,,,,True,False,0,,
singlestore,w,left_recursion,400,ok,,5,0.122955158399418,0.11158187501132488,0.02889745671888552,0.09020950004924089,0.16083287494257092,5.359999999999809e-05,,,,,True,False,0,,
singlestore,w,left_recursion,500,ok,,5,0.13166002538055183,0.13962258398532867,0.01732145586081,0.10920404200442135,0.14674458396621048,6.339999999998014e-05,,,,,True,False,0,,
singlestore,w,left_recursion,600,ok,,5,0.13049816659186037,0.1395048750564456,0.017814663299324577,0.10992683295626193,0.1488716669846326,5.84000000000029e-05,,,,,True,False,0,,
singlestore,w,left_recursion,700,ok,,5,0.11952099138870835,0.11460574995726347,0.025269081071403743,0.09647787502035499,0.15916004090104252,5.100000000000104e-05,,,,,True,False,0,,
singlestore,w,left_recursion,800,ok,,5,0.13004121659323573,0.14594550000037998,0.025855045391144697,0.09915441600605845,0.15311362501233816,5.260000000000265e-05,,,,,True,False,0,,
singlestore,w,left_recursion,900,ok,,5,0.15359333357773722,0.15114716696552932,0.03389162663591001,0.11895191704388708,0.1885175839997828,7.119999999998239e-05,,,,,True,False,0,,
singlestore,w,left_recursion,1000,ok,,5,0.13367950022220612,0.12619650003034621,0.020234053654824544,0.10904758400283754,0.15636583301238716,5.000000000000559e-05,,,,,True,False,0,,
singlestore,w,right_recursion,100,ok,,5,0.12155505821574479,0.12672454107087106,0.020687697709484216,0.09662900003604591,0.14217116602230817,5.4399999999998896e-05,,,,,True,False,0,,
singlestore,w,right_recursion,200,ok,,5,0.1009213584009558,0.09946429100818932,0.018049989590184515,0.0832155829994008,0.1294951670570299,5.16000000000072e-05,,,,,True,False,0,,
singlestore,w,right_recursion,300,ok,,5,0.11425489161629229,0.10251666698604822,0.02547942765207645,0.08627641608472914,0.14895216596778482,6.059999999999954e-05,,,,,True,False,0,,
singlestore,w,right_recursion,400,ok,,5,0.1285679248161614,0.14836891705635935,0.032325586523123576,0.09103658294770867,0.1553084159968421,6.28000000000184e-05,,,,,True,False,0,,
singlestore,w,right_recursion,500,ok,,5,0.13557116657029838,0.14197479200083762,0.021361352206093597,0.10900287504773587,0.15495787491090596,7.019999999998693e-05,,,,,True,False,0,,
singlestore,w,right_recursion,600,ok,,5,0.13617555000819265,0.14244220801629126,0.022163678010384703,0.11383950000163168,0.1663766250712797,5.6000000000000494e-05,,,,,True,False,0,,
singlestore,w,right_recursion,700,ok,,5,0.13678109962493182,0.14337908301968127,0.026282339662052744,0.1033400830347091,0.1672989580547437,6.24000000000069e-05,,,,,True,False,0,,
singlestore,w,right_recursion,800,ok,,5,0.12742955796420574,0.11739191599190235,0.028027996178443294,0.10025383299216628,0.16445966600440443,5.259999999999154e-05,,,,,True,False,0,,
singlestore,w,right_recursion,900,ok,,5,0.14116776681039483,0.1540295840241015,0.025167273093112452,0.10951924999244511,0.1684320840286091,7.120000000000459e-05,,,,,True,False,0,,
singlestore,w,right_recursion,1000,ok,,5,0.14546233338769526,0.1522256670286879,0.027300723968857653,0.1080869579454884,0.17732424999121577,6.079999999999419e-05,,,,,True,False,0,,
singlestore,x,double_recursion,100,error,unsupported,0,,,,,,,,,,,,False,0,,"SingleStore experiment error: (2709, 'recursive reference to query ""tc"" must not appear more than once') RUN_ONE_RESULT {""timing"": {""CreateTableRealTime"": 0.019379999954253435, ""CreateTableCPUTime"": 4.900000000002125e-05, ""LoadDataRealTime"": 0.018509040935896337, ""LoadDataCPUTime"": 0.00023499999999998522, ""CreateIndexRealTime"": 0.28146187495440245, ""CreateIndexCPUTime"": 5.3999999999998494e-05, ""AnalyzeRealTime"": 0.005946499994024634, ""AnalyzeCPUTime"": 4.2000000000042004e-05, ""ExecuteQueryRealTime"": 0.0, ""ExecuteQueryCPUTime"": 0.0, ""WriteResultRealTime"": 0.0, ""WriteResultCPUTime"": 0.0}, ""errors"
singlestore,x,double_recursion,200,skipped,unsupported,0,,,,,,,,,,,,False,0,,
singlestore,x,double_recursion,300,skipped,unsupported,0,,,,,,,,,,,,False,0,,
singlestore,x,double_recursion,400,skipped,unsupported,0,,,,,,,,,,,,False,0,,
singlestore,x,double_recursion,500,skipped,unsupported,0,,,,,,,,,,,,False,0,,
singlestore,x,double_recursion,600,skipped,unsupported,0,,,,,,,,,,,,False,0,,
singlestore,x,double_recursion,700,skipped,unsupported,0,,,,,,,,,,,,False,0,,
singlestore,x,double_recursion,800,skipped,unsupported,0,,,,,,,,,,,,False,0,,
singlestore,x,double_recursion,900,skipped,unsupported,0,,,,,,,,,,,,False,0,,
singlestore,x,double_recursion,1000,skipped,unsupported,0,,,,,,,,,,,,False,0,,
singlestore,x,left_recursion,100,ok,,5,0.11497329999692738,0.10073583293706179,0.027337067150583656,0.09015645796898752,0.15119433403015137,5.699999999998484e-05,,,,,True,False,0,,
singlestore,x,left_recursion,200,ok,,5,0.11294934980105609,0.10371125000528991,0.021335977895683596,0.08852383296471089,0.13874862506054342,6.760000000000099e-05,,,,,True,False,0,,
singlestore,x,left_recursion,300,ok,,5,0.11470019139815121,0.09981825004797429,0.0369810541235258,0.09049141698051244,0.17930416599847376,5.359999999998699e-05,,,,,True,False,0,,
singlestore,x,left_recursion,400,ok,,5,0.12365482519380748,0.11527075001504272,0.016858301067065113,0.10851379204541445,0.14514908392447978,5.580000000000584e-05,,,,,True,False,0,,
singlestore,x,left_recursion,500,ok,,5,0.1330010499805212,0.14289604092482477,0.016803377964928923,0.1130474170204252,0.1491517499089241,5.759999999999099e-05,,,,,True,False,0,,
singlestore,x,left_recursion,600,ok,,5,0.13594734983053058,0.14626045804470778,0.01726334153330761,0.11678200005553663,0.1514001659816131,6.300000000000194e-05,,,,,True,False,0,,
singlestore,x,left_recursion,700,ok,,5,0.1336174750002101,0.1261069580214098,0.016860403720572008,0.11914700001943856,0.1543369999853894,5.60000000000227e-05,,,,,True,False,0,,
singlestore,x,left_recursion,800,ok,,5,0.1391350166173652,0.1314498750725761,0.016521994592921415,0.12342491606250405,0.15751329192426056,5.28000000000084e-05,,,,,True,False,0,,
singlestore,x,left_recursion,900,ok,,5,0.15008331642020495,0.15847941604442894,0.019541566449143843,0.12822791608050466,0.16791904205456376,5.760000000000209e-05,,,,,True,False,0,,
singlestore,x,left_recursion,1000,ok,,5,0.1550381834153086,0.16359116695821285,0.022775630993514425,0.130199791979976,0.17853666609153152,6.40000000000085e-05,,,,,True,False,0,,
singlestore,x,right_recursion,100,ok,,5,0.1260135917691514,0.13612566702067852,0.020270519622080267,0.1003187500173226,0.14298933290410787,5.580000000000584e-05,,,,,True,False,0,,
singlestore,x,right_recursion,200,ok,,5,0.11535845817998051,0.10797808296047151,0.023501616239300166,0.0866531659848988,0.14481520804110914,6.080000000000529e-05,,,,,True,False,0,,
singlestore,x,right_recursion,300,ok,,5,0.13082133340649307,0.141940625035204,0.020411365328340737,0.1061814590357244,0.15134654194116592,5.84000000000029e-05,,,,,True,False,0,,
singlestore,x,right_recursion,400,ok,,5,0.12145113300066442,0.11550658300984651,0.020119394827402663,0.10066154098603874,0.145157958031632,4.8400000000015095e-05,,,,,True,False,0,,
singlestore,x,right_recursion,500,ok,,5,0.14345629159361123,0.14265258295927197,0.02974623438385801,0.11241425003390759,0.17404316703323275,6.0000000000015594e-05,,,,,True,False,0,,
singlestore,x,right_recursion,600,ok,,5,0.13158509985078126,0.13582150009460747,0.014959122291980063,0.11520495801232755,0.145492208073847,6.019999999998804e-05,,,,,True,False,0,,
singlestore,x,right_recursion,700,ok,,5,0.14534204977098852,0.15475849993526936,0.016709574935744473,0.1253342080162838,0.16016337496694177,7.59999999999983e-05,,,,,True,False,0,,
singlestore,x,right_recursion,800,ok,,5,0.14418499160092324,0.15255774999968708,0.016028420018329454,0.12406416691374034,0.16011816600803286,6.760000000000099e-05,,,,,True,False,0,,
singlestore,x,right_recursion,900,ok,,5,0.13404879979789258,0.12834466597996652,0.021376188805526393,0.11148004094138741,0.16915979201439768,6.660000000001665e-05,,,,,True,False,0,,
singlestore,x,right_recursion,1000,ok,,5,0.1441771750105545,0.13675587496254593,0.02388318910241886,0.11625066702254117,0.17206224997062236,6.180000000000074e-05,,,,,True,False,0,,
singlestore,y,double_recursion,100,error,unsupported,0,,,,,,,,,,,,False,0,,"SingleStore experiment error: (2709, 'recursive reference to query ""tc"" must not appear more than once') RUN_ONE_RESULT {""timing"": {""CreateTableRealTime"": 0.01611620804760605, ""CreateTableCPUTime"": 3.999999999998449e-05, ""LoadDataRealTime"": 0.010757916956208646, ""LoadDataCPUTime"": 0.00020500000000001073, ""CreateIndexRealTime"": 0.3324474160326645, ""CreateIndexCPUTime"": 4.500000000001725e-05, ""AnalyzeRealTime"": 0.005826208041980863, ""AnalyzeCPUTime"": 4.099999999995774e-05, ""ExecuteQueryRealTime"": 0.0, ""ExecuteQueryCPUTime"": 0.0, ""WriteResultRealTime"": 0.0, ""WriteResultCPUTime"": 0.0}, ""errors"": ["
singlestore,y,double_recursion,200,skipped,unsupported,0,,,,,,,,,,,,False,0,,
singlestore,y,double_recursion,300,skipped,unsupported,0,,,,,,,,,,,,False,0,,
singlestore,y,double_recursion,400,skipped,unsupported,0,,,,,,,,,,,,False,0,,
singlestore,y,double_recursion,500,skipped,unsupported,0,,,,,,,,,,,,False,0,,
singlestore,y,double_recursion,600,skipped,unsupported,0,,,,,,,,,,,,False,0,,
singlestore,y,double_recursion,700,skipped,unsupported,0,,,,,,,,,,,,False,0,,
singlestore,y,double_recursion,800,skipped,unsupported,0,,,,,,,,,,,,False,0,,
singlestore,y,double_recursion,900,skipped,unsupported,0,,,,,,,,,,,,False,0,,
singlestore,y,double_recursion,1000,skipped,unsupported,0,,,,,,,,,,,,False,0,,
singlestore,y,left_recursion,100,ok,,5,0.13531747460365295,0.12367158301640302,0.030574177241787515,0.10819766600616276,0.1693235000129789,5.1200000000006794e-05,,,,,True,False,0,,
singlestore,y,left_recursion,200,ok,,5,0.14243391661439092,0.13476145907770842,0.02763947018323558,0.11122241604607552,0.1818809169344604,5.499999999998284e-05,,,,,True,False,0,,
singlestore,y,left_recursion,300,ok,,5,0.1435212918324396,0.14099670806899667,0.02306855380281907,0.11397100007161498,0.16722320904955268,6.380000000000274e-05,,,,,True,False,0,,
singlestore,y,left_recursion,400,ok,,5,0.14819226681720465,0.14432587509509176,0.016685536222016656,0.1312323339516297,0.1675475420197472,5.719999999999059e-05,,,,,True,False,0,,
singlestore,y,left_recursion,500,ok,,5,0.1513480416033417,0.14493270800448954,0.025501871091897867,0.12208941706921905,0.18505195807665586,7.780000000000565e-05,,,,,True,False,0,,
singlestore,y,left_recursion,600,ok,,5,0.16968361635226756,0.17519029194954783,0.024534340801512643,0.13766929099801928,0.1996527079027146,5.380000000000384e-05,,,,,True,False,0,,
singlestore,y,left_recursion,700,ok,,5,0.16903614159673452,0.1753797500859946,0.022948633523336176,0.1417055829660967,0.19299891602713615,6.48000000000093e-05,,,,,True,False,0,,
singlestore,y,left_recursion,800,ok,,5,0.1782193833962083,0.18640466697979718,0.021960217480982824,0.15484866697806865,0.20641333307139575,5.919999999999259e-05,,,,,True,False,0,,
singlestore,y,left_recursion,900,ok,,5,0.3994188165757805,0.18630062497686595,0.4930634969385991,0.15228754200506955,1.2809622080530971,0.00011180000000000634,,,,,True,False,0,,
singlestore,y,left_recursion,1000,ok,,5,0.17468579164706172,0.16220429202076048,0.02994432028493035,0.14419850008562207,0.215786166023463,6.560000000001009e-05,,,,,True,False,0,,
singlestore,y,right_recursion,100,ok,,5,0.1500206669792533,0.15637008391786367,0.03301667950155026,0.1078188339015469,0.18839783302973956,4.8399999999992896e-05,,,,,True,False,0,,
singlestore,y,right_recursion,200,ok,,5,0.1403901582118124,0.13339616695884615,0.02011299852396478,0.11798362503759563,0.16544079105369747,6.139999999998924e-05,,,,,True,False,0,,
singlestore,y,right_recursion,300,ok,,5,0.1441759665729478,0.13343699998222291,0.028068444760375504,0.1137186250416562,0.18111708294600248,5.1999999999996493e-05,,,,,True,False,0,,
singlestore,y,right_recursion,400,ok,,5,0.14777009177487344,0.13733708299696445,0.03127452050464114,0.11449887498747557,0.18565758399199694,6.95999999999919e-05,,,,,True,False,0,,
singlestore,y,right_recursion,500,ok,,5,0.15357745836954564,0.1382996659958735,0.03409485451027064,0.12036208296194673,0.20534016692545265,5.260000000000265e-05,,,,,True,False,0,,
singlestore,y,right_recursion,600,ok,,5,0.15650824180338532,0.14288383396342397,0.02710688855851759,0.13194916700012982,0.19285933300852776,6.340000000001344e-05,,,,,True,False,0,,
singlestore,y,right_recursion,700,ok,,5,0.16093661659397185,0.14955829095561057,0.030155491409513006,0.12890304194297642,0.20592737500555813,5.16000000000072e-05,,,,,True,False,0,,
singlestore,y,right_recursion,800,ok,,5,0.16533988318406045,0.1582436669850722,0.025775421834524706,0.13379241700749844,0.19957529101520777,7.35999999999959e-05,,,,,True,False,0,,
singlestore,y,right_recursion,900,ok,,5,0.17238139160908758,0.1779645000351593,0.018719710075489032,0.15233262500260025,0.19562120793852955,5.779999999999674e-05,,,,,True,False,0,,
singlestore,y,right_recursion,1000,ok,,5,0.1649930332088843,0.15271266701165587,0.024829369898577893,0.1405716249719262,0.1999771660193801,6.180000000000074e-05,,,,,True,False,0,,
xsb,barabasi_albert,left_recursion,10000,ok,,5,0.2577621459960938,0.257512807846069,0.002580211220990764,0.254600048065186,0.260777950286865,0.2560816,23.525000000000002,13.151200116339194,35.3124,xsb process RSS (query-only run),True,False,0,,
xsb,barabasi_albert,left_recursion,20000,ok,,5,0.8951613903045654,0.899439096450806,0.008079204824963182,0.8833909034729,0.902128219604492,0.8905162,70.70320000000001,0.2812831313818852,87.4344,xsb process RSS (query-only run),True,False,0,,
xsb,barabasi_albert,left_recursion,30000,ok,,5,1.8175827980041481,1.82360196113586,0.008831070479907105,1.80550408363342,1.8241560459137,1.8087362,117.1626,0.7693541447214037,137.228,xsb process RSS (query-only run),True,False,5,agreement,
xsb,barabasi_albert,left_recursion,40000,ok,,5,3.011425781250002,3.0097188949585,0.023570558547949365,2.9893479347229,3.04490113258362,2.9983266,173.3846,0.7343182552544937,196.3344,xsb process RSS (query-only run),True,False,5,agreement,
xsb,barabasi_albert,left_recursion,50000,ok,,5,4.47497959136963,4.47619700431824,0.020693271442543258,4.44451403617859,4.50163698196411,4.4530526,232.1998,0.6578154756464798,257.1282,xsb process RSS (query-only run),True,False,5,agreement,
xsb,barabasi_albert,left_recursion,60000,ok,,5,6.199315977096556,6.19325590133667,0.02709308811543029,6.17913508415222,6.24619102478027,6.17138,292.4218,0.3579388215882835,320.65,xsb process RSS (query-only run),True,False,5,agreement,
xsb,barabasi_albert,left_recursion,70000,ok,,5,8.195669507980346,8.20874190330505,0.028054359485178416,8.16411995887756,8.22808384895325,8.158134,366.17199999999997,0.5376890365257635,396.8344,xsb process RSS (query-only run),True,False,5,agreement,
xsb,barabasi_albert,left_recursion,80000,ok,,5,10.42908363342284,10.4261300563812,0.025530369941786958,10.3999030590057,10.4702320098877,10.381412,436.2436,0.42750941510098994,469.2406,xsb process RSS (query-only run),True,False,5,agreement,
xsb,barabasi_albert,left_recursion,90000,ok,,5,12.99916682243348,12.9663820266724,0.0665457231878496,12.9370629787445,13.0713860988617,12.9399644,509.8592,0.39015855751219736,544.831,xsb process RSS (query-only run),True,False,5,agreement,
xsb,barabasi_albert,left_recursion,100000,ok,,5,15.76403317451478,15.7407169342041,0.10928173248373882,15.6506359577179,15.9323511123657,15.690613,583.7812,0.4547633450488288,621.95,xsb process RSS (query-only run),,False,5,,
xsb,barabasi_albert,right_recursion,10000,ok,,5,0.07647829055786132,0.0764110088348389,0.0006035081491505404,0.0758228302001953,0.0772128105163574,0.0741422,46.4846,5.292659378800038,60.8,xsb process RSS (query-only run),True,False,0,,
xsb,barabasi_albert,right_recursion,20000,ok,,5,0.1998765468597412,0.200247049331665,0.0022761255973281227,0.197358846664429,0.203027963638306,0.19424539999999998,123.3156,0.23465890138667475,139.8562,xsb process RSS (query-only run),True,False,0,,
xsb,barabasi_albert,right_recursion,30000,ok,,5,0.3555779933929444,0.355732917785645,0.0034591795277438466,0.351144075393677,0.359736919403076,0.3447866,206.053,0.9069432176272059,225.553,xsb process RSS (query-only run),True,False,5,agreement,
xsb,barabasi_albert,right_recursion,40000,ok,,5,0.5233355522155761,0.524091958999634,0.004599040287825896,0.51699686050415,0.528671026229858,0.5086426000000001,304.31239999999997,0.7627331119074469,327.322,xsb process RSS (query-only run),True,False,5,agreement,
xsb,barabasi_albert,right_recursion,50000,ok,,5,0.7193471908569337,0.720383167266846,0.003475149565290244,0.713782072067261,0.723176956176758,0.6995146,407.0156,1.0380434961984837,432.22499999999997,xsb process RSS (query-only run),True,False,5,agreement,
xsb,barabasi_albert,right_recursion,60000,ok,,5,0.9269222259521482,0.928430080413818,0.006173121659816722,0.91928505897522,0.933507919311523,0.9024704,513.0592,0.31040811845053584,541.4188,xsb process RSS (query-only run),True,False,5,agreement,
xsb,barabasi_albert,right_recursion,70000,ok,,5,1.12421908378601,1.12528705596924,0.003871491651273401,1.11753606796265,1.12736320495605,1.092705,644.106,0.8540717183000717,674.806,xsb process RSS (query-only run),True,False,5,agreement,
xsb,barabasi_albert,right_recursion,80000,ok,,5,1.369810390472412,1.3690619468689,0.01722722437564721,1.35539698600769,1.39815497398376,1.3310738,767.4186,0.5784879428302614,800.6218,xsb process RSS (query-only run),True,False,5,agreement,
xsb,barabasi_albert,right_recursion,90000,ok,,5,1.611256170272828,1.61621809005737,0.010002396845939166,1.59679198265076,1.62065386772156,1.5641612,894.0094,0.6083689669928612,929.4188,xsb process RSS (query-only run),True,False,5,agreement,
xsb,barabasi_albert,right_recursion,100000,ok,,5,1.871487760543824,1.86291599273682,0.02525618816333311,1.8504478931427,1.9138069152832,1.8157708,1023.8594,0.45017252248441253,1062.0002,xsb process RSS (query-only run),,False,5,,
xsb,binary_tree,double_recursion,100,ok,,5,8.058547973632812e-05,7.89165496826172e-05,4.060122100335691e-06,7.70092010498047e-05,8.70227813720703e-05,7.240000000000021e-05,8.9374,0.06730750329643788,13.6282,xsb process RSS (query-only run),True,False,0,,
xsb,binary_tree,double_recursion,200,ok,,5,0.000188159942626953,0.000190019607543945,6.398330271528146e-06,0.000180959701538086,0.000195026397705078,0.0001794000000000006,2.619,3.6829452887600707,13.522,xsb process RSS (query-only run),True,False,0,,
xsb,binary_tree,double_recursion,300,ok,,5,0.00045948028564453137,0.000460147857666016,5.770025166910149e-06,0.000451087951660156,0.000467061996459961,0.0004425999999999992,2.222,3.8703684579119857,13.4282,xsb process RSS (query-only run),True,False,0,,
xsb,binary_tree,double_recursion,400,ok,,5,0.00045876502990722663,0.000457048416137695,6.015995743737966e-06,0.000452995300292969,0.000468969345092773,0.000442400000000001,3.5906,4.916659618074044,13.1438,xsb process RSS (query-only run),True,False,0,,
xsb,binary_tree,double_recursion,500,ok,,5,0.0004571914672851564,0.000453948974609375,5.846361925249217e-06,0.000452995300292969,0.000467061996459961,0.0004388000000000002,0.0,0.0,13.175,xsb process RSS (query-only run),True,False,0,,
xsb,binary_tree,double_recursion,600,ok,,5,0.001136302947998046,0.00113606452941895,2.46622095889798e-06,0.00113415718078613,0.00114011764526367,0.0011070000000000001,3.5564,4.86991466044324,13.228200000000001,xsb process RSS (query-only run),True,False,0,,
xsb,binary_tree,double_recursion,700,ok,,5,0.00113511085510254,0.00112795829772949,1.2735882212053904e-05,0.00112295150756836,0.00115084648132324,0.0011058,4.1032,4.56516491487438,13.3344,xsb process RSS (query-only run),True,False,0,,
xsb,binary_tree,double_recursion,800,ok,,5,0.001146793365478516,0.00114989280700684,2.2113242881813775e-05,0.00111699104309082,0.00117397308349609,0.0011162,3.728,5.115171600249595,13.175,xsb process RSS (query-only run),True,False,0,,
xsb,binary_tree,double_recursion,900,ok,,5,0.0011368274688720679,0.00113415718078613,7.087491040367495e-06,0.00112795829772949,0.0011451244354248,0.0011066000000000001,4.2782,4.498724396981882,13.6626,xsb process RSS (query-only run),True,False,0,,
xsb,binary_tree,double_recursion,1000,ok,,5,0.001131772994995118,0.00112795829772949,1.5695839491496343e-05,0.00111889839172363,0.0011589527130127,0.0011008,0.4968,1.1108785712218956,13.0376,xsb process RSS (query-only run),True,False,0,,
xsb,binary_tree,left_recursion,100,ok,,5,4.33921813964844e-05,4.31537628173828e-05,2.0440135239937677e-06,4.10079956054688e-05,4.60147857666016e-05,3.719999999999972e-05,5.3782,4.909680967231985,13.265600000000001,xsb process RSS (query-only run),True,False,0,,
xsb,binary_tree,left_recursion,200,ok,,5,8.468627929687502e-05,8.41617584228516e-05,4.036955311542807e-06,8.0108642578125e-05,9.10758972167969e-05,7.65999999999996e-05,3.7032,5.073701922659628,13.1502,xsb process RSS (query-only run),True,False,0,,
xsb,binary_tree,left_recursion,300,ok,,5,0.0001819133758544922,0.000180959701538086,4.077585071680101e-06,0.000178813934326172,0.000188827514648438,0.00017120000000000001,0.0,0.0,13.3314,xsb process RSS (query-only run),True,False,0,,
xsb,binary_tree,left_recursion,400,ok,,5,0.0001831531524658204,0.000181913375854492,3.360771835106284e-06,0.00018000602722168,0.000188827514648438,0.00017240000000000002,3.697,5.066018456342219,13.2376,xsb process RSS (query-only run),True,False,0,,
xsb,binary_tree,left_recursion,500,ok,,5,0.000182056427001953,0.000179052352905273,6.275437880082068e-06,0.000178098678588867,0.000192880630493164,0.00017140000000000062,5.8376,5.4097706790584015,13.2314,xsb process RSS (query-only run),True,False,0,,
xsb,binary_tree,left_recursion,600,ok,,5,0.0004172801971435548,0.000420093536376953,6.968188314827637e-06,0.000405073165893555,0.000422000885009766,0.0003988000000000006,1.7876,3.997195116578624,13.1408,xsb process RSS (query-only run),True,False,0,,
xsb,binary_tree,left_recursion,700,ok,,5,0.0004216194152832034,0.000422000885009766,1.9165354262177553e-05,0.000393152236938477,0.00044703483581543,0.0004032000000000004,2.2532,5.038308366902526,12.8812,xsb process RSS (query-only run),True,False,0,,
xsb,binary_tree,left_recursion,800,ok,,5,0.0004170417785644532,0.000422000885009766,1.2966332556455985e-05,0.000394105911254883,0.000426054000854492,0.00039979999999999963,0.0,0.0,12.547,xsb process RSS (query-only run),True,False,0,,
xsb,binary_tree,left_recursion,900,ok,,5,0.000431632995605469,0.000433921813964844,9.142039091528893e-06,0.000416040420532227,0.000440120697021484,0.0004138000000000004,3.8218,5.233452607982612,13.2436,xsb process RSS (query-only run),True,False,0,,
xsb,binary_tree,left_recursion,1000,ok,,5,0.0004149913787841796,0.000419139862060547,1.3759871349020096e-05,0.000391006469726562,0.000424861907958984,0.0003984000000000002,4.0438,5.5956203588163484,13.119,xsb process RSS (query-only run),True,False,0,,
xsb,binary_tree,right_recursion,100,ok,,5,5.078315734863282e-05,4.98294830322266e-05,2.5400252047374643e-06,4.88758087158203e-05,5.50746917724609e-05,4.51999999999994e-05,5.347,4.8812274071180095,13.397,xsb process RSS (query-only run),True,False,0,,
xsb,binary_tree,right_recursion,200,ok,,5,9.756088256835936e-05,9.70363616943359e-05,1.5116565212390496e-06,9.58442687988281e-05,9.98973846435547e-05,9.03999999999995e-05,0.5187999999999999,1.160072066726891,13.2,xsb process RSS (query-only run),True,False,0,,
xsb,binary_tree,right_recursion,300,ok,,5,0.0002076148986816408,0.00020599365234375,3.7371684487190703e-06,0.000203847885131836,0.000212192535400391,0.0001915999999999986,5.3688,4.901025270287841,13.290600000000001,xsb process RSS (query-only run),True,False,0,,
xsb,binary_tree,right_recursion,400,ok,,5,0.0002039909362792972,0.000204086303710938,7.651713626804879e-07,0.00020289421081543,0.000205039978027344,0.0001897999999999988,5.8186,5.3943320068382885,13.347,xsb process RSS (query-only run),True,False,0,,
xsb,binary_tree,right_recursion,500,ok,,5,0.0002072334289550782,0.000208139419555664,3.477153317254494e-06,0.000203132629394531,0.000211000442504883,0.0001915999999999994,3.9688,4.542169932972565,13.3626,xsb process RSS (query-only run),True,False,0,,
xsb,binary_tree,right_recursion,600,ok,,5,0.0004469871520996094,0.00044703483581543,2.619351189989518e-06,0.000443935394287109,0.000451087951660156,0.0004178000000000002,5.8218,5.398462855295015,13.2,xsb process RSS (query-only run),True,False,0,,
xsb,binary_tree,right_recursion,700,ok,,5,0.0004491806030273436,0.000448942184448242,6.5705841920477e-06,0.000440120697021484,0.000456809997558594,0.0004169999999999992,5.8126,5.3918967720089,13.1282,xsb process RSS (query-only run),True,False,0,,
xsb,binary_tree,right_recursion,800,ok,,5,0.0004554748535156248,0.000456094741821289,2.942320970339671e-06,0.000452041625976562,0.000459194183349609,0.0004213999999999996,4.1252,4.555952501947315,13.3312,xsb process RSS (query-only run),True,False,0,,
xsb,binary_tree,right_recursion,900,ok,,5,0.000445985794067383,0.00044703483581543,5.175935017859023e-06,0.000439882278442383,0.000452995300292969,0.0004178000000000006,2.2438,5.017289327914028,12.9686,xsb process RSS (query-only run),True,False,0,,
xsb,binary_tree,right_recursion,1000,ok,,5,0.0004546165466308594,0.000448942184448242,1.652276876806076e-05,0.000444889068603516,0.000483989715576172,0.00042500000000000057,4.5,6.161889158366937,13.2312,xsb process RSS (query-only run),True,False,0,,
xsb,complete,double_recursion,100,ok,,5,0.05209159851074218,0.0520081520080566,0.000388997904209114,0.0516459941864014,0.0526638031005859,0.0519474,4.653,0.9456603512889816,18.2154,xsb process RSS (query-only run),True,False,0,,
xsb,complete,double_recursion,200,ok,,5,0.4207146167755128,0.418941974639893,0.0045276333868072205,0.417335033416748,0.428559064865112,0.4197666,17.6564,0.34485765179273675,34.5062,xsb process RSS (query-only run),True,False,0,,
xsb,complete,double_recursion,300,ok,,5,1.39216423034668,1.39753985404968,0.009521896365879304,1.38169312477112,1.40074515342712,1.3889774,31.971999999999998,0.20737164704944547,54.944,xsb process RSS (query-only run),True,False,0,,
xsb,complete,double_recursion,400,ok,,5,3.312630081176758,3.31330418586731,0.006943468484226617,3.30206513404846,3.32150506973267,3.306826,55.8658,0.5533996747378878,88.1406,xsb process RSS (query-only run),True,False,0,,
xsb,complete,double_recursion,500,ok,,5,6.483862543106078,6.4874370098114,0.019162268447921852,6.45390200614929,6.5070788860321,6.4733516,94.722,0.7868332097719317,138.1406,xsb process RSS (query-only run),True,False,0,,
xsb,complete,double_recursion,600,ok,,5,10.90327525138856,10.9016621112823,0.01815642994113725,10.8831760883331,10.9217989444733,10.8873406,115.61880000000001,0.4474077558558886,172.9564,xsb process RSS (query-only run),True,False,0,,
xsb,complete,double_recursion,700,ok,,5,17.45967764854432,17.4477779865265,0.05354667038702964,17.3937752246857,17.5412631034851,17.4375194,133.7344,0.5224258799102542,206.5844,xsb process RSS (query-only run),True,False,0,,
xsb,complete,double_recursion,800,ok,,5,26.2420253753662,26.213446855545,0.07439916760071341,26.1518619060516,26.3413369655609,26.2026556,229.9594,0.6902280782466035,321.3374,xsb process RSS (query-only run),True,False,0,,
xsb,complete,double_recursion,900,ok,,5,37.52800111770632,37.5217039585114,0.10832090754053268,37.3843858242035,37.687567949295,37.4729958,253.2064,0.2946791475486518,365.1722,xsb process RSS (query-only run),True,False,0,,
xsb,complete,double_recursion,1000,ok,,5,51.5259625911713,51.5670280456543,0.16240532409637481,51.256355047226,51.6915299892426,51.444199399999995,308.4718,172.44144174965598,417.3124,xsb process RSS (query-only run),True,False,0,,
xsb,complete,left_recursion,100,ok,,5,0.0344453811645508,0.0343029499053955,0.0005431849889491002,0.0339639186859131,0.0353660583496094,0.0343734,2.2972,0.3292866532369631,16.194,xsb process RSS (query-only run),True,False,0,,
xsb,complete,left_recursion,200,ok,,5,0.2790152072906494,0.278959035873413,0.0022127151445587257,0.276782035827637,0.282429933547974,0.27866240000000003,4.947,0.39942708971726,21.9158,xsb process RSS (query-only run),True,False,0,,
xsb,complete,left_recursion,300,ok,,5,0.9165865898132324,0.916460990905762,0.006842623802419628,0.907407999038696,0.926604986190796,0.9153974,8.0,0.761976705680692,31.6,xsb process RSS (query-only run),True,False,0,,
xsb,complete,left_recursion,400,ok,,5,2.191972970962526,2.19631910324097,0.013023922359015151,2.17399096488953,2.20820784568787,2.1894362,12.778,0.5919801516942944,45.003,xsb process RSS (query-only run),True,False,0,,
xsb,complete,left_recursion,500,ok,,5,4.430275583267212,4.43218803405762,0.0052511928397616725,4.4234459400177,4.43588399887085,4.4255135999999995,18.781399999999998,0.5876255610505717,62.1124,xsb process RSS (query-only run),True,False,0,,
xsb,complete,left_recursion,600,ok,,5,7.60389223098755,7.60145497322083,0.03978513431112083,7.56112909317017,7.66520214080811,7.594358,26.9936,0.3645144715920066,83.5876,xsb process RSS (query-only run),True,False,0,,
xsb,complete,left_recursion,700,ok,,5,12.27932801246644,12.2787849903107,0.01934462603349684,12.2503039836884,12.3027119636536,12.2573676,35.2622,0.5789898099276034,108.3686,xsb process RSS (query-only run),True,False,0,,
xsb,complete,left_recursion,800,ok,,5,18.40114297866822,18.4218490123749,0.07989712124777397,18.3076388835907,18.4942350387573,18.380175,45.8468,0.470418643338038,136.925,xsb process RSS (query-only run),True,False,0,,
xsb,complete,left_recursion,900,ok,,5,26.68381218910218,26.6462121009827,0.12303546536288985,26.5447309017181,26.8636510372162,26.6514522,57.153,0.3808181980945765,169.25300000000001,xsb process RSS (query-only run),True,False,0,,
xsb,complete,left_recursion,1000,ok,,5,37.087157678604136,37.0865559577942,0.07508936009361006,36.9841208457947,37.1864778995514,37.0451968,69.35940000000001,0.41426718431466797,205.328,xsb process RSS (query-only run),True,False,0,,
xsb,complete,right_recursion,100,ok,,5,0.05255241394042966,0.0525829792022705,0.0001964034747397528,0.0523109436035156,0.0528321266174316,0.052322,4.5532,0.8336232362404493,18.2124,xsb process RSS (query-only run),True,False,0,,
xsb,complete,right_recursion,200,ok,,5,0.4215001583099366,0.421941995620728,0.0011855270695595337,0.419423818588257,0.42226505279541,0.42036419999999997,17.1124,1.1137132934467477,34.5,xsb process RSS (query-only run),True,False,0,,
xsb,complete,right_recursion,300,ok,,5,1.387761211395264,1.39112997055054,0.008068882605638083,1.37835192680359,1.39720511436462,1.3852092,31.846799999999998,0.7355533291339241,54.931400000000004,xsb process RSS (query-only run),True,False,0,,
xsb,complete,right_recursion,400,ok,,5,3.314581441879272,3.31419515609741,0.015050969941584698,3.29574489593506,3.33315801620483,3.3087809999999998,55.975,0.5294917374237289,88.1408,xsb process RSS (query-only run),True,False,0,,
xsb,complete,right_recursion,500,ok,,5,6.53165798187256,6.50638103485107,0.049228839560762905,6.50025796890259,6.61721205711365,6.5184532,94.6906,0.7078296405209388,138.1688,xsb process RSS (query-only run),True,False,0,,
xsb,complete,right_recursion,600,ok,,5,10.93264813423156,10.9241950511932,0.03457326333162545,10.8879218101501,10.9705770015717,10.9126318,115.62819999999999,0.4383579587506096,172.975,xsb process RSS (query-only run),True,False,0,,
xsb,complete,right_recursion,700,ok,,5,17.41327376365662,17.4305047988892,0.05104913653052578,17.3268859386444,17.4576690196991,17.3877166,133.7468,0.36244682368590386,206.5906,xsb process RSS (query-only run),True,False,0,,
xsb,complete,right_recursion,800,ok,,5,26.27130918502806,26.2432858943939,0.08416030709456852,26.205549955368,26.4136052131653,26.230525,230.1,0.6768818212952671,321.3248,xsb process RSS (query-only run),True,False,0,,
xsb,complete,right_recursion,900,ok,,5,37.51010694503786,37.4942638874054,0.0832901317108596,37.4187939167023,37.6039428710938,37.4572244,252.5656,0.2515796096666018,365.1532,xsb process RSS (query-only run),True,False,0,,
xsb,complete,right_recursion,1000,ok,,5,51.64135785102844,51.6023080348969,0.13740232425187693,51.5078771114349,51.8462090492249,51.5667802,385.2032,0.2823246358361348,521.0844000000001,xsb process RSS (query-only run),True,False,0,,
xsb,cycle,double_recursion,100,ok,,5,0.0525397777557373,0.0528609752655029,0.0006786335437660019,0.0516610145568848,0.0532538890838623,0.0523256,4.3344,0.5667674126129695,16.784399999999998,xsb process RSS (query-only run),True,False,0,,
xsb,cycle,double_recursion,200,ok,,5,0.430582571029663,0.429845094680786,0.003551554575916743,0.42588996887207,0.435114860534668,0.42948359999999997,17.9126,3.443606002434077,28.668799999999997,xsb process RSS (query-only run),True,False,0,,
xsb,cycle,double_recursion,300,ok,,5,1.397922611236574,1.39585399627686,0.0041999789474224105,1.39415502548218,1.40468502044678,1.3952438,31.3188,3.7501922217401087,41.1092,xsb process RSS (query-only run),True,False,0,,
xsb,cycle,double_recursion,400,ok,,5,3.37373580932617,3.37417101860046,0.005265810347228757,3.36594200134277,3.38070583343506,3.3674992,52.7908,0.5462853649879345,65.3406,xsb process RSS (query-only run),True,False,0,,
xsb,cycle,double_recursion,500,ok,,5,6.607953977584838,6.59404110908508,0.02743487667761441,6.58524179458618,6.65343999862671,6.5975222,93.1906,4.200439238936802,102.4408,xsb process RSS (query-only run),True,False,0,,
xsb,cycle,double_recursion,600,ok,,5,10.9927252292633,10.9998512268066,0.027564726226484586,10.9527490139008,11.0274999141693,10.9775438,110.6656,3.5241278779295175,121.5532,xsb process RSS (query-only run),True,False,0,,
xsb,cycle,double_recursion,700,ok,,5,17.652617597579958,17.65078997612,0.034207536274850785,17.6005220413208,17.688187122345,17.6295196,124.3156,0.3475209346212096,136.6124,xsb process RSS (query-only run),True,False,0,,
xsb,cycle,double_recursion,800,ok,,5,26.5501232147217,26.524337053299,0.05930070754690156,26.5040221214294,26.6516790390015,26.510448,213.5188,0.162201109737263,226.0032,xsb process RSS (query-only run),True,False,0,,
xsb,cycle,double_recursion,900,ok,,5,38.04464459419252,38.0484669208527,0.017685480503864044,38.0147058963776,38.0598909854889,37.9959638,234.525,3.6065857815945526,245.6,xsb process RSS (query-only run),True,False,0,,
xsb,cycle,double_recursion,1000,ok,,5,52.05992164611814,52.0899529457092,0.13130662469030105,51.862988948822,52.2235581874847,51.990050000000004,363.4344,3.5209736295519183,374.2844,xsb process RSS (query-only run),True,False,0,,
xsb,cycle,left_recursion,100,ok,,5,0.0009064197540283204,0.000900983810424805,1.5653591462769357e-05,0.000895977020263672,0.000934123992919922,0.0008729999999999996,0.0,0.0,12.528,xsb process RSS (query-only run),True,False,0,,
xsb,cycle,left_recursion,200,ok,,5,0.003700065612792968,0.00372600555419922,5.070289349113104e-05,0.00364303588867188,0.00374507904052734,0.0035436,2.9718,4.847952371878256,13.5374,xsb process RSS (query-only run),True,False,0,,
xsb,cycle,left_recursion,300,ok,,5,0.008538341522216795,0.00857901573181152,0.00012021328614125961,0.00836491584777832,0.00864887237548828,0.008199,4.6592,2.8965730096098046,17.1688,xsb process RSS (query-only run),True,False,0,,
xsb,cycle,left_recursion,400,ok,,5,0.01648797988891602,0.0165030956268311,7.724938567225804e-05,0.0163900852203369,0.0165779590606689,0.0158822,6.2064,2.2219795903653123,17.222,xsb process RSS (query-only run),True,False,0,,
xsb,cycle,left_recursion,500,ok,,5,0.02552084922790528,0.0254859924316406,9.971903742713805e-05,0.025407075881958,0.0256741046905518,0.024596,16.859399999999997,5.198841245893164,29.3532,xsb process RSS (query-only run),True,False,0,,
xsb,cycle,left_recursion,600,ok,,5,0.03824386596679686,0.0382421016693115,0.0002916580237376257,0.0378930568695068,0.0385921001434326,0.036793,22.3938,4.083110542221457,32.9876,xsb process RSS (query-only run),True,False,0,,
xsb,cycle,left_recursion,700,ok,,5,0.05192503929138184,0.051922082901001,0.0006146949216480751,0.0511431694030762,0.0525569915771484,0.0497416,34.7658,1.1495265112210338,47.5438,xsb process RSS (query-only run),True,False,0,,
xsb,cycle,left_recursion,800,ok,,5,0.06886153221130374,0.0678179264068604,0.002132859717232102,0.0676388740539551,0.0726108551025391,0.0660186,48.2032,2.0096471580852198,58.4718,xsb process RSS (query-only run),True,False,0,,
xsb,cycle,left_recursion,900,ok,,5,0.08605098724365234,0.085831880569458,0.0011328618286741852,0.084766149520874,0.0877010822296143,0.082309,57.1906,3.4157236861315337,70.0626,xsb process RSS (query-only run),True,False,0,,
xsb,cycle,left_recursion,1000,ok,,5,0.1054008007049562,0.105417013168335,0.00042190345215870507,0.104916095733643,0.105968952178955,0.101332,71.6468,0.6147171707378939,84.3624,xsb process RSS (query-only run),True,False,0,,
xsb,cycle,right_recursion,100,ok,,5,0.0008932113647460936,0.00088810920715332,1.5156559921109644e-05,0.000880956649780273,0.000918865203857422,0.0008357999999999996,3.6936,5.0579708184211585,12.9594,xsb process RSS (query-only run),True,False,0,,
xsb,cycle,right_recursion,200,ok,,5,0.003523397445678714,0.00350499153137207,5.2398795451699974e-05,0.00347518920898438,0.00359892845153809,0.0032926,3.75,3.992396711250023,14.7034,xsb process RSS (query-only run),True,False,0,,
xsb,cycle,right_recursion,300,ok,,5,0.008189964294433595,0.00807285308837891,0.00031002595628926453,0.00801396369934082,0.00874018669128418,0.007663,5.0344,2.2456818118335464,16.8784,xsb process RSS (query-only run),True,False,0,,
xsb,cycle,right_recursion,400,ok,,5,0.01411876678466796,0.0141339302062988,0.0001328594457823001,0.0139658451080322,0.0143148899078369,0.0131948,9.4376,3.502512640947924,18.7876,xsb process RSS (query-only run),True,False,0,,
xsb,cycle,right_recursion,500,ok,,5,0.02198600769042968,0.0219628810882568,0.0002328339009057368,0.0216729640960693,0.022320032119751,0.0204654,25.4468,12.348981322360158,36.2876,xsb process RSS (query-only run),True,False,0,,
xsb,cycle,right_recursion,600,ok,,5,0.03235712051391602,0.032275915145874,0.0003362419089129017,0.0319910049438477,0.0328328609466553,0.0301334,41.9596,7.061942140799512,51.466,xsb process RSS (query-only run),True,False,0,,
xsb,cycle,right_recursion,700,ok,,5,0.04395236968994142,0.0438039302825928,0.000297088664528264,0.04367995262146,0.0443089008331299,0.040911,59.0344,8.99095052260883,69.8158,xsb process RSS (query-only run),True,False,0,,
xsb,cycle,right_recursion,800,ok,,5,0.05693321228027342,0.0571329593658447,0.0003807552695340531,0.0563340187072754,0.0572719573974609,0.0529368,62.3282,2.045451832725475,74.4594,xsb process RSS (query-only run),True,False,0,,
xsb,cycle,right_recursion,900,ok,,5,0.07199597358703613,0.0719640254974365,0.0006674548242078329,0.0712890625,0.072861909866333,0.066817,95.803,1.9904520843265778,108.8688,xsb process RSS (query-only run),True,False,0,,
xsb,cycle,right_recursion,1000,ok,,5,0.08796420097351075,0.0879840850830078,0.0003758997476336908,0.0875849723815918,0.0885109901428223,0.08208019999999999,118.8436,0.6582441036576039,130.05,xsb process RSS (query-only run),True,False,0,,
xsb,cycle_with_shortcuts,double_recursion,100,ok,,5,0.0572108268737793,0.0567891597747803,0.001159089664402687,0.0564570426940918,0.0592658519744873,0.0569936,4.4626,1.0169480321039026,16.912399999999998,xsb process RSS (query-only run),True,False,0,,
xsb,cycle_with_shortcuts,double_recursion,200,ok,,5,0.504699230194092,0.505504131317139,0.005097168985913584,0.499433994293213,0.511704921722412,0.503493,14.5032,0.3270377654033243,27.3438,xsb process RSS (query-only run),True,False,0,,
xsb,cycle_with_shortcuts,double_recursion,300,ok,,5,1.629150581359862,1.63601589202881,0.010714389114808296,1.61459898948669,1.63788199424744,1.6252545999999999,30.7472,3.6579476076073054,41.8874,xsb process RSS (query-only run),True,False,0,,
xsb,cycle_with_shortcuts,double_recursion,400,ok,,5,4.017536020278932,4.04735112190247,0.053700950245185994,3.9519510269165,4.0670280456543,4.0105462,55.3876,3.515415665323237,66.2468,xsb process RSS (query-only run),True,False,0,,
xsb,cycle_with_shortcuts,double_recursion,500,ok,,5,8.355025482177732,8.36355590820312,0.046275414298974894,8.30361318588257,8.40660214424133,8.340744,92.3968,3.726448738410337,103.6688,xsb process RSS (query-only run),True,False,0,,
xsb,cycle_with_shortcuts,double_recursion,600,ok,,5,12.757202863693239,12.7425539493561,0.03119423305238461,12.7259709835052,12.7983551025391,12.7361134,110.5498,0.2905472422859999,123.0094,xsb process RSS (query-only run),True,False,0,,
xsb,cycle_with_shortcuts,double_recursion,700,ok,,5,20.81765732765198,20.8104658126831,0.04916767977274732,20.7508459091187,20.873438835144,20.787512800000002,126.8968,3.8339304505950573,138.2968,xsb process RSS (query-only run),True,False,0,,
xsb,cycle_with_shortcuts,double_recursion,800,ok,,5,31.68243923187256,31.5949821472168,0.19953403588421298,31.5020151138306,31.9585139751434,31.6362136,214.3718,0.8640935713219998,227.9312,xsb process RSS (query-only run),True,False,0,,
xsb,cycle_with_shortcuts,double_recursion,900,ok,,5,47.9740113735199,47.7749438285828,0.5814797682770386,47.5346438884735,48.9964070320129,47.9041752,233.9814,1.0296935466438555,247.7782,xsb process RSS (query-only run),True,False,0,,
xsb,cycle_with_shortcuts,double_recursion,1000,ok,,5,65.74889526367188,65.777172088623,0.08618822512065112,65.6539340019226,65.8286671638489,65.6537454,362.6468,0.20499682924376977,376.728,xsb process RSS (query-only run),True,False,0,,
xsb,cycle_with_shortcuts,left_recursion,100,ok,,5,0.004334640502929686,0.00429797172546387,5.9544628445458356e-05,0.00428199768066406,0.00440096855163574,0.004292,2.053,1.188881196756009,14.3968,xsb process RSS (query-only run),True,False,0,,
xsb,cycle_with_shortcuts,left_recursion,200,ok,,5,0.01770882606506348,0.0177810192108154,0.00021901399823391688,0.0173461437225342,0.0179300308227539,0.017525,4.4064,4.135914082763326,15.4968,xsb process RSS (query-only run),True,False,0,,
xsb,cycle_with_shortcuts,left_recursion,300,ok,,5,0.04018688201904296,0.0400371551513672,0.0004377562816057059,0.0398740768432617,0.0409600734710693,0.0397326,6.8469999999999995,1.1997676858458892,20.0122,xsb process RSS (query-only run),True,False,0,,
xsb,cycle_with_shortcuts,left_recursion,400,ok,,5,0.07371020317077638,0.073789119720459,0.0004448062979699814,0.0730388164520264,0.0742490291595459,0.072972,12.9312,0.8300504201553063,25.572,xsb process RSS (query-only run),True,False,0,,
xsb,cycle_with_shortcuts,left_recursion,500,ok,,5,0.1169211864471436,0.116767883300781,0.0010779828643880669,0.115521907806396,0.118215084075928,0.115803,17.1032,10.127416388200892,26.0376,xsb process RSS (query-only run),True,False,0,,
xsb,cycle_with_shortcuts,left_recursion,600,ok,,5,0.16094088554382321,0.161140918731689,0.0009894836656117471,0.159588813781738,0.162160873413086,0.15917,28.106199999999998,1.4353641349845696,40.7562,xsb process RSS (query-only run),True,False,0,,
xsb,cycle_with_shortcuts,left_recursion,700,ok,,5,0.22632579803466799,0.226154088973999,0.0008457850687293807,0.225484848022461,0.227535963058472,0.2239854,37.2716,0.5542682563524617,50.15,xsb process RSS (query-only run),True,False,0,,
xsb,cycle_with_shortcuts,left_recursion,800,ok,,5,0.297759675979614,0.298638105392456,0.0020690067225177635,0.295105934143066,0.299997091293335,0.2945874,47.5718,0.4731872779354904,60.5972,xsb process RSS (query-only run),True,False,0,,
xsb,cycle_with_shortcuts,left_recursion,900,ok,,5,0.3758028507232662,0.376104116439819,0.0011524381298966217,0.37409496307373,0.377196073532104,0.371544,59.3906,0.8523926911934443,72.4782,xsb process RSS (query-only run),True,False,0,,
xsb,cycle_with_shortcuts,left_recursion,1000,ok,,5,0.45590481758117657,0.455703020095825,0.0012593142803301943,0.454451084136963,0.457670927047729,0.4504416,71.8378,0.6551299107810616,85.5874,xsb process RSS (query-only run),True,False,0,,
xsb,cycle_with_shortcuts,right_recursion,100,ok,,5,0.006630229949951172,0.00658893585205078,0.0001517304716258081,0.00651001930236816,0.00689411163330078,0.0065652,7.147,3.758610314996754,14.4528,xsb process RSS (query-only run),True,False,0,,
xsb,cycle_with_shortcuts,right_recursion,200,ok,,5,0.02822160720825194,0.0282058715820312,0.00020154994890280925,0.0279591083526611,0.0285191535949707,0.0279182,7.247,0.8544524562548813,19.475,xsb process RSS (query-only run),True,False,0,,
xsb,cycle_with_shortcuts,right_recursion,300,ok,,5,0.06345133781433104,0.0633430480957031,0.0008619200202638062,0.0624458789825439,0.0648059844970703,0.0627046,13.9656,0.4841691853061288,26.3968,xsb process RSS (query-only run),True,False,0,,
xsb,cycle_with_shortcuts,right_recursion,400,ok,,5,0.1144128799438478,0.114647150039673,0.0012847561672323091,0.112649202346802,0.11597204208374,0.1131852,21.925,0.7045416950046327,34.875,xsb process RSS (query-only run),True,False,0,,
xsb,cycle_with_shortcuts,right_recursion,500,ok,,5,0.1806541919708254,0.180830001831055,0.0007834169966120453,0.17948317527771,0.181478023529053,0.1787934,32.4658,0.5307133878092769,45.6908,xsb process RSS (query-only run),True,False,0,,
xsb,cycle_with_shortcuts,right_recursion,600,ok,,5,0.2461168289184568,0.245584964752197,0.0010895512216651337,0.245169162750244,0.247909069061279,0.24302300000000002,47.5344,0.6120165847426047,59.856,xsb process RSS (query-only run),True,False,0,,
xsb,cycle_with_shortcuts,right_recursion,700,ok,,5,0.34519019126892103,0.342816114425659,0.006020359635661278,0.339540958404541,0.354989051818848,0.340787,62.2842,0.8276286606927038,75.325,xsb process RSS (query-only run),True,False,0,,
xsb,cycle_with_shortcuts,right_recursion,800,ok,,5,0.446462345123291,0.445488929748535,0.006906660198259648,0.440090894699097,0.458101987838745,0.4405922,80.4186,0.642764575875182,93.35940000000001,xsb process RSS (query-only run),True,False,0,,
xsb,cycle_with_shortcuts,right_recursion,900,ok,,5,0.6100193977355958,0.610240936279297,0.002655826075789037,0.605726003646851,0.612276077270508,0.6034346,99.2938,0.36732710218550413,113.028,xsb process RSS (query-only run),True,False,0,,
xsb,cycle_with_shortcuts,right_recursion,1000,ok,,5,0.7145774364471434,0.716928958892822,0.006311592415800776,0.706804990768433,0.720455169677734,0.70573,121.9594,0.9848295791658565,135.2002,xsb process RSS (query-only run),True,False,0,,
xsb,grid,double_recursion,100,ok,,5,0.002653455734252928,0.00266218185424805,2.8612514245677372e-05,0.00262212753295898,0.00269198417663574,0.002632,2.3906,3.9036001075929896,13.1594,xsb process RSS (query-only run),True,False,0,,
xsb,grid,double_recursion,200,ok,,5,0.0179002285003662,0.0178380012512207,0.00015320337112882383,0.0177772045135498,0.0181570053100586,0.0178032,2.7126,0.19310049197244422,14.797,xsb process RSS (query-only run),True,False,0,,
xsb,grid,double_recursion,300,ok,,5,0.05393238067626954,0.0532031059265137,0.002647305525209213,0.0519218444824219,0.0585589408874512,0.0537202,6.4688,3.396538635140192,17.3404,xsb process RSS (query-only run),True,False,0,,
xsb,grid,double_recursion,400,ok,,5,0.1377058029174806,0.137229919433594,0.0012839480789673782,0.136382102966309,0.139333009719849,0.13718640000000001,8.3562,3.906799802907746,19.9284,xsb process RSS (query-only run),True,False,0,,
xsb,grid,double_recursion,500,ok,,5,0.2439891815185548,0.245148897171021,0.0030736284324427263,0.239488124847412,0.246583938598633,0.2431284,9.797,0.7699337633848767,22.3468,xsb process RSS (query-only run),True,False,0,,
xsb,grid,double_recursion,600,ok,,5,0.385808849334717,0.385199069976807,0.004190757094659785,0.382039070129395,0.392446041107178,0.3847684,14.022,3.8478729188994794,25.5096,xsb process RSS (query-only run),True,False,0,,
xsb,grid,double_recursion,700,ok,,5,0.6102983951568604,0.612268924713135,0.005060241010879882,0.603790998458862,0.615834951400757,0.609036,18.1748,3.8791887296186047,29.659399999999998,xsb process RSS (query-only run),True,False,0,,
xsb,grid,double_recursion,800,ok,,5,0.9536138534545896,0.953379154205322,0.011930633162534314,0.939418792724609,0.96809196472168,0.9517894,24.4906,4.745037650008691,34.5124,xsb process RSS (query-only run),True,False,0,,
xsb,grid,double_recursion,900,ok,,5,1.454850149154664,1.45531296730042,0.019045375087286848,1.43113398551941,1.48241090774536,1.4518098,27.7876,0.7793598655306804,40.7188,xsb process RSS (query-only run),True,False,0,,
xsb,grid,double_recursion,1000,ok,,5,1.762358617782592,1.77429103851318,0.018090638971774337,1.73868608474731,1.77600812911987,1.7591194,31.584799999999998,0.49734766511968154,44.3436,xsb process RSS (query-only run),True,False,0,,
xsb,grid,left_recursion,100,ok,,5,0.0003862380981445314,0.00038599967956543,1.4704841561421604e-05,0.00036311149597168,0.000399112701416016,0.0003715999999999998,5.3376,4.872620886135099,13.3126,xsb process RSS (query-only run),True,False,0,,
xsb,grid,left_recursion,200,ok,,5,0.00142064094543457,0.00141406059265137,2.868889880618149e-05,0.00139498710632324,0.0014650821685791,0.001377,2.1624,3.8378451375739484,13.3282,xsb process RSS (query-only run),True,False,0,,
xsb,grid,left_recursion,300,ok,,5,0.003056812286376952,0.00302696228027344,6.574722486663434e-05,0.00300812721252441,0.00317001342773438,0.0029668,1.2814,1.8462940719181222,13.6156,xsb process RSS (query-only run),True,False,0,,
xsb,grid,left_recursion,400,ok,,5,0.006198835372924804,0.00621199607849121,5.992787457102383e-05,0.00609803199768066,0.006256103515625,0.0060384,2.4374000000000002,2.225470467114763,14.8438,xsb process RSS (query-only run),True,False,0,,
xsb,grid,left_recursion,500,ok,,5,0.009403657913208007,0.00940608978271484,7.179752941282631e-05,0.00933098793029785,0.00950002670288086,0.0091662,4.0936,2.338310993003283,16.8716,xsb process RSS (query-only run),True,False,0,,
xsb,grid,left_recursion,600,ok,,5,0.01322078704833986,0.0131030082702637,0.00023727266782259157,0.0130441188812256,0.0136189460754395,0.0128506,6.0936,1.8664835386362237,17.218799999999998,xsb process RSS (query-only run),True,False,0,,
xsb,grid,left_recursion,700,ok,,5,0.01810741424560548,0.0181159973144531,8.294825304997184e-05,0.0179901123046875,0.0181858539581299,0.017604,4.2188,2.563280944414794,14.9438,xsb process RSS (query-only run),True,False,0,,
xsb,grid,left_recursion,800,ok,,5,0.02441010475158694,0.0244419574737549,9.229672524173585e-05,0.0242488384246826,0.0244688987731934,0.0237908,10.6032,4.584732674867751,22.9408,xsb process RSS (query-only run),True,False,0,,
xsb,grid,left_recursion,900,ok,,5,0.03291907310485842,0.0329301357269287,0.00017154557242604718,0.0327460765838623,0.0331809520721436,0.0320376,15.1406,1.40651565935115,28.2814,xsb process RSS (query-only run),True,False,0,,
xsb,grid,left_recursion,1000,ok,,5,0.03748655319213866,0.0374610424041748,0.00029942848773384124,0.0371949672698975,0.0379838943481445,0.036509,14.8686,0.7925012933743388,27.3312,xsb process RSS (query-only run),True,False,0,,
xsb,grid,right_recursion,100,ok,,5,0.00041208267211914097,0.000411033630371094,2.8837808826843142e-06,0.000410079956054688,0.000416994094848633,0.0003899999999999992,5.8376,5.409726268490855,12.9252,xsb process RSS (query-only run),True,False,0,,
xsb,grid,right_recursion,200,ok,,5,0.001457786560058594,0.00145602226257324,1.2586152695773763e-05,0.00144314765930176,0.00147795677185059,0.0013938,3.6,4.929551754470177,13.0904,xsb process RSS (query-only run),True,False,0,,
xsb,grid,right_recursion,300,ok,,5,0.00307302474975586,0.00307798385620117,2.284990527158121e-05,0.00303888320922852,0.00309896469116211,0.0029208,0.8688,1.9426958588518175,13.4222,xsb process RSS (query-only run),True,False,0,,
xsb,grid,right_recursion,400,ok,,5,0.0059389591217041005,0.00593900680541992,0.00013467056082013123,0.00578093528747559,0.0061500072479248,0.0056958,3.2782,4.52619886880813,14.862599999999999,xsb process RSS (query-only run),True,False,0,,
xsb,grid,right_recursion,500,ok,,5,0.008584976196289064,0.00851082801818848,0.0001590018669934579,0.00844907760620117,0.00884795188903809,0.0082192,5.9532,3.93942377766089,18.5656,xsb process RSS (query-only run),True,False,0,,
xsb,grid,right_recursion,600,ok,,5,0.0118678092956543,0.0118520259857178,4.012606643962342e-05,0.0118329524993896,0.0119259357452393,0.011381,8.0408,2.998003869243667,19.1094,xsb process RSS (query-only run),True,False,0,,
xsb,grid,right_recursion,700,ok,,5,0.01619405746459962,0.0162041187286377,3.6943110776183354e-05,0.01615309715271,0.0162310600280762,0.0155456,7.6498,3.654410581749128,20.5002,xsb process RSS (query-only run),True,False,0,,
xsb,grid,right_recursion,800,ok,,5,0.02191615104675294,0.0219221115112305,0.000144945260905563,0.0216920375823975,0.0220808982849121,0.0210196,10.447,5.835962816879491,21.9438,xsb process RSS (query-only run),True,False,0,,
xsb,grid,right_recursion,900,ok,,5,0.0288543701171875,0.0288279056549072,0.00017655109086124471,0.0286469459533691,0.0291121006011963,0.0276526,27.6654,0.35122756156087864,40.531,xsb process RSS (query-only run),True,False,0,,
xsb,grid,right_recursion,1000,ok,,5,0.03280277252197266,0.0326991081237793,0.00021581263387003961,0.0326478481292725,0.0331759452819824,0.031456,30.2186,1.002160316516274,43.0314,xsb process RSS (query-only run),True,False,0,,
xsb,max_acyclic,double_recursion,100,ok,,5,0.008009719848632812,0.00800991058349609,4.4944716297143556e-05,0.00795102119445801,0.00807690620422363,0.0079628,3.794,3.225248905123448,15.0876,xsb process RSS (query-only run),True,False,0,,
xsb,max_acyclic,double_recursion,200,ok,,5,0.0644576072692871,0.0644559860229492,0.0002869904857699139,0.0641689300537109,0.0648441314697266,0.064233,4.3032,0.5637008958658838,19.1064,xsb process RSS (query-only run),True,False,0,,
xsb,max_acyclic,double_recursion,300,ok,,5,0.2182295799255368,0.217349052429199,0.0021373939751596818,0.216325998306274,0.221248865127563,0.2174662,7.8032,0.6601194588860413,25.1906,xsb process RSS (query-only run),True,False,0,,
xsb,max_acyclic,double_recursion,400,ok,,5,0.5152832508087162,0.515551090240479,0.002508419600794646,0.512198925018311,0.518103122711182,0.5139876,11.7124,0.669816989930832,33.7342,xsb process RSS (query-only run),True,False,0,,
xsb,max_acyclic,double_recursion,500,ok,,5,1.011139249801636,1.01123094558716,0.004869819712001783,1.00401401519775,1.01656198501587,1.0093007999999999,16.6592,0.6270882712983878,44.5284,xsb process RSS (query-only run),True,False,0,,
xsb,max_acyclic,double_recursion,600,ok,,5,1.705730009078982,1.70372605323792,0.007121497640587583,1.69961500167847,1.71803498268127,1.7020216000000001,23.7532,0.6327591959031494,57.8438,xsb process RSS (query-only run),True,False,0,,
xsb,max_acyclic,double_recursion,700,ok,,5,2.699511909484862,2.70109915733337,0.0027128111456376715,2.69568920135498,2.70175504684448,2.695243,31.2156,0.2389671525544886,73.54039999999999,xsb process RSS (query-only run),True,False,0,,
xsb,max_acyclic,double_recursion,800,ok,,5,4.036119604110718,4.03600597381592,0.008693579502844322,4.02335405349731,4.0450439453125,4.0288666,39.997,0.41571324251219094,91.6252,xsb process RSS (query-only run),True,False,0,,
xsb,max_acyclic,double_recursion,900,ok,,5,5.764341402053832,5.76812386512756,0.012749555525437944,5.74556708335876,5.77849102020264,5.7542458,49.4716,0.7633110768225505,112.0094,xsb process RSS (query-only run),True,False,0,,
xsb,max_acyclic,double_recursion,1000,ok,,5,7.94512162208557,7.93986511230469,0.018768417557501325,7.92418003082275,7.97112703323364,7.93273,60.5154,0.3478955302960919,134.7062,xsb process RSS (query-only run),True,False,0,,
xsb,max_acyclic,left_recursion,100,ok,,5,0.005524969100952148,0.00552105903625488,0.00024292902966463912,0.00521087646484375,0.00582408905029297,0.0054982,3.5406,4.708402839604955,14.622,xsb process RSS (query-only run),True,False,0,,
xsb,max_acyclic,left_recursion,200,ok,,5,0.0429882049560547,0.04305100440979,0.0008370449952480595,0.0421419143676758,0.0440909862518311,0.0428762,3.45,0.4271088854144807,18.1248,xsb process RSS (query-only run),True,False,0,,
xsb,max_acyclic,left_recursion,300,ok,,5,0.1421234130859376,0.141175985336304,0.002978354403164362,0.139339923858643,0.14713716506958,0.1418276,5.912599999999999,0.297084668066193,22.9408,xsb process RSS (query-only run),True,False,0,,
xsb,max_acyclic,left_recursion,400,ok,,5,0.334663152694702,0.331830024719238,0.004732384237972222,0.330152034759521,0.340041875839233,0.3340856,7.7842,0.657989893539407,29.715600000000002,xsb process RSS (query-only run),True,False,0,,
xsb,max_acyclic,left_recursion,500,ok,,5,0.6601376056671144,0.664157867431641,0.010355369184965069,0.643224954605103,0.667979001998901,0.6589798,10.6062,0.19240634085185432,38.2842,xsb process RSS (query-only run),True,False,0,,
xsb,max_acyclic,left_recursion,600,ok,,5,1.104544401168822,1.09994101524353,0.010820113046716257,1.09371495246887,1.11663889884949,1.1025818,14.0092,0.5154310817170419,48.8624,xsb process RSS (query-only run),True,False,0,,
xsb,max_acyclic,left_recursion,700,ok,,5,1.752383184432982,1.75634694099426,0.010320797825267503,1.73433303833008,1.76019787788391,1.7496792,18.8592,0.3197885238716354,61.3814,xsb process RSS (query-only run),True,False,0,,
xsb,max_acyclic,left_recursion,800,ok,,5,2.6165387630462678,2.62018203735352,0.008091574987472861,2.6037609577179,2.62434482574463,2.6127756,23.6876,0.39450449934062853,75.7124,xsb process RSS (query-only run),True,False,0,,
xsb,max_acyclic,left_recursion,900,ok,,5,3.7350879192352298,3.73383092880249,0.018156612329961085,3.71733283996582,3.76453590393066,3.7280428,23.3188,13.03648576879521,74.0374,xsb process RSS (query-only run),True,False,0,,
xsb,max_acyclic,left_recursion,1000,ok,,5,5.142016935348512,5.12963795661926,0.05079198906037093,5.08697485923767,5.22479104995728,5.1348972,35.8188,0.4515558658682233,110.1314,xsb process RSS (query-only run),True,False,0,,
xsb,max_acyclic,right_recursion,100,ok,,5,0.007974004745483397,0.00797414779663086,6.742834023753055e-05,0.00787591934204102,0.00806593894958496,0.007926,2.2814,0.36545013339715726,15.2564,xsb process RSS (query-only run),True,False,0,,
xsb,max_acyclic,right_recursion,200,ok,,5,0.06419262886047362,0.0641670227050781,0.00034924263604485317,0.0638749599456787,0.0647571086883545,0.0639956,3.875,0.40758802730207877,19.0844,xsb process RSS (query-only run),True,False,0,,
xsb,max_acyclic,right_recursion,300,ok,,5,0.2170352935791016,0.216982841491699,0.0007717381626603353,0.216126918792725,0.21814489364624,0.216512,7.8408,0.32244565433573436,25.1812,xsb process RSS (query-only run),True,False,0,,
xsb,max_acyclic,right_recursion,400,ok,,5,0.5143589496612548,0.514582872390747,0.003745443281263301,0.50932788848877,0.519531965255737,0.5130154,11.9186,0.7695802752150033,33.7064,xsb process RSS (query-only run),True,False,0,,
xsb,max_acyclic,right_recursion,500,ok,,5,1.009854221343994,1.01198291778564,0.0044237559911498485,1.00234603881836,1.01327395439148,1.0080062,16.431,0.27291848599902496,44.525,xsb process RSS (query-only run),True,False,0,,
xsb,max_acyclic,right_recursion,600,ok,,5,1.701782417297362,1.70254111289978,0.004390265968215318,1.69662308692932,1.70777487754822,1.6971862,22.7968,0.25887777038594917,57.853,xsb process RSS (query-only run),True,False,0,,
xsb,max_acyclic,right_recursion,700,ok,,5,2.700298166275024,2.69974398612976,0.009573375831321238,2.68996787071228,2.7151460647583,2.6943888,31.0094,0.2475455513637848,73.5436,xsb process RSS (query-only run),True,False,0,,
xsb,max_acyclic,right_recursion,800,ok,,5,4.0372282028198265,4.02904295921326,0.012782053475137625,4.02851104736328,4.05754399299622,4.029294,39.606,0.573170567981294,91.606,xsb process RSS (query-only run),True,False,0,,
xsb,max_acyclic,right_recursion,900,ok,,5,5.771232986450196,5.77777194976807,0.014305290840573873,5.7500479221344,5.7859890460968,5.7620714,49.528,0.40153766946576935,111.9782,xsb process RSS (query-only run),True,False,0,,
xsb,max_acyclic,right_recursion,1000,ok,,5,7.95850739479065,7.94972991943359,0.021494903953001798,7.94092106819153,7.99499988555908,7.9457692,60.3688,0.3725610017164973,134.7188,xsb process RSS (query-only run),True,False,0,,
xsb,multi_path,double_recursion,100,ok,,5,0.09842343330383302,0.0981090068817139,0.0005811461888819625,0.0978960990905762,0.0991120338439941,0.097943,11.793800000000001,4.397477367764387,21.2938,xsb process RSS (query-only run),True,False,0,,
xsb,multi_path,double_recursion,200,ok,,5,0.772540044784546,0.76852822303772,0.011689241065627527,0.762364149093628,0.792353868484497,0.7693854,30.847,4.380736867240488,40.272,xsb process RSS (query-only run),True,False,0,,
xsb,multi_path,double_recursion,300,ok,,5,2.537471199035644,2.537113904953,0.01981803802947529,2.50653886795044,2.55716609954834,2.5308616,58.5186,0.5979099430516253,71.5374,xsb process RSS (query-only run),True,False,0,,
xsb,multi_path,double_recursion,400,ok,,5,6.045645332336426,6.03031992912292,0.03556558376804508,6.01752209663391,6.10612392425537,6.031192,104.2092,3.662616510092203,115.3,xsb process RSS (query-only run),True,False,0,,
xsb,multi_path,double_recursion,500,ok,,5,11.4843650341034,11.4808080196381,0.03704514824387707,11.4466710090637,11.5457139015198,11.459753,160.078,3.36440655985569,170.7498,xsb process RSS (query-only run),True,False,0,,
xsb,multi_path,double_recursion,600,ok,,5,19.99727444648744,19.9942982196808,0.08424926035907054,19.8841941356659,20.1149919033051,19.9589698,227.6406,0.35057994808602977,239.8968,xsb process RSS (query-only run),True,False,0,,
xsb,multi_path,double_recursion,700,ok,,5,31.8954460144043,31.949756860733,0.17219334615422222,31.6885271072388,32.1085422039032,31.8414014,308.922,0.9285652911885064,321.3622,xsb process RSS (query-only run),True,False,0,,
xsb,multi_path,double_recursion,800,ok,,5,47.36107439994812,47.3565549850464,0.17793300527248854,47.0786039829254,47.5247039794922,47.2813416,401.197,0.7394406669909531,413.9344,xsb process RSS (query-only run),True,False,0,,
xsb,multi_path,double_recursion,900,ok,,5,65.99696764945983,66.017422914505,0.05448743967246114,65.9279689788818,66.0634150505066,65.890141,504.6282,0.8109729958512738,517.9284,xsb process RSS (query-only run),True,False,0,,
xsb,multi_path,double_recursion,1000,ok,,5,90.69827485084534,90.5733020305634,0.2879956391434942,90.4034860134125,91.1109330654144,90.539889,618.8874,0.24212248966175184,633.0874,xsb process RSS (query-only run),True,False,0,,
xsb,multi_path,left_recursion,100,ok,,5,0.005116987228393556,0.00512886047363281,2.6459843859758738e-05,0.00508809089660645,0.00514698028564453,0.0049076,0.6468,1.4462887678468639,13.0718,xsb process RSS (query-only run),True,False,0,,
xsb,multi_path,left_recursion,200,ok,,5,0.02058000564575194,0.0205800533294678,0.00022462493534278045,0.0202689170837402,0.020859956741333,0.019776000000000002,8.7218,5.436746150042321,21.1534,xsb process RSS (query-only run),True,False,0,,
xsb,multi_path,left_recursion,300,ok,,5,0.04633417129516602,0.0462660789489746,0.00048303367589688773,0.0457279682159424,0.0470759868621826,0.0445404,33.3,5.953236304733753,44.040600000000005,xsb process RSS (query-only run),True,False,0,,
xsb,multi_path,left_recursion,400,ok,,5,0.08579096794128419,0.085731029510498,0.0008081985705464717,0.0846419334411621,0.0865719318389893,0.0817886,64.3876,3.3037457983325544,75.5342,xsb process RSS (query-only run),True,False,0,,
xsb,multi_path,left_recursion,500,ok,,5,0.143067455291748,0.142786979675293,0.0012940747787509985,0.141737937927246,0.144672155380249,0.136358,96.9124,0.6407490148256154,109.469,xsb process RSS (query-only run),True,False,0,,
xsb,multi_path,left_recursion,600,ok,,5,0.2091326236724854,0.208775043487549,0.0016021571023770854,0.207332134246826,0.211715936660767,0.19932439999999998,139.9222,0.9636584976017172,153.0312,xsb process RSS (query-only run),True,False,0,,
xsb,multi_path,left_recursion,700,ok,,5,0.2928579807281494,0.291369915008545,0.004095543781319599,0.289590835571289,0.299261093139648,0.2790882,191.4938,0.3226037817509231,203.7406,xsb process RSS (query-only run),True,False,0,,
xsb,multi_path,left_recursion,800,ok,,5,0.391890811920166,0.38658595085144,0.01090803942271815,0.385516166687012,0.411050081253052,0.37316520000000003,198.4594,110.94542312236229,209.3282,xsb process RSS (query-only run),True,False,0,,
xsb,multi_path,left_recursion,900,ok,,5,0.4850954055786132,0.486181020736694,0.005227724671351696,0.477996110916138,0.491999864578247,0.4643582,311.3562,0.9387500732356743,325.0938,xsb process RSS (query-only run),True,False,0,,
xsb,multi_path,left_recursion,1000,ok,,5,0.6118802070617676,0.611278057098389,0.004198035315980589,0.606723070144653,0.617543935775757,0.5865074,382.0466,1.1058041417900346,395.675,xsb process RSS (query-only run),True,False,0,,
xsb,multi_path,right_recursion,100,ok,,5,0.004549074172973634,0.00450015068054199,0.00017708301422209922,0.004425048828125,0.00485515594482422,0.0042008,2.5032,3.541193471133708,12.9814,xsb process RSS (query-only run),True,False,0,,
xsb,multi_path,right_recursion,200,ok,,5,0.0175618648529053,0.0174229145050049,0.00024086893466127637,0.0173571109771729,0.0179131031036377,0.016255,7.8062000000000005,3.351956100547858,18.7188,xsb process RSS (query-only run),True,False,0,,
xsb,multi_path,right_recursion,300,ok,,5,0.03887019157409668,0.0384259223937988,0.0007129662269060378,0.0382509231567383,0.0396509170532227,0.0357242,43.5406,5.504526074059419,56.5092,xsb process RSS (query-only run),True,False,0,,
xsb,multi_path,right_recursion,400,ok,,5,0.06898660659790037,0.0686981678009033,0.000918805680799303,0.0684249401092529,0.070612907409668,0.0636196,101.5406,2.036600795443234,112.4062,xsb process RSS (query-only run),True,False,0,,
xsb,multi_path,right_recursion,500,ok,,5,0.1056956768035888,0.105583190917969,0.0007211528387687226,0.105134010314941,0.106931924819946,0.09765159999999999,157.525,2.084517690018484,170.1126,xsb process RSS (query-only run),True,False,0,,
xsb,multi_path,right_recursion,600,ok,,5,0.1512201309204102,0.151131868362427,0.00036696214791002914,0.150887012481689,0.151848077774048,0.1399404,228.1532,3.5136163279447548,239.8718,xsb process RSS (query-only run),True,False,0,,
xsb,multi_path,right_recursion,700,ok,,5,0.20937819480896,0.210335969924927,0.0018316385135000058,0.206389904022217,0.210897922515869,0.1929022,308.1562,0.7415060350395101,321.3124,xsb process RSS (query-only run),True,False,0,,
xsb,multi_path,right_recursion,800,ok,,5,0.272762680053711,0.270841121673584,0.0037926466648958435,0.269662141799927,0.278571128845215,0.251124,401.3186,0.9708487523811395,413.8972,xsb process RSS (query-only run),True,False,0,,
xsb,multi_path,right_recursion,900,ok,,5,0.339558744430542,0.33919882774353,0.001381694504041879,0.338160037994385,0.341753005981445,0.31328659999999997,504.4782,0.837086136547493,517.8624,xsb process RSS (query-only run),True,False,0,,
xsb,multi_path,right_recursion,1000,ok,,5,0.4177914142608644,0.417906045913696,0.0007204711707202129,0.41670298576355,0.418505907058716,0.3859402,618.4091999999999,0.5006602640513976,633.0188,xsb process RSS (query-only run),True,False,0,,
xsb,path,double_recursion,100,ok,,5,0.008025217056274413,0.0080258846282959,3.422589842294438e-05,0.00797200202941895,0.00806117057800293,0.0079878,3.2032,3.3807015100419613,14.3502,xsb process RSS (query-only run),True,False,0,,
xsb,path,double_recursion,200,ok,,5,0.06689438819885254,0.0669019222259521,0.00035721383764886704,0.0664300918579102,0.0674269199371338,0.0666898,3.5408,0.5163847402857681,16.8248,xsb process RSS (query-only run),True,False,0,,
xsb,path,double_recursion,300,ok,,5,0.2258399963378906,0.225944995880127,0.001335379488229269,0.224207878112793,0.227694988250732,0.2252372,6.5314,0.18071330886240772,19.8438,xsb process RSS (query-only run),True,False,0,,
xsb,path,double_recursion,400,ok,,5,0.5412807941436766,0.541836977005005,0.002348411031150245,0.537714958190918,0.543986082077026,0.5401922,11.2094,0.4044741030028992,24.1284,xsb process RSS (query-only run),True,False,0,,
xsb,path,double_recursion,500,ok,,5,1.0607719421386719,1.06039094924927,0.00859777828594683,1.05314183235168,1.07405686378479,1.0585617999999999,16.6344,0.7178142517392639,29.4314,xsb process RSS (query-only run),True,False,0,,
xsb,path,double_recursion,600,ok,,5,1.811608362197876,1.80528283119202,0.010869521902000316,1.80271220207214,1.82641696929932,1.8083672,23.322,0.7621663204314395,36.0438,xsb process RSS (query-only run),True,False,0,,
xsb,path,double_recursion,700,ok,,5,2.854305982589722,2.85980582237244,0.015754295598052304,2.83371615409851,2.87267708778381,2.8492654,30.6844,0.5060842815184052,43.8154,xsb process RSS (query-only run),True,False,0,,
xsb,path,double_recursion,800,ok,,5,4.302212190628054,4.29734587669373,0.020622216966736006,4.28164315223694,4.33376789093018,4.2960754,40.0998,0.6560150150720637,52.7158,xsb process RSS (query-only run),True,False,0,,
xsb,path,double_recursion,900,ok,,5,6.027589178085328,6.01868987083435,0.01634197379296249,6.01113796234131,6.04748392105103,6.0192974,52.0376,3.210874849632107,62.766,xsb process RSS (query-only run),True,False,0,,
xsb,path,double_recursion,1000,ok,,5,8.370533418655397,8.37405300140381,0.024110294032461514,8.33801889419556,8.40378999710083,8.358948,63.3094,3.3330602004764307,73.897,xsb process RSS (query-only run),True,False,0,,
xsb,path,left_recursion,100,ok,,5,0.000444650650024414,0.000446081161499023,1.5574957142428815e-05,0.000423908233642578,0.000463008880615234,0.0004240000000000002,0.3906,0.8734081520114179,12.944,xsb process RSS (query-only run),True,False,0,,
xsb,path,left_recursion,200,ok,,5,0.00177898406982422,0.00177288055419922,1.6659130346574938e-05,0.00176215171813965,0.00180602073669434,0.0017130000000000001,2.2532,5.038308366902526,12.9968,xsb process RSS (query-only run),True,False,0,,
xsb,path,left_recursion,300,ok,,5,0.0040130138397216795,0.00400805473327637,6.258485430762532e-05,0.00395107269287109,0.00411510467529297,0.0038518,2.5408,2.457489715136159,14.697,xsb process RSS (query-only run),True,False,0,,
xsb,path,left_recursion,400,ok,,5,0.00797820091247559,0.00796699523925781,0.00012397215904351116,0.00779199600219727,0.00810098648071289,0.0076886,4.1782,2.4232739630508147,16.5156,xsb process RSS (query-only run),True,False,0,,
xsb,path,left_recursion,500,ok,,5,0.01265535354614258,0.0126450061798096,0.0001602994510870205,0.0124099254608154,0.0128359794616699,0.012177,5.4844,2.0352703260255134,18.0688,xsb process RSS (query-only run),True,False,0,,
xsb,path,left_recursion,600,ok,,5,0.01817021369934082,0.0181689262390137,7.711331884618634e-05,0.0180740356445312,0.0182859897613525,0.0174568,7.5908,1.0979862020990976,19.2844,xsb process RSS (query-only run),True,False,0,,
xsb,path,left_recursion,700,ok,,5,0.0250026226043701,0.0249829292297363,0.0001173291475254986,0.0248849391937256,0.0251929759979248,0.0240638,9.9784,5.473645795993746,22.7968,xsb process RSS (query-only run),True,False,0,,
xsb,path,left_recursion,800,ok,,5,0.03306899070739746,0.0330948829650879,0.00030557931729264604,0.0327460765838623,0.0334210395812988,0.0317352,22.1312,1.2036962656750256,35.0436,xsb process RSS (query-only run),True,False,0,,
xsb,path,left_recursion,900,ok,,5,0.0421084403991699,0.0419840812683105,0.0004529954132280905,0.0414950847625732,0.042680025100708,0.0404186,26.8624,6.28886764847218,38.4064,xsb process RSS (query-only run),True,False,0,,
xsb,path,left_recursion,1000,ok,,5,0.05215234756469728,0.0520279407501221,0.0002885898294624573,0.0518438816070557,0.0525789260864258,0.050019600000000004,34.822,3.4396920647057927,47.2782,xsb process RSS (query-only run),True,False,0,,
xsb,path,right_recursion,100,ok,,5,0.000411224365234375,0.000409841537475586,4.226133245186006e-06,0.000406026840209961,0.000416040420532227,0.0003813999999999998,1.7968,4.017766941971622,12.5498,xsb process RSS (query-only run),True,False,0,,
xsb,path,right_recursion,200,ok,,5,0.001593828201293946,0.00159001350402832,1.3905138951305059e-05,0.00157999992370605,0.0016169548034668,0.0014851999999999999,3.5906,4.916634397634219,13.172,xsb process RSS (query-only run),True,False,0,,
xsb,path,right_recursion,300,ok,,5,0.003542041778564456,0.00354695320129395,1.4212027309222157e-05,0.00351810455322266,0.00355410575866699,0.0032876,1.7968,4.017766941971622,13.0,xsb process RSS (query-only run),True,False,0,,
xsb,path,right_recursion,400,ok,,5,0.006480646133422852,0.00634217262268066,0.0002515496455404852,0.00634002685546875,0.00692105293273926,0.0060176,4.4656,6.117168528003786,17.540399999999998,xsb process RSS (query-only run),True,False,0,,
xsb,path,right_recursion,500,ok,,5,0.010010051727294928,0.00999116897583008,9.731719550862946e-05,0.00989198684692383,0.0101609230041504,0.0093118,13.0124,4.933321933545387,26.0562,xsb process RSS (query-only run),True,False,0,,
xsb,path,right_recursion,600,ok,,5,0.0142371654510498,0.0142080783843994,9.971484757612864e-05,0.0141308307647705,0.014394998550415,0.013235,15.384599999999999,4.819432570334396,28.5532,xsb process RSS (query-only run),True,False,0,,
xsb,path,right_recursion,700,ok,,5,0.019579982757568358,0.0196189880371094,8.261205486061907e-05,0.0194559097290039,0.0196568965911865,0.0181368,12.525,2.7938777711274345,25.4624,xsb process RSS (query-only run),True,False,0,,
xsb,path,right_recursion,800,ok,,5,0.02548933029174804,0.0254840850830078,6.519167933520396e-05,0.0254168510437012,0.0255599021911621,0.0235676,25.222,14.293358894955377,36.7406,xsb process RSS (query-only run),True,False,0,,
xsb,path,right_recursion,900,ok,,5,0.03384699821472168,0.0326468944549561,0.0018194669875144993,0.0323820114135742,0.0363800525665283,0.0311936,41.497,4.670898949881061,54.053,xsb process RSS (query-only run),True,False,0,,
xsb,path,right_recursion,1000,ok,,5,0.04002423286437988,0.0400381088256836,0.0001089115537228919,0.0398890972137451,0.0401608943939209,0.0369648,53.697,11.7998077950448,65.7968,xsb process RSS (query-only run),True,False,0,,
xsb,reverse_binary_tree,double_recursion,100,ok,,5,6.046295166015624e-05,6.103515625e-05,1.2794883599279947e-06,5.91278076171875e-05,6.19888305664062e-05,5.45999999999998e-05,5.3532,4.886893665714449,13.2878,xsb process RSS (query-only run),True,False,0,,
xsb,reverse_binary_tree,double_recursion,200,ok,,5,0.0001427650451660158,0.000140190124511719,8.295801782514872e-06,0.000135898590087891,0.000156879425048828,0.00013419999999999882,0.4438,0.9923669684144066,11.7438,xsb process RSS (query-only run),True,False,0,,
xsb,reverse_binary_tree,double_recursion,300,ok,,5,0.0003540515899658202,0.000357151031494141,1.060225734441718e-05,0.000340938568115234,0.000365018844604492,0.0003430000000000004,1.8032,4.032077777027621,12.7876,xsb process RSS (query-only run),True,False,0,,
xsb,reverse_binary_tree,double_recursion,400,ok,,5,0.0003497600555419922,0.000349044799804688,4.314651744569336e-06,0.000345945358276367,0.000356912612915039,0.00033639999999999983,5.3498,4.883880956780171,13.3968,xsb process RSS (query-only run),True,False,0,,
xsb,reverse_binary_tree,double_recursion,500,ok,,5,0.00034813880920410163,0.000348806381225586,6.114402389829619e-06,0.000340938568115234,0.000356912612915039,0.00033499999999999963,5.8532,5.431198689055667,13.1968,xsb process RSS (query-only run),True,False,0,,
xsb,reverse_binary_tree,double_recursion,600,ok,,5,0.0008673667907714844,0.000863790512084961,1.0134893086830057e-05,0.000857830047607422,0.000880002975463867,0.0008440000000000002,1.7782,3.976176077590126,13.1626,xsb process RSS (query-only run),True,False,0,,
xsb,reverse_binary_tree,double_recursion,700,ok,,5,0.0008756160736083984,0.000874996185302734,8.671359436044708e-06,0.000864028930664062,0.000885009765625,0.0008501999999999997,2.3344,3.889153288313537,13.1812,xsb process RSS (query-only run),True,False,0,,
xsb,reverse_binary_tree,double_recursion,800,ok,,5,0.0008695125579833984,0.000869035720825195,7.4484345206323385e-06,0.000857830047607422,0.000876903533935547,0.0008490000000000004,0.0,0.0,12.9468,xsb process RSS (query-only run),True,False,0,,
xsb,reverse_binary_tree,double_recursion,900,ok,,5,0.0008630275726318358,0.000864028930664062,3.5579529761231575e-06,0.000858068466186523,0.000867128372192383,0.0008417999999999996,1.7688,3.955157038601628,12.4718,xsb process RSS (query-only run),True,False,0,,
xsb,reverse_binary_tree,double_recursion,1000,ok,,5,0.0008778572082519532,0.000872135162353516,1.5722977727697e-05,0.000859975814819336,0.000898122787475586,0.0008484000000000012,0.0,0.0,12.0906,xsb process RSS (query-only run),True,False,0,,
xsb,reverse_binary_tree,left_recursion,100,ok,,5,3.633499145507812e-05,3.40938568115234e-05,3.28896679965178e-06,3.38554382324219e-05,4.00543212890625e-05,2.959999999999976e-05,1.7968,4.017766941971622,13.0906,xsb process RSS (query-only run),True,False,0,,
xsb,reverse_binary_tree,left_recursion,200,ok,,5,6.71863555908203e-05,6.79492950439453e-05,1.1606847233427338e-06,6.58035278320312e-05,6.81877136230469e-05,6.079999999999976e-05,3.5624,4.878130307812615,12.787600000000001,xsb process RSS (query-only run),True,False,0,,
xsb,reverse_binary_tree,left_recursion,300,ok,,5,0.000143575668334961,0.00014185905456543,3.775002663364031e-06,0.000140905380249023,0.000149965286254883,0.0001346,5.9124,5.469460009909571,13.3034,xsb process RSS (query-only run),True,False,0,,
xsb,reverse_binary_tree,left_recursion,400,ok,,5,0.0001450061798095706,0.00014495849609375,3.096689322779706e-06,0.00014185905456543,0.000149965286254883,0.0001331999999999996,7.6217999999999995,4.369194971616625,13.4094,xsb process RSS (query-only run),True,False,0,,
xsb,reverse_binary_tree,left_recursion,500,ok,,5,0.00014286041259765659,0.000143051147460938,1.044697871218178e-06,0.000141143798828125,0.000144004821777344,0.00013420000000000042,1.7718,3.9618652425341274,13.043800000000001,xsb process RSS (query-only run),True,False,0,,
xsb,reverse_binary_tree,left_recursion,600,ok,,5,0.0003504276275634766,0.000349998474121094,4.970898729485068e-06,0.000345230102539062,0.000355958938598633,0.0003342000000000002,0.6188,1.3836788644768698,12.55,xsb process RSS (query-only run),True,False,0,,
xsb,reverse_binary_tree,left_recursion,700,ok,,5,0.0003499507904052736,0.000348806381225586,3.5258553153609176e-06,0.000347137451171875,0.000355958938598633,0.0003346000000000008,0.4438,0.9923669684144066,12.762599999999999,xsb process RSS (query-only run),True,False,0,,
xsb,reverse_binary_tree,left_recursion,800,ok,,5,0.0003549575805664062,0.000351905822753906,1.0883227089437751e-05,0.000346899032592773,0.000374078750610352,0.0003382000000000008,5.4156,4.94381070632766,13.1094,xsb process RSS (query-only run),True,False,0,,
xsb,reverse_binary_tree,left_recursion,900,ok,,5,0.00034899711608886723,0.000353813171386719,1.313078284370731e-05,0.000327110290527344,0.000360012054443359,0.0003324000000000006,4.0376,5.588811930992132,12.7782,xsb process RSS (query-only run),True,False,0,,
xsb,reverse_binary_tree,left_recursion,1000,ok,,5,0.0003544330596923828,0.000348091125488281,1.4366178517609633e-05,0.000346899032592773,0.000380039215087891,0.0003375999999999986,3.6594,5.013050049620491,12.9126,xsb process RSS (query-only run),True,False,0,,
xsb,reverse_binary_tree,right_recursion,100,ok,,5,3.581047058105466e-05,3.60012054443359e-05,1.0446978712180592e-06,3.40938568115234e-05,3.69548797607422e-05,3.100000000000116e-05,5.8188,5.396179500350224,13.4,xsb process RSS (query-only run),True,False,0,,
xsb,reverse_binary_tree,right_recursion,200,ok,,5,6.723403930664064e-05,6.69956207275391e-05,2.9102696456274424e-06,6.41345977783203e-05,7.20024108886719e-05,6.020000000000052e-05,4.053,5.608903012176267,12.725,xsb process RSS (query-only run),True,False,0,,
xsb,reverse_binary_tree,right_recursion,300,ok,,5,0.0001397132873535154,0.000139951705932617,1.3274584681580884e-06,0.000137805938720703,0.000140905380249023,0.0001290000000000008,4.0126,4.589576320315417,13.6094,xsb process RSS (query-only run),True,False,0,,
xsb,reverse_binary_tree,right_recursion,400,ok,,5,0.0001426696777343752,0.000140190124511719,6.300298357260543e-06,0.000138044357299805,0.000153064727783203,0.00013060000000000038,0.0,0.0,12.9718,xsb process RSS (query-only run),True,False,0,,
xsb,reverse_binary_tree,right_recursion,500,ok,,5,0.0001406192779541014,0.000139951705932617,3.6525539567036187e-06,0.000136137008666992,0.000145912170410156,0.0001296,6.275,5.809743970262373,13.2158,xsb process RSS (query-only run),True,False,0,,
xsb,reverse_binary_tree,right_recursion,600,ok,,5,0.0003039836883544922,0.000304937362670898,1.7841612752788143e-06,0.00030207633972168,0.000305891036987305,0.0002849999999999994,1.7688,3.955157038601628,12.8534,xsb process RSS (query-only run),True,False,0,,
xsb,reverse_binary_tree,right_recursion,700,ok,,5,0.00030565261840820323,0.000304937362670898,5.7960728555410175e-06,0.000300168991088867,0.000315189361572266,0.0002844000000000008,3.5594,4.873989208030728,12.9876,xsb process RSS (query-only run),True,False,0,,
xsb,reverse_binary_tree,right_recursion,800,ok,,5,0.0003100872039794922,0.000309944152832031,8.08446429926921e-06,0.000300168991088867,0.000319004058837891,0.0002883999999999994,1.8968,4.241373739721601,13.0374,xsb process RSS (query-only run),True,False,0,,
xsb,reverse_binary_tree,right_recursion,900,ok,,5,0.0003029823303222656,0.00030207633972168,2.8230209571104916e-06,0.000300884246826172,0.000307798385620117,0.000283800000000001,0.0,0.0,12.634400000000001,xsb process RSS (query-only run),True,False,0,,
xsb,reverse_binary_tree,right_recursion,1000,ok,,5,0.0003051757812499998,0.000303030014038086,6.932612108492311e-06,0.000298976898193359,0.000317096710205078,0.000286000000000001,7.1344,3.988719380954243,13.3314,xsb process RSS (query-only run),True,False,0,,
xsb,scale_free,left_recursion,10000,ok,,5,2.5740473270416238,2.57757186889648,0.013549099442957215,2.55497097969055,2.58730101585388,2.5396268,412.9656,0.3305061270233871,427.9532,xsb process RSS (query-only run),True,False,0,,
xsb,scale_free,left_recursion,20000,ok,,5,13.4811083316803,13.4769878387451,0.0871429555014398,13.4045460224152,13.6248569488525,13.3232126,1538.0498,2.941899760358944,1558.7158,xsb process RSS (query-only run),True,False,0,,
xsb,scale_free,left_recursion,30000,ok,,5,35.53593583106994,35.4788219928741,0.22476408056867608,35.3714389801025,35.9194700717926,35.0539656,3660.4,65.4856423615131,3708.9408,xsb process RSS (query-only run),True,False,5,agreement,
xsb,scale_free,left_recursion,40000,ok,,5,77.2798384189606,77.0409200191498,0.49584208374160776,76.8287529945374,78.0356290340424,73.1286552,5209.7408,146.77076082346926,5315.3032,xsb process RSS (query-only run),True,False,5,agreement,
xsb,scale_free,left_recursion,50000,ok,,5,133.701454591751,133.472511053085,0.7634212917713005,133.050475120544,135.019394874573,124.838963,4642.2876,338.5845826884323,4891.1532,xsb process RSS (query-only run),True,False,5,agreement,
xsb,scale_free,left_recursion,60000,ok,,5,208.13503241539019,209.099416971207,1.5946844323018425,206.181764125824,209.621910095215,193.7026946,4668.9878,460.1177788264653,5154.6126,xsb process RSS (query-only run),,False,5,,
xsb,scale_free,left_recursion,70000,timeout,timeout,0,,,,,,,,,,,,False,0,,
xsb,scale_free,left_recursion,80000,skipped,timeout,0,,,,,,,,,,,,False,0,,
xsb,scale_free,left_recursion,90000,skipped,timeout,0,,,,,,,,,,,,False,0,,
xsb,scale_free,right_recursion,10000,ok,,5,0.4740304470062258,0.474059104919434,0.0007375591633122962,0.472890138626099,0.474792957305908,0.452491,433.3188,0.7506418586782845,448.02520000000004,xsb process RSS (query-only run),True,False,0,,
xsb,scale_free,right_recursion,20000,ok,,5,1.8756889820098879,1.86849689483643,0.017497092129990625,1.86557483673096,1.90685510635376,1.7850878,1643.6248,2.481299397493196,1666.5374,xsb process RSS (query-only run),True,False,0,,
xsb,scale_free,right_recursion,30000,ok,,5,4.537005949020386,4.53256297111511,0.030925020174194594,4.50032687187195,4.57273101806641,4.3099246,3840.422,5.997392266643843,3882.103,xsb process RSS (query-only run),True,False,5,agreement,
xsb,scale_free,right_recursion,40000,ok,,5,9.459191370010377,9.49891805648804,0.07021370704858024,9.3715980052948,9.51668405532837,7.605358,3208.4936,1817.1499615223836,3315.3594,xsb process RSS (query-only run),True,False,5,agreement,
xsb,scale_free,right_recursion,50000,ok,,5,14.53438401222228,14.4691729545593,0.14637046952257365,14.4210450649261,14.7784690856934,11.5410518,4869.7032,365.6510128875619,5098.2096,xsb process RSS (query-only run),True,False,5,agreement,
xsb,scale_free,right_recursion,60000,ok,,5,22.3968595981598,22.361869096756,0.07848923933098316,22.3299491405487,22.4996650218964,17.9976724,5720.5094,502.1970520127532,6057.7938,xsb process RSS (query-only run),,False,5,,
xsb,scale_free,right_recursion,70000,ok,,5,30.32453656196594,30.3212099075317,0.5774251891779396,29.754282951355,31.0712749958038,23.640415,5315.0094,514.8796409582533,5743.7472,xsb process RSS (query-only run),,False,5,,
xsb,scale_free,right_recursion,80000,ok,,5,40.21459641456606,40.0662219524384,0.7777164277338577,39.3548860549927,41.3540019989014,30.4016648,5872.8096,1225.1201274525288,6453.0438,xsb process RSS (query-only run),,False,5,,
xsb,scale_free,right_recursion,90000,ok,,5,95.92929534912112,94.509537935257,13.390678066613038,82.7141799926758,117.302700996399,37.9690954,6477.0876,419.3937452750098,7138.5502,xsb process RSS (query-only run),,False,5,,
xsb,w,double_recursion,100,ok,,5,0.00013794898986816401,0.000135898590087891,4.516128727932467e-06,0.000134944915771484,0.000145912170410156,0.0001285999999999998,3.5782,4.899655008263337,13.0752,xsb process RSS (query-only run),True,False,0,,
xsb,w,double_recursion,200,ok,,5,0.0002638339996337894,0.000257968902587891,8.105530428005356e-06,0.000257968902587891,0.000274181365966797,0.0002459999999999996,3.5656,4.8824767587772495,13.2658,xsb process RSS (query-only run),True,False,0,,
xsb,w,double_recursion,300,ok,,5,0.0004028797149658204,0.000405073165893555,8.871926628222512e-06,0.000391006469726562,0.000413179397583008,0.000380799999999999,0.4062,0.9082908124604147,13.1686,xsb process RSS (query-only run),True,False,0,,
xsb,w,double_recursion,400,ok,,5,0.000542163848876953,0.000541925430297852,1.1475093890293755e-05,0.000531196594238281,0.000558853149414062,0.0005136000000000012,2.4064,3.9860342196223053,13.3718,xsb process RSS (query-only run),True,False,0,,
xsb,w,double_recursion,500,ok,,5,0.0006626129150390625,0.000660896301269531,7.654313282054515e-06,0.000655174255371094,0.000672101974487305,0.0006312,0.6594,1.4744632243633613,11.5,xsb process RSS (query-only run),True,False,0,,
xsb,w,double_recursion,600,ok,,5,0.0008002281188964842,0.000808000564575195,1.6402955663350897e-05,0.000772953033447266,0.000813007354736328,0.0007594000000000001,1.697,1.603006238291043,14.5846,xsb process RSS (query-only run),True,False,0,,
xsb,w,double_recursion,700,ok,,5,0.0009361743927001952,0.000929117202758789,1.9646472128362797e-05,0.000921964645385742,0.000970840454101562,0.0008882,1.5376,1.416644027270083,14.0876,xsb process RSS (query-only run),True,False,0,,
xsb,w,double_recursion,800,ok,,5,0.001071786880493164,0.00108098983764648,1.6697472887492195e-05,0.00104713439941406,0.00108599662780762,0.0010085999999999993,1.525,1.4311418518092467,14.403,xsb process RSS (query-only run),True,False,0,,
xsb,w,double_recursion,900,ok,,5,0.001201009750366212,0.0012049674987793,1.092909310291739e-05,0.00118899345397949,0.00121307373046875,0.001133,1.6406,1.5002115850772517,14.6968,xsb process RSS (query-only run),True,False,0,,
xsb,w,double_recursion,1000,ok,,5,0.001314735412597656,0.00130581855773926,1.925781705369377e-05,0.00129795074462891,0.0013430118560791,0.0012512,1.2564,1.216147318378822,14.6408,xsb process RSS (query-only run),True,False,0,,
xsb,w,left_recursion,100,ok,,5,0.0001616954803466796,0.000162124633789062,6.536757449811442e-06,0.000151157379150391,0.000167131423950195,0.00015380000000000021,3.5564,4.86991466044324,13.15,xsb process RSS (query-only run),True,False,0,,
xsb,w,left_recursion,200,ok,,5,0.0003149986267089844,0.000314950942993164,8.523922687817087e-06,0.00030207633972168,0.000325918197631836,0.0002993999999999982,1.7718,3.9618652425341274,13.0188,xsb process RSS (query-only run),True,False,0,,
xsb,w,left_recursion,300,ok,,5,0.0006094932556152344,0.000608921051025391,8.497540525286565e-06,0.000599861145019531,0.000622987747192383,0.0005897999999999994,0.0,0.0,13.247,xsb process RSS (query-only run),True,False,0,,
xsb,w,left_recursion,400,ok,,5,0.000864410400390625,0.000867128372192383,8.23079501617639e-06,0.00084996223449707,0.000869989395141602,0.0008413999999999997,0.0,0.0,12.9374,xsb process RSS (query-only run),True,False,0,,
xsb,w,left_recursion,500,ok,,5,0.001105737686157228,0.00111484527587891,1.2598340928201957e-05,0.00109100341796875,0.00111508369445801,0.0010772,1.1,1.5063965281425737,14.1344,xsb process RSS (query-only run),True,False,0,,
xsb,w,left_recursion,600,ok,,5,0.001273441314697266,0.00127911567687988,1.4379822835831952e-05,0.00125384330749512,0.00128793716430664,0.0012406000000000001,1.1218,1.5360970672454264,13.6906,xsb process RSS (query-only run),True,False,0,,
xsb,w,left_recursion,700,ok,,5,0.001513195037841796,0.00151896476745605,1.4486160616549212e-05,0.00149297714233398,0.00152897834777832,0.0014726,1.2312,1.6989201570409365,14.3718,xsb process RSS (query-only run),True,False,0,,
xsb,w,left_recursion,800,ok,,5,0.001764488220214846,0.00175905227661133,1.6515886718168093e-05,0.00174713134765625,0.00178813934326172,0.0017117999999999999,2.6282,0.03399558794902667,15.149799999999999,xsb process RSS (query-only run),True,False,0,,
xsb,w,left_recursion,900,ok,,5,0.001973390579223634,0.0019679069519043,2.26585471544598e-05,0.00194811820983887,0.00199699401855469,0.0019184,1.0062,1.382233048367749,14.1844,xsb process RSS (query-only run),True,False,0,,
xsb,w,left_recursion,1000,ok,,5,0.0021108150482177742,0.00211811065673828,2.3305705744314817e-05,0.00206995010375977,0.00212597846984863,0.0020561999999999998,1.7376,1.5954219817966657,14.7408,xsb process RSS (query-only run),True,False,0,,
xsb,w,right_recursion,100,ok,,5,0.0001361846923828126,0.000135898590087891,2.7670938763531085e-06,0.000133037567138672,0.000138998031616211,0.0001264000000000004,2.2594,3.8507880751866885,13.1064,xsb process RSS (query-only run),True,False,0,,
xsb,w,right_recursion,200,ok,,5,0.0002567768096923828,0.000257015228271484,2.3481506828775654e-06,0.000253915786743164,0.000259876251220703,0.0002416000000000002,3.7938,5.194886158521666,13.4658,xsb process RSS (query-only run),True,False,0,,
xsb,w,right_recursion,300,ok,,5,0.0004129886627197266,0.00041508674621582,3.8236275094472544e-06,0.000407934188842773,0.000416040420532227,0.0003922000000000002,0.3968,0.8872717734719165,13.334200000000001,xsb process RSS (query-only run),True,False,0,,
xsb,w,right_recursion,400,ok,,5,0.0005497932434082032,0.000546932220458984,6.609399926962615e-06,0.000544071197509766,0.000560998916625977,0.0005250000000000014,0.0,0.0,13.168800000000001,xsb process RSS (query-only run),True,False,0,,
xsb,w,right_recursion,500,ok,,5,0.0006944656372070312,0.000697135925292969,5.92315440630194e-06,0.000688076019287109,0.000699996948242188,0.0006608000000000002,1.5438,1.5162693362328474,14.125,xsb process RSS (query-only run),True,False,0,,
xsb,w,right_recursion,600,ok,,5,0.0008353710174560547,0.000828027725219727,2.896535532942521e-05,0.000807046890258789,0.000883817672729492,0.0007868000000000002,3.4904,3.551064108123085,14.3282,xsb process RSS (query-only run),True,False,0,,
xsb,w,right_recursion,700,ok,,5,0.0009902477264404305,0.000966072082519531,5.0292928549401905e-05,0.000952959060668945,0.00107502937316895,0.0009348000000000002,1.9844,1.13351943079949,14.581,xsb process RSS (query-only run),True,False,0,,
xsb,w,right_recursion,800,ok,,5,0.001114225387573244,0.0011131763458252,1.3395644988567678e-05,0.00109481811523438,0.00113105773925781,0.0010548,1.575,1.4378162260873257,14.5498,xsb process RSS (query-only run),True,False,0,,
xsb,w,right_recursion,900,ok,,5,0.001253366470336914,0.00124597549438477,1.3019488278844037e-05,0.00124406814575195,0.00127387046813965,0.0011794,2.0436,1.2747149877521642,15.0248,xsb process RSS (query-only run),True,False,0,,
xsb,w,right_recursion,1000,ok,,5,0.001369333267211916,0.00136685371398926,2.667870875027193e-05,0.00132894515991211,0.00139904022216797,0.0013016,1.097,1.5705629563949355,14.4812,xsb process RSS (query-only run),True,False,0,,
xsb,x,double_recursion,100,ok,,5,0.00012903213500976558,0.000128984451293945,1.2203678028172977e-06,0.000127077102661133,0.000130176544189453,0.0001194000000000008,5.8062,5.383870791540228,13.2376,xsb process RSS (query-only run),True,False,0,,
xsb,x,double_recursion,200,ok,,5,0.0002428531646728514,0.000242948532104492,8.530921941237774e-06,0.000233173370361328,0.000256061553955078,0.00022600000000000061,3.7123999999999997,5.087749286275808,12.728,xsb process RSS (query-only run),True,False,0,,
xsb,x,double_recursion,300,ok,,5,0.0003500461578369142,0.000349998474121094,6.689330259990583e-06,0.000341176986694336,0.000360012054443359,0.0003319999999999996,1.7876,3.997195116578624,12.8372,xsb process RSS (query-only run),True,False,0,,
xsb,x,double_recursion,400,ok,,5,0.000458192825317383,0.000458002090454102,4.410421514341879e-06,0.000453948974609375,0.000463962554931641,0.0004345999999999994,0.4344,0.9713479294259088,13.5092,xsb process RSS (query-only run),True,False,0,,
xsb,x,double_recursion,500,ok,,5,0.0005718708038330076,0.00057220458984375,1.109812236315673e-05,0.000554084777832031,0.000584125518798828,0.0005390000000000012,4.0344,5.583652102343054,13.1,xsb process RSS (query-only run),True,False,0,,
xsb,x,double_recursion,600,ok,,5,0.0006845951080322264,0.000678062438964844,2.161905740080315e-05,0.00066685676574707,0.000721931457519531,0.0006520000000000006,2.2562,5.045016570835026,12.7156,xsb process RSS (query-only run),True,False,0,,
xsb,x,double_recursion,700,ok,,5,0.0008056163787841798,0.000808954238891602,1.1390570817557737e-05,0.000787973403930664,0.000818014144897461,0.0007617999999999998,3.5782,4.899680316102266,13.075,xsb process RSS (query-only run),True,False,0,,
xsb,x,double_recursion,800,ok,,5,0.000911235809326172,0.000916004180908203,1.748113897306739e-05,0.000883102416992188,0.000926971435546875,0.0008663999999999998,4.0564,4.563239507192232,13.5342,xsb process RSS (query-only run),True,False,0,,
xsb,x,double_recursion,900,ok,,5,0.0010176181793212916,0.00102019309997559,1.6810116116222892e-05,0.000989913940429688,0.00103092193603516,0.0009644000000000008,1.7968,4.017766941971622,12.8156,xsb process RSS (query-only run),True,False,0,,
xsb,x,double_recursion,1000,ok,,5,0.0011336326599121081,0.00112819671630859,2.0446669476852255e-05,0.00111103057861328,0.00115513801574707,0.0010739999999999999,0.0,0.0,12.8156,xsb process RSS (query-only run),True,False,0,,
xsb,x,left_recursion,100,ok,,5,0.0001218318939208984,0.000121116638183594,2.016012015972913e-06,0.000119924545288086,0.00012516975402832,0.0001136,1.8094000000000001,4.04594139848812,12.7096,xsb process RSS (query-only run),True,False,0,,
xsb,x,left_recursion,200,ok,,5,0.0002377986907958986,0.000238895416259766,1.7487641163722739e-06,0.000235080718994141,0.000239133834838867,0.0002241999999999996,7.6154,4.3708257572225415,13.3844,xsb process RSS (query-only run),True,False,0,,
xsb,x,left_recursion,300,ok,,5,0.0003508567810058596,0.000355005264282227,6.2935279662692624e-06,0.000342130661010742,0.000355958938598633,0.00033019999999999843,3.6,4.929697962350229,13.1064,xsb process RSS (query-only run),True,False,0,,
xsb,x,left_recursion,400,ok,,5,0.0005094528198242186,0.000518083572387695,2.0371468971998637e-05,0.000473976135253906,0.000524044036865234,0.00048399999999999957,5.3656,4.898116607431881,13.3686,xsb process RSS (query-only run),True,False,0,,
xsb,x,left_recursion,500,ok,,5,0.0006381511688232424,0.000634908676147461,1.2126110502100077e-05,0.000623941421508789,0.000656843185424805,0.0006111999999999998,1.7906,4.003903320511123,12.6156,xsb process RSS (query-only run),True,False,0,,
xsb,x,left_recursion,600,ok,,5,0.0007611751556396484,0.000756978988647461,1.1158142333328873e-05,0.000748872756958008,0.000773906707763672,0.0007257999999999998,4.0280000000000005,5.581642276248094,13.052999999999999,xsb process RSS (query-only run),True,False,0,,
xsb,x,left_recursion,700,ok,,5,0.0008421421051025392,0.000850915908813477,2.456023835237044e-05,0.000799894332885742,0.000862836837768555,0.0008024000000000006,1.7968,4.017766941971622,13.0434,xsb process RSS (query-only run),True,False,0,,
xsb,x,left_recursion,800,ok,,5,0.0009772777557373053,0.000988960266113281,3.3580222179898354e-05,0.00092315673828125,0.00101113319396973,0.0009315999999999998,0.4468,0.999075172346906,12.7846,xsb process RSS (query-only run),True,False,0,,
xsb,x,left_recursion,900,ok,,5,0.001099014282226562,0.00109004974365234,2.6843327485711536e-05,0.00107502937316895,0.0011448860168457,0.0010409999999999998,2.4781999999999997,3.8758924391680427,13.4188,xsb process RSS (query-only run),True,False,0,,
xsb,x,left_recursion,1000,ok,,5,0.001238012313842774,0.00125288963317871,3.04824470429208e-05,0.00118708610534668,0.00126290321350098,0.0011826,1.7876,3.997195116578624,12.7906,xsb process RSS (query-only run),True,False,0,,
xsb,x,right_recursion,100,ok,,5,8.144378662109374e-05,8.10623168945312e-05,1.0873560191146544e-06,8.0108642578125e-05,8.29696655273438e-05,7.320000000000029e-05,0.0,0.0,12.822000000000001,xsb process RSS (query-only run),True,False,0,,
xsb,x,right_recursion,200,ok,,5,0.0001496315002441406,0.00014805793762207,2.742331911947374e-06,0.000147104263305664,0.000153064727783203,0.0001368000000000002,1.7718,3.9618652425341274,12.8376,xsb process RSS (query-only run),True,False,0,,
xsb,x,right_recursion,300,ok,,5,0.0002146244049072266,0.000215053558349609,2.0258565698860556e-06,0.000212192535400391,0.000216960906982422,0.0001977999999999998,1.7844000000000002,3.990039699050625,12.9062,xsb process RSS (query-only run),True,False,0,,
xsb,x,right_recursion,400,ok,,5,0.00028395652770996083,0.000281095504760742,6.749814828344469e-06,0.000278949737548828,0.000294923782348633,0.0002611999999999998,8.041,3.4729370855228576,13.7688,xsb process RSS (query-only run),True,False,0,,
xsb,x,right_recursion,500,ok,,5,0.0003513813018798828,0.000346899032592773,1.0976839024020309e-05,0.000342845916748047,0.000370025634765625,0.0003234,1.7876,3.997195116578624,13.4156,xsb process RSS (query-only run),True,False,0,,
xsb,x,right_recursion,600,ok,,5,0.000416278839111328,0.000417232513427734,3.212021251990136e-06,0.0004119873046875,0.000420093536376953,0.0003850000000000014,3.5562,4.869578339035116,13.478,xsb process RSS (query-only run),True,False,0,,
xsb,x,right_recursion,700,ok,,5,0.0004817485809326172,0.000479936599731445,6.186491244556915e-06,0.000476837158203125,0.000491857528686523,0.00044340000000000037,1.7718,3.9618652425341274,12.925,xsb process RSS (query-only run),True,False,0,,
xsb,x,right_recursion,800,ok,,5,0.0005581855773925782,0.000554084777832031,1.818979076743605e-05,0.000541925430297852,0.000587940216064453,0.0005142,5.4688,4.99779903557556,13.497,xsb process RSS (query-only run),True,False,0,,
xsb,x,right_recursion,900,ok,,5,0.0006276130676269534,0.000633955001831055,1.3366971179185498e-05,0.000608921051025391,0.000638961791992188,0.0005761999999999998,3.5406,4.8481691183373545,13.4656,xsb process RSS (query-only run),True,False,0,,
xsb,x,right_recursion,1000,ok,,5,0.0006827831268310546,0.000683784484863281,7.646883350889461e-06,0.000673055648803711,0.000693082809448242,0.0006318000000000006,0.0,0.0,12.753,xsb process RSS (query-only run),True,False,0,,
xsb,y,double_recursion,100,ok,,5,0.0002307891845703126,0.000230073928833008,1.2839233415449193e-06,0.000229835510253906,0.000232934951782227,0.0002202,5.8094,5.389447262938937,13.1972,xsb process RSS (query-only run),True,False,0,,
xsb,y,double_recursion,200,ok,,5,0.000436878204345703,0.000434160232543945,5.863352260184955e-06,0.000431060791015625,0.000446081161499023,0.0004215999999999998,1.7937999999999998,4.0110587380391225,12.928,xsb process RSS (query-only run),True,False,0,,
xsb,y,double_recursion,300,ok,,5,0.0006345748901367188,0.000623941421508789,1.6019883503720294e-05,0.000622034072875977,0.000654935836791992,0.0006123999999999996,7.5968,4.3658996438305815,13.6064,xsb process RSS (query-only run),True,False,0,,
xsb,y,double_recursion,400,ok,,5,0.0008400440216064456,0.000829935073852539,2.241616501647339e-05,0.000822067260742188,0.000873088836669922,0.0008126000000000002,2.2562,5.045016570835026,12.7688,xsb process RSS (query-only run),True,False,0,,
xsb,y,double_recursion,500,ok,,5,0.001038074493408202,0.0010380744934082,8.12549266240475e-06,0.00102519989013672,0.00104594230651855,0.0010084,7.172000000000001,4.009637327739256,13.546800000000001,xsb process RSS (query-only run),True,False,0,,
xsb,y,double_recursion,600,ok,,5,0.001225996017456052,0.00122284889221191,2.1572863483952515e-05,0.00119996070861816,0.00125908851623535,0.0011902,4.2156,4.514354472125555,13.606200000000001,xsb process RSS (query-only run),True,False,0,,
xsb,y,double_recursion,700,ok,,5,0.001421642303466798,0.0014190673828125,1.992286477591272e-05,0.00139999389648438,0.00145411491394043,0.0013828,0.0,0.0,12.822,xsb process RSS (query-only run),True,False,0,,
xsb,y,double_recursion,800,ok,,5,0.001640129089355468,0.00163888931274414,7.5740595663297755e-06,0.0016319751739502,0.00165104866027832,0.0015982,5.4406,4.969433549208602,13.5876,xsb process RSS (query-only run),True,False,0,,
xsb,y,double_recursion,900,ok,,5,0.001829576492309568,0.00182700157165527,2.413533309195961e-05,0.00180411338806152,0.00186681747436523,0.0017816,3.5752,4.895544218981175,13.3686,xsb process RSS (query-only run),True,False,0,,
xsb,y,double_recursion,1000,ok,,5,0.002042007446289064,0.00204110145568848,2.113228021899846e-05,0.00201201438903809,0.00206398963928223,0.0019838,3.5656,4.882553768265128,13.3878,xsb process RSS (query-only run),True,False,0,,
xsb,y,left_recursion,100,ok,,5,0.0001137733459472658,0.000113010406494141,1.8344291745827804e-06,0.000112056732177734,0.000116825103759766,0.00010359999999999937,4.0906,5.6841374719477,12.7408,xsb process RSS (query-only run),True,False,0,,
xsb,y,left_recursion,200,ok,,5,0.0002074241638183594,0.000206947326660156,3.60398684926772e-06,0.000203847885131836,0.000213146209716797,0.0001914000000000014,1.8,4.024922359499621,12.722,xsb process RSS (query-only run),True,False,0,,
xsb,y,left_recursion,300,ok,,5,0.0003293991088867188,0.000329971313476562,1.0406909529514376e-05,0.000319004058837891,0.000344038009643555,0.0003095999999999994,2.25,5.031152949374527,12.9876,xsb process RSS (query-only run),True,False,0,,
xsb,y,left_recursion,400,ok,,5,0.0004307746887207032,0.000432968139648438,1.2207636594664055e-05,0.000410795211791992,0.000443935394287109,0.0004056000000000004,5.575,5.096645269194237,13.2908,xsb process RSS (query-only run),True,False,0,,
xsb,y,left_recursion,500,ok,,5,0.0005331993103027346,0.000531911849975586,1.321514418256785e-05,0.000516891479492188,0.000550031661987305,0.0005025999999999994,0.0,0.0,12.659600000000001,xsb process RSS (query-only run),True,False,0,,
xsb,y,left_recursion,600,ok,,5,0.000644826889038086,0.000649929046630859,2.4876553870137085e-05,0.000602960586547852,0.000669002532958984,0.0006083999999999999,0.45940000000000003,1.0272496288634034,13.2218,xsb process RSS (query-only run),True,False,0,,
xsb,y,left_recursion,700,ok,,5,0.0007191658020019529,0.000723123550415039,1.9596498900054847e-05,0.000685930252075195,0.000735044479370117,0.0006812,1.7876,3.997195116578624,12.7594,xsb process RSS (query-only run),True,False,0,,
xsb,y,left_recursion,800,ok,,5,0.0008656024932861328,0.000871896743774414,1.6598454221238817e-05,0.000837087631225586,0.000880002975463867,0.0008221999999999998,2.2562,5.045016570835026,12.9874,xsb process RSS (query-only run),True,False,0,,
xsb,y,left_recursion,900,ok,,5,0.0009518146514892578,0.000961065292358398,2.9246584655165712e-05,0.000900983810424805,0.000972986221313477,0.0009008000000000004,7.5904,4.367781794000245,13.4438,xsb process RSS (query-only run),True,False,0,,
xsb,y,left_recursion,1000,ok,,5,0.001056480407714846,0.00106596946716309,3.150843822038611e-05,0.00100111961364746,0.00107717514038086,0.0010026000000000004,0.0,0.0,12.7126,xsb process RSS (query-only run),True,False,0,,
xsb,y,right_recursion,100,ok,,5,8.50200653076172e-05,8.41617584228516e-05,3.188040666665394e-06,8.20159912109375e-05,9.01222229003906e-05,7.480000000000054e-05,7.1658,4.005853741713494,13.450000000000001,xsb process RSS (query-only run),True,False,0,,
xsb,y,right_recursion,200,ok,,5,0.0001493930816650392,0.000149011611938477,3.824370755155271e-06,0.00014495849609375,0.000154972076416016,0.0001339999999999994,2.2094,3.8430446003136627,13.3032,xsb process RSS (query-only run),True,False,0,,
xsb,y,right_recursion,300,ok,,5,0.0002144336700439452,0.000214815139770508,5.3461080239006784e-06,0.00020909309387207,0.000221014022827148,0.000193999999999999,3.5656,4.8824767587772495,12.8218,xsb process RSS (query-only run),True,False,0,,
xsb,y,right_recursion,400,ok,,5,0.0002774238586425782,0.000276088714599609,7.392129500414321e-06,0.00026702880859375,0.000285148620605469,0.0002519999999999994,3.5406,4.8481691183373545,13.3002,xsb process RSS (query-only run),True,False,0,,
xsb,y,right_recursion,500,ok,,5,0.0003266334533691406,0.000332117080688477,1.1666686181697403e-05,0.000307083129882812,0.000336170196533203,0.000301400000000001,2.3124,3.899611365251671,13.6064,xsb process RSS (query-only run),True,False,0,,
xsb,y,right_recursion,600,ok,,5,0.0004045009613037108,0.000404834747314453,1.334782108568397e-05,0.000386953353881836,0.000423908233642578,0.0003662000000000006,1.7718,3.9618652425341274,12.8096,xsb process RSS (query-only run),True,False,0,,
xsb,y,right_recursion,700,ok,,5,0.0004459381103515624,0.000443935394287109,3.7568897911889475e-06,0.000442028045654297,0.000450849533081055,0.00040920000000000084,3.5812,4.903760057343752,13.0282,xsb process RSS (query-only run),True,False,0,,
xsb,y,right_recursion,800,ok,,5,0.000529766082763672,0.000526905059814453,6.059772981232875e-06,0.000524997711181641,0.000538825988769531,0.0004830000000000002,0.4718,1.0549768717844008,13.0844,xsb process RSS (query-only run),True,False,0,,
xsb,y,right_recursion,900,ok,,5,0.0005884170532226562,0.000589132308959961,1.6269338644375094e-05,0.000563859939575195,0.000607013702392578,0.000541,3.5876,4.912636033739931,13.0878,xsb process RSS (query-only run),True,False,0,,
xsb,y,right_recursion,1000,ok,,5,0.0006424427032470706,0.000641107559204102,1.2916039086062789e-05,0.000631093978881836,0.000663995742797852,0.0005934000000000002,1.7876,3.997195116578624,11.0312,xsb process RSS (query-only run),True,False,0,,
