environment,cpu_time,size,position,factor
mariadb,0.00010640000000000649,400,1,
postgres,0.0001607000000000136,400,2,151.03383458646974
cockroachdb,0.0002559000000000311,400,3,159.2408214063531
neo4j,0.0007570000000000077,400,4,295.81867917151845
xsb,0.0008634999999999975,400,5,114.06869220607514
duckdb,0.008171499999999998,400,6,946.3231036479468
