environment,real_time,size,position,factor
xsb,0.000864505767822266,400,1,
neo4j,0.0015567005000320933,400,2,180.0682607304635
duckdb,0.009014255499778301,400,3,579.0616434948445
postgres,0.013335275500026,400,4,147.93540631673875
mariadb,0.07766567999988183,400,5,582.4077650269048
cockroachdb,0.3736535515004107,400,6,481.10510524208274
