environment,cpu_time,size,position,factor
postgres,2.3599999999990294e-05,1000,1,
mariadb,8.959999999998968e-05,1000,2,379.66101694926493
cockroachdb,0.00014260000000000385,1000,3,159.15178571430832
xsb,0.0006334000000000001,1000,4,444.1795231416431
duckdb,0.0027958000000000037,1000,5,441.3956425639411
