LoadRulesRealTime,LoadRulesCPUTime,LoadFactsRealTime,LoadFactsCPUTime,GroundRealTime,GroundCPUTime,QueryRealTime,QueryCPUTime,WriteRealTime,WriteCPUTime
0.0,0.0,0.009999990463256836,0.020000000000000018,0.009999990463256836,0.0,0.0,0.0,0.0,0.0
0.0,0.0,0.009999990463256836,0.010000000000000009,0.010000228881835938,0.010000000000000009,0.0,0.0,0.0,0.0
0.0,0.0,0.019999980926513672,0.010000000000000009,0.0,0.010000000000000009,0.0,0.0,0.0,0.0
0.0,0.0,0.019999980926513672,0.010000000000000009,0.0,0.010000000000000009,0.0,0.0,0.0,0.0
0.0,0.0,0.009999990463256836,0.010000000000000009,0.009999990463256836,0.010000000000000009,0.0,0.0,0.0,0.0
Average,0.0,0.0,0.01399998664855957,0.01200000000000001,0.006000041961669922,0.008000000000000007,0.0,0.0,0.0,0.0
