LoadRulesRealTime,LoadRulesCPUTime,LoadFactsRealTime,LoadFactsCPUTime,GroundRealTime,GroundCPUTime,QueryRealTime,QueryCPUTime,WriteRealTime,WriteCPUTime
0.0,0.0,0.019999980926513672,0.020000000000000018,0.0,0.010000000000000009,0.0,0.0,0.0,0.0
0.0,0.0,0.019999980926513672,0.020000000000000018,0.009999990463256836,0.010000000000000009,0.0,0.0,0.0,0.0
0.0,0.0,0.019999980926513672,0.020000000000000018,0.009999990463256836,0.010000000000000009,0.0,0.0,0.0,0.0
0.0,0.0,0.019999980926513672,0.020000000000000018,0.0,0.010000000000000009,0.0,0.0,0.0,0.0
0.0,0.0,0.029999971389770508,0.020000000000000018,0.0,0.010000000000000009,0.0,0.0,0.0,0.0
Average,0.0,0.0,0.02199997901916504,0.020000000000000018,0.0039999961853027345,0.010000000000000009,0.0,0.0,0.0,0.0
