LoadRulesRealTime,LoadRulesCPUTime,LoadFactsRealTime,LoadFactsCPUTime,GroundRealTime,GroundCPUTime,QueryRealTime,QueryCPUTime,WriteRealTime,WriteCPUTime
0.0,0.0,1.5699999332427979,1.57,48.290000200271606,48.2,0.009999990463256836,0.0,-0.009999990463256836,0.0
0.0,0.0,1.4500000476837158,1.44,48.140000104904175,48.08,0.009999990463256836,0.010000000000005116,-0.009999990463256836,-0.010000000000005116
0.0,0.0,1.4500000476837158,1.45,47.71000003814697,47.64,0.009999990463256836,0.0,-0.009999990463256836,0.0
0.0,0.0,1.4500000476837158,1.44,48.30999994277954,48.230000000000004,0.009999990463256836,0.00999999999999801,-0.009999990463256836,-0.00999999999999801
0.0,0.0,1.4700000286102295,1.47,48.28999996185303,48.21,0.009999990463256836,0.00999999999999801,-0.009999990463256836,-0.00999999999999801
Average,0.0,0.0,1.478000020980835,1.474,48.14800004959106,48.07200000000001,0.009999990463256836,0.006000000000000227,-0.009999990463256836,-0.006000000000000227
