LoadRulesRealTime,LoadRulesCPUTime,LoadFactsRealTime,LoadFactsCPUTime,GroundRealTime,GroundCPUTime,QueryRealTime,QueryCPUTime,WriteRealTime,WriteCPUTime
0.0,0.0,0.3600001335144043,0.36,10.059999942779541,10.040000000000001,0.009999990463256836,0.0,-0.009999990463256836,0.009999999999999787
0.0,0.0,0.37000012397766113,0.37,10.0,9.97,0.0,0.009999999999999787,0.0,-0.009999999999999787
0.0,0.0,0.35000014305114746,0.35,9.809999942779541,9.79,0.0,0.0,0.0,0.0
0.0,0.0,0.3600001335144043,0.36,9.990000009536743,9.97,0.0,0.0,0.0,0.0
0.0,0.0,0.34999990463256836,0.35,10.070000171661377,10.05,0.0,0.0,0.0,0.009999999999999787
Average,0.0,0.0,0.3580000877380371,0.358,9.98600001335144,9.964000000000002,0.0019999980926513673,0.0019999999999999575,-0.0019999980926513673,0.0019999999999999575
