LoadRulesRealTime,LoadRulesCPUTime,LoadFactsRealTime,LoadFactsCPUTime,GroundRealTime,GroundCPUTime,QueryRealTime,QueryCPUTime,WriteRealTime,WriteCPUTime
0.0,0.0,1.2200000286102295,1.22,86.42000007629395,86.27,0.0,0.0,0.0,0.0
0.0,0.0,1.119999885559082,1.12,85.06000018119812,84.91000000000001,0.009999990463256836,0.0,-0.009999990463256836,0.010000000000005116
0.0,0.0,1.1000001430511475,1.09,82.00999999046326,81.85,0.009999990463256836,0.0,-0.009999990463256836,0.0
0.0,0.0,1.119999885559082,1.12,85.14000010490417,84.99000000000001,0.0,0.0,0.0,0.0
0.0,0.0,1.0900001525878906,1.1,82.40999984741211,82.25000000000001,0.009999990463256836,0.009999999999990905,-0.009999990463256836,-0.009999999999990905
Average,0.0,0.0,1.1300000190734862,1.1300000000000001,84.20800004005432,84.054,0.005999994277954101,0.001999999999998181,-0.005999994277954101,2.842170943040401e-15
