LoadRulesRealTime,LoadRulesCPUTime,LoadFactsRealTime,LoadFactsCPUTime,GroundRealTime,GroundCPUTime,QueryRealTime,QueryCPUTime,WriteRealTime,WriteCPUTime
0.0,0.0,1.4600000381469727,1.46,142.4599997997284,142.16000000000003,0.0,0.009999999999990905,0.009999990463256836,-0.009999999999990905
0.0,0.0,1.4600000381469727,1.45,143.28999996185303,143.07,0.009999990463256836,0.009999999999990905,-0.009999990463256836,-0.009999999999990905
0.0,0.0,1.4600000381469727,1.45,142.05999994277954,141.76999999999998,0.0,0.010000000000019327,0.0,-0.010000000000019327
0.0,0.0,1.4300000667572021,1.43,144.19000005722046,143.91,0.009999990463256836,0.010000000000019327,-0.009999990463256836,-0.010000000000019327
0.0,0.0,1.429999828338623,1.43,140.47000002861023,140.14,0.009999990463256836,0.010000000000019327,-0.009999990463256836,-0.010000000000019327
Average,0.0,0.0,1.4480000019073487,1.444,142.49399995803833,142.20999999999998,0.005999994277954101,0.010000000000007957,-0.0039999961853027345,-0.010000000000007957
