LoadRulesRealTime,LoadRulesCPUTime,LoadFactsRealTime,LoadFactsCPUTime,GroundRealTime,GroundCPUTime,QueryRealTime,QueryCPUTime,WriteRealTime,WriteCPUTime
0.0,0.0,0.5499999523162842,0.55,10.650000095367432,10.64,0.009999990463256836,0.0,-0.009999990463256836,0.0
0.0,0.0,0.559999942779541,0.56,10.460000038146973,10.450000000000003,0.0,0.0,0.0,0.0
0.0,0.0,0.5399999618530273,0.55,10.680000066757202,10.660000000000002,0.009999990463256836,0.009999999999999787,-0.009999990463256836,-0.009999999999999787
0.0,0.0,0.5500001907348633,0.56,10.829999923706055,10.79,0.0,0.009999999999999787,0.0,-0.009999999999999787
0.0,0.0,0.5400002002716064,0.55,10.319999933242798,10.300000000000002,0.0,0.009999999999999787,0.0,-0.009999999999999787
Average,0.0,0.0,0.5480000495910644,0.554,10.588000011444091,10.568000000000001,0.0039999961853027345,0.005999999999999872,-0.0039999961853027345,-0.005999999999999872
