LoadRulesRealTime,LoadRulesCPUTime,LoadFactsRealTime,LoadFactsCPUTime,GroundRealTime,GroundCPUTime,QueryRealTime,QueryCPUTime,WriteRealTime,WriteCPUTime
0.0,0.0,2.259999990463257,2.2500000000000004,87.65000009536743,87.47,0.009999990463256836,0.010000000000005116,-0.009999990463256836,-0.010000000000005116
0.0,0.0,2.320000171661377,2.31,88.04999995231628,87.89999999999999,0.009999990463256836,0.010000000000005116,-0.009999990463256836,-0.010000000000005116
0.0,0.0,2.299999952316284,2.2900000000000005,87.75999999046326,87.62,0.019999980926513672,0.009999999999990905,-0.019999980926513672,-0.009999999999990905
0.0,0.0,2.3499999046325684,2.3400000000000003,87.47000002861023,87.32000000000001,0.009999990463256836,0.009999999999990905,-0.009999990463256836,1.4210854715202004e-14
0.0,0.0,2.319999933242798,2.32,87.92000007629395,87.74999999999999,0.009999990463256836,0.010000000000005116,-0.009999990463256836,-0.010000000000005116
Average,0.0,0.0,2.3099999904632567,2.3020000000000005,87.77000002861023,87.612,0.011999988555908203,0.009999999999999431,-0.011999988555908203,-0.007999999999998408
