LoadRulesRealTime,LoadRulesCPUTime,LoadFactsRealTime,LoadFactsCPUTime,GroundRealTime,GroundCPUTime,QueryRealTime,QueryCPUTime,WriteRealTime,WriteCPUTime
0.0,0.0,0.029999971389770508,0.020000000000000018,0.09000015258789062,0.08999999999999997,0.0,0.0,0.0,0.0
0.0,0.0,0.029999971389770508,0.020000000000000018,0.08999991416931152,0.08999999999999997,0.0,0.0,0.0,0.0
0.0,0.0,0.019999980926513672,0.020000000000000018,0.08999991416931152,0.08999999999999997,0.0,0.0,0.0,0.0
0.0,0.0,0.020000219345092773,0.020000000000000018,0.08999991416931152,0.08999999999999997,0.0,0.0,0.0,0.0
0.0,0.0,0.019999980926513672,0.020000000000000018,0.09000015258789062,0.08000000000000002,0.0,0.0,0.0,0.0
Average,0.0,0.0,0.024000024795532225,0.020000000000000018,0.09000000953674317,0.08799999999999998,0.0,0.0,0.0,0.0
