environment,real_time,size,position,factor
duckdb,0.0025346832117065787,100,1,
duckdb,0.0031657163985073567,200,2,124.89593902253013
duckdb,0.003719975205603987,300,3,117.50816362950151
duckdb,0.004459999804385007,400,4,119.89326696764549
xsb,0.09862718582153321,100,5,2211.3719763970485
xsb,0.7682464122772219,200,6,778.9398084087796
xsb,2.5739675521850582,300,7,335.04452621592475
xsb,6.06445679664612,400,8,235.60735221770614
