environment,real_time,size,position,factor
neo4j,0.0020322489999671234,200,1,
xsb,0.05832457542419435,200,2,2869.952226579415
duckdb,0.23239928549992328,200,3,398.4585979575238
postgres,0.3478185230001145,200,4,149.66419636442012
mariadb,0.9660475865000535,200,5,277.74472105953237
cockroachdb,1.7265583509999942,200,6,178.72394436129554
