LoadRulesRealTime,LoadRulesCPUTime,LoadFactsRealTime,LoadFactsCPUTime,QueryRealTime,QueryCPUTime,WriteRealTime,WriteCPUTime
0.00115585327148438,0.000548,0.273391008377075,0.259539,1.31130218505859e-05,6.99999999997925e-06,0.0004248619079589841,6.500000000003725e-05
0.00115394592285156,0.000549000000000001,0.272242069244385,0.258513,1.19209289550781e-05,6.99999999997925e-06,0.0004670619964599609,6.300000000003525e-05
0.00115799903869629,0.000555,0.270257949829102,0.256257,1.59740447998047e-05,6.99999999997925e-06,0.0003740787506103513,6.400000000006406e-05
0.00116491317749023,0.00055,0.271698951721191,0.257744,1.00135803222656e-05,6.000000000006e-06,0.0004329681396484374,6.60000000000105e-05
0.00115799903869629,0.000549000000000001,0.275918960571289,0.262066,1.21593475341797e-05,6.000000000006e-06,0.0007939338684082033,7.1999999999961e-05
Average,0.00115814208984375,0.0005502000000000005,0.2727017879486084,0.25882379999999994,1.2636184692382799e-05,6.59999999998995e-06,0.0004985809326171873,6.600000000002161e-05
