LoadRulesRealTime,LoadRulesCPUTime,LoadFactsRealTime,LoadFactsCPUTime,QueryRealTime,QueryCPUTime,WriteRealTime,WriteCPUTime
0.00120091438293457,0.000562,0.0791680812835693,0.074388,8.82148742675781e-06,5.000000000005e-06,0.0003821849822998042,5.99999999999906e-05
0.0011591911315918,0.000547000000000001,0.0793659687042236,0.074631,1.00135803222656e-05,5.99999999999212e-06,0.0004010200500488284,6.000000000000448e-05
0.00117397308349609,0.000557,0.0795600414276123,0.074931,1.09672546386719e-05,6.000000000006e-06,0.00040316581726074213,6.89999999999857e-05
0.00116705894470215,0.000554000000000001,0.0796909332275391,0.074944,1.40666961669922e-05,7.000000000007e-06,0.0003750324249267578,5.99999999999906e-05
0.00117683410644531,0.00055,0.079380989074707,0.074652,8.10623168945312e-06,5.000000000005e-06,0.00037884712219238287,6.09999999999916e-05
Average,0.001175594329833984,0.0005540000000000005,0.07943320274353027,0.0747092,1.0395050048828127e-05,5.800000000003024e-06,0.0003880500793457031,6.19999999999926e-05
