LoadRulesRealTime,LoadRulesCPUTime,LoadFactsRealTime,LoadFactsCPUTime,QueryRealTime,QueryCPUTime,WriteRealTime,WriteCPUTime
0.00120115280151367,0.000557999999999999,0.628679990768433,0.600174,1.28746032714844e-05,5.99999999995049e-06,0.0004310607910156246,6.4000000000064e-05
0.00115609169006348,0.000548999999999999,0.63913893699646,0.610809,1.71661376953125e-05,6.00000000006151e-06,0.0004158020019531255,6.399999999995298e-05
0.00116991996765137,0.000557,0.637444019317627,0.609024,1.59740447998047e-05,8.000000000008e-06,0.0004010200500488283,6.20000000000065e-05
0.00118398666381836,0.000565,0.637410163879395,0.608707,1.28746032714844e-05,6.00000000006151e-06,0.0005521774291992186,7.00000000000145e-05
0.00119614601135254,0.000557999999999999,0.630388975143433,0.601915,8.82148742675781e-06,6.99999999997925e-06,0.0005342960357666012,6.700000000003925e-05
Average,0.001181459426879884,0.0005573999999999995,0.6346124172210696,0.6061258,1.3542175292968763e-05,6.600000000012153e-06,0.0004668712615966796,6.540000000001544e-05
