LoadRulesRealTime,LoadRulesCPUTime,LoadFactsRealTime,LoadFactsCPUTime,QueryRealTime,QueryCPUTime,WriteRealTime,WriteCPUTime
0.00117015838623047,0.000554000000000001,0.0437748432159424,0.040274,6.19888305664062e-06,4.000000000004e-06,0.0004196166992187504,6.39999999999946e-05
0.00119185447692871,0.000561000000000001,0.0430371761322021,0.040242,1.00135803222656e-05,4.99999999999806e-06,0.00036692619323730436,6.099999999999854e-05
0.00116086006164551,0.000553999999999999,0.0430731773376465,0.040318,4.76837158203125e-06,4.000000000004e-06,0.00037336349487304677,6.19999999999996e-05
0.00119209289550781,0.000569999999999999,0.0426208972930908,0.039869,8.10623168945312e-06,5.000000000005e-06,0.0003647804260253909,5.8999999999996596e-05
0.00118517875671387,0.000548,0.043097972869873,0.040354,5.96046447753906e-06,3.99999999999706e-06,0.00035500526428222694,6.1000000000005535e-05
Average,0.001180028915405274,0.0005573999999999999,0.04312081336975096,0.040211399999999994,7.00950622558593e-06,4.400000000001623e-06,0.0003759384155273439,6.139999999999897e-05
