LoadRulesRealTime,LoadRulesCPUTime,LoadFactsRealTime,LoadFactsCPUTime,QueryRealTime,QueryCPUTime,WriteRealTime,WriteCPUTime
0.00119209289550781,0.00056,0.494122982025146,0.471135,1.19209289550781e-05,6.99999999997925e-06,0.00044512748718261686,6.400000000006406e-05
0.00117278099060059,0.000555999999999999,0.490326166152954,0.467483,1.38282775878906e-05,8.000000000008e-06,0.0008821487426757814,8.00000000000245e-05
0.00116896629333496,0.00055,0.491002082824707,0.467983,1.28746032714844e-05,6.99999999997925e-06,0.0005760192871093747,6.400000000000845e-05
0.00114893913269043,0.000547000000000001,0.495755910873413,0.47264,3.69548797607422e-05,7.00000000003476e-06,0.0003719329833984378,6.099999999997774e-05
0.00116109848022461,0.000546999999999999,0.488497018814087,0.465538,1.28746032714844e-05,6.000000000006e-06,0.0006852149963378906,6.7999999999957e-05
Average,0.00116877555847168,0.0005519999999999998,0.49194083213806133,0.4689558,1.769065856933594e-05,7.0000000000014526e-06,0.0005920886993408203,6.740000000000634e-05
