LoadRulesRealTime,LoadRulesCPUTime,LoadFactsRealTime,LoadFactsCPUTime,QueryRealTime,QueryCPUTime,WriteRealTime,WriteCPUTime
0.0011589527130127,0.000548999999999999,0.0425610542297363,0.039754,5.00679016113281e-06,5.000000000005e-06,0.0003788471221923832,6.0999999999998596e-05
0.00115299224853516,0.000549000000000001,0.043057918548584,0.040268,8.10623168945312e-06,5.000000000005e-06,0.0003740787506103519,5.7999999999995596e-05
0.0011599063873291,0.000548999999999999,0.0428731441497803,0.040141,6.91413879394531e-06,3.99999999999706e-06,0.0003752708435058597,5.9000000000003535e-05
0.00117588043212891,0.000553999999999999,0.0431151390075684,0.040317,6.91413879394531e-06,3.99999999999706e-06,0.0003609657287597657,5.9000000000003535e-05
0.00115108489990234,0.000547000000000001,0.0428409576416016,0.039979,1.31130218505859e-05,4.99999999999806e-06,0.0004308223724365231,6.500000000000254e-05
Average,0.001159763336181642,0.0005495999999999998,0.04288964271545412,0.0400918,8.010864257812488e-06,4.600000000000435e-06,0.00038399696350097665,6.0400000000000763e-05
