CreateTableRealTime,CreateTableCPUTime,LoadDataRealTime,LoadDataCPUTime,CreateIndexRealTime,CreateIndexCPUTime,AnalyzeRealTime,AnalyzeCPUTime,ExecuteQueryRealTime,ExecuteQueryCPUTime,WriteResultRealTime,WriteResultCPUTime
0.01905437500681728,9.100000000000774e-05,0.031042625021655113,0.00012200000000001099,0.032984457968268543,4.799999999999249e-05,0.00273274997016415,7.60000000000205e-05,0.05939516698708758,9.999999999998899e-05,0,0
0.016937792010139674,6.299999999997974e-05,0.029947041010018438,8.700000000000374e-05,0.0309647920075804,3.799999999998249e-05,0.0013813329860568047,7.099999999998774e-05,0.03456399997230619,3.6000000000036e-05,0,0
0.017034415970556438,7.999999999996898e-05,0.02956458297558129,0.00013300000000004975,0.030223208013921976,3.700000000000925e-05,0.0016227500163950026,6.899999999998574e-05,0.03353424998931587,3.700000000000925e-05,0,0
0.017329624970443547,7.00000000000145e-05,0.02902383398031816,7.899999999999574e-05,0.032829125004354864,4.799999999999249e-05,0.001500750018749386,8.099999999999774e-05,0.03232404199661687,3.500000000000725e-05,0,0
0.018959333014208823,6.60000000000105e-05,0.02883408300112933,0.00011099999999997223,0.028033707989379764,4.100000000001325e-05,0.0012474589748308063,7.20000000000165e-05,0.03268954198574647,3.2000000000032e-05,0,0
Average,0.017863108194433153,7.39999999999963e-05,0.029682433197740464,0.00010640000000000649,0.03100705819670111,4.2399999999997995e-05,0.0016970083932392299,7.380000000000164e-05,0.0385014001862146,4.80000000000147e-05,0.0,0.0
