CreateTableRealTime,CreateTableCPUTime,LoadDataRealTime,LoadDataCPUTime,CreateIndexRealTime,CreateIndexCPUTime,AnalyzeRealTime,AnalyzeCPUTime,ExecuteQueryRealTime,ExecuteQueryCPUTime,WriteResultRealTime,WriteResultCPUTime
0.020000003278255463,0.0,0.06000000238418579,0.0,0.07999999821186066,0.0,0.0,0.0,0.10000000149011612,0.0,0.0,0.0
0.019999995827674866,0.0,0.05000000447034836,0.0,0.07999999821186066,0.0,0.009999997913837433,0.0,0.07999999821186066,0.0,0.0,0.0
0.030000001192092896,0.0,0.059999994933605194,0.0,0.08000000566244125,0.0,0.0,0.0,0.08999999612569809,0.0,0.0,0.0
Average,0.023333333432674408,0.0,0.05666666726271311,0.0,0.08000000069538753,0.0,0.003333332637945811,0.0,0.08999999860922496,0.0,0.0,0.0
