CreateTableRealTime,CreateTableCPUTime,LoadDataRealTime,LoadDataCPUTime,CreateIndexRealTime,CreateIndexCPUTime,AnalyzeRealTime,AnalyzeCPUTime,ExecuteQueryRealTime,ExecuteQueryCPUTime,WriteResultRealTime,WriteResultCPUTime
0.016822208010125905,7.40000000000185e-05,0.02535454201279208,8.099999999999774e-05,0.0296080419793725,3.700000000000925e-05,0.0015884170425124466,7.20000000000165e-05,0.03180312499171123,4.700000000001925e-05,0,0
0.019176375004462898,7.499999999999174e-05,0.025786582962609828,0.00014100000000000223,0.03210283303633332,4.100000000001325e-05,0.0014983330038376153,6.900000000004125e-05,0.030849041999317706,3.599999999998049e-05,0,0
0.016843541990965605,6.900000000004125e-05,0.025829416990745813,9.40000000000385e-05,0.027179916971363127,4.500000000001725e-05,0.0015415000380016863,7.299999999998974e-05,0.028732625010889024,3.399999999997849e-05,0,0
0.01905062497826293,6.699999999998374e-05,0.02357979101361707,9.399999999998299e-05,0.029376792022958398,4.199999999998649e-05,0.0015559580060653389,7.20000000000165e-05,0.031369625008665025,3.899999999995574e-05,0,0
0.01712404197314754,7.100000000004325e-05,0.024138583976309747,9.500000000001174e-05,0.030507916992064565,3.900000000001125e-05,0.0016478750039823353,7.20000000000165e-05,0.029823291988577694,3.999999999998449e-05,0,0
Average,0.017803358391392975,7.120000000001569e-05,0.024937783391214906,0.00010100000000000664,0.029755100200418383,4.08000000000075e-05,0.0015664166188798846,7.160000000001609e-05,0.030515541799832135,3.9199999999983694e-05,0.0,0.0
