CreateTableRealTime,CreateTableCPUTime,LoadDataRealTime,LoadDataCPUTime,CreateIndexRealTime,CreateIndexCPUTime,AnalyzeRealTime,AnalyzeCPUTime,ExecuteQueryRealTime,ExecuteQueryCPUTime,WriteResultRealTime,WriteResultCPUTime
0.016949083015788347,7.20000000000165e-05,0.05138350004563108,0.00020400000000003748,0.03250600001774728,2.599999999997049e-05,0.0012579580070450902,5.3999999999998494e-05,0.04469624999910593,9.500000000001174e-05,0,0
0.019847624993417412,7.199999999996098e-05,0.05027216696180403,0.00015100000000001224,0.04217608302133158,5.299999999996974e-05,0.003373207990080118,6.500000000003725e-05,0.05505287495907396,0.00012699999999998823,0,0
0.021104458021000028,7.299999999998974e-05,0.05225929198786616,0.00015500000000001624,0.03648433304624632,2.799999999997249e-05,0.0010697499965317547,3.799999999998249e-05,0.04105870798230171,0.00011499999999997623,0,0
0.016145542031154037,7.099999999998774e-05,0.04811699996935204,0.00016800000000000148,0.03850754094310105,3.799999999998249e-05,0.0012603329960256815,7.299999999998974e-05,0.04353291599545628,8.599999999997499e-05,0,0
0.01609345799079165,6.999999999995898e-05,0.05146829201839864,0.000148000000000037,0.04132154199760407,4.499999999996174e-05,0.0012128750095143914,5.6000000000000494e-05,0.05065529199782759,8.699999999994823e-05,0,0
Average,0.018028033210430294,7.15999999999828e-05,0.05070005019661039,0.00016520000000002087,0.03819909980520606,3.799999999997139e-05,0.0016348247998394072,5.7200000000001695e-05,0.04699920818675309,0.00010199999999997989,0.0,0.0
