CreateTableRealTime,CreateTableCPUTime,LoadDataRealTime,LoadDataCPUTime,CreateIndexRealTime,CreateIndexCPUTime,AnalyzeRealTime,AnalyzeCPUTime,ExecuteQueryRealTime,ExecuteQueryCPUTime,WriteResultRealTime,WriteResultCPUTime
0.01897670899052173,6.199999999995098e-05,0.06005766603630036,0.00014999999999998348,0.039753541932441294,3.599999999998049e-05,0.0012011249782517552,4.699999999996374e-05,0.04646158299874514,7.899999999999574e-05,0.001172875054180622,7.60000000000205e-05
0.020080166985280812,6.40000000000085e-05,0.060289291897788644,0.00018699999999999273,0.04340508300811052,3.8000000000038e-05,0.0011690419632941484,4.899999999996574e-05,0.04881829197984189,6.499999999998174e-05,0.001343000098131597,9.499999999995623e-05
0.01993633306119591,6.699999999998374e-05,0.05827254196628928,0.00016800000000000148,0.032662583980709314,4.700000000001925e-05,0.001050416030921042,5.500000000002725e-05,0.04382099991198629,8.500000000000174e-05,0.0012499169679358602,8.40000000000285e-05
0.018964999937452376,8.20000000000265e-05,0.05855416599661112,0.00018599999999996397,0.03620500001125038,2.6999999999999247e-05,0.0011579999700188637,4.999999999999449e-05,0.0467285830527544,9.599999999998499e-05,0.0016479999758303165,8.999999999997899e-05
0.015968249994330108,7.099999999998774e-05,0.05446254194248468,0.00015199999999998548,0.037351832957938313,3.300000000000525e-05,0.0014078330714255571,6.099999999997774e-05,0.05512554198503494,9.299999999995423e-05,0.002011124975979328,0.00016500000000002624
Average,0.01878529179375619,6.919999999999149e-05,0.058327241567894816,0.00016859999999998542,0.03787560837808997,3.620000000000845e-05,0.0011972832027822733,5.239999999998579e-05,0.048190999985672535,8.359999999998368e-05,0.0014849834144115448,0.00010200000000000209
