CreateTableRealTime,CreateTableCPUTime,LoadDataRealTime,LoadDataCPUTime,CreateIndexRealTime,CreateIndexCPUTime,AnalyzeRealTime,AnalyzeCPUTime,ExecuteQueryRealTime,ExecuteQueryCPUTime,WriteResultRealTime,WriteResultCPUTime
0.0299999937415123,0.0,0.07000000029802322,0.0,0.08000000566244125,0.0,0.0,0.0,0.08999999612569809,0.0,0.0,0.0
0.019999995827674866,0.0,0.07000000029802322,0.0,0.08000000566244125,0.0,0.0,0.0,0.10999999940395355,0.0,0.0,0.0
0.030000001192092896,0.0,0.07000000029802322,0.0,0.07999999821186066,0.0,0.009999997913837433,0.0,0.10000000149011612,0.0,0.009999997913837433,0.0
Average,0.026666663587093353,0.0,0.07000000029802322,0.0,0.08000000317891438,0.0,0.003333332637945811,0.0,0.09999999900658925,0.0,0.003333332637945811,0.0
