CreateTableRealTime,CreateTableCPUTime,LoadDataRealTime,LoadDataCPUTime,CreateIndexRealTime,CreateIndexCPUTime,AnalyzeRealTime,AnalyzeCPUTime,ExecuteQueryRealTime,ExecuteQueryCPUTime,WriteResultRealTime,WriteResultCPUTime
0.015005087000190542,0.00012519999999999198,0.021225496000170097,0.0002575000000000216,0.04424913799994101,0.00010660000000001224,0.0021495179998964886,0.00014880000000000448,0.037671797999792034,0.00011900000000003574,0.000899105999906169,0.00011040000000001049
0.01485691300013059,0.0001378999999999686,0.02629016600030809,0.00026480000000000947,0.044338334999793005,0.00011089999999996936,0.0038782080000601127,0.0001815000000000011,0.04876057199999195,0.00013290000000004687,0.0011611820000325679,0.00012210000000001386
Average,0.014931000000160566,0.0001315499999999803,0.023757831000239094,0.00026115000000001554,0.04429373649986701,0.0001087499999999908,0.0030138629999783006,0.0001651500000000028,0.04321618499989199,0.0001259500000000413,0.0010301439999693685,0.00011625000000001218
