CreateTableRealTime,CreateTableCPUTime,LoadDataRealTime,LoadDataCPUTime,CreateIndexRealTime,CreateIndexCPUTime,AnalyzeRealTime,AnalyzeCPUTime,ExecuteQueryRealTime,ExecuteQueryCPUTime,WriteResultRealTime,WriteResultCPUTime
0.020000003278255463,0.0,0.0299999937415123,0.0,0.06000000238418579,0.0,0.0,0.0,0.06000000238418579,0.0,0.009999997913837433,0.0
0.020000003278255463,0.0,0.03999999910593033,0.0,0.04999999701976776,0.0,0.009999997913837433,0.0,0.06000000238418579,0.0,0.0,0.0
0.01000000536441803,0.0,0.03999999910593033,0.0,0.04999999701976776,0.0,0.009999997913837433,0.0,0.05000000447034836,0.0,0.0,0.0
Average,0.01666667064030965,0.0,0.03666666398445765,0.0,0.05333333214124044,0.0,0.006666665275891622,0.0,0.05666666974623998,0.0,0.003333332637945811,0.0
