CreateTableRealTime,CreateTableCPUTime,LoadDataRealTime,LoadDataCPUTime,CreateIndexRealTime,CreateIndexCPUTime,AnalyzeRealTime,AnalyzeCPUTime,ExecuteQueryRealTime,ExecuteQueryCPUTime,WriteResultRealTime,WriteResultCPUTime
0.017245204000118974,0.00019250000000003986,0.030680373999985022,0.0002654999999999741,0.05548324900018997,0.00014619999999998523,0.004488011999910668,0.00017739999999999423,0.049348738999924535,0.00013499999999999623,0.0016523640001651074,0.00013880000000005
0.015361537999979191,0.000154000000000043,0.030278075999831344,0.0002870999999999846,0.05027683399976013,0.00014079999999999648,0.004043322000143235,0.00014059999999999073,0.04665005300012126,0.00012299999999998423,0.0015032490000521648,0.0001152000000000375
Average,0.016303371000049083,0.00017325000000004143,0.030479224999908183,0.00027629999999997934,0.05288004149997505,0.00014349999999999086,0.004265667000026951,0.00015899999999999248,0.0479993960000229,0.00012899999999999023,0.001577806500108636,0.00012700000000004374
