CreateTableRealTime,CreateTableCPUTime,LoadDataRealTime,LoadDataCPUTime,CreateIndexRealTime,CreateIndexCPUTime,AnalyzeRealTime,AnalyzeCPUTime,ExecuteQueryRealTime,ExecuteQueryCPUTime,WriteResultRealTime,WriteResultCPUTime
0.015402697000354237,0.0001255000000000006,0.020695818000149302,0.00020819999999999173,0.04642991799983065,0.00010719999999997398,0.0021808480000800046,0.00012300000000003974,0.0398399129999234,0.00011810000000000986,0.0010161469999729889,0.00013340000000000574
0.020099881000078312,0.00012000000000000899,0.02274145100000169,0.0002042999999999906,0.04429342899993571,0.00013489999999999336,0.003782703000069887,0.00015939999999997623,0.03782522699975743,0.00011309999999997711,0.001002369000161707,0.0001366999999999896
Average,0.017751289000216275,0.0001227500000000048,0.021718634500075495,0.00020624999999999116,0.04536167349988318,0.00012104999999998367,0.0029817755000749457,0.00014120000000000799,0.038832569999840416,0.00011559999999999349,0.001009258000067348,0.00013504999999999767
