CreateTableRealTime,CreateTableCPUTime,LoadDataRealTime,LoadDataCPUTime,CreateIndexRealTime,CreateIndexCPUTime,AnalyzeRealTime,AnalyzeCPUTime,ExecuteQueryRealTime,ExecuteQueryCPUTime,WriteResultRealTime,WriteResultCPUTime
0.019999995827674866,0.0,0.030000001192092896,0.0,0.04999999701976776,0.0,0.01000000536441803,0.0,0.03999999910593033,0.0,0.0,0.0
0.019999995827674866,0.0,0.030000001192092896,0.0,0.06000000238418579,0.0,0.0,0.0,0.04999999701976776,0.0,0.01000000536441803,0.0
0.009999997913837433,0.0,0.03999999910593033,0.0,0.03999999910593033,0.0,0.01000000536441803,0.0,0.04999999701976776,0.0,0.0,0.0
Average,0.016666663189729054,0.0,0.033333333830038704,0.0,0.049999999503294625,0.0,0.0066666702429453535,0.0,0.04666666438182195,0.0,0.0033333351214726767,0.0
