environment,cpu_time,size,position,factor
mariadb,0.00011184999999999667,400,1,
postgres,0.00013019999999999698,400,2,116.40590075994712
cockroachdb,0.00021769999999998735,400,3,167.20430107526298
neo4j,0.0008830000000000227,400,4,405.60404226002476
xsb,0.0017650000000000048,400,5,199.8867497168697
duckdb,0.006217349999999983,400,6,352.25779036827
