environment,real_time,size,position,factor
duckdb,0.0013424332020804286,1000,1,
xsb,0.002052640914916994,1000,2,152.9045103872524
postgres,0.014175583375617862,1000,3,690.6022028792651
mariadb,0.05343665000982582,1000,4,376.9626165914087
cockroachdb,0.241073999798391,1000,5,451.13980714371655
