environment,real_time,size,position,factor
xsb,0.001777052879333495,400,1,
neo4j,0.0018715364999479789,400,2,105.31687164255467
duckdb,0.008266113999752633,400,3,441.6752759020408
postgres,0.03886313999998947,400,4,470.1500608526868
mariadb,0.07370030799984306,400,5,189.64064149181726
cockroachdb,0.3692515529996854,400,6,501.01765246418194
