CreateTableRealTime,CreateTableCPUTime,LoadDataRealTime,LoadDataCPUTime,CreateIndexRealTime,CreateIndexCPUTime,AnalyzeRealTime,AnalyzeCPUTime,ExecuteQueryRealTime,ExecuteQueryCPUTime,WriteResultRealTime,WriteResultCPUTime
0.005749500000092667,0.0017624000000000528,0.007864800999868748,0.004622200000000021,0.005990170000131911,0.0016702000000000106,0.00043226900015724823,0.0005297000000000218,0.043711683000310586,0.07982309999999998,0.004649685000003956,0.008295200000000003
0.005968319999738014,0.001728599999999969,0.008272498999758682,0.004860500000000045,0.006295620000400959,0.0017676999999999832,0.0005161799999768846,0.0006485999999999992,0.04453531599983762,0.0826346,0.004782482999871718,0.004921000000000009
Average,0.0058589099999153404,0.001745500000000011,0.008068649999813715,0.004741350000000033,0.006142895000266435,0.0017189499999999969,0.0004742245000670664,0.0005891500000000105,0.044123499500074104,0.08122884999999999,0.004716083999937837,0.006608100000000006
