CreateTableRealTime,CreateTableCPUTime,LoadDataRealTime,LoadDataCPUTime,CreateIndexRealTime,CreateIndexCPUTime,AnalyzeRealTime,AnalyzeCPUTime,ExecuteQueryRealTime,ExecuteQueryCPUTime,WriteResultRealTime,WriteResultCPUTime
0.00035704096080735326,0.0003630000000000022,0.002734582987613976,0.0006639999999999979,0.0003374170046299696,0.00040000000000001146,6.150000263005495e-05,7.699999999999374e-05,0.003853416012134403,0.008400000000000019,0.0005080840201117098,0.0005369999999999542
0.0003554160357452929,0.0003369999999999762,0.0006667919806204736,0.0006530000000000147,0.0003558750031515956,0.00041000000000002146,6.687501445412636e-05,7.999999999996898e-05,0.003724041976965964,0.007988999999999968,0.0007030830020084977,0.0011899999999999689
0.0003789999755099416,0.00034400000000001096,0.0006544579518958926,0.0006689999999999752,0.0004425839870236814,0.0006890000000000507,6.649998249486089e-05,8.00000000000245e-05,0.0033749580034054816,0.005230000000000012,0.0006948329973965883,0.0011809999999999876
0.00036679196637123823,0.0003589999999999982,0.0006713339826092124,0.0006840000000000179,0.00035512499744072556,0.00039600000000000746,5.7083030696958303e-05,7.900000000005125e-05,0.0034926250227726996,0.004834000000000005,0.0006650830036960542,0.0010140000000000149
0.0003390840138308704,0.00034199999999995345,0.0006176250171847641,0.0007489999999999997,0.00031808402854949236,0.0003690000000000082,5.158298881724477e-05,7.899999999999574e-05,0.006344499997794628,0.009778999999999982,0.000763332995120436,0.0013040000000000274
Average,0.00035946659045293927,0.0003489999999999882,0.0010689583839848637,0.0006838000000000011,0.0003618170041590929,0.00045280000000001984,6.0708203818649054e-05,7.900000000000684e-05,0.004157908202614635,0.0072463999999999975,0.0006668832036666572,0.0010451999999999905
