CreateTableRealTime,CreateTableCPUTime,LoadDataRealTime,LoadDataCPUTime,CreateIndexRealTime,CreateIndexCPUTime,AnalyzeRealTime,AnalyzeCPUTime,ExecuteQueryRealTime,ExecuteQueryCPUTime,WriteResultRealTime,WriteResultCPUTime
0.01000000536441803,0.0,0.009999997913837433,0.02000000000000001,0.0,0.0,0.0,0.0,0.04999999701976776,0.08,0.01000000536441803,0.010000000000000009
0.009999997913837433,0.0,0.009999997913837433,0.0,0.0,0.010000000000000009,0.0,0.0,0.05000000447034836,0.07999999999999999,0.009999997913837433,0.010000000000000009
0.0,0.0,0.009999997913837433,0.0,0.01000000536441803,0.009999999999999955,0.0,0.0,0.04999999701976776,0.09000000000000004,0.009999997913837433,0.010000000000000009
Average,0.0066666677594184875,0.0,0.009999997913837433,0.0066666666666666706,0.0033333351214726767,0.006666666666666654,0.0,0.0,0.049999999503294625,0.08333333333333333,0.010000000397364298,0.010000000000000009
