CreateTableRealTime,CreateTableCPUTime,LoadDataRealTime,LoadDataCPUTime,CreateIndexRealTime,CreateIndexCPUTime,AnalyzeRealTime,AnalyzeCPUTime,ExecuteQueryRealTime,ExecuteQueryCPUTime,WriteResultRealTime,WriteResultCPUTime
0.006808540000292851,0.0018367000000000244,0.005958009999631031,0.0033410999999999857,0.008427792000020418,0.0029063999999999757,0.0007653049997315975,0.0009195999999999649,0.04035171800023818,0.07298190000000004,0.003193282999745861,0.003303699999999965
0.006589273999907164,0.0017775999999999903,0.00828046299966445,0.004263699999999981,0.006832082000073569,0.0017883000000000204,0.0004287520000616496,0.0005575999999999914,0.037748838999959844,0.06740149999999995,0.003098399000009522,0.0032341000000000175
Average,0.006698907000100007,0.0018071500000000074,0.007119236499647741,0.0038023999999999836,0.0076299370000469935,0.002347349999999998,0.0005970284998966235,0.0007385999999999782,0.03905027850009901,0.0701917,0.0031458409998776915,0.0032688999999999913
