CreateTableRealTime,CreateTableCPUTime,LoadDataRealTime,LoadDataCPUTime,CreateIndexRealTime,CreateIndexCPUTime,AnalyzeRealTime,AnalyzeCPUTime,ExecuteQueryRealTime,ExecuteQueryCPUTime,WriteResultRealTime,WriteResultCPUTime
0.009999997913837433,0.0,0.0,0.010000000000000009,0.01000000536441803,0.0,0.0,0.0,0.030000001192092896,0.04999999999999999,0.0,0.0
0.009999997913837433,0.0,0.01000000536441803,0.0,0.0,0.0,0.0,0.0,0.03999999910593033,0.04000000000000003,0.0,0.010000000000000009
0.009999997913837433,0.0,0.0,0.0,0.009999997913837433,0.0,0.0,0.010000000000000009,0.03999999910593033,0.05000000000000003,0.0,0.009999999999999953
Average,0.009999997913837433,0.0,0.0033333351214726767,0.003333333333333336,0.0066666677594184875,0.0,0.0,0.003333333333333336,0.03666666646798452,0.04666666666666669,0.0,0.006666666666666654
