CreateTableRealTime,CreateTableCPUTime,LoadDataRealTime,LoadDataCPUTime,CreateIndexRealTime,CreateIndexCPUTime,AnalyzeRealTime,AnalyzeCPUTime,ExecuteQueryRealTime,ExecuteQueryCPUTime,WriteResultRealTime,WriteResultCPUTime
0.0003631250001490116,0.0003469999999999862,0.0011903750128112733,0.0010969999999999591,0.0004307090421207249,0.00047599999999997644,6.020901491865516e-05,7.399999999996298e-05,0.03009954100707546,0.050622,0.003027500002644956,0.003043000000000018
0.0003354590153321624,0.0003390000000000337,0.001137999992351979,0.0012220000000000009,0.00040787499165162444,0.0004370000000000207,5.887501174584031e-05,7.899999999999574e-05,0.012977875012438744,0.016855999999999982,0.003194333054125309,0.003224999999999978
0.0003505420172587037,0.0003429999999999822,0.0010445829830132425,0.0010640000000000094,0.000501000031363219,0.0005460000000000464,5.5374985095113516e-05,7.699999999999374e-05,0.014478500001132488,0.03290200000000004,0.0031257080263458192,0.003159999999999996
0.00037629198050126433,0.00037200000000003897,0.0010015839943662286,0.0010249999999999981,0.0004016250022687018,0.0005000000000000004,6.137497257441282e-05,8.20000000000265e-05,0.013720874965656549,0.029337000000000002,0.003403875045478344,0.006525000000000003
0.0003738329978659749,0.00034400000000001096,0.0010447499807924032,0.0010549999999999726,0.0005102500435896218,0.0005620000000000069,7.941701915115118e-05,9.999999999998899e-05,0.013529125018976629,0.028381000000000045,0.0034764169831760228,0.006354000000000026
Average,0.0003598502022214234,0.00034900000000001043,0.0010838583926670252,0.001092599999999988,0.00045029182219877837,0.0005042000000000102,6.30502006970346e-05,8.239999999999359e-05,0.016961183201055975,0.03161960000000001,0.00324556662235409,0.004461400000000004
