CreateTableRealTime,CreateTableCPUTime,LoadDataRealTime,LoadDataCPUTime,CreateIndexRealTime,CreateIndexCPUTime,AnalyzeRealTime,AnalyzeCPUTime,ExecuteQueryRealTime,ExecuteQueryCPUTime,WriteResultRealTime,WriteResultCPUTime
0.00036512501537799835,0.00034400000000001096,0.0009335419745184481,0.0009399999999999964,0.00045237498125061393,0.0006479999999999819,5.6374992709606886e-05,7.099999999998774e-05,0.010899957967922091,0.023056999999999994,0.002515166997909546,0.004530000000000034
0.00037233298644423485,0.00037599999999998746,0.0009871669462881982,0.0010049999999999781,0.0008730000117793679,0.00047999999999998044,5.962501745671034e-05,8.00000000000245e-05,0.010263499978464097,0.01504799999999995,0.002292625023983419,0.0023220000000000462
0.00035345798823982477,0.0003630000000000022,0.0011079999967478216,0.0013260000000000494,0.0005204579792916775,0.00046199999999996244,6.158300675451756e-05,9.100000000000774e-05,0.011130750004667789,0.025968000000000047,0.002346541965380311,0.002381000000000022
0.00036637496668845415,0.0003449999999999842,0.0009562919731251895,0.0009600000000000164,0.0007457499741576612,0.00042399999999997995,4.6667002607136965e-05,6.699999999998374e-05,0.01143516699085012,0.023421000000000025,0.0024570830282755196,0.004460999999999993
0.0003768749884329736,0.00036000000000002697,0.000937832985073328,0.0009449999999999736,0.0010983750107698143,0.00047799999999997844,6.608304101973772e-05,8.299999999999974e-05,0.011411207960918546,0.024839,0.002439500007312745,0.004350999999999994
Average,0.00036683318903669716,0.00035760000000000235,0.000984566775150597,0.0010352000000000028,0.000737991591449827,0.0004983999999999767,5.8066612109541896e-05,7.840000000000069e-05,0.011028116580564528,0.022466600000000003,0.002410183404572308,0.0036090000000000176
