CreateTableRealTime,CreateTableCPUTime,LoadDataRealTime,LoadDataCPUTime,CreateIndexRealTime,CreateIndexCPUTime,AnalyzeRealTime,AnalyzeCPUTime,ExecuteQueryRealTime,ExecuteQueryCPUTime,WriteResultRealTime,WriteResultCPUTime
0.006261946999984502,0.0014512999999999887,0.007842716000141081,0.003958599999999979,0.006258698999772605,0.0021573000000000286,0.00041931700025088503,0.0005332000000000114,0.05330131300024732,0.10096480000000002,0.006987162999848806,0.012670999999999988
0.008614220000254136,0.002267100000000022,0.00782755799991719,0.004120700000000033,0.006522935999782931,0.0026881000000000266,0.00041014899989022524,0.0005232000000000014,0.05569147599999269,0.10700470000000001,0.006227442000181327,0.006343099999999935
Average,0.007438083500119319,0.0018592000000000053,0.007835137000029135,0.004039650000000006,0.006390817499777768,0.0024227000000000276,0.00041473300007055514,0.0005282000000000064,0.054496394500120005,0.10398475000000001,0.0066073025000150665,0.009507049999999961
