CreateTableRealTime,CreateTableCPUTime,LoadDataRealTime,LoadDataCPUTime,CreateIndexRealTime,CreateIndexCPUTime,AnalyzeRealTime,AnalyzeCPUTime,ExecuteQueryRealTime,ExecuteQueryCPUTime,WriteResultRealTime,WriteResultCPUTime
0.00038579199463129044,0.00035999999999997145,0.000919792044442147,0.0007439999999999669,0.0003950839745812118,0.00041799999999997395,4.8416026402264833e-05,6.80000000000125e-05,0.00781099998857826,0.01138800000000001,0.0016476669698022306,0.0010169999999999901
0.00035625003511086106,0.00033800000000000496,0.000691708002705127,0.0006990000000000052,0.00039237499004229903,0.00040400000000001546,0.00010525004472583532,0.00012200000000001099,0.005286166036967188,0.007973000000000008,0.0009986250079236925,0.0016539999999999888
0.00036170799285173416,0.0003489999999999882,0.0007234999793581665,0.0007240000000000024,0.00042033300269395113,0.0004490000000000327,7.199996616691351e-05,0.00010100000000001774,0.005386333970818669,0.008396000000000015,0.0010850410326384008,0.0017599999999999838
0.0003458330174908042,0.00034400000000001096,0.0006977909943088889,0.0007030000000000092,0.0004385419888421893,0.00045800000000001395,6.966694490984082e-05,8.500000000000174e-05,0.005348875012714416,0.008523999999999976,0.0009636660106480122,0.0009979999999999989
0.00037458399310708046,0.0003589999999999982,0.0007216249941848218,0.0007170000000000232,0.00038420798955485225,0.0004309999999999592,6.416701944544911e-05,8.00000000000245e-05,0.005370291997678578,0.008409999999999973,0.0010140000376850367,0.001690999999999998
Average,0.0003648334066383541,0.00034999999999999474,0.0007508832029998302,0.0007174000000000014,0.0004061083891429007,0.00043199999999999906,7.190000033006073e-05,9.120000000001349e-05,0.005840533401351422,0.008938199999999997,0.0011417998117394744,0.001423999999999992
