CreateTableRealTime,CreateTableCPUTime,LoadDataRealTime,LoadDataCPUTime,CreateIndexRealTime,CreateIndexCPUTime,AnalyzeRealTime,AnalyzeCPUTime,ExecuteQueryRealTime,ExecuteQueryCPUTime,WriteResultRealTime,WriteResultCPUTime
0.009999997913837433,0.0,0.0,0.010000000000000009,0.009999997913837433,0.0,0.0,0.0,0.030000001192092896,0.03999999999999998,0.01000000536441803,0.01
0.009999997913837433,0.0,0.0,0.010000000000000009,0.009999997913837433,0.0,0.0,0.0,0.030000001192092896,0.04999999999999999,0.0,0.0
0.01000000536441803,0.0,0.009999997913837433,0.0,0.0,0.020000000000000007,0.0,0.0,0.030000001192092896,0.03999999999999998,0.009999997913837433,0.010000000000000009
Average,0.010000000397364298,0.0,0.003333332637945811,0.006666666666666672,0.006666665275891622,0.006666666666666669,0.0,0.0,0.030000001192092896,0.043333333333333314,0.0066666677594184875,0.0066666666666666706
