CreateTableRealTime,CreateTableCPUTime,LoadDataRealTime,LoadDataCPUTime,CreateIndexRealTime,CreateIndexCPUTime,AnalyzeRealTime,AnalyzeCPUTime,ExecuteQueryRealTime,ExecuteQueryCPUTime,WriteResultRealTime,WriteResultCPUTime
0.000376791984308511,0.0003549999999999942,0.0014824160025455058,0.0013210000000000166,0.0004525840049609542,0.0005290000000000017,5.870801396667957e-05,8.00000000000245e-05,0.028589249996002764,0.058450999999999975,0.005719666951335967,0.012607999999999953
0.0003560830373317003,0.0003469999999999862,0.0012875000247731805,0.0012950000000000461,0.0005300000193528831,0.0007870000000000377,6.883300375193357e-05,8.299999999999974e-05,0.026507249975111336,0.03187699999999999,0.006072332966141403,0.013338000000000017
0.0003755419747903943,0.0003630000000000022,0.0013274580123834312,0.0013159999999999838,0.0004904589732177556,0.0005469999999999642,5.7375000324100256e-05,7.999999999996898e-05,0.026067250000778586,0.03096199999999999,0.0061572910053655505,0.013517000000000001
0.00035183405270799994,0.00035600000000002296,0.001376916014123708,0.0013900000000000023,0.0005391250015236437,0.0006070000000000242,6.270798621699214e-05,7.80000000000225e-05,0.029110167000908405,0.061524999999999996,0.006037459010258317,0.013353999999999977
0.0003738749655894935,0.00035999999999997145,0.001329542021267116,0.0013180000000000414,0.0005644999910145998,0.0008170000000000122,7.924996316432953e-05,9.999999999998899e-05,0.026052917004562914,0.031005999999999978,0.006130833993665874,0.013965000000000005
Average,0.0003668252029456198,0.00035619999999999543,0.0013607664150185883,0.001328000000000018,0.0005153335980139673,0.000657400000000008,6.537479348480701e-05,8.420000000000094e-05,0.0272653667954728,0.04276419999999999,0.0060235167853534225,0.01335639999999999
