CreateTableRealTime,CreateTableCPUTime,LoadDataRealTime,LoadDataCPUTime,CreateIndexRealTime,CreateIndexCPUTime,AnalyzeRealTime,AnalyzeCPUTime,ExecuteQueryRealTime,ExecuteQueryCPUTime,WriteResultRealTime,WriteResultCPUTime
0.0003835409879684448,0.00035799999999996945,0.0012576670269481838,0.001340999999999981,0.00048749998677521944,0.0007510000000000017,6.900000153109431e-05,7.40000000000185e-05,0.023342541011516005,0.04591299999999998,0.005672042025253177,0.005448999999999982
0.0003673749743029475,0.0003610000000000002,0.0012724580010399222,0.0012510000000000021,0.000493708997964859,0.0005689999999999862,6.729201413691044e-05,8.20000000000265e-05,0.02141091600060463,0.04794200000000004,0.005435625032987446,0.005474000000000034
0.00038404198130592704,0.00036799999999997945,0.0012587090022861958,0.0012460000000000249,0.0005600410513579845,0.0009220000000000339,6.695801857858896e-05,8.199999999997098e-05,0.0238871659967117,0.04622700000000002,0.005526374967303127,0.005511999999999961
0.00036995799746364355,0.00036599999999997745,0.0012649580021388829,0.0012840000000000074,0.00044549995800480247,0.0004770000000000052,5.079200491309166e-05,7.099999999998774e-05,0.019615875033196062,0.024197000000000024,0.005508125002961606,0.005547999999999997
0.000334459007717669,0.00034000000000000696,0.0013310000067576766,0.0014109999999999956,0.0005211670068092644,0.0005789999999999962,6.24579843133688e-05,7.60000000000205e-05,0.02164533402537927,0.049365999999999965,0.0056212079944089055,0.005656999999999968
Average,0.0003678749897517264,0.0003585999999999867,0.0012769584078341722,0.0013066000000000022,0.0005015834001824259,0.0006596000000000046,6.330000469461084e-05,7.700000000000484e-05,0.021980366413481535,0.042729,0.005552675004582852,0.005527999999999989
