CreateTableRealTime,CreateTableCPUTime,LoadDataRealTime,LoadDataCPUTime,CreateIndexRealTime,CreateIndexCPUTime,AnalyzeRealTime,AnalyzeCPUTime,ExecuteQueryRealTime,ExecuteQueryCPUTime,WriteResultRealTime,WriteResultCPUTime
0.0003225830150768161,0.00032399999999999096,0.000575499958358705,0.0006510000000000127,0.0003055830020457506,0.00033999999999995145,4.4832995627075434e-05,5.899999999997574e-05,0.002143083023838699,0.0034049999999999914,0.0003268750151619315,0.00035599999999996745
0.0003714999766089022,0.0003409999999999802,0.0006134579889476299,0.0007300000000000084,0.00033341703237965703,0.0003830000000000222,6.308301817625761e-05,7.499999999999174e-05,0.0023539590183645487,0.00503899999999996,0.0005387910059653223,0.0008029999999999982
0.0003761670086532831,0.00033600000000000296,0.0005880000535398722,0.0005649999999999822,0.0003006660263054073,0.0003449999999999842,4.6874978579580784e-05,6.899999999998574e-05,0.0020045419805683196,0.0033079999999999776,0.0005221669562160969,0.0005499999999999949
0.0003498340374790132,0.0003190000000000137,0.0007610410102643073,0.0007429999999999937,0.0003535000141710043,0.0003670000000000062,6.670900620520115e-05,8.40000000000285e-05,0.002228416968137026,0.003452999999999984,0.0005135419778525829,0.0007929999999999882
0.00033537496346980333,0.0003410000000000357,0.0005189999938011169,0.0005310000000000037,0.00030212500132620335,0.0003529999999999922,6.041600136086345e-05,7.399999999996298e-05,0.002215249987784773,0.004567999999999961,0.0004894579760730267,0.0008440000000000114
Average,0.0003510918002575636,0.0003322000000000047,0.0006113998009823262,0.0006440000000000001,0.00031905821524560454,0.00035759999999999124,5.6383199989795685e-05,7.219999999998893e-05,0.002189050195738673,0.003954599999999975,0.00047816658625379207,0.000669199999999992
