LoadRulesRealTime,LoadRulesCPUTime,LoadFactsRealTime,LoadFactsCPUTime,QueryRealTime,QueryCPUTime,WriteRealTime,WriteCPUTime
0.00121092796325684,0.000557,0.000597953796386719,0.000272,4.05311584472656e-06,2.99999999999953e-06,0.00035095214843750043,5.9000000000000065e-05
0.00115013122558594,0.00055,0.000588893890380859,0.000269999999999999,4.05311584472656e-06,2.99999999999953e-06,0.00034594535827636746,6.0000000000001065e-05
0.00117111206054688,0.000556000000000001,0.000640869140625,0.000274999999999999,4.05311584472656e-06,3.00000000000127e-06,0.0003440380096435544,5.8999999999998324e-05
0.00116705894470215,0.00055,0.000585079193115234,0.000269999999999999,5.00679016113281e-06,4.00000000000053e-06,0.0003859996795654292,5.899999999999826e-05
0.00116991996765137,0.000555999999999999,0.000605106353759766,0.000270000000000001,5.00679016113281e-06,3.9999999999988e-06,0.0003728866577148442,6.000000000000099e-05
Average,0.0011738300323486362,0.0005537999999999999,0.0006035804748535156,0.00027139999999999955,4.4345855712890595e-06,3.3999999999999323e-06,0.00035996437072753916,5.939999999999974e-05
