LoadRulesRealTime,LoadRulesCPUTime,LoadFactsRealTime,LoadFactsCPUTime,QueryRealTime,QueryCPUTime,WriteRealTime,WriteCPUTime
0.00126004219055176,0.00056,0.000617027282714844,0.000267,3.814697265625e-06,2.99999999999953e-06,0.000395059585571289,5.999999999999926e-05
0.00118184089660645,0.000553,0.000586986541748047,0.000268000000000001,4.05311584472656e-06,2.99999999999953e-06,0.00034093856811523443,5.900000000000177e-05
0.00118589401245117,0.000554000000000001,0.000609159469604492,0.000268999999999998,5.00679016113281e-06,4.00000000000053e-06,0.0003528594970703122,5.999999999999926e-05
0.0011749267578125,0.000551000000000001,0.000592947006225586,0.000274,5.00679016113281e-06,3.9999999999988e-06,0.0003690719604492192,6.100000000000199e-05
0.00115394592285156,0.000543999999999999,0.000592947006225586,0.000271,5.00679016113281e-06,4.00000000000053e-06,0.0003619194030761722,5.899999999999826e-05
Average,0.001191329956054688,0.0005524000000000002,0.000599813461303711,0.0002697999999999998,4.577636718749997e-06,3.599999999999784e-06,0.0003639698028564454,5.980000000000011e-05
