LoadRulesRealTime,LoadRulesCPUTime,LoadFactsRealTime,LoadFactsCPUTime,QueryRealTime,QueryCPUTime,WriteRealTime,WriteCPUTime
0.00119805335998535,0.000561000000000001,0.00106287002563477,0.000710000000000001,5.00679016113281e-06,3.9999999999988e-06,0.00034689903259277317,5.800000000000079e-05
0.00118589401245117,0.000566000000000001,0.00107002258300781,0.000716999999999999,5.00679016113281e-06,3.00000000000127e-06,0.00037598609924316417,6.299999999999883e-05
0.00114798545837402,0.000544000000000001,0.00109696388244629,0.000734,5.00679016113281e-06,2.99999999999953e-06,0.0003480911254882812,5.9000000000000065e-05
0.00120806694030762,0.000558999999999999,0.00105381011962891,0.000708,5.00679016113281e-06,4.00000000000053e-06,0.0003640651702880862,6.099999999999857e-05
0.00119805335998535,0.000573000000000001,0.00106501579284668,0.000711999999999999,5.00679016113281e-06,4.00000000000053e-06,0.00037598609924316417,6.399999999999988e-05
Average,0.001187610626220702,0.0005606000000000006,0.0010697364807128918,0.0007161999999999997,5.00679016113281e-06,3.6000000000001324e-06,0.00036220550537109376,6.0999999999999626e-05
