LoadRulesRealTime,LoadRulesCPUTime,LoadFactsRealTime,LoadFactsCPUTime,QueryRealTime,QueryCPUTime,WriteRealTime,WriteCPUTime
0.00119209289550781,0.00055,0.0010678768157959,0.000709999999999999,5.00679016113281e-06,3.00000000000127e-06,0.0003519058227539062,5.9999999999999324e-05
0.00118207931518555,0.000562,0.00112390518188477,0.000718999999999999,5.00679016113281e-06,2.99999999999953e-06,0.0003550052642822262,5.999999999999926e-05
0.0011589527130127,0.000553000000000001,0.00108909606933594,0.00073,4.05311584472656e-06,2.99999999999953e-06,0.0003440380096435544,6.100000000000026e-05
0.00116586685180664,0.000544999999999999,0.00110912322998047,0.000712000000000001,3.814697265625e-06,4.00000000000053e-06,0.000385046005249023,6.100000000000026e-05
0.0011899471282959,0.000556000000000001,0.00107192993164062,0.000709,5.00679016113281e-06,4.00000000000053e-06,0.00036597251892089817,5.999999999999926e-05
Average,0.00117778778076172,0.0005532000000000002,0.0010923862457275402,0.0007159999999999997,4.577636718749998e-06,3.4000000000002783e-06,0.00036039352416992164,6.0399999999999666e-05
