LoadRulesRealTime,LoadRulesCPUTime,LoadFactsRealTime,LoadFactsCPUTime,QueryRealTime,QueryCPUTime,WriteRealTime,WriteCPUTime
0.0012519359588623,0.000588999999999999,0.000893115997314453,0.000529,6.91413879394531e-06,4.9999999999998e-06,0.00038719177246093766,5.9e-05
0.00119400024414062,0.000566000000000001,0.000854969024658203,0.0005,5.00679016113281e-06,3.9999999999988e-06,0.0003881454467773442,6.20000000000013e-05
0.00120878219604492,0.000559,0.000840187072753906,0.000491999999999999,5.00679016113281e-06,4.00000000000053e-06,0.0003409385681152342,5.7999999999999065e-05
0.0011742115020752,0.000550999999999999,0.000850915908813477,0.000492000000000001,4.05311584472656e-06,2.99999999999953e-06,0.00036597251892089844,6.200000000000126e-05
0.0011589527130127,0.000550999999999999,0.00084996223449707,0.000492000000000001,5.00679016113281e-06,3.9999999999988e-06,0.0003449916839599612,5.900000000000179e-05
Average,0.001197576522827148,0.0005631999999999996,0.0008578300476074219,0.0005010000000000003,5.19752502441406e-06,3.9999999999994924e-06,0.00036544799804687515,6.0000000000000686e-05
