LoadRulesRealTime,LoadRulesCPUTime,LoadFactsRealTime,LoadFactsCPUTime,QueryRealTime,QueryCPUTime,WriteRealTime,WriteCPUTime
0.00118017196655273,0.000552,0.00125503540039062,0.000861000000000001,5.00679016113281e-06,3.9999999999988e-06,0.0003650188446044922,6.300000000000061e-05
0.00116109848022461,0.000553,0.00123095512390137,0.000854000000000001,5.00679016113281e-06,2.99999999999953e-06,0.0003459453582763672,5.999999999999926e-05
0.00114297866821289,0.000545,0.00124096870422363,0.000857999999999999,5.00679016113281e-06,4.00000000000053e-06,0.0003440380096435552,6.0000000000001065e-05
0.00119495391845703,0.000554000000000001,0.00126910209655762,0.000894000000000001,5.00679016113281e-06,3.9999999999988e-06,0.0003650188446044922,5.899999999999999e-05
0.00116586685180664,0.000547000000000001,0.00122714042663574,0.000864,3.814697265625e-06,2.99999999999953e-06,0.000638246536254883,6.899999999999956e-05
Average,0.0011690139770507801,0.0005502000000000005,0.001244640350341796,0.0008662000000000005,4.768371582031248e-06,3.5999999999994383e-06,0.000411653518676758,6.22000000000001e-05
