LoadRulesRealTime,LoadRulesCPUTime,LoadFactsRealTime,LoadFactsCPUTime,QueryRealTime,QueryCPUTime,WriteRealTime,WriteCPUTime
0.00118803977966309,0.000553000000000001,0.00147294998168945,0.000876,5.00679016113281e-06,2.99999999999953e-06,0.0003390312194824222,6.0000000000001065e-05
0.00115489959716797,0.000550999999999999,0.00123500823974609,0.000857999999999999,4.05311584472656e-06,3.00000000000127e-06,0.00036287307739257845,6.399999999999814e-05
0.00118207931518555,0.000560999999999999,0.00123095512390137,0.000861000000000001,4.05311584472656e-06,2.99999999999953e-06,0.0003938674926757814,6.400000000000157e-05
0.00119686126708984,0.000562999999999999,0.00124907493591309,0.000872,4.05311584472656e-06,4.00000000000053e-06,0.0003669261932373044,5.9000000000000065e-05
0.00115013122558594,0.000544000000000001,0.00125503540039062,0.00086,3.814697265625e-06,2.99999999999953e-06,0.000365257263183594,5.9000000000000065e-05
Average,0.001174402236938478,0.0005543999999999998,0.001288604736328124,0.0008654,4.196166992187498e-06,3.2000000000000786e-06,0.0003655910491943361,6.120000000000019e-05
