LoadRulesRealTime,LoadRulesCPUTime,LoadFactsRealTime,LoadFactsCPUTime,QueryRealTime,QueryCPUTime,WriteRealTime,WriteCPUTime
0.0015110969543457,0.000627000000000001,0.000458002090454102,0.000177,4.05311584472656e-06,2.99999999999953e-06,0.0005090236663818354,6.600000000000007e-05
0.00117993354797363,0.000547000000000001,0.000516891479492188,0.000193,5.00679016113281e-06,4.00000000000053e-06,0.00035095214843750016,5.999999999999926e-05
0.00117087364196777,0.000555,0.000542163848876953,0.000194,5.00679016113281e-06,2.99999999999953e-06,0.0003561973571777342,6.100000000000026e-05
0.0012049674987793,0.000572999999999999,0.000551939010620117,0.000209000000000001,5.96046447753906e-06,4.9999999999998e-06,0.00034093856811523394,5.80000000000008e-05
0.00117397308349609,0.000548999999999999,0.000525951385498047,0.000196,4.05311584472656e-06,4.00000000000053e-06,0.00034904479980468745,5.899999999999826e-05
Average,0.001248168945312498,0.0005702000000000001,0.0005189895629882814,0.0001938000000000002,4.81605529785156e-06,3.799999999999984e-06,0.0003812313079833982,6.079999999999972e-05
