DatalogToCPPRealTime,DatalogToCPPCPUTime,CompileRealTime,CompileCPUTime,InstanceLoadingRealTime,InstanceLoadingCPUTime,LoadingFactRealTime,LoadingFactCPUTime,QueryRealTime,QueryCPUTime,WritingResultRealTime,WritingResultCPUTime
0.0,0.010000000000000002,1.4499998092651367,1.47,0.00020775,0.000207,0.229379,0.229083,5.86603,5.85571,0.038992,0.038957
0.0,0.0,1.4500000476837158,1.47,0.000167542,0.000166,0.227216,0.22693,5.89098,5.88099,0.038767,0.03871
0.009999990463256836,0.0,1.4399998188018799,1.47,0.000192083,0.00019,0.227927,0.227678,5.89421,5.88403,0.0382467,0.038191
0.009999990463256836,0.010000000000000002,1.4500000476837158,1.47,0.000178791,0.000177,0.22847,0.228193,5.88294,5.87183,0.0385425,0.038275
0.009999990463256836,0.010000000000000002,1.4399998188018799,1.47,0.000194375,0.000188,0.228583,0.228347,5.82051,5.81068,0.0389307,0.038632
Average,0.005999994277954101,0.006000000000000001,1.4459999084472657,1.47,0.0001881082,0.00018559999999999998,0.228315,0.2280462,5.870934,5.860647999999999,0.03869578,0.038553000000000004
