DatalogToCPPRealTime,DatalogToCPPCPUTime,CompileRealTime,CompileCPUTime,InstanceLoadingRealTime,InstanceLoadingCPUTime,LoadingFactRealTime,LoadingFactCPUTime,QueryRealTime,QueryCPUTime,WritingResultRealTime,WritingResultCPUTime
0.0,0.010000000000000002,1.429999828338623,1.46,0.000163291,0.000162,0.0740712,0.07352,0.748965,0.747747,0.0105713,0.010561
0.009999990463256836,0.0,1.440000057220459,1.46,0.000175833,0.000173,0.075641,0.075534,0.74408,0.742839,0.00976317,0.009747
0.009999990463256836,0.0,1.440000057220459,1.46,0.000160334,0.000159,0.0736261,0.073545,0.748182,0.746927,0.009963,0.009903
0.009999990463256836,0.0,1.440000057220459,1.46,0.00014125,0.000141,0.0741183,0.074046,0.748667,0.747469,0.00984817,0.009835
0.010000228881835938,0.010000000000000002,1.4399998188018799,1.47,0.000154625,0.000153,0.0747639,0.074697,0.752463,0.751402,0.009754,0.009742
Average,0.008000040054321289,0.004000000000000001,1.437999963760376,1.462,0.00015906659999999999,0.00015759999999999998,0.0744441,0.07426840000000001,0.7484713999999999,0.7472768000000001,0.009979927999999999,0.0099576
