DatalogToCPPRealTime,DatalogToCPPCPUTime,CompileRealTime,CompileCPUTime,InstanceLoadingRealTime,InstanceLoadingCPUTime,LoadingFactRealTime,LoadingFactCPUTime,QueryRealTime,QueryCPUTime,WritingResultRealTime,WritingResultCPUTime
0.009999990463256836,0.010000000000000002,1.440000057220459,1.46,0.000182,0.000179,0.0735882,0.073556,1.50003,1.49789,0.0103424,0.010313
0.009999990463256836,0.010000000000000002,1.4500000476837158,1.47,0.000192291,0.000189,0.0746966,0.074647,1.49589,1.49329,0.0244608,0.010347
0.009999990463256836,0.010000000000000002,1.4500000476837158,1.47,0.00018175,0.00018,0.0741338,0.074061,1.49264,1.4901,0.0112728,0.010012
0.009999990463256836,0.0,1.440000057220459,1.48,0.000187,0.000165,0.074324,0.074281,1.4926,1.49002,0.010023,0.009955
0.009999990463256836,0.0,1.4399998188018799,1.48,0.000180375,0.000179,0.0749496,0.074904,1.49613,1.49364,0.0100685,0.009915
Average,0.009999990463256836,0.006000000000000001,1.444000005722046,1.472,0.00018468319999999998,0.0001784,0.07433843999999999,0.0742898,1.4954579999999997,1.492988,0.013233499999999999,0.0101084
