DatalogToCPPRealTime,DatalogToCPPCPUTime,CompileRealTime,CompileCPUTime,InstanceLoadingRealTime,InstanceLoadingCPUTime,LoadingFactRealTime,LoadingFactCPUTime,QueryRealTime,QueryCPUTime,WritingResultRealTime,WritingResultCPUTime
0.009999990463256836,0.010000000000000002,1.4500000476837158,1.47,0.000163917,0.000162,0.015031,0.015005,0.0437134,0.043689,0.00147179,0.001471
0.009999990463256836,0.0,1.4500000476837158,1.48,0.00016175,0.00016,0.0151586,0.015121,0.0439865,0.043977,0.00145633,0.001455
0.010000228881835938,0.010000000000000002,1.4499998092651367,1.47,0.000174208,0.000172,0.0106065,0.010603,0.0391119,0.039105,0.00135533,0.001355
0.009999990463256836,0.0,1.4499998092651367,1.48,0.000173958,0.000166,0.0151158,0.015076,0.0435872,0.043569,0.00143092,0.00143
0.009999990463256836,0.010000000000000002,1.440000057220459,1.46,0.000156875,0.000155,0.0154032,0.01536,0.0439977,0.043987,0.00144742,0.001446
Average,0.010000038146972656,0.006000000000000001,1.4479999542236328,1.472,0.0001661416,0.000163,0.014263019999999998,0.014233,0.04287934,0.0428654,0.001432358,0.0014314
