DatalogToCPPRealTime,DatalogToCPPCPUTime,CompileRealTime,CompileCPUTime,InstanceLoadingRealTime,InstanceLoadingCPUTime,LoadingFactRealTime,LoadingFactCPUTime,QueryRealTime,QueryCPUTime,WritingResultRealTime,WritingResultCPUTime
0.009999990463256836,0.0,1.4500000476837158,1.47,0.000187667,0.000182,0.0149604,0.014925,0.0733935,0.073378,0.00130608,0.001305
0.009999990463256836,0.010000000000000002,1.440000057220459,1.47,0.000176833,0.000175,0.0147227,0.014637,0.0719374,0.071925,0.00127204,0.001271
0.009999990463256836,0.0,1.4500000476837158,1.47,0.000180292,0.00018,0.0149716,0.014949,0.0726663,0.072639,0.00129787,0.001297
0.009999990463256836,0.0,1.4399998188018799,1.48,0.00017925,0.000178,0.0148311,0.014805,0.0727606,0.072745,0.00126604,0.001264
0.009999990463256836,0.010000000000000002,1.4500000476837158,1.48,0.000199625,0.000198,0.014319,0.014282,0.0727408,0.072728,0.00126808,0.001269
Average,0.009999990463256836,0.004000000000000001,1.4460000038146972,1.4740000000000002,0.0001847334,0.0001826,0.01476096,0.0147196,0.07269972,0.07268300000000001,0.001282022,0.0012812000000000001
