LoadRulesRealTime,LoadRulesCPUTime,LoadFactsRealTime,LoadFactsCPUTime,GroundRealTime,GroundCPUTime,QueryRealTime,QueryCPUTime,WriteRealTime,WriteCPUTime
0.0,0.0,0.0,0.0,0.08999991416931152,0.09000000000000002,0.010000228881835938,0.0,0.20999956130981445,0.22
0.0,0.0,0.0,0.0,0.08999991416931152,0.08000000000000002,0.009999990463256836,0.010000000000000009,0.19000005722045898,0.19
0.0,0.0,0.0,0.0,0.09000015258789062,0.08000000000000002,0.009999990463256836,0.02000000000000001,0.19000005722045898,0.18
0.0,0.0,0.0,0.0,0.08999991416931152,0.08000000000000002,0.009999990463256836,0.02000000000000001,0.18000006675720215,0.16999999999999998
0.0,0.0,0.0,0.0,0.09000015258789062,0.08000000000000002,0.009999990463256836,0.010000000000000009,0.18000006675720215,0.19
Average,0.0,0.0,0.0,0.0,0.09000000953674317,0.08200000000000002,0.010000038146972656,0.012000000000000007,0.18999996185302734,0.19
