LoadRulesRealTime,LoadRulesCPUTime,LoadFactsRealTime,LoadFactsCPUTime,GroundRealTime,GroundCPUTime,QueryRealTime,QueryCPUTime,WriteRealTime,WriteCPUTime
0.0,0.0,0.0,0.0,0.37999987602233887,0.38,0.039999961853027344,0.030000000000000034,0.75,0.7699999999999999
0.0,0.0,0.009999990463256836,0.0,0.38000011444091797,0.37,0.039999961853027344,0.05000000000000004,0.7300000190734863,0.7199999999999999
0.0,0.0,0.009999990463256836,0.0,0.36999988555908203,0.38,0.039999961853027344,0.030000000000000034,0.7200000286102295,0.7299999999999999
0.0,0.0,0.009999990463256836,0.0,0.36999988555908203,0.37,0.040000200271606445,0.04000000000000004,0.7299997806549072,0.7199999999999999
0.0,0.0,0.0,0.0,0.38000011444091797,0.38,0.039999961853027344,0.030000000000000034,0.7200000286102295,0.7299999999999999
Average,0.0,0.0,0.005999994277954101,0.0,0.37599997520446776,0.376,0.04000000953674317,0.03600000000000003,0.7299999713897705,0.7339999999999999
