LoadRulesRealTime,LoadRulesCPUTime,LoadFactsRealTime,LoadFactsCPUTime,GroundRealTime,GroundCPUTime,QueryRealTime,QueryCPUTime,WriteRealTime,WriteCPUTime
0.0,0.0,0.0,0.0,0.15000009536743164,0.14,0.009999990463256836,0.020000000000000018,0.2999999523162842,0.2799999999999999
0.0,0.0,0.0,0.0,0.1399998664855957,0.15000000000000002,0.019999980926513672,0.010000000000000009,0.2800002098083496,0.2899999999999999
0.0,0.0,0.0,0.0,0.1400001049041748,0.14,0.009999990463256836,0.02000000000000001,0.309999942779541,0.2899999999999999
0.0,0.0,0.0,0.0,0.1400001049041748,0.15000000000000002,0.009999990463256836,0.010000000000000009,0.2999999523162842,0.2899999999999999
0.0,0.0,0.009999990463256836,0.0,0.1399998664855957,0.14,0.009999990463256836,0.020000000000000018,0.2999999523162842,0.2899999999999999
Average,0.0,0.0,0.0019999980926513673,0.0,0.14200000762939452,0.14400000000000002,0.011999988555908203,0.016000000000000014,0.29800000190734866,0.2879999999999999
