LoadRulesRealTime,LoadRulesCPUTime,LoadFactsRealTime,LoadFactsCPUTime,GroundRealTime,GroundCPUTime,QueryRealTime,QueryCPUTime,WriteRealTime,WriteCPUTime
0.0,0.0,0.0,0.0,94.99000000953674,94.84,0.04999995231628418,0.04999999999999716,0.9000000953674316,0.9000000000000149
0.0,0.0,0.0,0.0,94.6800000667572,94.53,0.04999995231628418,0.05999999999999715,0.9900002479553223,0.980000000000004
0.0,0.0,0.0,0.0,94.46000003814697,94.29,0.04999995231628418,0.04999999999999716,0.9100000858306885,0.9000000000000007
0.0,0.0,0.0,0.0,95.87999987602234,95.71000000000001,0.040000200271606445,0.04999999999999716,0.9399998188018799,0.9199999999999967
0.0,0.0,0.0,0.0,96.2900002002716,96.13,0.04999995231628418,0.04000000000000625,0.9300000667572021,0.9399999999999927
Average,0.0,0.0,0.0,0.0,95.26000003814697,95.1,0.048000001907348634,0.049999999999998976,0.9340000629425049,0.9280000000000019
