LoadRulesRealTime,LoadRulesCPUTime,LoadFactsRealTime,LoadFactsCPUTime,GroundRealTime,GroundCPUTime,QueryRealTime,QueryCPUTime,WriteRealTime,WriteCPUTime
0.0,0.0,0.0,0.0,0.05000019073486328,0.04999999999999999,0.009999990463256836,0.0,0.09999990463256836,0.12000000000000005
0.0,0.0,0.009999990463256836,0.0,0.040000200271606445,0.04999999999999999,0.009999990463256836,0.0,0.09999990463256836,0.12000000000000005
0.0,0.0,0.0,0.0,0.05000019073486328,0.04999999999999999,0.0,0.0,0.1099998950958252,0.12000000000000005
0.0,0.0,0.0,0.0,0.05000019073486328,0.04999999999999999,0.009999990463256836,0.0,0.09999990463256836,0.11000000000000004
0.0,0.0,0.0,0.0,0.05000019073486328,0.04999999999999999,0.0,0.0,0.1099998950958252,0.12000000000000005
Average,0.0,0.0,0.0019999980926513673,0.0,0.04800019264221191,0.04999999999999999,0.005999994277954101,0.0,0.1039999008178711,0.11800000000000006
