LoadRulesRealTime,LoadRulesCPUTime,LoadFactsRealTime,LoadFactsCPUTime,GroundRealTime,GroundCPUTime,QueryRealTime,QueryCPUTime,WriteRealTime,WriteCPUTime
0.0,0.0,0.0,0.0,2.5400002002716064,2.5300000000000002,0.009999990463256836,0.009999999999999787,0.09999990463256836,0.11000000000000054
0.0,0.0,0.0,0.0,2.6600000858306885,2.6600000000000006,0.0,0.009999999999999787,0.1100001335144043,0.0900000000000003
0.0,0.0,0.0,0.0,2.6600000858306885,2.6700000000000004,0.009999990463256836,0.0,0.09999990463256836,0.10999999999999988
0.0,0.0,0.0,0.0,2.509999990463257,2.5,0.0,0.0,0.1100001335144043,0.11999999999999988
0.0,0.0,0.0,0.0,2.549999952316284,2.5300000000000002,0.0,0.009999999999999787,0.1100001335144043,0.11000000000000054
Average,0.0,0.0,0.0,0.0,2.584000062942505,2.5780000000000003,0.0039999961853027345,0.005999999999999872,0.10600004196166993,0.10800000000000023
