LoadRulesRealTime,LoadRulesCPUTime,LoadFactsRealTime,LoadFactsCPUTime,GroundRealTime,GroundCPUTime,QueryRealTime,QueryCPUTime,WriteRealTime,WriteCPUTime
0.0,0.0,0.0,0.0,11.410000085830688,11.4,0.019999980926513672,0.009999999999999787,0.2799999713897705,0.28999999999999937
0.0,0.0,0.0,0.0,11.710000038146973,11.69,0.009999990463256836,0.019999999999999574,0.28999996185302734,0.28000000000000136
0.0,0.0,0.0,0.0,11.549999952316284,11.53,0.019999980926513672,0.019999999999999574,0.2799999713897705,0.27000000000000135
0.0,0.0,0.0,0.0,11.43999981880188,11.43,0.010000228881835938,0.019999999999999574,0.2999997138977051,0.28000000000000114
0.0,0.0,0.0,0.0,11.259999990463257,11.24,0.009999990463256836,0.009999999999999787,0.3000001907348633,0.29999999999999916
Average,0.0,0.0,0.0,0.0,11.473999977111816,11.458,0.014000034332275391,0.01599999999999966,0.28999996185302734,0.2840000000000005
