ElapsedTime,CPUTime
0.10000014305114746,0.04000000000000001
0.10000014305114746,0.04000000000000001
0.10000014305114746,0.04000000000000001
0.10000014305114746,0.04000000000000001
0.08999991416931152,0.04000000000000001
0.09999990463256836,0.04000000000000001
0.09999990463256836,0.04000000000000001
0.09999990463256836,0.04000000000000001
0.09999990463256836,0.03
0.09999990463256836,0.04000000000000001
Average,0.09900000095367431,0.039000000000000014
