ElapsedTime,CPUTime
0.1099998950958252,0.07
0.1099998950958252,0.06000000000000001
0.1099998950958252,0.06000000000000001
0.1099998950958252,0.06000000000000001
0.1099998950958252,0.05
0.1099998950958252,0.06000000000000001
0.1099998950958252,0.06000000000000001
0.11999988555908203,0.06000000000000001
0.1099998950958252,0.06000000000000001
0.11999988555908203,0.060000000000000005
Average,0.11199989318847656,0.06000000000000001
