ElapsedTime,CPUTime
0.1099998950958252,0.05
0.1100001335144043,0.04000000000000001
0.09999990463256836,0.05
0.1099998950958252,0.05
0.09999990463256836,0.05
0.1099998950958252,0.05
0.1099998950958252,0.05
0.09999990463256836,0.05
0.1099998950958252,0.05
0.1099998950958252,0.05
Average,0.10699992179870606,0.048999999999999995
