LoadRulesRealTime,LoadRulesCPUTime,LoadFactsRealTime,LoadFactsCPUTime,QueryRealTime,QueryCPUTime,WriteRealTime,WriteCPUTime
0.00117611885070801,0.000546000000000001,0.626142978668213,0.59849,8.85126185417175,8.795416,-0.1139147281646693,-0.09843699999999878
0.00117707252502441,0.000555,0.618210077285767,0.590318,8.76694178581238,8.72816,-0.02759790420532049,-0.04516200000000126
0.00119781494140625,0.000562999999999999,0.619974136352539,0.592155,8.70539093017578,8.670819,0.017248153686519885,0.02069299999999963
0.00123310089111328,0.000548,0.618233919143677,0.590612,8.70631694793701,8.671688,0.07722711563111062,0.07141299999999973
0.00117397308349609,0.000546,0.622184991836548,0.594579,8.72555208206177,8.687309,-0.03373193740844904,-0.03049500000000016
Average,0.001191616058349608,0.0005516,0.6209492206573488,0.5932308,8.751092720031739,8.7106784,-0.016153860092161666,-0.01639760000000017
