LoadRulesRealTime,LoadRulesCPUTime,LoadFactsRealTime,LoadFactsCPUTime,QueryRealTime,QueryCPUTime,WriteRealTime,WriteCPUTime
0.00123810768127441,0.000593,0.442946910858154,0.420833,5.49341511726379,5.478583,0.02762699127197976,0.020516999999999896
0.00119900703430176,0.000549999999999998,0.432238817214966,0.411123,5.50559306144714,5.486094,-0.0210671424865696,-0.023074999999999513
0.00116109848022461,0.00055,0.434834003448486,0.414064,5.54948496818542,5.529777,-0.05624008178710049,-0.05632899999999985
0.00123310089111328,0.000583,0.433533906936646,0.412852,5.48540496826172,5.463837,0.019340038299560547,0.0049280000000004875
0.00118803977966309,0.000553999999999999,0.432599067687988,0.411389,5.47755002975464,5.463154,0.002804994583130771,-0.005425999999999931
Average,0.0012038707733154303,0.0005659999999999993,0.435230541229248,0.4140522000000001,5.502289628982542,5.484289,-0.005507040023799803,-0.011876999999999782
