LoadRulesRealTime,LoadRulesCPUTime,LoadFactsRealTime,LoadFactsCPUTime,QueryRealTime,QueryCPUTime,WriteRealTime,WriteCPUTime
0.00117278099060059,0.000552,0.282626152038574,0.268023,3.26670289039612,3.250563,0.019473075866700107,0.017800999999999956
0.00113701820373535,0.000536,0.281283140182495,0.267006,3.24883580207825,3.229966,0.03324723243712979,0.040064999999999795
0.00118017196655273,0.000549000000000001,0.283037900924683,0.269155,3.25456309318542,3.237915,0.006274938583380241,0.0047760000000001135
0.00119304656982422,0.000548999999999999,0.286475896835327,0.271984,3.25568008422852,3.240298,0.0190017223358101,0.018517999999999812
0.00118589401245117,0.000556999999999998,0.283340930938721,0.269071,3.30091214179993,3.270558,-0.011510133743289686,0.002064000000000288
Average,0.0011737823486328122,0.0005485999999999996,0.28335280418395997,0.2690478,3.2653388023376477,3.2458600000000004,0.013297367095946111,0.016644799999999994
