LoadRulesRealTime,LoadRulesCPUTime,LoadFactsRealTime,LoadFactsCPUTime,QueryRealTime,QueryCPUTime,WriteRealTime,WriteCPUTime
0.00124692916870117,0.000574,0.00912809371948242,0.007942,0.0256619453430176,0.025426,0.0027029514312744,0.002114999999999999
0.00178694725036621,0.000688999999999999,0.00974917411804199,0.008738,0.0277149677276611,0.027557,0.0009648799896240998,0.00047299999999999773
0.00158095359802246,0.000661999999999999,0.0100181102752686,0.008815,0.0283539295196533,0.028141,-0.000669956207275401,-0.001188999999999999
0.00128293037414551,0.000614,0.00945520401000977,0.008521,0.0272519588470459,0.027072,0.0006020069122314002,7.000000000000062e-06
0.0012061595916748,0.000565,0.00947690010070801,0.008507,0.0282280445098877,0.028034,0.001665115356445302,0.001235
Average,0.00142078399658203,0.0006207999999999996,0.009565496444702158,0.008504600000000001,0.02744216918945312,0.027246,0.0010529994964599602,0.0005281999999999995
