LoadRulesRealTime,LoadRulesCPUTime,LoadFactsRealTime,LoadFactsCPUTime,QueryRealTime,QueryCPUTime,WriteRealTime,WriteCPUTime
0.00111603736877441,0.000527000000000001,0.168324947357178,0.159241,0.00478911399841309,0.004777,0.00044798851013182987,6.699999999998981e-05
0.00118017196655273,0.000555,0.168246030807495,0.15907,0.00472784042358398,0.00471600000000003,0.0008680820465087899,0.00033899999999996953
0.0010979175567627,0.000512,0.169838905334473,0.160654,0.00483012199401855,0.00481200000000001,0.0004649162292480495,0.00012499999999999057
0.0010991096496582,0.000523000000000001,0.167516946792603,0.158422,0.00474095344543457,0.00473399999999999,0.0009000301361083993,0.0001580000000000201
0.00114822387695312,0.000538,0.169163942337036,0.160028,0.00471806526184082,0.00470499999999999,0.0005867481231689496,0.0002220000000000208
Average,0.001128292083740232,0.0005310000000000003,0.16861815452575699,0.15948299999999999,0.004761219024658202,0.0047488000000000035,0.0006535530090332036,0.00018219999999999817
