Query: query1
192, 192
192, 128
192, 64
192, 129
192, 65
192, 1
192, 193
192, 130
192, 66
192, 2
192, 194
192, 131
192, 67
192, 3
192, 195
192, 132
192, 68
192, 4
192, 196
192, 133
192, 69
192, 5
192, 197
192, 134
192, 70
192, 6
192, 198
192, 135
192, 71
192, 7
192, 199
192, 136
192, 72
192, 8
192, 200
192, 137
192, 73
192, 9
192, 201
192, 138
192, 74
192, 10
192, 202
192, 139
192, 75
192, 11
192, 203
192, 140
192, 76
192, 12
192, 204
192, 141
192, 77
192, 13
192, 205
192, 142
192, 78
192, 14
192, 206
192, 143
192, 79
192, 15
192, 207
192, 144
192, 80
192, 16
192, 208
192, 145
192, 81
192, 17
192, 209
192, 146
192, 82
192, 18
192, 210
192, 147
192, 83
192, 19
192, 211
192, 148
192, 84
192, 20
192, 212
192, 149
192, 85
192, 21
192, 213
192, 150
192, 86
192, 22
192, 214
192, 151
192, 87
192, 23
192, 215
192, 152
192, 88
192, 24
192, 216
192, 153
192, 89
192, 25
192, 217
192, 154
192, 90
192, 26
192, 218
192, 155
192, 91
192, 27
192, 219
192, 156
192, 92
192, 28
192, 220
192, 157
192, 93
192, 29
192, 221
192, 158
192, 94
192, 30
192, 222
192, 159
192, 95
192, 31
192, 223
192, 160
192, 96
192, 32
192, 224
192, 161
192, 97
192, 33
192, 225
192, 162
192, 98
192, 34
192, 226
192, 163
192, 99
192, 35
192, 227
192, 164
192, 100
192, 36
192, 228
192, 165
192, 101
192, 37
192, 229
192, 166
192, 102
192, 38
192, 230
192, 167
192, 103
192, 39
192, 231
192, 168
192, 104
192, 40
192, 232
192, 169
192, 105
192, 41
192, 233
192, 170
192, 106
192, 42
192, 234
192, 171
192, 107
192, 43
192, 235
192, 172
192, 108
192, 44
192, 236
192, 173
192, 109
192, 45
192, 237
192, 174
192, 110
192, 46
192, 238
192, 175
192, 111
192, 47
192, 239
192, 176
192, 112
192, 48
192, 240
192, 177
192, 113
192, 49
192, 241
192, 178
192, 114
192, 50
192, 242
192, 179
192, 115
192, 51
192, 243
192, 180
192, 116
192, 52
192, 244
192, 181
192, 117
192, 53
192, 245
192, 182
192, 118
192, 54
192, 246
192, 183
192, 119
192, 55
192, 247
192, 184
192, 120
192, 56
192, 248
192, 185
192, 121
192, 57
192, 249
192, 186
192, 122
192, 58
192, 250
192, 187
192, 123
192, 59
192, 188
192, 124
192, 60
192, 189
192, 125
192, 61
192, 190
192, 126
192, 62
192, 191
192, 127
192, 63
128, 128
128, 64
128, 192
128, 65
128, 1
128, 193
128, 129
128, 66
128, 2
128, 194
128, 130
128, 67
128, 3
128, 195
128, 131
128, 68
128, 4
128, 196
128, 132
128, 69
128, 5
128, 197
128, 133
128, 70
128, 6
128, 198
128, 134
128, 71
128, 7
128, 199
128, 135
128, 72
128, 8
128, 200
128, 136
128, 73
128, 9
128, 201
128, 137
128, 74
128, 10
128, 202
128, 138
128, 75
128, 11
128, 203
128, 139
128, 76
128, 12
128, 204
128, 140
128, 77
128, 13
128, 205
128, 141
128, 78
128, 14
128, 206
128, 142
128, 79
128, 15
128, 207
128, 143
128, 80
128, 16
128, 208
128, 144
128, 81
128, 17
128, 209
128, 145
128, 82
128, 18
128, 210
128, 146
128, 83
128, 19
128, 211
128, 147
128, 84
128, 20
128, 212
128, 148
128, 85
128, 21
128, 213
128, 149
128, 86
128, 22
128, 214
128, 150
128, 87
128, 23
128, 215
128, 151
128, 88
128, 24
128, 216
128, 152
128, 89
128, 25
128, 217
128, 153
128, 90
128, 26
128, 218
128, 154
128, 91
128, 27
128, 219
128, 155
128, 92
128, 28
128, 220
128, 156
128, 93
128, 29
128, 221
128, 157
128, 94
128, 30
128, 222
128, 158
128, 95
128, 31
128, 223
128, 159
128, 96
128, 32
128, 224
128, 160
128, 97
128, 33
128, 225
128, 161
128, 98
128, 34
128, 226
128, 162
128, 99
128, 35
128, 227
128, 163
128, 100
128, 36
128, 228
128, 164
128, 101
128, 37
128, 229
128, 165
128, 102
128, 38
128, 230
128, 166
128, 103
128, 39
128, 231
128, 167
128, 104
128, 40
128, 232
128, 168
128, 105
128, 41
128, 233
128, 169
128, 106
128, 42
128, 234
128, 170
128, 107
128, 43
128, 235
128, 171
128, 108
128, 44
128, 236
128, 172
128, 109
128, 45
128, 237
128, 173
128, 110
128, 46
128, 238
128, 174
128, 111
128, 47
128, 239
128, 175
128, 112
128, 48
128, 240
128, 176
128, 113
128, 49
128, 241
128, 177
128, 114
128, 50
128, 242
128, 178
128, 115
128, 51
128, 243
128, 179
128, 116
128, 52
128, 244
128, 180
128, 117
128, 53
128, 245
128, 181
128, 118
128, 54
128, 246
128, 182
128, 119
128, 55
128, 247
128, 183
128, 120
128, 56
128, 248
128, 184
128, 121
128, 57
128, 249
128, 185
128, 122
128, 58
128, 250
128, 186
128, 123
128, 59
128, 187
128, 124
128, 60
128, 188
128, 125
128, 61
128, 189
128, 126
128, 62
128, 190
128, 127
128, 63
128, 191
64, 64
64, 192
64, 128
64, 1
64, 193
64, 129
64, 65
64, 2
64, 194
64, 130
64, 66
64, 3
64, 195
64, 131
64, 67
64, 4
64, 196
64, 132
64, 68
64, 5
64, 197
64, 133
64, 69
64, 6
64, 198
64, 134
64, 70
64, 7
64, 199
64, 135
64, 71
64, 8
64, 200
64, 136
64, 72
64, 9
64, 201
64, 137
64, 73
64, 10
64, 202
64, 138
64, 74
64, 11
64, 203
64, 139
64, 75
64, 12
64, 204
64, 140
64, 76
64, 13
64, 205
64, 141
64, 77
64, 14
64, 206
64, 142
64, 78
64, 15
64, 207
64, 143
64, 79
64, 16
64, 208
64, 144
64, 80
64, 17
64, 209
64, 145
64, 81
64, 18
64, 210
64, 146
64, 82
64, 19
64, 211
64, 147
64, 83
64, 20
64, 212
64, 148
64, 84
64, 21
64, 213
64, 149
64, 85
64, 22
64, 214
64, 150
64, 86
64, 23
64, 215
64, 151
64, 87
64, 24
64, 216
64, 152
64, 88
64, 25
64, 217
64, 153
64, 89
64, 26
64, 218
64, 154
64, 90
64, 27
64, 219
64, 155
64, 91
64, 28
64, 220
64, 156
64, 92
64, 29
64, 221
64, 157
64, 93
64, 30
64, 222
64, 158
64, 94
64, 31
64, 223
64, 159
64, 95
64, 32
64, 224
64, 160
64, 96
64, 33
64, 225
64, 161
64, 97
64, 34
64, 226
64, 162
64, 98
64, 35
64, 227
64, 163
64, 99
64, 36
64, 228
64, 164
64, 100
64, 37
64, 229
64, 165
64, 101
64, 38
64, 230
64, 166
64, 102
64, 39
64, 231
64, 167
64, 103
64, 40
64, 232
64, 168
64, 104
64, 41
64, 233
64, 169
64, 105
64, 42
64, 234
64, 170
64, 106
64, 43
64, 235
64, 171
64, 107
64, 44
64, 236
64, 172
64, 108
64, 45
64, 237
64, 173
64, 109
64, 46
64, 238
64, 174
64, 110
64, 47
64, 239
64, 175
64, 111
64, 48
64, 240
64, 176
64, 112
64, 49
64, 241
64, 177
64, 113
64, 50
64, 242
64, 178
64, 114
64, 51
64, 243
64, 179
64, 115
64, 52
64, 244
64, 180
64, 116
64, 53
64, 245
64, 181
64, 117
64, 54
64, 246
64, 182
64, 118
64, 55
64, 247
64, 183
64, 119
64, 56
64, 248
64, 184
64, 120
64, 57
64, 249
64, 185
64, 121
64, 58
64, 250
64, 186
64, 122
64, 59
64, 187
64, 123
64, 60
64, 188
64, 124
64, 61
64, 189
64, 125
64, 62
64, 190
64, 126
64, 63
64, 191
64, 127
193, 192
193, 128
193, 64
193, 193
193, 129
193, 65
193, 1
193, 130
193, 66
193, 2
193, 194
193, 131
193, 67
193, 3
193, 195
193, 132
193, 68
193, 4
193, 196
193, 133
193, 69
193, 5
193, 197
193, 134
193, 70
193, 6
193, 198
193, 135
193, 71
193, 7
193, 199
193, 136
193, 72
193, 8
193, 200
193, 137
193, 73
193, 9
193, 201
193, 138
193, 74
193, 10
193, 202
193, 139
193, 75
193, 11
193, 203
193, 140
193, 76
193, 12
193, 204
193, 141
193, 77
193, 13
193, 205
193, 142
193, 78
193, 14
193, 206
193, 143
193, 79
193, 15
193, 207
193, 144
193, 80
193, 16
193, 208
193, 145
193, 81
193, 17
193, 209
193, 146
193, 82
193, 18
193, 210
193, 147
193, 83
193, 19
193, 211
193, 148
193, 84
193, 20
193, 212
193, 149
193, 85
193, 21
193, 213
193, 150
193, 86
193, 22
193, 214
193, 151
193, 87
193, 23
193, 215
193, 152
193, 88
193, 24
193, 216
193, 153
193, 89
193, 25
193, 217
193, 154
193, 90
193, 26
193, 218
193, 155
193, 91
193, 27
193, 219
193, 156
193, 92
193, 28
193, 220
193, 157
193, 93
193, 29
193, 221
193, 158
193, 94
193, 30
193, 222
193, 159
193, 95
193, 31
193, 223
193, 160
193, 96
193, 32
193, 224
193, 161
193, 97
193, 33
193, 225
193, 162
193, 98
193, 34
193, 226
193, 163
193, 99
193, 35
193, 227
193, 164
193, 100
193, 36
193, 228
193, 165
193, 101
193, 37
193, 229
193, 166
193, 102
193, 38
193, 230
193, 167
193, 103
193, 39
193, 231
193, 168
193, 104
193, 40
193, 232
193, 169
193, 105
193, 41
193, 233
193, 170
193, 106
193, 42
193, 234
193, 171
193, 107
193, 43
193, 235
193, 172
193, 108
193, 44
193, 236
193, 173
193, 109
193, 45
193, 237
193, 174
193, 110
193, 46
193, 238
193, 175
193, 111
193, 47
193, 239
193, 176
193, 112
193, 48
193, 240
193, 177
193, 113
193, 49
193, 241
193, 178
193, 114
193, 50
193, 242
193, 179
193, 115
193, 51
193, 243
193, 180
193, 116
193, 52
193, 244
193, 181
193, 117
193, 53
193, 245
193, 182
193, 118
193, 54
193, 246
193, 183
193, 119
193, 55
193, 247
193, 184
193, 120
193, 56
193, 248
193, 185
193, 121
193, 57
193, 249
193, 186
193, 122
193, 58
193, 250
193, 187
193, 123
193, 59
193, 188
193, 124
193, 60
193, 189
193, 125
193, 61
193, 190
193, 126
193, 62
193, 191
193, 127
193, 63
129, 128
129, 64
129, 192
129, 129
129, 65
129, 1
129, 193
129, 66
129, 2
129, 194
129, 130
129, 67
129, 3
129, 195
129, 131
129, 68
129, 4
129, 196
129, 132
129, 69
129, 5
129, 197
129, 133
129, 70
129, 6
129, 198
129, 134
129, 71
129, 7
129, 199
129, 135
129, 72
129, 8
129, 200
129, 136
129, 73
129, 9
129, 201
129, 137
129, 74
129, 10
129, 202
129, 138
129, 75
129, 11
129, 203
129, 139
129, 76
129, 12
129, 204
129, 140
129, 77
129, 13
129, 205
129, 141
129, 78
129, 14
129, 206
129, 142
129, 79
129, 15
129, 207
129, 143
129, 80
129, 16
129, 208
129, 144
129, 81
129, 17
129, 209
129, 145
129, 82
129, 18
129, 210
129, 146
129, 83
129, 19
129, 211
129, 147
129, 84
129, 20
129, 212
129, 148
129, 85
129, 21
129, 213
129, 149
129, 86
129, 22
129, 214
129, 150
129, 87
129, 23
129, 215
129, 151
129, 88
129, 24
129, 216
129, 152
129, 89
129, 25
129, 217
129, 153
129, 90
129, 26
129, 218
129, 154
129, 91
129, 27
129, 219
129, 155
129, 92
129, 28
129, 220
129, 156
129, 93
129, 29
129, 221
129, 157
129, 94
129, 30
129, 222
129, 158
129, 95
129, 31
129, 223
129, 159
129, 96
129, 32
129, 224
129, 160
129, 97
129, 33
129, 225
129, 161
129, 98
129, 34
129, 226
129, 162
129, 99
129, 35
129, 227
129, 163
129, 100
129, 36
129, 228
129, 164
129, 101
129, 37
129, 229
129, 165
129, 102
129, 38
129, 230
129, 166
129, 103
129, 39
129, 231
129, 167
129, 104
129, 40
129, 232
129, 168
129, 105
129, 41
129, 233
129, 169
129, 106
129, 42
129, 234
129, 170
129, 107
129, 43
129, 235
129, 171
129, 108
129, 44
129, 236
129, 172
129, 109
129, 45
129, 237
129, 173
129, 110
129, 46
129, 238
129, 174
129, 111
129, 47
129, 239
129, 175
129, 112
129, 48
129, 240
129, 176
129, 113
129, 49
129, 241
129, 177
129, 114
129, 50
129, 242
129, 178
129, 115
129, 51
129, 243
129, 179
129, 116
129, 52
129, 244
129, 180
129, 117
129, 53
129, 245
129, 181
129, 118
129, 54
129, 246
129, 182
129, 119
129, 55
129, 247
129, 183
129, 120
129, 56
129, 248
129, 184
129, 121
129, 57
129, 249
129, 185
129, 122
129, 58
129, 250
129, 186
129, 123
129, 59
129, 187
129, 124
129, 60
129, 188
129, 125
129, 61
129, 189
129, 126
129, 62
129, 190
129, 127
129, 63
129, 191
65, 64
65, 192
65, 128
65, 65
65, 1
65, 193
65, 129
65, 2
65, 194
65, 130
65, 66
65, 3
65, 195
65, 131
65, 67
65, 4
65, 196
65, 132
65, 68
65, 5
65, 197
65, 133
65, 69
65, 6
65, 198
65, 134
65, 70
65, 7
65, 199
65, 135
65, 71
65, 8
65, 200
65, 136
65, 72
65, 9
65, 201
65, 137
65, 73
65, 10
65, 202
65, 138
65, 74
65, 11
65, 203
65, 139
65, 75
65, 12
65, 204
65, 140
65, 76
65, 13
65, 205
65, 141
65, 77
65, 14
65, 206
65, 142
65, 78
65, 15
65, 207
65, 143
65, 79
65, 16
65, 208
65, 144
65, 80
65, 17
65, 209
65, 145
65, 81
65, 18
65, 210
65, 146
65, 82
65, 19
65, 211
65, 147
65, 83
65, 20
65, 212
65, 148
65, 84
65, 21
65, 213
65, 149
65, 85
65, 22
65, 214
65, 150
65, 86
65, 23
65, 215
65, 151
65, 87
65, 24
65, 216
65, 152
65, 88
65, 25
65, 217
65, 153
65, 89
65, 26
65, 218
65, 154
65, 90
65, 27
65, 219
65, 155
65, 91
65, 28
65, 220
65, 156
65, 92
65, 29
65, 221
65, 157
65, 93
65, 30
65, 222
65, 158
65, 94
65, 31
65, 223
65, 159
65, 95
65, 32
65, 224
65, 160
65, 96
65, 33
65, 225
65, 161
65, 97
65, 34
65, 226
65, 162
65, 98
65, 35
65, 227
65, 163
65, 99
65, 36
65, 228
65, 164
65, 100
65, 37
65, 229
65, 165
65, 101
65, 38
65, 230
65, 166
65, 102
65, 39
65, 231
65, 167
65, 103
65, 40
65, 232
65, 168
65, 104
65, 41
65, 233
65, 169
65, 105
65, 42
65, 234
65, 170
65, 106
65, 43
65, 235
65, 171
65, 107
65, 44
65, 236
65, 172
65, 108
65, 45
65, 237
65, 173
65, 109
65, 46
65, 238
65, 174
65, 110
65, 47
65, 239
65, 175
65, 111
65, 48
65, 240
65, 176
65, 112
65, 49
65, 241
65, 177
65, 113
65, 50
65, 242
65, 178
65, 114
65, 51
65, 243
65, 179
65, 115
65, 52
65, 244
65, 180
65, 116
65, 53
65, 245
65, 181
65, 117
65, 54
65, 246
65, 182
65, 118
65, 55
65, 247
65, 183
65, 119
65, 56
65, 248
65, 184
65, 120
65, 57
65, 249
65, 185
65, 121
65, 58
65, 250
65, 186
65, 122
65, 59
65, 187
65, 123
65, 60
65, 188
65, 124
65, 61
65, 189
65, 125
65, 62
65, 190
65, 126
65, 63
65, 191
65, 127
1, 192
1, 128
1, 64
1, 1
1, 193
1, 129
1, 65
1, 194
1, 130
1, 66
1, 2
1, 195
1, 131
1, 67
1, 3
1, 196
1, 132
1, 68
1, 4
1, 197
1, 133
1, 69
1, 5
1, 198
1, 134
1, 70
1, 6
1, 199
1, 135
1, 71
1, 7
1, 200
1, 136
1, 72
1, 8
1, 201
1, 137
1, 73
1, 9
1, 202
1, 138
1, 74
1, 10
1, 203
1, 139
1, 75
1, 11
1, 204
1, 140
1, 76
1, 12
1, 205
1, 141
1, 77
1, 13
1, 206
1, 142
1, 78
1, 14
1, 207
1, 143
1, 79
1, 15
1, 208
1, 144
1, 80
1, 16
1, 209
1, 145
1, 81
1, 17
1, 210
1, 146
1, 82
1, 18
1, 211
1, 147
1, 83
1, 19
1, 212
1, 148
1, 84
1, 20
1, 213
1, 149
1, 85
1, 21
1, 214
1, 150
1, 86
1, 22
1, 215
1, 151
1, 87
1, 23
1, 216
1, 152
1, 88
1, 24
1, 217
1, 153
1, 89
1, 25
1, 218
1, 154
1, 90
1, 26
1, 219
1, 155
1, 91
1, 27
1, 220
1, 156
1, 92
1, 28
1, 221
1, 157
1, 93
1, 29
1, 222
1, 158
1, 94
1, 30
1, 223
1, 159
1, 95
1, 31
1, 224
1, 160
1, 96
1, 32
1, 225
1, 161
1, 97
1, 33
1, 226
1, 162
1, 98
1, 34
1, 227
1, 163
1, 99
1, 35
1, 228
1, 164
1, 100
1, 36
1, 229
1, 165
1, 101
1, 37
1, 230
1, 166
1, 102
1, 38
1, 231
1, 167
1, 103
1, 39
1, 232
1, 168
1, 104
1, 40
1, 233
1, 169
1, 105
1, 41
1, 234
1, 170
1, 106
1, 42
1, 235
1, 171
1, 107
1, 43
1, 236
1, 172
1, 108
1, 44
1, 237
1, 173
1, 109
1, 45
1, 238
1, 174
1, 110
1, 46
1, 239
1, 175
1, 111
1, 47
1, 240
1, 176
1, 112
1, 48
1, 241
1, 177
1, 113
1, 49
1, 242
1, 178
1, 114
1, 50
1, 243
1, 179
1, 115
1, 51
1, 244
1, 180
1, 116
1, 52
1, 245
1, 181
1, 117
1, 53
1, 246
1, 182
1, 118
1, 54
1, 247
1, 183
1, 119
1, 55
1, 248
1, 184
1, 120
1, 56
1, 249
1, 185
1, 121
1, 57
1, 250
1, 186
1, 122
1, 58
1, 187
1, 123
1, 59
1, 188
1, 124
1, 60
1, 189
1, 125
1, 61
1, 190
1, 126
1, 62
1, 191
1, 127
1, 63
194, 192
194, 128
194, 64
194, 193
194, 129
194, 65
194, 1
194, 194
194, 130
194, 66
194, 2
194, 131
194, 67
194, 3
194, 195
194, 132
194, 68
194, 4
194, 196
194, 133
194, 69
194, 5
194, 197
194, 134
194, 70
194, 6
194, 198
194, 135
194, 71
194, 7
194, 199
194, 136
194, 72
194, 8
194, 200
194, 137
194, 73
194, 9
194, 201
194, 138
194, 74
194, 10
194, 202
194, 139
194, 75
194, 11
194, 203
194, 140
194, 76
194, 12
194, 204
194, 141
194, 77
194, 13
194, 205
194, 142
194, 78
194, 14
194, 206
194, 143
194, 79
194, 15
194, 207
194, 144
194, 80
194, 16
194, 208
194, 145
194, 81
194, 17
194, 209
194, 146
194, 82
194, 18
194, 210
194, 147
194, 83
194, 19
194, 211
194, 148
194, 84
194, 20
194, 212
194, 149
194, 85
194, 21
194, 213
194, 150
194, 86
194, 22
194, 214
194, 151
194, 87
194, 23
194, 215
194, 152
194, 88
194, 24
194, 216
194, 153
194, 89
194, 25
194, 217
194, 154
194, 90
194, 26
194, 218
194, 155
194, 91
194, 27
194, 219
194, 156
194, 92
194, 28
194, 220
194, 157
194, 93
194, 29
194, 221
194, 158
194, 94
194, 30
194, 222
194, 159
194, 95
194, 31
194, 223
194, 160
194, 96
194, 32
194, 224
194, 161
194, 97
194, 33
194, 225
194, 162
194, 98
194, 34
194, 226
194, 163
194, 99
194, 35
194, 227
194, 164
194, 100
194, 36
194, 228
194, 165
194, 101
194, 37
194, 229
194, 166
194, 102
194, 38
194, 230
194, 167
194, 103
194, 39
194, 231
194, 168
194, 104
194, 40
194, 232
194, 169
194, 105
194, 41
194, 233
194, 170
194, 106
194, 42
194, 234
194, 171
194, 107
194, 43
194, 235
194, 172
194, 108
194, 44
194, 236
194, 173
194, 109
194, 45
194, 237
194, 174
194, 110
194, 46
194, 238
194, 175
194, 111
194, 47
194, 239
194, 176
194, 112
194, 48
194, 240
194, 177
194, 113
194, 49
194, 241
194, 178
194, 114
194, 50
194, 242
194, 179
194, 115
194, 51
194, 243
194, 180
194, 116
194, 52
194, 244
194, 181
194, 117
194, 53
194, 245
194, 182
194, 118
194, 54
194, 246
194, 183
194, 119
194, 55
194, 247
194, 184
194, 120
194, 56
194, 248
194, 185
194, 121
194, 57
194, 249
194, 186
194, 122
194, 58
194, 250
194, 187
194, 123
194, 59
194, 188
194, 124
194, 60
194, 189
194, 125
194, 61
194, 190
194, 126
194, 62
194, 191
194, 127
194, 63
130, 128
130, 64
130, 192
130, 129
130, 65
130, 1
130, 193
130, 130
130, 66
130, 2
130, 194
130, 67
130, 3
130, 195
130, 131
130, 68
130, 4
130, 196
130, 132
130, 69
130, 5
130, 197
130, 133
130, 70
130, 6
130, 198
130, 134
130, 71
130, 7
130, 199
130, 135
130, 72
130, 8
130, 200
130, 136
130, 73
130, 9
130, 201
130, 137
130, 74
130, 10
130, 202
130, 138
130, 75
130, 11
130, 203
130, 139
130, 76
130, 12
130, 204
130, 140
130, 77
130, 13
130, 205
130, 141
130, 78
130, 14
130, 206
130, 142
130, 79
130, 15
130, 207
130, 143
130, 80
130, 16
130, 208
130, 144
130, 81
130, 17
130, 209
130, 145
130, 82
130, 18
130, 210
130, 146
130, 83
130, 19
130, 211
130, 147
130, 84
130, 20
130, 212
130, 148
130, 85
130, 21
130, 213
130, 149
130, 86
130, 22
130, 214
130, 150
130, 87
130, 23
130, 215
130, 151
130, 88
130, 24
130, 216
130, 152
130, 89
130, 25
130, 217
130, 153
130, 90
130, 26
130, 218
130, 154
130, 91
130, 27
130, 219
130, 155
130, 92
130, 28
130, 220
130, 156
130, 93
130, 29
130, 221
130, 157
130, 94
130, 30
130, 222
130, 158
130, 95
130, 31
130, 223
130, 159
130, 96
130, 32
130, 224
130, 160
130, 97
130, 33
130, 225
130, 161
130, 98
130, 34
130, 226
130, 162
130, 99
130, 35
130, 227
130, 163
130, 100
130, 36
130, 228
130, 164
130, 101
130, 37
130, 229
130, 165
130, 102
130, 38
130, 230
130, 166
130, 103
130, 39
130, 231
130, 167
130, 104
130, 40
130, 232
130, 168
130, 105
130, 41
130, 233
130, 169
130, 106
130, 42
130, 234
130, 170
130, 107
130, 43
130, 235
130, 171
130, 108
130, 44
130, 236
130, 172
130, 109
130, 45
130, 237
130, 173
130, 110
130, 46
130, 238
130, 174
130, 111
130, 47
130, 239
130, 175
130, 112
130, 48
130, 240
130, 176
130, 113
130, 49
130, 241
130, 177
130, 114
130, 50
130, 242
130, 178
130, 115
130, 51
130, 243
130, 179
130, 116
130, 52
130, 244
130, 180
130, 117
130, 53
130, 245
130, 181
130, 118
130, 54
130, 246
130, 182
130, 119
130, 55
130, 247
130, 183
130, 120
130, 56
130, 248
130, 184
130, 121
130, 57
130, 249
130, 185
130, 122
130, 58
130, 250
130, 186
130, 123
130, 59
130, 187
130, 124
130, 60
130, 188
130, 125
130, 61
130, 189
130, 126
130, 62
130, 190
130, 127
130, 63
130, 191
66, 64
66, 192
66, 128
66, 65
66, 1
66, 193
66, 129
66, 66
66, 2
66, 194
66, 130
66, 3
66, 195
66, 131
66, 67
66, 4
66, 196
66, 132
66, 68
66, 5
66, 197
66, 133
66, 69
66, 6
66, 198
66, 134
66, 70
66, 7
66, 199
66, 135
66, 71
66, 8
66, 200
66, 136
66, 72
66, 9
66, 201
66, 137
66, 73
66, 10
66, 202
66, 138
66, 74
66, 11
66, 203
66, 139
66, 75
66, 12
66, 204
66, 140
66, 76
66, 13
66, 205
66, 141
66, 77
66, 14
66, 206
66, 142
66, 78
66, 15
66, 207
66, 143
66, 79
66, 16
66, 208
66, 144
66, 80
66, 17
66, 209
66, 145
66, 81
66, 18
66, 210
66, 146
66, 82
66, 19
66, 211
66, 147
66, 83
66, 20
66, 212
66, 148
66, 84
66, 21
66, 213
66, 149
66, 85
66, 22
66, 214
66, 150
66, 86
66, 23
66, 215
66, 151
66, 87
66, 24
66, 216
66, 152
66, 88
66, 25
66, 217
66, 153
66, 89
66, 26
66, 218
66, 154
66, 90
66, 27
66, 219
66, 155
66, 91
66, 28
66, 220
66, 156
66, 92
66, 29
66, 221
66, 157
66, 93
66, 30
66, 222
66, 158
66, 94
66, 31
66, 223
66, 159
66, 95
66, 32
66, 224
66, 160
66, 96
66, 33
66, 225
66, 161
66, 97
66, 34
66, 226
66, 162
66, 98
66, 35
66, 227
66, 163
66, 99
66, 36
66, 228
66, 164
66, 100
66, 37
66, 229
66, 165
66, 101
66, 38
66, 230
66, 166
66, 102
66, 39
66, 231
66, 167
66, 103
66, 40
66, 232
66, 168
66, 104
66, 41
66, 233
66, 169
66, 105
66, 42
66, 234
66, 170
66, 106
66, 43
66, 235
66, 171
66, 107
66, 44
66, 236
66, 172
66, 108
66, 45
66, 237
66, 173
66, 109
66, 46
66, 238
66, 174
66, 110
66, 47
66, 239
66, 175
66, 111
66, 48
66, 240
66, 176
66, 112
66, 49
66, 241
66, 177
66, 113
66, 50
66, 242
66, 178
66, 114
66, 51
66, 243
66, 179
66, 115
66, 52
66, 244
66, 180
66, 116
66, 53
66, 245
66, 181
66, 117
66, 54
66, 246
66, 182
66, 118
66, 55
66, 247
66, 183
66, 119
66, 56
66, 248
66, 184
66, 120
66, 57
66, 249
66, 185
66, 121
66, 58
66, 250
66, 186
66, 122
66, 59
66, 187
66, 123
66, 60
66, 188
66, 124
66, 61
66, 189
66, 125
66, 62
66, 190
66, 126
66, 63
66, 191
66, 127
2, 192
2, 128
2, 64
2, 1
2, 193
2, 129
2, 65
2, 2
2, 194
2, 130
2, 66
2, 195
2, 131
2, 67
2, 3
2, 196
2, 132
2, 68
2, 4
2, 197
2, 133
2, 69
2, 5
2, 198
2, 134
2, 70
2, 6
2, 199
2, 135
2, 71
2, 7
2, 200
2, 136
2, 72
2, 8
2, 201
2, 137
2, 73
2, 9
2, 202
2, 138
2, 74
2, 10
2, 203
2, 139
2, 75
2, 11
2, 204
2, 140
2, 76
2, 12
2, 205
2, 141
2, 77
2, 13
2, 206
2, 142
2, 78
2, 14
2, 207
2, 143
2, 79
2, 15
2, 208
2, 144
2, 80
2, 16
2, 209
2, 145
2, 81
2, 17
2, 210
2, 146
2, 82
2, 18
2, 211
2, 147
2, 83
2, 19
2, 212
2, 148
2, 84
2, 20
2, 213
2, 149
2, 85
2, 21
2, 214
2, 150
2, 86
2, 22
2, 215
2, 151
2, 87
2, 23
2, 216
2, 152
2, 88
2, 24
2, 217
2, 153
2, 89
2, 25
2, 218
2, 154
2, 90
2, 26
2, 219
2, 155
2, 91
2, 27
2, 220
2, 156
2, 92
2, 28
2, 221
2, 157
2, 93
2, 29
2, 222
2, 158
2, 94
2, 30
2, 223
2, 159
2, 95
2, 31
2, 224
2, 160
2, 96
2, 32
2, 225
2, 161
2, 97
2, 33
2, 226
2, 162
2, 98
2, 34
2, 227
2, 163
2, 99
2, 35
2, 228
2, 164
2, 100
2, 36
2, 229
2, 165
2, 101
2, 37
2, 230
2, 166
2, 102
2, 38
2, 231
2, 167
2, 103
2, 39
2, 232
2, 168
2, 104
2, 40
2, 233
2, 169
2, 105
2, 41
2, 234
2, 170
2, 106
2, 42
2, 235
2, 171
2, 107
2, 43
2, 236
2, 172
2, 108
2, 44
2, 237
2, 173
2, 109
2, 45
2, 238
2, 174
2, 110
2, 46
2, 239
2, 175
2, 111
2, 47
2, 240
2, 176
2, 112
2, 48
2, 241
2, 177
2, 113
2, 49
2, 242
2, 178
2, 114
2, 50
2, 243
2, 179
2, 115
2, 51
2, 244
2, 180
2, 116
2, 52
2, 245
2, 181
2, 117
2, 53
2, 246
2, 182
2, 118
2, 54
2, 247
2, 183
2, 119
2, 55
2, 248
2, 184
2, 120
2, 56
2, 249
2, 185
2, 121
2, 57
2, 250
2, 186
2, 122
2, 58
2, 187
2, 123
2, 59
2, 188
2, 124
2, 60
2, 189
2, 125
2, 61
2, 190
2, 126
2, 62
2, 191
2, 127
2, 63
195, 192
195, 128
195, 64
195, 193
195, 129
195, 65
195, 1
195, 194
195, 130
195, 66
195, 2
195, 195
195, 131
195, 67
195, 3
195, 132
195, 68
195, 4
195, 196
195, 133
195, 69
195, 5
195, 197
195, 134
195, 70
195, 6
195, 198
195, 135
195, 71
195, 7
195, 199
195, 136
195, 72
195, 8
195, 200
195, 137
195, 73
195, 9
195, 201
195, 138
195, 74
195, 10
195, 202
195, 139
195, 75
195, 11
195, 203
195, 140
195, 76
195, 12
195, 204
195, 141
195, 77
195, 13
195, 205
195, 142
195, 78
195, 14
195, 206
195, 143
195, 79
195, 15
195, 207
195, 144
195, 80
195, 16
195, 208
195, 145
195, 81
195, 17
195, 209
195, 146
195, 82
195, 18
195, 210
195, 147
195, 83
195, 19
195, 211
195, 148
195, 84
195, 20
195, 212
195, 149
195, 85
195, 21
195, 213
195, 150
195, 86
195, 22
195, 214
195, 151
195, 87
195, 23
195, 215
195, 152
195, 88
195, 24
195, 216
195, 153
195, 89
195, 25
195, 217
195, 154
195, 90
195, 26
195, 218
195, 155
195, 91
195, 27
195, 219
195, 156
195, 92
195, 28
195, 220
195, 157
195, 93
195, 29
195, 221
195, 158
195, 94
195, 30
195, 222
195, 159
195, 95
195, 31
195, 223
195, 160
195, 96
195, 32
195, 224
195, 161
195, 97
195, 33
195, 225
195, 162
195, 98
195, 34
195, 226
195, 163
195, 99
195, 35
195, 227
195, 164
195, 100
195, 36
195, 228
195, 165
195, 101
195, 37
195, 229
195, 166
195, 102
195, 38
195, 230
195, 167
195, 103
195, 39
195, 231
195, 168
195, 104
195, 40
195, 232
195, 169
195, 105
195, 41
195, 233
195, 170
195, 106
195, 42
195, 234
195, 171
195, 107
195, 43
195, 235
195, 172
195, 108
195, 44
195, 236
195, 173
195, 109
195, 45
195, 237
195, 174
195, 110
195, 46
195, 238
195, 175
195, 111
195, 47
195, 239
195, 176
195, 112
195, 48
195, 240
195, 177
195, 113
195, 49
195, 241
195, 178
195, 114
195, 50
195, 242
195, 179
195, 115
195, 51
195, 243
195, 180
195, 116
195, 52
195, 244
195, 181
195, 117
195, 53
195, 245
195, 182
195, 118
195, 54
195, 246
195, 183
195, 119
195, 55
195, 247
195, 184
195, 120
195, 56
195, 248
195, 185
195, 121
195, 57
195, 249
195, 186
195, 122
195, 58
195, 250
195, 187
195, 123
195, 59
195, 188
195, 124
195, 60
195, 189
195, 125
195, 61
195, 190
195, 126
195, 62
195, 191
195, 127
195, 63
131, 128
131, 64
131, 192
131, 129
131, 65
131, 1
131, 193
131, 130
131, 66
131, 2
131, 194
131, 131
131, 67
131, 3
131, 195
131, 68
131, 4
131, 196
131, 132
131, 69
131, 5
131, 197
131, 133
131, 70
131, 6
131, 198
131, 134
131, 71
131, 7
131, 199
131, 135
131, 72
131, 8
131, 200
131, 136
131, 73
131, 9
131, 201
131, 137
131, 74
131, 10
131, 202
131, 138
131, 75
131, 11
131, 203
131, 139
131, 76
131, 12
131, 204
131, 140
131, 77
131, 13
131, 205
131, 141
131, 78
131, 14
131, 206
131, 142
131, 79
131, 15
131, 207
131, 143
131, 80
131, 16
131, 208
131, 144
131, 81
131, 17
131, 209
131, 145
131, 82
131, 18
131, 210
131, 146
131, 83
131, 19
131, 211
131, 147
131, 84
131, 20
131, 212
131, 148
131, 85
131, 21
131, 213
131, 149
131, 86
131, 22
131, 214
131, 150
131, 87
131, 23
131, 215
131, 151
131, 88
131, 24
131, 216
131, 152
131, 89
131, 25
131, 217
131, 153
131, 90
131, 26
131, 218
131, 154
131, 91
131, 27
131, 219
131, 155
131, 92
131, 28
131, 220
131, 156
131, 93
131, 29
131, 221
131, 157
131, 94
131, 30
131, 222
131, 158
131, 95
131, 31
131, 223
131, 159
131, 96
131, 32
131, 224
131, 160
131, 97
131, 33
131, 225
131, 161
131, 98
131, 34
131, 226
131, 162
131, 99
131, 35
131, 227
131, 163
131, 100
131, 36
131, 228
131, 164
131, 101
131, 37
131, 229
131, 165
131, 102
131, 38
131, 230
131, 166
131, 103
131, 39
131, 231
131, 167
131, 104
131, 40
131, 232
131, 168
131, 105
131, 41
131, 233
131, 169
131, 106
131, 42
131, 234
131, 170
131, 107
131, 43
131, 235
131, 171
131, 108
131, 44
131, 236
131, 172
131, 109
131, 45
131, 237
131, 173
131, 110
131, 46
131, 238
131, 174
131, 111
131, 47
131, 239
131, 175
131, 112
131, 48
131, 240
131, 176
131, 113
131, 49
131, 241
131, 177
131, 114
131, 50
131, 242
131, 178
131, 115
131, 51
131, 243
131, 179
131, 116
131, 52
131, 244
131, 180
131, 117
131, 53
131, 245
131, 181
131, 118
131, 54
131, 246
131, 182
131, 119
131, 55
131, 247
131, 183
131, 120
131, 56
131, 248
131, 184
131, 121
131, 57
131, 249
131, 185
131, 122
131, 58
131, 250
131, 186
131, 123
131, 59
131, 187
131, 124
131, 60
131, 188
131, 125
131, 61
131, 189
131, 126
131, 62
131, 190
131, 127
131, 63
131, 191
67, 64
67, 192
67, 128
67, 65
67, 1
67, 193
67, 129
67, 66
67, 2
67, 194
67, 130
67, 67
67, 3
67, 195
67, 131
67, 4
67, 196
67, 132
67, 68
67, 5
67, 197
67, 133
67, 69
67, 6
67, 198
67, 134
67, 70
67, 7
67, 199
67, 135
67, 71
67, 8
67, 200
67, 136
67, 72
67, 9
67, 201
67, 137
67, 73
67, 10
67, 202
67, 138
67, 74
67, 11
67, 203
67, 139
67, 75
67, 12
67, 204
67, 140
67, 76
67, 13
67, 205
67, 141
67, 77
67, 14
67, 206
67, 142
67, 78
67, 15
67, 207
67, 143
67, 79
67, 16
67, 208
67, 144
67, 80
67, 17
67, 209
67, 145
67, 81
67, 18
67, 210
67, 146
67, 82
67, 19
67, 211
67, 147
67, 83
67, 20
67, 212
67, 148
67, 84
67, 21
67, 213
67, 149
67, 85
67, 22
67, 214
67, 150
67, 86
67, 23
67, 215
67, 151
67, 87
67, 24
67, 216
67, 152
67, 88
67, 25
67, 217
67, 153
67, 89
67, 26
67, 218
67, 154
67, 90
67, 27
67, 219
67, 155
67, 91
67, 28
67, 220
67, 156
67, 92
67, 29
67, 221
67, 157
67, 93
67, 30
67, 222
67, 158
67, 94
67, 31
67, 223
67, 159
67, 95
67, 32
67, 224
67, 160
67, 96
67, 33
67, 225
67, 161
67, 97
67, 34
67, 226
67, 162
67, 98
67, 35
67, 227
67, 163
67, 99
67, 36
67, 228
67, 164
67, 100
67, 37
67, 229
67, 165
67, 101
67, 38
67, 230
67, 166
67, 102
67, 39
67, 231
67, 167
67, 103
67, 40
67, 232
67, 168
67, 104
67, 41
67, 233
67, 169
67, 105
67, 42
67, 234
67, 170
67, 106
67, 43
67, 235
67, 171
67, 107
67, 44
67, 236
67, 172
67, 108
67, 45
67, 237
67, 173
67, 109
67, 46
67, 238
67, 174
67, 110
67, 47
67, 239
67, 175
67, 111
67, 48
67, 240
67, 176
67, 112
67, 49
67, 241
67, 177
67, 113
67, 50
67, 242
67, 178
67, 114
67, 51
67, 243
67, 179
67, 115
67, 52
67, 244
67, 180
67, 116
67, 53
67, 245
67, 181
67, 117
67, 54
67, 246
67, 182
67, 118
67, 55
67, 247
67, 183
67, 119
67, 56
67, 248
67, 184
67, 120
67, 57
67, 249
67, 185
67, 121
67, 58
67, 250
67, 186
67, 122
67, 59
67, 187
67, 123
67, 60
67, 188
67, 124
67, 61
67, 189
67, 125
67, 62
67, 190
67, 126
67, 63
67, 191
67, 127
3, 192
3, 128
3, 64
3, 1
3, 193
3, 129
3, 65
3, 2
3, 194
3, 130
3, 66
3, 3
3, 195
3, 131
3, 67
3, 196
3, 132
3, 68
3, 4
3, 197
3, 133
3, 69
3, 5
3, 198
3, 134
3, 70
3, 6
3, 199
3, 135
3, 71
3, 7
3, 200
3, 136
3, 72
3, 8
3, 201
3, 137
3, 73
3, 9
3, 202
3, 138
3, 74
3, 10
3, 203
3, 139
3, 75
3, 11
3, 204
3, 140
3, 76
3, 12
3, 205
3, 141
3, 77
3, 13
3, 206
3, 142
3, 78
3, 14
3, 207
3, 143
3, 79
3, 15
3, 208
3, 144
3, 80
3, 16
3, 209
3, 145
3, 81
3, 17
3, 210
3, 146
3, 82
3, 18
3, 211
3, 147
3, 83
3, 19
3, 212
3, 148
3, 84
3, 20
3, 213
3, 149
3, 85
3, 21
3, 214
3, 150
3, 86
3, 22
3, 215
3, 151
3, 87
3, 23
3, 216
3, 152
3, 88
3, 24
3, 217
3, 153
3, 89
3, 25
3, 218
3, 154
3, 90
3, 26
3, 219
3, 155
3, 91
3, 27
3, 220
3, 156
3, 92
3, 28
3, 221
3, 157
3, 93
3, 29
3, 222
3, 158
3, 94
3, 30
3, 223
3, 159
3, 95
3, 31
3, 224
3, 160
3, 96
3, 32
3, 225
3, 161
3, 97
3, 33
3, 226
3, 162
3, 98
3, 34
3, 227
3, 163
3, 99
3, 35
3, 228
3, 164
3, 100
3, 36
3, 229
3, 165
3, 101
3, 37
3, 230
3, 166
3, 102
3, 38
3, 231
3, 167
3, 103
3, 39
3, 232
3, 168
3, 104
3, 40
3, 233
3, 169
3, 105
3, 41
3, 234
3, 170
3, 106
3, 42
3, 235
3, 171
3, 107
3, 43
3, 236
3, 172
3, 108
3, 44
3, 237
3, 173
3, 109
3, 45
3, 238
3, 174
3, 110
3, 46
3, 239
3, 175
3, 111
3, 47
3, 240
3, 176
3, 112
3, 48
3, 241
3, 177
3, 113
3, 49
3, 242
3, 178
3, 114
3, 50
3, 243
3, 179
3, 115
3, 51
3, 244
3, 180
3, 116
3, 52
3, 245
3, 181
3, 117
3, 53
3, 246
3, 182
3, 118
3, 54
3, 247
3, 183
3, 119
3, 55
3, 248
3, 184
3, 120
3, 56
3, 249
3, 185
3, 121
3, 57
3, 250
3, 186
3, 122
3, 58
3, 187
3, 123
3, 59
3, 188
3, 124
3, 60
3, 189
3, 125
3, 61
3, 190
3, 126
3, 62
3, 191
3, 127
3, 63
196, 192
196, 128
196, 64
196, 193
196, 129
196, 65
196, 1
196, 194
196, 130
196, 66
196, 2
196, 195
196, 131
196, 67
196, 3
196, 196
196, 132
196, 68
196, 4
196, 133
196, 69
196, 5
196, 197
196, 134
196, 70
196, 6
196, 198
196, 135
196, 71
196, 7
196, 199
196, 136
196, 72
196, 8
196, 200
196, 137
196, 73
196, 9
196, 201
196, 138
196, 74
196, 10
196, 202
196, 139
196, 75
196, 11
196, 203
196, 140
196, 76
196, 12
196, 204
196, 141
196, 77
196, 13
196, 205
196, 142
196, 78
196, 14
196, 206
196, 143
196, 79
196, 15
196, 207
196, 144
196, 80
196, 16
196, 208
196, 145
196, 81
196, 17
196, 209
196, 146
196, 82
196, 18
196, 210
196, 147
196, 83
196, 19
196, 211
196, 148
196, 84
196, 20
196, 212
196, 149
196, 85
196, 21
196, 213
196, 150
196, 86
196, 22
196, 214
196, 151
196, 87
196, 23
196, 215
196, 152
196, 88
196, 24
196, 216
196, 153
196, 89
196, 25
196, 217
196, 154
196, 90
196, 26
196, 218
196, 155
196, 91
196, 27
196, 219
196, 156
196, 92
196, 28
196, 220
196, 157
196, 93
196, 29
196, 221
196, 158
196, 94
196, 30
196, 222
196, 159
196, 95
196, 31
196, 223
196, 160
196, 96
196, 32
196, 224
196, 161
196, 97
196, 33
196, 225
196, 162
196, 98
196, 34
196, 226
196, 163
196, 99
196, 35
196, 227
196, 164
196, 100
196, 36
196, 228
196, 165
196, 101
196, 37
196, 229
196, 166
196, 102
196, 38
196, 230
196, 167
196, 103
196, 39
196, 231
196, 168
196, 104
196, 40
196, 232
196, 169
196, 105
196, 41
196, 233
196, 170
196, 106
196, 42
196, 234
196, 171
196, 107
196, 43
196, 235
196, 172
196, 108
196, 44
196, 236
196, 173
196, 109
196, 45
196, 237
196, 174
196, 110
196, 46
196, 238
196, 175
196, 111
196, 47
196, 239
196, 176
196, 112
196, 48
196, 240
196, 177
196, 113
196, 49
196, 241
196, 178
196, 114
196, 50
196, 242
196, 179
196, 115
196, 51
196, 243
196, 180
196, 116
196, 52
196, 244
196, 181
196, 117
196, 53
196, 245
196, 182
196, 118
196, 54
196, 246
196, 183
196, 119
196, 55
196, 247
196, 184
196, 120
196, 56
196, 248
196, 185
196, 121
196, 57
196, 249
196, 186
196, 122
196, 58
196, 250
196, 187
196, 123
196, 59
196, 188
196, 124
196, 60
196, 189
196, 125
196, 61
196, 190
196, 126
196, 62
196, 191
196, 127
196, 63
132, 128
132, 64
132, 192
132, 129
132, 65
132, 1
132, 193
132, 130
132, 66
132, 2
132, 194
132, 131
132, 67
132, 3
132, 195
132, 132
132, 68
132, 4
132, 196
132, 69
132, 5
132, 197
132, 133
132, 70
132, 6
132, 198
132, 134
132, 71
132, 7
132, 199
132, 135
132, 72
132, 8
132, 200
132, 136
132, 73
132, 9
132, 201
132, 137
132, 74
132, 10
132, 202
132, 138
132, 75
132, 11
132, 203
132, 139
132, 76
132, 12
132, 204
132, 140
132, 77
132, 13
132, 205
132, 141
132, 78
132, 14
132, 206
132, 142
132, 79
132, 15
132, 207
132, 143
132, 80
132, 16
132, 208
132, 144
132, 81
132, 17
132, 209
132, 145
132, 82
132, 18
132, 210
132, 146
132, 83
132, 19
132, 211
132, 147
132, 84
132, 20
132, 212
132, 148
132, 85
132, 21
132, 213
132, 149
132, 86
132, 22
132, 214
132, 150
132, 87
132, 23
132, 215
132, 151
132, 88
132, 24
132, 216
132, 152
132, 89
132, 25
132, 217
132, 153
132, 90
132, 26
132, 218
132, 154
132, 91
132, 27
132, 219
132, 155
132, 92
132, 28
132, 220
132, 156
132, 93
132, 29
132, 221
132, 157
132, 94
132, 30
132, 222
132, 158
132, 95
132, 31
132, 223
132, 159
132, 96
132, 32
132, 224
132, 160
132, 97
132, 33
132, 225
132, 161
132, 98
132, 34
132, 226
132, 162
132, 99
132, 35
132, 227
132, 163
132, 100
132, 36
132, 228
132, 164
132, 101
132, 37
132, 229
132, 165
132, 102
132, 38
132, 230
132, 166
132, 103
132, 39
132, 231
132, 167
132, 104
132, 40
132, 232
132, 168
132, 105
132, 41
132, 233
132, 169
132, 106
132, 42
132, 234
132, 170
132, 107
132, 43
132, 235
132, 171
132, 108
132, 44
132, 236
132, 172
132, 109
132, 45
132, 237
132, 173
132, 110
132, 46
132, 238
132, 174
132, 111
132, 47
132, 239
132, 175
132, 112
132, 48
132, 240
132, 176
132, 113
132, 49
132, 241
132, 177
132, 114
132, 50
132, 242
132, 178
132, 115
132, 51
132, 243
132, 179
132, 116
132, 52
132, 244
132, 180
132, 117
132, 53
132, 245
132, 181
132, 118
132, 54
132, 246
132, 182
132, 119
132, 55
132, 247
132, 183
132, 120
132, 56
132, 248
132, 184
132, 121
132, 57
132, 249
132, 185
132, 122
132, 58
132, 250
132, 186
132, 123
132, 59
132, 187
132, 124
132, 60
132, 188
132, 125
132, 61
132, 189
132, 126
132, 62
132, 190
132, 127
132, 63
132, 191
68, 64
68, 192
68, 128
68, 65
68, 1
68, 193
68, 129
68, 66
68, 2
68, 194
68, 130
68, 67
68, 3
68, 195
68, 131
68, 68
68, 4
68, 196
68, 132
68, 5
68, 197
68, 133
68, 69
68, 6
68, 198
68, 134
68, 70
68, 7
68, 199
68, 135
68, 71
68, 8
68, 200
68, 136
68, 72
68, 9
68, 201
68, 137
68, 73
68, 10
68, 202
68, 138
68, 74
68, 11
68, 203
68, 139
68, 75
68, 12
68, 204
68, 140
68, 76
68, 13
68, 205
68, 141
68, 77
68, 14
68, 206
68, 142
68, 78
68, 15
68, 207
68, 143
68, 79
68, 16
68, 208
68, 144
68, 80
68, 17
68, 209
68, 145
68, 81
68, 18
68, 210
68, 146
68, 82
68, 19
68, 211
68, 147
68, 83
68, 20
68, 212
68, 148
68, 84
68, 21
68, 213
68, 149
68, 85
68, 22
68, 214
68, 150
68, 86
68, 23
68, 215
68, 151
68, 87
68, 24
68, 216
68, 152
68, 88
68, 25
68, 217
68, 153
68, 89
68, 26
68, 218
68, 154
68, 90
68, 27
68, 219
68, 155
68, 91
68, 28
68, 220
68, 156
68, 92
68, 29
68, 221
68, 157
68, 93
68, 30
68, 222
68, 158
68, 94
68, 31
68, 223
68, 159
68, 95
68, 32
68, 224
68, 160
68, 96
68, 33
68, 225
68, 161
68, 97
68, 34
68, 226
68, 162
68, 98
68, 35
68, 227
68, 163
68, 99
68, 36
68, 228
68, 164
68, 100
68, 37
68, 229
68, 165
68, 101
68, 38
68, 230
68, 166
68, 102
68, 39
68, 231
68, 167
68, 103
68, 40
68, 232
68, 168
68, 104
68, 41
68, 233
68, 169
68, 105
68, 42
68, 234
68, 170
68, 106
68, 43
68, 235
68, 171
68, 107
68, 44
68, 236
68, 172
68, 108
68, 45
68, 237
68, 173
68, 109
68, 46
68, 238
68, 174
68, 110
68, 47
68, 239
68, 175
68, 111
68, 48
68, 240
68, 176
68, 112
68, 49
68, 241
68, 177
68, 113
68, 50
68, 242
68, 178
68, 114
68, 51
68, 243
68, 179
68, 115
68, 52
68, 244
68, 180
68, 116
68, 53
68, 245
68, 181
68, 117
68, 54
68, 246
68, 182
68, 118
68, 55
68, 247
68, 183
68, 119
68, 56
68, 248
68, 184
68, 120
68, 57
68, 249
68, 185
68, 121
68, 58
68, 250
68, 186
68, 122
68, 59
68, 187
68, 123
68, 60
68, 188
68, 124
68, 61
68, 189
68, 125
68, 62
68, 190
68, 126
68, 63
68, 191
68, 127
4, 192
4, 128
4, 64
4, 1
4, 193
4, 129
4, 65
4, 2
4, 194
4, 130
4, 66
4, 3
4, 195
4, 131
4, 67
4, 4
4, 196
4, 132
4, 68
4, 197
4, 133
4, 69
4, 5
4, 198
4, 134
4, 70
4, 6
4, 199
4, 135
4, 71
4, 7
4, 200
4, 136
4, 72
4, 8
4, 201
4, 137
4, 73
4, 9
4, 202
4, 138
4, 74
4, 10
4, 203
4, 139
4, 75
4, 11
4, 204
4, 140
4, 76
4, 12
4, 205
4, 141
4, 77
4, 13
4, 206
4, 142
4, 78
4, 14
4, 207
4, 143
4, 79
4, 15
4, 208
4, 144
4, 80
4, 16
4, 209
4, 145
4, 81
4, 17
4, 210
4, 146
4, 82
4, 18
4, 211
4, 147
4, 83
4, 19
4, 212
4, 148
4, 84
4, 20
4, 213
4, 149
4, 85
4, 21
4, 214
4, 150
4, 86
4, 22
4, 215
4, 151
4, 87
4, 23
4, 216
4, 152
4, 88
4, 24
4, 217
4, 153
4, 89
4, 25
4, 218
4, 154
4, 90
4, 26
4, 219
4, 155
4, 91
4, 27
4, 220
4, 156
4, 92
4, 28
4, 221
4, 157
4, 93
4, 29
4, 222
4, 158
4, 94
4, 30
4, 223
4, 159
4, 95
4, 31
4, 224
4, 160
4, 96
4, 32
4, 225
4, 161
4, 97
4, 33
4, 226
4, 162
4, 98
4, 34
4, 227
4, 163
4, 99
4, 35
4, 228
4, 164
4, 100
4, 36
4, 229
4, 165
4, 101
4, 37
4, 230
4, 166
4, 102
4, 38
4, 231
4, 167
4, 103
4, 39
4, 232
4, 168
4, 104
4, 40
4, 233
4, 169
4, 105
4, 41
4, 234
4, 170
4, 106
4, 42
4, 235
4, 171
4, 107
4, 43
4, 236
4, 172
4, 108
4, 44
4, 237
4, 173
4, 109
4, 45
4, 238
4, 174
4, 110
4, 46
4, 239
4, 175
4, 111
4, 47
4, 240
4, 176
4, 112
4, 48
4, 241
4, 177
4, 113
4, 49
4, 242
4, 178
4, 114
4, 50
4, 243
4, 179
4, 115
4, 51
4, 244
4, 180
4, 116
4, 52
4, 245
4, 181
4, 117
4, 53
4, 246
4, 182
4, 118
4, 54
4, 247
4, 183
4, 119
4, 55
4, 248
4, 184
4, 120
4, 56
4, 249
4, 185
4, 121
4, 57
4, 250
4, 186
4, 122
4, 58
4, 187
4, 123
4, 59
4, 188
4, 124
4, 60
4, 189
4, 125
4, 61
4, 190
4, 126
4, 62
4, 191
4, 127
4, 63
197, 192
197, 128
197, 64
197, 193
197, 129
197, 65
197, 1
197, 194
197, 130
197, 66
197, 2
197, 195
197, 131
197, 67
197, 3
197, 196
197, 132
197, 68
197, 4
197, 197
197, 133
197, 69
197, 5
197, 134
197, 70
197, 6
197, 198
197, 135
197, 71
197, 7
197, 199
197, 136
197, 72
197, 8
197, 200
197, 137
197, 73
197, 9
197, 201
197, 138
197, 74
197, 10
197, 202
197, 139
197, 75
197, 11
197, 203
197, 140
197, 76
197, 12
197, 204
197, 141
197, 77
197, 13
197, 205
197, 142
197, 78
197, 14
197, 206
197, 143
197, 79
197, 15
197, 207
197, 144
197, 80
197, 16
197, 208
197, 145
197, 81
197, 17
197, 209
197, 146
197, 82
197, 18
197, 210
197, 147
197, 83
197, 19
197, 211
197, 148
197, 84
197, 20
197, 212
197, 149
197, 85
197, 21
197, 213
197, 150
197, 86
197, 22
197, 214
197, 151
197, 87
197, 23
197, 215
197, 152
197, 88
197, 24
197, 216
197, 153
197, 89
197, 25
197, 217
197, 154
197, 90
197, 26
197, 218
197, 155
197, 91
197, 27
197, 219
197, 156
197, 92
197, 28
197, 220
197, 157
197, 93
197, 29
197, 221
197, 158
197, 94
197, 30
197, 222
197, 159
197, 95
197, 31
197, 223
197, 160
197, 96
197, 32
197, 224
197, 161
197, 97
197, 33
197, 225
197, 162
197, 98
197, 34
197, 226
197, 163
197, 99
197, 35
197, 227
197, 164
197, 100
197, 36
197, 228
197, 165
197, 101
197, 37
197, 229
197, 166
197, 102
197, 38
197, 230
197, 167
197, 103
197, 39
197, 231
197, 168
197, 104
197, 40
197, 232
197, 169
197, 105
197, 41
197, 233
197, 170
197, 106
197, 42
197, 234
197, 171
197, 107
197, 43
197, 235
197, 172
197, 108
197, 44
197, 236
197, 173
197, 109
197, 45
197, 237
197, 174
197, 110
197, 46
197, 238
197, 175
197, 111
197, 47
197, 239
197, 176
197, 112
197, 48
197, 240
197, 177
197, 113
197, 49
197, 241
197, 178
197, 114
197, 50
197, 242
197, 179
197, 115
197, 51
197, 243
197, 180
197, 116
197, 52
197, 244
197, 181
197, 117
197, 53
197, 245
197, 182
197, 118
197, 54
197, 246
197, 183
197, 119
197, 55
197, 247
197, 184
197, 120
197, 56
197, 248
197, 185
197, 121
197, 57
197, 249
197, 186
197, 122
197, 58
197, 250
197, 187
197, 123
197, 59
197, 188
197, 124
197, 60
197, 189
197, 125
197, 61
197, 190
197, 126
197, 62
197, 191
197, 127
197, 63
133, 128
133, 64
133, 192
133, 129
133, 65
133, 1
133, 193
133, 130
133, 66
133, 2
133, 194
133, 131
133, 67
133, 3
133, 195
133, 132
133, 68
133, 4
133, 196
133, 133
133, 69
133, 5
133, 197
133, 70
133, 6
133, 198
133, 134
133, 71
133, 7
133, 199
133, 135
133, 72
133, 8
133, 200
133, 136
133, 73
133, 9
133, 201
133, 137
133, 74
133, 10
133, 202
133, 138
133, 75
133, 11
133, 203
133, 139
133, 76
133, 12
133, 204
133, 140
133, 77
133, 13
133, 205
133, 141
133, 78
133, 14
133, 206
133, 142
133, 79
133, 15
133, 207
133, 143
133, 80
133, 16
133, 208
133, 144
133, 81
133, 17
133, 209
133, 145
133, 82
133, 18
133, 210
133, 146
133, 83
133, 19
133, 211
133, 147
133, 84
133, 20
133, 212
133, 148
133, 85
133, 21
133, 213
133, 149
133, 86
133, 22
133, 214
133, 150
133, 87
133, 23
133, 215
133, 151
133, 88
133, 24
133, 216
133, 152
133, 89
133, 25
133, 217
133, 153
133, 90
133, 26
133, 218
133, 154
133, 91
133, 27
133, 219
133, 155
133, 92
133, 28
133, 220
133, 156
133, 93
133, 29
133, 221
133, 157
133, 94
133, 30
133, 222
133, 158
133, 95
133, 31
133, 223
133, 159
133, 96
133, 32
133, 224
133, 160
133, 97
133, 33
133, 225
133, 161
133, 98
133, 34
133, 226
133, 162
133, 99
133, 35
133, 227
133, 163
133, 100
133, 36
133, 228
133, 164
133, 101
133, 37
133, 229
133, 165
133, 102
133, 38
133, 230
133, 166
133, 103
133, 39
133, 231
133, 167
133, 104
133, 40
133, 232
133, 168
133, 105
133, 41
133, 233
133, 169
133, 106
133, 42
133, 234
133, 170
133, 107
133, 43
133, 235
133, 171
133, 108
133, 44
133, 236
133, 172
133, 109
133, 45
133, 237
133, 173
133, 110
133, 46
133, 238
133, 174
133, 111
133, 47
133, 239
133, 175
133, 112
133, 48
133, 240
133, 176
133, 113
133, 49
133, 241
133, 177
133, 114
133, 50
133, 242
133, 178
133, 115
133, 51
133, 243
133, 179
133, 116
133, 52
133, 244
133, 180
133, 117
133, 53
133, 245
133, 181
133, 118
133, 54
133, 246
133, 182
133, 119
133, 55
133, 247
133, 183
133, 120
133, 56
133, 248
133, 184
133, 121
133, 57
133, 249
133, 185
133, 122
133, 58
133, 250
133, 186
133, 123
133, 59
133, 187
133, 124
133, 60
133, 188
133, 125
133, 61
133, 189
133, 126
133, 62
133, 190
133, 127
133, 63
133, 191
69, 64
69, 192
69, 128
69, 65
69, 1
69, 193
69, 129
69, 66
69, 2
69, 194
69, 130
69, 67
69, 3
69, 195
69, 131
69, 68
69, 4
69, 196
69, 132
69, 69
69, 5
69, 197
69, 133
69, 6
69, 198
69, 134
69, 70
69, 7
69, 199
69, 135
69, 71
69, 8
69, 200
69, 136
69, 72
69, 9
69, 201
69, 137
69, 73
69, 10
69, 202
69, 138
69, 74
69, 11
69, 203
69, 139
69, 75
69, 12
69, 204
69, 140
69, 76
69, 13
69, 205
69, 141
69, 77
69, 14
69, 206
69, 142
69, 78
69, 15
69, 207
69, 143
69, 79
69, 16
69, 208
69, 144
69, 80
69, 17
69, 209
69, 145
69, 81
69, 18
69, 210
69, 146
69, 82
69, 19
69, 211
69, 147
69, 83
69, 20
69, 212
69, 148
69, 84
69, 21
69, 213
69, 149
69, 85
69, 22
69, 214
69, 150
69, 86
69, 23
69, 215
69, 151
69, 87
69, 24
69, 216
69, 152
69, 88
69, 25
69, 217
69, 153
69, 89
69, 26
69, 218
69, 154
69, 90
69, 27
69, 219
69, 155
69, 91
69, 28
69, 220
69, 156
69, 92
69, 29
69, 221
69, 157
69, 93
69, 30
69, 222
69, 158
69, 94
69, 31
69, 223
69, 159
69, 95
69, 32
69, 224
69, 160
69, 96
69, 33
69, 225
69, 161
69, 97
69, 34
69, 226
69, 162
69, 98
69, 35
69, 227
69, 163
69, 99
69, 36
69, 228
69, 164
69, 100
69, 37
69, 229
69, 165
69, 101
69, 38
69, 230
69, 166
69, 102
69, 39
69, 231
69, 167
69, 103
69, 40
69, 232
69, 168
69, 104
69, 41
69, 233
69, 169
69, 105
69, 42
69, 234
69, 170
69, 106
69, 43
69, 235
69, 171
69, 107
69, 44
69, 236
69, 172
69, 108
69, 45
69, 237
69, 173
69, 109
69, 46
69, 238
69, 174
69, 110
69, 47
69, 239
69, 175
69, 111
69, 48
69, 240
69, 176
69, 112
69, 49
69, 241
69, 177
69, 113
69, 50
69, 242
69, 178
69, 114
69, 51
69, 243
69, 179
69, 115
69, 52
69, 244
69, 180
69, 116
69, 53
69, 245
69, 181
69, 117
69, 54
69, 246
69, 182
69, 118
69, 55
69, 247
69, 183
69, 119
69, 56
69, 248
69, 184
69, 120
69, 57
69, 249
69, 185
69, 121
69, 58
69, 250
69, 186
69, 122
69, 59
69, 187
69, 123
69, 60
69, 188
69, 124
69, 61
69, 189
69, 125
69, 62
69, 190
69, 126
69, 63
69, 191
69, 127
5, 192
5, 128
5, 64
5, 1
5, 193
5, 129
5, 65
5, 2
5, 194
5, 130
5, 66
5, 3
5, 195
5, 131
5, 67
5, 4
5, 196
5, 132
5, 68
5, 5
5, 197
5, 133
5, 69
5, 198
5, 134
5, 70
5, 6
5, 199
5, 135
5, 71
5, 7
5, 200
5, 136
5, 72
5, 8
5, 201
5, 137
5, 73
5, 9
5, 202
5, 138
5, 74
5, 10
5, 203
5, 139
5, 75
5, 11
5, 204
5, 140
5, 76
5, 12
5, 205
5, 141
5, 77
5, 13
5, 206
5, 142
5, 78
5, 14
5, 207
5, 143
5, 79
5, 15
5, 208
5, 144
5, 80
5, 16
5, 209
5, 145
5, 81
5, 17
5, 210
5, 146
5, 82
5, 18
5, 211
5, 147
5, 83
5, 19
5, 212
5, 148
5, 84
5, 20
5, 213
5, 149
5, 85
5, 21
5, 214
5, 150
5, 86
5, 22
5, 215
5, 151
5, 87
5, 23
5, 216
5, 152
5, 88
5, 24
5, 217
5, 153
5, 89
5, 25
5, 218
5, 154
5, 90
5, 26
5, 219
5, 155
5, 91
5, 27
5, 220
5, 156
5, 92
5, 28
5, 221
5, 157
5, 93
5, 29
5, 222
5, 158
5, 94
5, 30
5, 223
5, 159
5, 95
5, 31
5, 224
5, 160
5, 96
5, 32
5, 225
5, 161
5, 97
5, 33
5, 226
5, 162
5, 98
5, 34
5, 227
5, 163
5, 99
5, 35
5, 228
5, 164
5, 100
5, 36
5, 229
5, 165
5, 101
5, 37
5, 230
5, 166
5, 102
5, 38
5, 231
5, 167
5, 103
5, 39
5, 232
5, 168
5, 104
5, 40
5, 233
5, 169
5, 105
5, 41
5, 234
5, 170
5, 106
5, 42
5, 235
5, 171
5, 107
5, 43
5, 236
5, 172
5, 108
5, 44
5, 237
5, 173
5, 109
5, 45
5, 238
5, 174
5, 110
5, 46
5, 239
5, 175
5, 111
5, 47
5, 240
5, 176
5, 112
5, 48
5, 241
5, 177
5, 113
5, 49
5, 242
5, 178
5, 114
5, 50
5, 243
5, 179
5, 115
5, 51
5, 244
5, 180
5, 116
5, 52
5, 245
5, 181
5, 117
5, 53
5, 246
5, 182
5, 118
5, 54
5, 247
5, 183
5, 119
5, 55
5, 248
5, 184
5, 120
5, 56
5, 249
5, 185
5, 121
5, 57
5, 250
5, 186
5, 122
5, 58
5, 187
5, 123
5, 59
5, 188
5, 124
5, 60
5, 189
5, 125
5, 61
5, 190
5, 126
5, 62
5, 191
5, 127
5, 63
198, 192
198, 128
198, 64
198, 193
198, 129
198, 65
198, 1
198, 194
198, 130
198, 66
198, 2
198, 195
198, 131
198, 67
198, 3
198, 196
198, 132
198, 68
198, 4
198, 197
198, 133
198, 69
198, 5
198, 198
198, 134
198, 70
198, 6
198, 135
198, 71
198, 7
198, 199
198, 136
198, 72
198, 8
198, 200
198, 137
198, 73
198, 9
198, 201
198, 138
198, 74
198, 10
198, 202
198, 139
198, 75
198, 11
198, 203
198, 140
198, 76
198, 12
198, 204
198, 141
198, 77
198, 13
198, 205
198, 142
198, 78
198, 14
198, 206
198, 143
198, 79
198, 15
198, 207
198, 144
198, 80
198, 16
198, 208
198, 145
198, 81
198, 17
198, 209
198, 146
198, 82
198, 18
198, 210
198, 147
198, 83
198, 19
198, 211
198, 148
198, 84
198, 20
198, 212
198, 149
198, 85
198, 21
198, 213
198, 150
198, 86
198, 22
198, 214
198, 151
198, 87
198, 23
198, 215
198, 152
198, 88
198, 24
198, 216
198, 153
198, 89
198, 25
198, 217
198, 154
198, 90
198, 26
198, 218
198, 155
198, 91
198, 27
198, 219
198, 156
198, 92
198, 28
198, 220
198, 157
198, 93
198, 29
198, 221
198, 158
198, 94
198, 30
198, 222
198, 159
198, 95
198, 31
198, 223
198, 160
198, 96
198, 32
198, 224
198, 161
198, 97
198, 33
198, 225
198, 162
198, 98
198, 34
198, 226
198, 163
198, 99
198, 35
198, 227
198, 164
198, 100
198, 36
198, 228
198, 165
198, 101
198, 37
198, 229
198, 166
198, 102
198, 38
198, 230
198, 167
198, 103
198, 39
198, 231
198, 168
198, 104
198, 40
198, 232
198, 169
198, 105
198, 41
198, 233
198, 170
198, 106
198, 42
198, 234
198, 171
198, 107
198, 43
198, 235
198, 172
198, 108
198, 44
198, 236
198, 173
198, 109
198, 45
198, 237
198, 174
198, 110
198, 46
198, 238
198, 175
198, 111
198, 47
198, 239
198, 176
198, 112
198, 48
198, 240
198, 177
198, 113
198, 49
198, 241
198, 178
198, 114
198, 50
198, 242
198, 179
198, 115
198, 51
198, 243
198, 180
198, 116
198, 52
198, 244
198, 181
198, 117
198, 53
198, 245
198, 182
198, 118
198, 54
198, 246
198, 183
198, 119
198, 55
198, 247
198, 184
198, 120
198, 56
198, 248
198, 185
198, 121
198, 57
198, 249
198, 186
198, 122
198, 58
198, 250
198, 187
198, 123
198, 59
198, 188
198, 124
198, 60
198, 189
198, 125
198, 61
198, 190
198, 126
198, 62
198, 191
198, 127
198, 63
134, 128
134, 64
134, 192
134, 129
134, 65
134, 1
134, 193
134, 130
134, 66
134, 2
134, 194
134, 131
134, 67
134, 3
134, 195
134, 132
134, 68
134, 4
134, 196
134, 133
134, 69
134, 5
134, 197
134, 134
134, 70
134, 6
134, 198
134, 71
134, 7
134, 199
134, 135
134, 72
134, 8
134, 200
134, 136
134, 73
134, 9
134, 201
134, 137
134, 74
134, 10
134, 202
134, 138
134, 75
134, 11
134, 203
134, 139
134, 76
134, 12
134, 204
134, 140
134, 77
134, 13
134, 205
134, 141
134, 78
134, 14
134, 206
134, 142
134, 79
134, 15
134, 207
134, 143
134, 80
134, 16
134, 208
134, 144
134, 81
134, 17
134, 209
134, 145
134, 82
134, 18
134, 210
134, 146
134, 83
134, 19
134, 211
134, 147
134, 84
134, 20
134, 212
134, 148
134, 85
134, 21
134, 213
134, 149
134, 86
134, 22
134, 214
134, 150
134, 87
134, 23
134, 215
134, 151
134, 88
134, 24
134, 216
134, 152
134, 89
134, 25
134, 217
134, 153
134, 90
134, 26
134, 218
134, 154
134, 91
134, 27
134, 219
134, 155
134, 92
134, 28
134, 220
134, 156
134, 93
134, 29
134, 221
134, 157
134, 94
134, 30
134, 222
134, 158
134, 95
134, 31
134, 223
134, 159
134, 96
134, 32
134, 224
134, 160
134, 97
134, 33
134, 225
134, 161
134, 98
134, 34
134, 226
134, 162
134, 99
134, 35
134, 227
134, 163
134, 100
134, 36
134, 228
134, 164
134, 101
134, 37
134, 229
134, 165
134, 102
134, 38
134, 230
134, 166
134, 103
134, 39
134, 231
134, 167
134, 104
134, 40
134, 232
134, 168
134, 105
134, 41
134, 233
134, 169
134, 106
134, 42
134, 234
134, 170
134, 107
134, 43
134, 235
134, 171
134, 108
134, 44
134, 236
134, 172
134, 109
134, 45
134, 237
134, 173
134, 110
134, 46
134, 238
134, 174
134, 111
134, 47
134, 239
134, 175
134, 112
134, 48
134, 240
134, 176
134, 113
134, 49
134, 241
134, 177
134, 114
134, 50
134, 242
134, 178
134, 115
134, 51
134, 243
134, 179
134, 116
134, 52
134, 244
134, 180
134, 117
134, 53
134, 245
134, 181
134, 118
134, 54
134, 246
134, 182
134, 119
134, 55
134, 247
134, 183
134, 120
134, 56
134, 248
134, 184
134, 121
134, 57
134, 249
134, 185
134, 122
134, 58
134, 250
134, 186
134, 123
134, 59
134, 187
134, 124
134, 60
134, 188
134, 125
134, 61
134, 189
134, 126
134, 62
134, 190
134, 127
134, 63
134, 191
70, 64
70, 192
70, 128
70, 65
70, 1
70, 193
70, 129
70, 66
70, 2
70, 194
70, 130
70, 67
70, 3
70, 195
70, 131
70, 68
70, 4
70, 196
70, 132
70, 69
70, 5
70, 197
70, 133
70, 70
70, 6
70, 198
70, 134
70, 7
70, 199
70, 135
70, 71
70, 8
70, 200
70, 136
70, 72
70, 9
70, 201
70, 137
70, 73
70, 10
70, 202
70, 138
70, 74
70, 11
70, 203
70, 139
70, 75
70, 12
70, 204
70, 140
70, 76
70, 13
70, 205
70, 141
70, 77
70, 14
70, 206
70, 142
70, 78
70, 15
70, 207
70, 143
70, 79
70, 16
70, 208
70, 144
70, 80
70, 17
70, 209
70, 145
70, 81
70, 18
70, 210
70, 146
70, 82
70, 19
70, 211
70, 147
70, 83
70, 20
70, 212
70, 148
70, 84
70, 21
70, 213
70, 149
70, 85
70, 22
70, 214
70, 150
70, 86
70, 23
70, 215
70, 151
70, 87
70, 24
70, 216
70, 152
70, 88
70, 25
70, 217
70, 153
70, 89
70, 26
70, 218
70, 154
70, 90
70, 27
70, 219
70, 155
70, 91
70, 28
70, 220
70, 156
70, 92
70, 29
70, 221
70, 157
70, 93
70, 30
70, 222
70, 158
70, 94
70, 31
70, 223
70, 159
70, 95
70, 32
70, 224
70, 160
70, 96
70, 33
70, 225
70, 161
70, 97
70, 34
70, 226
70, 162
70, 98
70, 35
70, 227
70, 163
70, 99
70, 36
70, 228
70, 164
70, 100
70, 37
70, 229
70, 165
70, 101
70, 38
70, 230
70, 166
70, 102
70, 39
70, 231
70, 167
70, 103
70, 40
70, 232
70, 168
70, 104
70, 41
70, 233
70, 169
70, 105
70, 42
70, 234
70, 170
70, 106
70, 43
70, 235
70, 171
70, 107
70, 44
70, 236
70, 172
70, 108
70, 45
70, 237
70, 173
70, 109
70, 46
70, 238
70, 174
70, 110
70, 47
70, 239
70, 175
70, 111
70, 48
70, 240
70, 176
70, 112
70, 49
70, 241
70, 177
70, 113
70, 50
70, 242
70, 178
70, 114
70, 51
70, 243
70, 179
70, 115
70, 52
70, 244
70, 180
70, 116
70, 53
70, 245
70, 181
70, 117
70, 54
70, 246
70, 182
70, 118
70, 55
70, 247
70, 183
70, 119
70, 56
70, 248
70, 184
70, 120
70, 57
70, 249
70, 185
70, 121
70, 58
70, 250
70, 186
70, 122
70, 59
70, 187
70, 123
70, 60
70, 188
70, 124
70, 61
70, 189
70, 125
70, 62
70, 190
70, 126
70, 63
70, 191
70, 127
6, 192
6, 128
6, 64
6, 1
6, 193
6, 129
6, 65
6, 2
6, 194
6, 130
6, 66
6, 3
6, 195
6, 131
6, 67
6, 4
6, 196
6, 132
6, 68
6, 5
6, 197
6, 133
6, 69
6, 6
6, 198
6, 134
6, 70
6, 199
6, 135
6, 71
6, 7
6, 200
6, 136
6, 72
6, 8
6, 201
6, 137
6, 73
6, 9
6, 202
6, 138
6, 74
6, 10
6, 203
6, 139
6, 75
6, 11
6, 204
6, 140
6, 76
6, 12
6, 205
6, 141
6, 77
6, 13
6, 206
6, 142
6, 78
6, 14
6, 207
6, 143
6, 79
6, 15
6, 208
6, 144
6, 80
6, 16
6, 209
6, 145
6, 81
6, 17
6, 210
6, 146
6, 82
6, 18
6, 211
6, 147
6, 83
6, 19
6, 212
6, 148
6, 84
6, 20
6, 213
6, 149
6, 85
6, 21
6, 214
6, 150
6, 86
6, 22
6, 215
6, 151
6, 87
6, 23
6, 216
6, 152
6, 88
6, 24
6, 217
6, 153
6, 89
6, 25
6, 218
6, 154
6, 90
6, 26
6, 219
6, 155
6, 91
6, 27
6, 220
6, 156
6, 92
6, 28
6, 221
6, 157
6, 93
6, 29
6, 222
6, 158
6, 94
6, 30
6, 223
6, 159
6, 95
6, 31
6, 224
6, 160
6, 96
6, 32
6, 225
6, 161
6, 97
6, 33
6, 226
6, 162
6, 98
6, 34
6, 227
6, 163
6, 99
6, 35
6, 228
6, 164
6, 100
6, 36
6, 229
6, 165
6, 101
6, 37
6, 230
6, 166
6, 102
6, 38
6, 231
6, 167
6, 103
6, 39
6, 232
6, 168
6, 104
6, 40
6, 233
6, 169
6, 105
6, 41
6, 234
6, 170
6, 106
6, 42
6, 235
6, 171
6, 107
6, 43
6, 236
6, 172
6, 108
6, 44
6, 237
6, 173
6, 109
6, 45
6, 238
6, 174
6, 110
6, 46
6, 239
6, 175
6, 111
6, 47
6, 240
6, 176
6, 112
6, 48
6, 241
6, 177
6, 113
6, 49
6, 242
6, 178
6, 114
6, 50
6, 243
6, 179
6, 115
6, 51
6, 244
6, 180
6, 116
6, 52
6, 245
6, 181
6, 117
6, 53
6, 246
6, 182
6, 118
6, 54
6, 247
6, 183
6, 119
6, 55
6, 248
6, 184
6, 120
6, 56
6, 249
6, 185
6, 121
6, 57
6, 250
6, 186
6, 122
6, 58
6, 187
6, 123
6, 59
6, 188
6, 124
6, 60
6, 189
6, 125
6, 61
6, 190
6, 126
6, 62
6, 191
6, 127
6, 63
199, 192
199, 128
199, 64
199, 193
199, 129
199, 65
199, 1
199, 194
199, 130
199, 66
199, 2
199, 195
199, 131
199, 67
199, 3
199, 196
199, 132
199, 68
199, 4
199, 197
199, 133
199, 69
199, 5
199, 198
199, 134
199, 70
199, 6
199, 199
199, 135
199, 71
199, 7
199, 136
199, 72
199, 8
199, 200
199, 137
199, 73
199, 9
199, 201
199, 138
199, 74
199, 10
199, 202
199, 139
199, 75
199, 11
199, 203
199, 140
199, 76
199, 12
199, 204
199, 141
199, 77
199, 13
199, 205
199, 142
199, 78
199, 14
199, 206
199, 143
199, 79
199, 15
199, 207
199, 144
199, 80
199, 16
199, 208
199, 145
199, 81
199, 17
199, 209
199, 146
199, 82
199, 18
199, 210
199, 147
199, 83
199, 19
199, 211
199, 148
199, 84
199, 20
199, 212
199, 149
199, 85
199, 21
199, 213
199, 150
199, 86
199, 22
199, 214
199, 151
199, 87
199, 23
199, 215
199, 152
199, 88
199, 24
199, 216
199, 153
199, 89
199, 25
199, 217
199, 154
199, 90
199, 26
199, 218
199, 155
199, 91
199, 27
199, 219
199, 156
199, 92
199, 28
199, 220
199, 157
199, 93
199, 29
199, 221
199, 158
199, 94
199, 30
199, 222
199, 159
199, 95
199, 31
199, 223
199, 160
199, 96
199, 32
199, 224
199, 161
199, 97
199, 33
199, 225
199, 162
199, 98
199, 34
199, 226
199, 163
199, 99
199, 35
199, 227
199, 164
199, 100
199, 36
199, 228
199, 165
199, 101
199, 37
199, 229
199, 166
199, 102
199, 38
199, 230
199, 167
199, 103
199, 39
199, 231
199, 168
199, 104
199, 40
199, 232
199, 169
199, 105
199, 41
199, 233
199, 170
199, 106
199, 42
199, 234
199, 171
199, 107
199, 43
199, 235
199, 172
199, 108
199, 44
199, 236
199, 173
199, 109
199, 45
199, 237
199, 174
199, 110
199, 46
199, 238
199, 175
199, 111
199, 47
199, 239
199, 176
199, 112
199, 48
199, 240
199, 177
199, 113
199, 49
199, 241
199, 178
199, 114
199, 50
199, 242
199, 179
199, 115
199, 51
199, 243
199, 180
199, 116
199, 52
199, 244
199, 181
199, 117
199, 53
199, 245
199, 182
199, 118
199, 54
199, 246
199, 183
199, 119
199, 55
199, 247
199, 184
199, 120
199, 56
199, 248
199, 185
199, 121
199, 57
199, 249
199, 186
199, 122
199, 58
199, 250
199, 187
199, 123
199, 59
199, 188
199, 124
199, 60
199, 189
199, 125
199, 61
199, 190
199, 126
199, 62
199, 191
199, 127
199, 63
135, 128
135, 64
135, 192
135, 129
135, 65
135, 1
135, 193
135, 130
135, 66
135, 2
135, 194
135, 131
135, 67
135, 3
135, 195
135, 132
135, 68
135, 4
135, 196
135, 133
135, 69
135, 5
135, 197
135, 134
135, 70
135, 6
135, 198
135, 135
135, 71
135, 7
135, 199
135, 72
135, 8
135, 200
135, 136
135, 73
135, 9
135, 201
135, 137
135, 74
135, 10
135, 202
135, 138
135, 75
135, 11
135, 203
135, 139
135, 76
135, 12
135, 204
135, 140
135, 77
135, 13
135, 205
135, 141
135, 78
135, 14
135, 206
135, 142
135, 79
135, 15
135, 207
135, 143
135, 80
135, 16
135, 208
135, 144
135, 81
135, 17
135, 209
135, 145
135, 82
135, 18
135, 210
135, 146
135, 83
135, 19
135, 211
135, 147
135, 84
135, 20
135, 212
135, 148
135, 85
135, 21
135, 213
135, 149
135, 86
135, 22
135, 214
135, 150
135, 87
135, 23
135, 215
135, 151
135, 88
135, 24
135, 216
135, 152
135, 89
135, 25
135, 217
135, 153
135, 90
135, 26
135, 218
135, 154
135, 91
135, 27
135, 219
135, 155
135, 92
135, 28
135, 220
135, 156
135, 93
135, 29
135, 221
135, 157
135, 94
135, 30
135, 222
135, 158
135, 95
135, 31
135, 223
135, 159
135, 96
135, 32
135, 224
135, 160
135, 97
135, 33
135, 225
135, 161
135, 98
135, 34
135, 226
135, 162
135, 99
135, 35
135, 227
135, 163
135, 100
135, 36
135, 228
135, 164
135, 101
135, 37
135, 229
135, 165
135, 102
135, 38
135, 230
135, 166
135, 103
135, 39
135, 231
135, 167
135, 104
135, 40
135, 232
135, 168
135, 105
135, 41
135, 233
135, 169
135, 106
135, 42
135, 234
135, 170
135, 107
135, 43
135, 235
135, 171
135, 108
135, 44
135, 236
135, 172
135, 109
135, 45
135, 237
135, 173
135, 110
135, 46
135, 238
135, 174
135, 111
135, 47
135, 239
135, 175
135, 112
135, 48
135, 240
135, 176
135, 113
135, 49
135, 241
135, 177
135, 114
135, 50
135, 242
135, 178
135, 115
135, 51
135, 243
135, 179
135, 116
135, 52
135, 244
135, 180
135, 117
135, 53
135, 245
135, 181
135, 118
135, 54
135, 246
135, 182
135, 119
135, 55
135, 247
135, 183
135, 120
135, 56
135, 248
135, 184
135, 121
135, 57
135, 249
135, 185
135, 122
135, 58
135, 250
135, 186
135, 123
135, 59
135, 187
135, 124
135, 60
135, 188
135, 125
135, 61
135, 189
135, 126
135, 62
135, 190
135, 127
135, 63
135, 191
71, 64
71, 192
71, 128
71, 65
71, 1
71, 193
71, 129
71, 66
71, 2
71, 194
71, 130
71, 67
71, 3
71, 195
71, 131
71, 68
71, 4
71, 196
71, 132
71, 69
71, 5
71, 197
71, 133
71, 70
71, 6
71, 198
71, 134
71, 71
71, 7
71, 199
71, 135
71, 8
71, 200
71, 136
71, 72
71, 9
71, 201
71, 137
71, 73
71, 10
71, 202
71, 138
71, 74
71, 11
71, 203
71, 139
71, 75
71, 12
71, 204
71, 140
71, 76
71, 13
71, 205
71, 141
71, 77
71, 14
71, 206
71, 142
71, 78
71, 15
71, 207
71, 143
71, 79
71, 16
71, 208
71, 144
71, 80
71, 17
71, 209
71, 145
71, 81
71, 18
71, 210
71, 146
71, 82
71, 19
71, 211
71, 147
71, 83
71, 20
71, 212
71, 148
71, 84
71, 21
71, 213
71, 149
71, 85
71, 22
71, 214
71, 150
71, 86
71, 23
71, 215
71, 151
71, 87
71, 24
71, 216
71, 152
71, 88
71, 25
71, 217
71, 153
71, 89
71, 26
71, 218
71, 154
71, 90
71, 27
71, 219
71, 155
71, 91
71, 28
71, 220
71, 156
71, 92
71, 29
71, 221
71, 157
71, 93
71, 30
71, 222
71, 158
71, 94
71, 31
71, 223
71, 159
71, 95
71, 32
71, 224
71, 160
71, 96
71, 33
71, 225
71, 161
71, 97
71, 34
71, 226
71, 162
71, 98
71, 35
71, 227
71, 163
71, 99
71, 36
71, 228
71, 164
71, 100
71, 37
71, 229
71, 165
71, 101
71, 38
71, 230
71, 166
71, 102
71, 39
71, 231
71, 167
71, 103
71, 40
71, 232
71, 168
71, 104
71, 41
71, 233
71, 169
71, 105
71, 42
71, 234
71, 170
71, 106
71, 43
71, 235
71, 171
71, 107
71, 44
71, 236
71, 172
71, 108
71, 45
71, 237
71, 173
71, 109
71, 46
71, 238
71, 174
71, 110
71, 47
71, 239
71, 175
71, 111
71, 48
71, 240
71, 176
71, 112
71, 49
71, 241
71, 177
71, 113
71, 50
71, 242
71, 178
71, 114
71, 51
71, 243
71, 179
71, 115
71, 52
71, 244
71, 180
71, 116
71, 53
71, 245
71, 181
71, 117
71, 54
71, 246
71, 182
71, 118
71, 55
71, 247
71, 183
71, 119
71, 56
71, 248
71, 184
71, 120
71, 57
71, 249
71, 185
71, 121
71, 58
71, 250
71, 186
71, 122
71, 59
71, 187
71, 123
71, 60
71, 188
71, 124
71, 61
71, 189
71, 125
71, 62
71, 190
71, 126
71, 63
71, 191
71, 127
7, 192
7, 128
7, 64
7, 1
7, 193
7, 129
7, 65
7, 2
7, 194
7, 130
7, 66
7, 3
7, 195
7, 131
7, 67
7, 4
7, 196
7, 132
7, 68
7, 5
7, 197
7, 133
7, 69
7, 6
7, 198
7, 134
7, 70
7, 7
7, 199
7, 135
7, 71
7, 200
7, 136
7, 72
7, 8
7, 201
7, 137
7, 73
7, 9
7, 202
7, 138
7, 74
7, 10
7, 203
7, 139
7, 75
7, 11
7, 204
7, 140
7, 76
7, 12
7, 205
7, 141
7, 77
7, 13
7, 206
7, 142
7, 78
7, 14
7, 207
7, 143
7, 79
7, 15
7, 208
7, 144
7, 80
7, 16
7, 209
7, 145
7, 81
7, 17
7, 210
7, 146
7, 82
7, 18
7, 211
7, 147
7, 83
7, 19
7, 212
7, 148
7, 84
7, 20
7, 213
7, 149
7, 85
7, 21
7, 214
7, 150
7, 86
7, 22
7, 215
7, 151
7, 87
7, 23
7, 216
7, 152
7, 88
7, 24
7, 217
7, 153
7, 89
7, 25
7, 218
7, 154
7, 90
7, 26
7, 219
7, 155
7, 91
7, 27
7, 220
7, 156
7, 92
7, 28
7, 221
7, 157
7, 93
7, 29
7, 222
7, 158
7, 94
7, 30
7, 223
7, 159
7, 95
7, 31
7, 224
7, 160
7, 96
7, 32
7, 225
7, 161
7, 97
7, 33
7, 226
7, 162
7, 98
7, 34
7, 227
7, 163
7, 99
7, 35
7, 228
7, 164
7, 100
7, 36
7, 229
7, 165
7, 101
7, 37
7, 230
7, 166
7, 102
7, 38
7, 231
7, 167
7, 103
7, 39
7, 232
7, 168
7, 104
7, 40
7, 233
7, 169
7, 105
7, 41
7, 234
7, 170
7, 106
7, 42
7, 235
7, 171
7, 107
7, 43
7, 236
7, 172
7, 108
7, 44
7, 237
7, 173
7, 109
7, 45
7, 238
7, 174
7, 110
7, 46
7, 239
7, 175
7, 111
7, 47
7, 240
7, 176
7, 112
7, 48
7, 241
7, 177
7, 113
7, 49
7, 242
7, 178
7, 114
7, 50
7, 243
7, 179
7, 115
7, 51
7, 244
7, 180
7, 116
7, 52
7, 245
7, 181
7, 117
7, 53
7, 246
7, 182
7, 118
7, 54
7, 247
7, 183
7, 119
7, 55
7, 248
7, 184
7, 120
7, 56
7, 249
7, 185
7, 121
7, 57
7, 250
7, 186
7, 122
7, 58
7, 187
7, 123
7, 59
7, 188
7, 124
7, 60
7, 189
7, 125
7, 61
7, 190
7, 126
7, 62
7, 191
7, 127
7, 63
200, 192
200, 128
200, 64
200, 193
200, 129
200, 65
200, 1
200, 194
200, 130
200, 66
200, 2
200, 195
200, 131
200, 67
200, 3
200, 196
200, 132
200, 68
200, 4
200, 197
200, 133
200, 69
200, 5
200, 198
200, 134
200, 70
200, 6
200, 199
200, 135
200, 71
200, 7
200, 200
200, 136
200, 72
200, 8
200, 137
200, 73
200, 9
200, 201
200, 138
200, 74
200, 10
200, 202
200, 139
200, 75
200, 11
200, 203
200, 140
200, 76
200, 12
200, 204
200, 141
200, 77
200, 13
200, 205
200, 142
200, 78
200, 14
200, 206
200, 143
200, 79
200, 15
200, 207
200, 144
200, 80
200, 16
200, 208
200, 145
200, 81
200, 17
200, 209
200, 146
200, 82
200, 18
200, 210
200, 147
200, 83
200, 19
200, 211
200, 148
200, 84
200, 20
200, 212
200, 149
200, 85
200, 21
200, 213
200, 150
200, 86
200, 22
200, 214
200, 151
200, 87
200, 23
200, 215
200, 152
200, 88
200, 24
200, 216
200, 153
200, 89
200, 25
200, 217
200, 154
200, 90
200, 26
200, 218
200, 155
200, 91
200, 27
200, 219
200, 156
200, 92
200, 28
200, 220
200, 157
200, 93
200, 29
200, 221
200, 158
200, 94
200, 30
200, 222
200, 159
200, 95
200, 31
200, 223
200, 160
200, 96
200, 32
200, 224
200, 161
200, 97
200, 33
200, 225
200, 162
200, 98
200, 34
200, 226
200, 163
200, 99
200, 35
200, 227
200, 164
200, 100
200, 36
200, 228
200, 165
200, 101
200, 37
200, 229
200, 166
200, 102
200, 38
200, 230
200, 167
200, 103
200, 39
200, 231
200, 168
200, 104
200, 40
200, 232
200, 169
200, 105
200, 41
200, 233
200, 170
200, 106
200, 42
200, 234
200, 171
200, 107
200, 43
200, 235
200, 172
200, 108
200, 44
200, 236
200, 173
200, 109
200, 45
200, 237
200, 174
200, 110
200, 46
200, 238
200, 175
200, 111
200, 47
200, 239
200, 176
200, 112
200, 48
200, 240
200, 177
200, 113
200, 49
200, 241
200, 178
200, 114
200, 50
200, 242
200, 179
200, 115
200, 51
200, 243
200, 180
200, 116
200, 52
200, 244
200, 181
200, 117
200, 53
200, 245
200, 182
200, 118
200, 54
200, 246
200, 183
200, 119
200, 55
200, 247
200, 184
200, 120
200, 56
200, 248
200, 185
200, 121
200, 57
200, 249
200, 186
200, 122
200, 58
200, 250
200, 187
200, 123
200, 59
200, 188
200, 124
200, 60
200, 189
200, 125
200, 61
200, 190
200, 126
200, 62
200, 191
200, 127
200, 63
136, 128
136, 64
136, 192
136, 129
136, 65
136, 1
136, 193
136, 130
136, 66
136, 2
136, 194
136, 131
136, 67
136, 3
136, 195
136, 132
136, 68
136, 4
136, 196
136, 133
136, 69
136, 5
136, 197
136, 134
136, 70
136, 6
136, 198
136, 135
136, 71
136, 7
136, 199
136, 136
136, 72
136, 8
136, 200
136, 73
136, 9
136, 201
136, 137
136, 74
136, 10
136, 202
136, 138
136, 75
136, 11
136, 203
136, 139
136, 76
136, 12
136, 204
136, 140
136, 77
136, 13
136, 205
136, 141
136, 78
136, 14
136, 206
136, 142
136, 79
136, 15
136, 207
136, 143
136, 80
136, 16
136, 208
136, 144
136, 81
136, 17
136, 209
136, 145
136, 82
136, 18
136, 210
136, 146
136, 83
136, 19
136, 211
136, 147
136, 84
136, 20
136, 212
136, 148
136, 85
136, 21
136, 213
136, 149
136, 86
136, 22
136, 214
136, 150
136, 87
136, 23
136, 215
136, 151
136, 88
136, 24
136, 216
136, 152
136, 89
136, 25
136, 217
136, 153
136, 90
136, 26
136, 218
136, 154
136, 91
136, 27
136, 219
136, 155
136, 92
136, 28
136, 220
136, 156
136, 93
136, 29
136, 221
136, 157
136, 94
136, 30
136, 222
136, 158
136, 95
136, 31
136, 223
136, 159
136, 96
136, 32
136, 224
136, 160
136, 97
136, 33
136, 225
136, 161
136, 98
136, 34
136, 226
136, 162
136, 99
136, 35
136, 227
136, 163
136, 100
136, 36
136, 228
136, 164
136, 101
136, 37
136, 229
136, 165
136, 102
136, 38
136, 230
136, 166
136, 103
136, 39
136, 231
136, 167
136, 104
136, 40
136, 232
136, 168
136, 105
136, 41
136, 233
136, 169
136, 106
136, 42
136, 234
136, 170
136, 107
136, 43
136, 235
136, 171
136, 108
136, 44
136, 236
136, 172
136, 109
136, 45
136, 237
136, 173
136, 110
136, 46
136, 238
136, 174
136, 111
136, 47
136, 239
136, 175
136, 112
136, 48
136, 240
136, 176
136, 113
136, 49
136, 241
136, 177
136, 114
136, 50
136, 242
136, 178
136, 115
136, 51
136, 243
136, 179
136, 116
136, 52
136, 244
136, 180
136, 117
136, 53
136, 245
136, 181
136, 118
136, 54
136, 246
136, 182
136, 119
136, 55
136, 247
136, 183
136, 120
136, 56
136, 248
136, 184
136, 121
136, 57
136, 249
136, 185
136, 122
136, 58
136, 250
136, 186
136, 123
136, 59
136, 187
136, 124
136, 60
136, 188
136, 125
136, 61
136, 189
136, 126
136, 62
136, 190
136, 127
136, 63
136, 191
72, 64
72, 192
72, 128
72, 65
72, 1
72, 193
72, 129
72, 66
72, 2
72, 194
72, 130
72, 67
72, 3
72, 195
72, 131
72, 68
72, 4
72, 196
72, 132
72, 69
72, 5
72, 197
72, 133
72, 70
72, 6
72, 198
72, 134
72, 71
72, 7
72, 199
72, 135
72, 72
72, 8
72, 200
72, 136
72, 9
72, 201
72, 137
72, 73
72, 10
72, 202
72, 138
72, 74
72, 11
72, 203
72, 139
72, 75
72, 12
72, 204
72, 140
72, 76
72, 13
72, 205
72, 141
72, 77
72, 14
72, 206
72, 142
72, 78
72, 15
72, 207
72, 143
72, 79
72, 16
72, 208
72, 144
72, 80
72, 17
72, 209
72, 145
72, 81
72, 18
72, 210
72, 146
72, 82
72, 19
72, 211
72, 147
72, 83
72, 20
72, 212
72, 148
72, 84
72, 21
72, 213
72, 149
72, 85
72, 22
72, 214
72, 150
72, 86
72, 23
72, 215
72, 151
72, 87
72, 24
72, 216
72, 152
72, 88
72, 25
72, 217
72, 153
72, 89
72, 26
72, 218
72, 154
72, 90
72, 27
72, 219
72, 155
72, 91
72, 28
72, 220
72, 156
72, 92
72, 29
72, 221
72, 157
72, 93
72, 30
72, 222
72, 158
72, 94
72, 31
72, 223
72, 159
72, 95
72, 32
72, 224
72, 160
72, 96
72, 33
72, 225
72, 161
72, 97
72, 34
72, 226
72, 162
72, 98
72, 35
72, 227
72, 163
72, 99
72, 36
72, 228
72, 164
72, 100
72, 37
72, 229
72, 165
72, 101
72, 38
72, 230
72, 166
72, 102
72, 39
72, 231
72, 167
72, 103
72, 40
72, 232
72, 168
72, 104
72, 41
72, 233
72, 169
72, 105
72, 42
72, 234
72, 170
72, 106
72, 43
72, 235
72, 171
72, 107
72, 44
72, 236
72, 172
72, 108
72, 45
72, 237
72, 173
72, 109
72, 46
72, 238
72, 174
72, 110
72, 47
72, 239
72, 175
72, 111
72, 48
72, 240
72, 176
72, 112
72, 49
72, 241
72, 177
72, 113
72, 50
72, 242
72, 178
72, 114
72, 51
72, 243
72, 179
72, 115
72, 52
72, 244
72, 180
72, 116
72, 53
72, 245
72, 181
72, 117
72, 54
72, 246
72, 182
72, 118
72, 55
72, 247
72, 183
72, 119
72, 56
72, 248
72, 184
72, 120
72, 57
72, 249
72, 185
72, 121
72, 58
72, 250
72, 186
72, 122
72, 59
72, 187
72, 123
72, 60
72, 188
72, 124
72, 61
72, 189
72, 125
72, 62
72, 190
72, 126
72, 63
72, 191
72, 127
8, 192
8, 128
8, 64
8, 1
8, 193
8, 129
8, 65
8, 2
8, 194
8, 130
8, 66
8, 3
8, 195
8, 131
8, 67
8, 4
8, 196
8, 132
8, 68
8, 5
8, 197
8, 133
8, 69
8, 6
8, 198
8, 134
8, 70
8, 7
8, 199
8, 135
8, 71
8, 8
8, 200
8, 136
8, 72
8, 201
8, 137
8, 73
8, 9
8, 202
8, 138
8, 74
8, 10
8, 203
8, 139
8, 75
8, 11
8, 204
8, 140
8, 76
8, 12
8, 205
8, 141
8, 77
8, 13
8, 206
8, 142
8, 78
8, 14
8, 207
8, 143
8, 79
8, 15
8, 208
8, 144
8, 80
8, 16
8, 209
8, 145
8, 81
8, 17
8, 210
8, 146
8, 82
8, 18
8, 211
8, 147
8, 83
8, 19
8, 212
8, 148
8, 84
8, 20
8, 213
8, 149
8, 85
8, 21
8, 214
8, 150
8, 86
8, 22
8, 215
8, 151
8, 87
8, 23
8, 216
8, 152
8, 88
8, 24
8, 217
8, 153
8, 89
8, 25
8, 218
8, 154
8, 90
8, 26
8, 219
8, 155
8, 91
8, 27
8, 220
8, 156
8, 92
8, 28
8, 221
8, 157
8, 93
8, 29
8, 222
8, 158
8, 94
8, 30
8, 223
8, 159
8, 95
8, 31
8, 224
8, 160
8, 96
8, 32
8, 225
8, 161
8, 97
8, 33
8, 226
8, 162
8, 98
8, 34
8, 227
8, 163
8, 99
8, 35
8, 228
8, 164
8, 100
8, 36
8, 229
8, 165
8, 101
8, 37
8, 230
8, 166
8, 102
8, 38
8, 231
8, 167
8, 103
8, 39
8, 232
8, 168
8, 104
8, 40
8, 233
8, 169
8, 105
8, 41
8, 234
8, 170
8, 106
8, 42
8, 235
8, 171
8, 107
8, 43
8, 236
8, 172
8, 108
8, 44
8, 237
8, 173
8, 109
8, 45
8, 238
8, 174
8, 110
8, 46
8, 239
8, 175
8, 111
8, 47
8, 240
8, 176
8, 112
8, 48
8, 241
8, 177
8, 113
8, 49
8, 242
8, 178
8, 114
8, 50
8, 243
8, 179
8, 115
8, 51
8, 244
8, 180
8, 116
8, 52
8, 245
8, 181
8, 117
8, 53
8, 246
8, 182
8, 118
8, 54
8, 247
8, 183
8, 119
8, 55
8, 248
8, 184
8, 120
8, 56
8, 249
8, 185
8, 121
8, 57
8, 250
8, 186
8, 122
8, 58
8, 187
8, 123
8, 59
8, 188
8, 124
8, 60
8, 189
8, 125
8, 61
8, 190
8, 126
8, 62
8, 191
8, 127
8, 63
201, 192
201, 128
201, 64
201, 193
201, 129
201, 65
201, 1
201, 194
201, 130
201, 66
201, 2
201, 195
201, 131
201, 67
201, 3
201, 196
201, 132
201, 68
201, 4
201, 197
201, 133
201, 69
201, 5
201, 198
201, 134
201, 70
201, 6
201, 199
201, 135
201, 71
201, 7
201, 200
201, 136
201, 72
201, 8
201, 201
201, 137
201, 73
201, 9
201, 138
201, 74
201, 10
201, 202
201, 139
201, 75
201, 11
201, 203
201, 140
201, 76
201, 12
201, 204
201, 141
201, 77
201, 13
201, 205
201, 142
201, 78
201, 14
201, 206
201, 143
201, 79
201, 15
201, 207
201, 144
201, 80
201, 16
201, 208
201, 145
201, 81
201, 17
201, 209
201, 146
201, 82
201, 18
201, 210
201, 147
201, 83
201, 19
201, 211
201, 148
201, 84
201, 20
201, 212
201, 149
201, 85
201, 21
201, 213
201, 150
201, 86
201, 22
201, 214
201, 151
201, 87
201, 23
201, 215
201, 152
201, 88
201, 24
201, 216
201, 153
201, 89
201, 25
201, 217
201, 154
201, 90
201, 26
201, 218
201, 155
201, 91
201, 27
201, 219
201, 156
201, 92
201, 28
201, 220
201, 157
201, 93
201, 29
201, 221
201, 158
201, 94
201, 30
201, 222
201, 159
201, 95
201, 31
201, 223
201, 160
201, 96
201, 32
201, 224
201, 161
201, 97
201, 33
201, 225
201, 162
201, 98
201, 34
201, 226
201, 163
201, 99
201, 35
201, 227
201, 164
201, 100
201, 36
201, 228
201, 165
201, 101
201, 37
201, 229
201, 166
201, 102
201, 38
201, 230
201, 167
201, 103
201, 39
201, 231
201, 168
201, 104
201, 40
201, 232
201, 169
201, 105
201, 41
201, 233
201, 170
201, 106
201, 42
201, 234
201, 171
201, 107
201, 43
201, 235
201, 172
201, 108
201, 44
201, 236
201, 173
201, 109
201, 45
201, 237
201, 174
201, 110
201, 46
201, 238
201, 175
201, 111
201, 47
201, 239
201, 176
201, 112
201, 48
201, 240
201, 177
201, 113
201, 49
201, 241
201, 178
201, 114
201, 50
201, 242
201, 179
201, 115
201, 51
201, 243
201, 180
201, 116
201, 52
201, 244
201, 181
201, 117
201, 53
201, 245
201, 182
201, 118
201, 54
201, 246
201, 183
201, 119
201, 55
201, 247
201, 184
201, 120
201, 56
201, 248
201, 185
201, 121
201, 57
201, 249
201, 186
201, 122
201, 58
201, 250
201, 187
201, 123
201, 59
201, 188
201, 124
201, 60
201, 189
201, 125
201, 61
201, 190
201, 126
201, 62
201, 191
201, 127
201, 63
137, 128
137, 64
137, 192
137, 129
137, 65
137, 1
137, 193
137, 130
137, 66
137, 2
137, 194
137, 131
137, 67
137, 3
137, 195
137, 132
137, 68
137, 4
137, 196
137, 133
137, 69
137, 5
137, 197
137, 134
137, 70
137, 6
137, 198
137, 135
137, 71
137, 7
137, 199
137, 136
137, 72
137, 8
137, 200
137, 137
137, 73
137, 9
137, 201
137, 74
137, 10
137, 202
137, 138
137, 75
137, 11
137, 203
137, 139
137, 76
137, 12
137, 204
137, 140
137, 77
137, 13
137, 205
137, 141
137, 78
137, 14
137, 206
137, 142
137, 79
137, 15
137, 207
137, 143
137, 80
137, 16
137, 208
137, 144
137, 81
137, 17
137, 209
137, 145
137, 82
137, 18
137, 210
137, 146
137, 83
137, 19
137, 211
137, 147
137, 84
137, 20
137, 212
137, 148
137, 85
137, 21
137, 213
137, 149
137, 86
137, 22
137, 214
137, 150
137, 87
137, 23
137, 215
137, 151
137, 88
137, 24
137, 216
137, 152
137, 89
137, 25
137, 217
137, 153
137, 90
137, 26
137, 218
137, 154
137, 91
137, 27
137, 219
137, 155
137, 92
137, 28
137, 220
137, 156
137, 93
137, 29
137, 221
137, 157
137, 94
137, 30
137, 222
137, 158
137, 95
137, 31
137, 223
137, 159
137, 96
137, 32
137, 224
137, 160
137, 97
137, 33
137, 225
137, 161
137, 98
137, 34
137, 226
137, 162
137, 99
137, 35
137, 227
137, 163
137, 100
137, 36
137, 228
137, 164
137, 101
137, 37
137, 229
137, 165
137, 102
137, 38
137, 230
137, 166
137, 103
137, 39
137, 231
137, 167
137, 104
137, 40
137, 232
137, 168
137, 105
137, 41
137, 233
137, 169
137, 106
137, 42
137, 234
137, 170
137, 107
137, 43
137, 235
137, 171
137, 108
137, 44
137, 236
137, 172
137, 109
137, 45
137, 237
137, 173
137, 110
137, 46
137, 238
137, 174
137, 111
137, 47
137, 239
137, 175
137, 112
137, 48
137, 240
137, 176
137, 113
137, 49
137, 241
137, 177
137, 114
137, 50
137, 242
137, 178
137, 115
137, 51
137, 243
137, 179
137, 116
137, 52
137, 244
137, 180
137, 117
137, 53
137, 245
137, 181
137, 118
137, 54
137, 246
137, 182
137, 119
137, 55
137, 247
137, 183
137, 120
137, 56
137, 248
137, 184
137, 121
137, 57
137, 249
137, 185
137, 122
137, 58
137, 250
137, 186
137, 123
137, 59
137, 187
137, 124
137, 60
137, 188
137, 125
137, 61
137, 189
137, 126
137, 62
137, 190
137, 127
137, 63
137, 191
73, 64
73, 192
73, 128
73, 65
73, 1
73, 193
73, 129
73, 66
73, 2
73, 194
73, 130
73, 67
73, 3
73, 195
73, 131
73, 68
73, 4
73, 196
73, 132
73, 69
73, 5
73, 197
73, 133
73, 70
73, 6
73, 198
73, 134
73, 71
73, 7
73, 199
73, 135
73, 72
73, 8
73, 200
73, 136
73, 73
73, 9
73, 201
73, 137
73, 10
73, 202
73, 138
73, 74
73, 11
73, 203
73, 139
73, 75
73, 12
73, 204
73, 140
73, 76
73, 13
73, 205
73, 141
73, 77
73, 14
73, 206
73, 142
73, 78
73, 15
73, 207
73, 143
73, 79
73, 16
73, 208
73, 144
73, 80
73, 17
73, 209
73, 145
73, 81
73, 18
73, 210
73, 146
73, 82
73, 19
73, 211
73, 147
73, 83
73, 20
73, 212
73, 148
73, 84
73, 21
73, 213
73, 149
73, 85
73, 22
73, 214
73, 150
73, 86
73, 23
73, 215
73, 151
73, 87
73, 24
73, 216
73, 152
73, 88
73, 25
73, 217
73, 153
73, 89
73, 26
73, 218
73, 154
73, 90
73, 27
73, 219
73, 155
73, 91
73, 28
73, 220
73, 156
73, 92
73, 29
73, 221
73, 157
73, 93
73, 30
73, 222
73, 158
73, 94
73, 31
73, 223
73, 159
73, 95
73, 32
73, 224
73, 160
73, 96
73, 33
73, 225
73, 161
73, 97
73, 34
73, 226
73, 162
73, 98
73, 35
73, 227
73, 163
73, 99
73, 36
73, 228
73, 164
73, 100
73, 37
73, 229
73, 165
73, 101
73, 38
73, 230
73, 166
73, 102
73, 39
73, 231
73, 167
73, 103
73, 40
73, 232
73, 168
73, 104
73, 41
73, 233
73, 169
73, 105
73, 42
73, 234
73, 170
73, 106
73, 43
73, 235
73, 171
73, 107
73, 44
73, 236
73, 172
73, 108
73, 45
73, 237
73, 173
73, 109
73, 46
73, 238
73, 174
73, 110
73, 47
73, 239
73, 175
73, 111
73, 48
73, 240
73, 176
73, 112
73, 49
73, 241
73, 177
73, 113
73, 50
73, 242
73, 178
73, 114
73, 51
73, 243
73, 179
73, 115
73, 52
73, 244
73, 180
73, 116
73, 53
73, 245
73, 181
73, 117
73, 54
73, 246
73, 182
73, 118
73, 55
73, 247
73, 183
73, 119
73, 56
73, 248
73, 184
73, 120
73, 57
73, 249
73, 185
73, 121
73, 58
73, 250
73, 186
73, 122
73, 59
73, 187
73, 123
73, 60
73, 188
73, 124
73, 61
73, 189
73, 125
73, 62
73, 190
73, 126
73, 63
73, 191
73, 127
9, 192
9, 128
9, 64
9, 1
9, 193
9, 129
9, 65
9, 2
9, 194
9, 130
9, 66
9, 3
9, 195
9, 131
9, 67
9, 4
9, 196
9, 132
9, 68
9, 5
9, 197
9, 133
9, 69
9, 6
9, 198
9, 134
9, 70
9, 7
9, 199
9, 135
9, 71
9, 8
9, 200
9, 136
9, 72
9, 9
9, 201
9, 137
9, 73
9, 202
9, 138
9, 74
9, 10
9, 203
9, 139
9, 75
9, 11
9, 204
9, 140
9, 76
9, 12
9, 205
9, 141
9, 77
9, 13
9, 206
9, 142
9, 78
9, 14
9, 207
9, 143
9, 79
9, 15
9, 208
9, 144
9, 80
9, 16
9, 209
9, 145
9, 81
9, 17
9, 210
9, 146
9, 82
9, 18
9, 211
9, 147
9, 83
9, 19
9, 212
9, 148
9, 84
9, 20
9, 213
9, 149
9, 85
9, 21
9, 214
9, 150
9, 86
9, 22
9, 215
9, 151
9, 87
9, 23
9, 216
9, 152
9, 88
9, 24
9, 217
9, 153
9, 89
9, 25
9, 218
9, 154
9, 90
9, 26
9, 219
9, 155
9, 91
9, 27
9, 220
9, 156
9, 92
9, 28
9, 221
9, 157
9, 93
9, 29
9, 222
9, 158
9, 94
9, 30
9, 223
9, 159
9, 95
9, 31
9, 224
9, 160
9, 96
9, 32
9, 225
9, 161
9, 97
9, 33
9, 226
9, 162
9, 98
9, 34
9, 227
9, 163
9, 99
9, 35
9, 228
9, 164
9, 100
9, 36
9, 229
9, 165
9, 101
9, 37
9, 230
9, 166
9, 102
9, 38
9, 231
9, 167
9, 103
9, 39
9, 232
9, 168
9, 104
9, 40
9, 233
9, 169
9, 105
9, 41
9, 234
9, 170
9, 106
9, 42
9, 235
9, 171
9, 107
9, 43
9, 236
9, 172
9, 108
9, 44
9, 237
9, 173
9, 109
9, 45
9, 238
9, 174
9, 110
9, 46
9, 239
9, 175
9, 111
9, 47
9, 240
9, 176
9, 112
9, 48
9, 241
9, 177
9, 113
9, 49
9, 242
9, 178
9, 114
9, 50
9, 243
9, 179
9, 115
9, 51
9, 244
9, 180
9, 116
9, 52
9, 245
9, 181
9, 117
9, 53
9, 246
9, 182
9, 118
9, 54
9, 247
9, 183
9, 119
9, 55
9, 248
9, 184
9, 120
9, 56
9, 249
9, 185
9, 121
9, 57
9, 250
9, 186
9, 122
9, 58
9, 187
9, 123
9, 59
9, 188
9, 124
9, 60
9, 189
9, 125
9, 61
9, 190
9, 126
9, 62
9, 191
9, 127
9, 63
202, 192
202, 128
202, 64
202, 193
202, 129
202, 65
202, 1
202, 194
202, 130
202, 66
202, 2
202, 195
202, 131
202, 67
202, 3
202, 196
202, 132
202, 68
202, 4
202, 197
202, 133
202, 69
202, 5
202, 198
202, 134
202, 70
202, 6
202, 199
202, 135
202, 71
202, 7
202, 200
202, 136
202, 72
202, 8
202, 201
202, 137
202, 73
202, 9
202, 202
202, 138
202, 74
202, 10
202, 139
202, 75
202, 11
202, 203
202, 140
202, 76
202, 12
202, 204
202, 141
202, 77
202, 13
202, 205
202, 142
202, 78
202, 14
202, 206
202, 143
202, 79
202, 15
202, 207
202, 144
202, 80
202, 16
202, 208
202, 145
202, 81
202, 17
202, 209
202, 146
202, 82
202, 18
202, 210
202, 147
202, 83
202, 19
202, 211
202, 148
202, 84
202, 20
202, 212
202, 149
202, 85
202, 21
202, 213
202, 150
202, 86
202, 22
202, 214
202, 151
202, 87
202, 23
202, 215
202, 152
202, 88
202, 24
202, 216
202, 153
202, 89
202, 25
202, 217
202, 154
202, 90
202, 26
202, 218
202, 155
202, 91
202, 27
202, 219
202, 156
202, 92
202, 28
202, 220
202, 157
202, 93
202, 29
202, 221
202, 158
202, 94
202, 30
202, 222
202, 159
202, 95
202, 31
202, 223
202, 160
202, 96
202, 32
202, 224
202, 161
202, 97
202, 33
202, 225
202, 162
202, 98
202, 34
202, 226
202, 163
202, 99
202, 35
202, 227
202, 164
202, 100
202, 36
202, 228
202, 165
202, 101
202, 37
202, 229
202, 166
202, 102
202, 38
202, 230
202, 167
202, 103
202, 39
202, 231
202, 168
202, 104
202, 40
202, 232
202, 169
202, 105
202, 41
202, 233
202, 170
202, 106
202, 42
202, 234
202, 171
202, 107
202, 43
202, 235
202, 172
202, 108
202, 44
202, 236
202, 173
202, 109
202, 45
202, 237
202, 174
202, 110
202, 46
202, 238
202, 175
202, 111
202, 47
202, 239
202, 176
202, 112
202, 48
202, 240
202, 177
202, 113
202, 49
202, 241
202, 178
202, 114
202, 50
202, 242
202, 179
202, 115
202, 51
202, 243
202, 180
202, 116
202, 52
202, 244
202, 181
202, 117
202, 53
202, 245
202, 182
202, 118
202, 54
202, 246
202, 183
202, 119
202, 55
202, 247
202, 184
202, 120
202, 56
202, 248
202, 185
202, 121
202, 57
202, 249
202, 186
202, 122
202, 58
202, 250
202, 187
202, 123
202, 59
202, 188
202, 124
202, 60
202, 189
202, 125
202, 61
202, 190
202, 126
202, 62
202, 191
202, 127
202, 63
138, 128
138, 64
138, 192
138, 129
138, 65
138, 1
138, 193
138, 130
138, 66
138, 2
138, 194
138, 131
138, 67
138, 3
138, 195
138, 132
138, 68
138, 4
138, 196
138, 133
138, 69
138, 5
138, 197
138, 134
138, 70
138, 6
138, 198
138, 135
138, 71
138, 7
138, 199
138, 136
138, 72
138, 8
138, 200
138, 137
138, 73
138, 9
138, 201
138, 138
138, 74
138, 10
138, 202
138, 75
138, 11
138, 203
138, 139
138, 76
138, 12
138, 204
138, 140
138, 77
138, 13
138, 205
138, 141
138, 78
138, 14
138, 206
138, 142
138, 79
138, 15
138, 207
138, 143
138, 80
138, 16
138, 208
138, 144
138, 81
138, 17
138, 209
138, 145
138, 82
138, 18
138, 210
138, 146
138, 83
138, 19
138, 211
138, 147
138, 84
138, 20
138, 212
138, 148
138, 85
138, 21
138, 213
138, 149
138, 86
138, 22
138, 214
138, 150
138, 87
138, 23
138, 215
138, 151
138, 88
138, 24
138, 216
138, 152
138, 89
138, 25
138, 217
138, 153
138, 90
138, 26
138, 218
138, 154
138, 91
138, 27
138, 219
138, 155
138, 92
138, 28
138, 220
138, 156
138, 93
138, 29
138, 221
138, 157
138, 94
138, 30
138, 222
138, 158
138, 95
138, 31
138, 223
138, 159
138, 96
138, 32
138, 224
138, 160
138, 97
138, 33
138, 225
138, 161
138, 98
138, 34
138, 226
138, 162
138, 99
138, 35
138, 227
138, 163
138, 100
138, 36
138, 228
138, 164
138, 101
138, 37
138, 229
138, 165
138, 102
138, 38
138, 230
138, 166
138, 103
138, 39
138, 231
138, 167
138, 104
138, 40
138, 232
138, 168
138, 105
138, 41
138, 233
138, 169
138, 106
138, 42
138, 234
138, 170
138, 107
138, 43
138, 235
138, 171
138, 108
138, 44
138, 236
138, 172
138, 109
138, 45
138, 237
138, 173
138, 110
138, 46
138, 238
138, 174
138, 111
138, 47
138, 239
138, 175
138, 112
138, 48
138, 240
138, 176
138, 113
138, 49
138, 241
138, 177
138, 114
138, 50
138, 242
138, 178
138, 115
138, 51
138, 243
138, 179
138, 116
138, 52
138, 244
138, 180
138, 117
138, 53
138, 245
138, 181
138, 118
138, 54
138, 246
138, 182
138, 119
138, 55
138, 247
138, 183
138, 120
138, 56
138, 248
138, 184
138, 121
138, 57
138, 249
138, 185
138, 122
138, 58
138, 250
138, 186
138, 123
138, 59
138, 187
138, 124
138, 60
138, 188
138, 125
138, 61
138, 189
138, 126
138, 62
138, 190
138, 127
138, 63
138, 191
74, 64
74, 192
74, 128
74, 65
74, 1
74, 193
74, 129
74, 66
74, 2
74, 194
74, 130
74, 67
74, 3
74, 195
74, 131
74, 68
74, 4
74, 196
74, 132
74, 69
74, 5
74, 197
74, 133
74, 70
74, 6
74, 198
74, 134
74, 71
74, 7
74, 199
74, 135
74, 72
74, 8
74, 200
74, 136
74, 73
74, 9
74, 201
74, 137
74, 74
74, 10
74, 202
74, 138
74, 11
74, 203
74, 139
74, 75
74, 12
74, 204
74, 140
74, 76
74, 13
74, 205
74, 141
74, 77
74, 14
74, 206
74, 142
74, 78
74, 15
74, 207
74, 143
74, 79
74, 16
74, 208
74, 144
74, 80
74, 17
74, 209
74, 145
74, 81
74, 18
74, 210
74, 146
74, 82
74, 19
74, 211
74, 147
74, 83
74, 20
74, 212
74, 148
74, 84
74, 21
74, 213
74, 149
74, 85
74, 22
74, 214
74, 150
74, 86
74, 23
74, 215
74, 151
74, 87
74, 24
74, 216
74, 152
74, 88
74, 25
74, 217
74, 153
74, 89
74, 26
74, 218
74, 154
74, 90
74, 27
74, 219
74, 155
74, 91
74, 28
74, 220
74, 156
74, 92
74, 29
74, 221
74, 157
74, 93
74, 30
74, 222
74, 158
74, 94
74, 31
74, 223
74, 159
74, 95
74, 32
74, 224
74, 160
74, 96
74, 33
74, 225
74, 161
74, 97
74, 34
74, 226
74, 162
74, 98
74, 35
74, 227
74, 163
74, 99
74, 36
74, 228
74, 164
74, 100
74, 37
74, 229
74, 165
74, 101
74, 38
74, 230
74, 166
74, 102
74, 39
74, 231
74, 167
74, 103
74, 40
74, 232
74, 168
74, 104
74, 41
74, 233
74, 169
74, 105
74, 42
74, 234
74, 170
74, 106
74, 43
74, 235
74, 171
74, 107
74, 44
74, 236
74, 172
74, 108
74, 45
74, 237
74, 173
74, 109
74, 46
74, 238
74, 174
74, 110
74, 47
74, 239
74, 175
74, 111
74, 48
74, 240
74, 176
74, 112
74, 49
74, 241
74, 177
74, 113
74, 50
74, 242
74, 178
74, 114
74, 51
74, 243
74, 179
74, 115
74, 52
74, 244
74, 180
74, 116
74, 53
74, 245
74, 181
74, 117
74, 54
74, 246
74, 182
74, 118
74, 55
74, 247
74, 183
74, 119
74, 56
74, 248
74, 184
74, 120
74, 57
74, 249
74, 185
74, 121
74, 58
74, 250
74, 186
74, 122
74, 59
74, 187
74, 123
74, 60
74, 188
74, 124
74, 61
74, 189
74, 125
74, 62
74, 190
74, 126
74, 63
74, 191
74, 127
10, 192
10, 128
10, 64
10, 1
10, 193
10, 129
10, 65
10, 2
10, 194
10, 130
10, 66
10, 3
10, 195
10, 131
10, 67
10, 4
10, 196
10, 132
10, 68
10, 5
10, 197
10, 133
10, 69
10, 6
10, 198
10, 134
10, 70
10, 7
10, 199
10, 135
10, 71
10, 8
10, 200
10, 136
10, 72
10, 9
10, 201
10, 137
10, 73
10, 10
10, 202
10, 138
10, 74
10, 203
10, 139
10, 75
10, 11
10, 204
10, 140
10, 76
10, 12
10, 205
10, 141
10, 77
10, 13
10, 206
10, 142
10, 78
10, 14
10, 207
10, 143
10, 79
10, 15
10, 208
10, 144
10, 80
10, 16
10, 209
10, 145
10, 81
10, 17
10, 210
10, 146
10, 82
10, 18
10, 211
10, 147
10, 83
10, 19
10, 212
10, 148
10, 84
10, 20
10, 213
10, 149
10, 85
10, 21
10, 214
10, 150
10, 86
10, 22
10, 215
10, 151
10, 87
10, 23
10, 216
10, 152
10, 88
10, 24
10, 217
10, 153
10, 89
10, 25
10, 218
10, 154
10, 90
10, 26
10, 219
10, 155
10, 91
10, 27
10, 220
10, 156
10, 92
10, 28
10, 221
10, 157
10, 93
10, 29
10, 222
10, 158
10, 94
10, 30
10, 223
10, 159
10, 95
10, 31
10, 224
10, 160
10, 96
10, 32
10, 225
10, 161
10, 97
10, 33
10, 226
10, 162
10, 98
10, 34
10, 227
10, 163
10, 99
10, 35
10, 228
10, 164
10, 100
10, 36
10, 229
10, 165
10, 101
10, 37
10, 230
10, 166
10, 102
10, 38
10, 231
10, 167
10, 103
10, 39
10, 232
10, 168
10, 104
10, 40
10, 233
10, 169
10, 105
10, 41
10, 234
10, 170
10, 106
10, 42
10, 235
10, 171
10, 107
10, 43
10, 236
10, 172
10, 108
10, 44
10, 237
10, 173
10, 109
10, 45
10, 238
10, 174
10, 110
10, 46
10, 239
10, 175
10, 111
10, 47
10, 240
10, 176
10, 112
10, 48
10, 241
10, 177
10, 113
10, 49
10, 242
10, 178
10, 114
10, 50
10, 243
10, 179
10, 115
10, 51
10, 244
10, 180
10, 116
10, 52
10, 245
10, 181
10, 117
10, 53
10, 246
10, 182
10, 118
10, 54
10, 247
10, 183
10, 119
10, 55
10, 248
10, 184
10, 120
10, 56
10, 249
10, 185
10, 121
10, 57
10, 250
10, 186
10, 122
10, 58
10, 187
10, 123
10, 59
10, 188
10, 124
10, 60
10, 189
10, 125
10, 61
10, 190
10, 126
10, 62
10, 191
10, 127
10, 63
203, 192
203, 128
203, 64
203, 193
203, 129
203, 65
203, 1
203, 194
203, 130
203, 66
203, 2
203, 195
203, 131
203, 67
203, 3
203, 196
203, 132
203, 68
203, 4
203, 197
203, 133
203, 69
203, 5
203, 198
203, 134
203, 70
203, 6
203, 199
203, 135
203, 71
203, 7
203, 200
203, 136
203, 72
203, 8
203, 201
203, 137
203, 73
203, 9
203, 202
203, 138
203, 74
203, 10
203, 203
203, 139
203, 75
203, 11
203, 140
203, 76
203, 12
203, 204
203, 141
203, 77
203, 13
203, 205
203, 142
203, 78
203, 14
203, 206
203, 143
203, 79
203, 15
203, 207
203, 144
203, 80
203, 16
203, 208
203, 145
203, 81
203, 17
203, 209
203, 146
203, 82
203, 18
203, 210
203, 147
203, 83
203, 19
203, 211
203, 148
203, 84
203, 20
203, 212
203, 149
203, 85
203, 21
203, 213
203, 150
203, 86
203, 22
203, 214
203, 151
203, 87
203, 23
203, 215
203, 152
203, 88
203, 24
203, 216
203, 153
203, 89
203, 25
203, 217
203, 154
203, 90
203, 26
203, 218
203, 155
203, 91
203, 27
203, 219
203, 156
203, 92
203, 28
203, 220
203, 157
203, 93
203, 29
203, 221
203, 158
203, 94
203, 30
203, 222
203, 159
203, 95
203, 31
203, 223
203, 160
203, 96
203, 32
203, 224
203, 161
203, 97
203, 33
203, 225
203, 162
203, 98
203, 34
203, 226
203, 163
203, 99
203, 35
203, 227
203, 164
203, 100
203, 36
203, 228
203, 165
203, 101
203, 37
203, 229
203, 166
203, 102
203, 38
203, 230
203, 167
203, 103
203, 39
203, 231
203, 168
203, 104
203, 40
203, 232
203, 169
203, 105
203, 41
203, 233
203, 170
203, 106
203, 42
203, 234
203, 171
203, 107
203, 43
203, 235
203, 172
203, 108
203, 44
203, 236
203, 173
203, 109
203, 45
203, 237
203, 174
203, 110
203, 46
203, 238
203, 175
203, 111
203, 47
203, 239
203, 176
203, 112
203, 48
203, 240
203, 177
203, 113
203, 49
203, 241
203, 178
203, 114
203, 50
203, 242
203, 179
203, 115
203, 51
203, 243
203, 180
203, 116
203, 52
203, 244
203, 181
203, 117
203, 53
203, 245
203, 182
203, 118
203, 54
203, 246
203, 183
203, 119
203, 55
203, 247
203, 184
203, 120
203, 56
203, 248
203, 185
203, 121
203, 57
203, 249
203, 186
203, 122
203, 58
203, 250
203, 187
203, 123
203, 59
203, 188
203, 124
203, 60
203, 189
203, 125
203, 61
203, 190
203, 126
203, 62
203, 191
203, 127
203, 63
139, 128
139, 64
139, 192
139, 129
139, 65
139, 1
139, 193
139, 130
139, 66
139, 2
139, 194
139, 131
139, 67
139, 3
139, 195
139, 132
139, 68
139, 4
139, 196
139, 133
139, 69
139, 5
139, 197
139, 134
139, 70
139, 6
139, 198
139, 135
139, 71
139, 7
139, 199
139, 136
139, 72
139, 8
139, 200
139, 137
139, 73
139, 9
139, 201
139, 138
139, 74
139, 10
139, 202
139, 139
139, 75
139, 11
139, 203
139, 76
139, 12
139, 204
139, 140
139, 77
139, 13
139, 205
139, 141
139, 78
139, 14
139, 206
139, 142
139, 79
139, 15
139, 207
139, 143
139, 80
139, 16
139, 208
139, 144
139, 81
139, 17
139, 209
139, 145
139, 82
139, 18
139, 210
139, 146
139, 83
139, 19
139, 211
139, 147
139, 84
139, 20
139, 212
139, 148
139, 85
139, 21
139, 213
139, 149
139, 86
139, 22
139, 214
139, 150
139, 87
139, 23
139, 215
139, 151
139, 88
139, 24
139, 216
139, 152
139, 89
139, 25
139, 217
139, 153
139, 90
139, 26
139, 218
139, 154
139, 91
139, 27
139, 219
139, 155
139, 92
139, 28
139, 220
139, 156
139, 93
139, 29
139, 221
139, 157
139, 94
139, 30
139, 222
139, 158
139, 95
139, 31
139, 223
139, 159
139, 96
139, 32
139, 224
139, 160
139, 97
139, 33
139, 225
139, 161
139, 98
139, 34
139, 226
139, 162
139, 99
139, 35
139, 227
139, 163
139, 100
139, 36
139, 228
139, 164
139, 101
139, 37
139, 229
139, 165
139, 102
139, 38
139, 230
139, 166
139, 103
139, 39
139, 231
139, 167
139, 104
139, 40
139, 232
139, 168
139, 105
139, 41
139, 233
139, 169
139, 106
139, 42
139, 234
139, 170
139, 107
139, 43
139, 235
139, 171
139, 108
139, 44
139, 236
139, 172
139, 109
139, 45
139, 237
139, 173
139, 110
139, 46
139, 238
139, 174
139, 111
139, 47
139, 239
139, 175
139, 112
139, 48
139, 240
139, 176
139, 113
139, 49
139, 241
139, 177
139, 114
139, 50
139, 242
139, 178
139, 115
139, 51
139, 243
139, 179
139, 116
139, 52
139, 244
139, 180
139, 117
139, 53
139, 245
139, 181
139, 118
139, 54
139, 246
139, 182
139, 119
139, 55
139, 247
139, 183
139, 120
139, 56
139, 248
139, 184
139, 121
139, 57
139, 249
139, 185
139, 122
139, 58
139, 250
139, 186
139, 123
139, 59
139, 187
139, 124
139, 60
139, 188
139, 125
139, 61
139, 189
139, 126
139, 62
139, 190
139, 127
139, 63
139, 191
75, 64
75, 192
75, 128
75, 65
75, 1
75, 193
75, 129
75, 66
75, 2
75, 194
75, 130
75, 67
75, 3
75, 195
75, 131
75, 68
75, 4
75, 196
75, 132
75, 69
75, 5
75, 197
75, 133
75, 70
75, 6
75, 198
75, 134
75, 71
75, 7
75, 199
75, 135
75, 72
75, 8
75, 200
75, 136
75, 73
75, 9
75, 201
75, 137
75, 74
75, 10
75, 202
75, 138
75, 75
75, 11
75, 203
75, 139
75, 12
75, 204
75, 140
75, 76
75, 13
75, 205
75, 141
75, 77
75, 14
75, 206
75, 142
75, 78
75, 15
75, 207
75, 143
75, 79
75, 16
75, 208
75, 144
75, 80
75, 17
75, 209
75, 145
75, 81
75, 18
75, 210
75, 146
75, 82
75, 19
75, 211
75, 147
75, 83
75, 20
75, 212
75, 148
75, 84
75, 21
75, 213
75, 149
75, 85
75, 22
75, 214
75, 150
75, 86
75, 23
75, 215
75, 151
75, 87
75, 24
75, 216
75, 152
75, 88
75, 25
75, 217
75, 153
75, 89
75, 26
75, 218
75, 154
75, 90
75, 27
75, 219
75, 155
75, 91
75, 28
75, 220
75, 156
75, 92
75, 29
75, 221
75, 157
75, 93
75, 30
75, 222
75, 158
75, 94
75, 31
75, 223
75, 159
75, 95
75, 32
75, 224
75, 160
75, 96
75, 33
75, 225
75, 161
75, 97
75, 34
75, 226
75, 162
75, 98
75, 35
75, 227
75, 163
75, 99
75, 36
75, 228
75, 164
75, 100
75, 37
75, 229
75, 165
75, 101
75, 38
75, 230
75, 166
75, 102
75, 39
75, 231
75, 167
75, 103
75, 40
75, 232
75, 168
75, 104
75, 41
75, 233
75, 169
75, 105
75, 42
75, 234
75, 170
75, 106
75, 43
75, 235
75, 171
75, 107
75, 44
75, 236
75, 172
75, 108
75, 45
75, 237
75, 173
75, 109
75, 46
75, 238
75, 174
75, 110
75, 47
75, 239
75, 175
75, 111
75, 48
75, 240
75, 176
75, 112
75, 49
75, 241
75, 177
75, 113
75, 50
75, 242
75, 178
75, 114
75, 51
75, 243
75, 179
75, 115
75, 52
75, 244
75, 180
75, 116
75, 53
75, 245
75, 181
75, 117
75, 54
75, 246
75, 182
75, 118
75, 55
75, 247
75, 183
75, 119
75, 56
75, 248
75, 184
75, 120
75, 57
75, 249
75, 185
75, 121
75, 58
75, 250
75, 186
75, 122
75, 59
75, 187
75, 123
75, 60
75, 188
75, 124
75, 61
75, 189
75, 125
75, 62
75, 190
75, 126
75, 63
75, 191
75, 127
11, 192
11, 128
11, 64
11, 1
11, 193
11, 129
11, 65
11, 2
11, 194
11, 130
11, 66
11, 3
11, 195
11, 131
11, 67
11, 4
11, 196
11, 132
11, 68
11, 5
11, 197
11, 133
11, 69
11, 6
11, 198
11, 134
11, 70
11, 7
11, 199
11, 135
11, 71
11, 8
11, 200
11, 136
11, 72
11, 9
11, 201
11, 137
11, 73
11, 10
11, 202
11, 138
11, 74
11, 11
11, 203
11, 139
11, 75
11, 204
11, 140
11, 76
11, 12
11, 205
11, 141
11, 77
11, 13
11, 206
11, 142
11, 78
11, 14
11, 207
11, 143
11, 79
11, 15
11, 208
11, 144
11, 80
11, 16
11, 209
11, 145
11, 81
11, 17
11, 210
11, 146
11, 82
11, 18
11, 211
11, 147
11, 83
11, 19
11, 212
11, 148
11, 84
11, 20
11, 213
11, 149
11, 85
11, 21
11, 214
11, 150
11, 86
11, 22
11, 215
11, 151
11, 87
11, 23
11, 216
11, 152
11, 88
11, 24
11, 217
11, 153
11, 89
11, 25
11, 218
11, 154
11, 90
11, 26
11, 219
11, 155
11, 91
11, 27
11, 220
11, 156
11, 92
11, 28
11, 221
11, 157
11, 93
11, 29
11, 222
11, 158
11, 94
11, 30
11, 223
11, 159
11, 95
11, 31
11, 224
11, 160
11, 96
11, 32
11, 225
11, 161
11, 97
11, 33
11, 226
11, 162
11, 98
11, 34
11, 227
11, 163
11, 99
11, 35
11, 228
11, 164
11, 100
11, 36
11, 229
11, 165
11, 101
11, 37
11, 230
11, 166
11, 102
11, 38
11, 231
11, 167
11, 103
11, 39
11, 232
11, 168
11, 104
11, 40
11, 233
11, 169
11, 105
11, 41
11, 234
11, 170
11, 106
11, 42
11, 235
11, 171
11, 107
11, 43
11, 236
11, 172
11, 108
11, 44
11, 237
11, 173
11, 109
11, 45
11, 238
11, 174
11, 110
11, 46
11, 239
11, 175
11, 111
11, 47
11, 240
11, 176
11, 112
11, 48
11, 241
11, 177
11, 113
11, 49
11, 242
11, 178
11, 114
11, 50
11, 243
11, 179
11, 115
11, 51
11, 244
11, 180
11, 116
11, 52
11, 245
11, 181
11, 117
11, 53
11, 246
11, 182
11, 118
11, 54
11, 247
11, 183
11, 119
11, 55
11, 248
11, 184
11, 120
11, 56
11, 249
11, 185
11, 121
11, 57
11, 250
11, 186
11, 122
11, 58
11, 187
11, 123
11, 59
11, 188
11, 124
11, 60
11, 189
11, 125
11, 61
11, 190
11, 126
11, 62
11, 191
11, 127
11, 63
204, 192
204, 128
204, 64
204, 193
204, 129
204, 65
204, 1
204, 194
204, 130
204, 66
204, 2
204, 195
204, 131
204, 67
204, 3
204, 196
204, 132
204, 68
204, 4
204, 197
204, 133
204, 69
204, 5
204, 198
204, 134
204, 70
204, 6
204, 199
204, 135
204, 71
204, 7
204, 200
204, 136
204, 72
204, 8
204, 201
204, 137
204, 73
204, 9
204, 202
204, 138
204, 74
204, 10
204, 203
204, 139
204, 75
204, 11
204, 204
204, 140
204, 76
204, 12
204, 141
204, 77
204, 13
204, 205
204, 142
204, 78
204, 14
204, 206
204, 143
204, 79
204, 15
204, 207
204, 144
204, 80
204, 16
204, 208
204, 145
204, 81
204, 17
204, 209
204, 146
204, 82
204, 18
204, 210
204, 147
204, 83
204, 19
204, 211
204, 148
204, 84
204, 20
204, 212
204, 149
204, 85
204, 21
204, 213
204, 150
204, 86
204, 22
204, 214
204, 151
204, 87
204, 23
204, 215
204, 152
204, 88
204, 24
204, 216
204, 153
204, 89
204, 25
204, 217
204, 154
204, 90
204, 26
204, 218
204, 155
204, 91
204, 27
204, 219
204, 156
204, 92
204, 28
204, 220
204, 157
204, 93
204, 29
204, 221
204, 158
204, 94
204, 30
204, 222
204, 159
204, 95
204, 31
204, 223
204, 160
204, 96
204, 32
204, 224
204, 161
204, 97
204, 33
204, 225
204, 162
204, 98
204, 34
204, 226
204, 163
204, 99
204, 35
204, 227
204, 164
204, 100
204, 36
204, 228
204, 165
204, 101
204, 37
204, 229
204, 166
204, 102
204, 38
204, 230
204, 167
204, 103
204, 39
204, 231
204, 168
204, 104
204, 40
204, 232
204, 169
204, 105
204, 41
204, 233
204, 170
204, 106
204, 42
204, 234
204, 171
204, 107
204, 43
204, 235
204, 172
204, 108
204, 44
204, 236
204, 173
204, 109
204, 45
204, 237
204, 174
204, 110
204, 46
204, 238
204, 175
204, 111
204, 47
204, 239
204, 176
204, 112
204, 48
204, 240
204, 177
204, 113
204, 49
204, 241
204, 178
204, 114
204, 50
204, 242
204, 179
204, 115
204, 51
204, 243
204, 180
204, 116
204, 52
204, 244
204, 181
204, 117
204, 53
204, 245
204, 182
204, 118
204, 54
204, 246
204, 183
204, 119
204, 55
204, 247
204, 184
204, 120
204, 56
204, 248
204, 185
204, 121
204, 57
204, 249
204, 186
204, 122
204, 58
204, 250
204, 187
204, 123
204, 59
204, 188
204, 124
204, 60
204, 189
204, 125
204, 61
204, 190
204, 126
204, 62
204, 191
204, 127
204, 63
140, 128
140, 64
140, 192
140, 129
140, 65
140, 1
140, 193
140, 130
140, 66
140, 2
140, 194
140, 131
140, 67
140, 3
140, 195
140, 132
140, 68
140, 4
140, 196
140, 133
140, 69
140, 5
140, 197
140, 134
140, 70
140, 6
140, 198
140, 135
140, 71
140, 7
140, 199
140, 136
140, 72
140, 8
140, 200
140, 137
140, 73
140, 9
140, 201
140, 138
140, 74
140, 10
140, 202
140, 139
140, 75
140, 11
140, 203
140, 140
140, 76
140, 12
140, 204
140, 77
140, 13
140, 205
140, 141
140, 78
140, 14
140, 206
140, 142
140, 79
140, 15
140, 207
140, 143
140, 80
140, 16
140, 208
140, 144
140, 81
140, 17
140, 209
140, 145
140, 82
140, 18
140, 210
140, 146
140, 83
140, 19
140, 211
140, 147
140, 84
140, 20
140, 212
140, 148
140, 85
140, 21
140, 213
140, 149
140, 86
140, 22
140, 214
140, 150
140, 87
140, 23
140, 215
140, 151
140, 88
140, 24
140, 216
140, 152
140, 89
140, 25
140, 217
140, 153
140, 90
140, 26
140, 218
140, 154
140, 91
140, 27
140, 219
140, 155
140, 92
140, 28
140, 220
140, 156
140, 93
140, 29
140, 221
140, 157
140, 94
140, 30
140, 222
140, 158
140, 95
140, 31
140, 223
140, 159
140, 96
140, 32
140, 224
140, 160
140, 97
140, 33
140, 225
140, 161
140, 98
140, 34
140, 226
140, 162
140, 99
140, 35
140, 227
140, 163
140, 100
140, 36
140, 228
140, 164
140, 101
140, 37
140, 229
140, 165
140, 102
140, 38
140, 230
140, 166
140, 103
140, 39
140, 231
140, 167
140, 104
140, 40
140, 232
140, 168
140, 105
140, 41
140, 233
140, 169
140, 106
140, 42
140, 234
140, 170
140, 107
140, 43
140, 235
140, 171
140, 108
140, 44
140, 236
140, 172
140, 109
140, 45
140, 237
140, 173
140, 110
140, 46
140, 238
140, 174
140, 111
140, 47
140, 239
140, 175
140, 112
140, 48
140, 240
140, 176
140, 113
140, 49
140, 241
140, 177
140, 114
140, 50
140, 242
140, 178
140, 115
140, 51
140, 243
140, 179
140, 116
140, 52
140, 244
140, 180
140, 117
140, 53
140, 245
140, 181
140, 118
140, 54
140, 246
140, 182
140, 119
140, 55
140, 247
140, 183
140, 120
140, 56
140, 248
140, 184
140, 121
140, 57
140, 249
140, 185
140, 122
140, 58
140, 250
140, 186
140, 123
140, 59
140, 187
140, 124
140, 60
140, 188
140, 125
140, 61
140, 189
140, 126
140, 62
140, 190
140, 127
140, 63
140, 191
76, 64
76, 192
76, 128
76, 65
76, 1
76, 193
76, 129
76, 66
76, 2
76, 194
76, 130
76, 67
76, 3
76, 195
76, 131
76, 68
76, 4
76, 196
76, 132
76, 69
76, 5
76, 197
76, 133
76, 70
76, 6
76, 198
76, 134
76, 71
76, 7
76, 199
76, 135
76, 72
76, 8
76, 200
76, 136
76, 73
76, 9
76, 201
76, 137
76, 74
76, 10
76, 202
76, 138
76, 75
76, 11
76, 203
76, 139
76, 76
76, 12
76, 204
76, 140
76, 13
76, 205
76, 141
76, 77
76, 14
76, 206
76, 142
76, 78
76, 15
76, 207
76, 143
76, 79
76, 16
76, 208
76, 144
76, 80
76, 17
76, 209
76, 145
76, 81
76, 18
76, 210
76, 146
76, 82
76, 19
76, 211
76, 147
76, 83
76, 20
76, 212
76, 148
76, 84
76, 21
76, 213
76, 149
76, 85
76, 22
76, 214
76, 150
76, 86
76, 23
76, 215
76, 151
76, 87
76, 24
76, 216
76, 152
76, 88
76, 25
76, 217
76, 153
76, 89
76, 26
76, 218
76, 154
76, 90
76, 27
76, 219
76, 155
76, 91
76, 28
76, 220
76, 156
76, 92
76, 29
76, 221
76, 157
76, 93
76, 30
76, 222
76, 158
76, 94
76, 31
76, 223
76, 159
76, 95
76, 32
76, 224
76, 160
76, 96
76, 33
76, 225
76, 161
76, 97
76, 34
76, 226
76, 162
76, 98
76, 35
76, 227
76, 163
76, 99
76, 36
76, 228
76, 164
76, 100
76, 37
76, 229
76, 165
76, 101
76, 38
76, 230
76, 166
76, 102
76, 39
76, 231
76, 167
76, 103
76, 40
76, 232
76, 168
76, 104
76, 41
76, 233
76, 169
76, 105
76, 42
76, 234
76, 170
76, 106
76, 43
76, 235
76, 171
76, 107
76, 44
76, 236
76, 172
76, 108
76, 45
76, 237
76, 173
76, 109
76, 46
76, 238
76, 174
76, 110
76, 47
76, 239
76, 175
76, 111
76, 48
76, 240
76, 176
76, 112
76, 49
76, 241
76, 177
76, 113
76, 50
76, 242
76, 178
76, 114
76, 51
76, 243
76, 179
76, 115
76, 52
76, 244
76, 180
76, 116
76, 53
76, 245
76, 181
76, 117
76, 54
76, 246
76, 182
76, 118
76, 55
76, 247
76, 183
76, 119
76, 56
76, 248
76, 184
76, 120
76, 57
76, 249
76, 185
76, 121
76, 58
76, 250
76, 186
76, 122
76, 59
76, 187
76, 123
76, 60
76, 188
76, 124
76, 61
76, 189
76, 125
76, 62
76, 190
76, 126
76, 63
76, 191
76, 127
12, 192
12, 128
12, 64
12, 1
12, 193
12, 129
12, 65
12, 2
12, 194
12, 130
12, 66
12, 3
12, 195
12, 131
12, 67
12, 4
12, 196
12, 132
12, 68
12, 5
12, 197
12, 133
12, 69
12, 6
12, 198
12, 134
12, 70
12, 7
12, 199
12, 135
12, 71
12, 8
12, 200
12, 136
12, 72
12, 9
12, 201
12, 137
12, 73
12, 10
12, 202
12, 138
12, 74
12, 11
12, 203
12, 139
12, 75
12, 12
12, 204
12, 140
12, 76
12, 205
12, 141
12, 77
12, 13
12, 206
12, 142
12, 78
12, 14
12, 207
12, 143
12, 79
12, 15
12, 208
12, 144
12, 80
12, 16
12, 209
12, 145
12, 81
12, 17
12, 210
12, 146
12, 82
12, 18
12, 211
12, 147
12, 83
12, 19
12, 212
12, 148
12, 84
12, 20
12, 213
12, 149
12, 85
12, 21
12, 214
12, 150
12, 86
12, 22
12, 215
12, 151
12, 87
12, 23
12, 216
12, 152
12, 88
12, 24
12, 217
12, 153
12, 89
12, 25
12, 218
12, 154
12, 90
12, 26
12, 219
12, 155
12, 91
12, 27
12, 220
12, 156
12, 92
12, 28
12, 221
12, 157
12, 93
12, 29
12, 222
12, 158
12, 94
12, 30
12, 223
12, 159
12, 95
12, 31
12, 224
12, 160
12, 96
12, 32
12, 225
12, 161
12, 97
12, 33
12, 226
12, 162
12, 98
12, 34
12, 227
12, 163
12, 99
12, 35
12, 228
12, 164
12, 100
12, 36
12, 229
12, 165
12, 101
12, 37
12, 230
12, 166
12, 102
12, 38
12, 231
12, 167
12, 103
12, 39
12, 232
12, 168
12, 104
12, 40
12, 233
12, 169
12, 105
12, 41
12, 234
12, 170
12, 106
12, 42
12, 235
12, 171
12, 107
12, 43
12, 236
12, 172
12, 108
12, 44
12, 237
12, 173
12, 109
12, 45
12, 238
12, 174
12, 110
12, 46
12, 239
12, 175
12, 111
12, 47
12, 240
12, 176
12, 112
12, 48
12, 241
12, 177
12, 113
12, 49
12, 242
12, 178
12, 114
12, 50
12, 243
12, 179
12, 115
12, 51
12, 244
12, 180
12, 116
12, 52
12, 245
12, 181
12, 117
12, 53
12, 246
12, 182
12, 118
12, 54
12, 247
12, 183
12, 119
12, 55
12, 248
12, 184
12, 120
12, 56
12, 249
12, 185
12, 121
12, 57
12, 250
12, 186
12, 122
12, 58
12, 187
12, 123
12, 59
12, 188
12, 124
12, 60
12, 189
12, 125
12, 61
12, 190
12, 126
12, 62
12, 191
12, 127
12, 63
205, 192
205, 128
205, 64
205, 193
205, 129
205, 65
205, 1
205, 194
205, 130
205, 66
205, 2
205, 195
205, 131
205, 67
205, 3
205, 196
205, 132
205, 68
205, 4
205, 197
205, 133
205, 69
205, 5
205, 198
205, 134
205, 70
205, 6
205, 199
205, 135
205, 71
205, 7
205, 200
205, 136
205, 72
205, 8
205, 201
205, 137
205, 73
205, 9
205, 202
205, 138
205, 74
205, 10
205, 203
205, 139
205, 75
205, 11
205, 204
205, 140
205, 76
205, 12
205, 205
205, 141
205, 77
205, 13
205, 142
205, 78
205, 14
205, 206
205, 143
205, 79
205, 15
205, 207
205, 144
205, 80
205, 16
205, 208
205, 145
205, 81
205, 17
205, 209
205, 146
205, 82
205, 18
205, 210
205, 147
205, 83
205, 19
205, 211
205, 148
205, 84
205, 20
205, 212
205, 149
205, 85
205, 21
205, 213
205, 150
205, 86
205, 22
205, 214
205, 151
205, 87
205, 23
205, 215
205, 152
205, 88
205, 24
205, 216
205, 153
205, 89
205, 25
205, 217
205, 154
205, 90
205, 26
205, 218
205, 155
205, 91
205, 27
205, 219
205, 156
205, 92
205, 28
205, 220
205, 157
205, 93
205, 29
205, 221
205, 158
205, 94
205, 30
205, 222
205, 159
205, 95
205, 31
205, 223
205, 160
205, 96
205, 32
205, 224
205, 161
205, 97
205, 33
205, 225
205, 162
205, 98
205, 34
205, 226
205, 163
205, 99
205, 35
205, 227
205, 164
205, 100
205, 36
205, 228
205, 165
205, 101
205, 37
205, 229
205, 166
205, 102
205, 38
205, 230
205, 167
205, 103
205, 39
205, 231
205, 168
205, 104
205, 40
205, 232
205, 169
205, 105
205, 41
205, 233
205, 170
205, 106
205, 42
205, 234
205, 171
205, 107
205, 43
205, 235
205, 172
205, 108
205, 44
205, 236
205, 173
205, 109
205, 45
205, 237
205, 174
205, 110
205, 46
205, 238
205, 175
205, 111
205, 47
205, 239
205, 176
205, 112
205, 48
205, 240
205, 177
205, 113
205, 49
205, 241
205, 178
205, 114
205, 50
205, 242
205, 179
205, 115
205, 51
205, 243
205, 180
205, 116
205, 52
205, 244
205, 181
205, 117
205, 53
205, 245
205, 182
205, 118
205, 54
205, 246
205, 183
205, 119
205, 55
205, 247
205, 184
205, 120
205, 56
205, 248
205, 185
205, 121
205, 57
205, 249
205, 186
205, 122
205, 58
205, 250
205, 187
205, 123
205, 59
205, 188
205, 124
205, 60
205, 189
205, 125
205, 61
205, 190
205, 126
205, 62
205, 191
205, 127
205, 63
141, 128
141, 64
141, 192
141, 129
141, 65
141, 1
141, 193
141, 130
141, 66
141, 2
141, 194
141, 131
141, 67
141, 3
141, 195
141, 132
141, 68
141, 4
141, 196
141, 133
141, 69
141, 5
141, 197
141, 134
141, 70
141, 6
141, 198
141, 135
141, 71
141, 7
141, 199
141, 136
141, 72
141, 8
141, 200
141, 137
141, 73
141, 9
141, 201
141, 138
141, 74
141, 10
141, 202
141, 139
141, 75
141, 11
141, 203
141, 140
141, 76
141, 12
141, 204
141, 141
141, 77
141, 13
141, 205
141, 78
141, 14
141, 206
141, 142
141, 79
141, 15
141, 207
141, 143
141, 80
141, 16
141, 208
141, 144
141, 81
141, 17
141, 209
141, 145
141, 82
141, 18
141, 210
141, 146
141, 83
141, 19
141, 211
141, 147
141, 84
141, 20
141, 212
141, 148
141, 85
141, 21
141, 213
141, 149
141, 86
141, 22
141, 214
141, 150
141, 87
141, 23
141, 215
141, 151
141, 88
141, 24
141, 216
141, 152
141, 89
141, 25
141, 217
141, 153
141, 90
141, 26
141, 218
141, 154
141, 91
141, 27
141, 219
141, 155
141, 92
141, 28
141, 220
141, 156
141, 93
141, 29
141, 221
141, 157
141, 94
141, 30
141, 222
141, 158
141, 95
141, 31
141, 223
141, 159
141, 96
141, 32
141, 224
141, 160
141, 97
141, 33
141, 225
141, 161
141, 98
141, 34
141, 226
141, 162
141, 99
141, 35
141, 227
141, 163
141, 100
141, 36
141, 228
141, 164
141, 101
141, 37
141, 229
141, 165
141, 102
141, 38
141, 230
141, 166
141, 103
141, 39
141, 231
141, 167
141, 104
141, 40
141, 232
141, 168
141, 105
141, 41
141, 233
141, 169
141, 106
141, 42
141, 234
141, 170
141, 107
141, 43
141, 235
141, 171
141, 108
141, 44
141, 236
141, 172
141, 109
141, 45
141, 237
141, 173
141, 110
141, 46
141, 238
141, 174
141, 111
141, 47
141, 239
141, 175
141, 112
141, 48
141, 240
141, 176
141, 113
141, 49
141, 241
141, 177
141, 114
141, 50
141, 242
141, 178
141, 115
141, 51
141, 243
141, 179
141, 116
141, 52
141, 244
141, 180
141, 117
141, 53
141, 245
141, 181
141, 118
141, 54
141, 246
141, 182
141, 119
141, 55
141, 247
141, 183
141, 120
141, 56
141, 248
141, 184
141, 121
141, 57
141, 249
141, 185
141, 122
141, 58
141, 250
141, 186
141, 123
141, 59
141, 187
141, 124
141, 60
141, 188
141, 125
141, 61
141, 189
141, 126
141, 62
141, 190
141, 127
141, 63
141, 191
77, 64
77, 192
77, 128
77, 65
77, 1
77, 193
77, 129
77, 66
77, 2
77, 194
77, 130
77, 67
77, 3
77, 195
77, 131
77, 68
77, 4
77, 196
77, 132
77, 69
77, 5
77, 197
77, 133
77, 70
77, 6
77, 198
77, 134
77, 71
77, 7
77, 199
77, 135
77, 72
77, 8
77, 200
77, 136
77, 73
77, 9
77, 201
77, 137
77, 74
77, 10
77, 202
77, 138
77, 75
77, 11
77, 203
77, 139
77, 76
77, 12
77, 204
77, 140
77, 77
77, 13
77, 205
77, 141
77, 14
77, 206
77, 142
77, 78
77, 15
77, 207
77, 143
77, 79
77, 16
77, 208
77, 144
77, 80
77, 17
77, 209
77, 145
77, 81
77, 18
77, 210
77, 146
77, 82
77, 19
77, 211
77, 147
77, 83
77, 20
77, 212
77, 148
77, 84
77, 21
77, 213
77, 149
77, 85
77, 22
77, 214
77, 150
77, 86
77, 23
77, 215
77, 151
77, 87
77, 24
77, 216
77, 152
77, 88
77, 25
77, 217
77, 153
77, 89
77, 26
77, 218
77, 154
77, 90
77, 27
77, 219
77, 155
77, 91
77, 28
77, 220
77, 156
77, 92
77, 29
77, 221
77, 157
77, 93
77, 30
77, 222
77, 158
77, 94
77, 31
77, 223
77, 159
77, 95
77, 32
77, 224
77, 160
77, 96
77, 33
77, 225
77, 161
77, 97
77, 34
77, 226
77, 162
77, 98
77, 35
77, 227
77, 163
77, 99
77, 36
77, 228
77, 164
77, 100
77, 37
77, 229
77, 165
77, 101
77, 38
77, 230
77, 166
77, 102
77, 39
77, 231
77, 167
77, 103
77, 40
77, 232
77, 168
77, 104
77, 41
77, 233
77, 169
77, 105
77, 42
77, 234
77, 170
77, 106
77, 43
77, 235
77, 171
77, 107
77, 44
77, 236
77, 172
77, 108
77, 45
77, 237
77, 173
77, 109
77, 46
77, 238
77, 174
77, 110
77, 47
77, 239
77, 175
77, 111
77, 48
77, 240
77, 176
77, 112
77, 49
77, 241
77, 177
77, 113
77, 50
77, 242
77, 178
77, 114
77, 51
77, 243
77, 179
77, 115
77, 52
77, 244
77, 180
77, 116
77, 53
77, 245
77, 181
77, 117
77, 54
77, 246
77, 182
77, 118
77, 55
77, 247
77, 183
77, 119
77, 56
77, 248
77, 184
77, 120
77, 57
77, 249
77, 185
77, 121
77, 58
77, 250
77, 186
77, 122
77, 59
77, 187
77, 123
77, 60
77, 188
77, 124
77, 61
77, 189
77, 125
77, 62
77, 190
77, 126
77, 63
77, 191
77, 127
13, 192
13, 128
13, 64
13, 1
13, 193
13, 129
13, 65
13, 2
13, 194
13, 130
13, 66
13, 3
13, 195
13, 131
13, 67
13, 4
13, 196
13, 132
13, 68
13, 5
13, 197
13, 133
13, 69
13, 6
13, 198
13, 134
13, 70
13, 7
13, 199
13, 135
13, 71
13, 8
13, 200
13, 136
13, 72
13, 9
13, 201
13, 137
13, 73
13, 10
13, 202
13, 138
13, 74
13, 11
13, 203
13, 139
13, 75
13, 12
13, 204
13, 140
13, 76
13, 13
13, 205
13, 141
13, 77
13, 206
13, 142
13, 78
13, 14
13, 207
13, 143
13, 79
13, 15
13, 208
13, 144
13, 80
13, 16
13, 209
13, 145
13, 81
13, 17
13, 210
13, 146
13, 82
13, 18
13, 211
13, 147
13, 83
13, 19
13, 212
13, 148
13, 84
13, 20
13, 213
13, 149
13, 85
13, 21
13, 214
13, 150
13, 86
13, 22
13, 215
13, 151
13, 87
13, 23
13, 216
13, 152
13, 88
13, 24
13, 217
13, 153
13, 89
13, 25
13, 218
13, 154
13, 90
13, 26
13, 219
13, 155
13, 91
13, 27
13, 220
13, 156
13, 92
13, 28
13, 221
13, 157
13, 93
13, 29
13, 222
13, 158
13, 94
13, 30
13, 223
13, 159
13, 95
13, 31
13, 224
13, 160
13, 96
13, 32
13, 225
13, 161
13, 97
13, 33
13, 226
13, 162
13, 98
13, 34
13, 227
13, 163
13, 99
13, 35
13, 228
13, 164
13, 100
13, 36
13, 229
13, 165
13, 101
13, 37
13, 230
13, 166
13, 102
13, 38
13, 231
13, 167
13, 103
13, 39
13, 232
13, 168
13, 104
13, 40
13, 233
13, 169
13, 105
13, 41
13, 234
13, 170
13, 106
13, 42
13, 235
13, 171
13, 107
13, 43
13, 236
13, 172
13, 108
13, 44
13, 237
13, 173
13, 109
13, 45
13, 238
13, 174
13, 110
13, 46
13, 239
13, 175
13, 111
13, 47
13, 240
13, 176
13, 112
13, 48
13, 241
13, 177
13, 113
13, 49
13, 242
13, 178
13, 114
13, 50
13, 243
13, 179
13, 115
13, 51
13, 244
13, 180
13, 116
13, 52
13, 245
13, 181
13, 117
13, 53
13, 246
13, 182
13, 118
13, 54
13, 247
13, 183
13, 119
13, 55
13, 248
13, 184
13, 120
13, 56
13, 249
13, 185
13, 121
13, 57
13, 250
13, 186
13, 122
13, 58
13, 187
13, 123
13, 59
13, 188
13, 124
13, 60
13, 189
13, 125
13, 61
13, 190
13, 126
13, 62
13, 191
13, 127
13, 63
206, 192
206, 128
206, 64
206, 193
206, 129
206, 65
206, 1
206, 194
206, 130
206, 66
206, 2
206, 195
206, 131
206, 67
206, 3
206, 196
206, 132
206, 68
206, 4
206, 197
206, 133
206, 69
206, 5
206, 198
206, 134
206, 70
206, 6
206, 199
206, 135
206, 71
206, 7
206, 200
206, 136
206, 72
206, 8
206, 201
206, 137
206, 73
206, 9
206, 202
206, 138
206, 74
206, 10
206, 203
206, 139
206, 75
206, 11
206, 204
206, 140
206, 76
206, 12
206, 205
206, 141
206, 77
206, 13
206, 206
206, 142
206, 78
206, 14
206, 143
206, 79
206, 15
206, 207
206, 144
206, 80
206, 16
206, 208
206, 145
206, 81
206, 17
206, 209
206, 146
206, 82
206, 18
206, 210
206, 147
206, 83
206, 19
206, 211
206, 148
206, 84
206, 20
206, 212
206, 149
206, 85
206, 21
206, 213
206, 150
206, 86
206, 22
206, 214
206, 151
206, 87
206, 23
206, 215
206, 152
206, 88
206, 24
206, 216
206, 153
206, 89
206, 25
206, 217
206, 154
206, 90
206, 26
206, 218
206, 155
206, 91
206, 27
206, 219
206, 156
206, 92
206, 28
206, 220
206, 157
206, 93
206, 29
206, 221
206, 158
206, 94
206, 30
206, 222
206, 159
206, 95
206, 31
206, 223
206, 160
206, 96
206, 32
206, 224
206, 161
206, 97
206, 33
206, 225
206, 162
206, 98
206, 34
206, 226
206, 163
206, 99
206, 35
206, 227
206, 164
206, 100
206, 36
206, 228
206, 165
206, 101
206, 37
206, 229
206, 166
206, 102
206, 38
206, 230
206, 167
206, 103
206, 39
206, 231
206, 168
206, 104
206, 40
206, 232
206, 169
206, 105
206, 41
206, 233
206, 170
206, 106
206, 42
206, 234
206, 171
206, 107
206, 43
206, 235
206, 172
206, 108
206, 44
206, 236
206, 173
206, 109
206, 45
206, 237
206, 174
206, 110
206, 46
206, 238
206, 175
206, 111
206, 47
206, 239
206, 176
206, 112
206, 48
206, 240
206, 177
206, 113
206, 49
206, 241
206, 178
206, 114
206, 50
206, 242
206, 179
206, 115
206, 51
206, 243
206, 180
206, 116
206, 52
206, 244
206, 181
206, 117
206, 53
206, 245
206, 182
206, 118
206, 54
206, 246
206, 183
206, 119
206, 55
206, 247
206, 184
206, 120
206, 56
206, 248
206, 185
206, 121
206, 57
206, 249
206, 186
206, 122
206, 58
206, 250
206, 187
206, 123
206, 59
206, 188
206, 124
206, 60
206, 189
206, 125
206, 61
206, 190
206, 126
206, 62
206, 191
206, 127
206, 63
142, 128
142, 64
142, 192
142, 129
142, 65
142, 1
142, 193
142, 130
142, 66
142, 2
142, 194
142, 131
142, 67
142, 3
142, 195
142, 132
142, 68
142, 4
142, 196
142, 133
142, 69
142, 5
142, 197
142, 134
142, 70
142, 6
142, 198
142, 135
142, 71
142, 7
142, 199
142, 136
142, 72
142, 8
142, 200
142, 137
142, 73
142, 9
142, 201
142, 138
142, 74
142, 10
142, 202
142, 139
142, 75
142, 11
142, 203
142, 140
142, 76
142, 12
142, 204
142, 141
142, 77
142, 13
142, 205
142, 142
142, 78
142, 14
142, 206
142, 79
142, 15
142, 207
142, 143
142, 80
142, 16
142, 208
142, 144
142, 81
142, 17
142, 209
142, 145
142, 82
142, 18
142, 210
142, 146
142, 83
142, 19
142, 211
142, 147
142, 84
142, 20
142, 212
142, 148
142, 85
142, 21
142, 213
142, 149
142, 86
142, 22
142, 214
142, 150
142, 87
142, 23
142, 215
142, 151
142, 88
142, 24
142, 216
142, 152
142, 89
142, 25
142, 217
142, 153
142, 90
142, 26
142, 218
142, 154
142, 91
142, 27
142, 219
142, 155
142, 92
142, 28
142, 220
142, 156
142, 93
142, 29
142, 221
142, 157
142, 94
142, 30
142, 222
142, 158
142, 95
142, 31
142, 223
142, 159
142, 96
142, 32
142, 224
142, 160
142, 97
142, 33
142, 225
142, 161
142, 98
142, 34
142, 226
142, 162
142, 99
142, 35
142, 227
142, 163
142, 100
142, 36
142, 228
142, 164
142, 101
142, 37
142, 229
142, 165
142, 102
142, 38
142, 230
142, 166
142, 103
142, 39
142, 231
142, 167
142, 104
142, 40
142, 232
142, 168
142, 105
142, 41
142, 233
142, 169
142, 106
142, 42
142, 234
142, 170
142, 107
142, 43
142, 235
142, 171
142, 108
142, 44
142, 236
142, 172
142, 109
142, 45
142, 237
142, 173
142, 110
142, 46
142, 238
142, 174
142, 111
142, 47
142, 239
142, 175
142, 112
142, 48
142, 240
142, 176
142, 113
142, 49
142, 241
142, 177
142, 114
142, 50
142, 242
142, 178
142, 115
142, 51
142, 243
142, 179
142, 116
142, 52
142, 244
142, 180
142, 117
142, 53
142, 245
142, 181
142, 118
142, 54
142, 246
142, 182
142, 119
142, 55
142, 247
142, 183
142, 120
142, 56
142, 248
142, 184
142, 121
142, 57
142, 249
142, 185
142, 122
142, 58
142, 250
142, 186
142, 123
142, 59
142, 187
142, 124
142, 60
142, 188
142, 125
142, 61
142, 189
142, 126
142, 62
142, 190
142, 127
142, 63
142, 191
78, 64
78, 192
78, 128
78, 65
78, 1
78, 193
78, 129
78, 66
78, 2
78, 194
78, 130
78, 67
78, 3
78, 195
78, 131
78, 68
78, 4
78, 196
78, 132
78, 69
78, 5
78, 197
78, 133
78, 70
78, 6
78, 198
78, 134
78, 71
78, 7
78, 199
78, 135
78, 72
78, 8
78, 200
78, 136
78, 73
78, 9
78, 201
78, 137
78, 74
78, 10
78, 202
78, 138
78, 75
78, 11
78, 203
78, 139
78, 76
78, 12
78, 204
78, 140
78, 77
78, 13
78, 205
78, 141
78, 78
78, 14
78, 206
78, 142
78, 15
78, 207
78, 143
78, 79
78, 16
78, 208
78, 144
78, 80
78, 17
78, 209
78, 145
78, 81
78, 18
78, 210
78, 146
78, 82
78, 19
78, 211
78, 147
78, 83
78, 20
78, 212
78, 148
78, 84
78, 21
78, 213
78, 149
78, 85
78, 22
78, 214
78, 150
78, 86
78, 23
78, 215
78, 151
78, 87
78, 24
78, 216
78, 152
78, 88
78, 25
78, 217
78, 153
78, 89
78, 26
78, 218
78, 154
78, 90
78, 27
78, 219
78, 155
78, 91
78, 28
78, 220
78, 156
78, 92
78, 29
78, 221
78, 157
78, 93
78, 30
78, 222
78, 158
78, 94
78, 31
78, 223
78, 159
78, 95
78, 32
78, 224
78, 160
78, 96
78, 33
78, 225
78, 161
78, 97
78, 34
78, 226
78, 162
78, 98
78, 35
78, 227
78, 163
78, 99
78, 36
78, 228
78, 164
78, 100
78, 37
78, 229
78, 165
78, 101
78, 38
78, 230
78, 166
78, 102
78, 39
78, 231
78, 167
78, 103
78, 40
78, 232
78, 168
78, 104
78, 41
78, 233
78, 169
78, 105
78, 42
78, 234
78, 170
78, 106
78, 43
78, 235
78, 171
78, 107
78, 44
78, 236
78, 172
78, 108
78, 45
78, 237
78, 173
78, 109
78, 46
78, 238
78, 174
78, 110
78, 47
78, 239
78, 175
78, 111
78, 48
78, 240
78, 176
78, 112
78, 49
78, 241
78, 177
78, 113
78, 50
78, 242
78, 178
78, 114
78, 51
78, 243
78, 179
78, 115
78, 52
78, 244
78, 180
78, 116
78, 53
78, 245
78, 181
78, 117
78, 54
78, 246
78, 182
78, 118
78, 55
78, 247
78, 183
78, 119
78, 56
78, 248
78, 184
78, 120
78, 57
78, 249
78, 185
78, 121
78, 58
78, 250
78, 186
78, 122
78, 59
78, 187
78, 123
78, 60
78, 188
78, 124
78, 61
78, 189
78, 125
78, 62
78, 190
78, 126
78, 63
78, 191
78, 127
14, 192
14, 128
14, 64
14, 1
14, 193
14, 129
14, 65
14, 2
14, 194
14, 130
14, 66
14, 3
14, 195
14, 131
14, 67
14, 4
14, 196
14, 132
14, 68
14, 5
14, 197
14, 133
14, 69
14, 6
14, 198
14, 134
14, 70
14, 7
14, 199
14, 135
14, 71
14, 8
14, 200
14, 136
14, 72
14, 9
14, 201
14, 137
14, 73
14, 10
14, 202
14, 138
14, 74
14, 11
14, 203
14, 139
14, 75
14, 12
14, 204
14, 140
14, 76
14, 13
14, 205
14, 141
14, 77
14, 14
14, 206
14, 142
14, 78
14, 207
14, 143
14, 79
14, 15
14, 208
14, 144
14, 80
14, 16
14, 209
14, 145
14, 81
14, 17
14, 210
14, 146
14, 82
14, 18
14, 211
14, 147
14, 83
14, 19
14, 212
14, 148
14, 84
14, 20
14, 213
14, 149
14, 85
14, 21
14, 214
14, 150
14, 86
14, 22
14, 215
14, 151
14, 87
14, 23
14, 216
14, 152
14, 88
14, 24
14, 217
14, 153
14, 89
14, 25
14, 218
14, 154
14, 90
14, 26
14, 219
14, 155
14, 91
14, 27
14, 220
14, 156
14, 92
14, 28
14, 221
14, 157
14, 93
14, 29
14, 222
14, 158
14, 94
14, 30
14, 223
14, 159
14, 95
14, 31
14, 224
14, 160
14, 96
14, 32
14, 225
14, 161
14, 97
14, 33
14, 226
14, 162
14, 98
14, 34
14, 227
14, 163
14, 99
14, 35
14, 228
14, 164
14, 100
14, 36
14, 229
14, 165
14, 101
14, 37
14, 230
14, 166
14, 102
14, 38
14, 231
14, 167
14, 103
14, 39
14, 232
14, 168
14, 104
14, 40
14, 233
14, 169
14, 105
14, 41
14, 234
14, 170
14, 106
14, 42
14, 235
14, 171
14, 107
14, 43
14, 236
14, 172
14, 108
14, 44
14, 237
14, 173
14, 109
14, 45
14, 238
14, 174
14, 110
14, 46
14, 239
14, 175
14, 111
14, 47
14, 240
14, 176
14, 112
14, 48
14, 241
14, 177
14, 113
14, 49
14, 242
14, 178
14, 114
14, 50
14, 243
14, 179
14, 115
14, 51
14, 244
14, 180
14, 116
14, 52
14, 245
14, 181
14, 117
14, 53
14, 246
14, 182
14, 118
14, 54
14, 247
14, 183
14, 119
14, 55
14, 248
14, 184
14, 120
14, 56
14, 249
14, 185
14, 121
14, 57
14, 250
14, 186
14, 122
14, 58
14, 187
14, 123
14, 59
14, 188
14, 124
14, 60
14, 189
14, 125
14, 61
14, 190
14, 126
14, 62
14, 191
14, 127
14, 63
207, 192
207, 128
207, 64
207, 193
207, 129
207, 65
207, 1
207, 194
207, 130
207, 66
207, 2
207, 195
207, 131
207, 67
207, 3
207, 196
207, 132
207, 68
207, 4
207, 197
207, 133
207, 69
207, 5
207, 198
207, 134
207, 70
207, 6
207, 199
207, 135
207, 71
207, 7
207, 200
207, 136
207, 72
207, 8
207, 201
207, 137
207, 73
207, 9
207, 202
207, 138
207, 74
207, 10
207, 203
207, 139
207, 75
207, 11
207, 204
207, 140
207, 76
207, 12
207, 205
207, 141
207, 77
207, 13
207, 206
207, 142
207, 78
207, 14
207, 207
207, 143
207, 79
207, 15
207, 144
207, 80
207, 16
207, 208
207, 145
207, 81
207, 17
207, 209
207, 146
207, 82
207, 18
207, 210
207, 147
207, 83
207, 19
207, 211
207, 148
207, 84
207, 20
207, 212
207, 149
207, 85
207, 21
207, 213
207, 150
207, 86
207, 22
207, 214
207, 151
207, 87
207, 23
207, 215
207, 152
207, 88
207, 24
207, 216
207, 153
207, 89
207, 25
207, 217
207, 154
207, 90
207, 26
207, 218
207, 155
207, 91
207, 27
207, 219
207, 156
207, 92
207, 28
207, 220
207, 157
207, 93
207, 29
207, 221
207, 158
207, 94
207, 30
207, 222
207, 159
207, 95
207, 31
207, 223
207, 160
207, 96
207, 32
207, 224
207, 161
207, 97
207, 33
207, 225
207, 162
207, 98
207, 34
207, 226
207, 163
207, 99
207, 35
207, 227
207, 164
207, 100
207, 36
207, 228
207, 165
207, 101
207, 37
207, 229
207, 166
207, 102
207, 38
207, 230
207, 167
207, 103
207, 39
207, 231
207, 168
207, 104
207, 40
207, 232
207, 169
207, 105
207, 41
207, 233
207, 170
207, 106
207, 42
207, 234
207, 171
207, 107
207, 43
207, 235
207, 172
207, 108
207, 44
207, 236
207, 173
207, 109
207, 45
207, 237
207, 174
207, 110
207, 46
207, 238
207, 175
207, 111
207, 47
207, 239
207, 176
207, 112
207, 48
207, 240
207, 177
207, 113
207, 49
207, 241
207, 178
207, 114
207, 50
207, 242
207, 179
207, 115
207, 51
207, 243
207, 180
207, 116
207, 52
207, 244
207, 181
207, 117
207, 53
207, 245
207, 182
207, 118
207, 54
207, 246
207, 183
207, 119
207, 55
207, 247
207, 184
207, 120
207, 56
207, 248
207, 185
207, 121
207, 57
207, 249
207, 186
207, 122
207, 58
207, 250
207, 187
207, 123
207, 59
207, 188
207, 124
207, 60
207, 189
207, 125
207, 61
207, 190
207, 126
207, 62
207, 191
207, 127
207, 63
143, 128
143, 64
143, 192
143, 129
143, 65
143, 1
143, 193
143, 130
143, 66
143, 2
143, 194
143, 131
143, 67
143, 3
143, 195
143, 132
143, 68
143, 4
143, 196
143, 133
143, 69
143, 5
143, 197
143, 134
143, 70
143, 6
143, 198
143, 135
143, 71
143, 7
143, 199
143, 136
143, 72
143, 8
143, 200
143, 137
143, 73
143, 9
143, 201
143, 138
143, 74
143, 10
143, 202
143, 139
143, 75
143, 11
143, 203
143, 140
143, 76
143, 12
143, 204
143, 141
143, 77
143, 13
143, 205
143, 142
143, 78
143, 14
143, 206
143, 143
143, 79
143, 15
143, 207
143, 80
143, 16
143, 208
143, 144
143, 81
143, 17
143, 209
143, 145
143, 82
143, 18
143, 210
143, 146
143, 83
143, 19
143, 211
143, 147
143, 84
143, 20
143, 212
143, 148
143, 85
143, 21
143, 213
143, 149
143, 86
143, 22
143, 214
143, 150
143, 87
143, 23
143, 215
143, 151
143, 88
143, 24
143, 216
143, 152
143, 89
143, 25
143, 217
143, 153
143, 90
143, 26
143, 218
143, 154
143, 91
143, 27
143, 219
143, 155
143, 92
143, 28
143, 220
143, 156
143, 93
143, 29
143, 221
143, 157
143, 94
143, 30
143, 222
143, 158
143, 95
143, 31
143, 223
143, 159
143, 96
143, 32
143, 224
143, 160
143, 97
143, 33
143, 225
143, 161
143, 98
143, 34
143, 226
143, 162
143, 99
143, 35
143, 227
143, 163
143, 100
143, 36
143, 228
143, 164
143, 101
143, 37
143, 229
143, 165
143, 102
143, 38
143, 230
143, 166
143, 103
143, 39
143, 231
143, 167
143, 104
143, 40
143, 232
143, 168
143, 105
143, 41
143, 233
143, 169
143, 106
143, 42
143, 234
143, 170
143, 107
143, 43
143, 235
143, 171
143, 108
143, 44
143, 236
143, 172
143, 109
143, 45
143, 237
143, 173
143, 110
143, 46
143, 238
143, 174
143, 111
143, 47
143, 239
143, 175
143, 112
143, 48
143, 240
143, 176
143, 113
143, 49
143, 241
143, 177
143, 114
143, 50
143, 242
143, 178
143, 115
143, 51
143, 243
143, 179
143, 116
143, 52
143, 244
143, 180
143, 117
143, 53
143, 245
143, 181
143, 118
143, 54
143, 246
143, 182
143, 119
143, 55
143, 247
143, 183
143, 120
143, 56
143, 248
143, 184
143, 121
143, 57
143, 249
143, 185
143, 122
143, 58
143, 250
143, 186
143, 123
143, 59
143, 187
143, 124
143, 60
143, 188
143, 125
143, 61
143, 189
143, 126
143, 62
143, 190
143, 127
143, 63
143, 191
79, 64
79, 192
79, 128
79, 65
79, 1
79, 193
79, 129
79, 66
79, 2
79, 194
79, 130
79, 67
79, 3
79, 195
79, 131
79, 68
79, 4
79, 196
79, 132
79, 69
79, 5
79, 197
79, 133
79, 70
79, 6
79, 198
79, 134
79, 71
79, 7
79, 199
79, 135
79, 72
79, 8
79, 200
79, 136
79, 73
79, 9
79, 201
79, 137
79, 74
79, 10
79, 202
79, 138
79, 75
79, 11
79, 203
79, 139
79, 76
79, 12
79, 204
79, 140
79, 77
79, 13
79, 205
79, 141
79, 78
79, 14
79, 206
79, 142
79, 79
79, 15
79, 207
79, 143
79, 16
79, 208
79, 144
79, 80
79, 17
79, 209
79, 145
79, 81
79, 18
79, 210
79, 146
79, 82
79, 19
79, 211
79, 147
79, 83
79, 20
79, 212
79, 148
79, 84
79, 21
79, 213
79, 149
79, 85
79, 22
79, 214
79, 150
79, 86
79, 23
79, 215
79, 151
79, 87
79, 24
79, 216
79, 152
79, 88
79, 25
79, 217
79, 153
79, 89
79, 26
79, 218
79, 154
79, 90
79, 27
79, 219
79, 155
79, 91
79, 28
79, 220
79, 156
79, 92
79, 29
79, 221
79, 157
79, 93
79, 30
79, 222
79, 158
79, 94
79, 31
79, 223
79, 159
79, 95
79, 32
79, 224
79, 160
79, 96
79, 33
79, 225
79, 161
79, 97
79, 34
79, 226
79, 162
79, 98
79, 35
79, 227
79, 163
79, 99
79, 36
79, 228
79, 164
79, 100
79, 37
79, 229
79, 165
79, 101
79, 38
79, 230
79, 166
79, 102
79, 39
79, 231
79, 167
79, 103
79, 40
79, 232
79, 168
79, 104
79, 41
79, 233
79, 169
79, 105
79, 42
79, 234
79, 170
79, 106
79, 43
79, 235
79, 171
79, 107
79, 44
79, 236
79, 172
79, 108
79, 45
79, 237
79, 173
79, 109
79, 46
79, 238
79, 174
79, 110
79, 47
79, 239
79, 175
79, 111
79, 48
79, 240
79, 176
79, 112
79, 49
79, 241
79, 177
79, 113
79, 50
79, 242
79, 178
79, 114
79, 51
79, 243
79, 179
79, 115
79, 52
79, 244
79, 180
79, 116
79, 53
79, 245
79, 181
79, 117
79, 54
79, 246
79, 182
79, 118
79, 55
79, 247
79, 183
79, 119
79, 56
79, 248
79, 184
79, 120
79, 57
79, 249
79, 185
79, 121
79, 58
79, 250
79, 186
79, 122
79, 59
79, 187
79, 123
79, 60
79, 188
79, 124
79, 61
79, 189
79, 125
79, 62
79, 190
79, 126
79, 63
79, 191
79, 127
15, 192
15, 128
15, 64
15, 1
15, 193
15, 129
15, 65
15, 2
15, 194
15, 130
15, 66
15, 3
15, 195
15, 131
15, 67
15, 4
15, 196
15, 132
15, 68
15, 5
15, 197
15, 133
15, 69
15, 6
15, 198
15, 134
15, 70
15, 7
15, 199
15, 135
15, 71
15, 8
15, 200
15, 136
15, 72
15, 9
15, 201
15, 137
15, 73
15, 10
15, 202
15, 138
15, 74
15, 11
15, 203
15, 139
15, 75
15, 12
15, 204
15, 140
15, 76
15, 13
15, 205
15, 141
15, 77
15, 14
15, 206
15, 142
15, 78
15, 15
15, 207
15, 143
15, 79
15, 208
15, 144
15, 80
15, 16
15, 209
15, 145
15, 81
15, 17
15, 210
15, 146
15, 82
15, 18
15, 211
15, 147
15, 83
15, 19
15, 212
15, 148
15, 84
15, 20
15, 213
15, 149
15, 85
15, 21
15, 214
15, 150
15, 86
15, 22
15, 215
15, 151
15, 87
15, 23
15, 216
15, 152
15, 88
15, 24
15, 217
15, 153
15, 89
15, 25
15, 218
15, 154
15, 90
15, 26
15, 219
15, 155
15, 91
15, 27
15, 220
15, 156
15, 92
15, 28
15, 221
15, 157
15, 93
15, 29
15, 222
15, 158
15, 94
15, 30
15, 223
15, 159
15, 95
15, 31
15, 224
15, 160
15, 96
15, 32
15, 225
15, 161
15, 97
15, 33
15, 226
15, 162
15, 98
15, 34
15, 227
15, 163
15, 99
15, 35
15, 228
15, 164
15, 100
15, 36
15, 229
15, 165
15, 101
15, 37
15, 230
15, 166
15, 102
15, 38
15, 231
15, 167
15, 103
15, 39
15, 232
15, 168
15, 104
15, 40
15, 233
15, 169
15, 105
15, 41
15, 234
15, 170
15, 106
15, 42
15, 235
15, 171
15, 107
15, 43
15, 236
15, 172
15, 108
15, 44
15, 237
15, 173
15, 109
15, 45
15, 238
15, 174
15, 110
15, 46
15, 239
15, 175
15, 111
15, 47
15, 240
15, 176
15, 112
15, 48
15, 241
15, 177
15, 113
15, 49
15, 242
15, 178
15, 114
15, 50
15, 243
15, 179
15, 115
15, 51
15, 244
15, 180
15, 116
15, 52
15, 245
15, 181
15, 117
15, 53
15, 246
15, 182
15, 118
15, 54
15, 247
15, 183
15, 119
15, 55
15, 248
15, 184
15, 120
15, 56
15, 249
15, 185
15, 121
15, 57
15, 250
15, 186
15, 122
15, 58
15, 187
15, 123
15, 59
15, 188
15, 124
15, 60
15, 189
15, 125
15, 61
15, 190
15, 126
15, 62
15, 191
15, 127
15, 63
208, 192
208, 128
208, 64
208, 193
208, 129
208, 65
208, 1
208, 194
208, 130
208, 66
208, 2
208, 195
208, 131
208, 67
208, 3
208, 196
208, 132
208, 68
208, 4
208, 197
208, 133
208, 69
208, 5
208, 198
208, 134
208, 70
208, 6
208, 199
208, 135
208, 71
208, 7
208, 200
208, 136
208, 72
208, 8
208, 201
208, 137
208, 73
208, 9
208, 202
208, 138
208, 74
208, 10
208, 203
208, 139
208, 75
208, 11
208, 204
208, 140
208, 76
208, 12
208, 205
208, 141
208, 77
208, 13
208, 206
208, 142
208, 78
208, 14
208, 207
208, 143
208, 79
208, 15
208, 208
208, 144
208, 80
208, 16
208, 145
208, 81
208, 17
208, 209
208, 146
208, 82
208, 18
208, 210
208, 147
208, 83
208, 19
208, 211
208, 148
208, 84
208, 20
208, 212
208, 149
208, 85
208, 21
208, 213
208, 150
208, 86
208, 22
208, 214
208, 151
208, 87
208, 23
208, 215
208, 152
208, 88
208, 24
208, 216
208, 153
208, 89
208, 25
208, 217
208, 154
208, 90
208, 26
208, 218
208, 155
208, 91
208, 27
208, 219
208, 156
208, 92
208, 28
208, 220
208, 157
208, 93
208, 29
208, 221
208, 158
208, 94
208, 30
208, 222
208, 159
208, 95
208, 31
208, 223
208, 160
208, 96
208, 32
208, 224
208, 161
208, 97
208, 33
208, 225
208, 162
208, 98
208, 34
208, 226
208, 163
208, 99
208, 35
208, 227
208, 164
208, 100
208, 36
208, 228
208, 165
208, 101
208, 37
208, 229
208, 166
208, 102
208, 38
208, 230
208, 167
208, 103
208, 39
208, 231
208, 168
208, 104
208, 40
208, 232
208, 169
208, 105
208, 41
208, 233
208, 170
208, 106
208, 42
208, 234
208, 171
208, 107
208, 43
208, 235
208, 172
208, 108
208, 44
208, 236
208, 173
208, 109
208, 45
208, 237
208, 174
208, 110
208, 46
208, 238
208, 175
208, 111
208, 47
208, 239
208, 176
208, 112
208, 48
208, 240
208, 177
208, 113
208, 49
208, 241
208, 178
208, 114
208, 50
208, 242
208, 179
208, 115
208, 51
208, 243
208, 180
208, 116
208, 52
208, 244
208, 181
208, 117
208, 53
208, 245
208, 182
208, 118
208, 54
208, 246
208, 183
208, 119
208, 55
208, 247
208, 184
208, 120
208, 56
208, 248
208, 185
208, 121
208, 57
208, 249
208, 186
208, 122
208, 58
208, 250
208, 187
208, 123
208, 59
208, 188
208, 124
208, 60
208, 189
208, 125
208, 61
208, 190
208, 126
208, 62
208, 191
208, 127
208, 63
144, 128
144, 64
144, 192
144, 129
144, 65
144, 1
144, 193
144, 130
144, 66
144, 2
144, 194
144, 131
144, 67
144, 3
144, 195
144, 132
144, 68
144, 4
144, 196
144, 133
144, 69
144, 5
144, 197
144, 134
144, 70
144, 6
144, 198
144, 135
144, 71
144, 7
144, 199
144, 136
144, 72
144, 8
144, 200
144, 137
144, 73
144, 9
144, 201
144, 138
144, 74
144, 10
144, 202
144, 139
144, 75
144, 11
144, 203
144, 140
144, 76
144, 12
144, 204
144, 141
144, 77
144, 13
144, 205
144, 142
144, 78
144, 14
144, 206
144, 143
144, 79
144, 15
144, 207
144, 144
144, 80
144, 16
144, 208
144, 81
144, 17
144, 209
144, 145
144, 82
144, 18
144, 210
144, 146
144, 83
144, 19
144, 211
144, 147
144, 84
144, 20
144, 212
144, 148
144, 85
144, 21
144, 213
144, 149
144, 86
144, 22
144, 214
144, 150
144, 87
144, 23
144, 215
144, 151
144, 88
144, 24
144, 216
144, 152
144, 89
144, 25
144, 217
144, 153
144, 90
144, 26
144, 218
144, 154
144, 91
144, 27
144, 219
144, 155
144, 92
144, 28
144, 220
144, 156
144, 93
144, 29
144, 221
144, 157
144, 94
144, 30
144, 222
144, 158
144, 95
144, 31
144, 223
144, 159
144, 96
144, 32
144, 224
144, 160
144, 97
144, 33
144, 225
144, 161
144, 98
144, 34
144, 226
144, 162
144, 99
144, 35
144, 227
144, 163
144, 100
144, 36
144, 228
144, 164
144, 101
144, 37
144, 229
144, 165
144, 102
144, 38
144, 230
144, 166
144, 103
144, 39
144, 231
144, 167
144, 104
144, 40
144, 232
144, 168
144, 105
144, 41
144, 233
144, 169
144, 106
144, 42
144, 234
144, 170
144, 107
144, 43
144, 235
144, 171
144, 108
144, 44
144, 236
144, 172
144, 109
144, 45
144, 237
144, 173
144, 110
144, 46
144, 238
144, 174
144, 111
144, 47
144, 239
144, 175
144, 112
144, 48
144, 240
144, 176
144, 113
144, 49
144, 241
144, 177
144, 114
144, 50
144, 242
144, 178
144, 115
144, 51
144, 243
144, 179
144, 116
144, 52
144, 244
144, 180
144, 117
144, 53
144, 245
144, 181
144, 118
144, 54
144, 246
144, 182
144, 119
144, 55
144, 247
144, 183
144, 120
144, 56
144, 248
144, 184
144, 121
144, 57
144, 249
144, 185
144, 122
144, 58
144, 250
144, 186
144, 123
144, 59
144, 187
144, 124
144, 60
144, 188
144, 125
144, 61
144, 189
144, 126
144, 62
144, 190
144, 127
144, 63
144, 191
80, 64
80, 192
80, 128
80, 65
80, 1
80, 193
80, 129
80, 66
80, 2
80, 194
80, 130
80, 67
80, 3
80, 195
80, 131
80, 68
80, 4
80, 196
80, 132
80, 69
80, 5
80, 197
80, 133
80, 70
80, 6
80, 198
80, 134
80, 71
80, 7
80, 199
80, 135
80, 72
80, 8
80, 200
80, 136
80, 73
80, 9
80, 201
80, 137
80, 74
80, 10
80, 202
80, 138
80, 75
80, 11
80, 203
80, 139
80, 76
80, 12
80, 204
80, 140
80, 77
80, 13
80, 205
80, 141
80, 78
80, 14
80, 206
80, 142
80, 79
80, 15
80, 207
80, 143
80, 80
80, 16
80, 208
80, 144
80, 17
80, 209
80, 145
80, 81
80, 18
80, 210
80, 146
80, 82
80, 19
80, 211
80, 147
80, 83
80, 20
80, 212
80, 148
80, 84
80, 21
80, 213
80, 149
80, 85
80, 22
80, 214
80, 150
80, 86
80, 23
80, 215
80, 151
80, 87
80, 24
80, 216
80, 152
80, 88
80, 25
80, 217
80, 153
80, 89
80, 26
80, 218
80, 154
80, 90
80, 27
80, 219
80, 155
80, 91
80, 28
80, 220
80, 156
80, 92
80, 29
80, 221
80, 157
80, 93
80, 30
80, 222
80, 158
80, 94
80, 31
80, 223
80, 159
80, 95
80, 32
80, 224
80, 160
80, 96
80, 33
80, 225
80, 161
80, 97
80, 34
80, 226
80, 162
80, 98
80, 35
80, 227
80, 163
80, 99
80, 36
80, 228
80, 164
80, 100
80, 37
80, 229
80, 165
80, 101
80, 38
80, 230
80, 166
80, 102
80, 39
80, 231
80, 167
80, 103
80, 40
80, 232
80, 168
80, 104
80, 41
80, 233
80, 169
80, 105
80, 42
80, 234
80, 170
80, 106
80, 43
80, 235
80, 171
80, 107
80, 44
80, 236
80, 172
80, 108
80, 45
80, 237
80, 173
80, 109
80, 46
80, 238
80, 174
80, 110
80, 47
80, 239
80, 175
80, 111
80, 48
80, 240
80, 176
80, 112
80, 49
80, 241
80, 177
80, 113
80, 50
80, 242
80, 178
80, 114
80, 51
80, 243
80, 179
80, 115
80, 52
80, 244
80, 180
80, 116
80, 53
80, 245
80, 181
80, 117
80, 54
80, 246
80, 182
80, 118
80, 55
80, 247
80, 183
80, 119
80, 56
80, 248
80, 184
80, 120
80, 57
80, 249
80, 185
80, 121
80, 58
80, 250
80, 186
80, 122
80, 59
80, 187
80, 123
80, 60
80, 188
80, 124
80, 61
80, 189
80, 125
80, 62
80, 190
80, 126
80, 63
80, 191
80, 127
16, 192
16, 128
16, 64
16, 1
16, 193
16, 129
16, 65
16, 2
16, 194
16, 130
16, 66
16, 3
16, 195
16, 131
16, 67
16, 4
16, 196
16, 132
16, 68
16, 5
16, 197
16, 133
16, 69
16, 6
16, 198
16, 134
16, 70
16, 7
16, 199
16, 135
16, 71
16, 8
16, 200
16, 136
16, 72
16, 9
16, 201
16, 137
16, 73
16, 10
16, 202
16, 138
16, 74
16, 11
16, 203
16, 139
16, 75
16, 12
16, 204
16, 140
16, 76
16, 13
16, 205
16, 141
16, 77
16, 14
16, 206
16, 142
16, 78
16, 15
16, 207
16, 143
16, 79
16, 16
16, 208
16, 144
16, 80
16, 209
16, 145
16, 81
16, 17
16, 210
16, 146
16, 82
16, 18
16, 211
16, 147
16, 83
16, 19
16, 212
16, 148
16, 84
16, 20
16, 213
16, 149
16, 85
16, 21
16, 214
16, 150
16, 86
16, 22
16, 215
16, 151
16, 87
16, 23
16, 216
16, 152
16, 88
16, 24
16, 217
16, 153
16, 89
16, 25
16, 218
16, 154
16, 90
16, 26
16, 219
16, 155
16, 91
16, 27
16, 220
16, 156
16, 92
16, 28
16, 221
16, 157
16, 93
16, 29
16, 222
16, 158
16, 94
16, 30
16, 223
16, 159
16, 95
16, 31
16, 224
16, 160
16, 96
16, 32
16, 225
16, 161
16, 97
16, 33
16, 226
16, 162
16, 98
16, 34
16, 227
16, 163
16, 99
16, 35
16, 228
16, 164
16, 100
16, 36
16, 229
16, 165
16, 101
16, 37
16, 230
16, 166
16, 102
16, 38
16, 231
16, 167
16, 103
16, 39
16, 232
16, 168
16, 104
16, 40
16, 233
16, 169
16, 105
16, 41
16, 234
16, 170
16, 106
16, 42
16, 235
16, 171
16, 107
16, 43
16, 236
16, 172
16, 108
16, 44
16, 237
16, 173
16, 109
16, 45
16, 238
16, 174
16, 110
16, 46
16, 239
16, 175
16, 111
16, 47
16, 240
16, 176
16, 112
16, 48
16, 241
16, 177
16, 113
16, 49
16, 242
16, 178
16, 114
16, 50
16, 243
16, 179
16, 115
16, 51
16, 244
16, 180
16, 116
16, 52
16, 245
16, 181
16, 117
16, 53
16, 246
16, 182
16, 118
16, 54
16, 247
16, 183
16, 119
16, 55
16, 248
16, 184
16, 120
16, 56
16, 249
16, 185
16, 121
16, 57
16, 250
16, 186
16, 122
16, 58
16, 187
16, 123
16, 59
16, 188
16, 124
16, 60
16, 189
16, 125
16, 61
16, 190
16, 126
16, 62
16, 191
16, 127
16, 63
209, 192
209, 128
209, 64
209, 193
209, 129
209, 65
209, 1
209, 194
209, 130
209, 66
209, 2
209, 195
209, 131
209, 67
209, 3
209, 196
209, 132
209, 68
209, 4
209, 197
209, 133
209, 69
209, 5
209, 198
209, 134
209, 70
209, 6
209, 199
209, 135
209, 71
209, 7
209, 200
209, 136
209, 72
209, 8
209, 201
209, 137
209, 73
209, 9
209, 202
209, 138
209, 74
209, 10
209, 203
209, 139
209, 75
209, 11
209, 204
209, 140
209, 76
209, 12
209, 205
209, 141
209, 77
209, 13
209, 206
209, 142
209, 78
209, 14
209, 207
209, 143
209, 79
209, 15
209, 208
209, 144
209, 80
209, 16
209, 209
209, 145
209, 81
209, 17
209, 146
209, 82
209, 18
209, 210
209, 147
209, 83
209, 19
209, 211
209, 148
209, 84
209, 20
209, 212
209, 149
209, 85
209, 21
209, 213
209, 150
209, 86
209, 22
209, 214
209, 151
209, 87
209, 23
209, 215
209, 152
209, 88
209, 24
209, 216
209, 153
209, 89
209, 25
209, 217
209, 154
209, 90
209, 26
209, 218
209, 155
209, 91
209, 27
209, 219
209, 156
209, 92
209, 28
209, 220
209, 157
209, 93
209, 29
209, 221
209, 158
209, 94
209, 30
209, 222
209, 159
209, 95
209, 31
209, 223
209, 160
209, 96
209, 32
209, 224
209, 161
209, 97
209, 33
209, 225
209, 162
209, 98
209, 34
209, 226
209, 163
209, 99
209, 35
209, 227
209, 164
209, 100
209, 36
209, 228
209, 165
209, 101
209, 37
209, 229
209, 166
209, 102
209, 38
209, 230
209, 167
209, 103
209, 39
209, 231
209, 168
209, 104
209, 40
209, 232
209, 169
209, 105
209, 41
209, 233
209, 170
209, 106
209, 42
209, 234
209, 171
209, 107
209, 43
209, 235
209, 172
209, 108
209, 44
209, 236
209, 173
209, 109
209, 45
209, 237
209, 174
209, 110
209, 46
209, 238
209, 175
209, 111
209, 47
209, 239
209, 176
209, 112
209, 48
209, 240
209, 177
209, 113
209, 49
209, 241
209, 178
209, 114
209, 50
209, 242
209, 179
209, 115
209, 51
209, 243
209, 180
209, 116
209, 52
209, 244
209, 181
209, 117
209, 53
209, 245
209, 182
209, 118
209, 54
209, 246
209, 183
209, 119
209, 55
209, 247
209, 184
209, 120
209, 56
209, 248
209, 185
209, 121
209, 57
209, 249
209, 186
209, 122
209, 58
209, 250
209, 187
209, 123
209, 59
209, 188
209, 124
209, 60
209, 189
209, 125
209, 61
209, 190
209, 126
209, 62
209, 191
209, 127
209, 63
145, 128
145, 64
145, 192
145, 129
145, 65
145, 1
145, 193
145, 130
145, 66
145, 2
145, 194
145, 131
145, 67
145, 3
145, 195
145, 132
145, 68
145, 4
145, 196
145, 133
145, 69
145, 5
145, 197
145, 134
145, 70
145, 6
145, 198
145, 135
145, 71
145, 7
145, 199
145, 136
145, 72
145, 8
145, 200
145, 137
145, 73
145, 9
145, 201
145, 138
145, 74
145, 10
145, 202
145, 139
145, 75
145, 11
145, 203
145, 140
145, 76
145, 12
145, 204
145, 141
145, 77
145, 13
145, 205
145, 142
145, 78
145, 14
145, 206
145, 143
145, 79
145, 15
145, 207
145, 144
145, 80
145, 16
145, 208
145, 145
145, 81
145, 17
145, 209
145, 82
145, 18
145, 210
145, 146
145, 83
145, 19
145, 211
145, 147
145, 84
145, 20
145, 212
145, 148
145, 85
145, 21
145, 213
145, 149
145, 86
145, 22
145, 214
145, 150
145, 87
145, 23
145, 215
145, 151
145, 88
145, 24
145, 216
145, 152
145, 89
145, 25
145, 217
145, 153
145, 90
145, 26
145, 218
145, 154
145, 91
145, 27
145, 219
145, 155
145, 92
145, 28
145, 220
145, 156
145, 93
145, 29
145, 221
145, 157
145, 94
145, 30
145, 222
145, 158
145, 95
145, 31
145, 223
145, 159
145, 96
145, 32
145, 224
145, 160
145, 97
145, 33
145, 225
145, 161
145, 98
145, 34
145, 226
145, 162
145, 99
145, 35
145, 227
145, 163
145, 100
145, 36
145, 228
145, 164
145, 101
145, 37
145, 229
145, 165
145, 102
145, 38
145, 230
145, 166
145, 103
145, 39
145, 231
145, 167
145, 104
145, 40
145, 232
145, 168
145, 105
145, 41
145, 233
145, 169
145, 106
145, 42
145, 234
145, 170
145, 107
145, 43
145, 235
145, 171
145, 108
145, 44
145, 236
145, 172
145, 109
145, 45
145, 237
145, 173
145, 110
145, 46
145, 238
145, 174
145, 111
145, 47
145, 239
145, 175
145, 112
145, 48
145, 240
145, 176
145, 113
145, 49
145, 241
145, 177
145, 114
145, 50
145, 242
145, 178
145, 115
145, 51
145, 243
145, 179
145, 116
145, 52
145, 244
145, 180
145, 117
145, 53
145, 245
145, 181
145, 118
145, 54
145, 246
145, 182
145, 119
145, 55
145, 247
145, 183
145, 120
145, 56
145, 248
145, 184
145, 121
145, 57
145, 249
145, 185
145, 122
145, 58
145, 250
145, 186
145, 123
145, 59
145, 187
145, 124
145, 60
145, 188
145, 125
145, 61
145, 189
145, 126
145, 62
145, 190
145, 127
145, 63
145, 191
81, 64
81, 192
81, 128
81, 65
81, 1
81, 193
81, 129
81, 66
81, 2
81, 194
81, 130
81, 67
81, 3
81, 195
81, 131
81, 68
81, 4
81, 196
81, 132
81, 69
81, 5
81, 197
81, 133
81, 70
81, 6
81, 198
81, 134
81, 71
81, 7
81, 199
81, 135
81, 72
81, 8
81, 200
81, 136
81, 73
81, 9
81, 201
81, 137
81, 74
81, 10
81, 202
81, 138
81, 75
81, 11
81, 203
81, 139
81, 76
81, 12
81, 204
81, 140
81, 77
81, 13
81, 205
81, 141
81, 78
81, 14
81, 206
81, 142
81, 79
81, 15
81, 207
81, 143
81, 80
81, 16
81, 208
81, 144
81, 81
81, 17
81, 209
81, 145
81, 18
81, 210
81, 146
81, 82
81, 19
81, 211
81, 147
81, 83
81, 20
81, 212
81, 148
81, 84
81, 21
81, 213
81, 149
81, 85
81, 22
81, 214
81, 150
81, 86
81, 23
81, 215
81, 151
81, 87
81, 24
81, 216
81, 152
81, 88
81, 25
81, 217
81, 153
81, 89
81, 26
81, 218
81, 154
81, 90
81, 27
81, 219
81, 155
81, 91
81, 28
81, 220
81, 156
81, 92
81, 29
81, 221
81, 157
81, 93
81, 30
81, 222
81, 158
81, 94
81, 31
81, 223
81, 159
81, 95
81, 32
81, 224
81, 160
81, 96
81, 33
81, 225
81, 161
81, 97
81, 34
81, 226
81, 162
81, 98
81, 35
81, 227
81, 163
81, 99
81, 36
81, 228
81, 164
81, 100
81, 37
81, 229
81, 165
81, 101
81, 38
81, 230
81, 166
81, 102
81, 39
81, 231
81, 167
81, 103
81, 40
81, 232
81, 168
81, 104
81, 41
81, 233
81, 169
81, 105
81, 42
81, 234
81, 170
81, 106
81, 43
81, 235
81, 171
81, 107
81, 44
81, 236
81, 172
81, 108
81, 45
81, 237
81, 173
81, 109
81, 46
81, 238
81, 174
81, 110
81, 47
81, 239
81, 175
81, 111
81, 48
81, 240
81, 176
81, 112
81, 49
81, 241
81, 177
81, 113
81, 50
81, 242
81, 178
81, 114
81, 51
81, 243
81, 179
81, 115
81, 52
81, 244
81, 180
81, 116
81, 53
81, 245
81, 181
81, 117
81, 54
81, 246
81, 182
81, 118
81, 55
81, 247
81, 183
81, 119
81, 56
81, 248
81, 184
81, 120
81, 57
81, 249
81, 185
81, 121
81, 58
81, 250
81, 186
81, 122
81, 59
81, 187
81, 123
81, 60
81, 188
81, 124
81, 61
81, 189
81, 125
81, 62
81, 190
81, 126
81, 63
81, 191
81, 127
17, 192
17, 128
17, 64
17, 1
17, 193
17, 129
17, 65
17, 2
17, 194
17, 130
17, 66
17, 3
17, 195
17, 131
17, 67
17, 4
17, 196
17, 132
17, 68
17, 5
17, 197
17, 133
17, 69
17, 6
17, 198
17, 134
17, 70
17, 7
17, 199
17, 135
17, 71
17, 8
17, 200
17, 136
17, 72
17, 9
17, 201
17, 137
17, 73
17, 10
17, 202
17, 138
17, 74
17, 11
17, 203
17, 139
17, 75
17, 12
17, 204
17, 140
17, 76
17, 13
17, 205
17, 141
17, 77
17, 14
17, 206
17, 142
17, 78
17, 15
17, 207
17, 143
17, 79
17, 16
17, 208
17, 144
17, 80
17, 17
17, 209
17, 145
17, 81
17, 210
17, 146
17, 82
17, 18
17, 211
17, 147
17, 83
17, 19
17, 212
17, 148
17, 84
17, 20
17, 213
17, 149
17, 85
17, 21
17, 214
17, 150
17, 86
17, 22
17, 215
17, 151
17, 87
17, 23
17, 216
17, 152
17, 88
17, 24
17, 217
17, 153
17, 89
17, 25
17, 218
17, 154
17, 90
17, 26
17, 219
17, 155
17, 91
17, 27
17, 220
17, 156
17, 92
17, 28
17, 221
17, 157
17, 93
17, 29
17, 222
17, 158
17, 94
17, 30
17, 223
17, 159
17, 95
17, 31
17, 224
17, 160
17, 96
17, 32
17, 225
17, 161
17, 97
17, 33
17, 226
17, 162
17, 98
17, 34
17, 227
17, 163
17, 99
17, 35
17, 228
17, 164
17, 100
17, 36
17, 229
17, 165
17, 101
17, 37
17, 230
17, 166
17, 102
17, 38
17, 231
17, 167
17, 103
17, 39
17, 232
17, 168
17, 104
17, 40
17, 233
17, 169
17, 105
17, 41
17, 234
17, 170
17, 106
17, 42
17, 235
17, 171
17, 107
17, 43
17, 236
17, 172
17, 108
17, 44
17, 237
17, 173
17, 109
17, 45
17, 238
17, 174
17, 110
17, 46
17, 239
17, 175
17, 111
17, 47
17, 240
17, 176
17, 112
17, 48
17, 241
17, 177
17, 113
17, 49
17, 242
17, 178
17, 114
17, 50
17, 243
17, 179
17, 115
17, 51
17, 244
17, 180
17, 116
17, 52
17, 245
17, 181
17, 117
17, 53
17, 246
17, 182
17, 118
17, 54
17, 247
17, 183
17, 119
17, 55
17, 248
17, 184
17, 120
17, 56
17, 249
17, 185
17, 121
17, 57
17, 250
17, 186
17, 122
17, 58
17, 187
17, 123
17, 59
17, 188
17, 124
17, 60
17, 189
17, 125
17, 61
17, 190
17, 126
17, 62
17, 191
17, 127
17, 63
210, 192
210, 128
210, 64
210, 193
210, 129
210, 65
210, 1
210, 194
210, 130
210, 66
210, 2
210, 195
210, 131
210, 67
210, 3
210, 196
210, 132
210, 68
210, 4
210, 197
210, 133
210, 69
210, 5
210, 198
210, 134
210, 70
210, 6
210, 199
210, 135
210, 71
210, 7
210, 200
210, 136
210, 72
210, 8
210, 201
210, 137
210, 73
210, 9
210, 202
210, 138
210, 74
210, 10
210, 203
210, 139
210, 75
210, 11
210, 204
210, 140
210, 76
210, 12
210, 205
210, 141
210, 77
210, 13
210, 206
210, 142
210, 78
210, 14
210, 207
210, 143
210, 79
210, 15
210, 208
210, 144
210, 80
210, 16
210, 209
210, 145
210, 81
210, 17
210, 210
210, 146
210, 82
210, 18
210, 147
210, 83
210, 19
210, 211
210, 148
210, 84
210, 20
210, 212
210, 149
210, 85
210, 21
210, 213
210, 150
210, 86
210, 22
210, 214
210, 151
210, 87
210, 23
210, 215
210, 152
210, 88
210, 24
210, 216
210, 153
210, 89
210, 25
210, 217
210, 154
210, 90
210, 26
210, 218
210, 155
210, 91
210, 27
210, 219
210, 156
210, 92
210, 28
210, 220
210, 157
210, 93
210, 29
210, 221
210, 158
210, 94
210, 30
210, 222
210, 159
210, 95
210, 31
210, 223
210, 160
210, 96
210, 32
210, 224
210, 161
210, 97
210, 33
210, 225
210, 162
210, 98
210, 34
210, 226
210, 163
210, 99
210, 35
210, 227
210, 164
210, 100
210, 36
210, 228
210, 165
210, 101
210, 37
210, 229
210, 166
210, 102
210, 38
210, 230
210, 167
210, 103
210, 39
210, 231
210, 168
210, 104
210, 40
210, 232
210, 169
210, 105
210, 41
210, 233
210, 170
210, 106
210, 42
210, 234
210, 171
210, 107
210, 43
210, 235
210, 172
210, 108
210, 44
210, 236
210, 173
210, 109
210, 45
210, 237
210, 174
210, 110
210, 46
210, 238
210, 175
210, 111
210, 47
210, 239
210, 176
210, 112
210, 48
210, 240
210, 177
210, 113
210, 49
210, 241
210, 178
210, 114
210, 50
210, 242
210, 179
210, 115
210, 51
210, 243
210, 180
210, 116
210, 52
210, 244
210, 181
210, 117
210, 53
210, 245
210, 182
210, 118
210, 54
210, 246
210, 183
210, 119
210, 55
210, 247
210, 184
210, 120
210, 56
210, 248
210, 185
210, 121
210, 57
210, 249
210, 186
210, 122
210, 58
210, 250
210, 187
210, 123
210, 59
210, 188
210, 124
210, 60
210, 189
210, 125
210, 61
210, 190
210, 126
210, 62
210, 191
210, 127
210, 63
146, 128
146, 64
146, 192
146, 129
146, 65
146, 1
146, 193
146, 130
146, 66
146, 2
146, 194
146, 131
146, 67
146, 3
146, 195
146, 132
146, 68
146, 4
146, 196
146, 133
146, 69
146, 5
146, 197
146, 134
146, 70
146, 6
146, 198
146, 135
146, 71
146, 7
146, 199
146, 136
146, 72
146, 8
146, 200
146, 137
146, 73
146, 9
146, 201
146, 138
146, 74
146, 10
146, 202
146, 139
146, 75
146, 11
146, 203
146, 140
146, 76
146, 12
146, 204
146, 141
146, 77
146, 13
146, 205
146, 142
146, 78
146, 14
146, 206
146, 143
146, 79
146, 15
146, 207
146, 144
146, 80
146, 16
146, 208
146, 145
146, 81
146, 17
146, 209
146, 146
146, 82
146, 18
146, 210
146, 83
146, 19
146, 211
146, 147
146, 84
146, 20
146, 212
146, 148
146, 85
146, 21
146, 213
146, 149
146, 86
146, 22
146, 214
146, 150
146, 87
146, 23
146, 215
146, 151
146, 88
146, 24
146, 216
146, 152
146, 89
146, 25
146, 217
146, 153
146, 90
146, 26
146, 218
146, 154
146, 91
146, 27
146, 219
146, 155
146, 92
146, 28
146, 220
146, 156
146, 93
146, 29
146, 221
146, 157
146, 94
146, 30
146, 222
146, 158
146, 95
146, 31
146, 223
146, 159
146, 96
146, 32
146, 224
146, 160
146, 97
146, 33
146, 225
146, 161
146, 98
146, 34
146, 226
146, 162
146, 99
146, 35
146, 227
146, 163
146, 100
146, 36
146, 228
146, 164
146, 101
146, 37
146, 229
146, 165
146, 102
146, 38
146, 230
146, 166
146, 103
146, 39
146, 231
146, 167
146, 104
146, 40
146, 232
146, 168
146, 105
146, 41
146, 233
146, 169
146, 106
146, 42
146, 234
146, 170
146, 107
146, 43
146, 235
146, 171
146, 108
146, 44
146, 236
146, 172
146, 109
146, 45
146, 237
146, 173
146, 110
146, 46
146, 238
146, 174
146, 111
146, 47
146, 239
146, 175
146, 112
146, 48
146, 240
146, 176
146, 113
146, 49
146, 241
146, 177
146, 114
146, 50
146, 242
146, 178
146, 115
146, 51
146, 243
146, 179
146, 116
146, 52
146, 244
146, 180
146, 117
146, 53
146, 245
146, 181
146, 118
146, 54
146, 246
146, 182
146, 119
146, 55
146, 247
146, 183
146, 120
146, 56
146, 248
146, 184
146, 121
146, 57
146, 249
146, 185
146, 122
146, 58
146, 250
146, 186
146, 123
146, 59
146, 187
146, 124
146, 60
146, 188
146, 125
146, 61
146, 189
146, 126
146, 62
146, 190
146, 127
146, 63
146, 191
82, 64
82, 192
82, 128
82, 65
82, 1
82, 193
82, 129
82, 66
82, 2
82, 194
82, 130
82, 67
82, 3
82, 195
82, 131
82, 68
82, 4
82, 196
82, 132
82, 69
82, 5
82, 197
82, 133
82, 70
82, 6
82, 198
82, 134
82, 71
82, 7
82, 199
82, 135
82, 72
82, 8
82, 200
82, 136
82, 73
82, 9
82, 201
82, 137
82, 74
82, 10
82, 202
82, 138
82, 75
82, 11
82, 203
82, 139
82, 76
82, 12
82, 204
82, 140
82, 77
82, 13
82, 205
82, 141
82, 78
82, 14
82, 206
82, 142
82, 79
82, 15
82, 207
82, 143
82, 80
82, 16
82, 208
82, 144
82, 81
82, 17
82, 209
82, 145
82, 82
82, 18
82, 210
82, 146
82, 19
82, 211
82, 147
82, 83
82, 20
82, 212
82, 148
82, 84
82, 21
82, 213
82, 149
82, 85
82, 22
82, 214
82, 150
82, 86
82, 23
82, 215
82, 151
82, 87
82, 24
82, 216
82, 152
82, 88
82, 25
82, 217
82, 153
82, 89
82, 26
82, 218
82, 154
82, 90
82, 27
82, 219
82, 155
82, 91
82, 28
82, 220
82, 156
82, 92
82, 29
82, 221
82, 157
82, 93
82, 30
82, 222
82, 158
82, 94
82, 31
82, 223
82, 159
82, 95
82, 32
82, 224
82, 160
82, 96
82, 33
82, 225
82, 161
82, 97
82, 34
82, 226
82, 162
82, 98
82, 35
82, 227
82, 163
82, 99
82, 36
82, 228
82, 164
82, 100
82, 37
82, 229
82, 165
82, 101
82, 38
82, 230
82, 166
82, 102
82, 39
82, 231
82, 167
82, 103
82, 40
82, 232
82, 168
82, 104
82, 41
82, 233
82, 169
82, 105
82, 42
82, 234
82, 170
82, 106
82, 43
82, 235
82, 171
82, 107
82, 44
82, 236
82, 172
82, 108
82, 45
82, 237
82, 173
82, 109
82, 46
82, 238
82, 174
82, 110
82, 47
82, 239
82, 175
82, 111
82, 48
82, 240
82, 176
82, 112
82, 49
82, 241
82, 177
82, 113
82, 50
82, 242
82, 178
82, 114
82, 51
82, 243
82, 179
82, 115
82, 52
82, 244
82, 180
82, 116
82, 53
82, 245
82, 181
82, 117
82, 54
82, 246
82, 182
82, 118
82, 55
82, 247
82, 183
82, 119
82, 56
82, 248
82, 184
82, 120
82, 57
82, 249
82, 185
82, 121
82, 58
82, 250
82, 186
82, 122
82, 59
82, 187
82, 123
82, 60
82, 188
82, 124
82, 61
82, 189
82, 125
82, 62
82, 190
82, 126
82, 63
82, 191
82, 127
18, 192
18, 128
18, 64
18, 1
18, 193
18, 129
18, 65
18, 2
18, 194
18, 130
18, 66
18, 3
18, 195
18, 131
18, 67
18, 4
18, 196
18, 132
18, 68
18, 5
18, 197
18, 133
18, 69
18, 6
18, 198
18, 134
18, 70
18, 7
18, 199
18, 135
18, 71
18, 8
18, 200
18, 136
18, 72
18, 9
18, 201
18, 137
18, 73
18, 10
18, 202
18, 138
18, 74
18, 11
18, 203
18, 139
18, 75
18, 12
18, 204
18, 140
18, 76
18, 13
18, 205
18, 141
18, 77
18, 14
18, 206
18, 142
18, 78
18, 15
18, 207
18, 143
18, 79
18, 16
18, 208
18, 144
18, 80
18, 17
18, 209
18, 145
18, 81
18, 18
18, 210
18, 146
18, 82
18, 211
18, 147
18, 83
18, 19
18, 212
18, 148
18, 84
18, 20
18, 213
18, 149
18, 85
18, 21
18, 214
18, 150
18, 86
18, 22
18, 215
18, 151
18, 87
18, 23
18, 216
18, 152
18, 88
18, 24
18, 217
18, 153
18, 89
18, 25
18, 218
18, 154
18, 90
18, 26
18, 219
18, 155
18, 91
18, 27
18, 220
18, 156
18, 92
18, 28
18, 221
18, 157
18, 93
18, 29
18, 222
18, 158
18, 94
18, 30
18, 223
18, 159
18, 95
18, 31
18, 224
18, 160
18, 96
18, 32
18, 225
18, 161
18, 97
18, 33
18, 226
18, 162
18, 98
18, 34
18, 227
18, 163
18, 99
18, 35
18, 228
18, 164
18, 100
18, 36
18, 229
18, 165
18, 101
18, 37
18, 230
18, 166
18, 102
18, 38
18, 231
18, 167
18, 103
18, 39
18, 232
18, 168
18, 104
18, 40
18, 233
18, 169
18, 105
18, 41
18, 234
18, 170
18, 106
18, 42
18, 235
18, 171
18, 107
18, 43
18, 236
18, 172
18, 108
18, 44
18, 237
18, 173
18, 109
18, 45
18, 238
18, 174
18, 110
18, 46
18, 239
18, 175
18, 111
18, 47
18, 240
18, 176
18, 112
18, 48
18, 241
18, 177
18, 113
18, 49
18, 242
18, 178
18, 114
18, 50
18, 243
18, 179
18, 115
18, 51
18, 244
18, 180
18, 116
18, 52
18, 245
18, 181
18, 117
18, 53
18, 246
18, 182
18, 118
18, 54
18, 247
18, 183
18, 119
18, 55
18, 248
18, 184
18, 120
18, 56
18, 249
18, 185
18, 121
18, 57
18, 250
18, 186
18, 122
18, 58
18, 187
18, 123
18, 59
18, 188
18, 124
18, 60
18, 189
18, 125
18, 61
18, 190
18, 126
18, 62
18, 191
18, 127
18, 63
211, 192
211, 128
211, 64
211, 193
211, 129
211, 65
211, 1
211, 194
211, 130
211, 66
211, 2
211, 195
211, 131
211, 67
211, 3
211, 196
211, 132
211, 68
211, 4
211, 197
211, 133
211, 69
211, 5
211, 198
211, 134
211, 70
211, 6
211, 199
211, 135
211, 71
211, 7
211, 200
211, 136
211, 72
211, 8
211, 201
211, 137
211, 73
211, 9
211, 202
211, 138
211, 74
211, 10
211, 203
211, 139
211, 75
211, 11
211, 204
211, 140
211, 76
211, 12
211, 205
211, 141
211, 77
211, 13
211, 206
211, 142
211, 78
211, 14
211, 207
211, 143
211, 79
211, 15
211, 208
211, 144
211, 80
211, 16
211, 209
211, 145
211, 81
211, 17
211, 210
211, 146
211, 82
211, 18
211, 211
211, 147
211, 83
211, 19
211, 148
211, 84
211, 20
211, 212
211, 149
211, 85
211, 21
211, 213
211, 150
211, 86
211, 22
211, 214
211, 151
211, 87
211, 23
211, 215
211, 152
211, 88
211, 24
211, 216
211, 153
211, 89
211, 25
211, 217
211, 154
211, 90
211, 26
211, 218
211, 155
211, 91
211, 27
211, 219
211, 156
211, 92
211, 28
211, 220
211, 157
211, 93
211, 29
211, 221
211, 158
211, 94
211, 30
211, 222
211, 159
211, 95
211, 31
211, 223
211, 160
211, 96
211, 32
211, 224
211, 161
211, 97
211, 33
211, 225
211, 162
211, 98
211, 34
211, 226
211, 163
211, 99
211, 35
211, 227
211, 164
211, 100
211, 36
211, 228
211, 165
211, 101
211, 37
211, 229
211, 166
211, 102
211, 38
211, 230
211, 167
211, 103
211, 39
211, 231
211, 168
211, 104
211, 40
211, 232
211, 169
211, 105
211, 41
211, 233
211, 170
211, 106
211, 42
211, 234
211, 171
211, 107
211, 43
211, 235
211, 172
211, 108
211, 44
211, 236
211, 173
211, 109
211, 45
211, 237
211, 174
211, 110
211, 46
211, 238
211, 175
211, 111
211, 47
211, 239
211, 176
211, 112
211, 48
211, 240
211, 177
211, 113
211, 49
211, 241
211, 178
211, 114
211, 50
211, 242
211, 179
211, 115
211, 51
211, 243
211, 180
211, 116
211, 52
211, 244
211, 181
211, 117
211, 53
211, 245
211, 182
211, 118
211, 54
211, 246
211, 183
211, 119
211, 55
211, 247
211, 184
211, 120
211, 56
211, 248
211, 185
211, 121
211, 57
211, 249
211, 186
211, 122
211, 58
211, 250
211, 187
211, 123
211, 59
211, 188
211, 124
211, 60
211, 189
211, 125
211, 61
211, 190
211, 126
211, 62
211, 191
211, 127
211, 63
147, 128
147, 64
147, 192
147, 129
147, 65
147, 1
147, 193
147, 130
147, 66
147, 2
147, 194
147, 131
147, 67
147, 3
147, 195
147, 132
147, 68
147, 4
147, 196
147, 133
147, 69
147, 5
147, 197
147, 134
147, 70
147, 6
147, 198
147, 135
147, 71
147, 7
147, 199
147, 136
147, 72
147, 8
147, 200
147, 137
147, 73
147, 9
147, 201
147, 138
147, 74
147, 10
147, 202
147, 139
147, 75
147, 11
147, 203
147, 140
147, 76
147, 12
147, 204
147, 141
147, 77
147, 13
147, 205
147, 142
147, 78
147, 14
147, 206
147, 143
147, 79
147, 15
147, 207
147, 144
147, 80
147, 16
147, 208
147, 145
147, 81
147, 17
147, 209
147, 146
147, 82
147, 18
147, 210
147, 147
147, 83
147, 19
147, 211
147, 84
147, 20
147, 212
147, 148
147, 85
147, 21
147, 213
147, 149
147, 86
147, 22
147, 214
147, 150
147, 87
147, 23
147, 215
147, 151
147, 88
147, 24
147, 216
147, 152
147, 89
147, 25
147, 217
147, 153
147, 90
147, 26
147, 218
147, 154
147, 91
147, 27
147, 219
147, 155
147, 92
147, 28
147, 220
147, 156
147, 93
147, 29
147, 221
147, 157
147, 94
147, 30
147, 222
147, 158
147, 95
147, 31
147, 223
147, 159
147, 96
147, 32
147, 224
147, 160
147, 97
147, 33
147, 225
147, 161
147, 98
147, 34
147, 226
147, 162
147, 99
147, 35
147, 227
147, 163
147, 100
147, 36
147, 228
147, 164
147, 101
147, 37
147, 229
147, 165
147, 102
147, 38
147, 230
147, 166
147, 103
147, 39
147, 231
147, 167
147, 104
147, 40
147, 232
147, 168
147, 105
147, 41
147, 233
147, 169
147, 106
147, 42
147, 234
147, 170
147, 107
147, 43
147, 235
147, 171
147, 108
147, 44
147, 236
147, 172
147, 109
147, 45
147, 237
147, 173
147, 110
147, 46
147, 238
147, 174
147, 111
147, 47
147, 239
147, 175
147, 112
147, 48
147, 240
147, 176
147, 113
147, 49
147, 241
147, 177
147, 114
147, 50
147, 242
147, 178
147, 115
147, 51
147, 243
147, 179
147, 116
147, 52
147, 244
147, 180
147, 117
147, 53
147, 245
147, 181
147, 118
147, 54
147, 246
147, 182
147, 119
147, 55
147, 247
147, 183
147, 120
147, 56
147, 248
147, 184
147, 121
147, 57
147, 249
147, 185
147, 122
147, 58
147, 250
147, 186
147, 123
147, 59
147, 187
147, 124
147, 60
147, 188
147, 125
147, 61
147, 189
147, 126
147, 62
147, 190
147, 127
147, 63
147, 191
83, 64
83, 192
83, 128
83, 65
83, 1
83, 193
83, 129
83, 66
83, 2
83, 194
83, 130
83, 67
83, 3
83, 195
83, 131
83, 68
83, 4
83, 196
83, 132
83, 69
83, 5
83, 197
83, 133
83, 70
83, 6
83, 198
83, 134
83, 71
83, 7
83, 199
83, 135
83, 72
83, 8
83, 200
83, 136
83, 73
83, 9
83, 201
83, 137
83, 74
83, 10
83, 202
83, 138
83, 75
83, 11
83, 203
83, 139
83, 76
83, 12
83, 204
83, 140
83, 77
83, 13
83, 205
83, 141
83, 78
83, 14
83, 206
83, 142
83, 79
83, 15
83, 207
83, 143
83, 80
83, 16
83, 208
83, 144
83, 81
83, 17
83, 209
83, 145
83, 82
83, 18
83, 210
83, 146
83, 83
83, 19
83, 211
83, 147
83, 20
83, 212
83, 148
83, 84
83, 21
83, 213
83, 149
83, 85
83, 22
83, 214
83, 150
83, 86
83, 23
83, 215
83, 151
83, 87
83, 24
83, 216
83, 152
83, 88
83, 25
83, 217
83, 153
83, 89
83, 26
83, 218
83, 154
83, 90
83, 27
83, 219
83, 155
83, 91
83, 28
83, 220
83, 156
83, 92
83, 29
83, 221
83, 157
83, 93
83, 30
83, 222
83, 158
83, 94
83, 31
83, 223
83, 159
83, 95
83, 32
83, 224
83, 160
83, 96
83, 33
83, 225
83, 161
83, 97
83, 34
83, 226
83, 162
83, 98
83, 35
83, 227
83, 163
83, 99
83, 36
83, 228
83, 164
83, 100
83, 37
83, 229
83, 165
83, 101
83, 38
83, 230
83, 166
83, 102
83, 39
83, 231
83, 167
83, 103
83, 40
83, 232
83, 168
83, 104
83, 41
83, 233
83, 169
83, 105
83, 42
83, 234
83, 170
83, 106
83, 43
83, 235
83, 171
83, 107
83, 44
83, 236
83, 172
83, 108
83, 45
83, 237
83, 173
83, 109
83, 46
83, 238
83, 174
83, 110
83, 47
83, 239
83, 175
83, 111
83, 48
83, 240
83, 176
83, 112
83, 49
83, 241
83, 177
83, 113
83, 50
83, 242
83, 178
83, 114
83, 51
83, 243
83, 179
83, 115
83, 52
83, 244
83, 180
83, 116
83, 53
83, 245
83, 181
83, 117
83, 54
83, 246
83, 182
83, 118
83, 55
83, 247
83, 183
83, 119
83, 56
83, 248
83, 184
83, 120
83, 57
83, 249
83, 185
83, 121
83, 58
83, 250
83, 186
83, 122
83, 59
83, 187
83, 123
83, 60
83, 188
83, 124
83, 61
83, 189
83, 125
83, 62
83, 190
83, 126
83, 63
83, 191
83, 127
19, 192
19, 128
19, 64
19, 1
19, 193
19, 129
19, 65
19, 2
19, 194
19, 130
19, 66
19, 3
19, 195
19, 131
19, 67
19, 4
19, 196
19, 132
19, 68
19, 5
19, 197
19, 133
19, 69
19, 6
19, 198
19, 134
19, 70
19, 7
19, 199
19, 135
19, 71
19, 8
19, 200
19, 136
19, 72
19, 9
19, 201
19, 137
19, 73
19, 10
19, 202
19, 138
19, 74
19, 11
19, 203
19, 139
19, 75
19, 12
19, 204
19, 140
19, 76
19, 13
19, 205
19, 141
19, 77
19, 14
19, 206
19, 142
19, 78
19, 15
19, 207
19, 143
19, 79
19, 16
19, 208
19, 144
19, 80
19, 17
19, 209
19, 145
19, 81
19, 18
19, 210
19, 146
19, 82
19, 19
19, 211
19, 147
19, 83
19, 212
19, 148
19, 84
19, 20
19, 213
19, 149
19, 85
19, 21
19, 214
19, 150
19, 86
19, 22
19, 215
19, 151
19, 87
19, 23
19, 216
19, 152
19, 88
19, 24
19, 217
19, 153
19, 89
19, 25
19, 218
19, 154
19, 90
19, 26
19, 219
19, 155
19, 91
19, 27
19, 220
19, 156
19, 92
19, 28
19, 221
19, 157
19, 93
19, 29
19, 222
19, 158
19, 94
19, 30
19, 223
19, 159
19, 95
19, 31
19, 224
19, 160
19, 96
19, 32
19, 225
19, 161
19, 97
19, 33
19, 226
19, 162
19, 98
19, 34
19, 227
19, 163
19, 99
19, 35
19, 228
19, 164
19, 100
19, 36
19, 229
19, 165
19, 101
19, 37
19, 230
19, 166
19, 102
19, 38
19, 231
19, 167
19, 103
19, 39
19, 232
19, 168
19, 104
19, 40
19, 233
19, 169
19, 105
19, 41
19, 234
19, 170
19, 106
19, 42
19, 235
19, 171
19, 107
19, 43
19, 236
19, 172
19, 108
19, 44
19, 237
19, 173
19, 109
19, 45
19, 238
19, 174
19, 110
19, 46
19, 239
19, 175
19, 111
19, 47
19, 240
19, 176
19, 112
19, 48
19, 241
19, 177
19, 113
19, 49
19, 242
19, 178
19, 114
19, 50
19, 243
19, 179
19, 115
19, 51
19, 244
19, 180
19, 116
19, 52
19, 245
19, 181
19, 117
19, 53
19, 246
19, 182
19, 118
19, 54
19, 247
19, 183
19, 119
19, 55
19, 248
19, 184
19, 120
19, 56
19, 249
19, 185
19, 121
19, 57
19, 250
19, 186
19, 122
19, 58
19, 187
19, 123
19, 59
19, 188
19, 124
19, 60
19, 189
19, 125
19, 61
19, 190
19, 126
19, 62
19, 191
19, 127
19, 63
212, 192
212, 128
212, 64
212, 193
212, 129
212, 65
212, 1
212, 194
212, 130
212, 66
212, 2
212, 195
212, 131
212, 67
212, 3
212, 196
212, 132
212, 68
212, 4
212, 197
212, 133
212, 69
212, 5
212, 198
212, 134
212, 70
212, 6
212, 199
212, 135
212, 71
212, 7
212, 200
212, 136
212, 72
212, 8
212, 201
212, 137
212, 73
212, 9
212, 202
212, 138
212, 74
212, 10
212, 203
212, 139
212, 75
212, 11
212, 204
212, 140
212, 76
212, 12
212, 205
212, 141
212, 77
212, 13
212, 206
212, 142
212, 78
212, 14
212, 207
212, 143
212, 79
212, 15
212, 208
212, 144
212, 80
212, 16
212, 209
212, 145
212, 81
212, 17
212, 210
212, 146
212, 82
212, 18
212, 211
212, 147
212, 83
212, 19
212, 212
212, 148
212, 84
212, 20
212, 149
212, 85
212, 21
212, 213
212, 150
212, 86
212, 22
212, 214
212, 151
212, 87
212, 23
212, 215
212, 152
212, 88
212, 24
212, 216
212, 153
212, 89
212, 25
212, 217
212, 154
212, 90
212, 26
212, 218
212, 155
212, 91
212, 27
212, 219
212, 156
212, 92
212, 28
212, 220
212, 157
212, 93
212, 29
212, 221
212, 158
212, 94
212, 30
212, 222
212, 159
212, 95
212, 31
212, 223
212, 160
212, 96
212, 32
212, 224
212, 161
212, 97
212, 33
212, 225
212, 162
212, 98
212, 34
212, 226
212, 163
212, 99
212, 35
212, 227
212, 164
212, 100
212, 36
212, 228
212, 165
212, 101
212, 37
212, 229
212, 166
212, 102
212, 38
212, 230
212, 167
212, 103
212, 39
212, 231
212, 168
212, 104
212, 40
212, 232
212, 169
212, 105
212, 41
212, 233
212, 170
212, 106
212, 42
212, 234
212, 171
212, 107
212, 43
212, 235
212, 172
212, 108
212, 44
212, 236
212, 173
212, 109
212, 45
212, 237
212, 174
212, 110
212, 46
212, 238
212, 175
212, 111
212, 47
212, 239
212, 176
212, 112
212, 48
212, 240
212, 177
212, 113
212, 49
212, 241
212, 178
212, 114
212, 50
212, 242
212, 179
212, 115
212, 51
212, 243
212, 180
212, 116
212, 52
212, 244
212, 181
212, 117
212, 53
212, 245
212, 182
212, 118
212, 54
212, 246
212, 183
212, 119
212, 55
212, 247
212, 184
212, 120
212, 56
212, 248
212, 185
212, 121
212, 57
212, 249
212, 186
212, 122
212, 58
212, 250
212, 187
212, 123
212, 59
212, 188
212, 124
212, 60
212, 189
212, 125
212, 61
212, 190
212, 126
212, 62
212, 191
212, 127
212, 63
148, 128
148, 64
148, 192
148, 129
148, 65
148, 1
148, 193
148, 130
148, 66
148, 2
148, 194
148, 131
148, 67
148, 3
148, 195
148, 132
148, 68
148, 4
148, 196
148, 133
148, 69
148, 5
148, 197
148, 134
148, 70
148, 6
148, 198
148, 135
148, 71
148, 7
148, 199
148, 136
148, 72
148, 8
148, 200
148, 137
148, 73
148, 9
148, 201
148, 138
148, 74
148, 10
148, 202
148, 139
148, 75
148, 11
148, 203
148, 140
148, 76
148, 12
148, 204
148, 141
148, 77
148, 13
148, 205
148, 142
148, 78
148, 14
148, 206
148, 143
148, 79
148, 15
148, 207
148, 144
148, 80
148, 16
148, 208
148, 145
148, 81
148, 17
148, 209
148, 146
148, 82
148, 18
148, 210
148, 147
148, 83
148, 19
148, 211
148, 148
148, 84
148, 20
148, 212
148, 85
148, 21
148, 213
148, 149
148, 86
148, 22
148, 214
148, 150
148, 87
148, 23
148, 215
148, 151
148, 88
148, 24
148, 216
148, 152
148, 89
148, 25
148, 217
148, 153
148, 90
148, 26
148, 218
148, 154
148, 91
148, 27
148, 219
148, 155
148, 92
148, 28
148, 220
148, 156
148, 93
148, 29
148, 221
148, 157
148, 94
148, 30
148, 222
148, 158
148, 95
148, 31
148, 223
148, 159
148, 96
148, 32
148, 224
148, 160
148, 97
148, 33
148, 225
148, 161
148, 98
148, 34
148, 226
148, 162
148, 99
148, 35
148, 227
148, 163
148, 100
148, 36
148, 228
148, 164
148, 101
148, 37
148, 229
148, 165
148, 102
148, 38
148, 230
148, 166
148, 103
148, 39
148, 231
148, 167
148, 104
148, 40
148, 232
148, 168
148, 105
148, 41
148, 233
148, 169
148, 106
148, 42
148, 234
148, 170
148, 107
148, 43
148, 235
148, 171
148, 108
148, 44
148, 236
148, 172
148, 109
148, 45
148, 237
148, 173
148, 110
148, 46
148, 238
148, 174
148, 111
148, 47
148, 239
148, 175
148, 112
148, 48
148, 240
148, 176
148, 113
148, 49
148, 241
148, 177
148, 114
148, 50
148, 242
148, 178
148, 115
148, 51
148, 243
148, 179
148, 116
148, 52
148, 244
148, 180
148, 117
148, 53
148, 245
148, 181
148, 118
148, 54
148, 246
148, 182
148, 119
148, 55
148, 247
148, 183
148, 120
148, 56
148, 248
148, 184
148, 121
148, 57
148, 249
148, 185
148, 122
148, 58
148, 250
148, 186
148, 123
148, 59
148, 187
148, 124
148, 60
148, 188
148, 125
148, 61
148, 189
148, 126
148, 62
148, 190
148, 127
148, 63
148, 191
84, 64
84, 192
84, 128
84, 65
84, 1
84, 193
84, 129
84, 66
84, 2
84, 194
84, 130
84, 67
84, 3
84, 195
84, 131
84, 68
84, 4
84, 196
84, 132
84, 69
84, 5
84, 197
84, 133
84, 70
84, 6
84, 198
84, 134
84, 71
84, 7
84, 199
84, 135
84, 72
84, 8
84, 200
84, 136
84, 73
84, 9
84, 201
84, 137
84, 74
84, 10
84, 202
84, 138
84, 75
84, 11
84, 203
84, 139
84, 76
84, 12
84, 204
84, 140
84, 77
84, 13
84, 205
84, 141
84, 78
84, 14
84, 206
84, 142
84, 79
84, 15
84, 207
84, 143
84, 80
84, 16
84, 208
84, 144
84, 81
84, 17
84, 209
84, 145
84, 82
84, 18
84, 210
84, 146
84, 83
84, 19
84, 211
84, 147
84, 84
84, 20
84, 212
84, 148
84, 21
84, 213
84, 149
84, 85
84, 22
84, 214
84, 150
84, 86
84, 23
84, 215
84, 151
84, 87
84, 24
84, 216
84, 152
84, 88
84, 25
84, 217
84, 153
84, 89
84, 26
84, 218
84, 154
84, 90
84, 27
84, 219
84, 155
84, 91
84, 28
84, 220
84, 156
84, 92
84, 29
84, 221
84, 157
84, 93
84, 30
84, 222
84, 158
84, 94
84, 31
84, 223
84, 159
84, 95
84, 32
84, 224
84, 160
84, 96
84, 33
84, 225
84, 161
84, 97
84, 34
84, 226
84, 162
84, 98
84, 35
84, 227
84, 163
84, 99
84, 36
84, 228
84, 164
84, 100
84, 37
84, 229
84, 165
84, 101
84, 38
84, 230
84, 166
84, 102
84, 39
84, 231
84, 167
84, 103
84, 40
84, 232
84, 168
84, 104
84, 41
84, 233
84, 169
84, 105
84, 42
84, 234
84, 170
84, 106
84, 43
84, 235
84, 171
84, 107
84, 44
84, 236
84, 172
84, 108
84, 45
84, 237
84, 173
84, 109
84, 46
84, 238
84, 174
84, 110
84, 47
84, 239
84, 175
84, 111
84, 48
84, 240
84, 176
84, 112
84, 49
84, 241
84, 177
84, 113
84, 50
84, 242
84, 178
84, 114
84, 51
84, 243
84, 179
84, 115
84, 52
84, 244
84, 180
84, 116
84, 53
84, 245
84, 181
84, 117
84, 54
84, 246
84, 182
84, 118
84, 55
84, 247
84, 183
84, 119
84, 56
84, 248
84, 184
84, 120
84, 57
84, 249
84, 185
84, 121
84, 58
84, 250
84, 186
84, 122
84, 59
84, 187
84, 123
84, 60
84, 188
84, 124
84, 61
84, 189
84, 125
84, 62
84, 190
84, 126
84, 63
84, 191
84, 127
20, 192
20, 128
20, 64
20, 1
20, 193
20, 129
20, 65
20, 2
20, 194
20, 130
20, 66
20, 3
20, 195
20, 131
20, 67
20, 4
20, 196
20, 132
20, 68
20, 5
20, 197
20, 133
20, 69
20, 6
20, 198
20, 134
20, 70
20, 7
20, 199
20, 135
20, 71
20, 8
20, 200
20, 136
20, 72
20, 9
20, 201
20, 137
20, 73
20, 10
20, 202
20, 138
20, 74
20, 11
20, 203
20, 139
20, 75
20, 12
20, 204
20, 140
20, 76
20, 13
20, 205
20, 141
20, 77
20, 14
20, 206
20, 142
20, 78
20, 15
20, 207
20, 143
20, 79
20, 16
20, 208
20, 144
20, 80
20, 17
20, 209
20, 145
20, 81
20, 18
20, 210
20, 146
20, 82
20, 19
20, 211
20, 147
20, 83
20, 20
20, 212
20, 148
20, 84
20, 213
20, 149
20, 85
20, 21
20, 214
20, 150
20, 86
20, 22
20, 215
20, 151
20, 87
20, 23
20, 216
20, 152
20, 88
20, 24
20, 217
20, 153
20, 89
20, 25
20, 218
20, 154
20, 90
20, 26
20, 219
20, 155
20, 91
20, 27
20, 220
20, 156
20, 92
20, 28
20, 221
20, 157
20, 93
20, 29
20, 222
20, 158
20, 94
20, 30
20, 223
20, 159
20, 95
20, 31
20, 224
20, 160
20, 96
20, 32
20, 225
20, 161
20, 97
20, 33
20, 226
20, 162
20, 98
20, 34
20, 227
20, 163
20, 99
20, 35
20, 228
20, 164
20, 100
20, 36
20, 229
20, 165
20, 101
20, 37
20, 230
20, 166
20, 102
20, 38
20, 231
20, 167
20, 103
20, 39
20, 232
20, 168
20, 104
20, 40
20, 233
20, 169
20, 105
20, 41
20, 234
20, 170
20, 106
20, 42
20, 235
20, 171
20, 107
20, 43
20, 236
20, 172
20, 108
20, 44
20, 237
20, 173
20, 109
20, 45
20, 238
20, 174
20, 110
20, 46
20, 239
20, 175
20, 111
20, 47
20, 240
20, 176
20, 112
20, 48
20, 241
20, 177
20, 113
20, 49
20, 242
20, 178
20, 114
20, 50
20, 243
20, 179
20, 115
20, 51
20, 244
20, 180
20, 116
20, 52
20, 245
20, 181
20, 117
20, 53
20, 246
20, 182
20, 118
20, 54
20, 247
20, 183
20, 119
20, 55
20, 248
20, 184
20, 120
20, 56
20, 249
20, 185
20, 121
20, 57
20, 250
20, 186
20, 122
20, 58
20, 187
20, 123
20, 59
20, 188
20, 124
20, 60
20, 189
20, 125
20, 61
20, 190
20, 126
20, 62
20, 191
20, 127
20, 63
213, 192
213, 128
213, 64
213, 193
213, 129
213, 65
213, 1
213, 194
213, 130
213, 66
213, 2
213, 195
213, 131
213, 67
213, 3
213, 196
213, 132
213, 68
213, 4
213, 197
213, 133
213, 69
213, 5
213, 198
213, 134
213, 70
213, 6
213, 199
213, 135
213, 71
213, 7
213, 200
213, 136
213, 72
213, 8
213, 201
213, 137
213, 73
213, 9
213, 202
213, 138
213, 74
213, 10
213, 203
213, 139
213, 75
213, 11
213, 204
213, 140
213, 76
213, 12
213, 205
213, 141
213, 77
213, 13
213, 206
213, 142
213, 78
213, 14
213, 207
213, 143
213, 79
213, 15
213, 208
213, 144
213, 80
213, 16
213, 209
213, 145
213, 81
213, 17
213, 210
213, 146
213, 82
213, 18
213, 211
213, 147
213, 83
213, 19
213, 212
213, 148
213, 84
213, 20
213, 213
213, 149
213, 85
213, 21
213, 150
213, 86
213, 22
213, 214
213, 151
213, 87
213, 23
213, 215
213, 152
213, 88
213, 24
213, 216
213, 153
213, 89
213, 25
213, 217
213, 154
213, 90
213, 26
213, 218
213, 155
213, 91
213, 27
213, 219
213, 156
213, 92
213, 28
213, 220
213, 157
213, 93
213, 29
213, 221
213, 158
213, 94
213, 30
213, 222
213, 159
213, 95
213, 31
213, 223
213, 160
213, 96
213, 32
213, 224
213, 161
213, 97
213, 33
213, 225
213, 162
213, 98
213, 34
213, 226
213, 163
213, 99
213, 35
213, 227
213, 164
213, 100
213, 36
213, 228
213, 165
213, 101
213, 37
213, 229
213, 166
213, 102
213, 38
213, 230
213, 167
213, 103
213, 39
213, 231
213, 168
213, 104
213, 40
213, 232
213, 169
213, 105
213, 41
213, 233
213, 170
213, 106
213, 42
213, 234
213, 171
213, 107
213, 43
213, 235
213, 172
213, 108
213, 44
213, 236
213, 173
213, 109
213, 45
213, 237
213, 174
213, 110
213, 46
213, 238
213, 175
213, 111
213, 47
213, 239
213, 176
213, 112
213, 48
213, 240
213, 177
213, 113
213, 49
213, 241
213, 178
213, 114
213, 50
213, 242
213, 179
213, 115
213, 51
213, 243
213, 180
213, 116
213, 52
213, 244
213, 181
213, 117
213, 53
213, 245
213, 182
213, 118
213, 54
213, 246
213, 183
213, 119
213, 55
213, 247
213, 184
213, 120
213, 56
213, 248
213, 185
213, 121
213, 57
213, 249
213, 186
213, 122
213, 58
213, 250
213, 187
213, 123
213, 59
213, 188
213, 124
213, 60
213, 189
213, 125
213, 61
213, 190
213, 126
213, 62
213, 191
213, 127
213, 63
149, 128
149, 64
149, 192
149, 129
149, 65
149, 1
149, 193
149, 130
149, 66
149, 2
149, 194
149, 131
149, 67
149, 3
149, 195
149, 132
149, 68
149, 4
149, 196
149, 133
149, 69
149, 5
149, 197
149, 134
149, 70
149, 6
149, 198
149, 135
149, 71
149, 7
149, 199
149, 136
149, 72
149, 8
149, 200
149, 137
149, 73
149, 9
149, 201
149, 138
149, 74
149, 10
149, 202
149, 139
149, 75
149, 11
149, 203
149, 140
149, 76
149, 12
149, 204
149, 141
149, 77
149, 13
149, 205
149, 142
149, 78
149, 14
149, 206
149, 143
149, 79
149, 15
149, 207
149, 144
149, 80
149, 16
149, 208
149, 145
149, 81
149, 17
149, 209
149, 146
149, 82
149, 18
149, 210
149, 147
149, 83
149, 19
149, 211
149, 148
149, 84
149, 20
149, 212
149, 149
149, 85
149, 21
149, 213
149, 86
149, 22
149, 214
149, 150
149, 87
149, 23
149, 215
149, 151
149, 88
149, 24
149, 216
149, 152
149, 89
149, 25
149, 217
149, 153
149, 90
149, 26
149, 218
149, 154
149, 91
149, 27
149, 219
149, 155
149, 92
149, 28
149, 220
149, 156
149, 93
149, 29
149, 221
149, 157
149, 94
149, 30
149, 222
149, 158
149, 95
149, 31
149, 223
149, 159
149, 96
149, 32
149, 224
149, 160
149, 97
149, 33
149, 225
149, 161
149, 98
149, 34
149, 226
149, 162
149, 99
149, 35
149, 227
149, 163
149, 100
149, 36
149, 228
149, 164
149, 101
149, 37
149, 229
149, 165
149, 102
149, 38
149, 230
149, 166
149, 103
149, 39
149, 231
149, 167
149, 104
149, 40
149, 232
149, 168
149, 105
149, 41
149, 233
149, 169
149, 106
149, 42
149, 234
149, 170
149, 107
149, 43
149, 235
149, 171
149, 108
149, 44
149, 236
149, 172
149, 109
149, 45
149, 237
149, 173
149, 110
149, 46
149, 238
149, 174
149, 111
149, 47
149, 239
149, 175
149, 112
149, 48
149, 240
149, 176
149, 113
149, 49
149, 241
149, 177
149, 114
149, 50
149, 242
149, 178
149, 115
149, 51
149, 243
149, 179
149, 116
149, 52
149, 244
149, 180
149, 117
149, 53
149, 245
149, 181
149, 118
149, 54
149, 246
149, 182
149, 119
149, 55
149, 247
149, 183
149, 120
149, 56
149, 248
149, 184
149, 121
149, 57
149, 249
149, 185
149, 122
149, 58
149, 250
149, 186
149, 123
149, 59
149, 187
149, 124
149, 60
149, 188
149, 125
149, 61
149, 189
149, 126
149, 62
149, 190
149, 127
149, 63
149, 191
85, 64
85, 192
85, 128
85, 65
85, 1
85, 193
85, 129
85, 66
85, 2
85, 194
85, 130
85, 67
85, 3
85, 195
85, 131
85, 68
85, 4
85, 196
85, 132
85, 69
85, 5
85, 197
85, 133
85, 70
85, 6
85, 198
85, 134
85, 71
85, 7
85, 199
85, 135
85, 72
85, 8
85, 200
85, 136
85, 73
85, 9
85, 201
85, 137
85, 74
85, 10
85, 202
85, 138
85, 75
85, 11
85, 203
85, 139
85, 76
85, 12
85, 204
85, 140
85, 77
85, 13
85, 205
85, 141
85, 78
85, 14
85, 206
85, 142
85, 79
85, 15
85, 207
85, 143
85, 80
85, 16
85, 208
85, 144
85, 81
85, 17
85, 209
85, 145
85, 82
85, 18
85, 210
85, 146
85, 83
85, 19
85, 211
85, 147
85, 84
85, 20
85, 212
85, 148
85, 85
85, 21
85, 213
85, 149
85, 22
85, 214
85, 150
85, 86
85, 23
85, 215
85, 151
85, 87
85, 24
85, 216
85, 152
85, 88
85, 25
85, 217
85, 153
85, 89
85, 26
85, 218
85, 154
85, 90
85, 27
85, 219
85, 155
85, 91
85, 28
85, 220
85, 156
85, 92
85, 29
85, 221
85, 157
85, 93
85, 30
85, 222
85, 158
85, 94
85, 31
85, 223
85, 159
85, 95
85, 32
85, 224
85, 160
85, 96
85, 33
85, 225
85, 161
85, 97
85, 34
85, 226
85, 162
85, 98
85, 35
85, 227
85, 163
85, 99
85, 36
85, 228
85, 164
85, 100
85, 37
85, 229
85, 165
85, 101
85, 38
85, 230
85, 166
85, 102
85, 39
85, 231
85, 167
85, 103
85, 40
85, 232
85, 168
85, 104
85, 41
85, 233
85, 169
85, 105
85, 42
85, 234
85, 170
85, 106
85, 43
85, 235
85, 171
85, 107
85, 44
85, 236
85, 172
85, 108
85, 45
85, 237
85, 173
85, 109
85, 46
85, 238
85, 174
85, 110
85, 47
85, 239
85, 175
85, 111
85, 48
85, 240
85, 176
85, 112
85, 49
85, 241
85, 177
85, 113
85, 50
85, 242
85, 178
85, 114
85, 51
85, 243
85, 179
85, 115
85, 52
85, 244
85, 180
85, 116
85, 53
85, 245
85, 181
85, 117
85, 54
85, 246
85, 182
85, 118
85, 55
85, 247
85, 183
85, 119
85, 56
85, 248
85, 184
85, 120
85, 57
85, 249
85, 185
85, 121
85, 58
85, 250
85, 186
85, 122
85, 59
85, 187
85, 123
85, 60
85, 188
85, 124
85, 61
85, 189
85, 125
85, 62
85, 190
85, 126
85, 63
85, 191
85, 127
21, 192
21, 128
21, 64
21, 1
21, 193
21, 129
21, 65
21, 2
21, 194
21, 130
21, 66
21, 3
21, 195
21, 131
21, 67
21, 4
21, 196
21, 132
21, 68
21, 5
21, 197
21, 133
21, 69
21, 6
21, 198
21, 134
21, 70
21, 7
21, 199
21, 135
21, 71
21, 8
21, 200
21, 136
21, 72
21, 9
21, 201
21, 137
21, 73
21, 10
21, 202
21, 138
21, 74
21, 11
21, 203
21, 139
21, 75
21, 12
21, 204
21, 140
21, 76
21, 13
21, 205
21, 141
21, 77
21, 14
21, 206
21, 142
21, 78
21, 15
21, 207
21, 143
21, 79
21, 16
21, 208
21, 144
21, 80
21, 17
21, 209
21, 145
21, 81
21, 18
21, 210
21, 146
21, 82
21, 19
21, 211
21, 147
21, 83
21, 20
21, 212
21, 148
21, 84
21, 21
21, 213
21, 149
21, 85
21, 214
21, 150
21, 86
21, 22
21, 215
21, 151
21, 87
21, 23
21, 216
21, 152
21, 88
21, 24
21, 217
21, 153
21, 89
21, 25
21, 218
21, 154
21, 90
21, 26
21, 219
21, 155
21, 91
21, 27
21, 220
21, 156
21, 92
21, 28
21, 221
21, 157
21, 93
21, 29
21, 222
21, 158
21, 94
21, 30
21, 223
21, 159
21, 95
21, 31
21, 224
21, 160
21, 96
21, 32
21, 225
21, 161
21, 97
21, 33
21, 226
21, 162
21, 98
21, 34
21, 227
21, 163
21, 99
21, 35
21, 228
21, 164
21, 100
21, 36
21, 229
21, 165
21, 101
21, 37
21, 230
21, 166
21, 102
21, 38
21, 231
21, 167
21, 103
21, 39
21, 232
21, 168
21, 104
21, 40
21, 233
21, 169
21, 105
21, 41
21, 234
21, 170
21, 106
21, 42
21, 235
21, 171
21, 107
21, 43
21, 236
21, 172
21, 108
21, 44
21, 237
21, 173
21, 109
21, 45
21, 238
21, 174
21, 110
21, 46
21, 239
21, 175
21, 111
21, 47
21, 240
21, 176
21, 112
21, 48
21, 241
21, 177
21, 113
21, 49
21, 242
21, 178
21, 114
21, 50
21, 243
21, 179
21, 115
21, 51
21, 244
21, 180
21, 116
21, 52
21, 245
21, 181
21, 117
21, 53
21, 246
21, 182
21, 118
21, 54
21, 247
21, 183
21, 119
21, 55
21, 248
21, 184
21, 120
21, 56
21, 249
21, 185
21, 121
21, 57
21, 250
21, 186
21, 122
21, 58
21, 187
21, 123
21, 59
21, 188
21, 124
21, 60
21, 189
21, 125
21, 61
21, 190
21, 126
21, 62
21, 191
21, 127
21, 63
214, 192
214, 128
214, 64
214, 193
214, 129
214, 65
214, 1
214, 194
214, 130
214, 66
214, 2
214, 195
214, 131
214, 67
214, 3
214, 196
214, 132
214, 68
214, 4
214, 197
214, 133
214, 69
214, 5
214, 198
214, 134
214, 70
214, 6
214, 199
214, 135
214, 71
214, 7
214, 200
214, 136
214, 72
214, 8
214, 201
214, 137
214, 73
214, 9
214, 202
214, 138
214, 74
214, 10
214, 203
214, 139
214, 75
214, 11
214, 204
214, 140
214, 76
214, 12
214, 205
214, 141
214, 77
214, 13
214, 206
214, 142
214, 78
214, 14
214, 207
214, 143
214, 79
214, 15
214, 208
214, 144
214, 80
214, 16
214, 209
214, 145
214, 81
214, 17
214, 210
214, 146
214, 82
214, 18
214, 211
214, 147
214, 83
214, 19
214, 212
214, 148
214, 84
214, 20
214, 213
214, 149
214, 85
214, 21
214, 214
214, 150
214, 86
214, 22
214, 151
214, 87
214, 23
214, 215
214, 152
214, 88
214, 24
214, 216
214, 153
214, 89
214, 25
214, 217
214, 154
214, 90
214, 26
214, 218
214, 155
214, 91
214, 27
214, 219
214, 156
214, 92
214, 28
214, 220
214, 157
214, 93
214, 29
214, 221
214, 158
214, 94
214, 30
214, 222
214, 159
214, 95
214, 31
214, 223
214, 160
214, 96
214, 32
214, 224
214, 161
214, 97
214, 33
214, 225
214, 162
214, 98
214, 34
214, 226
214, 163
214, 99
214, 35
214, 227
214, 164
214, 100
214, 36
214, 228
214, 165
214, 101
214, 37
214, 229
214, 166
214, 102
214, 38
214, 230
214, 167
214, 103
214, 39
214, 231
214, 168
214, 104
214, 40
214, 232
214, 169
214, 105
214, 41
214, 233
214, 170
214, 106
214, 42
214, 234
214, 171
214, 107
214, 43
214, 235
214, 172
214, 108
214, 44
214, 236
214, 173
214, 109
214, 45
214, 237
214, 174
214, 110
214, 46
214, 238
214, 175
214, 111
214, 47
214, 239
214, 176
214, 112
214, 48
214, 240
214, 177
214, 113
214, 49
214, 241
214, 178
214, 114
214, 50
214, 242
214, 179
214, 115
214, 51
214, 243
214, 180
214, 116
214, 52
214, 244
214, 181
214, 117
214, 53
214, 245
214, 182
214, 118
214, 54
214, 246
214, 183
214, 119
214, 55
214, 247
214, 184
214, 120
214, 56
214, 248
214, 185
214, 121
214, 57
214, 249
214, 186
214, 122
214, 58
214, 250
214, 187
214, 123
214, 59
214, 188
214, 124
214, 60
214, 189
214, 125
214, 61
214, 190
214, 126
214, 62
214, 191
214, 127
214, 63
150, 128
150, 64
150, 192
150, 129
150, 65
150, 1
150, 193
150, 130
150, 66
150, 2
150, 194
150, 131
150, 67
150, 3
150, 195
150, 132
150, 68
150, 4
150, 196
150, 133
150, 69
150, 5
150, 197
150, 134
150, 70
150, 6
150, 198
150, 135
150, 71
150, 7
150, 199
150, 136
150, 72
150, 8
150, 200
150, 137
150, 73
150, 9
150, 201
150, 138
150, 74
150, 10
150, 202
150, 139
150, 75
150, 11
150, 203
150, 140
150, 76
150, 12
150, 204
150, 141
150, 77
150, 13
150, 205
150, 142
150, 78
150, 14
150, 206
150, 143
150, 79
150, 15
150, 207
150, 144
150, 80
150, 16
150, 208
150, 145
150, 81
150, 17
150, 209
150, 146
150, 82
150, 18
150, 210
150, 147
150, 83
150, 19
150, 211
150, 148
150, 84
150, 20
150, 212
150, 149
150, 85
150, 21
150, 213
150, 150
150, 86
150, 22
150, 214
150, 87
150, 23
150, 215
150, 151
150, 88
150, 24
150, 216
150, 152
150, 89
150, 25
150, 217
150, 153
150, 90
150, 26
150, 218
150, 154
150, 91
150, 27
150, 219
150, 155
150, 92
150, 28
150, 220
150, 156
150, 93
150, 29
150, 221
150, 157
150, 94
150, 30
150, 222
150, 158
150, 95
150, 31
150, 223
150, 159
150, 96
150, 32
150, 224
150, 160
150, 97
150, 33
150, 225
150, 161
150, 98
150, 34
150, 226
150, 162
150, 99
150, 35
150, 227
150, 163
150, 100
150, 36
150, 228
150, 164
150, 101
150, 37
150, 229
150, 165
150, 102
150, 38
150, 230
150, 166
150, 103
150, 39
150, 231
150, 167
150, 104
150, 40
150, 232
150, 168
150, 105
150, 41
150, 233
150, 169
150, 106
150, 42
150, 234
150, 170
150, 107
150, 43
150, 235
150, 171
150, 108
150, 44
150, 236
150, 172
150, 109
150, 45
150, 237
150, 173
150, 110
150, 46
150, 238
150, 174
150, 111
150, 47
150, 239
150, 175
150, 112
150, 48
150, 240
150, 176
150, 113
150, 49
150, 241
150, 177
150, 114
150, 50
150, 242
150, 178
150, 115
150, 51
150, 243
150, 179
150, 116
150, 52
150, 244
150, 180
150, 117
150, 53
150, 245
150, 181
150, 118
150, 54
150, 246
150, 182
150, 119
150, 55
150, 247
150, 183
150, 120
150, 56
150, 248
150, 184
150, 121
150, 57
150, 249
150, 185
150, 122
150, 58
150, 250
150, 186
150, 123
150, 59
150, 187
150, 124
150, 60
150, 188
150, 125
150, 61
150, 189
150, 126
150, 62
150, 190
150, 127
150, 63
150, 191
86, 64
86, 192
86, 128
86, 65
86, 1
86, 193
86, 129
86, 66
86, 2
86, 194
86, 130
86, 67
86, 3
86, 195
86, 131
86, 68
86, 4
86, 196
86, 132
86, 69
86, 5
86, 197
86, 133
86, 70
86, 6
86, 198
86, 134
86, 71
86, 7
86, 199
86, 135
86, 72
86, 8
86, 200
86, 136
86, 73
86, 9
86, 201
86, 137
86, 74
86, 10
86, 202
86, 138
86, 75
86, 11
86, 203
86, 139
86, 76
86, 12
86, 204
86, 140
86, 77
86, 13
86, 205
86, 141
86, 78
86, 14
86, 206
86, 142
86, 79
86, 15
86, 207
86, 143
86, 80
86, 16
86, 208
86, 144
86, 81
86, 17
86, 209
86, 145
86, 82
86, 18
86, 210
86, 146
86, 83
86, 19
86, 211
86, 147
86, 84
86, 20
86, 212
86, 148
86, 85
86, 21
86, 213
86, 149
86, 86
86, 22
86, 214
86, 150
86, 23
86, 215
86, 151
86, 87
86, 24
86, 216
86, 152
86, 88
86, 25
86, 217
86, 153
86, 89
86, 26
86, 218
86, 154
86, 90
86, 27
86, 219
86, 155
86, 91
86, 28
86, 220
86, 156
86, 92
86, 29
86, 221
86, 157
86, 93
86, 30
86, 222
86, 158
86, 94
86, 31
86, 223
86, 159
86, 95
86, 32
86, 224
86, 160
86, 96
86, 33
86, 225
86, 161
86, 97
86, 34
86, 226
86, 162
86, 98
86, 35
86, 227
86, 163
86, 99
86, 36
86, 228
86, 164
86, 100
86, 37
86, 229
86, 165
86, 101
86, 38
86, 230
86, 166
86, 102
86, 39
86, 231
86, 167
86, 103
86, 40
86, 232
86, 168
86, 104
86, 41
86, 233
86, 169
86, 105
86, 42
86, 234
86, 170
86, 106
86, 43
86, 235
86, 171
86, 107
86, 44
86, 236
86, 172
86, 108
86, 45
86, 237
86, 173
86, 109
86, 46
86, 238
86, 174
86, 110
86, 47
86, 239
86, 175
86, 111
86, 48
86, 240
86, 176
86, 112
86, 49
86, 241
86, 177
86, 113
86, 50
86, 242
86, 178
86, 114
86, 51
86, 243
86, 179
86, 115
86, 52
86, 244
86, 180
86, 116
86, 53
86, 245
86, 181
86, 117
86, 54
86, 246
86, 182
86, 118
86, 55
86, 247
86, 183
86, 119
86, 56
86, 248
86, 184
86, 120
86, 57
86, 249
86, 185
86, 121
86, 58
86, 250
86, 186
86, 122
86, 59
86, 187
86, 123
86, 60
86, 188
86, 124
86, 61
86, 189
86, 125
86, 62
86, 190
86, 126
86, 63
86, 191
86, 127
22, 192
22, 128
22, 64
22, 1
22, 193
22, 129
22, 65
22, 2
22, 194
22, 130
22, 66
22, 3
22, 195
22, 131
22, 67
22, 4
22, 196
22, 132
22, 68
22, 5
22, 197
22, 133
22, 69
22, 6
22, 198
22, 134
22, 70
22, 7
22, 199
22, 135
22, 71
22, 8
22, 200
22, 136
22, 72
22, 9
22, 201
22, 137
22, 73
22, 10
22, 202
22, 138
22, 74
22, 11
22, 203
22, 139
22, 75
22, 12
22, 204
22, 140
22, 76
22, 13
22, 205
22, 141
22, 77
22, 14
22, 206
22, 142
22, 78
22, 15
22, 207
22, 143
22, 79
22, 16
22, 208
22, 144
22, 80
22, 17
22, 209
22, 145
22, 81
22, 18
22, 210
22, 146
22, 82
22, 19
22, 211
22, 147
22, 83
22, 20
22, 212
22, 148
22, 84
22, 21
22, 213
22, 149
22, 85
22, 22
22, 214
22, 150
22, 86
22, 215
22, 151
22, 87
22, 23
22, 216
22, 152
22, 88
22, 24
22, 217
22, 153
22, 89
22, 25
22, 218
22, 154
22, 90
22, 26
22, 219
22, 155
22, 91
22, 27
22, 220
22, 156
22, 92
22, 28
22, 221
22, 157
22, 93
22, 29
22, 222
22, 158
22, 94
22, 30
22, 223
22, 159
22, 95
22, 31
22, 224
22, 160
22, 96
22, 32
22, 225
22, 161
22, 97
22, 33
22, 226
22, 162
22, 98
22, 34
22, 227
22, 163
22, 99
22, 35
22, 228
22, 164
22, 100
22, 36
22, 229
22, 165
22, 101
22, 37
22, 230
22, 166
22, 102
22, 38
22, 231
22, 167
22, 103
22, 39
22, 232
22, 168
22, 104
22, 40
22, 233
22, 169
22, 105
22, 41
22, 234
22, 170
22, 106
22, 42
22, 235
22, 171
22, 107
22, 43
22, 236
22, 172
22, 108
22, 44
22, 237
22, 173
22, 109
22, 45
22, 238
22, 174
22, 110
22, 46
22, 239
22, 175
22, 111
22, 47
22, 240
22, 176
22, 112
22, 48
22, 241
22, 177
22, 113
22, 49
22, 242
22, 178
22, 114
22, 50
22, 243
22, 179
22, 115
22, 51
22, 244
22, 180
22, 116
22, 52
22, 245
22, 181
22, 117
22, 53
22, 246
22, 182
22, 118
22, 54
22, 247
22, 183
22, 119
22, 55
22, 248
22, 184
22, 120
22, 56
22, 249
22, 185
22, 121
22, 57
22, 250
22, 186
22, 122
22, 58
22, 187
22, 123
22, 59
22, 188
22, 124
22, 60
22, 189
22, 125
22, 61
22, 190
22, 126
22, 62
22, 191
22, 127
22, 63
215, 192
215, 128
215, 64
215, 193
215, 129
215, 65
215, 1
215, 194
215, 130
215, 66
215, 2
215, 195
215, 131
215, 67
215, 3
215, 196
215, 132
215, 68
215, 4
215, 197
215, 133
215, 69
215, 5
215, 198
215, 134
215, 70
215, 6
215, 199
215, 135
215, 71
215, 7
215, 200
215, 136
215, 72
215, 8
215, 201
215, 137
215, 73
215, 9
215, 202
215, 138
215, 74
215, 10
215, 203
215, 139
215, 75
215, 11
215, 204
215, 140
215, 76
215, 12
215, 205
215, 141
215, 77
215, 13
215, 206
215, 142
215, 78
215, 14
215, 207
215, 143
215, 79
215, 15
215, 208
215, 144
215, 80
215, 16
215, 209
215, 145
215, 81
215, 17
215, 210
215, 146
215, 82
215, 18
215, 211
215, 147
215, 83
215, 19
215, 212
215, 148
215, 84
215, 20
215, 213
215, 149
215, 85
215, 21
215, 214
215, 150
215, 86
215, 22
215, 215
215, 151
215, 87
215, 23
215, 152
215, 88
215, 24
215, 216
215, 153
215, 89
215, 25
215, 217
215, 154
215, 90
215, 26
215, 218
215, 155
215, 91
215, 27
215, 219
215, 156
215, 92
215, 28
215, 220
215, 157
215, 93
215, 29
215, 221
215, 158
215, 94
215, 30
215, 222
215, 159
215, 95
215, 31
215, 223
215, 160
215, 96
215, 32
215, 224
215, 161
215, 97
215, 33
215, 225
215, 162
215, 98
215, 34
215, 226
215, 163
215, 99
215, 35
215, 227
215, 164
215, 100
215, 36
215, 228
215, 165
215, 101
215, 37
215, 229
215, 166
215, 102
215, 38
215, 230
215, 167
215, 103
215, 39
215, 231
215, 168
215, 104
215, 40
215, 232
215, 169
215, 105
215, 41
215, 233
215, 170
215, 106
215, 42
215, 234
215, 171
215, 107
215, 43
215, 235
215, 172
215, 108
215, 44
215, 236
215, 173
215, 109
215, 45
215, 237
215, 174
215, 110
215, 46
215, 238
215, 175
215, 111
215, 47
215, 239
215, 176
215, 112
215, 48
215, 240
215, 177
215, 113
215, 49
215, 241
215, 178
215, 114
215, 50
215, 242
215, 179
215, 115
215, 51
215, 243
215, 180
215, 116
215, 52
215, 244
215, 181
215, 117
215, 53
215, 245
215, 182
215, 118
215, 54
215, 246
215, 183
215, 119
215, 55
215, 247
215, 184
215, 120
215, 56
215, 248
215, 185
215, 121
215, 57
215, 249
215, 186
215, 122
215, 58
215, 250
215, 187
215, 123
215, 59
215, 188
215, 124
215, 60
215, 189
215, 125
215, 61
215, 190
215, 126
215, 62
215, 191
215, 127
215, 63
151, 128
151, 64
151, 192
151, 129
151, 65
151, 1
151, 193
151, 130
151, 66
151, 2
151, 194
151, 131
151, 67
151, 3
151, 195
151, 132
151, 68
151, 4
151, 196
151, 133
151, 69
151, 5
151, 197
151, 134
151, 70
151, 6
151, 198
151, 135
151, 71
151, 7
151, 199
151, 136
151, 72
151, 8
151, 200
151, 137
151, 73
151, 9
151, 201
151, 138
151, 74
151, 10
151, 202
151, 139
151, 75
151, 11
151, 203
151, 140
151, 76
151, 12
151, 204
151, 141
151, 77
151, 13
151, 205
151, 142
151, 78
151, 14
151, 206
151, 143
151, 79
151, 15
151, 207
151, 144
151, 80
151, 16
151, 208
151, 145
151, 81
151, 17
151, 209
151, 146
151, 82
151, 18
151, 210
151, 147
151, 83
151, 19
151, 211
151, 148
151, 84
151, 20
151, 212
151, 149
151, 85
151, 21
151, 213
151, 150
151, 86
151, 22
151, 214
151, 151
151, 87
151, 23
151, 215
151, 88
151, 24
151, 216
151, 152
151, 89
151, 25
151, 217
151, 153
151, 90
151, 26
151, 218
151, 154
151, 91
151, 27
151, 219
151, 155
151, 92
151, 28
151, 220
151, 156
151, 93
151, 29
151, 221
151, 157
151, 94
151, 30
151, 222
151, 158
151, 95
151, 31
151, 223
151, 159
151, 96
151, 32
151, 224
151, 160
151, 97
151, 33
151, 225
151, 161
151, 98
151, 34
151, 226
151, 162
151, 99
151, 35
151, 227
151, 163
151, 100
151, 36
151, 228
151, 164
151, 101
151, 37
151, 229
151, 165
151, 102
151, 38
151, 230
151, 166
151, 103
151, 39
151, 231
151, 167
151, 104
151, 40
151, 232
151, 168
151, 105
151, 41
151, 233
151, 169
151, 106
151, 42
151, 234
151, 170
151, 107
151, 43
151, 235
151, 171
151, 108
151, 44
151, 236
151, 172
151, 109
151, 45
151, 237
151, 173
151, 110
151, 46
151, 238
151, 174
151, 111
151, 47
151, 239
151, 175
151, 112
151, 48
151, 240
151, 176
151, 113
151, 49
151, 241
151, 177
151, 114
151, 50
151, 242
151, 178
151, 115
151, 51
151, 243
151, 179
151, 116
151, 52
151, 244
151, 180
151, 117
151, 53
151, 245
151, 181
151, 118
151, 54
151, 246
151, 182
151, 119
151, 55
151, 247
151, 183
151, 120
151, 56
151, 248
151, 184
151, 121
151, 57
151, 249
151, 185
151, 122
151, 58
151, 250
151, 186
151, 123
151, 59
151, 187
151, 124
151, 60
151, 188
151, 125
151, 61
151, 189
151, 126
151, 62
151, 190
151, 127
151, 63
151, 191
87, 64
87, 192
87, 128
87, 65
87, 1
87, 193
87, 129
87, 66
87, 2
87, 194
87, 130
87, 67
87, 3
87, 195
87, 131
87, 68
87, 4
87, 196
87, 132
87, 69
87, 5
87, 197
87, 133
87, 70
87, 6
87, 198
87, 134
87, 71
87, 7
87, 199
87, 135
87, 72
87, 8
87, 200
87, 136
87, 73
87, 9
87, 201
87, 137
87, 74
87, 10
87, 202
87, 138
87, 75
87, 11
87, 203
87, 139
87, 76
87, 12
87, 204
87, 140
87, 77
87, 13
87, 205
87, 141
87, 78
87, 14
87, 206
87, 142
87, 79
87, 15
87, 207
87, 143
87, 80
87, 16
87, 208
87, 144
87, 81
87, 17
87, 209
87, 145
87, 82
87, 18
87, 210
87, 146
87, 83
87, 19
87, 211
87, 147
87, 84
87, 20
87, 212
87, 148
87, 85
87, 21
87, 213
87, 149
87, 86
87, 22
87, 214
87, 150
87, 87
87, 23
87, 215
87, 151
87, 24
87, 216
87, 152
87, 88
87, 25
87, 217
87, 153
87, 89
87, 26
87, 218
87, 154
87, 90
87, 27
87, 219
87, 155
87, 91
87, 28
87, 220
87, 156
87, 92
87, 29
87, 221
87, 157
87, 93
87, 30
87, 222
87, 158
87, 94
87, 31
87, 223
87, 159
87, 95
87, 32
87, 224
87, 160
87, 96
87, 33
87, 225
87, 161
87, 97
87, 34
87, 226
87, 162
87, 98
87, 35
87, 227
87, 163
87, 99
87, 36
87, 228
87, 164
87, 100
87, 37
87, 229
87, 165
87, 101
87, 38
87, 230
87, 166
87, 102
87, 39
87, 231
87, 167
87, 103
87, 40
87, 232
87, 168
87, 104
87, 41
87, 233
87, 169
87, 105
87, 42
87, 234
87, 170
87, 106
87, 43
87, 235
87, 171
87, 107
87, 44
87, 236
87, 172
87, 108
87, 45
87, 237
87, 173
87, 109
87, 46
87, 238
87, 174
87, 110
87, 47
87, 239
87, 175
87, 111
87, 48
87, 240
87, 176
87, 112
87, 49
87, 241
87, 177
87, 113
87, 50
87, 242
87, 178
87, 114
87, 51
87, 243
87, 179
87, 115
87, 52
87, 244
87, 180
87, 116
87, 53
87, 245
87, 181
87, 117
87, 54
87, 246
87, 182
87, 118
87, 55
87, 247
87, 183
87, 119
87, 56
87, 248
87, 184
87, 120
87, 57
87, 249
87, 185
87, 121
87, 58
87, 250
87, 186
87, 122
87, 59
87, 187
87, 123
87, 60
87, 188
87, 124
87, 61
87, 189
87, 125
87, 62
87, 190
87, 126
87, 63
87, 191
87, 127
23, 192
23, 128
23, 64
23, 1
23, 193
23, 129
23, 65
23, 2
23, 194
23, 130
23, 66
23, 3
23, 195
23, 131
23, 67
23, 4
23, 196
23, 132
23, 68
23, 5
23, 197
23, 133
23, 69
23, 6
23, 198
23, 134
23, 70
23, 7
23, 199
23, 135
23, 71
23, 8
23, 200
23, 136
23, 72
23, 9
23, 201
23, 137
23, 73
23, 10
23, 202
23, 138
23, 74
23, 11
23, 203
23, 139
23, 75
23, 12
23, 204
23, 140
23, 76
23, 13
23, 205
23, 141
23, 77
23, 14
23, 206
23, 142
23, 78
23, 15
23, 207
23, 143
23, 79
23, 16
23, 208
23, 144
23, 80
23, 17
23, 209
23, 145
23, 81
23, 18
23, 210
23, 146
23, 82
23, 19
23, 211
23, 147
23, 83
23, 20
23, 212
23, 148
23, 84
23, 21
23, 213
23, 149
23, 85
23, 22
23, 214
23, 150
23, 86
23, 23
23, 215
23, 151
23, 87
23, 216
23, 152
23, 88
23, 24
23, 217
23, 153
23, 89
23, 25
23, 218
23, 154
23, 90
23, 26
23, 219
23, 155
23, 91
23, 27
23, 220
23, 156
23, 92
23, 28
23, 221
23, 157
23, 93
23, 29
23, 222
23, 158
23, 94
23, 30
23, 223
23, 159
23, 95
23, 31
23, 224
23, 160
23, 96
23, 32
23, 225
23, 161
23, 97
23, 33
23, 226
23, 162
23, 98
23, 34
23, 227
23, 163
23, 99
23, 35
23, 228
23, 164
23, 100
23, 36
23, 229
23, 165
23, 101
23, 37
23, 230
23, 166
23, 102
23, 38
23, 231
23, 167
23, 103
23, 39
23, 232
23, 168
23, 104
23, 40
23, 233
23, 169
23, 105
23, 41
23, 234
23, 170
23, 106
23, 42
23, 235
23, 171
23, 107
23, 43
23, 236
23, 172
23, 108
23, 44
23, 237
23, 173
23, 109
23, 45
23, 238
23, 174
23, 110
23, 46
23, 239
23, 175
23, 111
23, 47
23, 240
23, 176
23, 112
23, 48
23, 241
23, 177
23, 113
23, 49
23, 242
23, 178
23, 114
23, 50
23, 243
23, 179
23, 115
23, 51
23, 244
23, 180
23, 116
23, 52
23, 245
23, 181
23, 117
23, 53
23, 246
23, 182
23, 118
23, 54
23, 247
23, 183
23, 119
23, 55
23, 248
23, 184
23, 120
23, 56
23, 249
23, 185
23, 121
23, 57
23, 250
23, 186
23, 122
23, 58
23, 187
23, 123
23, 59
23, 188
23, 124
23, 60
23, 189
23, 125
23, 61
23, 190
23, 126
23, 62
23, 191
23, 127
23, 63
216, 192
216, 128
216, 64
216, 193
216, 129
216, 65
216, 1
216, 194
216, 130
216, 66
216, 2
216, 195
216, 131
216, 67
216, 3
216, 196
216, 132
216, 68
216, 4
216, 197
216, 133
216, 69
216, 5
216, 198
216, 134
216, 70
216, 6
216, 199
216, 135
216, 71
216, 7
216, 200
216, 136
216, 72
216, 8
216, 201
216, 137
216, 73
216, 9
216, 202
216, 138
216, 74
216, 10
216, 203
216, 139
216, 75
216, 11
216, 204
216, 140
216, 76
216, 12
216, 205
216, 141
216, 77
216, 13
216, 206
216, 142
216, 78
216, 14
216, 207
216, 143
216, 79
216, 15
216, 208
216, 144
216, 80
216, 16
216, 209
216, 145
216, 81
216, 17
216, 210
216, 146
216, 82
216, 18
216, 211
216, 147
216, 83
216, 19
216, 212
216, 148
216, 84
216, 20
216, 213
216, 149
216, 85
216, 21
216, 214
216, 150
216, 86
216, 22
216, 215
216, 151
216, 87
216, 23
216, 216
216, 152
216, 88
216, 24
216, 153
216, 89
216, 25
216, 217
216, 154
216, 90
216, 26
216, 218
216, 155
216, 91
216, 27
216, 219
216, 156
216, 92
216, 28
216, 220
216, 157
216, 93
216, 29
216, 221
216, 158
216, 94
216, 30
216, 222
216, 159
216, 95
216, 31
216, 223
216, 160
216, 96
216, 32
216, 224
216, 161
216, 97
216, 33
216, 225
216, 162
216, 98
216, 34
216, 226
216, 163
216, 99
216, 35
216, 227
216, 164
216, 100
216, 36
216, 228
216, 165
216, 101
216, 37
216, 229
216, 166
216, 102
216, 38
216, 230
216, 167
216, 103
216, 39
216, 231
216, 168
216, 104
216, 40
216, 232
216, 169
216, 105
216, 41
216, 233
216, 170
216, 106
216, 42
216, 234
216, 171
216, 107
216, 43
216, 235
216, 172
216, 108
216, 44
216, 236
216, 173
216, 109
216, 45
216, 237
216, 174
216, 110
216, 46
216, 238
216, 175
216, 111
216, 47
216, 239
216, 176
216, 112
216, 48
216, 240
216, 177
216, 113
216, 49
216, 241
216, 178
216, 114
216, 50
216, 242
216, 179
216, 115
216, 51
216, 243
216, 180
216, 116
216, 52
216, 244
216, 181
216, 117
216, 53
216, 245
216, 182
216, 118
216, 54
216, 246
216, 183
216, 119
216, 55
216, 247
216, 184
216, 120
216, 56
216, 248
216, 185
216, 121
216, 57
216, 249
216, 186
216, 122
216, 58
216, 250
216, 187
216, 123
216, 59
216, 188
216, 124
216, 60
216, 189
216, 125
216, 61
216, 190
216, 126
216, 62
216, 191
216, 127
216, 63
152, 128
152, 64
152, 192
152, 129
152, 65
152, 1
152, 193
152, 130
152, 66
152, 2
152, 194
152, 131
152, 67
152, 3
152, 195
152, 132
152, 68
152, 4
152, 196
152, 133
152, 69
152, 5
152, 197
152, 134
152, 70
152, 6
152, 198
152, 135
152, 71
152, 7
152, 199
152, 136
152, 72
152, 8
152, 200
152, 137
152, 73
152, 9
152, 201
152, 138
152, 74
152, 10
152, 202
152, 139
152, 75
152, 11
152, 203
152, 140
152, 76
152, 12
152, 204
152, 141
152, 77
152, 13
152, 205
152, 142
152, 78
152, 14
152, 206
152, 143
152, 79
152, 15
152, 207
152, 144
152, 80
152, 16
152, 208
152, 145
152, 81
152, 17
152, 209
152, 146
152, 82
152, 18
152, 210
152, 147
152, 83
152, 19
152, 211
152, 148
152, 84
152, 20
152, 212
152, 149
152, 85
152, 21
152, 213
152, 150
152, 86
152, 22
152, 214
152, 151
152, 87
152, 23
152, 215
152, 152
152, 88
152, 24
152, 216
152, 89
152, 25
152, 217
152, 153
152, 90
152, 26
152, 218
152, 154
152, 91
152, 27
152, 219
152, 155
152, 92
152, 28
152, 220
152, 156
152, 93
152, 29
152, 221
152, 157
152, 94
152, 30
152, 222
152, 158
152, 95
152, 31
152, 223
152, 159
152, 96
152, 32
152, 224
152, 160
152, 97
152, 33
152, 225
152, 161
152, 98
152, 34
152, 226
152, 162
152, 99
152, 35
152, 227
152, 163
152, 100
152, 36
152, 228
152, 164
152, 101
152, 37
152, 229
152, 165
152, 102
152, 38
152, 230
152, 166
152, 103
152, 39
152, 231
152, 167
152, 104
152, 40
152, 232
152, 168
152, 105
152, 41
152, 233
152, 169
152, 106
152, 42
152, 234
152, 170
152, 107
152, 43
152, 235
152, 171
152, 108
152, 44
152, 236
152, 172
152, 109
152, 45
152, 237
152, 173
152, 110
152, 46
152, 238
152, 174
152, 111
152, 47
152, 239
152, 175
152, 112
152, 48
152, 240
152, 176
152, 113
152, 49
152, 241
152, 177
152, 114
152, 50
152, 242
152, 178
152, 115
152, 51
152, 243
152, 179
152, 116
152, 52
152, 244
152, 180
152, 117
152, 53
152, 245
152, 181
152, 118
152, 54
152, 246
152, 182
152, 119
152, 55
152, 247
152, 183
152, 120
152, 56
152, 248
152, 184
152, 121
152, 57
152, 249
152, 185
152, 122
152, 58
152, 250
152, 186
152, 123
152, 59
152, 187
152, 124
152, 60
152, 188
152, 125
152, 61
152, 189
152, 126
152, 62
152, 190
152, 127
152, 63
152, 191
88, 64
88, 192
88, 128
88, 65
88, 1
88, 193
88, 129
88, 66
88, 2
88, 194
88, 130
88, 67
88, 3
88, 195
88, 131
88, 68
88, 4
88, 196
88, 132
88, 69
88, 5
88, 197
88, 133
88, 70
88, 6
88, 198
88, 134
88, 71
88, 7
88, 199
88, 135
88, 72
88, 8
88, 200
88, 136
88, 73
88, 9
88, 201
88, 137
88, 74
88, 10
88, 202
88, 138
88, 75
88, 11
88, 203
88, 139
88, 76
88, 12
88, 204
88, 140
88, 77
88, 13
88, 205
88, 141
88, 78
88, 14
88, 206
88, 142
88, 79
88, 15
88, 207
88, 143
88, 80
88, 16
88, 208
88, 144
88, 81
88, 17
88, 209
88, 145
88, 82
88, 18
88, 210
88, 146
88, 83
88, 19
88, 211
88, 147
88, 84
88, 20
88, 212
88, 148
88, 85
88, 21
88, 213
88, 149
88, 86
88, 22
88, 214
88, 150
88, 87
88, 23
88, 215
88, 151
88, 88
88, 24
88, 216
88, 152
88, 25
88, 217
88, 153
88, 89
88, 26
88, 218
88, 154
88, 90
88, 27
88, 219
88, 155
88, 91
88, 28
88, 220
88, 156
88, 92
88, 29
88, 221
88, 157
88, 93
88, 30
88, 222
88, 158
88, 94
88, 31
88, 223
88, 159
88, 95
88, 32
88, 224
88, 160
88, 96
88, 33
88, 225
88, 161
88, 97
88, 34
88, 226
88, 162
88, 98
88, 35
88, 227
88, 163
88, 99
88, 36
88, 228
88, 164
88, 100
88, 37
88, 229
88, 165
88, 101
88, 38
88, 230
88, 166
88, 102
88, 39
88, 231
88, 167
88, 103
88, 40
88, 232
88, 168
88, 104
88, 41
88, 233
88, 169
88, 105
88, 42
88, 234
88, 170
88, 106
88, 43
88, 235
88, 171
88, 107
88, 44
88, 236
88, 172
88, 108
88, 45
88, 237
88, 173
88, 109
88, 46
88, 238
88, 174
88, 110
88, 47
88, 239
88, 175
88, 111
88, 48
88, 240
88, 176
88, 112
88, 49
88, 241
88, 177
88, 113
88, 50
88, 242
88, 178
88, 114
88, 51
88, 243
88, 179
88, 115
88, 52
88, 244
88, 180
88, 116
88, 53
88, 245
88, 181
88, 117
88, 54
88, 246
88, 182
88, 118
88, 55
88, 247
88, 183
88, 119
88, 56
88, 248
88, 184
88, 120
88, 57
88, 249
88, 185
88, 121
88, 58
88, 250
88, 186
88, 122
88, 59
88, 187
88, 123
88, 60
88, 188
88, 124
88, 61
88, 189
88, 125
88, 62
88, 190
88, 126
88, 63
88, 191
88, 127
24, 192
24, 128
24, 64
24, 1
24, 193
24, 129
24, 65
24, 2
24, 194
24, 130
24, 66
24, 3
24, 195
24, 131
24, 67
24, 4
24, 196
24, 132
24, 68
24, 5
24, 197
24, 133
24, 69
24, 6
24, 198
24, 134
24, 70
24, 7
24, 199
24, 135
24, 71
24, 8
24, 200
24, 136
24, 72
24, 9
24, 201
24, 137
24, 73
24, 10
24, 202
24, 138
24, 74
24, 11
24, 203
24, 139
24, 75
24, 12
24, 204
24, 140
24, 76
24, 13
24, 205
24, 141
24, 77
24, 14
24, 206
24, 142
24, 78
24, 15
24, 207
24, 143
24, 79
24, 16
24, 208
24, 144
24, 80
24, 17
24, 209
24, 145
24, 81
24, 18
24, 210
24, 146
24, 82
24, 19
24, 211
24, 147
24, 83
24, 20
24, 212
24, 148
24, 84
24, 21
24, 213
24, 149
24, 85
24, 22
24, 214
24, 150
24, 86
24, 23
24, 215
24, 151
24, 87
24, 24
24, 216
24, 152
24, 88
24, 217
24, 153
24, 89
24, 25
24, 218
24, 154
24, 90
24, 26
24, 219
24, 155
24, 91
24, 27
24, 220
24, 156
24, 92
24, 28
24, 221
24, 157
24, 93
24, 29
24, 222
24, 158
24, 94
24, 30
24, 223
24, 159
24, 95
24, 31
24, 224
24, 160
24, 96
24, 32
24, 225
24, 161
24, 97
24, 33
24, 226
24, 162
24, 98
24, 34
24, 227
24, 163
24, 99
24, 35
24, 228
24, 164
24, 100
24, 36
24, 229
24, 165
24, 101
24, 37
24, 230
24, 166
24, 102
24, 38
24, 231
24, 167
24, 103
24, 39
24, 232
24, 168
24, 104
24, 40
24, 233
24, 169
24, 105
24, 41
24, 234
24, 170
24, 106
24, 42
24, 235
24, 171
24, 107
24, 43
24, 236
24, 172
24, 108
24, 44
24, 237
24, 173
24, 109
24, 45
24, 238
24, 174
24, 110
24, 46
24, 239
24, 175
24, 111
24, 47
24, 240
24, 176
24, 112
24, 48
24, 241
24, 177
24, 113
24, 49
24, 242
24, 178
24, 114
24, 50
24, 243
24, 179
24, 115
24, 51
24, 244
24, 180
24, 116
24, 52
24, 245
24, 181
24, 117
24, 53
24, 246
24, 182
24, 118
24, 54
24, 247
24, 183
24, 119
24, 55
24, 248
24, 184
24, 120
24, 56
24, 249
24, 185
24, 121
24, 57
24, 250
24, 186
24, 122
24, 58
24, 187
24, 123
24, 59
24, 188
24, 124
24, 60
24, 189
24, 125
24, 61
24, 190
24, 126
24, 62
24, 191
24, 127
24, 63
217, 192
217, 128
217, 64
217, 193
217, 129
217, 65
217, 1
217, 194
217, 130
217, 66
217, 2
217, 195
217, 131
217, 67
217, 3
217, 196
217, 132
217, 68
217, 4
217, 197
217, 133
217, 69
217, 5
217, 198
217, 134
217, 70
217, 6
217, 199
217, 135
217, 71
217, 7
217, 200
217, 136
217, 72
217, 8
217, 201
217, 137
217, 73
217, 9
217, 202
217, 138
217, 74
217, 10
217, 203
217, 139
217, 75
217, 11
217, 204
217, 140
217, 76
217, 12
217, 205
217, 141
217, 77
217, 13
217, 206
217, 142
217, 78
217, 14
217, 207
217, 143
217, 79
217, 15
217, 208
217, 144
217, 80
217, 16
217, 209
217, 145
217, 81
217, 17
217, 210
217, 146
217, 82
217, 18
217, 211
217, 147
217, 83
217, 19
217, 212
217, 148
217, 84
217, 20
217, 213
217, 149
217, 85
217, 21
217, 214
217, 150
217, 86
217, 22
217, 215
217, 151
217, 87
217, 23
217, 216
217, 152
217, 88
217, 24
217, 217
217, 153
217, 89
217, 25
217, 154
217, 90
217, 26
217, 218
217, 155
217, 91
217, 27
217, 219
217, 156
217, 92
217, 28
217, 220
217, 157
217, 93
217, 29
217, 221
217, 158
217, 94
217, 30
217, 222
217, 159
217, 95
217, 31
217, 223
217, 160
217, 96
217, 32
217, 224
217, 161
217, 97
217, 33
217, 225
217, 162
217, 98
217, 34
217, 226
217, 163
217, 99
217, 35
217, 227
217, 164
217, 100
217, 36
217, 228
217, 165
217, 101
217, 37
217, 229
217, 166
217, 102
217, 38
217, 230
217, 167
217, 103
217, 39
217, 231
217, 168
217, 104
217, 40
217, 232
217, 169
217, 105
217, 41
217, 233
217, 170
217, 106
217, 42
217, 234
217, 171
217, 107
217, 43
217, 235
217, 172
217, 108
217, 44
217, 236
217, 173
217, 109
217, 45
217, 237
217, 174
217, 110
217, 46
217, 238
217, 175
217, 111
217, 47
217, 239
217, 176
217, 112
217, 48
217, 240
217, 177
217, 113
217, 49
217, 241
217, 178
217, 114
217, 50
217, 242
217, 179
217, 115
217, 51
217, 243
217, 180
217, 116
217, 52
217, 244
217, 181
217, 117
217, 53
217, 245
217, 182
217, 118
217, 54
217, 246
217, 183
217, 119
217, 55
217, 247
217, 184
217, 120
217, 56
217, 248
217, 185
217, 121
217, 57
217, 249
217, 186
217, 122
217, 58
217, 250
217, 187
217, 123
217, 59
217, 188
217, 124
217, 60
217, 189
217, 125
217, 61
217, 190
217, 126
217, 62
217, 191
217, 127
217, 63
153, 128
153, 64
153, 192
153, 129
153, 65
153, 1
153, 193
153, 130
153, 66
153, 2
153, 194
153, 131
153, 67
153, 3
153, 195
153, 132
153, 68
153, 4
153, 196
153, 133
153, 69
153, 5
153, 197
153, 134
153, 70
153, 6
153, 198
153, 135
153, 71
153, 7
153, 199
153, 136
153, 72
153, 8
153, 200
153, 137
153, 73
153, 9
153, 201
153, 138
153, 74
153, 10
153, 202
153, 139
153, 75
153, 11
153, 203
153, 140
153, 76
153, 12
153, 204
153, 141
153, 77
153, 13
153, 205
153, 142
153, 78
153, 14
153, 206
153, 143
153, 79
153, 15
153, 207
153, 144
153, 80
153, 16
153, 208
153, 145
153, 81
153, 17
153, 209
153, 146
153, 82
153, 18
153, 210
153, 147
153, 83
153, 19
153, 211
153, 148
153, 84
153, 20
153, 212
153, 149
153, 85
153, 21
153, 213
153, 150
153, 86
153, 22
153, 214
153, 151
153, 87
153, 23
153, 215
153, 152
153, 88
153, 24
153, 216
153, 153
153, 89
153, 25
153, 217
153, 90
153, 26
153, 218
153, 154
153, 91
153, 27
153, 219
153, 155
153, 92
153, 28
153, 220
153, 156
153, 93
153, 29
153, 221
153, 157
153, 94
153, 30
153, 222
153, 158
153, 95
153, 31
153, 223
153, 159
153, 96
153, 32
153, 224
153, 160
153, 97
153, 33
153, 225
153, 161
153, 98
153, 34
153, 226
153, 162
153, 99
153, 35
153, 227
153, 163
153, 100
153, 36
153, 228
153, 164
153, 101
153, 37
153, 229
153, 165
153, 102
153, 38
153, 230
153, 166
153, 103
153, 39
153, 231
153, 167
153, 104
153, 40
153, 232
153, 168
153, 105
153, 41
153, 233
153, 169
153, 106
153, 42
153, 234
153, 170
153, 107
153, 43
153, 235
153, 171
153, 108
153, 44
153, 236
153, 172
153, 109
153, 45
153, 237
153, 173
153, 110
153, 46
153, 238
153, 174
153, 111
153, 47
153, 239
153, 175
153, 112
153, 48
153, 240
153, 176
153, 113
153, 49
153, 241
153, 177
153, 114
153, 50
153, 242
153, 178
153, 115
153, 51
153, 243
153, 179
153, 116
153, 52
153, 244
153, 180
153, 117
153, 53
153, 245
153, 181
153, 118
153, 54
153, 246
153, 182
153, 119
153, 55
153, 247
153, 183
153, 120
153, 56
153, 248
153, 184
153, 121
153, 57
153, 249
153, 185
153, 122
153, 58
153, 250
153, 186
153, 123
153, 59
153, 187
153, 124
153, 60
153, 188
153, 125
153, 61
153, 189
153, 126
153, 62
153, 190
153, 127
153, 63
153, 191
89, 64
89, 192
89, 128
89, 65
89, 1
89, 193
89, 129
89, 66
89, 2
89, 194
89, 130
89, 67
89, 3
89, 195
89, 131
89, 68
89, 4
89, 196
89, 132
89, 69
89, 5
89, 197
89, 133
89, 70
89, 6
89, 198
89, 134
89, 71
89, 7
89, 199
89, 135
89, 72
89, 8
89, 200
89, 136
89, 73
89, 9
89, 201
89, 137
89, 74
89, 10
89, 202
89, 138
89, 75
89, 11
89, 203
89, 139
89, 76
89, 12
89, 204
89, 140
89, 77
89, 13
89, 205
89, 141
89, 78
89, 14
89, 206
89, 142
89, 79
89, 15
89, 207
89, 143
89, 80
89, 16
89, 208
89, 144
89, 81
89, 17
89, 209
89, 145
89, 82
89, 18
89, 210
89, 146
89, 83
89, 19
89, 211
89, 147
89, 84
89, 20
89, 212
89, 148
89, 85
89, 21
89, 213
89, 149
89, 86
89, 22
89, 214
89, 150
89, 87
89, 23
89, 215
89, 151
89, 88
89, 24
89, 216
89, 152
89, 89
89, 25
89, 217
89, 153
89, 26
89, 218
89, 154
89, 90
89, 27
89, 219
89, 155
89, 91
89, 28
89, 220
89, 156
89, 92
89, 29
89, 221
89, 157
89, 93
89, 30
89, 222
89, 158
89, 94
89, 31
89, 223
89, 159
89, 95
89, 32
89, 224
89, 160
89, 96
89, 33
89, 225
89, 161
89, 97
89, 34
89, 226
89, 162
89, 98
89, 35
89, 227
89, 163
89, 99
89, 36
89, 228
89, 164
89, 100
89, 37
89, 229
89, 165
89, 101
89, 38
89, 230
89, 166
89, 102
89, 39
89, 231
89, 167
89, 103
89, 40
89, 232
89, 168
89, 104
89, 41
89, 233
89, 169
89, 105
89, 42
89, 234
89, 170
89, 106
89, 43
89, 235
89, 171
89, 107
89, 44
89, 236
89, 172
89, 108
89, 45
89, 237
89, 173
89, 109
89, 46
89, 238
89, 174
89, 110
89, 47
89, 239
89, 175
89, 111
89, 48
89, 240
89, 176
89, 112
89, 49
89, 241
89, 177
89, 113
89, 50
89, 242
89, 178
89, 114
89, 51
89, 243
89, 179
89, 115
89, 52
89, 244
89, 180
89, 116
89, 53
89, 245
89, 181
89, 117
89, 54
89, 246
89, 182
89, 118
89, 55
89, 247
89, 183
89, 119
89, 56
89, 248
89, 184
89, 120
89, 57
89, 249
89, 185
89, 121
89, 58
89, 250
89, 186
89, 122
89, 59
89, 187
89, 123
89, 60
89, 188
89, 124
89, 61
89, 189
89, 125
89, 62
89, 190
89, 126
89, 63
89, 191
89, 127
25, 192
25, 128
25, 64
25, 1
25, 193
25, 129
25, 65
25, 2
25, 194
25, 130
25, 66
25, 3
25, 195
25, 131
25, 67
25, 4
25, 196
25, 132
25, 68
25, 5
25, 197
25, 133
25, 69
25, 6
25, 198
25, 134
25, 70
25, 7
25, 199
25, 135
25, 71
25, 8
25, 200
25, 136
25, 72
25, 9
25, 201
25, 137
25, 73
25, 10
25, 202
25, 138
25, 74
25, 11
25, 203
25, 139
25, 75
25, 12
25, 204
25, 140
25, 76
25, 13
25, 205
25, 141
25, 77
25, 14
25, 206
25, 142
25, 78
25, 15
25, 207
25, 143
25, 79
25, 16
25, 208
25, 144
25, 80
25, 17
25, 209
25, 145
25, 81
25, 18
25, 210
25, 146
25, 82
25, 19
25, 211
25, 147
25, 83
25, 20
25, 212
25, 148
25, 84
25, 21
25, 213
25, 149
25, 85
25, 22
25, 214
25, 150
25, 86
25, 23
25, 215
25, 151
25, 87
25, 24
25, 216
25, 152
25, 88
25, 25
25, 217
25, 153
25, 89
25, 218
25, 154
25, 90
25, 26
25, 219
25, 155
25, 91
25, 27
25, 220
25, 156
25, 92
25, 28
25, 221
25, 157
25, 93
25, 29
25, 222
25, 158
25, 94
25, 30
25, 223
25, 159
25, 95
25, 31
25, 224
25, 160
25, 96
25, 32
25, 225
25, 161
25, 97
25, 33
25, 226
25, 162
25, 98
25, 34
25, 227
25, 163
25, 99
25, 35
25, 228
25, 164
25, 100
25, 36
25, 229
25, 165
25, 101
25, 37
25, 230
25, 166
25, 102
25, 38
25, 231
25, 167
25, 103
25, 39
25, 232
25, 168
25, 104
25, 40
25, 233
25, 169
25, 105
25, 41
25, 234
25, 170
25, 106
25, 42
25, 235
25, 171
25, 107
25, 43
25, 236
25, 172
25, 108
25, 44
25, 237
25, 173
25, 109
25, 45
25, 238
25, 174
25, 110
25, 46
25, 239
25, 175
25, 111
25, 47
25, 240
25, 176
25, 112
25, 48
25, 241
25, 177
25, 113
25, 49
25, 242
25, 178
25, 114
25, 50
25, 243
25, 179
25, 115
25, 51
25, 244
25, 180
25, 116
25, 52
25, 245
25, 181
25, 117
25, 53
25, 246
25, 182
25, 118
25, 54
25, 247
25, 183
25, 119
25, 55
25, 248
25, 184
25, 120
25, 56
25, 249
25, 185
25, 121
25, 57
25, 250
25, 186
25, 122
25, 58
25, 187
25, 123
25, 59
25, 188
25, 124
25, 60
25, 189
25, 125
25, 61
25, 190
25, 126
25, 62
25, 191
25, 127
25, 63
218, 192
218, 128
218, 64
218, 193
218, 129
218, 65
218, 1
218, 194
218, 130
218, 66
218, 2
218, 195
218, 131
218, 67
218, 3
218, 196
218, 132
218, 68
218, 4
218, 197
218, 133
218, 69
218, 5
218, 198
218, 134
218, 70
218, 6
218, 199
218, 135
218, 71
218, 7
218, 200
218, 136
218, 72
218, 8
218, 201
218, 137
218, 73
218, 9
218, 202
218, 138
218, 74
218, 10
218, 203
218, 139
218, 75
218, 11
218, 204
218, 140
218, 76
218, 12
218, 205
218, 141
218, 77
218, 13
218, 206
218, 142
218, 78
218, 14
218, 207
218, 143
218, 79
218, 15
218, 208
218, 144
218, 80
218, 16
218, 209
218, 145
218, 81
218, 17
218, 210
218, 146
218, 82
218, 18
218, 211
218, 147
218, 83
218, 19
218, 212
218, 148
218, 84
218, 20
218, 213
218, 149
218, 85
218, 21
218, 214
218, 150
218, 86
218, 22
218, 215
218, 151
218, 87
218, 23
218, 216
218, 152
218, 88
218, 24
218, 217
218, 153
218, 89
218, 25
218, 218
218, 154
218, 90
218, 26
218, 155
218, 91
218, 27
218, 219
218, 156
218, 92
218, 28
218, 220
218, 157
218, 93
218, 29
218, 221
218, 158
218, 94
218, 30
218, 222
218, 159
218, 95
218, 31
218, 223
218, 160
218, 96
218, 32
218, 224
218, 161
218, 97
218, 33
218, 225
218, 162
218, 98
218, 34
218, 226
218, 163
218, 99
218, 35
218, 227
218, 164
218, 100
218, 36
218, 228
218, 165
218, 101
218, 37
218, 229
218, 166
218, 102
218, 38
218, 230
218, 167
218, 103
218, 39
218, 231
218, 168
218, 104
218, 40
218, 232
218, 169
218, 105
218, 41
218, 233
218, 170
218, 106
218, 42
218, 234
218, 171
218, 107
218, 43
218, 235
218, 172
218, 108
218, 44
218, 236
218, 173
218, 109
218, 45
218, 237
218, 174
218, 110
218, 46
218, 238
218, 175
218, 111
218, 47
218, 239
218, 176
218, 112
218, 48
218, 240
218, 177
218, 113
218, 49
218, 241
218, 178
218, 114
218, 50
218, 242
218, 179
218, 115
218, 51
218, 243
218, 180
218, 116
218, 52
218, 244
218, 181
218, 117
218, 53
218, 245
218, 182
218, 118
218, 54
218, 246
218, 183
218, 119
218, 55
218, 247
218, 184
218, 120
218, 56
218, 248
218, 185
218, 121
218, 57
218, 249
218, 186
218, 122
218, 58
218, 250
218, 187
218, 123
218, 59
218, 188
218, 124
218, 60
218, 189
218, 125
218, 61
218, 190
218, 126
218, 62
218, 191
218, 127
218, 63
154, 128
154, 64
154, 192
154, 129
154, 65
154, 1
154, 193
154, 130
154, 66
154, 2
154, 194
154, 131
154, 67
154, 3
154, 195
154, 132
154, 68
154, 4
154, 196
154, 133
154, 69
154, 5
154, 197
154, 134
154, 70
154, 6
154, 198
154, 135
154, 71
154, 7
154, 199
154, 136
154, 72
154, 8
154, 200
154, 137
154, 73
154, 9
154, 201
154, 138
154, 74
154, 10
154, 202
154, 139
154, 75
154, 11
154, 203
154, 140
154, 76
154, 12
154, 204
154, 141
154, 77
154, 13
154, 205
154, 142
154, 78
154, 14
154, 206
154, 143
154, 79
154, 15
154, 207
154, 144
154, 80
154, 16
154, 208
154, 145
154, 81
154, 17
154, 209
154, 146
154, 82
154, 18
154, 210
154, 147
154, 83
154, 19
154, 211
154, 148
154, 84
154, 20
154, 212
154, 149
154, 85
154, 21
154, 213
154, 150
154, 86
154, 22
154, 214
154, 151
154, 87
154, 23
154, 215
154, 152
154, 88
154, 24
154, 216
154, 153
154, 89
154, 25
154, 217
154, 154
154, 90
154, 26
154, 218
154, 91
154, 27
154, 219
154, 155
154, 92
154, 28
154, 220
154, 156
154, 93
154, 29
154, 221
154, 157
154, 94
154, 30
154, 222
154, 158
154, 95
154, 31
154, 223
154, 159
154, 96
154, 32
154, 224
154, 160
154, 97
154, 33
154, 225
154, 161
154, 98
154, 34
154, 226
154, 162
154, 99
154, 35
154, 227
154, 163
154, 100
154, 36
154, 228
154, 164
154, 101
154, 37
154, 229
154, 165
154, 102
154, 38
154, 230
154, 166
154, 103
154, 39
154, 231
154, 167
154, 104
154, 40
154, 232
154, 168
154, 105
154, 41
154, 233
154, 169
154, 106
154, 42
154, 234
154, 170
154, 107
154, 43
154, 235
154, 171
154, 108
154, 44
154, 236
154, 172
154, 109
154, 45
154, 237
154, 173
154, 110
154, 46
154, 238
154, 174
154, 111
154, 47
154, 239
154, 175
154, 112
154, 48
154, 240
154, 176
154, 113
154, 49
154, 241
154, 177
154, 114
154, 50
154, 242
154, 178
154, 115
154, 51
154, 243
154, 179
154, 116
154, 52
154, 244
154, 180
154, 117
154, 53
154, 245
154, 181
154, 118
154, 54
154, 246
154, 182
154, 119
154, 55
154, 247
154, 183
154, 120
154, 56
154, 248
154, 184
154, 121
154, 57
154, 249
154, 185
154, 122
154, 58
154, 250
154, 186
154, 123
154, 59
154, 187
154, 124
154, 60
154, 188
154, 125
154, 61
154, 189
154, 126
154, 62
154, 190
154, 127
154, 63
154, 191
90, 64
90, 192
90, 128
90, 65
90, 1
90, 193
90, 129
90, 66
90, 2
90, 194
90, 130
90, 67
90, 3
90, 195
90, 131
90, 68
90, 4
90, 196
90, 132
90, 69
90, 5
90, 197
90, 133
90, 70
90, 6
90, 198
90, 134
90, 71
90, 7
90, 199
90, 135
90, 72
90, 8
90, 200
90, 136
90, 73
90, 9
90, 201
90, 137
90, 74
90, 10
90, 202
90, 138
90, 75
90, 11
90, 203
90, 139
90, 76
90, 12
90, 204
90, 140
90, 77
90, 13
90, 205
90, 141
90, 78
90, 14
90, 206
90, 142
90, 79
90, 15
90, 207
90, 143
90, 80
90, 16
90, 208
90, 144
90, 81
90, 17
90, 209
90, 145
90, 82
90, 18
90, 210
90, 146
90, 83
90, 19
90, 211
90, 147
90, 84
90, 20
90, 212
90, 148
90, 85
90, 21
90, 213
90, 149
90, 86
90, 22
90, 214
90, 150
90, 87
90, 23
90, 215
90, 151
90, 88
90, 24
90, 216
90, 152
90, 89
90, 25
90, 217
90, 153
90, 90
90, 26
90, 218
90, 154
90, 27
90, 219
90, 155
90, 91
90, 28
90, 220
90, 156
90, 92
90, 29
90, 221
90, 157
90, 93
90, 30
90, 222
90, 158
90, 94
90, 31
90, 223
90, 159
90, 95
90, 32
90, 224
90, 160
90, 96
90, 33
90, 225
90, 161
90, 97
90, 34
90, 226
90, 162
90, 98
90, 35
90, 227
90, 163
90, 99
90, 36
90, 228
90, 164
90, 100
90, 37
90, 229
90, 165
90, 101
90, 38
90, 230
90, 166
90, 102
90, 39
90, 231
90, 167
90, 103
90, 40
90, 232
90, 168
90, 104
90, 41
90, 233
90, 169
90, 105
90, 42
90, 234
90, 170
90, 106
90, 43
90, 235
90, 171
90, 107
90, 44
90, 236
90, 172
90, 108
90, 45
90, 237
90, 173
90, 109
90, 46
90, 238
90, 174
90, 110
90, 47
90, 239
90, 175
90, 111
90, 48
90, 240
90, 176
90, 112
90, 49
90, 241
90, 177
90, 113
90, 50
90, 242
90, 178
90, 114
90, 51
90, 243
90, 179
90, 115
90, 52
90, 244
90, 180
90, 116
90, 53
90, 245
90, 181
90, 117
90, 54
90, 246
90, 182
90, 118
90, 55
90, 247
90, 183
90, 119
90, 56
90, 248
90, 184
90, 120
90, 57
90, 249
90, 185
90, 121
90, 58
90, 250
90, 186
90, 122
90, 59
90, 187
90, 123
90, 60
90, 188
90, 124
90, 61
90, 189
90, 125
90, 62
90, 190
90, 126
90, 63
90, 191
90, 127
26, 192
26, 128
26, 64
26, 1
26, 193
26, 129
26, 65
26, 2
26, 194
26, 130
26, 66
26, 3
26, 195
26, 131
26, 67
26, 4
26, 196
26, 132
26, 68
26, 5
26, 197
26, 133
26, 69
26, 6
26, 198
26, 134
26, 70
26, 7
26, 199
26, 135
26, 71
26, 8
26, 200
26, 136
26, 72
26, 9
26, 201
26, 137
26, 73
26, 10
26, 202
26, 138
26, 74
26, 11
26, 203
26, 139
26, 75
26, 12
26, 204
26, 140
26, 76
26, 13
26, 205
26, 141
26, 77
26, 14
26, 206
26, 142
26, 78
26, 15
26, 207
26, 143
26, 79
26, 16
26, 208
26, 144
26, 80
26, 17
26, 209
26, 145
26, 81
26, 18
26, 210
26, 146
26, 82
26, 19
26, 211
26, 147
26, 83
26, 20
26, 212
26, 148
26, 84
26, 21
26, 213
26, 149
26, 85
26, 22
26, 214
26, 150
26, 86
26, 23
26, 215
26, 151
26, 87
26, 24
26, 216
26, 152
26, 88
26, 25
26, 217
26, 153
26, 89
26, 26
26, 218
26, 154
26, 90
26, 219
26, 155
26, 91
26, 27
26, 220
26, 156
26, 92
26, 28
26, 221
26, 157
26, 93
26, 29
26, 222
26, 158
26, 94
26, 30
26, 223
26, 159
26, 95
26, 31
26, 224
26, 160
26, 96
26, 32
26, 225
26, 161
26, 97
26, 33
26, 226
26, 162
26, 98
26, 34
26, 227
26, 163
26, 99
26, 35
26, 228
26, 164
26, 100
26, 36
26, 229
26, 165
26, 101
26, 37
26, 230
26, 166
26, 102
26, 38
26, 231
26, 167
26, 103
26, 39
26, 232
26, 168
26, 104
26, 40
26, 233
26, 169
26, 105
26, 41
26, 234
26, 170
26, 106
26, 42
26, 235
26, 171
26, 107
26, 43
26, 236
26, 172
26, 108
26, 44
26, 237
26, 173
26, 109
26, 45
26, 238
26, 174
26, 110
26, 46
26, 239
26, 175
26, 111
26, 47
26, 240
26, 176
26, 112
26, 48
26, 241
26, 177
26, 113
26, 49
26, 242
26, 178
26, 114
26, 50
26, 243
26, 179
26, 115
26, 51
26, 244
26, 180
26, 116
26, 52
26, 245
26, 181
26, 117
26, 53
26, 246
26, 182
26, 118
26, 54
26, 247
26, 183
26, 119
26, 55
26, 248
26, 184
26, 120
26, 56
26, 249
26, 185
26, 121
26, 57
26, 250
26, 186
26, 122
26, 58
26, 187
26, 123
26, 59
26, 188
26, 124
26, 60
26, 189
26, 125
26, 61
26, 190
26, 126
26, 62
26, 191
26, 127
26, 63
219, 192
219, 128
219, 64
219, 193
219, 129
219, 65
219, 1
219, 194
219, 130
219, 66
219, 2
219, 195
219, 131
219, 67
219, 3
219, 196
219, 132
219, 68
219, 4
219, 197
219, 133
219, 69
219, 5
219, 198
219, 134
219, 70
219, 6
219, 199
219, 135
219, 71
219, 7
219, 200
219, 136
219, 72
219, 8
219, 201
219, 137
219, 73
219, 9
219, 202
219, 138
219, 74
219, 10
219, 203
219, 139
219, 75
219, 11
219, 204
219, 140
219, 76
219, 12
219, 205
219, 141
219, 77
219, 13
219, 206
219, 142
219, 78
219, 14
219, 207
219, 143
219, 79
219, 15
219, 208
219, 144
219, 80
219, 16
219, 209
219, 145
219, 81
219, 17
219, 210
219, 146
219, 82
219, 18
219, 211
219, 147
219, 83
219, 19
219, 212
219, 148
219, 84
219, 20
219, 213
219, 149
219, 85
219, 21
219, 214
219, 150
219, 86
219, 22
219, 215
219, 151
219, 87
219, 23
219, 216
219, 152
219, 88
219, 24
219, 217
219, 153
219, 89
219, 25
219, 218
219, 154
219, 90
219, 26
219, 219
219, 155
219, 91
219, 27
219, 156
219, 92
219, 28
219, 220
219, 157
219, 93
219, 29
219, 221
219, 158
219, 94
219, 30
219, 222
219, 159
219, 95
219, 31
219, 223
219, 160
219, 96
219, 32
219, 224
219, 161
219, 97
219, 33
219, 225
219, 162
219, 98
219, 34
219, 226
219, 163
219, 99
219, 35
219, 227
219, 164
219, 100
219, 36
219, 228
219, 165
219, 101
219, 37
219, 229
219, 166
219, 102
219, 38
219, 230
219, 167
219, 103
219, 39
219, 231
219, 168
219, 104
219, 40
219, 232
219, 169
219, 105
219, 41
219, 233
219, 170
219, 106
219, 42
219, 234
219, 171
219, 107
219, 43
219, 235
219, 172
219, 108
219, 44
219, 236
219, 173
219, 109
219, 45
219, 237
219, 174
219, 110
219, 46
219, 238
219, 175
219, 111
219, 47
219, 239
219, 176
219, 112
219, 48
219, 240
219, 177
219, 113
219, 49
219, 241
219, 178
219, 114
219, 50
219, 242
219, 179
219, 115
219, 51
219, 243
219, 180
219, 116
219, 52
219, 244
219, 181
219, 117
219, 53
219, 245
219, 182
219, 118
219, 54
219, 246
219, 183
219, 119
219, 55
219, 247
219, 184
219, 120
219, 56
219, 248
219, 185
219, 121
219, 57
219, 249
219, 186
219, 122
219, 58
219, 250
219, 187
219, 123
219, 59
219, 188
219, 124
219, 60
219, 189
219, 125
219, 61
219, 190
219, 126
219, 62
219, 191
219, 127
219, 63
155, 128
155, 64
155, 192
155, 129
155, 65
155, 1
155, 193
155, 130
155, 66
155, 2
155, 194
155, 131
155, 67
155, 3
155, 195
155, 132
155, 68
155, 4
155, 196
155, 133
155, 69
155, 5
155, 197
155, 134
155, 70
155, 6
155, 198
155, 135
155, 71
155, 7
155, 199
155, 136
155, 72
155, 8
155, 200
155, 137
155, 73
155, 9
155, 201
155, 138
155, 74
155, 10
155, 202
155, 139
155, 75
155, 11
155, 203
155, 140
155, 76
155, 12
155, 204
155, 141
155, 77
155, 13
155, 205
155, 142
155, 78
155, 14
155, 206
155, 143
155, 79
155, 15
155, 207
155, 144
155, 80
155, 16
155, 208
155, 145
155, 81
155, 17
155, 209
155, 146
155, 82
155, 18
155, 210
155, 147
155, 83
155, 19
155, 211
155, 148
155, 84
155, 20
155, 212
155, 149
155, 85
155, 21
155, 213
155, 150
155, 86
155, 22
155, 214
155, 151
155, 87
155, 23
155, 215
155, 152
155, 88
155, 24
155, 216
155, 153
155, 89
155, 25
155, 217
155, 154
155, 90
155, 26
155, 218
155, 155
155, 91
155, 27
155, 219
155, 92
155, 28
155, 220
155, 156
155, 93
155, 29
155, 221
155, 157
155, 94
155, 30
155, 222
155, 158
155, 95
155, 31
155, 223
155, 159
155, 96
155, 32
155, 224
155, 160
155, 97
155, 33
155, 225
155, 161
155, 98
155, 34
155, 226
155, 162
155, 99
155, 35
155, 227
155, 163
155, 100
155, 36
155, 228
155, 164
155, 101
155, 37
155, 229
155, 165
155, 102
155, 38
155, 230
155, 166
155, 103
155, 39
155, 231
155, 167
155, 104
155, 40
155, 232
155, 168
155, 105
155, 41
155, 233
155, 169
155, 106
155, 42
155, 234
155, 170
155, 107
155, 43
155, 235
155, 171
155, 108
155, 44
155, 236
155, 172
155, 109
155, 45
155, 237
155, 173
155, 110
155, 46
155, 238
155, 174
155, 111
155, 47
155, 239
155, 175
155, 112
155, 48
155, 240
155, 176
155, 113
155, 49
155, 241
155, 177
155, 114
155, 50
155, 242
155, 178
155, 115
155, 51
155, 243
155, 179
155, 116
155, 52
155, 244
155, 180
155, 117
155, 53
155, 245
155, 181
155, 118
155, 54
155, 246
155, 182
155, 119
155, 55
155, 247
155, 183
155, 120
155, 56
155, 248
155, 184
155, 121
155, 57
155, 249
155, 185
155, 122
155, 58
155, 250
155, 186
155, 123
155, 59
155, 187
155, 124
155, 60
155, 188
155, 125
155, 61
155, 189
155, 126
155, 62
155, 190
155, 127
155, 63
155, 191
91, 64
91, 192
91, 128
91, 65
91, 1
91, 193
91, 129
91, 66
91, 2
91, 194
91, 130
91, 67
91, 3
91, 195
91, 131
91, 68
91, 4
91, 196
91, 132
91, 69
91, 5
91, 197
91, 133
91, 70
91, 6
91, 198
91, 134
91, 71
91, 7
91, 199
91, 135
91, 72
91, 8
91, 200
91, 136
91, 73
91, 9
91, 201
91, 137
91, 74
91, 10
91, 202
91, 138
91, 75
91, 11
91, 203
91, 139
91, 76
91, 12
91, 204
91, 140
91, 77
91, 13
91, 205
91, 141
91, 78
91, 14
91, 206
91, 142
91, 79
91, 15
91, 207
91, 143
91, 80
91, 16
91, 208
91, 144
91, 81
91, 17
91, 209
91, 145
91, 82
91, 18
91, 210
91, 146
91, 83
91, 19
91, 211
91, 147
91, 84
91, 20
91, 212
91, 148
91, 85
91, 21
91, 213
91, 149
91, 86
91, 22
91, 214
91, 150
91, 87
91, 23
91, 215
91, 151
91, 88
91, 24
91, 216
91, 152
91, 89
91, 25
91, 217
91, 153
91, 90
91, 26
91, 218
91, 154
91, 91
91, 27
91, 219
91, 155
91, 28
91, 220
91, 156
91, 92
91, 29
91, 221
91, 157
91, 93
91, 30
91, 222
91, 158
91, 94
91, 31
91, 223
91, 159
91, 95
91, 32
91, 224
91, 160
91, 96
91, 33
91, 225
91, 161
91, 97
91, 34
91, 226
91, 162
91, 98
91, 35
91, 227
91, 163
91, 99
91, 36
91, 228
91, 164
91, 100
91, 37
91, 229
91, 165
91, 101
91, 38
91, 230
91, 166
91, 102
91, 39
91, 231
91, 167
91, 103
91, 40
91, 232
91, 168
91, 104
91, 41
91, 233
91, 169
91, 105
91, 42
91, 234
91, 170
91, 106
91, 43
91, 235
91, 171
91, 107
91, 44
91, 236
91, 172
91, 108
91, 45
91, 237
91, 173
91, 109
91, 46
91, 238
91, 174
91, 110
91, 47
91, 239
91, 175
91, 111
91, 48
91, 240
91, 176
91, 112
91, 49
91, 241
91, 177
91, 113
91, 50
91, 242
91, 178
91, 114
91, 51
91, 243
91, 179
91, 115
91, 52
91, 244
91, 180
91, 116
91, 53
91, 245
91, 181
91, 117
91, 54
91, 246
91, 182
91, 118
91, 55
91, 247
91, 183
91, 119
91, 56
91, 248
91, 184
91, 120
91, 57
91, 249
91, 185
91, 121
91, 58
91, 250
91, 186
91, 122
91, 59
91, 187
91, 123
91, 60
91, 188
91, 124
91, 61
91, 189
91, 125
91, 62
91, 190
91, 126
91, 63
91, 191
91, 127
27, 192
27, 128
27, 64
27, 1
27, 193
27, 129
27, 65
27, 2
27, 194
27, 130
27, 66
27, 3
27, 195
27, 131
27, 67
27, 4
27, 196
27, 132
27, 68
27, 5
27, 197
27, 133
27, 69
27, 6
27, 198
27, 134
27, 70
27, 7
27, 199
27, 135
27, 71
27, 8
27, 200
27, 136
27, 72
27, 9
27, 201
27, 137
27, 73
27, 10
27, 202
27, 138
27, 74
27, 11
27, 203
27, 139
27, 75
27, 12
27, 204
27, 140
27, 76
27, 13
27, 205
27, 141
27, 77
27, 14
27, 206
27, 142
27, 78
27, 15
27, 207
27, 143
27, 79
27, 16
27, 208
27, 144
27, 80
27, 17
27, 209
27, 145
27, 81
27, 18
27, 210
27, 146
27, 82
27, 19
27, 211
27, 147
27, 83
27, 20
27, 212
27, 148
27, 84
27, 21
27, 213
27, 149
27, 85
27, 22
27, 214
27, 150
27, 86
27, 23
27, 215
27, 151
27, 87
27, 24
27, 216
27, 152
27, 88
27, 25
27, 217
27, 153
27, 89
27, 26
27, 218
27, 154
27, 90
27, 27
27, 219
27, 155
27, 91
27, 220
27, 156
27, 92
27, 28
27, 221
27, 157
27, 93
27, 29
27, 222
27, 158
27, 94
27, 30
27, 223
27, 159
27, 95
27, 31
27, 224
27, 160
27, 96
27, 32
27, 225
27, 161
27, 97
27, 33
27, 226
27, 162
27, 98
27, 34
27, 227
27, 163
27, 99
27, 35
27, 228
27, 164
27, 100
27, 36
27, 229
27, 165
27, 101
27, 37
27, 230
27, 166
27, 102
27, 38
27, 231
27, 167
27, 103
27, 39
27, 232
27, 168
27, 104
27, 40
27, 233
27, 169
27, 105
27, 41
27, 234
27, 170
27, 106
27, 42
27, 235
27, 171
27, 107
27, 43
27, 236
27, 172
27, 108
27, 44
27, 237
27, 173
27, 109
27, 45
27, 238
27, 174
27, 110
27, 46
27, 239
27, 175
27, 111
27, 47
27, 240
27, 176
27, 112
27, 48
27, 241
27, 177
27, 113
27, 49
27, 242
27, 178
27, 114
27, 50
27, 243
27, 179
27, 115
27, 51
27, 244
27, 180
27, 116
27, 52
27, 245
27, 181
27, 117
27, 53
27, 246
27, 182
27, 118
27, 54
27, 247
27, 183
27, 119
27, 55
27, 248
27, 184
27, 120
27, 56
27, 249
27, 185
27, 121
27, 57
27, 250
27, 186
27, 122
27, 58
27, 187
27, 123
27, 59
27, 188
27, 124
27, 60
27, 189
27, 125
27, 61
27, 190
27, 126
27, 62
27, 191
27, 127
27, 63
220, 192
220, 128
220, 64
220, 193
220, 129
220, 65
220, 1
220, 194
220, 130
220, 66
220, 2
220, 195
220, 131
220, 67
220, 3
220, 196
220, 132
220, 68
220, 4
220, 197
220, 133
220, 69
220, 5
220, 198
220, 134
220, 70
220, 6
220, 199
220, 135
220, 71
220, 7
220, 200
220, 136
220, 72
220, 8
220, 201
220, 137
220, 73
220, 9
220, 202
220, 138
220, 74
220, 10
220, 203
220, 139
220, 75
220, 11
220, 204
220, 140
220, 76
220, 12
220, 205
220, 141
220, 77
220, 13
220, 206
220, 142
220, 78
220, 14
220, 207
220, 143
220, 79
220, 15
220, 208
220, 144
220, 80
220, 16
220, 209
220, 145
220, 81
220, 17
220, 210
220, 146
220, 82
220, 18
220, 211
220, 147
220, 83
220, 19
220, 212
220, 148
220, 84
220, 20
220, 213
220, 149
220, 85
220, 21
220, 214
220, 150
220, 86
220, 22
220, 215
220, 151
220, 87
220, 23
220, 216
220, 152
220, 88
220, 24
220, 217
220, 153
220, 89
220, 25
220, 218
220, 154
220, 90
220, 26
220, 219
220, 155
220, 91
220, 27
220, 220
220, 156
220, 92
220, 28
220, 157
220, 93
220, 29
220, 221
220, 158
220, 94
220, 30
220, 222
220, 159
220, 95
220, 31
220, 223
220, 160
220, 96
220, 32
220, 224
220, 161
220, 97
220, 33
220, 225
220, 162
220, 98
220, 34
220, 226
220, 163
220, 99
220, 35
220, 227
220, 164
220, 100
220, 36
220, 228
220, 165
220, 101
220, 37
220, 229
220, 166
220, 102
220, 38
220, 230
220, 167
220, 103
220, 39
220, 231
220, 168
220, 104
220, 40
220, 232
220, 169
220, 105
220, 41
220, 233
220, 170
220, 106
220, 42
220, 234
220, 171
220, 107
220, 43
220, 235
220, 172
220, 108
220, 44
220, 236
220, 173
220, 109
220, 45
220, 237
220, 174
220, 110
220, 46
220, 238
220, 175
220, 111
220, 47
220, 239
220, 176
220, 112
220, 48
220, 240
220, 177
220, 113
220, 49
220, 241
220, 178
220, 114
220, 50
220, 242
220, 179
220, 115
220, 51
220, 243
220, 180
220, 116
220, 52
220, 244
220, 181
220, 117
220, 53
220, 245
220, 182
220, 118
220, 54
220, 246
220, 183
220, 119
220, 55
220, 247
220, 184
220, 120
220, 56
220, 248
220, 185
220, 121
220, 57
220, 249
220, 186
220, 122
220, 58
220, 250
220, 187
220, 123
220, 59
220, 188
220, 124
220, 60
220, 189
220, 125
220, 61
220, 190
220, 126
220, 62
220, 191
220, 127
220, 63
156, 128
156, 64
156, 192
156, 129
156, 65
156, 1
156, 193
156, 130
156, 66
156, 2
156, 194
156, 131
156, 67
156, 3
156, 195
156, 132
156, 68
156, 4
156, 196
156, 133
156, 69
156, 5
156, 197
156, 134
156, 70
156, 6
156, 198
156, 135
156, 71
156, 7
156, 199
156, 136
156, 72
156, 8
156, 200
156, 137
156, 73
156, 9
156, 201
156, 138
156, 74
156, 10
156, 202
156, 139
156, 75
156, 11
156, 203
156, 140
156, 76
156, 12
156, 204
156, 141
156, 77
156, 13
156, 205
156, 142
156, 78
156, 14
156, 206
156, 143
156, 79
156, 15
156, 207
156, 144
156, 80
156, 16
156, 208
156, 145
156, 81
156, 17
156, 209
156, 146
156, 82
156, 18
156, 210
156, 147
156, 83
156, 19
156, 211
156, 148
156, 84
156, 20
156, 212
156, 149
156, 85
156, 21
156, 213
156, 150
156, 86
156, 22
156, 214
156, 151
156, 87
156, 23
156, 215
156, 152
156, 88
156, 24
156, 216
156, 153
156, 89
156, 25
156, 217
156, 154
156, 90
156, 26
156, 218
156, 155
156, 91
156, 27
156, 219
156, 156
156, 92
156, 28
156, 220
156, 93
156, 29
156, 221
156, 157
156, 94
156, 30
156, 222
156, 158
156, 95
156, 31
156, 223
156, 159
156, 96
156, 32
156, 224
156, 160
156, 97
156, 33
156, 225
156, 161
156, 98
156, 34
156, 226
156, 162
156, 99
156, 35
156, 227
156, 163
156, 100
156, 36
156, 228
156, 164
156, 101
156, 37
156, 229
156, 165
156, 102
156, 38
156, 230
156, 166
156, 103
156, 39
156, 231
156, 167
156, 104
156, 40
156, 232
156, 168
156, 105
156, 41
156, 233
156, 169
156, 106
156, 42
156, 234
156, 170
156, 107
156, 43
156, 235
156, 171
156, 108
156, 44
156, 236
156, 172
156, 109
156, 45
156, 237
156, 173
156, 110
156, 46
156, 238
156, 174
156, 111
156, 47
156, 239
156, 175
156, 112
156, 48
156, 240
156, 176
156, 113
156, 49
156, 241
156, 177
156, 114
156, 50
156, 242
156, 178
156, 115
156, 51
156, 243
156, 179
156, 116
156, 52
156, 244
156, 180
156, 117
156, 53
156, 245
156, 181
156, 118
156, 54
156, 246
156, 182
156, 119
156, 55
156, 247
156, 183
156, 120
156, 56
156, 248
156, 184
156, 121
156, 57
156, 249
156, 185
156, 122
156, 58
156, 250
156, 186
156, 123
156, 59
156, 187
156, 124
156, 60
156, 188
156, 125
156, 61
156, 189
156, 126
156, 62
156, 190
156, 127
156, 63
156, 191
92, 64
92, 192
92, 128
92, 65
92, 1
92, 193
92, 129
92, 66
92, 2
92, 194
92, 130
92, 67
92, 3
92, 195
92, 131
92, 68
92, 4
92, 196
92, 132
92, 69
92, 5
92, 197
92, 133
92, 70
92, 6
92, 198
92, 134
92, 71
92, 7
92, 199
92, 135
92, 72
92, 8
92, 200
92, 136
92, 73
92, 9
92, 201
92, 137
92, 74
92, 10
92, 202
92, 138
92, 75
92, 11
92, 203
92, 139
92, 76
92, 12
92, 204
92, 140
92, 77
92, 13
92, 205
92, 141
92, 78
92, 14
92, 206
92, 142
92, 79
92, 15
92, 207
92, 143
92, 80
92, 16
92, 208
92, 144
92, 81
92, 17
92, 209
92, 145
92, 82
92, 18
92, 210
92, 146
92, 83
92, 19
92, 211
92, 147
92, 84
92, 20
92, 212
92, 148
92, 85
92, 21
92, 213
92, 149
92, 86
92, 22
92, 214
92, 150
92, 87
92, 23
92, 215
92, 151
92, 88
92, 24
92, 216
92, 152
92, 89
92, 25
92, 217
92, 153
92, 90
92, 26
92, 218
92, 154
92, 91
92, 27
92, 219
92, 155
92, 92
92, 28
92, 220
92, 156
92, 29
92, 221
92, 157
92, 93
92, 30
92, 222
92, 158
92, 94
92, 31
92, 223
92, 159
92, 95
92, 32
92, 224
92, 160
92, 96
92, 33
92, 225
92, 161
92, 97
92, 34
92, 226
92, 162
92, 98
92, 35
92, 227
92, 163
92, 99
92, 36
92, 228
92, 164
92, 100
92, 37
92, 229
92, 165
92, 101
92, 38
92, 230
92, 166
92, 102
92, 39
92, 231
92, 167
92, 103
92, 40
92, 232
92, 168
92, 104
92, 41
92, 233
92, 169
92, 105
92, 42
92, 234
92, 170
92, 106
92, 43
92, 235
92, 171
92, 107
92, 44
92, 236
92, 172
92, 108
92, 45
92, 237
92, 173
92, 109
92, 46
92, 238
92, 174
92, 110
92, 47
92, 239
92, 175
92, 111
92, 48
92, 240
92, 176
92, 112
92, 49
92, 241
92, 177
92, 113
92, 50
92, 242
92, 178
92, 114
92, 51
92, 243
92, 179
92, 115
92, 52
92, 244
92, 180
92, 116
92, 53
92, 245
92, 181
92, 117
92, 54
92, 246
92, 182
92, 118
92, 55
92, 247
92, 183
92, 119
92, 56
92, 248
92, 184
92, 120
92, 57
92, 249
92, 185
92, 121
92, 58
92, 250
92, 186
92, 122
92, 59
92, 187
92, 123
92, 60
92, 188
92, 124
92, 61
92, 189
92, 125
92, 62
92, 190
92, 126
92, 63
92, 191
92, 127
28, 192
28, 128
28, 64
28, 1
28, 193
28, 129
28, 65
28, 2
28, 194
28, 130
28, 66
28, 3
28, 195
28, 131
28, 67
28, 4
28, 196
28, 132
28, 68
28, 5
28, 197
28, 133
28, 69
28, 6
28, 198
28, 134
28, 70
28, 7
28, 199
28, 135
28, 71
28, 8
28, 200
28, 136
28, 72
28, 9
28, 201
28, 137
28, 73
28, 10
28, 202
28, 138
28, 74
28, 11
28, 203
28, 139
28, 75
28, 12
28, 204
28, 140
28, 76
28, 13
28, 205
28, 141
28, 77
28, 14
28, 206
28, 142
28, 78
28, 15
28, 207
28, 143
28, 79
28, 16
28, 208
28, 144
28, 80
28, 17
28, 209
28, 145
28, 81
28, 18
28, 210
28, 146
28, 82
28, 19
28, 211
28, 147
28, 83
28, 20
28, 212
28, 148
28, 84
28, 21
28, 213
28, 149
28, 85
28, 22
28, 214
28, 150
28, 86
28, 23
28, 215
28, 151
28, 87
28, 24
28, 216
28, 152
28, 88
28, 25
28, 217
28, 153
28, 89
28, 26
28, 218
28, 154
28, 90
28, 27
28, 219
28, 155
28, 91
28, 28
28, 220
28, 156
28, 92
28, 221
28, 157
28, 93
28, 29
28, 222
28, 158
28, 94
28, 30
28, 223
28, 159
28, 95
28, 31
28, 224
28, 160
28, 96
28, 32
28, 225
28, 161
28, 97
28, 33
28, 226
28, 162
28, 98
28, 34
28, 227
28, 163
28, 99
28, 35
28, 228
28, 164
28, 100
28, 36
28, 229
28, 165
28, 101
28, 37
28, 230
28, 166
28, 102
28, 38
28, 231
28, 167
28, 103
28, 39
28, 232
28, 168
28, 104
28, 40
28, 233
28, 169
28, 105
28, 41
28, 234
28, 170
28, 106
28, 42
28, 235
28, 171
28, 107
28, 43
28, 236
28, 172
28, 108
28, 44
28, 237
28, 173
28, 109
28, 45
28, 238
28, 174
28, 110
28, 46
28, 239
28, 175
28, 111
28, 47
28, 240
28, 176
28, 112
28, 48
28, 241
28, 177
28, 113
28, 49
28, 242
28, 178
28, 114
28, 50
28, 243
28, 179
28, 115
28, 51
28, 244
28, 180
28, 116
28, 52
28, 245
28, 181
28, 117
28, 53
28, 246
28, 182
28, 118
28, 54
28, 247
28, 183
28, 119
28, 55
28, 248
28, 184
28, 120
28, 56
28, 249
28, 185
28, 121
28, 57
28, 250
28, 186
28, 122
28, 58
28, 187
28, 123
28, 59
28, 188
28, 124
28, 60
28, 189
28, 125
28, 61
28, 190
28, 126
28, 62
28, 191
28, 127
28, 63
221, 192
221, 128
221, 64
221, 193
221, 129
221, 65
221, 1
221, 194
221, 130
221, 66
221, 2
221, 195
221, 131
221, 67
221, 3
221, 196
221, 132
221, 68
221, 4
221, 197
221, 133
221, 69
221, 5
221, 198
221, 134
221, 70
221, 6
221, 199
221, 135
221, 71
221, 7
221, 200
221, 136
221, 72
221, 8
221, 201
221, 137
221, 73
221, 9
221, 202
221, 138
221, 74
221, 10
221, 203
221, 139
221, 75
221, 11
221, 204
221, 140
221, 76
221, 12
221, 205
221, 141
221, 77
221, 13
221, 206
221, 142
221, 78
221, 14
221, 207
221, 143
221, 79
221, 15
221, 208
221, 144
221, 80
221, 16
221, 209
221, 145
221, 81
221, 17
221, 210
221, 146
221, 82
221, 18
221, 211
221, 147
221, 83
221, 19
221, 212
221, 148
221, 84
221, 20
221, 213
221, 149
221, 85
221, 21
221, 214
221, 150
221, 86
221, 22
221, 215
221, 151
221, 87
221, 23
221, 216
221, 152
221, 88
221, 24
221, 217
221, 153
221, 89
221, 25
221, 218
221, 154
221, 90
221, 26
221, 219
221, 155
221, 91
221, 27
221, 220
221, 156
221, 92
221, 28
221, 221
221, 157
221, 93
221, 29
221, 158
221, 94
221, 30
221, 222
221, 159
221, 95
221, 31
221, 223
221, 160
221, 96
221, 32
221, 224
221, 161
221, 97
221, 33
221, 225
221, 162
221, 98
221, 34
221, 226
221, 163
221, 99
221, 35
221, 227
221, 164
221, 100
221, 36
221, 228
221, 165
221, 101
221, 37
221, 229
221, 166
221, 102
221, 38
221, 230
221, 167
221, 103
221, 39
221, 231
221, 168
221, 104
221, 40
221, 232
221, 169
221, 105
221, 41
221, 233
221, 170
221, 106
221, 42
221, 234
221, 171
221, 107
221, 43
221, 235
221, 172
221, 108
221, 44
221, 236
221, 173
221, 109
221, 45
221, 237
221, 174
221, 110
221, 46
221, 238
221, 175
221, 111
221, 47
221, 239
221, 176
221, 112
221, 48
221, 240
221, 177
221, 113
221, 49
221, 241
221, 178
221, 114
221, 50
221, 242
221, 179
221, 115
221, 51
221, 243
221, 180
221, 116
221, 52
221, 244
221, 181
221, 117
221, 53
221, 245
221, 182
221, 118
221, 54
221, 246
221, 183
221, 119
221, 55
221, 247
221, 184
221, 120
221, 56
221, 248
221, 185
221, 121
221, 57
221, 249
221, 186
221, 122
221, 58
221, 250
221, 187
221, 123
221, 59
221, 188
221, 124
221, 60
221, 189
221, 125
221, 61
221, 190
221, 126
221, 62
221, 191
221, 127
221, 63
157, 128
157, 64
157, 192
157, 129
157, 65
157, 1
157, 193
157, 130
157, 66
157, 2
157, 194
157, 131
157, 67
157, 3
157, 195
157, 132
157, 68
157, 4
157, 196
157, 133
157, 69
157, 5
157, 197
157, 134
157, 70
157, 6
157, 198
157, 135
157, 71
157, 7
157, 199
157, 136
157, 72
157, 8
157, 200
157, 137
157, 73
157, 9
157, 201
157, 138
157, 74
157, 10
157, 202
157, 139
157, 75
157, 11
157, 203
157, 140
157, 76
157, 12
157, 204
157, 141
157, 77
157, 13
157, 205
157, 142
157, 78
157, 14
157, 206
157, 143
157, 79
157, 15
157, 207
157, 144
157, 80
157, 16
157, 208
157, 145
157, 81
157, 17
157, 209
157, 146
157, 82
157, 18
157, 210
157, 147
157, 83
157, 19
157, 211
157, 148
157, 84
157, 20
157, 212
157, 149
157, 85
157, 21
157, 213
157, 150
157, 86
157, 22
157, 214
157, 151
157, 87
157, 23
157, 215
157, 152
157, 88
157, 24
157, 216
157, 153
157, 89
157, 25
157, 217
157, 154
157, 90
157, 26
157, 218
157, 155
157, 91
157, 27
157, 219
157, 156
157, 92
157, 28
157, 220
157, 157
157, 93
157, 29
157, 221
157, 94
157, 30
157, 222
157, 158
157, 95
157, 31
157, 223
157, 159
157, 96
157, 32
157, 224
157, 160
157, 97
157, 33
157, 225
157, 161
157, 98
157, 34
157, 226
157, 162
157, 99
157, 35
157, 227
157, 163
157, 100
157, 36
157, 228
157, 164
157, 101
157, 37
157, 229
157, 165
157, 102
157, 38
157, 230
157, 166
157, 103
157, 39
157, 231
157, 167
157, 104
157, 40
157, 232
157, 168
157, 105
157, 41
157, 233
157, 169
157, 106
157, 42
157, 234
157, 170
157, 107
157, 43
157, 235
157, 171
157, 108
157, 44
157, 236
157, 172
157, 109
157, 45
157, 237
157, 173
157, 110
157, 46
157, 238
157, 174
157, 111
157, 47
157, 239
157, 175
157, 112
157, 48
157, 240
157, 176
157, 113
157, 49
157, 241
157, 177
157, 114
157, 50
157, 242
157, 178
157, 115
157, 51
157, 243
157, 179
157, 116
157, 52
157, 244
157, 180
157, 117
157, 53
157, 245
157, 181
157, 118
157, 54
157, 246
157, 182
157, 119
157, 55
157, 247
157, 183
157, 120
157, 56
157, 248
157, 184
157, 121
157, 57
157, 249
157, 185
157, 122
157, 58
157, 250
157, 186
157, 123
157, 59
157, 187
157, 124
157, 60
157, 188
157, 125
157, 61
157, 189
157, 126
157, 62
157, 190
157, 127
157, 63
157, 191
93, 64
93, 192
93, 128
93, 65
93, 1
93, 193
93, 129
93, 66
93, 2
93, 194
93, 130
93, 67
93, 3
93, 195
93, 131
93, 68
93, 4
93, 196
93, 132
93, 69
93, 5
93, 197
93, 133
93, 70
93, 6
93, 198
93, 134
93, 71
93, 7
93, 199
93, 135
93, 72
93, 8
93, 200
93, 136
93, 73
93, 9
93, 201
93, 137
93, 74
93, 10
93, 202
93, 138
93, 75
93, 11
93, 203
93, 139
93, 76
93, 12
93, 204
93, 140
93, 77
93, 13
93, 205
93, 141
93, 78
93, 14
93, 206
93, 142
93, 79
93, 15
93, 207
93, 143
93, 80
93, 16
93, 208
93, 144
93, 81
93, 17
93, 209
93, 145
93, 82
93, 18
93, 210
93, 146
93, 83
93, 19
93, 211
93, 147
93, 84
93, 20
93, 212
93, 148
93, 85
93, 21
93, 213
93, 149
93, 86
93, 22
93, 214
93, 150
93, 87
93, 23
93, 215
93, 151
93, 88
93, 24
93, 216
93, 152
93, 89
93, 25
93, 217
93, 153
93, 90
93, 26
93, 218
93, 154
93, 91
93, 27
93, 219
93, 155
93, 92
93, 28
93, 220
93, 156
93, 93
93, 29
93, 221
93, 157
93, 30
93, 222
93, 158
93, 94
93, 31
93, 223
93, 159
93, 95
93, 32
93, 224
93, 160
93, 96
93, 33
93, 225
93, 161
93, 97
93, 34
93, 226
93, 162
93, 98
93, 35
93, 227
93, 163
93, 99
93, 36
93, 228
93, 164
93, 100
93, 37
93, 229
93, 165
93, 101
93, 38
93, 230
93, 166
93, 102
93, 39
93, 231
93, 167
93, 103
93, 40
93, 232
93, 168
93, 104
93, 41
93, 233
93, 169
93, 105
93, 42
93, 234
93, 170
93, 106
93, 43
93, 235
93, 171
93, 107
93, 44
93, 236
93, 172
93, 108
93, 45
93, 237
93, 173
93, 109
93, 46
93, 238
93, 174
93, 110
93, 47
93, 239
93, 175
93, 111
93, 48
93, 240
93, 176
93, 112
93, 49
93, 241
93, 177
93, 113
93, 50
93, 242
93, 178
93, 114
93, 51
93, 243
93, 179
93, 115
93, 52
93, 244
93, 180
93, 116
93, 53
93, 245
93, 181
93, 117
93, 54
93, 246
93, 182
93, 118
93, 55
93, 247
93, 183
93, 119
93, 56
93, 248
93, 184
93, 120
93, 57
93, 249
93, 185
93, 121
93, 58
93, 250
93, 186
93, 122
93, 59
93, 187
93, 123
93, 60
93, 188
93, 124
93, 61
93, 189
93, 125
93, 62
93, 190
93, 126
93, 63
93, 191
93, 127
29, 192
29, 128
29, 64
29, 1
29, 193
29, 129
29, 65
29, 2
29, 194
29, 130
29, 66
29, 3
29, 195
29, 131
29, 67
29, 4
29, 196
29, 132
29, 68
29, 5
29, 197
29, 133
29, 69
29, 6
29, 198
29, 134
29, 70
29, 7
29, 199
29, 135
29, 71
29, 8
29, 200
29, 136
29, 72
29, 9
29, 201
29, 137
29, 73
29, 10
29, 202
29, 138
29, 74
29, 11
29, 203
29, 139
29, 75
29, 12
29, 204
29, 140
29, 76
29, 13
29, 205
29, 141
29, 77
29, 14
29, 206
29, 142
29, 78
29, 15
29, 207
29, 143
29, 79
29, 16
29, 208
29, 144
29, 80
29, 17
29, 209
29, 145
29, 81
29, 18
29, 210
29, 146
29, 82
29, 19
29, 211
29, 147
29, 83
29, 20
29, 212
29, 148
29, 84
29, 21
29, 213
29, 149
29, 85
29, 22
29, 214
29, 150
29, 86
29, 23
29, 215
29, 151
29, 87
29, 24
29, 216
29, 152
29, 88
29, 25
29, 217
29, 153
29, 89
29, 26
29, 218
29, 154
29, 90
29, 27
29, 219
29, 155
29, 91
29, 28
29, 220
29, 156
29, 92
29, 29
29, 221
29, 157
29, 93
29, 222
29, 158
29, 94
29, 30
29, 223
29, 159
29, 95
29, 31
29, 224
29, 160
29, 96
29, 32
29, 225
29, 161
29, 97
29, 33
29, 226
29, 162
29, 98
29, 34
29, 227
29, 163
29, 99
29, 35
29, 228
29, 164
29, 100
29, 36
29, 229
29, 165
29, 101
29, 37
29, 230
29, 166
29, 102
29, 38
29, 231
29, 167
29, 103
29, 39
29, 232
29, 168
29, 104
29, 40
29, 233
29, 169
29, 105
29, 41
29, 234
29, 170
29, 106
29, 42
29, 235
29, 171
29, 107
29, 43
29, 236
29, 172
29, 108
29, 44
29, 237
29, 173
29, 109
29, 45
29, 238
29, 174
29, 110
29, 46
29, 239
29, 175
29, 111
29, 47
29, 240
29, 176
29, 112
29, 48
29, 241
29, 177
29, 113
29, 49
29, 242
29, 178
29, 114
29, 50
29, 243
29, 179
29, 115
29, 51
29, 244
29, 180
29, 116
29, 52
29, 245
29, 181
29, 117
29, 53
29, 246
29, 182
29, 118
29, 54
29, 247
29, 183
29, 119
29, 55
29, 248
29, 184
29, 120
29, 56
29, 249
29, 185
29, 121
29, 57
29, 250
29, 186
29, 122
29, 58
29, 187
29, 123
29, 59
29, 188
29, 124
29, 60
29, 189
29, 125
29, 61
29, 190
29, 126
29, 62
29, 191
29, 127
29, 63
222, 192
222, 128
222, 64
222, 193
222, 129
222, 65
222, 1
222, 194
222, 130
222, 66
222, 2
222, 195
222, 131
222, 67
222, 3
222, 196
222, 132
222, 68
222, 4
222, 197
222, 133
222, 69
222, 5
222, 198
222, 134
222, 70
222, 6
222, 199
222, 135
222, 71
222, 7
222, 200
222, 136
222, 72
222, 8
222, 201
222, 137
222, 73
222, 9
222, 202
222, 138
222, 74
222, 10
222, 203
222, 139
222, 75
222, 11
222, 204
222, 140
222, 76
222, 12
222, 205
222, 141
222, 77
222, 13
222, 206
222, 142
222, 78
222, 14
222, 207
222, 143
222, 79
222, 15
222, 208
222, 144
222, 80
222, 16
222, 209
222, 145
222, 81
222, 17
222, 210
222, 146
222, 82
222, 18
222, 211
222, 147
222, 83
222, 19
222, 212
222, 148
222, 84
222, 20
222, 213
222, 149
222, 85
222, 21
222, 214
222, 150
222, 86
222, 22
222, 215
222, 151
222, 87
222, 23
222, 216
222, 152
222, 88
222, 24
222, 217
222, 153
222, 89
222, 25
222, 218
222, 154
222, 90
222, 26
222, 219
222, 155
222, 91
222, 27
222, 220
222, 156
222, 92
222, 28
222, 221
222, 157
222, 93
222, 29
222, 222
222, 158
222, 94
222, 30
222, 159
222, 95
222, 31
222, 223
222, 160
222, 96
222, 32
222, 224
222, 161
222, 97
222, 33
222, 225
222, 162
222, 98
222, 34
222, 226
222, 163
222, 99
222, 35
222, 227
222, 164
222, 100
222, 36
222, 228
222, 165
222, 101
222, 37
222, 229
222, 166
222, 102
222, 38
222, 230
222, 167
222, 103
222, 39
222, 231
222, 168
222, 104
222, 40
222, 232
222, 169
222, 105
222, 41
222, 233
222, 170
222, 106
222, 42
222, 234
222, 171
222, 107
222, 43
222, 235
222, 172
222, 108
222, 44
222, 236
222, 173
222, 109
222, 45
222, 237
222, 174
222, 110
222, 46
222, 238
222, 175
222, 111
222, 47
222, 239
222, 176
222, 112
222, 48
222, 240
222, 177
222, 113
222, 49
222, 241
222, 178
222, 114
222, 50
222, 242
222, 179
222, 115
222, 51
222, 243
222, 180
222, 116
222, 52
222, 244
222, 181
222, 117
222, 53
222, 245
222, 182
222, 118
222, 54
222, 246
222, 183
222, 119
222, 55
222, 247
222, 184
222, 120
222, 56
222, 248
222, 185
222, 121
222, 57
222, 249
222, 186
222, 122
222, 58
222, 250
222, 187
222, 123
222, 59
222, 188
222, 124
222, 60
222, 189
222, 125
222, 61
222, 190
222, 126
222, 62
222, 191
222, 127
222, 63
158, 128
158, 64
158, 192
158, 129
158, 65
158, 1
158, 193
158, 130
158, 66
158, 2
158, 194
158, 131
158, 67
158, 3
158, 195
158, 132
158, 68
158, 4
158, 196
158, 133
158, 69
158, 5
158, 197
158, 134
158, 70
158, 6
158, 198
158, 135
158, 71
158, 7
158, 199
158, 136
158, 72
158, 8
158, 200
158, 137
158, 73
158, 9
158, 201
158, 138
158, 74
158, 10
158, 202
158, 139
158, 75
158, 11
158, 203
158, 140
158, 76
158, 12
158, 204
158, 141
158, 77
158, 13
158, 205
158, 142
158, 78
158, 14
158, 206
158, 143
158, 79
158, 15
158, 207
158, 144
158, 80
158, 16
158, 208
158, 145
158, 81
158, 17
158, 209
158, 146
158, 82
158, 18
158, 210
158, 147
158, 83
158, 19
158, 211
158, 148
158, 84
158, 20
158, 212
158, 149
158, 85
158, 21
158, 213
158, 150
158, 86
158, 22
158, 214
158, 151
158, 87
158, 23
158, 215
158, 152
158, 88
158, 24
158, 216
158, 153
158, 89
158, 25
158, 217
158, 154
158, 90
158, 26
158, 218
158, 155
158, 91
158, 27
158, 219
158, 156
158, 92
158, 28
158, 220
158, 157
158, 93
158, 29
158, 221
158, 158
158, 94
158, 30
158, 222
158, 95
158, 31
158, 223
158, 159
158, 96
158, 32
158, 224
158, 160
158, 97
158, 33
158, 225
158, 161
158, 98
158, 34
158, 226
158, 162
158, 99
158, 35
158, 227
158, 163
158, 100
158, 36
158, 228
158, 164
158, 101
158, 37
158, 229
158, 165
158, 102
158, 38
158, 230
158, 166
158, 103
158, 39
158, 231
158, 167
158, 104
158, 40
158, 232
158, 168
158, 105
158, 41
158, 233
158, 169
158, 106
158, 42
158, 234
158, 170
158, 107
158, 43
158, 235
158, 171
158, 108
158, 44
158, 236
158, 172
158, 109
158, 45
158, 237
158, 173
158, 110
158, 46
158, 238
158, 174
158, 111
158, 47
158, 239
158, 175
158, 112
158, 48
158, 240
158, 176
158, 113
158, 49
158, 241
158, 177
158, 114
158, 50
158, 242
158, 178
158, 115
158, 51
158, 243
158, 179
158, 116
158, 52
158, 244
158, 180
158, 117
158, 53
158, 245
158, 181
158, 118
158, 54
158, 246
158, 182
158, 119
158, 55
158, 247
158, 183
158, 120
158, 56
158, 248
158, 184
158, 121
158, 57
158, 249
158, 185
158, 122
158, 58
158, 250
158, 186
158, 123
158, 59
158, 187
158, 124
158, 60
158, 188
158, 125
158, 61
158, 189
158, 126
158, 62
158, 190
158, 127
158, 63
158, 191
94, 64
94, 192
94, 128
94, 65
94, 1
94, 193
94, 129
94, 66
94, 2
94, 194
94, 130
94, 67
94, 3
94, 195
94, 131
94, 68
94, 4
94, 196
94, 132
94, 69
94, 5
94, 197
94, 133
94, 70
94, 6
94, 198
94, 134
94, 71
94, 7
94, 199
94, 135
94, 72
94, 8
94, 200
94, 136
94, 73
94, 9
94, 201
94, 137
94, 74
94, 10
94, 202
94, 138
94, 75
94, 11
94, 203
94, 139
94, 76
94, 12
94, 204
94, 140
94, 77
94, 13
94, 205
94, 141
94, 78
94, 14
94, 206
94, 142
94, 79
94, 15
94, 207
94, 143
94, 80
94, 16
94, 208
94, 144
94, 81
94, 17
94, 209
94, 145
94, 82
94, 18
94, 210
94, 146
94, 83
94, 19
94, 211
94, 147
94, 84
94, 20
94, 212
94, 148
94, 85
94, 21
94, 213
94, 149
94, 86
94, 22
94, 214
94, 150
94, 87
94, 23
94, 215
94, 151
94, 88
94, 24
94, 216
94, 152
94, 89
94, 25
94, 217
94, 153
94, 90
94, 26
94, 218
94, 154
94, 91
94, 27
94, 219
94, 155
94, 92
94, 28
94, 220
94, 156
94, 93
94, 29
94, 221
94, 157
94, 94
94, 30
94, 222
94, 158
94, 31
94, 223
94, 159
94, 95
94, 32
94, 224
94, 160
94, 96
94, 33
94, 225
94, 161
94, 97
94, 34
94, 226
94, 162
94, 98
94, 35
94, 227
94, 163
94, 99
94, 36
94, 228
94, 164
94, 100
94, 37
94, 229
94, 165
94, 101
94, 38
94, 230
94, 166
94, 102
94, 39
94, 231
94, 167
94, 103
94, 40
94, 232
94, 168
94, 104
94, 41
94, 233
94, 169
94, 105
94, 42
94, 234
94, 170
94, 106
94, 43
94, 235
94, 171
94, 107
94, 44
94, 236
94, 172
94, 108
94, 45
94, 237
94, 173
94, 109
94, 46
94, 238
94, 174
94, 110
94, 47
94, 239
94, 175
94, 111
94, 48
94, 240
94, 176
94, 112
94, 49
94, 241
94, 177
94, 113
94, 50
94, 242
94, 178
94, 114
94, 51
94, 243
94, 179
94, 115
94, 52
94, 244
94, 180
94, 116
94, 53
94, 245
94, 181
94, 117
94, 54
94, 246
94, 182
94, 118
94, 55
94, 247
94, 183
94, 119
94, 56
94, 248
94, 184
94, 120
94, 57
94, 249
94, 185
94, 121
94, 58
94, 250
94, 186
94, 122
94, 59
94, 187
94, 123
94, 60
94, 188
94, 124
94, 61
94, 189
94, 125
94, 62
94, 190
94, 126
94, 63
94, 191
94, 127
30, 192
30, 128
30, 64
30, 1
30, 193
30, 129
30, 65
30, 2
30, 194
30, 130
30, 66
30, 3
30, 195
30, 131
30, 67
30, 4
30, 196
30, 132
30, 68
30, 5
30, 197
30, 133
30, 69
30, 6
30, 198
30, 134
30, 70
30, 7
30, 199
30, 135
30, 71
30, 8
30, 200
30, 136
30, 72
30, 9
30, 201
30, 137
30, 73
30, 10
30, 202
30, 138
30, 74
30, 11
30, 203
30, 139
30, 75
30, 12
30, 204
30, 140
30, 76
30, 13
30, 205
30, 141
30, 77
30, 14
30, 206
30, 142
30, 78
30, 15
30, 207
30, 143
30, 79
30, 16
30, 208
30, 144
30, 80
30, 17
30, 209
30, 145
30, 81
30, 18
30, 210
30, 146
30, 82
30, 19
30, 211
30, 147
30, 83
30, 20
30, 212
30, 148
30, 84
30, 21
30, 213
30, 149
30, 85
30, 22
30, 214
30, 150
30, 86
30, 23
30, 215
30, 151
30, 87
30, 24
30, 216
30, 152
30, 88
30, 25
30, 217
30, 153
30, 89
30, 26
30, 218
30, 154
30, 90
30, 27
30, 219
30, 155
30, 91
30, 28
30, 220
30, 156
30, 92
30, 29
30, 221
30, 157
30, 93
30, 30
30, 222
30, 158
30, 94
30, 223
30, 159
30, 95
30, 31
30, 224
30, 160
30, 96
30, 32
30, 225
30, 161
30, 97
30, 33
30, 226
30, 162
30, 98
30, 34
30, 227
30, 163
30, 99
30, 35
30, 228
30, 164
30, 100
30, 36
30, 229
30, 165
30, 101
30, 37
30, 230
30, 166
30, 102
30, 38
30, 231
30, 167
30, 103
30, 39
30, 232
30, 168
30, 104
30, 40
30, 233
30, 169
30, 105
30, 41
30, 234
30, 170
30, 106
30, 42
30, 235
30, 171
30, 107
30, 43
30, 236
30, 172
30, 108
30, 44
30, 237
30, 173
30, 109
30, 45
30, 238
30, 174
30, 110
30, 46
30, 239
30, 175
30, 111
30, 47
30, 240
30, 176
30, 112
30, 48
30, 241
30, 177
30, 113
30, 49
30, 242
30, 178
30, 114
30, 50
30, 243
30, 179
30, 115
30, 51
30, 244
30, 180
30, 116
30, 52
30, 245
30, 181
30, 117
30, 53
30, 246
30, 182
30, 118
30, 54
30, 247
30, 183
30, 119
30, 55
30, 248
30, 184
30, 120
30, 56
30, 249
30, 185
30, 121
30, 57
30, 250
30, 186
30, 122
30, 58
30, 187
30, 123
30, 59
30, 188
30, 124
30, 60
30, 189
30, 125
30, 61
30, 190
30, 126
30, 62
30, 191
30, 127
30, 63
223, 192
223, 128
223, 64
223, 193
223, 129
223, 65
223, 1
223, 194
223, 130
223, 66
223, 2
223, 195
223, 131
223, 67
223, 3
223, 196
223, 132
223, 68
223, 4
223, 197
223, 133
223, 69
223, 5
223, 198
223, 134
223, 70
223, 6
223, 199
223, 135
223, 71
223, 7
223, 200
223, 136
223, 72
223, 8
223, 201
223, 137
223, 73
223, 9
223, 202
223, 138
223, 74
223, 10
223, 203
223, 139
223, 75
223, 11
223, 204
223, 140
223, 76
223, 12
223, 205
223, 141
223, 77
223, 13
223, 206
223, 142
223, 78
223, 14
223, 207
223, 143
223, 79
223, 15
223, 208
223, 144
223, 80
223, 16
223, 209
223, 145
223, 81
223, 17
223, 210
223, 146
223, 82
223, 18
223, 211
223, 147
223, 83
223, 19
223, 212
223, 148
223, 84
223, 20
223, 213
223, 149
223, 85
223, 21
223, 214
223, 150
223, 86
223, 22
223, 215
223, 151
223, 87
223, 23
223, 216
223, 152
223, 88
223, 24
223, 217
223, 153
223, 89
223, 25
223, 218
223, 154
223, 90
223, 26
223, 219
223, 155
223, 91
223, 27
223, 220
223, 156
223, 92
223, 28
223, 221
223, 157
223, 93
223, 29
223, 222
223, 158
223, 94
223, 30
223, 223
223, 159
223, 95
223, 31
223, 160
223, 96
223, 32
223, 224
223, 161
223, 97
223, 33
223, 225
223, 162
223, 98
223, 34
223, 226
223, 163
223, 99
223, 35
223, 227
223, 164
223, 100
223, 36
223, 228
223, 165
223, 101
223, 37
223, 229
223, 166
223, 102
223, 38
223, 230
223, 167
223, 103
223, 39
223, 231
223, 168
223, 104
223, 40
223, 232
223, 169
223, 105
223, 41
223, 233
223, 170
223, 106
223, 42
223, 234
223, 171
223, 107
223, 43
223, 235
223, 172
223, 108
223, 44
223, 236
223, 173
223, 109
223, 45
223, 237
223, 174
223, 110
223, 46
223, 238
223, 175
223, 111
223, 47
223, 239
223, 176
223, 112
223, 48
223, 240
223, 177
223, 113
223, 49
223, 241
223, 178
223, 114
223, 50
223, 242
223, 179
223, 115
223, 51
223, 243
223, 180
223, 116
223, 52
223, 244
223, 181
223, 117
223, 53
223, 245
223, 182
223, 118
223, 54
223, 246
223, 183
223, 119
223, 55
223, 247
223, 184
223, 120
223, 56
223, 248
223, 185
223, 121
223, 57
223, 249
223, 186
223, 122
223, 58
223, 250
223, 187
223, 123
223, 59
223, 188
223, 124
223, 60
223, 189
223, 125
223, 61
223, 190
223, 126
223, 62
223, 191
223, 127
223, 63
159, 128
159, 64
159, 192
159, 129
159, 65
159, 1
159, 193
159, 130
159, 66
159, 2
159, 194
159, 131
159, 67
159, 3
159, 195
159, 132
159, 68
159, 4
159, 196
159, 133
159, 69
159, 5
159, 197
159, 134
159, 70
159, 6
159, 198
159, 135
159, 71
159, 7
159, 199
159, 136
159, 72
159, 8
159, 200
159, 137
159, 73
159, 9
159, 201
159, 138
159, 74
159, 10
159, 202
159, 139
159, 75
159, 11
159, 203
159, 140
159, 76
159, 12
159, 204
159, 141
159, 77
159, 13
159, 205
159, 142
159, 78
159, 14
159, 206
159, 143
159, 79
159, 15
159, 207
159, 144
159, 80
159, 16
159, 208
159, 145
159, 81
159, 17
159, 209
159, 146
159, 82
159, 18
159, 210
159, 147
159, 83
159, 19
159, 211
159, 148
159, 84
159, 20
159, 212
159, 149
159, 85
159, 21
159, 213
159, 150
159, 86
159, 22
159, 214
159, 151
159, 87
159, 23
159, 215
159, 152
159, 88
159, 24
159, 216
159, 153
159, 89
159, 25
159, 217
159, 154
159, 90
159, 26
159, 218
159, 155
159, 91
159, 27
159, 219
159, 156
159, 92
159, 28
159, 220
159, 157
159, 93
159, 29
159, 221
159, 158
159, 94
159, 30
159, 222
159, 159
159, 95
159, 31
159, 223
159, 96
159, 32
159, 224
159, 160
159, 97
159, 33
159, 225
159, 161
159, 98
159, 34
159, 226
159, 162
159, 99
159, 35
159, 227
159, 163
159, 100
159, 36
159, 228
159, 164
159, 101
159, 37
159, 229
159, 165
159, 102
159, 38
159, 230
159, 166
159, 103
159, 39
159, 231
159, 167
159, 104
159, 40
159, 232
159, 168
159, 105
159, 41
159, 233
159, 169
159, 106
159, 42
159, 234
159, 170
159, 107
159, 43
159, 235
159, 171
159, 108
159, 44
159, 236
159, 172
159, 109
159, 45
159, 237
159, 173
159, 110
159, 46
159, 238
159, 174
159, 111
159, 47
159, 239
159, 175
159, 112
159, 48
159, 240
159, 176
159, 113
159, 49
159, 241
159, 177
159, 114
159, 50
159, 242
159, 178
159, 115
159, 51
159, 243
159, 179
159, 116
159, 52
159, 244
159, 180
159, 117
159, 53
159, 245
159, 181
159, 118
159, 54
159, 246
159, 182
159, 119
159, 55
159, 247
159, 183
159, 120
159, 56
159, 248
159, 184
159, 121
159, 57
159, 249
159, 185
159, 122
159, 58
159, 250
159, 186
159, 123
159, 59
159, 187
159, 124
159, 60
159, 188
159, 125
159, 61
159, 189
159, 126
159, 62
159, 190
159, 127
159, 63
159, 191
95, 64
95, 192
95, 128
95, 65
95, 1
95, 193
95, 129
95, 66
95, 2
95, 194
95, 130
95, 67
95, 3
95, 195
95, 131
95, 68
95, 4
95, 196
95, 132
95, 69
95, 5
95, 197
95, 133
95, 70
95, 6
95, 198
95, 134
95, 71
95, 7
95, 199
95, 135
95, 72
95, 8
95, 200
95, 136
95, 73
95, 9
95, 201
95, 137
95, 74
95, 10
95, 202
95, 138
95, 75
95, 11
95, 203
95, 139
95, 76
95, 12
95, 204
95, 140
95, 77
95, 13
95, 205
95, 141
95, 78
95, 14
95, 206
95, 142
95, 79
95, 15
95, 207
95, 143
95, 80
95, 16
95, 208
95, 144
95, 81
95, 17
95, 209
95, 145
95, 82
95, 18
95, 210
95, 146
95, 83
95, 19
95, 211
95, 147
95, 84
95, 20
95, 212
95, 148
95, 85
95, 21
95, 213
95, 149
95, 86
95, 22
95, 214
95, 150
95, 87
95, 23
95, 215
95, 151
95, 88
95, 24
95, 216
95, 152
95, 89
95, 25
95, 217
95, 153
95, 90
95, 26
95, 218
95, 154
95, 91
95, 27
95, 219
95, 155
95, 92
95, 28
95, 220
95, 156
95, 93
95, 29
95, 221
95, 157
95, 94
95, 30
95, 222
95, 158
95, 95
95, 31
95, 223
95, 159
95, 32
95, 224
95, 160
95, 96
95, 33
95, 225
95, 161
95, 97
95, 34
95, 226
95, 162
95, 98
95, 35
95, 227
95, 163
95, 99
95, 36
95, 228
95, 164
95, 100
95, 37
95, 229
95, 165
95, 101
95, 38
95, 230
95, 166
95, 102
95, 39
95, 231
95, 167
95, 103
95, 40
95, 232
95, 168
95, 104
95, 41
95, 233
95, 169
95, 105
95, 42
95, 234
95, 170
95, 106
95, 43
95, 235
95, 171
95, 107
95, 44
95, 236
95, 172
95, 108
95, 45
95, 237
95, 173
95, 109
95, 46
95, 238
95, 174
95, 110
95, 47
95, 239
95, 175
95, 111
95, 48
95, 240
95, 176
95, 112
95, 49
95, 241
95, 177
95, 113
95, 50
95, 242
95, 178
95, 114
95, 51
95, 243
95, 179
95, 115
95, 52
95, 244
95, 180
95, 116
95, 53
95, 245
95, 181
95, 117
95, 54
95, 246
95, 182
95, 118
95, 55
95, 247
95, 183
95, 119
95, 56
95, 248
95, 184
95, 120
95, 57
95, 249
95, 185
95, 121
95, 58
95, 250
95, 186
95, 122
95, 59
95, 187
95, 123
95, 60
95, 188
95, 124
95, 61
95, 189
95, 125
95, 62
95, 190
95, 126
95, 63
95, 191
95, 127
31, 192
31, 128
31, 64
31, 1
31, 193
31, 129
31, 65
31, 2
31, 194
31, 130
31, 66
31, 3
31, 195
31, 131
31, 67
31, 4
31, 196
31, 132
31, 68
31, 5
31, 197
31, 133
31, 69
31, 6
31, 198
31, 134
31, 70
31, 7
31, 199
31, 135
31, 71
31, 8
31, 200
31, 136
31, 72
31, 9
31, 201
31, 137
31, 73
31, 10
31, 202
31, 138
31, 74
31, 11
31, 203
31, 139
31, 75
31, 12
31, 204
31, 140
31, 76
31, 13
31, 205
31, 141
31, 77
31, 14
31, 206
31, 142
31, 78
31, 15
31, 207
31, 143
31, 79
31, 16
31, 208
31, 144
31, 80
31, 17
31, 209
31, 145
31, 81
31, 18
31, 210
31, 146
31, 82
31, 19
31, 211
31, 147
31, 83
31, 20
31, 212
31, 148
31, 84
31, 21
31, 213
31, 149
31, 85
31, 22
31, 214
31, 150
31, 86
31, 23
31, 215
31, 151
31, 87
31, 24
31, 216
31, 152
31, 88
31, 25
31, 217
31, 153
31, 89
31, 26
31, 218
31, 154
31, 90
31, 27
31, 219
31, 155
31, 91
31, 28
31, 220
31, 156
31, 92
31, 29
31, 221
31, 157
31, 93
31, 30
31, 222
31, 158
31, 94
31, 31
31, 223
31, 159
31, 95
31, 224
31, 160
31, 96
31, 32
31, 225
31, 161
31, 97
31, 33
31, 226
31, 162
31, 98
31, 34
31, 227
31, 163
31, 99
31, 35
31, 228
31, 164
31, 100
31, 36
31, 229
31, 165
31, 101
31, 37
31, 230
31, 166
31, 102
31, 38
31, 231
31, 167
31, 103
31, 39
31, 232
31, 168
31, 104
31, 40
31, 233
31, 169
31, 105
31, 41
31, 234
31, 170
31, 106
31, 42
31, 235
31, 171
31, 107
31, 43
31, 236
31, 172
31, 108
31, 44
31, 237
31, 173
31, 109
31, 45
31, 238
31, 174
31, 110
31, 46
31, 239
31, 175
31, 111
31, 47
31, 240
31, 176
31, 112
31, 48
31, 241
31, 177
31, 113
31, 49
31, 242
31, 178
31, 114
31, 50
31, 243
31, 179
31, 115
31, 51
31, 244
31, 180
31, 116
31, 52
31, 245
31, 181
31, 117
31, 53
31, 246
31, 182
31, 118
31, 54
31, 247
31, 183
31, 119
31, 55
31, 248
31, 184
31, 120
31, 56
31, 249
31, 185
31, 121
31, 57
31, 250
31, 186
31, 122
31, 58
31, 187
31, 123
31, 59
31, 188
31, 124
31, 60
31, 189
31, 125
31, 61
31, 190
31, 126
31, 62
31, 191
31, 127
31, 63
224, 192
224, 128
224, 64
224, 193
224, 129
224, 65
224, 1
224, 194
224, 130
224, 66
224, 2
224, 195
224, 131
224, 67
224, 3
224, 196
224, 132
224, 68
224, 4
224, 197
224, 133
224, 69
224, 5
224, 198
224, 134
224, 70
224, 6
224, 199
224, 135
224, 71
224, 7
224, 200
224, 136
224, 72
224, 8
224, 201
224, 137
224, 73
224, 9
224, 202
224, 138
224, 74
224, 10
224, 203
224, 139
224, 75
224, 11
224, 204
224, 140
224, 76
224, 12
224, 205
224, 141
224, 77
224, 13
224, 206
224, 142
224, 78
224, 14
224, 207
224, 143
224, 79
224, 15
224, 208
224, 144
224, 80
224, 16
224, 209
224, 145
224, 81
224, 17
224, 210
224, 146
224, 82
224, 18
224, 211
224, 147
224, 83
224, 19
224, 212
224, 148
224, 84
224, 20
224, 213
224, 149
224, 85
224, 21
224, 214
224, 150
224, 86
224, 22
224, 215
224, 151
224, 87
224, 23
224, 216
224, 152
224, 88
224, 24
224, 217
224, 153
224, 89
224, 25
224, 218
224, 154
224, 90
224, 26
224, 219
224, 155
224, 91
224, 27
224, 220
224, 156
224, 92
224, 28
224, 221
224, 157
224, 93
224, 29
224, 222
224, 158
224, 94
224, 30
224, 223
224, 159
224, 95
224, 31
224, 224
224, 160
224, 96
224, 32
224, 161
224, 97
224, 33
224, 225
224, 162
224, 98
224, 34
224, 226
224, 163
224, 99
224, 35
224, 227
224, 164
224, 100
224, 36
224, 228
224, 165
224, 101
224, 37
224, 229
224, 166
224, 102
224, 38
224, 230
224, 167
224, 103
224, 39
224, 231
224, 168
224, 104
224, 40
224, 232
224, 169
224, 105
224, 41
224, 233
224, 170
224, 106
224, 42
224, 234
224, 171
224, 107
224, 43
224, 235
224, 172
224, 108
224, 44
224, 236
224, 173
224, 109
224, 45
224, 237
224, 174
224, 110
224, 46
224, 238
224, 175
224, 111
224, 47
224, 239
224, 176
224, 112
224, 48
224, 240
224, 177
224, 113
224, 49
224, 241
224, 178
224, 114
224, 50
224, 242
224, 179
224, 115
224, 51
224, 243
224, 180
224, 116
224, 52
224, 244
224, 181
224, 117
224, 53
224, 245
224, 182
224, 118
224, 54
224, 246
224, 183
224, 119
224, 55
224, 247
224, 184
224, 120
224, 56
224, 248
224, 185
224, 121
224, 57
224, 249
224, 186
224, 122
224, 58
224, 250
224, 187
224, 123
224, 59
224, 188
224, 124
224, 60
224, 189
224, 125
224, 61
224, 190
224, 126
224, 62
224, 191
224, 127
224, 63
160, 128
160, 64
160, 192
160, 129
160, 65
160, 1
160, 193
160, 130
160, 66
160, 2
160, 194
160, 131
160, 67
160, 3
160, 195
160, 132
160, 68
160, 4
160, 196
160, 133
160, 69
160, 5
160, 197
160, 134
160, 70
160, 6
160, 198
160, 135
160, 71
160, 7
160, 199
160, 136
160, 72
160, 8
160, 200
160, 137
160, 73
160, 9
160, 201
160, 138
160, 74
160, 10
160, 202
160, 139
160, 75
160, 11
160, 203
160, 140
160, 76
160, 12
160, 204
160, 141
160, 77
160, 13
160, 205
160, 142
160, 78
160, 14
160, 206
160, 143
160, 79
160, 15
160, 207
160, 144
160, 80
160, 16
160, 208
160, 145
160, 81
160, 17
160, 209
160, 146
160, 82
160, 18
160, 210
160, 147
160, 83
160, 19
160, 211
160, 148
160, 84
160, 20
160, 212
160, 149
160, 85
160, 21
160, 213
160, 150
160, 86
160, 22
160, 214
160, 151
160, 87
160, 23
160, 215
160, 152
160, 88
160, 24
160, 216
160, 153
160, 89
160, 25
160, 217
160, 154
160, 90
160, 26
160, 218
160, 155
160, 91
160, 27
160, 219
160, 156
160, 92
160, 28
160, 220
160, 157
160, 93
160, 29
160, 221
160, 158
160, 94
160, 30
160, 222
160, 159
160, 95
160, 31
160, 223
160, 160
160, 96
160, 32
160, 224
160, 97
160, 33
160, 225
160, 161
160, 98
160, 34
160, 226
160, 162
160, 99
160, 35
160, 227
160, 163
160, 100
160, 36
160, 228
160, 164
160, 101
160, 37
160, 229
160, 165
160, 102
160, 38
160, 230
160, 166
160, 103
160, 39
160, 231
160, 167
160, 104
160, 40
160, 232
160, 168
160, 105
160, 41
160, 233
160, 169
160, 106
160, 42
160, 234
160, 170
160, 107
160, 43
160, 235
160, 171
160, 108
160, 44
160, 236
160, 172
160, 109
160, 45
160, 237
160, 173
160, 110
160, 46
160, 238
160, 174
160, 111
160, 47
160, 239
160, 175
160, 112
160, 48
160, 240
160, 176
160, 113
160, 49
160, 241
160, 177
160, 114
160, 50
160, 242
160, 178
160, 115
160, 51
160, 243
160, 179
160, 116
160, 52
160, 244
160, 180
160, 117
160, 53
160, 245
160, 181
160, 118
160, 54
160, 246
160, 182
160, 119
160, 55
160, 247
160, 183
160, 120
160, 56
160, 248
160, 184
160, 121
160, 57
160, 249
160, 185
160, 122
160, 58
160, 250
160, 186
160, 123
160, 59
160, 187
160, 124
160, 60
160, 188
160, 125
160, 61
160, 189
160, 126
160, 62
160, 190
160, 127
160, 63
160, 191
96, 64
96, 192
96, 128
96, 65
96, 1
96, 193
96, 129
96, 66
96, 2
96, 194
96, 130
96, 67
96, 3
96, 195
96, 131
96, 68
96, 4
96, 196
96, 132
96, 69
96, 5
96, 197
96, 133
96, 70
96, 6
96, 198
96, 134
96, 71
96, 7
96, 199
96, 135
96, 72
96, 8
96, 200
96, 136
96, 73
96, 9
96, 201
96, 137
96, 74
96, 10
96, 202
96, 138
96, 75
96, 11
96, 203
96, 139
96, 76
96, 12
96, 204
96, 140
96, 77
96, 13
96, 205
96, 141
96, 78
96, 14
96, 206
96, 142
96, 79
96, 15
96, 207
96, 143
96, 80
96, 16
96, 208
96, 144
96, 81
96, 17
96, 209
96, 145
96, 82
96, 18
96, 210
96, 146
96, 83
96, 19
96, 211
96, 147
96, 84
96, 20
96, 212
96, 148
96, 85
96, 21
96, 213
96, 149
96, 86
96, 22
96, 214
96, 150
96, 87
96, 23
96, 215
96, 151
96, 88
96, 24
96, 216
96, 152
96, 89
96, 25
96, 217
96, 153
96, 90
96, 26
96, 218
96, 154
96, 91
96, 27
96, 219
96, 155
96, 92
96, 28
96, 220
96, 156
96, 93
96, 29
96, 221
96, 157
96, 94
96, 30
96, 222
96, 158
96, 95
96, 31
96, 223
96, 159
96, 96
96, 32
96, 224
96, 160
96, 33
96, 225
96, 161
96, 97
96, 34
96, 226
96, 162
96, 98
96, 35
96, 227
96, 163
96, 99
96, 36
96, 228
96, 164
96, 100
96, 37
96, 229
96, 165
96, 101
96, 38
96, 230
96, 166
96, 102
96, 39
96, 231
96, 167
96, 103
96, 40
96, 232
96, 168
96, 104
96, 41
96, 233
96, 169
96, 105
96, 42
96, 234
96, 170
96, 106
96, 43
96, 235
96, 171
96, 107
96, 44
96, 236
96, 172
96, 108
96, 45
96, 237
96, 173
96, 109
96, 46
96, 238
96, 174
96, 110
96, 47
96, 239
96, 175
96, 111
96, 48
96, 240
96, 176
96, 112
96, 49
96, 241
96, 177
96, 113
96, 50
96, 242
96, 178
96, 114
96, 51
96, 243
96, 179
96, 115
96, 52
96, 244
96, 180
96, 116
96, 53
96, 245
96, 181
96, 117
96, 54
96, 246
96, 182
96, 118
96, 55
96, 247
96, 183
96, 119
96, 56
96, 248
96, 184
96, 120
96, 57
96, 249
96, 185
96, 121
96, 58
96, 250
96, 186
96, 122
96, 59
96, 187
96, 123
96, 60
96, 188
96, 124
96, 61
96, 189
96, 125
96, 62
96, 190
96, 126
96, 63
96, 191
96, 127
32, 192
32, 128
32, 64
32, 1
32, 193
32, 129
32, 65
32, 2
32, 194
32, 130
32, 66
32, 3
32, 195
32, 131
32, 67
32, 4
32, 196
32, 132
32, 68
32, 5
32, 197
32, 133
32, 69
32, 6
32, 198
32, 134
32, 70
32, 7
32, 199
32, 135
32, 71
32, 8
32, 200
32, 136
32, 72
32, 9
32, 201
32, 137
32, 73
32, 10
32, 202
32, 138
32, 74
32, 11
32, 203
32, 139
32, 75
32, 12
32, 204
32, 140
32, 76
32, 13
32, 205
32, 141
32, 77
32, 14
32, 206
32, 142
32, 78
32, 15
32, 207
32, 143
32, 79
32, 16
32, 208
32, 144
32, 80
32, 17
32, 209
32, 145
32, 81
32, 18
32, 210
32, 146
32, 82
32, 19
32, 211
32, 147
32, 83
32, 20
32, 212
32, 148
32, 84
32, 21
32, 213
32, 149
32, 85
32, 22
32, 214
32, 150
32, 86
32, 23
32, 215
32, 151
32, 87
32, 24
32, 216
32, 152
32, 88
32, 25
32, 217
32, 153
32, 89
32, 26
32, 218
32, 154
32, 90
32, 27
32, 219
32, 155
32, 91
32, 28
32, 220
32, 156
32, 92
32, 29
32, 221
32, 157
32, 93
32, 30
32, 222
32, 158
32, 94
32, 31
32, 223
32, 159
32, 95
32, 32
32, 224
32, 160
32, 96
32, 225
32, 161
32, 97
32, 33
32, 226
32, 162
32, 98
32, 34
32, 227
32, 163
32, 99
32, 35
32, 228
32, 164
32, 100
32, 36
32, 229
32, 165
32, 101
32, 37
32, 230
32, 166
32, 102
32, 38
32, 231
32, 167
32, 103
32, 39
32, 232
32, 168
32, 104
32, 40
32, 233
32, 169
32, 105
32, 41
32, 234
32, 170
32, 106
32, 42
32, 235
32, 171
32, 107
32, 43
32, 236
32, 172
32, 108
32, 44
32, 237
32, 173
32, 109
32, 45
32, 238
32, 174
32, 110
32, 46
32, 239
32, 175
32, 111
32, 47
32, 240
32, 176
32, 112
32, 48
32, 241
32, 177
32, 113
32, 49
32, 242
32, 178
32, 114
32, 50
32, 243
32, 179
32, 115
32, 51
32, 244
32, 180
32, 116
32, 52
32, 245
32, 181
32, 117
32, 53
32, 246
32, 182
32, 118
32, 54
32, 247
32, 183
32, 119
32, 55
32, 248
32, 184
32, 120
32, 56
32, 249
32, 185
32, 121
32, 57
32, 250
32, 186
32, 122
32, 58
32, 187
32, 123
32, 59
32, 188
32, 124
32, 60
32, 189
32, 125
32, 61
32, 190
32, 126
32, 62
32, 191
32, 127
32, 63
225, 192
225, 128
225, 64
225, 193
225, 129
225, 65
225, 1
225, 194
225, 130
225, 66
225, 2
225, 195
225, 131
225, 67
225, 3
225, 196
225, 132
225, 68
225, 4
225, 197
225, 133
225, 69
225, 5
225, 198
225, 134
225, 70
225, 6
225, 199
225, 135
225, 71
225, 7
225, 200
225, 136
225, 72
225, 8
225, 201
225, 137
225, 73
225, 9
225, 202
225, 138
225, 74
225, 10
225, 203
225, 139
225, 75
225, 11
225, 204
225, 140
225, 76
225, 12
225, 205
225, 141
225, 77
225, 13
225, 206
225, 142
225, 78
225, 14
225, 207
225, 143
225, 79
225, 15
225, 208
225, 144
225, 80
225, 16
225, 209
225, 145
225, 81
225, 17
225, 210
225, 146
225, 82
225, 18
225, 211
225, 147
225, 83
225, 19
225, 212
225, 148
225, 84
225, 20
225, 213
225, 149
225, 85
225, 21
225, 214
225, 150
225, 86
225, 22
225, 215
225, 151
225, 87
225, 23
225, 216
225, 152
225, 88
225, 24
225, 217
225, 153
225, 89
225, 25
225, 218
225, 154
225, 90
225, 26
225, 219
225, 155
225, 91
225, 27
225, 220
225, 156
225, 92
225, 28
225, 221
225, 157
225, 93
225, 29
225, 222
225, 158
225, 94
225, 30
225, 223
225, 159
225, 95
225, 31
225, 224
225, 160
225, 96
225, 32
225, 225
225, 161
225, 97
225, 33
225, 162
225, 98
225, 34
225, 226
225, 163
225, 99
225, 35
225, 227
225, 164
225, 100
225, 36
225, 228
225, 165
225, 101
225, 37
225, 229
225, 166
225, 102
225, 38
225, 230
225, 167
225, 103
225, 39
225, 231
225, 168
225, 104
225, 40
225, 232
225, 169
225, 105
225, 41
225, 233
225, 170
225, 106
225, 42
225, 234
225, 171
225, 107
225, 43
225, 235
225, 172
225, 108
225, 44
225, 236
225, 173
225, 109
225, 45
225, 237
225, 174
225, 110
225, 46
225, 238
225, 175
225, 111
225, 47
225, 239
225, 176
225, 112
225, 48
225, 240
225, 177
225, 113
225, 49
225, 241
225, 178
225, 114
225, 50
225, 242
225, 179
225, 115
225, 51
225, 243
225, 180
225, 116
225, 52
225, 244
225, 181
225, 117
225, 53
225, 245
225, 182
225, 118
225, 54
225, 246
225, 183
225, 119
225, 55
225, 247
225, 184
225, 120
225, 56
225, 248
225, 185
225, 121
225, 57
225, 249
225, 186
225, 122
225, 58
225, 250
225, 187
225, 123
225, 59
225, 188
225, 124
225, 60
225, 189
225, 125
225, 61
225, 190
225, 126
225, 62
225, 191
225, 127
225, 63
161, 128
161, 64
161, 192
161, 129
161, 65
161, 1
161, 193
161, 130
161, 66
161, 2
161, 194
161, 131
161, 67
161, 3
161, 195
161, 132
161, 68
161, 4
161, 196
161, 133
161, 69
161, 5
161, 197
161, 134
161, 70
161, 6
161, 198
161, 135
161, 71
161, 7
161, 199
161, 136
161, 72
161, 8
161, 200
161, 137
161, 73
161, 9
161, 201
161, 138
161, 74
161, 10
161, 202
161, 139
161, 75
161, 11
161, 203
161, 140
161, 76
161, 12
161, 204
161, 141
161, 77
161, 13
161, 205
161, 142
161, 78
161, 14
161, 206
161, 143
161, 79
161, 15
161, 207
161, 144
161, 80
161, 16
161, 208
161, 145
161, 81
161, 17
161, 209
161, 146
161, 82
161, 18
161, 210
161, 147
161, 83
161, 19
161, 211
161, 148
161, 84
161, 20
161, 212
161, 149
161, 85
161, 21
161, 213
161, 150
161, 86
161, 22
161, 214
161, 151
161, 87
161, 23
161, 215
161, 152
161, 88
161, 24
161, 216
161, 153
161, 89
161, 25
161, 217
161, 154
161, 90
161, 26
161, 218
161, 155
161, 91
161, 27
161, 219
161, 156
161, 92
161, 28
161, 220
161, 157
161, 93
161, 29
161, 221
161, 158
161, 94
161, 30
161, 222
161, 159
161, 95
161, 31
161, 223
161, 160
161, 96
161, 32
161, 224
161, 161
161, 97
161, 33
161, 225
161, 98
161, 34
161, 226
161, 162
161, 99
161, 35
161, 227
161, 163
161, 100
161, 36
161, 228
161, 164
161, 101
161, 37
161, 229
161, 165
161, 102
161, 38
161, 230
161, 166
161, 103
161, 39
161, 231
161, 167
161, 104
161, 40
161, 232
161, 168
161, 105
161, 41
161, 233
161, 169
161, 106
161, 42
161, 234
161, 170
161, 107
161, 43
161, 235
161, 171
161, 108
161, 44
161, 236
161, 172
161, 109
161, 45
161, 237
161, 173
161, 110
161, 46
161, 238
161, 174
161, 111
161, 47
161, 239
161, 175
161, 112
161, 48
161, 240
161, 176
161, 113
161, 49
161, 241
161, 177
161, 114
161, 50
161, 242
161, 178
161, 115
161, 51
161, 243
161, 179
161, 116
161, 52
161, 244
161, 180
161, 117
161, 53
161, 245
161, 181
161, 118
161, 54
161, 246
161, 182
161, 119
161, 55
161, 247
161, 183
161, 120
161, 56
161, 248
161, 184
161, 121
161, 57
161, 249
161, 185
161, 122
161, 58
161, 250
161, 186
161, 123
161, 59
161, 187
161, 124
161, 60
161, 188
161, 125
161, 61
161, 189
161, 126
161, 62
161, 190
161, 127
161, 63
161, 191
97, 64
97, 192
97, 128
97, 65
97, 1
97, 193
97, 129
97, 66
97, 2
97, 194
97, 130
97, 67
97, 3
97, 195
97, 131
97, 68
97, 4
97, 196
97, 132
97, 69
97, 5
97, 197
97, 133
97, 70
97, 6
97, 198
97, 134
97, 71
97, 7
97, 199
97, 135
97, 72
97, 8
97, 200
97, 136
97, 73
97, 9
97, 201
97, 137
97, 74
97, 10
97, 202
97, 138
97, 75
97, 11
97, 203
97, 139
97, 76
97, 12
97, 204
97, 140
97, 77
97, 13
97, 205
97, 141
97, 78
97, 14
97, 206
97, 142
97, 79
97, 15
97, 207
97, 143
97, 80
97, 16
97, 208
97, 144
97, 81
97, 17
97, 209
97, 145
97, 82
97, 18
97, 210
97, 146
97, 83
97, 19
97, 211
97, 147
97, 84
97, 20
97, 212
97, 148
97, 85
97, 21
97, 213
97, 149
97, 86
97, 22
97, 214
97, 150
97, 87
97, 23
97, 215
97, 151
97, 88
97, 24
97, 216
97, 152
97, 89
97, 25
97, 217
97, 153
97, 90
97, 26
97, 218
97, 154
97, 91
97, 27
97, 219
97, 155
97, 92
97, 28
97, 220
97, 156
97, 93
97, 29
97, 221
97, 157
97, 94
97, 30
97, 222
97, 158
97, 95
97, 31
97, 223
97, 159
97, 96
97, 32
97, 224
97, 160
97, 97
97, 33
97, 225
97, 161
97, 34
97, 226
97, 162
97, 98
97, 35
97, 227
97, 163
97, 99
97, 36
97, 228
97, 164
97, 100
97, 37
97, 229
97, 165
97, 101
97, 38
97, 230
97, 166
97, 102
97, 39
97, 231
97, 167
97, 103
97, 40
97, 232
97, 168
97, 104
97, 41
97, 233
97, 169
97, 105
97, 42
97, 234
97, 170
97, 106
97, 43
97, 235
97, 171
97, 107
97, 44
97, 236
97, 172
97, 108
97, 45
97, 237
97, 173
97, 109
97, 46
97, 238
97, 174
97, 110
97, 47
97, 239
97, 175
97, 111
97, 48
97, 240
97, 176
97, 112
97, 49
97, 241
97, 177
97, 113
97, 50
97, 242
97, 178
97, 114
97, 51
97, 243
97, 179
97, 115
97, 52
97, 244
97, 180
97, 116
97, 53
97, 245
97, 181
97, 117
97, 54
97, 246
97, 182
97, 118
97, 55
97, 247
97, 183
97, 119
97, 56
97, 248
97, 184
97, 120
97, 57
97, 249
97, 185
97, 121
97, 58
97, 250
97, 186
97, 122
97, 59
97, 187
97, 123
97, 60
97, 188
97, 124
97, 61
97, 189
97, 125
97, 62
97, 190
97, 126
97, 63
97, 191
97, 127
33, 192
33, 128
33, 64
33, 1
33, 193
33, 129
33, 65
33, 2
33, 194
33, 130
33, 66
33, 3
33, 195
33, 131
33, 67
33, 4
33, 196
33, 132
33, 68
33, 5
33, 197
33, 133
33, 69
33, 6
33, 198
33, 134
33, 70
33, 7
33, 199
33, 135
33, 71
33, 8
33, 200
33, 136
33, 72
33, 9
33, 201
33, 137
33, 73
33, 10
33, 202
33, 138
33, 74
33, 11
33, 203
33, 139
33, 75
33, 12
33, 204
33, 140
33, 76
33, 13
33, 205
33, 141
33, 77
33, 14
33, 206
33, 142
33, 78
33, 15
33, 207
33, 143
33, 79
33, 16
33, 208
33, 144
33, 80
33, 17
33, 209
33, 145
33, 81
33, 18
33, 210
33, 146
33, 82
33, 19
33, 211
33, 147
33, 83
33, 20
33, 212
33, 148
33, 84
33, 21
33, 213
33, 149
33, 85
33, 22
33, 214
33, 150
33, 86
33, 23
33, 215
33, 151
33, 87
33, 24
33, 216
33, 152
33, 88
33, 25
33, 217
33, 153
33, 89
33, 26
33, 218
33, 154
33, 90
33, 27
33, 219
33, 155
33, 91
33, 28
33, 220
33, 156
33, 92
33, 29
33, 221
33, 157
33, 93
33, 30
33, 222
33, 158
33, 94
33, 31
33, 223
33, 159
33, 95
33, 32
33, 224
33, 160
33, 96
33, 33
33, 225
33, 161
33, 97
33, 226
33, 162
33, 98
33, 34
33, 227
33, 163
33, 99
33, 35
33, 228
33, 164
33, 100
33, 36
33, 229
33, 165
33, 101
33, 37
33, 230
33, 166
33, 102
33, 38
33, 231
33, 167
33, 103
33, 39
33, 232
33, 168
33, 104
33, 40
33, 233
33, 169
33, 105
33, 41
33, 234
33, 170
33, 106
33, 42
33, 235
33, 171
33, 107
33, 43
33, 236
33, 172
33, 108
33, 44
33, 237
33, 173
33, 109
33, 45
33, 238
33, 174
33, 110
33, 46
33, 239
33, 175
33, 111
33, 47
33, 240
33, 176
33, 112
33, 48
33, 241
33, 177
33, 113
33, 49
33, 242
33, 178
33, 114
33, 50
33, 243
33, 179
33, 115
33, 51
33, 244
33, 180
33, 116
33, 52
33, 245
33, 181
33, 117
33, 53
33, 246
33, 182
33, 118
33, 54
33, 247
33, 183
33, 119
33, 55
33, 248
33, 184
33, 120
33, 56
33, 249
33, 185
33, 121
33, 57
33, 250
33, 186
33, 122
33, 58
33, 187
33, 123
33, 59
33, 188
33, 124
33, 60
33, 189
33, 125
33, 61
33, 190
33, 126
33, 62
33, 191
33, 127
33, 63
226, 192
226, 128
226, 64
226, 193
226, 129
226, 65
226, 1
226, 194
226, 130
226, 66
226, 2
226, 195
226, 131
226, 67
226, 3
226, 196
226, 132
226, 68
226, 4
226, 197
226, 133
226, 69
226, 5
226, 198
226, 134
226, 70
226, 6
226, 199
226, 135
226, 71
226, 7
226, 200
226, 136
226, 72
226, 8
226, 201
226, 137
226, 73
226, 9
226, 202
226, 138
226, 74
226, 10
226, 203
226, 139
226, 75
226, 11
226, 204
226, 140
226, 76
226, 12
226, 205
226, 141
226, 77
226, 13
226, 206
226, 142
226, 78
226, 14
226, 207
226, 143
226, 79
226, 15
226, 208
226, 144
226, 80
226, 16
226, 209
226, 145
226, 81
226, 17
226, 210
226, 146
226, 82
226, 18
226, 211
226, 147
226, 83
226, 19
226, 212
226, 148
226, 84
226, 20
226, 213
226, 149
226, 85
226, 21
226, 214
226, 150
226, 86
226, 22
226, 215
226, 151
226, 87
226, 23
226, 216
226, 152
226, 88
226, 24
226, 217
226, 153
226, 89
226, 25
226, 218
226, 154
226, 90
226, 26
226, 219
226, 155
226, 91
226, 27
226, 220
226, 156
226, 92
226, 28
226, 221
226, 157
226, 93
226, 29
226, 222
226, 158
226, 94
226, 30
226, 223
226, 159
226, 95
226, 31
226, 224
226, 160
226, 96
226, 32
226, 225
226, 161
226, 97
226, 33
226, 226
226, 162
226, 98
226, 34
226, 163
226, 99
226, 35
226, 227
226, 164
226, 100
226, 36
226, 228
226, 165
226, 101
226, 37
226, 229
226, 166
226, 102
226, 38
226, 230
226, 167
226, 103
226, 39
226, 231
226, 168
226, 104
226, 40
226, 232
226, 169
226, 105
226, 41
226, 233
226, 170
226, 106
226, 42
226, 234
226, 171
226, 107
226, 43
226, 235
226, 172
226, 108
226, 44
226, 236
226, 173
226, 109
226, 45
226, 237
226, 174
226, 110
226, 46
226, 238
226, 175
226, 111
226, 47
226, 239
226, 176
226, 112
226, 48
226, 240
226, 177
226, 113
226, 49
226, 241
226, 178
226, 114
226, 50
226, 242
226, 179
226, 115
226, 51
226, 243
226, 180
226, 116
226, 52
226, 244
226, 181
226, 117
226, 53
226, 245
226, 182
226, 118
226, 54
226, 246
226, 183
226, 119
226, 55
226, 247
226, 184
226, 120
226, 56
226, 248
226, 185
226, 121
226, 57
226, 249
226, 186
226, 122
226, 58
226, 250
226, 187
226, 123
226, 59
226, 188
226, 124
226, 60
226, 189
226, 125
226, 61
226, 190
226, 126
226, 62
226, 191
226, 127
226, 63
162, 128
162, 64
162, 192
162, 129
162, 65
162, 1
162, 193
162, 130
162, 66
162, 2
162, 194
162, 131
162, 67
162, 3
162, 195
162, 132
162, 68
162, 4
162, 196
162, 133
162, 69
162, 5
162, 197
162, 134
162, 70
162, 6
162, 198
162, 135
162, 71
162, 7
162, 199
162, 136
162, 72
162, 8
162, 200
162, 137
162, 73
162, 9
162, 201
162, 138
162, 74
162, 10
162, 202
162, 139
162, 75
162, 11
162, 203
162, 140
162, 76
162, 12
162, 204
162, 141
162, 77
162, 13
162, 205
162, 142
162, 78
162, 14
162, 206
162, 143
162, 79
162, 15
162, 207
162, 144
162, 80
162, 16
162, 208
162, 145
162, 81
162, 17
162, 209
162, 146
162, 82
162, 18
162, 210
162, 147
162, 83
162, 19
162, 211
162, 148
162, 84
162, 20
162, 212
162, 149
162, 85
162, 21
162, 213
162, 150
162, 86
162, 22
162, 214
162, 151
162, 87
162, 23
162, 215
162, 152
162, 88
162, 24
162, 216
162, 153
162, 89
162, 25
162, 217
162, 154
162, 90
162, 26
162, 218
162, 155
162, 91
162, 27
162, 219
162, 156
162, 92
162, 28
162, 220
162, 157
162, 93
162, 29
162, 221
162, 158
162, 94
162, 30
162, 222
162, 159
162, 95
162, 31
162, 223
162, 160
162, 96
162, 32
162, 224
162, 161
162, 97
162, 33
162, 225
162, 162
162, 98
162, 34
162, 226
162, 99
162, 35
162, 227
162, 163
162, 100
162, 36
162, 228
162, 164
162, 101
162, 37
162, 229
162, 165
162, 102
162, 38
162, 230
162, 166
162, 103
162, 39
162, 231
162, 167
162, 104
162, 40
162, 232
162, 168
162, 105
162, 41
162, 233
162, 169
162, 106
162, 42
162, 234
162, 170
162, 107
162, 43
162, 235
162, 171
162, 108
162, 44
162, 236
162, 172
162, 109
162, 45
162, 237
162, 173
162, 110
162, 46
162, 238
162, 174
162, 111
162, 47
162, 239
162, 175
162, 112
162, 48
162, 240
162, 176
162, 113
162, 49
162, 241
162, 177
162, 114
162, 50
162, 242
162, 178
162, 115
162, 51
162, 243
162, 179
162, 116
162, 52
162, 244
162, 180
162, 117
162, 53
162, 245
162, 181
162, 118
162, 54
162, 246
162, 182
162, 119
162, 55
162, 247
162, 183
162, 120
162, 56
162, 248
162, 184
162, 121
162, 57
162, 249
162, 185
162, 122
162, 58
162, 250
162, 186
162, 123
162, 59
162, 187
162, 124
162, 60
162, 188
162, 125
162, 61
162, 189
162, 126
162, 62
162, 190
162, 127
162, 63
162, 191
98, 64
98, 192
98, 128
98, 65
98, 1
98, 193
98, 129
98, 66
98, 2
98, 194
98, 130
98, 67
98, 3
98, 195
98, 131
98, 68
98, 4
98, 196
98, 132
98, 69
98, 5
98, 197
98, 133
98, 70
98, 6
98, 198
98, 134
98, 71
98, 7
98, 199
98, 135
98, 72
98, 8
98, 200
98, 136
98, 73
98, 9
98, 201
98, 137
98, 74
98, 10
98, 202
98, 138
98, 75
98, 11
98, 203
98, 139
98, 76
98, 12
98, 204
98, 140
98, 77
98, 13
98, 205
98, 141
98, 78
98, 14
98, 206
98, 142
98, 79
98, 15
98, 207
98, 143
98, 80
98, 16
98, 208
98, 144
98, 81
98, 17
98, 209
98, 145
98, 82
98, 18
98, 210
98, 146
98, 83
98, 19
98, 211
98, 147
98, 84
98, 20
98, 212
98, 148
98, 85
98, 21
98, 213
98, 149
98, 86
98, 22
98, 214
98, 150
98, 87
98, 23
98, 215
98, 151
98, 88
98, 24
98, 216
98, 152
98, 89
98, 25
98, 217
98, 153
98, 90
98, 26
98, 218
98, 154
98, 91
98, 27
98, 219
98, 155
98, 92
98, 28
98, 220
98, 156
98, 93
98, 29
98, 221
98, 157
98, 94
98, 30
98, 222
98, 158
98, 95
98, 31
98, 223
98, 159
98, 96
98, 32
98, 224
98, 160
98, 97
98, 33
98, 225
98, 161
98, 98
98, 34
98, 226
98, 162
98, 35
98, 227
98, 163
98, 99
98, 36
98, 228
98, 164
98, 100
98, 37
98, 229
98, 165
98, 101
98, 38
98, 230
98, 166
98, 102
98, 39
98, 231
98, 167
98, 103
98, 40
98, 232
98, 168
98, 104
98, 41
98, 233
98, 169
98, 105
98, 42
98, 234
98, 170
98, 106
98, 43
98, 235
98, 171
98, 107
98, 44
98, 236
98, 172
98, 108
98, 45
98, 237
98, 173
98, 109
98, 46
98, 238
98, 174
98, 110
98, 47
98, 239
98, 175
98, 111
98, 48
98, 240
98, 176
98, 112
98, 49
98, 241
98, 177
98, 113
98, 50
98, 242
98, 178
98, 114
98, 51
98, 243
98, 179
98, 115
98, 52
98, 244
98, 180
98, 116
98, 53
98, 245
98, 181
98, 117
98, 54
98, 246
98, 182
98, 118
98, 55
98, 247
98, 183
98, 119
98, 56
98, 248
98, 184
98, 120
98, 57
98, 249
98, 185
98, 121
98, 58
98, 250
98, 186
98, 122
98, 59
98, 187
98, 123
98, 60
98, 188
98, 124
98, 61
98, 189
98, 125
98, 62
98, 190
98, 126
98, 63
98, 191
98, 127
34, 192
34, 128
34, 64
34, 1
34, 193
34, 129
34, 65
34, 2
34, 194
34, 130
34, 66
34, 3
34, 195
34, 131
34, 67
34, 4
34, 196
34, 132
34, 68
34, 5
34, 197
34, 133
34, 69
34, 6
34, 198
34, 134
34, 70
34, 7
34, 199
34, 135
34, 71
34, 8
34, 200
34, 136
34, 72
34, 9
34, 201
34, 137
34, 73
34, 10
34, 202
34, 138
34, 74
34, 11
34, 203
34, 139
34, 75
34, 12
34, 204
34, 140
34, 76
34, 13
34, 205
34, 141
34, 77
34, 14
34, 206
34, 142
34, 78
34, 15
34, 207
34, 143
34, 79
34, 16
34, 208
34, 144
34, 80
34, 17
34, 209
34, 145
34, 81
34, 18
34, 210
34, 146
34, 82
34, 19
34, 211
34, 147
34, 83
34, 20
34, 212
34, 148
34, 84
34, 21
34, 213
34, 149
34, 85
34, 22
34, 214
34, 150
34, 86
34, 23
34, 215
34, 151
34, 87
34, 24
34, 216
34, 152
34, 88
34, 25
34, 217
34, 153
34, 89
34, 26
34, 218
34, 154
34, 90
34, 27
34, 219
34, 155
34, 91
34, 28
34, 220
34, 156
34, 92
34, 29
34, 221
34, 157
34, 93
34, 30
34, 222
34, 158
34, 94
34, 31
34, 223
34, 159
34, 95
34, 32
34, 224
34, 160
34, 96
34, 33
34, 225
34, 161
34, 97
34, 34
34, 226
34, 162
34, 98
34, 227
34, 163
34, 99
34, 35
34, 228
34, 164
34, 100
34, 36
34, 229
34, 165
34, 101
34, 37
34, 230
34, 166
34, 102
34, 38
34, 231
34, 167
34, 103
34, 39
34, 232
34, 168
34, 104
34, 40
34, 233
34, 169
34, 105
34, 41
34, 234
34, 170
34, 106
34, 42
34, 235
34, 171
34, 107
34, 43
34, 236
34, 172
34, 108
34, 44
34, 237
34, 173
34, 109
34, 45
34, 238
34, 174
34, 110
34, 46
34, 239
34, 175
34, 111
34, 47
34, 240
34, 176
34, 112
34, 48
34, 241
34, 177
34, 113
34, 49
34, 242
34, 178
34, 114
34, 50
34, 243
34, 179
34, 115
34, 51
34, 244
34, 180
34, 116
34, 52
34, 245
34, 181
34, 117
34, 53
34, 246
34, 182
34, 118
34, 54
34, 247
34, 183
34, 119
34, 55
34, 248
34, 184
34, 120
34, 56
34, 249
34, 185
34, 121
34, 57
34, 250
34, 186
34, 122
34, 58
34, 187
34, 123
34, 59
34, 188
34, 124
34, 60
34, 189
34, 125
34, 61
34, 190
34, 126
34, 62
34, 191
34, 127
34, 63
227, 192
227, 128
227, 64
227, 193
227, 129
227, 65
227, 1
227, 194
227, 130
227, 66
227, 2
227, 195
227, 131
227, 67
227, 3
227, 196
227, 132
227, 68
227, 4
227, 197
227, 133
227, 69
227, 5
227, 198
227, 134
227, 70
227, 6
227, 199
227, 135
227, 71
227, 7
227, 200
227, 136
227, 72
227, 8
227, 201
227, 137
227, 73
227, 9
227, 202
227, 138
227, 74
227, 10
227, 203
227, 139
227, 75
227, 11
227, 204
227, 140
227, 76
227, 12
227, 205
227, 141
227, 77
227, 13
227, 206
227, 142
227, 78
227, 14
227, 207
227, 143
227, 79
227, 15
227, 208
227, 144
227, 80
227, 16
227, 209
227, 145
227, 81
227, 17
227, 210
227, 146
227, 82
227, 18
227, 211
227, 147
227, 83
227, 19
227, 212
227, 148
227, 84
227, 20
227, 213
227, 149
227, 85
227, 21
227, 214
227, 150
227, 86
227, 22
227, 215
227, 151
227, 87
227, 23
227, 216
227, 152
227, 88
227, 24
227, 217
227, 153
227, 89
227, 25
227, 218
227, 154
227, 90
227, 26
227, 219
227, 155
227, 91
227, 27
227, 220
227, 156
227, 92
227, 28
227, 221
227, 157
227, 93
227, 29
227, 222
227, 158
227, 94
227, 30
227, 223
227, 159
227, 95
227, 31
227, 224
227, 160
227, 96
227, 32
227, 225
227, 161
227, 97
227, 33
227, 226
227, 162
227, 98
227, 34
227, 227
227, 163
227, 99
227, 35
227, 164
227, 100
227, 36
227, 228
227, 165
227, 101
227, 37
227, 229
227, 166
227, 102
227, 38
227, 230
227, 167
227, 103
227, 39
227, 231
227, 168
227, 104
227, 40
227, 232
227, 169
227, 105
227, 41
227, 233
227, 170
227, 106
227, 42
227, 234
227, 171
227, 107
227, 43
227, 235
227, 172
227, 108
227, 44
227, 236
227, 173
227, 109
227, 45
227, 237
227, 174
227, 110
227, 46
227, 238
227, 175
227, 111
227, 47
227, 239
227, 176
227, 112
227, 48
227, 240
227, 177
227, 113
227, 49
227, 241
227, 178
227, 114
227, 50
227, 242
227, 179
227, 115
227, 51
227, 243
227, 180
227, 116
227, 52
227, 244
227, 181
227, 117
227, 53
227, 245
227, 182
227, 118
227, 54
227, 246
227, 183
227, 119
227, 55
227, 247
227, 184
227, 120
227, 56
227, 248
227, 185
227, 121
227, 57
227, 249
227, 186
227, 122
227, 58
227, 250
227, 187
227, 123
227, 59
227, 188
227, 124
227, 60
227, 189
227, 125
227, 61
227, 190
227, 126
227, 62
227, 191
227, 127
227, 63
163, 128
163, 64
163, 192
163, 129
163, 65
163, 1
163, 193
163, 130
163, 66
163, 2
163, 194
163, 131
163, 67
163, 3
163, 195
163, 132
163, 68
163, 4
163, 196
163, 133
163, 69
163, 5
163, 197
163, 134
163, 70
163, 6
163, 198
163, 135
163, 71
163, 7
163, 199
163, 136
163, 72
163, 8
163, 200
163, 137
163, 73
163, 9
163, 201
163, 138
163, 74
163, 10
163, 202
163, 139
163, 75
163, 11
163, 203
163, 140
163, 76
163, 12
163, 204
163, 141
163, 77
163, 13
163, 205
163, 142
163, 78
163, 14
163, 206
163, 143
163, 79
163, 15
163, 207
163, 144
163, 80
163, 16
163, 208
163, 145
163, 81
163, 17
163, 209
163, 146
163, 82
163, 18
163, 210
163, 147
163, 83
163, 19
163, 211
163, 148
163, 84
163, 20
163, 212
163, 149
163, 85
163, 21
163, 213
163, 150
163, 86
163, 22
163, 214
163, 151
163, 87
163, 23
163, 215
163, 152
163, 88
163, 24
163, 216
163, 153
163, 89
163, 25
163, 217
163, 154
163, 90
163, 26
163, 218
163, 155
163, 91
163, 27
163, 219
163, 156
163, 92
163, 28
163, 220
163, 157
163, 93
163, 29
163, 221
163, 158
163, 94
163, 30
163, 222
163, 159
163, 95
163, 31
163, 223
163, 160
163, 96
163, 32
163, 224
163, 161
163, 97
163, 33
163, 225
163, 162
163, 98
163, 34
163, 226
163, 163
163, 99
163, 35
163, 227
163, 100
163, 36
163, 228
163, 164
163, 101
163, 37
163, 229
163, 165
163, 102
163, 38
163, 230
163, 166
163, 103
163, 39
163, 231
163, 167
163, 104
163, 40
163, 232
163, 168
163, 105
163, 41
163, 233
163, 169
163, 106
163, 42
163, 234
163, 170
163, 107
163, 43
163, 235
163, 171
163, 108
163, 44
163, 236
163, 172
163, 109
163, 45
163, 237
163, 173
163, 110
163, 46
163, 238
163, 174
163, 111
163, 47
163, 239
163, 175
163, 112
163, 48
163, 240
163, 176
163, 113
163, 49
163, 241
163, 177
163, 114
163, 50
163, 242
163, 178
163, 115
163, 51
163, 243
163, 179
163, 116
163, 52
163, 244
163, 180
163, 117
163, 53
163, 245
163, 181
163, 118
163, 54
163, 246
163, 182
163, 119
163, 55
163, 247
163, 183
163, 120
163, 56
163, 248
163, 184
163, 121
163, 57
163, 249
163, 185
163, 122
163, 58
163, 250
163, 186
163, 123
163, 59
163, 187
163, 124
163, 60
163, 188
163, 125
163, 61
163, 189
163, 126
163, 62
163, 190
163, 127
163, 63
163, 191
99, 64
99, 192
99, 128
99, 65
99, 1
99, 193
99, 129
99, 66
99, 2
99, 194
99, 130
99, 67
99, 3
99, 195
99, 131
99, 68
99, 4
99, 196
99, 132
99, 69
99, 5
99, 197
99, 133
99, 70
99, 6
99, 198
99, 134
99, 71
99, 7
99, 199
99, 135
99, 72
99, 8
99, 200
99, 136
99, 73
99, 9
99, 201
99, 137
99, 74
99, 10
99, 202
99, 138
99, 75
99, 11
99, 203
99, 139
99, 76
99, 12
99, 204
99, 140
99, 77
99, 13
99, 205
99, 141
99, 78
99, 14
99, 206
99, 142
99, 79
99, 15
99, 207
99, 143
99, 80
99, 16
99, 208
99, 144
99, 81
99, 17
99, 209
99, 145
99, 82
99, 18
99, 210
99, 146
99, 83
99, 19
99, 211
99, 147
99, 84
99, 20
99, 212
99, 148
99, 85
99, 21
99, 213
99, 149
99, 86
99, 22
99, 214
99, 150
99, 87
99, 23
99, 215
99, 151
99, 88
99, 24
99, 216
99, 152
99, 89
99, 25
99, 217
99, 153
99, 90
99, 26
99, 218
99, 154
99, 91
99, 27
99, 219
99, 155
99, 92
99, 28
99, 220
99, 156
99, 93
99, 29
99, 221
99, 157
99, 94
99, 30
99, 222
99, 158
99, 95
99, 31
99, 223
99, 159
99, 96
99, 32
99, 224
99, 160
99, 97
99, 33
99, 225
99, 161
99, 98
99, 34
99, 226
99, 162
99, 99
99, 35
99, 227
99, 163
99, 36
99, 228
99, 164
99, 100
99, 37
99, 229
99, 165
99, 101
99, 38
99, 230
99, 166
99, 102
99, 39
99, 231
99, 167
99, 103
99, 40
99, 232
99, 168
99, 104
99, 41
99, 233
99, 169
99, 105
99, 42
99, 234
99, 170
99, 106
99, 43
99, 235
99, 171
99, 107
99, 44
99, 236
99, 172
99, 108
99, 45
99, 237
99, 173
99, 109
99, 46
99, 238
99, 174
99, 110
99, 47
99, 239
99, 175
99, 111
99, 48
99, 240
99, 176
99, 112
99, 49
99, 241
99, 177
99, 113
99, 50
99, 242
99, 178
99, 114
99, 51
99, 243
99, 179
99, 115
99, 52
99, 244
99, 180
99, 116
99, 53
99, 245
99, 181
99, 117
99, 54
99, 246
99, 182
99, 118
99, 55
99, 247
99, 183
99, 119
99, 56
99, 248
99, 184
99, 120
99, 57
99, 249
99, 185
99, 121
99, 58
99, 250
99, 186
99, 122
99, 59
99, 187
99, 123
99, 60
99, 188
99, 124
99, 61
99, 189
99, 125
99, 62
99, 190
99, 126
99, 63
99, 191
99, 127
35, 192
35, 128
35, 64
35, 1
35, 193
35, 129
35, 65
35, 2
35, 194
35, 130
35, 66
35, 3
35, 195
35, 131
35, 67
35, 4
35, 196
35, 132
35, 68
35, 5
35, 197
35, 133
35, 69
35, 6
35, 198
35, 134
35, 70
35, 7
35, 199
35, 135
35, 71
35, 8
35, 200
35, 136
35, 72
35, 9
35, 201
35, 137
35, 73
35, 10
35, 202
35, 138
35, 74
35, 11
35, 203
35, 139
35, 75
35, 12
35, 204
35, 140
35, 76
35, 13
35, 205
35, 141
35, 77
35, 14
35, 206
35, 142
35, 78
35, 15
35, 207
35, 143
35, 79
35, 16
35, 208
35, 144
35, 80
35, 17
35, 209
35, 145
35, 81
35, 18
35, 210
35, 146
35, 82
35, 19
35, 211
35, 147
35, 83
35, 20
35, 212
35, 148
35, 84
35, 21
35, 213
35, 149
35, 85
35, 22
35, 214
35, 150
35, 86
35, 23
35, 215
35, 151
35, 87
35, 24
35, 216
35, 152
35, 88
35, 25
35, 217
35, 153
35, 89
35, 26
35, 218
35, 154
35, 90
35, 27
35, 219
35, 155
35, 91
35, 28
35, 220
35, 156
35, 92
35, 29
35, 221
35, 157
35, 93
35, 30
35, 222
35, 158
35, 94
35, 31
35, 223
35, 159
35, 95
35, 32
35, 224
35, 160
35, 96
35, 33
35, 225
35, 161
35, 97
35, 34
35, 226
35, 162
35, 98
35, 35
35, 227
35, 163
35, 99
35, 228
35, 164
35, 100
35, 36
35, 229
35, 165
35, 101
35, 37
35, 230
35, 166
35, 102
35, 38
35, 231
35, 167
35, 103
35, 39
35, 232
35, 168
35, 104
35, 40
35, 233
35, 169
35, 105
35, 41
35, 234
35, 170
35, 106
35, 42
35, 235
35, 171
35, 107
35, 43
35, 236
35, 172
35, 108
35, 44
35, 237
35, 173
35, 109
35, 45
35, 238
35, 174
35, 110
35, 46
35, 239
35, 175
35, 111
35, 47
35, 240
35, 176
35, 112
35, 48
35, 241
35, 177
35, 113
35, 49
35, 242
35, 178
35, 114
35, 50
35, 243
35, 179
35, 115
35, 51
35, 244
35, 180
35, 116
35, 52
35, 245
35, 181
35, 117
35, 53
35, 246
35, 182
35, 118
35, 54
35, 247
35, 183
35, 119
35, 55
35, 248
35, 184
35, 120
35, 56
35, 249
35, 185
35, 121
35, 57
35, 250
35, 186
35, 122
35, 58
35, 187
35, 123
35, 59
35, 188
35, 124
35, 60
35, 189
35, 125
35, 61
35, 190
35, 126
35, 62
35, 191
35, 127
35, 63
228, 192
228, 128
228, 64
228, 193
228, 129
228, 65
228, 1
228, 194
228, 130
228, 66
228, 2
228, 195
228, 131
228, 67
228, 3
228, 196
228, 132
228, 68
228, 4
228, 197
228, 133
228, 69
228, 5
228, 198
228, 134
228, 70
228, 6
228, 199
228, 135
228, 71
228, 7
228, 200
228, 136
228, 72
228, 8
228, 201
228, 137
228, 73
228, 9
228, 202
228, 138
228, 74
228, 10
228, 203
228, 139
228, 75
228, 11
228, 204
228, 140
228, 76
228, 12
228, 205
228, 141
228, 77
228, 13
228, 206
228, 142
228, 78
228, 14
228, 207
228, 143
228, 79
228, 15
228, 208
228, 144
228, 80
228, 16
228, 209
228, 145
228, 81
228, 17
228, 210
228, 146
228, 82
228, 18
228, 211
228, 147
228, 83
228, 19
228, 212
228, 148
228, 84
228, 20
228, 213
228, 149
228, 85
228, 21
228, 214
228, 150
228, 86
228, 22
228, 215
228, 151
228, 87
228, 23
228, 216
228, 152
228, 88
228, 24
228, 217
228, 153
228, 89
228, 25
228, 218
228, 154
228, 90
228, 26
228, 219
228, 155
228, 91
228, 27
228, 220
228, 156
228, 92
228, 28
228, 221
228, 157
228, 93
228, 29
228, 222
228, 158
228, 94
228, 30
228, 223
228, 159
228, 95
228, 31
228, 224
228, 160
228, 96
228, 32
228, 225
228, 161
228, 97
228, 33
228, 226
228, 162
228, 98
228, 34
228, 227
228, 163
228, 99
228, 35
228, 228
228, 164
228, 100
228, 36
228, 165
228, 101
228, 37
228, 229
228, 166
228, 102
228, 38
228, 230
228, 167
228, 103
228, 39
228, 231
228, 168
228, 104
228, 40
228, 232
228, 169
228, 105
228, 41
228, 233
228, 170
228, 106
228, 42
228, 234
228, 171
228, 107
228, 43
228, 235
228, 172
228, 108
228, 44
228, 236
228, 173
228, 109
228, 45
228, 237
228, 174
228, 110
228, 46
228, 238
228, 175
228, 111
228, 47
228, 239
228, 176
228, 112
228, 48
228, 240
228, 177
228, 113
228, 49
228, 241
228, 178
228, 114
228, 50
228, 242
228, 179
228, 115
228, 51
228, 243
228, 180
228, 116
228, 52
228, 244
228, 181
228, 117
228, 53
228, 245
228, 182
228, 118
228, 54
228, 246
228, 183
228, 119
228, 55
228, 247
228, 184
228, 120
228, 56
228, 248
228, 185
228, 121
228, 57
228, 249
228, 186
228, 122
228, 58
228, 250
228, 187
228, 123
228, 59
228, 188
228, 124
228, 60
228, 189
228, 125
228, 61
228, 190
228, 126
228, 62
228, 191
228, 127
228, 63
164, 128
164, 64
164, 192
164, 129
164, 65
164, 1
164, 193
164, 130
164, 66
164, 2
164, 194
164, 131
164, 67
164, 3
164, 195
164, 132
164, 68
164, 4
164, 196
164, 133
164, 69
164, 5
164, 197
164, 134
164, 70
164, 6
164, 198
164, 135
164, 71
164, 7
164, 199
164, 136
164, 72
164, 8
164, 200
164, 137
164, 73
164, 9
164, 201
164, 138
164, 74
164, 10
164, 202
164, 139
164, 75
164, 11
164, 203
164, 140
164, 76
164, 12
164, 204
164, 141
164, 77
164, 13
164, 205
164, 142
164, 78
164, 14
164, 206
164, 143
164, 79
164, 15
164, 207
164, 144
164, 80
164, 16
164, 208
164, 145
164, 81
164, 17
164, 209
164, 146
164, 82
164, 18
164, 210
164, 147
164, 83
164, 19
164, 211
164, 148
164, 84
164, 20
164, 212
164, 149
164, 85
164, 21
164, 213
164, 150
164, 86
164, 22
164, 214
164, 151
164, 87
164, 23
164, 215
164, 152
164, 88
164, 24
164, 216
164, 153
164, 89
164, 25
164, 217
164, 154
164, 90
164, 26
164, 218
164, 155
164, 91
164, 27
164, 219
164, 156
164, 92
164, 28
164, 220
164, 157
164, 93
164, 29
164, 221
164, 158
164, 94
164, 30
164, 222
164, 159
164, 95
164, 31
164, 223
164, 160
164, 96
164, 32
164, 224
164, 161
164, 97
164, 33
164, 225
164, 162
164, 98
164, 34
164, 226
164, 163
164, 99
164, 35
164, 227
164, 164
164, 100
164, 36
164, 228
164, 101
164, 37
164, 229
164, 165
164, 102
164, 38
164, 230
164, 166
164, 103
164, 39
164, 231
164, 167
164, 104
164, 40
164, 232
164, 168
164, 105
164, 41
164, 233
164, 169
164, 106
164, 42
164, 234
164, 170
164, 107
164, 43
164, 235
164, 171
164, 108
164, 44
164, 236
164, 172
164, 109
164, 45
164, 237
164, 173
164, 110
164, 46
164, 238
164, 174
164, 111
164, 47
164, 239
164, 175
164, 112
164, 48
164, 240
164, 176
164, 113
164, 49
164, 241
164, 177
164, 114
164, 50
164, 242
164, 178
164, 115
164, 51
164, 243
164, 179
164, 116
164, 52
164, 244
164, 180
164, 117
164, 53
164, 245
164, 181
164, 118
164, 54
164, 246
164, 182
164, 119
164, 55
164, 247
164, 183
164, 120
164, 56
164, 248
164, 184
164, 121
164, 57
164, 249
164, 185
164, 122
164, 58
164, 250
164, 186
164, 123
164, 59
164, 187
164, 124
164, 60
164, 188
164, 125
164, 61
164, 189
164, 126
164, 62
164, 190
164, 127
164, 63
164, 191
100, 64
100, 192
100, 128
100, 65
100, 1
100, 193
100, 129
100, 66
100, 2
100, 194
100, 130
100, 67
100, 3
100, 195
100, 131
100, 68
100, 4
100, 196
100, 132
100, 69
100, 5
100, 197
100, 133
100, 70
100, 6
100, 198
100, 134
100, 71
100, 7
100, 199
100, 135
100, 72
100, 8
100, 200
100, 136
100, 73
100, 9
100, 201
100, 137
100, 74
100, 10
100, 202
100, 138
100, 75
100, 11
100, 203
100, 139
100, 76
100, 12
100, 204
100, 140
100, 77
100, 13
100, 205
100, 141
100, 78
100, 14
100, 206
100, 142
100, 79
100, 15
100, 207
100, 143
100, 80
100, 16
100, 208
100, 144
100, 81
100, 17
100, 209
100, 145
100, 82
100, 18
100, 210
100, 146
100, 83
100, 19
100, 211
100, 147
100, 84
100, 20
100, 212
100, 148
100, 85
100, 21
100, 213
100, 149
100, 86
100, 22
100, 214
100, 150
100, 87
100, 23
100, 215
100, 151
100, 88
100, 24
100, 216
100, 152
100, 89
100, 25
100, 217
100, 153
100, 90
100, 26
100, 218
100, 154
100, 91
100, 27
100, 219
100, 155
100, 92
100, 28
100, 220
100, 156
100, 93
100, 29
100, 221
100, 157
100, 94
100, 30
100, 222
100, 158
100, 95
100, 31
100, 223
100, 159
100, 96
100, 32
100, 224
100, 160
100, 97
100, 33
100, 225
100, 161
100, 98
100, 34
100, 226
100, 162
100, 99
100, 35
100, 227
100, 163
100, 100
100, 36
100, 228
100, 164
100, 37
100, 229
100, 165
100, 101
100, 38
100, 230
100, 166
100, 102
100, 39
100, 231
100, 167
100, 103
100, 40
100, 232
100, 168
100, 104
100, 41
100, 233
100, 169
100, 105
100, 42
100, 234
100, 170
100, 106
100, 43
100, 235
100, 171
100, 107
100, 44
100, 236
100, 172
100, 108
100, 45
100, 237
100, 173
100, 109
100, 46
100, 238
100, 174
100, 110
100, 47
100, 239
100, 175
100, 111
100, 48
100, 240
100, 176
100, 112
100, 49
100, 241
100, 177
100, 113
100, 50
100, 242
100, 178
100, 114
100, 51
100, 243
100, 179
100, 115
100, 52
100, 244
100, 180
100, 116
100, 53
100, 245
100, 181
100, 117
100, 54
100, 246
100, 182
100, 118
100, 55
100, 247
100, 183
100, 119
100, 56
100, 248
100, 184
100, 120
100, 57
100, 249
100, 185
100, 121
100, 58
100, 250
100, 186
100, 122
100, 59
100, 187
100, 123
100, 60
100, 188
100, 124
100, 61
100, 189
100, 125
100, 62
100, 190
100, 126
100, 63
100, 191
100, 127
36, 192
36, 128
36, 64
36, 1
36, 193
36, 129
36, 65
36, 2
36, 194
36, 130
36, 66
36, 3
36, 195
36, 131
36, 67
36, 4
36, 196
36, 132
36, 68
36, 5
36, 197
36, 133
36, 69
36, 6
36, 198
36, 134
36, 70
36, 7
36, 199
36, 135
36, 71
36, 8
36, 200
36, 136
36, 72
36, 9
36, 201
36, 137
36, 73
36, 10
36, 202
36, 138
36, 74
36, 11
36, 203
36, 139
36, 75
36, 12
36, 204
36, 140
36, 76
36, 13
36, 205
36, 141
36, 77
36, 14
36, 206
36, 142
36, 78
36, 15
36, 207
36, 143
36, 79
36, 16
36, 208
36, 144
36, 80
36, 17
36, 209
36, 145
36, 81
36, 18
36, 210
36, 146
36, 82
36, 19
36, 211
36, 147
36, 83
36, 20
36, 212
36, 148
36, 84
36, 21
36, 213
36, 149
36, 85
36, 22
36, 214
36, 150
36, 86
36, 23
36, 215
36, 151
36, 87
36, 24
36, 216
36, 152
36, 88
36, 25
36, 217
36, 153
36, 89
36, 26
36, 218
36, 154
36, 90
36, 27
36, 219
36, 155
36, 91
36, 28
36, 220
36, 156
36, 92
36, 29
36, 221
36, 157
36, 93
36, 30
36, 222
36, 158
36, 94
36, 31
36, 223
36, 159
36, 95
36, 32
36, 224
36, 160
36, 96
36, 33
36, 225
36, 161
36, 97
36, 34
36, 226
36, 162
36, 98
36, 35
36, 227
36, 163
36, 99
36, 36
36, 228
36, 164
36, 100
36, 229
36, 165
36, 101
36, 37
36, 230
36, 166
36, 102
36, 38
36, 231
36, 167
36, 103
36, 39
36, 232
36, 168
36, 104
36, 40
36, 233
36, 169
36, 105
36, 41
36, 234
36, 170
36, 106
36, 42
36, 235
36, 171
36, 107
36, 43
36, 236
36, 172
36, 108
36, 44
36, 237
36, 173
36, 109
36, 45
36, 238
36, 174
36, 110
36, 46
36, 239
36, 175
36, 111
36, 47
36, 240
36, 176
36, 112
36, 48
36, 241
36, 177
36, 113
36, 49
36, 242
36, 178
36, 114
36, 50
36, 243
36, 179
36, 115
36, 51
36, 244
36, 180
36, 116
36, 52
36, 245
36, 181
36, 117
36, 53
36, 246
36, 182
36, 118
36, 54
36, 247
36, 183
36, 119
36, 55
36, 248
36, 184
36, 120
36, 56
36, 249
36, 185
36, 121
36, 57
36, 250
36, 186
36, 122
36, 58
36, 187
36, 123
36, 59
36, 188
36, 124
36, 60
36, 189
36, 125
36, 61
36, 190
36, 126
36, 62
36, 191
36, 127
36, 63
229, 192
229, 128
229, 64
229, 193
229, 129
229, 65
229, 1
229, 194
229, 130
229, 66
229, 2
229, 195
229, 131
229, 67
229, 3
229, 196
229, 132
229, 68
229, 4
229, 197
229, 133
229, 69
229, 5
229, 198
229, 134
229, 70
229, 6
229, 199
229, 135
229, 71
229, 7
229, 200
229, 136
229, 72
229, 8
229, 201
229, 137
229, 73
229, 9
229, 202
229, 138
229, 74
229, 10
229, 203
229, 139
229, 75
229, 11
229, 204
229, 140
229, 76
229, 12
229, 205
229, 141
229, 77
229, 13
229, 206
229, 142
229, 78
229, 14
229, 207
229, 143
229, 79
229, 15
229, 208
229, 144
229, 80
229, 16
229, 209
229, 145
229, 81
229, 17
229, 210
229, 146
229, 82
229, 18
229, 211
229, 147
229, 83
229, 19
229, 212
229, 148
229, 84
229, 20
229, 213
229, 149
229, 85
229, 21
229, 214
229, 150
229, 86
229, 22
229, 215
229, 151
229, 87
229, 23
229, 216
229, 152
229, 88
229, 24
229, 217
229, 153
229, 89
229, 25
229, 218
229, 154
229, 90
229, 26
229, 219
229, 155
229, 91
229, 27
229, 220
229, 156
229, 92
229, 28
229, 221
229, 157
229, 93
229, 29
229, 222
229, 158
229, 94
229, 30
229, 223
229, 159
229, 95
229, 31
229, 224
229, 160
229, 96
229, 32
229, 225
229, 161
229, 97
229, 33
229, 226
229, 162
229, 98
229, 34
229, 227
229, 163
229, 99
229, 35
229, 228
229, 164
229, 100
229, 36
229, 229
229, 165
229, 101
229, 37
229, 166
229, 102
229, 38
229, 230
229, 167
229, 103
229, 39
229, 231
229, 168
229, 104
229, 40
229, 232
229, 169
229, 105
229, 41
229, 233
229, 170
229, 106
229, 42
229, 234
229, 171
229, 107
229, 43
229, 235
229, 172
229, 108
229, 44
229, 236
229, 173
229, 109
229, 45
229, 237
229, 174
229, 110
229, 46
229, 238
229, 175
229, 111
229, 47
229, 239
229, 176
229, 112
229, 48
229, 240
229, 177
229, 113
229, 49
229, 241
229, 178
229, 114
229, 50
229, 242
229, 179
229, 115
229, 51
229, 243
229, 180
229, 116
229, 52
229, 244
229, 181
229, 117
229, 53
229, 245
229, 182
229, 118
229, 54
229, 246
229, 183
229, 119
229, 55
229, 247
229, 184
229, 120
229, 56
229, 248
229, 185
229, 121
229, 57
229, 249
229, 186
229, 122
229, 58
229, 250
229, 187
229, 123
229, 59
229, 188
229, 124
229, 60
229, 189
229, 125
229, 61
229, 190
229, 126
229, 62
229, 191
229, 127
229, 63
165, 128
165, 64
165, 192
165, 129
165, 65
165, 1
165, 193
165, 130
165, 66
165, 2
165, 194
165, 131
165, 67
165, 3
165, 195
165, 132
165, 68
165, 4
165, 196
165, 133
165, 69
165, 5
165, 197
165, 134
165, 70
165, 6
165, 198
165, 135
165, 71
165, 7
165, 199
165, 136
165, 72
165, 8
165, 200
165, 137
165, 73
165, 9
165, 201
165, 138
165, 74
165, 10
165, 202
165, 139
165, 75
165, 11
165, 203
165, 140
165, 76
165, 12
165, 204
165, 141
165, 77
165, 13
165, 205
165, 142
165, 78
165, 14
165, 206
165, 143
165, 79
165, 15
165, 207
165, 144
165, 80
165, 16
165, 208
165, 145
165, 81
165, 17
165, 209
165, 146
165, 82
165, 18
165, 210
165, 147
165, 83
165, 19
165, 211
165, 148
165, 84
165, 20
165, 212
165, 149
165, 85
165, 21
165, 213
165, 150
165, 86
165, 22
165, 214
165, 151
165, 87
165, 23
165, 215
165, 152
165, 88
165, 24
165, 216
165, 153
165, 89
165, 25
165, 217
165, 154
165, 90
165, 26
165, 218
165, 155
165, 91
165, 27
165, 219
165, 156
165, 92
165, 28
165, 220
165, 157
165, 93
165, 29
165, 221
165, 158
165, 94
165, 30
165, 222
165, 159
165, 95
165, 31
165, 223
165, 160
165, 96
165, 32
165, 224
165, 161
165, 97
165, 33
165, 225
165, 162
165, 98
165, 34
165, 226
165, 163
165, 99
165, 35
165, 227
165, 164
165, 100
165, 36
165, 228
165, 165
165, 101
165, 37
165, 229
165, 102
165, 38
165, 230
165, 166
165, 103
165, 39
165, 231
165, 167
165, 104
165, 40
165, 232
165, 168
165, 105
165, 41
165, 233
165, 169
165, 106
165, 42
165, 234
165, 170
165, 107
165, 43
165, 235
165, 171
165, 108
165, 44
165, 236
165, 172
165, 109
165, 45
165, 237
165, 173
165, 110
165, 46
165, 238
165, 174
165, 111
165, 47
165, 239
165, 175
165, 112
165, 48
165, 240
165, 176
165, 113
165, 49
165, 241
165, 177
165, 114
165, 50
165, 242
165, 178
165, 115
165, 51
165, 243
165, 179
165, 116
165, 52
165, 244
165, 180
165, 117
165, 53
165, 245
165, 181
165, 118
165, 54
165, 246
165, 182
165, 119
165, 55
165, 247
165, 183
165, 120
165, 56
165, 248
165, 184
165, 121
165, 57
165, 249
165, 185
165, 122
165, 58
165, 250
165, 186
165, 123
165, 59
165, 187
165, 124
165, 60
165, 188
165, 125
165, 61
165, 189
165, 126
165, 62
165, 190
165, 127
165, 63
165, 191
101, 64
101, 192
101, 128
101, 65
101, 1
101, 193
101, 129
101, 66
101, 2
101, 194
101, 130
101, 67
101, 3
101, 195
101, 131
101, 68
101, 4
101, 196
101, 132
101, 69
101, 5
101, 197
101, 133
101, 70
101, 6
101, 198
101, 134
101, 71
101, 7
101, 199
101, 135
101, 72
101, 8
101, 200
101, 136
101, 73
101, 9
101, 201
101, 137
101, 74
101, 10
101, 202
101, 138
101, 75
101, 11
101, 203
101, 139
101, 76
101, 12
101, 204
101, 140
101, 77
101, 13
101, 205
101, 141
101, 78
101, 14
101, 206
101, 142
101, 79
101, 15
101, 207
101, 143
101, 80
101, 16
101, 208
101, 144
101, 81
101, 17
101, 209
101, 145
101, 82
101, 18
101, 210
101, 146
101, 83
101, 19
101, 211
101, 147
101, 84
101, 20
101, 212
101, 148
101, 85
101, 21
101, 213
101, 149
101, 86
101, 22
101, 214
101, 150
101, 87
101, 23
101, 215
101, 151
101, 88
101, 24
101, 216
101, 152
101, 89
101, 25
101, 217
101, 153
101, 90
101, 26
101, 218
101, 154
101, 91
101, 27
101, 219
101, 155
101, 92
101, 28
101, 220
101, 156
101, 93
101, 29
101, 221
101, 157
101, 94
101, 30
101, 222
101, 158
101, 95
101, 31
101, 223
101, 159
101, 96
101, 32
101, 224
101, 160
101, 97
101, 33
101, 225
101, 161
101, 98
101, 34
101, 226
101, 162
101, 99
101, 35
101, 227
101, 163
101, 100
101, 36
101, 228
101, 164
101, 101
101, 37
101, 229
101, 165
101, 38
101, 230
101, 166
101, 102
101, 39
101, 231
101, 167
101, 103
101, 40
101, 232
101, 168
101, 104
101, 41
101, 233
101, 169
101, 105
101, 42
101, 234
101, 170
101, 106
101, 43
101, 235
101, 171
101, 107
101, 44
101, 236
101, 172
101, 108
101, 45
101, 237
101, 173
101, 109
101, 46
101, 238
101, 174
101, 110
101, 47
101, 239
101, 175
101, 111
101, 48
101, 240
101, 176
101, 112
101, 49
101, 241
101, 177
101, 113
101, 50
101, 242
101, 178
101, 114
101, 51
101, 243
101, 179
101, 115
101, 52
101, 244
101, 180
101, 116
101, 53
101, 245
101, 181
101, 117
101, 54
101, 246
101, 182
101, 118
101, 55
101, 247
101, 183
101, 119
101, 56
101, 248
101, 184
101, 120
101, 57
101, 249
101, 185
101, 121
101, 58
101, 250
101, 186
101, 122
101, 59
101, 187
101, 123
101, 60
101, 188
101, 124
101, 61
101, 189
101, 125
101, 62
101, 190
101, 126
101, 63
101, 191
101, 127
37, 192
37, 128
37, 64
37, 1
37, 193
37, 129
37, 65
37, 2
37, 194
37, 130
37, 66
37, 3
37, 195
37, 131
37, 67
37, 4
37, 196
37, 132
37, 68
37, 5
37, 197
37, 133
37, 69
37, 6
37, 198
37, 134
37, 70
37, 7
37, 199
37, 135
37, 71
37, 8
37, 200
37, 136
37, 72
37, 9
37, 201
37, 137
37, 73
37, 10
37, 202
37, 138
37, 74
37, 11
37, 203
37, 139
37, 75
37, 12
37, 204
37, 140
37, 76
37, 13
37, 205
37, 141
37, 77
37, 14
37, 206
37, 142
37, 78
37, 15
37, 207
37, 143
37, 79
37, 16
37, 208
37, 144
37, 80
37, 17
37, 209
37, 145
37, 81
37, 18
37, 210
37, 146
37, 82
37, 19
37, 211
37, 147
37, 83
37, 20
37, 212
37, 148
37, 84
37, 21
37, 213
37, 149
37, 85
37, 22
37, 214
37, 150
37, 86
37, 23
37, 215
37, 151
37, 87
37, 24
37, 216
37, 152
37, 88
37, 25
37, 217
37, 153
37, 89
37, 26
37, 218
37, 154
37, 90
37, 27
37, 219
37, 155
37, 91
37, 28
37, 220
37, 156
37, 92
37, 29
37, 221
37, 157
37, 93
37, 30
37, 222
37, 158
37, 94
37, 31
37, 223
37, 159
37, 95
37, 32
37, 224
37, 160
37, 96
37, 33
37, 225
37, 161
37, 97
37, 34
37, 226
37, 162
37, 98
37, 35
37, 227
37, 163
37, 99
37, 36
37, 228
37, 164
37, 100
37, 37
37, 229
37, 165
37, 101
37, 230
37, 166
37, 102
37, 38
37, 231
37, 167
37, 103
37, 39
37, 232
37, 168
37, 104
37, 40
37, 233
37, 169
37, 105
37, 41
37, 234
37, 170
37, 106
37, 42
37, 235
37, 171
37, 107
37, 43
37, 236
37, 172
37, 108
37, 44
37, 237
37, 173
37, 109
37, 45
37, 238
37, 174
37, 110
37, 46
37, 239
37, 175
37, 111
37, 47
37, 240
37, 176
37, 112
37, 48
37, 241
37, 177
37, 113
37, 49
37, 242
37, 178
37, 114
37, 50
37, 243
37, 179
37, 115
37, 51
37, 244
37, 180
37, 116
37, 52
37, 245
37, 181
37, 117
37, 53
37, 246
37, 182
37, 118
37, 54
37, 247
37, 183
37, 119
37, 55
37, 248
37, 184
37, 120
37, 56
37, 249
37, 185
37, 121
37, 57
37, 250
37, 186
37, 122
37, 58
37, 187
37, 123
37, 59
37, 188
37, 124
37, 60
37, 189
37, 125
37, 61
37, 190
37, 126
37, 62
37, 191
37, 127
37, 63
230, 192
230, 128
230, 64
230, 193
230, 129
230, 65
230, 1
230, 194
230, 130
230, 66
230, 2
230, 195
230, 131
230, 67
230, 3
230, 196
230, 132
230, 68
230, 4
230, 197
230, 133
230, 69
230, 5
230, 198
230, 134
230, 70
230, 6
230, 199
230, 135
230, 71
230, 7
230, 200
230, 136
230, 72
230, 8
230, 201
230, 137
230, 73
230, 9
230, 202
230, 138
230, 74
230, 10
230, 203
230, 139
230, 75
230, 11
230, 204
230, 140
230, 76
230, 12
230, 205
230, 141
230, 77
230, 13
230, 206
230, 142
230, 78
230, 14
230, 207
230, 143
230, 79
230, 15
230, 208
230, 144
230, 80
230, 16
230, 209
230, 145
230, 81
230, 17
230, 210
230, 146
230, 82
230, 18
230, 211
230, 147
230, 83
230, 19
230, 212
230, 148
230, 84
230, 20
230, 213
230, 149
230, 85
230, 21
230, 214
230, 150
230, 86
230, 22
230, 215
230, 151
230, 87
230, 23
230, 216
230, 152
230, 88
230, 24
230, 217
230, 153
230, 89
230, 25
230, 218
230, 154
230, 90
230, 26
230, 219
230, 155
230, 91
230, 27
230, 220
230, 156
230, 92
230, 28
230, 221
230, 157
230, 93
230, 29
230, 222
230, 158
230, 94
230, 30
230, 223
230, 159
230, 95
230, 31
230, 224
230, 160
230, 96
230, 32
230, 225
230, 161
230, 97
230, 33
230, 226
230, 162
230, 98
230, 34
230, 227
230, 163
230, 99
230, 35
230, 228
230, 164
230, 100
230, 36
230, 229
230, 165
230, 101
230, 37
230, 230
230, 166
230, 102
230, 38
230, 167
230, 103
230, 39
230, 231
230, 168
230, 104
230, 40
230, 232
230, 169
230, 105
230, 41
230, 233
230, 170
230, 106
230, 42
230, 234
230, 171
230, 107
230, 43
230, 235
230, 172
230, 108
230, 44
230, 236
230, 173
230, 109
230, 45
230, 237
230, 174
230, 110
230, 46
230, 238
230, 175
230, 111
230, 47
230, 239
230, 176
230, 112
230, 48
230, 240
230, 177
230, 113
230, 49
230, 241
230, 178
230, 114
230, 50
230, 242
230, 179
230, 115
230, 51
230, 243
230, 180
230, 116
230, 52
230, 244
230, 181
230, 117
230, 53
230, 245
230, 182
230, 118
230, 54
230, 246
230, 183
230, 119
230, 55
230, 247
230, 184
230, 120
230, 56
230, 248
230, 185
230, 121
230, 57
230, 249
230, 186
230, 122
230, 58
230, 250
230, 187
230, 123
230, 59
230, 188
230, 124
230, 60
230, 189
230, 125
230, 61
230, 190
230, 126
230, 62
230, 191
230, 127
230, 63
166, 128
166, 64
166, 192
166, 129
166, 65
166, 1
166, 193
166, 130
166, 66
166, 2
166, 194
166, 131
166, 67
166, 3
166, 195
166, 132
166, 68
166, 4
166, 196
166, 133
166, 69
166, 5
166, 197
166, 134
166, 70
166, 6
166, 198
166, 135
166, 71
166, 7
166, 199
166, 136
166, 72
166, 8
166, 200
166, 137
166, 73
166, 9
166, 201
166, 138
166, 74
166, 10
166, 202
166, 139
166, 75
166, 11
166, 203
166, 140
166, 76
166, 12
166, 204
166, 141
166, 77
166, 13
166, 205
166, 142
166, 78
166, 14
166, 206
166, 143
166, 79
166, 15
166, 207
166, 144
166, 80
166, 16
166, 208
166, 145
166, 81
166, 17
166, 209
166, 146
166, 82
166, 18
166, 210
166, 147
166, 83
166, 19
166, 211
166, 148
166, 84
166, 20
166, 212
166, 149
166, 85
166, 21
166, 213
166, 150
166, 86
166, 22
166, 214
166, 151
166, 87
166, 23
166, 215
166, 152
166, 88
166, 24
166, 216
166, 153
166, 89
166, 25
166, 217
166, 154
166, 90
166, 26
166, 218
166, 155
166, 91
166, 27
166, 219
166, 156
166, 92
166, 28
166, 220
166, 157
166, 93
166, 29
166, 221
166, 158
166, 94
166, 30
166, 222
166, 159
166, 95
166, 31
166, 223
166, 160
166, 96
166, 32
166, 224
166, 161
166, 97
166, 33
166, 225
166, 162
166, 98
166, 34
166, 226
166, 163
166, 99
166, 35
166, 227
166, 164
166, 100
166, 36
166, 228
166, 165
166, 101
166, 37
166, 229
166, 166
166, 102
166, 38
166, 230
166, 103
166, 39
166, 231
166, 167
166, 104
166, 40
166, 232
166, 168
166, 105
166, 41
166, 233
166, 169
166, 106
166, 42
166, 234
166, 170
166, 107
166, 43
166, 235
166, 171
166, 108
166, 44
166, 236
166, 172
166, 109
166, 45
166, 237
166, 173
166, 110
166, 46
166, 238
166, 174
166, 111
166, 47
166, 239
166, 175
166, 112
166, 48
166, 240
166, 176
166, 113
166, 49
166, 241
166, 177
166, 114
166, 50
166, 242
166, 178
166, 115
166, 51
166, 243
166, 179
166, 116
166, 52
166, 244
166, 180
166, 117
166, 53
166, 245
166, 181
166, 118
166, 54
166, 246
166, 182
166, 119
166, 55
166, 247
166, 183
166, 120
166, 56
166, 248
166, 184
166, 121
166, 57
166, 249
166, 185
166, 122
166, 58
166, 250
166, 186
166, 123
166, 59
166, 187
166, 124
166, 60
166, 188
166, 125
166, 61
166, 189
166, 126
166, 62
166, 190
166, 127
166, 63
166, 191
102, 64
102, 192
102, 128
102, 65
102, 1
102, 193
102, 129
102, 66
102, 2
102, 194
102, 130
102, 67
102, 3
102, 195
102, 131
102, 68
102, 4
102, 196
102, 132
102, 69
102, 5
102, 197
102, 133
102, 70
102, 6
102, 198
102, 134
102, 71
102, 7
102, 199
102, 135
102, 72
102, 8
102, 200
102, 136
102, 73
102, 9
102, 201
102, 137
102, 74
102, 10
102, 202
102, 138
102, 75
102, 11
102, 203
102, 139
102, 76
102, 12
102, 204
102, 140
102, 77
102, 13
102, 205
102, 141
102, 78
102, 14
102, 206
102, 142
102, 79
102, 15
102, 207
102, 143
102, 80
102, 16
102, 208
102, 144
102, 81
102, 17
102, 209
102, 145
102, 82
102, 18
102, 210
102, 146
102, 83
102, 19
102, 211
102, 147
102, 84
102, 20
102, 212
102, 148
102, 85
102, 21
102, 213
102, 149
102, 86
102, 22
102, 214
102, 150
102, 87
102, 23
102, 215
102, 151
102, 88
102, 24
102, 216
102, 152
102, 89
102, 25
102, 217
102, 153
102, 90
102, 26
102, 218
102, 154
102, 91
102, 27
102, 219
102, 155
102, 92
102, 28
102, 220
102, 156
102, 93
102, 29
102, 221
102, 157
102, 94
102, 30
102, 222
102, 158
102, 95
102, 31
102, 223
102, 159
102, 96
102, 32
102, 224
102, 160
102, 97
102, 33
102, 225
102, 161
102, 98
102, 34
102, 226
102, 162
102, 99
102, 35
102, 227
102, 163
102, 100
102, 36
102, 228
102, 164
102, 101
102, 37
102, 229
102, 165
102, 102
102, 38
102, 230
102, 166
102, 39
102, 231
102, 167
102, 103
102, 40
102, 232
102, 168
102, 104
102, 41
102, 233
102, 169
102, 105
102, 42
102, 234
102, 170
102, 106
102, 43
102, 235
102, 171
102, 107
102, 44
102, 236
102, 172
102, 108
102, 45
102, 237
102, 173
102, 109
102, 46
102, 238
102, 174
102, 110
102, 47
102, 239
102, 175
102, 111
102, 48
102, 240
102, 176
102, 112
102, 49
102, 241
102, 177
102, 113
102, 50
102, 242
102, 178
102, 114
102, 51
102, 243
102, 179
102, 115
102, 52
102, 244
102, 180
102, 116
102, 53
102, 245
102, 181
102, 117
102, 54
102, 246
102, 182
102, 118
102, 55
102, 247
102, 183
102, 119
102, 56
102, 248
102, 184
102, 120
102, 57
102, 249
102, 185
102, 121
102, 58
102, 250
102, 186
102, 122
102, 59
102, 187
102, 123
102, 60
102, 188
102, 124
102, 61
102, 189
102, 125
102, 62
102, 190
102, 126
102, 63
102, 191
102, 127
38, 192
38, 128
38, 64
38, 1
38, 193
38, 129
38, 65
38, 2
38, 194
38, 130
38, 66
38, 3
38, 195
38, 131
38, 67
38, 4
38, 196
38, 132
38, 68
38, 5
38, 197
38, 133
38, 69
38, 6
38, 198
38, 134
38, 70
38, 7
38, 199
38, 135
38, 71
38, 8
38, 200
38, 136
38, 72
38, 9
38, 201
38, 137
38, 73
38, 10
38, 202
38, 138
38, 74
38, 11
38, 203
38, 139
38, 75
38, 12
38, 204
38, 140
38, 76
38, 13
38, 205
38, 141
38, 77
38, 14
38, 206
38, 142
38, 78
38, 15
38, 207
38, 143
38, 79
38, 16
38, 208
38, 144
38, 80
38, 17
38, 209
38, 145
38, 81
38, 18
38, 210
38, 146
38, 82
38, 19
38, 211
38, 147
38, 83
38, 20
38, 212
38, 148
38, 84
38, 21
38, 213
38, 149
38, 85
38, 22
38, 214
38, 150
38, 86
38, 23
38, 215
38, 151
38, 87
38, 24
38, 216
38, 152
38, 88
38, 25
38, 217
38, 153
38, 89
38, 26
38, 218
38, 154
38, 90
38, 27
38, 219
38, 155
38, 91
38, 28
38, 220
38, 156
38, 92
38, 29
38, 221
38, 157
38, 93
38, 30
38, 222
38, 158
38, 94
38, 31
38, 223
38, 159
38, 95
38, 32
38, 224
38, 160
38, 96
38, 33
38, 225
38, 161
38, 97
38, 34
38, 226
38, 162
38, 98
38, 35
38, 227
38, 163
38, 99
38, 36
38, 228
38, 164
38, 100
38, 37
38, 229
38, 165
38, 101
38, 38
38, 230
38, 166
38, 102
38, 231
38, 167
38, 103
38, 39
38, 232
38, 168
38, 104
38, 40
38, 233
38, 169
38, 105
38, 41
38, 234
38, 170
38, 106
38, 42
38, 235
38, 171
38, 107
38, 43
38, 236
38, 172
38, 108
38, 44
38, 237
38, 173
38, 109
38, 45
38, 238
38, 174
38, 110
38, 46
38, 239
38, 175
38, 111
38, 47
38, 240
38, 176
38, 112
38, 48
38, 241
38, 177
38, 113
38, 49
38, 242
38, 178
38, 114
38, 50
38, 243
38, 179
38, 115
38, 51
38, 244
38, 180
38, 116
38, 52
38, 245
38, 181
38, 117
38, 53
38, 246
38, 182
38, 118
38, 54
38, 247
38, 183
38, 119
38, 55
38, 248
38, 184
38, 120
38, 56
38, 249
38, 185
38, 121
38, 57
38, 250
38, 186
38, 122
38, 58
38, 187
38, 123
38, 59
38, 188
38, 124
38, 60
38, 189
38, 125
38, 61
38, 190
38, 126
38, 62
38, 191
38, 127
38, 63
231, 192
231, 128
231, 64
231, 193
231, 129
231, 65
231, 1
231, 194
231, 130
231, 66
231, 2
231, 195
231, 131
231, 67
231, 3
231, 196
231, 132
231, 68
231, 4
231, 197
231, 133
231, 69
231, 5
231, 198
231, 134
231, 70
231, 6
231, 199
231, 135
231, 71
231, 7
231, 200
231, 136
231, 72
231, 8
231, 201
231, 137
231, 73
231, 9
231, 202
231, 138
231, 74
231, 10
231, 203
231, 139
231, 75
231, 11
231, 204
231, 140
231, 76
231, 12
231, 205
231, 141
231, 77
231, 13
231, 206
231, 142
231, 78
231, 14
231, 207
231, 143
231, 79
231, 15
231, 208
231, 144
231, 80
231, 16
231, 209
231, 145
231, 81
231, 17
231, 210
231, 146
231, 82
231, 18
231, 211
231, 147
231, 83
231, 19
231, 212
231, 148
231, 84
231, 20
231, 213
231, 149
231, 85
231, 21
231, 214
231, 150
231, 86
231, 22
231, 215
231, 151
231, 87
231, 23
231, 216
231, 152
231, 88
231, 24
231, 217
231, 153
231, 89
231, 25
231, 218
231, 154
231, 90
231, 26
231, 219
231, 155
231, 91
231, 27
231, 220
231, 156
231, 92
231, 28
231, 221
231, 157
231, 93
231, 29
231, 222
231, 158
231, 94
231, 30
231, 223
231, 159
231, 95
231, 31
231, 224
231, 160
231, 96
231, 32
231, 225
231, 161
231, 97
231, 33
231, 226
231, 162
231, 98
231, 34
231, 227
231, 163
231, 99
231, 35
231, 228
231, 164
231, 100
231, 36
231, 229
231, 165
231, 101
231, 37
231, 230
231, 166
231, 102
231, 38
231, 231
231, 167
231, 103
231, 39
231, 168
231, 104
231, 40
231, 232
231, 169
231, 105
231, 41
231, 233
231, 170
231, 106
231, 42
231, 234
231, 171
231, 107
231, 43
231, 235
231, 172
231, 108
231, 44
231, 236
231, 173
231, 109
231, 45
231, 237
231, 174
231, 110
231, 46
231, 238
231, 175
231, 111
231, 47
231, 239
231, 176
231, 112
231, 48
231, 240
231, 177
231, 113
231, 49
231, 241
231, 178
231, 114
231, 50
231, 242
231, 179
231, 115
231, 51
231, 243
231, 180
231, 116
231, 52
231, 244
231, 181
231, 117
231, 53
231, 245
231, 182
231, 118
231, 54
231, 246
231, 183
231, 119
231, 55
231, 247
231, 184
231, 120
231, 56
231, 248
231, 185
231, 121
231, 57
231, 249
231, 186
231, 122
231, 58
231, 250
231, 187
231, 123
231, 59
231, 188
231, 124
231, 60
231, 189
231, 125
231, 61
231, 190
231, 126
231, 62
231, 191
231, 127
231, 63
167, 128
167, 64
167, 192
167, 129
167, 65
167, 1
167, 193
167, 130
167, 66
167, 2
167, 194
167, 131
167, 67
167, 3
167, 195
167, 132
167, 68
167, 4
167, 196
167, 133
167, 69
167, 5
167, 197
167, 134
167, 70
167, 6
167, 198
167, 135
167, 71
167, 7
167, 199
167, 136
167, 72
167, 8
167, 200
167, 137
167, 73
167, 9
167, 201
167, 138
167, 74
167, 10
167, 202
167, 139
167, 75
167, 11
167, 203
167, 140
167, 76
167, 12
167, 204
167, 141
167, 77
167, 13
167, 205
167, 142
167, 78
167, 14
167, 206
167, 143
167, 79
167, 15
167, 207
167, 144
167, 80
167, 16
167, 208
167, 145
167, 81
167, 17
167, 209
167, 146
167, 82
167, 18
167, 210
167, 147
167, 83
167, 19
167, 211
167, 148
167, 84
167, 20
167, 212
167, 149
167, 85
167, 21
167, 213
167, 150
167, 86
167, 22
167, 214
167, 151
167, 87
167, 23
167, 215
167, 152
167, 88
167, 24
167, 216
167, 153
167, 89
167, 25
167, 217
167, 154
167, 90
167, 26
167, 218
167, 155
167, 91
167, 27
167, 219
167, 156
167, 92
167, 28
167, 220
167, 157
167, 93
167, 29
167, 221
167, 158
167, 94
167, 30
167, 222
167, 159
167, 95
167, 31
167, 223
167, 160
167, 96
167, 32
167, 224
167, 161
167, 97
167, 33
167, 225
167, 162
167, 98
167, 34
167, 226
167, 163
167, 99
167, 35
167, 227
167, 164
167, 100
167, 36
167, 228
167, 165
167, 101
167, 37
167, 229
167, 166
167, 102
167, 38
167, 230
167, 167
167, 103
167, 39
167, 231
167, 104
167, 40
167, 232
167, 168
167, 105
167, 41
167, 233
167, 169
167, 106
167, 42
167, 234
167, 170
167, 107
167, 43
167, 235
167, 171
167, 108
167, 44
167, 236
167, 172
167, 109
167, 45
167, 237
167, 173
167, 110
167, 46
167, 238
167, 174
167, 111
167, 47
167, 239
167, 175
167, 112
167, 48
167, 240
167, 176
167, 113
167, 49
167, 241
167, 177
167, 114
167, 50
167, 242
167, 178
167, 115
167, 51
167, 243
167, 179
167, 116
167, 52
167, 244
167, 180
167, 117
167, 53
167, 245
167, 181
167, 118
167, 54
167, 246
167, 182
167, 119
167, 55
167, 247
167, 183
167, 120
167, 56
167, 248
167, 184
167, 121
167, 57
167, 249
167, 185
167, 122
167, 58
167, 250
167, 186
167, 123
167, 59
167, 187
167, 124
167, 60
167, 188
167, 125
167, 61
167, 189
167, 126
167, 62
167, 190
167, 127
167, 63
167, 191
103, 64
103, 192
103, 128
103, 65
103, 1
103, 193
103, 129
103, 66
103, 2
103, 194
103, 130
103, 67
103, 3
103, 195
103, 131
103, 68
103, 4
103, 196
103, 132
103, 69
103, 5
103, 197
103, 133
103, 70
103, 6
103, 198
103, 134
103, 71
103, 7
103, 199
103, 135
103, 72
103, 8
103, 200
103, 136
103, 73
103, 9
103, 201
103, 137
103, 74
103, 10
103, 202
103, 138
103, 75
103, 11
103, 203
103, 139
103, 76
103, 12
103, 204
103, 140
103, 77
103, 13
103, 205
103, 141
103, 78
103, 14
103, 206
103, 142
103, 79
103, 15
103, 207
103, 143
103, 80
103, 16
103, 208
103, 144
103, 81
103, 17
103, 209
103, 145
103, 82
103, 18
103, 210
103, 146
103, 83
103, 19
103, 211
103, 147
103, 84
103, 20
103, 212
103, 148
103, 85
103, 21
103, 213
103, 149
103, 86
103, 22
103, 214
103, 150
103, 87
103, 23
103, 215
103, 151
103, 88
103, 24
103, 216
103, 152
103, 89
103, 25
103, 217
103, 153
103, 90
103, 26
103, 218
103, 154
103, 91
103, 27
103, 219
103, 155
103, 92
103, 28
103, 220
103, 156
103, 93
103, 29
103, 221
103, 157
103, 94
103, 30
103, 222
103, 158
103, 95
103, 31
103, 223
103, 159
103, 96
103, 32
103, 224
103, 160
103, 97
103, 33
103, 225
103, 161
103, 98
103, 34
103, 226
103, 162
103, 99
103, 35
103, 227
103, 163
103, 100
103, 36
103, 228
103, 164
103, 101
103, 37
103, 229
103, 165
103, 102
103, 38
103, 230
103, 166
103, 103
103, 39
103, 231
103, 167
103, 40
103, 232
103, 168
103, 104
103, 41
103, 233
103, 169
103, 105
103, 42
103, 234
103, 170
103, 106
103, 43
103, 235
103, 171
103, 107
103, 44
103, 236
103, 172
103, 108
103, 45
103, 237
103, 173
103, 109
103, 46
103, 238
103, 174
103, 110
103, 47
103, 239
103, 175
103, 111
103, 48
103, 240
103, 176
103, 112
103, 49
103, 241
103, 177
103, 113
103, 50
103, 242
103, 178
103, 114
103, 51
103, 243
103, 179
103, 115
103, 52
103, 244
103, 180
103, 116
103, 53
103, 245
103, 181
103, 117
103, 54
103, 246
103, 182
103, 118
103, 55
103, 247
103, 183
103, 119
103, 56
103, 248
103, 184
103, 120
103, 57
103, 249
103, 185
103, 121
103, 58
103, 250
103, 186
103, 122
103, 59
103, 187
103, 123
103, 60
103, 188
103, 124
103, 61
103, 189
103, 125
103, 62
103, 190
103, 126
103, 63
103, 191
103, 127
39, 192
39, 128
39, 64
39, 1
39, 193
39, 129
39, 65
39, 2
39, 194
39, 130
39, 66
39, 3
39, 195
39, 131
39, 67
39, 4
39, 196
39, 132
39, 68
39, 5
39, 197
39, 133
39, 69
39, 6
39, 198
39, 134
39, 70
39, 7
39, 199
39, 135
39, 71
39, 8
39, 200
39, 136
39, 72
39, 9
39, 201
39, 137
39, 73
39, 10
39, 202
39, 138
39, 74
39, 11
39, 203
39, 139
39, 75
39, 12
39, 204
39, 140
39, 76
39, 13
39, 205
39, 141
39, 77
39, 14
39, 206
39, 142
39, 78
39, 15
39, 207
39, 143
39, 79
39, 16
39, 208
39, 144
39, 80
39, 17
39, 209
39, 145
39, 81
39, 18
39, 210
39, 146
39, 82
39, 19
39, 211
39, 147
39, 83
39, 20
39, 212
39, 148
39, 84
39, 21
39, 213
39, 149
39, 85
39, 22
39, 214
39, 150
39, 86
39, 23
39, 215
39, 151
39, 87
39, 24
39, 216
39, 152
39, 88
39, 25
39, 217
39, 153
39, 89
39, 26
39, 218
39, 154
39, 90
39, 27
39, 219
39, 155
39, 91
39, 28
39, 220
39, 156
39, 92
39, 29
39, 221
39, 157
39, 93
39, 30
39, 222
39, 158
39, 94
39, 31
39, 223
39, 159
39, 95
39, 32
39, 224
39, 160
39, 96
39, 33
39, 225
39, 161
39, 97
39, 34
39, 226
39, 162
39, 98
39, 35
39, 227
39, 163
39, 99
39, 36
39, 228
39, 164
39, 100
39, 37
39, 229
39, 165
39, 101
39, 38
39, 230
39, 166
39, 102
39, 39
39, 231
39, 167
39, 103
39, 232
39, 168
39, 104
39, 40
39, 233
39, 169
39, 105
39, 41
39, 234
39, 170
39, 106
39, 42
39, 235
39, 171
39, 107
39, 43
39, 236
39, 172
39, 108
39, 44
39, 237
39, 173
39, 109
39, 45
39, 238
39, 174
39, 110
39, 46
39, 239
39, 175
39, 111
39, 47
39, 240
39, 176
39, 112
39, 48
39, 241
39, 177
39, 113
39, 49
39, 242
39, 178
39, 114
39, 50
39, 243
39, 179
39, 115
39, 51
39, 244
39, 180
39, 116
39, 52
39, 245
39, 181
39, 117
39, 53
39, 246
39, 182
39, 118
39, 54
39, 247
39, 183
39, 119
39, 55
39, 248
39, 184
39, 120
39, 56
39, 249
39, 185
39, 121
39, 57
39, 250
39, 186
39, 122
39, 58
39, 187
39, 123
39, 59
39, 188
39, 124
39, 60
39, 189
39, 125
39, 61
39, 190
39, 126
39, 62
39, 191
39, 127
39, 63
232, 192
232, 128
232, 64
232, 193
232, 129
232, 65
232, 1
232, 194
232, 130
232, 66
232, 2
232, 195
232, 131
232, 67
232, 3
232, 196
232, 132
232, 68
232, 4
232, 197
232, 133
232, 69
232, 5
232, 198
232, 134
232, 70
232, 6
232, 199
232, 135
232, 71
232, 7
232, 200
232, 136
232, 72
232, 8
232, 201
232, 137
232, 73
232, 9
232, 202
232, 138
232, 74
232, 10
232, 203
232, 139
232, 75
232, 11
232, 204
232, 140
232, 76
232, 12
232, 205
232, 141
232, 77
232, 13
232, 206
232, 142
232, 78
232, 14
232, 207
232, 143
232, 79
232, 15
232, 208
232, 144
232, 80
232, 16
232, 209
232, 145
232, 81
232, 17
232, 210
232, 146
232, 82
232, 18
232, 211
232, 147
232, 83
232, 19
232, 212
232, 148
232, 84
232, 20
232, 213
232, 149
232, 85
232, 21
232, 214
232, 150
232, 86
232, 22
232, 215
232, 151
232, 87
232, 23
232, 216
232, 152
232, 88
232, 24
232, 217
232, 153
232, 89
232, 25
232, 218
232, 154
232, 90
232, 26
232, 219
232, 155
232, 91
232, 27
232, 220
232, 156
232, 92
232, 28
232, 221
232, 157
232, 93
232, 29
232, 222
232, 158
232, 94
232, 30
232, 223
232, 159
232, 95
232, 31
232, 224
232, 160
232, 96
232, 32
232, 225
232, 161
232, 97
232, 33
232, 226
232, 162
232, 98
232, 34
232, 227
232, 163
232, 99
232, 35
232, 228
232, 164
232, 100
232, 36
232, 229
232, 165
232, 101
232, 37
232, 230
232, 166
232, 102
232, 38
232, 231
232, 167
232, 103
232, 39
232, 232
232, 168
232, 104
232, 40
232, 169
232, 105
232, 41
232, 233
232, 170
232, 106
232, 42
232, 234
232, 171
232, 107
232, 43
232, 235
232, 172
232, 108
232, 44
232, 236
232, 173
232, 109
232, 45
232, 237
232, 174
232, 110
232, 46
232, 238
232, 175
232, 111
232, 47
232, 239
232, 176
232, 112
232, 48
232, 240
232, 177
232, 113
232, 49
232, 241
232, 178
232, 114
232, 50
232, 242
232, 179
232, 115
232, 51
232, 243
232, 180
232, 116
232, 52
232, 244
232, 181
232, 117
232, 53
232, 245
232, 182
232, 118
232, 54
232, 246
232, 183
232, 119
232, 55
232, 247
232, 184
232, 120
232, 56
232, 248
232, 185
232, 121
232, 57
232, 249
232, 186
232, 122
232, 58
232, 250
232, 187
232, 123
232, 59
232, 188
232, 124
232, 60
232, 189
232, 125
232, 61
232, 190
232, 126
232, 62
232, 191
232, 127
232, 63
168, 128
168, 64
168, 192
168, 129
168, 65
168, 1
168, 193
168, 130
168, 66
168, 2
168, 194
168, 131
168, 67
168, 3
168, 195
168, 132
168, 68
168, 4
168, 196
168, 133
168, 69
168, 5
168, 197
168, 134
168, 70
168, 6
168, 198
168, 135
168, 71
168, 7
168, 199
168, 136
168, 72
168, 8
168, 200
168, 137
168, 73
168, 9
168, 201
168, 138
168, 74
168, 10
168, 202
168, 139
168, 75
168, 11
168, 203
168, 140
168, 76
168, 12
168, 204
168, 141
168, 77
168, 13
168, 205
168, 142
168, 78
168, 14
168, 206
168, 143
168, 79
168, 15
168, 207
168, 144
168, 80
168, 16
168, 208
168, 145
168, 81
168, 17
168, 209
168, 146
168, 82
168, 18
168, 210
168, 147
168, 83
168, 19
168, 211
168, 148
168, 84
168, 20
168, 212
168, 149
168, 85
168, 21
168, 213
168, 150
168, 86
168, 22
168, 214
168, 151
168, 87
168, 23
168, 215
168, 152
168, 88
168, 24
168, 216
168, 153
168, 89
168, 25
168, 217
168, 154
168, 90
168, 26
168, 218
168, 155
168, 91
168, 27
168, 219
168, 156
168, 92
168, 28
168, 220
168, 157
168, 93
168, 29
168, 221
168, 158
168, 94
168, 30
168, 222
168, 159
168, 95
168, 31
168, 223
168, 160
168, 96
168, 32
168, 224
168, 161
168, 97
168, 33
168, 225
168, 162
168, 98
168, 34
168, 226
168, 163
168, 99
168, 35
168, 227
168, 164
168, 100
168, 36
168, 228
168, 165
168, 101
168, 37
168, 229
168, 166
168, 102
168, 38
168, 230
168, 167
168, 103
168, 39
168, 231
168, 168
168, 104
168, 40
168, 232
168, 105
168, 41
168, 233
168, 169
168, 106
168, 42
168, 234
168, 170
168, 107
168, 43
168, 235
168, 171
168, 108
168, 44
168, 236
168, 172
168, 109
168, 45
168, 237
168, 173
168, 110
168, 46
168, 238
168, 174
168, 111
168, 47
168, 239
168, 175
168, 112
168, 48
168, 240
168, 176
168, 113
168, 49
168, 241
168, 177
168, 114
168, 50
168, 242
168, 178
168, 115
168, 51
168, 243
168, 179
168, 116
168, 52
168, 244
168, 180
168, 117
168, 53
168, 245
168, 181
168, 118
168, 54
168, 246
168, 182
168, 119
168, 55
168, 247
168, 183
168, 120
168, 56
168, 248
168, 184
168, 121
168, 57
168, 249
168, 185
168, 122
168, 58
168, 250
168, 186
168, 123
168, 59
168, 187
168, 124
168, 60
168, 188
168, 125
168, 61
168, 189
168, 126
168, 62
168, 190
168, 127
168, 63
168, 191
104, 64
104, 192
104, 128
104, 65
104, 1
104, 193
104, 129
104, 66
104, 2
104, 194
104, 130
104, 67
104, 3
104, 195
104, 131
104, 68
104, 4
104, 196
104, 132
104, 69
104, 5
104, 197
104, 133
104, 70
104, 6
104, 198
104, 134
104, 71
104, 7
104, 199
104, 135
104, 72
104, 8
104, 200
104, 136
104, 73
104, 9
104, 201
104, 137
104, 74
104, 10
104, 202
104, 138
104, 75
104, 11
104, 203
104, 139
104, 76
104, 12
104, 204
104, 140
104, 77
104, 13
104, 205
104, 141
104, 78
104, 14
104, 206
104, 142
104, 79
104, 15
104, 207
104, 143
104, 80
104, 16
104, 208
104, 144
104, 81
104, 17
104, 209
104, 145
104, 82
104, 18
104, 210
104, 146
104, 83
104, 19
104, 211
104, 147
104, 84
104, 20
104, 212
104, 148
104, 85
104, 21
104, 213
104, 149
104, 86
104, 22
104, 214
104, 150
104, 87
104, 23
104, 215
104, 151
104, 88
104, 24
104, 216
104, 152
104, 89
104, 25
104, 217
104, 153
104, 90
104, 26
104, 218
104, 154
104, 91
104, 27
104, 219
104, 155
104, 92
104, 28
104, 220
104, 156
104, 93
104, 29
104, 221
104, 157
104, 94
104, 30
104, 222
104, 158
104, 95
104, 31
104, 223
104, 159
104, 96
104, 32
104, 224
104, 160
104, 97
104, 33
104, 225
104, 161
104, 98
104, 34
104, 226
104, 162
104, 99
104, 35
104, 227
104, 163
104, 100
104, 36
104, 228
104, 164
104, 101
104, 37
104, 229
104, 165
104, 102
104, 38
104, 230
104, 166
104, 103
104, 39
104, 231
104, 167
104, 104
104, 40
104, 232
104, 168
104, 41
104, 233
104, 169
104, 105
104, 42
104, 234
104, 170
104, 106
104, 43
104, 235
104, 171
104, 107
104, 44
104, 236
104, 172
104, 108
104, 45
104, 237
104, 173
104, 109
104, 46
104, 238
104, 174
104, 110
104, 47
104, 239
104, 175
104, 111
104, 48
104, 240
104, 176
104, 112
104, 49
104, 241
104, 177
104, 113
104, 50
104, 242
104, 178
104, 114
104, 51
104, 243
104, 179
104, 115
104, 52
104, 244
104, 180
104, 116
104, 53
104, 245
104, 181
104, 117
104, 54
104, 246
104, 182
104, 118
104, 55
104, 247
104, 183
104, 119
104, 56
104, 248
104, 184
104, 120
104, 57
104, 249
104, 185
104, 121
104, 58
104, 250
104, 186
104, 122
104, 59
104, 187
104, 123
104, 60
104, 188
104, 124
104, 61
104, 189
104, 125
104, 62
104, 190
104, 126
104, 63
104, 191
104, 127
40, 192
40, 128
40, 64
40, 1
40, 193
40, 129
40, 65
40, 2
40, 194
40, 130
40, 66
40, 3
40, 195
40, 131
40, 67
40, 4
40, 196
40, 132
40, 68
40, 5
40, 197
40, 133
40, 69
40, 6
40, 198
40, 134
40, 70
40, 7
40, 199
40, 135
40, 71
40, 8
40, 200
40, 136
40, 72
40, 9
40, 201
40, 137
40, 73
40, 10
40, 202
40, 138
40, 74
40, 11
40, 203
40, 139
40, 75
40, 12
40, 204
40, 140
40, 76
40, 13
40, 205
40, 141
40, 77
40, 14
40, 206
40, 142
40, 78
40, 15
40, 207
40, 143
40, 79
40, 16
40, 208
40, 144
40, 80
40, 17
40, 209
40, 145
40, 81
40, 18
40, 210
40, 146
40, 82
40, 19
40, 211
40, 147
40, 83
40, 20
40, 212
40, 148
40, 84
40, 21
40, 213
40, 149
40, 85
40, 22
40, 214
40, 150
40, 86
40, 23
40, 215
40, 151
40, 87
40, 24
40, 216
40, 152
40, 88
40, 25
40, 217
40, 153
40, 89
40, 26
40, 218
40, 154
40, 90
40, 27
40, 219
40, 155
40, 91
40, 28
40, 220
40, 156
40, 92
40, 29
40, 221
40, 157
40, 93
40, 30
40, 222
40, 158
40, 94
40, 31
40, 223
40, 159
40, 95
40, 32
40, 224
40, 160
40, 96
40, 33
40, 225
40, 161
40, 97
40, 34
40, 226
40, 162
40, 98
40, 35
40, 227
40, 163
40, 99
40, 36
40, 228
40, 164
40, 100
40, 37
40, 229
40, 165
40, 101
40, 38
40, 230
40, 166
40, 102
40, 39
40, 231
40, 167
40, 103
40, 40
40, 232
40, 168
40, 104
40, 233
40, 169
40, 105
40, 41
40, 234
40, 170
40, 106
40, 42
40, 235
40, 171
40, 107
40, 43
40, 236
40, 172
40, 108
40, 44
40, 237
40, 173
40, 109
40, 45
40, 238
40, 174
40, 110
40, 46
40, 239
40, 175
40, 111
40, 47
40, 240
40, 176
40, 112
40, 48
40, 241
40, 177
40, 113
40, 49
40, 242
40, 178
40, 114
40, 50
40, 243
40, 179
40, 115
40, 51
40, 244
40, 180
40, 116
40, 52
40, 245
40, 181
40, 117
40, 53
40, 246
40, 182
40, 118
40, 54
40, 247
40, 183
40, 119
40, 55
40, 248
40, 184
40, 120
40, 56
40, 249
40, 185
40, 121
40, 57
40, 250
40, 186
40, 122
40, 58
40, 187
40, 123
40, 59
40, 188
40, 124
40, 60
40, 189
40, 125
40, 61
40, 190
40, 126
40, 62
40, 191
40, 127
40, 63
233, 192
233, 128
233, 64
233, 193
233, 129
233, 65
233, 1
233, 194
233, 130
233, 66
233, 2
233, 195
233, 131
233, 67
233, 3
233, 196
233, 132
233, 68
233, 4
233, 197
233, 133
233, 69
233, 5
233, 198
233, 134
233, 70
233, 6
233, 199
233, 135
233, 71
233, 7
233, 200
233, 136
233, 72
233, 8
233, 201
233, 137
233, 73
233, 9
233, 202
233, 138
233, 74
233, 10
233, 203
233, 139
233, 75
233, 11
233, 204
233, 140
233, 76
233, 12
233, 205
233, 141
233, 77
233, 13
233, 206
233, 142
233, 78
233, 14
233, 207
233, 143
233, 79
233, 15
233, 208
233, 144
233, 80
233, 16
233, 209
233, 145
233, 81
233, 17
233, 210
233, 146
233, 82
233, 18
233, 211
233, 147
233, 83
233, 19
233, 212
233, 148
233, 84
233, 20
233, 213
233, 149
233, 85
233, 21
233, 214
233, 150
233, 86
233, 22
233, 215
233, 151
233, 87
233, 23
233, 216
233, 152
233, 88
233, 24
233, 217
233, 153
233, 89
233, 25
233, 218
233, 154
233, 90
233, 26
233, 219
233, 155
233, 91
233, 27
233, 220
233, 156
233, 92
233, 28
233, 221
233, 157
233, 93
233, 29
233, 222
233, 158
233, 94
233, 30
233, 223
233, 159
233, 95
233, 31
233, 224
233, 160
233, 96
233, 32
233, 225
233, 161
233, 97
233, 33
233, 226
233, 162
233, 98
233, 34
233, 227
233, 163
233, 99
233, 35
233, 228
233, 164
233, 100
233, 36
233, 229
233, 165
233, 101
233, 37
233, 230
233, 166
233, 102
233, 38
233, 231
233, 167
233, 103
233, 39
233, 232
233, 168
233, 104
233, 40
233, 233
233, 169
233, 105
233, 41
233, 170
233, 106
233, 42
233, 234
233, 171
233, 107
233, 43
233, 235
233, 172
233, 108
233, 44
233, 236
233, 173
233, 109
233, 45
233, 237
233, 174
233, 110
233, 46
233, 238
233, 175
233, 111
233, 47
233, 239
233, 176
233, 112
233, 48
233, 240
233, 177
233, 113
233, 49
233, 241
233, 178
233, 114
233, 50
233, 242
233, 179
233, 115
233, 51
233, 243
233, 180
233, 116
233, 52
233, 244
233, 181
233, 117
233, 53
233, 245
233, 182
233, 118
233, 54
233, 246
233, 183
233, 119
233, 55
233, 247
233, 184
233, 120
233, 56
233, 248
233, 185
233, 121
233, 57
233, 249
233, 186
233, 122
233, 58
233, 250
233, 187
233, 123
233, 59
233, 188
233, 124
233, 60
233, 189
233, 125
233, 61
233, 190
233, 126
233, 62
233, 191
233, 127
233, 63
169, 128
169, 64
169, 192
169, 129
169, 65
169, 1
169, 193
169, 130
169, 66
169, 2
169, 194
169, 131
169, 67
169, 3
169, 195
169, 132
169, 68
169, 4
169, 196
169, 133
169, 69
169, 5
169, 197
169, 134
169, 70
169, 6
169, 198
169, 135
169, 71
169, 7
169, 199
169, 136
169, 72
169, 8
169, 200
169, 137
169, 73
169, 9
169, 201
169, 138
169, 74
169, 10
169, 202
169, 139
169, 75
169, 11
169, 203
169, 140
169, 76
169, 12
169, 204
169, 141
169, 77
169, 13
169, 205
169, 142
169, 78
169, 14
169, 206
169, 143
169, 79
169, 15
169, 207
169, 144
169, 80
169, 16
169, 208
169, 145
169, 81
169, 17
169, 209
169, 146
169, 82
169, 18
169, 210
169, 147
169, 83
169, 19
169, 211
169, 148
169, 84
169, 20
169, 212
169, 149
169, 85
169, 21
169, 213
169, 150
169, 86
169, 22
169, 214
169, 151
169, 87
169, 23
169, 215
169, 152
169, 88
169, 24
169, 216
169, 153
169, 89
169, 25
169, 217
169, 154
169, 90
169, 26
169, 218
169, 155
169, 91
169, 27
169, 219
169, 156
169, 92
169, 28
169, 220
169, 157
169, 93
169, 29
169, 221
169, 158
169, 94
169, 30
169, 222
169, 159
169, 95
169, 31
169, 223
169, 160
169, 96
169, 32
169, 224
169, 161
169, 97
169, 33
169, 225
169, 162
169, 98
169, 34
169, 226
169, 163
169, 99
169, 35
169, 227
169, 164
169, 100
169, 36
169, 228
169, 165
169, 101
169, 37
169, 229
169, 166
169, 102
169, 38
169, 230
169, 167
169, 103
169, 39
169, 231
169, 168
169, 104
169, 40
169, 232
169, 169
169, 105
169, 41
169, 233
169, 106
169, 42
169, 234
169, 170
169, 107
169, 43
169, 235
169, 171
169, 108
169, 44
169, 236
169, 172
169, 109
169, 45
169, 237
169, 173
169, 110
169, 46
169, 238
169, 174
169, 111
169, 47
169, 239
169, 175
169, 112
169, 48
169, 240
169, 176
169, 113
169, 49
169, 241
169, 177
169, 114
169, 50
169, 242
169, 178
169, 115
169, 51
169, 243
169, 179
169, 116
169, 52
169, 244
169, 180
169, 117
169, 53
169, 245
169, 181
169, 118
169, 54
169, 246
169, 182
169, 119
169, 55
169, 247
169, 183
169, 120
169, 56
169, 248
169, 184
169, 121
169, 57
169, 249
169, 185
169, 122
169, 58
169, 250
169, 186
169, 123
169, 59
169, 187
169, 124
169, 60
169, 188
169, 125
169, 61
169, 189
169, 126
169, 62
169, 190
169, 127
169, 63
169, 191
105, 64
105, 192
105, 128
105, 65
105, 1
105, 193
105, 129
105, 66
105, 2
105, 194
105, 130
105, 67
105, 3
105, 195
105, 131
105, 68
105, 4
105, 196
105, 132
105, 69
105, 5
105, 197
105, 133
105, 70
105, 6
105, 198
105, 134
105, 71
105, 7
105, 199
105, 135
105, 72
105, 8
105, 200
105, 136
105, 73
105, 9
105, 201
105, 137
105, 74
105, 10
105, 202
105, 138
105, 75
105, 11
105, 203
105, 139
105, 76
105, 12
105, 204
105, 140
105, 77
105, 13
105, 205
105, 141
105, 78
105, 14
105, 206
105, 142
105, 79
105, 15
105, 207
105, 143
105, 80
105, 16
105, 208
105, 144
105, 81
105, 17
105, 209
105, 145
105, 82
105, 18
105, 210
105, 146
105, 83
105, 19
105, 211
105, 147
105, 84
105, 20
105, 212
105, 148
105, 85
105, 21
105, 213
105, 149
105, 86
105, 22
105, 214
105, 150
105, 87
105, 23
105, 215
105, 151
105, 88
105, 24
105, 216
105, 152
105, 89
105, 25
105, 217
105, 153
105, 90
105, 26
105, 218
105, 154
105, 91
105, 27
105, 219
105, 155
105, 92
105, 28
105, 220
105, 156
105, 93
105, 29
105, 221
105, 157
105, 94
105, 30
105, 222
105, 158
105, 95
105, 31
105, 223
105, 159
105, 96
105, 32
105, 224
105, 160
105, 97
105, 33
105, 225
105, 161
105, 98
105, 34
105, 226
105, 162
105, 99
105, 35
105, 227
105, 163
105, 100
105, 36
105, 228
105, 164
105, 101
105, 37
105, 229
105, 165
105, 102
105, 38
105, 230
105, 166
105, 103
105, 39
105, 231
105, 167
105, 104
105, 40
105, 232
105, 168
105, 105
105, 41
105, 233
105, 169
105, 42
105, 234
105, 170
105, 106
105, 43
105, 235
105, 171
105, 107
105, 44
105, 236
105, 172
105, 108
105, 45
105, 237
105, 173
105, 109
105, 46
105, 238
105, 174
105, 110
105, 47
105, 239
105, 175
105, 111
105, 48
105, 240
105, 176
105, 112
105, 49
105, 241
105, 177
105, 113
105, 50
105, 242
105, 178
105, 114
105, 51
105, 243
105, 179
105, 115
105, 52
105, 244
105, 180
105, 116
105, 53
105, 245
105, 181
105, 117
105, 54
105, 246
105, 182
105, 118
105, 55
105, 247
105, 183
105, 119
105, 56
105, 248
105, 184
105, 120
105, 57
105, 249
105, 185
105, 121
105, 58
105, 250
105, 186
105, 122
105, 59
105, 187
105, 123
105, 60
105, 188
105, 124
105, 61
105, 189
105, 125
105, 62
105, 190
105, 126
105, 63
105, 191
105, 127
41, 192
41, 128
41, 64
41, 1
41, 193
41, 129
41, 65
41, 2
41, 194
41, 130
41, 66
41, 3
41, 195
41, 131
41, 67
41, 4
41, 196
41, 132
41, 68
41, 5
41, 197
41, 133
41, 69
41, 6
41, 198
41, 134
41, 70
41, 7
41, 199
41, 135
41, 71
41, 8
41, 200
41, 136
41, 72
41, 9
41, 201
41, 137
41, 73
41, 10
41, 202
41, 138
41, 74
41, 11
41, 203
41, 139
41, 75
41, 12
41, 204
41, 140
41, 76
41, 13
41, 205
41, 141
41, 77
41, 14
41, 206
41, 142
41, 78
41, 15
41, 207
41, 143
41, 79
41, 16
41, 208
41, 144
41, 80
41, 17
41, 209
41, 145
41, 81
41, 18
41, 210
41, 146
41, 82
41, 19
41, 211
41, 147
41, 83
41, 20
41, 212
41, 148
41, 84
41, 21
41, 213
41, 149
41, 85
41, 22
41, 214
41, 150
41, 86
41, 23
41, 215
41, 151
41, 87
41, 24
41, 216
41, 152
41, 88
41, 25
41, 217
41, 153
41, 89
41, 26
41, 218
41, 154
41, 90
41, 27
41, 219
41, 155
41, 91
41, 28
41, 220
41, 156
41, 92
41, 29
41, 221
41, 157
41, 93
41, 30
41, 222
41, 158
41, 94
41, 31
41, 223
41, 159
41, 95
41, 32
41, 224
41, 160
41, 96
41, 33
41, 225
41, 161
41, 97
41, 34
41, 226
41, 162
41, 98
41, 35
41, 227
41, 163
41, 99
41, 36
41, 228
41, 164
41, 100
41, 37
41, 229
41, 165
41, 101
41, 38
41, 230
41, 166
41, 102
41, 39
41, 231
41, 167
41, 103
41, 40
41, 232
41, 168
41, 104
41, 41
41, 233
41, 169
41, 105
41, 234
41, 170
41, 106
41, 42
41, 235
41, 171
41, 107
41, 43
41, 236
41, 172
41, 108
41, 44
41, 237
41, 173
41, 109
41, 45
41, 238
41, 174
41, 110
41, 46
41, 239
41, 175
41, 111
41, 47
41, 240
41, 176
41, 112
41, 48
41, 241
41, 177
41, 113
41, 49
41, 242
41, 178
41, 114
41, 50
41, 243
41, 179
41, 115
41, 51
41, 244
41, 180
41, 116
41, 52
41, 245
41, 181
41, 117
41, 53
41, 246
41, 182
41, 118
41, 54
41, 247
41, 183
41, 119
41, 55
41, 248
41, 184
41, 120
41, 56
41, 249
41, 185
41, 121
41, 57
41, 250
41, 186
41, 122
41, 58
41, 187
41, 123
41, 59
41, 188
41, 124
41, 60
41, 189
41, 125
41, 61
41, 190
41, 126
41, 62
41, 191
41, 127
41, 63
234, 192
234, 128
234, 64
234, 193
234, 129
234, 65
234, 1
234, 194
234, 130
234, 66
234, 2
234, 195
234, 131
234, 67
234, 3
234, 196
234, 132
234, 68
234, 4
234, 197
234, 133
234, 69
234, 5
234, 198
234, 134
234, 70
234, 6
234, 199
234, 135
234, 71
234, 7
234, 200
234, 136
234, 72
234, 8
234, 201
234, 137
234, 73
234, 9
234, 202
234, 138
234, 74
234, 10
234, 203
234, 139
234, 75
234, 11
234, 204
234, 140
234, 76
234, 12
234, 205
234, 141
234, 77
234, 13
234, 206
234, 142
234, 78
234, 14
234, 207
234, 143
234, 79
234, 15
234, 208
234, 144
234, 80
234, 16
234, 209
234, 145
234, 81
234, 17
234, 210
234, 146
234, 82
234, 18
234, 211
234, 147
234, 83
234, 19
234, 212
234, 148
234, 84
234, 20
234, 213
234, 149
234, 85
234, 21
234, 214
234, 150
234, 86
234, 22
234, 215
234, 151
234, 87
234, 23
234, 216
234, 152
234, 88
234, 24
234, 217
234, 153
234, 89
234, 25
234, 218
234, 154
234, 90
234, 26
234, 219
234, 155
234, 91
234, 27
234, 220
234, 156
234, 92
234, 28
234, 221
234, 157
234, 93
234, 29
234, 222
234, 158
234, 94
234, 30
234, 223
234, 159
234, 95
234, 31
234, 224
234, 160
234, 96
234, 32
234, 225
234, 161
234, 97
234, 33
234, 226
234, 162
234, 98
234, 34
234, 227
234, 163
234, 99
234, 35
234, 228
234, 164
234, 100
234, 36
234, 229
234, 165
234, 101
234, 37
234, 230
234, 166
234, 102
234, 38
234, 231
234, 167
234, 103
234, 39
234, 232
234, 168
234, 104
234, 40
234, 233
234, 169
234, 105
234, 41
234, 234
234, 170
234, 106
234, 42
234, 171
234, 107
234, 43
234, 235
234, 172
234, 108
234, 44
234, 236
234, 173
234, 109
234, 45
234, 237
234, 174
234, 110
234, 46
234, 238
234, 175
234, 111
234, 47
234, 239
234, 176
234, 112
234, 48
234, 240
234, 177
234, 113
234, 49
234, 241
234, 178
234, 114
234, 50
234, 242
234, 179
234, 115
234, 51
234, 243
234, 180
234, 116
234, 52
234, 244
234, 181
234, 117
234, 53
234, 245
234, 182
234, 118
234, 54
234, 246
234, 183
234, 119
234, 55
234, 247
234, 184
234, 120
234, 56
234, 248
234, 185
234, 121
234, 57
234, 249
234, 186
234, 122
234, 58
234, 250
234, 187
234, 123
234, 59
234, 188
234, 124
234, 60
234, 189
234, 125
234, 61
234, 190
234, 126
234, 62
234, 191
234, 127
234, 63
170, 128
170, 64
170, 192
170, 129
170, 65
170, 1
170, 193
170, 130
170, 66
170, 2
170, 194
170, 131
170, 67
170, 3
170, 195
170, 132
170, 68
170, 4
170, 196
170, 133
170, 69
170, 5
170, 197
170, 134
170, 70
170, 6
170, 198
170, 135
170, 71
170, 7
170, 199
170, 136
170, 72
170, 8
170, 200
170, 137
170, 73
170, 9
170, 201
170, 138
170, 74
170, 10
170, 202
170, 139
170, 75
170, 11
170, 203
170, 140
170, 76
170, 12
170, 204
170, 141
170, 77
170, 13
170, 205
170, 142
170, 78
170, 14
170, 206
170, 143
170, 79
170, 15
170, 207
170, 144
170, 80
170, 16
170, 208
170, 145
170, 81
170, 17
170, 209
170, 146
170, 82
170, 18
170, 210
170, 147
170, 83
170, 19
170, 211
170, 148
170, 84
170, 20
170, 212
170, 149
170, 85
170, 21
170, 213
170, 150
170, 86
170, 22
170, 214
170, 151
170, 87
170, 23
170, 215
170, 152
170, 88
170, 24
170, 216
170, 153
170, 89
170, 25
170, 217
170, 154
170, 90
170, 26
170, 218
170, 155
170, 91
170, 27
170, 219
170, 156
170, 92
170, 28
170, 220
170, 157
170, 93
170, 29
170, 221
170, 158
170, 94
170, 30
170, 222
170, 159
170, 95
170, 31
170, 223
170, 160
170, 96
170, 32
170, 224
170, 161
170, 97
170, 33
170, 225
170, 162
170, 98
170, 34
170, 226
170, 163
170, 99
170, 35
170, 227
170, 164
170, 100
170, 36
170, 228
170, 165
170, 101
170, 37
170, 229
170, 166
170, 102
170, 38
170, 230
170, 167
170, 103
170, 39
170, 231
170, 168
170, 104
170, 40
170, 232
170, 169
170, 105
170, 41
170, 233
170, 170
170, 106
170, 42
170, 234
170, 107
170, 43
170, 235
170, 171
170, 108
170, 44
170, 236
170, 172
170, 109
170, 45
170, 237
170, 173
170, 110
170, 46
170, 238
170, 174
170, 111
170, 47
170, 239
170, 175
170, 112
170, 48
170, 240
170, 176
170, 113
170, 49
170, 241
170, 177
170, 114
170, 50
170, 242
170, 178
170, 115
170, 51
170, 243
170, 179
170, 116
170, 52
170, 244
170, 180
170, 117
170, 53
170, 245
170, 181
170, 118
170, 54
170, 246
170, 182
170, 119
170, 55
170, 247
170, 183
170, 120
170, 56
170, 248
170, 184
170, 121
170, 57
170, 249
170, 185
170, 122
170, 58
170, 250
170, 186
170, 123
170, 59
170, 187
170, 124
170, 60
170, 188
170, 125
170, 61
170, 189
170, 126
170, 62
170, 190
170, 127
170, 63
170, 191
106, 64
106, 192
106, 128
106, 65
106, 1
106, 193
106, 129
106, 66
106, 2
106, 194
106, 130
106, 67
106, 3
106, 195
106, 131
106, 68
106, 4
106, 196
106, 132
106, 69
106, 5
106, 197
106, 133
106, 70
106, 6
106, 198
106, 134
106, 71
106, 7
106, 199
106, 135
106, 72
106, 8
106, 200
106, 136
106, 73
106, 9
106, 201
106, 137
106, 74
106, 10
106, 202
106, 138
106, 75
106, 11
106, 203
106, 139
106, 76
106, 12
106, 204
106, 140
106, 77
106, 13
106, 205
106, 141
106, 78
106, 14
106, 206
106, 142
106, 79
106, 15
106, 207
106, 143
106, 80
106, 16
106, 208
106, 144
106, 81
106, 17
106, 209
106, 145
106, 82
106, 18
106, 210
106, 146
106, 83
106, 19
106, 211
106, 147
106, 84
106, 20
106, 212
106, 148
106, 85
106, 21
106, 213
106, 149
106, 86
106, 22
106, 214
106, 150
106, 87
106, 23
106, 215
106, 151
106, 88
106, 24
106, 216
106, 152
106, 89
106, 25
106, 217
106, 153
106, 90
106, 26
106, 218
106, 154
106, 91
106, 27
106, 219
106, 155
106, 92
106, 28
106, 220
106, 156
106, 93
106, 29
106, 221
106, 157
106, 94
106, 30
106, 222
106, 158
106, 95
106, 31
106, 223
106, 159
106, 96
106, 32
106, 224
106, 160
106, 97
106, 33
106, 225
106, 161
106, 98
106, 34
106, 226
106, 162
106, 99
106, 35
106, 227
106, 163
106, 100
106, 36
106, 228
106, 164
106, 101
106, 37
106, 229
106, 165
106, 102
106, 38
106, 230
106, 166
106, 103
106, 39
106, 231
106, 167
106, 104
106, 40
106, 232
106, 168
106, 105
106, 41
106, 233
106, 169
106, 106
106, 42
106, 234
106, 170
106, 43
106, 235
106, 171
106, 107
106, 44
106, 236
106, 172
106, 108
106, 45
106, 237
106, 173
106, 109
106, 46
106, 238
106, 174
106, 110
106, 47
106, 239
106, 175
106, 111
106, 48
106, 240
106, 176
106, 112
106, 49
106, 241
106, 177
106, 113
106, 50
106, 242
106, 178
106, 114
106, 51
106, 243
106, 179
106, 115
106, 52
106, 244
106, 180
106, 116
106, 53
106, 245
106, 181
106, 117
106, 54
106, 246
106, 182
106, 118
106, 55
106, 247
106, 183
106, 119
106, 56
106, 248
106, 184
106, 120
106, 57
106, 249
106, 185
106, 121
106, 58
106, 250
106, 186
106, 122
106, 59
106, 187
106, 123
106, 60
106, 188
106, 124
106, 61
106, 189
106, 125
106, 62
106, 190
106, 126
106, 63
106, 191
106, 127
42, 192
42, 128
42, 64
42, 1
42, 193
42, 129
42, 65
42, 2
42, 194
42, 130
42, 66
42, 3
42, 195
42, 131
42, 67
42, 4
42, 196
42, 132
42, 68
42, 5
42, 197
42, 133
42, 69
42, 6
42, 198
42, 134
42, 70
42, 7
42, 199
42, 135
42, 71
42, 8
42, 200
42, 136
42, 72
42, 9
42, 201
42, 137
42, 73
42, 10
42, 202
42, 138
42, 74
42, 11
42, 203
42, 139
42, 75
42, 12
42, 204
42, 140
42, 76
42, 13
42, 205
42, 141
42, 77
42, 14
42, 206
42, 142
42, 78
42, 15
42, 207
42, 143
42, 79
42, 16
42, 208
42, 144
42, 80
42, 17
42, 209
42, 145
42, 81
42, 18
42, 210
42, 146
42, 82
42, 19
42, 211
42, 147
42, 83
42, 20
42, 212
42, 148
42, 84
42, 21
42, 213
42, 149
42, 85
42, 22
42, 214
42, 150
42, 86
42, 23
42, 215
42, 151
42, 87
42, 24
42, 216
42, 152
42, 88
42, 25
42, 217
42, 153
42, 89
42, 26
42, 218
42, 154
42, 90
42, 27
42, 219
42, 155
42, 91
42, 28
42, 220
42, 156
42, 92
42, 29
42, 221
42, 157
42, 93
42, 30
42, 222
42, 158
42, 94
42, 31
42, 223
42, 159
42, 95
42, 32
42, 224
42, 160
42, 96
42, 33
42, 225
42, 161
42, 97
42, 34
42, 226
42, 162
42, 98
42, 35
42, 227
42, 163
42, 99
42, 36
42, 228
42, 164
42, 100
42, 37
42, 229
42, 165
42, 101
42, 38
42, 230
42, 166
42, 102
42, 39
42, 231
42, 167
42, 103
42, 40
42, 232
42, 168
42, 104
42, 41
42, 233
42, 169
42, 105
42, 42
42, 234
42, 170
42, 106
42, 235
42, 171
42, 107
42, 43
42, 236
42, 172
42, 108
42, 44
42, 237
42, 173
42, 109
42, 45
42, 238
42, 174
42, 110
42, 46
42, 239
42, 175
42, 111
42, 47
42, 240
42, 176
42, 112
42, 48
42, 241
42, 177
42, 113
42, 49
42, 242
42, 178
42, 114
42, 50
42, 243
42, 179
42, 115
42, 51
42, 244
42, 180
42, 116
42, 52
42, 245
42, 181
42, 117
42, 53
42, 246
42, 182
42, 118
42, 54
42, 247
42, 183
42, 119
42, 55
42, 248
42, 184
42, 120
42, 56
42, 249
42, 185
42, 121
42, 57
42, 250
42, 186
42, 122
42, 58
42, 187
42, 123
42, 59
42, 188
42, 124
42, 60
42, 189
42, 125
42, 61
42, 190
42, 126
42, 62
42, 191
42, 127
42, 63
235, 192
235, 128
235, 64
235, 193
235, 129
235, 65
235, 1
235, 194
235, 130
235, 66
235, 2
235, 195
235, 131
235, 67
235, 3
235, 196
235, 132
235, 68
235, 4
235, 197
235, 133
235, 69
235, 5
235, 198
235, 134
235, 70
235, 6
235, 199
235, 135
235, 71
235, 7
235, 200
235, 136
235, 72
235, 8
235, 201
235, 137
235, 73
235, 9
235, 202
235, 138
235, 74
235, 10
235, 203
235, 139
235, 75
235, 11
235, 204
235, 140
235, 76
235, 12
235, 205
235, 141
235, 77
235, 13
235, 206
235, 142
235, 78
235, 14
235, 207
235, 143
235, 79
235, 15
235, 208
235, 144
235, 80
235, 16
235, 209
235, 145
235, 81
235, 17
235, 210
235, 146
235, 82
235, 18
235, 211
235, 147
235, 83
235, 19
235, 212
235, 148
235, 84
235, 20
235, 213
235, 149
235, 85
235, 21
235, 214
235, 150
235, 86
235, 22
235, 215
235, 151
235, 87
235, 23
235, 216
235, 152
235, 88
235, 24
235, 217
235, 153
235, 89
235, 25
235, 218
235, 154
235, 90
235, 26
235, 219
235, 155
235, 91
235, 27
235, 220
235, 156
235, 92
235, 28
235, 221
235, 157
235, 93
235, 29
235, 222
235, 158
235, 94
235, 30
235, 223
235, 159
235, 95
235, 31
235, 224
235, 160
235, 96
235, 32
235, 225
235, 161
235, 97
235, 33
235, 226
235, 162
235, 98
235, 34
235, 227
235, 163
235, 99
235, 35
235, 228
235, 164
235, 100
235, 36
235, 229
235, 165
235, 101
235, 37
235, 230
235, 166
235, 102
235, 38
235, 231
235, 167
235, 103
235, 39
235, 232
235, 168
235, 104
235, 40
235, 233
235, 169
235, 105
235, 41
235, 234
235, 170
235, 106
235, 42
235, 235
235, 171
235, 107
235, 43
235, 172
235, 108
235, 44
235, 236
235, 173
235, 109
235, 45
235, 237
235, 174
235, 110
235, 46
235, 238
235, 175
235, 111
235, 47
235, 239
235, 176
235, 112
235, 48
235, 240
235, 177
235, 113
235, 49
235, 241
235, 178
235, 114
235, 50
235, 242
235, 179
235, 115
235, 51
235, 243
235, 180
235, 116
235, 52
235, 244
235, 181
235, 117
235, 53
235, 245
235, 182
235, 118
235, 54
235, 246
235, 183
235, 119
235, 55
235, 247
235, 184
235, 120
235, 56
235, 248
235, 185
235, 121
235, 57
235, 249
235, 186
235, 122
235, 58
235, 250
235, 187
235, 123
235, 59
235, 188
235, 124
235, 60
235, 189
235, 125
235, 61
235, 190
235, 126
235, 62
235, 191
235, 127
235, 63
171, 128
171, 64
171, 192
171, 129
171, 65
171, 1
171, 193
171, 130
171, 66
171, 2
171, 194
171, 131
171, 67
171, 3
171, 195
171, 132
171, 68
171, 4
171, 196
171, 133
171, 69
171, 5
171, 197
171, 134
171, 70
171, 6
171, 198
171, 135
171, 71
171, 7
171, 199
171, 136
171, 72
171, 8
171, 200
171, 137
171, 73
171, 9
171, 201
171, 138
171, 74
171, 10
171, 202
171, 139
171, 75
171, 11
171, 203
171, 140
171, 76
171, 12
171, 204
171, 141
171, 77
171, 13
171, 205
171, 142
171, 78
171, 14
171, 206
171, 143
171, 79
171, 15
171, 207
171, 144
171, 80
171, 16
171, 208
171, 145
171, 81
171, 17
171, 209
171, 146
171, 82
171, 18
171, 210
171, 147
171, 83
171, 19
171, 211
171, 148
171, 84
171, 20
171, 212
171, 149
171, 85
171, 21
171, 213
171, 150
171, 86
171, 22
171, 214
171, 151
171, 87
171, 23
171, 215
171, 152
171, 88
171, 24
171, 216
171, 153
171, 89
171, 25
171, 217
171, 154
171, 90
171, 26
171, 218
171, 155
171, 91
171, 27
171, 219
171, 156
171, 92
171, 28
171, 220
171, 157
171, 93
171, 29
171, 221
171, 158
171, 94
171, 30
171, 222
171, 159
171, 95
171, 31
171, 223
171, 160
171, 96
171, 32
171, 224
171, 161
171, 97
171, 33
171, 225
171, 162
171, 98
171, 34
171, 226
171, 163
171, 99
171, 35
171, 227
171, 164
171, 100
171, 36
171, 228
171, 165
171, 101
171, 37
171, 229
171, 166
171, 102
171, 38
171, 230
171, 167
171, 103
171, 39
171, 231
171, 168
171, 104
171, 40
171, 232
171, 169
171, 105
171, 41
171, 233
171, 170
171, 106
171, 42
171, 234
171, 171
171, 107
171, 43
171, 235
171, 108
171, 44
171, 236
171, 172
171, 109
171, 45
171, 237
171, 173
171, 110
171, 46
171, 238
171, 174
171, 111
171, 47
171, 239
171, 175
171, 112
171, 48
171, 240
171, 176
171, 113
171, 49
171, 241
171, 177
171, 114
171, 50
171, 242
171, 178
171, 115
171, 51
171, 243
171, 179
171, 116
171, 52
171, 244
171, 180
171, 117
171, 53
171, 245
171, 181
171, 118
171, 54
171, 246
171, 182
171, 119
171, 55
171, 247
171, 183
171, 120
171, 56
171, 248
171, 184
171, 121
171, 57
171, 249
171, 185
171, 122
171, 58
171, 250
171, 186
171, 123
171, 59
171, 187
171, 124
171, 60
171, 188
171, 125
171, 61
171, 189
171, 126
171, 62
171, 190
171, 127
171, 63
171, 191
107, 64
107, 192
107, 128
107, 65
107, 1
107, 193
107, 129
107, 66
107, 2
107, 194
107, 130
107, 67
107, 3
107, 195
107, 131
107, 68
107, 4
107, 196
107, 132
107, 69
107, 5
107, 197
107, 133
107, 70
107, 6
107, 198
107, 134
107, 71
107, 7
107, 199
107, 135
107, 72
107, 8
107, 200
107, 136
107, 73
107, 9
107, 201
107, 137
107, 74
107, 10
107, 202
107, 138
107, 75
107, 11
107, 203
107, 139
107, 76
107, 12
107, 204
107, 140
107, 77
107, 13
107, 205
107, 141
107, 78
107, 14
107, 206
107, 142
107, 79
107, 15
107, 207
107, 143
107, 80
107, 16
107, 208
107, 144
107, 81
107, 17
107, 209
107, 145
107, 82
107, 18
107, 210
107, 146
107, 83
107, 19
107, 211
107, 147
107, 84
107, 20
107, 212
107, 148
107, 85
107, 21
107, 213
107, 149
107, 86
107, 22
107, 214
107, 150
107, 87
107, 23
107, 215
107, 151
107, 88
107, 24
107, 216
107, 152
107, 89
107, 25
107, 217
107, 153
107, 90
107, 26
107, 218
107, 154
107, 91
107, 27
107, 219
107, 155
107, 92
107, 28
107, 220
107, 156
107, 93
107, 29
107, 221
107, 157
107, 94
107, 30
107, 222
107, 158
107, 95
107, 31
107, 223
107, 159
107, 96
107, 32
107, 224
107, 160
107, 97
107, 33
107, 225
107, 161
107, 98
107, 34
107, 226
107, 162
107, 99
107, 35
107, 227
107, 163
107, 100
107, 36
107, 228
107, 164
107, 101
107, 37
107, 229
107, 165
107, 102
107, 38
107, 230
107, 166
107, 103
107, 39
107, 231
107, 167
107, 104
107, 40
107, 232
107, 168
107, 105
107, 41
107, 233
107, 169
107, 106
107, 42
107, 234
107, 170
107, 107
107, 43
107, 235
107, 171
107, 44
107, 236
107, 172
107, 108
107, 45
107, 237
107, 173
107, 109
107, 46
107, 238
107, 174
107, 110
107, 47
107, 239
107, 175
107, 111
107, 48
107, 240
107, 176
107, 112
107, 49
107, 241
107, 177
107, 113
107, 50
107, 242
107, 178
107, 114
107, 51
107, 243
107, 179
107, 115
107, 52
107, 244
107, 180
107, 116
107, 53
107, 245
107, 181
107, 117
107, 54
107, 246
107, 182
107, 118
107, 55
107, 247
107, 183
107, 119
107, 56
107, 248
107, 184
107, 120
107, 57
107, 249
107, 185
107, 121
107, 58
107, 250
107, 186
107, 122
107, 59
107, 187
107, 123
107, 60
107, 188
107, 124
107, 61
107, 189
107, 125
107, 62
107, 190
107, 126
107, 63
107, 191
107, 127
43, 192
43, 128
43, 64
43, 1
43, 193
43, 129
43, 65
43, 2
43, 194
43, 130
43, 66
43, 3
43, 195
43, 131
43, 67
43, 4
43, 196
43, 132
43, 68
43, 5
43, 197
43, 133
43, 69
43, 6
43, 198
43, 134
43, 70
43, 7
43, 199
43, 135
43, 71
43, 8
43, 200
43, 136
43, 72
43, 9
43, 201
43, 137
43, 73
43, 10
43, 202
43, 138
43, 74
43, 11
43, 203
43, 139
43, 75
43, 12
43, 204
43, 140
43, 76
43, 13
43, 205
43, 141
43, 77
43, 14
43, 206
43, 142
43, 78
43, 15
43, 207
43, 143
43, 79
43, 16
43, 208
43, 144
43, 80
43, 17
43, 209
43, 145
43, 81
43, 18
43, 210
43, 146
43, 82
43, 19
43, 211
43, 147
43, 83
43, 20
43, 212
43, 148
43, 84
43, 21
43, 213
43, 149
43, 85
43, 22
43, 214
43, 150
43, 86
43, 23
43, 215
43, 151
43, 87
43, 24
43, 216
43, 152
43, 88
43, 25
43, 217
43, 153
43, 89
43, 26
43, 218
43, 154
43, 90
43, 27
43, 219
43, 155
43, 91
43, 28
43, 220
43, 156
43, 92
43, 29
43, 221
43, 157
43, 93
43, 30
43, 222
43, 158
43, 94
43, 31
43, 223
43, 159
43, 95
43, 32
43, 224
43, 160
43, 96
43, 33
43, 225
43, 161
43, 97
43, 34
43, 226
43, 162
43, 98
43, 35
43, 227
43, 163
43, 99
43, 36
43, 228
43, 164
43, 100
43, 37
43, 229
43, 165
43, 101
43, 38
43, 230
43, 166
43, 102
43, 39
43, 231
43, 167
43, 103
43, 40
43, 232
43, 168
43, 104
43, 41
43, 233
43, 169
43, 105
43, 42
43, 234
43, 170
43, 106
43, 43
43, 235
43, 171
43, 107
43, 236
43, 172
43, 108
43, 44
43, 237
43, 173
43, 109
43, 45
43, 238
43, 174
43, 110
43, 46
43, 239
43, 175
43, 111
43, 47
43, 240
43, 176
43, 112
43, 48
43, 241
43, 177
43, 113
43, 49
43, 242
43, 178
43, 114
43, 50
43, 243
43, 179
43, 115
43, 51
43, 244
43, 180
43, 116
43, 52
43, 245
43, 181
43, 117
43, 53
43, 246
43, 182
43, 118
43, 54
43, 247
43, 183
43, 119
43, 55
43, 248
43, 184
43, 120
43, 56
43, 249
43, 185
43, 121
43, 57
43, 250
43, 186
43, 122
43, 58
43, 187
43, 123
43, 59
43, 188
43, 124
43, 60
43, 189
43, 125
43, 61
43, 190
43, 126
43, 62
43, 191
43, 127
43, 63
236, 192
236, 128
236, 64
236, 193
236, 129
236, 65
236, 1
236, 194
236, 130
236, 66
236, 2
236, 195
236, 131
236, 67
236, 3
236, 196
236, 132
236, 68
236, 4
236, 197
236, 133
236, 69
236, 5
236, 198
236, 134
236, 70
236, 6
236, 199
236, 135
236, 71
236, 7
236, 200
236, 136
236, 72
236, 8
236, 201
236, 137
236, 73
236, 9
236, 202
236, 138
236, 74
236, 10
236, 203
236, 139
236, 75
236, 11
236, 204
236, 140
236, 76
236, 12
236, 205
236, 141
236, 77
236, 13
236, 206
236, 142
236, 78
236, 14
236, 207
236, 143
236, 79
236, 15
236, 208
236, 144
236, 80
236, 16
236, 209
236, 145
236, 81
236, 17
236, 210
236, 146
236, 82
236, 18
236, 211
236, 147
236, 83
236, 19
236, 212
236, 148
236, 84
236, 20
236, 213
236, 149
236, 85
236, 21
236, 214
236, 150
236, 86
236, 22
236, 215
236, 151
236, 87
236, 23
236, 216
236, 152
236, 88
236, 24
236, 217
236, 153
236, 89
236, 25
236, 218
236, 154
236, 90
236, 26
236, 219
236, 155
236, 91
236, 27
236, 220
236, 156
236, 92
236, 28
236, 221
236, 157
236, 93
236, 29
236, 222
236, 158
236, 94
236, 30
236, 223
236, 159
236, 95
236, 31
236, 224
236, 160
236, 96
236, 32
236, 225
236, 161
236, 97
236, 33
236, 226
236, 162
236, 98
236, 34
236, 227
236, 163
236, 99
236, 35
236, 228
236, 164
236, 100
236, 36
236, 229
236, 165
236, 101
236, 37
236, 230
236, 166
236, 102
236, 38
236, 231
236, 167
236, 103
236, 39
236, 232
236, 168
236, 104
236, 40
236, 233
236, 169
236, 105
236, 41
236, 234
236, 170
236, 106
236, 42
236, 235
236, 171
236, 107
236, 43
236, 236
236, 172
236, 108
236, 44
236, 173
236, 109
236, 45
236, 237
236, 174
236, 110
236, 46
236, 238
236, 175
236, 111
236, 47
236, 239
236, 176
236, 112
236, 48
236, 240
236, 177
236, 113
236, 49
236, 241
236, 178
236, 114
236, 50
236, 242
236, 179
236, 115
236, 51
236, 243
236, 180
236, 116
236, 52
236, 244
236, 181
236, 117
236, 53
236, 245
236, 182
236, 118
236, 54
236, 246
236, 183
236, 119
236, 55
236, 247
236, 184
236, 120
236, 56
236, 248
236, 185
236, 121
236, 57
236, 249
236, 186
236, 122
236, 58
236, 250
236, 187
236, 123
236, 59
236, 188
236, 124
236, 60
236, 189
236, 125
236, 61
236, 190
236, 126
236, 62
236, 191
236, 127
236, 63
172, 128
172, 64
172, 192
172, 129
172, 65
172, 1
172, 193
172, 130
172, 66
172, 2
172, 194
172, 131
172, 67
172, 3
172, 195
172, 132
172, 68
172, 4
172, 196
172, 133
172, 69
172, 5
172, 197
172, 134
172, 70
172, 6
172, 198
172, 135
172, 71
172, 7
172, 199
172, 136
172, 72
172, 8
172, 200
172, 137
172, 73
172, 9
172, 201
172, 138
172, 74
172, 10
172, 202
172, 139
172, 75
172, 11
172, 203
172, 140
172, 76
172, 12
172, 204
172, 141
172, 77
172, 13
172, 205
172, 142
172, 78
172, 14
172, 206
172, 143
172, 79
172, 15
172, 207
172, 144
172, 80
172, 16
172, 208
172, 145
172, 81
172, 17
172, 209
172, 146
172, 82
172, 18
172, 210
172, 147
172, 83
172, 19
172, 211
172, 148
172, 84
172, 20
172, 212
172, 149
172, 85
172, 21
172, 213
172, 150
172, 86
172, 22
172, 214
172, 151
172, 87
172, 23
172, 215
172, 152
172, 88
172, 24
172, 216
172, 153
172, 89
172, 25
172, 217
172, 154
172, 90
172, 26
172, 218
172, 155
172, 91
172, 27
172, 219
172, 156
172, 92
172, 28
172, 220
172, 157
172, 93
172, 29
172, 221
172, 158
172, 94
172, 30
172, 222
172, 159
172, 95
172, 31
172, 223
172, 160
172, 96
172, 32
172, 224
172, 161
172, 97
172, 33
172, 225
172, 162
172, 98
172, 34
172, 226
172, 163
172, 99
172, 35
172, 227
172, 164
172, 100
172, 36
172, 228
172, 165
172, 101
172, 37
172, 229
172, 166
172, 102
172, 38
172, 230
172, 167
172, 103
172, 39
172, 231
172, 168
172, 104
172, 40
172, 232
172, 169
172, 105
172, 41
172, 233
172, 170
172, 106
172, 42
172, 234
172, 171
172, 107
172, 43
172, 235
172, 172
172, 108
172, 44
172, 236
172, 109
172, 45
172, 237
172, 173
172, 110
172, 46
172, 238
172, 174
172, 111
172, 47
172, 239
172, 175
172, 112
172, 48
172, 240
172, 176
172, 113
172, 49
172, 241
172, 177
172, 114
172, 50
172, 242
172, 178
172, 115
172, 51
172, 243
172, 179
172, 116
172, 52
172, 244
172, 180
172, 117
172, 53
172, 245
172, 181
172, 118
172, 54
172, 246
172, 182
172, 119
172, 55
172, 247
172, 183
172, 120
172, 56
172, 248
172, 184
172, 121
172, 57
172, 249
172, 185
172, 122
172, 58
172, 250
172, 186
172, 123
172, 59
172, 187
172, 124
172, 60
172, 188
172, 125
172, 61
172, 189
172, 126
172, 62
172, 190
172, 127
172, 63
172, 191
108, 64
108, 192
108, 128
108, 65
108, 1
108, 193
108, 129
108, 66
108, 2
108, 194
108, 130
108, 67
108, 3
108, 195
108, 131
108, 68
108, 4
108, 196
108, 132
108, 69
108, 5
108, 197
108, 133
108, 70
108, 6
108, 198
108, 134
108, 71
108, 7
108, 199
108, 135
108, 72
108, 8
108, 200
108, 136
108, 73
108, 9
108, 201
108, 137
108, 74
108, 10
108, 202
108, 138
108, 75
108, 11
108, 203
108, 139
108, 76
108, 12
108, 204
108, 140
108, 77
108, 13
108, 205
108, 141
108, 78
108, 14
108, 206
108, 142
108, 79
108, 15
108, 207
108, 143
108, 80
108, 16
108, 208
108, 144
108, 81
108, 17
108, 209
108, 145
108, 82
108, 18
108, 210
108, 146
108, 83
108, 19
108, 211
108, 147
108, 84
108, 20
108, 212
108, 148
108, 85
108, 21
108, 213
108, 149
108, 86
108, 22
108, 214
108, 150
108, 87
108, 23
108, 215
108, 151
108, 88
108, 24
108, 216
108, 152
108, 89
108, 25
108, 217
108, 153
108, 90
108, 26
108, 218
108, 154
108, 91
108, 27
108, 219
108, 155
108, 92
108, 28
108, 220
108, 156
108, 93
108, 29
108, 221
108, 157
108, 94
108, 30
108, 222
108, 158
108, 95
108, 31
108, 223
108, 159
108, 96
108, 32
108, 224
108, 160
108, 97
108, 33
108, 225
108, 161
108, 98
108, 34
108, 226
108, 162
108, 99
108, 35
108, 227
108, 163
108, 100
108, 36
108, 228
108, 164
108, 101
108, 37
108, 229
108, 165
108, 102
108, 38
108, 230
108, 166
108, 103
108, 39
108, 231
108, 167
108, 104
108, 40
108, 232
108, 168
108, 105
108, 41
108, 233
108, 169
108, 106
108, 42
108, 234
108, 170
108, 107
108, 43
108, 235
108, 171
108, 108
108, 44
108, 236
108, 172
108, 45
108, 237
108, 173
108, 109
108, 46
108, 238
108, 174
108, 110
108, 47
108, 239
108, 175
108, 111
108, 48
108, 240
108, 176
108, 112
108, 49
108, 241
108, 177
108, 113
108, 50
108, 242
108, 178
108, 114
108, 51
108, 243
108, 179
108, 115
108, 52
108, 244
108, 180
108, 116
108, 53
108, 245
108, 181
108, 117
108, 54
108, 246
108, 182
108, 118
108, 55
108, 247
108, 183
108, 119
108, 56
108, 248
108, 184
108, 120
108, 57
108, 249
108, 185
108, 121
108, 58
108, 250
108, 186
108, 122
108, 59
108, 187
108, 123
108, 60
108, 188
108, 124
108, 61
108, 189
108, 125
108, 62
108, 190
108, 126
108, 63
108, 191
108, 127
44, 192
44, 128
44, 64
44, 1
44, 193
44, 129
44, 65
44, 2
44, 194
44, 130
44, 66
44, 3
44, 195
44, 131
44, 67
44, 4
44, 196
44, 132
44, 68
44, 5
44, 197
44, 133
44, 69
44, 6
44, 198
44, 134
44, 70
44, 7
44, 199
44, 135
44, 71
44, 8
44, 200
44, 136
44, 72
44, 9
44, 201
44, 137
44, 73
44, 10
44, 202
44, 138
44, 74
44, 11
44, 203
44, 139
44, 75
44, 12
44, 204
44, 140
44, 76
44, 13
44, 205
44, 141
44, 77
44, 14
44, 206
44, 142
44, 78
44, 15
44, 207
44, 143
44, 79
44, 16
44, 208
44, 144
44, 80
44, 17
44, 209
44, 145
44, 81
44, 18
44, 210
44, 146
44, 82
44, 19
44, 211
44, 147
44, 83
44, 20
44, 212
44, 148
44, 84
44, 21
44, 213
44, 149
44, 85
44, 22
44, 214
44, 150
44, 86
44, 23
44, 215
44, 151
44, 87
44, 24
44, 216
44, 152
44, 88
44, 25
44, 217
44, 153
44, 89
44, 26
44, 218
44, 154
44, 90
44, 27
44, 219
44, 155
44, 91
44, 28
44, 220
44, 156
44, 92
44, 29
44, 221
44, 157
44, 93
44, 30
44, 222
44, 158
44, 94
44, 31
44, 223
44, 159
44, 95
44, 32
44, 224
44, 160
44, 96
44, 33
44, 225
44, 161
44, 97
44, 34
44, 226
44, 162
44, 98
44, 35
44, 227
44, 163
44, 99
44, 36
44, 228
44, 164
44, 100
44, 37
44, 229
44, 165
44, 101
44, 38
44, 230
44, 166
44, 102
44, 39
44, 231
44, 167
44, 103
44, 40
44, 232
44, 168
44, 104
44, 41
44, 233
44, 169
44, 105
44, 42
44, 234
44, 170
44, 106
44, 43
44, 235
44, 171
44, 107
44, 44
44, 236
44, 172
44, 108
44, 237
44, 173
44, 109
44, 45
44, 238
44, 174
44, 110
44, 46
44, 239
44, 175
44, 111
44, 47
44, 240
44, 176
44, 112
44, 48
44, 241
44, 177
44, 113
44, 49
44, 242
44, 178
44, 114
44, 50
44, 243
44, 179
44, 115
44, 51
44, 244
44, 180
44, 116
44, 52
44, 245
44, 181
44, 117
44, 53
44, 246
44, 182
44, 118
44, 54
44, 247
44, 183
44, 119
44, 55
44, 248
44, 184
44, 120
44, 56
44, 249
44, 185
44, 121
44, 57
44, 250
44, 186
44, 122
44, 58
44, 187
44, 123
44, 59
44, 188
44, 124
44, 60
44, 189
44, 125
44, 61
44, 190
44, 126
44, 62
44, 191
44, 127
44, 63
237, 192
237, 128
237, 64
237, 193
237, 129
237, 65
237, 1
237, 194
237, 130
237, 66
237, 2
237, 195
237, 131
237, 67
237, 3
237, 196
237, 132
237, 68
237, 4
237, 197
237, 133
237, 69
237, 5
237, 198
237, 134
237, 70
237, 6
237, 199
237, 135
237, 71
237, 7
237, 200
237, 136
237, 72
237, 8
237, 201
237, 137
237, 73
237, 9
237, 202
237, 138
237, 74
237, 10
237, 203
237, 139
237, 75
237, 11
237, 204
237, 140
237, 76
237, 12
237, 205
237, 141
237, 77
237, 13
237, 206
237, 142
237, 78
237, 14
237, 207
237, 143
237, 79
237, 15
237, 208
237, 144
237, 80
237, 16
237, 209
237, 145
237, 81
237, 17
237, 210
237, 146
237, 82
237, 18
237, 211
237, 147
237, 83
237, 19
237, 212
237, 148
237, 84
237, 20
237, 213
237, 149
237, 85
237, 21
237, 214
237, 150
237, 86
237, 22
237, 215
237, 151
237, 87
237, 23
237, 216
237, 152
237, 88
237, 24
237, 217
237, 153
237, 89
237, 25
237, 218
237, 154
237, 90
237, 26
237, 219
237, 155
237, 91
237, 27
237, 220
237, 156
237, 92
237, 28
237, 221
237, 157
237, 93
237, 29
237, 222
237, 158
237, 94
237, 30
237, 223
237, 159
237, 95
237, 31
237, 224
237, 160
237, 96
237, 32
237, 225
237, 161
237, 97
237, 33
237, 226
237, 162
237, 98
237, 34
237, 227
237, 163
237, 99
237, 35
237, 228
237, 164
237, 100
237, 36
237, 229
237, 165
237, 101
237, 37
237, 230
237, 166
237, 102
237, 38
237, 231
237, 167
237, 103
237, 39
237, 232
237, 168
237, 104
237, 40
237, 233
237, 169
237, 105
237, 41
237, 234
237, 170
237, 106
237, 42
237, 235
237, 171
237, 107
237, 43
237, 236
237, 172
237, 108
237, 44
237, 237
237, 173
237, 109
237, 45
237, 174
237, 110
237, 46
237, 238
237, 175
237, 111
237, 47
237, 239
237, 176
237, 112
237, 48
237, 240
237, 177
237, 113
237, 49
237, 241
237, 178
237, 114
237, 50
237, 242
237, 179
237, 115
237, 51
237, 243
237, 180
237, 116
237, 52
237, 244
237, 181
237, 117
237, 53
237, 245
237, 182
237, 118
237, 54
237, 246
237, 183
237, 119
237, 55
237, 247
237, 184
237, 120
237, 56
237, 248
237, 185
237, 121
237, 57
237, 249
237, 186
237, 122
237, 58
237, 250
237, 187
237, 123
237, 59
237, 188
237, 124
237, 60
237, 189
237, 125
237, 61
237, 190
237, 126
237, 62
237, 191
237, 127
237, 63
173, 128
173, 64
173, 192
173, 129
173, 65
173, 1
173, 193
173, 130
173, 66
173, 2
173, 194
173, 131
173, 67
173, 3
173, 195
173, 132
173, 68
173, 4
173, 196
173, 133
173, 69
173, 5
173, 197
173, 134
173, 70
173, 6
173, 198
173, 135
173, 71
173, 7
173, 199
173, 136
173, 72
173, 8
173, 200
173, 137
173, 73
173, 9
173, 201
173, 138
173, 74
173, 10
173, 202
173, 139
173, 75
173, 11
173, 203
173, 140
173, 76
173, 12
173, 204
173, 141
173, 77
173, 13
173, 205
173, 142
173, 78
173, 14
173, 206
173, 143
173, 79
173, 15
173, 207
173, 144
173, 80
173, 16
173, 208
173, 145
173, 81
173, 17
173, 209
173, 146
173, 82
173, 18
173, 210
173, 147
173, 83
173, 19
173, 211
173, 148
173, 84
173, 20
173, 212
173, 149
173, 85
173, 21
173, 213
173, 150
173, 86
173, 22
173, 214
173, 151
173, 87
173, 23
173, 215
173, 152
173, 88
173, 24
173, 216
173, 153
173, 89
173, 25
173, 217
173, 154
173, 90
173, 26
173, 218
173, 155
173, 91
173, 27
173, 219
173, 156
173, 92
173, 28
173, 220
173, 157
173, 93
173, 29
173, 221
173, 158
173, 94
173, 30
173, 222
173, 159
173, 95
173, 31
173, 223
173, 160
173, 96
173, 32
173, 224
173, 161
173, 97
173, 33
173, 225
173, 162
173, 98
173, 34
173, 226
173, 163
173, 99
173, 35
173, 227
173, 164
173, 100
173, 36
173, 228
173, 165
173, 101
173, 37
173, 229
173, 166
173, 102
173, 38
173, 230
173, 167
173, 103
173, 39
173, 231
173, 168
173, 104
173, 40
173, 232
173, 169
173, 105
173, 41
173, 233
173, 170
173, 106
173, 42
173, 234
173, 171
173, 107
173, 43
173, 235
173, 172
173, 108
173, 44
173, 236
173, 173
173, 109
173, 45
173, 237
173, 110
173, 46
173, 238
173, 174
173, 111
173, 47
173, 239
173, 175
173, 112
173, 48
173, 240
173, 176
173, 113
173, 49
173, 241
173, 177
173, 114
173, 50
173, 242
173, 178
173, 115
173, 51
173, 243
173, 179
173, 116
173, 52
173, 244
173, 180
173, 117
173, 53
173, 245
173, 181
173, 118
173, 54
173, 246
173, 182
173, 119
173, 55
173, 247
173, 183
173, 120
173, 56
173, 248
173, 184
173, 121
173, 57
173, 249
173, 185
173, 122
173, 58
173, 250
173, 186
173, 123
173, 59
173, 187
173, 124
173, 60
173, 188
173, 125
173, 61
173, 189
173, 126
173, 62
173, 190
173, 127
173, 63
173, 191
109, 64
109, 192
109, 128
109, 65
109, 1
109, 193
109, 129
109, 66
109, 2
109, 194
109, 130
109, 67
109, 3
109, 195
109, 131
109, 68
109, 4
109, 196
109, 132
109, 69
109, 5
109, 197
109, 133
109, 70
109, 6
109, 198
109, 134
109, 71
109, 7
109, 199
109, 135
109, 72
109, 8
109, 200
109, 136
109, 73
109, 9
109, 201
109, 137
109, 74
109, 10
109, 202
109, 138
109, 75
109, 11
109, 203
109, 139
109, 76
109, 12
109, 204
109, 140
109, 77
109, 13
109, 205
109, 141
109, 78
109, 14
109, 206
109, 142
109, 79
109, 15
109, 207
109, 143
109, 80
109, 16
109, 208
109, 144
109, 81
109, 17
109, 209
109, 145
109, 82
109, 18
109, 210
109, 146
109, 83
109, 19
109, 211
109, 147
109, 84
109, 20
109, 212
109, 148
109, 85
109, 21
109, 213
109, 149
109, 86
109, 22
109, 214
109, 150
109, 87
109, 23
109, 215
109, 151
109, 88
109, 24
109, 216
109, 152
109, 89
109, 25
109, 217
109, 153
109, 90
109, 26
109, 218
109, 154
109, 91
109, 27
109, 219
109, 155
109, 92
109, 28
109, 220
109, 156
109, 93
109, 29
109, 221
109, 157
109, 94
109, 30
109, 222
109, 158
109, 95
109, 31
109, 223
109, 159
109, 96
109, 32
109, 224
109, 160
109, 97
109, 33
109, 225
109, 161
109, 98
109, 34
109, 226
109, 162
109, 99
109, 35
109, 227
109, 163
109, 100
109, 36
109, 228
109, 164
109, 101
109, 37
109, 229
109, 165
109, 102
109, 38
109, 230
109, 166
109, 103
109, 39
109, 231
109, 167
109, 104
109, 40
109, 232
109, 168
109, 105
109, 41
109, 233
109, 169
109, 106
109, 42
109, 234
109, 170
109, 107
109, 43
109, 235
109, 171
109, 108
109, 44
109, 236
109, 172
109, 109
109, 45
109, 237
109, 173
109, 46
109, 238
109, 174
109, 110
109, 47
109, 239
109, 175
109, 111
109, 48
109, 240
109, 176
109, 112
109, 49
109, 241
109, 177
109, 113
109, 50
109, 242
109, 178
109, 114
109, 51
109, 243
109, 179
109, 115
109, 52
109, 244
109, 180
109, 116
109, 53
109, 245
109, 181
109, 117
109, 54
109, 246
109, 182
109, 118
109, 55
109, 247
109, 183
109, 119
109, 56
109, 248
109, 184
109, 120
109, 57
109, 249
109, 185
109, 121
109, 58
109, 250
109, 186
109, 122
109, 59
109, 187
109, 123
109, 60
109, 188
109, 124
109, 61
109, 189
109, 125
109, 62
109, 190
109, 126
109, 63
109, 191
109, 127
45, 192
45, 128
45, 64
45, 1
45, 193
45, 129
45, 65
45, 2
45, 194
45, 130
45, 66
45, 3
45, 195
45, 131
45, 67
45, 4
45, 196
45, 132
45, 68
45, 5
45, 197
45, 133
45, 69
45, 6
45, 198
45, 134
45, 70
45, 7
45, 199
45, 135
45, 71
45, 8
45, 200
45, 136
45, 72
45, 9
45, 201
45, 137
45, 73
45, 10
45, 202
45, 138
45, 74
45, 11
45, 203
45, 139
45, 75
45, 12
45, 204
45, 140
45, 76
45, 13
45, 205
45, 141
45, 77
45, 14
45, 206
45, 142
45, 78
45, 15
45, 207
45, 143
45, 79
45, 16
45, 208
45, 144
45, 80
45, 17
45, 209
45, 145
45, 81
45, 18
45, 210
45, 146
45, 82
45, 19
45, 211
45, 147
45, 83
45, 20
45, 212
45, 148
45, 84
45, 21
45, 213
45, 149
45, 85
45, 22
45, 214
45, 150
45, 86
45, 23
45, 215
45, 151
45, 87
45, 24
45, 216
45, 152
45, 88
45, 25
45, 217
45, 153
45, 89
45, 26
45, 218
45, 154
45, 90
45, 27
45, 219
45, 155
45, 91
45, 28
45, 220
45, 156
45, 92
45, 29
45, 221
45, 157
45, 93
45, 30
45, 222
45, 158
45, 94
45, 31
45, 223
45, 159
45, 95
45, 32
45, 224
45, 160
45, 96
45, 33
45, 225
45, 161
45, 97
45, 34
45, 226
45, 162
45, 98
45, 35
45, 227
45, 163
45, 99
45, 36
45, 228
45, 164
45, 100
45, 37
45, 229
45, 165
45, 101
45, 38
45, 230
45, 166
45, 102
45, 39
45, 231
45, 167
45, 103
45, 40
45, 232
45, 168
45, 104
45, 41
45, 233
45, 169
45, 105
45, 42
45, 234
45, 170
45, 106
45, 43
45, 235
45, 171
45, 107
45, 44
45, 236
45, 172
45, 108
45, 45
45, 237
45, 173
45, 109
45, 238
45, 174
45, 110
45, 46
45, 239
45, 175
45, 111
45, 47
45, 240
45, 176
45, 112
45, 48
45, 241
45, 177
45, 113
45, 49
45, 242
45, 178
45, 114
45, 50
45, 243
45, 179
45, 115
45, 51
45, 244
45, 180
45, 116
45, 52
45, 245
45, 181
45, 117
45, 53
45, 246
45, 182
45, 118
45, 54
45, 247
45, 183
45, 119
45, 55
45, 248
45, 184
45, 120
45, 56
45, 249
45, 185
45, 121
45, 57
45, 250
45, 186
45, 122
45, 58
45, 187
45, 123
45, 59
45, 188
45, 124
45, 60
45, 189
45, 125
45, 61
45, 190
45, 126
45, 62
45, 191
45, 127
45, 63
238, 192
238, 128
238, 64
238, 193
238, 129
238, 65
238, 1
238, 194
238, 130
238, 66
238, 2
238, 195
238, 131
238, 67
238, 3
238, 196
238, 132
238, 68
238, 4
238, 197
238, 133
238, 69
238, 5
238, 198
238, 134
238, 70
238, 6
238, 199
238, 135
238, 71
238, 7
238, 200
238, 136
238, 72
238, 8
238, 201
238, 137
238, 73
238, 9
238, 202
238, 138
238, 74
238, 10
238, 203
238, 139
238, 75
238, 11
238, 204
238, 140
238, 76
238, 12
238, 205
238, 141
238, 77
238, 13
238, 206
238, 142
238, 78
238, 14
238, 207
238, 143
238, 79
238, 15
238, 208
238, 144
238, 80
238, 16
238, 209
238, 145
238, 81
238, 17
238, 210
238, 146
238, 82
238, 18
238, 211
238, 147
238, 83
238, 19
238, 212
238, 148
238, 84
238, 20
238, 213
238, 149
238, 85
238, 21
238, 214
238, 150
238, 86
238, 22
238, 215
238, 151
238, 87
238, 23
238, 216
238, 152
238, 88
238, 24
238, 217
238, 153
238, 89
238, 25
238, 218
238, 154
238, 90
238, 26
238, 219
238, 155
238, 91
238, 27
238, 220
238, 156
238, 92
238, 28
238, 221
238, 157
238, 93
238, 29
238, 222
238, 158
238, 94
238, 30
238, 223
238, 159
238, 95
238, 31
238, 224
238, 160
238, 96
238, 32
238, 225
238, 161
238, 97
238, 33
238, 226
238, 162
238, 98
238, 34
238, 227
238, 163
238, 99
238, 35
238, 228
238, 164
238, 100
238, 36
238, 229
238, 165
238, 101
238, 37
238, 230
238, 166
238, 102
238, 38
238, 231
238, 167
238, 103
238, 39
238, 232
238, 168
238, 104
238, 40
238, 233
238, 169
238, 105
238, 41
238, 234
238, 170
238, 106
238, 42
238, 235
238, 171
238, 107
238, 43
238, 236
238, 172
238, 108
238, 44
238, 237
238, 173
238, 109
238, 45
238, 238
238, 174
238, 110
238, 46
238, 175
238, 111
238, 47
238, 239
238, 176
238, 112
238, 48
238, 240
238, 177
238, 113
238, 49
238, 241
238, 178
238, 114
238, 50
238, 242
238, 179
238, 115
238, 51
238, 243
238, 180
238, 116
238, 52
238, 244
238, 181
238, 117
238, 53
238, 245
238, 182
238, 118
238, 54
238, 246
238, 183
238, 119
238, 55
238, 247
238, 184
238, 120
238, 56
238, 248
238, 185
238, 121
238, 57
238, 249
238, 186
238, 122
238, 58
238, 250
238, 187
238, 123
238, 59
238, 188
238, 124
238, 60
238, 189
238, 125
238, 61
238, 190
238, 126
238, 62
238, 191
238, 127
238, 63
174, 128
174, 64
174, 192
174, 129
174, 65
174, 1
174, 193
174, 130
174, 66
174, 2
174, 194
174, 131
174, 67
174, 3
174, 195
174, 132
174, 68
174, 4
174, 196
174, 133
174, 69
174, 5
174, 197
174, 134
174, 70
174, 6
174, 198
174, 135
174, 71
174, 7
174, 199
174, 136
174, 72
174, 8
174, 200
174, 137
174, 73
174, 9
174, 201
174, 138
174, 74
174, 10
174, 202
174, 139
174, 75
174, 11
174, 203
174, 140
174, 76
174, 12
174, 204
174, 141
174, 77
174, 13
174, 205
174, 142
174, 78
174, 14
174, 206
174, 143
174, 79
174, 15
174, 207
174, 144
174, 80
174, 16
174, 208
174, 145
174, 81
174, 17
174, 209
174, 146
174, 82
174, 18
174, 210
174, 147
174, 83
174, 19
174, 211
174, 148
174, 84
174, 20
174, 212
174, 149
174, 85
174, 21
174, 213
174, 150
174, 86
174, 22
174, 214
174, 151
174, 87
174, 23
174, 215
174, 152
174, 88
174, 24
174, 216
174, 153
174, 89
174, 25
174, 217
174, 154
174, 90
174, 26
174, 218
174, 155
174, 91
174, 27
174, 219
174, 156
174, 92
174, 28
174, 220
174, 157
174, 93
174, 29
174, 221
174, 158
174, 94
174, 30
174, 222
174, 159
174, 95
174, 31
174, 223
174, 160
174, 96
174, 32
174, 224
174, 161
174, 97
174, 33
174, 225
174, 162
174, 98
174, 34
174, 226
174, 163
174, 99
174, 35
174, 227
174, 164
174, 100
174, 36
174, 228
174, 165
174, 101
174, 37
174, 229
174, 166
174, 102
174, 38
174, 230
174, 167
174, 103
174, 39
174, 231
174, 168
174, 104
174, 40
174, 232
174, 169
174, 105
174, 41
174, 233
174, 170
174, 106
174, 42
174, 234
174, 171
174, 107
174, 43
174, 235
174, 172
174, 108
174, 44
174, 236
174, 173
174, 109
174, 45
174, 237
174, 174
174, 110
174, 46
174, 238
174, 111
174, 47
174, 239
174, 175
174, 112
174, 48
174, 240
174, 176
174, 113
174, 49
174, 241
174, 177
174, 114
174, 50
174, 242
174, 178
174, 115
174, 51
174, 243
174, 179
174, 116
174, 52
174, 244
174, 180
174, 117
174, 53
174, 245
174, 181
174, 118
174, 54
174, 246
174, 182
174, 119
174, 55
174, 247
174, 183
174, 120
174, 56
174, 248
174, 184
174, 121
174, 57
174, 249
174, 185
174, 122
174, 58
174, 250
174, 186
174, 123
174, 59
174, 187
174, 124
174, 60
174, 188
174, 125
174, 61
174, 189
174, 126
174, 62
174, 190
174, 127
174, 63
174, 191
110, 64
110, 192
110, 128
110, 65
110, 1
110, 193
110, 129
110, 66
110, 2
110, 194
110, 130
110, 67
110, 3
110, 195
110, 131
110, 68
110, 4
110, 196
110, 132
110, 69
110, 5
110, 197
110, 133
110, 70
110, 6
110, 198
110, 134
110, 71
110, 7
110, 199
110, 135
110, 72
110, 8
110, 200
110, 136
110, 73
110, 9
110, 201
110, 137
110, 74
110, 10
110, 202
110, 138
110, 75
110, 11
110, 203
110, 139
110, 76
110, 12
110, 204
110, 140
110, 77
110, 13
110, 205
110, 141
110, 78
110, 14
110, 206
110, 142
110, 79
110, 15
110, 207
110, 143
110, 80
110, 16
110, 208
110, 144
110, 81
110, 17
110, 209
110, 145
110, 82
110, 18
110, 210
110, 146
110, 83
110, 19
110, 211
110, 147
110, 84
110, 20
110, 212
110, 148
110, 85
110, 21
110, 213
110, 149
110, 86
110, 22
110, 214
110, 150
110, 87
110, 23
110, 215
110, 151
110, 88
110, 24
110, 216
110, 152
110, 89
110, 25
110, 217
110, 153
110, 90
110, 26
110, 218
110, 154
110, 91
110, 27
110, 219
110, 155
110, 92
110, 28
110, 220
110, 156
110, 93
110, 29
110, 221
110, 157
110, 94
110, 30
110, 222
110, 158
110, 95
110, 31
110, 223
110, 159
110, 96
110, 32
110, 224
110, 160
110, 97
110, 33
110, 225
110, 161
110, 98
110, 34
110, 226
110, 162
110, 99
110, 35
110, 227
110, 163
110, 100
110, 36
110, 228
110, 164
110, 101
110, 37
110, 229
110, 165
110, 102
110, 38
110, 230
110, 166
110, 103
110, 39
110, 231
110, 167
110, 104
110, 40
110, 232
110, 168
110, 105
110, 41
110, 233
110, 169
110, 106
110, 42
110, 234
110, 170
110, 107
110, 43
110, 235
110, 171
110, 108
110, 44
110, 236
110, 172
110, 109
110, 45
110, 237
110, 173
110, 110
110, 46
110, 238
110, 174
110, 47
110, 239
110, 175
110, 111
110, 48
110, 240
110, 176
110, 112
110, 49
110, 241
110, 177
110, 113
110, 50
110, 242
110, 178
110, 114
110, 51
110, 243
110, 179
110, 115
110, 52
110, 244
110, 180
110, 116
110, 53
110, 245
110, 181
110, 117
110, 54
110, 246
110, 182
110, 118
110, 55
110, 247
110, 183
110, 119
110, 56
110, 248
110, 184
110, 120
110, 57
110, 249
110, 185
110, 121
110, 58
110, 250
110, 186
110, 122
110, 59
110, 187
110, 123
110, 60
110, 188
110, 124
110, 61
110, 189
110, 125
110, 62
110, 190
110, 126
110, 63
110, 191
110, 127
46, 192
46, 128
46, 64
46, 1
46, 193
46, 129
46, 65
46, 2
46, 194
46, 130
46, 66
46, 3
46, 195
46, 131
46, 67
46, 4
46, 196
46, 132
46, 68
46, 5
46, 197
46, 133
46, 69
46, 6
46, 198
46, 134
46, 70
46, 7
46, 199
46, 135
46, 71
46, 8
46, 200
46, 136
46, 72
46, 9
46, 201
46, 137
46, 73
46, 10
46, 202
46, 138
46, 74
46, 11
46, 203
46, 139
46, 75
46, 12
46, 204
46, 140
46, 76
46, 13
46, 205
46, 141
46, 77
46, 14
46, 206
46, 142
46, 78
46, 15
46, 207
46, 143
46, 79
46, 16
46, 208
46, 144
46, 80
46, 17
46, 209
46, 145
46, 81
46, 18
46, 210
46, 146
46, 82
46, 19
46, 211
46, 147
46, 83
46, 20
46, 212
46, 148
46, 84
46, 21
46, 213
46, 149
46, 85
46, 22
46, 214
46, 150
46, 86
46, 23
46, 215
46, 151
46, 87
46, 24
46, 216
46, 152
46, 88
46, 25
46, 217
46, 153
46, 89
46, 26
46, 218
46, 154
46, 90
46, 27
46, 219
46, 155
46, 91
46, 28
46, 220
46, 156
46, 92
46, 29
46, 221
46, 157
46, 93
46, 30
46, 222
46, 158
46, 94
46, 31
46, 223
46, 159
46, 95
46, 32
46, 224
46, 160
46, 96
46, 33
46, 225
46, 161
46, 97
46, 34
46, 226
46, 162
46, 98
46, 35
46, 227
46, 163
46, 99
46, 36
46, 228
46, 164
46, 100
46, 37
46, 229
46, 165
46, 101
46, 38
46, 230
46, 166
46, 102
46, 39
46, 231
46, 167
46, 103
46, 40
46, 232
46, 168
46, 104
46, 41
46, 233
46, 169
46, 105
46, 42
46, 234
46, 170
46, 106
46, 43
46, 235
46, 171
46, 107
46, 44
46, 236
46, 172
46, 108
46, 45
46, 237
46, 173
46, 109
46, 46
46, 238
46, 174
46, 110
46, 239
46, 175
46, 111
46, 47
46, 240
46, 176
46, 112
46, 48
46, 241
46, 177
46, 113
46, 49
46, 242
46, 178
46, 114
46, 50
46, 243
46, 179
46, 115
46, 51
46, 244
46, 180
46, 116
46, 52
46, 245
46, 181
46, 117
46, 53
46, 246
46, 182
46, 118
46, 54
46, 247
46, 183
46, 119
46, 55
46, 248
46, 184
46, 120
46, 56
46, 249
46, 185
46, 121
46, 57
46, 250
46, 186
46, 122
46, 58
46, 187
46, 123
46, 59
46, 188
46, 124
46, 60
46, 189
46, 125
46, 61
46, 190
46, 126
46, 62
46, 191
46, 127
46, 63
239, 192
239, 128
239, 64
239, 193
239, 129
239, 65
239, 1
239, 194
239, 130
239, 66
239, 2
239, 195
239, 131
239, 67
239, 3
239, 196
239, 132
239, 68
239, 4
239, 197
239, 133
239, 69
239, 5
239, 198
239, 134
239, 70
239, 6
239, 199
239, 135
239, 71
239, 7
239, 200
239, 136
239, 72
239, 8
239, 201
239, 137
239, 73
239, 9
239, 202
239, 138
239, 74
239, 10
239, 203
239, 139
239, 75
239, 11
239, 204
239, 140
239, 76
239, 12
239, 205
239, 141
239, 77
239, 13
239, 206
239, 142
239, 78
239, 14
239, 207
239, 143
239, 79
239, 15
239, 208
239, 144
239, 80
239, 16
239, 209
239, 145
239, 81
239, 17
239, 210
239, 146
239, 82
239, 18
239, 211
239, 147
239, 83
239, 19
239, 212
239, 148
239, 84
239, 20
239, 213
239, 149
239, 85
239, 21
239, 214
239, 150
239, 86
239, 22
239, 215
239, 151
239, 87
239, 23
239, 216
239, 152
239, 88
239, 24
239, 217
239, 153
239, 89
239, 25
239, 218
239, 154
239, 90
239, 26
239, 219
239, 155
239, 91
239, 27
239, 220
239, 156
239, 92
239, 28
239, 221
239, 157
239, 93
239, 29
239, 222
239, 158
239, 94
239, 30
239, 223
239, 159
239, 95
239, 31
239, 224
239, 160
239, 96
239, 32
239, 225
239, 161
239, 97
239, 33
239, 226
239, 162
239, 98
239, 34
239, 227
239, 163
239, 99
239, 35
239, 228
239, 164
239, 100
239, 36
239, 229
239, 165
239, 101
239, 37
239, 230
239, 166
239, 102
239, 38
239, 231
239, 167
239, 103
239, 39
239, 232
239, 168
239, 104
239, 40
239, 233
239, 169
239, 105
239, 41
239, 234
239, 170
239, 106
239, 42
239, 235
239, 171
239, 107
239, 43
239, 236
239, 172
239, 108
239, 44
239, 237
239, 173
239, 109
239, 45
239, 238
239, 174
239, 110
239, 46
239, 239
239, 175
239, 111
239, 47
239, 176
239, 112
239, 48
239, 240
239, 177
239, 113
239, 49
239, 241
239, 178
239, 114
239, 50
239, 242
239, 179
239, 115
239, 51
239, 243
239, 180
239, 116
239, 52
239, 244
239, 181
239, 117
239, 53
239, 245
239, 182
239, 118
239, 54
239, 246
239, 183
239, 119
239, 55
239, 247
239, 184
239, 120
239, 56
239, 248
239, 185
239, 121
239, 57
239, 249
239, 186
239, 122
239, 58
239, 250
239, 187
239, 123
239, 59
239, 188
239, 124
239, 60
239, 189
239, 125
239, 61
239, 190
239, 126
239, 62
239, 191
239, 127
239, 63
175, 128
175, 64
175, 192
175, 129
175, 65
175, 1
175, 193
175, 130
175, 66
175, 2
175, 194
175, 131
175, 67
175, 3
175, 195
175, 132
175, 68
175, 4
175, 196
175, 133
175, 69
175, 5
175, 197
175, 134
175, 70
175, 6
175, 198
175, 135
175, 71
175, 7
175, 199
175, 136
175, 72
175, 8
175, 200
175, 137
175, 73
175, 9
175, 201
175, 138
175, 74
175, 10
175, 202
175, 139
175, 75
175, 11
175, 203
175, 140
175, 76
175, 12
175, 204
175, 141
175, 77
175, 13
175, 205
175, 142
175, 78
175, 14
175, 206
175, 143
175, 79
175, 15
175, 207
175, 144
175, 80
175, 16
175, 208
175, 145
175, 81
175, 17
175, 209
175, 146
175, 82
175, 18
175, 210
175, 147
175, 83
175, 19
175, 211
175, 148
175, 84
175, 20
175, 212
175, 149
175, 85
175, 21
175, 213
175, 150
175, 86
175, 22
175, 214
175, 151
175, 87
175, 23
175, 215
175, 152
175, 88
175, 24
175, 216
175, 153
175, 89
175, 25
175, 217
175, 154
175, 90
175, 26
175, 218
175, 155
175, 91
175, 27
175, 219
175, 156
175, 92
175, 28
175, 220
175, 157
175, 93
175, 29
175, 221
175, 158
175, 94
175, 30
175, 222
175, 159
175, 95
175, 31
175, 223
175, 160
175, 96
175, 32
175, 224
175, 161
175, 97
175, 33
175, 225
175, 162
175, 98
175, 34
175, 226
175, 163
175, 99
175, 35
175, 227
175, 164
175, 100
175, 36
175, 228
175, 165
175, 101
175, 37
175, 229
175, 166
175, 102
175, 38
175, 230
175, 167
175, 103
175, 39
175, 231
175, 168
175, 104
175, 40
175, 232
175, 169
175, 105
175, 41
175, 233
175, 170
175, 106
175, 42
175, 234
175, 171
175, 107
175, 43
175, 235
175, 172
175, 108
175, 44
175, 236
175, 173
175, 109
175, 45
175, 237
175, 174
175, 110
175, 46
175, 238
175, 175
175, 111
175, 47
175, 239
175, 112
175, 48
175, 240
175, 176
175, 113
175, 49
175, 241
175, 177
175, 114
175, 50
175, 242
175, 178
175, 115
175, 51
175, 243
175, 179
175, 116
175, 52
175, 244
175, 180
175, 117
175, 53
175, 245
175, 181
175, 118
175, 54
175, 246
175, 182
175, 119
175, 55
175, 247
175, 183
175, 120
175, 56
175, 248
175, 184
175, 121
175, 57
175, 249
175, 185
175, 122
175, 58
175, 250
175, 186
175, 123
175, 59
175, 187
175, 124
175, 60
175, 188
175, 125
175, 61
175, 189
175, 126
175, 62
175, 190
175, 127
175, 63
175, 191
111, 64
111, 192
111, 128
111, 65
111, 1
111, 193
111, 129
111, 66
111, 2
111, 194
111, 130
111, 67
111, 3
111, 195
111, 131
111, 68
111, 4
111, 196
111, 132
111, 69
111, 5
111, 197
111, 133
111, 70
111, 6
111, 198
111, 134
111, 71
111, 7
111, 199
111, 135
111, 72
111, 8
111, 200
111, 136
111, 73
111, 9
111, 201
111, 137
111, 74
111, 10
111, 202
111, 138
111, 75
111, 11
111, 203
111, 139
111, 76
111, 12
111, 204
111, 140
111, 77
111, 13
111, 205
111, 141
111, 78
111, 14
111, 206
111, 142
111, 79
111, 15
111, 207
111, 143
111, 80
111, 16
111, 208
111, 144
111, 81
111, 17
111, 209
111, 145
111, 82
111, 18
111, 210
111, 146
111, 83
111, 19
111, 211
111, 147
111, 84
111, 20
111, 212
111, 148
111, 85
111, 21
111, 213
111, 149
111, 86
111, 22
111, 214
111, 150
111, 87
111, 23
111, 215
111, 151
111, 88
111, 24
111, 216
111, 152
111, 89
111, 25
111, 217
111, 153
111, 90
111, 26
111, 218
111, 154
111, 91
111, 27
111, 219
111, 155
111, 92
111, 28
111, 220
111, 156
111, 93
111, 29
111, 221
111, 157
111, 94
111, 30
111, 222
111, 158
111, 95
111, 31
111, 223
111, 159
111, 96
111, 32
111, 224
111, 160
111, 97
111, 33
111, 225
111, 161
111, 98
111, 34
111, 226
111, 162
111, 99
111, 35
111, 227
111, 163
111, 100
111, 36
111, 228
111, 164
111, 101
111, 37
111, 229
111, 165
111, 102
111, 38
111, 230
111, 166
111, 103
111, 39
111, 231
111, 167
111, 104
111, 40
111, 232
111, 168
111, 105
111, 41
111, 233
111, 169
111, 106
111, 42
111, 234
111, 170
111, 107
111, 43
111, 235
111, 171
111, 108
111, 44
111, 236
111, 172
111, 109
111, 45
111, 237
111, 173
111, 110
111, 46
111, 238
111, 174
111, 111
111, 47
111, 239
111, 175
111, 48
111, 240
111, 176
111, 112
111, 49
111, 241
111, 177
111, 113
111, 50
111, 242
111, 178
111, 114
111, 51
111, 243
111, 179
111, 115
111, 52
111, 244
111, 180
111, 116
111, 53
111, 245
111, 181
111, 117
111, 54
111, 246
111, 182
111, 118
111, 55
111, 247
111, 183
111, 119
111, 56
111, 248
111, 184
111, 120
111, 57
111, 249
111, 185
111, 121
111, 58
111, 250
111, 186
111, 122
111, 59
111, 187
111, 123
111, 60
111, 188
111, 124
111, 61
111, 189
111, 125
111, 62
111, 190
111, 126
111, 63
111, 191
111, 127
47, 192
47, 128
47, 64
47, 1
47, 193
47, 129
47, 65
47, 2
47, 194
47, 130
47, 66
47, 3
47, 195
47, 131
47, 67
47, 4
47, 196
47, 132
47, 68
47, 5
47, 197
47, 133
47, 69
47, 6
47, 198
47, 134
47, 70
47, 7
47, 199
47, 135
47, 71
47, 8
47, 200
47, 136
47, 72
47, 9
47, 201
47, 137
47, 73
47, 10
47, 202
47, 138
47, 74
47, 11
47, 203
47, 139
47, 75
47, 12
47, 204
47, 140
47, 76
47, 13
47, 205
47, 141
47, 77
47, 14
47, 206
47, 142
47, 78
47, 15
47, 207
47, 143
47, 79
47, 16
47, 208
47, 144
47, 80
47, 17
47, 209
47, 145
47, 81
47, 18
47, 210
47, 146
47, 82
47, 19
47, 211
47, 147
47, 83
47, 20
47, 212
47, 148
47, 84
47, 21
47, 213
47, 149
47, 85
47, 22
47, 214
47, 150
47, 86
47, 23
47, 215
47, 151
47, 87
47, 24
47, 216
47, 152
47, 88
47, 25
47, 217
47, 153
47, 89
47, 26
47, 218
47, 154
47, 90
47, 27
47, 219
47, 155
47, 91
47, 28
47, 220
47, 156
47, 92
47, 29
47, 221
47, 157
47, 93
47, 30
47, 222
47, 158
47, 94
47, 31
47, 223
47, 159
47, 95
47, 32
47, 224
47, 160
47, 96
47, 33
47, 225
47, 161
47, 97
47, 34
47, 226
47, 162
47, 98
47, 35
47, 227
47, 163
47, 99
47, 36
47, 228
47, 164
47, 100
47, 37
47, 229
47, 165
47, 101
47, 38
47, 230
47, 166
47, 102
47, 39
47, 231
47, 167
47, 103
47, 40
47, 232
47, 168
47, 104
47, 41
47, 233
47, 169
47, 105
47, 42
47, 234
47, 170
47, 106
47, 43
47, 235
47, 171
47, 107
47, 44
47, 236
47, 172
47, 108
47, 45
47, 237
47, 173
47, 109
47, 46
47, 238
47, 174
47, 110
47, 47
47, 239
47, 175
47, 111
47, 240
47, 176
47, 112
47, 48
47, 241
47, 177
47, 113
47, 49
47, 242
47, 178
47, 114
47, 50
47, 243
47, 179
47, 115
47, 51
47, 244
47, 180
47, 116
47, 52
47, 245
47, 181
47, 117
47, 53
47, 246
47, 182
47, 118
47, 54
47, 247
47, 183
47, 119
47, 55
47, 248
47, 184
47, 120
47, 56
47, 249
47, 185
47, 121
47, 57
47, 250
47, 186
47, 122
47, 58
47, 187
47, 123
47, 59
47, 188
47, 124
47, 60
47, 189
47, 125
47, 61
47, 190
47, 126
47, 62
47, 191
47, 127
47, 63
240, 192
240, 128
240, 64
240, 193
240, 129
240, 65
240, 1
240, 194
240, 130
240, 66
240, 2
240, 195
240, 131
240, 67
240, 3
240, 196
240, 132
240, 68
240, 4
240, 197
240, 133
240, 69
240, 5
240, 198
240, 134
240, 70
240, 6
240, 199
240, 135
240, 71
240, 7
240, 200
240, 136
240, 72
240, 8
240, 201
240, 137
240, 73
240, 9
240, 202
240, 138
240, 74
240, 10
240, 203
240, 139
240, 75
240, 11
240, 204
240, 140
240, 76
240, 12
240, 205
240, 141
240, 77
240, 13
240, 206
240, 142
240, 78
240, 14
240, 207
240, 143
240, 79
240, 15
240, 208
240, 144
240, 80
240, 16
240, 209
240, 145
240, 81
240, 17
240, 210
240, 146
240, 82
240, 18
240, 211
240, 147
240, 83
240, 19
240, 212
240, 148
240, 84
240, 20
240, 213
240, 149
240, 85
240, 21
240, 214
240, 150
240, 86
240, 22
240, 215
240, 151
240, 87
240, 23
240, 216
240, 152
240, 88
240, 24
240, 217
240, 153
240, 89
240, 25
240, 218
240, 154
240, 90
240, 26
240, 219
240, 155
240, 91
240, 27
240, 220
240, 156
240, 92
240, 28
240, 221
240, 157
240, 93
240, 29
240, 222
240, 158
240, 94
240, 30
240, 223
240, 159
240, 95
240, 31
240, 224
240, 160
240, 96
240, 32
240, 225
240, 161
240, 97
240, 33
240, 226
240, 162
240, 98
240, 34
240, 227
240, 163
240, 99
240, 35
240, 228
240, 164
240, 100
240, 36
240, 229
240, 165
240, 101
240, 37
240, 230
240, 166
240, 102
240, 38
240, 231
240, 167
240, 103
240, 39
240, 232
240, 168
240, 104
240, 40
240, 233
240, 169
240, 105
240, 41
240, 234
240, 170
240, 106
240, 42
240, 235
240, 171
240, 107
240, 43
240, 236
240, 172
240, 108
240, 44
240, 237
240, 173
240, 109
240, 45
240, 238
240, 174
240, 110
240, 46
240, 239
240, 175
240, 111
240, 47
240, 240
240, 176
240, 112
240, 48
240, 177
240, 113
240, 49
240, 241
240, 178
240, 114
240, 50
240, 242
240, 179
240, 115
240, 51
240, 243
240, 180
240, 116
240, 52
240, 244
240, 181
240, 117
240, 53
240, 245
240, 182
240, 118
240, 54
240, 246
240, 183
240, 119
240, 55
240, 247
240, 184
240, 120
240, 56
240, 248
240, 185
240, 121
240, 57
240, 249
240, 186
240, 122
240, 58
240, 250
240, 187
240, 123
240, 59
240, 188
240, 124
240, 60
240, 189
240, 125
240, 61
240, 190
240, 126
240, 62
240, 191
240, 127
240, 63
176, 128
176, 64
176, 192
176, 129
176, 65
176, 1
176, 193
176, 130
176, 66
176, 2
176, 194
176, 131
176, 67
176, 3
176, 195
176, 132
176, 68
176, 4
176, 196
176, 133
176, 69
176, 5
176, 197
176, 134
176, 70
176, 6
176, 198
176, 135
176, 71
176, 7
176, 199
176, 136
176, 72
176, 8
176, 200
176, 137
176, 73
176, 9
176, 201
176, 138
176, 74
176, 10
176, 202
176, 139
176, 75
176, 11
176, 203
176, 140
176, 76
176, 12
176, 204
176, 141
176, 77
176, 13
176, 205
176, 142
176, 78
176, 14
176, 206
176, 143
176, 79
176, 15
176, 207
176, 144
176, 80
176, 16
176, 208
176, 145
176, 81
176, 17
176, 209
176, 146
176, 82
176, 18
176, 210
176, 147
176, 83
176, 19
176, 211
176, 148
176, 84
176, 20
176, 212
176, 149
176, 85
176, 21
176, 213
176, 150
176, 86
176, 22
176, 214
176, 151
176, 87
176, 23
176, 215
176, 152
176, 88
176, 24
176, 216
176, 153
176, 89
176, 25
176, 217
176, 154
176, 90
176, 26
176, 218
176, 155
176, 91
176, 27
176, 219
176, 156
176, 92
176, 28
176, 220
176, 157
176, 93
176, 29
176, 221
176, 158
176, 94
176, 30
176, 222
176, 159
176, 95
176, 31
176, 223
176, 160
176, 96
176, 32
176, 224
176, 161
176, 97
176, 33
176, 225
176, 162
176, 98
176, 34
176, 226
176, 163
176, 99
176, 35
176, 227
176, 164
176, 100
176, 36
176, 228
176, 165
176, 101
176, 37
176, 229
176, 166
176, 102
176, 38
176, 230
176, 167
176, 103
176, 39
176, 231
176, 168
176, 104
176, 40
176, 232
176, 169
176, 105
176, 41
176, 233
176, 170
176, 106
176, 42
176, 234
176, 171
176, 107
176, 43
176, 235
176, 172
176, 108
176, 44
176, 236
176, 173
176, 109
176, 45
176, 237
176, 174
176, 110
176, 46
176, 238
176, 175
176, 111
176, 47
176, 239
176, 176
176, 112
176, 48
176, 240
176, 113
176, 49
176, 241
176, 177
176, 114
176, 50
176, 242
176, 178
176, 115
176, 51
176, 243
176, 179
176, 116
176, 52
176, 244
176, 180
176, 117
176, 53
176, 245
176, 181
176, 118
176, 54
176, 246
176, 182
176, 119
176, 55
176, 247
176, 183
176, 120
176, 56
176, 248
176, 184
176, 121
176, 57
176, 249
176, 185
176, 122
176, 58
176, 250
176, 186
176, 123
176, 59
176, 187
176, 124
176, 60
176, 188
176, 125
176, 61
176, 189
176, 126
176, 62
176, 190
176, 127
176, 63
176, 191
112, 64
112, 192
112, 128
112, 65
112, 1
112, 193
112, 129
112, 66
112, 2
112, 194
112, 130
112, 67
112, 3
112, 195
112, 131
112, 68
112, 4
112, 196
112, 132
112, 69
112, 5
112, 197
112, 133
112, 70
112, 6
112, 198
112, 134
112, 71
112, 7
112, 199
112, 135
112, 72
112, 8
112, 200
112, 136
112, 73
112, 9
112, 201
112, 137
112, 74
112, 10
112, 202
112, 138
112, 75
112, 11
112, 203
112, 139
112, 76
112, 12
112, 204
112, 140
112, 77
112, 13
112, 205
112, 141
112, 78
112, 14
112, 206
112, 142
112, 79
112, 15
112, 207
112, 143
112, 80
112, 16
112, 208
112, 144
112, 81
112, 17
112, 209
112, 145
112, 82
112, 18
112, 210
112, 146
112, 83
112, 19
112, 211
112, 147
112, 84
112, 20
112, 212
112, 148
112, 85
112, 21
112, 213
112, 149
112, 86
112, 22
112, 214
112, 150
112, 87
112, 23
112, 215
112, 151
112, 88
112, 24
112, 216
112, 152
112, 89
112, 25
112, 217
112, 153
112, 90
112, 26
112, 218
112, 154
112, 91
112, 27
112, 219
112, 155
112, 92
112, 28
112, 220
112, 156
112, 93
112, 29
112, 221
112, 157
112, 94
112, 30
112, 222
112, 158
112, 95
112, 31
112, 223
112, 159
112, 96
112, 32
112, 224
112, 160
112, 97
112, 33
112, 225
112, 161
112, 98
112, 34
112, 226
112, 162
112, 99
112, 35
112, 227
112, 163
112, 100
112, 36
112, 228
112, 164
112, 101
112, 37
112, 229
112, 165
112, 102
112, 38
112, 230
112, 166
112, 103
112, 39
112, 231
112, 167
112, 104
112, 40
112, 232
112, 168
112, 105
112, 41
112, 233
112, 169
112, 106
112, 42
112, 234
112, 170
112, 107
112, 43
112, 235
112, 171
112, 108
112, 44
112, 236
112, 172
112, 109
112, 45
112, 237
112, 173
112, 110
112, 46
112, 238
112, 174
112, 111
112, 47
112, 239
112, 175
112, 112
112, 48
112, 240
112, 176
112, 49
112, 241
112, 177
112, 113
112, 50
112, 242
112, 178
112, 114
112, 51
112, 243
112, 179
112, 115
112, 52
112, 244
112, 180
112, 116
112, 53
112, 245
112, 181
112, 117
112, 54
112, 246
112, 182
112, 118
112, 55
112, 247
112, 183
112, 119
112, 56
112, 248
112, 184
112, 120
112, 57
112, 249
112, 185
112, 121
112, 58
112, 250
112, 186
112, 122
112, 59
112, 187
112, 123
112, 60
112, 188
112, 124
112, 61
112, 189
112, 125
112, 62
112, 190
112, 126
112, 63
112, 191
112, 127
48, 192
48, 128
48, 64
48, 1
48, 193
48, 129
48, 65
48, 2
48, 194
48, 130
48, 66
48, 3
48, 195
48, 131
48, 67
48, 4
48, 196
48, 132
48, 68
48, 5
48, 197
48, 133
48, 69
48, 6
48, 198
48, 134
48, 70
48, 7
48, 199
48, 135
48, 71
48, 8
48, 200
48, 136
48, 72
48, 9
48, 201
48, 137
48, 73
48, 10
48, 202
48, 138
48, 74
48, 11
48, 203
48, 139
48, 75
48, 12
48, 204
48, 140
48, 76
48, 13
48, 205
48, 141
48, 77
48, 14
48, 206
48, 142
48, 78
48, 15
48, 207
48, 143
48, 79
48, 16
48, 208
48, 144
48, 80
48, 17
48, 209
48, 145
48, 81
48, 18
48, 210
48, 146
48, 82
48, 19
48, 211
48, 147
48, 83
48, 20
48, 212
48, 148
48, 84
48, 21
48, 213
48, 149
48, 85
48, 22
48, 214
48, 150
48, 86
48, 23
48, 215
48, 151
48, 87
48, 24
48, 216
48, 152
48, 88
48, 25
48, 217
48, 153
48, 89
48, 26
48, 218
48, 154
48, 90
48, 27
48, 219
48, 155
48, 91
48, 28
48, 220
48, 156
48, 92
48, 29
48, 221
48, 157
48, 93
48, 30
48, 222
48, 158
48, 94
48, 31
48, 223
48, 159
48, 95
48, 32
48, 224
48, 160
48, 96
48, 33
48, 225
48, 161
48, 97
48, 34
48, 226
48, 162
48, 98
48, 35
48, 227
48, 163
48, 99
48, 36
48, 228
48, 164
48, 100
48, 37
48, 229
48, 165
48, 101
48, 38
48, 230
48, 166
48, 102
48, 39
48, 231
48, 167
48, 103
48, 40
48, 232
48, 168
48, 104
48, 41
48, 233
48, 169
48, 105
48, 42
48, 234
48, 170
48, 106
48, 43
48, 235
48, 171
48, 107
48, 44
48, 236
48, 172
48, 108
48, 45
48, 237
48, 173
48, 109
48, 46
48, 238
48, 174
48, 110
48, 47
48, 239
48, 175
48, 111
48, 48
48, 240
48, 176
48, 112
48, 241
48, 177
48, 113
48, 49
48, 242
48, 178
48, 114
48, 50
48, 243
48, 179
48, 115
48, 51
48, 244
48, 180
48, 116
48, 52
48, 245
48, 181
48, 117
48, 53
48, 246
48, 182
48, 118
48, 54
48, 247
48, 183
48, 119
48, 55
48, 248
48, 184
48, 120
48, 56
48, 249
48, 185
48, 121
48, 57
48, 250
48, 186
48, 122
48, 58
48, 187
48, 123
48, 59
48, 188
48, 124
48, 60
48, 189
48, 125
48, 61
48, 190
48, 126
48, 62
48, 191
48, 127
48, 63
241, 192
241, 128
241, 64
241, 193
241, 129
241, 65
241, 1
241, 194
241, 130
241, 66
241, 2
241, 195
241, 131
241, 67
241, 3
241, 196
241, 132
241, 68
241, 4
241, 197
241, 133
241, 69
241, 5
241, 198
241, 134
241, 70
241, 6
241, 199
241, 135
241, 71
241, 7
241, 200
241, 136
241, 72
241, 8
241, 201
241, 137
241, 73
241, 9
241, 202
241, 138
241, 74
241, 10
241, 203
241, 139
241, 75
241, 11
241, 204
241, 140
241, 76
241, 12
241, 205
241, 141
241, 77
241, 13
241, 206
241, 142
241, 78
241, 14
241, 207
241, 143
241, 79
241, 15
241, 208
241, 144
241, 80
241, 16
241, 209
241, 145
241, 81
241, 17
241, 210
241, 146
241, 82
241, 18
241, 211
241, 147
241, 83
241, 19
241, 212
241, 148
241, 84
241, 20
241, 213
241, 149
241, 85
241, 21
241, 214
241, 150
241, 86
241, 22
241, 215
241, 151
241, 87
241, 23
241, 216
241, 152
241, 88
241, 24
241, 217
241, 153
241, 89
241, 25
241, 218
241, 154
241, 90
241, 26
241, 219
241, 155
241, 91
241, 27
241, 220
241, 156
241, 92
241, 28
241, 221
241, 157
241, 93
241, 29
241, 222
241, 158
241, 94
241, 30
241, 223
241, 159
241, 95
241, 31
241, 224
241, 160
241, 96
241, 32
241, 225
241, 161
241, 97
241, 33
241, 226
241, 162
241, 98
241, 34
241, 227
241, 163
241, 99
241, 35
241, 228
241, 164
241, 100
241, 36
241, 229
241, 165
241, 101
241, 37
241, 230
241, 166
241, 102
241, 38
241, 231
241, 167
241, 103
241, 39
241, 232
241, 168
241, 104
241, 40
241, 233
241, 169
241, 105
241, 41
241, 234
241, 170
241, 106
241, 42
241, 235
241, 171
241, 107
241, 43
241, 236
241, 172
241, 108
241, 44
241, 237
241, 173
241, 109
241, 45
241, 238
241, 174
241, 110
241, 46
241, 239
241, 175
241, 111
241, 47
241, 240
241, 176
241, 112
241, 48
241, 241
241, 177
241, 113
241, 49
241, 178
241, 114
241, 50
241, 242
241, 179
241, 115
241, 51
241, 243
241, 180
241, 116
241, 52
241, 244
241, 181
241, 117
241, 53
241, 245
241, 182
241, 118
241, 54
241, 246
241, 183
241, 119
241, 55
241, 247
241, 184
241, 120
241, 56
241, 248
241, 185
241, 121
241, 57
241, 249
241, 186
241, 122
241, 58
241, 250
241, 187
241, 123
241, 59
241, 188
241, 124
241, 60
241, 189
241, 125
241, 61
241, 190
241, 126
241, 62
241, 191
241, 127
241, 63
177, 128
177, 64
177, 192
177, 129
177, 65
177, 1
177, 193
177, 130
177, 66
177, 2
177, 194
177, 131
177, 67
177, 3
177, 195
177, 132
177, 68
177, 4
177, 196
177, 133
177, 69
177, 5
177, 197
177, 134
177, 70
177, 6
177, 198
177, 135
177, 71
177, 7
177, 199
177, 136
177, 72
177, 8
177, 200
177, 137
177, 73
177, 9
177, 201
177, 138
177, 74
177, 10
177, 202
177, 139
177, 75
177, 11
177, 203
177, 140
177, 76
177, 12
177, 204
177, 141
177, 77
177, 13
177, 205
177, 142
177, 78
177, 14
177, 206
177, 143
177, 79
177, 15
177, 207
177, 144
177, 80
177, 16
177, 208
177, 145
177, 81
177, 17
177, 209
177, 146
177, 82
177, 18
177, 210
177, 147
177, 83
177, 19
177, 211
177, 148
177, 84
177, 20
177, 212
177, 149
177, 85
177, 21
177, 213
177, 150
177, 86
177, 22
177, 214
177, 151
177, 87
177, 23
177, 215
177, 152
177, 88
177, 24
177, 216
177, 153
177, 89
177, 25
177, 217
177, 154
177, 90
177, 26
177, 218
177, 155
177, 91
177, 27
177, 219
177, 156
177, 92
177, 28
177, 220
177, 157
177, 93
177, 29
177, 221
177, 158
177, 94
177, 30
177, 222
177, 159
177, 95
177, 31
177, 223
177, 160
177, 96
177, 32
177, 224
177, 161
177, 97
177, 33
177, 225
177, 162
177, 98
177, 34
177, 226
177, 163
177, 99
177, 35
177, 227
177, 164
177, 100
177, 36
177, 228
177, 165
177, 101
177, 37
177, 229
177, 166
177, 102
177, 38
177, 230
177, 167
177, 103
177, 39
177, 231
177, 168
177, 104
177, 40
177, 232
177, 169
177, 105
177, 41
177, 233
177, 170
177, 106
177, 42
177, 234
177, 171
177, 107
177, 43
177, 235
177, 172
177, 108
177, 44
177, 236
177, 173
177, 109
177, 45
177, 237
177, 174
177, 110
177, 46
177, 238
177, 175
177, 111
177, 47
177, 239
177, 176
177, 112
177, 48
177, 240
177, 177
177, 113
177, 49
177, 241
177, 114
177, 50
177, 242
177, 178
177, 115
177, 51
177, 243
177, 179
177, 116
177, 52
177, 244
177, 180
177, 117
177, 53
177, 245
177, 181
177, 118
177, 54
177, 246
177, 182
177, 119
177, 55
177, 247
177, 183
177, 120
177, 56
177, 248
177, 184
177, 121
177, 57
177, 249
177, 185
177, 122
177, 58
177, 250
177, 186
177, 123
177, 59
177, 187
177, 124
177, 60
177, 188
177, 125
177, 61
177, 189
177, 126
177, 62
177, 190
177, 127
177, 63
177, 191
113, 64
113, 192
113, 128
113, 65
113, 1
113, 193
113, 129
113, 66
113, 2
113, 194
113, 130
113, 67
113, 3
113, 195
113, 131
113, 68
113, 4
113, 196
113, 132
113, 69
113, 5
113, 197
113, 133
113, 70
113, 6
113, 198
113, 134
113, 71
113, 7
113, 199
113, 135
113, 72
113, 8
113, 200
113, 136
113, 73
113, 9
113, 201
113, 137
113, 74
113, 10
113, 202
113, 138
113, 75
113, 11
113, 203
113, 139
113, 76
113, 12
113, 204
113, 140
113, 77
113, 13
113, 205
113, 141
113, 78
113, 14
113, 206
113, 142
113, 79
113, 15
113, 207
113, 143
113, 80
113, 16
113, 208
113, 144
113, 81
113, 17
113, 209
113, 145
113, 82
113, 18
113, 210
113, 146
113, 83
113, 19
113, 211
113, 147
113, 84
113, 20
113, 212
113, 148
113, 85
113, 21
113, 213
113, 149
113, 86
113, 22
113, 214
113, 150
113, 87
113, 23
113, 215
113, 151
113, 88
113, 24
113, 216
113, 152
113, 89
113, 25
113, 217
113, 153
113, 90
113, 26
113, 218
113, 154
113, 91
113, 27
113, 219
113, 155
113, 92
113, 28
113, 220
113, 156
113, 93
113, 29
113, 221
113, 157
113, 94
113, 30
113, 222
113, 158
113, 95
113, 31
113, 223
113, 159
113, 96
113, 32
113, 224
113, 160
113, 97
113, 33
113, 225
113, 161
113, 98
113, 34
113, 226
113, 162
113, 99
113, 35
113, 227
113, 163
113, 100
113, 36
113, 228
113, 164
113, 101
113, 37
113, 229
113, 165
113, 102
113, 38
113, 230
113, 166
113, 103
113, 39
113, 231
113, 167
113, 104
113, 40
113, 232
113, 168
113, 105
113, 41
113, 233
113, 169
113, 106
113, 42
113, 234
113, 170
113, 107
113, 43
113, 235
113, 171
113, 108
113, 44
113, 236
113, 172
113, 109
113, 45
113, 237
113, 173
113, 110
113, 46
113, 238
113, 174
113, 111
113, 47
113, 239
113, 175
113, 112
113, 48
113, 240
113, 176
113, 113
113, 49
113, 241
113, 177
113, 50
113, 242
113, 178
113, 114
113, 51
113, 243
113, 179
113, 115
113, 52
113, 244
113, 180
113, 116
113, 53
113, 245
113, 181
113, 117
113, 54
113, 246
113, 182
113, 118
113, 55
113, 247
113, 183
113, 119
113, 56
113, 248
113, 184
113, 120
113, 57
113, 249
113, 185
113, 121
113, 58
113, 250
113, 186
113, 122
113, 59
113, 187
113, 123
113, 60
113, 188
113, 124
113, 61
113, 189
113, 125
113, 62
113, 190
113, 126
113, 63
113, 191
113, 127
49, 192
49, 128
49, 64
49, 1
49, 193
49, 129
49, 65
49, 2
49, 194
49, 130
49, 66
49, 3
49, 195
49, 131
49, 67
49, 4
49, 196
49, 132
49, 68
49, 5
49, 197
49, 133
49, 69
49, 6
49, 198
49, 134
49, 70
49, 7
49, 199
49, 135
49, 71
49, 8
49, 200
49, 136
49, 72
49, 9
49, 201
49, 137
49, 73
49, 10
49, 202
49, 138
49, 74
49, 11
49, 203
49, 139
49, 75
49, 12
49, 204
49, 140
49, 76
49, 13
49, 205
49, 141
49, 77
49, 14
49, 206
49, 142
49, 78
49, 15
49, 207
49, 143
49, 79
49, 16
49, 208
49, 144
49, 80
49, 17
49, 209
49, 145
49, 81
49, 18
49, 210
49, 146
49, 82
49, 19
49, 211
49, 147
49, 83
49, 20
49, 212
49, 148
49, 84
49, 21
49, 213
49, 149
49, 85
49, 22
49, 214
49, 150
49, 86
49, 23
49, 215
49, 151
49, 87
49, 24
49, 216
49, 152
49, 88
49, 25
49, 217
49, 153
49, 89
49, 26
49, 218
49, 154
49, 90
49, 27
49, 219
49, 155
49, 91
49, 28
49, 220
49, 156
49, 92
49, 29
49, 221
49, 157
49, 93
49, 30
49, 222
49, 158
49, 94
49, 31
49, 223
49, 159
49, 95
49, 32
49, 224
49, 160
49, 96
49, 33
49, 225
49, 161
49, 97
49, 34
49, 226
49, 162
49, 98
49, 35
49, 227
49, 163
49, 99
49, 36
49, 228
49, 164
49, 100
49, 37
49, 229
49, 165
49, 101
49, 38
49, 230
49, 166
49, 102
49, 39
49, 231
49, 167
49, 103
49, 40
49, 232
49, 168
49, 104
49, 41
49, 233
49, 169
49, 105
49, 42
49, 234
49, 170
49, 106
49, 43
49, 235
49, 171
49, 107
49, 44
49, 236
49, 172
49, 108
49, 45
49, 237
49, 173
49, 109
49, 46
49, 238
49, 174
49, 110
49, 47
49, 239
49, 175
49, 111
49, 48
49, 240
49, 176
49, 112
49, 49
49, 241
49, 177
49, 113
49, 242
49, 178
49, 114
49, 50
49, 243
49, 179
49, 115
49, 51
49, 244
49, 180
49, 116
49, 52
49, 245
49, 181
49, 117
49, 53
49, 246
49, 182
49, 118
49, 54
49, 247
49, 183
49, 119
49, 55
49, 248
49, 184
49, 120
49, 56
49, 249
49, 185
49, 121
49, 57
49, 250
49, 186
49, 122
49, 58
49, 187
49, 123
49, 59
49, 188
49, 124
49, 60
49, 189
49, 125
49, 61
49, 190
49, 126
49, 62
49, 191
49, 127
49, 63
242, 192
242, 128
242, 64
242, 193
242, 129
242, 65
242, 1
242, 194
242, 130
242, 66
242, 2
242, 195
242, 131
242, 67
242, 3
242, 196
242, 132
242, 68
242, 4
242, 197
242, 133
242, 69
242, 5
242, 198
242, 134
242, 70
242, 6
242, 199
242, 135
242, 71
242, 7
242, 200
242, 136
242, 72
242, 8
242, 201
242, 137
242, 73
242, 9
242, 202
242, 138
242, 74
242, 10
242, 203
242, 139
242, 75
242, 11
242, 204
242, 140
242, 76
242, 12
242, 205
242, 141
242, 77
242, 13
242, 206
242, 142
242, 78
242, 14
242, 207
242, 143
242, 79
242, 15
242, 208
242, 144
242, 80
242, 16
242, 209
242, 145
242, 81
242, 17
242, 210
242, 146
242, 82
242, 18
242, 211
242, 147
242, 83
242, 19
242, 212
242, 148
242, 84
242, 20
242, 213
242, 149
242, 85
242, 21
242, 214
242, 150
242, 86
242, 22
242, 215
242, 151
242, 87
242, 23
242, 216
242, 152
242, 88
242, 24
242, 217
242, 153
242, 89
242, 25
242, 218
242, 154
242, 90
242, 26
242, 219
242, 155
242, 91
242, 27
242, 220
242, 156
242, 92
242, 28
242, 221
242, 157
242, 93
242, 29
242, 222
242, 158
242, 94
242, 30
242, 223
242, 159
242, 95
242, 31
242, 224
242, 160
242, 96
242, 32
242, 225
242, 161
242, 97
242, 33
242, 226
242, 162
242, 98
242, 34
242, 227
242, 163
242, 99
242, 35
242, 228
242, 164
242, 100
242, 36
242, 229
242, 165
242, 101
242, 37
242, 230
242, 166
242, 102
242, 38
242, 231
242, 167
242, 103
242, 39
242, 232
242, 168
242, 104
242, 40
242, 233
242, 169
242, 105
242, 41
242, 234
242, 170
242, 106
242, 42
242, 235
242, 171
242, 107
242, 43
242, 236
242, 172
242, 108
242, 44
242, 237
242, 173
242, 109
242, 45
242, 238
242, 174
242, 110
242, 46
242, 239
242, 175
242, 111
242, 47
242, 240
242, 176
242, 112
242, 48
242, 241
242, 177
242, 113
242, 49
242, 242
242, 178
242, 114
242, 50
242, 179
242, 115
242, 51
242, 243
242, 180
242, 116
242, 52
242, 244
242, 181
242, 117
242, 53
242, 245
242, 182
242, 118
242, 54
242, 246
242, 183
242, 119
242, 55
242, 247
242, 184
242, 120
242, 56
242, 248
242, 185
242, 121
242, 57
242, 249
242, 186
242, 122
242, 58
242, 250
242, 187
242, 123
242, 59
242, 188
242, 124
242, 60
242, 189
242, 125
242, 61
242, 190
242, 126
242, 62
242, 191
242, 127
242, 63
178, 128
178, 64
178, 192
178, 129
178, 65
178, 1
178, 193
178, 130
178, 66
178, 2
178, 194
178, 131
178, 67
178, 3
178, 195
178, 132
178, 68
178, 4
178, 196
178, 133
178, 69
178, 5
178, 197
178, 134
178, 70
178, 6
178, 198
178, 135
178, 71
178, 7
178, 199
178, 136
178, 72
178, 8
178, 200
178, 137
178, 73
178, 9
178, 201
178, 138
178, 74
178, 10
178, 202
178, 139
178, 75
178, 11
178, 203
178, 140
178, 76
178, 12
178, 204
178, 141
178, 77
178, 13
178, 205
178, 142
178, 78
178, 14
178, 206
178, 143
178, 79
178, 15
178, 207
178, 144
178, 80
178, 16
178, 208
178, 145
178, 81
178, 17
178, 209
178, 146
178, 82
178, 18
178, 210
178, 147
178, 83
178, 19
178, 211
178, 148
178, 84
178, 20
178, 212
178, 149
178, 85
178, 21
178, 213
178, 150
178, 86
178, 22
178, 214
178, 151
178, 87
178, 23
178, 215
178, 152
178, 88
178, 24
178, 216
178, 153
178, 89
178, 25
178, 217
178, 154
178, 90
178, 26
178, 218
178, 155
178, 91
178, 27
178, 219
178, 156
178, 92
178, 28
178, 220
178, 157
178, 93
178, 29
178, 221
178, 158
178, 94
178, 30
178, 222
178, 159
178, 95
178, 31
178, 223
178, 160
178, 96
178, 32
178, 224
178, 161
178, 97
178, 33
178, 225
178, 162
178, 98
178, 34
178, 226
178, 163
178, 99
178, 35
178, 227
178, 164
178, 100
178, 36
178, 228
178, 165
178, 101
178, 37
178, 229
178, 166
178, 102
178, 38
178, 230
178, 167
178, 103
178, 39
178, 231
178, 168
178, 104
178, 40
178, 232
178, 169
178, 105
178, 41
178, 233
178, 170
178, 106
178, 42
178, 234
178, 171
178, 107
178, 43
178, 235
178, 172
178, 108
178, 44
178, 236
178, 173
178, 109
178, 45
178, 237
178, 174
178, 110
178, 46
178, 238
178, 175
178, 111
178, 47
178, 239
178, 176
178, 112
178, 48
178, 240
178, 177
178, 113
178, 49
178, 241
178, 178
178, 114
178, 50
178, 242
178, 115
178, 51
178, 243
178, 179
178, 116
178, 52
178, 244
178, 180
178, 117
178, 53
178, 245
178, 181
178, 118
178, 54
178, 246
178, 182
178, 119
178, 55
178, 247
178, 183
178, 120
178, 56
178, 248
178, 184
178, 121
178, 57
178, 249
178, 185
178, 122
178, 58
178, 250
178, 186
178, 123
178, 59
178, 187
178, 124
178, 60
178, 188
178, 125
178, 61
178, 189
178, 126
178, 62
178, 190
178, 127
178, 63
178, 191
114, 64
114, 192
114, 128
114, 65
114, 1
114, 193
114, 129
114, 66
114, 2
114, 194
114, 130
114, 67
114, 3
114, 195
114, 131
114, 68
114, 4
114, 196
114, 132
114, 69
114, 5
114, 197
114, 133
114, 70
114, 6
114, 198
114, 134
114, 71
114, 7
114, 199
114, 135
114, 72
114, 8
114, 200
114, 136
114, 73
114, 9
114, 201
114, 137
114, 74
114, 10
114, 202
114, 138
114, 75
114, 11
114, 203
114, 139
114, 76
114, 12
114, 204
114, 140
114, 77
114, 13
114, 205
114, 141
114, 78
114, 14
114, 206
114, 142
114, 79
114, 15
114, 207
114, 143
114, 80
114, 16
114, 208
114, 144
114, 81
114, 17
114, 209
114, 145
114, 82
114, 18
114, 210
114, 146
114, 83
114, 19
114, 211
114, 147
114, 84
114, 20
114, 212
114, 148
114, 85
114, 21
114, 213
114, 149
114, 86
114, 22
114, 214
114, 150
114, 87
114, 23
114, 215
114, 151
114, 88
114, 24
114, 216
114, 152
114, 89
114, 25
114, 217
114, 153
114, 90
114, 26
114, 218
114, 154
114, 91
114, 27
114, 219
114, 155
114, 92
114, 28
114, 220
114, 156
114, 93
114, 29
114, 221
114, 157
114, 94
114, 30
114, 222
114, 158
114, 95
114, 31
114, 223
114, 159
114, 96
114, 32
114, 224
114, 160
114, 97
114, 33
114, 225
114, 161
114, 98
114, 34
114, 226
114, 162
114, 99
114, 35
114, 227
114, 163
114, 100
114, 36
114, 228
114, 164
114, 101
114, 37
114, 229
114, 165
114, 102
114, 38
114, 230
114, 166
114, 103
114, 39
114, 231
114, 167
114, 104
114, 40
114, 232
114, 168
114, 105
114, 41
114, 233
114, 169
114, 106
114, 42
114, 234
114, 170
114, 107
114, 43
114, 235
114, 171
114, 108
114, 44
114, 236
114, 172
114, 109
114, 45
114, 237
114, 173
114, 110
114, 46
114, 238
114, 174
114, 111
114, 47
114, 239
114, 175
114, 112
114, 48
114, 240
114, 176
114, 113
114, 49
114, 241
114, 177
114, 114
114, 50
114, 242
114, 178
114, 51
114, 243
114, 179
114, 115
114, 52
114, 244
114, 180
114, 116
114, 53
114, 245
114, 181
114, 117
114, 54
114, 246
114, 182
114, 118
114, 55
114, 247
114, 183
114, 119
114, 56
114, 248
114, 184
114, 120
114, 57
114, 249
114, 185
114, 121
114, 58
114, 250
114, 186
114, 122
114, 59
114, 187
114, 123
114, 60
114, 188
114, 124
114, 61
114, 189
114, 125
114, 62
114, 190
114, 126
114, 63
114, 191
114, 127
50, 192
50, 128
50, 64
50, 1
50, 193
50, 129
50, 65
50, 2
50, 194
50, 130
50, 66
50, 3
50, 195
50, 131
50, 67
50, 4
50, 196
50, 132
50, 68
50, 5
50, 197
50, 133
50, 69
50, 6
50, 198
50, 134
50, 70
50, 7
50, 199
50, 135
50, 71
50, 8
50, 200
50, 136
50, 72
50, 9
50, 201
50, 137
50, 73
50, 10
50, 202
50, 138
50, 74
50, 11
50, 203
50, 139
50, 75
50, 12
50, 204
50, 140
50, 76
50, 13
50, 205
50, 141
50, 77
50, 14
50, 206
50, 142
50, 78
50, 15
50, 207
50, 143
50, 79
50, 16
50, 208
50, 144
50, 80
50, 17
50, 209
50, 145
50, 81
50, 18
50, 210
50, 146
50, 82
50, 19
50, 211
50, 147
50, 83
50, 20
50, 212
50, 148
50, 84
50, 21
50, 213
50, 149
50, 85
50, 22
50, 214
50, 150
50, 86
50, 23
50, 215
50, 151
50, 87
50, 24
50, 216
50, 152
50, 88
50, 25
50, 217
50, 153
50, 89
50, 26
50, 218
50, 154
50, 90
50, 27
50, 219
50, 155
50, 91
50, 28
50, 220
50, 156
50, 92
50, 29
50, 221
50, 157
50, 93
50, 30
50, 222
50, 158
50, 94
50, 31
50, 223
50, 159
50, 95
50, 32
50, 224
50, 160
50, 96
50, 33
50, 225
50, 161
50, 97
50, 34
50, 226
50, 162
50, 98
50, 35
50, 227
50, 163
50, 99
50, 36
50, 228
50, 164
50, 100
50, 37
50, 229
50, 165
50, 101
50, 38
50, 230
50, 166
50, 102
50, 39
50, 231
50, 167
50, 103
50, 40
50, 232
50, 168
50, 104
50, 41
50, 233
50, 169
50, 105
50, 42
50, 234
50, 170
50, 106
50, 43
50, 235
50, 171
50, 107
50, 44
50, 236
50, 172
50, 108
50, 45
50, 237
50, 173
50, 109
50, 46
50, 238
50, 174
50, 110
50, 47
50, 239
50, 175
50, 111
50, 48
50, 240
50, 176
50, 112
50, 49
50, 241
50, 177
50, 113
50, 50
50, 242
50, 178
50, 114
50, 243
50, 179
50, 115
50, 51
50, 244
50, 180
50, 116
50, 52
50, 245
50, 181
50, 117
50, 53
50, 246
50, 182
50, 118
50, 54
50, 247
50, 183
50, 119
50, 55
50, 248
50, 184
50, 120
50, 56
50, 249
50, 185
50, 121
50, 57
50, 250
50, 186
50, 122
50, 58
50, 187
50, 123
50, 59
50, 188
50, 124
50, 60
50, 189
50, 125
50, 61
50, 190
50, 126
50, 62
50, 191
50, 127
50, 63
243, 192
243, 128
243, 64
243, 193
243, 129
243, 65
243, 1
243, 194
243, 130
243, 66
243, 2
243, 195
243, 131
243, 67
243, 3
243, 196
243, 132
243, 68
243, 4
243, 197
243, 133
243, 69
243, 5
243, 198
243, 134
243, 70
243, 6
243, 199
243, 135
243, 71
243, 7
243, 200
243, 136
243, 72
243, 8
243, 201
243, 137
243, 73
243, 9
243, 202
243, 138
243, 74
243, 10
243, 203
243, 139
243, 75
243, 11
243, 204
243, 140
243, 76
243, 12
243, 205
243, 141
243, 77
243, 13
243, 206
243, 142
243, 78
243, 14
243, 207
243, 143
243, 79
243, 15
243, 208
243, 144
243, 80
243, 16
243, 209
243, 145
243, 81
243, 17
243, 210
243, 146
243, 82
243, 18
243, 211
243, 147
243, 83
243, 19
243, 212
243, 148
243, 84
243, 20
243, 213
243, 149
243, 85
243, 21
243, 214
243, 150
243, 86
243, 22
243, 215
243, 151
243, 87
243, 23
243, 216
243, 152
243, 88
243, 24
243, 217
243, 153
243, 89
243, 25
243, 218
243, 154
243, 90
243, 26
243, 219
243, 155
243, 91
243, 27
243, 220
243, 156
243, 92
243, 28
243, 221
243, 157
243, 93
243, 29
243, 222
243, 158
243, 94
243, 30
243, 223
243, 159
243, 95
243, 31
243, 224
243, 160
243, 96
243, 32
243, 225
243, 161
243, 97
243, 33
243, 226
243, 162
243, 98
243, 34
243, 227
243, 163
243, 99
243, 35
243, 228
243, 164
243, 100
243, 36
243, 229
243, 165
243, 101
243, 37
243, 230
243, 166
243, 102
243, 38
243, 231
243, 167
243, 103
243, 39
243, 232
243, 168
243, 104
243, 40
243, 233
243, 169
243, 105
243, 41
243, 234
243, 170
243, 106
243, 42
243, 235
243, 171
243, 107
243, 43
243, 236
243, 172
243, 108
243, 44
243, 237
243, 173
243, 109
243, 45
243, 238
243, 174
243, 110
243, 46
243, 239
243, 175
243, 111
243, 47
243, 240
243, 176
243, 112
243, 48
243, 241
243, 177
243, 113
243, 49
243, 242
243, 178
243, 114
243, 50
243, 243
243, 179
243, 115
243, 51
243, 180
243, 116
243, 52
243, 244
243, 181
243, 117
243, 53
243, 245
243, 182
243, 118
243, 54
243, 246
243, 183
243, 119
243, 55
243, 247
243, 184
243, 120
243, 56
243, 248
243, 185
243, 121
243, 57
243, 249
243, 186
243, 122
243, 58
243, 250
243, 187
243, 123
243, 59
243, 188
243, 124
243, 60
243, 189
243, 125
243, 61
243, 190
243, 126
243, 62
243, 191
243, 127
243, 63
179, 128
179, 64
179, 192
179, 129
179, 65
179, 1
179, 193
179, 130
179, 66
179, 2
179, 194
179, 131
179, 67
179, 3
179, 195
179, 132
179, 68
179, 4
179, 196
179, 133
179, 69
179, 5
179, 197
179, 134
179, 70
179, 6
179, 198
179, 135
179, 71
179, 7
179, 199
179, 136
179, 72
179, 8
179, 200
179, 137
179, 73
179, 9
179, 201
179, 138
179, 74
179, 10
179, 202
179, 139
179, 75
179, 11
179, 203
179, 140
179, 76
179, 12
179, 204
179, 141
179, 77
179, 13
179, 205
179, 142
179, 78
179, 14
179, 206
179, 143
179, 79
179, 15
179, 207
179, 144
179, 80
179, 16
179, 208
179, 145
179, 81
179, 17
179, 209
179, 146
179, 82
179, 18
179, 210
179, 147
179, 83
179, 19
179, 211
179, 148
179, 84
179, 20
179, 212
179, 149
179, 85
179, 21
179, 213
179, 150
179, 86
179, 22
179, 214
179, 151
179, 87
179, 23
179, 215
179, 152
179, 88
179, 24
179, 216
179, 153
179, 89
179, 25
179, 217
179, 154
179, 90
179, 26
179, 218
179, 155
179, 91
179, 27
179, 219
179, 156
179, 92
179, 28
179, 220
179, 157
179, 93
179, 29
179, 221
179, 158
179, 94
179, 30
179, 222
179, 159
179, 95
179, 31
179, 223
179, 160
179, 96
179, 32
179, 224
179, 161
179, 97
179, 33
179, 225
179, 162
179, 98
179, 34
179, 226
179, 163
179, 99
179, 35
179, 227
179, 164
179, 100
179, 36
179, 228
179, 165
179, 101
179, 37
179, 229
179, 166
179, 102
179, 38
179, 230
179, 167
179, 103
179, 39
179, 231
179, 168
179, 104
179, 40
179, 232
179, 169
179, 105
179, 41
179, 233
179, 170
179, 106
179, 42
179, 234
179, 171
179, 107
179, 43
179, 235
179, 172
179, 108
179, 44
179, 236
179, 173
179, 109
179, 45
179, 237
179, 174
179, 110
179, 46
179, 238
179, 175
179, 111
179, 47
179, 239
179, 176
179, 112
179, 48
179, 240
179, 177
179, 113
179, 49
179, 241
179, 178
179, 114
179, 50
179, 242
179, 179
179, 115
179, 51
179, 243
179, 116
179, 52
179, 244
179, 180
179, 117
179, 53
179, 245
179, 181
179, 118
179, 54
179, 246
179, 182
179, 119
179, 55
179, 247
179, 183
179, 120
179, 56
179, 248
179, 184
179, 121
179, 57
179, 249
179, 185
179, 122
179, 58
179, 250
179, 186
179, 123
179, 59
179, 187
179, 124
179, 60
179, 188
179, 125
179, 61
179, 189
179, 126
179, 62
179, 190
179, 127
179, 63
179, 191
115, 64
115, 192
115, 128
115, 65
115, 1
115, 193
115, 129
115, 66
115, 2
115, 194
115, 130
115, 67
115, 3
115, 195
115, 131
115, 68
115, 4
115, 196
115, 132
115, 69
115, 5
115, 197
115, 133
115, 70
115, 6
115, 198
115, 134
115, 71
115, 7
115, 199
115, 135
115, 72
115, 8
115, 200
115, 136
115, 73
115, 9
115, 201
115, 137
115, 74
115, 10
115, 202
115, 138
115, 75
115, 11
115, 203
115, 139
115, 76
115, 12
115, 204
115, 140
115, 77
115, 13
115, 205
115, 141
115, 78
115, 14
115, 206
115, 142
115, 79
115, 15
115, 207
115, 143
115, 80
115, 16
115, 208
115, 144
115, 81
115, 17
115, 209
115, 145
115, 82
115, 18
115, 210
115, 146
115, 83
115, 19
115, 211
115, 147
115, 84
115, 20
115, 212
115, 148
115, 85
115, 21
115, 213
115, 149
115, 86
115, 22
115, 214
115, 150
115, 87
115, 23
115, 215
115, 151
115, 88
115, 24
115, 216
115, 152
115, 89
115, 25
115, 217
115, 153
115, 90
115, 26
115, 218
115, 154
115, 91
115, 27
115, 219
115, 155
115, 92
115, 28
115, 220
115, 156
115, 93
115, 29
115, 221
115, 157
115, 94
115, 30
115, 222
115, 158
115, 95
115, 31
115, 223
115, 159
115, 96
115, 32
115, 224
115, 160
115, 97
115, 33
115, 225
115, 161
115, 98
115, 34
115, 226
115, 162
115, 99
115, 35
115, 227
115, 163
115, 100
115, 36
115, 228
115, 164
115, 101
115, 37
115, 229
115, 165
115, 102
115, 38
115, 230
115, 166
115, 103
115, 39
115, 231
115, 167
115, 104
115, 40
115, 232
115, 168
115, 105
115, 41
115, 233
115, 169
115, 106
115, 42
115, 234
115, 170
115, 107
115, 43
115, 235
115, 171
115, 108
115, 44
115, 236
115, 172
115, 109
115, 45
115, 237
115, 173
115, 110
115, 46
115, 238
115, 174
115, 111
115, 47
115, 239
115, 175
115, 112
115, 48
115, 240
115, 176
115, 113
115, 49
115, 241
115, 177
115, 114
115, 50
115, 242
115, 178
115, 115
115, 51
115, 243
115, 179
115, 52
115, 244
115, 180
115, 116
115, 53
115, 245
115, 181
115, 117
115, 54
115, 246
115, 182
115, 118
115, 55
115, 247
115, 183
115, 119
115, 56
115, 248
115, 184
115, 120
115, 57
115, 249
115, 185
115, 121
115, 58
115, 250
115, 186
115, 122
115, 59
115, 187
115, 123
115, 60
115, 188
115, 124
115, 61
115, 189
115, 125
115, 62
115, 190
115, 126
115, 63
115, 191
115, 127
51, 192
51, 128
51, 64
51, 1
51, 193
51, 129
51, 65
51, 2
51, 194
51, 130
51, 66
51, 3
51, 195
51, 131
51, 67
51, 4
51, 196
51, 132
51, 68
51, 5
51, 197
51, 133
51, 69
51, 6
51, 198
51, 134
51, 70
51, 7
51, 199
51, 135
51, 71
51, 8
51, 200
51, 136
51, 72
51, 9
51, 201
51, 137
51, 73
51, 10
51, 202
51, 138
51, 74
51, 11
51, 203
51, 139
51, 75
51, 12
51, 204
51, 140
51, 76
51, 13
51, 205
51, 141
51, 77
51, 14
51, 206
51, 142
51, 78
51, 15
51, 207
51, 143
51, 79
51, 16
51, 208
51, 144
51, 80
51, 17
51, 209
51, 145
51, 81
51, 18
51, 210
51, 146
51, 82
51, 19
51, 211
51, 147
51, 83
51, 20
51, 212
51, 148
51, 84
51, 21
51, 213
51, 149
51, 85
51, 22
51, 214
51, 150
51, 86
51, 23
51, 215
51, 151
51, 87
51, 24
51, 216
51, 152
51, 88
51, 25
51, 217
51, 153
51, 89
51, 26
51, 218
51, 154
51, 90
51, 27
51, 219
51, 155
51, 91
51, 28
51, 220
51, 156
51, 92
51, 29
51, 221
51, 157
51, 93
51, 30
51, 222
51, 158
51, 94
51, 31
51, 223
51, 159
51, 95
51, 32
51, 224
51, 160
51, 96
51, 33
51, 225
51, 161
51, 97
51, 34
51, 226
51, 162
51, 98
51, 35
51, 227
51, 163
51, 99
51, 36
51, 228
51, 164
51, 100
51, 37
51, 229
51, 165
51, 101
51, 38
51, 230
51, 166
51, 102
51, 39
51, 231
51, 167
51, 103
51, 40
51, 232
51, 168
51, 104
51, 41
51, 233
51, 169
51, 105
51, 42
51, 234
51, 170
51, 106
51, 43
51, 235
51, 171
51, 107
51, 44
51, 236
51, 172
51, 108
51, 45
51, 237
51, 173
51, 109
51, 46
51, 238
51, 174
51, 110
51, 47
51, 239
51, 175
51, 111
51, 48
51, 240
51, 176
51, 112
51, 49
51, 241
51, 177
51, 113
51, 50
51, 242
51, 178
51, 114
51, 51
51, 243
51, 179
51, 115
51, 244
51, 180
51, 116
51, 52
51, 245
51, 181
51, 117
51, 53
51, 246
51, 182
51, 118
51, 54
51, 247
51, 183
51, 119
51, 55
51, 248
51, 184
51, 120
51, 56
51, 249
51, 185
51, 121
51, 57
51, 250
51, 186
51, 122
51, 58
51, 187
51, 123
51, 59
51, 188
51, 124
51, 60
51, 189
51, 125
51, 61
51, 190
51, 126
51, 62
51, 191
51, 127
51, 63
244, 192
244, 128
244, 64
244, 193
244, 129
244, 65
244, 1
244, 194
244, 130
244, 66
244, 2
244, 195
244, 131
244, 67
244, 3
244, 196
244, 132
244, 68
244, 4
244, 197
244, 133
244, 69
244, 5
244, 198
244, 134
244, 70
244, 6
244, 199
244, 135
244, 71
244, 7
244, 200
244, 136
244, 72
244, 8
244, 201
244, 137
244, 73
244, 9
244, 202
244, 138
244, 74
244, 10
244, 203
244, 139
244, 75
244, 11
244, 204
244, 140
244, 76
244, 12
244, 205
244, 141
244, 77
244, 13
244, 206
244, 142
244, 78
244, 14
244, 207
244, 143
244, 79
244, 15
244, 208
244, 144
244, 80
244, 16
244, 209
244, 145
244, 81
244, 17
244, 210
244, 146
244, 82
244, 18
244, 211
244, 147
244, 83
244, 19
244, 212
244, 148
244, 84
244, 20
244, 213
244, 149
244, 85
244, 21
244, 214
244, 150
244, 86
244, 22
244, 215
244, 151
244, 87
244, 23
244, 216
244, 152
244, 88
244, 24
244, 217
244, 153
244, 89
244, 25
244, 218
244, 154
244, 90
244, 26
244, 219
244, 155
244, 91
244, 27
244, 220
244, 156
244, 92
244, 28
244, 221
244, 157
244, 93
244, 29
244, 222
244, 158
244, 94
244, 30
244, 223
244, 159
244, 95
244, 31
244, 224
244, 160
244, 96
244, 32
244, 225
244, 161
244, 97
244, 33
244, 226
244, 162
244, 98
244, 34
244, 227
244, 163
244, 99
244, 35
244, 228
244, 164
244, 100
244, 36
244, 229
244, 165
244, 101
244, 37
244, 230
244, 166
244, 102
244, 38
244, 231
244, 167
244, 103
244, 39
244, 232
244, 168
244, 104
244, 40
244, 233
244, 169
244, 105
244, 41
244, 234
244, 170
244, 106
244, 42
244, 235
244, 171
244, 107
244, 43
244, 236
244, 172
244, 108
244, 44
244, 237
244, 173
244, 109
244, 45
244, 238
244, 174
244, 110
244, 46
244, 239
244, 175
244, 111
244, 47
244, 240
244, 176
244, 112
244, 48
244, 241
244, 177
244, 113
244, 49
244, 242
244, 178
244, 114
244, 50
244, 243
244, 179
244, 115
244, 51
244, 244
244, 180
244, 116
244, 52
244, 181
244, 117
244, 53
244, 245
244, 182
244, 118
244, 54
244, 246
244, 183
244, 119
244, 55
244, 247
244, 184
244, 120
244, 56
244, 248
244, 185
244, 121
244, 57
244, 249
244, 186
244, 122
244, 58
244, 250
244, 187
244, 123
244, 59
244, 188
244, 124
244, 60
244, 189
244, 125
244, 61
244, 190
244, 126
244, 62
244, 191
244, 127
244, 63
180, 128
180, 64
180, 192
180, 129
180, 65
180, 1
180, 193
180, 130
180, 66
180, 2
180, 194
180, 131
180, 67
180, 3
180, 195
180, 132
180, 68
180, 4
180, 196
180, 133
180, 69
180, 5
180, 197
180, 134
180, 70
180, 6
180, 198
180, 135
180, 71
180, 7
180, 199
180, 136
180, 72
180, 8
180, 200
180, 137
180, 73
180, 9
180, 201
180, 138
180, 74
180, 10
180, 202
180, 139
180, 75
180, 11
180, 203
180, 140
180, 76
180, 12
180, 204
180, 141
180, 77
180, 13
180, 205
180, 142
180, 78
180, 14
180, 206
180, 143
180, 79
180, 15
180, 207
180, 144
180, 80
180, 16
180, 208
180, 145
180, 81
180, 17
180, 209
180, 146
180, 82
180, 18
180, 210
180, 147
180, 83
180, 19
180, 211
180, 148
180, 84
180, 20
180, 212
180, 149
180, 85
180, 21
180, 213
180, 150
180, 86
180, 22
180, 214
180, 151
180, 87
180, 23
180, 215
180, 152
180, 88
180, 24
180, 216
180, 153
180, 89
180, 25
180, 217
180, 154
180, 90
180, 26
180, 218
180, 155
180, 91
180, 27
180, 219
180, 156
180, 92
180, 28
180, 220
180, 157
180, 93
180, 29
180, 221
180, 158
180, 94
180, 30
180, 222
180, 159
180, 95
180, 31
180, 223
180, 160
180, 96
180, 32
180, 224
180, 161
180, 97
180, 33
180, 225
180, 162
180, 98
180, 34
180, 226
180, 163
180, 99
180, 35
180, 227
180, 164
180, 100
180, 36
180, 228
180, 165
180, 101
180, 37
180, 229
180, 166
180, 102
180, 38
180, 230
180, 167
180, 103
180, 39
180, 231
180, 168
180, 104
180, 40
180, 232
180, 169
180, 105
180, 41
180, 233
180, 170
180, 106
180, 42
180, 234
180, 171
180, 107
180, 43
180, 235
180, 172
180, 108
180, 44
180, 236
180, 173
180, 109
180, 45
180, 237
180, 174
180, 110
180, 46
180, 238
180, 175
180, 111
180, 47
180, 239
180, 176
180, 112
180, 48
180, 240
180, 177
180, 113
180, 49
180, 241
180, 178
180, 114
180, 50
180, 242
180, 179
180, 115
180, 51
180, 243
180, 180
180, 116
180, 52
180, 244
180, 117
180, 53
180, 245
180, 181
180, 118
180, 54
180, 246
180, 182
180, 119
180, 55
180, 247
180, 183
180, 120
180, 56
180, 248
180, 184
180, 121
180, 57
180, 249
180, 185
180, 122
180, 58
180, 250
180, 186
180, 123
180, 59
180, 187
180, 124
180, 60
180, 188
180, 125
180, 61
180, 189
180, 126
180, 62
180, 190
180, 127
180, 63
180, 191
116, 64
116, 192
116, 128
116, 65
116, 1
116, 193
116, 129
116, 66
116, 2
116, 194
116, 130
116, 67
116, 3
116, 195
116, 131
116, 68
116, 4
116, 196
116, 132
116, 69
116, 5
116, 197
116, 133
116, 70
116, 6
116, 198
116, 134
116, 71
116, 7
116, 199
116, 135
116, 72
116, 8
116, 200
116, 136
116, 73
116, 9
116, 201
116, 137
116, 74
116, 10
116, 202
116, 138
116, 75
116, 11
116, 203
116, 139
116, 76
116, 12
116, 204
116, 140
116, 77
116, 13
116, 205
116, 141
116, 78
116, 14
116, 206
116, 142
116, 79
116, 15
116, 207
116, 143
116, 80
116, 16
116, 208
116, 144
116, 81
116, 17
116, 209
116, 145
116, 82
116, 18
116, 210
116, 146
116, 83
116, 19
116, 211
116, 147
116, 84
116, 20
116, 212
116, 148
116, 85
116, 21
116, 213
116, 149
116, 86
116, 22
116, 214
116, 150
116, 87
116, 23
116, 215
116, 151
116, 88
116, 24
116, 216
116, 152
116, 89
116, 25
116, 217
116, 153
116, 90
116, 26
116, 218
116, 154
116, 91
116, 27
116, 219
116, 155
116, 92
116, 28
116, 220
116, 156
116, 93
116, 29
116, 221
116, 157
116, 94
116, 30
116, 222
116, 158
116, 95
116, 31
116, 223
116, 159
116, 96
116, 32
116, 224
116, 160
116, 97
116, 33
116, 225
116, 161
116, 98
116, 34
116, 226
116, 162
116, 99
116, 35
116, 227
116, 163
116, 100
116, 36
116, 228
116, 164
116, 101
116, 37
116, 229
116, 165
116, 102
116, 38
116, 230
116, 166
116, 103
116, 39
116, 231
116, 167
116, 104
116, 40
116, 232
116, 168
116, 105
116, 41
116, 233
116, 169
116, 106
116, 42
116, 234
116, 170
116, 107
116, 43
116, 235
116, 171
116, 108
116, 44
116, 236
116, 172
116, 109
116, 45
116, 237
116, 173
116, 110
116, 46
116, 238
116, 174
116, 111
116, 47
116, 239
116, 175
116, 112
116, 48
116, 240
116, 176
116, 113
116, 49
116, 241
116, 177
116, 114
116, 50
116, 242
116, 178
116, 115
116, 51
116, 243
116, 179
116, 116
116, 52
116, 244
116, 180
116, 53
116, 245
116, 181
116, 117
116, 54
116, 246
116, 182
116, 118
116, 55
116, 247
116, 183
116, 119
116, 56
116, 248
116, 184
116, 120
116, 57
116, 249
116, 185
116, 121
116, 58
116, 250
116, 186
116, 122
116, 59
116, 187
116, 123
116, 60
116, 188
116, 124
116, 61
116, 189
116, 125
116, 62
116, 190
116, 126
116, 63
116, 191
116, 127
52, 192
52, 128
52, 64
52, 1
52, 193
52, 129
52, 65
52, 2
52, 194
52, 130
52, 66
52, 3
52, 195
52, 131
52, 67
52, 4
52, 196
52, 132
52, 68
52, 5
52, 197
52, 133
52, 69
52, 6
52, 198
52, 134
52, 70
52, 7
52, 199
52, 135
52, 71
52, 8
52, 200
52, 136
52, 72
52, 9
52, 201
52, 137
52, 73
52, 10
52, 202
52, 138
52, 74
52, 11
52, 203
52, 139
52, 75
52, 12
52, 204
52, 140
52, 76
52, 13
52, 205
52, 141
52, 77
52, 14
52, 206
52, 142
52, 78
52, 15
52, 207
52, 143
52, 79
52, 16
52, 208
52, 144
52, 80
52, 17
52, 209
52, 145
52, 81
52, 18
52, 210
52, 146
52, 82
52, 19
52, 211
52, 147
52, 83
52, 20
52, 212
52, 148
52, 84
52, 21
52, 213
52, 149
52, 85
52, 22
52, 214
52, 150
52, 86
52, 23
52, 215
52, 151
52, 87
52, 24
52, 216
52, 152
52, 88
52, 25
52, 217
52, 153
52, 89
52, 26
52, 218
52, 154
52, 90
52, 27
52, 219
52, 155
52, 91
52, 28
52, 220
52, 156
52, 92
52, 29
52, 221
52, 157
52, 93
52, 30
52, 222
52, 158
52, 94
52, 31
52, 223
52, 159
52, 95
52, 32
52, 224
52, 160
52, 96
52, 33
52, 225
52, 161
52, 97
52, 34
52, 226
52, 162
52, 98
52, 35
52, 227
52, 163
52, 99
52, 36
52, 228
52, 164
52, 100
52, 37
52, 229
52, 165
52, 101
52, 38
52, 230
52, 166
52, 102
52, 39
52, 231
52, 167
52, 103
52, 40
52, 232
52, 168
52, 104
52, 41
52, 233
52, 169
52, 105
52, 42
52, 234
52, 170
52, 106
52, 43
52, 235
52, 171
52, 107
52, 44
52, 236
52, 172
52, 108
52, 45
52, 237
52, 173
52, 109
52, 46
52, 238
52, 174
52, 110
52, 47
52, 239
52, 175
52, 111
52, 48
52, 240
52, 176
52, 112
52, 49
52, 241
52, 177
52, 113
52, 50
52, 242
52, 178
52, 114
52, 51
52, 243
52, 179
52, 115
52, 52
52, 244
52, 180
52, 116
52, 245
52, 181
52, 117
52, 53
52, 246
52, 182
52, 118
52, 54
52, 247
52, 183
52, 119
52, 55
52, 248
52, 184
52, 120
52, 56
52, 249
52, 185
52, 121
52, 57
52, 250
52, 186
52, 122
52, 58
52, 187
52, 123
52, 59
52, 188
52, 124
52, 60
52, 189
52, 125
52, 61
52, 190
52, 126
52, 62
52, 191
52, 127
52, 63
245, 192
245, 128
245, 64
245, 193
245, 129
245, 65
245, 1
245, 194
245, 130
245, 66
245, 2
245, 195
245, 131
245, 67
245, 3
245, 196
245, 132
245, 68
245, 4
245, 197
245, 133
245, 69
245, 5
245, 198
245, 134
245, 70
245, 6
245, 199
245, 135
245, 71
245, 7
245, 200
245, 136
245, 72
245, 8
245, 201
245, 137
245, 73
245, 9
245, 202
245, 138
245, 74
245, 10
245, 203
245, 139
245, 75
245, 11
245, 204
245, 140
245, 76
245, 12
245, 205
245, 141
245, 77
245, 13
245, 206
245, 142
245, 78
245, 14
245, 207
245, 143
245, 79
245, 15
245, 208
245, 144
245, 80
245, 16
245, 209
245, 145
245, 81
245, 17
245, 210
245, 146
245, 82
245, 18
245, 211
245, 147
245, 83
245, 19
245, 212
245, 148
245, 84
245, 20
245, 213
245, 149
245, 85
245, 21
245, 214
245, 150
245, 86
245, 22
245, 215
245, 151
245, 87
245, 23
245, 216
245, 152
245, 88
245, 24
245, 217
245, 153
245, 89
245, 25
245, 218
245, 154
245, 90
245, 26
245, 219
245, 155
245, 91
245, 27
245, 220
245, 156
245, 92
245, 28
245, 221
245, 157
245, 93
245, 29
245, 222
245, 158
245, 94
245, 30
245, 223
245, 159
245, 95
245, 31
245, 224
245, 160
245, 96
245, 32
245, 225
245, 161
245, 97
245, 33
245, 226
245, 162
245, 98
245, 34
245, 227
245, 163
245, 99
245, 35
245, 228
245, 164
245, 100
245, 36
245, 229
245, 165
245, 101
245, 37
245, 230
245, 166
245, 102
245, 38
245, 231
245, 167
245, 103
245, 39
245, 232
245, 168
245, 104
245, 40
245, 233
245, 169
245, 105
245, 41
245, 234
245, 170
245, 106
245, 42
245, 235
245, 171
245, 107
245, 43
245, 236
245, 172
245, 108
245, 44
245, 237
245, 173
245, 109
245, 45
245, 238
245, 174
245, 110
245, 46
245, 239
245, 175
245, 111
245, 47
245, 240
245, 176
245, 112
245, 48
245, 241
245, 177
245, 113
245, 49
245, 242
245, 178
245, 114
245, 50
245, 243
245, 179
245, 115
245, 51
245, 244
245, 180
245, 116
245, 52
245, 245
245, 181
245, 117
245, 53
245, 182
245, 118
245, 54
245, 246
245, 183
245, 119
245, 55
245, 247
245, 184
245, 120
245, 56
245, 248
245, 185
245, 121
245, 57
245, 249
245, 186
245, 122
245, 58
245, 250
245, 187
245, 123
245, 59
245, 188
245, 124
245, 60
245, 189
245, 125
245, 61
245, 190
245, 126
245, 62
245, 191
245, 127
245, 63
181, 128
181, 64
181, 192
181, 129
181, 65
181, 1
181, 193
181, 130
181, 66
181, 2
181, 194
181, 131
181, 67
181, 3
181, 195
181, 132
181, 68
181, 4
181, 196
181, 133
181, 69
181, 5
181, 197
181, 134
181, 70
181, 6
181, 198
181, 135
181, 71
181, 7
181, 199
181, 136
181, 72
181, 8
181, 200
181, 137
181, 73
181, 9
181, 201
181, 138
181, 74
181, 10
181, 202
181, 139
181, 75
181, 11
181, 203
181, 140
181, 76
181, 12
181, 204
181, 141
181, 77
181, 13
181, 205
181, 142
181, 78
181, 14
181, 206
181, 143
181, 79
181, 15
181, 207
181, 144
181, 80
181, 16
181, 208
181, 145
181, 81
181, 17
181, 209
181, 146
181, 82
181, 18
181, 210
181, 147
181, 83
181, 19
181, 211
181, 148
181, 84
181, 20
181, 212
181, 149
181, 85
181, 21
181, 213
181, 150
181, 86
181, 22
181, 214
181, 151
181, 87
181, 23
181, 215
181, 152
181, 88
181, 24
181, 216
181, 153
181, 89
181, 25
181, 217
181, 154
181, 90
181, 26
181, 218
181, 155
181, 91
181, 27
181, 219
181, 156
181, 92
181, 28
181, 220
181, 157
181, 93
181, 29
181, 221
181, 158
181, 94
181, 30
181, 222
181, 159
181, 95
181, 31
181, 223
181, 160
181, 96
181, 32
181, 224
181, 161
181, 97
181, 33
181, 225
181, 162
181, 98
181, 34
181, 226
181, 163
181, 99
181, 35
181, 227
181, 164
181, 100
181, 36
181, 228
181, 165
181, 101
181, 37
181, 229
181, 166
181, 102
181, 38
181, 230
181, 167
181, 103
181, 39
181, 231
181, 168
181, 104
181, 40
181, 232
181, 169
181, 105
181, 41
181, 233
181, 170
181, 106
181, 42
181, 234
181, 171
181, 107
181, 43
181, 235
181, 172
181, 108
181, 44
181, 236
181, 173
181, 109
181, 45
181, 237
181, 174
181, 110
181, 46
181, 238
181, 175
181, 111
181, 47
181, 239
181, 176
181, 112
181, 48
181, 240
181, 177
181, 113
181, 49
181, 241
181, 178
181, 114
181, 50
181, 242
181, 179
181, 115
181, 51
181, 243
181, 180
181, 116
181, 52
181, 244
181, 181
181, 117
181, 53
181, 245
181, 118
181, 54
181, 246
181, 182
181, 119
181, 55
181, 247
181, 183
181, 120
181, 56
181, 248
181, 184
181, 121
181, 57
181, 249
181, 185
181, 122
181, 58
181, 250
181, 186
181, 123
181, 59
181, 187
181, 124
181, 60
181, 188
181, 125
181, 61
181, 189
181, 126
181, 62
181, 190
181, 127
181, 63
181, 191
117, 64
117, 192
117, 128
117, 65
117, 1
117, 193
117, 129
117, 66
117, 2
117, 194
117, 130
117, 67
117, 3
117, 195
117, 131
117, 68
117, 4
117, 196
117, 132
117, 69
117, 5
117, 197
117, 133
117, 70
117, 6
117, 198
117, 134
117, 71
117, 7
117, 199
117, 135
117, 72
117, 8
117, 200
117, 136
117, 73
117, 9
117, 201
117, 137
117, 74
117, 10
117, 202
117, 138
117, 75
117, 11
117, 203
117, 139
117, 76
117, 12
117, 204
117, 140
117, 77
117, 13
117, 205
117, 141
117, 78
117, 14
117, 206
117, 142
117, 79
117, 15
117, 207
117, 143
117, 80
117, 16
117, 208
117, 144
117, 81
117, 17
117, 209
117, 145
117, 82
117, 18
117, 210
117, 146
117, 83
117, 19
117, 211
117, 147
117, 84
117, 20
117, 212
117, 148
117, 85
117, 21
117, 213
117, 149
117, 86
117, 22
117, 214
117, 150
117, 87
117, 23
117, 215
117, 151
117, 88
117, 24
117, 216
117, 152
117, 89
117, 25
117, 217
117, 153
117, 90
117, 26
117, 218
117, 154
117, 91
117, 27
117, 219
117, 155
117, 92
117, 28
117, 220
117, 156
117, 93
117, 29
117, 221
117, 157
117, 94
117, 30
117, 222
117, 158
117, 95
117, 31
117, 223
117, 159
117, 96
117, 32
117, 224
117, 160
117, 97
117, 33
117, 225
117, 161
117, 98
117, 34
117, 226
117, 162
117, 99
117, 35
117, 227
117, 163
117, 100
117, 36
117, 228
117, 164
117, 101
117, 37
117, 229
117, 165
117, 102
117, 38
117, 230
117, 166
117, 103
117, 39
117, 231
117, 167
117, 104
117, 40
117, 232
117, 168
117, 105
117, 41
117, 233
117, 169
117, 106
117, 42
117, 234
117, 170
117, 107
117, 43
117, 235
117, 171
117, 108
117, 44
117, 236
117, 172
117, 109
117, 45
117, 237
117, 173
117, 110
117, 46
117, 238
117, 174
117, 111
117, 47
117, 239
117, 175
117, 112
117, 48
117, 240
117, 176
117, 113
117, 49
117, 241
117, 177
117, 114
117, 50
117, 242
117, 178
117, 115
117, 51
117, 243
117, 179
117, 116
117, 52
117, 244
117, 180
117, 117
117, 53
117, 245
117, 181
117, 54
117, 246
117, 182
117, 118
117, 55
117, 247
117, 183
117, 119
117, 56
117, 248
117, 184
117, 120
117, 57
117, 249
117, 185
117, 121
117, 58
117, 250
117, 186
117, 122
117, 59
117, 187
117, 123
117, 60
117, 188
117, 124
117, 61
117, 189
117, 125
117, 62
117, 190
117, 126
117, 63
117, 191
117, 127
53, 192
53, 128
53, 64
53, 1
53, 193
53, 129
53, 65
53, 2
53, 194
53, 130
53, 66
53, 3
53, 195
53, 131
53, 67
53, 4
53, 196
53, 132
53, 68
53, 5
53, 197
53, 133
53, 69
53, 6
53, 198
53, 134
53, 70
53, 7
53, 199
53, 135
53, 71
53, 8
53, 200
53, 136
53, 72
53, 9
53, 201
53, 137
53, 73
53, 10
53, 202
53, 138
53, 74
53, 11
53, 203
53, 139
53, 75
53, 12
53, 204
53, 140
53, 76
53, 13
53, 205
53, 141
53, 77
53, 14
53, 206
53, 142
53, 78
53, 15
53, 207
53, 143
53, 79
53, 16
53, 208
53, 144
53, 80
53, 17
53, 209
53, 145
53, 81
53, 18
53, 210
53, 146
53, 82
53, 19
53, 211
53, 147
53, 83
53, 20
53, 212
53, 148
53, 84
53, 21
53, 213
53, 149
53, 85
53, 22
53, 214
53, 150
53, 86
53, 23
53, 215
53, 151
53, 87
53, 24
53, 216
53, 152
53, 88
53, 25
53, 217
53, 153
53, 89
53, 26
53, 218
53, 154
53, 90
53, 27
53, 219
53, 155
53, 91
53, 28
53, 220
53, 156
53, 92
53, 29
53, 221
53, 157
53, 93
53, 30
53, 222
53, 158
53, 94
53, 31
53, 223
53, 159
53, 95
53, 32
53, 224
53, 160
53, 96
53, 33
53, 225
53, 161
53, 97
53, 34
53, 226
53, 162
53, 98
53, 35
53, 227
53, 163
53, 99
53, 36
53, 228
53, 164
53, 100
53, 37
53, 229
53, 165
53, 101
53, 38
53, 230
53, 166
53, 102
53, 39
53, 231
53, 167
53, 103
53, 40
53, 232
53, 168
53, 104
53, 41
53, 233
53, 169
53, 105
53, 42
53, 234
53, 170
53, 106
53, 43
53, 235
53, 171
53, 107
53, 44
53, 236
53, 172
53, 108
53, 45
53, 237
53, 173
53, 109
53, 46
53, 238
53, 174
53, 110
53, 47
53, 239
53, 175
53, 111
53, 48
53, 240
53, 176
53, 112
53, 49
53, 241
53, 177
53, 113
53, 50
53, 242
53, 178
53, 114
53, 51
53, 243
53, 179
53, 115
53, 52
53, 244
53, 180
53, 116
53, 53
53, 245
53, 181
53, 117
53, 246
53, 182
53, 118
53, 54
53, 247
53, 183
53, 119
53, 55
53, 248
53, 184
53, 120
53, 56
53, 249
53, 185
53, 121
53, 57
53, 250
53, 186
53, 122
53, 58
53, 187
53, 123
53, 59
53, 188
53, 124
53, 60
53, 189
53, 125
53, 61
53, 190
53, 126
53, 62
53, 191
53, 127
53, 63
246, 192
246, 128
246, 64
246, 193
246, 129
246, 65
246, 1
246, 194
246, 130
246, 66
246, 2
246, 195
246, 131
246, 67
246, 3
246, 196
246, 132
246, 68
246, 4
246, 197
246, 133
246, 69
246, 5
246, 198
246, 134
246, 70
246, 6
246, 199
246, 135
246, 71
246, 7
246, 200
246, 136
246, 72
246, 8
246, 201
246, 137
246, 73
246, 9
246, 202
246, 138
246, 74
246, 10
246, 203
246, 139
246, 75
246, 11
246, 204
246, 140
246, 76
246, 12
246, 205
246, 141
246, 77
246, 13
246, 206
246, 142
246, 78
246, 14
246, 207
246, 143
246, 79
246, 15
246, 208
246, 144
246, 80
246, 16
246, 209
246, 145
246, 81
246, 17
246, 210
246, 146
246, 82
246, 18
246, 211
246, 147
246, 83
246, 19
246, 212
246, 148
246, 84
246, 20
246, 213
246, 149
246, 85
246, 21
246, 214
246, 150
246, 86
246, 22
246, 215
246, 151
246, 87
246, 23
246, 216
246, 152
246, 88
246, 24
246, 217
246, 153
246, 89
246, 25
246, 218
246, 154
246, 90
246, 26
246, 219
246, 155
246, 91
246, 27
246, 220
246, 156
246, 92
246, 28
246, 221
246, 157
246, 93
246, 29
246, 222
246, 158
246, 94
246, 30
246, 223
246, 159
246, 95
246, 31
246, 224
246, 160
246, 96
246, 32
246, 225
246, 161
246, 97
246, 33
246, 226
246, 162
246, 98
246, 34
246, 227
246, 163
246, 99
246, 35
246, 228
246, 164
246, 100
246, 36
246, 229
246, 165
246, 101
246, 37
246, 230
246, 166
246, 102
246, 38
246, 231
246, 167
246, 103
246, 39
246, 232
246, 168
246, 104
246, 40
246, 233
246, 169
246, 105
246, 41
246, 234
246, 170
246, 106
246, 42
246, 235
246, 171
246, 107
246, 43
246, 236
246, 172
246, 108
246, 44
246, 237
246, 173
246, 109
246, 45
246, 238
246, 174
246, 110
246, 46
246, 239
246, 175
246, 111
246, 47
246, 240
246, 176
246, 112
246, 48
246, 241
246, 177
246, 113
246, 49
246, 242
246, 178
246, 114
246, 50
246, 243
246, 179
246, 115
246, 51
246, 244
246, 180
246, 116
246, 52
246, 245
246, 181
246, 117
246, 53
246, 246
246, 182
246, 118
246, 54
246, 183
246, 119
246, 55
246, 247
246, 184
246, 120
246, 56
246, 248
246, 185
246, 121
246, 57
246, 249
246, 186
246, 122
246, 58
246, 250
246, 187
246, 123
246, 59
246, 188
246, 124
246, 60
246, 189
246, 125
246, 61
246, 190
246, 126
246, 62
246, 191
246, 127
246, 63
182, 128
182, 64
182, 192
182, 129
182, 65
182, 1
182, 193
182, 130
182, 66
182, 2
182, 194
182, 131
182, 67
182, 3
182, 195
182, 132
182, 68
182, 4
182, 196
182, 133
182, 69
182, 5
182, 197
182, 134
182, 70
182, 6
182, 198
182, 135
182, 71
182, 7
182, 199
182, 136
182, 72
182, 8
182, 200
182, 137
182, 73
182, 9
182, 201
182, 138
182, 74
182, 10
182, 202
182, 139
182, 75
182, 11
182, 203
182, 140
182, 76
182, 12
182, 204
182, 141
182, 77
182, 13
182, 205
182, 142
182, 78
182, 14
182, 206
182, 143
182, 79
182, 15
182, 207
182, 144
182, 80
182, 16
182, 208
182, 145
182, 81
182, 17
182, 209
182, 146
182, 82
182, 18
182, 210
182, 147
182, 83
182, 19
182, 211
182, 148
182, 84
182, 20
182, 212
182, 149
182, 85
182, 21
182, 213
182, 150
182, 86
182, 22
182, 214
182, 151
182, 87
182, 23
182, 215
182, 152
182, 88
182, 24
182, 216
182, 153
182, 89
182, 25
182, 217
182, 154
182, 90
182, 26
182, 218
182, 155
182, 91
182, 27
182, 219
182, 156
182, 92
182, 28
182, 220
182, 157
182, 93
182, 29
182, 221
182, 158
182, 94
182, 30
182, 222
182, 159
182, 95
182, 31
182, 223
182, 160
182, 96
182, 32
182, 224
182, 161
182, 97
182, 33
182, 225
182, 162
182, 98
182, 34
182, 226
182, 163
182, 99
182, 35
182, 227
182, 164
182, 100
182, 36
182, 228
182, 165
182, 101
182, 37
182, 229
182, 166
182, 102
182, 38
182, 230
182, 167
182, 103
182, 39
182, 231
182, 168
182, 104
182, 40
182, 232
182, 169
182, 105
182, 41
182, 233
182, 170
182, 106
182, 42
182, 234
182, 171
182, 107
182, 43
182, 235
182, 172
182, 108
182, 44
182, 236
182, 173
182, 109
182, 45
182, 237
182, 174
182, 110
182, 46
182, 238
182, 175
182, 111
182, 47
182, 239
182, 176
182, 112
182, 48
182, 240
182, 177
182, 113
182, 49
182, 241
182, 178
182, 114
182, 50
182, 242
182, 179
182, 115
182, 51
182, 243
182, 180
182, 116
182, 52
182, 244
182, 181
182, 117
182, 53
182, 245
182, 182
182, 118
182, 54
182, 246
182, 119
182, 55
182, 247
182, 183
182, 120
182, 56
182, 248
182, 184
182, 121
182, 57
182, 249
182, 185
182, 122
182, 58
182, 250
182, 186
182, 123
182, 59
182, 187
182, 124
182, 60
182, 188
182, 125
182, 61
182, 189
182, 126
182, 62
182, 190
182, 127
182, 63
182, 191
118, 64
118, 192
118, 128
118, 65
118, 1
118, 193
118, 129
118, 66
118, 2
118, 194
118, 130
118, 67
118, 3
118, 195
118, 131
118, 68
118, 4
118, 196
118, 132
118, 69
118, 5
118, 197
118, 133
118, 70
118, 6
118, 198
118, 134
118, 71
118, 7
118, 199
118, 135
118, 72
118, 8
118, 200
118, 136
118, 73
118, 9
118, 201
118, 137
118, 74
118, 10
118, 202
118, 138
118, 75
118, 11
118, 203
118, 139
118, 76
118, 12
118, 204
118, 140
118, 77
118, 13
118, 205
118, 141
118, 78
118, 14
118, 206
118, 142
118, 79
118, 15
118, 207
118, 143
118, 80
118, 16
118, 208
118, 144
118, 81
118, 17
118, 209
118, 145
118, 82
118, 18
118, 210
118, 146
118, 83
118, 19
118, 211
118, 147
118, 84
118, 20
118, 212
118, 148
118, 85
118, 21
118, 213
118, 149
118, 86
118, 22
118, 214
118, 150
118, 87
118, 23
118, 215
118, 151
118, 88
118, 24
118, 216
118, 152
118, 89
118, 25
118, 217
118, 153
118, 90
118, 26
118, 218
118, 154
118, 91
118, 27
118, 219
118, 155
118, 92
118, 28
118, 220
118, 156
118, 93
118, 29
118, 221
118, 157
118, 94
118, 30
118, 222
118, 158
118, 95
118, 31
118, 223
118, 159
118, 96
118, 32
118, 224
118, 160
118, 97
118, 33
118, 225
118, 161
118, 98
118, 34
118, 226
118, 162
118, 99
118, 35
118, 227
118, 163
118, 100
118, 36
118, 228
118, 164
118, 101
118, 37
118, 229
118, 165
118, 102
118, 38
118, 230
118, 166
118, 103
118, 39
118, 231
118, 167
118, 104
118, 40
118, 232
118, 168
118, 105
118, 41
118, 233
118, 169
118, 106
118, 42
118, 234
118, 170
118, 107
118, 43
118, 235
118, 171
118, 108
118, 44
118, 236
118, 172
118, 109
118, 45
118, 237
118, 173
118, 110
118, 46
118, 238
118, 174
118, 111
118, 47
118, 239
118, 175
118, 112
118, 48
118, 240
118, 176
118, 113
118, 49
118, 241
118, 177
118, 114
118, 50
118, 242
118, 178
118, 115
118, 51
118, 243
118, 179
118, 116
118, 52
118, 244
118, 180
118, 117
118, 53
118, 245
118, 181
118, 118
118, 54
118, 246
118, 182
118, 55
118, 247
118, 183
118, 119
118, 56
118, 248
118, 184
118, 120
118, 57
118, 249
118, 185
118, 121
118, 58
118, 250
118, 186
118, 122
118, 59
118, 187
118, 123
118, 60
118, 188
118, 124
118, 61
118, 189
118, 125
118, 62
118, 190
118, 126
118, 63
118, 191
118, 127
54, 192
54, 128
54, 64
54, 1
54, 193
54, 129
54, 65
54, 2
54, 194
54, 130
54, 66
54, 3
54, 195
54, 131
54, 67
54, 4
54, 196
54, 132
54, 68
54, 5
54, 197
54, 133
54, 69
54, 6
54, 198
54, 134
54, 70
54, 7
54, 199
54, 135
54, 71
54, 8
54, 200
54, 136
54, 72
54, 9
54, 201
54, 137
54, 73
54, 10
54, 202
54, 138
54, 74
54, 11
54, 203
54, 139
54, 75
54, 12
54, 204
54, 140
54, 76
54, 13
54, 205
54, 141
54, 77
54, 14
54, 206
54, 142
54, 78
54, 15
54, 207
54, 143
54, 79
54, 16
54, 208
54, 144
54, 80
54, 17
54, 209
54, 145
54, 81
54, 18
54, 210
54, 146
54, 82
54, 19
54, 211
54, 147
54, 83
54, 20
54, 212
54, 148
54, 84
54, 21
54, 213
54, 149
54, 85
54, 22
54, 214
54, 150
54, 86
54, 23
54, 215
54, 151
54, 87
54, 24
54, 216
54, 152
54, 88
54, 25
54, 217
54, 153
54, 89
54, 26
54, 218
54, 154
54, 90
54, 27
54, 219
54, 155
54, 91
54, 28
54, 220
54, 156
54, 92
54, 29
54, 221
54, 157
54, 93
54, 30
54, 222
54, 158
54, 94
54, 31
54, 223
54, 159
54, 95
54, 32
54, 224
54, 160
54, 96
54, 33
54, 225
54, 161
54, 97
54, 34
54, 226
54, 162
54, 98
54, 35
54, 227
54, 163
54, 99
54, 36
54, 228
54, 164
54, 100
54, 37
54, 229
54, 165
54, 101
54, 38
54, 230
54, 166
54, 102
54, 39
54, 231
54, 167
54, 103
54, 40
54, 232
54, 168
54, 104
54, 41
54, 233
54, 169
54, 105
54, 42
54, 234
54, 170
54, 106
54, 43
54, 235
54, 171
54, 107
54, 44
54, 236
54, 172
54, 108
54, 45
54, 237
54, 173
54, 109
54, 46
54, 238
54, 174
54, 110
54, 47
54, 239
54, 175
54, 111
54, 48
54, 240
54, 176
54, 112
54, 49
54, 241
54, 177
54, 113
54, 50
54, 242
54, 178
54, 114
54, 51
54, 243
54, 179
54, 115
54, 52
54, 244
54, 180
54, 116
54, 53
54, 245
54, 181
54, 117
54, 54
54, 246
54, 182
54, 118
54, 247
54, 183
54, 119
54, 55
54, 248
54, 184
54, 120
54, 56
54, 249
54, 185
54, 121
54, 57
54, 250
54, 186
54, 122
54, 58
54, 187
54, 123
54, 59
54, 188
54, 124
54, 60
54, 189
54, 125
54, 61
54, 190
54, 126
54, 62
54, 191
54, 127
54, 63
247, 192
247, 128
247, 64
247, 193
247, 129
247, 65
247, 1
247, 194
247, 130
247, 66
247, 2
247, 195
247, 131
247, 67
247, 3
247, 196
247, 132
247, 68
247, 4
247, 197
247, 133
247, 69
247, 5
247, 198
247, 134
247, 70
247, 6
247, 199
247, 135
247, 71
247, 7
247, 200
247, 136
247, 72
247, 8
247, 201
247, 137
247, 73
247, 9
247, 202
247, 138
247, 74
247, 10
247, 203
247, 139
247, 75
247, 11
247, 204
247, 140
247, 76
247, 12
247, 205
247, 141
247, 77
247, 13
247, 206
247, 142
247, 78
247, 14
247, 207
247, 143
247, 79
247, 15
247, 208
247, 144
247, 80
247, 16
247, 209
247, 145
247, 81
247, 17
247, 210
247, 146
247, 82
247, 18
247, 211
247, 147
247, 83
247, 19
247, 212
247, 148
247, 84
247, 20
247, 213
247, 149
247, 85
247, 21
247, 214
247, 150
247, 86
247, 22
247, 215
247, 151
247, 87
247, 23
247, 216
247, 152
247, 88
247, 24
247, 217
247, 153
247, 89
247, 25
247, 218
247, 154
247, 90
247, 26
247, 219
247, 155
247, 91
247, 27
247, 220
247, 156
247, 92
247, 28
247, 221
247, 157
247, 93
247, 29
247, 222
247, 158
247, 94
247, 30
247, 223
247, 159
247, 95
247, 31
247, 224
247, 160
247, 96
247, 32
247, 225
247, 161
247, 97
247, 33
247, 226
247, 162
247, 98
247, 34
247, 227
247, 163
247, 99
247, 35
247, 228
247, 164
247, 100
247, 36
247, 229
247, 165
247, 101
247, 37
247, 230
247, 166
247, 102
247, 38
247, 231
247, 167
247, 103
247, 39
247, 232
247, 168
247, 104
247, 40
247, 233
247, 169
247, 105
247, 41
247, 234
247, 170
247, 106
247, 42
247, 235
247, 171
247, 107
247, 43
247, 236
247, 172
247, 108
247, 44
247, 237
247, 173
247, 109
247, 45
247, 238
247, 174
247, 110
247, 46
247, 239
247, 175
247, 111
247, 47
247, 240
247, 176
247, 112
247, 48
247, 241
247, 177
247, 113
247, 49
247, 242
247, 178
247, 114
247, 50
247, 243
247, 179
247, 115
247, 51
247, 244
247, 180
247, 116
247, 52
247, 245
247, 181
247, 117
247, 53
247, 246
247, 182
247, 118
247, 54
247, 247
247, 183
247, 119
247, 55
247, 184
247, 120
247, 56
247, 248
247, 185
247, 121
247, 57
247, 249
247, 186
247, 122
247, 58
247, 250
247, 187
247, 123
247, 59
247, 188
247, 124
247, 60
247, 189
247, 125
247, 61
247, 190
247, 126
247, 62
247, 191
247, 127
247, 63
183, 128
183, 64
183, 192
183, 129
183, 65
183, 1
183, 193
183, 130
183, 66
183, 2
183, 194
183, 131
183, 67
183, 3
183, 195
183, 132
183, 68
183, 4
183, 196
183, 133
183, 69
183, 5
183, 197
183, 134
183, 70
183, 6
183, 198
183, 135
183, 71
183, 7
183, 199
183, 136
183, 72
183, 8
183, 200
183, 137
183, 73
183, 9
183, 201
183, 138
183, 74
183, 10
183, 202
183, 139
183, 75
183, 11
183, 203
183, 140
183, 76
183, 12
183, 204
183, 141
183, 77
183, 13
183, 205
183, 142
183, 78
183, 14
183, 206
183, 143
183, 79
183, 15
183, 207
183, 144
183, 80
183, 16
183, 208
183, 145
183, 81
183, 17
183, 209
183, 146
183, 82
183, 18
183, 210
183, 147
183, 83
183, 19
183, 211
183, 148
183, 84
183, 20
183, 212
183, 149
183, 85
183, 21
183, 213
183, 150
183, 86
183, 22
183, 214
183, 151
183, 87
183, 23
183, 215
183, 152
183, 88
183, 24
183, 216
183, 153
183, 89
183, 25
183, 217
183, 154
183, 90
183, 26
183, 218
183, 155
183, 91
183, 27
183, 219
183, 156
183, 92
183, 28
183, 220
183, 157
183, 93
183, 29
183, 221
183, 158
183, 94
183, 30
183, 222
183, 159
183, 95
183, 31
183, 223
183, 160
183, 96
183, 32
183, 224
183, 161
183, 97
183, 33
183, 225
183, 162
183, 98
183, 34
183, 226
183, 163
183, 99
183, 35
183, 227
183, 164
183, 100
183, 36
183, 228
183, 165
183, 101
183, 37
183, 229
183, 166
183, 102
183, 38
183, 230
183, 167
183, 103
183, 39
183, 231
183, 168
183, 104
183, 40
183, 232
183, 169
183, 105
183, 41
183, 233
183, 170
183, 106
183, 42
183, 234
183, 171
183, 107
183, 43
183, 235
183, 172
183, 108
183, 44
183, 236
183, 173
183, 109
183, 45
183, 237
183, 174
183, 110
183, 46
183, 238
183, 175
183, 111
183, 47
183, 239
183, 176
183, 112
183, 48
183, 240
183, 177
183, 113
183, 49
183, 241
183, 178
183, 114
183, 50
183, 242
183, 179
183, 115
183, 51
183, 243
183, 180
183, 116
183, 52
183, 244
183, 181
183, 117
183, 53
183, 245
183, 182
183, 118
183, 54
183, 246
183, 183
183, 119
183, 55
183, 247
183, 120
183, 56
183, 248
183, 184
183, 121
183, 57
183, 249
183, 185
183, 122
183, 58
183, 250
183, 186
183, 123
183, 59
183, 187
183, 124
183, 60
183, 188
183, 125
183, 61
183, 189
183, 126
183, 62
183, 190
183, 127
183, 63
183, 191
119, 64
119, 192
119, 128
119, 65
119, 1
119, 193
119, 129
119, 66
119, 2
119, 194
119, 130
119, 67
119, 3
119, 195
119, 131
119, 68
119, 4
119, 196
119, 132
119, 69
119, 5
119, 197
119, 133
119, 70
119, 6
119, 198
119, 134
119, 71
119, 7
119, 199
119, 135
119, 72
119, 8
119, 200
119, 136
119, 73
119, 9
119, 201
119, 137
119, 74
119, 10
119, 202
119, 138
119, 75
119, 11
119, 203
119, 139
119, 76
119, 12
119, 204
119, 140
119, 77
119, 13
119, 205
119, 141
119, 78
119, 14
119, 206
119, 142
119, 79
119, 15
119, 207
119, 143
119, 80
119, 16
119, 208
119, 144
119, 81
119, 17
119, 209
119, 145
119, 82
119, 18
119, 210
119, 146
119, 83
119, 19
119, 211
119, 147
119, 84
119, 20
119, 212
119, 148
119, 85
119, 21
119, 213
119, 149
119, 86
119, 22
119, 214
119, 150
119, 87
119, 23
119, 215
119, 151
119, 88
119, 24
119, 216
119, 152
119, 89
119, 25
119, 217
119, 153
119, 90
119, 26
119, 218
119, 154
119, 91
119, 27
119, 219
119, 155
119, 92
119, 28
119, 220
119, 156
119, 93
119, 29
119, 221
119, 157
119, 94
119, 30
119, 222
119, 158
119, 95
119, 31
119, 223
119, 159
119, 96
119, 32
119, 224
119, 160
119, 97
119, 33
119, 225
119, 161
119, 98
119, 34
119, 226
119, 162
119, 99
119, 35
119, 227
119, 163
119, 100
119, 36
119, 228
119, 164
119, 101
119, 37
119, 229
119, 165
119, 102
119, 38
119, 230
119, 166
119, 103
119, 39
119, 231
119, 167
119, 104
119, 40
119, 232
119, 168
119, 105
119, 41
119, 233
119, 169
119, 106
119, 42
119, 234
119, 170
119, 107
119, 43
119, 235
119, 171
119, 108
119, 44
119, 236
119, 172
119, 109
119, 45
119, 237
119, 173
119, 110
119, 46
119, 238
119, 174
119, 111
119, 47
119, 239
119, 175
119, 112
119, 48
119, 240
119, 176
119, 113
119, 49
119, 241
119, 177
119, 114
119, 50
119, 242
119, 178
119, 115
119, 51
119, 243
119, 179
119, 116
119, 52
119, 244
119, 180
119, 117
119, 53
119, 245
119, 181
119, 118
119, 54
119, 246
119, 182
119, 119
119, 55
119, 247
119, 183
119, 56
119, 248
119, 184
119, 120
119, 57
119, 249
119, 185
119, 121
119, 58
119, 250
119, 186
119, 122
119, 59
119, 187
119, 123
119, 60
119, 188
119, 124
119, 61
119, 189
119, 125
119, 62
119, 190
119, 126
119, 63
119, 191
119, 127
55, 192
55, 128
55, 64
55, 1
55, 193
55, 129
55, 65
55, 2
55, 194
55, 130
55, 66
55, 3
55, 195
55, 131
55, 67
55, 4
55, 196
55, 132
55, 68
55, 5
55, 197
55, 133
55, 69
55, 6
55, 198
55, 134
55, 70
55, 7
55, 199
55, 135
55, 71
55, 8
55, 200
55, 136
55, 72
55, 9
55, 201
55, 137
55, 73
55, 10
55, 202
55, 138
55, 74
55, 11
55, 203
55, 139
55, 75
55, 12
55, 204
55, 140
55, 76
55, 13
55, 205
55, 141
55, 77
55, 14
55, 206
55, 142
55, 78
55, 15
55, 207
55, 143
55, 79
55, 16
55, 208
55, 144
55, 80
55, 17
55, 209
55, 145
55, 81
55, 18
55, 210
55, 146
55, 82
55, 19
55, 211
55, 147
55, 83
55, 20
55, 212
55, 148
55, 84
55, 21
55, 213
55, 149
55, 85
55, 22
55, 214
55, 150
55, 86
55, 23
55, 215
55, 151
55, 87
55, 24
55, 216
55, 152
55, 88
55, 25
55, 217
55, 153
55, 89
55, 26
55, 218
55, 154
55, 90
55, 27
55, 219
55, 155
55, 91
55, 28
55, 220
55, 156
55, 92
55, 29
55, 221
55, 157
55, 93
55, 30
55, 222
55, 158
55, 94
55, 31
55, 223
55, 159
55, 95
55, 32
55, 224
55, 160
55, 96
55, 33
55, 225
55, 161
55, 97
55, 34
55, 226
55, 162
55, 98
55, 35
55, 227
55, 163
55, 99
55, 36
55, 228
55, 164
55, 100
55, 37
55, 229
55, 165
55, 101
55, 38
55, 230
55, 166
55, 102
55, 39
55, 231
55, 167
55, 103
55, 40
55, 232
55, 168
55, 104
55, 41
55, 233
55, 169
55, 105
55, 42
55, 234
55, 170
55, 106
55, 43
55, 235
55, 171
55, 107
55, 44
55, 236
55, 172
55, 108
55, 45
55, 237
55, 173
55, 109
55, 46
55, 238
55, 174
55, 110
55, 47
55, 239
55, 175
55, 111
55, 48
55, 240
55, 176
55, 112
55, 49
55, 241
55, 177
55, 113
55, 50
55, 242
55, 178
55, 114
55, 51
55, 243
55, 179
55, 115
55, 52
55, 244
55, 180
55, 116
55, 53
55, 245
55, 181
55, 117
55, 54
55, 246
55, 182
55, 118
55, 55
55, 247
55, 183
55, 119
55, 248
55, 184
55, 120
55, 56
55, 249
55, 185
55, 121
55, 57
55, 250
55, 186
55, 122
55, 58
55, 187
55, 123
55, 59
55, 188
55, 124
55, 60
55, 189
55, 125
55, 61
55, 190
55, 126
55, 62
55, 191
55, 127
55, 63
248, 192
248, 128
248, 64
248, 193
248, 129
248, 65
248, 1
248, 194
248, 130
248, 66
248, 2
248, 195
248, 131
248, 67
248, 3
248, 196
248, 132
248, 68
248, 4
248, 197
248, 133
248, 69
248, 5
248, 198
248, 134
248, 70
248, 6
248, 199
248, 135
248, 71
248, 7
248, 200
248, 136
248, 72
248, 8
248, 201
248, 137
248, 73
248, 9
248, 202
248, 138
248, 74
248, 10
248, 203
248, 139
248, 75
248, 11
248, 204
248, 140
248, 76
248, 12
248, 205
248, 141
248, 77
248, 13
248, 206
248, 142
248, 78
248, 14
248, 207
248, 143
248, 79
248, 15
248, 208
248, 144
248, 80
248, 16
248, 209
248, 145
248, 81
248, 17
248, 210
248, 146
248, 82
248, 18
248, 211
248, 147
248, 83
248, 19
248, 212
248, 148
248, 84
248, 20
248, 213
248, 149
248, 85
248, 21
248, 214
248, 150
248, 86
248, 22
248, 215
248, 151
248, 87
248, 23
248, 216
248, 152
248, 88
248, 24
248, 217
248, 153
248, 89
248, 25
248, 218
248, 154
248, 90
248, 26
248, 219
248, 155
248, 91
248, 27
248, 220
248, 156
248, 92
248, 28
248, 221
248, 157
248, 93
248, 29
248, 222
248, 158
248, 94
248, 30
248, 223
248, 159
248, 95
248, 31
248, 224
248, 160
248, 96
248, 32
248, 225
248, 161
248, 97
248, 33
248, 226
248, 162
248, 98
248, 34
248, 227
248, 163
248, 99
248, 35
248, 228
248, 164
248, 100
248, 36
248, 229
248, 165
248, 101
248, 37
248, 230
248, 166
248, 102
248, 38
248, 231
248, 167
248, 103
248, 39
248, 232
248, 168
248, 104
248, 40
248, 233
248, 169
248, 105
248, 41
248, 234
248, 170
248, 106
248, 42
248, 235
248, 171
248, 107
248, 43
248, 236
248, 172
248, 108
248, 44
248, 237
248, 173
248, 109
248, 45
248, 238
248, 174
248, 110
248, 46
248, 239
248, 175
248, 111
248, 47
248, 240
248, 176
248, 112
248, 48
248, 241
248, 177
248, 113
248, 49
248, 242
248, 178
248, 114
248, 50
248, 243
248, 179
248, 115
248, 51
248, 244
248, 180
248, 116
248, 52
248, 245
248, 181
248, 117
248, 53
248, 246
248, 182
248, 118
248, 54
248, 247
248, 183
248, 119
248, 55
248, 248
248, 184
248, 120
248, 56
248, 185
248, 121
248, 57
248, 249
248, 186
248, 122
248, 58
248, 250
248, 187
248, 123
248, 59
248, 188
248, 124
248, 60
248, 189
248, 125
248, 61
248, 190
248, 126
248, 62
248, 191
248, 127
248, 63
184, 128
184, 64
184, 192
184, 129
184, 65
184, 1
184, 193
184, 130
184, 66
184, 2
184, 194
184, 131
184, 67
184, 3
184, 195
184, 132
184, 68
184, 4
184, 196
184, 133
184, 69
184, 5
184, 197
184, 134
184, 70
184, 6
184, 198
184, 135
184, 71
184, 7
184, 199
184, 136
184, 72
184, 8
184, 200
184, 137
184, 73
184, 9
184, 201
184, 138
184, 74
184, 10
184, 202
184, 139
184, 75
184, 11
184, 203
184, 140
184, 76
184, 12
184, 204
184, 141
184, 77
184, 13
184, 205
184, 142
184, 78
184, 14
184, 206
184, 143
184, 79
184, 15
184, 207
184, 144
184, 80
184, 16
184, 208
184, 145
184, 81
184, 17
184, 209
184, 146
184, 82
184, 18
184, 210
184, 147
184, 83
184, 19
184, 211
184, 148
184, 84
184, 20
184, 212
184, 149
184, 85
184, 21
184, 213
184, 150
184, 86
184, 22
184, 214
184, 151
184, 87
184, 23
184, 215
184, 152
184, 88
184, 24
184, 216
184, 153
184, 89
184, 25
184, 217
184, 154
184, 90
184, 26
184, 218
184, 155
184, 91
184, 27
184, 219
184, 156
184, 92
184, 28
184, 220
184, 157
184, 93
184, 29
184, 221
184, 158
184, 94
184, 30
184, 222
184, 159
184, 95
184, 31
184, 223
184, 160
184, 96
184, 32
184, 224
184, 161
184, 97
184, 33
184, 225
184, 162
184, 98
184, 34
184, 226
184, 163
184, 99
184, 35
184, 227
184, 164
184, 100
184, 36
184, 228
184, 165
184, 101
184, 37
184, 229
184, 166
184, 102
184, 38
184, 230
184, 167
184, 103
184, 39
184, 231
184, 168
184, 104
184, 40
184, 232
184, 169
184, 105
184, 41
184, 233
184, 170
184, 106
184, 42
184, 234
184, 171
184, 107
184, 43
184, 235
184, 172
184, 108
184, 44
184, 236
184, 173
184, 109
184, 45
184, 237
184, 174
184, 110
184, 46
184, 238
184, 175
184, 111
184, 47
184, 239
184, 176
184, 112
184, 48
184, 240
184, 177
184, 113
184, 49
184, 241
184, 178
184, 114
184, 50
184, 242
184, 179
184, 115
184, 51
184, 243
184, 180
184, 116
184, 52
184, 244
184, 181
184, 117
184, 53
184, 245
184, 182
184, 118
184, 54
184, 246
184, 183
184, 119
184, 55
184, 247
184, 184
184, 120
184, 56
184, 248
184, 121
184, 57
184, 249
184, 185
184, 122
184, 58
184, 250
184, 186
184, 123
184, 59
184, 187
184, 124
184, 60
184, 188
184, 125
184, 61
184, 189
184, 126
184, 62
184, 190
184, 127
184, 63
184, 191
120, 64
120, 192
120, 128
120, 65
120, 1
120, 193
120, 129
120, 66
120, 2
120, 194
120, 130
120, 67
120, 3
120, 195
120, 131
120, 68
120, 4
120, 196
120, 132
120, 69
120, 5
120, 197
120, 133
120, 70
120, 6
120, 198
120, 134
120, 71
120, 7
120, 199
120, 135
120, 72
120, 8
120, 200
120, 136
120, 73
120, 9
120, 201
120, 137
120, 74
120, 10
120, 202
120, 138
120, 75
120, 11
120, 203
120, 139
120, 76
120, 12
120, 204
120, 140
120, 77
120, 13
120, 205
120, 141
120, 78
120, 14
120, 206
120, 142
120, 79
120, 15
120, 207
120, 143
120, 80
120, 16
120, 208
120, 144
120, 81
120, 17
120, 209
120, 145
120, 82
120, 18
120, 210
120, 146
120, 83
120, 19
120, 211
120, 147
120, 84
120, 20
120, 212
120, 148
120, 85
120, 21
120, 213
120, 149
120, 86
120, 22
120, 214
120, 150
120, 87
120, 23
120, 215
120, 151
120, 88
120, 24
120, 216
120, 152
120, 89
120, 25
120, 217
120, 153
120, 90
120, 26
120, 218
120, 154
120, 91
120, 27
120, 219
120, 155
120, 92
120, 28
120, 220
120, 156
120, 93
120, 29
120, 221
120, 157
120, 94
120, 30
120, 222
120, 158
120, 95
120, 31
120, 223
120, 159
120, 96
120, 32
120, 224
120, 160
120, 97
120, 33
120, 225
120, 161
120, 98
120, 34
120, 226
120, 162
120, 99
120, 35
120, 227
120, 163
120, 100
120, 36
120, 228
120, 164
120, 101
120, 37
120, 229
120, 165
120, 102
120, 38
120, 230
120, 166
120, 103
120, 39
120, 231
120, 167
120, 104
120, 40
120, 232
120, 168
120, 105
120, 41
120, 233
120, 169
120, 106
120, 42
120, 234
120, 170
120, 107
120, 43
120, 235
120, 171
120, 108
120, 44
120, 236
120, 172
120, 109
120, 45
120, 237
120, 173
120, 110
120, 46
120, 238
120, 174
120, 111
120, 47
120, 239
120, 175
120, 112
120, 48
120, 240
120, 176
120, 113
120, 49
120, 241
120, 177
120, 114
120, 50
120, 242
120, 178
120, 115
120, 51
120, 243
120, 179
120, 116
120, 52
120, 244
120, 180
120, 117
120, 53
120, 245
120, 181
120, 118
120, 54
120, 246
120, 182
120, 119
120, 55
120, 247
120, 183
120, 120
120, 56
120, 248
120, 184
120, 57
120, 249
120, 185
120, 121
120, 58
120, 250
120, 186
120, 122
120, 59
120, 187
120, 123
120, 60
120, 188
120, 124
120, 61
120, 189
120, 125
120, 62
120, 190
120, 126
120, 63
120, 191
120, 127
56, 192
56, 128
56, 64
56, 1
56, 193
56, 129
56, 65
56, 2
56, 194
56, 130
56, 66
56, 3
56, 195
56, 131
56, 67
56, 4
56, 196
56, 132
56, 68
56, 5
56, 197
56, 133
56, 69
56, 6
56, 198
56, 134
56, 70
56, 7
56, 199
56, 135
56, 71
56, 8
56, 200
56, 136
56, 72
56, 9
56, 201
56, 137
56, 73
56, 10
56, 202
56, 138
56, 74
56, 11
56, 203
56, 139
56, 75
56, 12
56, 204
56, 140
56, 76
56, 13
56, 205
56, 141
56, 77
56, 14
56, 206
56, 142
56, 78
56, 15
56, 207
56, 143
56, 79
56, 16
56, 208
56, 144
56, 80
56, 17
56, 209
56, 145
56, 81
56, 18
56, 210
56, 146
56, 82
56, 19
56, 211
56, 147
56, 83
56, 20
56, 212
56, 148
56, 84
56, 21
56, 213
56, 149
56, 85
56, 22
56, 214
56, 150
56, 86
56, 23
56, 215
56, 151
56, 87
56, 24
56, 216
56, 152
56, 88
56, 25
56, 217
56, 153
56, 89
56, 26
56, 218
56, 154
56, 90
56, 27
56, 219
56, 155
56, 91
56, 28
56, 220
56, 156
56, 92
56, 29
56, 221
56, 157
56, 93
56, 30
56, 222
56, 158
56, 94
56, 31
56, 223
56, 159
56, 95
56, 32
56, 224
56, 160
56, 96
56, 33
56, 225
56, 161
56, 97
56, 34
56, 226
56, 162
56, 98
56, 35
56, 227
56, 163
56, 99
56, 36
56, 228
56, 164
56, 100
56, 37
56, 229
56, 165
56, 101
56, 38
56, 230
56, 166
56, 102
56, 39
56, 231
56, 167
56, 103
56, 40
56, 232
56, 168
56, 104
56, 41
56, 233
56, 169
56, 105
56, 42
56, 234
56, 170
56, 106
56, 43
56, 235
56, 171
56, 107
56, 44
56, 236
56, 172
56, 108
56, 45
56, 237
56, 173
56, 109
56, 46
56, 238
56, 174
56, 110
56, 47
56, 239
56, 175
56, 111
56, 48
56, 240
56, 176
56, 112
56, 49
56, 241
56, 177
56, 113
56, 50
56, 242
56, 178
56, 114
56, 51
56, 243
56, 179
56, 115
56, 52
56, 244
56, 180
56, 116
56, 53
56, 245
56, 181
56, 117
56, 54
56, 246
56, 182
56, 118
56, 55
56, 247
56, 183
56, 119
56, 56
56, 248
56, 184
56, 120
56, 249
56, 185
56, 121
56, 57
56, 250
56, 186
56, 122
56, 58
56, 187
56, 123
56, 59
56, 188
56, 124
56, 60
56, 189
56, 125
56, 61
56, 190
56, 126
56, 62
56, 191
56, 127
56, 63
249, 192
249, 128
249, 64
249, 193
249, 129
249, 65
249, 1
249, 194
249, 130
249, 66
249, 2
249, 195
249, 131
249, 67
249, 3
249, 196
249, 132
249, 68
249, 4
249, 197
249, 133
249, 69
249, 5
249, 198
249, 134
249, 70
249, 6
249, 199
249, 135
249, 71
249, 7
249, 200
249, 136
249, 72
249, 8
249, 201
249, 137
249, 73
249, 9
249, 202
249, 138
249, 74
249, 10
249, 203
249, 139
249, 75
249, 11
249, 204
249, 140
249, 76
249, 12
249, 205
249, 141
249, 77
249, 13
249, 206
249, 142
249, 78
249, 14
249, 207
249, 143
249, 79
249, 15
249, 208
249, 144
249, 80
249, 16
249, 209
249, 145
249, 81
249, 17
249, 210
249, 146
249, 82
249, 18
249, 211
249, 147
249, 83
249, 19
249, 212
249, 148
249, 84
249, 20
249, 213
249, 149
249, 85
249, 21
249, 214
249, 150
249, 86
249, 22
249, 215
249, 151
249, 87
249, 23
249, 216
249, 152
249, 88
249, 24
249, 217
249, 153
249, 89
249, 25
249, 218
249, 154
249, 90
249, 26
249, 219
249, 155
249, 91
249, 27
249, 220
249, 156
249, 92
249, 28
249, 221
249, 157
249, 93
249, 29
249, 222
249, 158
249, 94
249, 30
249, 223
249, 159
249, 95
249, 31
249, 224
249, 160
249, 96
249, 32
249, 225
249, 161
249, 97
249, 33
249, 226
249, 162
249, 98
249, 34
249, 227
249, 163
249, 99
249, 35
249, 228
249, 164
249, 100
249, 36
249, 229
249, 165
249, 101
249, 37
249, 230
249, 166
249, 102
249, 38
249, 231
249, 167
249, 103
249, 39
249, 232
249, 168
249, 104
249, 40
249, 233
249, 169
249, 105
249, 41
249, 234
249, 170
249, 106
249, 42
249, 235
249, 171
249, 107
249, 43
249, 236
249, 172
249, 108
249, 44
249, 237
249, 173
249, 109
249, 45
249, 238
249, 174
249, 110
249, 46
249, 239
249, 175
249, 111
249, 47
249, 240
249, 176
249, 112
249, 48
249, 241
249, 177
249, 113
249, 49
249, 242
249, 178
249, 114
249, 50
249, 243
249, 179
249, 115
249, 51
249, 244
249, 180
249, 116
249, 52
249, 245
249, 181
249, 117
249, 53
249, 246
249, 182
249, 118
249, 54
249, 247
249, 183
249, 119
249, 55
249, 248
249, 184
249, 120
249, 56
249, 249
249, 185
249, 121
249, 57
249, 186
249, 122
249, 58
249, 250
249, 187
249, 123
249, 59
249, 188
249, 124
249, 60
249, 189
249, 125
249, 61
249, 190
249, 126
249, 62
249, 191
249, 127
249, 63
185, 128
185, 64
185, 192
185, 129
185, 65
185, 1
185, 193
185, 130
185, 66
185, 2
185, 194
185, 131
185, 67
185, 3
185, 195
185, 132
185, 68
185, 4
185, 196
185, 133
185, 69
185, 5
185, 197
185, 134
185, 70
185, 6
185, 198
185, 135
185, 71
185, 7
185, 199
185, 136
185, 72
185, 8
185, 200
185, 137
185, 73
185, 9
185, 201
185, 138
185, 74
185, 10
185, 202
185, 139
185, 75
185, 11
185, 203
185, 140
185, 76
185, 12
185, 204
185, 141
185, 77
185, 13
185, 205
185, 142
185, 78
185, 14
185, 206
185, 143
185, 79
185, 15
185, 207
185, 144
185, 80
185, 16
185, 208
185, 145
185, 81
185, 17
185, 209
185, 146
185, 82
185, 18
185, 210
185, 147
185, 83
185, 19
185, 211
185, 148
185, 84
185, 20
185, 212
185, 149
185, 85
185, 21
185, 213
185, 150
185, 86
185, 22
185, 214
185, 151
185, 87
185, 23
185, 215
185, 152
185, 88
185, 24
185, 216
185, 153
185, 89
185, 25
185, 217
185, 154
185, 90
185, 26
185, 218
185, 155
185, 91
185, 27
185, 219
185, 156
185, 92
185, 28
185, 220
185, 157
185, 93
185, 29
185, 221
185, 158
185, 94
185, 30
185, 222
185, 159
185, 95
185, 31
185, 223
185, 160
185, 96
185, 32
185, 224
185, 161
185, 97
185, 33
185, 225
185, 162
185, 98
185, 34
185, 226
185, 163
185, 99
185, 35
185, 227
185, 164
185, 100
185, 36
185, 228
185, 165
185, 101
185, 37
185, 229
185, 166
185, 102
185, 38
185, 230
185, 167
185, 103
185, 39
185, 231
185, 168
185, 104
185, 40
185, 232
185, 169
185, 105
185, 41
185, 233
185, 170
185, 106
185, 42
185, 234
185, 171
185, 107
185, 43
185, 235
185, 172
185, 108
185, 44
185, 236
185, 173
185, 109
185, 45
185, 237
185, 174
185, 110
185, 46
185, 238
185, 175
185, 111
185, 47
185, 239
185, 176
185, 112
185, 48
185, 240
185, 177
185, 113
185, 49
185, 241
185, 178
185, 114
185, 50
185, 242
185, 179
185, 115
185, 51
185, 243
185, 180
185, 116
185, 52
185, 244
185, 181
185, 117
185, 53
185, 245
185, 182
185, 118
185, 54
185, 246
185, 183
185, 119
185, 55
185, 247
185, 184
185, 120
185, 56
185, 248
185, 185
185, 121
185, 57
185, 249
185, 122
185, 58
185, 250
185, 186
185, 123
185, 59
185, 187
185, 124
185, 60
185, 188
185, 125
185, 61
185, 189
185, 126
185, 62
185, 190
185, 127
185, 63
185, 191
121, 64
121, 192
121, 128
121, 65
121, 1
121, 193
121, 129
121, 66
121, 2
121, 194
121, 130
121, 67
121, 3
121, 195
121, 131
121, 68
121, 4
121, 196
121, 132
121, 69
121, 5
121, 197
121, 133
121, 70
121, 6
121, 198
121, 134
121, 71
121, 7
121, 199
121, 135
121, 72
121, 8
121, 200
121, 136
121, 73
121, 9
121, 201
121, 137
121, 74
121, 10
121, 202
121, 138
121, 75
121, 11
121, 203
121, 139
121, 76
121, 12
121, 204
121, 140
121, 77
121, 13
121, 205
121, 141
121, 78
121, 14
121, 206
121, 142
121, 79
121, 15
121, 207
121, 143
121, 80
121, 16
121, 208
121, 144
121, 81
121, 17
121, 209
121, 145
121, 82
121, 18
121, 210
121, 146
121, 83
121, 19
121, 211
121, 147
121, 84
121, 20
121, 212
121, 148
121, 85
121, 21
121, 213
121, 149
121, 86
121, 22
121, 214
121, 150
121, 87
121, 23
121, 215
121, 151
121, 88
121, 24
121, 216
121, 152
121, 89
121, 25
121, 217
121, 153
121, 90
121, 26
121, 218
121, 154
121, 91
121, 27
121, 219
121, 155
121, 92
121, 28
121, 220
121, 156
121, 93
121, 29
121, 221
121, 157
121, 94
121, 30
121, 222
121, 158
121, 95
121, 31
121, 223
121, 159
121, 96
121, 32
121, 224
121, 160
121, 97
121, 33
121, 225
121, 161
121, 98
121, 34
121, 226
121, 162
121, 99
121, 35
121, 227
121, 163
121, 100
121, 36
121, 228
121, 164
121, 101
121, 37
121, 229
121, 165
121, 102
121, 38
121, 230
121, 166
121, 103
121, 39
121, 231
121, 167
121, 104
121, 40
121, 232
121, 168
121, 105
121, 41
121, 233
121, 169
121, 106
121, 42
121, 234
121, 170
121, 107
121, 43
121, 235
121, 171
121, 108
121, 44
121, 236
121, 172
121, 109
121, 45
121, 237
121, 173
121, 110
121, 46
121, 238
121, 174
121, 111
121, 47
121, 239
121, 175
121, 112
121, 48
121, 240
121, 176
121, 113
121, 49
121, 241
121, 177
121, 114
121, 50
121, 242
121, 178
121, 115
121, 51
121, 243
121, 179
121, 116
121, 52
121, 244
121, 180
121, 117
121, 53
121, 245
121, 181
121, 118
121, 54
121, 246
121, 182
121, 119
121, 55
121, 247
121, 183
121, 120
121, 56
121, 248
121, 184
121, 121
121, 57
121, 249
121, 185
121, 58
121, 250
121, 186
121, 122
121, 59
121, 187
121, 123
121, 60
121, 188
121, 124
121, 61
121, 189
121, 125
121, 62
121, 190
121, 126
121, 63
121, 191
121, 127
57, 192
57, 128
57, 64
57, 1
57, 193
57, 129
57, 65
57, 2
57, 194
57, 130
57, 66
57, 3
57, 195
57, 131
57, 67
57, 4
57, 196
57, 132
57, 68
57, 5
57, 197
57, 133
57, 69
57, 6
57, 198
57, 134
57, 70
57, 7
57, 199
57, 135
57, 71
57, 8
57, 200
57, 136
57, 72
57, 9
57, 201
57, 137
57, 73
57, 10
57, 202
57, 138
57, 74
57, 11
57, 203
57, 139
57, 75
57, 12
57, 204
57, 140
57, 76
57, 13
57, 205
57, 141
57, 77
57, 14
57, 206
57, 142
57, 78
57, 15
57, 207
57, 143
57, 79
57, 16
57, 208
57, 144
57, 80
57, 17
57, 209
57, 145
57, 81
57, 18
57, 210
57, 146
57, 82
57, 19
57, 211
57, 147
57, 83
57, 20
57, 212
57, 148
57, 84
57, 21
57, 213
57, 149
57, 85
57, 22
57, 214
57, 150
57, 86
57, 23
57, 215
57, 151
57, 87
57, 24
57, 216
57, 152
57, 88
57, 25
57, 217
57, 153
57, 89
57, 26
57, 218
57, 154
57, 90
57, 27
57, 219
57, 155
57, 91
57, 28
57, 220
57, 156
57, 92
57, 29
57, 221
57, 157
57, 93
57, 30
57, 222
57, 158
57, 94
57, 31
57, 223
57, 159
57, 95
57, 32
57, 224
57, 160
57, 96
57, 33
57, 225
57, 161
57, 97
57, 34
57, 226
57, 162
57, 98
57, 35
57, 227
57, 163
57, 99
57, 36
57, 228
57, 164
57, 100
57, 37
57, 229
57, 165
57, 101
57, 38
57, 230
57, 166
57, 102
57, 39
57, 231
57, 167
57, 103
57, 40
57, 232
57, 168
57, 104
57, 41
57, 233
57, 169
57, 105
57, 42
57, 234
57, 170
57, 106
57, 43
57, 235
57, 171
57, 107
57, 44
57, 236
57, 172
57, 108
57, 45
57, 237
57, 173
57, 109
57, 46
57, 238
57, 174
57, 110
57, 47
57, 239
57, 175
57, 111
57, 48
57, 240
57, 176
57, 112
57, 49
57, 241
57, 177
57, 113
57, 50
57, 242
57, 178
57, 114
57, 51
57, 243
57, 179
57, 115
57, 52
57, 244
57, 180
57, 116
57, 53
57, 245
57, 181
57, 117
57, 54
57, 246
57, 182
57, 118
57, 55
57, 247
57, 183
57, 119
57, 56
57, 248
57, 184
57, 120
57, 57
57, 249
57, 185
57, 121
57, 250
57, 186
57, 122
57, 58
57, 187
57, 123
57, 59
57, 188
57, 124
57, 60
57, 189
57, 125
57, 61
57, 190
57, 126
57, 62
57, 191
57, 127
57, 63
250, 192
250, 128
250, 64
250, 193
250, 129
250, 65
250, 1
250, 194
250, 130
250, 66
250, 2
250, 195
250, 131
250, 67
250, 3
250, 196
250, 132
250, 68
250, 4
250, 197
250, 133
250, 69
250, 5
250, 198
250, 134
250, 70
250, 6
250, 199
250, 135
250, 71
250, 7
250, 200
250, 136
250, 72
250, 8
250, 201
250, 137
250, 73
250, 9
250, 202
250, 138
250, 74
250, 10
250, 203
250, 139
250, 75
250, 11
250, 204
250, 140
250, 76
250, 12
250, 205
250, 141
250, 77
250, 13
250, 206
250, 142
250, 78
250, 14
250, 207
250, 143
250, 79
250, 15
250, 208
250, 144
250, 80
250, 16
250, 209
250, 145
250, 81
250, 17
250, 210
250, 146
250, 82
250, 18
250, 211
250, 147
250, 83
250, 19
250, 212
250, 148
250, 84
250, 20
250, 213
250, 149
250, 85
250, 21
250, 214
250, 150
250, 86
250, 22
250, 215
250, 151
250, 87
250, 23
250, 216
250, 152
250, 88
250, 24
250, 217
250, 153
250, 89
250, 25
250, 218
250, 154
250, 90
250, 26
250, 219
250, 155
250, 91
250, 27
250, 220
250, 156
250, 92
250, 28
250, 221
250, 157
250, 93
250, 29
250, 222
250, 158
250, 94
250, 30
250, 223
250, 159
250, 95
250, 31
250, 224
250, 160
250, 96
250, 32
250, 225
250, 161
250, 97
250, 33
250, 226
250, 162
250, 98
250, 34
250, 227
250, 163
250, 99
250, 35
250, 228
250, 164
250, 100
250, 36
250, 229
250, 165
250, 101
250, 37
250, 230
250, 166
250, 102
250, 38
250, 231
250, 167
250, 103
250, 39
250, 232
250, 168
250, 104
250, 40
250, 233
250, 169
250, 105
250, 41
250, 234
250, 170
250, 106
250, 42
250, 235
250, 171
250, 107
250, 43
250, 236
250, 172
250, 108
250, 44
250, 237
250, 173
250, 109
250, 45
250, 238
250, 174
250, 110
250, 46
250, 239
250, 175
250, 111
250, 47
250, 240
250, 176
250, 112
250, 48
250, 241
250, 177
250, 113
250, 49
250, 242
250, 178
250, 114
250, 50
250, 243
250, 179
250, 115
250, 51
250, 244
250, 180
250, 116
250, 52
250, 245
250, 181
250, 117
250, 53
250, 246
250, 182
250, 118
250, 54
250, 247
250, 183
250, 119
250, 55
250, 248
250, 184
250, 120
250, 56
250, 249
250, 185
250, 121
250, 57
250, 250
250, 186
250, 122
250, 58
250, 187
250, 123
250, 59
250, 188
250, 124
250, 60
250, 189
250, 125
250, 61
250, 190
250, 126
250, 62
250, 191
250, 127
250, 63
186, 128
186, 64
186, 192
186, 129
186, 65
186, 1
186, 193
186, 130
186, 66
186, 2
186, 194
186, 131
186, 67
186, 3
186, 195
186, 132
186, 68
186, 4
186, 196
186, 133
186, 69
186, 5
186, 197
186, 134
186, 70
186, 6
186, 198
186, 135
186, 71
186, 7
186, 199
186, 136
186, 72
186, 8
186, 200
186, 137
186, 73
186, 9
186, 201
186, 138
186, 74
186, 10
186, 202
186, 139
186, 75
186, 11
186, 203
186, 140
186, 76
186, 12
186, 204
186, 141
186, 77
186, 13
186, 205
186, 142
186, 78
186, 14
186, 206
186, 143
186, 79
186, 15
186, 207
186, 144
186, 80
186, 16
186, 208
186, 145
186, 81
186, 17
186, 209
186, 146
186, 82
186, 18
186, 210
186, 147
186, 83
186, 19
186, 211
186, 148
186, 84
186, 20
186, 212
186, 149
186, 85
186, 21
186, 213
186, 150
186, 86
186, 22
186, 214
186, 151
186, 87
186, 23
186, 215
186, 152
186, 88
186, 24
186, 216
186, 153
186, 89
186, 25
186, 217
186, 154
186, 90
186, 26
186, 218
186, 155
186, 91
186, 27
186, 219
186, 156
186, 92
186, 28
186, 220
186, 157
186, 93
186, 29
186, 221
186, 158
186, 94
186, 30
186, 222
186, 159
186, 95
186, 31
186, 223
186, 160
186, 96
186, 32
186, 224
186, 161
186, 97
186, 33
186, 225
186, 162
186, 98
186, 34
186, 226
186, 163
186, 99
186, 35
186, 227
186, 164
186, 100
186, 36
186, 228
186, 165
186, 101
186, 37
186, 229
186, 166
186, 102
186, 38
186, 230
186, 167
186, 103
186, 39
186, 231
186, 168
186, 104
186, 40
186, 232
186, 169
186, 105
186, 41
186, 233
186, 170
186, 106
186, 42
186, 234
186, 171
186, 107
186, 43
186, 235
186, 172
186, 108
186, 44
186, 236
186, 173
186, 109
186, 45
186, 237
186, 174
186, 110
186, 46
186, 238
186, 175
186, 111
186, 47
186, 239
186, 176
186, 112
186, 48
186, 240
186, 177
186, 113
186, 49
186, 241
186, 178
186, 114
186, 50
186, 242
186, 179
186, 115
186, 51
186, 243
186, 180
186, 116
186, 52
186, 244
186, 181
186, 117
186, 53
186, 245
186, 182
186, 118
186, 54
186, 246
186, 183
186, 119
186, 55
186, 247
186, 184
186, 120
186, 56
186, 248
186, 185
186, 121
186, 57
186, 249
186, 186
186, 122
186, 58
186, 250
186, 123
186, 59
186, 187
186, 124
186, 60
186, 188
186, 125
186, 61
186, 189
186, 126
186, 62
186, 190
186, 127
186, 63
186, 191
122, 64
122, 192
122, 128
122, 65
122, 1
122, 193
122, 129
122, 66
122, 2
122, 194
122, 130
122, 67
122, 3
122, 195
122, 131
122, 68
122, 4
122, 196
122, 132
122, 69
122, 5
122, 197
122, 133
122, 70
122, 6
122, 198
122, 134
122, 71
122, 7
122, 199
122, 135
122, 72
122, 8
122, 200
122, 136
122, 73
122, 9
122, 201
122, 137
122, 74
122, 10
122, 202
122, 138
122, 75
122, 11
122, 203
122, 139
122, 76
122, 12
122, 204
122, 140
122, 77
122, 13
122, 205
122, 141
122, 78
122, 14
122, 206
122, 142
122, 79
122, 15
122, 207
122, 143
122, 80
122, 16
122, 208
122, 144
122, 81
122, 17
122, 209
122, 145
122, 82
122, 18
122, 210
122, 146
122, 83
122, 19
122, 211
122, 147
122, 84
122, 20
122, 212
122, 148
122, 85
122, 21
122, 213
122, 149
122, 86
122, 22
122, 214
122, 150
122, 87
122, 23
122, 215
122, 151
122, 88
122, 24
122, 216
122, 152
122, 89
122, 25
122, 217
122, 153
122, 90
122, 26
122, 218
122, 154
122, 91
122, 27
122, 219
122, 155
122, 92
122, 28
122, 220
122, 156
122, 93
122, 29
122, 221
122, 157
122, 94
122, 30
122, 222
122, 158
122, 95
122, 31
122, 223
122, 159
122, 96
122, 32
122, 224
122, 160
122, 97
122, 33
122, 225
122, 161
122, 98
122, 34
122, 226
122, 162
122, 99
122, 35
122, 227
122, 163
122, 100
122, 36
122, 228
122, 164
122, 101
122, 37
122, 229
122, 165
122, 102
122, 38
122, 230
122, 166
122, 103
122, 39
122, 231
122, 167
122, 104
122, 40
122, 232
122, 168
122, 105
122, 41
122, 233
122, 169
122, 106
122, 42
122, 234
122, 170
122, 107
122, 43
122, 235
122, 171
122, 108
122, 44
122, 236
122, 172
122, 109
122, 45
122, 237
122, 173
122, 110
122, 46
122, 238
122, 174
122, 111
122, 47
122, 239
122, 175
122, 112
122, 48
122, 240
122, 176
122, 113
122, 49
122, 241
122, 177
122, 114
122, 50
122, 242
122, 178
122, 115
122, 51
122, 243
122, 179
122, 116
122, 52
122, 244
122, 180
122, 117
122, 53
122, 245
122, 181
122, 118
122, 54
122, 246
122, 182
122, 119
122, 55
122, 247
122, 183
122, 120
122, 56
122, 248
122, 184
122, 121
122, 57
122, 249
122, 185
122, 122
122, 58
122, 250
122, 186
122, 59
122, 187
122, 123
122, 60
122, 188
122, 124
122, 61
122, 189
122, 125
122, 62
122, 190
122, 126
122, 63
122, 191
122, 127
58, 192
58, 128
58, 64
58, 1
58, 193
58, 129
58, 65
58, 2
58, 194
58, 130
58, 66
58, 3
58, 195
58, 131
58, 67
58, 4
58, 196
58, 132
58, 68
58, 5
58, 197
58, 133
58, 69
58, 6
58, 198
58, 134
58, 70
58, 7
58, 199
58, 135
58, 71
58, 8
58, 200
58, 136
58, 72
58, 9
58, 201
58, 137
58, 73
58, 10
58, 202
58, 138
58, 74
58, 11
58, 203
58, 139
58, 75
58, 12
58, 204
58, 140
58, 76
58, 13
58, 205
58, 141
58, 77
58, 14
58, 206
58, 142
58, 78
58, 15
58, 207
58, 143
58, 79
58, 16
58, 208
58, 144
58, 80
58, 17
58, 209
58, 145
58, 81
58, 18
58, 210
58, 146
58, 82
58, 19
58, 211
58, 147
58, 83
58, 20
58, 212
58, 148
58, 84
58, 21
58, 213
58, 149
58, 85
58, 22
58, 214
58, 150
58, 86
58, 23
58, 215
58, 151
58, 87
58, 24
58, 216
58, 152
58, 88
58, 25
58, 217
58, 153
58, 89
58, 26
58, 218
58, 154
58, 90
58, 27
58, 219
58, 155
58, 91
58, 28
58, 220
58, 156
58, 92
58, 29
58, 221
58, 157
58, 93
58, 30
58, 222
58, 158
58, 94
58, 31
58, 223
58, 159
58, 95
58, 32
58, 224
58, 160
58, 96
58, 33
58, 225
58, 161
58, 97
58, 34
58, 226
58, 162
58, 98
58, 35
58, 227
58, 163
58, 99
58, 36
58, 228
58, 164
58, 100
58, 37
58, 229
58, 165
58, 101
58, 38
58, 230
58, 166
58, 102
58, 39
58, 231
58, 167
58, 103
58, 40
58, 232
58, 168
58, 104
58, 41
58, 233
58, 169
58, 105
58, 42
58, 234
58, 170
58, 106
58, 43
58, 235
58, 171
58, 107
58, 44
58, 236
58, 172
58, 108
58, 45
58, 237
58, 173
58, 109
58, 46
58, 238
58, 174
58, 110
58, 47
58, 239
58, 175
58, 111
58, 48
58, 240
58, 176
58, 112
58, 49
58, 241
58, 177
58, 113
58, 50
58, 242
58, 178
58, 114
58, 51
58, 243
58, 179
58, 115
58, 52
58, 244
58, 180
58, 116
58, 53
58, 245
58, 181
58, 117
58, 54
58, 246
58, 182
58, 118
58, 55
58, 247
58, 183
58, 119
58, 56
58, 248
58, 184
58, 120
58, 57
58, 249
58, 185
58, 121
58, 58
58, 250
58, 186
58, 122
58, 187
58, 123
58, 59
58, 188
58, 124
58, 60
58, 189
58, 125
58, 61
58, 190
58, 126
58, 62
58, 191
58, 127
58, 63
187, 128
187, 64
187, 192
187, 129
187, 65
187, 1
187, 193
187, 130
187, 66
187, 2
187, 194
187, 131
187, 67
187, 3
187, 195
187, 132
187, 68
187, 4
187, 196
187, 133
187, 69
187, 5
187, 197
187, 134
187, 70
187, 6
187, 198
187, 135
187, 71
187, 7
187, 199
187, 136
187, 72
187, 8
187, 200
187, 137
187, 73
187, 9
187, 201
187, 138
187, 74
187, 10
187, 202
187, 139
187, 75
187, 11
187, 203
187, 140
187, 76
187, 12
187, 204
187, 141
187, 77
187, 13
187, 205
187, 142
187, 78
187, 14
187, 206
187, 143
187, 79
187, 15
187, 207
187, 144
187, 80
187, 16
187, 208
187, 145
187, 81
187, 17
187, 209
187, 146
187, 82
187, 18
187, 210
187, 147
187, 83
187, 19
187, 211
187, 148
187, 84
187, 20
187, 212
187, 149
187, 85
187, 21
187, 213
187, 150
187, 86
187, 22
187, 214
187, 151
187, 87
187, 23
187, 215
187, 152
187, 88
187, 24
187, 216
187, 153
187, 89
187, 25
187, 217
187, 154
187, 90
187, 26
187, 218
187, 155
187, 91
187, 27
187, 219
187, 156
187, 92
187, 28
187, 220
187, 157
187, 93
187, 29
187, 221
187, 158
187, 94
187, 30
187, 222
187, 159
187, 95
187, 31
187, 223
187, 160
187, 96
187, 32
187, 224
187, 161
187, 97
187, 33
187, 225
187, 162
187, 98
187, 34
187, 226
187, 163
187, 99
187, 35
187, 227
187, 164
187, 100
187, 36
187, 228
187, 165
187, 101
187, 37
187, 229
187, 166
187, 102
187, 38
187, 230
187, 167
187, 103
187, 39
187, 231
187, 168
187, 104
187, 40
187, 232
187, 169
187, 105
187, 41
187, 233
187, 170
187, 106
187, 42
187, 234
187, 171
187, 107
187, 43
187, 235
187, 172
187, 108
187, 44
187, 236
187, 173
187, 109
187, 45
187, 237
187, 174
187, 110
187, 46
187, 238
187, 175
187, 111
187, 47
187, 239
187, 176
187, 112
187, 48
187, 240
187, 177
187, 113
187, 49
187, 241
187, 178
187, 114
187, 50
187, 242
187, 179
187, 115
187, 51
187, 243
187, 180
187, 116
187, 52
187, 244
187, 181
187, 117
187, 53
187, 245
187, 182
187, 118
187, 54
187, 246
187, 183
187, 119
187, 55
187, 247
187, 184
187, 120
187, 56
187, 248
187, 185
187, 121
187, 57
187, 249
187, 186
187, 122
187, 58
187, 250
187, 187
187, 123
187, 59
187, 124
187, 60
187, 188
187, 125
187, 61
187, 189
187, 126
187, 62
187, 190
187, 127
187, 63
187, 191
123, 64
123, 192
123, 128
123, 65
123, 1
123, 193
123, 129
123, 66
123, 2
123, 194
123, 130
123, 67
123, 3
123, 195
123, 131
123, 68
123, 4
123, 196
123, 132
123, 69
123, 5
123, 197
123, 133
123, 70
123, 6
123, 198
123, 134
123, 71
123, 7
123, 199
123, 135
123, 72
123, 8
123, 200
123, 136
123, 73
123, 9
123, 201
123, 137
123, 74
123, 10
123, 202
123, 138
123, 75
123, 11
123, 203
123, 139
123, 76
123, 12
123, 204
123, 140
123, 77
123, 13
123, 205
123, 141
123, 78
123, 14
123, 206
123, 142
123, 79
123, 15
123, 207
123, 143
123, 80
123, 16
123, 208
123, 144
123, 81
123, 17
123, 209
123, 145
123, 82
123, 18
123, 210
123, 146
123, 83
123, 19
123, 211
123, 147
123, 84
123, 20
123, 212
123, 148
123, 85
123, 21
123, 213
123, 149
123, 86
123, 22
123, 214
123, 150
123, 87
123, 23
123, 215
123, 151
123, 88
123, 24
123, 216
123, 152
123, 89
123, 25
123, 217
123, 153
123, 90
123, 26
123, 218
123, 154
123, 91
123, 27
123, 219
123, 155
123, 92
123, 28
123, 220
123, 156
123, 93
123, 29
123, 221
123, 157
123, 94
123, 30
123, 222
123, 158
123, 95
123, 31
123, 223
123, 159
123, 96
123, 32
123, 224
123, 160
123, 97
123, 33
123, 225
123, 161
123, 98
123, 34
123, 226
123, 162
123, 99
123, 35
123, 227
123, 163
123, 100
123, 36
123, 228
123, 164
123, 101
123, 37
123, 229
123, 165
123, 102
123, 38
123, 230
123, 166
123, 103
123, 39
123, 231
123, 167
123, 104
123, 40
123, 232
123, 168
123, 105
123, 41
123, 233
123, 169
123, 106
123, 42
123, 234
123, 170
123, 107
123, 43
123, 235
123, 171
123, 108
123, 44
123, 236
123, 172
123, 109
123, 45
123, 237
123, 173
123, 110
123, 46
123, 238
123, 174
123, 111
123, 47
123, 239
123, 175
123, 112
123, 48
123, 240
123, 176
123, 113
123, 49
123, 241
123, 177
123, 114
123, 50
123, 242
123, 178
123, 115
123, 51
123, 243
123, 179
123, 116
123, 52
123, 244
123, 180
123, 117
123, 53
123, 245
123, 181
123, 118
123, 54
123, 246
123, 182
123, 119
123, 55
123, 247
123, 183
123, 120
123, 56
123, 248
123, 184
123, 121
123, 57
123, 249
123, 185
123, 122
123, 58
123, 250
123, 186
123, 123
123, 59
123, 187
123, 60
123, 188
123, 124
123, 61
123, 189
123, 125
123, 62
123, 190
123, 126
123, 63
123, 191
123, 127
59, 192
59, 128
59, 64
59, 1
59, 193
59, 129
59, 65
59, 2
59, 194
59, 130
59, 66
59, 3
59, 195
59, 131
59, 67
59, 4
59, 196
59, 132
59, 68
59, 5
59, 197
59, 133
59, 69
59, 6
59, 198
59, 134
59, 70
59, 7
59, 199
59, 135
59, 71
59, 8
59, 200
59, 136
59, 72
59, 9
59, 201
59, 137
59, 73
59, 10
59, 202
59, 138
59, 74
59, 11
59, 203
59, 139
59, 75
59, 12
59, 204
59, 140
59, 76
59, 13
59, 205
59, 141
59, 77
59, 14
59, 206
59, 142
59, 78
59, 15
59, 207
59, 143
59, 79
59, 16
59, 208
59, 144
59, 80
59, 17
59, 209
59, 145
59, 81
59, 18
59, 210
59, 146
59, 82
59, 19
59, 211
59, 147
59, 83
59, 20
59, 212
59, 148
59, 84
59, 21
59, 213
59, 149
59, 85
59, 22
59, 214
59, 150
59, 86
59, 23
59, 215
59, 151
59, 87
59, 24
59, 216
59, 152
59, 88
59, 25
59, 217
59, 153
59, 89
59, 26
59, 218
59, 154
59, 90
59, 27
59, 219
59, 155
59, 91
59, 28
59, 220
59, 156
59, 92
59, 29
59, 221
59, 157
59, 93
59, 30
59, 222
59, 158
59, 94
59, 31
59, 223
59, 159
59, 95
59, 32
59, 224
59, 160
59, 96
59, 33
59, 225
59, 161
59, 97
59, 34
59, 226
59, 162
59, 98
59, 35
59, 227
59, 163
59, 99
59, 36
59, 228
59, 164
59, 100
59, 37
59, 229
59, 165
59, 101
59, 38
59, 230
59, 166
59, 102
59, 39
59, 231
59, 167
59, 103
59, 40
59, 232
59, 168
59, 104
59, 41
59, 233
59, 169
59, 105
59, 42
59, 234
59, 170
59, 106
59, 43
59, 235
59, 171
59, 107
59, 44
59, 236
59, 172
59, 108
59, 45
59, 237
59, 173
59, 109
59, 46
59, 238
59, 174
59, 110
59, 47
59, 239
59, 175
59, 111
59, 48
59, 240
59, 176
59, 112
59, 49
59, 241
59, 177
59, 113
59, 50
59, 242
59, 178
59, 114
59, 51
59, 243
59, 179
59, 115
59, 52
59, 244
59, 180
59, 116
59, 53
59, 245
59, 181
59, 117
59, 54
59, 246
59, 182
59, 118
59, 55
59, 247
59, 183
59, 119
59, 56
59, 248
59, 184
59, 120
59, 57
59, 249
59, 185
59, 121
59, 58
59, 250
59, 186
59, 122
59, 59
59, 187
59, 123
59, 188
59, 124
59, 60
59, 189
59, 125
59, 61
59, 190
59, 126
59, 62
59, 191
59, 127
59, 63
188, 128
188, 64
188, 192
188, 129
188, 65
188, 1
188, 193
188, 130
188, 66
188, 2
188, 194
188, 131
188, 67
188, 3
188, 195
188, 132
188, 68
188, 4
188, 196
188, 133
188, 69
188, 5
188, 197
188, 134
188, 70
188, 6
188, 198
188, 135
188, 71
188, 7
188, 199
188, 136
188, 72
188, 8
188, 200
188, 137
188, 73
188, 9
188, 201
188, 138
188, 74
188, 10
188, 202
188, 139
188, 75
188, 11
188, 203
188, 140
188, 76
188, 12
188, 204
188, 141
188, 77
188, 13
188, 205
188, 142
188, 78
188, 14
188, 206
188, 143
188, 79
188, 15
188, 207
188, 144
188, 80
188, 16
188, 208
188, 145
188, 81
188, 17
188, 209
188, 146
188, 82
188, 18
188, 210
188, 147
188, 83
188, 19
188, 211
188, 148
188, 84
188, 20
188, 212
188, 149
188, 85
188, 21
188, 213
188, 150
188, 86
188, 22
188, 214
188, 151
188, 87
188, 23
188, 215
188, 152
188, 88
188, 24
188, 216
188, 153
188, 89
188, 25
188, 217
188, 154
188, 90
188, 26
188, 218
188, 155
188, 91
188, 27
188, 219
188, 156
188, 92
188, 28
188, 220
188, 157
188, 93
188, 29
188, 221
188, 158
188, 94
188, 30
188, 222
188, 159
188, 95
188, 31
188, 223
188, 160
188, 96
188, 32
188, 224
188, 161
188, 97
188, 33
188, 225
188, 162
188, 98
188, 34
188, 226
188, 163
188, 99
188, 35
188, 227
188, 164
188, 100
188, 36
188, 228
188, 165
188, 101
188, 37
188, 229
188, 166
188, 102
188, 38
188, 230
188, 167
188, 103
188, 39
188, 231
188, 168
188, 104
188, 40
188, 232
188, 169
188, 105
188, 41
188, 233
188, 170
188, 106
188, 42
188, 234
188, 171
188, 107
188, 43
188, 235
188, 172
188, 108
188, 44
188, 236
188, 173
188, 109
188, 45
188, 237
188, 174
188, 110
188, 46
188, 238
188, 175
188, 111
188, 47
188, 239
188, 176
188, 112
188, 48
188, 240
188, 177
188, 113
188, 49
188, 241
188, 178
188, 114
188, 50
188, 242
188, 179
188, 115
188, 51
188, 243
188, 180
188, 116
188, 52
188, 244
188, 181
188, 117
188, 53
188, 245
188, 182
188, 118
188, 54
188, 246
188, 183
188, 119
188, 55
188, 247
188, 184
188, 120
188, 56
188, 248
188, 185
188, 121
188, 57
188, 249
188, 186
188, 122
188, 58
188, 250
188, 187
188, 123
188, 59
188, 188
188, 124
188, 60
188, 125
188, 61
188, 189
188, 126
188, 62
188, 190
188, 127
188, 63
188, 191
124, 64
124, 192
124, 128
124, 65
124, 1
124, 193
124, 129
124, 66
124, 2
124, 194
124, 130
124, 67
124, 3
124, 195
124, 131
124, 68
124, 4
124, 196
124, 132
124, 69
124, 5
124, 197
124, 133
124, 70
124, 6
124, 198
124, 134
124, 71
124, 7
124, 199
124, 135
124, 72
124, 8
124, 200
124, 136
124, 73
124, 9
124, 201
124, 137
124, 74
124, 10
124, 202
124, 138
124, 75
124, 11
124, 203
124, 139
124, 76
124, 12
124, 204
124, 140
124, 77
124, 13
124, 205
124, 141
124, 78
124, 14
124, 206
124, 142
124, 79
124, 15
124, 207
124, 143
124, 80
124, 16
124, 208
124, 144
124, 81
124, 17
124, 209
124, 145
124, 82
124, 18
124, 210
124, 146
124, 83
124, 19
124, 211
124, 147
124, 84
124, 20
124, 212
124, 148
124, 85
124, 21
124, 213
124, 149
124, 86
124, 22
124, 214
124, 150
124, 87
124, 23
124, 215
124, 151
124, 88
124, 24
124, 216
124, 152
124, 89
124, 25
124, 217
124, 153
124, 90
124, 26
124, 218
124, 154
124, 91
124, 27
124, 219
124, 155
124, 92
124, 28
124, 220
124, 156
124, 93
124, 29
124, 221
124, 157
124, 94
124, 30
124, 222
124, 158
124, 95
124, 31
124, 223
124, 159
124, 96
124, 32
124, 224
124, 160
124, 97
124, 33
124, 225
124, 161
124, 98
124, 34
124, 226
124, 162
124, 99
124, 35
124, 227
124, 163
124, 100
124, 36
124, 228
124, 164
124, 101
124, 37
124, 229
124, 165
124, 102
124, 38
124, 230
124, 166
124, 103
124, 39
124, 231
124, 167
124, 104
124, 40
124, 232
124, 168
124, 105
124, 41
124, 233
124, 169
124, 106
124, 42
124, 234
124, 170
124, 107
124, 43
124, 235
124, 171
124, 108
124, 44
124, 236
124, 172
124, 109
124, 45
124, 237
124, 173
124, 110
124, 46
124, 238
124, 174
124, 111
124, 47
124, 239
124, 175
124, 112
124, 48
124, 240
124, 176
124, 113
124, 49
124, 241
124, 177
124, 114
124, 50
124, 242
124, 178
124, 115
124, 51
124, 243
124, 179
124, 116
124, 52
124, 244
124, 180
124, 117
124, 53
124, 245
124, 181
124, 118
124, 54
124, 246
124, 182
124, 119
124, 55
124, 247
124, 183
124, 120
124, 56
124, 248
124, 184
124, 121
124, 57
124, 249
124, 185
124, 122
124, 58
124, 250
124, 186
124, 123
124, 59
124, 187
124, 124
124, 60
124, 188
124, 61
124, 189
124, 125
124, 62
124, 190
124, 126
124, 63
124, 191
124, 127
60, 192
60, 128
60, 64
60, 1
60, 193
60, 129
60, 65
60, 2
60, 194
60, 130
60, 66
60, 3
60, 195
60, 131
60, 67
60, 4
60, 196
60, 132
60, 68
60, 5
60, 197
60, 133
60, 69
60, 6
60, 198
60, 134
60, 70
60, 7
60, 199
60, 135
60, 71
60, 8
60, 200
60, 136
60, 72
60, 9
60, 201
60, 137
60, 73
60, 10
60, 202
60, 138
60, 74
60, 11
60, 203
60, 139
60, 75
60, 12
60, 204
60, 140
60, 76
60, 13
60, 205
60, 141
60, 77
60, 14
60, 206
60, 142
60, 78
60, 15
60, 207
60, 143
60, 79
60, 16
60, 208
60, 144
60, 80
60, 17
60, 209
60, 145
60, 81
60, 18
60, 210
60, 146
60, 82
60, 19
60, 211
60, 147
60, 83
60, 20
60, 212
60, 148
60, 84
60, 21
60, 213
60, 149
60, 85
60, 22
60, 214
60, 150
60, 86
60, 23
60, 215
60, 151
60, 87
60, 24
60, 216
60, 152
60, 88
60, 25
60, 217
60, 153
60, 89
60, 26
60, 218
60, 154
60, 90
60, 27
60, 219
60, 155
60, 91
60, 28
60, 220
60, 156
60, 92
60, 29
60, 221
60, 157
60, 93
60, 30
60, 222
60, 158
60, 94
60, 31
60, 223
60, 159
60, 95
60, 32
60, 224
60, 160
60, 96
60, 33
60, 225
60, 161
60, 97
60, 34
60, 226
60, 162
60, 98
60, 35
60, 227
60, 163
60, 99
60, 36
60, 228
60, 164
60, 100
60, 37
60, 229
60, 165
60, 101
60, 38
60, 230
60, 166
60, 102
60, 39
60, 231
60, 167
60, 103
60, 40
60, 232
60, 168
60, 104
60, 41
60, 233
60, 169
60, 105
60, 42
60, 234
60, 170
60, 106
60, 43
60, 235
60, 171
60, 107
60, 44
60, 236
60, 172
60, 108
60, 45
60, 237
60, 173
60, 109
60, 46
60, 238
60, 174
60, 110
60, 47
60, 239
60, 175
60, 111
60, 48
60, 240
60, 176
60, 112
60, 49
60, 241
60, 177
60, 113
60, 50
60, 242
60, 178
60, 114
60, 51
60, 243
60, 179
60, 115
60, 52
60, 244
60, 180
60, 116
60, 53
60, 245
60, 181
60, 117
60, 54
60, 246
60, 182
60, 118
60, 55
60, 247
60, 183
60, 119
60, 56
60, 248
60, 184
60, 120
60, 57
60, 249
60, 185
60, 121
60, 58
60, 250
60, 186
60, 122
60, 59
60, 187
60, 123
60, 60
60, 188
60, 124
60, 189
60, 125
60, 61
60, 190
60, 126
60, 62
60, 191
60, 127
60, 63
189, 128
189, 64
189, 192
189, 129
189, 65
189, 1
189, 193
189, 130
189, 66
189, 2
189, 194
189, 131
189, 67
189, 3
189, 195
189, 132
189, 68
189, 4
189, 196
189, 133
189, 69
189, 5
189, 197
189, 134
189, 70
189, 6
189, 198
189, 135
189, 71
189, 7
189, 199
189, 136
189, 72
189, 8
189, 200
189, 137
189, 73
189, 9
189, 201
189, 138
189, 74
189, 10
189, 202
189, 139
189, 75
189, 11
189, 203
189, 140
189, 76
189, 12
189, 204
189, 141
189, 77
189, 13
189, 205
189, 142
189, 78
189, 14
189, 206
189, 143
189, 79
189, 15
189, 207
189, 144
189, 80
189, 16
189, 208
189, 145
189, 81
189, 17
189, 209
189, 146
189, 82
189, 18
189, 210
189, 147
189, 83
189, 19
189, 211
189, 148
189, 84
189, 20
189, 212
189, 149
189, 85
189, 21
189, 213
189, 150
189, 86
189, 22
189, 214
189, 151
189, 87
189, 23
189, 215
189, 152
189, 88
189, 24
189, 216
189, 153
189, 89
189, 25
189, 217
189, 154
189, 90
189, 26
189, 218
189, 155
189, 91
189, 27
189, 219
189, 156
189, 92
189, 28
189, 220
189, 157
189, 93
189, 29
189, 221
189, 158
189, 94
189, 30
189, 222
189, 159
189, 95
189, 31
189, 223
189, 160
189, 96
189, 32
189, 224
189, 161
189, 97
189, 33
189, 225
189, 162
189, 98
189, 34
189, 226
189, 163
189, 99
189, 35
189, 227
189, 164
189, 100
189, 36
189, 228
189, 165
189, 101
189, 37
189, 229
189, 166
189, 102
189, 38
189, 230
189, 167
189, 103
189, 39
189, 231
189, 168
189, 104
189, 40
189, 232
189, 169
189, 105
189, 41
189, 233
189, 170
189, 106
189, 42
189, 234
189, 171
189, 107
189, 43
189, 235
189, 172
189, 108
189, 44
189, 236
189, 173
189, 109
189, 45
189, 237
189, 174
189, 110
189, 46
189, 238
189, 175
189, 111
189, 47
189, 239
189, 176
189, 112
189, 48
189, 240
189, 177
189, 113
189, 49
189, 241
189, 178
189, 114
189, 50
189, 242
189, 179
189, 115
189, 51
189, 243
189, 180
189, 116
189, 52
189, 244
189, 181
189, 117
189, 53
189, 245
189, 182
189, 118
189, 54
189, 246
189, 183
189, 119
189, 55
189, 247
189, 184
189, 120
189, 56
189, 248
189, 185
189, 121
189, 57
189, 249
189, 186
189, 122
189, 58
189, 250
189, 187
189, 123
189, 59
189, 188
189, 124
189, 60
189, 189
189, 125
189, 61
189, 126
189, 62
189, 190
189, 127
189, 63
189, 191
125, 64
125, 192
125, 128
125, 65
125, 1
125, 193
125, 129
125, 66
125, 2
125, 194
125, 130
125, 67
125, 3
125, 195
125, 131
125, 68
125, 4
125, 196
125, 132
125, 69
125, 5
125, 197
125, 133
125, 70
125, 6
125, 198
125, 134
125, 71
125, 7
125, 199
125, 135
125, 72
125, 8
125, 200
125, 136
125, 73
125, 9
125, 201
125, 137
125, 74
125, 10
125, 202
125, 138
125, 75
125, 11
125, 203
125, 139
125, 76
125, 12
125, 204
125, 140
125, 77
125, 13
125, 205
125, 141
125, 78
125, 14
125, 206
125, 142
125, 79
125, 15
125, 207
125, 143
125, 80
125, 16
125, 208
125, 144
125, 81
125, 17
125, 209
125, 145
125, 82
125, 18
125, 210
125, 146
125, 83
125, 19
125, 211
125, 147
125, 84
125, 20
125, 212
125, 148
125, 85
125, 21
125, 213
125, 149
125, 86
125, 22
125, 214
125, 150
125, 87
125, 23
125, 215
125, 151
125, 88
125, 24
125, 216
125, 152
125, 89
125, 25
125, 217
125, 153
125, 90
125, 26
125, 218
125, 154
125, 91
125, 27
125, 219
125, 155
125, 92
125, 28
125, 220
125, 156
125, 93
125, 29
125, 221
125, 157
125, 94
125, 30
125, 222
125, 158
125, 95
125, 31
125, 223
125, 159
125, 96
125, 32
125, 224
125, 160
125, 97
125, 33
125, 225
125, 161
125, 98
125, 34
125, 226
125, 162
125, 99
125, 35
125, 227
125, 163
125, 100
125, 36
125, 228
125, 164
125, 101
125, 37
125, 229
125, 165
125, 102
125, 38
125, 230
125, 166
125, 103
125, 39
125, 231
125, 167
125, 104
125, 40
125, 232
125, 168
125, 105
125, 41
125, 233
125, 169
125, 106
125, 42
125, 234
125, 170
125, 107
125, 43
125, 235
125, 171
125, 108
125, 44
125, 236
125, 172
125, 109
125, 45
125, 237
125, 173
125, 110
125, 46
125, 238
125, 174
125, 111
125, 47
125, 239
125, 175
125, 112
125, 48
125, 240
125, 176
125, 113
125, 49
125, 241
125, 177
125, 114
125, 50
125, 242
125, 178
125, 115
125, 51
125, 243
125, 179
125, 116
125, 52
125, 244
125, 180
125, 117
125, 53
125, 245
125, 181
125, 118
125, 54
125, 246
125, 182
125, 119
125, 55
125, 247
125, 183
125, 120
125, 56
125, 248
125, 184
125, 121
125, 57
125, 249
125, 185
125, 122
125, 58
125, 250
125, 186
125, 123
125, 59
125, 187
125, 124
125, 60
125, 188
125, 125
125, 61
125, 189
125, 62
125, 190
125, 126
125, 63
125, 191
125, 127
61, 192
61, 128
61, 64
61, 1
61, 193
61, 129
61, 65
61, 2
61, 194
61, 130
61, 66
61, 3
61, 195
61, 131
61, 67
61, 4
61, 196
61, 132
61, 68
61, 5
61, 197
61, 133
61, 69
61, 6
61, 198
61, 134
61, 70
61, 7
61, 199
61, 135
61, 71
61, 8
61, 200
61, 136
61, 72
61, 9
61, 201
61, 137
61, 73
61, 10
61, 202
61, 138
61, 74
61, 11
61, 203
61, 139
61, 75
61, 12
61, 204
61, 140
61, 76
61, 13
61, 205
61, 141
61, 77
61, 14
61, 206
61, 142
61, 78
61, 15
61, 207
61, 143
61, 79
61, 16
61, 208
61, 144
61, 80
61, 17
61, 209
61, 145
61, 81
61, 18
61, 210
61, 146
61, 82
61, 19
61, 211
61, 147
61, 83
61, 20
61, 212
61, 148
61, 84
61, 21
61, 213
61, 149
61, 85
61, 22
61, 214
61, 150
61, 86
61, 23
61, 215
61, 151
61, 87
61, 24
61, 216
61, 152
61, 88
61, 25
61, 217
61, 153
61, 89
61, 26
61, 218
61, 154
61, 90
61, 27
61, 219
61, 155
61, 91
61, 28
61, 220
61, 156
61, 92
61, 29
61, 221
61, 157
61, 93
61, 30
61, 222
61, 158
61, 94
61, 31
61, 223
61, 159
61, 95
61, 32
61, 224
61, 160
61, 96
61, 33
61, 225
61, 161
61, 97
61, 34
61, 226
61, 162
61, 98
61, 35
61, 227
61, 163
61, 99
61, 36
61, 228
61, 164
61, 100
61, 37
61, 229
61, 165
61, 101
61, 38
61, 230
61, 166
61, 102
61, 39
61, 231
61, 167
61, 103
61, 40
61, 232
61, 168
61, 104
61, 41
61, 233
61, 169
61, 105
61, 42
61, 234
61, 170
61, 106
61, 43
61, 235
61, 171
61, 107
61, 44
61, 236
61, 172
61, 108
61, 45
61, 237
61, 173
61, 109
61, 46
61, 238
61, 174
61, 110
61, 47
61, 239
61, 175
61, 111
61, 48
61, 240
61, 176
61, 112
61, 49
61, 241
61, 177
61, 113
61, 50
61, 242
61, 178
61, 114
61, 51
61, 243
61, 179
61, 115
61, 52
61, 244
61, 180
61, 116
61, 53
61, 245
61, 181
61, 117
61, 54
61, 246
61, 182
61, 118
61, 55
61, 247
61, 183
61, 119
61, 56
61, 248
61, 184
61, 120
61, 57
61, 249
61, 185
61, 121
61, 58
61, 250
61, 186
61, 122
61, 59
61, 187
61, 123
61, 60
61, 188
61, 124
61, 61
61, 189
61, 125
61, 190
61, 126
61, 62
61, 191
61, 127
61, 63
190, 128
190, 64
190, 192
190, 129
190, 65
190, 1
190, 193
190, 130
190, 66
190, 2
190, 194
190, 131
190, 67
190, 3
190, 195
190, 132
190, 68
190, 4
190, 196
190, 133
190, 69
190, 5
190, 197
190, 134
190, 70
190, 6
190, 198
190, 135
190, 71
190, 7
190, 199
190, 136
190, 72
190, 8
190, 200
190, 137
190, 73
190, 9
190, 201
190, 138
190, 74
190, 10
190, 202
190, 139
190, 75
190, 11
190, 203
190, 140
190, 76
190, 12
190, 204
190, 141
190, 77
190, 13
190, 205
190, 142
190, 78
190, 14
190, 206
190, 143
190, 79
190, 15
190, 207
190, 144
190, 80
190, 16
190, 208
190, 145
190, 81
190, 17
190, 209
190, 146
190, 82
190, 18
190, 210
190, 147
190, 83
190, 19
190, 211
190, 148
190, 84
190, 20
190, 212
190, 149
190, 85
190, 21
190, 213
190, 150
190, 86
190, 22
190, 214
190, 151
190, 87
190, 23
190, 215
190, 152
190, 88
190, 24
190, 216
190, 153
190, 89
190, 25
190, 217
190, 154
190, 90
190, 26
190, 218
190, 155
190, 91
190, 27
190, 219
190, 156
190, 92
190, 28
190, 220
190, 157
190, 93
190, 29
190, 221
190, 158
190, 94
190, 30
190, 222
190, 159
190, 95
190, 31
190, 223
190, 160
190, 96
190, 32
190, 224
190, 161
190, 97
190, 33
190, 225
190, 162
190, 98
190, 34
190, 226
190, 163
190, 99
190, 35
190, 227
190, 164
190, 100
190, 36
190, 228
190, 165
190, 101
190, 37
190, 229
190, 166
190, 102
190, 38
190, 230
190, 167
190, 103
190, 39
190, 231
190, 168
190, 104
190, 40
190, 232
190, 169
190, 105
190, 41
190, 233
190, 170
190, 106
190, 42
190, 234
190, 171
190, 107
190, 43
190, 235
190, 172
190, 108
190, 44
190, 236
190, 173
190, 109
190, 45
190, 237
190, 174
190, 110
190, 46
190, 238
190, 175
190, 111
190, 47
190, 239
190, 176
190, 112
190, 48
190, 240
190, 177
190, 113
190, 49
190, 241
190, 178
190, 114
190, 50
190, 242
190, 179
190, 115
190, 51
190, 243
190, 180
190, 116
190, 52
190, 244
190, 181
190, 117
190, 53
190, 245
190, 182
190, 118
190, 54
190, 246
190, 183
190, 119
190, 55
190, 247
190, 184
190, 120
190, 56
190, 248
190, 185
190, 121
190, 57
190, 249
190, 186
190, 122
190, 58
190, 250
190, 187
190, 123
190, 59
190, 188
190, 124
190, 60
190, 189
190, 125
190, 61
190, 190
190, 126
190, 62
190, 127
190, 63
190, 191
126, 64
126, 192
126, 128
126, 65
126, 1
126, 193
126, 129
126, 66
126, 2
126, 194
126, 130
126, 67
126, 3
126, 195
126, 131
126, 68
126, 4
126, 196
126, 132
126, 69
126, 5
126, 197
126, 133
126, 70
126, 6
126, 198
126, 134
126, 71
126, 7
126, 199
126, 135
126, 72
126, 8
126, 200
126, 136
126, 73
126, 9
126, 201
126, 137
126, 74
126, 10
126, 202
126, 138
126, 75
126, 11
126, 203
126, 139
126, 76
126, 12
126, 204
126, 140
126, 77
126, 13
126, 205
126, 141
126, 78
126, 14
126, 206
126, 142
126, 79
126, 15
126, 207
126, 143
126, 80
126, 16
126, 208
126, 144
126, 81
126, 17
126, 209
126, 145
126, 82
126, 18
126, 210
126, 146
126, 83
126, 19
126, 211
126, 147
126, 84
126, 20
126, 212
126, 148
126, 85
126, 21
126, 213
126, 149
126, 86
126, 22
126, 214
126, 150
126, 87
126, 23
126, 215
126, 151
126, 88
126, 24
126, 216
126, 152
126, 89
126, 25
126, 217
126, 153
126, 90
126, 26
126, 218
126, 154
126, 91
126, 27
126, 219
126, 155
126, 92
126, 28
126, 220
126, 156
126, 93
126, 29
126, 221
126, 157
126, 94
126, 30
126, 222
126, 158
126, 95
126, 31
126, 223
126, 159
126, 96
126, 32
126, 224
126, 160
126, 97
126, 33
126, 225
126, 161
126, 98
126, 34
126, 226
126, 162
126, 99
126, 35
126, 227
126, 163
126, 100
126, 36
126, 228
126, 164
126, 101
126, 37
126, 229
126, 165
126, 102
126, 38
126, 230
126, 166
126, 103
126, 39
126, 231
126, 167
126, 104
126, 40
126, 232
126, 168
126, 105
126, 41
126, 233
126, 169
126, 106
126, 42
126, 234
126, 170
126, 107
126, 43
126, 235
126, 171
126, 108
126, 44
126, 236
126, 172
126, 109
126, 45
126, 237
126, 173
126, 110
126, 46
126, 238
126, 174
126, 111
126, 47
126, 239
126, 175
126, 112
126, 48
126, 240
126, 176
126, 113
126, 49
126, 241
126, 177
126, 114
126, 50
126, 242
126, 178
126, 115
126, 51
126, 243
126, 179
126, 116
126, 52
126, 244
126, 180
126, 117
126, 53
126, 245
126, 181
126, 118
126, 54
126, 246
126, 182
126, 119
126, 55
126, 247
126, 183
126, 120
126, 56
126, 248
126, 184
126, 121
126, 57
126, 249
126, 185
126, 122
126, 58
126, 250
126, 186
126, 123
126, 59
126, 187
126, 124
126, 60
126, 188
126, 125
126, 61
126, 189
126, 126
126, 62
126, 190
126, 63
126, 191
126, 127
62, 192
62, 128
62, 64
62, 1
62, 193
62, 129
62, 65
62, 2
62, 194
62, 130
62, 66
62, 3
62, 195
62, 131
62, 67
62, 4
62, 196
62, 132
62, 68
62, 5
62, 197
62, 133
62, 69
62, 6
62, 198
62, 134
62, 70
62, 7
62, 199
62, 135
62, 71
62, 8
62, 200
62, 136
62, 72
62, 9
62, 201
62, 137
62, 73
62, 10
62, 202
62, 138
62, 74
62, 11
62, 203
62, 139
62, 75
62, 12
62, 204
62, 140
62, 76
62, 13
62, 205
62, 141
62, 77
62, 14
62, 206
62, 142
62, 78
62, 15
62, 207
62, 143
62, 79
62, 16
62, 208
62, 144
62, 80
62, 17
62, 209
62, 145
62, 81
62, 18
62, 210
62, 146
62, 82
62, 19
62, 211
62, 147
62, 83
62, 20
62, 212
62, 148
62, 84
62, 21
62, 213
62, 149
62, 85
62, 22
62, 214
62, 150
62, 86
62, 23
62, 215
62, 151
62, 87
62, 24
62, 216
62, 152
62, 88
62, 25
62, 217
62, 153
62, 89
62, 26
62, 218
62, 154
62, 90
62, 27
62, 219
62, 155
62, 91
62, 28
62, 220
62, 156
62, 92
62, 29
62, 221
62, 157
62, 93
62, 30
62, 222
62, 158
62, 94
62, 31
62, 223
62, 159
62, 95
62, 32
62, 224
62, 160
62, 96
62, 33
62, 225
62, 161
62, 97
62, 34
62, 226
62, 162
62, 98
62, 35
62, 227
62, 163
62, 99
62, 36
62, 228
62, 164
62, 100
62, 37
62, 229
62, 165
62, 101
62, 38
62, 230
62, 166
62, 102
62, 39
62, 231
62, 167
62, 103
62, 40
62, 232
62, 168
62, 104
62, 41
62, 233
62, 169
62, 105
62, 42
62, 234
62, 170
62, 106
62, 43
62, 235
62, 171
62, 107
62, 44
62, 236
62, 172
62, 108
62, 45
62, 237
62, 173
62, 109
62, 46
62, 238
62, 174
62, 110
62, 47
62, 239
62, 175
62, 111
62, 48
62, 240
62, 176
62, 112
62, 49
62, 241
62, 177
62, 113
62, 50
62, 242
62, 178
62, 114
62, 51
62, 243
62, 179
62, 115
62, 52
62, 244
62, 180
62, 116
62, 53
62, 245
62, 181
62, 117
62, 54
62, 246
62, 182
62, 118
62, 55
62, 247
62, 183
62, 119
62, 56
62, 248
62, 184
62, 120
62, 57
62, 249
62, 185
62, 121
62, 58
62, 250
62, 186
62, 122
62, 59
62, 187
62, 123
62, 60
62, 188
62, 124
62, 61
62, 189
62, 125
62, 62
62, 190
62, 126
62, 191
62, 127
62, 63
191, 128
191, 64
191, 192
191, 129
191, 65
191, 1
191, 193
191, 130
191, 66
191, 2
191, 194
191, 131
191, 67
191, 3
191, 195
191, 132
191, 68
191, 4
191, 196
191, 133
191, 69
191, 5
191, 197
191, 134
191, 70
191, 6
191, 198
191, 135
191, 71
191, 7
191, 199
191, 136
191, 72
191, 8
191, 200
191, 137
191, 73
191, 9
191, 201
191, 138
191, 74
191, 10
191, 202
191, 139
191, 75
191, 11
191, 203
191, 140
191, 76
191, 12
191, 204
191, 141
191, 77
191, 13
191, 205
191, 142
191, 78
191, 14
191, 206
191, 143
191, 79
191, 15
191, 207
191, 144
191, 80
191, 16
191, 208
191, 145
191, 81
191, 17
191, 209
191, 146
191, 82
191, 18
191, 210
191, 147
191, 83
191, 19
191, 211
191, 148
191, 84
191, 20
191, 212
191, 149
191, 85
191, 21
191, 213
191, 150
191, 86
191, 22
191, 214
191, 151
191, 87
191, 23
191, 215
191, 152
191, 88
191, 24
191, 216
191, 153
191, 89
191, 25
191, 217
191, 154
191, 90
191, 26
191, 218
191, 155
191, 91
191, 27
191, 219
191, 156
191, 92
191, 28
191, 220
191, 157
191, 93
191, 29
191, 221
191, 158
191, 94
191, 30
191, 222
191, 159
191, 95
191, 31
191, 223
191, 160
191, 96
191, 32
191, 224
191, 161
191, 97
191, 33
191, 225
191, 162
191, 98
191, 34
191, 226
191, 163
191, 99
191, 35
191, 227
191, 164
191, 100
191, 36
191, 228
191, 165
191, 101
191, 37
191, 229
191, 166
191, 102
191, 38
191, 230
191, 167
191, 103
191, 39
191, 231
191, 168
191, 104
191, 40
191, 232
191, 169
191, 105
191, 41
191, 233
191, 170
191, 106
191, 42
191, 234
191, 171
191, 107
191, 43
191, 235
191, 172
191, 108
191, 44
191, 236
191, 173
191, 109
191, 45
191, 237
191, 174
191, 110
191, 46
191, 238
191, 175
191, 111
191, 47
191, 239
191, 176
191, 112
191, 48
191, 240
191, 177
191, 113
191, 49
191, 241
191, 178
191, 114
191, 50
191, 242
191, 179
191, 115
191, 51
191, 243
191, 180
191, 116
191, 52
191, 244
191, 181
191, 117
191, 53
191, 245
191, 182
191, 118
191, 54
191, 246
191, 183
191, 119
191, 55
191, 247
191, 184
191, 120
191, 56
191, 248
191, 185
191, 121
191, 57
191, 249
191, 186
191, 122
191, 58
191, 250
191, 187
191, 123
191, 59
191, 188
191, 124
191, 60
191, 189
191, 125
191, 61
191, 190
191, 126
191, 62
191, 191
191, 127
191, 63
127, 64
127, 192
127, 128
127, 65
127, 1
127, 193
127, 129
127, 66
127, 2
127, 194
127, 130
127, 67
127, 3
127, 195
127, 131
127, 68
127, 4
127, 196
127, 132
127, 69
127, 5
127, 197
127, 133
127, 70
127, 6
127, 198
127, 134
127, 71
127, 7
127, 199
127, 135
127, 72
127, 8
127, 200
127, 136
127, 73
127, 9
127, 201
127, 137
127, 74
127, 10
127, 202
127, 138
127, 75
127, 11
127, 203
127, 139
127, 76
127, 12
127, 204
127, 140
127, 77
127, 13
127, 205
127, 141
127, 78
127, 14
127, 206
127, 142
127, 79
127, 15
127, 207
127, 143
127, 80
127, 16
127, 208
127, 144
127, 81
127, 17
127, 209
127, 145
127, 82
127, 18
127, 210
127, 146
127, 83
127, 19
127, 211
127, 147
127, 84
127, 20
127, 212
127, 148
127, 85
127, 21
127, 213
127, 149
127, 86
127, 22
127, 214
127, 150
127, 87
127, 23
127, 215
127, 151
127, 88
127, 24
127, 216
127, 152
127, 89
127, 25
127, 217
127, 153
127, 90
127, 26
127, 218
127, 154
127, 91
127, 27
127, 219
127, 155
127, 92
127, 28
127, 220
127, 156
127, 93
127, 29
127, 221
127, 157
127, 94
127, 30
127, 222
127, 158
127, 95
127, 31
127, 223
127, 159
127, 96
127, 32
127, 224
127, 160
127, 97
127, 33
127, 225
127, 161
127, 98
127, 34
127, 226
127, 162
127, 99
127, 35
127, 227
127, 163
127, 100
127, 36
127, 228
127, 164
127, 101
127, 37
127, 229
127, 165
127, 102
127, 38
127, 230
127, 166
127, 103
127, 39
127, 231
127, 167
127, 104
127, 40
127, 232
127, 168
127, 105
127, 41
127, 233
127, 169
127, 106
127, 42
127, 234
127, 170
127, 107
127, 43
127, 235
127, 171
127, 108
127, 44
127, 236
127, 172
127, 109
127, 45
127, 237
127, 173
127, 110
127, 46
127, 238
127, 174
127, 111
127, 47
127, 239
127, 175
127, 112
127, 48
127, 240
127, 176
127, 113
127, 49
127, 241
127, 177
127, 114
127, 50
127, 242
127, 178
127, 115
127, 51
127, 243
127, 179
127, 116
127, 52
127, 244
127, 180
127, 117
127, 53
127, 245
127, 181
127, 118
127, 54
127, 246
127, 182
127, 119
127, 55
127, 247
127, 183
127, 120
127, 56
127, 248
127, 184
127, 121
127, 57
127, 249
127, 185
127, 122
127, 58
127, 250
127, 186
127, 123
127, 59
127, 187
127, 124
127, 60
127, 188
127, 125
127, 61
127, 189
127, 126
127, 62
127, 190
127, 127
127, 63
127, 191
63, 192
63, 128
63, 64
63, 1
63, 193
63, 129
63, 65
63, 2
63, 194
63, 130
63, 66
63, 3
63, 195
63, 131
63, 67
63, 4
63, 196
63, 132
63, 68
63, 5
63, 197
63, 133
63, 69
63, 6
63, 198
63, 134
63, 70
63, 7
63, 199
63, 135
63, 71
63, 8
63, 200
63, 136
63, 72
63, 9
63, 201
63, 137
63, 73
63, 10
63, 202
63, 138
63, 74
63, 11
63, 203
63, 139
63, 75
63, 12
63, 204
63, 140
63, 76
63, 13
63, 205
63, 141
63, 77
63, 14
63, 206
63, 142
63, 78
63, 15
63, 207
63, 143
63, 79
63, 16
63, 208
63, 144
63, 80
63, 17
63, 209
63, 145
63, 81
63, 18
63, 210
63, 146
63, 82
63, 19
63, 211
63, 147
63, 83
63, 20
63, 212
63, 148
63, 84
63, 21
63, 213
63, 149
63, 85
63, 22
63, 214
63, 150
63, 86
63, 23
63, 215
63, 151
63, 87
63, 24
63, 216
63, 152
63, 88
63, 25
63, 217
63, 153
63, 89
63, 26
63, 218
63, 154
63, 90
63, 27
63, 219
63, 155
63, 91
63, 28
63, 220
63, 156
63, 92
63, 29
63, 221
63, 157
63, 93
63, 30
63, 222
63, 158
63, 94
63, 31
63, 223
63, 159
63, 95
63, 32
63, 224
63, 160
63, 96
63, 33
63, 225
63, 161
63, 97
63, 34
63, 226
63, 162
63, 98
63, 35
63, 227
63, 163
63, 99
63, 36
63, 228
63, 164
63, 100
63, 37
63, 229
63, 165
63, 101
63, 38
63, 230
63, 166
63, 102
63, 39
63, 231
63, 167
63, 103
63, 40
63, 232
63, 168
63, 104
63, 41
63, 233
63, 169
63, 105
63, 42
63, 234
63, 170
63, 106
63, 43
63, 235
63, 171
63, 107
63, 44
63, 236
63, 172
63, 108
63, 45
63, 237
63, 173
63, 109
63, 46
63, 238
63, 174
63, 110
63, 47
63, 239
63, 175
63, 111
63, 48
63, 240
63, 176
63, 112
63, 49
63, 241
63, 177
63, 113
63, 50
63, 242
63, 178
63, 114
63, 51
63, 243
63, 179
63, 115
63, 52
63, 244
63, 180
63, 116
63, 53
63, 245
63, 181
63, 117
63, 54
63, 246
63, 182
63, 118
63, 55
63, 247
63, 183
63, 119
63, 56
63, 248
63, 184
63, 120
63, 57
63, 249
63, 185
63, 121
63, 58
63, 250
63, 186
63, 122
63, 59
63, 187
63, 123
63, 60
63, 188
63, 124
63, 61
63, 189
63, 125
63, 62
63, 190
63, 126
63, 63
63, 191
63, 127
