CreateTableRealTime,CreateTableCPUTime,LoadDataRealTime,LoadDataCPUTime,CreateIndexRealTime,CreateIndexCPUTime,AnalyzeRealTime,AnalyzeCPUTime,ExecuteQueryRealTime,ExecuteQueryCPUTime,WriteResultRealTime,WriteResultCPUTime
0.00035395799204707146,0.00034000000000000696,0.00291162496432662,0.002919000000000005,0.0012482089805416763,0.0012920000000000154,8.395902113988996e-05,0.00010899999999997023,0.6580196670256555,0.7072,0.03552679199492559,0.27579
0.0003811659989878535,0.00034400000000001096,0.003016167029272765,0.0031120000000000037,0.0011567079927772284,0.001953000000000038,6.0041958931833506e-05,7.100000000004325e-05,0.6568987499922514,0.704128,0.04036095895571634,0.314164
0.0003494170377962291,0.00035599999999996745,0.0029821249772794545,0.002996999999999972,0.0011511250049807131,0.0011729999999999796,6.054196273908019e-05,8.799999999997699e-05,0.7148128330009058,1.488877,0.03447454102570191,0.28452600000000006
0.00036100001307204366,0.00035599999999996745,0.003044749959371984,0.003015999999999963,0.0011882079998031259,0.0012059999999999849,5.608296487480402e-05,7.699999999999374e-05,0.6591480419738218,0.703647,0.03475399996386841,0.281544
0.000384374987334013,0.00035600000000002296,0.003128624986857176,0.0038980000000000126,0.0011320000048726797,0.0011369999999999991,5.7999975979328156e-05,7.099999999998774e-05,0.7180082079721615,1.4763160000000002,0.03606429201317951,0.27861099999999994
Average,0.00036598320584744213,0.0003503999999999952,0.0030166583834215998,0.0031883999999999914,0.0011752499965950846,0.0013522000000000035,6.372517673298716e-05,8.319999999999439e-05,0.6813774999929592,1.0160336,0.036236116790678355,0.286927
