CreateTableRealTime,CreateTableCPUTime,LoadDataRealTime,LoadDataCPUTime,CreateIndexRealTime,CreateIndexCPUTime,AnalyzeRealTime,AnalyzeCPUTime,ExecuteQueryRealTime,ExecuteQueryCPUTime,WriteResultRealTime,WriteResultCPUTime
0.0003695829655043781,0.0003549999999999942,0.001998958003241569,0.0018100000000000338,0.0010194170172326267,0.0008390000000000342,5.124998278915882e-05,6.500000000003725e-05,0.0538664169725962,0.11866500000000002,0.00611079199006781,0.014898999999999996
0.0003676670021377504,0.00035599999999996745,0.0016342090093530715,0.0016240000000000143,0.000564292015042156,0.0008900000000000019,6.495899287983775e-05,8.500000000000174e-05,0.04502395901363343,0.05813200000000002,0.006320916989352554,0.015403
0.00038124999264255166,0.00036400000000003097,0.0015486250049434602,0.0015800000000000258,0.0005189580260775983,0.0007500000000000284,5.770899588242173e-05,7.099999999998774e-05,0.050534832989796996,0.10763099999999998,0.006317583029158413,0.015317999999999998
0.0003471249947324395,0.00033799999999994945,0.0015860000276006758,0.001603000000000021,0.0005631670355796814,0.0006030000000000202,6.191694410517812e-05,8.799999999997699e-05,0.04564874997595325,0.057970999999999995,0.006086083012633026,0.014771000000000034
0.0003619579947553575,0.00034000000000000696,0.001566207967698574,0.0015900000000000358,0.00047858402831479907,0.0005199999999999649,4.6707980800420046e-05,6.499999999998174e-05,0.05294550000689924,0.11749699999999996,0.006066708010621369,0.014747999999999983
Average,0.00036551658995449544,0.0003505999999999898,0.00166680000256747,0.0016414000000000261,0.0006288836244493723,0.0007204000000000099,5.6508579291403294e-05,7.479999999999709e-05,0.04960389179177582,0.0919792,0.006180416606366634,0.015027800000000003
