CreateTableRealTime,CreateTableCPUTime,LoadDataRealTime,LoadDataCPUTime,CreateIndexRealTime,CreateIndexCPUTime,AnalyzeRealTime,AnalyzeCPUTime,ExecuteQueryRealTime,ExecuteQueryCPUTime,WriteResultRealTime,WriteResultCPUTime
0.009999997913837433,0.0,0.01000000536441803,0.0,0.0,0.0,0.0,0.0,0.04999999701976776,0.09000000000000001,0.009999997913837433,0.0
0.009999997913837433,0.0,0.0,0.0,0.009999997913837433,0.0,0.0,0.0,0.05000000447034836,0.08,0.0,0.019999999999999955
0.009999997913837433,0.0,0.0,0.010000000000000009,0.01000000536441803,0.0,0.0,0.0,0.059999994933605194,0.09999999999999995,0.0,0.0
Average,0.009999997913837433,0.0,0.0033333351214726767,0.003333333333333336,0.0066666677594184875,0.0,0.0,0.0,0.05333333214124044,0.08999999999999998,0.003333332637945811,0.0066666666666666515
