CreateTableRealTime,CreateTableCPUTime,LoadDataRealTime,LoadDataCPUTime,CreateIndexRealTime,CreateIndexCPUTime,AnalyzeRealTime,AnalyzeCPUTime,ExecuteQueryRealTime,ExecuteQueryCPUTime,WriteResultRealTime,WriteResultCPUTime
0.0060333759997774905,0.0013434999999999975,0.009622306999972352,0.006558700000000028,0.0065088380001725454,0.0020485000000000086,0.00045539399980043527,0.0005980999999999903,0.24518121899973266,0.5057581,0.01580111700013731,0.03790009999999999
0.006263869000122213,0.0014217000000000257,0.009726628999942477,0.0066033999999999815,0.007123645999854489,0.0026003,0.00035244199989392655,0.00043120000000002046,0.2846625940001104,0.5853915,0.02185265200023423,0.053356300000000134
Average,0.006148622499949852,0.0013826000000000116,0.009674467999957415,0.006581050000000005,0.006816242000013517,0.0023244000000000042,0.0004039179998471809,0.0005146500000000054,0.26492190649992153,0.5455748,0.01882688450018577,0.04562820000000006
