CreateTableRealTime,CreateTableCPUTime,LoadDataRealTime,LoadDataCPUTime,CreateIndexRealTime,CreateIndexCPUTime,AnalyzeRealTime,AnalyzeCPUTime,ExecuteQueryRealTime,ExecuteQueryCPUTime,WriteResultRealTime,WriteResultCPUTime
0.01000000536441803,0.010000000000000009,0.009999997913837433,0.0,0.009999997913837433,0.0,0.0,0.0,0.3999999985098839,0.6699999999999999,0.020000003278255463,0.06999999999999995
0.01000000536441803,0.0,0.009999997913837433,0.009999999999999953,0.009999997913837433,0.0,0.0,0.020000000000000007,0.3100000023841858,0.38,0.030000001192092896,0.07999999999999996
0.01000000536441803,0.0,0.009999997913837433,0.009999999999999953,0.020000003278255463,0.0,0.0,0.0,0.35999999940395355,0.69,0.019999995827674866,0.050000000000000044
Average,0.01000000536441803,0.003333333333333336,0.009999997913837433,0.006666666666666636,0.01333333303531011,0.0,0.0,0.006666666666666669,0.3566666667660077,0.58,0.023333333432674408,0.06666666666666665
