CreateTableRealTime,CreateTableCPUTime,LoadDataRealTime,LoadDataCPUTime,CreateIndexRealTime,CreateIndexCPUTime,AnalyzeRealTime,AnalyzeCPUTime,ExecuteQueryRealTime,ExecuteQueryCPUTime,WriteResultRealTime,WriteResultCPUTime
0.0003522920305840671,0.00032599999999999296,0.0021169999963603914,0.0019039999999999613,0.0005170000367797911,0.0005539999999999989,6.241601658985019e-05,7.500000000004725e-05,0.061013458005618304,0.07543500000000003,0.0064952909597195685,0.020314
0.0003385830204933882,0.0003329999999999722,0.00185254099778831,0.0018459999999999588,0.000557374965865165,0.0005530000000000257,6.383401341736317e-05,9.099999999995223e-05,0.060141124995425344,0.07441199999999998,0.006454583024606109,0.020569000000000004
0.0003411660436540842,0.0003170000000000117,0.0016824580379761755,0.001686999999999994,0.0005071249906904995,0.0005229999999999957,6.887497147545218e-05,9.999999999998899e-05,0.06272033299319446,0.07635999999999998,0.006223292031791061,0.019935000000000036
0.00032591703347861767,0.0003240000000000465,0.0016372919781133533,0.0016530000000000156,0.0006251250160858035,0.0006470000000000087,6.558303721249104e-05,8.20000000000265e-05,0.0606416660011746,0.07293299999999997,0.006401500024367124,0.02061799999999997
0.0003279999946244061,0.0003229999999999622,0.0017217079875990748,0.001735000000000042,0.0005479159881360829,0.0005769999999999942,7.358402945101261e-05,8.999999999997899e-05,0.0606390829780139,0.075121,0.006360458035487682,0.020365999999999995
Average,0.00033719162456691265,0.0003245999999999971,0.001802199799567461,0.0017649999999999944,0.0005509081995114685,0.0005708000000000047,6.685841362923384e-05,8.75999999999988e-05,0.06103113299468532,0.0748522,0.006387024815194309,0.0203604
