CreateTableRealTime,CreateTableCPUTime,LoadDataRealTime,LoadDataCPUTime,CreateIndexRealTime,CreateIndexCPUTime,AnalyzeRealTime,AnalyzeCPUTime,ExecuteQueryRealTime,ExecuteQueryCPUTime,WriteResultRealTime,WriteResultCPUTime
0.0003245000261813402,0.00032200000000004447,0.0016909590340219438,0.0017079999999999873,0.0005611660308204591,0.0005769999999999942,5.5334006901830435e-05,7.399999999996298e-05,0.058873041998595,0.07210300000000003,0.006074333970900625,0.019754999999999967
0.00035099999513477087,0.0003210000000000157,0.0016789169749245048,0.0016940000000000288,0.0005391250015236437,0.0005809999999999982,6.445898907259107e-05,8.599999999997499e-05,0.0692164590000175,0.158078,0.0062951669679023325,0.019979999999999998
0.00034979195334017277,0.00032000000000004247,0.0016892499988898635,0.001707000000000014,0.0005271249683573842,0.0005720000000000169,6.833299994468689e-05,8.299999999999974e-05,0.058923291973769665,0.07322200000000001,0.006318500032648444,0.020262000000000002
0.0003536659642122686,0.00032399999999999096,0.0017397499759681523,0.0018469999999999875,0.0005231249961070716,0.0005740000000000189,6.675004260614514e-05,8.099999999999774e-05,0.05872212501708418,0.074689,0.006473499990534037,0.02066000000000001
0.00034891703398898244,0.00031799999999998496,0.0016634169733151793,0.0016780000000000128,0.0005033750203438103,0.0005359999999999809,4.470802377909422e-05,5.899999999997574e-05,0.05868170800385997,0.074347,0.006373792013619095,0.02012999999999998
Average,0.000345574994571507,0.0003210000000000157,0.0016924585914239287,0.0017268000000000062,0.0005307832034304738,0.0005680000000000019,5.991681246086955e-05,7.659999999998224e-05,0.06088332519866526,0.09048780000000001,0.0063070585951209065,0.020157399999999992
