CreateTableRealTime,CreateTableCPUTime,LoadDataRealTime,LoadDataCPUTime,CreateIndexRealTime,CreateIndexCPUTime,AnalyzeRealTime,AnalyzeCPUTime,ExecuteQueryRealTime,ExecuteQueryCPUTime,WriteResultRealTime,WriteResultCPUTime
0.0003281660028733313,0.0003249999999999642,0.001870958018116653,0.0018850000000000255,0.0006151249981485307,0.0006420000000000314,7.399998139590025e-05,9.300000000000974e-05,0.07919949997449294,0.093688,0.006582792033441365,0.026993999999999962
0.00033787498250603676,0.00033600000000000296,0.0018548750085756183,0.001939000000000024,0.0006069579976610839,0.0009379999999999944,5.4333999287337065e-05,7.199999999996098e-05,0.09725920902565122,0.2007,0.0066259579616598785,0.026808999999999972
0.00038429105188697577,0.0003509999999999902,0.0018223340157419443,0.0017800000000000038,0.0006215409957803786,0.0006720000000000059,5.98340411670506e-05,7.299999999998974e-05,0.07841200003167614,0.09507300000000002,0.006634374964050949,0.026703000000000032
0.000331917020957917,0.0003280000000000505,0.0018478340352885425,0.0018610000000000015,0.0005906670121476054,0.0006220000000000114,5.366699770092964e-05,7.300000000004525e-05,0.07938016596017405,0.095279,0.006614958983846009,0.02648700000000004
0.00035304203629493713,0.00032199999999998896,0.0017554169753566384,0.0017469999999999986,0.0005672920378856361,0.0006430000000000047,5.34169957973063e-05,6.80000000000125e-05,0.07872337498702109,0.09416400000000003,0.006452832953073084,0.02658200000000005
Average,0.0003470582189038396,0.00033239999999999935,0.0018302836106158793,0.0018424000000000107,0.000600316608324647,0.0007034000000000096,5.905040306970477e-05,7.580000000000364e-05,0.08259484999580309,0.11578080000000002,0.006582183379214257,0.02671500000000001
