CreateTableRealTime,CreateTableCPUTime,LoadDataRealTime,LoadDataCPUTime,CreateIndexRealTime,CreateIndexCPUTime,AnalyzeRealTime,AnalyzeCPUTime,ExecuteQueryRealTime,ExecuteQueryCPUTime,WriteResultRealTime,WriteResultCPUTime
0.006293615999766189,0.0011396000000000184,0.009355340000183787,0.006591700000000034,0.006932620000043244,0.0027307999999999777,0.00040394300003754324,0.0005452000000000234,0.3926420939997115,0.8512454999999999,0.026351306999913504,0.10641959999999995
0.0064044490000014775,0.0020081000000000127,0.010331477999898198,0.007361899999999977,0.0078368380000029,0.0026533999999999724,0.0004879900002379145,0.0006633000000000333,0.44184153800006243,0.9498346,0.028343056999801775,0.11015949999999997
Average,0.006349032499883833,0.0015738500000000155,0.009843409000040992,0.006976800000000005,0.007384729000023071,0.002692099999999975,0.00044596650013772887,0.0006042500000000284,0.41724181599988697,0.9005400499999999,0.02734718199985764,0.10828954999999996
