CreateTableRealTime,CreateTableCPUTime,LoadDataRealTime,LoadDataCPUTime,CreateIndexRealTime,CreateIndexCPUTime,AnalyzeRealTime,AnalyzeCPUTime,ExecuteQueryRealTime,ExecuteQueryCPUTime,WriteResultRealTime,WriteResultCPUTime
0.0003604159574024379,0.00033800000000000496,0.0028299579862505198,0.0024780000000000357,0.0009152920101769269,0.0009359999999999924,0.00010333297541365027,9.399999999998299e-05,0.33206258300924674,0.365124,0.01746187498793006,0.13936099999999996
0.00033116701524704695,0.00033600000000000296,0.002846249961294234,0.002587999999999979,0.0011853330070152879,0.0010180000000000189,8.341699140146375e-05,0.00011499999999997623,0.37356833403464407,0.8639260000000001,0.02133425005013123,0.14046800000000004
0.00036391703179106116,0.00034200000000000896,0.002474042004905641,0.0025180000000000202,0.0009687910205684602,0.0009810000000000096,5.987501936033368e-05,7.20000000000165e-05,0.32849437498953193,0.362401,0.02584216697141528,0.1468919999999999
0.0003588749677874148,0.00034200000000000896,0.0028751249774359167,0.0026430000000000065,0.000961042009294033,0.0010030000000000316,5.645799683406949e-05,8.40000000000285e-05,0.33397991699166596,0.370066,0.0210554160294123,0.13873900000000006
0.00037750002229586244,0.00034400000000001096,0.0024533329997211695,0.0024659999999999682,0.0009070420055650175,0.0009419999999999984,0.0001550830202177167,0.00011800000000000699,0.3341521670226939,0.368257,0.021863917005248368,0.13220900000000002
Average,0.00035837499890476463,0.00034040000000000735,0.002695741585921496,0.002538600000000002,0.000987500010523945,0.0009760000000000102,9.163320064544677e-05,9.660000000000224e-05,0.34045147520955654,0.4659548,0.02151152500882745,0.13953379999999999
