CreateTableRealTime,CreateTableCPUTime,LoadDataRealTime,LoadDataCPUTime,CreateIndexRealTime,CreateIndexCPUTime,AnalyzeRealTime,AnalyzeCPUTime,ExecuteQueryRealTime,ExecuteQueryCPUTime,WriteResultRealTime,WriteResultCPUTime
0.0003370000049471855,0.00033800000000000496,0.001416333019733429,0.0012419999999999654,0.0004907079855911434,0.0005479999999999929,7.066602120175958e-05,9.999999999998899e-05,0.01805445901118219,0.026009000000000004,0.002272082958370447,0.0023050000000000015
0.0003522919723764062,0.00032200000000004447,0.0010747920023277402,0.0010720000000000174,0.000736582966055721,0.0005070000000000352,6.24579843133688e-05,8.299999999999974e-05,0.017970916989725083,0.026953999999999978,0.002805209020152688,0.005031999999999981
0.0003340409602969885,0.0003390000000000337,0.0010364159825257957,0.0010590000000000321,0.0004355839919298887,0.0005169999999999897,6.674998439848423e-05,7.999999999996898e-05,0.021335457975510508,0.047497999999999985,0.00259966601151973,0.0026349999999999985
0.00037824996979907155,0.0003670000000000062,0.0010844580247066915,0.0011769999999999836,0.00039474997902289033,0.0004270000000000107,6.558402674272656e-05,8.299999999999974e-05,0.020686709030997008,0.04556699999999997,0.002488834026735276,0.0025249999999999995
0.0003339580143801868,0.00032999999999999696,0.0010140420054085553,0.0010279999999999734,0.00039004196878522635,0.0005840000000000289,6.241700612008572e-05,8.099999999999774e-05,0.018186667002737522,0.02601300000000001,0.002474209002684802,0.0025069999999999815
Average,0.0003471081843599677,0.00033920000000001724,0.0011252082069404424,0.0011155999999999944,0.000489533378276974,0.0005166000000000115,6.557500455528498e-05,8.539999999999104e-05,0.019246842002030463,0.034408199999999986,0.0025280002038925884,0.0030007999999999923
