Query: query1
128, 128
128, 64
128, 1
128, 65
128, 129
128, 130
128, 2
128, 66
128, 3
128, 67
128, 131
128, 68
128, 132
128, 4
128, 5
128, 133
128, 69
128, 70
128, 6
128, 134
128, 135
128, 71
128, 7
128, 136
128, 8
128, 72
128, 9
128, 73
128, 137
128, 10
128, 74
128, 138
128, 11
128, 75
128, 139
128, 76
128, 12
128, 140
128, 77
128, 13
128, 141
128, 142
128, 14
128, 78
128, 143
128, 15
128, 79
128, 16
128, 80
128, 144
128, 81
128, 145
128, 17
128, 18
128, 146
128, 82
128, 83
128, 19
128, 147
128, 148
128, 84
128, 20
128, 149
128, 21
128, 85
128, 22
128, 86
128, 150
128, 23
128, 87
128, 24
128, 88
128, 89
128, 25
128, 90
128, 26
128, 27
128, 91
128, 28
128, 92
128, 29
128, 93
128, 94
128, 30
128, 31
128, 95
128, 96
128, 32
128, 97
128, 33
128, 34
128, 98
128, 35
128, 99
128, 36
128, 100
128, 37
128, 101
128, 102
128, 38
128, 103
128, 39
128, 40
128, 104
128, 41
128, 105
128, 42
128, 106
128, 107
128, 43
128, 44
128, 108
128, 109
128, 45
128, 110
128, 46
128, 47
128, 111
128, 48
128, 112
128, 49
128, 113
128, 50
128, 114
128, 115
128, 51
128, 116
128, 52
128, 53
128, 117
128, 54
128, 118
128, 55
128, 119
128, 120
128, 56
128, 57
128, 121
128, 122
128, 58
128, 123
128, 59
128, 60
128, 124
128, 61
128, 125
128, 62
128, 126
128, 63
128, 127
64, 64
64, 128
64, 1
64, 65
64, 129
64, 130
64, 66
64, 2
64, 131
64, 3
64, 67
64, 4
64, 68
64, 132
64, 69
64, 133
64, 5
64, 6
64, 70
64, 134
64, 71
64, 7
64, 135
64, 136
64, 72
64, 8
64, 137
64, 9
64, 73
64, 10
64, 74
64, 138
64, 11
64, 75
64, 139
64, 12
64, 76
64, 140
64, 13
64, 141
64, 77
64, 78
64, 14
64, 142
64, 143
64, 79
64, 15
64, 144
64, 16
64, 80
64, 17
64, 81
64, 145
64, 82
64, 146
64, 18
64, 19
64, 83
64, 147
64, 84
64, 20
64, 148
64, 149
64, 85
64, 21
64, 150
64, 22
64, 86
64, 23
64, 87
64, 24
64, 88
64, 25
64, 89
64, 26
64, 90
64, 91
64, 27
64, 92
64, 28
64, 29
64, 93
64, 30
64, 94
64, 95
64, 31
64, 32
64, 96
64, 97
64, 33
64, 98
64, 34
64, 35
64, 99
64, 36
64, 100
64, 37
64, 101
64, 38
64, 102
64, 39
64, 103
64, 104
64, 40
64, 105
64, 41
64, 42
64, 106
64, 43
64, 107
64, 108
64, 44
64, 45
64, 109
64, 110
64, 46
64, 111
64, 47
64, 48
64, 112
64, 49
64, 113
64, 50
64, 114
64, 51
64, 115
64, 52
64, 116
64, 117
64, 53
64, 118
64, 54
64, 55
64, 119
64, 56
64, 120
64, 57
64, 121
64, 58
64, 122
64, 123
64, 59
64, 124
64, 60
64, 61
64, 125
64, 62
64, 126
64, 63
64, 127
129, 64
129, 128
129, 129
129, 65
129, 1
129, 2
129, 66
129, 130
129, 131
129, 3
129, 67
129, 4
129, 68
129, 132
129, 69
129, 133
129, 5
129, 6
129, 134
129, 70
129, 71
129, 7
129, 135
129, 136
129, 72
129, 8
129, 137
129, 9
129, 73
129, 10
129, 74
129, 138
129, 11
129, 75
129, 139
129, 12
129, 76
129, 140
129, 77
129, 13
129, 141
129, 78
129, 14
129, 142
129, 143
129, 15
129, 79
129, 144
129, 16
129, 80
129, 17
129, 81
129, 145
129, 82
129, 146
129, 18
129, 19
129, 147
129, 83
129, 84
129, 20
129, 148
129, 149
129, 85
129, 21
129, 150
129, 22
129, 86
129, 23
129, 87
129, 24
129, 88
129, 25
129, 89
129, 90
129, 26
129, 91
129, 27
129, 28
129, 92
129, 29
129, 93
129, 30
129, 94
129, 95
129, 31
129, 32
129, 96
129, 97
129, 33
129, 98
129, 34
129, 35
129, 99
129, 36
129, 100
129, 37
129, 101
129, 38
129, 102
129, 103
129, 39
129, 104
129, 40
129, 41
129, 105
129, 42
129, 106
129, 43
129, 107
129, 108
129, 44
129, 45
129, 109
129, 110
129, 46
129, 111
129, 47
129, 48
129, 112
129, 49
129, 113
129, 50
129, 114
129, 51
129, 115
129, 116
129, 52
129, 117
129, 53
129, 54
129, 118
129, 55
129, 119
129, 56
129, 120
129, 121
129, 57
129, 58
129, 122
129, 123
129, 59
129, 124
129, 60
129, 61
129, 125
129, 62
129, 126
129, 63
129, 127
65, 64
65, 128
65, 65
65, 1
65, 129
65, 2
65, 66
65, 130
65, 131
65, 67
65, 3
65, 132
65, 4
65, 68
65, 5
65, 69
65, 133
65, 70
65, 134
65, 6
65, 7
65, 71
65, 135
65, 72
65, 8
65, 136
65, 137
65, 73
65, 9
65, 138
65, 10
65, 74
65, 11
65, 75
65, 139
65, 12
65, 76
65, 140
65, 13
65, 77
65, 141
65, 14
65, 142
65, 78
65, 79
65, 15
65, 143
65, 144
65, 80
65, 16
65, 145
65, 17
65, 81
65, 18
65, 82
65, 146
65, 83
65, 147
65, 19
65, 20
65, 84
65, 148
65, 85
65, 21
65, 149
65, 150
65, 86
65, 22
65, 23
65, 87
65, 24
65, 88
65, 25
65, 89
65, 26
65, 90
65, 27
65, 91
65, 92
65, 28
65, 93
65, 29
65, 30
65, 94
65, 31
65, 95
65, 96
65, 32
65, 33
65, 97
65, 98
65, 34
65, 99
65, 35
65, 36
65, 100
65, 37
65, 101
65, 38
65, 102
65, 39
65, 103
65, 40
65, 104
65, 105
65, 41
65, 106
65, 42
65, 43
65, 107
65, 44
65, 108
65, 109
65, 45
65, 46
65, 110
65, 111
65, 47
65, 112
65, 48
65, 49
65, 113
65, 50
65, 114
65, 51
65, 115
65, 52
65, 116
65, 53
65, 117
65, 118
65, 54
65, 119
65, 55
65, 56
65, 120
65, 57
65, 121
65, 58
65, 122
65, 59
65, 123
65, 124
65, 60
65, 125
65, 61
65, 62
65, 126
65, 63
65, 127
1, 64
1, 128
1, 1
1, 65
1, 129
1, 130
1, 2
1, 66
1, 67
1, 3
1, 131
1, 132
1, 68
1, 4
1, 133
1, 5
1, 69
1, 6
1, 70
1, 134
1, 7
1, 71
1, 135
1, 8
1, 72
1, 136
1, 73
1, 9
1, 137
1, 138
1, 74
1, 10
1, 139
1, 11
1, 75
1, 12
1, 76
1, 140
1, 13
1, 77
1, 141
1, 78
1, 142
1, 14
1, 15
1, 143
1, 79
1, 80
1, 16
1, 144
1, 145
1, 81
1, 17
1, 146
1, 18
1, 82
1, 19
1, 83
1, 147
1, 20
1, 84
1, 148
1, 21
1, 85
1, 149
1, 86
1, 22
1, 150
1, 87
1, 23
1, 24
1, 88
1, 25
1, 89
1, 26
1, 90
1, 91
1, 27
1, 28
1, 92
1, 93
1, 29
1, 94
1, 30
1, 31
1, 95
1, 32
1, 96
1, 33
1, 97
1, 34
1, 98
1, 99
1, 35
1, 100
1, 36
1, 37
1, 101
1, 38
1, 102
1, 39
1, 103
1, 104
1, 40
1, 41
1, 105
1, 106
1, 42
1, 107
1, 43
1, 44
1, 108
1, 45
1, 109
1, 46
1, 110
1, 47
1, 111
1, 112
1, 48
1, 113
1, 49
1, 50
1, 114
1, 51
1, 115
1, 52
1, 116
1, 117
1, 53
1, 54
1, 118
1, 119
1, 55
1, 120
1, 56
1, 57
1, 121
1, 58
1, 122
1, 59
1, 123
1, 60
1, 124
1, 125
1, 61
1, 126
1, 62
1, 63
1, 127
130, 64
130, 128
130, 65
130, 1
130, 129
130, 130
130, 66
130, 2
130, 3
130, 67
130, 131
130, 132
130, 4
130, 68
130, 5
130, 69
130, 133
130, 70
130, 134
130, 6
130, 7
130, 135
130, 71
130, 72
130, 8
130, 136
130, 137
130, 73
130, 9
130, 138
130, 10
130, 74
130, 11
130, 75
130, 139
130, 12
130, 76
130, 140
130, 13
130, 77
130, 141
130, 78
130, 14
130, 142
130, 79
130, 15
130, 143
130, 144
130, 16
130, 80
130, 145
130, 17
130, 81
130, 18
130, 82
130, 146
130, 83
130, 147
130, 19
130, 20
130, 148
130, 84
130, 85
130, 21
130, 149
130, 150
130, 86
130, 22
130, 23
130, 87
130, 24
130, 88
130, 25
130, 89
130, 26
130, 90
130, 91
130, 27
130, 92
130, 28
130, 29
130, 93
130, 30
130, 94
130, 31
130, 95
130, 96
130, 32
130, 33
130, 97
130, 98
130, 34
130, 99
130, 35
130, 36
130, 100
130, 37
130, 101
130, 38
130, 102
130, 39
130, 103
130, 104
130, 40
130, 105
130, 41
130, 42
130, 106
130, 43
130, 107
130, 44
130, 108
130, 109
130, 45
130, 46
130, 110
130, 111
130, 47
130, 112
130, 48
130, 49
130, 113
130, 50
130, 114
130, 51
130, 115
130, 52
130, 116
130, 117
130, 53
130, 118
130, 54
130, 55
130, 119
130, 56
130, 120
130, 57
130, 121
130, 122
130, 58
130, 59
130, 123
130, 124
130, 60
130, 125
130, 61
130, 62
130, 126
130, 63
130, 127
66, 64
66, 128
66, 1
66, 65
66, 129
66, 66
66, 2
66, 130
66, 3
66, 67
66, 131
66, 132
66, 68
66, 4
66, 133
66, 5
66, 69
66, 6
66, 70
66, 134
66, 71
66, 135
66, 7
66, 8
66, 72
66, 136
66, 73
66, 9
66, 137
66, 138
66, 74
66, 10
66, 139
66, 11
66, 75
66, 12
66, 76
66, 140
66, 13
66, 77
66, 141
66, 14
66, 78
66, 142
66, 15
66, 143
66, 79
66, 80
66, 16
66, 144
66, 145
66, 81
66, 17
66, 146
66, 18
66, 82
66, 19
66, 83
66, 147
66, 84
66, 148
66, 20
66, 21
66, 85
66, 149
66, 86
66, 22
66, 150
66, 87
66, 23
66, 24
66, 88
66, 25
66, 89
66, 26
66, 90
66, 27
66, 91
66, 28
66, 92
66, 93
66, 29
66, 94
66, 30
66, 31
66, 95
66, 32
66, 96
66, 97
66, 33
66, 34
66, 98
66, 99
66, 35
66, 100
66, 36
66, 37
66, 101
66, 38
66, 102
66, 39
66, 103
66, 40
66, 104
66, 41
66, 105
66, 106
66, 42
66, 107
66, 43
66, 44
66, 108
66, 45
66, 109
66, 110
66, 46
66, 47
66, 111
66, 112
66, 48
66, 113
66, 49
66, 50
66, 114
66, 51
66, 115
66, 52
66, 116
66, 53
66, 117
66, 54
66, 118
66, 119
66, 55
66, 120
66, 56
66, 57
66, 121
66, 58
66, 122
66, 59
66, 123
66, 60
66, 124
66, 125
66, 61
66, 126
66, 62
66, 63
66, 127
2, 64
2, 128
2, 1
2, 65
2, 129
2, 2
2, 66
2, 130
2, 131
2, 3
2, 67
2, 68
2, 4
2, 132
2, 133
2, 69
2, 5
2, 134
2, 6
2, 70
2, 7
2, 71
2, 135
2, 8
2, 72
2, 136
2, 9
2, 73
2, 137
2, 74
2, 10
2, 138
2, 139
2, 75
2, 11
2, 140
2, 12
2, 76
2, 13
2, 77
2, 141
2, 14
2, 78
2, 142
2, 79
2, 143
2, 15
2, 16
2, 144
2, 80
2, 81
2, 17
2, 145
2, 146
2, 82
2, 18
2, 147
2, 19
2, 83
2, 20
2, 84
2, 148
2, 21
2, 85
2, 149
2, 22
2, 86
2, 150
2, 87
2, 23
2, 88
2, 24
2, 25
2, 89
2, 26
2, 90
2, 27
2, 91
2, 92
2, 28
2, 29
2, 93
2, 94
2, 30
2, 95
2, 31
2, 32
2, 96
2, 33
2, 97
2, 34
2, 98
2, 35
2, 99
2, 100
2, 36
2, 101
2, 37
2, 38
2, 102
2, 39
2, 103
2, 40
2, 104
2, 105
2, 41
2, 42
2, 106
2, 107
2, 43
2, 108
2, 44
2, 45
2, 109
2, 46
2, 110
2, 47
2, 111
2, 48
2, 112
2, 113
2, 49
2, 114
2, 50
2, 51
2, 115
2, 52
2, 116
2, 53
2, 117
2, 118
2, 54
2, 55
2, 119
2, 120
2, 56
2, 121
2, 57
2, 58
2, 122
2, 59
2, 123
2, 60
2, 124
2, 61
2, 125
2, 126
2, 62
2, 127
2, 63
131, 64
131, 128
131, 1
131, 65
131, 129
131, 66
131, 2
131, 130
131, 131
131, 3
131, 67
131, 4
131, 68
131, 132
131, 133
131, 5
131, 69
131, 6
131, 70
131, 134
131, 71
131, 135
131, 7
131, 8
131, 136
131, 72
131, 73
131, 9
131, 137
131, 138
131, 74
131, 10
131, 139
131, 11
131, 75
131, 12
131, 76
131, 140
131, 13
131, 77
131, 141
131, 14
131, 78
131, 142
131, 79
131, 15
131, 143
131, 80
131, 16
131, 144
131, 145
131, 17
131, 81
131, 146
131, 18
131, 82
131, 19
131, 83
131, 147
131, 84
131, 148
131, 20
131, 21
131, 149
131, 85
131, 86
131, 22
131, 150
131, 87
131, 23
131, 24
131, 88
131, 25
131, 89
131, 26
131, 90
131, 27
131, 91
131, 92
131, 28
131, 93
131, 29
131, 30
131, 94
131, 31
131, 95
131, 32
131, 96
131, 97
131, 33
131, 34
131, 98
131, 99
131, 35
131, 100
131, 36
131, 37
131, 101
131, 38
131, 102
131, 39
131, 103
131, 40
131, 104
131, 105
131, 41
131, 106
131, 42
131, 43
131, 107
131, 44
131, 108
131, 45
131, 109
131, 110
131, 46
131, 47
131, 111
131, 112
131, 48
131, 113
131, 49
131, 50
131, 114
131, 51
131, 115
131, 52
131, 116
131, 53
131, 117
131, 118
131, 54
131, 119
131, 55
131, 56
131, 120
131, 57
131, 121
131, 58
131, 122
131, 123
131, 59
131, 60
131, 124
131, 125
131, 61
131, 126
131, 62
131, 63
131, 127
67, 64
67, 128
67, 1
67, 65
67, 129
67, 2
67, 66
67, 130
67, 67
67, 3
67, 131
67, 4
67, 68
67, 132
67, 133
67, 69
67, 5
67, 134
67, 6
67, 70
67, 7
67, 71
67, 135
67, 72
67, 136
67, 8
67, 9
67, 73
67, 137
67, 74
67, 10
67, 138
67, 139
67, 75
67, 11
67, 140
67, 12
67, 76
67, 13
67, 77
67, 141
67, 14
67, 78
67, 142
67, 15
67, 79
67, 143
67, 16
67, 144
67, 80
67, 81
67, 17
67, 145
67, 146
67, 82
67, 18
67, 147
67, 19
67, 83
67, 20
67, 84
67, 148
67, 85
67, 149
67, 21
67, 22
67, 86
67, 150
67, 87
67, 23
67, 88
67, 24
67, 25
67, 89
67, 26
67, 90
67, 27
67, 91
67, 28
67, 92
67, 29
67, 93
67, 94
67, 30
67, 95
67, 31
67, 32
67, 96
67, 33
67, 97
67, 98
67, 34
67, 35
67, 99
67, 100
67, 36
67, 101
67, 37
67, 38
67, 102
67, 39
67, 103
67, 40
67, 104
67, 41
67, 105
67, 42
67, 106
67, 107
67, 43
67, 108
67, 44
67, 45
67, 109
67, 46
67, 110
67, 111
67, 47
67, 48
67, 112
67, 113
67, 49
67, 114
67, 50
67, 51
67, 115
67, 52
67, 116
67, 53
67, 117
67, 54
67, 118
67, 55
67, 119
67, 120
67, 56
67, 121
67, 57
67, 58
67, 122
67, 59
67, 123
67, 60
67, 124
67, 61
67, 125
67, 126
67, 62
67, 127
67, 63
3, 128
3, 64
3, 1
3, 65
3, 129
3, 2
3, 66
3, 130
3, 3
3, 67
3, 131
3, 132
3, 4
3, 68
3, 69
3, 5
3, 133
3, 134
3, 70
3, 6
3, 135
3, 7
3, 71
3, 8
3, 72
3, 136
3, 9
3, 73
3, 137
3, 10
3, 74
3, 138
3, 75
3, 11
3, 139
3, 140
3, 76
3, 12
3, 141
3, 13
3, 77
3, 14
3, 78
3, 142
3, 15
3, 79
3, 143
3, 80
3, 144
3, 16
3, 17
3, 145
3, 81
3, 82
3, 18
3, 146
3, 147
3, 83
3, 19
3, 148
3, 20
3, 84
3, 21
3, 85
3, 149
3, 22
3, 86
3, 150
3, 23
3, 87
3, 88
3, 24
3, 89
3, 25
3, 26
3, 90
3, 27
3, 91
3, 28
3, 92
3, 93
3, 29
3, 30
3, 94
3, 95
3, 31
3, 96
3, 32
3, 33
3, 97
3, 34
3, 98
3, 35
3, 99
3, 36
3, 100
3, 101
3, 37
3, 102
3, 38
3, 39
3, 103
3, 40
3, 104
3, 41
3, 105
3, 106
3, 42
3, 43
3, 107
3, 108
3, 44
3, 109
3, 45
3, 46
3, 110
3, 47
3, 111
3, 48
3, 112
3, 49
3, 113
3, 114
3, 50
3, 115
3, 51
3, 52
3, 116
3, 53
3, 117
3, 54
3, 118
3, 119
3, 55
3, 56
3, 120
3, 121
3, 57
3, 122
3, 58
3, 59
3, 123
3, 60
3, 124
3, 61
3, 125
3, 62
3, 126
3, 127
3, 63
132, 64
132, 128
132, 1
132, 65
132, 129
132, 2
132, 66
132, 130
132, 67
132, 3
132, 131
132, 132
132, 68
132, 4
132, 5
132, 69
132, 133
132, 134
132, 6
132, 70
132, 7
132, 71
132, 135
132, 72
132, 136
132, 8
132, 9
132, 137
132, 73
132, 74
132, 10
132, 138
132, 139
132, 75
132, 11
132, 140
132, 12
132, 76
132, 13
132, 77
132, 141
132, 14
132, 78
132, 142
132, 15
132, 79
132, 143
132, 80
132, 16
132, 144
132, 81
132, 17
132, 145
132, 146
132, 18
132, 82
132, 147
132, 19
132, 83
132, 20
132, 84
132, 148
132, 85
132, 149
132, 21
132, 22
132, 150
132, 86
132, 87
132, 23
132, 88
132, 24
132, 25
132, 89
132, 26
132, 90
132, 27
132, 91
132, 28
132, 92
132, 93
132, 29
132, 94
132, 30
132, 31
132, 95
132, 32
132, 96
132, 33
132, 97
132, 98
132, 34
132, 35
132, 99
132, 100
132, 36
132, 101
132, 37
132, 38
132, 102
132, 39
132, 103
132, 40
132, 104
132, 41
132, 105
132, 106
132, 42
132, 107
132, 43
132, 44
132, 108
132, 45
132, 109
132, 46
132, 110
132, 111
132, 47
132, 48
132, 112
132, 113
132, 49
132, 114
132, 50
132, 51
132, 115
132, 52
132, 116
132, 53
132, 117
132, 54
132, 118
132, 119
132, 55
132, 120
132, 56
132, 57
132, 121
132, 58
132, 122
132, 59
132, 123
132, 124
132, 60
132, 61
132, 125
132, 126
132, 62
132, 127
132, 63
68, 128
68, 64
68, 1
68, 65
68, 129
68, 2
68, 66
68, 130
68, 3
68, 67
68, 131
68, 68
68, 4
68, 132
68, 5
68, 69
68, 133
68, 134
68, 70
68, 6
68, 135
68, 7
68, 71
68, 8
68, 72
68, 136
68, 73
68, 137
68, 9
68, 10
68, 74
68, 138
68, 75
68, 11
68, 139
68, 140
68, 76
68, 12
68, 141
68, 13
68, 77
68, 14
68, 78
68, 142
68, 15
68, 79
68, 143
68, 16
68, 80
68, 144
68, 17
68, 145
68, 81
68, 82
68, 18
68, 146
68, 147
68, 83
68, 19
68, 148
68, 20
68, 84
68, 21
68, 85
68, 149
68, 86
68, 150
68, 22
68, 23
68, 87
68, 88
68, 24
68, 89
68, 25
68, 26
68, 90
68, 27
68, 91
68, 28
68, 92
68, 29
68, 93
68, 30
68, 94
68, 95
68, 31
68, 96
68, 32
68, 33
68, 97
68, 34
68, 98
68, 99
68, 35
68, 36
68, 100
68, 101
68, 37
68, 102
68, 38
68, 39
68, 103
68, 40
68, 104
68, 41
68, 105
68, 42
68, 106
68, 43
68, 107
68, 108
68, 44
68, 109
68, 45
68, 46
68, 110
68, 47
68, 111
68, 112
68, 48
68, 49
68, 113
68, 114
68, 50
68, 115
68, 51
68, 52
68, 116
68, 53
68, 117
68, 54
68, 118
68, 55
68, 119
68, 56
68, 120
68, 121
68, 57
68, 122
68, 58
68, 59
68, 123
68, 60
68, 124
68, 61
68, 125
68, 62
68, 126
68, 127
68, 63
4, 128
4, 64
4, 129
4, 1
4, 65
4, 2
4, 66
4, 130
4, 3
4, 67
4, 131
4, 4
4, 68
4, 132
4, 133
4, 5
4, 69
4, 70
4, 6
4, 134
4, 135
4, 71
4, 7
4, 136
4, 8
4, 72
4, 9
4, 73
4, 137
4, 10
4, 74
4, 138
4, 11
4, 75
4, 139
4, 76
4, 12
4, 140
4, 141
4, 77
4, 13
4, 142
4, 14
4, 78
4, 15
4, 79
4, 143
4, 16
4, 80
4, 144
4, 81
4, 145
4, 17
4, 18
4, 146
4, 82
4, 83
4, 19
4, 147
4, 148
4, 84
4, 20
4, 149
4, 21
4, 85
4, 22
4, 86
4, 150
4, 23
4, 87
4, 24
4, 88
4, 89
4, 25
4, 90
4, 26
4, 27
4, 91
4, 28
4, 92
4, 29
4, 93
4, 94
4, 30
4, 31
4, 95
4, 96
4, 32
4, 97
4, 33
4, 34
4, 98
4, 35
4, 99
4, 36
4, 100
4, 37
4, 101
4, 102
4, 38
4, 103
4, 39
4, 40
4, 104
4, 41
4, 105
4, 42
4, 106
4, 107
4, 43
4, 44
4, 108
4, 109
4, 45
4, 110
4, 46
4, 47
4, 111
4, 48
4, 112
4, 49
4, 113
4, 50
4, 114
4, 115
4, 51
4, 116
4, 52
4, 53
4, 117
4, 54
4, 118
4, 55
4, 119
4, 120
4, 56
4, 57
4, 121
4, 122
4, 58
4, 123
4, 59
4, 60
4, 124
4, 61
4, 125
4, 62
4, 126
4, 63
4, 127
133, 128
133, 64
133, 1
133, 65
133, 129
133, 2
133, 66
133, 130
133, 3
133, 67
133, 131
133, 68
133, 4
133, 132
133, 133
133, 69
133, 5
133, 6
133, 70
133, 134
133, 135
133, 7
133, 71
133, 8
133, 72
133, 136
133, 73
133, 137
133, 9
133, 10
133, 138
133, 74
133, 75
133, 11
133, 139
133, 140
133, 76
133, 12
133, 141
133, 13
133, 77
133, 14
133, 78
133, 142
133, 15
133, 79
133, 143
133, 16
133, 80
133, 144
133, 81
133, 17
133, 145
133, 82
133, 18
133, 146
133, 147
133, 19
133, 83
133, 148
133, 20
133, 84
133, 21
133, 85
133, 149
133, 86
133, 150
133, 22
133, 23
133, 87
133, 88
133, 24
133, 89
133, 25
133, 26
133, 90
133, 27
133, 91
133, 28
133, 92
133, 29
133, 93
133, 94
133, 30
133, 95
133, 31
133, 32
133, 96
133, 33
133, 97
133, 34
133, 98
133, 99
133, 35
133, 36
133, 100
133, 101
133, 37
133, 102
133, 38
133, 39
133, 103
133, 40
133, 104
133, 41
133, 105
133, 42
133, 106
133, 107
133, 43
133, 108
133, 44
133, 45
133, 109
133, 46
133, 110
133, 47
133, 111
133, 112
133, 48
133, 49
133, 113
133, 114
133, 50
133, 115
133, 51
133, 52
133, 116
133, 53
133, 117
133, 54
133, 118
133, 55
133, 119
133, 120
133, 56
133, 121
133, 57
133, 58
133, 122
133, 59
133, 123
133, 60
133, 124
133, 125
133, 61
133, 62
133, 126
133, 127
133, 63
69, 128
69, 64
69, 129
69, 1
69, 65
69, 2
69, 66
69, 130
69, 3
69, 67
69, 131
69, 4
69, 68
69, 132
69, 69
69, 5
69, 133
69, 6
69, 70
69, 134
69, 135
69, 71
69, 7
69, 136
69, 8
69, 72
69, 9
69, 73
69, 137
69, 74
69, 138
69, 10
69, 11
69, 75
69, 139
69, 76
69, 12
69, 140
69, 141
69, 77
69, 13
69, 142
69, 14
69, 78
69, 15
69, 79
69, 143
69, 16
69, 80
69, 144
69, 17
69, 81
69, 145
69, 18
69, 146
69, 82
69, 83
69, 19
69, 147
69, 148
69, 84
69, 20
69, 149
69, 21
69, 85
69, 22
69, 86
69, 150
69, 87
69, 23
69, 24
69, 88
69, 89
69, 25
69, 90
69, 26
69, 27
69, 91
69, 28
69, 92
69, 29
69, 93
69, 30
69, 94
69, 31
69, 95
69, 96
69, 32
69, 97
69, 33
69, 34
69, 98
69, 35
69, 99
69, 100
69, 36
69, 37
69, 101
69, 102
69, 38
69, 103
69, 39
69, 40
69, 104
69, 41
69, 105
69, 42
69, 106
69, 43
69, 107
69, 44
69, 108
69, 109
69, 45
69, 110
69, 46
69, 47
69, 111
69, 48
69, 112
69, 113
69, 49
69, 50
69, 114
69, 115
69, 51
69, 116
69, 52
69, 53
69, 117
69, 54
69, 118
69, 55
69, 119
69, 56
69, 120
69, 57
69, 121
69, 122
69, 58
69, 123
69, 59
69, 60
69, 124
69, 61
69, 125
69, 62
69, 126
69, 63
69, 127
5, 64
5, 128
5, 129
5, 65
5, 1
5, 130
5, 2
5, 66
5, 3
5, 67
5, 131
5, 4
5, 68
5, 132
5, 5
5, 69
5, 133
5, 134
5, 6
5, 70
5, 71
5, 7
5, 135
5, 136
5, 72
5, 8
5, 137
5, 9
5, 73
5, 10
5, 74
5, 138
5, 11
5, 75
5, 139
5, 12
5, 76
5, 140
5, 77
5, 13
5, 141
5, 142
5, 78
5, 14
5, 143
5, 15
5, 79
5, 16
5, 80
5, 144
5, 17
5, 81
5, 145
5, 82
5, 146
5, 18
5, 19
5, 147
5, 83
5, 84
5, 20
5, 148
5, 149
5, 85
5, 21
5, 150
5, 22
5, 86
5, 23
5, 87
5, 24
5, 88
5, 25
5, 89
5, 90
5, 26
5, 91
5, 27
5, 28
5, 92
5, 29
5, 93
5, 30
5, 94
5, 95
5, 31
5, 32
5, 96
5, 97
5, 33
5, 98
5, 34
5, 35
5, 99
5, 36
5, 100
5, 37
5, 101
5, 38
5, 102
5, 103
5, 39
5, 104
5, 40
5, 41
5, 105
5, 42
5, 106
5, 43
5, 107
5, 108
5, 44
5, 45
5, 109
5, 110
5, 46
5, 111
5, 47
5, 48
5, 112
5, 49
5, 113
5, 50
5, 114
5, 51
5, 115
5, 116
5, 52
5, 117
5, 53
5, 54
5, 118
5, 55
5, 119
5, 56
5, 120
5, 121
5, 57
5, 58
5, 122
5, 123
5, 59
5, 124
5, 60
5, 61
5, 125
5, 62
5, 126
5, 63
5, 127
134, 128
134, 64
134, 129
134, 1
134, 65
134, 2
134, 66
134, 130
134, 3
134, 67
134, 131
134, 4
134, 68
134, 132
134, 69
134, 5
134, 133
134, 134
134, 70
134, 6
134, 7
134, 71
134, 135
134, 136
134, 8
134, 72
134, 9
134, 73
134, 137
134, 74
134, 138
134, 10
134, 11
134, 139
134, 75
134, 76
134, 12
134, 140
134, 141
134, 77
134, 13
134, 142
134, 14
134, 78
134, 15
134, 79
134, 143
134, 16
134, 80
134, 144
134, 17
134, 81
134, 145
134, 82
134, 18
134, 146
134, 83
134, 19
134, 147
134, 148
134, 20
134, 84
134, 149
134, 21
134, 85
134, 22
134, 86
134, 150
134, 87
134, 23
134, 24
134, 88
134, 89
134, 25
134, 90
134, 26
134, 27
134, 91
134, 28
134, 92
134, 29
134, 93
134, 30
134, 94
134, 95
134, 31
134, 96
134, 32
134, 33
134, 97
134, 34
134, 98
134, 35
134, 99
134, 100
134, 36
134, 37
134, 101
134, 102
134, 38
134, 103
134, 39
134, 40
134, 104
134, 41
134, 105
134, 42
134, 106
134, 43
134, 107
134, 108
134, 44
134, 109
134, 45
134, 46
134, 110
134, 47
134, 111
134, 48
134, 112
134, 113
134, 49
134, 50
134, 114
134, 115
134, 51
134, 116
134, 52
134, 53
134, 117
134, 54
134, 118
134, 55
134, 119
134, 56
134, 120
134, 121
134, 57
134, 122
134, 58
134, 59
134, 123
134, 60
134, 124
134, 61
134, 125
134, 126
134, 62
134, 63
134, 127
70, 64
70, 128
70, 129
70, 65
70, 1
70, 130
70, 2
70, 66
70, 3
70, 67
70, 131
70, 4
70, 68
70, 132
70, 5
70, 69
70, 133
70, 70
70, 6
70, 134
70, 7
70, 71
70, 135
70, 136
70, 72
70, 8
70, 137
70, 9
70, 73
70, 10
70, 74
70, 138
70, 75
70, 139
70, 11
70, 12
70, 76
70, 140
70, 77
70, 13
70, 141
70, 142
70, 78
70, 14
70, 143
70, 15
70, 79
70, 16
70, 80
70, 144
70, 17
70, 81
70, 145
70, 18
70, 82
70, 146
70, 19
70, 147
70, 83
70, 84
70, 20
70, 148
70, 149
70, 85
70, 21
70, 150
70, 22
70, 86
70, 23
70, 87
70, 88
70, 24
70, 25
70, 89
70, 90
70, 26
70, 91
70, 27
70, 28
70, 92
70, 29
70, 93
70, 30
70, 94
70, 31
70, 95
70, 32
70, 96
70, 97
70, 33
70, 98
70, 34
70, 35
70, 99
70, 36
70, 100
70, 101
70, 37
70, 38
70, 102
70, 103
70, 39
70, 104
70, 40
70, 41
70, 105
70, 42
70, 106
70, 43
70, 107
70, 44
70, 108
70, 45
70, 109
70, 110
70, 46
70, 111
70, 47
70, 48
70, 112
70, 49
70, 113
70, 114
70, 50
70, 51
70, 115
70, 116
70, 52
70, 117
70, 53
70, 54
70, 118
70, 55
70, 119
70, 56
70, 120
70, 57
70, 121
70, 58
70, 122
70, 123
70, 59
70, 124
70, 60
70, 61
70, 125
70, 62
70, 126
70, 63
70, 127
6, 64
6, 128
6, 65
6, 1
6, 129
6, 130
6, 66
6, 2
6, 131
6, 3
6, 67
6, 4
6, 68
6, 132
6, 5
6, 69
6, 133
6, 6
6, 70
6, 134
6, 135
6, 7
6, 71
6, 72
6, 8
6, 136
6, 137
6, 73
6, 9
6, 138
6, 10
6, 74
6, 11
6, 75
6, 139
6, 12
6, 76
6, 140
6, 13
6, 77
6, 141
6, 78
6, 14
6, 142
6, 143
6, 79
6, 15
6, 144
6, 16
6, 80
6, 17
6, 81
6, 145
6, 18
6, 82
6, 146
6, 83
6, 147
6, 19
6, 20
6, 148
6, 84
6, 85
6, 21
6, 149
6, 150
6, 86
6, 22
6, 23
6, 87
6, 24
6, 88
6, 25
6, 89
6, 26
6, 90
6, 91
6, 27
6, 92
6, 28
6, 29
6, 93
6, 30
6, 94
6, 31
6, 95
6, 96
6, 32
6, 33
6, 97
6, 98
6, 34
6, 99
6, 35
6, 36
6, 100
6, 37
6, 101
6, 38
6, 102
6, 39
6, 103
6, 104
6, 40
6, 105
6, 41
6, 42
6, 106
6, 43
6, 107
6, 44
6, 108
6, 109
6, 45
6, 46
6, 110
6, 111
6, 47
6, 112
6, 48
6, 49
6, 113
6, 50
6, 114
6, 51
6, 115
6, 52
6, 116
6, 117
6, 53
6, 118
6, 54
6, 55
6, 119
6, 56
6, 120
6, 57
6, 121
6, 122
6, 58
6, 59
6, 123
6, 124
6, 60
6, 125
6, 61
6, 62
6, 126
6, 63
6, 127
135, 64
135, 128
135, 129
135, 65
135, 1
135, 130
135, 2
135, 66
135, 3
135, 67
135, 131
135, 4
135, 68
135, 132
135, 5
135, 69
135, 133
135, 70
135, 6
135, 134
135, 135
135, 71
135, 7
135, 8
135, 72
135, 136
135, 137
135, 9
135, 73
135, 10
135, 74
135, 138
135, 75
135, 139
135, 11
135, 12
135, 140
135, 76
135, 77
135, 13
135, 141
135, 142
135, 78
135, 14
135, 143
135, 15
135, 79
135, 16
135, 80
135, 144
135, 17
135, 81
135, 145
135, 18
135, 82
135, 146
135, 83
135, 19
135, 147
135, 84
135, 20
135, 148
135, 149
135, 21
135, 85
135, 150
135, 22
135, 86
135, 23
135, 87
135, 88
135, 24
135, 25
135, 89
135, 90
135, 26
135, 91
135, 27
135, 28
135, 92
135, 29
135, 93
135, 30
135, 94
135, 31
135, 95
135, 96
135, 32
135, 97
135, 33
135, 34
135, 98
135, 35
135, 99
135, 36
135, 100
135, 101
135, 37
135, 38
135, 102
135, 103
135, 39
135, 104
135, 40
135, 41
135, 105
135, 42
135, 106
135, 43
135, 107
135, 44
135, 108
135, 109
135, 45
135, 110
135, 46
135, 47
135, 111
135, 48
135, 112
135, 49
135, 113
135, 114
135, 50
135, 51
135, 115
135, 116
135, 52
135, 117
135, 53
135, 54
135, 118
135, 55
135, 119
135, 56
135, 120
135, 57
135, 121
135, 122
135, 58
135, 123
135, 59
135, 60
135, 124
135, 61
135, 125
135, 62
135, 126
135, 127
135, 63
71, 64
71, 128
71, 65
71, 1
71, 129
71, 130
71, 66
71, 2
71, 131
71, 3
71, 67
71, 4
71, 68
71, 132
71, 5
71, 69
71, 133
71, 6
71, 70
71, 134
71, 71
71, 7
71, 135
71, 8
71, 72
71, 136
71, 137
71, 73
71, 9
71, 138
71, 10
71, 74
71, 11
71, 75
71, 139
71, 76
71, 140
71, 12
71, 13
71, 77
71, 141
71, 78
71, 14
71, 142
71, 143
71, 79
71, 15
71, 144
71, 16
71, 80
71, 17
71, 81
71, 145
71, 18
71, 82
71, 146
71, 19
71, 83
71, 147
71, 20
71, 148
71, 84
71, 85
71, 21
71, 149
71, 150
71, 86
71, 22
71, 23
71, 87
71, 24
71, 88
71, 89
71, 25
71, 26
71, 90
71, 91
71, 27
71, 92
71, 28
71, 29
71, 93
71, 30
71, 94
71, 31
71, 95
71, 32
71, 96
71, 33
71, 97
71, 98
71, 34
71, 99
71, 35
71, 36
71, 100
71, 37
71, 101
71, 102
71, 38
71, 39
71, 103
71, 104
71, 40
71, 105
71, 41
71, 42
71, 106
71, 43
71, 107
71, 44
71, 108
71, 45
71, 109
71, 46
71, 110
71, 111
71, 47
71, 112
71, 48
71, 49
71, 113
71, 50
71, 114
71, 115
71, 51
71, 52
71, 116
71, 117
71, 53
71, 118
71, 54
71, 55
71, 119
71, 56
71, 120
71, 57
71, 121
71, 58
71, 122
71, 59
71, 123
71, 124
71, 60
71, 125
71, 61
71, 62
71, 126
71, 63
71, 127
7, 64
7, 128
7, 1
7, 65
7, 129
7, 66
7, 2
7, 130
7, 131
7, 3
7, 67
7, 132
7, 4
7, 68
7, 5
7, 69
7, 133
7, 6
7, 70
7, 134
7, 7
7, 71
7, 135
7, 136
7, 8
7, 72
7, 73
7, 9
7, 137
7, 138
7, 74
7, 10
7, 139
7, 11
7, 75
7, 12
7, 76
7, 140
7, 13
7, 77
7, 141
7, 14
7, 78
7, 142
7, 79
7, 15
7, 143
7, 80
7, 144
7, 16
7, 145
7, 17
7, 81
7, 18
7, 82
7, 146
7, 19
7, 83
7, 147
7, 84
7, 148
7, 20
7, 21
7, 149
7, 85
7, 86
7, 22
7, 150
7, 87
7, 23
7, 24
7, 88
7, 25
7, 89
7, 26
7, 90
7, 27
7, 91
7, 92
7, 28
7, 93
7, 29
7, 30
7, 94
7, 31
7, 95
7, 32
7, 96
7, 97
7, 33
7, 34
7, 98
7, 99
7, 35
7, 100
7, 36
7, 37
7, 101
7, 38
7, 102
7, 39
7, 103
7, 40
7, 104
7, 105
7, 41
7, 106
7, 42
7, 43
7, 107
7, 44
7, 108
7, 45
7, 109
7, 110
7, 46
7, 47
7, 111
7, 112
7, 48
7, 113
7, 49
7, 50
7, 114
7, 51
7, 115
7, 52
7, 116
7, 53
7, 117
7, 118
7, 54
7, 119
7, 55
7, 56
7, 120
7, 57
7, 121
7, 58
7, 122
7, 123
7, 59
7, 60
7, 124
7, 125
7, 61
7, 126
7, 62
7, 63
7, 127
136, 128
136, 64
136, 65
136, 1
136, 129
136, 130
136, 66
136, 2
136, 131
136, 3
136, 67
136, 4
136, 68
136, 132
136, 5
136, 69
136, 133
136, 6
136, 70
136, 134
136, 71
136, 7
136, 135
136, 136
136, 72
136, 8
136, 9
136, 73
136, 137
136, 138
136, 10
136, 74
136, 11
136, 75
136, 139
136, 76
136, 140
136, 12
136, 13
136, 141
136, 77
136, 78
136, 14
136, 142
136, 143
136, 79
136, 15
136, 144
136, 16
136, 80
136, 17
136, 81
136, 145
136, 18
136, 82
136, 146
136, 19
136, 83
136, 147
136, 84
136, 20
136, 148
136, 85
136, 21
136, 149
136, 150
136, 22
136, 86
136, 23
136, 87
136, 24
136, 88
136, 89
136, 25
136, 26
136, 90
136, 91
136, 27
136, 92
136, 28
136, 29
136, 93
136, 30
136, 94
136, 31
136, 95
136, 32
136, 96
136, 97
136, 33
136, 98
136, 34
136, 35
136, 99
136, 36
136, 100
136, 37
136, 101
136, 102
136, 38
136, 39
136, 103
136, 104
136, 40
136, 105
136, 41
136, 42
136, 106
136, 43
136, 107
136, 44
136, 108
136, 45
136, 109
136, 110
136, 46
136, 111
136, 47
136, 48
136, 112
136, 49
136, 113
136, 50
136, 114
136, 115
136, 51
136, 52
136, 116
136, 117
136, 53
136, 118
136, 54
136, 55
136, 119
136, 56
136, 120
136, 57
136, 121
136, 58
136, 122
136, 123
136, 59
136, 124
136, 60
136, 61
136, 125
136, 62
136, 126
136, 63
136, 127
72, 64
72, 128
72, 1
72, 65
72, 129
72, 66
72, 2
72, 130
72, 131
72, 3
72, 67
72, 132
72, 4
72, 68
72, 5
72, 69
72, 133
72, 6
72, 70
72, 134
72, 7
72, 71
72, 135
72, 72
72, 8
72, 136
72, 9
72, 73
72, 137
72, 138
72, 74
72, 10
72, 139
72, 11
72, 75
72, 12
72, 76
72, 140
72, 77
72, 141
72, 13
72, 14
72, 78
72, 142
72, 79
72, 15
72, 143
72, 80
72, 144
72, 16
72, 145
72, 17
72, 81
72, 18
72, 82
72, 146
72, 19
72, 83
72, 147
72, 20
72, 84
72, 148
72, 21
72, 149
72, 85
72, 86
72, 22
72, 150
72, 87
72, 23
72, 24
72, 88
72, 25
72, 89
72, 90
72, 26
72, 27
72, 91
72, 92
72, 28
72, 93
72, 29
72, 30
72, 94
72, 31
72, 95
72, 32
72, 96
72, 33
72, 97
72, 34
72, 98
72, 99
72, 35
72, 100
72, 36
72, 37
72, 101
72, 38
72, 102
72, 103
72, 39
72, 40
72, 104
72, 105
72, 41
72, 106
72, 42
72, 43
72, 107
72, 44
72, 108
72, 45
72, 109
72, 46
72, 110
72, 47
72, 111
72, 112
72, 48
72, 113
72, 49
72, 50
72, 114
72, 51
72, 115
72, 116
72, 52
72, 53
72, 117
72, 118
72, 54
72, 119
72, 55
72, 56
72, 120
72, 57
72, 121
72, 58
72, 122
72, 59
72, 123
72, 60
72, 124
72, 125
72, 61
72, 126
72, 62
72, 63
72, 127
8, 64
8, 128
8, 1
8, 65
8, 129
8, 2
8, 66
8, 130
8, 67
8, 3
8, 131
8, 132
8, 68
8, 4
8, 133
8, 5
8, 69
8, 6
8, 70
8, 134
8, 7
8, 71
8, 135
8, 8
8, 72
8, 136
8, 137
8, 9
8, 73
8, 74
8, 10
8, 138
8, 139
8, 75
8, 11
8, 140
8, 12
8, 76
8, 13
8, 77
8, 141
8, 14
8, 78
8, 142
8, 15
8, 79
8, 143
8, 80
8, 16
8, 144
8, 145
8, 81
8, 17
8, 146
8, 18
8, 82
8, 19
8, 83
8, 147
8, 20
8, 84
8, 148
8, 85
8, 149
8, 21
8, 22
8, 150
8, 86
8, 87
8, 23
8, 88
8, 24
8, 25
8, 89
8, 26
8, 90
8, 27
8, 91
8, 28
8, 92
8, 93
8, 29
8, 94
8, 30
8, 31
8, 95
8, 32
8, 96
8, 33
8, 97
8, 98
8, 34
8, 35
8, 99
8, 100
8, 36
8, 101
8, 37
8, 38
8, 102
8, 39
8, 103
8, 40
8, 104
8, 41
8, 105
8, 106
8, 42
8, 107
8, 43
8, 44
8, 108
8, 45
8, 109
8, 46
8, 110
8, 111
8, 47
8, 48
8, 112
8, 113
8, 49
8, 114
8, 50
8, 51
8, 115
8, 52
8, 116
8, 53
8, 117
8, 54
8, 118
8, 119
8, 55
8, 120
8, 56
8, 57
8, 121
8, 58
8, 122
8, 59
8, 123
8, 124
8, 60
8, 61
8, 125
8, 126
8, 62
8, 127
8, 63
137, 64
137, 128
137, 1
137, 129
137, 65
137, 66
137, 2
137, 130
137, 131
137, 3
137, 67
137, 132
137, 4
137, 68
137, 5
137, 69
137, 133
137, 6
137, 70
137, 134
137, 7
137, 71
137, 135
137, 72
137, 8
137, 136
137, 137
137, 73
137, 9
137, 10
137, 74
137, 138
137, 139
137, 11
137, 75
137, 12
137, 76
137, 140
137, 77
137, 141
137, 13
137, 14
137, 142
137, 78
137, 79
137, 15
137, 143
137, 80
137, 144
137, 16
137, 145
137, 17
137, 81
137, 18
137, 82
137, 146
137, 19
137, 83
137, 147
137, 20
137, 84
137, 148
137, 85
137, 21
137, 149
137, 86
137, 22
137, 150
137, 23
137, 87
137, 24
137, 88
137, 25
137, 89
137, 90
137, 26
137, 27
137, 91
137, 92
137, 28
137, 93
137, 29
137, 30
137, 94
137, 31
137, 95
137, 32
137, 96
137, 33
137, 97
137, 98
137, 34
137, 99
137, 35
137, 36
137, 100
137, 37
137, 101
137, 38
137, 102
137, 103
137, 39
137, 40
137, 104
137, 105
137, 41
137, 106
137, 42
137, 43
137, 107
137, 44
137, 108
137, 45
137, 109
137, 46
137, 110
137, 111
137, 47
137, 112
137, 48
137, 49
137, 113
137, 50
137, 114
137, 51
137, 115
137, 116
137, 52
137, 53
137, 117
137, 118
137, 54
137, 119
137, 55
137, 56
137, 120
137, 57
137, 121
137, 58
137, 122
137, 59
137, 123
137, 124
137, 60
137, 125
137, 61
137, 62
137, 126
137, 63
137, 127
73, 64
73, 128
73, 65
73, 129
73, 1
73, 2
73, 66
73, 130
73, 67
73, 3
73, 131
73, 132
73, 68
73, 4
73, 133
73, 5
73, 69
73, 6
73, 70
73, 134
73, 7
73, 71
73, 135
73, 8
73, 72
73, 136
73, 73
73, 9
73, 137
73, 10
73, 74
73, 138
73, 139
73, 75
73, 11
73, 140
73, 12
73, 76
73, 13
73, 77
73, 141
73, 78
73, 142
73, 14
73, 15
73, 79
73, 143
73, 80
73, 16
73, 144
73, 145
73, 81
73, 17
73, 146
73, 18
73, 82
73, 19
73, 83
73, 147
73, 20
73, 84
73, 148
73, 21
73, 85
73, 149
73, 22
73, 150
73, 86
73, 87
73, 23
73, 88
73, 24
73, 25
73, 89
73, 26
73, 90
73, 91
73, 27
73, 28
73, 92
73, 93
73, 29
73, 94
73, 30
73, 31
73, 95
73, 32
73, 96
73, 33
73, 97
73, 34
73, 98
73, 35
73, 99
73, 100
73, 36
73, 101
73, 37
73, 38
73, 102
73, 39
73, 103
73, 104
73, 40
73, 41
73, 105
73, 106
73, 42
73, 107
73, 43
73, 44
73, 108
73, 45
73, 109
73, 46
73, 110
73, 47
73, 111
73, 48
73, 112
73, 113
73, 49
73, 114
73, 50
73, 51
73, 115
73, 52
73, 116
73, 117
73, 53
73, 54
73, 118
73, 119
73, 55
73, 120
73, 56
73, 57
73, 121
73, 58
73, 122
73, 59
73, 123
73, 60
73, 124
73, 61
73, 125
73, 126
73, 62
73, 127
73, 63
9, 128
9, 64
9, 1
9, 65
9, 129
9, 2
9, 66
9, 130
9, 3
9, 67
9, 131
9, 68
9, 4
9, 132
9, 133
9, 69
9, 5
9, 134
9, 6
9, 70
9, 7
9, 71
9, 135
9, 8
9, 72
9, 136
9, 9
9, 73
9, 137
9, 138
9, 10
9, 74
9, 75
9, 11
9, 139
9, 140
9, 76
9, 12
9, 141
9, 13
9, 77
9, 14
9, 78
9, 142
9, 15
9, 79
9, 143
9, 16
9, 80
9, 144
9, 81
9, 17
9, 145
9, 146
9, 82
9, 18
9, 147
9, 19
9, 83
9, 20
9, 84
9, 148
9, 21
9, 85
9, 149
9, 86
9, 150
9, 22
9, 23
9, 87
9, 88
9, 24
9, 89
9, 25
9, 26
9, 90
9, 27
9, 91
9, 28
9, 92
9, 29
9, 93
9, 94
9, 30
9, 95
9, 31
9, 32
9, 96
9, 33
9, 97
9, 34
9, 98
9, 99
9, 35
9, 36
9, 100
9, 101
9, 37
9, 102
9, 38
9, 39
9, 103
9, 40
9, 104
9, 41
9, 105
9, 42
9, 106
9, 107
9, 43
9, 108
9, 44
9, 45
9, 109
9, 46
9, 110
9, 47
9, 111
9, 112
9, 48
9, 49
9, 113
9, 114
9, 50
9, 115
9, 51
9, 52
9, 116
9, 53
9, 117
9, 54
9, 118
9, 55
9, 119
9, 120
9, 56
9, 121
9, 57
9, 58
9, 122
9, 59
9, 123
9, 60
9, 124
9, 125
9, 61
9, 62
9, 126
9, 127
9, 63
138, 64
138, 128
138, 65
138, 129
138, 1
138, 2
138, 130
138, 66
138, 67
138, 3
138, 131
138, 132
138, 68
138, 4
138, 133
138, 5
138, 69
138, 6
138, 70
138, 134
138, 7
138, 71
138, 135
138, 8
138, 72
138, 136
138, 73
138, 9
138, 137
138, 138
138, 74
138, 10
138, 11
138, 75
138, 139
138, 140
138, 12
138, 76
138, 13
138, 77
138, 141
138, 78
138, 142
138, 14
138, 15
138, 143
138, 79
138, 80
138, 16
138, 144
138, 145
138, 81
138, 17
138, 146
138, 18
138, 82
138, 19
138, 83
138, 147
138, 20
138, 84
138, 148
138, 21
138, 85
138, 149
138, 86
138, 22
138, 150
138, 87
138, 23
138, 24
138, 88
138, 25
138, 89
138, 26
138, 90
138, 91
138, 27
138, 28
138, 92
138, 93
138, 29
138, 94
138, 30
138, 31
138, 95
138, 32
138, 96
138, 33
138, 97
138, 34
138, 98
138, 99
138, 35
138, 100
138, 36
138, 37
138, 101
138, 38
138, 102
138, 39
138, 103
138, 104
138, 40
138, 41
138, 105
138, 106
138, 42
138, 107
138, 43
138, 44
138, 108
138, 45
138, 109
138, 46
138, 110
138, 47
138, 111
138, 112
138, 48
138, 113
138, 49
138, 50
138, 114
138, 51
138, 115
138, 52
138, 116
138, 117
138, 53
138, 54
138, 118
138, 119
138, 55
138, 120
138, 56
138, 57
138, 121
138, 58
138, 122
138, 59
138, 123
138, 60
138, 124
138, 125
138, 61
138, 126
138, 62
138, 63
138, 127
74, 128
74, 64
74, 1
74, 65
74, 129
74, 66
74, 130
74, 2
74, 3
74, 67
74, 131
74, 68
74, 4
74, 132
74, 133
74, 69
74, 5
74, 134
74, 6
74, 70
74, 7
74, 71
74, 135
74, 8
74, 72
74, 136
74, 9
74, 73
74, 137
74, 74
74, 10
74, 138
74, 11
74, 75
74, 139
74, 140
74, 76
74, 12
74, 141
74, 13
74, 77
74, 14
74, 78
74, 142
74, 79
74, 143
74, 15
74, 16
74, 80
74, 144
74, 81
74, 17
74, 145
74, 146
74, 82
74, 18
74, 147
74, 19
74, 83
74, 20
74, 84
74, 148
74, 21
74, 85
74, 149
74, 22
74, 86
74, 150
74, 23
74, 87
74, 88
74, 24
74, 89
74, 25
74, 26
74, 90
74, 27
74, 91
74, 92
74, 28
74, 29
74, 93
74, 94
74, 30
74, 95
74, 31
74, 32
74, 96
74, 33
74, 97
74, 34
74, 98
74, 35
74, 99
74, 36
74, 100
74, 101
74, 37
74, 102
74, 38
74, 39
74, 103
74, 40
74, 104
74, 105
74, 41
74, 42
74, 106
74, 107
74, 43
74, 108
74, 44
74, 45
74, 109
74, 46
74, 110
74, 47
74, 111
74, 48
74, 112
74, 49
74, 113
74, 114
74, 50
74, 115
74, 51
74, 52
74, 116
74, 53
74, 117
74, 118
74, 54
74, 55
74, 119
74, 120
74, 56
74, 121
74, 57
74, 58
74, 122
74, 59
74, 123
74, 60
74, 124
74, 61
74, 125
74, 62
74, 126
74, 127
74, 63
10, 128
10, 64
10, 129
10, 1
10, 65
10, 2
10, 66
10, 130
10, 3
10, 67
10, 131
10, 4
10, 68
10, 132
10, 69
10, 5
10, 133
10, 134
10, 70
10, 6
10, 135
10, 7
10, 71
10, 8
10, 72
10, 136
10, 9
10, 73
10, 137
10, 10
10, 74
10, 138
10, 139
10, 11
10, 75
10, 76
10, 12
10, 140
10, 141
10, 77
10, 13
10, 142
10, 14
10, 78
10, 15
10, 79
10, 143
10, 16
10, 80
10, 144
10, 17
10, 81
10, 145
10, 82
10, 18
10, 146
10, 147
10, 83
10, 19
10, 148
10, 20
10, 84
10, 21
10, 85
10, 149
10, 22
10, 86
10, 150
10, 87
10, 23
10, 24
10, 88
10, 89
10, 25
10, 90
10, 26
10, 27
10, 91
10, 28
10, 92
10, 29
10, 93
10, 30
10, 94
10, 95
10, 31
10, 96
10, 32
10, 33
10, 97
10, 34
10, 98
10, 35
10, 99
10, 100
10, 36
10, 37
10, 101
10, 102
10, 38
10, 103
10, 39
10, 40
10, 104
10, 41
10, 105
10, 42
10, 106
10, 43
10, 107
10, 108
10, 44
10, 109
10, 45
10, 46
10, 110
10, 47
10, 111
10, 48
10, 112
10, 113
10, 49
10, 50
10, 114
10, 115
10, 51
10, 116
10, 52
10, 53
10, 117
10, 54
10, 118
10, 55
10, 119
10, 56
10, 120
10, 121
10, 57
10, 122
10, 58
10, 59
10, 123
10, 60
10, 124
10, 61
10, 125
10, 126
10, 62
10, 63
10, 127
139, 64
139, 128
139, 1
139, 65
139, 129
139, 66
139, 130
139, 2
139, 3
139, 131
139, 67
139, 68
139, 4
139, 132
139, 133
139, 69
139, 5
139, 134
139, 6
139, 70
139, 7
139, 71
139, 135
139, 8
139, 72
139, 136
139, 9
139, 73
139, 137
139, 74
139, 10
139, 138
139, 139
139, 75
139, 11
139, 12
139, 76
139, 140
139, 141
139, 13
139, 77
139, 14
139, 78
139, 142
139, 79
139, 143
139, 15
139, 16
139, 144
139, 80
139, 81
139, 17
139, 145
139, 146
139, 82
139, 18
139, 147
139, 19
139, 83
139, 20
139, 84
139, 148
139, 21
139, 85
139, 149
139, 22
139, 86
139, 150
139, 87
139, 23
139, 88
139, 24
139, 25
139, 89
139, 26
139, 90
139, 27
139, 91
139, 92
139, 28
139, 29
139, 93
139, 94
139, 30
139, 95
139, 31
139, 32
139, 96
139, 33
139, 97
139, 34
139, 98
139, 35
139, 99
139, 100
139, 36
139, 101
139, 37
139, 38
139, 102
139, 39
139, 103
139, 40
139, 104
139, 105
139, 41
139, 42
139, 106
139, 107
139, 43
139, 108
139, 44
139, 45
139, 109
139, 46
139, 110
139, 47
139, 111
139, 48
139, 112
139, 113
139, 49
139, 114
139, 50
139, 51
139, 115
139, 52
139, 116
139, 53
139, 117
139, 118
139, 54
139, 55
139, 119
139, 120
139, 56
139, 121
139, 57
139, 58
139, 122
139, 59
139, 123
139, 60
139, 124
139, 61
139, 125
139, 126
139, 62
139, 127
139, 63
75, 128
75, 64
75, 129
75, 1
75, 65
75, 2
75, 66
75, 130
75, 67
75, 131
75, 3
75, 4
75, 68
75, 132
75, 69
75, 5
75, 133
75, 134
75, 70
75, 6
75, 135
75, 7
75, 71
75, 8
75, 72
75, 136
75, 9
75, 73
75, 137
75, 10
75, 74
75, 138
75, 75
75, 11
75, 139
75, 12
75, 76
75, 140
75, 141
75, 77
75, 13
75, 142
75, 14
75, 78
75, 15
75, 79
75, 143
75, 80
75, 144
75, 16
75, 17
75, 81
75, 145
75, 82
75, 18
75, 146
75, 147
75, 83
75, 19
75, 148
75, 20
75, 84
75, 21
75, 85
75, 149
75, 22
75, 86
75, 150
75, 23
75, 87
75, 24
75, 88
75, 89
75, 25
75, 90
75, 26
75, 27
75, 91
75, 28
75, 92
75, 93
75, 29
75, 30
75, 94
75, 95
75, 31
75, 96
75, 32
75, 33
75, 97
75, 34
75, 98
75, 35
75, 99
75, 36
75, 100
75, 37
75, 101
75, 102
75, 38
75, 103
75, 39
75, 40
75, 104
75, 41
75, 105
75, 106
75, 42
75, 43
75, 107
75, 108
75, 44
75, 109
75, 45
75, 46
75, 110
75, 47
75, 111
75, 48
75, 112
75, 49
75, 113
75, 50
75, 114
75, 115
75, 51
75, 116
75, 52
75, 53
75, 117
75, 54
75, 118
75, 119
75, 55
75, 56
75, 120
75, 121
75, 57
75, 122
75, 58
75, 59
75, 123
75, 60
75, 124
75, 61
75, 125
75, 62
75, 126
75, 63
75, 127
11, 64
11, 128
11, 129
11, 65
11, 1
11, 130
11, 2
11, 66
11, 3
11, 67
11, 131
11, 4
11, 68
11, 132
11, 5
11, 69
11, 133
11, 70
11, 6
11, 134
11, 135
11, 71
11, 7
11, 136
11, 8
11, 72
11, 9
11, 73
11, 137
11, 10
11, 74
11, 138
11, 11
11, 75
11, 139
11, 140
11, 12
11, 76
11, 77
11, 13
11, 141
11, 142
11, 78
11, 14
11, 143
11, 15
11, 79
11, 16
11, 80
11, 144
11, 17
11, 81
11, 145
11, 18
11, 82
11, 146
11, 83
11, 19
11, 147
11, 148
11, 84
11, 20
11, 149
11, 21
11, 85
11, 22
11, 86
11, 150
11, 23
11, 87
11, 88
11, 24
11, 25
11, 89
11, 90
11, 26
11, 91
11, 27
11, 28
11, 92
11, 29
11, 93
11, 30
11, 94
11, 31
11, 95
11, 96
11, 32
11, 97
11, 33
11, 34
11, 98
11, 35
11, 99
11, 36
11, 100
11, 101
11, 37
11, 38
11, 102
11, 103
11, 39
11, 104
11, 40
11, 41
11, 105
11, 42
11, 106
11, 43
11, 107
11, 44
11, 108
11, 109
11, 45
11, 110
11, 46
11, 47
11, 111
11, 48
11, 112
11, 49
11, 113
11, 114
11, 50
11, 51
11, 115
11, 116
11, 52
11, 117
11, 53
11, 54
11, 118
11, 55
11, 119
11, 56
11, 120
11, 57
11, 121
11, 122
11, 58
11, 123
11, 59
11, 60
11, 124
11, 61
11, 125
11, 62
11, 126
11, 127
11, 63
140, 128
140, 64
140, 1
140, 65
140, 129
140, 2
140, 66
140, 130
140, 67
140, 131
140, 3
140, 4
140, 132
140, 68
140, 69
140, 5
140, 133
140, 134
140, 70
140, 6
140, 135
140, 7
140, 71
140, 8
140, 72
140, 136
140, 9
140, 73
140, 137
140, 10
140, 74
140, 138
140, 75
140, 11
140, 139
140, 140
140, 76
140, 12
140, 13
140, 77
140, 141
140, 142
140, 14
140, 78
140, 15
140, 79
140, 143
140, 80
140, 144
140, 16
140, 17
140, 145
140, 81
140, 82
140, 18
140, 146
140, 147
140, 83
140, 19
140, 148
140, 20
140, 84
140, 21
140, 85
140, 149
140, 22
140, 86
140, 150
140, 23
140, 87
140, 88
140, 24
140, 89
140, 25
140, 26
140, 90
140, 27
140, 91
140, 28
140, 92
140, 93
140, 29
140, 30
140, 94
140, 95
140, 31
140, 96
140, 32
140, 33
140, 97
140, 34
140, 98
140, 35
140, 99
140, 36
140, 100
140, 101
140, 37
140, 102
140, 38
140, 39
140, 103
140, 40
140, 104
140, 41
140, 105
140, 106
140, 42
140, 43
140, 107
140, 108
140, 44
140, 109
140, 45
140, 46
140, 110
140, 47
140, 111
140, 48
140, 112
140, 49
140, 113
140, 114
140, 50
140, 115
140, 51
140, 52
140, 116
140, 53
140, 117
140, 54
140, 118
140, 119
140, 55
140, 56
140, 120
140, 121
140, 57
140, 122
140, 58
140, 59
140, 123
140, 60
140, 124
140, 61
140, 125
140, 62
140, 126
140, 127
140, 63
76, 64
76, 128
76, 129
76, 1
76, 65
76, 130
76, 2
76, 66
76, 3
76, 67
76, 131
76, 68
76, 132
76, 4
76, 5
76, 69
76, 133
76, 70
76, 6
76, 134
76, 135
76, 71
76, 7
76, 136
76, 8
76, 72
76, 9
76, 73
76, 137
76, 10
76, 74
76, 138
76, 11
76, 75
76, 139
76, 76
76, 12
76, 140
76, 13
76, 77
76, 141
76, 142
76, 78
76, 14
76, 143
76, 15
76, 79
76, 16
76, 80
76, 144
76, 81
76, 145
76, 17
76, 18
76, 82
76, 146
76, 83
76, 19
76, 147
76, 148
76, 84
76, 20
76, 149
76, 21
76, 85
76, 22
76, 86
76, 150
76, 23
76, 87
76, 24
76, 88
76, 25
76, 89
76, 90
76, 26
76, 91
76, 27
76, 28
76, 92
76, 29
76, 93
76, 94
76, 30
76, 31
76, 95
76, 96
76, 32
76, 97
76, 33
76, 34
76, 98
76, 35
76, 99
76, 36
76, 100
76, 37
76, 101
76, 38
76, 102
76, 103
76, 39
76, 104
76, 40
76, 41
76, 105
76, 42
76, 106
76, 107
76, 43
76, 44
76, 108
76, 109
76, 45
76, 110
76, 46
76, 47
76, 111
76, 48
76, 112
76, 49
76, 113
76, 50
76, 114
76, 51
76, 115
76, 116
76, 52
76, 117
76, 53
76, 54
76, 118
76, 55
76, 119
76, 120
76, 56
76, 57
76, 121
76, 122
76, 58
76, 123
76, 59
76, 60
76, 124
76, 61
76, 125
76, 62
76, 126
76, 63
76, 127
12, 128
12, 64
12, 65
12, 1
12, 129
12, 130
12, 66
12, 2
12, 131
12, 3
12, 67
12, 4
12, 68
12, 132
12, 5
12, 69
12, 133
12, 6
12, 70
12, 134
12, 71
12, 7
12, 135
12, 136
12, 72
12, 8
12, 137
12, 9
12, 73
12, 10
12, 74
12, 138
12, 11
12, 75
12, 139
12, 12
12, 76
12, 140
12, 141
12, 13
12, 77
12, 78
12, 14
12, 142
12, 143
12, 79
12, 15
12, 144
12, 16
12, 80
12, 17
12, 81
12, 145
12, 18
12, 82
12, 146
12, 19
12, 83
12, 147
12, 84
12, 20
12, 148
12, 149
12, 85
12, 21
12, 150
12, 22
12, 86
12, 23
12, 87
12, 24
12, 88
12, 89
12, 25
12, 26
12, 90
12, 91
12, 27
12, 92
12, 28
12, 29
12, 93
12, 30
12, 94
12, 31
12, 95
12, 32
12, 96
12, 97
12, 33
12, 98
12, 34
12, 35
12, 99
12, 36
12, 100
12, 37
12, 101
12, 102
12, 38
12, 39
12, 103
12, 104
12, 40
12, 105
12, 41
12, 42
12, 106
12, 43
12, 107
12, 44
12, 108
12, 45
12, 109
12, 110
12, 46
12, 111
12, 47
12, 48
12, 112
12, 49
12, 113
12, 50
12, 114
12, 115
12, 51
12, 52
12, 116
12, 117
12, 53
12, 118
12, 54
12, 55
12, 119
12, 56
12, 120
12, 57
12, 121
12, 58
12, 122
12, 123
12, 59
12, 124
12, 60
12, 61
12, 125
12, 62
12, 126
12, 63
12, 127
141, 128
141, 64
141, 129
141, 1
141, 65
141, 2
141, 66
141, 130
141, 3
141, 67
141, 131
141, 68
141, 132
141, 4
141, 5
141, 133
141, 69
141, 70
141, 6
141, 134
141, 135
141, 71
141, 7
141, 136
141, 8
141, 72
141, 9
141, 73
141, 137
141, 10
141, 74
141, 138
141, 11
141, 75
141, 139
141, 76
141, 12
141, 140
141, 141
141, 77
141, 13
141, 14
141, 78
141, 142
141, 143
141, 15
141, 79
141, 16
141, 80
141, 144
141, 81
141, 145
141, 17
141, 18
141, 146
141, 82
141, 83
141, 19
141, 147
141, 148
141, 84
141, 20
141, 149
141, 21
141, 85
141, 22
141, 86
141, 150
141, 23
141, 87
141, 24
141, 88
141, 89
141, 25
141, 90
141, 26
141, 27
141, 91
141, 28
141, 92
141, 29
141, 93
141, 94
141, 30
141, 31
141, 95
141, 96
141, 32
141, 97
141, 33
141, 34
141, 98
141, 35
141, 99
141, 36
141, 100
141, 37
141, 101
141, 102
141, 38
141, 103
141, 39
141, 40
141, 104
141, 41
141, 105
141, 42
141, 106
141, 107
141, 43
141, 44
141, 108
141, 109
141, 45
141, 110
141, 46
141, 47
141, 111
141, 48
141, 112
141, 49
141, 113
141, 50
141, 114
141, 115
141, 51
141, 116
141, 52
141, 53
141, 117
141, 54
141, 118
141, 55
141, 119
141, 120
141, 56
141, 57
141, 121
141, 122
141, 58
141, 123
141, 59
141, 60
141, 124
141, 61
141, 125
141, 62
141, 126
141, 63
141, 127
77, 64
77, 128
77, 65
77, 1
77, 129
77, 130
77, 2
77, 66
77, 131
77, 3
77, 67
77, 4
77, 68
77, 132
77, 69
77, 133
77, 5
77, 6
77, 70
77, 134
77, 71
77, 7
77, 135
77, 136
77, 72
77, 8
77, 137
77, 9
77, 73
77, 10
77, 74
77, 138
77, 11
77, 75
77, 139
77, 12
77, 76
77, 140
77, 77
77, 13
77, 141
77, 14
77, 78
77, 142
77, 143
77, 79
77, 15
77, 144
77, 16
77, 80
77, 17
77, 81
77, 145
77, 82
77, 146
77, 18
77, 19
77, 83
77, 147
77, 84
77, 20
77, 148
77, 149
77, 85
77, 21
77, 150
77, 22
77, 86
77, 23
77, 87
77, 24
77, 88
77, 25
77, 89
77, 26
77, 90
77, 91
77, 27
77, 92
77, 28
77, 29
77, 93
77, 30
77, 94
77, 95
77, 31
77, 32
77, 96
77, 97
77, 33
77, 98
77, 34
77, 35
77, 99
77, 36
77, 100
77, 37
77, 101
77, 38
77, 102
77, 39
77, 103
77, 104
77, 40
77, 105
77, 41
77, 42
77, 106
77, 43
77, 107
77, 108
77, 44
77, 45
77, 109
77, 110
77, 46
77, 111
77, 47
77, 48
77, 112
77, 49
77, 113
77, 50
77, 114
77, 51
77, 115
77, 52
77, 116
77, 117
77, 53
77, 118
77, 54
77, 55
77, 119
77, 56
77, 120
77, 121
77, 57
77, 58
77, 122
77, 123
77, 59
77, 124
77, 60
77, 61
77, 125
77, 62
77, 126
77, 63
77, 127
13, 64
13, 128
13, 1
13, 129
13, 65
13, 66
13, 2
13, 130
13, 131
13, 67
13, 3
13, 132
13, 4
13, 68
13, 5
13, 69
13, 133
13, 6
13, 70
13, 134
13, 7
13, 71
13, 135
13, 72
13, 8
13, 136
13, 137
13, 73
13, 9
13, 138
13, 10
13, 74
13, 11
13, 75
13, 139
13, 12
13, 76
13, 140
13, 13
13, 77
13, 141
13, 142
13, 14
13, 78
13, 79
13, 15
13, 143
13, 144
13, 80
13, 16
13, 145
13, 17
13, 81
13, 18
13, 82
13, 146
13, 19
13, 83
13, 147
13, 20
13, 84
13, 148
13, 85
13, 21
13, 149
13, 150
13, 86
13, 22
13, 23
13, 87
13, 24
13, 88
13, 25
13, 89
13, 90
13, 26
13, 27
13, 91
13, 92
13, 28
13, 93
13, 29
13, 30
13, 94
13, 31
13, 95
13, 32
13, 96
13, 33
13, 97
13, 98
13, 34
13, 99
13, 35
13, 36
13, 100
13, 37
13, 101
13, 38
13, 102
13, 103
13, 39
13, 40
13, 104
13, 105
13, 41
13, 106
13, 42
13, 43
13, 107
13, 44
13, 108
13, 45
13, 109
13, 46
13, 110
13, 111
13, 47
13, 112
13, 48
13, 49
13, 113
13, 50
13, 114
13, 51
13, 115
13, 116
13, 52
13, 53
13, 117
13, 118
13, 54
13, 119
13, 55
13, 56
13, 120
13, 57
13, 121
13, 58
13, 122
13, 59
13, 123
13, 124
13, 60
13, 125
13, 61
13, 62
13, 126
13, 63
13, 127
142, 64
142, 128
142, 129
142, 65
142, 1
142, 130
142, 2
142, 66
142, 3
142, 67
142, 131
142, 4
142, 68
142, 132
142, 69
142, 133
142, 5
142, 6
142, 134
142, 70
142, 71
142, 7
142, 135
142, 136
142, 72
142, 8
142, 137
142, 9
142, 73
142, 10
142, 74
142, 138
142, 11
142, 75
142, 139
142, 12
142, 76
142, 140
142, 77
142, 13
142, 141
142, 142
142, 78
142, 14
142, 15
142, 79
142, 143
142, 144
142, 16
142, 80
142, 17
142, 81
142, 145
142, 82
142, 146
142, 18
142, 19
142, 147
142, 83
142, 84
142, 20
142, 148
142, 149
142, 85
142, 21
142, 150
142, 22
142, 86
142, 23
142, 87
142, 24
142, 88
142, 25
142, 89
142, 90
142, 26
142, 91
142, 27
142, 28
142, 92
142, 29
142, 93
142, 30
142, 94
142, 95
142, 31
142, 32
142, 96
142, 97
142, 33
142, 98
142, 34
142, 35
142, 99
142, 36
142, 100
142, 37
142, 101
142, 38
142, 102
142, 103
142, 39
142, 104
142, 40
142, 41
142, 105
142, 42
142, 106
142, 43
142, 107
142, 108
142, 44
142, 45
142, 109
142, 110
142, 46
142, 111
142, 47
142, 48
142, 112
142, 49
142, 113
142, 50
142, 114
142, 51
142, 115
142, 116
142, 52
142, 117
142, 53
142, 54
142, 118
142, 55
142, 119
142, 56
142, 120
142, 121
142, 57
142, 58
142, 122
142, 123
142, 59
142, 124
142, 60
142, 61
142, 125
142, 62
142, 126
142, 63
142, 127
78, 64
78, 128
78, 65
78, 1
78, 129
78, 66
78, 2
78, 130
78, 131
78, 3
78, 67
78, 132
78, 4
78, 68
78, 5
78, 69
78, 133
78, 70
78, 134
78, 6
78, 7
78, 71
78, 135
78, 72
78, 8
78, 136
78, 137
78, 73
78, 9
78, 138
78, 10
78, 74
78, 11
78, 75
78, 139
78, 12
78, 76
78, 140
78, 13
78, 77
78, 141
78, 78
78, 14
78, 142
78, 15
78, 79
78, 143
78, 144
78, 80
78, 16
78, 145
78, 17
78, 81
78, 18
78, 82
78, 146
78, 83
78, 147
78, 19
78, 20
78, 84
78, 148
78, 85
78, 21
78, 149
78, 150
78, 86
78, 22
78, 23
78, 87
78, 24
78, 88
78, 25
78, 89
78, 26
78, 90
78, 27
78, 91
78, 92
78, 28
78, 93
78, 29
78, 30
78, 94
78, 31
78, 95
78, 96
78, 32
78, 33
78, 97
78, 98
78, 34
78, 99
78, 35
78, 36
78, 100
78, 37
78, 101
78, 38
78, 102
78, 39
78, 103
78, 40
78, 104
78, 105
78, 41
78, 106
78, 42
78, 43
78, 107
78, 44
78, 108
78, 109
78, 45
78, 46
78, 110
78, 111
78, 47
78, 112
78, 48
78, 49
78, 113
78, 50
78, 114
78, 51
78, 115
78, 52
78, 116
78, 53
78, 117
78, 118
78, 54
78, 119
78, 55
78, 56
78, 120
78, 57
78, 121
78, 122
78, 58
78, 59
78, 123
78, 124
78, 60
78, 125
78, 61
78, 62
78, 126
78, 63
78, 127
14, 64
14, 128
14, 1
14, 65
14, 129
14, 2
14, 130
14, 66
14, 67
14, 3
14, 131
14, 132
14, 68
14, 4
14, 133
14, 5
14, 69
14, 6
14, 70
14, 134
14, 7
14, 71
14, 135
14, 8
14, 72
14, 136
14, 73
14, 9
14, 137
14, 138
14, 74
14, 10
14, 139
14, 11
14, 75
14, 12
14, 76
14, 140
14, 13
14, 77
14, 141
14, 14
14, 78
14, 142
14, 143
14, 15
14, 79
14, 80
14, 16
14, 144
14, 145
14, 81
14, 17
14, 146
14, 18
14, 82
14, 19
14, 83
14, 147
14, 20
14, 84
14, 148
14, 21
14, 85
14, 149
14, 86
14, 22
14, 150
14, 87
14, 23
14, 24
14, 88
14, 25
14, 89
14, 26
14, 90
14, 91
14, 27
14, 28
14, 92
14, 93
14, 29
14, 94
14, 30
14, 31
14, 95
14, 32
14, 96
14, 33
14, 97
14, 34
14, 98
14, 99
14, 35
14, 100
14, 36
14, 37
14, 101
14, 38
14, 102
14, 39
14, 103
14, 104
14, 40
14, 41
14, 105
14, 106
14, 42
14, 107
14, 43
14, 44
14, 108
14, 45
14, 109
14, 46
14, 110
14, 47
14, 111
14, 112
14, 48
14, 113
14, 49
14, 50
14, 114
14, 51
14, 115
14, 52
14, 116
14, 117
14, 53
14, 54
14, 118
14, 119
14, 55
14, 120
14, 56
14, 57
14, 121
14, 58
14, 122
14, 59
14, 123
14, 60
14, 124
14, 125
14, 61
14, 126
14, 62
14, 63
14, 127
143, 64
143, 128
143, 65
143, 1
143, 129
143, 130
143, 66
143, 2
143, 131
143, 3
143, 67
143, 4
143, 68
143, 132
143, 5
143, 69
143, 133
143, 70
143, 134
143, 6
143, 7
143, 135
143, 71
143, 72
143, 8
143, 136
143, 137
143, 73
143, 9
143, 138
143, 10
143, 74
143, 11
143, 75
143, 139
143, 12
143, 76
143, 140
143, 13
143, 77
143, 141
143, 78
143, 14
143, 142
143, 143
143, 79
143, 15
143, 16
143, 80
143, 144
143, 145
143, 17
143, 81
143, 18
143, 82
143, 146
143, 83
143, 147
143, 19
143, 20
143, 148
143, 84
143, 85
143, 21
143, 149
143, 150
143, 86
143, 22
143, 23
143, 87
143, 24
143, 88
143, 25
143, 89
143, 26
143, 90
143, 91
143, 27
143, 92
143, 28
143, 29
143, 93
143, 30
143, 94
143, 31
143, 95
143, 96
143, 32
143, 33
143, 97
143, 98
143, 34
143, 99
143, 35
143, 36
143, 100
143, 37
143, 101
143, 38
143, 102
143, 39
143, 103
143, 104
143, 40
143, 105
143, 41
143, 42
143, 106
143, 43
143, 107
143, 44
143, 108
143, 109
143, 45
143, 46
143, 110
143, 111
143, 47
143, 112
143, 48
143, 49
143, 113
143, 50
143, 114
143, 51
143, 115
143, 52
143, 116
143, 117
143, 53
143, 118
143, 54
143, 55
143, 119
143, 56
143, 120
143, 57
143, 121
143, 122
143, 58
143, 59
143, 123
143, 124
143, 60
143, 125
143, 61
143, 62
143, 126
143, 63
143, 127
79, 64
79, 128
79, 1
79, 65
79, 129
79, 66
79, 2
79, 130
79, 3
79, 67
79, 131
79, 132
79, 4
79, 68
79, 133
79, 5
79, 69
79, 6
79, 70
79, 134
79, 71
79, 135
79, 7
79, 8
79, 72
79, 136
79, 73
79, 9
79, 137
79, 138
79, 74
79, 10
79, 139
79, 11
79, 75
79, 12
79, 76
79, 140
79, 13
79, 77
79, 141
79, 14
79, 78
79, 142
79, 79
79, 15
79, 143
79, 16
79, 80
79, 144
79, 145
79, 81
79, 17
79, 146
79, 18
79, 82
79, 19
79, 83
79, 147
79, 84
79, 148
79, 20
79, 21
79, 85
79, 149
79, 86
79, 22
79, 150
79, 87
79, 23
79, 24
79, 88
79, 25
79, 89
79, 26
79, 90
79, 27
79, 91
79, 28
79, 92
79, 93
79, 29
79, 94
79, 30
79, 31
79, 95
79, 32
79, 96
79, 97
79, 33
79, 34
79, 98
79, 99
79, 35
79, 100
79, 36
79, 37
79, 101
79, 38
79, 102
79, 39
79, 103
79, 40
79, 104
79, 41
79, 105
79, 106
79, 42
79, 107
79, 43
79, 44
79, 108
79, 45
79, 109
79, 110
79, 46
79, 47
79, 111
79, 112
79, 48
79, 113
79, 49
79, 50
79, 114
79, 51
79, 115
79, 52
79, 116
79, 53
79, 117
79, 54
79, 118
79, 119
79, 55
79, 120
79, 56
79, 57
79, 121
79, 58
79, 122
79, 123
79, 59
79, 60
79, 124
79, 125
79, 61
79, 126
79, 62
79, 63
79, 127
15, 64
15, 128
15, 1
15, 65
15, 129
15, 2
15, 66
15, 130
15, 3
15, 131
15, 67
15, 68
15, 4
15, 132
15, 133
15, 69
15, 5
15, 134
15, 6
15, 70
15, 7
15, 71
15, 135
15, 8
15, 72
15, 136
15, 9
15, 73
15, 137
15, 74
15, 10
15, 138
15, 139
15, 75
15, 11
15, 140
15, 12
15, 76
15, 13
15, 77
15, 141
15, 14
15, 78
15, 142
15, 15
15, 79
15, 143
15, 144
15, 16
15, 80
15, 81
15, 17
15, 145
15, 146
15, 82
15, 18
15, 147
15, 19
15, 83
15, 20
15, 84
15, 148
15, 21
15, 85
15, 149
15, 22
15, 86
15, 150
15, 87
15, 23
15, 88
15, 24
15, 25
15, 89
15, 26
15, 90
15, 27
15, 91
15, 92
15, 28
15, 29
15, 93
15, 94
15, 30
15, 95
15, 31
15, 32
15, 96
15, 33
15, 97
15, 34
15, 98
15, 35
15, 99
15, 100
15, 36
15, 101
15, 37
15, 38
15, 102
15, 39
15, 103
15, 40
15, 104
15, 105
15, 41
15, 42
15, 106
15, 107
15, 43
15, 108
15, 44
15, 45
15, 109
15, 46
15, 110
15, 47
15, 111
15, 48
15, 112
15, 113
15, 49
15, 114
15, 50
15, 51
15, 115
15, 52
15, 116
15, 53
15, 117
15, 118
15, 54
15, 55
15, 119
15, 120
15, 56
15, 121
15, 57
15, 58
15, 122
15, 59
15, 123
15, 60
15, 124
15, 61
15, 125
15, 126
15, 62
15, 127
15, 63
144, 64
144, 128
144, 1
144, 65
144, 129
144, 66
144, 2
144, 130
144, 131
144, 3
144, 67
144, 132
144, 4
144, 68
144, 5
144, 69
144, 133
144, 6
144, 70
144, 134
144, 71
144, 135
144, 7
144, 8
144, 136
144, 72
144, 73
144, 9
144, 137
144, 138
144, 74
144, 10
144, 139
144, 11
144, 75
144, 12
144, 76
144, 140
144, 13
144, 77
144, 141
144, 14
144, 78
144, 142
144, 79
144, 15
144, 143
144, 80
144, 144
144, 16
144, 17
144, 81
144, 145
144, 146
144, 18
144, 82
144, 19
144, 83
144, 147
144, 84
144, 148
144, 20
144, 21
144, 149
144, 85
144, 86
144, 22
144, 150
144, 87
144, 23
144, 24
144, 88
144, 25
144, 89
144, 26
144, 90
144, 27
144, 91
144, 92
144, 28
144, 93
144, 29
144, 30
144, 94
144, 31
144, 95
144, 32
144, 96
144, 97
144, 33
144, 34
144, 98
144, 99
144, 35
144, 100
144, 36
144, 37
144, 101
144, 38
144, 102
144, 39
144, 103
144, 40
144, 104
144, 105
144, 41
144, 106
144, 42
144, 43
144, 107
144, 44
144, 108
144, 45
144, 109
144, 110
144, 46
144, 47
144, 111
144, 112
144, 48
144, 113
144, 49
144, 50
144, 114
144, 51
144, 115
144, 52
144, 116
144, 53
144, 117
144, 118
144, 54
144, 119
144, 55
144, 56
144, 120
144, 57
144, 121
144, 58
144, 122
144, 123
144, 59
144, 60
144, 124
144, 125
144, 61
144, 126
144, 62
144, 63
144, 127
80, 64
80, 128
80, 1
80, 65
80, 129
80, 2
80, 66
80, 130
80, 67
80, 3
80, 131
80, 68
80, 4
80, 132
80, 133
80, 5
80, 69
80, 134
80, 6
80, 70
80, 7
80, 71
80, 135
80, 72
80, 136
80, 8
80, 9
80, 73
80, 137
80, 74
80, 10
80, 138
80, 139
80, 75
80, 11
80, 140
80, 12
80, 76
80, 13
80, 77
80, 141
80, 14
80, 78
80, 142
80, 15
80, 79
80, 143
80, 80
80, 16
80, 144
80, 17
80, 81
80, 145
80, 146
80, 82
80, 18
80, 147
80, 19
80, 83
80, 20
80, 84
80, 148
80, 85
80, 149
80, 21
80, 22
80, 86
80, 150
80, 87
80, 23
80, 88
80, 24
80, 25
80, 89
80, 26
80, 90
80, 27
80, 91
80, 28
80, 92
80, 29
80, 93
80, 94
80, 30
80, 95
80, 31
80, 32
80, 96
80, 33
80, 97
80, 98
80, 34
80, 35
80, 99
80, 100
80, 36
80, 101
80, 37
80, 38
80, 102
80, 39
80, 103
80, 40
80, 104
80, 41
80, 105
80, 42
80, 106
80, 107
80, 43
80, 108
80, 44
80, 45
80, 109
80, 46
80, 110
80, 111
80, 47
80, 48
80, 112
80, 113
80, 49
80, 114
80, 50
80, 51
80, 115
80, 52
80, 116
80, 53
80, 117
80, 54
80, 118
80, 55
80, 119
80, 120
80, 56
80, 121
80, 57
80, 58
80, 122
80, 59
80, 123
80, 124
80, 60
80, 61
80, 125
80, 126
80, 62
80, 127
80, 63
16, 128
16, 64
16, 1
16, 65
16, 129
16, 2
16, 66
16, 130
16, 3
16, 67
16, 131
16, 4
16, 132
16, 68
16, 69
16, 5
16, 133
16, 134
16, 70
16, 6
16, 135
16, 7
16, 71
16, 8
16, 72
16, 136
16, 9
16, 73
16, 137
16, 10
16, 74
16, 138
16, 75
16, 11
16, 139
16, 140
16, 76
16, 12
16, 141
16, 13
16, 77
16, 14
16, 78
16, 142
16, 15
16, 79
16, 143
16, 16
16, 80
16, 144
16, 145
16, 17
16, 81
16, 82
16, 18
16, 146
16, 147
16, 83
16, 19
16, 148
16, 20
16, 84
16, 21
16, 85
16, 149
16, 22
16, 86
16, 150
16, 23
16, 87
16, 88
16, 24
16, 89
16, 25
16, 26
16, 90
16, 27
16, 91
16, 28
16, 92
16, 93
16, 29
16, 30
16, 94
16, 95
16, 31
16, 96
16, 32
16, 33
16, 97
16, 34
16, 98
16, 35
16, 99
16, 36
16, 100
16, 101
16, 37
16, 102
16, 38
16, 39
16, 103
16, 40
16, 104
16, 41
16, 105
16, 106
16, 42
16, 43
16, 107
16, 108
16, 44
16, 109
16, 45
16, 46
16, 110
16, 47
16, 111
16, 48
16, 112
16, 49
16, 113
16, 114
16, 50
16, 115
16, 51
16, 52
16, 116
16, 53
16, 117
16, 54
16, 118
16, 119
16, 55
16, 56
16, 120
16, 121
16, 57
16, 122
16, 58
16, 59
16, 123
16, 60
16, 124
16, 61
16, 125
16, 62
16, 126
16, 127
16, 63
145, 64
145, 128
145, 1
145, 65
145, 129
145, 2
145, 66
145, 130
145, 67
145, 3
145, 131
145, 132
145, 68
145, 4
145, 133
145, 5
145, 69
145, 6
145, 70
145, 134
145, 7
145, 71
145, 135
145, 72
145, 136
145, 8
145, 9
145, 137
145, 73
145, 74
145, 10
145, 138
145, 139
145, 75
145, 11
145, 140
145, 12
145, 76
145, 13
145, 77
145, 141
145, 14
145, 78
145, 142
145, 15
145, 79
145, 143
145, 80
145, 16
145, 144
145, 145
145, 81
145, 17
145, 18
145, 82
145, 146
145, 147
145, 19
145, 83
145, 20
145, 84
145, 148
145, 85
145, 149
145, 21
145, 22
145, 150
145, 86
145, 87
145, 23
145, 88
145, 24
145, 25
145, 89
145, 26
145, 90
145, 27
145, 91
145, 28
145, 92
145, 93
145, 29
145, 94
145, 30
145, 31
145, 95
145, 32
145, 96
145, 33
145, 97
145, 98
145, 34
145, 35
145, 99
145, 100
145, 36
145, 101
145, 37
145, 38
145, 102
145, 39
145, 103
145, 40
145, 104
145, 41
145, 105
145, 106
145, 42
145, 107
145, 43
145, 44
145, 108
145, 45
145, 109
145, 46
145, 110
145, 111
145, 47
145, 48
145, 112
145, 113
145, 49
145, 114
145, 50
145, 51
145, 115
145, 52
145, 116
145, 53
145, 117
145, 54
145, 118
145, 119
145, 55
145, 120
145, 56
145, 57
145, 121
145, 58
145, 122
145, 59
145, 123
145, 124
145, 60
145, 61
145, 125
145, 126
145, 62
145, 127
145, 63
81, 128
81, 64
81, 1
81, 65
81, 129
81, 2
81, 66
81, 130
81, 3
81, 67
81, 131
81, 68
81, 4
81, 132
81, 69
81, 5
81, 133
81, 134
81, 6
81, 70
81, 135
81, 7
81, 71
81, 8
81, 72
81, 136
81, 73
81, 137
81, 9
81, 10
81, 74
81, 138
81, 75
81, 11
81, 139
81, 140
81, 76
81, 12
81, 141
81, 13
81, 77
81, 14
81, 78
81, 142
81, 15
81, 79
81, 143
81, 16
81, 80
81, 144
81, 81
81, 17
81, 145
81, 18
81, 82
81, 146
81, 147
81, 83
81, 19
81, 148
81, 20
81, 84
81, 21
81, 85
81, 149
81, 86
81, 150
81, 22
81, 23
81, 87
81, 88
81, 24
81, 89
81, 25
81, 26
81, 90
81, 27
81, 91
81, 28
81, 92
81, 29
81, 93
81, 30
81, 94
81, 95
81, 31
81, 96
81, 32
81, 33
81, 97
81, 34
81, 98
81, 99
81, 35
81, 36
81, 100
81, 101
81, 37
81, 102
81, 38
81, 39
81, 103
81, 40
81, 104
81, 41
81, 105
81, 42
81, 106
81, 43
81, 107
81, 108
81, 44
81, 109
81, 45
81, 46
81, 110
81, 47
81, 111
81, 112
81, 48
81, 49
81, 113
81, 114
81, 50
81, 115
81, 51
81, 52
81, 116
81, 53
81, 117
81, 54
81, 118
81, 55
81, 119
81, 56
81, 120
81, 121
81, 57
81, 122
81, 58
81, 59
81, 123
81, 60
81, 124
81, 125
81, 61
81, 62
81, 126
81, 127
81, 63
17, 128
17, 64
17, 129
17, 1
17, 65
17, 2
17, 66
17, 130
17, 3
17, 67
17, 131
17, 4
17, 68
17, 132
17, 5
17, 133
17, 69
17, 70
17, 6
17, 134
17, 135
17, 71
17, 7
17, 136
17, 8
17, 72
17, 9
17, 73
17, 137
17, 10
17, 74
17, 138
17, 11
17, 75
17, 139
17, 76
17, 12
17, 140
17, 141
17, 77
17, 13
17, 142
17, 14
17, 78
17, 15
17, 79
17, 143
17, 16
17, 80
17, 144
17, 17
17, 81
17, 145
17, 146
17, 18
17, 82
17, 83
17, 19
17, 147
17, 148
17, 84
17, 20
17, 149
17, 21
17, 85
17, 22
17, 86
17, 150
17, 23
17, 87
17, 24
17, 88
17, 89
17, 25
17, 90
17, 26
17, 27
17, 91
17, 28
17, 92
17, 29
17, 93
17, 94
17, 30
17, 31
17, 95
17, 96
17, 32
17, 97
17, 33
17, 34
17, 98
17, 35
17, 99
17, 36
17, 100
17, 37
17, 101
17, 102
17, 38
17, 103
17, 39
17, 40
17, 104
17, 41
17, 105
17, 42
17, 106
17, 107
17, 43
17, 44
17, 108
17, 109
17, 45
17, 110
17, 46
17, 47
17, 111
17, 48
17, 112
17, 49
17, 113
17, 50
17, 114
17, 115
17, 51
17, 116
17, 52
17, 53
17, 117
17, 54
17, 118
17, 55
17, 119
17, 120
17, 56
17, 57
17, 121
17, 122
17, 58
17, 123
17, 59
17, 60
17, 124
17, 61
17, 125
17, 62
17, 126
17, 63
17, 127
146, 128
146, 64
146, 1
146, 65
146, 129
146, 2
146, 66
146, 130
146, 3
146, 67
146, 131
146, 68
146, 4
146, 132
146, 133
146, 69
146, 5
146, 134
146, 6
146, 70
146, 7
146, 71
146, 135
146, 8
146, 72
146, 136
146, 73
146, 137
146, 9
146, 10
146, 138
146, 74
146, 75
146, 11
146, 139
146, 140
146, 76
146, 12
146, 141
146, 13
146, 77
146, 14
146, 78
146, 142
146, 15
146, 79
146, 143
146, 16
146, 80
146, 144
146, 81
146, 17
146, 145
146, 146
146, 82
146, 18
146, 19
146, 83
146, 147
146, 148
146, 20
146, 84
146, 21
146, 85
146, 149
146, 86
146, 150
146, 22
146, 23
146, 87
146, 88
146, 24
146, 89
146, 25
146, 26
146, 90
146, 27
146, 91
146, 28
146, 92
146, 29
146, 93
146, 94
146, 30
146, 95
146, 31
146, 32
146, 96
146, 33
146, 97
146, 34
146, 98
146, 99
146, 35
146, 36
146, 100
146, 101
146, 37
146, 102
146, 38
146, 39
146, 103
146, 40
146, 104
146, 41
146, 105
146, 42
146, 106
146, 107
146, 43
146, 108
146, 44
146, 45
146, 109
146, 46
146, 110
146, 47
146, 111
146, 112
146, 48
146, 49
146, 113
146, 114
146, 50
146, 115
146, 51
146, 52
146, 116
146, 53
146, 117
146, 54
146, 118
146, 55
146, 119
146, 120
146, 56
146, 121
146, 57
146, 58
146, 122
146, 59
146, 123
146, 60
146, 124
146, 125
146, 61
146, 62
146, 126
146, 127
146, 63
82, 128
82, 64
82, 129
82, 1
82, 65
82, 2
82, 66
82, 130
82, 3
82, 67
82, 131
82, 4
82, 68
82, 132
82, 69
82, 5
82, 133
82, 70
82, 6
82, 134
82, 135
82, 7
82, 71
82, 136
82, 8
82, 72
82, 9
82, 73
82, 137
82, 74
82, 138
82, 10
82, 11
82, 75
82, 139
82, 76
82, 12
82, 140
82, 141
82, 77
82, 13
82, 142
82, 14
82, 78
82, 15
82, 79
82, 143
82, 16
82, 80
82, 144
82, 17
82, 81
82, 145
82, 82
82, 18
82, 146
82, 19
82, 83
82, 147
82, 148
82, 84
82, 20
82, 149
82, 21
82, 85
82, 22
82, 86
82, 150
82, 87
82, 23
82, 24
82, 88
82, 89
82, 25
82, 90
82, 26
82, 27
82, 91
82, 28
82, 92
82, 29
82, 93
82, 30
82, 94
82, 31
82, 95
82, 96
82, 32
82, 97
82, 33
82, 34
82, 98
82, 35
82, 99
82, 100
82, 36
82, 37
82, 101
82, 102
82, 38
82, 103
82, 39
82, 40
82, 104
82, 41
82, 105
82, 42
82, 106
82, 43
82, 107
82, 44
82, 108
82, 109
82, 45
82, 110
82, 46
82, 47
82, 111
82, 48
82, 112
82, 113
82, 49
82, 50
82, 114
82, 115
82, 51
82, 116
82, 52
82, 53
82, 117
82, 54
82, 118
82, 55
82, 119
82, 56
82, 120
82, 57
82, 121
82, 122
82, 58
82, 123
82, 59
82, 60
82, 124
82, 61
82, 125
82, 126
82, 62
82, 63
82, 127
18, 64
18, 128
18, 129
18, 65
18, 1
18, 130
18, 2
18, 66
18, 3
18, 67
18, 131
18, 4
18, 68
18, 132
18, 5
18, 69
18, 133
18, 6
18, 134
18, 70
18, 71
18, 7
18, 135
18, 136
18, 72
18, 8
18, 137
18, 9
18, 73
18, 10
18, 74
18, 138
18, 11
18, 75
18, 139
18, 12
18, 76
18, 140
18, 77
18, 13
18, 141
18, 142
18, 78
18, 14
18, 143
18, 15
18, 79
18, 16
18, 80
18, 144
18, 17
18, 81
18, 145
18, 18
18, 82
18, 146
18, 147
18, 19
18, 83
18, 84
18, 20
18, 148
18, 149
18, 85
18, 21
18, 150
18, 22
18, 86
18, 23
18, 87
18, 24
18, 88
18, 25
18, 89
18, 90
18, 26
18, 91
18, 27
18, 28
18, 92
18, 29
18, 93
18, 30
18, 94
18, 95
18, 31
18, 32
18, 96
18, 97
18, 33
18, 98
18, 34
18, 35
18, 99
18, 36
18, 100
18, 37
18, 101
18, 38
18, 102
18, 103
18, 39
18, 104
18, 40
18, 41
18, 105
18, 42
18, 106
18, 43
18, 107
18, 108
18, 44
18, 45
18, 109
18, 110
18, 46
18, 111
18, 47
18, 48
18, 112
18, 49
18, 113
18, 50
18, 114
18, 51
18, 115
18, 116
18, 52
18, 117
18, 53
18, 54
18, 118
18, 55
18, 119
18, 56
18, 120
18, 121
18, 57
18, 58
18, 122
18, 123
18, 59
18, 124
18, 60
18, 61
18, 125
18, 62
18, 126
18, 63
18, 127
147, 128
147, 64
147, 129
147, 1
147, 65
147, 2
147, 66
147, 130
147, 3
147, 67
147, 131
147, 4
147, 68
147, 132
147, 69
147, 5
147, 133
147, 134
147, 70
147, 6
147, 135
147, 7
147, 71
147, 8
147, 72
147, 136
147, 9
147, 73
147, 137
147, 74
147, 138
147, 10
147, 11
147, 139
147, 75
147, 76
147, 12
147, 140
147, 141
147, 77
147, 13
147, 142
147, 14
147, 78
147, 15
147, 79
147, 143
147, 16
147, 80
147, 144
147, 17
147, 81
147, 145
147, 82
147, 18
147, 146
147, 147
147, 83
147, 19
147, 20
147, 84
147, 148
147, 149
147, 21
147, 85
147, 22
147, 86
147, 150
147, 87
147, 23
147, 24
147, 88
147, 89
147, 25
147, 90
147, 26
147, 27
147, 91
147, 28
147, 92
147, 29
147, 93
147, 30
147, 94
147, 95
147, 31
147, 96
147, 32
147, 33
147, 97
147, 34
147, 98
147, 35
147, 99
147, 100
147, 36
147, 37
147, 101
147, 102
147, 38
147, 103
147, 39
147, 40
147, 104
147, 41
147, 105
147, 42
147, 106
147, 43
147, 107
147, 108
147, 44
147, 109
147, 45
147, 46
147, 110
147, 47
147, 111
147, 48
147, 112
147, 113
147, 49
147, 50
147, 114
147, 115
147, 51
147, 116
147, 52
147, 53
147, 117
147, 54
147, 118
147, 55
147, 119
147, 56
147, 120
147, 121
147, 57
147, 122
147, 58
147, 59
147, 123
147, 60
147, 124
147, 61
147, 125
147, 126
147, 62
147, 63
147, 127
83, 64
83, 128
83, 129
83, 65
83, 1
83, 130
83, 2
83, 66
83, 3
83, 67
83, 131
83, 4
83, 68
83, 132
83, 5
83, 69
83, 133
83, 70
83, 6
83, 134
83, 71
83, 7
83, 135
83, 136
83, 8
83, 72
83, 137
83, 9
83, 73
83, 10
83, 74
83, 138
83, 75
83, 139
83, 11
83, 12
83, 76
83, 140
83, 77
83, 13
83, 141
83, 142
83, 78
83, 14
83, 143
83, 15
83, 79
83, 16
83, 80
83, 144
83, 17
83, 81
83, 145
83, 18
83, 82
83, 146
83, 83
83, 19
83, 147
83, 20
83, 84
83, 148
83, 149
83, 85
83, 21
83, 150
83, 22
83, 86
83, 23
83, 87
83, 88
83, 24
83, 25
83, 89
83, 90
83, 26
83, 91
83, 27
83, 28
83, 92
83, 29
83, 93
83, 30
83, 94
83, 31
83, 95
83, 32
83, 96
83, 97
83, 33
83, 98
83, 34
83, 35
83, 99
83, 36
83, 100
83, 101
83, 37
83, 38
83, 102
83, 103
83, 39
83, 104
83, 40
83, 41
83, 105
83, 42
83, 106
83, 43
83, 107
83, 44
83, 108
83, 45
83, 109
83, 110
83, 46
83, 111
83, 47
83, 48
83, 112
83, 49
83, 113
83, 114
83, 50
83, 51
83, 115
83, 116
83, 52
83, 117
83, 53
83, 54
83, 118
83, 55
83, 119
83, 56
83, 120
83, 57
83, 121
83, 58
83, 122
83, 123
83, 59
83, 124
83, 60
83, 61
83, 125
83, 62
83, 126
83, 127
83, 63
19, 64
19, 128
19, 65
19, 1
19, 129
19, 130
19, 66
19, 2
19, 131
19, 3
19, 67
19, 4
19, 68
19, 132
19, 5
19, 69
19, 133
19, 6
19, 70
19, 134
19, 7
19, 135
19, 71
19, 72
19, 8
19, 136
19, 137
19, 73
19, 9
19, 138
19, 10
19, 74
19, 11
19, 75
19, 139
19, 12
19, 76
19, 140
19, 13
19, 77
19, 141
19, 78
19, 14
19, 142
19, 143
19, 79
19, 15
19, 144
19, 16
19, 80
19, 17
19, 81
19, 145
19, 18
19, 82
19, 146
19, 19
19, 83
19, 147
19, 148
19, 20
19, 84
19, 85
19, 21
19, 149
19, 150
19, 86
19, 22
19, 23
19, 87
19, 24
19, 88
19, 25
19, 89
19, 26
19, 90
19, 91
19, 27
19, 92
19, 28
19, 29
19, 93
19, 30
19, 94
19, 31
19, 95
19, 96
19, 32
19, 33
19, 97
19, 98
19, 34
19, 99
19, 35
19, 36
19, 100
19, 37
19, 101
19, 38
19, 102
19, 39
19, 103
19, 104
19, 40
19, 105
19, 41
19, 42
19, 106
19, 43
19, 107
19, 44
19, 108
19, 109
19, 45
19, 46
19, 110
19, 111
19, 47
19, 112
19, 48
19, 49
19, 113
19, 50
19, 114
19, 51
19, 115
19, 52
19, 116
19, 117
19, 53
19, 118
19, 54
19, 55
19, 119
19, 56
19, 120
19, 57
19, 121
19, 122
19, 58
19, 59
19, 123
19, 124
19, 60
19, 125
19, 61
19, 62
19, 126
19, 63
19, 127
148, 64
148, 128
148, 129
148, 65
148, 1
148, 130
148, 2
148, 66
148, 3
148, 67
148, 131
148, 4
148, 68
148, 132
148, 5
148, 69
148, 133
148, 70
148, 6
148, 134
148, 135
148, 71
148, 7
148, 136
148, 8
148, 72
148, 9
148, 73
148, 137
148, 10
148, 74
148, 138
148, 75
148, 139
148, 11
148, 12
148, 140
148, 76
148, 77
148, 13
148, 141
148, 142
148, 78
148, 14
148, 143
148, 15
148, 79
148, 16
148, 80
148, 144
148, 17
148, 81
148, 145
148, 18
148, 82
148, 146
148, 83
148, 19
148, 147
148, 148
148, 84
148, 20
148, 21
148, 85
148, 149
148, 150
148, 22
148, 86
148, 23
148, 87
148, 88
148, 24
148, 25
148, 89
148, 90
148, 26
148, 91
148, 27
148, 28
148, 92
148, 29
148, 93
148, 30
148, 94
148, 31
148, 95
148, 96
148, 32
148, 97
148, 33
148, 34
148, 98
148, 35
148, 99
148, 36
148, 100
148, 101
148, 37
148, 38
148, 102
148, 103
148, 39
148, 104
148, 40
148, 41
148, 105
148, 42
148, 106
148, 43
148, 107
148, 44
148, 108
148, 109
148, 45
148, 110
148, 46
148, 47
148, 111
148, 48
148, 112
148, 49
148, 113
148, 114
148, 50
148, 51
148, 115
148, 116
148, 52
148, 117
148, 53
148, 54
148, 118
148, 55
148, 119
148, 56
148, 120
148, 57
148, 121
148, 122
148, 58
148, 123
148, 59
148, 60
148, 124
148, 61
148, 125
148, 62
148, 126
148, 127
148, 63
84, 128
84, 64
84, 65
84, 1
84, 129
84, 130
84, 66
84, 2
84, 131
84, 3
84, 67
84, 4
84, 68
84, 132
84, 5
84, 69
84, 133
84, 6
84, 70
84, 134
84, 71
84, 7
84, 135
84, 72
84, 8
84, 136
84, 137
84, 9
84, 73
84, 138
84, 10
84, 74
84, 11
84, 75
84, 139
84, 76
84, 140
84, 12
84, 13
84, 77
84, 141
84, 78
84, 14
84, 142
84, 143
84, 79
84, 15
84, 144
84, 16
84, 80
84, 17
84, 81
84, 145
84, 18
84, 82
84, 146
84, 19
84, 83
84, 147
84, 84
84, 20
84, 148
84, 21
84, 85
84, 149
84, 150
84, 86
84, 22
84, 23
84, 87
84, 24
84, 88
84, 89
84, 25
84, 26
84, 90
84, 91
84, 27
84, 92
84, 28
84, 29
84, 93
84, 30
84, 94
84, 31
84, 95
84, 32
84, 96
84, 33
84, 97
84, 98
84, 34
84, 99
84, 35
84, 36
84, 100
84, 37
84, 101
84, 102
84, 38
84, 39
84, 103
84, 104
84, 40
84, 105
84, 41
84, 42
84, 106
84, 43
84, 107
84, 44
84, 108
84, 45
84, 109
84, 46
84, 110
84, 111
84, 47
84, 112
84, 48
84, 49
84, 113
84, 50
84, 114
84, 115
84, 51
84, 52
84, 116
84, 117
84, 53
84, 118
84, 54
84, 55
84, 119
84, 56
84, 120
84, 57
84, 121
84, 58
84, 122
84, 59
84, 123
84, 124
84, 60
84, 125
84, 61
84, 62
84, 126
84, 63
84, 127
20, 64
20, 128
20, 1
20, 65
20, 129
20, 66
20, 2
20, 130
20, 131
20, 3
20, 67
20, 132
20, 4
20, 68
20, 5
20, 69
20, 133
20, 6
20, 70
20, 134
20, 7
20, 71
20, 135
20, 8
20, 136
20, 72
20, 73
20, 9
20, 137
20, 138
20, 74
20, 10
20, 139
20, 11
20, 75
20, 12
20, 76
20, 140
20, 13
20, 77
20, 141
20, 14
20, 78
20, 142
20, 79
20, 15
20, 143
20, 80
20, 144
20, 16
20, 145
20, 17
20, 81
20, 18
20, 82
20, 146
20, 19
20, 83
20, 147
20, 20
20, 84
20, 148
20, 149
20, 21
20, 85
20, 86
20, 22
20, 150
20, 87
20, 23
20, 24
20, 88
20, 25
20, 89
20, 26
20, 90
20, 27
20, 91
20, 92
20, 28
20, 93
20, 29
20, 30
20, 94
20, 31
20, 95
20, 32
20, 96
20, 97
20, 33
20, 34
20, 98
20, 99
20, 35
20, 100
20, 36
20, 37
20, 101
20, 38
20, 102
20, 39
20, 103
20, 40
20, 104
20, 105
20, 41
20, 106
20, 42
20, 43
20, 107
20, 44
20, 108
20, 45
20, 109
20, 110
20, 46
20, 47
20, 111
20, 112
20, 48
20, 113
20, 49
20, 50
20, 114
20, 51
20, 115
20, 52
20, 116
20, 53
20, 117
20, 118
20, 54
20, 119
20, 55
20, 56
20, 120
20, 57
20, 121
20, 58
20, 122
20, 123
20, 59
20, 60
20, 124
20, 125
20, 61
20, 126
20, 62
20, 63
20, 127
149, 128
149, 64
149, 65
149, 1
149, 129
149, 130
149, 66
149, 2
149, 131
149, 3
149, 67
149, 4
149, 68
149, 132
149, 5
149, 69
149, 133
149, 6
149, 70
149, 134
149, 71
149, 7
149, 135
149, 136
149, 72
149, 8
149, 137
149, 9
149, 73
149, 10
149, 74
149, 138
149, 11
149, 75
149, 139
149, 76
149, 140
149, 12
149, 13
149, 141
149, 77
149, 78
149, 14
149, 142
149, 143
149, 79
149, 15
149, 144
149, 16
149, 80
149, 17
149, 81
149, 145
149, 18
149, 82
149, 146
149, 19
149, 83
149, 147
149, 84
149, 20
149, 148
149, 149
149, 85
149, 21
149, 22
149, 86
149, 150
149, 23
149, 87
149, 24
149, 88
149, 89
149, 25
149, 26
149, 90
149, 91
149, 27
149, 92
149, 28
149, 29
149, 93
149, 30
149, 94
149, 31
149, 95
149, 32
149, 96
149, 97
149, 33
149, 98
149, 34
149, 35
149, 99
149, 36
149, 100
149, 37
149, 101
149, 102
149, 38
149, 39
149, 103
149, 104
149, 40
149, 105
149, 41
149, 42
149, 106
149, 43
149, 107
149, 44
149, 108
149, 45
149, 109
149, 110
149, 46
149, 111
149, 47
149, 48
149, 112
149, 49
149, 113
149, 50
149, 114
149, 115
149, 51
149, 52
149, 116
149, 117
149, 53
149, 118
149, 54
149, 55
149, 119
149, 56
149, 120
149, 57
149, 121
149, 58
149, 122
149, 123
149, 59
149, 124
149, 60
149, 61
149, 125
149, 62
149, 126
149, 63
149, 127
85, 64
85, 128
85, 1
85, 129
85, 65
85, 66
85, 2
85, 130
85, 131
85, 3
85, 67
85, 132
85, 4
85, 68
85, 5
85, 69
85, 133
85, 6
85, 70
85, 134
85, 7
85, 71
85, 135
85, 72
85, 8
85, 136
85, 73
85, 9
85, 137
85, 138
85, 10
85, 74
85, 139
85, 11
85, 75
85, 12
85, 76
85, 140
85, 77
85, 141
85, 13
85, 14
85, 78
85, 142
85, 79
85, 15
85, 143
85, 80
85, 144
85, 16
85, 145
85, 17
85, 81
85, 18
85, 82
85, 146
85, 19
85, 83
85, 147
85, 20
85, 84
85, 148
85, 85
85, 21
85, 149
85, 22
85, 86
85, 150
85, 87
85, 23
85, 24
85, 88
85, 25
85, 89
85, 90
85, 26
85, 27
85, 91
85, 92
85, 28
85, 93
85, 29
85, 30
85, 94
85, 31
85, 95
85, 32
85, 96
85, 33
85, 97
85, 34
85, 98
85, 99
85, 35
85, 100
85, 36
85, 37
85, 101
85, 38
85, 102
85, 103
85, 39
85, 40
85, 104
85, 105
85, 41
85, 106
85, 42
85, 43
85, 107
85, 44
85, 108
85, 45
85, 109
85, 46
85, 110
85, 47
85, 111
85, 112
85, 48
85, 113
85, 49
85, 50
85, 114
85, 51
85, 115
85, 116
85, 52
85, 53
85, 117
85, 118
85, 54
85, 119
85, 55
85, 56
85, 120
85, 57
85, 121
85, 58
85, 122
85, 59
85, 123
85, 60
85, 124
85, 125
85, 61
85, 126
85, 62
85, 63
85, 127
21, 64
21, 128
21, 65
21, 129
21, 1
21, 2
21, 66
21, 130
21, 67
21, 3
21, 131
21, 132
21, 68
21, 4
21, 133
21, 5
21, 69
21, 6
21, 70
21, 134
21, 7
21, 71
21, 135
21, 8
21, 72
21, 136
21, 9
21, 137
21, 73
21, 74
21, 10
21, 138
21, 139
21, 75
21, 11
21, 140
21, 12
21, 76
21, 13
21, 77
21, 141
21, 14
21, 78
21, 142
21, 15
21, 79
21, 143
21, 80
21, 16
21, 144
21, 145
21, 81
21, 17
21, 146
21, 18
21, 82
21, 19
21, 83
21, 147
21, 20
21, 84
21, 148
21, 21
21, 85
21, 149
21, 150
21, 22
21, 86
21, 87
21, 23
21, 88
21, 24
21, 25
21, 89
21, 26
21, 90
21, 27
21, 91
21, 28
21, 92
21, 93
21, 29
21, 94
21, 30
21, 31
21, 95
21, 32
21, 96
21, 33
21, 97
21, 98
21, 34
21, 35
21, 99
21, 100
21, 36
21, 101
21, 37
21, 38
21, 102
21, 39
21, 103
21, 40
21, 104
21, 41
21, 105
21, 106
21, 42
21, 107
21, 43
21, 44
21, 108
21, 45
21, 109
21, 46
21, 110
21, 111
21, 47
21, 48
21, 112
21, 113
21, 49
21, 114
21, 50
21, 51
21, 115
21, 52
21, 116
21, 53
21, 117
21, 54
21, 118
21, 119
21, 55
21, 120
21, 56
21, 57
21, 121
21, 58
21, 122
21, 59
21, 123
21, 124
21, 60
21, 61
21, 125
21, 126
21, 62
21, 127
21, 63
150, 64
150, 128
150, 129
150, 1
150, 65
150, 66
150, 2
150, 130
150, 131
150, 3
150, 67
150, 132
150, 4
150, 68
150, 5
150, 69
150, 133
150, 6
150, 70
150, 134
150, 7
150, 71
150, 135
150, 72
150, 8
150, 136
150, 137
150, 73
150, 9
150, 138
150, 10
150, 74
150, 11
150, 75
150, 139
150, 12
150, 76
150, 140
150, 77
150, 141
150, 13
150, 14
150, 142
150, 78
150, 79
150, 15
150, 143
150, 80
150, 144
150, 16
150, 145
150, 17
150, 81
150, 18
150, 82
150, 146
150, 19
150, 83
150, 147
150, 20
150, 84
150, 148
150, 85
150, 21
150, 149
150, 150
150, 86
150, 22
150, 23
150, 87
150, 24
150, 88
150, 25
150, 89
150, 90
150, 26
150, 27
150, 91
150, 92
150, 28
150, 93
150, 29
150, 30
150, 94
150, 31
150, 95
150, 32
150, 96
150, 33
150, 97
150, 98
150, 34
150, 99
150, 35
150, 36
150, 100
150, 37
150, 101
150, 38
150, 102
150, 103
150, 39
150, 40
150, 104
150, 105
150, 41
150, 106
150, 42
150, 43
150, 107
150, 44
150, 108
150, 45
150, 109
150, 46
150, 110
150, 111
150, 47
150, 112
150, 48
150, 49
150, 113
150, 50
150, 114
150, 51
150, 115
150, 116
150, 52
150, 53
150, 117
150, 118
150, 54
150, 119
150, 55
150, 56
150, 120
150, 57
150, 121
150, 58
150, 122
150, 59
150, 123
150, 124
150, 60
150, 125
150, 61
150, 62
150, 126
150, 63
150, 127
86, 64
86, 128
86, 65
86, 129
86, 1
86, 2
86, 130
86, 66
86, 67
86, 3
86, 131
86, 132
86, 68
86, 4
86, 133
86, 5
86, 69
86, 6
86, 70
86, 134
86, 7
86, 71
86, 135
86, 8
86, 72
86, 136
86, 73
86, 9
86, 137
86, 74
86, 10
86, 138
86, 139
86, 11
86, 75
86, 140
86, 12
86, 76
86, 13
86, 77
86, 141
86, 78
86, 142
86, 14
86, 15
86, 79
86, 143
86, 80
86, 16
86, 144
86, 145
86, 81
86, 17
86, 146
86, 18
86, 82
86, 19
86, 83
86, 147
86, 20
86, 84
86, 148
86, 21
86, 85
86, 149
86, 86
86, 22
86, 150
86, 23
86, 87
86, 88
86, 24
86, 25
86, 89
86, 26
86, 90
86, 91
86, 27
86, 28
86, 92
86, 93
86, 29
86, 94
86, 30
86, 31
86, 95
86, 32
86, 96
86, 33
86, 97
86, 34
86, 98
86, 35
86, 99
86, 100
86, 36
86, 101
86, 37
86, 38
86, 102
86, 39
86, 103
86, 104
86, 40
86, 41
86, 105
86, 106
86, 42
86, 107
86, 43
86, 44
86, 108
86, 45
86, 109
86, 46
86, 110
86, 47
86, 111
86, 48
86, 112
86, 113
86, 49
86, 114
86, 50
86, 51
86, 115
86, 52
86, 116
86, 117
86, 53
86, 54
86, 118
86, 119
86, 55
86, 120
86, 56
86, 57
86, 121
86, 58
86, 122
86, 59
86, 123
86, 60
86, 124
86, 61
86, 125
86, 126
86, 62
86, 127
86, 63
22, 128
22, 64
22, 1
22, 65
22, 129
22, 66
22, 130
22, 2
22, 3
22, 67
22, 131
22, 68
22, 4
22, 132
22, 133
22, 69
22, 5
22, 134
22, 6
22, 70
22, 7
22, 71
22, 135
22, 8
22, 72
22, 136
22, 9
22, 73
22, 137
22, 10
22, 138
22, 74
22, 75
22, 11
22, 139
22, 140
22, 76
22, 12
22, 141
22, 13
22, 77
22, 14
22, 78
22, 142
22, 15
22, 79
22, 143
22, 16
22, 80
22, 144
22, 81
22, 17
22, 145
22, 146
22, 82
22, 18
22, 147
22, 19
22, 83
22, 20
22, 84
22, 148
22, 21
22, 85
22, 149
22, 22
22, 86
22, 150
22, 23
22, 87
22, 88
22, 24
22, 89
22, 25
22, 26
22, 90
22, 27
22, 91
22, 28
22, 92
22, 29
22, 93
22, 94
22, 30
22, 95
22, 31
22, 32
22, 96
22, 33
22, 97
22, 34
22, 98
22, 99
22, 35
22, 36
22, 100
22, 101
22, 37
22, 102
22, 38
22, 39
22, 103
22, 40
22, 104
22, 41
22, 105
22, 42
22, 106
22, 107
22, 43
22, 108
22, 44
22, 45
22, 109
22, 46
22, 110
22, 47
22, 111
22, 112
22, 48
22, 49
22, 113
22, 114
22, 50
22, 115
22, 51
22, 52
22, 116
22, 53
22, 117
22, 54
22, 118
22, 55
22, 119
22, 120
22, 56
22, 121
22, 57
22, 58
22, 122
22, 59
22, 123
22, 60
22, 124
22, 125
22, 61
22, 62
22, 126
22, 127
22, 63
87, 128
87, 64
87, 1
87, 65
87, 129
87, 66
87, 130
87, 2
87, 3
87, 131
87, 67
87, 68
87, 4
87, 132
87, 133
87, 69
87, 5
87, 134
87, 6
87, 70
87, 7
87, 71
87, 135
87, 8
87, 72
87, 136
87, 9
87, 73
87, 137
87, 74
87, 10
87, 138
87, 75
87, 11
87, 139
87, 140
87, 12
87, 76
87, 141
87, 13
87, 77
87, 14
87, 78
87, 142
87, 79
87, 143
87, 15
87, 16
87, 80
87, 144
87, 81
87, 17
87, 145
87, 146
87, 82
87, 18
87, 147
87, 19
87, 83
87, 20
87, 84
87, 148
87, 21
87, 85
87, 149
87, 22
87, 86
87, 150
87, 87
87, 23
87, 24
87, 88
87, 89
87, 25
87, 26
87, 90
87, 27
87, 91
87, 92
87, 28
87, 29
87, 93
87, 94
87, 30
87, 95
87, 31
87, 32
87, 96
87, 33
87, 97
87, 34
87, 98
87, 35
87, 99
87, 36
87, 100
87, 101
87, 37
87, 102
87, 38
87, 39
87, 103
87, 40
87, 104
87, 105
87, 41
87, 42
87, 106
87, 107
87, 43
87, 108
87, 44
87, 45
87, 109
87, 46
87, 110
87, 47
87, 111
87, 48
87, 112
87, 49
87, 113
87, 114
87, 50
87, 115
87, 51
87, 52
87, 116
87, 53
87, 117
87, 118
87, 54
87, 55
87, 119
87, 120
87, 56
87, 121
87, 57
87, 58
87, 122
87, 59
87, 123
87, 60
87, 124
87, 61
87, 125
87, 62
87, 126
87, 127
87, 63
23, 128
23, 64
23, 129
23, 1
23, 65
23, 2
23, 66
23, 130
23, 67
23, 131
23, 3
23, 4
23, 68
23, 132
23, 69
23, 5
23, 133
23, 134
23, 70
23, 6
23, 135
23, 7
23, 71
23, 8
23, 72
23, 136
23, 9
23, 73
23, 137
23, 10
23, 74
23, 138
23, 11
23, 139
23, 75
23, 76
23, 12
23, 140
23, 141
23, 77
23, 13
23, 142
23, 14
23, 78
23, 15
23, 79
23, 143
23, 16
23, 80
23, 144
23, 17
23, 81
23, 145
23, 82
23, 18
23, 146
23, 147
23, 83
23, 19
23, 148
23, 20
23, 84
23, 21
23, 85
23, 149
23, 22
23, 86
23, 150
23, 23
23, 87
23, 24
23, 88
23, 89
23, 25
23, 90
23, 26
23, 27
23, 91
23, 28
23, 92
23, 29
23, 93
23, 30
23, 94
23, 95
23, 31
23, 96
23, 32
23, 33
23, 97
23, 34
23, 98
23, 35
23, 99
23, 100
23, 36
23, 37
23, 101
23, 102
23, 38
23, 103
23, 39
23, 40
23, 104
23, 41
23, 105
23, 42
23, 106
23, 43
23, 107
23, 108
23, 44
23, 109
23, 45
23, 46
23, 110
23, 47
23, 111
23, 48
23, 112
23, 113
23, 49
23, 50
23, 114
23, 115
23, 51
23, 116
23, 52
23, 53
23, 117
23, 54
23, 118
23, 55
23, 119
23, 56
23, 120
23, 121
23, 57
23, 122
23, 58
23, 59
23, 123
23, 60
23, 124
23, 61
23, 125
23, 126
23, 62
23, 63
23, 127
88, 128
88, 64
88, 129
88, 1
88, 65
88, 2
88, 66
88, 130
88, 67
88, 131
88, 3
88, 4
88, 132
88, 68
88, 69
88, 5
88, 133
88, 134
88, 70
88, 6
88, 135
88, 7
88, 71
88, 8
88, 72
88, 136
88, 9
88, 73
88, 137
88, 10
88, 74
88, 138
88, 75
88, 11
88, 139
88, 76
88, 12
88, 140
88, 141
88, 13
88, 77
88, 142
88, 14
88, 78
88, 15
88, 79
88, 143
88, 80
88, 144
88, 16
88, 17
88, 81
88, 145
88, 82
88, 18
88, 146
88, 147
88, 83
88, 19
88, 148
88, 20
88, 84
88, 21
88, 85
88, 149
88, 22
88, 86
88, 150
88, 23
88, 87
88, 88
88, 24
88, 25
88, 89
88, 90
88, 26
88, 27
88, 91
88, 28
88, 92
88, 93
88, 29
88, 30
88, 94
88, 95
88, 31
88, 96
88, 32
88, 33
88, 97
88, 34
88, 98
88, 35
88, 99
88, 36
88, 100
88, 37
88, 101
88, 102
88, 38
88, 103
88, 39
88, 40
88, 104
88, 41
88, 105
88, 106
88, 42
88, 43
88, 107
88, 108
88, 44
88, 109
88, 45
88, 46
88, 110
88, 47
88, 111
88, 48
88, 112
88, 49
88, 113
88, 50
88, 114
88, 115
88, 51
88, 116
88, 52
88, 53
88, 117
88, 54
88, 118
88, 119
88, 55
88, 56
88, 120
88, 121
88, 57
88, 122
88, 58
88, 59
88, 123
88, 60
88, 124
88, 61
88, 125
88, 62
88, 126
88, 63
88, 127
24, 64
24, 128
24, 129
24, 65
24, 1
24, 130
24, 2
24, 66
24, 3
24, 67
24, 131
24, 68
24, 132
24, 4
24, 5
24, 69
24, 133
24, 70
24, 6
24, 134
24, 135
24, 71
24, 7
24, 136
24, 8
24, 72
24, 9
24, 73
24, 137
24, 10
24, 74
24, 138
24, 11
24, 75
24, 139
24, 12
24, 140
24, 76
24, 77
24, 13
24, 141
24, 142
24, 78
24, 14
24, 143
24, 15
24, 79
24, 16
24, 80
24, 144
24, 17
24, 81
24, 145
24, 18
24, 82
24, 146
24, 83
24, 19
24, 147
24, 148
24, 84
24, 20
24, 149
24, 21
24, 85
24, 22
24, 86
24, 150
24, 23
24, 87
24, 24
24, 88
24, 25
24, 89
24, 90
24, 26
24, 91
24, 27
24, 28
24, 92
24, 29
24, 93
24, 30
24, 94
24, 31
24, 95
24, 96
24, 32
24, 97
24, 33
24, 34
24, 98
24, 35
24, 99
24, 36
24, 100
24, 101
24, 37
24, 38
24, 102
24, 103
24, 39
24, 104
24, 40
24, 41
24, 105
24, 42
24, 106
24, 43
24, 107
24, 44
24, 108
24, 109
24, 45
24, 110
24, 46
24, 47
24, 111
24, 48
24, 112
24, 49
24, 113
24, 114
24, 50
24, 51
24, 115
24, 116
24, 52
24, 117
24, 53
24, 54
24, 118
24, 55
24, 119
24, 56
24, 120
24, 57
24, 121
24, 122
24, 58
24, 123
24, 59
24, 60
24, 124
24, 61
24, 125
24, 62
24, 126
24, 127
24, 63
89, 64
89, 128
89, 129
89, 1
89, 65
89, 130
89, 2
89, 66
89, 3
89, 67
89, 131
89, 68
89, 132
89, 4
89, 5
89, 133
89, 69
89, 70
89, 6
89, 134
89, 135
89, 71
89, 7
89, 136
89, 8
89, 72
89, 9
89, 73
89, 137
89, 10
89, 74
89, 138
89, 11
89, 75
89, 139
89, 76
89, 12
89, 140
89, 77
89, 13
89, 141
89, 142
89, 14
89, 78
89, 143
89, 15
89, 79
89, 16
89, 80
89, 144
89, 81
89, 145
89, 17
89, 18
89, 82
89, 146
89, 83
89, 19
89, 147
89, 148
89, 84
89, 20
89, 149
89, 21
89, 85
89, 22
89, 86
89, 150
89, 23
89, 87
89, 24
89, 88
89, 89
89, 25
89, 26
89, 90
89, 91
89, 27
89, 28
89, 92
89, 29
89, 93
89, 94
89, 30
89, 31
89, 95
89, 96
89, 32
89, 97
89, 33
89, 34
89, 98
89, 35
89, 99
89, 36
89, 100
89, 37
89, 101
89, 38
89, 102
89, 103
89, 39
89, 104
89, 40
89, 41
89, 105
89, 42
89, 106
89, 107
89, 43
89, 44
89, 108
89, 109
89, 45
89, 110
89, 46
89, 47
89, 111
89, 48
89, 112
89, 49
89, 113
89, 50
89, 114
89, 51
89, 115
89, 116
89, 52
89, 117
89, 53
89, 54
89, 118
89, 55
89, 119
89, 120
89, 56
89, 57
89, 121
89, 122
89, 58
89, 123
89, 59
89, 60
89, 124
89, 61
89, 125
89, 62
89, 126
89, 63
89, 127
25, 128
25, 64
25, 65
25, 1
25, 129
25, 130
25, 66
25, 2
25, 131
25, 3
25, 67
25, 4
25, 68
25, 132
25, 69
25, 133
25, 5
25, 6
25, 70
25, 134
25, 71
25, 7
25, 135
25, 136
25, 72
25, 8
25, 137
25, 9
25, 73
25, 10
25, 74
25, 138
25, 11
25, 75
25, 139
25, 12
25, 76
25, 140
25, 13
25, 141
25, 77
25, 78
25, 14
25, 142
25, 143
25, 79
25, 15
25, 144
25, 16
25, 80
25, 17
25, 81
25, 145
25, 18
25, 82
25, 146
25, 19
25, 83
25, 147
25, 84
25, 20
25, 148
25, 149
25, 85
25, 21
25, 150
25, 22
25, 86
25, 23
25, 87
25, 24
25, 88
25, 25
25, 89
25, 26
25, 90
25, 91
25, 27
25, 92
25, 28
25, 29
25, 93
25, 30
25, 94
25, 31
25, 95
25, 32
25, 96
25, 97
25, 33
25, 98
25, 34
25, 35
25, 99
25, 36
25, 100
25, 37
25, 101
25, 102
25, 38
25, 39
25, 103
25, 104
25, 40
25, 105
25, 41
25, 42
25, 106
25, 43
25, 107
25, 44
25, 108
25, 45
25, 109
25, 110
25, 46
25, 111
25, 47
25, 48
25, 112
25, 49
25, 113
25, 50
25, 114
25, 115
25, 51
25, 52
25, 116
25, 117
25, 53
25, 118
25, 54
25, 55
25, 119
25, 56
25, 120
25, 57
25, 121
25, 58
25, 122
25, 123
25, 59
25, 124
25, 60
25, 61
25, 125
25, 62
25, 126
25, 63
25, 127
90, 64
90, 128
90, 65
90, 1
90, 129
90, 130
90, 2
90, 66
90, 131
90, 3
90, 67
90, 4
90, 68
90, 132
90, 69
90, 133
90, 5
90, 6
90, 134
90, 70
90, 71
90, 7
90, 135
90, 136
90, 72
90, 8
90, 137
90, 9
90, 73
90, 10
90, 74
90, 138
90, 11
90, 75
90, 139
90, 12
90, 76
90, 140
90, 77
90, 13
90, 141
90, 78
90, 14
90, 142
90, 143
90, 15
90, 79
90, 144
90, 16
90, 80
90, 17
90, 81
90, 145
90, 82
90, 146
90, 18
90, 19
90, 83
90, 147
90, 84
90, 20
90, 148
90, 149
90, 85
90, 21
90, 150
90, 22
90, 86
90, 23
90, 87
90, 24
90, 88
90, 25
90, 89
90, 90
90, 26
90, 27
90, 91
90, 92
90, 28
90, 29
90, 93
90, 30
90, 94
90, 95
90, 31
90, 32
90, 96
90, 97
90, 33
90, 98
90, 34
90, 35
90, 99
90, 36
90, 100
90, 37
90, 101
90, 38
90, 102
90, 39
90, 103
90, 104
90, 40
90, 105
90, 41
90, 42
90, 106
90, 43
90, 107
90, 108
90, 44
90, 45
90, 109
90, 110
90, 46
90, 111
90, 47
90, 48
90, 112
90, 49
90, 113
90, 50
90, 114
90, 51
90, 115
90, 52
90, 116
90, 117
90, 53
90, 118
90, 54
90, 55
90, 119
90, 56
90, 120
90, 121
90, 57
90, 58
90, 122
90, 123
90, 59
90, 124
90, 60
90, 61
90, 125
90, 62
90, 126
90, 63
90, 127
26, 64
26, 128
26, 1
26, 129
26, 65
26, 66
26, 2
26, 130
26, 131
26, 67
26, 3
26, 132
26, 4
26, 68
26, 5
26, 69
26, 133
26, 70
26, 134
26, 6
26, 7
26, 71
26, 135
26, 72
26, 8
26, 136
26, 137
26, 73
26, 9
26, 138
26, 10
26, 74
26, 11
26, 75
26, 139
26, 12
26, 76
26, 140
26, 13
26, 77
26, 141
26, 14
26, 142
26, 78
26, 79
26, 15
26, 143
26, 144
26, 80
26, 16
26, 145
26, 17
26, 81
26, 18
26, 82
26, 146
26, 19
26, 83
26, 147
26, 20
26, 84
26, 148
26, 85
26, 21
26, 149
26, 150
26, 86
26, 22
26, 23
26, 87
26, 24
26, 88
26, 25
26, 89
26, 26
26, 90
26, 27
26, 91
26, 92
26, 28
26, 93
26, 29
26, 30
26, 94
26, 31
26, 95
26, 32
26, 96
26, 33
26, 97
26, 98
26, 34
26, 99
26, 35
26, 36
26, 100
26, 37
26, 101
26, 38
26, 102
26, 103
26, 39
26, 40
26, 104
26, 105
26, 41
26, 106
26, 42
26, 43
26, 107
26, 44
26, 108
26, 45
26, 109
26, 46
26, 110
26, 111
26, 47
26, 112
26, 48
26, 49
26, 113
26, 50
26, 114
26, 51
26, 115
26, 116
26, 52
26, 53
26, 117
26, 118
26, 54
26, 119
26, 55
26, 56
26, 120
26, 57
26, 121
26, 58
26, 122
26, 59
26, 123
26, 124
26, 60
26, 125
26, 61
26, 62
26, 126
26, 63
26, 127
91, 64
91, 128
91, 65
91, 1
91, 129
91, 66
91, 2
91, 130
91, 131
91, 3
91, 67
91, 132
91, 4
91, 68
91, 5
91, 69
91, 133
91, 70
91, 134
91, 6
91, 7
91, 135
91, 71
91, 72
91, 8
91, 136
91, 137
91, 73
91, 9
91, 138
91, 10
91, 74
91, 11
91, 75
91, 139
91, 12
91, 76
91, 140
91, 13
91, 77
91, 141
91, 78
91, 14
91, 142
91, 79
91, 15
91, 143
91, 144
91, 16
91, 80
91, 145
91, 17
91, 81
91, 18
91, 82
91, 146
91, 83
91, 147
91, 19
91, 20
91, 84
91, 148
91, 85
91, 21
91, 149
91, 150
91, 86
91, 22
91, 23
91, 87
91, 24
91, 88
91, 25
91, 89
91, 26
91, 90
91, 91
91, 27
91, 28
91, 92
91, 93
91, 29
91, 30
91, 94
91, 31
91, 95
91, 96
91, 32
91, 33
91, 97
91, 98
91, 34
91, 99
91, 35
91, 36
91, 100
91, 37
91, 101
91, 38
91, 102
91, 39
91, 103
91, 40
91, 104
91, 105
91, 41
91, 106
91, 42
91, 43
91, 107
91, 44
91, 108
91, 109
91, 45
91, 46
91, 110
91, 111
91, 47
91, 112
91, 48
91, 49
91, 113
91, 50
91, 114
91, 51
91, 115
91, 52
91, 116
91, 53
91, 117
91, 118
91, 54
91, 119
91, 55
91, 56
91, 120
91, 57
91, 121
91, 122
91, 58
91, 59
91, 123
91, 124
91, 60
91, 125
91, 61
91, 62
91, 126
91, 63
91, 127
27, 64
27, 128
27, 1
27, 65
27, 129
27, 2
27, 130
27, 66
27, 67
27, 3
27, 131
27, 132
27, 68
27, 4
27, 133
27, 5
27, 69
27, 6
27, 70
27, 134
27, 71
27, 135
27, 7
27, 8
27, 72
27, 136
27, 73
27, 9
27, 137
27, 138
27, 74
27, 10
27, 139
27, 11
27, 75
27, 12
27, 76
27, 140
27, 13
27, 77
27, 141
27, 14
27, 78
27, 142
27, 15
27, 143
27, 79
27, 80
27, 16
27, 144
27, 145
27, 81
27, 17
27, 146
27, 18
27, 82
27, 19
27, 83
27, 147
27, 20
27, 84
27, 148
27, 21
27, 85
27, 149
27, 86
27, 22
27, 150
27, 87
27, 23
27, 24
27, 88
27, 25
27, 89
27, 26
27, 90
27, 27
27, 91
27, 28
27, 92
27, 93
27, 29
27, 94
27, 30
27, 31
27, 95
27, 32
27, 96
27, 33
27, 97
27, 34
27, 98
27, 99
27, 35
27, 100
27, 36
27, 37
27, 101
27, 38
27, 102
27, 39
27, 103
27, 104
27, 40
27, 41
27, 105
27, 106
27, 42
27, 107
27, 43
27, 44
27, 108
27, 45
27, 109
27, 46
27, 110
27, 47
27, 111
27, 112
27, 48
27, 113
27, 49
27, 50
27, 114
27, 51
27, 115
27, 52
27, 116
27, 117
27, 53
27, 54
27, 118
27, 119
27, 55
27, 120
27, 56
27, 57
27, 121
27, 58
27, 122
27, 59
27, 123
27, 60
27, 124
27, 125
27, 61
27, 126
27, 62
27, 63
27, 127
92, 64
92, 128
92, 1
92, 65
92, 129
92, 66
92, 2
92, 130
92, 3
92, 67
92, 131
92, 132
92, 4
92, 68
92, 133
92, 5
92, 69
92, 6
92, 70
92, 134
92, 71
92, 135
92, 7
92, 8
92, 136
92, 72
92, 73
92, 9
92, 137
92, 138
92, 74
92, 10
92, 139
92, 11
92, 75
92, 12
92, 76
92, 140
92, 13
92, 77
92, 141
92, 14
92, 78
92, 142
92, 79
92, 15
92, 143
92, 80
92, 16
92, 144
92, 145
92, 17
92, 81
92, 146
92, 18
92, 82
92, 19
92, 83
92, 147
92, 84
92, 148
92, 20
92, 21
92, 85
92, 149
92, 86
92, 22
92, 150
92, 87
92, 23
92, 24
92, 88
92, 25
92, 89
92, 26
92, 90
92, 27
92, 91
92, 92
92, 28
92, 29
92, 93
92, 94
92, 30
92, 31
92, 95
92, 32
92, 96
92, 97
92, 33
92, 34
92, 98
92, 99
92, 35
92, 100
92, 36
92, 37
92, 101
92, 38
92, 102
92, 39
92, 103
92, 40
92, 104
92, 41
92, 105
92, 106
92, 42
92, 107
92, 43
92, 44
92, 108
92, 45
92, 109
92, 110
92, 46
92, 47
92, 111
92, 112
92, 48
92, 113
92, 49
92, 50
92, 114
92, 51
92, 115
92, 52
92, 116
92, 53
92, 117
92, 54
92, 118
92, 119
92, 55
92, 120
92, 56
92, 57
92, 121
92, 58
92, 122
92, 123
92, 59
92, 60
92, 124
92, 125
92, 61
92, 126
92, 62
92, 63
92, 127
28, 64
28, 128
28, 1
28, 65
28, 129
28, 2
28, 66
28, 130
28, 3
28, 131
28, 67
28, 68
28, 4
28, 132
28, 133
28, 69
28, 5
28, 134
28, 6
28, 70
28, 7
28, 71
28, 135
28, 72
28, 136
28, 8
28, 9
28, 73
28, 137
28, 74
28, 10
28, 138
28, 139
28, 75
28, 11
28, 140
28, 12
28, 76
28, 13
28, 77
28, 141
28, 14
28, 78
28, 142
28, 15
28, 79
28, 143
28, 16
28, 144
28, 80
28, 81
28, 17
28, 145
28, 146
28, 82
28, 18
28, 147
28, 19
28, 83
28, 20
28, 84
28, 148
28, 21
28, 85
28, 149
28, 22
28, 86
28, 150
28, 87
28, 23
28, 88
28, 24
28, 25
28, 89
28, 26
28, 90
28, 27
28, 91
28, 28
28, 92
28, 29
28, 93
28, 94
28, 30
28, 95
28, 31
28, 32
28, 96
28, 33
28, 97
28, 34
28, 98
28, 35
28, 99
28, 100
28, 36
28, 101
28, 37
28, 38
28, 102
28, 39
28, 103
28, 40
28, 104
28, 105
28, 41
28, 42
28, 106
28, 107
28, 43
28, 108
28, 44
28, 45
28, 109
28, 46
28, 110
28, 47
28, 111
28, 48
28, 112
28, 113
28, 49
28, 114
28, 50
28, 51
28, 115
28, 52
28, 116
28, 53
28, 117
28, 118
28, 54
28, 55
28, 119
28, 120
28, 56
28, 121
28, 57
28, 58
28, 122
28, 59
28, 123
28, 60
28, 124
28, 61
28, 125
28, 126
28, 62
28, 127
28, 63
93, 64
93, 128
93, 1
93, 65
93, 129
93, 2
93, 66
93, 130
93, 67
93, 3
93, 131
93, 68
93, 4
93, 132
93, 133
93, 5
93, 69
93, 134
93, 6
93, 70
93, 7
93, 71
93, 135
93, 72
93, 136
93, 8
93, 9
93, 137
93, 73
93, 74
93, 10
93, 138
93, 139
93, 75
93, 11
93, 140
93, 12
93, 76
93, 13
93, 77
93, 141
93, 14
93, 78
93, 142
93, 15
93, 79
93, 143
93, 80
93, 16
93, 144
93, 81
93, 17
93, 145
93, 146
93, 18
93, 82
93, 147
93, 19
93, 83
93, 20
93, 84
93, 148
93, 85
93, 149
93, 21
93, 22
93, 86
93, 150
93, 87
93, 23
93, 88
93, 24
93, 25
93, 89
93, 26
93, 90
93, 27
93, 91
93, 28
93, 92
93, 93
93, 29
93, 30
93, 94
93, 95
93, 31
93, 32
93, 96
93, 33
93, 97
93, 98
93, 34
93, 35
93, 99
93, 100
93, 36
93, 101
93, 37
93, 38
93, 102
93, 39
93, 103
93, 40
93, 104
93, 41
93, 105
93, 42
93, 106
93, 107
93, 43
93, 108
93, 44
93, 45
93, 109
93, 46
93, 110
93, 111
93, 47
93, 48
93, 112
93, 113
93, 49
93, 114
93, 50
93, 51
93, 115
93, 52
93, 116
93, 53
93, 117
93, 54
93, 118
93, 55
93, 119
93, 120
93, 56
93, 121
93, 57
93, 58
93, 122
93, 59
93, 123
93, 124
93, 60
93, 61
93, 125
93, 126
93, 62
93, 127
93, 63
29, 128
29, 64
29, 1
29, 65
29, 129
29, 2
29, 66
29, 130
29, 3
29, 67
29, 131
29, 4
29, 132
29, 68
29, 69
29, 5
29, 133
29, 134
29, 70
29, 6
29, 135
29, 7
29, 71
29, 8
29, 72
29, 136
29, 73
29, 137
29, 9
29, 10
29, 74
29, 138
29, 75
29, 11
29, 139
29, 140
29, 76
29, 12
29, 141
29, 13
29, 77
29, 14
29, 78
29, 142
29, 15
29, 79
29, 143
29, 16
29, 80
29, 144
29, 17
29, 145
29, 81
29, 82
29, 18
29, 146
29, 147
29, 83
29, 19
29, 148
29, 20
29, 84
29, 21
29, 85
29, 149
29, 22
29, 86
29, 150
29, 23
29, 87
29, 88
29, 24
29, 89
29, 25
29, 26
29, 90
29, 27
29, 91
29, 28
29, 92
29, 29
29, 93
29, 30
29, 94
29, 95
29, 31
29, 96
29, 32
29, 33
29, 97
29, 34
29, 98
29, 35
29, 99
29, 36
29, 100
29, 101
29, 37
29, 102
29, 38
29, 39
29, 103
29, 40
29, 104
29, 41
29, 105
29, 106
29, 42
29, 43
29, 107
29, 108
29, 44
29, 109
29, 45
29, 46
29, 110
29, 47
29, 111
29, 48
29, 112
29, 49
29, 113
29, 114
29, 50
29, 115
29, 51
29, 52
29, 116
29, 53
29, 117
29, 54
29, 118
29, 119
29, 55
29, 56
29, 120
29, 121
29, 57
29, 122
29, 58
29, 59
29, 123
29, 60
29, 124
29, 61
29, 125
29, 62
29, 126
29, 127
29, 63
94, 128
94, 64
94, 1
94, 65
94, 129
94, 2
94, 66
94, 130
94, 3
94, 67
94, 131
94, 68
94, 4
94, 132
94, 69
94, 5
94, 133
94, 134
94, 6
94, 70
94, 135
94, 7
94, 71
94, 8
94, 72
94, 136
94, 73
94, 137
94, 9
94, 10
94, 138
94, 74
94, 75
94, 11
94, 139
94, 140
94, 76
94, 12
94, 141
94, 13
94, 77
94, 14
94, 78
94, 142
94, 15
94, 79
94, 143
94, 16
94, 80
94, 144
94, 81
94, 17
94, 145
94, 82
94, 18
94, 146
94, 147
94, 19
94, 83
94, 148
94, 20
94, 84
94, 21
94, 85
94, 149
94, 86
94, 150
94, 22
94, 23
94, 87
94, 88
94, 24
94, 89
94, 25
94, 26
94, 90
94, 27
94, 91
94, 28
94, 92
94, 29
94, 93
94, 94
94, 30
94, 31
94, 95
94, 96
94, 32
94, 33
94, 97
94, 34
94, 98
94, 99
94, 35
94, 36
94, 100
94, 101
94, 37
94, 102
94, 38
94, 39
94, 103
94, 40
94, 104
94, 41
94, 105
94, 42
94, 106
94, 43
94, 107
94, 108
94, 44
94, 109
94, 45
94, 46
94, 110
94, 47
94, 111
94, 112
94, 48
94, 49
94, 113
94, 114
94, 50
94, 115
94, 51
94, 52
94, 116
94, 53
94, 117
94, 54
94, 118
94, 55
94, 119
94, 56
94, 120
94, 121
94, 57
94, 122
94, 58
94, 59
94, 123
94, 60
94, 124
94, 125
94, 61
94, 62
94, 126
94, 127
94, 63
30, 128
30, 64
30, 129
30, 1
30, 65
30, 2
30, 66
30, 130
30, 3
30, 67
30, 131
30, 4
30, 68
30, 132
30, 5
30, 133
30, 69
30, 70
30, 6
30, 134
30, 135
30, 71
30, 7
30, 136
30, 8
30, 72
30, 9
30, 73
30, 137
30, 74
30, 138
30, 10
30, 11
30, 75
30, 139
30, 76
30, 12
30, 140
30, 141
30, 77
30, 13
30, 142
30, 14
30, 78
30, 15
30, 79
30, 143
30, 16
30, 80
30, 144
30, 17
30, 81
30, 145
30, 18
30, 146
30, 82
30, 83
30, 19
30, 147
30, 148
30, 84
30, 20
30, 149
30, 21
30, 85
30, 22
30, 86
30, 150
30, 23
30, 87
30, 24
30, 88
30, 89
30, 25
30, 90
30, 26
30, 27
30, 91
30, 28
30, 92
30, 29
30, 93
30, 30
30, 94
30, 31
30, 95
30, 96
30, 32
30, 97
30, 33
30, 34
30, 98
30, 35
30, 99
30, 36
30, 100
30, 37
30, 101
30, 102
30, 38
30, 103
30, 39
30, 40
30, 104
30, 41
30, 105
30, 42
30, 106
30, 107
30, 43
30, 44
30, 108
30, 109
30, 45
30, 110
30, 46
30, 47
30, 111
30, 48
30, 112
30, 49
30, 113
30, 50
30, 114
30, 115
30, 51
30, 116
30, 52
30, 53
30, 117
30, 54
30, 118
30, 55
30, 119
30, 120
30, 56
30, 57
30, 121
30, 122
30, 58
30, 123
30, 59
30, 60
30, 124
30, 61
30, 125
30, 62
30, 126
30, 63
30, 127
95, 128
95, 64
95, 129
95, 1
95, 65
95, 2
95, 66
95, 130
95, 3
95, 67
95, 131
95, 4
95, 68
95, 132
95, 69
95, 5
95, 133
95, 70
95, 6
95, 134
95, 135
95, 7
95, 71
95, 136
95, 8
95, 72
95, 9
95, 73
95, 137
95, 74
95, 138
95, 10
95, 11
95, 139
95, 75
95, 76
95, 12
95, 140
95, 141
95, 77
95, 13
95, 142
95, 14
95, 78
95, 15
95, 79
95, 143
95, 16
95, 80
95, 144
95, 17
95, 81
95, 145
95, 82
95, 18
95, 146
95, 83
95, 19
95, 147
95, 148
95, 20
95, 84
95, 149
95, 21
95, 85
95, 22
95, 86
95, 150
95, 87
95, 23
95, 24
95, 88
95, 89
95, 25
95, 90
95, 26
95, 27
95, 91
95, 28
95, 92
95, 29
95, 93
95, 30
95, 94
95, 95
95, 31
95, 32
95, 96
95, 97
95, 33
95, 34
95, 98
95, 35
95, 99
95, 100
95, 36
95, 37
95, 101
95, 102
95, 38
95, 103
95, 39
95, 40
95, 104
95, 41
95, 105
95, 42
95, 106
95, 43
95, 107
95, 44
95, 108
95, 109
95, 45
95, 110
95, 46
95, 47
95, 111
95, 48
95, 112
95, 113
95, 49
95, 50
95, 114
95, 115
95, 51
95, 116
95, 52
95, 53
95, 117
95, 54
95, 118
95, 55
95, 119
95, 56
95, 120
95, 57
95, 121
95, 122
95, 58
95, 123
95, 59
95, 60
95, 124
95, 61
95, 125
95, 126
95, 62
95, 63
95, 127
31, 64
31, 128
31, 129
31, 65
31, 1
31, 130
31, 2
31, 66
31, 3
31, 67
31, 131
31, 4
31, 68
31, 132
31, 5
31, 69
31, 133
31, 6
31, 134
31, 70
31, 71
31, 7
31, 135
31, 136
31, 72
31, 8
31, 137
31, 9
31, 73
31, 10
31, 74
31, 138
31, 75
31, 139
31, 11
31, 12
31, 76
31, 140
31, 77
31, 13
31, 141
31, 142
31, 78
31, 14
31, 143
31, 15
31, 79
31, 16
31, 80
31, 144
31, 17
31, 81
31, 145
31, 18
31, 82
31, 146
31, 19
31, 147
31, 83
31, 84
31, 20
31, 148
31, 149
31, 85
31, 21
31, 150
31, 22
31, 86
31, 23
31, 87
31, 24
31, 88
31, 25
31, 89
31, 90
31, 26
31, 91
31, 27
31, 28
31, 92
31, 29
31, 93
31, 30
31, 94
31, 31
31, 95
31, 32
31, 96
31, 97
31, 33
31, 98
31, 34
31, 35
31, 99
31, 36
31, 100
31, 37
31, 101
31, 38
31, 102
31, 103
31, 39
31, 104
31, 40
31, 41
31, 105
31, 42
31, 106
31, 43
31, 107
31, 108
31, 44
31, 45
31, 109
31, 110
31, 46
31, 111
31, 47
31, 48
31, 112
31, 49
31, 113
31, 50
31, 114
31, 51
31, 115
31, 116
31, 52
31, 117
31, 53
31, 54
31, 118
31, 55
31, 119
31, 56
31, 120
31, 121
31, 57
31, 58
31, 122
31, 123
31, 59
31, 124
31, 60
31, 61
31, 125
31, 62
31, 126
31, 63
31, 127
96, 64
96, 128
96, 129
96, 65
96, 1
96, 130
96, 2
96, 66
96, 3
96, 67
96, 131
96, 4
96, 68
96, 132
96, 5
96, 69
96, 133
96, 70
96, 6
96, 134
96, 71
96, 7
96, 135
96, 136
96, 8
96, 72
96, 137
96, 9
96, 73
96, 10
96, 74
96, 138
96, 75
96, 139
96, 11
96, 12
96, 140
96, 76
96, 77
96, 13
96, 141
96, 142
96, 78
96, 14
96, 143
96, 15
96, 79
96, 16
96, 80
96, 144
96, 17
96, 81
96, 145
96, 18
96, 82
96, 146
96, 83
96, 19
96, 147
96, 84
96, 20
96, 148
96, 149
96, 21
96, 85
96, 150
96, 22
96, 86
96, 23
96, 87
96, 88
96, 24
96, 25
96, 89
96, 90
96, 26
96, 91
96, 27
96, 28
96, 92
96, 29
96, 93
96, 30
96, 94
96, 31
96, 95
96, 96
96, 32
96, 33
96, 97
96, 98
96, 34
96, 35
96, 99
96, 36
96, 100
96, 101
96, 37
96, 38
96, 102
96, 103
96, 39
96, 104
96, 40
96, 41
96, 105
96, 42
96, 106
96, 43
96, 107
96, 44
96, 108
96, 45
96, 109
96, 110
96, 46
96, 111
96, 47
96, 48
96, 112
96, 49
96, 113
96, 114
96, 50
96, 51
96, 115
96, 116
96, 52
96, 117
96, 53
96, 54
96, 118
96, 55
96, 119
96, 56
96, 120
96, 57
96, 121
96, 58
96, 122
96, 123
96, 59
96, 124
96, 60
96, 61
96, 125
96, 62
96, 126
96, 127
96, 63
32, 64
32, 128
32, 65
32, 1
32, 129
32, 130
32, 66
32, 2
32, 131
32, 3
32, 67
32, 4
32, 68
32, 132
32, 5
32, 69
32, 133
32, 6
32, 70
32, 134
32, 7
32, 135
32, 71
32, 72
32, 8
32, 136
32, 137
32, 73
32, 9
32, 138
32, 10
32, 74
32, 11
32, 75
32, 139
32, 76
32, 140
32, 12
32, 13
32, 77
32, 141
32, 78
32, 14
32, 142
32, 143
32, 79
32, 15
32, 144
32, 16
32, 80
32, 17
32, 81
32, 145
32, 18
32, 82
32, 146
32, 19
32, 83
32, 147
32, 20
32, 148
32, 84
32, 85
32, 21
32, 149
32, 150
32, 86
32, 22
32, 23
32, 87
32, 24
32, 88
32, 25
32, 89
32, 26
32, 90
32, 91
32, 27
32, 92
32, 28
32, 29
32, 93
32, 30
32, 94
32, 31
32, 95
32, 32
32, 96
32, 33
32, 97
32, 98
32, 34
32, 99
32, 35
32, 36
32, 100
32, 37
32, 101
32, 38
32, 102
32, 39
32, 103
32, 104
32, 40
32, 105
32, 41
32, 42
32, 106
32, 43
32, 107
32, 44
32, 108
32, 109
32, 45
32, 46
32, 110
32, 111
32, 47
32, 112
32, 48
32, 49
32, 113
32, 50
32, 114
32, 51
32, 115
32, 52
32, 116
32, 117
32, 53
32, 118
32, 54
32, 55
32, 119
32, 56
32, 120
32, 57
32, 121
32, 122
32, 58
32, 59
32, 123
32, 124
32, 60
32, 125
32, 61
32, 62
32, 126
32, 63
32, 127
97, 128
97, 64
97, 65
97, 1
97, 129
97, 130
97, 66
97, 2
97, 131
97, 3
97, 67
97, 4
97, 68
97, 132
97, 5
97, 69
97, 133
97, 6
97, 70
97, 134
97, 71
97, 7
97, 135
97, 72
97, 8
97, 136
97, 137
97, 9
97, 73
97, 138
97, 10
97, 74
97, 11
97, 75
97, 139
97, 76
97, 140
97, 12
97, 13
97, 141
97, 77
97, 78
97, 14
97, 142
97, 143
97, 79
97, 15
97, 144
97, 16
97, 80
97, 17
97, 81
97, 145
97, 18
97, 82
97, 146
97, 19
97, 83
97, 147
97, 84
97, 20
97, 148
97, 85
97, 21
97, 149
97, 150
97, 22
97, 86
97, 23
97, 87
97, 24
97, 88
97, 89
97, 25
97, 26
97, 90
97, 91
97, 27
97, 92
97, 28
97, 29
97, 93
97, 30
97, 94
97, 31
97, 95
97, 32
97, 96
97, 97
97, 33
97, 34
97, 98
97, 99
97, 35
97, 36
97, 100
97, 37
97, 101
97, 102
97, 38
97, 39
97, 103
97, 104
97, 40
97, 105
97, 41
97, 42
97, 106
97, 43
97, 107
97, 44
97, 108
97, 45
97, 109
97, 46
97, 110
97, 111
97, 47
97, 112
97, 48
97, 49
97, 113
97, 50
97, 114
97, 115
97, 51
97, 52
97, 116
97, 117
97, 53
97, 118
97, 54
97, 55
97, 119
97, 56
97, 120
97, 57
97, 121
97, 58
97, 122
97, 59
97, 123
97, 124
97, 60
97, 125
97, 61
97, 62
97, 126
97, 63
97, 127
33, 64
33, 128
33, 1
33, 65
33, 129
33, 66
33, 2
33, 130
33, 131
33, 3
33, 67
33, 132
33, 4
33, 68
33, 5
33, 69
33, 133
33, 6
33, 70
33, 134
33, 7
33, 71
33, 135
33, 8
33, 136
33, 72
33, 73
33, 9
33, 137
33, 138
33, 74
33, 10
33, 139
33, 11
33, 75
33, 12
33, 76
33, 140
33, 77
33, 141
33, 13
33, 14
33, 78
33, 142
33, 79
33, 15
33, 143
33, 80
33, 144
33, 16
33, 145
33, 17
33, 81
33, 18
33, 82
33, 146
33, 19
33, 83
33, 147
33, 20
33, 84
33, 148
33, 21
33, 149
33, 85
33, 86
33, 22
33, 150
33, 87
33, 23
33, 24
33, 88
33, 25
33, 89
33, 26
33, 90
33, 27
33, 91
33, 92
33, 28
33, 93
33, 29
33, 30
33, 94
33, 31
33, 95
33, 32
33, 96
33, 33
33, 97
33, 34
33, 98
33, 99
33, 35
33, 100
33, 36
33, 37
33, 101
33, 38
33, 102
33, 39
33, 103
33, 40
33, 104
33, 105
33, 41
33, 106
33, 42
33, 43
33, 107
33, 44
33, 108
33, 45
33, 109
33, 110
33, 46
33, 47
33, 111
33, 112
33, 48
33, 113
33, 49
33, 50
33, 114
33, 51
33, 115
33, 52
33, 116
33, 53
33, 117
33, 118
33, 54
33, 119
33, 55
33, 56
33, 120
33, 57
33, 121
33, 58
33, 122
33, 123
33, 59
33, 60
33, 124
33, 125
33, 61
33, 126
33, 62
33, 63
33, 127
98, 64
98, 128
98, 1
98, 129
98, 65
98, 66
98, 2
98, 130
98, 131
98, 3
98, 67
98, 132
98, 4
98, 68
98, 5
98, 69
98, 133
98, 6
98, 70
98, 134
98, 7
98, 71
98, 135
98, 72
98, 8
98, 136
98, 73
98, 9
98, 137
98, 138
98, 10
98, 74
98, 139
98, 11
98, 75
98, 12
98, 76
98, 140
98, 77
98, 141
98, 13
98, 14
98, 142
98, 78
98, 79
98, 15
98, 143
98, 80
98, 144
98, 16
98, 145
98, 17
98, 81
98, 18
98, 82
98, 146
98, 19
98, 83
98, 147
98, 20
98, 84
98, 148
98, 85
98, 21
98, 149
98, 86
98, 22
98, 150
98, 23
98, 87
98, 24
98, 88
98, 25
98, 89
98, 90
98, 26
98, 27
98, 91
98, 92
98, 28
98, 93
98, 29
98, 30
98, 94
98, 31
98, 95
98, 32
98, 96
98, 33
98, 97
98, 98
98, 34
98, 35
98, 99
98, 100
98, 36
98, 37
98, 101
98, 38
98, 102
98, 103
98, 39
98, 40
98, 104
98, 105
98, 41
98, 106
98, 42
98, 43
98, 107
98, 44
98, 108
98, 45
98, 109
98, 46
98, 110
98, 47
98, 111
98, 112
98, 48
98, 113
98, 49
98, 50
98, 114
98, 51
98, 115
98, 116
98, 52
98, 53
98, 117
98, 118
98, 54
98, 119
98, 55
98, 56
98, 120
98, 57
98, 121
98, 58
98, 122
98, 59
98, 123
98, 60
98, 124
98, 125
98, 61
98, 126
98, 62
98, 63
98, 127
34, 64
34, 128
34, 65
34, 129
34, 1
34, 2
34, 66
34, 130
34, 67
34, 3
34, 131
34, 132
34, 68
34, 4
34, 133
34, 5
34, 69
34, 6
34, 70
34, 134
34, 7
34, 71
34, 135
34, 8
34, 72
34, 136
34, 9
34, 137
34, 73
34, 74
34, 10
34, 138
34, 139
34, 75
34, 11
34, 140
34, 12
34, 76
34, 13
34, 77
34, 141
34, 78
34, 142
34, 14
34, 15
34, 79
34, 143
34, 80
34, 16
34, 144
34, 145
34, 81
34, 17
34, 146
34, 18
34, 82
34, 19
34, 83
34, 147
34, 20
34, 84
34, 148
34, 21
34, 85
34, 149
34, 22
34, 150
34, 86
34, 87
34, 23
34, 88
34, 24
34, 25
34, 89
34, 26
34, 90
34, 27
34, 91
34, 28
34, 92
34, 93
34, 29
34, 94
34, 30
34, 31
34, 95
34, 32
34, 96
34, 33
34, 97
34, 34
34, 98
34, 35
34, 99
34, 100
34, 36
34, 101
34, 37
34, 38
34, 102
34, 39
34, 103
34, 40
34, 104
34, 41
34, 105
34, 106
34, 42
34, 107
34, 43
34, 44
34, 108
34, 45
34, 109
34, 46
34, 110
34, 111
34, 47
34, 48
34, 112
34, 113
34, 49
34, 114
34, 50
34, 51
34, 115
34, 52
34, 116
34, 53
34, 117
34, 54
34, 118
34, 119
34, 55
34, 120
34, 56
34, 57
34, 121
34, 58
34, 122
34, 59
34, 123
34, 124
34, 60
34, 61
34, 125
34, 126
34, 62
34, 127
34, 63
99, 64
99, 128
99, 65
99, 129
99, 1
99, 2
99, 130
99, 66
99, 67
99, 3
99, 131
99, 132
99, 68
99, 4
99, 133
99, 5
99, 69
99, 6
99, 70
99, 134
99, 7
99, 71
99, 135
99, 8
99, 72
99, 136
99, 73
99, 9
99, 137
99, 74
99, 10
99, 138
99, 139
99, 11
99, 75
99, 140
99, 12
99, 76
99, 13
99, 77
99, 141
99, 78
99, 142
99, 14
99, 15
99, 143
99, 79
99, 80
99, 16
99, 144
99, 145
99, 81
99, 17
99, 146
99, 18
99, 82
99, 19
99, 83
99, 147
99, 20
99, 84
99, 148
99, 21
99, 85
99, 149
99, 86
99, 22
99, 150
99, 87
99, 23
99, 24
99, 88
99, 25
99, 89
99, 26
99, 90
99, 91
99, 27
99, 28
99, 92
99, 93
99, 29
99, 94
99, 30
99, 31
99, 95
99, 32
99, 96
99, 33
99, 97
99, 34
99, 98
99, 99
99, 35
99, 36
99, 100
99, 101
99, 37
99, 38
99, 102
99, 39
99, 103
99, 104
99, 40
99, 41
99, 105
99, 106
99, 42
99, 107
99, 43
99, 44
99, 108
99, 45
99, 109
99, 46
99, 110
99, 47
99, 111
99, 48
99, 112
99, 113
99, 49
99, 114
99, 50
99, 51
99, 115
99, 52
99, 116
99, 117
99, 53
99, 54
99, 118
99, 119
99, 55
99, 120
99, 56
99, 57
99, 121
99, 58
99, 122
99, 59
99, 123
99, 60
99, 124
99, 61
99, 125
99, 126
99, 62
99, 127
99, 63
35, 128
35, 64
35, 1
35, 65
35, 129
35, 66
35, 130
35, 2
35, 3
35, 67
35, 131
35, 68
35, 4
35, 132
35, 133
35, 69
35, 5
35, 134
35, 6
35, 70
35, 7
35, 71
35, 135
35, 8
35, 72
35, 136
35, 9
35, 73
35, 137
35, 10
35, 138
35, 74
35, 75
35, 11
35, 139
35, 140
35, 76
35, 12
35, 141
35, 13
35, 77
35, 14
35, 78
35, 142
35, 79
35, 143
35, 15
35, 16
35, 80
35, 144
35, 81
35, 17
35, 145
35, 146
35, 82
35, 18
35, 147
35, 19
35, 83
35, 20
35, 84
35, 148
35, 21
35, 85
35, 149
35, 22
35, 86
35, 150
35, 23
35, 87
35, 88
35, 24
35, 89
35, 25
35, 26
35, 90
35, 27
35, 91
35, 28
35, 92
35, 29
35, 93
35, 94
35, 30
35, 95
35, 31
35, 32
35, 96
35, 33
35, 97
35, 34
35, 98
35, 35
35, 99
35, 36
35, 100
35, 101
35, 37
35, 102
35, 38
35, 39
35, 103
35, 40
35, 104
35, 41
35, 105
35, 42
35, 106
35, 107
35, 43
35, 108
35, 44
35, 45
35, 109
35, 46
35, 110
35, 47
35, 111
35, 112
35, 48
35, 49
35, 113
35, 114
35, 50
35, 115
35, 51
35, 52
35, 116
35, 53
35, 117
35, 54
35, 118
35, 55
35, 119
35, 120
35, 56
35, 121
35, 57
35, 58
35, 122
35, 59
35, 123
35, 60
35, 124
35, 125
35, 61
35, 62
35, 126
35, 127
35, 63
100, 128
100, 64
100, 1
100, 65
100, 129
100, 66
100, 130
100, 2
100, 3
100, 131
100, 67
100, 68
100, 4
100, 132
100, 133
100, 69
100, 5
100, 134
100, 6
100, 70
100, 7
100, 71
100, 135
100, 8
100, 72
100, 136
100, 9
100, 73
100, 137
100, 74
100, 10
100, 138
100, 75
100, 11
100, 139
100, 140
100, 12
100, 76
100, 141
100, 13
100, 77
100, 14
100, 78
100, 142
100, 79
100, 143
100, 15
100, 16
100, 144
100, 80
100, 81
100, 17
100, 145
100, 146
100, 82
100, 18
100, 147
100, 19
100, 83
100, 20
100, 84
100, 148
100, 21
100, 85
100, 149
100, 22
100, 86
100, 150
100, 87
100, 23
100, 88
100, 24
100, 25
100, 89
100, 26
100, 90
100, 27
100, 91
100, 92
100, 28
100, 29
100, 93
100, 94
100, 30
100, 95
100, 31
100, 32
100, 96
100, 33
100, 97
100, 34
100, 98
100, 35
100, 99
100, 100
100, 36
100, 37
100, 101
100, 102
100, 38
100, 39
100, 103
100, 40
100, 104
100, 105
100, 41
100, 42
100, 106
100, 107
100, 43
100, 108
100, 44
100, 45
100, 109
100, 46
100, 110
100, 47
100, 111
100, 48
100, 112
100, 49
100, 113
100, 114
100, 50
100, 115
100, 51
100, 52
100, 116
100, 53
100, 117
100, 118
100, 54
100, 55
100, 119
100, 120
100, 56
100, 121
100, 57
100, 58
100, 122
100, 59
100, 123
100, 60
100, 124
100, 61
100, 125
100, 62
100, 126
100, 127
100, 63
36, 128
36, 64
36, 129
36, 1
36, 65
36, 2
36, 66
36, 130
36, 67
36, 131
36, 3
36, 4
36, 68
36, 132
36, 69
36, 5
36, 133
36, 134
36, 70
36, 6
36, 135
36, 7
36, 71
36, 8
36, 72
36, 136
36, 9
36, 73
36, 137
36, 10
36, 74
36, 138
36, 11
36, 139
36, 75
36, 76
36, 12
36, 140
36, 141
36, 77
36, 13
36, 142
36, 14
36, 78
36, 15
36, 79
36, 143
36, 80
36, 144
36, 16
36, 17
36, 81
36, 145
36, 82
36, 18
36, 146
36, 147
36, 83
36, 19
36, 148
36, 20
36, 84
36, 21
36, 85
36, 149
36, 22
36, 86
36, 150
36, 23
36, 87
36, 24
36, 88
36, 89
36, 25
36, 90
36, 26
36, 27
36, 91
36, 28
36, 92
36, 29
36, 93
36, 30
36, 94
36, 95
36, 31
36, 96
36, 32
36, 33
36, 97
36, 34
36, 98
36, 35
36, 99
36, 36
36, 100
36, 37
36, 101
36, 102
36, 38
36, 103
36, 39
36, 40
36, 104
36, 41
36, 105
36, 42
36, 106
36, 43
36, 107
36, 108
36, 44
36, 109
36, 45
36, 46
36, 110
36, 47
36, 111
36, 48
36, 112
36, 113
36, 49
36, 50
36, 114
36, 115
36, 51
36, 116
36, 52
36, 53
36, 117
36, 54
36, 118
36, 55
36, 119
36, 56
36, 120
36, 121
36, 57
36, 122
36, 58
36, 59
36, 123
36, 60
36, 124
36, 61
36, 125
36, 126
36, 62
36, 63
36, 127
101, 128
101, 64
101, 129
101, 1
101, 65
101, 2
101, 66
101, 130
101, 67
101, 131
101, 3
101, 4
101, 132
101, 68
101, 69
101, 5
101, 133
101, 134
101, 70
101, 6
101, 135
101, 7
101, 71
101, 8
101, 72
101, 136
101, 9
101, 73
101, 137
101, 10
101, 74
101, 138
101, 75
101, 11
101, 139
101, 76
101, 12
101, 140
101, 141
101, 13
101, 77
101, 142
101, 14
101, 78
101, 15
101, 79
101, 143
101, 80
101, 144
101, 16
101, 17
101, 145
101, 81
101, 82
101, 18
101, 146
101, 147
101, 83
101, 19
101, 148
101, 20
101, 84
101, 21
101, 85
101, 149
101, 22
101, 86
101, 150
101, 23
101, 87
101, 88
101, 24
101, 89
101, 25
101, 26
101, 90
101, 27
101, 91
101, 28
101, 92
101, 93
101, 29
101, 30
101, 94
101, 95
101, 31
101, 96
101, 32
101, 33
101, 97
101, 34
101, 98
101, 35
101, 99
101, 36
101, 100
101, 101
101, 37
101, 38
101, 102
101, 103
101, 39
101, 40
101, 104
101, 41
101, 105
101, 106
101, 42
101, 43
101, 107
101, 108
101, 44
101, 109
101, 45
101, 46
101, 110
101, 47
101, 111
101, 48
101, 112
101, 49
101, 113
101, 50
101, 114
101, 115
101, 51
101, 116
101, 52
101, 53
101, 117
101, 54
101, 118
101, 119
101, 55
101, 56
101, 120
101, 121
101, 57
101, 122
101, 58
101, 59
101, 123
101, 60
101, 124
101, 61
101, 125
101, 62
101, 126
101, 63
101, 127
37, 64
37, 128
37, 129
37, 65
37, 1
37, 130
37, 2
37, 66
37, 3
37, 67
37, 131
37, 68
37, 132
37, 4
37, 5
37, 69
37, 133
37, 70
37, 6
37, 134
37, 135
37, 71
37, 7
37, 136
37, 8
37, 72
37, 9
37, 73
37, 137
37, 10
37, 74
37, 138
37, 11
37, 75
37, 139
37, 12
37, 140
37, 76
37, 77
37, 13
37, 141
37, 142
37, 78
37, 14
37, 143
37, 15
37, 79
37, 16
37, 80
37, 144
37, 81
37, 145
37, 17
37, 18
37, 82
37, 146
37, 83
37, 19
37, 147
37, 148
37, 84
37, 20
37, 149
37, 21
37, 85
37, 22
37, 86
37, 150
37, 23
37, 87
37, 24
37, 88
37, 25
37, 89
37, 90
37, 26
37, 91
37, 27
37, 28
37, 92
37, 29
37, 93
37, 30
37, 94
37, 31
37, 95
37, 96
37, 32
37, 97
37, 33
37, 34
37, 98
37, 35
37, 99
37, 36
37, 100
37, 37
37, 101
37, 38
37, 102
37, 103
37, 39
37, 104
37, 40
37, 41
37, 105
37, 42
37, 106
37, 43
37, 107
37, 44
37, 108
37, 109
37, 45
37, 110
37, 46
37, 47
37, 111
37, 48
37, 112
37, 49
37, 113
37, 114
37, 50
37, 51
37, 115
37, 116
37, 52
37, 117
37, 53
37, 54
37, 118
37, 55
37, 119
37, 56
37, 120
37, 57
37, 121
37, 122
37, 58
37, 123
37, 59
37, 60
37, 124
37, 61
37, 125
37, 62
37, 126
37, 127
37, 63
102, 64
102, 128
102, 129
102, 1
102, 65
102, 130
102, 2
102, 66
102, 3
102, 67
102, 131
102, 68
102, 132
102, 4
102, 5
102, 133
102, 69
102, 70
102, 6
102, 134
102, 135
102, 71
102, 7
102, 136
102, 8
102, 72
102, 9
102, 73
102, 137
102, 10
102, 74
102, 138
102, 11
102, 75
102, 139
102, 76
102, 12
102, 140
102, 77
102, 13
102, 141
102, 142
102, 14
102, 78
102, 143
102, 15
102, 79
102, 16
102, 80
102, 144
102, 81
102, 145
102, 17
102, 18
102, 146
102, 82
102, 83
102, 19
102, 147
102, 148
102, 84
102, 20
102, 149
102, 21
102, 85
102, 22
102, 86
102, 150
102, 23
102, 87
102, 24
102, 88
102, 89
102, 25
102, 90
102, 26
102, 27
102, 91
102, 28
102, 92
102, 29
102, 93
102, 94
102, 30
102, 31
102, 95
102, 96
102, 32
102, 97
102, 33
102, 34
102, 98
102, 35
102, 99
102, 36
102, 100
102, 37
102, 101
102, 102
102, 38
102, 39
102, 103
102, 104
102, 40
102, 41
102, 105
102, 42
102, 106
102, 107
102, 43
102, 44
102, 108
102, 109
102, 45
102, 110
102, 46
102, 47
102, 111
102, 48
102, 112
102, 49
102, 113
102, 50
102, 114
102, 51
102, 115
102, 116
102, 52
102, 117
102, 53
102, 54
102, 118
102, 55
102, 119
102, 120
102, 56
102, 57
102, 121
102, 122
102, 58
102, 123
102, 59
102, 60
102, 124
102, 61
102, 125
102, 62
102, 126
102, 63
102, 127
38, 128
38, 64
38, 65
38, 1
38, 129
38, 130
38, 66
38, 2
38, 131
38, 3
38, 67
38, 4
38, 68
38, 132
38, 69
38, 133
38, 5
38, 6
38, 70
38, 134
38, 71
38, 7
38, 135
38, 136
38, 72
38, 8
38, 137
38, 9
38, 73
38, 10
38, 74
38, 138
38, 11
38, 75
38, 139
38, 12
38, 76
38, 140
38, 13
38, 141
38, 77
38, 78
38, 14
38, 142
38, 143
38, 79
38, 15
38, 144
38, 16
38, 80
38, 17
38, 81
38, 145
38, 82
38, 146
38, 18
38, 19
38, 83
38, 147
38, 84
38, 20
38, 148
38, 149
38, 85
38, 21
38, 150
38, 22
38, 86
38, 23
38, 87
38, 24
38, 88
38, 25
38, 89
38, 26
38, 90
38, 91
38, 27
38, 92
38, 28
38, 29
38, 93
38, 30
38, 94
38, 31
38, 95
38, 32
38, 96
38, 97
38, 33
38, 98
38, 34
38, 35
38, 99
38, 36
38, 100
38, 37
38, 101
38, 38
38, 102
38, 39
38, 103
38, 104
38, 40
38, 105
38, 41
38, 42
38, 106
38, 43
38, 107
38, 44
38, 108
38, 45
38, 109
38, 110
38, 46
38, 111
38, 47
38, 48
38, 112
38, 49
38, 113
38, 50
38, 114
38, 115
38, 51
38, 52
38, 116
38, 117
38, 53
38, 118
38, 54
38, 55
38, 119
38, 56
38, 120
38, 57
38, 121
38, 58
38, 122
38, 123
38, 59
38, 124
38, 60
38, 61
38, 125
38, 62
38, 126
38, 63
38, 127
103, 64
103, 128
103, 65
103, 1
103, 129
103, 130
103, 2
103, 66
103, 131
103, 3
103, 67
103, 4
103, 68
103, 132
103, 69
103, 133
103, 5
103, 6
103, 134
103, 70
103, 71
103, 7
103, 135
103, 136
103, 72
103, 8
103, 137
103, 9
103, 73
103, 10
103, 74
103, 138
103, 11
103, 75
103, 139
103, 12
103, 76
103, 140
103, 77
103, 13
103, 141
103, 78
103, 14
103, 142
103, 143
103, 15
103, 79
103, 144
103, 16
103, 80
103, 17
103, 81
103, 145
103, 82
103, 146
103, 18
103, 19
103, 147
103, 83
103, 84
103, 20
103, 148
103, 149
103, 85
103, 21
103, 150
103, 22
103, 86
103, 23
103, 87
103, 24
103, 88
103, 25
103, 89
103, 90
103, 26
103, 91
103, 27
103, 28
103, 92
103, 29
103, 93
103, 30
103, 94
103, 95
103, 31
103, 32
103, 96
103, 97
103, 33
103, 98
103, 34
103, 35
103, 99
103, 36
103, 100
103, 37
103, 101
103, 38
103, 102
103, 103
103, 39
103, 40
103, 104
103, 105
103, 41
103, 42
103, 106
103, 43
103, 107
103, 108
103, 44
103, 45
103, 109
103, 110
103, 46
103, 111
103, 47
103, 48
103, 112
103, 49
103, 113
103, 50
103, 114
103, 51
103, 115
103, 52
103, 116
103, 117
103, 53
103, 118
103, 54
103, 55
103, 119
103, 56
103, 120
103, 121
103, 57
103, 58
103, 122
103, 123
103, 59
103, 124
103, 60
103, 61
103, 125
103, 62
103, 126
103, 63
103, 127
39, 64
39, 128
39, 1
39, 129
39, 65
39, 66
39, 2
39, 130
39, 131
39, 67
39, 3
39, 132
39, 4
39, 68
39, 5
39, 69
39, 133
39, 70
39, 134
39, 6
39, 7
39, 71
39, 135
39, 72
39, 8
39, 136
39, 137
39, 73
39, 9
39, 138
39, 10
39, 74
39, 11
39, 75
39, 139
39, 12
39, 76
39, 140
39, 13
39, 77
39, 141
39, 14
39, 142
39, 78
39, 79
39, 15
39, 143
39, 144
39, 80
39, 16
39, 145
39, 17
39, 81
39, 18
39, 82
39, 146
39, 83
39, 147
39, 19
39, 20
39, 84
39, 148
39, 85
39, 21
39, 149
39, 150
39, 86
39, 22
39, 23
39, 87
39, 24
39, 88
39, 25
39, 89
39, 26
39, 90
39, 27
39, 91
39, 92
39, 28
39, 93
39, 29
39, 30
39, 94
39, 31
39, 95
39, 32
39, 96
39, 33
39, 97
39, 98
39, 34
39, 99
39, 35
39, 36
39, 100
39, 37
39, 101
39, 38
39, 102
39, 39
39, 103
39, 40
39, 104
39, 105
39, 41
39, 106
39, 42
39, 43
39, 107
39, 44
39, 108
39, 45
39, 109
39, 46
39, 110
39, 111
39, 47
39, 112
39, 48
39, 49
39, 113
39, 50
39, 114
39, 51
39, 115
39, 116
39, 52
39, 53
39, 117
39, 118
39, 54
39, 119
39, 55
39, 56
39, 120
39, 57
39, 121
39, 58
39, 122
39, 59
39, 123
39, 124
39, 60
39, 125
39, 61
39, 62
39, 126
39, 63
39, 127
104, 64
104, 128
104, 65
104, 1
104, 129
104, 66
104, 2
104, 130
104, 131
104, 3
104, 67
104, 132
104, 4
104, 68
104, 5
104, 69
104, 133
104, 70
104, 134
104, 6
104, 7
104, 135
104, 71
104, 72
104, 8
104, 136
104, 137
104, 73
104, 9
104, 138
104, 10
104, 74
104, 11
104, 75
104, 139
104, 12
104, 76
104, 140
104, 13
104, 77
104, 141
104, 78
104, 14
104, 142
104, 79
104, 15
104, 143
104, 144
104, 16
104, 80
104, 145
104, 17
104, 81
104, 18
104, 82
104, 146
104, 83
104, 147
104, 19
104, 20
104, 148
104, 84
104, 85
104, 21
104, 149
104, 150
104, 86
104, 22
104, 23
104, 87
104, 24
104, 88
104, 25
104, 89
104, 26
104, 90
104, 91
104, 27
104, 92
104, 28
104, 29
104, 93
104, 30
104, 94
104, 31
104, 95
104, 96
104, 32
104, 33
104, 97
104, 98
104, 34
104, 99
104, 35
104, 36
104, 100
104, 37
104, 101
104, 38
104, 102
104, 39
104, 103
104, 104
104, 40
104, 41
104, 105
104, 106
104, 42
104, 43
104, 107
104, 44
104, 108
104, 109
104, 45
104, 46
104, 110
104, 111
104, 47
104, 112
104, 48
104, 49
104, 113
104, 50
104, 114
104, 51
104, 115
104, 52
104, 116
104, 53
104, 117
104, 118
104, 54
104, 119
104, 55
104, 56
104, 120
104, 57
104, 121
104, 122
104, 58
104, 59
104, 123
104, 124
104, 60
104, 125
104, 61
104, 62
104, 126
104, 63
104, 127
40, 64
40, 128
40, 1
40, 65
40, 129
40, 2
40, 130
40, 66
40, 67
40, 3
40, 131
40, 132
40, 68
40, 4
40, 133
40, 5
40, 69
40, 6
40, 70
40, 134
40, 71
40, 135
40, 7
40, 8
40, 72
40, 136
40, 73
40, 9
40, 137
40, 138
40, 74
40, 10
40, 139
40, 11
40, 75
40, 12
40, 76
40, 140
40, 13
40, 77
40, 141
40, 14
40, 78
40, 142
40, 15
40, 143
40, 79
40, 80
40, 16
40, 144
40, 145
40, 81
40, 17
40, 146
40, 18
40, 82
40, 19
40, 83
40, 147
40, 84
40, 148
40, 20
40, 21
40, 85
40, 149
40, 86
40, 22
40, 150
40, 87
40, 23
40, 24
40, 88
40, 25
40, 89
40, 26
40, 90
40, 27
40, 91
40, 28
40, 92
40, 93
40, 29
40, 94
40, 30
40, 31
40, 95
40, 32
40, 96
40, 33
40, 97
40, 34
40, 98
40, 99
40, 35
40, 100
40, 36
40, 37
40, 101
40, 38
40, 102
40, 39
40, 103
40, 40
40, 104
40, 41
40, 105
40, 106
40, 42
40, 107
40, 43
40, 44
40, 108
40, 45
40, 109
40, 46
40, 110
40, 47
40, 111
40, 112
40, 48
40, 113
40, 49
40, 50
40, 114
40, 51
40, 115
40, 52
40, 116
40, 117
40, 53
40, 54
40, 118
40, 119
40, 55
40, 120
40, 56
40, 57
40, 121
40, 58
40, 122
40, 59
40, 123
40, 60
40, 124
40, 125
40, 61
40, 126
40, 62
40, 63
40, 127
105, 64
105, 128
105, 1
105, 65
105, 129
105, 66
105, 2
105, 130
105, 3
105, 67
105, 131
105, 132
105, 4
105, 68
105, 133
105, 5
105, 69
105, 6
105, 70
105, 134
105, 71
105, 135
105, 7
105, 8
105, 136
105, 72
105, 73
105, 9
105, 137
105, 138
105, 74
105, 10
105, 139
105, 11
105, 75
105, 12
105, 76
105, 140
105, 13
105, 77
105, 141
105, 14
105, 78
105, 142
105, 79
105, 15
105, 143
105, 80
105, 16
105, 144
105, 145
105, 17
105, 81
105, 146
105, 18
105, 82
105, 19
105, 83
105, 147
105, 84
105, 148
105, 20
105, 21
105, 149
105, 85
105, 86
105, 22
105, 150
105, 87
105, 23
105, 24
105, 88
105, 25
105, 89
105, 26
105, 90
105, 27
105, 91
105, 92
105, 28
105, 93
105, 29
105, 30
105, 94
105, 31
105, 95
105, 32
105, 96
105, 97
105, 33
105, 34
105, 98
105, 99
105, 35
105, 100
105, 36
105, 37
105, 101
105, 38
105, 102
105, 39
105, 103
105, 40
105, 104
105, 105
105, 41
105, 42
105, 106
105, 107
105, 43
105, 44
105, 108
105, 45
105, 109
105, 110
105, 46
105, 47
105, 111
105, 112
105, 48
105, 113
105, 49
105, 50
105, 114
105, 51
105, 115
105, 52
105, 116
105, 53
105, 117
105, 54
105, 118
105, 119
105, 55
105, 120
105, 56
105, 57
105, 121
105, 58
105, 122
105, 123
105, 59
105, 60
105, 124
105, 125
105, 61
105, 126
105, 62
105, 63
105, 127
41, 64
41, 128
41, 1
41, 65
41, 129
41, 2
41, 66
41, 130
41, 3
41, 131
41, 67
41, 68
41, 4
41, 132
41, 133
41, 69
41, 5
41, 134
41, 6
41, 70
41, 7
41, 71
41, 135
41, 72
41, 136
41, 8
41, 9
41, 73
41, 137
41, 74
41, 10
41, 138
41, 139
41, 75
41, 11
41, 140
41, 12
41, 76
41, 13
41, 77
41, 141
41, 14
41, 78
41, 142
41, 15
41, 79
41, 143
41, 16
41, 144
41, 80
41, 81
41, 17
41, 145
41, 146
41, 82
41, 18
41, 147
41, 19
41, 83
41, 20
41, 84
41, 148
41, 85
41, 149
41, 21
41, 22
41, 86
41, 150
41, 87
41, 23
41, 88
41, 24
41, 25
41, 89
41, 26
41, 90
41, 27
41, 91
41, 28
41, 92
41, 29
41, 93
41, 94
41, 30
41, 95
41, 31
41, 32
41, 96
41, 33
41, 97
41, 34
41, 98
41, 35
41, 99
41, 100
41, 36
41, 101
41, 37
41, 38
41, 102
41, 39
41, 103
41, 40
41, 104
41, 41
41, 105
41, 42
41, 106
41, 107
41, 43
41, 108
41, 44
41, 45
41, 109
41, 46
41, 110
41, 47
41, 111
41, 48
41, 112
41, 113
41, 49
41, 114
41, 50
41, 51
41, 115
41, 52
41, 116
41, 53
41, 117
41, 118
41, 54
41, 55
41, 119
41, 120
41, 56
41, 121
41, 57
41, 58
41, 122
41, 59
41, 123
41, 60
41, 124
41, 61
41, 125
41, 126
41, 62
41, 127
41, 63
106, 64
106, 128
106, 1
106, 65
106, 129
106, 2
106, 66
106, 130
106, 67
106, 3
106, 131
106, 68
106, 4
106, 132
106, 133
106, 5
106, 69
106, 134
106, 6
106, 70
106, 7
106, 71
106, 135
106, 72
106, 136
106, 8
106, 9
106, 137
106, 73
106, 74
106, 10
106, 138
106, 139
106, 75
106, 11
106, 140
106, 12
106, 76
106, 13
106, 77
106, 141
106, 14
106, 78
106, 142
106, 15
106, 79
106, 143
106, 80
106, 16
106, 144
106, 81
106, 17
106, 145
106, 146
106, 18
106, 82
106, 147
106, 19
106, 83
106, 20
106, 84
106, 148
106, 85
106, 149
106, 21
106, 22
106, 150
106, 86
106, 87
106, 23
106, 88
106, 24
106, 25
106, 89
106, 26
106, 90
106, 27
106, 91
106, 28
106, 92
106, 93
106, 29
106, 94
106, 30
106, 31
106, 95
106, 32
106, 96
106, 33
106, 97
106, 98
106, 34
106, 35
106, 99
106, 100
106, 36
106, 101
106, 37
106, 38
106, 102
106, 39
106, 103
106, 40
106, 104
106, 41
106, 105
106, 106
106, 42
106, 43
106, 107
106, 108
106, 44
106, 45
106, 109
106, 46
106, 110
106, 111
106, 47
106, 48
106, 112
106, 113
106, 49
106, 114
106, 50
106, 51
106, 115
106, 52
106, 116
106, 53
106, 117
106, 54
106, 118
106, 55
106, 119
106, 120
106, 56
106, 121
106, 57
106, 58
106, 122
106, 59
106, 123
106, 124
106, 60
106, 61
106, 125
106, 126
106, 62
106, 127
106, 63
42, 128
42, 64
42, 1
42, 65
42, 129
42, 2
42, 66
42, 130
42, 3
42, 67
42, 131
42, 4
42, 132
42, 68
42, 69
42, 5
42, 133
42, 134
42, 70
42, 6
42, 135
42, 7
42, 71
42, 8
42, 72
42, 136
42, 73
42, 137
42, 9
42, 10
42, 74
42, 138
42, 75
42, 11
42, 139
42, 140
42, 76
42, 12
42, 141
42, 13
42, 77
42, 14
42, 78
42, 142
42, 15
42, 79
42, 143
42, 16
42, 80
42, 144
42, 17
42, 145
42, 81
42, 82
42, 18
42, 146
42, 147
42, 83
42, 19
42, 148
42, 20
42, 84
42, 21
42, 85
42, 149
42, 86
42, 150
42, 22
42, 23
42, 87
42, 88
42, 24
42, 89
42, 25
42, 26
42, 90
42, 27
42, 91
42, 28
42, 92
42, 29
42, 93
42, 30
42, 94
42, 95
42, 31
42, 96
42, 32
42, 33
42, 97
42, 34
42, 98
42, 35
42, 99
42, 36
42, 100
42, 101
42, 37
42, 102
42, 38
42, 39
42, 103
42, 40
42, 104
42, 41
42, 105
42, 42
42, 106
42, 43
42, 107
42, 108
42, 44
42, 109
42, 45
42, 46
42, 110
42, 47
42, 111
42, 48
42, 112
42, 49
42, 113
42, 114
42, 50
42, 115
42, 51
42, 52
42, 116
42, 53
42, 117
42, 54
42, 118
42, 119
42, 55
42, 56
42, 120
42, 121
42, 57
42, 122
42, 58
42, 59
42, 123
42, 60
42, 124
42, 61
42, 125
42, 62
42, 126
42, 127
42, 63
107, 128
107, 64
107, 1
107, 65
107, 129
107, 2
107, 66
107, 130
107, 3
107, 67
107, 131
107, 68
107, 4
107, 132
107, 69
107, 5
107, 133
107, 134
107, 6
107, 70
107, 135
107, 7
107, 71
107, 8
107, 72
107, 136
107, 73
107, 137
107, 9
107, 10
107, 138
107, 74
107, 75
107, 11
107, 139
107, 140
107, 76
107, 12
107, 141
107, 13
107, 77
107, 14
107, 78
107, 142
107, 15
107, 79
107, 143
107, 16
107, 80
107, 144
107, 81
107, 17
107, 145
107, 82
107, 18
107, 146
107, 147
107, 19
107, 83
107, 148
107, 20
107, 84
107, 21
107, 85
107, 149
107, 86
107, 150
107, 22
107, 23
107, 87
107, 88
107, 24
107, 89
107, 25
107, 26
107, 90
107, 27
107, 91
107, 28
107, 92
107, 29
107, 93
107, 94
107, 30
107, 95
107, 31
107, 32
107, 96
107, 33
107, 97
107, 34
107, 98
107, 99
107, 35
107, 36
107, 100
107, 101
107, 37
107, 102
107, 38
107, 39
107, 103
107, 40
107, 104
107, 41
107, 105
107, 42
107, 106
107, 107
107, 43
107, 44
107, 108
107, 109
107, 45
107, 46
107, 110
107, 47
107, 111
107, 112
107, 48
107, 49
107, 113
107, 114
107, 50
107, 115
107, 51
107, 52
107, 116
107, 53
107, 117
107, 54
107, 118
107, 55
107, 119
107, 56
107, 120
107, 121
107, 57
107, 122
107, 58
107, 59
107, 123
107, 60
107, 124
107, 125
107, 61
107, 62
107, 126
107, 127
107, 63
43, 128
43, 64
43, 129
43, 1
43, 65
43, 2
43, 66
43, 130
43, 3
43, 67
43, 131
43, 4
43, 68
43, 132
43, 5
43, 133
43, 69
43, 70
43, 6
43, 134
43, 135
43, 71
43, 7
43, 136
43, 8
43, 72
43, 9
43, 73
43, 137
43, 74
43, 138
43, 10
43, 11
43, 75
43, 139
43, 76
43, 12
43, 140
43, 141
43, 77
43, 13
43, 142
43, 14
43, 78
43, 15
43, 79
43, 143
43, 16
43, 80
43, 144
43, 17
43, 81
43, 145
43, 18
43, 146
43, 82
43, 83
43, 19
43, 147
43, 148
43, 84
43, 20
43, 149
43, 21
43, 85
43, 22
43, 86
43, 150
43, 87
43, 23
43, 24
43, 88
43, 89
43, 25
43, 90
43, 26
43, 27
43, 91
43, 28
43, 92
43, 29
43, 93
43, 30
43, 94
43, 31
43, 95
43, 96
43, 32
43, 97
43, 33
43, 34
43, 98
43, 35
43, 99
43, 36
43, 100
43, 37
43, 101
43, 102
43, 38
43, 103
43, 39
43, 40
43, 104
43, 41
43, 105
43, 42
43, 106
43, 43
43, 107
43, 44
43, 108
43, 109
43, 45
43, 110
43, 46
43, 47
43, 111
43, 48
43, 112
43, 49
43, 113
43, 50
43, 114
43, 115
43, 51
43, 116
43, 52
43, 53
43, 117
43, 54
43, 118
43, 55
43, 119
43, 120
43, 56
43, 57
43, 121
43, 122
43, 58
43, 123
43, 59
43, 60
43, 124
43, 61
43, 125
43, 62
43, 126
43, 63
43, 127
108, 128
108, 64
108, 129
108, 1
108, 65
108, 2
108, 66
108, 130
108, 3
108, 67
108, 131
108, 4
108, 68
108, 132
108, 69
108, 5
108, 133
108, 70
108, 6
108, 134
108, 135
108, 7
108, 71
108, 136
108, 8
108, 72
108, 9
108, 73
108, 137
108, 74
108, 138
108, 10
108, 11
108, 139
108, 75
108, 76
108, 12
108, 140
108, 141
108, 77
108, 13
108, 142
108, 14
108, 78
108, 15
108, 79
108, 143
108, 16
108, 80
108, 144
108, 17
108, 81
108, 145
108, 82
108, 18
108, 146
108, 83
108, 19
108, 147
108, 148
108, 20
108, 84
108, 149
108, 21
108, 85
108, 22
108, 86
108, 150
108, 87
108, 23
108, 24
108, 88
108, 89
108, 25
108, 90
108, 26
108, 27
108, 91
108, 28
108, 92
108, 29
108, 93
108, 30
108, 94
108, 95
108, 31
108, 96
108, 32
108, 33
108, 97
108, 34
108, 98
108, 35
108, 99
108, 100
108, 36
108, 37
108, 101
108, 102
108, 38
108, 103
108, 39
108, 40
108, 104
108, 41
108, 105
108, 42
108, 106
108, 43
108, 107
108, 108
108, 44
108, 45
108, 109
108, 110
108, 46
108, 47
108, 111
108, 48
108, 112
108, 113
108, 49
108, 50
108, 114
108, 115
108, 51
108, 116
108, 52
108, 53
108, 117
108, 54
108, 118
108, 55
108, 119
108, 56
108, 120
108, 57
108, 121
108, 122
108, 58
108, 123
108, 59
108, 60
108, 124
108, 61
108, 125
108, 126
108, 62
108, 63
108, 127
44, 64
44, 128
44, 129
44, 65
44, 1
44, 130
44, 2
44, 66
44, 3
44, 67
44, 131
44, 4
44, 68
44, 132
44, 5
44, 69
44, 133
44, 6
44, 134
44, 70
44, 71
44, 7
44, 135
44, 136
44, 72
44, 8
44, 137
44, 9
44, 73
44, 10
44, 74
44, 138
44, 75
44, 139
44, 11
44, 12
44, 76
44, 140
44, 77
44, 13
44, 141
44, 142
44, 78
44, 14
44, 143
44, 15
44, 79
44, 16
44, 80
44, 144
44, 17
44, 81
44, 145
44, 18
44, 82
44, 146
44, 19
44, 147
44, 83
44, 84
44, 20
44, 148
44, 149
44, 85
44, 21
44, 150
44, 22
44, 86
44, 23
44, 87
44, 88
44, 24
44, 25
44, 89
44, 90
44, 26
44, 91
44, 27
44, 28
44, 92
44, 29
44, 93
44, 30
44, 94
44, 31
44, 95
44, 32
44, 96
44, 97
44, 33
44, 98
44, 34
44, 35
44, 99
44, 36
44, 100
44, 37
44, 101
44, 38
44, 102
44, 103
44, 39
44, 104
44, 40
44, 41
44, 105
44, 42
44, 106
44, 43
44, 107
44, 44
44, 108
44, 45
44, 109
44, 110
44, 46
44, 111
44, 47
44, 48
44, 112
44, 49
44, 113
44, 50
44, 114
44, 51
44, 115
44, 116
44, 52
44, 117
44, 53
44, 54
44, 118
44, 55
44, 119
44, 56
44, 120
44, 121
44, 57
44, 58
44, 122
44, 123
44, 59
44, 124
44, 60
44, 61
44, 125
44, 62
44, 126
44, 63
44, 127
109, 64
109, 128
109, 129
109, 65
109, 1
109, 130
109, 2
109, 66
109, 3
109, 67
109, 131
109, 4
109, 68
109, 132
109, 5
109, 69
109, 133
109, 70
109, 6
109, 134
109, 71
109, 7
109, 135
109, 136
109, 8
109, 72
109, 137
109, 9
109, 73
109, 10
109, 74
109, 138
109, 75
109, 139
109, 11
109, 12
109, 140
109, 76
109, 77
109, 13
109, 141
109, 142
109, 78
109, 14
109, 143
109, 15
109, 79
109, 16
109, 80
109, 144
109, 17
109, 81
109, 145
109, 18
109, 82
109, 146
109, 83
109, 19
109, 147
109, 84
109, 20
109, 148
109, 149
109, 21
109, 85
109, 150
109, 22
109, 86
109, 23
109, 87
109, 88
109, 24
109, 25
109, 89
109, 90
109, 26
109, 91
109, 27
109, 28
109, 92
109, 29
109, 93
109, 30
109, 94
109, 31
109, 95
109, 96
109, 32
109, 97
109, 33
109, 34
109, 98
109, 35
109, 99
109, 36
109, 100
109, 101
109, 37
109, 38
109, 102
109, 103
109, 39
109, 104
109, 40
109, 41
109, 105
109, 42
109, 106
109, 43
109, 107
109, 44
109, 108
109, 109
109, 45
109, 46
109, 110
109, 111
109, 47
109, 48
109, 112
109, 49
109, 113
109, 114
109, 50
109, 51
109, 115
109, 116
109, 52
109, 117
109, 53
109, 54
109, 118
109, 55
109, 119
109, 56
109, 120
109, 57
109, 121
109, 58
109, 122
109, 123
109, 59
109, 124
109, 60
109, 61
109, 125
109, 62
109, 126
109, 127
109, 63
45, 64
45, 128
45, 65
45, 1
45, 129
45, 130
45, 66
45, 2
45, 131
45, 3
45, 67
45, 4
45, 68
45, 132
45, 5
45, 69
45, 133
45, 6
45, 70
45, 134
45, 7
45, 135
45, 71
45, 72
45, 8
45, 136
45, 137
45, 73
45, 9
45, 138
45, 10
45, 74
45, 11
45, 75
45, 139
45, 76
45, 140
45, 12
45, 13
45, 77
45, 141
45, 78
45, 14
45, 142
45, 143
45, 79
45, 15
45, 144
45, 16
45, 80
45, 17
45, 81
45, 145
45, 18
45, 82
45, 146
45, 19
45, 83
45, 147
45, 20
45, 148
45, 84
45, 85
45, 21
45, 149
45, 150
45, 86
45, 22
45, 23
45, 87
45, 24
45, 88
45, 89
45, 25
45, 26
45, 90
45, 91
45, 27
45, 92
45, 28
45, 29
45, 93
45, 30
45, 94
45, 31
45, 95
45, 32
45, 96
45, 33
45, 97
45, 98
45, 34
45, 99
45, 35
45, 36
45, 100
45, 37
45, 101
45, 38
45, 102
45, 39
45, 103
45, 104
45, 40
45, 105
45, 41
45, 42
45, 106
45, 43
45, 107
45, 44
45, 108
45, 45
45, 109
45, 46
45, 110
45, 111
45, 47
45, 112
45, 48
45, 49
45, 113
45, 50
45, 114
45, 51
45, 115
45, 52
45, 116
45, 117
45, 53
45, 118
45, 54
45, 55
45, 119
45, 56
45, 120
45, 57
45, 121
45, 122
45, 58
45, 59
45, 123
45, 124
45, 60
45, 125
45, 61
45, 62
45, 126
45, 63
45, 127
110, 128
110, 64
110, 65
110, 1
110, 129
110, 130
110, 66
110, 2
110, 131
110, 3
110, 67
110, 4
110, 68
110, 132
110, 5
110, 69
110, 133
110, 6
110, 70
110, 134
110, 71
110, 7
110, 135
110, 72
110, 8
110, 136
110, 137
110, 9
110, 73
110, 138
110, 10
110, 74
110, 11
110, 75
110, 139
110, 76
110, 140
110, 12
110, 13
110, 141
110, 77
110, 78
110, 14
110, 142
110, 143
110, 79
110, 15
110, 144
110, 16
110, 80
110, 17
110, 81
110, 145
110, 18
110, 82
110, 146
110, 19
110, 83
110, 147
110, 84
110, 20
110, 148
110, 85
110, 21
110, 149
110, 150
110, 22
110, 86
110, 23
110, 87
110, 24
110, 88
110, 89
110, 25
110, 26
110, 90
110, 91
110, 27
110, 92
110, 28
110, 29
110, 93
110, 30
110, 94
110, 31
110, 95
110, 32
110, 96
110, 97
110, 33
110, 98
110, 34
110, 35
110, 99
110, 36
110, 100
110, 37
110, 101
110, 102
110, 38
110, 39
110, 103
110, 104
110, 40
110, 105
110, 41
110, 42
110, 106
110, 43
110, 107
110, 44
110, 108
110, 45
110, 109
110, 110
110, 46
110, 47
110, 111
110, 112
110, 48
110, 49
110, 113
110, 50
110, 114
110, 115
110, 51
110, 52
110, 116
110, 117
110, 53
110, 118
110, 54
110, 55
110, 119
110, 56
110, 120
110, 57
110, 121
110, 58
110, 122
110, 59
110, 123
110, 124
110, 60
110, 125
110, 61
110, 62
110, 126
110, 63
110, 127
46, 64
46, 128
46, 1
46, 65
46, 129
46, 66
46, 2
46, 130
46, 131
46, 3
46, 67
46, 132
46, 4
46, 68
46, 5
46, 69
46, 133
46, 6
46, 70
46, 134
46, 7
46, 71
46, 135
46, 8
46, 136
46, 72
46, 73
46, 9
46, 137
46, 138
46, 74
46, 10
46, 139
46, 11
46, 75
46, 12
46, 76
46, 140
46, 77
46, 141
46, 13
46, 14
46, 78
46, 142
46, 79
46, 15
46, 143
46, 80
46, 144
46, 16
46, 145
46, 17
46, 81
46, 18
46, 82
46, 146
46, 19
46, 83
46, 147
46, 20
46, 84
46, 148
46, 21
46, 149
46, 85
46, 86
46, 22
46, 150
46, 87
46, 23
46, 24
46, 88
46, 25
46, 89
46, 90
46, 26
46, 27
46, 91
46, 92
46, 28
46, 93
46, 29
46, 30
46, 94
46, 31
46, 95
46, 32
46, 96
46, 33
46, 97
46, 34
46, 98
46, 99
46, 35
46, 100
46, 36
46, 37
46, 101
46, 38
46, 102
46, 39
46, 103
46, 40
46, 104
46, 105
46, 41
46, 106
46, 42
46, 43
46, 107
46, 44
46, 108
46, 45
46, 109
46, 46
46, 110
46, 47
46, 111
46, 112
46, 48
46, 113
46, 49
46, 50
46, 114
46, 51
46, 115
46, 52
46, 116
46, 53
46, 117
46, 118
46, 54
46, 119
46, 55
46, 56
46, 120
46, 57
46, 121
46, 58
46, 122
46, 123
46, 59
46, 60
46, 124
46, 125
46, 61
46, 126
46, 62
46, 63
46, 127
111, 64
111, 128
111, 1
111, 129
111, 65
111, 66
111, 2
111, 130
111, 131
111, 3
111, 67
111, 132
111, 4
111, 68
111, 5
111, 69
111, 133
111, 6
111, 70
111, 134
111, 7
111, 71
111, 135
111, 72
111, 8
111, 136
111, 73
111, 9
111, 137
111, 138
111, 10
111, 74
111, 139
111, 11
111, 75
111, 12
111, 76
111, 140
111, 77
111, 141
111, 13
111, 14
111, 142
111, 78
111, 79
111, 15
111, 143
111, 80
111, 144
111, 16
111, 145
111, 17
111, 81
111, 18
111, 82
111, 146
111, 19
111, 83
111, 147
111, 20
111, 84
111, 148
111, 85
111, 21
111, 149
111, 86
111, 22
111, 150
111, 23
111, 87
111, 24
111, 88
111, 25
111, 89
111, 90
111, 26
111, 27
111, 91
111, 92
111, 28
111, 93
111, 29
111, 30
111, 94
111, 31
111, 95
111, 32
111, 96
111, 33
111, 97
111, 98
111, 34
111, 99
111, 35
111, 36
111, 100
111, 37
111, 101
111, 38
111, 102
111, 103
111, 39
111, 40
111, 104
111, 105
111, 41
111, 106
111, 42
111, 43
111, 107
111, 44
111, 108
111, 45
111, 109
111, 46
111, 110
111, 111
111, 47
111, 48
111, 112
111, 113
111, 49
111, 50
111, 114
111, 51
111, 115
111, 116
111, 52
111, 53
111, 117
111, 118
111, 54
111, 119
111, 55
111, 56
111, 120
111, 57
111, 121
111, 58
111, 122
111, 59
111, 123
111, 60
111, 124
111, 125
111, 61
111, 126
111, 62
111, 63
111, 127
47, 64
47, 128
47, 65
47, 129
47, 1
47, 2
47, 66
47, 130
47, 67
47, 3
47, 131
47, 132
47, 68
47, 4
47, 133
47, 5
47, 69
47, 6
47, 70
47, 134
47, 7
47, 71
47, 135
47, 8
47, 72
47, 136
47, 9
47, 137
47, 73
47, 74
47, 10
47, 138
47, 139
47, 75
47, 11
47, 140
47, 12
47, 76
47, 13
47, 77
47, 141
47, 78
47, 142
47, 14
47, 15
47, 79
47, 143
47, 80
47, 16
47, 144
47, 145
47, 81
47, 17
47, 146
47, 18
47, 82
47, 19
47, 83
47, 147
47, 20
47, 84
47, 148
47, 21
47, 85
47, 149
47, 22
47, 150
47, 86
47, 87
47, 23
47, 88
47, 24
47, 25
47, 89
47, 26
47, 90
47, 91
47, 27
47, 28
47, 92
47, 93
47, 29
47, 94
47, 30
47, 31
47, 95
47, 32
47, 96
47, 33
47, 97
47, 34
47, 98
47, 35
47, 99
47, 100
47, 36
47, 101
47, 37
47, 38
47, 102
47, 39
47, 103
47, 40
47, 104
47, 41
47, 105
47, 106
47, 42
47, 107
47, 43
47, 44
47, 108
47, 45
47, 109
47, 46
47, 110
47, 47
47, 111
47, 48
47, 112
47, 113
47, 49
47, 114
47, 50
47, 51
47, 115
47, 52
47, 116
47, 53
47, 117
47, 54
47, 118
47, 119
47, 55
47, 120
47, 56
47, 57
47, 121
47, 58
47, 122
47, 59
47, 123
47, 124
47, 60
47, 61
47, 125
47, 126
47, 62
47, 127
47, 63
112, 64
112, 128
112, 65
112, 129
112, 1
112, 2
112, 130
112, 66
112, 67
112, 3
112, 131
112, 132
112, 68
112, 4
112, 133
112, 5
112, 69
112, 6
112, 70
112, 134
112, 7
112, 71
112, 135
112, 8
112, 72
112, 136
112, 73
112, 9
112, 137
112, 74
112, 10
112, 138
112, 139
112, 11
112, 75
112, 140
112, 12
112, 76
112, 13
112, 77
112, 141
112, 78
112, 142
112, 14
112, 15
112, 143
112, 79
112, 80
112, 16
112, 144
112, 145
112, 81
112, 17
112, 146
112, 18
112, 82
112, 19
112, 83
112, 147
112, 20
112, 84
112, 148
112, 21
112, 85
112, 149
112, 86
112, 22
112, 150
112, 87
112, 23
112, 24
112, 88
112, 25
112, 89
112, 26
112, 90
112, 91
112, 27
112, 28
112, 92
112, 93
112, 29
112, 94
112, 30
112, 31
112, 95
112, 32
112, 96
112, 33
112, 97
112, 34
112, 98
112, 99
112, 35
112, 100
112, 36
112, 37
112, 101
112, 38
112, 102
112, 39
112, 103
112, 104
112, 40
112, 41
112, 105
112, 106
112, 42
112, 107
112, 43
112, 44
112, 108
112, 45
112, 109
112, 46
112, 110
112, 47
112, 111
112, 112
112, 48
112, 49
112, 113
112, 114
112, 50
112, 51
112, 115
112, 52
112, 116
112, 117
112, 53
112, 54
112, 118
112, 119
112, 55
112, 120
112, 56
112, 57
112, 121
112, 58
112, 122
112, 59
112, 123
112, 60
112, 124
112, 61
112, 125
112, 126
112, 62
112, 127
112, 63
48, 128
48, 64
48, 1
48, 65
48, 129
48, 66
48, 130
48, 2
48, 3
48, 67
48, 131
48, 68
48, 4
48, 132
48, 133
48, 69
48, 5
48, 134
48, 6
48, 70
48, 7
48, 71
48, 135
48, 8
48, 72
48, 136
48, 9
48, 73
48, 137
48, 10
48, 138
48, 74
48, 75
48, 11
48, 139
48, 140
48, 76
48, 12
48, 141
48, 13
48, 77
48, 14
48, 78
48, 142
48, 79
48, 143
48, 15
48, 16
48, 80
48, 144
48, 81
48, 17
48, 145
48, 146
48, 82
48, 18
48, 147
48, 19
48, 83
48, 20
48, 84
48, 148
48, 21
48, 85
48, 149
48, 22
48, 86
48, 150
48, 23
48, 87
48, 88
48, 24
48, 89
48, 25
48, 26
48, 90
48, 27
48, 91
48, 92
48, 28
48, 29
48, 93
48, 94
48, 30
48, 95
48, 31
48, 32
48, 96
48, 33
48, 97
48, 34
48, 98
48, 35
48, 99
48, 36
48, 100
48, 101
48, 37
48, 102
48, 38
48, 39
48, 103
48, 40
48, 104
48, 41
48, 105
48, 42
48, 106
48, 107
48, 43
48, 108
48, 44
48, 45
48, 109
48, 46
48, 110
48, 47
48, 111
48, 48
48, 112
48, 49
48, 113
48, 114
48, 50
48, 115
48, 51
48, 52
48, 116
48, 53
48, 117
48, 54
48, 118
48, 55
48, 119
48, 120
48, 56
48, 121
48, 57
48, 58
48, 122
48, 59
48, 123
48, 60
48, 124
48, 125
48, 61
48, 62
48, 126
48, 127
48, 63
113, 128
113, 64
113, 1
113, 65
113, 129
113, 66
113, 130
113, 2
113, 3
113, 131
113, 67
113, 68
113, 4
113, 132
113, 133
113, 69
113, 5
113, 134
113, 6
113, 70
113, 7
113, 71
113, 135
113, 8
113, 72
113, 136
113, 9
113, 73
113, 137
113, 74
113, 10
113, 138
113, 75
113, 11
113, 139
113, 140
113, 12
113, 76
113, 141
113, 13
113, 77
113, 14
113, 78
113, 142
113, 79
113, 143
113, 15
113, 16
113, 144
113, 80
113, 81
113, 17
113, 145
113, 146
113, 82
113, 18
113, 147
113, 19
113, 83
113, 20
113, 84
113, 148
113, 21
113, 85
113, 149
113, 22
113, 86
113, 150
113, 87
113, 23
113, 88
113, 24
113, 25
113, 89
113, 26
113, 90
113, 27
113, 91
113, 92
113, 28
113, 29
113, 93
113, 94
113, 30
113, 95
113, 31
113, 32
113, 96
113, 33
113, 97
113, 34
113, 98
113, 35
113, 99
113, 100
113, 36
113, 101
113, 37
113, 38
113, 102
113, 39
113, 103
113, 40
113, 104
113, 105
113, 41
113, 42
113, 106
113, 107
113, 43
113, 108
113, 44
113, 45
113, 109
113, 46
113, 110
113, 47
113, 111
113, 48
113, 112
113, 113
113, 49
113, 50
113, 114
113, 115
113, 51
113, 52
113, 116
113, 53
113, 117
113, 118
113, 54
113, 55
113, 119
113, 120
113, 56
113, 121
113, 57
113, 58
113, 122
113, 59
113, 123
113, 60
113, 124
113, 61
113, 125
113, 62
113, 126
113, 127
113, 63
49, 128
49, 64
49, 129
49, 1
49, 65
49, 2
49, 66
49, 130
49, 67
49, 131
49, 3
49, 4
49, 68
49, 132
49, 69
49, 5
49, 133
49, 134
49, 70
49, 6
49, 135
49, 7
49, 71
49, 8
49, 72
49, 136
49, 9
49, 73
49, 137
49, 10
49, 74
49, 138
49, 11
49, 139
49, 75
49, 76
49, 12
49, 140
49, 141
49, 77
49, 13
49, 142
49, 14
49, 78
49, 15
49, 79
49, 143
49, 80
49, 144
49, 16
49, 17
49, 81
49, 145
49, 82
49, 18
49, 146
49, 147
49, 83
49, 19
49, 148
49, 20
49, 84
49, 21
49, 85
49, 149
49, 22
49, 86
49, 150
49, 23
49, 87
49, 24
49, 88
49, 89
49, 25
49, 90
49, 26
49, 27
49, 91
49, 28
49, 92
49, 93
49, 29
49, 30
49, 94
49, 95
49, 31
49, 96
49, 32
49, 33
49, 97
49, 34
49, 98
49, 35
49, 99
49, 36
49, 100
49, 37
49, 101
49, 102
49, 38
49, 103
49, 39
49, 40
49, 104
49, 41
49, 105
49, 42
49, 106
49, 43
49, 107
49, 108
49, 44
49, 109
49, 45
49, 46
49, 110
49, 47
49, 111
49, 48
49, 112
49, 49
49, 113
49, 50
49, 114
49, 115
49, 51
49, 116
49, 52
49, 53
49, 117
49, 54
49, 118
49, 55
49, 119
49, 56
49, 120
49, 121
49, 57
49, 122
49, 58
49, 59
49, 123
49, 60
49, 124
49, 61
49, 125
49, 126
49, 62
49, 63
49, 127
114, 128
114, 64
114, 129
114, 1
114, 65
114, 2
114, 66
114, 130
114, 67
114, 131
114, 3
114, 4
114, 132
114, 68
114, 69
114, 5
114, 133
114, 134
114, 70
114, 6
114, 135
114, 7
114, 71
114, 8
114, 72
114, 136
114, 9
114, 73
114, 137
114, 10
114, 74
114, 138
114, 75
114, 11
114, 139
114, 76
114, 12
114, 140
114, 141
114, 13
114, 77
114, 142
114, 14
114, 78
114, 15
114, 79
114, 143
114, 80
114, 144
114, 16
114, 17
114, 145
114, 81
114, 82
114, 18
114, 146
114, 147
114, 83
114, 19
114, 148
114, 20
114, 84
114, 21
114, 85
114, 149
114, 22
114, 86
114, 150
114, 23
114, 87
114, 88
114, 24
114, 89
114, 25
114, 26
114, 90
114, 27
114, 91
114, 28
114, 92
114, 93
114, 29
114, 30
114, 94
114, 95
114, 31
114, 96
114, 32
114, 33
114, 97
114, 34
114, 98
114, 35
114, 99
114, 36
114, 100
114, 101
114, 37
114, 102
114, 38
114, 39
114, 103
114, 40
114, 104
114, 41
114, 105
114, 106
114, 42
114, 43
114, 107
114, 108
114, 44
114, 109
114, 45
114, 46
114, 110
114, 47
114, 111
114, 48
114, 112
114, 49
114, 113
114, 114
114, 50
114, 51
114, 115
114, 116
114, 52
114, 53
114, 117
114, 54
114, 118
114, 119
114, 55
114, 56
114, 120
114, 121
114, 57
114, 122
114, 58
114, 59
114, 123
114, 60
114, 124
114, 61
114, 125
114, 62
114, 126
114, 63
114, 127
50, 64
50, 128
50, 129
50, 65
50, 1
50, 130
50, 2
50, 66
50, 3
50, 67
50, 131
50, 68
50, 132
50, 4
50, 5
50, 69
50, 133
50, 70
50, 6
50, 134
50, 135
50, 71
50, 7
50, 136
50, 8
50, 72
50, 9
50, 73
50, 137
50, 10
50, 74
50, 138
50, 11
50, 75
50, 139
50, 12
50, 140
50, 76
50, 77
50, 13
50, 141
50, 142
50, 78
50, 14
50, 143
50, 15
50, 79
50, 16
50, 80
50, 144
50, 81
50, 145
50, 17
50, 18
50, 82
50, 146
50, 83
50, 19
50, 147
50, 148
50, 84
50, 20
50, 149
50, 21
50, 85
50, 22
50, 86
50, 150
50, 23
50, 87
50, 24
50, 88
50, 25
50, 89
50, 90
50, 26
50, 91
50, 27
50, 28
50, 92
50, 29
50, 93
50, 94
50, 30
50, 31
50, 95
50, 96
50, 32
50, 97
50, 33
50, 34
50, 98
50, 35
50, 99
50, 36
50, 100
50, 37
50, 101
50, 38
50, 102
50, 103
50, 39
50, 104
50, 40
50, 41
50, 105
50, 42
50, 106
50, 43
50, 107
50, 44
50, 108
50, 109
50, 45
50, 110
50, 46
50, 47
50, 111
50, 48
50, 112
50, 49
50, 113
50, 50
50, 114
50, 51
50, 115
50, 116
50, 52
50, 117
50, 53
50, 54
50, 118
50, 55
50, 119
50, 56
50, 120
50, 57
50, 121
50, 122
50, 58
50, 123
50, 59
50, 60
50, 124
50, 61
50, 125
50, 62
50, 126
50, 127
50, 63
115, 64
115, 128
115, 129
115, 1
115, 65
115, 130
115, 2
115, 66
115, 3
115, 67
115, 131
115, 68
115, 132
115, 4
115, 5
115, 133
115, 69
115, 70
115, 6
115, 134
115, 135
115, 71
115, 7
115, 136
115, 8
115, 72
115, 9
115, 73
115, 137
115, 10
115, 74
115, 138
115, 11
115, 75
115, 139
115, 76
115, 12
115, 140
115, 77
115, 13
115, 141
115, 142
115, 14
115, 78
115, 143
115, 15
115, 79
115, 16
115, 80
115, 144
115, 81
115, 145
115, 17
115, 18
115, 146
115, 82
115, 83
115, 19
115, 147
115, 148
115, 84
115, 20
115, 149
115, 21
115, 85
115, 22
115, 86
115, 150
115, 23
115, 87
115, 24
115, 88
115, 89
115, 25
115, 90
115, 26
115, 27
115, 91
115, 28
115, 92
115, 29
115, 93
115, 94
115, 30
115, 31
115, 95
115, 96
115, 32
115, 97
115, 33
115, 34
115, 98
115, 35
115, 99
115, 36
115, 100
115, 37
115, 101
115, 102
115, 38
115, 103
115, 39
115, 40
115, 104
115, 41
115, 105
115, 42
115, 106
115, 107
115, 43
115, 44
115, 108
115, 109
115, 45
115, 110
115, 46
115, 47
115, 111
115, 48
115, 112
115, 49
115, 113
115, 50
115, 114
115, 115
115, 51
115, 52
115, 116
115, 117
115, 53
115, 54
115, 118
115, 55
115, 119
115, 120
115, 56
115, 57
115, 121
115, 122
115, 58
115, 123
115, 59
115, 60
115, 124
115, 61
115, 125
115, 62
115, 126
115, 63
115, 127
51, 128
51, 64
51, 65
51, 1
51, 129
51, 130
51, 66
51, 2
51, 131
51, 3
51, 67
51, 4
51, 68
51, 132
51, 69
51, 133
51, 5
51, 6
51, 70
51, 134
51, 71
51, 7
51, 135
51, 136
51, 72
51, 8
51, 137
51, 9
51, 73
51, 10
51, 74
51, 138
51, 11
51, 75
51, 139
51, 12
51, 76
51, 140
51, 13
51, 141
51, 77
51, 78
51, 14
51, 142
51, 143
51, 79
51, 15
51, 144
51, 16
51, 80
51, 17
51, 81
51, 145
51, 82
51, 146
51, 18
51, 19
51, 83
51, 147
51, 84
51, 20
51, 148
51, 149
51, 85
51, 21
51, 150
51, 22
51, 86
51, 23
51, 87
51, 24
51, 88
51, 25
51, 89
51, 26
51, 90
51, 91
51, 27
51, 92
51, 28
51, 29
51, 93
51, 30
51, 94
51, 95
51, 31
51, 32
51, 96
51, 97
51, 33
51, 98
51, 34
51, 35
51, 99
51, 36
51, 100
51, 37
51, 101
51, 38
51, 102
51, 39
51, 103
51, 104
51, 40
51, 105
51, 41
51, 42
51, 106
51, 43
51, 107
51, 44
51, 108
51, 45
51, 109
51, 110
51, 46
51, 111
51, 47
51, 48
51, 112
51, 49
51, 113
51, 50
51, 114
51, 51
51, 115
51, 52
51, 116
51, 117
51, 53
51, 118
51, 54
51, 55
51, 119
51, 56
51, 120
51, 57
51, 121
51, 58
51, 122
51, 123
51, 59
51, 124
51, 60
51, 61
51, 125
51, 62
51, 126
51, 63
51, 127
116, 64
116, 128
116, 65
116, 1
116, 129
116, 130
116, 2
116, 66
116, 131
116, 3
116, 67
116, 4
116, 68
116, 132
116, 69
116, 133
116, 5
116, 6
116, 134
116, 70
116, 71
116, 7
116, 135
116, 136
116, 72
116, 8
116, 137
116, 9
116, 73
116, 10
116, 74
116, 138
116, 11
116, 75
116, 139
116, 12
116, 76
116, 140
116, 77
116, 13
116, 141
116, 78
116, 14
116, 142
116, 143
116, 15
116, 79
116, 144
116, 16
116, 80
116, 17
116, 81
116, 145
116, 82
116, 146
116, 18
116, 19
116, 147
116, 83
116, 84
116, 20
116, 148
116, 149
116, 85
116, 21
116, 150
116, 22
116, 86
116, 23
116, 87
116, 24
116, 88
116, 25
116, 89
116, 90
116, 26
116, 91
116, 27
116, 28
116, 92
116, 29
116, 93
116, 30
116, 94
116, 95
116, 31
116, 32
116, 96
116, 97
116, 33
116, 98
116, 34
116, 35
116, 99
116, 36
116, 100
116, 37
116, 101
116, 38
116, 102
116, 103
116, 39
116, 104
116, 40
116, 41
116, 105
116, 42
116, 106
116, 43
116, 107
116, 108
116, 44
116, 45
116, 109
116, 110
116, 46
116, 111
116, 47
116, 48
116, 112
116, 49
116, 113
116, 50
116, 114
116, 51
116, 115
116, 116
116, 52
116, 53
116, 117
116, 118
116, 54
116, 55
116, 119
116, 56
116, 120
116, 121
116, 57
116, 58
116, 122
116, 123
116, 59
116, 124
116, 60
116, 61
116, 125
116, 62
116, 126
116, 63
116, 127
52, 64
52, 128
52, 1
52, 129
52, 65
52, 66
52, 2
52, 130
52, 131
52, 67
52, 3
52, 132
52, 4
52, 68
52, 5
52, 69
52, 133
52, 70
52, 134
52, 6
52, 7
52, 71
52, 135
52, 72
52, 8
52, 136
52, 137
52, 73
52, 9
52, 138
52, 10
52, 74
52, 11
52, 75
52, 139
52, 12
52, 76
52, 140
52, 13
52, 77
52, 141
52, 14
52, 142
52, 78
52, 79
52, 15
52, 143
52, 144
52, 80
52, 16
52, 145
52, 17
52, 81
52, 18
52, 82
52, 146
52, 83
52, 147
52, 19
52, 20
52, 84
52, 148
52, 85
52, 21
52, 149
52, 150
52, 86
52, 22
52, 23
52, 87
52, 24
52, 88
52, 25
52, 89
52, 26
52, 90
52, 27
52, 91
52, 92
52, 28
52, 93
52, 29
52, 30
52, 94
52, 31
52, 95
52, 96
52, 32
52, 33
52, 97
52, 98
52, 34
52, 99
52, 35
52, 36
52, 100
52, 37
52, 101
52, 38
52, 102
52, 39
52, 103
52, 40
52, 104
52, 105
52, 41
52, 106
52, 42
52, 43
52, 107
52, 44
52, 108
52, 45
52, 109
52, 46
52, 110
52, 111
52, 47
52, 112
52, 48
52, 49
52, 113
52, 50
52, 114
52, 51
52, 115
52, 52
52, 116
52, 53
52, 117
52, 118
52, 54
52, 119
52, 55
52, 56
52, 120
52, 57
52, 121
52, 58
52, 122
52, 59
52, 123
52, 124
52, 60
52, 125
52, 61
52, 62
52, 126
52, 63
52, 127
117, 64
117, 128
117, 65
117, 1
117, 129
117, 66
117, 2
117, 130
117, 131
117, 3
117, 67
117, 132
117, 4
117, 68
117, 5
117, 69
117, 133
117, 70
117, 134
117, 6
117, 7
117, 135
117, 71
117, 72
117, 8
117, 136
117, 137
117, 73
117, 9
117, 138
117, 10
117, 74
117, 11
117, 75
117, 139
117, 12
117, 76
117, 140
117, 13
117, 77
117, 141
117, 78
117, 14
117, 142
117, 79
117, 15
117, 143
117, 144
117, 16
117, 80
117, 145
117, 17
117, 81
117, 18
117, 82
117, 146
117, 83
117, 147
117, 19
117, 20
117, 148
117, 84
117, 85
117, 21
117, 149
117, 150
117, 86
117, 22
117, 23
117, 87
117, 24
117, 88
117, 25
117, 89
117, 26
117, 90
117, 91
117, 27
117, 92
117, 28
117, 29
117, 93
117, 30
117, 94
117, 31
117, 95
117, 96
117, 32
117, 33
117, 97
117, 98
117, 34
117, 99
117, 35
117, 36
117, 100
117, 37
117, 101
117, 38
117, 102
117, 39
117, 103
117, 104
117, 40
117, 105
117, 41
117, 42
117, 106
117, 43
117, 107
117, 44
117, 108
117, 109
117, 45
117, 46
117, 110
117, 111
117, 47
117, 112
117, 48
117, 49
117, 113
117, 50
117, 114
117, 51
117, 115
117, 52
117, 116
117, 117
117, 53
117, 54
117, 118
117, 119
117, 55
117, 56
117, 120
117, 57
117, 121
117, 122
117, 58
117, 59
117, 123
117, 124
117, 60
117, 125
117, 61
117, 62
117, 126
117, 63
117, 127
53, 64
53, 128
53, 1
53, 65
53, 129
53, 2
53, 130
53, 66
53, 67
53, 3
53, 131
53, 132
53, 68
53, 4
53, 133
53, 5
53, 69
53, 6
53, 70
53, 134
53, 71
53, 135
53, 7
53, 8
53, 72
53, 136
53, 73
53, 9
53, 137
53, 138
53, 74
53, 10
53, 139
53, 11
53, 75
53, 12
53, 76
53, 140
53, 13
53, 77
53, 141
53, 14
53, 78
53, 142
53, 15
53, 143
53, 79
53, 80
53, 16
53, 144
53, 145
53, 81
53, 17
53, 146
53, 18
53, 82
53, 19
53, 83
53, 147
53, 84
53, 148
53, 20
53, 21
53, 85
53, 149
53, 86
53, 22
53, 150
53, 87
53, 23
53, 24
53, 88
53, 25
53, 89
53, 26
53, 90
53, 27
53, 91
53, 28
53, 92
53, 93
53, 29
53, 94
53, 30
53, 31
53, 95
53, 32
53, 96
53, 97
53, 33
53, 34
53, 98
53, 99
53, 35
53, 100
53, 36
53, 37
53, 101
53, 38
53, 102
53, 39
53, 103
53, 40
53, 104
53, 41
53, 105
53, 106
53, 42
53, 107
53, 43
53, 44
53, 108
53, 45
53, 109
53, 46
53, 110
53, 47
53, 111
53, 112
53, 48
53, 113
53, 49
53, 50
53, 114
53, 51
53, 115
53, 52
53, 116
53, 53
53, 117
53, 54
53, 118
53, 119
53, 55
53, 120
53, 56
53, 57
53, 121
53, 58
53, 122
53, 59
53, 123
53, 60
53, 124
53, 125
53, 61
53, 126
53, 62
53, 63
53, 127
118, 64
118, 128
118, 1
118, 65
118, 129
118, 66
118, 2
118, 130
118, 3
118, 67
118, 131
118, 132
118, 4
118, 68
118, 133
118, 5
118, 69
118, 6
118, 70
118, 134
118, 71
118, 135
118, 7
118, 8
118, 136
118, 72
118, 73
118, 9
118, 137
118, 138
118, 74
118, 10
118, 139
118, 11
118, 75
118, 12
118, 76
118, 140
118, 13
118, 77
118, 141
118, 14
118, 78
118, 142
118, 79
118, 15
118, 143
118, 80
118, 16
118, 144
118, 145
118, 17
118, 81
118, 146
118, 18
118, 82
118, 19
118, 83
118, 147
118, 84
118, 148
118, 20
118, 21
118, 149
118, 85
118, 86
118, 22
118, 150
118, 87
118, 23
118, 24
118, 88
118, 25
118, 89
118, 26
118, 90
118, 27
118, 91
118, 92
118, 28
118, 93
118, 29
118, 30
118, 94
118, 31
118, 95
118, 32
118, 96
118, 97
118, 33
118, 34
118, 98
118, 99
118, 35
118, 100
118, 36
118, 37
118, 101
118, 38
118, 102
118, 39
118, 103
118, 40
118, 104
118, 105
118, 41
118, 106
118, 42
118, 43
118, 107
118, 44
118, 108
118, 45
118, 109
118, 110
118, 46
118, 47
118, 111
118, 112
118, 48
118, 113
118, 49
118, 50
118, 114
118, 51
118, 115
118, 52
118, 116
118, 53
118, 117
118, 118
118, 54
118, 55
118, 119
118, 120
118, 56
118, 57
118, 121
118, 58
118, 122
118, 123
118, 59
118, 60
118, 124
118, 125
118, 61
118, 126
118, 62
118, 63
118, 127
54, 64
54, 128
54, 1
54, 65
54, 129
54, 2
54, 66
54, 130
54, 3
54, 131
54, 67
54, 68
54, 4
54, 132
54, 133
54, 69
54, 5
54, 134
54, 6
54, 70
54, 7
54, 71
54, 135
54, 72
54, 136
54, 8
54, 9
54, 73
54, 137
54, 74
54, 10
54, 138
54, 139
54, 75
54, 11
54, 140
54, 12
54, 76
54, 13
54, 77
54, 141
54, 14
54, 78
54, 142
54, 15
54, 79
54, 143
54, 16
54, 144
54, 80
54, 81
54, 17
54, 145
54, 146
54, 82
54, 18
54, 147
54, 19
54, 83
54, 20
54, 84
54, 148
54, 85
54, 149
54, 21
54, 22
54, 86
54, 150
54, 87
54, 23
54, 88
54, 24
54, 25
54, 89
54, 26
54, 90
54, 27
54, 91
54, 28
54, 92
54, 29
54, 93
54, 94
54, 30
54, 95
54, 31
54, 32
54, 96
54, 33
54, 97
54, 98
54, 34
54, 35
54, 99
54, 100
54, 36
54, 101
54, 37
54, 38
54, 102
54, 39
54, 103
54, 40
54, 104
54, 41
54, 105
54, 42
54, 106
54, 107
54, 43
54, 108
54, 44
54, 45
54, 109
54, 46
54, 110
54, 47
54, 111
54, 48
54, 112
54, 113
54, 49
54, 114
54, 50
54, 51
54, 115
54, 52
54, 116
54, 53
54, 117
54, 54
54, 118
54, 55
54, 119
54, 120
54, 56
54, 121
54, 57
54, 58
54, 122
54, 59
54, 123
54, 60
54, 124
54, 61
54, 125
54, 126
54, 62
54, 127
54, 63
119, 64
119, 128
119, 1
119, 65
119, 129
119, 2
119, 66
119, 130
119, 67
119, 3
119, 131
119, 68
119, 4
119, 132
119, 133
119, 5
119, 69
119, 134
119, 6
119, 70
119, 7
119, 71
119, 135
119, 72
119, 136
119, 8
119, 9
119, 137
119, 73
119, 74
119, 10
119, 138
119, 139
119, 75
119, 11
119, 140
119, 12
119, 76
119, 13
119, 77
119, 141
119, 14
119, 78
119, 142
119, 15
119, 79
119, 143
119, 80
119, 16
119, 144
119, 81
119, 17
119, 145
119, 146
119, 18
119, 82
119, 147
119, 19
119, 83
119, 20
119, 84
119, 148
119, 85
119, 149
119, 21
119, 22
119, 150
119, 86
119, 87
119, 23
119, 88
119, 24
119, 25
119, 89
119, 26
119, 90
119, 27
119, 91
119, 28
119, 92
119, 93
119, 29
119, 94
119, 30
119, 31
119, 95
119, 32
119, 96
119, 33
119, 97
119, 98
119, 34
119, 35
119, 99
119, 100
119, 36
119, 101
119, 37
119, 38
119, 102
119, 39
119, 103
119, 40
119, 104
119, 41
119, 105
119, 106
119, 42
119, 107
119, 43
119, 44
119, 108
119, 45
119, 109
119, 46
119, 110
119, 111
119, 47
119, 48
119, 112
119, 113
119, 49
119, 114
119, 50
119, 51
119, 115
119, 52
119, 116
119, 53
119, 117
119, 54
119, 118
119, 119
119, 55
119, 56
119, 120
119, 121
119, 57
119, 58
119, 122
119, 59
119, 123
119, 124
119, 60
119, 61
119, 125
119, 126
119, 62
119, 127
119, 63
55, 128
55, 64
55, 1
55, 65
55, 129
55, 2
55, 66
55, 130
55, 3
55, 67
55, 131
55, 4
55, 132
55, 68
55, 69
55, 5
55, 133
55, 134
55, 70
55, 6
55, 135
55, 7
55, 71
55, 8
55, 72
55, 136
55, 73
55, 137
55, 9
55, 10
55, 74
55, 138
55, 75
55, 11
55, 139
55, 140
55, 76
55, 12
55, 141
55, 13
55, 77
55, 14
55, 78
55, 142
55, 15
55, 79
55, 143
55, 16
55, 80
55, 144
55, 17
55, 145
55, 81
55, 82
55, 18
55, 146
55, 147
55, 83
55, 19
55, 148
55, 20
55, 84
55, 21
55, 85
55, 149
55, 86
55, 150
55, 22
55, 23
55, 87
55, 88
55, 24
55, 89
55, 25
55, 26
55, 90
55, 27
55, 91
55, 28
55, 92
55, 29
55, 93
55, 30
55, 94
55, 95
55, 31
55, 96
55, 32
55, 33
55, 97
55, 34
55, 98
55, 99
55, 35
55, 36
55, 100
55, 101
55, 37
55, 102
55, 38
55, 39
55, 103
55, 40
55, 104
55, 41
55, 105
55, 42
55, 106
55, 43
55, 107
55, 108
55, 44
55, 109
55, 45
55, 46
55, 110
55, 47
55, 111
55, 48
55, 112
55, 49
55, 113
55, 114
55, 50
55, 115
55, 51
55, 52
55, 116
55, 53
55, 117
55, 54
55, 118
55, 55
55, 119
55, 56
55, 120
55, 121
55, 57
55, 122
55, 58
55, 59
55, 123
55, 60
55, 124
55, 61
55, 125
55, 62
55, 126
55, 127
55, 63
120, 128
120, 64
120, 1
120, 65
120, 129
120, 2
120, 66
120, 130
120, 3
120, 67
120, 131
120, 68
120, 4
120, 132
120, 69
120, 5
120, 133
120, 134
120, 6
120, 70
120, 135
120, 7
120, 71
120, 8
120, 72
120, 136
120, 73
120, 137
120, 9
120, 10
120, 138
120, 74
120, 75
120, 11
120, 139
120, 140
120, 76
120, 12
120, 141
120, 13
120, 77
120, 14
120, 78
120, 142
120, 15
120, 79
120, 143
120, 16
120, 80
120, 144
120, 81
120, 17
120, 145
120, 82
120, 18
120, 146
120, 147
120, 19
120, 83
120, 148
120, 20
120, 84
120, 21
120, 85
120, 149
120, 86
120, 150
120, 22
120, 23
120, 87
120, 88
120, 24
120, 89
120, 25
120, 26
120, 90
120, 27
120, 91
120, 28
120, 92
120, 29
120, 93
120, 94
120, 30
120, 95
120, 31
120, 32
120, 96
120, 33
120, 97
120, 34
120, 98
120, 99
120, 35
120, 36
120, 100
120, 101
120, 37
120, 102
120, 38
120, 39
120, 103
120, 40
120, 104
120, 41
120, 105
120, 42
120, 106
120, 107
120, 43
120, 108
120, 44
120, 45
120, 109
120, 46
120, 110
120, 47
120, 111
120, 112
120, 48
120, 49
120, 113
120, 114
120, 50
120, 115
120, 51
120, 52
120, 116
120, 53
120, 117
120, 54
120, 118
120, 55
120, 119
120, 120
120, 56
120, 57
120, 121
120, 122
120, 58
120, 59
120, 123
120, 60
120, 124
120, 125
120, 61
120, 62
120, 126
120, 127
120, 63
56, 128
56, 64
56, 129
56, 1
56, 65
56, 2
56, 66
56, 130
56, 3
56, 67
56, 131
56, 4
56, 68
56, 132
56, 5
56, 133
56, 69
56, 70
56, 6
56, 134
56, 135
56, 71
56, 7
56, 136
56, 8
56, 72
56, 9
56, 73
56, 137
56, 74
56, 138
56, 10
56, 11
56, 75
56, 139
56, 76
56, 12
56, 140
56, 141
56, 77
56, 13
56, 142
56, 14
56, 78
56, 15
56, 79
56, 143
56, 16
56, 80
56, 144
56, 17
56, 81
56, 145
56, 18
56, 146
56, 82
56, 83
56, 19
56, 147
56, 148
56, 84
56, 20
56, 149
56, 21
56, 85
56, 22
56, 86
56, 150
56, 87
56, 23
56, 24
56, 88
56, 89
56, 25
56, 90
56, 26
56, 27
56, 91
56, 28
56, 92
56, 29
56, 93
56, 30
56, 94
56, 31
56, 95
56, 96
56, 32
56, 97
56, 33
56, 34
56, 98
56, 35
56, 99
56, 100
56, 36
56, 37
56, 101
56, 102
56, 38
56, 103
56, 39
56, 40
56, 104
56, 41
56, 105
56, 42
56, 106
56, 43
56, 107
56, 44
56, 108
56, 109
56, 45
56, 110
56, 46
56, 47
56, 111
56, 48
56, 112
56, 49
56, 113
56, 50
56, 114
56, 115
56, 51
56, 116
56, 52
56, 53
56, 117
56, 54
56, 118
56, 55
56, 119
56, 56
56, 120
56, 57
56, 121
56, 122
56, 58
56, 123
56, 59
56, 60
56, 124
56, 61
56, 125
56, 62
56, 126
56, 63
56, 127
121, 128
121, 64
121, 129
121, 1
121, 65
121, 2
121, 66
121, 130
121, 3
121, 67
121, 131
121, 4
121, 68
121, 132
121, 69
121, 5
121, 133
121, 70
121, 6
121, 134
121, 135
121, 7
121, 71
121, 136
121, 8
121, 72
121, 9
121, 73
121, 137
121, 74
121, 138
121, 10
121, 11
121, 139
121, 75
121, 76
121, 12
121, 140
121, 141
121, 77
121, 13
121, 142
121, 14
121, 78
121, 15
121, 79
121, 143
121, 16
121, 80
121, 144
121, 17
121, 81
121, 145
121, 82
121, 18
121, 146
121, 83
121, 19
121, 147
121, 148
121, 20
121, 84
121, 149
121, 21
121, 85
121, 22
121, 86
121, 150
121, 87
121, 23
121, 24
121, 88
121, 89
121, 25
121, 90
121, 26
121, 27
121, 91
121, 28
121, 92
121, 29
121, 93
121, 30
121, 94
121, 95
121, 31
121, 96
121, 32
121, 33
121, 97
121, 34
121, 98
121, 35
121, 99
121, 100
121, 36
121, 37
121, 101
121, 102
121, 38
121, 103
121, 39
121, 40
121, 104
121, 41
121, 105
121, 42
121, 106
121, 43
121, 107
121, 108
121, 44
121, 109
121, 45
121, 46
121, 110
121, 47
121, 111
121, 48
121, 112
121, 113
121, 49
121, 50
121, 114
121, 115
121, 51
121, 116
121, 52
121, 53
121, 117
121, 54
121, 118
121, 55
121, 119
121, 56
121, 120
121, 121
121, 57
121, 58
121, 122
121, 123
121, 59
121, 60
121, 124
121, 61
121, 125
121, 126
121, 62
121, 63
121, 127
57, 64
57, 128
57, 129
57, 65
57, 1
57, 130
57, 2
57, 66
57, 3
57, 67
57, 131
57, 4
57, 68
57, 132
57, 5
57, 69
57, 133
57, 6
57, 134
57, 70
57, 71
57, 7
57, 135
57, 136
57, 72
57, 8
57, 137
57, 9
57, 73
57, 10
57, 74
57, 138
57, 75
57, 139
57, 11
57, 12
57, 76
57, 140
57, 77
57, 13
57, 141
57, 142
57, 78
57, 14
57, 143
57, 15
57, 79
57, 16
57, 80
57, 144
57, 17
57, 81
57, 145
57, 18
57, 82
57, 146
57, 19
57, 147
57, 83
57, 84
57, 20
57, 148
57, 149
57, 85
57, 21
57, 150
57, 22
57, 86
57, 23
57, 87
57, 88
57, 24
57, 25
57, 89
57, 90
57, 26
57, 91
57, 27
57, 28
57, 92
57, 29
57, 93
57, 30
57, 94
57, 31
57, 95
57, 32
57, 96
57, 97
57, 33
57, 98
57, 34
57, 35
57, 99
57, 36
57, 100
57, 101
57, 37
57, 38
57, 102
57, 103
57, 39
57, 104
57, 40
57, 41
57, 105
57, 42
57, 106
57, 43
57, 107
57, 44
57, 108
57, 45
57, 109
57, 110
57, 46
57, 111
57, 47
57, 48
57, 112
57, 49
57, 113
57, 50
57, 114
57, 51
57, 115
57, 116
57, 52
57, 117
57, 53
57, 54
57, 118
57, 55
57, 119
57, 56
57, 120
57, 57
57, 121
57, 58
57, 122
57, 123
57, 59
57, 124
57, 60
57, 61
57, 125
57, 62
57, 126
57, 63
57, 127
122, 64
122, 128
122, 129
122, 65
122, 1
122, 130
122, 2
122, 66
122, 3
122, 67
122, 131
122, 4
122, 68
122, 132
122, 5
122, 69
122, 133
122, 70
122, 6
122, 134
122, 71
122, 7
122, 135
122, 136
122, 8
122, 72
122, 137
122, 9
122, 73
122, 10
122, 74
122, 138
122, 75
122, 139
122, 11
122, 12
122, 140
122, 76
122, 77
122, 13
122, 141
122, 142
122, 78
122, 14
122, 143
122, 15
122, 79
122, 16
122, 80
122, 144
122, 17
122, 81
122, 145
122, 18
122, 82
122, 146
122, 83
122, 19
122, 147
122, 84
122, 20
122, 148
122, 149
122, 21
122, 85
122, 150
122, 22
122, 86
122, 23
122, 87
122, 88
122, 24
122, 25
122, 89
122, 90
122, 26
122, 91
122, 27
122, 28
122, 92
122, 29
122, 93
122, 30
122, 94
122, 31
122, 95
122, 96
122, 32
122, 97
122, 33
122, 34
122, 98
122, 35
122, 99
122, 36
122, 100
122, 101
122, 37
122, 38
122, 102
122, 103
122, 39
122, 104
122, 40
122, 41
122, 105
122, 42
122, 106
122, 43
122, 107
122, 44
122, 108
122, 109
122, 45
122, 110
122, 46
122, 47
122, 111
122, 48
122, 112
122, 49
122, 113
122, 114
122, 50
122, 51
122, 115
122, 116
122, 52
122, 117
122, 53
122, 54
122, 118
122, 55
122, 119
122, 56
122, 120
122, 57
122, 121
122, 122
122, 58
122, 59
122, 123
122, 124
122, 60
122, 61
122, 125
122, 62
122, 126
122, 127
122, 63
58, 64
58, 128
58, 65
58, 1
58, 129
58, 130
58, 66
58, 2
58, 131
58, 3
58, 67
58, 4
58, 68
58, 132
58, 5
58, 69
58, 133
58, 6
58, 70
58, 134
58, 7
58, 135
58, 71
58, 72
58, 8
58, 136
58, 137
58, 73
58, 9
58, 138
58, 10
58, 74
58, 11
58, 75
58, 139
58, 76
58, 140
58, 12
58, 13
58, 77
58, 141
58, 78
58, 14
58, 142
58, 143
58, 79
58, 15
58, 144
58, 16
58, 80
58, 17
58, 81
58, 145
58, 18
58, 82
58, 146
58, 19
58, 83
58, 147
58, 20
58, 148
58, 84
58, 85
58, 21
58, 149
58, 150
58, 86
58, 22
58, 23
58, 87
58, 24
58, 88
58, 89
58, 25
58, 26
58, 90
58, 91
58, 27
58, 92
58, 28
58, 29
58, 93
58, 30
58, 94
58, 31
58, 95
58, 32
58, 96
58, 33
58, 97
58, 98
58, 34
58, 99
58, 35
58, 36
58, 100
58, 37
58, 101
58, 102
58, 38
58, 39
58, 103
58, 104
58, 40
58, 105
58, 41
58, 42
58, 106
58, 43
58, 107
58, 44
58, 108
58, 45
58, 109
58, 46
58, 110
58, 111
58, 47
58, 112
58, 48
58, 49
58, 113
58, 50
58, 114
58, 51
58, 115
58, 52
58, 116
58, 117
58, 53
58, 118
58, 54
58, 55
58, 119
58, 56
58, 120
58, 57
58, 121
58, 58
58, 122
58, 59
58, 123
58, 124
58, 60
58, 125
58, 61
58, 62
58, 126
58, 63
58, 127
123, 128
123, 64
123, 65
123, 1
123, 129
123, 130
123, 66
123, 2
123, 131
123, 3
123, 67
123, 4
123, 68
123, 132
123, 5
123, 69
123, 133
123, 6
123, 70
123, 134
123, 71
123, 7
123, 135
123, 72
123, 8
123, 136
123, 137
123, 9
123, 73
123, 138
123, 10
123, 74
123, 11
123, 75
123, 139
123, 76
123, 140
123, 12
123, 13
123, 141
123, 77
123, 78
123, 14
123, 142
123, 143
123, 79
123, 15
123, 144
123, 16
123, 80
123, 17
123, 81
123, 145
123, 18
123, 82
123, 146
123, 19
123, 83
123, 147
123, 84
123, 20
123, 148
123, 85
123, 21
123, 149
123, 150
123, 22
123, 86
123, 23
123, 87
123, 24
123, 88
123, 89
123, 25
123, 26
123, 90
123, 91
123, 27
123, 92
123, 28
123, 29
123, 93
123, 30
123, 94
123, 31
123, 95
123, 32
123, 96
123, 97
123, 33
123, 98
123, 34
123, 35
123, 99
123, 36
123, 100
123, 37
123, 101
123, 102
123, 38
123, 39
123, 103
123, 104
123, 40
123, 105
123, 41
123, 42
123, 106
123, 43
123, 107
123, 44
123, 108
123, 45
123, 109
123, 110
123, 46
123, 111
123, 47
123, 48
123, 112
123, 49
123, 113
123, 50
123, 114
123, 115
123, 51
123, 52
123, 116
123, 117
123, 53
123, 118
123, 54
123, 55
123, 119
123, 56
123, 120
123, 57
123, 121
123, 58
123, 122
123, 123
123, 59
123, 60
123, 124
123, 125
123, 61
123, 62
123, 126
123, 63
123, 127
59, 64
59, 128
59, 1
59, 65
59, 129
59, 66
59, 2
59, 130
59, 131
59, 3
59, 67
59, 132
59, 4
59, 68
59, 5
59, 69
59, 133
59, 6
59, 70
59, 134
59, 7
59, 71
59, 135
59, 8
59, 136
59, 72
59, 73
59, 9
59, 137
59, 138
59, 74
59, 10
59, 139
59, 11
59, 75
59, 12
59, 76
59, 140
59, 77
59, 141
59, 13
59, 14
59, 78
59, 142
59, 79
59, 15
59, 143
59, 80
59, 144
59, 16
59, 145
59, 17
59, 81
59, 18
59, 82
59, 146
59, 19
59, 83
59, 147
59, 20
59, 84
59, 148
59, 21
59, 149
59, 85
59, 86
59, 22
59, 150
59, 87
59, 23
59, 24
59, 88
59, 25
59, 89
59, 90
59, 26
59, 27
59, 91
59, 92
59, 28
59, 93
59, 29
59, 30
59, 94
59, 31
59, 95
59, 32
59, 96
59, 33
59, 97
59, 34
59, 98
59, 99
59, 35
59, 100
59, 36
59, 37
59, 101
59, 38
59, 102
59, 103
59, 39
59, 40
59, 104
59, 105
59, 41
59, 106
59, 42
59, 43
59, 107
59, 44
59, 108
59, 45
59, 109
59, 46
59, 110
59, 47
59, 111
59, 112
59, 48
59, 113
59, 49
59, 50
59, 114
59, 51
59, 115
59, 52
59, 116
59, 53
59, 117
59, 118
59, 54
59, 119
59, 55
59, 56
59, 120
59, 57
59, 121
59, 58
59, 122
59, 59
59, 123
59, 60
59, 124
59, 125
59, 61
59, 126
59, 62
59, 63
59, 127
124, 64
124, 128
124, 1
124, 129
124, 65
124, 66
124, 2
124, 130
124, 131
124, 3
124, 67
124, 132
124, 4
124, 68
124, 5
124, 69
124, 133
124, 6
124, 70
124, 134
124, 7
124, 71
124, 135
124, 72
124, 8
124, 136
124, 73
124, 9
124, 137
124, 138
124, 10
124, 74
124, 139
124, 11
124, 75
124, 12
124, 76
124, 140
124, 77
124, 141
124, 13
124, 14
124, 142
124, 78
124, 79
124, 15
124, 143
124, 80
124, 144
124, 16
124, 145
124, 17
124, 81
124, 18
124, 82
124, 146
124, 19
124, 83
124, 147
124, 20
124, 84
124, 148
124, 85
124, 21
124, 149
124, 86
124, 22
124, 150
124, 23
124, 87
124, 24
124, 88
124, 25
124, 89
124, 90
124, 26
124, 27
124, 91
124, 92
124, 28
124, 93
124, 29
124, 30
124, 94
124, 31
124, 95
124, 32
124, 96
124, 33
124, 97
124, 98
124, 34
124, 99
124, 35
124, 36
124, 100
124, 37
124, 101
124, 38
124, 102
124, 103
124, 39
124, 40
124, 104
124, 105
124, 41
124, 106
124, 42
124, 43
124, 107
124, 44
124, 108
124, 45
124, 109
124, 46
124, 110
124, 111
124, 47
124, 112
124, 48
124, 49
124, 113
124, 50
124, 114
124, 51
124, 115
124, 116
124, 52
124, 53
124, 117
124, 118
124, 54
124, 119
124, 55
124, 56
124, 120
124, 57
124, 121
124, 58
124, 122
124, 59
124, 123
124, 124
124, 60
124, 61
124, 125
124, 126
124, 62
124, 63
124, 127
60, 64
60, 128
60, 65
60, 129
60, 1
60, 2
60, 66
60, 130
60, 67
60, 3
60, 131
60, 132
60, 68
60, 4
60, 133
60, 5
60, 69
60, 6
60, 70
60, 134
60, 7
60, 71
60, 135
60, 8
60, 72
60, 136
60, 9
60, 137
60, 73
60, 74
60, 10
60, 138
60, 139
60, 75
60, 11
60, 140
60, 12
60, 76
60, 13
60, 77
60, 141
60, 78
60, 142
60, 14
60, 15
60, 79
60, 143
60, 80
60, 16
60, 144
60, 145
60, 81
60, 17
60, 146
60, 18
60, 82
60, 19
60, 83
60, 147
60, 20
60, 84
60, 148
60, 21
60, 85
60, 149
60, 22
60, 150
60, 86
60, 87
60, 23
60, 88
60, 24
60, 25
60, 89
60, 26
60, 90
60, 91
60, 27
60, 28
60, 92
60, 93
60, 29
60, 94
60, 30
60, 31
60, 95
60, 32
60, 96
60, 33
60, 97
60, 34
60, 98
60, 35
60, 99
60, 100
60, 36
60, 101
60, 37
60, 38
60, 102
60, 39
60, 103
60, 104
60, 40
60, 41
60, 105
60, 106
60, 42
60, 107
60, 43
60, 44
60, 108
60, 45
60, 109
60, 46
60, 110
60, 47
60, 111
60, 48
60, 112
60, 113
60, 49
60, 114
60, 50
60, 51
60, 115
60, 52
60, 116
60, 53
60, 117
60, 54
60, 118
60, 119
60, 55
60, 120
60, 56
60, 57
60, 121
60, 58
60, 122
60, 59
60, 123
60, 60
60, 124
60, 61
60, 125
60, 126
60, 62
60, 127
60, 63
125, 64
125, 128
125, 65
125, 129
125, 1
125, 2
125, 130
125, 66
125, 67
125, 3
125, 131
125, 132
125, 68
125, 4
125, 133
125, 5
125, 69
125, 6
125, 70
125, 134
125, 7
125, 71
125, 135
125, 8
125, 72
125, 136
125, 73
125, 9
125, 137
125, 74
125, 10
125, 138
125, 139
125, 11
125, 75
125, 140
125, 12
125, 76
125, 13
125, 77
125, 141
125, 78
125, 142
125, 14
125, 15
125, 143
125, 79
125, 80
125, 16
125, 144
125, 145
125, 81
125, 17
125, 146
125, 18
125, 82
125, 19
125, 83
125, 147
125, 20
125, 84
125, 148
125, 21
125, 85
125, 149
125, 86
125, 22
125, 150
125, 87
125, 23
125, 24
125, 88
125, 25
125, 89
125, 26
125, 90
125, 91
125, 27
125, 28
125, 92
125, 93
125, 29
125, 94
125, 30
125, 31
125, 95
125, 32
125, 96
125, 33
125, 97
125, 34
125, 98
125, 99
125, 35
125, 100
125, 36
125, 37
125, 101
125, 38
125, 102
125, 39
125, 103
125, 104
125, 40
125, 41
125, 105
125, 106
125, 42
125, 107
125, 43
125, 44
125, 108
125, 45
125, 109
125, 46
125, 110
125, 47
125, 111
125, 112
125, 48
125, 113
125, 49
125, 50
125, 114
125, 51
125, 115
125, 52
125, 116
125, 117
125, 53
125, 54
125, 118
125, 119
125, 55
125, 120
125, 56
125, 57
125, 121
125, 58
125, 122
125, 59
125, 123
125, 60
125, 124
125, 125
125, 61
125, 62
125, 126
125, 127
125, 63
61, 128
61, 64
61, 1
61, 65
61, 129
61, 66
61, 130
61, 2
61, 3
61, 67
61, 131
61, 68
61, 4
61, 132
61, 133
61, 69
61, 5
61, 134
61, 6
61, 70
61, 7
61, 71
61, 135
61, 8
61, 72
61, 136
61, 9
61, 73
61, 137
61, 10
61, 138
61, 74
61, 75
61, 11
61, 139
61, 140
61, 76
61, 12
61, 141
61, 13
61, 77
61, 14
61, 78
61, 142
61, 79
61, 143
61, 15
61, 16
61, 80
61, 144
61, 81
61, 17
61, 145
61, 146
61, 82
61, 18
61, 147
61, 19
61, 83
61, 20
61, 84
61, 148
61, 21
61, 85
61, 149
61, 22
61, 86
61, 150
61, 23
61, 87
61, 88
61, 24
61, 89
61, 25
61, 26
61, 90
61, 27
61, 91
61, 92
61, 28
61, 29
61, 93
61, 94
61, 30
61, 95
61, 31
61, 32
61, 96
61, 33
61, 97
61, 34
61, 98
61, 35
61, 99
61, 36
61, 100
61, 101
61, 37
61, 102
61, 38
61, 39
61, 103
61, 40
61, 104
61, 105
61, 41
61, 42
61, 106
61, 107
61, 43
61, 108
61, 44
61, 45
61, 109
61, 46
61, 110
61, 47
61, 111
61, 48
61, 112
61, 49
61, 113
61, 114
61, 50
61, 115
61, 51
61, 52
61, 116
61, 53
61, 117
61, 54
61, 118
61, 55
61, 119
61, 120
61, 56
61, 121
61, 57
61, 58
61, 122
61, 59
61, 123
61, 60
61, 124
61, 61
61, 125
61, 62
61, 126
61, 127
61, 63
126, 128
126, 64
126, 1
126, 65
126, 129
126, 66
126, 130
126, 2
126, 3
126, 131
126, 67
126, 68
126, 4
126, 132
126, 133
126, 69
126, 5
126, 134
126, 6
126, 70
126, 7
126, 71
126, 135
126, 8
126, 72
126, 136
126, 9
126, 73
126, 137
126, 74
126, 10
126, 138
126, 75
126, 11
126, 139
126, 140
126, 12
126, 76
126, 141
126, 13
126, 77
126, 14
126, 78
126, 142
126, 79
126, 143
126, 15
126, 16
126, 144
126, 80
126, 81
126, 17
126, 145
126, 146
126, 82
126, 18
126, 147
126, 19
126, 83
126, 20
126, 84
126, 148
126, 21
126, 85
126, 149
126, 22
126, 86
126, 150
126, 87
126, 23
126, 88
126, 24
126, 25
126, 89
126, 26
126, 90
126, 27
126, 91
126, 92
126, 28
126, 29
126, 93
126, 94
126, 30
126, 95
126, 31
126, 32
126, 96
126, 33
126, 97
126, 34
126, 98
126, 35
126, 99
126, 100
126, 36
126, 101
126, 37
126, 38
126, 102
126, 39
126, 103
126, 40
126, 104
126, 105
126, 41
126, 42
126, 106
126, 107
126, 43
126, 108
126, 44
126, 45
126, 109
126, 46
126, 110
126, 47
126, 111
126, 48
126, 112
126, 113
126, 49
126, 114
126, 50
126, 51
126, 115
126, 52
126, 116
126, 53
126, 117
126, 118
126, 54
126, 55
126, 119
126, 120
126, 56
126, 121
126, 57
126, 58
126, 122
126, 59
126, 123
126, 60
126, 124
126, 61
126, 125
126, 126
126, 62
126, 63
126, 127
62, 128
62, 64
62, 129
62, 1
62, 65
62, 2
62, 66
62, 130
62, 67
62, 131
62, 3
62, 4
62, 68
62, 132
62, 69
62, 5
62, 133
62, 134
62, 70
62, 6
62, 135
62, 7
62, 71
62, 8
62, 72
62, 136
62, 9
62, 73
62, 137
62, 10
62, 74
62, 138
62, 11
62, 139
62, 75
62, 76
62, 12
62, 140
62, 141
62, 77
62, 13
62, 142
62, 14
62, 78
62, 15
62, 79
62, 143
62, 80
62, 144
62, 16
62, 17
62, 81
62, 145
62, 82
62, 18
62, 146
62, 147
62, 83
62, 19
62, 148
62, 20
62, 84
62, 21
62, 85
62, 149
62, 22
62, 86
62, 150
62, 23
62, 87
62, 24
62, 88
62, 89
62, 25
62, 90
62, 26
62, 27
62, 91
62, 28
62, 92
62, 93
62, 29
62, 30
62, 94
62, 95
62, 31
62, 96
62, 32
62, 33
62, 97
62, 34
62, 98
62, 35
62, 99
62, 36
62, 100
62, 37
62, 101
62, 102
62, 38
62, 103
62, 39
62, 40
62, 104
62, 41
62, 105
62, 106
62, 42
62, 43
62, 107
62, 108
62, 44
62, 109
62, 45
62, 46
62, 110
62, 47
62, 111
62, 48
62, 112
62, 49
62, 113
62, 50
62, 114
62, 115
62, 51
62, 116
62, 52
62, 53
62, 117
62, 54
62, 118
62, 55
62, 119
62, 56
62, 120
62, 121
62, 57
62, 122
62, 58
62, 59
62, 123
62, 60
62, 124
62, 61
62, 125
62, 62
62, 126
62, 63
62, 127
127, 64
127, 128
127, 129
127, 1
127, 65
127, 2
127, 66
127, 130
127, 67
127, 131
127, 3
127, 4
127, 132
127, 68
127, 69
127, 5
127, 133
127, 134
127, 70
127, 6
127, 135
127, 7
127, 71
127, 8
127, 72
127, 136
127, 9
127, 73
127, 137
127, 10
127, 74
127, 138
127, 75
127, 11
127, 139
127, 76
127, 12
127, 140
127, 141
127, 13
127, 77
127, 142
127, 14
127, 78
127, 15
127, 79
127, 143
127, 80
127, 144
127, 16
127, 17
127, 145
127, 81
127, 82
127, 18
127, 146
127, 147
127, 83
127, 19
127, 148
127, 20
127, 84
127, 21
127, 85
127, 149
127, 22
127, 86
127, 150
127, 23
127, 87
127, 88
127, 24
127, 89
127, 25
127, 26
127, 90
127, 27
127, 91
127, 28
127, 92
127, 93
127, 29
127, 30
127, 94
127, 95
127, 31
127, 96
127, 32
127, 33
127, 97
127, 34
127, 98
127, 35
127, 99
127, 36
127, 100
127, 101
127, 37
127, 102
127, 38
127, 39
127, 103
127, 40
127, 104
127, 41
127, 105
127, 106
127, 42
127, 43
127, 107
127, 108
127, 44
127, 109
127, 45
127, 46
127, 110
127, 47
127, 111
127, 48
127, 112
127, 49
127, 113
127, 114
127, 50
127, 115
127, 51
127, 52
127, 116
127, 53
127, 117
127, 54
127, 118
127, 119
127, 55
127, 56
127, 120
127, 121
127, 57
127, 122
127, 58
127, 59
127, 123
127, 60
127, 124
127, 61
127, 125
127, 62
127, 126
127, 127
127, 63
63, 64
63, 128
63, 129
63, 65
63, 1
63, 130
63, 2
63, 66
63, 3
63, 67
63, 131
63, 68
63, 132
63, 4
63, 5
63, 69
63, 133
63, 70
63, 6
63, 134
63, 135
63, 71
63, 7
63, 136
63, 8
63, 72
63, 9
63, 73
63, 137
63, 10
63, 74
63, 138
63, 11
63, 75
63, 139
63, 12
63, 140
63, 76
63, 77
63, 13
63, 141
63, 142
63, 78
63, 14
63, 143
63, 15
63, 79
63, 16
63, 80
63, 144
63, 81
63, 145
63, 17
63, 18
63, 82
63, 146
63, 83
63, 19
63, 147
63, 148
63, 84
63, 20
63, 149
63, 21
63, 85
63, 22
63, 86
63, 150
63, 23
63, 87
63, 24
63, 88
63, 25
63, 89
63, 90
63, 26
63, 91
63, 27
63, 28
63, 92
63, 29
63, 93
63, 94
63, 30
63, 31
63, 95
63, 96
63, 32
63, 97
63, 33
63, 34
63, 98
63, 35
63, 99
63, 36
63, 100
63, 37
63, 101
63, 38
63, 102
63, 103
63, 39
63, 104
63, 40
63, 41
63, 105
63, 42
63, 106
63, 107
63, 43
63, 44
63, 108
63, 109
63, 45
63, 110
63, 46
63, 47
63, 111
63, 48
63, 112
63, 49
63, 113
63, 50
63, 114
63, 51
63, 115
63, 116
63, 52
63, 117
63, 53
63, 54
63, 118
63, 55
63, 119
63, 56
63, 120
63, 57
63, 121
63, 122
63, 58
63, 123
63, 59
63, 60
63, 124
63, 61
63, 125
63, 62
63, 126
63, 63
63, 127
