DatalogToCPPRealTime,DatalogToCPPCPUTime,CompileRealTime,CompileCPUTime,InstanceLoadingRealTime,InstanceLoadingCPUTime,LoadingFactRealTime,LoadingFactCPUTime,QueryRealTime,QueryCPUTime,WritingResultRealTime,WritingResultCPUTime
0.009999990463256836,0.0,1.5,1.52,0.000148041,0.000147,0.000798667,0.00078,0.303955,0.303421,0.000268875,0.000268
0.009999990463256836,0.010000000000000002,1.4900000095367432,1.52,0.000179167,0.000177,0.000931792,0.000929,0.300236,0.29988,0.000292833,0.000293
0.009999990463256836,0.010000000000000002,1.5,1.51,0.00019875,0.000196,0.00103275,0.000992,0.305208,0.304757,0.000282667,0.00028
0.009999990463256836,0.010000000000000002,1.5,1.53,0.000187292,0.000185,0.000803125,0.000792,0.304194,0.303709,0.000267458,0.000266
0.009999990463256836,0.010000000000000002,1.5,1.52,0.000186166,0.000183,0.000877625,0.000876,0.305431,0.304943,0.000245125,0.000244
Average,0.009999990463256836,0.008000000000000002,1.4980000019073487,1.52,0.0001798832,0.00017759999999999998,0.0008887917999999999,0.0008738000000000001,0.3038048,0.303342,0.00027139160000000005,0.00027020000000000006
