DatalogToCPPRealTime,DatalogToCPPCPUTime,CompileRealTime,CompileCPUTime,InstanceLoadingRealTime,InstanceLoadingCPUTime,LoadingFactRealTime,LoadingFactCPUTime,QueryRealTime,QueryCPUTime,WritingResultRealTime,WritingResultCPUTime
0.009999990463256836,0.0,1.4600000381469727,1.47,0.000208208,0.000206,0.00155842,0.001504,0.00897183,0.008925,0.000690125,0.000689
0.009999990463256836,0.0,1.4500000476837158,1.47,0.000191584,0.000189,0.00142467,0.001422,0.00796008,0.007929,0.00130675,0.001306
0.009999990463256836,0.0,1.440000057220459,1.47,0.000145125,0.000145,0.000710792,0.000711,0.00534242,0.005341,0.000765167,0.000763
0.009999990463256836,0.0,1.4500000476837158,1.46,0.000176334,0.000175,0.0014525,0.001447,0.00708767,0.007057,0.001378,0.001376
0.009999990463256836,0.0,1.440000057220459,1.47,0.000184708,0.000183,0.00146621,0.001452,0.00764358,0.007613,0.00109917,0.001097
Average,0.009999990463256836,0.0,1.4480000495910645,1.468,0.0001811918,0.0001796,0.0013225183999999999,0.0013072000000000001,0.007401116000000001,0.007373,0.0010478424,0.0010462000000000002
