DatalogToCPPRealTime,DatalogToCPPCPUTime,CompileRealTime,CompileCPUTime,InstanceLoadingRealTime,InstanceLoadingCPUTime,LoadingFactRealTime,LoadingFactCPUTime,QueryRealTime,QueryCPUTime,WritingResultRealTime,WritingResultCPUTime
0.009999990463256836,0.0,1.4499998092651367,1.47,0.000166125,0.000165,0.00250054,0.002483,0.00601425,0.00599,0.00176575,0.001763
0.009999990463256836,0.0,1.4499998092651367,1.47,0.000164459,0.000162,0.00226229,0.002244,0.00545337,0.005432,0.00218963,0.002188
0.009999990463256836,0.0,1.4499998092651367,1.46,0.000168083,0.000166,0.00220621,0.002204,0.00509521,0.005072,0.000944958,0.000945
0.009999990463256836,0.0,1.4399998188018799,1.47,0.00018325,0.000182,0.00241737,0.00241,0.00688779,0.006841,0.00202012,0.00202
0.009999990463256836,0.0,1.4399998188018799,1.48,0.000163916,0.000161,0.00242146,0.002418,0.00579896,0.005751,0.00258142,0.002581
Average,0.009999990463256836,0.0,1.445999813079834,1.47,0.00016916660000000001,0.0001672,0.002361574,0.0023518,0.005849916,0.0058172,0.0019003755999999997,0.0018993999999999997
