DatalogToCPPRealTime,DatalogToCPPCPUTime,CompileRealTime,CompileCPUTime,InstanceLoadingRealTime,InstanceLoadingCPUTime,LoadingFactRealTime,LoadingFactCPUTime,QueryRealTime,QueryCPUTime,WritingResultRealTime,WritingResultCPUTime
0.009999990463256836,0.0,1.4500000476837158,1.47,0.00020675,0.000203,0.00149067,0.001487,0.00303933,0.003038,0.00166858,0.001479
0.009999990463256836,0.0,1.4500000476837158,1.47,0.000160708,0.000159,0.00123329,0.001231,0.0029535,0.002928,0.00136067,0.001357
0.009999990463256836,0.0,1.4500000476837158,1.47,0.000205375,0.000204,0.00099675,0.000996,0.00236446,0.002364,0.00113767,0.001136
0.009999990463256836,0.010000000000000002,1.4500000476837158,1.48,0.000176625,0.000175,0.0015025,0.001499,0.00290667,0.002885,0.00180492,0.001768
0.009999990463256836,0.0,1.4500000476837158,1.47,0.000194,0.000192,0.00145671,0.001454,0.00316008,0.003131,0.00136392,0.001362
Average,0.009999990463256836,0.0020000000000000005,1.4500000476837158,1.472,0.00018869160000000001,0.0001866,0.0013359840000000001,0.0013333999999999998,0.002884808,0.0028692,0.0014671519999999998,0.0014204
