DatalogToCPPRealTime,DatalogToCPPCPUTime,CompileRealTime,CompileCPUTime,InstanceLoadingRealTime,InstanceLoadingCPUTime,LoadingFactRealTime,LoadingFactCPUTime,QueryRealTime,QueryCPUTime,WritingResultRealTime,WritingResultCPUTime
0.009999990463256836,0.010000000000000002,1.440000057220459,1.46,0.000152583,0.00015,0.00236283,0.00236,0.00711521,0.007085,0.00162329,0.001623
0.009999990463256836,0.0,1.4300000667572021,1.46,0.000155083,0.000154,0.00242121,0.002417,0.00730329,0.00726,0.00229488,0.002294
0.009999990463256836,0.0,1.4500000476837158,1.46,0.000143,0.000141,0.00245433,0.002452,0.00730346,0.00725,0.00242104,0.002329
0.009999990463256836,0.0,1.440000057220459,1.46,0.000149833,0.000149,0.00252925,0.002528,0.00783475,0.007764,0.00265325,0.002653
0.009999990463256836,0.010000000000000002,1.440000057220459,1.47,0.000163125,0.000161,0.00250421,0.002496,0.00626546,0.006232,0.00246829,0.002468
Average,0.009999990463256836,0.004000000000000001,1.440000057220459,1.462,0.0001527248,0.000151,0.002454366,0.0024506,0.007164434,0.0071182,0.00229215,0.0022734
