ElapsedTime,CPUTime
0.08999991416931152,0.04000000000000001
0.08999991416931152,0.030000000000000006
0.08999991416931152,0.04000000000000001
0.08999991416931152,0.04000000000000001
0.08999991416931152,0.04000000000000001
0.09000015258789062,0.04000000000000001
0.09000015258789062,0.04000000000000001
0.10000014305114746,0.04000000000000001
0.08999991416931152,0.04000000000000001
0.08999991416931152,0.04000000000000001
Average,0.09099998474121093,0.039000000000000014
