ElapsedTime,CPUTime
0.07999992370605469,0.03
0.08999991416931152,0.03
0.07999992370605469,0.03
0.08000016212463379,0.03
0.09000015258789062,0.02
0.07999992370605469,0.03
0.07999992370605469,0.02
0.08999991416931152,0.03
0.07999992370605469,0.03
0.07999992370605469,0.03
Average,0.08299996852874755,0.027999999999999997
