ElapsedTime,CPUTime
0.08000016212463379,0.03
0.08999991416931152,0.03
0.07999992370605469,0.03
0.07999992370605469,0.03
0.08999991416931152,0.03
0.08999991416931152,0.02
0.09000015258789062,0.03
0.08000016212463379,0.03
0.08999991416931152,0.03
0.07999992370605469,0.03
Average,0.08499999046325683,0.029000000000000005
