CreateTableRealTime,CreateTableCPUTime,LoadDataRealTime,LoadDataCPUTime,CreateIndexRealTime,CreateIndexCPUTime,AnalyzeRealTime,AnalyzeCPUTime,ExecuteQueryRealTime,ExecuteQueryCPUTime,WriteResultRealTime,WriteResultCPUTime
0.014546432999850367,0.00010959999999998749,0.004996337000193307,0.00016139999999997823,0.03728636000005281,0.0002489999999999992,0.0023146489997998287,0.00014300000000000423,0.07919427799970435,0.000101600000000035,0.002392933000010089,0.00010399999999999299
0.014583034999759548,0.00012610000000001786,0.005102376000195363,0.00017690000000003536,0.036390054000094096,0.00010989999999999611,0.002282467999975779,0.00019419999999997772,0.07613708200005931,0.00011119999999997798,0.00223993600002359,0.00012249999999996986
Average,0.014564733999804957,0.00011785000000000267,0.005049356500194335,0.0001691500000000068,0.03683820700007345,0.00017944999999999767,0.002298558499887804,0.00016859999999999098,0.07766567999988183,0.00010640000000000649,0.0023164345000168396,0.00011324999999998142
