CreateTableRealTime,CreateTableCPUTime,LoadDataRealTime,LoadDataCPUTime,CreateIndexRealTime,CreateIndexCPUTime,AnalyzeRealTime,AnalyzeCPUTime,ExecuteQueryRealTime,ExecuteQueryCPUTime,WriteResultRealTime,WriteResultCPUTime
0.018948374956380576,6.900000000004125e-05,0.012172041984740645,0.00014300000000000423,0.03885666700080037,3.999999999998449e-05,0.002307457965798676,7.299999999998974e-05,0.06458954198751599,6.900000000004125e-05,0,0
0.01598645799094811,6.899999999998574e-05,0.010098250000737607,8.60000000000305e-05,0.039822790946345776,3.500000000000725e-05,0.0025032080011442304,7.40000000000185e-05,0.06153279199497774,8.900000000000574e-05,0,0
0.017832207959145308,7.599999999996498e-05,0.011934416019357741,9.500000000001174e-05,0.03295399999478832,4.199999999998649e-05,0.0022083339863456786,7.80000000000225e-05,0.05663179198745638,8.099999999999774e-05,0,0
0.019034957978874445,6.60000000000105e-05,0.011658750008791685,0.00013399999999996748,0.0362537499750033,3.8000000000038e-05,0.00197516696061939,7.699999999999374e-05,0.058089666010346264,8.00000000000245e-05,0,0
0.014816917013376951,7.699999999999374e-05,0.011402375006582588,8.500000000000174e-05,0.034505250048823655,4.2000000000042004e-05,0.002057833014987409,8.700000000000374e-05,0.05972437496529892,8.299999999999974e-05,0,0
Average,0.01732378317974508,7.139999999999924e-05,0.011453166604042053,0.00010860000000000314,0.036478491593152286,3.940000000001165e-05,0.002210399985779077,7.780000000000565e-05,0.060113633389119056,8.04000000000138e-05,0.0,0.0
