CreateTableRealTime,CreateTableCPUTime,LoadDataRealTime,LoadDataCPUTime,CreateIndexRealTime,CreateIndexCPUTime,AnalyzeRealTime,AnalyzeCPUTime,ExecuteQueryRealTime,ExecuteQueryCPUTime,WriteResultRealTime,WriteResultCPUTime
0.014871297000354389,0.00015129999999996535,0.005487580000135495,0.0002055000000000251,0.03908473199999207,0.00010809999999999986,0.002061381000203255,0.00011899999999998023,0.06458089299985659,0.00010670000000001512,0.0016980189998321293,0.00012410000000001586
0.016407394999987446,0.0001296000000000075,0.005310899000050995,0.00017329999999998735,0.037750466000034066,9.850000000000136e-05,0.0036868530000901956,0.0001142999999999561,0.06279981500028953,0.00010860000000001424,0.0015943149996928696,0.0001250999999999891
Average,0.015639346000170917,0.00014044999999998642,0.005399239500093245,0.00018940000000000623,0.03841759900001307,0.00010330000000000061,0.0028741170001467253,0.00011664999999996817,0.06369035400007306,0.00010765000000001468,0.0016461669997624995,0.0001246000000000025
