CreateTableRealTime,CreateTableCPUTime,LoadDataRealTime,LoadDataCPUTime,CreateIndexRealTime,CreateIndexCPUTime,AnalyzeRealTime,AnalyzeCPUTime,ExecuteQueryRealTime,ExecuteQueryCPUTime,WriteResultRealTime,WriteResultCPUTime
0.019098250020761043,7.499999999999174e-05,0.0036494170199148357,0.00013499999999999623,0.03613900003256276,2.2999999999995246e-05,0.0019938749610446393,3.500000000000725e-05,0.02695812500314787,3.799999999998249e-05,0,0
0.016977458959445357,7.20000000000165e-05,0.0028199160005897284,8.00000000000245e-05,0.034026874986011535,4.2000000000042004e-05,0.0019949160050600767,8.099999999999774e-05,0.030063499987591058,4.199999999998649e-05,0,0
0.014935709012206644,8.399999999997299e-05,0.003231415990740061,0.00013500000000005175,0.038683083024807274,4.999999999999449e-05,0.0021684999810531735,7.900000000005125e-05,0.028683167009148747,3.300000000000525e-05,0,0
0.015964707999955863,7.899999999999574e-05,0.0025815420085564256,7.699999999999374e-05,0.041406249976716936,3.300000000000525e-05,0.0021071250084787607,9.599999999998499e-05,0.030689625011291355,4.299999999995974e-05,0,0
0.016860041010659188,7.80000000000225e-05,0.0027902080328203738,8.399999999997299e-05,0.03622320800786838,4.399999999998849e-05,0.0020401249639689922,7.40000000000185e-05,0.03090216702548787,3.8000000000038e-05,0,0
Average,0.016767233400605618,7.75999999999999e-05,0.0030144998105242848,0.00010220000000000784,0.03729568320559338,3.8400000000005094e-05,0.0020609081839211285,7.300000000001194e-05,0.02945931680733338,3.87999999999944e-05,0.0,0.0
