CreateTableRealTime,CreateTableCPUTime,LoadDataRealTime,LoadDataCPUTime,CreateIndexRealTime,CreateIndexCPUTime,AnalyzeRealTime,AnalyzeCPUTime,ExecuteQueryRealTime,ExecuteQueryCPUTime,WriteResultRealTime,WriteResultCPUTime
0.020000003278255463,0.0,0.0,0.0,0.03999999910593033,0.0,0.0,0.0,0.07000000029802322,0.0,0.009999997913837433,0.0
0.020000003278255463,0.0,0.0,0.0,0.04999999701976776,0.0,0.0,0.0,0.03999999910593033,0.0,0.0,0.0
0.009999997913837433,0.0,0.01000000536441803,0.0,0.03999999910593033,0.0,0.0,0.0,0.04999999701976776,0.0,0.0,0.0
Average,0.016666668156782787,0.0,0.0033333351214726767,0.0,0.04333333174387614,0.0,0.0,0.0,0.05333333214124044,0.0,0.003333332637945811,0.0
