CreateTableRealTime,CreateTableCPUTime,LoadDataRealTime,LoadDataCPUTime,CreateIndexRealTime,CreateIndexCPUTime,AnalyzeRealTime,AnalyzeCPUTime,ExecuteQueryRealTime,ExecuteQueryCPUTime,WriteResultRealTime,WriteResultCPUTime
0.022797084064222872,7.099999999998774e-05,0.01057537505403161,0.00012099999999998223,0.040404667030088603,3.6999999999953737e-05,0.0022150829900056124,8.399999999997299e-05,0.05743987497407943,8.299999999999974e-05,0.002212374936789274,0.000126000000000015
0.019029124989174306,5.8000000000002494e-05,0.0100372500019148,0.00015300000000001424,0.03571008297149092,4.599999999999049e-05,0.0020879580406472087,8.399999999997299e-05,0.054734042030759156,4.0000000000040004e-05,0.00199891603551805,2.399999999996849e-05
0.019113415968604386,6.899999999998574e-05,0.01067091606091708,9.100000000000774e-05,0.0350399169838056,4.599999999999049e-05,0.0019409159431234002,7.999999999996898e-05,0.05997570790350437,2.6999999999999247e-05,0.0021232919534668326,2.399999999996849e-05
0.019944625091739,4.599999999999049e-05,0.011751250014640391,9.100000000000774e-05,0.034053207957185805,5.899999999997574e-05,0.0012314170598983765,7.20000000000165e-05,0.05138579208869487,7.099999999998774e-05,0.0022908750688657165,3.199999999997649e-05
0.017924875020980835,4.899999999996574e-05,0.010135374963283539,6.799999999995698e-05,0.03691549994982779,3.300000000000525e-05,0.002150708925910294,7.100000000004325e-05,0.0666072079911828,0.00014900000000001024,0.002432083012536168,0.00010399999999999299
Average,0.01976182502694428,5.859999999998644e-05,0.010634033218957483,0.00010479999999999379,0.036424674978479746,4.4199999999983144e-05,0.0019252165919169783,7.819999999999493e-05,0.058028524997644125,7.40000000000074e-05,0.0022115082014352084,6.19999999999843e-05
