CreateTableRealTime,CreateTableCPUTime,LoadDataRealTime,LoadDataCPUTime,CreateIndexRealTime,CreateIndexCPUTime,AnalyzeRealTime,AnalyzeCPUTime,ExecuteQueryRealTime,ExecuteQueryCPUTime,WriteResultRealTime,WriteResultCPUTime
0.019999995827674866,0.0,0.0,0.0,0.03999999910593033,0.0,0.0,0.0,0.06000000238418579,0.0,0.009999997913837433,0.0
0.009999997913837433,0.0,0.009999997913837433,0.0,0.03999999910593033,0.0,0.0,0.0,0.07000000029802322,0.0,0.0,0.0
0.020000003278255463,0.0,0.0,0.0,0.03999999910593033,0.0,0.009999997913837433,0.0,0.06000000238418579,0.0,0.0,0.0
Average,0.01666666567325592,0.0,0.003333332637945811,0.0,0.03999999910593033,0.0,0.003333332637945811,0.0,0.0633333350221316,0.0,0.003333332637945811,0.0
