CreateTableRealTime,CreateTableCPUTime,LoadDataRealTime,LoadDataCPUTime,CreateIndexRealTime,CreateIndexCPUTime,AnalyzeRealTime,AnalyzeCPUTime,ExecuteQueryRealTime,ExecuteQueryCPUTime,WriteResultRealTime,WriteResultCPUTime
0.019999995827674866,0.0,0.0,0.0,0.03999999910593033,0.0,0.01000000536441803,0.0,0.059999994933605194,0.0,0.0,0.0
0.009999997913837433,0.0,0.009999997913837433,0.0,0.03999999910593033,0.0,0.0,0.0,0.05000000447034836,0.0,0.0,0.0
0.019999995827674866,0.0,0.0,0.0,0.03999999910593033,0.0,0.01000000536441803,0.0,0.04999999701976776,0.0,0.0,0.0
Average,0.016666663189729054,0.0,0.003333332637945811,0.0,0.03999999910593033,0.0,0.0066666702429453535,0.0,0.05333333214124044,0.0,0.0,0.0
