CreateTableRealTime,CreateTableCPUTime,LoadDataRealTime,LoadDataCPUTime,CreateIndexRealTime,CreateIndexCPUTime,AnalyzeRealTime,AnalyzeCPUTime,ExecuteQueryRealTime,ExecuteQueryCPUTime,WriteResultRealTime,WriteResultCPUTime
0.018891500076279044,5.300000000002525e-05,0.02108658303041011,9.199999999998099e-05,0.030906916013918817,3.799999999998249e-05,0.001847958075813949,7.099999999998774e-05,0.09009491698816419,9.199999999998099e-05,0.0029786250088363886,0.000134000000000023
0.019862583023495972,7.40000000000185e-05,0.019322291016578674,7.00000000000145e-05,0.029466207954101264,4.100000000001325e-05,0.0014578750124201179,7.20000000000165e-05,0.0884447080316022,0.00010399999999999299,0.0024507089983671904,0.00010799999999999699
0.017960541998036206,7.100000000004325e-05,0.018990500015206635,0.00011500000000003174,0.028889250010252,3.6000000000036e-05,0.0018683330854400992,7.20000000000165e-05,0.0880508329719305,8.00000000000245e-05,0.0025687499437481165,0.00011099999999997223
0.019149707979522645,7.20000000000165e-05,0.01963087497279048,7.00000000000145e-05,0.02911499992478639,4.199999999998649e-05,0.0019519999623298645,7.499999999999174e-05,0.08704629202838987,8.499999999994623e-05,0.002482415991835296,0.00011200000000000099
0.01797666703350842,5.3999999999998494e-05,0.02111541701015085,7.399999999996298e-05,0.03168845805339515,2.6999999999999247e-05,0.0016844579949975014,7.00000000000145e-05,0.09937629103660583,8.700000000000374e-05,0.003069458995014429,0.00011300000000002974
Average,0.018768200022168457,6.48000000000204e-05,0.02002913320902735,8.420000000000094e-05,0.030013166391290723,3.6800000000003497e-05,0.0017621248262003064,7.20000000000054e-05,0.09060260821133852,8.959999999998968e-05,0.002709991787560284,0.00011560000000000459
