CreateTableRealTime,CreateTableCPUTime,LoadDataRealTime,LoadDataCPUTime,CreateIndexRealTime,CreateIndexCPUTime,AnalyzeRealTime,AnalyzeCPUTime,ExecuteQueryRealTime,ExecuteQueryCPUTime,WriteResultRealTime,WriteResultCPUTime
0.01899854198563844,5.8000000000002494e-05,0.013865165994502604,0.00012699999999998823,0.040981417056173086,2.0999999999993246e-05,0.002289209049195051,7.40000000000185e-05,0.07575987500604242,9.700000000001374e-05,0.0025104170199483633,0.00015100000000001224
0.016970374970696867,6.199999999995098e-05,0.016248208936303854,9.999999999998899e-05,0.03072166594211012,4.199999999998649e-05,0.002561250003054738,4.8000000000048004e-05,0.07438949996139854,8.299999999999974e-05,0.0022724580485373735,9.599999999998499e-05
0.01894945790991187,6.399999999995298e-05,0.01757749996613711,7.60000000000205e-05,0.03242904192302376,3.799999999998249e-05,0.0023306659422814846,7.299999999998974e-05,0.08027620904613286,8.099999999999774e-05,0.0032715830020606518,0.00011099999999997223
0.017967291991226375,4.699999999996374e-05,0.016694082994945347,8.40000000000285e-05,0.039210750022903085,3.6000000000036e-05,0.0021574579877778888,4.199999999998649e-05,0.07888679101597518,7.599999999996498e-05,0.0028353750240057707,0.00010399999999999299
0.016910625039599836,6.20000000000065e-05,0.01692966604605317,5.499999999997174e-05,0.031948333024047315,2.0999999999993246e-05,0.0021891669603064656,7.199999999996098e-05,0.07895737490616739,0.0001020000000000465,0.002574666985310614,0.00010500000000002174
Average,0.01795925837941468,5.8599999999975336e-05,0.016262924787588416,8.839999999999959e-05,0.03505824159365147,3.1599999999998295e-05,0.002305549988523126,6.180000000000074e-05,0.07765394998714328,8.780000000000455e-05,0.0026929000159725547,0.00011339999999999683
