CreateTableRealTime,CreateTableCPUTime,LoadDataRealTime,LoadDataCPUTime,CreateIndexRealTime,CreateIndexCPUTime,AnalyzeRealTime,AnalyzeCPUTime,ExecuteQueryRealTime,ExecuteQueryCPUTime,WriteResultRealTime,WriteResultCPUTime
0.01781275006942451,5.6000000000000494e-05,0.016440249979496002,0.00012699999999998823,0.033604875090532005,6.0000000000004494e-05,0.0021817500237375498,5.8000000000002494e-05,0.08163862500805408,3.300000000000525e-05,0.002149874926544726,2.6999999999999247e-05
0.020067083998583257,7.40000000000185e-05,0.018468666006810963,6.899999999998574e-05,0.029354124912060797,3.300000000000525e-05,0.002404000028036535,0.00010100000000001774,0.08566224994137883,0.00016700000000002824,0.0024753339821472764,9.499999999995623e-05
0.01698049996048212,6.699999999998374e-05,0.017601832980290055,9.799999999998699e-05,0.030180666013620794,3.6999999999953737e-05,0.001968082971870899,7.40000000000185e-05,0.0814077090471983,8.00000000000245e-05,0.002315834048204124,0.00011699999999997823
0.018018499948084354,5.899999999997574e-05,0.017206624965183437,5.8000000000002494e-05,0.029540374991483986,3.799999999998249e-05,0.001381457899697125,7.699999999999374e-05,0.07955670892260969,8.500000000000174e-05,0.0028620839584618807,0.000166000000000055
0.017860167077742517,6.999999999995898e-05,0.01780675002373755,7.299999999998974e-05,0.030193416052497923,4.2000000000042004e-05,0.0018514159601181746,7.999999999996898e-05,0.07993337500374764,8.099999999999774e-05,0.002508334000594914,0.00010599999999999499
Average,0.018147800210863353,6.519999999998749e-05,0.0175048247911036,8.499999999999064e-05,0.030574691412039102,4.199999999999759e-05,0.0019573413766920565,7.80000000000003e-05,0.08163973358459771,8.920000000001149e-05,0.0024622921831905843,0.00010219999999999674
