CreateTableRealTime,CreateTableCPUTime,LoadDataRealTime,LoadDataCPUTime,CreateIndexRealTime,CreateIndexCPUTime,AnalyzeRealTime,AnalyzeCPUTime,ExecuteQueryRealTime,ExecuteQueryCPUTime,WriteResultRealTime,WriteResultCPUTime
0.017016583995427936,6.60000000000105e-05,0.004460625001229346,0.00011200000000000099,0.03433595801470801,2.0999999999993246e-05,0.0020337909809313715,4.899999999996574e-05,0.04033129196614027,4.899999999996574e-05,0,0
0.01591179199749604,7.099999999998774e-05,0.005232208000961691,0.00011800000000000699,0.036723916011396796,3.6999999999953737e-05,0.002039333980064839,7.299999999998974e-05,0.03880074998596683,4.300000000001525e-05,0,0
0.019811709003988653,7.099999999998774e-05,0.0053283749730326235,8.900000000000574e-05,0.03652033401886001,4.100000000001325e-05,0.0013194589992053807,7.80000000000225e-05,0.04778579203411937,4.100000000001325e-05,0,0
0.019906959030777216,7.299999999998974e-05,0.005326415994204581,7.80000000000225e-05,0.0376495830132626,3.4999999999951736e-05,0.0022197079961188138,8.099999999999774e-05,0.04179225000552833,4.100000000001325e-05,0,0
0.019940833968576044,7.799999999996698e-05,0.006035832979250699,9.60000000000405e-05,0.03780616703443229,3.799999999998249e-05,0.002084083971567452,7.099999999998774e-05,0.03843141702236608,4.499999999996174e-05,0,0
Average,0.018517575599253176,7.179999999998855e-05,0.005276691389735788,9.860000000001534e-05,0.036607191618531945,3.4399999999978895e-05,0.0019392751855775714,7.039999999999269e-05,0.041428300202824175,4.379999999999384e-05,0.0,0.0
