environment,cpu_time,size,position,factor
mariadb,0.00013474999999998905,400,1,
postgres,0.00016559999999998798,400,2,0.8137077294685919
cockroachdb,0.00018029999999999435,400,3,0.918469217970012
neo4j,0.0015523000000000342,400,4,0.1161502286929011
duckdb,4.4432751999999995,400,5,0.000349359409473452
xsb,4.47748,400,6,0.9923607028953786
