environment,cpu_time,size,position,factor
mariadb,0.00013474999999998905,400,1,
postgres,0.00016559999999998798,400,2,122.89424860853539
cockroachdb,0.00018029999999999435,400,3,108.8768115942074
neo4j,0.0012545999999999946,400,4,695.8402662229805
duckdb,4.4432751999999995,400,5,354158.71194006206
xsb,4.47748,400,6,100.76981052175206
