LoadRulesRealTime,LoadRulesCPUTime,LoadFactsRealTime,LoadFactsCPUTime,QueryRealTime,QueryCPUTime,WriteRealTime,WriteCPUTime
0.00120091438293457,0.00056,0.00552606582641602,0.004883,1.09672546386719e-05,9.99999999999959e-06,0.00035381317138671913,6.399999999999981e-05
0.00116300582885742,0.000548999999999999,0.00549411773681641,0.004876,1.28746032714844e-05,9.99999999999959e-06,0.00037121772766113265,6.30000000000005e-05
0.00118803977966309,0.000554000000000001,0.00568413734436035,0.004982,1.38282775878906e-05,1.10000000000006e-05,0.00036501884460449235,6.39999999999998e-05
0.00116801261901855,0.000552,0.00558614730834961,0.004934,1.19209289550781e-05,9.99999999999959e-06,0.0005340576171874999,7.099999999999991e-05
0.00116896629333496,0.000549999999999998,0.00556111335754395,0.004894,1.19209289550781e-05,9.99999999999959e-06,0.0003550052642822269,6.1000000000000304e-05
Average,0.0011777877807617179,0.0005529999999999996,0.005570316314697268,0.0049138,1.230239868164062e-05,1.0199999999999792e-05,0.00039582252502441424,6.460000000000007e-05
