LoadRulesRealTime,LoadRulesCPUTime,LoadFactsRealTime,LoadFactsCPUTime,QueryRealTime,QueryCPUTime,WriteRealTime,WriteCPUTime
0.00118899345397949,0.000550999999999999,0.00866985321044922,0.007321,1.40666961669922e-05,1.19999999999981e-05,0.0003688335418701168,6.30000000000023e-05
0.00117301940917969,0.000557999999999999,0.00829315185546875,0.007485,1.28746032714844e-05,1.19999999999981e-05,0.0003621578216552736,6.700000000000281e-05
0.00116515159606934,0.000555,0.00835800170898438,0.007402,1.28746032714844e-05,1.09999999999971e-05,0.0003609657287597656,6.500000000000081e-05
0.00116801261901855,0.000550999999999999,0.00818014144897461,0.007371,1.28746032714844e-05,1.10000000000006e-05,0.0003511905670166016,6.399999999999811e-05
0.00116395950317383,0.000546999999999999,0.00811505317687988,0.00734,1.38282775878906e-05,1.19999999999981e-05,0.00036406517028808637,6.600000000000181e-05
Average,0.0011718273162841801,0.0005523999999999991,0.008323240280151366,0.0073838,1.33037567138672e-05,1.1599999999998402e-05,0.0003614425659179688,6.500000000000117e-05
