LoadRulesRealTime,LoadRulesCPUTime,LoadFactsRealTime,LoadFactsCPUTime,QueryRealTime,QueryCPUTime,WriteRealTime,WriteCPUTime
0.00119209289550781,0.00056,0.00820398330688477,0.007385,1.19209289550781e-05,9.99999999999959e-06,0.00036501884460449186,6.600000000000011e-05
0.00131797790527344,0.000563999999999999,0.00819015502929688,0.007378,1.28746032714844e-05,1.00000000000031e-05,0.00036907196044921864,6.59999999999966e-05
0.00114917755126953,0.000548999999999999,0.00835084915161133,0.007439,1.21593475341797e-05,9.99999999999959e-06,0.0003707408905029293,6.500000000000081e-05
0.00115799903869629,0.000548999999999999,0.00821781158447266,0.007372,1.50203704833984e-05,1.19999999999981e-05,0.0003719329833984376,6.20000000000013e-05
0.00116801261901855,0.000548999999999999,0.00816679000854492,0.007337,1.50203704833984e-05,9.99999999999959e-06,0.0003590583801269536,6.399999999999981e-05
Average,0.001197052001953124,0.0005541999999999993,0.008225917816162113,0.0073822,1.33991241455078e-05,1.0399999999999992e-05,0.00036716461181640614,6.459999999999973e-05
