LoadRulesRealTime,LoadRulesCPUTime,LoadFactsRealTime,LoadFactsCPUTime,GroundRealTime,GroundCPUTime,QueryRealTime,QueryCPUTime,WriteRealTime,WriteCPUTime
0.0,0.0,0.0,0.0,0.1399998664855957,0.14,0.009999990463256836,0.020000000000000018,0.28999996185302734,0.27
0.0,0.0,0.009999990463256836,0.0,0.1399998664855957,0.14,0.009999990463256836,0.020000000000000018,0.3000001907348633,0.2799999999999999
0.0,0.0,0.0,0.0,0.1400001049041748,0.15000000000000002,0.009999990463256836,0.010000000000000009,0.28999996185302734,0.2899999999999999
0.0,0.0,0.0,0.0,0.15000009536743164,0.15000000000000002,0.009999990463256836,0.010000000000000009,0.28999996185302734,0.28
0.0,0.0,0.009999990463256836,0.0,0.12999987602233887,0.14,0.019999980926513672,0.020000000000000018,0.2799999713897705,0.27
Average,0.0,0.0,0.0039999961853027345,0.0,0.13999996185302735,0.14400000000000002,0.011999988555908203,0.016000000000000014,0.29000000953674315,0.27799999999999997
