LoadRulesRealTime,LoadRulesCPUTime,LoadFactsRealTime,LoadFactsCPUTime,GroundRealTime,GroundCPUTime,QueryRealTime,QueryCPUTime,WriteRealTime,WriteCPUTime
0.0,0.0,0.0,0.0,3.8499999046325684,3.8400000000000003,0.009999990463256836,0.009999999999999787,0.21000003814697266,0.20999999999999994
0.0,0.0,0.0,0.0,3.679999828338623,3.68,0.009999990463256836,0.009999999999999787,0.21000003814697266,0.20000000000000018
0.0,0.0,0.0,0.0,3.7100000381469727,3.7100000000000004,0.009999990463256836,0.010000000000000231,0.20999979972839355,0.2099999999999995
0.0,0.0,0.0,0.0,3.759999990463257,3.75,0.009999990463256836,0.009999999999999787,0.21000003814697266,0.20000000000000018
0.0,0.0,0.0,0.0,3.7699999809265137,3.7600000000000002,0.009999990463256836,0.009999999999999787,0.20000004768371582,0.20000000000000018
Average,0.0,0.0,0.0,0.0,3.753999948501587,3.748,0.009999990463256836,0.009999999999999875,0.20799999237060546,0.20400000000000001
