LoadRulesRealTime,LoadRulesCPUTime,LoadFactsRealTime,LoadFactsCPUTime,GroundRealTime,GroundCPUTime,QueryRealTime,QueryCPUTime,WriteRealTime,WriteCPUTime
0.0,0.0,0.0,0.0,18.369999885559082,18.35,0.029999971389770508,0.030000000000001137,0.6100001335144043,0.6099999999999979
0.0,0.0,0.0,0.0,18.380000114440918,18.36,0.029999971389770508,0.030000000000001137,0.5899999141693115,0.5800000000000003
0.0,0.0,0.009999990463256836,0.0,18.380000114440918,18.35,0.029999971389770508,0.030000000000001137,0.5699999332427979,0.5799999999999967
0.0,0.0,0.0,0.0,18.179999828338623,18.150000000000002,0.03000020980834961,0.029999999999997584,0.5699996948242188,0.5700000000000023
0.0,0.0,0.0,0.0,18.25,18.220000000000002,0.03000020980834961,0.029999999999997584,0.5499997138977051,0.5500000000000043
Average,0.0,0.0,0.0019999980926513673,0.0,18.311999988555907,18.286,0.030000066757202147,0.029999999999999714,0.5779998779296875,0.5780000000000003
