LoadRulesRealTime,LoadRulesCPUTime,LoadFactsRealTime,LoadFactsCPUTime,GroundRealTime,GroundCPUTime,QueryRealTime,QueryCPUTime,WriteRealTime,WriteCPUTime
0.0,0.0,0.0,0.0,0.10000014305114746,0.11000000000000004,0.009999990463256836,0.009999999999999953,0.20000004768371582,0.2000000000000001
0.0,0.0,0.0,0.0,0.10000014305114746,0.09000000000000002,0.009999990463256836,0.010000000000000009,0.20999979972839355,0.22
0.0,0.0,0.0,0.0,0.09999990463256836,0.10000000000000003,0.009999990463256836,0.010000000000000002,0.21000003814697266,0.21
0.0,0.0,0.0,0.0,0.09999990463256836,0.10000000000000003,0.009999990463256836,0.019999999999999955,0.21000003814697266,0.19000000000000009
0.0,0.0,0.0,0.0,0.10000014305114746,0.10000000000000003,0.009999990463256836,0.019999999999999955,0.20000004768371582,0.19000000000000009
Average,0.0,0.0,0.0,0.0,0.10000004768371581,0.10000000000000005,0.009999990463256836,0.013999999999999974,0.2059999942779541,0.20200000000000004
