LoadRulesRealTime,LoadRulesCPUTime,LoadFactsRealTime,LoadFactsCPUTime,GroundRealTime,GroundCPUTime,QueryRealTime,QueryCPUTime,WriteRealTime,WriteCPUTime
0.0,0.0,0.0,0.0,0.08000016212463379,0.07,0.0,0.0,0.15999984741210938,0.16999999999999998
0.0,0.0,0.0,0.0,0.06999993324279785,0.08000000000000002,0.009999990463256836,0.0,0.1400001049041748,0.15999999999999998
0.0,0.0,0.0,0.0,0.06999993324279785,0.07,0.009999990463256836,0.0,0.1400001049041748,0.15000000000000002
0.0,0.0,0.0,0.0,0.06999993324279785,0.07,0.010000228881835938,0.0,0.1399996280670166,0.16000000000000003
0.0,0.0,0.0,0.0,0.07000017166137695,0.07,0.0,0.0,0.15999984741210938,0.16000000000000003
Average,0.0,0.0,0.0,0.0,0.07200002670288086,0.07200000000000001,0.006000041961669922,0.0,0.147999906539917,0.16
