LoadRulesRealTime,LoadRulesCPUTime,LoadFactsRealTime,LoadFactsCPUTime,GroundRealTime,GroundCPUTime,QueryRealTime,QueryCPUTime,WriteRealTime,WriteCPUTime
0.0,0.0,0.009999990463256836,0.0,2.1399998664855957,2.15,0.009999990463256836,0.010000000000000231,0.1400001049041748,0.12999999999999945
0.0,0.0,0.0,0.0,2.0299999713897705,2.0300000000000002,0.010000228881835938,0.0,0.1399996280670166,0.1499999999999999
0.0,0.0,0.0,0.0,2.010000228881836,2.0100000000000002,0.009999990463256836,0.009999999999999787,0.12999987602233887,0.14000000000000012
0.0,0.0,0.0,0.0,2.0400002002716064,2.0400000000000005,0.009999990463256836,0.0,0.1399998664855957,0.1499999999999999
0.0,0.0,0.0,0.0,2.059999942779541,2.07,0.009999990463256836,0.010000000000000231,0.1400001049041748,0.13999999999999968
Average,0.0,0.0,0.0019999980926513673,0.0,2.0560000419616697,2.06,0.010000038146972656,0.0060000000000000496,0.13799991607666015,0.14199999999999982
