CreateTableRealTime,CreateTableCPUTime,LoadDataRealTime,LoadDataCPUTime,CreateIndexRealTime,CreateIndexCPUTime,AnalyzeRealTime,AnalyzeCPUTime,ExecuteQueryRealTime,ExecuteQueryCPUTime,WriteResultRealTime,WriteResultCPUTime
0.0004106250125914812,0.00034800000000001496,0.002056957979220897,0.002016999999999991,0.0007743750466033816,0.0007830000000000337,7.212499622255564e-05,9.700000000001374e-05,0.002577750012278557,0.002836000000000005,0.0005325410165823996,0.0008920000000000039
0.0004243750008754432,0.0003810000000000202,0.002067041990812868,0.0020749999999999935,0.0007605410064570606,0.0007769999999999722,6.333395140245557e-05,7.80000000000225e-05,0.00280662503791973,0.004966999999999999,0.0006394580123014748,0.0010189999999999921
0.00042333401506766677,0.0003670000000000062,0.0019707499886862934,0.0019280000000000408,0.0008297499734908342,0.0008659999999999779,7.058295886963606e-05,9.300000000000974e-05,0.00282024999614805,0.0072369999999999934,0.00059179199161008,0.0006220000000000114
0.0003427499905228615,0.00031799999999998496,0.0019699580152519047,0.0019399999999999973,0.0007273750379681587,0.0007560000000000344,5.8416975662112236e-05,7.00000000000145e-05,0.002753834007307887,0.0069989999999999775,0.000697874987963587,0.0012270000000000336
0.0003512079711072147,0.00034999999999996145,0.0021567080402746797,0.002259000000000011,0.0007046249811537564,0.0007380000000000164,6.36249897070229e-05,7.699999999999374e-05,0.0026334580034017563,0.0030200000000000227,0.000668833963572979,0.0011950000000000016
Average,0.0003904583980329335,0.00035279999999999757,0.0020442832028493285,0.0020438000000000066,0.0007593332091346383,0.0007840000000000069,6.561677437275649e-05,8.300000000001084e-05,0.002718383411411196,0.005011799999999999,0.0006260999944061041,0.0009910000000000086
