CreateTableRealTime,CreateTableCPUTime,LoadDataRealTime,LoadDataCPUTime,CreateIndexRealTime,CreateIndexCPUTime,AnalyzeRealTime,AnalyzeCPUTime,ExecuteQueryRealTime,ExecuteQueryCPUTime,WriteResultRealTime,WriteResultCPUTime
0.0,0.0,0.020000003278255463,0.01000000000000001,0.009999997913837433,0.019999999999999955,0.0,0.0,0.04999999701976776,0.12000000000000004,0.0,0.010000000000000009
0.0,0.0,0.019999995827674866,0.009999999999999955,0.01000000536441803,0.01,0.0,0.0,0.059999994933605194,0.15,0.01000000536441803,0.010000000000000009
0.0,0.0,0.019999995827674866,0.010000000000000009,0.01000000536441803,0.009999999999999998,0.0,0.0,0.04999999701976776,0.12999999999999998,0.0,0.0
Average,0.0,0.0,0.019999998311201733,0.009999999999999992,0.010000002880891165,0.013333333333333317,0.0,0.0,0.05333332965771357,0.13333333333333333,0.0033333351214726767,0.006666666666666672
