CreateTableRealTime,CreateTableCPUTime,LoadDataRealTime,LoadDataCPUTime,CreateIndexRealTime,CreateIndexCPUTime,AnalyzeRealTime,AnalyzeCPUTime,ExecuteQueryRealTime,ExecuteQueryCPUTime,WriteResultRealTime,WriteResultCPUTime
0.00036283297231420875,0.0003329999999999722,0.00718091701855883,0.01004900000000003,0.005053333996329457,0.004942999999999975,8.820800576359034e-05,0.00012200000000001099,0.07831849996000528,0.079766,0.002587124996352941,0.0026009999999999645
0.0003873750101774931,0.00034400000000001096,0.006762000033631921,0.006714999999999971,0.004965915984939784,0.004876000000000047,6.84160040691495e-05,9.300000000000974e-05,0.0799162500188686,0.15705400000000003,0.003228540997952223,0.003265999999999991
0.0003206669935025275,0.0003190000000000137,0.010186165978666395,0.007184999999999997,0.005197165999561548,0.005110000000000003,7.887498941272497e-05,0.00011200000000000099,0.0782453750143759,0.07981099999999997,0.002809499972499907,0.002846000000000015
0.0003659999929368496,0.0002949999999999897,0.0066821660147979856,0.0065890000000000115,0.005088915990199894,0.0050180000000000224,5.6041055358946323e-05,7.80000000000225e-05,0.07862029201351106,0.08024300000000001,0.0029280830058269203,0.0029639999999999667
0.00035574997309595346,0.0003429999999999822,0.006754625006578863,0.006696000000000035,0.005104499985463917,0.0050320000000000364,7.391598774120212e-05,9.300000000000974e-05,0.07900654198601842,0.08048099999999997,0.0030802080291323364,0.0030939999999999857
Average,0.0003585249884054065,0.00032679999999999374,0.007513174810446799,0.007446800000000009,0.00508196639129892,0.004995800000000017,7.309120846912264e-05,9.96000000000108e-05,0.07882139179855585,0.095471,0.0029266914003528654,0.0029541999999999845
