CreateTableRealTime,CreateTableCPUTime,LoadDataRealTime,LoadDataCPUTime,CreateIndexRealTime,CreateIndexCPUTime,AnalyzeRealTime,AnalyzeCPUTime,ExecuteQueryRealTime,ExecuteQueryCPUTime,WriteResultRealTime,WriteResultCPUTime
0.005476682000335131,0.0007539999999999769,0.009760397999798442,0.006220899999999974,0.007241329999942536,0.0025493999999999795,0.0005245279999144259,0.0007308000000000314,0.01368903999991744,0.021394100000000027,0.0014278249996095838,0.0014997999999999956
0.0057115770000564225,0.0007581000000000393,0.009996666000006371,0.006931699999999985,0.008022704999802954,0.0046987,0.0005025870000281429,0.00068109999999999,0.011616037999829132,0.016649199999999975,0.001599385000190523,0.0016762000000000166
Average,0.005594129500195777,0.0007560500000000081,0.009878531999902407,0.006576299999999979,0.007632017499872745,0.0036240499999999898,0.0005135574999712844,0.0007059500000000107,0.012652538999873286,0.01902165,0.0015136049999000534,0.001588000000000006
