CreateTableRealTime,CreateTableCPUTime,LoadDataRealTime,LoadDataCPUTime,CreateIndexRealTime,CreateIndexCPUTime,AnalyzeRealTime,AnalyzeCPUTime,ExecuteQueryRealTime,ExecuteQueryCPUTime,WriteResultRealTime,WriteResultCPUTime
0.006220566999672883,0.001789900000000011,0.027174054000170145,0.03283779999999997,0.023524160000306438,0.015853000000000006,0.0004897219996564672,0.0006128000000000244,0.24762871599978098,0.7042944999999999,0.010191131000283349,0.01869379999999987
0.02502789100026348,0.0008505000000000318,0.022655683000266436,0.025055400000000005,0.02371981099986442,0.016176199999999974,0.0003675879997899756,0.00040210000000001633,0.2561807260003661,0.7274442999999999,0.008981468999991193,0.016958200000000145
Average,0.015624228999968182,0.0013202000000000214,0.02491486850021829,0.02894659999999999,0.02362198550008543,0.01601459999999999,0.0004286549997232214,0.0005074500000000204,0.25190472100007355,0.7158693999999999,0.009586300000137271,0.01782600000000001
