CreateTableRealTime,CreateTableCPUTime,LoadDataRealTime,LoadDataCPUTime,CreateIndexRealTime,CreateIndexCPUTime,AnalyzeRealTime,AnalyzeCPUTime,ExecuteQueryRealTime,ExecuteQueryCPUTime,WriteResultRealTime,WriteResultCPUTime
0.000360832957085222,0.0003429999999999822,0.03819395799655467,0.03746299999999997,0.018060999980662018,0.054278999999999966,0.00011670798994600773,0.00013699999999999823,2.397119917033706,4.295178,0.006271500024013221,0.027829000000000548
0.0003849999629892409,0.00037399999999998546,0.03795120900031179,0.03751500000000002,0.018334624997805804,0.056721999999999995,0.00010270799975842237,0.00012200000000001099,2.3914184580207802,4.262758,0.006477500020992011,0.028572999999999737
0.00036870798794552684,0.0003710000000000102,0.038604917004704475,0.037787000000000015,0.01889066700823605,0.05514800000000003,0.00011758296750485897,0.00013599999999996948,2.3965287909959443,4.2573810000000005,0.006152416986878961,0.02644000000000002
0.00037820800207555294,0.00038000000000004697,0.03918241598876193,0.03865999999999997,0.019799959030933678,0.06016699999999997,9.649997809901834e-05,0.00011400000000000299,2.376529999950435,4.271375,0.006418875011149794,0.028027999999999942
0.00038308295188471675,0.0003630000000000022,0.03781270800391212,0.03725099999999998,0.019287125032860786,0.057811,9.579199831932783e-05,0.00011600000000000499,2.2584329579840414,5.312854,0.006170124979689717,0.027452000000000254
Average,0.0003751663723960519,0.00036620000000000543,0.038349041598849,0.03773519999999999,0.018874675210099667,0.05682539999999999,0.00010585818672552705,0.00012499999999999735,2.364006024796981,4.4799092,0.006298083404544741,0.0276644000000001
