CreateTableRealTime,CreateTableCPUTime,LoadDataRealTime,LoadDataCPUTime,CreateIndexRealTime,CreateIndexCPUTime,AnalyzeRealTime,AnalyzeCPUTime,ExecuteQueryRealTime,ExecuteQueryCPUTime,WriteResultRealTime,WriteResultCPUTime
0.0003652920131571591,0.0003470000000000417,0.004554791026748717,0.004319000000000017,0.0015801670379005373,0.001583000000000001,4.7916953917592764e-05,6.40000000000085e-05,0.015370249981060624,0.01538600000000001,0.0010929999989457428,0.0019160000000000288
0.0003689169534482062,0.00032399999999999096,0.0044397920137271285,0.005519999999999969,0.001630375045351684,0.0016380000000000283,5.000003147870302e-05,6.300000000003525e-05,0.015278542006853968,0.015328000000000008,0.001215500000398606,0.0021519999999999873
0.0003667909768410027,0.0003290000000000237,0.00433183298446238,0.004332999999999976,0.001582083001267165,0.0015780000000000238,5.083298310637474e-05,7.399999999996298e-05,0.015377958014141768,0.01543300000000003,0.0012615839950740337,0.002246999999999999
0.00039370800368487835,0.0003009999999999957,0.004330832976847887,0.004292000000000018,0.0016518330085091293,0.0029890000000000194,4.333403194323182e-05,6.20000000000065e-05,0.015082500001881272,0.01514500000000002,0.0012626670068129897,0.0022359999999999602
0.0003434580285102129,0.0003110000000000057,0.004387291963212192,0.004376999999999964,0.0016138330101966858,0.0016220000000000123,7.237499812617898e-05,9.900000000001574e-05,0.01546575000975281,0.029532000000000003,0.0012331660254858434,0.0012690000000000201
Average,0.00036763319512829186,0.0003224000000000116,0.004408908192999661,0.004568199999999989,0.0016116582206450402,0.001882000000000017,5.289179971441626e-05,7.24000000000058e-05,0.015315000002738088,0.018164800000000016,0.0012131834053434431,0.001963999999999999
