CreateTableRealTime,CreateTableCPUTime,LoadDataRealTime,LoadDataCPUTime,CreateIndexRealTime,CreateIndexCPUTime,AnalyzeRealTime,AnalyzeCPUTime,ExecuteQueryRealTime,ExecuteQueryCPUTime,WriteResultRealTime,WriteResultCPUTime
0.009999997913837433,0.0,0.030000001192092896,0.030000000000000027,0.019999995827674866,0.029999999999999957,0.0,0.0,0.23000000417232513,0.21000000000000002,0.0,0.020000000000000018
0.0,0.0,0.019999995827674866,0.02999999999999997,0.030000001192092896,0.020000000000000018,0.0,0.0,0.2199999988079071,0.6199999999999999,0.0,0.010000000000000009
0.0,0.010000000000000009,0.019999995827674866,0.009999999999999998,0.030000001192092896,0.02999999999999997,0.0,0.0,0.21000000089406967,0.6,0.009999997913837433,0.020000000000000018
Average,0.003333332637945811,0.003333333333333336,0.02333333094914754,0.02333333333333333,0.02666666607062022,0.026666666666666648,0.0,0.0,0.22000000129143396,0.47666666666666657,0.003333332637945811,0.01666666666666668
