CreateTableRealTime,CreateTableCPUTime,LoadDataRealTime,LoadDataCPUTime,CreateIndexRealTime,CreateIndexCPUTime,AnalyzeRealTime,AnalyzeCPUTime,ExecuteQueryRealTime,ExecuteQueryCPUTime,WriteResultRealTime,WriteResultCPUTime
0.00034425000194460154,0.0003410000000000357,0.004772417014464736,0.005881999999999998,0.0016855409485287964,0.0017059999999999853,6.84160040691495e-05,9.699999999995823e-05,0.028917124960571527,0.025194999999999967,0.0015075000119395554,0.001475000000000004
0.0003554580034688115,0.0003390000000000337,0.004512000014074147,0.005780999999999981,0.0017164169694297016,0.0016939999999999733,5.324999801814556e-05,7.499999999999174e-05,0.015792999998666346,0.016451999999999967,0.0013682919670827687,0.0013969999999999816
0.0003517500008456409,0.00035000000000001696,0.004469292005524039,0.004473000000000005,0.0017457500216551125,0.0017670000000000186,6.0334044974297285e-05,7.299999999998974e-05,0.01601945800939575,0.017008999999999996,0.0013701249845325947,0.0014109999999999956
0.00034245802089571953,0.00035000000000001696,0.0046656670165248215,0.004630999999999996,0.0016666250303387642,0.00167299999999998,6.729102460667491e-05,7.899999999999574e-05,0.016093124984763563,0.01616300000000004,0.001357375003863126,0.0013980000000000103
0.00036875001387670636,0.00035200000000001896,0.004550666024442762,0.005805000000000005,0.0017163330339826643,0.0017420000000000213,5.99589548073709e-05,7.299999999998974e-05,0.015974917041603476,0.016535999999999995,0.0016200829995796084,0.00269999999999998
Average,0.000352533208206296,0.00034640000000002447,0.004594008415006101,0.005314399999999997,0.0017061332007870078,0.0017163999999999958,6.185000529512763e-05,7.939999999998504e-05,0.018559524999000133,0.018270999999999992,0.0014446749933995306,0.0016761999999999944
