CreateTableRealTime,CreateTableCPUTime,LoadDataRealTime,LoadDataCPUTime,CreateIndexRealTime,CreateIndexCPUTime,AnalyzeRealTime,AnalyzeCPUTime,ExecuteQueryRealTime,ExecuteQueryCPUTime,WriteResultRealTime,WriteResultCPUTime
0.0,0.0,0.020000003278255463,0.010000000000000009,0.009999997913837433,0.020000000000000004,0.0,0.0,0.03999999910593033,0.11000000000000004,0.01000000536441803,0.0
0.009999997913837433,0.0,0.009999997913837433,0.020000000000000018,0.009999997913837433,0.0,0.0,0.010000000000000009,0.040000006556510925,0.02999999999999997,0.009999997913837433,0.010000000000000009
0.009999997913837433,0.0,0.01000000536441803,0.009999999999999998,0.019999995827674866,0.010000000000000009,0.0,0.0,0.03999999910593033,0.03999999999999998,0.0,0.010000000000000009
Average,0.006666665275891622,0.0,0.013333335518836975,0.013333333333333341,0.013333330551783243,0.010000000000000004,0.0,0.003333333333333336,0.04000000158945719,0.06,0.0066666677594184875,0.006666666666666672
