CreateTableRealTime,CreateTableCPUTime,LoadDataRealTime,LoadDataCPUTime,CreateIndexRealTime,CreateIndexCPUTime,AnalyzeRealTime,AnalyzeCPUTime,ExecuteQueryRealTime,ExecuteQueryCPUTime,WriteResultRealTime,WriteResultCPUTime
0.00036558398278430104,0.00034400000000001096,0.005934957996942103,0.005869000000000013,0.0036005000001750886,0.0035640000000000116,5.458301166072488e-05,6.80000000000125e-05,0.050739499973133206,0.05077100000000001,0.0022737919935025275,0.0023050000000000015
0.00032575003569945693,0.0003330000000000277,0.005885082995519042,0.005849999999999966,0.0035758749581873417,0.003528999999999949,6.745802238583565e-05,9.900000000001574e-05,0.051021791994571686,0.052530999999999994,0.0024848750326782465,0.0025199999999999667
0.00035016698529943824,0.00031999999999998696,0.006016042025294155,0.00591400000000003,0.0034891670220531523,0.0034290000000000154,7.833301788195968e-05,9.199999999998099e-05,0.052059083012863994,0.10154200000000002,0.0024481250438839197,0.0024270000000000125
0.00034066702937707305,0.00032599999999999296,0.006080958002712578,0.005997999999999948,0.003728749987203628,0.0036840000000000206,5.8957957662642e-05,7.20000000000165e-05,0.05108754202956334,0.051109000000000016,0.002354874974116683,0.002393000000000034
0.00034849997609853745,0.0003429999999999822,0.005855208029970527,0.005828,0.003600124968215823,0.0035880000000000356,6.637501064687967e-05,8.100000000005325e-05,0.050612499995622784,0.050653000000000004,0.002249166020192206,0.002285000000000037
Average,0.00034613360185176134,0.0003332000000000002,0.005954449810087681,0.005891799999999991,0.0035988833871670066,0.0035588000000000065,6.514140404760838e-05,8.24000000000158e-05,0.051104083401151,0.061321200000000006,0.0023621666128747164,0.0023860000000000105
