CreateTableRealTime,CreateTableCPUTime,LoadDataRealTime,LoadDataCPUTime,CreateIndexRealTime,CreateIndexCPUTime,AnalyzeRealTime,AnalyzeCPUTime,ExecuteQueryRealTime,ExecuteQueryCPUTime,WriteResultRealTime,WriteResultCPUTime
0.007720511000115948,0.001799099999999998,0.013897707000069204,0.007285199999999992,0.010981138999795803,0.005597600000000036,0.0003314450000289071,0.0004041999999999657,0.03169786400030716,0.0706908,0.0031995330000427202,0.004923000000000011
0.005925650999870413,0.0015267999999999948,0.012232046000008268,0.007341199999999992,0.011274698999841348,0.008960599999999985,0.0005962710001767846,0.0008396999999999988,0.02443833600000289,0.052667699999999984,0.0021731609999733337,0.0022768000000000232
Average,0.006823080999993181,0.0016629499999999964,0.013064876500038736,0.007313199999999992,0.011127918999818576,0.0072791000000000106,0.00046385800010284584,0.0006219499999999822,0.028068100000155027,0.06167924999999999,0.002686347000008027,0.003599900000000017
