DatalogToCPPRealTime,DatalogToCPPCPUTime,CompileRealTime,CompileCPUTime,InstanceLoadingRealTime,InstanceLoadingCPUTime,LoadingFactRealTime,LoadingFactCPUTime,QueryRealTime,QueryCPUTime,WritingResultRealTime,WritingResultCPUTime
0.009999990463256836,0.010000000000000002,1.5099999904632568,1.53,0.00018525,0.000182,0.39343,0.392277,13.9994,13.976,0.000259792,0.000259
0.010000228881835938,0.010000000000000002,1.5,1.54,0.000149709,0.000148,0.388361,0.387718,13.9645,13.941,0.0001675,0.000166
0.009999990463256836,0.0,1.5099999904632568,1.55,0.000148625,0.000148,0.390942,0.390232,13.973,13.9495,0.000165875,0.000164
0.009999990463256836,0.0,1.5099999904632568,1.52,0.000157833,0.000157,0.387978,0.387364,13.9956,13.9725,0.00016,0.00016
0.009999990463256836,0.0,1.5099999904632568,1.53,0.000138167,0.000137,0.389484,0.388999,13.9861,13.9634,0.000129792,0.000129
Average,0.010000038146972656,0.004000000000000001,1.5079999923706056,1.5340000000000003,0.0001559168,0.0001544,0.39003899999999997,0.389318,13.98372,13.96048,0.0001765918,0.00017559999999999999
