DatalogToCPPRealTime,DatalogToCPPCPUTime,CompileRealTime,CompileCPUTime,InstanceLoadingRealTime,InstanceLoadingCPUTime,LoadingFactRealTime,LoadingFactCPUTime,QueryRealTime,QueryCPUTime,WritingResultRealTime,WritingResultCPUTime
0.009999990463256836,0.0,1.5099999904632568,1.54,0.000185625,0.000182,0.227437,0.227154,11.7761,11.7559,0.000180667,0.00018
0.009999990463256836,0.0,1.5,1.54,0.000159625,0.000158,0.229849,0.229628,11.8115,11.7909,0.000172416,0.000172
0.009999990463256836,0.010000000000000002,1.4900000095367432,1.52,0.000176083,0.000174,0.228078,0.227812,11.7837,11.7632,0.000176625,0.000177
0.009999990463256836,0.010000000000000002,1.5199999809265137,1.54,0.000165125,0.000163,0.229108,0.228869,11.7915,11.7715,0.000167666,0.000166
0.009999990463256836,0.0,1.5,1.52,0.000162958,0.00016,0.226077,0.225839,11.7736,11.7534,0.000127458,0.000126
Average,0.009999990463256836,0.004000000000000001,1.5039999961853028,1.532,0.0001698832,0.0001674,0.2281098,0.22786040000000002,11.78728,11.76698,0.0001649664,0.0001642
