DatalogToCPPRealTime,DatalogToCPPCPUTime,CompileRealTime,CompileCPUTime,InstanceLoadingRealTime,InstanceLoadingCPUTime,LoadingFactRealTime,LoadingFactCPUTime,QueryRealTime,QueryCPUTime,WritingResultRealTime,WritingResultCPUTime
0.009999990463256836,0.0,1.4900000095367432,1.52,0.000140542,0.000139,0.227211,0.226872,5.91297,5.90344,0.000190292,0.000189
0.010000228881835938,0.010000000000000002,1.489999771118164,1.52,0.000168458,0.000167,0.220038,0.219768,5.91545,5.9054,0.00018225,0.000182
0.009999990463256836,0.0,1.4900000095367432,1.5,0.000152459,0.000133,0.227008,0.226729,5.88658,5.87733,0.000180292,0.00018
0.009999990463256836,0.010000000000000002,1.4900000095367432,1.52,0.000153917,0.000153,0.226462,0.226121,5.96128,5.95097,0.000114,0.000106
0.010000228881835938,0.0,1.489999771118164,1.51,0.000147417,0.000146,0.22713,0.226849,5.94968,5.93889,0.00017825,0.000178
Average,0.010000085830688477,0.004000000000000001,1.4899999141693114,1.514,0.00015255859999999997,0.00014759999999999998,0.22556980000000001,0.2252678,5.925192,5.915206,0.00016901680000000002,0.000167
