ElapsedTime,CPUTime
0.8900001049041748,0.8200000000000001
0.8899998664855957,0.8400000000000001
0.8899998664855957,0.8300000000000001
0.8899998664855957,0.8300000000000001
0.8899998664855957,0.8300000000000001
0.8799998760223389,0.8300000000000001
0.8899998664855957,0.8300000000000001
0.880000114440918,0.8300000000000001
0.8900001049041748,0.8300000000000001
0.880000114440918,0.8300000000000001
Average,0.8869999647140503,0.8300000000000001
