ElapsedTime,CPUTime
0.2199997901916504,0.15999999999999998
0.21000003814697266,0.15999999999999998
0.2200000286102295,0.15999999999999998
0.21000003814697266,0.15999999999999998
0.21000003814697266,0.15999999999999998
0.21000003814697266,0.15999999999999998
0.21000003814697266,0.15999999999999998
0.21000003814697266,0.15999999999999998
0.20999979972839355,0.15999999999999998
0.21000003814697266,0.15999999999999998
Average,0.2119999885559082,0.15999999999999995
