ElapsedTime,CPUTime
0.1100001335144043,0.06000000000000001
0.12000012397766113,0.06000000000000001
0.1100001335144043,0.07
0.12000012397766113,0.07
0.12000012397766113,0.06000000000000001
0.1100001335144043,0.06000000000000001
0.1100001335144043,0.07
0.12000012397766113,0.06000000000000001
0.1099998950958252,0.07
0.1099998950958252,0.07
Average,0.11400008201599121,0.06500000000000002
