ElapsedTime,CPUTime
0.18000006675720215,0.13
0.17999982833862305,0.13
0.19000005722045898,0.13
0.18000006675720215,0.13
0.18000006675720215,0.13
0.18999981880187988,0.13
0.18000006675720215,0.13
0.19000005722045898,0.13
0.18000006675720215,0.13
0.18999981880187988,0.13
Average,0.18399999141693116,0.12999999999999998
