ElapsedTime,CPUTime
0.6000001430511475,0.54
0.6000001430511475,0.54
0.6100001335144043,0.54
0.6000001430511475,0.54
0.6000001430511475,0.54
0.5999999046325684,0.54
0.6099998950958252,0.54
0.5899999141693115,0.54
0.6099998950958252,0.55
0.6099998950958252,0.54
Average,0.6030000209808349,0.541
