CreateTableRealTime,CreateTableCPUTime,LoadDataRealTime,LoadDataCPUTime,CreateIndexRealTime,CreateIndexCPUTime,AnalyzeRealTime,AnalyzeCPUTime,ExecuteQueryRealTime,ExecuteQueryCPUTime,WriteResultRealTime,WriteResultCPUTime
0.022108082950580865,4.599999999999049e-05,0.3370916669955477,0.00018900000000005024,0.543505167006515,0.0003049999999999997,0.19297733303392306,0.00021799999999999597,1.279814500012435,0.00013299999999999423,0.303864708985202,0.00022400000000000198
0.02394845796516165,4.500000000001725e-05,0.3424257920123637,0.00014700000000000824,0.5443639170262031,0.0002469999999999972,0.18277133401716128,0.000148000000000037,1.288480291957967,0.00012299999999998423,0.2924751660320908,0.00021799999999999597
0.0242646670085378,7.00000000000145e-05,0.3769505829550326,0.00022600000000000398,0.5369925419799984,0.00025999999999998247,0.17092804098501801,0.00014100000000000223,1.2765028330031782,8.999999999997899e-05,0.3078786249971017,8.60000000000305e-05
0.019561875029467046,4.599999999999049e-05,0.40054766699904576,0.0003070000000000017,0.5515054169809446,0.00034800000000001496,0.1776368329883553,0.00021700000000002273,1.2140672499663197,0.00017300000000003424,0.30745570798171684,0.00023600000000001398
0.023309792042709887,6.099999999997774e-05,0.39970804197946563,0.00024399999999996647,0.5296470419852994,0.00014500000000000624,0.18912395799998194,6.80000000000125e-05,1.227802041976247,0.00015199999999998548,0.3027384579763748,0.00020199999999997997
Average,0.02263857499929145,5.359999999999809e-05,0.37134475018829105,0.00022260000000000612,0.5412028169957921,0.0002610000000000001,0.1826874998048879,0.0001584000000000141,1.2573333833832294,0.00013419999999999543,0.3028825331944972,0.00019320000000000448
