CreateTableRealTime,CreateTableCPUTime,LoadDataRealTime,LoadDataCPUTime,CreateIndexRealTime,CreateIndexCPUTime,AnalyzeRealTime,AnalyzeCPUTime,ExecuteQueryRealTime,ExecuteQueryCPUTime,WriteResultRealTime,WriteResultCPUTime
0.018896250054240227,5.8000000000002494e-05,0.3312597500043921,0.0003029999999999977,0.5644464159850031,0.0003049999999999997,0.18175237497780472,0.0002790000000000292,0.47134933300549164,0.00018800000000002148,0.08592337503796443,0.0002790000000000292
0.02314145799027756,5.6000000000000494e-05,0.31419208395527676,0.00030399999999997096,0.5296403749962337,0.00024099999999999122,0.16543270798865706,0.00014500000000000624,0.4437212080229074,0.00014100000000000223,0.08208170800935477,0.00020700000000001273
0.02348595904186368,4.500000000001725e-05,0.3201130410307087,0.0003790000000000182,0.5695084589533508,0.00031600000000003847,0.16519783297553658,0.00015899999999996473,0.4461203750106506,0.00016299999999996873,0.08484683401184157,0.00019700000000000273
0.01558629103237763,5.300000000002525e-05,0.33136133302468807,0.0003250000000000197,0.5478424580069259,0.0002930000000000432,0.18051608302630484,0.00016399999999999748,0.4400697499513626,0.00012299999999998423,0.0862886660033837,0.00024400000000002198
0.0257469589705579,6.60000000000105e-05,0.2985100839869119,0.0003250000000000197,0.5326141249970533,0.00017099999999997673,0.17380937503185123,9.900000000001574e-05,0.4647140000015497,0.00012099999999998223,0.08090787497349083,0.0002829999999999777
Average,0.021371383417863397,5.56000000000112e-05,0.31908725840039553,0.00032720000000000524,0.5488103665877133,0.00026520000000000986,0.17334167480003088,0.00016920000000000268,0.4531949331983924,0.0001471999999999918,0.08400969160720706,0.00024200000000000886
