CreateTableRealTime,CreateTableCPUTime,LoadDataRealTime,LoadDataCPUTime,CreateIndexRealTime,CreateIndexCPUTime,AnalyzeRealTime,AnalyzeCPUTime,ExecuteQueryRealTime,ExecuteQueryCPUTime,WriteResultRealTime,WriteResultCPUTime
0.020000003278255463,0.0,0.35999999940395355,0.0,0.6799999997019768,0.0,0.24000000208616257,0.0,0.8200000002980232,0.0,0.14000000059604645,0.0
0.020000003278255463,0.0,0.42000000178813934,0.0,0.9699999988079071,0.0,0.28999999910593033,0.0,0.9900000020861626,0.0,0.17000000178813934,0.0
0.019999995827674866,0.0,0.369999997317791,0.0,0.7899999991059303,0.0,0.23000000417232513,0.0,0.8899999931454659,0.0,0.1600000038743019,0.0
Average,0.020000000794728596,0.0,0.38333333283662796,0.0,0.8133333325386047,0.0,0.25333333512147266,0.0,0.8999999985098839,0.0,0.15666666875282922,0.0
