CreateTableRealTime,CreateTableCPUTime,LoadDataRealTime,LoadDataCPUTime,CreateIndexRealTime,CreateIndexCPUTime,AnalyzeRealTime,AnalyzeCPUTime,ExecuteQueryRealTime,ExecuteQueryCPUTime,WriteResultRealTime,WriteResultCPUTime
0.01715883397264406,7.099999999998774e-05,0.28932866599643603,0.00030199999999996896,0.5901324999867938,0.00041000000000002146,0.18219954200321808,0.00025999999999998247,0.2216699169948697,0.00020199999999997997,0.032315334014128894,0.0003150000000000097
0.021379042009357363,7.40000000000185e-05,0.2774226249894127,0.00029400000000001647,0.5510077920043841,0.0003310000000000257,0.15951537498040125,0.0002670000000000172,0.24400275002699345,0.00017500000000003624,0.02909779199399054,0.0002649999999999597
0.019233166007325053,6.80000000000125e-05,0.2951287920004688,0.00019900000000000473,0.5739237920497544,0.00035999999999997145,0.18912829097826034,0.00024400000000002198,0.2723688330152072,0.00021599999999999397,0.02820916596101597,0.00026399999999998647
0.020707374962512404,7.00000000000145e-05,0.2794159170007333,0.00035600000000002296,0.53856141702272,0.0003509999999999902,0.17789466597605497,0.00022199999999999998,0.24190158396959305,0.0002929999999999877,0.030666499980725348,0.0003970000000000362
0.01858170802006498,4.500000000001725e-05,0.3047823749948293,0.0002749999999999697,0.5400640000007115,0.00027800000000000047,0.14718808297766373,0.00026199999999998447,0.2255387090262957,0.00022600000000000398,0.030972042004577816,0.00030999999999997696
Average,0.019412024994380772,6.560000000001009e-05,0.289215674996376,0.0002851999999999966,0.5587379002128727,0.00034600000000000185,0.17118519138311966,0.0002510000000000012,0.24109635860659182,0.00022240000000000036,0.030252166790887713,0.0003101999999999938
