CreateTableRealTime,CreateTableCPUTime,LoadDataRealTime,LoadDataCPUTime,CreateIndexRealTime,CreateIndexCPUTime,AnalyzeRealTime,AnalyzeCPUTime,ExecuteQueryRealTime,ExecuteQueryCPUTime,WriteResultRealTime,WriteResultCPUTime
0.01222045801114291,6.80000000000125e-05,0.2861837090458721,0.0002929999999999877,0.5499315829947591,0.0003309999999999702,0.15725937497336417,0.00030599999999997296,0.5335608750465326,0.00022400000000000198,0.12808379100169986,0.00023999999999996247
0.012403208005707711,5.299999999996974e-05,0.3012217089999467,0.00032599999999999296,0.5445131250307895,0.0003429999999999822,0.17537845898186788,0.000260000000000038,0.5777564590098336,0.00021799999999999597,0.12542883295100182,0.0002730000000000232
0.019636208016891032,6.80000000000125e-05,0.3250594999990426,0.0003189999999999582,0.5332946670241654,0.00043999999999999595,0.17820387502433732,0.00019899999999994922,0.5971421669819392,0.00021399999999999197,0.1313124579610303,0.0003070000000000017
0.01886208401992917,4.699999999996374e-05,0.3301864589448087,0.0004370000000000207,0.5467478330247104,0.0004309999999999592,0.17910779098747298,0.00020800000000004149,0.5795677499845624,0.00016599999999999948,0.12296845798846334,0.0003010000000000512
0.016345290991012007,6.299999999997974e-05,0.3248658329830505,0.0003909999999999747,0.551992374996189,0.0002550000000000052,0.1876967499847524,0.00021400000000004749,0.5944464579806663,0.00026399999999998647,0.12801358295837417,0.00034599999999995745
Average,0.015893449808936568,5.9799999999987644e-05,0.3135034419945441,0.00035319999999998685,0.5452959166141227,0.00035999999999998257,0.17552924999035896,0.00023740000000000984,0.5764947418007068,0.00021719999999999517,0.1271614245721139,0.0002933999999999992
