CreateTableRealTime,CreateTableCPUTime,LoadDataRealTime,LoadDataCPUTime,CreateIndexRealTime,CreateIndexCPUTime,AnalyzeRealTime,AnalyzeCPUTime,ExecuteQueryRealTime,ExecuteQueryCPUTime,WriteResultRealTime,WriteResultCPUTime
0.018617458001244813,8.299999999999974e-05,0.2870305419783108,0.0002929999999999877,0.5415035829646513,0.0003849999999999687,0.16964775003725663,0.0002489999999999992,0.286579875042662,0.00020999999999998797,0.05718520900700241,0.00028400000000000647
0.017701959004625678,7.60000000000205e-05,0.2459213329711929,0.0003929999999999767,0.5212783750030212,0.0004090000000000482,0.17110699997283518,0.0003190000000000137,0.35038445802638307,0.00013799999999997148,0.05435762502020225,0.00032199999999998896
0.017487750039435923,5.8000000000002494e-05,0.28554491698741913,0.00038199999999999346,0.5510415829485282,0.0003529999999999922,0.1822435000212863,0.0002589999999999537,0.305896959034726,0.00020299999999995322,0.05442508397391066,0.0002510000000000012
0.010631749988533556,3.799999999998249e-05,0.2613631670246832,0.0004290000000000127,0.5417358750128187,0.00044199999999999795,0.17538012500153854,0.0002769999999999717,0.3279780000448227,0.0002550000000000052,0.055353375035338104,0.00019499999999994522
0.011611208028625697,3.900000000001125e-05,0.23787508299574256,0.0003070000000000017,0.4605063750059344,0.00022400000000000198,0.1378475830424577,0.00016500000000002624,0.2768237090203911,0.00021799999999999597,0.05460766702890396,0.0002769999999999717
Average,0.015210025012493134,5.880000000000329e-05,0.2635470083914697,0.00036079999999999446,0.5232131581869908,0.0003626000000000018,0.16724519161507487,0.00025379999999999294,0.309532600233797,0.00020479999999998278,0.05518579201307148,0.0002657999999999827
