CreateTableRealTime,CreateTableCPUTime,LoadDataRealTime,LoadDataCPUTime,CreateIndexRealTime,CreateIndexCPUTime,AnalyzeRealTime,AnalyzeCPUTime,ExecuteQueryRealTime,ExecuteQueryCPUTime,WriteResultRealTime,WriteResultCPUTime
0.17000000178813934,0.0,4.489999994635582,0.009999999999999998,0.7400000020861626,0.0,0.25,0.0,3.4299999997019768,0.0,0.880000002682209,0.0
0.020000003278255463,0.0,0.5399999991059303,0.0,0.7699999958276749,0.0,0.36000000685453415,0.0,3.2299999967217445,0.0,0.8299999982118607,0.0
0.020000003278255463,0.0,0.7000000029802322,0.0,0.8900000005960464,0.0,0.3099999949336052,0.0,4.060000002384186,0.0,0.7999999970197678,0.0
Average,0.0700000027815501,0.0,1.9099999989072483,0.0033333333333333327,0.7999999995032946,0.0,0.30666666726271313,0.0,3.573333332935969,0.0,0.8366666659712791,0.0
