CreateTableRealTime,CreateTableCPUTime,LoadDataRealTime,LoadDataCPUTime,CreateIndexRealTime,CreateIndexCPUTime,AnalyzeRealTime,AnalyzeCPUTime,ExecuteQueryRealTime,ExecuteQueryCPUTime,WriteResultRealTime,WriteResultCPUTime
0.009999997913837433,0.02000000000000001,0.33000000566244125,0.0,0.619999997317791,0.0,0.21000000089406967,0.0,0.3700000047683716,0.0,0.03999999910593033,0.0
0.020000003278255463,0.0,0.28999999910593033,0.0,0.619999997317791,0.0,0.21000000089406967,0.0,0.3200000002980232,0.0,0.03999999910593033,0.0
0.020000003278255463,0.0,0.29999999701976776,0.0,0.6400000005960464,0.0,0.20000000298023224,0.0,0.28999999910593033,0.0,0.030000001192092896,0.0
Average,0.016666668156782787,0.0066666666666666706,0.30666666726271313,0.0,0.6266666650772095,0.0,0.20666666825612387,0.0,0.3266666680574417,0.0,0.03666666646798452,0.0
