CreateTableRealTime,CreateTableCPUTime,LoadDataRealTime,LoadDataCPUTime,CreateIndexRealTime,CreateIndexCPUTime,AnalyzeRealTime,AnalyzeCPUTime,ExecuteQueryRealTime,ExecuteQueryCPUTime,WriteResultRealTime,WriteResultCPUTime
0.015092457993887365,5.499999999997174e-05,0.30017991695785895,0.00037799999999998946,0.5509965419769287,0.0002929999999999877,0.20640579203609377,0.00015999999999999348,76.21147666696925,0.0002550000000000052,1.8705912919831462,0.00020399999999998197
0.013687167025636882,5.900000000003125e-05,0.2761573750176467,0.00022599999999994846,0.5575134169775993,0.00015399999999998748,0.2118897499749437,6.60000000000105e-05,76.75251008296618,0.00021900000000002473,1.902384166023694,0.00041599999999997195
0.013213208003435284,4.999999999999449e-05,0.2815440830308944,0.00020999999999998797,0.5551480419817381,0.00021300000000001873,0.19888466701377183,6.500000000003725e-05,76.56393962498987,0.0003469999999999862,1.8708539169747382,0.0002830000000000332
0.013790166995022446,7.099999999998774e-05,0.2719542080303654,0.00020999999999998797,0.5568751250393689,0.00015100000000001224,0.19593624997651204,6.60000000000105e-05,76.36831370799337,0.0005139999999999589,1.8552613340434618,0.0002750000000000252
0.015142624964937568,8.900000000000574e-05,0.27798404201166704,0.00020199999999997997,0.5466921670013107,0.0002550000000000052,0.1971673330408521,5.699999999997374e-05,76.47573779098457,0.00018600000000001948,2.253977832966484,0.00019999999999997797
Average,0.01418512499658391,6.479999999999819e-05,0.2815639250096865,0.00024519999999997875,0.5534450585953892,0.00021320000000000228,0.20205675840843468,8.280000000000509e-05,76.47439557478064,0.00030419999999999894,1.9506137083983048,0.0002755999999999981
