CreateTableRealTime,CreateTableCPUTime,LoadDataRealTime,LoadDataCPUTime,CreateIndexRealTime,CreateIndexCPUTime,AnalyzeRealTime,AnalyzeCPUTime,ExecuteQueryRealTime,ExecuteQueryCPUTime,WriteResultRealTime,WriteResultCPUTime
0.026670665999972698,0.0002202999999999511,0.3957044769999811,0.0002830000000000332,0.9294793900003242,0.00028090000000002835,0.27295755899967844,0.00019540000000006774,0.45234552200008693,0.0001866999999999841,0.03319060099966009,0.00022359999999999047
0.02711821399998371,0.0001963000000000381,0.3983007299998462,0.00030570000000007536,0.7378966500000388,0.00026820000000005173,0.22928689499985921,0.00020779999999998022,0.3793915449996348,0.00018230000000007962,0.15836953300004097,0.00021949999999992809
Average,0.026894439999978204,0.0002082999999999946,0.3970026034999137,0.0002943500000000543,0.8336880200001815,0.00027455000000004004,0.2511222269997688,0.00020160000000002398,0.41586853349986086,0.00018450000000003186,0.09578006699985053,0.00022154999999995928
