CreateTableRealTime,CreateTableCPUTime,LoadDataRealTime,LoadDataCPUTime,CreateIndexRealTime,CreateIndexCPUTime,AnalyzeRealTime,AnalyzeCPUTime,ExecuteQueryRealTime,ExecuteQueryCPUTime,WriteResultRealTime,WriteResultCPUTime
0.019999995827674866,0.0,0.6000000014901161,0.0,0.7400000020861626,0.0,0.2800000011920929,0.0,3.5700000002980232,0.0,0.6799999997019768,0.0
0.009999997913837433,0.0,0.5,0.0,0.6700000017881393,0.0,0.23000000417232513,0.0,3.709999993443489,0.0,1.4600000008940697,0.0
0.020000003278255463,0.0,0.5,0.0,0.7100000008940697,0.0,0.22999999672174454,0.0,2.9500000029802322,0.0,0.8299999982118607,0.0
Average,0.01666666567325592,0.0,0.5333333338300387,0.0,0.7066666682561239,0.0,0.2466666673620542,0.0,3.409999998907248,0.0,0.9899999996026357,0.0
