CreateTableRealTime,CreateTableCPUTime,LoadDataRealTime,LoadDataCPUTime,CreateIndexRealTime,CreateIndexCPUTime,AnalyzeRealTime,AnalyzeCPUTime,ExecuteQueryRealTime,ExecuteQueryCPUTime,WriteResultRealTime,WriteResultCPUTime
0.019999995827674866,0.0,0.4699999988079071,0.0,0.75,0.0,0.25999999791383743,0.0,1.8400000035762787,0.0,0.4099999964237213,0.0
0.030000001192092896,0.0,0.5600000023841858,0.0,0.75,0.0,0.23999999463558197,0.0,2.1400000005960464,0.0,0.4400000050663948,0.0
0.020000003278255463,0.0,0.4399999976158142,0.0,0.7899999991059303,0.0,0.25999999791383743,0.0,1.910000003874302,0.0,0.35999999940395355,0.0
Average,0.023333333432674408,0.0,0.4899999996026357,0.0,0.7633333330353101,0.0,0.25333333015441895,0.0,1.9633333360155423,0.0,0.40333333363135654,0.0
