CreateTableRealTime,CreateTableCPUTime,LoadDataRealTime,LoadDataCPUTime,CreateIndexRealTime,CreateIndexCPUTime,AnalyzeRealTime,AnalyzeCPUTime,ExecuteQueryRealTime,ExecuteQueryCPUTime,WriteResultRealTime,WriteResultCPUTime
0.011613792041316628,6.099999999997774e-05,0.36464804102433845,0.00030799999999997496,0.5384842909988947,0.0003710000000000102,0.18402562499977648,0.00021300000000001873,1.193405124999117,0.00021900000000002473,0.3037215839722194,0.0003280000000000505
0.01714004104724154,4.999999999999449e-05,0.3661207500263117,0.0002610000000000112,0.5189261670457199,0.00036399999999997545,0.17761912499554455,0.00021900000000002473,1.151893625035882,0.00019099999999999673,0.2920303330174647,0.0003280000000000505
0.013454458967316896,4.999999999999449e-05,0.3526492909877561,0.00042800000000003946,0.49092337500769645,0.00034600000000001296,0.15151216695085168,0.00021799999999999597,1.1801292920135893,0.00012699999999998823,0.312848917033989,0.00017299999999997873
0.01066587504465133,7.00000000000145e-05,0.3156712500494905,0.00031199999999997896,0.4711521670105867,0.00011200000000000099,0.16220004198839888,0.00017400000000000748,1.1393236659932882,0.00015300000000001424,0.3051897499826737,0.0004049999999999887
0.011434541956987232,6.20000000000065e-05,0.3545447079814039,0.00017900000000004024,0.5179986250004731,0.00031999999999998696,0.17499883304117247,0.00014900000000001024,1.178667875006795,0.00016599999999999948,0.3688287500408478,0.00031399999999998096
Average,0.012861741811502726,5.859999999999754e-05,0.35072680801386014,0.00029760000000000897,0.5074969250126742,0.0003025999999999973,0.1700711583951488,0.00019460000000001143,1.1686839166097343,0.00017120000000000468,0.3165238668094389,0.00030960000000000986
