CreateTableRealTime,CreateTableCPUTime,LoadDataRealTime,LoadDataCPUTime,CreateIndexRealTime,CreateIndexCPUTime,AnalyzeRealTime,AnalyzeCPUTime,ExecuteQueryRealTime,ExecuteQueryCPUTime,WriteResultRealTime,WriteResultCPUTime
0.07000000029802322,0.0,0.6599999964237213,0.0,0.8000000044703484,0.0,0.26999999582767487,0.0,4.149999998509884,0.0,0.9400000050663948,0.0
0.030000001192092896,0.0,0.5700000002980232,0.0,0.75,0.0,0.2800000011920929,0.0,4.46000000089407,0.0,0.9299999997019768,0.0
0.030000001192092896,0.0,0.5900000035762787,0.010000000000000009,0.6799999997019768,0.0,0.24000000208616257,0.0,5.28999999910593,0.0,1.4299999997019768,0.0
Average,0.04333333422740301,0.0,0.6066666667660078,0.003333333333333336,0.7433333347241083,0.0,0.2633333330353101,0.0,4.633333332836628,0.0,1.1000000014901161,0.0
