CreateTableRealTime,CreateTableCPUTime,LoadDataRealTime,LoadDataCPUTime,CreateIndexRealTime,CreateIndexCPUTime,AnalyzeRealTime,AnalyzeCPUTime,ExecuteQueryRealTime,ExecuteQueryCPUTime,WriteResultRealTime,WriteResultCPUTime
0.024089541984722018,0.00011499999999997623,0.3550024579744786,0.00031400000000003647,0.5420680419774726,0.00016900000000003024,0.1708312500268221,8.80000000000325e-05,0.796191917033866,0.00010399999999999299,0.1792499580187723,0.00029400000000001647
0.02515595796285197,9.500000000001174e-05,0.3810224999906495,0.0003429999999999822,0.5658978749997914,0.0003610000000000002,0.17361100000562146,0.00019700000000000273,0.7753025829442777,0.00015900000000002024,0.17961437499616295,0.00013499999999999623
0.024071749998256564,6.80000000000125e-05,0.34303233301034197,0.0003290000000000237,0.5357267910148948,0.0002749999999999697,0.17810170800657943,9.199999999998099e-05,0.8172611669870093,0.00010199999999999099,0.17360537499189377,0.00017699999999998273
0.01430420798715204,7.80000000000225e-05,0.3346890000393614,0.0002629999999999577,0.5241527920006774,0.00023699999999998722,0.16343162499833852,0.00014799999999998148,0.7513127920101397,0.00013099999999999223,0.1730858749942854,0.0002690000000000192
0.021481709030922502,6.20000000000065e-05,0.34540375001961365,0.00021899999999996922,0.5202454579994082,0.00019900000000000473,0.16802570800064132,6.899999999998574e-05,0.7928783750394359,9.799999999998699e-05,0.1799562499509193,0.00017500000000003624
Average,0.02182063339278102,8.36000000000059e-05,0.35183000820688903,0.00029359999999999386,0.5376181915984489,0.00024819999999999844,0.17080025820760056,0.00011879999999999668,0.7865893668029458,0.00011879999999999668,0.17710236659040673,0.00021000000000001017
