CreateTableRealTime,CreateTableCPUTime,LoadDataRealTime,LoadDataCPUTime,CreateIndexRealTime,CreateIndexCPUTime,AnalyzeRealTime,AnalyzeCPUTime,ExecuteQueryRealTime,ExecuteQueryCPUTime,WriteResultRealTime,WriteResultCPUTime
0.020000003278255463,0.0,0.9799999967217445,0.0,1.0700000002980232,0.0,0.4099999964237213,0.0,6.810000002384186,0.0,1.6299999952316284,0.0
0.019999995827674866,0.0,0.8399999961256981,0.0,1.130000002682209,0.0,0.4399999976158142,0.0,5.53999999910593,0.0,1.0900000035762787,0.0
0.019999995827674866,0.0,0.6899999976158142,0.0,0.8200000002980232,0.0,0.28999999910593033,0.0,3.9600000008940697,0.0,0.8399999961256981,0.0
Average,0.019999998311201733,0.0,0.8366666634877523,0.0,1.0066666677594185,0.0,0.3799999977151553,0.0,5.436666667461395,0.0,1.1866666649778683,0.0
