CreateTableRealTime,CreateTableCPUTime,LoadDataRealTime,LoadDataCPUTime,CreateIndexRealTime,CreateIndexCPUTime,AnalyzeRealTime,AnalyzeCPUTime,ExecuteQueryRealTime,ExecuteQueryCPUTime,WriteResultRealTime,WriteResultCPUTime
0.019999995827674866,0.0,0.32999999821186066,0.0,0.7400000020861626,0.0,0.19999999552965164,0.0,0.5300000011920929,0.0,0.07000000029802322,0.0
0.009999997913837433,0.0,0.3100000023841858,0.0,0.630000002682209,0.0,0.19999999552965164,0.0,0.49000000208616257,0.0,0.07000000029802322,0.0
0.019999995827674866,0.0,0.3100000023841858,0.0,0.6099999994039536,0.0,0.22999999672174454,0.0,0.5,0.0,0.07000000029802322,0.0
Average,0.016666663189729054,0.0,0.3166666676600774,0.0,0.6600000013907751,0.0,0.20999999592701593,0.0,0.5066666677594185,0.0,0.07000000029802322,0.0
