CreateTableRealTime,CreateTableCPUTime,LoadDataRealTime,LoadDataCPUTime,CreateIndexRealTime,CreateIndexCPUTime,AnalyzeRealTime,AnalyzeCPUTime,ExecuteQueryRealTime,ExecuteQueryCPUTime,WriteResultRealTime,WriteResultCPUTime
0.02285766400018474,0.00029359999999989395,0.5044207209998604,0.00023600000000001398,0.6402055439998549,0.00020580000000003373,0.21329441100033364,0.00014369999999996885,2.2938572359998943,0.00020129999999995984,0.7151416370002153,0.00019860000000004874
0.015513275999637699,0.00016900000000003024,0.44189702099993156,0.00016930000000003886,0.628158359000281,0.00022060000000001523,0.20765849200006414,0.00013900000000000023,2.9033615369999097,0.0001687000000000216,0.7661667359998319,0.00024999999999997247
Average,0.01918546999991122,0.0002312999999999621,0.47315887099989595,0.00020265000000002642,0.634181951500068,0.00021320000000002448,0.2104764515001989,0.00014134999999998454,2.598609386499902,0.00018499999999999073,0.7406541865000236,0.0002243000000000106
