CreateTableRealTime,CreateTableCPUTime,LoadDataRealTime,LoadDataCPUTime,CreateIndexRealTime,CreateIndexCPUTime,AnalyzeRealTime,AnalyzeCPUTime,ExecuteQueryRealTime,ExecuteQueryCPUTime,WriteResultRealTime,WriteResultCPUTime
0.021374042029492557,4.999999999999449e-05,0.3360471250489354,0.0003929999999999767,0.5471214999561198,0.0003569999999999962,0.1892653750255704,0.00023399999999995647,0.9717650829697959,0.0002689999999999637,0.23392445797799155,0.00033799999999994945
0.011059042008128017,9.500000000001174e-05,0.3446875840309076,0.00017700000000003824,0.5235223330091685,0.00021599999999999397,0.1679310419713147,0.00026999999999999247,1.0187540839542635,0.00018499999999999073,0.2613312909961678,0.00023599999999995847
0.014161875005811453,5.8000000000002494e-05,0.3478250000043772,0.00025199999999997447,0.5224154999596067,0.0002629999999999577,0.15910779201658443,0.00023699999999998722,1.0028890829999,0.00020199999999997997,0.30526441702386364,0.00027599999999999847
0.01260175002971664,9.00000000000345e-05,0.3285289999912493,0.00016899999999997473,0.49456566700246185,0.00016599999999999948,0.15731429198058322,8.999999999997899e-05,1.0441505420021713,0.00012699999999998823,0.2613747920258902,0.0002610000000000112
0.010691291012335569,5.1999999999996493e-05,0.31805695802904665,0.0002989999999999937,0.5249707920011133,0.00017000000000000348,0.1670699579990469,8.099999999999774e-05,1.0499594589928165,0.00012700000000004374,0.2427188340225257,0.00024200000000001998
Average,0.013977600017096848,6.900000000000794e-05,0.33502913342090324,0.0002579999999999916,0.5225191583856941,0.00023439999999999017,0.16813769179861993,0.0001823999999999826,1.0175036501837895,0.00018199999999999328,0.2609227584092878,0.0002705999999999875
