DeleteDataRealTime,DeleteDataCPUTime,LoadDataRealTime,LoadDataCPUTime,CreateIndexXRealTime,CreateIndexXCPUTime,CreateIndexYRealTime,CreateIndexYCPUTime,QueryRealTime,QueryCPUTime,WriteResultRealTime,WriteResultCPUTime
0.009999997913837433,0.010000000000000002,0.020000003278255463,0.0,0.009999997913837433,0.0,0.0,0.0,0.01000000536441803,0.02000000000000001,0.009999997913837433,0.0
0.030000001192092896,0.01000000000000001,0.020000003278255463,0.01000000000000001,0.019999995827674866,0.0,0.0,0.0,0.01000000536441803,0.0,0.009999997913837433,0.009999999999999997
0.009999997913837433,0.0,0.020000003278255463,0.0,0.019999995827674866,0.0,0.0,0.0,0.0,0.020000000000000018,0.01000000536441803,0.0
Average,0.01666666567325592,0.0066666666666666706,0.020000003278255463,0.003333333333333337,0.016666663189729054,0.0,0.0,0.0,0.0066666702429453535,0.013333333333333343,0.010000000397364298,0.0033333333333333322
