DeleteDataRealTime,DeleteDataCPUTime,LoadDataRealTime,LoadDataCPUTime,CreateIndexXRealTime,CreateIndexXCPUTime,CreateIndexYRealTime,CreateIndexYCPUTime,QueryRealTime,QueryCPUTime,WriteResultRealTime,WriteResultCPUTime
0.019071319000431686,0.008512599999999981,0.027349102999323804,0.0011783000000000765,0.01546450800015009,0.001114700000000024,0.004101583999727154,0.00112509999999999,0.0038796419994469034,0.0013828999999999647,0.029225017000499065,0.00939370000000006
0.01812405500004388,0.007424800000000009,0.029668701000446163,0.0015248999999999957,0.015393163999760873,0.0012504999999999877,0.0036666819996753475,0.0008816999999999853,0.0033242999998037703,0.0009072999999999998,0.010003219999816793,0.007683900000000021
Average,0.018597687000237784,0.007968699999999995,0.028508901999884984,0.001351600000000036,0.015428835999955481,0.0011826000000000059,0.003884132999701251,0.0010033999999999876,0.003601970999625337,0.0011450999999999822,0.01961411850015793,0.00853880000000004
