DeleteDataRealTime,DeleteDataCPUTime,LoadDataRealTime,LoadDataCPUTime,CreateIndexXRealTime,CreateIndexXCPUTime,CreateIndexYRealTime,CreateIndexYCPUTime,QueryRealTime,QueryCPUTime,WriteResultRealTime,WriteResultCPUTime
0.009999997913837433,0.0,0.009999997913837433,0.0,0.020000003278255463,0.0,0.0,0.0,0.0,0.0,0.009999997913837433,0.010000000000000009
0.020000003278255463,0.0,0.020000003278255463,0.01000000000000001,0.019999995827674866,0.0,0.0,0.0,0.009999997913837433,0.0,0.01000000536441803,0.009999999999999955
0.009999997913837433,0.0,0.030000001192092896,0.02000000000000001,0.01000000536441803,0.0,0.0,0.0,0.009999997913837433,0.0,0.009999997913837433,0.010000000000000009
Average,0.01333333303531011,0.0,0.020000000794728596,0.010000000000000007,0.016666668156782787,0.0,0.0,0.0,0.006666665275891622,0.0,0.010000000397364298,0.00999999999999999
