DeleteDataRealTime,DeleteDataCPUTime,LoadDataRealTime,LoadDataCPUTime,CreateIndexXRealTime,CreateIndexXCPUTime,CreateIndexYRealTime,CreateIndexYCPUTime,QueryRealTime,QueryCPUTime,WriteResultRealTime,WriteResultCPUTime
0.016330466999988857,0.0066502000000001615,0.02866942199989353,0.0013125000000000497,0.015878021000162335,0.0010350999999997335,0.0031698540001343645,0.0009233000000001823,0.057774407999886535,0.0009663999999998119,-0.03061357699994005,0.007070000000000132
0.01713672799996857,0.007854399999999817,0.022168406999981016,0.001216800000000351,0.014891387000034229,0.0010622000000002352,0.0035417609999512933,0.0009332999999998037,0.0029606210000565625,0.0009295999999996418,0.010630453999965539,0.007832000000000061
Average,0.016733597499978714,0.007252299999999989,0.025418914499937273,0.0012646500000002003,0.015384704000098282,0.0010486499999999843,0.003355807500042829,0.000928299999999993,0.03036751449997155,0.0009479999999997268,-0.009991561499987256,0.0074510000000000964
