DeleteDataRealTime,DeleteDataCPUTime,LoadDataRealTime,LoadDataCPUTime,CreateIndexXRealTime,CreateIndexXCPUTime,CreateIndexYRealTime,CreateIndexYCPUTime,QueryRealTime,QueryCPUTime,WriteResultRealTime,WriteResultCPUTime
0.01000000536441803,0.0,0.019999995827674866,0.009999999999999955,0.009999997913837433,0.0,0.0,0.0,0.01000000536441803,0.0,0.009999997913837433,0.01000000000000001
0.009999997913837433,0.0,0.019999995827674866,0.0,0.01000000536441803,0.01000000000000001,0.0,0.0,0.009999997913837433,0.0,0.009999997913837433,0.0
0.009999997913837433,0.0,0.020000003278255463,0.0,0.009999997913837433,0.0,0.01000000536441803,0.0,0.0,0.0,0.009999997913837433,0.010000000000000009
Average,0.010000000397364298,0.0,0.019999998311201733,0.0033333333333333184,0.010000000397364298,0.003333333333333337,0.0033333351214726767,0.0,0.0066666677594184875,0.0,0.009999997913837433,0.006666666666666672
