DeleteDataRealTime,DeleteDataCPUTime,LoadDataRealTime,LoadDataCPUTime,CreateIndexXRealTime,CreateIndexXCPUTime,CreateIndexYRealTime,CreateIndexYCPUTime,QueryRealTime,QueryCPUTime,WriteResultRealTime,WriteResultCPUTime
0.015433168000072328,0.006178299999999748,0.02381917299999259,0.0009230000000002292,0.01393631800010553,0.0008903000000000105,0.002797509000174614,0.0008116999999998598,0.0025365249998685613,0.0007779999999999454,0.02178784900024766,0.009338800000000091
0.020433656000022893,0.008096300000000056,0.029728909999903408,0.0012159000000000475,0.019236911999996664,0.0010697999999997876,0.005153154000026916,0.0011207999999998108,0.0033410569999432482,0.0010002000000000066,0.01555915000017194,0.01262389999999991
Average,0.01793341200004761,0.007137299999999902,0.026774041499947998,0.0010694500000001383,0.016586615000051097,0.000980049999999899,0.003975331500100765,0.0009662499999998353,0.0029387909999059048,0.000889099999999976,0.0186734995002098,0.01098135
