DeleteDataRealTime,DeleteDataCPUTime,LoadDataRealTime,LoadDataCPUTime,CreateIndexXRealTime,CreateIndexXCPUTime,CreateIndexYRealTime,CreateIndexYCPUTime,QueryRealTime,QueryCPUTime,WriteResultRealTime,WriteResultCPUTime
0.009999997913837433,0.010000000000000002,0.030000001192092896,0.0,0.009999997913837433,0.0,0.0,0.0,0.01000000536441803,0.0,0.009999997913837433,0.02000000000000002
0.009999997913837433,0.019999999999999952,0.030000001192092896,0.0,0.009999997913837433,0.0,0.0,0.0,0.0,0.0,0.020000003278255463,0.010000000000000009
0.009999997913837433,0.010000000000000009,0.03999999910593033,0.0,0.009999997913837433,0.0,0.0,0.0,0.01000000536441803,0.0,0.009999997913837433,0.010000000000000009
Average,0.009999997913837433,0.013333333333333322,0.033333333830038704,0.0,0.009999997913837433,0.0,0.0,0.0,0.0066666702429453535,0.0,0.01333333303531011,0.013333333333333345
