DeleteDataRealTime,DeleteDataCPUTime,LoadDataRealTime,LoadDataCPUTime,CreateIndexXRealTime,CreateIndexXCPUTime,CreateIndexYRealTime,CreateIndexYCPUTime,QueryRealTime,QueryCPUTime,WriteResultRealTime,WriteResultCPUTime
0.018994088999534142,0.008126899999999992,0.024814422999952512,0.0012082999999999955,0.016116882000460464,0.0011206999999999745,0.00433187100043142,0.0011553999999999731,0.004480574999433884,0.0012152999999999192,0.033504628000628145,0.013168800000000092
0.018811474999893107,0.008078599999999991,0.12784819300031813,0.0011122000000000076,0.0546697520003363,0.001211899999999988,0.004914803000247048,0.0012196999999999902,0.0029020720003245515,0.0009472999999999843,0.014079354999921634,0.010783400000000054
Average,0.018902781999713625,0.008102749999999992,0.07633130800013532,0.0011602500000000016,0.03539331700039838,0.0011662999999999812,0.004623337000339234,0.0011875499999999817,0.0036913234998792177,0.0010812999999999517,0.02379199150027489,0.011976100000000073
