DeleteDataRealTime,DeleteDataCPUTime,LoadDataRealTime,LoadDataCPUTime,CreateIndexXRealTime,CreateIndexXCPUTime,CreateIndexYRealTime,CreateIndexYCPUTime,QueryRealTime,QueryCPUTime,WriteResultRealTime,WriteResultCPUTime
0.009999997913837433,0.0,0.020000003278255463,0.0,0.009999997913837433,0.0,0.0,0.0,0.0,0.010000000000000009,0.01000000536441803,0.0
0.020000003278255463,0.009999999999999953,0.009999997913837433,0.0,0.009999997913837433,0.0,0.009999997913837433,0.0,0.0,0.0,0.01000000536441803,0.010000000000000009
0.009999997913837433,0.010000000000000016,0.01000000536441803,0.0,0.009999997913837433,0.0,0.009999997913837433,0.0,0.0,0.0,0.0,0.010000000000000016
Average,0.01333333303531011,0.006666666666666657,0.013333335518836975,0.0,0.009999997913837433,0.0,0.006666665275891622,0.0,0.0,0.003333333333333336,0.0066666702429453535,0.006666666666666675
