DeleteDataRealTime,DeleteDataCPUTime,LoadDataRealTime,LoadDataCPUTime,CreateIndexXRealTime,CreateIndexXCPUTime,CreateIndexYRealTime,CreateIndexYCPUTime,QueryRealTime,QueryCPUTime,WriteResultRealTime,WriteResultCPUTime
0.009999997913837433,0.0,0.020000003278255463,0.0,0.009999997913837433,0.0,0.0,0.0,0.07000000029802322,0.01000000000000001,0.009999997913837433,0.0
0.009999997913837433,0.010000000000000009,0.020000003278255463,0.0,0.009999997913837433,0.0,0.009999997913837433,0.010000000000000002,0.0,0.0,0.01000000536441803,0.0
0.009999997913837433,0.010000000000000009,0.020000003278255463,0.0,0.009999997913837433,0.0,0.0,0.0,0.01000000536441803,0.0,0.0,0.010000000000000009
Average,0.009999997913837433,0.006666666666666672,0.020000003278255463,0.0,0.009999997913837433,0.0,0.003333332637945811,0.003333333333333334,0.026666668554147083,0.003333333333333337,0.0066666677594184875,0.003333333333333336
