DeleteDataRealTime,DeleteDataCPUTime,LoadDataRealTime,LoadDataCPUTime,CreateIndexXRealTime,CreateIndexXCPUTime,CreateIndexYRealTime,CreateIndexYCPUTime,QueryRealTime,QueryCPUTime,WriteResultRealTime,WriteResultCPUTime
0.020000003278255463,0.0,0.04999999701976776,0.0,0.020000003278255463,0.0,0.009999997913837433,0.0,0.0,0.0,0.020000003278255463,0.009999999999999953
0.020000003278255463,0.0,0.059999994933605194,0.0,0.030000001192092896,0.0,0.01000000536441803,0.0,0.009999997913837433,0.0,0.019999995827674866,0.010000000000000009
0.020000003278255463,0.0,0.07999999821186066,0.0,0.01000000536441803,0.0,0.0,0.01000000000000001,0.0,0.0,0.019999995827674866,0.01000000000000001
Average,0.020000003278255463,0.0,0.06333333005507787,0.0,0.020000003278255463,0.0,0.0066666677594184875,0.003333333333333337,0.003333332637945811,0.0,0.019999998311201733,0.00999999999999999
