DeleteDataRealTime,DeleteDataCPUTime,LoadDataRealTime,LoadDataCPUTime,CreateIndexXRealTime,CreateIndexXCPUTime,CreateIndexYRealTime,CreateIndexYCPUTime,QueryRealTime,QueryCPUTime,WriteResultRealTime,WriteResultCPUTime
0.015438226000014765,0.006801799999999858,0.01978692499983481,0.0008968000000000309,0.017388449999998556,0.0010326999999996644,0.0030814070000815263,0.0008872000000001989,0.0028649149999182555,0.0008317999999998271,0.02216495000016039,0.0096387
0.017540879000080167,0.0076902000000003135,0.02496415999985402,0.0014615999999998408,0.01652857299995958,0.00110779999999977,0.0036295139998401282,0.0008784999999997822,0.003044043000045349,0.0009485000000002408,0.018773876999830463,0.013528299999999938
Average,0.016489552500047466,0.007246000000000086,0.022375542499844414,0.0011791999999999359,0.016958511499979068,0.0010702499999997173,0.0033554604999608273,0.0008828499999999906,0.002954478999981802,0.000890150000000034,0.020469413499995426,0.011583499999999969
