DeleteDataRealTime,DeleteDataCPUTime,LoadDataRealTime,LoadDataCPUTime,CreateIndexXRealTime,CreateIndexXCPUTime,CreateIndexYRealTime,CreateIndexYCPUTime,QueryRealTime,QueryCPUTime,WriteResultRealTime,WriteResultCPUTime
0.01699949699991521,0.0071734000000001075,0.023780245000125433,0.001117100000000093,0.024675071000046955,0.0009945000000000093,0.004036452000036661,0.000859200000000282,0.0036860790000901034,0.0009366000000001762,0.023492726999847946,0.010027999999999704
0.015238478000128453,0.006720399999999849,0.01838543999997455,0.0009186000000003247,0.01580314900002122,0.001184599999999758,0.0030136039999888453,0.0008264999999996192,0.0024968859997898107,0.0008819999999998274,0.011637550000159536,0.009323399999999982
Average,0.01611898750002183,0.006946899999999978,0.021082842500049992,0.0010178500000002089,0.02023911000003409,0.0010895499999998837,0.003525028000012753,0.0008428499999999506,0.003091482499939957,0.0009093000000000018,0.01756513850000374,0.009675699999999843
