DeleteDataRealTime,DeleteDataCPUTime,LoadDataRealTime,LoadDataCPUTime,CreateIndexXRealTime,CreateIndexXCPUTime,CreateIndexYRealTime,CreateIndexYCPUTime,QueryRealTime,QueryCPUTime,WriteResultRealTime,WriteResultCPUTime
0.020000003278255463,0.010000000000000009,0.009999997913837433,0.0,0.009999997913837433,0.0,0.009999997913837433,0.0,0.08000000566244125,0.0,0.009999997913837433,0.020000000000000007
0.019999995827674866,0.01000000000000001,0.020000003278255463,0.0,0.009999997913837433,0.0,0.009999997913837433,0.0,0.0,0.0,0.01000000536441803,0.01000000000000001
0.009999997913837433,0.0,0.019999995827674866,0.0,0.01000000536441803,0.0,0.0,0.0,0.0,0.0,0.009999997913837433,0.020000000000000004
Average,0.01666666567325592,0.006666666666666672,0.01666666567325592,0.0,0.010000000397364298,0.0,0.006666665275891622,0.0,0.026666668554147083,0.0,0.010000000397364298,0.016666666666666673
