CreateTableRealTime,CreateTableCPUTime,LoadDataRealTime,LoadDataCPUTime,CreateIndexRealTime,CreateIndexCPUTime,AnalyzeRealTime,AnalyzeCPUTime,ExecuteQueryRealTime,ExecuteQueryCPUTime,WriteResultRealTime,WriteResultCPUTime
0.020101250032894313,7.00000000000145e-05,0.27115987497381866,0.00029400000000001647,0.5855328750330955,0.0003710000000000102,0.17443895799806342,0.00025599999999997847,0.1993692920077592,0.00021700000000002273,0.018544416991062462,0.0003630000000000022
0.017833624966442585,6.999999999995898e-05,0.27496337494812906,0.0002969999999999917,0.5455669999937527,0.00041800000000002946,0.15767333301482722,0.0002649999999999597,0.23628679203102365,0.00022300000000002873,0.02057795797009021,0.00021399999999999197
0.01755625003715977,6.099999999997774e-05,0.2638949169777334,0.00021999999999999797,0.5561164999962784,0.0003990000000000382,0.17857695801649243,0.00024000000000001798,0.23948674998246133,0.00023499999999998522,0.018302167009096593,0.00033999999999995145
0.015136041969526559,7.599999999996498e-05,0.27949937497032806,0.00032999999999999696,0.5700368329999037,0.0004469999999999752,0.1681790419970639,0.00020799999999998597,0.25918104097945616,0.00023600000000001398,0.01857858302537352,0.0003369999999999762
0.019838333944790065,6.399999999995298e-05,0.27750712499255314,0.0003630000000000022,0.5586752910166979,0.0003710000000000102,0.18658458295976743,0.00023599999999995847,0.23529650003183633,0.0002449999999999952,0.01713195798220113,0.00032799999999999496
Average,0.018093100190162657,6.819999999997383e-05,0.2734049333725125,0.0003008000000000011,0.5631856998079456,0.0004012000000000127,0.17309057479724288,0.0002409999999999801,0.23392407500650733,0.00023120000000000917,0.01862701659556478,0.00031639999999998335
