CreateTableRealTime,CreateTableCPUTime,LoadDataRealTime,LoadDataCPUTime,CreateIndexRealTime,CreateIndexCPUTime,AnalyzeRealTime,AnalyzeCPUTime,ExecuteQueryRealTime,ExecuteQueryCPUTime,WriteResultRealTime,WriteResultCPUTime
0.009999997913837433,0.0,0.3099999949336052,0.0,0.6200000047683716,0.0,0.19999999552965164,0.0,0.3100000023841858,0.0,0.030000001192092896,0.0
0.03999999910593033,0.0,0.5399999991059303,0.0,0.6799999997019768,0.0,0.1899999976158142,0.0,0.2800000011920929,0.0,0.030000001192092896,0.0
0.030000001192092896,0.0,0.3100000023841858,0.0,0.6599999964237213,0.0,0.20000000298023224,0.0,0.27000000327825546,0.0,0.0299999937415123,0.0
Average,0.02666666607062022,0.0,0.3866666654745738,0.0,0.6533333336313566,0.0,0.1966666653752327,0.0,0.2866666689515114,0.0,0.02999999870856603,0.0
