CreateTableRealTime,CreateTableCPUTime,LoadDataRealTime,LoadDataCPUTime,CreateIndexRealTime,CreateIndexCPUTime,AnalyzeRealTime,AnalyzeCPUTime,ExecuteQueryRealTime,ExecuteQueryCPUTime,WriteResultRealTime,WriteResultCPUTime
0.024602458986919373,7.00000000000145e-05,0.31859995797276497,0.0004330000000000167,0.5843805830227211,0.00022400000000000198,0.17942212504567578,6.300000000003525e-05,0.26879612501943484,6.799999999995698e-05,0.01976570801343769,8.699999999994823e-05
0.025195625028572977,9.699999999995823e-05,0.3152533330139704,0.0003009999999999957,0.599747208005283,0.0002769999999999717,0.17838095797924325,0.0002809999999999757,0.2107591669773683,0.00018300000000004424,0.017355957999825478,0.00022100000000002673
0.02570612501585856,0.000142000000000031,0.31949179200455546,0.00040000000000001146,0.5785534170572646,0.00027199999999999447,0.18579187500290573,0.00016699999999997273,0.2211962080327794,0.00022899999999997922,0.016319709015078843,0.00016900000000003024
0.01579037494957447,8.100000000005325e-05,0.2986162499873899,0.00017299999999997873,0.5971230829600245,0.00023899999999998922,0.17941195802995935,0.00017600000000000948,0.22460583300562575,0.000130000000000019,0.016764207975938916,0.00014300000000000423
0.026058791030663997,8.900000000000574e-05,0.3132484999950975,0.00043599999999999195,0.6003589170286432,0.00024999999999997247,0.17973554198397323,0.00025399999999997647,0.21678291604621336,0.00022300000000002873,0.019735584035515785,0.00027599999999999847
Average,0.023470675002317875,9.580000000001255e-05,0.31304196659475564,0.00034859999999999893,0.5920326416147873,0.00025239999999998597,0.18054849160835146,0.00018819999999999392,0.22842804981628434,0.00016660000000000562,0.017988233407959343,0.0001792000000000016
