CreateTableRealTime,CreateTableCPUTime,LoadDataRealTime,LoadDataCPUTime,CreateIndexRealTime,CreateIndexCPUTime,AnalyzeRealTime,AnalyzeCPUTime,ExecuteQueryRealTime,ExecuteQueryCPUTime,WriteResultRealTime,WriteResultCPUTime
0.019384220999654644,0.00019179999999996422,0.27909169899976405,0.0002642999999999951,0.5567523880004046,0.00016220000000000123,0.17162113099993803,0.00015739999999997423,0.43998595399989426,0.00019769999999996735,0.025317266000001837,0.0001806999999999781
0.017010752000260254,0.000179200000000046,0.36953151399984563,0.0001991000000000076,0.6875174040001184,0.00019250000000003986,0.2179518170000847,0.00019290000000005136,0.2964454980001392,0.00018859999999998323,0.021591029999854072,0.00017689999999992434
Average,0.01819748649995745,0.0001855000000000051,0.32431160649980484,0.00023170000000000135,0.6221348960002615,0.00017735000000002055,0.19478647400001137,0.0001751500000000128,0.36821572600001673,0.00019314999999997529,0.023454147999927955,0.00017879999999995122
