CreateTableRealTime,CreateTableCPUTime,LoadDataRealTime,LoadDataCPUTime,CreateIndexRealTime,CreateIndexCPUTime,AnalyzeRealTime,AnalyzeCPUTime,ExecuteQueryRealTime,ExecuteQueryCPUTime,WriteResultRealTime,WriteResultCPUTime
0.0156763750128448,5.1999999999996493e-05,0.2996930420049466,0.00034600000000001296,0.5718309590010904,0.0003310000000000257,0.17214579199207947,0.00022400000000000198,0.26074283302295953,0.00020000000000003348,0.017633332987315953,0.0003190000000000137
0.023231083992868662,8.099999999999774e-05,0.3067789580090903,0.00019800000000003148,0.549320042016916,0.00026799999999999047,0.17645574995549396,8.80000000000325e-05,0.274091541999951,0.00017200000000000548,0.02016449999064207,0.0003149999999999542
0.026209458999801427,4.799999999999249e-05,0.31569308298639953,0.00023699999999998722,0.5978553750319406,0.00041000000000002146,0.16952475003199652,0.00018800000000002148,0.2086871659848839,0.00019899999999994922,0.01872770895715803,0.0002449999999999952
0.022825541032943875,6.20000000000065e-05,0.3137744999839924,0.0003770000000000162,0.6069669160060585,0.00028400000000000647,0.1764505000319332,0.00015999999999999348,0.2703971659648232,0.00013799999999997148,0.0164584590238519,0.0002609999999999557
0.021274375030770898,5.500000000002725e-05,0.2978639170178212,0.00029400000000001647,0.5707347500137985,0.000134000000000023,0.17487433302449062,0.00015199999999998548,0.2647468749783002,0.000156000000000045,0.016620250011328608,0.00030399999999997096
Average,0.02184336681384593,5.960000000000409e-05,0.30676070000045,0.00029040000000001286,0.5793416084139608,0.00028540000000001344,0.17389022500719875,0.00016240000000000698,0.2557331163901836,0.00017300000000000093,0.017920850194059312,0.00028879999999997796
