CreateTableRealTime,CreateTableCPUTime,LoadDataRealTime,LoadDataCPUTime,CreateIndexRealTime,CreateIndexCPUTime,AnalyzeRealTime,AnalyzeCPUTime,ExecuteQueryRealTime,ExecuteQueryCPUTime,WriteResultRealTime,WriteResultCPUTime
0.0299999937415123,0.0,0.30000000447034836,0.0,0.6600000038743019,0.0,0.20999999344348907,0.0,0.3100000023841858,0.0,0.020000003278255463,0.0
0.030000001192092896,0.0,0.32999999821186066,0.0,0.6700000017881393,0.0,0.19999999552965164,0.0,0.3200000002980232,0.0,0.020000003278255463,0.0
0.020000003278255463,0.0,0.29999999701976776,0.0,0.880000002682209,0.0,0.1899999976158142,0.0,0.2800000011920929,0.0,0.020000003278255463,0.0
Average,0.02666666607062022,0.0,0.3099999999006589,0.0,0.7366666694482168,0.0,0.19999999552965164,0.0,0.3033333346247673,0.0,0.020000003278255463,0.0
