CreateTableRealTime,CreateTableCPUTime,LoadDataRealTime,LoadDataCPUTime,CreateIndexRealTime,CreateIndexCPUTime,AnalyzeRealTime,AnalyzeCPUTime,ExecuteQueryRealTime,ExecuteQueryCPUTime,WriteResultRealTime,WriteResultCPUTime
0.02032750000944361,8.20000000000265e-05,0.2794325000140816,0.00031600000000003847,0.5567701660329476,0.0002789999999999737,0.17179454199504107,0.00032599999999999296,0.19321858300827444,0.00024400000000002198,0.01915841700974852,0.00033199999999999896
0.015479583002161235,7.00000000000145e-05,0.2769696249742992,0.0002930000000000432,0.570027708017733,0.00039600000000000746,0.18345008400501683,0.00030399999999997096,0.2627721669850871,0.00027800000000000047,0.017589707975275815,0.00032399999999999096
0.01790566701674834,6.20000000000065e-05,0.28132608300074935,0.00035399999999996545,0.5503660419490188,0.00036799999999997945,0.16637583303963766,0.0002590000000000092,0.19794170901877806,0.00019699999999994722,0.01930937502766028,0.0003150000000000097
0.020023084012791514,7.60000000000205e-05,0.2976009999983944,0.0004310000000000147,0.5789135410450399,0.00039600000000000746,0.17631758394418284,0.00023499999999998522,0.1859292080043815,0.0003329999999999722,0.019764208991546184,0.0003449999999999842
0.01922316598938778,5.500000000002725e-05,0.2784728330443613,0.00036400000000003097,0.5743734170100652,0.00037799999999998946,0.18262575002154335,0.0002789999999999737,0.20578762498917058,0.00023400000000001198,0.02052670798730105,0.00043199999999998795
Average,0.018591800006106496,6.900000000001905e-05,0.28276040820637716,0.0003516000000000186,0.5660901748109609,0.0003633999999999915,0.17611275860108436,0.00028059999999998644,0.20912985840113835,0.00025719999999999075,0.01926968339830637,0.00034959999999999435
