CreateTableRealTime,CreateTableCPUTime,LoadDataRealTime,LoadDataCPUTime,CreateIndexRealTime,CreateIndexCPUTime,AnalyzeRealTime,AnalyzeCPUTime,ExecuteQueryRealTime,ExecuteQueryCPUTime,WriteResultRealTime,WriteResultCPUTime
0.02679212501971051,6.899999999998574e-05,0.2841991249588318,0.00015700000000001824,0.619968292012345,0.00034600000000001296,0.1830504999961704,0.00023000000000000798,0.22039045800920576,0.000156000000000045,0.017554207995999604,0.00021200000000004549
0.02426841703709215,6.899999999998574e-05,0.2926643340033479,0.00023900000000004473,0.5842188330134377,0.0002969999999999917,0.19771274999948218,0.00018499999999999073,0.2094417919870466,0.00017599999999995397,0.01694295898778364,0.00019999999999997797
0.025592250050976872,5.500000000002725e-05,0.30695479101268575,0.0003889999999999727,0.5955044169677421,0.00027399999999999647,0.18532408401370049,0.00017700000000003824,0.2621502500260249,8.399999999997299e-05,0.016045292024500668,7.00000000000145e-05
0.024801915977150202,7.60000000000205e-05,0.31645229196874425,0.00023099999999998122,0.5773758750292473,0.00043600000000004746,0.17562654201174155,0.00015199999999998548,0.20731562504079193,0.00010199999999999099,0.01996370905544609,0.00023400000000001198
0.01530949998414144,7.099999999998774e-05,0.2961414579767734,0.0002650000000000152,0.5899035829934292,0.0003230000000000177,0.18174312502378598,0.00022099999999997122,0.2322350830072537,0.00018200000000001548,0.017482707975432277,0.00018299999999998873
Average,0.023352841613814235,6.80000000000014e-05,0.29928239998407663,0.00025620000000000644,0.5933942000032403,0.00033520000000001324,0.18469140020897612,0.00019299999999999873,0.22630664161406458,0.00013999999999999568,0.017597775207832456,0.00017980000000000773
