CreateTableRealTime,CreateTableCPUTime,LoadDataRealTime,LoadDataCPUTime,CreateIndexRealTime,CreateIndexCPUTime,AnalyzeRealTime,AnalyzeCPUTime,ExecuteQueryRealTime,ExecuteQueryCPUTime,WriteResultRealTime,WriteResultCPUTime
0.029965749999973923,6.20000000000065e-05,0.3070100829936564,0.0003280000000000505,0.5625422089942731,0.00022400000000000198,0.1823056249995716,0.00011300000000002974,0.21599966601934284,0.00015900000000002024,0.017734625027514994,0.00018799999999996597
0.027632332989014685,9.100000000000774e-05,0.3100805419962853,0.00023200000000000998,0.6157280000043102,0.0003389999999999782,0.1701762499869801,0.00016899999999997473,0.27957958303159103,0.00017399999999995197,0.01737454201793298,0.00021699999999996722
0.026782332977745682,9.500000000001174e-05,0.3058800420258194,0.0003849999999999687,0.5828432919806801,0.0003250000000000197,0.16269720898708329,0.00021799999999999597,0.2628364589763805,0.00018499999999999073,0.018114457954652607,0.00021900000000002473
0.02537795901298523,4.799999999999249e-05,0.3091855839593336,0.0003190000000000137,0.5650041250046343,0.000134000000000023,0.16685404197778553,0.000140000000000029,0.20972829102538526,0.000146000000000035,0.018208874971605837,0.00021900000000002473
0.02694354095729068,8.799999999997699e-05,0.33191791601711884,0.00040200000000001346,0.5756047089817002,0.00034799999999995945,0.17504958395147696,0.00018400000000001748,0.26972129195928574,0.00013699999999999823,0.018444625020492822,0.00020599999999998397
Average,0.02734038318740204,7.679999999999909e-05,0.31281483339844274,0.00033320000000001124,0.5803444669931196,0.00027399999999999647,0.17141654198057948,0.00016480000000000937,0.24757305820239708,0.00016019999999999923,0.01797542499843985,0.00020979999999999334
