CreateTableRealTime,CreateTableCPUTime,LoadDataRealTime,LoadDataCPUTime,CreateIndexRealTime,CreateIndexCPUTime,AnalyzeRealTime,AnalyzeCPUTime,ExecuteQueryRealTime,ExecuteQueryCPUTime,WriteResultRealTime,WriteResultCPUTime
0.01879408402601257,7.20000000000165e-05,0.3013909590081312,0.0003070000000000017,0.5389945419738069,0.00028799999999995496,0.1757336249575019,0.00020499999999995522,0.27346624998608604,0.00023800000000001598,0.02018383302493021,0.00022899999999997922
0.02060675004031509,0.00010299999999996423,0.27319650002755225,0.0003410000000000357,0.5490712919854559,0.00039400000000000546,0.17587295803241432,0.00025599999999997847,0.21904216601978987,0.00024399999999996647,0.017060708021745086,0.0004029999999999867
0.019946167012676597,6.300000000003525e-05,0.2864171660039574,0.00028400000000000647,0.5545011670328677,0.00033600000000000296,0.15120962500805035,0.00020700000000001273,0.21180508297402412,0.00024099999999999122,0.02576554095139727,0.0004010000000000402
0.014200959005393088,6.300000000003525e-05,0.27049987501231954,0.0004330000000000167,0.5421142920386046,0.00031399999999998096,0.18177845800528303,0.00027800000000000047,0.2586568330298178,0.00021300000000001873,0.019797125016339123,0.0002769999999999717
0.02968808403238654,8.700000000000374e-05,0.23309024999616668,0.0003649999999999487,0.5532579169957899,0.0003190000000000137,0.16543325001839548,0.0002489999999999992,0.1919779580202885,0.0002890000000000392,0.018742416985332966,0.00037600000000004297
Average,0.02064720882335678,7.7600000000011e-05,0.2729189500096254,0.00034600000000000185,0.547587842005305,0.0003301999999999916,0.170005583204329,0.00023899999999998922,0.23098965800600127,0.00024500000000000633,0.02030992479994893,0.0003372000000000042
