CreateTableRealTime,CreateTableCPUTime,LoadDataRealTime,LoadDataCPUTime,CreateIndexRealTime,CreateIndexCPUTime,AnalyzeRealTime,AnalyzeCPUTime,ExecuteQueryRealTime,ExecuteQueryCPUTime,WriteResultRealTime,WriteResultCPUTime
0.019999995827674866,0.0,0.30000000447034836,0.0,0.6099999994039536,0.0,0.17999999970197678,0.0,0.24000000208616257,0.0,0.019999995827674866,0.0
0.019999995827674866,0.0,0.4700000062584877,0.0,0.6899999976158142,0.0,0.17999999970197678,0.0,0.2800000011920929,0.0,0.019999995827674866,0.0
0.009999997913837433,0.0,0.3200000002980232,0.0,0.6799999997019768,0.0,0.21000000089406967,0.0,0.32999999821186066,0.0,0.020000003278255463,0.0
Average,0.016666663189729054,0.0,0.3633333370089531,0.0,0.6599999989072481,0.0,0.19000000009934107,0.0,0.2833333338300387,0.0,0.019999998311201733,0.0
