CreateTableRealTime,CreateTableCPUTime,LoadDataRealTime,LoadDataCPUTime,CreateIndexRealTime,CreateIndexCPUTime,AnalyzeRealTime,AnalyzeCPUTime,ExecuteQueryRealTime,ExecuteQueryCPUTime,WriteResultRealTime,WriteResultCPUTime
0.01647019999973054,0.00018279999999998298,0.31546045699997194,0.00020599999999998397,0.6654910180000115,0.0001571000000000211,0.1965062740000576,0.00019130000000000535,0.23416302400028144,0.00015930000000002886,0.023355287999947905,0.00019799999999997597
0.7794517479997012,0.0001898999999999651,3.6549382819998755,0.00018010000000001636,0.5709182350001356,0.0001759000000000066,0.1512172620000456,0.0001547000000000076,0.19881053800008885,0.00016779999999999573,0.017601107000245975,0.000138000000000027
Average,0.39796097399971586,0.00018634999999997404,1.9851993694999237,0.00019305000000000017,0.6182046265000736,0.00016650000000001386,0.1738617680000516,0.00017300000000000648,0.21648678100018515,0.0001635500000000123,0.02047819750009694,0.00016800000000000148
