CreateTableRealTime,CreateTableCPUTime,LoadDataRealTime,LoadDataCPUTime,CreateIndexRealTime,CreateIndexCPUTime,AnalyzeRealTime,AnalyzeCPUTime,ExecuteQueryRealTime,ExecuteQueryCPUTime,WriteResultRealTime,WriteResultCPUTime
0.022309624997433275,7.099999999998774e-05,0.3140732089523226,0.0003410000000000357,0.5840207090368494,0.0002969999999999917,0.1711665840120986,0.00016099999999996673,0.20759929198538885,0.00014700000000000824,0.018416416947729886,0.00023800000000001598
0.019877290993463248,9.399999999998299e-05,0.2706060000346042,0.00013599999999996948,0.619456332991831,0.00019700000000000273,0.1633217910421081,0.00010299999999996423,0.26184562500566244,0.00012000000000000899,0.0225724580232054,0.0002530000000000032
0.01591379102319479,5.899999999997574e-05,0.2866036249906756,0.0003190000000000137,0.562578416953329,0.00028000000000000247,0.16827229200862348,0.00017100000000003224,0.20539895800175145,0.00010899999999997023,0.01774670899612829,0.00020500000000001073
0.025771417014766484,3.900000000001125e-05,0.31749462499283254,0.00037799999999998946,0.5773039999767207,0.00024799999999997047,0.16125299996929243,0.00015500000000001624,0.20196833298541605,0.00011600000000000499,0.01675087498733774,7.099999999998774e-05
0.026072582986671478,5.3999999999998494e-05,0.31753258302342147,0.0003349999999999742,0.5958201669855043,0.00033799999999994945,0.16747641697293147,0.00014300000000000423,0.21290879196021706,0.00015399999999998748,0.015895374992396683,0.00016900000000003024
Average,0.021988941403105856,6.339999999999124e-05,0.30126200839877126,0.0003017999999999965,0.5878359251888469,0.00027199999999998336,0.1662980168010108,0.00014659999999999673,0.21794419998768716,0.00012919999999999598,0.0182763667893596,0.0001872000000000096
