CreateTableRealTime,CreateTableCPUTime,LoadDataRealTime,LoadDataCPUTime,CreateIndexRealTime,CreateIndexCPUTime,AnalyzeRealTime,AnalyzeCPUTime,ExecuteQueryRealTime,ExecuteQueryCPUTime,WriteResultRealTime,WriteResultCPUTime
0.016883525000139343,0.00017960000000000198,0.3478155949997017,0.00020169999999997135,0.6030336260000695,0.00020740000000002423,0.18128318900016893,0.00013900000000000023,0.28243269099993995,0.0002062999999999926,0.02028483599997344,0.00016719999999997848
0.016498680000040622,0.00012819999999996723,0.295023336000213,0.00019919999999995497,0.5914630970000871,0.00024200000000001998,0.18330422799999724,0.00013330000000000286,0.23268923999967228,0.00017659999999997122,0.02181204799990155,0.00015130000000002086
Average,0.016691102500089983,0.0001538999999999846,0.32141946549995737,0.00020044999999996316,0.5972483615000783,0.0002247000000000221,0.18229370850008308,0.00013615000000000155,0.2575609654998061,0.0001914499999999819,0.021048441999937495,0.00015924999999999967
