CreateTableRealTime,CreateTableCPUTime,LoadDataRealTime,LoadDataCPUTime,CreateIndexRealTime,CreateIndexCPUTime,AnalyzeRealTime,AnalyzeCPUTime,ExecuteQueryRealTime,ExecuteQueryCPUTime,WriteResultRealTime,WriteResultCPUTime
0.020000003278255463,0.0,0.3100000023841858,0.0,0.6700000017881393,0.0,0.21000000089406967,0.0,0.28999999910593033,0.0,0.019999995827674866,0.0
0.020000003278255463,0.0,0.3100000023841858,0.0,1.3499999940395355,0.0,0.20000000298023224,0.0,0.29999999701976776,0.0,0.030000001192092896,0.0
0.019999995827674866,0.0,0.32999999821186066,0.0,0.6499999985098839,0.0,0.20000000298023224,0.0,0.28999999910593033,0.0,0.020000003278255463,0.0
Average,0.020000000794728596,0.0,0.3166666676600774,0.0,0.8899999981125196,0.0,0.20333333561817804,0.0,0.29333333174387616,0.0,0.023333333432674408,0.0
