CreateTableRealTime,CreateTableCPUTime,LoadDataRealTime,LoadDataCPUTime,CreateIndexRealTime,CreateIndexCPUTime,AnalyzeRealTime,AnalyzeCPUTime,ExecuteQueryRealTime,ExecuteQueryCPUTime,WriteResultRealTime,WriteResultCPUTime
0.019999995827674866,0.0,0.5700000002980232,0.0,2.7599999979138374,0.0,0.20000000298023224,0.0,0.2199999988079071,0.0,0.020000003278255463,0.0
0.020000003278255463,0.0,0.29999999701976776,0.0,0.6900000050663948,0.0,0.19999999552965164,0.0,0.26000000536441803,0.0,0.0299999937415123,0.0
0.10000000149011612,0.0,0.6099999994039536,0.0,0.630000002682209,0.0,0.1899999976158142,0.0,0.23000000417232513,0.0,0.019999995827674866,0.0
Average,0.046666666865348816,0.0,0.4933333322405815,0.0,1.3600000018874805,0.0,0.1966666653752327,0.0,0.23666666944821677,0.0,0.02333333094914754,0.0
