DatalogToCPPRealTime,DatalogToCPPCPUTime,CompileRealTime,CompileCPUTime,InstanceLoadingRealTime,InstanceLoadingCPUTime,LoadingFactRealTime,LoadingFactCPUTime,QueryRealTime,QueryCPUTime,WritingResultRealTime,WritingResultCPUTime
0.009999990463256836,0.0,1.5099999904632568,1.53,0.000162917,0.000161,0.00235187,0.002345,0.0182545,0.018222,0.000196916,0.000196
0.009999990463256836,0.0,1.5099999904632568,1.54,0.000157583,0.000157,0.00254667,0.002533,0.0189237,0.01888,0.000145459,0.000144
0.009999990463256836,0.0,1.5099999904632568,1.55,0.000168209,0.000166,0.00247888,0.002468,0.0187639,0.01871,0.00012575,0.000124
0.009999990463256836,0.0,1.5,1.53,0.000155292,0.000154,0.00270163,0.002655,0.0166726,0.016619,0.000121292,0.00012
0.009999990463256836,0.0,1.5,1.53,0.000165916,0.000164,0.00247271,0.00247,0.0176515,0.017588,0.000123375,0.000122
Average,0.009999990463256836,0.0,1.505999994277954,1.536,0.0001619834,0.00016040000000000002,0.0025103519999999995,0.0024942,0.01805324,0.018003799999999997,0.00014255840000000001,0.00014120000000000002
