DatalogToCPPRealTime,DatalogToCPPCPUTime,CompileRealTime,CompileCPUTime,InstanceLoadingRealTime,InstanceLoadingCPUTime,LoadingFactRealTime,LoadingFactCPUTime,QueryRealTime,QueryCPUTime,WritingResultRealTime,WritingResultCPUTime
0.009999990463256836,0.0,1.4800000190734863,1.5,0.000186625,0.000185,0.00118058,0.00118,0.00705096,0.007045,0.0,0.0
0.009999990463256836,0.0,1.5199999809265137,1.53,0.0,0.0,0.000588167,0.000588,0.00399471,0.003994,0.0,0.0
0.009999990463256836,0.0,1.4800000190734863,1.51,0.000131167,0.00013,0.000636584,0.000621,0.0062575,0.006253,0.000108417,0.000107
0.009999990463256836,0.0,1.4800000190734863,1.51,0.00011175,0.000111,0.00117637,0.001174,0.00746317,0.007459,0.0,0.0
0.009999990463256836,0.010000000000000002,1.4900000095367432,1.53,0.000188208,0.000186,0.00109517,0.001081,0.00577463,0.005772,0.000104375,0.000103
Average,0.009999990463256836,0.0020000000000000005,1.4900000095367432,1.516,0.00012355,0.0001224,0.0009353742,0.0009288000000000001,0.006108193999999999,0.0061046,4.25584e-05,4.2000000000000004e-05
