DatalogToCPPRealTime,DatalogToCPPCPUTime,CompileRealTime,CompileCPUTime,InstanceLoadingRealTime,InstanceLoadingCPUTime,LoadingFactRealTime,LoadingFactCPUTime,QueryRealTime,QueryCPUTime,WritingResultRealTime,WritingResultCPUTime
0.009999990463256836,0.0,1.440000057220459,1.46,0.000194083,0.000192,0.0198516,0.019824,0.008275,0.008268,0.00289208,0.002891
0.009999990463256836,0.010000000000000002,1.440000057220459,1.46,0.000182291,0.00018,0.016448,0.016422,0.00871412,0.008711,0.00296538,0.002966
0.009999990463256836,0.010000000000000002,1.440000057220459,1.46,0.000176583,0.000176,0.0199712,0.01985,0.00818038,0.008179,0.00264329,0.002643
0.009999990463256836,0.0,1.4399998188018799,1.47,0.000157,0.000156,0.0183527,0.018326,0.00835583,0.008352,0.00273746,0.002736
0.009999990463256836,0.010000000000000002,1.4499998092651367,1.47,0.0001845,0.000171,0.0196029,0.019545,0.0083985,0.008395,0.00275833,0.002758
Average,0.009999990463256836,0.006000000000000001,1.4419999599456788,1.464,0.0001788914,0.00017500000000000003,0.018845280000000002,0.0187934,0.008384765999999998,0.008381,0.002799308,0.0027987999999999997
