DatalogToCPPRealTime,DatalogToCPPCPUTime,CompileRealTime,CompileCPUTime,InstanceLoadingRealTime,InstanceLoadingCPUTime,LoadingFactRealTime,LoadingFactCPUTime,QueryRealTime,QueryCPUTime,WritingResultRealTime,WritingResultCPUTime
0.019999980926513672,0.009999999999999995,1.4000000953674316,1.4400000000000002,0.00015225,0.00015,0.176596,0.176184,0.131974,0.131972,0.0354686,0.03446
0.009999990463256836,0.009999999999999995,1.3600001335144043,1.4000000000000001,0.000121333,0.00012,0.174863,0.174851,0.129769,0.129765,0.0331622,0.033162
0.019999980926513672,0.009999999999999995,1.4000000953674316,1.4400000000000002,0.000137208,0.000136,0.176217,0.176197,0.131641,0.131639,0.0333747,0.033374
0.019999980926513672,0.009999999999999995,1.3500001430511475,1.3900000000000001,0.000189958,0.000187,0.176557,0.176539,0.13034,0.13034,0.0341654,0.034165
0.009999990463256836,0.009999999999999995,1.4000000953674316,1.4400000000000002,0.000128,0.000127,0.175834,0.175812,0.130743,0.130734,0.0338417,0.033841
Average,0.015999984741210938,0.009999999999999995,1.3820001125335692,1.4220000000000002,0.0001457498,0.00014399999999999998,0.1760134,0.17591659999999998,0.13089340000000002,0.13089,0.034002519999999994,0.033800399999999994
