DatalogToCPPRealTime,DatalogToCPPCPUTime,CompileRealTime,CompileCPUTime,InstanceLoadingRealTime,InstanceLoadingCPUTime,LoadingFactRealTime,LoadingFactCPUTime,QueryRealTime,QueryCPUTime,WritingResultRealTime,WritingResultCPUTime
0.009999990463256836,0.0,1.440000057220459,1.47,0.000167,0.000166,0.012758,0.012704,0.00683229,0.006829,0.002463,0.002462
0.009999990463256836,0.010000000000000002,1.4500000476837158,1.47,0.000165708,0.000164,0.0155182,0.015481,0.00600033,0.005999,0.00222962,0.002228
0.009999990463256836,0.010000000000000002,1.4500000476837158,1.47,0.0001525,0.000151,0.0148582,0.014818,0.00478379,0.004781,0.00237379,0.002373
0.009999990463256836,0.0,1.440000057220459,1.47,0.000169542,0.000167,0.0147196,0.014678,0.00675837,0.006755,0.002439,0.002438
0.009999990463256836,0.0,1.440000057220459,1.47,0.000179416,0.000178,0.0152906,0.015261,0.00615792,0.006157,0.002143,0.002141
Average,0.009999990463256836,0.004000000000000001,1.4440000534057618,1.47,0.00016683319999999998,0.00016519999999999998,0.01462892,0.014588399999999998,0.00610654,0.0061042,0.0023296820000000005,0.0023284
