DatalogToCPPRealTime,DatalogToCPPCPUTime,CompileRealTime,CompileCPUTime,InstanceLoadingRealTime,InstanceLoadingCPUTime,LoadingFactRealTime,LoadingFactCPUTime,QueryRealTime,QueryCPUTime,WritingResultRealTime,WritingResultCPUTime
0.009999990463256836,0.0,1.4500000476837158,1.47,0.000162,0.00016,0.00439371,0.004303,0.00179675,0.001793,0.00119467,0.001168
0.009999990463256836,0.0,1.4500000476837158,1.47,0.000148041,0.000146,0.00236696,0.002367,0.00118629,0.001186,0.000678334,0.000677
0.009999990463256836,0.010000000000000002,1.440000057220459,1.46,0.000162042,0.00016,0.00387983,0.003875,0.000755166,0.000728,0.000390584,0.00039
0.009999990463256836,0.0,1.4500000476837158,1.48,0.000176708,0.000175,0.00422217,0.0042,0.00171675,0.001712,0.00107379,0.001015
0.009999990463256836,0.0,1.4500000476837158,1.47,0.000170792,0.000169,0.00411204,0.004105,0.00177179,0.001751,0.00117204,0.00098
Average,0.009999990463256836,0.0020000000000000005,1.4480000495910645,1.4700000000000002,0.0001639166,0.000162,0.0037949420000000004,0.0037700000000000003,0.0014453492000000001,0.001434,0.0009018836,0.0008460000000000001
