DatalogToCPPRealTime,DatalogToCPPCPUTime,CompileRealTime,CompileCPUTime,InstanceLoadingRealTime,InstanceLoadingCPUTime,LoadingFactRealTime,LoadingFactCPUTime,QueryRealTime,QueryCPUTime,WritingResultRealTime,WritingResultCPUTime
0.009999990463256836,0.0,1.4499998092651367,1.47,0.000174209,0.000172,0.0264453,0.026411,0.0150283,0.015026,0.00319908,0.003198
0.009999990463256836,0.010000000000000002,1.4500000476837158,1.48,0.000202542,0.000201,0.0249794,0.024946,0.0146011,0.014599,0.00319513,0.003195
0.009999990463256836,0.010000000000000002,1.4500000476837158,1.47,0.000185792,0.000183,0.0251017,0.024996,0.0149466,0.014942,0.00327979,0.003279
0.009999990463256836,0.010000000000000002,1.4500000476837158,1.47,0.000180541,0.000179,0.0248708,0.024803,0.0151327,0.01513,0.00317863,0.003178
0.009999990463256836,0.010000000000000002,1.4500000476837158,1.48,0.000221333,0.000219,0.025308,0.025276,0.0150424,0.015037,0.00326608,0.003265
Average,0.009999990463256836,0.008000000000000002,1.45,1.4739999999999998,0.0001928834,0.00019080000000000003,0.025341040000000002,0.025286399999999997,0.01495022,0.0149468,0.0032237420000000004,0.003223
