DatalogToCPPRealTime,DatalogToCPPCPUTime,CompileRealTime,CompileCPUTime,InstanceLoadingRealTime,InstanceLoadingCPUTime,LoadingFactRealTime,LoadingFactCPUTime,QueryRealTime,QueryCPUTime,WritingResultRealTime,WritingResultCPUTime
0.019999980926513672,0.0,1.3900001049041748,1.4200000000000002,0.000151083,0.00015,0.37203,0.372015,0.436242,0.436238,0.0760897,0.076086
0.019999980926513672,0.009999999999999995,1.3600001335144043,1.3900000000000001,0.000141084,0.000138,0.378374,0.374715,0.462809,0.459555,0.075079,0.075079
0.019999980926513672,0.009999999999999995,1.3499999046325684,1.3900000000000001,0.000125458,0.000124,0.370247,0.370206,0.437916,0.437914,0.0759129,0.075898
0.009999990463256836,0.009999999999999995,1.4099998474121094,1.4400000000000002,0.000178459,0.000177,0.366575,0.366573,0.436691,0.436689,0.0772601,0.077237
0.019999980926513672,0.010000000000000009,1.3700001239776611,1.4000000000000001,0.000189333,0.000188,0.366701,0.366699,0.436115,0.436113,0.0768879,0.076879
Average,0.017999982833862303,0.007999999999999998,1.3760000228881837,1.4080000000000004,0.0001570834,0.00015539999999999998,0.37078540000000004,0.37004159999999997,0.4419546,0.4413017999999999,0.07624592,0.0762358
