DatalogToCPPRealTime,DatalogToCPPCPUTime,CompileRealTime,CompileCPUTime,InstanceLoadingRealTime,InstanceLoadingCPUTime,LoadingFactRealTime,LoadingFactCPUTime,QueryRealTime,QueryCPUTime,WritingResultRealTime,WritingResultCPUTime
0.009999990463256836,0.0,1.4499998092651367,1.47,0.000148083,0.000146,0.0248235,0.024795,0.0103939,0.010391,0.00342783,0.003425
0.009999990463256836,0.010000000000000002,1.4500000476837158,1.47,0.00014675,0.000145,0.025534,0.025467,0.010437,0.010434,0.00337596,0.003374
0.009999990463256836,0.0,1.440000057220459,1.46,0.000154958,0.000153,0.0244502,0.024411,0.0105168,0.010513,0.00337721,0.003377
0.009999990463256836,0.010000000000000002,1.440000057220459,1.46,0.000150916,0.00015,0.0273117,0.027247,0.0104456,0.010442,0.00334208,0.003339
0.009999990463256836,0.010000000000000002,1.440000057220459,1.46,0.000165708,0.000165,0.0251437,0.025115,0.0104756,0.010469,0.00339929,0.003397
Average,0.009999990463256836,0.006000000000000001,1.444000005722046,1.464,0.000153283,0.0001518,0.02545262,0.025407000000000002,0.01045378,0.010449799999999999,0.0033844739999999997,0.0033824
