DatalogToCPPRealTime,DatalogToCPPCPUTime,CompileRealTime,CompileCPUTime,InstanceLoadingRealTime,InstanceLoadingCPUTime,LoadingFactRealTime,LoadingFactCPUTime,QueryRealTime,QueryCPUTime,WritingResultRealTime,WritingResultCPUTime
0.009999990463256836,0.0,1.4500000476837158,1.47,0.0002435,0.000225,0.00881287,0.008803,0.00497992,0.004958,0.00156925,0.001568
0.009999990463256836,0.0,1.4500000476837158,1.48,0.000185917,0.000184,0.00479096,0.00479,0.00354721,0.003544,0.00104983,0.001049
0.009999990463256836,0.0,1.4500000476837158,1.47,0.000208542,0.000206,0.00733479,0.007261,0.00465225,0.004652,0.00137217,0.001371
0.009999990463256836,0.0,1.4600000381469727,1.48,0.000182375,0.000182,0.007036,0.006994,0.00442633,0.004426,0.00138937,0.001389
0.009999990463256836,0.0,1.4499998092651367,1.48,0.000190834,0.00019,0.00529208,0.005292,0.00357117,0.003562,0.0011515,0.001151
Average,0.009999990463256836,0.0,1.4519999980926515,1.4760000000000002,0.0002022336,0.0001974,0.006653340000000001,0.006628,0.004235376,0.004228399999999999,0.001306424,0.0013056
