Query: query1
128, 320
128, 192
128, 256
128, 321
128, 193
128, 257
128, 129
128, 322
128, 194
128, 258
128, 130
128, 323
128, 195
128, 259
128, 131
128, 324
128, 196
128, 260
128, 132
128, 197
128, 261
128, 133
128, 198
128, 262
128, 134
128, 263
128, 135
128, 264
128, 136
128, 200
128, 265
128, 137
128, 201
128, 266
128, 138
128, 202
128, 267
128, 139
128, 203
128, 268
128, 140
128, 204
128, 269
128, 141
128, 205
128, 270
128, 142
128, 206
128, 143
128, 207
128, 144
128, 208
128, 272
128, 209
128, 273
128, 210
128, 274
128, 146
128, 211
128, 275
128, 147
128, 212
128, 276
128, 148
128, 213
128, 277
128, 149
128, 214
128, 278
128, 150
128, 215
128, 279
128, 151
128, 216
128, 280
128, 152
128, 281
128, 153
128, 282
128, 154
128, 218
128, 283
128, 155
128, 219
128, 284
128, 156
128, 220
128, 285
128, 157
128, 221
128, 286
128, 158
128, 222
128, 287
128, 159
128, 223
128, 288
128, 160
128, 224
128, 161
128, 225
128, 162
128, 226
128, 290
128, 227
128, 291
128, 228
128, 292
128, 164
128, 229
128, 293
128, 165
128, 230
128, 294
128, 166
128, 231
128, 295
128, 167
128, 232
128, 296
128, 168
128, 233
128, 297
128, 169
128, 234
128, 298
128, 170
128, 299
128, 171
128, 300
128, 172
128, 236
128, 301
128, 173
128, 237
128, 302
128, 174
128, 238
128, 303
128, 175
128, 239
128, 304
128, 176
128, 240
128, 305
128, 177
128, 241
128, 306
128, 178
128, 242
128, 179
128, 243
128, 180
128, 244
128, 308
128, 245
128, 309
128, 246
128, 310
128, 182
128, 247
128, 311
128, 183
128, 248
128, 312
128, 184
128, 249
128, 313
128, 185
128, 250
128, 314
128, 186
128, 251
128, 315
128, 187
128, 252
128, 316
128, 188
128, 317
128, 189
128, 318
128, 190
128, 254
128, 319
128, 191
128, 255
256, 320
256, 321
256, 257
256, 322
256, 258
256, 323
256, 259
256, 324
256, 260
256, 261
256, 262
256, 263
256, 264
256, 265
256, 266
256, 267
256, 268
256, 269
256, 270
256, 274
256, 275
256, 276
256, 277
256, 278
256, 279
256, 280
256, 281
256, 282
256, 283
256, 284
256, 285
256, 286
256, 287
256, 288
256, 292
256, 293
256, 294
256, 295
256, 296
256, 297
256, 298
256, 299
256, 300
256, 301
256, 302
256, 303
256, 304
256, 305
256, 306
256, 310
256, 311
256, 312
256, 313
256, 314
256, 315
256, 316
256, 317
256, 318
256, 319
1, 128
1, 256
1, 129
1, 257
1, 2
1, 130
1, 258
1, 3
1, 131
1, 259
1, 260
1, 4
1, 132
1, 261
1, 5
1, 133
1, 262
1, 6
1, 134
1, 263
1, 7
1, 135
1, 264
1, 8
1, 136
1, 265
1, 9
1, 137
1, 266
1, 10
1, 138
1, 267
1, 11
1, 139
1, 268
1, 12
1, 140
1, 269
1, 13
1, 141
1, 270
1, 142
1, 14
1, 143
1, 15
1, 271
1, 144
1, 16
1, 272
1, 145
1, 17
1, 273
1, 146
1, 18
1, 274
1, 19
1, 147
1, 275
1, 20
1, 148
1, 276
1, 277
1, 21
1, 149
1, 278
1, 22
1, 150
1, 279
1, 23
1, 151
1, 280
1, 24
1, 152
1, 281
1, 25
1, 153
1, 282
1, 26
1, 154
1, 283
1, 27
1, 155
1, 284
1, 28
1, 156
1, 285
1, 29
1, 157
1, 286
1, 30
1, 158
1, 287
1, 159
1, 31
1, 288
1, 160
1, 32
1, 161
1, 33
1, 289
1, 162
1, 34
1, 290
1, 163
1, 35
1, 291
1, 164
1, 36
1, 292
1, 37
1, 165
1, 293
1, 294
1, 38
1, 166
1, 295
1, 39
1, 167
1, 296
1, 40
1, 168
1, 297
1, 41
1, 169
1, 298
1, 42
1, 170
1, 299
1, 43
1, 171
1, 300
1, 44
1, 172
1, 301
1, 45
1, 173
1, 302
1, 46
1, 174
1, 303
1, 47
1, 175
1, 304
1, 176
1, 48
1, 305
1, 177
1, 49
1, 306
1, 178
1, 50
1, 179
1, 51
1, 307
1, 180
1, 52
1, 308
1, 181
1, 53
1, 309
1, 182
1, 54
1, 310
1, 311
1, 55
1, 183
1, 312
1, 56
1, 184
1, 313
1, 57
1, 185
1, 314
1, 58
1, 186
1, 315
1, 59
1, 187
1, 316
1, 60
1, 188
1, 317
1, 61
1, 189
1, 318
1, 62
1, 190
1, 319
1, 63
1, 191
1, 320
1, 64
1, 192
1, 321
1, 193
1, 65
1, 322
1, 194
1, 66
1, 323
1, 195
1, 67
1, 324
1, 196
1, 68
1, 197
1, 69
1, 198
1, 70
1, 199
1, 71
1, 200
1, 72
1, 73
1, 201
1, 74
1, 202
1, 75
1, 203
1, 76
1, 204
1, 77
1, 205
1, 78
1, 206
1, 79
1, 207
1, 80
1, 208
1, 81
1, 209
1, 210
1, 82
1, 211
1, 83
1, 212
1, 84
1, 213
1, 85
1, 214
1, 86
1, 215
1, 87
1, 216
1, 88
1, 217
1, 89
1, 218
1, 90
1, 91
1, 219
1, 92
1, 220
1, 93
1, 221
1, 94
1, 222
1, 95
1, 223
1, 96
1, 224
1, 97
1, 225
1, 226
1, 98
1, 227
1, 99
1, 228
1, 100
1, 229
1, 101
1, 230
1, 102
1, 231
1, 103
1, 232
1, 104
1, 233
1, 105
1, 234
1, 106
1, 235
1, 107
1, 108
1, 236
1, 109
1, 237
1, 110
1, 238
1, 111
1, 239
1, 112
1, 240
1, 113
1, 241
1, 114
1, 242
1, 243
1, 115
1, 244
1, 116
1, 245
1, 117
1, 246
1, 118
1, 247
1, 119
1, 248
1, 120
1, 249
1, 121
1, 250
1, 122
1, 251
1, 123
1, 252
1, 124
1, 125
1, 253
1, 126
1, 254
1, 127
1, 255
129, 320
129, 192
129, 256
129, 321
129, 193
129, 257
129, 322
129, 194
129, 258
129, 130
129, 323
129, 195
129, 259
129, 131
129, 324
129, 196
129, 260
129, 132
129, 197
129, 261
129, 133
129, 198
129, 262
129, 134
129, 263
129, 135
129, 264
129, 136
129, 265
129, 137
129, 201
129, 266
129, 138
129, 202
129, 267
129, 139
129, 203
129, 268
129, 140
129, 204
129, 269
129, 141
129, 205
129, 270
129, 142
129, 206
129, 143
129, 207
129, 144
129, 208
129, 209
129, 273
129, 210
129, 274
129, 211
129, 275
129, 147
129, 212
129, 276
129, 148
129, 213
129, 277
129, 149
129, 214
129, 278
129, 150
129, 215
129, 279
129, 151
129, 216
129, 280
129, 152
129, 281
129, 153
129, 282
129, 154
129, 283
129, 155
129, 219
129, 284
129, 156
129, 220
129, 285
129, 157
129, 221
129, 286
129, 158
129, 222
129, 287
129, 159
129, 223
129, 288
129, 160
129, 224
129, 161
129, 225
129, 162
129, 226
129, 227
129, 291
129, 228
129, 292
129, 229
129, 293
129, 165
129, 230
129, 294
129, 166
129, 231
129, 295
129, 167
129, 232
129, 296
129, 168
129, 233
129, 297
129, 169
129, 234
129, 298
129, 170
129, 299
129, 171
129, 300
129, 172
129, 301
129, 173
129, 237
129, 302
129, 174
129, 238
129, 303
129, 175
129, 239
129, 304
129, 176
129, 240
129, 305
129, 177
129, 241
129, 306
129, 178
129, 242
129, 179
129, 243
129, 180
129, 244
129, 245
129, 309
129, 246
129, 310
129, 247
129, 311
129, 183
129, 248
129, 312
129, 184
129, 249
129, 313
129, 185
129, 250
129, 314
129, 186
129, 251
129, 315
129, 187
129, 252
129, 316
129, 188
129, 317
129, 189
129, 318
129, 190
129, 319
129, 191
129, 255
257, 320
257, 321
257, 322
257, 258
257, 323
257, 259
257, 324
257, 260
257, 261
257, 262
257, 263
257, 264
257, 265
257, 266
257, 267
257, 268
257, 269
257, 270
257, 275
257, 276
257, 277
257, 278
257, 279
257, 280
257, 281
257, 282
257, 283
257, 284
257, 285
257, 286
257, 287
257, 288
257, 293
257, 294
257, 295
257, 296
257, 297
257, 298
257, 299
257, 300
257, 301
257, 302
257, 303
257, 304
257, 305
257, 306
257, 311
257, 312
257, 313
257, 314
257, 315
257, 316
257, 317
257, 318
257, 319
258, 320
258, 321
258, 322
258, 323
258, 259
258, 324
258, 260
258, 261
258, 262
258, 263
258, 264
258, 265
258, 266
258, 267
258, 268
258, 269
258, 270
258, 276
258, 277
258, 278
258, 279
258, 280
258, 281
258, 282
258, 283
258, 284
258, 285
258, 286
258, 287
258, 288
258, 294
258, 295
258, 296
258, 297
258, 298
258, 299
258, 300
258, 301
258, 302
258, 303
258, 304
258, 305
258, 306
258, 312
258, 313
258, 314
258, 315
258, 316
258, 317
258, 318
258, 319
2, 128
2, 256
2, 129
2, 257
2, 130
2, 258
2, 3
2, 131
2, 259
2, 4
2, 132
2, 260
2, 261
2, 5
2, 133
2, 262
2, 6
2, 134
2, 263
2, 7
2, 135
2, 264
2, 8
2, 136
2, 265
2, 9
2, 137
2, 266
2, 10
2, 138
2, 267
2, 11
2, 139
2, 268
2, 12
2, 140
2, 269
2, 13
2, 141
2, 270
2, 14
2, 142
2, 143
2, 15
2, 144
2, 16
2, 272
2, 17
2, 273
2, 146
2, 18
2, 274
2, 147
2, 275
2, 20
2, 148
2, 276
2, 21
2, 149
2, 277
2, 278
2, 22
2, 150
2, 279
2, 23
2, 151
2, 280
2, 24
2, 152
2, 281
2, 25
2, 153
2, 282
2, 26
2, 154
2, 283
2, 27
2, 155
2, 284
2, 28
2, 156
2, 285
2, 29
2, 157
2, 286
2, 30
2, 158
2, 287
2, 31
2, 159
2, 288
2, 160
2, 32
2, 161
2, 33
2, 162
2, 34
2, 290
2, 35
2, 291
2, 164
2, 36
2, 292
2, 165
2, 293
2, 38
2, 166
2, 294
2, 295
2, 39
2, 167
2, 296
2, 40
2, 168
2, 297
2, 41
2, 169
2, 298
2, 42
2, 170
2, 299
2, 43
2, 171
2, 300
2, 44
2, 172
2, 301
2, 45
2, 173
2, 302
2, 46
2, 174
2, 303
2, 47
2, 175
2, 304
2, 48
2, 176
2, 305
2, 177
2, 49
2, 306
2, 178
2, 50
2, 179
2, 51
2, 180
2, 52
2, 308
2, 53
2, 309
2, 182
2, 54
2, 310
2, 183
2, 311
2, 312
2, 56
2, 184
2, 313
2, 57
2, 185
2, 314
2, 58
2, 186
2, 315
2, 59
2, 187
2, 316
2, 60
2, 188
2, 317
2, 61
2, 189
2, 318
2, 62
2, 190
2, 319
2, 63
2, 191
2, 320
2, 64
2, 192
2, 321
2, 65
2, 193
2, 322
2, 194
2, 66
2, 323
2, 195
2, 67
2, 324
2, 196
2, 68
2, 197
2, 69
2, 198
2, 70
2, 71
2, 200
2, 72
2, 201
2, 74
2, 202
2, 75
2, 203
2, 76
2, 204
2, 77
2, 205
2, 78
2, 206
2, 79
2, 207
2, 80
2, 208
2, 81
2, 209
2, 82
2, 210
2, 211
2, 83
2, 212
2, 84
2, 213
2, 85
2, 214
2, 86
2, 215
2, 87
2, 216
2, 88
2, 89
2, 218
2, 90
2, 219
2, 92
2, 220
2, 93
2, 221
2, 94
2, 222
2, 95
2, 223
2, 96
2, 224
2, 97
2, 225
2, 98
2, 226
2, 227
2, 99
2, 228
2, 100
2, 229
2, 101
2, 230
2, 102
2, 231
2, 103
2, 232
2, 104
2, 233
2, 105
2, 234
2, 106
2, 107
2, 236
2, 108
2, 237
2, 110
2, 238
2, 111
2, 239
2, 112
2, 240
2, 113
2, 241
2, 114
2, 242
2, 115
2, 243
2, 244
2, 116
2, 245
2, 117
2, 246
2, 118
2, 247
2, 119
2, 248
2, 120
2, 249
2, 121
2, 250
2, 122
2, 251
2, 123
2, 252
2, 124
2, 125
2, 126
2, 254
2, 255
130, 320
130, 192
130, 256
130, 321
130, 193
130, 257
130, 322
130, 194
130, 258
130, 323
130, 195
130, 259
130, 131
130, 324
130, 196
130, 260
130, 132
130, 197
130, 261
130, 133
130, 198
130, 262
130, 134
130, 263
130, 135
130, 264
130, 136
130, 265
130, 137
130, 266
130, 138
130, 202
130, 267
130, 139
130, 203
130, 268
130, 140
130, 204
130, 269
130, 141
130, 205
130, 270
130, 142
130, 206
130, 143
130, 207
130, 144
130, 208
130, 209
130, 210
130, 274
130, 211
130, 275
130, 212
130, 276
130, 148
130, 213
130, 277
130, 149
130, 214
130, 278
130, 150
130, 215
130, 279
130, 151
130, 216
130, 280
130, 152
130, 281
130, 153
130, 282
130, 154
130, 283
130, 155
130, 284
130, 156
130, 220
130, 285
130, 157
130, 221
130, 286
130, 158
130, 222
130, 287
130, 159
130, 223
130, 288
130, 160
130, 224
130, 161
130, 225
130, 162
130, 226
130, 227
130, 228
130, 292
130, 229
130, 293
130, 230
130, 294
130, 166
130, 231
130, 295
130, 167
130, 232
130, 296
130, 168
130, 233
130, 297
130, 169
130, 234
130, 298
130, 170
130, 299
130, 171
130, 300
130, 172
130, 301
130, 173
130, 302
130, 174
130, 238
130, 303
130, 175
130, 239
130, 304
130, 176
130, 240
130, 305
130, 177
130, 241
130, 306
130, 178
130, 242
130, 179
130, 243
130, 180
130, 244
130, 245
130, 246
130, 310
130, 247
130, 311
130, 248
130, 312
130, 184
130, 249
130, 313
130, 185
130, 250
130, 314
130, 186
130, 251
130, 315
130, 187
130, 252
130, 316
130, 188
130, 317
130, 189
130, 318
130, 190
130, 319
130, 191
259, 320
259, 321
259, 322
259, 323
259, 324
259, 260
259, 261
259, 262
259, 263
259, 264
259, 265
259, 266
259, 267
259, 268
259, 269
259, 270
259, 277
259, 278
259, 279
259, 280
259, 281
259, 282
259, 283
259, 284
259, 285
259, 286
259, 287
259, 288
259, 295
259, 296
259, 297
259, 298
259, 299
259, 300
259, 301
259, 302
259, 303
259, 304
259, 305
259, 306
259, 313
259, 314
259, 315
259, 316
259, 317
259, 318
259, 319
3, 256
3, 129
3, 257
3, 130
3, 258
3, 131
3, 259
3, 4
3, 132
3, 260
3, 5
3, 133
3, 261
3, 6
3, 134
3, 262
3, 7
3, 135
3, 263
3, 264
3, 8
3, 136
3, 265
3, 9
3, 137
3, 266
3, 10
3, 138
3, 267
3, 11
3, 139
3, 268
3, 12
3, 140
3, 269
3, 13
3, 141
3, 270
3, 14
3, 142
3, 15
3, 143
3, 16
3, 144
3, 17
3, 273
3, 18
3, 274
3, 147
3, 275
3, 148
3, 276
3, 21
3, 149
3, 277
3, 22
3, 150
3, 278
3, 23
3, 151
3, 279
3, 24
3, 152
3, 280
3, 281
3, 25
3, 153
3, 282
3, 26
3, 154
3, 283
3, 27
3, 155
3, 284
3, 28
3, 156
3, 285
3, 29
3, 157
3, 286
3, 30
3, 158
3, 287
3, 31
3, 159
3, 288
3, 32
3, 160
3, 33
3, 161
3, 34
3, 162
3, 35
3, 291
3, 36
3, 292
3, 165
3, 293
3, 166
3, 294
3, 39
3, 167
3, 295
3, 40
3, 168
3, 296
3, 41
3, 169
3, 297
3, 298
3, 42
3, 170
3, 299
3, 43
3, 171
3, 300
3, 44
3, 172
3, 301
3, 45
3, 173
3, 302
3, 46
3, 174
3, 303
3, 47
3, 175
3, 304
3, 48
3, 176
3, 305
3, 49
3, 177
3, 306
3, 50
3, 178
3, 51
3, 179
3, 180
3, 52
3, 53
3, 309
3, 54
3, 310
3, 183
3, 311
3, 184
3, 312
3, 57
3, 185
3, 313
3, 58
3, 186
3, 314
3, 315
3, 59
3, 187
3, 316
3, 60
3, 188
3, 317
3, 61
3, 189
3, 318
3, 62
3, 190
3, 319
3, 63
3, 191
3, 320
3, 64
3, 192
3, 321
3, 65
3, 193
3, 322
3, 66
3, 194
3, 323
3, 67
3, 195
3, 324
3, 68
3, 196
3, 197
3, 69
3, 198
3, 70
3, 71
3, 72
3, 201
3, 202
3, 75
3, 203
3, 76
3, 204
3, 77
3, 205
3, 78
3, 206
3, 79
3, 207
3, 80
3, 208
3, 81
3, 209
3, 82
3, 210
3, 83
3, 211
3, 84
3, 212
3, 213
3, 85
3, 214
3, 86
3, 215
3, 87
3, 216
3, 88
3, 89
3, 90
3, 219
3, 220
3, 93
3, 221
3, 94
3, 222
3, 95
3, 223
3, 96
3, 224
3, 97
3, 225
3, 98
3, 226
3, 99
3, 227
3, 100
3, 228
3, 101
3, 229
3, 230
3, 102
3, 231
3, 103
3, 232
3, 104
3, 233
3, 105
3, 234
3, 106
3, 107
3, 108
3, 237
3, 238
3, 111
3, 239
3, 112
3, 240
3, 113
3, 241
3, 114
3, 242
3, 115
3, 243
3, 116
3, 244
3, 117
3, 245
3, 118
3, 246
3, 247
3, 119
3, 248
3, 120
3, 249
3, 121
3, 250
3, 122
3, 251
3, 123
3, 252
3, 124
3, 125
3, 126
3, 255
131, 320
131, 192
131, 321
131, 193
131, 257
131, 322
131, 194
131, 258
131, 323
131, 195
131, 259
131, 324
131, 196
131, 260
131, 132
131, 197
131, 261
131, 133
131, 198
131, 262
131, 134
131, 263
131, 135
131, 264
131, 136
131, 265
131, 137
131, 266
131, 138
131, 267
131, 139
131, 203
131, 268
131, 140
131, 204
131, 269
131, 141
131, 205
131, 270
131, 142
131, 206
131, 143
131, 207
131, 144
131, 208
131, 209
131, 210
131, 211
131, 275
131, 212
131, 276
131, 213
131, 277
131, 149
131, 214
131, 278
131, 150
131, 215
131, 279
131, 151
131, 216
131, 280
131, 152
131, 281
131, 153
131, 282
131, 154
131, 283
131, 155
131, 284
131, 156
131, 285
131, 157
131, 221
131, 286
131, 158
131, 222
131, 287
131, 159
131, 223
131, 288
131, 160
131, 224
131, 161
131, 225
131, 162
131, 226
131, 227
131, 228
131, 229
131, 293
131, 230
131, 294
131, 231
131, 295
131, 167
131, 232
131, 296
131, 168
131, 233
131, 297
131, 169
131, 234
131, 298
131, 170
131, 299
131, 171
131, 300
131, 172
131, 301
131, 173
131, 302
131, 174
131, 303
131, 175
131, 239
131, 304
131, 176
131, 240
131, 305
131, 177
131, 241
131, 306
131, 178
131, 242
131, 179
131, 243
131, 180
131, 244
131, 245
131, 246
131, 247
131, 311
131, 248
131, 312
131, 249
131, 313
131, 185
131, 250
131, 314
131, 186
131, 251
131, 315
131, 187
131, 252
131, 316
131, 188
131, 317
131, 189
131, 318
131, 190
131, 319
131, 191
260, 320
260, 321
260, 322
260, 323
260, 324
260, 261
260, 262
260, 263
260, 264
260, 265
260, 266
260, 267
260, 268
260, 269
260, 270
260, 278
260, 279
260, 280
260, 281
260, 282
260, 283
260, 284
260, 285
260, 286
260, 287
260, 288
260, 296
260, 297
260, 298
260, 299
260, 300
260, 301
260, 302
260, 303
260, 304
260, 305
260, 306
260, 314
260, 315
260, 316
260, 317
260, 318
260, 319
4, 256
4, 257
4, 130
4, 258
4, 131
4, 259
4, 132
4, 260
4, 5
4, 133
4, 261
4, 6
4, 134
4, 262
4, 7
4, 135
4, 263
4, 8
4, 136
4, 264
4, 265
4, 9
4, 137
4, 266
4, 10
4, 138
4, 267
4, 11
4, 139
4, 268
4, 12
4, 140
4, 269
4, 13
4, 141
4, 270
4, 14
4, 142
4, 15
4, 143
4, 16
4, 144
4, 17
4, 18
4, 274
4, 275
4, 148
4, 276
4, 149
4, 277
4, 22
4, 150
4, 278
4, 23
4, 151
4, 279
4, 24
4, 152
4, 280
4, 25
4, 153
4, 281
4, 282
4, 26
4, 154
4, 283
4, 27
4, 155
4, 284
4, 28
4, 156
4, 285
4, 29
4, 157
4, 286
4, 30
4, 158
4, 287
4, 31
4, 159
4, 288
4, 32
4, 160
4, 33
4, 161
4, 34
4, 162
4, 35
4, 36
4, 292
4, 293
4, 166
4, 294
4, 167
4, 295
4, 40
4, 168
4, 296
4, 41
4, 169
4, 297
4, 42
4, 170
4, 298
4, 299
4, 43
4, 171
4, 300
4, 44
4, 172
4, 301
4, 45
4, 173
4, 302
4, 46
4, 174
4, 303
4, 47
4, 175
4, 304
4, 48
4, 176
4, 305
4, 49
4, 177
4, 306
4, 50
4, 178
4, 51
4, 179
4, 52
4, 180
4, 53
4, 54
4, 310
4, 311
4, 184
4, 312
4, 185
4, 313
4, 58
4, 186
4, 314
4, 59
4, 187
4, 315
4, 316
4, 60
4, 188
4, 317
4, 61
4, 189
4, 318
4, 62
4, 190
4, 319
4, 63
4, 191
4, 320
4, 64
4, 192
4, 321
4, 65
4, 193
4, 322
4, 66
4, 194
4, 323
4, 67
4, 195
4, 324
4, 68
4, 196
4, 69
4, 197
4, 198
4, 70
4, 71
4, 72
4, 202
4, 203
4, 76
4, 204
4, 77
4, 205
4, 78
4, 206
4, 79
4, 207
4, 80
4, 208
4, 81
4, 209
4, 82
4, 210
4, 83
4, 211
4, 84
4, 212
4, 85
4, 213
4, 214
4, 86
4, 215
4, 87
4, 216
4, 88
4, 89
4, 90
4, 220
4, 221
4, 94
4, 222
4, 95
4, 223
4, 96
4, 224
4, 97
4, 225
4, 98
4, 226
4, 99
4, 227
4, 100
4, 228
4, 101
4, 229
4, 102
4, 230
4, 231
4, 103
4, 232
4, 104
4, 233
4, 105
4, 234
4, 106
4, 107
4, 108
4, 238
4, 239
4, 112
4, 240
4, 113
4, 241
4, 114
4, 242
4, 115
4, 243
4, 116
4, 244
4, 117
4, 245
4, 118
4, 246
4, 119
4, 247
4, 248
4, 120
4, 249
4, 121
4, 250
4, 122
4, 251
4, 123
4, 252
4, 124
4, 125
4, 126
132, 320
132, 192
132, 321
132, 193
132, 322
132, 194
132, 258
132, 323
132, 195
132, 259
132, 324
132, 196
132, 260
132, 197
132, 261
132, 133
132, 198
132, 262
132, 134
132, 263
132, 135
132, 264
132, 136
132, 265
132, 137
132, 266
132, 138
132, 267
132, 139
132, 268
132, 140
132, 204
132, 269
132, 141
132, 205
132, 270
132, 142
132, 206
132, 143
132, 207
132, 144
132, 208
132, 209
132, 210
132, 211
132, 212
132, 276
132, 213
132, 277
132, 214
132, 278
132, 150
132, 215
132, 279
132, 151
132, 216
132, 280
132, 152
132, 281
132, 153
132, 282
132, 154
132, 283
132, 155
132, 284
132, 156
132, 285
132, 157
132, 286
132, 158
132, 222
132, 287
132, 159
132, 223
132, 288
132, 160
132, 224
132, 161
132, 225
132, 162
132, 226
132, 227
132, 228
132, 229
132, 230
132, 294
132, 231
132, 295
132, 232
132, 296
132, 168
132, 233
132, 297
132, 169
132, 234
132, 298
132, 170
132, 299
132, 171
132, 300
132, 172
132, 301
132, 173
132, 302
132, 174
132, 303
132, 175
132, 304
132, 176
132, 240
132, 305
132, 177
132, 241
132, 306
132, 178
132, 242
132, 179
132, 243
132, 180
132, 244
132, 245
132, 246
132, 247
132, 248
132, 312
132, 249
132, 313
132, 250
132, 314
132, 186
132, 251
132, 315
132, 187
132, 252
132, 316
132, 188
132, 317
132, 189
132, 318
132, 190
132, 319
132, 191
261, 320
261, 321
261, 322
261, 323
261, 324
261, 262
261, 263
261, 264
261, 265
261, 266
261, 267
261, 268
261, 269
261, 270
261, 279
261, 280
261, 281
261, 282
261, 283
261, 284
261, 285
261, 286
261, 287
261, 288
261, 297
261, 298
261, 299
261, 300
261, 301
261, 302
261, 303
261, 304
261, 305
261, 306
261, 315
261, 316
261, 317
261, 318
261, 319
5, 257
5, 258
5, 131
5, 259
5, 132
5, 260
5, 133
5, 261
5, 6
5, 134
5, 262
5, 7
5, 135
5, 263
5, 8
5, 136
5, 264
5, 9
5, 137
5, 265
5, 266
5, 10
5, 138
5, 267
5, 11
5, 139
5, 268
5, 12
5, 140
5, 269
5, 13
5, 141
5, 270
5, 14
5, 142
5, 15
5, 143
5, 16
5, 144
5, 17
5, 18
5, 275
5, 276
5, 149
5, 277
5, 150
5, 278
5, 23
5, 151
5, 279
5, 24
5, 152
5, 280
5, 25
5, 153
5, 281
5, 26
5, 154
5, 282
5, 283
5, 27
5, 155
5, 284
5, 28
5, 156
5, 285
5, 29
5, 157
5, 286
5, 30
5, 158
5, 287
5, 31
5, 159
5, 288
5, 32
5, 160
5, 33
5, 161
5, 34
5, 162
5, 35
5, 36
5, 293
5, 294
5, 167
5, 295
5, 168
5, 296
5, 41
5, 169
5, 297
5, 42
5, 170
5, 298
5, 43
5, 171
5, 299
5, 300
5, 44
5, 172
5, 301
5, 45
5, 173
5, 302
5, 46
5, 174
5, 303
5, 47
5, 175
5, 304
5, 48
5, 176
5, 305
5, 49
5, 177
5, 306
5, 50
5, 178
5, 51
5, 179
5, 52
5, 180
5, 53
5, 54
5, 311
5, 312
5, 185
5, 313
5, 186
5, 314
5, 59
5, 187
5, 315
5, 60
5, 188
5, 316
5, 317
5, 61
5, 189
5, 318
5, 62
5, 190
5, 319
5, 63
5, 191
5, 320
5, 64
5, 192
5, 321
5, 65
5, 193
5, 322
5, 66
5, 194
5, 323
5, 67
5, 195
5, 324
5, 68
5, 196
5, 69
5, 197
5, 70
5, 198
5, 71
5, 72
5, 203
5, 204
5, 77
5, 205
5, 78
5, 206
5, 79
5, 207
5, 80
5, 208
5, 81
5, 209
5, 82
5, 210
5, 83
5, 211
5, 84
5, 212
5, 85
5, 213
5, 86
5, 214
5, 215
5, 87
5, 216
5, 88
5, 89
5, 90
5, 221
5, 222
5, 95
5, 223
5, 96
5, 224
5, 97
5, 225
5, 98
5, 226
5, 99
5, 227
5, 100
5, 228
5, 101
5, 229
5, 102
5, 230
5, 103
5, 231
5, 232
5, 104
5, 233
5, 105
5, 234
5, 106
5, 107
5, 108
5, 239
5, 240
5, 113
5, 241
5, 114
5, 242
5, 115
5, 243
5, 116
5, 244
5, 117
5, 245
5, 118
5, 246
5, 119
5, 247
5, 120
5, 248
5, 249
5, 121
5, 250
5, 122
5, 251
5, 123
5, 252
5, 124
5, 125
5, 126
133, 320
133, 192
133, 321
133, 193
133, 322
133, 194
133, 323
133, 195
133, 259
133, 324
133, 196
133, 260
133, 197
133, 261
133, 198
133, 262
133, 134
133, 263
133, 135
133, 264
133, 136
133, 265
133, 137
133, 266
133, 138
133, 267
133, 139
133, 268
133, 140
133, 269
133, 141
133, 205
133, 270
133, 142
133, 206
133, 143
133, 207
133, 144
133, 208
133, 209
133, 210
133, 211
133, 212
133, 213
133, 277
133, 214
133, 278
133, 215
133, 279
133, 151
133, 216
133, 280
133, 152
133, 281
133, 153
133, 282
133, 154
133, 283
133, 155
133, 284
133, 156
133, 285
133, 157
133, 286
133, 158
133, 287
133, 159
133, 223
133, 288
133, 160
133, 224
133, 161
133, 225
133, 162
133, 226
133, 227
133, 228
133, 229
133, 230
133, 231
133, 295
133, 232
133, 296
133, 233
133, 297
133, 169
133, 234
133, 298
133, 170
133, 299
133, 171
133, 300
133, 172
133, 301
133, 173
133, 302
133, 174
133, 303
133, 175
133, 304
133, 176
133, 305
133, 177
133, 241
133, 306
133, 178
133, 242
133, 179
133, 243
133, 180
133, 244
133, 245
133, 246
133, 247
133, 248
133, 249
133, 313
133, 250
133, 314
133, 251
133, 315
133, 187
133, 252
133, 316
133, 188
133, 317
133, 189
133, 318
133, 190
133, 319
133, 191
262, 320
262, 321
262, 322
262, 323
262, 324
262, 263
262, 264
262, 265
262, 266
262, 267
262, 268
262, 269
262, 270
262, 280
262, 281
262, 282
262, 283
262, 284
262, 285
262, 286
262, 287
262, 288
262, 298
262, 299
262, 300
262, 301
262, 302
262, 303
262, 304
262, 305
262, 306
262, 316
262, 317
262, 318
262, 319
6, 258
6, 259
6, 132
6, 260
6, 133
6, 261
6, 134
6, 262
6, 7
6, 135
6, 263
6, 8
6, 136
6, 264
6, 9
6, 137
6, 265
6, 10
6, 138
6, 266
6, 267
6, 11
6, 139
6, 268
6, 12
6, 140
6, 269
6, 13
6, 141
6, 270
6, 14
6, 142
6, 15
6, 143
6, 16
6, 144
6, 17
6, 18
6, 276
6, 277
6, 150
6, 278
6, 151
6, 279
6, 24
6, 152
6, 280
6, 25
6, 153
6, 281
6, 26
6, 154
6, 282
6, 27
6, 155
6, 283
6, 284
6, 28
6, 156
6, 285
6, 29
6, 157
6, 286
6, 30
6, 158
6, 287
6, 31
6, 159
6, 288
6, 32
6, 160
6, 33
6, 161
6, 34
6, 162
6, 35
6, 36
6, 294
6, 295
6, 168
6, 296
6, 169
6, 297
6, 42
6, 170
6, 298
6, 43
6, 171
6, 299
6, 44
6, 172
6, 300
6, 301
6, 45
6, 173
6, 302
6, 46
6, 174
6, 303
6, 47
6, 175
6, 304
6, 48
6, 176
6, 305
6, 49
6, 177
6, 306
6, 50
6, 178
6, 51
6, 179
6, 52
6, 180
6, 53
6, 54
6, 312
6, 313
6, 186
6, 314
6, 187
6, 315
6, 60
6, 188
6, 316
6, 61
6, 189
6, 317
6, 318
6, 62
6, 190
6, 319
6, 63
6, 191
6, 320
6, 64
6, 192
6, 321
6, 65
6, 193
6, 322
6, 66
6, 194
6, 323
6, 67
6, 195
6, 324
6, 68
6, 196
6, 69
6, 197
6, 70
6, 198
6, 71
6, 72
6, 204
6, 205
6, 78
6, 206
6, 79
6, 207
6, 80
6, 208
6, 81
6, 209
6, 82
6, 210
6, 83
6, 211
6, 84
6, 212
6, 85
6, 213
6, 86
6, 214
6, 87
6, 215
6, 88
6, 216
6, 89
6, 90
6, 222
6, 223
6, 96
6, 224
6, 97
6, 225
6, 98
6, 226
6, 99
6, 227
6, 100
6, 228
6, 101
6, 229
6, 102
6, 230
6, 103
6, 231
6, 104
6, 232
6, 233
6, 105
6, 234
6, 106
6, 107
6, 108
6, 240
6, 241
6, 114
6, 242
6, 115
6, 243
6, 116
6, 244
6, 117
6, 245
6, 118
6, 246
6, 119
6, 247
6, 120
6, 248
6, 121
6, 249
6, 250
6, 122
6, 251
6, 123
6, 252
6, 124
6, 125
6, 126
134, 320
134, 192
134, 321
134, 193
134, 322
134, 194
134, 323
134, 195
134, 324
134, 196
134, 260
134, 197
134, 261
134, 198
134, 262
134, 263
134, 135
134, 264
134, 136
134, 265
134, 137
134, 266
134, 138
134, 267
134, 139
134, 268
134, 140
134, 269
134, 141
134, 270
134, 142
134, 206
134, 143
134, 207
134, 144
134, 208
134, 209
134, 210
134, 211
134, 212
134, 213
134, 214
134, 278
134, 215
134, 279
134, 216
134, 280
134, 152
134, 281
134, 153
134, 282
134, 154
134, 283
134, 155
134, 284
134, 156
134, 285
134, 157
134, 286
134, 158
134, 287
134, 159
134, 288
134, 160
134, 224
134, 161
134, 225
134, 162
134, 226
134, 227
134, 228
134, 229
134, 230
134, 231
134, 232
134, 296
134, 233
134, 297
134, 234
134, 298
134, 170
134, 299
134, 171
134, 300
134, 172
134, 301
134, 173
134, 302
134, 174
134, 303
134, 175
134, 304
134, 176
134, 305
134, 177
134, 306
134, 178
134, 242
134, 179
134, 243
134, 180
134, 244
134, 245
134, 246
134, 247
134, 248
134, 249
134, 250
134, 314
134, 251
134, 315
134, 252
134, 316
134, 188
134, 317
134, 189
134, 318
134, 190
134, 319
134, 191
263, 320
263, 321
263, 322
263, 323
263, 324
263, 264
263, 265
263, 266
263, 267
263, 268
263, 269
263, 270
263, 281
263, 282
263, 283
263, 284
263, 285
263, 286
263, 287
263, 288
263, 299
263, 300
263, 301
263, 302
263, 303
263, 304
263, 305
263, 306
263, 317
263, 318
263, 319
7, 320
7, 192
7, 64
7, 321
7, 193
7, 65
7, 322
7, 194
7, 66
7, 323
7, 195
7, 259
7, 67
7, 324
7, 196
7, 260
7, 68
7, 197
7, 261
7, 69
7, 133
7, 198
7, 262
7, 70
7, 134
7, 263
7, 71
7, 135
7, 264
7, 72
7, 136
7, 8
7, 265
7, 137
7, 9
7, 266
7, 138
7, 10
7, 267
7, 139
7, 11
7, 268
7, 140
7, 12
7, 269
7, 141
7, 205
7, 13
7, 270
7, 142
7, 206
7, 14
7, 143
7, 207
7, 15
7, 79
7, 144
7, 208
7, 16
7, 80
7, 209
7, 17
7, 81
7, 210
7, 18
7, 82
7, 211
7, 83
7, 212
7, 84
7, 213
7, 277
7, 85
7, 214
7, 278
7, 86
7, 215
7, 279
7, 87
7, 151
7, 216
7, 280
7, 88
7, 152
7, 281
7, 89
7, 153
7, 25
7, 282
7, 90
7, 154
7, 26
7, 283
7, 155
7, 27
7, 284
7, 156
7, 28
7, 285
7, 157
7, 29
7, 286
7, 158
7, 30
7, 287
7, 159
7, 223
7, 31
7, 288
7, 160
7, 224
7, 32
7, 161
7, 225
7, 33
7, 97
7, 162
7, 226
7, 34
7, 98
7, 227
7, 35
7, 99
7, 228
7, 36
7, 100
7, 229
7, 101
7, 230
7, 102
7, 231
7, 295
7, 103
7, 232
7, 296
7, 104
7, 233
7, 297
7, 105
7, 169
7, 234
7, 298
7, 106
7, 170
7, 299
7, 107
7, 171
7, 43
7, 300
7, 108
7, 172
7, 44
7, 301
7, 173
7, 45
7, 302
7, 174
7, 46
7, 303
7, 175
7, 47
7, 304
7, 176
7, 48
7, 305
7, 177
7, 241
7, 49
7, 306
7, 178
7, 242
7, 50
7, 179
7, 243
7, 51
7, 115
7, 180
7, 244
7, 52
7, 116
7, 245
7, 53
7, 117
7, 246
7, 54
7, 118
7, 247
7, 119
7, 248
7, 120
7, 249
7, 313
7, 121
7, 250
7, 314
7, 122
7, 251
7, 315
7, 123
7, 187
7, 252
7, 316
7, 124
7, 188
7, 317
7, 125
7, 189
7, 61
7, 318
7, 126
7, 190
7, 62
7, 319
7, 191
7, 63
135, 320
135, 192
135, 321
135, 193
135, 322
135, 194
135, 323
135, 195
135, 324
135, 196
135, 197
135, 261
135, 198
135, 262
135, 263
135, 264
135, 136
135, 265
135, 137
135, 266
135, 138
135, 267
135, 139
135, 268
135, 140
135, 269
135, 141
135, 270
135, 142
135, 143
135, 207
135, 144
135, 208
135, 209
135, 210
135, 211
135, 212
135, 213
135, 214
135, 215
135, 279
135, 216
135, 280
135, 281
135, 153
135, 282
135, 154
135, 283
135, 155
135, 284
135, 156
135, 285
135, 157
135, 286
135, 158
135, 287
135, 159
135, 288
135, 160
135, 161
135, 225
135, 162
135, 226
135, 227
135, 228
135, 229
135, 230
135, 231
135, 232
135, 233
135, 297
135, 234
135, 298
135, 299
135, 171
135, 300
135, 172
135, 301
135, 173
135, 302
135, 174
135, 303
135, 175
135, 304
135, 176
135, 305
135, 177
135, 306
135, 178
135, 179
135, 243
135, 180
135, 244
135, 245
135, 246
135, 247
135, 248
135, 249
135, 250
135, 251
135, 315
135, 252
135, 316
135, 317
135, 189
135, 318
135, 190
135, 319
135, 191
264, 320
264, 321
264, 322
264, 323
264, 324
264, 265
264, 266
264, 267
264, 268
264, 269
264, 270
264, 282
264, 283
264, 284
264, 285
264, 286
264, 287
264, 288
264, 300
264, 301
264, 302
264, 303
264, 304
264, 305
264, 306
264, 318
264, 319
8, 320
8, 192
8, 64
8, 321
8, 193
8, 65
8, 322
8, 194
8, 66
8, 323
8, 195
8, 67
8, 324
8, 196
8, 260
8, 68
8, 197
8, 261
8, 69
8, 198
8, 262
8, 70
8, 134
8, 263
8, 71
8, 135
8, 264
8, 72
8, 136
8, 265
8, 137
8, 9
8, 266
8, 138
8, 10
8, 267
8, 139
8, 11
8, 268
8, 140
8, 12
8, 269
8, 141
8, 13
8, 270
8, 142
8, 206
8, 14
8, 143
8, 207
8, 15
8, 144
8, 208
8, 16
8, 80
8, 209
8, 17
8, 81
8, 210
8, 18
8, 82
8, 211
8, 83
8, 212
8, 84
8, 213
8, 85
8, 214
8, 278
8, 86
8, 215
8, 279
8, 87
8, 216
8, 280
8, 88
8, 152
8, 281
8, 89
8, 153
8, 282
8, 90
8, 154
8, 26
8, 283
8, 155
8, 27
8, 284
8, 156
8, 28
8, 285
8, 157
8, 29
8, 286
8, 158
8, 30
8, 287
8, 159
8, 31
8, 288
8, 160
8, 224
8, 32
8, 161
8, 225
8, 33
8, 162
8, 226
8, 34
8, 98
8, 227
8, 35
8, 99
8, 228
8, 36
8, 100
8, 229
8, 101
8, 230
8, 102
8, 231
8, 103
8, 232
8, 296
8, 104
8, 233
8, 297
8, 105
8, 234
8, 298
8, 106
8, 170
8, 299
8, 107
8, 171
8, 300
8, 108
8, 172
8, 44
8, 301
8, 173
8, 45
8, 302
8, 174
8, 46
8, 303
8, 175
8, 47
8, 304
8, 176
8, 48
8, 305
8, 177
8, 49
8, 306
8, 178
8, 242
8, 50
8, 179
8, 243
8, 51
8, 180
8, 244
8, 52
8, 116
8, 245
8, 53
8, 117
8, 246
8, 54
8, 118
8, 247
8, 119
8, 248
8, 120
8, 249
8, 121
8, 250
8, 314
8, 122
8, 251
8, 315
8, 123
8, 252
8, 316
8, 124
8, 188
8, 317
8, 125
8, 189
8, 318
8, 126
8, 190
8, 62
8, 319
8, 191
8, 63
136, 320
136, 192
136, 321
136, 193
136, 322
136, 194
136, 323
136, 195
136, 324
136, 196
136, 197
136, 198
136, 262
136, 263
136, 264
136, 265
136, 137
136, 266
136, 138
136, 267
136, 139
136, 268
136, 140
136, 269
136, 141
136, 270
136, 142
136, 143
136, 144
136, 208
136, 209
136, 210
136, 211
136, 212
136, 213
136, 214
136, 215
136, 216
136, 280
136, 281
136, 282
136, 154
136, 283
136, 155
136, 284
136, 156
136, 285
136, 157
136, 286
136, 158
136, 287
136, 159
136, 288
136, 160
136, 161
136, 162
136, 226
136, 227
136, 228
136, 229
136, 230
136, 231
136, 232
136, 233
136, 234
136, 298
136, 299
136, 300
136, 172
136, 301
136, 173
136, 302
136, 174
136, 303
136, 175
136, 304
136, 176
136, 305
136, 177
136, 306
136, 178
136, 179
136, 180
136, 244
136, 245
136, 246
136, 247
136, 248
136, 249
136, 250
136, 251
136, 252
136, 316
136, 317
136, 318
136, 190
136, 319
136, 191
265, 320
265, 321
265, 322
265, 323
265, 324
265, 266
265, 267
265, 268
265, 269
265, 270
265, 283
265, 284
265, 285
265, 286
265, 287
265, 288
265, 301
265, 302
265, 303
265, 304
265, 305
265, 306
265, 319
9, 320
9, 192
9, 64
9, 321
9, 193
9, 65
9, 322
9, 194
9, 66
9, 323
9, 195
9, 67
9, 324
9, 196
9, 68
9, 197
9, 261
9, 69
9, 198
9, 262
9, 70
9, 263
9, 71
9, 135
9, 264
9, 72
9, 136
9, 265
9, 137
9, 266
9, 138
9, 10
9, 267
9, 139
9, 11
9, 268
9, 140
9, 12
9, 269
9, 141
9, 13
9, 270
9, 142
9, 14
9, 143
9, 207
9, 15
9, 144
9, 208
9, 16
9, 209
9, 17
9, 81
9, 210
9, 18
9, 82
9, 211
9, 83
9, 212
9, 84
9, 213
9, 85
9, 214
9, 86
9, 215
9, 279
9, 87
9, 216
9, 280
9, 88
9, 281
9, 89
9, 153
9, 282
9, 90
9, 154
9, 283
9, 155
9, 27
9, 284
9, 156
9, 28
9, 285
9, 157
9, 29
9, 286
9, 158
9, 30
9, 287
9, 159
9, 31
9, 288
9, 160
9, 32
9, 161
9, 225
9, 33
9, 162
9, 226
9, 34
9, 227
9, 35
9, 99
9, 228
9, 36
9, 100
9, 229
9, 101
9, 230
9, 102
9, 231
9, 103
9, 232
9, 104
9, 233
9, 297
9, 105
9, 234
9, 298
9, 106
9, 299
9, 107
9, 171
9, 300
9, 108
9, 172
9, 301
9, 173
9, 45
9, 302
9, 174
9, 46
9, 303
9, 175
9, 47
9, 304
9, 176
9, 48
9, 305
9, 177
9, 49
9, 306
9, 178
9, 50
9, 179
9, 243
9, 51
9, 180
9, 244
9, 52
9, 245
9, 53
9, 117
9, 246
9, 54
9, 118
9, 247
9, 119
9, 248
9, 120
9, 249
9, 121
9, 250
9, 122
9, 251
9, 315
9, 123
9, 252
9, 316
9, 124
9, 317
9, 125
9, 189
9, 318
9, 126
9, 190
9, 319
9, 191
9, 63
137, 320
137, 192
137, 321
137, 193
137, 322
137, 194
137, 323
137, 195
137, 324
137, 196
137, 197
137, 198
137, 263
137, 264
137, 265
137, 266
137, 138
137, 267
137, 139
137, 268
137, 140
137, 269
137, 141
137, 270
137, 142
137, 143
137, 144
137, 209
137, 210
137, 211
137, 212
137, 213
137, 214
137, 215
137, 216
137, 281
137, 282
137, 283
137, 155
137, 284
137, 156
137, 285
137, 157
137, 286
137, 158
137, 287
137, 159
137, 288
137, 160
137, 161
137, 162
137, 227
137, 228
137, 229
137, 230
137, 231
137, 232
137, 233
137, 234
137, 299
137, 300
137, 301
137, 173
137, 302
137, 174
137, 303
137, 175
137, 304
137, 176
137, 305
137, 177
137, 306
137, 178
137, 179
137, 180
137, 245
137, 246
137, 247
137, 248
137, 249
137, 250
137, 251
137, 252
137, 317
137, 318
137, 319
137, 191
266, 320
266, 321
266, 322
266, 323
266, 324
266, 267
266, 268
266, 269
266, 270
266, 284
266, 285
266, 286
266, 287
266, 288
266, 302
266, 303
266, 304
266, 305
266, 306
10, 320
10, 192
10, 64
10, 321
10, 193
10, 65
10, 322
10, 194
10, 66
10, 323
10, 195
10, 67
10, 324
10, 196
10, 68
10, 197
10, 69
10, 198
10, 262
10, 70
10, 263
10, 71
10, 264
10, 72
10, 136
10, 265
10, 137
10, 266
10, 138
10, 267
10, 139
10, 11
10, 268
10, 140
10, 12
10, 269
10, 141
10, 13
10, 270
10, 142
10, 14
10, 143
10, 15
10, 144
10, 208
10, 16
10, 209
10, 17
10, 210
10, 18
10, 82
10, 211
10, 83
10, 212
10, 84
10, 213
10, 85
10, 214
10, 86
10, 215
10, 87
10, 216
10, 280
10, 88
10, 281
10, 89
10, 282
10, 90
10, 154
10, 283
10, 155
10, 284
10, 156
10, 28
10, 285
10, 157
10, 29
10, 286
10, 158
10, 30
10, 287
10, 159
10, 31
10, 288
10, 160
10, 32
10, 161
10, 33
10, 162
10, 226
10, 34
10, 227
10, 35
10, 228
10, 36
10, 100
10, 229
10, 101
10, 230
10, 102
10, 231
10, 103
10, 232
10, 104
10, 233
10, 105
10, 234
10, 298
10, 106
10, 299
10, 107
10, 300
10, 108
10, 172
10, 301
10, 173
10, 302
10, 174
10, 46
10, 303
10, 175
10, 47
10, 304
10, 176
10, 48
10, 305
10, 177
10, 49
10, 306
10, 178
10, 50
10, 179
10, 51
10, 180
10, 244
10, 52
10, 245
10, 53
10, 246
10, 54
10, 118
10, 247
10, 119
10, 248
10, 120
10, 249
10, 121
10, 250
10, 122
10, 251
10, 123
10, 252
10, 316
10, 124
10, 317
10, 125
10, 318
10, 126
10, 190
10, 319
10, 191
138, 320
138, 192
138, 321
138, 193
138, 322
138, 194
138, 323
138, 195
138, 324
138, 196
138, 197
138, 198
138, 264
138, 265
138, 266
138, 267
138, 139
138, 268
138, 140
138, 269
138, 141
138, 270
138, 142
138, 143
138, 144
138, 210
138, 211
138, 212
138, 213
138, 214
138, 215
138, 216
138, 282
138, 283
138, 284
138, 156
138, 285
138, 157
138, 286
138, 158
138, 287
138, 159
138, 288
138, 160
138, 161
138, 162
138, 228
138, 229
138, 230
138, 231
138, 232
138, 233
138, 234
138, 300
138, 301
138, 302
138, 174
138, 303
138, 175
138, 304
138, 176
138, 305
138, 177
138, 306
138, 178
138, 179
138, 180
138, 246
138, 247
138, 248
138, 249
138, 250
138, 251
138, 252
138, 318
138, 319
267, 321
267, 322
267, 323
267, 324
267, 268
267, 269
267, 270
267, 285
267, 286
267, 287
267, 288
267, 303
267, 304
267, 305
267, 306
11, 320
11, 192
11, 321
11, 193
11, 65
11, 322
11, 194
11, 66
11, 323
11, 195
11, 67
11, 324
11, 196
11, 68
11, 197
11, 69
11, 198
11, 70
11, 263
11, 71
11, 264
11, 72
11, 265
11, 137
11, 266
11, 138
11, 267
11, 139
11, 268
11, 140
11, 12
11, 269
11, 141
11, 13
11, 270
11, 142
11, 14
11, 143
11, 15
11, 144
11, 16
11, 209
11, 17
11, 210
11, 18
11, 211
11, 83
11, 212
11, 84
11, 213
11, 85
11, 214
11, 86
11, 215
11, 87
11, 216
11, 88
11, 281
11, 89
11, 282
11, 90
11, 283
11, 155
11, 284
11, 156
11, 285
11, 157
11, 29
11, 286
11, 158
11, 30
11, 287
11, 159
11, 31
11, 288
11, 160
11, 32
11, 161
11, 33
11, 162
11, 34
11, 227
11, 35
11, 228
11, 36
11, 229
11, 101
11, 230
11, 102
11, 231
11, 103
11, 232
11, 104
11, 233
11, 105
11, 234
11, 106
11, 299
11, 107
11, 300
11, 108
11, 301
11, 173
11, 302
11, 174
11, 303
11, 175
11, 47
11, 304
11, 176
11, 48
11, 305
11, 177
11, 49
11, 306
11, 178
11, 50
11, 179
11, 51
11, 180
11, 52
11, 245
11, 53
11, 246
11, 54
11, 247
11, 119
11, 248
11, 120
11, 249
11, 121
11, 250
11, 122
11, 251
11, 123
11, 252
11, 124
11, 317
11, 125
11, 318
11, 126
11, 319
11, 191
139, 320
139, 321
139, 193
139, 322
139, 194
139, 323
139, 195
139, 324
139, 196
139, 197
139, 198
139, 265
139, 266
139, 267
139, 268
139, 140
139, 269
139, 141
139, 270
139, 142
139, 143
139, 144
139, 211
139, 212
139, 213
139, 214
139, 215
139, 216
139, 283
139, 284
139, 285
139, 157
139, 286
139, 158
139, 287
139, 159
139, 288
139, 160
139, 161
139, 162
139, 229
139, 230
139, 231
139, 232
139, 233
139, 234
139, 301
139, 302
139, 303
139, 175
139, 304
139, 176
139, 305
139, 177
139, 306
139, 178
139, 179
139, 180
139, 247
139, 248
139, 249
139, 250
139, 251
139, 252
139, 319
268, 322
268, 323
268, 324
268, 269
268, 270
268, 286
268, 287
268, 288
268, 304
268, 305
268, 306
12, 320
12, 192
12, 321
12, 193
12, 322
12, 194
12, 66
12, 323
12, 195
12, 67
12, 324
12, 196
12, 68
12, 197
12, 69
12, 198
12, 70
12, 71
12, 264
12, 72
12, 265
12, 266
12, 138
12, 267
12, 139
12, 268
12, 140
12, 269
12, 141
12, 13
12, 270
12, 142
12, 14
12, 143
12, 15
12, 144
12, 16
12, 17
12, 210
12, 18
12, 211
12, 212
12, 84
12, 213
12, 85
12, 214
12, 86
12, 215
12, 87
12, 216
12, 88
12, 89
12, 282
12, 90
12, 283
12, 284
12, 156
12, 285
12, 157
12, 286
12, 158
12, 30
12, 287
12, 159
12, 31
12, 288
12, 160
12, 32
12, 161
12, 33
12, 162
12, 34
12, 35
12, 228
12, 36
12, 229
12, 230
12, 102
12, 231
12, 103
12, 232
12, 104
12, 233
12, 105
12, 234
12, 106
12, 107
12, 300
12, 108
12, 301
12, 302
12, 174
12, 303
12, 175
12, 304
12, 176
12, 48
12, 305
12, 177
12, 49
12, 306
12, 178
12, 50
12, 179
12, 51
12, 180
12, 52
12, 53
12, 246
12, 54
12, 247
12, 248
12, 120
12, 249
12, 121
12, 250
12, 122
12, 251
12, 123
12, 252
12, 124
12, 125
12, 318
12, 126
12, 319
140, 320
140, 321
140, 322
140, 194
140, 323
140, 195
140, 324
140, 196
140, 197
140, 198
140, 266
140, 267
140, 268
140, 269
140, 141
140, 270
140, 142
140, 143
140, 144
140, 212
140, 213
140, 214
140, 215
140, 216
140, 284
140, 285
140, 286
140, 158
140, 287
140, 159
140, 288
140, 160
140, 161
140, 162
140, 230
140, 231
140, 232
140, 233
140, 234
140, 302
140, 303
140, 304
140, 176
140, 305
140, 177
140, 306
140, 178
140, 179
140, 180
140, 248
140, 249
140, 250
140, 251
140, 252
269, 324
269, 323
269, 306
269, 305
269, 288
269, 287
269, 270
13, 320
13, 321
13, 193
13, 322
13, 194
13, 323
13, 195
13, 67
13, 324
13, 196
13, 68
13, 197
13, 69
13, 198
13, 70
13, 71
13, 72
13, 265
13, 266
13, 267
13, 139
13, 268
13, 140
13, 269
13, 141
13, 270
13, 142
13, 14
13, 143
13, 15
13, 144
13, 16
13, 17
13, 18
13, 211
13, 212
13, 213
13, 85
13, 214
13, 86
13, 215
13, 87
13, 216
13, 88
13, 89
13, 90
13, 283
13, 284
13, 285
13, 157
13, 286
13, 158
13, 287
13, 159
13, 31
13, 288
13, 160
13, 32
13, 161
13, 33
13, 162
13, 34
13, 35
13, 36
13, 229
13, 230
13, 231
13, 103
13, 232
13, 104
13, 233
13, 105
13, 234
13, 106
13, 107
13, 108
13, 301
13, 302
13, 303
13, 175
13, 304
13, 176
13, 305
13, 177
13, 49
13, 306
13, 178
13, 50
13, 179
13, 51
13, 180
13, 52
13, 53
13, 54
13, 247
13, 248
13, 249
13, 121
13, 250
13, 122
13, 251
13, 123
13, 252
13, 124
13, 125
13, 126
13, 319
141, 321
141, 322
141, 323
141, 195
141, 324
141, 196
141, 197
141, 198
141, 267
141, 268
141, 269
141, 270
141, 142
141, 143
141, 144
141, 213
141, 214
141, 215
141, 216
141, 285
141, 286
141, 287
141, 159
141, 288
141, 160
141, 161
141, 162
141, 231
141, 232
141, 233
141, 234
141, 303
141, 304
141, 305
141, 177
141, 306
141, 178
141, 179
141, 180
141, 249
141, 250
141, 251
141, 252
270, 324
270, 306
270, 288
14, 320
14, 321
14, 322
14, 194
14, 323
14, 195
14, 324
14, 196
14, 68
14, 197
14, 69
14, 198
14, 70
14, 71
14, 72
14, 266
14, 267
14, 268
14, 140
14, 269
14, 141
14, 270
14, 142
14, 143
14, 15
14, 144
14, 16
14, 17
14, 18
14, 212
14, 213
14, 214
14, 86
14, 215
14, 87
14, 216
14, 88
14, 89
14, 90
14, 284
14, 285
14, 286
14, 158
14, 287
14, 159
14, 288
14, 160
14, 32
14, 161
14, 33
14, 162
14, 34
14, 35
14, 36
14, 230
14, 231
14, 232
14, 104
14, 233
14, 105
14, 234
14, 106
14, 107
14, 108
14, 302
14, 303
14, 304
14, 176
14, 305
14, 177
14, 306
14, 178
14, 50
14, 179
14, 51
14, 180
14, 52
14, 53
14, 54
14, 248
14, 249
14, 250
14, 122
14, 251
14, 123
14, 252
14, 124
14, 125
14, 126
142, 322
142, 323
142, 324
142, 196
142, 197
142, 198
142, 268
142, 269
142, 270
142, 143
142, 144
142, 214
142, 215
142, 216
142, 286
142, 287
142, 288
142, 160
142, 161
142, 162
142, 232
142, 233
142, 234
142, 304
142, 305
142, 306
142, 178
142, 179
142, 180
142, 250
142, 251
142, 252
271, 320
271, 321
271, 322
271, 323
271, 324
271, 272
271, 273
271, 274
271, 275
271, 276
271, 277
271, 278
271, 279
271, 280
271, 281
271, 282
271, 283
271, 284
271, 285
271, 286
271, 287
271, 288
271, 289
271, 290
271, 291
271, 292
271, 293
271, 294
271, 295
271, 296
271, 297
271, 298
271, 299
271, 300
271, 301
271, 302
271, 303
271, 304
271, 305
271, 306
271, 307
271, 308
271, 309
271, 310
271, 311
271, 312
271, 313
271, 314
271, 315
271, 316
271, 317
271, 318
271, 319
15, 321
15, 322
15, 323
15, 195
15, 324
15, 196
15, 197
15, 69
15, 198
15, 70
15, 71
15, 72
15, 267
15, 268
15, 269
15, 141
15, 270
15, 142
15, 143
15, 144
15, 16
15, 17
15, 18
15, 213
15, 214
15, 215
15, 87
15, 216
15, 88
15, 89
15, 90
15, 285
15, 286
15, 287
15, 159
15, 288
15, 160
15, 161
15, 33
15, 162
15, 34
15, 35
15, 36
15, 231
15, 232
15, 233
15, 105
15, 234
15, 106
15, 107
15, 108
15, 303
15, 304
15, 305
15, 177
15, 306
15, 178
15, 179
15, 51
15, 180
15, 52
15, 53
15, 54
15, 249
15, 250
15, 251
15, 123
15, 252
15, 124
15, 125
15, 126
143, 323
143, 324
143, 197
143, 198
143, 269
143, 270
143, 144
143, 215
143, 216
143, 287
143, 288
143, 161
143, 162
143, 233
143, 234
143, 305
143, 306
143, 179
143, 180
143, 251
143, 252
144, 324
144, 198
144, 270
144, 216
144, 288
144, 162
144, 234
144, 306
144, 180
144, 252
272, 320
272, 321
272, 322
272, 323
272, 324
272, 273
272, 274
272, 275
272, 276
272, 277
272, 278
272, 279
272, 280
272, 281
272, 282
272, 283
272, 284
272, 285
272, 286
272, 287
272, 288
272, 290
272, 291
272, 292
272, 293
272, 294
272, 295
272, 296
272, 297
272, 298
272, 299
272, 300
272, 301
272, 302
272, 303
272, 304
272, 305
272, 306
272, 308
272, 309
272, 310
272, 311
272, 312
272, 313
272, 314
272, 315
272, 316
272, 317
272, 318
272, 319
16, 322
16, 323
16, 324
16, 196
16, 197
16, 198
16, 70
16, 71
16, 72
16, 268
16, 269
16, 270
16, 142
16, 143
16, 144
16, 17
16, 18
16, 214
16, 215
16, 216
16, 88
16, 89
16, 90
16, 286
16, 287
16, 288
16, 160
16, 161
16, 162
16, 34
16, 35
16, 36
16, 232
16, 233
16, 234
16, 106
16, 107
16, 108
16, 304
16, 305
16, 306
16, 178
16, 179
16, 180
16, 52
16, 53
16, 54
16, 250
16, 251
16, 252
16, 124
16, 125
16, 126
273, 320
273, 321
273, 322
273, 323
273, 324
273, 274
273, 275
273, 276
273, 277
273, 278
273, 279
273, 280
273, 281
273, 282
273, 283
273, 284
273, 285
273, 286
273, 287
273, 288
273, 291
273, 292
273, 293
273, 294
273, 295
273, 296
273, 297
273, 298
273, 299
273, 300
273, 301
273, 302
273, 303
273, 304
273, 305
273, 306
273, 309
273, 310
273, 311
273, 312
273, 313
273, 314
273, 315
273, 316
273, 317
273, 318
273, 319
17, 323
17, 324
17, 197
17, 198
17, 71
17, 72
17, 269
17, 270
17, 143
17, 144
17, 18
17, 215
17, 216
17, 89
17, 90
17, 287
17, 288
17, 161
17, 162
17, 35
17, 36
17, 233
17, 234
17, 107
17, 108
17, 305
17, 306
17, 179
17, 180
17, 53
17, 54
17, 251
17, 252
17, 125
17, 126
145, 320
145, 192
145, 256
145, 321
145, 193
145, 257
145, 322
145, 194
145, 258
145, 323
145, 195
145, 259
145, 324
145, 196
145, 260
145, 197
145, 261
145, 198
145, 262
145, 263
145, 199
145, 264
145, 200
145, 265
145, 201
145, 266
145, 202
145, 267
145, 203
145, 268
145, 204
145, 269
145, 205
145, 270
145, 206
145, 207
145, 271
145, 208
145, 272
145, 209
145, 273
145, 210
145, 274
145, 146
145, 211
145, 275
145, 147
145, 212
145, 276
145, 148
145, 213
145, 277
145, 149
145, 214
145, 278
145, 150
145, 215
145, 279
145, 151
145, 216
145, 280
145, 152
145, 281
145, 153
145, 217
145, 282
145, 154
145, 218
145, 283
145, 155
145, 219
145, 284
145, 156
145, 220
145, 285
145, 157
145, 221
145, 286
145, 158
145, 222
145, 287
145, 159
145, 223
145, 288
145, 160
145, 224
145, 161
145, 225
145, 289
145, 162
145, 226
145, 290
145, 227
145, 291
145, 163
145, 228
145, 292
145, 164
145, 229
145, 293
145, 165
145, 230
145, 294
145, 166
145, 231
145, 295
145, 167
145, 232
145, 296
145, 168
145, 233
145, 297
145, 169
145, 234
145, 298
145, 170
145, 299
145, 171
145, 235
145, 300
145, 172
145, 236
145, 301
145, 173
145, 237
145, 302
145, 174
145, 238
145, 303
145, 175
145, 239
145, 304
145, 176
145, 240
145, 305
145, 177
145, 241
145, 306
145, 178
145, 242
145, 179
145, 243
145, 307
145, 180
145, 244
145, 308
145, 245
145, 309
145, 181
145, 246
145, 310
145, 182
145, 247
145, 311
145, 183
145, 248
145, 312
145, 184
145, 249
145, 313
145, 185
145, 250
145, 314
145, 186
145, 251
145, 315
145, 187
145, 252
145, 316
145, 188
145, 317
145, 189
145, 253
145, 318
145, 190
145, 254
145, 319
145, 191
145, 255
18, 324
18, 198
18, 72
18, 270
18, 144
18, 216
18, 90
18, 288
18, 162
18, 36
18, 234
18, 108
18, 306
18, 180
18, 54
18, 252
18, 126
274, 320
274, 321
274, 322
274, 323
274, 324
274, 275
274, 276
274, 277
274, 278
274, 279
274, 280
274, 281
274, 282
274, 283
274, 284
274, 285
274, 286
274, 287
274, 288
274, 292
274, 293
274, 294
274, 295
274, 296
274, 297
274, 298
274, 299
274, 300
274, 301
274, 302
274, 303
274, 304
274, 305
274, 306
274, 310
274, 311
274, 312
274, 313
274, 314
274, 315
274, 316
274, 317
274, 318
274, 319
146, 320
146, 192
146, 256
146, 321
146, 193
146, 257
146, 322
146, 194
146, 258
146, 323
146, 195
146, 259
146, 324
146, 196
146, 260
146, 197
146, 261
146, 198
146, 262
146, 263
146, 264
146, 200
146, 265
146, 201
146, 266
146, 202
146, 267
146, 203
146, 268
146, 204
146, 269
146, 205
146, 270
146, 206
146, 207
146, 208
146, 272
146, 209
146, 273
146, 210
146, 274
146, 211
146, 275
146, 147
146, 212
146, 276
146, 148
146, 213
146, 277
146, 149
146, 214
146, 278
146, 150
146, 215
146, 279
146, 151
146, 216
146, 280
146, 152
146, 281
146, 153
146, 282
146, 154
146, 218
146, 283
146, 155
146, 219
146, 284
146, 156
146, 220
146, 285
146, 157
146, 221
146, 286
146, 158
146, 222
146, 287
146, 159
146, 223
146, 288
146, 160
146, 224
146, 161
146, 225
146, 162
146, 226
146, 290
146, 227
146, 291
146, 228
146, 292
146, 164
146, 229
146, 293
146, 165
146, 230
146, 294
146, 166
146, 231
146, 295
146, 167
146, 232
146, 296
146, 168
146, 233
146, 297
146, 169
146, 234
146, 298
146, 170
146, 299
146, 171
146, 300
146, 172
146, 236
146, 301
146, 173
146, 237
146, 302
146, 174
146, 238
146, 303
146, 175
146, 239
146, 304
146, 176
146, 240
146, 305
146, 177
146, 241
146, 306
146, 178
146, 242
146, 179
146, 243
146, 180
146, 244
146, 308
146, 245
146, 309
146, 246
146, 310
146, 182
146, 247
146, 311
146, 183
146, 248
146, 312
146, 184
146, 249
146, 313
146, 185
146, 250
146, 314
146, 186
146, 251
146, 315
146, 187
146, 252
146, 316
146, 188
146, 317
146, 189
146, 318
146, 190
146, 254
146, 319
146, 191
146, 255
275, 320
275, 321
275, 322
275, 323
275, 324
275, 276
275, 277
275, 278
275, 279
275, 280
275, 281
275, 282
275, 283
275, 284
275, 285
275, 286
275, 287
275, 288
275, 293
275, 294
275, 295
275, 296
275, 297
275, 298
275, 299
275, 300
275, 301
275, 302
275, 303
275, 304
275, 305
275, 306
275, 311
275, 312
275, 313
275, 314
275, 315
275, 316
275, 317
275, 318
275, 319
19, 128
19, 256
19, 129
19, 257
19, 130
19, 258
19, 131
19, 259
19, 132
19, 260
19, 261
19, 133
19, 262
19, 134
19, 263
19, 135
19, 264
19, 136
19, 265
19, 137
19, 266
19, 138
19, 267
19, 139
19, 268
19, 140
19, 269
19, 141
19, 270
19, 142
19, 143
19, 271
19, 144
19, 272
19, 145
19, 273
19, 146
19, 274
19, 147
19, 275
19, 20
19, 148
19, 276
19, 21
19, 149
19, 277
19, 278
19, 22
19, 150
19, 279
19, 23
19, 151
19, 280
19, 24
19, 152
19, 281
19, 25
19, 153
19, 282
19, 26
19, 154
19, 283
19, 27
19, 155
19, 284
19, 28
19, 156
19, 285
19, 29
19, 157
19, 286
19, 30
19, 158
19, 287
19, 31
19, 159
19, 288
19, 160
19, 32
19, 161
19, 33
19, 289
19, 162
19, 34
19, 290
19, 163
19, 35
19, 291
19, 164
19, 36
19, 292
19, 37
19, 165
19, 293
19, 38
19, 166
19, 294
19, 295
19, 39
19, 167
19, 296
19, 40
19, 168
19, 297
19, 41
19, 169
19, 298
19, 42
19, 170
19, 299
19, 43
19, 171
19, 300
19, 44
19, 172
19, 301
19, 45
19, 173
19, 302
19, 46
19, 174
19, 303
19, 47
19, 175
19, 304
19, 48
19, 176
19, 305
19, 177
19, 49
19, 306
19, 178
19, 50
19, 179
19, 51
19, 307
19, 180
19, 52
19, 308
19, 181
19, 53
19, 309
19, 182
19, 54
19, 310
19, 55
19, 183
19, 311
19, 312
19, 56
19, 184
19, 313
19, 57
19, 185
19, 314
19, 58
19, 186
19, 315
19, 59
19, 187
19, 316
19, 60
19, 188
19, 317
19, 61
19, 189
19, 318
19, 62
19, 190
19, 319
19, 63
19, 191
19, 320
19, 64
19, 192
19, 321
19, 65
19, 193
19, 322
19, 194
19, 66
19, 323
19, 195
19, 67
19, 324
19, 196
19, 68
19, 197
19, 69
19, 198
19, 70
19, 199
19, 71
19, 200
19, 72
19, 73
19, 201
19, 74
19, 202
19, 75
19, 203
19, 76
19, 204
19, 77
19, 205
19, 78
19, 206
19, 79
19, 207
19, 80
19, 208
19, 81
19, 209
19, 82
19, 210
19, 211
19, 83
19, 212
19, 84
19, 213
19, 85
19, 214
19, 86
19, 215
19, 87
19, 216
19, 88
19, 217
19, 89
19, 218
19, 90
19, 91
19, 219
19, 92
19, 220
19, 93
19, 221
19, 94
19, 222
19, 95
19, 223
19, 96
19, 224
19, 97
19, 225
19, 98
19, 226
19, 99
19, 227
19, 228
19, 100
19, 229
19, 101
19, 230
19, 102
19, 231
19, 103
19, 232
19, 104
19, 233
19, 105
19, 234
19, 106
19, 235
19, 107
19, 236
19, 108
19, 109
19, 237
19, 110
19, 238
19, 111
19, 239
19, 112
19, 240
19, 113
19, 241
19, 114
19, 242
19, 115
19, 243
19, 244
19, 116
19, 245
19, 117
19, 246
19, 118
19, 247
19, 119
19, 248
19, 120
19, 249
19, 121
19, 250
19, 122
19, 251
19, 123
19, 252
19, 124
19, 253
19, 125
19, 126
19, 254
19, 127
19, 255
147, 320
147, 192
147, 256
147, 321
147, 193
147, 257
147, 322
147, 194
147, 258
147, 323
147, 195
147, 259
147, 324
147, 196
147, 260
147, 197
147, 261
147, 198
147, 262
147, 263
147, 264
147, 265
147, 201
147, 266
147, 202
147, 267
147, 203
147, 268
147, 204
147, 269
147, 205
147, 270
147, 206
147, 207
147, 208
147, 209
147, 273
147, 210
147, 274
147, 211
147, 275
147, 212
147, 276
147, 148
147, 213
147, 277
147, 149
147, 214
147, 278
147, 150
147, 215
147, 279
147, 151
147, 216
147, 280
147, 152
147, 281
147, 153
147, 282
147, 154
147, 283
147, 155
147, 219
147, 284
147, 156
147, 220
147, 285
147, 157
147, 221
147, 286
147, 158
147, 222
147, 287
147, 159
147, 223
147, 288
147, 160
147, 224
147, 161
147, 225
147, 162
147, 226
147, 227
147, 291
147, 228
147, 292
147, 229
147, 293
147, 165
147, 230
147, 294
147, 166
147, 231
147, 295
147, 167
147, 232
147, 296
147, 168
147, 233
147, 297
147, 169
147, 234
147, 298
147, 170
147, 299
147, 171
147, 300
147, 172
147, 301
147, 173
147, 237
147, 302
147, 174
147, 238
147, 303
147, 175
147, 239
147, 304
147, 176
147, 240
147, 305
147, 177
147, 241
147, 306
147, 178
147, 242
147, 179
147, 243
147, 180
147, 244
147, 245
147, 309
147, 246
147, 310
147, 247
147, 311
147, 183
147, 248
147, 312
147, 184
147, 249
147, 313
147, 185
147, 250
147, 314
147, 186
147, 251
147, 315
147, 187
147, 252
147, 316
147, 188
147, 317
147, 189
147, 318
147, 190
147, 319
147, 191
147, 255
276, 320
276, 321
276, 322
276, 323
276, 324
276, 277
276, 278
276, 279
276, 280
276, 281
276, 282
276, 283
276, 284
276, 285
276, 286
276, 287
276, 288
276, 294
276, 295
276, 296
276, 297
276, 298
276, 299
276, 300
276, 301
276, 302
276, 303
276, 304
276, 305
276, 306
276, 312
276, 313
276, 314
276, 315
276, 316
276, 317
276, 318
276, 319
20, 128
20, 256
20, 129
20, 257
20, 130
20, 258
20, 131
20, 259
20, 132
20, 260
20, 133
20, 261
20, 262
20, 134
20, 263
20, 135
20, 264
20, 136
20, 265
20, 137
20, 266
20, 138
20, 267
20, 139
20, 268
20, 140
20, 269
20, 141
20, 270
20, 142
20, 143
20, 144
20, 272
20, 273
20, 146
20, 274
20, 147
20, 275
20, 148
20, 276
20, 21
20, 149
20, 277
20, 22
20, 150
20, 278
20, 279
20, 23
20, 151
20, 280
20, 24
20, 152
20, 281
20, 25
20, 153
20, 282
20, 26
20, 154
20, 283
20, 27
20, 155
20, 284
20, 28
20, 156
20, 285
20, 29
20, 157
20, 286
20, 30
20, 158
20, 287
20, 31
20, 159
20, 288
20, 32
20, 160
20, 161
20, 33
20, 162
20, 34
20, 290
20, 35
20, 291
20, 164
20, 36
20, 292
20, 165
20, 293
20, 38
20, 166
20, 294
20, 39
20, 167
20, 295
20, 296
20, 40
20, 168
20, 297
20, 41
20, 169
20, 298
20, 42
20, 170
20, 299
20, 43
20, 171
20, 300
20, 44
20, 172
20, 301
20, 45
20, 173
20, 302
20, 46
20, 174
20, 303
20, 47
20, 175
20, 304
20, 48
20, 176
20, 305
20, 49
20, 177
20, 306
20, 178
20, 50
20, 179
20, 51
20, 180
20, 52
20, 308
20, 53
20, 309
20, 182
20, 54
20, 310
20, 183
20, 311
20, 56
20, 184
20, 312
20, 313
20, 57
20, 185
20, 314
20, 58
20, 186
20, 315
20, 59
20, 187
20, 316
20, 60
20, 188
20, 317
20, 61
20, 189
20, 318
20, 62
20, 190
20, 319
20, 63
20, 191
20, 320
20, 64
20, 192
20, 321
20, 65
20, 193
20, 322
20, 66
20, 194
20, 323
20, 195
20, 67
20, 324
20, 196
20, 68
20, 197
20, 69
20, 198
20, 70
20, 71
20, 200
20, 72
20, 201
20, 74
20, 202
20, 75
20, 203
20, 76
20, 204
20, 77
20, 205
20, 78
20, 206
20, 79
20, 207
20, 80
20, 208
20, 81
20, 209
20, 82
20, 210
20, 83
20, 211
20, 212
20, 84
20, 213
20, 85
20, 214
20, 86
20, 215
20, 87
20, 216
20, 88
20, 89
20, 218
20, 90
20, 219
20, 92
20, 220
20, 93
20, 221
20, 94
20, 222
20, 95
20, 223
20, 96
20, 224
20, 97
20, 225
20, 98
20, 226
20, 99
20, 227
20, 100
20, 228
20, 229
20, 101
20, 230
20, 102
20, 231
20, 103
20, 232
20, 104
20, 233
20, 105
20, 234
20, 106
20, 107
20, 236
20, 108
20, 237
20, 110
20, 238
20, 111
20, 239
20, 112
20, 240
20, 113
20, 241
20, 114
20, 242
20, 115
20, 243
20, 116
20, 244
20, 245
20, 117
20, 246
20, 118
20, 247
20, 119
20, 248
20, 120
20, 249
20, 121
20, 250
20, 122
20, 251
20, 123
20, 252
20, 124
20, 125
20, 254
20, 126
20, 255
148, 320
148, 192
148, 256
148, 321
148, 193
148, 257
148, 322
148, 194
148, 258
148, 323
148, 195
148, 259
148, 324
148, 196
148, 260
148, 197
148, 261
148, 198
148, 262
148, 263
148, 264
148, 265
148, 266
148, 202
148, 267
148, 203
148, 268
148, 204
148, 269
148, 205
148, 270
148, 206
148, 207
148, 208
148, 209
148, 210
148, 274
148, 211
148, 275
148, 212
148, 276
148, 213
148, 277
148, 149
148, 214
148, 278
148, 150
148, 215
148, 279
148, 151
148, 216
148, 280
148, 152
148, 281
148, 153
148, 282
148, 154
148, 283
148, 155
148, 284
148, 156
148, 220
148, 285
148, 157
148, 221
148, 286
148, 158
148, 222
148, 287
148, 159
148, 223
148, 288
148, 160
148, 224
148, 161
148, 225
148, 162
148, 226
148, 227
148, 228
148, 292
148, 229
148, 293
148, 230
148, 294
148, 166
148, 231
148, 295
148, 167
148, 232
148, 296
148, 168
148, 233
148, 297
148, 169
148, 234
148, 298
148, 170
148, 299
148, 171
148, 300
148, 172
148, 301
148, 173
148, 302
148, 174
148, 238
148, 303
148, 175
148, 239
148, 304
148, 176
148, 240
148, 305
148, 177
148, 241
148, 306
148, 178
148, 242
148, 179
148, 243
148, 180
148, 244
148, 245
148, 246
148, 310
148, 247
148, 311
148, 248
148, 312
148, 184
148, 249
148, 313
148, 185
148, 250
148, 314
148, 186
148, 251
148, 315
148, 187
148, 252
148, 316
148, 188
148, 317
148, 189
148, 318
148, 190
148, 319
148, 191
277, 320
277, 321
277, 322
277, 323
277, 324
277, 278
277, 279
277, 280
277, 281
277, 282
277, 283
277, 284
277, 285
277, 286
277, 287
277, 288
277, 295
277, 296
277, 297
277, 298
277, 299
277, 300
277, 301
277, 302
277, 303
277, 304
277, 305
277, 306
277, 313
277, 314
277, 315
277, 316
277, 317
277, 318
277, 319
21, 256
21, 129
21, 257
21, 130
21, 258
21, 131
21, 259
21, 132
21, 260
21, 133
21, 261
21, 134
21, 262
21, 135
21, 263
21, 136
21, 264
21, 265
21, 137
21, 266
21, 138
21, 267
21, 139
21, 268
21, 140
21, 269
21, 141
21, 270
21, 142
21, 143
21, 144
21, 273
21, 274
21, 147
21, 275
21, 148
21, 276
21, 149
21, 277
21, 22
21, 150
21, 278
21, 23
21, 151
21, 279
21, 24
21, 152
21, 280
21, 25
21, 153
21, 281
21, 282
21, 26
21, 154
21, 283
21, 27
21, 155
21, 284
21, 28
21, 156
21, 285
21, 29
21, 157
21, 286
21, 30
21, 158
21, 287
21, 31
21, 159
21, 288
21, 32
21, 160
21, 33
21, 161
21, 34
21, 162
21, 35
21, 291
21, 36
21, 292
21, 165
21, 293
21, 166
21, 294
21, 39
21, 167
21, 295
21, 40
21, 168
21, 296
21, 41
21, 169
21, 297
21, 42
21, 170
21, 298
21, 299
21, 43
21, 171
21, 300
21, 44
21, 172
21, 301
21, 45
21, 173
21, 302
21, 46
21, 174
21, 303
21, 47
21, 175
21, 304
21, 48
21, 176
21, 305
21, 49
21, 177
21, 306
21, 50
21, 178
21, 51
21, 179
21, 52
21, 180
21, 53
21, 309
21, 54
21, 310
21, 183
21, 311
21, 184
21, 312
21, 57
21, 185
21, 313
21, 58
21, 186
21, 314
21, 59
21, 187
21, 315
21, 316
21, 60
21, 188
21, 317
21, 61
21, 189
21, 318
21, 62
21, 190
21, 319
21, 63
21, 191
21, 320
21, 64
21, 192
21, 321
21, 65
21, 193
21, 322
21, 66
21, 194
21, 323
21, 67
21, 195
21, 324
21, 68
21, 196
21, 69
21, 197
21, 198
21, 70
21, 71
21, 72
21, 201
21, 202
21, 75
21, 203
21, 76
21, 204
21, 77
21, 205
21, 78
21, 206
21, 79
21, 207
21, 80
21, 208
21, 81
21, 209
21, 82
21, 210
21, 83
21, 211
21, 84
21, 212
21, 85
21, 213
21, 86
21, 214
21, 215
21, 87
21, 216
21, 88
21, 89
21, 90
21, 219
21, 220
21, 93
21, 221
21, 94
21, 222
21, 95
21, 223
21, 96
21, 224
21, 97
21, 225
21, 98
21, 226
21, 99
21, 227
21, 100
21, 228
21, 101
21, 229
21, 102
21, 230
21, 231
21, 103
21, 232
21, 104
21, 233
21, 105
21, 234
21, 106
21, 107
21, 108
21, 237
21, 238
21, 111
21, 239
21, 112
21, 240
21, 113
21, 241
21, 114
21, 242
21, 115
21, 243
21, 116
21, 244
21, 117
21, 245
21, 118
21, 246
21, 119
21, 247
21, 248
21, 120
21, 249
21, 121
21, 250
21, 122
21, 251
21, 123
21, 252
21, 124
21, 125
21, 126
21, 255
149, 320
149, 192
149, 321
149, 193
149, 257
149, 322
149, 194
149, 258
149, 323
149, 195
149, 259
149, 324
149, 196
149, 260
149, 197
149, 261
149, 198
149, 262
149, 263
149, 264
149, 265
149, 266
149, 267
149, 203
149, 268
149, 204
149, 269
149, 205
149, 270
149, 206
149, 207
149, 208
149, 209
149, 210
149, 211
149, 275
149, 212
149, 276
149, 213
149, 277
149, 214
149, 278
149, 150
149, 215
149, 279
149, 151
149, 216
149, 280
149, 152
149, 281
149, 153
149, 282
149, 154
149, 283
149, 155
149, 284
149, 156
149, 285
149, 157
149, 221
149, 286
149, 158
149, 222
149, 287
149, 159
149, 223
149, 288
149, 160
149, 224
149, 161
149, 225
149, 162
149, 226
149, 227
149, 228
149, 229
149, 293
149, 230
149, 294
149, 231
149, 295
149, 167
149, 232
149, 296
149, 168
149, 233
149, 297
149, 169
149, 234
149, 298
149, 170
149, 299
149, 171
149, 300
149, 172
149, 301
149, 173
149, 302
149, 174
149, 303
149, 175
149, 239
149, 304
149, 176
149, 240
149, 305
149, 177
149, 241
149, 306
149, 178
149, 242
149, 179
149, 243
149, 180
149, 244
149, 245
149, 246
149, 247
149, 311
149, 248
149, 312
149, 249
149, 313
149, 185
149, 250
149, 314
149, 186
149, 251
149, 315
149, 187
149, 252
149, 316
149, 188
149, 317
149, 189
149, 318
149, 190
149, 319
149, 191
278, 320
278, 321
278, 322
278, 323
278, 324
278, 279
278, 280
278, 281
278, 282
278, 283
278, 284
278, 285
278, 286
278, 287
278, 288
278, 296
278, 297
278, 298
278, 299
278, 300
278, 301
278, 302
278, 303
278, 304
278, 305
278, 306
278, 314
278, 315
278, 316
278, 317
278, 318
278, 319
22, 256
22, 257
22, 130
22, 258
22, 131
22, 259
22, 132
22, 260
22, 133
22, 261
22, 134
22, 262
22, 135
22, 263
22, 136
22, 264
22, 137
22, 265
22, 266
22, 138
22, 267
22, 139
22, 268
22, 140
22, 269
22, 141
22, 270
22, 142
22, 143
22, 144
22, 274
22, 275
22, 148
22, 276
22, 149
22, 277
22, 150
22, 278
22, 23
22, 151
22, 279
22, 24
22, 152
22, 280
22, 25
22, 153
22, 281
22, 26
22, 154
22, 282
22, 283
22, 27
22, 155
22, 284
22, 28
22, 156
22, 285
22, 29
22, 157
22, 286
22, 30
22, 158
22, 287
22, 31
22, 159
22, 288
22, 32
22, 160
22, 33
22, 161
22, 34
22, 162
22, 35
22, 36
22, 292
22, 293
22, 166
22, 294
22, 167
22, 295
22, 40
22, 168
22, 296
22, 41
22, 169
22, 297
22, 42
22, 170
22, 298
22, 43
22, 171
22, 299
22, 300
22, 44
22, 172
22, 301
22, 45
22, 173
22, 302
22, 46
22, 174
22, 303
22, 47
22, 175
22, 304
22, 48
22, 176
22, 305
22, 49
22, 177
22, 306
22, 50
22, 178
22, 51
22, 179
22, 52
22, 180
22, 53
22, 54
22, 310
22, 311
22, 184
22, 312
22, 185
22, 313
22, 58
22, 186
22, 314
22, 59
22, 187
22, 315
22, 60
22, 188
22, 316
22, 317
22, 61
22, 189
22, 318
22, 62
22, 190
22, 319
22, 63
22, 191
22, 320
22, 64
22, 192
22, 321
22, 65
22, 193
22, 322
22, 66
22, 194
22, 323
22, 67
22, 195
22, 324
22, 68
22, 196
22, 69
22, 197
22, 70
22, 198
22, 71
22, 72
22, 202
22, 203
22, 76
22, 204
22, 77
22, 205
22, 78
22, 206
22, 79
22, 207
22, 80
22, 208
22, 81
22, 209
22, 82
22, 210
22, 83
22, 211
22, 84
22, 212
22, 85
22, 213
22, 86
22, 214
22, 87
22, 215
22, 216
22, 88
22, 89
22, 90
22, 220
22, 221
22, 94
22, 222
22, 95
22, 223
22, 96
22, 224
22, 97
22, 225
22, 98
22, 226
22, 99
22, 227
22, 100
22, 228
22, 101
22, 229
22, 102
22, 230
22, 103
22, 231
22, 232
22, 104
22, 233
22, 105
22, 234
22, 106
22, 107
22, 108
22, 238
22, 239
22, 112
22, 240
22, 113
22, 241
22, 114
22, 242
22, 115
22, 243
22, 116
22, 244
22, 117
22, 245
22, 118
22, 246
22, 119
22, 247
22, 120
22, 248
22, 249
22, 121
22, 250
22, 122
22, 251
22, 123
22, 252
22, 124
22, 125
22, 126
150, 320
150, 192
150, 321
150, 193
150, 322
150, 194
150, 258
150, 323
150, 195
150, 259
150, 324
150, 196
150, 260
150, 197
150, 261
150, 198
150, 262
150, 263
150, 264
150, 265
150, 266
150, 267
150, 268
150, 204
150, 269
150, 205
150, 270
150, 206
150, 207
150, 208
150, 209
150, 210
150, 211
150, 212
150, 276
150, 213
150, 277
150, 214
150, 278
150, 215
150, 279
150, 151
150, 216
150, 280
150, 152
150, 281
150, 153
150, 282
150, 154
150, 283
150, 155
150, 284
150, 156
150, 285
150, 157
150, 286
150, 158
150, 222
150, 287
150, 159
150, 223
150, 288
150, 160
150, 224
150, 161
150, 225
150, 162
150, 226
150, 227
150, 228
150, 229
150, 230
150, 294
150, 231
150, 295
150, 232
150, 296
150, 168
150, 233
150, 297
150, 169
150, 234
150, 298
150, 170
150, 299
150, 171
150, 300
150, 172
150, 301
150, 173
150, 302
150, 174
150, 303
150, 175
150, 304
150, 176
150, 240
150, 305
150, 177
150, 241
150, 306
150, 178
150, 242
150, 179
150, 243
150, 180
150, 244
150, 245
150, 246
150, 247
150, 248
150, 312
150, 249
150, 313
150, 250
150, 314
150, 186
150, 251
150, 315
150, 187
150, 252
150, 316
150, 188
150, 317
150, 189
150, 318
150, 190
150, 319
150, 191
279, 320
279, 321
279, 322
279, 323
279, 324
279, 280
279, 281
279, 282
279, 283
279, 284
279, 285
279, 286
279, 287
279, 288
279, 297
279, 298
279, 299
279, 300
279, 301
279, 302
279, 303
279, 304
279, 305
279, 306
279, 315
279, 316
279, 317
279, 318
279, 319
23, 257
23, 258
23, 131
23, 259
23, 132
23, 260
23, 133
23, 261
23, 134
23, 262
23, 135
23, 263
23, 136
23, 264
23, 137
23, 265
23, 138
23, 266
23, 267
23, 139
23, 268
23, 140
23, 269
23, 141
23, 270
23, 142
23, 143
23, 144
23, 275
23, 276
23, 149
23, 277
23, 150
23, 278
23, 151
23, 279
23, 24
23, 152
23, 280
23, 25
23, 153
23, 281
23, 26
23, 154
23, 282
23, 27
23, 155
23, 283
23, 284
23, 28
23, 156
23, 285
23, 29
23, 157
23, 286
23, 30
23, 158
23, 287
23, 31
23, 159
23, 288
23, 32
23, 160
23, 33
23, 161
23, 34
23, 162
23, 35
23, 36
23, 293
23, 294
23, 167
23, 295
23, 168
23, 296
23, 41
23, 169
23, 297
23, 42
23, 170
23, 298
23, 43
23, 171
23, 299
23, 44
23, 172
23, 300
23, 301
23, 45
23, 173
23, 302
23, 46
23, 174
23, 303
23, 47
23, 175
23, 304
23, 48
23, 176
23, 305
23, 49
23, 177
23, 306
23, 50
23, 178
23, 51
23, 179
23, 52
23, 180
23, 53
23, 54
23, 311
23, 312
23, 185
23, 313
23, 186
23, 314
23, 59
23, 187
23, 315
23, 60
23, 188
23, 316
23, 61
23, 189
23, 317
23, 318
23, 62
23, 190
23, 319
23, 63
23, 191
23, 320
23, 64
23, 192
23, 321
23, 65
23, 193
23, 322
23, 66
23, 194
23, 323
23, 67
23, 195
23, 324
23, 68
23, 196
23, 69
23, 197
23, 70
23, 198
23, 71
23, 72
23, 203
23, 204
23, 77
23, 205
23, 78
23, 206
23, 79
23, 207
23, 80
23, 208
23, 81
23, 209
23, 82
23, 210
23, 83
23, 211
23, 84
23, 212
23, 85
23, 213
23, 86
23, 214
23, 87
23, 215
23, 88
23, 216
23, 89
23, 90
23, 221
23, 222
23, 95
23, 223
23, 96
23, 224
23, 97
23, 225
23, 98
23, 226
23, 99
23, 227
23, 100
23, 228
23, 101
23, 229
23, 102
23, 230
23, 103
23, 231
23, 104
23, 232
23, 233
23, 105
23, 234
23, 106
23, 107
23, 108
23, 239
23, 240
23, 113
23, 241
23, 114
23, 242
23, 115
23, 243
23, 116
23, 244
23, 117
23, 245
23, 118
23, 246
23, 119
23, 247
23, 120
23, 248
23, 121
23, 249
23, 250
23, 122
23, 251
23, 123
23, 252
23, 124
23, 125
23, 126
151, 320
151, 192
151, 321
151, 193
151, 322
151, 194
151, 323
151, 195
151, 259
151, 324
151, 196
151, 260
151, 197
151, 261
151, 198
151, 262
151, 263
151, 264
151, 265
151, 266
151, 267
151, 268
151, 269
151, 205
151, 270
151, 206
151, 207
151, 208
151, 209
151, 210
151, 211
151, 212
151, 213
151, 277
151, 214
151, 278
151, 215
151, 279
151, 216
151, 280
151, 152
151, 281
151, 153
151, 282
151, 154
151, 283
151, 155
151, 284
151, 156
151, 285
151, 157
151, 286
151, 158
151, 287
151, 159
151, 223
151, 288
151, 160
151, 224
151, 161
151, 225
151, 162
151, 226
151, 227
151, 228
151, 229
151, 230
151, 231
151, 295
151, 232
151, 296
151, 233
151, 297
151, 169
151, 234
151, 298
151, 170
151, 299
151, 171
151, 300
151, 172
151, 301
151, 173
151, 302
151, 174
151, 303
151, 175
151, 304
151, 176
151, 305
151, 177
151, 241
151, 306
151, 178
151, 242
151, 179
151, 243
151, 180
151, 244
151, 245
151, 246
151, 247
151, 248
151, 249
151, 313
151, 250
151, 314
151, 251
151, 315
151, 187
151, 252
151, 316
151, 188
151, 317
151, 189
151, 318
151, 190
151, 319
151, 191
280, 320
280, 321
280, 322
280, 323
280, 324
280, 281
280, 282
280, 283
280, 284
280, 285
280, 286
280, 287
280, 288
280, 298
280, 299
280, 300
280, 301
280, 302
280, 303
280, 304
280, 305
280, 306
280, 316
280, 317
280, 318
280, 319
24, 258
24, 259
24, 132
24, 260
24, 133
24, 261
24, 134
24, 262
24, 135
24, 263
24, 136
24, 264
24, 137
24, 265
24, 138
24, 266
24, 139
24, 267
24, 268
24, 140
24, 269
24, 141
24, 270
24, 142
24, 143
24, 144
24, 276
24, 277
24, 150
24, 278
24, 151
24, 279
24, 152
24, 280
24, 25
24, 153
24, 281
24, 26
24, 154
24, 282
24, 27
24, 155
24, 283
24, 28
24, 156
24, 284
24, 285
24, 29
24, 157
24, 286
24, 30
24, 158
24, 287
24, 31
24, 159
24, 288
24, 32
24, 160
24, 33
24, 161
24, 34
24, 162
24, 35
24, 36
24, 294
24, 295
24, 168
24, 296
24, 169
24, 297
24, 42
24, 170
24, 298
24, 43
24, 171
24, 299
24, 44
24, 172
24, 300
24, 45
24, 173
24, 301
24, 302
24, 46
24, 174
24, 303
24, 47
24, 175
24, 304
24, 48
24, 176
24, 305
24, 49
24, 177
24, 306
24, 50
24, 178
24, 51
24, 179
24, 52
24, 180
24, 53
24, 54
24, 312
24, 313
24, 186
24, 314
24, 187
24, 315
24, 60
24, 188
24, 316
24, 61
24, 189
24, 317
24, 62
24, 190
24, 318
24, 319
24, 63
24, 191
24, 320
24, 64
24, 192
24, 321
24, 65
24, 193
24, 322
24, 66
24, 194
24, 323
24, 67
24, 195
24, 324
24, 68
24, 196
24, 69
24, 197
24, 70
24, 198
24, 71
24, 72
24, 204
24, 205
24, 78
24, 206
24, 79
24, 207
24, 80
24, 208
24, 81
24, 209
24, 82
24, 210
24, 83
24, 211
24, 84
24, 212
24, 85
24, 213
24, 86
24, 214
24, 87
24, 215
24, 88
24, 216
24, 89
24, 90
24, 222
24, 223
24, 96
24, 224
24, 97
24, 225
24, 98
24, 226
24, 99
24, 227
24, 100
24, 228
24, 101
24, 229
24, 102
24, 230
24, 103
24, 231
24, 104
24, 232
24, 105
24, 233
24, 106
24, 234
24, 107
24, 108
24, 240
24, 241
24, 114
24, 242
24, 115
24, 243
24, 116
24, 244
24, 117
24, 245
24, 118
24, 246
24, 119
24, 247
24, 120
24, 248
24, 121
24, 249
24, 122
24, 250
24, 251
24, 123
24, 252
24, 124
24, 125
24, 126
152, 320
152, 192
152, 321
152, 193
152, 322
152, 194
152, 323
152, 195
152, 324
152, 196
152, 260
152, 197
152, 261
152, 198
152, 262
152, 263
152, 264
152, 265
152, 266
152, 267
152, 268
152, 269
152, 270
152, 206
152, 207
152, 208
152, 209
152, 210
152, 211
152, 212
152, 213
152, 214
152, 278
152, 215
152, 279
152, 216
152, 280
152, 281
152, 153
152, 282
152, 154
152, 283
152, 155
152, 284
152, 156
152, 285
152, 157
152, 286
152, 158
152, 287
152, 159
152, 288
152, 160
152, 224
152, 161
152, 225
152, 162
152, 226
152, 227
152, 228
152, 229
152, 230
152, 231
152, 232
152, 296
152, 233
152, 297
152, 234
152, 298
152, 170
152, 299
152, 171
152, 300
152, 172
152, 301
152, 173
152, 302
152, 174
152, 303
152, 175
152, 304
152, 176
152, 305
152, 177
152, 306
152, 178
152, 242
152, 179
152, 243
152, 180
152, 244
152, 245
152, 246
152, 247
152, 248
152, 249
152, 250
152, 314
152, 251
152, 315
152, 252
152, 316
152, 188
152, 317
152, 189
152, 318
152, 190
152, 319
152, 191
281, 320
281, 321
281, 322
281, 323
281, 324
281, 282
281, 283
281, 284
281, 285
281, 286
281, 287
281, 288
281, 299
281, 300
281, 301
281, 302
281, 303
281, 304
281, 305
281, 306
281, 317
281, 318
281, 319
25, 320
25, 192
25, 64
25, 321
25, 193
25, 65
25, 322
25, 194
25, 66
25, 323
25, 195
25, 259
25, 67
25, 324
25, 196
25, 260
25, 68
25, 197
25, 261
25, 69
25, 133
25, 198
25, 262
25, 70
25, 134
25, 263
25, 71
25, 135
25, 264
25, 72
25, 136
25, 265
25, 137
25, 266
25, 138
25, 267
25, 139
25, 268
25, 140
25, 269
25, 141
25, 205
25, 270
25, 142
25, 206
25, 143
25, 207
25, 79
25, 144
25, 208
25, 80
25, 209
25, 81
25, 210
25, 82
25, 211
25, 83
25, 212
25, 84
25, 213
25, 277
25, 85
25, 214
25, 278
25, 86
25, 215
25, 279
25, 87
25, 151
25, 216
25, 280
25, 88
25, 152
25, 281
25, 89
25, 153
25, 282
25, 90
25, 154
25, 26
25, 283
25, 155
25, 27
25, 284
25, 156
25, 28
25, 285
25, 157
25, 29
25, 286
25, 158
25, 30
25, 287
25, 159
25, 223
25, 31
25, 288
25, 160
25, 224
25, 32
25, 161
25, 225
25, 33
25, 97
25, 162
25, 226
25, 34
25, 98
25, 227
25, 35
25, 99
25, 228
25, 36
25, 100
25, 229
25, 101
25, 230
25, 102
25, 231
25, 295
25, 103
25, 232
25, 296
25, 104
25, 233
25, 297
25, 105
25, 169
25, 234
25, 298
25, 106
25, 170
25, 299
25, 107
25, 171
25, 43
25, 300
25, 108
25, 172
25, 44
25, 301
25, 173
25, 45
25, 302
25, 174
25, 46
25, 303
25, 175
25, 47
25, 304
25, 176
25, 48
25, 305
25, 177
25, 241
25, 49
25, 306
25, 178
25, 242
25, 50
25, 179
25, 243
25, 51
25, 115
25, 180
25, 244
25, 52
25, 116
25, 245
25, 53
25, 117
25, 246
25, 54
25, 118
25, 247
25, 119
25, 248
25, 120
25, 249
25, 313
25, 121
25, 250
25, 314
25, 122
25, 251
25, 315
25, 123
25, 187
25, 252
25, 316
25, 124
25, 188
25, 317
25, 125
25, 189
25, 61
25, 318
25, 126
25, 190
25, 62
25, 319
25, 191
25, 63
153, 320
153, 192
153, 321
153, 193
153, 322
153, 194
153, 323
153, 195
153, 324
153, 196
153, 197
153, 261
153, 198
153, 262
153, 263
153, 264
153, 265
153, 266
153, 267
153, 268
153, 269
153, 270
153, 207
153, 208
153, 209
153, 210
153, 211
153, 212
153, 213
153, 214
153, 215
153, 279
153, 216
153, 280
153, 281
153, 282
153, 154
153, 283
153, 155
153, 284
153, 156
153, 285
153, 157
153, 286
153, 158
153, 287
153, 159
153, 288
153, 160
153, 161
153, 225
153, 162
153, 226
153, 227
153, 228
153, 229
153, 230
153, 231
153, 232
153, 233
153, 297
153, 234
153, 298
153, 299
153, 171
153, 300
153, 172
153, 301
153, 173
153, 302
153, 174
153, 303
153, 175
153, 304
153, 176
153, 305
153, 177
153, 306
153, 178
153, 179
153, 243
153, 180
153, 244
153, 245
153, 246
153, 247
153, 248
153, 249
153, 250
153, 251
153, 315
153, 252
153, 316
153, 317
153, 189
153, 318
153, 190
153, 319
153, 191
282, 320
282, 321
282, 322
282, 323
282, 324
282, 283
282, 284
282, 285
282, 286
282, 287
282, 288
282, 300
282, 301
282, 302
282, 303
282, 304
282, 305
282, 306
282, 318
282, 319
26, 320
26, 192
26, 64
26, 321
26, 193
26, 65
26, 322
26, 194
26, 66
26, 323
26, 195
26, 67
26, 324
26, 196
26, 260
26, 68
26, 197
26, 261
26, 69
26, 198
26, 262
26, 70
26, 134
26, 263
26, 71
26, 135
26, 264
26, 72
26, 136
26, 265
26, 137
26, 266
26, 138
26, 267
26, 139
26, 268
26, 140
26, 269
26, 141
26, 270
26, 142
26, 206
26, 143
26, 207
26, 144
26, 208
26, 80
26, 209
26, 81
26, 210
26, 82
26, 211
26, 83
26, 212
26, 84
26, 213
26, 85
26, 214
26, 278
26, 86
26, 215
26, 279
26, 87
26, 216
26, 280
26, 88
26, 152
26, 281
26, 89
26, 153
26, 282
26, 90
26, 154
26, 283
26, 155
26, 27
26, 284
26, 156
26, 28
26, 285
26, 157
26, 29
26, 286
26, 158
26, 30
26, 287
26, 159
26, 31
26, 288
26, 160
26, 224
26, 32
26, 161
26, 225
26, 33
26, 162
26, 226
26, 34
26, 98
26, 227
26, 35
26, 99
26, 228
26, 36
26, 100
26, 229
26, 101
26, 230
26, 102
26, 231
26, 103
26, 232
26, 296
26, 104
26, 233
26, 297
26, 105
26, 234
26, 298
26, 106
26, 170
26, 299
26, 107
26, 171
26, 300
26, 108
26, 172
26, 44
26, 301
26, 173
26, 45
26, 302
26, 174
26, 46
26, 303
26, 175
26, 47
26, 304
26, 176
26, 48
26, 305
26, 177
26, 49
26, 306
26, 178
26, 242
26, 50
26, 179
26, 243
26, 51
26, 180
26, 244
26, 52
26, 116
26, 245
26, 53
26, 117
26, 246
26, 54
26, 118
26, 247
26, 119
26, 248
26, 120
26, 249
26, 121
26, 250
26, 314
26, 122
26, 251
26, 315
26, 123
26, 252
26, 316
26, 124
26, 188
26, 317
26, 125
26, 189
26, 318
26, 126
26, 190
26, 62
26, 319
26, 191
26, 63
154, 320
154, 192
154, 321
154, 193
154, 322
154, 194
154, 323
154, 195
154, 324
154, 196
154, 197
154, 198
154, 262
154, 263
154, 264
154, 265
154, 266
154, 267
154, 268
154, 269
154, 270
154, 208
154, 209
154, 210
154, 211
154, 212
154, 213
154, 214
154, 215
154, 216
154, 280
154, 281
154, 282
154, 283
154, 155
154, 284
154, 156
154, 285
154, 157
154, 286
154, 158
154, 287
154, 159
154, 288
154, 160
154, 161
154, 162
154, 226
154, 227
154, 228
154, 229
154, 230
154, 231
154, 232
154, 233
154, 234
154, 298
154, 299
154, 300
154, 172
154, 301
154, 173
154, 302
154, 174
154, 303
154, 175
154, 304
154, 176
154, 305
154, 177
154, 306
154, 178
154, 179
154, 180
154, 244
154, 245
154, 246
154, 247
154, 248
154, 249
154, 250
154, 251
154, 252
154, 316
154, 317
154, 318
154, 190
154, 319
154, 191
283, 320
283, 321
283, 322
283, 323
283, 324
283, 284
283, 285
283, 286
283, 287
283, 288
283, 301
283, 302
283, 303
283, 304
283, 305
283, 306
283, 319
27, 320
27, 192
27, 64
27, 321
27, 193
27, 65
27, 322
27, 194
27, 66
27, 323
27, 195
27, 67
27, 324
27, 196
27, 68
27, 197
27, 261
27, 69
27, 198
27, 262
27, 70
27, 263
27, 71
27, 135
27, 264
27, 72
27, 136
27, 265
27, 137
27, 266
27, 138
27, 267
27, 139
27, 268
27, 140
27, 269
27, 141
27, 270
27, 142
27, 143
27, 207
27, 144
27, 208
27, 209
27, 81
27, 210
27, 82
27, 211
27, 83
27, 212
27, 84
27, 213
27, 85
27, 214
27, 86
27, 215
27, 279
27, 87
27, 216
27, 280
27, 88
27, 281
27, 89
27, 153
27, 282
27, 90
27, 154
27, 283
27, 155
27, 284
27, 156
27, 28
27, 285
27, 157
27, 29
27, 286
27, 158
27, 30
27, 287
27, 159
27, 31
27, 288
27, 160
27, 32
27, 161
27, 225
27, 33
27, 162
27, 226
27, 34
27, 227
27, 35
27, 99
27, 228
27, 36
27, 100
27, 229
27, 101
27, 230
27, 102
27, 231
27, 103
27, 232
27, 104
27, 233
27, 297
27, 105
27, 234
27, 298
27, 106
27, 299
27, 107
27, 171
27, 300
27, 108
27, 172
27, 301
27, 173
27, 45
27, 302
27, 174
27, 46
27, 303
27, 175
27, 47
27, 304
27, 176
27, 48
27, 305
27, 177
27, 49
27, 306
27, 178
27, 50
27, 179
27, 243
27, 51
27, 180
27, 244
27, 52
27, 245
27, 53
27, 117
27, 246
27, 54
27, 118
27, 247
27, 119
27, 248
27, 120
27, 249
27, 121
27, 250
27, 122
27, 251
27, 315
27, 123
27, 252
27, 316
27, 124
27, 317
27, 125
27, 189
27, 318
27, 126
27, 190
27, 319
27, 191
27, 63
155, 320
155, 192
155, 321
155, 193
155, 322
155, 194
155, 323
155, 195
155, 324
155, 196
155, 197
155, 198
155, 263
155, 264
155, 265
155, 266
155, 267
155, 268
155, 269
155, 270
155, 209
155, 210
155, 211
155, 212
155, 213
155, 214
155, 215
155, 216
155, 281
155, 282
155, 283
155, 284
155, 156
155, 285
155, 157
155, 286
155, 158
155, 287
155, 159
155, 288
155, 160
155, 161
155, 162
155, 227
155, 228
155, 229
155, 230
155, 231
155, 232
155, 233
155, 234
155, 299
155, 300
155, 301
155, 173
155, 302
155, 174
155, 303
155, 175
155, 304
155, 176
155, 305
155, 177
155, 306
155, 178
155, 179
155, 180
155, 245
155, 246
155, 247
155, 248
155, 249
155, 250
155, 251
155, 252
155, 317
155, 318
155, 319
155, 191
284, 320
284, 321
284, 322
284, 323
284, 324
284, 285
284, 286
284, 287
284, 288
284, 302
284, 303
284, 304
284, 305
284, 306
28, 320
28, 192
28, 64
28, 321
28, 193
28, 65
28, 322
28, 194
28, 66
28, 323
28, 195
28, 67
28, 324
28, 196
28, 68
28, 197
28, 69
28, 198
28, 262
28, 70
28, 263
28, 71
28, 264
28, 72
28, 136
28, 265
28, 137
28, 266
28, 138
28, 267
28, 139
28, 268
28, 140
28, 269
28, 141
28, 270
28, 142
28, 143
28, 144
28, 208
28, 209
28, 210
28, 82
28, 211
28, 83
28, 212
28, 84
28, 213
28, 85
28, 214
28, 86
28, 215
28, 87
28, 216
28, 280
28, 88
28, 281
28, 89
28, 282
28, 90
28, 154
28, 283
28, 155
28, 284
28, 156
28, 285
28, 157
28, 29
28, 286
28, 158
28, 30
28, 287
28, 159
28, 31
28, 288
28, 160
28, 32
28, 161
28, 33
28, 162
28, 226
28, 34
28, 227
28, 35
28, 228
28, 36
28, 100
28, 229
28, 101
28, 230
28, 102
28, 231
28, 103
28, 232
28, 104
28, 233
28, 105
28, 234
28, 298
28, 106
28, 299
28, 107
28, 300
28, 108
28, 172
28, 301
28, 173
28, 302
28, 174
28, 46
28, 303
28, 175
28, 47
28, 304
28, 176
28, 48
28, 305
28, 177
28, 49
28, 306
28, 178
28, 50
28, 179
28, 51
28, 180
28, 244
28, 52
28, 245
28, 53
28, 246
28, 54
28, 118
28, 247
28, 119
28, 248
28, 120
28, 249
28, 121
28, 250
28, 122
28, 251
28, 123
28, 252
28, 316
28, 124
28, 317
28, 125
28, 318
28, 126
28, 190
28, 319
28, 191
156, 320
156, 192
156, 321
156, 193
156, 322
156, 194
156, 323
156, 195
156, 324
156, 196
156, 197
156, 198
156, 264
156, 265
156, 266
156, 267
156, 268
156, 269
156, 270
156, 210
156, 211
156, 212
156, 213
156, 214
156, 215
156, 216
156, 282
156, 283
156, 284
156, 285
156, 157
156, 286
156, 158
156, 287
156, 159
156, 288
156, 160
156, 161
156, 162
156, 228
156, 229
156, 230
156, 231
156, 232
156, 233
156, 234
156, 300
156, 301
156, 302
156, 174
156, 303
156, 175
156, 304
156, 176
156, 305
156, 177
156, 306
156, 178
156, 179
156, 180
156, 246
156, 247
156, 248
156, 249
156, 250
156, 251
156, 252
156, 318
156, 319
285, 321
285, 322
285, 323
285, 324
285, 286
285, 287
285, 288
285, 303
285, 304
285, 305
285, 306
29, 320
29, 192
29, 321
29, 193
29, 65
29, 322
29, 194
29, 66
29, 323
29, 195
29, 67
29, 324
29, 196
29, 68
29, 197
29, 69
29, 198
29, 70
29, 263
29, 71
29, 264
29, 72
29, 265
29, 137
29, 266
29, 138
29, 267
29, 139
29, 268
29, 140
29, 269
29, 141
29, 270
29, 142
29, 143
29, 144
29, 209
29, 210
29, 211
29, 83
29, 212
29, 84
29, 213
29, 85
29, 214
29, 86
29, 215
29, 87
29, 216
29, 88
29, 281
29, 89
29, 282
29, 90
29, 283
29, 155
29, 284
29, 156
29, 285
29, 157
29, 286
29, 158
29, 30
29, 287
29, 159
29, 31
29, 288
29, 160
29, 32
29, 161
29, 33
29, 162
29, 34
29, 227
29, 35
29, 228
29, 36
29, 229
29, 101
29, 230
29, 102
29, 231
29, 103
29, 232
29, 104
29, 233
29, 105
29, 234
29, 106
29, 299
29, 107
29, 300
29, 108
29, 301
29, 173
29, 302
29, 174
29, 303
29, 175
29, 47
29, 304
29, 176
29, 48
29, 305
29, 177
29, 49
29, 306
29, 178
29, 50
29, 179
29, 51
29, 180
29, 52
29, 245
29, 53
29, 246
29, 54
29, 247
29, 119
29, 248
29, 120
29, 249
29, 121
29, 250
29, 122
29, 251
29, 123
29, 252
29, 124
29, 317
29, 125
29, 318
29, 126
29, 319
29, 191
157, 320
157, 321
157, 193
157, 322
157, 194
157, 323
157, 195
157, 324
157, 196
157, 197
157, 198
157, 265
157, 266
157, 267
157, 268
157, 269
157, 270
157, 211
157, 212
157, 213
157, 214
157, 215
157, 216
157, 283
157, 284
157, 285
157, 286
157, 158
157, 287
157, 159
157, 288
157, 160
157, 161
157, 162
157, 229
157, 230
157, 231
157, 232
157, 233
157, 234
157, 301
157, 302
157, 303
157, 175
157, 304
157, 176
157, 305
157, 177
157, 306
157, 178
157, 179
157, 180
157, 247
157, 248
157, 249
157, 250
157, 251
157, 252
157, 319
286, 324
286, 323
286, 306
286, 322
286, 305
286, 288
286, 304
286, 287
30, 320
30, 192
30, 321
30, 193
30, 322
30, 194
30, 66
30, 323
30, 195
30, 67
30, 324
30, 196
30, 68
30, 197
30, 69
30, 198
30, 70
30, 71
30, 264
30, 72
30, 265
30, 266
30, 138
30, 267
30, 139
30, 268
30, 140
30, 269
30, 141
30, 270
30, 142
30, 143
30, 144
30, 210
30, 211
30, 212
30, 84
30, 213
30, 85
30, 214
30, 86
30, 215
30, 87
30, 216
30, 88
30, 89
30, 282
30, 90
30, 283
30, 284
30, 156
30, 285
30, 157
30, 286
30, 158
30, 287
30, 159
30, 31
30, 288
30, 160
30, 32
30, 161
30, 33
30, 162
30, 34
30, 35
30, 228
30, 36
30, 229
30, 230
30, 102
30, 231
30, 103
30, 232
30, 104
30, 233
30, 105
30, 234
30, 106
30, 107
30, 300
30, 108
30, 301
30, 302
30, 174
30, 303
30, 175
30, 304
30, 176
30, 48
30, 305
30, 177
30, 49
30, 306
30, 178
30, 50
30, 179
30, 51
30, 180
30, 52
30, 53
30, 246
30, 54
30, 247
30, 248
30, 120
30, 249
30, 121
30, 250
30, 122
30, 251
30, 123
30, 252
30, 124
30, 125
30, 318
30, 126
30, 319
158, 320
158, 321
158, 322
158, 194
158, 323
158, 195
158, 324
158, 196
158, 197
158, 198
158, 266
158, 267
158, 268
158, 269
158, 270
158, 212
158, 213
158, 214
158, 215
158, 216
158, 284
158, 285
158, 286
158, 287
158, 159
158, 288
158, 160
158, 161
158, 162
158, 230
158, 231
158, 232
158, 233
158, 234
158, 302
158, 303
158, 304
158, 176
158, 305
158, 177
158, 306
158, 178
158, 179
158, 180
158, 248
158, 249
158, 250
158, 251
158, 252
287, 324
287, 323
287, 306
287, 305
287, 288
31, 320
31, 321
31, 193
31, 322
31, 194
31, 323
31, 195
31, 67
31, 324
31, 196
31, 68
31, 197
31, 69
31, 198
31, 70
31, 71
31, 72
31, 265
31, 266
31, 267
31, 139
31, 268
31, 140
31, 269
31, 141
31, 270
31, 142
31, 143
31, 144
31, 211
31, 212
31, 213
31, 85
31, 214
31, 86
31, 215
31, 87
31, 216
31, 88
31, 89
31, 90
31, 283
31, 284
31, 285
31, 157
31, 286
31, 158
31, 287
31, 159
31, 288
31, 160
31, 32
31, 161
31, 33
31, 162
31, 34
31, 35
31, 36
31, 229
31, 230
31, 231
31, 103
31, 232
31, 104
31, 233
31, 105
31, 234
31, 106
31, 107
31, 108
31, 301
31, 302
31, 303
31, 175
31, 304
31, 176
31, 305
31, 177
31, 49
31, 306
31, 178
31, 50
31, 179
31, 51
31, 180
31, 52
31, 53
31, 54
31, 247
31, 248
31, 249
31, 121
31, 250
31, 122
31, 251
31, 123
31, 252
31, 124
31, 125
31, 126
31, 319
159, 321
159, 322
159, 323
159, 195
159, 324
159, 196
159, 197
159, 198
159, 267
159, 268
159, 269
159, 270
159, 213
159, 214
159, 215
159, 216
159, 285
159, 286
159, 287
159, 288
159, 160
159, 161
159, 162
159, 231
159, 232
159, 233
159, 234
159, 303
159, 304
159, 305
159, 177
159, 306
159, 178
159, 179
159, 180
159, 249
159, 250
159, 251
159, 252
288, 324
288, 306
32, 320
32, 321
32, 322
32, 194
32, 323
32, 195
32, 324
32, 196
32, 68
32, 197
32, 69
32, 198
32, 70
32, 71
32, 72
32, 266
32, 267
32, 268
32, 140
32, 269
32, 141
32, 270
32, 142
32, 143
32, 144
32, 212
32, 213
32, 214
32, 86
32, 215
32, 87
32, 216
32, 88
32, 89
32, 90
32, 284
32, 285
32, 286
32, 158
32, 287
32, 159
32, 288
32, 160
32, 161
32, 33
32, 162
32, 34
32, 35
32, 36
32, 230
32, 231
32, 232
32, 104
32, 233
32, 105
32, 234
32, 106
32, 107
32, 108
32, 302
32, 303
32, 304
32, 176
32, 305
32, 177
32, 306
32, 178
32, 50
32, 179
32, 51
32, 180
32, 52
32, 53
32, 54
32, 248
32, 249
32, 250
32, 122
32, 251
32, 123
32, 252
32, 124
32, 125
32, 126
160, 322
160, 323
160, 324
160, 196
160, 197
160, 198
160, 268
160, 269
160, 270
160, 214
160, 215
160, 216
160, 286
160, 287
160, 288
160, 161
160, 162
160, 232
160, 233
160, 234
160, 304
160, 305
160, 306
160, 178
160, 179
160, 180
160, 250
160, 251
160, 252
289, 320
289, 321
289, 322
289, 323
289, 324
289, 290
289, 291
289, 292
289, 293
289, 294
289, 295
289, 296
289, 297
289, 298
289, 299
289, 300
289, 301
289, 302
289, 303
289, 304
289, 305
289, 306
289, 307
289, 308
289, 309
289, 310
289, 311
289, 312
289, 313
289, 314
289, 315
289, 316
289, 317
289, 318
289, 319
33, 321
33, 322
33, 323
33, 195
33, 324
33, 196
33, 197
33, 69
33, 198
33, 70
33, 71
33, 72
33, 267
33, 268
33, 269
33, 141
33, 270
33, 142
33, 143
33, 144
33, 213
33, 214
33, 215
33, 87
33, 216
33, 88
33, 89
33, 90
33, 285
33, 286
33, 287
33, 159
33, 288
33, 160
33, 161
33, 162
33, 34
33, 35
33, 36
33, 231
33, 232
33, 233
33, 105
33, 234
33, 106
33, 107
33, 108
33, 303
33, 304
33, 305
33, 177
33, 306
33, 178
33, 179
33, 51
33, 180
33, 52
33, 53
33, 54
33, 249
33, 250
33, 251
33, 123
33, 252
33, 124
33, 125
33, 126
161, 323
161, 324
161, 197
161, 198
161, 269
161, 270
161, 215
161, 216
161, 287
161, 288
161, 162
161, 233
161, 234
161, 305
161, 306
161, 179
161, 180
161, 251
161, 252
162, 324
162, 198
162, 270
162, 216
162, 288
162, 234
162, 306
162, 180
162, 252
290, 320
290, 321
290, 322
290, 323
290, 324
290, 291
290, 292
290, 293
290, 294
290, 295
290, 296
290, 297
290, 298
290, 299
290, 300
290, 301
290, 302
290, 303
290, 304
290, 305
290, 306
290, 308
290, 309
290, 310
290, 311
290, 312
290, 313
290, 314
290, 315
290, 316
290, 317
290, 318
290, 319
34, 322
34, 323
34, 324
34, 196
34, 197
34, 198
34, 70
34, 71
34, 72
34, 268
34, 269
34, 270
34, 142
34, 143
34, 144
34, 214
34, 215
34, 216
34, 88
34, 89
34, 90
34, 286
34, 287
34, 288
34, 160
34, 161
34, 162
34, 35
34, 36
34, 232
34, 233
34, 234
34, 106
34, 107
34, 108
34, 304
34, 305
34, 306
34, 178
34, 179
34, 180
34, 52
34, 53
34, 54
34, 250
34, 251
34, 252
34, 124
34, 125
34, 126
291, 320
291, 321
291, 322
291, 323
291, 324
291, 292
291, 293
291, 294
291, 295
291, 296
291, 297
291, 298
291, 299
291, 300
291, 301
291, 302
291, 303
291, 304
291, 305
291, 306
291, 309
291, 310
291, 311
291, 312
291, 313
291, 314
291, 315
291, 316
291, 317
291, 318
291, 319
35, 323
35, 324
35, 197
35, 198
35, 71
35, 72
35, 269
35, 270
35, 143
35, 144
35, 215
35, 216
35, 89
35, 90
35, 287
35, 288
35, 161
35, 162
35, 36
35, 233
35, 234
35, 107
35, 108
35, 305
35, 306
35, 179
35, 180
35, 53
35, 54
35, 251
35, 252
35, 125
35, 126
163, 320
163, 192
163, 256
163, 321
163, 193
163, 257
163, 322
163, 194
163, 258
163, 323
163, 195
163, 259
163, 324
163, 196
163, 260
163, 197
163, 261
163, 198
163, 262
163, 263
163, 199
163, 264
163, 200
163, 265
163, 201
163, 266
163, 202
163, 267
163, 203
163, 268
163, 204
163, 269
163, 205
163, 270
163, 206
163, 207
163, 271
163, 208
163, 272
163, 209
163, 273
163, 210
163, 274
163, 211
163, 275
163, 212
163, 276
163, 213
163, 277
163, 214
163, 278
163, 215
163, 279
163, 216
163, 280
163, 281
163, 217
163, 282
163, 218
163, 283
163, 219
163, 284
163, 220
163, 285
163, 221
163, 286
163, 222
163, 287
163, 223
163, 288
163, 224
163, 225
163, 289
163, 226
163, 290
163, 227
163, 291
163, 228
163, 292
163, 164
163, 229
163, 293
163, 165
163, 230
163, 294
163, 166
163, 231
163, 295
163, 167
163, 232
163, 296
163, 168
163, 233
163, 297
163, 169
163, 234
163, 298
163, 170
163, 299
163, 171
163, 235
163, 300
163, 172
163, 236
163, 301
163, 173
163, 237
163, 302
163, 174
163, 238
163, 303
163, 175
163, 239
163, 304
163, 176
163, 240
163, 305
163, 177
163, 241
163, 306
163, 178
163, 242
163, 179
163, 243
163, 307
163, 180
163, 244
163, 308
163, 245
163, 309
163, 181
163, 246
163, 310
163, 182
163, 247
163, 311
163, 183
163, 248
163, 312
163, 184
163, 249
163, 313
163, 185
163, 250
163, 314
163, 186
163, 251
163, 315
163, 187
163, 252
163, 316
163, 188
163, 317
163, 189
163, 253
163, 318
163, 190
163, 254
163, 319
163, 191
163, 255
36, 324
36, 198
36, 72
36, 270
36, 144
36, 216
36, 90
36, 288
36, 162
36, 234
36, 108
36, 306
36, 180
36, 54
36, 252
36, 126
292, 320
292, 321
292, 322
292, 323
292, 324
292, 293
292, 294
292, 295
292, 296
292, 297
292, 298
292, 299
292, 300
292, 301
292, 302
292, 303
292, 304
292, 305
292, 306
292, 310
292, 311
292, 312
292, 313
292, 314
292, 315
292, 316
292, 317
292, 318
292, 319
164, 320
164, 192
164, 256
164, 321
164, 193
164, 257
164, 322
164, 194
164, 258
164, 323
164, 195
164, 259
164, 324
164, 196
164, 260
164, 197
164, 261
164, 198
164, 262
164, 263
164, 264
164, 200
164, 265
164, 201
164, 266
164, 202
164, 267
164, 203
164, 268
164, 204
164, 269
164, 205
164, 270
164, 206
164, 207
164, 208
164, 272
164, 209
164, 273
164, 210
164, 274
164, 211
164, 275
164, 212
164, 276
164, 213
164, 277
164, 214
164, 278
164, 215
164, 279
164, 216
164, 280
164, 281
164, 282
164, 218
164, 283
164, 219
164, 284
164, 220
164, 285
164, 221
164, 286
164, 222
164, 287
164, 223
164, 288
164, 224
164, 225
164, 226
164, 290
164, 227
164, 291
164, 228
164, 292
164, 229
164, 293
164, 165
164, 230
164, 294
164, 166
164, 231
164, 295
164, 167
164, 232
164, 296
164, 168
164, 233
164, 297
164, 169
164, 234
164, 298
164, 170
164, 299
164, 171
164, 300
164, 172
164, 236
164, 301
164, 173
164, 237
164, 302
164, 174
164, 238
164, 303
164, 175
164, 239
164, 304
164, 176
164, 240
164, 305
164, 177
164, 241
164, 306
164, 178
164, 242
164, 179
164, 243
164, 180
164, 244
164, 308
164, 245
164, 309
164, 246
164, 310
164, 182
164, 247
164, 311
164, 183
164, 248
164, 312
164, 184
164, 249
164, 313
164, 185
164, 250
164, 314
164, 186
164, 251
164, 315
164, 187
164, 252
164, 316
164, 188
164, 317
164, 189
164, 318
164, 190
164, 254
164, 319
164, 191
164, 255
293, 320
293, 321
293, 322
293, 323
293, 324
293, 294
293, 295
293, 296
293, 297
293, 298
293, 299
293, 300
293, 301
293, 302
293, 303
293, 304
293, 305
293, 306
293, 311
293, 312
293, 313
293, 314
293, 315
293, 316
293, 317
293, 318
293, 319
37, 128
37, 256
37, 129
37, 257
37, 130
37, 258
37, 131
37, 259
37, 132
37, 260
37, 133
37, 261
37, 262
37, 134
37, 263
37, 135
37, 264
37, 136
37, 265
37, 137
37, 266
37, 138
37, 267
37, 139
37, 268
37, 140
37, 269
37, 141
37, 270
37, 142
37, 271
37, 143
37, 144
37, 272
37, 145
37, 273
37, 146
37, 274
37, 147
37, 275
37, 148
37, 276
37, 149
37, 277
37, 150
37, 278
37, 279
37, 151
37, 280
37, 152
37, 281
37, 153
37, 282
37, 154
37, 283
37, 155
37, 284
37, 156
37, 285
37, 157
37, 286
37, 158
37, 287
37, 159
37, 288
37, 160
37, 161
37, 289
37, 162
37, 290
37, 163
37, 291
37, 164
37, 292
37, 165
37, 293
37, 38
37, 166
37, 294
37, 39
37, 167
37, 295
37, 296
37, 40
37, 168
37, 297
37, 41
37, 169
37, 298
37, 42
37, 170
37, 299
37, 43
37, 171
37, 300
37, 44
37, 172
37, 301
37, 45
37, 173
37, 302
37, 46
37, 174
37, 303
37, 47
37, 175
37, 304
37, 48
37, 176
37, 305
37, 49
37, 177
37, 306
37, 178
37, 50
37, 179
37, 51
37, 307
37, 180
37, 52
37, 308
37, 181
37, 53
37, 309
37, 182
37, 54
37, 310
37, 55
37, 183
37, 311
37, 56
37, 184
37, 312
37, 313
37, 57
37, 185
37, 314
37, 58
37, 186
37, 315
37, 59
37, 187
37, 316
37, 60
37, 188
37, 317
37, 61
37, 189
37, 318
37, 62
37, 190
37, 319
37, 63
37, 191
37, 320
37, 64
37, 192
37, 321
37, 65
37, 193
37, 322
37, 66
37, 194
37, 323
37, 195
37, 67
37, 324
37, 196
37, 68
37, 197
37, 69
37, 198
37, 70
37, 199
37, 71
37, 200
37, 72
37, 73
37, 201
37, 74
37, 202
37, 75
37, 203
37, 76
37, 204
37, 77
37, 205
37, 78
37, 206
37, 79
37, 207
37, 80
37, 208
37, 81
37, 209
37, 82
37, 210
37, 83
37, 211
37, 212
37, 84
37, 213
37, 85
37, 214
37, 86
37, 215
37, 87
37, 216
37, 88
37, 217
37, 89
37, 218
37, 90
37, 91
37, 219
37, 92
37, 220
37, 93
37, 221
37, 94
37, 222
37, 95
37, 223
37, 96
37, 224
37, 97
37, 225
37, 98
37, 226
37, 99
37, 227
37, 100
37, 228
37, 229
37, 101
37, 230
37, 102
37, 231
37, 103
37, 232
37, 104
37, 233
37, 105
37, 234
37, 106
37, 235
37, 107
37, 236
37, 108
37, 109
37, 237
37, 110
37, 238
37, 111
37, 239
37, 112
37, 240
37, 113
37, 241
37, 114
37, 242
37, 115
37, 243
37, 116
37, 244
37, 117
37, 245
37, 246
37, 118
37, 247
37, 119
37, 248
37, 120
37, 249
37, 121
37, 250
37, 122
37, 251
37, 123
37, 252
37, 124
37, 253
37, 125
37, 254
37, 126
37, 127
37, 255
165, 320
165, 192
165, 256
165, 321
165, 193
165, 257
165, 322
165, 194
165, 258
165, 323
165, 195
165, 259
165, 324
165, 196
165, 260
165, 197
165, 261
165, 198
165, 262
165, 263
165, 264
165, 265
165, 201
165, 266
165, 202
165, 267
165, 203
165, 268
165, 204
165, 269
165, 205
165, 270
165, 206
165, 207
165, 208
165, 209
165, 273
165, 210
165, 274
165, 211
165, 275
165, 212
165, 276
165, 213
165, 277
165, 214
165, 278
165, 215
165, 279
165, 216
165, 280
165, 281
165, 282
165, 283
165, 219
165, 284
165, 220
165, 285
165, 221
165, 286
165, 222
165, 287
165, 223
165, 288
165, 224
165, 225
165, 226
165, 227
165, 291
165, 228
165, 292
165, 229
165, 293
165, 230
165, 294
165, 166
165, 231
165, 295
165, 167
165, 232
165, 296
165, 168
165, 233
165, 297
165, 169
165, 234
165, 298
165, 170
165, 299
165, 171
165, 300
165, 172
165, 301
165, 173
165, 237
165, 302
165, 174
165, 238
165, 303
165, 175
165, 239
165, 304
165, 176
165, 240
165, 305
165, 177
165, 241
165, 306
165, 178
165, 242
165, 179
165, 243
165, 180
165, 244
165, 245
165, 309
165, 246
165, 310
165, 247
165, 311
165, 183
165, 248
165, 312
165, 184
165, 249
165, 313
165, 185
165, 250
165, 314
165, 186
165, 251
165, 315
165, 187
165, 252
165, 316
165, 188
165, 317
165, 189
165, 318
165, 190
165, 319
165, 191
165, 255
294, 320
294, 321
294, 322
294, 323
294, 324
294, 295
294, 296
294, 297
294, 298
294, 299
294, 300
294, 301
294, 302
294, 303
294, 304
294, 305
294, 306
294, 312
294, 313
294, 314
294, 315
294, 316
294, 317
294, 318
294, 319
38, 128
38, 256
38, 129
38, 257
38, 130
38, 258
38, 131
38, 259
38, 132
38, 260
38, 133
38, 261
38, 134
38, 262
38, 263
38, 135
38, 264
38, 136
38, 265
38, 137
38, 266
38, 138
38, 267
38, 139
38, 268
38, 140
38, 269
38, 141
38, 270
38, 142
38, 143
38, 272
38, 144
38, 273
38, 146
38, 274
38, 147
38, 275
38, 148
38, 276
38, 149
38, 277
38, 150
38, 278
38, 151
38, 279
38, 280
38, 152
38, 281
38, 153
38, 282
38, 154
38, 283
38, 155
38, 284
38, 156
38, 285
38, 157
38, 286
38, 158
38, 287
38, 159
38, 288
38, 160
38, 161
38, 162
38, 290
38, 291
38, 164
38, 292
38, 165
38, 293
38, 166
38, 294
38, 39
38, 167
38, 295
38, 40
38, 168
38, 296
38, 297
38, 41
38, 169
38, 298
38, 42
38, 170
38, 299
38, 43
38, 171
38, 300
38, 44
38, 172
38, 301
38, 45
38, 173
38, 302
38, 46
38, 174
38, 303
38, 47
38, 175
38, 304
38, 48
38, 176
38, 305
38, 49
38, 177
38, 306
38, 50
38, 178
38, 179
38, 51
38, 180
38, 52
38, 308
38, 53
38, 309
38, 182
38, 54
38, 310
38, 183
38, 311
38, 56
38, 184
38, 312
38, 57
38, 185
38, 313
38, 314
38, 58
38, 186
38, 315
38, 59
38, 187
38, 316
38, 60
38, 188
38, 317
38, 61
38, 189
38, 318
38, 62
38, 190
38, 319
38, 63
38, 191
38, 320
38, 64
38, 192
38, 321
38, 65
38, 193
38, 322
38, 66
38, 194
38, 323
38, 67
38, 195
38, 324
38, 196
38, 68
38, 197
38, 69
38, 198
38, 70
38, 71
38, 200
38, 72
38, 201
38, 74
38, 202
38, 75
38, 203
38, 76
38, 204
38, 77
38, 205
38, 78
38, 206
38, 79
38, 207
38, 80
38, 208
38, 81
38, 209
38, 82
38, 210
38, 83
38, 211
38, 84
38, 212
38, 213
38, 85
38, 214
38, 86
38, 215
38, 87
38, 216
38, 88
38, 89
38, 218
38, 90
38, 219
38, 92
38, 220
38, 93
38, 221
38, 94
38, 222
38, 95
38, 223
38, 96
38, 224
38, 97
38, 225
38, 98
38, 226
38, 99
38, 227
38, 100
38, 228
38, 101
38, 229
38, 230
38, 102
38, 231
38, 103
38, 232
38, 104
38, 233
38, 105
38, 234
38, 106
38, 107
38, 236
38, 108
38, 237
38, 110
38, 238
38, 111
38, 239
38, 112
38, 240
38, 113
38, 241
38, 114
38, 242
38, 115
38, 243
38, 116
38, 244
38, 117
38, 245
38, 118
38, 246
38, 247
38, 119
38, 248
38, 120
38, 249
38, 121
38, 250
38, 122
38, 251
38, 123
38, 252
38, 124
38, 125
38, 254
38, 126
38, 255
166, 320
166, 192
166, 256
166, 321
166, 193
166, 257
166, 322
166, 194
166, 258
166, 323
166, 195
166, 259
166, 324
166, 196
166, 260
166, 197
166, 261
166, 198
166, 262
166, 263
166, 264
166, 265
166, 266
166, 202
166, 267
166, 203
166, 268
166, 204
166, 269
166, 205
166, 270
166, 206
166, 207
166, 208
166, 209
166, 210
166, 274
166, 211
166, 275
166, 212
166, 276
166, 213
166, 277
166, 214
166, 278
166, 215
166, 279
166, 216
166, 280
166, 281
166, 282
166, 283
166, 284
166, 220
166, 285
166, 221
166, 286
166, 222
166, 287
166, 223
166, 288
166, 224
166, 225
166, 226
166, 227
166, 228
166, 292
166, 229
166, 293
166, 230
166, 294
166, 231
166, 295
166, 167
166, 232
166, 296
166, 168
166, 233
166, 297
166, 169
166, 234
166, 298
166, 170
166, 299
166, 171
166, 300
166, 172
166, 301
166, 173
166, 302
166, 174
166, 238
166, 303
166, 175
166, 239
166, 304
166, 176
166, 240
166, 305
166, 177
166, 241
166, 306
166, 178
166, 242
166, 179
166, 243
166, 180
166, 244
166, 245
166, 246
166, 310
166, 247
166, 311
166, 248
166, 312
166, 184
166, 249
166, 313
166, 185
166, 250
166, 314
166, 186
166, 251
166, 315
166, 187
166, 252
166, 316
166, 188
166, 317
166, 189
166, 318
166, 190
166, 319
166, 191
295, 320
295, 321
295, 322
295, 323
295, 324
295, 296
295, 297
295, 298
295, 299
295, 300
295, 301
295, 302
295, 303
295, 304
295, 305
295, 306
295, 313
295, 314
295, 315
295, 316
295, 317
295, 318
295, 319
39, 256
39, 129
39, 257
39, 130
39, 258
39, 131
39, 259
39, 132
39, 260
39, 133
39, 261
39, 134
39, 262
39, 135
39, 263
39, 136
39, 264
39, 137
39, 265
39, 266
39, 138
39, 267
39, 139
39, 268
39, 140
39, 269
39, 141
39, 270
39, 142
39, 143
39, 144
39, 273
39, 274
39, 147
39, 275
39, 148
39, 276
39, 149
39, 277
39, 150
39, 278
39, 151
39, 279
39, 152
39, 280
39, 153
39, 281
39, 154
39, 282
39, 283
39, 155
39, 284
39, 156
39, 285
39, 157
39, 286
39, 158
39, 287
39, 159
39, 288
39, 160
39, 161
39, 162
39, 291
39, 292
39, 165
39, 293
39, 166
39, 294
39, 167
39, 295
39, 40
39, 168
39, 296
39, 41
39, 169
39, 297
39, 42
39, 170
39, 298
39, 43
39, 171
39, 299
39, 300
39, 44
39, 172
39, 301
39, 45
39, 173
39, 302
39, 46
39, 174
39, 303
39, 47
39, 175
39, 304
39, 48
39, 176
39, 305
39, 49
39, 177
39, 306
39, 50
39, 178
39, 51
39, 179
39, 52
39, 180
39, 53
39, 309
39, 54
39, 310
39, 183
39, 311
39, 184
39, 312
39, 57
39, 185
39, 313
39, 58
39, 186
39, 314
39, 59
39, 187
39, 315
39, 60
39, 188
39, 316
39, 317
39, 61
39, 189
39, 318
39, 62
39, 190
39, 319
39, 63
39, 191
39, 320
39, 64
39, 192
39, 321
39, 65
39, 193
39, 322
39, 66
39, 194
39, 323
39, 67
39, 195
39, 324
39, 68
39, 196
39, 69
39, 197
39, 70
39, 198
39, 71
39, 72
39, 201
39, 202
39, 75
39, 203
39, 76
39, 204
39, 77
39, 205
39, 78
39, 206
39, 79
39, 207
39, 80
39, 208
39, 81
39, 209
39, 82
39, 210
39, 83
39, 211
39, 84
39, 212
39, 85
39, 213
39, 86
39, 214
39, 87
39, 215
39, 216
39, 88
39, 89
39, 90
39, 219
39, 220
39, 93
39, 221
39, 94
39, 222
39, 95
39, 223
39, 96
39, 224
39, 97
39, 225
39, 98
39, 226
39, 99
39, 227
39, 100
39, 228
39, 101
39, 229
39, 102
39, 230
39, 103
39, 231
39, 104
39, 232
39, 233
39, 105
39, 234
39, 106
39, 107
39, 108
39, 237
39, 238
39, 111
39, 239
39, 112
39, 240
39, 113
39, 241
39, 114
39, 242
39, 115
39, 243
39, 116
39, 244
39, 117
39, 245
39, 118
39, 246
39, 119
39, 247
39, 120
39, 248
39, 249
39, 121
39, 250
39, 122
39, 251
39, 123
39, 252
39, 124
39, 125
39, 126
39, 255
167, 320
167, 192
167, 321
167, 193
167, 257
167, 322
167, 194
167, 258
167, 323
167, 195
167, 259
167, 324
167, 196
167, 260
167, 197
167, 261
167, 198
167, 262
167, 263
167, 264
167, 265
167, 266
167, 267
167, 203
167, 268
167, 204
167, 269
167, 205
167, 270
167, 206
167, 207
167, 208
167, 209
167, 210
167, 211
167, 275
167, 212
167, 276
167, 213
167, 277
167, 214
167, 278
167, 215
167, 279
167, 216
167, 280
167, 281
167, 282
167, 283
167, 284
167, 285
167, 221
167, 286
167, 222
167, 287
167, 223
167, 288
167, 224
167, 225
167, 226
167, 227
167, 228
167, 229
167, 293
167, 230
167, 294
167, 231
167, 295
167, 232
167, 296
167, 168
167, 233
167, 297
167, 169
167, 234
167, 298
167, 170
167, 299
167, 171
167, 300
167, 172
167, 301
167, 173
167, 302
167, 174
167, 303
167, 175
167, 239
167, 304
167, 176
167, 240
167, 305
167, 177
167, 241
167, 306
167, 178
167, 242
167, 179
167, 243
167, 180
167, 244
167, 245
167, 246
167, 247
167, 311
167, 248
167, 312
167, 249
167, 313
167, 185
167, 250
167, 314
167, 186
167, 251
167, 315
167, 187
167, 252
167, 316
167, 188
167, 317
167, 189
167, 318
167, 190
167, 319
167, 191
296, 320
296, 321
296, 322
296, 323
296, 324
296, 297
296, 298
296, 299
296, 300
296, 301
296, 302
296, 303
296, 304
296, 305
296, 306
296, 314
296, 315
296, 316
296, 317
296, 318
296, 319
40, 256
40, 257
40, 130
40, 258
40, 131
40, 259
40, 132
40, 260
40, 133
40, 261
40, 134
40, 262
40, 135
40, 263
40, 136
40, 264
40, 137
40, 265
40, 138
40, 266
40, 267
40, 139
40, 268
40, 140
40, 269
40, 141
40, 270
40, 142
40, 143
40, 144
40, 274
40, 275
40, 148
40, 276
40, 149
40, 277
40, 150
40, 278
40, 151
40, 279
40, 152
40, 280
40, 153
40, 281
40, 154
40, 282
40, 155
40, 283
40, 284
40, 156
40, 285
40, 157
40, 286
40, 158
40, 287
40, 159
40, 288
40, 160
40, 161
40, 162
40, 292
40, 293
40, 166
40, 294
40, 167
40, 295
40, 168
40, 296
40, 41
40, 169
40, 297
40, 42
40, 170
40, 298
40, 43
40, 171
40, 299
40, 44
40, 172
40, 300
40, 301
40, 45
40, 173
40, 302
40, 46
40, 174
40, 303
40, 47
40, 175
40, 304
40, 48
40, 176
40, 305
40, 49
40, 177
40, 306
40, 50
40, 178
40, 51
40, 179
40, 52
40, 180
40, 53
40, 54
40, 310
40, 311
40, 184
40, 312
40, 185
40, 313
40, 58
40, 186
40, 314
40, 59
40, 187
40, 315
40, 60
40, 188
40, 316
40, 61
40, 189
40, 317
40, 318
40, 62
40, 190
40, 319
40, 63
40, 191
40, 320
40, 64
40, 192
40, 321
40, 65
40, 193
40, 322
40, 66
40, 194
40, 323
40, 67
40, 195
40, 324
40, 68
40, 196
40, 69
40, 197
40, 70
40, 198
40, 71
40, 72
40, 202
40, 203
40, 76
40, 204
40, 77
40, 205
40, 78
40, 206
40, 79
40, 207
40, 80
40, 208
40, 81
40, 209
40, 82
40, 210
40, 83
40, 211
40, 84
40, 212
40, 85
40, 213
40, 86
40, 214
40, 87
40, 215
40, 88
40, 216
40, 89
40, 90
40, 220
40, 221
40, 94
40, 222
40, 95
40, 223
40, 96
40, 224
40, 97
40, 225
40, 98
40, 226
40, 99
40, 227
40, 100
40, 228
40, 101
40, 229
40, 102
40, 230
40, 103
40, 231
40, 104
40, 232
40, 105
40, 233
40, 234
40, 106
40, 107
40, 108
40, 238
40, 239
40, 112
40, 240
40, 113
40, 241
40, 114
40, 242
40, 115
40, 243
40, 116
40, 244
40, 117
40, 245
40, 118
40, 246
40, 119
40, 247
40, 120
40, 248
40, 121
40, 249
40, 250
40, 122
40, 251
40, 123
40, 252
40, 124
40, 125
40, 126
168, 320
168, 192
168, 321
168, 193
168, 322
168, 194
168, 258
168, 323
168, 195
168, 259
168, 324
168, 196
168, 260
168, 197
168, 261
168, 198
168, 262
168, 263
168, 264
168, 265
168, 266
168, 267
168, 268
168, 204
168, 269
168, 205
168, 270
168, 206
168, 207
168, 208
168, 209
168, 210
168, 211
168, 212
168, 276
168, 213
168, 277
168, 214
168, 278
168, 215
168, 279
168, 216
168, 280
168, 281
168, 282
168, 283
168, 284
168, 285
168, 286
168, 222
168, 287
168, 223
168, 288
168, 224
168, 225
168, 226
168, 227
168, 228
168, 229
168, 230
168, 294
168, 231
168, 295
168, 232
168, 296
168, 233
168, 297
168, 169
168, 234
168, 298
168, 170
168, 299
168, 171
168, 300
168, 172
168, 301
168, 173
168, 302
168, 174
168, 303
168, 175
168, 304
168, 176
168, 240
168, 305
168, 177
168, 241
168, 306
168, 178
168, 242
168, 179
168, 243
168, 180
168, 244
168, 245
168, 246
168, 247
168, 248
168, 312
168, 249
168, 313
168, 250
168, 314
168, 186
168, 251
168, 315
168, 187
168, 252
168, 316
168, 188
168, 317
168, 189
168, 318
168, 190
168, 319
168, 191
297, 320
297, 321
297, 322
297, 323
297, 324
297, 298
297, 299
297, 300
297, 301
297, 302
297, 303
297, 304
297, 305
297, 306
297, 315
297, 316
297, 317
297, 318
297, 319
41, 257
41, 258
41, 131
41, 259
41, 132
41, 260
41, 133
41, 261
41, 134
41, 262
41, 135
41, 263
41, 136
41, 264
41, 137
41, 265
41, 138
41, 266
41, 139
41, 267
41, 268
41, 140
41, 269
41, 141
41, 270
41, 142
41, 143
41, 144
41, 275
41, 276
41, 149
41, 277
41, 150
41, 278
41, 151
41, 279
41, 152
41, 280
41, 153
41, 281
41, 154
41, 282
41, 155
41, 283
41, 156
41, 284
41, 285
41, 157
41, 286
41, 158
41, 287
41, 159
41, 288
41, 160
41, 161
41, 162
41, 293
41, 294
41, 167
41, 295
41, 168
41, 296
41, 169
41, 297
41, 42
41, 170
41, 298
41, 43
41, 171
41, 299
41, 44
41, 172
41, 300
41, 45
41, 173
41, 301
41, 302
41, 46
41, 174
41, 303
41, 47
41, 175
41, 304
41, 48
41, 176
41, 305
41, 49
41, 177
41, 306
41, 50
41, 178
41, 51
41, 179
41, 52
41, 180
41, 53
41, 54
41, 311
41, 312
41, 185
41, 313
41, 186
41, 314
41, 59
41, 187
41, 315
41, 60
41, 188
41, 316
41, 61
41, 189
41, 317
41, 62
41, 190
41, 318
41, 319
41, 63
41, 191
41, 320
41, 64
41, 192
41, 321
41, 65
41, 193
41, 322
41, 66
41, 194
41, 323
41, 67
41, 195
41, 324
41, 68
41, 196
41, 69
41, 197
41, 70
41, 198
41, 71
41, 72
41, 203
41, 204
41, 77
41, 205
41, 78
41, 206
41, 79
41, 207
41, 80
41, 208
41, 81
41, 209
41, 82
41, 210
41, 83
41, 211
41, 84
41, 212
41, 85
41, 213
41, 86
41, 214
41, 87
41, 215
41, 88
41, 216
41, 89
41, 90
41, 221
41, 222
41, 95
41, 223
41, 96
41, 224
41, 97
41, 225
41, 98
41, 226
41, 99
41, 227
41, 100
41, 228
41, 101
41, 229
41, 102
41, 230
41, 103
41, 231
41, 104
41, 232
41, 105
41, 233
41, 106
41, 234
41, 107
41, 108
41, 239
41, 240
41, 113
41, 241
41, 114
41, 242
41, 115
41, 243
41, 116
41, 244
41, 117
41, 245
41, 118
41, 246
41, 119
41, 247
41, 120
41, 248
41, 121
41, 249
41, 122
41, 250
41, 251
41, 123
41, 252
41, 124
41, 125
41, 126
169, 320
169, 192
169, 321
169, 193
169, 322
169, 194
169, 323
169, 195
169, 259
169, 324
169, 196
169, 260
169, 197
169, 261
169, 198
169, 262
169, 263
169, 264
169, 265
169, 266
169, 267
169, 268
169, 269
169, 205
169, 270
169, 206
169, 207
169, 208
169, 209
169, 210
169, 211
169, 212
169, 213
169, 277
169, 214
169, 278
169, 215
169, 279
169, 216
169, 280
169, 281
169, 282
169, 283
169, 284
169, 285
169, 286
169, 287
169, 223
169, 288
169, 224
169, 225
169, 226
169, 227
169, 228
169, 229
169, 230
169, 231
169, 295
169, 232
169, 296
169, 233
169, 297
169, 234
169, 298
169, 170
169, 299
169, 171
169, 300
169, 172
169, 301
169, 173
169, 302
169, 174
169, 303
169, 175
169, 304
169, 176
169, 305
169, 177
169, 241
169, 306
169, 178
169, 242
169, 179
169, 243
169, 180
169, 244
169, 245
169, 246
169, 247
169, 248
169, 249
169, 313
169, 250
169, 314
169, 251
169, 315
169, 187
169, 252
169, 316
169, 188
169, 317
169, 189
169, 318
169, 190
169, 319
169, 191
298, 320
298, 321
298, 322
298, 323
298, 324
298, 299
298, 300
298, 301
298, 302
298, 303
298, 304
298, 305
298, 306
298, 316
298, 317
298, 318
298, 319
42, 258
42, 259
42, 132
42, 260
42, 133
42, 261
42, 134
42, 262
42, 135
42, 263
42, 136
42, 264
42, 137
42, 265
42, 138
42, 266
42, 139
42, 267
42, 140
42, 268
42, 269
42, 141
42, 270
42, 142
42, 143
42, 144
42, 276
42, 277
42, 150
42, 278
42, 151
42, 279
42, 152
42, 280
42, 153
42, 281
42, 154
42, 282
42, 155
42, 283
42, 156
42, 284
42, 157
42, 285
42, 286
42, 158
42, 287
42, 159
42, 288
42, 160
42, 161
42, 162
42, 294
42, 295
42, 168
42, 296
42, 169
42, 297
42, 170
42, 298
42, 43
42, 171
42, 299
42, 44
42, 172
42, 300
42, 45
42, 173
42, 301
42, 46
42, 174
42, 302
42, 303
42, 47
42, 175
42, 304
42, 48
42, 176
42, 305
42, 49
42, 177
42, 306
42, 50
42, 178
42, 51
42, 179
42, 52
42, 180
42, 53
42, 54
42, 312
42, 313
42, 186
42, 314
42, 187
42, 315
42, 60
42, 188
42, 316
42, 61
42, 189
42, 317
42, 62
42, 190
42, 318
42, 63
42, 191
42, 319
42, 320
42, 64
42, 192
42, 321
42, 65
42, 193
42, 322
42, 66
42, 194
42, 323
42, 67
42, 195
42, 324
42, 68
42, 196
42, 69
42, 197
42, 70
42, 198
42, 71
42, 72
42, 204
42, 205
42, 78
42, 206
42, 79
42, 207
42, 80
42, 208
42, 81
42, 209
42, 82
42, 210
42, 83
42, 211
42, 84
42, 212
42, 85
42, 213
42, 86
42, 214
42, 87
42, 215
42, 88
42, 216
42, 89
42, 90
42, 222
42, 223
42, 96
42, 224
42, 97
42, 225
42, 98
42, 226
42, 99
42, 227
42, 100
42, 228
42, 101
42, 229
42, 102
42, 230
42, 103
42, 231
42, 104
42, 232
42, 105
42, 233
42, 106
42, 234
42, 107
42, 108
42, 240
42, 241
42, 114
42, 242
42, 115
42, 243
42, 116
42, 244
42, 117
42, 245
42, 118
42, 246
42, 119
42, 247
42, 120
42, 248
42, 121
42, 249
42, 122
42, 250
42, 123
42, 251
42, 124
42, 252
42, 125
42, 126
170, 320
170, 192
170, 321
170, 193
170, 322
170, 194
170, 323
170, 195
170, 324
170, 196
170, 260
170, 197
170, 261
170, 198
170, 262
170, 263
170, 264
170, 265
170, 266
170, 267
170, 268
170, 269
170, 270
170, 206
170, 207
170, 208
170, 209
170, 210
170, 211
170, 212
170, 213
170, 214
170, 278
170, 215
170, 279
170, 216
170, 280
170, 281
170, 282
170, 283
170, 284
170, 285
170, 286
170, 287
170, 288
170, 224
170, 225
170, 226
170, 227
170, 228
170, 229
170, 230
170, 231
170, 232
170, 296
170, 233
170, 297
170, 234
170, 298
170, 299
170, 171
170, 300
170, 172
170, 301
170, 173
170, 302
170, 174
170, 303
170, 175
170, 304
170, 176
170, 305
170, 177
170, 306
170, 178
170, 242
170, 179
170, 243
170, 180
170, 244
170, 245
170, 246
170, 247
170, 248
170, 249
170, 250
170, 314
170, 251
170, 315
170, 252
170, 316
170, 188
170, 317
170, 189
170, 318
170, 190
170, 319
170, 191
299, 320
299, 321
299, 322
299, 323
299, 324
299, 300
299, 301
299, 302
299, 303
299, 304
299, 305
299, 306
299, 317
299, 318
299, 319
43, 320
43, 192
43, 64
43, 321
43, 193
43, 65
43, 322
43, 194
43, 66
43, 323
43, 195
43, 259
43, 67
43, 324
43, 196
43, 260
43, 68
43, 197
43, 261
43, 69
43, 133
43, 198
43, 262
43, 70
43, 134
43, 263
43, 71
43, 135
43, 264
43, 72
43, 136
43, 265
43, 137
43, 266
43, 138
43, 267
43, 139
43, 268
43, 140
43, 269
43, 141
43, 205
43, 270
43, 142
43, 206
43, 143
43, 207
43, 79
43, 144
43, 208
43, 80
43, 209
43, 81
43, 210
43, 82
43, 211
43, 83
43, 212
43, 84
43, 213
43, 277
43, 85
43, 214
43, 278
43, 86
43, 215
43, 279
43, 87
43, 151
43, 216
43, 280
43, 88
43, 152
43, 281
43, 89
43, 153
43, 282
43, 90
43, 154
43, 283
43, 155
43, 284
43, 156
43, 285
43, 157
43, 286
43, 158
43, 287
43, 159
43, 223
43, 288
43, 160
43, 224
43, 161
43, 225
43, 97
43, 162
43, 226
43, 98
43, 227
43, 99
43, 228
43, 100
43, 229
43, 101
43, 230
43, 102
43, 231
43, 295
43, 103
43, 232
43, 296
43, 104
43, 233
43, 297
43, 105
43, 169
43, 234
43, 298
43, 106
43, 170
43, 299
43, 107
43, 171
43, 300
43, 108
43, 172
43, 44
43, 301
43, 173
43, 45
43, 302
43, 174
43, 46
43, 303
43, 175
43, 47
43, 304
43, 176
43, 48
43, 305
43, 177
43, 241
43, 49
43, 306
43, 178
43, 242
43, 50
43, 179
43, 243
43, 51
43, 115
43, 180
43, 244
43, 52
43, 116
43, 245
43, 53
43, 117
43, 246
43, 54
43, 118
43, 247
43, 119
43, 248
43, 120
43, 249
43, 313
43, 121
43, 250
43, 314
43, 122
43, 251
43, 315
43, 123
43, 187
43, 252
43, 316
43, 124
43, 188
43, 317
43, 125
43, 189
43, 61
43, 318
43, 126
43, 190
43, 62
43, 319
43, 191
43, 63
171, 320
171, 192
171, 321
171, 193
171, 322
171, 194
171, 323
171, 195
171, 324
171, 196
171, 197
171, 261
171, 198
171, 262
171, 263
171, 264
171, 265
171, 266
171, 267
171, 268
171, 269
171, 270
171, 207
171, 208
171, 209
171, 210
171, 211
171, 212
171, 213
171, 214
171, 215
171, 279
171, 216
171, 280
171, 281
171, 282
171, 283
171, 284
171, 285
171, 286
171, 287
171, 288
171, 225
171, 226
171, 227
171, 228
171, 229
171, 230
171, 231
171, 232
171, 233
171, 297
171, 234
171, 298
171, 299
171, 300
171, 172
171, 301
171, 173
171, 302
171, 174
171, 303
171, 175
171, 304
171, 176
171, 305
171, 177
171, 306
171, 178
171, 179
171, 243
171, 180
171, 244
171, 245
171, 246
171, 247
171, 248
171, 249
171, 250
171, 251
171, 315
171, 252
171, 316
171, 317
171, 189
171, 318
171, 190
171, 319
171, 191
300, 320
300, 321
300, 322
300, 323
300, 324
300, 301
300, 302
300, 303
300, 304
300, 305
300, 306
300, 318
300, 319
44, 320
44, 192
44, 64
44, 321
44, 193
44, 65
44, 322
44, 194
44, 66
44, 323
44, 195
44, 67
44, 324
44, 196
44, 260
44, 68
44, 197
44, 261
44, 69
44, 198
44, 262
44, 70
44, 134
44, 263
44, 71
44, 135
44, 264
44, 72
44, 136
44, 265
44, 137
44, 266
44, 138
44, 267
44, 139
44, 268
44, 140
44, 269
44, 141
44, 270
44, 142
44, 206
44, 143
44, 207
44, 144
44, 208
44, 80
44, 209
44, 81
44, 210
44, 82
44, 211
44, 83
44, 212
44, 84
44, 213
44, 85
44, 214
44, 278
44, 86
44, 215
44, 279
44, 87
44, 216
44, 280
44, 88
44, 152
44, 281
44, 89
44, 153
44, 282
44, 90
44, 154
44, 283
44, 155
44, 284
44, 156
44, 285
44, 157
44, 286
44, 158
44, 287
44, 159
44, 288
44, 160
44, 224
44, 161
44, 225
44, 162
44, 226
44, 98
44, 227
44, 99
44, 228
44, 100
44, 229
44, 101
44, 230
44, 102
44, 231
44, 103
44, 232
44, 296
44, 104
44, 233
44, 297
44, 105
44, 234
44, 298
44, 106
44, 170
44, 299
44, 107
44, 171
44, 300
44, 108
44, 172
44, 301
44, 173
44, 45
44, 302
44, 174
44, 46
44, 303
44, 175
44, 47
44, 304
44, 176
44, 48
44, 305
44, 177
44, 49
44, 306
44, 178
44, 242
44, 50
44, 179
44, 243
44, 51
44, 180
44, 244
44, 52
44, 116
44, 245
44, 53
44, 117
44, 246
44, 54
44, 118
44, 247
44, 119
44, 248
44, 120
44, 249
44, 121
44, 250
44, 314
44, 122
44, 251
44, 315
44, 123
44, 252
44, 316
44, 124
44, 188
44, 317
44, 125
44, 189
44, 318
44, 126
44, 190
44, 62
44, 319
44, 191
44, 63
172, 320
172, 192
172, 321
172, 193
172, 322
172, 194
172, 323
172, 195
172, 324
172, 196
172, 197
172, 198
172, 262
172, 263
172, 264
172, 265
172, 266
172, 267
172, 268
172, 269
172, 270
172, 208
172, 209
172, 210
172, 211
172, 212
172, 213
172, 214
172, 215
172, 216
172, 280
172, 281
172, 282
172, 283
172, 284
172, 285
172, 286
172, 287
172, 288
172, 226
172, 227
172, 228
172, 229
172, 230
172, 231
172, 232
172, 233
172, 234
172, 298
172, 299
172, 300
172, 301
172, 173
172, 302
172, 174
172, 303
172, 175
172, 304
172, 176
172, 305
172, 177
172, 306
172, 178
172, 179
172, 180
172, 244
172, 245
172, 246
172, 247
172, 248
172, 249
172, 250
172, 251
172, 252
172, 316
172, 317
172, 318
172, 190
172, 319
172, 191
301, 320
301, 321
301, 322
301, 323
301, 324
301, 302
301, 303
301, 304
301, 305
301, 306
301, 319
45, 320
45, 192
45, 64
45, 321
45, 193
45, 65
45, 322
45, 194
45, 66
45, 323
45, 195
45, 67
45, 324
45, 196
45, 68
45, 197
45, 261
45, 69
45, 198
45, 262
45, 70
45, 263
45, 71
45, 135
45, 264
45, 72
45, 136
45, 265
45, 137
45, 266
45, 138
45, 267
45, 139
45, 268
45, 140
45, 269
45, 141
45, 270
45, 142
45, 143
45, 207
45, 144
45, 208
45, 209
45, 81
45, 210
45, 82
45, 211
45, 83
45, 212
45, 84
45, 213
45, 85
45, 214
45, 86
45, 215
45, 279
45, 87
45, 216
45, 280
45, 88
45, 281
45, 89
45, 153
45, 282
45, 90
45, 154
45, 283
45, 155
45, 284
45, 156
45, 285
45, 157
45, 286
45, 158
45, 287
45, 159
45, 288
45, 160
45, 161
45, 225
45, 162
45, 226
45, 227
45, 99
45, 228
45, 100
45, 229
45, 101
45, 230
45, 102
45, 231
45, 103
45, 232
45, 104
45, 233
45, 297
45, 105
45, 234
45, 298
45, 106
45, 299
45, 107
45, 171
45, 300
45, 108
45, 172
45, 301
45, 173
45, 302
45, 174
45, 46
45, 303
45, 175
45, 47
45, 304
45, 176
45, 48
45, 305
45, 177
45, 49
45, 306
45, 178
45, 50
45, 179
45, 243
45, 51
45, 180
45, 244
45, 52
45, 245
45, 53
45, 117
45, 246
45, 54
45, 118
45, 247
45, 119
45, 248
45, 120
45, 249
45, 121
45, 250
45, 122
45, 251
45, 315
45, 123
45, 252
45, 316
45, 124
45, 317
45, 125
45, 189
45, 318
45, 126
45, 190
45, 319
45, 191
45, 63
173, 320
173, 192
173, 321
173, 193
173, 322
173, 194
173, 323
173, 195
173, 324
173, 196
173, 197
173, 198
173, 263
173, 264
173, 265
173, 266
173, 267
173, 268
173, 269
173, 270
173, 209
173, 210
173, 211
173, 212
173, 213
173, 214
173, 215
173, 216
173, 281
173, 282
173, 283
173, 284
173, 285
173, 286
173, 287
173, 288
173, 227
173, 228
173, 229
173, 230
173, 231
173, 232
173, 233
173, 234
173, 299
173, 300
173, 301
173, 302
173, 174
173, 303
173, 175
173, 304
173, 176
173, 305
173, 177
173, 306
173, 178
173, 179
173, 180
173, 245
173, 246
173, 247
173, 248
173, 249
173, 250
173, 251
173, 252
173, 317
173, 318
173, 319
173, 191
302, 320
302, 321
302, 322
302, 323
302, 324
302, 303
302, 304
302, 305
302, 306
46, 320
46, 192
46, 64
46, 321
46, 193
46, 65
46, 322
46, 194
46, 66
46, 323
46, 195
46, 67
46, 324
46, 196
46, 68
46, 197
46, 69
46, 198
46, 262
46, 70
46, 263
46, 71
46, 264
46, 72
46, 136
46, 265
46, 137
46, 266
46, 138
46, 267
46, 139
46, 268
46, 140
46, 269
46, 141
46, 270
46, 142
46, 143
46, 144
46, 208
46, 209
46, 210
46, 82
46, 211
46, 83
46, 212
46, 84
46, 213
46, 85
46, 214
46, 86
46, 215
46, 87
46, 216
46, 280
46, 88
46, 281
46, 89
46, 282
46, 90
46, 154
46, 283
46, 155
46, 284
46, 156
46, 285
46, 157
46, 286
46, 158
46, 287
46, 159
46, 288
46, 160
46, 161
46, 162
46, 226
46, 227
46, 228
46, 100
46, 229
46, 101
46, 230
46, 102
46, 231
46, 103
46, 232
46, 104
46, 233
46, 105
46, 234
46, 298
46, 106
46, 299
46, 107
46, 300
46, 108
46, 172
46, 301
46, 173
46, 302
46, 174
46, 303
46, 175
46, 47
46, 304
46, 176
46, 48
46, 305
46, 177
46, 49
46, 306
46, 178
46, 50
46, 179
46, 51
46, 180
46, 244
46, 52
46, 245
46, 53
46, 246
46, 54
46, 118
46, 247
46, 119
46, 248
46, 120
46, 249
46, 121
46, 250
46, 122
46, 251
46, 123
46, 252
46, 316
46, 124
46, 317
46, 125
46, 318
46, 126
46, 190
46, 319
46, 191
174, 320
174, 192
174, 321
174, 193
174, 322
174, 194
174, 323
174, 195
174, 324
174, 196
174, 197
174, 198
174, 264
174, 265
174, 266
174, 267
174, 268
174, 269
174, 270
174, 210
174, 211
174, 212
174, 213
174, 214
174, 215
174, 216
174, 282
174, 283
174, 284
174, 285
174, 286
174, 287
174, 288
174, 228
174, 229
174, 230
174, 231
174, 232
174, 233
174, 234
174, 300
174, 301
174, 302
174, 303
174, 175
174, 304
174, 176
174, 305
174, 177
174, 306
174, 178
174, 179
174, 180
174, 246
174, 247
174, 248
174, 249
174, 250
174, 251
174, 252
174, 318
174, 319
303, 324
303, 323
303, 306
303, 322
303, 305
303, 321
303, 304
47, 320
47, 192
47, 321
47, 193
47, 65
47, 322
47, 194
47, 66
47, 323
47, 195
47, 67
47, 324
47, 196
47, 68
47, 197
47, 69
47, 198
47, 70
47, 263
47, 71
47, 264
47, 72
47, 265
47, 137
47, 266
47, 138
47, 267
47, 139
47, 268
47, 140
47, 269
47, 141
47, 270
47, 142
47, 143
47, 144
47, 209
47, 210
47, 211
47, 83
47, 212
47, 84
47, 213
47, 85
47, 214
47, 86
47, 215
47, 87
47, 216
47, 88
47, 281
47, 89
47, 282
47, 90
47, 283
47, 155
47, 284
47, 156
47, 285
47, 157
47, 286
47, 158
47, 287
47, 159
47, 288
47, 160
47, 161
47, 162
47, 227
47, 228
47, 229
47, 101
47, 230
47, 102
47, 231
47, 103
47, 232
47, 104
47, 233
47, 105
47, 234
47, 106
47, 299
47, 107
47, 300
47, 108
47, 301
47, 173
47, 302
47, 174
47, 303
47, 175
47, 304
47, 176
47, 48
47, 305
47, 177
47, 49
47, 306
47, 178
47, 50
47, 179
47, 51
47, 180
47, 52
47, 245
47, 53
47, 246
47, 54
47, 247
47, 119
47, 248
47, 120
47, 249
47, 121
47, 250
47, 122
47, 251
47, 123
47, 252
47, 124
47, 317
47, 125
47, 318
47, 126
47, 319
47, 191
175, 320
175, 321
175, 193
175, 322
175, 194
175, 323
175, 195
175, 324
175, 196
175, 197
175, 198
175, 265
175, 266
175, 267
175, 268
175, 269
175, 270
175, 211
175, 212
175, 213
175, 214
175, 215
175, 216
175, 283
175, 284
175, 285
175, 286
175, 287
175, 288
175, 229
175, 230
175, 231
175, 232
175, 233
175, 234
175, 301
175, 302
175, 303
175, 304
175, 176
175, 305
175, 177
175, 306
175, 178
175, 179
175, 180
175, 247
175, 248
175, 249
175, 250
175, 251
175, 252
175, 319
304, 324
304, 323
304, 306
304, 322
304, 305
48, 320
48, 192
48, 321
48, 193
48, 322
48, 194
48, 66
48, 323
48, 195
48, 67
48, 324
48, 196
48, 68
48, 197
48, 69
48, 198
48, 70
48, 71
48, 264
48, 72
48, 265
48, 266
48, 138
48, 267
48, 139
48, 268
48, 140
48, 269
48, 141
48, 270
48, 142
48, 143
48, 144
48, 210
48, 211
48, 212
48, 84
48, 213
48, 85
48, 214
48, 86
48, 215
48, 87
48, 216
48, 88
48, 89
48, 282
48, 90
48, 283
48, 284
48, 156
48, 285
48, 157
48, 286
48, 158
48, 287
48, 159
48, 288
48, 160
48, 161
48, 162
48, 228
48, 229
48, 230
48, 102
48, 231
48, 103
48, 232
48, 104
48, 233
48, 105
48, 234
48, 106
48, 107
48, 300
48, 108
48, 301
48, 302
48, 174
48, 303
48, 175
48, 304
48, 176
48, 305
48, 177
48, 49
48, 306
48, 178
48, 50
48, 179
48, 51
48, 180
48, 52
48, 53
48, 246
48, 54
48, 247
48, 248
48, 120
48, 249
48, 121
48, 250
48, 122
48, 251
48, 123
48, 252
48, 124
48, 125
48, 318
48, 126
48, 319
176, 320
176, 321
176, 322
176, 194
176, 323
176, 195
176, 324
176, 196
176, 197
176, 198
176, 266
176, 267
176, 268
176, 269
176, 270
176, 212
176, 213
176, 214
176, 215
176, 216
176, 284
176, 285
176, 286
176, 287
176, 288
176, 230
176, 231
176, 232
176, 233
176, 234
176, 302
176, 303
176, 304
176, 305
176, 177
176, 306
176, 178
176, 179
176, 180
176, 248
176, 249
176, 250
176, 251
176, 252
305, 324
305, 323
305, 306
49, 320
49, 321
49, 193
49, 322
49, 194
49, 323
49, 195
49, 67
49, 324
49, 196
49, 68
49, 197
49, 69
49, 198
49, 70
49, 71
49, 72
49, 265
49, 266
49, 267
49, 139
49, 268
49, 140
49, 269
49, 141
49, 270
49, 142
49, 143
49, 144
49, 211
49, 212
49, 213
49, 85
49, 214
49, 86
49, 215
49, 87
49, 216
49, 88
49, 89
49, 90
49, 283
49, 284
49, 285
49, 157
49, 286
49, 158
49, 287
49, 159
49, 288
49, 160
49, 161
49, 162
49, 229
49, 230
49, 231
49, 103
49, 232
49, 104
49, 233
49, 105
49, 234
49, 106
49, 107
49, 108
49, 301
49, 302
49, 303
49, 175
49, 304
49, 176
49, 305
49, 177
49, 306
49, 178
49, 50
49, 179
49, 51
49, 180
49, 52
49, 53
49, 54
49, 247
49, 248
49, 249
49, 121
49, 250
49, 122
49, 251
49, 123
49, 252
49, 124
49, 125
49, 126
49, 319
177, 321
177, 322
177, 323
177, 195
177, 324
177, 196
177, 197
177, 198
177, 267
177, 268
177, 269
177, 270
177, 213
177, 214
177, 215
177, 216
177, 285
177, 286
177, 287
177, 288
177, 231
177, 232
177, 233
177, 234
177, 303
177, 304
177, 305
177, 306
177, 178
177, 179
177, 180
177, 249
177, 250
177, 251
177, 252
306, 324
50, 320
50, 321
50, 322
50, 194
50, 323
50, 195
50, 324
50, 196
50, 68
50, 197
50, 69
50, 198
50, 70
50, 71
50, 72
50, 266
50, 267
50, 268
50, 140
50, 269
50, 141
50, 270
50, 142
50, 143
50, 144
50, 212
50, 213
50, 214
50, 86
50, 215
50, 87
50, 216
50, 88
50, 89
50, 90
50, 284
50, 285
50, 286
50, 158
50, 287
50, 159
50, 288
50, 160
50, 161
50, 162
50, 230
50, 231
50, 232
50, 104
50, 233
50, 105
50, 234
50, 106
50, 107
50, 108
50, 302
50, 303
50, 304
50, 176
50, 305
50, 177
50, 306
50, 178
50, 179
50, 51
50, 180
50, 52
50, 53
50, 54
50, 248
50, 249
50, 250
50, 122
50, 251
50, 123
50, 252
50, 124
50, 125
50, 126
178, 322
178, 323
178, 324
178, 196
178, 197
178, 198
178, 268
178, 269
178, 270
178, 214
178, 215
178, 216
178, 286
178, 287
178, 288
178, 232
178, 233
178, 234
178, 304
178, 305
178, 306
178, 179
178, 180
178, 250
178, 251
178, 252
307, 320
307, 321
307, 322
307, 323
307, 324
307, 308
307, 309
307, 310
307, 311
307, 312
307, 313
307, 314
307, 315
307, 316
307, 317
307, 318
307, 319
51, 321
51, 322
51, 323
51, 195
51, 324
51, 196
51, 197
51, 69
51, 198
51, 70
51, 71
51, 72
51, 267
51, 268
51, 269
51, 141
51, 270
51, 142
51, 143
51, 144
51, 213
51, 214
51, 215
51, 87
51, 216
51, 88
51, 89
51, 90
51, 285
51, 286
51, 287
51, 159
51, 288
51, 160
51, 161
51, 162
51, 231
51, 232
51, 233
51, 105
51, 234
51, 106
51, 107
51, 108
51, 303
51, 304
51, 305
51, 177
51, 306
51, 178
51, 179
51, 180
51, 52
51, 53
51, 54
51, 249
51, 250
51, 251
51, 123
51, 252
51, 124
51, 125
51, 126
179, 323
179, 324
179, 197
179, 198
179, 269
179, 270
179, 215
179, 216
179, 287
179, 288
179, 233
179, 234
179, 305
179, 306
179, 180
179, 251
179, 252
180, 324
180, 306
180, 288
180, 270
180, 252
180, 234
180, 216
180, 198
308, 320
308, 321
308, 322
308, 323
308, 324
308, 309
308, 310
308, 311
308, 312
308, 313
308, 314
308, 315
308, 316
308, 317
308, 318
308, 319
52, 322
52, 323
52, 324
52, 196
52, 197
52, 198
52, 70
52, 71
52, 72
52, 268
52, 269
52, 270
52, 142
52, 143
52, 144
52, 214
52, 215
52, 216
52, 88
52, 89
52, 90
52, 286
52, 287
52, 288
52, 160
52, 161
52, 162
52, 232
52, 233
52, 234
52, 106
52, 107
52, 108
52, 304
52, 305
52, 306
52, 178
52, 179
52, 180
52, 53
52, 54
52, 250
52, 251
52, 252
52, 124
52, 125
52, 126
309, 320
309, 321
309, 322
309, 323
309, 324
309, 310
309, 311
309, 312
309, 313
309, 314
309, 315
309, 316
309, 317
309, 318
309, 319
53, 323
53, 324
53, 197
53, 198
53, 71
53, 72
53, 269
53, 270
53, 143
53, 144
53, 215
53, 216
53, 89
53, 90
53, 287
53, 288
53, 161
53, 162
53, 233
53, 234
53, 107
53, 108
53, 305
53, 306
53, 179
53, 180
53, 54
53, 251
53, 252
53, 125
53, 126
181, 320
181, 192
181, 256
181, 321
181, 193
181, 257
181, 322
181, 194
181, 258
181, 323
181, 195
181, 259
181, 324
181, 196
181, 260
181, 197
181, 261
181, 198
181, 262
181, 263
181, 199
181, 264
181, 200
181, 265
181, 201
181, 266
181, 202
181, 267
181, 203
181, 268
181, 204
181, 269
181, 205
181, 270
181, 206
181, 207
181, 271
181, 208
181, 272
181, 209
181, 273
181, 210
181, 274
181, 211
181, 275
181, 212
181, 276
181, 213
181, 277
181, 214
181, 278
181, 215
181, 279
181, 216
181, 280
181, 281
181, 217
181, 282
181, 218
181, 283
181, 219
181, 284
181, 220
181, 285
181, 221
181, 286
181, 222
181, 287
181, 223
181, 288
181, 224
181, 225
181, 289
181, 226
181, 290
181, 227
181, 291
181, 228
181, 292
181, 229
181, 293
181, 230
181, 294
181, 231
181, 295
181, 232
181, 296
181, 233
181, 297
181, 234
181, 298
181, 299
181, 235
181, 300
181, 236
181, 301
181, 237
181, 302
181, 238
181, 303
181, 239
181, 304
181, 240
181, 305
181, 241
181, 306
181, 242
181, 243
181, 307
181, 244
181, 308
181, 245
181, 309
181, 246
181, 310
181, 182
181, 247
181, 311
181, 183
181, 248
181, 312
181, 184
181, 249
181, 313
181, 185
181, 250
181, 314
181, 186
181, 251
181, 315
181, 187
181, 252
181, 316
181, 188
181, 317
181, 189
181, 253
181, 318
181, 190
181, 254
181, 319
181, 191
181, 255
54, 324
54, 198
54, 72
54, 270
54, 144
54, 216
54, 90
54, 288
54, 162
54, 234
54, 108
54, 306
54, 180
54, 252
54, 126
310, 320
310, 321
310, 322
310, 323
310, 324
310, 311
310, 312
310, 313
310, 314
310, 315
310, 316
310, 317
310, 318
310, 319
182, 320
182, 192
182, 256
182, 321
182, 193
182, 257
182, 322
182, 194
182, 258
182, 323
182, 195
182, 259
182, 324
182, 196
182, 260
182, 197
182, 261
182, 198
182, 262
182, 263
182, 264
182, 200
182, 265
182, 201
182, 266
182, 202
182, 267
182, 203
182, 268
182, 204
182, 269
182, 205
182, 270
182, 206
182, 207
182, 208
182, 272
182, 209
182, 273
182, 210
182, 274
182, 211
182, 275
182, 212
182, 276
182, 213
182, 277
182, 214
182, 278
182, 215
182, 279
182, 216
182, 280
182, 281
182, 282
182, 218
182, 283
182, 219
182, 284
182, 220
182, 285
182, 221
182, 286
182, 222
182, 287
182, 223
182, 288
182, 224
182, 225
182, 226
182, 290
182, 227
182, 291
182, 228
182, 292
182, 229
182, 293
182, 230
182, 294
182, 231
182, 295
182, 232
182, 296
182, 233
182, 297
182, 234
182, 298
182, 299
182, 300
182, 236
182, 301
182, 237
182, 302
182, 238
182, 303
182, 239
182, 304
182, 240
182, 305
182, 241
182, 306
182, 242
182, 243
182, 244
182, 308
182, 245
182, 309
182, 246
182, 310
182, 247
182, 311
182, 183
182, 248
182, 312
182, 184
182, 249
182, 313
182, 185
182, 250
182, 314
182, 186
182, 251
182, 315
182, 187
182, 252
182, 316
182, 188
182, 317
182, 189
182, 318
182, 190
182, 254
182, 319
182, 191
182, 255
311, 320
311, 321
311, 322
311, 323
311, 324
311, 312
311, 313
311, 314
311, 315
311, 316
311, 317
311, 318
311, 319
55, 128
55, 256
55, 129
55, 257
55, 130
55, 258
55, 131
55, 259
55, 132
55, 260
55, 133
55, 261
55, 134
55, 262
55, 135
55, 263
55, 136
55, 264
55, 265
55, 137
55, 266
55, 138
55, 267
55, 139
55, 268
55, 140
55, 269
55, 141
55, 270
55, 142
55, 271
55, 143
55, 272
55, 144
55, 145
55, 273
55, 146
55, 274
55, 147
55, 275
55, 148
55, 276
55, 149
55, 277
55, 150
55, 278
55, 151
55, 279
55, 152
55, 280
55, 153
55, 281
55, 282
55, 154
55, 283
55, 155
55, 284
55, 156
55, 285
55, 157
55, 286
55, 158
55, 287
55, 159
55, 288
55, 160
55, 289
55, 161
55, 290
55, 162
55, 163
55, 291
55, 164
55, 292
55, 165
55, 293
55, 166
55, 294
55, 167
55, 295
55, 168
55, 296
55, 169
55, 297
55, 170
55, 298
55, 299
55, 171
55, 300
55, 172
55, 301
55, 173
55, 302
55, 174
55, 303
55, 175
55, 304
55, 176
55, 305
55, 177
55, 306
55, 178
55, 307
55, 179
55, 308
55, 180
55, 181
55, 309
55, 182
55, 310
55, 183
55, 311
55, 56
55, 184
55, 312
55, 57
55, 185
55, 313
55, 58
55, 186
55, 314
55, 59
55, 187
55, 315
55, 316
55, 60
55, 188
55, 317
55, 61
55, 189
55, 318
55, 62
55, 190
55, 319
55, 63
55, 191
55, 320
55, 64
55, 192
55, 321
55, 65
55, 193
55, 322
55, 66
55, 194
55, 323
55, 67
55, 195
55, 324
55, 68
55, 196
55, 69
55, 197
55, 198
55, 70
55, 199
55, 71
55, 200
55, 72
55, 73
55, 201
55, 74
55, 202
55, 75
55, 203
55, 76
55, 204
55, 77
55, 205
55, 78
55, 206
55, 79
55, 207
55, 80
55, 208
55, 81
55, 209
55, 82
55, 210
55, 83
55, 211
55, 84
55, 212
55, 85
55, 213
55, 86
55, 214
55, 215
55, 87
55, 216
55, 88
55, 217
55, 89
55, 218
55, 90
55, 91
55, 219
55, 92
55, 220
55, 93
55, 221
55, 94
55, 222
55, 95
55, 223
55, 96
55, 224
55, 97
55, 225
55, 98
55, 226
55, 99
55, 227
55, 100
55, 228
55, 101
55, 229
55, 102
55, 230
55, 103
55, 231
55, 232
55, 104
55, 233
55, 105
55, 234
55, 106
55, 235
55, 107
55, 236
55, 108
55, 109
55, 237
55, 110
55, 238
55, 111
55, 239
55, 112
55, 240
55, 113
55, 241
55, 114
55, 242
55, 115
55, 243
55, 116
55, 244
55, 117
55, 245
55, 118
55, 246
55, 119
55, 247
55, 120
55, 248
55, 249
55, 121
55, 250
55, 122
55, 251
55, 123
55, 252
55, 124
55, 253
55, 125
55, 254
55, 126
55, 127
55, 255
183, 320
183, 192
183, 256
183, 321
183, 193
183, 257
183, 322
183, 194
183, 258
183, 323
183, 195
183, 259
183, 324
183, 196
183, 260
183, 197
183, 261
183, 198
183, 262
183, 263
183, 264
183, 265
183, 201
183, 266
183, 202
183, 267
183, 203
183, 268
183, 204
183, 269
183, 205
183, 270
183, 206
183, 207
183, 208
183, 209
183, 273
183, 210
183, 274
183, 211
183, 275
183, 212
183, 276
183, 213
183, 277
183, 214
183, 278
183, 215
183, 279
183, 216
183, 280
183, 281
183, 282
183, 283
183, 219
183, 284
183, 220
183, 285
183, 221
183, 286
183, 222
183, 287
183, 223
183, 288
183, 224
183, 225
183, 226
183, 227
183, 291
183, 228
183, 292
183, 229
183, 293
183, 230
183, 294
183, 231
183, 295
183, 232
183, 296
183, 233
183, 297
183, 234
183, 298
183, 299
183, 300
183, 301
183, 237
183, 302
183, 238
183, 303
183, 239
183, 304
183, 240
183, 305
183, 241
183, 306
183, 242
183, 243
183, 244
183, 245
183, 309
183, 246
183, 310
183, 247
183, 311
183, 248
183, 312
183, 184
183, 249
183, 313
183, 185
183, 250
183, 314
183, 186
183, 251
183, 315
183, 187
183, 252
183, 316
183, 188
183, 317
183, 189
183, 318
183, 190
183, 319
183, 191
183, 255
312, 320
312, 321
312, 322
312, 323
312, 324
312, 313
312, 314
312, 315
312, 316
312, 317
312, 318
312, 319
56, 128
56, 256
56, 129
56, 257
56, 130
56, 258
56, 131
56, 259
56, 132
56, 260
56, 133
56, 261
56, 134
56, 262
56, 135
56, 263
56, 136
56, 264
56, 137
56, 265
56, 266
56, 138
56, 267
56, 139
56, 268
56, 140
56, 269
56, 141
56, 270
56, 142
56, 143
56, 272
56, 144
56, 273
56, 146
56, 274
56, 147
56, 275
56, 148
56, 276
56, 149
56, 277
56, 150
56, 278
56, 151
56, 279
56, 152
56, 280
56, 153
56, 281
56, 154
56, 282
56, 283
56, 155
56, 284
56, 156
56, 285
56, 157
56, 286
56, 158
56, 287
56, 159
56, 288
56, 160
56, 161
56, 290
56, 162
56, 291
56, 164
56, 292
56, 165
56, 293
56, 166
56, 294
56, 167
56, 295
56, 168
56, 296
56, 169
56, 297
56, 170
56, 298
56, 171
56, 299
56, 300
56, 172
56, 301
56, 173
56, 302
56, 174
56, 303
56, 175
56, 304
56, 176
56, 305
56, 177
56, 306
56, 178
56, 179
56, 308
56, 180
56, 309
56, 182
56, 310
56, 183
56, 311
56, 184
56, 312
56, 57
56, 185
56, 313
56, 58
56, 186
56, 314
56, 59
56, 187
56, 315
56, 60
56, 188
56, 316
56, 317
56, 61
56, 189
56, 318
56, 62
56, 190
56, 319
56, 63
56, 191
56, 320
56, 64
56, 192
56, 321
56, 65
56, 193
56, 322
56, 66
56, 194
56, 323
56, 67
56, 195
56, 324
56, 68
56, 196
56, 69
56, 197
56, 70
56, 198
56, 71
56, 200
56, 72
56, 201
56, 74
56, 202
56, 75
56, 203
56, 76
56, 204
56, 77
56, 205
56, 78
56, 206
56, 79
56, 207
56, 80
56, 208
56, 81
56, 209
56, 82
56, 210
56, 83
56, 211
56, 84
56, 212
56, 85
56, 213
56, 86
56, 214
56, 87
56, 215
56, 216
56, 88
56, 89
56, 218
56, 90
56, 219
56, 92
56, 220
56, 93
56, 221
56, 94
56, 222
56, 95
56, 223
56, 96
56, 224
56, 97
56, 225
56, 98
56, 226
56, 99
56, 227
56, 100
56, 228
56, 101
56, 229
56, 102
56, 230
56, 103
56, 231
56, 104
56, 232
56, 233
56, 105
56, 234
56, 106
56, 107
56, 236
56, 108
56, 237
56, 110
56, 238
56, 111
56, 239
56, 112
56, 240
56, 113
56, 241
56, 114
56, 242
56, 115
56, 243
56, 116
56, 244
56, 117
56, 245
56, 118
56, 246
56, 119
56, 247
56, 120
56, 248
56, 121
56, 249
56, 250
56, 122
56, 251
56, 123
56, 252
56, 124
56, 125
56, 254
56, 126
56, 255
184, 320
184, 192
184, 256
184, 321
184, 193
184, 257
184, 322
184, 194
184, 258
184, 323
184, 195
184, 259
184, 324
184, 196
184, 260
184, 197
184, 261
184, 198
184, 262
184, 263
184, 264
184, 265
184, 266
184, 202
184, 267
184, 203
184, 268
184, 204
184, 269
184, 205
184, 270
184, 206
184, 207
184, 208
184, 209
184, 210
184, 274
184, 211
184, 275
184, 212
184, 276
184, 213
184, 277
184, 214
184, 278
184, 215
184, 279
184, 216
184, 280
184, 281
184, 282
184, 283
184, 284
184, 220
184, 285
184, 221
184, 286
184, 222
184, 287
184, 223
184, 288
184, 224
184, 225
184, 226
184, 227
184, 228
184, 292
184, 229
184, 293
184, 230
184, 294
184, 231
184, 295
184, 232
184, 296
184, 233
184, 297
184, 234
184, 298
184, 299
184, 300
184, 301
184, 302
184, 238
184, 303
184, 239
184, 304
184, 240
184, 305
184, 241
184, 306
184, 242
184, 243
184, 244
184, 245
184, 246
184, 310
184, 247
184, 311
184, 248
184, 312
184, 249
184, 313
184, 185
184, 250
184, 314
184, 186
184, 251
184, 315
184, 187
184, 252
184, 316
184, 188
184, 317
184, 189
184, 318
184, 190
184, 319
184, 191
313, 320
313, 321
313, 322
313, 323
313, 324
313, 314
313, 315
313, 316
313, 317
313, 318
313, 319
57, 256
57, 129
57, 257
57, 130
57, 258
57, 131
57, 259
57, 132
57, 260
57, 133
57, 261
57, 134
57, 262
57, 135
57, 263
57, 136
57, 264
57, 137
57, 265
57, 138
57, 266
57, 267
57, 139
57, 268
57, 140
57, 269
57, 141
57, 270
57, 142
57, 143
57, 144
57, 273
57, 274
57, 147
57, 275
57, 148
57, 276
57, 149
57, 277
57, 150
57, 278
57, 151
57, 279
57, 152
57, 280
57, 153
57, 281
57, 154
57, 282
57, 155
57, 283
57, 284
57, 156
57, 285
57, 157
57, 286
57, 158
57, 287
57, 159
57, 288
57, 160
57, 161
57, 162
57, 291
57, 292
57, 165
57, 293
57, 166
57, 294
57, 167
57, 295
57, 168
57, 296
57, 169
57, 297
57, 170
57, 298
57, 171
57, 299
57, 172
57, 300
57, 301
57, 173
57, 302
57, 174
57, 303
57, 175
57, 304
57, 176
57, 305
57, 177
57, 306
57, 178
57, 179
57, 180
57, 309
57, 310
57, 183
57, 311
57, 184
57, 312
57, 185
57, 313
57, 58
57, 186
57, 314
57, 59
57, 187
57, 315
57, 60
57, 188
57, 316
57, 61
57, 189
57, 317
57, 318
57, 62
57, 190
57, 319
57, 63
57, 191
57, 320
57, 64
57, 192
57, 321
57, 65
57, 193
57, 322
57, 66
57, 194
57, 323
57, 67
57, 195
57, 324
57, 68
57, 196
57, 69
57, 197
57, 70
57, 198
57, 71
57, 72
57, 201
57, 202
57, 75
57, 203
57, 76
57, 204
57, 77
57, 205
57, 78
57, 206
57, 79
57, 207
57, 80
57, 208
57, 81
57, 209
57, 82
57, 210
57, 83
57, 211
57, 84
57, 212
57, 85
57, 213
57, 86
57, 214
57, 87
57, 215
57, 88
57, 216
57, 89
57, 90
57, 219
57, 220
57, 93
57, 221
57, 94
57, 222
57, 95
57, 223
57, 96
57, 224
57, 97
57, 225
57, 98
57, 226
57, 99
57, 227
57, 100
57, 228
57, 101
57, 229
57, 102
57, 230
57, 103
57, 231
57, 104
57, 232
57, 105
57, 233
57, 234
57, 106
57, 107
57, 108
57, 237
57, 238
57, 111
57, 239
57, 112
57, 240
57, 113
57, 241
57, 114
57, 242
57, 115
57, 243
57, 116
57, 244
57, 117
57, 245
57, 118
57, 246
57, 119
57, 247
57, 120
57, 248
57, 121
57, 249
57, 122
57, 250
57, 251
57, 123
57, 252
57, 124
57, 125
57, 126
57, 255
185, 320
185, 192
185, 321
185, 193
185, 257
185, 322
185, 194
185, 258
185, 323
185, 195
185, 259
185, 324
185, 196
185, 260
185, 197
185, 261
185, 198
185, 262
185, 263
185, 264
185, 265
185, 266
185, 267
185, 203
185, 268
185, 204
185, 269
185, 205
185, 270
185, 206
185, 207
185, 208
185, 209
185, 210
185, 211
185, 275
185, 212
185, 276
185, 213
185, 277
185, 214
185, 278
185, 215
185, 279
185, 216
185, 280
185, 281
185, 282
185, 283
185, 284
185, 285
185, 221
185, 286
185, 222
185, 287
185, 223
185, 288
185, 224
185, 225
185, 226
185, 227
185, 228
185, 229
185, 293
185, 230
185, 294
185, 231
185, 295
185, 232
185, 296
185, 233
185, 297
185, 234
185, 298
185, 299
185, 300
185, 301
185, 302
185, 303
185, 239
185, 304
185, 240
185, 305
185, 241
185, 306
185, 242
185, 243
185, 244
185, 245
185, 246
185, 247
185, 311
185, 248
185, 312
185, 249
185, 313
185, 250
185, 314
185, 186
185, 251
185, 315
185, 187
185, 252
185, 316
185, 188
185, 317
185, 189
185, 318
185, 190
185, 319
185, 191
314, 320
314, 321
314, 322
314, 323
314, 324
314, 315
314, 316
314, 317
314, 318
314, 319
58, 256
58, 257
58, 130
58, 258
58, 131
58, 259
58, 132
58, 260
58, 133
58, 261
58, 134
58, 262
58, 135
58, 263
58, 136
58, 264
58, 137
58, 265
58, 138
58, 266
58, 139
58, 267
58, 268
58, 140
58, 269
58, 141
58, 270
58, 142
58, 143
58, 144
58, 274
58, 275
58, 148
58, 276
58, 149
58, 277
58, 150
58, 278
58, 151
58, 279
58, 152
58, 280
58, 153
58, 281
58, 154
58, 282
58, 155
58, 283
58, 156
58, 284
58, 285
58, 157
58, 286
58, 158
58, 287
58, 159
58, 288
58, 160
58, 161
58, 162
58, 292
58, 293
58, 166
58, 294
58, 167
58, 295
58, 168
58, 296
58, 169
58, 297
58, 170
58, 298
58, 171
58, 299
58, 172
58, 300
58, 173
58, 301
58, 302
58, 174
58, 303
58, 175
58, 304
58, 176
58, 305
58, 177
58, 306
58, 178
58, 179
58, 180
58, 310
58, 311
58, 184
58, 312
58, 185
58, 313
58, 186
58, 314
58, 59
58, 187
58, 315
58, 60
58, 188
58, 316
58, 61
58, 189
58, 317
58, 62
58, 190
58, 318
58, 319
58, 63
58, 191
58, 320
58, 64
58, 192
58, 321
58, 65
58, 193
58, 322
58, 66
58, 194
58, 323
58, 67
58, 195
58, 324
58, 68
58, 196
58, 69
58, 197
58, 70
58, 198
58, 71
58, 72
58, 202
58, 203
58, 76
58, 204
58, 77
58, 205
58, 78
58, 206
58, 79
58, 207
58, 80
58, 208
58, 81
58, 209
58, 82
58, 210
58, 83
58, 211
58, 84
58, 212
58, 85
58, 213
58, 86
58, 214
58, 87
58, 215
58, 88
58, 216
58, 89
58, 90
58, 220
58, 221
58, 94
58, 222
58, 95
58, 223
58, 96
58, 224
58, 97
58, 225
58, 98
58, 226
58, 99
58, 227
58, 100
58, 228
58, 101
58, 229
58, 102
58, 230
58, 103
58, 231
58, 104
58, 232
58, 105
58, 233
58, 106
58, 234
58, 107
58, 108
58, 238
58, 239
58, 112
58, 240
58, 113
58, 241
58, 114
58, 242
58, 115
58, 243
58, 116
58, 244
58, 117
58, 245
58, 118
58, 246
58, 119
58, 247
58, 120
58, 248
58, 121
58, 249
58, 122
58, 250
58, 123
58, 251
58, 252
58, 124
58, 125
58, 126
186, 320
186, 192
186, 321
186, 193
186, 322
186, 194
186, 258
186, 323
186, 195
186, 259
186, 324
186, 196
186, 260
186, 197
186, 261
186, 198
186, 262
186, 263
186, 264
186, 265
186, 266
186, 267
186, 268
186, 204
186, 269
186, 205
186, 270
186, 206
186, 207
186, 208
186, 209
186, 210
186, 211
186, 212
186, 276
186, 213
186, 277
186, 214
186, 278
186, 215
186, 279
186, 216
186, 280
186, 281
186, 282
186, 283
186, 284
186, 285
186, 286
186, 222
186, 287
186, 223
186, 288
186, 224
186, 225
186, 226
186, 227
186, 228
186, 229
186, 230
186, 294
186, 231
186, 295
186, 232
186, 296
186, 233
186, 297
186, 234
186, 298
186, 299
186, 300
186, 301
186, 302
186, 303
186, 304
186, 240
186, 305
186, 241
186, 306
186, 242
186, 243
186, 244
186, 245
186, 246
186, 247
186, 248
186, 312
186, 249
186, 313
186, 250
186, 314
186, 251
186, 315
186, 187
186, 252
186, 316
186, 188
186, 317
186, 189
186, 318
186, 190
186, 319
186, 191
315, 320
315, 321
315, 322
315, 323
315, 324
315, 316
315, 317
315, 318
315, 319
59, 257
59, 258
59, 131
59, 259
59, 132
59, 260
59, 133
59, 261
59, 134
59, 262
59, 135
59, 263
59, 136
59, 264
59, 137
59, 265
59, 138
59, 266
59, 139
59, 267
59, 140
59, 268
59, 269
59, 141
59, 270
59, 142
59, 143
59, 144
59, 275
59, 276
59, 149
59, 277
59, 150
59, 278
59, 151
59, 279
59, 152
59, 280
59, 153
59, 281
59, 154
59, 282
59, 155
59, 283
59, 156
59, 284
59, 157
59, 285
59, 286
59, 158
59, 287
59, 159
59, 288
59, 160
59, 161
59, 162
59, 293
59, 294
59, 167
59, 295
59, 168
59, 296
59, 169
59, 297
59, 170
59, 298
59, 171
59, 299
59, 172
59, 300
59, 173
59, 301
59, 174
59, 302
59, 303
59, 175
59, 304
59, 176
59, 305
59, 177
59, 306
59, 178
59, 179
59, 180
59, 311
59, 312
59, 185
59, 313
59, 186
59, 314
59, 187
59, 315
59, 60
59, 188
59, 316
59, 61
59, 189
59, 317
59, 62
59, 190
59, 318
59, 63
59, 191
59, 319
59, 320
59, 64
59, 192
59, 321
59, 65
59, 193
59, 322
59, 66
59, 194
59, 323
59, 67
59, 195
59, 324
59, 68
59, 196
59, 69
59, 197
59, 70
59, 198
59, 71
59, 72
59, 203
59, 204
59, 77
59, 205
59, 78
59, 206
59, 79
59, 207
59, 80
59, 208
59, 81
59, 209
59, 82
59, 210
59, 83
59, 211
59, 84
59, 212
59, 85
59, 213
59, 86
59, 214
59, 87
59, 215
59, 88
59, 216
59, 89
59, 90
59, 221
59, 222
59, 95
59, 223
59, 96
59, 224
59, 97
59, 225
59, 98
59, 226
59, 99
59, 227
59, 100
59, 228
59, 101
59, 229
59, 102
59, 230
59, 103
59, 231
59, 104
59, 232
59, 105
59, 233
59, 106
59, 234
59, 107
59, 108
59, 239
59, 240
59, 113
59, 241
59, 114
59, 242
59, 115
59, 243
59, 116
59, 244
59, 117
59, 245
59, 118
59, 246
59, 119
59, 247
59, 120
59, 248
59, 121
59, 249
59, 122
59, 250
59, 123
59, 251
59, 124
59, 252
59, 125
59, 126
187, 320
187, 192
187, 321
187, 193
187, 322
187, 194
187, 323
187, 195
187, 259
187, 324
187, 196
187, 260
187, 197
187, 261
187, 198
187, 262
187, 263
187, 264
187, 265
187, 266
187, 267
187, 268
187, 269
187, 205
187, 270
187, 206
187, 207
187, 208
187, 209
187, 210
187, 211
187, 212
187, 213
187, 277
187, 214
187, 278
187, 215
187, 279
187, 216
187, 280
187, 281
187, 282
187, 283
187, 284
187, 285
187, 286
187, 287
187, 223
187, 288
187, 224
187, 225
187, 226
187, 227
187, 228
187, 229
187, 230
187, 231
187, 295
187, 232
187, 296
187, 233
187, 297
187, 234
187, 298
187, 299
187, 300
187, 301
187, 302
187, 303
187, 304
187, 305
187, 241
187, 306
187, 242
187, 243
187, 244
187, 245
187, 246
187, 247
187, 248
187, 249
187, 313
187, 250
187, 314
187, 251
187, 315
187, 252
187, 316
187, 188
187, 317
187, 189
187, 318
187, 190
187, 319
187, 191
316, 324
316, 323
316, 322
316, 321
316, 320
316, 319
316, 318
316, 317
60, 258
60, 259
60, 132
60, 260
60, 133
60, 261
60, 134
60, 262
60, 135
60, 263
60, 136
60, 264
60, 137
60, 265
60, 138
60, 266
60, 139
60, 267
60, 140
60, 268
60, 141
60, 269
60, 142
60, 270
60, 143
60, 144
60, 276
60, 277
60, 150
60, 278
60, 151
60, 279
60, 152
60, 280
60, 153
60, 281
60, 154
60, 282
60, 155
60, 283
60, 156
60, 284
60, 157
60, 285
60, 158
60, 286
60, 159
60, 287
60, 160
60, 288
60, 161
60, 162
60, 294
60, 295
60, 168
60, 296
60, 169
60, 297
60, 170
60, 298
60, 171
60, 299
60, 172
60, 300
60, 173
60, 301
60, 174
60, 302
60, 175
60, 303
60, 176
60, 304
60, 177
60, 305
60, 178
60, 306
60, 179
60, 180
60, 312
60, 313
60, 186
60, 314
60, 187
60, 315
60, 188
60, 316
60, 61
60, 189
60, 317
60, 62
60, 190
60, 318
60, 63
60, 191
60, 319
60, 64
60, 192
60, 320
60, 65
60, 193
60, 321
60, 66
60, 194
60, 322
60, 67
60, 195
60, 323
60, 68
60, 196
60, 324
60, 69
60, 197
60, 70
60, 198
60, 71
60, 72
60, 204
60, 205
60, 78
60, 206
60, 79
60, 207
60, 80
60, 208
60, 81
60, 209
60, 82
60, 210
60, 83
60, 211
60, 84
60, 212
60, 85
60, 213
60, 86
60, 214
60, 87
60, 215
60, 88
60, 216
60, 89
60, 90
60, 222
60, 223
60, 96
60, 224
60, 97
60, 225
60, 98
60, 226
60, 99
60, 227
60, 100
60, 228
60, 101
60, 229
60, 102
60, 230
60, 103
60, 231
60, 104
60, 232
60, 105
60, 233
60, 106
60, 234
60, 107
60, 108
60, 240
60, 241
60, 114
60, 242
60, 115
60, 243
60, 116
60, 244
60, 117
60, 245
60, 118
60, 246
60, 119
60, 247
60, 120
60, 248
60, 121
60, 249
60, 122
60, 250
60, 123
60, 251
60, 124
60, 252
60, 125
60, 126
188, 320
188, 192
188, 321
188, 193
188, 322
188, 194
188, 323
188, 195
188, 324
188, 196
188, 260
188, 197
188, 261
188, 198
188, 262
188, 263
188, 264
188, 265
188, 266
188, 267
188, 268
188, 269
188, 270
188, 206
188, 207
188, 208
188, 209
188, 210
188, 211
188, 212
188, 213
188, 214
188, 278
188, 215
188, 279
188, 216
188, 280
188, 281
188, 282
188, 283
188, 284
188, 285
188, 286
188, 287
188, 288
188, 224
188, 225
188, 226
188, 227
188, 228
188, 229
188, 230
188, 231
188, 232
188, 296
188, 233
188, 297
188, 234
188, 298
188, 299
188, 300
188, 301
188, 302
188, 303
188, 304
188, 305
188, 306
188, 242
188, 243
188, 244
188, 245
188, 246
188, 247
188, 248
188, 249
188, 250
188, 314
188, 251
188, 315
188, 252
188, 316
188, 317
188, 189
188, 318
188, 190
188, 319
188, 191
317, 324
317, 323
317, 322
317, 321
317, 320
317, 319
317, 318
61, 320
61, 192
61, 64
61, 321
61, 193
61, 65
61, 322
61, 194
61, 66
61, 323
61, 195
61, 259
61, 67
61, 324
61, 196
61, 260
61, 68
61, 197
61, 261
61, 69
61, 133
61, 198
61, 262
61, 70
61, 134
61, 263
61, 71
61, 135
61, 264
61, 72
61, 136
61, 265
61, 137
61, 266
61, 138
61, 267
61, 139
61, 268
61, 140
61, 269
61, 141
61, 205
61, 270
61, 142
61, 206
61, 143
61, 207
61, 79
61, 144
61, 208
61, 80
61, 209
61, 81
61, 210
61, 82
61, 211
61, 83
61, 212
61, 84
61, 213
61, 277
61, 85
61, 214
61, 278
61, 86
61, 215
61, 279
61, 87
61, 151
61, 216
61, 280
61, 88
61, 152
61, 281
61, 89
61, 153
61, 282
61, 90
61, 154
61, 283
61, 155
61, 284
61, 156
61, 285
61, 157
61, 286
61, 158
61, 287
61, 159
61, 223
61, 288
61, 160
61, 224
61, 161
61, 225
61, 97
61, 162
61, 226
61, 98
61, 227
61, 99
61, 228
61, 100
61, 229
61, 101
61, 230
61, 102
61, 231
61, 295
61, 103
61, 232
61, 296
61, 104
61, 233
61, 297
61, 105
61, 169
61, 234
61, 298
61, 106
61, 170
61, 299
61, 107
61, 171
61, 300
61, 108
61, 172
61, 301
61, 173
61, 302
61, 174
61, 303
61, 175
61, 304
61, 176
61, 305
61, 177
61, 241
61, 306
61, 178
61, 242
61, 179
61, 243
61, 115
61, 180
61, 244
61, 116
61, 245
61, 117
61, 246
61, 118
61, 247
61, 119
61, 248
61, 120
61, 249
61, 313
61, 121
61, 250
61, 314
61, 122
61, 251
61, 315
61, 123
61, 187
61, 252
61, 316
61, 124
61, 188
61, 317
61, 125
61, 189
61, 318
61, 126
61, 190
61, 62
61, 319
61, 191
61, 63
189, 320
189, 192
189, 321
189, 193
189, 322
189, 194
189, 323
189, 195
189, 324
189, 196
189, 197
189, 261
189, 198
189, 262
189, 263
189, 264
189, 265
189, 266
189, 267
189, 268
189, 269
189, 270
189, 207
189, 208
189, 209
189, 210
189, 211
189, 212
189, 213
189, 214
189, 215
189, 279
189, 216
189, 280
189, 281
189, 282
189, 283
189, 284
189, 285
189, 286
189, 287
189, 288
189, 225
189, 226
189, 227
189, 228
189, 229
189, 230
189, 231
189, 232
189, 233
189, 297
189, 234
189, 298
189, 299
189, 300
189, 301
189, 302
189, 303
189, 304
189, 305
189, 306
189, 243
189, 244
189, 245
189, 246
189, 247
189, 248
189, 249
189, 250
189, 251
189, 315
189, 252
189, 316
189, 317
189, 318
189, 190
189, 319
189, 191
318, 324
318, 323
318, 322
318, 321
318, 320
318, 319
62, 320
62, 192
62, 64
62, 321
62, 193
62, 65
62, 322
62, 194
62, 66
62, 323
62, 195
62, 67
62, 324
62, 196
62, 260
62, 68
62, 197
62, 261
62, 69
62, 198
62, 262
62, 70
62, 134
62, 263
62, 71
62, 135
62, 264
62, 72
62, 136
62, 265
62, 137
62, 266
62, 138
62, 267
62, 139
62, 268
62, 140
62, 269
62, 141
62, 270
62, 142
62, 206
62, 143
62, 207
62, 144
62, 208
62, 80
62, 209
62, 81
62, 210
62, 82
62, 211
62, 83
62, 212
62, 84
62, 213
62, 85
62, 214
62, 278
62, 86
62, 215
62, 279
62, 87
62, 216
62, 280
62, 88
62, 152
62, 281
62, 89
62, 153
62, 282
62, 90
62, 154
62, 283
62, 155
62, 284
62, 156
62, 285
62, 157
62, 286
62, 158
62, 287
62, 159
62, 288
62, 160
62, 224
62, 161
62, 225
62, 162
62, 226
62, 98
62, 227
62, 99
62, 228
62, 100
62, 229
62, 101
62, 230
62, 102
62, 231
62, 103
62, 232
62, 296
62, 104
62, 233
62, 297
62, 105
62, 234
62, 298
62, 106
62, 170
62, 299
62, 107
62, 171
62, 300
62, 108
62, 172
62, 301
62, 173
62, 302
62, 174
62, 303
62, 175
62, 304
62, 176
62, 305
62, 177
62, 306
62, 178
62, 242
62, 179
62, 243
62, 180
62, 244
62, 116
62, 245
62, 117
62, 246
62, 118
62, 247
62, 119
62, 248
62, 120
62, 249
62, 121
62, 250
62, 314
62, 122
62, 251
62, 315
62, 123
62, 252
62, 316
62, 124
62, 188
62, 317
62, 125
62, 189
62, 318
62, 126
62, 190
62, 319
62, 191
62, 63
190, 320
190, 192
190, 321
190, 193
190, 322
190, 194
190, 323
190, 195
190, 324
190, 196
190, 197
190, 198
190, 262
190, 263
190, 264
190, 265
190, 266
190, 267
190, 268
190, 269
190, 270
190, 208
190, 209
190, 210
190, 211
190, 212
190, 213
190, 214
190, 215
190, 216
190, 280
190, 281
190, 282
190, 283
190, 284
190, 285
190, 286
190, 287
190, 288
190, 226
190, 227
190, 228
190, 229
190, 230
190, 231
190, 232
190, 233
190, 234
190, 298
190, 299
190, 300
190, 301
190, 302
190, 303
190, 304
190, 305
190, 306
190, 244
190, 245
190, 246
190, 247
190, 248
190, 249
190, 250
190, 251
190, 252
190, 316
190, 317
190, 318
190, 319
190, 191
319, 324
319, 323
319, 322
319, 321
319, 320
63, 320
63, 192
63, 64
63, 321
63, 193
63, 65
63, 322
63, 194
63, 66
63, 323
63, 195
63, 67
63, 324
63, 196
63, 68
63, 197
63, 261
63, 69
63, 198
63, 262
63, 70
63, 263
63, 71
63, 135
63, 264
63, 72
63, 136
63, 265
63, 137
63, 266
63, 138
63, 267
63, 139
63, 268
63, 140
63, 269
63, 141
63, 270
63, 142
63, 143
63, 207
63, 144
63, 208
63, 209
63, 81
63, 210
63, 82
63, 211
63, 83
63, 212
63, 84
63, 213
63, 85
63, 214
63, 86
63, 215
63, 279
63, 87
63, 216
63, 280
63, 88
63, 281
63, 89
63, 153
63, 282
63, 90
63, 154
63, 283
63, 155
63, 284
63, 156
63, 285
63, 157
63, 286
63, 158
63, 287
63, 159
63, 288
63, 160
63, 161
63, 225
63, 162
63, 226
63, 227
63, 99
63, 228
63, 100
63, 229
63, 101
63, 230
63, 102
63, 231
63, 103
63, 232
63, 104
63, 233
63, 297
63, 105
63, 234
63, 298
63, 106
63, 299
63, 107
63, 171
63, 300
63, 108
63, 172
63, 301
63, 173
63, 302
63, 174
63, 303
63, 175
63, 304
63, 176
63, 305
63, 177
63, 306
63, 178
63, 179
63, 243
63, 180
63, 244
63, 245
63, 117
63, 246
63, 118
63, 247
63, 119
63, 248
63, 120
63, 249
63, 121
63, 250
63, 122
63, 251
63, 315
63, 123
63, 252
63, 316
63, 124
63, 317
63, 125
63, 189
63, 318
63, 126
63, 190
63, 319
63, 191
191, 320
191, 192
191, 321
191, 193
191, 322
191, 194
191, 323
191, 195
191, 324
191, 196
191, 197
191, 198
191, 263
191, 264
191, 265
191, 266
191, 267
191, 268
191, 269
191, 270
191, 209
191, 210
191, 211
191, 212
191, 213
191, 214
191, 215
191, 216
191, 281
191, 282
191, 283
191, 284
191, 285
191, 286
191, 287
191, 288
191, 227
191, 228
191, 229
191, 230
191, 231
191, 232
191, 233
191, 234
191, 299
191, 300
191, 301
191, 302
191, 303
191, 304
191, 305
191, 306
191, 245
191, 246
191, 247
191, 248
191, 249
191, 250
191, 251
191, 252
191, 317
191, 318
191, 319
320, 324
320, 323
320, 322
320, 321
64, 320
64, 192
64, 321
64, 193
64, 65
64, 322
64, 194
64, 66
64, 323
64, 195
64, 67
64, 324
64, 196
64, 68
64, 197
64, 69
64, 198
64, 262
64, 70
64, 263
64, 71
64, 264
64, 72
64, 136
64, 265
64, 137
64, 266
64, 138
64, 267
64, 139
64, 268
64, 140
64, 269
64, 141
64, 270
64, 142
64, 143
64, 144
64, 208
64, 209
64, 210
64, 82
64, 211
64, 83
64, 212
64, 84
64, 213
64, 85
64, 214
64, 86
64, 215
64, 87
64, 216
64, 280
64, 88
64, 281
64, 89
64, 282
64, 90
64, 154
64, 283
64, 155
64, 284
64, 156
64, 285
64, 157
64, 286
64, 158
64, 287
64, 159
64, 288
64, 160
64, 161
64, 162
64, 226
64, 227
64, 228
64, 100
64, 229
64, 101
64, 230
64, 102
64, 231
64, 103
64, 232
64, 104
64, 233
64, 105
64, 234
64, 298
64, 106
64, 299
64, 107
64, 300
64, 108
64, 172
64, 301
64, 173
64, 302
64, 174
64, 303
64, 175
64, 304
64, 176
64, 305
64, 177
64, 306
64, 178
64, 179
64, 180
64, 244
64, 245
64, 246
64, 118
64, 247
64, 119
64, 248
64, 120
64, 249
64, 121
64, 250
64, 122
64, 251
64, 123
64, 252
64, 316
64, 124
64, 317
64, 125
64, 318
64, 126
64, 190
64, 319
64, 191
192, 320
192, 321
192, 193
192, 322
192, 194
192, 323
192, 195
192, 324
192, 196
192, 197
192, 198
192, 264
192, 265
192, 266
192, 267
192, 268
192, 269
192, 270
192, 210
192, 211
192, 212
192, 213
192, 214
192, 215
192, 216
192, 282
192, 283
192, 284
192, 285
192, 286
192, 287
192, 288
192, 228
192, 229
192, 230
192, 231
192, 232
192, 233
192, 234
192, 300
192, 301
192, 302
192, 303
192, 304
192, 305
192, 306
192, 246
192, 247
192, 248
192, 249
192, 250
192, 251
192, 252
192, 318
192, 319
321, 324
321, 323
321, 322
65, 320
65, 192
65, 321
65, 193
65, 322
65, 194
65, 66
65, 323
65, 195
65, 67
65, 324
65, 196
65, 68
65, 197
65, 69
65, 198
65, 70
65, 263
65, 71
65, 264
65, 72
65, 265
65, 137
65, 266
65, 138
65, 267
65, 139
65, 268
65, 140
65, 269
65, 141
65, 270
65, 142
65, 143
65, 144
65, 209
65, 210
65, 211
65, 83
65, 212
65, 84
65, 213
65, 85
65, 214
65, 86
65, 215
65, 87
65, 216
65, 88
65, 281
65, 89
65, 282
65, 90
65, 283
65, 155
65, 284
65, 156
65, 285
65, 157
65, 286
65, 158
65, 287
65, 159
65, 288
65, 160
65, 161
65, 162
65, 227
65, 228
65, 229
65, 101
65, 230
65, 102
65, 231
65, 103
65, 232
65, 104
65, 233
65, 105
65, 234
65, 106
65, 299
65, 107
65, 300
65, 108
65, 301
65, 173
65, 302
65, 174
65, 303
65, 175
65, 304
65, 176
65, 305
65, 177
65, 306
65, 178
65, 179
65, 180
65, 245
65, 246
65, 247
65, 119
65, 248
65, 120
65, 249
65, 121
65, 250
65, 122
65, 251
65, 123
65, 252
65, 124
65, 317
65, 125
65, 318
65, 126
65, 319
65, 191
193, 320
193, 321
193, 322
193, 194
193, 323
193, 195
193, 324
193, 196
193, 197
193, 198
193, 265
193, 266
193, 267
193, 268
193, 269
193, 270
193, 211
193, 212
193, 213
193, 214
193, 215
193, 216
193, 283
193, 284
193, 285
193, 286
193, 287
193, 288
193, 229
193, 230
193, 231
193, 232
193, 233
193, 234
193, 301
193, 302
193, 303
193, 304
193, 305
193, 306
193, 247
193, 248
193, 249
193, 250
193, 251
193, 252
193, 319
322, 324
322, 323
66, 320
66, 192
66, 321
66, 193
66, 322
66, 194
66, 323
66, 195
66, 67
66, 324
66, 196
66, 68
66, 197
66, 69
66, 198
66, 70
66, 71
66, 264
66, 72
66, 265
66, 266
66, 138
66, 267
66, 139
66, 268
66, 140
66, 269
66, 141
66, 270
66, 142
66, 143
66, 144
66, 210
66, 211
66, 212
66, 84
66, 213
66, 85
66, 214
66, 86
66, 215
66, 87
66, 216
66, 88
66, 89
66, 282
66, 90
66, 283
66, 284
66, 156
66, 285
66, 157
66, 286
66, 158
66, 287
66, 159
66, 288
66, 160
66, 161
66, 162
66, 228
66, 229
66, 230
66, 102
66, 231
66, 103
66, 232
66, 104
66, 233
66, 105
66, 234
66, 106
66, 107
66, 300
66, 108
66, 301
66, 302
66, 174
66, 303
66, 175
66, 304
66, 176
66, 305
66, 177
66, 306
66, 178
66, 179
66, 180
66, 246
66, 247
66, 248
66, 120
66, 249
66, 121
66, 250
66, 122
66, 251
66, 123
66, 252
66, 124
66, 125
66, 318
66, 126
66, 319
194, 320
194, 321
194, 322
194, 323
194, 195
194, 324
194, 196
194, 197
194, 198
194, 266
194, 267
194, 268
194, 269
194, 270
194, 212
194, 213
194, 214
194, 215
194, 216
194, 284
194, 285
194, 286
194, 287
194, 288
194, 230
194, 231
194, 232
194, 233
194, 234
194, 302
194, 303
194, 304
194, 305
194, 306
194, 248
194, 249
194, 250
194, 251
194, 252
323, 324
67, 320
67, 321
67, 193
67, 322
67, 194
67, 323
67, 195
67, 324
67, 196
67, 68
67, 197
67, 69
67, 198
67, 70
67, 71
67, 72
67, 265
67, 266
67, 267
67, 139
67, 268
67, 140
67, 269
67, 141
67, 270
67, 142
67, 143
67, 144
67, 211
67, 212
67, 213
67, 85
67, 214
67, 86
67, 215
67, 87
67, 216
67, 88
67, 89
67, 90
67, 283
67, 284
67, 285
67, 157
67, 286
67, 158
67, 287
67, 159
67, 288
67, 160
67, 161
67, 162
67, 229
67, 230
67, 231
67, 103
67, 232
67, 104
67, 233
67, 105
67, 234
67, 106
67, 107
67, 108
67, 301
67, 302
67, 303
67, 175
67, 304
67, 176
67, 305
67, 177
67, 306
67, 178
67, 179
67, 180
67, 247
67, 248
67, 249
67, 121
67, 250
67, 122
67, 251
67, 123
67, 252
67, 124
67, 125
67, 126
67, 319
195, 321
195, 322
195, 323
195, 324
195, 196
195, 197
195, 198
195, 267
195, 268
195, 269
195, 270
195, 213
195, 214
195, 215
195, 216
195, 285
195, 286
195, 287
195, 288
195, 231
195, 232
195, 233
195, 234
195, 303
195, 304
195, 305
195, 306
195, 249
195, 250
195, 251
195, 252
68, 320
68, 321
68, 322
68, 194
68, 323
68, 195
68, 324
68, 196
68, 197
68, 69
68, 198
68, 70
68, 71
68, 72
68, 266
68, 267
68, 268
68, 140
68, 269
68, 141
68, 270
68, 142
68, 143
68, 144
68, 212
68, 213
68, 214
68, 86
68, 215
68, 87
68, 216
68, 88
68, 89
68, 90
68, 284
68, 285
68, 286
68, 158
68, 287
68, 159
68, 288
68, 160
68, 161
68, 162
68, 230
68, 231
68, 232
68, 104
68, 233
68, 105
68, 234
68, 106
68, 107
68, 108
68, 302
68, 303
68, 304
68, 176
68, 305
68, 177
68, 306
68, 178
68, 179
68, 180
68, 248
68, 249
68, 250
68, 122
68, 251
68, 123
68, 252
68, 124
68, 125
68, 126
196, 322
196, 323
196, 324
196, 197
196, 198
196, 268
196, 269
196, 270
196, 214
196, 215
196, 216
196, 286
196, 287
196, 288
196, 232
196, 233
196, 234
196, 304
196, 305
196, 306
196, 250
196, 251
196, 252
69, 321
69, 322
69, 323
69, 195
69, 324
69, 196
69, 197
69, 198
69, 70
69, 71
69, 72
69, 267
69, 268
69, 269
69, 141
69, 270
69, 142
69, 143
69, 144
69, 213
69, 214
69, 215
69, 87
69, 216
69, 88
69, 89
69, 90
69, 285
69, 286
69, 287
69, 159
69, 288
69, 160
69, 161
69, 162
69, 231
69, 232
69, 233
69, 105
69, 234
69, 106
69, 107
69, 108
69, 303
69, 304
69, 305
69, 177
69, 306
69, 178
69, 179
69, 180
69, 249
69, 250
69, 251
69, 123
69, 252
69, 124
69, 125
69, 126
197, 323
197, 324
197, 198
197, 269
197, 270
197, 215
197, 216
197, 287
197, 288
197, 233
197, 234
197, 305
197, 306
197, 251
197, 252
198, 324
198, 306
198, 288
198, 270
198, 252
198, 234
198, 216
70, 322
70, 323
70, 324
70, 196
70, 197
70, 198
70, 71
70, 72
70, 268
70, 269
70, 270
70, 142
70, 143
70, 144
70, 214
70, 215
70, 216
70, 88
70, 89
70, 90
70, 286
70, 287
70, 288
70, 160
70, 161
70, 162
70, 232
70, 233
70, 234
70, 106
70, 107
70, 108
70, 304
70, 305
70, 306
70, 178
70, 179
70, 180
70, 250
70, 251
70, 252
70, 124
70, 125
70, 126
71, 323
71, 324
71, 197
71, 198
71, 72
71, 269
71, 270
71, 143
71, 144
71, 215
71, 216
71, 89
71, 90
71, 287
71, 288
71, 161
71, 162
71, 233
71, 234
71, 107
71, 108
71, 305
71, 306
71, 179
71, 180
71, 251
71, 252
71, 125
71, 126
199, 320
199, 256
199, 321
199, 257
199, 322
199, 258
199, 323
199, 259
199, 324
199, 260
199, 261
199, 262
199, 263
199, 264
199, 200
199, 265
199, 201
199, 266
199, 202
199, 267
199, 203
199, 268
199, 204
199, 269
199, 205
199, 270
199, 206
199, 207
199, 271
199, 208
199, 272
199, 209
199, 273
199, 210
199, 274
199, 211
199, 275
199, 212
199, 276
199, 213
199, 277
199, 214
199, 278
199, 215
199, 279
199, 216
199, 280
199, 281
199, 217
199, 282
199, 218
199, 283
199, 219
199, 284
199, 220
199, 285
199, 221
199, 286
199, 222
199, 287
199, 223
199, 288
199, 224
199, 225
199, 289
199, 226
199, 290
199, 227
199, 291
199, 228
199, 292
199, 229
199, 293
199, 230
199, 294
199, 231
199, 295
199, 232
199, 296
199, 233
199, 297
199, 234
199, 298
199, 299
199, 235
199, 300
199, 236
199, 301
199, 237
199, 302
199, 238
199, 303
199, 239
199, 304
199, 240
199, 305
199, 241
199, 306
199, 242
199, 243
199, 307
199, 244
199, 308
199, 245
199, 309
199, 246
199, 310
199, 247
199, 311
199, 248
199, 312
199, 249
199, 313
199, 250
199, 314
199, 251
199, 315
199, 252
199, 316
199, 317
199, 253
199, 318
199, 254
199, 319
199, 255
72, 324
72, 198
72, 270
72, 144
72, 216
72, 90
72, 288
72, 162
72, 234
72, 108
72, 306
72, 180
72, 252
72, 126
200, 320
200, 256
200, 321
200, 257
200, 322
200, 258
200, 323
200, 259
200, 324
200, 260
200, 261
200, 262
200, 263
200, 264
200, 265
200, 201
200, 266
200, 202
200, 267
200, 203
200, 268
200, 204
200, 269
200, 205
200, 270
200, 206
200, 207
200, 208
200, 272
200, 209
200, 273
200, 210
200, 274
200, 211
200, 275
200, 212
200, 276
200, 213
200, 277
200, 214
200, 278
200, 215
200, 279
200, 216
200, 280
200, 281
200, 282
200, 218
200, 283
200, 219
200, 284
200, 220
200, 285
200, 221
200, 286
200, 222
200, 287
200, 223
200, 288
200, 224
200, 225
200, 226
200, 290
200, 227
200, 291
200, 228
200, 292
200, 229
200, 293
200, 230
200, 294
200, 231
200, 295
200, 232
200, 296
200, 233
200, 297
200, 234
200, 298
200, 299
200, 300
200, 236
200, 301
200, 237
200, 302
200, 238
200, 303
200, 239
200, 304
200, 240
200, 305
200, 241
200, 306
200, 242
200, 243
200, 244
200, 308
200, 245
200, 309
200, 246
200, 310
200, 247
200, 311
200, 248
200, 312
200, 249
200, 313
200, 250
200, 314
200, 251
200, 315
200, 252
200, 316
200, 317
200, 318
200, 254
200, 319
200, 255
73, 320
73, 192
73, 256
73, 128
73, 321
73, 193
73, 257
73, 129
73, 322
73, 194
73, 258
73, 130
73, 323
73, 195
73, 259
73, 131
73, 324
73, 196
73, 260
73, 132
73, 197
73, 261
73, 133
73, 198
73, 262
73, 134
73, 263
73, 135
73, 199
73, 264
73, 136
73, 200
73, 265
73, 137
73, 201
73, 266
73, 138
73, 202
73, 74
73, 267
73, 139
73, 203
73, 75
73, 268
73, 140
73, 204
73, 76
73, 269
73, 141
73, 205
73, 77
73, 270
73, 142
73, 206
73, 78
73, 143
73, 207
73, 271
73, 79
73, 144
73, 208
73, 272
73, 80
73, 209
73, 273
73, 81
73, 145
73, 210
73, 274
73, 82
73, 146
73, 211
73, 275
73, 83
73, 147
73, 212
73, 276
73, 84
73, 148
73, 213
73, 277
73, 85
73, 149
73, 214
73, 278
73, 86
73, 150
73, 215
73, 279
73, 87
73, 151
73, 216
73, 280
73, 88
73, 152
73, 281
73, 89
73, 153
73, 217
73, 282
73, 90
73, 154
73, 218
73, 283
73, 155
73, 219
73, 91
73, 284
73, 156
73, 220
73, 92
73, 285
73, 157
73, 221
73, 93
73, 286
73, 158
73, 222
73, 94
73, 287
73, 159
73, 223
73, 95
73, 288
73, 160
73, 224
73, 96
73, 161
73, 225
73, 289
73, 97
73, 162
73, 226
73, 290
73, 98
73, 227
73, 291
73, 99
73, 163
73, 228
73, 292
73, 100
73, 164
73, 229
73, 293
73, 101
73, 165
73, 230
73, 294
73, 102
73, 166
73, 231
73, 295
73, 103
73, 167
73, 232
73, 296
73, 104
73, 168
73, 233
73, 297
73, 105
73, 169
73, 234
73, 298
73, 106
73, 170
73, 299
73, 107
73, 171
73, 235
73, 300
73, 108
73, 172
73, 236
73, 301
73, 173
73, 237
73, 109
73, 302
73, 174
73, 238
73, 110
73, 303
73, 175
73, 239
73, 111
73, 304
73, 176
73, 240
73, 112
73, 305
73, 177
73, 241
73, 113
73, 306
73, 178
73, 242
73, 114
73, 179
73, 243
73, 307
73, 115
73, 180
73, 244
73, 308
73, 116
73, 245
73, 309
73, 117
73, 181
73, 246
73, 310
73, 118
73, 182
73, 247
73, 311
73, 119
73, 183
73, 248
73, 312
73, 120
73, 184
73, 249
73, 313
73, 121
73, 185
73, 250
73, 314
73, 122
73, 186
73, 251
73, 315
73, 123
73, 187
73, 252
73, 316
73, 124
73, 188
73, 317
73, 125
73, 189
73, 253
73, 318
73, 126
73, 190
73, 254
73, 319
73, 191
73, 255
73, 127
201, 320
201, 256
201, 321
201, 257
201, 322
201, 258
201, 323
201, 259
201, 324
201, 260
201, 261
201, 262
201, 263
201, 264
201, 265
201, 266
201, 202
201, 267
201, 203
201, 268
201, 204
201, 269
201, 205
201, 270
201, 206
201, 207
201, 208
201, 209
201, 273
201, 210
201, 274
201, 211
201, 275
201, 212
201, 276
201, 213
201, 277
201, 214
201, 278
201, 215
201, 279
201, 216
201, 280
201, 281
201, 282
201, 283
201, 219
201, 284
201, 220
201, 285
201, 221
201, 286
201, 222
201, 287
201, 223
201, 288
201, 224
201, 225
201, 226
201, 227
201, 291
201, 228
201, 292
201, 229
201, 293
201, 230
201, 294
201, 231
201, 295
201, 232
201, 296
201, 233
201, 297
201, 234
201, 298
201, 299
201, 300
201, 301
201, 237
201, 302
201, 238
201, 303
201, 239
201, 304
201, 240
201, 305
201, 241
201, 306
201, 242
201, 243
201, 244
201, 245
201, 309
201, 246
201, 310
201, 247
201, 311
201, 248
201, 312
201, 249
201, 313
201, 250
201, 314
201, 251
201, 315
201, 252
201, 316
201, 317
201, 318
201, 319
201, 255
74, 320
74, 192
74, 256
74, 128
74, 321
74, 193
74, 257
74, 129
74, 322
74, 194
74, 258
74, 130
74, 323
74, 195
74, 259
74, 131
74, 324
74, 196
74, 260
74, 132
74, 197
74, 261
74, 133
74, 198
74, 262
74, 134
74, 263
74, 135
74, 264
74, 136
74, 200
74, 265
74, 137
74, 201
74, 266
74, 138
74, 202
74, 267
74, 139
74, 203
74, 75
74, 268
74, 140
74, 204
74, 76
74, 269
74, 141
74, 205
74, 77
74, 270
74, 142
74, 206
74, 78
74, 143
74, 207
74, 79
74, 144
74, 208
74, 272
74, 80
74, 209
74, 273
74, 81
74, 210
74, 274
74, 82
74, 146
74, 211
74, 275
74, 83
74, 147
74, 212
74, 276
74, 84
74, 148
74, 213
74, 277
74, 85
74, 149
74, 214
74, 278
74, 86
74, 150
74, 215
74, 279
74, 87
74, 151
74, 216
74, 280
74, 88
74, 152
74, 281
74, 89
74, 153
74, 282
74, 90
74, 154
74, 218
74, 283
74, 155
74, 219
74, 284
74, 156
74, 220
74, 92
74, 285
74, 157
74, 221
74, 93
74, 286
74, 158
74, 222
74, 94
74, 287
74, 159
74, 223
74, 95
74, 288
74, 160
74, 224
74, 96
74, 161
74, 225
74, 97
74, 162
74, 226
74, 290
74, 98
74, 227
74, 291
74, 99
74, 228
74, 292
74, 100
74, 164
74, 229
74, 293
74, 101
74, 165
74, 230
74, 294
74, 102
74, 166
74, 231
74, 295
74, 103
74, 167
74, 232
74, 296
74, 104
74, 168
74, 233
74, 297
74, 105
74, 169
74, 234
74, 298
74, 106
74, 170
74, 299
74, 107
74, 171
74, 300
74, 108
74, 172
74, 236
74, 301
74, 173
74, 237
74, 302
74, 174
74, 238
74, 110
74, 303
74, 175
74, 239
74, 111
74, 304
74, 176
74, 240
74, 112
74, 305
74, 177
74, 241
74, 113
74, 306
74, 178
74, 242
74, 114
74, 179
74, 243
74, 115
74, 180
74, 244
74, 308
74, 116
74, 245
74, 309
74, 117
74, 246
74, 310
74, 118
74, 182
74, 247
74, 311
74, 119
74, 183
74, 248
74, 312
74, 120
74, 184
74, 249
74, 313
74, 121
74, 185
74, 250
74, 314
74, 122
74, 186
74, 251
74, 315
74, 123
74, 187
74, 252
74, 316
74, 124
74, 188
74, 317
74, 125
74, 189
74, 318
74, 126
74, 190
74, 254
74, 319
74, 191
74, 255
202, 320
202, 256
202, 321
202, 257
202, 322
202, 258
202, 323
202, 259
202, 324
202, 260
202, 261
202, 262
202, 263
202, 264
202, 265
202, 266
202, 267
202, 203
202, 268
202, 204
202, 269
202, 205
202, 270
202, 206
202, 207
202, 208
202, 209
202, 210
202, 274
202, 211
202, 275
202, 212
202, 276
202, 213
202, 277
202, 214
202, 278
202, 215
202, 279
202, 216
202, 280
202, 281
202, 282
202, 283
202, 284
202, 220
202, 285
202, 221
202, 286
202, 222
202, 287
202, 223
202, 288
202, 224
202, 225
202, 226
202, 227
202, 228
202, 292
202, 229
202, 293
202, 230
202, 294
202, 231
202, 295
202, 232
202, 296
202, 233
202, 297
202, 234
202, 298
202, 299
202, 300
202, 301
202, 302
202, 238
202, 303
202, 239
202, 304
202, 240
202, 305
202, 241
202, 306
202, 242
202, 243
202, 244
202, 245
202, 246
202, 310
202, 247
202, 311
202, 248
202, 312
202, 249
202, 313
202, 250
202, 314
202, 251
202, 315
202, 252
202, 316
202, 317
202, 318
202, 319
75, 320
75, 192
75, 256
75, 321
75, 193
75, 257
75, 129
75, 322
75, 194
75, 258
75, 130
75, 323
75, 195
75, 259
75, 131
75, 324
75, 196
75, 260
75, 132
75, 197
75, 261
75, 133
75, 198
75, 262
75, 134
75, 263
75, 135
75, 264
75, 136
75, 265
75, 137
75, 201
75, 266
75, 138
75, 202
75, 267
75, 139
75, 203
75, 268
75, 140
75, 204
75, 76
75, 269
75, 141
75, 205
75, 77
75, 270
75, 142
75, 206
75, 78
75, 143
75, 207
75, 79
75, 144
75, 208
75, 80
75, 209
75, 273
75, 81
75, 210
75, 274
75, 82
75, 211
75, 275
75, 83
75, 147
75, 212
75, 276
75, 84
75, 148
75, 213
75, 277
75, 85
75, 149
75, 214
75, 278
75, 86
75, 150
75, 215
75, 279
75, 87
75, 151
75, 216
75, 280
75, 88
75, 152
75, 281
75, 89
75, 153
75, 282
75, 90
75, 154
75, 283
75, 155
75, 219
75, 284
75, 156
75, 220
75, 285
75, 157
75, 221
75, 93
75, 286
75, 158
75, 222
75, 94
75, 287
75, 159
75, 223
75, 95
75, 288
75, 160
75, 224
75, 96
75, 161
75, 225
75, 97
75, 162
75, 226
75, 98
75, 227
75, 291
75, 99
75, 228
75, 292
75, 100
75, 229
75, 293
75, 101
75, 165
75, 230
75, 294
75, 102
75, 166
75, 231
75, 295
75, 103
75, 167
75, 232
75, 296
75, 104
75, 168
75, 233
75, 297
75, 105
75, 169
75, 234
75, 298
75, 106
75, 170
75, 299
75, 107
75, 171
75, 300
75, 108
75, 172
75, 301
75, 173
75, 237
75, 302
75, 174
75, 238
75, 303
75, 175
75, 239
75, 111
75, 304
75, 176
75, 240
75, 112
75, 305
75, 177
75, 241
75, 113
75, 306
75, 178
75, 242
75, 114
75, 179
75, 243
75, 115
75, 180
75, 244
75, 116
75, 245
75, 309
75, 117
75, 246
75, 310
75, 118
75, 247
75, 311
75, 119
75, 183
75, 248
75, 312
75, 120
75, 184
75, 249
75, 313
75, 121
75, 185
75, 250
75, 314
75, 122
75, 186
75, 251
75, 315
75, 123
75, 187
75, 252
75, 316
75, 124
75, 188
75, 317
75, 125
75, 189
75, 318
75, 126
75, 190
75, 319
75, 191
75, 255
203, 320
203, 321
203, 257
203, 322
203, 258
203, 323
203, 259
203, 324
203, 260
203, 261
203, 262
203, 263
203, 264
203, 265
203, 266
203, 267
203, 268
203, 204
203, 269
203, 205
203, 270
203, 206
203, 207
203, 208
203, 209
203, 210
203, 211
203, 275
203, 212
203, 276
203, 213
203, 277
203, 214
203, 278
203, 215
203, 279
203, 216
203, 280
203, 281
203, 282
203, 283
203, 284
203, 285
203, 221
203, 286
203, 222
203, 287
203, 223
203, 288
203, 224
203, 225
203, 226
203, 227
203, 228
203, 229
203, 293
203, 230
203, 294
203, 231
203, 295
203, 232
203, 296
203, 233
203, 297
203, 234
203, 298
203, 299
203, 300
203, 301
203, 302
203, 303
203, 239
203, 304
203, 240
203, 305
203, 241
203, 306
203, 242
203, 243
203, 244
203, 245
203, 246
203, 247
203, 311
203, 248
203, 312
203, 249
203, 313
203, 250
203, 314
203, 251
203, 315
203, 252
203, 316
203, 317
203, 318
203, 319
76, 320
76, 192
76, 256
76, 321
76, 193
76, 257
76, 322
76, 194
76, 258
76, 130
76, 323
76, 195
76, 259
76, 131
76, 324
76, 196
76, 260
76, 132
76, 197
76, 261
76, 133
76, 198
76, 262
76, 134
76, 263
76, 135
76, 264
76, 136
76, 265
76, 137
76, 266
76, 138
76, 202
76, 267
76, 139
76, 203
76, 268
76, 140
76, 204
76, 269
76, 141
76, 205
76, 77
76, 270
76, 142
76, 206
76, 78
76, 143
76, 207
76, 79
76, 144
76, 208
76, 80
76, 209
76, 81
76, 210
76, 274
76, 82
76, 211
76, 275
76, 83
76, 212
76, 276
76, 84
76, 148
76, 213
76, 277
76, 85
76, 149
76, 214
76, 278
76, 86
76, 150
76, 215
76, 279
76, 87
76, 151
76, 216
76, 280
76, 88
76, 152
76, 281
76, 89
76, 153
76, 282
76, 90
76, 154
76, 283
76, 155
76, 284
76, 156
76, 220
76, 285
76, 157
76, 221
76, 286
76, 158
76, 222
76, 94
76, 287
76, 159
76, 223
76, 95
76, 288
76, 160
76, 224
76, 96
76, 161
76, 225
76, 97
76, 162
76, 226
76, 98
76, 227
76, 99
76, 228
76, 292
76, 100
76, 229
76, 293
76, 101
76, 230
76, 294
76, 102
76, 166
76, 231
76, 295
76, 103
76, 167
76, 232
76, 296
76, 104
76, 168
76, 233
76, 297
76, 105
76, 169
76, 234
76, 298
76, 106
76, 170
76, 299
76, 107
76, 171
76, 300
76, 108
76, 172
76, 301
76, 173
76, 302
76, 174
76, 238
76, 303
76, 175
76, 239
76, 304
76, 176
76, 240
76, 112
76, 305
76, 177
76, 241
76, 113
76, 306
76, 178
76, 242
76, 114
76, 179
76, 243
76, 115
76, 180
76, 244
76, 116
76, 245
76, 117
76, 246
76, 310
76, 118
76, 247
76, 311
76, 119
76, 248
76, 312
76, 120
76, 184
76, 249
76, 313
76, 121
76, 185
76, 250
76, 314
76, 122
76, 186
76, 251
76, 315
76, 123
76, 187
76, 252
76, 316
76, 124
76, 188
76, 317
76, 125
76, 189
76, 318
76, 126
76, 190
76, 319
76, 191
204, 320
204, 321
204, 322
204, 258
204, 323
204, 259
204, 324
204, 260
204, 261
204, 262
204, 263
204, 264
204, 265
204, 266
204, 267
204, 268
204, 269
204, 205
204, 270
204, 206
204, 207
204, 208
204, 209
204, 210
204, 211
204, 212
204, 276
204, 213
204, 277
204, 214
204, 278
204, 215
204, 279
204, 216
204, 280
204, 281
204, 282
204, 283
204, 284
204, 285
204, 286
204, 222
204, 287
204, 223
204, 288
204, 224
204, 225
204, 226
204, 227
204, 228
204, 229
204, 230
204, 294
204, 231
204, 295
204, 232
204, 296
204, 233
204, 297
204, 234
204, 298
204, 299
204, 300
204, 301
204, 302
204, 303
204, 304
204, 240
204, 305
204, 241
204, 306
204, 242
204, 243
204, 244
204, 245
204, 246
204, 247
204, 248
204, 312
204, 249
204, 313
204, 250
204, 314
204, 251
204, 315
204, 252
204, 316
204, 317
204, 318
204, 319
77, 320
77, 192
77, 321
77, 193
77, 257
77, 322
77, 194
77, 258
77, 323
77, 195
77, 259
77, 131
77, 324
77, 196
77, 260
77, 132
77, 197
77, 261
77, 133
77, 198
77, 262
77, 134
77, 263
77, 135
77, 264
77, 136
77, 265
77, 137
77, 266
77, 138
77, 267
77, 139
77, 203
77, 268
77, 140
77, 204
77, 269
77, 141
77, 205
77, 270
77, 142
77, 206
77, 78
77, 143
77, 207
77, 79
77, 144
77, 208
77, 80
77, 209
77, 81
77, 210
77, 82
77, 211
77, 275
77, 83
77, 212
77, 276
77, 84
77, 213
77, 277
77, 85
77, 149
77, 214
77, 278
77, 86
77, 150
77, 215
77, 279
77, 87
77, 151
77, 216
77, 280
77, 88
77, 152
77, 281
77, 89
77, 153
77, 282
77, 90
77, 154
77, 283
77, 155
77, 284
77, 156
77, 285
77, 157
77, 221
77, 286
77, 158
77, 222
77, 287
77, 159
77, 223
77, 95
77, 288
77, 160
77, 224
77, 96
77, 161
77, 225
77, 97
77, 162
77, 226
77, 98
77, 227
77, 99
77, 228
77, 100
77, 229
77, 293
77, 101
77, 230
77, 294
77, 102
77, 231
77, 295
77, 103
77, 167
77, 232
77, 296
77, 104
77, 168
77, 233
77, 297
77, 105
77, 169
77, 234
77, 298
77, 106
77, 170
77, 299
77, 107
77, 171
77, 300
77, 108
77, 172
77, 301
77, 173
77, 302
77, 174
77, 303
77, 175
77, 239
77, 304
77, 176
77, 240
77, 305
77, 177
77, 241
77, 113
77, 306
77, 178
77, 242
77, 114
77, 179
77, 243
77, 115
77, 180
77, 244
77, 116
77, 245
77, 117
77, 246
77, 118
77, 247
77, 311
77, 119
77, 248
77, 312
77, 120
77, 249
77, 313
77, 121
77, 185
77, 250
77, 314
77, 122
77, 186
77, 251
77, 315
77, 123
77, 187
77, 252
77, 316
77, 124
77, 188
77, 317
77, 125
77, 189
77, 318
77, 126
77, 190
77, 319
77, 191
205, 320
205, 321
205, 322
205, 323
205, 259
205, 324
205, 260
205, 261
205, 262
205, 263
205, 264
205, 265
205, 266
205, 267
205, 268
205, 269
205, 270
205, 206
205, 207
205, 208
205, 209
205, 210
205, 211
205, 212
205, 213
205, 277
205, 214
205, 278
205, 215
205, 279
205, 216
205, 280
205, 281
205, 282
205, 283
205, 284
205, 285
205, 286
205, 287
205, 223
205, 288
205, 224
205, 225
205, 226
205, 227
205, 228
205, 229
205, 230
205, 231
205, 295
205, 232
205, 296
205, 233
205, 297
205, 234
205, 298
205, 299
205, 300
205, 301
205, 302
205, 303
205, 304
205, 305
205, 241
205, 306
205, 242
205, 243
205, 244
205, 245
205, 246
205, 247
205, 248
205, 249
205, 313
205, 250
205, 314
205, 251
205, 315
205, 252
205, 316
205, 317
205, 318
205, 319
78, 320
78, 192
78, 321
78, 193
78, 322
78, 194
78, 258
78, 323
78, 195
78, 259
78, 324
78, 196
78, 260
78, 132
78, 197
78, 261
78, 133
78, 198
78, 262
78, 134
78, 263
78, 135
78, 264
78, 136
78, 265
78, 137
78, 266
78, 138
78, 267
78, 139
78, 268
78, 140
78, 204
78, 269
78, 141
78, 205
78, 270
78, 142
78, 206
78, 143
78, 207
78, 79
78, 144
78, 208
78, 80
78, 209
78, 81
78, 210
78, 82
78, 211
78, 83
78, 212
78, 276
78, 84
78, 213
78, 277
78, 85
78, 214
78, 278
78, 86
78, 150
78, 215
78, 279
78, 87
78, 151
78, 216
78, 280
78, 88
78, 152
78, 281
78, 89
78, 153
78, 282
78, 90
78, 154
78, 283
78, 155
78, 284
78, 156
78, 285
78, 157
78, 286
78, 158
78, 222
78, 287
78, 159
78, 223
78, 288
78, 160
78, 224
78, 96
78, 161
78, 225
78, 97
78, 162
78, 226
78, 98
78, 227
78, 99
78, 228
78, 100
78, 229
78, 101
78, 230
78, 294
78, 102
78, 231
78, 295
78, 103
78, 232
78, 296
78, 104
78, 168
78, 233
78, 297
78, 105
78, 169
78, 234
78, 298
78, 106
78, 170
78, 299
78, 107
78, 171
78, 300
78, 108
78, 172
78, 301
78, 173
78, 302
78, 174
78, 303
78, 175
78, 304
78, 176
78, 240
78, 305
78, 177
78, 241
78, 306
78, 178
78, 242
78, 114
78, 179
78, 243
78, 115
78, 180
78, 244
78, 116
78, 245
78, 117
78, 246
78, 118
78, 247
78, 119
78, 248
78, 312
78, 120
78, 249
78, 313
78, 121
78, 250
78, 314
78, 122
78, 186
78, 251
78, 315
78, 123
78, 187
78, 252
78, 316
78, 124
78, 188
78, 317
78, 125
78, 189
78, 318
78, 126
78, 190
78, 319
78, 191
206, 320
206, 321
206, 322
206, 323
206, 324
206, 260
206, 261
206, 262
206, 263
206, 264
206, 265
206, 266
206, 267
206, 268
206, 269
206, 270
206, 207
206, 208
206, 209
206, 210
206, 211
206, 212
206, 213
206, 214
206, 278
206, 215
206, 279
206, 216
206, 280
206, 281
206, 282
206, 283
206, 284
206, 285
206, 286
206, 287
206, 288
206, 224
206, 225
206, 226
206, 227
206, 228
206, 229
206, 230
206, 231
206, 232
206, 296
206, 233
206, 297
206, 234
206, 298
206, 299
206, 300
206, 301
206, 302
206, 303
206, 304
206, 305
206, 306
206, 242
206, 243
206, 244
206, 245
206, 246
206, 247
206, 248
206, 249
206, 250
206, 314
206, 251
206, 315
206, 252
206, 316
206, 317
206, 318
206, 319
79, 320
79, 192
79, 321
79, 193
79, 322
79, 194
79, 323
79, 195
79, 259
79, 324
79, 196
79, 260
79, 197
79, 261
79, 133
79, 198
79, 262
79, 134
79, 263
79, 135
79, 264
79, 136
79, 265
79, 137
79, 266
79, 138
79, 267
79, 139
79, 268
79, 140
79, 269
79, 141
79, 205
79, 270
79, 142
79, 206
79, 143
79, 207
79, 144
79, 208
79, 80
79, 209
79, 81
79, 210
79, 82
79, 211
79, 83
79, 212
79, 84
79, 213
79, 277
79, 85
79, 214
79, 278
79, 86
79, 215
79, 279
79, 87
79, 151
79, 216
79, 280
79, 88
79, 152
79, 281
79, 89
79, 153
79, 282
79, 90
79, 154
79, 283
79, 155
79, 284
79, 156
79, 285
79, 157
79, 286
79, 158
79, 287
79, 159
79, 223
79, 288
79, 160
79, 224
79, 161
79, 225
79, 97
79, 162
79, 226
79, 98
79, 227
79, 99
79, 228
79, 100
79, 229
79, 101
79, 230
79, 102
79, 231
79, 295
79, 103
79, 232
79, 296
79, 104
79, 233
79, 297
79, 105
79, 169
79, 234
79, 298
79, 106
79, 170
79, 299
79, 107
79, 171
79, 300
79, 108
79, 172
79, 301
79, 173
79, 302
79, 174
79, 303
79, 175
79, 304
79, 176
79, 305
79, 177
79, 241
79, 306
79, 178
79, 242
79, 179
79, 243
79, 115
79, 180
79, 244
79, 116
79, 245
79, 117
79, 246
79, 118
79, 247
79, 119
79, 248
79, 120
79, 249
79, 313
79, 121
79, 250
79, 314
79, 122
79, 251
79, 315
79, 123
79, 187
79, 252
79, 316
79, 124
79, 188
79, 317
79, 125
79, 189
79, 318
79, 126
79, 190
79, 319
79, 191
207, 320
207, 321
207, 322
207, 323
207, 324
207, 261
207, 262
207, 263
207, 264
207, 265
207, 266
207, 267
207, 268
207, 269
207, 270
207, 208
207, 209
207, 210
207, 211
207, 212
207, 213
207, 214
207, 215
207, 279
207, 216
207, 280
207, 281
207, 282
207, 283
207, 284
207, 285
207, 286
207, 287
207, 288
207, 225
207, 226
207, 227
207, 228
207, 229
207, 230
207, 231
207, 232
207, 233
207, 297
207, 234
207, 298
207, 299
207, 300
207, 301
207, 302
207, 303
207, 304
207, 305
207, 306
207, 243
207, 244
207, 245
207, 246
207, 247
207, 248
207, 249
207, 250
207, 251
207, 315
207, 252
207, 316
207, 317
207, 318
207, 319
80, 320
80, 192
80, 321
80, 193
80, 322
80, 194
80, 323
80, 195
80, 324
80, 196
80, 260
80, 197
80, 261
80, 198
80, 262
80, 134
80, 263
80, 135
80, 264
80, 136
80, 265
80, 137
80, 266
80, 138
80, 267
80, 139
80, 268
80, 140
80, 269
80, 141
80, 270
80, 142
80, 206
80, 143
80, 207
80, 144
80, 208
80, 209
80, 81
80, 210
80, 82
80, 211
80, 83
80, 212
80, 84
80, 213
80, 85
80, 214
80, 278
80, 86
80, 215
80, 279
80, 87
80, 216
80, 280
80, 88
80, 152
80, 281
80, 89
80, 153
80, 282
80, 90
80, 154
80, 283
80, 155
80, 284
80, 156
80, 285
80, 157
80, 286
80, 158
80, 287
80, 159
80, 288
80, 160
80, 224
80, 161
80, 225
80, 162
80, 226
80, 98
80, 227
80, 99
80, 228
80, 100
80, 229
80, 101
80, 230
80, 102
80, 231
80, 103
80, 232
80, 296
80, 104
80, 233
80, 297
80, 105
80, 234
80, 298
80, 106
80, 170
80, 299
80, 107
80, 171
80, 300
80, 108
80, 172
80, 301
80, 173
80, 302
80, 174
80, 303
80, 175
80, 304
80, 176
80, 305
80, 177
80, 306
80, 178
80, 242
80, 179
80, 243
80, 180
80, 244
80, 116
80, 245
80, 117
80, 246
80, 118
80, 247
80, 119
80, 248
80, 120
80, 249
80, 121
80, 250
80, 314
80, 122
80, 251
80, 315
80, 123
80, 252
80, 316
80, 124
80, 188
80, 317
80, 125
80, 189
80, 318
80, 126
80, 190
80, 319
80, 191
208, 320
208, 321
208, 322
208, 323
208, 324
208, 262
208, 263
208, 264
208, 265
208, 266
208, 267
208, 268
208, 269
208, 270
208, 209
208, 210
208, 211
208, 212
208, 213
208, 214
208, 215
208, 216
208, 280
208, 281
208, 282
208, 283
208, 284
208, 285
208, 286
208, 287
208, 288
208, 226
208, 227
208, 228
208, 229
208, 230
208, 231
208, 232
208, 233
208, 234
208, 298
208, 299
208, 300
208, 301
208, 302
208, 303
208, 304
208, 305
208, 306
208, 244
208, 245
208, 246
208, 247
208, 248
208, 249
208, 250
208, 251
208, 252
208, 316
208, 317
208, 318
208, 319
81, 320
81, 192
81, 321
81, 193
81, 322
81, 194
81, 323
81, 195
81, 324
81, 196
81, 197
81, 261
81, 198
81, 262
81, 263
81, 135
81, 264
81, 136
81, 265
81, 137
81, 266
81, 138
81, 267
81, 139
81, 268
81, 140
81, 269
81, 141
81, 270
81, 142
81, 143
81, 207
81, 144
81, 208
81, 209
81, 210
81, 82
81, 211
81, 83
81, 212
81, 84
81, 213
81, 85
81, 214
81, 86
81, 215
81, 279
81, 87
81, 216
81, 280
81, 88
81, 281
81, 89
81, 153
81, 282
81, 90
81, 154
81, 283
81, 155
81, 284
81, 156
81, 285
81, 157
81, 286
81, 158
81, 287
81, 159
81, 288
81, 160
81, 161
81, 225
81, 162
81, 226
81, 227
81, 99
81, 228
81, 100
81, 229
81, 101
81, 230
81, 102
81, 231
81, 103
81, 232
81, 104
81, 233
81, 297
81, 105
81, 234
81, 298
81, 106
81, 299
81, 107
81, 171
81, 300
81, 108
81, 172
81, 301
81, 173
81, 302
81, 174
81, 303
81, 175
81, 304
81, 176
81, 305
81, 177
81, 306
81, 178
81, 179
81, 243
81, 180
81, 244
81, 245
81, 117
81, 246
81, 118
81, 247
81, 119
81, 248
81, 120
81, 249
81, 121
81, 250
81, 122
81, 251
81, 315
81, 123
81, 252
81, 316
81, 124
81, 317
81, 125
81, 189
81, 318
81, 126
81, 190
81, 319
81, 191
209, 320
209, 321
209, 322
209, 323
209, 324
209, 263
209, 264
209, 265
209, 266
209, 267
209, 268
209, 269
209, 270
209, 210
209, 211
209, 212
209, 213
209, 214
209, 215
209, 216
209, 281
209, 282
209, 283
209, 284
209, 285
209, 286
209, 287
209, 288
209, 227
209, 228
209, 229
209, 230
209, 231
209, 232
209, 233
209, 234
209, 299
209, 300
209, 301
209, 302
209, 303
209, 304
209, 305
209, 306
209, 245
209, 246
209, 247
209, 248
209, 249
209, 250
209, 251
209, 252
209, 317
209, 318
209, 319
82, 320
82, 192
82, 321
82, 193
82, 322
82, 194
82, 323
82, 195
82, 324
82, 196
82, 197
82, 198
82, 262
82, 263
82, 264
82, 136
82, 265
82, 137
82, 266
82, 138
82, 267
82, 139
82, 268
82, 140
82, 269
82, 141
82, 270
82, 142
82, 143
82, 144
82, 208
82, 209
82, 210
82, 211
82, 83
82, 212
82, 84
82, 213
82, 85
82, 214
82, 86
82, 215
82, 87
82, 216
82, 280
82, 88
82, 281
82, 89
82, 282
82, 90
82, 154
82, 283
82, 155
82, 284
82, 156
82, 285
82, 157
82, 286
82, 158
82, 287
82, 159
82, 288
82, 160
82, 161
82, 162
82, 226
82, 227
82, 228
82, 100
82, 229
82, 101
82, 230
82, 102
82, 231
82, 103
82, 232
82, 104
82, 233
82, 105
82, 234
82, 298
82, 106
82, 299
82, 107
82, 300
82, 108
82, 172
82, 301
82, 173
82, 302
82, 174
82, 303
82, 175
82, 304
82, 176
82, 305
82, 177
82, 306
82, 178
82, 179
82, 180
82, 244
82, 245
82, 246
82, 118
82, 247
82, 119
82, 248
82, 120
82, 249
82, 121
82, 250
82, 122
82, 251
82, 123
82, 252
82, 316
82, 124
82, 317
82, 125
82, 318
82, 126
82, 190
82, 319
82, 191
210, 320
210, 321
210, 322
210, 323
210, 324
210, 264
210, 265
210, 266
210, 267
210, 268
210, 269
210, 270
210, 211
210, 212
210, 213
210, 214
210, 215
210, 216
210, 282
210, 283
210, 284
210, 285
210, 286
210, 287
210, 288
210, 228
210, 229
210, 230
210, 231
210, 232
210, 233
210, 234
210, 300
210, 301
210, 302
210, 303
210, 304
210, 305
210, 306
210, 246
210, 247
210, 248
210, 249
210, 250
210, 251
210, 252
210, 318
210, 319
83, 320
83, 192
83, 321
83, 193
83, 322
83, 194
83, 323
83, 195
83, 324
83, 196
83, 197
83, 198
83, 263
83, 264
83, 265
83, 137
83, 266
83, 138
83, 267
83, 139
83, 268
83, 140
83, 269
83, 141
83, 270
83, 142
83, 143
83, 144
83, 209
83, 210
83, 211
83, 212
83, 84
83, 213
83, 85
83, 214
83, 86
83, 215
83, 87
83, 216
83, 88
83, 281
83, 89
83, 282
83, 90
83, 283
83, 155
83, 284
83, 156
83, 285
83, 157
83, 286
83, 158
83, 287
83, 159
83, 288
83, 160
83, 161
83, 162
83, 227
83, 228
83, 229
83, 101
83, 230
83, 102
83, 231
83, 103
83, 232
83, 104
83, 233
83, 105
83, 234
83, 106
83, 299
83, 107
83, 300
83, 108
83, 301
83, 173
83, 302
83, 174
83, 303
83, 175
83, 304
83, 176
83, 305
83, 177
83, 306
83, 178
83, 179
83, 180
83, 245
83, 246
83, 247
83, 119
83, 248
83, 120
83, 249
83, 121
83, 250
83, 122
83, 251
83, 123
83, 252
83, 124
83, 317
83, 125
83, 318
83, 126
83, 319
83, 191
211, 320
211, 321
211, 322
211, 323
211, 324
211, 265
211, 266
211, 267
211, 268
211, 269
211, 270
211, 212
211, 213
211, 214
211, 215
211, 216
211, 283
211, 284
211, 285
211, 286
211, 287
211, 288
211, 229
211, 230
211, 231
211, 232
211, 233
211, 234
211, 301
211, 302
211, 303
211, 304
211, 305
211, 306
211, 247
211, 248
211, 249
211, 250
211, 251
211, 252
211, 319
84, 320
84, 192
84, 321
84, 193
84, 322
84, 194
84, 323
84, 195
84, 324
84, 196
84, 197
84, 198
84, 264
84, 265
84, 266
84, 138
84, 267
84, 139
84, 268
84, 140
84, 269
84, 141
84, 270
84, 142
84, 143
84, 144
84, 210
84, 211
84, 212
84, 213
84, 85
84, 214
84, 86
84, 215
84, 87
84, 216
84, 88
84, 89
84, 282
84, 90
84, 283
84, 284
84, 156
84, 285
84, 157
84, 286
84, 158
84, 287
84, 159
84, 288
84, 160
84, 161
84, 162
84, 228
84, 229
84, 230
84, 102
84, 231
84, 103
84, 232
84, 104
84, 233
84, 105
84, 234
84, 106
84, 107
84, 300
84, 108
84, 301
84, 302
84, 174
84, 303
84, 175
84, 304
84, 176
84, 305
84, 177
84, 306
84, 178
84, 179
84, 180
84, 246
84, 247
84, 248
84, 120
84, 249
84, 121
84, 250
84, 122
84, 251
84, 123
84, 252
84, 124
84, 125
84, 318
84, 126
84, 319
212, 320
212, 321
212, 322
212, 323
212, 324
212, 266
212, 267
212, 268
212, 269
212, 270
212, 213
212, 214
212, 215
212, 216
212, 284
212, 285
212, 286
212, 287
212, 288
212, 230
212, 231
212, 232
212, 233
212, 234
212, 302
212, 303
212, 304
212, 305
212, 306
212, 248
212, 249
212, 250
212, 251
212, 252
85, 320
85, 321
85, 193
85, 322
85, 194
85, 323
85, 195
85, 324
85, 196
85, 197
85, 198
85, 265
85, 266
85, 267
85, 139
85, 268
85, 140
85, 269
85, 141
85, 270
85, 142
85, 143
85, 144
85, 211
85, 212
85, 213
85, 214
85, 86
85, 215
85, 87
85, 216
85, 88
85, 89
85, 90
85, 283
85, 284
85, 285
85, 157
85, 286
85, 158
85, 287
85, 159
85, 288
85, 160
85, 161
85, 162
85, 229
85, 230
85, 231
85, 103
85, 232
85, 104
85, 233
85, 105
85, 234
85, 106
85, 107
85, 108
85, 301
85, 302
85, 303
85, 175
85, 304
85, 176
85, 305
85, 177
85, 306
85, 178
85, 179
85, 180
85, 247
85, 248
85, 249
85, 121
85, 250
85, 122
85, 251
85, 123
85, 252
85, 124
85, 125
85, 126
85, 319
213, 321
213, 322
213, 323
213, 324
213, 267
213, 268
213, 269
213, 270
213, 214
213, 215
213, 216
213, 285
213, 286
213, 287
213, 288
213, 231
213, 232
213, 233
213, 234
213, 303
213, 304
213, 305
213, 306
213, 249
213, 250
213, 251
213, 252
86, 320
86, 321
86, 322
86, 194
86, 323
86, 195
86, 324
86, 196
86, 197
86, 198
86, 266
86, 267
86, 268
86, 140
86, 269
86, 141
86, 270
86, 142
86, 143
86, 144
86, 212
86, 213
86, 214
86, 215
86, 87
86, 216
86, 88
86, 89
86, 90
86, 284
86, 285
86, 286
86, 158
86, 287
86, 159
86, 288
86, 160
86, 161
86, 162
86, 230
86, 231
86, 232
86, 104
86, 233
86, 105
86, 234
86, 106
86, 107
86, 108
86, 302
86, 303
86, 304
86, 176
86, 305
86, 177
86, 306
86, 178
86, 179
86, 180
86, 248
86, 249
86, 250
86, 122
86, 251
86, 123
86, 252
86, 124
86, 125
86, 126
214, 322
214, 323
214, 324
214, 268
214, 269
214, 270
214, 215
214, 216
214, 286
214, 287
214, 288
214, 232
214, 233
214, 234
214, 304
214, 305
214, 306
214, 250
214, 251
214, 252
87, 321
87, 322
87, 323
87, 195
87, 324
87, 196
87, 197
87, 198
87, 267
87, 268
87, 269
87, 141
87, 270
87, 142
87, 143
87, 144
87, 213
87, 214
87, 215
87, 216
87, 88
87, 89
87, 90
87, 285
87, 286
87, 287
87, 159
87, 288
87, 160
87, 161
87, 162
87, 231
87, 232
87, 233
87, 105
87, 234
87, 106
87, 107
87, 108
87, 303
87, 304
87, 305
87, 177
87, 306
87, 178
87, 179
87, 180
87, 249
87, 250
87, 251
87, 123
87, 252
87, 124
87, 125
87, 126
215, 323
215, 324
215, 269
215, 270
215, 216
215, 287
215, 288
215, 233
215, 234
215, 305
215, 306
215, 251
215, 252
216, 324
216, 306
216, 288
216, 270
216, 252
216, 234
88, 322
88, 323
88, 324
88, 196
88, 197
88, 198
88, 268
88, 269
88, 270
88, 142
88, 143
88, 144
88, 214
88, 215
88, 216
88, 89
88, 90
88, 286
88, 287
88, 288
88, 160
88, 161
88, 162
88, 232
88, 233
88, 234
88, 106
88, 107
88, 108
88, 304
88, 305
88, 306
88, 178
88, 179
88, 180
88, 250
88, 251
88, 252
88, 124
88, 125
88, 126
89, 323
89, 324
89, 197
89, 198
89, 269
89, 270
89, 143
89, 144
89, 215
89, 216
89, 90
89, 287
89, 288
89, 161
89, 162
89, 233
89, 234
89, 107
89, 108
89, 305
89, 306
89, 179
89, 180
89, 251
89, 252
89, 125
89, 126
217, 320
217, 256
217, 321
217, 257
217, 322
217, 258
217, 323
217, 259
217, 324
217, 260
217, 261
217, 262
217, 263
217, 264
217, 265
217, 266
217, 267
217, 268
217, 269
217, 270
217, 271
217, 272
217, 273
217, 274
217, 275
217, 276
217, 277
217, 278
217, 279
217, 280
217, 281
217, 282
217, 218
217, 283
217, 219
217, 284
217, 220
217, 285
217, 221
217, 286
217, 222
217, 287
217, 223
217, 288
217, 224
217, 225
217, 289
217, 226
217, 290
217, 227
217, 291
217, 228
217, 292
217, 229
217, 293
217, 230
217, 294
217, 231
217, 295
217, 232
217, 296
217, 233
217, 297
217, 234
217, 298
217, 299
217, 235
217, 300
217, 236
217, 301
217, 237
217, 302
217, 238
217, 303
217, 239
217, 304
217, 240
217, 305
217, 241
217, 306
217, 242
217, 243
217, 307
217, 244
217, 308
217, 245
217, 309
217, 246
217, 310
217, 247
217, 311
217, 248
217, 312
217, 249
217, 313
217, 250
217, 314
217, 251
217, 315
217, 252
217, 316
217, 317
217, 253
217, 318
217, 254
217, 319
217, 255
90, 324
90, 198
90, 270
90, 144
90, 216
90, 288
90, 162
90, 234
90, 108
90, 306
90, 180
90, 252
90, 126
218, 320
218, 256
218, 321
218, 257
218, 322
218, 258
218, 323
218, 259
218, 324
218, 260
218, 261
218, 262
218, 263
218, 264
218, 265
218, 266
218, 267
218, 268
218, 269
218, 270
218, 272
218, 273
218, 274
218, 275
218, 276
218, 277
218, 278
218, 279
218, 280
218, 281
218, 282
218, 283
218, 219
218, 284
218, 220
218, 285
218, 221
218, 286
218, 222
218, 287
218, 223
218, 288
218, 224
218, 225
218, 226
218, 290
218, 227
218, 291
218, 228
218, 292
218, 229
218, 293
218, 230
218, 294
218, 231
218, 295
218, 232
218, 296
218, 233
218, 297
218, 234
218, 298
218, 299
218, 300
218, 236
218, 301
218, 237
218, 302
218, 238
218, 303
218, 239
218, 304
218, 240
218, 305
218, 241
218, 306
218, 242
218, 243
218, 244
218, 308
218, 245
218, 309
218, 246
218, 310
218, 247
218, 311
218, 248
218, 312
218, 249
218, 313
218, 250
218, 314
218, 251
218, 315
218, 252
218, 316
218, 317
218, 318
218, 254
218, 319
218, 255
91, 320
91, 192
91, 256
91, 128
91, 321
91, 193
91, 257
91, 129
91, 322
91, 194
91, 258
91, 130
91, 323
91, 195
91, 259
91, 131
91, 324
91, 196
91, 260
91, 132
91, 197
91, 261
91, 133
91, 198
91, 262
91, 134
91, 263
91, 135
91, 199
91, 264
91, 136
91, 200
91, 265
91, 137
91, 201
91, 266
91, 138
91, 202
91, 267
91, 139
91, 203
91, 268
91, 140
91, 204
91, 269
91, 141
91, 205
91, 270
91, 142
91, 206
91, 143
91, 207
91, 271
91, 144
91, 208
91, 272
91, 209
91, 273
91, 145
91, 210
91, 274
91, 146
91, 211
91, 275
91, 147
91, 212
91, 276
91, 148
91, 213
91, 277
91, 149
91, 214
91, 278
91, 150
91, 215
91, 279
91, 151
91, 216
91, 280
91, 152
91, 281
91, 153
91, 217
91, 282
91, 154
91, 218
91, 283
91, 155
91, 219
91, 284
91, 156
91, 220
91, 92
91, 285
91, 157
91, 221
91, 93
91, 286
91, 158
91, 222
91, 94
91, 287
91, 159
91, 223
91, 95
91, 288
91, 160
91, 224
91, 96
91, 161
91, 225
91, 289
91, 97
91, 162
91, 226
91, 290
91, 98
91, 227
91, 291
91, 99
91, 163
91, 228
91, 292
91, 100
91, 164
91, 229
91, 293
91, 101
91, 165
91, 230
91, 294
91, 102
91, 166
91, 231
91, 295
91, 103
91, 167
91, 232
91, 296
91, 104
91, 168
91, 233
91, 297
91, 105
91, 169
91, 234
91, 298
91, 106
91, 170
91, 299
91, 107
91, 171
91, 235
91, 300
91, 108
91, 172
91, 236
91, 301
91, 173
91, 237
91, 109
91, 302
91, 174
91, 238
91, 110
91, 303
91, 175
91, 239
91, 111
91, 304
91, 176
91, 240
91, 112
91, 305
91, 177
91, 241
91, 113
91, 306
91, 178
91, 242
91, 114
91, 179
91, 243
91, 307
91, 115
91, 180
91, 244
91, 308
91, 116
91, 245
91, 309
91, 117
91, 181
91, 246
91, 310
91, 118
91, 182
91, 247
91, 311
91, 119
91, 183
91, 248
91, 312
91, 120
91, 184
91, 249
91, 313
91, 121
91, 185
91, 250
91, 314
91, 122
91, 186
91, 251
91, 315
91, 123
91, 187
91, 252
91, 316
91, 124
91, 188
91, 317
91, 125
91, 189
91, 253
91, 318
91, 126
91, 190
91, 254
91, 319
91, 191
91, 255
91, 127
219, 320
219, 256
219, 321
219, 257
219, 322
219, 258
219, 323
219, 259
219, 324
219, 260
219, 261
219, 262
219, 263
219, 264
219, 265
219, 266
219, 267
219, 268
219, 269
219, 270
219, 273
219, 274
219, 275
219, 276
219, 277
219, 278
219, 279
219, 280
219, 281
219, 282
219, 283
219, 284
219, 220
219, 285
219, 221
219, 286
219, 222
219, 287
219, 223
219, 288
219, 224
219, 225
219, 226
219, 227
219, 291
219, 228
219, 292
219, 229
219, 293
219, 230
219, 294
219, 231
219, 295
219, 232
219, 296
219, 233
219, 297
219, 234
219, 298
219, 299
219, 300
219, 301
219, 237
219, 302
219, 238
219, 303
219, 239
219, 304
219, 240
219, 305
219, 241
219, 306
219, 242
219, 243
219, 244
219, 245
219, 309
219, 246
219, 310
219, 247
219, 311
219, 248
219, 312
219, 249
219, 313
219, 250
219, 314
219, 251
219, 315
219, 252
219, 316
219, 317
219, 318
219, 319
219, 255
92, 320
92, 192
92, 256
92, 128
92, 321
92, 193
92, 257
92, 129
92, 322
92, 194
92, 258
92, 130
92, 323
92, 195
92, 259
92, 131
92, 324
92, 196
92, 260
92, 132
92, 197
92, 261
92, 133
92, 198
92, 262
92, 134
92, 263
92, 135
92, 264
92, 136
92, 200
92, 265
92, 137
92, 201
92, 266
92, 138
92, 202
92, 267
92, 139
92, 203
92, 268
92, 140
92, 204
92, 269
92, 141
92, 205
92, 270
92, 142
92, 206
92, 143
92, 207
92, 144
92, 208
92, 272
92, 209
92, 273
92, 210
92, 274
92, 146
92, 211
92, 275
92, 147
92, 212
92, 276
92, 148
92, 213
92, 277
92, 149
92, 214
92, 278
92, 150
92, 215
92, 279
92, 151
92, 216
92, 280
92, 152
92, 281
92, 153
92, 282
92, 154
92, 218
92, 283
92, 155
92, 219
92, 284
92, 156
92, 220
92, 285
92, 157
92, 221
92, 93
92, 286
92, 158
92, 222
92, 94
92, 287
92, 159
92, 223
92, 95
92, 288
92, 160
92, 224
92, 96
92, 161
92, 225
92, 97
92, 162
92, 226
92, 290
92, 98
92, 227
92, 291
92, 99
92, 228
92, 292
92, 100
92, 164
92, 229
92, 293
92, 101
92, 165
92, 230
92, 294
92, 102
92, 166
92, 231
92, 295
92, 103
92, 167
92, 232
92, 296
92, 104
92, 168
92, 233
92, 297
92, 105
92, 169
92, 234
92, 298
92, 106
92, 170
92, 299
92, 107
92, 171
92, 300
92, 108
92, 172
92, 236
92, 301
92, 173
92, 237
92, 302
92, 174
92, 238
92, 110
92, 303
92, 175
92, 239
92, 111
92, 304
92, 176
92, 240
92, 112
92, 305
92, 177
92, 241
92, 113
92, 306
92, 178
92, 242
92, 114
92, 179
92, 243
92, 115
92, 180
92, 244
92, 308
92, 116
92, 245
92, 309
92, 117
92, 246
92, 310
92, 118
92, 182
92, 247
92, 311
92, 119
92, 183
92, 248
92, 312
92, 120
92, 184
92, 249
92, 313
92, 121
92, 185
92, 250
92, 314
92, 122
92, 186
92, 251
92, 315
92, 123
92, 187
92, 252
92, 316
92, 124
92, 188
92, 317
92, 125
92, 189
92, 318
92, 126
92, 190
92, 254
92, 319
92, 191
92, 255
220, 320
220, 256
220, 321
220, 257
220, 322
220, 258
220, 323
220, 259
220, 324
220, 260
220, 261
220, 262
220, 263
220, 264
220, 265
220, 266
220, 267
220, 268
220, 269
220, 270
220, 274
220, 275
220, 276
220, 277
220, 278
220, 279
220, 280
220, 281
220, 282
220, 283
220, 284
220, 285
220, 221
220, 286
220, 222
220, 287
220, 223
220, 288
220, 224
220, 225
220, 226
220, 227
220, 228
220, 292
220, 229
220, 293
220, 230
220, 294
220, 231
220, 295
220, 232
220, 296
220, 233
220, 297
220, 234
220, 298
220, 299
220, 300
220, 301
220, 302
220, 238
220, 303
220, 239
220, 304
220, 240
220, 305
220, 241
220, 306
220, 242
220, 243
220, 244
220, 245
220, 246
220, 310
220, 247
220, 311
220, 248
220, 312
220, 249
220, 313
220, 250
220, 314
220, 251
220, 315
220, 252
220, 316
220, 317
220, 318
220, 319
93, 320
93, 192
93, 256
93, 321
93, 193
93, 257
93, 129
93, 322
93, 194
93, 258
93, 130
93, 323
93, 195
93, 259
93, 131
93, 324
93, 196
93, 260
93, 132
93, 197
93, 261
93, 133
93, 198
93, 262
93, 134
93, 263
93, 135
93, 264
93, 136
93, 265
93, 137
93, 201
93, 266
93, 138
93, 202
93, 267
93, 139
93, 203
93, 268
93, 140
93, 204
93, 269
93, 141
93, 205
93, 270
93, 142
93, 206
93, 143
93, 207
93, 144
93, 208
93, 209
93, 273
93, 210
93, 274
93, 211
93, 275
93, 147
93, 212
93, 276
93, 148
93, 213
93, 277
93, 149
93, 214
93, 278
93, 150
93, 215
93, 279
93, 151
93, 216
93, 280
93, 152
93, 281
93, 153
93, 282
93, 154
93, 283
93, 155
93, 219
93, 284
93, 156
93, 220
93, 285
93, 157
93, 221
93, 286
93, 158
93, 222
93, 94
93, 287
93, 159
93, 223
93, 95
93, 288
93, 160
93, 224
93, 96
93, 161
93, 225
93, 97
93, 162
93, 226
93, 98
93, 227
93, 291
93, 99
93, 228
93, 292
93, 100
93, 229
93, 293
93, 101
93, 165
93, 230
93, 294
93, 102
93, 166
93, 231
93, 295
93, 103
93, 167
93, 232
93, 296
93, 104
93, 168
93, 233
93, 297
93, 105
93, 169
93, 234
93, 298
93, 106
93, 170
93, 299
93, 107
93, 171
93, 300
93, 108
93, 172
93, 301
93, 173
93, 237
93, 302
93, 174
93, 238
93, 303
93, 175
93, 239
93, 111
93, 304
93, 176
93, 240
93, 112
93, 305
93, 177
93, 241
93, 113
93, 306
93, 178
93, 242
93, 114
93, 179
93, 243
93, 115
93, 180
93, 244
93, 116
93, 245
93, 309
93, 117
93, 246
93, 310
93, 118
93, 247
93, 311
93, 119
93, 183
93, 248
93, 312
93, 120
93, 184
93, 249
93, 313
93, 121
93, 185
93, 250
93, 314
93, 122
93, 186
93, 251
93, 315
93, 123
93, 187
93, 252
93, 316
93, 124
93, 188
93, 317
93, 125
93, 189
93, 318
93, 126
93, 190
93, 319
93, 191
93, 255
221, 320
221, 321
221, 257
221, 322
221, 258
221, 323
221, 259
221, 324
221, 260
221, 261
221, 262
221, 263
221, 264
221, 265
221, 266
221, 267
221, 268
221, 269
221, 270
221, 275
221, 276
221, 277
221, 278
221, 279
221, 280
221, 281
221, 282
221, 283
221, 284
221, 285
221, 286
221, 222
221, 287
221, 223
221, 288
221, 224
221, 225
221, 226
221, 227
221, 228
221, 229
221, 293
221, 230
221, 294
221, 231
221, 295
221, 232
221, 296
221, 233
221, 297
221, 234
221, 298
221, 299
221, 300
221, 301
221, 302
221, 303
221, 239
221, 304
221, 240
221, 305
221, 241
221, 306
221, 242
221, 243
221, 244
221, 245
221, 246
221, 247
221, 311
221, 248
221, 312
221, 249
221, 313
221, 250
221, 314
221, 251
221, 315
221, 252
221, 316
221, 317
221, 318
221, 319
94, 320
94, 192
94, 256
94, 321
94, 193
94, 257
94, 322
94, 194
94, 258
94, 130
94, 323
94, 195
94, 259
94, 131
94, 324
94, 196
94, 260
94, 132
94, 197
94, 261
94, 133
94, 198
94, 262
94, 134
94, 263
94, 135
94, 264
94, 136
94, 265
94, 137
94, 266
94, 138
94, 202
94, 267
94, 139
94, 203
94, 268
94, 140
94, 204
94, 269
94, 141
94, 205
94, 270
94, 142
94, 206
94, 143
94, 207
94, 144
94, 208
94, 209
94, 210
94, 274
94, 211
94, 275
94, 212
94, 276
94, 148
94, 213
94, 277
94, 149
94, 214
94, 278
94, 150
94, 215
94, 279
94, 151
94, 216
94, 280
94, 152
94, 281
94, 153
94, 282
94, 154
94, 283
94, 155
94, 284
94, 156
94, 220
94, 285
94, 157
94, 221
94, 286
94, 158
94, 222
94, 287
94, 159
94, 223
94, 95
94, 288
94, 160
94, 224
94, 96
94, 161
94, 225
94, 97
94, 162
94, 226
94, 98
94, 227
94, 99
94, 228
94, 292
94, 100
94, 229
94, 293
94, 101
94, 230
94, 294
94, 102
94, 166
94, 231
94, 295
94, 103
94, 167
94, 232
94, 296
94, 104
94, 168
94, 233
94, 297
94, 105
94, 169
94, 234
94, 298
94, 106
94, 170
94, 299
94, 107
94, 171
94, 300
94, 108
94, 172
94, 301
94, 173
94, 302
94, 174
94, 238
94, 303
94, 175
94, 239
94, 304
94, 176
94, 240
94, 112
94, 305
94, 177
94, 241
94, 113
94, 306
94, 178
94, 242
94, 114
94, 179
94, 243
94, 115
94, 180
94, 244
94, 116
94, 245
94, 117
94, 246
94, 310
94, 118
94, 247
94, 311
94, 119
94, 248
94, 312
94, 120
94, 184
94, 249
94, 313
94, 121
94, 185
94, 250
94, 314
94, 122
94, 186
94, 251
94, 315
94, 123
94, 187
94, 252
94, 316
94, 124
94, 188
94, 317
94, 125
94, 189
94, 318
94, 126
94, 190
94, 319
94, 191
222, 320
222, 321
222, 322
222, 258
222, 323
222, 259
222, 324
222, 260
222, 261
222, 262
222, 263
222, 264
222, 265
222, 266
222, 267
222, 268
222, 269
222, 270
222, 276
222, 277
222, 278
222, 279
222, 280
222, 281
222, 282
222, 283
222, 284
222, 285
222, 286
222, 287
222, 223
222, 288
222, 224
222, 225
222, 226
222, 227
222, 228
222, 229
222, 230
222, 294
222, 231
222, 295
222, 232
222, 296
222, 233
222, 297
222, 234
222, 298
222, 299
222, 300
222, 301
222, 302
222, 303
222, 304
222, 240
222, 305
222, 241
222, 306
222, 242
222, 243
222, 244
222, 245
222, 246
222, 247
222, 248
222, 312
222, 249
222, 313
222, 250
222, 314
222, 251
222, 315
222, 252
222, 316
222, 317
222, 318
222, 319
95, 320
95, 192
95, 321
95, 193
95, 257
95, 322
95, 194
95, 258
95, 323
95, 195
95, 259
95, 131
95, 324
95, 196
95, 260
95, 132
95, 197
95, 261
95, 133
95, 198
95, 262
95, 134
95, 263
95, 135
95, 264
95, 136
95, 265
95, 137
95, 266
95, 138
95, 267
95, 139
95, 203
95, 268
95, 140
95, 204
95, 269
95, 141
95, 205
95, 270
95, 142
95, 206
95, 143
95, 207
95, 144
95, 208
95, 209
95, 210
95, 211
95, 275
95, 212
95, 276
95, 213
95, 277
95, 149
95, 214
95, 278
95, 150
95, 215
95, 279
95, 151
95, 216
95, 280
95, 152
95, 281
95, 153
95, 282
95, 154
95, 283
95, 155
95, 284
95, 156
95, 285
95, 157
95, 221
95, 286
95, 158
95, 222
95, 287
95, 159
95, 223
95, 288
95, 160
95, 224
95, 96
95, 161
95, 225
95, 97
95, 162
95, 226
95, 98
95, 227
95, 99
95, 228
95, 100
95, 229
95, 293
95, 101
95, 230
95, 294
95, 102
95, 231
95, 295
95, 103
95, 167
95, 232
95, 296
95, 104
95, 168
95, 233
95, 297
95, 105
95, 169
95, 234
95, 298
95, 106
95, 170
95, 299
95, 107
95, 171
95, 300
95, 108
95, 172
95, 301
95, 173
95, 302
95, 174
95, 303
95, 175
95, 239
95, 304
95, 176
95, 240
95, 305
95, 177
95, 241
95, 113
95, 306
95, 178
95, 242
95, 114
95, 179
95, 243
95, 115
95, 180
95, 244
95, 116
95, 245
95, 117
95, 246
95, 118
95, 247
95, 311
95, 119
95, 248
95, 312
95, 120
95, 249
95, 313
95, 121
95, 185
95, 250
95, 314
95, 122
95, 186
95, 251
95, 315
95, 123
95, 187
95, 252
95, 316
95, 124
95, 188
95, 317
95, 125
95, 189
95, 318
95, 126
95, 190
95, 319
95, 191
223, 320
223, 321
223, 322
223, 323
223, 259
223, 324
223, 260
223, 261
223, 262
223, 263
223, 264
223, 265
223, 266
223, 267
223, 268
223, 269
223, 270
223, 277
223, 278
223, 279
223, 280
223, 281
223, 282
223, 283
223, 284
223, 285
223, 286
223, 287
223, 288
223, 224
223, 225
223, 226
223, 227
223, 228
223, 229
223, 230
223, 231
223, 295
223, 232
223, 296
223, 233
223, 297
223, 234
223, 298
223, 299
223, 300
223, 301
223, 302
223, 303
223, 304
223, 305
223, 241
223, 306
223, 242
223, 243
223, 244
223, 245
223, 246
223, 247
223, 248
223, 249
223, 313
223, 250
223, 314
223, 251
223, 315
223, 252
223, 316
223, 317
223, 318
223, 319
96, 320
96, 192
96, 321
96, 193
96, 322
96, 194
96, 258
96, 323
96, 195
96, 259
96, 324
96, 196
96, 260
96, 132
96, 197
96, 261
96, 133
96, 198
96, 262
96, 134
96, 263
96, 135
96, 264
96, 136
96, 265
96, 137
96, 266
96, 138
96, 267
96, 139
96, 268
96, 140
96, 204
96, 269
96, 141
96, 205
96, 270
96, 142
96, 206
96, 143
96, 207
96, 144
96, 208
96, 209
96, 210
96, 211
96, 212
96, 276
96, 213
96, 277
96, 214
96, 278
96, 150
96, 215
96, 279
96, 151
96, 216
96, 280
96, 152
96, 281
96, 153
96, 282
96, 154
96, 283
96, 155
96, 284
96, 156
96, 285
96, 157
96, 286
96, 158
96, 222
96, 287
96, 159
96, 223
96, 288
96, 160
96, 224
96, 161
96, 225
96, 97
96, 162
96, 226
96, 98
96, 227
96, 99
96, 228
96, 100
96, 229
96, 101
96, 230
96, 294
96, 102
96, 231
96, 295
96, 103
96, 232
96, 296
96, 104
96, 168
96, 233
96, 297
96, 105
96, 169
96, 234
96, 298
96, 106
96, 170
96, 299
96, 107
96, 171
96, 300
96, 108
96, 172
96, 301
96, 173
96, 302
96, 174
96, 303
96, 175
96, 304
96, 176
96, 240
96, 305
96, 177
96, 241
96, 306
96, 178
96, 242
96, 114
96, 179
96, 243
96, 115
96, 180
96, 244
96, 116
96, 245
96, 117
96, 246
96, 118
96, 247
96, 119
96, 248
96, 312
96, 120
96, 249
96, 313
96, 121
96, 250
96, 314
96, 122
96, 186
96, 251
96, 315
96, 123
96, 187
96, 252
96, 316
96, 124
96, 188
96, 317
96, 125
96, 189
96, 318
96, 126
96, 190
96, 319
96, 191
224, 320
224, 321
224, 322
224, 323
224, 324
224, 260
224, 261
224, 262
224, 263
224, 264
224, 265
224, 266
224, 267
224, 268
224, 269
224, 270
224, 278
224, 279
224, 280
224, 281
224, 282
224, 283
224, 284
224, 285
224, 286
224, 287
224, 288
224, 225
224, 226
224, 227
224, 228
224, 229
224, 230
224, 231
224, 232
224, 296
224, 233
224, 297
224, 234
224, 298
224, 299
224, 300
224, 301
224, 302
224, 303
224, 304
224, 305
224, 306
224, 242
224, 243
224, 244
224, 245
224, 246
224, 247
224, 248
224, 249
224, 250
224, 314
224, 251
224, 315
224, 252
224, 316
224, 317
224, 318
224, 319
97, 320
97, 192
97, 321
97, 193
97, 322
97, 194
97, 323
97, 195
97, 259
97, 324
97, 196
97, 260
97, 197
97, 261
97, 133
97, 198
97, 262
97, 134
97, 263
97, 135
97, 264
97, 136
97, 265
97, 137
97, 266
97, 138
97, 267
97, 139
97, 268
97, 140
97, 269
97, 141
97, 205
97, 270
97, 142
97, 206
97, 143
97, 207
97, 144
97, 208
97, 209
97, 210
97, 211
97, 212
97, 213
97, 277
97, 214
97, 278
97, 215
97, 279
97, 151
97, 216
97, 280
97, 152
97, 281
97, 153
97, 282
97, 154
97, 283
97, 155
97, 284
97, 156
97, 285
97, 157
97, 286
97, 158
97, 287
97, 159
97, 223
97, 288
97, 160
97, 224
97, 161
97, 225
97, 162
97, 226
97, 98
97, 227
97, 99
97, 228
97, 100
97, 229
97, 101
97, 230
97, 102
97, 231
97, 295
97, 103
97, 232
97, 296
97, 104
97, 233
97, 297
97, 105
97, 169
97, 234
97, 298
97, 106
97, 170
97, 299
97, 107
97, 171
97, 300
97, 108
97, 172
97, 301
97, 173
97, 302
97, 174
97, 303
97, 175
97, 304
97, 176
97, 305
97, 177
97, 241
97, 306
97, 178
97, 242
97, 179
97, 243
97, 115
97, 180
97, 244
97, 116
97, 245
97, 117
97, 246
97, 118
97, 247
97, 119
97, 248
97, 120
97, 249
97, 313
97, 121
97, 250
97, 314
97, 122
97, 251
97, 315
97, 123
97, 187
97, 252
97, 316
97, 124
97, 188
97, 317
97, 125
97, 189
97, 318
97, 126
97, 190
97, 319
97, 191
225, 320
225, 321
225, 322
225, 323
225, 324
225, 261
225, 262
225, 263
225, 264
225, 265
225, 266
225, 267
225, 268
225, 269
225, 270
225, 279
225, 280
225, 281
225, 282
225, 283
225, 284
225, 285
225, 286
225, 287
225, 288
225, 226
225, 227
225, 228
225, 229
225, 230
225, 231
225, 232
225, 233
225, 297
225, 234
225, 298
225, 299
225, 300
225, 301
225, 302
225, 303
225, 304
225, 305
225, 306
225, 243
225, 244
225, 245
225, 246
225, 247
225, 248
225, 249
225, 250
225, 251
225, 315
225, 252
225, 316
225, 317
225, 318
225, 319
98, 320
98, 192
98, 321
98, 193
98, 322
98, 194
98, 323
98, 195
98, 324
98, 196
98, 260
98, 197
98, 261
98, 198
98, 262
98, 134
98, 263
98, 135
98, 264
98, 136
98, 265
98, 137
98, 266
98, 138
98, 267
98, 139
98, 268
98, 140
98, 269
98, 141
98, 270
98, 142
98, 206
98, 143
98, 207
98, 144
98, 208
98, 209
98, 210
98, 211
98, 212
98, 213
98, 214
98, 278
98, 215
98, 279
98, 216
98, 280
98, 152
98, 281
98, 153
98, 282
98, 154
98, 283
98, 155
98, 284
98, 156
98, 285
98, 157
98, 286
98, 158
98, 287
98, 159
98, 288
98, 160
98, 224
98, 161
98, 225
98, 162
98, 226
98, 227
98, 99
98, 228
98, 100
98, 229
98, 101
98, 230
98, 102
98, 231
98, 103
98, 232
98, 296
98, 104
98, 233
98, 297
98, 105
98, 234
98, 298
98, 106
98, 170
98, 299
98, 107
98, 171
98, 300
98, 108
98, 172
98, 301
98, 173
98, 302
98, 174
98, 303
98, 175
98, 304
98, 176
98, 305
98, 177
98, 306
98, 178
98, 242
98, 179
98, 243
98, 180
98, 244
98, 116
98, 245
98, 117
98, 246
98, 118
98, 247
98, 119
98, 248
98, 120
98, 249
98, 121
98, 250
98, 314
98, 122
98, 251
98, 315
98, 123
98, 252
98, 316
98, 124
98, 188
98, 317
98, 125
98, 189
98, 318
98, 126
98, 190
98, 319
98, 191
226, 320
226, 321
226, 322
226, 323
226, 324
226, 262
226, 263
226, 264
226, 265
226, 266
226, 267
226, 268
226, 269
226, 270
226, 280
226, 281
226, 282
226, 283
226, 284
226, 285
226, 286
226, 287
226, 288
226, 227
226, 228
226, 229
226, 230
226, 231
226, 232
226, 233
226, 234
226, 298
226, 299
226, 300
226, 301
226, 302
226, 303
226, 304
226, 305
226, 306
226, 244
226, 245
226, 246
226, 247
226, 248
226, 249
226, 250
226, 251
226, 252
226, 316
226, 317
226, 318
226, 319
99, 320
99, 192
99, 321
99, 193
99, 322
99, 194
99, 323
99, 195
99, 324
99, 196
99, 197
99, 261
99, 198
99, 262
99, 263
99, 135
99, 264
99, 136
99, 265
99, 137
99, 266
99, 138
99, 267
99, 139
99, 268
99, 140
99, 269
99, 141
99, 270
99, 142
99, 143
99, 207
99, 144
99, 208
99, 209
99, 210
99, 211
99, 212
99, 213
99, 214
99, 215
99, 279
99, 216
99, 280
99, 281
99, 153
99, 282
99, 154
99, 283
99, 155
99, 284
99, 156
99, 285
99, 157
99, 286
99, 158
99, 287
99, 159
99, 288
99, 160
99, 161
99, 225
99, 162
99, 226
99, 227
99, 228
99, 100
99, 229
99, 101
99, 230
99, 102
99, 231
99, 103
99, 232
99, 104
99, 233
99, 297
99, 105
99, 234
99, 298
99, 106
99, 299
99, 107
99, 171
99, 300
99, 108
99, 172
99, 301
99, 173
99, 302
99, 174
99, 303
99, 175
99, 304
99, 176
99, 305
99, 177
99, 306
99, 178
99, 179
99, 243
99, 180
99, 244
99, 245
99, 117
99, 246
99, 118
99, 247
99, 119
99, 248
99, 120
99, 249
99, 121
99, 250
99, 122
99, 251
99, 315
99, 123
99, 252
99, 316
99, 124
99, 317
99, 125
99, 189
99, 318
99, 126
99, 190
99, 319
99, 191
227, 320
227, 321
227, 322
227, 323
227, 324
227, 263
227, 264
227, 265
227, 266
227, 267
227, 268
227, 269
227, 270
227, 281
227, 282
227, 283
227, 284
227, 285
227, 286
227, 287
227, 288
227, 228
227, 229
227, 230
227, 231
227, 232
227, 233
227, 234
227, 299
227, 300
227, 301
227, 302
227, 303
227, 304
227, 305
227, 306
227, 245
227, 246
227, 247
227, 248
227, 249
227, 250
227, 251
227, 252
227, 317
227, 318
227, 319
100, 320
100, 192
100, 321
100, 193
100, 322
100, 194
100, 323
100, 195
100, 324
100, 196
100, 197
100, 198
100, 262
100, 263
100, 264
100, 136
100, 265
100, 137
100, 266
100, 138
100, 267
100, 139
100, 268
100, 140
100, 269
100, 141
100, 270
100, 142
100, 143
100, 144
100, 208
100, 209
100, 210
100, 211
100, 212
100, 213
100, 214
100, 215
100, 216
100, 280
100, 281
100, 282
100, 154
100, 283
100, 155
100, 284
100, 156
100, 285
100, 157
100, 286
100, 158
100, 287
100, 159
100, 288
100, 160
100, 161
100, 162
100, 226
100, 227
100, 228
100, 229
100, 101
100, 230
100, 102
100, 231
100, 103
100, 232
100, 104
100, 233
100, 105
100, 234
100, 298
100, 106
100, 299
100, 107
100, 300
100, 108
100, 172
100, 301
100, 173
100, 302
100, 174
100, 303
100, 175
100, 304
100, 176
100, 305
100, 177
100, 306
100, 178
100, 179
100, 180
100, 244
100, 245
100, 246
100, 118
100, 247
100, 119
100, 248
100, 120
100, 249
100, 121
100, 250
100, 122
100, 251
100, 123
100, 252
100, 316
100, 124
100, 317
100, 125
100, 318
100, 126
100, 190
100, 319
100, 191
228, 320
228, 321
228, 322
228, 323
228, 324
228, 264
228, 265
228, 266
228, 267
228, 268
228, 269
228, 270
228, 282
228, 283
228, 284
228, 285
228, 286
228, 287
228, 288
228, 229
228, 230
228, 231
228, 232
228, 233
228, 234
228, 300
228, 301
228, 302
228, 303
228, 304
228, 305
228, 306
228, 246
228, 247
228, 248
228, 249
228, 250
228, 251
228, 252
228, 318
228, 319
101, 320
101, 192
101, 321
101, 193
101, 322
101, 194
101, 323
101, 195
101, 324
101, 196
101, 197
101, 198
101, 263
101, 264
101, 265
101, 137
101, 266
101, 138
101, 267
101, 139
101, 268
101, 140
101, 269
101, 141
101, 270
101, 142
101, 143
101, 144
101, 209
101, 210
101, 211
101, 212
101, 213
101, 214
101, 215
101, 216
101, 281
101, 282
101, 283
101, 155
101, 284
101, 156
101, 285
101, 157
101, 286
101, 158
101, 287
101, 159
101, 288
101, 160
101, 161
101, 162
101, 227
101, 228
101, 229
101, 230
101, 102
101, 231
101, 103
101, 232
101, 104
101, 233
101, 105
101, 234
101, 106
101, 299
101, 107
101, 300
101, 108
101, 301
101, 173
101, 302
101, 174
101, 303
101, 175
101, 304
101, 176
101, 305
101, 177
101, 306
101, 178
101, 179
101, 180
101, 245
101, 246
101, 247
101, 119
101, 248
101, 120
101, 249
101, 121
101, 250
101, 122
101, 251
101, 123
101, 252
101, 124
101, 317
101, 125
101, 318
101, 126
101, 319
101, 191
229, 320
229, 321
229, 322
229, 323
229, 324
229, 265
229, 266
229, 267
229, 268
229, 269
229, 270
229, 283
229, 284
229, 285
229, 286
229, 287
229, 288
229, 230
229, 231
229, 232
229, 233
229, 234
229, 301
229, 302
229, 303
229, 304
229, 305
229, 306
229, 247
229, 248
229, 249
229, 250
229, 251
229, 252
229, 319
102, 320
102, 192
102, 321
102, 193
102, 322
102, 194
102, 323
102, 195
102, 324
102, 196
102, 197
102, 198
102, 264
102, 265
102, 266
102, 138
102, 267
102, 139
102, 268
102, 140
102, 269
102, 141
102, 270
102, 142
102, 143
102, 144
102, 210
102, 211
102, 212
102, 213
102, 214
102, 215
102, 216
102, 282
102, 283
102, 284
102, 156
102, 285
102, 157
102, 286
102, 158
102, 287
102, 159
102, 288
102, 160
102, 161
102, 162
102, 228
102, 229
102, 230
102, 231
102, 103
102, 232
102, 104
102, 233
102, 105
102, 234
102, 106
102, 107
102, 300
102, 108
102, 301
102, 302
102, 174
102, 303
102, 175
102, 304
102, 176
102, 305
102, 177
102, 306
102, 178
102, 179
102, 180
102, 246
102, 247
102, 248
102, 120
102, 249
102, 121
102, 250
102, 122
102, 251
102, 123
102, 252
102, 124
102, 125
102, 318
102, 126
102, 319
230, 320
230, 321
230, 322
230, 323
230, 324
230, 266
230, 267
230, 268
230, 269
230, 270
230, 284
230, 285
230, 286
230, 287
230, 288
230, 231
230, 232
230, 233
230, 234
230, 302
230, 303
230, 304
230, 305
230, 306
230, 248
230, 249
230, 250
230, 251
230, 252
103, 320
103, 321
103, 193
103, 322
103, 194
103, 323
103, 195
103, 324
103, 196
103, 197
103, 198
103, 265
103, 266
103, 267
103, 139
103, 268
103, 140
103, 269
103, 141
103, 270
103, 142
103, 143
103, 144
103, 211
103, 212
103, 213
103, 214
103, 215
103, 216
103, 283
103, 284
103, 285
103, 157
103, 286
103, 158
103, 287
103, 159
103, 288
103, 160
103, 161
103, 162
103, 229
103, 230
103, 231
103, 232
103, 104
103, 233
103, 105
103, 234
103, 106
103, 107
103, 108
103, 301
103, 302
103, 303
103, 175
103, 304
103, 176
103, 305
103, 177
103, 306
103, 178
103, 179
103, 180
103, 247
103, 248
103, 249
103, 121
103, 250
103, 122
103, 251
103, 123
103, 252
103, 124
103, 125
103, 126
103, 319
231, 321
231, 322
231, 323
231, 324
231, 267
231, 268
231, 269
231, 270
231, 285
231, 286
231, 287
231, 288
231, 232
231, 233
231, 234
231, 303
231, 304
231, 305
231, 306
231, 249
231, 250
231, 251
231, 252
104, 320
104, 321
104, 322
104, 194
104, 323
104, 195
104, 324
104, 196
104, 197
104, 198
104, 266
104, 267
104, 268
104, 140
104, 269
104, 141
104, 270
104, 142
104, 143
104, 144
104, 212
104, 213
104, 214
104, 215
104, 216
104, 284
104, 285
104, 286
104, 158
104, 287
104, 159
104, 288
104, 160
104, 161
104, 162
104, 230
104, 231
104, 232
104, 233
104, 105
104, 234
104, 106
104, 107
104, 108
104, 302
104, 303
104, 304
104, 176
104, 305
104, 177
104, 306
104, 178
104, 179
104, 180
104, 248
104, 249
104, 250
104, 122
104, 251
104, 123
104, 252
104, 124
104, 125
104, 126
232, 322
232, 323
232, 324
232, 268
232, 269
232, 270
232, 286
232, 287
232, 288
232, 233
232, 234
232, 304
232, 305
232, 306
232, 250
232, 251
232, 252
105, 321
105, 322
105, 323
105, 195
105, 324
105, 196
105, 197
105, 198
105, 267
105, 268
105, 269
105, 141
105, 270
105, 142
105, 143
105, 144
105, 213
105, 214
105, 215
105, 216
105, 285
105, 286
105, 287
105, 159
105, 288
105, 160
105, 161
105, 162
105, 231
105, 232
105, 233
105, 234
105, 106
105, 107
105, 108
105, 303
105, 304
105, 305
105, 177
105, 306
105, 178
105, 179
105, 180
105, 249
105, 250
105, 251
105, 123
105, 252
105, 124
105, 125
105, 126
233, 323
233, 324
233, 269
233, 270
233, 287
233, 288
233, 234
233, 305
233, 306
233, 251
233, 252
234, 324
234, 306
234, 288
234, 270
234, 252
106, 322
106, 323
106, 324
106, 196
106, 197
106, 198
106, 268
106, 269
106, 270
106, 142
106, 143
106, 144
106, 214
106, 215
106, 216
106, 286
106, 287
106, 288
106, 160
106, 161
106, 162
106, 232
106, 233
106, 234
106, 107
106, 108
106, 304
106, 305
106, 306
106, 178
106, 179
106, 180
106, 250
106, 251
106, 252
106, 124
106, 125
106, 126
107, 323
107, 324
107, 197
107, 198
107, 269
107, 270
107, 143
107, 144
107, 215
107, 216
107, 287
107, 288
107, 161
107, 162
107, 233
107, 234
107, 108
107, 305
107, 306
107, 179
107, 180
107, 251
107, 252
107, 125
107, 126
235, 320
235, 256
235, 321
235, 257
235, 322
235, 258
235, 323
235, 259
235, 324
235, 260
235, 261
235, 262
235, 263
235, 264
235, 265
235, 266
235, 267
235, 268
235, 269
235, 270
235, 271
235, 272
235, 273
235, 274
235, 275
235, 276
235, 277
235, 278
235, 279
235, 280
235, 281
235, 282
235, 283
235, 284
235, 285
235, 286
235, 287
235, 288
235, 289
235, 290
235, 291
235, 292
235, 293
235, 294
235, 295
235, 296
235, 297
235, 298
235, 299
235, 300
235, 236
235, 301
235, 237
235, 302
235, 238
235, 303
235, 239
235, 304
235, 240
235, 305
235, 241
235, 306
235, 242
235, 243
235, 307
235, 244
235, 308
235, 245
235, 309
235, 246
235, 310
235, 247
235, 311
235, 248
235, 312
235, 249
235, 313
235, 250
235, 314
235, 251
235, 315
235, 252
235, 316
235, 317
235, 253
235, 318
235, 254
235, 319
235, 255
108, 324
108, 198
108, 270
108, 144
108, 216
108, 288
108, 162
108, 234
108, 306
108, 180
108, 252
108, 126
236, 320
236, 256
236, 321
236, 257
236, 322
236, 258
236, 323
236, 259
236, 324
236, 260
236, 261
236, 262
236, 263
236, 264
236, 265
236, 266
236, 267
236, 268
236, 269
236, 270
236, 272
236, 273
236, 274
236, 275
236, 276
236, 277
236, 278
236, 279
236, 280
236, 281
236, 282
236, 283
236, 284
236, 285
236, 286
236, 287
236, 288
236, 290
236, 291
236, 292
236, 293
236, 294
236, 295
236, 296
236, 297
236, 298
236, 299
236, 300
236, 301
236, 237
236, 302
236, 238
236, 303
236, 239
236, 304
236, 240
236, 305
236, 241
236, 306
236, 242
236, 243
236, 244
236, 308
236, 245
236, 309
236, 246
236, 310
236, 247
236, 311
236, 248
236, 312
236, 249
236, 313
236, 250
236, 314
236, 251
236, 315
236, 252
236, 316
236, 317
236, 318
236, 254
236, 319
236, 255
109, 320
109, 192
109, 256
109, 128
109, 321
109, 193
109, 257
109, 129
109, 322
109, 194
109, 258
109, 130
109, 323
109, 195
109, 259
109, 131
109, 324
109, 196
109, 260
109, 132
109, 197
109, 261
109, 133
109, 198
109, 262
109, 134
109, 263
109, 135
109, 199
109, 264
109, 136
109, 200
109, 265
109, 137
109, 201
109, 266
109, 138
109, 202
109, 267
109, 139
109, 203
109, 268
109, 140
109, 204
109, 269
109, 141
109, 205
109, 270
109, 142
109, 206
109, 143
109, 207
109, 271
109, 144
109, 208
109, 272
109, 209
109, 273
109, 145
109, 210
109, 274
109, 146
109, 211
109, 275
109, 147
109, 212
109, 276
109, 148
109, 213
109, 277
109, 149
109, 214
109, 278
109, 150
109, 215
109, 279
109, 151
109, 216
109, 280
109, 152
109, 281
109, 153
109, 217
109, 282
109, 154
109, 218
109, 283
109, 155
109, 219
109, 284
109, 156
109, 220
109, 285
109, 157
109, 221
109, 286
109, 158
109, 222
109, 287
109, 159
109, 223
109, 288
109, 160
109, 224
109, 161
109, 225
109, 289
109, 162
109, 226
109, 290
109, 227
109, 291
109, 163
109, 228
109, 292
109, 164
109, 229
109, 293
109, 165
109, 230
109, 294
109, 166
109, 231
109, 295
109, 167
109, 232
109, 296
109, 168
109, 233
109, 297
109, 169
109, 234
109, 298
109, 170
109, 299
109, 171
109, 235
109, 300
109, 172
109, 236
109, 301
109, 173
109, 237
109, 302
109, 174
109, 238
109, 110
109, 303
109, 175
109, 239
109, 111
109, 304
109, 176
109, 240
109, 112
109, 305
109, 177
109, 241
109, 113
109, 306
109, 178
109, 242
109, 114
109, 179
109, 243
109, 307
109, 115
109, 180
109, 244
109, 308
109, 116
109, 245
109, 309
109, 117
109, 181
109, 246
109, 310
109, 118
109, 182
109, 247
109, 311
109, 119
109, 183
109, 248
109, 312
109, 120
109, 184
109, 249
109, 313
109, 121
109, 185
109, 250
109, 314
109, 122
109, 186
109, 251
109, 315
109, 123
109, 187
109, 252
109, 316
109, 124
109, 188
109, 317
109, 125
109, 189
109, 253
109, 318
109, 126
109, 190
109, 254
109, 319
109, 191
109, 255
109, 127
237, 320
237, 256
237, 321
237, 257
237, 322
237, 258
237, 323
237, 259
237, 324
237, 260
237, 261
237, 262
237, 263
237, 264
237, 265
237, 266
237, 267
237, 268
237, 269
237, 270
237, 273
237, 274
237, 275
237, 276
237, 277
237, 278
237, 279
237, 280
237, 281
237, 282
237, 283
237, 284
237, 285
237, 286
237, 287
237, 288
237, 291
237, 292
237, 293
237, 294
237, 295
237, 296
237, 297
237, 298
237, 299
237, 300
237, 301
237, 302
237, 238
237, 303
237, 239
237, 304
237, 240
237, 305
237, 241
237, 306
237, 242
237, 243
237, 244
237, 245
237, 309
237, 246
237, 310
237, 247
237, 311
237, 248
237, 312
237, 249
237, 313
237, 250
237, 314
237, 251
237, 315
237, 252
237, 316
237, 317
237, 318
237, 319
237, 255
110, 320
110, 192
110, 256
110, 128
110, 321
110, 193
110, 257
110, 129
110, 322
110, 194
110, 258
110, 130
110, 323
110, 195
110, 259
110, 131
110, 324
110, 196
110, 260
110, 132
110, 197
110, 261
110, 133
110, 198
110, 262
110, 134
110, 263
110, 135
110, 264
110, 136
110, 200
110, 265
110, 137
110, 201
110, 266
110, 138
110, 202
110, 267
110, 139
110, 203
110, 268
110, 140
110, 204
110, 269
110, 141
110, 205
110, 270
110, 142
110, 206
110, 143
110, 207
110, 144
110, 208
110, 272
110, 209
110, 273
110, 210
110, 274
110, 146
110, 211
110, 275
110, 147
110, 212
110, 276
110, 148
110, 213
110, 277
110, 149
110, 214
110, 278
110, 150
110, 215
110, 279
110, 151
110, 216
110, 280
110, 152
110, 281
110, 153
110, 282
110, 154
110, 218
110, 283
110, 155
110, 219
110, 284
110, 156
110, 220
110, 285
110, 157
110, 221
110, 286
110, 158
110, 222
110, 287
110, 159
110, 223
110, 288
110, 160
110, 224
110, 161
110, 225
110, 162
110, 226
110, 290
110, 227
110, 291
110, 228
110, 292
110, 164
110, 229
110, 293
110, 165
110, 230
110, 294
110, 166
110, 231
110, 295
110, 167
110, 232
110, 296
110, 168
110, 233
110, 297
110, 169
110, 234
110, 298
110, 170
110, 299
110, 171
110, 300
110, 172
110, 236
110, 301
110, 173
110, 237
110, 302
110, 174
110, 238
110, 303
110, 175
110, 239
110, 111
110, 304
110, 176
110, 240
110, 112
110, 305
110, 177
110, 241
110, 113
110, 306
110, 178
110, 242
110, 114
110, 179
110, 243
110, 115
110, 180
110, 244
110, 308
110, 116
110, 245
110, 309
110, 117
110, 246
110, 310
110, 118
110, 182
110, 247
110, 311
110, 119
110, 183
110, 248
110, 312
110, 120
110, 184
110, 249
110, 313
110, 121
110, 185
110, 250
110, 314
110, 122
110, 186
110, 251
110, 315
110, 123
110, 187
110, 252
110, 316
110, 124
110, 188
110, 317
110, 125
110, 189
110, 318
110, 126
110, 190
110, 254
110, 319
110, 191
110, 255
238, 320
238, 256
238, 321
238, 257
238, 322
238, 258
238, 323
238, 259
238, 324
238, 260
238, 261
238, 262
238, 263
238, 264
238, 265
238, 266
238, 267
238, 268
238, 269
238, 270
238, 274
238, 275
238, 276
238, 277
238, 278
238, 279
238, 280
238, 281
238, 282
238, 283
238, 284
238, 285
238, 286
238, 287
238, 288
238, 292
238, 293
238, 294
238, 295
238, 296
238, 297
238, 298
238, 299
238, 300
238, 301
238, 302
238, 303
238, 239
238, 304
238, 240
238, 305
238, 241
238, 306
238, 242
238, 243
238, 244
238, 245
238, 246
238, 310
238, 247
238, 311
238, 248
238, 312
238, 249
238, 313
238, 250
238, 314
238, 251
238, 315
238, 252
238, 316
238, 317
238, 318
238, 319
111, 320
111, 192
111, 256
111, 321
111, 193
111, 257
111, 129
111, 322
111, 194
111, 258
111, 130
111, 323
111, 195
111, 259
111, 131
111, 324
111, 196
111, 260
111, 132
111, 197
111, 261
111, 133
111, 198
111, 262
111, 134
111, 263
111, 135
111, 264
111, 136
111, 265
111, 137
111, 201
111, 266
111, 138
111, 202
111, 267
111, 139
111, 203
111, 268
111, 140
111, 204
111, 269
111, 141
111, 205
111, 270
111, 142
111, 206
111, 143
111, 207
111, 144
111, 208
111, 209
111, 273
111, 210
111, 274
111, 211
111, 275
111, 147
111, 212
111, 276
111, 148
111, 213
111, 277
111, 149
111, 214
111, 278
111, 150
111, 215
111, 279
111, 151
111, 216
111, 280
111, 152
111, 281
111, 153
111, 282
111, 154
111, 283
111, 155
111, 219
111, 284
111, 156
111, 220
111, 285
111, 157
111, 221
111, 286
111, 158
111, 222
111, 287
111, 159
111, 223
111, 288
111, 160
111, 224
111, 161
111, 225
111, 162
111, 226
111, 227
111, 291
111, 228
111, 292
111, 229
111, 293
111, 165
111, 230
111, 294
111, 166
111, 231
111, 295
111, 167
111, 232
111, 296
111, 168
111, 233
111, 297
111, 169
111, 234
111, 298
111, 170
111, 299
111, 171
111, 300
111, 172
111, 301
111, 173
111, 237
111, 302
111, 174
111, 238
111, 303
111, 175
111, 239
111, 304
111, 176
111, 240
111, 112
111, 305
111, 177
111, 241
111, 113
111, 306
111, 178
111, 242
111, 114
111, 179
111, 243
111, 115
111, 180
111, 244
111, 116
111, 245
111, 309
111, 117
111, 246
111, 310
111, 118
111, 247
111, 311
111, 119
111, 183
111, 248
111, 312
111, 120
111, 184
111, 249
111, 313
111, 121
111, 185
111, 250
111, 314
111, 122
111, 186
111, 251
111, 315
111, 123
111, 187
111, 252
111, 316
111, 124
111, 188
111, 317
111, 125
111, 189
111, 318
111, 126
111, 190
111, 319
111, 191
111, 255
239, 320
239, 321
239, 257
239, 322
239, 258
239, 323
239, 259
239, 324
239, 260
239, 261
239, 262
239, 263
239, 264
239, 265
239, 266
239, 267
239, 268
239, 269
239, 270
239, 275
239, 276
239, 277
239, 278
239, 279
239, 280
239, 281
239, 282
239, 283
239, 284
239, 285
239, 286
239, 287
239, 288
239, 293
239, 294
239, 295
239, 296
239, 297
239, 298
239, 299
239, 300
239, 301
239, 302
239, 303
239, 304
239, 240
239, 305
239, 241
239, 306
239, 242
239, 243
239, 244
239, 245
239, 246
239, 247
239, 311
239, 248
239, 312
239, 249
239, 313
239, 250
239, 314
239, 251
239, 315
239, 252
239, 316
239, 317
239, 318
239, 319
112, 320
112, 192
112, 256
112, 321
112, 193
112, 257
112, 322
112, 194
112, 258
112, 130
112, 323
112, 195
112, 259
112, 131
112, 324
112, 196
112, 260
112, 132
112, 197
112, 261
112, 133
112, 198
112, 262
112, 134
112, 263
112, 135
112, 264
112, 136
112, 265
112, 137
112, 266
112, 138
112, 202
112, 267
112, 139
112, 203
112, 268
112, 140
112, 204
112, 269
112, 141
112, 205
112, 270
112, 142
112, 206
112, 143
112, 207
112, 144
112, 208
112, 209
112, 210
112, 274
112, 211
112, 275
112, 212
112, 276
112, 148
112, 213
112, 277
112, 149
112, 214
112, 278
112, 150
112, 215
112, 279
112, 151
112, 216
112, 280
112, 152
112, 281
112, 153
112, 282
112, 154
112, 283
112, 155
112, 284
112, 156
112, 220
112, 285
112, 157
112, 221
112, 286
112, 158
112, 222
112, 287
112, 159
112, 223
112, 288
112, 160
112, 224
112, 161
112, 225
112, 162
112, 226
112, 227
112, 228
112, 292
112, 229
112, 293
112, 230
112, 294
112, 166
112, 231
112, 295
112, 167
112, 232
112, 296
112, 168
112, 233
112, 297
112, 169
112, 234
112, 298
112, 170
112, 299
112, 171
112, 300
112, 172
112, 301
112, 173
112, 302
112, 174
112, 238
112, 303
112, 175
112, 239
112, 304
112, 176
112, 240
112, 305
112, 177
112, 241
112, 113
112, 306
112, 178
112, 242
112, 114
112, 179
112, 243
112, 115
112, 180
112, 244
112, 116
112, 245
112, 117
112, 246
112, 310
112, 118
112, 247
112, 311
112, 119
112, 248
112, 312
112, 120
112, 184
112, 249
112, 313
112, 121
112, 185
112, 250
112, 314
112, 122
112, 186
112, 251
112, 315
112, 123
112, 187
112, 252
112, 316
112, 124
112, 188
112, 317
112, 125
112, 189
112, 318
112, 126
112, 190
112, 319
112, 191
240, 320
240, 321
240, 322
240, 258
240, 323
240, 259
240, 324
240, 260
240, 261
240, 262
240, 263
240, 264
240, 265
240, 266
240, 267
240, 268
240, 269
240, 270
240, 276
240, 277
240, 278
240, 279
240, 280
240, 281
240, 282
240, 283
240, 284
240, 285
240, 286
240, 287
240, 288
240, 294
240, 295
240, 296
240, 297
240, 298
240, 299
240, 300
240, 301
240, 302
240, 303
240, 304
240, 305
240, 241
240, 306
240, 242
240, 243
240, 244
240, 245
240, 246
240, 247
240, 248
240, 312
240, 249
240, 313
240, 250
240, 314
240, 251
240, 315
240, 252
240, 316
240, 317
240, 318
240, 319
113, 320
113, 192
113, 321
113, 193
113, 257
113, 322
113, 194
113, 258
113, 323
113, 195
113, 259
113, 131
113, 324
113, 196
113, 260
113, 132
113, 197
113, 261
113, 133
113, 198
113, 262
113, 134
113, 263
113, 135
113, 264
113, 136
113, 265
113, 137
113, 266
113, 138
113, 267
113, 139
113, 203
113, 268
113, 140
113, 204
113, 269
113, 141
113, 205
113, 270
113, 142
113, 206
113, 143
113, 207
113, 144
113, 208
113, 209
113, 210
113, 211
113, 275
113, 212
113, 276
113, 213
113, 277
113, 149
113, 214
113, 278
113, 150
113, 215
113, 279
113, 151
113, 216
113, 280
113, 152
113, 281
113, 153
113, 282
113, 154
113, 283
113, 155
113, 284
113, 156
113, 285
113, 157
113, 221
113, 286
113, 158
113, 222
113, 287
113, 159
113, 223
113, 288
113, 160
113, 224
113, 161
113, 225
113, 162
113, 226
113, 227
113, 228
113, 229
113, 293
113, 230
113, 294
113, 231
113, 295
113, 167
113, 232
113, 296
113, 168
113, 233
113, 297
113, 169
113, 234
113, 298
113, 170
113, 299
113, 171
113, 300
113, 172
113, 301
113, 173
113, 302
113, 174
113, 303
113, 175
113, 239
113, 304
113, 176
113, 240
113, 305
113, 177
113, 241
113, 306
113, 178
113, 242
113, 114
113, 179
113, 243
113, 115
113, 180
113, 244
113, 116
113, 245
113, 117
113, 246
113, 118
113, 247
113, 311
113, 119
113, 248
113, 312
113, 120
113, 249
113, 313
113, 121
113, 185
113, 250
113, 314
113, 122
113, 186
113, 251
113, 315
113, 123
113, 187
113, 252
113, 316
113, 124
113, 188
113, 317
113, 125
113, 189
113, 318
113, 126
113, 190
113, 319
113, 191
241, 320
241, 321
241, 322
241, 323
241, 259
241, 324
241, 260
241, 261
241, 262
241, 263
241, 264
241, 265
241, 266
241, 267
241, 268
241, 269
241, 270
241, 277
241, 278
241, 279
241, 280
241, 281
241, 282
241, 283
241, 284
241, 285
241, 286
241, 287
241, 288
241, 295
241, 296
241, 297
241, 298
241, 299
241, 300
241, 301
241, 302
241, 303
241, 304
241, 305
241, 306
241, 242
241, 243
241, 244
241, 245
241, 246
241, 247
241, 248
241, 249
241, 313
241, 250
241, 314
241, 251
241, 315
241, 252
241, 316
241, 317
241, 318
241, 319
114, 320
114, 192
114, 321
114, 193
114, 322
114, 194
114, 258
114, 323
114, 195
114, 259
114, 324
114, 196
114, 260
114, 132
114, 197
114, 261
114, 133
114, 198
114, 262
114, 134
114, 263
114, 135
114, 264
114, 136
114, 265
114, 137
114, 266
114, 138
114, 267
114, 139
114, 268
114, 140
114, 204
114, 269
114, 141
114, 205
114, 270
114, 142
114, 206
114, 143
114, 207
114, 144
114, 208
114, 209
114, 210
114, 211
114, 212
114, 276
114, 213
114, 277
114, 214
114, 278
114, 150
114, 215
114, 279
114, 151
114, 216
114, 280
114, 152
114, 281
114, 153
114, 282
114, 154
114, 283
114, 155
114, 284
114, 156
114, 285
114, 157
114, 286
114, 158
114, 222
114, 287
114, 159
114, 223
114, 288
114, 160
114, 224
114, 161
114, 225
114, 162
114, 226
114, 227
114, 228
114, 229
114, 230
114, 294
114, 231
114, 295
114, 232
114, 296
114, 168
114, 233
114, 297
114, 169
114, 234
114, 298
114, 170
114, 299
114, 171
114, 300
114, 172
114, 301
114, 173
114, 302
114, 174
114, 303
114, 175
114, 304
114, 176
114, 240
114, 305
114, 177
114, 241
114, 306
114, 178
114, 242
114, 179
114, 243
114, 115
114, 180
114, 244
114, 116
114, 245
114, 117
114, 246
114, 118
114, 247
114, 119
114, 248
114, 312
114, 120
114, 249
114, 313
114, 121
114, 250
114, 314
114, 122
114, 186
114, 251
114, 315
114, 123
114, 187
114, 252
114, 316
114, 124
114, 188
114, 317
114, 125
114, 189
114, 318
114, 126
114, 190
114, 319
114, 191
242, 320
242, 321
242, 322
242, 323
242, 324
242, 260
242, 261
242, 262
242, 263
242, 264
242, 265
242, 266
242, 267
242, 268
242, 269
242, 270
242, 278
242, 279
242, 280
242, 281
242, 282
242, 283
242, 284
242, 285
242, 286
242, 287
242, 288
242, 296
242, 297
242, 298
242, 299
242, 300
242, 301
242, 302
242, 303
242, 304
242, 305
242, 306
242, 243
242, 244
242, 245
242, 246
242, 247
242, 248
242, 249
242, 250
242, 314
242, 251
242, 315
242, 252
242, 316
242, 317
242, 318
242, 319
115, 320
115, 192
115, 321
115, 193
115, 322
115, 194
115, 323
115, 195
115, 259
115, 324
115, 196
115, 260
115, 197
115, 261
115, 133
115, 198
115, 262
115, 134
115, 263
115, 135
115, 264
115, 136
115, 265
115, 137
115, 266
115, 138
115, 267
115, 139
115, 268
115, 140
115, 269
115, 141
115, 205
115, 270
115, 142
115, 206
115, 143
115, 207
115, 144
115, 208
115, 209
115, 210
115, 211
115, 212
115, 213
115, 277
115, 214
115, 278
115, 215
115, 279
115, 151
115, 216
115, 280
115, 152
115, 281
115, 153
115, 282
115, 154
115, 283
115, 155
115, 284
115, 156
115, 285
115, 157
115, 286
115, 158
115, 287
115, 159
115, 223
115, 288
115, 160
115, 224
115, 161
115, 225
115, 162
115, 226
115, 227
115, 228
115, 229
115, 230
115, 231
115, 295
115, 232
115, 296
115, 233
115, 297
115, 169
115, 234
115, 298
115, 170
115, 299
115, 171
115, 300
115, 172
115, 301
115, 173
115, 302
115, 174
115, 303
115, 175
115, 304
115, 176
115, 305
115, 177
115, 241
115, 306
115, 178
115, 242
115, 179
115, 243
115, 180
115, 244
115, 116
115, 245
115, 117
115, 246
115, 118
115, 247
115, 119
115, 248
115, 120
115, 249
115, 313
115, 121
115, 250
115, 314
115, 122
115, 251
115, 315
115, 123
115, 187
115, 252
115, 316
115, 124
115, 188
115, 317
115, 125
115, 189
115, 318
115, 126
115, 190
115, 319
115, 191
243, 320
243, 321
243, 322
243, 323
243, 324
243, 261
243, 262
243, 263
243, 264
243, 265
243, 266
243, 267
243, 268
243, 269
243, 270
243, 279
243, 280
243, 281
243, 282
243, 283
243, 284
243, 285
243, 286
243, 287
243, 288
243, 297
243, 298
243, 299
243, 300
243, 301
243, 302
243, 303
243, 304
243, 305
243, 306
243, 244
243, 245
243, 246
243, 247
243, 248
243, 249
243, 250
243, 251
243, 315
243, 252
243, 316
243, 317
243, 318
243, 319
116, 320
116, 192
116, 321
116, 193
116, 322
116, 194
116, 323
116, 195
116, 324
116, 196
116, 260
116, 197
116, 261
116, 198
116, 262
116, 134
116, 263
116, 135
116, 264
116, 136
116, 265
116, 137
116, 266
116, 138
116, 267
116, 139
116, 268
116, 140
116, 269
116, 141
116, 270
116, 142
116, 206
116, 143
116, 207
116, 144
116, 208
116, 209
116, 210
116, 211
116, 212
116, 213
116, 214
116, 278
116, 215
116, 279
116, 216
116, 280
116, 152
116, 281
116, 153
116, 282
116, 154
116, 283
116, 155
116, 284
116, 156
116, 285
116, 157
116, 286
116, 158
116, 287
116, 159
116, 288
116, 160
116, 224
116, 161
116, 225
116, 162
116, 226
116, 227
116, 228
116, 229
116, 230
116, 231
116, 232
116, 296
116, 233
116, 297
116, 234
116, 298
116, 170
116, 299
116, 171
116, 300
116, 172
116, 301
116, 173
116, 302
116, 174
116, 303
116, 175
116, 304
116, 176
116, 305
116, 177
116, 306
116, 178
116, 242
116, 179
116, 243
116, 180
116, 244
116, 245
116, 117
116, 246
116, 118
116, 247
116, 119
116, 248
116, 120
116, 249
116, 121
116, 250
116, 314
116, 122
116, 251
116, 315
116, 123
116, 252
116, 316
116, 124
116, 188
116, 317
116, 125
116, 189
116, 318
116, 126
116, 190
116, 319
116, 191
244, 320
244, 321
244, 322
244, 323
244, 324
244, 262
244, 263
244, 264
244, 265
244, 266
244, 267
244, 268
244, 269
244, 270
244, 280
244, 281
244, 282
244, 283
244, 284
244, 285
244, 286
244, 287
244, 288
244, 298
244, 299
244, 300
244, 301
244, 302
244, 303
244, 304
244, 305
244, 306
244, 245
244, 246
244, 247
244, 248
244, 249
244, 250
244, 251
244, 252
244, 316
244, 317
244, 318
244, 319
117, 320
117, 192
117, 321
117, 193
117, 322
117, 194
117, 323
117, 195
117, 324
117, 196
117, 197
117, 261
117, 198
117, 262
117, 263
117, 135
117, 264
117, 136
117, 265
117, 137
117, 266
117, 138
117, 267
117, 139
117, 268
117, 140
117, 269
117, 141
117, 270
117, 142
117, 143
117, 207
117, 144
117, 208
117, 209
117, 210
117, 211
117, 212
117, 213
117, 214
117, 215
117, 279
117, 216
117, 280
117, 281
117, 153
117, 282
117, 154
117, 283
117, 155
117, 284
117, 156
117, 285
117, 157
117, 286
117, 158
117, 287
117, 159
117, 288
117, 160
117, 161
117, 225
117, 162
117, 226
117, 227
117, 228
117, 229
117, 230
117, 231
117, 232
117, 233
117, 297
117, 234
117, 298
117, 299
117, 171
117, 300
117, 172
117, 301
117, 173
117, 302
117, 174
117, 303
117, 175
117, 304
117, 176
117, 305
117, 177
117, 306
117, 178
117, 179
117, 243
117, 180
117, 244
117, 245
117, 246
117, 118
117, 247
117, 119
117, 248
117, 120
117, 249
117, 121
117, 250
117, 122
117, 251
117, 315
117, 123
117, 252
117, 316
117, 124
117, 317
117, 125
117, 189
117, 318
117, 126
117, 190
117, 319
117, 191
245, 320
245, 321
245, 322
245, 323
245, 324
245, 263
245, 264
245, 265
245, 266
245, 267
245, 268
245, 269
245, 270
245, 281
245, 282
245, 283
245, 284
245, 285
245, 286
245, 287
245, 288
245, 299
245, 300
245, 301
245, 302
245, 303
245, 304
245, 305
245, 306
245, 246
245, 247
245, 248
245, 249
245, 250
245, 251
245, 252
245, 317
245, 318
245, 319
118, 320
118, 192
118, 321
118, 193
118, 322
118, 194
118, 323
118, 195
118, 324
118, 196
118, 197
118, 198
118, 262
118, 263
118, 264
118, 136
118, 265
118, 137
118, 266
118, 138
118, 267
118, 139
118, 268
118, 140
118, 269
118, 141
118, 270
118, 142
118, 143
118, 144
118, 208
118, 209
118, 210
118, 211
118, 212
118, 213
118, 214
118, 215
118, 216
118, 280
118, 281
118, 282
118, 154
118, 283
118, 155
118, 284
118, 156
118, 285
118, 157
118, 286
118, 158
118, 287
118, 159
118, 288
118, 160
118, 161
118, 162
118, 226
118, 227
118, 228
118, 229
118, 230
118, 231
118, 232
118, 233
118, 234
118, 298
118, 299
118, 300
118, 172
118, 301
118, 173
118, 302
118, 174
118, 303
118, 175
118, 304
118, 176
118, 305
118, 177
118, 306
118, 178
118, 179
118, 180
118, 244
118, 245
118, 246
118, 247
118, 119
118, 248
118, 120
118, 249
118, 121
118, 250
118, 122
118, 251
118, 123
118, 252
118, 316
118, 124
118, 317
118, 125
118, 318
118, 126
118, 190
118, 319
118, 191
246, 320
246, 321
246, 322
246, 323
246, 324
246, 264
246, 265
246, 266
246, 267
246, 268
246, 269
246, 270
246, 282
246, 283
246, 284
246, 285
246, 286
246, 287
246, 288
246, 300
246, 301
246, 302
246, 303
246, 304
246, 305
246, 306
246, 247
246, 248
246, 249
246, 250
246, 251
246, 252
246, 318
246, 319
119, 320
119, 192
119, 321
119, 193
119, 322
119, 194
119, 323
119, 195
119, 324
119, 196
119, 197
119, 198
119, 263
119, 264
119, 265
119, 137
119, 266
119, 138
119, 267
119, 139
119, 268
119, 140
119, 269
119, 141
119, 270
119, 142
119, 143
119, 144
119, 209
119, 210
119, 211
119, 212
119, 213
119, 214
119, 215
119, 216
119, 281
119, 282
119, 283
119, 155
119, 284
119, 156
119, 285
119, 157
119, 286
119, 158
119, 287
119, 159
119, 288
119, 160
119, 161
119, 162
119, 227
119, 228
119, 229
119, 230
119, 231
119, 232
119, 233
119, 234
119, 299
119, 300
119, 301
119, 173
119, 302
119, 174
119, 303
119, 175
119, 304
119, 176
119, 305
119, 177
119, 306
119, 178
119, 179
119, 180
119, 245
119, 246
119, 247
119, 248
119, 120
119, 249
119, 121
119, 250
119, 122
119, 251
119, 123
119, 252
119, 124
119, 317
119, 125
119, 318
119, 126
119, 319
119, 191
247, 320
247, 321
247, 322
247, 323
247, 324
247, 265
247, 266
247, 267
247, 268
247, 269
247, 270
247, 283
247, 284
247, 285
247, 286
247, 287
247, 288
247, 301
247, 302
247, 303
247, 304
247, 305
247, 306
247, 248
247, 249
247, 250
247, 251
247, 252
247, 319
120, 320
120, 192
120, 321
120, 193
120, 322
120, 194
120, 323
120, 195
120, 324
120, 196
120, 197
120, 198
120, 264
120, 265
120, 266
120, 138
120, 267
120, 139
120, 268
120, 140
120, 269
120, 141
120, 270
120, 142
120, 143
120, 144
120, 210
120, 211
120, 212
120, 213
120, 214
120, 215
120, 216
120, 282
120, 283
120, 284
120, 156
120, 285
120, 157
120, 286
120, 158
120, 287
120, 159
120, 288
120, 160
120, 161
120, 162
120, 228
120, 229
120, 230
120, 231
120, 232
120, 233
120, 234
120, 300
120, 301
120, 302
120, 174
120, 303
120, 175
120, 304
120, 176
120, 305
120, 177
120, 306
120, 178
120, 179
120, 180
120, 246
120, 247
120, 248
120, 249
120, 121
120, 250
120, 122
120, 251
120, 123
120, 252
120, 124
120, 125
120, 318
120, 126
120, 319
248, 320
248, 321
248, 322
248, 323
248, 324
248, 266
248, 267
248, 268
248, 269
248, 270
248, 284
248, 285
248, 286
248, 287
248, 288
248, 302
248, 303
248, 304
248, 305
248, 306
248, 249
248, 250
248, 251
248, 252
121, 320
121, 321
121, 193
121, 322
121, 194
121, 323
121, 195
121, 324
121, 196
121, 197
121, 198
121, 265
121, 266
121, 267
121, 139
121, 268
121, 140
121, 269
121, 141
121, 270
121, 142
121, 143
121, 144
121, 211
121, 212
121, 213
121, 214
121, 215
121, 216
121, 283
121, 284
121, 285
121, 157
121, 286
121, 158
121, 287
121, 159
121, 288
121, 160
121, 161
121, 162
121, 229
121, 230
121, 231
121, 232
121, 233
121, 234
121, 301
121, 302
121, 303
121, 175
121, 304
121, 176
121, 305
121, 177
121, 306
121, 178
121, 179
121, 180
121, 247
121, 248
121, 249
121, 250
121, 122
121, 251
121, 123
121, 252
121, 124
121, 125
121, 126
121, 319
249, 321
249, 322
249, 323
249, 324
249, 267
249, 268
249, 269
249, 270
249, 285
249, 286
249, 287
249, 288
249, 303
249, 304
249, 305
249, 306
249, 250
249, 251
249, 252
122, 320
122, 321
122, 322
122, 194
122, 323
122, 195
122, 324
122, 196
122, 197
122, 198
122, 266
122, 267
122, 268
122, 140
122, 269
122, 141
122, 270
122, 142
122, 143
122, 144
122, 212
122, 213
122, 214
122, 215
122, 216
122, 284
122, 285
122, 286
122, 158
122, 287
122, 159
122, 288
122, 160
122, 161
122, 162
122, 230
122, 231
122, 232
122, 233
122, 234
122, 302
122, 303
122, 304
122, 176
122, 305
122, 177
122, 306
122, 178
122, 179
122, 180
122, 248
122, 249
122, 250
122, 251
122, 123
122, 252
122, 124
122, 125
122, 126
250, 322
250, 323
250, 324
250, 268
250, 269
250, 270
250, 286
250, 287
250, 288
250, 304
250, 305
250, 306
250, 251
250, 252
123, 321
123, 322
123, 323
123, 195
123, 324
123, 196
123, 197
123, 198
123, 267
123, 268
123, 269
123, 141
123, 270
123, 142
123, 143
123, 144
123, 213
123, 214
123, 215
123, 216
123, 285
123, 286
123, 287
123, 159
123, 288
123, 160
123, 161
123, 162
123, 231
123, 232
123, 233
123, 234
123, 303
123, 304
123, 305
123, 177
123, 306
123, 178
123, 179
123, 180
123, 249
123, 250
123, 251
123, 252
123, 124
123, 125
123, 126
251, 323
251, 324
251, 269
251, 270
251, 287
251, 288
251, 305
251, 306
251, 252
252, 324
252, 306
252, 288
252, 270
124, 322
124, 323
124, 324
124, 196
124, 197
124, 198
124, 268
124, 269
124, 270
124, 142
124, 143
124, 144
124, 214
124, 215
124, 216
124, 286
124, 287
124, 288
124, 160
124, 161
124, 162
124, 232
124, 233
124, 234
124, 304
124, 305
124, 306
124, 178
124, 179
124, 180
124, 250
124, 251
124, 252
124, 125
124, 126
125, 323
125, 324
125, 197
125, 198
125, 269
125, 270
125, 143
125, 144
125, 215
125, 216
125, 287
125, 288
125, 161
125, 162
125, 233
125, 234
125, 305
125, 306
125, 179
125, 180
125, 251
125, 252
125, 126
253, 320
253, 256
253, 321
253, 257
253, 322
253, 258
253, 323
253, 259
253, 324
253, 260
253, 261
253, 262
253, 263
253, 264
253, 265
253, 266
253, 267
253, 268
253, 269
253, 270
253, 271
253, 272
253, 273
253, 274
253, 275
253, 276
253, 277
253, 278
253, 279
253, 280
253, 281
253, 282
253, 283
253, 284
253, 285
253, 286
253, 287
253, 288
253, 289
253, 290
253, 291
253, 292
253, 293
253, 294
253, 295
253, 296
253, 297
253, 298
253, 299
253, 300
253, 301
253, 302
253, 303
253, 304
253, 305
253, 306
253, 307
253, 308
253, 309
253, 310
253, 311
253, 312
253, 313
253, 314
253, 315
253, 316
253, 317
253, 318
253, 254
253, 319
253, 255
126, 324
126, 198
126, 270
126, 144
126, 216
126, 288
126, 162
126, 234
126, 306
126, 180
126, 252
254, 320
254, 256
254, 321
254, 257
254, 322
254, 258
254, 323
254, 259
254, 324
254, 260
254, 261
254, 262
254, 263
254, 264
254, 265
254, 266
254, 267
254, 268
254, 269
254, 270
254, 272
254, 273
254, 274
254, 275
254, 276
254, 277
254, 278
254, 279
254, 280
254, 281
254, 282
254, 283
254, 284
254, 285
254, 286
254, 287
254, 288
254, 290
254, 291
254, 292
254, 293
254, 294
254, 295
254, 296
254, 297
254, 298
254, 299
254, 300
254, 301
254, 302
254, 303
254, 304
254, 305
254, 306
254, 308
254, 309
254, 310
254, 311
254, 312
254, 313
254, 314
254, 315
254, 316
254, 317
254, 318
254, 319
254, 255
127, 320
127, 192
127, 256
127, 128
127, 321
127, 193
127, 257
127, 129
127, 322
127, 194
127, 258
127, 130
127, 323
127, 195
127, 259
127, 131
127, 324
127, 196
127, 260
127, 132
127, 197
127, 261
127, 133
127, 198
127, 262
127, 134
127, 263
127, 135
127, 199
127, 264
127, 136
127, 200
127, 265
127, 137
127, 201
127, 266
127, 138
127, 202
127, 267
127, 139
127, 203
127, 268
127, 140
127, 204
127, 269
127, 141
127, 205
127, 270
127, 142
127, 206
127, 143
127, 207
127, 271
127, 144
127, 208
127, 272
127, 209
127, 273
127, 145
127, 210
127, 274
127, 146
127, 211
127, 275
127, 147
127, 212
127, 276
127, 148
127, 213
127, 277
127, 149
127, 214
127, 278
127, 150
127, 215
127, 279
127, 151
127, 216
127, 280
127, 152
127, 281
127, 153
127, 217
127, 282
127, 154
127, 218
127, 283
127, 155
127, 219
127, 284
127, 156
127, 220
127, 285
127, 157
127, 221
127, 286
127, 158
127, 222
127, 287
127, 159
127, 223
127, 288
127, 160
127, 224
127, 161
127, 225
127, 289
127, 162
127, 226
127, 290
127, 227
127, 291
127, 163
127, 228
127, 292
127, 164
127, 229
127, 293
127, 165
127, 230
127, 294
127, 166
127, 231
127, 295
127, 167
127, 232
127, 296
127, 168
127, 233
127, 297
127, 169
127, 234
127, 298
127, 170
127, 299
127, 171
127, 235
127, 300
127, 172
127, 236
127, 301
127, 173
127, 237
127, 302
127, 174
127, 238
127, 303
127, 175
127, 239
127, 304
127, 176
127, 240
127, 305
127, 177
127, 241
127, 306
127, 178
127, 242
127, 179
127, 243
127, 307
127, 180
127, 244
127, 308
127, 245
127, 309
127, 181
127, 246
127, 310
127, 182
127, 247
127, 311
127, 183
127, 248
127, 312
127, 184
127, 249
127, 313
127, 185
127, 250
127, 314
127, 186
127, 251
127, 315
127, 187
127, 252
127, 316
127, 188
127, 317
127, 189
127, 253
127, 318
127, 190
127, 254
127, 319
127, 191
127, 255
255, 320
255, 256
255, 321
255, 257
255, 322
255, 258
255, 323
255, 259
255, 324
255, 260
255, 261
255, 262
255, 263
255, 264
255, 265
255, 266
255, 267
255, 268
255, 269
255, 270
255, 273
255, 274
255, 275
255, 276
255, 277
255, 278
255, 279
255, 280
255, 281
255, 282
255, 283
255, 284
255, 285
255, 286
255, 287
255, 288
255, 291
255, 292
255, 293
255, 294
255, 295
255, 296
255, 297
255, 298
255, 299
255, 300
255, 301
255, 302
255, 303
255, 304
255, 305
255, 306
255, 309
255, 310
255, 311
255, 312
255, 313
255, 314
255, 315
255, 316
255, 317
255, 318
255, 319
