CreateTableRealTime,CreateTableCPUTime,LoadDataRealTime,LoadDataCPUTime,CreateIndexRealTime,CreateIndexCPUTime,AnalyzeRealTime,AnalyzeCPUTime,ExecuteQueryRealTime,ExecuteQueryCPUTime,WriteResultRealTime,WriteResultCPUTime
0.019999995827674866,0.0,0.3499999940395355,0.0,0.7400000020861626,0.0,0.23000000417232513,0.0,0.4099999964237213,0.0,0.03999999910593033,0.0
0.020000003278255463,0.0,0.3799999952316284,0.0,0.7800000011920929,0.0,0.20000000298023224,0.0,0.4699999988079071,0.0,0.030000001192092896,0.0
0.019999995827674866,0.0,0.32999999821186066,0.0,0.7800000011920929,0.0,0.22999999672174454,0.0,0.4700000062584877,0.0,0.0299999937415123,0.0
Average,0.019999998311201733,0.0,0.3533333291610082,0.0,0.7666666681567827,0.0,0.22000000129143396,0.0,0.45000000049670535,0.0,0.03333333134651184,0.0
