CreateTableRealTime,CreateTableCPUTime,LoadDataRealTime,LoadDataCPUTime,CreateIndexRealTime,CreateIndexCPUTime,AnalyzeRealTime,AnalyzeCPUTime,ExecuteQueryRealTime,ExecuteQueryCPUTime,WriteResultRealTime,WriteResultCPUTime
0.02006479201372713,5.699999999997374e-05,0.32878216699464247,0.0003809999999999647,0.5701878330437467,0.00048599999999998644,0.1768369590281509,0.00026799999999999047,0.5770382500486448,0.00010899999999997023,0.07593008398544043,0.000258000000000036
0.023543165996670723,8.900000000000574e-05,0.2984202500083484,0.00028799999999995496,0.5568460000213236,0.00022199999999999998,0.16670808399794623,0.00017500000000003624,0.5303148750099353,0.00017000000000000348,0.07680325000546873,0.00029200000000001447
0.023693583032581955,5.1999999999996493e-05,0.31902012496721,0.00025999999999998247,0.5681337920250371,0.00019700000000000273,0.1670854590483941,0.00017599999999995397,0.5209040000336245,0.00019399999999997197,0.07513458398170769,0.00031999999999998696
0.02207074995385483,3.700000000000925e-05,0.321027708996553,0.0002830000000000332,0.5583567499998026,0.00029200000000001447,0.16527895804028958,0.00021799999999999597,0.5150485420017503,0.00020999999999998797,0.07523408299311996,0.00013999999999997348
0.02452495798934251,7.899999999999574e-05,0.32193587499205023,0.00023999999999996247,0.5563551660161465,0.0002550000000000052,0.169276416010689,0.00011299999999997423,0.5546687500318512,0.000152000000000041,0.07432504097232595,0.00016399999999999748
Average,0.02277944979723543,6.279999999999619e-05,0.31783722519176083,0.0002903999999999796,0.5619759082212112,0.00029040000000000175,0.16903717522509396,0.00018999999999999017,0.5395948834251613,0.00016699999999999492,0.07548540838761256,0.00023480000000000167
