CreateTableRealTime,CreateTableCPUTime,LoadDataRealTime,LoadDataCPUTime,CreateIndexRealTime,CreateIndexCPUTime,AnalyzeRealTime,AnalyzeCPUTime,ExecuteQueryRealTime,ExecuteQueryCPUTime,WriteResultRealTime,WriteResultCPUTime
0.023514292028266937,6.500000000003725e-05,0.33348545798799023,0.00021999999999999797,0.571015042020008,0.00038399999999999546,0.1790257910033688,0.00024099999999999122,0.7485267920419574,0.0002869999999999817,0.1297834170400165,0.00020199999999997997
0.026404667005408555,8.80000000000325e-05,0.3505498330341652,0.00036799999999997945,0.5323988749878481,0.0002670000000000172,0.18039412499638274,0.00016900000000003024,0.7900885830167681,9.899999999996023e-05,0.12861716700717807,0.0002749999999999697
0.013599166995845735,5.300000000002525e-05,0.2998038749792613,0.0003130000000000077,0.5467919589718804,0.0003029999999999977,0.18332070799078792,0.00024400000000002198,0.7527140830061398,0.00016700000000002824,0.12922974996035919,0.00037399999999998546
0.02430820796871558,6.999999999995898e-05,0.3413975840085186,0.00024200000000001998,0.5605700829764828,0.00027599999999999847,0.18057945900363848,0.00014900000000001024,0.7637424169806764,9.700000000001374e-05,0.1348581250058487,0.00022100000000002673
0.015622833976522088,5.8000000000002494e-05,0.297916375042405,0.00017800000000001148,0.555761750030797,0.00026599999999998847,0.17063758295262232,0.00016599999999999948,0.7779917499865405,0.00015999999999999348,0.13194375002058223,0.0002449999999999952
Average,0.02068983359495178,6.68000000000113e-05,0.3246306250104681,0.00026420000000000333,0.5533075417974033,0.00029919999999999947,0.17879153318936006,0.00019380000000001062,0.7666127250064164,0.00016199999999999548,0.13088644180679693,0.00026339999999999144
