CreateTableRealTime,CreateTableCPUTime,LoadDataRealTime,LoadDataCPUTime,CreateIndexRealTime,CreateIndexCPUTime,AnalyzeRealTime,AnalyzeCPUTime,ExecuteQueryRealTime,ExecuteQueryCPUTime,WriteResultRealTime,WriteResultCPUTime
0.01868191600078717,6.499999999998174e-05,0.2931184589979239,0.0002989999999999937,0.5406557919923216,0.00023899999999998922,0.18594925000797957,0.00015500000000001624,0.27952137496322393,0.00021000000000004349,0.029656375001650304,0.00030800000000003047
0.01877704099752009,5.699999999997374e-05,0.3058968329569325,0.00038599999999999746,0.57370816700859,0.00034600000000001296,0.1731628340203315,0.00021699999999996722,0.2797343750135042,0.00016500000000002624,0.02491741703124717,0.0002469999999999972
0.01731924997875467,0.00013599999999996948,0.2961868339916691,0.00034400000000001096,0.5561574579915032,0.0004030000000000422,0.1768806250183843,0.00020799999999998597,0.27898366696899757,0.00018099999999998673,0.029216957977041602,0.0003290000000000237
0.016714999976102263,8.099999999999774e-05,0.275197708979249,0.00035200000000001896,0.5779215000220574,0.0004709999999999992,0.14459541701944545,0.0002810000000000312,0.2625017910031602,0.00024000000000001798,0.030130708997603506,0.0003489999999999882
0.013631584006361663,5.3999999999998494e-05,0.28200937499059364,0.00034000000000000696,0.5537477919715457,0.00025799999999998047,0.15767466701800004,0.00023199999999995446,0.29164295800728723,0.0002770000000000272,0.03012779197888449,0.0002909999999999857
Average,0.017024958191905172,7.859999999998424e-05,0.29048184198327365,0.0003442000000000056,0.5604381417972035,0.0003434000000000048,0.16765255861682818,0.00021859999999999103,0.2784768331912346,0.00021460000000002034,0.028809850197285415,0.0003048000000000051
