CreateTableRealTime,CreateTableCPUTime,LoadDataRealTime,LoadDataCPUTime,CreateIndexRealTime,CreateIndexCPUTime,AnalyzeRealTime,AnalyzeCPUTime,ExecuteQueryRealTime,ExecuteQueryCPUTime,WriteResultRealTime,WriteResultCPUTime
0.020000003278255463,0.0,0.3500000014901161,0.0,0.619999997317791,0.0,0.17999999970197678,0.0,0.7800000011920929,0.0,0.10000000149011612,0.0
0.009999997913837433,0.0,0.3200000002980232,0.0,0.6499999985098839,0.0,0.20000000298023224,0.0,0.75,0.0,0.09999999403953552,0.0
0.009999997913837433,0.0,0.3200000002980232,0.0,0.5900000035762787,0.0,0.17999999970197678,0.0,0.8500000014901161,0.0,0.10999999940395355,0.0
Average,0.01333333303531011,0.0,0.33000000069538754,0.0,0.6199999998013178,0.0,0.18666666746139526,0.0,0.793333334227403,0.0,0.10333333164453506,0.0
