CreateTableRealTime,CreateTableCPUTime,LoadDataRealTime,LoadDataCPUTime,CreateIndexRealTime,CreateIndexCPUTime,AnalyzeRealTime,AnalyzeCPUTime,ExecuteQueryRealTime,ExecuteQueryCPUTime,WriteResultRealTime,WriteResultCPUTime
0.030000001192092896,0.0,0.3700000047683716,0.0,0.75,0.0,0.25999999791383743,0.0,0.5099999979138374,0.0,0.03999999910593033,0.020000000000000004
0.019999995827674866,0.0,0.4299999997019768,0.0,0.7899999991059303,0.0,0.22999999672174454,0.0,0.5600000023841858,0.0,0.03999999910593033,0.0
0.019999995827674866,0.0,0.3400000035762787,0.0,0.7899999991059303,0.0,0.29999999701976776,0.0,0.5400000065565109,0.0,0.03999999910593033,0.0
Average,0.02333333094914754,0.0,0.380000002682209,0.0,0.7766666660706202,0.0,0.26333333055178326,0.0,0.5366666689515114,0.0,0.03999999910593033,0.006666666666666668
