CreateTableRealTime,CreateTableCPUTime,LoadDataRealTime,LoadDataCPUTime,CreateIndexRealTime,CreateIndexCPUTime,AnalyzeRealTime,AnalyzeCPUTime,ExecuteQueryRealTime,ExecuteQueryCPUTime,WriteResultRealTime,WriteResultCPUTime
0.024032958026509732,4.100000000001325e-05,0.3206986660370603,0.00029999999999996696,0.5567678340012208,0.00033800000000000496,0.17552574997534975,0.00021399999999999197,0.2226695420104079,0.00010300000000001974,0.018893959000706673,9.999999999998899e-05
0.020125666982494295,7.699999999999374e-05,0.2996124580386095,0.00034999999999996145,0.584987916983664,0.00039200000000000346,0.18676087498897687,0.00020000000000003348,0.24253729201154783,0.00021199999999998997,0.03774504200555384,0.00021900000000002473
0.014698916987981647,5.499999999997174e-05,0.2633067079586908,0.00029999999999996696,0.5460432499530725,0.0002650000000000152,0.16408691700780764,0.00017599999999995397,0.2055995420087129,0.000124000000000013,0.01776058302493766,0.00017199999999994997
0.01371633296366781,6.0000000000004494e-05,0.2611709999619052,0.00023800000000001598,0.5470607919851318,0.00027800000000000047,0.17148137500043958,8.00000000000245e-05,0.2059738750103861,6.699999999998374e-05,0.01774641702650115,8.60000000000305e-05
0.013655665970873088,5.099999999996774e-05,0.25820012495387346,0.00022899999999997922,0.5489588329801336,0.00025599999999997847,0.16136991599341854,0.00013699999999999823,0.20082550001097843,0.00011299999999997423,0.017682834004517645,0.000152000000000041
Average,0.017245908186305316,5.679999999999019e-05,0.28059779139002783,0.0002833999999999781,0.5567637251806445,0.0003058000000000005,0.17184496659319848,0.00016140000000000043,0.21552115021040663,0.00012379999999999612,0.021965767012443394,0.00014580000000000704
