CreateTableRealTime,CreateTableCPUTime,LoadDataRealTime,LoadDataCPUTime,CreateIndexRealTime,CreateIndexCPUTime,AnalyzeRealTime,AnalyzeCPUTime,ExecuteQueryRealTime,ExecuteQueryCPUTime,WriteResultRealTime,WriteResultCPUTime
0.021899368000049435,0.00015300000000001424,0.3103072570002041,0.00022060000000001523,0.6064048550001644,0.0002675000000000316,0.17036598100003175,0.00013049999999997786,0.24324400500017873,0.00015239999999999698,0.021035686999766767,0.00033280000000002197
0.017980478999561456,0.00012260000000002824,0.2775438819999181,0.0002719000000000471,0.6564548030000878,0.00021650000000000835,0.1923431149998578,0.00016130000000003086,0.27016173899983187,0.00013049999999997786,0.020496087000083207,0.0001975000000000171
Average,0.019939923499805445,0.00013780000000002124,0.2939255695000611,0.00024625000000003117,0.6314298290001261,0.00024200000000001998,0.18135454799994477,0.00014590000000000436,0.2567028720000053,0.00014144999999998742,0.020765886999924987,0.00026515000000001954
