CreateTableRealTime,CreateTableCPUTime,LoadDataRealTime,LoadDataCPUTime,CreateIndexRealTime,CreateIndexCPUTime,AnalyzeRealTime,AnalyzeCPUTime,ExecuteQueryRealTime,ExecuteQueryCPUTime,WriteResultRealTime,WriteResultCPUTime
0.01817870797822252,5.700000000002925e-05,0.2800204160157591,0.00019299999999999873,0.5392390000051819,0.00039800000000000946,0.16677220800193027,0.0003070000000000017,0.18878945900360122,0.00025999999999998247,0.018813333997968584,0.00035000000000001696
0.011132250016089529,4.999999999999449e-05,0.2177619159920141,0.00016300000000002424,0.48859758296748623,0.00019200000000002548,0.15191399998730049,0.00016199999999999548,0.17132887500338256,0.000128000000000017,0.014563457982148975,0.0002489999999999992
0.020651208993513137,6.700000000003925e-05,0.2714771250030026,0.0003350000000000297,0.5602165419841185,0.0004450000000000287,0.17963750002672896,0.00022600000000000398,0.2289776669931598,0.00021799999999999597,0.019052667019423097,0.0004050000000000442
0.018972999998368323,6.40000000000085e-05,0.2856458749738522,0.00034400000000001096,0.5850592919741757,0.00032599999999999296,0.18419870804063976,0.00017800000000001148,0.19197062501916662,0.00014900000000001024,0.018211833958048373,0.00019700000000000273
0.01882724999450147,6.0000000000004494e-05,0.2763716250192374,0.0002969999999999917,0.5535638750297949,0.00027399999999999647,0.186923208006192,0.00018099999999998673,0.20416650001425296,0.00020100000000000673,0.01703104202169925,0.00033799999999994945
Average,0.017552483396138997,5.96000000000152e-05,0.2662553914007731,0.0002664000000000111,0.5453352583921515,0.0003270000000000106,0.1738891248125583,0.00021079999999999987,0.19704662520671262,0.00019120000000000248,0.017534466995857655,0.0003078000000000025
