CreateTableRealTime,CreateTableCPUTime,LoadDataRealTime,LoadDataCPUTime,CreateIndexRealTime,CreateIndexCPUTime,AnalyzeRealTime,AnalyzeCPUTime,ExecuteQueryRealTime,ExecuteQueryCPUTime,WriteResultRealTime,WriteResultCPUTime
0.019114339999759977,0.00023370000000000335,0.32057727800020075,0.00018210000000001836,0.6447052589996929,0.0002751000000000281,0.23930502300027,0.00022739999999998872,0.7841476609996789,0.0001482999999999901,0.07055804000037824,0.00017890000000003736
0.015431514000283642,0.00017169999999999686,0.2956152930000826,0.0001788000000000345,0.700762967999708,0.00020500000000001073,0.19162916699997368,0.0001494999999999691,0.7926349760000448,0.00016680000000002249,0.08290893200000937,0.0003923000000000121
Average,0.01727292700002181,0.0002027000000000001,0.3080962855001417,0.00018045000000002642,0.6727341134997005,0.00024005000000001941,0.21546709500012184,0.0001884499999999789,0.7883913184998619,0.0001575500000000063,0.0767334860001938,0.0002856000000000247
