CreateTableRealTime,CreateTableCPUTime,LoadDataRealTime,LoadDataCPUTime,CreateIndexRealTime,CreateIndexCPUTime,AnalyzeRealTime,AnalyzeCPUTime,ExecuteQueryRealTime,ExecuteQueryCPUTime,WriteResultRealTime,WriteResultCPUTime
0.009812709002289921,4.8000000000048004e-05,0.22512587497476488,0.00019999999999997797,0.5082449589972384,0.0003150000000000097,0.17169950000243261,0.0002469999999999972,0.22664329200051725,0.00020500000000001073,0.024272708978969604,0.0003170000000000117
0.014078874955885112,6.099999999997774e-05,0.26425495801959187,0.0003170000000000117,0.5547324169892818,0.0003070000000000017,0.17550625000149012,0.00019100000000005224,0.23831699998117983,0.00020100000000000673,0.024535208009183407,0.0003150000000000097
0.017159125010948628,6.100000000003325e-05,0.2890312080271542,0.0002670000000000172,0.5587962920544669,0.0002889999999999837,0.1581821659929119,0.00019299999999999873,0.23652204201789573,0.00021100000000001673,0.024307542014867067,0.0002869999999999817
0.011850709037389606,6.40000000000085e-05,0.2675127909751609,0.0002889999999999837,0.5615075420355424,0.0003889999999999727,0.1624004160403274,0.00021799999999999597,0.25882624997757375,0.00019599999999997397,0.02530554198892787,0.00037999999999999146
0.017731582978740335,6.899999999998574e-05,0.2562727499753237,0.00032399999999999096,0.5376613750122488,0.0002530000000000032,0.17972420796286315,0.00024999999999997247,0.22851566603640094,0.00021300000000001873,0.024340041971299797,0.00030799999999997496
Average,0.01412660019705072,6.060000000001065e-05,0.2604395163943991,0.00027939999999999633,0.5441885170177556,0.0003105999999999942,0.16950250800000505,0.00021980000000000334,0.2377648500027135,0.00020520000000000537,0.02455220859264955,0.00032139999999999393
