CreateTableRealTime,CreateTableCPUTime,LoadDataRealTime,LoadDataCPUTime,CreateIndexRealTime,CreateIndexCPUTime,AnalyzeRealTime,AnalyzeCPUTime,ExecuteQueryRealTime,ExecuteQueryCPUTime,WriteResultRealTime,WriteResultCPUTime
0.019999995827674866,0.0,0.3200000002980232,0.0,0.6400000005960464,0.0,0.20999999344348907,0.0,0.45000000298023224,0.0,0.030000001192092896,0.0
0.020000003278255463,0.0,0.28999999910593033,0.02000000000000001,0.619999997317791,0.0,0.20000000298023224,0.0,2.9600000008940697,0.0,0.04999999701976776,0.0
0.17999999970197678,0.0,0.42000000178813934,0.0,0.5899999961256981,0.0,0.1900000050663948,0.0,0.44999999552965164,0.0,0.030000001192092896,0.0
Average,0.07333333293596904,0.0,0.34333333373069763,0.0066666666666666706,0.6166666646798452,0.0,0.20000000049670538,0.0,1.2866666664679844,0.0,0.03666666646798452,0.0
