CreateTableRealTime,CreateTableCPUTime,LoadDataRealTime,LoadDataCPUTime,CreateIndexRealTime,CreateIndexCPUTime,AnalyzeRealTime,AnalyzeCPUTime,ExecuteQueryRealTime,ExecuteQueryCPUTime,WriteResultRealTime,WriteResultCPUTime
0.019999995827674866,0.0,0.41999999433755875,0.0,0.8300000056624413,0.0,0.2199999988079071,0.0,0.32999999821186066,0.0,0.020000003278255463,0.0
0.030000001192092896,0.0,0.3500000014901161,0.0,0.7899999991059303,0.0,0.24000000208616257,0.0,0.3500000014901161,0.0,0.019999995827674866,0.0
0.020000003278255463,0.0,0.39000000059604645,0.0,0.8500000014901161,0.0,0.2800000011920929,0.0,0.3399999961256981,0.0,0.020000003278255463,0.0
Average,0.023333333432674408,0.0,0.3866666654745738,0.0,0.8233333354194959,0.0,0.2466666673620542,0.0,0.339999998609225,0.0,0.020000000794728596,0.0
