CreateTableRealTime,CreateTableCPUTime,LoadDataRealTime,LoadDataCPUTime,CreateIndexRealTime,CreateIndexCPUTime,AnalyzeRealTime,AnalyzeCPUTime,ExecuteQueryRealTime,ExecuteQueryCPUTime,WriteResultRealTime,WriteResultCPUTime
0.020000003278255463,0.0,0.35999999940395355,0.0,0.6400000005960464,0.0,0.1900000050663948,0.0,0.4399999976158142,0.0,0.03999999910593033,0.0
0.019999995827674866,0.0,0.3099999949336052,0.0,0.619999997317791,0.0,0.2199999988079071,0.0,0.4400000050663948,0.0,0.04999999701976776,0.0
0.020000003278255463,0.0,0.29999999701976776,0.0,0.6200000047683716,0.0,0.1899999976158142,0.0,0.4699999988079071,0.0,0.030000001192092896,0.0
Average,0.020000000794728596,0.0,0.32333333045244217,0.0,0.6266666675607363,0.0,0.20000000049670538,0.0,0.45000000049670535,0.0,0.03999999910593033,0.0
