CreateTableRealTime,CreateTableCPUTime,LoadDataRealTime,LoadDataCPUTime,CreateIndexRealTime,CreateIndexCPUTime,AnalyzeRealTime,AnalyzeCPUTime,ExecuteQueryRealTime,ExecuteQueryCPUTime,WriteResultRealTime,WriteResultCPUTime
0.020000003278255463,0.0,0.35999999940395355,0.0,0.7199999988079071,0.0,0.23000000417232513,0.0,0.630000002682209,0.0,0.07999999821186066,0.0
0.019999995827674866,0.0,0.380000002682209,0.0,0.7300000041723251,0.0,0.2199999988079071,0.0,0.6099999994039536,0.0,0.07000000029802322,0.0
0.019999995827674866,0.0,0.3399999961256981,0.0,0.630000002682209,0.0,0.21000000089406967,0.0,0.6599999964237213,0.0,0.07000000029802322,0.0
Average,0.019999998311201733,0.0,0.35999999940395355,0.0,0.6933333352208138,0.0,0.22000000129143396,0.0,0.633333332836628,0.0,0.07333333293596904,0.0
