ElapsedTime,CPUTime
0.26999998092651367,0.22000000000000003
0.26999998092651367,0.21000000000000002
0.26999998092651367,0.21000000000000002
0.26999998092651367,0.21000000000000002
0.26999998092651367,0.21000000000000002
0.26999998092651367,0.22000000000000003
0.26999998092651367,0.21000000000000002
0.2799999713897705,0.21000000000000002
0.2799999713897705,0.22000000000000003
0.26999998092651367,0.22000000000000003
Average,0.27199997901916506,0.21400000000000002
