ElapsedTime,CPUTime
0.2800002098083496,0.22000000000000003
0.26999998092651367,0.22000000000000003
0.26999998092651367,0.21000000000000002
0.26999998092651367,0.21000000000000002
0.26999998092651367,0.21000000000000002
0.26999998092651367,0.21000000000000002
0.26999998092651367,0.21000000000000002
0.26999998092651367,0.21000000000000002
0.26999998092651367,0.21000000000000002
0.26999998092651367,0.21000000000000002
Average,0.27100000381469724,0.21200000000000002
