ElapsedTime,CPUTime
0.37000012397766113,0.32
0.37000012397766113,0.32
0.37000012397766113,0.31000000000000005
0.3600001335144043,0.31000000000000005
0.3600001335144043,0.31000000000000005
0.37000012397766113,0.31000000000000005
0.3600001335144043,0.31000000000000005
0.37000012397766113,0.32
0.38000011444091797,0.31000000000000005
0.37000012397766113,0.32
Average,0.36800012588500974,0.314
