ElapsedTime,CPUTime
0.23000001907348633,0.17
0.23000001907348633,0.17
0.23000001907348633,0.17
0.23000001907348633,0.17
0.23000001907348633,0.17
0.24000000953674316,0.17
0.23000001907348633,0.17
0.23000001907348633,0.17
0.23000001907348633,0.17
0.23000001907348633,0.17
Average,0.23100001811981202,0.16999999999999998
