ElapsedTime,CPUTime
0.08000016212463379,0.02
0.08999991416931152,0.02
0.08999991416931152,0.02
0.08999991416931152,0.02
0.08999991416931152,0.02
0.09000015258789062,0.02
0.09000015258789062,0.02
0.08999991416931152,0.02
0.08999991416931152,0.02
0.07999992370605469,0.02
Average,0.08799998760223389,0.019999999999999997
