LoadRulesRealTime,LoadRulesCPUTime,LoadFactsRealTime,LoadFactsCPUTime,QueryRealTime,QueryCPUTime,WriteRealTime,WriteCPUTime
0.00119400024414062,0.000566000000000001,0.00152707099914551,0.001139,0.000102043151855469,9.79999999999991e-05,0.00072479248046875,0.0002780000000000009
0.00116395950317383,0.000552,0.00153899192810059,0.001146,9.89437103271484e-05,9.49999999999996e-05,0.0005681514739990235,0.0002750000000000014
0.00116991996765137,0.00056,0.0015099048614502,0.001123,0.000102043151855469,9.79999999999991e-05,0.0005819797515869141,0.00028299999999999994
0.00117182731628418,0.000547000000000001,0.00159096717834473,0.001205,0.000104188919067383,9.90000000000001e-05,0.000555753707885742,0.0002679999999999989
0.0011751651763916,0.000546,0.00153994560241699,0.00114,0.000102043151855469,9.79999999999991e-05,0.0005748271942138671,0.0002689999999999999
Average,0.00117497444152832,0.0005542000000000005,0.001541376113891604,0.0011506000000000003,0.00010185241699218767,9.75999999999994e-05,0.0006011009216308593,0.0002746000000000002
