LoadRulesRealTime,LoadRulesCPUTime,LoadFactsRealTime,LoadFactsCPUTime,QueryRealTime,QueryCPUTime,WriteRealTime,WriteCPUTime
0.00118398666381836,0.000544000000000001,0.00056910514831543,0.000255999999999999,0.00127196311950684,0.001259,0.00038123130798339,5.400000000000001e-05
0.0011589527130127,0.000553,0.00059199333190918,0.000258,0.00124812126159668,0.001232,0.00037789344787598003,9.000000000000002e-05
0.00116896629333496,0.000562,0.00058293342590332,0.000258,0.00127696990966797,0.001268,0.00036525726318358985,5.299999999999988e-05
0.00121879577636719,0.000562,0.000591039657592773,0.000262,0.00125002861022949,0.00124,0.0004010200500488301,8.099999999999991e-05
0.00116395950317383,0.000546,0.000592947006225586,0.000255999999999999,0.00125312805175781,0.001243,0.00038194656372071006,8.799999999999997e-05
Average,0.001178932189941408,0.0005534000000000001,0.0005856037139892578,0.00025799999999999966,0.001260042190551758,0.0012484,0.0003814697265625,7.319999999999996e-05
