LoadRulesRealTime,LoadRulesCPUTime,LoadFactsRealTime,LoadFactsCPUTime,QueryRealTime,QueryCPUTime,WriteRealTime,WriteCPUTime
0.0011601448059082,0.000548,0.00105690956115723,0.000708,6.41345977783203e-05,6.10000000000003e-05,0.0004768371582031247,0.0001829999999999987
0.00129199028015137,0.000618,0.00102615356445312,0.000708,6.4849853515625e-05,6.09999999999986e-05,0.00048518180847168,0.0001870000000000014
0.00119185447692871,0.00056,0.00106000900268555,0.000707000000000001,6.41345977783203e-05,6.10000000000003e-05,0.0005519390106201177,0.00019300000000000073
0.00115489959716797,0.000548,0.00107192993164062,0.000707000000000001,6.41345977783203e-05,6.10000000000003e-05,0.0004708766937255857,0.0001839999999999997
0.00117802619934082,0.000554000000000001,0.00107693672180176,0.000711999999999999,7.00950622558594e-05,6.60000000000001e-05,0.0004639625549316406,0.00017299999999999992
Average,0.001195383071899414,0.0005656000000000002,0.001058387756347656,0.0007084000000000002,6.546974182128907e-05,6.199999999999991e-05,0.0004897594451904296,0.00018400000000000008
