LoadRulesRealTime,LoadRulesCPUTime,LoadFactsRealTime,LoadFactsCPUTime,QueryRealTime,QueryCPUTime,WriteRealTime,WriteCPUTime
0.00120997428894043,0.000552,0.00187182426452637,0.00103,0.00526714324951172,0.005023,0.0004930496215820304,0.00020100000000000066
0.0012199878692627,0.000574,0.00136303901672363,0.000975,0.00527405738830566,0.005042,0.0005071163177490304,0.00019300000000000046
0.0011589527130127,0.000553,0.00134015083312988,0.000971,0.00525999069213867,0.005021,0.0005319118499755903,0.00021600000000000005
0.0011439323425293,0.000546,0.00139284133911133,0.001002,0.00529813766479492,0.005062,0.0006327629089355495,0.00028600000000000066
0.00117206573486328,0.000544999999999999,0.00138092041015625,0.000984,0.00528693199157715,0.005046,0.0004911422729492196,0.00017
Average,0.0011809825897216822,0.0005539999999999998,0.001469755172729492,0.0009923999999999998,0.005277252197265624,0.0050388,0.0005311965942382841,0.00021320000000000036
