LoadRulesRealTime,LoadRulesCPUTime,LoadFactsRealTime,LoadFactsCPUTime,QueryRealTime,QueryCPUTime,WriteRealTime,WriteCPUTime
0.00116705894470215,0.000555,0.00134992599487305,0.000980999999999999,8.79764556884766e-05,8.5e-05,0.0005278587341308595,0.000239
0.00393199920654297,0.000581,0.00142717361450195,0.001026,9.20295715332031e-05,8.79999999999995e-05,0.0005459785461425779,0.00023800000000000053
0.00116086006164551,0.000555,0.00136494636535645,0.00097,8.91685485839844e-05,8.59999999999993e-05,0.0005400180816650386,0.00024000000000000272
0.00119185447692871,0.000564,0.00130105018615723,0.000959,9.20295715332031e-05,8.89999999999988e-05,0.0005390644073486329,0.0002360000000000022
0.00117611885070801,0.000549000000000001,0.00135183334350586,0.000971,9.10758972167969e-05,8.6000000000001e-05,0.0005359649658203122,0.000239
Average,0.0017255783081054701,0.0005608000000000002,0.0013589859008789082,0.0009814,9.045600891113281e-05,8.679999999999972e-05,0.0005377769470214842,0.0002384000000000011
