DatalogToCPPRealTime,DatalogToCPPCPUTime,CompileRealTime,CompileCPUTime,InstanceLoadingRealTime,InstanceLoadingCPUTime,LoadingFactRealTime,LoadingFactCPUTime,QueryRealTime,QueryCPUTime,WritingResultRealTime,WritingResultCPUTime
0.009999990463256836,0.010000000000000002,1.5,1.53,0.000155958,0.000154,0.00174738,0.001729,0.0686274,0.068588,0.000260916,0.000261
0.009999990463256836,0.0,1.4900000095367432,1.52,0.000175792,0.000173,0.00169354,0.001692,0.0675114,0.067449,0.000250083,0.000249
0.009999990463256836,0.010000000000000002,1.4900000095367432,1.51,0.000179917,0.000178,0.00134413,0.001342,0.0649256,0.064911,0.000218834,0.000218
0.009999990463256836,0.010000000000000002,1.5,1.53,0.000147917,0.000145,0.00170208,0.0017,0.0677148,0.067672,0.000253166,0.000253
0.009999990463256836,0.010000000000000002,1.5099999904632568,1.54,0.000145375,0.000144,0.00172971,0.001728,0.0689088,0.06886,0.000255584,0.000256
Average,0.009999990463256836,0.008000000000000002,1.4980000019073487,1.526,0.0001609918,0.0001588,0.0016433679999999999,0.0016382,0.0675376,0.067496,0.0002477166,0.0002474
