DatalogToCPPRealTime,DatalogToCPPCPUTime,CompileRealTime,CompileCPUTime,InstanceLoadingRealTime,InstanceLoadingCPUTime,LoadingFactRealTime,LoadingFactCPUTime,QueryRealTime,QueryCPUTime,WritingResultRealTime,WritingResultCPUTime
0.009999990463256836,0.010000000000000002,1.4900000095367432,1.52,0.000157625,0.000155,0.00395846,0.002931,0.344945,0.344435,0.000282417,0.000282
0.009999990463256836,0.010000000000000002,1.5,1.53,0.000170875,0.000168,0.00293646,0.002935,0.344641,0.344208,0.000252083,0.000252
0.009999990463256836,0.010000000000000002,1.4900000095367432,1.52,0.000132958,0.000132,0.00302696,0.003024,0.343908,0.343391,0.000384666,0.000335
0.009999990463256836,0.010000000000000002,1.5099999904632568,1.54,0.000180708,0.000179,0.00295654,0.002954,0.345141,0.344652,0.000302292,0.000301
0.009999990463256836,0.0,1.5,1.53,0.000131208,0.00013,0.00286642,0.002862,0.344906,0.34436,0.000288042,0.000288
Average,0.009999990463256836,0.008000000000000002,1.4980000019073487,1.528,0.00015467480000000002,0.0001528,0.003148968,0.0029412,0.3447082,0.3442092,0.0003019,0.00029160000000000004
