DatalogToCPPRealTime,DatalogToCPPCPUTime,CompileRealTime,CompileCPUTime,InstanceLoadingRealTime,InstanceLoadingCPUTime,LoadingFactRealTime,LoadingFactCPUTime,QueryRealTime,QueryCPUTime,WritingResultRealTime,WritingResultCPUTime
0.009999990463256836,0.010000000000000002,1.5,1.53,0.000187708,0.000171,0.0035095,0.003506,30.7001,30.6452,0.000446833,0.00039
0.009999990463256836,0.0,1.5,1.51,0.000147916,0.000145,0.00306546,0.003059,30.8164,30.7667,0.000470375,0.000469
0.009999990463256836,0.0,1.5099999904632568,1.52,0.000149458,0.000147,0.00308721,0.003083,30.7035,30.6498,0.000417375,0.000417
0.009999990463256836,0.0,1.5099999904632568,1.53,0.000146875,0.000145,0.00309854,0.003076,30.8124,30.7454,0.000586958,0.000506
0.010000228881835938,0.0,1.5199999809265137,1.53,0.000205958,0.000205,0.00417592,0.004093,30.7718,30.7215,0.00043275,0.000432
Average,0.010000038146972656,0.0020000000000000005,1.5079999923706056,1.5240000000000002,0.00016758299999999998,0.0001626,0.0033873260000000004,0.0033634000000000003,30.760839999999995,30.705720000000003,0.00047085819999999996,0.00044280000000000003
