DatalogToCPPRealTime,DatalogToCPPCPUTime,CompileRealTime,CompileCPUTime,InstanceLoadingRealTime,InstanceLoadingCPUTime,LoadingFactRealTime,LoadingFactCPUTime,QueryRealTime,QueryCPUTime,WritingResultRealTime,WritingResultCPUTime
0.009999990463256836,0.010000000000000002,1.5,1.53,0.000132917,0.000131,0.00247325,0.002129,0.121035,0.120934,0.000242625,0.000242
0.009999990463256836,0.010000000000000002,1.5099999904632568,1.53,0.0001595,0.000157,0.00211437,0.00211,0.12275,0.122672,0.00025125,0.000251
0.009999990463256836,0.010000000000000002,1.5,1.53,0.000155042,0.000153,0.00194542,0.001944,0.121981,0.12187,0.000232917,0.000233
0.009999990463256836,0.010000000000000002,1.5099999904632568,1.54,0.000125542,0.000124,0.00217054,0.002167,0.122051,0.121939,0.000242916,0.000242
0.009999990463256836,0.010000000000000002,1.5199999809265137,1.54,0.000140584,0.00014,0.00184846,0.001827,0.121818,0.121766,0.00021875,0.000218
Average,0.009999990463256836,0.010000000000000002,1.5079999923706056,1.534,0.000142717,0.00014099999999999998,0.0021104080000000002,0.0020354,0.12192700000000001,0.12183620000000002,0.0002376916,0.0002372
