LoadRulesRealTime,LoadRulesCPUTime,LoadFactsRealTime,LoadFactsCPUTime,QueryRealTime,QueryCPUTime,WriteRealTime,WriteCPUTime
0.00121188163757324,0.000553000000000001,0.00199222564697266,0.00155,0.0331439971923828,0.031554,0.21197485923767118,0.206069
0.0011451244354248,0.000546000000000001,0.0020148754119873,0.001586,0.0365149974822998,0.035172,0.20370793342590318,0.199271
0.00118494033813477,0.000557,0.00203895568847656,0.001616,0.0330469608306885,0.031717,0.2057340145111085,0.203519
0.00113892555236816,0.000546,0.00201010704040527,0.001585,0.0333640575408936,0.031952,0.21113896369934038,0.20668999999999998
0.00114798545837402,0.000544000000000001,0.00196695327758789,0.001558,0.0326910018920898,0.031375,0.20563411712646518,0.202083
Average,0.001165771484374998,0.0005492000000000006,0.002004623413085936,0.001579,0.0337522029876709,0.03235400000000001,0.20763797760009767,0.20352640000000002
