LoadRulesRealTime,LoadRulesCPUTime,LoadFactsRealTime,LoadFactsCPUTime,QueryRealTime,QueryCPUTime,WriteRealTime,WriteCPUTime
0.00117015838623047,0.000546999999999999,0.00171995162963867,0.001299,0.0247700214385986,0.024139,0.1343379020690914,0.132075
0.00115013122558594,0.000552,0.00171399116516113,0.001317,0.0245418548583984,0.023958,0.14306020736694358,0.131685
0.00114607810974121,0.000546,0.0016629695892334,0.001273,0.0245358943939209,0.023949,0.1336898803710941,0.132621
0.00115013122558594,0.000555,0.00170588493347168,0.001315,0.0244209766387939,0.023888,0.13572883605957012,0.13146000000000002
0.00117588043212891,0.000546,0.0016779899597168,0.001286,0.0249700546264648,0.024326,0.1419298648834232,0.130606
Average,0.001158475875854494,0.0005491999999999998,0.001696157455444336,0.0012980000000000001,0.02464776039123532,0.024051999999999997,0.1377493381500245,0.1316894
