LoadRulesRealTime,LoadRulesCPUTime,LoadFactsRealTime,LoadFactsCPUTime,QueryRealTime,QueryCPUTime,WriteRealTime,WriteCPUTime
0.000921010971069336,0.000541999999999999,0.00217700004577637,0.001521,0.0329649448394775,0.032035,0.18255805969238248,0.179863
0.00090479850769043,0.000541999999999999,0.0017390251159668,0.001476,0.0328731536865234,0.032104,0.1835498809814456,0.18126
0.00090789794921875,0.000543999999999999,0.00173211097717285,0.001462,0.0328798294067383,0.032119,0.1810171604156497,0.17979099999999998
0.000899076461791992,0.000541,0.00176692008972168,0.001477,0.032681941986084,0.031856,0.180593013763428,0.178623
0.000905990600585938,0.000543,0.00173187255859375,0.001462,0.0323030948638916,0.031508,0.1874618530273434,0.181056
Average,0.0009077548980712892,0.0005423999999999995,0.0018293857574462897,0.0014796,0.032740592956542955,0.031924400000000006,0.18303599357604983,0.18011859999999996
