LoadRulesRealTime,LoadRulesCPUTime,LoadFactsRealTime,LoadFactsCPUTime,QueryRealTime,QueryCPUTime,WriteRealTime,WriteCPUTime
0.00092005729675293,0.000545,0.00124096870422363,0.000997999999999999,0.0120229721069336,0.011434,0.0805850028991699,0.074586
0.000900030136108398,0.000541999999999999,0.00119996070861816,0.000972000000000001,0.0120749473571777,0.011506,0.0752251148223877,0.073973
0.00100898742675781,0.000558000000000001,0.00121808052062988,0.000973,0.0120170116424561,0.011498,0.07522487640380851,0.074366
0.000914096832275391,0.000546,0.00121903419494629,0.000983000000000001,0.01202392578125,0.011488,0.0766892433166504,0.07484400000000001
0.000921964645385742,0.000548,0.00120711326599121,0.000967000000000001,0.012052059173584,0.011515,0.0755009651184082,0.074463
Average,0.0009330272674560542,0.0005478,0.001217031478881834,0.0009786000000000003,0.01203818321228028,0.0114882,0.07664504051208494,0.0744464
