LoadRulesRealTime,LoadRulesCPUTime,LoadFactsRealTime,LoadFactsCPUTime,QueryRealTime,QueryCPUTime,WriteRealTime,WriteCPUTime
0.00116705894470215,0.000546,0.00187397003173828,0.001462,0.0328011512756348,0.031961,0.17708182334899922,0.17417699999999997
0.00116991996765137,0.000558999999999999,0.00188302993774414,0.001477,0.0344419479370117,0.033431,0.1765789985656743,0.174495
0.00114607810974121,0.000548999999999999,0.00191593170166016,0.001486,0.0329291820526123,0.032157,0.1740469932556157,0.172658
0.00116610527038574,0.000552,0.00188994407653809,0.001479,0.0326809883117676,0.03196,0.1764490604400634,0.175
0.00119304656982422,0.000548999999999999,0.00189685821533203,0.001495,0.0330450534820557,0.032038,0.17901301383972132,0.17328100000000002
Average,0.0011684417724609382,0.0005509999999999994,0.00189194679260254,0.0014798,0.033179664611816415,0.0323094,0.17663397789001478,0.17392219999999997
