LoadRulesRealTime,LoadRulesCPUTime,LoadFactsRealTime,LoadFactsCPUTime,QueryRealTime,QueryCPUTime,WriteRealTime,WriteCPUTime
0.00092315673828125,0.000545,0.000591039657592773,0.000399999999999999,0.0014798641204834,0.001413,0.0093581676483154,0.009078000000000001
0.000914096832275391,0.000551999999999999,0.000536918640136719,0.000385,0.00148701667785645,0.001416,0.00931286811828615,0.009023
0.000930070877075195,0.000548,0.000612974166870117,0.000399,0.00151586532592773,0.001447,0.009519338607788069,0.009245
0.000930070877075195,0.000561000000000001,0.000598907470703125,0.000406999999999999,0.00152206420898438,0.001455,0.00988483428955082,0.009553
0.000924110412597656,0.000543999999999999,0.000581979751586914,0.000395,0.00148797035217285,0.001416,0.00950312614440915,0.00921
Average,0.0009243011474609373,0.0005499999999999997,0.0005843639373779296,0.0003971999999999996,0.001498556137084962,0.0014294,0.009515666961669918,0.009221799999999999
