LoadRulesRealTime,LoadRulesCPUTime,LoadFactsRealTime,LoadFactsCPUTime,QueryRealTime,QueryCPUTime,WriteRealTime,WriteCPUTime
0.00118899345397949,0.000552,0.000586986541748047,0.000258,0.000390052795410156,0.000378,0.0028269290924072244,0.0024560000000000003
0.00114893913269043,0.000549000000000001,0.000593185424804688,0.000257,0.000391006469726562,0.000378,0.002835988998413088,0.0025020000000000003
0.0011589527130127,0.000546999999999999,0.000578165054321289,0.000258000000000001,0.000401020050048828,0.00039,0.002811908721923832,0.0024739999999999996
0.00117111206054688,0.000551000000000001,0.000585079193115234,0.000258,0.00038599967956543,0.000372000000000001,0.00290298461914062,0.0025189999999999987
0.00117993354797363,0.00055,0.000582218170166016,0.000255999999999999,0.000384807586669922,0.000373999999999999,0.002884149551391598,0.002528000000000001
Average,0.001169586181640626,0.0005498000000000002,0.0005851268768310548,0.0002574,0.0003905773162841796,0.0003784,0.0028523921966552724,0.0024958
