LoadRulesRealTime,LoadRulesCPUTime,LoadFactsRealTime,LoadFactsCPUTime,QueryRealTime,QueryCPUTime,WriteRealTime,WriteCPUTime
0.00370383262634277,0.003703,0.00539612770080566,0.005398,0.00489187240600586,0.004893,0.44370508193969715,0.443614
0.00326085090637207,0.001087,0.0050652027130127,0.004937,0.00466680526733398,0.004288,0.44992518424987804,0.450144
0.00419306755065918,0.003753,0.00636982917785645,0.006324,0.00553107261657715,0.004881,0.48673677444457986,0.485365
Average,0.0037192503611246735,0.0028476666666666667,0.005610386530558269,0.005553,0.005029916763305663,0.004687333333333333,0.4601223468780517,0.4597076666666667
