LoadRulesRealTime,LoadRulesCPUTime,LoadFactsRealTime,LoadFactsCPUTime,QueryRealTime,QueryCPUTime,WriteRealTime,WriteCPUTime
0.000901937484741211,0.000543,0.00177097320556641,0.001478,0.0292630195617676,0.027803,0.1818718910217284,0.177644
0.000919103622436523,0.000546000000000001,0.00174689292907715,0.001477,0.0291950702667236,0.027849,0.1802129745483394,0.17732399999999998
0.000901937484741211,0.000543,0.00173497200012207,0.001482,0.0295279026031494,0.028286,0.1803421974182126,0.178552
0.000922918319702148,0.000544000000000001,0.00174093246459961,0.001464,0.0291361808776855,0.027777,0.1862328052520755,0.180531
0.000901937484741211,0.000541,0.00176906585693359,0.001485,0.0291750431060791,0.027806,0.18284893035888689,0.179846
Average,0.0009095668792724607,0.0005434000000000005,0.0017525672912597659,0.0014772000000000001,0.029259443283081037,0.0279042,0.18230175971984855,0.17877939999999998
