LoadRulesRealTime,LoadRulesCPUTime,LoadFactsRealTime,LoadFactsCPUTime,QueryRealTime,QueryCPUTime,WriteRealTime,WriteCPUTime
0.00339293479919434,0.003391,0.00730609893798828,0.007293,0.00927400588989258,0.009277,0.8952870368957524,0.894873
0.00328803062438965,0.00263,0.00728607177734375,0.007229,0.00924587249755859,0.009248,0.9380221366882324,0.9379419999999999
Average,0.003340482711791995,0.0030105,0.007296085357666016,0.007261,0.009259939193725586,0.0092625,0.9166545867919924,0.9164075
