LoadRulesRealTime,LoadRulesCPUTime,LoadFactsRealTime,LoadFactsCPUTime,QueryRealTime,QueryCPUTime,WriteRealTime,WriteCPUTime
0.00339198112487793,0.00339100000000001,0.00627493858337402,0.005794,0.00429797172546387,0.004298,0.5034918785095212,0.503485
0.0034639835357666,0.003435,0.00531506538391113,0.005315,0.00416684150695801,0.004168,0.477230072021484,0.473429
Average,0.0034279823303222648,0.003413000000000005,0.005795001983642575,0.0055545,0.00423240661621094,0.004233,0.4903609752655026,0.488457
