LoadRulesRealTime,LoadRulesCPUTime,LoadFactsRealTime,LoadFactsCPUTime,QueryRealTime,QueryCPUTime,WriteRealTime,WriteCPUTime
0.000935792922973633,0.000543999999999999,0.00155115127563477,0.0013,0.0219049453735352,0.020884,0.1458570957183838,0.138224
0.000900030136108398,0.000542000000000001,0.00153207778930664,0.001285,0.022040843963623,0.02108,0.14809513092041002,0.138413
0.000890016555786133,0.000539999999999999,0.0015721321105957,0.001296,0.0222809314727783,0.021089,0.1395051479339597,0.138816
0.000895977020263672,0.000542000000000001,0.00153303146362305,0.001289,0.0218789577484131,0.020934,0.1404011249542239,0.13758399999999998
0.00092005729675293,0.000541,0.0015418529510498,0.001283,0.0221900939941406,0.021125,0.1418569087982174,0.13708599999999999
Average,0.0009083747863769531,0.0005418,0.0015460491180419918,0.0012906,0.022059154510498037,0.021022400000000004,0.143143081665039,0.1380246
