LoadRulesRealTime,LoadRulesCPUTime,LoadFactsRealTime,LoadFactsCPUTime,QueryRealTime,QueryCPUTime,WriteRealTime,WriteCPUTime
0.00318217277526855,0.003181,0.00926399230957031,0.008844,0.0125939846038818,0.012576,1.313280820846558,1.30433
0.00358104705810547,0.00358,0.00914382934570312,0.00914599999999999,0.0138161182403564,0.013803,1.3620040416717536,1.3621779999999999
0.0035698413848877,0.00357,0.00903916358947754,0.00904199999999999,0.0140988826751709,0.014101,1.4511771202087391,1.4513420000000001
Average,0.0034443537394205736,0.0034436666666666665,0.009148995081583657,0.00901066666666666,0.013502995173136365,0.013493333333333335,1.3754873275756836,1.3726166666666666
