LoadRulesRealTime,LoadRulesCPUTime,LoadFactsRealTime,LoadFactsCPUTime,QueryRealTime,QueryCPUTime,WriteRealTime,WriteCPUTime
0.000918865203857422,0.000541999999999999,0.00118613243103027,0.000710000000000001,0.00622797012329102,0.006034,0.040516853332519476,0.036658
0.000901937484741211,0.000540000000000001,0.000914096832275391,0.000707999999999999,0.00608491897583008,0.005941,0.03750610351562502,0.036971
0.000900030136108398,0.000542000000000001,0.000936031341552734,0.000709,0.00620293617248535,0.006052,0.037503004074096645,0.036936
0.000899791717529297,0.000541,0.000904083251953125,0.000704,0.00614809989929199,0.006005,0.037262916564941406,0.036773
0.00090789794921875,0.000542000000000001,0.000933170318603516,0.000710000000000001,0.00617790222167969,0.006019,0.03752613067626951,0.03690499999999999
Average,0.0009057044982910157,0.0005414000000000004,0.0009747028350830071,0.0007082000000000002,0.006168365478515627,0.0060102,0.03806300163269041,0.036848599999999995
