LoadRulesRealTime,LoadRulesCPUTime,LoadFactsRealTime,LoadFactsCPUTime,QueryRealTime,QueryCPUTime,WriteRealTime,WriteCPUTime
0.00118494033813477,0.000554000000000001,0.00135207176208496,0.000982,0.0131690502166748,0.01284,0.07485604286193849,0.073457
0.00117921829223633,0.000557999999999999,0.00140094757080078,0.001003,0.0128879547119141,0.012619,0.0742230415344238,0.073044
0.00372004508972168,0.000663,0.00130486488342285,0.000975,0.0130081176757812,0.0127,0.07279682159423831,0.072085
0.00115585327148438,0.000558000000000001,0.0013420581817627,0.000973999999999999,0.0131311416625977,0.012818,0.0728218555450439,0.072025
0.00115585327148438,0.00055,0.00136017799377441,0.000973,0.0130789279937744,0.01271,0.0736849308013916,0.072621
Average,0.0016791820526123082,0.0005766000000000002,0.00135202407836914,0.0009814,0.01305503845214844,0.0127374,0.07367653846740722,0.0726464
