LoadRulesRealTime,LoadRulesCPUTime,LoadFactsRealTime,LoadFactsCPUTime,QueryRealTime,QueryCPUTime,WriteRealTime,WriteCPUTime
0.00116300582885742,0.000548,0.00150489807128906,0.001124,0.612920999526978,0.610986,0.105321884155273,0.10343799999999992
0.00115299224853516,0.000547000000000001,0.00151586532592773,0.001134,0.60570502281189,0.604438,0.10274195671081499,0.10069799999999995
0.00115418434143066,0.000546000000000001,0.00150299072265625,0.00112,0.601557970046997,0.600281,0.10607504844665505,0.10381700000000005
0.00116991996765137,0.000548000000000002,0.00151205062866211,0.001121,0.617975950241089,0.616515,0.09278297424316406,0.091364
0.00117206573486328,0.000551999999999999,0.00150203704833984,0.001129,0.60673999786377,0.604906,0.11636590957641602,0.10308799999999996
Average,0.0011624336242675778,0.0005482000000000006,0.001507568359374998,0.0011255999999999998,0.6089799880981448,0.6074252,0.10465755462646462,0.10048099999999997
