LoadRulesRealTime,LoadRulesCPUTime,LoadFactsRealTime,LoadFactsCPUTime,QueryRealTime,QueryCPUTime,WriteRealTime,WriteCPUTime
0.00115013122558594,0.000546999999999999,0.000879049301147461,0.000539000000000001,0.00309395790100098,0.003008,0.01978588104248042,0.019177
0.0011599063873291,0.000549000000000001,0.000872135162353516,0.000534999999999999,0.00305604934692383,0.002973,0.01990795135498047,0.019393
0.00115704536437988,0.000548000000000002,0.000871896743774414,0.000536999999999999,0.00305700302124023,0.002966,0.02012395858764647,0.019635
0.00118017196655273,0.000546999999999999,0.000893831253051758,0.000543,0.00306415557861328,0.002982,0.01978373527526852,0.019235000000000002
0.00118017196655273,0.000548999999999999,0.000875949859619141,0.000538,0.00306200981140137,0.002969,0.02000212669372563,0.019452
Average,0.001165485382080076,0.0005480000000000001,0.000878572463989258,0.0005383999999999998,0.0030666351318359374,0.0029796,0.0199207305908203,0.0193784
