LoadRulesRealTime,LoadRulesCPUTime,LoadFactsRealTime,LoadFactsCPUTime,QueryRealTime,QueryCPUTime,WriteRealTime,WriteCPUTime
0.000916957855224609,0.000546000000000001,0.00103902816772461,0.000569999999999999,0.00303792953491211,0.002951,0.02040195465087889,0.019733
0.000905036926269531,0.000539,0.000747919082641602,0.000540000000000001,0.00305294990539551,0.002974,0.019898176193237287,0.019424
0.000903129577636719,0.000539,0.000748872756958008,0.00055,0.00305604934692383,0.002974,0.020320892333984368,0.019908
0.000916004180908203,0.000544000000000001,0.000728845596313477,0.000534999999999999,0.00307202339172363,0.002983,0.02014803886413577,0.01973
0.000926017761230469,0.000546,0.000756025314331055,0.000550999999999999,0.0030820369720459,0.002989,0.0201120376586914,0.019718000000000003
Average,0.0009134292602539062,0.0005428000000000004,0.0008041381835937504,0.0005491999999999996,0.0030601978302001957,0.0029742,0.020176219940185543,0.019702599999999997
