LoadRulesRealTime,LoadRulesCPUTime,LoadFactsRealTime,LoadFactsCPUTime,QueryRealTime,QueryCPUTime,WriteRealTime,WriteCPUTime
0.000885963439941406,0.000527999999999999,0.00191092491149902,0.001319,0.02447509765625,0.023868,0.146395921707153,0.136509
0.000898122787475586,0.000541,0.00155401229858398,0.001304,0.0244908332824707,0.023932,0.14027523994445829,0.13802499999999998
0.000909090042114258,0.000544999999999999,0.00152492523193359,0.001283,0.0244481563568115,0.023859,0.1383497714996335,0.13750500000000002
0.000905990600585938,0.000543,0.00153303146362305,0.001287,0.0243289470672607,0.023748,0.14584207534790028,0.140056
0.000902891159057617,0.000539,0.00156903266906738,0.001309,0.0242938995361328,0.023645,0.14114212989807118,0.136472
Average,0.0009004116058349609,0.0005391999999999996,0.0016183853149414039,0.0013004000000000002,0.02440738677978514,0.0238104,0.14240102767944324,0.1377134
