LoadRulesRealTime,LoadRulesCPUTime,LoadFactsRealTime,LoadFactsCPUTime,QueryRealTime,QueryCPUTime,WriteRealTime,WriteCPUTime
0.000921964645385742,0.000546000000000001,0.00176000595092773,0.001113,0.0182089805603027,0.017739,0.1069219112396243,0.101892
0.000904083251953125,0.000546999999999999,0.00138998031616211,0.001136,0.0178968906402588,0.017451,0.1038749217987062,0.102045
0.000901937484741211,0.000545,0.00136208534240723,0.001122,0.0181689262390137,0.017766,0.1033711433410643,0.10243999999999999
0.000893115997314453,0.000538,0.00137591361999512,0.001129,0.0181190967559814,0.017714,0.1051597595214846,0.10397100000000001
0.000929832458496094,0.000565,0.00143718719482422,0.001167,0.0189249515533447,0.018461,0.1021418571472173,0.100949
Average,0.000910186767578125,0.0005482,0.001465034484863282,0.0011334000000000001,0.01826376914978026,0.017826200000000004,0.10429391860961934,0.10225939999999997
