LoadRulesRealTime,LoadRulesCPUTime,LoadFactsRealTime,LoadFactsCPUTime,QueryRealTime,QueryCPUTime,WriteRealTime,WriteCPUTime
0.00116896629333496,0.000554000000000001,0.000906944274902344,0.000559,0.00305509567260742,0.002973,0.019675016403198277,0.019042
0.00114798545837402,0.000546,0.000874996185302734,0.000539999999999999,0.00306105613708496,0.002988,0.01954197883605954,0.019008999999999998
0.00116205215454102,0.00055,0.000896930694580078,0.000544999999999999,0.00306105613708496,0.002987,0.02829480171203614,0.019044
0.00115513801574707,0.000549999999999998,0.000879049301147461,0.000539000000000001,0.00311398506164551,0.003032,0.01938509941101069,0.018909
0.00115799903869629,0.000545,0.000886201858520508,0.000544999999999999,0.00308585166931152,0.002987,0.01948213577270508,0.018958
Average,0.0011584281921386721,0.0005489999999999998,0.000888824462890625,0.0005455999999999996,0.003075408935546874,0.0029934000000000002,0.021275806427001942,0.0189924
