LoadRulesRealTime,LoadRulesCPUTime,LoadFactsRealTime,LoadFactsCPUTime,QueryRealTime,QueryCPUTime,WriteRealTime,WriteCPUTime
0.00116705894470215,0.000546,0.00119900703430176,0.000838,0.00925993919372559,0.00903,0.05430793762207031,0.053154999999999994
0.00114989280700684,0.000547000000000001,0.00120210647583008,0.000834,0.00932598114013672,0.009138,0.054626941680908175,0.053770000000000005
0.00115704536437988,0.000549999999999998,0.00120306015014648,0.00084,0.00938296318054199,0.009197,0.05380201339721681,0.05319
0.00114798545837402,0.000546999999999999,0.00120306015014648,0.000839000000000001,0.00944900512695312,0.009244,0.054563999176025384,0.053631
0.00116801261901855,0.000553999999999999,0.00120210647583008,0.000838,0.00943398475646973,0.009206,0.059350967407226576,0.053625
Average,0.001157999038696288,0.0005487999999999994,0.0012018680572509761,0.0008378000000000002,0.009370374679565429,0.009163000000000001,0.05533037185668945,0.05347419999999999
