LoadRulesRealTime,LoadRulesCPUTime,LoadFactsRealTime,LoadFactsCPUTime,QueryRealTime,QueryCPUTime,WriteRealTime,WriteCPUTime
0.000901937484741211,0.000542000000000001,0.00108003616333008,0.00085,0.00864696502685547,0.008258,0.05539822578430173,0.054481
0.000896930694580078,0.000543,0.00105810165405273,0.000822,0.00860381126403809,0.008243,0.05440711975097652,0.053712
0.000905036926269531,0.000543999999999999,0.00106501579284668,0.000836,0.00860095024108887,0.008266,0.05409026145935063,0.053502
0.000900030136108398,0.000541,0.00106501579284668,0.000842000000000001,0.00864791870117188,0.008306,0.05435824394226072,0.052968
0.00253796577453613,0.001037,0.00243997573852539,0.001859,0.00937700271606445,0.008916,0.056996107101440444,0.052521
Average,0.0012283802032470696,0.0006414,0.0013416290283203118,0.0010418,0.008775329589843752,0.0083978,0.05504999160766601,0.05343679999999999
