LoadRulesRealTime,LoadRulesCPUTime,LoadFactsRealTime,LoadFactsCPUTime,QueryRealTime,QueryCPUTime,WriteRealTime,WriteCPUTime
0.00117707252502441,0.000549999999999998,0.00201892852783203,0.00128,0.0220341682434082,0.021006,0.1337759494781498,0.13131
0.00115513801574707,0.000547000000000001,0.00170087814331055,0.001307,0.0221960544586182,0.021117,0.1353580951690678,0.133605
0.00118112564086914,0.000558000000000001,0.00168895721435547,0.001294,0.0222899913787842,0.021195,0.13633084297180179,0.132115
0.00115585327148438,0.000548,0.00170516967773438,0.001317,0.0222070217132568,0.021074,0.1324300765991212,0.13141999999999998
0.00114989280700684,0.000548,0.00170516967773438,0.001304,0.0227639675140381,0.021623,0.14159917831420887,0.13142
Average,0.001163816452026368,0.0005502,0.0017638206481933622,0.0013003999999999997,0.022298240661621102,0.021203,0.1358988285064699,0.13197399999999998
