LoadRulesRealTime,LoadRulesCPUTime,LoadFactsRealTime,LoadFactsCPUTime,QueryRealTime,QueryCPUTime,WriteRealTime,WriteCPUTime
0.000934123992919922,0.000550999999999999,0.00241994857788086,0.001609,0.0373349189758301,0.036354,0.2151880264282229,0.20530500000000002
0.000895023345947266,0.000545,0.00183796882629395,0.001566,0.037473201751709,0.036494,0.22403573989868203,0.205235
0.000904083251953125,0.000544000000000001,0.00182890892028809,0.001568,0.0376720428466797,0.036824,0.2077729701995853,0.206313
0.000911951065063477,0.000547000000000001,0.00182700157165527,0.001564,0.0376949310302734,0.036821,0.21221303939819358,0.202205
0.000909090042114258,0.000542999999999998,0.0018458366394043,0.001573,0.0376341342926025,0.036666,0.21528005599975553,0.20421
Average,0.0009108543395996095,0.0005459999999999998,0.0019519329071044944,0.001576,0.037561845779418936,0.0366318,0.21489796638488787,0.20465359999999996
