LoadRulesRealTime,LoadRulesCPUTime,LoadFactsRealTime,LoadFactsCPUTime,QueryRealTime,QueryCPUTime,WriteRealTime,WriteCPUTime
0.00117087364196777,0.000546999999999999,0.00106406211853027,0.000711,0.00622010231018066,0.00605,0.03636884689331054,0.035444
0.00115299224853516,0.000546999999999999,0.00108695030212402,0.000718,0.00616693496704102,0.006027,0.036598920822143576,0.035841000000000005
0.0011599063873291,0.000553,0.0010521411895752,0.000708,0.00616884231567383,0.006026,0.03634428977966307,0.035637
0.00116705894470215,0.000543999999999999,0.00106000900268555,0.000706,0.00606703758239746,0.005935,0.036170959472656236,0.035594
0.00120091438293457,0.000566000000000001,0.0010521411895752,0.000707000000000001,0.00624585151672363,0.006049,0.037105083465576165,0.036443
Average,0.00117034912109375,0.0005513999999999995,0.001063060760498048,0.0007100000000000002,0.00617375373840332,0.0060174,0.03651762008666992,0.035791800000000006
