LoadRulesRealTime,LoadRulesCPUTime,LoadFactsRealTime,LoadFactsCPUTime,QueryRealTime,QueryCPUTime,WriteRealTime,WriteCPUTime
0.00118780136108398,0.000567,0.00108218193054199,0.000541,0.00315499305725098,0.002978,0.01959490776062012,0.019017
0.0011599063873291,0.000544999999999999,0.000900030136108398,0.000547000000000001,0.00311899185180664,0.002993,0.01926207542419436,0.018701000000000002
0.00117015838623047,0.000555,0.000885009765625,0.000543,0.00314092636108398,0.003014,0.01926994323730472,0.018746000000000002
0.00116491317749023,0.00055,0.000894069671630859,0.000542000000000001,0.00315999984741211,0.003025,0.01987385749816899,0.018982
0.00115704536437988,0.000551000000000001,0.00088191032409668,0.000541,0.0031731128692627,0.003016,0.0193839073181152,0.018778999999999997
Average,0.001167964935302732,0.0005536000000000001,0.0009286403656005854,0.0005428000000000004,0.003149604797363282,0.0030052,0.019476938247680674,0.018845
