LoadRulesRealTime,LoadRulesCPUTime,LoadFactsRealTime,LoadFactsCPUTime,QueryRealTime,QueryCPUTime,WriteRealTime,WriteCPUTime
0.00118184089660645,0.000556999999999998,0.00189208984375,0.001483,1.46139192581177,1.457251,0.21766805648803,0.21123000000000003
0.00118207931518555,0.000548,0.00192713737487793,0.001493,1.4577260017395,1.454,0.21528887748717995,0.20471700000000004
0.00117397308349609,0.000550999999999999,0.00188302993774414,0.001466,1.49486589431763,1.49085,0.1878519058227499,0.1852560000000001
0.00116586685180664,0.00055,0.00191116333007812,0.001485,1.45977592468262,1.455639,0.20543718338011985,0.20137400000000016
0.00115084648132324,0.000548999999999999,0.0019230842590332,0.0015,1.47422409057617,1.469848,0.16438794136047985,0.16293999999999986
Average,0.0011709213256835941,0.0005509999999999992,0.001907300949096678,0.0014854,1.469596767425538,1.4655175999999999,0.1981267929077119,0.19310340000000004
