LoadRulesRealTime,LoadRulesCPUTime,LoadFactsRealTime,LoadFactsCPUTime,GroundRealTime,GroundCPUTime,QueryRealTime,QueryCPUTime,WriteRealTime,WriteCPUTime
0.0,0.0,0.029999971389770508,0.020000000000000018,1.7799999713897705,1.7799999999999998,0.06000018119812012,0.06000000000000026,1.1599996089935303,1.1599999999999997
0.0,0.0,0.019999980926513672,0.020000000000000018,1.7900002002716064,1.7899999999999998,0.059999942779541016,0.06000000000000005,1.1400001049041748,1.14
0.0,0.0,0.029999971389770508,0.020000000000000018,1.7699999809265137,1.78,0.059999942779541016,0.06000000000000005,1.1700000762939453,1.16
0.0,0.0,0.029999971389770508,0.020000000000000018,1.7899999618530273,1.7899999999999998,0.059999942779541016,0.06000000000000005,1.1700000762939453,1.1700000000000002
0.0,0.0,0.029999971389770508,0.020000000000000018,1.8000001907348633,1.8,0.059999942779541016,0.06000000000000005,1.1400001049041748,1.14
Average,0.0,0.0,0.02799997329711914,0.020000000000000018,1.7860000610351563,1.7879999999999998,0.05999999046325684,0.060000000000000095,1.1559999942779542,1.154
