LoadRulesRealTime,LoadRulesCPUTime,LoadFactsRealTime,LoadFactsCPUTime,GroundRealTime,GroundCPUTime,QueryRealTime,QueryCPUTime,WriteRealTime,WriteCPUTime
0.0,0.0,0.009999990463256836,0.010000000000000009,0.8299999237060547,0.8300000000000001,0.03000020980834961,0.030000000000000034,0.5699996948242188,0.5699999999999998
0.0,0.0,0.020000219345092773,0.010000000000000009,0.8299999237060547,0.8400000000000001,0.029999971389770508,0.030000000000000034,0.5699999332427979,0.5599999999999998
0.0,0.0,0.019999980926513672,0.010000000000000009,0.8900001049041748,0.8999999999999999,0.029999971389770508,0.030000000000000034,0.559999942779541,0.56
0.0,0.0,0.009999990463256836,0.010000000000000009,0.8399999141693115,0.8300000000000001,0.029999971389770508,0.030000000000000034,0.5499999523162842,0.5599999999999998
0.0,0.0,0.009999990463256836,0.010000000000000009,0.8399999141693115,0.8400000000000001,0.03000020980834961,0.030000000000000034,0.5599997043609619,0.5599999999999998
Average,0.0,0.0,0.014000034332275391,0.010000000000000009,0.8459999561309814,0.8480000000000001,0.030000066757202147,0.030000000000000034,0.5619998455047608,0.5619999999999999
