LoadRulesRealTime,LoadRulesCPUTime,LoadFactsRealTime,LoadFactsCPUTime,GroundRealTime,GroundCPUTime,QueryRealTime,QueryCPUTime,WriteRealTime,WriteCPUTime
0.0,0.0,0.0,0.0,0.7799999713897705,0.78,0.0,0.0,0.05000019073486328,0.050000000000000044
0.0,0.0,0.0,0.0,0.7899999618530273,0.79,0.0,0.0,0.04999995231628418,0.050000000000000044
0.0,0.0,0.0,0.0,0.7699999809265137,0.77,0.0,0.0,0.04999995231628418,0.05000000000000005
0.0,0.0,0.009999990463256836,0.0,0.7900002002716064,0.79,0.0,0.0,0.04999995231628418,0.050000000000000044
0.0,0.0,0.0,0.0,0.7699999809265137,0.77,0.0,0.0,0.04999995231628418,0.050000000000000044
Average,0.0,0.0,0.0019999980926513673,0.0,0.7800000190734864,0.78,0.0,0.0,0.05,0.050000000000000044
