CreateTableRealTime,CreateTableCPUTime,LoadDataRealTime,LoadDataCPUTime,CreateIndexRealTime,CreateIndexCPUTime,AnalyzeRealTime,AnalyzeCPUTime,ExecuteQueryRealTime,ExecuteQueryCPUTime,WriteResultRealTime,WriteResultCPUTime
0.019005167006980628,7.999999999996898e-05,0.009486540977377445,9.80000000000425e-05,0.03929258295102045,3.999999999998449e-05,0.002188374986872077,7.599999999996498e-05,0.05397991597419605,6.40000000000085e-05,0,0
0.01933879201533273,6.999999999995898e-05,0.008755000017117709,9.00000000000345e-05,0.03813820896903053,4.300000000001525e-05,0.00215141597436741,8.299999999999974e-05,0.050775624986272305,3.399999999997849e-05,0,0
0.019925792003050447,7.700000000004925e-05,0.010970999952405691,0.000124000000000013,0.033903750008903444,4.100000000001325e-05,0.0021053749951533973,7.00000000000145e-05,0.05065558303613216,3.599999999998049e-05,0,0
0.01902566698845476,8.00000000000245e-05,0.008084417029749602,6.799999999995698e-05,0.033854707959108055,3.799999999998249e-05,0.002517000015359372,8.500000000000174e-05,0.05141912499675527,4.199999999998649e-05,0,0
0.01797350001288578,8.799999999997699e-05,0.008430999994743615,8.199999999997098e-05,0.03641429200069979,3.500000000000725e-05,0.002452916989568621,7.00000000000145e-05,0.04806125001050532,3.500000000000725e-05,0,0
Average,0.01905378360534087,7.899999999999574e-05,0.009145591594278812,9.240000000000359e-05,0.036320708377752454,3.9400000000000544e-05,0.0022830165922641753,7.679999999999909e-05,0.05097829980077222,4.2199999999992244e-05,0.0,0.0
