CreateTableRealTime,CreateTableCPUTime,LoadDataRealTime,LoadDataCPUTime,CreateIndexRealTime,CreateIndexCPUTime,AnalyzeRealTime,AnalyzeCPUTime,ExecuteQueryRealTime,ExecuteQueryCPUTime,WriteResultRealTime,WriteResultCPUTime
0.019791541970334947,7.20000000000165e-05,0.014432249940000474,0.000124000000000013,0.03650574991479516,4.300000000001525e-05,0.0021955829579383135,7.199999999996098e-05,0.06337187497410923,8.099999999999774e-05,0.0029987080488353968,0.00010100000000001774
0.01986850006505847,7.00000000000145e-05,0.012463583028875291,8.700000000000374e-05,0.03540362499188632,2.2000000000022002e-05,0.002035000012256205,8.20000000000265e-05,0.0639994170051068,8.20000000000265e-05,0.002463584067299962,6.20000000000065e-05
0.01794895902276039,6.60000000000105e-05,0.0140688749961555,8.700000000000374e-05,0.030869374983012676,4.100000000001325e-05,0.0023088750895112753,7.60000000000205e-05,0.06466429203283042,8.700000000000374e-05,0.0017937499796971679,8.00000000000245e-05
0.018807167070917785,4.399999999998849e-05,0.015107499901205301,7.499999999999174e-05,0.030909875058569014,3.999999999998449e-05,0.0021863749716430902,3.700000000000925e-05,0.0639720419421792,7.899999999999574e-05,0.001871290965937078,7.399999999996298e-05
0.018008582992479205,7.00000000000145e-05,0.014708875096403062,7.099999999998774e-05,0.03215945803094655,3.700000000000925e-05,0.0022421249886974692,4.100000000001325e-05,0.06786149996332824,8.500000000000174e-05,0.002741958014667034,7.699999999999374e-05
Average,0.01888495022431016,6.44000000000089e-05,0.014156216592527925,8.879999999999999e-05,0.033169616595841944,3.6600000000008845e-05,0.0021935916040092705,6.160000000000609e-05,0.06477382518351078,8.280000000000509e-05,0.002373858215287328,7.880000000000109e-05
