CreateTableRealTime,CreateTableCPUTime,LoadDataRealTime,LoadDataCPUTime,CreateIndexRealTime,CreateIndexCPUTime,AnalyzeRealTime,AnalyzeCPUTime,ExecuteQueryRealTime,ExecuteQueryCPUTime,WriteResultRealTime,WriteResultCPUTime
0.02106720901792869,5.299999999996974e-05,0.00249279203126207,8.099999999999774e-05,0.03624483401654288,3.700000000000925e-05,0.0022862909827381372,7.60000000000205e-05,0.027336958039086312,3.4000000000034e-05,0,0
0.01603541598888114,2.8000000000028002e-05,0.0025298749678768218,6.40000000000085e-05,0.041463667002972215,4.199999999998649e-05,0.0023125410079956055,7.40000000000185e-05,0.030669333005789667,3.799999999998249e-05,0,0
0.015838957973755896,3.2000000000032e-05,0.0028499169857241213,6.20000000000065e-05,0.03907566698035225,4.199999999998649e-05,0.002464583027176559,8.299999999999974e-05,0.030324625025969,4.0000000000040004e-05,0,0
0.01690841600066051,7.499999999999174e-05,0.0024546670028939843,7.00000000000145e-05,0.03740066604223102,3.4999999999951736e-05,0.0021965840132907033,8.700000000000374e-05,0.028307750006206334,3.300000000000525e-05,0,0
0.015973249974194914,7.00000000000145e-05,0.0031124160159379244,8.799999999997699e-05,0.04271924996282905,3.300000000000525e-05,0.0019444580539129674,7.80000000000225e-05,0.029103500011842698,4.199999999998649e-05,0,0
Average,0.01716464979108423,5.16000000000072e-05,0.0026879334007389845,7.300000000000084e-05,0.039380816800985485,3.779999999998784e-05,0.0022408914170227944,7.9600000000013e-05,0.029148433217778803,3.740000000000965e-05,0.0,0.0
