CreateTableRealTime,CreateTableCPUTime,LoadDataRealTime,LoadDataCPUTime,CreateIndexRealTime,CreateIndexCPUTime,AnalyzeRealTime,AnalyzeCPUTime,ExecuteQueryRealTime,ExecuteQueryCPUTime,WriteResultRealTime,WriteResultCPUTime
0.01813816698268056,5.999999999994898e-05,0.003951416001655161,7.499999999999174e-05,0.036800292087718844,3.500000000000725e-05,0.0020642089657485485,7.899999999999574e-05,0.03405650006607175,3.900000000001125e-05,0.0020751249976456165,7.20000000000165e-05
0.019936332944780588,6.20000000000065e-05,0.00402787490747869,7.299999999998974e-05,0.03884733305312693,3.500000000000725e-05,0.002112666959874332,6.899999999998574e-05,0.03435249999165535,3.199999999997649e-05,0.0014289170503616333,2.0999999999993246e-05
0.01795466593466699,6.60000000000105e-05,0.00398174999281764,8.40000000000285e-05,0.038747541955672204,4.4000000000044004e-05,0.0020098749082535505,3.599999999998049e-05,0.03700641694013029,3.500000000000725e-05,0.001478250022046268,3.8000000000038e-05
0.019880125066265464,6.099999999997774e-05,0.003994000027887523,0.00012499999999998623,0.04309175000526011,3.6000000000036e-05,0.0019977500196546316,3.8000000000038e-05,0.03785295900888741,3.900000000001125e-05,0.0018769580638036132,3.799999999998249e-05
0.020011333981528878,6.0000000000004494e-05,0.004281332949176431,7.60000000000205e-05,0.03747845801990479,3.500000000000725e-05,0.00233633304014802,7.899999999999574e-05,0.036238125059753656,1.8000000000018e-05,0.0015138339949771762,3.599999999998049e-05
Average,0.019184124981984498,6.179999999998964e-05,0.004047274775803089,8.660000000000334e-05,0.038993075024336576,3.700000000002035e-05,0.0021041667787358165,6.0199999999999146e-05,0.035901300213299694,3.2600000000004845e-05,0.0016746168257668614,4.100000000000215e-05
