CreateTableRealTime,CreateTableCPUTime,LoadDataRealTime,LoadDataCPUTime,CreateIndexRealTime,CreateIndexCPUTime,AnalyzeRealTime,AnalyzeCPUTime,ExecuteQueryRealTime,ExecuteQueryCPUTime,WriteResultRealTime,WriteResultCPUTime
0.015617195999766409,0.00012219999999996123,0.005403925999871717,0.0001918999999999671,0.037151829999857,9.730000000002237e-05,0.0020346770002106496,0.00010700000000002374,0.07088177700006781,0.0001132000000000355,0.0018020410002463905,0.00011420000000000874
0.015344581999670481,0.00014100000000000223,0.005408418000115489,0.00017419999999995772,0.03906967700004316,0.00011040000000001049,0.003867064000132814,0.00014140000000001374,0.06745208700021976,0.00010969999999999036,0.0018273800001225027,0.00011830000000001561
Average,0.015480888999718445,0.00013159999999998173,0.005406171999993603,0.0001830499999999624,0.03811075349995008,0.00010385000000001643,0.0029508705001717317,0.00012420000000001874,0.06916693200014379,0.00011145000000001293,0.0018147105001844466,0.00011625000000001218
