CreateTableRealTime,CreateTableCPUTime,LoadDataRealTime,LoadDataCPUTime,CreateIndexRealTime,CreateIndexCPUTime,AnalyzeRealTime,AnalyzeCPUTime,ExecuteQueryRealTime,ExecuteQueryCPUTime,WriteResultRealTime,WriteResultCPUTime
0.030000001192092896,0.0,0.0,0.0,0.059999994933605194,0.0,0.0,0.0,0.030000001192092896,0.0,0.0,0.0
0.020000003278255463,0.0,0.0,0.0,0.04999999701976776,0.0,0.009999997913837433,0.0,0.040000006556510925,0.0,0.0,0.0
0.019999995827674866,0.0,0.0,0.0,0.03999999910593033,0.0,0.0,0.0,0.030000001192092896,0.0,0.0,0.0
Average,0.023333333432674408,0.0,0.0,0.0,0.04999999701976776,0.0,0.003333332637945811,0.0,0.033333336313565574,0.0,0.0,0.0
