CreateTableRealTime,CreateTableCPUTime,LoadDataRealTime,LoadDataCPUTime,CreateIndexRealTime,CreateIndexCPUTime,AnalyzeRealTime,AnalyzeCPUTime,ExecuteQueryRealTime,ExecuteQueryCPUTime,WriteResultRealTime,WriteResultCPUTime
0.01000000536441803,0.0,0.009999997913837433,0.0,0.03999999910593033,0.0,0.0,0.0,0.06000000238418579,0.0,0.0,0.0
0.019999995827674866,0.0,0.0,0.0,0.03999999910593033,0.0,0.0,0.0,0.06000000238418579,0.0,0.0,0.0
0.009999997913837433,0.0,0.01000000536441803,0.0,0.03999999910593033,0.0,0.009999997913837433,0.0,0.05000000447034836,0.0,0.0,0.0
Average,0.01333333303531011,0.0,0.0066666677594184875,0.0,0.03999999910593033,0.0,0.003333332637945811,0.0,0.05666666974623998,0.0,0.0,0.0
