CreateTableRealTime,CreateTableCPUTime,LoadDataRealTime,LoadDataCPUTime,CreateIndexRealTime,CreateIndexCPUTime,AnalyzeRealTime,AnalyzeCPUTime,ExecuteQueryRealTime,ExecuteQueryCPUTime,WriteResultRealTime,WriteResultCPUTime
0.017060999991372228,6.300000000003525e-05,0.011398250004276633,8.399999999997299e-05,0.033283542026765645,5.300000000002525e-05,0.002012500015553087,7.899999999999574e-05,0.058108291996177286,8.599999999997499e-05,0,0
0.016955875034909695,7.00000000000145e-05,0.011904958984814584,9.500000000001174e-05,0.04296158300712705,3.900000000001125e-05,0.002206500037573278,7.899999999999574e-05,0.05651675001718104,7.699999999999374e-05,0,0
0.0180987500352785,7.20000000000165e-05,0.01152604102389887,8.299999999999974e-05,0.03419541701441631,3.799999999998249e-05,0.0024492499651387334,7.20000000000165e-05,0.06150912499288097,8.80000000000325e-05,0,0
0.016867333964910358,7.40000000000185e-05,0.012348582968115807,7.899999999999574e-05,0.035619958012830466,3.599999999998049e-05,0.00220754201291129,7.399999999996298e-05,0.060672624967992306,8.499999999994623e-05,0,0
0.016006791032850742,6.900000000004125e-05,0.011096582980826497,8.60000000000305e-05,0.0376619590097107,3.2000000000032e-05,0.0020237909629940987,7.500000000004725e-05,0.055991208006162196,8.500000000000174e-05,0,0
Average,0.016997950011864306,6.960000000002519e-05,0.011654883192386478,8.540000000000214e-05,0.036744491814170034,3.9600000000006295e-05,0.0021799165988340974,7.580000000000364e-05,0.05855959999607876,8.419999999998984e-05,0.0,0.0
