CreateTableRealTime,CreateTableCPUTime,LoadDataRealTime,LoadDataCPUTime,CreateIndexRealTime,CreateIndexCPUTime,AnalyzeRealTime,AnalyzeCPUTime,ExecuteQueryRealTime,ExecuteQueryCPUTime,WriteResultRealTime,WriteResultCPUTime
0.01894208393059671,4.799999999999249e-05,0.015225415932945907,0.00010500000000002174,0.039711082936264575,4.300000000001525e-05,0.002327082911506295,8.500000000000174e-05,0.0693717080866918,8.299999999999974e-05,0.0021862080320715904,0.00012699999999998823
0.021523542003706098,8.700000000000374e-05,0.014720250037498772,0.00015599999999998948,0.033437291043810546,4.300000000001525e-05,0.001970833051018417,9.399999999998299e-05,0.07203595899045467,7.899999999999574e-05,0.002354959025979042,9.799999999998699e-05
0.01989304192829877,6.60000000000105e-05,0.0137940829154104,7.20000000000165e-05,0.03528587496839464,5.099999999996774e-05,0.0022998329950496554,6.499999999998174e-05,0.07267483393661678,8.80000000000325e-05,0.0017860829830169678,0.00011200000000000099
0.019964667037129402,5.299999999996974e-05,0.01415412500500679,8.099999999999774e-05,0.03281445801258087,3.700000000000925e-05,0.0022571670124307275,7.300000000004525e-05,0.06349508406128734,9.999999999998899e-05,0.0022012089611962438,0.00010599999999999499
0.016976375016383827,5.6000000000000494e-05,0.015152208972722292,7.80000000000225e-05,0.03183716698549688,3.900000000001125e-05,0.001643375027924776,7.299999999998974e-05,0.0731895409990102,8.00000000000245e-05,0.0021497090347111225,0.00010300000000001974
Average,0.019459941983222963,6.19999999999954e-05,0.014609216572716832,9.840000000000959e-05,0.0346171747893095,4.2600000000003746e-05,0.0020996581995859744,7.80000000000003e-05,0.07015342521481216,8.60000000000083e-05,0.0021356336073949933,0.00010919999999999818
