CreateTableRealTime,CreateTableCPUTime,LoadDataRealTime,LoadDataCPUTime,CreateIndexRealTime,CreateIndexCPUTime,AnalyzeRealTime,AnalyzeCPUTime,ExecuteQueryRealTime,ExecuteQueryCPUTime,WriteResultRealTime,WriteResultCPUTime
0.019002666929736733,5.8000000000002494e-05,0.009546165936626494,5.900000000003125e-05,0.037321874988265336,2.6999999999999247e-05,0.0020468749571591616,6.699999999998374e-05,0.04797891597263515,3.8000000000038e-05,0.0018945420160889626,3.999999999998449e-05
0.019996542017906904,6.60000000000105e-05,0.010251667001284659,7.699999999999374e-05,0.03663416695781052,3.700000000000925e-05,0.0022670410107821226,7.699999999999374e-05,0.04763054195791483,2.9000000000001247e-05,0.001263042096979916,2.2999999999995246e-05
0.01786729204468429,7.00000000000145e-05,0.008815749897621572,7.699999999999374e-05,0.038133708061650395,3.700000000000925e-05,0.001802791957743466,4.100000000001325e-05,0.047541291918605566,3.300000000000525e-05,0.002057082951068878,3.900000000001125e-05
0.019931792048737407,7.299999999998974e-05,0.009179166052490473,9.199999999998099e-05,0.0397283339407295,4.899999999996574e-05,0.002096791984513402,7.40000000000185e-05,0.050879209069535136,3.6999999999953737e-05,0.0018669579876586795,3.599999999998049e-05
0.018069709069095552,7.60000000000205e-05,0.009339749929495156,6.0000000000004494e-05,0.03754312498494983,7.099999999998774e-05,0.0022021669428795576,7.499999999999174e-05,0.0497488749679178,4.700000000001925e-05,0.0017369999550282955,4.099999999995774e-05
Average,0.018973600422032177,6.860000000000755e-05,0.009426499763503671,7.300000000000084e-05,0.03787224178668112,4.4199999999994244e-05,0.0020831333706155418,6.680000000000019e-05,0.0487557667773217,3.6800000000003497e-05,0.0017637250013649464,3.579999999998584e-05
