CreateTableRealTime,CreateTableCPUTime,LoadDataRealTime,LoadDataCPUTime,CreateIndexRealTime,CreateIndexCPUTime,AnalyzeRealTime,AnalyzeCPUTime,ExecuteQueryRealTime,ExecuteQueryCPUTime,WriteResultRealTime,WriteResultCPUTime
0.01981658407021314,5.6000000000000494e-05,0.009001041995361447,0.00014999999999998348,0.03709037497173995,2.2000000000022002e-05,0.002240082947537303,3.700000000000925e-05,0.045716833090409636,3.500000000000725e-05,0.001875000074505806,3.799999999998249e-05
0.019874999998137355,6.60000000000105e-05,0.00951829191762954,9.100000000000774e-05,0.03756950004026294,4.300000000001525e-05,0.0023617499973624945,7.20000000000165e-05,0.04463633301202208,3.399999999997849e-05,0.0018634169828146696,4.399999999998849e-05
0.020010874955914915,6.699999999998374e-05,0.008067750022746623,5.6000000000000494e-05,0.03883804101496935,4.500000000001725e-05,0.002119957935065031,7.799999999996698e-05,0.04514149995520711,3.599999999998049e-05,0.001863708021119237,3.500000000000725e-05
0.01979345898143947,8.399999999997299e-05,0.008868041913956404,5.899999999997574e-05,0.03710545797366649,1.8000000000018e-05,0.0034712079213932157,7.399999999996298e-05,0.046344334026798606,3.500000000000725e-05,0.001814124989323318,4.100000000001325e-05
0.019847042043693364,6.699999999998374e-05,0.008914917008951306,7.599999999996498e-05,0.038074999931268394,1.6999999999989246e-05,0.002126417006365955,7.099999999998774e-05,0.048945709015242755,2.4000000000024002e-05,0.001698042033240199,3.900000000001125e-05
Average,0.01986859200987965,6.79999999999903e-05,0.008874008571729064,8.639999999998649e-05,0.03773567478638142,2.900000000001235e-05,0.0024638831615447997,6.639999999998868e-05,0.046156941819936036,3.2799999999999496e-05,0.0018228584202006459,3.9400000000000544e-05
