CreateTableRealTime,CreateTableCPUTime,LoadDataRealTime,LoadDataCPUTime,CreateIndexRealTime,CreateIndexCPUTime,AnalyzeRealTime,AnalyzeCPUTime,ExecuteQueryRealTime,ExecuteQueryCPUTime,WriteResultRealTime,WriteResultCPUTime
0.01705195801332593,8.599999999997499e-05,0.011144207965116948,0.00016599999999999948,0.044741875026375055,5.499999999997174e-05,0.002435707952827215,7.599999999996498e-05,0.060815459000878036,7.499999999999174e-05,0,0
0.019130041007883847,7.199999999996098e-05,0.010901709028985351,7.799999999996698e-05,0.032891166978515685,3.999999999998449e-05,0.00213479099329561,7.60000000000205e-05,0.05674691702006385,2.399999999996849e-05,0,0
0.01610491704195738,4.899999999996574e-05,0.0118725830106996,0.00010499999999996623,0.03791933401953429,3.4000000000034e-05,0.00219912501052022,7.999999999996898e-05,0.06073420896427706,8.500000000000174e-05,0,0
0.01686354196863249,7.699999999999374e-05,0.012528708030004054,8.00000000000245e-05,0.03248162503587082,3.500000000000725e-05,0.0022535829921253026,7.999999999996898e-05,0.059670375019777566,8.20000000000265e-05,0,0
0.017026625049766153,7.699999999999374e-05,0.010970375034958124,0.00010799999999999699,0.0347124999971129,4.100000000001325e-05,0.0021795829525217414,7.500000000004725e-05,0.05861704202834517,8.999999999997899e-05,0,0
Average,0.01723541661631316,7.219999999997783e-05,0.011483516613952815,0.00010739999999999083,0.03654930021148175,4.100000000000215e-05,0.0022405579802580178,7.739999999999414e-05,0.059316800406668334,7.119999999999349e-05,0.0,0.0
