CreateTableRealTime,CreateTableCPUTime,LoadDataRealTime,LoadDataCPUTime,CreateIndexRealTime,CreateIndexCPUTime,AnalyzeRealTime,AnalyzeCPUTime,ExecuteQueryRealTime,ExecuteQueryCPUTime,WriteResultRealTime,WriteResultCPUTime
0.016914249979890883,6.80000000000125e-05,0.004729541018605232,0.00014100000000000223,0.04024500004015863,3.0000000000030003e-05,0.0019522500224411488,3.500000000000725e-05,0.034644666011445224,3.8000000000038e-05,0.001503292005509138,3.8000000000038e-05
0.019934959011152387,5.899999999997574e-05,0.004298499901778996,0.00011899999999998023,0.03665429097600281,4.300000000001525e-05,0.0012200410710647702,3.900000000001125e-05,0.032658791984431446,5.699999999997374e-05,0.0016083749942481518,5.8000000000002494e-05
0.016936125000938773,6.500000000003725e-05,0.0032127080485224724,6.999999999995898e-05,0.037806833046488464,4.399999999998849e-05,0.0012099170126020908,8.299999999999974e-05,0.039638583082705736,1.8999999999991246e-05,0.0013877920573577285,1.7000000000044757e-05
0.016958459047600627,7.100000000004325e-05,0.003939459100365639,8.500000000000174e-05,0.03795149992220104,3.8000000000038e-05,0.0022715420927852392,7.699999999999374e-05,0.03228629205841571,2.2999999999995246e-05,0.0014288750244304538,3.700000000000925e-05
0.02319837501272559,7.199999999996098e-05,0.003545165993273258,6.0000000000004494e-05,0.03915604192297906,3.900000000001125e-05,0.002111832960508764,8.500000000000174e-05,0.03326866705901921,2.999999999997449e-05,0.00147220806684345,4.8000000000048004e-05
Average,0.018788433610461654,6.700000000000594e-05,0.00394507481250912,9.499999999998954e-05,0.038362733181566,3.8800000000016596e-05,0.0017531166318804025,6.380000000000274e-05,0.034499400039203466,3.3399999999994544e-05,0.0014801084296777844,3.96000000000285e-05
