CreateTableRealTime,CreateTableCPUTime,LoadDataRealTime,LoadDataCPUTime,CreateIndexRealTime,CreateIndexCPUTime,AnalyzeRealTime,AnalyzeCPUTime,ExecuteQueryRealTime,ExecuteQueryCPUTime,WriteResultRealTime,WriteResultCPUTime
0.024881695000203763,0.0001391000000000031,0.004729591999875993,0.0002363000000000226,0.05301134999990609,0.00014969999999997485,0.002709706000132428,0.0001438999999999746,0.028728429000238975,0.00014359999999996598,0.0007051889997455874,0.0001266999999999796
0.014469818999714334,0.00010979999999999324,0.0020085070000277483,0.00016929999999998335,0.038061791000018275,0.00011309999999997711,0.002097681000122975,0.0001402999999999821,0.02959579800017309,0.00011460000000002024,0.0006546720001097128,9.539999999996773e-05
Average,0.01967575699995905,0.00012444999999999817,0.0033690494999518705,0.00020280000000000298,0.04553657049996218,0.00013139999999997598,0.0024036935001277016,0.00014209999999997835,0.029162113500206033,0.0001290999999999931,0.0006799304999276501,0.00011104999999997367
