CreateTableRealTime,CreateTableCPUTime,LoadDataRealTime,LoadDataCPUTime,CreateIndexRealTime,CreateIndexCPUTime,AnalyzeRealTime,AnalyzeCPUTime,ExecuteQueryRealTime,ExecuteQueryCPUTime,WriteResultRealTime,WriteResultCPUTime
0.021012291021179408,2.6999999999999247e-05,0.008082417014520615,8.099999999999774e-05,0.03785412502475083,2.6999999999999247e-05,0.0021669999696314335,6.0000000000004494e-05,0.046209124964661896,4.300000000001525e-05,0,0
0.020894707995466888,7.00000000000145e-05,0.007823417021427304,6.60000000000105e-05,0.03617991699138656,4.299999999995974e-05,0.0020280409953556955,8.40000000000285e-05,0.04696854198118672,3.700000000000925e-05,0,0
0.016865957994014025,7.20000000000165e-05,0.008103624975774437,8.299999999999974e-05,0.03693808399839327,3.899999999995574e-05,0.002041374973487109,9.100000000000774e-05,0.045259792008437216,4.0000000000040004e-05,0,0
0.016980832966510206,6.899999999998574e-05,0.00872879195958376,7.899999999999574e-05,0.03815358300926164,3.199999999997649e-05,0.001991083030588925,7.40000000000185e-05,0.0524140409543179,7.00000000000145e-05,0,0
0.01780991698615253,8.20000000000265e-05,0.009024915983900428,8.80000000000325e-05,0.031855791981797665,4.199999999998649e-05,0.0021799160167574883,7.80000000000225e-05,0.045343417034018785,3.6999999999953737e-05,0,0
Average,0.01871274139266461,6.40000000000085e-05,0.008352633391041309,7.940000000000724e-05,0.03619630020111799,3.659999999997554e-05,0.0020814829971641303,7.740000000001634e-05,0.0472389833885245,4.5400000000006545e-05,0.0,0.0
