CreateTableRealTime,CreateTableCPUTime,LoadDataRealTime,LoadDataCPUTime,CreateIndexRealTime,CreateIndexCPUTime,AnalyzeRealTime,AnalyzeCPUTime,ExecuteQueryRealTime,ExecuteQueryCPUTime,WriteResultRealTime,WriteResultCPUTime
0.017828167066909373,6.899999999998574e-05,0.009828665992245078,6.899999999998574e-05,0.035210708039812744,1.7000000000044757e-05,0.0023278750013560057,7.499999999999174e-05,0.05650187493301928,4.100000000001325e-05,0.001920916954986751,3.100000000000325e-05
0.017106291954405606,7.20000000000165e-05,0.009097333997488022,6.899999999998574e-05,0.0396439169999212,3.6000000000036e-05,0.0020772500429302454,4.299999999995974e-05,0.054523332975804806,3.599999999998049e-05,0.001972708967514336,3.700000000000925e-05
0.018979334039613605,7.299999999998974e-05,0.009783458081074059,5.699999999997374e-05,0.03612454200629145,3.900000000001125e-05,0.0022364999167621136,8.099999999999774e-05,0.05460116604808718,2.599999999997049e-05,0.0017755419248715043,2.999999999997449e-05
0.017974124988541007,7.300000000004525e-05,0.010467000072821975,8.00000000000245e-05,0.039371834020130336,1.599999999996049e-05,0.002152916043996811,6.899999999998574e-05,0.05677137500606477,3.899999999995574e-05,0.0021234169835224748,0.0001040000000000485
0.01890937506686896,7.199999999996098e-05,0.01193408400285989,8.00000000000245e-05,0.03695687500294298,2.0999999999993246e-05,0.0023357500322163105,7.399999999996298e-05,0.056572332978248596,2.599999999997049e-05,0.0014505420112982392,2.9000000000001247e-05
Average,0.01815945862326771,7.179999999999964e-05,0.010222108429297804,7.099999999999884e-05,0.037461575213819744,2.5800000000009148e-05,0.002226058207452297,6.839999999997959e-05,0.055794016388244924,3.359999999997809e-05,0.001848625368438661,4.6200000000007344e-05
