CreateTableRealTime,CreateTableCPUTime,LoadDataRealTime,LoadDataCPUTime,CreateIndexRealTime,CreateIndexCPUTime,AnalyzeRealTime,AnalyzeCPUTime,ExecuteQueryRealTime,ExecuteQueryCPUTime,WriteResultRealTime,WriteResultCPUTime
0.01807075005490333,7.20000000000165e-05,0.015122500015422702,6.799999999995698e-05,0.030709000071510673,3.799999999998249e-05,0.0023176659597083926,7.499999999999174e-05,0.07062545802909881,7.299999999998974e-05,0.0020659170113503933,8.999999999997899e-05
0.016922125010751188,5.3999999999998494e-05,0.014671749901026487,7.00000000000145e-05,0.03627654199954122,2.8000000000028002e-05,0.0027557919966056943,8.199999999997098e-05,0.06726212508510798,9.999999999998899e-05,0.0023215829860419035,9.199999999998099e-05
0.020052957930602133,6.40000000000085e-05,0.014150833012536168,8.00000000000245e-05,0.03458341700024903,3.500000000000725e-05,0.002408082946203649,7.60000000000205e-05,0.06895179196726531,8.099999999999774e-05,0.0021083749597892165,9.300000000000974e-05
0.018019874929450452,7.300000000004525e-05,0.014431040966883302,8.099999999999774e-05,0.031417291960678995,3.900000000001125e-05,0.0022710409248247743,7.899999999999574e-05,0.07369333307724446,7.499999999999174e-05,0.00234879192430526,9.40000000000385e-05
0.01796820806339383,7.699999999999374e-05,0.01404529099818319,8.799999999997699e-05,0.030840332969091833,2.0000000000020002e-05,0.002277375082485378,8.399999999997299e-05,0.06943741696886718,9.100000000000774e-05,0.002150457934476435,9.20000000000365e-05
Average,0.018206783197820188,6.80000000000125e-05,0.01448428297881037,7.739999999999414e-05,0.03276531680021435,3.20000000000098e-05,0.0024059913819655778,7.919999999999039e-05,0.06999402502551674,8.399999999999518e-05,0.002199024963192642,9.220000000000894e-05
