CreateTableRealTime,CreateTableCPUTime,LoadDataRealTime,LoadDataCPUTime,CreateIndexRealTime,CreateIndexCPUTime,AnalyzeRealTime,AnalyzeCPUTime,ExecuteQueryRealTime,ExecuteQueryCPUTime,WriteResultRealTime,WriteResultCPUTime
0.0003690000157803297,0.0003250000000000197,0.0018532079993747175,0.0018610000000000015,0.0006967919762246311,0.0007320000000000104,6.737496005371213e-05,9.20000000000365e-05,0.02315374999307096,0.026363000000000025,0.004145417013205588,0.0041799999999999615
0.0003808750188909471,0.0003349999999999742,0.001974124985281378,0.0020870000000000055,0.0006912919925525784,0.0007379999999999609,7.233303040266037e-05,9.700000000001374e-05,0.02421712502837181,0.056389999999999996,0.004122083017136902,0.004157000000000022
0.00037283299025148153,0.0003449999999999842,0.001948125020135194,0.001943000000000028,0.0007263749721460044,0.0010940000000000394,5.9542013332247734e-05,7.20000000000165e-05,0.023117167002055794,0.024509999999999976,0.004152457986492664,0.004186999999999996
0.00036150001687929034,0.00032799999999999496,0.0018143749912269413,0.0018460000000000143,0.0006296670180745423,0.0006659999999999999,6.087496876716614e-05,7.40000000000185e-05,0.023029792006127536,0.024536000000000002,0.0041110829915851355,0.0041440000000000365
0.000369583023712039,0.00032799999999999496,0.001887666992843151,0.0018539999999999668,0.0006867499905638397,0.0007060000000000399,5.76250022277236e-05,7.699999999999374e-05,0.023601124994456768,0.027358999999999967,0.004324625013396144,0.0043420000000000125
Average,0.0003707582131028175,0.0003321999999999936,0.0018954999977722764,0.0019182000000000031,0.0006861751899123192,0.0007872000000000101,6.3549994956702e-05,8.24000000000158e-05,0.023423791804816574,0.031831599999999995,0.004171133204363286,0.004202000000000006
