CreateTableRealTime,CreateTableCPUTime,LoadDataRealTime,LoadDataCPUTime,CreateIndexRealTime,CreateIndexCPUTime,AnalyzeRealTime,AnalyzeCPUTime,ExecuteQueryRealTime,ExecuteQueryCPUTime,WriteResultRealTime,WriteResultCPUTime
0.00032045802799984813,0.00032199999999998896,0.0023707080399617553,0.0023809999999999665,0.0011229580268263817,0.0010959999999999859,6.391701754182577e-05,7.699999999999374e-05,0.10247795801842585,0.21112099999999995,0.006019500026013702,0.021435000000000093
0.000370291993021965,0.00034400000000001096,0.002317999955266714,0.002332999999999974,0.001125750015489757,0.0011700000000000044,7.812498370185494e-05,9.900000000001574e-05,0.09678795898798853,0.102462,0.006227833975572139,0.022230000000000028
0.0003696249914355576,0.0003489999999999882,0.0023629170027561486,0.0023779999999999912,0.0011776250321418047,0.0012170000000000236,6.908300565555692e-05,8.500000000000174e-05,0.09993604198098183,0.21721200000000002,0.006754417030606419,0.02278099999999994
0.0003653339808806777,0.0003469999999999862,0.0024124999763444066,0.002950000000000008,0.001182834035716951,0.0012220000000000009,5.21670444868505e-05,7.20000000000165e-05,0.09632558299927041,0.09844400000000003,0.006206582998856902,0.022040000000000004
0.00036395800998434424,0.00035000000000001696,0.002460292016621679,0.002475000000000005,0.0011647919891402125,0.0011889999999999956,6.699998630210757e-05,8.900000000000574e-05,0.09918258298421279,0.203538,0.006197332986630499,0.022043000000000035
Average,0.00035793340066447854,0.00034239999999999824,0.0023848833981901406,0.002503399999999989,0.0011547918198630213,0.001178800000000002,6.605840753763914e-05,8.440000000000669e-05,0.09894202499417588,0.16655539999999996,0.0062811334035359325,0.02210580000000002
