CreateTableRealTime,CreateTableCPUTime,LoadDataRealTime,LoadDataCPUTime,CreateIndexRealTime,CreateIndexCPUTime,AnalyzeRealTime,AnalyzeCPUTime,ExecuteQueryRealTime,ExecuteQueryCPUTime,WriteResultRealTime,WriteResultCPUTime
0.005542333999983384,0.0007677999999999852,0.007321213000068383,0.003258900000000009,0.005783103999874584,0.001681099999999991,0.00048038400018413085,0.0007513000000000103,0.011623919000157912,0.015203800000000045,0.0011766830002670758,0.0012690999999999675
0.005551645000196004,0.001683099999999993,0.007020002999979624,0.0034028999999999865,0.005730142000174965,0.001740699999999984,0.0004367740002635401,0.0005609000000000308,0.012334957999883045,0.012600400000000012,0.0014952589999666088,0.002272300000000005
Average,0.005546989500089694,0.001225449999999989,0.0071706080000240036,0.0033308999999999978,0.005756623000024774,0.0017108999999999874,0.00045857900022383546,0.0006561000000000206,0.011979438500020478,0.013902100000000028,0.0013359710001168423,0.0017706999999999862
