CreateTableRealTime,CreateTableCPUTime,LoadDataRealTime,LoadDataCPUTime,CreateIndexRealTime,CreateIndexCPUTime,AnalyzeRealTime,AnalyzeCPUTime,ExecuteQueryRealTime,ExecuteQueryCPUTime,WriteResultRealTime,WriteResultCPUTime
0.00035779201425611973,0.00031199999999997896,0.002079541969578713,0.0021780000000000133,0.0008054159698076546,0.0008400000000000074,9.26250359043479e-05,0.00010799999999999699,0.04304966703057289,0.043596000000000024,0.005659917020238936,0.012411999999999979
0.0003582910285331309,0.00036400000000003097,0.002027624985203147,0.002016999999999991,0.0008880000095814466,0.0008949999999999791,5.716702435165644e-05,7.399999999996298e-05,0.04457933304365724,0.10102,0.005670292011927813,0.012490000000000001
0.0003707500291056931,0.00034199999999995345,0.0020568749750964344,0.0021599999999999953,0.0008979170233942568,0.0009389999999999676,7.245899178087711e-05,9.199999999998099e-05,0.042357291968073696,0.04579099999999997,0.005795707984361798,0.012741999999999976
0.0003537499578669667,0.00033800000000000496,0.002020166954025626,0.0020060000000000078,0.0009250000002793968,0.0009870000000000156,7.579097291454673e-05,9.500000000001174e-05,0.04402870900230482,0.09751899999999997,0.005851541005540639,0.012913000000000008
0.0003528749803081155,0.00032199999999998896,0.0019418330048210919,0.0019540000000000113,0.000822375004645437,0.0008579999999999699,6.254197796806693e-05,8.80000000000325e-05,0.042765374993905425,0.04328900000000002,0.0057663340121507645,0.012654999999999972
Average,0.0003586916020140052,0.00033559999999999146,0.0020252083777450025,0.0020630000000000036,0.0008677416015416383,0.0009037999999999879,7.211680058389902e-05,9.139999999999704e-05,0.043356075207702814,0.066243,0.0057487584068439904,0.012642399999999988
