CreateTableRealTime,CreateTableCPUTime,LoadDataRealTime,LoadDataCPUTime,CreateIndexRealTime,CreateIndexCPUTime,AnalyzeRealTime,AnalyzeCPUTime,ExecuteQueryRealTime,ExecuteQueryCPUTime,WriteResultRealTime,WriteResultCPUTime
0.0,0.0,0.009999997913837433,0.010000000000000009,0.01000000536441803,0.0,0.0,0.0,0.03999999910593033,0.07999999999999999,0.0,0.010000000000000009
0.0,0.0,0.009999997913837433,0.010000000000000009,0.009999997913837433,0.0,0.0,0.0,0.040000006556510925,0.07999999999999999,0.009999997913837433,0.0
0.009999997913837433,0.0,0.01000000536441803,0.010000000000000009,0.009999997913837433,0.0,0.0,0.0,0.03999999910593033,0.09,0.009999997913837433,0.0
Average,0.003333332637945811,0.0,0.010000000397364298,0.010000000000000009,0.010000000397364298,0.0,0.0,0.0,0.04000000158945719,0.08333333333333333,0.006666665275891622,0.003333333333333336
