CreateTableRealTime,CreateTableCPUTime,LoadDataRealTime,LoadDataCPUTime,CreateIndexRealTime,CreateIndexCPUTime,AnalyzeRealTime,AnalyzeCPUTime,ExecuteQueryRealTime,ExecuteQueryCPUTime,WriteResultRealTime,WriteResultCPUTime
0.00034666695864871144,0.00033400000000000096,0.0019156669732183218,0.0019239999999999813,0.0007501659565605223,0.0007870000000000377,5.979102570563555e-05,7.799999999996698e-05,0.12780758296139538,0.12884400000000001,0.0039583329926244915,0.003971000000000002
0.0003739160019904375,0.00034800000000001496,0.0018770829774439335,0.002234999999999987,0.0006962079787626863,0.0007420000000000204,6.987503729760647e-05,8.299999999999974e-05,0.12720466702012345,0.12723600000000002,0.004247249977197498,0.004280000000000006
0.0003150419797748327,0.0003249999999999642,0.0019005840294994414,0.0023139999999999827,0.0006657500052824616,0.0006980000000000319,7.337500574067235e-05,0.00010199999999999099,0.12967087503056973,0.13058899999999996,0.004331458010710776,0.0043420000000000125
0.0003635000321082771,0.0003290000000000237,0.001841625024098903,0.001833000000000029,0.0007124999538064003,0.0007400000000000184,6.520800525322556e-05,7.699999999999374e-05,0.12735591595992446,0.130884,0.004172459011897445,0.0042039999999999855
0.0003392500220797956,0.00034000000000000696,0.001886082987766713,0.001906999999999992,0.0007494169985875487,0.0007849999999999802,5.420803790912032e-05,6.80000000000125e-05,0.1275405419874005,0.12839100000000003,0.003965292009525001,0.0040000000000000036
Average,0.00034767499892041087,0.0003352000000000022,0.0018842083984054625,0.0020425999999999942,0.0007148081785999238,0.0007504000000000177,6.449142238125205e-05,8.15999999999928e-05,0.1279159165918827,0.1291888,0.004134958400391043,0.004159400000000002
