CreateTableRealTime,CreateTableCPUTime,LoadDataRealTime,LoadDataCPUTime,CreateIndexRealTime,CreateIndexCPUTime,AnalyzeRealTime,AnalyzeCPUTime,ExecuteQueryRealTime,ExecuteQueryCPUTime,WriteResultRealTime,WriteResultCPUTime
0.0003653750172816217,0.0003310000000000257,0.0009727500146254897,0.0009220000000000339,0.00046804099110886455,0.00047800000000003395,6.454199319705367e-05,8.00000000000245e-05,0.0017922919942066073,0.0021219999999999573,0.00048683403292670846,0.0006710000000000327
0.0003524170024320483,0.00033400000000000096,0.0008236669818870723,0.0008420000000000094,0.0004871670389547944,0.00048800000000004395,6.337498780339956e-05,8.099999999999774e-05,0.0019450840190984309,0.0022439999999999682,0.0006072500254958868,0.0009290000000000131
0.0003537079901434481,0.00035000000000001696,0.0008803330129012465,0.0008559999999999679,0.00043991702841594815,0.0005019999999999469,5.4999953135848045e-05,7.40000000000185e-05,0.0020486669964157045,0.003817999999999988,0.0006360409897752106,0.0010860000000000314
0.00036754197208210826,0.00033800000000000496,0.0008181669982150197,0.0008119999999999794,0.0004304159665480256,0.0004230000000000067,6.866600597277284e-05,8.20000000000265e-05,0.001896000001579523,0.004174000000000011,0.0006003750022500753,0.0008409999999999807
0.0003730420139618218,0.00034800000000001496,0.0008608750067651272,0.0008100000000000329,0.0005205409834161401,0.0006470000000000087,6.391701754182577e-05,7.80000000000225e-05,0.0019423330086283386,0.004028999999999949,0.0006102909683249891,0.0010419999999999874
Average,0.00036241679918020965,0.0003402000000000127,0.0008711584028787911,0.0008484000000000047,0.0004692164016887546,0.000507600000000008,6.309999153017998e-05,7.900000000001794e-05,0.0019248752039857208,0.0032773999999999746,0.0005881582037545741,0.0009138000000000091
