CreateTableRealTime,CreateTableCPUTime,LoadDataRealTime,LoadDataCPUTime,CreateIndexRealTime,CreateIndexCPUTime,AnalyzeRealTime,AnalyzeCPUTime,ExecuteQueryRealTime,ExecuteQueryCPUTime,WriteResultRealTime,WriteResultCPUTime
0.005979331999697024,0.0018663999999999903,0.00841944900003,0.0048244000000000065,0.006189863000145124,0.0019223999999999908,0.00047178699969663285,0.0005637000000000003,0.03769975399973191,0.07073809999999997,0.005255231999854004,0.009262199999999998
0.008154893000209995,0.0007557000000000258,0.009753478999755316,0.0058071000000000095,0.00692435100017974,0.002978499999999995,0.00045413399993776693,0.0005946000000000007,0.03738463900026545,0.075538,0.005793440000161354,0.010813599999999979
Average,0.0070671124999535095,0.001311050000000008,0.009086463999892658,0.005315750000000008,0.006557107000162432,0.002450449999999993,0.0004629604998171999,0.0005791500000000005,0.03754219649999868,0.07313804999999998,0.005524336000007679,0.010037899999999988
