CreateTableRealTime,CreateTableCPUTime,LoadDataRealTime,LoadDataCPUTime,CreateIndexRealTime,CreateIndexCPUTime,AnalyzeRealTime,AnalyzeCPUTime,ExecuteQueryRealTime,ExecuteQueryCPUTime,WriteResultRealTime,WriteResultCPUTime
0.009999997913837433,0.0,0.0,0.0,0.009999997913837433,0.0,0.0,0.0,0.06000000238418579,0.13999999999999999,0.009999997913837433,0.009999999999999953
0.009999997913837433,0.0,0.009999997913837433,0.010000000000000009,0.0,0.0,0.0,0.0,0.06000000238418579,0.07,0.009999997913837433,0.020000000000000007
0.0,0.0,0.01000000536441803,0.009999999999999953,0.009999997913837433,0.0,0.0,0.0,0.03999999910593033,0.040000000000000036,0.009999997913837433,0.010000000000000009
Average,0.006666665275891622,0.0,0.0066666677594184875,0.006666666666666654,0.006666665275891622,0.0,0.0,0.0,0.0533333346247673,0.08333333333333333,0.009999997913837433,0.013333333333333322
