CreateTableRealTime,CreateTableCPUTime,LoadDataRealTime,LoadDataCPUTime,CreateIndexRealTime,CreateIndexCPUTime,AnalyzeRealTime,AnalyzeCPUTime,ExecuteQueryRealTime,ExecuteQueryCPUTime,WriteResultRealTime,WriteResultCPUTime
0.0003494999837130308,0.0003569999999999962,0.0016711250063963234,0.0016939999999999733,0.0004687500186264515,0.0005110000000000392,6.066705100238323e-05,8.60000000000305e-05,0.012286834011320025,0.030957000000000012,0.0021169160027056932,0.0021519999999999873
0.0003432919620536268,0.0003309999999999702,0.0017799579654820263,0.001794999999999991,0.0005520000122487545,0.0006059999999999954,5.566701292991638e-05,7.199999999996098e-05,0.01250737498048693,0.01622100000000004,0.0023612920194864273,0.002391000000000032
0.0003748749732039869,0.00035400000000002096,0.0016956250183284283,0.0016980000000000328,0.0005662090261466801,0.0006260000000000154,0.00011820800136774778,0.000134000000000023,0.012576417007949203,0.030424000000000007,0.0022248749737627804,0.0040000000000000036
0.0003572080167941749,0.0003389999999999782,0.0016517909825779498,0.00167299999999998,0.00051183404866606,0.0005860000000000309,6.866600597277284e-05,8.20000000000265e-05,0.011878083052579314,0.014112999999999987,0.002243249968159944,0.0022840000000000082
0.00033979100408032537,0.00033600000000000296,0.0017263329937122762,0.0017340000000000133,0.0006113750278018415,0.0006659999999999999,9.954202687367797e-05,0.00010399999999999299,0.01235816697590053,0.024853999999999987,0.0022895410074852407,0.004270999999999969
Average,0.00035293318796902895,0.0003433999999999937,0.001704966393299401,0.0017187999999999982,0.0005420336266979576,0.0005990000000000162,8.055001962929964e-05,9.56000000000068e-05,0.0123213752056472,0.023313800000000006,0.002247174794320017,0.0030196
