CreateTableRealTime,CreateTableCPUTime,LoadDataRealTime,LoadDataCPUTime,CreateIndexRealTime,CreateIndexCPUTime,AnalyzeRealTime,AnalyzeCPUTime,ExecuteQueryRealTime,ExecuteQueryCPUTime,WriteResultRealTime,WriteResultCPUTime
0.0003433339879848063,0.0003109999999999502,0.0017175829852931201,0.001800999999999997,0.0005337919574230909,0.0005870000000000042,5.787500413134694e-05,6.899999999998574e-05,0.01727195899002254,0.04331999999999997,0.0028784999740310013,0.002884999999999971
0.00035262497840449214,0.00034000000000000696,0.0017165830358862877,0.0017039999999999833,0.0005503749707713723,0.0005809999999999982,6.137497257441282e-05,7.699999999999374e-05,0.017353500006720424,0.03574500000000003,0.0031014169799163938,0.0031100000000000017
0.0003619579947553575,0.0003330000000000277,0.001772125018760562,0.0017719999999999958,0.0005503750289790332,0.0005709999999999882,7.887504762038589e-05,0.00011800000000000699,0.017726332996971905,0.04087000000000002,0.0031039579771459103,0.003139999999999976
0.0003606660175137222,0.0003409999999999802,0.0017244589980691671,0.0017179999999999973,0.0006245420081540942,0.0006260000000000154,5.9375015553086996e-05,7.20000000000165e-05,0.0165775420027785,0.016942999999999986,0.0029387089889496565,0.0029719999999999747
0.0003596660098992288,0.00033199999999999896,0.0017341250204481184,0.001796999999999993,0.0005197920254431665,0.0005689999999999862,5.76250022277236e-05,7.099999999998774e-05,0.01719566702377051,0.020867999999999998,0.0032050000154413283,0.0031999999999999806
Average,0.0003556497977115214,0.0003313999999999928,0.001732975011691451,0.0017583999999999933,0.0005557751981541514,0.0005867999999999984,6.302500842139124e-05,8.139999999999814e-05,0.017225000204052775,0.0315492,0.003045516787096858,0.0030613999999999806
