CreateTableRealTime,CreateTableCPUTime,LoadDataRealTime,LoadDataCPUTime,CreateIndexRealTime,CreateIndexCPUTime,AnalyzeRealTime,AnalyzeCPUTime,ExecuteQueryRealTime,ExecuteQueryCPUTime,WriteResultRealTime,WriteResultCPUTime
0.000364166044164449,0.0003510000000000457,0.0028781669680029154,0.0025680000000000147,0.001282458018977195,0.0012900000000000134,8.50000069476664e-05,0.00010799999999999699,0.1299499170272611,0.130318,0.005678499990608543,0.02534200000000003
0.00034416699782013893,0.0003389999999999782,0.0025165840052068233,0.002572999999999992,0.0012362499837763608,0.0012619999999999854,5.9165991842746735e-05,7.799999999996698e-05,0.1440755829680711,0.14747200000000005,0.0062155830091796815,0.026888999999999996
0.0003719580126926303,0.00034799999999995945,0.0025660410174168646,0.00314399999999998,0.00124074995983392,0.0012889999999999846,8.787499973550439e-05,0.0001020000000000465,0.13122187502449378,0.13150499999999998,0.006353875040076673,0.02770499999999998
0.00032520899549126625,0.0003240000000000465,0.003849749977234751,0.0028040000000000287,0.0011783330119214952,0.0012199999999999989,5.2916991990059614e-05,7.299999999998974e-05,0.13008066703332588,0.130311,0.006263374991249293,0.027405999999999986
0.00034433399559929967,0.0003409999999999802,0.0024879159755073488,0.0025060000000000082,0.0011570409988053143,0.0011900000000000244,5.462497938424349e-05,7.40000000000185e-05,0.1305276660132222,0.13079799999999997,0.006930292001925409,0.02835700000000002
Average,0.0003499668091535568,0.000340600000000002,0.0028596915886737405,0.002719000000000005,0.001218966394662857,0.0012502000000000012,6.791659398004412e-05,8.700000000000374e-05,0.1331711416132748,0.1340808,0.00628832500660792,0.027139800000000002
