CreateTableRealTime,CreateTableCPUTime,LoadDataRealTime,LoadDataCPUTime,CreateIndexRealTime,CreateIndexCPUTime,AnalyzeRealTime,AnalyzeCPUTime,ExecuteQueryRealTime,ExecuteQueryCPUTime,WriteResultRealTime,WriteResultCPUTime
0.007116909000160376,0.0024956999999999896,0.007949526999709633,0.003771799999999992,0.00697622899997441,0.002878700000000012,0.00047619799988751765,0.0006427999999999989,0.01358232600023257,0.018224199999999968,0.0021657600000253296,0.002256199999999986
0.00598273200012045,0.0008384000000000169,0.008440401999905589,0.005076499999999984,0.00654140799997549,0.0019859999999999878,0.00041185899999618414,0.0005445000000000033,0.013120354999955453,0.01719320000000002,0.001455331000215665,0.0015413999999999706
Average,0.006549820500140413,0.0016670500000000033,0.008194964499807611,0.004424149999999988,0.00675881849997495,0.00243235,0.0004440284999418509,0.0005936500000000011,0.013351340500094011,0.017708699999999994,0.0018105455001204973,0.0018987999999999783
