DeleteDataRealTime,DeleteDataCPUTime,LoadDataRealTime,LoadDataCPUTime,CreateIndexXRealTime,CreateIndexXCPUTime,CreateIndexYRealTime,CreateIndexYCPUTime,QueryRealTime,QueryCPUTime,WriteResultRealTime,WriteResultCPUTime
0.019999995827674866,0.0,0.06000000238418579,0.0,0.03999999910593033,0.0,0.0,0.0,0.0,0.010000000000000004,0.09000000357627869,0.07
0.019999995827674866,0.009999999999999995,0.07000000029802322,0.0,0.03999999910593033,0.0,0.009999997913837433,0.0,0.0,0.0,0.09000000357627869,0.06999999999999995
0.019999995827674866,0.0,0.08000000566244125,0.010000000000000009,0.03999999910593033,0.0,0.0,0.0,0.0,0.0,0.10000000149011612,0.07999999999999995
Average,0.019999995827674866,0.003333333333333332,0.0700000027815501,0.003333333333333336,0.03999999910593033,0.0,0.003333332637945811,0.0,0.0,0.0033333333333333344,0.0933333362142245,0.0733333333333333
