DeleteDataRealTime,DeleteDataCPUTime,LoadDataRealTime,LoadDataCPUTime,CreateIndexXRealTime,CreateIndexXCPUTime,CreateIndexYRealTime,CreateIndexYCPUTime,QueryRealTime,QueryCPUTime,WriteResultRealTime,WriteResultCPUTime
0.018282454000200232,0.00537999999999994,0.07834588600007919,0.000993100000000302,0.048871712000163825,0.0009579000000004001,0.0024059369998212787,0.0007828000000000834,0.0015858980000302836,0.0006300000000001305,0.0836333970000851,0.06261519999999976
0.025274976000218885,0.006800199999999812,0.08108521799977098,0.0009857000000002003,0.06743304299970987,0.0011818000000003437,0.002710639999804698,0.0009703000000000905,0.001940059999924415,0.0007853999999998251,0.10909494799989261,0.09179590000000015
Average,0.02177871500020956,0.006090099999999876,0.07971555199992508,0.0009894000000002512,0.05815237749993685,0.001069850000000372,0.0025582884998129884,0.000876550000000087,0.0017629789999773493,0.0007076999999999778,0.09636417249998885,0.07720554999999996
