DeleteDataRealTime,DeleteDataCPUTime,LoadDataRealTime,LoadDataCPUTime,CreateIndexXRealTime,CreateIndexXCPUTime,CreateIndexYRealTime,CreateIndexYCPUTime,QueryRealTime,QueryCPUTime,WriteResultRealTime,WriteResultCPUTime
0.030000001192092896,0.010000000000000012,0.07000000029802322,0.0,0.04999999701976776,0.0,0.0,0.0,0.01000000536441803,0.0,0.09999999403953552,0.08000000000000002
0.0299999937415123,0.0,0.10000000149011612,0.0,0.06000000238418579,0.0,0.0,0.010000000000000004,0.009999997913837433,0.0,0.13000000268220901,0.11000000000000003
0.019999995827674866,0.0,0.07999999821186066,0.020000000000000004,0.05000000447034836,0.0,0.009999997913837433,0.0,0.0,0.0,0.10000000149011612,0.07
Average,0.026666663587093353,0.0033333333333333375,0.08333333333333333,0.006666666666666668,0.0533333346247673,0.0,0.003333332637945811,0.0033333333333333344,0.0066666677594184875,0.0,0.10999999940395355,0.08666666666666668
