DeleteDataRealTime,DeleteDataCPUTime,LoadDataRealTime,LoadDataCPUTime,CreateIndexXRealTime,CreateIndexXCPUTime,CreateIndexYRealTime,CreateIndexYCPUTime,QueryRealTime,QueryCPUTime,WriteResultRealTime,WriteResultCPUTime
0.020000003278255463,0.010000000000000009,0.10999999940395355,0.0,0.04999999701976776,0.0,0.01000000536441803,0.0,0.0,0.0,0.08999999612569809,0.08000000000000002
0.020000003278255463,0.0,0.07999999821186066,0.0,0.03999999910593033,0.0,0.0,0.0,0.0,0.010000000000000009,0.10999999940395355,0.08999999999999997
0.019999995827674866,0.0,0.07000000029802322,0.0,0.05000000447034836,0.0,0.0,0.010000000000000009,0.0,0.0,0.10000000149011612,0.08
Average,0.020000000794728596,0.003333333333333336,0.08666666597127914,0.0,0.046666666865348816,0.0,0.0033333351214726767,0.003333333333333336,0.0,0.003333333333333336,0.09999999900658925,0.08333333333333333
