DeleteDataRealTime,DeleteDataCPUTime,LoadDataRealTime,LoadDataCPUTime,CreateIndexXRealTime,CreateIndexXCPUTime,CreateIndexYRealTime,CreateIndexYCPUTime,QueryRealTime,QueryCPUTime,WriteResultRealTime,WriteResultCPUTime
0.020000003278255463,0.0,0.08999999612569809,0.010000000000000009,0.06000000238418579,0.0,0.0,0.0,0.0,0.0,0.12999999523162842,0.09999999999999998
0.019999995827674866,0.0,0.10999999940395355,0.0,0.07000000029802322,0.020000000000000007,0.0,0.0,0.0,0.0,0.12000000476837158,0.09999999999999998
0.020000003278255463,0.01000000000000001,0.10000000149011612,0.0,0.03999999910593033,0.0,0.01000000536441803,0.010000000000000004,0.0,0.0,0.12999999523162842,0.1
Average,0.020000000794728596,0.003333333333333337,0.09999999900658925,0.003333333333333336,0.05666666726271311,0.006666666666666669,0.0033333351214726767,0.0033333333333333344,0.0,0.0,0.12666666507720947,0.09999999999999998
