DeleteDataRealTime,DeleteDataCPUTime,LoadDataRealTime,LoadDataCPUTime,CreateIndexXRealTime,CreateIndexXCPUTime,CreateIndexYRealTime,CreateIndexYCPUTime,QueryRealTime,QueryCPUTime,WriteResultRealTime,WriteResultCPUTime
0.017074586000035197,0.006426599999999727,0.05083123299982617,0.0010089999999998156,0.03639886299970385,0.000773899999999994,0.0017500659996585455,0.00062400000000018,0.0018472950000614219,0.0006315999999997324,0.06538237799986746,0.04641860000000042
0.022143051000057312,0.006998100000000118,0.06339604499999041,0.0009447000000000205,0.037609975000123086,0.0014183999999997088,0.0042771019998326665,0.001713399999999865,0.0018209120003120915,0.0007285000000001318,0.0632299349999812,0.05456240000000001
Average,0.019608818500046254,0.0067123499999999225,0.05711363899990829,0.000976849999999918,0.03700441899991347,0.0010961499999998514,0.003013583999745606,0.0011687000000000225,0.0018341035001867567,0.0006800499999999321,0.06430615649992433,0.050490500000000216
