DeleteDataRealTime,DeleteDataCPUTime,LoadDataRealTime,LoadDataCPUTime,CreateIndexXRealTime,CreateIndexXCPUTime,CreateIndexYRealTime,CreateIndexYCPUTime,QueryRealTime,QueryCPUTime,WriteResultRealTime,WriteResultCPUTime
0.019999995827674866,0.010000000000000009,0.07000000029802322,0.0,0.03999999910593033,0.0,0.0,0.0,0.01000000536441803,0.0,0.07999999821186066,0.07999999999999996
0.019999995827674866,0.01000000000000001,0.06000000238418579,0.0,0.030000001192092896,0.0,0.009999997913837433,0.0,0.0,0.0,0.07000000029802322,0.05999999999999998
0.019999995827674866,0.0,0.07000000029802322,0.0,0.04999999701976776,0.0,0.0,0.0,0.01000000536441803,0.0,0.07999999821186066,0.06
Average,0.019999995827674866,0.006666666666666672,0.06666666766007741,0.0,0.03999999910593033,0.0,0.003333332637945811,0.0,0.0066666702429453535,0.0,0.07666666557391484,0.06666666666666664
