DeleteDataRealTime,DeleteDataCPUTime,LoadDataRealTime,LoadDataCPUTime,CreateIndexXRealTime,CreateIndexXCPUTime,CreateIndexYRealTime,CreateIndexYCPUTime,QueryRealTime,QueryCPUTime,WriteResultRealTime,WriteResultCPUTime
0.025599079000130587,0.006248299999999984,0.08941679600002317,0.000964299999999918,0.06084845400027916,0.0008553000000000033,0.0028643730001931544,0.0009527999999998649,0.002618399999846588,0.0008896999999998823,0.12257920999991256,0.0945117000000002
0.025554601999829174,0.006597100000000022,0.09324145299979136,0.0009348000000000134,0.05730751400005829,0.0009806000000001092,0.0028020669997204095,0.0009147999999998824,0.0018127440002899675,0.0007199999999998319,0.10780760099942199,0.09119540000000015
Average,0.02557684049997988,0.006422700000000003,0.09132912449990727,0.0009495499999999657,0.059077984000168726,0.0009179500000000562,0.002833219999956782,0.0009337999999998736,0.0022155720000682777,0.0008048499999998571,0.11519340549966728,0.09285355000000017
