DeleteDataRealTime,DeleteDataCPUTime,LoadDataRealTime,LoadDataCPUTime,CreateIndexXRealTime,CreateIndexXCPUTime,CreateIndexYRealTime,CreateIndexYCPUTime,QueryRealTime,QueryCPUTime,WriteResultRealTime,WriteResultCPUTime
0.018118457999662496,0.007202399999999998,0.05348811200019554,0.0011348999999999942,0.039063022999471286,0.0013876000000000444,0.002999336999891966,0.0009518000000000026,0.0020990169996366603,0.0008527999999999869,0.0610857310002757,0.0436916
0.019286390999695868,0.00703609999999999,0.06604992099983065,0.001646599999999998,0.04935321399989334,0.000968699999999989,0.003167859999848588,0.0010101000000000138,0.0018895620005423552,0.0007429999999999937,0.05634565499894961,0.04728969999999999
Average,0.018702424499679182,0.007119249999999994,0.059769016500013095,0.0013907499999999962,0.044208118499682314,0.0011781500000000167,0.003083598499870277,0.0009809500000000082,0.0019942895000895078,0.0007978999999999903,0.058715692999612656,0.045490649999999994
