DeleteDataRealTime,DeleteDataCPUTime,LoadDataRealTime,LoadDataCPUTime,CreateIndexXRealTime,CreateIndexXCPUTime,CreateIndexYRealTime,CreateIndexYCPUTime,QueryRealTime,QueryCPUTime,WriteResultRealTime,WriteResultCPUTime
0.01827629201579839,0.0018549999999999955,0.0616562080103904,0.00035600000000002296,0.011556791985640302,0.0006389999999999452,0,0,0.00046645800466649234,0.00030600000000002847,7.154956999991555,4.379169999999999
0.02311620899126865,0.001882999999999968,0.06775187497260049,0.00048400000000003995,0.013914625014876947,0.0006339999999999679,0,0,0.0005674999847542495,0.0003210000000000157,7.205325499991886,4.387322
0.025746625004103407,0.0020799999999999708,0.04202525000437163,0.0004290000000000127,0.014482083002803847,0.0008310000000000262,0,0,0.0005230839888099581,0.0003109999999999502,7.332781958015403,4.4184849999999996
0.024716874992009252,0.0022709999999999675,0.04551124997669831,0.0004989999999999717,0.016099500004202127,0.0009120000000000239,0,0,0.0005228750233072788,0.0003290000000000237,7.400040209002327,4.422668
0.027174541988642886,0.0020140000000000158,0.04225545801455155,0.0003610000000000002,0.012670540978433564,0.0006649999999999712,0,0,0.0005151249933987856,0.00029200000000001447,7.27910100002191,4.389991
Average,0.023806108598364517,0.0020205999999999835,0.05184000819572247,0.0004258000000000095,0.013744708197191358,0.0007361999999999869,0.0,0.0,0.0005190083989873529,0.0003118000000000065,7.274441133404617,4.3995272
