DeleteDataRealTime,DeleteDataCPUTime,LoadDataRealTime,LoadDataCPUTime,CreateIndexXRealTime,CreateIndexXCPUTime,CreateIndexYRealTime,CreateIndexYCPUTime,QueryRealTime,QueryCPUTime,WriteResultRealTime,WriteResultCPUTime
0.04555966699263081,0.0020879999999999788,0.07549083299818449,0.0005399999999999849,0.07180062498082407,0.001646999999999954,0,0,0.001011707994621247,0.0007110000000000172,55.029320792004,32.016354
0.04369254197808914,0.0021619999999999973,0.1053290419804398,0.00047799999999997844,0.03138487500837073,0.001381000000000021,0,0,0.01407937498879619,0.0007149999999999657,55.060596917028306,31.861851000000005
0.03392862499458715,0.0019429999999999725,0.14790591699420474,0.0004869999999999597,0.02697266699397005,0.0013989999999999836,0,0,0.0009655420144554228,0.0006899999999999684,54.517695290996926,31.812883
0.04010045898030512,0.0021559999999999913,0.11767012500786223,0.00043599999999999195,0.0274478750070557,0.0011229999999999851,0,0,0.0008106250024866313,0.0005379999999999829,55.0533704579866,31.941270999999997
0.039249166002264246,0.0019759999999999778,0.08906658299383707,0.0004109999999999947,0.029072542005451396,0.0005760000000000209,0,0,0.0005998330016154796,0.0002890000000000392,55.21188895800151,31.940782
Average,0.040506091789575295,0.0020649999999999835,0.10709249999490567,0.00047039999999998194,0.03733571679913439,0.001225199999999993,0.0,0.0,0.003493416600394994,0.0005885999999999947,54.97457448320347,31.914628200000003
