DeleteDataRealTime,DeleteDataCPUTime,LoadDataRealTime,LoadDataCPUTime,CreateIndexXRealTime,CreateIndexXCPUTime,CreateIndexYRealTime,CreateIndexYCPUTime,QueryRealTime,QueryCPUTime,WriteResultRealTime,WriteResultCPUTime
0.009999997913837433,0.010000000000000009,0.03999999910593033,0.0,0.020000003278255463,0.0,0.009999997913837433,0.0,0.0,0.0,0.030000001192092896,0.030000000000000027
0.020000003278255463,0.010000000000000009,0.030000001192092896,0.0,0.019999995827674866,0.0,0.009999997913837433,0.0,0.0,0.0,0.040000006556510925,0.03999999999999998
0.019999995827674866,0.020000000000000004,0.020000003278255463,0.0,0.020000003278255463,0.0,0.009999997913837433,0.0,0.0,0.0,0.030000001192092896,0.020000000000000018
Average,0.01666666567325592,0.013333333333333341,0.030000001192092896,0.0,0.020000000794728596,0.0,0.009999997913837433,0.0,0.0,0.0,0.033333336313565574,0.03000000000000001
