CreateTableRealTime,CreateTableCPUTime,LoadDataRealTime,LoadDataCPUTime,CreateIndexRealTime,CreateIndexCPUTime,AnalyzeRealTime,AnalyzeCPUTime,ExecuteQueryRealTime,ExecuteQueryCPUTime,WriteResultRealTime,WriteResultCPUTime
0.015906125016044825,7.20000000000165e-05,0.4444060000241734,0.003125999999999962,0.07084283302538097,0.00018200000000001548,0.001846291997935623,0.00016899999999997473,3.717516666976735,0.00023400000000001198,0.011995959037449211,0.00016299999999996873
0.017823832982685417,6.099999999997774e-05,0.4434242909774184,0.0040280000000000316,0.06926204200135544,0.00018000000000001348,0.001976208994165063,6.299999999997974e-05,3.7880182079970837,0.00011099999999997223,0.01190829201368615,9.500000000001174e-05
0.016095958009827882,6.60000000000105e-05,0.44122725003398955,0.0038160000000000416,0.252405249979347,0.0002849999999999797,0.001944374991580844,0.0002449999999999952,3.7786520419758745,0.00010799999999999699,0.012099792016670108,3.500000000000725e-05
0.015028792025987059,0.00012000000000000899,0.4448227919638157,0.0024619999999999642,0.06733712495770305,0.00017099999999997673,0.0016963750240392983,0.00015699999999996272,3.793113749998156,0.00012899999999999023,0.011887250002473593,0.00012899999999999023
0.01797058299416676,8.099999999999774e-05,0.44756491703446954,0.004479000000000011,0.06335399998351932,0.00015599999999998948,0.0018617080058902502,3.999999999998449e-05,3.730672499979846,0.000148000000000037,0.011385709047317505,0.00014399999999997748
Average,0.01656505820574239,8.00000000000023e-05,0.4442890500067733,0.003582200000000002,0.10464024998946116,0.00019479999999999498,0.0018649918027222156,0.00013479999999997937,3.7615946333855392,0.00014600000000000168,0.011855400423519314,0.00011319999999999108
