CreateTableRealTime,CreateTableCPUTime,LoadDataRealTime,LoadDataCPUTime,CreateIndexRealTime,CreateIndexCPUTime,AnalyzeRealTime,AnalyzeCPUTime,ExecuteQueryRealTime,ExecuteQueryCPUTime,WriteResultRealTime,WriteResultCPUTime
0.015629104000026928,0.00012419999999996323,0.1431688910001867,0.0002789999999999737,0.11299725499998203,0.00012220000000001674,0.004941742000028171,0.0001487000000000016,0.45072320400004173,0.00011230000000000961,0.004680086999997002,0.00013439999999997898
0.20565052200004175,0.00014050000000004337,1.3054906360000587,0.0002469999999999972,0.12551779700015686,0.00015550000000003061,0.018207231999895157,0.00020530000000001936,0.4795417370000905,0.0001431000000000071,0.004778031000114424,0.00019810000000003436
Average,0.11063981300003434,0.0001323500000000033,0.7243297635001227,0.00026299999999998547,0.11925752600006945,0.00013885000000002368,0.011574486999961664,0.00017700000000001048,0.4651324705000661,0.00012770000000000836,0.004729059000055713,0.00016625000000000667
