CreateTableRealTime,CreateTableCPUTime,LoadDataRealTime,LoadDataCPUTime,CreateIndexRealTime,CreateIndexCPUTime,AnalyzeRealTime,AnalyzeCPUTime,ExecuteQueryRealTime,ExecuteQueryCPUTime,WriteResultRealTime,WriteResultCPUTime
0.019033916003536433,6.499999999998174e-05,0.22324383404338732,0.0013070000000000026,0.04806045803707093,0.00016500000000002624,0.002009499992709607,0.00015899999999996473,1.0953767499886453,6.0000000000004494e-05,0.005641958035994321,2.2000000000022002e-05
0.016001000010874122,6.899999999998574e-05,0.22269179101567715,0.0008290000000000242,0.04812866699649021,5.6000000000000494e-05,0.0019720830023288727,4.999999999999449e-05,1.0450809999601915,0.00012200000000001099,0.0057004999835044146,0.00014500000000000624
0.015025832981336862,8.00000000000245e-05,0.22339570795884356,0.0012850000000000361,0.05465470801573247,0.00016399999999999748,0.002121875004377216,0.00021299999999996322,1.0919962499756366,0.00016699999999997273,0.005737084022257477,9.300000000000974e-05
0.015968291030731052,6.899999999998574e-05,0.2214782079681754,0.0010859999999999759,0.05217483401065692,0.00011600000000000499,0.0021973340190015733,0.000248000000000026,1.0959552089916542,0.00013699999999999823,0.005466167000122368,0.00011200000000000099
0.016073500039055943,7.099999999998774e-05,0.2241732080001384,0.001477000000000006,0.04326462501194328,0.00021499999999996522,0.0020093749626539648,0.00013699999999999823,1.0476862920331769,8.700000000000374e-05,0.005366374971345067,9.399999999998299e-05
Average,0.016420508013106884,7.079999999999309e-05,0.22299654979724437,0.001196800000000009,0.04925665841437876,0.00014319999999999887,0.0020620333962142467,0.00016139999999998934,1.075219100189861,0.00011459999999999804,0.00558241680264473,9.320000000000439e-05
