CreateTableRealTime,CreateTableCPUTime,LoadDataRealTime,LoadDataCPUTime,CreateIndexRealTime,CreateIndexCPUTime,AnalyzeRealTime,AnalyzeCPUTime,ExecuteQueryRealTime,ExecuteQueryCPUTime,WriteResultRealTime,WriteResultCPUTime
0.016796540992800146,4.900000000002125e-05,2.365583917009644,0.021382999999999985,0.26043374999426305,0.00020700000000001273,0.0017762500210665166,0.00013699999999999823,2489.913618916995,0.0009019999999999584,0.06580679101170972,0.0002630000000000132
0.019982792029622942,2.999999999997449e-05,2.224770416971296,0.02718799999999999,0.26107966603012756,0.00018999999999996797,0.0020653329556807876,0.00025999999999998247,2478.8945762500516,0.00023600000000001398,0.0642856250051409,0.00012099999999998223
0.017915790958795696,2.8000000000028002e-05,2.244177167012822,0.015249000000000013,0.25718916597543284,0.00018400000000001748,0.0019732920336537063,0.00021799999999999597,2483.802339125017,0.0010900000000000354,0.06686687498586252,0.0002949999999999897
0.018946458993013948,4.700000000001925e-05,2.2495534580084495,0.02649499999999999,0.25547649996588007,0.00021299999999996322,0.0020793749717995524,0.0002870000000000372,2482.3833175830077,0.0004469999999999752,0.06514262495329604,0.00016199999999999548
0.01785662502516061,2.799999999997249e-05,2.23643487499794,0.02810199999999996,0.24145979096647352,0.00012999999999996348,0.0017478749505244195,9.100000000000774e-05,2481.0040315000224,0.00032599999999999296,0.06864404102088884,0.00016700000000002824
Average,0.01829964159987867,3.6400000000003094e-05,2.2641039668000302,0.023683399999999986,0.25512777458643543,0.00018479999999998498,0.0019284249865449965,0.00019860000000000434,2483.1995766750188,0.0006001999999999952,0.0661491913953796,0.00020160000000000178
