CreateTableRealTime,CreateTableCPUTime,LoadDataRealTime,LoadDataCPUTime,CreateIndexRealTime,CreateIndexCPUTime,AnalyzeRealTime,AnalyzeCPUTime,ExecuteQueryRealTime,ExecuteQueryCPUTime,WriteResultRealTime,WriteResultCPUTime
0.017201206999970964,0.00015260000000000273,0.0375899319999462,0.00021939999999998072,0.059699914000020726,0.00014179999999996973,0.004480434000015521,0.0001344000000000345,0.11092023699984566,0.00016340000000003574,0.001894591000109358,0.00012570000000000636
0.01864057300008426,0.0001411000000000051,0.03895061999992322,0.00024889999999999635,0.060013565999952334,0.00011500000000003174,0.004569308999862187,0.00015139999999996823,0.09857407899994541,0.00011830000000001561,0.0015097170000899496,0.00011820000000001274
Average,0.01792089000002761,0.00014685000000000392,0.03827027599993471,0.00023414999999998853,0.05985673999998653,0.00012840000000000074,0.004524871499938854,0.00014290000000000136,0.10474715799989553,0.00014085000000002568,0.0017021540000996538,0.00012195000000000955
