CreateTableRealTime,CreateTableCPUTime,LoadDataRealTime,LoadDataCPUTime,CreateIndexRealTime,CreateIndexCPUTime,AnalyzeRealTime,AnalyzeCPUTime,ExecuteQueryRealTime,ExecuteQueryCPUTime,WriteResultRealTime,WriteResultCPUTime
0.016088208998553455,7.40000000000185e-05,0.08422954101115465,0.0003650000000000042,0.033426916983444244,5.900000000003125e-05,0.0012558340094983578,5.3999999999998494e-05,0.17671591695398092,7.899999999999574e-05,0.0015088749933056533,7.899999999999574e-05
0.01496462500654161,5.099999999996774e-05,0.08876125002279878,0.0002570000000000072,0.036002666980493814,4.199999999998649e-05,0.0011614999966695905,4.399999999998849e-05,0.1704057909664698,0.00012200000000001099,0.0016059170011430979,0.00010500000000002174
0.01500612503150478,4.100000000001325e-05,0.07894829200813547,0.0002530000000000032,0.031857790949288756,6.0000000000004494e-05,0.0012584590003825724,4.399999999998849e-05,0.1755070419749245,0.00012699999999998823,0.0015883750165812671,0.00011299999999997423
0.015093500027433038,6.799999999995698e-05,0.07779620797373354,0.00024000000000001798,0.03499324998119846,4.899999999996574e-05,0.0012347919982858002,4.999999999999449e-05,0.17490816599456593,4.399999999998849e-05,0.0017398329800926149,4.700000000001925e-05
0.014925124996807426,8.299999999999974e-05,0.08205425000051036,0.00023000000000000798,0.0315581249888055,6.80000000000125e-05,0.0011834159959107637,5.1999999999996493e-05,0.18065358401509002,0.00012099999999998223,0.0015225000097416341,0.00011700000000003374
Average,0.015215516812168062,6.339999999999124e-05,0.08235790820326656,0.0002690000000000081,0.033567749976646154,5.560000000000009e-05,0.001218800200149417,4.879999999999329e-05,0.17563809998100624,9.859999999999314e-05,0.0015931000001728536,9.220000000000894e-05
