CreateTableRealTime,CreateTableCPUTime,LoadDataRealTime,LoadDataCPUTime,CreateIndexRealTime,CreateIndexCPUTime,AnalyzeRealTime,AnalyzeCPUTime,ExecuteQueryRealTime,ExecuteQueryCPUTime,WriteResultRealTime,WriteResultCPUTime
0.019999995827674866,0.02000000000000001,0.46000000089406967,0.0,0.14000000059604645,0.0,0.0,0.0,12.810000002384186,0.0,0.03999999910593033,0.0
0.019999995827674866,0.0,0.49000000208616257,0.020000000000000007,0.1599999964237213,0.0,0.0,0.0,13.010000005364418,0.0,0.03999999910593033,0.0
0.01000000536441803,0.0,0.4699999988079071,0.0,0.3099999949336052,0.0,0.01000000536441803,0.0,12.820000000298023,0.0,0.04999999701976776,0.0
Average,0.01666666567325592,0.0066666666666666706,0.47333333392937976,0.006666666666666669,0.20333333065112433,0.0,0.0033333351214726767,0.0,12.880000002682209,0.0,0.04333333174387614,0.0
