CreateTableRealTime,CreateTableCPUTime,LoadDataRealTime,LoadDataCPUTime,CreateIndexRealTime,CreateIndexCPUTime,AnalyzeRealTime,AnalyzeCPUTime,ExecuteQueryRealTime,ExecuteQueryCPUTime,WriteResultRealTime,WriteResultCPUTime
0.014730889000020397,0.00011379999999999724,0.38899689599998055,0.0006723000000000146,0.12066096399985327,0.00014140000000001374,0.007109473000127764,0.00012929999999999886,11.35313294599996,0.00012199999999995548,0.03217557599987231,0.00016690000000002536
0.01595379199989111,0.00011800000000000699,0.37026145599998017,0.0005179999999999629,0.11792851900008827,0.0001786999999999761,0.004948884999976144,0.00013059999999998073,10.616685770000004,0.0001496000000000275,0.03238543800011939,0.00013230000000002962
Average,0.015342340499955753,0.00011590000000000211,0.37962917599998036,0.0005951499999999887,0.11929474149997077,0.00016004999999999492,0.006029179000051954,0.0001299499999999898,10.984909357999982,0.00013579999999999148,0.03228050699999585,0.0001496000000000275
