CreateTableRealTime,CreateTableCPUTime,LoadDataRealTime,LoadDataCPUTime,CreateIndexRealTime,CreateIndexCPUTime,AnalyzeRealTime,AnalyzeCPUTime,ExecuteQueryRealTime,ExecuteQueryCPUTime,WriteResultRealTime,WriteResultCPUTime
0.018098250031471252,3.199999999997649e-05,0.03486587497172877,0.00010299999999996423,0.037993333011399955,5.100000000002325e-05,0.0013017499586567283,7.20000000000165e-05,0.06933691701851785,7.999999999996898e-05,0,0
0.01889966701855883,7.099999999998774e-05,0.03464699996402487,9.199999999998099e-05,0.03624087496427819,5.899999999997574e-05,0.0014927079901099205,7.399999999996298e-05,0.07121604098938406,8.700000000000374e-05,0,0
0.019032125012017787,6.599999999995498e-05,0.03342262504156679,0.00010500000000002174,0.03532629198161885,4.100000000001325e-05,0.0013904169900342822,7.80000000000225e-05,0.07157579204067588,7.099999999998774e-05,0,0
0.01805950002744794,6.40000000000085e-05,0.03366637497674674,9.199999999998099e-05,0.031078165979124606,4.599999999999049e-05,0.0014321250491775572,6.699999999998374e-05,0.06856804102426395,8.299999999999974e-05,0,0
0.018848500039894134,7.300000000004525e-05,0.035743042011745274,0.00010500000000002174,0.03226400003768504,3.8000000000038e-05,0.0012611669953912497,7.20000000000165e-05,0.06653687503421679,0.00010500000000002174,0,0
Average,0.018587608425877988,6.119999999999459e-05,0.03446898339316249,9.939999999999393e-05,0.03458053319482133,4.700000000000815e-05,0.0013756333966739476,7.260000000000044e-05,0.0694467332214117,8.519999999999639e-05,0.0,0.0
