CreateTableRealTime,CreateTableCPUTime,LoadDataRealTime,LoadDataCPUTime,CreateIndexRealTime,CreateIndexCPUTime,AnalyzeRealTime,AnalyzeCPUTime,ExecuteQueryRealTime,ExecuteQueryCPUTime,WriteResultRealTime,WriteResultCPUTime
0.019022874999791384,6.40000000000085e-05,0.4477581250248477,0.004659000000000024,0.06791100004920736,0.000150000000000039,0.0017028750153258443,4.300000000001525e-05,4.098312916001305,0.00015699999999996272,0,0
0.02100133296335116,7.499999999999174e-05,0.4501457079895772,0.004086000000000034,0.07155862502986565,0.00013299999999999423,0.0017887090216390789,3.6999999999953737e-05,4.098995250009466,0.00011600000000000499,0,0
0.01782354200258851,5.899999999997574e-05,0.44639687496237457,0.0041300000000000225,0.06904070795280859,0.00012200000000001099,0.0016906250384636223,2.999999999997449e-05,4.105332124978304,0.00011499999999997623,0,0
0.01919183396967128,6.799999999995698e-05,0.44704287499189377,0.004231999999999958,0.06588312494568527,0.00013299999999999423,0.0017146249883808196,3.799999999998249e-05,4.216677582997363,0.00011900000000003574,0,0
0.02099820802686736,7.399999999996298e-05,0.44733412499772385,0.004269999999999996,0.07827287499094382,9.999999999998899e-05,0.001969125005416572,3.300000000000525e-05,4.194171749986708,9.300000000000974e-05,0,0
Average,0.019607558392453938,6.799999999997918e-05,0.44773554159328344,0.004275400000000007,0.07053326659370214,0.0001276000000000055,0.0017731918138451873,3.619999999998624e-05,4.142697924794629,0.00011999999999999789,0.0,0.0
