CreateTableRealTime,CreateTableCPUTime,LoadDataRealTime,LoadDataCPUTime,CreateIndexRealTime,CreateIndexCPUTime,AnalyzeRealTime,AnalyzeCPUTime,ExecuteQueryRealTime,ExecuteQueryCPUTime,WriteResultRealTime,WriteResultCPUTime
0.01602037501288578,4.899999999996574e-05,1.1568960000295192,0.013185000000000002,0.13029504200676456,9.500000000001174e-05,0.001978374959435314,0.00019000000000002348,21.27632641600212,0.00019100000000005224,0.03488945803837851,0.00016499999999997073
0.018025708035565913,2.6000000000026002e-05,1.1894345830078237,0.0072369999999999934,0.13271554198581725,0.00017200000000000548,0.0018389159813523293,0.00018999999999996797,21.088393624988385,0.00018999999999996797,0.04009795800084248,0.00012799999999996148
0.016045042022597045,3.100000000000325e-05,1.1967521660262719,0.007078000000000029,0.14915900002233684,0.00023899999999998922,0.0018444579909555614,0.00014799999999998148,21.155315250041895,0.00011099999999997223,0.034029708011075854,0.000138000000000027
0.014900792040862143,3.8000000000038e-05,1.1889609579811804,0.0071149999999999824,0.6598905829596333,0.00012699999999998823,0.0018063750467263162,0.00019500000000000073,21.118128375033848,0.00010999999999999899,0.03476733295246959,0.00011700000000003374
0.01494729204569012,5.999999999994898e-05,1.175399917003233,0.006839999999999957,0.1357579999603331,0.000138000000000027,0.0017882910324260592,0.00013799999999997148,21.22685395804001,0.00013099999999999223,0.03373974998248741,0.00013799999999997148
Average,0.0159878418315202,4.07999999999964e-05,1.1814887248096055,0.008290999999999993,0.241563633386977,0.00015420000000000434,0.001851283002179116,0.00017219999999998903,21.17300352482125,0.00014659999999999673,0.03550484139705077,0.00013719999999999287
