LoadRulesRealTime,LoadRulesCPUTime,LoadFactsRealTime,LoadFactsCPUTime,QueryRealTime,QueryCPUTime,WriteRealTime,WriteCPUTime
0.000938892364501953,0.000539,0.0424060821533203,0.039625,0.216350078582764,0.215757,0.04047989845275801,0.03973600000000002
0.000901937484741211,0.000545,0.0424959659576416,0.040041,0.215911149978638,0.21538,0.04017591476440399,0.03948300000000002
0.000901937484741211,0.000543,0.0421609878540039,0.039728,0.218234062194824,0.217749,0.03680205345153803,0.03612499999999999
0.000953912734985352,0.000581,0.0430331230163574,0.04041,0.220740079879761,0.22015,0.034762859344482006,0.03364600000000001
0.000918149948120117,0.000542000000000001,0.0426318645477295,0.039906,0.217303991317749,0.216742,0.039170026779175,0.038515999999999995
Average,0.0009229660034179687,0.0005500000000000001,0.042545604705810536,0.039942,0.2177078723907472,0.21715559999999998,0.038278150558471405,0.037501200000000005
