LoadRulesRealTime,LoadRulesCPUTime,LoadFactsRealTime,LoadFactsCPUTime,QueryRealTime,QueryCPUTime,WriteRealTime,WriteCPUTime
0.00563478469848633,0.005061,1.00349807739258,0.973061,0.569090127944946,0.569078,2.712545871734624,2.7126650000000003
0.00446295738220215,0.004591,0.816642045974731,0.800999,0.581623077392578,0.581724,2.674608945846562,2.668667
0.00507187843322754,0.004821,0.989472150802612,0.982697,0.63782787322998,0.63795,2.73572421073914,2.735957
Average,0.00505654017130534,0.004824333333333333,0.9365374247233076,0.9189189999999999,0.5961803595225014,0.5962506666666667,2.7076263427734424,2.7057629999999997
