LoadRulesRealTime,LoadRulesCPUTime,LoadFactsRealTime,LoadFactsCPUTime,QueryRealTime,QueryCPUTime,WriteRealTime,WriteCPUTime
0.00119304656982422,0.000553000000000001,0.0183579921722412,0.016954,0.0655889511108398,0.065304,0.016508817672729492,0.01575
0.0011601448059082,0.00055,0.018298864364624,0.016899,0.0655820369720459,0.065397,0.0181338787078857,0.016724000000000003
0.00118279457092285,0.000554000000000001,0.0185132026672363,0.017062,0.0657408237457275,0.065432,0.01751708984375,0.016723000000000002
0.00115108489990234,0.000546000000000001,0.0182218551635742,0.016922,0.0656239986419678,0.065472,0.017175912857055595,0.016202999999999995
0.00117111206054688,0.000549000000000001,0.0184299945831299,0.017032,0.0657548904418945,0.065483,0.016568183898925795,0.015903
Average,0.0011716365814208982,0.0005504000000000008,0.01836438179016112,0.0169738,0.06565814018249509,0.06541759999999999,0.017180776596069317,0.0162606
