LoadRulesRealTime,LoadRulesCPUTime,LoadFactsRealTime,LoadFactsCPUTime,QueryRealTime,QueryCPUTime,WriteRealTime,WriteCPUTime
0.000927925109863281,0.000547000000000001,0.00442814826965332,0.003976,0.00805878639221191,0.008008,0.00449013710021969,0.004176000000000001
0.000902891159057617,0.000539,0.00440812110900879,0.003998,0.0080258846282959,0.007994,0.004528045654296899,0.004267
0.000905036926269531,0.000541,0.00444912910461426,0.004042,0.00813388824462891,0.0081,0.004405260086059591,0.004128
0.000940084457397461,0.000546,0.00447392463684082,0.004028,0.0080420970916748,0.007992,0.0044050216674805,0.004162999999999998
0.000925064086914062,0.000541999999999999,0.00444507598876953,0.004001,0.00808596611022949,0.00805,0.005444049835205109,0.004307999999999999
Average,0.0009202003479003903,0.0005430000000000001,0.004440879821777344,0.004009,0.008069324493408202,0.008028799999999999,0.004654502868652358,0.004208399999999999
