LoadRulesRealTime,LoadRulesCPUTime,LoadFactsRealTime,LoadFactsCPUTime,QueryRealTime,QueryCPUTime,WriteRealTime,WriteCPUTime
0.000925064086914062,0.000541999999999999,0.0800659656524658,0.074912,0.320947885513306,0.319973,0.07174515724182101,0.067521
0.000918865203857422,0.000546999999999999,0.0786271095275879,0.074415,0.325101852416992,0.324253,0.06343793869018599,0.06238699999999997
0.000899076461791992,0.000542000000000001,0.0796990394592285,0.075472,0.323071002960205,0.322231,0.06686496734619096,0.06447400000000003
0.00090789794921875,0.000547000000000001,0.0783450603485107,0.074201,0.321130037307739,0.320226,0.06850886344909701,0.06751000000000001
0.00111103057861328,0.000583,0.0797410011291504,0.075162,0.319716930389404,0.318668,0.06816911697387695,0.06711099999999998
Average,0.0009523868560791012,0.0005522000000000001,0.07929563522338866,0.0748324,0.32199354171752925,0.3210702,0.06774520874023439,0.0658006
