LoadRulesRealTime,LoadRulesCPUTime,LoadFactsRealTime,LoadFactsCPUTime,QueryRealTime,QueryCPUTime,WriteRealTime,WriteCPUTime
0.00117778778076172,0.000548999999999999,0.488511085510254,0.465911,3.6808660030365,3.662481,0.32062602043152033,0.3133119999999998
0.00116801261901855,0.000546000000000001,0.484852075576782,0.462268,3.672287940979,3.665225,0.33668804168702016,0.33044300000000026
0.00115299224853516,0.000547000000000001,0.486100196838379,0.464287,3.66394686698914,3.657278,0.32801198959349964,0.32276300000000013
0.00114798545837402,0.000545,0.487340927124023,0.464839,3.65563988685608,3.647139,0.3405959606170601,0.33750899999999984
0.00106692314147949,0.000506999999999999,0.490614891052246,0.468794,3.6558620929718,3.646547,0.3374688625335702,0.33332700000000015
Average,0.001142740249633788,0.0005388000000000001,0.48748383522033684,0.4652198,3.665720558166504,3.655734,0.3326781749725341,0.32747080000000006
