LoadRulesRealTime,LoadRulesCPUTime,LoadFactsRealTime,LoadFactsCPUTime,QueryRealTime,QueryCPUTime,WriteRealTime,WriteCPUTime
0.00118613243103027,0.000545,0.192693948745728,0.182431,1.69090008735657,1.687757,0.17167401313781006,0.169238
0.00116205215454102,0.000544000000000001,0.191184997558594,0.181939,1.68937492370605,1.687026,0.15938520431519,0.15792200000000012
0.00116896629333496,0.000545,0.192343950271606,0.181991,1.70079898834229,1.698504,0.14946413040161,0.13918600000000003
0.00117993354797363,0.000550999999999999,0.19114089012146,0.18104,1.68910598754883,1.686578,0.15843009948730002,0.15706300000000017
0.00118803977966309,0.000547000000000001,0.192988872528076,0.182841,1.71734309196472,1.707556,0.13140988349915017,0.13767200000000002
Average,0.001177024841308594,0.0005464000000000002,0.19207053184509276,0.1820484,1.6975046157836922,1.6934841999999999,0.15407266616821205,0.15221620000000008
