LoadRulesRealTime,LoadRulesCPUTime,LoadFactsRealTime,LoadFactsCPUTime,QueryRealTime,QueryCPUTime,WriteRealTime,WriteCPUTime
0.000919103622436523,0.000537999999999999,0.490428924560547,0.46711,3.66010499000549,3.650447,0.3579049110412602,0.35228999999999955
0.000911951065063477,0.000541,0.488636016845703,0.468436,3.65842199325562,3.651222,0.3374760150909397,0.3323719999999999
0.00091099739074707,0.000544000000000001,0.488653898239136,0.466242,3.65595197677612,3.646832,0.3417530059814502,0.338101
0.000912904739379883,0.000539000000000001,0.487423181533813,0.464493,3.66281294822693,3.653071,0.3394410610198997,0.33389999999999986
0.000900030136108398,0.000537000000000001,0.508333921432495,0.474574,3.6653151512146,3.655373,0.33295869827269975,0.32930899999999985
Average,0.0009109973907470703,0.0005398000000000003,0.4926951885223388,0.468171,3.660521411895752,3.6513890000000004,0.3419067382812499,0.33719439999999984
