LoadRulesRealTime,LoadRulesCPUTime,LoadFactsRealTime,LoadFactsCPUTime,QueryRealTime,QueryCPUTime,WriteRealTime,WriteCPUTime
0.000927925109863281,0.000542000000000001,0.370161056518555,0.351982,3.99067401885986,3.979494,0.28090906143188965,0.27844800000000003
0.000912189483642578,0.000541,0.37044882774353,0.352618,3.99286317825317,3.982935,0.4448797702789302,0.322098
0.000902891159057617,0.000543,0.369024038314819,0.351048,4.0000901222229,3.990736,0.2528820037841797,0.24817900000000037
0.000922918319702148,0.000546,0.370028018951416,0.352002,3.98366808891296,3.972336,0.2791500091552801,0.2768080000000004
0.000906944274902344,0.000542000000000001,0.36981201171875,0.351951,3.98377299308777,3.971926,0.26207494735717995,0.25787799999999983
Average,0.0009145736694335935,0.0005428000000000004,0.369894790649414,0.3519202,3.990213680267332,3.9794854,0.3039791584014919,0.2766822000000001
