LoadRulesRealTime,LoadRulesCPUTime,LoadFactsRealTime,LoadFactsCPUTime,QueryRealTime,QueryCPUTime,WriteRealTime,WriteCPUTime
0.00115799903869629,0.00055,0.635748863220215,0.606463,5.04824304580688,5.041175,0.42087793350219993,0.4014610000000003
0.00116991996765137,0.000553,0.636195182800293,0.607845,5.08217287063599,5.068579,0.3776571750640798,0.373119
0.00117397308349609,0.000551000000000001,0.634025096893311,0.606025,5.07970690727234,5.046821,0.43265700340270996,0.3882350000000008
0.00116086006164551,0.00055,0.630273103713989,0.602013,5.0572509765625,5.043262,0.3965799808502197,0.38968199999999964
0.00116801261901855,0.000544999999999999,0.628323078155518,0.600193,5.0487539768219,5.034014,0.41642808914184926,0.3991800000000003
Average,0.0011661529541015618,0.0005498,0.6329130649566651,0.6045078,5.063225555419922,5.046770199999999,0.4088400363922117,0.3903354000000002
