LoadRulesRealTime,LoadRulesCPUTime,LoadFactsRealTime,LoadFactsCPUTime,QueryRealTime,QueryCPUTime,WriteRealTime,WriteCPUTime
0.000915050506591797,0.000538,0.0434889793395996,0.040164,0.137664079666138,0.137349,0.03851199150085399,0.037772
0.000916004180908203,0.000543,0.0426549911499023,0.040216,0.13762092590332,0.137389,0.039501905441283985,0.038736999999999994
0.000917911529541016,0.000545,0.0425031185150146,0.039746,0.138957023620605,0.138707,0.03847599029541102,0.036381
0.000919103622436523,0.000539000000000001,0.0427179336547852,0.040028,0.139365911483765,0.139128,0.038615226745605,0.034944
0.000924825668334961,0.000548,0.0425841808319092,0.039964,0.139338970184326,0.139095,0.04334306716919001,0.03693199999999999
Average,0.0009185791015625,0.0005426000000000001,0.04278984069824218,0.040023600000000006,0.1385893821716308,0.1383336,0.0396896362304688,0.0369532
