LoadRulesRealTime,LoadRulesCPUTime,LoadFactsRealTime,LoadFactsCPUTime,QueryRealTime,QueryCPUTime,WriteRealTime,WriteCPUTime
0.0011749267578125,0.000543,0.00462913513183594,0.004037,0.00522494316101074,0.005207,0.00458407402038574,0.004203
0.00116300582885742,0.000550999999999999,0.0046229362487793,0.004044,0.00545001029968262,0.005435,0.0043339729309082005,0.003936000000000001
0.00118684768676758,0.00055,0.00459504127502441,0.004026,0.00532793998718262,0.005308,0.004432916641235351,0.0040739999999999995
0.00117611885070801,0.000548999999999999,0.00461888313293457,0.004031,0.00529098510742188,0.005266,0.00458908081054687,0.004222
0.00116300582885742,0.000542000000000001,0.0046088695526123,0.004037,0.00534200668334961,0.005325,0.004535198211669919,0.004165
Average,0.001172780990600586,0.000547,0.004614973068237304,0.0040349999999999995,0.005327177047729494,0.0053082,0.004495048522949215,0.00412
