LoadRulesRealTime,LoadRulesCPUTime,LoadFactsRealTime,LoadFactsCPUTime,QueryRealTime,QueryCPUTime,WriteRealTime,WriteCPUTime
0.000905036926269531,0.000541,0.0100979804992676,0.009294,0.0272500514984131,0.027065,0.009300947189331,0.008822000000000003
0.000919103622436523,0.000543999999999999,0.0100429058074951,0.009302,0.0269579887390137,0.02688,0.010107040405273403,0.009710999999999997
0.000903844833374023,0.000541999999999999,0.0100100040435791,0.009212,0.0270249843597412,0.026938,0.009962081909179698,0.00962
0.00093388557434082,0.000561000000000001,0.00993609428405762,0.009226,0.0271179676055908,0.027024,0.009674072265625,0.009278000000000002
0.000908136367797852,0.000545,0.0100269317626953,0.009215,0.0271868705749512,0.027086,0.009658098220825202,0.009337999999999999
Average,0.0009140014648437499,0.0005465999999999997,0.010022783279418945,0.009249799999999999,0.027107572555541998,0.0269986,0.00974044799804686,0.0093538
