LoadRulesRealTime,LoadRulesCPUTime,LoadFactsRealTime,LoadFactsCPUTime,QueryRealTime,QueryCPUTime,WriteRealTime,WriteCPUTime
0.00544500350952148,0.002722,0.0229041576385498,0.022762,0.00370693206787109,0.003707,0.05462813377380371,0.054577
0.0045928955078125,0.003061,0.0191121101379395,0.018807,0.00358200073242188,0.00355599999999999,0.05473303794860842,0.04913500000000001
0.00440406799316406,0.002516,0.0182337760925293,0.018163,0.00292015075683594,0.002565,0.05179786682128906,0.052129
Average,0.004813989003499347,0.0027663333333333338,0.020083347956339533,0.019910666666666667,0.003403027852376303,0.0032759999999999964,0.05371967951456707,0.051947
