LoadRulesRealTime,LoadRulesCPUTime,LoadFactsRealTime,LoadFactsCPUTime,QueryRealTime,QueryCPUTime,WriteRealTime,WriteCPUTime
0.00372004508972168,0.003718,0.0160379409790039,0.015032,0.00159311294555664,0.001592,0.04448890686035156,0.042856
0.00385212898254395,0.003819,0.0162990093231201,0.016283,0.00158381462097168,0.001583,0.04273319244384762,0.042716
Average,0.003786087036132815,0.0037685,0.016168475151061998,0.015657499999999998,0.00158846378326416,0.0015875,0.043611049652099595,0.042786
