LoadRulesRealTime,LoadRulesCPUTime,LoadFactsRealTime,LoadFactsCPUTime,QueryRealTime,QueryCPUTime,WriteRealTime,WriteCPUTime
0.000919103622436523,0.000543,0.0429298877716064,0.039813,0.137434005737305,0.136972,0.036661863327026006,0.03587599999999999
0.000893115997314453,0.000538,0.0423429012298584,0.039966,0.137639999389648,0.137388,0.03762793540954601,0.03670999999999999
0.000949859619140625,0.000541999999999999,0.042572021484375,0.0401,0.1369309425354,0.136497,0.03840184211730999,0.037506999999999985
0.000911951065063477,0.000547000000000001,0.0428519248962402,0.040226,0.137290000915527,0.136948,0.038651943206787,0.037995
0.000921010971069336,0.000539999999999999,0.0423951148986816,0.039767,0.152333974838257,0.143149,0.024090051651001004,0.032153000000000015
Average,0.0009190082550048828,0.0005419999999999997,0.04261837005615232,0.0399744,0.1403257846832274,0.1381908,0.035086727142334004,0.036048199999999996
