LoadRulesRealTime,LoadRulesCPUTime,LoadFactsRealTime,LoadFactsCPUTime,QueryRealTime,QueryCPUTime,WriteRealTime,WriteCPUTime
0.00118112564086914,0.000546999999999999,0.19198203086853,0.181924,1.69393587112427,1.691672,0.16062712669372003,0.15868399999999983
0.00118017196655273,0.000550999999999999,0.193315029144287,0.182988,1.6955258846283,1.693147,0.15219807624816006,0.14965800000000007
0.00118398666381836,0.000557999999999999,0.213140964508057,0.193397,1.69124007225037,1.688785,0.15658092498779008,0.15251400000000004
0.00116515159606934,0.000549000000000001,0.191981792449951,0.181966,1.69717311859131,1.694648,0.14352083206177002,0.13842100000000013
0.00118184089660645,0.000554000000000001,0.191342115402222,0.181023,1.6937689781189,1.69136,0.15538001060484996,0.15359000000000012
Average,0.0011784553527832043,0.0005517999999999998,0.1963523864746094,0.1842596,1.6943287849426298,1.6919224,0.15366139411925803,0.15057340000000002
