LoadRulesRealTime,LoadRulesCPUTime,LoadFactsRealTime,LoadFactsCPUTime,QueryRealTime,QueryCPUTime,WriteRealTime,WriteCPUTime
0.00531196594238281,0.005219,0.0230329036712646,0.022253,0.00309419631958008,0.002066,0.05964374542236332,0.059258
0.00522303581237793,0.00522199999999999,0.0210709571838379,0.021076,0.00216817855834961,0.002169,0.06264901161193849,0.061213
0.00426793098449707,0.00426799999999999,0.0182511806488037,0.018257,0.00341486930847168,0.00341799999999999,0.061397075653076214,0.06137000000000001
Average,0.004934310913085937,0.004902999999999993,0.020785013834635397,0.020528666666666667,0.0028924147288004565,0.0025509999999999964,0.06122994422912601,0.06061366666666667
