LoadRulesRealTime,LoadRulesCPUTime,LoadFactsRealTime,LoadFactsCPUTime,QueryRealTime,QueryCPUTime,WriteRealTime,WriteCPUTime
0.00117301940917969,0.000551000000000001,0.629272937774658,0.601217,7.84541010856628,7.82766,0.4309828281402597,0.4240619999999993
0.00119709968566895,0.000571,0.631020069122314,0.603067,7.84034180641174,7.821768,0.4144451618194598,0.40530300000000086
0.00114798545837402,0.00055,0.629238843917847,0.601142,7.87671899795532,7.859597,0.3606438636779812,0.35511800000000004
0.0011599063873291,0.000548,0.631402015686035,0.603681,7.87177109718323,7.855001,0.38874411582947044,0.3766410000000011
0.00115513801574707,0.000544000000000001,0.630106925964355,0.601995,7.86875796318054,7.849159,0.41033101081847967,0.4052749999999996
Average,0.0011666297912597662,0.0005528000000000004,0.6302081584930418,0.6022204,7.860599994659422,7.842637000000001,0.40102939605713017,0.3932798000000002
