LoadRulesRealTime,LoadRulesCPUTime,LoadFactsRealTime,LoadFactsCPUTime,QueryRealTime,QueryCPUTime,WriteRealTime,WriteCPUTime
0.00116920471191406,0.000548999999999999,0.0426888465881348,0.039961,0.139081001281738,0.138824,0.03628516197204601,0.035416
0.0011451244354248,0.000543999999999999,0.0428268909454346,0.040264,0.139652967453003,0.139484,0.03641009330749498,0.035524
0.00117301940917969,0.000545,0.0425760746002197,0.039851,0.138869047164917,0.138659,0.03690385818481401,0.03607099999999999
0.00116086006164551,0.000547000000000001,0.0423619747161865,0.039613,0.138138055801392,0.137863,0.03675174713134702,0.03609599999999999
0.00117182731628418,0.000541999999999999,0.0423831939697266,0.039673,0.137018918991089,0.136772,0.041104078292846985,0.040447999999999984
Average,0.001164007186889648,0.0005453999999999996,0.04256739616394044,0.039872399999999995,0.1385519981384278,0.13832039999999998,0.0374909877777098,0.036710999999999994
