LoadRulesRealTime,LoadRulesCPUTime,LoadFactsRealTime,LoadFactsCPUTime,QueryRealTime,QueryCPUTime,WriteRealTime,WriteCPUTime
0.00117111206054688,0.000548999999999999,0.493669986724854,0.470243,3.708163022995,3.686138,0.3050329685211097,0.31873200000000024
0.0011899471282959,0.000566000000000001,0.493942022323608,0.470868,3.67648410797119,3.672374,0.3371207714080797,0.3324079999999996
0.00115394592285156,0.000548,0.491890907287598,0.468923,3.717777967453,3.694959,0.2918479442596502,0.3059650000000005
0.00117397308349609,0.000550999999999999,0.49089789390564,0.467047,3.67396116256714,3.669096,0.3668348789215101,0.36210999999999993
0.00115489959716797,0.000546,0.49500298500061,0.472271,3.68089509010315,3.675497,0.33790087699890003,0.32945400000000014
Average,0.00116877555847168,0.0005519999999999998,0.493080759048462,0.4698704,3.691456270217896,3.6796127999999997,0.32774748802184994,0.3297338000000001
