LoadRulesRealTime,LoadRulesCPUTime,LoadFactsRealTime,LoadFactsCPUTime,QueryRealTime,QueryCPUTime,WriteRealTime,WriteCPUTime
0.0011751651763916,0.000553,0.635901927947998,0.607788,7.83884692192078,7.820979,0.4222061634063703,0.4041950000000005
0.00119209289550781,0.000548000000000002,0.628334999084473,0.600168,7.87224102020264,7.845368,0.3874671459197998,0.387779000000001
0.00120186805725098,0.000543999999999999,0.627321004867554,0.599134,7.84838509559631,7.831329,0.43240594863891957,0.4246029999999994
0.00117111206054688,0.000550999999999999,0.629601955413818,0.601573,7.82850384712219,7.812459,0.41644716262818005,0.40925300000000053
0.00115585327148438,0.000549000000000001,0.629386186599731,0.602895,7.83583283424377,7.817183,0.41650819778443005,0.4088460000000005
Average,0.00117921829223633,0.0005490000000000002,0.6301092147827149,0.6023116,7.844761943817137,7.825463600000001,0.41500692367553993,0.4069352000000004
