LoadRulesRealTime,LoadRulesCPUTime,LoadFactsRealTime,LoadFactsCPUTime,QueryRealTime,QueryCPUTime,WriteRealTime,WriteCPUTime
0.000912904739379883,0.000546000000000001,0.629061937332153,0.600318,5.03445601463318,5.023273,0.4150111675262407,0.40192300000000003
0.000909090042114258,0.000542000000000001,0.629662990570068,0.601931,5.0315260887146,5.023818,0.44354081153870073,0.4292099999999994
0.000910043716430664,0.000541,0.630201101303101,0.602659,5.03336787223816,5.023912,0.4291799068450901,0.4233039999999999
0.000908851623535156,0.000544000000000001,0.627625942230225,0.599995,5.02598404884338,5.014473,0.42583489418029963,0.42111700000000063
0.000919103622436523,0.000543999999999999,0.626576900482178,0.598512,5.03224110603333,5.020499,0.4195909500121999,0.40338099999999955
Average,0.0009119987487792968,0.0005434000000000004,0.6286257743835449,0.600683,5.03151502609253,5.0211950000000005,0.42663154602050624,0.4157869999999999
