LoadRulesRealTime,LoadRulesCPUTime,LoadFactsRealTime,LoadFactsCPUTime,QueryRealTime,QueryCPUTime,WriteRealTime,WriteCPUTime
0.00480389595031738,0.004804,0.451168060302734,0.441082,0.360440015792847,0.350475,1.502129077911373,1.512426
0.00537705421447754,0.00537699999999999,0.447815895080566,0.447885,0.363318920135498,0.363381,1.515088081359862,1.504475
0.00445890426635742,0.002972,0.453346967697144,0.437462,0.427587985992432,0.427566,1.345375061035158,1.3424559999999999
Average,0.00487995147705078,0.00438433333333333,0.45077697436014796,0.442143,0.3837823073069256,0.380474,1.4541974067687977,1.4531189999999998
