LoadRulesRealTime,LoadRulesCPUTime,LoadFactsRealTime,LoadFactsCPUTime,QueryRealTime,QueryCPUTime,WriteRealTime,WriteCPUTime
0.00118803977966309,0.00055,0.19315505027771,0.182965,1.06927299499512,1.066496,0.16154503822325994,0.16150699999999985
0.00116181373596191,0.000550999999999999,0.190931081771851,0.180668,1.08101010322571,1.079823,0.15119385719299006,0.14739400000000002
0.00115299224853516,0.000542999999999998,0.191871881484985,0.182568,1.07545113563538,1.074531,0.1665458679199201,0.16436800000000007
0.00115299224853516,0.000543999999999999,0.191957950592041,0.181543,1.08228898048401,1.080849,0.16174411773682018,0.16020199999999996
0.0011589527130127,0.000550999999999999,0.192221164703369,0.182123,1.07530784606934,1.073952,0.15601325035095015,0.1544319999999999
Average,0.001162958145141604,0.000547799999999999,0.19202742576599122,0.1819734,1.076666212081912,1.0751302,0.15940842628478807,0.15758059999999996
