LoadRulesRealTime,LoadRulesCPUTime,LoadFactsRealTime,LoadFactsCPUTime,QueryRealTime,QueryCPUTime,WriteRealTime,WriteCPUTime
0.00116300582885742,0.000550999999999999,0.626744031906128,0.598394,7.88684916496277,7.865347,0.3987429141998291,0.3843110000000003
0.00116205215454102,0.00055,0.630398988723755,0.601999,7.85671806335449,7.83553,0.43089103698731,0.42407799999999973
0.00123000144958496,0.000553000000000001,0.639919996261597,0.614104,7.89749908447266,7.877529,0.38384294509886985,0.37894899999999954
0.0011589527130127,0.000548,0.632905960083008,0.603634,7.96345996856689,7.906311,0.33783102035522905,0.37079900000000077
0.00125002861022949,0.000558999999999999,0.637854814529419,0.610245,7.88726496696472,7.866423,0.4138259887695295,0.39984799999999954
Average,0.0011928081512451183,0.0005521999999999998,0.6335647583007814,0.6056752,7.898358249664307,7.870228,0.3930267810821535,0.391597
