LoadRulesRealTime,LoadRulesCPUTime,LoadFactsRealTime,LoadFactsCPUTime,QueryRealTime,QueryCPUTime,WriteRealTime,WriteCPUTime
0.000911951065063477,0.000542000000000001,0.270887136459351,0.257144,2.68031001091003,2.673651,0.19268894195556996,0.184234
0.000910043716430664,0.000539,0.272367000579834,0.258483,2.67409777641296,2.667338,0.21600413322448997,0.21316500000000005
0.000924110412597656,0.000543,0.271975994110107,0.25817,2.69054698944092,2.68314,0.1964821815490696,0.19300200000000034
0.000912904739379883,0.000543,0.273790121078491,0.260045,2.66592192649841,2.658193,0.20772409439087003,0.2047810000000001
0.000910043716430664,0.000541999999999999,0.273467779159546,0.259668,2.66370820999146,2.657,0.22105479240416992,0.20743899999999993
Average,0.0009138107299804688,0.0005418,0.27249760627746583,0.25870200000000004,2.674916982650756,2.6678644,0.2067908287048339,0.2005242000000001
