CreateTableRealTime,CreateTableCPUTime,LoadDataRealTime,LoadDataCPUTime,CreateIndexRealTime,CreateIndexCPUTime,AnalyzeRealTime,AnalyzeCPUTime,ExecuteQueryRealTime,ExecuteQueryCPUTime,WriteResultRealTime,WriteResultCPUTime
0.003493166994303465,3.899999999995574e-05,0.012806499958969653,0.0002849999999999797,0.00902970798779279,1.6000000000016e-05,0.003935583052225411,1.2000000000012001e-05,0.01442270795814693,1.5000000000042757e-05,0.0018551670364104211,0.0012380000000000169
0.00303183397045359,3.900000000001125e-05,0.01132841600337997,0.00021299999999996322,0.009371624968480319,4.199999999998649e-05,0.0036177089787088335,1.2999999999985246e-05,0.015134999994188547,2.9000000000001247e-05,0.0017932080081664026,0.0012220000000000009
0.003308583050966263,4.500000000001725e-05,0.011298790981527418,0.00022400000000000198,0.009109249978791922,3.999999999998449e-05,0.003154542006086558,3.300000000000525e-05,0.013818916981108487,2.599999999997049e-05,0.001909749989863485,0.0012579999999999814
0.0032602089922875166,5.3999999999998494e-05,0.011557542020455003,0.00020600000000003948,0.009528374997898936,1.9000000000046757e-05,0.003799291967879981,3.2000000000032e-05,0.014219708973541856,2.599999999997049e-05,0.0017328750109300017,0.0011829999999999896
0.0037690000026486814,4.799999999999249e-05,0.013179250003304332,0.00026199999999998447,0.009389082959387451,2.0999999999993246e-05,0.0033647079835645854,3.500000000000725e-05,0.01328158297110349,2.4999999999997247e-05,0.005085374985355884,0.0012459999999999694
Average,0.0033725586021319033,4.499999999999504e-05,0.012034099793527275,0.00023799999999999378,0.009285608178470284,2.7600000000005397e-05,0.0035743667976930737,2.500000000000835e-05,0.014175583375617862,2.4199999999996448e-05,0.0024752750061452387,0.0012293999999999916
