CreateTableRealTime,CreateTableCPUTime,LoadDataRealTime,LoadDataCPUTime,CreateIndexRealTime,CreateIndexCPUTime,AnalyzeRealTime,AnalyzeCPUTime,ExecuteQueryRealTime,ExecuteQueryCPUTime,WriteResultRealTime,WriteResultCPUTime
0.0029253790000893787,9.779999999998124e-05,0.006658668000000034,0.00048519999999996344,0.010777121000046463,0.00014330000000001286,0.005318247000104748,0.00021660000000001123,0.036502351000081035,0.00024460000000003923,0.002224489999889556,0.0017177999999999916
0.00267231299994819,7.319999999999549e-05,0.006207086999893363,0.00034119999999998596,0.010295822999978554,0.00012719999999999398,0.0025836160000380914,0.00011569999999999636,0.03388180599995394,0.00012839999999997298,0.001577743000098053,0.0008978000000000042
Average,0.0027988460000187843,8.549999999998836e-05,0.006432877499946699,0.0004131999999999747,0.010536472000012509,0.00013525000000000342,0.00395093150007142,0.0001661500000000038,0.03519207850001749,0.0001865000000000061,0.0019011164999938046,0.0013077999999999979
