CreateTableRealTime,CreateTableCPUTime,LoadDataRealTime,LoadDataCPUTime,CreateIndexRealTime,CreateIndexCPUTime,AnalyzeRealTime,AnalyzeCPUTime,ExecuteQueryRealTime,ExecuteQueryCPUTime,WriteResultRealTime,WriteResultCPUTime
0.00437470600013512,9.390000000003562e-05,0.007002778000014587,0.0005481999999999987,0.010084600000027422,0.00012719999999999398,0.003182353999818588,0.00012260000000002824,0.032785643000124765,0.0001326999999999856,0.0014104449999194912,0.0009742999999999835
0.002785803000051601,8.00000000000245e-05,0.006381934999808436,0.0003951000000000371,0.010757896000086475,0.00013020000000002474,0.0028704009998818947,0.00012220000000001674,0.0365217930000199,0.0001456000000000235,0.0014758639999854495,0.0008926999999999685
Average,0.0035802545000933605,8.695000000003006e-05,0.0066923564999115115,0.0004716500000000179,0.010421248000056949,0.00012870000000000936,0.0030263774998502413,0.0001224000000000225,0.03465371800007233,0.00013915000000000455,0.0014431544999524704,0.000933499999999976
