CreateTableRealTime,CreateTableCPUTime,LoadDataRealTime,LoadDataCPUTime,CreateIndexRealTime,CreateIndexCPUTime,AnalyzeRealTime,AnalyzeCPUTime,ExecuteQueryRealTime,ExecuteQueryCPUTime,WriteResultRealTime,WriteResultCPUTime
0.0,0.0,0.009999997913837433,0.0,0.009999997913837433,0.0,0.0,0.0,0.040000006556510925,0.0,0.0,0.0
0.0,0.0,0.0,0.0,0.019999995827674866,0.0,0.0,0.0,0.030000001192092896,0.0,0.0,0.0
0.009999997913837433,0.0,0.0,0.0,0.009999997913837433,0.0,0.01000000536441803,0.0,0.0299999937415123,0.0,0.0,0.0
Average,0.003333332637945811,0.0,0.003333332637945811,0.0,0.013333330551783243,0.0,0.0033333351214726767,0.0,0.033333333830038704,0.0,0.0,0.0
