CreateTableRealTime,CreateTableCPUTime,LoadDataRealTime,LoadDataCPUTime,CreateIndexRealTime,CreateIndexCPUTime,AnalyzeRealTime,AnalyzeCPUTime,ExecuteQueryRealTime,ExecuteQueryCPUTime,WriteResultRealTime,WriteResultCPUTime
0.002806207000048744,6.590000000000762e-05,0.0067543089999162476,0.00048370000000003133,0.010816711999950712,0.00016419999999994772,0.0030840720000924193,0.00012810000000001986,0.03652341300016815,0.00011980000000000324,0.0016539490000013757,0.0011102000000000056
0.002944028999991133,0.00010040000000000049,0.007220844000130455,0.0004670000000000507,0.01154996399986885,0.00013570000000001636,0.0034612189999734255,0.0001166999999999696,0.041202866999810794,0.00014059999999999073,0.0019109100001060142,0.0013534000000000046
Average,0.0028751180000199383,8.315000000000405e-05,0.006987576500023351,0.000475350000000041,0.011183337999909782,0.00014994999999998204,0.0032726455000329224,0.00012239999999999474,0.03886313999998947,0.00013019999999999698,0.001782429500053695,0.0012318000000000051
