CreateTableRealTime,CreateTableCPUTime,LoadDataRealTime,LoadDataCPUTime,CreateIndexRealTime,CreateIndexCPUTime,AnalyzeRealTime,AnalyzeCPUTime,ExecuteQueryRealTime,ExecuteQueryCPUTime,WriteResultRealTime,WriteResultCPUTime
0.0036508329794742167,4.699999999996374e-05,0.011243332992307842,0.00024399999999996647,0.00721791700925678,3.6999999999953737e-05,0.002949875022750348,3.399999999997849e-05,0.010626040981151164,2.199999999996649e-05,0.0015320410020649433,0.0010089999999999821
0.0033395829959772527,4.199999999998649e-05,0.011130333004985005,0.00022600000000000398,0.006525292003061622,3.500000000000725e-05,0.00283520802622661,3.100000000000325e-05,0.010979332961142063,2.2000000000022002e-05,0.0023169159539975226,0.0010179999999999634
0.003097917011473328,4.499999999996174e-05,0.010286500037182122,0.00019400000000002748,0.0074335840181447566,3.900000000001125e-05,0.0028950420091859996,3.500000000000725e-05,0.011361833021510392,2.4999999999997247e-05,0.0015024589956738055,0.0009509999999999796
0.002957375021651387,4.300000000001525e-05,0.010640167049132288,0.00021199999999998997,0.006948875030502677,3.6999999999953737e-05,0.002824875002261251,3.300000000000525e-05,0.025560041947755963,3.700000000000925e-05,0.0025192920002155006,0.0010720000000000174
0.003313334018457681,4.700000000001925e-05,0.010389083006884903,0.00021300000000001873,0.009313874994404614,2.6000000000026002e-05,0.002952542039565742,4.799999999999249e-05,0.012796167051419616,2.6999999999999247e-05,0.0016012920532375574,0.0010270000000000001
Average,0.003271808405406773,4.479999999998929e-05,0.010737883218098432,0.00021780000000000134,0.00748790861107409,3.47999999999904e-05,0.00289150841999799,3.619999999999734e-05,0.014264683192595839,2.6599999999998847e-05,0.0018944000010378658,0.0010153999999999886
