CreateTableRealTime,CreateTableCPUTime,LoadDataRealTime,LoadDataCPUTime,CreateIndexRealTime,CreateIndexCPUTime,AnalyzeRealTime,AnalyzeCPUTime,ExecuteQueryRealTime,ExecuteQueryCPUTime,WriteResultRealTime,WriteResultCPUTime
0.003206078999937745,0.00010460000000001024,0.007438924999860319,0.0005118999999999541,0.011385197999970842,0.00021409999999999485,0.003128574999891498,0.00016740000000003974,0.038380118000077346,0.0001910999999999996,0.0015381529999558552,0.0009673000000000043
0.004697490000125981,0.00012170000000000236,0.006753052000021853,0.0003874000000000377,0.012466719000030935,0.0001587000000000116,0.0027412809999987076,0.000136000000000025,0.03565494400004354,0.00016959999999999198,0.001796419999891441,0.0008628999999999998
Average,0.003951784500031863,0.0001131500000000063,0.007095988499941086,0.0004496499999999959,0.011925958500000888,0.00018640000000000323,0.002934927999945103,0.00015170000000003236,0.037017531000060444,0.0001803499999999958,0.001667286499923648,0.000915100000000002
