CreateTableRealTime,CreateTableCPUTime,LoadDataRealTime,LoadDataCPUTime,CreateIndexRealTime,CreateIndexCPUTime,AnalyzeRealTime,AnalyzeCPUTime,ExecuteQueryRealTime,ExecuteQueryCPUTime,WriteResultRealTime,WriteResultCPUTime
0.003979083965532482,4.700000000001925e-05,0.012595457956194878,0.00019700000000000273,0.007745457987766713,1.4999999999987246e-05,0.0037363750161603093,3.700000000000925e-05,0.012262041971553117,2.4000000000024002e-05,0.0017379170167259872,0.0011609999999999676
0.0033406250295229256,4.599999999999049e-05,0.0104810000048019,0.00028400000000000647,0.00785008299862966,1.8000000000018e-05,0.0035723750479519367,3.700000000000925e-05,0.012372749974019825,2.4999999999997247e-05,0.0016459159669466317,0.0010859999999999759
0.002422875026240945,4.100000000001325e-05,0.010302834038157016,0.00023700000000004273,0.008894417027477175,3.900000000001125e-05,0.004061874991748482,3.300000000000525e-05,0.0129778339760378,2.199999999996649e-05,0.0016162500251084566,0.0010660000000000114
0.0029668749775737524,5.099999999996774e-05,0.010878208035137504,0.00021800000000005149,0.007981333998031914,1.599999999996049e-05,0.003308959014248103,3.799999999998249e-05,0.010999000049196184,4.399999999998849e-05,0.0016383339534513652,0.0010729999999999906
0.0028384170145727694,3.199999999997649e-05,0.012998917023651302,0.00019199999999996997,0.007810542010702193,1.8000000000018e-05,0.003090958984103054,3.0000000000030003e-05,0.012529415951576084,3.0000000000030003e-05,0.0017331249546259642,0.0011589999999999656
Average,0.003109575202688575,4.3399999999993445e-05,0.01145128341158852,0.00022560000000001467,0.008056366804521532,2.1199999999998997e-05,0.003554108610842377,3.500000000000725e-05,0.012228208384476602,2.9000000000001247e-05,0.001674308383371681,0.0011089999999999822
