CreateTableRealTime,CreateTableCPUTime,LoadDataRealTime,LoadDataCPUTime,CreateIndexRealTime,CreateIndexCPUTime,AnalyzeRealTime,AnalyzeCPUTime,ExecuteQueryRealTime,ExecuteQueryCPUTime,WriteResultRealTime,WriteResultCPUTime
0.0032007499830797315,4.6000000000046004e-05,0.01040766597725451,0.00025799999999998047,0.007088874990586191,1.5000000000042757e-05,0.0027397500234656036,1.3000000000040757e-05,0.010539666982367635,1.4000000000014001e-05,0.0013542090309783816,0.0008850000000000247
0.004634417011402547,4.599999999999049e-05,0.0105187080334872,0.00019899999999994922,0.008570708974730223,4.199999999998649e-05,0.0035182919818907976,3.399999999997849e-05,0.012023749994114041,3.399999999997849e-05,0.0022965839598327875,0.0009759999999999769
0.003828542015980929,5.699999999997374e-05,0.011282292020041496,0.00020500000000001073,0.0068873330019414425,3.500000000000725e-05,0.00294625002425164,3.4999999999951736e-05,0.01098304201150313,2.599999999997049e-05,0.0013874579453840852,0.0008779999999999899
0.0030099579598754644,4.500000000001725e-05,0.0096147499862127,0.00018000000000001348,0.00618329196004197,2.2000000000022002e-05,0.0027029580087400973,4.399999999998849e-05,0.024559332989156246,4.999999999999449e-05,0.0025992500013671815,0.0009969999999999701
0.002938791993074119,1.999999999996449e-05,0.008318083011545241,0.000132000000000021,0.006960915983654559,2.0999999999993246e-05,0.0024386250297538936,1.2000000000012001e-05,0.01159258297411725,1.5000000000042757e-05,0.0019522500224411488,0.0009680000000000244
Average,0.0035224917926825585,4.27999999999984e-05,0.01002829980570823,0.00019479999999999498,0.0071382249821908775,2.700000000001035e-05,0.0028691750136204063,2.7599999999994294e-05,0.013939674990251661,2.7800000000000046e-05,0.0019179501920007168,0.0009407999999999972
