CreateTableRealTime,CreateTableCPUTime,LoadDataRealTime,LoadDataCPUTime,CreateIndexRealTime,CreateIndexCPUTime,AnalyzeRealTime,AnalyzeCPUTime,ExecuteQueryRealTime,ExecuteQueryCPUTime,WriteResultRealTime,WriteResultCPUTime
0.0035266249906271696,4.599999999999049e-05,0.007755375001579523,0.00014199999999997548,0.004717333998996764,3.799999999998249e-05,0.0018772920011542737,1.2999999999985246e-05,0.008062040957156569,1.4000000000014001e-05,0.003516209020745009,0.0006340000000000234
0.004754916997626424,4.100000000001325e-05,0.007957666995935142,0.00014700000000000824,0.004229583020787686,3.8000000000038e-05,0.0018588749808259308,1.2999999999985246e-05,0.006597416999284178,1.8999999999991246e-05,0.0012688750284723938,0.0005000000000000004
0.003551665984559804,4.500000000001725e-05,0.008032541023567319,0.00013499999999999623,0.004845249990466982,3.599999999998049e-05,0.001852500019595027,1.3000000000040757e-05,0.006582791975233704,3.700000000000925e-05,0.0015685829566791654,0.0005169999999999897
0.00394399999640882,4.399999999998849e-05,0.008162375015672296,0.00014700000000000824,0.004183291981462389,3.999999999998449e-05,0.001811958965845406,1.2999999999985246e-05,0.006959917023777962,3.6000000000036e-05,0.0012354999780654907,0.0003890000000000282
0.00396908400580287,4.300000000001525e-05,0.007935583998914808,0.00013699999999999823,0.004870541975833476,3.999999999998449e-05,0.0023178329574875534,3.399999999997849e-05,0.008180290984455496,1.2999999999985246e-05,0.0015677500050514936,0.0004669999999999952
Average,0.003949258395005017,4.380000000000495e-05,0.007968708407133818,0.0001415999999999973,0.004569200193509459,3.8399999999993994e-05,0.0019436917849816383,1.7199999999994997e-05,0.007276491587981581,2.3800000000007148e-05,0.0018313833978027105,0.0005014000000000074
