CreateTableRealTime,CreateTableCPUTime,LoadDataRealTime,LoadDataCPUTime,CreateIndexRealTime,CreateIndexCPUTime,AnalyzeRealTime,AnalyzeCPUTime,ExecuteQueryRealTime,ExecuteQueryCPUTime,WriteResultRealTime,WriteResultCPUTime
0.0026353339781053364,1.6000000000016e-05,0.00914545898558572,0.00019000000000002348,0.007672624953556806,2.4999999999997247e-05,0.0047804590431042016,1.6000000000016e-05,0.009801457985304296,2.0999999999993246e-05,0.0018891249783337116,0.0006849999999999912
0.00345429201843217,4.099999999995774e-05,0.008300125016830862,0.00017299999999997873,0.007427875010762364,4.2000000000042004e-05,0.002815874991938472,3.500000000000725e-05,0.009818666032515466,1.4999999999987246e-05,0.0018453329685144126,0.0008029999999999982
0.003506499982904643,5.299999999996974e-05,0.00848054199013859,0.00021799999999999597,0.007308957981877029,3.500000000000725e-05,0.0028237919905222952,3.199999999997649e-05,0.009319749951828271,3.399999999997849e-05,0.0020260000019334257,0.0007989999999999942
0.0036206659860908985,4.300000000001525e-05,0.00810149998869747,0.00015300000000001424,0.007741042005363852,1.399999999995849e-05,0.0026380419731140137,3.2000000000032e-05,0.010333709011320025,4.899999999996574e-05,0.002106207946781069,0.0007869999999999822
0.0035667080082930624,4.900000000002125e-05,0.00743904197588563,0.00016199999999999548,0.0055158750037662685,4.500000000001725e-05,0.002733584027737379,3.6000000000036e-05,0.011164374998770654,3.6000000000036e-05,0.0019634169875644147,0.0007590000000000097
Average,0.003356699994765222,4.0399999999995995e-05,0.008293333591427653,0.0001792000000000016,0.007133274991065264,3.220000000000445e-05,0.003158350405283272,3.0200000000013548e-05,0.010087591595947742,3.099999999999215e-05,0.001966016576625407,0.0007665999999999951
