CreateTableRealTime,CreateTableCPUTime,LoadDataRealTime,LoadDataCPUTime,CreateIndexRealTime,CreateIndexCPUTime,AnalyzeRealTime,AnalyzeCPUTime,ExecuteQueryRealTime,ExecuteQueryCPUTime,WriteResultRealTime,WriteResultCPUTime
0.004566758999999365,9.940000000002724e-05,0.006358615000181089,0.0004250000000000087,0.010997951000035755,0.00015409999999999036,0.0027658910000809556,0.00011169999999999236,0.03220362199999727,0.00013819999999997723,0.001290951000100904,0.0007762000000000047
0.002928344000110883,0.0001000000000000445,0.005827054999826942,0.00029649999999997734,0.009748230000013791,0.00038360000000003946,0.0028415169999789214,0.00013319999999999999,0.030286934000059773,0.000158000000000047,0.0013640570000461594,0.0009018000000000082
Average,0.003747551500055124,9.970000000003587e-05,0.0060928350000040155,0.000360749999999993,0.010373090500024773,0.0002688500000000149,0.0028037040000299385,0.00012244999999999617,0.03124527800002852,0.0001481000000000121,0.0013275040000735316,0.0008390000000000064
