CreateTableRealTime,CreateTableCPUTime,LoadDataRealTime,LoadDataCPUTime,CreateIndexRealTime,CreateIndexCPUTime,AnalyzeRealTime,AnalyzeCPUTime,ExecuteQueryRealTime,ExecuteQueryCPUTime,WriteResultRealTime,WriteResultCPUTime
0.025030000018887222,6.80000000000125e-05,0.6967661249800585,0.00020799999999998597,1.620556249981746,0.00020399999999998197,0.6362129999906756,0.00017999999999995797,79.00445020798361,0.00023000000000000798,0.30588516703573987,0.00030999999999997696
0.023767791979480535,4.100000000001325e-05,0.6967011660453863,0.00011600000000000499,1.5372319580055773,0.00018800000000002148,0.6240397079964168,0.00013699999999999823,78.74975654197624,0.0002650000000000152,0.30400004104012623,0.00033800000000000496
0.027408499969169497,0.00010100000000001774,0.6932831659796648,0.00013799999999997148,1.5622451250092126,0.00018299999999998873,0.6323462079744786,0.00017699999999998273,78.72029183403356,0.00024399999999996647,0.3037728749914095,0.0002590000000000092
0.024698291963431984,4.399999999998849e-05,0.6775853330036625,0.00014300000000000423,1.5655625000363216,0.00032399999999999096,0.6450925830285996,0.00019099999999999673,78.86191854201024,0.0002809999999999757,0.30583450000267476,0.00046600000000002195
0.025759958021808416,6.100000000003325e-05,0.7086174589931034,0.00015399999999998748,1.5351943749701604,0.00022300000000002873,0.6284947080421261,0.00016399999999999748,78.79410449997522,0.00018599999999996397,0.30536991596454754,0.0002489999999999992
Average,0.02533290839055553,6.300000000001305e-05,0.6945906498003751,0.00015179999999999084,1.5641580416006036,0.00022440000000000236,0.6332372414064593,0.00016979999999998662,78.82610432519577,0.00024119999999998586,0.30497249980689956,0.00032440000000000246
