CreateTableRealTime,CreateTableCPUTime,LoadDataRealTime,LoadDataCPUTime,CreateIndexRealTime,CreateIndexCPUTime,AnalyzeRealTime,AnalyzeCPUTime,ExecuteQueryRealTime,ExecuteQueryCPUTime,WriteResultRealTime,WriteResultCPUTime
0.02251912502106279,3.599999999998049e-05,0.3010418750345707,0.0002769999999999717,0.5641951669822447,0.00018999999999996797,0.19387987500522286,0.00010100000000001774,0.9916631659725681,0.00011400000000000299,0.025156208022963256,0.00018800000000002148
0.022162375040352345,4.799999999999249e-05,0.3200202500447631,0.00016300000000002424,0.5470627499744296,0.00019399999999997197,0.18625004100613296,0.00011200000000000099,0.9883587919757701,0.00012700000000004374,0.024408249999396503,0.00020999999999998797
0.021859625005163252,4.599999999999049e-05,0.31707408296642825,0.00017000000000000348,0.5437602080055512,0.00019999999999997797,0.1945373750058934,0.00012099999999998223,0.9820662089623511,0.00013499999999999623,0.030717791989445686,0.00024200000000001998
0.020817958982661366,4.599999999999049e-05,0.29786366695770994,0.00029399999999996096,0.5575738330371678,0.00013300000000004975,0.19994195800973102,0.000132000000000021,1.0002680409816094,0.00014799999999998148,0.026831208961084485,0.00018799999999996597
0.023306083981879056,4.799999999999249e-05,0.2934815420303494,0.00028800000000001047,0.5518065419746563,0.00019099999999999673,0.18858762498712167,9.700000000001374e-05,0.9937327090301551,0.00011700000000003374,0.025945333007257432,0.00022199999999999998
Average,0.022133033606223762,4.479999999998929e-05,0.3058962834067643,0.00023839999999999417,0.5528796999948099,0.00018159999999999287,0.1926393748028204,0.00011260000000000714,0.9912177833844907,0.00012820000000001163,0.026611758396029472,0.0002099999999999991
