CreateTableRealTime,CreateTableCPUTime,LoadDataRealTime,LoadDataCPUTime,CreateIndexRealTime,CreateIndexCPUTime,AnalyzeRealTime,AnalyzeCPUTime,ExecuteQueryRealTime,ExecuteQueryCPUTime,WriteResultRealTime,WriteResultCPUTime
0.02483890399980737,0.00020510000000006912,0.8416708760000802,0.0001915000000000111,1.4699986159998844,0.00020740000000007974,0.7344970110002578,0.0001638999999999946,17.693406616000175,0.00014809999999998436,0.18345384800022657,0.0001923000000000341
0.017627093000101013,0.00019920000000001048,0.6810472239999399,0.00018170000000000686,1.2691491539999333,0.0002423000000000286,0.5546446280000055,0.00017220000000001123,15.705578130000049,0.00012659999999997673,0.163581368999985,0.00020090000000000385
Average,0.021232998499954192,0.0002021500000000398,0.76135905000001,0.00018660000000000898,1.3695738849999088,0.00022485000000005417,0.6445708195001316,0.00016805000000000292,16.699492373000112,0.00013734999999998054,0.17351760850010578,0.00019660000000001898
