CreateTableRealTime,CreateTableCPUTime,LoadDataRealTime,LoadDataCPUTime,CreateIndexRealTime,CreateIndexCPUTime,AnalyzeRealTime,AnalyzeCPUTime,ExecuteQueryRealTime,ExecuteQueryCPUTime,WriteResultRealTime,WriteResultCPUTime
0.011607708991505206,3.100000000000325e-05,0.26387162500759587,0.00030200000000002447,0.5948659160058014,0.00029600000000001847,0.2858160419855267,0.00023700000000004273,1.7171760839992203,0.00014300000000000423,0.03364979202160612,0.00024000000000001798
0.017762749979738146,5.100000000002325e-05,0.32385649997740984,0.00034999999999996145,0.5270467919763178,0.0004930000000000212,0.20789379201596603,0.00028799999999995496,1.668242417043075,0.0002730000000000232,0.03351366601418704,0.00028600000000000847
0.01682424999307841,7.300000000004525e-05,0.3322358330478892,0.00032999999999999696,0.5244982080184855,0.00033400000000000096,0.20757637498900294,0.00034400000000001096,1.6631046250113286,0.00017499999999998073,0.033419999992474914,0.0002449999999999952
0.011192832957021892,5.6000000000000494e-05,0.3098439160385169,0.00030400000000002647,0.5396210830076598,0.0003429999999999822,0.18917858297936618,0.00022400000000000198,1.7294722080114298,0.00021199999999998997,0.03249424998648465,0.00027399999999999647
0.012603542010765523,3.4999999999951736e-05,0.28049916704185307,0.00032399999999999096,0.5169545420212671,0.00033800000000000496,0.1898387920227833,0.0002829999999999777,1.6621705829747953,0.00021200000000004549,0.03343629202572629,0.00028800000000001047
Average,0.013998216786421835,4.9200000000004794e-05,0.302061408222653,0.0003220000000000001,0.5405973082059063,0.00036080000000000557,0.21606071679852903,0.0002751999999999977,1.6880331834079698,0.00020300000000000873,0.0333028000080958,0.0002666000000000057
