CreateTableRealTime,CreateTableCPUTime,LoadDataRealTime,LoadDataCPUTime,CreateIndexRealTime,CreateIndexCPUTime,AnalyzeRealTime,AnalyzeCPUTime,ExecuteQueryRealTime,ExecuteQueryCPUTime,WriteResultRealTime,WriteResultCPUTime
0.019298876999982895,0.0001478999999999786,0.6755643559999953,0.00020449999999999635,1.151365306000116,0.00017450000000002186,0.4869170590000067,0.00014329999999995735,17.223368450999715,0.00021860000000001323,0.18314720700027465,0.00020330000000001736
0.015400603000216506,0.00014300000000000423,0.7982397379996655,0.00017980000000000773,1.5198219969997808,0.00022210000000000285,0.59313337399999,0.00014439999999998898,17.167488766000133,0.00014199999999997548,0.23663081500035332,0.0002126999999999546
Average,0.0173497400000997,0.00014544999999999142,0.7369020469998304,0.00019215000000000204,1.3355936514999485,0.00019830000000001236,0.5400252164999984,0.00014384999999997317,17.195428608499924,0.00018029999999999435,0.20988901100031399,0.00020799999999998597
