CreateTableRealTime,CreateTableCPUTime,LoadDataRealTime,LoadDataCPUTime,CreateIndexRealTime,CreateIndexCPUTime,AnalyzeRealTime,AnalyzeCPUTime,ExecuteQueryRealTime,ExecuteQueryCPUTime,WriteResultRealTime,WriteResultCPUTime
0.01951550400008273,0.0001276000000000055,0.33835165299979053,0.00020320000000001448,0.67358633799995,0.00020559999999997247,0.2425152010000602,0.0001774999999999971,0.2368319669999437,0.0001687000000000216,0.02406423399997948,0.00020009999999998085
0.017699112000173045,0.0002143000000000006,0.3543316700001924,0.0002210999999999741,0.6931848220001484,0.00033050000000001134,0.22326944099995671,0.00015740000000002974,0.2519205539997529,0.00019379999999996622,0.024383516999932908,0.00015350000000002861
Average,0.018607308000127887,0.00017095000000000304,0.34634166149999146,0.0002121499999999943,0.6833855800000492,0.0002680499999999919,0.23289232100000845,0.00016745000000001342,0.24437626049984829,0.00018124999999999392,0.024223875499956193,0.00017680000000000473
