CreateTableRealTime,CreateTableCPUTime,LoadDataRealTime,LoadDataCPUTime,CreateIndexRealTime,CreateIndexCPUTime,AnalyzeRealTime,AnalyzeCPUTime,ExecuteQueryRealTime,ExecuteQueryCPUTime,WriteResultRealTime,WriteResultCPUTime
0.009725250012706965,3.500000000000725e-05,0.2796460830140859,0.00034800000000001496,0.5408564590034075,0.0003529999999999922,0.20517045800806955,0.00034800000000001496,0.9445849999901839,0.00017999999999995797,0.026486582995858043,0.0003429999999999822
0.01801829197211191,5.3999999999998494e-05,0.30762249999679625,0.0002809999999999757,0.5428672090056352,0.0003690000000000082,0.19588904199190438,0.00023000000000000798,0.9098467500298284,0.00019399999999997197,0.025534290994983166,0.00024299999999999322
0.01625433302251622,6.899999999998574e-05,0.30409495800267905,0.0003049999999999997,0.5267951669520698,0.0003549999999999942,0.19208437501220033,0.00023100000000003673,0.9415102080092765,0.00017300000000003424,0.026459124987013638,0.0002510000000000012
0.011811082949861884,2.599999999997049e-05,0.2877693329937756,0.0002710000000000212,0.5212296670069918,0.00031800000000004047,0.2042767500388436,0.00022999999999995246,0.9051302909501828,0.00010900000000002574,0.025827832985669374,0.00022000000000005349
0.015605416963808239,3.500000000000725e-05,0.3068757919827476,0.00032399999999999096,0.5419715410098433,0.0003330000000000277,0.1940107920090668,0.00024000000000001798,0.9522235000040382,0.00017099999999997673,0.02622983296168968,0.0002890000000000392
Average,0.014282874984201045,4.379999999999384e-05,0.2972017331980169,0.0003058000000000005,0.5347440085955896,0.0003456000000000126,0.19828628341201693,0.000255800000000006,0.930659149796702,0.00016539999999999334,0.02610753298504278,0.00026920000000001386
