CreateTableRealTime,CreateTableCPUTime,LoadDataRealTime,LoadDataCPUTime,CreateIndexRealTime,CreateIndexCPUTime,AnalyzeRealTime,AnalyzeCPUTime,ExecuteQueryRealTime,ExecuteQueryCPUTime,WriteResultRealTime,WriteResultCPUTime
0.024660625029355288,4.700000000001925e-05,0.4939217080245726,0.0002530000000000032,1.0782544169924222,0.00024200000000001998,0.43916783400345594,0.00012099999999998223,36.35918208403746,0.00021800000000005149,0.1857899579918012,0.00018200000000001548
0.021898416976910084,4.799999999999249e-05,0.49595691700233147,0.00021900000000002473,1.0912575830006972,0.0002810000000000312,0.43776308302767575,0.00021500000000002073,35.91948137496365,0.0002629999999999577,0.19409020798048005,0.00026799999999999047
0.023629624978639185,6.799999999995698e-05,0.5385930410120636,0.00039600000000000746,1.1076618749648333,0.0002469999999999972,0.4398791669518687,0.00021500000000002073,35.74599462497281,0.0002869999999999817,0.1880290000117384,0.00023200000000000998
0.022484875051304698,7.199999999996098e-05,0.5287549159838818,0.0003289999999999682,1.1224083339911886,0.00019099999999999673,0.4471489999559708,0.00012200000000001099,35.714351665985305,0.00020300000000000873,0.1881209159619175,0.0003429999999999822
0.026427250006236136,9.20000000000365e-05,0.5078277499997057,0.0003150000000000097,1.1004056669771671,0.00020199999999997997,0.4426973329973407,0.00013699999999999823,35.692577874986455,0.0002930000000000432,0.18838191695977002,0.00027800000000000047
Average,0.023820158408489077,6.539999999999324e-05,0.513010866404511,0.0003024000000000027,1.0999975751852618,0.00023260000000000503,0.44133128338726235,0.0001620000000000066,35.88631752498914,0.0002528000000000086,0.18888239978114144,0.0002605999999999997
