CreateTableRealTime,CreateTableCPUTime,LoadDataRealTime,LoadDataCPUTime,CreateIndexRealTime,CreateIndexCPUTime,AnalyzeRealTime,AnalyzeCPUTime,ExecuteQueryRealTime,ExecuteQueryCPUTime,WriteResultRealTime,WriteResultCPUTime
0.019999995827674866,0.0,0.46000000089406967,0.0,0.9500000029802322,0.0,0.4599999934434891,0.0,6.540000006556511,0.0,0.08999999612569809,0.0
0.01000000536441803,0.0,0.4399999976158142,0.0,0.9500000029802322,0.0,0.5499999970197678,0.0,8.660000003874302,0.0,0.12999999523162842,0.0
0.020000003278255463,0.0,0.44999999552965164,0.0,0.7899999991059303,0.0,0.3999999985098839,0.0,7.060000002384186,0.0,0.10000000149011612,0.0
Average,0.016666668156782787,0.0,0.4499999980131785,0.0,0.8966666683554649,0.0,0.4699999963243802,0.0,7.4200000042716665,0.0,0.10666666428248088,0.0
