CreateTableRealTime,CreateTableCPUTime,LoadDataRealTime,LoadDataCPUTime,CreateIndexRealTime,CreateIndexCPUTime,AnalyzeRealTime,AnalyzeCPUTime,ExecuteQueryRealTime,ExecuteQueryCPUTime,WriteResultRealTime,WriteResultCPUTime
0.019848458003252745,7.20000000000165e-05,0.010412917006760836,6.40000000000085e-05,0.03952454205136746,3.500000000000725e-05,0.0017962920246645808,8.700000000000374e-05,0.1052046250551939,9.300000000000974e-05,0.0024503329768776894,0.000156000000000045
0.019859125022776425,6.60000000000105e-05,0.010636084014549851,0.00010599999999999499,0.03920608293265104,2.399999999996849e-05,0.0020854579051956534,7.699999999999374e-05,0.1029723749961704,8.399999999997299e-05,0.0023474169429391623,0.00014100000000000223
0.019992917077615857,7.199999999996098e-05,0.009159374982118607,6.899999999998574e-05,0.038688540924340487,3.700000000000925e-05,0.0021113749826326966,3.700000000000925e-05,0.10903616691939533,8.999999999997899e-05,0.002405084087513387,0.00013700000000005375
0.018885375000536442,7.499999999999174e-05,0.004249874968081713,7.599999999996498e-05,0.0476599580142647,4.799999999999249e-05,0.002132665948010981,4.399999999998849e-05,0.10092708293814212,0.00014300000000000423,0.0023086670553311706,0.00016300000000002424
0.017984709003940225,6.900000000004125e-05,0.008651457959786057,5.1999999999996493e-05,0.03725241695065051,3.599999999998049e-05,0.002171749947592616,8.00000000000245e-05,0.1029257079353556,7.700000000004925e-05,0.002330583054572344,0.00012499999999998623
Average,0.019314116821624337,7.080000000000419e-05,0.008621941786259413,7.339999999999014e-05,0.04046630817465484,3.599999999999159e-05,0.0020595081616193054,6.500000000000394e-05,0.10421319156885148,9.740000000000305e-05,0.002368416823446751,0.0001444000000000223
