CreateTableRealTime,CreateTableCPUTime,LoadDataRealTime,LoadDataCPUTime,CreateIndexRealTime,CreateIndexCPUTime,AnalyzeRealTime,AnalyzeCPUTime,ExecuteQueryRealTime,ExecuteQueryCPUTime,WriteResultRealTime,WriteResultCPUTime
0.014583538999886514,0.00011549999999999061,0.005572070999733114,0.000253200000000009,0.036055331000170554,0.00014180000000002524,0.0018438160000187054,0.00010710000000002662,0.21055133899972134,0.00015439999999999898,0.0062838949997967575,0.00011610000000000786
0.015142469000238634,0.0001234999999999986,0.004980694999630941,0.00016550000000004061,0.03656134200036831,0.00013279999999998848,0.0035591649998423236,0.0001496000000000275,0.21373093200008952,0.0001244000000000245,0.0058708540000225184,0.00013920000000000599
Average,0.014863004000062574,0.00011949999999999461,0.005276382999682028,0.0002093500000000248,0.036308336500269434,0.00013730000000000686,0.0027014904999305145,0.00012835000000002705,0.21214113549990543,0.00013940000000001174,0.006077374499909638,0.00012765000000000692
