CreateTableRealTime,CreateTableCPUTime,LoadDataRealTime,LoadDataCPUTime,CreateIndexRealTime,CreateIndexCPUTime,AnalyzeRealTime,AnalyzeCPUTime,ExecuteQueryRealTime,ExecuteQueryCPUTime,WriteResultRealTime,WriteResultCPUTime
0.009999997913837433,0.0,0.009999997913837433,0.0,0.05000000447034836,0.02000000000000001,0.0,0.0,0.28999999910593033,0.0,0.009999997913837433,0.0
0.020000003278255463,0.0,0.009999997913837433,0.010000000000000009,0.03999999910593033,0.0,0.0,0.0,0.29999999701976776,0.0,0.01000000536441803,0.0
0.009999997913837433,0.0,0.020000003278255463,0.0,0.03999999910593033,0.0,0.0,0.0,0.28999999910593033,0.0,0.009999997913837433,0.0
Average,0.01333333303531011,0.0,0.01333333303531011,0.003333333333333336,0.04333333422740301,0.0066666666666666706,0.0,0.0,0.29333333174387616,0.0,0.010000000397364298,0.0
