CreateTableRealTime,CreateTableCPUTime,LoadDataRealTime,LoadDataCPUTime,CreateIndexRealTime,CreateIndexCPUTime,AnalyzeRealTime,AnalyzeCPUTime,ExecuteQueryRealTime,ExecuteQueryCPUTime,WriteResultRealTime,WriteResultCPUTime
0.020034916989970952,9.599999999998499e-05,0.015132749977055937,8.700000000000374e-05,0.033531749970279634,4.099999999995774e-05,0.0012315000058151782,7.499999999999174e-05,0.1500095409573987,0.00013099999999999223,0,0
0.02059233299223706,7.199999999996098e-05,0.012487125000916421,7.80000000000225e-05,0.03060716699110344,3.8000000000038e-05,0.0021364159765653312,8.299999999999974e-05,0.14796249999199063,0.00011200000000000099,0,0
0.018979083048179746,6.700000000003925e-05,0.01308829098707065,0.00010500000000002174,0.03590783302206546,3.599999999998049e-05,0.0021441669669002295,7.699999999999374e-05,0.14787570800399408,9.40000000000385e-05,0,0
0.021250833000522107,6.40000000000085e-05,0.01060991600388661,7.499999999999174e-05,0.035977583029307425,3.6999999999953737e-05,0.0021744589903391898,7.699999999999374e-05,0.15207554202061146,0.00011800000000000699,0,0
0.017923332983627915,8.40000000000285e-05,0.015102041943464428,8.40000000000285e-05,0.032745584030635655,4.999999999999449e-05,0.0023479999508708715,7.60000000000205e-05,0.15192162501625717,9.700000000001374e-05,0,0
Average,0.019756099802907556,7.660000000000444e-05,0.01328402478247881,8.580000000001365e-05,0.03375398340867832,4.0399999999984895e-05,0.00200690837809816,7.75999999999999e-05,0.1499689831980504,0.00011040000000001049,0.0,0.0
