CreateTableRealTime,CreateTableCPUTime,LoadDataRealTime,LoadDataCPUTime,CreateIndexRealTime,CreateIndexCPUTime,AnalyzeRealTime,AnalyzeCPUTime,ExecuteQueryRealTime,ExecuteQueryCPUTime,WriteResultRealTime,WriteResultCPUTime
0.014444903999901726,0.0001230999999999871,0.011063137999826722,0.0002541999999999822,0.03838209400009873,0.00012339999999999574,0.0036084849998587742,0.00016330000000003286,0.2828440349999255,0.00012630000000002362,0.009748628999659559,0.00010589999999999211
0.014791200000217941,0.00012940000000000174,0.0119390170002589,0.00017859999999997322,0.037487213000076736,0.00010179999999998524,0.002038650000031339,0.00016079999999996097,0.2936860230001912,0.0001750999999999836,0.011105002000022068,0.00015249999999999986
Average,0.014618052000059834,0.00012624999999999442,0.011501077500042811,0.00021639999999997772,0.037934653500087734,0.00011259999999999049,0.0028235674999450566,0.00016204999999999692,0.28826502900005835,0.0001507000000000036,0.010426815499840814,0.00012919999999999598
