CreateTableRealTime,CreateTableCPUTime,LoadDataRealTime,LoadDataCPUTime,CreateIndexRealTime,CreateIndexCPUTime,AnalyzeRealTime,AnalyzeCPUTime,ExecuteQueryRealTime,ExecuteQueryCPUTime,WriteResultRealTime,WriteResultCPUTime
0.01681968599996253,0.00011200000000000099,0.005054168000242498,0.00017719999999998848,0.040036245999999664,0.00011489999999997336,0.0019917469999199966,0.00011070000000001912,0.10413337199997841,0.00014169999999996685,0.002419792000182497,0.00014059999999999073
0.014920784999958414,0.0001206999999999736,0.004839099000037095,0.00015090000000000936,0.0373848019999059,0.00010209999999999386,0.003672101000120165,0.00013990000000002611,0.10273678400017161,0.00012499999999998623,0.0025937929999599874,9.90999999999631e-05
Average,0.015870235499960472,0.0001163499999999873,0.0049466335001397965,0.00016404999999999892,0.038710523999952784,0.00010849999999998361,0.0028319240000200807,0.00012530000000002262,0.10343507800007501,0.00013334999999997654,0.002506792500071242,0.00011984999999997692
