CreateTableRealTime,CreateTableCPUTime,LoadDataRealTime,LoadDataCPUTime,CreateIndexRealTime,CreateIndexCPUTime,AnalyzeRealTime,AnalyzeCPUTime,ExecuteQueryRealTime,ExecuteQueryCPUTime,WriteResultRealTime,WriteResultCPUTime
0.017975208000279963,6.80000000000125e-05,0.01207724999403581,0.00010199999999999099,0.03488862497033551,4.799999999999249e-05,0.002028500020969659,8.20000000000265e-05,0.10996541602071375,9.499999999995623e-05,0,0
0.017914584022946656,6.100000000003325e-05,0.011784916976466775,8.799999999997699e-05,0.03913666703738272,3.999999999998449e-05,0.002175833040382713,6.899999999998574e-05,0.11669441597769037,0.00010700000000002374,0,0
0.017014833982102573,8.099999999999774e-05,0.01275258301757276,7.899999999999574e-05,0.03303633298492059,4.199999999998649e-05,0.0024115420528687537,7.499999999999174e-05,0.10749833297450095,9.700000000001374e-05,0,0
0.016972084005828947,6.60000000000105e-05,0.012574499996844679,8.500000000000174e-05,0.0333089999621734,4.399999999998849e-05,0.0020984169677831233,7.40000000000185e-05,0.10658049996709451,8.900000000000574e-05,0,0
0.017835459031630307,6.0000000000004494e-05,0.008983333013020456,7.40000000000185e-05,0.035898542031645775,5.999999999994898e-05,0.002092165988869965,7.699999999999374e-05,0.11119808297371492,8.20000000000265e-05,0,0
Average,0.01754243380855769,6.720000000001169e-05,0.011634516599588095,8.55999999999968e-05,0.0352538333972916,4.679999999998019e-05,0.002161291614174843,7.540000000000324e-05,0.1103873495827429,9.400000000000519e-05,0.0,0.0
