CreateTableRealTime,CreateTableCPUTime,LoadDataRealTime,LoadDataCPUTime,CreateIndexRealTime,CreateIndexCPUTime,AnalyzeRealTime,AnalyzeCPUTime,ExecuteQueryRealTime,ExecuteQueryCPUTime,WriteResultRealTime,WriteResultCPUTime
0.01489698999967004,0.00015819999999999723,0.0053013299998383445,0.0002754999999999841,0.03858484300008058,0.00011900000000003574,0.0021546650000345835,0.00012230000000001962,0.07657066000001578,0.00010890000000002287,0.0018037999998341547,0.00011260000000001824
0.01441173200009871,0.00017020000000000923,0.005099304000395932,0.00018009999999996085,0.03914989600025365,0.00010310000000002262,0.0020919539997521497,0.00012000000000000899,0.05581437199998618,0.00010830000000000561,0.0015573759997096204,0.000109600000000043
Average,0.014654360999884375,0.00016420000000000323,0.005200317000117138,0.00022779999999997247,0.038867369500167115,0.00011105000000002918,0.0021233094998933666,0.0001211500000000143,0.06619251600000098,0.00010860000000001424,0.0016805879997718876,0.00011110000000003062
