CreateTableRealTime,CreateTableCPUTime,LoadDataRealTime,LoadDataCPUTime,CreateIndexRealTime,CreateIndexCPUTime,AnalyzeRealTime,AnalyzeCPUTime,ExecuteQueryRealTime,ExecuteQueryCPUTime,WriteResultRealTime,WriteResultCPUTime
0.0015895420219749212,0.00037599999999998746,0.0009357079979963601,0.0008009999999999962,0.0003476669662632048,0.0003849999999999687,5.4333009757101536e-05,8.299999999999974e-05,0.0007212499622255564,0.0010740000000000194,0.0003191250143572688,0.00048199999999998244
0.0004056670004501939,0.00037799999999998946,0.0007991669699549675,0.0008159999999999834,0.0003848750493489206,0.0005459999999999909,5.541701102629304e-05,6.80000000000125e-05,0.000655125011689961,0.0009029999999999871,0.0004635410150513053,0.0006939999999999724
0.0003599580377340317,0.00032799999999999496,0.0008555829990655184,0.0008029999999999982,0.00046854198444634676,0.0004469999999999752,7.241597631946206e-05,9.900000000001574e-05,0.0006541250040754676,0.0008459999999999579,0.0004586249706335366,0.0006960000000000299
0.0003315419889986515,0.0003329999999999722,0.0007487920229323208,0.0007829999999999782,0.0004242919967509806,0.00044399999999999995,5.633296677842736e-05,6.899999999998574e-05,0.0006986659718677402,0.001040000000000041,0.0004493330488912761,0.0006539999999999879
0.0003613329608924687,0.0003330000000000277,0.0008023330010473728,0.0008269999999999667,0.0003464589826762676,0.00038799999999999946,4.858302418142557e-05,6.899999999998574e-05,0.0006706249550916255,0.0008600000000000274,0.0004392910050228238,0.0006480000000000374
Average,0.0006096084020100534,0.00034959999999999435,0.000828316598199308,0.0008059999999999845,0.0003943669958971441,0.00044199999999998684,5.741639761254191e-05,7.75999999999999e-05,0.0006799581809900701,0.0009446000000000066,0.00042598301079124214,0.000634800000000002
