CreateTableRealTime,CreateTableCPUTime,LoadDataRealTime,LoadDataCPUTime,CreateIndexRealTime,CreateIndexCPUTime,AnalyzeRealTime,AnalyzeCPUTime,ExecuteQueryRealTime,ExecuteQueryCPUTime,WriteResultRealTime,WriteResultCPUTime
0.0003233749885112047,0.0003289999999999682,0.001967832969967276,0.001996999999999971,0.000732958025764674,0.0007830000000000337,7.291696965694427e-05,9.100000000000774e-05,0.001038457965478301,0.0014080000000000203,0.0005745419766753912,0.0009620000000000184
0.0003825420280918479,0.00034600000000001296,0.00188979203812778,0.0019080000000000208,0.0007470419513992965,0.0007960000000000189,9.483302710577846e-05,0.00012299999999998423,0.0009683339740149677,0.0012829999999999786,0.0006861659931018949,0.0006950000000000012
0.00035620800917968154,0.0003470000000000417,0.0019702499848790467,0.0021110000000000295,0.0008867079741321504,0.0008760000000000434,7.379200542345643e-05,8.900000000000574e-05,0.0009803749853745103,0.0012729999999999686,0.0006677909987047315,0.0010610000000000341
0.00038170802872627974,0.00036199999999997345,0.0018960830057039857,0.0019180000000000308,0.0007319169817492366,0.0007929999999999882,7.095799082890153e-05,9.799999999998699e-05,0.0009567500092089176,0.0012960000000000194,0.000697457988280803,0.0010910000000000086
0.00038466695696115494,0.0003770000000000162,0.0019222500268369913,0.0023100000000000342,0.0007387080113403499,0.0007839999999999514,6.229197606444359e-05,8.700000000000374e-05,0.0009672080050222576,0.001485000000000014,0.0006991250556893647,0.0011079999999999979
Average,0.0003657000022940338,0.0003522000000000025,0.0019292416051030158,0.0020488000000000173,0.0007674665888771415,0.0008064000000000071,7.495839381590485e-05,9.759999999999768e-05,0.0009822249878197909,0.0013490000000000002,0.0006650164024904371,0.000983400000000012
