CreateTableRealTime,CreateTableCPUTime,LoadDataRealTime,LoadDataCPUTime,CreateIndexRealTime,CreateIndexCPUTime,AnalyzeRealTime,AnalyzeCPUTime,ExecuteQueryRealTime,ExecuteQueryCPUTime,WriteResultRealTime,WriteResultCPUTime
0.01000000536441803,0.0,0.009999997913837433,0.020000000000000007,0.009999997913837433,0.0,0.0,0.0,0.01000000536441803,0.010000000000000009,0.0,0.0
0.01000000536441803,0.010000000000000002,0.009999997913837433,0.0,0.009999997913837433,0.010000000000000002,0.0,0.0,0.0,0.0,0.01000000536441803,0.0
0.0,0.0,0.01000000536441803,0.01000000000000001,0.009999997913837433,0.0,0.0,0.0,0.009999997913837433,0.01000000000000001,0.0,0.0
Average,0.0066666702429453535,0.003333333333333334,0.010000000397364298,0.010000000000000007,0.009999997913837433,0.003333333333333334,0.0,0.0,0.0066666677594184875,0.006666666666666672,0.0033333351214726767,0.0
