CreateTableRealTime,CreateTableCPUTime,LoadDataRealTime,LoadDataCPUTime,CreateIndexRealTime,CreateIndexCPUTime,AnalyzeRealTime,AnalyzeCPUTime,ExecuteQueryRealTime,ExecuteQueryCPUTime,WriteResultRealTime,WriteResultCPUTime
0.000357625016476959,0.0003370000000000317,0.0015946669736877084,0.0013819999999999943,0.0005282920319586992,0.0005590000000000317,5.758303450420499e-05,7.80000000000225e-05,0.0007515829638577998,0.0008799999999999919,0.00035308400401845574,0.0003890000000000282
0.00030499999411404133,0.0003090000000000037,0.0012747920118272305,0.0012960000000000194,0.0004427910316735506,0.0004970000000000252,4.754203837364912e-05,5.900000000003125e-05,0.0008153750095516443,0.0012910000000000421,0.0005167089984752238,0.0008679999999999799
0.0004112499882467091,0.00040599999999996195,0.0013153330073691905,0.0013920000000000043,0.0004597500083036721,0.0004989999999999717,4.962499951943755e-05,6.100000000003325e-05,0.0007247499888762832,0.0010649999999999826,0.0005135000101290643,0.0008750000000000147
0.00038079096702858806,0.0003370000000000317,0.0013162089744582772,0.0013029999999999986,0.0005649999948218465,0.0005850000000000022,7.950002327561378e-05,0.0001060000000000505,0.0007313329842872918,0.0008759999999999879,0.0005140419816598296,0.0008099999999999774
0.00032016600016504526,0.0003209999999999602,0.0013422080082818866,0.0014530000000000376,0.0004282920272089541,0.0004709999999999992,4.637503297999501e-05,6.60000000000105e-05,0.0006928329821676016,0.0011709999999999776,0.000518375018145889,0.0008019999999999694
Average,0.00035496639320626856,0.00034199999999999785,0.0013686417951248586,0.0013652000000000108,0.0004848250187933445,0.000522200000000006,5.612502573058009e-05,7.40000000000296e-05,0.0007431747857481241,0.0010565999999999965,0.0004831420024856925,0.0007487999999999939
