CreateTableRealTime,CreateTableCPUTime,LoadDataRealTime,LoadDataCPUTime,CreateIndexRealTime,CreateIndexCPUTime,AnalyzeRealTime,AnalyzeCPUTime,ExecuteQueryRealTime,ExecuteQueryCPUTime,WriteResultRealTime,WriteResultCPUTime
0.005568358999880729,0.0008432999999999913,0.009436455000013666,0.006153599999999981,0.0061132430000725435,0.0018148000000000053,0.0004754589999720338,0.0006861999999999702,0.007785777999743004,0.0048607999999999985,0.0011347959998602164,0.0012345000000000272
0.005742261999785114,0.0014201999999999826,0.008037657999921066,0.0036933000000000105,0.006911356999808049,0.002790299999999968,0.00040711399969950435,0.0005632000000000414,0.007435628000166616,0.005131200000000002,0.001385017999837146,0.0014584999999999737
Average,0.005655310499832922,0.001131749999999987,0.008737056499967366,0.004923449999999996,0.006512299999940296,0.0023025499999999866,0.00044128649983576906,0.0006247000000000058,0.00761070299995481,0.0049960000000000004,0.0012599069998486812,0.0013465000000000005
