CreateTableRealTime,CreateTableCPUTime,LoadDataRealTime,LoadDataCPUTime,CreateIndexRealTime,CreateIndexCPUTime,AnalyzeRealTime,AnalyzeCPUTime,ExecuteQueryRealTime,ExecuteQueryCPUTime,WriteResultRealTime,WriteResultCPUTime
0.009999997913837433,0.0,0.01000000536441803,0.009999999999999953,0.009999997913837433,0.0,0.0,0.0,0.0,0.010000000000000009,0.009999997913837433,0.0
0.009999997913837433,0.0,0.0,0.020000000000000004,0.009999997913837433,0.0,0.0,0.0,0.009999997913837433,0.0,0.0,0.009999999999999953
0.009999997913837433,0.01,0.01000000536441803,0.0,0.009999997913837433,0.010000000000000009,0.0,0.0,0.009999997913837433,0.0,0.0,0.0
Average,0.009999997913837433,0.0033333333333333335,0.0066666702429453535,0.009999999999999986,0.009999997913837433,0.003333333333333336,0.0,0.0,0.006666665275891622,0.003333333333333336,0.003333332637945811,0.003333333333333318
