CreateTableRealTime,CreateTableCPUTime,LoadDataRealTime,LoadDataCPUTime,CreateIndexRealTime,CreateIndexCPUTime,AnalyzeRealTime,AnalyzeCPUTime,ExecuteQueryRealTime,ExecuteQueryCPUTime,WriteResultRealTime,WriteResultCPUTime
0.0003774579963646829,0.00034600000000001296,0.0027890410274267197,0.00257099999999999,0.001090542005840689,0.0011339999999999684,7.504201494157314e-05,9.999999999998899e-05,0.0012470830115489662,0.0017919999999999603,0.0007460839697159827,0.0007789999999999742
0.0004006249946542084,0.0003769999999999607,0.002541332971304655,0.0025680000000000147,0.001108375028707087,0.0011390000000000011,6.0166988987475634e-05,7.40000000000185e-05,0.0010734169627539814,0.0014159999999999728,0.000851666962262243,0.0013980000000000103
0.00035725004272535443,0.0003489999999999882,0.0026039580116048455,0.0025710000000000455,0.0011442079558037221,0.0011809999999999876,7.429101970046759e-05,9.799999999998699e-05,0.0010685839806683362,0.0012090000000000156,0.0008166669867932796,0.0008140000000000369
0.00037949997931718826,0.0003489999999999882,0.0025882089976221323,0.002603999999999995,0.001096084015443921,0.0011390000000000011,5.891598993912339e-05,7.299999999998974e-05,0.0011648329673334956,0.00192500000000001,0.0008827080018818378,0.001468999999999998
0.00035366701195016503,0.0003569999999999962,0.002646957989782095,0.002686999999999995,0.0011132919462397695,0.0011359999999999704,6.25409884378314e-05,9.500000000001174e-05,0.0011592090013436973,0.0015209999999999946,0.0008949170005507767,0.001497000000000026
Average,0.0003737000050023198,0.00035559999999998924,0.0026338997995480895,0.0026002000000000082,0.0011105001904070377,0.0011457999999999857,6.619140040129424e-05,8.799999999999918e-05,0.0011426251847296953,0.0015725999999999906,0.000838408584240824,0.0011914000000000091
