CreateTableRealTime,CreateTableCPUTime,LoadDataRealTime,LoadDataCPUTime,CreateIndexRealTime,CreateIndexCPUTime,AnalyzeRealTime,AnalyzeCPUTime,ExecuteQueryRealTime,ExecuteQueryCPUTime,WriteResultRealTime,WriteResultCPUTime
0.005629116999898542,0.0010499999999999954,0.00793058099998234,0.0037094000000000293,0.006630269000197586,0.002236099999999963,0.00047789700010980596,0.0006354000000000082,0.009500859000127093,0.004473800000000028,0.001501280000411498,0.0022443999999999797
0.005937170999914088,0.0015278000000000236,0.008294805999867094,0.0037193000000000365,0.0061044920003041625,0.001449900000000004,0.0003705069998432009,0.0004755000000000176,0.00851656799977718,0.005670000000000008,0.0016022400000110792,0.002459900000000015
Average,0.005783143999906315,0.0012889000000000095,0.008112693499924717,0.003714350000000033,0.006367380500250874,0.0018429999999999835,0.00042420199997650343,0.0005554500000000129,0.009008713499952137,0.005071900000000018,0.0015517600002112886,0.0023521499999999973
