CreateTableRealTime,CreateTableCPUTime,LoadDataRealTime,LoadDataCPUTime,CreateIndexRealTime,CreateIndexCPUTime,AnalyzeRealTime,AnalyzeCPUTime,ExecuteQueryRealTime,ExecuteQueryCPUTime,WriteResultRealTime,WriteResultCPUTime
0.00032854097662493587,0.00033400000000000096,0.0018082500318996608,0.0017469999999999986,0.0005464590503834188,0.0006019999999999914,7.966702105477452e-05,9.700000000001374e-05,0.0008936660015024245,0.0014299999999999868,0.00044904195237904787,0.0007269999999999777
0.0003623750526458025,0.0003469999999999862,0.0015599170001223683,0.0015660000000000118,0.000590332958381623,0.0006869999999999932,6.695900810882449e-05,8.60000000000305e-05,0.0008997500408440828,0.0012490000000000001,0.000608084024861455,0.0008889999999999731
0.0003684160183183849,0.0003469999999999862,0.001647625002078712,0.0015740000000000198,0.0005919170216657221,0.0006750000000000367,6.84579717926681e-05,8.399999999997299e-05,0.0008823749958537519,0.0012750000000000261,0.0005869159940630198,0.0005959999999999854
0.0003606250393204391,0.0003509999999999902,0.001618624955881387,0.0016209999999999836,0.000565416004974395,0.0008960000000000079,7.108401041477919e-05,9.799999999998699e-05,0.0008721249760128558,0.0012719999999999954,0.0005982080474495888,0.0010169999999999901
0.00036999996518716216,0.00034400000000001096,0.0015245000249706209,0.0017920000000000158,0.0005890000029467046,0.0006539999999999879,5.858304211869836e-05,7.100000000004325e-05,0.0008160410216078162,0.0009460000000000024,0.0006331659969873726,0.0009109999999999951
Average,0.0003579914104193449,0.00034459999999999493,0.0016317834029905497,0.0016600000000000059,0.0005766250076703727,0.0007028000000000034,6.895021069794894e-05,8.720000000000949e-05,0.0008727914071641862,0.0012344000000000022,0.0005750832031480968,0.0008279999999999843
