CreateTableRealTime,CreateTableCPUTime,LoadDataRealTime,LoadDataCPUTime,CreateIndexRealTime,CreateIndexCPUTime,AnalyzeRealTime,AnalyzeCPUTime,ExecuteQueryRealTime,ExecuteQueryCPUTime,WriteResultRealTime,WriteResultCPUTime
0.00037983403308317065,0.00036000000000002697,0.0020905829733237624,0.00189499999999998,0.0008867919677868485,0.0008090000000000042,0.00011858402285724878,0.00011100000000002774,0.0010473330039530993,0.001587000000000005,0.0005435000057332218,0.0009200000000000319
0.0004098750068806112,0.00038199999999999346,0.0019384589977562428,0.0019689999999999985,0.0006747079896740615,0.0007429999999999937,0.00011950003681704402,0.00012000000000000899,0.0011635409900918603,0.0017060000000000408,0.000679749995470047,0.0010859999999999759
0.0003777089877985418,0.00034400000000001096,0.0018978749867528677,0.0019199999999999773,0.0007516670157201588,0.0007730000000000237,6.020901491865516e-05,7.500000000004725e-05,0.0009557500015944242,0.0014560000000000128,0.0006355419754981995,0.0006690000000000307
0.00035429198760539293,0.00034200000000000896,0.001901041017845273,0.001917000000000002,0.000767042045481503,0.0008300000000000529,5.691696424037218e-05,7.299999999998974e-05,0.0009591660345904529,0.0014680000000000248,0.0006567080272361636,0.0006870000000000487
0.0003405419993214309,0.00034000000000000696,0.0019299169653095305,0.0019549999999999845,0.000786209013313055,0.0007949999999999902,6.587500683963299e-05,8.00000000000245e-05,0.0008977500256150961,0.001361000000000001,0.0006709580193273723,0.0010640000000000094
Average,0.0003724504029378295,0.00035360000000000946,0.0019515749881975353,0.0019311999999999884,0.0007732836063951253,0.0007900000000000129,8.421700913459062e-05,9.180000000001965e-05,0.0010047080111689865,0.0015156000000000169,0.0006372916046530009,0.0008852000000000193
