CreateTableRealTime,CreateTableCPUTime,LoadDataRealTime,LoadDataCPUTime,CreateIndexRealTime,CreateIndexCPUTime,AnalyzeRealTime,AnalyzeCPUTime,ExecuteQueryRealTime,ExecuteQueryCPUTime,WriteResultRealTime,WriteResultCPUTime
0.005666454000220256,0.0017220000000000013,0.00802593699972931,0.0035845999999999933,0.006043601999863313,0.0014766999999999975,0.00033721199997671647,0.00045669999999997657,0.007794800999818108,0.006109599999999993,0.001061336000020674,0.0011508000000000074
0.00552862999984427,0.0007295999999999969,0.008130836999953317,0.004430099999999992,0.005937201000051573,0.0017843000000000164,0.00028489599981185165,0.00031569999999997433,0.007371620999947481,0.0038851999999999776,0.0010645319998729974,0.0011440000000000339
Average,0.005597542000032263,0.0012257999999999991,0.008078386999841314,0.004007349999999993,0.005990401499957443,0.001630500000000007,0.00031105399989428406,0.00038619999999997545,0.007583210999882795,0.004997399999999985,0.0010629339999468357,0.0011474000000000206
