CreateTableRealTime,CreateTableCPUTime,LoadDataRealTime,LoadDataCPUTime,CreateIndexRealTime,CreateIndexCPUTime,AnalyzeRealTime,AnalyzeCPUTime,ExecuteQueryRealTime,ExecuteQueryCPUTime,WriteResultRealTime,WriteResultCPUTime
0.01000000536441803,0.0,0.009999997913837433,0.009999999999999953,0.0,0.0,0.0,0.0,0.0,0.0,0.0,0.0
0.01000000536441803,0.0,0.009999997913837433,0.010000000000000009,0.0,0.0,0.0,0.0,0.009999997913837433,0.0,0.0,0.0
0.019999995827674866,0.0,0.0,0.0,0.01000000536441803,0.0,0.0,0.0,0.009999997913837433,0.009999999999999995,0.0,0.0
Average,0.013333335518836975,0.0,0.006666665275891622,0.006666666666666654,0.0033333351214726767,0.0,0.0,0.0,0.006666665275891622,0.003333333333333332,0.0,0.0
