CreateTableRealTime,CreateTableCPUTime,LoadDataRealTime,LoadDataCPUTime,CreateIndexRealTime,CreateIndexCPUTime,AnalyzeRealTime,AnalyzeCPUTime,ExecuteQueryRealTime,ExecuteQueryCPUTime,WriteResultRealTime,WriteResultCPUTime
0.000365958025213331,0.0003429999999999822,0.0013325830223038793,0.0010080000000000089,0.0004249999765306711,0.0005200000000000204,5.662499461323023e-05,6.899999999998574e-05,0.007481540960725397,0.01571100000000003,0.0007235000375658274,0.0007599999999999829
0.00036829098826274276,0.00034600000000001296,0.0010194579954259098,0.0009640000000000204,0.0004261250142008066,0.0004689999999999972,6.641697837039828e-05,8.60000000000305e-05,0.00715212500654161,0.00980399999999998,0.0009278749930672348,0.0009659999999999669
0.00035800004843622446,0.0003630000000000022,0.0010153750190511346,0.0011809999999999876,0.00038333400152623653,0.0004129999999999967,7.108296267688274e-05,8.999999999997899e-05,0.0072927079745568335,0.010516999999999999,0.0008311659912578762,0.001352999999999993
0.0003827909822575748,0.00035800000000002496,0.0009519579471088946,0.0009730000000000016,0.0003632080042734742,0.00041800000000002946,6.70420122332871e-05,8.299999999999974e-05,0.00729400001000613,0.009421000000000013,0.0008988340268842876,0.0015929999999999556
0.0003575420123524964,0.00034399999999995545,0.0010515839676372707,0.001214999999999966,0.00044170900946483016,0.00044000000000005146,6.53750030323863e-05,8.900000000000574e-05,0.007418791006784886,0.008612999999999982,0.0009327909792773426,0.0009699999999999709
Average,0.0003665164113044739,0.00035079999999999557,0.0010741915903054178,0.001068199999999997,0.0004078752011992037,0.00045200000000001906,6.530839018523694e-05,8.340000000000014e-05,0.007327832991722971,0.0108132,0.0008628332056105137,0.0011283999999999739
