CreateTableRealTime,CreateTableCPUTime,LoadDataRealTime,LoadDataCPUTime,CreateIndexRealTime,CreateIndexCPUTime,AnalyzeRealTime,AnalyzeCPUTime,ExecuteQueryRealTime,ExecuteQueryCPUTime,WriteResultRealTime,WriteResultCPUTime
0.000338749960064888,0.0003370000000000317,0.0011405829573050141,0.0010499999999999954,0.00035812496207654476,0.0004470000000000307,5.720899207517505e-05,7.199999999996098e-05,0.007441208988893777,0.010429000000000022,0.0006872089579701424,0.0007170000000000232
0.0003720830427482724,0.00035399999999996545,0.0009459579596295953,0.0010370000000000101,0.0004064170061610639,0.0005649999999999822,5.9542013332247734e-05,7.299999999998974e-05,0.006901166983880103,0.015755999999999992,0.0008988340268842876,0.001564999999999983
0.0003678750363178551,0.0003509999999999902,0.0009343749843537807,0.0009290000000000131,0.0004253750084899366,0.00041999999999997595,7.641600677743554e-05,9.900000000001574e-05,0.00635974999750033,0.006958999999999993,0.0008997500408440828,0.0009490000000000332
0.0003619999624788761,0.0003469999999999862,0.000930249982047826,0.0009440000000000004,0.00040091597475111485,0.0004289999999999572,7.570796879008412e-05,9.300000000000974e-05,0.00650908297393471,0.009524000000000032,0.001084082992747426,0.0009279999999999844
0.00036708300467580557,0.0003569999999999962,0.0009264160180464387,0.0010120000000000129,0.00033587496727705,0.00035600000000002296,5.820899968966842e-05,7.40000000000185e-05,0.00767604197608307,0.015471000000000013,0.0008292089914903045,0.0008599999999999719
Average,0.0003615582012571394,0.00034919999999999396,0.000975516380276531,0.0009944000000000064,0.000385341583751142,0.0004433999999999938,6.541679613292217e-05,8.219999999999894e-05,0.006977450184058398,0.011627800000000011,0.0008798170019872487,0.0010037999999999991
