CreateTableRealTime,CreateTableCPUTime,LoadDataRealTime,LoadDataCPUTime,CreateIndexRealTime,CreateIndexCPUTime,AnalyzeRealTime,AnalyzeCPUTime,ExecuteQueryRealTime,ExecuteQueryCPUTime,WriteResultRealTime,WriteResultCPUTime
0.005681670999820199,0.0008543999999999774,0.007694288000038796,0.004306199999999982,0.006028142000104708,0.001291399999999998,0.0004904209999949671,0.0006515999999999744,0.019321418000345147,0.02944030000000003,0.0014021920001141552,0.0014856999999999787
0.005931060999955662,0.0013109000000000037,0.007233927000015683,0.0036172000000000426,0.005592918999809626,0.0011400999999999772,0.00044001800006299163,0.0005898999999999766,0.017613291000088793,0.02605940000000001,0.0013922059997639735,0.001591499999999968
Average,0.00580636599988793,0.0010826499999999906,0.0074641075000272394,0.0039617000000000124,0.005810530499957167,0.0012157499999999877,0.0004652195000289794,0.0006207499999999755,0.01846735450021697,0.02774985000000002,0.0013971989999390644,0.0015385999999999733
