CreateTableRealTime,CreateTableCPUTime,LoadDataRealTime,LoadDataCPUTime,CreateIndexRealTime,CreateIndexCPUTime,AnalyzeRealTime,AnalyzeCPUTime,ExecuteQueryRealTime,ExecuteQueryCPUTime,WriteResultRealTime,WriteResultCPUTime
0.0003573329886421561,0.0003509999999999902,0.0009938750299625099,0.0010069999999999801,0.0003713340265676379,0.0004089999999999927,8.27079638838768e-05,0.00011400000000000299,0.0027006249874830246,0.003687999999999969,0.0007479169871658087,0.0011650000000000271
0.0003707080031745136,0.0003529999999999922,0.0010400000028312206,0.0010150000000000436,0.00043062499025836587,0.0004709999999999992,6.966700311750174e-05,8.40000000000285e-05,0.0026219580322504044,0.003796999999999995,0.0008674999698996544,0.0015410000000000146
0.0003729590098373592,0.00036999999999998145,0.0009719590307213366,0.0009890000000000176,0.00043045799247920513,0.00040800000000001946,6.225000834092498e-05,9.099999999995223e-05,0.004299958003684878,0.006215999999999999,0.0009072499815374613,0.0014739999999999753
0.00036812498001381755,0.00035400000000002096,0.0010068750125356019,0.0011670000000000291,0.0003587499959394336,0.0003670000000000062,7.154198829084635e-05,9.999999999998899e-05,0.0028080829652026296,0.005731000000000042,0.0008588339551351964,0.0014210000000000056
0.0003701249952428043,0.00034400000000001096,0.001013083034195006,0.0009959999999999969,0.0003580840420909226,0.0004230000000000067,5.2333984058350325e-05,6.899999999998574e-05,0.002630750008393079,0.003485000000000016,0.000865457986947149,0.0015270000000000006
Average,0.00036784999538213014,0.0003543999999999992,0.001005158422049135,0.0010348000000000134,0.000389850209467113,0.00041560000000000484,6.770018953830003e-05,9.159999999999168e-05,0.003012274799402803,0.004583400000000004,0.0008493917761370539,0.0014256000000000047
