CreateTableRealTime,CreateTableCPUTime,LoadDataRealTime,LoadDataCPUTime,CreateIndexRealTime,CreateIndexCPUTime,AnalyzeRealTime,AnalyzeCPUTime,ExecuteQueryRealTime,ExecuteQueryCPUTime,WriteResultRealTime,WriteResultCPUTime
0.0003500829916447401,0.00033400000000000096,0.0009013750241138041,0.0006289999999999907,0.000330084003508091,0.0003650000000000042,5.608401261270046e-05,6.899999999998574e-05,0.0026327500236220658,0.0040899999999999825,0.00038029096322134137,0.0004070000000000462
0.00036091700894758105,0.0003630000000000022,0.0006274589686654508,0.0006470000000000087,0.0003582499921321869,0.00042000000000003146,5.487498128786683e-05,7.099999999998774e-05,0.002748292055912316,0.003823999999999994,0.0005579999997280538,0.0009239999999999804
0.00037883303593844175,0.0003589999999999982,0.0006721660029143095,0.0006749999999999812,0.000343833991792053,0.00037999999999999146,4.958297358825803e-05,6.60000000000105e-05,0.002568333991803229,0.0036920000000000286,0.0006071249954402447,0.0009709999999999996
0.00038791599217802286,0.0003709999999999547,0.0005991249927319586,0.0006039999999999934,0.00038649997441098094,0.0004089999999999927,7.683300646021962e-05,0.00010300000000001974,0.0025497919996269047,0.0036920000000000286,0.0005711250123567879,0.0008170000000000122
0.0003702499670907855,0.0003489999999999882,0.0005904999561607838,0.0005830000000000002,0.00033549999352544546,0.00036599999999997745,5.199998850002885e-05,7.20000000000165e-05,0.002497042005416006,0.0037880000000000136,0.0005109580233693123,0.0005389999999999562
Average,0.00036959979915991427,0.00035519999999998885,0.0006781249889172613,0.0006275999999999949,0.00035083359107375146,0.00038799999999999946,5.787499248981476e-05,7.620000000000405e-05,0.002599242015276104,0.0038172000000000093,0.0005254997988231481,0.0007315999999999989
