CreateTableRealTime,CreateTableCPUTime,LoadDataRealTime,LoadDataCPUTime,CreateIndexRealTime,CreateIndexCPUTime,AnalyzeRealTime,AnalyzeCPUTime,ExecuteQueryRealTime,ExecuteQueryCPUTime,WriteResultRealTime,WriteResultCPUTime
0.0,0.0,0.01000000536441803,0.0,0.009999997913837433,0.0,0.0,0.0,0.009999997913837433,0.04000000000000002,0.0,0.0
0.0,0.01000000000000001,0.009999997913837433,0.0,0.01000000536441803,0.0,0.0,0.0,0.009999997913837433,0.020000000000000018,0.0,0.009999999999999955
0.0,0.0,0.01000000536441803,0.0,0.0,0.010000000000000009,0.0,0.0,0.009999997913837433,0.020000000000000004,0.0,0.0
Average,0.0,0.003333333333333337,0.010000002880891165,0.0,0.0066666677594184875,0.003333333333333336,0.0,0.0,0.009999997913837433,0.026666666666666682,0.0,0.0033333333333333184
