CreateTableRealTime,CreateTableCPUTime,LoadDataRealTime,LoadDataCPUTime,CreateIndexRealTime,CreateIndexCPUTime,AnalyzeRealTime,AnalyzeCPUTime,ExecuteQueryRealTime,ExecuteQueryCPUTime,WriteResultRealTime,WriteResultCPUTime
0.00031100003980100155,0.0003189999999999582,0.0009408339974470437,0.0008440000000000114,0.00033241702476516366,0.00038399999999999546,7.225002627819777e-05,0.00010399999999999299,0.005203957960475236,0.01259400000000005,0.0006563749630004168,0.0009799999999999809
0.00035508396103978157,0.00035799999999996945,0.0008637920254841447,0.0008839999999999959,0.0004064999520778656,0.0006039999999999934,6.483396282419562e-05,8.199999999997098e-05,0.005123624985571951,0.007535999999999987,0.0007891249842941761,0.0013900000000000023
0.00037108297692611814,0.00035399999999996545,0.0008849999867379665,0.0008839999999999959,0.0004430420231074095,0.0006369999999999987,7.887504762038589e-05,0.00010100000000001774,0.0052841659635305405,0.006749000000000005,0.0007230840274132788,0.0007530000000000037
0.00036808400182053447,0.00034399999999995545,0.001010957988910377,0.0009140000000000259,0.0003743330016732216,0.0005550000000000277,6.23750383965671e-05,9.199999999998099e-05,0.005228042020462453,0.010605999999999949,0.0007656250381842256,0.0011990000000000056
0.0003517500008456409,0.00034800000000001496,0.0008684580097906291,0.0010840000000000294,0.00035741698229685426,0.0004129999999999967,7.25829740986228e-05,0.0001020000000000465,0.005189749994315207,0.007726000000000011,0.0007451249985024333,0.0011940000000000284
Average,0.00035140019608661535,0.0003445999999999727,0.0009138084016740323,0.0009220000000000117,0.0003827417967841029,0.0005186000000000024,7.018340984359384e-05,9.620000000000184e-05,0.005205908184871077,0.0090422,0.0007358668022789061,0.0011032000000000043
