CreateTableRealTime,CreateTableCPUTime,LoadDataRealTime,LoadDataCPUTime,CreateIndexRealTime,CreateIndexCPUTime,AnalyzeRealTime,AnalyzeCPUTime,ExecuteQueryRealTime,ExecuteQueryCPUTime,WriteResultRealTime,WriteResultCPUTime
0.000330084003508091,0.00033400000000000096,0.0013154590269550681,0.0012869999999999826,0.0003899160074070096,0.0004629999999999912,6.033398676663637e-05,7.599999999996498e-05,0.008513792010489851,0.01771900000000004,0.0008123329607769847,0.0008389999999999787
0.00035691697848960757,0.00035799999999996945,0.0011071249609813094,0.0011270000000000446,0.0004445419763214886,0.0005149999999999877,6.612500874325633e-05,8.700000000000374e-05,0.008408458030316979,0.010533000000000015,0.0010682920110411942,0.0009739999999999749
0.0003510829992592335,0.0003430000000000377,0.001126707997173071,0.0011220000000000119,0.00039849994936957955,0.0004310000000000147,6.36249897070229e-05,8.500000000000174e-05,0.008864208008162677,0.021347000000000005,0.000991709006484598,0.0016510000000000136
0.00039091601502150297,0.00039800000000000946,0.0012463750317692757,0.001338999999999979,0.0003655410255305469,0.0005189999999999917,4.679197445511818e-05,6.40000000000085e-05,0.008507209015078843,0.010114999999999985,0.0010376659920439124,0.0010290000000000021
0.0006279170047491789,0.00039000000000000146,0.0013127499842084944,0.0011819999999999609,0.00042054097866639495,0.00047800000000003395,7.616705261170864e-05,9.900000000001574e-05,0.008804000040981919,0.01065900000000003,0.0009988329838961363,0.0010390000000000121
Average,0.0004113834002055228,0.0003646000000000038,0.0012216834002174437,0.0012113999999999957,0.00040380798745900395,0.00048120000000000384,6.260860245674849e-05,8.219999999999894e-05,0.008619533421006053,0.014074600000000015,0.0009817665908485652,0.0011063999999999963
