CreateTableRealTime,CreateTableCPUTime,LoadDataRealTime,LoadDataCPUTime,CreateIndexRealTime,CreateIndexCPUTime,AnalyzeRealTime,AnalyzeCPUTime,ExecuteQueryRealTime,ExecuteQueryCPUTime,WriteResultRealTime,WriteResultCPUTime
0.0003415420069359243,0.00031200000000003447,0.0007838329765945673,0.0007659999999999889,0.00033320800866931677,0.00044600000000000195,6.725004641339183e-05,8.700000000000374e-05,0.0024079580325633287,0.005081000000000002,0.0003741669934242964,0.0005850000000000022
0.00035991601180285215,0.00033400000000000096,0.0006327080191113055,0.0006129999999999747,0.0004639169783331454,0.0004630000000000467,6.741599645465612e-05,8.399999999997299e-05,0.0028021660400554538,0.003574999999999995,0.0005072499625384808,0.0007560000000000344
0.00036150001687929034,0.00032999999999999696,0.0005755830206908286,0.0005529999999999702,0.00033879204420372844,0.0003509999999999902,4.7667010221630335e-05,6.100000000003325e-05,0.0022656669607385993,0.002821999999999991,0.000534249993506819,0.0007929999999999882
0.0004087499692104757,0.0003769999999999607,0.0006430000066757202,0.0006090000000000262,0.00040079100290313363,0.0003989999999999827,6.537494482472539e-05,8.599999999997499e-05,0.0024608750245533884,0.005265999999999993,0.0004729999927803874,0.0008009999999999962
0.0003890420193783939,0.00035400000000002096,0.0006325830472633243,0.0006059999999999954,0.00034716696245595813,0.00036999999999998145,7.833295967429876e-05,9.900000000001574e-05,0.003223333042114973,0.005128000000000021,0.0004836670123040676,0.0007999999999999674
Average,0.0003721500048413873,0.0003414000000000028,0.0006535414140671492,0.0006293999999999911,0.0003767749993130565,0.0004058000000000006,6.520819151774049e-05,8.340000000000014e-05,0.0026319998200051487,0.0043744000000000005,0.00047446679091081025,0.0007469999999999977
