LoadRulesRealTime,LoadRulesCPUTime,LoadFactsRealTime,LoadFactsCPUTime,QueryRealTime,QueryCPUTime,WriteRealTime,WriteCPUTime
0.000932931900024414,0.000540000000000001,0.000488042831420898,0.000311000000000001,0.000138044357299805,0.000127,0.0016331672668457049,0.0014060000000000001
0.000904083251953125,0.000538,0.000498056411743164,0.000311000000000001,0.000137090682983398,0.000128,0.001592874526977542,0.0013579999999999998
0.000922918319702148,0.000550999999999999,0.00049901008605957,0.000315000000000001,0.000138998031616211,0.000128999999999999,0.001583814620971679,0.0013630000000000011
0.000946998596191406,0.000541,0.000530004501342773,0.000309,0.000144004821777344,0.000135999999999999,0.001593828201293946,0.001361000000000001
0.000926017761230469,0.000543999999999999,0.000490903854370117,0.000311000000000001,0.000137090682983398,0.000129000000000001,0.001617908477783202,0.001377999999999999
Average,0.0009265899658203123,0.0005427999999999997,0.0005012035369873043,0.0003114000000000008,0.0001390457153320312,0.0001297999999999998,0.0016043186187744147,0.0013732000000000002
