LoadRulesRealTime,LoadRulesCPUTime,LoadFactsRealTime,LoadFactsCPUTime,QueryRealTime,QueryCPUTime,WriteRealTime,WriteCPUTime
0.00331997871398926,0.00332,0.00421786308288574,0.003562,0.000308036804199219,0.000306000000000001,0.05027198791503908,0.050282
0.00351905822753906,0.003519,0.00354599952697754,0.003546,0.000329017639160156,0.000328000000000002,0.053294897079467746,0.053304
0.00345492362976074,0.002073,0.00348711013793945,0.00342899999999999,0.000319004058837891,0.000317999999999999,0.05146479606628421,0.051453
Average,0.003431320190429687,0.0029706666666666666,0.0037503242492675764,0.0035123333333333304,0.00031868616739908867,0.000317333333333334,0.05167722702026368,0.05167966666666666
