LoadRulesRealTime,LoadRulesCPUTime,LoadFactsRealTime,LoadFactsCPUTime,QueryRealTime,QueryCPUTime,WriteRealTime,WriteCPUTime
0.00092315673828125,0.000541,0.000509023666381836,0.000317000000000001,0.000140905380249023,0.000132999999999999,0.001571178436279297,0.001333000000000001
0.000972986221313477,0.000539999999999999,0.000522851943969727,0.000311000000000001,0.000138044357299805,0.000131000000000001,0.0016150474548339848,0.001358999999999999
0.000902175903320312,0.000543,0.000494956970214844,0.000310000000000001,0.000139951705932617,0.000130999999999999,0.001672983169555663,0.001387000000000001
0.000922918319702148,0.000541,0.000518083572387695,0.000314,0.000145912170410156,0.000134,0.001623153686523434,0.001401
0.000912904739379883,0.000546,0.00049901008605957,0.000312,0.00014185905456543,0.000132999999999999,0.0036830902099609397,0.001298000000000001
Average,0.0009268283843994141,0.0005421999999999998,0.0005087852478027344,0.0003128000000000006,0.0001413345336914062,0.0001323999999999996,0.0020330905914306635,0.0013556000000000002
