LoadRulesRealTime,LoadRulesCPUTime,LoadFactsRealTime,LoadFactsCPUTime,QueryRealTime,QueryCPUTime,WriteRealTime,WriteCPUTime
0.00116515159606934,0.000545,0.000864028930664062,0.00052,0.000336885452270508,0.000324,0.003463983535766602,0.003101
0.00116610527038574,0.000553,0.000853776931762695,0.000513,0.000336170196533203,0.000324,0.003467798233032227,0.003105
0.00115203857421875,0.000548,0.000985145568847656,0.000529999999999999,0.00033879280090332,0.000324,0.0034592151641845703,0.0030659999999999997
0.00117111206054688,0.000546999999999999,0.000866889953613281,0.000521000000000001,0.000334978103637695,0.000321,0.0036921501159667947,0.0033239999999999997
0.0011749267578125,0.000546000000000001,0.000864982604980469,0.000518999999999999,0.000355958938598633,0.000342,0.003448963165283207,0.003071
Average,0.001165866851806642,0.0005478,0.0008869647979736327,0.0005205999999999998,0.00034055709838867173,0.000327,0.0035064220428466806,0.0031334
