LoadRulesRealTime,LoadRulesCPUTime,LoadFactsRealTime,LoadFactsCPUTime,QueryRealTime,QueryCPUTime,WriteRealTime,WriteCPUTime
0.00348377227783203,0.003482,0.00362420082092285,0.003625,0.000356912612915039,0.000358000000000004,0.053800106048583964,0.053787999999999996
0.00409507751464844,0.002047,0.00430607795715332,0.004219,0.000447988510131836,0.000446999999999996,0.057711124420166064,0.057705000000000006
0.00341296195983887,0.003413,0.00339794158935547,0.003399,0.000374078750610352,0.000372999999999998,0.05061388015747075,0.05059
Average,0.003663937250773113,0.0029806666666666666,0.003776073455810547,0.0037476666666666665,0.00039299329121907567,0.000392666666666666,0.0540417035420736,0.05402766666666667
