LoadRulesRealTime,LoadRulesCPUTime,LoadFactsRealTime,LoadFactsCPUTime,QueryRealTime,QueryCPUTime,WriteRealTime,WriteCPUTime
0.000930070877075195,0.000541999999999999,0.000412940979003906,0.000217,6.29425048828125e-05,6.20000000000013e-05,0.0008251667022705075,0.0005999999999999997
0.000931024551391602,0.000541999999999999,0.000397920608520508,0.000214000000000001,7.10487365722656e-05,6.69999999999994e-05,0.0007998943328857424,0.0005920000000000005
0.000905036926269531,0.000541,0.000396966934204102,0.000211999999999999,6.38961791992188e-05,6.10000000000003e-05,0.0007760524749755862,0.0005899999999999987
0.000898838043212891,0.000540000000000001,0.00041508674621582,0.000234,6.38961791992188e-05,6.10000000000003e-05,0.0007979869842529293,0.0006060000000000007
0.000910043716430664,0.000543999999999999,0.000396013259887695,0.000215999999999999,6.29425048828125e-05,6.10000000000003e-05,0.0008080005645751955,0.0005970000000000007
Average,0.0009150028228759766,0.0005417999999999996,0.0004037857055664062,0.00021859999999999978,6.494522094726565e-05,6.240000000000031e-05,0.0008014202117919922,0.0005970000000000001
