LoadRulesRealTime,LoadRulesCPUTime,LoadFactsRealTime,LoadFactsCPUTime,QueryRealTime,QueryCPUTime,WriteRealTime,WriteCPUTime
0.00117206573486328,0.000548,0.000868082046508789,0.000517,0.000342845916748047,0.000331,0.003457069396972653,0.003072
0.00115680694580078,0.000547000000000001,0.000858068466186523,0.000517999999999999,0.000337123870849609,0.000323,0.003445863723754881,0.003074
0.0011599063873291,0.000553,0.000854969024658203,0.000518000000000001,0.000334978103637695,0.000321,0.003484010696411135,0.0031279999999999997
0.00115108489990234,0.000544999999999999,0.000890970230102539,0.000554000000000001,0.000339031219482422,0.000323,0.003526926040649418,0.00314
0.00117993354797363,0.000549000000000001,0.000859975814819336,0.000517,0.000343084335327148,0.000326999999999999,0.003445863723754882,0.003062000000000001
Average,0.001163959503173826,0.0005484000000000002,0.0008664131164550781,0.0005248000000000003,0.0003394126892089842,0.0003249999999999998,0.0034719467163085937,0.0030952
