LoadRulesRealTime,LoadRulesCPUTime,LoadFactsRealTime,LoadFactsCPUTime,QueryRealTime,QueryCPUTime,WriteRealTime,WriteCPUTime
0.00117301940917969,0.000546,0.000638961791992188,0.000314999999999999,0.000135898590087891,0.000131000000000001,0.001714229583740229,0.001351999999999999
0.00115489959716797,0.000544999999999999,0.000635147094726562,0.000318000000000001,0.000135898590087891,0.000130999999999999,0.001718044281005859,0.001365000000000001
0.00116109848022461,0.000548,0.000639915466308594,0.000315000000000001,0.000134944915771484,0.000130999999999999,0.001744031906127926,0.001387000000000001
0.00115084648132324,0.000547000000000001,0.000646114349365234,0.000314999999999999,0.000137805938720703,0.000131000000000001,0.0016961097717285171,0.0013529999999999992
0.0011591911315918,0.000548999999999999,0.00064396858215332,0.000320000000000001,0.000139951705932617,0.000135,0.001791000366210933,0.0013700000000000001
Average,0.001159811019897462,0.0005469999999999999,0.0006408214569091796,0.00031660000000000016,0.0001368999481201172,0.0001318,0.0017326831817626928,0.0013654
