LoadRulesRealTime,LoadRulesCPUTime,LoadFactsRealTime,LoadFactsCPUTime,QueryRealTime,QueryCPUTime,WriteRealTime,WriteCPUTime
0.00119519233703613,0.000548,0.000876903533935547,0.000521000000000001,0.00084996223449707,0.000827999999999999,0.00349903106689453,0.0031330000000000012
0.00117802619934082,0.000559,0.000878095626831055,0.000531999999999999,0.000844955444335938,0.000826,0.003506183624267582,0.003147
0.00115704536437988,0.000550999999999999,0.000875949859619141,0.000525000000000001,0.000850915908813477,0.000827,0.003452062606811523,0.0031030000000000003
0.00117611885070801,0.000553000000000001,0.000860929489135742,0.00052,0.00084996223449707,0.000832999999999999,0.00343799591064453,0.003068000000000001
0.00116705894470215,0.000547000000000001,0.000854015350341797,0.000516000000000001,0.000851869583129883,0.000830999999999998,0.003422975540161137,0.003066000000000002
Average,0.001174688339233398,0.0005516000000000002,0.0008691787719726564,0.0005228000000000006,0.0008495330810546877,0.0008289999999999992,0.00346364974975586,0.0031034000000000005
