LoadRulesRealTime,LoadRulesCPUTime,LoadFactsRealTime,LoadFactsCPUTime,QueryRealTime,QueryCPUTime,WriteRealTime,WriteCPUTime
0.00135111808776855,0.000557,0.000895977020263672,0.000521000000000001,0.000299930572509766,0.000281999999999999,0.003432035446166994,0.003076000000000001
0.00116395950317383,0.000553,0.000861167907714844,0.000515,0.000313997268676758,0.000292000000000001,0.003442049026489262,0.003086999999999999
0.00115585327148438,0.000548999999999999,0.000854969024658203,0.000515,0.000307083129882812,0.000289000000000001,0.003427982330322268,0.003081999999999999
0.00116205215454102,0.00055,0.000858068466186523,0.00052,0.000301837921142578,0.000283,0.003440141677856442,0.003065
0.00118899345397949,0.000554000000000001,0.000853061676025391,0.000515,0.000308990478515625,0.000283,0.003459215164184575,0.003104
Average,0.001204395294189454,0.0005526000000000001,0.0008646488189697265,0.0005172000000000001,0.0003063678741455078,0.0002858000000000002,0.0034402847290039085,0.0030828
