LoadRulesRealTime,LoadRulesCPUTime,LoadFactsRealTime,LoadFactsCPUTime,QueryRealTime,QueryCPUTime,WriteRealTime,WriteCPUTime
0.00116991996765137,0.00055,0.000648975372314453,0.000319,0.000138998031616211,0.000132999999999999,0.0016441345214843791,0.001320000000000001
0.00116395950317383,0.000554000000000001,0.000655174255371094,0.000319,0.000136852264404297,0.000132,0.001654148101806643,0.001329
0.00117301940917969,0.000547000000000001,0.000645875930786133,0.000314999999999999,0.000138044357299805,0.000132,0.0016298294067382852,0.001305
0.00120997428894043,0.000567000000000002,0.000658035278320312,0.000312999999999999,0.000138998031616211,0.000136000000000001,0.001636981964111329,0.001292999999999999
0.00114917755126953,0.000548,0.00064396858215332,0.000316,0.000140905380249023,0.000137,0.001661062240600587,0.001324
Average,0.00117321014404297,0.0005532000000000008,0.0006504058837890623,0.00031639999999999956,0.00013875961303710943,0.000134,0.0016452312469482447,0.0013142000000000002
