LoadRulesRealTime,LoadRulesCPUTime,LoadFactsRealTime,LoadFactsCPUTime,QueryRealTime,QueryCPUTime,WriteRealTime,WriteCPUTime
0.00352883338928223,0.002521,0.00261497497558594,0.001533,0.00018310546875,0.000129999999999998,0.0226857662200928,0.022740000000000003
0.00347995758056641,0.001988,0.00224995613098145,0.001286,0.000169992446899414,9.69999999999999e-05,0.022639036178588885,0.0227
Average,0.00350439548492432,0.0022545,0.002432465553283695,0.0014095000000000002,0.000176548957824707,0.00011349999999999896,0.02266240119934084,0.022720000000000004
