LoadRulesRealTime,LoadRulesCPUTime,LoadFactsRealTime,LoadFactsCPUTime,QueryRealTime,QueryCPUTime,WriteRealTime,WriteCPUTime
0.000910043716430664,0.000540000000000001,0.000914096832275391,0.000522999999999999,0.000340938568115234,0.000321999999999999,0.0033209323883056662,0.003069000000000001
0.000903129577636719,0.000541,0.000717878341674805,0.000515,0.000337123870849609,0.000321999999999999,0.003308773040771481,0.003085000000000001
0.000891923904418945,0.000538,0.000727176666259766,0.000520999999999999,0.000343799591064453,0.000323,0.003395080566406247,0.003052
0.000919103622436523,0.000541999999999999,0.00071406364440918,0.000514000000000001,0.000339984893798828,0.000324,0.003304958343505862,0.00306
0.000911951065063477,0.000541,0.00071406364440918,0.000515999999999999,0.000340938568115234,0.000326,0.003319025039672856,0.003095
Average,0.0009072303771972656,0.0005404000000000001,0.0007574558258056644,0.0005177999999999996,0.0003405570983886716,0.0003233999999999996,0.003329753875732422,0.0030722000000000006
