LoadRulesRealTime,LoadRulesCPUTime,LoadFactsRealTime,LoadFactsCPUTime,QueryRealTime,QueryCPUTime,WriteRealTime,WriteCPUTime
0.00349211692810059,0.003491,0.00300192832946777,0.00225,0.000139951705932617,0.000139,0.027178049087524383,0.027138
0.00356006622314453,0.003524,0.00208091735839844,0.002081,0.000135898590087891,0.000136000000000004,0.02047705650329591,0.020431999999999995
Average,0.00352609157562256,0.0035075,0.002541422843933105,0.0021655,0.00013792514801025401,0.000137500000000002,0.023827552795410146,0.023784999999999997
