LoadRulesRealTime,LoadRulesCPUTime,LoadFactsRealTime,LoadFactsCPUTime,QueryRealTime,QueryCPUTime,WriteRealTime,WriteCPUTime
0.000932931900024414,0.000542999999999998,0.000809192657470703,0.000183000000000001,2.88486480712891e-05,2.6e-05,0.00030994415283203087,0.00013199999999999998
0.000913143157958984,0.000541000000000002,0.000329017639160156,0.000140999999999999,2.00271606445312e-05,1.80000000000007e-05,0.0007138252258300778,0.0001469999999999993
0.000916004180908203,0.000540000000000001,0.000333786010742188,0.000146,1.9073486328125e-05,1.69999999999997e-05,0.000317811965942383,0.0001430000000000003
0.00090479850769043,0.000543999999999999,0.000323057174682617,0.000143000000000001,2.00271606445312e-05,1.69999999999997e-05,0.0002999305725097658,0.0001400000000000013
0.000921964645385742,0.000546,0.000319004058837891,0.000138000000000001,1.81198120117188e-05,1.59999999999987e-05,0.0003280639648437502,0.00014200000000000128
Average,0.0009177684783935547,0.0005428,0.00042281150817871096,0.0001502000000000004,2.121925354003906e-05,1.879999999999976e-05,0.0003939151763916016,0.00014080000000000044
