LoadRulesRealTime,LoadRulesCPUTime,LoadFactsRealTime,LoadFactsCPUTime,QueryRealTime,QueryCPUTime,WriteRealTime,WriteCPUTime
0.00118184089660645,0.000550999999999999,0.000859975814819336,0.000517,0.000338077545166016,0.000325000000000001,0.003448009490966794,0.003062999999999999
0.00116515159606934,0.00055,0.000851869583129883,0.000513999999999999,0.000338077545166016,0.000325000000000001,0.003472805023193364,0.003117999999999999
0.00114607810974121,0.000545,0.00085902214050293,0.000515999999999999,0.000339984893798828,0.000327000000000001,0.003453016281127932,0.003109999999999999
0.00118589401245117,0.000551000000000001,0.000864982604980469,0.000517999999999999,0.00034022331237793,0.000326,0.00374484062194824,0.003064
0.00115799903869629,0.000546,0.000869989395141602,0.000517999999999999,0.000349998474121094,0.000323,0.003443002700805666,0.003104
Average,0.001167392730712892,0.0005486,0.0008611679077148441,0.0005165999999999992,0.0003412723541259768,0.0003252000000000006,0.003512334823608399,0.0030917999999999996
