LoadRulesRealTime,LoadRulesCPUTime,LoadFactsRealTime,LoadFactsCPUTime,QueryRealTime,QueryCPUTime,WriteRealTime,WriteCPUTime
0.000936031341552734,0.000554000000000001,0.000682830810546875,0.000243999999999999,6.81877136230469e-05,6.50000000000008e-05,0.0008149147033691412,0.0005909999999999992
0.000903129577636719,0.000539000000000001,0.000397920608520508,0.000213,6.29425048828125e-05,5.99999999999993e-05,0.0008010864257812495,0.0005999999999999997
0.000921010971069336,0.000539000000000001,0.000391006469726562,0.000213999999999999,6.4849853515625e-05,6.20000000000013e-05,0.000802278518676758,0.0005979999999999977
0.000903129577636719,0.000541,0.000392913818359375,0.000213000000000001,6.29425048828125e-05,5.99999999999993e-05,0.0008330345153808595,0.0006260000000000017
0.000906944274902344,0.000541,0.000390052795410156,0.000212,6.38961791992188e-05,6.0000000000001e-05,0.0008230209350585931,0.000605
Average,0.0009140491485595704,0.0005428000000000006,0.0004509449005126952,0.00021919999999999977,6.456375122070314e-05,6.140000000000034e-05,0.0008148670196533201,0.0006039999999999997
