LoadRulesRealTime,LoadRulesCPUTime,LoadFactsRealTime,LoadFactsCPUTime,QueryRealTime,QueryCPUTime,WriteRealTime,WriteCPUTime
0.00122690200805664,0.000565,0.000483036041259766,0.000169000000000001,3.29017639160156e-05,2.99999999999988e-05,0.0005660057067871094,0.0002780000000000022
0.00115680694580078,0.000549000000000001,0.000487089157104492,0.00017,3.19480895996094e-05,3.00000000000005e-05,0.0005731582641601566,0.00027799999999999846
0.00138401985168457,0.000570000000000001,0.000492095947265625,0.000173,3.19480895996094e-05,2.89999999999995e-05,0.0005750656127929686,0.00028000000000000046
0.00115108489990234,0.00055,0.000480890274047852,0.000168,3.814697265625e-05,3.3e-05,0.000568866729736328,0.000283
0.0011599063873291,0.000548,0.000495195388793945,0.000168,3.69548797607422e-05,3.4000000000001e-05,0.0005750656127929689,0.000274999999999999
Average,0.0012157440185546862,0.0005564000000000004,0.000487661361694336,0.00016960000000000017,3.437995910644532e-05,3.119999999999996e-05,0.0005716323852539063,0.00027880000000000005
