LoadRulesRealTime,LoadRulesCPUTime,LoadFactsRealTime,LoadFactsCPUTime,QueryRealTime,QueryCPUTime,WriteRealTime,WriteCPUTime
0.0037379264831543,0.003738,0.0029301643371582,0.002465,0.000147819519042969,0.000147000000000001,0.02149009704589843,0.021474999999999998
0.0033419132232666,0.003342,0.00197196006774902,0.00197199999999999,0.000128030776977539,0.000128000000000003,0.02069592475891116,0.020648999999999997
0.00335907936096191,0.002687,0.0020599365234375,0.001649,0.000137090682983398,0.000109000000000005,0.0212099552154541,0.021239999999999995
Average,0.0034796396891276036,0.0032556666666666667,0.0023206869761149065,0.0020286666666666634,0.000137646993001302,0.00012800000000000298,0.0211319923400879,0.02112133333333333
