LoadRulesRealTime,LoadRulesCPUTime,LoadFactsRealTime,LoadFactsCPUTime,QueryRealTime,QueryCPUTime,WriteRealTime,WriteCPUTime
0.00366091728210449,0.003633,0.00141096115112305,0.001411,7.10487365722656e-05,7.19999999999957e-05,0.010414838790893534,0.010044000000000004
0.00324702262878418,0.003195,0.00127792358398438,0.001279,6.91413879394531e-05,6.79999999999986e-05,0.009176969528198247,0.009181000000000002
0.00324797630310059,0.003247,0.00138306617736816,0.001384,7.48634338378906e-05,7.39999999999977e-05,0.008784055709838869,0.008787000000000003
Average,0.0033853054046630864,0.0033583333333333334,0.0013573169708251964,0.0013579999999999998,7.168451944986977e-05,7.133333333333067e-05,0.009458621342976883,0.009337333333333336
