LoadRulesRealTime,LoadRulesCPUTime,LoadFactsRealTime,LoadFactsCPUTime,QueryRealTime,QueryCPUTime,WriteRealTime,WriteCPUTime
0.00116682052612305,0.000550999999999999,0.000644207000732422,0.000316,0.000139951705932617,0.000132,0.001708984375000003,0.001376
0.00115704536437988,0.000552,0.000643014907836914,0.000314999999999999,0.000135898590087891,0.000131000000000001,0.001772880554199219,0.0013689999999999991
0.00114798545837402,0.000543,0.000641822814941406,0.000317000000000001,0.000138044357299805,0.000133999999999999,0.001718044281005855,0.0013840000000000011
0.00116801261901855,0.000548999999999999,0.000648975372314453,0.000317000000000001,0.000138998031616211,0.000132999999999999,0.001699209213256839,0.001360000000000001
0.00116300582885742,0.000547000000000001,0.000639200210571289,0.000317999999999999,0.000138998031616211,0.000132,0.001701116561889649,0.001351
Average,0.0011605739593505838,0.0005483999999999999,0.0006434440612792968,0.0003166,0.000138378143310547,0.0001323999999999998,0.0017200469970703128,0.0013680000000000003
