LoadRulesRealTime,LoadRulesCPUTime,LoadFactsRealTime,LoadFactsCPUTime,QueryRealTime,QueryCPUTime,WriteRealTime,WriteCPUTime
0.00365400314331055,0.003659,0.00366711616516113,0.00366200000000001,0.000344991683959961,0.000344999999999998,0.050488948822021436,0.043763
0.00346994400024414,0.003469,0.00366711616516113,0.003668,0.000395774841308594,0.000395,0.05320334434509281,0.047082
Average,0.003561973571777345,0.003564,0.00366711616516113,0.003665000000000005,0.0003703832626342775,0.000369999999999999,0.05184614658355712,0.045422500000000005
