LoadRulesRealTime,LoadRulesCPUTime,LoadFactsRealTime,LoadFactsCPUTime,QueryRealTime,QueryCPUTime,WriteRealTime,WriteCPUTime
0.0040888786315918,0.00402,0.00313305854797363,0.002539,0.000159978866577148,0.000158999999999999,0.023313045501708953,0.023307
0.00342798233032227,0.002285,0.00211501121520996,0.00141,0.00013279914855957,8.89999999999988e-05,0.02110600471496583,0.021134
0.00329089164733887,0.003291,0.0019991397857666,0.001999,0.000130891799926758,0.000132,0.021563053131103543,0.021437
Average,0.0036025842030843135,0.003198666666666667,0.00241573651631673,0.001982666666666667,0.00014122327168782534,0.00012666666666666593,0.02199403444925944,0.021959333333333334
