LoadRulesRealTime,LoadRulesCPUTime,LoadFactsRealTime,LoadFactsCPUTime,QueryRealTime,QueryCPUTime,WriteRealTime,WriteCPUTime
0.00116896629333496,0.000549000000000001,0.000887155532836914,0.00052,0.000340938568115234,0.000321999999999999,0.003324270248413086,0.002970000000000001
0.00116991996765137,0.000565,0.000854969024658203,0.000517999999999999,0.000337123870849609,0.000324,0.003373861312866211,0.003008
0.00114703178405762,0.000548,0.00084686279296875,0.000513,0.000334024429321289,0.000321,0.003302812576293941,0.002961
0.00116991996765137,0.000547000000000001,0.000883102416992188,0.000529999999999999,0.000360012054443359,0.00033,0.003323078155517581,0.002988
0.00115299224853516,0.000548999999999999,0.000905990600585938,0.000535000000000001,0.000343084335327148,0.000321999999999999,0.003446817398071292,0.003087000000000001
Average,0.0011617660522460957,0.0005516000000000002,0.0008756160736083986,0.0005231999999999997,0.0003430366516113278,0.00032379999999999963,0.0033541679382324227,0.0030028000000000003
