LoadRulesRealTime,LoadRulesCPUTime,LoadFactsRealTime,LoadFactsCPUTime,QueryRealTime,QueryCPUTime,WriteRealTime,WriteCPUTime
0.00351405143737793,0.003514,0.00213289260864258,0.002132,0.000158071517944336,0.000157999999999998,0.023416996002197266,0.023418
0.0036928653717041,8.80000000000047e-05,0.00224399566650391,0.0,0.00018000602722168,0.0,0.02424001693725582,0.02442
Average,0.0036034584045410148,0.0018010000000000025,0.002188444137573245,0.001066,0.000169038772583008,7.8999999999999e-05,0.02382850646972654,0.023919000000000003
