LoadRulesRealTime,LoadRulesCPUTime,LoadFactsRealTime,LoadFactsCPUTime,QueryRealTime,QueryCPUTime,WriteRealTime,WriteCPUTime
0.00115799903869629,0.000548,0.000536203384399414,0.000215999999999999,6.38961791992188e-05,6.10000000000003e-05,0.0009052753448486332,0.0005940000000000007
0.00116896629333496,0.000552,0.000536203384399414,0.000217999999999999,6.4849853515625e-05,6.19999999999996e-05,0.000899076461791992,0.0005939999999999995
0.00115013122558594,0.000546999999999999,0.000535011291503906,0.00022,6.38961791992188e-05,6.10000000000003e-05,0.0008990764617919922,0.0005980000000000017
0.00115799903869629,0.00055,0.000530004501342773,0.000216000000000001,6.58035278320312e-05,6.29999999999988e-05,0.0009021759033203127,0.0005990000000000001
0.00117087364196777,0.000552,0.000545024871826172,0.000217999999999999,6.41345977783203e-05,6.20000000000013e-05,0.0009067058563232416,0.0006029999999999997
Average,0.00116119384765625,0.0005497999999999998,0.0005364894866943358,0.0002175999999999996,6.451606750488282e-05,6.180000000000005e-05,0.0009024620056152342,0.0005976000000000004
