LoadRulesRealTime,LoadRulesCPUTime,LoadFactsRealTime,LoadFactsCPUTime,QueryRealTime,QueryCPUTime,WriteRealTime,WriteCPUTime
0.00119304656982422,0.000555,0.000648975372314453,0.000317999999999999,0.000344038009643555,0.000333,0.0016949176788330048,0.001327
0.00121378898620605,0.000563000000000001,0.000670194625854492,0.000321,0.000349998474121094,0.000340999999999999,0.0016498565673828162,0.001326000000000001
0.00116610527038574,0.000553999999999999,0.000646829605102539,0.000321,0.000349044799804688,0.000337,0.0016648769378662122,0.001318
0.00118613243103027,0.000567,0.000682830810546875,0.000317000000000001,0.000349044799804688,0.000336999999999999,0.001675844192504882,0.001345000000000001
0.00121402740478516,0.000574,0.000653982162475586,0.000317,0.000348091125488281,0.00033,0.0016570091247558592,0.001338
Average,0.001194620132446288,0.0005625999999999999,0.0006605625152587889,0.0003188,0.0003480434417724612,0.0003355999999999996,0.0016685009002685546,0.0013308000000000003
