DeleteDataRealTime,DeleteDataCPUTime,LoadDataRealTime,LoadDataCPUTime,CreateIndexXRealTime,CreateIndexXCPUTime,CreateIndexYRealTime,CreateIndexYCPUTime,QueryRealTime,QueryCPUTime,WriteResultRealTime,WriteResultCPUTime
0.01000000536441803,0.0,0.009999997913837433,0.0,0.009999997913837433,0.0,0.0,0.0,0.009999997913837433,0.0,0.0,0.010000000000000009
0.009999997913837433,0.010000000000000009,0.009999997913837433,0.0,0.020000003278255463,0.0,0.0,0.0,0.0,0.0,0.009999997913837433,0.010000000000000009
0.020000003278255463,0.0,0.009999997913837433,0.009999999999999955,0.01000000536441803,0.0,0.0,0.0,0.0,0.0,0.009999997913837433,0.0
Average,0.013333335518836975,0.003333333333333336,0.009999997913837433,0.0033333333333333184,0.013333335518836975,0.0,0.0,0.0,0.003333332637945811,0.0,0.006666665275891622,0.006666666666666672
