DeleteDataRealTime,DeleteDataCPUTime,LoadDataRealTime,LoadDataCPUTime,CreateIndexXRealTime,CreateIndexXCPUTime,CreateIndexYRealTime,CreateIndexYCPUTime,QueryRealTime,QueryCPUTime,WriteResultRealTime,WriteResultCPUTime
0.030000001192092896,0.0,0.059999994933605194,0.0,0.020000003278255463,0.010000000000000009,0.0,0.0,0.07999999821186066,0.0,0.0,0.0
0.009999997913837433,0.0,0.020000003278255463,0.0,0.009999997913837433,0.01000000000000001,0.0,0.0,0.0,0.0,0.0,0.0
0.009999997913837433,0.0,0.009999997913837433,0.0,0.009999997913837433,0.0,0.0,0.009999999999999995,0.0,0.0,0.01000000536441803,0.0
Average,0.01666666567325592,0.0,0.02999999870856603,0.0,0.01333333303531011,0.006666666666666672,0.0,0.003333333333333332,0.02666666607062022,0.0,0.0033333351214726767,0.0
