DeleteDataRealTime,DeleteDataCPUTime,LoadDataRealTime,LoadDataCPUTime,CreateIndexXRealTime,CreateIndexXCPUTime,CreateIndexYRealTime,CreateIndexYCPUTime,QueryRealTime,QueryCPUTime,WriteResultRealTime,WriteResultCPUTime
0.009999997913837433,0.010000000000000009,0.009999997913837433,0.0,0.01000000536441803,0.0,0.0,0.0,0.0,0.0,0.009999997913837433,0.010000000000000009
0.019999995827674866,0.0,0.009999997913837433,0.0,0.01000000536441803,0.0,0.0,0.0,0.009999997913837433,0.0,0.009999997913837433,0.010000000000000009
0.009999997913837433,0.0,0.030000001192092896,0.0,0.009999997913837433,0.0,0.0,0.0,0.01000000536441803,0.009999999999999955,0.0,0.0
Average,0.013333330551783243,0.003333333333333336,0.01666666567325592,0.0,0.010000002880891165,0.0,0.0,0.0,0.0066666677594184875,0.0033333333333333184,0.006666665275891622,0.006666666666666672
