DeleteDataRealTime,DeleteDataCPUTime,LoadDataRealTime,LoadDataCPUTime,CreateIndexXRealTime,CreateIndexXCPUTime,CreateIndexYRealTime,CreateIndexYCPUTime,QueryRealTime,QueryCPUTime,WriteResultRealTime,WriteResultCPUTime
0.030000001192092896,0.0,0.06000000238418579,0.0,0.009999997913837433,0.0,0.0,0.0,0.03999999910593033,0.0,0.0,0.0
0.009999997913837433,0.0,0.009999997913837433,0.0,0.01000000536441803,0.0,0.0,0.0,0.009999997913837433,0.010000000000000002,0.0,0.0
0.01000000536441803,0.010000000000000009,0.009999997913837433,0.0,0.009999997913837433,0.0,0.009999997913837433,0.0,0.0,0.0,0.0,0.0
Average,0.016666668156782787,0.003333333333333336,0.02666666607062022,0.0,0.010000000397364298,0.0,0.003333332637945811,0.0,0.01666666567325592,0.003333333333333334,0.0,0.0
