DeleteDataRealTime,DeleteDataCPUTime,LoadDataRealTime,LoadDataCPUTime,CreateIndexXRealTime,CreateIndexXCPUTime,CreateIndexYRealTime,CreateIndexYCPUTime,QueryRealTime,QueryCPUTime,WriteResultRealTime,WriteResultCPUTime
0.016790256999229314,0.009597899999999993,0.029056913000204077,0.001065499999999997,0.015106126000318909,0.0010814000000000101,0.0031594470001437003,0.0010974999999999735,0.0024525720000383444,0.0009155000000000135,0.01885369199953857,0.0044067999999999885
0.016144883000379195,0.008069300000000001,0.01752574799957074,0.0010950000000000126,0.010814490000484511,0.0009801999999999866,0.0030663489997095894,0.0010916000000000259,0.002193136000641971,0.0009236999999999718,0.004989332998775353,0.003609600000000046
Average,0.016467569999804255,0.008833599999999997,0.023291330499887408,0.0010802500000000048,0.01296030800040171,0.0010307999999999984,0.003112897999926645,0.0010945499999999997,0.0023228540003401577,0.0009195999999999926,0.011921512499156961,0.004008200000000017
