DeleteDataRealTime,DeleteDataCPUTime,LoadDataRealTime,LoadDataCPUTime,CreateIndexXRealTime,CreateIndexXCPUTime,CreateIndexYRealTime,CreateIndexYCPUTime,QueryRealTime,QueryCPUTime,WriteResultRealTime,WriteResultCPUTime
0.013241730000117968,0.006833599999999995,0.021658783000020776,0.0009886000000000061,0.017210229999363946,0.0010779000000000205,0.002383265000389656,0.000919100000000006,0.010298875999978918,0.0008268999999999638,0.012294543999814778,0.007391000000000036
0.01589408700056083,0.007953900000000014,0.02202754600057233,0.001017099999999993,0.013280639000186056,0.001189899999999966,0.0020984669999961625,0.0007981000000000238,0.0015903390003586537,0.0006780000000000119,0.009912263999467541,0.0076808999999999905
Average,0.0145679085003394,0.0073937500000000045,0.021843164500296552,0.0010028499999999996,0.015245434499775001,0.0011338999999999932,0.0022408660001929093,0.0008586000000000149,0.005944607500168786,0.0007524499999999879,0.01110340399964116,0.0075359500000000135
