DeleteDataRealTime,DeleteDataCPUTime,LoadDataRealTime,LoadDataCPUTime,CreateIndexXRealTime,CreateIndexXCPUTime,CreateIndexYRealTime,CreateIndexYCPUTime,QueryRealTime,QueryCPUTime,WriteResultRealTime,WriteResultCPUTime
0.01000000536441803,0.0,0.019999995827674866,0.0,0.0,0.0,0.01000000536441803,0.0,0.03999999910593033,0.009999999999999957,0.0,0.0
0.01000000536441803,0.0,0.009999997913837433,0.0,0.020000003278255463,0.0,0.0,0.020000000000000004,0.0,0.0,0.009999997913837433,0.0
0.019999995827674866,0.01000000000000001,0.01000000536441803,0.0,0.009999997913837433,0.0,0.0,0.0,0.0,0.0,0.009999997913837433,0.01000000000000001
Average,0.013333335518836975,0.003333333333333337,0.01333333303531011,0.0,0.010000000397364298,0.0,0.0033333351214726767,0.006666666666666668,0.01333333303531011,0.003333333333333319,0.006666665275891622,0.003333333333333337
