DeleteDataRealTime,DeleteDataCPUTime,LoadDataRealTime,LoadDataCPUTime,CreateIndexXRealTime,CreateIndexXCPUTime,CreateIndexYRealTime,CreateIndexYCPUTime,QueryRealTime,QueryCPUTime,WriteResultRealTime,WriteResultCPUTime
0.009999997913837433,0.0,0.01000000536441803,0.01000000000000001,0.009999997913837433,0.0,0.0,0.0,0.0,0.0,0.009999997913837433,0.0
0.009999997913837433,0.0,0.009999997913837433,0.0,0.01000000536441803,0.010000000000000012,0.0,0.0,0.009999997913837433,0.0,0.0,0.0
0.009999997913837433,0.019999999999999955,0.01000000536441803,0.0,0.009999997913837433,0.0,0.0,0.0,0.0,0.0,0.009999997913837433,0.010000000000000009
Average,0.009999997913837433,0.0066666666666666515,0.010000002880891165,0.003333333333333337,0.010000000397364298,0.0033333333333333375,0.0,0.0,0.003333332637945811,0.0,0.006666665275891622,0.003333333333333336
