DeleteDataRealTime,DeleteDataCPUTime,LoadDataRealTime,LoadDataCPUTime,CreateIndexXRealTime,CreateIndexXCPUTime,CreateIndexYRealTime,CreateIndexYCPUTime,QueryRealTime,QueryCPUTime,WriteResultRealTime,WriteResultCPUTime
0.009999997913837433,0.020000000000000004,0.009999997913837433,0.0,0.01000000536441803,0.0,0.009999997913837433,0.0,0.0,0.0,0.009999997913837433,0.0
0.009999997913837433,0.0,0.020000003278255463,0.009999999999999955,0.009999997913837433,0.0,0.0,0.0,0.0,0.0,0.01000000536441803,0.01000000000000001
0.009999997913837433,0.010000000000000009,0.01000000536441803,0.0,0.019999995827674866,0.0,0.0,0.0,0.0,0.0,0.01000000536441803,0.010000000000000009
Average,0.009999997913837433,0.010000000000000004,0.013333335518836975,0.0033333333333333184,0.01333333303531011,0.0,0.003333332637945811,0.0,0.0,0.0,0.010000002880891165,0.006666666666666672
