DeleteDataRealTime,DeleteDataCPUTime,LoadDataRealTime,LoadDataCPUTime,CreateIndexXRealTime,CreateIndexXCPUTime,CreateIndexYRealTime,CreateIndexYCPUTime,QueryRealTime,QueryCPUTime,WriteResultRealTime,WriteResultCPUTime
0.011295080000309099,0.005996800000000024,0.01770281500012061,0.0010622000000000131,0.013998060000631085,0.0011045000000000083,0.0023290780000024824,0.0007594000000000212,0.0015388649999295012,0.0006708000000000269,0.015586819000418473,0.006656599999999957
0.013791006000246853,0.006560100000000013,0.019057469000472338,0.0010652999999999913,0.011893503999999666,0.0008992999999999918,0.0022462770002675825,0.0008206000000000047,0.0016975870003079763,0.0007615999999999734,0.009438635999686085,0.006917900000000032
Average,0.012543043000277976,0.006278450000000019,0.018380142000296473,0.0010637500000000022,0.012945782000315376,0.0010019,0.0022876775001350325,0.0007900000000000129,0.0016182260001187387,0.0007162000000000002,0.012512727500052279,0.006787249999999995
