LoadRulesRealTime,LoadRulesCPUTime,LoadFactsRealTime,LoadFactsCPUTime,QueryRealTime,QueryCPUTime,WriteRealTime,WriteCPUTime
0.000931024551391602,0.000545,0.000813961029052734,0.000345,0.0053861141204834,0.005177,0.0542559623718262,0.053367
0.000916004180908203,0.000545,0.000571012496948242,0.00031,0.00568914413452148,0.005508,0.05383706092834472,0.052864
0.000897884368896484,0.000537999999999999,0.000494956970214844,0.000311000000000001,0.00573015213012695,0.005554,0.05336093902587895,0.052642999999999995
0.000921964645385742,0.000542000000000001,0.000488996505737305,0.000307999999999999,0.00557088851928711,0.005374,0.05291819572448729,0.052194000000000004
0.000915050506591797,0.000539999999999999,0.00049591064453125,0.000311000000000001,0.00571799278259277,0.005471,0.05531096458435063,0.053762000000000004
Average,0.0009163856506347656,0.0005419999999999997,0.000572967529296875,0.00031700000000000017,0.005618858337402341,0.0054168,0.05393662452697756,0.052966
