LoadRulesRealTime,LoadRulesCPUTime,LoadFactsRealTime,LoadFactsCPUTime,QueryRealTime,QueryCPUTime,WriteRealTime,WriteCPUTime
0.000919103622436523,0.000543,0.000449895858764648,0.000273000000000001,0.00355815887451172,0.003343,0.034813880920410184,0.034153
0.000912904739379883,0.000543999999999999,0.000447988510131836,0.000272,0.00349116325378418,0.003286,0.03394794464111332,0.033416
0.000910043716430664,0.000541999999999999,0.000463962554931641,0.000272000000000001,0.00356197357177734,0.00333,0.03419995307922366,0.033663
0.000902891159057617,0.000541,0.00045013427734375,0.000272,0.00349879264831543,0.0033,0.03430914878845217,0.033922
0.000908136367797852,0.000538,0.000448942184448242,0.000270000000000001,0.0035400390625,0.003319,0.0344269275665283,0.033845
Average,0.0009106159210205078,0.0005415999999999996,0.0004521846771240234,0.00027180000000000054,0.0035300254821777344,0.0033155999999999997,0.03433957099914552,0.033799800000000005
