LoadRulesRealTime,LoadRulesCPUTime,LoadFactsRealTime,LoadFactsCPUTime,QueryRealTime,QueryCPUTime,WriteRealTime,WriteCPUTime
0.000922918319702148,0.000544000000000001,0.000755071640014648,0.000364999999999999,0.00850081443786621,0.008146,0.07741618156433108,0.07626
0.00091099739074707,0.000546,0.000535011291503906,0.000348000000000001,0.00850892066955566,0.008234,0.07894515991210933,0.07601899999999999
0.000905036926269531,0.000543,0.000535011291503906,0.000349,0.00847601890563965,0.008191,0.07641792297363285,0.07575599999999999
0.000902891159057617,0.000539999999999999,0.000540971755981445,0.000359,0.00846409797668457,0.008167,0.07836699485778813,0.076648
0.000902891159057617,0.000537999999999999,0.000544071197509766,0.000352,0.00849509239196777,0.008172,0.07746410369873043,0.076341
Average,0.0009089469909667967,0.0005421999999999998,0.0005820274353027342,0.00035459999999999995,0.00848898887634277,0.008182,0.07772207260131837,0.07620479999999999
