LoadRulesRealTime,LoadRulesCPUTime,LoadFactsRealTime,LoadFactsCPUTime,QueryRealTime,QueryCPUTime,WriteRealTime,WriteCPUTime
0.00120997428894043,0.000562,0.00109982490539551,0.000746,26.2050111293793,26.127236,0.5561039447783998,0.5086660000000016
0.0011899471282959,0.000556000000000001,0.0010988712310791,0.000740999999999999,26.2991900444031,26.226199,0.48200798034669745,0.4768819999999998
0.00119304656982422,0.000550999999999999,0.00113010406494141,0.000761,26.233699798584,26.163608,0.5472071170807027,0.5250449999999987
0.00114989280700684,0.000546999999999999,0.00110411643981934,0.000745000000000001,26.1925559043884,26.122307,0.5207071304322,0.500668000000001
0.0012049674987793,0.000557999999999999,0.00112295150756836,0.000746999999999999,26.249547958374,26.176833,0.47845101356510256,0.46016499999999994
Average,0.001189565658569338,0.0005547999999999996,0.001111173629760744,0.0007479999999999998,26.236000967025763,26.163236599999998,0.5168954372406205,0.4942852000000002
