LoadRulesRealTime,LoadRulesCPUTime,LoadFactsRealTime,LoadFactsCPUTime,QueryRealTime,QueryCPUTime,WriteRealTime,WriteCPUTime
0.0011601448059082,0.000548999999999999,0.000597953796386719,0.000275000000000001,0.00350189208984375,0.003289,0.03438210487365725,0.033576
0.00116491317749023,0.000551000000000001,0.000599145889282227,0.000279,0.00349187850952148,0.003297,0.034445047378540025,0.033805
0.00118899345397949,0.000566000000000001,0.000617027282714844,0.000281,0.00359392166137695,0.003384,0.04114007949829105,0.034601
0.00115203857421875,0.000549000000000001,0.000607013702392578,0.000277999999999999,0.00354385375976562,0.003334,0.03470420837402348,0.034177
0.00116205215454102,0.000546,0.000601053237915039,0.000278,0.00355291366577148,0.003339,0.034297227859497126,0.033651
Average,0.001165628433227538,0.0005522000000000004,0.0006044387817382814,0.00027820000000000004,0.0035368919372558557,0.0033285999999999997,0.03579373359680178,0.03396199999999999
