LoadRulesRealTime,LoadRulesCPUTime,LoadFactsRealTime,LoadFactsCPUTime,QueryRealTime,QueryCPUTime,WriteRealTime,WriteCPUTime
0.00116705894470215,0.000563999999999999,0.000325918197631836,0.000183000000000001,0.000922918319702148,0.000864999999999999,0.008807897567749022,0.008442
0.000899076461791992,0.000541999999999999,0.000370025634765625,0.000195000000000001,0.000899791717529297,0.000848,0.008600234985351562,0.008316
0.000903129577636719,0.000544000000000001,0.000377893447875977,0.000194999999999999,0.000941038131713867,0.000883999999999999,0.008664131164550783,0.008366
0.00130581855773926,0.00056,0.000387191772460938,0.000204999999999999,0.00091099739074707,0.000858000000000001,0.00859403610229492,0.008261999999999999
0.00093388557434082,0.00055,0.000375986099243164,0.000195000000000001,0.000903129577636719,0.000841,0.008801937103271481,0.008485
Average,0.0010417938232421882,0.0005519999999999999,0.000367403030395508,0.0001946000000000002,0.0009155750274658202,0.0008591999999999999,0.008693647384643555,0.0083742
