LoadRulesRealTime,LoadRulesCPUTime,LoadFactsRealTime,LoadFactsCPUTime,QueryRealTime,QueryCPUTime,WriteRealTime,WriteCPUTime
0.00117707252502441,0.00055,0.00101590156555176,0.000451,0.0144460201263428,0.013533,0.1314179897308352,0.128916
0.00116610527038574,0.000548,0.000783920288085938,0.000447999999999999,0.0142009258270264,0.01325,0.1334121227264406,0.13158699999999998
0.00115323066711426,0.000552,0.00079798698425293,0.000442,0.0144898891448975,0.013585,0.1331090927124025,0.132079
0.00116109848022461,0.000549000000000001,0.000789880752563477,0.000434,0.0143880844116211,0.013501,0.1311509609222409,0.129566
0.00118112564086914,0.000552,0.000815868377685547,0.000435999999999999,0.0144870281219482,0.013529,0.13596296310424782,0.128708
Average,0.001167726516723632,0.0005502000000000001,0.0008407115936279304,0.0004421999999999995,0.014402389526367198,0.0134796,0.13301062583923343,0.1301712
