LoadRulesRealTime,LoadRulesCPUTime,LoadFactsRealTime,LoadFactsCPUTime,QueryRealTime,QueryCPUTime,WriteRealTime,WriteCPUTime
0.00116109848022461,0.000547000000000001,0.00127100944519043,0.000900999999999999,0.104853868484497,0.101944,0.8647441864013671,0.834986
0.00114989280700684,0.000546000000000001,0.00125718116760254,0.000896999999999998,0.103523015975952,0.100619,0.856356143951416,0.8374659999999999
0.0011451244354248,0.000545,0.00127696990966797,0.000909,0.104154109954834,0.10125,0.844981670379639,0.8301970000000001
0.00118398666381836,0.000550999999999999,0.00128006935119629,0.000908000000000001,0.103709936141968,0.100332,0.843352079391479,0.8311660000000001
0.00117111206054688,0.000543999999999999,0.0012509822845459,0.000899,0.103914022445679,0.100587,0.8487379550933829,0.833005
Average,0.001162242889404298,0.0005466,0.001267242431640626,0.0009027999999999996,0.104030990600586,0.10094639999999999,0.8516344070434568,0.8333639999999999
