LoadRulesRealTime,LoadRulesCPUTime,LoadFactsRealTime,LoadFactsCPUTime,QueryRealTime,QueryCPUTime,WriteRealTime,WriteCPUTime
0.0051579475402832,0.004422,0.00598406791687012,0.00174099999999999,0.000607967376708984,0.000521000000000008,0.09900403022766112,0.093791
0.00423192977905273,0.004197,0.00160908699035645,0.00161,0.000735998153686523,0.000735,0.09335803985595707,0.09336
Average,0.004694938659667965,0.0043095,0.0037965774536132847,0.0016754999999999951,0.0006719827651977535,0.000628000000000004,0.0961810350418091,0.0935755
