LoadRulesRealTime,LoadRulesCPUTime,LoadFactsRealTime,LoadFactsCPUTime,QueryRealTime,QueryCPUTime,WriteRealTime,WriteCPUTime
0.000902891159057617,0.000540000000000001,0.000540018081665039,0.000349,0.00816488265991211,0.007688,0.07721614837646489,0.075924
0.000894069671630859,0.000536,0.000551939010620117,0.000361999999999999,0.00814604759216309,0.007682,0.07774996757507321,0.076866
0.000896930694580078,0.000545,0.000540018081665039,0.000352999999999999,0.00814008712768555,0.007691,0.08108496665954586,0.076735
0.000899076461791992,0.000539000000000001,0.000545024871826172,0.000347,0.00824403762817383,0.00775,0.07586097717285158,0.075346
0.00091099739074707,0.000541,0.000539064407348633,0.000354,0.00813412666320801,0.007613,0.07717275619506839,0.076297
Average,0.0009007930755615233,0.0005402000000000004,0.000543212890625,0.00035299999999999953,0.008165836334228517,0.0076848,0.07781696319580078,0.0762336
