LoadRulesRealTime,LoadRulesCPUTime,LoadFactsRealTime,LoadFactsCPUTime,QueryRealTime,QueryCPUTime,WriteRealTime,WriteCPUTime
0.00117802619934082,0.000554000000000001,0.00110697746276855,0.000746,0.0670750141143799,0.06496,0.5491898059844971,0.538381
0.0011589527130127,0.000547000000000001,0.00112819671630859,0.00077,0.0669469833374023,0.065069,0.5510058403015137,0.542816
0.00115180015563965,0.000548,0.00109004974365234,0.000743000000000001,0.0662729740142822,0.064387,0.5492830276489258,0.546483
0.00115013122558594,0.000544000000000001,0.00110697746276855,0.000758999999999999,0.0664160251617432,0.064539,0.5491158962249758,0.536776
0.00116991996765137,0.000549999999999998,0.00109505653381348,0.000744000000000002,0.0670559406280518,0.065125,0.5458359718322753,0.543165
Average,0.001161766052246096,0.0005486000000000002,0.001105451583862302,0.0007524000000000004,0.06675338745117189,0.064816,0.5488861083984375,0.5415242
