LoadRulesRealTime,LoadRulesCPUTime,LoadFactsRealTime,LoadFactsCPUTime,QueryRealTime,QueryCPUTime,WriteRealTime,WriteCPUTime
0.00499892234802246,0.004944,0.00192904472351074,0.00193,0.00085902214050293,0.000857999999999998,0.11167788505554208,0.109673
0.00503706932067871,0.005036,0.00168395042419434,0.001684,0.000829935073852539,0.000830999999999998,0.11063122749328647,0.110652
0.00513195991516113,0.005131,0.00177812576293945,0.001778,0.000829935073852539,0.000829999999999997,0.11209702491760246,0.11211700000000001
Average,0.005055983861287434,0.005037,0.0017970403035481766,0.0017973333333333333,0.0008396307627360026,0.0008396666666666643,0.11146871248881034,0.11081400000000001
