LoadRulesRealTime,LoadRulesCPUTime,LoadFactsRealTime,LoadFactsCPUTime,QueryRealTime,QueryCPUTime,WriteRealTime,WriteCPUTime
0.000935792922973633,0.000546,0.00104999542236328,0.000594000000000001,0.0378880500793457,0.036513,0.3356189727783203,0.305312
0.000905990600585938,0.000542999999999998,0.000794887542724609,0.00059,0.0385339260101318,0.036988,0.3110702037811282,0.29999
0.000911951065063477,0.000542000000000001,0.000791072845458984,0.000583,0.0382230281829834,0.037037,0.3139309883117676,0.301531
0.000910043716430664,0.000541,0.000797033309936523,0.000592000000000001,0.0377428531646729,0.036303,0.3215751647949221,0.303327
0.000908851623535156,0.000541,0.000811100006103516,0.000594000000000001,0.0376238822937012,0.036273,0.3058159351348878,0.302791
Average,0.0009145259857177736,0.0005425999999999999,0.0008488178253173823,0.0005906000000000007,0.038002347946167005,0.0366228,0.31760225296020517,0.30259020000000003
