LoadRulesRealTime,LoadRulesCPUTime,LoadFactsRealTime,LoadFactsCPUTime,QueryRealTime,QueryCPUTime,WriteRealTime,WriteCPUTime
0.000919103622436523,0.000541,0.000957965850830078,0.000461999999999999,0.0164039134979248,0.015863,0.1464130878448482,0.13565400000000002
0.000904083251953125,0.000541,0.000629901885986328,0.000429000000000001,0.0163478851318359,0.015817,0.1384921073913571,0.136917
0.000905990600585938,0.000543,0.00061798095703125,0.00043,0.0163230895996094,0.01583,0.1366419792175296,0.13568
0.000895023345947266,0.000536,0.000612974166870117,0.000427,0.0162301063537598,0.015739,0.1345899105072022,0.133581
0.000926971435546875,0.000541,0.00061798095703125,0.000426000000000001,0.016294002532959,0.015674,0.14789891242981,0.13446
Average,0.0009102344512939454,0.0005404000000000001,0.0006873607635498047,0.0004348000000000002,0.016319799423217783,0.0157846,0.1408071994781494,0.13525840000000003
