LoadRulesRealTime,LoadRulesCPUTime,LoadFactsRealTime,LoadFactsCPUTime,QueryRealTime,QueryCPUTime,WriteRealTime,WriteCPUTime
0.00092315673828125,0.000543999999999999,0.00113987922668457,0.000661,0.0505080223083496,0.048688,0.4137959480285644,0.40743999999999997
0.000905990600585938,0.000545,0.000872135162353516,0.000666999999999999,0.0533008575439453,0.051236,0.4156501293182377,0.413341
0.000909805297851562,0.000543,0.000892162322998047,0.000668999999999999,0.0520319938659668,0.049921,0.4170069694519042,0.414993
0.000906944274902344,0.000544000000000001,0.000869989395141602,0.000662999999999999,0.0514340400695801,0.049714,0.4124128818511959,0.410047
0.000903129577636719,0.000543,0.000874042510986328,0.000661999999999999,0.051461935043335,0.049579,0.426501035690308,0.41130900000000004
Average,0.0009098052978515625,0.0005438,0.0009296417236328125,0.0006643999999999992,0.05174736976623536,0.04982760000000001,0.417073392868042,0.41142599999999996
