LoadRulesRealTime,LoadRulesCPUTime,LoadFactsRealTime,LoadFactsCPUTime,QueryRealTime,QueryCPUTime,WriteRealTime,WriteCPUTime
0.00692510604858398,0.006899,0.00592994689941406,0.00593100000000001,0.0433609485626221,0.034002,5.258043050765988,5.253074
0.00426602363586426,0.004194,0.0054929256439209,0.005409,0.0337049961090088,0.025589,5.3901720046997115,5.386722
0.00447297096252441,0.004411,0.00576305389404297,0.005765,0.0364840030670166,0.036484,5.310889005661013,5.2859810000000005
Average,0.005221366882324216,0.005168,0.0057286421457926435,0.00570166666666667,0.03784998257954917,0.032025,5.319701353708904,5.308592333333333
