LoadRulesRealTime,LoadRulesCPUTime,LoadFactsRealTime,LoadFactsCPUTime,QueryRealTime,QueryCPUTime,WriteRealTime,WriteCPUTime
0.00386786460876465,0.003358,0.00241613388061523,0.001457,0.00236105918884277,0.002361,0.37922596931457525,0.379206
0.00401902198791504,0.003957,0.00211095809936523,0.002112,0.00238704681396484,0.002296,0.37259697914123513,0.37121
Average,0.0039434432983398455,0.0036574999999999997,0.00226354598999023,0.0017845,0.002374053001403805,0.0023285,0.37591147422790516,0.375208
