LoadRulesRealTime,LoadRulesCPUTime,LoadFactsRealTime,LoadFactsCPUTime,QueryRealTime,QueryCPUTime,WriteRealTime,WriteCPUTime
0.00147294998168945,0.000589000000000001,0.000458002090454102,0.00018,0.000886201858520508,0.000857,0.008541822433471681,0.008154999999999999
0.00117897987365723,0.000565,0.000551939010620117,0.000209000000000001,0.000909090042114258,0.000881,0.008539915084838862,0.00814
0.00115799903869629,0.000548,0.000527143478393555,0.000198,0.00091099739074707,0.000876,0.008505105972290039,0.00811
0.00115203857421875,0.000541,0.000519990921020508,0.000197000000000001,0.000905036926269531,0.000874999999999999,0.008574008941650389,0.008180000000000002
0.00115704536437988,0.000551000000000001,0.000514030456542969,0.000194999999999999,0.000905990600585938,0.000871,0.008508920669555662,0.008127
Average,0.00122380256652832,0.0005588000000000005,0.0005142211914062502,0.00019580000000000018,0.0009034633636474611,0.0008719999999999998,0.008533954620361326,0.0081424
