LoadRulesRealTime,LoadRulesCPUTime,LoadFactsRealTime,LoadFactsCPUTime,QueryRealTime,QueryCPUTime,WriteRealTime,WriteCPUTime
0.00505614280700684,0.005056,0.00574302673339844,0.00521899999999999,0.0147659778594971,0.014761,2.1377482414245628,2.130265
0.00458812713623047,0.004588,0.00387692451477051,0.003878,0.0188930034637451,0.009993,1.8329269886016848,1.842152
0.0049738883972168,0.004974,0.00406289100646973,0.00406500000000001,0.0127022266387939,0.012675,1.8514976501464862,1.849605
Average,0.004872719446818037,0.004872666666666667,0.004560947418212893,0.004387333333333333,0.015453735987345368,0.012476333333333332,1.9407242933909112,1.9406740000000002
