LoadRulesRealTime,LoadRulesCPUTime,LoadFactsRealTime,LoadFactsCPUTime,QueryRealTime,QueryCPUTime,WriteRealTime,WriteCPUTime
0.00117111206054688,0.000545,0.000850915908813477,0.000514000000000001,0.0254528522491455,0.024587,0.2134482860565185,0.209307
0.00115585327148438,0.000553,0.000857114791870117,0.000512,0.0255780220031738,0.024783,0.4202558994293212,0.24192599999999997
0.00118803977966309,0.000557999999999999,0.000857830047607422,0.000513000000000001,0.0252671241760254,0.024559,0.2214798927307126,0.215183
0.00114989280700684,0.000546,0.00084996223449707,0.000509000000000001,0.0251481533050537,0.02429,0.21539568901062028,0.208193
0.00114917755126953,0.000546999999999999,0.000854969024658203,0.000508,0.0254149436950684,0.024546,0.2121970653533936,0.209868
Average,0.001162815093994144,0.0005497999999999996,0.0008541584014892578,0.0005112000000000005,0.02537221908569336,0.024553,0.2565553665161132,0.2168954
