LoadRulesRealTime,LoadRulesCPUTime,LoadFactsRealTime,LoadFactsCPUTime,QueryRealTime,QueryCPUTime,WriteRealTime,WriteCPUTime
0.000921964645385742,0.000541000000000002,0.000787973403930664,0.000586999999999999,0.0327072143554688,0.030601,0.31776976585388217,0.30205
0.000915050506591797,0.000549000000000001,0.000787019729614258,0.000584999999999999,0.0339498519897461,0.031197,0.3051443099975589,0.299729
0.000909090042114258,0.000544000000000001,0.000783920288085938,0.000583999999999999,0.0335991382598877,0.031398,0.3012390136718753,0.299354
0.000998973846435547,0.000583,0.00085902214050293,0.000628,0.0331859588623047,0.030953,0.30139708518981934,0.29953599999999997
0.000905990600585938,0.000543,0.000807046890258789,0.000591000000000001,0.0332620143890381,0.031055,0.3041820526123049,0.299614
Average,0.0009302139282226564,0.0005520000000000007,0.0008049964904785158,0.0005949999999999997,0.03334083557128907,0.0310408,0.3059464454650881,0.3000566
