LoadRulesRealTime,LoadRulesCPUTime,LoadFactsRealTime,LoadFactsCPUTime,QueryRealTime,QueryCPUTime,WriteRealTime,WriteCPUTime
0.00119113922119141,0.000557,0.000515937805175781,0.000196999999999999,0.000900983810424805,0.000872,0.008928060531616216,0.008531
0.0011448860168457,0.000547000000000001,0.000519990921020508,0.000196999999999999,0.000893115997314453,0.000861000000000001,0.008689880371093747,0.008315999999999999
0.00115799903869629,0.000548,0.000510931015014648,0.000196,0.000901937484741211,0.000869999999999999,0.008780956268310549,0.008397
0.00114798545837402,0.000543999999999999,0.000519037246704102,0.000199,0.000900983810424805,0.000870000000000001,0.008684873580932615,0.008287999999999998
0.0011599063873291,0.00055,0.000513076782226562,0.000196,0.000896930694580078,0.000864999999999999,0.008903264999389652,0.008456
Average,0.001160383224487304,0.0005492,0.0005157947540283202,0.0001969999999999996,0.0008987903594970705,0.0008676,0.008797407150268555,0.0083976
