LoadRulesRealTime,LoadRulesCPUTime,LoadFactsRealTime,LoadFactsCPUTime,QueryRealTime,QueryCPUTime,WriteRealTime,WriteCPUTime
0.00142407417297363,0.000564,0.000515937805175781,0.000194,0.0544679164886475,0.054118,0.006737947463989195,0.006277999999999999
0.00119519233703613,0.000555999999999999,0.000535011291503906,0.000202000000000001,0.0527129173278809,0.052534,0.008449077606201096,0.007821000000000002
0.00115704536437988,0.000546000000000001,0.000520944595336914,0.000196,0.0529890060424805,0.052829,0.009446859359741197,0.008557000000000002
0.00117111206054688,0.000554000000000001,0.000522851943969727,0.000208,0.0523631572723389,0.052198,0.0095288753509521,0.008636999999999999
0.00119113922119141,0.000557,0.000509023666381836,0.000195000000000001,0.0533699989318848,0.053023,0.0391499996185302,0.022125000000000006
Average,0.0012277126312255859,0.0005554000000000002,0.0005207538604736328,0.0001990000000000004,0.05318059921264652,0.0529404,0.014662551879882756,0.010683600000000001
