LoadRulesRealTime,LoadRulesCPUTime,LoadFactsRealTime,LoadFactsCPUTime,QueryRealTime,QueryCPUTime,WriteRealTime,WriteCPUTime
0.00449204444885254,0.004492,0.00555801391601562,0.00496000000000001,0.0287530422210693,0.028736,3.935798883438111,3.9266680000000003
0.00431203842163086,0.00348,0.00480294227600098,0.004748,0.0298810005187988,0.029883,4.046296119689941,4.038958
0.00461101531982422,0.004459,0.0052039623260498,0.005206,0.0296411514282227,0.02965,3.909544706344607,3.893737
Average,0.004471699396769207,0.004143666666666667,0.0051883061726888,0.004971333333333337,0.029425064722696934,0.029423,3.963879903157553,3.953121
