LoadRulesRealTime,LoadRulesCPUTime,LoadFactsRealTime,LoadFactsCPUTime,QueryRealTime,QueryCPUTime,WriteRealTime,WriteCPUTime
0.00117301940917969,0.000550999999999999,0.000677108764648438,0.000351000000000001,1.37857294082642,1.372677,0.0859179496765099,0.08568300000000018
0.00116610527038574,0.000548999999999999,0.000690937042236328,0.000357000000000001,1.38795900344849,1.384117,0.06677699089049982,0.06404199999999993
0.00118088722229004,0.000550999999999999,0.000701189041137695,0.000352,1.39635992050171,1.391114,0.06575012207030984,0.06419400000000008
0.00116181373596191,0.000543,0.000693082809448242,0.000352,1.38674187660217,1.381195,0.06810617446900014,0.066913
0.00117707252502441,0.000550999999999999,0.000674962997436523,0.000352000000000002,1.37769794464111,1.371989,0.08160305023194003,0.08108100000000018
Average,0.001171779632568358,0.0005489999999999992,0.0006874561309814452,0.00035280000000000077,1.38546633720398,1.3802184,0.07363085746765194,0.07238260000000007
