LoadRulesRealTime,LoadRulesCPUTime,LoadFactsRealTime,LoadFactsCPUTime,QueryRealTime,QueryCPUTime,WriteRealTime,WriteCPUTime
0.00345015525817871,0.0023,0.00469088554382324,0.004131,0.0218460559844971,0.021849,3.016114950180053,3.005694
0.0039830207824707,0.003982,0.00407290458679199,0.00407399999999999,0.0209920406341553,0.020977,3.4419639110565146,3.441878
Average,0.003716588020324705,0.003141,0.004381895065307615,0.004102499999999995,0.0214190483093262,0.021413,3.2290394306182835,3.223786
