LoadRulesRealTime,LoadRulesCPUTime,LoadFactsRealTime,LoadFactsCPUTime,QueryRealTime,QueryCPUTime,WriteRealTime,WriteCPUTime
0.00118494033813477,0.00055,0.000784158706665039,0.000432,3.33891677856445,3.326376,0.11491131782532005,0.1128499999999999
0.00116801261901855,0.000547000000000001,0.000780820846557617,0.000435,3.32095408439636,3.310914,0.13664913177490012,0.133451
0.0011909008026123,0.00055,0.000797033309936523,0.000437999999999999,3.35134196281433,3.339235,0.08841300010680975,0.08486700000000003
0.00117802619934082,0.000548,0.000784873962402344,0.000436000000000001,3.32827305793762,3.315349,0.11720299720764027,0.1157490000000001
0.0011599063873291,0.000548,0.000766992568969727,0.000429000000000001,3.34153604507446,3.328094,0.11931800842285023,0.11751299999999976
Average,0.001176357269287108,0.0005486000000000002,0.00078277587890625,0.0004340000000000002,3.336204385757444,3.3239936,0.11529889106750409,0.11288599999999996
