LoadRulesRealTime,LoadRulesCPUTime,LoadFactsRealTime,LoadFactsCPUTime,QueryRealTime,QueryCPUTime,WriteRealTime,WriteCPUTime
0.00117707252502441,0.000548999999999999,0.000711917877197266,0.000364,1.4260470867157,1.408595,0.04923295974731001,0.06103400000000003
0.00120186805725098,0.000564,0.000688076019287109,0.000360000000000001,1.38985705375671,1.385274,0.07777595520019998,0.06891500000000006
0.00121116638183594,0.000567,0.000706911087036133,0.000360000000000001,1.392982006073,1.388202,0.0643060207366899,0.06277500000000003
0.0012049674987793,0.000556000000000001,0.00068211555480957,0.000347,1.38287401199341,1.375846,0.07830882072448997,0.07921700000000009
0.00118494033813477,0.000554000000000001,0.000686168670654297,0.000352999999999999,1.39020204544067,1.385579,0.0588459968566899,0.058025000000000215
Average,0.00119600296020508,0.0005580000000000002,0.000695037841796875,0.0003568000000000002,1.396392440795898,1.3886992,0.06569395065307596,0.06599320000000009
