LoadRulesRealTime,LoadRulesCPUTime,LoadFactsRealTime,LoadFactsCPUTime,QueryRealTime,QueryCPUTime,WriteRealTime,WriteCPUTime
0.00117802619934082,0.000553,0.000609874725341797,0.000274,0.00362896919250488,0.003512,0.03507399559020992,0.034277
0.00114607810974121,0.000545,0.000613927841186523,0.000274999999999999,0.00359606742858887,0.003476,0.034302711486816434,0.033642
0.0011599063873291,0.00055,0.000603914260864258,0.000278,0.003662109375,0.003544,0.035308837890625,0.034554
0.00117206573486328,0.000552,0.000636100769042969,0.000277999999999999,0.00389480590820312,0.003758,0.041243314743041985,0.033679
0.00116205215454102,0.000548999999999999,0.00061488151550293,0.000274,0.00366497039794922,0.00353,0.03467893600463868,0.034044000000000005
Average,0.001163625717163086,0.0005497999999999998,0.0006157398223876954,0.00027579999999999955,0.0036893844604492182,0.0035640000000000003,0.036121559143066403,0.034039200000000006
