LoadRulesRealTime,LoadRulesCPUTime,LoadFactsRealTime,LoadFactsCPUTime,QueryRealTime,QueryCPUTime,WriteRealTime,WriteCPUTime
0.000916004180908203,0.000545,0.000401973724365234,0.000231,0.00201892852783203,0.001903,0.02013707160949707,0.019687000000000003
0.000910043716430664,0.000541999999999999,0.000421047210693359,0.000238,0.00202393531799316,0.001901,0.01977300643920894,0.019349
0.000896930694580078,0.000541,0.000423192977905273,0.000239,0.00203394889831543,0.001915,0.01953101158142087,0.019149
0.000938177108764648,0.000545,0.000441789627075195,0.000234999999999999,0.00200819969177246,0.001889,0.019592761993408238,0.019165
0.000931024551391602,0.000555,0.000422954559326172,0.000234999999999999,0.00203609466552734,0.001899,0.01935791969299316,0.018962
Average,0.000918436050415039,0.0005455999999999998,0.00042219161987304654,0.0002355999999999996,0.002024221420288084,0.0019014,0.019678354263305657,0.019262400000000002
