LoadRulesRealTime,LoadRulesCPUTime,LoadFactsRealTime,LoadFactsCPUTime,GroundRealTime,GroundCPUTime,QueryRealTime,QueryCPUTime,WriteRealTime,WriteCPUTime
0.0,0.0,0.05000019073486328,0.040000000000000036,0.14999985694885254,0.14999999999999997,0.009999990463256836,0.010000000000000009,0.009999990463256836,0.010000000000000009
0.0,0.0,0.039999961853027344,0.040000000000000036,0.15999984741210938,0.15999999999999998,0.0,0.0,0.019999980926513672,0.020000000000000018
0.0,0.0,0.039999961853027344,0.040000000000000036,0.16000008583068848,0.15999999999999998,0.0,0.0,0.029999971389770508,0.020000000000000018
0.0,0.0,0.04999995231628418,0.040000000000000036,0.16000008583068848,0.15999999999999998,0.0,0.0,0.019999980926513672,0.020000000000000018
0.0,0.0,0.039999961853027344,0.040000000000000036,0.16000008583068848,0.15999999999999998,0.0,0.0,0.019999980926513672,0.020000000000000018
Average,0.0,0.0,0.0440000057220459,0.040000000000000036,0.15799999237060547,0.15799999999999997,0.0019999980926513673,0.0020000000000000018,0.019999980926513672,0.018000000000000016
