LoadRulesRealTime,LoadRulesCPUTime,LoadFactsRealTime,LoadFactsCPUTime,GroundRealTime,GroundCPUTime,QueryRealTime,QueryCPUTime,WriteRealTime,WriteCPUTime
0.0,0.0,0.26999998092651367,0.27,1.7699999809265137,1.77,0.0,0.009999999999999787,0.16000008583068848,0.14000000000000057
0.0,0.0,0.26999998092651367,0.26,1.7599999904632568,1.7699999999999998,0.009999990463256836,0.010000000000000231,0.15000009536743164,0.13999999999999968
0.0,0.0,0.26999998092651367,0.27,1.7800002098083496,1.7799999999999998,0.009999990463256836,0.0,0.1399998664855957,0.15000000000000036
0.0,0.0,0.25999999046325684,0.26,1.8499999046325684,1.8499999999999999,0.0,0.010000000000000231,0.16000008583068848,0.14999999999999947
0.0,0.0,0.26999998092651367,0.27,1.7799999713897705,1.7799999999999998,0.009999990463256836,0.0,0.1400001049041748,0.15000000000000036
Average,0.0,0.0,0.2679999828338623,0.266,1.7880000114440917,1.7899999999999998,0.005999994277954101,0.0060000000000000496,0.15000004768371583,0.14600000000000007
