LoadRulesRealTime,LoadRulesCPUTime,LoadFactsRealTime,LoadFactsCPUTime,GroundRealTime,GroundCPUTime,QueryRealTime,QueryCPUTime,WriteRealTime,WriteCPUTime
0.0,0.0,0.8900001049041748,0.8800000000000001,11.68999981880188,11.670000000000002,0.029999971389770508,0.02000000000000135,0.46000003814697266,0.47999999999999715
0.0,0.0,0.8700001239776611,0.8700000000000001,11.71999979019165,11.710000000000003,0.03000020980834961,0.019999999999999574,0.45999979972839355,0.4700000000000007
0.0,0.0,0.880000114440918,0.8800000000000001,11.639999866485596,11.620000000000003,0.029999971389770508,0.02999999999999936,0.4700000286102295,0.48000000000000065
0.0,0.0,0.8700001239776611,0.8800000000000001,11.65999984741211,11.630000000000003,0.019999980926513672,0.02999999999999936,0.4700000286102295,0.4500000000000011
0.0,0.0,0.869999885559082,0.8800000000000001,11.650000095367432,11.630000000000003,0.029999971389770508,0.019999999999999574,0.4500000476837158,0.4700000000000007
Average,0.0,0.0,0.8760000705718994,0.8780000000000001,11.671999883651733,11.652000000000003,0.028000020980834962,0.023999999999999844,0.4619999885559082,0.47000000000000003
