LoadRulesRealTime,LoadRulesCPUTime,LoadFactsRealTime,LoadFactsCPUTime,GroundRealTime,GroundCPUTime,QueryRealTime,QueryCPUTime,WriteRealTime,WriteCPUTime
0.0,0.0,0.690000057220459,0.68,8.710000038146973,8.700000000000001,0.019999980926513672,0.02000000000000135,0.37000012397766113,0.36999999999999766
0.0,0.0,0.7100000381469727,0.71,8.210000038146973,8.200000000000001,0.019999980926513672,0.029999999999999576,0.3599998950958252,0.33999999999999964
0.0,0.0,0.7000000476837158,0.7000000000000001,8.139999866485596,8.13,0.019999980926513672,0.019999999999999574,0.38000011444091797,0.3700000000000012
0.0,0.0,0.6999998092651367,0.6900000000000001,8.160000085830688,8.15,0.019999980926513672,0.019999999999999574,0.3600001335144043,0.3700000000000012
0.0,0.0,0.690000057220459,0.68,8.230000019073486,8.220000000000002,0.019999980926513672,0.019999999999999574,0.37000012397766113,0.3699999999999992
Average,0.0,0.0,0.6980000019073487,0.6920000000000001,8.290000009536744,8.280000000000001,0.019999980926513672,0.02199999999999993,0.36800007820129393,0.36399999999999977
