LoadRulesRealTime,LoadRulesCPUTime,LoadFactsRealTime,LoadFactsCPUTime,GroundRealTime,GroundCPUTime,QueryRealTime,QueryCPUTime,WriteRealTime,WriteCPUTime
0.0,0.0,0.37999987602233887,0.38,3.430000066757202,3.43,0.009999990463256836,0.009999999999999787,0.21000003814697266,0.20999999999999994
0.0,0.0,0.3900001049041748,0.38,3.629999876022339,3.63,0.009999990463256836,0.009999999999999787,0.21000003814697266,0.21000000000000016
0.0,0.0,0.3899998664855957,0.38,3.5900001525878906,3.6,0.009999990463256836,0.009999999999999787,0.2200000286102295,0.21000000000000082
0.0,0.0,0.3900001049041748,0.38,3.569999933242798,3.5800000000000005,0.019999980926513672,0.009999999999999787,0.20000004768371582,0.20999999999999994
0.0,0.0,0.3900001049041748,0.38,3.5899999141693115,3.5900000000000003,0.009999990463256836,0.009999999999999787,0.21000003814697266,0.20999999999999994
Average,0.0,0.0,0.3880000114440918,0.38,3.5619999885559084,3.5660000000000003,0.011999988555908203,0.009999999999999787,0.21000003814697266,0.21000000000000013
