LoadRulesRealTime,LoadRulesCPUTime,LoadFactsRealTime,LoadFactsCPUTime,GroundRealTime,GroundCPUTime,QueryRealTime,QueryCPUTime,WriteRealTime,WriteCPUTime
0.0,0.0,1.1099998950958252,1.11,35.99000000953674,35.93,0.039999961853027344,0.03999999999999915,0.570000171661377,0.5600000000000043
0.0,0.0,1.0899999141693115,1.08,36.700000047683716,36.64,0.029999971389770508,0.040000000000001146,0.5999999046325684,0.5699999999999983
0.0,0.0,1.0900001525878906,1.08,36.55999994277954,36.5,0.029999971389770508,0.030000000000001137,0.5799999237060547,0.5700000000000003
0.0,0.0,1.1000001430511475,1.1,35.769999980926514,35.71000000000001,0.039999961853027344,0.03999999999999915,0.559999942779541,0.5599999999999972
0.0,0.0,1.1000001430511475,1.09,35.829999923706055,35.77,0.029999971389770508,0.040000000000001146,0.5799999237060547,0.5600000000000003
Average,0.0,0.0,1.0980000495910645,1.092,36.16999998092651,36.11,0.033999967575073245,0.038000000000000346,0.5779999732971192,0.5640000000000001
