DatalogToCPPRealTime,DatalogToCPPCPUTime,CompileRealTime,CompileCPUTime,InstanceLoadingRealTime,InstanceLoadingCPUTime,LoadingFactRealTime,LoadingFactCPUTime,QueryRealTime,QueryCPUTime,WritingResultRealTime,WritingResultCPUTime
0.009999990463256836,0.0,1.4700000286102295,1.49,0.000103334,0.000102,0.00563696,0.005605,0.388026,0.387799,0.000316625,0.000317
0.009999990463256836,0.010000000000000002,1.4800000190734863,1.51,0.000142417,0.00014,0.00516329,0.005159,0.387077,0.386725,0.000393458,0.000352
0.009999990463256836,0.019999999999999983,1.5,1.52,0.0001995,0.000195,0.00852996,0.008499,0.392704,0.39245,0.000464709,0.000375
0.010000228881835938,0.0,1.4799997806549072,1.51,0.000119042,0.000117,0.00551088,0.005506,0.38609,0.385845,0.000415125,0.000357
0.009999990463256836,0.010000000000000002,1.4900000095367432,1.52,0.000135333,0.000135,0.00530146,0.005277,0.387847,0.387586,0.000430834,0.000387
Average,0.010000038146972656,0.007999999999999997,1.4839999675750732,1.5099999999999998,0.00013992519999999999,0.00013780000000000002,0.00602851,0.0060092,0.38834880000000005,0.388081,0.00040415020000000005,0.00035759999999999996
