DatalogToCPPRealTime,DatalogToCPPCPUTime,CompileRealTime,CompileCPUTime,InstanceLoadingRealTime,InstanceLoadingCPUTime,LoadingFactRealTime,LoadingFactCPUTime,QueryRealTime,QueryCPUTime,WritingResultRealTime,WritingResultCPUTime
0.009999990463256836,0.010000000000000002,1.5,1.52,0.000135667,0.000133,0.00712792,0.006878,0.296359,0.295902,0.000295625,0.000295
0.009999990463256836,0.010000000000000002,1.5,1.52,0.000150542,0.000149,0.00647821,0.006446,0.295126,0.294679,0.001061,0.000382
0.009999990463256836,0.010000000000000002,1.5099999904632568,1.55,0.000155292,0.000155,0.00637333,0.006314,0.295992,0.295833,0.000979166,0.000408
0.010000228881835938,0.010000000000000002,1.5399999618530273,1.57,0.000140833,0.00014,0.00630188,0.006253,0.296386,0.296065,0.000490375,0.000361
0.009999990463256836,0.010000000000000002,1.5,1.52,0.000133417,0.000133,0.00603817,0.006002,0.295586,0.295323,0.00211892,0.000362
Average,0.010000038146972656,0.010000000000000002,1.5099999904632568,1.536,0.0001431502,0.000142,0.0064639020000000005,0.006378600000000001,0.29588980000000004,0.2955604,0.0009890171999999999,0.0003616
