DatalogToCPPRealTime,DatalogToCPPCPUTime,CompileRealTime,CompileCPUTime,InstanceLoadingRealTime,InstanceLoadingCPUTime,LoadingFactRealTime,LoadingFactCPUTime,QueryRealTime,QueryCPUTime,WritingResultRealTime,WritingResultCPUTime
0.009999990463256836,0.0,1.5,1.51,0.000135333,0.000134,0.00271704,0.002008,0.0265125,0.026439,0.000331917,0.000331
0.009999990463256836,0.0,1.5099999904632568,1.53,0.000130375,0.000129,0.00186988,0.001868,0.0257913,0.02574,0.000295083,0.000232
0.009999990463256836,0.0,1.5,1.53,0.000145084,0.000143,0.00197458,0.001951,0.025877,0.025839,0.000313166,0.000299
0.009999990463256836,0.0,1.4900000095367432,1.53,0.000161042,0.000159,0.00194821,0.001947,0.0259232,0.025867,0.000304541,0.000304
0.009999990463256836,0.0,1.5,1.53,0.000148958,0.000148,0.00194879,0.001945,0.0260056,0.025955,0.000324333,0.000323
Average,0.009999990463256836,0.0,1.5,1.5260000000000002,0.0001441584,0.0001426,0.0020917,0.0019438,0.026021919999999997,0.025968,0.00031380799999999995,0.0002978
