DatalogToCPPRealTime,DatalogToCPPCPUTime,CompileRealTime,CompileCPUTime,InstanceLoadingRealTime,InstanceLoadingCPUTime,LoadingFactRealTime,LoadingFactCPUTime,QueryRealTime,QueryCPUTime,WritingResultRealTime,WritingResultCPUTime
0.009999990463256836,0.0,1.5,1.53,0.000155584,0.000154,0.00194408,0.001929,0.147026,0.146913,0.000266541,0.000264
0.009999990463256836,0.010000000000000002,1.5099999904632568,1.53,0.000156042,0.000155,0.00190237,0.00187,0.147128,0.146995,0.00024,0.00024
0.009999990463256836,0.010000000000000002,1.5,1.54,0.000157916,0.000156,0.00186154,0.00186,0.145842,0.145726,0.000274584,0.000273
0.009999990463256836,0.010000000000000002,1.5,1.52,0.000161,0.000156,0.00193158,0.001917,0.146187,0.14605,0.000250292,0.00025
0.009999990463256836,0.010000000000000002,1.4900000095367432,1.53,0.00014475,0.000143,0.00193462,0.001933,0.147205,0.147043,0.00041675,0.000416
Average,0.009999990463256836,0.008000000000000002,1.5,1.5299999999999998,0.0001550584,0.0001528,0.0019148379999999999,0.0019018,0.14667760000000002,0.1465454,0.0002896334,0.0002886
