DatalogToCPPRealTime,DatalogToCPPCPUTime,CompileRealTime,CompileCPUTime,InstanceLoadingRealTime,InstanceLoadingCPUTime,LoadingFactRealTime,LoadingFactCPUTime,QueryRealTime,QueryCPUTime,WritingResultRealTime,WritingResultCPUTime
0.009999990463256836,0.0,1.5,1.53,0.000167583,0.000166,0.00479317,0.00477,2.85431,2.84952,0.000485875,0.000486
0.009999990463256836,0.010000000000000002,1.5199999809265137,1.54,0.00021275,0.00018,0.00452712,0.0045,2.85719,2.85222,0.000357208,0.000357
0.009999990463256836,0.0,1.5,1.54,0.000160667,0.000159,0.00451108,0.004493,2.85043,2.84547,0.000436375,0.000435
0.009999990463256836,0.010000000000000002,1.4900000095367432,1.51,0.000152834,0.000151,0.00327042,0.003249,2.85915,2.85293,0.000236958,0.000236
0.009999990463256836,0.010000000000000002,1.5,1.52,0.000138834,0.000139,0.002634,0.002633,2.84108,2.83614,0.000337917,0.000331
Average,0.009999990463256836,0.006000000000000001,1.5019999980926513,1.528,0.0001665336,0.00015900000000000002,0.003947158,0.003929,2.852432,2.8472560000000002,0.0003708666,0.0003690000000000001
