LoadRulesRealTime,LoadRulesCPUTime,LoadFactsRealTime,LoadFactsCPUTime,QueryRealTime,QueryCPUTime,WriteRealTime,WriteCPUTime
0.000910043716430664,0.000541,0.000365018844604492,0.000193,1.69277191162109e-05,1.60000000000004e-05,0.0003120899200439451,0.00014399999999999862
0.00091099739074707,0.000547000000000001,0.00037384033203125,0.000191,1.71661376953125e-05,1.59999999999987e-05,0.0003337860107421875,0.00014100000000000028
0.000919103622436523,0.000553,0.000370979309082031,0.000191,1.69277191162109e-05,1.60000000000004e-05,0.0003340244293212891,0.0001430000000000006
0.000918865203857422,0.000553,0.000369071960449219,0.000189,1.81198120117188e-05,1.69999999999997e-05,0.00033783912658691417,0.0001419999999999993
0.000914096832275391,0.000540000000000001,0.00037693977355957,0.000196999999999999,1.81198120117188e-05,1.60000000000004e-05,0.0003397464752197262,0.00014499999999999962
Average,0.0009146213531494139,0.0005468000000000004,0.00037117004394531243,0.0001921999999999998,1.745223999023438e-05,1.619999999999992e-05,0.0003314971923828124,0.00014299999999999968
