LoadRulesRealTime,LoadRulesCPUTime,LoadFactsRealTime,LoadFactsCPUTime,QueryRealTime,QueryCPUTime,WriteRealTime,WriteCPUTime
0.00092005729675293,0.000541,0.000558853149414062,0.000349,4.10079956054688e-05,3.79999999999998e-05,0.00048804283142089817,0.0003200000000000012
0.000917911529541016,0.000548,0.000540018081665039,0.000343,4.1961669921875e-05,3.90000000000008e-05,0.000488042831420898,0.00030999999999999924
0.000912904739379883,0.000541,0.000533103942871094,0.000336999999999999,4.10079956054688e-05,3.70000000000006e-05,0.0004470348358154292,0.00028599999999999936
0.000908136367797852,0.000543,0.000523805618286133,0.000338,4.10079956054688e-05,3.90000000000008e-05,0.0004858970642089842,0.0003070000000000002
0.00170803070068359,0.000572999999999999,0.000456809997558594,0.000315000000000001,3.91006469726562e-05,3.59999999999996e-05,0.0005018711090087887,0.0003110000000000004
Average,0.0010734081268310542,0.0005491999999999998,0.0005225181579589845,0.00033640000000000005,4.0817260742187524e-05,3.7800000000000316e-05,0.00048217773437499964,0.00030680000000000014
