LoadRulesRealTime,LoadRulesCPUTime,LoadFactsRealTime,LoadFactsCPUTime,QueryRealTime,QueryCPUTime,WriteRealTime,WriteCPUTime
0.00540995597839355,0.005342,0.00341582298278809,0.002828,4.91142272949219e-05,4.79999999999994e-05,0.004703998565673828,0.004705000000000001
0.00569486618041992,0.005662,0.00295805931091309,0.00295899999999999,5.88893890380859e-05,5.80000000000025e-05,0.006069183349609374,0.006070999999999997
0.00687980651855469,0.004274,0.00371003150939941,0.00371300000000001,9.20295715332031e-05,8.99999999999929e-05,0.005599021911621097,0.005561000000000007
Average,0.005994876225789387,0.005092666666666666,0.0033613046010335297,0.0031666666666666666,6.667772928873696e-05,6.533333333333159e-05,0.0054574012756347665,0.005445666666666668
