LoadRulesRealTime,LoadRulesCPUTime,LoadFactsRealTime,LoadFactsCPUTime,QueryRealTime,QueryCPUTime,WriteRealTime,WriteCPUTime
0.00117993354797363,0.00055,0.00108790397644043,0.000712000000000001,8.91685485839844e-05,8.69999999999985e-05,0.0010538101196289056,0.0007140000000000014
0.0011439323425293,0.000544000000000001,0.00106501579284668,0.000716999999999999,8.70227813720703e-05,8.5e-05,0.0010428428649902296,0.000723000000000001
0.00116395950317383,0.000558000000000001,0.00106096267700195,0.000706999999999999,8.60691070556641e-05,8.5e-05,0.001043081283569336,0.000734
0.0011599063873291,0.000543,0.00108098983764648,0.000715,8.89301300048828e-05,8.5e-05,0.0011000633239746072,0.000732
0.00116920471191406,0.00055,0.00107789039611816,0.000706999999999999,8.60691070556641e-05,8.5e-05,0.001055955886840816,0.000723000000000001
Average,0.0011633872985839838,0.0005490000000000004,0.00107455253601074,0.0007115999999999995,8.745193481445314e-05,8.53999999999997e-05,0.001059150695800779,0.0007252000000000007
