LoadRulesRealTime,LoadRulesCPUTime,LoadFactsRealTime,LoadFactsCPUTime,QueryRealTime,QueryCPUTime,WriteRealTime,WriteCPUTime
0.00141716003417969,0.000562999999999999,0.000684976577758789,0.000191,2.19345092773438e-05,1.89999999999999e-05,0.0004119873046875002,0.0001350000000000001
0.00120306015014648,0.000565999999999999,0.000543832778930664,0.000204000000000001,1.9073486328125e-05,1.69999999999997e-05,0.00043487548828125,0.0001460000000000003
0.00125503540039062,0.000586999999999999,0.000519037246704102,0.000196,1.9073486328125e-05,1.69999999999997e-05,0.000420808792114258,0.0001329999999999993
0.00114989280700684,0.000547000000000001,0.000514984130859375,0.000192999999999999,1.9073486328125e-05,1.70000000000014e-05,0.000406026840209961,0.0001289999999999986
0.00115203857421875,0.000548,0.000573873519897461,0.000217999999999999,1.9073486328125e-05,1.69999999999997e-05,0.000417947769165039,0.00013999999999999928
Average,0.001235437393188476,0.0005621999999999996,0.0005673408508300781,0.0002003999999999998,1.964569091796876e-05,1.7400000000000077e-05,0.00041832923889160165,0.00013659999999999953
