LoadRulesRealTime,LoadRulesCPUTime,LoadFactsRealTime,LoadFactsCPUTime,QueryRealTime,QueryCPUTime,WriteRealTime,WriteCPUTime
0.00538110733032227,0.005352,0.00870895385742188,0.008077,0.000143051147460938,0.000142000000000003,0.020954132080078163,0.020957999999999997
0.00539016723632812,0.003369,0.00655579566955566,0.006481,0.000127077102661133,0.000125,0.021179914474487267,0.02043
0.00607490539550781,0.00607400000000001,0.00879716873168945,0.008798,0.000147819519042969,0.000146999999999994,0.01950526237487793,0.019498000000000005
Average,0.0056153933207194,0.00493166666666667,0.008020639419555662,0.007785333333333334,0.0001393159230550133,0.00013799999999999902,0.020546436309814453,0.020295333333333332
