LoadRulesRealTime,LoadRulesCPUTime,LoadFactsRealTime,LoadFactsCPUTime,QueryRealTime,QueryCPUTime,WriteRealTime,WriteCPUTime
0.00117397308349609,0.000550999999999999,0.00082707405090332,0.000488000000000001,5.60283660888672e-05,5.29999999999992e-05,0.0007839202880859378,0.0004790000000000018
0.00131511688232422,0.000564,0.000804901123046875,0.000485000000000001,5.79357147216797e-05,5.29999999999992e-05,0.0007321834564208983,0.0004440000000000018
0.00116586685180664,0.00055,0.000844001770019531,0.000494,5.7220458984375e-05,5.40000000000002e-05,0.000754833221435547,0.0004570000000000008
0.00118803977966309,0.000564,0.000816822052001953,0.000506,5.91278076171875e-05,5.00000000000014e-05,0.0007050037384033205,0.0004269999999999986
0.00118780136108398,0.000551000000000001,0.000905036926269531,0.000515999999999999,6.60419464111328e-05,5.69999999999998e-05,0.0007090568542480472,0.0004279999999999992
Average,0.001206159591674804,0.0005560000000000001,0.000839567184448242,0.0004978000000000003,5.9270858764648436e-05,5.339999999999996e-05,0.0007369995117187503,0.00044700000000000046
