LoadRulesRealTime,LoadRulesCPUTime,LoadFactsRealTime,LoadFactsCPUTime,QueryRealTime,QueryCPUTime,WriteRealTime,WriteCPUTime
0.00119996070861816,0.000573000000000001,0.00104784965515137,0.000475999999999999,5.00679016113281e-05,4.80000000000012e-05,0.0007369518280029299,0.0004429999999999988
0.00117087364196777,0.000553,0.000861167907714844,0.000501,5.19752502441406e-05,5.10000000000007e-05,0.0007619857788085934,0.0004440000000000003
0.00116682052612305,0.000547000000000001,0.000848054885864258,0.000490000000000001,5.60283660888672e-05,5.29999999999992e-05,0.0007250308990478518,0.0004270000000000018
0.00114679336547852,0.000545,0.000876188278198242,0.000513,5.19752502441406e-05,5.00000000000014e-05,0.0007178783416748044,0.0004269999999999986
0.00118398666381836,0.000555,0.000869035720825195,0.000515,4.98294830322266e-05,4.80000000000012e-05,0.0007002353668212894,0.00042799999999999777
Average,0.0011736869812011721,0.0005546000000000004,0.0009004592895507819,0.000499,5.197525024414061e-05,5.000000000000074e-05,0.0007284164428710937,0.0004337999999999995
