LoadRulesRealTime,LoadRulesCPUTime,LoadFactsRealTime,LoadFactsCPUTime,QueryRealTime,QueryCPUTime,WriteRealTime,WriteCPUTime
0.000923871994018555,0.000541,0.000940084457397461,0.000515999999999999,5.38825988769531e-05,5.10000000000007e-05,0.0006570816040039059,0.00047999999999999736
0.000896930694580078,0.000541,0.000704050064086914,0.000491,5.79357147216797e-05,5.60000000000005e-05,0.0006561279296875003,0.00047199999999999846
0.000906229019165039,0.000546,0.000688791275024414,0.000488000000000001,5.69820404052734e-05,5.49999999999995e-05,0.0006670951843261715,0.0004760000000000005
0.000893115997314453,0.000543,0.00069880485534668,0.000489,5.7220458984375e-05,5.50000000000012e-05,0.000671863555908203,0.0004769999999999978
0.000900983810424805,0.000541,0.000699043273925781,0.000492000000000001,5.69820404052734e-05,5.49999999999995e-05,0.0006470680236816405,0.0004730000000000015
Average,0.0009042263031005859,0.0005424,0.00074615478515625,0.0004952000000000002,5.660057067871092e-05,5.440000000000028e-05,0.0006598472595214842,0.0004755999999999991
