LoadRulesRealTime,LoadRulesCPUTime,LoadFactsRealTime,LoadFactsCPUTime,QueryRealTime,QueryCPUTime,WriteRealTime,WriteCPUTime
0.00117301940917969,0.000547000000000001,0.00123810768127441,0.000864,0.000104904174804688,0.000102999999999999,0.001246213912963862,0.000895000000000002
0.0012211799621582,0.000567,0.00125885009765625,0.000874999999999999,0.000111103057861328,0.000108,0.001195907592773442,0.0008860000000000001
0.00116896629333496,0.000549000000000001,0.00127601623535156,0.000890999999999999,0.000108957290649414,0.000102999999999999,0.0012130737304687459,0.000890000000000002
0.00116300582885742,0.000552,0.00124096870422363,0.000862999999999999,0.000110864639282227,0.000107000000000001,0.001206159591674803,0.0008819999999999991
0.0011749267578125,0.00055,0.00123691558837891,0.000862999999999999,0.000105142593383789,0.000103000000000001,0.0012347698211669909,0.000896999999999999
Average,0.001180219650268554,0.0005530000000000004,0.001250171661376952,0.0008711999999999993,0.00010819435119628919,0.00010479999999999999,0.0012192249298095686,0.0008900000000000005
