LoadRulesRealTime,LoadRulesCPUTime,LoadFactsRealTime,LoadFactsCPUTime,QueryRealTime,QueryCPUTime,WriteRealTime,WriteCPUTime
0.0011749267578125,0.00055,0.000597000122070312,0.000267,2.78949737548828e-05,2.6e-05,0.0005340576171875002,0.000231
0.00116491317749023,0.000547000000000001,0.000596046447753906,0.000272,3.00407409667969e-05,2.80000000000002e-05,0.0005178451538085941,0.0002230000000000008
0.00115203857421875,0.000546,0.000602006912231445,0.000277000000000001,2.88486480712891e-05,2.69999999999992e-05,0.0005161762237548829,0.00022600000000000083
0.00113415718078613,0.000536,0.000593900680541992,0.000270000000000001,2.90870666503906e-05,2.69999999999992e-05,0.0005249977111816404,0.0002320000000000018
0.00117897987365723,0.000548,0.000587940216064453,0.000265,2.88486480712891e-05,2.80000000000002e-05,0.000533342361450195,0.00022599999999999883
Average,0.001161003112792968,0.0005454000000000002,0.0005953788757324215,0.0002702000000000004,2.89440155029297e-05,2.7199999999999757e-05,0.0005252838134765625,0.00022760000000000046
