LoadRulesRealTime,LoadRulesCPUTime,LoadFactsRealTime,LoadFactsCPUTime,QueryRealTime,QueryCPUTime,WriteRealTime,WriteCPUTime
0.0011909008026123,0.000559,0.00085902214050293,0.000498999999999999,5.79357147216797e-05,5.60000000000005e-05,0.0007350444793701173,0.00043800000000000045
0.00117206573486328,0.00056,0.000897884368896484,0.000517,6.00814819335938e-05,5.60000000000005e-05,0.0007169246673583982,0.0004259999999999995
0.00115203857421875,0.00055,0.000844955444335938,0.000503,5.69820404052734e-05,5.29999999999992e-05,0.0007200241088867185,0.00045000000000000075
0.00118112564086914,0.000548,0.000879049301147461,0.000513999999999999,5.79357147216797e-05,5.60000000000005e-05,0.0008480548858642584,0.0004919999999999995
0.00118207931518555,0.000547000000000001,0.00084686279296875,0.000498999999999999,5.69820404052734e-05,5.60000000000005e-05,0.0007810592651367185,0.00046199999999999854
Average,0.001175642013549804,0.0005528000000000002,0.0008655548095703125,0.0005063999999999995,5.798339843749999e-05,5.540000000000024e-05,0.0007602214813232422,0.00045359999999999975
