LoadRulesRealTime,LoadRulesCPUTime,LoadFactsRealTime,LoadFactsCPUTime,QueryRealTime,QueryCPUTime,WriteRealTime,WriteCPUTime
0.00124287605285645,0.000568000000000001,0.000760078430175781,0.000423,4.60147857666016e-05,4.39999999999989e-05,0.0006639957427978515,0.0003580000000000011
0.00119805335998535,0.000564,0.000779867172241211,0.000433000000000001,4.79221343994141e-05,4.49999999999999e-05,0.0006542205810546879,0.0003579999999999991
0.00117802619934082,0.000555999999999999,0.000784873962402344,0.000437,5.19752502441406e-05,4.70000000000002e-05,0.0006659030914306644,0.0003569999999999998
0.00120401382446289,0.000572,0.000792980194091797,0.000434,4.60147857666016e-05,4.29999999999996e-05,0.0006489753723144535,0.00037000000000000043
0.00117397308349609,0.000548,0.000779867172241211,0.000432999999999999,4.60147857666016e-05,4.40000000000006e-05,0.0006351470947265624,0.0003569999999999994
Average,0.0011993885040283202,0.0005616,0.0007795333862304687,0.000432,4.758834838867191e-05,4.4599999999999844e-05,0.000653648376464844,0.00036
