LoadRulesRealTime,LoadRulesCPUTime,LoadFactsRealTime,LoadFactsCPUTime,QueryRealTime,QueryCPUTime,WriteRealTime,WriteCPUTime
0.00117707252502441,0.000550999999999999,0.000795841217041016,0.000264,2.50339508056641e-05,2.29999999999987e-05,0.000552892684936524,0.00022400000000000233
0.0011589527130127,0.000550999999999999,0.000622987747192383,0.000291,2.78949737548828e-05,2.50000000000007e-05,0.0005321502685546872,0.00022399999999999832
0.00116205215454102,0.000550999999999999,0.00060582160949707,0.000281,2.62260437011719e-05,2.30000000000005e-05,0.0005147457122802731,0.0002210000000000005
0.00117301940917969,0.000555,0.000587940216064453,0.000269999999999999,2.69412994384766e-05,2.39999999999997e-05,0.0005428791046142575,0.0002360000000000003
0.0011599063873291,0.000546,0.000627994537353516,0.000282000000000001,2.69412994384766e-05,2.4999999999999e-05,0.0004968643188476565,0.000204000000000001
Average,0.001166200637817384,0.0005507999999999994,0.0006481170654296876,0.00027759999999999997,2.66075134277344e-05,2.399999999999972e-05,0.0005279064178466796,0.0002218000000000005
