LoadRulesRealTime,LoadRulesCPUTime,LoadFactsRealTime,LoadFactsCPUTime,QueryRealTime,QueryCPUTime,WriteRealTime,WriteCPUTime
0.00115203857421875,0.000547000000000001,0.00092005729675293,0.000569,7.08103179931641e-05,6.80000000000004e-05,0.0008821487426757809,0.0005640000000000007
0.00116086006164551,0.000549000000000001,0.000911951065063477,0.000567,6.91413879394531e-05,6.69999999999994e-05,0.0008749961853027349,0.0005549999999999995
0.00115013122558594,0.000549000000000001,0.000918865203857422,0.000578,7.00950622558594e-05,6.69999999999994e-05,0.0008819103240966796,0.0005530000000000016
0.00114893913269043,0.000546999999999999,0.000899076461791992,0.000558000000000001,6.79492950439453e-05,6.69999999999994e-05,0.0008680820465087887,0.0005529999999999997
0.00117611885070801,0.000547000000000001,0.000905036926269531,0.000557999999999999,6.79492950439453e-05,6.60000000000001e-05,0.0008790493011474607,0.0005609999999999989
Average,0.001157617568969728,0.0005478000000000005,0.0009109973907470705,0.0005659999999999999,6.918907165527343e-05,6.699999999999974e-05,0.0008772373199462889,0.0005572000000000001
