LoadRulesRealTime,LoadRulesCPUTime,LoadFactsRealTime,LoadFactsCPUTime,QueryRealTime,QueryCPUTime,WriteRealTime,WriteCPUTime
0.000931024551391602,0.000544999999999999,0.00123715400695801,0.000739,8.70227813720703e-05,8.40000000000007e-05,0.0009160041809081997,0.0007239999999999993
0.000905036926269531,0.000541,0.000936031341552734,0.000716000000000001,8.70227813720703e-05,8.3999999999999e-05,0.0009150505065917997,0.000729
0.000900983810424805,0.000536999999999999,0.000913143157958984,0.000709,8.98838043212891e-05,8.6000000000001e-05,0.0009059906005859379,0.000718999999999999
0.000916004180908203,0.000543,0.000931978225708008,0.000706,8.51154327392578e-05,8.29999999999997e-05,0.0009241104125976521,0.0007359999999999992
0.000910043716430664,0.000543,0.000913858413696289,0.000696,8.60691070556641e-05,8.40000000000007e-05,0.0009169578552246059,0.0007270000000000002
Average,0.000912618637084961,0.0005417999999999996,0.000986433029174805,0.0007132000000000002,8.702278137207033e-05,8.420000000000022e-05,0.000915622711181639,0.0007269999999999996
