LoadRulesRealTime,LoadRulesCPUTime,LoadFactsRealTime,LoadFactsCPUTime,QueryRealTime,QueryCPUTime,WriteRealTime,WriteCPUTime
0.00394082069396973,0.003941,0.00146913528442383,0.001469,3.29017639160156e-05,3.20000000000042e-05,0.0026271343231201146,0.002627999999999996
0.00379204750061035,0.003732,0.00134897232055664,0.001348,3.00407409667969e-05,2.90000000000012e-05,0.002243041992187503,0.0022449999999999987
Average,0.00386643409729004,0.0038365,0.001409053802490235,0.0014085,3.147125244140625e-05,3.05000000000027e-05,0.0024350881576538086,0.0024364999999999973
