LoadRulesRealTime,LoadRulesCPUTime,LoadFactsRealTime,LoadFactsCPUTime,QueryRealTime,QueryCPUTime,WriteRealTime,WriteCPUTime
0.00119590759277344,0.000555999999999999,0.000548124313354492,0.000201,2.09808349609375e-05,1.89999999999999e-05,0.0003950595855712895,0.0001300000000000001
0.00118708610534668,0.000572,0.000514030456542969,0.000193,2.09808349609375e-05,1.89999999999999e-05,0.0004270076751708985,0.00013899999999999812
0.00117802619934082,0.000562,0.000546932220458984,0.000203999999999999,2.09808349609375e-05,1.80000000000007e-05,0.0004482269287109375,0.0001449999999999993
0.00121903419494629,0.000571,0.000549077987670898,0.000207000000000001,2.40802764892578e-05,1.89999999999999e-05,0.0004258155822753902,0.0001390000000000001
0.00117301940917969,0.000556000000000001,0.000559091567993164,0.000206,2.19345092773438e-05,1.89999999999999e-05,0.0004172325134277342,0.00013200000000000012
Average,0.001190614700317384,0.0005634,0.0005434513092041014,0.00020219999999999998,2.179145812988282e-05,1.8800000000000057e-05,0.00042266845703125,0.00013699999999999954
