LoadRulesRealTime,LoadRulesCPUTime,LoadFactsRealTime,LoadFactsCPUTime,QueryRealTime,QueryCPUTime,WriteRealTime,WriteCPUTime
0.00118684768676758,0.000554000000000001,0.000765085220336914,0.000415,4.50611114501953e-05,4.29999999999996e-05,0.0006988048553466797,0.0003969999999999994
0.0011601448059082,0.000552,0.000761032104492188,0.000428,4.48226928710938e-05,4.29999999999996e-05,0.0007002353668212893,0.0003920000000000004
0.0011441707611084,0.000542000000000001,0.000747919082641602,0.000416,4.50611114501953e-05,4.29999999999996e-05,0.0006909370422363277,0.0003990000000000014
0.00116705894470215,0.000545,0.000750064849853516,0.000413999999999999,4.38690185546875e-05,4.20000000000004e-05,0.0007071495056152345,0.0003960000000000006
0.00117897987365723,0.000543999999999999,0.000751018524169922,0.000414000000000001,4.41074371337891e-05,4.20000000000004e-05,0.00070500373840332,0.0003979999999999986
Average,0.0011674404144287121,0.0005474000000000002,0.0007550239562988284,0.00041739999999999995,4.45842742919922e-05,4.259999999999992e-05,0.0007004261016845702,0.00039640000000000004
