LoadRulesRealTime,LoadRulesCPUTime,LoadFactsRealTime,LoadFactsCPUTime,QueryRealTime,QueryCPUTime,WriteRealTime,WriteCPUTime
0.00397706031799316,0.003977,0.00569987297058105,0.004244,7.10487365722656e-05,7.10000000000016e-05,0.010231971740722634,0.010231999999999998
0.00366997718811035,0.00305800000000001,0.00390410423278809,0.003851,8.10623168945312e-05,7.99999999999967e-05,0.01121187210083007,0.011213000000000002
Average,0.0038235187530517548,0.003517500000000005,0.00480198860168457,0.0040475,7.60555267333984e-05,7.549999999999915e-05,0.010721921920776352,0.0107225
