LoadRulesRealTime,LoadRulesCPUTime,LoadFactsRealTime,LoadFactsCPUTime,QueryRealTime,QueryCPUTime,WriteRealTime,WriteCPUTime
0.00371098518371582,0.003711,0.0023648738861084,0.001902,4.1961669921875e-05,4.20000000000004e-05,0.005923032760620115,0.005626
0.00411701202392578,0.004115,0.00206089019775391,0.00206100000000001,4.31537628173828e-05,4.29999999999875e-05,0.004314899444580077,-4.29999999999875e-05
Average,0.0039139986038208,0.003913,0.002212882041931155,0.001981500000000005,4.25577163696289e-05,4.2499999999993945e-05,0.005118966102600096,0.002791500000000006
