LoadRulesRealTime,LoadRulesCPUTime,LoadFactsRealTime,LoadFactsCPUTime,QueryRealTime,QueryCPUTime,WriteRealTime,WriteCPUTime
0.00429892539978027,0.00426199999999999,0.00628304481506348,0.003729,6.29425048828125e-05,6.19999999999996e-05,0.008327960968017578,0.008206
0.0050811767578125,0.00501600000000001,0.00395393371582031,0.003955,6.69956207275391e-05,6.59999999999966e-05,0.008084058761596681,0.008085000000000004
Average,0.004690051078796385,0.004639,0.0051184892654418945,0.003842,6.496906280517581e-05,6.39999999999981e-05,0.008206009864807129,0.008145500000000002
