LoadRulesRealTime,LoadRulesCPUTime,LoadFactsRealTime,LoadFactsCPUTime,QueryRealTime,QueryCPUTime,WriteRealTime,WriteCPUTime
0.000900983810424805,0.000539999999999999,0.00101900100708008,0.000783000000000001,8.98838043212891e-05,8.79999999999995e-05,0.0010070800781250009,0.0008310000000000014
0.000975131988525391,0.000545,0.00103998184204102,0.000785000000000001,9.20295715332031e-05,8.89999999999988e-05,0.0010519027709960968,0.0008410000000000002
0.000900030136108398,0.000545,0.00099492073059082,0.000777,8.89301300048828e-05,8.69999999999985e-05,0.000995159149169917,0.0007950000000000024
0.000917911529541016,0.000539000000000001,0.00101304054260254,0.000780999999999999,9.10758972167969e-05,8.90000000000005e-05,0.0010259151458740232,0.0008240000000000005
0.000919103622436523,0.000548999999999999,0.0010368824005127,0.000787,9.10758972167969e-05,8.90000000000005e-05,0.0010280609130859332,0.0008079999999999995
Average,0.0009226322174072266,0.0005435999999999998,0.0010207653045654322,0.0007826000000000003,9.059906005859375e-05,8.839999999999955e-05,0.0010216236114501942,0.0008198000000000007
