LoadRulesRealTime,LoadRulesCPUTime,LoadFactsRealTime,LoadFactsCPUTime,QueryRealTime,QueryCPUTime,WriteRealTime,WriteCPUTime
0.00118398666381836,0.000553999999999999,0.00114989280700684,0.000784,9.51290130615234e-05,9.30000000000011e-05,0.0011420249938964865,0.00082
0.00116205215454102,0.000553,0.00115513801574707,0.000793,9.79900360107422e-05,9.49999999999996e-05,0.0011441707611083978,0.0008230000000000004
0.00117206573486328,0.000551999999999999,0.00114083290100098,0.000775000000000001,9.70363616943359e-05,9.39999999999986e-05,0.001111030578613284,0.0008150000000000014
0.00116586685180664,0.00056,0.00115418434143066,0.000792000000000001,9.58442687988281e-05,9.49999999999996e-05,0.0011260509490966819,0.0008050000000000004
0.00121808052062988,0.000563000000000001,0.00116300582885742,0.000784,0.000103950500488281,9.59999999999989e-05,0.001127958297729489,0.0008280000000000002
Average,0.0011804103851318362,0.0005563999999999998,0.001152610778808594,0.0007856000000000003,9.799003601074212e-05,9.459999999999956e-05,0.001130247116088868,0.0008182000000000005
