LoadRulesRealTime,LoadRulesCPUTime,LoadFactsRealTime,LoadFactsCPUTime,QueryRealTime,QueryCPUTime,WriteRealTime,WriteCPUTime
0.000908136367797852,0.000545,0.000621795654296875,0.000413999999999999,4.81605529785156e-05,4.60000000000009e-05,0.0029087066650390642,0.0004399999999999991
0.000909090042114258,0.000529,0.000612974166870117,0.000418,5.10215759277344e-05,4.59999999999992e-05,0.0008609294891357426,0.00040900000000000176
0.000921010971069336,0.000546,0.000612974166870117,0.000413999999999999,5.00679016113281e-05,4.60000000000009e-05,0.0005669593811035158,0.0003889999999999991
0.000899076461791992,0.000541999999999999,0.000617027282714844,0.000412000000000001,5.19752502441406e-05,4.99999999999997e-05,0.0005519390106201174,0.0003879999999999993
0.00092005729675293,0.000537000000000001,0.000612020492553711,0.000414999999999999,5.00679016113281e-05,4.80000000000012e-05,0.0005238056182861329,0.0003599999999999988
Average,0.0009114742279052737,0.0005398,0.0006153583526611328,0.0004145999999999996,5.025863647460935e-05,4.7200000000000375e-05,0.0010824680328369147,0.0003971999999999996
