LoadRulesRealTime,LoadRulesCPUTime,LoadFactsRealTime,LoadFactsCPUTime,QueryRealTime,QueryCPUTime,WriteRealTime,WriteCPUTime
0.00116991996765137,0.000555,0.00935912132263184,0.00799,0.303396940231323,0.299485,0.0025861263275149815,0.0016939999999999733
0.00121402740478516,0.000571,0.00875282287597656,0.007887,0.304037094116211,0.300298,0.0005910396575929955,6.20000000000065e-05
0.00118708610534668,0.000569,0.00893306732177734,0.007934,0.304062843322754,0.300019,0.005968093872069979,0.005652000000000046
0.00123381614685059,0.000595999999999999,0.00896596908569336,0.007961,0.307250022888184,0.303404,-0.0031270980834959827,-0.0040160000000000196
0.00114893913269043,0.000544000000000001,0.00877022743225098,0.007907,0.309907913208008,0.306209,-0.0021028518676760033,-0.002815999999999985
Average,0.001190757751464846,0.000567,0.008956241607666015,0.007935800000000002,0.305730962753296,0.301883,0.0007830619812011941,0.00011520000000000418
