LoadRulesRealTime,LoadRulesCPUTime,LoadFactsRealTime,LoadFactsCPUTime,QueryRealTime,QueryCPUTime,WriteRealTime,WriteCPUTime
0.00117301940917969,0.000553,0.00294780731201172,0.001806,0.0148739814758301,0.014694,0.0006580352783202986,0.00032699999999999917
0.00116705894470215,0.000552,0.0022740364074707,0.001853,0.0152227878570557,0.015063,2.0265579223599853e-05,-0.0003149999999999993
0.00117301940917969,0.000547000000000001,0.00226092338562012,0.00182,0.0151538848876953,0.015002,0.000617027282714901,0.00021900000000000044
0.00115609169006348,0.000549000000000001,0.00229597091674805,0.001845,0.0153980255126953,0.015198,0.0002498626708984982,-4.2999999999999636e-05
0.00120806694030762,0.000576,0.00227499008178711,0.001822,0.0149431228637695,0.014777,0.0004889965057372995,0.00016000000000000042
Average,0.001175451278686526,0.0005554000000000004,0.00241074562072754,0.0018292,0.01511836051940918,0.0149468,0.00040683746337891944,6.960000000000021e-05
