LoadRulesRealTime,LoadRulesCPUTime,LoadFactsRealTime,LoadFactsCPUTime,QueryRealTime,QueryCPUTime,WriteRealTime,WriteCPUTime
0.00118207931518555,0.000558999999999999,0.00699591636657715,0.006236,11.0225300788879,10.979909,0.06572389602670015,0.06221800000000144
0.00116300582885742,0.000547000000000001,0.00690698623657227,0.006179,11.3627679347992,11.328397,-0.3190789222717001,-0.3237830000000006
0.00119996070861816,0.000562999999999999,0.007080078125,0.006332,11.0089318752289,10.970315,-0.033197879791298845,-0.0378349999999994
0.0012061595916748,0.000549999999999998,0.00694084167480469,0.006197,11.0275950431824,10.983559,-0.022914886474600493,-0.020489999999998787
0.00117611885070801,0.000550999999999999,0.00692296028137207,0.006176,11.0352139472961,10.995664,-0.05337381362910065,-0.058844999999999814
Average,0.0011854648590087877,0.0005539999999999992,0.0069693565368652375,0.006224,11.091407775878901,11.0515688,-0.07256832122799999,-0.07574699999999943
