LoadRulesRealTime,LoadRulesCPUTime,LoadFactsRealTime,LoadFactsCPUTime,QueryRealTime,QueryCPUTime,WriteRealTime,WriteCPUTime
0.00118708610534668,0.000562,0.00695514678955078,0.006219,0.000287771224975586,0.000282999999999999,0.0005972385406494141,0.00028300000000000195
0.00116515159606934,0.000555999999999999,0.00689101219177246,0.006189,0.00029301643371582,0.000288,0.000598192214965821,0.000291999999999999
0.00115799903869629,0.000549000000000001,0.00697708129882812,0.006239,0.000288009643554688,0.000284,0.00060892105102539,0.000276999999999999
0.00117301940917969,0.000552,0.00687789916992188,0.006167,0.000294923782348633,0.000288999999999998,0.0005972385406494141,0.000282000000000002
0.00118207931518555,0.000553999999999999,0.00689697265625,0.006162,0.000287055969238281,0.000282000000000001,0.0006089210510253911,0.000292999999999998
Average,0.00117306709289551,0.0005545999999999998,0.0069196224212646484,0.0061952,0.0002901554107666016,0.0002851999999999996,0.0006021022796630861,0.0002854
