LoadRulesRealTime,LoadRulesCPUTime,LoadFactsRealTime,LoadFactsCPUTime,QueryRealTime,QueryCPUTime,WriteRealTime,WriteCPUTime
0.00116491317749023,0.000548999999999999,0.00598502159118652,0.005295,0.000254154205322266,0.000247000000000001,0.0005676746368408201,0.00025
0.00121617317199707,0.000580000000000001,0.00626182556152344,0.005584,0.000277996063232422,0.000268000000000001,0.000571012496948242,0.000234999999999999
0.00119113922119141,0.000565000000000001,0.00612592697143555,0.005447,0.000277042388916016,0.000271,0.0005078315734863279,0.00022099999999999898
0.00117182731628418,0.000548999999999999,0.0060579776763916,0.005362,0.000249147415161133,0.000245000000000002,0.0005497932434082031,0.00024899999999999895
0.00117206573486328,0.000549000000000001,0.00603413581848145,0.005315,0.000249862670898438,0.000243,0.000550270080566406,0.00025399999999999896
Average,0.001183223724365234,0.0005584000000000002,0.006092977523803712,0.0054006,0.000261640548706055,0.00025480000000000077,0.0005493164062499998,0.00024179999999999918
