CreateTableRealTime,CreateTableCPUTime,LoadDataRealTime,LoadDataCPUTime,CreateIndexRealTime,CreateIndexCPUTime,AnalyzeRealTime,AnalyzeCPUTime,ExecuteQueryRealTime,ExecuteQueryCPUTime,WriteResultRealTime,WriteResultCPUTime
0.0024015440001221577,9.540000000002324e-05,0.006556242999977258,0.0003849999999999687,0.012752142999943317,0.0001627000000000156,0.0038612010000633745,0.00014739999999996423,0.4342296610000176,0.00013130000000000086,0.03536290800002462,0.02468400000000004
0.0027509509998253634,0.00011529999999998486,0.007064149000143516,0.0006397999999999682,0.010602106999840544,0.00014820000000004274,0.0038543949999620963,0.00012990000000001611,0.4003186460001871,0.00017050000000001786,0.034370643999864114,0.023152600000000023
Average,0.0025762474999737606,0.00010535000000000405,0.006810196000060387,0.0005123999999999684,0.01167712499989193,0.00015545000000002918,0.0038577980000127354,0.00013864999999999017,0.41727415350010233,0.00015090000000000936,0.034866775999944366,0.02391830000000003
