CreateTableRealTime,CreateTableCPUTime,LoadDataRealTime,LoadDataCPUTime,CreateIndexRealTime,CreateIndexCPUTime,AnalyzeRealTime,AnalyzeCPUTime,ExecuteQueryRealTime,ExecuteQueryCPUTime,WriteResultRealTime,WriteResultCPUTime
0.009999997913837433,0.0,0.0,0.0,0.01000000536441803,0.0,0.0,0.0,0.07999999821186066,0.0,0.0,0.010000000000000009
0.0,0.0,0.01000000536441803,0.0,0.009999997913837433,0.0,0.0,0.0,0.08999999612569809,0.0,0.01000000536441803,0.0
0.0,0.0,0.009999997913837433,0.0,0.009999997913837433,0.0,0.009999997913837433,0.0,0.08000000566244125,0.0,0.009999997913837433,0.010000000000000009
Average,0.003333332637945811,0.0,0.0066666677594184875,0.0,0.010000000397364298,0.0,0.003333332637945811,0.0,0.08333333333333333,0.0,0.0066666677594184875,0.006666666666666672
