CreateTableRealTime,CreateTableCPUTime,LoadDataRealTime,LoadDataCPUTime,CreateIndexRealTime,CreateIndexCPUTime,AnalyzeRealTime,AnalyzeCPUTime,ExecuteQueryRealTime,ExecuteQueryCPUTime,WriteResultRealTime,WriteResultCPUTime
0.0028605580000657937,8.459999999999024e-05,0.006556394999961412,0.0003586999999999896,0.01036520799993923,0.00014639999999999098,0.0033214410000255157,0.00013839999999998298,0.15216400400004204,0.00015199999999998548,0.011108086000149342,0.007772200000000007
0.0030032560000563535,0.00011119999999997798,0.00582442999984778,0.0004238000000000297,0.00965695400009281,0.00012719999999999398,0.002845370999921215,0.0001286999999999816,0.1327131499999723,0.00017919999999999048,0.010287571999924694,0.007998300000000014
Average,0.0029319070000610736,9.789999999998411e-05,0.006190412499904596,0.00039125000000000965,0.01001108100001602,0.00013679999999999248,0.0030834059999733654,0.0001335499999999823,0.14243857700000717,0.00016559999999998798,0.010697829000037018,0.00788525000000001
