CreateTableRealTime,CreateTableCPUTime,LoadDataRealTime,LoadDataCPUTime,CreateIndexRealTime,CreateIndexCPUTime,AnalyzeRealTime,AnalyzeCPUTime,ExecuteQueryRealTime,ExecuteQueryCPUTime,WriteResultRealTime,WriteResultCPUTime
0.0029215410468168557,4.300000000001525e-05,0.008310584002174437,0.00019700000000000273,0.0050757499993778765,2.0000000000020002e-05,0.0027430420159362257,1.3000000000040757e-05,0.14597945904824883,0.00015100000000001224,0.012169124966021627,0.011749999999999983
0.003827082982752472,4.6000000000046004e-05,0.008330042008310556,0.000162000000000051,0.005456290964502841,4.199999999998649e-05,0.0026985000004060566,3.300000000000525e-05,0.17010379198472947,0.00013900000000000023,0.02297916600946337,0.02169899999999997
0.004457207978703082,4.899999999996574e-05,0.009079749986995012,0.00016399999999999748,0.006186040991451591,3.700000000000925e-05,0.0029349580290727317,3.2999999999949736e-05,0.14734554098686203,0.00013999999999997348,0.021045416011475027,0.019311999999999996
0.0030141249881125987,4.399999999998849e-05,0.0071609169826842844,0.00016599999999999948,0.004480708972550929,4.099999999995774e-05,0.002907541987951845,3.4000000000034e-05,0.15804458397906274,0.00014799999999998148,0.023482999997213483,0.02216600000000002
0.0038818750181235373,4.599999999999049e-05,0.00881716696312651,0.00017899999999998473,0.006395709002390504,4.100000000001325e-05,0.0030282080406323075,3.2000000000032e-05,0.158462333958596,6.100000000003325e-05,0.010816916998010129,0.008286999999999989
Average,0.0036203664029017093,4.5600000000001196e-05,0.00833969198865816,0.0001736000000000071,0.005518899986054748,3.619999999999734e-05,0.002862450014799833,2.900000000001235e-05,0.15598714199149982,0.00012780000000000012,0.018098724796436726,0.016642799999999992
