CreateTableRealTime,CreateTableCPUTime,LoadDataRealTime,LoadDataCPUTime,CreateIndexRealTime,CreateIndexCPUTime,AnalyzeRealTime,AnalyzeCPUTime,ExecuteQueryRealTime,ExecuteQueryCPUTime,WriteResultRealTime,WriteResultCPUTime
0.0035390419652685523,5.0000000000050004e-05,0.009524916997179389,0.00020100000000000673,0.006707749969791621,4.099999999995774e-05,0.003512249968480319,3.4000000000034e-05,0.30785433400887996,0.00018200000000001548,0.028019915975164622,0.02738400000000002
0.0036480000126175582,5.8000000000002494e-05,0.008915708982385695,0.00018299999999998873,0.0059726249892264605,4.100000000001325e-05,0.0035615420201793313,3.500000000000725e-05,0.31251770799281076,0.00019399999999997197,0.028080041985958815,0.027392000000000027
0.0029651669901795685,3.899999999995574e-05,0.0073814159841276705,0.00016900000000003024,0.006393792049493641,3.6000000000036e-05,0.0030047499458305538,3.599999999998049e-05,0.3189189579570666,0.00018499999999999073,0.0278976249974221,0.027054999999999996
0.0029472080059349537,1.8000000000018e-05,0.0075212920201011,0.00011899999999998023,0.0053457500180229545,1.999999999996449e-05,0.002679915982298553,1.4000000000014001e-05,0.3100882499711588,0.00013999999999997348,0.027983915992081165,0.026801999999999992
0.003210499999113381,4.899999999996574e-05,0.008735707961022854,0.00017200000000000548,0.006221125018782914,4.099999999995774e-05,0.0028315410017967224,3.599999999998049e-05,0.3190011659753509,0.00015199999999998548,0.026874499977566302,0.026266999999999985
Average,0.0032619833946228027,4.27999999999984e-05,0.008415808388963341,0.0001688000000000023,0.006128208409063518,3.579999999998584e-05,0.0031179997837170958,3.100000000000325e-05,0.3136760831810534,0.00017059999999998742,0.0277711997856386,0.026980000000000004
