LoadRulesRealTime,LoadRulesCPUTime,LoadFactsRealTime,LoadFactsCPUTime,QueryRealTime,QueryCPUTime,WriteRealTime,WriteCPUTime
0.00130200386047363,0.000653999999999998,0.00324010848999023,0.002586,0.120176792144775,0.116592,1.0203962326049851,1.006851
0.00100302696228027,0.000591999999999999,0.00361895561218262,0.002703,0.125728130340576,0.118511,1.004400968551634,0.9874909999999999
0.000996828079223633,0.000588,0.00281596183776855,0.002564,0.120236158370972,0.11596,0.9961109161376981,0.98578
0.000993013381958008,0.000586999999999999,0.002838134765625,0.002584,0.122483015060425,0.11772,1.002172946929935,0.9937959999999999
0.00108003616333008,0.000583999999999999,0.00288701057434082,0.002631,0.12522292137146,0.118032,1.04504799842834,1.023644
Average,0.0010749816894531242,0.000600999999999999,0.003080034255981444,0.0026135999999999998,0.1227694034576416,0.117363,1.0136258125305184,0.9995123999999999
