LoadRulesRealTime,LoadRulesCPUTime,LoadFactsRealTime,LoadFactsCPUTime,QueryRealTime,QueryCPUTime,WriteRealTime,WriteCPUTime
0.00314807891845703,0.003147,0.0046539306640625,0.004111,0.000758886337280273,0.000759000000000003,0.10532116889953573,0.10529499999999999
0.00393390655517578,0.003901,0.00461006164550781,0.00461,0.000916957855224609,0.000918000000000002,0.12749505043029738,0.119643
Average,0.0035409927368164054,0.0035240000000000002,0.0046319961547851545,0.0043605,0.000837922096252441,0.0008385000000000025,0.11640810966491655,0.11246899999999999
