LoadRulesRealTime,LoadRulesCPUTime,LoadFactsRealTime,LoadFactsCPUTime,QueryRealTime,QueryCPUTime,WriteRealTime,WriteCPUTime
0.000905036926269531,0.000541999999999999,0.00156903266906738,0.000951,0.00118398666381836,0.001111,0.00967407226562504,0.009314
0.000908136367797852,0.000543999999999999,0.00117087364196777,0.000925,0.00123000144958496,0.001166,0.009552001953125042,0.009250999999999999
0.000901937484741211,0.000541999999999999,0.0012199878692627,0.000990000000000001,0.0012211799621582,0.001165,0.0095596313476563,0.009238000000000001
0.000903129577636719,0.000543999999999999,0.00115585327148438,0.000933,0.00124812126159668,0.001173,0.01164770126342772,0.009289
0.000912189483642578,0.000545,0.00115489959716797,0.000920000000000001,0.00126504898071289,0.001199,0.009572029113769509,0.009249
Average,0.0009060859680175783,0.0005433999999999992,0.00125412940979004,0.0009438000000000004,0.001229667663574218,0.0011627999999999999,0.010001087188720722,0.0092682
