LoadRulesRealTime,LoadRulesCPUTime,LoadFactsRealTime,LoadFactsCPUTime,QueryRealTime,QueryCPUTime,WriteRealTime,WriteCPUTime
0.00101184844970703,0.000598,0.000975131988525391,0.000740000000000001,0.00903105735778809,0.008703,0.09098911285400392,0.089777
0.00101685523986816,0.000598000000000001,0.00085902214050293,0.000673999999999998,0.00905394554138184,0.008768,0.09078812599182126,0.089783
0.00100088119506836,0.000588999999999999,0.000857114791870117,0.000652,0.00926494598388672,0.008943,0.09305286407470728,0.09173100000000001
0.00100612640380859,0.000595999999999998,0.000853061676025391,0.000667000000000001,0.00899696350097656,0.008755,0.09275603294372543,0.092014
0.00102019309997559,0.000604,0.000854015350341797,0.000667999999999998,0.00899291038513184,0.008743,0.09033226966857906,0.089611
Average,0.0010111808776855462,0.0005969999999999995,0.0008796691894531252,0.0006801999999999996,0.00906796455383301,0.0087824,0.09158368110656738,0.0905832
