LoadRulesRealTime,LoadRulesCPUTime,LoadFactsRealTime,LoadFactsCPUTime,QueryRealTime,QueryCPUTime,WriteRealTime,WriteCPUTime
0.000916957855224609,0.000543,0.000735998153686523,0.000519,0.000358104705810547,0.000331,0.004878997802734373,0.004597
0.000913143157958984,0.000548000000000002,0.000702857971191406,0.000506,0.000343084335327148,0.000319,0.004930734634399412,0.004641
0.000930070877075195,0.000546999999999999,0.000723123550415039,0.000517,0.000340938568115234,0.000316,0.004935026168823246,0.004677
0.000906944274902344,0.000544000000000001,0.000709056854248047,0.000513,0.000360012054443359,0.000326999999999999,0.005221843719482421,0.004700000000000001
0.000912189483642578,0.000542000000000001,0.000713825225830078,0.000510999999999999,0.000347137451171875,0.000321,0.004993915557861325,0.00473
Average,0.000915861129760742,0.0005448000000000007,0.0007169723510742186,0.0005131999999999998,0.0003498554229736326,0.0003227999999999998,0.004992103576660156,0.0046689999999999995
