LoadRulesRealTime,LoadRulesCPUTime,LoadFactsRealTime,LoadFactsCPUTime,QueryRealTime,QueryCPUTime,WriteRealTime,WriteCPUTime
0.000914096832275391,0.000544000000000001,0.00115203857421875,0.000706,0.00076603889465332,0.000727,0.0069279670715332,0.006604
0.000905036926269531,0.000541999999999999,0.00088191032409668,0.000671,0.000816106796264648,0.000775000000000001,0.0067920684814453125,0.006489999999999999
0.000898838043212891,0.000541,0.000874042510986328,0.000666999999999999,0.000829935073852539,0.000789000000000002,0.006812095642089841,0.0065359999999999975
0.000917196273803711,0.000541000000000002,0.000871896743774414,0.000667999999999998,0.000823020935058594,0.000779,0.006744861602783207,0.006482
0.000918149948120117,0.000536999999999999,0.000879049301147461,0.000667000000000001,0.000847816467285156,0.000789999999999999,0.006699085235595704,0.006437000000000001
Average,0.0009106636047363281,0.0005410000000000001,0.0009317874908447267,0.0006757999999999996,0.0008165836334228513,0.0007720000000000004,0.006795215606689453,0.006509799999999999
