LoadRulesRealTime,LoadRulesCPUTime,LoadFactsRealTime,LoadFactsCPUTime,QueryRealTime,QueryCPUTime,WriteRealTime,WriteCPUTime
0.00335192680358887,0.003351,0.00509214401245117,0.005093,0.000725030899047852,0.000723999999999995,0.15614509582519515,0.156084
0.00446701049804688,0.001913,0.00706386566162109,0.006948,0.00100398063659668,0.001003,0.19068717956542933,0.190652
Average,0.0039094686508178746,0.002632,0.00607800483703613,0.0060205,0.000864505767822266,0.0008634999999999975,0.17341613769531222,0.173368
