LoadRulesRealTime,LoadRulesCPUTime,LoadFactsRealTime,LoadFactsCPUTime,QueryRealTime,QueryCPUTime,WriteRealTime,WriteCPUTime
0.00126004219055176,0.000652,0.00150012969970703,0.001294,0.0179178714752197,0.016629,0.3858931064605713,0.355862
0.000995874404907227,0.000588,0.00156116485595703,0.001349,0.0182178020477295,0.016731,0.3772461414337155,0.355974
0.000989913940429688,0.000584999999999999,0.00153994560241699,0.001327,0.018326997756958,0.016951,0.37185001373291,0.359757
0.000990152359008789,0.000588,0.00155401229858398,0.001342,0.0178749561309814,0.016594,0.3643491268157956,0.360332
0.000993013381958008,0.000588,0.00153207778930664,0.001321,0.0180869102478027,0.016721,0.37385392189025934,0.360302
Average,0.0010457992553710945,0.0006001999999999997,0.0015374660491943339,0.0013266,0.01808490753173826,0.016725200000000003,0.3746384620666504,0.3584454
