LoadRulesRealTime,LoadRulesCPUTime,LoadFactsRealTime,LoadFactsCPUTime,QueryRealTime,QueryCPUTime,WriteRealTime,WriteCPUTime
0.00123882293701172,0.000650999999999999,0.00213313102722168,0.00159,0.0593149662017822,0.05736,0.49595904350280773,0.48965999999999993
0.00104498863220215,0.000612999999999999,0.00182890892028809,0.001599,0.0590629577636719,0.057028,0.48852396011352517,0.484415
0.000986814498901367,0.000586000000000001,0.00182604789733887,0.001604,0.0590560436248779,0.05728,0.5032739639282231,0.49468500000000004
0.00100207328796387,0.000593,0.00181293487548828,0.001591,0.061100959777832,0.058542,0.49069213867187506,0.48698600000000003
0.000992059707641602,0.000588,0.0018470287322998,0.001615,0.0588018894195557,0.057099,0.49009323120117226,0.48665800000000004
Average,0.0010529518127441416,0.0006061999999999998,0.0018896102905273438,0.0015998000000000002,0.05946736335754395,0.05746179999999999,0.4937084674835207,0.48848079999999994
