LoadRulesRealTime,LoadRulesCPUTime,LoadFactsRealTime,LoadFactsCPUTime,QueryRealTime,QueryCPUTime,WriteRealTime,WriteCPUTime
0.00118112564086914,0.000547000000000001,0.00130605697631836,0.000932000000000001,0.000690937042236328,0.000634999999999998,0.009788036346435571,0.009258000000000002
0.00115799903869629,0.000547000000000001,0.00129795074462891,0.000926999999999999,0.000687837600708008,0.000632000000000001,0.009733200073242193,0.009299
0.00114583969116211,0.000549000000000001,0.00128602981567383,0.000923,0.000701189041137695,0.000637,0.009767770767211905,0.009346
0.00117206573486328,0.000550999999999999,0.00131511688232422,0.000935,0.000706911087036133,0.000642999999999999,0.009857177734374967,0.009427000000000001
0.00113797187805176,0.000543999999999999,0.00129199028015137,0.000928,0.000710964202880859,0.000652,0.009831905364990241,0.009413
Average,0.001159000396728516,0.0005476000000000002,0.0012994289398193378,0.0009289999999999999,0.0006995677947998046,0.0006397999999999996,0.009795618057250976,0.0093486
