LoadRulesRealTime,LoadRulesCPUTime,LoadFactsRealTime,LoadFactsCPUTime,QueryRealTime,QueryCPUTime,WriteRealTime,WriteCPUTime
0.00150203704833984,0.000635999999999999,0.0012810230255127,0.001084,0.0247957706451416,0.023873,0.2592961788177494,0.249505
0.00100517272949219,0.000595000000000002,0.00127792358398438,0.001077,0.0242600440979004,0.023282,0.2497341632843016,0.24826099999999998
0.000989913940429688,0.000592000000000001,0.00128006935119629,0.001085,0.0248100757598877,0.023667,0.2569158077239993,0.247326
0.00101304054260254,0.000598,0.00129318237304688,0.001088,0.0249838829040527,0.024064,0.2515780925750733,0.249995
0.000989198684692383,0.000586999999999999,0.00128793716430664,0.001088,0.0245048999786377,0.023626,0.24901819229125932,0.247574
Average,0.001099872589111328,0.0006016000000000002,0.001284027099609378,0.0010844,0.02467093467712402,0.023702400000000002,0.2533084869384766,0.2485322
