LoadRulesRealTime,LoadRulesCPUTime,LoadFactsRealTime,LoadFactsCPUTime,QueryRealTime,QueryCPUTime,WriteRealTime,WriteCPUTime
0.0011591911315918,0.000554000000000001,0.00125384330749512,0.000680999999999999,0.000481128692626953,0.000434,0.0068588256835937465,0.006428
0.00114989280700684,0.000552,0.00103998184204102,0.000685,0.000503063201904297,0.000444,0.0066850185394287135,0.006272
0.00115108489990234,0.000550999999999999,0.00102090835571289,0.00067,0.000486135482788086,0.000446,0.006708860397338864,0.006297
0.00121498107910156,0.000553000000000001,0.00104498863220215,0.000680999999999999,0.000487089157104492,0.000446,0.0067248344421386675,0.006318
0.00116586685180664,0.000552,0.00104117393493652,0.000688999999999999,0.000483036041259766,0.000441,0.006806135177612305,0.00639
Average,0.001168203353881836,0.0005524000000000002,0.00108017921447754,0.0006811999999999993,0.0004880905151367188,0.00044220000000000007,0.00675673484802246,0.006340999999999999
