LoadRulesRealTime,LoadRulesCPUTime,LoadFactsRealTime,LoadFactsCPUTime,QueryRealTime,QueryCPUTime,WriteRealTime,WriteCPUTime
0.00117802619934082,0.000550999999999999,0.00130510330200195,0.000931000000000001,0.00124907493591309,0.00118,0.009494781494140611,0.009006
0.00116491317749023,0.000555,0.00139617919921875,0.000952999999999999,0.00125694274902344,0.001181,0.00933814048767086,0.008886
0.00114107131958008,0.000546000000000001,0.00130391120910645,0.000938,0.00122714042663574,0.001176,0.009441852569580059,0.009007
0.0011751651763916,0.000553,0.00135898590087891,0.000951,0.00123286247253418,0.001165,0.00945901870727542,0.008992
0.00119590759277344,0.000553,0.00133514404296875,0.000939000000000001,0.00127601623535156,0.001208,0.00945401191711424,0.008957999999999999
Average,0.001171016693115234,0.0005516,0.001339864730834962,0.0009424000000000001,0.0012484073638916022,0.001182,0.00943756103515624,0.0089698
