LoadRulesRealTime,LoadRulesCPUTime,LoadFactsRealTime,LoadFactsCPUTime,QueryRealTime,QueryCPUTime,WriteRealTime,WriteCPUTime
0.00373101234436035,0.00373,0.0033729076385498,0.003374,0.000509023666381836,0.000508999999999996,0.07455706596374516,0.074561
0.0030670166015625,0.002299,0.00271892547607422,0.002687,0.000357151031494141,0.000356999999999996,0.06897377967834475,0.058405000000000006
0.00348877906799316,0.003488,0.00303101539611816,0.003032,0.000440120697021484,0.000439999999999996,0.07293891906738281,0.072905
Average,0.00342893600463867,0.003172333333333333,0.003040949503580727,0.0030310000000000003,0.00043543179829915363,0.0004353333333333293,0.0721565882364909,0.06862366666666667
