LoadRulesRealTime,LoadRulesCPUTime,LoadFactsRealTime,LoadFactsCPUTime,QueryRealTime,QueryCPUTime,WriteRealTime,WriteCPUTime
0.00116586685180664,0.000549000000000001,0.00112009048461914,0.00052,0.000324010848999023,0.000297,0.005424022674560547,0.004542999999999999
0.00116300582885742,0.000555,0.00089716911315918,0.000523000000000001,0.000360965728759766,0.000331,0.004868030548095704,0.004483
0.0011599063873291,0.000552,0.000864028930664062,0.00052,0.000347137451171875,0.000321,0.004928827285766605,0.004511
0.00116777420043945,0.000545,0.000870227813720703,0.000520999999999999,0.000361919403076172,0.000332000000000001,0.004848003387451168,0.0044529999999999995
0.00116395950317383,0.000548,0.000875949859619141,0.000526,0.000361919403076172,0.000333,0.004918098449707028,0.004499
Average,0.001164102554321288,0.0005498000000000002,0.0009254932403564451,0.000522,0.00035119056701660156,0.0003228000000000002,0.004997396469116211,0.0044978
