LoadRulesRealTime,LoadRulesCPUTime,LoadFactsRealTime,LoadFactsCPUTime,QueryRealTime,QueryCPUTime,WriteRealTime,WriteCPUTime
0.000929832458496094,0.000546000000000001,0.000634193420410156,0.000433999999999999,0.00029301643371582,0.000270000000000001,0.0039970874786377,0.003744999999999999
0.000903129577636719,0.000547000000000001,0.000629901885986328,0.000433999999999999,0.000288963317871094,0.000266000000000001,0.004086017608642576,0.0038299999999999988
0.000916004180908203,0.000550999999999999,0.000638961791992188,0.000439,0.000293970108032227,0.000269999999999999,0.0067310333251953125,0.003729000000000001
0.00092315673828125,0.000541,0.000631809234619141,0.000438000000000001,0.000296115875244141,0.000272999999999999,0.003918886184692379,0.003666000000000001
0.000912904739379883,0.000539,0.000624895095825195,0.000436000000000001,0.000288009643554688,0.000266000000000001,0.0040040016174316415,0.0037489999999999993
Average,0.0009170055389404299,0.0005448000000000002,0.0006319522857666015,0.00043620000000000003,0.000292015075683594,0.0002690000000000002,0.004547405242919922,0.0037438
