LoadRulesRealTime,LoadRulesCPUTime,LoadFactsRealTime,LoadFactsCPUTime,QueryRealTime,QueryCPUTime,WriteRealTime,WriteCPUTime
0.00353813171386719,0.00353700000000001,0.0031440258026123,0.003145,0.000398874282836914,0.000398000000000003,0.07503008842468259,0.072972
0.00464105606079102,0.004622,0.0036311149597168,0.00363,0.000476837158203125,0.000476999999999998,0.10178017616271988,0.101389
Average,0.004089593887329105,0.004079500000000005,0.00338757038116455,0.0033875,0.00043785572052001953,0.0004375000000000005,0.08840513229370123,0.0871805
