LoadRulesRealTime,LoadRulesCPUTime,LoadFactsRealTime,LoadFactsCPUTime,QueryRealTime,QueryCPUTime,WriteRealTime,WriteCPUTime
0.00405979156494141,0.004059,0.00494503974914551,0.004374,0.000782966613769531,0.000782999999999992,0.10718321800231947,0.10633000000000001
0.00388789176940918,0.003822,0.00381708145141602,0.003817,0.000706911087036133,0.000708,0.10139513015747087,0.101382
Average,0.003973841667175295,0.0039404999999999996,0.004381060600280765,0.0040955,0.000744938850402832,0.000745499999999996,0.10428917407989517,0.103856
