LoadRulesRealTime,LoadRulesCPUTime,LoadFactsRealTime,LoadFactsCPUTime,QueryRealTime,QueryCPUTime,WriteRealTime,WriteCPUTime
0.00119709968566895,0.000557,0.000957012176513672,0.000288999999999999,0.000147819519042969,0.000128000000000001,0.002198219299316411,0.001860999999999999
0.0011589527130127,0.00055,0.000609874725341797,0.000283,0.000152111053466797,0.000139999999999999,0.0021898746490478533,0.0018420000000000008
0.00116300582885742,0.00055,0.000646114349365234,0.000286,0.000154972076416016,0.000142,0.002212047576904294,0.001861
0.00116777420043945,0.000549000000000001,0.000616073608398438,0.000282999999999999,0.000152111053466797,0.000137000000000002,0.0021958351135253932,0.001831999999999998
0.0011601448059082,0.000553,0.00061798095703125,0.000281,0.000151872634887695,0.000139,0.002211093902587895,0.001838
Average,0.001169395446777344,0.0005518000000000002,0.0006894111633300782,0.0002843999999999996,0.0001517772674560548,0.0001372000000000004,0.0022014141082763693,0.0018467999999999996
