LoadRulesRealTime,LoadRulesCPUTime,LoadFactsRealTime,LoadFactsCPUTime,QueryRealTime,QueryCPUTime,WriteRealTime,WriteCPUTime
0.00104689598083496,0.0006,0.000864982604980469,0.000477999999999999,0.00428509712219238,0.004159,0.041080951690673814,0.040326999999999995
0.000957012176513672,0.000564,0.000640153884887695,0.000465,0.0042719841003418,0.00416,0.0408568382263184,0.040359000000000006
0.000996828079223633,0.000577000000000001,0.000611066818237305,0.000442999999999999,0.00428199768066406,0.004173,0.04066610336303714,0.040096999999999994
0.00100994110107422,0.000594999999999998,0.000662088394165039,0.000487000000000001,0.00437593460083008,0.004242,0.04045391082763672,0.039930999999999994
0.000999927520751953,0.000581000000000002,0.000633001327514648,0.000452999999999999,0.00438404083251953,0.004209,0.04124402999877927,0.040729
Average,0.0010021209716796875,0.0005834000000000002,0.0006822586059570312,0.00046519999999999954,0.00431981086730957,0.0041886,0.04086036682128907,0.040288599999999994
