LoadRulesRealTime,LoadRulesCPUTime,LoadFactsRealTime,LoadFactsCPUTime,QueryRealTime,QueryCPUTime,WriteRealTime,WriteCPUTime
0.00124001502990723,0.000624,0.00233101844787598,0.002092,0.0425219535827637,0.037629,0.8646640777587893,0.83429
0.000998973846435547,0.000598,0.00238204002380371,0.00214,0.0408451557159424,0.037082,0.8114438056945796,0.807139
0.0011599063873291,0.00068,0.00242304801940918,0.002169,0.043147087097168,0.038528,0.830835819244385,0.821014
0.00104403495788574,0.000616999999999999,0.0025479793548584,0.00229,0.0422561168670654,0.038007,0.8327677249908446,0.812304
0.00102496147155762,0.000609999999999999,0.00253105163574219,0.002278,0.0456550121307373,0.038435,0.8147029876708987,0.810857
Average,0.0010935783386230474,0.0006257999999999996,0.002443027496337892,0.0021938,0.042885065078735365,0.037936199999999996,0.8308828830718994,0.8171208
