LoadRulesRealTime,LoadRulesCPUTime,LoadFactsRealTime,LoadFactsCPUTime,QueryRealTime,QueryCPUTime,WriteRealTime,WriteCPUTime
0.000914096832275391,0.000543999999999999,0.000860929489135742,0.000431000000000001,0.000407934188842773,0.000383,0.003595113754272457,0.003356
0.00091099739074707,0.000541999999999999,0.000612974166870117,0.000413,0.000431060791015625,0.000409000000000001,0.003497838973999025,0.003271999999999999
0.000900030136108398,0.000536999999999999,0.000591039657592773,0.000394,0.000435113906860352,0.000411999999999999,0.003651857376098628,0.0033970000000000007
0.000906944274902344,0.000541999999999999,0.000602960586547852,0.000399,0.000427961349487305,0.000407000000000001,0.003469944000244145,0.003266999999999999
0.000901222229003906,0.000539,0.000585794448852539,0.000394,0.000429153442382812,0.000408,0.0035006999969482383,0.003283
Average,0.0009066581726074219,0.0005407999999999992,0.0006507396697998046,0.0004062000000000002,0.0004262447357177734,0.00040380000000000017,0.0035430908203124985,0.003315
