LoadRulesRealTime,LoadRulesCPUTime,LoadFactsRealTime,LoadFactsCPUTime,QueryRealTime,QueryCPUTime,WriteRealTime,WriteCPUTime
0.00117611885070801,0.000551000000000001,0.00061798095703125,0.000284999999999999,0.000155925750732422,0.000144,0.002228260040283198,0.0018899999999999998
0.00115323066711426,0.000546000000000001,0.000616788864135742,0.000282999999999999,0.000161170959472656,0.000149000000000002,0.0023779869079589844,0.001931999999999998
0.00114917755126953,0.000548,0.00060582160949707,0.000283,0.000155210494995117,0.000142999999999999,0.0022177696228027326,0.001889000000000001
0.00117802619934082,0.000553,0.000608921051025391,0.000281999999999999,0.000154972076416016,0.000138000000000001,0.002284049987792964,0.0019419999999999988
0.00116181373596191,0.00055,0.000622987747192383,0.000284,0.000152111053466797,0.000139,0.002241849899291993,0.0019
Average,0.0011636734008789059,0.0005496000000000005,0.0006145000457763672,0.0002833999999999994,0.00015587806701660158,0.0001426000000000004,0.0022699832916259744,0.0019105999999999997
