LoadRulesRealTime,LoadRulesCPUTime,LoadFactsRealTime,LoadFactsCPUTime,QueryRealTime,QueryCPUTime,WriteRealTime,WriteCPUTime
0.000962972640991211,0.000569999999999999,0.000833988189697266,0.000385,0.000364065170288086,0.000346000000000001,0.003051757812500004,0.002815999999999999
0.000905990600585938,0.000546,0.000535964965820312,0.000354999999999999,0.000349044799804688,0.000332000000000001,0.003019809722900392,0.002802999999999999
0.000905036926269531,0.000541999999999999,0.000535964965820312,0.000357,0.000351190567016602,0.000334000000000001,0.003190755844116208,0.002782999999999999
0.000916957855224609,0.000548,0.000573158264160156,0.000372000000000001,0.000345945358276367,0.000328,0.0031220912933349627,0.0028399999999999996
0.000905036926269531,0.000545,0.000545024871826172,0.000360000000000001,0.000340938568115234,0.000324,0.003023147583007816,0.002798
Average,0.0009191989898681641,0.0005501999999999996,0.0006048202514648436,0.0003658000000000002,0.00035023689270019537,0.0003328000000000006,0.0030815124511718766,0.002807999999999999
