LoadRulesRealTime,LoadRulesCPUTime,LoadFactsRealTime,LoadFactsCPUTime,QueryRealTime,QueryCPUTime,WriteRealTime,WriteCPUTime
0.000912904739379883,0.000541,0.000588178634643555,0.000398000000000001,0.000252962112426758,0.000233000000000001,0.0035152435302734423,0.003269999999999999
0.000903844833374023,0.000543,0.000594139099121094,0.000399999999999999,0.000262022018432617,0.000239000000000001,0.0034959316253662127,0.003285999999999999
0.000912904739379883,0.000543999999999999,0.0005950927734375,0.000392999999999999,0.000260829925537109,0.000241,0.003492116928100591,0.0032530000000000002
0.000900030136108398,0.000541999999999999,0.000587940216064453,0.000396000000000001,0.000254154205322266,0.000234999999999999,0.003540754318237304,0.003307000000000001
0.000912904739379883,0.000541,0.000600099563598633,0.000408,0.000252962112426758,0.000232,0.0035281181335449223,0.003297
Average,0.000908517837524414,0.0005421999999999996,0.0005930900573730471,0.00039899999999999994,0.00025658607482910163,0.00023600000000000018,0.0035144329071044944,0.0032826
