LoadRulesRealTime,LoadRulesCPUTime,LoadFactsRealTime,LoadFactsCPUTime,QueryRealTime,QueryCPUTime,WriteRealTime,WriteCPUTime
0.000918149948120117,0.000546,0.000511884689331055,0.000320000000000001,0.00018310546875,0.000168,0.00259685516357422,0.002362
0.000904083251953125,0.000540000000000001,0.000520944595336914,0.000322999999999999,0.00018620491027832,0.000168000000000001,0.00258088111877441,0.002348999999999999
0.00309205055236816,0.000557,0.000538825988769531,0.000305,0.000182151794433594,0.000165999999999999,0.011213779449462906,0.002638000000000001
0.000914096832275391,0.000540000000000001,0.000510931015014648,0.000317,0.000189065933227539,0.000174000000000001,0.002622842788696291,0.002360999999999999
0.000927925109863281,0.000542000000000001,0.000509023666381836,0.000316,0.000184059143066406,0.000163999999999999,0.0026679039001464844,0.002424000000000001
Average,0.0013512611389160148,0.0005450000000000006,0.0005183219909667968,0.0003162,0.0001849174499511718,0.00016800000000000002,0.004336452484130862,0.0024268
