LoadRulesRealTime,LoadRulesCPUTime,LoadFactsRealTime,LoadFactsCPUTime,QueryRealTime,QueryCPUTime,WriteRealTime,WriteCPUTime
0.00134396553039551,0.000672999999999998,0.00220584869384766,0.001943,0.0661511421203613,0.062954,0.6396439075469966,0.633237
0.000988960266113281,0.000583,0.0020909309387207,0.00186,0.0721640586853027,0.060805,0.6420609951019283,0.642888
0.000993967056274414,0.000587999999999998,0.00206899642944336,0.001835,0.0640311241149902,0.061171,0.6410849094390868,0.636094
0.00101518630981445,0.00059,0.00213789939880371,0.001875,0.064486026763916,0.061444,0.662503957748413,0.631146
0.000993013381958008,0.000587000000000001,0.00209999084472656,0.001866,0.0630450248718262,0.060475,0.6407001018524169,0.634738
Average,0.0010670185089111325,0.0006041999999999994,0.0021207332611083976,0.0018758,0.06597547531127927,0.061369799999999995,0.6451987743377684,0.6356206
