LoadRulesRealTime,LoadRulesCPUTime,LoadFactsRealTime,LoadFactsCPUTime,QueryRealTime,QueryCPUTime,WriteRealTime,WriteCPUTime
0.000931024551391602,0.000542000000000001,0.00130915641784668,0.000855999999999999,0.00103282928466797,0.000976000000000001,0.00865626335144043,0.008329
0.000900030136108398,0.000540000000000001,0.0010530948638916,0.000829,0.00107407569885254,0.001028,0.00861501693725586,0.008296000000000001
0.000898838043212891,0.000541,0.00104212760925293,0.000827,0.00107288360595703,0.001018,0.00866794586181641,0.008381
0.000913858413696289,0.000544999999999999,0.00104594230651855,0.000825000000000001,0.00106406211853027,0.001019,0.00864911079406739,0.008337
0.000908136367797852,0.000543,0.00103187561035156,0.000813999999999999,0.00106596946716309,0.001019,0.00854706764221191,0.008226
Average,0.0009103775024414064,0.0005422000000000003,0.0010964393615722642,0.0008301999999999999,0.00106196403503418,0.0010120000000000003,0.008627080917358402,0.0083138
