LoadRulesRealTime,LoadRulesCPUTime,LoadFactsRealTime,LoadFactsCPUTime,QueryRealTime,QueryCPUTime,WriteRealTime,WriteCPUTime
0.00116991996765137,0.000545,0.000952959060668945,0.000591,0.000411033630371094,0.000381000000000001,0.005939006805419926,0.005531999999999999
0.00115585327148438,0.000547000000000001,0.000945091247558594,0.000594000000000001,0.000422000885009766,0.000394,0.006227016448974615,0.0056029999999999995
0.00115609169006348,0.00055,0.000944852828979492,0.000595,0.000426054000854492,0.000397,0.005969762802124028,0.0055720000000000006
0.00116705894470215,0.000545,0.000939846038818359,0.000592000000000001,0.000436067581176758,0.000395,0.005954980850219722,0.005549999999999999
0.00114703178405762,0.000543,0.000938177108764648,0.000593,0.000432968139648438,0.000397,0.0059571266174316415,0.005586
Average,0.0011591911315918,0.0005460000000000003,0.0009441852569580077,0.0005930000000000004,0.00042562484741210966,0.00039280000000000017,0.006009578704833986,0.0055686
