LoadRulesRealTime,LoadRulesCPUTime,LoadFactsRealTime,LoadFactsCPUTime,QueryRealTime,QueryCPUTime,WriteRealTime,WriteCPUTime
0.00115489959716797,0.000594000000000001,0.00216913223266602,0.001925,0.031688928604126,0.029416,0.65905499458313,0.64773
0.000977039337158203,0.000581000000000002,0.00208592414855957,0.001854,0.0325820446014404,0.029823,0.6415970325469976,0.637166
0.00100398063659668,0.000593000000000002,0.00208115577697754,0.001843,0.0354330539703369,0.030123,0.6821568012237551,0.661022
0.000982046127319336,0.000581999999999999,0.00209403038024902,0.001841,0.0363130569458008,0.030702,0.6481819152832032,0.644246
0.00120902061462402,0.000691000000000001,0.00210714340209961,0.001867,0.0332000255584717,0.030277,0.6632270812988283,0.656503
Average,0.0010653972625732416,0.000608200000000001,0.0021074771881103515,0.001866,0.033843421936035165,0.0300682,0.6588435649871828,0.6493334
