LoadRulesRealTime,LoadRulesCPUTime,LoadFactsRealTime,LoadFactsCPUTime,QueryRealTime,QueryCPUTime,WriteRealTime,WriteCPUTime
0.00331687927246094,0.003264,0.00545406341552734,0.00506,0.00104188919067383,0.001041,0.13716030120849618,0.13718000000000002
0.00335502624511719,0.003356,0.0048820972442627,0.004882,0.00112199783325195,0.001122,0.14358401298522905,0.14360299999999998
0.0033879280090332,0.003388,0.0050809383392334,0.005082,0.0011601448059082,0.00116,0.1367759704589848,0.136708
Average,0.0033532778422037768,0.003336,0.0051390329996744795,0.005007999999999999,0.00110801060994466,0.0011076666666666667,0.13917342821757003,0.13916366666666666
