LoadRulesRealTime,LoadRulesCPUTime,LoadFactsRealTime,LoadFactsCPUTime,QueryRealTime,QueryCPUTime,WriteRealTime,WriteCPUTime
0.00380802154541016,0.003808,0.00216984748840332,0.002171,0.000214099884033203,0.000213999999999999,0.0372118949890137,0.037200000000000004
0.00426387786865234,0.002842,0.00225114822387695,0.002195,0.000232934951782227,0.000233000000000004,0.03989505767822267,0.039888999999999994
0.0034339427947998,0.003382,0.00185108184814453,0.001851,0.000207901000976562,0.000206999999999999,0.034488201141357436,0.034469
Average,0.0038352807362874333,0.0033439999999999998,0.0020906925201416,0.0020723333333333336,0.00021831194559733067,0.00021800000000000066,0.0371983846028646,0.037186
