LoadRulesRealTime,LoadRulesCPUTime,LoadFactsRealTime,LoadFactsCPUTime,QueryRealTime,QueryCPUTime,WriteRealTime,WriteCPUTime
0.0011899471282959,0.000553,0.00120115280151367,0.000827999999999999,0.000998973846435547,0.000945,0.008707046508789062,0.008271
0.00116896629333496,0.000546000000000001,0.001190185546875,0.00082,0.00101590156555176,0.000966,0.00894927978515625,0.008482
0.00115013122558594,0.000548,0.00118684768676758,0.000825999999999999,0.00100898742675781,0.000956,0.00870609283447266,0.008262
0.0011589527130127,0.000550999999999999,0.00119400024414062,0.000834,0.00102591514587402,0.000968999999999999,0.00861787796020508,0.008205
0.00116896629333496,0.000549000000000001,0.00120019912719727,0.000829999999999999,0.0010068416595459,0.000951,0.00874900817871094,0.00832
Average,0.0011673927307128923,0.0005494000000000001,0.001194477081298828,0.0008275999999999993,0.0010113239288330074,0.0009573999999999997,0.008745861053466798,0.008308
