LoadRulesRealTime,LoadRulesCPUTime,LoadFactsRealTime,LoadFactsCPUTime,QueryRealTime,QueryCPUTime,WriteRealTime,WriteCPUTime
0.000912189483642578,0.000544000000000001,0.000670909881591797,0.000239,0.000128984451293945,0.000118999999999999,0.001187086105346675,0.000987000000000001
0.000923871994018555,0.000554000000000001,0.000385046005249023,0.000203999999999999,0.000117063522338867,0.000111,0.001165866851806643,0.000975
0.000899076461791992,0.000545,0.000398874282836914,0.000203,0.000115156173706055,0.000109,0.001191854476928715,0.000985
0.000936031341552734,0.000546,0.000411033630371094,0.000211000000000001,0.000115871429443359,0.000109999999999999,0.001271009445190431,0.001023000000000001
0.000977039337158203,0.000588999999999999,0.000414133071899414,0.000206,0.000126838684082031,0.000117000000000001,0.001227140426635739,0.000978999999999999
Average,0.0009296417236328123,0.0005556000000000002,0.00045599937438964836,0.0002126,0.00012078285217285139,0.0001131999999999998,0.0012085914611816406,0.0009898
