LoadRulesRealTime,LoadRulesCPUTime,LoadFactsRealTime,LoadFactsCPUTime,QueryRealTime,QueryCPUTime,WriteRealTime,WriteCPUTime
0.0036778450012207,0.002298,0.00442910194396973,0.00437199999999999,0.000592947006225586,0.000592000000000002,0.11788105964660642,0.110045
0.00362396240234375,0.003622,0.00428605079650879,0.004287,0.000575065612792969,0.000573999999999998,0.11617994308471703,0.115774
Average,0.003650903701782225,0.00296,0.0043575763702392595,0.004329499999999995,0.0005840063095092776,0.000583,0.11703050136566173,0.1129095
