LoadRulesRealTime,LoadRulesCPUTime,LoadFactsRealTime,LoadFactsCPUTime,QueryRealTime,QueryCPUTime,WriteRealTime,WriteCPUTime
0.00115799903869629,0.000545,0.000889062881469727,0.00052,0.000589847564697266,0.000554000000000001,0.004931211471557615,0.004515999999999999
0.00114989280700684,0.000548,0.000899076461791992,0.00052,0.000580072402954102,0.000546,0.004861831665039057,0.004486
0.0011751651763916,0.000547000000000001,0.000860929489135742,0.00052,0.000562906265258789,0.000536,0.004921197891235351,0.004534
0.00117206573486328,0.000551000000000001,0.000877141952514648,0.000513,0.000561952590942383,0.000534,0.004926204681396487,0.004514000000000001
0.00120902061462402,0.000569,0.000861883163452148,0.000517,0.000599145889282227,0.000571,0.004874706268310543,0.004475
Average,0.001172828674316406,0.0005520000000000004,0.0008776187896728513,0.000518,0.0005787849426269534,0.0005482000000000002,0.0049030303955078115,0.004505
