LoadRulesRealTime,LoadRulesCPUTime,LoadFactsRealTime,LoadFactsCPUTime,QueryRealTime,QueryCPUTime,WriteRealTime,WriteCPUTime
0.00102591514587402,0.000598,0.00116491317749023,0.000681000000000001,0.00997400283813477,0.00972,0.09290289878845223,0.09170400000000001
0.00101995468139648,0.000594999999999998,0.000931978225708008,0.000708,0.0101699829101562,0.009873,0.1025090217590328,0.097135
0.00102400779724121,0.000605000000000001,0.000874996185302734,0.000681999999999999,0.0103049278259277,0.010023,0.0907511711120603,0.09014499999999999
0.00105881690979004,0.000624,0.000907182693481445,0.000710000000000002,0.0102558135986328,0.009991,0.0915091037750242,0.090714
0.00101995468139648,0.000604,0.000854969024658203,0.00067,0.00998115539550781,0.009743,0.0923156738281252,0.090682
Average,0.001029729843139646,0.0006051999999999997,0.000946807861328124,0.0006902000000000004,0.010137176513671856,0.00987,0.09399757385253896,0.092076
