LoadRulesRealTime,LoadRulesCPUTime,LoadFactsRealTime,LoadFactsCPUTime,QueryRealTime,QueryCPUTime,WriteRealTime,WriteCPUTime
0.00118112564086914,0.000550999999999999,0.00113105773925781,0.000751,0.000900983810424805,0.000855999999999999,0.007907152175903315,0.007468000000000001
0.00115108489990234,0.000545,0.00111293792724609,0.000758999999999999,0.000925064086914062,0.000872,0.007872104644775387,0.007461999999999999
0.00115203857421875,0.000544999999999999,0.00111007690429688,0.000754000000000001,0.000897884368896484,0.000855999999999999,0.007767200469970705,0.007377000000000002
0.00123906135559082,0.000551000000000001,0.00111198425292969,0.000749,0.000895977020263672,0.000843999999999999,0.008489131927490238,0.008016
0.00116109848022461,0.000547000000000001,0.00111293792724609,0.000757000000000001,0.000898122787475586,0.000855999999999999,0.007903814315795893,0.0074810000000000015
Average,0.0011768817901611321,0.0005478,0.001115798950195312,0.0007540000000000003,0.0009036064147949219,0.0008567999999999993,0.007987880706787107,0.007560800000000001
