LoadRulesRealTime,LoadRulesCPUTime,LoadFactsRealTime,LoadFactsCPUTime,QueryRealTime,QueryCPUTime,WriteRealTime,WriteCPUTime
0.00118088722229004,0.00055,0.000780105590820312,0.000437999999999999,0.000509977340698242,0.000479,0.004109144210815428,0.0037310000000000004
0.00115323066711426,0.000545,0.000765800476074219,0.000437,0.000506162643432617,0.000483000000000001,0.004051923751831053,0.0036669999999999993
0.00115799903869629,0.000547000000000001,0.000763893127441406,0.000433999999999999,0.000506162643432617,0.000485000000000001,0.0041089057922363325,0.0037089999999999988
0.00117182731628418,0.000546,0.000774145126342773,0.000445000000000001,0.000524044036865234,0.000496,0.004158020019531246,0.0037680000000000005
0.00114989280700684,0.000547000000000001,0.000772953033447266,0.000437999999999999,0.000518083572387695,0.000489,0.0040597915649414045,0.0036969999999999998
Average,0.001162767410278322,0.0005470000000000004,0.0007713794708251951,0.00043839999999999965,0.000512886047363281,0.0004864000000000004,0.004097557067871092,0.0037143999999999996
