LoadRulesRealTime,LoadRulesCPUTime,LoadFactsRealTime,LoadFactsCPUTime,QueryRealTime,QueryCPUTime,WriteRealTime,WriteCPUTime
0.00110602378845215,0.000642000000000002,0.00153779983520508,0.001008,0.0194821357727051,0.019016,0.1629707813262939,0.160778
0.00101900100708008,0.000609999999999999,0.00106477737426758,0.000869999999999999,0.0194590091705322,0.018902,0.1605429649353028,0.15924
0.00101995468139648,0.000600999999999999,0.00107622146606445,0.000876999999999999,0.0194928646087646,0.018921,0.1592910289764404,0.158173
0.00100922584533691,0.0006,0.00107693672180176,0.000876999999999999,0.0195538997650146,0.019092,0.1617109775543214,0.160768
0.00102806091308594,0.000601999999999998,0.00107288360595703,0.000875000000000001,0.0193369388580322,0.018808,0.1633231639862058,0.16189900000000002
Average,0.001036453247070312,0.0006109999999999996,0.00116572380065918,0.0009013999999999996,0.019464969635009738,0.018947799999999997,0.16156778335571287,0.16017160000000003
