environment,cpu_time,size,position,factor
xsb,0.0,400,1,
mariadb,0.0001283499999999993,400,2,0.0
postgres,0.00018370000000000886,400,3,0.6986935220467779
cockroachdb,0.0002647499999999803,400,4,0.6938621340888481
neo4j,0.0013197500000000084,400,5,0.20060617541199363
duckdb,0.011450599999999977,400,6,0.11525596911952309
