environment,cpu_time,size,position,factor
postgres,3.3600000000000295e-05,1000,1,
mariadb,9.020000000000694e-05,1000,2,268.4523809523992
cockroachdb,0.0001656000000000213,1000,3,183.5920177383687
xsb,0.0011627999999999999,1000,4,702.1739130433879
duckdb,0.003543000000000007,1000,5,304.6955624355012
