environment,real_time,size,position,factor
xsb,0.0001795291900634765,200,1,
neo4j,0.0027014585002689273,200,2,0.06645639385006454
postgres,0.005398761499918692,200,3,0.500384856843484
duckdb,0.011213780000161933,200,4,0.48143993371019683
mariadb,0.03936372099997243,200,5,0.2848760156635036
cockroachdb,0.2798230420000891,200,6,0.14067362258165964
