environment,real_time,size,position,factor
xsb,0.0001795291900634765,200,1,
neo4j,0.0027014585002689273,200,2,1504.7461080361177
postgres,0.005398761499918692,200,3,199.84617566330377
duckdb,0.011213780000161933,200,4,207.7102313249218
mariadb,0.03936372099997243,200,5,351.0299024896511
cockroachdb,0.2798230420000891,200,6,710.8653219046165
