CreateTableRealTime,CreateTableCPUTime,LoadDataRealTime,LoadDataCPUTime,CreateIndexRealTime,CreateIndexCPUTime,AnalyzeRealTime,AnalyzeCPUTime,ExecuteQueryRealTime,ExecuteQueryCPUTime,WriteResultRealTime,WriteResultCPUTime
0.00036558404099196196,0.00033600000000000296,0.0005922910058870912,0.0005799999999999694,0.0003820830024778843,0.0003770000000000162,7.658300455659628e-05,9.700000000001374e-05,0.0008242920157499611,0.0009820000000000384,0.00030041602440178394,0.00032599999999999296
0.0003890420193783939,0.0003610000000000002,0.0005715409643016756,0.0005479999999999929,0.0003387079923413694,0.00037000000000003697,5.579204298555851e-05,7.60000000000205e-05,0.001009874977171421,0.0014140000000000263,0.0004858340253122151,0.0008059999999999734
0.0003552500274963677,0.00032999999999999696,0.000633459014352411,0.0005990000000000162,0.000357625016476959,0.0004089999999999927,7.64590222388506e-05,9.500000000001174e-05,0.000830375007353723,0.0009809999999999541,0.0004604170098900795,0.0006849999999999912
0.0003688340075314045,0.0003389999999999782,0.0005677500157617033,0.0005499999999999949,0.00038483302341774106,0.0004010000000000402,8.766702376306057e-05,0.00010799999999999699,0.000869792012963444,0.0010320000000000329,0.0004608340095728636,0.00048399999999998444
0.0003636250039562583,0.0003310000000000257,0.0005966250319033861,0.0005789999999999962,0.0003440420259721577,0.0003029999999999977,5.037500523030758e-05,6.699999999998374e-05,0.0009267079876735806,0.0011309999999999931,0.0004994170158170164,0.0007140000000000479
Average,0.0003684670198708773,0.0003394000000000008,0.0005923332064412534,0.0005711999999999939,0.0003614582121372223,0.00037200000000001674,6.93752197548747e-05,8.860000000000534e-05,0.000892208400182426,0.001108000000000009,0.0004413836169987917,0.000602999999999998
