CreateTableRealTime,CreateTableCPUTime,LoadDataRealTime,LoadDataCPUTime,CreateIndexRealTime,CreateIndexCPUTime,AnalyzeRealTime,AnalyzeCPUTime,ExecuteQueryRealTime,ExecuteQueryCPUTime,WriteResultRealTime,WriteResultCPUTime
0.00566982000009375,0.0015233000000000052,0.007264882999606925,0.002950200000000014,0.005727254000248649,0.0016304999999999792,0.0005991849998281396,0.000740300000000027,0.00831616900040899,0.006516399999999978,0.0012550980000014533,0.001756300000000044
0.006209582999872509,0.0019219999999999793,0.006627306000154931,0.0041303999999999785,0.006089730999974563,0.0014604999999999757,0.0004729749998659827,0.0005590999999999791,0.01245389299992894,0.009569500000000009,0.0012903380002171616,0.0013809000000000182
Average,0.00593970149998313,0.0017226499999999922,0.006946094499880928,0.0035402999999999962,0.005908492500111606,0.0015454999999999774,0.0005360799998470611,0.000649700000000003,0.010385031000168965,0.008042949999999993,0.0012727180001093075,0.001568600000000031
