CreateTableRealTime,CreateTableCPUTime,LoadDataRealTime,LoadDataCPUTime,CreateIndexRealTime,CreateIndexCPUTime,AnalyzeRealTime,AnalyzeCPUTime,ExecuteQueryRealTime,ExecuteQueryCPUTime,WriteResultRealTime,WriteResultCPUTime
0.0003708750009536743,0.00034400000000001096,0.001021792006213218,0.0008769999999999611,0.0003405409515835345,0.0003830000000000222,5.312502617016435e-05,7.60000000000205e-05,0.001125709037296474,0.0012679999999999914,0.0004724169848486781,0.0007269999999999777
0.000359416997525841,0.0003150000000000097,0.0006887500057928264,0.0006940000000000279,0.00032470800215378404,0.00037999999999999146,6.212503649294376e-05,7.499999999999174e-05,0.0013061250210739672,0.002807999999999977,0.0006130000110715628,0.0009839999999999849
0.0003775410004891455,0.00035000000000001696,0.0007462499779649079,0.0007250000000000312,0.0004199999966658652,0.00040599999999996195,6.608298281207681e-05,8.599999999997499e-05,0.001294041983783245,0.0014939999999999953,0.0006507500074803829,0.0006749999999999812
0.0003837919794023037,0.00034999999999996145,0.0007694579544477165,0.0007459999999999689,0.0003118750173598528,0.0003409999999999802,4.416698357090354e-05,6.100000000003325e-05,0.00133200001437217,0.0022050000000000125,0.0006454999675042927,0.0011260000000000159
0.0003691249876283109,0.0003229999999999622,0.0008061670232564211,0.0007869999999999822,0.00046004197793081403,0.00047200000000002795,7.420795736834407e-05,9.199999999998099e-05,0.0012653340236283839,0.001373000000000013,0.0006731249741278589,0.0010560000000000014
Average,0.0003721499931998551,0.00033639999999999224,0.0008064833935350179,0.0007657999999999942,0.0003714331891387701,0.00039639999999999673,5.994159728288651e-05,7.80000000000003e-05,0.001264642016030848,0.0018295999999999979,0.000610958389006555,0.0009135999999999922
