CreateTableRealTime,CreateTableCPUTime,LoadDataRealTime,LoadDataCPUTime,CreateIndexRealTime,CreateIndexCPUTime,AnalyzeRealTime,AnalyzeCPUTime,ExecuteQueryRealTime,ExecuteQueryCPUTime,WriteResultRealTime,WriteResultCPUTime
0.0025912499986588955,0.00041400000000002546,0.0025650840252637863,0.0011099999999999999,0.0003815419622696936,0.00042599999999998195,4.895898746326566e-05,6.100000000003325e-05,0.0013193750055506825,0.0020850000000000035,0.0007240829872898757,0.0012699999999999934
0.0003575420123524964,0.00034200000000000896,0.000972165958955884,0.0009689999999999976,0.00033670803532004356,0.00040000000000001146,4.287500632926822e-05,5.699999999997374e-05,0.0013918339973315597,0.001589000000000007,0.0009169579716399312,0.0016410000000000036
0.00037520797923207283,0.00034599999999995745,0.000994291971437633,0.0009750000000000036,0.0004130000015720725,0.00042799999999998395,6.154098082333803e-05,7.699999999999374e-05,0.0014852079912088811,0.0023849999999999705,0.0009133749990724027,0.0015109999999999846
0.0003562920028343797,0.00034000000000000696,0.0009753339691087604,0.0009790000000000076,0.0004266669857315719,0.00047599999999997644,7.995800115168095e-05,0.00010700000000002374,0.0015183330397121608,0.002212999999999965,0.0009489170042797923,0.001690999999999998
0.00035866600228473544,0.00034199999999995345,0.000950917019508779,0.0009779999999999789,0.0003570000408217311,0.00041400000000002546,5.324999801814556e-05,7.699999999999374e-05,0.0015160000184550881,0.0025339999999999807,0.0009467499912716448,0.00167299999999998
Average,0.000807791599072516,0.00035679999999999046,0.0012915585888549686,0.0010021999999999976,0.0003829834051430225,0.00042879999999999584,5.731659475713968e-05,7.580000000000364e-05,0.0014461500104516745,0.0021611999999999855,0.0008900165907107293,0.0015571999999999919
