CreateTableRealTime,CreateTableCPUTime,LoadDataRealTime,LoadDataCPUTime,CreateIndexRealTime,CreateIndexCPUTime,AnalyzeRealTime,AnalyzeCPUTime,ExecuteQueryRealTime,ExecuteQueryCPUTime,WriteResultRealTime,WriteResultCPUTime
0.00037341698771342635,0.00037199999999998346,0.0011578340199775994,0.0009120000000000239,0.0003709159791469574,0.00042399999999997995,7.30419997125864e-05,0.00010300000000001974,0.0015289580333046615,0.0016639999999999988,0.000566834001801908,0.0006050000000000222
0.00033966696355491877,0.00032399999999999096,0.0008232090040110052,0.0008210000000000162,0.00039720797212794423,0.0003949999999999787,6.441696314141154e-05,8.700000000000374e-05,0.00171608297387138,0.003019999999999967,0.0008080840343609452,0.0014210000000000056
0.00037041702307760715,0.00041200000000002346,0.0007956670015119016,0.0008279999999999954,0.000338749960064888,0.0004310000000000147,5.908403545618057e-05,7.299999999998974e-05,0.0016152920434251428,0.002827999999999997,0.0007429579854942858,0.0012979999999999658
0.00031954096630215645,0.0003249999999999642,0.0009105420322157443,0.0010209999999999941,0.0003600830095820129,0.00041599999999997195,4.641700070351362e-05,6.0000000000004494e-05,0.0016250000335276127,0.002764999999999962,0.0007654590299353004,0.0012300000000000089
0.0003689579898491502,0.00033600000000000296,0.0008598749991506338,0.0008639999999999759,0.0003468749928288162,0.0003989999999999827,5.820801015943289e-05,7.00000000000145e-05,0.001656249980442226,0.002929999999999988,0.0007213749922811985,0.0007420000000000204
Average,0.0003543999860994518,0.000353799999999993,0.0009094254113733768,0.0008892000000000011,0.00036276638275012374,0.0004129999999999856,6.023360183462501e-05,7.860000000000644e-05,0.0016283166129142045,0.0026413999999999826,0.0007209420087747276,0.0010592000000000045
