CreateTableRealTime,CreateTableCPUTime,LoadDataRealTime,LoadDataCPUTime,CreateIndexRealTime,CreateIndexCPUTime,AnalyzeRealTime,AnalyzeCPUTime,ExecuteQueryRealTime,ExecuteQueryCPUTime,WriteResultRealTime,WriteResultCPUTime
0.0003382079885341227,0.00034000000000000696,0.0009031670051626861,0.0009210000000000051,0.0003504999913275242,0.0003989999999999827,5.299999611452222e-05,7.499999999999174e-05,0.001374084036797285,0.00212699999999999,0.0007184160058386624,0.0010879999999999779
0.00033125001937150955,0.0003370000000000317,0.0009087909711524844,0.0009359999999999924,0.0003462090389803052,0.00039600000000000746,5.600001895800233e-05,8.500000000000174e-05,0.0015326249995268881,0.002479000000000009,0.0007904159720055759,0.0013170000000000126
0.0003935829736292362,0.0003730000000000122,0.0008765840320847929,0.0008980000000000099,0.0004277919651940465,0.0004569999999999852,6.84579717926681e-05,9.00000000000345e-05,0.0013855830184184015,0.0017159999999999953,0.0008194170077331364,0.001338999999999979
0.00037116697058081627,0.0003489999999999882,0.0009431670187041163,0.0009280000000000399,0.0004004170186817646,0.0004959999999999964,5.4500007536262274e-05,7.40000000000185e-05,0.0014976249658502638,0.003016999999999992,0.0008097920217551291,0.0014319999999999888
0.000350042013451457,0.00033999999999995145,0.0009444999741390347,0.0011180000000000079,0.000498125038575381,0.0005669999999999842,7.908401312306523e-05,0.00010399999999999299,0.0014433750184252858,0.002033000000000007,0.0008364170207642019,0.001350999999999991
Average,0.00035684999311342837,0.0003477999999999981,0.0009152418002486229,0.0009602000000000111,0.0004046086105518043,0.0004629999999999912,6.220840150490403e-05,8.56000000000079e-05,0.0014466584078036248,0.0022743999999999985,0.0007948916056193412,0.00130539999999999
