CreateTableRealTime,CreateTableCPUTime,LoadDataRealTime,LoadDataCPUTime,CreateIndexRealTime,CreateIndexCPUTime,AnalyzeRealTime,AnalyzeCPUTime,ExecuteQueryRealTime,ExecuteQueryCPUTime,WriteResultRealTime,WriteResultCPUTime
0.0003661250229924917,0.00035000000000001696,0.0005960410344414413,0.0005890000000000062,0.0003344169817864895,0.00035599999999996745,4.824995994567871e-05,5.8000000000002494e-05,0.0009718749788589776,0.0018460000000000143,0.000382583006285131,0.00040600000000001746
0.0003766660229302943,0.0003630000000000022,0.0006785000441595912,0.0006690000000000307,0.00033175002317875624,0.0003569999999999962,4.979199729859829e-05,6.499999999998174e-05,0.0010963340173475444,0.0020259999999999723,0.0004848329699598253,0.0005140000000000144
0.0003726250142790377,0.0003650000000000042,0.0006710829911753535,0.0006909999999999972,0.000344625033903867,0.00041600000000002746,8.98329890333116e-05,0.00010899999999997023,0.0010362499742768705,0.001458999999999988,0.0005683340132236481,0.0005990000000000162
0.00038004200905561447,0.00035800000000002496,0.0006331250187940896,0.0006390000000000007,0.0004427499952726066,0.0005959999999999854,6.074999691918492e-05,8.599999999997499e-05,0.0009602080099284649,0.001196999999999948,0.0005903340061195195,0.0008839999999999959
0.0003798749530687928,0.0003589999999999982,0.0006233329768292606,0.0006169999999999787,0.00034208298893645406,0.00038399999999999546,7.454102160409093e-05,9.999999999998899e-05,0.0008510000188834965,0.0011260000000000159,0.0006072910036891699,0.0008889999999999731
Average,0.0003750666044652462,0.0003590000000000093,0.0006404164130799472,0.0006410000000000027,0.00035912500461563466,0.0004217999999999944,6.46331929601729e-05,8.359999999998368e-05,0.0009831333998590707,0.0015307999999999878,0.0005266749998554587,0.0006584000000000034
