CreateTableRealTime,CreateTableCPUTime,LoadDataRealTime,LoadDataCPUTime,CreateIndexRealTime,CreateIndexCPUTime,AnalyzeRealTime,AnalyzeCPUTime,ExecuteQueryRealTime,ExecuteQueryCPUTime,WriteResultRealTime,WriteResultCPUTime
0.00036554201506078243,0.0003509999999999902,0.0010229999898001552,0.0010060000000000069,0.00042120798025280237,0.0006120000000000014,6.595900049433112e-05,8.00000000000245e-05,0.0016151249874383211,0.002724000000000004,0.0008232499822042882,0.00143099999999996
0.00037462502950802445,0.00038399999999999546,0.0010273749940097332,0.0010539999999999994,0.00038533395854756236,0.00046800000000002395,5.4374977480620146e-05,6.40000000000085e-05,0.0015240840148180723,0.0016189999999999816,0.0008722079801373184,0.0008920000000000039
0.00036862504202872515,0.00035399999999996545,0.0009820000268518925,0.0009870000000000156,0.0004314169636927545,0.0004749999999999477,7.574999472126365e-05,9.500000000001174e-05,0.0014672089600935578,0.0021680000000000033,0.0009250839939340949,0.0015049999999999786
0.00035758299054577947,0.00034200000000000896,0.0010799590381793678,0.0011490000000000111,0.0003954159910790622,0.0004549999999999832,6.0375023167580366e-05,8.799999999997699e-05,0.0015906670014373958,0.0027710000000000234,0.0009459590073674917,0.0016039999999999943
0.0004100000369362533,0.0004450000000000287,0.0010892910067923367,0.0011180000000000079,0.00038825004594400525,0.00043400000000004546,5.791697185486555e-05,7.300000000004525e-05,0.001506500004325062,0.0017429999999999946,0.0009731659665703773,0.001752999999999949
Average,0.00037527502281591295,0.00037519999999999774,0.0010403250111266972,0.0010628000000000083,0.00040432498790323736,0.0004888000000000004,6.287519354373217e-05,8.00000000000134e-05,0.0015407169936224817,0.0022050000000000012,0.0009079333860427142,0.0014369999999999771
