CreateTableRealTime,CreateTableCPUTime,LoadDataRealTime,LoadDataCPUTime,CreateIndexRealTime,CreateIndexCPUTime,AnalyzeRealTime,AnalyzeCPUTime,ExecuteQueryRealTime,ExecuteQueryCPUTime,WriteResultRealTime,WriteResultCPUTime
0.0003249580040574074,0.0003330000000000277,0.0007197079830802977,0.0007389999999999897,0.0002846249844878912,0.00032799999999999496,4.854198778048158e-05,7.399999999996298e-05,0.001103958988096565,0.0019580000000000153,0.0005396250053308904,0.0007949999999999902
0.0003772909985855222,0.0003670000000000062,0.0007862499915063381,0.0007809999999999762,0.0003867910127155483,0.00042200000000003346,5.3499999921768904e-05,7.499999999999174e-05,0.0011353329755365849,0.0013170000000000126,0.0007952500018291175,0.0012759999999999994
0.00037175003672018647,0.00037999999999999146,0.0007342919707298279,0.0007380000000000164,0.00035070901503786445,0.00035399999999996545,4.791602259501815e-05,6.40000000000085e-05,0.00146883400157094,0.0028650000000000064,0.000765541975852102,0.0012220000000000009
0.00037033401895314455,0.0003509999999999902,0.0007620840333402157,0.0007610000000000117,0.0003433750243857503,0.00040800000000001946,6.645795656368136e-05,8.099999999999774e-05,0.0013013340067118406,0.001813000000000009,0.0007725830073468387,0.0011770000000000391
0.000355415977537632,0.0003630000000000022,0.0008657079888507724,0.0010649999999999826,0.00037116697058081627,0.0004310000000000147,5.858304211869836e-05,7.199999999996098e-05,0.0012642500223591924,0.0022840000000000082,0.0007302499725483358,0.0011769999999999836
Average,0.0003599498071707785,0.00035880000000000357,0.0007736083935014904,0.0008167999999999954,0.0003473334014415741,0.0003886000000000056,5.499980179592967e-05,7.319999999998439e-05,0.0012547419988550245,0.0020474000000000104,0.0007206499925814569,0.0011294000000000026
