CreateTableRealTime,CreateTableCPUTime,LoadDataRealTime,LoadDataCPUTime,CreateIndexRealTime,CreateIndexCPUTime,AnalyzeRealTime,AnalyzeCPUTime,ExecuteQueryRealTime,ExecuteQueryCPUTime,WriteResultRealTime,WriteResultCPUTime
0.00036741700023412704,0.00033600000000000296,0.0006462080054916441,0.0006280000000000174,0.000314874981995672,0.00033600000000000296,4.7915964387357235e-05,7.40000000000185e-05,0.0008935419609770179,0.0011169999999999791,0.00037720799446105957,0.0005809999999999982
0.0003563339705578983,0.0003290000000000237,0.0005939159891568124,0.0005720000000000169,0.00039591698441654444,0.00038799999999999946,6.241700612008572e-05,8.099999999999774e-05,0.0010317089618183672,0.0017380000000000173,0.0005162920570001006,0.0007659999999999889
0.00033012498170137405,0.0003210000000000157,0.0005748749827034771,0.0005879999999999774,0.00035679200664162636,0.0003930000000000322,5.137501284480095e-05,6.80000000000125e-05,0.0008888329612091184,0.0010290000000000021,0.0005605000187642872,0.0005609999999999782
0.00031983404187485576,0.00031399999999998096,0.0006322500412352383,0.0006410000000000027,0.00033137499121949077,0.00040000000000001146,6.400002166628838e-05,7.699999999999374e-05,0.0008708749664947391,0.0011490000000000111,0.0004905000096186996,0.0007600000000000384
0.00035691598895937204,0.00031799999999998496,0.0008104579756036401,0.0005800000000000249,0.00044308294309303164,0.0003869999999999707,5.658401641994715e-05,7.80000000000225e-05,0.000875250028911978,0.0009970000000000256,0.00048524996964260936,0.0007639999999999869
Average,0.0003461251966655254,0.0003236000000000017,0.0006515413988381624,0.0006018000000000079,0.00036840838147327303,0.00038080000000000335,5.6458404287695885e-05,7.5600000000009e-05,0.0009120417758822441,0.001206000000000007,0.00048595000989735124,0.0006863999999999981
