CreateTableRealTime,CreateTableCPUTime,LoadDataRealTime,LoadDataCPUTime,CreateIndexRealTime,CreateIndexCPUTime,AnalyzeRealTime,AnalyzeCPUTime,ExecuteQueryRealTime,ExecuteQueryCPUTime,WriteResultRealTime,WriteResultCPUTime
0.00037891604006290436,0.0003650000000000042,0.00092766695888713,0.0009420000000000539,0.000433625013101846,0.0004649999999999932,7.104099495336413e-05,8.700000000000374e-05,0.0013252500211820006,0.002456999999999987,0.0006548339733853936,0.0009190000000000031
0.000339832971803844,0.0003410000000000357,0.0007183749694377184,0.0007929999999999882,0.0003669170546345413,0.0004969999999999697,6.133399438112974e-05,7.60000000000205e-05,0.001259208016563207,0.0021599999999999953,0.0006422919686883688,0.0010040000000000049
0.002022665983531624,0.00037199999999998346,0.002950416994281113,0.0008230000000000182,0.00044700002763420343,0.00041799999999997395,6.3000014051795e-05,9.60000000000405e-05,0.0024511669762432575,0.002049000000000023,0.0006536250002682209,0.0010370000000000101
0.0003670839942060411,0.0003409999999999802,0.0006936250138096511,0.0006880000000000219,0.00036454200744628906,0.0004069999999999907,6.270798621699214e-05,8.199999999997098e-05,0.0013144169934093952,0.0016519999999999868,0.0006605000235140324,0.0010369999999999546
0.00036266702227294445,0.0003509999999999902,0.0007119589718058705,0.0007279999999999509,0.0003624170203693211,0.0004129999999999967,5.283398786559701e-05,7.999999999996898e-05,0.0011602499871514738,0.0013070000000000026,0.0007711249636486173,0.0013240000000000474
Average,0.0006942332023754716,0.00035399999999999874,0.0012004085816442966,0.0007948000000000066,0.0003949002246372402,0.00043999999999998484,6.218339549377561e-05,8.420000000000094e-05,0.0015020583989098669,0.001924999999999999,0.0006764751859009265,0.001064200000000004
