LoadRulesRealTime,LoadRulesCPUTime,LoadFactsRealTime,LoadFactsCPUTime,QueryRealTime,QueryCPUTime,WriteRealTime,WriteCPUTime
0.00118613243103027,0.000558000000000001,0.000855922698974609,0.000508999999999999,3.27942895889282,3.242243,-0.034006834030150035,-0.014734000000000247
0.00115108489990234,0.000546,0.000879049301147461,0.000517,3.23185992240906,3.21435,0.0007650852203302527,0.004852999999999774
0.00122499465942383,0.000581,0.000854015350341797,0.000512,3.2554919719696,3.237233,-0.016002893447870203,-0.01716099999999976
0.00117588043212891,0.000555,0.000853061676025391,0.000508,3.24564409255981,3.227976,0.018021821975709784,0.01718300000000017
0.00117993354797363,0.000551000000000001,0.00085902214050293,0.000510999999999999,3.24928307533264,3.230795,-0.017898082733149856,-0.01826799999999995
Average,0.001183605194091796,0.0005582000000000004,0.0008602142333984377,0.0005113999999999996,3.252341604232787,3.2305194,-0.009824180603026011,-0.005625400000000003
