LoadRulesRealTime,LoadRulesCPUTime,LoadFactsRealTime,LoadFactsCPUTime,QueryRealTime,QueryCPUTime,WriteRealTime,WriteCPUTime
0.00117611885070801,0.000548,0.000946044921875,0.000229999999999999,0.000484943389892578,0.000444,0.000355005264282227,7.100000000000005e-05
0.00123882293701172,0.000602999999999999,0.000471115112304688,0.000187,0.000449895858764648,0.000417000000000001,0.00039601325988769596,0.00010499999999999903
0.00115704536437988,0.00055,0.000560998916625977,0.000201999999999999,0.000458955764770508,0.000421000000000001,0.000387907028198242,8.799999999999997e-05
0.00116991996765137,0.000550999999999999,0.000539064407348633,0.000204000000000001,0.000456094741821289,0.000423,0.00037789344787597694,8.200000000000004e-05
0.00119996070861816,0.000567,0.000538110733032227,0.000201,0.000465869903564453,0.000429000000000001,0.000405073165893555,0.00010699999999999902
Average,0.001188373565673828,0.0005637999999999995,0.0006110668182373049,0.00020479999999999983,0.00046315193176269524,0.0004268000000000006,0.0003843784332275394,9.059999999999963e-05
