LoadRulesRealTime,LoadRulesCPUTime,LoadFactsRealTime,LoadFactsCPUTime,QueryRealTime,QueryCPUTime,WriteRealTime,WriteCPUTime
0.00118899345397949,0.000565000000000001,0.00130581855773926,0.000624999999999999,0.0163130760192871,0.015109,0.00041985511779790013,-9.999999999992654e-07
0.00116586685180664,0.000556000000000001,0.000970125198364258,0.00059,0.0167560577392578,0.015476,0.0006849765777588029,0.0002260000000000005
0.00116395950317383,0.000553,0.000944137573242188,0.000591,0.0165779590606689,0.015306,0.0005991458892822994,0.0002260000000000005
0.00119614601135254,0.000560999999999999,0.000938892364501953,0.000593,0.0161361694335938,0.014858,0.0012319087982177006,0.0007689999999999989
0.00116801261901855,0.00055,0.000929117202758789,0.000587000000000001,0.0162339210510254,0.015074,0.0008249282836913993,0.0004209999999999995
Average,0.0011765956878662099,0.0005570000000000003,0.0010176181793212897,0.0005972000000000001,0.016403436660766598,0.0151646,0.0007521629333496205,0.0003282
