DatalogToCPPRealTime,DatalogToCPPCPUTime,CompileRealTime,CompileCPUTime,InstanceLoadingRealTime,InstanceLoadingCPUTime,LoadingFactRealTime,LoadingFactCPUTime,QueryRealTime,QueryCPUTime,WritingResultRealTime,WritingResultCPUTime
0.009999990463256836,0.0,1.4600000381469727,1.49,0.000204917,0.000179,0.000970584,0.000956,0.003737,0.003722,0.000955375,0.000949
0.009999990463256836,0.0,1.4600000381469727,1.47,0.000169584,0.000168,0.00081525,0.000814,0.00348325,0.003419,0.000787792,0.000785
0.009999990463256836,0.0,1.4500000476837158,1.47,0.0001635,0.000162,0.00056075,0.00056,0.00230458,0.002303,0.000453792,0.000453
0.009999990463256836,0.0,1.4500000476837158,1.47,0.000178166,0.000177,0.0009215,0.000919,0.00381167,0.003782,0.00102992,0.000891
0.009999990463256836,0.0,1.4900000095367432,1.51,0.000189292,0.000187,0.00113075,0.001103,0.00353492,0.003518,0.00100229,0.000753
Average,0.009999990463256836,0.0,1.462000036239624,1.4819999999999998,0.00018109179999999998,0.0001746,0.0008797668,0.0008704,0.0033742839999999995,0.0033488,0.0008458338000000001,0.0007661999999999999
