DatalogToCPPRealTime,DatalogToCPPCPUTime,CompileRealTime,CompileCPUTime,InstanceLoadingRealTime,InstanceLoadingCPUTime,LoadingFactRealTime,LoadingFactCPUTime,QueryRealTime,QueryCPUTime,WritingResultRealTime,WritingResultCPUTime
0.009999990463256836,0.0,1.4500000476837158,1.48,0.000147834,0.000147,0.00155133,0.001546,0.00349425,0.003484,0.00155233,0.001547
0.009999990463256836,0.0,1.440000057220459,1.47,0.000167209,0.000165,0.00136587,0.001342,0.00318946,0.003146,0.00137379,0.001372
0.009999990463256836,0.0,1.4500000476837158,1.48,0.000153333,0.000152,0.00150537,0.001504,0.00337208,0.003326,0.00129367,0.001292
0.009999990463256836,0.0,1.440000057220459,1.46,0.000160083,0.000159,0.00136733,0.001363,0.00315467,0.003126,0.00129967,0.001298
0.009999990463256836,0.0,1.440000057220459,1.47,0.000157459,0.000156,0.00169946,0.001655,0.00373467,0.003699,0.00185404,0.001612
Average,0.009999990463256836,0.0,1.4440000534057618,1.472,0.0001571836,0.0001558,0.001497872,0.001482,0.003389026,0.0033562,0.0014747,0.0014241999999999998
