DatalogToCPPRealTime,DatalogToCPPCPUTime,CompileRealTime,CompileCPUTime,InstanceLoadingRealTime,InstanceLoadingCPUTime,LoadingFactRealTime,LoadingFactCPUTime,QueryRealTime,QueryCPUTime,WritingResultRealTime,WritingResultCPUTime
0.009999990463256836,0.0,1.4500000476837158,1.47,0.000166875,0.000164,0.00253146,0.002488,0.00694521,0.006916,0.00245292,0.002451
0.009999990463256836,0.0,1.440000057220459,1.46,0.000180792,0.000179,0.002558,0.002532,0.00538571,0.005299,0.00191583,0.001914
0.0,0.0,1.440000057220459,1.47,0.000162334,0.000162,0.00248779,0.002486,0.00683717,0.006817,0.00240879,0.002408
0.0,0.0,1.440000057220459,1.46,0.000198291,0.000195,0.00244004,0.002432,0.00685883,0.006817,0.00106908,0.001068
0.009999990463256836,0.0,1.4500000476837158,1.46,0.000158417,0.000155,0.00218721,0.002185,0.00682838,0.006797,0.00223571,0.002234
Average,0.005999994277954101,0.0,1.4440000534057618,1.464,0.0001733418,0.00017099999999999998,0.0024409,0.0024246,0.006571059999999999,0.006529200000000001,0.002016466,0.002015
