DatalogToCPPRealTime,DatalogToCPPCPUTime,CompileRealTime,CompileCPUTime,InstanceLoadingRealTime,InstanceLoadingCPUTime,LoadingFactRealTime,LoadingFactCPUTime,QueryRealTime,QueryCPUTime,WritingResultRealTime,WritingResultCPUTime
0.0,0.0,1.440000057220459,1.47,0.000186542,0.000185,0.002334,0.002332,0.00670008,0.006669,0.00221213,0.002211
0.009999990463256836,0.0,1.440000057220459,1.46,0.000175333,0.000172,0.00236429,0.002312,0.00676683,0.006729,0.00222458,0.002224
0.009999990463256836,0.0,1.4500000476837158,1.47,0.000187375,0.000186,0.00244267,0.002438,0.00695967,0.006937,0.00233013,0.00233
0.009999990463256836,0.0,1.4800000190734863,1.5,0.000162584,0.000161,0.00233796,0.002328,0.00583892,0.005813,0.00236121,0.00236
0.009999990463256836,0.0,1.440000057220459,1.47,0.000174291,0.000172,0.00248646,0.00247,0.00681925,0.00679,0.00241063,0.002409
Average,0.007999992370605469,0.0,1.4500000476837158,1.4739999999999998,0.000177225,0.0001752,0.002393076,0.002376,0.006616950000000001,0.006587599999999999,0.002307736,0.0023068000000000003
