DatalogToCPPRealTime,DatalogToCPPCPUTime,CompileRealTime,CompileCPUTime,InstanceLoadingRealTime,InstanceLoadingCPUTime,LoadingFactRealTime,LoadingFactCPUTime,QueryRealTime,QueryCPUTime,WritingResultRealTime,WritingResultCPUTime
0.009999990463256836,0.0,1.4499998092651367,1.47,0.000178958,0.000178,0.00255854,0.00255,0.0173469,0.01732,0.00175187,0.001751
0.0,0.0,1.4499998092651367,1.47,0.000197125,0.000171,0.002359,0.002354,0.0184296,0.018393,0.00184242,0.001842
0.009999990463256836,0.0,1.4500000476837158,1.47,0.000175417,0.000173,0.00229229,0.002265,0.0171265,0.017103,0.00186558,0.001865
0.009999990463256836,0.0,1.4500000476837158,1.46,0.000192375,0.00019,0.00236683,0.002364,0.018392,0.018362,0.00185108,0.001849
0.009999990463256836,0.0,1.4500000476837158,1.47,0.000174792,0.000173,0.0020745,0.002072,0.0169457,0.016918,0.001911,0.001911
Average,0.007999992370605469,0.0,1.449999952316284,1.468,0.0001837334,0.000177,0.0023302320000000002,0.002321,0.01764814,0.017619199999999998,0.00184439,0.0018435999999999997
