DatalogToCPPRealTime,DatalogToCPPCPUTime,CompileRealTime,CompileCPUTime,InstanceLoadingRealTime,InstanceLoadingCPUTime,LoadingFactRealTime,LoadingFactCPUTime,QueryRealTime,QueryCPUTime,WritingResultRealTime,WritingResultCPUTime
0.009999990463256836,0.0,1.4499998092651367,1.47,0.000187542,0.000185,0.00071675,0.000712,0.0006065,0.000606,0.000689042,0.000688
0.009999990463256836,0.0,1.4600000381469727,1.49,0.000165666,0.000164,0.000648125,0.000646,0.000598708,0.000598,0.00080625,0.000682
0.009999990463256836,0.0,1.440000057220459,1.47,0.000150458,0.00015,0.000435709,0.000435,0.000350625,0.000349,0.0003845,0.000382
0.009999990463256836,0.010000000000000002,1.4500000476837158,1.48,0.000165875,0.000165,0.000740625,0.000736,0.000632,0.000617,0.000738875,0.000733
0.0,0.0,1.4500000476837158,1.48,0.000181458,0.000179,0.000683708,0.000683,0.000587625,0.000587,0.000930125,0.000926
Average,0.007999992370605469,0.0020000000000000005,1.45,1.4780000000000002,0.0001701998,0.0001686,0.0006449833999999999,0.0006424,0.0005550916000000001,0.0005514,0.0007097583999999999,0.0006822
