Query: query1
384, 454
384, 394
384, 464
384, 404
384, 474
384, 414
384, 484
384, 424
384, 494
384, 434
384, 444
128, 448
128, 258
128, 388
128, 198
128, 328
128, 138
128, 458
128, 268
128, 398
128, 208
128, 338
128, 148
128, 468
128, 278
128, 408
128, 218
128, 348
128, 478
128, 158
128, 288
128, 418
128, 228
128, 358
128, 168
128, 488
128, 298
128, 428
128, 238
128, 368
128, 498
128, 178
128, 308
128, 438
128, 248
128, 378
128, 188
128, 318
256, 386
256, 326
256, 456
256, 266
256, 396
256, 336
256, 466
256, 276
256, 406
256, 346
256, 476
256, 286
256, 416
256, 356
256, 486
256, 296
256, 426
256, 366
256, 496
256, 306
256, 436
256, 376
256, 316
256, 446
385, 455
385, 395
385, 465
385, 405
385, 475
385, 415
385, 485
385, 425
385, 495
385, 435
385, 445
1, 321
1, 131
1, 451
1, 261
1, 71
1, 391
1, 201
1, 11
1, 331
1, 141
1, 461
1, 271
1, 81
1, 401
1, 211
1, 21
1, 341
1, 471
1, 151
1, 281
1, 411
1, 91
1, 221
1, 351
1, 31
1, 161
1, 481
1, 291
1, 101
1, 421
1, 231
1, 41
1, 361
1, 491
1, 171
1, 301
1, 431
1, 111
1, 241
1, 371
1, 51
1, 181
1, 311
1, 121
1, 441
1, 251
1, 61
1, 381
1, 191
129, 449
129, 259
129, 389
129, 199
129, 329
129, 139
129, 459
129, 269
129, 399
129, 209
129, 339
129, 149
129, 469
129, 279
129, 409
129, 219
129, 349
129, 479
129, 159
129, 289
129, 419
129, 229
129, 359
129, 169
129, 489
129, 299
129, 429
129, 239
129, 369
129, 499
129, 179
129, 309
129, 439
129, 249
129, 379
129, 189
129, 319
257, 387
257, 327
257, 457
257, 267
257, 397
257, 337
257, 467
257, 277
257, 407
257, 347
257, 477
257, 287
257, 417
257, 357
257, 487
257, 297
257, 427
257, 367
257, 497
257, 307
257, 437
257, 377
257, 317
257, 447
386, 456
386, 396
386, 466
386, 406
386, 476
386, 416
386, 486
386, 426
386, 496
386, 436
386, 446
258, 448
258, 388
258, 328
258, 458
258, 268
258, 398
258, 338
258, 468
258, 278
258, 408
258, 348
258, 478
258, 288
258, 418
258, 358
258, 488
258, 298
258, 428
258, 368
258, 498
258, 308
258, 438
258, 378
258, 318
2, 192
2, 322
2, 132
2, 452
2, 262
2, 72
2, 392
2, 202
2, 332
2, 12
2, 462
2, 142
2, 272
2, 82
2, 402
2, 212
2, 22
2, 342
2, 472
2, 152
2, 282
2, 412
2, 92
2, 222
2, 352
2, 32
2, 162
2, 482
2, 292
2, 102
2, 422
2, 232
2, 42
2, 362
2, 492
2, 172
2, 302
2, 432
2, 112
2, 242
2, 372
2, 52
2, 182
2, 312
2, 122
2, 442
2, 252
2, 62
2, 382
130, 320
130, 450
130, 260
130, 390
130, 200
130, 330
130, 140
130, 460
130, 270
130, 400
130, 210
130, 340
130, 150
130, 470
130, 280
130, 410
130, 220
130, 350
130, 480
130, 160
130, 290
130, 420
130, 230
130, 360
130, 170
130, 490
130, 300
130, 430
130, 240
130, 370
130, 500
130, 180
130, 310
130, 440
130, 250
130, 380
130, 190
387, 457
387, 397
387, 467
387, 407
387, 477
387, 417
387, 487
387, 427
387, 497
387, 437
387, 447
259, 449
259, 389
259, 329
259, 459
259, 269
259, 399
259, 339
259, 469
259, 279
259, 409
259, 349
259, 479
259, 289
259, 419
259, 359
259, 489
259, 299
259, 429
259, 369
259, 499
259, 309
259, 439
259, 379
259, 319
3, 193
3, 323
3, 133
3, 453
3, 263
3, 73
3, 393
3, 203
3, 333
3, 13
3, 463
3, 143
3, 273
3, 83
3, 403
3, 213
3, 23
3, 343
3, 473
3, 153
3, 283
3, 413
3, 93
3, 223
3, 353
3, 33
3, 163
3, 483
3, 293
3, 103
3, 423
3, 233
3, 43
3, 363
3, 493
3, 173
3, 303
3, 433
3, 113
3, 243
3, 373
3, 53
3, 183
3, 313
3, 123
3, 443
3, 253
3, 63
3, 383
131, 321
131, 451
131, 261
131, 391
131, 201
131, 331
131, 141
131, 461
131, 271
131, 401
131, 211
131, 341
131, 151
131, 471
131, 281
131, 411
131, 221
131, 351
131, 481
131, 161
131, 291
131, 421
131, 231
131, 361
131, 171
131, 491
131, 301
131, 431
131, 241
131, 371
131, 181
131, 311
131, 441
131, 251
131, 381
131, 191
388, 448
388, 458
388, 398
388, 468
388, 408
388, 478
388, 418
388, 488
388, 428
388, 498
388, 438
260, 320
260, 450
260, 390
260, 330
260, 460
260, 270
260, 400
260, 340
260, 470
260, 280
260, 410
260, 350
260, 480
260, 290
260, 420
260, 360
260, 490
260, 300
260, 430
260, 370
260, 500
260, 310
260, 440
260, 380
4, 64
4, 384
4, 194
4, 324
4, 134
4, 454
4, 264
4, 394
4, 74
4, 204
4, 334
4, 14
4, 144
4, 464
4, 274
4, 84
4, 404
4, 214
4, 24
4, 344
4, 474
4, 154
4, 284
4, 414
4, 94
4, 224
4, 354
4, 34
4, 164
4, 484
4, 294
4, 104
4, 424
4, 234
4, 44
4, 364
4, 494
4, 174
4, 304
4, 434
4, 114
4, 244
4, 374
4, 54
4, 184
4, 314
4, 124
4, 444
4, 254
132, 192
132, 322
132, 452
132, 262
132, 392
132, 202
132, 332
132, 142
132, 462
132, 272
132, 402
132, 212
132, 342
132, 152
132, 472
132, 282
132, 412
132, 222
132, 352
132, 482
132, 162
132, 292
132, 422
132, 232
132, 362
132, 172
132, 492
132, 302
132, 432
132, 242
132, 372
132, 182
132, 312
132, 442
132, 252
132, 382
389, 449
389, 459
389, 399
389, 469
389, 409
389, 479
389, 419
389, 489
389, 429
389, 499
389, 439
261, 321
261, 451
261, 391
261, 331
261, 461
261, 271
261, 401
261, 341
261, 471
261, 281
261, 411
261, 351
261, 481
261, 291
261, 421
261, 361
261, 491
261, 301
261, 431
261, 371
261, 311
261, 441
261, 381
5, 65
5, 385
5, 195
5, 325
5, 135
5, 455
5, 265
5, 395
5, 75
5, 205
5, 335
5, 15
5, 145
5, 465
5, 275
5, 85
5, 405
5, 215
5, 25
5, 345
5, 475
5, 155
5, 285
5, 415
5, 95
5, 225
5, 355
5, 35
5, 165
5, 485
5, 295
5, 105
5, 425
5, 235
5, 45
5, 365
5, 495
5, 175
5, 305
5, 435
5, 115
5, 245
5, 375
5, 55
5, 185
5, 315
5, 125
5, 445
5, 255
133, 193
133, 323
133, 453
133, 263
133, 393
133, 203
133, 333
133, 143
133, 463
133, 273
133, 403
133, 213
133, 343
133, 153
133, 473
133, 283
133, 413
133, 223
133, 353
133, 483
133, 163
133, 293
133, 423
133, 233
133, 363
133, 173
133, 493
133, 303
133, 433
133, 243
133, 373
133, 183
133, 313
133, 443
133, 253
133, 383
390, 450
390, 460
390, 400
390, 470
390, 410
390, 480
390, 420
390, 490
390, 430
390, 500
390, 440
262, 322
262, 452
262, 392
262, 332
262, 462
262, 272
262, 402
262, 342
262, 472
262, 282
262, 412
262, 352
262, 482
262, 292
262, 422
262, 362
262, 492
262, 302
262, 432
262, 372
262, 312
262, 442
262, 382
6, 256
6, 66
6, 386
6, 196
6, 326
6, 136
6, 456
6, 266
6, 76
6, 396
6, 206
6, 336
6, 16
6, 146
6, 466
6, 276
6, 86
6, 406
6, 216
6, 26
6, 346
6, 476
6, 156
6, 286
6, 416
6, 96
6, 226
6, 356
6, 36
6, 166
6, 486
6, 296
6, 106
6, 426
6, 236
6, 46
6, 366
6, 496
6, 176
6, 306
6, 436
6, 116
6, 246
6, 376
6, 56
6, 186
6, 316
6, 126
6, 446
134, 384
134, 194
134, 324
134, 454
134, 264
134, 394
134, 204
134, 334
134, 464
134, 144
134, 274
134, 404
134, 214
134, 344
134, 154
134, 474
134, 284
134, 414
134, 224
134, 354
134, 484
134, 164
134, 294
134, 424
134, 234
134, 364
134, 174
134, 494
134, 304
134, 434
134, 244
134, 374
134, 184
134, 314
134, 444
134, 254
391, 451
391, 461
391, 401
391, 471
391, 411
391, 481
391, 421
391, 491
391, 431
391, 441
263, 323
263, 453
263, 393
263, 333
263, 463
263, 273
263, 403
263, 343
263, 473
263, 283
263, 413
263, 353
263, 483
263, 293
263, 423
263, 363
263, 493
263, 303
263, 433
263, 373
263, 313
263, 443
263, 383
7, 257
7, 67
7, 387
7, 197
7, 327
7, 137
7, 457
7, 267
7, 77
7, 397
7, 207
7, 337
7, 17
7, 147
7, 467
7, 277
7, 87
7, 407
7, 217
7, 27
7, 347
7, 477
7, 157
7, 287
7, 417
7, 97
7, 227
7, 357
7, 37
7, 167
7, 487
7, 297
7, 107
7, 427
7, 237
7, 47
7, 367
7, 497
7, 177
7, 307
7, 437
7, 117
7, 247
7, 377
7, 57
7, 187
7, 317
7, 127
7, 447
135, 385
135, 195
135, 325
135, 455
135, 265
135, 395
135, 205
135, 335
135, 465
135, 145
135, 275
135, 405
135, 215
135, 345
135, 155
135, 475
135, 285
135, 415
135, 225
135, 355
135, 485
135, 165
135, 295
135, 425
135, 235
135, 365
135, 175
135, 495
135, 305
135, 435
135, 245
135, 375
135, 185
135, 315
135, 445
135, 255
392, 452
392, 462
392, 402
392, 472
392, 412
392, 482
392, 422
392, 492
392, 432
392, 442
264, 384
264, 324
264, 454
264, 394
264, 334
264, 464
264, 274
264, 404
264, 344
264, 474
264, 284
264, 414
264, 354
264, 484
264, 294
264, 424
264, 364
264, 494
264, 304
264, 434
264, 374
264, 314
264, 444
8, 128
8, 448
8, 258
8, 68
8, 388
8, 198
8, 328
8, 458
8, 138
8, 268
8, 398
8, 78
8, 208
8, 338
8, 18
8, 148
8, 468
8, 278
8, 88
8, 408
8, 218
8, 28
8, 348
8, 478
8, 158
8, 288
8, 418
8, 98
8, 228
8, 358
8, 38
8, 168
8, 488
8, 298
8, 108
8, 428
8, 238
8, 48
8, 368
8, 498
8, 178
8, 308
8, 438
8, 118
8, 248
8, 378
8, 58
8, 188
8, 318
136, 256
136, 386
136, 196
136, 326
136, 456
136, 266
136, 396
136, 206
136, 336
136, 466
136, 146
136, 276
136, 406
136, 216
136, 346
136, 156
136, 476
136, 286
136, 416
136, 226
136, 356
136, 486
136, 166
136, 296
136, 426
136, 236
136, 366
136, 176
136, 496
136, 306
136, 436
136, 246
136, 376
136, 186
136, 316
136, 446
393, 453
393, 463
393, 403
393, 473
393, 413
393, 483
393, 423
393, 493
393, 433
393, 443
265, 385
265, 325
265, 455
265, 395
265, 335
265, 465
265, 275
265, 405
265, 345
265, 475
265, 285
265, 415
265, 355
265, 485
265, 295
265, 425
265, 365
265, 495
265, 305
265, 435
265, 375
265, 315
265, 445
9, 129
9, 449
9, 259
9, 69
9, 389
9, 199
9, 329
9, 459
9, 139
9, 269
9, 399
9, 79
9, 209
9, 339
9, 19
9, 149
9, 469
9, 279
9, 89
9, 409
9, 219
9, 29
9, 349
9, 479
9, 159
9, 289
9, 419
9, 99
9, 229
9, 359
9, 39
9, 169
9, 489
9, 299
9, 109
9, 429
9, 239
9, 49
9, 369
9, 499
9, 179
9, 309
9, 439
9, 119
9, 249
9, 379
9, 59
9, 189
9, 319
137, 257
137, 387
137, 197
137, 327
137, 457
137, 267
137, 397
137, 207
137, 337
137, 467
137, 147
137, 277
137, 407
137, 217
137, 347
137, 157
137, 477
137, 287
137, 417
137, 227
137, 357
137, 487
137, 167
137, 297
137, 427
137, 237
137, 367
137, 177
137, 497
137, 307
137, 437
137, 247
137, 377
137, 187
137, 317
137, 447
394, 454
394, 464
394, 404
394, 474
394, 414
394, 484
394, 424
394, 494
394, 434
394, 444
266, 386
266, 326
266, 456
266, 396
266, 336
266, 466
266, 276
266, 406
266, 346
266, 476
266, 286
266, 416
266, 356
266, 486
266, 296
266, 426
266, 366
266, 496
266, 306
266, 436
266, 376
266, 316
266, 446
10, 320
10, 130
10, 450
10, 260
10, 70
10, 390
10, 200
10, 330
10, 460
10, 140
10, 270
10, 400
10, 80
10, 210
10, 340
10, 20
10, 150
10, 470
10, 280
10, 90
10, 410
10, 220
10, 30
10, 350
10, 480
10, 160
10, 290
10, 420
10, 100
10, 230
10, 360
10, 40
10, 170
10, 490
10, 300
10, 110
10, 430
10, 240
10, 50
10, 370
10, 500
10, 180
10, 310
10, 440
10, 120
10, 250
10, 380
10, 60
10, 190
138, 448
138, 258
138, 388
138, 198
138, 328
138, 458
138, 268
138, 398
138, 208
138, 338
138, 468
138, 148
138, 278
138, 408
138, 218
138, 348
138, 158
138, 478
138, 288
138, 418
138, 228
138, 358
138, 488
138, 168
138, 298
138, 428
138, 238
138, 368
138, 178
138, 498
138, 308
138, 438
138, 248
138, 378
138, 188
138, 318
395, 455
395, 465
395, 405
395, 475
395, 415
395, 485
395, 425
395, 495
395, 435
395, 445
267, 387
267, 327
267, 457
267, 397
267, 337
267, 467
267, 277
267, 407
267, 347
267, 477
267, 287
267, 417
267, 357
267, 487
267, 297
267, 427
267, 367
267, 497
267, 307
267, 437
267, 377
267, 317
267, 447
11, 321
11, 131
11, 451
11, 261
11, 71
11, 391
11, 201
11, 331
11, 461
11, 141
11, 271
11, 401
11, 81
11, 211
11, 341
11, 21
11, 151
11, 471
11, 281
11, 91
11, 411
11, 221
11, 31
11, 351
11, 481
11, 161
11, 291
11, 421
11, 101
11, 231
11, 361
11, 41
11, 171
11, 491
11, 301
11, 111
11, 431
11, 241
11, 51
11, 371
11, 181
11, 311
11, 441
11, 121
11, 251
11, 381
11, 61
11, 191
139, 449
139, 259
139, 389
139, 199
139, 329
139, 459
139, 269
139, 399
139, 209
139, 339
139, 469
139, 149
139, 279
139, 409
139, 219
139, 349
139, 159
139, 479
139, 289
139, 419
139, 229
139, 359
139, 489
139, 169
139, 299
139, 429
139, 239
139, 369
139, 179
139, 499
139, 309
139, 439
139, 249
139, 379
139, 189
139, 319
396, 456
396, 466
396, 406
396, 476
396, 416
396, 486
396, 426
396, 496
396, 436
396, 446
268, 448
268, 388
268, 328
268, 458
268, 398
268, 338
268, 468
268, 278
268, 408
268, 348
268, 478
268, 288
268, 418
268, 358
268, 488
268, 298
268, 428
268, 368
268, 498
268, 308
268, 438
268, 378
268, 318
12, 192
12, 322
12, 132
12, 452
12, 262
12, 72
12, 392
12, 202
12, 332
12, 142
12, 462
12, 272
12, 402
12, 82
12, 212
12, 342
12, 22
12, 152
12, 472
12, 282
12, 92
12, 412
12, 222
12, 32
12, 352
12, 482
12, 162
12, 292
12, 422
12, 102
12, 232
12, 362
12, 42
12, 172
12, 492
12, 302
12, 112
12, 432
12, 242
12, 52
12, 372
12, 182
12, 312
12, 442
12, 122
12, 252
12, 382
12, 62
140, 320
140, 450
140, 260
140, 390
140, 200
140, 330
140, 460
140, 270
140, 400
140, 210
140, 340
140, 470
140, 150
140, 280
140, 410
140, 220
140, 350
140, 160
140, 480
140, 290
140, 420
140, 230
140, 360
140, 490
140, 170
140, 300
140, 430
140, 240
140, 370
140, 180
140, 500
140, 310
140, 440
140, 250
140, 380
140, 190
397, 457
397, 467
397, 407
397, 477
397, 417
397, 487
397, 427
397, 497
397, 437
397, 447
269, 449
269, 389
269, 329
269, 459
269, 399
269, 339
269, 469
269, 279
269, 409
269, 349
269, 479
269, 289
269, 419
269, 359
269, 489
269, 299
269, 429
269, 369
269, 499
269, 309
269, 439
269, 379
269, 319
13, 193
13, 323
13, 133
13, 453
13, 263
13, 73
13, 393
13, 203
13, 333
13, 143
13, 463
13, 273
13, 403
13, 83
13, 213
13, 343
13, 23
13, 153
13, 473
13, 283
13, 93
13, 413
13, 223
13, 33
13, 353
13, 483
13, 163
13, 293
13, 423
13, 103
13, 233
13, 363
13, 43
13, 173
13, 493
13, 303
13, 113
13, 433
13, 243
13, 53
13, 373
13, 183
13, 313
13, 443
13, 123
13, 253
13, 383
13, 63
141, 321
141, 451
141, 261
141, 391
141, 201
141, 331
141, 461
141, 271
141, 401
141, 211
141, 341
141, 471
141, 151
141, 281
141, 411
141, 221
141, 351
141, 161
141, 481
141, 291
141, 421
141, 231
141, 361
141, 491
141, 171
141, 301
141, 431
141, 241
141, 371
141, 181
141, 311
141, 441
141, 251
141, 381
141, 191
398, 448
398, 458
398, 468
398, 408
398, 478
398, 418
398, 488
398, 428
398, 498
398, 438
270, 320
270, 450
270, 390
270, 330
270, 460
270, 400
270, 340
270, 470
270, 280
270, 410
270, 350
270, 480
270, 290
270, 420
270, 360
270, 490
270, 300
270, 430
270, 370
270, 500
270, 310
270, 440
270, 380
14, 64
14, 384
14, 194
14, 324
14, 134
14, 454
14, 264
14, 74
14, 394
14, 204
14, 334
14, 464
14, 144
14, 274
14, 404
14, 84
14, 214
14, 344
14, 24
14, 154
14, 474
14, 284
14, 94
14, 414
14, 224
14, 34
14, 354
14, 484
14, 164
14, 294
14, 424
14, 104
14, 234
14, 364
14, 44
14, 174
14, 494
14, 304
14, 114
14, 434
14, 244
14, 54
14, 374
14, 184
14, 314
14, 444
14, 124
14, 254
142, 192
142, 322
142, 452
142, 262
142, 392
142, 202
142, 332
142, 462
142, 272
142, 402
142, 212
142, 342
142, 472
142, 152
142, 282
142, 412
142, 222
142, 352
142, 162
142, 482
142, 292
142, 422
142, 232
142, 362
142, 492
142, 172
142, 302
142, 432
142, 242
142, 372
142, 182
142, 312
142, 442
142, 252
142, 382
399, 449
399, 459
399, 469
399, 409
399, 479
399, 419
399, 489
399, 429
399, 499
399, 439
271, 321
271, 451
271, 391
271, 331
271, 461
271, 401
271, 341
271, 471
271, 281
271, 411
271, 351
271, 481
271, 291
271, 421
271, 361
271, 491
271, 301
271, 431
271, 371
271, 311
271, 441
271, 381
15, 65
15, 385
15, 195
15, 325
15, 135
15, 455
15, 265
15, 75
15, 395
15, 205
15, 335
15, 465
15, 145
15, 275
15, 405
15, 85
15, 215
15, 345
15, 25
15, 155
15, 475
15, 285
15, 95
15, 415
15, 225
15, 35
15, 355
15, 485
15, 165
15, 295
15, 425
15, 105
15, 235
15, 365
15, 45
15, 175
15, 495
15, 305
15, 115
15, 435
15, 245
15, 55
15, 375
15, 185
15, 315
15, 445
15, 125
15, 255
143, 193
143, 323
143, 453
143, 263
143, 393
143, 203
143, 333
143, 463
143, 273
143, 403
143, 213
143, 343
143, 473
143, 153
143, 283
143, 413
143, 223
143, 353
143, 163
143, 483
143, 293
143, 423
143, 233
143, 363
143, 493
143, 173
143, 303
143, 433
143, 243
143, 373
143, 183
143, 313
143, 443
143, 253
143, 383
400, 450
400, 460
400, 470
400, 410
400, 480
400, 420
400, 490
400, 430
400, 500
400, 440
272, 322
272, 452
272, 392
272, 332
272, 462
272, 402
272, 342
272, 472
272, 282
272, 412
272, 352
272, 482
272, 292
272, 422
272, 362
272, 492
272, 302
272, 432
272, 372
272, 312
272, 442
272, 382
16, 256
16, 66
16, 386
16, 196
16, 326
16, 136
16, 456
16, 266
16, 396
16, 76
16, 206
16, 336
16, 466
16, 146
16, 276
16, 406
16, 86
16, 216
16, 346
16, 26
16, 156
16, 476
16, 286
16, 96
16, 416
16, 226
16, 36
16, 356
16, 486
16, 166
16, 296
16, 426
16, 106
16, 236
16, 366
16, 46
16, 176
16, 496
16, 306
16, 116
16, 436
16, 246
16, 56
16, 376
16, 186
16, 316
16, 446
16, 126
144, 384
144, 194
144, 324
144, 454
144, 264
144, 394
144, 204
144, 334
144, 464
144, 274
144, 404
144, 214
144, 344
144, 474
144, 154
144, 284
144, 414
144, 224
144, 354
144, 164
144, 484
144, 294
144, 424
144, 234
144, 364
144, 494
144, 174
144, 304
144, 434
144, 244
144, 374
144, 184
144, 314
144, 444
144, 254
401, 451
401, 461
401, 471
401, 411
401, 481
401, 421
401, 491
401, 431
401, 441
273, 323
273, 453
273, 393
273, 333
273, 463
273, 403
273, 343
273, 473
273, 283
273, 413
273, 353
273, 483
273, 293
273, 423
273, 363
273, 493
273, 303
273, 433
273, 373
273, 313
273, 443
273, 383
17, 257
17, 67
17, 387
17, 197
17, 327
17, 137
17, 457
17, 267
17, 397
17, 77
17, 207
17, 337
17, 467
17, 147
17, 277
17, 407
17, 87
17, 217
17, 347
17, 27
17, 157
17, 477
17, 287
17, 97
17, 417
17, 227
17, 37
17, 357
17, 487
17, 167
17, 297
17, 427
17, 107
17, 237
17, 367
17, 47
17, 177
17, 497
17, 307
17, 117
17, 437
17, 247
17, 57
17, 377
17, 187
17, 317
17, 447
17, 127
145, 385
145, 195
145, 325
145, 455
145, 265
145, 395
145, 205
145, 335
145, 465
145, 275
145, 405
145, 215
145, 345
145, 475
145, 155
145, 285
145, 415
145, 225
145, 355
145, 165
145, 485
145, 295
145, 425
145, 235
145, 365
145, 495
145, 175
145, 305
145, 435
145, 245
145, 375
145, 185
145, 315
145, 445
145, 255
402, 452
402, 462
402, 472
402, 412
402, 482
402, 422
402, 492
402, 432
402, 442
274, 384
274, 324
274, 454
274, 394
274, 334
274, 464
274, 404
274, 344
274, 474
274, 284
274, 414
274, 354
274, 484
274, 294
274, 424
274, 364
274, 494
274, 304
274, 434
274, 374
274, 314
274, 444
18, 128
18, 448
18, 258
18, 68
18, 388
18, 198
18, 328
18, 138
18, 458
18, 268
18, 78
18, 398
18, 208
18, 338
18, 468
18, 148
18, 278
18, 408
18, 88
18, 218
18, 348
18, 28
18, 158
18, 478
18, 288
18, 98
18, 418
18, 228
18, 38
18, 358
18, 488
18, 168
18, 298
18, 428
18, 108
18, 238
18, 368
18, 48
18, 178
18, 498
18, 308
18, 118
18, 438
18, 248
18, 58
18, 378
18, 188
18, 318
146, 256
146, 386
146, 196
146, 326
146, 456
146, 266
146, 396
146, 206
146, 336
146, 466
146, 276
146, 406
146, 216
146, 346
146, 476
146, 156
146, 286
146, 416
146, 226
146, 356
146, 166
146, 486
146, 296
146, 426
146, 236
146, 366
146, 496
146, 176
146, 306
146, 436
146, 246
146, 376
146, 186
146, 316
146, 446
403, 453
403, 463
403, 473
403, 413
403, 483
403, 423
403, 493
403, 433
403, 443
275, 385
275, 325
275, 455
275, 395
275, 335
275, 465
275, 405
275, 345
275, 475
275, 285
275, 415
275, 355
275, 485
275, 295
275, 425
275, 365
275, 495
275, 305
275, 435
275, 375
275, 315
275, 445
19, 129
19, 449
19, 259
19, 69
19, 389
19, 199
19, 329
19, 139
19, 459
19, 269
19, 79
19, 399
19, 209
19, 339
19, 469
19, 149
19, 279
19, 409
19, 89
19, 219
19, 349
19, 29
19, 159
19, 479
19, 289
19, 99
19, 419
19, 229
19, 39
19, 359
19, 489
19, 169
19, 299
19, 429
19, 109
19, 239
19, 369
19, 49
19, 179
19, 499
19, 309
19, 119
19, 439
19, 249
19, 59
19, 379
19, 189
19, 319
147, 257
147, 387
147, 197
147, 327
147, 457
147, 267
147, 397
147, 207
147, 337
147, 467
147, 277
147, 407
147, 217
147, 347
147, 477
147, 157
147, 287
147, 417
147, 227
147, 357
147, 167
147, 487
147, 297
147, 427
147, 237
147, 367
147, 497
147, 177
147, 307
147, 437
147, 247
147, 377
147, 187
147, 317
147, 447
404, 454
404, 464
404, 474
404, 414
404, 484
404, 424
404, 494
404, 434
404, 444
276, 386
276, 326
276, 456
276, 396
276, 336
276, 466
276, 406
276, 346
276, 476
276, 286
276, 416
276, 356
276, 486
276, 296
276, 426
276, 366
276, 496
276, 306
276, 436
276, 376
276, 316
276, 446
20, 320
20, 130
20, 450
20, 260
20, 70
20, 390
20, 200
20, 330
20, 140
20, 460
20, 270
20, 80
20, 400
20, 210
20, 340
20, 470
20, 150
20, 280
20, 410
20, 90
20, 220
20, 350
20, 30
20, 160
20, 480
20, 290
20, 100
20, 420
20, 230
20, 40
20, 360
20, 490
20, 170
20, 300
20, 430
20, 110
20, 240
20, 370
20, 50
20, 180
20, 500
20, 310
20, 120
20, 440
20, 250
20, 60
20, 380
20, 190
148, 448
148, 258
148, 388
148, 198
148, 328
148, 458
148, 268
148, 398
148, 208
148, 338
148, 468
148, 278
148, 408
148, 218
148, 348
148, 478
148, 158
148, 288
148, 418
148, 228
148, 358
148, 168
148, 488
148, 298
148, 428
148, 238
148, 368
148, 498
148, 178
148, 308
148, 438
148, 248
148, 378
148, 188
148, 318
405, 455
405, 465
405, 475
405, 415
405, 485
405, 425
405, 495
405, 435
405, 445
277, 387
277, 327
277, 457
277, 397
277, 337
277, 467
277, 407
277, 347
277, 477
277, 287
277, 417
277, 357
277, 487
277, 297
277, 427
277, 367
277, 497
277, 307
277, 437
277, 377
277, 317
277, 447
21, 321
21, 131
21, 451
21, 261
21, 71
21, 391
21, 201
21, 331
21, 141
21, 461
21, 271
21, 81
21, 401
21, 211
21, 341
21, 471
21, 151
21, 281
21, 411
21, 91
21, 221
21, 351
21, 31
21, 161
21, 481
21, 291
21, 101
21, 421
21, 231
21, 41
21, 361
21, 491
21, 171
21, 301
21, 431
21, 111
21, 241
21, 371
21, 51
21, 181
21, 311
21, 121
21, 441
21, 251
21, 61
21, 381
21, 191
149, 449
149, 259
149, 389
149, 199
149, 329
149, 459
149, 269
149, 399
149, 209
149, 339
149, 469
149, 279
149, 409
149, 219
149, 349
149, 479
149, 159
149, 289
149, 419
149, 229
149, 359
149, 169
149, 489
149, 299
149, 429
149, 239
149, 369
149, 499
149, 179
149, 309
149, 439
149, 249
149, 379
149, 189
149, 319
406, 456
406, 466
406, 476
406, 416
406, 486
406, 426
406, 496
406, 436
406, 446
278, 448
278, 388
278, 328
278, 458
278, 398
278, 338
278, 468
278, 408
278, 348
278, 478
278, 288
278, 418
278, 358
278, 488
278, 298
278, 428
278, 368
278, 498
278, 308
278, 438
278, 378
278, 318
22, 192
22, 322
22, 132
22, 452
22, 262
22, 72
22, 392
22, 202
22, 332
22, 462
22, 142
22, 272
22, 82
22, 402
22, 212
22, 342
22, 472
22, 152
22, 282
22, 412
22, 92
22, 222
22, 352
22, 32
22, 162
22, 482
22, 292
22, 102
22, 422
22, 232
22, 42
22, 362
22, 492
22, 172
22, 302
22, 432
22, 112
22, 242
22, 372
22, 52
22, 182
22, 312
22, 122
22, 442
22, 252
22, 62
22, 382
150, 320
150, 450
150, 260
150, 390
150, 200
150, 330
150, 460
150, 270
150, 400
150, 210
150, 340
150, 470
150, 280
150, 410
150, 220
150, 350
150, 480
150, 160
150, 290
150, 420
150, 230
150, 360
150, 170
150, 490
150, 300
150, 430
150, 240
150, 370
150, 500
150, 180
150, 310
150, 440
150, 250
150, 380
150, 190
407, 457
407, 467
407, 477
407, 417
407, 487
407, 427
407, 497
407, 437
407, 447
279, 449
279, 389
279, 329
279, 459
279, 399
279, 339
279, 469
279, 409
279, 349
279, 479
279, 289
279, 419
279, 359
279, 489
279, 299
279, 429
279, 369
279, 499
279, 309
279, 439
279, 379
279, 319
23, 193
23, 323
23, 133
23, 453
23, 263
23, 73
23, 393
23, 203
23, 333
23, 463
23, 143
23, 273
23, 83
23, 403
23, 213
23, 343
23, 473
23, 153
23, 283
23, 413
23, 93
23, 223
23, 353
23, 33
23, 163
23, 483
23, 293
23, 103
23, 423
23, 233
23, 43
23, 363
23, 493
23, 173
23, 303
23, 433
23, 113
23, 243
23, 373
23, 53
23, 183
23, 313
23, 123
23, 443
23, 253
23, 63
23, 383
151, 321
151, 451
151, 261
151, 391
151, 201
151, 331
151, 461
151, 271
151, 401
151, 211
151, 341
151, 471
151, 281
151, 411
151, 221
151, 351
151, 481
151, 161
151, 291
151, 421
151, 231
151, 361
151, 171
151, 491
151, 301
151, 431
151, 241
151, 371
151, 181
151, 311
151, 441
151, 251
151, 381
151, 191
408, 448
408, 458
408, 468
408, 478
408, 418
408, 488
408, 428
408, 498
408, 438
280, 320
280, 450
280, 390
280, 330
280, 460
280, 400
280, 340
280, 470
280, 410
280, 350
280, 480
280, 290
280, 420
280, 360
280, 490
280, 300
280, 430
280, 370
280, 500
280, 310
280, 440
280, 380
24, 64
24, 384
24, 194
24, 324
24, 134
24, 454
24, 264
24, 394
24, 74
24, 204
24, 334
24, 144
24, 464
24, 274
24, 84
24, 404
24, 214
24, 344
24, 474
24, 154
24, 284
24, 414
24, 94
24, 224
24, 354
24, 34
24, 164
24, 484
24, 294
24, 104
24, 424
24, 234
24, 44
24, 364
24, 494
24, 174
24, 304
24, 434
24, 114
24, 244
24, 374
24, 54
24, 184
24, 314
24, 124
24, 444
24, 254
152, 192
152, 322
152, 452
152, 262
152, 392
152, 202
152, 332
152, 462
152, 272
152, 402
152, 212
152, 342
152, 472
152, 282
152, 412
152, 222
152, 352
152, 482
152, 162
152, 292
152, 422
152, 232
152, 362
152, 172
152, 492
152, 302
152, 432
152, 242
152, 372
152, 182
152, 312
152, 442
152, 252
152, 382
409, 449
409, 459
409, 469
409, 479
409, 419
409, 489
409, 429
409, 499
409, 439
281, 321
281, 451
281, 391
281, 331
281, 461
281, 401
281, 341
281, 471
281, 411
281, 351
281, 481
281, 291
281, 421
281, 361
281, 491
281, 301
281, 431
281, 371
281, 311
281, 441
281, 381
25, 65
25, 385
25, 195
25, 325
25, 135
25, 455
25, 265
25, 395
25, 75
25, 205
25, 335
25, 145
25, 465
25, 275
25, 85
25, 405
25, 215
25, 345
25, 475
25, 155
25, 285
25, 415
25, 95
25, 225
25, 355
25, 35
25, 165
25, 485
25, 295
25, 105
25, 425
25, 235
25, 45
25, 365
25, 495
25, 175
25, 305
25, 435
25, 115
25, 245
25, 375
25, 55
25, 185
25, 315
25, 125
25, 445
25, 255
153, 193
153, 323
153, 453
153, 263
153, 393
153, 203
153, 333
153, 463
153, 273
153, 403
153, 213
153, 343
153, 473
153, 283
153, 413
153, 223
153, 353
153, 483
153, 163
153, 293
153, 423
153, 233
153, 363
153, 173
153, 493
153, 303
153, 433
153, 243
153, 373
153, 183
153, 313
153, 443
153, 253
153, 383
410, 450
410, 460
410, 470
410, 480
410, 420
410, 490
410, 430
410, 500
410, 440
282, 322
282, 452
282, 392
282, 332
282, 462
282, 402
282, 342
282, 472
282, 412
282, 352
282, 482
282, 292
282, 422
282, 362
282, 492
282, 302
282, 432
282, 372
282, 312
282, 442
282, 382
26, 256
26, 66
26, 386
26, 196
26, 326
26, 136
26, 456
26, 266
26, 76
26, 396
26, 206
26, 336
26, 146
26, 466
26, 276
26, 86
26, 406
26, 216
26, 346
26, 476
26, 156
26, 286
26, 416
26, 96
26, 226
26, 356
26, 36
26, 166
26, 486
26, 296
26, 106
26, 426
26, 236
26, 46
26, 366
26, 496
26, 176
26, 306
26, 436
26, 116
26, 246
26, 376
26, 56
26, 186
26, 316
26, 126
26, 446
154, 384
154, 194
154, 324
154, 454
154, 264
154, 394
154, 204
154, 334
154, 464
154, 274
154, 404
154, 214
154, 344
154, 474
154, 284
154, 414
154, 224
154, 354
154, 484
154, 164
154, 294
154, 424
154, 234
154, 364
154, 174
154, 494
154, 304
154, 434
154, 244
154, 374
154, 184
154, 314
154, 444
154, 254
411, 431
411, 451
411, 471
411, 491
411, 481
411, 461
411, 441
411, 421
283, 323
283, 453
283, 393
283, 333
283, 463
283, 403
283, 343
283, 473
283, 413
283, 353
283, 483
283, 293
283, 423
283, 363
283, 493
283, 303
283, 433
283, 373
283, 313
283, 443
283, 383
27, 257
27, 67
27, 387
27, 197
27, 327
27, 137
27, 457
27, 267
27, 77
27, 397
27, 207
27, 337
27, 147
27, 467
27, 277
27, 87
27, 407
27, 217
27, 347
27, 477
27, 157
27, 287
27, 417
27, 97
27, 227
27, 357
27, 37
27, 167
27, 487
27, 297
27, 107
27, 427
27, 237
27, 47
27, 367
27, 497
27, 177
27, 307
27, 437
27, 117
27, 247
27, 377
27, 57
27, 187
27, 317
27, 127
27, 447
155, 385
155, 195
155, 325
155, 455
155, 265
155, 395
155, 205
155, 335
155, 465
155, 275
155, 405
155, 215
155, 345
155, 475
155, 285
155, 415
155, 225
155, 355
155, 485
155, 165
155, 295
155, 425
155, 235
155, 365
155, 175
155, 495
155, 305
155, 435
155, 245
155, 375
155, 185
155, 315
155, 445
155, 255
412, 432
412, 452
412, 472
412, 492
412, 482
412, 462
412, 442
412, 422
284, 384
284, 324
284, 454
284, 394
284, 334
284, 464
284, 404
284, 344
284, 474
284, 414
284, 354
284, 484
284, 294
284, 424
284, 364
284, 494
284, 304
284, 434
284, 374
284, 314
284, 444
28, 128
28, 448
28, 258
28, 68
28, 388
28, 198
28, 328
28, 458
28, 138
28, 268
28, 398
28, 78
28, 208
28, 338
28, 148
28, 468
28, 278
28, 88
28, 408
28, 218
28, 348
28, 478
28, 158
28, 288
28, 418
28, 98
28, 228
28, 358
28, 38
28, 168
28, 488
28, 298
28, 108
28, 428
28, 238
28, 48
28, 368
28, 498
28, 178
28, 308
28, 438
28, 118
28, 248
28, 378
28, 58
28, 188
28, 318
156, 256
156, 386
156, 196
156, 326
156, 456
156, 266
156, 396
156, 206
156, 336
156, 466
156, 276
156, 406
156, 216
156, 346
156, 476
156, 286
156, 416
156, 226
156, 356
156, 486
156, 166
156, 296
156, 426
156, 236
156, 366
156, 176
156, 496
156, 306
156, 436
156, 246
156, 376
156, 186
156, 316
156, 446
413, 433
413, 453
413, 473
413, 493
413, 483
413, 463
413, 443
413, 423
285, 385
285, 325
285, 455
285, 395
285, 335
285, 465
285, 405
285, 345
285, 475
285, 415
285, 355
285, 485
285, 295
285, 425
285, 365
285, 495
285, 305
285, 435
285, 375
285, 315
285, 445
29, 129
29, 449
29, 259
29, 69
29, 389
29, 199
29, 329
29, 459
29, 139
29, 269
29, 399
29, 79
29, 209
29, 339
29, 149
29, 469
29, 279
29, 89
29, 409
29, 219
29, 349
29, 479
29, 159
29, 289
29, 419
29, 99
29, 229
29, 359
29, 39
29, 169
29, 489
29, 299
29, 109
29, 429
29, 239
29, 49
29, 369
29, 499
29, 179
29, 309
29, 439
29, 119
29, 249
29, 379
29, 59
29, 189
29, 319
157, 257
157, 387
157, 197
157, 327
157, 457
157, 267
157, 397
157, 207
157, 337
157, 467
157, 277
157, 407
157, 217
157, 347
157, 477
157, 287
157, 417
157, 227
157, 357
157, 487
157, 167
157, 297
157, 427
157, 237
157, 367
157, 177
157, 497
157, 307
157, 437
157, 247
157, 377
157, 187
157, 317
157, 447
414, 434
414, 454
414, 474
414, 494
414, 484
414, 464
414, 444
414, 424
286, 386
286, 326
286, 456
286, 396
286, 336
286, 466
286, 406
286, 346
286, 476
286, 416
286, 356
286, 486
286, 296
286, 426
286, 366
286, 496
286, 306
286, 436
286, 376
286, 316
286, 446
30, 320
30, 130
30, 450
30, 260
30, 70
30, 390
30, 200
30, 330
30, 460
30, 140
30, 270
30, 400
30, 80
30, 210
30, 340
30, 150
30, 470
30, 280
30, 90
30, 410
30, 220
30, 350
30, 480
30, 160
30, 290
30, 420
30, 100
30, 230
30, 360
30, 40
30, 170
30, 490
30, 300
30, 110
30, 430
30, 240
30, 50
30, 370
30, 500
30, 180
30, 310
30, 440
30, 120
30, 250
30, 380
30, 60
30, 190
158, 448
158, 258
158, 388
158, 198
158, 328
158, 458
158, 268
158, 398
158, 208
158, 338
158, 468
158, 278
158, 408
158, 218
158, 348
158, 478
158, 288
158, 418
158, 228
158, 358
158, 488
158, 168
158, 298
158, 428
158, 238
158, 368
158, 178
158, 498
158, 308
158, 438
158, 248
158, 378
158, 188
158, 318
415, 435
415, 455
415, 475
415, 495
415, 485
415, 465
415, 445
415, 425
287, 387
287, 327
287, 457
287, 397
287, 337
287, 467
287, 407
287, 347
287, 477
287, 417
287, 357
287, 487
287, 297
287, 427
287, 367
287, 497
287, 307
287, 437
287, 377
287, 317
287, 447
31, 321
31, 131
31, 451
31, 261
31, 71
31, 391
31, 201
31, 331
31, 461
31, 141
31, 271
31, 401
31, 81
31, 211
31, 341
31, 151
31, 471
31, 281
31, 91
31, 411
31, 221
31, 351
31, 481
31, 161
31, 291
31, 421
31, 101
31, 231
31, 361
31, 41
31, 171
31, 491
31, 301
31, 111
31, 431
31, 241
31, 51
31, 371
31, 181
31, 311
31, 441
31, 121
31, 251
31, 381
31, 61
31, 191
159, 449
159, 259
159, 389
159, 199
159, 329
159, 459
159, 269
159, 399
159, 209
159, 339
159, 469
159, 279
159, 409
159, 219
159, 349
159, 479
159, 289
159, 419
159, 229
159, 359
159, 489
159, 169
159, 299
159, 429
159, 239
159, 369
159, 179
159, 499
159, 309
159, 439
159, 249
159, 379
159, 189
159, 319
416, 436
416, 456
416, 476
416, 496
416, 486
416, 466
416, 446
416, 426
288, 448
288, 388
288, 328
288, 458
288, 398
288, 338
288, 468
288, 408
288, 348
288, 478
288, 418
288, 358
288, 488
288, 298
288, 428
288, 368
288, 498
288, 308
288, 438
288, 378
288, 318
32, 192
32, 322
32, 132
32, 452
32, 262
32, 72
32, 392
32, 202
32, 332
32, 142
32, 462
32, 272
32, 402
32, 82
32, 212
32, 342
32, 152
32, 472
32, 282
32, 92
32, 412
32, 222
32, 352
32, 482
32, 162
32, 292
32, 422
32, 102
32, 232
32, 362
32, 42
32, 172
32, 492
32, 302
32, 112
32, 432
32, 242
32, 52
32, 372
32, 182
32, 312
32, 442
32, 122
32, 252
32, 382
32, 62
160, 320
160, 450
160, 260
160, 390
160, 200
160, 330
160, 460
160, 270
160, 400
160, 210
160, 340
160, 470
160, 280
160, 410
160, 220
160, 350
160, 480
160, 290
160, 420
160, 230
160, 360
160, 490
160, 170
160, 300
160, 430
160, 240
160, 370
160, 180
160, 500
160, 310
160, 440
160, 250
160, 380
160, 190
417, 437
417, 457
417, 477
417, 497
417, 487
417, 467
417, 447
417, 427
289, 449
289, 389
289, 329
289, 459
289, 399
289, 339
289, 469
289, 409
289, 349
289, 479
289, 419
289, 359
289, 489
289, 299
289, 429
289, 369
289, 499
289, 309
289, 439
289, 379
289, 319
33, 193
33, 323
33, 133
33, 453
33, 263
33, 73
33, 393
33, 203
33, 333
33, 143
33, 463
33, 273
33, 403
33, 83
33, 213
33, 343
33, 153
33, 473
33, 283
33, 93
33, 413
33, 223
33, 353
33, 483
33, 163
33, 293
33, 423
33, 103
33, 233
33, 363
33, 43
33, 173
33, 493
33, 303
33, 113
33, 433
33, 243
33, 53
33, 373
33, 183
33, 313
33, 443
33, 123
33, 253
33, 383
33, 63
161, 321
161, 451
161, 261
161, 391
161, 201
161, 331
161, 461
161, 271
161, 401
161, 211
161, 341
161, 471
161, 281
161, 411
161, 221
161, 351
161, 481
161, 291
161, 421
161, 231
161, 361
161, 491
161, 171
161, 301
161, 431
161, 241
161, 371
161, 181
161, 311
161, 441
161, 251
161, 381
161, 191
418, 438
418, 458
418, 478
418, 498
418, 488
418, 468
418, 448
418, 428
290, 320
290, 450
290, 390
290, 330
290, 460
290, 400
290, 340
290, 470
290, 410
290, 350
290, 480
290, 420
290, 360
290, 490
290, 300
290, 430
290, 370
290, 500
290, 310
290, 440
290, 380
34, 64
34, 384
34, 194
34, 324
34, 134
34, 454
34, 264
34, 74
34, 394
34, 204
34, 334
34, 464
34, 144
34, 274
34, 404
34, 84
34, 214
34, 344
34, 154
34, 474
34, 284
34, 94
34, 414
34, 224
34, 354
34, 484
34, 164
34, 294
34, 424
34, 104
34, 234
34, 364
34, 44
34, 174
34, 494
34, 304
34, 114
34, 434
34, 244
34, 54
34, 374
34, 184
34, 314
34, 444
34, 124
34, 254
162, 192
162, 322
162, 452
162, 262
162, 392
162, 202
162, 332
162, 462
162, 272
162, 402
162, 212
162, 342
162, 472
162, 282
162, 412
162, 222
162, 352
162, 482
162, 292
162, 422
162, 232
162, 362
162, 492
162, 172
162, 302
162, 432
162, 242
162, 372
162, 182
162, 312
162, 442
162, 252
162, 382
419, 439
419, 459
419, 479
419, 499
419, 489
419, 469
419, 449
419, 429
291, 321
291, 451
291, 391
291, 331
291, 461
291, 401
291, 341
291, 471
291, 411
291, 351
291, 481
291, 421
291, 361
291, 491
291, 301
291, 431
291, 371
291, 311
291, 441
291, 381
35, 65
35, 385
35, 195
35, 325
35, 135
35, 455
35, 265
35, 75
35, 395
35, 205
35, 335
35, 465
35, 145
35, 275
35, 405
35, 85
35, 215
35, 345
35, 155
35, 475
35, 285
35, 95
35, 415
35, 225
35, 355
35, 485
35, 165
35, 295
35, 425
35, 105
35, 235
35, 365
35, 45
35, 175
35, 495
35, 305
35, 115
35, 435
35, 245
35, 55
35, 375
35, 185
35, 315
35, 445
35, 125
35, 255
163, 193
163, 323
163, 453
163, 263
163, 393
163, 203
163, 333
163, 463
163, 273
163, 403
163, 213
163, 343
163, 473
163, 283
163, 413
163, 223
163, 353
163, 483
163, 293
163, 423
163, 233
163, 363
163, 493
163, 173
163, 303
163, 433
163, 243
163, 373
163, 183
163, 313
163, 443
163, 253
163, 383
420, 440
420, 460
420, 480
420, 500
420, 490
420, 470
420, 450
420, 430
292, 322
292, 452
292, 392
292, 332
292, 462
292, 402
292, 342
292, 472
292, 412
292, 352
292, 482
292, 422
292, 362
292, 492
292, 302
292, 432
292, 372
292, 312
292, 442
292, 382
36, 256
36, 66
36, 386
36, 196
36, 326
36, 136
36, 456
36, 266
36, 396
36, 76
36, 206
36, 336
36, 466
36, 146
36, 276
36, 406
36, 86
36, 216
36, 346
36, 156
36, 476
36, 286
36, 96
36, 416
36, 226
36, 356
36, 486
36, 166
36, 296
36, 426
36, 106
36, 236
36, 366
36, 46
36, 176
36, 496
36, 306
36, 116
36, 436
36, 246
36, 56
36, 376
36, 186
36, 316
36, 446
36, 126
164, 384
164, 194
164, 324
164, 454
164, 264
164, 394
164, 204
164, 334
164, 464
164, 274
164, 404
164, 214
164, 344
164, 474
164, 284
164, 414
164, 224
164, 354
164, 484
164, 294
164, 424
164, 234
164, 364
164, 494
164, 174
164, 304
164, 434
164, 244
164, 374
164, 184
164, 314
164, 444
164, 254
421, 441
421, 461
421, 481
421, 491
421, 471
421, 451
421, 431
293, 323
293, 453
293, 393
293, 333
293, 463
293, 403
293, 343
293, 473
293, 413
293, 353
293, 483
293, 423
293, 363
293, 493
293, 303
293, 433
293, 373
293, 313
293, 443
293, 383
37, 257
37, 67
37, 387
37, 197
37, 327
37, 137
37, 457
37, 267
37, 397
37, 77
37, 207
37, 337
37, 467
37, 147
37, 277
37, 407
37, 87
37, 217
37, 347
37, 157
37, 477
37, 287
37, 97
37, 417
37, 227
37, 357
37, 487
37, 167
37, 297
37, 427
37, 107
37, 237
37, 367
37, 47
37, 177
37, 497
37, 307
37, 117
37, 437
37, 247
37, 57
37, 377
37, 187
37, 317
37, 447
37, 127
165, 385
165, 195
165, 325
165, 455
165, 265
165, 395
165, 205
165, 335
165, 465
165, 275
165, 405
165, 215
165, 345
165, 475
165, 285
165, 415
165, 225
165, 355
165, 485
165, 295
165, 425
165, 235
165, 365
165, 495
165, 175
165, 305
165, 435
165, 245
165, 375
165, 185
165, 315
165, 445
165, 255
422, 442
422, 462
422, 482
422, 492
422, 472
422, 452
422, 432
294, 384
294, 324
294, 454
294, 394
294, 334
294, 464
294, 404
294, 344
294, 474
294, 414
294, 354
294, 484
294, 424
294, 364
294, 494
294, 304
294, 434
294, 374
294, 314
294, 444
38, 128
38, 448
38, 258
38, 68
38, 388
38, 198
38, 328
38, 138
38, 458
38, 268
38, 78
38, 398
38, 208
38, 338
38, 468
38, 148
38, 278
38, 408
38, 88
38, 218
38, 348
38, 158
38, 478
38, 288
38, 98
38, 418
38, 228
38, 358
38, 488
38, 168
38, 298
38, 428
38, 108
38, 238
38, 368
38, 48
38, 178
38, 498
38, 308
38, 118
38, 438
38, 248
38, 58
38, 378
38, 188
38, 318
166, 256
166, 386
166, 196
166, 326
166, 456
166, 266
166, 396
166, 206
166, 336
166, 466
166, 276
166, 406
166, 216
166, 346
166, 476
166, 286
166, 416
166, 226
166, 356
166, 486
166, 296
166, 426
166, 236
166, 366
166, 496
166, 176
166, 306
166, 436
166, 246
166, 376
166, 186
166, 316
166, 446
423, 443
423, 463
423, 483
423, 493
423, 473
423, 453
423, 433
295, 385
295, 325
295, 455
295, 395
295, 335
295, 465
295, 405
295, 345
295, 475
295, 415
295, 355
295, 485
295, 425
295, 365
295, 495
295, 305
295, 435
295, 375
295, 315
295, 445
39, 129
39, 449
39, 259
39, 69
39, 389
39, 199
39, 329
39, 139
39, 459
39, 269
39, 79
39, 399
39, 209
39, 339
39, 469
39, 149
39, 279
39, 409
39, 89
39, 219
39, 349
39, 159
39, 479
39, 289
39, 99
39, 419
39, 229
39, 359
39, 489
39, 169
39, 299
39, 429
39, 109
39, 239
39, 369
39, 49
39, 179
39, 499
39, 309
39, 119
39, 439
39, 249
39, 59
39, 379
39, 189
39, 319
167, 257
167, 387
167, 197
167, 327
167, 457
167, 267
167, 397
167, 207
167, 337
167, 467
167, 277
167, 407
167, 217
167, 347
167, 477
167, 287
167, 417
167, 227
167, 357
167, 487
167, 297
167, 427
167, 237
167, 367
167, 497
167, 177
167, 307
167, 437
167, 247
167, 377
167, 187
167, 317
167, 447
424, 444
424, 464
424, 484
424, 494
424, 474
424, 454
424, 434
296, 386
296, 326
296, 456
296, 396
296, 336
296, 466
296, 406
296, 346
296, 476
296, 416
296, 356
296, 486
296, 426
296, 366
296, 496
296, 306
296, 436
296, 376
296, 316
296, 446
40, 320
40, 130
40, 450
40, 260
40, 70
40, 390
40, 200
40, 330
40, 140
40, 460
40, 270
40, 80
40, 400
40, 210
40, 340
40, 470
40, 150
40, 280
40, 410
40, 90
40, 220
40, 350
40, 160
40, 480
40, 290
40, 100
40, 420
40, 230
40, 360
40, 490
40, 170
40, 300
40, 430
40, 110
40, 240
40, 370
40, 50
40, 180
40, 500
40, 310
40, 120
40, 440
40, 250
40, 60
40, 380
40, 190
168, 448
168, 258
168, 388
168, 198
168, 328
168, 458
168, 268
168, 398
168, 208
168, 338
168, 468
168, 278
168, 408
168, 218
168, 348
168, 478
168, 288
168, 418
168, 228
168, 358
168, 488
168, 298
168, 428
168, 238
168, 368
168, 498
168, 178
168, 308
168, 438
168, 248
168, 378
168, 188
168, 318
425, 445
425, 465
425, 485
425, 495
425, 475
425, 455
425, 435
297, 387
297, 327
297, 457
297, 397
297, 337
297, 467
297, 407
297, 347
297, 477
297, 417
297, 357
297, 487
297, 427
297, 367
297, 497
297, 307
297, 437
297, 377
297, 317
297, 447
41, 321
41, 131
41, 451
41, 261
41, 71
41, 391
41, 201
41, 331
41, 141
41, 461
41, 271
41, 81
41, 401
41, 211
41, 341
41, 471
41, 151
41, 281
41, 411
41, 91
41, 221
41, 351
41, 161
41, 481
41, 291
41, 101
41, 421
41, 231
41, 361
41, 491
41, 171
41, 301
41, 431
41, 111
41, 241
41, 371
41, 51
41, 181
41, 311
41, 121
41, 441
41, 251
41, 61
41, 381
41, 191
169, 449
169, 259
169, 389
169, 199
169, 329
169, 459
169, 269
169, 399
169, 209
169, 339
169, 469
169, 279
169, 409
169, 219
169, 349
169, 479
169, 289
169, 419
169, 229
169, 359
169, 489
169, 299
169, 429
169, 239
169, 369
169, 499
169, 179
169, 309
169, 439
169, 249
169, 379
169, 189
169, 319
426, 446
426, 466
426, 486
426, 496
426, 476
426, 456
426, 436
298, 448
298, 388
298, 328
298, 458
298, 398
298, 338
298, 468
298, 408
298, 348
298, 478
298, 418
298, 358
298, 488
298, 428
298, 368
298, 498
298, 308
298, 438
298, 378
298, 318
42, 192
42, 322
42, 132
42, 452
42, 262
42, 72
42, 392
42, 202
42, 332
42, 462
42, 142
42, 272
42, 82
42, 402
42, 212
42, 342
42, 472
42, 152
42, 282
42, 412
42, 92
42, 222
42, 352
42, 162
42, 482
42, 292
42, 102
42, 422
42, 232
42, 362
42, 492
42, 172
42, 302
42, 432
42, 112
42, 242
42, 372
42, 52
42, 182
42, 312
42, 122
42, 442
42, 252
42, 62
42, 382
170, 320
170, 450
170, 260
170, 390
170, 200
170, 330
170, 460
170, 270
170, 400
170, 210
170, 340
170, 470
170, 280
170, 410
170, 220
170, 350
170, 480
170, 290
170, 420
170, 230
170, 360
170, 490
170, 300
170, 430
170, 240
170, 370
170, 500
170, 180
170, 310
170, 440
170, 250
170, 380
170, 190
427, 447
427, 467
427, 487
427, 497
427, 477
427, 457
427, 437
299, 449
299, 389
299, 329
299, 459
299, 399
299, 339
299, 469
299, 409
299, 349
299, 479
299, 419
299, 359
299, 489
299, 429
299, 369
299, 499
299, 309
299, 439
299, 379
299, 319
43, 193
43, 323
43, 133
43, 453
43, 263
43, 73
43, 393
43, 203
43, 333
43, 463
43, 143
43, 273
43, 83
43, 403
43, 213
43, 343
43, 473
43, 153
43, 283
43, 413
43, 93
43, 223
43, 353
43, 163
43, 483
43, 293
43, 103
43, 423
43, 233
43, 363
43, 493
43, 173
43, 303
43, 433
43, 113
43, 243
43, 373
43, 53
43, 183
43, 313
43, 123
43, 443
43, 253
43, 63
43, 383
171, 321
171, 451
171, 261
171, 391
171, 201
171, 331
171, 461
171, 271
171, 401
171, 211
171, 341
171, 471
171, 281
171, 411
171, 221
171, 351
171, 481
171, 291
171, 421
171, 231
171, 361
171, 491
171, 301
171, 431
171, 241
171, 371
171, 181
171, 311
171, 441
171, 251
171, 381
171, 191
428, 448
428, 468
428, 488
428, 498
428, 478
428, 458
428, 438
300, 320
300, 450
300, 390
300, 330
300, 460
300, 400
300, 340
300, 470
300, 410
300, 350
300, 480
300, 420
300, 360
300, 490
300, 430
300, 370
300, 500
300, 310
300, 440
300, 380
44, 64
44, 384
44, 194
44, 324
44, 134
44, 454
44, 264
44, 394
44, 74
44, 204
44, 334
44, 144
44, 464
44, 274
44, 84
44, 404
44, 214
44, 344
44, 474
44, 154
44, 284
44, 414
44, 94
44, 224
44, 354
44, 164
44, 484
44, 294
44, 104
44, 424
44, 234
44, 364
44, 494
44, 174
44, 304
44, 434
44, 114
44, 244
44, 374
44, 54
44, 184
44, 314
44, 124
44, 444
44, 254
172, 192
172, 322
172, 452
172, 262
172, 392
172, 202
172, 332
172, 462
172, 272
172, 402
172, 212
172, 342
172, 472
172, 282
172, 412
172, 222
172, 352
172, 482
172, 292
172, 422
172, 232
172, 362
172, 492
172, 302
172, 432
172, 242
172, 372
172, 182
172, 312
172, 442
172, 252
172, 382
429, 449
429, 469
429, 489
429, 499
429, 479
429, 459
429, 439
301, 321
301, 451
301, 391
301, 331
301, 461
301, 401
301, 341
301, 471
301, 411
301, 351
301, 481
301, 421
301, 361
301, 491
301, 431
301, 371
301, 311
301, 441
301, 381
45, 65
45, 385
45, 195
45, 325
45, 135
45, 455
45, 265
45, 395
45, 75
45, 205
45, 335
45, 145
45, 465
45, 275
45, 85
45, 405
45, 215
45, 345
45, 475
45, 155
45, 285
45, 415
45, 95
45, 225
45, 355
45, 165
45, 485
45, 295
45, 105
45, 425
45, 235
45, 365
45, 495
45, 175
45, 305
45, 435
45, 115
45, 245
45, 375
45, 55
45, 185
45, 315
45, 125
45, 445
45, 255
173, 193
173, 323
173, 453
173, 263
173, 393
173, 203
173, 333
173, 463
173, 273
173, 403
173, 213
173, 343
173, 473
173, 283
173, 413
173, 223
173, 353
173, 483
173, 293
173, 423
173, 233
173, 363
173, 493
173, 303
173, 433
173, 243
173, 373
173, 183
173, 313
173, 443
173, 253
173, 383
430, 450
430, 470
430, 490
430, 500
430, 480
430, 460
430, 440
302, 322
302, 452
302, 392
302, 332
302, 462
302, 402
302, 342
302, 472
302, 412
302, 352
302, 482
302, 422
302, 362
302, 492
302, 432
302, 372
302, 312
302, 442
302, 382
46, 256
46, 66
46, 386
46, 196
46, 326
46, 136
46, 456
46, 266
46, 76
46, 396
46, 206
46, 336
46, 146
46, 466
46, 276
46, 86
46, 406
46, 216
46, 346
46, 476
46, 156
46, 286
46, 416
46, 96
46, 226
46, 356
46, 166
46, 486
46, 296
46, 106
46, 426
46, 236
46, 366
46, 496
46, 176
46, 306
46, 436
46, 116
46, 246
46, 376
46, 56
46, 186
46, 316
46, 126
46, 446
174, 384
174, 194
174, 324
174, 454
174, 264
174, 394
174, 204
174, 334
174, 464
174, 274
174, 404
174, 214
174, 344
174, 474
174, 284
174, 414
174, 224
174, 354
174, 484
174, 294
174, 424
174, 234
174, 364
174, 494
174, 304
174, 434
174, 244
174, 374
174, 184
174, 314
174, 444
174, 254
431, 451
431, 471
431, 491
431, 481
431, 461
431, 441
303, 323
303, 453
303, 393
303, 333
303, 463
303, 403
303, 343
303, 473
303, 413
303, 353
303, 483
303, 423
303, 363
303, 493
303, 433
303, 373
303, 313
303, 443
303, 383
47, 257
47, 67
47, 387
47, 197
47, 327
47, 137
47, 457
47, 267
47, 77
47, 397
47, 207
47, 337
47, 147
47, 467
47, 277
47, 87
47, 407
47, 217
47, 347
47, 477
47, 157
47, 287
47, 417
47, 97
47, 227
47, 357
47, 167
47, 487
47, 297
47, 107
47, 427
47, 237
47, 367
47, 497
47, 177
47, 307
47, 437
47, 117
47, 247
47, 377
47, 57
47, 187
47, 317
47, 127
47, 447
175, 385
175, 195
175, 325
175, 455
175, 265
175, 395
175, 205
175, 335
175, 465
175, 275
175, 405
175, 215
175, 345
175, 475
175, 285
175, 415
175, 225
175, 355
175, 485
175, 295
175, 425
175, 235
175, 365
175, 495
175, 305
175, 435
175, 245
175, 375
175, 185
175, 315
175, 445
175, 255
432, 452
432, 472
432, 492
432, 482
432, 462
432, 442
304, 384
304, 324
304, 454
304, 394
304, 334
304, 464
304, 404
304, 344
304, 474
304, 414
304, 354
304, 484
304, 424
304, 364
304, 494
304, 434
304, 374
304, 314
304, 444
48, 128
48, 448
48, 258
48, 68
48, 388
48, 198
48, 328
48, 458
48, 138
48, 268
48, 398
48, 78
48, 208
48, 338
48, 148
48, 468
48, 278
48, 88
48, 408
48, 218
48, 348
48, 478
48, 158
48, 288
48, 418
48, 98
48, 228
48, 358
48, 168
48, 488
48, 298
48, 108
48, 428
48, 238
48, 368
48, 498
48, 178
48, 308
48, 438
48, 118
48, 248
48, 378
48, 58
48, 188
48, 318
176, 256
176, 386
176, 196
176, 326
176, 456
176, 266
176, 396
176, 206
176, 336
176, 466
176, 276
176, 406
176, 216
176, 346
176, 476
176, 286
176, 416
176, 226
176, 356
176, 486
176, 296
176, 426
176, 236
176, 366
176, 496
176, 306
176, 436
176, 246
176, 376
176, 186
176, 316
176, 446
433, 453
433, 473
433, 493
433, 483
433, 463
433, 443
305, 385
305, 325
305, 455
305, 395
305, 335
305, 465
305, 405
305, 345
305, 475
305, 415
305, 355
305, 485
305, 425
305, 365
305, 495
305, 435
305, 375
305, 315
305, 445
49, 129
49, 449
49, 259
49, 69
49, 389
49, 199
49, 329
49, 459
49, 139
49, 269
49, 399
49, 79
49, 209
49, 339
49, 149
49, 469
49, 279
49, 89
49, 409
49, 219
49, 349
49, 479
49, 159
49, 289
49, 419
49, 99
49, 229
49, 359
49, 169
49, 489
49, 299
49, 109
49, 429
49, 239
49, 369
49, 499
49, 179
49, 309
49, 439
49, 119
49, 249
49, 379
49, 59
49, 189
49, 319
177, 257
177, 387
177, 197
177, 327
177, 457
177, 267
177, 397
177, 207
177, 337
177, 467
177, 277
177, 407
177, 217
177, 347
177, 477
177, 287
177, 417
177, 227
177, 357
177, 487
177, 297
177, 427
177, 237
177, 367
177, 497
177, 307
177, 437
177, 247
177, 377
177, 187
177, 317
177, 447
434, 454
434, 474
434, 494
434, 484
434, 464
434, 444
306, 386
306, 326
306, 456
306, 396
306, 336
306, 466
306, 406
306, 346
306, 476
306, 416
306, 356
306, 486
306, 426
306, 366
306, 496
306, 436
306, 376
306, 316
306, 446
50, 320
50, 130
50, 450
50, 260
50, 70
50, 390
50, 200
50, 330
50, 460
50, 140
50, 270
50, 400
50, 80
50, 210
50, 340
50, 150
50, 470
50, 280
50, 90
50, 410
50, 220
50, 350
50, 480
50, 160
50, 290
50, 420
50, 100
50, 230
50, 360
50, 170
50, 490
50, 300
50, 110
50, 430
50, 240
50, 370
50, 500
50, 180
50, 310
50, 440
50, 120
50, 250
50, 380
50, 60
50, 190
178, 448
178, 258
178, 388
178, 198
178, 328
178, 458
178, 268
178, 398
178, 208
178, 338
178, 468
178, 278
178, 408
178, 218
178, 348
178, 478
178, 288
178, 418
178, 228
178, 358
178, 488
178, 298
178, 428
178, 238
178, 368
178, 498
178, 308
178, 438
178, 248
178, 378
178, 188
178, 318
435, 455
435, 475
435, 495
435, 485
435, 465
435, 445
307, 387
307, 327
307, 457
307, 397
307, 337
307, 467
307, 407
307, 347
307, 477
307, 417
307, 357
307, 487
307, 427
307, 367
307, 497
307, 437
307, 377
307, 317
307, 447
51, 321
51, 131
51, 451
51, 261
51, 71
51, 391
51, 201
51, 331
51, 461
51, 141
51, 271
51, 401
51, 81
51, 211
51, 341
51, 151
51, 471
51, 281
51, 91
51, 411
51, 221
51, 351
51, 481
51, 161
51, 291
51, 421
51, 101
51, 231
51, 361
51, 171
51, 491
51, 301
51, 111
51, 431
51, 241
51, 371
51, 181
51, 311
51, 441
51, 121
51, 251
51, 381
51, 61
51, 191
179, 449
179, 259
179, 389
179, 199
179, 329
179, 459
179, 269
179, 399
179, 209
179, 339
179, 469
179, 279
179, 409
179, 219
179, 349
179, 479
179, 289
179, 419
179, 229
179, 359
179, 489
179, 299
179, 429
179, 239
179, 369
179, 499
179, 309
179, 439
179, 249
179, 379
179, 189
179, 319
436, 456
436, 476
436, 496
436, 486
436, 466
436, 446
308, 448
308, 388
308, 328
308, 458
308, 398
308, 338
308, 468
308, 408
308, 348
308, 478
308, 418
308, 358
308, 488
308, 428
308, 368
308, 498
308, 438
308, 378
308, 318
52, 192
52, 322
52, 132
52, 452
52, 262
52, 72
52, 392
52, 202
52, 332
52, 142
52, 462
52, 272
52, 402
52, 82
52, 212
52, 342
52, 152
52, 472
52, 282
52, 92
52, 412
52, 222
52, 352
52, 482
52, 162
52, 292
52, 422
52, 102
52, 232
52, 362
52, 172
52, 492
52, 302
52, 112
52, 432
52, 242
52, 372
52, 182
52, 312
52, 442
52, 122
52, 252
52, 382
52, 62
180, 320
180, 450
180, 260
180, 390
180, 200
180, 330
180, 460
180, 270
180, 400
180, 210
180, 340
180, 470
180, 280
180, 410
180, 220
180, 350
180, 480
180, 290
180, 420
180, 230
180, 360
180, 490
180, 300
180, 430
180, 240
180, 370
180, 500
180, 310
180, 440
180, 250
180, 380
180, 190
437, 457
437, 477
437, 497
437, 487
437, 467
437, 447
309, 449
309, 389
309, 329
309, 459
309, 399
309, 339
309, 469
309, 409
309, 349
309, 479
309, 419
309, 359
309, 489
309, 429
309, 369
309, 499
309, 439
309, 379
309, 319
53, 193
53, 323
53, 133
53, 453
53, 263
53, 73
53, 393
53, 203
53, 333
53, 143
53, 463
53, 273
53, 403
53, 83
53, 213
53, 343
53, 153
53, 473
53, 283
53, 93
53, 413
53, 223
53, 353
53, 483
53, 163
53, 293
53, 423
53, 103
53, 233
53, 363
53, 173
53, 493
53, 303
53, 113
53, 433
53, 243
53, 373
53, 183
53, 313
53, 443
53, 123
53, 253
53, 383
53, 63
181, 321
181, 451
181, 261
181, 391
181, 201
181, 331
181, 461
181, 271
181, 401
181, 211
181, 341
181, 471
181, 281
181, 411
181, 221
181, 351
181, 481
181, 291
181, 421
181, 231
181, 361
181, 491
181, 301
181, 431
181, 241
181, 371
181, 311
181, 441
181, 251
181, 381
181, 191
438, 458
438, 478
438, 498
438, 488
438, 468
438, 448
310, 320
310, 450
310, 390
310, 330
310, 460
310, 400
310, 340
310, 470
310, 410
310, 350
310, 480
310, 420
310, 360
310, 490
310, 430
310, 370
310, 500
310, 440
310, 380
54, 64
54, 384
54, 194
54, 324
54, 134
54, 454
54, 264
54, 74
54, 394
54, 204
54, 334
54, 464
54, 144
54, 274
54, 404
54, 84
54, 214
54, 344
54, 154
54, 474
54, 284
54, 94
54, 414
54, 224
54, 354
54, 484
54, 164
54, 294
54, 424
54, 104
54, 234
54, 364
54, 174
54, 494
54, 304
54, 114
54, 434
54, 244
54, 374
54, 184
54, 314
54, 444
54, 124
54, 254
182, 192
182, 322
182, 452
182, 262
182, 392
182, 202
182, 332
182, 462
182, 272
182, 402
182, 212
182, 342
182, 472
182, 282
182, 412
182, 222
182, 352
182, 482
182, 292
182, 422
182, 232
182, 362
182, 492
182, 302
182, 432
182, 242
182, 372
182, 312
182, 442
182, 252
182, 382
439, 459
439, 479
439, 499
439, 489
439, 469
439, 449
311, 321
311, 451
311, 391
311, 331
311, 461
311, 401
311, 341
311, 471
311, 411
311, 351
311, 481
311, 421
311, 361
311, 491
311, 431
311, 371
311, 441
311, 381
55, 65
55, 385
55, 195
55, 325
55, 135
55, 455
55, 265
55, 75
55, 395
55, 205
55, 335
55, 465
55, 145
55, 275
55, 405
55, 85
55, 215
55, 345
55, 155
55, 475
55, 285
55, 95
55, 415
55, 225
55, 355
55, 485
55, 165
55, 295
55, 425
55, 105
55, 235
55, 365
55, 175
55, 495
55, 305
55, 115
55, 435
55, 245
55, 375
55, 185
55, 315
55, 445
55, 125
55, 255
183, 193
183, 323
183, 453
183, 263
183, 393
183, 203
183, 333
183, 463
183, 273
183, 403
183, 213
183, 343
183, 473
183, 283
183, 413
183, 223
183, 353
183, 483
183, 293
183, 423
183, 233
183, 363
183, 493
183, 303
183, 433
183, 243
183, 373
183, 313
183, 443
183, 253
183, 383
440, 460
440, 480
440, 500
440, 490
440, 470
440, 450
312, 322
312, 452
312, 392
312, 332
312, 462
312, 402
312, 342
312, 472
312, 412
312, 352
312, 482
312, 422
312, 362
312, 492
312, 432
312, 372
312, 442
312, 382
56, 256
56, 66
56, 386
56, 196
56, 326
56, 136
56, 456
56, 266
56, 396
56, 76
56, 206
56, 336
56, 466
56, 146
56, 276
56, 406
56, 86
56, 216
56, 346
56, 156
56, 476
56, 286
56, 96
56, 416
56, 226
56, 356
56, 486
56, 166
56, 296
56, 426
56, 106
56, 236
56, 366
56, 176
56, 496
56, 306
56, 116
56, 436
56, 246
56, 376
56, 186
56, 316
56, 446
56, 126
184, 384
184, 194
184, 324
184, 454
184, 264
184, 394
184, 204
184, 334
184, 464
184, 274
184, 404
184, 214
184, 344
184, 474
184, 284
184, 414
184, 224
184, 354
184, 484
184, 294
184, 424
184, 234
184, 364
184, 494
184, 304
184, 434
184, 244
184, 374
184, 314
184, 444
184, 254
441, 461
441, 481
441, 491
441, 471
441, 451
313, 323
313, 453
313, 393
313, 333
313, 463
313, 403
313, 343
313, 473
313, 413
313, 353
313, 483
313, 423
313, 363
313, 493
313, 433
313, 373
313, 443
313, 383
57, 257
57, 67
57, 387
57, 197
57, 327
57, 137
57, 457
57, 267
57, 397
57, 77
57, 207
57, 337
57, 467
57, 147
57, 277
57, 407
57, 87
57, 217
57, 347
57, 157
57, 477
57, 287
57, 97
57, 417
57, 227
57, 357
57, 487
57, 167
57, 297
57, 427
57, 107
57, 237
57, 367
57, 177
57, 497
57, 307
57, 117
57, 437
57, 247
57, 377
57, 187
57, 317
57, 447
57, 127
185, 385
185, 195
185, 325
185, 455
185, 265
185, 395
185, 205
185, 335
185, 465
185, 275
185, 405
185, 215
185, 345
185, 475
185, 285
185, 415
185, 225
185, 355
185, 485
185, 295
185, 425
185, 235
185, 365
185, 495
185, 305
185, 435
185, 245
185, 375
185, 315
185, 445
185, 255
442, 462
442, 482
442, 492
442, 472
442, 452
314, 384
314, 324
314, 454
314, 394
314, 334
314, 464
314, 404
314, 344
314, 474
314, 414
314, 354
314, 484
314, 424
314, 364
314, 494
314, 434
314, 374
314, 444
58, 128
58, 448
58, 258
58, 68
58, 388
58, 198
58, 328
58, 138
58, 458
58, 268
58, 78
58, 398
58, 208
58, 338
58, 468
58, 148
58, 278
58, 408
58, 88
58, 218
58, 348
58, 158
58, 478
58, 288
58, 98
58, 418
58, 228
58, 358
58, 488
58, 168
58, 298
58, 428
58, 108
58, 238
58, 368
58, 178
58, 498
58, 308
58, 118
58, 438
58, 248
58, 378
58, 188
58, 318
186, 256
186, 386
186, 196
186, 326
186, 456
186, 266
186, 396
186, 206
186, 336
186, 466
186, 276
186, 406
186, 216
186, 346
186, 476
186, 286
186, 416
186, 226
186, 356
186, 486
186, 296
186, 426
186, 236
186, 366
186, 496
186, 306
186, 436
186, 246
186, 376
186, 316
186, 446
443, 463
443, 483
443, 493
443, 473
443, 453
315, 385
315, 325
315, 455
315, 395
315, 335
315, 465
315, 405
315, 345
315, 475
315, 415
315, 355
315, 485
315, 425
315, 365
315, 495
315, 435
315, 375
315, 445
59, 129
59, 449
59, 259
59, 69
59, 389
59, 199
59, 329
59, 139
59, 459
59, 269
59, 79
59, 399
59, 209
59, 339
59, 469
59, 149
59, 279
59, 409
59, 89
59, 219
59, 349
59, 159
59, 479
59, 289
59, 99
59, 419
59, 229
59, 359
59, 489
59, 169
59, 299
59, 429
59, 109
59, 239
59, 369
59, 179
59, 499
59, 309
59, 119
59, 439
59, 249
59, 379
59, 189
59, 319
187, 257
187, 387
187, 197
187, 327
187, 457
187, 267
187, 397
187, 207
187, 337
187, 467
187, 277
187, 407
187, 217
187, 347
187, 477
187, 287
187, 417
187, 227
187, 357
187, 487
187, 297
187, 427
187, 237
187, 367
187, 497
187, 307
187, 437
187, 247
187, 377
187, 317
187, 447
444, 464
444, 484
444, 494
444, 474
444, 454
316, 386
316, 326
316, 456
316, 396
316, 336
316, 466
316, 406
316, 346
316, 476
316, 416
316, 356
316, 486
316, 426
316, 366
316, 496
316, 436
316, 376
316, 446
60, 320
60, 130
60, 450
60, 260
60, 70
60, 390
60, 200
60, 330
60, 140
60, 460
60, 270
60, 80
60, 400
60, 210
60, 340
60, 470
60, 150
60, 280
60, 410
60, 90
60, 220
60, 350
60, 160
60, 480
60, 290
60, 100
60, 420
60, 230
60, 360
60, 490
60, 170
60, 300
60, 430
60, 110
60, 240
60, 370
60, 180
60, 500
60, 310
60, 120
60, 440
60, 250
60, 380
60, 190
188, 448
188, 258
188, 388
188, 198
188, 328
188, 458
188, 268
188, 398
188, 208
188, 338
188, 468
188, 278
188, 408
188, 218
188, 348
188, 478
188, 288
188, 418
188, 228
188, 358
188, 488
188, 298
188, 428
188, 238
188, 368
188, 498
188, 308
188, 438
188, 248
188, 378
188, 318
445, 465
445, 485
445, 495
445, 475
445, 455
317, 387
317, 327
317, 457
317, 397
317, 337
317, 467
317, 407
317, 347
317, 477
317, 417
317, 357
317, 487
317, 427
317, 367
317, 497
317, 437
317, 377
317, 447
61, 321
61, 131
61, 451
61, 261
61, 71
61, 391
61, 201
61, 331
61, 141
61, 461
61, 271
61, 81
61, 401
61, 211
61, 341
61, 471
61, 151
61, 281
61, 411
61, 91
61, 221
61, 351
61, 161
61, 481
61, 291
61, 101
61, 421
61, 231
61, 361
61, 491
61, 171
61, 301
61, 431
61, 111
61, 241
61, 371
61, 181
61, 311
61, 121
61, 441
61, 251
61, 381
61, 191
189, 449
189, 259
189, 389
189, 199
189, 329
189, 459
189, 269
189, 399
189, 209
189, 339
189, 469
189, 279
189, 409
189, 219
189, 349
189, 479
189, 289
189, 419
189, 229
189, 359
189, 489
189, 299
189, 429
189, 239
189, 369
189, 499
189, 309
189, 439
189, 249
189, 379
189, 319
446, 466
446, 486
446, 496
446, 476
446, 456
318, 448
318, 388
318, 328
318, 458
318, 398
318, 338
318, 468
318, 408
318, 348
318, 478
318, 418
318, 358
318, 488
318, 428
318, 368
318, 498
318, 438
318, 378
62, 192
62, 322
62, 132
62, 452
62, 262
62, 72
62, 392
62, 202
62, 332
62, 462
62, 142
62, 272
62, 82
62, 402
62, 212
62, 342
62, 472
62, 152
62, 282
62, 412
62, 92
62, 222
62, 352
62, 162
62, 482
62, 292
62, 102
62, 422
62, 232
62, 362
62, 492
62, 172
62, 302
62, 432
62, 112
62, 242
62, 372
62, 182
62, 312
62, 122
62, 442
62, 252
62, 382
190, 320
190, 450
190, 260
190, 390
190, 200
190, 330
190, 460
190, 270
190, 400
190, 210
190, 340
190, 470
190, 280
190, 410
190, 220
190, 350
190, 480
190, 290
190, 420
190, 230
190, 360
190, 490
190, 300
190, 430
190, 240
190, 370
190, 500
190, 310
190, 440
190, 250
190, 380
447, 467
447, 487
447, 497
447, 477
447, 457
319, 449
319, 389
319, 329
319, 459
319, 399
319, 339
319, 469
319, 409
319, 349
319, 479
319, 419
319, 359
319, 489
319, 429
319, 369
319, 499
319, 439
319, 379
63, 193
63, 323
63, 133
63, 453
63, 263
63, 73
63, 393
63, 203
63, 333
63, 463
63, 143
63, 273
63, 83
63, 403
63, 213
63, 343
63, 473
63, 153
63, 283
63, 413
63, 93
63, 223
63, 353
63, 163
63, 483
63, 293
63, 103
63, 423
63, 233
63, 363
63, 493
63, 173
63, 303
63, 433
63, 113
63, 243
63, 373
63, 183
63, 313
63, 123
63, 443
63, 253
63, 383
191, 321
191, 451
191, 261
191, 391
191, 201
191, 331
191, 461
191, 271
191, 401
191, 211
191, 341
191, 471
191, 281
191, 411
191, 221
191, 351
191, 481
191, 291
191, 421
191, 231
191, 361
191, 491
191, 301
191, 431
191, 241
191, 371
191, 311
191, 441
191, 251
191, 381
448, 468
448, 488
448, 498
448, 478
448, 458
320, 450
320, 390
320, 330
320, 460
320, 400
320, 340
320, 470
320, 410
320, 350
320, 480
320, 420
320, 360
320, 490
320, 430
320, 370
320, 500
320, 440
320, 380
64, 384
64, 194
64, 324
64, 134
64, 454
64, 264
64, 74
64, 394
64, 204
64, 334
64, 144
64, 464
64, 274
64, 84
64, 404
64, 214
64, 344
64, 474
64, 154
64, 284
64, 414
64, 94
64, 224
64, 354
64, 164
64, 484
64, 294
64, 104
64, 424
64, 234
64, 364
64, 494
64, 174
64, 304
64, 434
64, 114
64, 244
64, 374
64, 184
64, 314
64, 124
64, 444
64, 254
192, 322
192, 452
192, 262
192, 392
192, 202
192, 332
192, 462
192, 272
192, 402
192, 212
192, 342
192, 472
192, 282
192, 412
192, 222
192, 352
192, 482
192, 292
192, 422
192, 232
192, 362
192, 492
192, 302
192, 432
192, 242
192, 372
192, 312
192, 442
192, 252
192, 382
449, 469
449, 489
449, 499
449, 479
449, 459
321, 451
321, 391
321, 331
321, 461
321, 401
321, 341
321, 471
321, 411
321, 351
321, 481
321, 421
321, 361
321, 491
321, 431
321, 371
321, 441
321, 381
65, 385
65, 195
65, 325
65, 135
65, 455
65, 265
65, 75
65, 395
65, 205
65, 335
65, 145
65, 465
65, 275
65, 85
65, 405
65, 215
65, 345
65, 475
65, 155
65, 285
65, 415
65, 95
65, 225
65, 355
65, 165
65, 485
65, 295
65, 105
65, 425
65, 235
65, 365
65, 495
65, 175
65, 305
65, 435
65, 115
65, 245
65, 375
65, 185
65, 315
65, 125
65, 445
65, 255
193, 323
193, 453
193, 263
193, 393
193, 203
193, 333
193, 463
193, 273
193, 403
193, 213
193, 343
193, 473
193, 283
193, 413
193, 223
193, 353
193, 483
193, 293
193, 423
193, 233
193, 363
193, 493
193, 303
193, 433
193, 243
193, 373
193, 313
193, 443
193, 253
193, 383
450, 470
450, 490
450, 500
450, 480
450, 460
322, 452
322, 392
322, 332
322, 462
322, 402
322, 342
322, 472
322, 412
322, 352
322, 482
322, 422
322, 362
322, 492
322, 432
322, 372
322, 442
322, 382
66, 256
66, 386
66, 196
66, 326
66, 136
66, 456
66, 266
66, 76
66, 396
66, 206
66, 336
66, 146
66, 466
66, 276
66, 86
66, 406
66, 216
66, 346
66, 476
66, 156
66, 286
66, 416
66, 96
66, 226
66, 356
66, 166
66, 486
66, 296
66, 106
66, 426
66, 236
66, 366
66, 496
66, 176
66, 306
66, 436
66, 116
66, 246
66, 376
66, 186
66, 316
66, 126
66, 446
194, 384
194, 324
194, 454
194, 264
194, 394
194, 204
194, 334
194, 464
194, 274
194, 404
194, 214
194, 344
194, 474
194, 284
194, 414
194, 224
194, 354
194, 484
194, 294
194, 424
194, 234
194, 364
194, 494
194, 304
194, 434
194, 244
194, 374
194, 314
194, 444
194, 254
451, 471
451, 491
451, 481
451, 461
323, 453
323, 393
323, 333
323, 463
323, 403
323, 343
323, 473
323, 413
323, 353
323, 483
323, 423
323, 363
323, 493
323, 433
323, 373
323, 443
323, 383
67, 257
67, 387
67, 197
67, 327
67, 137
67, 457
67, 267
67, 77
67, 397
67, 207
67, 337
67, 147
67, 467
67, 277
67, 87
67, 407
67, 217
67, 347
67, 477
67, 157
67, 287
67, 417
67, 97
67, 227
67, 357
67, 167
67, 487
67, 297
67, 107
67, 427
67, 237
67, 367
67, 497
67, 177
67, 307
67, 437
67, 117
67, 247
67, 377
67, 187
67, 317
67, 127
67, 447
195, 385
195, 325
195, 455
195, 265
195, 395
195, 205
195, 335
195, 465
195, 275
195, 405
195, 215
195, 345
195, 475
195, 285
195, 415
195, 225
195, 355
195, 485
195, 295
195, 425
195, 235
195, 365
195, 495
195, 305
195, 435
195, 245
195, 375
195, 315
195, 445
195, 255
452, 472
452, 492
452, 482
452, 462
324, 384
324, 454
324, 394
324, 334
324, 464
324, 404
324, 344
324, 474
324, 414
324, 354
324, 484
324, 424
324, 364
324, 494
324, 434
324, 374
324, 444
68, 128
68, 448
68, 258
68, 388
68, 198
68, 328
68, 138
68, 458
68, 268
68, 398
68, 78
68, 208
68, 338
68, 148
68, 468
68, 278
68, 88
68, 408
68, 218
68, 348
68, 478
68, 158
68, 288
68, 418
68, 98
68, 228
68, 358
68, 168
68, 488
68, 298
68, 108
68, 428
68, 238
68, 368
68, 498
68, 178
68, 308
68, 438
68, 118
68, 248
68, 378
68, 188
68, 318
196, 256
196, 386
196, 326
196, 456
196, 266
196, 396
196, 206
196, 336
196, 466
196, 276
196, 406
196, 216
196, 346
196, 476
196, 286
196, 416
196, 226
196, 356
196, 486
196, 296
196, 426
196, 236
196, 366
196, 496
196, 306
196, 436
196, 246
196, 376
196, 316
196, 446
453, 473
453, 493
453, 483
453, 463
325, 385
325, 455
325, 395
325, 335
325, 465
325, 405
325, 345
325, 475
325, 415
325, 355
325, 485
325, 425
325, 365
325, 495
325, 435
325, 375
325, 445
69, 129
69, 449
69, 259
69, 389
69, 199
69, 329
69, 139
69, 459
69, 269
69, 399
69, 79
69, 209
69, 339
69, 149
69, 469
69, 279
69, 89
69, 409
69, 219
69, 349
69, 479
69, 159
69, 289
69, 419
69, 99
69, 229
69, 359
69, 169
69, 489
69, 299
69, 109
69, 429
69, 239
69, 369
69, 499
69, 179
69, 309
69, 439
69, 119
69, 249
69, 379
69, 189
69, 319
197, 257
197, 387
197, 327
197, 457
197, 267
197, 397
197, 207
197, 337
197, 467
197, 277
197, 407
197, 217
197, 347
197, 477
197, 287
197, 417
197, 227
197, 357
197, 487
197, 297
197, 427
197, 237
197, 367
197, 497
197, 307
197, 437
197, 247
197, 377
197, 317
197, 447
454, 474
454, 494
454, 484
454, 464
326, 386
326, 456
326, 396
326, 336
326, 466
326, 406
326, 346
326, 476
326, 416
326, 356
326, 486
326, 426
326, 366
326, 496
326, 436
326, 376
326, 446
70, 320
70, 130
70, 450
70, 260
70, 390
70, 200
70, 330
70, 460
70, 140
70, 270
70, 400
70, 80
70, 210
70, 340
70, 150
70, 470
70, 280
70, 90
70, 410
70, 220
70, 350
70, 480
70, 160
70, 290
70, 420
70, 100
70, 230
70, 360
70, 170
70, 490
70, 300
70, 110
70, 430
70, 240
70, 370
70, 500
70, 180
70, 310
70, 440
70, 120
70, 250
70, 380
70, 190
198, 448
198, 258
198, 388
198, 328
198, 458
198, 268
198, 398
198, 208
198, 338
198, 468
198, 278
198, 408
198, 218
198, 348
198, 478
198, 288
198, 418
198, 228
198, 358
198, 488
198, 298
198, 428
198, 238
198, 368
198, 498
198, 308
198, 438
198, 248
198, 378
198, 318
455, 475
455, 495
455, 485
455, 465
327, 387
327, 457
327, 397
327, 337
327, 467
327, 407
327, 347
327, 477
327, 417
327, 357
327, 487
327, 427
327, 367
327, 497
327, 437
327, 377
327, 447
71, 321
71, 131
71, 451
71, 261
71, 391
71, 201
71, 331
71, 461
71, 141
71, 271
71, 401
71, 81
71, 211
71, 341
71, 151
71, 471
71, 281
71, 91
71, 411
71, 221
71, 351
71, 481
71, 161
71, 291
71, 421
71, 101
71, 231
71, 361
71, 171
71, 491
71, 301
71, 111
71, 431
71, 241
71, 371
71, 181
71, 311
71, 441
71, 121
71, 251
71, 381
71, 191
199, 449
199, 259
199, 389
199, 329
199, 459
199, 269
199, 399
199, 209
199, 339
199, 469
199, 279
199, 409
199, 219
199, 349
199, 479
199, 289
199, 419
199, 229
199, 359
199, 489
199, 299
199, 429
199, 239
199, 369
199, 499
199, 309
199, 439
199, 249
199, 379
199, 319
456, 476
456, 496
456, 486
456, 466
328, 448
328, 388
328, 458
328, 398
328, 338
328, 468
328, 408
328, 348
328, 478
328, 418
328, 358
328, 488
328, 428
328, 368
328, 498
328, 438
328, 378
72, 192
72, 322
72, 132
72, 452
72, 262
72, 392
72, 202
72, 332
72, 142
72, 462
72, 272
72, 402
72, 82
72, 212
72, 342
72, 152
72, 472
72, 282
72, 92
72, 412
72, 222
72, 352
72, 482
72, 162
72, 292
72, 422
72, 102
72, 232
72, 362
72, 172
72, 492
72, 302
72, 112
72, 432
72, 242
72, 372
72, 182
72, 312
72, 442
72, 122
72, 252
72, 382
200, 320
200, 450
200, 260
200, 390
200, 330
200, 460
200, 270
200, 400
200, 210
200, 340
200, 470
200, 280
200, 410
200, 220
200, 350
200, 480
200, 290
200, 420
200, 230
200, 360
200, 490
200, 300
200, 430
200, 240
200, 370
200, 500
200, 310
200, 440
200, 250
200, 380
457, 477
457, 497
457, 487
457, 467
329, 449
329, 389
329, 459
329, 399
329, 339
329, 469
329, 409
329, 349
329, 479
329, 419
329, 359
329, 489
329, 429
329, 369
329, 499
329, 439
329, 379
73, 193
73, 323
73, 133
73, 453
73, 263
73, 393
73, 203
73, 333
73, 143
73, 463
73, 273
73, 403
73, 83
73, 213
73, 343
73, 153
73, 473
73, 283
73, 93
73, 413
73, 223
73, 353
73, 483
73, 163
73, 293
73, 423
73, 103
73, 233
73, 363
73, 173
73, 493
73, 303
73, 113
73, 433
73, 243
73, 373
73, 183
73, 313
73, 443
73, 123
73, 253
73, 383
201, 321
201, 451
201, 261
201, 391
201, 331
201, 461
201, 271
201, 401
201, 211
201, 341
201, 471
201, 281
201, 411
201, 221
201, 351
201, 481
201, 291
201, 421
201, 231
201, 361
201, 491
201, 301
201, 431
201, 241
201, 371
201, 311
201, 441
201, 251
201, 381
458, 478
458, 498
458, 488
458, 468
330, 450
330, 390
330, 460
330, 400
330, 340
330, 470
330, 410
330, 350
330, 480
330, 420
330, 360
330, 490
330, 430
330, 370
330, 500
330, 440
330, 380
74, 384
74, 194
74, 324
74, 134
74, 454
74, 264
74, 394
74, 204
74, 334
74, 464
74, 144
74, 274
74, 404
74, 84
74, 214
74, 344
74, 154
74, 474
74, 284
74, 94
74, 414
74, 224
74, 354
74, 484
74, 164
74, 294
74, 424
74, 104
74, 234
74, 364
74, 174
74, 494
74, 304
74, 114
74, 434
74, 244
74, 374
74, 184
74, 314
74, 444
74, 124
74, 254
202, 322
202, 452
202, 262
202, 392
202, 332
202, 462
202, 272
202, 402
202, 212
202, 342
202, 472
202, 282
202, 412
202, 222
202, 352
202, 482
202, 292
202, 422
202, 232
202, 362
202, 492
202, 302
202, 432
202, 242
202, 372
202, 312
202, 442
202, 252
202, 382
459, 479
459, 499
459, 489
459, 469
331, 451
331, 391
331, 461
331, 401
331, 341
331, 471
331, 411
331, 351
331, 481
331, 421
331, 361
331, 491
331, 431
331, 371
331, 441
331, 381
75, 385
75, 195
75, 325
75, 135
75, 455
75, 265
75, 395
75, 205
75, 335
75, 465
75, 145
75, 275
75, 405
75, 85
75, 215
75, 345
75, 155
75, 475
75, 285
75, 95
75, 415
75, 225
75, 355
75, 485
75, 165
75, 295
75, 425
75, 105
75, 235
75, 365
75, 175
75, 495
75, 305
75, 115
75, 435
75, 245
75, 375
75, 185
75, 315
75, 445
75, 125
75, 255
203, 323
203, 453
203, 263
203, 393
203, 333
203, 463
203, 273
203, 403
203, 213
203, 343
203, 473
203, 283
203, 413
203, 223
203, 353
203, 483
203, 293
203, 423
203, 233
203, 363
203, 493
203, 303
203, 433
203, 243
203, 373
203, 313
203, 443
203, 253
203, 383
460, 480
460, 500
460, 490
460, 470
332, 452
332, 392
332, 462
332, 402
332, 342
332, 472
332, 412
332, 352
332, 482
332, 422
332, 362
332, 492
332, 432
332, 372
332, 442
332, 382
76, 256
76, 386
76, 196
76, 326
76, 136
76, 456
76, 266
76, 396
76, 206
76, 336
76, 466
76, 146
76, 276
76, 406
76, 86
76, 216
76, 346
76, 156
76, 476
76, 286
76, 96
76, 416
76, 226
76, 356
76, 486
76, 166
76, 296
76, 426
76, 106
76, 236
76, 366
76, 176
76, 496
76, 306
76, 116
76, 436
76, 246
76, 376
76, 186
76, 316
76, 446
76, 126
204, 384
204, 324
204, 454
204, 264
204, 394
204, 334
204, 464
204, 274
204, 404
204, 214
204, 344
204, 474
204, 284
204, 414
204, 224
204, 354
204, 484
204, 294
204, 424
204, 234
204, 364
204, 494
204, 304
204, 434
204, 244
204, 374
204, 314
204, 444
204, 254
461, 481
461, 491
461, 471
333, 453
333, 393
333, 463
333, 403
333, 343
333, 473
333, 413
333, 353
333, 483
333, 423
333, 363
333, 493
333, 433
333, 373
333, 443
333, 383
77, 257
77, 387
77, 197
77, 327
77, 137
77, 457
77, 267
77, 397
77, 207
77, 337
77, 467
77, 147
77, 277
77, 407
77, 87
77, 217
77, 347
77, 157
77, 477
77, 287
77, 97
77, 417
77, 227
77, 357
77, 487
77, 167
77, 297
77, 427
77, 107
77, 237
77, 367
77, 177
77, 497
77, 307
77, 117
77, 437
77, 247
77, 377
77, 187
77, 317
77, 447
77, 127
205, 385
205, 325
205, 455
205, 265
205, 395
205, 335
205, 465
205, 275
205, 405
205, 215
205, 345
205, 475
205, 285
205, 415
205, 225
205, 355
205, 485
205, 295
205, 425
205, 235
205, 365
205, 495
205, 305
205, 435
205, 245
205, 375
205, 315
205, 445
205, 255
462, 482
462, 492
462, 472
334, 384
334, 454
334, 394
334, 464
334, 404
334, 344
334, 474
334, 414
334, 354
334, 484
334, 424
334, 364
334, 494
334, 434
334, 374
334, 444
78, 128
78, 448
78, 258
78, 388
78, 198
78, 328
78, 138
78, 458
78, 268
78, 398
78, 208
78, 338
78, 468
78, 148
78, 278
78, 408
78, 88
78, 218
78, 348
78, 158
78, 478
78, 288
78, 98
78, 418
78, 228
78, 358
78, 488
78, 168
78, 298
78, 428
78, 108
78, 238
78, 368
78, 178
78, 498
78, 308
78, 118
78, 438
78, 248
78, 378
78, 188
78, 318
206, 256
206, 386
206, 326
206, 456
206, 266
206, 396
206, 336
206, 466
206, 276
206, 406
206, 216
206, 346
206, 476
206, 286
206, 416
206, 226
206, 356
206, 486
206, 296
206, 426
206, 236
206, 366
206, 496
206, 306
206, 436
206, 246
206, 376
206, 316
206, 446
463, 483
463, 493
463, 473
335, 385
335, 455
335, 395
335, 465
335, 405
335, 345
335, 475
335, 415
335, 355
335, 485
335, 425
335, 365
335, 495
335, 435
335, 375
335, 445
79, 129
79, 449
79, 259
79, 389
79, 199
79, 329
79, 139
79, 459
79, 269
79, 399
79, 209
79, 339
79, 469
79, 149
79, 279
79, 409
79, 89
79, 219
79, 349
79, 159
79, 479
79, 289
79, 99
79, 419
79, 229
79, 359
79, 489
79, 169
79, 299
79, 429
79, 109
79, 239
79, 369
79, 179
79, 499
79, 309
79, 119
79, 439
79, 249
79, 379
79, 189
79, 319
207, 257
207, 387
207, 327
207, 457
207, 267
207, 397
207, 337
207, 467
207, 277
207, 407
207, 217
207, 347
207, 477
207, 287
207, 417
207, 227
207, 357
207, 487
207, 297
207, 427
207, 237
207, 367
207, 497
207, 307
207, 437
207, 247
207, 377
207, 317
207, 447
464, 484
464, 494
464, 474
336, 386
336, 456
336, 396
336, 466
336, 406
336, 346
336, 476
336, 416
336, 356
336, 486
336, 426
336, 366
336, 496
336, 436
336, 376
336, 446
80, 320
80, 130
80, 450
80, 260
80, 390
80, 200
80, 330
80, 140
80, 460
80, 270
80, 400
80, 210
80, 340
80, 470
80, 150
80, 280
80, 410
80, 90
80, 220
80, 350
80, 160
80, 480
80, 290
80, 100
80, 420
80, 230
80, 360
80, 490
80, 170
80, 300
80, 430
80, 110
80, 240
80, 370
80, 180
80, 500
80, 310
80, 120
80, 440
80, 250
80, 380
80, 190
208, 448
208, 258
208, 388
208, 328
208, 458
208, 268
208, 398
208, 338
208, 468
208, 278
208, 408
208, 218
208, 348
208, 478
208, 288
208, 418
208, 228
208, 358
208, 488
208, 298
208, 428
208, 238
208, 368
208, 498
208, 308
208, 438
208, 248
208, 378
208, 318
465, 485
465, 495
465, 475
337, 387
337, 457
337, 397
337, 467
337, 407
337, 347
337, 477
337, 417
337, 357
337, 487
337, 427
337, 367
337, 497
337, 437
337, 377
337, 447
81, 321
81, 131
81, 451
81, 261
81, 391
81, 201
81, 331
81, 141
81, 461
81, 271
81, 401
81, 211
81, 341
81, 471
81, 151
81, 281
81, 411
81, 91
81, 221
81, 351
81, 161
81, 481
81, 291
81, 101
81, 421
81, 231
81, 361
81, 491
81, 171
81, 301
81, 431
81, 111
81, 241
81, 371
81, 181
81, 311
81, 121
81, 441
81, 251
81, 381
81, 191
209, 449
209, 259
209, 389
209, 329
209, 459
209, 269
209, 399
209, 339
209, 469
209, 279
209, 409
209, 219
209, 349
209, 479
209, 289
209, 419
209, 229
209, 359
209, 489
209, 299
209, 429
209, 239
209, 369
209, 499
209, 309
209, 439
209, 249
209, 379
209, 319
466, 486
466, 496
466, 476
338, 448
338, 388
338, 458
338, 398
338, 468
338, 408
338, 348
338, 478
338, 418
338, 358
338, 488
338, 428
338, 368
338, 498
338, 438
338, 378
82, 192
82, 322
82, 132
82, 452
82, 262
82, 392
82, 202
82, 332
82, 462
82, 142
82, 272
82, 402
82, 212
82, 342
82, 472
82, 152
82, 282
82, 412
82, 92
82, 222
82, 352
82, 162
82, 482
82, 292
82, 102
82, 422
82, 232
82, 362
82, 492
82, 172
82, 302
82, 432
82, 112
82, 242
82, 372
82, 182
82, 312
82, 122
82, 442
82, 252
82, 382
210, 320
210, 450
210, 260
210, 390
210, 330
210, 460
210, 270
210, 400
210, 340
210, 470
210, 280
210, 410
210, 220
210, 350
210, 480
210, 290
210, 420
210, 230
210, 360
210, 490
210, 300
210, 430
210, 240
210, 370
210, 500
210, 310
210, 440
210, 250
210, 380
467, 487
467, 497
467, 477
339, 449
339, 389
339, 459
339, 399
339, 469
339, 409
339, 349
339, 479
339, 419
339, 359
339, 489
339, 429
339, 369
339, 499
339, 439
339, 379
83, 193
83, 323
83, 133
83, 453
83, 263
83, 393
83, 203
83, 333
83, 463
83, 143
83, 273
83, 403
83, 213
83, 343
83, 473
83, 153
83, 283
83, 413
83, 93
83, 223
83, 353
83, 163
83, 483
83, 293
83, 103
83, 423
83, 233
83, 363
83, 493
83, 173
83, 303
83, 433
83, 113
83, 243
83, 373
83, 183
83, 313
83, 123
83, 443
83, 253
83, 383
211, 321
211, 451
211, 261
211, 391
211, 331
211, 461
211, 271
211, 401
211, 341
211, 471
211, 281
211, 411
211, 221
211, 351
211, 481
211, 291
211, 421
211, 231
211, 361
211, 491
211, 301
211, 431
211, 241
211, 371
211, 311
211, 441
211, 251
211, 381
468, 488
468, 498
468, 478
340, 450
340, 390
340, 460
340, 400
340, 470
340, 410
340, 350
340, 480
340, 420
340, 360
340, 490
340, 430
340, 370
340, 500
340, 440
340, 380
84, 384
84, 194
84, 324
84, 134
84, 454
84, 264
84, 394
84, 204
84, 334
84, 144
84, 464
84, 274
84, 404
84, 214
84, 344
84, 474
84, 154
84, 284
84, 414
84, 94
84, 224
84, 354
84, 164
84, 484
84, 294
84, 104
84, 424
84, 234
84, 364
84, 494
84, 174
84, 304
84, 434
84, 114
84, 244
84, 374
84, 184
84, 314
84, 124
84, 444
84, 254
212, 322
212, 452
212, 262
212, 392
212, 332
212, 462
212, 272
212, 402
212, 342
212, 472
212, 282
212, 412
212, 222
212, 352
212, 482
212, 292
212, 422
212, 232
212, 362
212, 492
212, 302
212, 432
212, 242
212, 372
212, 312
212, 442
212, 252
212, 382
469, 489
469, 499
469, 479
341, 451
341, 391
341, 461
341, 401
341, 471
341, 411
341, 351
341, 481
341, 421
341, 361
341, 491
341, 431
341, 371
341, 441
341, 381
85, 385
85, 195
85, 325
85, 135
85, 455
85, 265
85, 395
85, 205
85, 335
85, 145
85, 465
85, 275
85, 405
85, 215
85, 345
85, 475
85, 155
85, 285
85, 415
85, 95
85, 225
85, 355
85, 165
85, 485
85, 295
85, 105
85, 425
85, 235
85, 365
85, 495
85, 175
85, 305
85, 435
85, 115
85, 245
85, 375
85, 185
85, 315
85, 125
85, 445
85, 255
213, 323
213, 453
213, 263
213, 393
213, 333
213, 463
213, 273
213, 403
213, 343
213, 473
213, 283
213, 413
213, 223
213, 353
213, 483
213, 293
213, 423
213, 233
213, 363
213, 493
213, 303
213, 433
213, 243
213, 373
213, 313
213, 443
213, 253
213, 383
470, 490
470, 500
470, 480
342, 452
342, 392
342, 462
342, 402
342, 472
342, 412
342, 352
342, 482
342, 422
342, 362
342, 492
342, 432
342, 372
342, 442
342, 382
86, 256
86, 386
86, 196
86, 326
86, 136
86, 456
86, 266
86, 396
86, 206
86, 336
86, 146
86, 466
86, 276
86, 406
86, 216
86, 346
86, 476
86, 156
86, 286
86, 416
86, 96
86, 226
86, 356
86, 166
86, 486
86, 296
86, 106
86, 426
86, 236
86, 366
86, 496
86, 176
86, 306
86, 436
86, 116
86, 246
86, 376
86, 186
86, 316
86, 126
86, 446
214, 384
214, 324
214, 454
214, 264
214, 394
214, 334
214, 464
214, 274
214, 404
214, 344
214, 474
214, 284
214, 414
214, 224
214, 354
214, 484
214, 294
214, 424
214, 234
214, 364
214, 494
214, 304
214, 434
214, 244
214, 374
214, 314
214, 444
214, 254
471, 491
471, 481
343, 453
343, 393
343, 463
343, 403
343, 473
343, 413
343, 353
343, 483
343, 423
343, 363
343, 493
343, 433
343, 373
343, 443
343, 383
87, 257
87, 387
87, 197
87, 327
87, 137
87, 457
87, 267
87, 397
87, 207
87, 337
87, 147
87, 467
87, 277
87, 407
87, 217
87, 347
87, 477
87, 157
87, 287
87, 417
87, 97
87, 227
87, 357
87, 167
87, 487
87, 297
87, 107
87, 427
87, 237
87, 367
87, 497
87, 177
87, 307
87, 437
87, 117
87, 247
87, 377
87, 187
87, 317
87, 127
87, 447
215, 385
215, 325
215, 455
215, 265
215, 395
215, 335
215, 465
215, 275
215, 405
215, 345
215, 475
215, 285
215, 415
215, 225
215, 355
215, 485
215, 295
215, 425
215, 235
215, 365
215, 495
215, 305
215, 435
215, 245
215, 375
215, 315
215, 445
215, 255
472, 492
472, 482
344, 384
344, 454
344, 394
344, 464
344, 404
344, 474
344, 414
344, 354
344, 484
344, 424
344, 364
344, 494
344, 434
344, 374
344, 444
88, 128
88, 448
88, 258
88, 388
88, 198
88, 328
88, 138
88, 458
88, 268
88, 398
88, 208
88, 338
88, 148
88, 468
88, 278
88, 408
88, 218
88, 348
88, 478
88, 158
88, 288
88, 418
88, 98
88, 228
88, 358
88, 168
88, 488
88, 298
88, 108
88, 428
88, 238
88, 368
88, 498
88, 178
88, 308
88, 438
88, 118
88, 248
88, 378
88, 188
88, 318
216, 256
216, 386
216, 326
216, 456
216, 266
216, 396
216, 336
216, 466
216, 276
216, 406
216, 346
216, 476
216, 286
216, 416
216, 226
216, 356
216, 486
216, 296
216, 426
216, 236
216, 366
216, 496
216, 306
216, 436
216, 246
216, 376
216, 316
216, 446
473, 493
473, 483
345, 385
345, 455
345, 395
345, 465
345, 405
345, 475
345, 415
345, 355
345, 485
345, 425
345, 365
345, 495
345, 435
345, 375
345, 445
89, 129
89, 449
89, 259
89, 389
89, 199
89, 329
89, 139
89, 459
89, 269
89, 399
89, 209
89, 339
89, 149
89, 469
89, 279
89, 409
89, 219
89, 349
89, 479
89, 159
89, 289
89, 419
89, 99
89, 229
89, 359
89, 169
89, 489
89, 299
89, 109
89, 429
89, 239
89, 369
89, 499
89, 179
89, 309
89, 439
89, 119
89, 249
89, 379
89, 189
89, 319
217, 257
217, 387
217, 327
217, 457
217, 267
217, 397
217, 337
217, 467
217, 277
217, 407
217, 347
217, 477
217, 287
217, 417
217, 227
217, 357
217, 487
217, 297
217, 427
217, 237
217, 367
217, 497
217, 307
217, 437
217, 247
217, 377
217, 317
217, 447
474, 494
474, 484
346, 386
346, 456
346, 396
346, 466
346, 406
346, 476
346, 416
346, 356
346, 486
346, 426
346, 366
346, 496
346, 436
346, 376
346, 446
90, 320
90, 130
90, 450
90, 260
90, 390
90, 200
90, 330
90, 460
90, 140
90, 270
90, 400
90, 210
90, 340
90, 150
90, 470
90, 280
90, 410
90, 220
90, 350
90, 480
90, 160
90, 290
90, 420
90, 100
90, 230
90, 360
90, 170
90, 490
90, 300
90, 110
90, 430
90, 240
90, 370
90, 500
90, 180
90, 310
90, 440
90, 120
90, 250
90, 380
90, 190
218, 448
218, 258
218, 388
218, 328
218, 458
218, 268
218, 398
218, 338
218, 468
218, 278
218, 408
218, 348
218, 478
218, 288
218, 418
218, 228
218, 358
218, 488
218, 298
218, 428
218, 238
218, 368
218, 498
218, 308
218, 438
218, 248
218, 378
218, 318
475, 495
475, 485
347, 387
347, 457
347, 397
347, 467
347, 407
347, 477
347, 417
347, 357
347, 487
347, 427
347, 367
347, 497
347, 437
347, 377
347, 447
91, 321
91, 131
91, 451
91, 261
91, 391
91, 201
91, 331
91, 461
91, 141
91, 271
91, 401
91, 211
91, 341
91, 151
91, 471
91, 281
91, 411
91, 221
91, 351
91, 481
91, 161
91, 291
91, 421
91, 101
91, 231
91, 361
91, 171
91, 491
91, 301
91, 111
91, 431
91, 241
91, 371
91, 181
91, 311
91, 441
91, 121
91, 251
91, 381
91, 191
219, 449
219, 259
219, 389
219, 329
219, 459
219, 269
219, 399
219, 339
219, 469
219, 279
219, 409
219, 349
219, 479
219, 289
219, 419
219, 229
219, 359
219, 489
219, 299
219, 429
219, 239
219, 369
219, 499
219, 309
219, 439
219, 249
219, 379
219, 319
476, 496
476, 486
348, 448
348, 388
348, 458
348, 398
348, 468
348, 408
348, 478
348, 418
348, 358
348, 488
348, 428
348, 368
348, 498
348, 438
348, 378
92, 192
92, 322
92, 132
92, 452
92, 262
92, 392
92, 202
92, 332
92, 142
92, 462
92, 272
92, 402
92, 212
92, 342
92, 152
92, 472
92, 282
92, 412
92, 222
92, 352
92, 482
92, 162
92, 292
92, 422
92, 102
92, 232
92, 362
92, 172
92, 492
92, 302
92, 112
92, 432
92, 242
92, 372
92, 182
92, 312
92, 442
92, 122
92, 252
92, 382
220, 320
220, 450
220, 260
220, 390
220, 330
220, 460
220, 270
220, 400
220, 340
220, 470
220, 280
220, 410
220, 350
220, 480
220, 290
220, 420
220, 230
220, 360
220, 490
220, 300
220, 430
220, 240
220, 370
220, 500
220, 310
220, 440
220, 250
220, 380
477, 497
477, 487
349, 449
349, 389
349, 459
349, 399
349, 469
349, 409
349, 479
349, 419
349, 359
349, 489
349, 429
349, 369
349, 499
349, 439
349, 379
93, 193
93, 323
93, 133
93, 453
93, 263
93, 393
93, 203
93, 333
93, 143
93, 463
93, 273
93, 403
93, 213
93, 343
93, 153
93, 473
93, 283
93, 413
93, 223
93, 353
93, 483
93, 163
93, 293
93, 423
93, 103
93, 233
93, 363
93, 173
93, 493
93, 303
93, 113
93, 433
93, 243
93, 373
93, 183
93, 313
93, 443
93, 123
93, 253
93, 383
221, 321
221, 451
221, 261
221, 391
221, 331
221, 461
221, 271
221, 401
221, 341
221, 471
221, 281
221, 411
221, 351
221, 481
221, 291
221, 421
221, 231
221, 361
221, 491
221, 301
221, 431
221, 241
221, 371
221, 311
221, 441
221, 251
221, 381
478, 498
478, 488
350, 450
350, 390
350, 460
350, 400
350, 470
350, 410
350, 480
350, 420
350, 360
350, 490
350, 430
350, 370
350, 500
350, 440
350, 380
94, 384
94, 194
94, 324
94, 134
94, 454
94, 264
94, 394
94, 204
94, 334
94, 464
94, 144
94, 274
94, 404
94, 214
94, 344
94, 154
94, 474
94, 284
94, 414
94, 224
94, 354
94, 484
94, 164
94, 294
94, 424
94, 104
94, 234
94, 364
94, 174
94, 494
94, 304
94, 114
94, 434
94, 244
94, 374
94, 184
94, 314
94, 444
94, 124
94, 254
222, 322
222, 452
222, 262
222, 392
222, 332
222, 462
222, 272
222, 402
222, 342
222, 472
222, 282
222, 412
222, 352
222, 482
222, 292
222, 422
222, 232
222, 362
222, 492
222, 302
222, 432
222, 242
222, 372
222, 312
222, 442
222, 252
222, 382
479, 499
479, 489
351, 451
351, 391
351, 461
351, 401
351, 471
351, 411
351, 481
351, 421
351, 361
351, 491
351, 431
351, 371
351, 441
351, 381
95, 385
95, 195
95, 325
95, 135
95, 455
95, 265
95, 395
95, 205
95, 335
95, 465
95, 145
95, 275
95, 405
95, 215
95, 345
95, 155
95, 475
95, 285
95, 415
95, 225
95, 355
95, 485
95, 165
95, 295
95, 425
95, 105
95, 235
95, 365
95, 175
95, 495
95, 305
95, 115
95, 435
95, 245
95, 375
95, 185
95, 315
95, 445
95, 125
95, 255
223, 323
223, 453
223, 263
223, 393
223, 333
223, 463
223, 273
223, 403
223, 343
223, 473
223, 283
223, 413
223, 353
223, 483
223, 293
223, 423
223, 233
223, 363
223, 493
223, 303
223, 433
223, 243
223, 373
223, 313
223, 443
223, 253
223, 383
480, 500
480, 490
352, 452
352, 392
352, 462
352, 402
352, 472
352, 412
352, 482
352, 422
352, 362
352, 492
352, 432
352, 372
352, 442
352, 382
96, 256
96, 386
96, 196
96, 326
96, 136
96, 456
96, 266
96, 396
96, 206
96, 336
96, 466
96, 146
96, 276
96, 406
96, 216
96, 346
96, 156
96, 476
96, 286
96, 416
96, 226
96, 356
96, 486
96, 166
96, 296
96, 426
96, 106
96, 236
96, 366
96, 176
96, 496
96, 306
96, 116
96, 436
96, 246
96, 376
96, 186
96, 316
96, 446
96, 126
224, 384
224, 324
224, 454
224, 264
224, 394
224, 334
224, 464
224, 274
224, 404
224, 344
224, 474
224, 284
224, 414
224, 354
224, 484
224, 294
224, 424
224, 234
224, 364
224, 494
224, 304
224, 434
224, 244
224, 374
224, 314
224, 444
224, 254
481, 491
353, 453
353, 393
353, 463
353, 403
353, 473
353, 413
353, 483
353, 423
353, 363
353, 493
353, 433
353, 373
353, 443
353, 383
97, 257
97, 387
97, 197
97, 327
97, 137
97, 457
97, 267
97, 397
97, 207
97, 337
97, 467
97, 147
97, 277
97, 407
97, 217
97, 347
97, 157
97, 477
97, 287
97, 417
97, 227
97, 357
97, 487
97, 167
97, 297
97, 427
97, 107
97, 237
97, 367
97, 177
97, 497
97, 307
97, 117
97, 437
97, 247
97, 377
97, 187
97, 317
97, 447
97, 127
225, 385
225, 325
225, 455
225, 265
225, 395
225, 335
225, 465
225, 275
225, 405
225, 345
225, 475
225, 285
225, 415
225, 355
225, 485
225, 295
225, 425
225, 235
225, 365
225, 495
225, 305
225, 435
225, 245
225, 375
225, 315
225, 445
225, 255
482, 492
354, 384
354, 454
354, 394
354, 464
354, 404
354, 474
354, 414
354, 484
354, 424
354, 364
354, 494
354, 434
354, 374
354, 444
98, 128
98, 448
98, 258
98, 388
98, 198
98, 328
98, 138
98, 458
98, 268
98, 398
98, 208
98, 338
98, 468
98, 148
98, 278
98, 408
98, 218
98, 348
98, 158
98, 478
98, 288
98, 418
98, 228
98, 358
98, 488
98, 168
98, 298
98, 428
98, 108
98, 238
98, 368
98, 178
98, 498
98, 308
98, 118
98, 438
98, 248
98, 378
98, 188
98, 318
226, 256
226, 386
226, 326
226, 456
226, 266
226, 396
226, 336
226, 466
226, 276
226, 406
226, 346
226, 476
226, 286
226, 416
226, 356
226, 486
226, 296
226, 426
226, 236
226, 366
226, 496
226, 306
226, 436
226, 246
226, 376
226, 316
226, 446
483, 493
355, 385
355, 455
355, 395
355, 465
355, 405
355, 475
355, 415
355, 485
355, 425
355, 365
355, 495
355, 435
355, 375
355, 445
99, 129
99, 449
99, 259
99, 389
99, 199
99, 329
99, 139
99, 459
99, 269
99, 399
99, 209
99, 339
99, 469
99, 149
99, 279
99, 409
99, 219
99, 349
99, 159
99, 479
99, 289
99, 419
99, 229
99, 359
99, 489
99, 169
99, 299
99, 429
99, 109
99, 239
99, 369
99, 179
99, 499
99, 309
99, 119
99, 439
99, 249
99, 379
99, 189
99, 319
227, 257
227, 387
227, 327
227, 457
227, 267
227, 397
227, 337
227, 467
227, 277
227, 407
227, 347
227, 477
227, 287
227, 417
227, 357
227, 487
227, 297
227, 427
227, 237
227, 367
227, 497
227, 307
227, 437
227, 247
227, 377
227, 317
227, 447
484, 494
356, 386
356, 456
356, 396
356, 466
356, 406
356, 476
356, 416
356, 486
356, 426
356, 366
356, 496
356, 436
356, 376
356, 446
100, 320
100, 130
100, 450
100, 260
100, 390
100, 200
100, 330
100, 140
100, 460
100, 270
100, 400
100, 210
100, 340
100, 470
100, 150
100, 280
100, 410
100, 220
100, 350
100, 160
100, 480
100, 290
100, 420
100, 230
100, 360
100, 490
100, 170
100, 300
100, 430
100, 110
100, 240
100, 370
100, 180
100, 500
100, 310
100, 120
100, 440
100, 250
100, 380
100, 190
228, 448
228, 258
228, 388
228, 328
228, 458
228, 268
228, 398
228, 338
228, 468
228, 278
228, 408
228, 348
228, 478
228, 288
228, 418
228, 358
228, 488
228, 298
228, 428
228, 238
228, 368
228, 498
228, 308
228, 438
228, 248
228, 378
228, 318
485, 495
357, 387
357, 457
357, 397
357, 467
357, 407
357, 477
357, 417
357, 487
357, 427
357, 367
357, 497
357, 437
357, 377
357, 447
101, 321
101, 131
101, 451
101, 261
101, 391
101, 201
101, 331
101, 141
101, 461
101, 271
101, 401
101, 211
101, 341
101, 471
101, 151
101, 281
101, 411
101, 221
101, 351
101, 161
101, 481
101, 291
101, 421
101, 231
101, 361
101, 491
101, 171
101, 301
101, 431
101, 111
101, 241
101, 371
101, 181
101, 311
101, 121
101, 441
101, 251
101, 381
101, 191
229, 449
229, 259
229, 389
229, 329
229, 459
229, 269
229, 399
229, 339
229, 469
229, 279
229, 409
229, 349
229, 479
229, 289
229, 419
229, 359
229, 489
229, 299
229, 429
229, 239
229, 369
229, 499
229, 309
229, 439
229, 249
229, 379
229, 319
486, 496
358, 448
358, 388
358, 458
358, 398
358, 468
358, 408
358, 478
358, 418
358, 488
358, 428
358, 368
358, 498
358, 438
358, 378
102, 192
102, 322
102, 132
102, 452
102, 262
102, 392
102, 202
102, 332
102, 462
102, 142
102, 272
102, 402
102, 212
102, 342
102, 472
102, 152
102, 282
102, 412
102, 222
102, 352
102, 162
102, 482
102, 292
102, 422
102, 232
102, 362
102, 492
102, 172
102, 302
102, 432
102, 112
102, 242
102, 372
102, 182
102, 312
102, 122
102, 442
102, 252
102, 382
230, 320
230, 450
230, 260
230, 390
230, 330
230, 460
230, 270
230, 400
230, 340
230, 470
230, 280
230, 410
230, 350
230, 480
230, 290
230, 420
230, 360
230, 490
230, 300
230, 430
230, 240
230, 370
230, 500
230, 310
230, 440
230, 250
230, 380
487, 497
359, 449
359, 389
359, 459
359, 399
359, 469
359, 409
359, 479
359, 419
359, 489
359, 429
359, 369
359, 499
359, 439
359, 379
103, 193
103, 323
103, 133
103, 453
103, 263
103, 393
103, 203
103, 333
103, 463
103, 143
103, 273
103, 403
103, 213
103, 343
103, 473
103, 153
103, 283
103, 413
103, 223
103, 353
103, 163
103, 483
103, 293
103, 423
103, 233
103, 363
103, 493
103, 173
103, 303
103, 433
103, 113
103, 243
103, 373
103, 183
103, 313
103, 123
103, 443
103, 253
103, 383
231, 321
231, 451
231, 261
231, 391
231, 331
231, 461
231, 271
231, 401
231, 341
231, 471
231, 281
231, 411
231, 351
231, 481
231, 291
231, 421
231, 361
231, 491
231, 301
231, 431
231, 241
231, 371
231, 311
231, 441
231, 251
231, 381
488, 498
360, 450
360, 390
360, 460
360, 400
360, 470
360, 410
360, 480
360, 420
360, 490
360, 430
360, 370
360, 500
360, 440
360, 380
104, 384
104, 194
104, 324
104, 134
104, 454
104, 264
104, 394
104, 204
104, 334
104, 144
104, 464
104, 274
104, 404
104, 214
104, 344
104, 474
104, 154
104, 284
104, 414
104, 224
104, 354
104, 164
104, 484
104, 294
104, 424
104, 234
104, 364
104, 494
104, 174
104, 304
104, 434
104, 114
104, 244
104, 374
104, 184
104, 314
104, 124
104, 444
104, 254
232, 322
232, 452
232, 262
232, 392
232, 332
232, 462
232, 272
232, 402
232, 342
232, 472
232, 282
232, 412
232, 352
232, 482
232, 292
232, 422
232, 362
232, 492
232, 302
232, 432
232, 242
232, 372
232, 312
232, 442
232, 252
232, 382
489, 499
361, 451
361, 391
361, 461
361, 401
361, 471
361, 411
361, 481
361, 421
361, 491
361, 431
361, 371
361, 441
361, 381
105, 385
105, 195
105, 325
105, 135
105, 455
105, 265
105, 395
105, 205
105, 335
105, 145
105, 465
105, 275
105, 405
105, 215
105, 345
105, 475
105, 155
105, 285
105, 415
105, 225
105, 355
105, 165
105, 485
105, 295
105, 425
105, 235
105, 365
105, 495
105, 175
105, 305
105, 435
105, 115
105, 245
105, 375
105, 185
105, 315
105, 125
105, 445
105, 255
233, 323
233, 453
233, 263
233, 393
233, 333
233, 463
233, 273
233, 403
233, 343
233, 473
233, 283
233, 413
233, 353
233, 483
233, 293
233, 423
233, 363
233, 493
233, 303
233, 433
233, 243
233, 373
233, 313
233, 443
233, 253
233, 383
490, 500
362, 452
362, 392
362, 462
362, 402
362, 472
362, 412
362, 482
362, 422
362, 492
362, 432
362, 372
362, 442
362, 382
106, 256
106, 386
106, 196
106, 326
106, 136
106, 456
106, 266
106, 396
106, 206
106, 336
106, 146
106, 466
106, 276
106, 406
106, 216
106, 346
106, 476
106, 156
106, 286
106, 416
106, 226
106, 356
106, 166
106, 486
106, 296
106, 426
106, 236
106, 366
106, 496
106, 176
106, 306
106, 436
106, 116
106, 246
106, 376
106, 186
106, 316
106, 126
106, 446
234, 384
234, 324
234, 454
234, 264
234, 394
234, 334
234, 464
234, 274
234, 404
234, 344
234, 474
234, 284
234, 414
234, 354
234, 484
234, 294
234, 424
234, 364
234, 494
234, 304
234, 434
234, 244
234, 374
234, 314
234, 444
234, 254
363, 453
363, 393
363, 463
363, 403
363, 473
363, 413
363, 483
363, 423
363, 493
363, 433
363, 373
363, 443
363, 383
107, 257
107, 387
107, 197
107, 327
107, 137
107, 457
107, 267
107, 397
107, 207
107, 337
107, 147
107, 467
107, 277
107, 407
107, 217
107, 347
107, 477
107, 157
107, 287
107, 417
107, 227
107, 357
107, 167
107, 487
107, 297
107, 427
107, 237
107, 367
107, 497
107, 177
107, 307
107, 437
107, 117
107, 247
107, 377
107, 187
107, 317
107, 127
107, 447
235, 385
235, 325
235, 455
235, 265
235, 395
235, 335
235, 465
235, 275
235, 405
235, 345
235, 475
235, 285
235, 415
235, 355
235, 485
235, 295
235, 425
235, 365
235, 495
235, 305
235, 435
235, 245
235, 375
235, 315
235, 445
235, 255
364, 384
364, 454
364, 394
364, 464
364, 404
364, 474
364, 414
364, 484
364, 424
364, 494
364, 434
364, 374
364, 444
108, 128
108, 448
108, 258
108, 388
108, 198
108, 328
108, 138
108, 458
108, 268
108, 398
108, 208
108, 338
108, 148
108, 468
108, 278
108, 408
108, 218
108, 348
108, 478
108, 158
108, 288
108, 418
108, 228
108, 358
108, 168
108, 488
108, 298
108, 428
108, 238
108, 368
108, 498
108, 178
108, 308
108, 438
108, 118
108, 248
108, 378
108, 188
108, 318
236, 256
236, 386
236, 326
236, 456
236, 266
236, 396
236, 336
236, 466
236, 276
236, 406
236, 346
236, 476
236, 286
236, 416
236, 356
236, 486
236, 296
236, 426
236, 366
236, 496
236, 306
236, 436
236, 246
236, 376
236, 316
236, 446
365, 385
365, 455
365, 395
365, 465
365, 405
365, 475
365, 415
365, 485
365, 425
365, 495
365, 435
365, 375
365, 445
109, 129
109, 449
109, 259
109, 389
109, 199
109, 329
109, 139
109, 459
109, 269
109, 399
109, 209
109, 339
109, 149
109, 469
109, 279
109, 409
109, 219
109, 349
109, 479
109, 159
109, 289
109, 419
109, 229
109, 359
109, 169
109, 489
109, 299
109, 429
109, 239
109, 369
109, 499
109, 179
109, 309
109, 439
109, 119
109, 249
109, 379
109, 189
109, 319
237, 257
237, 387
237, 327
237, 457
237, 267
237, 397
237, 337
237, 467
237, 277
237, 407
237, 347
237, 477
237, 287
237, 417
237, 357
237, 487
237, 297
237, 427
237, 367
237, 497
237, 307
237, 437
237, 247
237, 377
237, 317
237, 447
366, 386
366, 456
366, 396
366, 466
366, 406
366, 476
366, 416
366, 486
366, 426
366, 496
366, 436
366, 376
366, 446
110, 320
110, 130
110, 450
110, 260
110, 390
110, 200
110, 330
110, 460
110, 140
110, 270
110, 400
110, 210
110, 340
110, 150
110, 470
110, 280
110, 410
110, 220
110, 350
110, 480
110, 160
110, 290
110, 420
110, 230
110, 360
110, 170
110, 490
110, 300
110, 430
110, 240
110, 370
110, 500
110, 180
110, 310
110, 440
110, 120
110, 250
110, 380
110, 190
238, 448
238, 258
238, 388
238, 328
238, 458
238, 268
238, 398
238, 338
238, 468
238, 278
238, 408
238, 348
238, 478
238, 288
238, 418
238, 358
238, 488
238, 298
238, 428
238, 368
238, 498
238, 308
238, 438
238, 248
238, 378
238, 318
367, 387
367, 457
367, 397
367, 467
367, 407
367, 477
367, 417
367, 487
367, 427
367, 497
367, 437
367, 377
367, 447
111, 321
111, 131
111, 451
111, 261
111, 391
111, 201
111, 331
111, 461
111, 141
111, 271
111, 401
111, 211
111, 341
111, 151
111, 471
111, 281
111, 411
111, 221
111, 351
111, 481
111, 161
111, 291
111, 421
111, 231
111, 361
111, 171
111, 491
111, 301
111, 431
111, 241
111, 371
111, 181
111, 311
111, 441
111, 121
111, 251
111, 381
111, 191
239, 449
239, 259
239, 389
239, 329
239, 459
239, 269
239, 399
239, 339
239, 469
239, 279
239, 409
239, 349
239, 479
239, 289
239, 419
239, 359
239, 489
239, 299
239, 429
239, 369
239, 499
239, 309
239, 439
239, 249
239, 379
239, 319
368, 448
368, 388
368, 458
368, 398
368, 468
368, 408
368, 478
368, 418
368, 488
368, 428
368, 498
368, 438
368, 378
112, 192
112, 322
112, 132
112, 452
112, 262
112, 392
112, 202
112, 332
112, 142
112, 462
112, 272
112, 402
112, 212
112, 342
112, 152
112, 472
112, 282
112, 412
112, 222
112, 352
112, 482
112, 162
112, 292
112, 422
112, 232
112, 362
112, 172
112, 492
112, 302
112, 432
112, 242
112, 372
112, 182
112, 312
112, 442
112, 122
112, 252
112, 382
240, 320
240, 450
240, 260
240, 390
240, 330
240, 460
240, 270
240, 400
240, 340
240, 470
240, 280
240, 410
240, 350
240, 480
240, 290
240, 420
240, 360
240, 490
240, 300
240, 430
240, 370
240, 500
240, 310
240, 440
240, 250
240, 380
369, 449
369, 389
369, 459
369, 399
369, 469
369, 409
369, 479
369, 419
369, 489
369, 429
369, 499
369, 439
369, 379
113, 193
113, 323
113, 133
113, 453
113, 263
113, 393
113, 203
113, 333
113, 143
113, 463
113, 273
113, 403
113, 213
113, 343
113, 153
113, 473
113, 283
113, 413
113, 223
113, 353
113, 483
113, 163
113, 293
113, 423
113, 233
113, 363
113, 173
113, 493
113, 303
113, 433
113, 243
113, 373
113, 183
113, 313
113, 443
113, 123
113, 253
113, 383
241, 321
241, 451
241, 261
241, 391
241, 331
241, 461
241, 271
241, 401
241, 341
241, 471
241, 281
241, 411
241, 351
241, 481
241, 291
241, 421
241, 361
241, 491
241, 301
241, 431
241, 371
241, 311
241, 441
241, 251
241, 381
370, 450
370, 390
370, 460
370, 400
370, 470
370, 410
370, 480
370, 420
370, 490
370, 430
370, 500
370, 440
370, 380
114, 384
114, 194
114, 324
114, 134
114, 454
114, 264
114, 394
114, 204
114, 334
114, 464
114, 144
114, 274
114, 404
114, 214
114, 344
114, 154
114, 474
114, 284
114, 414
114, 224
114, 354
114, 484
114, 164
114, 294
114, 424
114, 234
114, 364
114, 174
114, 494
114, 304
114, 434
114, 244
114, 374
114, 184
114, 314
114, 444
114, 124
114, 254
242, 322
242, 452
242, 262
242, 392
242, 332
242, 462
242, 272
242, 402
242, 342
242, 472
242, 282
242, 412
242, 352
242, 482
242, 292
242, 422
242, 362
242, 492
242, 302
242, 432
242, 372
242, 312
242, 442
242, 252
242, 382
371, 451
371, 391
371, 461
371, 401
371, 471
371, 411
371, 481
371, 421
371, 491
371, 431
371, 441
371, 381
115, 385
115, 195
115, 325
115, 135
115, 455
115, 265
115, 395
115, 205
115, 335
115, 465
115, 145
115, 275
115, 405
115, 215
115, 345
115, 155
115, 475
115, 285
115, 415
115, 225
115, 355
115, 485
115, 165
115, 295
115, 425
115, 235
115, 365
115, 175
115, 495
115, 305
115, 435
115, 245
115, 375
115, 185
115, 315
115, 445
115, 125
115, 255
243, 323
243, 453
243, 263
243, 393
243, 333
243, 463
243, 273
243, 403
243, 343
243, 473
243, 283
243, 413
243, 353
243, 483
243, 293
243, 423
243, 363
243, 493
243, 303
243, 433
243, 373
243, 313
243, 443
243, 253
243, 383
372, 452
372, 392
372, 462
372, 402
372, 472
372, 412
372, 482
372, 422
372, 492
372, 432
372, 442
372, 382
116, 256
116, 386
116, 196
116, 326
116, 136
116, 456
116, 266
116, 396
116, 206
116, 336
116, 466
116, 146
116, 276
116, 406
116, 216
116, 346
116, 156
116, 476
116, 286
116, 416
116, 226
116, 356
116, 486
116, 166
116, 296
116, 426
116, 236
116, 366
116, 176
116, 496
116, 306
116, 436
116, 246
116, 376
116, 186
116, 316
116, 446
116, 126
244, 384
244, 324
244, 454
244, 264
244, 394
244, 334
244, 464
244, 274
244, 404
244, 344
244, 474
244, 284
244, 414
244, 354
244, 484
244, 294
244, 424
244, 364
244, 494
244, 304
244, 434
244, 374
244, 314
244, 444
244, 254
373, 453
373, 393
373, 463
373, 403
373, 473
373, 413
373, 483
373, 423
373, 493
373, 433
373, 443
373, 383
117, 257
117, 387
117, 197
117, 327
117, 137
117, 457
117, 267
117, 397
117, 207
117, 337
117, 467
117, 147
117, 277
117, 407
117, 217
117, 347
117, 157
117, 477
117, 287
117, 417
117, 227
117, 357
117, 487
117, 167
117, 297
117, 427
117, 237
117, 367
117, 177
117, 497
117, 307
117, 437
117, 247
117, 377
117, 187
117, 317
117, 447
117, 127
245, 385
245, 325
245, 455
245, 265
245, 395
245, 335
245, 465
245, 275
245, 405
245, 345
245, 475
245, 285
245, 415
245, 355
245, 485
245, 295
245, 425
245, 365
245, 495
245, 305
245, 435
245, 375
245, 315
245, 445
245, 255
374, 384
374, 454
374, 394
374, 464
374, 404
374, 474
374, 414
374, 484
374, 424
374, 494
374, 434
374, 444
118, 128
118, 448
118, 258
118, 388
118, 198
118, 328
118, 138
118, 458
118, 268
118, 398
118, 208
118, 338
118, 468
118, 148
118, 278
118, 408
118, 218
118, 348
118, 158
118, 478
118, 288
118, 418
118, 228
118, 358
118, 488
118, 168
118, 298
118, 428
118, 238
118, 368
118, 178
118, 498
118, 308
118, 438
118, 248
118, 378
118, 188
118, 318
246, 256
246, 386
246, 326
246, 456
246, 266
246, 396
246, 336
246, 466
246, 276
246, 406
246, 346
246, 476
246, 286
246, 416
246, 356
246, 486
246, 296
246, 426
246, 366
246, 496
246, 306
246, 436
246, 376
246, 316
246, 446
375, 385
375, 455
375, 395
375, 465
375, 405
375, 475
375, 415
375, 485
375, 425
375, 495
375, 435
375, 445
119, 129
119, 449
119, 259
119, 389
119, 199
119, 329
119, 139
119, 459
119, 269
119, 399
119, 209
119, 339
119, 469
119, 149
119, 279
119, 409
119, 219
119, 349
119, 159
119, 479
119, 289
119, 419
119, 229
119, 359
119, 489
119, 169
119, 299
119, 429
119, 239
119, 369
119, 179
119, 499
119, 309
119, 439
119, 249
119, 379
119, 189
119, 319
247, 257
247, 387
247, 327
247, 457
247, 267
247, 397
247, 337
247, 467
247, 277
247, 407
247, 347
247, 477
247, 287
247, 417
247, 357
247, 487
247, 297
247, 427
247, 367
247, 497
247, 307
247, 437
247, 377
247, 317
247, 447
376, 386
376, 456
376, 396
376, 466
376, 406
376, 476
376, 416
376, 486
376, 426
376, 496
376, 436
376, 446
120, 320
120, 130
120, 450
120, 260
120, 390
120, 200
120, 330
120, 140
120, 460
120, 270
120, 400
120, 210
120, 340
120, 470
120, 150
120, 280
120, 410
120, 220
120, 350
120, 160
120, 480
120, 290
120, 420
120, 230
120, 360
120, 490
120, 170
120, 300
120, 430
120, 240
120, 370
120, 180
120, 500
120, 310
120, 440
120, 250
120, 380
120, 190
248, 448
248, 258
248, 388
248, 328
248, 458
248, 268
248, 398
248, 338
248, 468
248, 278
248, 408
248, 348
248, 478
248, 288
248, 418
248, 358
248, 488
248, 298
248, 428
248, 368
248, 498
248, 308
248, 438
248, 378
248, 318
377, 387
377, 457
377, 397
377, 467
377, 407
377, 477
377, 417
377, 487
377, 427
377, 497
377, 437
377, 447
121, 321
121, 131
121, 451
121, 261
121, 391
121, 201
121, 331
121, 141
121, 461
121, 271
121, 401
121, 211
121, 341
121, 471
121, 151
121, 281
121, 411
121, 221
121, 351
121, 161
121, 481
121, 291
121, 421
121, 231
121, 361
121, 491
121, 171
121, 301
121, 431
121, 241
121, 371
121, 181
121, 311
121, 441
121, 251
121, 381
121, 191
249, 449
249, 259
249, 389
249, 329
249, 459
249, 269
249, 399
249, 339
249, 469
249, 279
249, 409
249, 349
249, 479
249, 289
249, 419
249, 359
249, 489
249, 299
249, 429
249, 369
249, 499
249, 309
249, 439
249, 379
249, 319
378, 448
378, 388
378, 458
378, 398
378, 468
378, 408
378, 478
378, 418
378, 488
378, 428
378, 498
378, 438
122, 192
122, 322
122, 132
122, 452
122, 262
122, 392
122, 202
122, 332
122, 462
122, 142
122, 272
122, 402
122, 212
122, 342
122, 472
122, 152
122, 282
122, 412
122, 222
122, 352
122, 162
122, 482
122, 292
122, 422
122, 232
122, 362
122, 492
122, 172
122, 302
122, 432
122, 242
122, 372
122, 182
122, 312
122, 442
122, 252
122, 382
250, 320
250, 450
250, 260
250, 390
250, 330
250, 460
250, 270
250, 400
250, 340
250, 470
250, 280
250, 410
250, 350
250, 480
250, 290
250, 420
250, 360
250, 490
250, 300
250, 430
250, 370
250, 500
250, 310
250, 440
250, 380
379, 449
379, 389
379, 459
379, 399
379, 469
379, 409
379, 479
379, 419
379, 489
379, 429
379, 499
379, 439
123, 193
123, 323
123, 133
123, 453
123, 263
123, 393
123, 203
123, 333
123, 463
123, 143
123, 273
123, 403
123, 213
123, 343
123, 473
123, 153
123, 283
123, 413
123, 223
123, 353
123, 163
123, 483
123, 293
123, 423
123, 233
123, 363
123, 493
123, 173
123, 303
123, 433
123, 243
123, 373
123, 183
123, 313
123, 443
123, 253
123, 383
251, 321
251, 451
251, 261
251, 391
251, 331
251, 461
251, 271
251, 401
251, 341
251, 471
251, 281
251, 411
251, 351
251, 481
251, 291
251, 421
251, 361
251, 491
251, 301
251, 431
251, 371
251, 311
251, 441
251, 381
380, 450
380, 390
380, 460
380, 400
380, 470
380, 410
380, 480
380, 420
380, 490
380, 430
380, 500
380, 440
124, 384
124, 194
124, 324
124, 134
124, 454
124, 264
124, 394
124, 204
124, 334
124, 144
124, 464
124, 274
124, 404
124, 214
124, 344
124, 474
124, 154
124, 284
124, 414
124, 224
124, 354
124, 164
124, 484
124, 294
124, 424
124, 234
124, 364
124, 494
124, 174
124, 304
124, 434
124, 244
124, 374
124, 184
124, 314
124, 444
124, 254
252, 322
252, 452
252, 262
252, 392
252, 332
252, 462
252, 272
252, 402
252, 342
252, 472
252, 282
252, 412
252, 352
252, 482
252, 292
252, 422
252, 362
252, 492
252, 302
252, 432
252, 372
252, 312
252, 442
252, 382
381, 451
381, 391
381, 461
381, 401
381, 471
381, 411
381, 481
381, 421
381, 491
381, 431
381, 441
125, 385
125, 195
125, 325
125, 135
125, 455
125, 265
125, 395
125, 205
125, 335
125, 145
125, 465
125, 275
125, 405
125, 215
125, 345
125, 475
125, 155
125, 285
125, 415
125, 225
125, 355
125, 165
125, 485
125, 295
125, 425
125, 235
125, 365
125, 495
125, 175
125, 305
125, 435
125, 245
125, 375
125, 185
125, 315
125, 445
125, 255
253, 323
253, 453
253, 263
253, 393
253, 333
253, 463
253, 273
253, 403
253, 343
253, 473
253, 283
253, 413
253, 353
253, 483
253, 293
253, 423
253, 363
253, 493
253, 303
253, 433
253, 373
253, 313
253, 443
253, 383
382, 452
382, 392
382, 462
382, 402
382, 472
382, 412
382, 482
382, 422
382, 492
382, 432
382, 442
126, 256
126, 386
126, 196
126, 326
126, 136
126, 456
126, 266
126, 396
126, 206
126, 336
126, 146
126, 466
126, 276
126, 406
126, 216
126, 346
126, 476
126, 156
126, 286
126, 416
126, 226
126, 356
126, 166
126, 486
126, 296
126, 426
126, 236
126, 366
126, 496
126, 176
126, 306
126, 436
126, 246
126, 376
126, 186
126, 316
126, 446
254, 384
254, 324
254, 454
254, 264
254, 394
254, 334
254, 464
254, 274
254, 404
254, 344
254, 474
254, 284
254, 414
254, 354
254, 484
254, 294
254, 424
254, 364
254, 494
254, 304
254, 434
254, 374
254, 314
254, 444
383, 453
383, 393
383, 463
383, 403
383, 473
383, 413
383, 483
383, 423
383, 493
383, 433
383, 443
127, 257
127, 387
127, 197
127, 327
127, 137
127, 457
127, 267
127, 397
127, 207
127, 337
127, 147
127, 467
127, 277
127, 407
127, 217
127, 347
127, 477
127, 157
127, 287
127, 417
127, 227
127, 357
127, 167
127, 487
127, 297
127, 427
127, 237
127, 367
127, 497
127, 177
127, 307
127, 437
127, 247
127, 377
127, 187
127, 317
127, 447
255, 385
255, 325
255, 455
255, 265
255, 395
255, 335
255, 465
255, 275
255, 405
255, 345
255, 475
255, 285
255, 415
255, 355
255, 485
255, 295
255, 425
255, 365
255, 495
255, 305
255, 435
255, 375
255, 315
255, 445
