DatalogToCPPRealTime,DatalogToCPPCPUTime,CompileRealTime,CompileCPUTime,InstanceLoadingRealTime,InstanceLoadingCPUTime,LoadingFactRealTime,LoadingFactCPUTime,QueryRealTime,QueryCPUTime,WritingResultRealTime,WritingResultCPUTime
0.009999990463256836,0.0,1.4500000476837158,1.47,0.000154917,0.000154,0.00767225,0.007627,0.232045,0.231741,0.0449029,0.044828
0.009999990463256836,0.0,1.4500000476837158,1.49,0.000156625,0.000156,0.00747363,0.007444,0.231709,0.231498,0.0430611,0.04298
0.0,0.010000000000000002,1.4600000381469727,1.48,0.000174041,0.000173,0.00720721,0.007181,0.230719,0.230508,0.0427568,0.042706
0.009999990463256836,0.010000000000000002,1.440000057220459,1.46,0.000177958,0.000176,0.00740196,0.00737,0.231613,0.231362,0.0433105,0.043259
0.009999990463256836,0.0,1.4500000476837158,1.46,0.00015025,0.000149,0.00629317,0.006274,0.228665,0.228386,0.0430359,0.04297
Average,0.007999992370605469,0.004000000000000001,1.4500000476837158,1.472,0.0001627582,0.00016160000000000002,0.007209643999999999,0.007179200000000001,0.23095020000000002,0.230699,0.043413440000000005,0.0433486
