DatalogToCPPRealTime,DatalogToCPPCPUTime,CompileRealTime,CompileCPUTime,InstanceLoadingRealTime,InstanceLoadingCPUTime,LoadingFactRealTime,LoadingFactCPUTime,QueryRealTime,QueryCPUTime,WritingResultRealTime,WritingResultCPUTime
0.009999990463256836,0.0,1.4600000381469727,1.48,0.000193125,0.000191,0.0256647,0.025613,6.15143,6.14295,0.883556,0.881274
0.009999990463256836,0.0,1.4399998188018799,1.46,0.000135333,0.000135,0.0171855,0.017182,6.14612,6.13757,0.906512,0.870221
0.009999990463256836,0.0,1.440000057220459,1.47,0.000156791,0.000154,0.0228381,0.022811,6.14225,6.13622,0.867368,0.865314
0.009999990463256836,0.010000000000000002,1.4500000476837158,1.47,0.00017725,0.000176,0.0238174,0.023745,6.15362,6.14531,0.867076,0.862665
0.009999990463256836,0.0,1.4500000476837158,1.47,0.000160583,0.000157,0.0224838,0.022456,6.15453,6.14789,0.86388,0.861552
Average,0.009999990463256836,0.0020000000000000005,1.4480000019073487,1.47,0.0001646164,0.0001626,0.022397900000000002,0.0223614,6.149590000000001,6.141988,0.8776784,0.8682051999999999
