DatalogToCPPRealTime,DatalogToCPPCPUTime,CompileRealTime,CompileCPUTime,InstanceLoadingRealTime,InstanceLoadingCPUTime,LoadingFactRealTime,LoadingFactCPUTime,QueryRealTime,QueryCPUTime,WritingResultRealTime,WritingResultCPUTime
0.009999990463256836,0.010000000000000002,1.4599997997283936,1.48,0.000188167,0.000187,0.0210492,0.021019,333.005,332.401,0.693708,0.691767
0.009999990463256836,0.0,1.4600000381469727,1.47,0.000203083,0.000202,0.0217018,0.021669,333.507,332.891,0.675663,0.674022
0.009999990463256836,0.009999999999999981,1.4700000286102295,1.5,0.0001935,0.000192,0.0236922,0.023661,333.536,333.035,0.687262,0.683152
0.019999980926513672,0.010000000000000002,1.4800000190734863,1.4600000000000002,0.00013075,0.00013,0.0131185,0.013115,332.714,332.314,0.674728,0.673302
0.009999990463256836,0.010000000000000002,1.4600000381469727,1.47,0.000254,0.000252,0.023599,0.023568,332.776,332.157,0.689714,0.688124
Average,0.011999988555908203,0.007999999999999997,1.4659999847412108,1.476,0.0001939,0.00019260000000000002,0.02063214,0.020606400000000004,333.1076,332.5596,0.684215,0.6820733999999999
