DatalogToCPPRealTime,DatalogToCPPCPUTime,CompileRealTime,CompileCPUTime,InstanceLoadingRealTime,InstanceLoadingCPUTime,LoadingFactRealTime,LoadingFactCPUTime,QueryRealTime,QueryCPUTime,WritingResultRealTime,WritingResultCPUTime
0.009999990463256836,0.0,1.4500000476837158,1.47,0.000214,0.000212,0.0246242,0.024473,4.7972,4.7924,0.748882,0.710054
0.009999990463256836,0.0,1.4500000476837158,1.48,0.000199334,0.000197,0.024376,0.024301,4.81126,4.80666,0.687825,0.678099
0.010000228881835938,0.010000000000000002,1.429999828338623,1.46,0.000146875,0.000145,0.0214559,0.021421,4.80287,4.79637,0.688209,0.686476
0.0,0.009999999999999981,1.4300000667572021,1.48,0.000187042,0.000184,0.0208148,0.020768,4.82891,4.82462,0.716849,0.683807
0.0,0.0,1.4399998188018799,1.48,0.000151375,0.00015,0.0190595,0.019028,4.806,4.79846,0.688239,0.68342
Average,0.006000041961669922,0.003999999999999997,1.4399999618530273,1.4740000000000002,0.0001797252,0.0001776,0.02206608,0.0219982,4.809248,4.8037019999999995,0.7060008,0.6883712
