DatalogToCPPRealTime,DatalogToCPPCPUTime,CompileRealTime,CompileCPUTime,InstanceLoadingRealTime,InstanceLoadingCPUTime,LoadingFactRealTime,LoadingFactCPUTime,QueryRealTime,QueryCPUTime,WritingResultRealTime,WritingResultCPUTime
0.009999990463256836,0.010000000000000002,1.4500000476837158,1.48,0.000176333,0.000174,0.0159833,0.015941,1.49468,1.49262,0.274097,0.27362
0.009999990463256836,0.0,1.4500000476837158,1.48,0.000173792,0.000173,0.0109176,0.010915,1.48474,1.48445,0.286212,0.266721
0.009999990463256836,0.0,1.4500000476837158,1.46,0.000173042,0.000172,0.0152885,0.015257,1.48442,1.48408,0.274263,0.273513
0.009999990463256836,0.0,1.440000057220459,1.47,0.000167459,0.000164,0.0150471,0.01501,1.48549,1.48522,0.267736,0.267697
0.009999990463256836,0.0,1.4500000476837158,1.47,0.000211,0.000209,0.0150884,0.015061,1.48713,1.48496,0.267554,0.266945
Average,0.009999990463256836,0.0020000000000000005,1.4480000495910645,1.472,0.0001803252,0.00017839999999999997,0.014464979999999999,0.0144368,1.487292,1.486266,0.2739724,0.2696992
