DatalogToCPPRealTime,DatalogToCPPCPUTime,CompileRealTime,CompileCPUTime,InstanceLoadingRealTime,InstanceLoadingCPUTime,LoadingFactRealTime,LoadingFactCPUTime,QueryRealTime,QueryCPUTime,WritingResultRealTime,WritingResultCPUTime
0.009999990463256836,0.0,1.4500000476837158,1.47,0.000157833,0.000156,0.010438,0.010016,0.632468,0.631604,0.100647,0.100524
0.009999990463256836,0.010000000000000002,1.4399998188018799,1.46,0.000149,0.000148,0.0103842,0.010318,0.63115,0.630634,0.098485,0.098318
0.009999990463256836,0.010000000000000002,1.440000057220459,1.46,0.000154542,0.000154,0.0104269,0.010403,0.631266,0.630868,0.0978945,0.097616
0.009999990463256836,0.010000000000000002,1.4300000667572021,1.46,0.000143541,0.000142,0.0105735,0.010548,0.632248,0.631883,0.0975275,0.097388
0.009999990463256836,0.010000000000000002,1.4500000476837158,1.47,0.000174625,0.000171,0.0104014,0.010323,0.633655,0.632756,0.0971987,0.097049
Average,0.009999990463256836,0.008000000000000002,1.4420000076293946,1.464,0.00015590819999999997,0.0001542,0.0104448,0.0103216,0.6321574000000001,0.6315489999999999,0.09835053999999999,0.098179
