DatalogToCPPRealTime,DatalogToCPPCPUTime,CompileRealTime,CompileCPUTime,InstanceLoadingRealTime,InstanceLoadingCPUTime,LoadingFactRealTime,LoadingFactCPUTime,QueryRealTime,QueryCPUTime,WritingResultRealTime,WritingResultCPUTime
0.009999990463256836,0.010000000000000002,1.440000057220459,1.47,0.000175666,0.000174,0.00726546,0.007217,4.83604,4.82814,0.0439603,0.043868
0.009999990463256836,0.0,1.440000057220459,1.46,0.000190625,0.000188,0.007401,0.007373,4.82551,4.8176,0.0452682,0.042983
0.009999990463256836,0.0,1.4600000381469727,1.49,0.000175291,0.000173,0.00679767,0.006773,4.83206,4.82369,0.0432298,0.043061
0.009999990463256836,0.0,1.4500000476837158,1.48,0.0001805,0.00018,0.00703733,0.007017,4.83534,4.82791,0.042972,0.042913
0.009999990463256836,0.0,1.440000057220459,1.47,0.000182834,0.000182,0.00737437,0.007343,4.83497,4.82605,0.0435371,0.043368
Average,0.009999990463256836,0.0020000000000000005,1.446000051498413,1.474,0.00018098320000000003,0.0001794,0.007175165999999999,0.007144599999999999,4.832783999999999,4.8246780000000005,0.04379348,0.0432386
