DatalogToCPPRealTime,DatalogToCPPCPUTime,CompileRealTime,CompileCPUTime,InstanceLoadingRealTime,InstanceLoadingCPUTime,LoadingFactRealTime,LoadingFactCPUTime,QueryRealTime,QueryCPUTime,WritingResultRealTime,WritingResultCPUTime
0.009999990463256836,0.010000000000000002,1.4500000476837158,1.48,0.000201417,0.000178,0.0192933,0.019212,217.248,216.854,0.547112,0.533402
0.009999990463256836,0.0,1.4600000381469727,1.48,0.000248792,0.000248,0.0203779,0.020317,217.126,216.745,0.522623,0.518477
0.019999980926513672,0.0,1.5299999713897705,1.49,0.000173583,0.000173,0.0187286,0.018702,217.063,216.918,0.533493,0.529677
0.009999990463256836,0.0,1.429999828338623,1.46,0.000115625,0.000114,0.0105375,0.010534,217.187,216.877,0.531401,0.524197
0.009999990463256836,0.0,1.4600000381469727,1.49,0.000189417,0.000188,0.0213324,0.021293,216.956,216.569,0.53742,0.526407
Average,0.011999988555908203,0.0020000000000000005,1.4659999847412108,1.48,0.0001857668,0.00018020000000000002,0.01805394,0.0180116,217.11599999999999,216.7926,0.5344098,0.526432
