ElapsedTime,CPUTime
0.08999991416931152,0.03
0.07999992370605469,0.03
0.08999991416931152,0.03
0.07999992370605469,0.03
0.09000015258789062,0.03
0.08000016212463379,0.03
0.09000015258789062,0.03
0.07999992370605469,0.03
0.09999990463256836,0.03
0.07999992370605469,0.03
Average,0.08599998950958251,0.030000000000000006
