environment,cpu_time,size,position,factor
cockroachdb,0.00013840000000001074,400,1,
mariadb,0.00014394999999997604,400,2,104.01011560691104
postgres,0.0001863500000000018,400,3,129.45467176105092
neo4j,0.0013723999999999958,400,4,736.4636436812357
xsb,0.037240999999999996,400,5,2713.567473039938
duckdb,0.6515249999999999,400,6,1749.4830965870947
