ElapsedTime,CPUTime
0.21000003814697266,0.15000000000000002
0.20000004768371582,0.15000000000000002
0.21000003814697266,0.16000000000000003
0.2200000286102295,0.16000000000000003
0.20000004768371582,0.16000000000000003
0.19999980926513672,0.16000000000000003
0.20000004768371582,0.15000000000000002
0.21000003814697266,0.15000000000000002
0.19999980926513672,0.15000000000000002
0.20000004768371582,0.15000000000000002
Average,0.20499999523162843,0.154
