ElapsedTime,CPUTime
0.75,0.69
0.75,0.6799999999999999
0.75,0.69
0.7599999904632568,0.7
0.75,0.69
0.7599999904632568,0.7
0.7400000095367432,0.69
0.75,0.69
0.75,0.69
0.75,0.69
Average,0.7509999990463256,0.6909999999999998
