ElapsedTime,CPUTime
3.240000009536743,3.15
3.18999981880188,3.1199999999999997
3.200000047683716,3.13
3.1999998092651367,3.12
3.1600000858306885,3.07
3.200000047683716,3.13
3.180000066757202,3.1
3.1700000762939453,3.0999999999999996
3.179999828338623,3.12
3.1600000858306885,3.0799999999999996
Average,3.187999987602234,3.112
