ElapsedTime,CPUTime
2.7699999809265137,2.69
2.7699999809265137,2.71
2.7899999618530273,2.72
2.7699999809265137,2.7
2.7699999809265137,2.71
2.799999952316284,2.73
2.7799999713897705,2.7199999999999998
2.7700002193450928,2.71
2.759999990463257,2.6999999999999997
2.7799999713897705,2.71
Average,2.7759999990463258,2.71
