ElapsedTime,CPUTime
0.9900000095367432,0.93
0.9800000190734863,0.92
0.9900000095367432,0.92
0.9800000190734863,0.93
0.9900000095367432,0.91
0.9799997806549072,0.93
0.9800000190734863,0.93
1.0,0.9400000000000001
0.9900000095367432,0.92
0.9800000190734863,0.92
Average,0.9859999895095826,0.925
