LoadRulesRealTime,LoadRulesCPUTime,LoadFactsRealTime,LoadFactsCPUTime,GroundRealTime,GroundCPUTime,QueryRealTime,QueryCPUTime,WriteRealTime,WriteCPUTime
0.0,0.0,2.2300000190734863,2.2199999999999998,87.70000004768372,87.55999999999999,0.06999993324279785,0.060000000000002274,1.1500000953674316,1.1600000000000057
0.0,0.0,2.31000018119812,2.3,87.34999990463257,87.21,0.059999942779541016,0.060000000000002274,1.1500000953674316,1.1600000000000006
0.0,0.0,2.2300000190734863,2.2299999999999995,88.35999989509583,88.21000000000001,0.06999993324279785,0.07000000000000225,1.1500000953674316,1.1399999999999864
0.0,0.0,2.369999885559082,2.37,87.88000011444092,87.74000000000001,0.06999993324279785,0.05999999999998806,1.1400001049041748,1.150000000000024
0.0,0.0,2.240000009536743,2.2199999999999998,87.34000015258789,87.19999999999999,0.059999942779541016,0.07000000000000739,1.1600000858306885,1.1299999999999903
Average,0.0,0.0,2.2760000228881836,2.268,87.72600002288819,87.584,0.06599993705749511,0.06400000000000046,1.1500000953674316,1.1480000000000015
