LoadRulesRealTime,LoadRulesCPUTime,LoadFactsRealTime,LoadFactsCPUTime,GroundRealTime,GroundCPUTime,QueryRealTime,QueryCPUTime,WriteRealTime,WriteCPUTime
0.0,0.0,1.070000171661377,1.06,83.08999991416931,82.95,0.029999971389770508,0.030000000000001137,0.5900001525878906,0.5899999999999983
0.0,0.0,1.070000171661377,1.06,83.3899998664856,83.25,0.029999971389770508,0.030000000000001137,0.5800001621246338,0.5699999999999932
0.0,0.0,1.0799999237060547,1.07,82.30999994277954,82.17999999999999,0.039999961853027344,0.030000000000001137,0.5400002002716064,0.5400000000000063
0.0,0.0,1.1200001239776611,1.11,82.59999990463257,82.46000000000001,0.029999971389770508,0.030000000000001137,0.5600001811981201,0.5499999999999972
0.0,0.0,1.0699999332427979,1.07,83.85999989509583,83.71,0.029999971389770508,0.030000000000001137,0.5500001907348633,0.539999999999992
Average,0.0,0.0,1.0820000648498536,1.0740000000000003,83.04999990463257,82.91,0.031999969482421876,0.030000000000001137,0.5640001773834229,0.5579999999999974
