LoadRulesRealTime,LoadRulesCPUTime,LoadFactsRealTime,LoadFactsCPUTime,GroundRealTime,GroundCPUTime,QueryRealTime,QueryCPUTime,WriteRealTime,WriteCPUTime
0.0,0.0,1.7899999618530273,1.7799999999999998,221.58000016212463,221.19000000000003,0.059999942779541016,0.04999999999998295,0.9300000667572021,0.9500000000000262
0.0,0.0,1.7699999809265137,1.76,219.03999996185303,218.71,0.04999995231628418,0.05000000000001137,0.9200000762939453,0.9199999999999965
0.0,0.0,1.7799999713897705,1.76,218.55999994277954,218.18,0.04999995231628418,0.05999999999997385,0.9600000381469727,0.940000000000035
0.0,0.0,1.7699999809265137,1.75,216.27999997138977,215.92,0.04999995231628418,0.05000000000001137,0.9300000667572021,0.9199999999999681
0.0,0.0,1.7799999713897705,1.7799999999999998,219.35000014305115,218.96,0.059999942779541016,0.04999999999998295,0.9100000858306885,0.9200000000000249
Average,0.0,0.0,1.7779999732971192,1.766,218.96200003623963,218.592,0.05399994850158692,0.0519999999999925,0.9300000667572021,0.9300000000000102
