LoadRulesRealTime,LoadRulesCPUTime,LoadFactsRealTime,LoadFactsCPUTime,GroundRealTime,GroundCPUTime,QueryRealTime,QueryCPUTime,WriteRealTime,WriteCPUTime
0.0,0.0,0.3400001525878906,0.33999999999999997,9.22000002861023,9.2,0.009999990463256836,0.009999999999999787,0.18999981880187988,0.19000000000000128
0.0,0.0,0.34999990463256836,0.33999999999999997,9.31000018119812,9.299999999999999,0.009999990463256836,0.010000000000001563,0.18999981880187988,0.18999999999999773
0.0,0.0,0.34999990463256836,0.35,9.120000123977661,9.11,0.009999990463256836,0.009999999999999787,0.17999982833862305,0.1800000000000015
0.0,0.0,0.3399999141693115,0.35,9.380000114440918,9.36,0.009999990463256836,0.009999999999999787,0.18000006675720215,0.1800000000000015
0.0,0.0,0.34999990463256836,0.33999999999999997,9.509999990463257,9.5,0.009999990463256836,0.009999999999999787,0.18000006675720215,0.1799999999999999
Average,0.0,0.0,0.34599995613098145,0.344,9.308000087738037,9.294,0.009999990463256836,0.010000000000000142,0.18399991989135742,0.18400000000000039
