LoadRulesRealTime,LoadRulesCPUTime,LoadFactsRealTime,LoadFactsCPUTime,GroundRealTime,GroundCPUTime,QueryRealTime,QueryCPUTime,WriteRealTime,WriteCPUTime
0.0,0.0,0.019999980926513672,0.020000000000000018,0.12000012397766113,0.12,0.0,0.0,0.009999990463256836,0.010000000000000009
0.0,0.0,0.019999980926513672,0.020000000000000018,0.12000012397766113,0.10999999999999999,0.0,0.010000000000000009,0.009999990463256836,0.0
0.0,0.0,0.029999971389770508,0.020000000000000018,0.1099998950958252,0.12,0.0,0.0,0.019999980926513672,0.010000000000000009
0.0,0.0,0.019999980926513672,0.020000000000000018,0.11999988555908203,0.10999999999999999,0.0,0.0,0.009999990463256836,0.010000000000000009
0.0,0.0,0.019999980926513672,0.020000000000000018,0.11999988555908203,0.12,0.0,0.0,0.019999980926513672,0.010000000000000009
Average,0.0,0.0,0.02199997901916504,0.020000000000000018,0.1179999828338623,0.11599999999999999,0.0,0.0020000000000000018,0.01399998664855957,0.008000000000000007
