environment,cpu_time,size,position,factor
xsb,0.0001070000000000029,400,1,
mariadb,0.00015485000000001192,400,2,144.71962616823154
cockroachdb,0.0001719000000000026,400,3,111.01065547303155
postgres,0.00021009999999999085,400,4,122.22222222221504
neo4j,0.0011909499999999684,400,5,566.8491194669301
duckdb,0.005698549999999997,400,6,478.48776187078784
