CreateTableRealTime,CreateTableCPUTime,LoadDataRealTime,LoadDataCPUTime,CreateIndexRealTime,CreateIndexCPUTime,AnalyzeRealTime,AnalyzeCPUTime,ExecuteQueryRealTime,ExecuteQueryCPUTime,WriteResultRealTime,WriteResultCPUTime
0.003140582994092256,4.799999999999249e-05,0.0017745830118656158,9.799999999998699e-05,0.0028115420136600733,4.0000000000040004e-05,0.0009279579971916974,3.4000000000034e-05,0.005677416978869587,3.6000000000036e-05,0.001431250013411045,0.00045199999999995244
0.003666417032945901,4.900000000002125e-05,0.0018088340293616056,9.599999999998499e-05,0.0035495840129442513,3.799999999998249e-05,0.0009240420185960829,3.500000000000725e-05,0.005052332999184728,3.6000000000036e-05,0.001461207983084023,0.0003989999999999827
0.003771500021684915,4.300000000001525e-05,0.0023245829506777227,0.00014599999999997948,0.0033040830167010427,3.700000000000925e-05,0.0012638330226764083,3.599999999998049e-05,0.005792542011477053,3.700000000000925e-05,0.0017991249915212393,0.00040199999999995795
0.003097917011473328,4.700000000001925e-05,0.0017322920029982924,0.00010700000000002374,0.002781666989903897,5.8000000000002494e-05,0.0009594160364940763,4.6000000000046004e-05,0.005808042013086379,3.999999999998449e-05,0.001752917014528066,0.0003630000000000022
0.003391917038243264,3.999999999998449e-05,0.001794916985090822,0.00010799999999999699,0.0028932500281371176,4.500000000001725e-05,0.0010487920371815562,3.4000000000034e-05,0.005645582976285368,3.4000000000034e-05,0.0013978329952806234,0.0004530000000000367
Average,0.0034136668196879326,4.5400000000006545e-05,0.0018870417959988117,0.00011099999999999443,0.003068025212269276,4.3600000000010296e-05,0.0010248082224279642,3.700000000002035e-05,0.005595183395780623,3.660000000001995e-05,0.0015684665995649993,0.0004137999999999864
