CreateTableRealTime,CreateTableCPUTime,LoadDataRealTime,LoadDataCPUTime,CreateIndexRealTime,CreateIndexCPUTime,AnalyzeRealTime,AnalyzeCPUTime,ExecuteQueryRealTime,ExecuteQueryCPUTime,WriteResultRealTime,WriteResultCPUTime
0.0034237499930895865,7.40000000000185e-05,0.0028195419581606984,0.00013100000000004774,0.0053363750339485705,3.999999999998449e-05,0.0013955829781480134,3.2999999999949736e-05,0.00908170803450048,3.799999999998249e-05,0.002242416958324611,0.0006720000000000059
0.0038247499614953995,4.700000000001925e-05,0.002800250018481165,0.00015300000000001424,0.0033207499654963613,6.20000000000065e-05,0.0010289169731549919,4.499999999996174e-05,0.00957012502476573,3.700000000000925e-05,0.002056292025372386,0.0006759999999999544
0.0032504170085303485,4.799999999999249e-05,0.002591500000562519,0.00014300000000000423,0.0026065839920192957,3.599999999998049e-05,0.0009566249791532755,3.900000000001125e-05,0.008583249989897013,3.900000000001125e-05,0.002174000022932887,0.0006929999999999992
0.002829666016623378,4.199999999998649e-05,0.0025885410141199827,0.00013900000000000023,0.002626375004183501,4.0000000000040004e-05,0.0012001660070382059,3.8000000000038e-05,0.009231625008396804,3.300000000000525e-05,0.0020669999648816884,0.0006530000000000147
0.004164665995631367,4.2000000000042004e-05,0.0034532499848864973,0.00021700000000002273,0.0036291669821366668,4.599999999999049e-05,0.0013933749869465828,3.6000000000036e-05,0.010001290997024626,3.799999999998249e-05,0.0021452499786391854,0.0006289999999999907
Average,0.0034986497950740157,5.060000000001175e-05,0.0028506165952421727,0.00015660000000001785,0.003503850195556879,4.48000000000004e-05,0.001194933184888214,3.819999999999934e-05,0.00929359981091693,3.699999999999815e-05,0.0021369917900301515,0.000664599999999993
