CreateTableRealTime,CreateTableCPUTime,LoadDataRealTime,LoadDataCPUTime,CreateIndexRealTime,CreateIndexCPUTime,AnalyzeRealTime,AnalyzeCPUTime,ExecuteQueryRealTime,ExecuteQueryCPUTime,WriteResultRealTime,WriteResultCPUTime
0.002816291991621256,4.399999999998849e-05,0.0016604160191491246,8.900000000000574e-05,0.003472291980870068,3.999999999998449e-05,0.0009817910031415522,3.6000000000036e-05,0.004847790987696499,3.700000000000925e-05,0.001377709035295993,0.00048399999999998444
0.003347249992657453,4.499999999996174e-05,0.0016023330390453339,0.00018600000000001948,0.0028034999850206077,6.0000000000004494e-05,0.002421042008791119,3.999999999998449e-05,0.006137957971077412,3.899999999995574e-05,0.0038961669779382646,0.0006529999999999592
0.0034782500006258488,6.0000000000004494e-05,0.002072500006761402,0.00011300000000002974,0.003164249996189028,3.799999999998249e-05,0.001343625015579164,3.500000000000725e-05,0.005142083973623812,3.899999999995574e-05,0.0014236250426620245,0.0004919999999999924
0.003996749990619719,4.299999999995974e-05,0.001909750048071146,9.900000000001574e-05,0.003316125017590821,3.8000000000038e-05,0.0014567499747499824,3.500000000000725e-05,0.006489207968115807,4.399999999998849e-05,0.0015569999814033508,0.0004210000000000047
0.0037130829878151417,4.199999999998649e-05,0.0019927920075133443,0.000124000000000013,0.0033320829970762134,4.799999999999249e-05,0.0010530420113354921,3.300000000000525e-05,0.004611417010892183,3.700000000000925e-05,0.001441375003196299,0.0004449999999999732
Average,0.0034703249926678835,4.679999999998019e-05,0.0018475582241080702,0.00012220000000001674,0.0032176499953493476,4.48000000000004e-05,0.0014512500027194619,3.5800000000008046e-05,0.0054456915822811425,3.9199999999983694e-05,0.0019391752080991863,0.0004989999999999827
