CreateTableRealTime,CreateTableCPUTime,LoadDataRealTime,LoadDataCPUTime,CreateIndexRealTime,CreateIndexCPUTime,AnalyzeRealTime,AnalyzeCPUTime,ExecuteQueryRealTime,ExecuteQueryCPUTime,WriteResultRealTime,WriteResultCPUTime
0.003015041000026031,0.00017960000000000198,0.0037241480001739546,0.0003718000000000332,0.010668011999996452,0.00013540000000000774,0.002125876000036442,0.00011290000000002687,0.004423653999992894,0.0001275000000000026,0.0006143300001895113,0.00033450000000001534
0.004464966000114146,0.00011070000000001912,0.00399902299977839,0.00031690000000000884,0.00719775499987918,0.0001298999999999606,0.003544677000036245,0.00011359999999999149,0.003549732999999833,0.0001699000000000006,0.0005921539998325898,0.0003129999999999522
Average,0.003740003500070088,0.00014515000000001055,0.0038615854999761723,0.00034435000000002103,0.008932883499937816,0.00013264999999998417,0.0028352765000363434,0.00011325000000000918,0.003986693499996363,0.0001487000000000016,0.0006032420000110505,0.0003237499999999838
