CreateTableRealTime,CreateTableCPUTime,LoadDataRealTime,LoadDataCPUTime,CreateIndexRealTime,CreateIndexCPUTime,AnalyzeRealTime,AnalyzeCPUTime,ExecuteQueryRealTime,ExecuteQueryCPUTime,WriteResultRealTime,WriteResultCPUTime
0.004515709006227553,5.700000000002925e-05,0.003725583024788648,0.00015599999999998948,0.0030383329722099006,1.8000000000018e-05,0.001070333004463464,1.2999999999985246e-05,0.00807583297137171,1.5000000000042757e-05,0.0017553750076331198,0.0005900000000000349
0.0036829159944318235,4.999999999999449e-05,0.003849291999358684,0.00014100000000000223,0.0035259589785709977,3.999999999998449e-05,0.001553499954752624,3.599999999998049e-05,0.011791208991780877,3.599999999998049e-05,0.002208749996498227,0.0006089999999999707
0.003835124953184277,4.500000000001725e-05,0.003799875034019351,0.00015700000000001824,0.003714792022947222,3.799999999998249e-05,0.001175625016912818,3.300000000000525e-05,0.008039375010412186,3.300000000000525e-05,0.0017667909851297736,0.0005180000000000184
0.004337874997872859,4.799999999999249e-05,0.0025620830128900707,0.00014199999999997548,0.0025939999613910913,4.700000000001925e-05,0.0008937920210883021,3.500000000000725e-05,0.008942917047534138,3.700000000000925e-05,0.002099042001646012,0.0006519999999999859
0.0031109160045161843,4.199999999998649e-05,0.0025641670217737556,9.100000000000774e-05,0.002452625019941479,4.199999999998649e-05,0.0011192079982720315,3.2000000000032e-05,0.00876041705487296,3.300000000000525e-05,0.002044500026386231,0.0005820000000000269
Average,0.0038965081912465394,4.8400000000003995e-05,0.003300200018566102,0.00013739999999999862,0.003065141791012138,3.699999999999815e-05,0.001162491599097848,2.9800000000002046e-05,0.009121950215194375,3.0800000000008596e-05,0.0019748916034586727,0.0005902000000000074
