CreateTableRealTime,CreateTableCPUTime,LoadDataRealTime,LoadDataCPUTime,CreateIndexRealTime,CreateIndexCPUTime,AnalyzeRealTime,AnalyzeCPUTime,ExecuteQueryRealTime,ExecuteQueryCPUTime,WriteResultRealTime,WriteResultCPUTime
0.0024868340115062892,4.300000000001525e-05,0.0009712500032037497,8.799999999997699e-05,0.002133166999556124,1.6000000000016e-05,0.00106187496567145,3.4000000000034e-05,0.0032982919947244227,1.2999999999985246e-05,0.0006874579703435302,0.00022899999999997922
0.0027879999834112823,3.900000000001125e-05,0.0011685420176945627,0.00013199999999996548,0.0019276670063845813,1.6000000000016e-05,0.0007954589673317969,3.2000000000032e-05,0.0024962089955806732,3.199999999997649e-05,0.0009251669980585575,0.00029000000000001247
0.0035727500217035413,2.0999999999993246e-05,0.0011485829600133002,0.000128000000000017,0.001923167030327022,1.399999999995849e-05,0.0009486660128459334,1.4999999999987246e-05,0.0018152089905925095,1.5000000000042757e-05,0.0011996660032309592,0.00024200000000001998
0.004096583987120539,1.799999999996249e-05,0.0010573340114206076,9.399999999998299e-05,0.002290167030878365,3.799999999998249e-05,0.0012188749969936907,1.8999999999991246e-05,0.003077083034440875,7.80000000000225e-05,0.001510749978478998,0.0003710000000000102
0.0035387909738346934,3.2000000000032e-05,0.0011254579876549542,0.00011200000000000099,0.0017035420169122517,6.199999999995098e-05,0.0008875419734977186,4.500000000001725e-05,0.003598082985263318,3.700000000000925e-05,0.0012005000025965273,0.0002870000000000372
Average,0.003296591795515269,3.0600000000002844e-05,0.001094233395997435,0.00011079999999998868,0.0019955420168116687,2.9199999999984792e-05,0.000982483383268118,2.900000000001235e-05,0.00285697520012036,3.500000000000725e-05,0.0011047081905417144,0.00028380000000001183
