CreateTableRealTime,CreateTableCPUTime,LoadDataRealTime,LoadDataCPUTime,CreateIndexRealTime,CreateIndexCPUTime,AnalyzeRealTime,AnalyzeCPUTime,ExecuteQueryRealTime,ExecuteQueryCPUTime,WriteResultRealTime,WriteResultCPUTime
0.002412331000186896,0.00012020000000001474,0.0029312510000636394,0.0006671999999999789,0.007250354000007064,0.00011129999999998086,0.003502115999935995,0.00010529999999997486,0.005024827999932313,0.00012159999999999949,0.0008191989998067584,0.0004028999999999838
0.002845493999984683,7.580000000001474e-05,0.0040154120001716365,0.00029810000000002335,0.010472757999878013,0.00010999999999999899,0.0019242220000705856,0.00011200000000000099,0.00566328800005067,0.0001870999999999956,0.000998612000103094,0.0005369000000000068
Average,0.0026289125000857894,9.800000000001474e-05,0.003473331500117638,0.00048265000000000113,0.008861555999942539,0.00011064999999998992,0.0027131690000032904,0.00010864999999998792,0.005344057999991492,0.00015434999999999754,0.0009089054999549262,0.0004698999999999953
