CreateTableRealTime,CreateTableCPUTime,LoadDataRealTime,LoadDataCPUTime,CreateIndexRealTime,CreateIndexCPUTime,AnalyzeRealTime,AnalyzeCPUTime,ExecuteQueryRealTime,ExecuteQueryCPUTime,WriteResultRealTime,WriteResultCPUTime
0.002839458000380546,4.100000000001325e-05,0.00164883304387331,0.00014399999999997748,0.0030804169946350157,5.699999999997374e-05,0.0012157080345787108,4.300000000001525e-05,0.0046703750267624855,4.700000000001925e-05,0.0016171250026673079,0.00037399999999998546
0.003375332977157086,4.399999999998849e-05,0.001522041973657906,0.00012499999999998623,0.0020230839727446437,1.5000000000042757e-05,0.0007939590141177177,3.100000000000325e-05,0.004302458022721112,3.100000000000325e-05,0.0011497499654069543,0.00039000000000000146
0.0034440410090610385,4.4000000000044004e-05,0.001848582993261516,9.199999999998099e-05,0.002674416988156736,3.4000000000034e-05,0.0014693750417791307,1.799999999996249e-05,0.00579454202670604,5.3999999999998494e-05,0.0012539579765871167,0.0003709999999999547
0.003014374990016222,4.399999999998849e-05,0.002055249991826713,0.00011899999999998023,0.0037290830514393747,4.399999999998849e-05,0.0011957919923588634,3.8000000000038e-05,0.003940708003938198,4.799999999999249e-05,0.004359083017334342,0.0005379999999999829
0.003321999975014478,4.199999999998649e-05,0.0017161669675260782,0.00010300000000001974,0.0018493329989723861,1.9000000000046757e-05,0.001168832997791469,4.599999999999049e-05,0.005178457999136299,2.0000000000020002e-05,0.0009475419647060335,0.00034200000000000896
Average,0.003199041390325874,4.300000000000415e-05,0.0017581749940291046,0.00011659999999998893,0.0026712668011896314,3.380000000001715e-05,0.0011687334161251783,3.52000000000019e-05,0.004777308215852827,4.00000000000067e-05,0.0018654915853403508,0.0004029999999999867
