CreateTableRealTime,CreateTableCPUTime,LoadDataRealTime,LoadDataCPUTime,CreateIndexRealTime,CreateIndexCPUTime,AnalyzeRealTime,AnalyzeCPUTime,ExecuteQueryRealTime,ExecuteQueryCPUTime,WriteResultRealTime,WriteResultCPUTime
0.0046419190000506205,0.00013530000000000486,0.005352704000188169,0.0006392000000000064,0.00983174299994971,0.00011769999999999836,0.0021414870000171504,0.00018409999999996485,0.0067429829998673085,0.00012539999999999774,0.0010167400000682392,0.0006040999999999963
0.0030162489999838726,8.010000000002737e-05,0.0022681539999211964,0.0003026999999999891,0.007565175999843632,0.00011110000000003062,0.003318445000104475,0.0001052000000000275,0.006625284999927317,0.00014209999999997835,0.0010194120000051043,0.0006143000000000121
Average,0.0038290840000172466,0.00010770000000001612,0.0038104290000546825,0.00047094999999999776,0.008698459499896671,0.00011440000000001449,0.002729966000060813,0.00014464999999999617,0.006684133999897313,0.00013374999999998805,0.0010180760000366718,0.0006092000000000042
