LoadRulesRealTime,LoadRulesCPUTime,LoadFactsRealTime,LoadFactsCPUTime,GroundRealTime,GroundCPUTime,QueryRealTime,QueryCPUTime,WriteRealTime,WriteCPUTime
0.0,0.0,0.15999984741210938,0.16000000000000003,1.6700000762939453,1.67,0.26999998092651367,0.27000000000000024,2.680000066757202,2.669999999999999
0.0,0.0,0.1700000762939453,0.16000000000000003,2.190000057220459,2.0200000000000005,0.28999996185302734,0.2699999999999998,2.680000066757202,2.71
0.0,0.0,0.14999985694885254,0.15000000000000002,1.75,1.74,0.26999998092651367,0.28,2.759999990463257,2.7399999999999993
0.0,0.0,0.1700000762939453,0.16000000000000003,1.75,1.76,0.2999999523162842,0.30000000000000004,2.7300000190734863,2.6900000000000004
0.0,0.0,0.19999980926513672,0.17000000000000004,1.9100000858306885,1.8900000000000001,0.28999996185302734,0.28,2.75,2.7399999999999993
Average,0.0,0.0,0.16999993324279786,0.16000000000000003,1.8540000438690185,1.816,0.28399996757507323,0.28,2.7200000286102295,2.7099999999999995
