LoadRulesRealTime,LoadRulesCPUTime,LoadFactsRealTime,LoadFactsCPUTime,GroundRealTime,GroundCPUTime,QueryRealTime,QueryCPUTime,WriteRealTime,WriteCPUTime
0.0,0.0,0.029999971389770508,0.03999999999999998,0.5199999809265137,0.51,0.040000200271606445,0.039999999999999925,0.34999966621398926,0.3500000000000002
0.0,0.0,0.029999971389770508,0.02999999999999997,0.5,0.49000000000000005,0.029999971389770508,0.04999999999999992,0.3599998950958252,0.3300000000000002
0.0,0.0,0.029999971389770508,0.030000000000000027,0.5,0.5,0.029999971389770508,0.030000000000000027,0.3600001335144043,0.36
0.0,0.0,0.029999971389770508,0.030000000000000027,0.5,0.5,0.029999971389770508,0.030000000000000027,0.3600001335144043,0.35
0.0,0.0,0.029999971389770508,0.030000000000000027,0.5,0.49000000000000005,0.029999971389770508,0.030000000000000027,0.3600001335144043,0.36
Average,0.0,0.0,0.029999971389770508,0.03200000000000001,0.5039999961853028,0.49800000000000005,0.03200001716613769,0.03599999999999999,0.3579999923706055,0.3500000000000001
