LoadRulesRealTime,LoadRulesCPUTime,LoadFactsRealTime,LoadFactsCPUTime,GroundRealTime,GroundCPUTime,QueryRealTime,QueryCPUTime,WriteRealTime,WriteCPUTime
0.0,0.0,0.12000012397766113,0.10999999999999999,1.0499999523162842,1.06,0.18000006675720215,0.1699999999999999,1.7899999618530273,1.8
0.0,0.0,0.12000012397766113,0.10999999999999999,1.059999942779541,1.06,0.1700000762939453,0.16999999999999993,1.7899999618530273,1.79
0.0,0.0,0.1100001335144043,0.10999999999999999,1.0899999141693115,1.09,0.19000005722045898,0.1799999999999999,1.7599999904632568,1.7600000000000002
0.0,0.0,0.12000012397766113,0.12000000000000001,1.0699999332427979,1.07,0.20000004768371582,0.19999999999999993,1.7699999809265137,1.77
0.0,0.0,0.12000012397766113,0.12,1.0699999332427979,1.07,0.18000006675720215,0.17999999999999994,1.749999761581421,1.7500000000000002
Average,0.0,0.0,0.11800012588500977,0.11399999999999999,1.0679999351501466,1.07,0.18400006294250487,0.17999999999999994,1.7719999313354493,1.7739999999999998
