LoadRulesRealTime,LoadRulesCPUTime,LoadFactsRealTime,LoadFactsCPUTime,GroundRealTime,GroundCPUTime,QueryRealTime,QueryCPUTime,WriteRealTime,WriteCPUTime
0.0,0.0,0.309999942779541,0.30000000000000004,5.330000162124634,5.33,0.7400000095367432,0.7500000000000003,6.869999885559082,6.84
0.0,0.0,0.3300001621246338,0.32999999999999996,5.329999923706055,5.33,0.7300000190734863,0.73,6.629999876022339,6.619999999999999
0.0,0.0,0.3100001811981201,0.31000000000000005,5.579999923706055,5.5600000000000005,0.7599999904632568,0.7500000000000002,6.799999952316284,6.799999999999999
0.0,0.0,0.3299999237060547,0.32,5.620000123977661,5.59,0.7699999809265137,0.7599999999999999,6.889999866485596,6.869999999999999
0.0,0.0,0.309999942779541,0.31000000000000005,5.430000066757202,5.43,0.7599999904632568,0.7500000000000002,7.0299999713897705,6.96
Average,0.0,0.0,0.31800003051757814,0.314,5.458000040054321,5.4479999999999995,0.7519999980926514,0.748,6.843999910354614,6.818
