LoadRulesRealTime,LoadRulesCPUTime,LoadFactsRealTime,LoadFactsCPUTime,GroundRealTime,GroundCPUTime,QueryRealTime,QueryCPUTime,WriteRealTime,WriteCPUTime
0.0,0.0,0.0,0.010000000000000009,0.009999990463256836,0.010000000000000009,0.009999990463256836,0.0,0.009999990463256836,0.019999999999999962
0.0,0.0,0.0,0.0,0.009999990463256836,0.010000000000000009,0.0,0.0,0.019999980926513672,0.019999999999999962
0.0,0.0,0.009999990463256836,0.010000000000000009,0.009999990463256836,0.010000000000000009,0.0,0.0,0.019999980926513672,0.019999999999999962
0.0,0.0,0.0,0.010000000000000009,0.009999990463256836,0.010000000000000009,0.0,0.0,0.019999980926513672,0.019999999999999962
0.0,0.0,0.009999990463256836,0.0,0.009999990463256836,0.019999999999999962,0.0,0.0,0.019999980926513672,0.020000000000000018
Average,0.0,0.0,0.0039999961853027345,0.006000000000000005,0.009999990463256836,0.012,0.0019999980926513673,0.0,0.017999982833862303,0.019999999999999973
