LoadRulesRealTime,LoadRulesCPUTime,LoadFactsRealTime,LoadFactsCPUTime,GroundRealTime,GroundCPUTime,QueryRealTime,QueryCPUTime,WriteRealTime,WriteCPUTime
0.0,0.0,0.019999980926513672,0.020000000000000018,0.09000015258789062,0.08999999999999997,0.009999990463256836,0.010000000000000009,0.1700000762939453,0.17000000000000004
0.0,0.0,0.019999980926513672,0.020000000000000018,0.08999991416931152,0.08999999999999997,0.019999980926513672,0.010000000000000009,0.16000008583068848,0.17000000000000004
0.0,0.0,0.019999980926513672,0.020000000000000018,0.09000015258789062,0.08999999999999997,0.009999990463256836,0.020000000000000018,0.1699998378753662,0.16000000000000003
0.0,0.0,0.019999980926513672,0.020000000000000018,0.08999991416931152,0.08999999999999996,0.019999980926513672,0.020000000000000018,0.16000008583068848,0.16000000000000003
0.0,0.0,0.019999980926513672,0.020000000000000018,0.09000015258789062,0.08999999999999997,0.019999980926513672,0.010000000000000009,0.14999985694885254,0.17000000000000004
Average,0.0,0.0,0.019999980926513672,0.020000000000000018,0.09000005722045898,0.08999999999999997,0.015999984741210938,0.014000000000000012,0.1619999885559082,0.16600000000000004
