LoadRulesRealTime,LoadRulesCPUTime,LoadFactsRealTime,LoadFactsCPUTime,GroundRealTime,GroundCPUTime,QueryRealTime,QueryCPUTime,WriteRealTime,WriteCPUTime
0.0,0.0,0.019999980926513672,0.010000000000000009,0.039999961853027344,0.03999999999999998,0.0,0.010000000000000009,0.09000015258789062,0.09000000000000002
0.0,0.0,0.019999980926513672,0.010000000000000009,0.039999961853027344,0.03999999999999998,0.0,0.010000000000000009,0.08999991416931152,0.08000000000000002
0.0,0.0,0.009999990463256836,0.010000000000000009,0.039999961853027344,0.03999999999999998,0.009999990463256836,0.0,0.07999992370605469,0.09000000000000004
0.0,0.0,0.019999980926513672,0.010000000000000009,0.039999961853027344,0.03999999999999998,0.0,0.0,0.08999991416931152,0.09000000000000002
0.0,0.0,0.009999990463256836,0.010000000000000009,0.039999961853027344,0.03999999999999998,0.0,0.010000000000000009,0.08999991416931152,0.08000000000000002
Average,0.0,0.0,0.015999984741210938,0.010000000000000009,0.039999961853027344,0.03999999999999998,0.0019999980926513673,0.006000000000000005,0.08799996376037597,0.08600000000000002
