LoadRulesRealTime,LoadRulesCPUTime,LoadFactsRealTime,LoadFactsCPUTime,GroundRealTime,GroundCPUTime,QueryRealTime,QueryCPUTime,WriteRealTime,WriteCPUTime
0.0,0.0,0.039999961853027344,0.03999999999999998,0.21000003814697266,0.21000000000000002,0.039999961853027344,0.040000000000000036,0.4100000858306885,0.41
0.0,0.0,0.040000200271606445,0.03999999999999998,0.20999979972839355,0.2,0.029999971389770508,0.040000000000000036,0.4100000858306885,0.39999999999999997
0.0,0.0,0.039999961853027344,0.03999999999999998,0.21000003814697266,0.21000000000000002,0.039999961853027344,0.030000000000000027,0.39999985694885254,0.42
0.0,0.0,0.039999961853027344,0.03999999999999998,0.21000003814697266,0.21000000000000002,0.039999961853027344,0.040000000000000036,0.4100000858306885,0.41
0.0,0.0,0.039999961853027344,0.040000000000000036,0.21000003814697266,0.20999999999999996,0.029999971389770508,0.030000000000000027,0.4200000762939453,0.42
Average,0.0,0.0,0.04000000953674317,0.039999999999999994,0.20999999046325685,0.20800000000000002,0.03599996566772461,0.03600000000000003,0.41000003814697267,0.41200000000000003
