LoadRulesRealTime,LoadRulesCPUTime,LoadFactsRealTime,LoadFactsCPUTime,GroundRealTime,GroundCPUTime,QueryRealTime,QueryCPUTime,WriteRealTime,WriteCPUTime
0.0,0.0,0.009999990463256836,0.0,0.009999990463256836,0.010000000000000009,0.0,0.0,0.019999980926513672,0.019999999999999962
0.0,0.0,0.0,0.010000000000000009,0.009999990463256836,0.010000000000000009,0.0,0.0,0.019999980926513672,0.019999999999999962
0.0,0.0,0.0,0.0,0.009999990463256836,0.009999999999999953,0.0,0.0,0.020000219345092773,0.020000000000000018
0.0,0.0,0.0,0.0,0.009999990463256836,0.010000000000000009,0.0,0.0,0.019999980926513672,0.019999999999999962
0.0,0.0,0.009999990463256836,0.010000000000000009,0.009999990463256836,0.010000000000000009,0.0,0.0,0.020000219345092773,0.019999999999999962
Average,0.0,0.0,0.0039999961853027345,0.0040000000000000036,0.009999990463256836,0.009999999999999998,0.0,0.0,0.02000007629394531,0.019999999999999973
