LoadRulesRealTime,LoadRulesCPUTime,LoadFactsRealTime,LoadFactsCPUTime,GroundRealTime,GroundCPUTime,QueryRealTime,QueryCPUTime,WriteRealTime,WriteCPUTime
0.0,0.0,0.37999987602233887,0.38,22.519999980926514,22.490000000000002,1.0399999618530273,1.0399999999999996,8.890000104904175,8.860000000000003
0.0,0.0,0.3900001049041748,0.38,22.30999994277954,22.31,1.0,1.01,8.960000038146973,8.94
0.0,0.0,0.40000009536743164,0.39999999999999997,22.33999991416931,22.330000000000002,1.0299999713897705,1.0399999999999996,9.100000143051147,9.080000000000002
0.0,0.0,0.3899998664855957,0.39,22.55999994277954,22.560000000000002,1.0299999713897705,1.0299999999999996,8.900000095367432,8.889999999999997
0.0,0.0,0.4200000762939453,0.41000000000000003,22.37999987602234,22.380000000000003,1.0299999713897705,1.0299999999999996,8.990000009536743,8.979999999999999
Average,0.0,0.0,0.39600000381469724,0.392,22.42199993133545,22.413999999999998,1.0259999752044677,1.0299999999999998,8.968000078201294,8.95
