LoadRulesRealTime,LoadRulesCPUTime,LoadFactsRealTime,LoadFactsCPUTime,GroundRealTime,GroundCPUTime,QueryRealTime,QueryCPUTime,WriteRealTime,WriteCPUTime
0.0,0.0,0.029999971389770508,0.030000000000000027,0.1400001049041748,0.15000000000000002,0.019999980926513672,0.020000000000000018,0.25999999046325684,0.2599999999999999
0.0,0.0,0.019999980926513672,0.020000000000000018,0.15000009536743164,0.15000000000000002,0.019999980926513672,0.020000000000000018,0.25999999046325684,0.2699999999999999
0.0,0.0,0.029999971389770508,0.020000000000000018,0.14999985694885254,0.15000000000000002,0.019999980926513672,0.020000000000000018,0.25999999046325684,0.2499999999999999
0.0,0.0,0.019999980926513672,0.020000000000000018,0.14999985694885254,0.14,0.019999980926513672,0.020000000000000018,0.2500002384185791,0.2599999999999999
0.0,0.0,0.029999971389770508,0.020000000000000018,0.1399998664855957,0.15000000000000002,0.020000219345092773,0.020000000000000018,0.25999975204467773,0.2499999999999999
Average,0.0,0.0,0.025999975204467774,0.02200000000000002,0.14599995613098143,0.14800000000000002,0.02000002861022949,0.020000000000000018,0.25799999237060545,0.2579999999999999
