CreateTableRealTime,CreateTableCPUTime,LoadDataRealTime,LoadDataCPUTime,CreateIndexRealTime,CreateIndexCPUTime,AnalyzeRealTime,AnalyzeCPUTime,ExecuteQueryRealTime,ExecuteQueryCPUTime,WriteResultRealTime,WriteResultCPUTime
0.018527334032114595,6.300000000003525e-05,0.2845955409575254,0.00044600000000000195,0.5637734999763779,0.00040400000000001546,0.17083650000859052,0.00022600000000000398,0.20780041703255847,0.00023699999999998722,0.017219250032212585,0.0004149999999999987
0.020266625040676445,6.40000000000085e-05,0.28858116595074534,0.0003949999999999787,0.545668917009607,0.0004919999999999924,0.16988950001541525,0.00023400000000001198,0.26669241598574445,0.00028600000000000847,0.019618833030108362,0.0003049999999999997
0.019272042030934244,6.099999999997774e-05,0.28202541696373373,0.00015399999999998748,0.5672051250003278,0.0003190000000000137,0.18361762497806922,0.00024299999999999322,0.2707136669778265,0.0004329999999999612,0.017218666966073215,0.00030800000000003047
0.01738229102920741,9.399999999998299e-05,0.22489449998829514,0.00031199999999997896,0.49140558298677206,0.00016699999999997273,0.145468249975238,0.00019700000000000273,0.21806783298961818,0.00011200000000000099,0.0155842499807477,0.00021399999999999197
0.012885167030617595,4.6000000000046004e-05,0.23224400001345202,0.00028000000000000247,0.47065379202831537,0.00016499999999997073,0.1421565000200644,0.00015300000000001424,0.18296175001887605,0.000148000000000037,0.01594270800705999,0.0002650000000000152
Average,0.01766669183271006,6.560000000001009e-05,0.26246812477475034,0.00031739999999998993,0.52774138340028,0.000309399999999993,0.1623936749994755,0.00021060000000000523,0.22924721660092473,0.00024319999999999897,0.017116741603240372,0.0003014000000000072
