CreateTableRealTime,CreateTableCPUTime,LoadDataRealTime,LoadDataCPUTime,CreateIndexRealTime,CreateIndexCPUTime,AnalyzeRealTime,AnalyzeCPUTime,ExecuteQueryRealTime,ExecuteQueryCPUTime,WriteResultRealTime,WriteResultCPUTime
0.02054849994601682,6.099999999997774e-05,0.2922453749924898,0.00037400000000004097,0.5340024160104804,0.00035000000000001696,0.17409733298700303,0.0002489999999999992,0.26262458303244784,0.00029000000000001247,0.019597292004618794,0.00035200000000001896
0.015557624981738627,5.500000000002725e-05,0.27748608303954825,0.0003830000000000222,0.5412266250350513,0.0003390000000000337,0.16604500001994893,0.00025599999999997847,0.18003225000575185,0.0003549999999999942,0.01797441701637581,0.0004190000000000027
0.01832191599532962,6.099999999997774e-05,0.2997104579699226,0.00036000000000002697,0.5893429580028169,0.0003610000000000002,0.17685437499312684,0.00028000000000000247,0.1963717500329949,0.000160000000000049,0.016222584003116935,0.0003750000000000142
0.01948229200206697,6.299999999997974e-05,0.2675839160219766,0.0004959999999999964,0.5588995420257561,0.00031999999999998696,0.1604244580375962,0.00019399999999997197,0.19095033395569772,0.0002909999999999857,0.017906958993989974,0.0003909999999999747
0.021788750018458813,8.299999999999974e-05,0.26117066701408476,0.00032999999999999696,0.5335584999993443,0.00029599999999996296,0.17041758296545595,0.00032599999999999296,0.25653316697571427,0.00022899999999997922,0.02025725005660206,0.0003690000000000082
Average,0.01913981658872217,6.459999999999244e-05,0.2796392998076044,0.0003886000000000167,0.5514060082146898,0.0003332000000000002,0.1695677498006262,0.000260999999999989,0.21730241680052131,0.0002650000000000041,0.018391700414940714,0.00038120000000000374
