CreateTableRealTime,CreateTableCPUTime,LoadDataRealTime,LoadDataCPUTime,CreateIndexRealTime,CreateIndexCPUTime,AnalyzeRealTime,AnalyzeCPUTime,ExecuteQueryRealTime,ExecuteQueryCPUTime,WriteResultRealTime,WriteResultCPUTime
0.016446584020741284,6.099999999997774e-05,0.2878237920231186,0.00020100000000000673,0.5951473329914734,0.0003429999999999822,0.17405779100954533,0.00017300000000003424,0.20520687499083579,0.000144000000000033,0.017961792007554322,0.00022199999999999998
0.025717167009133846,9.799999999998699e-05,0.3187315000104718,0.00035799999999996945,0.5943477919790894,0.00029000000000001247,0.166428167023696,8.40000000000285e-05,0.2544806250371039,4.999999999999449e-05,0.018240750010591,9.500000000001174e-05
0.02968858298845589,7.899999999999574e-05,0.3062191249919124,0.0003710000000000102,0.5485859999898821,0.0003449999999999842,0.16939079097937793,0.000124000000000013,0.24970445898361504,0.00011700000000003374,0.017813125043176115,0.00021799999999999597
0.026698834029957652,4.599999999999049e-05,0.3525209170184098,0.00036200000000002897,0.5646267090342008,0.0002969999999999917,0.16915537504246458,0.00016199999999999548,0.2544459589989856,0.00016100000000002224,0.01631012500729412,0.0002630000000000132
0.023436499992385507,7.099999999998774e-05,0.3002880000276491,0.00017299999999997873,0.5806099170004018,0.00025199999999997447,0.17586862499592826,0.00018099999999998673,0.2646440420066938,0.00013499999999999623,0.019428375002462417,0.000250000000000028
Average,0.024397533608134837,7.099999999998774e-05,0.3131166668143123,0.00029299999999999883,0.5766635501990095,0.000305399999999989,0.17098014981020243,0.0001448000000000116,0.2456963920034468,0.00012140000000001593,0.017950833414215595,0.00020960000000000978
