CreateTableRealTime,CreateTableCPUTime,LoadDataRealTime,LoadDataCPUTime,CreateIndexRealTime,CreateIndexCPUTime,AnalyzeRealTime,AnalyzeCPUTime,ExecuteQueryRealTime,ExecuteQueryCPUTime,WriteResultRealTime,WriteResultCPUTime
0.020000003278255463,0.0,0.28999999910593033,0.0,0.6100000068545341,0.0,0.17999999970197678,0.0,0.22999999672174454,0.0,0.020000003278255463,0.0
0.020000003278255463,0.0,0.3099999949336052,0.0,0.6799999997019768,0.0,0.20000000298023224,0.0,0.22999999672174454,0.0,0.020000003278255463,0.0
0.0299999937415123,0.0,0.3200000002980232,0.0,0.5899999961256981,0.010000000000000009,0.17000000178813934,0.010000000000000009,0.2199999988079071,0.0,0.020000003278255463,0.0
Average,0.023333333432674408,0.0,0.30666666477918625,0.0,0.6266666675607363,0.003333333333333336,0.18333333482344946,0.003333333333333336,0.22666666408379874,0.0,0.020000003278255463,0.0
