CreateTableRealTime,CreateTableCPUTime,LoadDataRealTime,LoadDataCPUTime,CreateIndexRealTime,CreateIndexCPUTime,AnalyzeRealTime,AnalyzeCPUTime,ExecuteQueryRealTime,ExecuteQueryCPUTime,WriteResultRealTime,WriteResultCPUTime
0.02678504103096202,9.300000000000974e-05,0.31952366599580273,0.00034999999999996145,0.5696137499762699,0.00024799999999997047,0.1702623750315979,0.00014300000000000423,0.21609770803479478,0.00017399999999995197,0.02435620897449553,0.00020800000000004149
0.01627791702048853,8.700000000000374e-05,0.27883816696703434,0.0002909999999999857,0.5381944580003619,0.00017400000000000748,0.18987941602244973,5.899999999997574e-05,0.21209008299047127,9.799999999998699e-05,0.018596959009300917,0.00022800000000000598
0.0168024169979617,5.8000000000002494e-05,0.27014387503731996,0.00028200000000000447,0.5557602919870988,0.00023000000000000798,0.17650366603629664,0.000136000000000025,0.20290474995272234,0.00014300000000000423,0.01734199997736141,0.0002530000000000032
0.016127041017170995,5.3999999999998494e-05,0.2672540420317091,0.00016900000000003024,0.5437424160190858,0.00020599999999998397,0.16828329203417525,0.00014799999999998148,0.2070487500168383,0.00019400000000002748,0.018343167030252516,0.00016500000000002624
0.015510917000938207,7.899999999999574e-05,0.28027379198465496,0.00016299999999996873,0.5513917080243118,0.00022100000000002673,0.17046416702214628,0.000144000000000033,0.20777187502244487,0.00014199999999997548,0.01962866698158905,0.00018999999999996797
Average,0.01830066661350429,7.420000000000205e-05,0.2832067084033042,0.0002509999999999901,0.5517405248014257,0.00021579999999999934,0.17507858322933317,0.00012600000000000388,0.20918263320345432,0.00015019999999998923,0.019653400394599885,0.00020880000000000898
