CreateTableRealTime,CreateTableCPUTime,LoadDataRealTime,LoadDataCPUTime,CreateIndexRealTime,CreateIndexCPUTime,AnalyzeRealTime,AnalyzeCPUTime,ExecuteQueryRealTime,ExecuteQueryCPUTime,WriteResultRealTime,WriteResultCPUTime
0.019999995827674866,0.0,0.3200000002980232,0.0,1.3100000023841858,0.0,1.2899999991059303,0.0,1.469999998807907,0.0,0.03999999910593033,0.0
0.39000000059604645,0.0,0.4400000050663948,0.0,0.6400000005960464,0.0,0.1899999976158142,0.0,0.25,0.0,0.020000003278255463,0.0
0.019999995827674866,0.0,0.33000000566244125,0.0,0.6799999997019768,0.0,0.21000000089406967,0.0,0.29999999701976776,0.0,0.03999999910593033,0.0
Average,0.1433333307504654,0.0,0.3633333370089531,0.0,0.8766666675607363,0.0,0.5633333325386047,0.0,0.6733333319425583,0.0,0.033333333830038704,0.0
