CreateTableRealTime,CreateTableCPUTime,LoadDataRealTime,LoadDataCPUTime,CreateIndexRealTime,CreateIndexCPUTime,AnalyzeRealTime,AnalyzeCPUTime,ExecuteQueryRealTime,ExecuteQueryCPUTime,WriteResultRealTime,WriteResultCPUTime
0.023474874964449555,5.899999999997574e-05,0.3158886660239659,0.0002789999999999737,0.5759145409683697,0.00031799999999998496,0.17337233398575336,0.00012200000000001099,0.25975349999498576,6.999999999995898e-05,0.02005487499991432,9.399999999998299e-05
0.017058541008736938,6.80000000000125e-05,0.2863370419945568,0.00030399999999997096,0.5528746659983881,0.00038199999999999346,0.1682516250293702,0.00012799999999996148,0.2506382499705069,0.00015799999999999148,0.018674917053431273,0.00022699999999997722
0.024083791009616107,7.299999999998974e-05,0.3015934170107357,0.00035799999999996945,0.6059037909726612,0.00018300000000004424,0.18217949999962002,0.00020399999999998197,0.21526083396747708,0.00020700000000001273,0.018721832951996475,0.00017900000000004024
0.028940458956640214,6.899999999998574e-05,0.2911215830245055,0.00015999999999999348,0.5772897499846295,0.0003070000000000017,0.175093291036319,0.00021399999999999197,0.20226987497881055,0.00016100000000002224,0.017583833017852157,0.00020999999999998797
0.02707808295963332,8.199999999997098e-05,0.30010424996726215,0.0002670000000000172,0.5857407910516486,0.00025999999999998247,0.17453299998305738,0.00017800000000001148,0.26359541702549905,0.00015699999999996272,0.01947225001640618,0.0002630000000000132
Average,0.024127149779815227,7.019999999998693e-05,0.29900899160420524,0.00027359999999998497,0.5795447077951394,0.00029000000000000136,0.174685950006824,0.0001691999999999916,0.23830357518745587,0.00015059999999998962,0.01890154160792008,0.00019460000000000034
