CreateTableRealTime,CreateTableCPUTime,LoadDataRealTime,LoadDataCPUTime,CreateIndexRealTime,CreateIndexCPUTime,AnalyzeRealTime,AnalyzeCPUTime,ExecuteQueryRealTime,ExecuteQueryCPUTime,WriteResultRealTime,WriteResultCPUTime
0.025538375019095838,5.500000000002725e-05,0.30979320901678875,0.00021100000000001673,0.5762201669858769,0.00028000000000000247,0.19570058403769508,0.00015700000000001824,0.21301579097053036,0.00016199999999999548,0.018526082974858582,0.00018699999999999273
0.026729292003437877,8.299999999999974e-05,0.3091137920273468,0.0002630000000000132,0.5719792500021867,0.0002570000000000072,0.193307250039652,9.599999999998499e-05,0.2641230419976637,0.00014700000000000824,0.019478250003885478,0.00019700000000000273
0.016059583984315395,9.300000000000974e-05,0.27806858299300075,0.00018499999999999073,0.5774952920037322,0.0002969999999999917,0.17265195900108665,0.00015199999999998548,0.24984654097352177,6.199999999995098e-05,0.019095083000138402,8.099999999999774e-05
0.029097333026584238,7.900000000005125e-05,0.3006848329678178,0.00022299999999997322,0.5670514170196839,0.00019700000000000273,0.17165137501433492,0.00011200000000000099,0.20561495801666752,0.000128000000000017,0.01792225003009662,0.00015500000000001624
0.01994920801371336,5.900000000003125e-05,0.32401412504259497,0.00038399999999999546,0.6057588750263676,0.00035600000000002296,0.17028387496247888,0.00015199999999998548,0.2489294169936329,0.000142000000000031,0.0185484160319902,0.00020599999999998397
Average,0.023474758409429343,7.380000000002384e-05,0.30433490840950983,0.00025319999999999786,0.5797010002075694,0.00027740000000000544,0.1807190086110495,0.00013379999999999504,0.23630594979040326,0.00012820000000000054,0.018714016408193857,0.00016519999999999868
