CreateTableRealTime,CreateTableCPUTime,LoadDataRealTime,LoadDataCPUTime,CreateIndexRealTime,CreateIndexCPUTime,AnalyzeRealTime,AnalyzeCPUTime,ExecuteQueryRealTime,ExecuteQueryCPUTime,WriteResultRealTime,WriteResultCPUTime
0.01630950003163889,7.199999999996098e-05,0.2907867499743588,0.00043599999999999195,0.5577685830066912,0.00023200000000000998,0.16665829200064763,0.00023600000000001398,0.24328212504042313,0.00019200000000002548,0.020861083001364022,0.00032799999999999496
0.02181620802730322,7.899999999999574e-05,0.27837437501875684,0.0003750000000000142,0.5487570840050466,0.0003730000000000122,0.1867717090062797,0.00017400000000000748,0.2163551250123419,0.00022199999999999998,0.018123125017154962,0.0004230000000000067
0.01918095798464492,6.100000000003325e-05,0.2309851250029169,0.00030799999999997496,0.5440624170005322,0.00032799999999999496,0.16002537496387959,0.0003070000000000017,0.260633833007887,0.00024299999999999322,0.01881904201582074,0.0004289999999999572
0.013393458037171513,5.0000000000050004e-05,0.2493944590096362,0.00040800000000001946,0.5455444169929251,0.00032999999999999696,0.14980775001458824,9.399999999998299e-05,0.21695624996209517,0.00015099999999995672,0.014400749991182238,0.00024000000000001798
0.013118750008288771,4.300000000001525e-05,0.22293008299311623,0.00026799999999999047,0.4692766669904813,0.00016800000000000148,0.15679612499661744,0.00016800000000000148,0.21650120802223682,0.00014199999999997548,0.01503566704923287,0.00023600000000001398
Average,0.01676377481780946,6.1000000000011044e-05,0.254494158399757,0.0003589999999999982,0.5330818335991353,0.0002862000000000031,0.16401185019640252,0.00019580000000000153,0.2307457082089968,0.00018999999999999017,0.017447933414950968,0.0003311999999999982
