CreateTableRealTime,CreateTableCPUTime,LoadDataRealTime,LoadDataCPUTime,CreateIndexRealTime,CreateIndexCPUTime,AnalyzeRealTime,AnalyzeCPUTime,ExecuteQueryRealTime,ExecuteQueryCPUTime,WriteResultRealTime,WriteResultCPUTime
0.019999995827674866,0.0,0.3200000002980232,0.0,0.7899999991059303,0.0,0.23999999463558197,0.0,0.3700000047683716,0.0,0.030000001192092896,0.0
0.0299999937415123,0.0,0.6400000005960464,0.0,0.6999999955296516,0.0,0.21000000089406967,0.0,0.30000000447034836,0.0,0.019999995827674866,0.0
0.030000001192092896,0.0,0.380000002682209,0.0,0.7999999970197678,0.0,0.24000000208616257,0.0,0.3500000014901161,0.0,0.0299999937415123,0.0
Average,0.026666663587093353,0.0,0.4466666678587596,0.0,0.7633333305517832,0.0,0.2299999992052714,0.0,0.3400000035762787,0.0,0.026666663587093353,0.0
