CreateTableRealTime,CreateTableCPUTime,LoadDataRealTime,LoadDataCPUTime,CreateIndexRealTime,CreateIndexCPUTime,AnalyzeRealTime,AnalyzeCPUTime,ExecuteQueryRealTime,ExecuteQueryCPUTime,WriteResultRealTime,WriteResultCPUTime
0.020000003278255463,0.0,0.29999999701976776,0.0,0.5900000035762787,0.0,0.17999999970197678,0.0,0.2199999988079071,0.0,0.020000003278255463,0.0
0.009999997913837433,0.0,0.2800000011920929,0.0,0.5799999982118607,0.0,0.17000000178813934,0.0,0.3100000023841858,0.0,0.019999995827674866,0.0
0.01000000536441803,0.0,0.25999999791383743,0.0,0.5599999949336052,0.0,0.17000000178813934,0.0,0.27000000327825546,0.0,0.019999995827674866,0.0
Average,0.013333335518836975,0.0,0.279999998708566,0.0,0.5766666655739149,0.0,0.17333333442608514,0.0,0.2666666681567828,0.0,0.019999998311201733,0.0
