CreateTableRealTime,CreateTableCPUTime,LoadDataRealTime,LoadDataCPUTime,CreateIndexRealTime,CreateIndexCPUTime,AnalyzeRealTime,AnalyzeCPUTime,ExecuteQueryRealTime,ExecuteQueryCPUTime,WriteResultRealTime,WriteResultCPUTime
0.025023922999935166,0.00021760000000003998,0.37749417899976834,0.00025799999999998047,0.6829392790004931,0.00020900000000001473,0.20996388099956675,0.00015359999999997598,0.34138147800058505,0.00018200000000001548,0.03365157500047644,0.0002358999999999556
0.02164110800003982,0.0002275000000000471,0.34662339399983466,0.00023850000000003035,0.7575807419998455,0.0002303000000000166,0.2057488979999107,0.0002463000000000326,0.2651394069998787,0.00016079999999996097,0.027315708000060113,0.0002334999999999976
Average,0.023332515499987494,0.00022255000000004355,0.3620587864998015,0.0002482500000000054,0.7202600105001693,0.00021965000000001567,0.20785638949973873,0.0001999500000000043,0.3032604425002319,0.00017139999999998823,0.030483641500268277,0.0002346999999999766
