CreateTableRealTime,CreateTableCPUTime,LoadDataRealTime,LoadDataCPUTime,CreateIndexRealTime,CreateIndexCPUTime,AnalyzeRealTime,AnalyzeCPUTime,ExecuteQueryRealTime,ExecuteQueryCPUTime,WriteResultRealTime,WriteResultCPUTime
0.02381908499955898,0.00020659999999994572,0.35732130399992457,0.00022719999999998297,0.7488939810000375,0.00024319999999999897,0.327804733999983,0.00024970000000001935,0.3733862250001039,0.00017619999999995972,0.03450423699996463,0.0002554999999999641
0.02961642700029188,0.0002851000000000381,0.4173563570002443,0.0002974999999999506,0.8782156489996851,0.00024489999999999235,0.23654552600055467,0.00020349999999991208,0.32105247099934786,0.00022130000000009087,0.037093062000167265,0.0002500000000000835
Average,0.02671775599992543,0.0002458499999999919,0.38733883050008444,0.0002623499999999668,0.8135548149998613,0.00024404999999999566,0.28217513000026884,0.00022659999999996572,0.34721934799972587,0.0001987500000000253,0.03579864950006595,0.0002527500000000238
