CreateTableRealTime,CreateTableCPUTime,LoadDataRealTime,LoadDataCPUTime,CreateIndexRealTime,CreateIndexCPUTime,AnalyzeRealTime,AnalyzeCPUTime,ExecuteQueryRealTime,ExecuteQueryCPUTime,WriteResultRealTime,WriteResultCPUTime
0.00612508499989417,0.0019005000000000272,0.006441941000048246,0.002138099999999976,0.006314615000064805,0.0020473000000000297,0.0003588550002859847,0.00048800000000004395,0.15099118900025132,0.2906113,0.004288157000246429,0.007524500000000045
0.006536962999689422,0.0021342000000000305,0.0065415649996793945,0.003968199999999977,0.006520335000004707,0.0021050000000000235,0.000498582000091119,0.0006557000000000368,0.14092865300017365,0.27598159999999994,0.0038481740002680453,0.003967500000000013
Average,0.006331023999791796,0.002017350000000029,0.00649175299986382,0.0030531499999999767,0.006417475000034756,0.0020761500000000266,0.00042871850018855184,0.0005718500000000404,0.1459599210002125,0.28329645,0.004068165500257237,0.005746000000000029
