CreateTableRealTime,CreateTableCPUTime,LoadDataRealTime,LoadDataCPUTime,CreateIndexRealTime,CreateIndexCPUTime,AnalyzeRealTime,AnalyzeCPUTime,ExecuteQueryRealTime,ExecuteQueryCPUTime,WriteResultRealTime,WriteResultCPUTime
0.00035966699942946434,0.0003249999999999642,0.0007266669999808073,0.0007130000000000192,0.00035387504613026977,0.00039400000000000546,5.16669824719429e-05,6.999999999995898e-05,0.0046765420120209455,0.007153999999999994,0.0007622080156579614,0.0007929999999999882
0.0003364579752087593,0.0003130000000000077,0.0008617500425316393,0.0008489999999999887,0.00035970803583040833,0.0003790000000000182,4.595803329721093e-05,6.099999999997774e-05,0.005262457998469472,0.008085000000000009,0.0009732920443639159,0.0010099999999999554
0.00036512501537799835,0.0003610000000000002,0.0006930000381544232,0.0007139999999999924,0.0004639169783331454,0.0005150000000000432,7.179199019446969e-05,0.00010100000000001774,0.005273999995552003,0.011880000000000002,0.0010386669891886413,0.001843000000000039
0.0003280829987488687,0.0003209999999999602,0.0007408749661408365,0.0007560000000000344,0.00041204196168109775,0.0004450000000000287,7.399998139590025e-05,9.900000000001574e-05,0.004856874991673976,0.0065910000000000135,0.0009919159929268062,0.0017910000000000426
0.00035987497540190816,0.00034400000000001096,0.0007877500029280782,0.0007689999999999642,0.0004193339846096933,0.0004830000000000112,6.970798131078482e-05,8.60000000000305e-05,0.004607249982655048,0.006633,0.0009713330073282123,0.0009979999999999989
Average,0.00034984159283339976,0.0003327999999999887,0.000762008409947157,0.0007601999999999997,0.0004017752013169229,0.00044320000000002134,6.262499373406172e-05,8.340000000000014e-05,0.004935424996074289,0.008068600000000004,0.0009474832098931074,0.0012870000000000047
