CreateTableRealTime,CreateTableCPUTime,LoadDataRealTime,LoadDataCPUTime,CreateIndexRealTime,CreateIndexCPUTime,AnalyzeRealTime,AnalyzeCPUTime,ExecuteQueryRealTime,ExecuteQueryCPUTime,WriteResultRealTime,WriteResultCPUTime
0.009999997913837433,0.0,0.0,0.0,0.01000000536441803,0.010000000000000009,0.0,0.0,0.03999999910593033,0.06999999999999998,0.0,0.0
0.009999997913837433,0.0,0.0,0.0,0.009999997913837433,0.0,0.0,0.0,0.040000006556510925,0.08000000000000002,0.0,0.0
0.009999997913837433,0.0,0.009999997913837433,0.0,0.0,0.020000000000000007,0.0,0.0,0.05000000447034836,0.059999999999999984,0.0,0.020000000000000004
Average,0.009999997913837433,0.0,0.003333332637945811,0.0,0.0066666677594184875,0.010000000000000005,0.0,0.0,0.04333333671092987,0.06999999999999999,0.0,0.006666666666666668
