CreateTableRealTime,CreateTableCPUTime,LoadDataRealTime,LoadDataCPUTime,CreateIndexRealTime,CreateIndexCPUTime,AnalyzeRealTime,AnalyzeCPUTime,ExecuteQueryRealTime,ExecuteQueryCPUTime,WriteResultRealTime,WriteResultCPUTime
0.0,0.0,0.01000000536441803,0.010000000000000002,0.0,0.0,0.0,0.0,0.08999999612569809,0.16999999999999998,0.0,0.010000000000000009
0.0,0.0,0.009999997913837433,0.0,0.0,0.0,0.0,0.0,0.09000000357627869,0.16000000000000003,0.0,0.009999999999999953
0.009999997913837433,0.0,0.0,0.010000000000000009,0.009999997913837433,0.0,0.0,0.0,0.09000000357627869,0.16,0.0,0.0
Average,0.003333332637945811,0.0,0.0066666677594184875,0.0066666666666666706,0.003333332637945811,0.0,0.0,0.0,0.09000000109275182,0.16333333333333333,0.0,0.006666666666666654
