CreateTableRealTime,CreateTableCPUTime,LoadDataRealTime,LoadDataCPUTime,CreateIndexRealTime,CreateIndexCPUTime,AnalyzeRealTime,AnalyzeCPUTime,ExecuteQueryRealTime,ExecuteQueryCPUTime,WriteResultRealTime,WriteResultCPUTime
0.0003516669967211783,0.0003329999999999722,0.0013339169672690332,0.0010600000000000054,0.0008247499936260283,0.0005000000000000004,7.65420263633132e-05,0.00011400000000000299,0.15161162498407066,0.18872299999999997,0.007739625056274235,0.038815000000000044
0.00032933399779722095,0.00033400000000000096,0.0009803749853745103,0.0009979999999999989,0.0007626250153407454,0.0005319999999999769,8.895801147446036e-05,0.00012200000000001099,0.17961937497602776,0.41613100000000003,0.007947582984343171,0.03689000000000009
0.0003809170448221266,0.00036799999999997945,0.0009607920073904097,0.0009730000000000016,0.00038287503411993384,0.0004550000000000387,5.483301356434822e-05,7.699999999999374e-05,0.16032225004164502,0.201328,0.00868862500647083,0.038495999999999975
0.000354000017978251,0.0003549999999999942,0.0010100829531438649,0.0010249999999999981,0.0004131660098209977,0.0004509999999999792,5.4750009439885616e-05,7.699999999999374e-05,0.17845191701781005,0.390223,0.009289458044804633,0.03735500000000003
0.0003314590430818498,0.00034000000000000696,0.0009950000094249845,0.0010140000000000149,0.00034374999813735485,0.00039200000000000346,4.099996294826269e-05,5.8000000000002494e-05,0.15240875002928078,0.19438999999999995,0.006912915967404842,0.03543299999999999
Average,0.00034947542008012533,0.00034599999999999074,0.0010560333845205604,0.0010140000000000038,0.000545433210209012,0.0004659999999999997,6.321660475805402e-05,8.96000000000008e-05,0.16448278340976685,0.27815899999999993,0.008115641411859543,0.03739780000000002
