CreateTableRealTime,CreateTableCPUTime,LoadDataRealTime,LoadDataCPUTime,CreateIndexRealTime,CreateIndexCPUTime,AnalyzeRealTime,AnalyzeCPUTime,ExecuteQueryRealTime,ExecuteQueryCPUTime,WriteResultRealTime,WriteResultCPUTime
0.005847712000104366,0.00146660000000004,0.00734498000019812,0.003471800000000025,0.006700076000015542,0.002476299999999987,0.0005866460001016094,0.0009032999999999958,0.2387670570001319,0.48205060000000005,0.008795945999736432,0.01590209999999992
0.007481801999801974,0.0009837999999999791,0.005650526999943395,0.003183400000000003,0.0060697809999510355,0.0018052000000000068,0.0004815850002160005,0.0007480000000000264,0.19111594600008175,0.27768030000000005,0.009095824000269204,0.009202000000000043
Average,0.00666475699995317,0.0012252000000000096,0.006497753500070758,0.003327600000000014,0.006384928499983289,0.002140749999999997,0.0005341155001588049,0.0008256500000000111,0.21494150150010682,0.37986545000000005,0.008945885000002818,0.012552049999999981
