CreateTableRealTime,CreateTableCPUTime,LoadDataRealTime,LoadDataCPUTime,CreateIndexRealTime,CreateIndexCPUTime,AnalyzeRealTime,AnalyzeCPUTime,ExecuteQueryRealTime,ExecuteQueryCPUTime,WriteResultRealTime,WriteResultCPUTime
0.0003534170100465417,0.0003350000000000297,0.00135162501828745,0.0010529999999999706,0.0003964169882237911,0.0004009999999999847,5.175004480406642e-05,7.00000000000145e-05,0.18631933303549886,0.22795899999999997,0.008295917010400444,0.04846700000000004
0.00035754096461459994,0.0003449999999999842,0.0010394169948995113,0.0010580000000000034,0.0006153330323286355,0.0006859999999999644,7.233303040266037e-05,9.599999999998499e-05,0.18548349995398894,0.22895900000000002,0.0087093340116553,0.048597
0.00036045798333361745,0.0003610000000000002,0.0010636670049279928,0.0011369999999999991,0.0004069170099683106,0.0004919999999999924,6.391701754182577e-05,9.199999999998099e-05,0.18792058300459757,0.23461500000000002,0.009419167006853968,0.05180700000000005
0.0003799579571932554,0.0003589999999999982,0.0009978750022128224,0.0010100000000000109,0.00040291703771799803,0.00047200000000002795,5.9375015553086996e-05,7.699999999999374e-05,0.18802616698667407,0.23173899999999997,0.00915591698139906,0.05098900000000006
0.0003382079885341227,0.00033400000000000096,0.0010336250416003168,0.0010419999999999874,0.0004659169935621321,0.0005109999999999837,7.879198528826237e-05,9.599999999998499e-05,0.2253238339908421,0.511357,0.008378707978408784,0.04666999999999999
Average,0.0003579163807444274,0.0003468000000000027,0.0010972418123856187,0.0010599999999999943,0.00045750021236017345,0.0005123999999999907,6.523341871798039e-05,8.619999999999184e-05,0.1946146833943203,0.28692579999999995,0.00879180859774351,0.04930600000000003
