CreateTableRealTime,CreateTableCPUTime,LoadDataRealTime,LoadDataCPUTime,CreateIndexRealTime,CreateIndexCPUTime,AnalyzeRealTime,AnalyzeCPUTime,ExecuteQueryRealTime,ExecuteQueryCPUTime,WriteResultRealTime,WriteResultCPUTime
0.00037829100620001554,0.0003589999999999982,0.0009767090086825192,0.0006690000000000307,0.00035162497078999877,0.0003750000000000142,9.200000204145908e-05,9.500000000001174e-05,0.01714412501314655,0.03705599999999998,0.0012327500153332949,0.0017520000000000313
0.0004391670227050781,0.00042200000000003346,0.000668874999973923,0.0006579999999999919,0.00031045801006257534,0.00033999999999995145,5.470798350870609e-05,7.799999999996698e-05,0.014888834033627063,0.023351999999999984,0.001338540983851999,0.002041000000000015
0.000362709048204124,0.0003490000000000437,0.000579833984375,0.0005949999999999567,0.0003284170525148511,0.00035999999999997145,6.620900239795446e-05,8.500000000000174e-05,0.021930708026047796,0.03311900000000001,0.0009177090250886977,0.0009520000000000084
0.0003495409619063139,0.0003610000000000002,0.0006047909846529365,0.0006789999999999852,0.00028962496435269713,0.00033199999999999896,5.0416041631251574e-05,7.099999999998774e-05,0.01797137496760115,0.040539999999999965,0.0009192919824272394,0.0009529999999999816
0.0003363330033607781,0.00037799999999998946,0.0005669159581884742,0.0005819999999999714,0.000293541990686208,0.0003410000000000357,4.2834028135985136e-05,5.499999999997174e-05,0.0151646250160411,0.021984999999999977,0.0009678330388851464,0.0015129999999999866
Average,0.00037320820847526194,0.000373800000000013,0.0006794249871745706,0.0006365999999999872,0.00031473339768126605,0.00034959999999999435,6.123341154307127e-05,7.679999999998799e-05,0.01741993341129273,0.031210399999999982,0.0010752250091172755,0.0014422000000000046
