CreateTableRealTime,CreateTableCPUTime,LoadDataRealTime,LoadDataCPUTime,CreateIndexRealTime,CreateIndexCPUTime,AnalyzeRealTime,AnalyzeCPUTime,ExecuteQueryRealTime,ExecuteQueryCPUTime,WriteResultRealTime,WriteResultCPUTime
0.009999997913837433,0.0,0.0,0.0,0.009999997913837433,0.0,0.0,0.0,0.13000000268220901,0.23999999999999994,0.0,0.010000000000000009
0.01000000536441803,0.0,0.0,0.0,0.009999997913837433,0.010000000000000009,0.0,0.0,0.14999999850988388,0.3,0.009999997913837433,0.0
0.009999997913837433,0.0,0.0,0.010000000000000009,0.01000000536441803,0.0,0.0,0.0,0.10999999940395355,0.16,0.0,0.0
Average,0.010000000397364298,0.0,0.0,0.003333333333333336,0.010000000397364298,0.003333333333333336,0.0,0.0,0.13000000019868216,0.2333333333333333,0.003333332637945811,0.003333333333333336
