CreateTableRealTime,CreateTableCPUTime,LoadDataRealTime,LoadDataCPUTime,CreateIndexRealTime,CreateIndexCPUTime,AnalyzeRealTime,AnalyzeCPUTime,ExecuteQueryRealTime,ExecuteQueryCPUTime,WriteResultRealTime,WriteResultCPUTime
0.009999997913837433,0.0,0.009999997913837433,0.0,0.0,0.0,0.0,0.0,0.10000000149011612,0.19000000000000003,0.0,0.0
0.01000000536441803,0.0,0.0,0.0,0.009999997913837433,0.0,0.0,0.0,0.08999999612569809,0.16999999999999998,0.01000000536441803,0.0
0.009999997913837433,0.0,0.0,0.010000000000000009,0.009999997913837433,0.0,0.0,0.0,0.07000000029802322,0.1,0.0,0.0
Average,0.010000000397364298,0.0,0.003333332637945811,0.003333333333333336,0.006666665275891622,0.0,0.0,0.0,0.08666666597127914,0.15333333333333332,0.0033333351214726767,0.0
