CreateTableRealTime,CreateTableCPUTime,LoadDataRealTime,LoadDataCPUTime,CreateIndexRealTime,CreateIndexCPUTime,AnalyzeRealTime,AnalyzeCPUTime,ExecuteQueryRealTime,ExecuteQueryCPUTime,WriteResultRealTime,WriteResultCPUTime
0.006323458999759168,0.0018472999999999962,0.004979370000000927,0.0020485000000000086,0.005746656999690458,0.0012351999999999919,0.0005859080001755501,0.0007000000000000339,0.28130314000009093,0.5682653,0.011340355999891472,0.01144069999999997
0.005895667000004323,0.001749400000000012,0.006603226000152063,0.001938300000000004,0.006775078000373469,0.002105899999999994,0.000524481999946147,0.00063669999999999,0.2819657280001593,0.5672206,0.011639723999905982,0.01175920000000008
Average,0.006109562999881746,0.0017983500000000041,0.005791298000076495,0.0019934000000000063,0.006260867500031964,0.0016705499999999929,0.0005551950000608485,0.000668350000000012,0.2816344340001251,0.56774295,0.011490039999898727,0.011599950000000026
