CreateTableRealTime,CreateTableCPUTime,LoadDataRealTime,LoadDataCPUTime,CreateIndexRealTime,CreateIndexCPUTime,AnalyzeRealTime,AnalyzeCPUTime,ExecuteQueryRealTime,ExecuteQueryCPUTime,WriteResultRealTime,WriteResultCPUTime
0.0,0.0,0.009999997913837433,0.010000000000000009,0.009999997913837433,0.0,0.0,0.0,0.2800000011920929,0.39999999999999997,0.020000003278255463,0.010000000000000009
0.0,0.0,0.009999997913837433,0.0,0.009999997913837433,0.010000000000000009,0.0,0.0,0.33000000566244125,0.6699999999999999,0.009999997913837433,0.010000000000000009
0.0,0.0,0.01000000536441803,0.0,0.009999997913837433,0.0,0.0,0.0,0.32999999821186066,0.6799999999999999,0.009999997913837433,0.01999999999999999
Average,0.0,0.0,0.010000000397364298,0.003333333333333336,0.009999997913837433,0.003333333333333336,0.0,0.0,0.3133333350221316,0.5833333333333333,0.01333333303531011,0.013333333333333336
