CreateTableRealTime,CreateTableCPUTime,LoadDataRealTime,LoadDataCPUTime,CreateIndexRealTime,CreateIndexCPUTime,AnalyzeRealTime,AnalyzeCPUTime,ExecuteQueryRealTime,ExecuteQueryCPUTime,WriteResultRealTime,WriteResultCPUTime
0.0003599170013330877,0.00033400000000000096,0.0007181669934652746,0.0007270000000000332,0.00038237497210502625,0.0005280000000000284,4.758295835927129e-05,6.299999999997974e-05,0.08039074996486306,0.184104,0.005582459038123488,0.012200999999999962
0.0003376659587956965,0.0003330000000000277,0.0007347920327447355,0.0007300000000000084,0.0004284579772502184,0.00043999999999999595,5.804101238027215e-05,7.499999999999174e-05,0.06683466699905694,0.08665799999999996,0.00563074997626245,0.012194000000000038
0.00036033400101587176,0.00033600000000000296,0.000767334015108645,0.0007499999999999729,0.0003910419763997197,0.0003870000000000262,7.033301517367363e-05,9.799999999998699e-05,0.06319416704354808,0.08241599999999999,0.005666874989401549,0.01240399999999997
0.00034604204120114446,0.0003489999999999882,0.0007918750052340329,0.0008700000000000374,0.00035275000846013427,0.0003870000000000262,7.408298552036285e-05,0.00010799999999999699,0.0646845000446774,0.08764099999999997,0.005794040975160897,0.01258300000000001
0.00034316699020564556,0.00033600000000000296,0.0007676659733988345,0.0008340000000000014,0.0003219590289518237,0.00036399999999997545,5.874998169019818e-05,7.300000000004525e-05,0.07618741696933284,0.17456100000000002,0.00572420796379447,0.012519000000000002
Average,0.0003494251985102892,0.0003376000000000046,0.0007559668039903045,0.0007822000000000107,0.0003753167926333845,0.00042120000000001045,6.175799062475562e-05,8.340000000000014e-05,0.07025830020429566,0.12307599999999999,0.005679666588548571,0.012380199999999997
