CreateTableRealTime,CreateTableCPUTime,LoadDataRealTime,LoadDataCPUTime,CreateIndexRealTime,CreateIndexCPUTime,AnalyzeRealTime,AnalyzeCPUTime,ExecuteQueryRealTime,ExecuteQueryCPUTime,WriteResultRealTime,WriteResultCPUTime
0.003645749995484948,2.9000000000001247e-05,0.0026051250169984996,0.00012099999999998223,0.001670417026616633,5.499999999997174e-05,0.0014438750222325325,3.799999999998249e-05,0.03191937500378117,3.0000000000030003e-05,0.0031917079468257725,0.002371000000000012
0.003624624980147928,1.8000000000018e-05,0.0022042920463718474,9.500000000001174e-05,0.0015190840349532664,6.499999999998174e-05,0.0021529170335270464,4.199999999998649e-05,0.0414520000340417,3.300000000000525e-05,0.0033490839996375144,0.0025219999999999687
0.0030080840224400163,4.399999999998849e-05,0.0018828330212272704,0.00012799999999996148,0.0021611250122077763,4.700000000001925e-05,0.0014968750183470547,3.399999999997849e-05,0.031592083047144115,2.399999999996849e-05,0.0029793340363539755,0.0022419999999999662
0.00410195899894461,1.8000000000018e-05,0.0013581670355051756,8.999999999997899e-05,0.0022941670031286776,3.8000000000038e-05,0.0018762079998850822,3.399999999997849e-05,0.03178245801245794,3.700000000000925e-05,0.003047208010684699,0.0022789999999999755
0.0035887910053133965,1.7000000000044757e-05,0.0026764579815790057,0.00013099999999999223,0.0029877499910071492,3.799999999998249e-05,0.0013289999915286899,1.8999999999991246e-05,0.034221500041894615,4.700000000001925e-05,0.003202957974281162,0.0023040000000000282
Average,0.00359384180046618,2.52000000000141e-05,0.00214537502033636,0.00011299999999998533,0.0021265086135827003,4.859999999999865e-05,0.0016597750131040812,3.3399999999983444e-05,0.034193483227863905,3.420000000000645e-05,0.0031540583935566247,0.00234359999999999
