CreateTableRealTime,CreateTableCPUTime,LoadDataRealTime,LoadDataCPUTime,CreateIndexRealTime,CreateIndexCPUTime,AnalyzeRealTime,AnalyzeCPUTime,ExecuteQueryRealTime,ExecuteQueryCPUTime,WriteResultRealTime,WriteResultCPUTime
0.0024329579900950193,1.6999999999989246e-05,0.003688915981911123,0.00014100000000000223,0.002333749958779663,4.699999999996374e-05,0.001649458019528538,3.599999999998049e-05,0.05076750001171604,3.599999999998049e-05,0.006430334004107863,0.0048579999999999735
0.0028240419924259186,4.300000000001525e-05,0.003452250035479665,0.00010899999999997023,0.002883833018131554,1.8999999999991246e-05,0.0011481670080684125,1.2999999999985246e-05,0.056840208009816706,3.500000000000725e-05,0.00686333398334682,0.005120000000000013
0.0020123330177739263,1.6999999999989246e-05,0.0021848329924978316,0.000142000000000031,0.0023482079850509763,3.700000000000925e-05,0.0011456659995019436,3.300000000000525e-05,0.041258790995925665,5.899999999997574e-05,0.006104375002905726,0.004676999999999987
0.0029763750499114394,4.4000000000044004e-05,0.0021411660127341747,8.799999999997699e-05,0.0020944589632563293,1.599999999996049e-05,0.0010708749759942293,3.300000000000525e-05,0.04501037503359839,2.4999999999997247e-05,0.006584499962627888,0.0048719999999999875
0.0017116250237450004,4.300000000001525e-05,0.002008458017371595,0.00013399999999996748,0.0017061670077964664,1.8999999999991246e-05,0.0009830420021899045,3.599999999998049e-05,0.045497541956137866,3.199999999997649e-05,0.006035165977664292,0.004630999999999996
Average,0.002391466614790261,3.2800000000010596e-05,0.002695124607998878,0.0001227999999999896,0.002273283386602998,2.7599999999983195e-05,0.0011994416010566056,3.0199999999991346e-05,0.047874883201438935,3.7399999999987445e-05,0.006403541786130518,0.0048315999999999915
