CreateTableRealTime,CreateTableCPUTime,LoadDataRealTime,LoadDataCPUTime,CreateIndexRealTime,CreateIndexCPUTime,AnalyzeRealTime,AnalyzeCPUTime,ExecuteQueryRealTime,ExecuteQueryCPUTime,WriteResultRealTime,WriteResultCPUTime
0.002656083961483091,1.8999999999991246e-05,0.0011255000135861337,0.00013099999999999223,0.002355167001951486,4.0000000000040004e-05,0.0010782500030472875,1.399999999995849e-05,0.0033391250181011856,1.6000000000016e-05,0.0006886249757371843,0.00023699999999998722
0.004287416988518089,3.999999999998449e-05,0.0011257919832132757,0.000126000000000015,0.0022895829752087593,3.599999999998049e-05,0.0013717919937334955,3.4000000000034e-05,0.003320000017993152,1.999999999996449e-05,0.0017452500178478658,0.00034800000000001496
0.0040622499655000865,1.8000000000018e-05,0.0006747500156052411,8.900000000000574e-05,0.0011166250333189964,3.6999999999953737e-05,0.0012329170131124556,7.00000000000145e-05,0.005154667014721781,3.399999999997849e-05,0.0006951670511625707,0.0002969999999999917
0.003115333034656942,4.199999999998649e-05,0.0010419579921290278,0.00012500000000004174,0.002350916969589889,4.799999999999249e-05,0.0008660409948788583,1.399999999995849e-05,0.0018734580371528864,3.799999999998249e-05,0.00121795799350366,0.0002789999999999737
0.003555834002327174,2.2999999999995246e-05,0.001041332958266139,0.00012399999999995748,0.0019451670232228935,1.8999999999991246e-05,0.001076499989721924,3.599999999998049e-05,0.00402770796790719,3.399999999997849e-05,0.0015218339976854622,0.00031399999999998096
Average,0.0035353835904970766,2.8399999999995097e-05,0.0010018665925599635,0.00011900000000000243,0.002011491800658405,3.599999999999159e-05,0.0011250999988988042,3.3599999999989195e-05,0.003542991611175239,2.8399999999983994e-05,0.0011737668071873486,0.0002949999999999897
