CreateTableRealTime,CreateTableCPUTime,LoadDataRealTime,LoadDataCPUTime,CreateIndexRealTime,CreateIndexCPUTime,AnalyzeRealTime,AnalyzeCPUTime,ExecuteQueryRealTime,ExecuteQueryCPUTime,WriteResultRealTime,WriteResultCPUTime
0.0028386930000579014,8.310000000000262e-05,0.0022796670000388985,0.00029919999999999947,0.006965443999888521,0.0001276000000000055,0.0034178810001321835,0.00011590000000000211,0.004609935999951631,0.00010680000000001799,0.0008063650000167399,0.0003714000000000217
0.004508778000172242,0.00011309999999997711,0.003735873999858086,0.0003057999999999672,0.007145080000100279,0.00012380000000000724,0.003648033999979816,0.0001538999999999846,0.005595869999979186,0.00016290000000002136,0.0009594739999556623,0.0005021000000000053
Average,0.0036737355001150718,9.809999999998986e-05,0.003007770499948492,0.00030249999999998334,0.0070552619999944,0.00012570000000000636,0.003532957500056,0.00013489999999999336,0.0051029029999654085,0.00013485000000001968,0.0008829194999862011,0.0004367500000000135
