CreateTableRealTime,CreateTableCPUTime,LoadDataRealTime,LoadDataCPUTime,CreateIndexRealTime,CreateIndexCPUTime,AnalyzeRealTime,AnalyzeCPUTime,ExecuteQueryRealTime,ExecuteQueryCPUTime,WriteResultRealTime,WriteResultCPUTime
0.003959790978115052,4.599999999999049e-05,0.008171916997525841,0.00016300000000002424,0.004347666981630027,3.8000000000038e-05,0.0023210420040413737,3.2999999999949736e-05,0.31610329099930823,0.00015999999999999348,0.03282445902004838,0.031254000000000004
0.004045375040732324,4.700000000001925e-05,0.007720541034359485,0.00016199999999999548,0.003856249968521297,3.599999999998049e-05,0.0016673749778419733,1.6000000000016e-05,0.34245645900955424,0.00018600000000001948,0.0342554590315558,0.03266199999999997
0.0038050829898566008,1.6000000000016e-05,0.007260375015903264,9.799999999998699e-05,0.00343316700309515,1.399999999995849e-05,0.00165200000628829,1.4000000000014001e-05,0.31611829198664054,0.00021899999999996922,0.033773374976590276,0.03209099999999998
0.003858208016026765,4.699999999996374e-05,0.007328375009819865,0.000130000000000019,0.004340834042523056,3.799999999998249e-05,0.0019153750035911798,1.2999999999985246e-05,0.4065361660323106,0.00020699999999995722,0.03467604098841548,0.03301399999999999
0.0033636250300332904,1.7000000000044757e-05,0.005967999983113259,0.00010999999999999899,0.004795000015292317,1.999999999996449e-05,0.001674707978963852,2.2000000000022002e-05,0.3660946669988334,0.00017600000000000948,0.046039459004532546,0.036209999999999964
Average,0.0038064164109528065,3.4600000000006845e-05,0.007289841608144343,0.00013260000000000493,0.004154583602212369,2.9199999999984792e-05,0.0018460999941453337,1.9599999999997397e-05,0.3494617750053294,0.00018959999999998978,0.036313758604228495,0.033046199999999984
