CreateTableRealTime,CreateTableCPUTime,LoadDataRealTime,LoadDataCPUTime,CreateIndexRealTime,CreateIndexCPUTime,AnalyzeRealTime,AnalyzeCPUTime,ExecuteQueryRealTime,ExecuteQueryCPUTime,WriteResultRealTime,WriteResultCPUTime
0.003474316999927396,0.00010179999999998524,0.004522166000015204,0.00031130000000001434,0.007321483999930933,0.00011200000000000099,0.003630321999935404,0.00012339999999999574,0.019833564000009574,0.00014169999999996685,0.003577344999939669,0.002554600000000018
0.0043697389999124425,0.00011620000000001074,0.003034072999980708,0.00033369999999999234,0.008467319999908796,0.00013859999999998873,0.0038131470000735135,0.000124000000000013,0.023353405999841925,0.0001418999999999726,0.004693822000035652,0.0030133999999999994
Average,0.003922027999919919,0.00010899999999999799,0.003778119499997956,0.00032250000000000334,0.007894401999919864,0.00012529999999999486,0.003721734500004459,0.00012370000000000436,0.02159348499992575,0.00014179999999996973,0.004135583499987661,0.0027840000000000087
