CreateTableRealTime,CreateTableCPUTime,LoadDataRealTime,LoadDataCPUTime,CreateIndexRealTime,CreateIndexCPUTime,AnalyzeRealTime,AnalyzeCPUTime,ExecuteQueryRealTime,ExecuteQueryCPUTime,WriteResultRealTime,WriteResultCPUTime
0.0033672910067252815,4.399999999998849e-05,0.005871124973054975,0.00014900000000001024,0.003948541998397559,4.700000000001925e-05,0.0016982920351438224,3.500000000000725e-05,0.06574812502367422,3.900000000001125e-05,0.009253917029127479,0.007030999999999954
0.0037346669705584645,5.300000000002525e-05,0.004947250010445714,0.00015900000000002024,0.0029689170187339187,3.700000000000925e-05,0.002135791990440339,3.4000000000034e-05,0.07075925002573058,5.1999999999996493e-05,0.009930500003974885,0.007441000000000031
0.0032918329816311598,4.500000000001725e-05,0.005250833986792713,0.00012999999999996348,0.002936667005997151,4.300000000001525e-05,0.002073290990665555,4.499999999996174e-05,0.06769954197807238,2.6999999999999247e-05,0.009314999973867089,0.007025999999999977
0.003863500023726374,4.2000000000042004e-05,0.006241291994228959,0.00014599999999997948,0.0038588750176131725,4.100000000001325e-05,0.002263040980324149,1.599999999996049e-05,0.073508083994966,2.999999999997449e-05,0.009803665976505727,0.007375999999999994
0.0028496659942902625,4.100000000001325e-05,0.0058257090277038515,0.00012500000000004174,0.0033388329902663827,4.100000000001325e-05,0.0013832920230925083,3.4000000000034e-05,0.06362874998012558,4.8000000000048004e-05,0.00990674999775365,0.0070889999999999564
Average,0.0034213913953863085,4.500000000001725e-05,0.005627241998445243,0.00014180000000000304,0.003410366806201637,4.180000000001405e-05,0.0019107416039332748,3.2799999999999496e-05,0.06826875020051375,3.92000000000059e-05,0.009641966596245766,0.007192599999999982
