CreateTableRealTime,CreateTableCPUTime,LoadDataRealTime,LoadDataCPUTime,CreateIndexRealTime,CreateIndexCPUTime,AnalyzeRealTime,AnalyzeCPUTime,ExecuteQueryRealTime,ExecuteQueryCPUTime,WriteResultRealTime,WriteResultCPUTime
0.01000000536441803,0.0,0.009999997913837433,0.0,0.07000000029802322,0.0,0.0,0.0,0.14000000059604645,0.0,0.019999995827674866,0.020000000000000004
0.01000000536441803,0.0,0.0,0.0,0.0299999937415123,0.0,0.0,0.0,0.13000000268220901,0.0,0.020000003278255463,0.010000000000000009
0.009999997913837433,0.0,0.009999997913837433,0.0,0.01000000536441803,0.0,0.0,0.0,0.10000000149011612,0.0,0.019999995827674866,0.010000000000000009
Average,0.010000002880891165,0.0,0.006666665275891622,0.0,0.03666666646798452,0.0,0.0,0.0,0.12333333492279053,0.0,0.019999998311201733,0.013333333333333341
