CreateTableRealTime,CreateTableCPUTime,LoadDataRealTime,LoadDataCPUTime,CreateIndexRealTime,CreateIndexCPUTime,AnalyzeRealTime,AnalyzeCPUTime,ExecuteQueryRealTime,ExecuteQueryCPUTime,WriteResultRealTime,WriteResultCPUTime
0.0028505839873105288,4.499999999996174e-05,0.00428216700674966,0.000150000000000039,0.0035669170320034027,1.4999999999987246e-05,0.0014914160128682852,1.2000000000012001e-05,0.04608562495559454,3.100000000000325e-05,0.008140625024680048,0.005446000000000006
0.0037952500279061496,7.00000000000145e-05,0.003721665998455137,0.00014899999999995472,0.0029025839758105576,3.700000000000925e-05,0.001694292004685849,3.399999999997849e-05,0.050516834016889334,3.4000000000034e-05,0.007797333993948996,0.005348999999999993
0.003348665952216834,4.699999999996374e-05,0.003364417003467679,0.00013599999999996948,0.0027926249895244837,3.799999999998249e-05,0.0018475420074537396,3.300000000000525e-05,0.059281457972247154,2.4000000000024002e-05,0.007168709009420127,0.005475000000000008
0.003917208989150822,4.399999999998849e-05,0.004481040989048779,0.00015100000000001224,0.0031311670318245888,3.799999999998249e-05,0.0015644590021111071,3.500000000000725e-05,0.048644541995599866,3.0999999999947736e-05,0.006970666989218444,0.005332000000000003
0.004072542011272162,6.499999999998174e-05,0.0033686250098980963,0.00010100000000001774,0.004167084000073373,5.500000000002725e-05,0.0016778749995864928,1.799999999996249e-05,0.05261616699863225,2.6999999999999247e-05,0.007141292036976665,0.005313000000000012
Average,0.003596850193571299,5.419999999998204e-05,0.0038435832015238703,0.00013739999999999862,0.0033120754058472814,3.6599999999997745e-05,0.0016551168053410947,2.6399999999993096e-05,0.05142892518779263,2.9400000000001646e-05,0.007443725410848856,0.005383000000000004
