CreateTableRealTime,CreateTableCPUTime,LoadDataRealTime,LoadDataCPUTime,CreateIndexRealTime,CreateIndexCPUTime,AnalyzeRealTime,AnalyzeCPUTime,ExecuteQueryRealTime,ExecuteQueryCPUTime,WriteResultRealTime,WriteResultCPUTime
0.0033727920381352305,1.8000000000018e-05,0.003109999990556389,0.00015300000000001424,0.003907500009518117,1.599999999996049e-05,0.0011420840164646506,3.700000000000925e-05,0.05314212496159598,3.300000000000525e-05,0.0066827499540522695,0.005224000000000006
0.0034844999900087714,5.8000000000002494e-05,0.00347670802148059,0.00010699999999996823,0.0023204589961096644,5.1999999999996493e-05,0.001644000003580004,3.599999999998049e-05,0.05371154204476625,5.499999999997174e-05,0.006546167016495019,0.005120999999999987
0.0025259170215576887,4.100000000001325e-05,0.0037322909920476377,0.00011600000000000499,0.0020209160284139216,4.199999999998649e-05,0.0015437090187333524,3.599999999998049e-05,0.04855783295352012,3.500000000000725e-05,0.0062785419868305326,0.004819999999999991
0.003871791996061802,1.8000000000018e-05,0.0036994160036556423,0.00013099999999999223,0.0018084999755956233,1.4999999999987246e-05,0.0011208330397494137,1.2999999999985246e-05,0.04766304197255522,3.999999999998449e-05,0.005996708001475781,0.00464500000000001
0.0030160840251483023,4.199999999998649e-05,0.0033965419861488044,8.700000000000374e-05,0.001966458046808839,1.6999999999989246e-05,0.001469458977226168,3.399999999997849e-05,0.04730208299588412,2.799999999997249e-05,0.006402833969332278,0.005167000000000033
Average,0.003254217014182359,3.540000000000765e-05,0.003482991398777813,0.00011879999999999668,0.002404766611289233,2.8399999999983994e-05,0.0013840170111507177,3.119999999998679e-05,0.05007532498566434,3.819999999998824e-05,0.006381400185637176,0.004995400000000006
