CreateTableRealTime,CreateTableCPUTime,LoadDataRealTime,LoadDataCPUTime,CreateIndexRealTime,CreateIndexCPUTime,AnalyzeRealTime,AnalyzeCPUTime,ExecuteQueryRealTime,ExecuteQueryCPUTime,WriteResultRealTime,WriteResultCPUTime
0.0039010830223560333,4.500000000001725e-05,0.0028712089988403022,0.00013399999999996748,0.004375707998406142,4.100000000001325e-05,0.0018254999886266887,1.6999999999989246e-05,0.02515966701321304,5.0000000000050004e-05,0.007333542045671493,0.0015459999999999918
0.0032544999849051237,4.799999999999249e-05,0.002138791955076158,8.999999999997899e-05,0.0027747079730033875,3.500000000000725e-05,0.0011527499882504344,3.700000000000925e-05,0.022299875039607286,3.100000000000325e-05,0.001887999998871237,0.0013020000000000254
0.004450791981071234,4.799999999999249e-05,0.001954957959242165,9.199999999998099e-05,0.0029479590011760592,3.999999999998449e-05,0.0015854589873924851,3.4000000000034e-05,0.016976417042315006,3.599999999998049e-05,0.010484250029549003,0.0013739999999999863
0.003031125001143664,4.300000000001525e-05,0.001995250000618398,9.099999999995223e-05,0.0026089579914696515,4.700000000001925e-05,0.0011825829860754311,3.300000000000525e-05,0.021398457989562303,3.399999999997849e-05,0.0035683339810930192,0.0013290000000000246
0.00362941698404029,5.100000000002325e-05,0.0028103329823352396,0.00017099999999997673,0.0036485829623416066,3.899999999995574e-05,0.0020639579743146896,3.6000000000036e-05,0.021478209004271775,3.999999999998449e-05,0.003194499993696809,0.001432999999999962
Average,0.003653383394703269,4.700000000000815e-05,0.0023541083792224526,0.00011559999999997129,0.0032711831852793695,4.0399999999995995e-05,0.0015620499849319457,3.140000000001475e-05,0.021462525217793883,3.819999999999934e-05,0.005293725209776312,0.001396799999999998
