CreateTableRealTime,CreateTableCPUTime,LoadDataRealTime,LoadDataCPUTime,CreateIndexRealTime,CreateIndexCPUTime,AnalyzeRealTime,AnalyzeCPUTime,ExecuteQueryRealTime,ExecuteQueryCPUTime,WriteResultRealTime,WriteResultCPUTime
0.0031186979999802134,0.00023050000000002235,0.002076950000173383,0.00022140000000003823,0.00661222100006853,9.569999999997636e-05,0.003338007000138532,9.389999999998011e-05,0.007505429000048025,0.0001554999999999751,0.0013534740000977763,0.0007125000000000048
0.002438750000010259,8.619999999998074e-05,0.0019725409999864496,0.00021119999999996697,0.006602791999966939,9.870000000000712e-05,0.0045845110000755085,0.00011539999999998773,0.007480528999849412,0.000149200000000016,0.0012770640000780986,0.0007745000000000113
Average,0.0027787239999952362,0.00015835000000000155,0.0020247455000799164,0.0002163000000000026,0.006607506500017735,9.719999999999174e-05,0.00396125900010702,0.00010464999999998392,0.007492978999948718,0.00015234999999999554,0.0013152690000879375,0.000743500000000008
