Query: query1
192, 128
192, 192
192, 64
192, 1
192, 129
192, 65
192, 193
192, 2
192, 130
192, 66
192, 194
192, 3
192, 131
192, 67
192, 195
192, 68
192, 4
192, 196
192, 132
192, 69
192, 5
192, 197
192, 133
192, 70
192, 198
192, 6
192, 134
192, 71
192, 199
192, 7
192, 135
192, 72
192, 200
192, 8
192, 136
192, 73
192, 9
192, 137
192, 74
192, 138
192, 10
192, 75
192, 139
192, 11
192, 140
192, 76
192, 12
192, 141
192, 77
192, 13
192, 142
192, 14
192, 78
192, 143
192, 15
192, 79
192, 144
192, 16
192, 80
192, 145
192, 17
192, 81
192, 18
192, 146
192, 82
192, 19
192, 147
192, 83
192, 20
192, 148
192, 84
192, 21
192, 149
192, 85
192, 86
192, 22
192, 150
192, 87
192, 23
192, 151
192, 88
192, 24
192, 152
192, 89
192, 25
192, 153
192, 90
192, 26
192, 154
192, 91
192, 27
192, 155
192, 92
192, 156
192, 28
192, 93
192, 157
192, 29
192, 158
192, 94
192, 30
192, 159
192, 95
192, 31
192, 160
192, 32
192, 96
192, 161
192, 33
192, 97
192, 162
192, 34
192, 98
192, 163
192, 35
192, 99
192, 36
192, 164
192, 100
192, 37
192, 165
192, 101
192, 38
192, 166
192, 102
192, 39
192, 167
192, 103
192, 104
192, 40
192, 168
192, 105
192, 41
192, 169
192, 106
192, 42
192, 170
192, 107
192, 43
192, 171
192, 108
192, 44
192, 172
192, 109
192, 45
192, 173
192, 110
192, 174
192, 46
192, 111
192, 175
192, 47
192, 176
192, 112
192, 48
192, 177
192, 113
192, 49
192, 178
192, 50
192, 114
192, 179
192, 51
192, 115
192, 180
192, 52
192, 116
192, 181
192, 53
192, 117
192, 54
192, 182
192, 118
192, 55
192, 183
192, 119
192, 56
192, 184
192, 120
192, 57
192, 185
192, 121
192, 122
192, 58
192, 186
192, 123
192, 59
192, 187
192, 124
192, 60
192, 188
192, 125
192, 61
192, 189
192, 126
192, 62
192, 190
192, 127
192, 63
192, 191
128, 64
128, 192
128, 128
128, 65
128, 193
128, 1
128, 129
128, 66
128, 194
128, 2
128, 130
128, 67
128, 195
128, 3
128, 131
128, 4
128, 132
128, 68
128, 196
128, 5
128, 133
128, 69
128, 197
128, 6
128, 134
128, 70
128, 198
128, 7
128, 135
128, 71
128, 199
128, 8
128, 136
128, 200
128, 72
128, 9
128, 137
128, 73
128, 10
128, 138
128, 74
128, 11
128, 139
128, 75
128, 76
128, 12
128, 140
128, 77
128, 13
128, 141
128, 78
128, 14
128, 142
128, 79
128, 15
128, 143
128, 80
128, 16
128, 144
128, 81
128, 17
128, 145
128, 82
128, 146
128, 18
128, 83
128, 19
128, 147
128, 84
128, 20
128, 148
128, 85
128, 21
128, 149
128, 22
128, 150
128, 86
128, 23
128, 151
128, 87
128, 24
128, 152
128, 88
128, 25
128, 153
128, 89
128, 26
128, 154
128, 90
128, 27
128, 155
128, 91
128, 28
128, 156
128, 92
128, 29
128, 157
128, 93
128, 94
128, 30
128, 158
128, 95
128, 31
128, 159
128, 96
128, 32
128, 160
128, 97
128, 33
128, 161
128, 98
128, 34
128, 162
128, 99
128, 35
128, 163
128, 100
128, 164
128, 36
128, 101
128, 37
128, 165
128, 102
128, 38
128, 166
128, 103
128, 39
128, 167
128, 40
128, 168
128, 104
128, 41
128, 169
128, 105
128, 42
128, 170
128, 106
128, 43
128, 171
128, 107
128, 44
128, 172
128, 108
128, 45
128, 173
128, 109
128, 46
128, 174
128, 110
128, 47
128, 175
128, 111
128, 112
128, 48
128, 176
128, 113
128, 49
128, 177
128, 114
128, 50
128, 178
128, 115
128, 51
128, 179
128, 116
128, 52
128, 180
128, 117
128, 53
128, 181
128, 118
128, 182
128, 54
128, 119
128, 55
128, 183
128, 120
128, 56
128, 184
128, 121
128, 57
128, 185
128, 58
128, 186
128, 122
128, 59
128, 187
128, 123
128, 60
128, 188
128, 124
128, 61
128, 189
128, 125
128, 62
128, 190
128, 126
128, 63
128, 191
128, 127
64, 128
64, 64
64, 192
64, 1
64, 129
64, 193
64, 65
64, 2
64, 194
64, 130
64, 66
64, 3
64, 195
64, 131
64, 67
64, 196
64, 68
64, 4
64, 132
64, 197
64, 69
64, 5
64, 133
64, 198
64, 70
64, 6
64, 134
64, 199
64, 71
64, 7
64, 135
64, 72
64, 200
64, 136
64, 8
64, 73
64, 9
64, 137
64, 74
64, 10
64, 138
64, 75
64, 11
64, 139
64, 12
64, 140
64, 76
64, 13
64, 141
64, 77
64, 14
64, 142
64, 78
64, 15
64, 143
64, 79
64, 16
64, 144
64, 80
64, 17
64, 145
64, 81
64, 18
64, 146
64, 82
64, 19
64, 147
64, 83
64, 20
64, 148
64, 84
64, 21
64, 149
64, 85
64, 86
64, 22
64, 150
64, 87
64, 23
64, 151
64, 88
64, 24
64, 152
64, 89
64, 25
64, 153
64, 90
64, 26
64, 154
64, 91
64, 27
64, 155
64, 92
64, 28
64, 156
64, 93
64, 29
64, 157
64, 30
64, 158
64, 94
64, 31
64, 159
64, 95
64, 32
64, 160
64, 96
64, 33
64, 161
64, 97
64, 34
64, 162
64, 98
64, 35
64, 163
64, 99
64, 36
64, 164
64, 100
64, 37
64, 165
64, 101
64, 38
64, 166
64, 102
64, 39
64, 167
64, 103
64, 104
64, 40
64, 168
64, 105
64, 41
64, 169
64, 106
64, 42
64, 170
64, 107
64, 43
64, 171
64, 108
64, 44
64, 172
64, 109
64, 45
64, 173
64, 110
64, 46
64, 174
64, 111
64, 47
64, 175
64, 48
64, 176
64, 112
64, 49
64, 177
64, 113
64, 50
64, 178
64, 114
64, 51
64, 179
64, 115
64, 52
64, 180
64, 116
64, 53
64, 181
64, 117
64, 54
64, 182
64, 118
64, 55
64, 183
64, 119
64, 56
64, 184
64, 120
64, 57
64, 185
64, 121
64, 122
64, 58
64, 186
64, 123
64, 59
64, 187
64, 124
64, 60
64, 188
64, 125
64, 61
64, 189
64, 126
64, 62
64, 190
64, 127
64, 63
64, 191
193, 128
193, 64
193, 192
193, 1
193, 129
193, 193
193, 65
193, 2
193, 130
193, 66
193, 194
193, 3
193, 131
193, 67
193, 195
193, 4
193, 132
193, 68
193, 196
193, 69
193, 5
193, 197
193, 133
193, 70
193, 6
193, 198
193, 134
193, 71
193, 199
193, 7
193, 135
193, 72
193, 200
193, 8
193, 136
193, 73
193, 9
193, 137
193, 74
193, 10
193, 138
193, 75
193, 139
193, 11
193, 76
193, 140
193, 12
193, 141
193, 77
193, 13
193, 142
193, 78
193, 14
193, 143
193, 15
193, 79
193, 144
193, 16
193, 80
193, 145
193, 17
193, 81
193, 146
193, 18
193, 82
193, 19
193, 147
193, 83
193, 20
193, 148
193, 84
193, 21
193, 149
193, 85
193, 22
193, 150
193, 86
193, 87
193, 23
193, 151
193, 88
193, 24
193, 152
193, 89
193, 25
193, 153
193, 90
193, 26
193, 154
193, 91
193, 27
193, 155
193, 92
193, 28
193, 156
193, 93
193, 157
193, 29
193, 94
193, 158
193, 30
193, 159
193, 95
193, 31
193, 160
193, 96
193, 32
193, 161
193, 33
193, 97
193, 162
193, 34
193, 98
193, 163
193, 35
193, 99
193, 164
193, 36
193, 100
193, 37
193, 165
193, 101
193, 38
193, 166
193, 102
193, 39
193, 167
193, 103
193, 40
193, 168
193, 104
193, 105
193, 41
193, 169
193, 106
193, 42
193, 170
193, 107
193, 43
193, 171
193, 108
193, 44
193, 172
193, 109
193, 45
193, 173
193, 110
193, 46
193, 174
193, 111
193, 175
193, 47
193, 112
193, 176
193, 48
193, 177
193, 113
193, 49
193, 178
193, 114
193, 50
193, 179
193, 51
193, 115
193, 180
193, 52
193, 116
193, 181
193, 53
193, 117
193, 182
193, 54
193, 118
193, 55
193, 183
193, 119
193, 56
193, 184
193, 120
193, 57
193, 185
193, 121
193, 58
193, 186
193, 122
193, 123
193, 59
193, 187
193, 124
193, 60
193, 188
193, 125
193, 61
193, 189
193, 126
193, 62
193, 190
193, 127
193, 63
193, 191
129, 64
129, 192
129, 128
129, 65
129, 193
129, 129
129, 1
129, 66
129, 194
129, 2
129, 130
129, 67
129, 195
129, 3
129, 131
129, 68
129, 196
129, 4
129, 132
129, 5
129, 133
129, 69
129, 197
129, 6
129, 134
129, 70
129, 198
129, 7
129, 135
129, 71
129, 199
129, 8
129, 136
129, 72
129, 200
129, 9
129, 137
129, 73
129, 10
129, 138
129, 74
129, 11
129, 139
129, 75
129, 12
129, 140
129, 76
129, 77
129, 13
129, 141
129, 78
129, 14
129, 142
129, 79
129, 15
129, 143
129, 80
129, 16
129, 144
129, 81
129, 17
129, 145
129, 82
129, 18
129, 146
129, 83
129, 147
129, 19
129, 84
129, 20
129, 148
129, 85
129, 21
129, 149
129, 86
129, 22
129, 150
129, 23
129, 151
129, 87
129, 24
129, 152
129, 88
129, 25
129, 153
129, 89
129, 26
129, 154
129, 90
129, 27
129, 155
129, 91
129, 28
129, 156
129, 92
129, 29
129, 157
129, 93
129, 30
129, 158
129, 94
129, 95
129, 31
129, 159
129, 96
129, 32
129, 160
129, 97
129, 33
129, 161
129, 98
129, 34
129, 162
129, 99
129, 35
129, 163
129, 100
129, 36
129, 164
129, 101
129, 165
129, 37
129, 102
129, 38
129, 166
129, 103
129, 39
129, 167
129, 104
129, 40
129, 168
129, 41
129, 169
129, 105
129, 42
129, 170
129, 106
129, 43
129, 171
129, 107
129, 44
129, 172
129, 108
129, 45
129, 173
129, 109
129, 46
129, 174
129, 110
129, 47
129, 175
129, 111
129, 48
129, 176
129, 112
129, 113
129, 49
129, 177
129, 114
129, 50
129, 178
129, 115
129, 51
129, 179
129, 116
129, 52
129, 180
129, 117
129, 53
129, 181
129, 118
129, 54
129, 182
129, 119
129, 183
129, 55
129, 120
129, 56
129, 184
129, 121
129, 57
129, 185
129, 122
129, 58
129, 186
129, 59
129, 187
129, 123
129, 60
129, 188
129, 124
129, 61
129, 189
129, 125
129, 62
129, 190
129, 126
129, 63
129, 191
129, 127
65, 128
65, 64
65, 192
65, 1
65, 129
65, 65
65, 193
65, 2
65, 130
65, 194
65, 66
65, 3
65, 195
65, 131
65, 67
65, 4
65, 196
65, 132
65, 68
65, 197
65, 69
65, 5
65, 133
65, 198
65, 70
65, 6
65, 134
65, 199
65, 71
65, 7
65, 135
65, 200
65, 72
65, 8
65, 136
65, 73
65, 137
65, 9
65, 74
65, 10
65, 138
65, 75
65, 11
65, 139
65, 76
65, 12
65, 140
65, 13
65, 141
65, 77
65, 14
65, 142
65, 78
65, 15
65, 143
65, 79
65, 16
65, 144
65, 80
65, 17
65, 145
65, 81
65, 18
65, 146
65, 82
65, 19
65, 147
65, 83
65, 20
65, 148
65, 84
65, 21
65, 149
65, 85
65, 22
65, 150
65, 86
65, 87
65, 23
65, 151
65, 88
65, 24
65, 152
65, 89
65, 25
65, 153
65, 90
65, 26
65, 154
65, 91
65, 27
65, 155
65, 92
65, 28
65, 156
65, 93
65, 29
65, 157
65, 94
65, 30
65, 158
65, 31
65, 159
65, 95
65, 32
65, 160
65, 96
65, 33
65, 161
65, 97
65, 34
65, 162
65, 98
65, 35
65, 163
65, 99
65, 36
65, 164
65, 100
65, 37
65, 165
65, 101
65, 38
65, 166
65, 102
65, 39
65, 167
65, 103
65, 40
65, 168
65, 104
65, 105
65, 41
65, 169
65, 106
65, 42
65, 170
65, 107
65, 43
65, 171
65, 108
65, 44
65, 172
65, 109
65, 45
65, 173
65, 110
65, 46
65, 174
65, 111
65, 47
65, 175
65, 112
65, 48
65, 176
65, 49
65, 177
65, 113
65, 50
65, 178
65, 114
65, 51
65, 179
65, 115
65, 52
65, 180
65, 116
65, 53
65, 181
65, 117
65, 54
65, 182
65, 118
65, 55
65, 183
65, 119
65, 56
65, 184
65, 120
65, 57
65, 185
65, 121
65, 58
65, 186
65, 122
65, 123
65, 59
65, 187
65, 124
65, 60
65, 188
65, 125
65, 61
65, 189
65, 126
65, 62
65, 190
65, 127
65, 63
65, 191
1, 64
1, 192
1, 128
1, 65
1, 193
1, 1
1, 129
1, 66
1, 194
1, 130
1, 2
1, 131
1, 67
1, 195
1, 3
1, 132
1, 68
1, 196
1, 4
1, 133
1, 5
1, 69
1, 197
1, 134
1, 6
1, 70
1, 198
1, 135
1, 7
1, 71
1, 199
1, 136
1, 8
1, 72
1, 200
1, 9
1, 137
1, 73
1, 10
1, 138
1, 74
1, 11
1, 139
1, 75
1, 12
1, 140
1, 76
1, 77
1, 13
1, 141
1, 78
1, 14
1, 142
1, 79
1, 15
1, 143
1, 80
1, 16
1, 144
1, 81
1, 17
1, 145
1, 82
1, 18
1, 146
1, 83
1, 147
1, 19
1, 84
1, 148
1, 20
1, 149
1, 85
1, 21
1, 150
1, 86
1, 22
1, 151
1, 23
1, 87
1, 152
1, 24
1, 88
1, 153
1, 25
1, 89
1, 154
1, 26
1, 90
1, 27
1, 155
1, 91
1, 28
1, 156
1, 92
1, 29
1, 157
1, 93
1, 30
1, 158
1, 94
1, 95
1, 31
1, 159
1, 96
1, 32
1, 160
1, 97
1, 33
1, 161
1, 98
1, 34
1, 162
1, 99
1, 35
1, 163
1, 100
1, 36
1, 164
1, 101
1, 165
1, 37
1, 102
1, 166
1, 38
1, 167
1, 103
1, 39
1, 168
1, 104
1, 40
1, 169
1, 41
1, 105
1, 170
1, 42
1, 106
1, 171
1, 43
1, 107
1, 172
1, 44
1, 108
1, 45
1, 173
1, 109
1, 46
1, 174
1, 110
1, 47
1, 175
1, 111
1, 48
1, 176
1, 112
1, 113
1, 49
1, 177
1, 114
1, 50
1, 178
1, 115
1, 51
1, 179
1, 116
1, 52
1, 180
1, 117
1, 53
1, 181
1, 118
1, 54
1, 182
1, 119
1, 183
1, 55
1, 120
1, 184
1, 56
1, 185
1, 121
1, 57
1, 186
1, 122
1, 58
1, 187
1, 59
1, 123
1, 188
1, 60
1, 124
1, 189
1, 61
1, 125
1, 190
1, 62
1, 126
1, 63
1, 191
1, 127
194, 128
194, 64
194, 192
194, 129
194, 1
194, 65
194, 193
194, 2
194, 130
194, 194
194, 66
194, 3
194, 131
194, 67
194, 195
194, 4
194, 132
194, 68
194, 196
194, 5
194, 133
194, 69
194, 197
194, 70
194, 6
194, 198
194, 134
194, 71
194, 7
194, 199
194, 135
194, 72
194, 200
194, 8
194, 136
194, 73
194, 9
194, 137
194, 74
194, 10
194, 138
194, 75
194, 11
194, 139
194, 76
194, 140
194, 12
194, 77
194, 141
194, 13
194, 142
194, 78
194, 14
194, 143
194, 79
194, 15
194, 144
194, 16
194, 80
194, 145
194, 17
194, 81
194, 146
194, 18
194, 82
194, 147
194, 19
194, 83
194, 20
194, 148
194, 84
194, 21
194, 149
194, 85
194, 22
194, 150
194, 86
194, 23
194, 151
194, 87
194, 88
194, 24
194, 152
194, 89
194, 25
194, 153
194, 90
194, 26
194, 154
194, 91
194, 27
194, 155
194, 92
194, 28
194, 156
194, 93
194, 29
194, 157
194, 94
194, 158
194, 30
194, 95
194, 159
194, 31
194, 160
194, 96
194, 32
194, 161
194, 97
194, 33
194, 162
194, 34
194, 98
194, 163
194, 35
194, 99
194, 164
194, 36
194, 100
194, 165
194, 37
194, 101
194, 38
194, 166
194, 102
194, 39
194, 167
194, 103
194, 40
194, 168
194, 104
194, 41
194, 169
194, 105
194, 106
194, 42
194, 170
194, 107
194, 43
194, 171
194, 108
194, 44
194, 172
194, 109
194, 45
194, 173
194, 110
194, 46
194, 174
194, 111
194, 47
194, 175
194, 112
194, 176
194, 48
194, 113
194, 177
194, 49
194, 178
194, 114
194, 50
194, 179
194, 115
194, 51
194, 180
194, 52
194, 116
194, 181
194, 53
194, 117
194, 182
194, 54
194, 118
194, 183
194, 55
194, 119
194, 56
194, 184
194, 120
194, 57
194, 185
194, 121
194, 58
194, 186
194, 122
194, 59
194, 187
194, 123
194, 124
194, 60
194, 188
194, 125
194, 61
194, 189
194, 126
194, 62
194, 190
194, 127
194, 63
194, 191
130, 64
130, 192
130, 128
130, 65
130, 193
130, 1
130, 129
130, 66
130, 194
130, 130
130, 2
130, 67
130, 195
130, 3
130, 131
130, 68
130, 196
130, 4
130, 132
130, 69
130, 197
130, 5
130, 133
130, 6
130, 134
130, 70
130, 198
130, 7
130, 135
130, 71
130, 199
130, 8
130, 136
130, 72
130, 200
130, 9
130, 137
130, 73
130, 10
130, 138
130, 74
130, 11
130, 139
130, 75
130, 12
130, 140
130, 76
130, 13
130, 141
130, 77
130, 78
130, 14
130, 142
130, 79
130, 15
130, 143
130, 80
130, 16
130, 144
130, 81
130, 17
130, 145
130, 82
130, 18
130, 146
130, 83
130, 19
130, 147
130, 84
130, 148
130, 20
130, 85
130, 21
130, 149
130, 86
130, 22
130, 150
130, 87
130, 23
130, 151
130, 24
130, 152
130, 88
130, 25
130, 153
130, 89
130, 26
130, 154
130, 90
130, 27
130, 155
130, 91
130, 28
130, 156
130, 92
130, 29
130, 157
130, 93
130, 30
130, 158
130, 94
130, 31
130, 159
130, 95
130, 96
130, 32
130, 160
130, 97
130, 33
130, 161
130, 98
130, 34
130, 162
130, 99
130, 35
130, 163
130, 100
130, 36
130, 164
130, 101
130, 37
130, 165
130, 102
130, 166
130, 38
130, 103
130, 39
130, 167
130, 104
130, 40
130, 168
130, 105
130, 41
130, 169
130, 42
130, 170
130, 106
130, 43
130, 171
130, 107
130, 44
130, 172
130, 108
130, 45
130, 173
130, 109
130, 46
130, 174
130, 110
130, 47
130, 175
130, 111
130, 48
130, 176
130, 112
130, 49
130, 177
130, 113
130, 114
130, 50
130, 178
130, 115
130, 51
130, 179
130, 116
130, 52
130, 180
130, 117
130, 53
130, 181
130, 118
130, 54
130, 182
130, 119
130, 55
130, 183
130, 120
130, 184
130, 56
130, 121
130, 57
130, 185
130, 122
130, 58
130, 186
130, 123
130, 59
130, 187
130, 60
130, 188
130, 124
130, 61
130, 189
130, 125
130, 62
130, 190
130, 126
130, 63
130, 191
130, 127
66, 128
66, 64
66, 192
66, 1
66, 129
66, 65
66, 193
66, 2
66, 130
66, 66
66, 194
66, 3
66, 131
66, 195
66, 67
66, 4
66, 196
66, 132
66, 68
66, 5
66, 197
66, 133
66, 69
66, 198
66, 70
66, 6
66, 134
66, 199
66, 71
66, 7
66, 135
66, 200
66, 72
66, 8
66, 136
66, 73
66, 9
66, 137
66, 74
66, 138
66, 10
66, 75
66, 11
66, 139
66, 76
66, 12
66, 140
66, 77
66, 13
66, 141
66, 14
66, 142
66, 78
66, 15
66, 143
66, 79
66, 16
66, 144
66, 80
66, 17
66, 145
66, 81
66, 18
66, 146
66, 82
66, 19
66, 147
66, 83
66, 20
66, 148
66, 84
66, 21
66, 149
66, 85
66, 22
66, 150
66, 86
66, 23
66, 151
66, 87
66, 88
66, 24
66, 152
66, 89
66, 25
66, 153
66, 90
66, 26
66, 154
66, 91
66, 27
66, 155
66, 92
66, 28
66, 156
66, 93
66, 29
66, 157
66, 94
66, 30
66, 158
66, 95
66, 31
66, 159
66, 32
66, 160
66, 96
66, 33
66, 161
66, 97
66, 34
66, 162
66, 98
66, 35
66, 163
66, 99
66, 36
66, 164
66, 100
66, 37
66, 165
66, 101
66, 38
66, 166
66, 102
66, 39
66, 167
66, 103
66, 40
66, 168
66, 104
66, 41
66, 169
66, 105
66, 106
66, 42
66, 170
66, 107
66, 43
66, 171
66, 108
66, 44
66, 172
66, 109
66, 45
66, 173
66, 110
66, 46
66, 174
66, 111
66, 47
66, 175
66, 112
66, 48
66, 176
66, 113
66, 49
66, 177
66, 50
66, 178
66, 114
66, 51
66, 179
66, 115
66, 52
66, 180
66, 116
66, 53
66, 181
66, 117
66, 54
66, 182
66, 118
66, 55
66, 183
66, 119
66, 56
66, 184
66, 120
66, 57
66, 185
66, 121
66, 58
66, 186
66, 122
66, 59
66, 187
66, 123
66, 124
66, 60
66, 188
66, 125
66, 61
66, 189
66, 126
66, 62
66, 190
66, 127
66, 63
66, 191
2, 64
2, 192
2, 128
2, 65
2, 193
2, 1
2, 129
2, 66
2, 194
2, 2
2, 130
2, 67
2, 195
2, 131
2, 3
2, 132
2, 68
2, 196
2, 4
2, 133
2, 69
2, 197
2, 5
2, 134
2, 6
2, 70
2, 198
2, 135
2, 7
2, 71
2, 199
2, 136
2, 8
2, 72
2, 200
2, 137
2, 9
2, 73
2, 10
2, 138
2, 74
2, 11
2, 139
2, 75
2, 12
2, 140
2, 76
2, 13
2, 141
2, 77
2, 78
2, 14
2, 142
2, 79
2, 15
2, 143
2, 80
2, 16
2, 144
2, 81
2, 17
2, 145
2, 82
2, 18
2, 146
2, 83
2, 19
2, 147
2, 84
2, 148
2, 20
2, 85
2, 149
2, 21
2, 150
2, 86
2, 22
2, 151
2, 87
2, 23
2, 152
2, 24
2, 88
2, 153
2, 25
2, 89
2, 154
2, 26
2, 90
2, 155
2, 27
2, 91
2, 28
2, 156
2, 92
2, 29
2, 157
2, 93
2, 30
2, 158
2, 94
2, 31
2, 159
2, 95
2, 96
2, 32
2, 160
2, 97
2, 33
2, 161
2, 98
2, 34
2, 162
2, 99
2, 35
2, 163
2, 100
2, 36
2, 164
2, 101
2, 37
2, 165
2, 102
2, 166
2, 38
2, 103
2, 167
2, 39
2, 168
2, 104
2, 40
2, 169
2, 105
2, 41
2, 170
2, 42
2, 106
2, 171
2, 43
2, 107
2, 172
2, 44
2, 108
2, 173
2, 45
2, 109
2, 46
2, 174
2, 110
2, 47
2, 175
2, 111
2, 48
2, 176
2, 112
2, 49
2, 177
2, 113
2, 114
2, 50
2, 178
2, 115
2, 51
2, 179
2, 116
2, 52
2, 180
2, 117
2, 53
2, 181
2, 118
2, 54
2, 182
2, 119
2, 55
2, 183
2, 120
2, 184
2, 56
2, 121
2, 185
2, 57
2, 186
2, 122
2, 58
2, 187
2, 123
2, 59
2, 188
2, 60
2, 124
2, 189
2, 61
2, 125
2, 190
2, 62
2, 126
2, 191
2, 63
2, 127
195, 128
195, 64
195, 192
195, 129
195, 1
195, 65
195, 193
195, 130
195, 2
195, 66
195, 194
195, 3
195, 131
195, 195
195, 67
195, 4
195, 132
195, 68
195, 196
195, 5
195, 133
195, 69
195, 197
195, 6
195, 134
195, 70
195, 198
195, 71
195, 7
195, 199
195, 135
195, 72
195, 8
195, 200
195, 136
195, 73
195, 9
195, 137
195, 74
195, 10
195, 138
195, 75
195, 11
195, 139
195, 76
195, 12
195, 140
195, 77
195, 141
195, 13
195, 78
195, 142
195, 14
195, 143
195, 79
195, 15
195, 144
195, 80
195, 16
195, 145
195, 17
195, 81
195, 146
195, 18
195, 82
195, 147
195, 19
195, 83
195, 148
195, 20
195, 84
195, 21
195, 149
195, 85
195, 22
195, 150
195, 86
195, 23
195, 151
195, 87
195, 24
195, 152
195, 88
195, 89
195, 25
195, 153
195, 90
195, 26
195, 154
195, 91
195, 27
195, 155
195, 92
195, 28
195, 156
195, 93
195, 29
195, 157
195, 94
195, 30
195, 158
195, 95
195, 159
195, 31
195, 96
195, 160
195, 32
195, 161
195, 97
195, 33
195, 162
195, 98
195, 34
195, 163
195, 35
195, 99
195, 164
195, 36
195, 100
195, 165
195, 37
195, 101
195, 166
195, 38
195, 102
195, 39
195, 167
195, 103
195, 40
195, 168
195, 104
195, 41
195, 169
195, 105
195, 42
195, 170
195, 106
195, 107
195, 43
195, 171
195, 108
195, 44
195, 172
195, 109
195, 45
195, 173
195, 110
195, 46
195, 174
195, 111
195, 47
195, 175
195, 112
195, 48
195, 176
195, 113
195, 177
195, 49
195, 114
195, 178
195, 50
195, 179
195, 115
195, 51
195, 180
195, 116
195, 52
195, 181
195, 53
195, 117
195, 182
195, 54
195, 118
195, 183
195, 55
195, 119
195, 184
195, 56
195, 120
195, 57
195, 185
195, 121
195, 58
195, 186
195, 122
195, 59
195, 187
195, 123
195, 60
195, 188
195, 124
195, 125
195, 61
195, 189
195, 126
195, 62
195, 190
195, 127
195, 63
195, 191
131, 64
131, 192
131, 128
131, 65
131, 193
131, 1
131, 129
131, 66
131, 194
131, 2
131, 130
131, 67
131, 195
131, 131
131, 3
131, 68
131, 196
131, 4
131, 132
131, 69
131, 197
131, 5
131, 133
131, 70
131, 198
131, 6
131, 134
131, 7
131, 135
131, 71
131, 199
131, 8
131, 136
131, 72
131, 200
131, 9
131, 137
131, 73
131, 10
131, 138
131, 74
131, 11
131, 139
131, 75
131, 12
131, 140
131, 76
131, 13
131, 141
131, 77
131, 14
131, 142
131, 78
131, 79
131, 15
131, 143
131, 80
131, 16
131, 144
131, 81
131, 17
131, 145
131, 82
131, 18
131, 146
131, 83
131, 19
131, 147
131, 84
131, 20
131, 148
131, 85
131, 149
131, 21
131, 86
131, 22
131, 150
131, 87
131, 23
131, 151
131, 88
131, 24
131, 152
131, 25
131, 153
131, 89
131, 26
131, 154
131, 90
131, 27
131, 155
131, 91
131, 28
131, 156
131, 92
131, 29
131, 157
131, 93
131, 30
131, 158
131, 94
131, 31
131, 159
131, 95
131, 32
131, 160
131, 96
131, 97
131, 33
131, 161
131, 98
131, 34
131, 162
131, 99
131, 35
131, 163
131, 100
131, 36
131, 164
131, 101
131, 37
131, 165
131, 102
131, 38
131, 166
131, 103
131, 167
131, 39
131, 104
131, 40
131, 168
131, 105
131, 41
131, 169
131, 106
131, 42
131, 170
131, 43
131, 171
131, 107
131, 44
131, 172
131, 108
131, 45
131, 173
131, 109
131, 46
131, 174
131, 110
131, 47
131, 175
131, 111
131, 48
131, 176
131, 112
131, 49
131, 177
131, 113
131, 50
131, 178
131, 114
131, 115
131, 51
131, 179
131, 116
131, 52
131, 180
131, 117
131, 53
131, 181
131, 118
131, 54
131, 182
131, 119
131, 55
131, 183
131, 120
131, 56
131, 184
131, 121
131, 185
131, 57
131, 122
131, 58
131, 186
131, 123
131, 59
131, 187
131, 124
131, 60
131, 188
131, 61
131, 189
131, 125
131, 62
131, 190
131, 126
131, 63
131, 191
131, 127
67, 128
67, 64
67, 192
67, 1
67, 129
67, 65
67, 193
67, 2
67, 130
67, 66
67, 194
67, 3
67, 131
67, 67
67, 195
67, 4
67, 132
67, 196
67, 68
67, 5
67, 197
67, 133
67, 69
67, 6
67, 198
67, 134
67, 70
67, 199
67, 71
67, 7
67, 135
67, 200
67, 72
67, 8
67, 136
67, 73
67, 9
67, 137
67, 74
67, 10
67, 138
67, 75
67, 139
67, 11
67, 76
67, 12
67, 140
67, 77
67, 13
67, 141
67, 78
67, 14
67, 142
67, 15
67, 143
67, 79
67, 16
67, 144
67, 80
67, 17
67, 145
67, 81
67, 18
67, 146
67, 82
67, 19
67, 147
67, 83
67, 20
67, 148
67, 84
67, 21
67, 149
67, 85
67, 22
67, 150
67, 86
67, 23
67, 151
67, 87
67, 24
67, 152
67, 88
67, 89
67, 25
67, 153
67, 90
67, 26
67, 154
67, 91
67, 27
67, 155
67, 92
67, 28
67, 156
67, 93
67, 29
67, 157
67, 94
67, 30
67, 158
67, 95
67, 31
67, 159
67, 96
67, 32
67, 160
67, 33
67, 161
67, 97
67, 34
67, 162
67, 98
67, 35
67, 163
67, 99
67, 36
67, 164
67, 100
67, 37
67, 165
67, 101
67, 38
67, 166
67, 102
67, 39
67, 167
67, 103
67, 40
67, 168
67, 104
67, 41
67, 169
67, 105
67, 42
67, 170
67, 106
67, 107
67, 43
67, 171
67, 108
67, 44
67, 172
67, 109
67, 45
67, 173
67, 110
67, 46
67, 174
67, 111
67, 47
67, 175
67, 112
67, 48
67, 176
67, 113
67, 49
67, 177
67, 114
67, 50
67, 178
67, 51
67, 179
67, 115
67, 52
67, 180
67, 116
67, 53
67, 181
67, 117
67, 54
67, 182
67, 118
67, 55
67, 183
67, 119
67, 56
67, 184
67, 120
67, 57
67, 185
67, 121
67, 58
67, 186
67, 122
67, 59
67, 187
67, 123
67, 60
67, 188
67, 124
67, 125
67, 61
67, 189
67, 126
67, 62
67, 190
67, 127
67, 63
67, 191
3, 192
3, 64
3, 128
3, 65
3, 193
3, 1
3, 129
3, 66
3, 194
3, 2
3, 130
3, 67
3, 195
3, 3
3, 131
3, 68
3, 196
3, 132
3, 4
3, 133
3, 69
3, 197
3, 5
3, 134
3, 70
3, 198
3, 6
3, 135
3, 7
3, 71
3, 199
3, 136
3, 8
3, 72
3, 200
3, 137
3, 9
3, 73
3, 138
3, 10
3, 74
3, 11
3, 139
3, 75
3, 12
3, 140
3, 76
3, 13
3, 141
3, 77
3, 14
3, 142
3, 78
3, 79
3, 15
3, 143
3, 80
3, 16
3, 144
3, 81
3, 17
3, 145
3, 82
3, 18
3, 146
3, 83
3, 19
3, 147
3, 84
3, 20
3, 148
3, 85
3, 149
3, 21
3, 86
3, 150
3, 22
3, 151
3, 87
3, 23
3, 152
3, 88
3, 24
3, 153
3, 25
3, 89
3, 154
3, 26
3, 90
3, 155
3, 27
3, 91
3, 156
3, 28
3, 92
3, 29
3, 157
3, 93
3, 30
3, 158
3, 94
3, 31
3, 159
3, 95
3, 32
3, 160
3, 96
3, 97
3, 33
3, 161
3, 98
3, 34
3, 162
3, 99
3, 35
3, 163
3, 100
3, 36
3, 164
3, 101
3, 37
3, 165
3, 102
3, 38
3, 166
3, 103
3, 167
3, 39
3, 104
3, 168
3, 40
3, 169
3, 105
3, 41
3, 170
3, 106
3, 42
3, 171
3, 43
3, 107
3, 172
3, 44
3, 108
3, 173
3, 45
3, 109
3, 174
3, 46
3, 110
3, 47
3, 175
3, 111
3, 48
3, 176
3, 112
3, 49
3, 177
3, 113
3, 50
3, 178
3, 114
3, 115
3, 51
3, 179
3, 116
3, 52
3, 180
3, 117
3, 53
3, 181
3, 118
3, 54
3, 182
3, 119
3, 55
3, 183
3, 120
3, 56
3, 184
3, 121
3, 185
3, 57
3, 122
3, 186
3, 58
3, 187
3, 123
3, 59
3, 188
3, 124
3, 60
3, 189
3, 61
3, 125
3, 190
3, 62
3, 126
3, 191
3, 63
3, 127
196, 128
196, 64
196, 192
196, 129
196, 1
196, 65
196, 193
196, 130
196, 2
196, 66
196, 194
196, 131
196, 3
196, 67
196, 195
196, 4
196, 132
196, 196
196, 68
196, 5
196, 133
196, 69
196, 197
196, 6
196, 134
196, 70
196, 198
196, 7
196, 135
196, 71
196, 199
196, 72
196, 8
196, 200
196, 136
196, 73
196, 9
196, 137
196, 74
196, 10
196, 138
196, 75
196, 11
196, 139
196, 76
196, 12
196, 140
196, 77
196, 13
196, 141
196, 78
196, 142
196, 14
196, 79
196, 143
196, 15
196, 144
196, 80
196, 16
196, 145
196, 81
196, 17
196, 146
196, 18
196, 82
196, 147
196, 19
196, 83
196, 148
196, 20
196, 84
196, 149
196, 21
196, 85
196, 22
196, 150
196, 86
196, 23
196, 151
196, 87
196, 24
196, 152
196, 88
196, 25
196, 153
196, 89
196, 90
196, 26
196, 154
196, 91
196, 27
196, 155
196, 92
196, 28
196, 156
196, 93
196, 29
196, 157
196, 94
196, 30
196, 158
196, 95
196, 31
196, 159
196, 96
196, 160
196, 32
196, 97
196, 161
196, 33
196, 162
196, 98
196, 34
196, 163
196, 99
196, 35
196, 164
196, 36
196, 100
196, 165
196, 37
196, 101
196, 166
196, 38
196, 102
196, 167
196, 39
196, 103
196, 40
196, 168
196, 104
196, 41
196, 169
196, 105
196, 42
196, 170
196, 106
196, 43
196, 171
196, 107
196, 108
196, 44
196, 172
196, 109
196, 45
196, 173
196, 110
196, 46
196, 174
196, 111
196, 47
196, 175
196, 112
196, 48
196, 176
196, 113
196, 49
196, 177
196, 114
196, 178
196, 50
196, 115
196, 179
196, 51
196, 180
196, 116
196, 52
196, 181
196, 117
196, 53
196, 182
196, 54
196, 118
196, 183
196, 55
196, 119
196, 184
196, 56
196, 120
196, 185
196, 57
196, 121
196, 58
196, 186
196, 122
196, 59
196, 187
196, 123
196, 60
196, 188
196, 124
196, 61
196, 189
196, 125
196, 126
196, 62
196, 190
196, 127
196, 63
196, 191
132, 64
132, 192
132, 128
132, 65
132, 193
132, 1
132, 129
132, 66
132, 194
132, 2
132, 130
132, 67
132, 195
132, 3
132, 131
132, 68
132, 196
132, 132
132, 4
132, 69
132, 197
132, 5
132, 133
132, 70
132, 198
132, 6
132, 134
132, 71
132, 199
132, 7
132, 135
132, 8
132, 136
132, 72
132, 200
132, 9
132, 137
132, 73
132, 10
132, 138
132, 74
132, 11
132, 139
132, 75
132, 12
132, 140
132, 76
132, 13
132, 141
132, 77
132, 14
132, 142
132, 78
132, 15
132, 143
132, 79
132, 80
132, 16
132, 144
132, 81
132, 17
132, 145
132, 82
132, 18
132, 146
132, 83
132, 19
132, 147
132, 84
132, 20
132, 148
132, 85
132, 21
132, 149
132, 86
132, 150
132, 22
132, 87
132, 23
132, 151
132, 88
132, 24
132, 152
132, 89
132, 25
132, 153
132, 26
132, 154
132, 90
132, 27
132, 155
132, 91
132, 28
132, 156
132, 92
132, 29
132, 157
132, 93
132, 30
132, 158
132, 94
132, 31
132, 159
132, 95
132, 32
132, 160
132, 96
132, 33
132, 161
132, 97
132, 98
132, 34
132, 162
132, 99
132, 35
132, 163
132, 100
132, 36
132, 164
132, 101
132, 37
132, 165
132, 102
132, 38
132, 166
132, 103
132, 39
132, 167
132, 104
132, 168
132, 40
132, 105
132, 41
132, 169
132, 106
132, 42
132, 170
132, 107
132, 43
132, 171
132, 44
132, 172
132, 108
132, 45
132, 173
132, 109
132, 46
132, 174
132, 110
132, 47
132, 175
132, 111
132, 48
132, 176
132, 112
132, 49
132, 177
132, 113
132, 50
132, 178
132, 114
132, 51
132, 179
132, 115
132, 116
132, 52
132, 180
132, 117
132, 53
132, 181
132, 118
132, 54
132, 182
132, 119
132, 55
132, 183
132, 120
132, 56
132, 184
132, 121
132, 57
132, 185
132, 122
132, 186
132, 58
132, 123
132, 59
132, 187
132, 124
132, 60
132, 188
132, 125
132, 61
132, 189
132, 62
132, 190
132, 126
132, 63
132, 191
132, 127
68, 128
68, 64
68, 192
68, 1
68, 129
68, 65
68, 193
68, 2
68, 130
68, 66
68, 194
68, 3
68, 131
68, 67
68, 195
68, 4
68, 132
68, 68
68, 196
68, 5
68, 133
68, 197
68, 69
68, 6
68, 198
68, 134
68, 70
68, 7
68, 199
68, 135
68, 71
68, 200
68, 72
68, 8
68, 136
68, 73
68, 9
68, 137
68, 74
68, 10
68, 138
68, 75
68, 11
68, 139
68, 76
68, 140
68, 12
68, 77
68, 13
68, 141
68, 78
68, 14
68, 142
68, 79
68, 15
68, 143
68, 16
68, 144
68, 80
68, 17
68, 145
68, 81
68, 18
68, 146
68, 82
68, 19
68, 147
68, 83
68, 20
68, 148
68, 84
68, 21
68, 149
68, 85
68, 22
68, 150
68, 86
68, 23
68, 151
68, 87
68, 24
68, 152
68, 88
68, 25
68, 153
68, 89
68, 90
68, 26
68, 154
68, 91
68, 27
68, 155
68, 92
68, 28
68, 156
68, 93
68, 29
68, 157
68, 94
68, 30
68, 158
68, 95
68, 31
68, 159
68, 96
68, 32
68, 160
68, 97
68, 33
68, 161
68, 34
68, 162
68, 98
68, 35
68, 163
68, 99
68, 36
68, 164
68, 100
68, 37
68, 165
68, 101
68, 38
68, 166
68, 102
68, 39
68, 167
68, 103
68, 40
68, 168
68, 104
68, 41
68, 169
68, 105
68, 42
68, 170
68, 106
68, 43
68, 171
68, 107
68, 108
68, 44
68, 172
68, 109
68, 45
68, 173
68, 110
68, 46
68, 174
68, 111
68, 47
68, 175
68, 112
68, 48
68, 176
68, 113
68, 49
68, 177
68, 114
68, 50
68, 178
68, 115
68, 51
68, 179
68, 52
68, 180
68, 116
68, 53
68, 181
68, 117
68, 54
68, 182
68, 118
68, 55
68, 183
68, 119
68, 56
68, 184
68, 120
68, 57
68, 185
68, 121
68, 58
68, 186
68, 122
68, 59
68, 187
68, 123
68, 60
68, 188
68, 124
68, 61
68, 189
68, 125
68, 126
68, 62
68, 190
68, 127
68, 63
68, 191
4, 192
4, 64
4, 128
4, 193
4, 65
4, 1
4, 129
4, 66
4, 194
4, 2
4, 130
4, 67
4, 195
4, 3
4, 131
4, 68
4, 196
4, 4
4, 132
4, 69
4, 197
4, 133
4, 5
4, 134
4, 70
4, 198
4, 6
4, 135
4, 71
4, 199
4, 7
4, 136
4, 8
4, 72
4, 200
4, 137
4, 9
4, 73
4, 138
4, 10
4, 74
4, 139
4, 11
4, 75
4, 12
4, 140
4, 76
4, 13
4, 141
4, 77
4, 14
4, 142
4, 78
4, 15
4, 143
4, 79
4, 80
4, 16
4, 144
4, 81
4, 17
4, 145
4, 82
4, 18
4, 146
4, 83
4, 19
4, 147
4, 84
4, 20
4, 148
4, 85
4, 21
4, 149
4, 86
4, 150
4, 22
4, 87
4, 151
4, 23
4, 152
4, 88
4, 24
4, 153
4, 89
4, 25
4, 154
4, 26
4, 90
4, 155
4, 27
4, 91
4, 156
4, 28
4, 92
4, 157
4, 29
4, 93
4, 30
4, 158
4, 94
4, 31
4, 159
4, 95
4, 32
4, 160
4, 96
4, 33
4, 161
4, 97
4, 98
4, 34
4, 162
4, 99
4, 35
4, 163
4, 100
4, 36
4, 164
4, 101
4, 37
4, 165
4, 102
4, 38
4, 166
4, 103
4, 39
4, 167
4, 104
4, 168
4, 40
4, 105
4, 169
4, 41
4, 170
4, 106
4, 42
4, 171
4, 107
4, 43
4, 172
4, 44
4, 108
4, 173
4, 45
4, 109
4, 174
4, 46
4, 110
4, 175
4, 47
4, 111
4, 48
4, 176
4, 112
4, 49
4, 177
4, 113
4, 50
4, 178
4, 114
4, 51
4, 179
4, 115
4, 116
4, 52
4, 180
4, 117
4, 53
4, 181
4, 118
4, 54
4, 182
4, 119
4, 55
4, 183
4, 120
4, 56
4, 184
4, 121
4, 57
4, 185
4, 122
4, 186
4, 58
4, 123
4, 187
4, 59
4, 188
4, 124
4, 60
4, 189
4, 125
4, 61
4, 190
4, 62
4, 126
4, 191
4, 63
4, 127
197, 128
197, 64
197, 192
197, 129
197, 1
197, 65
197, 193
197, 130
197, 2
197, 66
197, 194
197, 131
197, 3
197, 67
197, 195
197, 132
197, 4
197, 68
197, 196
197, 5
197, 133
197, 197
197, 69
197, 6
197, 134
197, 70
197, 198
197, 7
197, 135
197, 71
197, 199
197, 8
197, 136
197, 72
197, 200
197, 73
197, 9
197, 137
197, 74
197, 10
197, 138
197, 75
197, 11
197, 139
197, 76
197, 12
197, 140
197, 77
197, 13
197, 141
197, 78
197, 14
197, 142
197, 79
197, 143
197, 15
197, 80
197, 144
197, 16
197, 145
197, 81
197, 17
197, 146
197, 82
197, 18
197, 147
197, 19
197, 83
197, 148
197, 20
197, 84
197, 149
197, 21
197, 85
197, 150
197, 22
197, 86
197, 23
197, 151
197, 87
197, 24
197, 152
197, 88
197, 25
197, 153
197, 89
197, 26
197, 154
197, 90
197, 91
197, 27
197, 155
197, 92
197, 28
197, 156
197, 93
197, 29
197, 157
197, 94
197, 30
197, 158
197, 95
197, 31
197, 159
197, 96
197, 32
197, 160
197, 97
197, 161
197, 33
197, 98
197, 162
197, 34
197, 163
197, 99
197, 35
197, 164
197, 100
197, 36
197, 165
197, 37
197, 101
197, 166
197, 38
197, 102
197, 167
197, 39
197, 103
197, 168
197, 40
197, 104
197, 41
197, 169
197, 105
197, 42
197, 170
197, 106
197, 43
197, 171
197, 107
197, 44
197, 172
197, 108
197, 109
197, 45
197, 173
197, 110
197, 46
197, 174
197, 111
197, 47
197, 175
197, 112
197, 48
197, 176
197, 113
197, 49
197, 177
197, 114
197, 50
197, 178
197, 115
197, 179
197, 51
197, 116
197, 180
197, 52
197, 181
197, 117
197, 53
197, 182
197, 118
197, 54
197, 183
197, 55
197, 119
197, 184
197, 56
197, 120
197, 185
197, 57
197, 121
197, 186
197, 58
197, 122
197, 59
197, 187
197, 123
197, 60
197, 188
197, 124
197, 61
197, 189
197, 125
197, 62
197, 190
197, 126
197, 127
197, 63
197, 191
133, 64
133, 192
133, 128
133, 65
133, 193
133, 1
133, 129
133, 66
133, 194
133, 2
133, 130
133, 67
133, 195
133, 3
133, 131
133, 68
133, 196
133, 4
133, 132
133, 69
133, 197
133, 133
133, 5
133, 70
133, 198
133, 6
133, 134
133, 71
133, 199
133, 7
133, 135
133, 72
133, 200
133, 8
133, 136
133, 9
133, 137
133, 73
133, 10
133, 138
133, 74
133, 11
133, 139
133, 75
133, 12
133, 140
133, 76
133, 13
133, 141
133, 77
133, 14
133, 142
133, 78
133, 15
133, 143
133, 79
133, 16
133, 144
133, 80
133, 81
133, 17
133, 145
133, 82
133, 18
133, 146
133, 83
133, 19
133, 147
133, 84
133, 20
133, 148
133, 85
133, 21
133, 149
133, 86
133, 22
133, 150
133, 87
133, 151
133, 23
133, 88
133, 24
133, 152
133, 89
133, 25
133, 153
133, 90
133, 26
133, 154
133, 27
133, 155
133, 91
133, 28
133, 156
133, 92
133, 29
133, 157
133, 93
133, 30
133, 158
133, 94
133, 31
133, 159
133, 95
133, 32
133, 160
133, 96
133, 33
133, 161
133, 97
133, 34
133, 162
133, 98
133, 99
133, 35
133, 163
133, 100
133, 36
133, 164
133, 101
133, 37
133, 165
133, 102
133, 38
133, 166
133, 103
133, 39
133, 167
133, 104
133, 40
133, 168
133, 105
133, 169
133, 41
133, 106
133, 42
133, 170
133, 107
133, 43
133, 171
133, 108
133, 44
133, 172
133, 45
133, 173
133, 109
133, 46
133, 174
133, 110
133, 47
133, 175
133, 111
133, 48
133, 176
133, 112
133, 49
133, 177
133, 113
133, 50
133, 178
133, 114
133, 51
133, 179
133, 115
133, 52
133, 180
133, 116
133, 117
133, 53
133, 181
133, 118
133, 54
133, 182
133, 119
133, 55
133, 183
133, 120
133, 56
133, 184
133, 121
133, 57
133, 185
133, 122
133, 58
133, 186
133, 123
133, 187
133, 59
133, 124
133, 60
133, 188
133, 125
133, 61
133, 189
133, 126
133, 62
133, 190
133, 63
133, 191
133, 127
69, 128
69, 64
69, 192
69, 1
69, 129
69, 65
69, 193
69, 2
69, 130
69, 66
69, 194
69, 3
69, 131
69, 67
69, 195
69, 4
69, 132
69, 68
69, 196
69, 5
69, 133
69, 69
69, 197
69, 6
69, 134
69, 198
69, 70
69, 7
69, 199
69, 135
69, 71
69, 8
69, 200
69, 136
69, 72
69, 73
69, 9
69, 137
69, 74
69, 10
69, 138
69, 75
69, 11
69, 139
69, 76
69, 12
69, 140
69, 77
69, 141
69, 13
69, 78
69, 14
69, 142
69, 79
69, 15
69, 143
69, 80
69, 16
69, 144
69, 17
69, 145
69, 81
69, 18
69, 146
69, 82
69, 19
69, 147
69, 83
69, 20
69, 148
69, 84
69, 21
69, 149
69, 85
69, 22
69, 150
69, 86
69, 23
69, 151
69, 87
69, 24
69, 152
69, 88
69, 25
69, 153
69, 89
69, 26
69, 154
69, 90
69, 91
69, 27
69, 155
69, 92
69, 28
69, 156
69, 93
69, 29
69, 157
69, 94
69, 30
69, 158
69, 95
69, 31
69, 159
69, 96
69, 32
69, 160
69, 97
69, 33
69, 161
69, 98
69, 34
69, 162
69, 35
69, 163
69, 99
69, 36
69, 164
69, 100
69, 37
69, 165
69, 101
69, 38
69, 166
69, 102
69, 39
69, 167
69, 103
69, 40
69, 168
69, 104
69, 41
69, 169
69, 105
69, 42
69, 170
69, 106
69, 43
69, 171
69, 107
69, 44
69, 172
69, 108
69, 109
69, 45
69, 173
69, 110
69, 46
69, 174
69, 111
69, 47
69, 175
69, 112
69, 48
69, 176
69, 113
69, 49
69, 177
69, 114
69, 50
69, 178
69, 115
69, 51
69, 179
69, 116
69, 52
69, 180
69, 53
69, 181
69, 117
69, 54
69, 182
69, 118
69, 55
69, 183
69, 119
69, 56
69, 184
69, 120
69, 57
69, 185
69, 121
69, 58
69, 186
69, 122
69, 59
69, 187
69, 123
69, 60
69, 188
69, 124
69, 61
69, 189
69, 125
69, 62
69, 190
69, 126
69, 127
69, 63
69, 191
5, 192
5, 64
5, 128
5, 193
5, 65
5, 1
5, 129
5, 194
5, 66
5, 2
5, 130
5, 67
5, 195
5, 3
5, 131
5, 68
5, 196
5, 4
5, 132
5, 69
5, 197
5, 5
5, 133
5, 70
5, 198
5, 134
5, 6
5, 135
5, 71
5, 199
5, 7
5, 136
5, 72
5, 200
5, 8
5, 137
5, 9
5, 73
5, 138
5, 10
5, 74
5, 139
5, 11
5, 75
5, 140
5, 12
5, 76
5, 13
5, 141
5, 77
5, 14
5, 142
5, 78
5, 15
5, 143
5, 79
5, 16
5, 144
5, 80
5, 81
5, 17
5, 145
5, 82
5, 18
5, 146
5, 83
5, 19
5, 147
5, 84
5, 20
5, 148
5, 85
5, 21
5, 149
5, 86
5, 22
5, 150
5, 87
5, 151
5, 23
5, 88
5, 152
5, 24
5, 153
5, 89
5, 25
5, 154
5, 90
5, 26
5, 155
5, 27
5, 91
5, 156
5, 28
5, 92
5, 157
5, 29
5, 93
5, 158
5, 30
5, 94
5, 31
5, 159
5, 95
5, 32
5, 160
5, 96
5, 33
5, 161
5, 97
5, 34
5, 162
5, 98
5, 99
5, 35
5, 163
5, 100
5, 36
5, 164
5, 101
5, 37
5, 165
5, 102
5, 38
5, 166
5, 103
5, 39
5, 167
5, 104
5, 40
5, 168
5, 105
5, 169
5, 41
5, 106
5, 170
5, 42
5, 171
5, 107
5, 43
5, 172
5, 108
5, 44
5, 173
5, 45
5, 109
5, 174
5, 46
5, 110
5, 175
5, 47
5, 111
5, 176
5, 48
5, 112
5, 49
5, 177
5, 113
5, 50
5, 178
5, 114
5, 51
5, 179
5, 115
5, 52
5, 180
5, 116
5, 117
5, 53
5, 181
5, 118
5, 54
5, 182
5, 119
5, 55
5, 183
5, 120
5, 56
5, 184
5, 121
5, 57
5, 185
5, 122
5, 58
5, 186
5, 123
5, 187
5, 59
5, 124
5, 188
5, 60
5, 189
5, 125
5, 61
5, 190
5, 126
5, 62
5, 191
5, 63
5, 127
198, 128
198, 64
198, 192
198, 129
198, 65
198, 193
198, 1
198, 130
198, 2
198, 66
198, 194
198, 131
198, 3
198, 67
198, 195
198, 132
198, 4
198, 68
198, 196
198, 133
198, 5
198, 69
198, 197
198, 6
198, 134
198, 198
198, 70
198, 7
198, 135
198, 71
198, 199
198, 8
198, 136
198, 72
198, 200
198, 9
198, 137
198, 73
198, 74
198, 10
198, 138
198, 75
198, 11
198, 139
198, 76
198, 12
198, 140
198, 77
198, 13
198, 141
198, 78
198, 14
198, 142
198, 79
198, 15
198, 143
198, 80
198, 144
198, 16
198, 81
198, 145
198, 17
198, 146
198, 82
198, 18
198, 147
198, 83
198, 19
198, 148
198, 20
198, 84
198, 149
198, 21
198, 85
198, 150
198, 22
198, 86
198, 151
198, 23
198, 87
198, 24
198, 152
198, 88
198, 25
198, 153
198, 89
198, 26
198, 154
198, 90
198, 27
198, 155
198, 91
198, 92
198, 28
198, 156
198, 93
198, 29
198, 157
198, 94
198, 30
198, 158
198, 95
198, 31
198, 159
198, 96
198, 32
198, 160
198, 97
198, 33
198, 161
198, 98
198, 162
198, 34
198, 99
198, 163
198, 35
198, 164
198, 100
198, 36
198, 165
198, 101
198, 37
198, 166
198, 38
198, 102
198, 167
198, 39
198, 103
198, 168
198, 40
198, 104
198, 169
198, 41
198, 105
198, 42
198, 170
198, 106
198, 43
198, 171
198, 107
198, 44
198, 172
198, 108
198, 45
198, 173
198, 109
198, 110
198, 46
198, 174
198, 111
198, 47
198, 175
198, 112
198, 48
198, 176
198, 113
198, 49
198, 177
198, 114
198, 50
198, 178
198, 115
198, 51
198, 179
198, 116
198, 180
198, 52
198, 117
198, 181
198, 53
198, 182
198, 118
198, 54
198, 183
198, 119
198, 55
198, 184
198, 56
198, 120
198, 185
198, 57
198, 121
198, 186
198, 58
198, 122
198, 187
198, 59
198, 123
198, 60
198, 188
198, 124
198, 61
198, 189
198, 125
198, 62
198, 190
198, 126
198, 63
198, 191
198, 127
134, 64
134, 192
134, 128
134, 65
134, 193
134, 1
134, 129
134, 66
134, 194
134, 2
134, 130
134, 67
134, 195
134, 3
134, 131
134, 68
134, 196
134, 4
134, 132
134, 69
134, 197
134, 5
134, 133
134, 70
134, 198
134, 134
134, 6
134, 71
134, 199
134, 7
134, 135
134, 72
134, 200
134, 8
134, 136
134, 73
134, 9
134, 137
134, 10
134, 138
134, 74
134, 11
134, 139
134, 75
134, 12
134, 140
134, 76
134, 13
134, 141
134, 77
134, 14
134, 142
134, 78
134, 15
134, 143
134, 79
134, 16
134, 144
134, 80
134, 17
134, 145
134, 81
134, 82
134, 18
134, 146
134, 83
134, 19
134, 147
134, 84
134, 20
134, 148
134, 85
134, 21
134, 149
134, 86
134, 22
134, 150
134, 87
134, 23
134, 151
134, 88
134, 152
134, 24
134, 89
134, 25
134, 153
134, 90
134, 26
134, 154
134, 91
134, 27
134, 155
134, 28
134, 156
134, 92
134, 29
134, 157
134, 93
134, 30
134, 158
134, 94
134, 31
134, 159
134, 95
134, 32
134, 160
134, 96
134, 33
134, 161
134, 97
134, 34
134, 162
134, 98
134, 35
134, 163
134, 99
134, 100
134, 36
134, 164
134, 101
134, 37
134, 165
134, 102
134, 38
134, 166
134, 103
134, 39
134, 167
134, 104
134, 40
134, 168
134, 105
134, 41
134, 169
134, 106
134, 170
134, 42
134, 107
134, 43
134, 171
134, 108
134, 44
134, 172
134, 109
134, 45
134, 173
134, 46
134, 174
134, 110
134, 47
134, 175
134, 111
134, 48
134, 176
134, 112
134, 49
134, 177
134, 113
134, 50
134, 178
134, 114
134, 51
134, 179
134, 115
134, 52
134, 180
134, 116
134, 53
134, 181
134, 117
134, 118
134, 54
134, 182
134, 119
134, 55
134, 183
134, 120
134, 56
134, 184
134, 121
134, 57
134, 185
134, 122
134, 58
134, 186
134, 123
134, 59
134, 187
134, 124
134, 188
134, 60
134, 125
134, 61
134, 189
134, 126
134, 62
134, 190
134, 127
134, 63
134, 191
70, 128
70, 64
70, 192
70, 1
70, 129
70, 65
70, 193
70, 2
70, 130
70, 66
70, 194
70, 3
70, 131
70, 67
70, 195
70, 4
70, 132
70, 68
70, 196
70, 5
70, 133
70, 69
70, 197
70, 6
70, 134
70, 70
70, 198
70, 7
70, 135
70, 199
70, 71
70, 8
70, 200
70, 136
70, 72
70, 9
70, 137
70, 73
70, 74
70, 10
70, 138
70, 75
70, 11
70, 139
70, 76
70, 12
70, 140
70, 77
70, 13
70, 141
70, 78
70, 142
70, 14
70, 79
70, 15
70, 143
70, 80
70, 16
70, 144
70, 81
70, 17
70, 145
70, 18
70, 146
70, 82
70, 19
70, 147
70, 83
70, 20
70, 148
70, 84
70, 21
70, 149
70, 85
70, 22
70, 150
70, 86
70, 23
70, 151
70, 87
70, 24
70, 152
70, 88
70, 25
70, 153
70, 89
70, 26
70, 154
70, 90
70, 27
70, 155
70, 91
70, 92
70, 28
70, 156
70, 93
70, 29
70, 157
70, 94
70, 30
70, 158
70, 95
70, 31
70, 159
70, 96
70, 32
70, 160
70, 97
70, 33
70, 161
70, 98
70, 34
70, 162
70, 99
70, 35
70, 163
70, 36
70, 164
70, 100
70, 37
70, 165
70, 101
70, 38
70, 166
70, 102
70, 39
70, 167
70, 103
70, 40
70, 168
70, 104
70, 41
70, 169
70, 105
70, 42
70, 170
70, 106
70, 43
70, 171
70, 107
70, 44
70, 172
70, 108
70, 45
70, 173
70, 109
70, 110
70, 46
70, 174
70, 111
70, 47
70, 175
70, 112
70, 48
70, 176
70, 113
70, 49
70, 177
70, 114
70, 50
70, 178
70, 115
70, 51
70, 179
70, 116
70, 52
70, 180
70, 117
70, 53
70, 181
70, 54
70, 182
70, 118
70, 55
70, 183
70, 119
70, 56
70, 184
70, 120
70, 57
70, 185
70, 121
70, 58
70, 186
70, 122
70, 59
70, 187
70, 123
70, 60
70, 188
70, 124
70, 61
70, 189
70, 125
70, 62
70, 190
70, 126
70, 63
70, 191
70, 127
6, 192
6, 64
6, 128
6, 193
6, 65
6, 1
6, 129
6, 194
6, 66
6, 2
6, 130
6, 195
6, 67
6, 3
6, 131
6, 68
6, 196
6, 4
6, 132
6, 69
6, 197
6, 5
6, 133
6, 70
6, 198
6, 6
6, 134
6, 71
6, 199
6, 135
6, 7
6, 136
6, 72
6, 200
6, 8
6, 137
6, 73
6, 9
6, 138
6, 10
6, 74
6, 139
6, 11
6, 75
6, 140
6, 12
6, 76
6, 141
6, 13
6, 77
6, 14
6, 142
6, 78
6, 15
6, 143
6, 79
6, 16
6, 144
6, 80
6, 17
6, 145
6, 81
6, 82
6, 18
6, 146
6, 83
6, 19
6, 147
6, 84
6, 20
6, 148
6, 85
6, 21
6, 149
6, 86
6, 22
6, 150
6, 87
6, 23
6, 151
6, 88
6, 152
6, 24
6, 89
6, 153
6, 25
6, 154
6, 90
6, 26
6, 155
6, 91
6, 27
6, 156
6, 28
6, 92
6, 157
6, 29
6, 93
6, 158
6, 30
6, 94
6, 159
6, 31
6, 95
6, 32
6, 160
6, 96
6, 33
6, 161
6, 97
6, 34
6, 162
6, 98
6, 35
6, 163
6, 99
6, 100
6, 36
6, 164
6, 101
6, 37
6, 165
6, 102
6, 38
6, 166
6, 103
6, 39
6, 167
6, 104
6, 40
6, 168
6, 105
6, 41
6, 169
6, 106
6, 170
6, 42
6, 107
6, 171
6, 43
6, 172
6, 108
6, 44
6, 173
6, 109
6, 45
6, 174
6, 46
6, 110
6, 175
6, 47
6, 111
6, 176
6, 48
6, 112
6, 177
6, 49
6, 113
6, 50
6, 178
6, 114
6, 51
6, 179
6, 115
6, 52
6, 180
6, 116
6, 53
6, 181
6, 117
6, 118
6, 54
6, 182
6, 119
6, 55
6, 183
6, 120
6, 56
6, 184
6, 121
6, 57
6, 185
6, 122
6, 58
6, 186
6, 123
6, 59
6, 187
6, 124
6, 188
6, 60
6, 125
6, 189
6, 61
6, 190
6, 126
6, 62
6, 191
6, 127
6, 63
199, 64
199, 192
199, 128
199, 129
199, 65
199, 193
199, 1
199, 130
199, 66
199, 194
199, 2
199, 131
199, 3
199, 67
199, 195
199, 132
199, 4
199, 68
199, 196
199, 133
199, 5
199, 69
199, 197
199, 134
199, 6
199, 70
199, 198
199, 7
199, 135
199, 199
199, 71
199, 8
199, 136
199, 72
199, 200
199, 9
199, 137
199, 73
199, 10
199, 138
199, 74
199, 75
199, 11
199, 139
199, 76
199, 12
199, 140
199, 77
199, 13
199, 141
199, 78
199, 14
199, 142
199, 79
199, 15
199, 143
199, 80
199, 16
199, 144
199, 81
199, 145
199, 17
199, 82
199, 146
199, 18
199, 147
199, 83
199, 19
199, 148
199, 84
199, 20
199, 149
199, 21
199, 85
199, 150
199, 22
199, 86
199, 151
199, 23
199, 87
199, 152
199, 24
199, 88
199, 25
199, 153
199, 89
199, 26
199, 154
199, 90
199, 27
199, 155
199, 91
199, 28
199, 156
199, 92
199, 93
199, 29
199, 157
199, 94
199, 30
199, 158
199, 95
199, 31
199, 159
199, 96
199, 32
199, 160
199, 97
199, 33
199, 161
199, 98
199, 34
199, 162
199, 99
199, 163
199, 35
199, 100
199, 164
199, 36
199, 165
199, 101
199, 37
199, 166
199, 102
199, 38
199, 167
199, 39
199, 103
199, 168
199, 40
199, 104
199, 169
199, 41
199, 105
199, 170
199, 42
199, 106
199, 43
199, 171
199, 107
199, 44
199, 172
199, 108
199, 45
199, 173
199, 109
199, 46
199, 174
199, 110
199, 111
199, 47
199, 175
199, 112
199, 48
199, 176
199, 113
199, 49
199, 177
199, 114
199, 50
199, 178
199, 115
199, 51
199, 179
199, 116
199, 52
199, 180
199, 117
199, 181
199, 53
199, 118
199, 182
199, 54
199, 183
199, 119
199, 55
199, 184
199, 120
199, 56
199, 185
199, 57
199, 121
199, 186
199, 58
199, 122
199, 187
199, 59
199, 123
199, 188
199, 60
199, 124
199, 61
199, 189
199, 125
199, 62
199, 190
199, 126
199, 63
199, 191
199, 127
135, 128
135, 64
135, 192
135, 65
135, 193
135, 1
135, 129
135, 66
135, 194
135, 2
135, 130
135, 67
135, 195
135, 3
135, 131
135, 68
135, 196
135, 4
135, 132
135, 69
135, 197
135, 5
135, 133
135, 70
135, 198
135, 6
135, 134
135, 71
135, 199
135, 135
135, 7
135, 72
135, 200
135, 8
135, 136
135, 73
135, 9
135, 137
135, 74
135, 10
135, 138
135, 11
135, 139
135, 75
135, 12
135, 140
135, 76
135, 13
135, 141
135, 77
135, 14
135, 142
135, 78
135, 15
135, 143
135, 79
135, 16
135, 144
135, 80
135, 17
135, 145
135, 81
135, 18
135, 146
135, 82
135, 83
135, 19
135, 147
135, 84
135, 20
135, 148
135, 85
135, 21
135, 149
135, 86
135, 22
135, 150
135, 87
135, 23
135, 151
135, 88
135, 24
135, 152
135, 89
135, 153
135, 25
135, 90
135, 26
135, 154
135, 91
135, 27
135, 155
135, 92
135, 28
135, 156
135, 29
135, 157
135, 93
135, 30
135, 158
135, 94
135, 31
135, 159
135, 95
135, 32
135, 160
135, 96
135, 33
135, 161
135, 97
135, 34
135, 162
135, 98
135, 35
135, 163
135, 99
135, 36
135, 164
135, 100
135, 101
135, 37
135, 165
135, 102
135, 38
135, 166
135, 103
135, 39
135, 167
135, 104
135, 40
135, 168
135, 105
135, 41
135, 169
135, 106
135, 42
135, 170
135, 107
135, 171
135, 43
135, 108
135, 44
135, 172
135, 109
135, 45
135, 173
135, 110
135, 46
135, 174
135, 47
135, 175
135, 111
135, 48
135, 176
135, 112
135, 49
135, 177
135, 113
135, 50
135, 178
135, 114
135, 51
135, 179
135, 115
135, 52
135, 180
135, 116
135, 53
135, 181
135, 117
135, 54
135, 182
135, 118
135, 119
135, 55
135, 183
135, 120
135, 56
135, 184
135, 121
135, 57
135, 185
135, 122
135, 58
135, 186
135, 123
135, 59
135, 187
135, 124
135, 60
135, 188
135, 125
135, 189
135, 61
135, 126
135, 62
135, 190
135, 127
135, 63
135, 191
71, 64
71, 192
71, 128
71, 1
71, 129
71, 65
71, 193
71, 2
71, 130
71, 66
71, 194
71, 3
71, 131
71, 67
71, 195
71, 4
71, 132
71, 68
71, 196
71, 5
71, 133
71, 69
71, 197
71, 6
71, 134
71, 70
71, 198
71, 7
71, 135
71, 71
71, 199
71, 8
71, 136
71, 200
71, 72
71, 9
71, 137
71, 73
71, 10
71, 138
71, 74
71, 75
71, 11
71, 139
71, 76
71, 12
71, 140
71, 77
71, 13
71, 141
71, 78
71, 14
71, 142
71, 79
71, 143
71, 15
71, 80
71, 16
71, 144
71, 81
71, 17
71, 145
71, 82
71, 18
71, 146
71, 19
71, 147
71, 83
71, 20
71, 148
71, 84
71, 21
71, 149
71, 85
71, 22
71, 150
71, 86
71, 23
71, 151
71, 87
71, 24
71, 152
71, 88
71, 25
71, 153
71, 89
71, 26
71, 154
71, 90
71, 27
71, 155
71, 91
71, 28
71, 156
71, 92
71, 93
71, 29
71, 157
71, 94
71, 30
71, 158
71, 95
71, 31
71, 159
71, 96
71, 32
71, 160
71, 97
71, 33
71, 161
71, 98
71, 34
71, 162
71, 99
71, 35
71, 163
71, 100
71, 36
71, 164
71, 37
71, 165
71, 101
71, 38
71, 166
71, 102
71, 39
71, 167
71, 103
71, 40
71, 168
71, 104
71, 41
71, 169
71, 105
71, 42
71, 170
71, 106
71, 43
71, 171
71, 107
71, 44
71, 172
71, 108
71, 45
71, 173
71, 109
71, 46
71, 174
71, 110
71, 111
71, 47
71, 175
71, 112
71, 48
71, 176
71, 113
71, 49
71, 177
71, 114
71, 50
71, 178
71, 115
71, 51
71, 179
71, 116
71, 52
71, 180
71, 117
71, 53
71, 181
71, 118
71, 54
71, 182
71, 55
71, 183
71, 119
71, 56
71, 184
71, 120
71, 57
71, 185
71, 121
71, 58
71, 186
71, 122
71, 59
71, 187
71, 123
71, 60
71, 188
71, 124
71, 61
71, 189
71, 125
71, 62
71, 190
71, 126
71, 63
71, 191
71, 127
7, 192
7, 128
7, 64
7, 193
7, 65
7, 1
7, 129
7, 194
7, 66
7, 2
7, 130
7, 195
7, 67
7, 3
7, 131
7, 196
7, 68
7, 4
7, 132
7, 69
7, 197
7, 5
7, 133
7, 70
7, 198
7, 6
7, 134
7, 71
7, 199
7, 7
7, 135
7, 72
7, 200
7, 136
7, 8
7, 137
7, 73
7, 9
7, 138
7, 74
7, 10
7, 139
7, 11
7, 75
7, 140
7, 12
7, 76
7, 141
7, 13
7, 77
7, 142
7, 14
7, 78
7, 15
7, 143
7, 79
7, 16
7, 144
7, 80
7, 17
7, 145
7, 81
7, 18
7, 146
7, 82
7, 83
7, 19
7, 147
7, 84
7, 20
7, 148
7, 85
7, 21
7, 149
7, 86
7, 22
7, 150
7, 87
7, 23
7, 151
7, 88
7, 24
7, 152
7, 89
7, 153
7, 25
7, 90
7, 154
7, 26
7, 155
7, 91
7, 27
7, 156
7, 92
7, 28
7, 157
7, 29
7, 93
7, 158
7, 30
7, 94
7, 159
7, 31
7, 95
7, 160
7, 32
7, 96
7, 33
7, 161
7, 97
7, 34
7, 162
7, 98
7, 35
7, 163
7, 99
7, 36
7, 164
7, 100
7, 101
7, 37
7, 165
7, 102
7, 38
7, 166
7, 103
7, 39
7, 167
7, 104
7, 40
7, 168
7, 105
7, 41
7, 169
7, 106
7, 42
7, 170
7, 107
7, 171
7, 43
7, 108
7, 172
7, 44
7, 173
7, 109
7, 45
7, 174
7, 110
7, 46
7, 175
7, 47
7, 111
7, 176
7, 48
7, 112
7, 177
7, 49
7, 113
7, 178
7, 50
7, 114
7, 51
7, 179
7, 115
7, 52
7, 180
7, 116
7, 53
7, 181
7, 117
7, 54
7, 182
7, 118
7, 119
7, 55
7, 183
7, 120
7, 56
7, 184
7, 121
7, 57
7, 185
7, 122
7, 58
7, 186
7, 123
7, 59
7, 187
7, 124
7, 60
7, 188
7, 125
7, 189
7, 61
7, 126
7, 190
7, 62
7, 191
7, 127
7, 63
200, 64
200, 192
200, 128
200, 65
200, 193
200, 129
200, 1
200, 130
200, 66
200, 194
200, 2
200, 131
200, 67
200, 195
200, 3
200, 132
200, 4
200, 68
200, 196
200, 133
200, 5
200, 69
200, 197
200, 134
200, 6
200, 70
200, 198
200, 135
200, 7
200, 71
200, 199
200, 8
200, 136
200, 200
200, 72
200, 9
200, 137
200, 73
200, 10
200, 138
200, 74
200, 11
200, 139
200, 75
200, 76
200, 12
200, 140
200, 77
200, 13
200, 141
200, 78
200, 14
200, 142
200, 79
200, 15
200, 143
200, 80
200, 16
200, 144
200, 81
200, 17
200, 145
200, 82
200, 146
200, 18
200, 83
200, 147
200, 19
200, 148
200, 84
200, 20
200, 149
200, 85
200, 21
200, 150
200, 22
200, 86
200, 151
200, 23
200, 87
200, 152
200, 24
200, 88
200, 153
200, 25
200, 89
200, 26
200, 154
200, 90
200, 27
200, 155
200, 91
200, 28
200, 156
200, 92
200, 29
200, 157
200, 93
200, 94
200, 30
200, 158
200, 95
200, 31
200, 159
200, 96
200, 32
200, 160
200, 97
200, 33
200, 161
200, 98
200, 34
200, 162
200, 99
200, 35
200, 163
200, 100
200, 164
200, 36
200, 101
200, 165
200, 37
200, 166
200, 102
200, 38
200, 167
200, 103
200, 39
200, 168
200, 40
200, 104
200, 169
200, 41
200, 105
200, 170
200, 42
200, 106
200, 171
200, 43
200, 107
200, 44
200, 172
200, 108
200, 45
200, 173
200, 109
200, 46
200, 174
200, 110
200, 47
200, 175
200, 111
200, 112
200, 48
200, 176
200, 113
200, 49
200, 177
200, 114
200, 50
200, 178
200, 115
200, 51
200, 179
200, 116
200, 52
200, 180
200, 117
200, 53
200, 181
200, 118
200, 182
200, 54
200, 119
200, 183
200, 55
200, 184
200, 120
200, 56
200, 185
200, 121
200, 57
200, 186
200, 58
200, 122
200, 187
200, 59
200, 123
200, 188
200, 60
200, 124
200, 189
200, 61
200, 125
200, 62
200, 190
200, 126
200, 63
200, 191
200, 127
136, 128
136, 64
136, 192
136, 1
136, 129
136, 65
136, 193
136, 66
136, 194
136, 2
136, 130
136, 67
136, 195
136, 3
136, 131
136, 68
136, 196
136, 4
136, 132
136, 69
136, 197
136, 5
136, 133
136, 70
136, 198
136, 6
136, 134
136, 71
136, 199
136, 7
136, 135
136, 72
136, 200
136, 136
136, 8
136, 73
136, 9
136, 137
136, 74
136, 10
136, 138
136, 75
136, 11
136, 139
136, 12
136, 140
136, 76
136, 13
136, 141
136, 77
136, 14
136, 142
136, 78
136, 15
136, 143
136, 79
136, 16
136, 144
136, 80
136, 17
136, 145
136, 81
136, 18
136, 146
136, 82
136, 19
136, 147
136, 83
136, 84
136, 20
136, 148
136, 85
136, 21
136, 149
136, 86
136, 22
136, 150
136, 87
136, 23
136, 151
136, 88
136, 24
136, 152
136, 89
136, 25
136, 153
136, 90
136, 154
136, 26
136, 91
136, 27
136, 155
136, 92
136, 28
136, 156
136, 93
136, 29
136, 157
136, 30
136, 158
136, 94
136, 31
136, 159
136, 95
136, 32
136, 160
136, 96
136, 33
136, 161
136, 97
136, 34
136, 162
136, 98
136, 35
136, 163
136, 99
136, 36
136, 164
136, 100
136, 37
136, 165
136, 101
136, 102
136, 38
136, 166
136, 103
136, 39
136, 167
136, 104
136, 40
136, 168
136, 105
136, 41
136, 169
136, 106
136, 42
136, 170
136, 107
136, 43
136, 171
136, 108
136, 172
136, 44
136, 109
136, 45
136, 173
136, 110
136, 46
136, 174
136, 111
136, 47
136, 175
136, 48
136, 176
136, 112
136, 49
136, 177
136, 113
136, 50
136, 178
136, 114
136, 51
136, 179
136, 115
136, 52
136, 180
136, 116
136, 53
136, 181
136, 117
136, 54
136, 182
136, 118
136, 55
136, 183
136, 119
136, 120
136, 56
136, 184
136, 121
136, 57
136, 185
136, 122
136, 58
136, 186
136, 123
136, 59
136, 187
136, 124
136, 60
136, 188
136, 125
136, 61
136, 189
136, 126
136, 190
136, 62
136, 127
136, 63
136, 191
72, 64
72, 192
72, 128
72, 65
72, 193
72, 1
72, 129
72, 2
72, 130
72, 66
72, 194
72, 3
72, 131
72, 67
72, 195
72, 4
72, 132
72, 68
72, 196
72, 5
72, 133
72, 69
72, 197
72, 6
72, 134
72, 70
72, 198
72, 7
72, 135
72, 71
72, 199
72, 8
72, 136
72, 72
72, 200
72, 9
72, 137
72, 73
72, 10
72, 138
72, 74
72, 11
72, 139
72, 75
72, 76
72, 12
72, 140
72, 77
72, 13
72, 141
72, 78
72, 14
72, 142
72, 79
72, 15
72, 143
72, 80
72, 144
72, 16
72, 81
72, 17
72, 145
72, 82
72, 18
72, 146
72, 83
72, 19
72, 147
72, 20
72, 148
72, 84
72, 21
72, 149
72, 85
72, 22
72, 150
72, 86
72, 23
72, 151
72, 87
72, 24
72, 152
72, 88
72, 25
72, 153
72, 89
72, 26
72, 154
72, 90
72, 27
72, 155
72, 91
72, 28
72, 156
72, 92
72, 29
72, 157
72, 93
72, 94
72, 30
72, 158
72, 95
72, 31
72, 159
72, 96
72, 32
72, 160
72, 97
72, 33
72, 161
72, 98
72, 34
72, 162
72, 99
72, 35
72, 163
72, 100
72, 36
72, 164
72, 101
72, 37
72, 165
72, 38
72, 166
72, 102
72, 39
72, 167
72, 103
72, 40
72, 168
72, 104
72, 41
72, 169
72, 105
72, 42
72, 170
72, 106
72, 43
72, 171
72, 107
72, 44
72, 172
72, 108
72, 45
72, 173
72, 109
72, 46
72, 174
72, 110
72, 47
72, 175
72, 111
72, 112
72, 48
72, 176
72, 113
72, 49
72, 177
72, 114
72, 50
72, 178
72, 115
72, 51
72, 179
72, 116
72, 52
72, 180
72, 117
72, 53
72, 181
72, 118
72, 54
72, 182
72, 119
72, 55
72, 183
72, 56
72, 184
72, 120
72, 57
72, 185
72, 121
72, 58
72, 186
72, 122
72, 59
72, 187
72, 123
72, 60
72, 188
72, 124
72, 61
72, 189
72, 125
72, 62
72, 190
72, 126
72, 63
72, 191
72, 127
8, 192
8, 128
8, 64
8, 1
8, 193
8, 129
8, 65
8, 194
8, 66
8, 2
8, 130
8, 195
8, 67
8, 3
8, 131
8, 196
8, 68
8, 4
8, 132
8, 197
8, 69
8, 5
8, 133
8, 70
8, 198
8, 6
8, 134
8, 71
8, 199
8, 7
8, 135
8, 72
8, 200
8, 8
8, 136
8, 73
8, 137
8, 9
8, 138
8, 74
8, 10
8, 139
8, 75
8, 11
8, 140
8, 12
8, 76
8, 141
8, 13
8, 77
8, 142
8, 14
8, 78
8, 143
8, 15
8, 79
8, 16
8, 144
8, 80
8, 17
8, 145
8, 81
8, 18
8, 146
8, 82
8, 19
8, 147
8, 83
8, 84
8, 20
8, 148
8, 85
8, 21
8, 149
8, 86
8, 22
8, 150
8, 87
8, 23
8, 151
8, 88
8, 24
8, 152
8, 89
8, 25
8, 153
8, 90
8, 154
8, 26
8, 91
8, 155
8, 27
8, 156
8, 92
8, 28
8, 157
8, 93
8, 29
8, 158
8, 30
8, 94
8, 159
8, 31
8, 95
8, 160
8, 32
8, 96
8, 161
8, 33
8, 97
8, 34
8, 162
8, 98
8, 35
8, 163
8, 99
8, 36
8, 164
8, 100
8, 37
8, 165
8, 101
8, 102
8, 38
8, 166
8, 103
8, 39
8, 167
8, 104
8, 40
8, 168
8, 105
8, 41
8, 169
8, 106
8, 42
8, 170
8, 107
8, 43
8, 171
8, 108
8, 172
8, 44
8, 109
8, 173
8, 45
8, 174
8, 110
8, 46
8, 175
8, 111
8, 47
8, 176
8, 48
8, 112
8, 177
8, 49
8, 113
8, 178
8, 50
8, 114
8, 179
8, 51
8, 115
8, 52
8, 180
8, 116
8, 53
8, 181
8, 117
8, 54
8, 182
8, 118
8, 55
8, 183
8, 119
8, 120
8, 56
8, 184
8, 121
8, 57
8, 185
8, 122
8, 58
8, 186
8, 123
8, 59
8, 187
8, 124
8, 60
8, 188
8, 125
8, 61
8, 189
8, 126
8, 190
8, 62
8, 127
8, 191
8, 63
137, 128
137, 64
137, 192
137, 1
137, 129
137, 65
137, 193
137, 2
137, 130
137, 66
137, 194
137, 67
137, 195
137, 3
137, 131
137, 68
137, 196
137, 4
137, 132
137, 69
137, 197
137, 5
137, 133
137, 70
137, 198
137, 6
137, 134
137, 71
137, 199
137, 7
137, 135
137, 72
137, 200
137, 8
137, 136
137, 73
137, 137
137, 9
137, 74
137, 10
137, 138
137, 75
137, 11
137, 139
137, 76
137, 12
137, 140
137, 13
137, 141
137, 77
137, 14
137, 142
137, 78
137, 15
137, 143
137, 79
137, 16
137, 144
137, 80
137, 17
137, 145
137, 81
137, 18
137, 146
137, 82
137, 19
137, 147
137, 83
137, 20
137, 148
137, 84
137, 85
137, 21
137, 149
137, 86
137, 22
137, 150
137, 87
137, 23
137, 151
137, 88
137, 24
137, 152
137, 89
137, 25
137, 153
137, 90
137, 26
137, 154
137, 91
137, 155
137, 27
137, 92
137, 28
137, 156
137, 93
137, 29
137, 157
137, 94
137, 30
137, 158
137, 31
137, 159
137, 95
137, 32
137, 160
137, 96
137, 33
137, 161
137, 97
137, 34
137, 162
137, 98
137, 35
137, 163
137, 99
137, 36
137, 164
137, 100
137, 37
137, 165
137, 101
137, 38
137, 166
137, 102
137, 103
137, 39
137, 167
137, 104
137, 40
137, 168
137, 105
137, 41
137, 169
137, 106
137, 42
137, 170
137, 107
137, 43
137, 171
137, 108
137, 44
137, 172
137, 109
137, 173
137, 45
137, 110
137, 46
137, 174
137, 111
137, 47
137, 175
137, 112
137, 48
137, 176
137, 49
137, 177
137, 113
137, 50
137, 178
137, 114
137, 51
137, 179
137, 115
137, 52
137, 180
137, 116
137, 53
137, 181
137, 117
137, 54
137, 182
137, 118
137, 55
137, 183
137, 119
137, 56
137, 184
137, 120
137, 121
137, 57
137, 185
137, 122
137, 58
137, 186
137, 123
137, 59
137, 187
137, 124
137, 60
137, 188
137, 125
137, 61
137, 189
137, 126
137, 62
137, 190
137, 127
137, 191
137, 63
73, 64
73, 192
73, 128
73, 65
73, 193
73, 1
73, 129
73, 66
73, 194
73, 2
73, 130
73, 3
73, 131
73, 67
73, 195
73, 4
73, 132
73, 68
73, 196
73, 5
73, 133
73, 69
73, 197
73, 6
73, 134
73, 70
73, 198
73, 7
73, 135
73, 71
73, 199
73, 8
73, 136
73, 72
73, 200
73, 9
73, 137
73, 73
73, 10
73, 138
73, 74
73, 11
73, 139
73, 75
73, 12
73, 140
73, 76
73, 77
73, 13
73, 141
73, 78
73, 14
73, 142
73, 79
73, 15
73, 143
73, 80
73, 16
73, 144
73, 81
73, 145
73, 17
73, 82
73, 18
73, 146
73, 83
73, 19
73, 147
73, 84
73, 20
73, 148
73, 21
73, 149
73, 85
73, 22
73, 150
73, 86
73, 23
73, 151
73, 87
73, 24
73, 152
73, 88
73, 25
73, 153
73, 89
73, 26
73, 154
73, 90
73, 27
73, 155
73, 91
73, 28
73, 156
73, 92
73, 29
73, 157
73, 93
73, 30
73, 158
73, 94
73, 95
73, 31
73, 159
73, 96
73, 32
73, 160
73, 97
73, 33
73, 161
73, 98
73, 34
73, 162
73, 99
73, 35
73, 163
73, 100
73, 36
73, 164
73, 101
73, 37
73, 165
73, 102
73, 38
73, 166
73, 39
73, 167
73, 103
73, 40
73, 168
73, 104
73, 41
73, 169
73, 105
73, 42
73, 170
73, 106
73, 43
73, 171
73, 107
73, 44
73, 172
73, 108
73, 45
73, 173
73, 109
73, 46
73, 174
73, 110
73, 47
73, 175
73, 111
73, 48
73, 176
73, 112
73, 113
73, 49
73, 177
73, 114
73, 50
73, 178
73, 115
73, 51
73, 179
73, 116
73, 52
73, 180
73, 117
73, 53
73, 181
73, 118
73, 54
73, 182
73, 119
73, 55
73, 183
73, 120
73, 56
73, 184
73, 57
73, 185
73, 121
73, 58
73, 186
73, 122
73, 59
73, 187
73, 123
73, 60
73, 188
73, 124
73, 61
73, 189
73, 125
73, 62
73, 190
73, 126
73, 63
73, 191
73, 127
9, 128
9, 192
9, 64
9, 1
9, 193
9, 129
9, 65
9, 2
9, 194
9, 130
9, 66
9, 195
9, 67
9, 3
9, 131
9, 196
9, 68
9, 4
9, 132
9, 197
9, 69
9, 5
9, 133
9, 198
9, 70
9, 6
9, 134
9, 71
9, 199
9, 7
9, 135
9, 72
9, 200
9, 8
9, 136
9, 73
9, 9
9, 137
9, 74
9, 138
9, 10
9, 139
9, 75
9, 11
9, 140
9, 76
9, 12
9, 141
9, 13
9, 77
9, 142
9, 14
9, 78
9, 143
9, 15
9, 79
9, 144
9, 16
9, 80
9, 17
9, 145
9, 81
9, 18
9, 146
9, 82
9, 19
9, 147
9, 83
9, 20
9, 148
9, 84
9, 85
9, 21
9, 149
9, 86
9, 22
9, 150
9, 87
9, 23
9, 151
9, 88
9, 24
9, 152
9, 89
9, 25
9, 153
9, 90
9, 26
9, 154
9, 91
9, 155
9, 27
9, 92
9, 156
9, 28
9, 157
9, 93
9, 29
9, 158
9, 94
9, 30
9, 159
9, 31
9, 95
9, 160
9, 32
9, 96
9, 161
9, 33
9, 97
9, 162
9, 34
9, 98
9, 35
9, 163
9, 99
9, 36
9, 164
9, 100
9, 37
9, 165
9, 101
9, 38
9, 166
9, 102
9, 103
9, 39
9, 167
9, 104
9, 40
9, 168
9, 105
9, 41
9, 169
9, 106
9, 42
9, 170
9, 107
9, 43
9, 171
9, 108
9, 44
9, 172
9, 109
9, 173
9, 45
9, 110
9, 174
9, 46
9, 175
9, 111
9, 47
9, 176
9, 112
9, 48
9, 177
9, 49
9, 113
9, 178
9, 50
9, 114
9, 179
9, 51
9, 115
9, 180
9, 52
9, 116
9, 53
9, 181
9, 117
9, 54
9, 182
9, 118
9, 55
9, 183
9, 119
9, 56
9, 184
9, 120
9, 121
9, 57
9, 185
9, 122
9, 58
9, 186
9, 123
9, 59
9, 187
9, 124
9, 60
9, 188
9, 125
9, 61
9, 189
9, 126
9, 62
9, 190
9, 127
9, 191
9, 63
138, 128
138, 192
138, 64
138, 1
138, 129
138, 65
138, 193
138, 2
138, 130
138, 66
138, 194
138, 3
138, 131
138, 67
138, 195
138, 68
138, 196
138, 4
138, 132
138, 69
138, 197
138, 5
138, 133
138, 70
138, 198
138, 6
138, 134
138, 71
138, 199
138, 7
138, 135
138, 72
138, 200
138, 8
138, 136
138, 73
138, 9
138, 137
138, 74
138, 138
138, 10
138, 75
138, 11
138, 139
138, 76
138, 12
138, 140
138, 77
138, 13
138, 141
138, 14
138, 142
138, 78
138, 15
138, 143
138, 79
138, 16
138, 144
138, 80
138, 17
138, 145
138, 81
138, 18
138, 146
138, 82
138, 19
138, 147
138, 83
138, 20
138, 148
138, 84
138, 21
138, 149
138, 85
138, 86
138, 22
138, 150
138, 87
138, 23
138, 151
138, 88
138, 24
138, 152
138, 89
138, 25
138, 153
138, 90
138, 26
138, 154
138, 91
138, 27
138, 155
138, 92
138, 156
138, 28
138, 93
138, 29
138, 157
138, 94
138, 30
138, 158
138, 95
138, 31
138, 159
138, 32
138, 160
138, 96
138, 33
138, 161
138, 97
138, 34
138, 162
138, 98
138, 35
138, 163
138, 99
138, 36
138, 164
138, 100
138, 37
138, 165
138, 101
138, 38
138, 166
138, 102
138, 39
138, 167
138, 103
138, 104
138, 40
138, 168
138, 105
138, 41
138, 169
138, 106
138, 42
138, 170
138, 107
138, 43
138, 171
138, 108
138, 44
138, 172
138, 109
138, 45
138, 173
138, 110
138, 174
138, 46
138, 111
138, 47
138, 175
138, 112
138, 48
138, 176
138, 113
138, 49
138, 177
138, 50
138, 178
138, 114
138, 51
138, 179
138, 115
138, 52
138, 180
138, 116
138, 53
138, 181
138, 117
138, 54
138, 182
138, 118
138, 55
138, 183
138, 119
138, 56
138, 184
138, 120
138, 57
138, 185
138, 121
138, 122
138, 58
138, 186
138, 123
138, 59
138, 187
138, 124
138, 60
138, 188
138, 125
138, 61
138, 189
138, 126
138, 62
138, 190
138, 127
138, 63
138, 191
74, 64
74, 192
74, 128
74, 65
74, 193
74, 1
74, 129
74, 66
74, 194
74, 2
74, 130
74, 67
74, 195
74, 3
74, 131
74, 4
74, 132
74, 68
74, 196
74, 5
74, 133
74, 69
74, 197
74, 6
74, 134
74, 70
74, 198
74, 7
74, 135
74, 71
74, 199
74, 8
74, 136
74, 72
74, 200
74, 9
74, 137
74, 73
74, 10
74, 138
74, 74
74, 11
74, 139
74, 75
74, 12
74, 140
74, 76
74, 13
74, 141
74, 77
74, 78
74, 14
74, 142
74, 79
74, 15
74, 143
74, 80
74, 16
74, 144
74, 81
74, 17
74, 145
74, 82
74, 146
74, 18
74, 83
74, 19
74, 147
74, 84
74, 20
74, 148
74, 85
74, 21
74, 149
74, 22
74, 150
74, 86
74, 23
74, 151
74, 87
74, 24
74, 152
74, 88
74, 25
74, 153
74, 89
74, 26
74, 154
74, 90
74, 27
74, 155
74, 91
74, 28
74, 156
74, 92
74, 29
74, 157
74, 93
74, 30
74, 158
74, 94
74, 31
74, 159
74, 95
74, 96
74, 32
74, 160
74, 97
74, 33
74, 161
74, 98
74, 34
74, 162
74, 99
74, 35
74, 163
74, 100
74, 36
74, 164
74, 101
74, 37
74, 165
74, 102
74, 38
74, 166
74, 103
74, 39
74, 167
74, 40
74, 168
74, 104
74, 41
74, 169
74, 105
74, 42
74, 170
74, 106
74, 43
74, 171
74, 107
74, 44
74, 172
74, 108
74, 45
74, 173
74, 109
74, 46
74, 174
74, 110
74, 47
74, 175
74, 111
74, 48
74, 176
74, 112
74, 49
74, 177
74, 113
74, 114
74, 50
74, 178
74, 115
74, 51
74, 179
74, 116
74, 52
74, 180
74, 117
74, 53
74, 181
74, 118
74, 54
74, 182
74, 119
74, 55
74, 183
74, 120
74, 56
74, 184
74, 121
74, 57
74, 185
74, 58
74, 186
74, 122
74, 59
74, 187
74, 123
74, 60
74, 188
74, 124
74, 61
74, 189
74, 125
74, 62
74, 190
74, 126
74, 63
74, 191
74, 127
10, 128
10, 192
10, 64
10, 1
10, 129
10, 193
10, 65
10, 2
10, 194
10, 130
10, 66
10, 3
10, 195
10, 131
10, 67
10, 196
10, 68
10, 4
10, 132
10, 197
10, 69
10, 5
10, 133
10, 198
10, 70
10, 6
10, 134
10, 199
10, 71
10, 7
10, 135
10, 72
10, 200
10, 8
10, 136
10, 73
10, 9
10, 137
10, 74
10, 10
10, 138
10, 75
10, 139
10, 11
10, 140
10, 76
10, 12
10, 141
10, 77
10, 13
10, 142
10, 14
10, 78
10, 143
10, 15
10, 79
10, 144
10, 16
10, 80
10, 145
10, 17
10, 81
10, 18
10, 146
10, 82
10, 19
10, 147
10, 83
10, 20
10, 148
10, 84
10, 21
10, 149
10, 85
10, 86
10, 22
10, 150
10, 87
10, 23
10, 151
10, 88
10, 24
10, 152
10, 89
10, 25
10, 153
10, 90
10, 26
10, 154
10, 91
10, 27
10, 155
10, 92
10, 156
10, 28
10, 93
10, 157
10, 29
10, 158
10, 94
10, 30
10, 159
10, 95
10, 31
10, 160
10, 32
10, 96
10, 161
10, 33
10, 97
10, 162
10, 34
10, 98
10, 163
10, 35
10, 99
10, 36
10, 164
10, 100
10, 37
10, 165
10, 101
10, 38
10, 166
10, 102
10, 39
10, 167
10, 103
10, 104
10, 40
10, 168
10, 105
10, 41
10, 169
10, 106
10, 42
10, 170
10, 107
10, 43
10, 171
10, 108
10, 44
10, 172
10, 109
10, 45
10, 173
10, 110
10, 174
10, 46
10, 111
10, 175
10, 47
10, 176
10, 112
10, 48
10, 177
10, 113
10, 49
10, 178
10, 50
10, 114
10, 179
10, 51
10, 115
10, 180
10, 52
10, 116
10, 181
10, 53
10, 117
10, 54
10, 182
10, 118
10, 55
10, 183
10, 119
10, 56
10, 184
10, 120
10, 57
10, 185
10, 121
10, 122
10, 58
10, 186
10, 123
10, 59
10, 187
10, 124
10, 60
10, 188
10, 125
10, 61
10, 189
10, 126
10, 62
10, 190
10, 127
10, 63
10, 191
139, 128
139, 64
139, 192
139, 1
139, 129
139, 193
139, 65
139, 2
139, 130
139, 66
139, 194
139, 3
139, 131
139, 67
139, 195
139, 4
139, 132
139, 68
139, 196
139, 69
139, 197
139, 5
139, 133
139, 70
139, 198
139, 6
139, 134
139, 71
139, 199
139, 7
139, 135
139, 72
139, 200
139, 8
139, 136
139, 73
139, 9
139, 137
139, 74
139, 10
139, 138
139, 75
139, 139
139, 11
139, 76
139, 12
139, 140
139, 77
139, 13
139, 141
139, 78
139, 14
139, 142
139, 15
139, 143
139, 79
139, 16
139, 144
139, 80
139, 17
139, 145
139, 81
139, 18
139, 146
139, 82
139, 19
139, 147
139, 83
139, 20
139, 148
139, 84
139, 21
139, 149
139, 85
139, 22
139, 150
139, 86
139, 87
139, 23
139, 151
139, 88
139, 24
139, 152
139, 89
139, 25
139, 153
139, 90
139, 26
139, 154
139, 91
139, 27
139, 155
139, 92
139, 28
139, 156
139, 93
139, 157
139, 29
139, 94
139, 30
139, 158
139, 95
139, 31
139, 159
139, 96
139, 32
139, 160
139, 33
139, 161
139, 97
139, 34
139, 162
139, 98
139, 35
139, 163
139, 99
139, 36
139, 164
139, 100
139, 37
139, 165
139, 101
139, 38
139, 166
139, 102
139, 39
139, 167
139, 103
139, 40
139, 168
139, 104
139, 105
139, 41
139, 169
139, 106
139, 42
139, 170
139, 107
139, 43
139, 171
139, 108
139, 44
139, 172
139, 109
139, 45
139, 173
139, 110
139, 46
139, 174
139, 111
139, 175
139, 47
139, 112
139, 48
139, 176
139, 113
139, 49
139, 177
139, 114
139, 50
139, 178
139, 51
139, 179
139, 115
139, 52
139, 180
139, 116
139, 53
139, 181
139, 117
139, 54
139, 182
139, 118
139, 55
139, 183
139, 119
139, 56
139, 184
139, 120
139, 57
139, 185
139, 121
139, 58
139, 186
139, 122
139, 123
139, 59
139, 187
139, 124
139, 60
139, 188
139, 125
139, 61
139, 189
139, 126
139, 62
139, 190
139, 127
139, 63
139, 191
75, 64
75, 192
75, 128
75, 65
75, 193
75, 129
75, 1
75, 66
75, 194
75, 2
75, 130
75, 67
75, 195
75, 3
75, 131
75, 68
75, 196
75, 4
75, 132
75, 5
75, 133
75, 69
75, 197
75, 6
75, 134
75, 70
75, 198
75, 7
75, 135
75, 71
75, 199
75, 8
75, 136
75, 72
75, 200
75, 9
75, 137
75, 73
75, 10
75, 138
75, 74
75, 11
75, 139
75, 75
75, 12
75, 140
75, 76
75, 13
75, 141
75, 77
75, 14
75, 142
75, 78
75, 79
75, 15
75, 143
75, 80
75, 16
75, 144
75, 81
75, 17
75, 145
75, 82
75, 18
75, 146
75, 83
75, 147
75, 19
75, 84
75, 20
75, 148
75, 85
75, 21
75, 149
75, 86
75, 22
75, 150
75, 23
75, 151
75, 87
75, 24
75, 152
75, 88
75, 25
75, 153
75, 89
75, 26
75, 154
75, 90
75, 27
75, 155
75, 91
75, 28
75, 156
75, 92
75, 29
75, 157
75, 93
75, 30
75, 158
75, 94
75, 31
75, 159
75, 95
75, 32
75, 160
75, 96
75, 97
75, 33
75, 161
75, 98
75, 34
75, 162
75, 99
75, 35
75, 163
75, 100
75, 36
75, 164
75, 101
75, 37
75, 165
75, 102
75, 38
75, 166
75, 103
75, 39
75, 167
75, 104
75, 40
75, 168
75, 41
75, 169
75, 105
75, 42
75, 170
75, 106
75, 43
75, 171
75, 107
75, 44
75, 172
75, 108
75, 45
75, 173
75, 109
75, 46
75, 174
75, 110
75, 47
75, 175
75, 111
75, 48
75, 176
75, 112
75, 49
75, 177
75, 113
75, 50
75, 178
75, 114
75, 115
75, 51
75, 179
75, 116
75, 52
75, 180
75, 117
75, 53
75, 181
75, 118
75, 54
75, 182
75, 119
75, 55
75, 183
75, 120
75, 56
75, 184
75, 121
75, 57
75, 185
75, 122
75, 58
75, 186
75, 59
75, 187
75, 123
75, 60
75, 188
75, 124
75, 61
75, 189
75, 125
75, 62
75, 190
75, 126
75, 63
75, 191
75, 127
11, 128
11, 64
11, 192
11, 1
11, 129
11, 193
11, 65
11, 2
11, 130
11, 194
11, 66
11, 3
11, 195
11, 131
11, 67
11, 4
11, 196
11, 132
11, 68
11, 197
11, 69
11, 5
11, 133
11, 198
11, 70
11, 6
11, 134
11, 199
11, 71
11, 7
11, 135
11, 200
11, 72
11, 8
11, 136
11, 73
11, 9
11, 137
11, 74
11, 10
11, 138
11, 75
11, 11
11, 139
11, 76
11, 140
11, 12
11, 141
11, 77
11, 13
11, 142
11, 78
11, 14
11, 143
11, 15
11, 79
11, 144
11, 16
11, 80
11, 145
11, 17
11, 81
11, 146
11, 18
11, 82
11, 19
11, 147
11, 83
11, 20
11, 148
11, 84
11, 21
11, 149
11, 85
11, 22
11, 150
11, 86
11, 87
11, 23
11, 151
11, 88
11, 24
11, 152
11, 89
11, 25
11, 153
11, 90
11, 26
11, 154
11, 91
11, 27
11, 155
11, 92
11, 28
11, 156
11, 93
11, 157
11, 29
11, 94
11, 158
11, 30
11, 159
11, 95
11, 31
11, 160
11, 96
11, 32
11, 161
11, 33
11, 97
11, 162
11, 34
11, 98
11, 163
11, 35
11, 99
11, 164
11, 36
11, 100
11, 37
11, 165
11, 101
11, 38
11, 166
11, 102
11, 39
11, 167
11, 103
11, 40
11, 168
11, 104
11, 105
11, 41
11, 169
11, 106
11, 42
11, 170
11, 107
11, 43
11, 171
11, 108
11, 44
11, 172
11, 109
11, 45
11, 173
11, 110
11, 46
11, 174
11, 111
11, 175
11, 47
11, 112
11, 176
11, 48
11, 177
11, 113
11, 49
11, 178
11, 114
11, 50
11, 179
11, 51
11, 115
11, 180
11, 52
11, 116
11, 181
11, 53
11, 117
11, 182
11, 54
11, 118
11, 55
11, 183
11, 119
11, 56
11, 184
11, 120
11, 57
11, 185
11, 121
11, 58
11, 186
11, 122
11, 123
11, 59
11, 187
11, 124
11, 60
11, 188
11, 125
11, 61
11, 189
11, 126
11, 62
11, 190
11, 127
11, 63
11, 191
140, 128
140, 64
140, 192
140, 129
140, 1
140, 65
140, 193
140, 2
140, 130
140, 194
140, 66
140, 3
140, 131
140, 67
140, 195
140, 4
140, 132
140, 68
140, 196
140, 5
140, 133
140, 69
140, 197
140, 70
140, 198
140, 6
140, 134
140, 71
140, 199
140, 7
140, 135
140, 72
140, 200
140, 8
140, 136
140, 73
140, 9
140, 137
140, 74
140, 10
140, 138
140, 75
140, 11
140, 139
140, 76
140, 140
140, 12
140, 77
140, 13
140, 141
140, 78
140, 14
140, 142
140, 79
140, 15
140, 143
140, 16
140, 144
140, 80
140, 17
140, 145
140, 81
140, 18
140, 146
140, 82
140, 19
140, 147
140, 83
140, 20
140, 148
140, 84
140, 21
140, 149
140, 85
140, 22
140, 150
140, 86
140, 23
140, 151
140, 87
140, 88
140, 24
140, 152
140, 89
140, 25
140, 153
140, 90
140, 26
140, 154
140, 91
140, 27
140, 155
140, 92
140, 28
140, 156
140, 93
140, 29
140, 157
140, 94
140, 158
140, 30
140, 95
140, 31
140, 159
140, 96
140, 32
140, 160
140, 97
140, 33
140, 161
140, 34
140, 162
140, 98
140, 35
140, 163
140, 99
140, 36
140, 164
140, 100
140, 37
140, 165
140, 101
140, 38
140, 166
140, 102
140, 39
140, 167
140, 103
140, 40
140, 168
140, 104
140, 41
140, 169
140, 105
140, 106
140, 42
140, 170
140, 107
140, 43
140, 171
140, 108
140, 44
140, 172
140, 109
140, 45
140, 173
140, 110
140, 46
140, 174
140, 111
140, 47
140, 175
140, 112
140, 176
140, 48
140, 113
140, 49
140, 177
140, 114
140, 50
140, 178
140, 115
140, 51
140, 179
140, 52
140, 180
140, 116
140, 53
140, 181
140, 117
140, 54
140, 182
140, 118
140, 55
140, 183
140, 119
140, 56
140, 184
140, 120
140, 57
140, 185
140, 121
140, 58
140, 186
140, 122
140, 59
140, 187
140, 123
140, 124
140, 60
140, 188
140, 125
140, 61
140, 189
140, 126
140, 62
140, 190
140, 127
140, 63
140, 191
76, 64
76, 192
76, 128
76, 65
76, 193
76, 1
76, 129
76, 66
76, 194
76, 130
76, 2
76, 67
76, 195
76, 3
76, 131
76, 68
76, 196
76, 4
76, 132
76, 69
76, 197
76, 5
76, 133
76, 6
76, 134
76, 70
76, 198
76, 7
76, 135
76, 71
76, 199
76, 8
76, 136
76, 72
76, 200
76, 9
76, 137
76, 73
76, 10
76, 138
76, 74
76, 11
76, 139
76, 75
76, 12
76, 140
76, 76
76, 13
76, 141
76, 77
76, 14
76, 142
76, 78
76, 15
76, 143
76, 79
76, 80
76, 16
76, 144
76, 81
76, 17
76, 145
76, 82
76, 18
76, 146
76, 83
76, 19
76, 147
76, 84
76, 148
76, 20
76, 85
76, 21
76, 149
76, 86
76, 22
76, 150
76, 87
76, 23
76, 151
76, 24
76, 152
76, 88
76, 25
76, 153
76, 89
76, 26
76, 154
76, 90
76, 27
76, 155
76, 91
76, 28
76, 156
76, 92
76, 29
76, 157
76, 93
76, 30
76, 158
76, 94
76, 31
76, 159
76, 95
76, 32
76, 160
76, 96
76, 33
76, 161
76, 97
76, 98
76, 34
76, 162
76, 99
76, 35
76, 163
76, 100
76, 36
76, 164
76, 101
76, 37
76, 165
76, 102
76, 38
76, 166
76, 103
76, 39
76, 167
76, 104
76, 40
76, 168
76, 105
76, 41
76, 169
76, 42
76, 170
76, 106
76, 43
76, 171
76, 107
76, 44
76, 172
76, 108
76, 45
76, 173
76, 109
76, 46
76, 174
76, 110
76, 47
76, 175
76, 111
76, 48
76, 176
76, 112
76, 49
76, 177
76, 113
76, 50
76, 178
76, 114
76, 51
76, 179
76, 115
76, 116
76, 52
76, 180
76, 117
76, 53
76, 181
76, 118
76, 54
76, 182
76, 119
76, 55
76, 183
76, 120
76, 56
76, 184
76, 121
76, 57
76, 185
76, 122
76, 58
76, 186
76, 123
76, 59
76, 187
76, 60
76, 188
76, 124
76, 61
76, 189
76, 125
76, 62
76, 190
76, 126
76, 63
76, 191
76, 127
12, 128
12, 64
12, 192
12, 1
12, 129
12, 65
12, 193
12, 2
12, 130
12, 194
12, 66
12, 3
12, 131
12, 195
12, 67
12, 4
12, 196
12, 132
12, 68
12, 5
12, 197
12, 133
12, 69
12, 198
12, 70
12, 6
12, 134
12, 199
12, 71
12, 7
12, 135
12, 200
12, 72
12, 8
12, 136
12, 73
12, 9
12, 137
12, 74
12, 10
12, 138
12, 75
12, 11
12, 139
12, 76
12, 12
12, 140
12, 77
12, 141
12, 13
12, 142
12, 78
12, 14
12, 143
12, 79
12, 15
12, 144
12, 16
12, 80
12, 145
12, 17
12, 81
12, 146
12, 18
12, 82
12, 147
12, 19
12, 83
12, 20
12, 148
12, 84
12, 21
12, 149
12, 85
12, 22
12, 150
12, 86
12, 23
12, 151
12, 87
12, 88
12, 24
12, 152
12, 89
12, 25
12, 153
12, 90
12, 26
12, 154
12, 91
12, 27
12, 155
12, 92
12, 28
12, 156
12, 93
12, 29
12, 157
12, 94
12, 158
12, 30
12, 95
12, 159
12, 31
12, 160
12, 96
12, 32
12, 161
12, 97
12, 33
12, 162
12, 34
12, 98
12, 163
12, 35
12, 99
12, 164
12, 36
12, 100
12, 165
12, 37
12, 101
12, 38
12, 166
12, 102
12, 39
12, 167
12, 103
12, 40
12, 168
12, 104
12, 41
12, 169
12, 105
12, 106
12, 42
12, 170
12, 107
12, 43
12, 171
12, 108
12, 44
12, 172
12, 109
12, 45
12, 173
12, 110
12, 46
12, 174
12, 111
12, 47
12, 175
12, 112
12, 176
12, 48
12, 113
12, 177
12, 49
12, 178
12, 114
12, 50
12, 179
12, 115
12, 51
12, 180
12, 52
12, 116
12, 181
12, 53
12, 117
12, 182
12, 54
12, 118
12, 183
12, 55
12, 119
12, 56
12, 184
12, 120
12, 57
12, 185
12, 121
12, 58
12, 186
12, 122
12, 59
12, 187
12, 123
12, 124
12, 60
12, 188
12, 125
12, 61
12, 189
12, 126
12, 62
12, 190
12, 127
12, 63
12, 191
141, 128
141, 64
141, 192
141, 129
141, 1
141, 65
141, 193
141, 130
141, 2
141, 66
141, 194
141, 3
141, 131
141, 195
141, 67
141, 4
141, 132
141, 68
141, 196
141, 5
141, 133
141, 69
141, 197
141, 6
141, 134
141, 70
141, 198
141, 71
141, 199
141, 7
141, 135
141, 72
141, 200
141, 8
141, 136
141, 73
141, 9
141, 137
141, 74
141, 10
141, 138
141, 75
141, 11
141, 139
141, 76
141, 12
141, 140
141, 77
141, 141
141, 13
141, 78
141, 14
141, 142
141, 79
141, 15
141, 143
141, 80
141, 16
141, 144
141, 17
141, 145
141, 81
141, 18
141, 146
141, 82
141, 19
141, 147
141, 83
141, 20
141, 148
141, 84
141, 21
141, 149
141, 85
141, 22
141, 150
141, 86
141, 23
141, 151
141, 87
141, 24
141, 152
141, 88
141, 89
141, 25
141, 153
141, 90
141, 26
141, 154
141, 91
141, 27
141, 155
141, 92
141, 28
141, 156
141, 93
141, 29
141, 157
141, 94
141, 30
141, 158
141, 95
141, 159
141, 31
141, 96
141, 32
141, 160
141, 97
141, 33
141, 161
141, 98
141, 34
141, 162
141, 35
141, 163
141, 99
141, 36
141, 164
141, 100
141, 37
141, 165
141, 101
141, 38
141, 166
141, 102
141, 39
141, 167
141, 103
141, 40
141, 168
141, 104
141, 41
141, 169
141, 105
141, 42
141, 170
141, 106
141, 107
141, 43
141, 171
141, 108
141, 44
141, 172
141, 109
141, 45
141, 173
141, 110
141, 46
141, 174
141, 111
141, 47
141, 175
141, 112
141, 48
141, 176
141, 113
141, 177
141, 49
141, 114
141, 50
141, 178
141, 115
141, 51
141, 179
141, 116
141, 52
141, 180
141, 53
141, 181
141, 117
141, 54
141, 182
141, 118
141, 55
141, 183
141, 119
141, 56
141, 184
141, 120
141, 57
141, 185
141, 121
141, 58
141, 186
141, 122
141, 59
141, 187
141, 123
141, 60
141, 188
141, 124
141, 125
141, 61
141, 189
141, 126
141, 62
141, 190
141, 127
141, 63
141, 191
77, 64
77, 192
77, 128
77, 65
77, 193
77, 1
77, 129
77, 66
77, 194
77, 2
77, 130
77, 67
77, 195
77, 131
77, 3
77, 68
77, 196
77, 4
77, 132
77, 69
77, 197
77, 5
77, 133
77, 70
77, 198
77, 6
77, 134
77, 7
77, 135
77, 71
77, 199
77, 8
77, 136
77, 72
77, 200
77, 9
77, 137
77, 73
77, 10
77, 138
77, 74
77, 11
77, 139
77, 75
77, 12
77, 140
77, 76
77, 13
77, 141
77, 77
77, 14
77, 142
77, 78
77, 15
77, 143
77, 79
77, 16
77, 144
77, 80
77, 81
77, 17
77, 145
77, 82
77, 18
77, 146
77, 83
77, 19
77, 147
77, 84
77, 20
77, 148
77, 85
77, 149
77, 21
77, 86
77, 22
77, 150
77, 87
77, 23
77, 151
77, 88
77, 24
77, 152
77, 25
77, 153
77, 89
77, 26
77, 154
77, 90
77, 27
77, 155
77, 91
77, 28
77, 156
77, 92
77, 29
77, 157
77, 93
77, 30
77, 158
77, 94
77, 31
77, 159
77, 95
77, 32
77, 160
77, 96
77, 33
77, 161
77, 97
77, 34
77, 162
77, 98
77, 99
77, 35
77, 163
77, 100
77, 36
77, 164
77, 101
77, 37
77, 165
77, 102
77, 38
77, 166
77, 103
77, 39
77, 167
77, 104
77, 40
77, 168
77, 105
77, 41
77, 169
77, 106
77, 42
77, 170
77, 43
77, 171
77, 107
77, 44
77, 172
77, 108
77, 45
77, 173
77, 109
77, 46
77, 174
77, 110
77, 47
77, 175
77, 111
77, 48
77, 176
77, 112
77, 49
77, 177
77, 113
77, 50
77, 178
77, 114
77, 51
77, 179
77, 115
77, 52
77, 180
77, 116
77, 117
77, 53
77, 181
77, 118
77, 54
77, 182
77, 119
77, 55
77, 183
77, 120
77, 56
77, 184
77, 121
77, 57
77, 185
77, 122
77, 58
77, 186
77, 123
77, 59
77, 187
77, 124
77, 60
77, 188
77, 61
77, 189
77, 125
77, 62
77, 190
77, 126
77, 63
77, 191
77, 127
13, 128
13, 64
13, 192
13, 1
13, 129
13, 65
13, 193
13, 2
13, 130
13, 66
13, 194
13, 3
13, 131
13, 195
13, 67
13, 4
13, 132
13, 196
13, 68
13, 5
13, 197
13, 133
13, 69
13, 6
13, 198
13, 134
13, 70
13, 199
13, 71
13, 7
13, 135
13, 200
13, 72
13, 8
13, 136
13, 73
13, 9
13, 137
13, 74
13, 10
13, 138
13, 75
13, 11
13, 139
13, 76
13, 12
13, 140
13, 77
13, 13
13, 141
13, 78
13, 142
13, 14
13, 143
13, 79
13, 15
13, 144
13, 80
13, 16
13, 145
13, 17
13, 81
13, 146
13, 18
13, 82
13, 147
13, 19
13, 83
13, 148
13, 20
13, 84
13, 21
13, 149
13, 85
13, 22
13, 150
13, 86
13, 23
13, 151
13, 87
13, 24
13, 152
13, 88
13, 89
13, 25
13, 153
13, 90
13, 26
13, 154
13, 91
13, 27
13, 155
13, 92
13, 28
13, 156
13, 93
13, 29
13, 157
13, 94
13, 30
13, 158
13, 95
13, 159
13, 31
13, 96
13, 160
13, 32
13, 161
13, 97
13, 33
13, 162
13, 98
13, 34
13, 163
13, 35
13, 99
13, 164
13, 36
13, 100
13, 165
13, 37
13, 101
13, 166
13, 38
13, 102
13, 39
13, 167
13, 103
13, 40
13, 168
13, 104
13, 41
13, 169
13, 105
13, 42
13, 170
13, 106
13, 107
13, 43
13, 171
13, 108
13, 44
13, 172
13, 109
13, 45
13, 173
13, 110
13, 46
13, 174
13, 111
13, 47
13, 175
13, 112
13, 48
13, 176
13, 113
13, 177
13, 49
13, 114
13, 178
13, 50
13, 179
13, 115
13, 51
13, 180
13, 116
13, 52
13, 181
13, 53
13, 117
13, 182
13, 54
13, 118
13, 183
13, 55
13, 119
13, 184
13, 56
13, 120
13, 57
13, 185
13, 121
13, 58
13, 186
13, 122
13, 59
13, 187
13, 123
13, 60
13, 188
13, 124
13, 125
13, 61
13, 189
13, 126
13, 62
13, 190
13, 127
13, 63
13, 191
142, 128
142, 64
142, 192
142, 129
142, 1
142, 65
142, 193
142, 130
142, 2
142, 66
142, 194
142, 131
142, 3
142, 67
142, 195
142, 4
142, 132
142, 196
142, 68
142, 5
142, 133
142, 69
142, 197
142, 6
142, 134
142, 70
142, 198
142, 7
142, 135
142, 71
142, 199
142, 72
142, 200
142, 8
142, 136
142, 73
142, 9
142, 137
142, 74
142, 10
142, 138
142, 75
142, 11
142, 139
142, 76
142, 12
142, 140
142, 77
142, 13
142, 141
142, 78
142, 142
142, 14
142, 79
142, 15
142, 143
142, 80
142, 16
142, 144
142, 81
142, 17
142, 145
142, 18
142, 146
142, 82
142, 19
142, 147
142, 83
142, 20
142, 148
142, 84
142, 21
142, 149
142, 85
142, 22
142, 150
142, 86
142, 23
142, 151
142, 87
142, 24
142, 152
142, 88
142, 25
142, 153
142, 89
142, 90
142, 26
142, 154
142, 91
142, 27
142, 155
142, 92
142, 28
142, 156
142, 93
142, 29
142, 157
142, 94
142, 30
142, 158
142, 95
142, 31
142, 159
142, 96
142, 160
142, 32
142, 97
142, 33
142, 161
142, 98
142, 34
142, 162
142, 99
142, 35
142, 163
142, 36
142, 164
142, 100
142, 37
142, 165
142, 101
142, 38
142, 166
142, 102
142, 39
142, 167
142, 103
142, 40
142, 168
142, 104
142, 41
142, 169
142, 105
142, 42
142, 170
142, 106
142, 43
142, 171
142, 107
142, 108
142, 44
142, 172
142, 109
142, 45
142, 173
142, 110
142, 46
142, 174
142, 111
142, 47
142, 175
142, 112
142, 48
142, 176
142, 113
142, 49
142, 177
142, 114
142, 178
142, 50
142, 115
142, 51
142, 179
142, 116
142, 52
142, 180
142, 117
142, 53
142, 181
142, 54
142, 182
142, 118
142, 55
142, 183
142, 119
142, 56
142, 184
142, 120
142, 57
142, 185
142, 121
142, 58
142, 186
142, 122
142, 59
142, 187
142, 123
142, 60
142, 188
142, 124
142, 61
142, 189
142, 125
142, 126
142, 62
142, 190
142, 127
142, 63
142, 191
78, 64
78, 192
78, 128
78, 65
78, 193
78, 1
78, 129
78, 66
78, 194
78, 2
78, 130
78, 67
78, 195
78, 3
78, 131
78, 68
78, 196
78, 132
78, 4
78, 69
78, 197
78, 5
78, 133
78, 70
78, 198
78, 6
78, 134
78, 71
78, 199
78, 7
78, 135
78, 8
78, 136
78, 72
78, 200
78, 9
78, 137
78, 73
78, 10
78, 138
78, 74
78, 11
78, 139
78, 75
78, 12
78, 140
78, 76
78, 13
78, 141
78, 77
78, 14
78, 142
78, 78
78, 15
78, 143
78, 79
78, 16
78, 144
78, 80
78, 17
78, 145
78, 81
78, 82
78, 18
78, 146
78, 83
78, 19
78, 147
78, 84
78, 20
78, 148
78, 85
78, 21
78, 149
78, 86
78, 150
78, 22
78, 87
78, 23
78, 151
78, 88
78, 24
78, 152
78, 89
78, 25
78, 153
78, 26
78, 154
78, 90
78, 27
78, 155
78, 91
78, 28
78, 156
78, 92
78, 29
78, 157
78, 93
78, 30
78, 158
78, 94
78, 31
78, 159
78, 95
78, 32
78, 160
78, 96
78, 33
78, 161
78, 97
78, 34
78, 162
78, 98
78, 35
78, 163
78, 99
78, 100
78, 36
78, 164
78, 101
78, 37
78, 165
78, 102
78, 38
78, 166
78, 103
78, 39
78, 167
78, 104
78, 40
78, 168
78, 105
78, 41
78, 169
78, 106
78, 42
78, 170
78, 107
78, 43
78, 171
78, 44
78, 172
78, 108
78, 45
78, 173
78, 109
78, 46
78, 174
78, 110
78, 47
78, 175
78, 111
78, 48
78, 176
78, 112
78, 49
78, 177
78, 113
78, 50
78, 178
78, 114
78, 51
78, 179
78, 115
78, 52
78, 180
78, 116
78, 53
78, 181
78, 117
78, 118
78, 54
78, 182
78, 119
78, 55
78, 183
78, 120
78, 56
78, 184
78, 121
78, 57
78, 185
78, 122
78, 58
78, 186
78, 123
78, 59
78, 187
78, 124
78, 60
78, 188
78, 125
78, 61
78, 189
78, 62
78, 190
78, 126
78, 63
78, 191
78, 127
14, 128
14, 64
14, 192
14, 1
14, 129
14, 65
14, 193
14, 2
14, 130
14, 66
14, 194
14, 3
14, 131
14, 67
14, 195
14, 4
14, 132
14, 196
14, 68
14, 5
14, 133
14, 197
14, 69
14, 6
14, 198
14, 134
14, 70
14, 7
14, 199
14, 135
14, 71
14, 200
14, 72
14, 8
14, 136
14, 73
14, 9
14, 137
14, 74
14, 10
14, 138
14, 75
14, 11
14, 139
14, 76
14, 12
14, 140
14, 77
14, 13
14, 141
14, 78
14, 14
14, 142
14, 79
14, 143
14, 15
14, 144
14, 80
14, 16
14, 145
14, 81
14, 17
14, 146
14, 18
14, 82
14, 147
14, 19
14, 83
14, 148
14, 20
14, 84
14, 149
14, 21
14, 85
14, 22
14, 150
14, 86
14, 23
14, 151
14, 87
14, 24
14, 152
14, 88
14, 25
14, 153
14, 89
14, 90
14, 26
14, 154
14, 91
14, 27
14, 155
14, 92
14, 28
14, 156
14, 93
14, 29
14, 157
14, 94
14, 30
14, 158
14, 95
14, 31
14, 159
14, 96
14, 160
14, 32
14, 97
14, 161
14, 33
14, 162
14, 98
14, 34
14, 163
14, 99
14, 35
14, 164
14, 36
14, 100
14, 165
14, 37
14, 101
14, 166
14, 38
14, 102
14, 167
14, 39
14, 103
14, 40
14, 168
14, 104
14, 41
14, 169
14, 105
14, 42
14, 170
14, 106
14, 43
14, 171
14, 107
14, 108
14, 44
14, 172
14, 109
14, 45
14, 173
14, 110
14, 46
14, 174
14, 111
14, 47
14, 175
14, 112
14, 48
14, 176
14, 113
14, 49
14, 177
14, 114
14, 178
14, 50
14, 115
14, 179
14, 51
14, 180
14, 116
14, 52
14, 181
14, 117
14, 53
14, 182
14, 54
14, 118
14, 183
14, 55
14, 119
14, 184
14, 56
14, 120
14, 185
14, 57
14, 121
14, 58
14, 186
14, 122
14, 59
14, 187
14, 123
14, 60
14, 188
14, 124
14, 61
14, 189
14, 125
14, 126
14, 62
14, 190
14, 127
14, 63
14, 191
143, 128
143, 64
143, 192
143, 129
143, 1
143, 65
143, 193
143, 130
143, 2
143, 66
143, 194
143, 131
143, 3
143, 67
143, 195
143, 132
143, 4
143, 68
143, 196
143, 5
143, 133
143, 197
143, 69
143, 6
143, 134
143, 70
143, 198
143, 7
143, 135
143, 71
143, 199
143, 8
143, 136
143, 72
143, 200
143, 73
143, 9
143, 137
143, 74
143, 10
143, 138
143, 75
143, 11
143, 139
143, 76
143, 12
143, 140
143, 77
143, 13
143, 141
143, 78
143, 14
143, 142
143, 79
143, 143
143, 15
143, 80
143, 16
143, 144
143, 81
143, 17
143, 145
143, 82
143, 18
143, 146
143, 19
143, 147
143, 83
143, 20
143, 148
143, 84
143, 21
143, 149
143, 85
143, 22
143, 150
143, 86
143, 23
143, 151
143, 87
143, 24
143, 152
143, 88
143, 25
143, 153
143, 89
143, 26
143, 154
143, 90
143, 91
143, 27
143, 155
143, 92
143, 28
143, 156
143, 93
143, 29
143, 157
143, 94
143, 30
143, 158
143, 95
143, 31
143, 159
143, 96
143, 32
143, 160
143, 97
143, 161
143, 33
143, 98
143, 34
143, 162
143, 99
143, 35
143, 163
143, 100
143, 36
143, 164
143, 37
143, 165
143, 101
143, 38
143, 166
143, 102
143, 39
143, 167
143, 103
143, 40
143, 168
143, 104
143, 41
143, 169
143, 105
143, 42
143, 170
143, 106
143, 43
143, 171
143, 107
143, 44
143, 172
143, 108
143, 109
143, 45
143, 173
143, 110
143, 46
143, 174
143, 111
143, 47
143, 175
143, 112
143, 48
143, 176
143, 113
143, 49
143, 177
143, 114
143, 50
143, 178
143, 115
143, 179
143, 51
143, 116
143, 52
143, 180
143, 117
143, 53
143, 181
143, 118
143, 54
143, 182
143, 55
143, 183
143, 119
143, 56
143, 184
143, 120
143, 57
143, 185
143, 121
143, 58
143, 186
143, 122
143, 59
143, 187
143, 123
143, 60
143, 188
143, 124
143, 61
143, 189
143, 125
143, 62
143, 190
143, 126
143, 127
143, 63
143, 191
79, 64
79, 192
79, 128
79, 65
79, 193
79, 1
79, 129
79, 66
79, 194
79, 2
79, 130
79, 67
79, 195
79, 3
79, 131
79, 68
79, 196
79, 4
79, 132
79, 69
79, 197
79, 133
79, 5
79, 70
79, 198
79, 6
79, 134
79, 71
79, 199
79, 7
79, 135
79, 72
79, 200
79, 8
79, 136
79, 9
79, 137
79, 73
79, 10
79, 138
79, 74
79, 11
79, 139
79, 75
79, 12
79, 140
79, 76
79, 13
79, 141
79, 77
79, 14
79, 142
79, 78
79, 15
79, 143
79, 79
79, 16
79, 144
79, 80
79, 17
79, 145
79, 81
79, 18
79, 146
79, 82
79, 83
79, 19
79, 147
79, 84
79, 20
79, 148
79, 85
79, 21
79, 149
79, 86
79, 22
79, 150
79, 87
79, 151
79, 23
79, 88
79, 24
79, 152
79, 89
79, 25
79, 153
79, 90
79, 26
79, 154
79, 27
79, 155
79, 91
79, 28
79, 156
79, 92
79, 29
79, 157
79, 93
79, 30
79, 158
79, 94
79, 31
79, 159
79, 95
79, 32
79, 160
79, 96
79, 33
79, 161
79, 97
79, 34
79, 162
79, 98
79, 35
79, 163
79, 99
79, 36
79, 164
79, 100
79, 101
79, 37
79, 165
79, 102
79, 38
79, 166
79, 103
79, 39
79, 167
79, 104
79, 40
79, 168
79, 105
79, 41
79, 169
79, 106
79, 42
79, 170
79, 107
79, 43
79, 171
79, 108
79, 44
79, 172
79, 45
79, 173
79, 109
79, 46
79, 174
79, 110
79, 47
79, 175
79, 111
79, 48
79, 176
79, 112
79, 49
79, 177
79, 113
79, 50
79, 178
79, 114
79, 51
79, 179
79, 115
79, 52
79, 180
79, 116
79, 53
79, 181
79, 117
79, 54
79, 182
79, 118
79, 119
79, 55
79, 183
79, 120
79, 56
79, 184
79, 121
79, 57
79, 185
79, 122
79, 58
79, 186
79, 123
79, 59
79, 187
79, 124
79, 60
79, 188
79, 125
79, 61
79, 189
79, 126
79, 62
79, 190
79, 63
79, 191
79, 127
15, 128
15, 64
15, 192
15, 1
15, 129
15, 65
15, 193
15, 2
15, 130
15, 66
15, 194
15, 3
15, 131
15, 67
15, 195
15, 4
15, 132
15, 68
15, 196
15, 5
15, 133
15, 197
15, 69
15, 6
15, 134
15, 198
15, 70
15, 7
15, 199
15, 135
15, 71
15, 8
15, 200
15, 136
15, 72
15, 73
15, 9
15, 137
15, 74
15, 10
15, 138
15, 75
15, 11
15, 139
15, 76
15, 12
15, 140
15, 77
15, 13
15, 141
15, 78
15, 14
15, 142
15, 79
15, 15
15, 143
15, 80
15, 144
15, 16
15, 145
15, 81
15, 17
15, 146
15, 82
15, 18
15, 147
15, 19
15, 83
15, 148
15, 20
15, 84
15, 149
15, 21
15, 85
15, 150
15, 22
15, 86
15, 23
15, 151
15, 87
15, 24
15, 152
15, 88
15, 25
15, 153
15, 89
15, 26
15, 154
15, 90
15, 91
15, 27
15, 155
15, 92
15, 28
15, 156
15, 93
15, 29
15, 157
15, 94
15, 30
15, 158
15, 95
15, 31
15, 159
15, 96
15, 32
15, 160
15, 97
15, 161
15, 33
15, 98
15, 162
15, 34
15, 163
15, 99
15, 35
15, 164
15, 100
15, 36
15, 165
15, 37
15, 101
15, 166
15, 38
15, 102
15, 167
15, 39
15, 103
15, 168
15, 40
15, 104
15, 41
15, 169
15, 105
15, 42
15, 170
15, 106
15, 43
15, 171
15, 107
15, 44
15, 172
15, 108
15, 109
15, 45
15, 173
15, 110
15, 46
15, 174
15, 111
15, 47
15, 175
15, 112
15, 48
15, 176
15, 113
15, 49
15, 177
15, 114
15, 50
15, 178
15, 115
15, 179
15, 51
15, 116
15, 180
15, 52
15, 181
15, 117
15, 53
15, 182
15, 118
15, 54
15, 183
15, 55
15, 119
15, 184
15, 56
15, 120
15, 185
15, 57
15, 121
15, 186
15, 58
15, 122
15, 59
15, 187
15, 123
15, 60
15, 188
15, 124
15, 61
15, 189
15, 125
15, 62
15, 190
15, 126
15, 127
15, 63
15, 191
144, 128
144, 64
144, 192
144, 129
144, 65
144, 193
144, 1
144, 130
144, 2
144, 66
144, 194
144, 131
144, 3
144, 67
144, 195
144, 132
144, 4
144, 68
144, 196
144, 133
144, 5
144, 69
144, 197
144, 6
144, 134
144, 198
144, 70
144, 7
144, 135
144, 71
144, 199
144, 8
144, 136
144, 72
144, 200
144, 9
144, 137
144, 73
144, 74
144, 10
144, 138
144, 75
144, 11
144, 139
144, 76
144, 12
144, 140
144, 77
144, 13
144, 141
144, 78
144, 14
144, 142
144, 79
144, 15
144, 143
144, 80
144, 144
144, 16
144, 81
144, 17
144, 145
144, 82
144, 18
144, 146
144, 83
144, 19
144, 147
144, 20
144, 148
144, 84
144, 21
144, 149
144, 85
144, 22
144, 150
144, 86
144, 23
144, 151
144, 87
144, 24
144, 152
144, 88
144, 25
144, 153
144, 89
144, 26
144, 154
144, 90
144, 27
144, 155
144, 91
144, 92
144, 28
144, 156
144, 93
144, 29
144, 157
144, 94
144, 30
144, 158
144, 95
144, 31
144, 159
144, 96
144, 32
144, 160
144, 97
144, 33
144, 161
144, 98
144, 162
144, 34
144, 99
144, 35
144, 163
144, 100
144, 36
144, 164
144, 101
144, 37
144, 165
144, 38
144, 166
144, 102
144, 39
144, 167
144, 103
144, 40
144, 168
144, 104
144, 41
144, 169
144, 105
144, 42
144, 170
144, 106
144, 43
144, 171
144, 107
144, 44
144, 172
144, 108
144, 45
144, 173
144, 109
144, 110
144, 46
144, 174
144, 111
144, 47
144, 175
144, 112
144, 48
144, 176
144, 113
144, 49
144, 177
144, 114
144, 50
144, 178
144, 115
144, 51
144, 179
144, 116
144, 180
144, 52
144, 117
144, 53
144, 181
144, 118
144, 54
144, 182
144, 119
144, 55
144, 183
144, 56
144, 184
144, 120
144, 57
144, 185
144, 121
144, 58
144, 186
144, 122
144, 59
144, 187
144, 123
144, 60
144, 188
144, 124
144, 61
144, 189
144, 125
144, 62
144, 190
144, 126
144, 63
144, 191
144, 127
80, 64
80, 192
80, 128
80, 65
80, 193
80, 1
80, 129
80, 66
80, 194
80, 2
80, 130
80, 67
80, 195
80, 3
80, 131
80, 68
80, 196
80, 4
80, 132
80, 69
80, 197
80, 5
80, 133
80, 70
80, 198
80, 134
80, 6
80, 71
80, 199
80, 7
80, 135
80, 72
80, 200
80, 8
80, 136
80, 73
80, 9
80, 137
80, 10
80, 138
80, 74
80, 11
80, 139
80, 75
80, 12
80, 140
80, 76
80, 13
80, 141
80, 77
80, 14
80, 142
80, 78
80, 15
80, 143
80, 79
80, 16
80, 144
80, 80
80, 17
80, 145
80, 81
80, 18
80, 146
80, 82
80, 19
80, 147
80, 83
80, 84
80, 20
80, 148
80, 85
80, 21
80, 149
80, 86
80, 22
80, 150
80, 87
80, 23
80, 151
80, 88
80, 152
80, 24
80, 89
80, 25
80, 153
80, 90
80, 26
80, 154
80, 91
80, 27
80, 155
80, 28
80, 156
80, 92
80, 29
80, 157
80, 93
80, 30
80, 158
80, 94
80, 31
80, 159
80, 95
80, 32
80, 160
80, 96
80, 33
80, 161
80, 97
80, 34
80, 162
80, 98
80, 35
80, 163
80, 99
80, 36
80, 164
80, 100
80, 37
80, 165
80, 101
80, 102
80, 38
80, 166
80, 103
80, 39
80, 167
80, 104
80, 40
80, 168
80, 105
80, 41
80, 169
80, 106
80, 42
80, 170
80, 107
80, 43
80, 171
80, 108
80, 44
80, 172
80, 109
80, 45
80, 173
80, 46
80, 174
80, 110
80, 47
80, 175
80, 111
80, 48
80, 176
80, 112
80, 49
80, 177
80, 113
80, 50
80, 178
80, 114
80, 51
80, 179
80, 115
80, 52
80, 180
80, 116
80, 53
80, 181
80, 117
80, 54
80, 182
80, 118
80, 55
80, 183
80, 119
80, 120
80, 56
80, 184
80, 121
80, 57
80, 185
80, 122
80, 58
80, 186
80, 123
80, 59
80, 187
80, 124
80, 60
80, 188
80, 125
80, 61
80, 189
80, 126
80, 62
80, 190
80, 127
80, 63
80, 191
16, 128
16, 64
16, 192
16, 1
16, 129
16, 65
16, 193
16, 2
16, 130
16, 66
16, 194
16, 3
16, 131
16, 67
16, 195
16, 4
16, 132
16, 68
16, 196
16, 5
16, 133
16, 69
16, 197
16, 6
16, 134
16, 198
16, 70
16, 7
16, 135
16, 199
16, 71
16, 8
16, 200
16, 136
16, 72
16, 9
16, 137
16, 73
16, 74
16, 10
16, 138
16, 75
16, 11
16, 139
16, 76
16, 12
16, 140
16, 77
16, 13
16, 141
16, 78
16, 14
16, 142
16, 79
16, 15
16, 143
16, 80
16, 16
16, 144
16, 81
16, 145
16, 17
16, 146
16, 82
16, 18
16, 147
16, 83
16, 19
16, 148
16, 20
16, 84
16, 149
16, 21
16, 85
16, 150
16, 22
16, 86
16, 151
16, 23
16, 87
16, 24
16, 152
16, 88
16, 25
16, 153
16, 89
16, 26
16, 154
16, 90
16, 27
16, 155
16, 91
16, 92
16, 28
16, 156
16, 93
16, 29
16, 157
16, 94
16, 30
16, 158
16, 95
16, 31
16, 159
16, 96
16, 32
16, 160
16, 97
16, 33
16, 161
16, 98
16, 162
16, 34
16, 99
16, 163
16, 35
16, 164
16, 100
16, 36
16, 165
16, 101
16, 37
16, 166
16, 38
16, 102
16, 167
16, 39
16, 103
16, 168
16, 40
16, 104
16, 169
16, 41
16, 105
16, 42
16, 170
16, 106
16, 43
16, 171
16, 107
16, 44
16, 172
16, 108
16, 45
16, 173
16, 109
16, 110
16, 46
16, 174
16, 111
16, 47
16, 175
16, 112
16, 48
16, 176
16, 113
16, 49
16, 177
16, 114
16, 50
16, 178
16, 115
16, 51
16, 179
16, 116
16, 180
16, 52
16, 117
16, 181
16, 53
16, 182
16, 118
16, 54
16, 183
16, 119
16, 55
16, 184
16, 56
16, 120
16, 185
16, 57
16, 121
16, 186
16, 58
16, 122
16, 187
16, 59
16, 123
16, 60
16, 188
16, 124
16, 61
16, 189
16, 125
16, 62
16, 190
16, 126
16, 63
16, 191
16, 127
145, 64
145, 192
145, 128
145, 129
145, 65
145, 193
145, 1
145, 130
145, 66
145, 194
145, 2
145, 131
145, 3
145, 67
145, 195
145, 132
145, 4
145, 68
145, 196
145, 133
145, 5
145, 69
145, 197
145, 134
145, 6
145, 70
145, 198
145, 7
145, 135
145, 199
145, 71
145, 8
145, 136
145, 72
145, 200
145, 9
145, 137
145, 73
145, 10
145, 138
145, 74
145, 75
145, 11
145, 139
145, 76
145, 12
145, 140
145, 77
145, 13
145, 141
145, 78
145, 14
145, 142
145, 79
145, 15
145, 143
145, 80
145, 16
145, 144
145, 81
145, 145
145, 17
145, 82
145, 18
145, 146
145, 83
145, 19
145, 147
145, 84
145, 20
145, 148
145, 21
145, 149
145, 85
145, 22
145, 150
145, 86
145, 23
145, 151
145, 87
145, 24
145, 152
145, 88
145, 25
145, 153
145, 89
145, 26
145, 154
145, 90
145, 27
145, 155
145, 91
145, 28
145, 156
145, 92
145, 93
145, 29
145, 157
145, 94
145, 30
145, 158
145, 95
145, 31
145, 159
145, 96
145, 32
145, 160
145, 97
145, 33
145, 161
145, 98
145, 34
145, 162
145, 99
145, 163
145, 35
145, 100
145, 36
145, 164
145, 101
145, 37
145, 165
145, 102
145, 38
145, 166
145, 39
145, 167
145, 103
145, 40
145, 168
145, 104
145, 41
145, 169
145, 105
145, 42
145, 170
145, 106
145, 43
145, 171
145, 107
145, 44
145, 172
145, 108
145, 45
145, 173
145, 109
145, 46
145, 174
145, 110
145, 111
145, 47
145, 175
145, 112
145, 48
145, 176
145, 113
145, 49
145, 177
145, 114
145, 50
145, 178
145, 115
145, 51
145, 179
145, 116
145, 52
145, 180
145, 117
145, 181
145, 53
145, 118
145, 54
145, 182
145, 119
145, 55
145, 183
145, 120
145, 56
145, 184
145, 57
145, 185
145, 121
145, 58
145, 186
145, 122
145, 59
145, 187
145, 123
145, 60
145, 188
145, 124
145, 61
145, 189
145, 125
145, 62
145, 190
145, 126
145, 63
145, 191
145, 127
81, 128
81, 64
81, 192
81, 65
81, 193
81, 1
81, 129
81, 66
81, 194
81, 2
81, 130
81, 67
81, 195
81, 3
81, 131
81, 68
81, 196
81, 4
81, 132
81, 69
81, 197
81, 5
81, 133
81, 70
81, 198
81, 6
81, 134
81, 71
81, 199
81, 135
81, 7
81, 72
81, 200
81, 8
81, 136
81, 73
81, 9
81, 137
81, 74
81, 10
81, 138
81, 11
81, 139
81, 75
81, 12
81, 140
81, 76
81, 13
81, 141
81, 77
81, 14
81, 142
81, 78
81, 15
81, 143
81, 79
81, 16
81, 144
81, 80
81, 17
81, 145
81, 81
81, 18
81, 146
81, 82
81, 19
81, 147
81, 83
81, 20
81, 148
81, 84
81, 85
81, 21
81, 149
81, 86
81, 22
81, 150
81, 87
81, 23
81, 151
81, 88
81, 24
81, 152
81, 89
81, 153
81, 25
81, 90
81, 26
81, 154
81, 91
81, 27
81, 155
81, 92
81, 28
81, 156
81, 29
81, 157
81, 93
81, 30
81, 158
81, 94
81, 31
81, 159
81, 95
81, 32
81, 160
81, 96
81, 33
81, 161
81, 97
81, 34
81, 162
81, 98
81, 35
81, 163
81, 99
81, 36
81, 164
81, 100
81, 37
81, 165
81, 101
81, 38
81, 166
81, 102
81, 103
81, 39
81, 167
81, 104
81, 40
81, 168
81, 105
81, 41
81, 169
81, 106
81, 42
81, 170
81, 107
81, 43
81, 171
81, 108
81, 44
81, 172
81, 109
81, 45
81, 173
81, 110
81, 46
81, 174
81, 47
81, 175
81, 111
81, 48
81, 176
81, 112
81, 49
81, 177
81, 113
81, 50
81, 178
81, 114
81, 51
81, 179
81, 115
81, 52
81, 180
81, 116
81, 53
81, 181
81, 117
81, 54
81, 182
81, 118
81, 55
81, 183
81, 119
81, 56
81, 184
81, 120
81, 121
81, 57
81, 185
81, 122
81, 58
81, 186
81, 123
81, 59
81, 187
81, 124
81, 60
81, 188
81, 125
81, 61
81, 189
81, 126
81, 62
81, 190
81, 127
81, 63
81, 191
17, 64
17, 192
17, 128
17, 1
17, 129
17, 65
17, 193
17, 2
17, 130
17, 66
17, 194
17, 3
17, 131
17, 67
17, 195
17, 4
17, 132
17, 68
17, 196
17, 5
17, 133
17, 69
17, 197
17, 6
17, 134
17, 70
17, 198
17, 7
17, 135
17, 199
17, 71
17, 8
17, 136
17, 200
17, 72
17, 9
17, 137
17, 73
17, 10
17, 138
17, 74
17, 75
17, 11
17, 139
17, 76
17, 12
17, 140
17, 77
17, 13
17, 141
17, 78
17, 14
17, 142
17, 79
17, 15
17, 143
17, 80
17, 16
17, 144
17, 81
17, 17
17, 145
17, 82
17, 146
17, 18
17, 147
17, 83
17, 19
17, 148
17, 84
17, 20
17, 149
17, 21
17, 85
17, 150
17, 22
17, 86
17, 151
17, 23
17, 87
17, 152
17, 24
17, 88
17, 25
17, 153
17, 89
17, 26
17, 154
17, 90
17, 27
17, 155
17, 91
17, 28
17, 156
17, 92
17, 93
17, 29
17, 157
17, 94
17, 30
17, 158
17, 95
17, 31
17, 159
17, 96
17, 32
17, 160
17, 97
17, 33
17, 161
17, 98
17, 34
17, 162
17, 99
17, 163
17, 35
17, 100
17, 164
17, 36
17, 165
17, 101
17, 37
17, 166
17, 102
17, 38
17, 167
17, 39
17, 103
17, 168
17, 40
17, 104
17, 169
17, 41
17, 105
17, 170
17, 42
17, 106
17, 43
17, 171
17, 107
17, 44
17, 172
17, 108
17, 45
17, 173
17, 109
17, 46
17, 174
17, 110
17, 111
17, 47
17, 175
17, 112
17, 48
17, 176
17, 113
17, 49
17, 177
17, 114
17, 50
17, 178
17, 115
17, 51
17, 179
17, 116
17, 52
17, 180
17, 117
17, 181
17, 53
17, 118
17, 182
17, 54
17, 183
17, 119
17, 55
17, 184
17, 120
17, 56
17, 185
17, 57
17, 121
17, 186
17, 58
17, 122
17, 187
17, 59
17, 123
17, 188
17, 60
17, 124
17, 61
17, 189
17, 125
17, 62
17, 190
17, 126
17, 63
17, 191
17, 127
146, 64
146, 192
146, 128
146, 65
146, 193
146, 129
146, 1
146, 130
146, 66
146, 194
146, 2
146, 131
146, 67
146, 195
146, 3
146, 132
146, 4
146, 68
146, 196
146, 133
146, 5
146, 69
146, 197
146, 134
146, 6
146, 70
146, 198
146, 135
146, 7
146, 71
146, 199
146, 8
146, 136
146, 200
146, 72
146, 9
146, 137
146, 73
146, 10
146, 138
146, 74
146, 11
146, 139
146, 75
146, 76
146, 12
146, 140
146, 77
146, 13
146, 141
146, 78
146, 14
146, 142
146, 79
146, 15
146, 143
146, 80
146, 16
146, 144
146, 81
146, 17
146, 145
146, 82
146, 146
146, 18
146, 83
146, 19
146, 147
146, 84
146, 20
146, 148
146, 85
146, 21
146, 149
146, 22
146, 150
146, 86
146, 23
146, 151
146, 87
146, 24
146, 152
146, 88
146, 25
146, 153
146, 89
146, 26
146, 154
146, 90
146, 27
146, 155
146, 91
146, 28
146, 156
146, 92
146, 29
146, 157
146, 93
146, 94
146, 30
146, 158
146, 95
146, 31
146, 159
146, 96
146, 32
146, 160
146, 97
146, 33
146, 161
146, 98
146, 34
146, 162
146, 99
146, 35
146, 163
146, 100
146, 164
146, 36
146, 101
146, 37
146, 165
146, 102
146, 38
146, 166
146, 103
146, 39
146, 167
146, 40
146, 168
146, 104
146, 41
146, 169
146, 105
146, 42
146, 170
146, 106
146, 43
146, 171
146, 107
146, 44
146, 172
146, 108
146, 45
146, 173
146, 109
146, 46
146, 174
146, 110
146, 47
146, 175
146, 111
146, 112
146, 48
146, 176
146, 113
146, 49
146, 177
146, 114
146, 50
146, 178
146, 115
146, 51
146, 179
146, 116
146, 52
146, 180
146, 117
146, 53
146, 181
146, 118
146, 182
146, 54
146, 119
146, 55
146, 183
146, 120
146, 56
146, 184
146, 121
146, 57
146, 185
146, 58
146, 186
146, 122
146, 59
146, 187
146, 123
146, 60
146, 188
146, 124
146, 61
146, 189
146, 125
146, 62
146, 190
146, 126
146, 63
146, 191
146, 127
82, 128
82, 64
82, 192
82, 1
82, 129
82, 65
82, 193
82, 66
82, 194
82, 2
82, 130
82, 67
82, 195
82, 3
82, 131
82, 68
82, 196
82, 4
82, 132
82, 69
82, 197
82, 5
82, 133
82, 70
82, 198
82, 6
82, 134
82, 71
82, 199
82, 7
82, 135
82, 72
82, 200
82, 136
82, 8
82, 73
82, 9
82, 137
82, 74
82, 10
82, 138
82, 75
82, 11
82, 139
82, 12
82, 140
82, 76
82, 13
82, 141
82, 77
82, 14
82, 142
82, 78
82, 15
82, 143
82, 79
82, 16
82, 144
82, 80
82, 17
82, 145
82, 81
82, 18
82, 146
82, 82
82, 19
82, 147
82, 83
82, 20
82, 148
82, 84
82, 21
82, 149
82, 85
82, 86
82, 22
82, 150
82, 87
82, 23
82, 151
82, 88
82, 24
82, 152
82, 89
82, 25
82, 153
82, 90
82, 154
82, 26
82, 91
82, 27
82, 155
82, 92
82, 28
82, 156
82, 93
82, 29
82, 157
82, 30
82, 158
82, 94
82, 31
82, 159
82, 95
82, 32
82, 160
82, 96
82, 33
82, 161
82, 97
82, 34
82, 162
82, 98
82, 35
82, 163
82, 99
82, 36
82, 164
82, 100
82, 37
82, 165
82, 101
82, 38
82, 166
82, 102
82, 39
82, 167
82, 103
82, 104
82, 40
82, 168
82, 105
82, 41
82, 169
82, 106
82, 42
82, 170
82, 107
82, 43
82, 171
82, 108
82, 44
82, 172
82, 109
82, 45
82, 173
82, 110
82, 46
82, 174
82, 111
82, 47
82, 175
82, 48
82, 176
82, 112
82, 49
82, 177
82, 113
82, 50
82, 178
82, 114
82, 51
82, 179
82, 115
82, 52
82, 180
82, 116
82, 53
82, 181
82, 117
82, 54
82, 182
82, 118
82, 55
82, 183
82, 119
82, 56
82, 184
82, 120
82, 57
82, 185
82, 121
82, 122
82, 58
82, 186
82, 123
82, 59
82, 187
82, 124
82, 60
82, 188
82, 125
82, 61
82, 189
82, 126
82, 62
82, 190
82, 127
82, 63
82, 191
18, 64
18, 192
18, 128
18, 65
18, 193
18, 1
18, 129
18, 2
18, 130
18, 66
18, 194
18, 3
18, 131
18, 67
18, 195
18, 4
18, 132
18, 68
18, 196
18, 5
18, 133
18, 69
18, 197
18, 6
18, 134
18, 70
18, 198
18, 7
18, 135
18, 71
18, 199
18, 8
18, 136
18, 200
18, 72
18, 9
18, 137
18, 73
18, 10
18, 138
18, 74
18, 11
18, 139
18, 75
18, 76
18, 12
18, 140
18, 77
18, 13
18, 141
18, 78
18, 14
18, 142
18, 79
18, 15
18, 143
18, 80
18, 16
18, 144
18, 81
18, 17
18, 145
18, 82
18, 18
18, 146
18, 83
18, 147
18, 19
18, 148
18, 84
18, 20
18, 149
18, 85
18, 21
18, 150
18, 22
18, 86
18, 151
18, 23
18, 87
18, 152
18, 24
18, 88
18, 153
18, 25
18, 89
18, 26
18, 154
18, 90
18, 27
18, 155
18, 91
18, 28
18, 156
18, 92
18, 29
18, 157
18, 93
18, 94
18, 30
18, 158
18, 95
18, 31
18, 159
18, 96
18, 32
18, 160
18, 97
18, 33
18, 161
18, 98
18, 34
18, 162
18, 99
18, 35
18, 163
18, 100
18, 164
18, 36
18, 101
18, 165
18, 37
18, 166
18, 102
18, 38
18, 167
18, 103
18, 39
18, 168
18, 40
18, 104
18, 169
18, 41
18, 105
18, 170
18, 42
18, 106
18, 171
18, 43
18, 107
18, 44
18, 172
18, 108
18, 45
18, 173
18, 109
18, 46
18, 174
18, 110
18, 47
18, 175
18, 111
18, 112
18, 48
18, 176
18, 113
18, 49
18, 177
18, 114
18, 50
18, 178
18, 115
18, 51
18, 179
18, 116
18, 52
18, 180
18, 117
18, 53
18, 181
18, 118
18, 182
18, 54
18, 119
18, 183
18, 55
18, 184
18, 120
18, 56
18, 185
18, 121
18, 57
18, 186
18, 58
18, 122
18, 187
18, 59
18, 123
18, 188
18, 60
18, 124
18, 189
18, 61
18, 125
18, 62
18, 190
18, 126
18, 63
18, 191
18, 127
147, 64
147, 192
147, 128
147, 65
147, 193
147, 129
147, 1
147, 66
147, 194
147, 130
147, 2
147, 131
147, 67
147, 195
147, 3
147, 132
147, 68
147, 196
147, 4
147, 133
147, 5
147, 69
147, 197
147, 134
147, 6
147, 70
147, 198
147, 135
147, 7
147, 71
147, 199
147, 136
147, 8
147, 72
147, 200
147, 9
147, 137
147, 73
147, 10
147, 138
147, 74
147, 11
147, 139
147, 75
147, 12
147, 140
147, 76
147, 77
147, 13
147, 141
147, 78
147, 14
147, 142
147, 79
147, 15
147, 143
147, 80
147, 16
147, 144
147, 81
147, 17
147, 145
147, 82
147, 18
147, 146
147, 83
147, 147
147, 19
147, 84
147, 20
147, 148
147, 85
147, 21
147, 149
147, 86
147, 22
147, 150
147, 23
147, 151
147, 87
147, 24
147, 152
147, 88
147, 25
147, 153
147, 89
147, 26
147, 154
147, 90
147, 27
147, 155
147, 91
147, 28
147, 156
147, 92
147, 29
147, 157
147, 93
147, 30
147, 158
147, 94
147, 95
147, 31
147, 159
147, 96
147, 32
147, 160
147, 97
147, 33
147, 161
147, 98
147, 34
147, 162
147, 99
147, 35
147, 163
147, 100
147, 36
147, 164
147, 101
147, 165
147, 37
147, 102
147, 38
147, 166
147, 103
147, 39
147, 167
147, 104
147, 40
147, 168
147, 41
147, 169
147, 105
147, 42
147, 170
147, 106
147, 43
147, 171
147, 107
147, 44
147, 172
147, 108
147, 45
147, 173
147, 109
147, 46
147, 174
147, 110
147, 47
147, 175
147, 111
147, 48
147, 176
147, 112
147, 113
147, 49
147, 177
147, 114
147, 50
147, 178
147, 115
147, 51
147, 179
147, 116
147, 52
147, 180
147, 117
147, 53
147, 181
147, 118
147, 54
147, 182
147, 119
147, 183
147, 55
147, 120
147, 56
147, 184
147, 121
147, 57
147, 185
147, 122
147, 58
147, 186
147, 59
147, 187
147, 123
147, 60
147, 188
147, 124
147, 61
147, 189
147, 125
147, 62
147, 190
147, 126
147, 63
147, 191
147, 127
83, 128
83, 64
83, 192
83, 1
83, 129
83, 65
83, 193
83, 2
83, 130
83, 66
83, 194
83, 67
83, 195
83, 3
83, 131
83, 68
83, 196
83, 4
83, 132
83, 69
83, 197
83, 5
83, 133
83, 70
83, 198
83, 6
83, 134
83, 71
83, 199
83, 7
83, 135
83, 72
83, 200
83, 8
83, 136
83, 73
83, 137
83, 9
83, 74
83, 10
83, 138
83, 75
83, 11
83, 139
83, 76
83, 12
83, 140
83, 13
83, 141
83, 77
83, 14
83, 142
83, 78
83, 15
83, 143
83, 79
83, 16
83, 144
83, 80
83, 17
83, 145
83, 81
83, 18
83, 146
83, 82
83, 19
83, 147
83, 83
83, 20
83, 148
83, 84
83, 21
83, 149
83, 85
83, 22
83, 150
83, 86
83, 87
83, 23
83, 151
83, 88
83, 24
83, 152
83, 89
83, 25
83, 153
83, 90
83, 26
83, 154
83, 91
83, 155
83, 27
83, 92
83, 28
83, 156
83, 93
83, 29
83, 157
83, 94
83, 30
83, 158
83, 31
83, 159
83, 95
83, 32
83, 160
83, 96
83, 33
83, 161
83, 97
83, 34
83, 162
83, 98
83, 35
83, 163
83, 99
83, 36
83, 164
83, 100
83, 37
83, 165
83, 101
83, 38
83, 166
83, 102
83, 39
83, 167
83, 103
83, 40
83, 168
83, 104
83, 105
83, 41
83, 169
83, 106
83, 42
83, 170
83, 107
83, 43
83, 171
83, 108
83, 44
83, 172
83, 109
83, 45
83, 173
83, 110
83, 46
83, 174
83, 111
83, 47
83, 175
83, 112
83, 48
83, 176
83, 49
83, 177
83, 113
83, 50
83, 178
83, 114
83, 51
83, 179
83, 115
83, 52
83, 180
83, 116
83, 53
83, 181
83, 117
83, 54
83, 182
83, 118
83, 55
83, 183
83, 119
83, 56
83, 184
83, 120
83, 57
83, 185
83, 121
83, 58
83, 186
83, 122
83, 123
83, 59
83, 187
83, 124
83, 60
83, 188
83, 125
83, 61
83, 189
83, 126
83, 62
83, 190
83, 127
83, 63
83, 191
19, 64
19, 192
19, 128
19, 65
19, 193
19, 1
19, 129
19, 66
19, 194
19, 2
19, 130
19, 3
19, 131
19, 67
19, 195
19, 4
19, 132
19, 68
19, 196
19, 5
19, 133
19, 69
19, 197
19, 6
19, 134
19, 70
19, 198
19, 7
19, 135
19, 71
19, 199
19, 8
19, 136
19, 72
19, 200
19, 9
19, 137
19, 73
19, 10
19, 138
19, 74
19, 11
19, 139
19, 75
19, 12
19, 140
19, 76
19, 77
19, 13
19, 141
19, 78
19, 14
19, 142
19, 79
19, 15
19, 143
19, 80
19, 16
19, 144
19, 81
19, 17
19, 145
19, 82
19, 18
19, 146
19, 83
19, 19
19, 147
19, 84
19, 148
19, 20
19, 149
19, 85
19, 21
19, 150
19, 86
19, 22
19, 151
19, 23
19, 87
19, 152
19, 24
19, 88
19, 153
19, 25
19, 89
19, 154
19, 26
19, 90
19, 27
19, 155
19, 91
19, 28
19, 156
19, 92
19, 29
19, 157
19, 93
19, 30
19, 158
19, 94
19, 95
19, 31
19, 159
19, 96
19, 32
19, 160
19, 97
19, 33
19, 161
19, 98
19, 34
19, 162
19, 99
19, 35
19, 163
19, 100
19, 36
19, 164
19, 101
19, 165
19, 37
19, 102
19, 166
19, 38
19, 167
19, 103
19, 39
19, 168
19, 104
19, 40
19, 169
19, 41
19, 105
19, 170
19, 42
19, 106
19, 171
19, 43
19, 107
19, 172
19, 44
19, 108
19, 45
19, 173
19, 109
19, 46
19, 174
19, 110
19, 47
19, 175
19, 111
19, 48
19, 176
19, 112
19, 113
19, 49
19, 177
19, 114
19, 50
19, 178
19, 115
19, 51
19, 179
19, 116
19, 52
19, 180
19, 117
19, 53
19, 181
19, 118
19, 54
19, 182
19, 119
19, 183
19, 55
19, 120
19, 184
19, 56
19, 185
19, 121
19, 57
19, 186
19, 122
19, 58
19, 187
19, 59
19, 123
19, 188
19, 60
19, 124
19, 189
19, 61
19, 125
19, 190
19, 62
19, 126
19, 63
19, 191
19, 127
148, 64
148, 192
148, 128
148, 65
148, 193
148, 1
148, 129
148, 66
148, 194
148, 130
148, 2
148, 67
148, 195
148, 131
148, 3
148, 132
148, 68
148, 196
148, 4
148, 133
148, 69
148, 197
148, 5
148, 134
148, 6
148, 70
148, 198
148, 135
148, 7
148, 71
148, 199
148, 136
148, 8
148, 72
148, 200
148, 137
148, 9
148, 73
148, 10
148, 138
148, 74
148, 11
148, 139
148, 75
148, 12
148, 140
148, 76
148, 13
148, 141
148, 77
148, 78
148, 14
148, 142
148, 79
148, 15
148, 143
148, 80
148, 16
148, 144
148, 81
148, 17
148, 145
148, 82
148, 18
148, 146
148, 83
148, 19
148, 147
148, 84
148, 148
148, 20
148, 85
148, 21
148, 149
148, 86
148, 22
148, 150
148, 87
148, 23
148, 151
148, 24
148, 152
148, 88
148, 25
148, 153
148, 89
148, 26
148, 154
148, 90
148, 27
148, 155
148, 91
148, 28
148, 156
148, 92
148, 29
148, 157
148, 93
148, 30
148, 158
148, 94
148, 31
148, 159
148, 95
148, 96
148, 32
148, 160
148, 97
148, 33
148, 161
148, 98
148, 34
148, 162
148, 99
148, 35
148, 163
148, 100
148, 36
148, 164
148, 101
148, 37
148, 165
148, 102
148, 166
148, 38
148, 103
148, 39
148, 167
148, 104
148, 40
148, 168
148, 105
148, 41
148, 169
148, 42
148, 170
148, 106
148, 43
148, 171
148, 107
148, 44
148, 172
148, 108
148, 45
148, 173
148, 109
148, 46
148, 174
148, 110
148, 47
148, 175
148, 111
148, 48
148, 176
148, 112
148, 49
148, 177
148, 113
148, 114
148, 50
148, 178
148, 115
148, 51
148, 179
148, 116
148, 52
148, 180
148, 117
148, 53
148, 181
148, 118
148, 54
148, 182
148, 119
148, 55
148, 183
148, 120
148, 184
148, 56
148, 121
148, 57
148, 185
148, 122
148, 58
148, 186
148, 123
148, 59
148, 187
148, 60
148, 188
148, 124
148, 61
148, 189
148, 125
148, 62
148, 190
148, 126
148, 63
148, 191
148, 127
84, 128
84, 64
84, 192
84, 1
84, 129
84, 65
84, 193
84, 2
84, 130
84, 66
84, 194
84, 3
84, 131
84, 67
84, 195
84, 68
84, 196
84, 4
84, 132
84, 69
84, 197
84, 5
84, 133
84, 70
84, 198
84, 6
84, 134
84, 71
84, 199
84, 7
84, 135
84, 72
84, 200
84, 8
84, 136
84, 73
84, 9
84, 137
84, 74
84, 138
84, 10
84, 75
84, 11
84, 139
84, 76
84, 12
84, 140
84, 77
84, 13
84, 141
84, 14
84, 142
84, 78
84, 15
84, 143
84, 79
84, 16
84, 144
84, 80
84, 17
84, 145
84, 81
84, 18
84, 146
84, 82
84, 19
84, 147
84, 83
84, 20
84, 148
84, 84
84, 21
84, 149
84, 85
84, 22
84, 150
84, 86
84, 23
84, 151
84, 87
84, 88
84, 24
84, 152
84, 89
84, 25
84, 153
84, 90
84, 26
84, 154
84, 91
84, 27
84, 155
84, 92
84, 156
84, 28
84, 93
84, 29
84, 157
84, 94
84, 30
84, 158
84, 95
84, 31
84, 159
84, 32
84, 160
84, 96
84, 33
84, 161
84, 97
84, 34
84, 162
84, 98
84, 35
84, 163
84, 99
84, 36
84, 164
84, 100
84, 37
84, 165
84, 101
84, 38
84, 166
84, 102
84, 39
84, 167
84, 103
84, 40
84, 168
84, 104
84, 41
84, 169
84, 105
84, 106
84, 42
84, 170
84, 107
84, 43
84, 171
84, 108
84, 44
84, 172
84, 109
84, 45
84, 173
84, 110
84, 46
84, 174
84, 111
84, 47
84, 175
84, 112
84, 48
84, 176
84, 113
84, 49
84, 177
84, 50
84, 178
84, 114
84, 51
84, 179
84, 115
84, 52
84, 180
84, 116
84, 53
84, 181
84, 117
84, 54
84, 182
84, 118
84, 55
84, 183
84, 119
84, 56
84, 184
84, 120
84, 57
84, 185
84, 121
84, 58
84, 186
84, 122
84, 59
84, 187
84, 123
84, 124
84, 60
84, 188
84, 125
84, 61
84, 189
84, 126
84, 62
84, 190
84, 127
84, 63
84, 191
20, 64
20, 192
20, 128
20, 65
20, 193
20, 1
20, 129
20, 66
20, 194
20, 2
20, 130
20, 67
20, 195
20, 3
20, 131
20, 4
20, 132
20, 68
20, 196
20, 5
20, 133
20, 69
20, 197
20, 6
20, 134
20, 70
20, 198
20, 7
20, 135
20, 71
20, 199
20, 8
20, 136
20, 72
20, 200
20, 9
20, 137
20, 73
20, 10
20, 138
20, 74
20, 11
20, 139
20, 75
20, 12
20, 140
20, 76
20, 13
20, 141
20, 77
20, 78
20, 14
20, 142
20, 79
20, 15
20, 143
20, 80
20, 16
20, 144
20, 81
20, 17
20, 145
20, 82
20, 18
20, 146
20, 83
20, 19
20, 147
20, 84
20, 20
20, 148
20, 85
20, 149
20, 21
20, 150
20, 86
20, 22
20, 151
20, 87
20, 23
20, 152
20, 24
20, 88
20, 153
20, 25
20, 89
20, 154
20, 26
20, 90
20, 155
20, 27
20, 91
20, 28
20, 156
20, 92
20, 29
20, 157
20, 93
20, 30
20, 158
20, 94
20, 31
20, 159
20, 95
20, 96
20, 32
20, 160
20, 97
20, 33
20, 161
20, 98
20, 34
20, 162
20, 99
20, 35
20, 163
20, 100
20, 36
20, 164
20, 101
20, 37
20, 165
20, 102
20, 166
20, 38
20, 103
20, 167
20, 39
20, 168
20, 104
20, 40
20, 169
20, 105
20, 41
20, 170
20, 42
20, 106
20, 171
20, 43
20, 107
20, 172
20, 44
20, 108
20, 173
20, 45
20, 109
20, 46
20, 174
20, 110
20, 47
20, 175
20, 111
20, 48
20, 176
20, 112
20, 49
20, 177
20, 113
20, 114
20, 50
20, 178
20, 115
20, 51
20, 179
20, 116
20, 52
20, 180
20, 117
20, 53
20, 181
20, 118
20, 54
20, 182
20, 119
20, 55
20, 183
20, 120
20, 184
20, 56
20, 121
20, 185
20, 57
20, 186
20, 122
20, 58
20, 187
20, 123
20, 59
20, 188
20, 60
20, 124
20, 189
20, 61
20, 125
20, 190
20, 62
20, 126
20, 191
20, 63
20, 127
149, 64
149, 192
149, 128
149, 65
149, 193
149, 1
149, 129
149, 66
149, 194
149, 2
149, 130
149, 67
149, 195
149, 131
149, 3
149, 68
149, 196
149, 132
149, 4
149, 133
149, 69
149, 197
149, 5
149, 134
149, 70
149, 198
149, 6
149, 135
149, 7
149, 71
149, 199
149, 136
149, 8
149, 72
149, 200
149, 137
149, 9
149, 73
149, 138
149, 10
149, 74
149, 11
149, 139
149, 75
149, 12
149, 140
149, 76
149, 13
149, 141
149, 77
149, 14
149, 142
149, 78
149, 79
149, 15
149, 143
149, 80
149, 16
149, 144
149, 81
149, 17
149, 145
149, 82
149, 18
149, 146
149, 83
149, 19
149, 147
149, 84
149, 20
149, 148
149, 85
149, 149
149, 21
149, 86
149, 22
149, 150
149, 87
149, 23
149, 151
149, 88
149, 24
149, 152
149, 25
149, 153
149, 89
149, 26
149, 154
149, 90
149, 27
149, 155
149, 91
149, 28
149, 156
149, 92
149, 29
149, 157
149, 93
149, 30
149, 158
149, 94
149, 31
149, 159
149, 95
149, 32
149, 160
149, 96
149, 97
149, 33
149, 161
149, 98
149, 34
149, 162
149, 99
149, 35
149, 163
149, 100
149, 36
149, 164
149, 101
149, 37
149, 165
149, 102
149, 38
149, 166
149, 103
149, 167
149, 39
149, 104
149, 40
149, 168
149, 105
149, 41
149, 169
149, 106
149, 42
149, 170
149, 43
149, 171
149, 107
149, 44
149, 172
149, 108
149, 45
149, 173
149, 109
149, 46
149, 174
149, 110
149, 47
149, 175
149, 111
149, 48
149, 176
149, 112
149, 49
149, 177
149, 113
149, 50
149, 178
149, 114
149, 115
149, 51
149, 179
149, 116
149, 52
149, 180
149, 117
149, 53
149, 181
149, 118
149, 54
149, 182
149, 119
149, 55
149, 183
149, 120
149, 56
149, 184
149, 121
149, 185
149, 57
149, 122
149, 58
149, 186
149, 123
149, 59
149, 187
149, 124
149, 60
149, 188
149, 61
149, 189
149, 125
149, 62
149, 190
149, 126
149, 63
149, 191
149, 127
85, 128
85, 64
85, 192
85, 1
85, 129
85, 65
85, 193
85, 2
85, 130
85, 66
85, 194
85, 3
85, 131
85, 67
85, 195
85, 4
85, 132
85, 68
85, 196
85, 69
85, 197
85, 5
85, 133
85, 70
85, 198
85, 6
85, 134
85, 71
85, 199
85, 7
85, 135
85, 72
85, 200
85, 8
85, 136
85, 73
85, 9
85, 137
85, 74
85, 10
85, 138
85, 75
85, 139
85, 11
85, 76
85, 12
85, 140
85, 77
85, 13
85, 141
85, 78
85, 14
85, 142
85, 15
85, 143
85, 79
85, 16
85, 144
85, 80
85, 17
85, 145
85, 81
85, 18
85, 146
85, 82
85, 19
85, 147
85, 83
85, 20
85, 148
85, 84
85, 21
85, 149
85, 85
85, 22
85, 150
85, 86
85, 23
85, 151
85, 87
85, 24
85, 152
85, 88
85, 89
85, 25
85, 153
85, 90
85, 26
85, 154
85, 91
85, 27
85, 155
85, 92
85, 28
85, 156
85, 93
85, 157
85, 29
85, 94
85, 30
85, 158
85, 95
85, 31
85, 159
85, 96
85, 32
85, 160
85, 33
85, 161
85, 97
85, 34
85, 162
85, 98
85, 35
85, 163
85, 99
85, 36
85, 164
85, 100
85, 37
85, 165
85, 101
85, 38
85, 166
85, 102
85, 39
85, 167
85, 103
85, 40
85, 168
85, 104
85, 41
85, 169
85, 105
85, 42
85, 170
85, 106
85, 107
85, 43
85, 171
85, 108
85, 44
85, 172
85, 109
85, 45
85, 173
85, 110
85, 46
85, 174
85, 111
85, 47
85, 175
85, 112
85, 48
85, 176
85, 113
85, 49
85, 177
85, 114
85, 50
85, 178
85, 51
85, 179
85, 115
85, 52
85, 180
85, 116
85, 53
85, 181
85, 117
85, 54
85, 182
85, 118
85, 55
85, 183
85, 119
85, 56
85, 184
85, 120
85, 57
85, 185
85, 121
85, 58
85, 186
85, 122
85, 59
85, 187
85, 123
85, 60
85, 188
85, 124
85, 125
85, 61
85, 189
85, 126
85, 62
85, 190
85, 127
85, 63
85, 191
21, 192
21, 64
21, 128
21, 65
21, 193
21, 1
21, 129
21, 66
21, 194
21, 2
21, 130
21, 67
21, 195
21, 3
21, 131
21, 68
21, 196
21, 4
21, 132
21, 5
21, 133
21, 69
21, 197
21, 6
21, 134
21, 70
21, 198
21, 7
21, 135
21, 71
21, 199
21, 8
21, 136
21, 72
21, 200
21, 9
21, 137
21, 73
21, 10
21, 138
21, 74
21, 11
21, 139
21, 75
21, 12
21, 140
21, 76
21, 13
21, 141
21, 77
21, 14
21, 142
21, 78
21, 79
21, 15
21, 143
21, 80
21, 16
21, 144
21, 81
21, 17
21, 145
21, 82
21, 18
21, 146
21, 83
21, 19
21, 147
21, 84
21, 20
21, 148
21, 85
21, 21
21, 149
21, 86
21, 150
21, 22
21, 151
21, 87
21, 23
21, 152
21, 88
21, 24
21, 153
21, 25
21, 89
21, 154
21, 26
21, 90
21, 155
21, 27
21, 91
21, 156
21, 28
21, 92
21, 29
21, 157
21, 93
21, 30
21, 158
21, 94
21, 31
21, 159
21, 95
21, 32
21, 160
21, 96
21, 97
21, 33
21, 161
21, 98
21, 34
21, 162
21, 99
21, 35
21, 163
21, 100
21, 36
21, 164
21, 101
21, 37
21, 165
21, 102
21, 38
21, 166
21, 103
21, 167
21, 39
21, 104
21, 168
21, 40
21, 169
21, 105
21, 41
21, 170
21, 106
21, 42
21, 171
21, 43
21, 107
21, 172
21, 44
21, 108
21, 173
21, 45
21, 109
21, 174
21, 46
21, 110
21, 47
21, 175
21, 111
21, 48
21, 176
21, 112
21, 49
21, 177
21, 113
21, 50
21, 178
21, 114
21, 115
21, 51
21, 179
21, 116
21, 52
21, 180
21, 117
21, 53
21, 181
21, 118
21, 54
21, 182
21, 119
21, 55
21, 183
21, 120
21, 56
21, 184
21, 121
21, 185
21, 57
21, 122
21, 186
21, 58
21, 187
21, 123
21, 59
21, 188
21, 124
21, 60
21, 189
21, 61
21, 125
21, 190
21, 62
21, 126
21, 191
21, 63
21, 127
150, 64
150, 192
150, 128
150, 65
150, 193
150, 1
150, 129
150, 66
150, 194
150, 2
150, 130
150, 67
150, 195
150, 3
150, 131
150, 68
150, 196
150, 132
150, 4
150, 69
150, 197
150, 133
150, 5
150, 134
150, 70
150, 198
150, 6
150, 135
150, 71
150, 199
150, 7
150, 136
150, 8
150, 72
150, 200
150, 137
150, 9
150, 73
150, 138
150, 10
150, 74
150, 139
150, 11
150, 75
150, 12
150, 140
150, 76
150, 13
150, 141
150, 77
150, 14
150, 142
150, 78
150, 15
150, 143
150, 79
150, 80
150, 16
150, 144
150, 81
150, 17
150, 145
150, 82
150, 18
150, 146
150, 83
150, 19
150, 147
150, 84
150, 20
150, 148
150, 85
150, 21
150, 149
150, 86
150, 150
150, 22
150, 87
150, 23
150, 151
150, 88
150, 24
150, 152
150, 89
150, 25
150, 153
150, 26
150, 154
150, 90
150, 27
150, 155
150, 91
150, 28
150, 156
150, 92
150, 29
150, 157
150, 93
150, 30
150, 158
150, 94
150, 31
150, 159
150, 95
150, 32
150, 160
150, 96
150, 33
150, 161
150, 97
150, 98
150, 34
150, 162
150, 99
150, 35
150, 163
150, 100
150, 36
150, 164
150, 101
150, 37
150, 165
150, 102
150, 38
150, 166
150, 103
150, 39
150, 167
150, 104
150, 168
150, 40
150, 105
150, 41
150, 169
150, 106
150, 42
150, 170
150, 107
150, 43
150, 171
150, 44
150, 172
150, 108
150, 45
150, 173
150, 109
150, 46
150, 174
150, 110
150, 47
150, 175
150, 111
150, 48
150, 176
150, 112
150, 49
150, 177
150, 113
150, 50
150, 178
150, 114
150, 51
150, 179
150, 115
150, 116
150, 52
150, 180
150, 117
150, 53
150, 181
150, 118
150, 54
150, 182
150, 119
150, 55
150, 183
150, 120
150, 56
150, 184
150, 121
150, 57
150, 185
150, 122
150, 186
150, 58
150, 123
150, 59
150, 187
150, 124
150, 60
150, 188
150, 125
150, 61
150, 189
150, 62
150, 190
150, 126
150, 63
150, 191
150, 127
86, 128
86, 64
86, 192
86, 1
86, 129
86, 65
86, 193
86, 2
86, 130
86, 66
86, 194
86, 3
86, 131
86, 67
86, 195
86, 4
86, 132
86, 68
86, 196
86, 5
86, 133
86, 69
86, 197
86, 70
86, 198
86, 6
86, 134
86, 71
86, 199
86, 7
86, 135
86, 72
86, 200
86, 8
86, 136
86, 73
86, 9
86, 137
86, 74
86, 10
86, 138
86, 75
86, 11
86, 139
86, 76
86, 140
86, 12
86, 77
86, 13
86, 141
86, 78
86, 14
86, 142
86, 79
86, 15
86, 143
86, 16
86, 144
86, 80
86, 17
86, 145
86, 81
86, 18
86, 146
86, 82
86, 19
86, 147
86, 83
86, 20
86, 148
86, 84
86, 21
86, 149
86, 85
86, 22
86, 150
86, 86
86, 23
86, 151
86, 87
86, 24
86, 152
86, 88
86, 25
86, 153
86, 89
86, 90
86, 26
86, 154
86, 91
86, 27
86, 155
86, 92
86, 28
86, 156
86, 93
86, 29
86, 157
86, 94
86, 158
86, 30
86, 95
86, 31
86, 159
86, 96
86, 32
86, 160
86, 97
86, 33
86, 161
86, 34
86, 162
86, 98
86, 35
86, 163
86, 99
86, 36
86, 164
86, 100
86, 37
86, 165
86, 101
86, 38
86, 166
86, 102
86, 39
86, 167
86, 103
86, 40
86, 168
86, 104
86, 41
86, 169
86, 105
86, 42
86, 170
86, 106
86, 43
86, 171
86, 107
86, 108
86, 44
86, 172
86, 109
86, 45
86, 173
86, 110
86, 46
86, 174
86, 111
86, 47
86, 175
86, 112
86, 48
86, 176
86, 113
86, 49
86, 177
86, 114
86, 50
86, 178
86, 115
86, 51
86, 179
86, 52
86, 180
86, 116
86, 53
86, 181
86, 117
86, 54
86, 182
86, 118
86, 55
86, 183
86, 119
86, 56
86, 184
86, 120
86, 57
86, 185
86, 121
86, 58
86, 186
86, 122
86, 59
86, 187
86, 123
86, 60
86, 188
86, 124
86, 61
86, 189
86, 125
86, 126
86, 62
86, 190
86, 127
86, 63
86, 191
22, 192
22, 64
22, 128
22, 193
22, 65
22, 1
22, 129
22, 66
22, 194
22, 2
22, 130
22, 67
22, 195
22, 3
22, 131
22, 68
22, 196
22, 4
22, 132
22, 69
22, 197
22, 5
22, 133
22, 6
22, 134
22, 70
22, 198
22, 7
22, 135
22, 71
22, 199
22, 8
22, 136
22, 72
22, 200
22, 9
22, 137
22, 73
22, 10
22, 138
22, 74
22, 11
22, 139
22, 75
22, 12
22, 140
22, 76
22, 13
22, 141
22, 77
22, 14
22, 142
22, 78
22, 15
22, 143
22, 79
22, 80
22, 16
22, 144
22, 81
22, 17
22, 145
22, 82
22, 18
22, 146
22, 83
22, 19
22, 147
22, 84
22, 20
22, 148
22, 85
22, 21
22, 149
22, 86
22, 22
22, 150
22, 87
22, 151
22, 23
22, 152
22, 88
22, 24
22, 153
22, 89
22, 25
22, 154
22, 26
22, 90
22, 155
22, 27
22, 91
22, 156
22, 28
22, 92
22, 157
22, 29
22, 93
22, 30
22, 158
22, 94
22, 31
22, 159
22, 95
22, 32
22, 160
22, 96
22, 33
22, 161
22, 97
22, 98
22, 34
22, 162
22, 99
22, 35
22, 163
22, 100
22, 36
22, 164
22, 101
22, 37
22, 165
22, 102
22, 38
22, 166
22, 103
22, 39
22, 167
22, 104
22, 168
22, 40
22, 105
22, 169
22, 41
22, 170
22, 106
22, 42
22, 171
22, 107
22, 43
22, 172
22, 44
22, 108
22, 173
22, 45
22, 109
22, 174
22, 46
22, 110
22, 175
22, 47
22, 111
22, 48
22, 176
22, 112
22, 49
22, 177
22, 113
22, 50
22, 178
22, 114
22, 51
22, 179
22, 115
22, 116
22, 52
22, 180
22, 117
22, 53
22, 181
22, 118
22, 54
22, 182
22, 119
22, 55
22, 183
22, 120
22, 56
22, 184
22, 121
22, 57
22, 185
22, 122
22, 186
22, 58
22, 123
22, 187
22, 59
22, 188
22, 124
22, 60
22, 189
22, 125
22, 61
22, 190
22, 62
22, 126
22, 191
22, 63
22, 127
151, 64
151, 192
151, 128
151, 65
151, 193
151, 1
151, 129
151, 66
151, 194
151, 2
151, 130
151, 67
151, 195
151, 3
151, 131
151, 68
151, 196
151, 4
151, 132
151, 69
151, 197
151, 133
151, 5
151, 70
151, 198
151, 134
151, 6
151, 135
151, 71
151, 199
151, 7
151, 136
151, 72
151, 200
151, 8
151, 137
151, 9
151, 73
151, 138
151, 10
151, 74
151, 139
151, 11
151, 75
151, 140
151, 12
151, 76
151, 13
151, 141
151, 77
151, 14
151, 142
151, 78
151, 15
151, 143
151, 79
151, 16
151, 144
151, 80
151, 81
151, 17
151, 145
151, 82
151, 18
151, 146
151, 83
151, 19
151, 147
151, 84
151, 20
151, 148
151, 85
151, 21
151, 149
151, 86
151, 22
151, 150
151, 87
151, 151
151, 23
151, 88
151, 24
151, 152
151, 89
151, 25
151, 153
151, 90
151, 26
151, 154
151, 27
151, 155
151, 91
151, 28
151, 156
151, 92
151, 29
151, 157
151, 93
151, 30
151, 158
151, 94
151, 31
151, 159
151, 95
151, 32
151, 160
151, 96
151, 33
151, 161
151, 97
151, 34
151, 162
151, 98
151, 99
151, 35
151, 163
151, 100
151, 36
151, 164
151, 101
151, 37
151, 165
151, 102
151, 38
151, 166
151, 103
151, 39
151, 167
151, 104
151, 40
151, 168
151, 105
151, 169
151, 41
151, 106
151, 42
151, 170
151, 107
151, 43
151, 171
151, 108
151, 44
151, 172
151, 45
151, 173
151, 109
151, 46
151, 174
151, 110
151, 47
151, 175
151, 111
151, 48
151, 176
151, 112
151, 49
151, 177
151, 113
151, 50
151, 178
151, 114
151, 51
151, 179
151, 115
151, 52
151, 180
151, 116
151, 117
151, 53
151, 181
151, 118
151, 54
151, 182
151, 119
151, 55
151, 183
151, 120
151, 56
151, 184
151, 121
151, 57
151, 185
151, 122
151, 58
151, 186
151, 123
151, 187
151, 59
151, 124
151, 60
151, 188
151, 125
151, 61
151, 189
151, 126
151, 62
151, 190
151, 63
151, 191
151, 127
87, 128
87, 64
87, 192
87, 1
87, 129
87, 65
87, 193
87, 2
87, 130
87, 66
87, 194
87, 3
87, 131
87, 67
87, 195
87, 4
87, 132
87, 68
87, 196
87, 5
87, 133
87, 69
87, 197
87, 6
87, 134
87, 70
87, 198
87, 71
87, 199
87, 7
87, 135
87, 72
87, 200
87, 8
87, 136
87, 73
87, 9
87, 137
87, 74
87, 10
87, 138
87, 75
87, 11
87, 139
87, 76
87, 12
87, 140
87, 77
87, 141
87, 13
87, 78
87, 14
87, 142
87, 79
87, 15
87, 143
87, 80
87, 16
87, 144
87, 17
87, 145
87, 81
87, 18
87, 146
87, 82
87, 19
87, 147
87, 83
87, 20
87, 148
87, 84
87, 21
87, 149
87, 85
87, 22
87, 150
87, 86
87, 23
87, 151
87, 87
87, 24
87, 152
87, 88
87, 25
87, 153
87, 89
87, 26
87, 154
87, 90
87, 91
87, 27
87, 155
87, 92
87, 28
87, 156
87, 93
87, 29
87, 157
87, 94
87, 30
87, 158
87, 95
87, 159
87, 31
87, 96
87, 32
87, 160
87, 97
87, 33
87, 161
87, 98
87, 34
87, 162
87, 35
87, 163
87, 99
87, 36
87, 164
87, 100
87, 37
87, 165
87, 101
87, 38
87, 166
87, 102
87, 39
87, 167
87, 103
87, 40
87, 168
87, 104
87, 41
87, 169
87, 105
87, 42
87, 170
87, 106
87, 43
87, 171
87, 107
87, 44
87, 172
87, 108
87, 109
87, 45
87, 173
87, 110
87, 46
87, 174
87, 111
87, 47
87, 175
87, 112
87, 48
87, 176
87, 113
87, 49
87, 177
87, 114
87, 50
87, 178
87, 115
87, 51
87, 179
87, 116
87, 52
87, 180
87, 53
87, 181
87, 117
87, 54
87, 182
87, 118
87, 55
87, 183
87, 119
87, 56
87, 184
87, 120
87, 57
87, 185
87, 121
87, 58
87, 186
87, 122
87, 59
87, 187
87, 123
87, 60
87, 188
87, 124
87, 61
87, 189
87, 125
87, 62
87, 190
87, 126
87, 127
87, 63
87, 191
23, 192
23, 64
23, 128
23, 193
23, 65
23, 1
23, 129
23, 194
23, 66
23, 2
23, 130
23, 67
23, 195
23, 3
23, 131
23, 68
23, 196
23, 4
23, 132
23, 69
23, 197
23, 5
23, 133
23, 70
23, 198
23, 6
23, 134
23, 7
23, 135
23, 71
23, 199
23, 8
23, 136
23, 72
23, 200
23, 9
23, 137
23, 73
23, 10
23, 138
23, 74
23, 11
23, 139
23, 75
23, 12
23, 140
23, 76
23, 13
23, 141
23, 77
23, 14
23, 142
23, 78
23, 15
23, 143
23, 79
23, 16
23, 144
23, 80
23, 81
23, 17
23, 145
23, 82
23, 18
23, 146
23, 83
23, 19
23, 147
23, 84
23, 20
23, 148
23, 85
23, 21
23, 149
23, 86
23, 22
23, 150
23, 87
23, 23
23, 151
23, 88
23, 152
23, 24
23, 153
23, 89
23, 25
23, 154
23, 90
23, 26
23, 155
23, 27
23, 91
23, 156
23, 28
23, 92
23, 157
23, 29
23, 93
23, 158
23, 30
23, 94
23, 31
23, 159
23, 95
23, 32
23, 160
23, 96
23, 33
23, 161
23, 97
23, 34
23, 162
23, 98
23, 99
23, 35
23, 163
23, 100
23, 36
23, 164
23, 101
23, 37
23, 165
23, 102
23, 38
23, 166
23, 103
23, 39
23, 167
23, 104
23, 40
23, 168
23, 105
23, 169
23, 41
23, 106
23, 170
23, 42
23, 171
23, 107
23, 43
23, 172
23, 108
23, 44
23, 173
23, 45
23, 109
23, 174
23, 46
23, 110
23, 175
23, 47
23, 111
23, 176
23, 48
23, 112
23, 49
23, 177
23, 113
23, 50
23, 178
23, 114
23, 51
23, 179
23, 115
23, 52
23, 180
23, 116
23, 117
23, 53
23, 181
23, 118
23, 54
23, 182
23, 119
23, 55
23, 183
23, 120
23, 56
23, 184
23, 121
23, 57
23, 185
23, 122
23, 58
23, 186
23, 123
23, 187
23, 59
23, 124
23, 188
23, 60
23, 189
23, 125
23, 61
23, 190
23, 126
23, 62
23, 191
23, 63
23, 127
152, 64
152, 192
152, 128
152, 65
152, 193
152, 1
152, 129
152, 66
152, 194
152, 2
152, 130
152, 67
152, 195
152, 3
152, 131
152, 68
152, 196
152, 4
152, 132
152, 69
152, 197
152, 5
152, 133
152, 70
152, 198
152, 134
152, 6
152, 71
152, 199
152, 135
152, 7
152, 136
152, 72
152, 200
152, 8
152, 137
152, 73
152, 9
152, 138
152, 10
152, 74
152, 139
152, 11
152, 75
152, 140
152, 12
152, 76
152, 141
152, 13
152, 77
152, 14
152, 142
152, 78
152, 15
152, 143
152, 79
152, 16
152, 144
152, 80
152, 17
152, 145
152, 81
152, 82
152, 18
152, 146
152, 83
152, 19
152, 147
152, 84
152, 20
152, 148
152, 85
152, 21
152, 149
152, 86
152, 22
152, 150
152, 87
152, 23
152, 151
152, 88
152, 152
152, 24
152, 89
152, 25
152, 153
152, 90
152, 26
152, 154
152, 91
152, 27
152, 155
152, 28
152, 156
152, 92
152, 29
152, 157
152, 93
152, 30
152, 158
152, 94
152, 31
152, 159
152, 95
152, 32
152, 160
152, 96
152, 33
152, 161
152, 97
152, 34
152, 162
152, 98
152, 35
152, 163
152, 99
152, 100
152, 36
152, 164
152, 101
152, 37
152, 165
152, 102
152, 38
152, 166
152, 103
152, 39
152, 167
152, 104
152, 40
152, 168
152, 105
152, 41
152, 169
152, 106
152, 170
152, 42
152, 107
152, 43
152, 171
152, 108
152, 44
152, 172
152, 109
152, 45
152, 173
152, 46
152, 174
152, 110
152, 47
152, 175
152, 111
152, 48
152, 176
152, 112
152, 49
152, 177
152, 113
152, 50
152, 178
152, 114
152, 51
152, 179
152, 115
152, 52
152, 180
152, 116
152, 53
152, 181
152, 117
152, 118
152, 54
152, 182
152, 119
152, 55
152, 183
152, 120
152, 56
152, 184
152, 121
152, 57
152, 185
152, 122
152, 58
152, 186
152, 123
152, 59
152, 187
152, 124
152, 188
152, 60
152, 125
152, 61
152, 189
152, 126
152, 62
152, 190
152, 127
152, 63
152, 191
88, 128
88, 64
88, 192
88, 1
88, 129
88, 65
88, 193
88, 2
88, 130
88, 66
88, 194
88, 3
88, 131
88, 67
88, 195
88, 4
88, 132
88, 68
88, 196
88, 5
88, 133
88, 69
88, 197
88, 6
88, 134
88, 70
88, 198
88, 7
88, 135
88, 71
88, 199
88, 72
88, 200
88, 8
88, 136
88, 73
88, 9
88, 137
88, 74
88, 10
88, 138
88, 75
88, 11
88, 139
88, 76
88, 12
88, 140
88, 77
88, 13
88, 141
88, 78
88, 142
88, 14
88, 79
88, 15
88, 143
88, 80
88, 16
88, 144
88, 81
88, 17
88, 145
88, 18
88, 146
88, 82
88, 19
88, 147
88, 83
88, 20
88, 148
88, 84
88, 21
88, 149
88, 85
88, 22
88, 150
88, 86
88, 23
88, 151
88, 87
88, 24
88, 152
88, 88
88, 25
88, 153
88, 89
88, 26
88, 154
88, 90
88, 27
88, 155
88, 91
88, 92
88, 28
88, 156
88, 93
88, 29
88, 157
88, 94
88, 30
88, 158
88, 95
88, 31
88, 159
88, 96
88, 160
88, 32
88, 97
88, 33
88, 161
88, 98
88, 34
88, 162
88, 99
88, 35
88, 163
88, 36
88, 164
88, 100
88, 37
88, 165
88, 101
88, 38
88, 166
88, 102
88, 39
88, 167
88, 103
88, 40
88, 168
88, 104
88, 41
88, 169
88, 105
88, 42
88, 170
88, 106
88, 43
88, 171
88, 107
88, 44
88, 172
88, 108
88, 45
88, 173
88, 109
88, 110
88, 46
88, 174
88, 111
88, 47
88, 175
88, 112
88, 48
88, 176
88, 113
88, 49
88, 177
88, 114
88, 50
88, 178
88, 115
88, 51
88, 179
88, 116
88, 52
88, 180
88, 117
88, 53
88, 181
88, 54
88, 182
88, 118
88, 55
88, 183
88, 119
88, 56
88, 184
88, 120
88, 57
88, 185
88, 121
88, 58
88, 186
88, 122
88, 59
88, 187
88, 123
88, 60
88, 188
88, 124
88, 61
88, 189
88, 125
88, 62
88, 190
88, 126
88, 63
88, 191
88, 127
24, 192
24, 64
24, 128
24, 193
24, 65
24, 1
24, 129
24, 194
24, 66
24, 2
24, 130
24, 195
24, 67
24, 3
24, 131
24, 68
24, 196
24, 4
24, 132
24, 69
24, 197
24, 5
24, 133
24, 70
24, 198
24, 6
24, 134
24, 71
24, 199
24, 7
24, 135
24, 8
24, 136
24, 72
24, 200
24, 9
24, 137
24, 73
24, 10
24, 138
24, 74
24, 11
24, 139
24, 75
24, 12
24, 140
24, 76
24, 13
24, 141
24, 77
24, 14
24, 142
24, 78
24, 15
24, 143
24, 79
24, 16
24, 144
24, 80
24, 17
24, 145
24, 81
24, 82
24, 18
24, 146
24, 83
24, 19
24, 147
24, 84
24, 20
24, 148
24, 85
24, 21
24, 149
24, 86
24, 22
24, 150
24, 87
24, 23
24, 151
24, 88
24, 24
24, 152
24, 89
24, 153
24, 25
24, 154
24, 90
24, 26
24, 155
24, 91
24, 27
24, 156
24, 28
24, 92
24, 157
24, 29
24, 93
24, 158
24, 30
24, 94
24, 159
24, 31
24, 95
24, 32
24, 160
24, 96
24, 33
24, 161
24, 97
24, 34
24, 162
24, 98
24, 35
24, 163
24, 99
24, 100
24, 36
24, 164
24, 101
24, 37
24, 165
24, 102
24, 38
24, 166
24, 103
24, 39
24, 167
24, 104
24, 40
24, 168
24, 105
24, 41
24, 169
24, 106
24, 170
24, 42
24, 107
24, 171
24, 43
24, 172
24, 108
24, 44
24, 173
24, 109
24, 45
24, 174
24, 46
24, 110
24, 175
24, 47
24, 111
24, 176
24, 48
24, 112
24, 177
24, 49
24, 113
24, 50
24, 178
24, 114
24, 51
24, 179
24, 115
24, 52
24, 180
24, 116
24, 53
24, 181
24, 117
24, 118
24, 54
24, 182
24, 119
24, 55
24, 183
24, 120
24, 56
24, 184
24, 121
24, 57
24, 185
24, 122
24, 58
24, 186
24, 123
24, 59
24, 187
24, 124
24, 188
24, 60
24, 125
24, 189
24, 61
24, 190
24, 126
24, 62
24, 191
24, 127
24, 63
153, 128
153, 64
153, 192
153, 65
153, 193
153, 1
153, 129
153, 66
153, 194
153, 2
153, 130
153, 67
153, 195
153, 3
153, 131
153, 68
153, 196
153, 4
153, 132
153, 69
153, 197
153, 5
153, 133
153, 70
153, 198
153, 6
153, 134
153, 71
153, 199
153, 135
153, 7
153, 72
153, 200
153, 136
153, 8
153, 137
153, 73
153, 9
153, 138
153, 74
153, 10
153, 139
153, 11
153, 75
153, 140
153, 12
153, 76
153, 141
153, 13
153, 77
153, 142
153, 14
153, 78
153, 15
153, 143
153, 79
153, 16
153, 144
153, 80
153, 17
153, 145
153, 81
153, 18
153, 146
153, 82
153, 83
153, 19
153, 147
153, 84
153, 20
153, 148
153, 85
153, 21
153, 149
153, 86
153, 22
153, 150
153, 87
153, 23
153, 151
153, 88
153, 24
153, 152
153, 89
153, 153
153, 25
153, 90
153, 26
153, 154
153, 91
153, 27
153, 155
153, 92
153, 28
153, 156
153, 29
153, 157
153, 93
153, 30
153, 158
153, 94
153, 31
153, 159
153, 95
153, 32
153, 160
153, 96
153, 33
153, 161
153, 97
153, 34
153, 162
153, 98
153, 35
153, 163
153, 99
153, 36
153, 164
153, 100
153, 101
153, 37
153, 165
153, 102
153, 38
153, 166
153, 103
153, 39
153, 167
153, 104
153, 40
153, 168
153, 105
153, 41
153, 169
153, 106
153, 42
153, 170
153, 107
153, 171
153, 43
153, 108
153, 44
153, 172
153, 109
153, 45
153, 173
153, 110
153, 46
153, 174
153, 47
153, 175
153, 111
153, 48
153, 176
153, 112
153, 49
153, 177
153, 113
153, 50
153, 178
153, 114
153, 51
153, 179
153, 115
153, 52
153, 180
153, 116
153, 53
153, 181
153, 117
153, 54
153, 182
153, 118
153, 119
153, 55
153, 183
153, 120
153, 56
153, 184
153, 121
153, 57
153, 185
153, 122
153, 58
153, 186
153, 123
153, 59
153, 187
153, 124
153, 60
153, 188
153, 125
153, 189
153, 61
153, 126
153, 62
153, 190
153, 127
153, 63
153, 191
89, 64
89, 192
89, 128
89, 1
89, 129
89, 65
89, 193
89, 2
89, 130
89, 66
89, 194
89, 3
89, 131
89, 67
89, 195
89, 4
89, 132
89, 68
89, 196
89, 5
89, 133
89, 69
89, 197
89, 6
89, 134
89, 70
89, 198
89, 7
89, 135
89, 71
89, 199
89, 8
89, 136
89, 72
89, 200
89, 73
89, 9
89, 137
89, 74
89, 10
89, 138
89, 75
89, 11
89, 139
89, 76
89, 12
89, 140
89, 77
89, 13
89, 141
89, 78
89, 14
89, 142
89, 79
89, 143
89, 15
89, 80
89, 16
89, 144
89, 81
89, 17
89, 145
89, 82
89, 18
89, 146
89, 19
89, 147
89, 83
89, 20
89, 148
89, 84
89, 21
89, 149
89, 85
89, 22
89, 150
89, 86
89, 23
89, 151
89, 87
89, 24
89, 152
89, 88
89, 25
89, 153
89, 89
89, 26
89, 154
89, 90
89, 27
89, 155
89, 91
89, 28
89, 156
89, 92
89, 93
89, 29
89, 157
89, 94
89, 30
89, 158
89, 95
89, 31
89, 159
89, 96
89, 32
89, 160
89, 97
89, 161
89, 33
89, 98
89, 34
89, 162
89, 99
89, 35
89, 163
89, 100
89, 36
89, 164
89, 37
89, 165
89, 101
89, 38
89, 166
89, 102
89, 39
89, 167
89, 103
89, 40
89, 168
89, 104
89, 41
89, 169
89, 105
89, 42
89, 170
89, 106
89, 43
89, 171
89, 107
89, 44
89, 172
89, 108
89, 45
89, 173
89, 109
89, 46
89, 174
89, 110
89, 111
89, 47
89, 175
89, 112
89, 48
89, 176
89, 113
89, 49
89, 177
89, 114
89, 50
89, 178
89, 115
89, 51
89, 179
89, 116
89, 52
89, 180
89, 117
89, 53
89, 181
89, 118
89, 54
89, 182
89, 55
89, 183
89, 119
89, 56
89, 184
89, 120
89, 57
89, 185
89, 121
89, 58
89, 186
89, 122
89, 59
89, 187
89, 123
89, 60
89, 188
89, 124
89, 61
89, 189
89, 125
89, 62
89, 190
89, 126
89, 63
89, 191
89, 127
25, 192
25, 128
25, 64
25, 193
25, 65
25, 1
25, 129
25, 194
25, 66
25, 2
25, 130
25, 195
25, 67
25, 3
25, 131
25, 196
25, 68
25, 4
25, 132
25, 69
25, 197
25, 5
25, 133
25, 70
25, 198
25, 6
25, 134
25, 71
25, 199
25, 7
25, 135
25, 72
25, 200
25, 8
25, 136
25, 9
25, 137
25, 73
25, 10
25, 138
25, 74
25, 11
25, 139
25, 75
25, 12
25, 140
25, 76
25, 13
25, 141
25, 77
25, 14
25, 142
25, 78
25, 15
25, 143
25, 79
25, 16
25, 144
25, 80
25, 17
25, 145
25, 81
25, 18
25, 146
25, 82
25, 83
25, 19
25, 147
25, 84
25, 20
25, 148
25, 85
25, 21
25, 149
25, 86
25, 22
25, 150
25, 87
25, 23
25, 151
25, 88
25, 24
25, 152
25, 89
25, 25
25, 153
25, 90
25, 154
25, 26
25, 155
25, 91
25, 27
25, 156
25, 92
25, 28
25, 157
25, 29
25, 93
25, 158
25, 30
25, 94
25, 159
25, 31
25, 95
25, 160
25, 32
25, 96
25, 33
25, 161
25, 97
25, 34
25, 162
25, 98
25, 35
25, 163
25, 99
25, 36
25, 164
25, 100
25, 101
25, 37
25, 165
25, 102
25, 38
25, 166
25, 103
25, 39
25, 167
25, 104
25, 40
25, 168
25, 105
25, 41
25, 169
25, 106
25, 42
25, 170
25, 107
25, 171
25, 43
25, 108
25, 172
25, 44
25, 173
25, 109
25, 45
25, 174
25, 110
25, 46
25, 175
25, 47
25, 111
25, 176
25, 48
25, 112
25, 177
25, 49
25, 113
25, 178
25, 50
25, 114
25, 51
25, 179
25, 115
25, 52
25, 180
25, 116
25, 53
25, 181
25, 117
25, 54
25, 182
25, 118
25, 119
25, 55
25, 183
25, 120
25, 56
25, 184
25, 121
25, 57
25, 185
25, 122
25, 58
25, 186
25, 123
25, 59
25, 187
25, 124
25, 60
25, 188
25, 125
25, 189
25, 61
25, 126
25, 190
25, 62
25, 191
25, 127
25, 63
154, 128
154, 64
154, 192
154, 1
154, 129
154, 65
154, 193
154, 66
154, 194
154, 2
154, 130
154, 67
154, 195
154, 3
154, 131
154, 68
154, 196
154, 4
154, 132
154, 69
154, 197
154, 5
154, 133
154, 70
154, 198
154, 6
154, 134
154, 71
154, 199
154, 7
154, 135
154, 72
154, 200
154, 136
154, 8
154, 73
154, 137
154, 9
154, 138
154, 74
154, 10
154, 139
154, 75
154, 11
154, 140
154, 12
154, 76
154, 141
154, 13
154, 77
154, 142
154, 14
154, 78
154, 143
154, 15
154, 79
154, 16
154, 144
154, 80
154, 17
154, 145
154, 81
154, 18
154, 146
154, 82
154, 19
154, 147
154, 83
154, 84
154, 20
154, 148
154, 85
154, 21
154, 149
154, 86
154, 22
154, 150
154, 87
154, 23
154, 151
154, 88
154, 24
154, 152
154, 89
154, 25
154, 153
154, 90
154, 154
154, 26
154, 91
154, 27
154, 155
154, 92
154, 28
154, 156
154, 93
154, 29
154, 157
154, 30
154, 158
154, 94
154, 31
154, 159
154, 95
154, 32
154, 160
154, 96
154, 33
154, 161
154, 97
154, 34
154, 162
154, 98
154, 35
154, 163
154, 99
154, 36
154, 164
154, 100
154, 37
154, 165
154, 101
154, 102
154, 38
154, 166
154, 103
154, 39
154, 167
154, 104
154, 40
154, 168
154, 105
154, 41
154, 169
154, 106
154, 42
154, 170
154, 107
154, 43
154, 171
154, 108
154, 172
154, 44
154, 109
154, 45
154, 173
154, 110
154, 46
154, 174
154, 111
154, 47
154, 175
154, 48
154, 176
154, 112
154, 49
154, 177
154, 113
154, 50
154, 178
154, 114
154, 51
154, 179
154, 115
154, 52
154, 180
154, 116
154, 53
154, 181
154, 117
154, 54
154, 182
154, 118
154, 55
154, 183
154, 119
154, 120
154, 56
154, 184
154, 121
154, 57
154, 185
154, 122
154, 58
154, 186
154, 123
154, 59
154, 187
154, 124
154, 60
154, 188
154, 125
154, 61
154, 189
154, 126
154, 190
154, 62
154, 127
154, 63
154, 191
90, 64
90, 192
90, 128
90, 65
90, 193
90, 1
90, 129
90, 2
90, 130
90, 66
90, 194
90, 3
90, 131
90, 67
90, 195
90, 4
90, 132
90, 68
90, 196
90, 5
90, 133
90, 69
90, 197
90, 6
90, 134
90, 70
90, 198
90, 7
90, 135
90, 71
90, 199
90, 8
90, 136
90, 72
90, 200
90, 9
90, 137
90, 73
90, 74
90, 10
90, 138
90, 75
90, 11
90, 139
90, 76
90, 12
90, 140
90, 77
90, 13
90, 141
90, 78
90, 14
90, 142
90, 79
90, 15
90, 143
90, 80
90, 144
90, 16
90, 81
90, 17
90, 145
90, 82
90, 18
90, 146
90, 83
90, 19
90, 147
90, 20
90, 148
90, 84
90, 21
90, 149
90, 85
90, 22
90, 150
90, 86
90, 23
90, 151
90, 87
90, 24
90, 152
90, 88
90, 25
90, 153
90, 89
90, 26
90, 154
90, 90
90, 27
90, 155
90, 91
90, 28
90, 156
90, 92
90, 29
90, 157
90, 93
90, 94
90, 30
90, 158
90, 95
90, 31
90, 159
90, 96
90, 32
90, 160
90, 97
90, 33
90, 161
90, 98
90, 162
90, 34
90, 99
90, 35
90, 163
90, 100
90, 36
90, 164
90, 101
90, 37
90, 165
90, 38
90, 166
90, 102
90, 39
90, 167
90, 103
90, 40
90, 168
90, 104
90, 41
90, 169
90, 105
90, 42
90, 170
90, 106
90, 43
90, 171
90, 107
90, 44
90, 172
90, 108
90, 45
90, 173
90, 109
90, 46
90, 174
90, 110
90, 47
90, 175
90, 111
90, 112
90, 48
90, 176
90, 113
90, 49
90, 177
90, 114
90, 50
90, 178
90, 115
90, 51
90, 179
90, 116
90, 52
90, 180
90, 117
90, 53
90, 181
90, 118
90, 54
90, 182
90, 119
90, 55
90, 183
90, 56
90, 184
90, 120
90, 57
90, 185
90, 121
90, 58
90, 186
90, 122
90, 59
90, 187
90, 123
90, 60
90, 188
90, 124
90, 61
90, 189
90, 125
90, 62
90, 190
90, 126
90, 63
90, 191
90, 127
26, 192
26, 128
26, 64
26, 1
26, 193
26, 129
26, 65
26, 194
26, 66
26, 2
26, 130
26, 195
26, 67
26, 3
26, 131
26, 196
26, 68
26, 4
26, 132
26, 197
26, 69
26, 5
26, 133
26, 70
26, 198
26, 6
26, 134
26, 71
26, 199
26, 7
26, 135
26, 72
26, 200
26, 8
26, 136
26, 73
26, 9
26, 137
26, 10
26, 138
26, 74
26, 11
26, 139
26, 75
26, 12
26, 140
26, 76
26, 13
26, 141
26, 77
26, 14
26, 142
26, 78
26, 15
26, 143
26, 79
26, 16
26, 144
26, 80
26, 17
26, 145
26, 81
26, 18
26, 146
26, 82
26, 19
26, 147
26, 83
26, 84
26, 20
26, 148
26, 85
26, 21
26, 149
26, 86
26, 22
26, 150
26, 87
26, 23
26, 151
26, 88
26, 24
26, 152
26, 89
26, 25
26, 153
26, 90
26, 26
26, 154
26, 91
26, 155
26, 27
26, 156
26, 92
26, 28
26, 157
26, 93
26, 29
26, 158
26, 30
26, 94
26, 159
26, 31
26, 95
26, 160
26, 32
26, 96
26, 161
26, 33
26, 97
26, 34
26, 162
26, 98
26, 35
26, 163
26, 99
26, 36
26, 164
26, 100
26, 37
26, 165
26, 101
26, 102
26, 38
26, 166
26, 103
26, 39
26, 167
26, 104
26, 40
26, 168
26, 105
26, 41
26, 169
26, 106
26, 42
26, 170
26, 107
26, 43
26, 171
26, 108
26, 172
26, 44
26, 109
26, 173
26, 45
26, 174
26, 110
26, 46
26, 175
26, 111
26, 47
26, 176
26, 48
26, 112
26, 177
26, 49
26, 113
26, 178
26, 50
26, 114
26, 179
26, 51
26, 115
26, 52
26, 180
26, 116
26, 53
26, 181
26, 117
26, 54
26, 182
26, 118
26, 55
26, 183
26, 119
26, 120
26, 56
26, 184
26, 121
26, 57
26, 185
26, 122
26, 58
26, 186
26, 123
26, 59
26, 187
26, 124
26, 60
26, 188
26, 125
26, 61
26, 189
26, 126
26, 190
26, 62
26, 127
26, 191
26, 63
155, 128
155, 64
155, 192
155, 1
155, 129
155, 65
155, 193
155, 2
155, 130
155, 66
155, 194
155, 67
155, 195
155, 3
155, 131
155, 68
155, 196
155, 4
155, 132
155, 69
155, 197
155, 5
155, 133
155, 70
155, 198
155, 6
155, 134
155, 71
155, 199
155, 7
155, 135
155, 72
155, 200
155, 8
155, 136
155, 73
155, 137
155, 9
155, 74
155, 138
155, 10
155, 139
155, 75
155, 11
155, 140
155, 76
155, 12
155, 141
155, 13
155, 77
155, 142
155, 14
155, 78
155, 143
155, 15
155, 79
155, 144
155, 16
155, 80
155, 17
155, 145
155, 81
155, 18
155, 146
155, 82
155, 19
155, 147
155, 83
155, 20
155, 148
155, 84
155, 85
155, 21
155, 149
155, 86
155, 22
155, 150
155, 87
155, 23
155, 151
155, 88
155, 24
155, 152
155, 89
155, 25
155, 153
155, 90
155, 26
155, 154
155, 91
155, 155
155, 27
155, 92
155, 28
155, 156
155, 93
155, 29
155, 157
155, 94
155, 30
155, 158
155, 31
155, 159
155, 95
155, 32
155, 160
155, 96
155, 33
155, 161
155, 97
155, 34
155, 162
155, 98
155, 35
155, 163
155, 99
155, 36
155, 164
155, 100
155, 37
155, 165
155, 101
155, 38
155, 166
155, 102
155, 103
155, 39
155, 167
155, 104
155, 40
155, 168
155, 105
155, 41
155, 169
155, 106
155, 42
155, 170
155, 107
155, 43
155, 171
155, 108
155, 44
155, 172
155, 109
155, 173
155, 45
155, 110
155, 46
155, 174
155, 111
155, 47
155, 175
155, 112
155, 48
155, 176
155, 49
155, 177
155, 113
155, 50
155, 178
155, 114
155, 51
155, 179
155, 115
155, 52
155, 180
155, 116
155, 53
155, 181
155, 117
155, 54
155, 182
155, 118
155, 55
155, 183
155, 119
155, 56
155, 184
155, 120
155, 121
155, 57
155, 185
155, 122
155, 58
155, 186
155, 123
155, 59
155, 187
155, 124
155, 60
155, 188
155, 125
155, 61
155, 189
155, 126
155, 62
155, 190
155, 127
155, 191
155, 63
91, 64
91, 192
91, 128
91, 65
91, 193
91, 1
91, 129
91, 66
91, 194
91, 2
91, 130
91, 3
91, 131
91, 67
91, 195
91, 4
91, 132
91, 68
91, 196
91, 5
91, 133
91, 69
91, 197
91, 6
91, 134
91, 70
91, 198
91, 7
91, 135
91, 71
91, 199
91, 8
91, 136
91, 72
91, 200
91, 9
91, 137
91, 73
91, 10
91, 138
91, 74
91, 75
91, 11
91, 139
91, 76
91, 12
91, 140
91, 77
91, 13
91, 141
91, 78
91, 14
91, 142
91, 79
91, 15
91, 143
91, 80
91, 16
91, 144
91, 81
91, 145
91, 17
91, 82
91, 18
91, 146
91, 83
91, 19
91, 147
91, 84
91, 20
91, 148
91, 21
91, 149
91, 85
91, 22
91, 150
91, 86
91, 23
91, 151
91, 87
91, 24
91, 152
91, 88
91, 25
91, 153
91, 89
91, 26
91, 154
91, 90
91, 27
91, 155
91, 91
91, 28
91, 156
91, 92
91, 29
91, 157
91, 93
91, 30
91, 158
91, 94
91, 95
91, 31
91, 159
91, 96
91, 32
91, 160
91, 97
91, 33
91, 161
91, 98
91, 34
91, 162
91, 99
91, 163
91, 35
91, 100
91, 36
91, 164
91, 101
91, 37
91, 165
91, 102
91, 38
91, 166
91, 39
91, 167
91, 103
91, 40
91, 168
91, 104
91, 41
91, 169
91, 105
91, 42
91, 170
91, 106
91, 43
91, 171
91, 107
91, 44
91, 172
91, 108
91, 45
91, 173
91, 109
91, 46
91, 174
91, 110
91, 47
91, 175
91, 111
91, 48
91, 176
91, 112
91, 113
91, 49
91, 177
91, 114
91, 50
91, 178
91, 115
91, 51
91, 179
91, 116
91, 52
91, 180
91, 117
91, 53
91, 181
91, 118
91, 54
91, 182
91, 119
91, 55
91, 183
91, 120
91, 56
91, 184
91, 57
91, 185
91, 121
91, 58
91, 186
91, 122
91, 59
91, 187
91, 123
91, 60
91, 188
91, 124
91, 61
91, 189
91, 125
91, 62
91, 190
91, 126
91, 63
91, 191
91, 127
27, 128
27, 192
27, 64
27, 1
27, 193
27, 129
27, 65
27, 2
27, 194
27, 130
27, 66
27, 195
27, 67
27, 3
27, 131
27, 196
27, 68
27, 4
27, 132
27, 197
27, 69
27, 5
27, 133
27, 198
27, 70
27, 6
27, 134
27, 71
27, 199
27, 7
27, 135
27, 72
27, 200
27, 8
27, 136
27, 73
27, 9
27, 137
27, 74
27, 10
27, 138
27, 11
27, 139
27, 75
27, 12
27, 140
27, 76
27, 13
27, 141
27, 77
27, 14
27, 142
27, 78
27, 15
27, 143
27, 79
27, 16
27, 144
27, 80
27, 17
27, 145
27, 81
27, 18
27, 146
27, 82
27, 19
27, 147
27, 83
27, 20
27, 148
27, 84
27, 85
27, 21
27, 149
27, 86
27, 22
27, 150
27, 87
27, 23
27, 151
27, 88
27, 24
27, 152
27, 89
27, 25
27, 153
27, 90
27, 26
27, 154
27, 91
27, 27
27, 155
27, 92
27, 156
27, 28
27, 157
27, 93
27, 29
27, 158
27, 94
27, 30
27, 159
27, 31
27, 95
27, 160
27, 32
27, 96
27, 161
27, 33
27, 97
27, 162
27, 34
27, 98
27, 35
27, 163
27, 99
27, 36
27, 164
27, 100
27, 37
27, 165
27, 101
27, 38
27, 166
27, 102
27, 103
27, 39
27, 167
27, 104
27, 40
27, 168
27, 105
27, 41
27, 169
27, 106
27, 42
27, 170
27, 107
27, 43
27, 171
27, 108
27, 44
27, 172
27, 109
27, 173
27, 45
27, 110
27, 174
27, 46
27, 175
27, 111
27, 47
27, 176
27, 112
27, 48
27, 177
27, 49
27, 113
27, 178
27, 50
27, 114
27, 179
27, 51
27, 115
27, 180
27, 52
27, 116
27, 53
27, 181
27, 117
27, 54
27, 182
27, 118
27, 55
27, 183
27, 119
27, 56
27, 184
27, 120
27, 121
27, 57
27, 185
27, 122
27, 58
27, 186
27, 123
27, 59
27, 187
27, 124
27, 60
27, 188
27, 125
27, 61
27, 189
27, 126
27, 62
27, 190
27, 127
27, 191
27, 63
156, 128
156, 192
156, 64
156, 1
156, 129
156, 65
156, 193
156, 2
156, 130
156, 66
156, 194
156, 3
156, 131
156, 67
156, 195
156, 68
156, 196
156, 4
156, 132
156, 69
156, 197
156, 5
156, 133
156, 70
156, 198
156, 6
156, 134
156, 71
156, 199
156, 7
156, 135
156, 72
156, 200
156, 8
156, 136
156, 73
156, 9
156, 137
156, 74
156, 138
156, 10
156, 75
156, 139
156, 11
156, 140
156, 76
156, 12
156, 141
156, 77
156, 13
156, 142
156, 14
156, 78
156, 143
156, 15
156, 79
156, 144
156, 16
156, 80
156, 145
156, 17
156, 81
156, 18
156, 146
156, 82
156, 19
156, 147
156, 83
156, 20
156, 148
156, 84
156, 21
156, 149
156, 85
156, 86
156, 22
156, 150
156, 87
156, 23
156, 151
156, 88
156, 24
156, 152
156, 89
156, 25
156, 153
156, 90
156, 26
156, 154
156, 91
156, 27
156, 155
156, 92
156, 156
156, 28
156, 93
156, 29
156, 157
156, 94
156, 30
156, 158
156, 95
156, 31
156, 159
156, 32
156, 160
156, 96
156, 33
156, 161
156, 97
156, 34
156, 162
156, 98
156, 35
156, 163
156, 99
156, 36
156, 164
156, 100
156, 37
156, 165
156, 101
156, 38
156, 166
156, 102
156, 39
156, 167
156, 103
156, 104
156, 40
156, 168
156, 105
156, 41
156, 169
156, 106
156, 42
156, 170
156, 107
156, 43
156, 171
156, 108
156, 44
156, 172
156, 109
156, 45
156, 173
156, 110
156, 174
156, 46
156, 111
156, 47
156, 175
156, 112
156, 48
156, 176
156, 113
156, 49
156, 177
156, 50
156, 178
156, 114
156, 51
156, 179
156, 115
156, 52
156, 180
156, 116
156, 53
156, 181
156, 117
156, 54
156, 182
156, 118
156, 55
156, 183
156, 119
156, 56
156, 184
156, 120
156, 57
156, 185
156, 121
156, 122
156, 58
156, 186
156, 123
156, 59
156, 187
156, 124
156, 60
156, 188
156, 125
156, 61
156, 189
156, 126
156, 62
156, 190
156, 127
156, 63
156, 191
92, 64
92, 192
92, 128
92, 65
92, 193
92, 1
92, 129
92, 66
92, 194
92, 2
92, 130
92, 67
92, 195
92, 3
92, 131
92, 4
92, 132
92, 68
92, 196
92, 5
92, 133
92, 69
92, 197
92, 6
92, 134
92, 70
92, 198
92, 7
92, 135
92, 71
92, 199
92, 8
92, 136
92, 72
92, 200
92, 9
92, 137
92, 73
92, 10
92, 138
92, 74
92, 11
92, 139
92, 75
92, 76
92, 12
92, 140
92, 77
92, 13
92, 141
92, 78
92, 14
92, 142
92, 79
92, 15
92, 143
92, 80
92, 16
92, 144
92, 81
92, 17
92, 145
92, 82
92, 146
92, 18
92, 83
92, 19
92, 147
92, 84
92, 20
92, 148
92, 85
92, 21
92, 149
92, 22
92, 150
92, 86
92, 23
92, 151
92, 87
92, 24
92, 152
92, 88
92, 25
92, 153
92, 89
92, 26
92, 154
92, 90
92, 27
92, 155
92, 91
92, 28
92, 156
92, 92
92, 29
92, 157
92, 93
92, 30
92, 158
92, 94
92, 31
92, 159
92, 95
92, 96
92, 32
92, 160
92, 97
92, 33
92, 161
92, 98
92, 34
92, 162
92, 99
92, 35
92, 163
92, 100
92, 164
92, 36
92, 101
92, 37
92, 165
92, 102
92, 38
92, 166
92, 103
92, 39
92, 167
92, 40
92, 168
92, 104
92, 41
92, 169
92, 105
92, 42
92, 170
92, 106
92, 43
92, 171
92, 107
92, 44
92, 172
92, 108
92, 45
92, 173
92, 109
92, 46
92, 174
92, 110
92, 47
92, 175
92, 111
92, 48
92, 176
92, 112
92, 49
92, 177
92, 113
92, 114
92, 50
92, 178
92, 115
92, 51
92, 179
92, 116
92, 52
92, 180
92, 117
92, 53
92, 181
92, 118
92, 54
92, 182
92, 119
92, 55
92, 183
92, 120
92, 56
92, 184
92, 121
92, 57
92, 185
92, 58
92, 186
92, 122
92, 59
92, 187
92, 123
92, 60
92, 188
92, 124
92, 61
92, 189
92, 125
92, 62
92, 190
92, 126
92, 63
92, 191
92, 127
28, 128
28, 192
28, 64
28, 1
28, 129
28, 193
28, 65
28, 2
28, 194
28, 130
28, 66
28, 3
28, 195
28, 131
28, 67
28, 196
28, 68
28, 4
28, 132
28, 197
28, 69
28, 5
28, 133
28, 198
28, 70
28, 6
28, 134
28, 199
28, 71
28, 7
28, 135
28, 72
28, 200
28, 8
28, 136
28, 73
28, 9
28, 137
28, 74
28, 10
28, 138
28, 75
28, 11
28, 139
28, 12
28, 140
28, 76
28, 13
28, 141
28, 77
28, 14
28, 142
28, 78
28, 15
28, 143
28, 79
28, 16
28, 144
28, 80
28, 17
28, 145
28, 81
28, 18
28, 146
28, 82
28, 19
28, 147
28, 83
28, 20
28, 148
28, 84
28, 21
28, 149
28, 85
28, 86
28, 22
28, 150
28, 87
28, 23
28, 151
28, 88
28, 24
28, 152
28, 89
28, 25
28, 153
28, 90
28, 26
28, 154
28, 91
28, 27
28, 155
28, 92
28, 28
28, 156
28, 93
28, 157
28, 29
28, 158
28, 94
28, 30
28, 159
28, 95
28, 31
28, 160
28, 32
28, 96
28, 161
28, 33
28, 97
28, 162
28, 34
28, 98
28, 163
28, 35
28, 99
28, 36
28, 164
28, 100
28, 37
28, 165
28, 101
28, 38
28, 166
28, 102
28, 39
28, 167
28, 103
28, 104
28, 40
28, 168
28, 105
28, 41
28, 169
28, 106
28, 42
28, 170
28, 107
28, 43
28, 171
28, 108
28, 44
28, 172
28, 109
28, 45
28, 173
28, 110
28, 174
28, 46
28, 111
28, 175
28, 47
28, 176
28, 112
28, 48
28, 177
28, 113
28, 49
28, 178
28, 50
28, 114
28, 179
28, 51
28, 115
28, 180
28, 52
28, 116
28, 181
28, 53
28, 117
28, 54
28, 182
28, 118
28, 55
28, 183
28, 119
28, 56
28, 184
28, 120
28, 57
28, 185
28, 121
28, 122
28, 58
28, 186
28, 123
28, 59
28, 187
28, 124
28, 60
28, 188
28, 125
28, 61
28, 189
28, 126
28, 62
28, 190
28, 127
28, 63
28, 191
157, 128
157, 64
157, 192
157, 1
157, 129
157, 193
157, 65
157, 2
157, 130
157, 66
157, 194
157, 3
157, 131
157, 67
157, 195
157, 4
157, 132
157, 68
157, 196
157, 69
157, 197
157, 5
157, 133
157, 70
157, 198
157, 6
157, 134
157, 71
157, 199
157, 7
157, 135
157, 72
157, 200
157, 8
157, 136
157, 73
157, 9
157, 137
157, 74
157, 10
157, 138
157, 75
157, 139
157, 11
157, 76
157, 140
157, 12
157, 141
157, 77
157, 13
157, 142
157, 78
157, 14
157, 143
157, 15
157, 79
157, 144
157, 16
157, 80
157, 145
157, 17
157, 81
157, 146
157, 18
157, 82
157, 19
157, 147
157, 83
157, 20
157, 148
157, 84
157, 21
157, 149
157, 85
157, 22
157, 150
157, 86
157, 87
157, 23
157, 151
157, 88
157, 24
157, 152
157, 89
157, 25
157, 153
157, 90
157, 26
157, 154
157, 91
157, 27
157, 155
157, 92
157, 28
157, 156
157, 93
157, 157
157, 29
157, 94
157, 30
157, 158
157, 95
157, 31
157, 159
157, 96
157, 32
157, 160
157, 33
157, 161
157, 97
157, 34
157, 162
157, 98
157, 35
157, 163
157, 99
157, 36
157, 164
157, 100
157, 37
157, 165
157, 101
157, 38
157, 166
157, 102
157, 39
157, 167
157, 103
157, 40
157, 168
157, 104
157, 105
157, 41
157, 169
157, 106
157, 42
157, 170
157, 107
157, 43
157, 171
157, 108
157, 44
157, 172
157, 109
157, 45
157, 173
157, 110
157, 46
157, 174
157, 111
157, 175
157, 47
157, 112
157, 48
157, 176
157, 113
157, 49
157, 177
157, 114
157, 50
157, 178
157, 51
157, 179
157, 115
157, 52
157, 180
157, 116
157, 53
157, 181
157, 117
157, 54
157, 182
157, 118
157, 55
157, 183
157, 119
157, 56
157, 184
157, 120
157, 57
157, 185
157, 121
157, 58
157, 186
157, 122
157, 123
157, 59
157, 187
157, 124
157, 60
157, 188
157, 125
157, 61
157, 189
157, 126
157, 62
157, 190
157, 127
157, 63
157, 191
93, 64
93, 192
93, 128
93, 65
93, 193
93, 129
93, 1
93, 66
93, 194
93, 2
93, 130
93, 67
93, 195
93, 3
93, 131
93, 68
93, 196
93, 4
93, 132
93, 5
93, 133
93, 69
93, 197
93, 6
93, 134
93, 70
93, 198
93, 7
93, 135
93, 71
93, 199
93, 8
93, 136
93, 72
93, 200
93, 9
93, 137
93, 73
93, 10
93, 138
93, 74
93, 11
93, 139
93, 75
93, 12
93, 140
93, 76
93, 77
93, 13
93, 141
93, 78
93, 14
93, 142
93, 79
93, 15
93, 143
93, 80
93, 16
93, 144
93, 81
93, 17
93, 145
93, 82
93, 18
93, 146
93, 83
93, 147
93, 19
93, 84
93, 20
93, 148
93, 85
93, 21
93, 149
93, 86
93, 22
93, 150
93, 23
93, 151
93, 87
93, 24
93, 152
93, 88
93, 25
93, 153
93, 89
93, 26
93, 154
93, 90
93, 27
93, 155
93, 91
93, 28
93, 156
93, 92
93, 29
93, 157
93, 93
93, 30
93, 158
93, 94
93, 31
93, 159
93, 95
93, 32
93, 160
93, 96
93, 97
93, 33
93, 161
93, 98
93, 34
93, 162
93, 99
93, 35
93, 163
93, 100
93, 36
93, 164
93, 101
93, 165
93, 37
93, 102
93, 38
93, 166
93, 103
93, 39
93, 167
93, 104
93, 40
93, 168
93, 41
93, 169
93, 105
93, 42
93, 170
93, 106
93, 43
93, 171
93, 107
93, 44
93, 172
93, 108
93, 45
93, 173
93, 109
93, 46
93, 174
93, 110
93, 47
93, 175
93, 111
93, 48
93, 176
93, 112
93, 49
93, 177
93, 113
93, 50
93, 178
93, 114
93, 115
93, 51
93, 179
93, 116
93, 52
93, 180
93, 117
93, 53
93, 181
93, 118
93, 54
93, 182
93, 119
93, 55
93, 183
93, 120
93, 56
93, 184
93, 121
93, 57
93, 185
93, 122
93, 58
93, 186
93, 59
93, 187
93, 123
93, 60
93, 188
93, 124
93, 61
93, 189
93, 125
93, 62
93, 190
93, 126
93, 63
93, 191
93, 127
29, 128
29, 64
29, 192
29, 1
29, 129
29, 193
29, 65
29, 2
29, 130
29, 194
29, 66
29, 3
29, 195
29, 131
29, 67
29, 4
29, 196
29, 132
29, 68
29, 197
29, 69
29, 5
29, 133
29, 198
29, 70
29, 6
29, 134
29, 199
29, 71
29, 7
29, 135
29, 200
29, 72
29, 8
29, 136
29, 73
29, 9
29, 137
29, 74
29, 10
29, 138
29, 75
29, 11
29, 139
29, 76
29, 12
29, 140
29, 13
29, 141
29, 77
29, 14
29, 142
29, 78
29, 15
29, 143
29, 79
29, 16
29, 144
29, 80
29, 17
29, 145
29, 81
29, 18
29, 146
29, 82
29, 19
29, 147
29, 83
29, 20
29, 148
29, 84
29, 21
29, 149
29, 85
29, 22
29, 150
29, 86
29, 87
29, 23
29, 151
29, 88
29, 24
29, 152
29, 89
29, 25
29, 153
29, 90
29, 26
29, 154
29, 91
29, 27
29, 155
29, 92
29, 28
29, 156
29, 93
29, 29
29, 157
29, 94
29, 158
29, 30
29, 159
29, 95
29, 31
29, 160
29, 96
29, 32
29, 161
29, 33
29, 97
29, 162
29, 34
29, 98
29, 163
29, 35
29, 99
29, 164
29, 36
29, 100
29, 37
29, 165
29, 101
29, 38
29, 166
29, 102
29, 39
29, 167
29, 103
29, 40
29, 168
29, 104
29, 105
29, 41
29, 169
29, 106
29, 42
29, 170
29, 107
29, 43
29, 171
29, 108
29, 44
29, 172
29, 109
29, 45
29, 173
29, 110
29, 46
29, 174
29, 111
29, 175
29, 47
29, 112
29, 176
29, 48
29, 177
29, 113
29, 49
29, 178
29, 114
29, 50
29, 179
29, 51
29, 115
29, 180
29, 52
29, 116
29, 181
29, 53
29, 117
29, 182
29, 54
29, 118
29, 55
29, 183
29, 119
29, 56
29, 184
29, 120
29, 57
29, 185
29, 121
29, 58
29, 186
29, 122
29, 123
29, 59
29, 187
29, 124
29, 60
29, 188
29, 125
29, 61
29, 189
29, 126
29, 62
29, 190
29, 127
29, 63
29, 191
158, 128
158, 64
158, 192
158, 129
158, 1
158, 65
158, 193
158, 2
158, 130
158, 194
158, 66
158, 3
158, 131
158, 67
158, 195
158, 4
158, 132
158, 68
158, 196
158, 5
158, 133
158, 69
158, 197
158, 70
158, 198
158, 6
158, 134
158, 71
158, 199
158, 7
158, 135
158, 72
158, 200
158, 8
158, 136
158, 73
158, 9
158, 137
158, 74
158, 10
158, 138
158, 75
158, 11
158, 139
158, 76
158, 140
158, 12
158, 77
158, 141
158, 13
158, 142
158, 78
158, 14
158, 143
158, 79
158, 15
158, 144
158, 16
158, 80
158, 145
158, 17
158, 81
158, 146
158, 18
158, 82
158, 147
158, 19
158, 83
158, 20
158, 148
158, 84
158, 21
158, 149
158, 85
158, 22
158, 150
158, 86
158, 23
158, 151
158, 87
158, 88
158, 24
158, 152
158, 89
158, 25
158, 153
158, 90
158, 26
158, 154
158, 91
158, 27
158, 155
158, 92
158, 28
158, 156
158, 93
158, 29
158, 157
158, 94
158, 158
158, 30
158, 95
158, 31
158, 159
158, 96
158, 32
158, 160
158, 97
158, 33
158, 161
158, 34
158, 162
158, 98
158, 35
158, 163
158, 99
158, 36
158, 164
158, 100
158, 37
158, 165
158, 101
158, 38
158, 166
158, 102
158, 39
158, 167
158, 103
158, 40
158, 168
158, 104
158, 41
158, 169
158, 105
158, 106
158, 42
158, 170
158, 107
158, 43
158, 171
158, 108
158, 44
158, 172
158, 109
158, 45
158, 173
158, 110
158, 46
158, 174
158, 111
158, 47
158, 175
158, 112
158, 176
158, 48
158, 113
158, 49
158, 177
158, 114
158, 50
158, 178
158, 115
158, 51
158, 179
158, 52
158, 180
158, 116
158, 53
158, 181
158, 117
158, 54
158, 182
158, 118
158, 55
158, 183
158, 119
158, 56
158, 184
158, 120
158, 57
158, 185
158, 121
158, 58
158, 186
158, 122
158, 59
158, 187
158, 123
158, 124
158, 60
158, 188
158, 125
158, 61
158, 189
158, 126
158, 62
158, 190
158, 127
158, 63
158, 191
94, 64
94, 192
94, 128
94, 65
94, 193
94, 1
94, 129
94, 66
94, 194
94, 130
94, 2
94, 67
94, 195
94, 3
94, 131
94, 68
94, 196
94, 4
94, 132
94, 69
94, 197
94, 5
94, 133
94, 6
94, 134
94, 70
94, 198
94, 7
94, 135
94, 71
94, 199
94, 8
94, 136
94, 72
94, 200
94, 9
94, 137
94, 73
94, 10
94, 138
94, 74
94, 11
94, 139
94, 75
94, 12
94, 140
94, 76
94, 13
94, 141
94, 77
94, 78
94, 14
94, 142
94, 79
94, 15
94, 143
94, 80
94, 16
94, 144
94, 81
94, 17
94, 145
94, 82
94, 18
94, 146
94, 83
94, 19
94, 147
94, 84
94, 148
94, 20
94, 85
94, 21
94, 149
94, 86
94, 22
94, 150
94, 87
94, 23
94, 151
94, 24
94, 152
94, 88
94, 25
94, 153
94, 89
94, 26
94, 154
94, 90
94, 27
94, 155
94, 91
94, 28
94, 156
94, 92
94, 29
94, 157
94, 93
94, 30
94, 158
94, 94
94, 31
94, 159
94, 95
94, 32
94, 160
94, 96
94, 33
94, 161
94, 97
94, 98
94, 34
94, 162
94, 99
94, 35
94, 163
94, 100
94, 36
94, 164
94, 101
94, 37
94, 165
94, 102
94, 166
94, 38
94, 103
94, 39
94, 167
94, 104
94, 40
94, 168
94, 105
94, 41
94, 169
94, 42
94, 170
94, 106
94, 43
94, 171
94, 107
94, 44
94, 172
94, 108
94, 45
94, 173
94, 109
94, 46
94, 174
94, 110
94, 47
94, 175
94, 111
94, 48
94, 176
94, 112
94, 49
94, 177
94, 113
94, 50
94, 178
94, 114
94, 51
94, 179
94, 115
94, 116
94, 52
94, 180
94, 117
94, 53
94, 181
94, 118
94, 54
94, 182
94, 119
94, 55
94, 183
94, 120
94, 56
94, 184
94, 121
94, 57
94, 185
94, 122
94, 58
94, 186
94, 123
94, 59
94, 187
94, 60
94, 188
94, 124
94, 61
94, 189
94, 125
94, 62
94, 190
94, 126
94, 63
94, 191
94, 127
30, 128
30, 64
30, 192
30, 1
30, 129
30, 65
30, 193
30, 2
30, 130
30, 194
30, 66
30, 3
30, 131
30, 195
30, 67
30, 4
30, 196
30, 132
30, 68
30, 5
30, 197
30, 133
30, 69
30, 198
30, 70
30, 6
30, 134
30, 199
30, 71
30, 7
30, 135
30, 200
30, 72
30, 8
30, 136
30, 73
30, 9
30, 137
30, 74
30, 10
30, 138
30, 75
30, 11
30, 139
30, 76
30, 12
30, 140
30, 77
30, 13
30, 141
30, 14
30, 142
30, 78
30, 15
30, 143
30, 79
30, 16
30, 144
30, 80
30, 17
30, 145
30, 81
30, 18
30, 146
30, 82
30, 19
30, 147
30, 83
30, 20
30, 148
30, 84
30, 21
30, 149
30, 85
30, 22
30, 150
30, 86
30, 23
30, 151
30, 87
30, 88
30, 24
30, 152
30, 89
30, 25
30, 153
30, 90
30, 26
30, 154
30, 91
30, 27
30, 155
30, 92
30, 28
30, 156
30, 93
30, 29
30, 157
30, 94
30, 30
30, 158
30, 95
30, 159
30, 31
30, 160
30, 96
30, 32
30, 161
30, 97
30, 33
30, 162
30, 34
30, 98
30, 163
30, 35
30, 99
30, 164
30, 36
30, 100
30, 165
30, 37
30, 101
30, 38
30, 166
30, 102
30, 39
30, 167
30, 103
30, 40
30, 168
30, 104
30, 41
30, 169
30, 105
30, 106
30, 42
30, 170
30, 107
30, 43
30, 171
30, 108
30, 44
30, 172
30, 109
30, 45
30, 173
30, 110
30, 46
30, 174
30, 111
30, 47
30, 175
30, 112
30, 176
30, 48
30, 113
30, 177
30, 49
30, 178
30, 114
30, 50
30, 179
30, 115
30, 51
30, 180
30, 52
30, 116
30, 181
30, 53
30, 117
30, 182
30, 54
30, 118
30, 183
30, 55
30, 119
30, 56
30, 184
30, 120
30, 57
30, 185
30, 121
30, 58
30, 186
30, 122
30, 59
30, 187
30, 123
30, 124
30, 60
30, 188
30, 125
30, 61
30, 189
30, 126
30, 62
30, 190
30, 127
30, 63
30, 191
159, 128
159, 64
159, 192
159, 129
159, 1
159, 65
159, 193
159, 130
159, 2
159, 66
159, 194
159, 3
159, 131
159, 195
159, 67
159, 4
159, 132
159, 68
159, 196
159, 5
159, 133
159, 69
159, 197
159, 6
159, 134
159, 70
159, 198
159, 71
159, 199
159, 7
159, 135
159, 72
159, 200
159, 8
159, 136
159, 73
159, 9
159, 137
159, 74
159, 10
159, 138
159, 75
159, 11
159, 139
159, 76
159, 12
159, 140
159, 77
159, 141
159, 13
159, 78
159, 142
159, 14
159, 143
159, 79
159, 15
159, 144
159, 80
159, 16
159, 145
159, 17
159, 81
159, 146
159, 18
159, 82
159, 147
159, 19
159, 83
159, 148
159, 20
159, 84
159, 21
159, 149
159, 85
159, 22
159, 150
159, 86
159, 23
159, 151
159, 87
159, 24
159, 152
159, 88
159, 89
159, 25
159, 153
159, 90
159, 26
159, 154
159, 91
159, 27
159, 155
159, 92
159, 28
159, 156
159, 93
159, 29
159, 157
159, 94
159, 30
159, 158
159, 95
159, 159
159, 31
159, 96
159, 32
159, 160
159, 97
159, 33
159, 161
159, 98
159, 34
159, 162
159, 35
159, 163
159, 99
159, 36
159, 164
159, 100
159, 37
159, 165
159, 101
159, 38
159, 166
159, 102
159, 39
159, 167
159, 103
159, 40
159, 168
159, 104
159, 41
159, 169
159, 105
159, 42
159, 170
159, 106
159, 107
159, 43
159, 171
159, 108
159, 44
159, 172
159, 109
159, 45
159, 173
159, 110
159, 46
159, 174
159, 111
159, 47
159, 175
159, 112
159, 48
159, 176
159, 113
159, 177
159, 49
159, 114
159, 50
159, 178
159, 115
159, 51
159, 179
159, 116
159, 52
159, 180
159, 53
159, 181
159, 117
159, 54
159, 182
159, 118
159, 55
159, 183
159, 119
159, 56
159, 184
159, 120
159, 57
159, 185
159, 121
159, 58
159, 186
159, 122
159, 59
159, 187
159, 123
159, 60
159, 188
159, 124
159, 125
159, 61
159, 189
159, 126
159, 62
159, 190
159, 127
159, 63
159, 191
95, 64
95, 192
95, 128
95, 65
95, 193
95, 1
95, 129
95, 66
95, 194
95, 2
95, 130
95, 67
95, 195
95, 131
95, 3
95, 68
95, 196
95, 4
95, 132
95, 69
95, 197
95, 5
95, 133
95, 70
95, 198
95, 6
95, 134
95, 7
95, 135
95, 71
95, 199
95, 8
95, 136
95, 72
95, 200
95, 9
95, 137
95, 73
95, 10
95, 138
95, 74
95, 11
95, 139
95, 75
95, 12
95, 140
95, 76
95, 13
95, 141
95, 77
95, 14
95, 142
95, 78
95, 79
95, 15
95, 143
95, 80
95, 16
95, 144
95, 81
95, 17
95, 145
95, 82
95, 18
95, 146
95, 83
95, 19
95, 147
95, 84
95, 20
95, 148
95, 85
95, 149
95, 21
95, 86
95, 22
95, 150
95, 87
95, 23
95, 151
95, 88
95, 24
95, 152
95, 25
95, 153
95, 89
95, 26
95, 154
95, 90
95, 27
95, 155
95, 91
95, 28
95, 156
95, 92
95, 29
95, 157
95, 93
95, 30
95, 158
95, 94
95, 31
95, 159
95, 95
95, 32
95, 160
95, 96
95, 33
95, 161
95, 97
95, 34
95, 162
95, 98
95, 99
95, 35
95, 163
95, 100
95, 36
95, 164
95, 101
95, 37
95, 165
95, 102
95, 38
95, 166
95, 103
95, 167
95, 39
95, 104
95, 40
95, 168
95, 105
95, 41
95, 169
95, 106
95, 42
95, 170
95, 43
95, 171
95, 107
95, 44
95, 172
95, 108
95, 45
95, 173
95, 109
95, 46
95, 174
95, 110
95, 47
95, 175
95, 111
95, 48
95, 176
95, 112
95, 49
95, 177
95, 113
95, 50
95, 178
95, 114
95, 51
95, 179
95, 115
95, 52
95, 180
95, 116
95, 117
95, 53
95, 181
95, 118
95, 54
95, 182
95, 119
95, 55
95, 183
95, 120
95, 56
95, 184
95, 121
95, 57
95, 185
95, 122
95, 58
95, 186
95, 123
95, 59
95, 187
95, 124
95, 60
95, 188
95, 61
95, 189
95, 125
95, 62
95, 190
95, 126
95, 63
95, 191
95, 127
31, 128
31, 64
31, 192
31, 1
31, 129
31, 65
31, 193
31, 2
31, 130
31, 66
31, 194
31, 3
31, 131
31, 195
31, 67
31, 4
31, 132
31, 196
31, 68
31, 5
31, 197
31, 133
31, 69
31, 6
31, 198
31, 134
31, 70
31, 199
31, 71
31, 7
31, 135
31, 200
31, 72
31, 8
31, 136
31, 73
31, 9
31, 137
31, 74
31, 10
31, 138
31, 75
31, 11
31, 139
31, 76
31, 12
31, 140
31, 77
31, 13
31, 141
31, 78
31, 14
31, 142
31, 15
31, 143
31, 79
31, 16
31, 144
31, 80
31, 17
31, 145
31, 81
31, 18
31, 146
31, 82
31, 19
31, 147
31, 83
31, 20
31, 148
31, 84
31, 21
31, 149
31, 85
31, 22
31, 150
31, 86
31, 23
31, 151
31, 87
31, 24
31, 152
31, 88
31, 89
31, 25
31, 153
31, 90
31, 26
31, 154
31, 91
31, 27
31, 155
31, 92
31, 28
31, 156
31, 93
31, 29
31, 157
31, 94
31, 30
31, 158
31, 95
31, 31
31, 159
31, 96
31, 160
31, 32
31, 161
31, 97
31, 33
31, 162
31, 98
31, 34
31, 163
31, 35
31, 99
31, 164
31, 36
31, 100
31, 165
31, 37
31, 101
31, 166
31, 38
31, 102
31, 39
31, 167
31, 103
31, 40
31, 168
31, 104
31, 41
31, 169
31, 105
31, 42
31, 170
31, 106
31, 107
31, 43
31, 171
31, 108
31, 44
31, 172
31, 109
31, 45
31, 173
31, 110
31, 46
31, 174
31, 111
31, 47
31, 175
31, 112
31, 48
31, 176
31, 113
31, 177
31, 49
31, 114
31, 178
31, 50
31, 179
31, 115
31, 51
31, 180
31, 116
31, 52
31, 181
31, 53
31, 117
31, 182
31, 54
31, 118
31, 183
31, 55
31, 119
31, 184
31, 56
31, 120
31, 57
31, 185
31, 121
31, 58
31, 186
31, 122
31, 59
31, 187
31, 123
31, 60
31, 188
31, 124
31, 125
31, 61
31, 189
31, 126
31, 62
31, 190
31, 127
31, 63
31, 191
160, 128
160, 64
160, 192
160, 129
160, 1
160, 65
160, 193
160, 130
160, 2
160, 66
160, 194
160, 131
160, 3
160, 67
160, 195
160, 4
160, 132
160, 196
160, 68
160, 5
160, 133
160, 69
160, 197
160, 6
160, 134
160, 70
160, 198
160, 7
160, 135
160, 71
160, 199
160, 72
160, 200
160, 8
160, 136
160, 73
160, 9
160, 137
160, 74
160, 10
160, 138
160, 75
160, 11
160, 139
160, 76
160, 12
160, 140
160, 77
160, 13
160, 141
160, 78
160, 142
160, 14
160, 79
160, 143
160, 15
160, 144
160, 80
160, 16
160, 145
160, 81
160, 17
160, 146
160, 18
160, 82
160, 147
160, 19
160, 83
160, 148
160, 20
160, 84
160, 149
160, 21
160, 85
160, 22
160, 150
160, 86
160, 23
160, 151
160, 87
160, 24
160, 152
160, 88
160, 25
160, 153
160, 89
160, 90
160, 26
160, 154
160, 91
160, 27
160, 155
160, 92
160, 28
160, 156
160, 93
160, 29
160, 157
160, 94
160, 30
160, 158
160, 95
160, 31
160, 159
160, 96
160, 160
160, 32
160, 97
160, 33
160, 161
160, 98
160, 34
160, 162
160, 99
160, 35
160, 163
160, 36
160, 164
160, 100
160, 37
160, 165
160, 101
160, 38
160, 166
160, 102
160, 39
160, 167
160, 103
160, 40
160, 168
160, 104
160, 41
160, 169
160, 105
160, 42
160, 170
160, 106
160, 43
160, 171
160, 107
160, 108
160, 44
160, 172
160, 109
160, 45
160, 173
160, 110
160, 46
160, 174
160, 111
160, 47
160, 175
160, 112
160, 48
160, 176
160, 113
160, 49
160, 177
160, 114
160, 178
160, 50
160, 115
160, 51
160, 179
160, 116
160, 52
160, 180
160, 117
160, 53
160, 181
160, 54
160, 182
160, 118
160, 55
160, 183
160, 119
160, 56
160, 184
160, 120
160, 57
160, 185
160, 121
160, 58
160, 186
160, 122
160, 59
160, 187
160, 123
160, 60
160, 188
160, 124
160, 61
160, 189
160, 125
160, 126
160, 62
160, 190
160, 127
160, 63
160, 191
96, 64
96, 192
96, 128
96, 65
96, 193
96, 1
96, 129
96, 66
96, 194
96, 2
96, 130
96, 67
96, 195
96, 3
96, 131
96, 68
96, 196
96, 132
96, 4
96, 69
96, 197
96, 5
96, 133
96, 70
96, 198
96, 6
96, 134
96, 71
96, 199
96, 7
96, 135
96, 8
96, 136
96, 72
96, 200
96, 9
96, 137
96, 73
96, 10
96, 138
96, 74
96, 11
96, 139
96, 75
96, 12
96, 140
96, 76
96, 13
96, 141
96, 77
96, 14
96, 142
96, 78
96, 15
96, 143
96, 79
96, 80
96, 16
96, 144
96, 81
96, 17
96, 145
96, 82
96, 18
96, 146
96, 83
96, 19
96, 147
96, 84
96, 20
96, 148
96, 85
96, 21
96, 149
96, 86
96, 150
96, 22
96, 87
96, 23
96, 151
96, 88
96, 24
96, 152
96, 89
96, 25
96, 153
96, 26
96, 154
96, 90
96, 27
96, 155
96, 91
96, 28
96, 156
96, 92
96, 29
96, 157
96, 93
96, 30
96, 158
96, 94
96, 31
96, 159
96, 95
96, 32
96, 160
96, 96
96, 33
96, 161
96, 97
96, 34
96, 162
96, 98
96, 35
96, 163
96, 99
96, 100
96, 36
96, 164
96, 101
96, 37
96, 165
96, 102
96, 38
96, 166
96, 103
96, 39
96, 167
96, 104
96, 168
96, 40
96, 105
96, 41
96, 169
96, 106
96, 42
96, 170
96, 107
96, 43
96, 171
96, 44
96, 172
96, 108
96, 45
96, 173
96, 109
96, 46
96, 174
96, 110
96, 47
96, 175
96, 111
96, 48
96, 176
96, 112
96, 49
96, 177
96, 113
96, 50
96, 178
96, 114
96, 51
96, 179
96, 115
96, 52
96, 180
96, 116
96, 53
96, 181
96, 117
96, 118
96, 54
96, 182
96, 119
96, 55
96, 183
96, 120
96, 56
96, 184
96, 121
96, 57
96, 185
96, 122
96, 58
96, 186
96, 123
96, 59
96, 187
96, 124
96, 60
96, 188
96, 125
96, 61
96, 189
96, 62
96, 190
96, 126
96, 63
96, 191
96, 127
32, 128
32, 64
32, 192
32, 1
32, 129
32, 65
32, 193
32, 2
32, 130
32, 66
32, 194
32, 3
32, 131
32, 67
32, 195
32, 4
32, 132
32, 196
32, 68
32, 5
32, 133
32, 197
32, 69
32, 6
32, 198
32, 134
32, 70
32, 7
32, 199
32, 135
32, 71
32, 200
32, 72
32, 8
32, 136
32, 73
32, 9
32, 137
32, 74
32, 10
32, 138
32, 75
32, 11
32, 139
32, 76
32, 12
32, 140
32, 77
32, 13
32, 141
32, 78
32, 14
32, 142
32, 79
32, 15
32, 143
32, 16
32, 144
32, 80
32, 17
32, 145
32, 81
32, 18
32, 146
32, 82
32, 19
32, 147
32, 83
32, 20
32, 148
32, 84
32, 21
32, 149
32, 85
32, 22
32, 150
32, 86
32, 23
32, 151
32, 87
32, 24
32, 152
32, 88
32, 25
32, 153
32, 89
32, 90
32, 26
32, 154
32, 91
32, 27
32, 155
32, 92
32, 28
32, 156
32, 93
32, 29
32, 157
32, 94
32, 30
32, 158
32, 95
32, 31
32, 159
32, 96
32, 32
32, 160
32, 97
32, 161
32, 33
32, 162
32, 98
32, 34
32, 163
32, 99
32, 35
32, 164
32, 36
32, 100
32, 165
32, 37
32, 101
32, 166
32, 38
32, 102
32, 167
32, 39
32, 103
32, 40
32, 168
32, 104
32, 41
32, 169
32, 105
32, 42
32, 170
32, 106
32, 43
32, 171
32, 107
32, 108
32, 44
32, 172
32, 109
32, 45
32, 173
32, 110
32, 46
32, 174
32, 111
32, 47
32, 175
32, 112
32, 48
32, 176
32, 113
32, 49
32, 177
32, 114
32, 178
32, 50
32, 115
32, 179
32, 51
32, 180
32, 116
32, 52
32, 181
32, 117
32, 53
32, 182
32, 54
32, 118
32, 183
32, 55
32, 119
32, 184
32, 56
32, 120
32, 185
32, 57
32, 121
32, 58
32, 186
32, 122
32, 59
32, 187
32, 123
32, 60
32, 188
32, 124
32, 61
32, 189
32, 125
32, 126
32, 62
32, 190
32, 127
32, 63
32, 191
161, 128
161, 64
161, 192
161, 129
161, 1
161, 65
161, 193
161, 130
161, 2
161, 66
161, 194
161, 131
161, 3
161, 67
161, 195
161, 132
161, 4
161, 68
161, 196
161, 5
161, 133
161, 197
161, 69
161, 6
161, 134
161, 70
161, 198
161, 7
161, 135
161, 71
161, 199
161, 8
161, 136
161, 72
161, 200
161, 73
161, 9
161, 137
161, 74
161, 10
161, 138
161, 75
161, 11
161, 139
161, 76
161, 12
161, 140
161, 77
161, 13
161, 141
161, 78
161, 14
161, 142
161, 79
161, 143
161, 15
161, 80
161, 144
161, 16
161, 145
161, 81
161, 17
161, 146
161, 82
161, 18
161, 147
161, 19
161, 83
161, 148
161, 20
161, 84
161, 149
161, 21
161, 85
161, 150
161, 22
161, 86
161, 23
161, 151
161, 87
161, 24
161, 152
161, 88
161, 25
161, 153
161, 89
161, 26
161, 154
161, 90
161, 91
161, 27
161, 155
161, 92
161, 28
161, 156
161, 93
161, 29
161, 157
161, 94
161, 30
161, 158
161, 95
161, 31
161, 159
161, 96
161, 32
161, 160
161, 97
161, 161
161, 33
161, 98
161, 34
161, 162
161, 99
161, 35
161, 163
161, 100
161, 36
161, 164
161, 37
161, 165
161, 101
161, 38
161, 166
161, 102
161, 39
161, 167
161, 103
161, 40
161, 168
161, 104
161, 41
161, 169
161, 105
161, 42
161, 170
161, 106
161, 43
161, 171
161, 107
161, 44
161, 172
161, 108
161, 109
161, 45
161, 173
161, 110
161, 46
161, 174
161, 111
161, 47
161, 175
161, 112
161, 48
161, 176
161, 113
161, 49
161, 177
161, 114
161, 50
161, 178
161, 115
161, 179
161, 51
161, 116
161, 52
161, 180
161, 117
161, 53
161, 181
161, 118
161, 54
161, 182
161, 55
161, 183
161, 119
161, 56
161, 184
161, 120
161, 57
161, 185
161, 121
161, 58
161, 186
161, 122
161, 59
161, 187
161, 123
161, 60
161, 188
161, 124
161, 61
161, 189
161, 125
161, 62
161, 190
161, 126
161, 127
161, 63
161, 191
97, 64
97, 192
97, 128
97, 65
97, 193
97, 1
97, 129
97, 66
97, 194
97, 2
97, 130
97, 67
97, 195
97, 3
97, 131
97, 68
97, 196
97, 4
97, 132
97, 69
97, 197
97, 133
97, 5
97, 70
97, 198
97, 6
97, 134
97, 71
97, 199
97, 7
97, 135
97, 72
97, 200
97, 8
97, 136
97, 9
97, 137
97, 73
97, 10
97, 138
97, 74
97, 11
97, 139
97, 75
97, 12
97, 140
97, 76
97, 13
97, 141
97, 77
97, 14
97, 142
97, 78
97, 15
97, 143
97, 79
97, 16
97, 144
97, 80
97, 81
97, 17
97, 145
97, 82
97, 18
97, 146
97, 83
97, 19
97, 147
97, 84
97, 20
97, 148
97, 85
97, 21
97, 149
97, 86
97, 22
97, 150
97, 87
97, 151
97, 23
97, 88
97, 24
97, 152
97, 89
97, 25
97, 153
97, 90
97, 26
97, 154
97, 27
97, 155
97, 91
97, 28
97, 156
97, 92
97, 29
97, 157
97, 93
97, 30
97, 158
97, 94
97, 31
97, 159
97, 95
97, 32
97, 160
97, 96
97, 33
97, 161
97, 97
97, 34
97, 162
97, 98
97, 35
97, 163
97, 99
97, 36
97, 164
97, 100
97, 101
97, 37
97, 165
97, 102
97, 38
97, 166
97, 103
97, 39
97, 167
97, 104
97, 40
97, 168
97, 105
97, 169
97, 41
97, 106
97, 42
97, 170
97, 107
97, 43
97, 171
97, 108
97, 44
97, 172
97, 45
97, 173
97, 109
97, 46
97, 174
97, 110
97, 47
97, 175
97, 111
97, 48
97, 176
97, 112
97, 49
97, 177
97, 113
97, 50
97, 178
97, 114
97, 51
97, 179
97, 115
97, 52
97, 180
97, 116
97, 53
97, 181
97, 117
97, 54
97, 182
97, 118
97, 119
97, 55
97, 183
97, 120
97, 56
97, 184
97, 121
97, 57
97, 185
97, 122
97, 58
97, 186
97, 123
97, 59
97, 187
97, 124
97, 60
97, 188
97, 125
97, 61
97, 189
97, 126
97, 62
97, 190
97, 63
97, 191
97, 127
33, 128
33, 64
33, 192
33, 1
33, 129
33, 65
33, 193
33, 2
33, 130
33, 66
33, 194
33, 3
33, 131
33, 67
33, 195
33, 4
33, 132
33, 68
33, 196
33, 5
33, 133
33, 197
33, 69
33, 6
33, 134
33, 198
33, 70
33, 7
33, 199
33, 135
33, 71
33, 8
33, 200
33, 136
33, 72
33, 73
33, 9
33, 137
33, 74
33, 10
33, 138
33, 75
33, 11
33, 139
33, 76
33, 12
33, 140
33, 77
33, 13
33, 141
33, 78
33, 14
33, 142
33, 79
33, 15
33, 143
33, 80
33, 16
33, 144
33, 17
33, 145
33, 81
33, 18
33, 146
33, 82
33, 19
33, 147
33, 83
33, 20
33, 148
33, 84
33, 21
33, 149
33, 85
33, 22
33, 150
33, 86
33, 23
33, 151
33, 87
33, 24
33, 152
33, 88
33, 25
33, 153
33, 89
33, 26
33, 154
33, 90
33, 91
33, 27
33, 155
33, 92
33, 28
33, 156
33, 93
33, 29
33, 157
33, 94
33, 30
33, 158
33, 95
33, 31
33, 159
33, 96
33, 32
33, 160
33, 97
33, 33
33, 161
33, 98
33, 162
33, 34
33, 163
33, 99
33, 35
33, 164
33, 100
33, 36
33, 165
33, 37
33, 101
33, 166
33, 38
33, 102
33, 167
33, 39
33, 103
33, 168
33, 40
33, 104
33, 41
33, 169
33, 105
33, 42
33, 170
33, 106
33, 43
33, 171
33, 107
33, 44
33, 172
33, 108
33, 109
33, 45
33, 173
33, 110
33, 46
33, 174
33, 111
33, 47
33, 175
33, 112
33, 48
33, 176
33, 113
33, 49
33, 177
33, 114
33, 50
33, 178
33, 115
33, 179
33, 51
33, 116
33, 180
33, 52
33, 181
33, 117
33, 53
33, 182
33, 118
33, 54
33, 183
33, 55
33, 119
33, 184
33, 56
33, 120
33, 185
33, 57
33, 121
33, 186
33, 58
33, 122
33, 59
33, 187
33, 123
33, 60
33, 188
33, 124
33, 61
33, 189
33, 125
33, 62
33, 190
33, 126
33, 127
33, 63
33, 191
162, 128
162, 64
162, 192
162, 129
162, 65
162, 193
162, 1
162, 130
162, 2
162, 66
162, 194
162, 131
162, 3
162, 67
162, 195
162, 132
162, 4
162, 68
162, 196
162, 133
162, 5
162, 69
162, 197
162, 6
162, 134
162, 198
162, 70
162, 7
162, 135
162, 71
162, 199
162, 8
162, 136
162, 72
162, 200
162, 9
162, 137
162, 73
162, 74
162, 10
162, 138
162, 75
162, 11
162, 139
162, 76
162, 12
162, 140
162, 77
162, 13
162, 141
162, 78
162, 14
162, 142
162, 79
162, 15
162, 143
162, 80
162, 144
162, 16
162, 81
162, 145
162, 17
162, 146
162, 82
162, 18
162, 147
162, 83
162, 19
162, 148
162, 20
162, 84
162, 149
162, 21
162, 85
162, 150
162, 22
162, 86
162, 151
162, 23
162, 87
162, 24
162, 152
162, 88
162, 25
162, 153
162, 89
162, 26
162, 154
162, 90
162, 27
162, 155
162, 91
162, 92
162, 28
162, 156
162, 93
162, 29
162, 157
162, 94
162, 30
162, 158
162, 95
162, 31
162, 159
162, 96
162, 32
162, 160
162, 97
162, 33
162, 161
162, 98
162, 162
162, 34
162, 99
162, 35
162, 163
162, 100
162, 36
162, 164
162, 101
162, 37
162, 165
162, 38
162, 166
162, 102
162, 39
162, 167
162, 103
162, 40
162, 168
162, 104
162, 41
162, 169
162, 105
162, 42
162, 170
162, 106
162, 43
162, 171
162, 107
162, 44
162, 172
162, 108
162, 45
162, 173
162, 109
162, 110
162, 46
162, 174
162, 111
162, 47
162, 175
162, 112
162, 48
162, 176
162, 113
162, 49
162, 177
162, 114
162, 50
162, 178
162, 115
162, 51
162, 179
162, 116
162, 180
162, 52
162, 117
162, 53
162, 181
162, 118
162, 54
162, 182
162, 119
162, 55
162, 183
162, 56
162, 184
162, 120
162, 57
162, 185
162, 121
162, 58
162, 186
162, 122
162, 59
162, 187
162, 123
162, 60
162, 188
162, 124
162, 61
162, 189
162, 125
162, 62
162, 190
162, 126
162, 63
162, 191
162, 127
98, 64
98, 192
98, 128
98, 65
98, 193
98, 1
98, 129
98, 66
98, 194
98, 2
98, 130
98, 67
98, 195
98, 3
98, 131
98, 68
98, 196
98, 4
98, 132
98, 69
98, 197
98, 5
98, 133
98, 70
98, 198
98, 134
98, 6
98, 71
98, 199
98, 7
98, 135
98, 72
98, 200
98, 8
98, 136
98, 73
98, 9
98, 137
98, 10
98, 138
98, 74
98, 11
98, 139
98, 75
98, 12
98, 140
98, 76
98, 13
98, 141
98, 77
98, 14
98, 142
98, 78
98, 15
98, 143
98, 79
98, 16
98, 144
98, 80
98, 17
98, 145
98, 81
98, 82
98, 18
98, 146
98, 83
98, 19
98, 147
98, 84
98, 20
98, 148
98, 85
98, 21
98, 149
98, 86
98, 22
98, 150
98, 87
98, 23
98, 151
98, 88
98, 152
98, 24
98, 89
98, 25
98, 153
98, 90
98, 26
98, 154
98, 91
98, 27
98, 155
98, 28
98, 156
98, 92
98, 29
98, 157
98, 93
98, 30
98, 158
98, 94
98, 31
98, 159
98, 95
98, 32
98, 160
98, 96
98, 33
98, 161
98, 97
98, 34
98, 162
98, 98
98, 35
98, 163
98, 99
98, 36
98, 164
98, 100
98, 37
98, 165
98, 101
98, 102
98, 38
98, 166
98, 103
98, 39
98, 167
98, 104
98, 40
98, 168
98, 105
98, 41
98, 169
98, 106
98, 170
98, 42
98, 107
98, 43
98, 171
98, 108
98, 44
98, 172
98, 109
98, 45
98, 173
98, 46
98, 174
98, 110
98, 47
98, 175
98, 111
98, 48
98, 176
98, 112
98, 49
98, 177
98, 113
98, 50
98, 178
98, 114
98, 51
98, 179
98, 115
98, 52
98, 180
98, 116
98, 53
98, 181
98, 117
98, 54
98, 182
98, 118
98, 55
98, 183
98, 119
98, 120
98, 56
98, 184
98, 121
98, 57
98, 185
98, 122
98, 58
98, 186
98, 123
98, 59
98, 187
98, 124
98, 60
98, 188
98, 125
98, 61
98, 189
98, 126
98, 62
98, 190
98, 127
98, 63
98, 191
34, 128
34, 64
34, 192
34, 1
34, 129
34, 65
34, 193
34, 2
34, 130
34, 66
34, 194
34, 3
34, 131
34, 67
34, 195
34, 4
34, 132
34, 68
34, 196
34, 5
34, 133
34, 69
34, 197
34, 6
34, 134
34, 198
34, 70
34, 7
34, 135
34, 199
34, 71
34, 8
34, 200
34, 136
34, 72
34, 9
34, 137
34, 73
34, 74
34, 10
34, 138
34, 75
34, 11
34, 139
34, 76
34, 12
34, 140
34, 77
34, 13
34, 141
34, 78
34, 14
34, 142
34, 79
34, 15
34, 143
34, 80
34, 16
34, 144
34, 81
34, 17
34, 145
34, 18
34, 146
34, 82
34, 19
34, 147
34, 83
34, 20
34, 148
34, 84
34, 21
34, 149
34, 85
34, 22
34, 150
34, 86
34, 23
34, 151
34, 87
34, 24
34, 152
34, 88
34, 25
34, 153
34, 89
34, 26
34, 154
34, 90
34, 27
34, 155
34, 91
34, 92
34, 28
34, 156
34, 93
34, 29
34, 157
34, 94
34, 30
34, 158
34, 95
34, 31
34, 159
34, 96
34, 32
34, 160
34, 97
34, 33
34, 161
34, 98
34, 34
34, 162
34, 99
34, 163
34, 35
34, 164
34, 100
34, 36
34, 165
34, 101
34, 37
34, 166
34, 38
34, 102
34, 167
34, 39
34, 103
34, 168
34, 40
34, 104
34, 169
34, 41
34, 105
34, 42
34, 170
34, 106
34, 43
34, 171
34, 107
34, 44
34, 172
34, 108
34, 45
34, 173
34, 109
34, 110
34, 46
34, 174
34, 111
34, 47
34, 175
34, 112
34, 48
34, 176
34, 113
34, 49
34, 177
34, 114
34, 50
34, 178
34, 115
34, 51
34, 179
34, 116
34, 180
34, 52
34, 117
34, 181
34, 53
34, 182
34, 118
34, 54
34, 183
34, 119
34, 55
34, 184
34, 56
34, 120
34, 185
34, 57
34, 121
34, 186
34, 58
34, 122
34, 187
34, 59
34, 123
34, 60
34, 188
34, 124
34, 61
34, 189
34, 125
34, 62
34, 190
34, 126
34, 63
34, 191
34, 127
163, 64
163, 192
163, 128
163, 129
163, 65
163, 193
163, 1
163, 130
163, 66
163, 194
163, 2
163, 131
163, 3
163, 67
163, 195
163, 132
163, 4
163, 68
163, 196
163, 133
163, 5
163, 69
163, 197
163, 134
163, 6
163, 70
163, 198
163, 7
163, 135
163, 199
163, 71
163, 8
163, 136
163, 72
163, 200
163, 9
163, 137
163, 73
163, 10
163, 138
163, 74
163, 75
163, 11
163, 139
163, 76
163, 12
163, 140
163, 77
163, 13
163, 141
163, 78
163, 14
163, 142
163, 79
163, 15
163, 143
163, 80
163, 16
163, 144
163, 81
163, 145
163, 17
163, 82
163, 146
163, 18
163, 147
163, 83
163, 19
163, 148
163, 84
163, 20
163, 149
163, 21
163, 85
163, 150
163, 22
163, 86
163, 151
163, 23
163, 87
163, 152
163, 24
163, 88
163, 25
163, 153
163, 89
163, 26
163, 154
163, 90
163, 27
163, 155
163, 91
163, 28
163, 156
163, 92
163, 93
163, 29
163, 157
163, 94
163, 30
163, 158
163, 95
163, 31
163, 159
163, 96
163, 32
163, 160
163, 97
163, 33
163, 161
163, 98
163, 34
163, 162
163, 99
163, 163
163, 35
163, 100
163, 36
163, 164
163, 101
163, 37
163, 165
163, 102
163, 38
163, 166
163, 39
163, 167
163, 103
163, 40
163, 168
163, 104
163, 41
163, 169
163, 105
163, 42
163, 170
163, 106
163, 43
163, 171
163, 107
163, 44
163, 172
163, 108
163, 45
163, 173
163, 109
163, 46
163, 174
163, 110
163, 111
163, 47
163, 175
163, 112
163, 48
163, 176
163, 113
163, 49
163, 177
163, 114
163, 50
163, 178
163, 115
163, 51
163, 179
163, 116
163, 52
163, 180
163, 117
163, 181
163, 53
163, 118
163, 54
163, 182
163, 119
163, 55
163, 183
163, 120
163, 56
163, 184
163, 57
163, 185
163, 121
163, 58
163, 186
163, 122
163, 59
163, 187
163, 123
163, 60
163, 188
163, 124
163, 61
163, 189
163, 125
163, 62
163, 190
163, 126
163, 63
163, 191
163, 127
99, 128
99, 64
99, 192
99, 65
99, 193
99, 1
99, 129
99, 66
99, 194
99, 2
99, 130
99, 67
99, 195
99, 3
99, 131
99, 68
99, 196
99, 4
99, 132
99, 69
99, 197
99, 5
99, 133
99, 70
99, 198
99, 6
99, 134
99, 71
99, 199
99, 135
99, 7
99, 72
99, 200
99, 8
99, 136
99, 73
99, 9
99, 137
99, 74
99, 10
99, 138
99, 11
99, 139
99, 75
99, 12
99, 140
99, 76
99, 13
99, 141
99, 77
99, 14
99, 142
99, 78
99, 15
99, 143
99, 79
99, 16
99, 144
99, 80
99, 17
99, 145
99, 81
99, 18
99, 146
99, 82
99, 83
99, 19
99, 147
99, 84
99, 20
99, 148
99, 85
99, 21
99, 149
99, 86
99, 22
99, 150
99, 87
99, 23
99, 151
99, 88
99, 24
99, 152
99, 89
99, 153
99, 25
99, 90
99, 26
99, 154
99, 91
99, 27
99, 155
99, 92
99, 28
99, 156
99, 29
99, 157
99, 93
99, 30
99, 158
99, 94
99, 31
99, 159
99, 95
99, 32
99, 160
99, 96
99, 33
99, 161
99, 97
99, 34
99, 162
99, 98
99, 35
99, 163
99, 99
99, 36
99, 164
99, 100
99, 37
99, 165
99, 101
99, 38
99, 166
99, 102
99, 103
99, 39
99, 167
99, 104
99, 40
99, 168
99, 105
99, 41
99, 169
99, 106
99, 42
99, 170
99, 107
99, 171
99, 43
99, 108
99, 44
99, 172
99, 109
99, 45
99, 173
99, 110
99, 46
99, 174
99, 47
99, 175
99, 111
99, 48
99, 176
99, 112
99, 49
99, 177
99, 113
99, 50
99, 178
99, 114
99, 51
99, 179
99, 115
99, 52
99, 180
99, 116
99, 53
99, 181
99, 117
99, 54
99, 182
99, 118
99, 55
99, 183
99, 119
99, 56
99, 184
99, 120
99, 121
99, 57
99, 185
99, 122
99, 58
99, 186
99, 123
99, 59
99, 187
99, 124
99, 60
99, 188
99, 125
99, 61
99, 189
99, 126
99, 62
99, 190
99, 127
99, 63
99, 191
35, 64
35, 192
35, 128
35, 1
35, 129
35, 65
35, 193
35, 2
35, 130
35, 66
35, 194
35, 3
35, 131
35, 67
35, 195
35, 4
35, 132
35, 68
35, 196
35, 5
35, 133
35, 69
35, 197
35, 6
35, 134
35, 70
35, 198
35, 7
35, 135
35, 199
35, 71
35, 8
35, 136
35, 200
35, 72
35, 9
35, 137
35, 73
35, 10
35, 138
35, 74
35, 75
35, 11
35, 139
35, 76
35, 12
35, 140
35, 77
35, 13
35, 141
35, 78
35, 14
35, 142
35, 79
35, 15
35, 143
35, 80
35, 16
35, 144
35, 81
35, 17
35, 145
35, 82
35, 18
35, 146
35, 19
35, 147
35, 83
35, 20
35, 148
35, 84
35, 21
35, 149
35, 85
35, 22
35, 150
35, 86
35, 23
35, 151
35, 87
35, 24
35, 152
35, 88
35, 25
35, 153
35, 89
35, 26
35, 154
35, 90
35, 27
35, 155
35, 91
35, 28
35, 156
35, 92
35, 93
35, 29
35, 157
35, 94
35, 30
35, 158
35, 95
35, 31
35, 159
35, 96
35, 32
35, 160
35, 97
35, 33
35, 161
35, 98
35, 34
35, 162
35, 99
35, 35
35, 163
35, 100
35, 164
35, 36
35, 165
35, 101
35, 37
35, 166
35, 102
35, 38
35, 167
35, 39
35, 103
35, 168
35, 40
35, 104
35, 169
35, 41
35, 105
35, 170
35, 42
35, 106
35, 43
35, 171
35, 107
35, 44
35, 172
35, 108
35, 45
35, 173
35, 109
35, 46
35, 174
35, 110
35, 111
35, 47
35, 175
35, 112
35, 48
35, 176
35, 113
35, 49
35, 177
35, 114
35, 50
35, 178
35, 115
35, 51
35, 179
35, 116
35, 52
35, 180
35, 117
35, 181
35, 53
35, 118
35, 182
35, 54
35, 183
35, 119
35, 55
35, 184
35, 120
35, 56
35, 185
35, 57
35, 121
35, 186
35, 58
35, 122
35, 187
35, 59
35, 123
35, 188
35, 60
35, 124
35, 61
35, 189
35, 125
35, 62
35, 190
35, 126
35, 63
35, 191
35, 127
164, 64
164, 192
164, 128
164, 65
164, 193
164, 129
164, 1
164, 130
164, 66
164, 194
164, 2
164, 131
164, 67
164, 195
164, 3
164, 132
164, 4
164, 68
164, 196
164, 133
164, 5
164, 69
164, 197
164, 134
164, 6
164, 70
164, 198
164, 135
164, 7
164, 71
164, 199
164, 8
164, 136
164, 200
164, 72
164, 9
164, 137
164, 73
164, 10
164, 138
164, 74
164, 11
164, 139
164, 75
164, 76
164, 12
164, 140
164, 77
164, 13
164, 141
164, 78
164, 14
164, 142
164, 79
164, 15
164, 143
164, 80
164, 16
164, 144
164, 81
164, 17
164, 145
164, 82
164, 146
164, 18
164, 83
164, 147
164, 19
164, 148
164, 84
164, 20
164, 149
164, 85
164, 21
164, 150
164, 22
164, 86
164, 151
164, 23
164, 87
164, 152
164, 24
164, 88
164, 153
164, 25
164, 89
164, 26
164, 154
164, 90
164, 27
164, 155
164, 91
164, 28
164, 156
164, 92
164, 29
164, 157
164, 93
164, 94
164, 30
164, 158
164, 95
164, 31
164, 159
164, 96
164, 32
164, 160
164, 97
164, 33
164, 161
164, 98
164, 34
164, 162
164, 99
164, 35
164, 163
164, 100
164, 164
164, 36
164, 101
164, 37
164, 165
164, 102
164, 38
164, 166
164, 103
164, 39
164, 167
164, 40
164, 168
164, 104
164, 41
164, 169
164, 105
164, 42
164, 170
164, 106
164, 43
164, 171
164, 107
164, 44
164, 172
164, 108
164, 45
164, 173
164, 109
164, 46
164, 174
164, 110
164, 47
164, 175
164, 111
164, 112
164, 48
164, 176
164, 113
164, 49
164, 177
164, 114
164, 50
164, 178
164, 115
164, 51
164, 179
164, 116
164, 52
164, 180
164, 117
164, 53
164, 181
164, 118
164, 182
164, 54
164, 119
164, 55
164, 183
164, 120
164, 56
164, 184
164, 121
164, 57
164, 185
164, 58
164, 186
164, 122
164, 59
164, 187
164, 123
164, 60
164, 188
164, 124
164, 61
164, 189
164, 125
164, 62
164, 190
164, 126
164, 63
164, 191
164, 127
100, 128
100, 64
100, 192
100, 1
100, 129
100, 65
100, 193
100, 66
100, 194
100, 2
100, 130
100, 67
100, 195
100, 3
100, 131
100, 68
100, 196
100, 4
100, 132
100, 69
100, 197
100, 5
100, 133
100, 70
100, 198
100, 6
100, 134
100, 71
100, 199
100, 7
100, 135
100, 72
100, 200
100, 136
100, 8
100, 73
100, 9
100, 137
100, 74
100, 10
100, 138
100, 75
100, 11
100, 139
100, 12
100, 140
100, 76
100, 13
100, 141
100, 77
100, 14
100, 142
100, 78
100, 15
100, 143
100, 79
100, 16
100, 144
100, 80
100, 17
100, 145
100, 81
100, 18
100, 146
100, 82
100, 19
100, 147
100, 83
100, 84
100, 20
100, 148
100, 85
100, 21
100, 149
100, 86
100, 22
100, 150
100, 87
100, 23
100, 151
100, 88
100, 24
100, 152
100, 89
100, 25
100, 153
100, 90
100, 154
100, 26
100, 91
100, 27
100, 155
100, 92
100, 28
100, 156
100, 93
100, 29
100, 157
100, 30
100, 158
100, 94
100, 31
100, 159
100, 95
100, 32
100, 160
100, 96
100, 33
100, 161
100, 97
100, 34
100, 162
100, 98
100, 35
100, 163
100, 99
100, 36
100, 164
100, 100
100, 37
100, 165
100, 101
100, 38
100, 166
100, 102
100, 39
100, 167
100, 103
100, 104
100, 40
100, 168
100, 105
100, 41
100, 169
100, 106
100, 42
100, 170
100, 107
100, 43
100, 171
100, 108
100, 172
100, 44
100, 109
100, 45
100, 173
100, 110
100, 46
100, 174
100, 111
100, 47
100, 175
100, 48
100, 176
100, 112
100, 49
100, 177
100, 113
100, 50
100, 178
100, 114
100, 51
100, 179
100, 115
100, 52
100, 180
100, 116
100, 53
100, 181
100, 117
100, 54
100, 182
100, 118
100, 55
100, 183
100, 119
100, 56
100, 184
100, 120
100, 57
100, 185
100, 121
100, 122
100, 58
100, 186
100, 123
100, 59
100, 187
100, 124
100, 60
100, 188
100, 125
100, 61
100, 189
100, 126
100, 62
100, 190
100, 127
100, 63
100, 191
36, 64
36, 192
36, 128
36, 65
36, 193
36, 1
36, 129
36, 2
36, 130
36, 66
36, 194
36, 3
36, 131
36, 67
36, 195
36, 4
36, 132
36, 68
36, 196
36, 5
36, 133
36, 69
36, 197
36, 6
36, 134
36, 70
36, 198
36, 7
36, 135
36, 71
36, 199
36, 8
36, 136
36, 200
36, 72
36, 9
36, 137
36, 73
36, 10
36, 138
36, 74
36, 11
36, 139
36, 75
36, 76
36, 12
36, 140
36, 77
36, 13
36, 141
36, 78
36, 14
36, 142
36, 79
36, 15
36, 143
36, 80
36, 16
36, 144
36, 81
36, 17
36, 145
36, 82
36, 18
36, 146
36, 83
36, 19
36, 147
36, 20
36, 148
36, 84
36, 21
36, 149
36, 85
36, 22
36, 150
36, 86
36, 23
36, 151
36, 87
36, 24
36, 152
36, 88
36, 25
36, 153
36, 89
36, 26
36, 154
36, 90
36, 27
36, 155
36, 91
36, 28
36, 156
36, 92
36, 29
36, 157
36, 93
36, 94
36, 30
36, 158
36, 95
36, 31
36, 159
36, 96
36, 32
36, 160
36, 97
36, 33
36, 161
36, 98
36, 34
36, 162
36, 99
36, 35
36, 163
36, 100
36, 36
36, 164
36, 101
36, 165
36, 37
36, 166
36, 102
36, 38
36, 167
36, 103
36, 39
36, 168
36, 40
36, 104
36, 169
36, 41
36, 105
36, 170
36, 42
36, 106
36, 171
36, 43
36, 107
36, 44
36, 172
36, 108
36, 45
36, 173
36, 109
36, 46
36, 174
36, 110
36, 47
36, 175
36, 111
36, 112
36, 48
36, 176
36, 113
36, 49
36, 177
36, 114
36, 50
36, 178
36, 115
36, 51
36, 179
36, 116
36, 52
36, 180
36, 117
36, 53
36, 181
36, 118
36, 182
36, 54
36, 119
36, 183
36, 55
36, 184
36, 120
36, 56
36, 185
36, 121
36, 57
36, 186
36, 58
36, 122
36, 187
36, 59
36, 123
36, 188
36, 60
36, 124
36, 189
36, 61
36, 125
36, 62
36, 190
36, 126
36, 63
36, 191
36, 127
165, 64
165, 192
165, 128
165, 65
165, 193
165, 129
165, 1
165, 66
165, 194
165, 130
165, 2
165, 131
165, 67
165, 195
165, 3
165, 132
165, 68
165, 196
165, 4
165, 133
165, 5
165, 69
165, 197
165, 134
165, 6
165, 70
165, 198
165, 135
165, 7
165, 71
165, 199
165, 136
165, 8
165, 72
165, 200
165, 9
165, 137
165, 73
165, 10
165, 138
165, 74
165, 11
165, 139
165, 75
165, 12
165, 140
165, 76
165, 77
165, 13
165, 141
165, 78
165, 14
165, 142
165, 79
165, 15
165, 143
165, 80
165, 16
165, 144
165, 81
165, 17
165, 145
165, 82
165, 18
165, 146
165, 83
165, 147
165, 19
165, 84
165, 148
165, 20
165, 149
165, 85
165, 21
165, 150
165, 86
165, 22
165, 151
165, 23
165, 87
165, 152
165, 24
165, 88
165, 153
165, 25
165, 89
165, 154
165, 26
165, 90
165, 27
165, 155
165, 91
165, 28
165, 156
165, 92
165, 29
165, 157
165, 93
165, 30
165, 158
165, 94
165, 95
165, 31
165, 159
165, 96
165, 32
165, 160
165, 97
165, 33
165, 161
165, 98
165, 34
165, 162
165, 99
165, 35
165, 163
165, 100
165, 36
165, 164
165, 101
165, 165
165, 37
165, 102
165, 38
165, 166
165, 103
165, 39
165, 167
165, 104
165, 40
165, 168
165, 41
165, 169
165, 105
165, 42
165, 170
165, 106
165, 43
165, 171
165, 107
165, 44
165, 172
165, 108
165, 45
165, 173
165, 109
165, 46
165, 174
165, 110
165, 47
165, 175
165, 111
165, 48
165, 176
165, 112
165, 113
165, 49
165, 177
165, 114
165, 50
165, 178
165, 115
165, 51
165, 179
165, 116
165, 52
165, 180
165, 117
165, 53
165, 181
165, 118
165, 54
165, 182
165, 119
165, 183
165, 55
165, 120
165, 56
165, 184
165, 121
165, 57
165, 185
165, 122
165, 58
165, 186
165, 59
165, 187
165, 123
165, 60
165, 188
165, 124
165, 61
165, 189
165, 125
165, 62
165, 190
165, 126
165, 63
165, 191
165, 127
101, 128
101, 64
101, 192
101, 1
101, 129
101, 65
101, 193
101, 2
101, 130
101, 66
101, 194
101, 67
101, 195
101, 3
101, 131
101, 68
101, 196
101, 4
101, 132
101, 69
101, 197
101, 5
101, 133
101, 70
101, 198
101, 6
101, 134
101, 71
101, 199
101, 7
101, 135
101, 72
101, 200
101, 8
101, 136
101, 73
101, 137
101, 9
101, 74
101, 10
101, 138
101, 75
101, 11
101, 139
101, 76
101, 12
101, 140
101, 13
101, 141
101, 77
101, 14
101, 142
101, 78
101, 15
101, 143
101, 79
101, 16
101, 144
101, 80
101, 17
101, 145
101, 81
101, 18
101, 146
101, 82
101, 19
101, 147
101, 83
101, 20
101, 148
101, 84
101, 85
101, 21
101, 149
101, 86
101, 22
101, 150
101, 87
101, 23
101, 151
101, 88
101, 24
101, 152
101, 89
101, 25
101, 153
101, 90
101, 26
101, 154
101, 91
101, 155
101, 27
101, 92
101, 28
101, 156
101, 93
101, 29
101, 157
101, 94
101, 30
101, 158
101, 31
101, 159
101, 95
101, 32
101, 160
101, 96
101, 33
101, 161
101, 97
101, 34
101, 162
101, 98
101, 35
101, 163
101, 99
101, 36
101, 164
101, 100
101, 37
101, 165
101, 101
101, 38
101, 166
101, 102
101, 39
101, 167
101, 103
101, 40
101, 168
101, 104
101, 105
101, 41
101, 169
101, 106
101, 42
101, 170
101, 107
101, 43
101, 171
101, 108
101, 44
101, 172
101, 109
101, 173
101, 45
101, 110
101, 46
101, 174
101, 111
101, 47
101, 175
101, 112
101, 48
101, 176
101, 49
101, 177
101, 113
101, 50
101, 178
101, 114
101, 51
101, 179
101, 115
101, 52
101, 180
101, 116
101, 53
101, 181
101, 117
101, 54
101, 182
101, 118
101, 55
101, 183
101, 119
101, 56
101, 184
101, 120
101, 57
101, 185
101, 121
101, 58
101, 186
101, 122
101, 123
101, 59
101, 187
101, 124
101, 60
101, 188
101, 125
101, 61
101, 189
101, 126
101, 62
101, 190
101, 127
101, 63
101, 191
37, 64
37, 192
37, 128
37, 65
37, 193
37, 1
37, 129
37, 66
37, 194
37, 2
37, 130
37, 3
37, 131
37, 67
37, 195
37, 4
37, 132
37, 68
37, 196
37, 5
37, 133
37, 69
37, 197
37, 6
37, 134
37, 70
37, 198
37, 7
37, 135
37, 71
37, 199
37, 8
37, 136
37, 72
37, 200
37, 9
37, 137
37, 73
37, 10
37, 138
37, 74
37, 11
37, 139
37, 75
37, 12
37, 140
37, 76
37, 77
37, 13
37, 141
37, 78
37, 14
37, 142
37, 79
37, 15
37, 143
37, 80
37, 16
37, 144
37, 81
37, 17
37, 145
37, 82
37, 18
37, 146
37, 83
37, 19
37, 147
37, 84
37, 20
37, 148
37, 21
37, 149
37, 85
37, 22
37, 150
37, 86
37, 23
37, 151
37, 87
37, 24
37, 152
37, 88
37, 25
37, 153
37, 89
37, 26
37, 154
37, 90
37, 27
37, 155
37, 91
37, 28
37, 156
37, 92
37, 29
37, 157
37, 93
37, 30
37, 158
37, 94
37, 95
37, 31
37, 159
37, 96
37, 32
37, 160
37, 97
37, 33
37, 161
37, 98
37, 34
37, 162
37, 99
37, 35
37, 163
37, 100
37, 36
37, 164
37, 101
37, 37
37, 165
37, 102
37, 166
37, 38
37, 167
37, 103
37, 39
37, 168
37, 104
37, 40
37, 169
37, 41
37, 105
37, 170
37, 42
37, 106
37, 171
37, 43
37, 107
37, 172
37, 44
37, 108
37, 45
37, 173
37, 109
37, 46
37, 174
37, 110
37, 47
37, 175
37, 111
37, 48
37, 176
37, 112
37, 113
37, 49
37, 177
37, 114
37, 50
37, 178
37, 115
37, 51
37, 179
37, 116
37, 52
37, 180
37, 117
37, 53
37, 181
37, 118
37, 54
37, 182
37, 119
37, 183
37, 55
37, 120
37, 184
37, 56
37, 185
37, 121
37, 57
37, 186
37, 122
37, 58
37, 187
37, 59
37, 123
37, 188
37, 60
37, 124
37, 189
37, 61
37, 125
37, 190
37, 62
37, 126
37, 63
37, 191
37, 127
166, 64
166, 192
166, 128
166, 65
166, 193
166, 1
166, 129
166, 66
166, 194
166, 130
166, 2
166, 67
166, 195
166, 131
166, 3
166, 132
166, 68
166, 196
166, 4
166, 133
166, 69
166, 197
166, 5
166, 134
166, 6
166, 70
166, 198
166, 135
166, 7
166, 71
166, 199
166, 136
166, 8
166, 72
166, 200
166, 137
166, 9
166, 73
166, 10
166, 138
166, 74
166, 11
166, 139
166, 75
166, 12
166, 140
166, 76
166, 13
166, 141
166, 77
166, 78
166, 14
166, 142
166, 79
166, 15
166, 143
166, 80
166, 16
166, 144
166, 81
166, 17
166, 145
166, 82
166, 18
166, 146
166, 83
166, 19
166, 147
166, 84
166, 148
166, 20
166, 85
166, 149
166, 21
166, 150
166, 86
166, 22
166, 151
166, 87
166, 23
166, 152
166, 24
166, 88
166, 153
166, 25
166, 89
166, 154
166, 26
166, 90
166, 155
166, 27
166, 91
166, 28
166, 156
166, 92
166, 29
166, 157
166, 93
166, 30
166, 158
166, 94
166, 31
166, 159
166, 95
166, 96
166, 32
166, 160
166, 97
166, 33
166, 161
166, 98
166, 34
166, 162
166, 99
166, 35
166, 163
166, 100
166, 36
166, 164
166, 101
166, 37
166, 165
166, 102
166, 166
166, 38
166, 103
166, 39
166, 167
166, 104
166, 40
166, 168
166, 105
166, 41
166, 169
166, 42
166, 170
166, 106
166, 43
166, 171
166, 107
166, 44
166, 172
166, 108
166, 45
166, 173
166, 109
166, 46
166, 174
166, 110
166, 47
166, 175
166, 111
166, 48
166, 176
166, 112
166, 49
166, 177
166, 113
166, 114
166, 50
166, 178
166, 115
166, 51
166, 179
166, 116
166, 52
166, 180
166, 117
166, 53
166, 181
166, 118
166, 54
166, 182
166, 119
166, 55
166, 183
166, 120
166, 184
166, 56
166, 121
166, 57
166, 185
166, 122
166, 58
166, 186
166, 123
166, 59
166, 187
166, 60
166, 188
166, 124
166, 61
166, 189
166, 125
166, 62
166, 190
166, 126
166, 63
166, 191
166, 127
102, 128
102, 64
102, 192
102, 1
102, 129
102, 65
102, 193
102, 2
102, 130
102, 66
102, 194
102, 3
102, 131
102, 67
102, 195
102, 68
102, 196
102, 4
102, 132
102, 69
102, 197
102, 5
102, 133
102, 70
102, 198
102, 6
102, 134
102, 71
102, 199
102, 7
102, 135
102, 72
102, 200
102, 8
102, 136
102, 73
102, 9
102, 137
102, 74
102, 138
102, 10
102, 75
102, 11
102, 139
102, 76
102, 12
102, 140
102, 77
102, 13
102, 141
102, 14
102, 142
102, 78
102, 15
102, 143
102, 79
102, 16
102, 144
102, 80
102, 17
102, 145
102, 81
102, 18
102, 146
102, 82
102, 19
102, 147
102, 83
102, 20
102, 148
102, 84
102, 21
102, 149
102, 85
102, 86
102, 22
102, 150
102, 87
102, 23
102, 151
102, 88
102, 24
102, 152
102, 89
102, 25
102, 153
102, 90
102, 26
102, 154
102, 91
102, 27
102, 155
102, 92
102, 156
102, 28
102, 93
102, 29
102, 157
102, 94
102, 30
102, 158
102, 95
102, 31
102, 159
102, 32
102, 160
102, 96
102, 33
102, 161
102, 97
102, 34
102, 162
102, 98
102, 35
102, 163
102, 99
102, 36
102, 164
102, 100
102, 37
102, 165
102, 101
102, 38
102, 166
102, 102
102, 39
102, 167
102, 103
102, 40
102, 168
102, 104
102, 41
102, 169
102, 105
102, 106
102, 42
102, 170
102, 107
102, 43
102, 171
102, 108
102, 44
102, 172
102, 109
102, 45
102, 173
102, 110
102, 174
102, 46
102, 111
102, 47
102, 175
102, 112
102, 48
102, 176
102, 113
102, 49
102, 177
102, 50
102, 178
102, 114
102, 51
102, 179
102, 115
102, 52
102, 180
102, 116
102, 53
102, 181
102, 117
102, 54
102, 182
102, 118
102, 55
102, 183
102, 119
102, 56
102, 184
102, 120
102, 57
102, 185
102, 121
102, 58
102, 186
102, 122
102, 59
102, 187
102, 123
102, 124
102, 60
102, 188
102, 125
102, 61
102, 189
102, 126
102, 62
102, 190
102, 127
102, 63
102, 191
38, 64
38, 192
38, 128
38, 65
38, 193
38, 1
38, 129
38, 66
38, 194
38, 2
38, 130
38, 67
38, 195
38, 3
38, 131
38, 4
38, 132
38, 68
38, 196
38, 5
38, 133
38, 69
38, 197
38, 6
38, 134
38, 70
38, 198
38, 7
38, 135
38, 71
38, 199
38, 8
38, 136
38, 72
38, 200
38, 9
38, 137
38, 73
38, 10
38, 138
38, 74
38, 11
38, 139
38, 75
38, 12
38, 140
38, 76
38, 13
38, 141
38, 77
38, 78
38, 14
38, 142
38, 79
38, 15
38, 143
38, 80
38, 16
38, 144
38, 81
38, 17
38, 145
38, 82
38, 18
38, 146
38, 83
38, 19
38, 147
38, 84
38, 20
38, 148
38, 85
38, 21
38, 149
38, 22
38, 150
38, 86
38, 23
38, 151
38, 87
38, 24
38, 152
38, 88
38, 25
38, 153
38, 89
38, 26
38, 154
38, 90
38, 27
38, 155
38, 91
38, 28
38, 156
38, 92
38, 29
38, 157
38, 93
38, 30
38, 158
38, 94
38, 31
38, 159
38, 95
38, 96
38, 32
38, 160
38, 97
38, 33
38, 161
38, 98
38, 34
38, 162
38, 99
38, 35
38, 163
38, 100
38, 36
38, 164
38, 101
38, 37
38, 165
38, 102
38, 38
38, 166
38, 103
38, 167
38, 39
38, 168
38, 104
38, 40
38, 169
38, 105
38, 41
38, 170
38, 42
38, 106
38, 171
38, 43
38, 107
38, 172
38, 44
38, 108
38, 173
38, 45
38, 109
38, 46
38, 174
38, 110
38, 47
38, 175
38, 111
38, 48
38, 176
38, 112
38, 49
38, 177
38, 113
38, 114
38, 50
38, 178
38, 115
38, 51
38, 179
38, 116
38, 52
38, 180
38, 117
38, 53
38, 181
38, 118
38, 54
38, 182
38, 119
38, 55
38, 183
38, 120
38, 184
38, 56
38, 121
38, 185
38, 57
38, 186
38, 122
38, 58
38, 187
38, 123
38, 59
38, 188
38, 60
38, 124
38, 189
38, 61
38, 125
38, 190
38, 62
38, 126
38, 191
38, 63
38, 127
167, 64
167, 192
167, 128
167, 65
167, 193
167, 1
167, 129
167, 66
167, 194
167, 2
167, 130
167, 67
167, 195
167, 131
167, 3
167, 68
167, 196
167, 132
167, 4
167, 133
167, 69
167, 197
167, 5
167, 134
167, 70
167, 198
167, 6
167, 135
167, 7
167, 71
167, 199
167, 136
167, 8
167, 72
167, 200
167, 137
167, 9
167, 73
167, 138
167, 10
167, 74
167, 11
167, 139
167, 75
167, 12
167, 140
167, 76
167, 13
167, 141
167, 77
167, 14
167, 142
167, 78
167, 79
167, 15
167, 143
167, 80
167, 16
167, 144
167, 81
167, 17
167, 145
167, 82
167, 18
167, 146
167, 83
167, 19
167, 147
167, 84
167, 20
167, 148
167, 85
167, 149
167, 21
167, 86
167, 150
167, 22
167, 151
167, 87
167, 23
167, 152
167, 88
167, 24
167, 153
167, 25
167, 89
167, 154
167, 26
167, 90
167, 155
167, 27
167, 91
167, 156
167, 28
167, 92
167, 29
167, 157
167, 93
167, 30
167, 158
167, 94
167, 31
167, 159
167, 95
167, 32
167, 160
167, 96
167, 97
167, 33
167, 161
167, 98
167, 34
167, 162
167, 99
167, 35
167, 163
167, 100
167, 36
167, 164
167, 101
167, 37
167, 165
167, 102
167, 38
167, 166
167, 103
167, 167
167, 39
167, 104
167, 40
167, 168
167, 105
167, 41
167, 169
167, 106
167, 42
167, 170
167, 43
167, 171
167, 107
167, 44
167, 172
167, 108
167, 45
167, 173
167, 109
167, 46
167, 174
167, 110
167, 47
167, 175
167, 111
167, 48
167, 176
167, 112
167, 49
167, 177
167, 113
167, 50
167, 178
167, 114
167, 115
167, 51
167, 179
167, 116
167, 52
167, 180
167, 117
167, 53
167, 181
167, 118
167, 54
167, 182
167, 119
167, 55
167, 183
167, 120
167, 56
167, 184
167, 121
167, 185
167, 57
167, 122
167, 58
167, 186
167, 123
167, 59
167, 187
167, 124
167, 60
167, 188
167, 61
167, 189
167, 125
167, 62
167, 190
167, 126
167, 63
167, 191
167, 127
103, 128
103, 64
103, 192
103, 1
103, 129
103, 65
103, 193
103, 2
103, 130
103, 66
103, 194
103, 3
103, 131
103, 67
103, 195
103, 4
103, 132
103, 68
103, 196
103, 69
103, 197
103, 5
103, 133
103, 70
103, 198
103, 6
103, 134
103, 71
103, 199
103, 7
103, 135
103, 72
103, 200
103, 8
103, 136
103, 73
103, 9
103, 137
103, 74
103, 10
103, 138
103, 75
103, 139
103, 11
103, 76
103, 12
103, 140
103, 77
103, 13
103, 141
103, 78
103, 14
103, 142
103, 15
103, 143
103, 79
103, 16
103, 144
103, 80
103, 17
103, 145
103, 81
103, 18
103, 146
103, 82
103, 19
103, 147
103, 83
103, 20
103, 148
103, 84
103, 21
103, 149
103, 85
103, 22
103, 150
103, 86
103, 87
103, 23
103, 151
103, 88
103, 24
103, 152
103, 89
103, 25
103, 153
103, 90
103, 26
103, 154
103, 91
103, 27
103, 155
103, 92
103, 28
103, 156
103, 93
103, 157
103, 29
103, 94
103, 30
103, 158
103, 95
103, 31
103, 159
103, 96
103, 32
103, 160
103, 33
103, 161
103, 97
103, 34
103, 162
103, 98
103, 35
103, 163
103, 99
103, 36
103, 164
103, 100
103, 37
103, 165
103, 101
103, 38
103, 166
103, 102
103, 39
103, 167
103, 103
103, 40
103, 168
103, 104
103, 41
103, 169
103, 105
103, 42
103, 170
103, 106
103, 107
103, 43
103, 171
103, 108
103, 44
103, 172
103, 109
103, 45
103, 173
103, 110
103, 46
103, 174
103, 111
103, 175
103, 47
103, 112
103, 48
103, 176
103, 113
103, 49
103, 177
103, 114
103, 50
103, 178
103, 51
103, 179
103, 115
103, 52
103, 180
103, 116
103, 53
103, 181
103, 117
103, 54
103, 182
103, 118
103, 55
103, 183
103, 119
103, 56
103, 184
103, 120
103, 57
103, 185
103, 121
103, 58
103, 186
103, 122
103, 59
103, 187
103, 123
103, 60
103, 188
103, 124
103, 125
103, 61
103, 189
103, 126
103, 62
103, 190
103, 127
103, 63
103, 191
39, 192
39, 64
39, 128
39, 65
39, 193
39, 1
39, 129
39, 66
39, 194
39, 2
39, 130
39, 67
39, 195
39, 3
39, 131
39, 68
39, 196
39, 4
39, 132
39, 5
39, 133
39, 69
39, 197
39, 6
39, 134
39, 70
39, 198
39, 7
39, 135
39, 71
39, 199
39, 8
39, 136
39, 72
39, 200
39, 9
39, 137
39, 73
39, 10
39, 138
39, 74
39, 11
39, 139
39, 75
39, 12
39, 140
39, 76
39, 13
39, 141
39, 77
39, 14
39, 142
39, 78
39, 79
39, 15
39, 143
39, 80
39, 16
39, 144
39, 81
39, 17
39, 145
39, 82
39, 18
39, 146
39, 83
39, 19
39, 147
39, 84
39, 20
39, 148
39, 85
39, 21
39, 149
39, 86
39, 22
39, 150
39, 23
39, 151
39, 87
39, 24
39, 152
39, 88
39, 25
39, 153
39, 89
39, 26
39, 154
39, 90
39, 27
39, 155
39, 91
39, 28
39, 156
39, 92
39, 29
39, 157
39, 93
39, 30
39, 158
39, 94
39, 31
39, 159
39, 95
39, 32
39, 160
39, 96
39, 97
39, 33
39, 161
39, 98
39, 34
39, 162
39, 99
39, 35
39, 163
39, 100
39, 36
39, 164
39, 101
39, 37
39, 165
39, 102
39, 38
39, 166
39, 103
39, 39
39, 167
39, 104
39, 168
39, 40
39, 169
39, 105
39, 41
39, 170
39, 106
39, 42
39, 171
39, 43
39, 107
39, 172
39, 44
39, 108
39, 173
39, 45
39, 109
39, 174
39, 46
39, 110
39, 47
39, 175
39, 111
39, 48
39, 176
39, 112
39, 49
39, 177
39, 113
39, 50
39, 178
39, 114
39, 115
39, 51
39, 179
39, 116
39, 52
39, 180
39, 117
39, 53
39, 181
39, 118
39, 54
39, 182
39, 119
39, 55
39, 183
39, 120
39, 56
39, 184
39, 121
39, 185
39, 57
39, 122
39, 186
39, 58
39, 187
39, 123
39, 59
39, 188
39, 124
39, 60
39, 189
39, 61
39, 125
39, 190
39, 62
39, 126
39, 191
39, 63
39, 127
168, 64
168, 192
168, 128
168, 65
168, 193
168, 1
168, 129
168, 66
168, 194
168, 2
168, 130
168, 67
168, 195
168, 3
168, 131
168, 68
168, 196
168, 132
168, 4
168, 69
168, 197
168, 133
168, 5
168, 134
168, 70
168, 198
168, 6
168, 135
168, 71
168, 199
168, 7
168, 136
168, 8
168, 72
168, 200
168, 137
168, 9
168, 73
168, 138
168, 10
168, 74
168, 139
168, 11
168, 75
168, 12
168, 140
168, 76
168, 13
168, 141
168, 77
168, 14
168, 142
168, 78
168, 15
168, 143
168, 79
168, 80
168, 16
168, 144
168, 81
168, 17
168, 145
168, 82
168, 18
168, 146
168, 83
168, 19
168, 147
168, 84
168, 20
168, 148
168, 85
168, 21
168, 149
168, 86
168, 150
168, 22
168, 87
168, 151
168, 23
168, 152
168, 88
168, 24
168, 153
168, 89
168, 25
168, 154
168, 26
168, 90
168, 155
168, 27
168, 91
168, 156
168, 28
168, 92
168, 157
168, 29
168, 93
168, 30
168, 158
168, 94
168, 31
168, 159
168, 95
168, 32
168, 160
168, 96
168, 33
168, 161
168, 97
168, 98
168, 34
168, 162
168, 99
168, 35
168, 163
168, 100
168, 36
168, 164
168, 101
168, 37
168, 165
168, 102
168, 38
168, 166
168, 103
168, 39
168, 167
168, 104
168, 168
168, 40
168, 105
168, 41
168, 169
168, 106
168, 42
168, 170
168, 107
168, 43
168, 171
168, 44
168, 172
168, 108
168, 45
168, 173
168, 109
168, 46
168, 174
168, 110
168, 47
168, 175
168, 111
168, 48
168, 176
168, 112
168, 49
168, 177
168, 113
168, 50
168, 178
168, 114
168, 51
168, 179
168, 115
168, 116
168, 52
168, 180
168, 117
168, 53
168, 181
168, 118
168, 54
168, 182
168, 119
168, 55
168, 183
168, 120
168, 56
168, 184
168, 121
168, 57
168, 185
168, 122
168, 186
168, 58
168, 123
168, 59
168, 187
168, 124
168, 60
168, 188
168, 125
168, 61
168, 189
168, 62
168, 190
168, 126
168, 63
168, 191
168, 127
104, 128
104, 64
104, 192
104, 1
104, 129
104, 65
104, 193
104, 2
104, 130
104, 66
104, 194
104, 3
104, 131
104, 67
104, 195
104, 4
104, 132
104, 68
104, 196
104, 5
104, 133
104, 69
104, 197
104, 70
104, 198
104, 6
104, 134
104, 71
104, 199
104, 7
104, 135
104, 72
104, 200
104, 8
104, 136
104, 73
104, 9
104, 137
104, 74
104, 10
104, 138
104, 75
104, 11
104, 139
104, 76
104, 140
104, 12
104, 77
104, 13
104, 141
104, 78
104, 14
104, 142
104, 79
104, 15
104, 143
104, 16
104, 144
104, 80
104, 17
104, 145
104, 81
104, 18
104, 146
104, 82
104, 19
104, 147
104, 83
104, 20
104, 148
104, 84
104, 21
104, 149
104, 85
104, 22
104, 150
104, 86
104, 23
104, 151
104, 87
104, 88
104, 24
104, 152
104, 89
104, 25
104, 153
104, 90
104, 26
104, 154
104, 91
104, 27
104, 155
104, 92
104, 28
104, 156
104, 93
104, 29
104, 157
104, 94
104, 158
104, 30
104, 95
104, 31
104, 159
104, 96
104, 32
104, 160
104, 97
104, 33
104, 161
104, 34
104, 162
104, 98
104, 35
104, 163
104, 99
104, 36
104, 164
104, 100
104, 37
104, 165
104, 101
104, 38
104, 166
104, 102
104, 39
104, 167
104, 103
104, 40
104, 168
104, 104
104, 41
104, 169
104, 105
104, 42
104, 170
104, 106
104, 43
104, 171
104, 107
104, 108
104, 44
104, 172
104, 109
104, 45
104, 173
104, 110
104, 46
104, 174
104, 111
104, 47
104, 175
104, 112
104, 176
104, 48
104, 113
104, 49
104, 177
104, 114
104, 50
104, 178
104, 115
104, 51
104, 179
104, 52
104, 180
104, 116
104, 53
104, 181
104, 117
104, 54
104, 182
104, 118
104, 55
104, 183
104, 119
104, 56
104, 184
104, 120
104, 57
104, 185
104, 121
104, 58
104, 186
104, 122
104, 59
104, 187
104, 123
104, 60
104, 188
104, 124
104, 61
104, 189
104, 125
104, 126
104, 62
104, 190
104, 127
104, 63
104, 191
40, 192
40, 64
40, 128
40, 193
40, 65
40, 1
40, 129
40, 66
40, 194
40, 2
40, 130
40, 67
40, 195
40, 3
40, 131
40, 68
40, 196
40, 4
40, 132
40, 69
40, 197
40, 5
40, 133
40, 6
40, 134
40, 70
40, 198
40, 7
40, 135
40, 71
40, 199
40, 8
40, 136
40, 72
40, 200
40, 9
40, 137
40, 73
40, 10
40, 138
40, 74
40, 11
40, 139
40, 75
40, 12
40, 140
40, 76
40, 13
40, 141
40, 77
40, 14
40, 142
40, 78
40, 15
40, 143
40, 79
40, 80
40, 16
40, 144
40, 81
40, 17
40, 145
40, 82
40, 18
40, 146
40, 83
40, 19
40, 147
40, 84
40, 20
40, 148
40, 85
40, 21
40, 149
40, 86
40, 22
40, 150
40, 87
40, 23
40, 151
40, 24
40, 152
40, 88
40, 25
40, 153
40, 89
40, 26
40, 154
40, 90
40, 27
40, 155
40, 91
40, 28
40, 156
40, 92
40, 29
40, 157
40, 93
40, 30
40, 158
40, 94
40, 31
40, 159
40, 95
40, 32
40, 160
40, 96
40, 33
40, 161
40, 97
40, 98
40, 34
40, 162
40, 99
40, 35
40, 163
40, 100
40, 36
40, 164
40, 101
40, 37
40, 165
40, 102
40, 38
40, 166
40, 103
40, 39
40, 167
40, 104
40, 40
40, 168
40, 105
40, 169
40, 41
40, 170
40, 106
40, 42
40, 171
40, 107
40, 43
40, 172
40, 44
40, 108
40, 173
40, 45
40, 109
40, 174
40, 46
40, 110
40, 175
40, 47
40, 111
40, 48
40, 176
40, 112
40, 49
40, 177
40, 113
40, 50
40, 178
40, 114
40, 51
40, 179
40, 115
40, 116
40, 52
40, 180
40, 117
40, 53
40, 181
40, 118
40, 54
40, 182
40, 119
40, 55
40, 183
40, 120
40, 56
40, 184
40, 121
40, 57
40, 185
40, 122
40, 186
40, 58
40, 123
40, 187
40, 59
40, 188
40, 124
40, 60
40, 189
40, 125
40, 61
40, 190
40, 62
40, 126
40, 191
40, 63
40, 127
169, 64
169, 192
169, 128
169, 65
169, 193
169, 1
169, 129
169, 66
169, 194
169, 2
169, 130
169, 67
169, 195
169, 3
169, 131
169, 68
169, 196
169, 4
169, 132
169, 69
169, 197
169, 133
169, 5
169, 70
169, 198
169, 134
169, 6
169, 135
169, 71
169, 199
169, 7
169, 136
169, 72
169, 200
169, 8
169, 137
169, 9
169, 73
169, 138
169, 10
169, 74
169, 139
169, 11
169, 75
169, 140
169, 12
169, 76
169, 13
169, 141
169, 77
169, 14
169, 142
169, 78
169, 15
169, 143
169, 79
169, 16
169, 144
169, 80
169, 81
169, 17
169, 145
169, 82
169, 18
169, 146
169, 83
169, 19
169, 147
169, 84
169, 20
169, 148
169, 85
169, 21
169, 149
169, 86
169, 22
169, 150
169, 87
169, 151
169, 23
169, 88
169, 152
169, 24
169, 153
169, 89
169, 25
169, 154
169, 90
169, 26
169, 155
169, 27
169, 91
169, 156
169, 28
169, 92
169, 157
169, 29
169, 93
169, 158
169, 30
169, 94
169, 31
169, 159
169, 95
169, 32
169, 160
169, 96
169, 33
169, 161
169, 97
169, 34
169, 162
169, 98
169, 99
169, 35
169, 163
169, 100
169, 36
169, 164
169, 101
169, 37
169, 165
169, 102
169, 38
169, 166
169, 103
169, 39
169, 167
169, 104
169, 40
169, 168
169, 105
169, 169
169, 41
169, 106
169, 42
169, 170
169, 107
169, 43
169, 171
169, 108
169, 44
169, 172
169, 45
169, 173
169, 109
169, 46
169, 174
169, 110
169, 47
169, 175
169, 111
169, 48
169, 176
169, 112
169, 49
169, 177
169, 113
169, 50
169, 178
169, 114
169, 51
169, 179
169, 115
169, 52
169, 180
169, 116
169, 117
169, 53
169, 181
169, 118
169, 54
169, 182
169, 119
169, 55
169, 183
169, 120
169, 56
169, 184
169, 121
169, 57
169, 185
169, 122
169, 58
169, 186
169, 123
169, 187
169, 59
169, 124
169, 60
169, 188
169, 125
169, 61
169, 189
169, 126
169, 62
169, 190
169, 63
169, 191
169, 127
105, 128
105, 64
105, 192
105, 1
105, 129
105, 65
105, 193
105, 2
105, 130
105, 66
105, 194
105, 3
105, 131
105, 67
105, 195
105, 4
105, 132
105, 68
105, 196
105, 5
105, 133
105, 69
105, 197
105, 6
105, 134
105, 70
105, 198
105, 71
105, 199
105, 7
105, 135
105, 72
105, 200
105, 8
105, 136
105, 73
105, 9
105, 137
105, 74
105, 10
105, 138
105, 75
105, 11
105, 139
105, 76
105, 12
105, 140
105, 77
105, 141
105, 13
105, 78
105, 14
105, 142
105, 79
105, 15
105, 143
105, 80
105, 16
105, 144
105, 17
105, 145
105, 81
105, 18
105, 146
105, 82
105, 19
105, 147
105, 83
105, 20
105, 148
105, 84
105, 21
105, 149
105, 85
105, 22
105, 150
105, 86
105, 23
105, 151
105, 87
105, 24
105, 152
105, 88
105, 89
105, 25
105, 153
105, 90
105, 26
105, 154
105, 91
105, 27
105, 155
105, 92
105, 28
105, 156
105, 93
105, 29
105, 157
105, 94
105, 30
105, 158
105, 95
105, 159
105, 31
105, 96
105, 32
105, 160
105, 97
105, 33
105, 161
105, 98
105, 34
105, 162
105, 35
105, 163
105, 99
105, 36
105, 164
105, 100
105, 37
105, 165
105, 101
105, 38
105, 166
105, 102
105, 39
105, 167
105, 103
105, 40
105, 168
105, 104
105, 41
105, 169
105, 105
105, 42
105, 170
105, 106
105, 43
105, 171
105, 107
105, 44
105, 172
105, 108
105, 109
105, 45
105, 173
105, 110
105, 46
105, 174
105, 111
105, 47
105, 175
105, 112
105, 48
105, 176
105, 113
105, 177
105, 49
105, 114
105, 50
105, 178
105, 115
105, 51
105, 179
105, 116
105, 52
105, 180
105, 53
105, 181
105, 117
105, 54
105, 182
105, 118
105, 55
105, 183
105, 119
105, 56
105, 184
105, 120
105, 57
105, 185
105, 121
105, 58
105, 186
105, 122
105, 59
105, 187
105, 123
105, 60
105, 188
105, 124
105, 61
105, 189
105, 125
105, 62
105, 190
105, 126
105, 127
105, 63
105, 191
41, 192
41, 64
41, 128
41, 193
41, 65
41, 1
41, 129
41, 194
41, 66
41, 2
41, 130
41, 67
41, 195
41, 3
41, 131
41, 68
41, 196
41, 4
41, 132
41, 69
41, 197
41, 5
41, 133
41, 70
41, 198
41, 6
41, 134
41, 7
41, 135
41, 71
41, 199
41, 8
41, 136
41, 72
41, 200
41, 9
41, 137
41, 73
41, 10
41, 138
41, 74
41, 11
41, 139
41, 75
41, 12
41, 140
41, 76
41, 13
41, 141
41, 77
41, 14
41, 142
41, 78
41, 15
41, 143
41, 79
41, 16
41, 144
41, 80
41, 81
41, 17
41, 145
41, 82
41, 18
41, 146
41, 83
41, 19
41, 147
41, 84
41, 20
41, 148
41, 85
41, 21
41, 149
41, 86
41, 22
41, 150
41, 87
41, 23
41, 151
41, 88
41, 24
41, 152
41, 25
41, 153
41, 89
41, 26
41, 154
41, 90
41, 27
41, 155
41, 91
41, 28
41, 156
41, 92
41, 29
41, 157
41, 93
41, 30
41, 158
41, 94
41, 31
41, 159
41, 95
41, 32
41, 160
41, 96
41, 33
41, 161
41, 97
41, 34
41, 162
41, 98
41, 99
41, 35
41, 163
41, 100
41, 36
41, 164
41, 101
41, 37
41, 165
41, 102
41, 38
41, 166
41, 103
41, 39
41, 167
41, 104
41, 40
41, 168
41, 105
41, 41
41, 169
41, 106
41, 170
41, 42
41, 171
41, 107
41, 43
41, 172
41, 108
41, 44
41, 173
41, 45
41, 109
41, 174
41, 46
41, 110
41, 175
41, 47
41, 111
41, 176
41, 48
41, 112
41, 49
41, 177
41, 113
41, 50
41, 178
41, 114
41, 51
41, 179
41, 115
41, 52
41, 180
41, 116
41, 117
41, 53
41, 181
41, 118
41, 54
41, 182
41, 119
41, 55
41, 183
41, 120
41, 56
41, 184
41, 121
41, 57
41, 185
41, 122
41, 58
41, 186
41, 123
41, 187
41, 59
41, 124
41, 188
41, 60
41, 189
41, 125
41, 61
41, 190
41, 126
41, 62
41, 191
41, 63
41, 127
170, 64
170, 192
170, 128
170, 65
170, 193
170, 1
170, 129
170, 66
170, 194
170, 2
170, 130
170, 67
170, 195
170, 3
170, 131
170, 68
170, 196
170, 4
170, 132
170, 69
170, 197
170, 5
170, 133
170, 70
170, 198
170, 134
170, 6
170, 71
170, 199
170, 135
170, 7
170, 136
170, 72
170, 200
170, 8
170, 137
170, 73
170, 9
170, 138
170, 10
170, 74
170, 139
170, 11
170, 75
170, 140
170, 12
170, 76
170, 141
170, 13
170, 77
170, 14
170, 142
170, 78
170, 15
170, 143
170, 79
170, 16
170, 144
170, 80
170, 17
170, 145
170, 81
170, 82
170, 18
170, 146
170, 83
170, 19
170, 147
170, 84
170, 20
170, 148
170, 85
170, 21
170, 149
170, 86
170, 22
170, 150
170, 87
170, 23
170, 151
170, 88
170, 152
170, 24
170, 89
170, 153
170, 25
170, 154
170, 90
170, 26
170, 155
170, 91
170, 27
170, 156
170, 28
170, 92
170, 157
170, 29
170, 93
170, 158
170, 30
170, 94
170, 159
170, 31
170, 95
170, 32
170, 160
170, 96
170, 33
170, 161
170, 97
170, 34
170, 162
170, 98
170, 35
170, 163
170, 99
170, 100
170, 36
170, 164
170, 101
170, 37
170, 165
170, 102
170, 38
170, 166
170, 103
170, 39
170, 167
170, 104
170, 40
170, 168
170, 105
170, 41
170, 169
170, 106
170, 170
170, 42
170, 107
170, 43
170, 171
170, 108
170, 44
170, 172
170, 109
170, 45
170, 173
170, 46
170, 174
170, 110
170, 47
170, 175
170, 111
170, 48
170, 176
170, 112
170, 49
170, 177
170, 113
170, 50
170, 178
170, 114
170, 51
170, 179
170, 115
170, 52
170, 180
170, 116
170, 53
170, 181
170, 117
170, 118
170, 54
170, 182
170, 119
170, 55
170, 183
170, 120
170, 56
170, 184
170, 121
170, 57
170, 185
170, 122
170, 58
170, 186
170, 123
170, 59
170, 187
170, 124
170, 188
170, 60
170, 125
170, 61
170, 189
170, 126
170, 62
170, 190
170, 127
170, 63
170, 191
106, 128
106, 64
106, 192
106, 1
106, 129
106, 65
106, 193
106, 2
106, 130
106, 66
106, 194
106, 3
106, 131
106, 67
106, 195
106, 4
106, 132
106, 68
106, 196
106, 5
106, 133
106, 69
106, 197
106, 6
106, 134
106, 70
106, 198
106, 7
106, 135
106, 71
106, 199
106, 72
106, 200
106, 8
106, 136
106, 73
106, 9
106, 137
106, 74
106, 10
106, 138
106, 75
106, 11
106, 139
106, 76
106, 12
106, 140
106, 77
106, 13
106, 141
106, 78
106, 142
106, 14
106, 79
106, 15
106, 143
106, 80
106, 16
106, 144
106, 81
106, 17
106, 145
106, 18
106, 146
106, 82
106, 19
106, 147
106, 83
106, 20
106, 148
106, 84
106, 21
106, 149
106, 85
106, 22
106, 150
106, 86
106, 23
106, 151
106, 87
106, 24
106, 152
106, 88
106, 25
106, 153
106, 89
106, 90
106, 26
106, 154
106, 91
106, 27
106, 155
106, 92
106, 28
106, 156
106, 93
106, 29
106, 157
106, 94
106, 30
106, 158
106, 95
106, 31
106, 159
106, 96
106, 160
106, 32
106, 97
106, 33
106, 161
106, 98
106, 34
106, 162
106, 99
106, 35
106, 163
106, 36
106, 164
106, 100
106, 37
106, 165
106, 101
106, 38
106, 166
106, 102
106, 39
106, 167
106, 103
106, 40
106, 168
106, 104
106, 41
106, 169
106, 105
106, 42
106, 170
106, 106
106, 43
106, 171
106, 107
106, 44
106, 172
106, 108
106, 45
106, 173
106, 109
106, 110
106, 46
106, 174
106, 111
106, 47
106, 175
106, 112
106, 48
106, 176
106, 113
106, 49
106, 177
106, 114
106, 178
106, 50
106, 115
106, 51
106, 179
106, 116
106, 52
106, 180
106, 117
106, 53
106, 181
106, 54
106, 182
106, 118
106, 55
106, 183
106, 119
106, 56
106, 184
106, 120
106, 57
106, 185
106, 121
106, 58
106, 186
106, 122
106, 59
106, 187
106, 123
106, 60
106, 188
106, 124
106, 61
106, 189
106, 125
106, 62
106, 190
106, 126
106, 63
106, 191
106, 127
42, 192
42, 64
42, 128
42, 193
42, 65
42, 1
42, 129
42, 194
42, 66
42, 2
42, 130
42, 195
42, 67
42, 3
42, 131
42, 68
42, 196
42, 4
42, 132
42, 69
42, 197
42, 5
42, 133
42, 70
42, 198
42, 6
42, 134
42, 71
42, 199
42, 7
42, 135
42, 8
42, 136
42, 72
42, 200
42, 9
42, 137
42, 73
42, 10
42, 138
42, 74
42, 11
42, 139
42, 75
42, 12
42, 140
42, 76
42, 13
42, 141
42, 77
42, 14
42, 142
42, 78
42, 15
42, 143
42, 79
42, 16
42, 144
42, 80
42, 17
42, 145
42, 81
42, 82
42, 18
42, 146
42, 83
42, 19
42, 147
42, 84
42, 20
42, 148
42, 85
42, 21
42, 149
42, 86
42, 22
42, 150
42, 87
42, 23
42, 151
42, 88
42, 24
42, 152
42, 89
42, 25
42, 153
42, 26
42, 154
42, 90
42, 27
42, 155
42, 91
42, 28
42, 156
42, 92
42, 29
42, 157
42, 93
42, 30
42, 158
42, 94
42, 31
42, 159
42, 95
42, 32
42, 160
42, 96
42, 33
42, 161
42, 97
42, 34
42, 162
42, 98
42, 35
42, 163
42, 99
42, 100
42, 36
42, 164
42, 101
42, 37
42, 165
42, 102
42, 38
42, 166
42, 103
42, 39
42, 167
42, 104
42, 40
42, 168
42, 105
42, 41
42, 169
42, 106
42, 42
42, 170
42, 107
42, 171
42, 43
42, 172
42, 108
42, 44
42, 173
42, 109
42, 45
42, 174
42, 46
42, 110
42, 175
42, 47
42, 111
42, 176
42, 48
42, 112
42, 177
42, 49
42, 113
42, 50
42, 178
42, 114
42, 51
42, 179
42, 115
42, 52
42, 180
42, 116
42, 53
42, 181
42, 117
42, 118
42, 54
42, 182
42, 119
42, 55
42, 183
42, 120
42, 56
42, 184
42, 121
42, 57
42, 185
42, 122
42, 58
42, 186
42, 123
42, 59
42, 187
42, 124
42, 188
42, 60
42, 125
42, 189
42, 61
42, 190
42, 126
42, 62
42, 191
42, 127
42, 63
171, 128
171, 64
171, 192
171, 65
171, 193
171, 1
171, 129
171, 66
171, 194
171, 2
171, 130
171, 67
171, 195
171, 3
171, 131
171, 68
171, 196
171, 4
171, 132
171, 69
171, 197
171, 5
171, 133
171, 70
171, 198
171, 6
171, 134
171, 71
171, 199
171, 135
171, 7
171, 72
171, 200
171, 136
171, 8
171, 137
171, 73
171, 9
171, 138
171, 74
171, 10
171, 139
171, 11
171, 75
171, 140
171, 12
171, 76
171, 141
171, 13
171, 77
171, 142
171, 14
171, 78
171, 15
171, 143
171, 79
171, 16
171, 144
171, 80
171, 17
171, 145
171, 81
171, 18
171, 146
171, 82
171, 83
171, 19
171, 147
171, 84
171, 20
171, 148
171, 85
171, 21
171, 149
171, 86
171, 22
171, 150
171, 87
171, 23
171, 151
171, 88
171, 24
171, 152
171, 89
171, 153
171, 25
171, 90
171, 154
171, 26
171, 155
171, 91
171, 27
171, 156
171, 92
171, 28
171, 157
171, 29
171, 93
171, 158
171, 30
171, 94
171, 159
171, 31
171, 95
171, 160
171, 32
171, 96
171, 33
171, 161
171, 97
171, 34
171, 162
171, 98
171, 35
171, 163
171, 99
171, 36
171, 164
171, 100
171, 101
171, 37
171, 165
171, 102
171, 38
171, 166
171, 103
171, 39
171, 167
171, 104
171, 40
171, 168
171, 105
171, 41
171, 169
171, 106
171, 42
171, 170
171, 107
171, 171
171, 43
171, 108
171, 44
171, 172
171, 109
171, 45
171, 173
171, 110
171, 46
171, 174
171, 47
171, 175
171, 111
171, 48
171, 176
171, 112
171, 49
171, 177
171, 113
171, 50
171, 178
171, 114
171, 51
171, 179
171, 115
171, 52
171, 180
171, 116
171, 53
171, 181
171, 117
171, 54
171, 182
171, 118
171, 119
171, 55
171, 183
171, 120
171, 56
171, 184
171, 121
171, 57
171, 185
171, 122
171, 58
171, 186
171, 123
171, 59
171, 187
171, 124
171, 60
171, 188
171, 125
171, 189
171, 61
171, 126
171, 62
171, 190
171, 127
171, 63
171, 191
107, 64
107, 192
107, 128
107, 1
107, 129
107, 65
107, 193
107, 2
107, 130
107, 66
107, 194
107, 3
107, 131
107, 67
107, 195
107, 4
107, 132
107, 68
107, 196
107, 5
107, 133
107, 69
107, 197
107, 6
107, 134
107, 70
107, 198
107, 7
107, 135
107, 71
107, 199
107, 8
107, 136
107, 72
107, 200
107, 73
107, 9
107, 137
107, 74
107, 10
107, 138
107, 75
107, 11
107, 139
107, 76
107, 12
107, 140
107, 77
107, 13
107, 141
107, 78
107, 14
107, 142
107, 79
107, 143
107, 15
107, 80
107, 16
107, 144
107, 81
107, 17
107, 145
107, 82
107, 18
107, 146
107, 19
107, 147
107, 83
107, 20
107, 148
107, 84
107, 21
107, 149
107, 85
107, 22
107, 150
107, 86
107, 23
107, 151
107, 87
107, 24
107, 152
107, 88
107, 25
107, 153
107, 89
107, 26
107, 154
107, 90
107, 91
107, 27
107, 155
107, 92
107, 28
107, 156
107, 93
107, 29
107, 157
107, 94
107, 30
107, 158
107, 95
107, 31
107, 159
107, 96
107, 32
107, 160
107, 97
107, 161
107, 33
107, 98
107, 34
107, 162
107, 99
107, 35
107, 163
107, 100
107, 36
107, 164
107, 37
107, 165
107, 101
107, 38
107, 166
107, 102
107, 39
107, 167
107, 103
107, 40
107, 168
107, 104
107, 41
107, 169
107, 105
107, 42
107, 170
107, 106
107, 43
107, 171
107, 107
107, 44
107, 172
107, 108
107, 45
107, 173
107, 109
107, 46
107, 174
107, 110
107, 111
107, 47
107, 175
107, 112
107, 48
107, 176
107, 113
107, 49
107, 177
107, 114
107, 50
107, 178
107, 115
107, 179
107, 51
107, 116
107, 52
107, 180
107, 117
107, 53
107, 181
107, 118
107, 54
107, 182
107, 55
107, 183
107, 119
107, 56
107, 184
107, 120
107, 57
107, 185
107, 121
107, 58
107, 186
107, 122
107, 59
107, 187
107, 123
107, 60
107, 188
107, 124
107, 61
107, 189
107, 125
107, 62
107, 190
107, 126
107, 63
107, 191
107, 127
43, 192
43, 128
43, 64
43, 193
43, 65
43, 1
43, 129
43, 194
43, 66
43, 2
43, 130
43, 195
43, 67
43, 3
43, 131
43, 196
43, 68
43, 4
43, 132
43, 69
43, 197
43, 5
43, 133
43, 70
43, 198
43, 6
43, 134
43, 71
43, 199
43, 7
43, 135
43, 72
43, 200
43, 8
43, 136
43, 9
43, 137
43, 73
43, 10
43, 138
43, 74
43, 11
43, 139
43, 75
43, 12
43, 140
43, 76
43, 13
43, 141
43, 77
43, 14
43, 142
43, 78
43, 15
43, 143
43, 79
43, 16
43, 144
43, 80
43, 17
43, 145
43, 81
43, 18
43, 146
43, 82
43, 83
43, 19
43, 147
43, 84
43, 20
43, 148
43, 85
43, 21
43, 149
43, 86
43, 22
43, 150
43, 87
43, 23
43, 151
43, 88
43, 24
43, 152
43, 89
43, 25
43, 153
43, 90
43, 26
43, 154
43, 27
43, 155
43, 91
43, 28
43, 156
43, 92
43, 29
43, 157
43, 93
43, 30
43, 158
43, 94
43, 31
43, 159
43, 95
43, 32
43, 160
43, 96
43, 33
43, 161
43, 97
43, 34
43, 162
43, 98
43, 35
43, 163
43, 99
43, 36
43, 164
43, 100
43, 101
43, 37
43, 165
43, 102
43, 38
43, 166
43, 103
43, 39
43, 167
43, 104
43, 40
43, 168
43, 105
43, 41
43, 169
43, 106
43, 42
43, 170
43, 107
43, 43
43, 171
43, 108
43, 172
43, 44
43, 173
43, 109
43, 45
43, 174
43, 110
43, 46
43, 175
43, 47
43, 111
43, 176
43, 48
43, 112
43, 177
43, 49
43, 113
43, 178
43, 50
43, 114
43, 51
43, 179
43, 115
43, 52
43, 180
43, 116
43, 53
43, 181
43, 117
43, 54
43, 182
43, 118
43, 119
43, 55
43, 183
43, 120
43, 56
43, 184
43, 121
43, 57
43, 185
43, 122
43, 58
43, 186
43, 123
43, 59
43, 187
43, 124
43, 60
43, 188
43, 125
43, 189
43, 61
43, 126
43, 190
43, 62
43, 191
43, 127
43, 63
172, 128
172, 64
172, 192
172, 1
172, 129
172, 65
172, 193
172, 66
172, 194
172, 2
172, 130
172, 67
172, 195
172, 3
172, 131
172, 68
172, 196
172, 4
172, 132
172, 69
172, 197
172, 5
172, 133
172, 70
172, 198
172, 6
172, 134
172, 71
172, 199
172, 7
172, 135
172, 72
172, 200
172, 136
172, 8
172, 73
172, 137
172, 9
172, 138
172, 74
172, 10
172, 139
172, 75
172, 11
172, 140
172, 12
172, 76
172, 141
172, 13
172, 77
172, 142
172, 14
172, 78
172, 143
172, 15
172, 79
172, 16
172, 144
172, 80
172, 17
172, 145
172, 81
172, 18
172, 146
172, 82
172, 19
172, 147
172, 83
172, 84
172, 20
172, 148
172, 85
172, 21
172, 149
172, 86
172, 22
172, 150
172, 87
172, 23
172, 151
172, 88
172, 24
172, 152
172, 89
172, 25
172, 153
172, 90
172, 154
172, 26
172, 91
172, 155
172, 27
172, 156
172, 92
172, 28
172, 157
172, 93
172, 29
172, 158
172, 30
172, 94
172, 159
172, 31
172, 95
172, 160
172, 32
172, 96
172, 161
172, 33
172, 97
172, 34
172, 162
172, 98
172, 35
172, 163
172, 99
172, 36
172, 164
172, 100
172, 37
172, 165
172, 101
172, 102
172, 38
172, 166
172, 103
172, 39
172, 167
172, 104
172, 40
172, 168
172, 105
172, 41
172, 169
172, 106
172, 42
172, 170
172, 107
172, 43
172, 171
172, 108
172, 172
172, 44
172, 109
172, 45
172, 173
172, 110
172, 46
172, 174
172, 111
172, 47
172, 175
172, 48
172, 176
172, 112
172, 49
172, 177
172, 113
172, 50
172, 178
172, 114
172, 51
172, 179
172, 115
172, 52
172, 180
172, 116
172, 53
172, 181
172, 117
172, 54
172, 182
172, 118
172, 55
172, 183
172, 119
172, 120
172, 56
172, 184
172, 121
172, 57
172, 185
172, 122
172, 58
172, 186
172, 123
172, 59
172, 187
172, 124
172, 60
172, 188
172, 125
172, 61
172, 189
172, 126
172, 190
172, 62
172, 127
172, 63
172, 191
108, 64
108, 192
108, 128
108, 65
108, 193
108, 1
108, 129
108, 2
108, 130
108, 66
108, 194
108, 3
108, 131
108, 67
108, 195
108, 4
108, 132
108, 68
108, 196
108, 5
108, 133
108, 69
108, 197
108, 6
108, 134
108, 70
108, 198
108, 7
108, 135
108, 71
108, 199
108, 8
108, 136
108, 72
108, 200
108, 9
108, 137
108, 73
108, 74
108, 10
108, 138
108, 75
108, 11
108, 139
108, 76
108, 12
108, 140
108, 77
108, 13
108, 141
108, 78
108, 14
108, 142
108, 79
108, 15
108, 143
108, 80
108, 144
108, 16
108, 81
108, 17
108, 145
108, 82
108, 18
108, 146
108, 83
108, 19
108, 147
108, 20
108, 148
108, 84
108, 21
108, 149
108, 85
108, 22
108, 150
108, 86
108, 23
108, 151
108, 87
108, 24
108, 152
108, 88
108, 25
108, 153
108, 89
108, 26
108, 154
108, 90
108, 27
108, 155
108, 91
108, 92
108, 28
108, 156
108, 93
108, 29
108, 157
108, 94
108, 30
108, 158
108, 95
108, 31
108, 159
108, 96
108, 32
108, 160
108, 97
108, 33
108, 161
108, 98
108, 162
108, 34
108, 99
108, 35
108, 163
108, 100
108, 36
108, 164
108, 101
108, 37
108, 165
108, 38
108, 166
108, 102
108, 39
108, 167
108, 103
108, 40
108, 168
108, 104
108, 41
108, 169
108, 105
108, 42
108, 170
108, 106
108, 43
108, 171
108, 107
108, 44
108, 172
108, 108
108, 45
108, 173
108, 109
108, 46
108, 174
108, 110
108, 47
108, 175
108, 111
108, 112
108, 48
108, 176
108, 113
108, 49
108, 177
108, 114
108, 50
108, 178
108, 115
108, 51
108, 179
108, 116
108, 180
108, 52
108, 117
108, 53
108, 181
108, 118
108, 54
108, 182
108, 119
108, 55
108, 183
108, 56
108, 184
108, 120
108, 57
108, 185
108, 121
108, 58
108, 186
108, 122
108, 59
108, 187
108, 123
108, 60
108, 188
108, 124
108, 61
108, 189
108, 125
108, 62
108, 190
108, 126
108, 63
108, 191
108, 127
44, 192
44, 128
44, 64
44, 1
44, 193
44, 129
44, 65
44, 194
44, 66
44, 2
44, 130
44, 195
44, 67
44, 3
44, 131
44, 196
44, 68
44, 4
44, 132
44, 197
44, 69
44, 5
44, 133
44, 70
44, 198
44, 6
44, 134
44, 71
44, 199
44, 7
44, 135
44, 72
44, 200
44, 8
44, 136
44, 73
44, 9
44, 137
44, 10
44, 138
44, 74
44, 11
44, 139
44, 75
44, 12
44, 140
44, 76
44, 13
44, 141
44, 77
44, 14
44, 142
44, 78
44, 15
44, 143
44, 79
44, 16
44, 144
44, 80
44, 17
44, 145
44, 81
44, 18
44, 146
44, 82
44, 19
44, 147
44, 83
44, 84
44, 20
44, 148
44, 85
44, 21
44, 149
44, 86
44, 22
44, 150
44, 87
44, 23
44, 151
44, 88
44, 24
44, 152
44, 89
44, 25
44, 153
44, 90
44, 26
44, 154
44, 91
44, 27
44, 155
44, 28
44, 156
44, 92
44, 29
44, 157
44, 93
44, 30
44, 158
44, 94
44, 31
44, 159
44, 95
44, 32
44, 160
44, 96
44, 33
44, 161
44, 97
44, 34
44, 162
44, 98
44, 35
44, 163
44, 99
44, 36
44, 164
44, 100
44, 37
44, 165
44, 101
44, 102
44, 38
44, 166
44, 103
44, 39
44, 167
44, 104
44, 40
44, 168
44, 105
44, 41
44, 169
44, 106
44, 42
44, 170
44, 107
44, 43
44, 171
44, 108
44, 44
44, 172
44, 109
44, 173
44, 45
44, 174
44, 110
44, 46
44, 175
44, 111
44, 47
44, 176
44, 48
44, 112
44, 177
44, 49
44, 113
44, 178
44, 50
44, 114
44, 179
44, 51
44, 115
44, 52
44, 180
44, 116
44, 53
44, 181
44, 117
44, 54
44, 182
44, 118
44, 55
44, 183
44, 119
44, 120
44, 56
44, 184
44, 121
44, 57
44, 185
44, 122
44, 58
44, 186
44, 123
44, 59
44, 187
44, 124
44, 60
44, 188
44, 125
44, 61
44, 189
44, 126
44, 190
44, 62
44, 127
44, 191
44, 63
173, 128
173, 64
173, 192
173, 1
173, 129
173, 65
173, 193
173, 2
173, 130
173, 66
173, 194
173, 67
173, 195
173, 3
173, 131
173, 68
173, 196
173, 4
173, 132
173, 69
173, 197
173, 5
173, 133
173, 70
173, 198
173, 6
173, 134
173, 71
173, 199
173, 7
173, 135
173, 72
173, 200
173, 8
173, 136
173, 73
173, 137
173, 9
173, 74
173, 138
173, 10
173, 139
173, 75
173, 11
173, 140
173, 76
173, 12
173, 141
173, 13
173, 77
173, 142
173, 14
173, 78
173, 143
173, 15
173, 79
173, 144
173, 16
173, 80
173, 17
173, 145
173, 81
173, 18
173, 146
173, 82
173, 19
173, 147
173, 83
173, 20
173, 148
173, 84
173, 85
173, 21
173, 149
173, 86
173, 22
173, 150
173, 87
173, 23
173, 151
173, 88
173, 24
173, 152
173, 89
173, 25
173, 153
173, 90
173, 26
173, 154
173, 91
173, 155
173, 27
173, 92
173, 156
173, 28
173, 157
173, 93
173, 29
173, 158
173, 94
173, 30
173, 159
173, 31
173, 95
173, 160
173, 32
173, 96
173, 161
173, 33
173, 97
173, 162
173, 34
173, 98
173, 35
173, 163
173, 99
173, 36
173, 164
173, 100
173, 37
173, 165
173, 101
173, 38
173, 166
173, 102
173, 103
173, 39
173, 167
173, 104
173, 40
173, 168
173, 105
173, 41
173, 169
173, 106
173, 42
173, 170
173, 107
173, 43
173, 171
173, 108
173, 44
173, 172
173, 109
173, 173
173, 45
173, 110
173, 46
173, 174
173, 111
173, 47
173, 175
173, 112
173, 48
173, 176
173, 49
173, 177
173, 113
173, 50
173, 178
173, 114
173, 51
173, 179
173, 115
173, 52
173, 180
173, 116
173, 53
173, 181
173, 117
173, 54
173, 182
173, 118
173, 55
173, 183
173, 119
173, 56
173, 184
173, 120
173, 121
173, 57
173, 185
173, 122
173, 58
173, 186
173, 123
173, 59
173, 187
173, 124
173, 60
173, 188
173, 125
173, 61
173, 189
173, 126
173, 62
173, 190
173, 127
173, 191
173, 63
109, 64
109, 192
109, 128
109, 65
109, 193
109, 1
109, 129
109, 66
109, 194
109, 2
109, 130
109, 3
109, 131
109, 67
109, 195
109, 4
109, 132
109, 68
109, 196
109, 5
109, 133
109, 69
109, 197
109, 6
109, 134
109, 70
109, 198
109, 7
109, 135
109, 71
109, 199
109, 8
109, 136
109, 72
109, 200
109, 9
109, 137
109, 73
109, 10
109, 138
109, 74
109, 75
109, 11
109, 139
109, 76
109, 12
109, 140
109, 77
109, 13
109, 141
109, 78
109, 14
109, 142
109, 79
109, 15
109, 143
109, 80
109, 16
109, 144
109, 81
109, 145
109, 17
109, 82
109, 18
109, 146
109, 83
109, 19
109, 147
109, 84
109, 20
109, 148
109, 21
109, 149
109, 85
109, 22
109, 150
109, 86
109, 23
109, 151
109, 87
109, 24
109, 152
109, 88
109, 25
109, 153
109, 89
109, 26
109, 154
109, 90
109, 27
109, 155
109, 91
109, 28
109, 156
109, 92
109, 93
109, 29
109, 157
109, 94
109, 30
109, 158
109, 95
109, 31
109, 159
109, 96
109, 32
109, 160
109, 97
109, 33
109, 161
109, 98
109, 34
109, 162
109, 99
109, 163
109, 35
109, 100
109, 36
109, 164
109, 101
109, 37
109, 165
109, 102
109, 38
109, 166
109, 39
109, 167
109, 103
109, 40
109, 168
109, 104
109, 41
109, 169
109, 105
109, 42
109, 170
109, 106
109, 43
109, 171
109, 107
109, 44
109, 172
109, 108
109, 45
109, 173
109, 109
109, 46
109, 174
109, 110
109, 47
109, 175
109, 111
109, 48
109, 176
109, 112
109, 113
109, 49
109, 177
109, 114
109, 50
109, 178
109, 115
109, 51
109, 179
109, 116
109, 52
109, 180
109, 117
109, 181
109, 53
109, 118
109, 54
109, 182
109, 119
109, 55
109, 183
109, 120
109, 56
109, 184
109, 57
109, 185
109, 121
109, 58
109, 186
109, 122
109, 59
109, 187
109, 123
109, 60
109, 188
109, 124
109, 61
109, 189
109, 125
109, 62
109, 190
109, 126
109, 63
109, 191
109, 127
45, 128
45, 192
45, 64
45, 1
45, 193
45, 129
45, 65
45, 2
45, 194
45, 130
45, 66
45, 195
45, 67
45, 3
45, 131
45, 196
45, 68
45, 4
45, 132
45, 197
45, 69
45, 5
45, 133
45, 198
45, 70
45, 6
45, 134
45, 71
45, 199
45, 7
45, 135
45, 72
45, 200
45, 8
45, 136
45, 73
45, 9
45, 137
45, 74
45, 10
45, 138
45, 11
45, 139
45, 75
45, 12
45, 140
45, 76
45, 13
45, 141
45, 77
45, 14
45, 142
45, 78
45, 15
45, 143
45, 79
45, 16
45, 144
45, 80
45, 17
45, 145
45, 81
45, 18
45, 146
45, 82
45, 19
45, 147
45, 83
45, 20
45, 148
45, 84
45, 85
45, 21
45, 149
45, 86
45, 22
45, 150
45, 87
45, 23
45, 151
45, 88
45, 24
45, 152
45, 89
45, 25
45, 153
45, 90
45, 26
45, 154
45, 91
45, 27
45, 155
45, 92
45, 28
45, 156
45, 29
45, 157
45, 93
45, 30
45, 158
45, 94
45, 31
45, 159
45, 95
45, 32
45, 160
45, 96
45, 33
45, 161
45, 97
45, 34
45, 162
45, 98
45, 35
45, 163
45, 99
45, 36
45, 164
45, 100
45, 37
45, 165
45, 101
45, 38
45, 166
45, 102
45, 103
45, 39
45, 167
45, 104
45, 40
45, 168
45, 105
45, 41
45, 169
45, 106
45, 42
45, 170
45, 107
45, 43
45, 171
45, 108
45, 44
45, 172
45, 109
45, 45
45, 173
45, 110
45, 174
45, 46
45, 175
45, 111
45, 47
45, 176
45, 112
45, 48
45, 177
45, 49
45, 113
45, 178
45, 50
45, 114
45, 179
45, 51
45, 115
45, 180
45, 52
45, 116
45, 53
45, 181
45, 117
45, 54
45, 182
45, 118
45, 55
45, 183
45, 119
45, 56
45, 184
45, 120
45, 121
45, 57
45, 185
45, 122
45, 58
45, 186
45, 123
45, 59
45, 187
45, 124
45, 60
45, 188
45, 125
45, 61
45, 189
45, 126
45, 62
45, 190
45, 127
45, 191
45, 63
174, 128
174, 192
174, 64
174, 1
174, 129
174, 65
174, 193
174, 2
174, 130
174, 66
174, 194
174, 3
174, 131
174, 67
174, 195
174, 68
174, 196
174, 4
174, 132
174, 69
174, 197
174, 5
174, 133
174, 70
174, 198
174, 6
174, 134
174, 71
174, 199
174, 7
174, 135
174, 72
174, 200
174, 8
174, 136
174, 73
174, 9
174, 137
174, 74
174, 138
174, 10
174, 75
174, 139
174, 11
174, 140
174, 76
174, 12
174, 141
174, 77
174, 13
174, 142
174, 14
174, 78
174, 143
174, 15
174, 79
174, 144
174, 16
174, 80
174, 145
174, 17
174, 81
174, 18
174, 146
174, 82
174, 19
174, 147
174, 83
174, 20
174, 148
174, 84
174, 21
174, 149
174, 85
174, 86
174, 22
174, 150
174, 87
174, 23
174, 151
174, 88
174, 24
174, 152
174, 89
174, 25
174, 153
174, 90
174, 26
174, 154
174, 91
174, 27
174, 155
174, 92
174, 156
174, 28
174, 93
174, 157
174, 29
174, 158
174, 94
174, 30
174, 159
174, 95
174, 31
174, 160
174, 32
174, 96
174, 161
174, 33
174, 97
174, 162
174, 34
174, 98
174, 163
174, 35
174, 99
174, 36
174, 164
174, 100
174, 37
174, 165
174, 101
174, 38
174, 166
174, 102
174, 39
174, 167
174, 103
174, 104
174, 40
174, 168
174, 105
174, 41
174, 169
174, 106
174, 42
174, 170
174, 107
174, 43
174, 171
174, 108
174, 44
174, 172
174, 109
174, 45
174, 173
174, 110
174, 174
174, 46
174, 111
174, 47
174, 175
174, 112
174, 48
174, 176
174, 113
174, 49
174, 177
174, 50
174, 178
174, 114
174, 51
174, 179
174, 115
174, 52
174, 180
174, 116
174, 53
174, 181
174, 117
174, 54
174, 182
174, 118
174, 55
174, 183
174, 119
174, 56
174, 184
174, 120
174, 57
174, 185
174, 121
174, 122
174, 58
174, 186
174, 123
174, 59
174, 187
174, 124
174, 60
174, 188
174, 125
174, 61
174, 189
174, 126
174, 62
174, 190
174, 127
174, 63
174, 191
110, 64
110, 192
110, 128
110, 65
110, 193
110, 1
110, 129
110, 66
110, 194
110, 2
110, 130
110, 67
110, 195
110, 3
110, 131
110, 4
110, 132
110, 68
110, 196
110, 5
110, 133
110, 69
110, 197
110, 6
110, 134
110, 70
110, 198
110, 7
110, 135
110, 71
110, 199
110, 8
110, 136
110, 72
110, 200
110, 9
110, 137
110, 73
110, 10
110, 138
110, 74
110, 11
110, 139
110, 75
110, 76
110, 12
110, 140
110, 77
110, 13
110, 141
110, 78
110, 14
110, 142
110, 79
110, 15
110, 143
110, 80
110, 16
110, 144
110, 81
110, 17
110, 145
110, 82
110, 146
110, 18
110, 83
110, 19
110, 147
110, 84
110, 20
110, 148
110, 85
110, 21
110, 149
110, 22
110, 150
110, 86
110, 23
110, 151
110, 87
110, 24
110, 152
110, 88
110, 25
110, 153
110, 89
110, 26
110, 154
110, 90
110, 27
110, 155
110, 91
110, 28
110, 156
110, 92
110, 29
110, 157
110, 93
110, 94
110, 30
110, 158
110, 95
110, 31
110, 159
110, 96
110, 32
110, 160
110, 97
110, 33
110, 161
110, 98
110, 34
110, 162
110, 99
110, 35
110, 163
110, 100
110, 164
110, 36
110, 101
110, 37
110, 165
110, 102
110, 38
110, 166
110, 103
110, 39
110, 167
110, 40
110, 168
110, 104
110, 41
110, 169
110, 105
110, 42
110, 170
110, 106
110, 43
110, 171
110, 107
110, 44
110, 172
110, 108
110, 45
110, 173
110, 109
110, 46
110, 174
110, 110
110, 47
110, 175
110, 111
110, 48
110, 176
110, 112
110, 49
110, 177
110, 113
110, 114
110, 50
110, 178
110, 115
110, 51
110, 179
110, 116
110, 52
110, 180
110, 117
110, 53
110, 181
110, 118
110, 182
110, 54
110, 119
110, 55
110, 183
110, 120
110, 56
110, 184
110, 121
110, 57
110, 185
110, 58
110, 186
110, 122
110, 59
110, 187
110, 123
110, 60
110, 188
110, 124
110, 61
110, 189
110, 125
110, 62
110, 190
110, 126
110, 63
110, 191
110, 127
46, 128
46, 192
46, 64
46, 1
46, 129
46, 193
46, 65
46, 2
46, 194
46, 130
46, 66
46, 3
46, 195
46, 131
46, 67
46, 196
46, 68
46, 4
46, 132
46, 197
46, 69
46, 5
46, 133
46, 198
46, 70
46, 6
46, 134
46, 199
46, 71
46, 7
46, 135
46, 72
46, 200
46, 8
46, 136
46, 73
46, 9
46, 137
46, 74
46, 10
46, 138
46, 75
46, 11
46, 139
46, 12
46, 140
46, 76
46, 13
46, 141
46, 77
46, 14
46, 142
46, 78
46, 15
46, 143
46, 79
46, 16
46, 144
46, 80
46, 17
46, 145
46, 81
46, 18
46, 146
46, 82
46, 19
46, 147
46, 83
46, 20
46, 148
46, 84
46, 21
46, 149
46, 85
46, 86
46, 22
46, 150
46, 87
46, 23
46, 151
46, 88
46, 24
46, 152
46, 89
46, 25
46, 153
46, 90
46, 26
46, 154
46, 91
46, 27
46, 155
46, 92
46, 28
46, 156
46, 93
46, 29
46, 157
46, 30
46, 158
46, 94
46, 31
46, 159
46, 95
46, 32
46, 160
46, 96
46, 33
46, 161
46, 97
46, 34
46, 162
46, 98
46, 35
46, 163
46, 99
46, 36
46, 164
46, 100
46, 37
46, 165
46, 101
46, 38
46, 166
46, 102
46, 39
46, 167
46, 103
46, 104
46, 40
46, 168
46, 105
46, 41
46, 169
46, 106
46, 42
46, 170
46, 107
46, 43
46, 171
46, 108
46, 44
46, 172
46, 109
46, 45
46, 173
46, 110
46, 46
46, 174
46, 111
46, 175
46, 47
46, 176
46, 112
46, 48
46, 177
46, 113
46, 49
46, 178
46, 50
46, 114
46, 179
46, 51
46, 115
46, 180
46, 52
46, 116
46, 181
46, 53
46, 117
46, 54
46, 182
46, 118
46, 55
46, 183
46, 119
46, 56
46, 184
46, 120
46, 57
46, 185
46, 121
46, 122
46, 58
46, 186
46, 123
46, 59
46, 187
46, 124
46, 60
46, 188
46, 125
46, 61
46, 189
46, 126
46, 62
46, 190
46, 127
46, 63
46, 191
175, 128
175, 64
175, 192
175, 1
175, 129
175, 193
175, 65
175, 2
175, 130
175, 66
175, 194
175, 3
175, 131
175, 67
175, 195
175, 4
175, 132
175, 68
175, 196
175, 69
175, 197
175, 5
175, 133
175, 70
175, 198
175, 6
175, 134
175, 71
175, 199
175, 7
175, 135
175, 72
175, 200
175, 8
175, 136
175, 73
175, 9
175, 137
175, 74
175, 10
175, 138
175, 75
175, 139
175, 11
175, 76
175, 140
175, 12
175, 141
175, 77
175, 13
175, 142
175, 78
175, 14
175, 143
175, 15
175, 79
175, 144
175, 16
175, 80
175, 145
175, 17
175, 81
175, 146
175, 18
175, 82
175, 19
175, 147
175, 83
175, 20
175, 148
175, 84
175, 21
175, 149
175, 85
175, 22
175, 150
175, 86
175, 87
175, 23
175, 151
175, 88
175, 24
175, 152
175, 89
175, 25
175, 153
175, 90
175, 26
175, 154
175, 91
175, 27
175, 155
175, 92
175, 28
175, 156
175, 93
175, 157
175, 29
175, 94
175, 158
175, 30
175, 159
175, 95
175, 31
175, 160
175, 96
175, 32
175, 161
175, 33
175, 97
175, 162
175, 34
175, 98
175, 163
175, 35
175, 99
175, 164
175, 36
175, 100
175, 37
175, 165
175, 101
175, 38
175, 166
175, 102
175, 39
175, 167
175, 103
175, 40
175, 168
175, 104
175, 105
175, 41
175, 169
175, 106
175, 42
175, 170
175, 107
175, 43
175, 171
175, 108
175, 44
175, 172
175, 109
175, 45
175, 173
175, 110
175, 46
175, 174
175, 111
175, 175
175, 47
175, 112
175, 48
175, 176
175, 113
175, 49
175, 177
175, 114
175, 50
175, 178
175, 51
175, 179
175, 115
175, 52
175, 180
175, 116
175, 53
175, 181
175, 117
175, 54
175, 182
175, 118
175, 55
175, 183
175, 119
175, 56
175, 184
175, 120
175, 57
175, 185
175, 121
175, 58
175, 186
175, 122
175, 123
175, 59
175, 187
175, 124
175, 60
175, 188
175, 125
175, 61
175, 189
175, 126
175, 62
175, 190
175, 127
175, 63
175, 191
111, 64
111, 192
111, 128
111, 65
111, 193
111, 129
111, 1
111, 66
111, 194
111, 2
111, 130
111, 67
111, 195
111, 3
111, 131
111, 68
111, 196
111, 4
111, 132
111, 5
111, 133
111, 69
111, 197
111, 6
111, 134
111, 70
111, 198
111, 7
111, 135
111, 71
111, 199
111, 8
111, 136
111, 72
111, 200
111, 9
111, 137
111, 73
111, 10
111, 138
111, 74
111, 11
111, 139
111, 75
111, 12
111, 140
111, 76
111, 77
111, 13
111, 141
111, 78
111, 14
111, 142
111, 79
111, 15
111, 143
111, 80
111, 16
111, 144
111, 81
111, 17
111, 145
111, 82
111, 18
111, 146
111, 83
111, 147
111, 19
111, 84
111, 20
111, 148
111, 85
111, 21
111, 149
111, 86
111, 22
111, 150
111, 23
111, 151
111, 87
111, 24
111, 152
111, 88
111, 25
111, 153
111, 89
111, 26
111, 154
111, 90
111, 27
111, 155
111, 91
111, 28
111, 156
111, 92
111, 29
111, 157
111, 93
111, 30
111, 158
111, 94
111, 95
111, 31
111, 159
111, 96
111, 32
111, 160
111, 97
111, 33
111, 161
111, 98
111, 34
111, 162
111, 99
111, 35
111, 163
111, 100
111, 36
111, 164
111, 101
111, 165
111, 37
111, 102
111, 38
111, 166
111, 103
111, 39
111, 167
111, 104
111, 40
111, 168
111, 41
111, 169
111, 105
111, 42
111, 170
111, 106
111, 43
111, 171
111, 107
111, 44
111, 172
111, 108
111, 45
111, 173
111, 109
111, 46
111, 174
111, 110
111, 47
111, 175
111, 111
111, 48
111, 176
111, 112
111, 49
111, 177
111, 113
111, 50
111, 178
111, 114
111, 115
111, 51
111, 179
111, 116
111, 52
111, 180
111, 117
111, 53
111, 181
111, 118
111, 54
111, 182
111, 119
111, 183
111, 55
111, 120
111, 56
111, 184
111, 121
111, 57
111, 185
111, 122
111, 58
111, 186
111, 59
111, 187
111, 123
111, 60
111, 188
111, 124
111, 61
111, 189
111, 125
111, 62
111, 190
111, 126
111, 63
111, 191
111, 127
47, 128
47, 64
47, 192
47, 1
47, 129
47, 193
47, 65
47, 2
47, 130
47, 194
47, 66
47, 3
47, 195
47, 131
47, 67
47, 4
47, 196
47, 132
47, 68
47, 197
47, 69
47, 5
47, 133
47, 198
47, 70
47, 6
47, 134
47, 199
47, 71
47, 7
47, 135
47, 200
47, 72
47, 8
47, 136
47, 73
47, 9
47, 137
47, 74
47, 10
47, 138
47, 75
47, 11
47, 139
47, 76
47, 12
47, 140
47, 13
47, 141
47, 77
47, 14
47, 142
47, 78
47, 15
47, 143
47, 79
47, 16
47, 144
47, 80
47, 17
47, 145
47, 81
47, 18
47, 146
47, 82
47, 19
47, 147
47, 83
47, 20
47, 148
47, 84
47, 21
47, 149
47, 85
47, 22
47, 150
47, 86
47, 87
47, 23
47, 151
47, 88
47, 24
47, 152
47, 89
47, 25
47, 153
47, 90
47, 26
47, 154
47, 91
47, 27
47, 155
47, 92
47, 28
47, 156
47, 93
47, 29
47, 157
47, 94
47, 30
47, 158
47, 31
47, 159
47, 95
47, 32
47, 160
47, 96
47, 33
47, 161
47, 97
47, 34
47, 162
47, 98
47, 35
47, 163
47, 99
47, 36
47, 164
47, 100
47, 37
47, 165
47, 101
47, 38
47, 166
47, 102
47, 39
47, 167
47, 103
47, 40
47, 168
47, 104
47, 105
47, 41
47, 169
47, 106
47, 42
47, 170
47, 107
47, 43
47, 171
47, 108
47, 44
47, 172
47, 109
47, 45
47, 173
47, 110
47, 46
47, 174
47, 111
47, 47
47, 175
47, 112
47, 176
47, 48
47, 177
47, 113
47, 49
47, 178
47, 114
47, 50
47, 179
47, 51
47, 115
47, 180
47, 52
47, 116
47, 181
47, 53
47, 117
47, 182
47, 54
47, 118
47, 55
47, 183
47, 119
47, 56
47, 184
47, 120
47, 57
47, 185
47, 121
47, 58
47, 186
47, 122
47, 123
47, 59
47, 187
47, 124
47, 60
47, 188
47, 125
47, 61
47, 189
47, 126
47, 62
47, 190
47, 127
47, 63
47, 191
176, 128
176, 64
176, 192
176, 129
176, 1
176, 65
176, 193
176, 2
176, 130
176, 194
176, 66
176, 3
176, 131
176, 67
176, 195
176, 4
176, 132
176, 68
176, 196
176, 5
176, 133
176, 69
176, 197
176, 70
176, 198
176, 6
176, 134
176, 71
176, 199
176, 7
176, 135
176, 72
176, 200
176, 8
176, 136
176, 73
176, 9
176, 137
176, 74
176, 10
176, 138
176, 75
176, 11
176, 139
176, 76
176, 140
176, 12
176, 77
176, 141
176, 13
176, 142
176, 78
176, 14
176, 143
176, 79
176, 15
176, 144
176, 16
176, 80
176, 145
176, 17
176, 81
176, 146
176, 18
176, 82
176, 147
176, 19
176, 83
176, 20
176, 148
176, 84
176, 21
176, 149
176, 85
176, 22
176, 150
176, 86
176, 23
176, 151
176, 87
176, 88
176, 24
176, 152
176, 89
176, 25
176, 153
176, 90
176, 26
176, 154
176, 91
176, 27
176, 155
176, 92
176, 28
176, 156
176, 93
176, 29
176, 157
176, 94
176, 158
176, 30
176, 95
176, 159
176, 31
176, 160
176, 96
176, 32
176, 161
176, 97
176, 33
176, 162
176, 34
176, 98
176, 163
176, 35
176, 99
176, 164
176, 36
176, 100
176, 165
176, 37
176, 101
176, 38
176, 166
176, 102
176, 39
176, 167
176, 103
176, 40
176, 168
176, 104
176, 41
176, 169
176, 105
176, 106
176, 42
176, 170
176, 107
176, 43
176, 171
176, 108
176, 44
176, 172
176, 109
176, 45
176, 173
176, 110
176, 46
176, 174
176, 111
176, 47
176, 175
176, 112
176, 176
176, 48
176, 113
176, 49
176, 177
176, 114
176, 50
176, 178
176, 115
176, 51
176, 179
176, 52
176, 180
176, 116
176, 53
176, 181
176, 117
176, 54
176, 182
176, 118
176, 55
176, 183
176, 119
176, 56
176, 184
176, 120
176, 57
176, 185
176, 121
176, 58
176, 186
176, 122
176, 59
176, 187
176, 123
176, 124
176, 60
176, 188
176, 125
176, 61
176, 189
176, 126
176, 62
176, 190
176, 127
176, 63
176, 191
112, 64
112, 192
112, 128
112, 65
112, 193
112, 1
112, 129
112, 66
112, 194
112, 130
112, 2
112, 67
112, 195
112, 3
112, 131
112, 68
112, 196
112, 4
112, 132
112, 69
112, 197
112, 5
112, 133
112, 6
112, 134
112, 70
112, 198
112, 7
112, 135
112, 71
112, 199
112, 8
112, 136
112, 72
112, 200
112, 9
112, 137
112, 73
112, 10
112, 138
112, 74
112, 11
112, 139
112, 75
112, 12
112, 140
112, 76
112, 13
112, 141
112, 77
112, 78
112, 14
112, 142
112, 79
112, 15
112, 143
112, 80
112, 16
112, 144
112, 81
112, 17
112, 145
112, 82
112, 18
112, 146
112, 83
112, 19
112, 147
112, 84
112, 148
112, 20
112, 85
112, 21
112, 149
112, 86
112, 22
112, 150
112, 87
112, 23
112, 151
112, 24
112, 152
112, 88
112, 25
112, 153
112, 89
112, 26
112, 154
112, 90
112, 27
112, 155
112, 91
112, 28
112, 156
112, 92
112, 29
112, 157
112, 93
112, 30
112, 158
112, 94
112, 31
112, 159
112, 95
112, 96
112, 32
112, 160
112, 97
112, 33
112, 161
112, 98
112, 34
112, 162
112, 99
112, 35
112, 163
112, 100
112, 36
112, 164
112, 101
112, 37
112, 165
112, 102
112, 166
112, 38
112, 103
112, 39
112, 167
112, 104
112, 40
112, 168
112, 105
112, 41
112, 169
112, 42
112, 170
112, 106
112, 43
112, 171
112, 107
112, 44
112, 172
112, 108
112, 45
112, 173
112, 109
112, 46
112, 174
112, 110
112, 47
112, 175
112, 111
112, 48
112, 176
112, 112
112, 49
112, 177
112, 113
112, 50
112, 178
112, 114
112, 51
112, 179
112, 115
112, 116
112, 52
112, 180
112, 117
112, 53
112, 181
112, 118
112, 54
112, 182
112, 119
112, 55
112, 183
112, 120
112, 184
112, 56
112, 121
112, 57
112, 185
112, 122
112, 58
112, 186
112, 123
112, 59
112, 187
112, 60
112, 188
112, 124
112, 61
112, 189
112, 125
112, 62
112, 190
112, 126
112, 63
112, 191
112, 127
48, 128
48, 64
48, 192
48, 1
48, 129
48, 65
48, 193
48, 2
48, 130
48, 194
48, 66
48, 3
48, 131
48, 195
48, 67
48, 4
48, 196
48, 132
48, 68
48, 5
48, 197
48, 133
48, 69
48, 198
48, 70
48, 6
48, 134
48, 199
48, 71
48, 7
48, 135
48, 200
48, 72
48, 8
48, 136
48, 73
48, 9
48, 137
48, 74
48, 10
48, 138
48, 75
48, 11
48, 139
48, 76
48, 12
48, 140
48, 77
48, 13
48, 141
48, 14
48, 142
48, 78
48, 15
48, 143
48, 79
48, 16
48, 144
48, 80
48, 17
48, 145
48, 81
48, 18
48, 146
48, 82
48, 19
48, 147
48, 83
48, 20
48, 148
48, 84
48, 21
48, 149
48, 85
48, 22
48, 150
48, 86
48, 23
48, 151
48, 87
48, 88
48, 24
48, 152
48, 89
48, 25
48, 153
48, 90
48, 26
48, 154
48, 91
48, 27
48, 155
48, 92
48, 28
48, 156
48, 93
48, 29
48, 157
48, 94
48, 30
48, 158
48, 95
48, 31
48, 159
48, 32
48, 160
48, 96
48, 33
48, 161
48, 97
48, 34
48, 162
48, 98
48, 35
48, 163
48, 99
48, 36
48, 164
48, 100
48, 37
48, 165
48, 101
48, 38
48, 166
48, 102
48, 39
48, 167
48, 103
48, 40
48, 168
48, 104
48, 41
48, 169
48, 105
48, 106
48, 42
48, 170
48, 107
48, 43
48, 171
48, 108
48, 44
48, 172
48, 109
48, 45
48, 173
48, 110
48, 46
48, 174
48, 111
48, 47
48, 175
48, 112
48, 48
48, 176
48, 113
48, 177
48, 49
48, 178
48, 114
48, 50
48, 179
48, 115
48, 51
48, 180
48, 52
48, 116
48, 181
48, 53
48, 117
48, 182
48, 54
48, 118
48, 183
48, 55
48, 119
48, 56
48, 184
48, 120
48, 57
48, 185
48, 121
48, 58
48, 186
48, 122
48, 59
48, 187
48, 123
48, 124
48, 60
48, 188
48, 125
48, 61
48, 189
48, 126
48, 62
48, 190
48, 127
48, 63
48, 191
177, 128
177, 64
177, 192
177, 129
177, 1
177, 65
177, 193
177, 130
177, 2
177, 66
177, 194
177, 3
177, 131
177, 195
177, 67
177, 4
177, 132
177, 68
177, 196
177, 5
177, 133
177, 69
177, 197
177, 6
177, 134
177, 70
177, 198
177, 71
177, 199
177, 7
177, 135
177, 72
177, 200
177, 8
177, 136
177, 73
177, 9
177, 137
177, 74
177, 10
177, 138
177, 75
177, 11
177, 139
177, 76
177, 12
177, 140
177, 77
177, 141
177, 13
177, 78
177, 142
177, 14
177, 143
177, 79
177, 15
177, 144
177, 80
177, 16
177, 145
177, 17
177, 81
177, 146
177, 18
177, 82
177, 147
177, 19
177, 83
177, 148
177, 20
177, 84
177, 21
177, 149
177, 85
177, 22
177, 150
177, 86
177, 23
177, 151
177, 87
177, 24
177, 152
177, 88
177, 89
177, 25
177, 153
177, 90
177, 26
177, 154
177, 91
177, 27
177, 155
177, 92
177, 28
177, 156
177, 93
177, 29
177, 157
177, 94
177, 30
177, 158
177, 95
177, 159
177, 31
177, 96
177, 160
177, 32
177, 161
177, 97
177, 33
177, 162
177, 98
177, 34
177, 163
177, 35
177, 99
177, 164
177, 36
177, 100
177, 165
177, 37
177, 101
177, 166
177, 38
177, 102
177, 39
177, 167
177, 103
177, 40
177, 168
177, 104
177, 41
177, 169
177, 105
177, 42
177, 170
177, 106
177, 107
177, 43
177, 171
177, 108
177, 44
177, 172
177, 109
177, 45
177, 173
177, 110
177, 46
177, 174
177, 111
177, 47
177, 175
177, 112
177, 48
177, 176
177, 113
177, 177
177, 49
177, 114
177, 50
177, 178
177, 115
177, 51
177, 179
177, 116
177, 52
177, 180
177, 53
177, 181
177, 117
177, 54
177, 182
177, 118
177, 55
177, 183
177, 119
177, 56
177, 184
177, 120
177, 57
177, 185
177, 121
177, 58
177, 186
177, 122
177, 59
177, 187
177, 123
177, 60
177, 188
177, 124
177, 125
177, 61
177, 189
177, 126
177, 62
177, 190
177, 127
177, 63
177, 191
113, 64
113, 192
113, 128
113, 65
113, 193
113, 1
113, 129
113, 66
113, 194
113, 2
113, 130
113, 67
113, 195
113, 131
113, 3
113, 68
113, 196
113, 4
113, 132
113, 69
113, 197
113, 5
113, 133
113, 70
113, 198
113, 6
113, 134
113, 7
113, 135
113, 71
113, 199
113, 8
113, 136
113, 72
113, 200
113, 9
113, 137
113, 73
113, 10
113, 138
113, 74
113, 11
113, 139
113, 75
113, 12
113, 140
113, 76
113, 13
113, 141
113, 77
113, 14
113, 142
113, 78
113, 79
113, 15
113, 143
113, 80
113, 16
113, 144
113, 81
113, 17
113, 145
113, 82
113, 18
113, 146
113, 83
113, 19
113, 147
113, 84
113, 20
113, 148
113, 85
113, 149
113, 21
113, 86
113, 22
113, 150
113, 87
113, 23
113, 151
113, 88
113, 24
113, 152
113, 25
113, 153
113, 89
113, 26
113, 154
113, 90
113, 27
113, 155
113, 91
113, 28
113, 156
113, 92
113, 29
113, 157
113, 93
113, 30
113, 158
113, 94
113, 31
113, 159
113, 95
113, 32
113, 160
113, 96
113, 97
113, 33
113, 161
113, 98
113, 34
113, 162
113, 99
113, 35
113, 163
113, 100
113, 36
113, 164
113, 101
113, 37
113, 165
113, 102
113, 38
113, 166
113, 103
113, 167
113, 39
113, 104
113, 40
113, 168
113, 105
113, 41
113, 169
113, 106
113, 42
113, 170
113, 43
113, 171
113, 107
113, 44
113, 172
113, 108
113, 45
113, 173
113, 109
113, 46
113, 174
113, 110
113, 47
113, 175
113, 111
113, 48
113, 176
113, 112
113, 49
113, 177
113, 113
113, 50
113, 178
113, 114
113, 51
113, 179
113, 115
113, 52
113, 180
113, 116
113, 117
113, 53
113, 181
113, 118
113, 54
113, 182
113, 119
113, 55
113, 183
113, 120
113, 56
113, 184
113, 121
113, 185
113, 57
113, 122
113, 58
113, 186
113, 123
113, 59
113, 187
113, 124
113, 60
113, 188
113, 61
113, 189
113, 125
113, 62
113, 190
113, 126
113, 63
113, 191
113, 127
49, 128
49, 64
49, 192
49, 1
49, 129
49, 65
49, 193
49, 2
49, 130
49, 66
49, 194
49, 3
49, 131
49, 195
49, 67
49, 4
49, 132
49, 196
49, 68
49, 5
49, 197
49, 133
49, 69
49, 6
49, 198
49, 134
49, 70
49, 199
49, 71
49, 7
49, 135
49, 200
49, 72
49, 8
49, 136
49, 73
49, 9
49, 137
49, 74
49, 10
49, 138
49, 75
49, 11
49, 139
49, 76
49, 12
49, 140
49, 77
49, 13
49, 141
49, 78
49, 14
49, 142
49, 15
49, 143
49, 79
49, 16
49, 144
49, 80
49, 17
49, 145
49, 81
49, 18
49, 146
49, 82
49, 19
49, 147
49, 83
49, 20
49, 148
49, 84
49, 21
49, 149
49, 85
49, 22
49, 150
49, 86
49, 23
49, 151
49, 87
49, 24
49, 152
49, 88
49, 89
49, 25
49, 153
49, 90
49, 26
49, 154
49, 91
49, 27
49, 155
49, 92
49, 28
49, 156
49, 93
49, 29
49, 157
49, 94
49, 30
49, 158
49, 95
49, 31
49, 159
49, 96
49, 32
49, 160
49, 33
49, 161
49, 97
49, 34
49, 162
49, 98
49, 35
49, 163
49, 99
49, 36
49, 164
49, 100
49, 37
49, 165
49, 101
49, 38
49, 166
49, 102
49, 39
49, 167
49, 103
49, 40
49, 168
49, 104
49, 41
49, 169
49, 105
49, 42
49, 170
49, 106
49, 107
49, 43
49, 171
49, 108
49, 44
49, 172
49, 109
49, 45
49, 173
49, 110
49, 46
49, 174
49, 111
49, 47
49, 175
49, 112
49, 48
49, 176
49, 113
49, 49
49, 177
49, 114
49, 178
49, 50
49, 179
49, 115
49, 51
49, 180
49, 116
49, 52
49, 181
49, 53
49, 117
49, 182
49, 54
49, 118
49, 183
49, 55
49, 119
49, 184
49, 56
49, 120
49, 57
49, 185
49, 121
49, 58
49, 186
49, 122
49, 59
49, 187
49, 123
49, 60
49, 188
49, 124
49, 125
49, 61
49, 189
49, 126
49, 62
49, 190
49, 127
49, 63
49, 191
178, 128
178, 64
178, 192
178, 129
178, 1
178, 65
178, 193
178, 130
178, 2
178, 66
178, 194
178, 131
178, 3
178, 67
178, 195
178, 4
178, 132
178, 196
178, 68
178, 5
178, 133
178, 69
178, 197
178, 6
178, 134
178, 70
178, 198
178, 7
178, 135
178, 71
178, 199
178, 72
178, 200
178, 8
178, 136
178, 73
178, 9
178, 137
178, 74
178, 10
178, 138
178, 75
178, 11
178, 139
178, 76
178, 12
178, 140
178, 77
178, 13
178, 141
178, 78
178, 142
178, 14
178, 79
178, 143
178, 15
178, 144
178, 80
178, 16
178, 145
178, 81
178, 17
178, 146
178, 18
178, 82
178, 147
178, 19
178, 83
178, 148
178, 20
178, 84
178, 149
178, 21
178, 85
178, 22
178, 150
178, 86
178, 23
178, 151
178, 87
178, 24
178, 152
178, 88
178, 25
178, 153
178, 89
178, 90
178, 26
178, 154
178, 91
178, 27
178, 155
178, 92
178, 28
178, 156
178, 93
178, 29
178, 157
178, 94
178, 30
178, 158
178, 95
178, 31
178, 159
178, 96
178, 160
178, 32
178, 97
178, 161
178, 33
178, 162
178, 98
178, 34
178, 163
178, 99
178, 35
178, 164
178, 36
178, 100
178, 165
178, 37
178, 101
178, 166
178, 38
178, 102
178, 167
178, 39
178, 103
178, 40
178, 168
178, 104
178, 41
178, 169
178, 105
178, 42
178, 170
178, 106
178, 43
178, 171
178, 107
178, 108
178, 44
178, 172
178, 109
178, 45
178, 173
178, 110
178, 46
178, 174
178, 111
178, 47
178, 175
178, 112
178, 48
178, 176
178, 113
178, 49
178, 177
178, 114
178, 178
178, 50
178, 115
178, 51
178, 179
178, 116
178, 52
178, 180
178, 117
178, 53
178, 181
178, 54
178, 182
178, 118
178, 55
178, 183
178, 119
178, 56
178, 184
178, 120
178, 57
178, 185
178, 121
178, 58
178, 186
178, 122
178, 59
178, 187
178, 123
178, 60
178, 188
178, 124
178, 61
178, 189
178, 125
178, 126
178, 62
178, 190
178, 127
178, 63
178, 191
114, 64
114, 192
114, 128
114, 65
114, 193
114, 1
114, 129
114, 66
114, 194
114, 2
114, 130
114, 67
114, 195
114, 3
114, 131
114, 68
114, 196
114, 132
114, 4
114, 69
114, 197
114, 5
114, 133
114, 70
114, 198
114, 6
114, 134
114, 71
114, 199
114, 7
114, 135
114, 8
114, 136
114, 72
114, 200
114, 9
114, 137
114, 73
114, 10
114, 138
114, 74
114, 11
114, 139
114, 75
114, 12
114, 140
114, 76
114, 13
114, 141
114, 77
114, 14
114, 142
114, 78
114, 15
114, 143
114, 79
114, 80
114, 16
114, 144
114, 81
114, 17
114, 145
114, 82
114, 18
114, 146
114, 83
114, 19
114, 147
114, 84
114, 20
114, 148
114, 85
114, 21
114, 149
114, 86
114, 150
114, 22
114, 87
114, 23
114, 151
114, 88
114, 24
114, 152
114, 89
114, 25
114, 153
114, 26
114, 154
114, 90
114, 27
114, 155
114, 91
114, 28
114, 156
114, 92
114, 29
114, 157
114, 93
114, 30
114, 158
114, 94
114, 31
114, 159
114, 95
114, 32
114, 160
114, 96
114, 33
114, 161
114, 97
114, 98
114, 34
114, 162
114, 99
114, 35
114, 163
114, 100
114, 36
114, 164
114, 101
114, 37
114, 165
114, 102
114, 38
114, 166
114, 103
114, 39
114, 167
114, 104
114, 168
114, 40
114, 105
114, 41
114, 169
114, 106
114, 42
114, 170
114, 107
114, 43
114, 171
114, 44
114, 172
114, 108
114, 45
114, 173
114, 109
114, 46
114, 174
114, 110
114, 47
114, 175
114, 111
114, 48
114, 176
114, 112
114, 49
114, 177
114, 113
114, 50
114, 178
114, 114
114, 51
114, 179
114, 115
114, 52
114, 180
114, 116
114, 53
114, 181
114, 117
114, 118
114, 54
114, 182
114, 119
114, 55
114, 183
114, 120
114, 56
114, 184
114, 121
114, 57
114, 185
114, 122
114, 186
114, 58
114, 123
114, 59
114, 187
114, 124
114, 60
114, 188
114, 125
114, 61
114, 189
114, 62
114, 190
114, 126
114, 63
114, 191
114, 127
50, 128
50, 64
50, 192
50, 1
50, 129
50, 65
50, 193
50, 2
50, 130
50, 66
50, 194
50, 3
50, 131
50, 67
50, 195
50, 4
50, 132
50, 196
50, 68
50, 5
50, 133
50, 197
50, 69
50, 6
50, 198
50, 134
50, 70
50, 7
50, 199
50, 135
50, 71
50, 200
50, 72
50, 8
50, 136
50, 73
50, 9
50, 137
50, 74
50, 10
50, 138
50, 75
50, 11
50, 139
50, 76
50, 12
50, 140
50, 77
50, 13
50, 141
50, 78
50, 14
50, 142
50, 79
50, 15
50, 143
50, 16
50, 144
50, 80
50, 17
50, 145
50, 81
50, 18
50, 146
50, 82
50, 19
50, 147
50, 83
50, 20
50, 148
50, 84
50, 21
50, 149
50, 85
50, 22
50, 150
50, 86
50, 23
50, 151
50, 87
50, 24
50, 152
50, 88
50, 25
50, 153
50, 89
50, 90
50, 26
50, 154
50, 91
50, 27
50, 155
50, 92
50, 28
50, 156
50, 93
50, 29
50, 157
50, 94
50, 30
50, 158
50, 95
50, 31
50, 159
50, 96
50, 32
50, 160
50, 97
50, 33
50, 161
50, 34
50, 162
50, 98
50, 35
50, 163
50, 99
50, 36
50, 164
50, 100
50, 37
50, 165
50, 101
50, 38
50, 166
50, 102
50, 39
50, 167
50, 103
50, 40
50, 168
50, 104
50, 41
50, 169
50, 105
50, 42
50, 170
50, 106
50, 43
50, 171
50, 107
50, 108
50, 44
50, 172
50, 109
50, 45
50, 173
50, 110
50, 46
50, 174
50, 111
50, 47
50, 175
50, 112
50, 48
50, 176
50, 113
50, 49
50, 177
50, 114
50, 50
50, 178
50, 115
50, 179
50, 51
50, 180
50, 116
50, 52
50, 181
50, 117
50, 53
50, 182
50, 54
50, 118
50, 183
50, 55
50, 119
50, 184
50, 56
50, 120
50, 185
50, 57
50, 121
50, 58
50, 186
50, 122
50, 59
50, 187
50, 123
50, 60
50, 188
50, 124
50, 61
50, 189
50, 125
50, 126
50, 62
50, 190
50, 127
50, 63
50, 191
179, 128
179, 64
179, 192
179, 129
179, 1
179, 65
179, 193
179, 130
179, 2
179, 66
179, 194
179, 131
179, 3
179, 67
179, 195
179, 132
179, 4
179, 68
179, 196
179, 5
179, 133
179, 197
179, 69
179, 6
179, 134
179, 70
179, 198
179, 7
179, 135
179, 71
179, 199
179, 8
179, 136
179, 72
179, 200
179, 73
179, 9
179, 137
179, 74
179, 10
179, 138
179, 75
179, 11
179, 139
179, 76
179, 12
179, 140
179, 77
179, 13
179, 141
179, 78
179, 14
179, 142
179, 79
179, 143
179, 15
179, 80
179, 144
179, 16
179, 145
179, 81
179, 17
179, 146
179, 82
179, 18
179, 147
179, 19
179, 83
179, 148
179, 20
179, 84
179, 149
179, 21
179, 85
179, 150
179, 22
179, 86
179, 23
179, 151
179, 87
179, 24
179, 152
179, 88
179, 25
179, 153
179, 89
179, 26
179, 154
179, 90
179, 91
179, 27
179, 155
179, 92
179, 28
179, 156
179, 93
179, 29
179, 157
179, 94
179, 30
179, 158
179, 95
179, 31
179, 159
179, 96
179, 32
179, 160
179, 97
179, 161
179, 33
179, 98
179, 162
179, 34
179, 163
179, 99
179, 35
179, 164
179, 100
179, 36
179, 165
179, 37
179, 101
179, 166
179, 38
179, 102
179, 167
179, 39
179, 103
179, 168
179, 40
179, 104
179, 41
179, 169
179, 105
179, 42
179, 170
179, 106
179, 43
179, 171
179, 107
179, 44
179, 172
179, 108
179, 109
179, 45
179, 173
179, 110
179, 46
179, 174
179, 111
179, 47
179, 175
179, 112
179, 48
179, 176
179, 113
179, 49
179, 177
179, 114
179, 50
179, 178
179, 115
179, 179
179, 51
179, 116
179, 52
179, 180
179, 117
179, 53
179, 181
179, 118
179, 54
179, 182
179, 55
179, 183
179, 119
179, 56
179, 184
179, 120
179, 57
179, 185
179, 121
179, 58
179, 186
179, 122
179, 59
179, 187
179, 123
179, 60
179, 188
179, 124
179, 61
179, 189
179, 125
179, 62
179, 190
179, 126
179, 127
179, 63
179, 191
115, 64
115, 192
115, 128
115, 65
115, 193
115, 1
115, 129
115, 66
115, 194
115, 2
115, 130
115, 67
115, 195
115, 3
115, 131
115, 68
115, 196
115, 4
115, 132
115, 69
115, 197
115, 133
115, 5
115, 70
115, 198
115, 6
115, 134
115, 71
115, 199
115, 7
115, 135
115, 72
115, 200
115, 8
115, 136
115, 9
115, 137
115, 73
115, 10
115, 138
115, 74
115, 11
115, 139
115, 75
115, 12
115, 140
115, 76
115, 13
115, 141
115, 77
115, 14
115, 142
115, 78
115, 15
115, 143
115, 79
115, 16
115, 144
115, 80
115, 81
115, 17
115, 145
115, 82
115, 18
115, 146
115, 83
115, 19
115, 147
115, 84
115, 20
115, 148
115, 85
115, 21
115, 149
115, 86
115, 22
115, 150
115, 87
115, 151
115, 23
115, 88
115, 24
115, 152
115, 89
115, 25
115, 153
115, 90
115, 26
115, 154
115, 27
115, 155
115, 91
115, 28
115, 156
115, 92
115, 29
115, 157
115, 93
115, 30
115, 158
115, 94
115, 31
115, 159
115, 95
115, 32
115, 160
115, 96
115, 33
115, 161
115, 97
115, 34
115, 162
115, 98
115, 99
115, 35
115, 163
115, 100
115, 36
115, 164
115, 101
115, 37
115, 165
115, 102
115, 38
115, 166
115, 103
115, 39
115, 167
115, 104
115, 40
115, 168
115, 105
115, 169
115, 41
115, 106
115, 42
115, 170
115, 107
115, 43
115, 171
115, 108
115, 44
115, 172
115, 45
115, 173
115, 109
115, 46
115, 174
115, 110
115, 47
115, 175
115, 111
115, 48
115, 176
115, 112
115, 49
115, 177
115, 113
115, 50
115, 178
115, 114
115, 51
115, 179
115, 115
115, 52
115, 180
115, 116
115, 53
115, 181
115, 117
115, 54
115, 182
115, 118
115, 119
115, 55
115, 183
115, 120
115, 56
115, 184
115, 121
115, 57
115, 185
115, 122
115, 58
115, 186
115, 123
115, 187
115, 59
115, 124
115, 60
115, 188
115, 125
115, 61
115, 189
115, 126
115, 62
115, 190
115, 63
115, 191
115, 127
51, 128
51, 64
51, 192
51, 1
51, 129
51, 65
51, 193
51, 2
51, 130
51, 66
51, 194
51, 3
51, 131
51, 67
51, 195
51, 4
51, 132
51, 68
51, 196
51, 5
51, 133
51, 197
51, 69
51, 6
51, 134
51, 198
51, 70
51, 7
51, 199
51, 135
51, 71
51, 8
51, 200
51, 136
51, 72
51, 73
51, 9
51, 137
51, 74
51, 10
51, 138
51, 75
51, 11
51, 139
51, 76
51, 12
51, 140
51, 77
51, 13
51, 141
51, 78
51, 14
51, 142
51, 79
51, 15
51, 143
51, 80
51, 16
51, 144
51, 17
51, 145
51, 81
51, 18
51, 146
51, 82
51, 19
51, 147
51, 83
51, 20
51, 148
51, 84
51, 21
51, 149
51, 85
51, 22
51, 150
51, 86
51, 23
51, 151
51, 87
51, 24
51, 152
51, 88
51, 25
51, 153
51, 89
51, 26
51, 154
51, 90
51, 91
51, 27
51, 155
51, 92
51, 28
51, 156
51, 93
51, 29
51, 157
51, 94
51, 30
51, 158
51, 95
51, 31
51, 159
51, 96
51, 32
51, 160
51, 97
51, 33
51, 161
51, 98
51, 34
51, 162
51, 35
51, 163
51, 99
51, 36
51, 164
51, 100
51, 37
51, 165
51, 101
51, 38
51, 166
51, 102
51, 39
51, 167
51, 103
51, 40
51, 168
51, 104
51, 41
51, 169
51, 105
51, 42
51, 170
51, 106
51, 43
51, 171
51, 107
51, 44
51, 172
51, 108
51, 109
51, 45
51, 173
51, 110
51, 46
51, 174
51, 111
51, 47
51, 175
51, 112
51, 48
51, 176
51, 113
51, 49
51, 177
51, 114
51, 50
51, 178
51, 115
51, 51
51, 179
51, 116
51, 180
51, 52
51, 181
51, 117
51, 53
51, 182
51, 118
51, 54
51, 183
51, 55
51, 119
51, 184
51, 56
51, 120
51, 185
51, 57
51, 121
51, 186
51, 58
51, 122
51, 59
51, 187
51, 123
51, 60
51, 188
51, 124
51, 61
51, 189
51, 125
51, 62
51, 190
51, 126
51, 127
51, 63
51, 191
180, 128
180, 64
180, 192
180, 129
180, 65
180, 193
180, 1
180, 130
180, 2
180, 66
180, 194
180, 131
180, 3
180, 67
180, 195
180, 132
180, 4
180, 68
180, 196
180, 133
180, 5
180, 69
180, 197
180, 6
180, 134
180, 198
180, 70
180, 7
180, 135
180, 71
180, 199
180, 8
180, 136
180, 72
180, 200
180, 9
180, 137
180, 73
180, 74
180, 10
180, 138
180, 75
180, 11
180, 139
180, 76
180, 12
180, 140
180, 77
180, 13
180, 141
180, 78
180, 14
180, 142
180, 79
180, 15
180, 143
180, 80
180, 144
180, 16
180, 81
180, 145
180, 17
180, 146
180, 82
180, 18
180, 147
180, 83
180, 19
180, 148
180, 20
180, 84
180, 149
180, 21
180, 85
180, 150
180, 22
180, 86
180, 151
180, 23
180, 87
180, 24
180, 152
180, 88
180, 25
180, 153
180, 89
180, 26
180, 154
180, 90
180, 27
180, 155
180, 91
180, 92
180, 28
180, 156
180, 93
180, 29
180, 157
180, 94
180, 30
180, 158
180, 95
180, 31
180, 159
180, 96
180, 32
180, 160
180, 97
180, 33
180, 161
180, 98
180, 162
180, 34
180, 99
180, 163
180, 35
180, 164
180, 100
180, 36
180, 165
180, 101
180, 37
180, 166
180, 38
180, 102
180, 167
180, 39
180, 103
180, 168
180, 40
180, 104
180, 169
180, 41
180, 105
180, 42
180, 170
180, 106
180, 43
180, 171
180, 107
180, 44
180, 172
180, 108
180, 45
180, 173
180, 109
180, 110
180, 46
180, 174
180, 111
180, 47
180, 175
180, 112
180, 48
180, 176
180, 113
180, 49
180, 177
180, 114
180, 50
180, 178
180, 115
180, 51
180, 179
180, 116
180, 180
180, 52
180, 117
180, 53
180, 181
180, 118
180, 54
180, 182
180, 119
180, 55
180, 183
180, 56
180, 184
180, 120
180, 57
180, 185
180, 121
180, 58
180, 186
180, 122
180, 59
180, 187
180, 123
180, 60
180, 188
180, 124
180, 61
180, 189
180, 125
180, 62
180, 190
180, 126
180, 63
180, 191
180, 127
116, 64
116, 192
116, 128
116, 65
116, 193
116, 1
116, 129
116, 66
116, 194
116, 2
116, 130
116, 67
116, 195
116, 3
116, 131
116, 68
116, 196
116, 4
116, 132
116, 69
116, 197
116, 5
116, 133
116, 70
116, 198
116, 134
116, 6
116, 71
116, 199
116, 7
116, 135
116, 72
116, 200
116, 8
116, 136
116, 73
116, 9
116, 137
116, 10
116, 138
116, 74
116, 11
116, 139
116, 75
116, 12
116, 140
116, 76
116, 13
116, 141
116, 77
116, 14
116, 142
116, 78
116, 15
116, 143
116, 79
116, 16
116, 144
116, 80
116, 17
116, 145
116, 81
116, 82
116, 18
116, 146
116, 83
116, 19
116, 147
116, 84
116, 20
116, 148
116, 85
116, 21
116, 149
116, 86
116, 22
116, 150
116, 87
116, 23
116, 151
116, 88
116, 152
116, 24
116, 89
116, 25
116, 153
116, 90
116, 26
116, 154
116, 91
116, 27
116, 155
116, 28
116, 156
116, 92
116, 29
116, 157
116, 93
116, 30
116, 158
116, 94
116, 31
116, 159
116, 95
116, 32
116, 160
116, 96
116, 33
116, 161
116, 97
116, 34
116, 162
116, 98
116, 35
116, 163
116, 99
116, 100
116, 36
116, 164
116, 101
116, 37
116, 165
116, 102
116, 38
116, 166
116, 103
116, 39
116, 167
116, 104
116, 40
116, 168
116, 105
116, 41
116, 169
116, 106
116, 170
116, 42
116, 107
116, 43
116, 171
116, 108
116, 44
116, 172
116, 109
116, 45
116, 173
116, 46
116, 174
116, 110
116, 47
116, 175
116, 111
116, 48
116, 176
116, 112
116, 49
116, 177
116, 113
116, 50
116, 178
116, 114
116, 51
116, 179
116, 115
116, 52
116, 180
116, 116
116, 53
116, 181
116, 117
116, 54
116, 182
116, 118
116, 55
116, 183
116, 119
116, 120
116, 56
116, 184
116, 121
116, 57
116, 185
116, 122
116, 58
116, 186
116, 123
116, 59
116, 187
116, 124
116, 188
116, 60
116, 125
116, 61
116, 189
116, 126
116, 62
116, 190
116, 127
116, 63
116, 191
52, 128
52, 64
52, 192
52, 1
52, 129
52, 65
52, 193
52, 2
52, 130
52, 66
52, 194
52, 3
52, 131
52, 67
52, 195
52, 4
52, 132
52, 68
52, 196
52, 5
52, 133
52, 69
52, 197
52, 6
52, 134
52, 198
52, 70
52, 7
52, 135
52, 199
52, 71
52, 8
52, 200
52, 136
52, 72
52, 9
52, 137
52, 73
52, 74
52, 10
52, 138
52, 75
52, 11
52, 139
52, 76
52, 12
52, 140
52, 77
52, 13
52, 141
52, 78
52, 14
52, 142
52, 79
52, 15
52, 143
52, 80
52, 16
52, 144
52, 81
52, 17
52, 145
52, 18
52, 146
52, 82
52, 19
52, 147
52, 83
52, 20
52, 148
52, 84
52, 21
52, 149
52, 85
52, 22
52, 150
52, 86
52, 23
52, 151
52, 87
52, 24
52, 152
52, 88
52, 25
52, 153
52, 89
52, 26
52, 154
52, 90
52, 27
52, 155
52, 91
52, 92
52, 28
52, 156
52, 93
52, 29
52, 157
52, 94
52, 30
52, 158
52, 95
52, 31
52, 159
52, 96
52, 32
52, 160
52, 97
52, 33
52, 161
52, 98
52, 34
52, 162
52, 99
52, 35
52, 163
52, 36
52, 164
52, 100
52, 37
52, 165
52, 101
52, 38
52, 166
52, 102
52, 39
52, 167
52, 103
52, 40
52, 168
52, 104
52, 41
52, 169
52, 105
52, 42
52, 170
52, 106
52, 43
52, 171
52, 107
52, 44
52, 172
52, 108
52, 45
52, 173
52, 109
52, 110
52, 46
52, 174
52, 111
52, 47
52, 175
52, 112
52, 48
52, 176
52, 113
52, 49
52, 177
52, 114
52, 50
52, 178
52, 115
52, 51
52, 179
52, 116
52, 52
52, 180
52, 117
52, 181
52, 53
52, 182
52, 118
52, 54
52, 183
52, 119
52, 55
52, 184
52, 56
52, 120
52, 185
52, 57
52, 121
52, 186
52, 58
52, 122
52, 187
52, 59
52, 123
52, 60
52, 188
52, 124
52, 61
52, 189
52, 125
52, 62
52, 190
52, 126
52, 63
52, 191
52, 127
181, 64
181, 192
181, 128
181, 129
181, 65
181, 193
181, 1
181, 130
181, 66
181, 194
181, 2
181, 131
181, 3
181, 67
181, 195
181, 132
181, 4
181, 68
181, 196
181, 133
181, 5
181, 69
181, 197
181, 134
181, 6
181, 70
181, 198
181, 7
181, 135
181, 199
181, 71
181, 8
181, 136
181, 72
181, 200
181, 9
181, 137
181, 73
181, 10
181, 138
181, 74
181, 75
181, 11
181, 139
181, 76
181, 12
181, 140
181, 77
181, 13
181, 141
181, 78
181, 14
181, 142
181, 79
181, 15
181, 143
181, 80
181, 16
181, 144
181, 81
181, 145
181, 17
181, 82
181, 146
181, 18
181, 147
181, 83
181, 19
181, 148
181, 84
181, 20
181, 149
181, 21
181, 85
181, 150
181, 22
181, 86
181, 151
181, 23
181, 87
181, 152
181, 24
181, 88
181, 25
181, 153
181, 89
181, 26
181, 154
181, 90
181, 27
181, 155
181, 91
181, 28
181, 156
181, 92
181, 93
181, 29
181, 157
181, 94
181, 30
181, 158
181, 95
181, 31
181, 159
181, 96
181, 32
181, 160
181, 97
181, 33
181, 161
181, 98
181, 34
181, 162
181, 99
181, 163
181, 35
181, 100
181, 164
181, 36
181, 165
181, 101
181, 37
181, 166
181, 102
181, 38
181, 167
181, 39
181, 103
181, 168
181, 40
181, 104
181, 169
181, 41
181, 105
181, 170
181, 42
181, 106
181, 43
181, 171
181, 107
181, 44
181, 172
181, 108
181, 45
181, 173
181, 109
181, 46
181, 174
181, 110
181, 111
181, 47
181, 175
181, 112
181, 48
181, 176
181, 113
181, 49
181, 177
181, 114
181, 50
181, 178
181, 115
181, 51
181, 179
181, 116
181, 52
181, 180
181, 117
181, 181
181, 53
181, 118
181, 54
181, 182
181, 119
181, 55
181, 183
181, 120
181, 56
181, 184
181, 57
181, 185
181, 121
181, 58
181, 186
181, 122
181, 59
181, 187
181, 123
181, 60
181, 188
181, 124
181, 61
181, 189
181, 125
181, 62
181, 190
181, 126
181, 63
181, 191
181, 127
117, 128
117, 64
117, 192
117, 65
117, 193
117, 1
117, 129
117, 66
117, 194
117, 2
117, 130
117, 67
117, 195
117, 3
117, 131
117, 68
117, 196
117, 4
117, 132
117, 69
117, 197
117, 5
117, 133
117, 70
117, 198
117, 6
117, 134
117, 71
117, 199
117, 135
117, 7
117, 72
117, 200
117, 8
117, 136
117, 73
117, 9
117, 137
117, 74
117, 10
117, 138
117, 11
117, 139
117, 75
117, 12
117, 140
117, 76
117, 13
117, 141
117, 77
117, 14
117, 142
117, 78
117, 15
117, 143
117, 79
117, 16
117, 144
117, 80
117, 17
117, 145
117, 81
117, 18
117, 146
117, 82
117, 83
117, 19
117, 147
117, 84
117, 20
117, 148
117, 85
117, 21
117, 149
117, 86
117, 22
117, 150
117, 87
117, 23
117, 151
117, 88
117, 24
117, 152
117, 89
117, 153
117, 25
117, 90
117, 26
117, 154
117, 91
117, 27
117, 155
117, 92
117, 28
117, 156
117, 29
117, 157
117, 93
117, 30
117, 158
117, 94
117, 31
117, 159
117, 95
117, 32
117, 160
117, 96
117, 33
117, 161
117, 97
117, 34
117, 162
117, 98
117, 35
117, 163
117, 99
117, 36
117, 164
117, 100
117, 101
117, 37
117, 165
117, 102
117, 38
117, 166
117, 103
117, 39
117, 167
117, 104
117, 40
117, 168
117, 105
117, 41
117, 169
117, 106
117, 42
117, 170
117, 107
117, 171
117, 43
117, 108
117, 44
117, 172
117, 109
117, 45
117, 173
117, 110
117, 46
117, 174
117, 47
117, 175
117, 111
117, 48
117, 176
117, 112
117, 49
117, 177
117, 113
117, 50
117, 178
117, 114
117, 51
117, 179
117, 115
117, 52
117, 180
117, 116
117, 53
117, 181
117, 117
117, 54
117, 182
117, 118
117, 55
117, 183
117, 119
117, 56
117, 184
117, 120
117, 121
117, 57
117, 185
117, 122
117, 58
117, 186
117, 123
117, 59
117, 187
117, 124
117, 60
117, 188
117, 125
117, 189
117, 61
117, 126
117, 62
117, 190
117, 127
117, 63
117, 191
53, 64
53, 192
53, 128
53, 1
53, 129
53, 65
53, 193
53, 2
53, 130
53, 66
53, 194
53, 3
53, 131
53, 67
53, 195
53, 4
53, 132
53, 68
53, 196
53, 5
53, 133
53, 69
53, 197
53, 6
53, 134
53, 70
53, 198
53, 7
53, 135
53, 199
53, 71
53, 8
53, 136
53, 200
53, 72
53, 9
53, 137
53, 73
53, 10
53, 138
53, 74
53, 75
53, 11
53, 139
53, 76
53, 12
53, 140
53, 77
53, 13
53, 141
53, 78
53, 14
53, 142
53, 79
53, 15
53, 143
53, 80
53, 16
53, 144
53, 81
53, 17
53, 145
53, 82
53, 18
53, 146
53, 19
53, 147
53, 83
53, 20
53, 148
53, 84
53, 21
53, 149
53, 85
53, 22
53, 150
53, 86
53, 23
53, 151
53, 87
53, 24
53, 152
53, 88
53, 25
53, 153
53, 89
53, 26
53, 154
53, 90
53, 27
53, 155
53, 91
53, 28
53, 156
53, 92
53, 93
53, 29
53, 157
53, 94
53, 30
53, 158
53, 95
53, 31
53, 159
53, 96
53, 32
53, 160
53, 97
53, 33
53, 161
53, 98
53, 34
53, 162
53, 99
53, 35
53, 163
53, 100
53, 36
53, 164
53, 37
53, 165
53, 101
53, 38
53, 166
53, 102
53, 39
53, 167
53, 103
53, 40
53, 168
53, 104
53, 41
53, 169
53, 105
53, 42
53, 170
53, 106
53, 43
53, 171
53, 107
53, 44
53, 172
53, 108
53, 45
53, 173
53, 109
53, 46
53, 174
53, 110
53, 111
53, 47
53, 175
53, 112
53, 48
53, 176
53, 113
53, 49
53, 177
53, 114
53, 50
53, 178
53, 115
53, 51
53, 179
53, 116
53, 52
53, 180
53, 117
53, 53
53, 181
53, 118
53, 182
53, 54
53, 183
53, 119
53, 55
53, 184
53, 120
53, 56
53, 185
53, 57
53, 121
53, 186
53, 58
53, 122
53, 187
53, 59
53, 123
53, 188
53, 60
53, 124
53, 61
53, 189
53, 125
53, 62
53, 190
53, 126
53, 63
53, 191
53, 127
182, 64
182, 192
182, 128
182, 65
182, 193
182, 129
182, 1
182, 130
182, 66
182, 194
182, 2
182, 131
182, 67
182, 195
182, 3
182, 132
182, 4
182, 68
182, 196
182, 133
182, 5
182, 69
182, 197
182, 134
182, 6
182, 70
182, 198
182, 135
182, 7
182, 71
182, 199
182, 8
182, 136
182, 200
182, 72
182, 9
182, 137
182, 73
182, 10
182, 138
182, 74
182, 11
182, 139
182, 75
182, 76
182, 12
182, 140
182, 77
182, 13
182, 141
182, 78
182, 14
182, 142
182, 79
182, 15
182, 143
182, 80
182, 16
182, 144
182, 81
182, 17
182, 145
182, 82
182, 146
182, 18
182, 83
182, 147
182, 19
182, 148
182, 84
182, 20
182, 149
182, 85
182, 21
182, 150
182, 22
182, 86
182, 151
182, 23
182, 87
182, 152
182, 24
182, 88
182, 153
182, 25
182, 89
182, 26
182, 154
182, 90
182, 27
182, 155
182, 91
182, 28
182, 156
182, 92
182, 29
182, 157
182, 93
182, 94
182, 30
182, 158
182, 95
182, 31
182, 159
182, 96
182, 32
182, 160
182, 97
182, 33
182, 161
182, 98
182, 34
182, 162
182, 99
182, 35
182, 163
182, 100
182, 164
182, 36
182, 101
182, 165
182, 37
182, 166
182, 102
182, 38
182, 167
182, 103
182, 39
182, 168
182, 40
182, 104
182, 169
182, 41
182, 105
182, 170
182, 42
182, 106
182, 171
182, 43
182, 107
182, 44
182, 172
182, 108
182, 45
182, 173
182, 109
182, 46
182, 174
182, 110
182, 47
182, 175
182, 111
182, 112
182, 48
182, 176
182, 113
182, 49
182, 177
182, 114
182, 50
182, 178
182, 115
182, 51
182, 179
182, 116
182, 52
182, 180
182, 117
182, 53
182, 181
182, 118
182, 182
182, 54
182, 119
182, 55
182, 183
182, 120
182, 56
182, 184
182, 121
182, 57
182, 185
182, 58
182, 186
182, 122
182, 59
182, 187
182, 123
182, 60
182, 188
182, 124
182, 61
182, 189
182, 125
182, 62
182, 190
182, 126
182, 63
182, 191
182, 127
118, 128
118, 64
118, 192
118, 1
118, 129
118, 65
118, 193
118, 66
118, 194
118, 2
118, 130
118, 67
118, 195
118, 3
118, 131
118, 68
118, 196
118, 4
118, 132
118, 69
118, 197
118, 5
118, 133
118, 70
118, 198
118, 6
118, 134
118, 71
118, 199
118, 7
118, 135
118, 72
118, 200
118, 136
118, 8
118, 73
118, 9
118, 137
118, 74
118, 10
118, 138
118, 75
118, 11
118, 139
118, 12
118, 140
118, 76
118, 13
118, 141
118, 77
118, 14
118, 142
118, 78
118, 15
118, 143
118, 79
118, 16
118, 144
118, 80
118, 17
118, 145
118, 81
118, 18
118, 146
118, 82
118, 19
118, 147
118, 83
118, 84
118, 20
118, 148
118, 85
118, 21
118, 149
118, 86
118, 22
118, 150
118, 87
118, 23
118, 151
118, 88
118, 24
118, 152
118, 89
118, 25
118, 153
118, 90
118, 154
118, 26
118, 91
118, 27
118, 155
118, 92
118, 28
118, 156
118, 93
118, 29
118, 157
118, 30
118, 158
118, 94
118, 31
118, 159
118, 95
118, 32
118, 160
118, 96
118, 33
118, 161
118, 97
118, 34
118, 162
118, 98
118, 35
118, 163
118, 99
118, 36
118, 164
118, 100
118, 37
118, 165
118, 101
118, 102
118, 38
118, 166
118, 103
118, 39
118, 167
118, 104
118, 40
118, 168
118, 105
118, 41
118, 169
118, 106
118, 42
118, 170
118, 107
118, 43
118, 171
118, 108
118, 172
118, 44
118, 109
118, 45
118, 173
118, 110
118, 46
118, 174
118, 111
118, 47
118, 175
118, 48
118, 176
118, 112
118, 49
118, 177
118, 113
118, 50
118, 178
118, 114
118, 51
118, 179
118, 115
118, 52
118, 180
118, 116
118, 53
118, 181
118, 117
118, 54
118, 182
118, 118
118, 55
118, 183
118, 119
118, 56
118, 184
118, 120
118, 57
118, 185
118, 121
118, 122
118, 58
118, 186
118, 123
118, 59
118, 187
118, 124
118, 60
118, 188
118, 125
118, 61
118, 189
118, 126
118, 190
118, 62
118, 127
118, 63
118, 191
54, 64
54, 192
54, 128
54, 65
54, 193
54, 1
54, 129
54, 2
54, 130
54, 66
54, 194
54, 3
54, 131
54, 67
54, 195
54, 4
54, 132
54, 68
54, 196
54, 5
54, 133
54, 69
54, 197
54, 6
54, 134
54, 70
54, 198
54, 7
54, 135
54, 71
54, 199
54, 8
54, 136
54, 200
54, 72
54, 9
54, 137
54, 73
54, 10
54, 138
54, 74
54, 11
54, 139
54, 75
54, 76
54, 12
54, 140
54, 77
54, 13
54, 141
54, 78
54, 14
54, 142
54, 79
54, 15
54, 143
54, 80
54, 16
54, 144
54, 81
54, 17
54, 145
54, 82
54, 18
54, 146
54, 83
54, 19
54, 147
54, 20
54, 148
54, 84
54, 21
54, 149
54, 85
54, 22
54, 150
54, 86
54, 23
54, 151
54, 87
54, 24
54, 152
54, 88
54, 25
54, 153
54, 89
54, 26
54, 154
54, 90
54, 27
54, 155
54, 91
54, 28
54, 156
54, 92
54, 29
54, 157
54, 93
54, 94
54, 30
54, 158
54, 95
54, 31
54, 159
54, 96
54, 32
54, 160
54, 97
54, 33
54, 161
54, 98
54, 34
54, 162
54, 99
54, 35
54, 163
54, 100
54, 36
54, 164
54, 101
54, 37
54, 165
54, 38
54, 166
54, 102
54, 39
54, 167
54, 103
54, 40
54, 168
54, 104
54, 41
54, 169
54, 105
54, 42
54, 170
54, 106
54, 43
54, 171
54, 107
54, 44
54, 172
54, 108
54, 45
54, 173
54, 109
54, 46
54, 174
54, 110
54, 47
54, 175
54, 111
54, 112
54, 48
54, 176
54, 113
54, 49
54, 177
54, 114
54, 50
54, 178
54, 115
54, 51
54, 179
54, 116
54, 52
54, 180
54, 117
54, 53
54, 181
54, 118
54, 54
54, 182
54, 119
54, 183
54, 55
54, 184
54, 120
54, 56
54, 185
54, 121
54, 57
54, 186
54, 58
54, 122
54, 187
54, 59
54, 123
54, 188
54, 60
54, 124
54, 189
54, 61
54, 125
54, 62
54, 190
54, 126
54, 63
54, 191
54, 127
183, 64
183, 192
183, 128
183, 65
183, 193
183, 129
183, 1
183, 66
183, 194
183, 130
183, 2
183, 131
183, 67
183, 195
183, 3
183, 132
183, 68
183, 196
183, 4
183, 133
183, 5
183, 69
183, 197
183, 134
183, 6
183, 70
183, 198
183, 135
183, 7
183, 71
183, 199
183, 136
183, 8
183, 72
183, 200
183, 9
183, 137
183, 73
183, 10
183, 138
183, 74
183, 11
183, 139
183, 75
183, 12
183, 140
183, 76
183, 77
183, 13
183, 141
183, 78
183, 14
183, 142
183, 79
183, 15
183, 143
183, 80
183, 16
183, 144
183, 81
183, 17
183, 145
183, 82
183, 18
183, 146
183, 83
183, 147
183, 19
183, 84
183, 148
183, 20
183, 149
183, 85
183, 21
183, 150
183, 86
183, 22
183, 151
183, 23
183, 87
183, 152
183, 24
183, 88
183, 153
183, 25
183, 89
183, 154
183, 26
183, 90
183, 27
183, 155
183, 91
183, 28
183, 156
183, 92
183, 29
183, 157
183, 93
183, 30
183, 158
183, 94
183, 95
183, 31
183, 159
183, 96
183, 32
183, 160
183, 97
183, 33
183, 161
183, 98
183, 34
183, 162
183, 99
183, 35
183, 163
183, 100
183, 36
183, 164
183, 101
183, 165
183, 37
183, 102
183, 166
183, 38
183, 167
183, 103
183, 39
183, 168
183, 104
183, 40
183, 169
183, 41
183, 105
183, 170
183, 42
183, 106
183, 171
183, 43
183, 107
183, 172
183, 44
183, 108
183, 45
183, 173
183, 109
183, 46
183, 174
183, 110
183, 47
183, 175
183, 111
183, 48
183, 176
183, 112
183, 113
183, 49
183, 177
183, 114
183, 50
183, 178
183, 115
183, 51
183, 179
183, 116
183, 52
183, 180
183, 117
183, 53
183, 181
183, 118
183, 54
183, 182
183, 119
183, 183
183, 55
183, 120
183, 56
183, 184
183, 121
183, 57
183, 185
183, 122
183, 58
183, 186
183, 59
183, 187
183, 123
183, 60
183, 188
183, 124
183, 61
183, 189
183, 125
183, 62
183, 190
183, 126
183, 63
183, 191
183, 127
119, 128
119, 64
119, 192
119, 1
119, 129
119, 65
119, 193
119, 2
119, 130
119, 66
119, 194
119, 67
119, 195
119, 3
119, 131
119, 68
119, 196
119, 4
119, 132
119, 69
119, 197
119, 5
119, 133
119, 70
119, 198
119, 6
119, 134
119, 71
119, 199
119, 7
119, 135
119, 72
119, 200
119, 8
119, 136
119, 73
119, 137
119, 9
119, 74
119, 10
119, 138
119, 75
119, 11
119, 139
119, 76
119, 12
119, 140
119, 13
119, 141
119, 77
119, 14
119, 142
119, 78
119, 15
119, 143
119, 79
119, 16
119, 144
119, 80
119, 17
119, 145
119, 81
119, 18
119, 146
119, 82
119, 19
119, 147
119, 83
119, 20
119, 148
119, 84
119, 85
119, 21
119, 149
119, 86
119, 22
119, 150
119, 87
119, 23
119, 151
119, 88
119, 24
119, 152
119, 89
119, 25
119, 153
119, 90
119, 26
119, 154
119, 91
119, 155
119, 27
119, 92
119, 28
119, 156
119, 93
119, 29
119, 157
119, 94
119, 30
119, 158
119, 31
119, 159
119, 95
119, 32
119, 160
119, 96
119, 33
119, 161
119, 97
119, 34
119, 162
119, 98
119, 35
119, 163
119, 99
119, 36
119, 164
119, 100
119, 37
119, 165
119, 101
119, 38
119, 166
119, 102
119, 103
119, 39
119, 167
119, 104
119, 40
119, 168
119, 105
119, 41
119, 169
119, 106
119, 42
119, 170
119, 107
119, 43
119, 171
119, 108
119, 44
119, 172
119, 109
119, 173
119, 45
119, 110
119, 46
119, 174
119, 111
119, 47
119, 175
119, 112
119, 48
119, 176
119, 49
119, 177
119, 113
119, 50
119, 178
119, 114
119, 51
119, 179
119, 115
119, 52
119, 180
119, 116
119, 53
119, 181
119, 117
119, 54
119, 182
119, 118
119, 55
119, 183
119, 119
119, 56
119, 184
119, 120
119, 57
119, 185
119, 121
119, 58
119, 186
119, 122
119, 123
119, 59
119, 187
119, 124
119, 60
119, 188
119, 125
119, 61
119, 189
119, 126
119, 62
119, 190
119, 127
119, 191
119, 63
55, 64
55, 192
55, 128
55, 65
55, 193
55, 1
55, 129
55, 66
55, 194
55, 2
55, 130
55, 3
55, 131
55, 67
55, 195
55, 4
55, 132
55, 68
55, 196
55, 5
55, 133
55, 69
55, 197
55, 6
55, 134
55, 70
55, 198
55, 7
55, 135
55, 71
55, 199
55, 8
55, 136
55, 72
55, 200
55, 9
55, 137
55, 73
55, 10
55, 138
55, 74
55, 11
55, 139
55, 75
55, 12
55, 140
55, 76
55, 77
55, 13
55, 141
55, 78
55, 14
55, 142
55, 79
55, 15
55, 143
55, 80
55, 16
55, 144
55, 81
55, 17
55, 145
55, 82
55, 18
55, 146
55, 83
55, 19
55, 147
55, 84
55, 20
55, 148
55, 21
55, 149
55, 85
55, 22
55, 150
55, 86
55, 23
55, 151
55, 87
55, 24
55, 152
55, 88
55, 25
55, 153
55, 89
55, 26
55, 154
55, 90
55, 27
55, 155
55, 91
55, 28
55, 156
55, 92
55, 29
55, 157
55, 93
55, 30
55, 158
55, 94
55, 95
55, 31
55, 159
55, 96
55, 32
55, 160
55, 97
55, 33
55, 161
55, 98
55, 34
55, 162
55, 99
55, 35
55, 163
55, 100
55, 36
55, 164
55, 101
55, 37
55, 165
55, 102
55, 38
55, 166
55, 39
55, 167
55, 103
55, 40
55, 168
55, 104
55, 41
55, 169
55, 105
55, 42
55, 170
55, 106
55, 43
55, 171
55, 107
55, 44
55, 172
55, 108
55, 45
55, 173
55, 109
55, 46
55, 174
55, 110
55, 47
55, 175
55, 111
55, 48
55, 176
55, 112
55, 113
55, 49
55, 177
55, 114
55, 50
55, 178
55, 115
55, 51
55, 179
55, 116
55, 52
55, 180
55, 117
55, 53
55, 181
55, 118
55, 54
55, 182
55, 119
55, 55
55, 183
55, 120
55, 184
55, 56
55, 185
55, 121
55, 57
55, 186
55, 122
55, 58
55, 187
55, 59
55, 123
55, 188
55, 60
55, 124
55, 189
55, 61
55, 125
55, 190
55, 62
55, 126
55, 63
55, 191
55, 127
184, 64
184, 192
184, 128
184, 65
184, 193
184, 1
184, 129
184, 66
184, 194
184, 130
184, 2
184, 67
184, 195
184, 131
184, 3
184, 132
184, 68
184, 196
184, 4
184, 133
184, 69
184, 197
184, 5
184, 134
184, 6
184, 70
184, 198
184, 135
184, 7
184, 71
184, 199
184, 136
184, 8
184, 72
184, 200
184, 137
184, 9
184, 73
184, 10
184, 138
184, 74
184, 11
184, 139
184, 75
184, 12
184, 140
184, 76
184, 13
184, 141
184, 77
184, 78
184, 14
184, 142
184, 79
184, 15
184, 143
184, 80
184, 16
184, 144
184, 81
184, 17
184, 145
184, 82
184, 18
184, 146
184, 83
184, 19
184, 147
184, 84
184, 148
184, 20
184, 85
184, 149
184, 21
184, 150
184, 86
184, 22
184, 151
184, 87
184, 23
184, 152
184, 24
184, 88
184, 153
184, 25
184, 89
184, 154
184, 26
184, 90
184, 155
184, 27
184, 91
184, 28
184, 156
184, 92
184, 29
184, 157
184, 93
184, 30
184, 158
184, 94
184, 31
184, 159
184, 95
184, 96
184, 32
184, 160
184, 97
184, 33
184, 161
184, 98
184, 34
184, 162
184, 99
184, 35
184, 163
184, 100
184, 36
184, 164
184, 101
184, 37
184, 165
184, 102
184, 166
184, 38
184, 103
184, 167
184, 39
184, 168
184, 104
184, 40
184, 169
184, 105
184, 41
184, 170
184, 42
184, 106
184, 171
184, 43
184, 107
184, 172
184, 44
184, 108
184, 173
184, 45
184, 109
184, 46
184, 174
184, 110
184, 47
184, 175
184, 111
184, 48
184, 176
184, 112
184, 49
184, 177
184, 113
184, 114
184, 50
184, 178
184, 115
184, 51
184, 179
184, 116
184, 52
184, 180
184, 117
184, 53
184, 181
184, 118
184, 54
184, 182
184, 119
184, 55
184, 183
184, 120
184, 184
184, 56
184, 121
184, 57
184, 185
184, 122
184, 58
184, 186
184, 123
184, 59
184, 187
184, 60
184, 188
184, 124
184, 61
184, 189
184, 125
184, 62
184, 190
184, 126
184, 63
184, 191
184, 127
120, 128
120, 192
120, 64
120, 1
120, 129
120, 65
120, 193
120, 2
120, 130
120, 66
120, 194
120, 3
120, 131
120, 67
120, 195
120, 68
120, 196
120, 4
120, 132
120, 69
120, 197
120, 5
120, 133
120, 70
120, 198
120, 6
120, 134
120, 71
120, 199
120, 7
120, 135
120, 72
120, 200
120, 8
120, 136
120, 73
120, 9
120, 137
120, 74
120, 138
120, 10
120, 75
120, 11
120, 139
120, 76
120, 12
120, 140
120, 77
120, 13
120, 141
120, 14
120, 142
120, 78
120, 15
120, 143
120, 79
120, 16
120, 144
120, 80
120, 17
120, 145
120, 81
120, 18
120, 146
120, 82
120, 19
120, 147
120, 83
120, 20
120, 148
120, 84
120, 21
120, 149
120, 85
120, 86
120, 22
120, 150
120, 87
120, 23
120, 151
120, 88
120, 24
120, 152
120, 89
120, 25
120, 153
120, 90
120, 26
120, 154
120, 91
120, 27
120, 155
120, 92
120, 156
120, 28
120, 93
120, 29
120, 157
120, 94
120, 30
120, 158
120, 95
120, 31
120, 159
120, 32
120, 160
120, 96
120, 33
120, 161
120, 97
120, 34
120, 162
120, 98
120, 35
120, 163
120, 99
120, 36
120, 164
120, 100
120, 37
120, 165
120, 101
120, 38
120, 166
120, 102
120, 39
120, 167
120, 103
120, 104
120, 40
120, 168
120, 105
120, 41
120, 169
120, 106
120, 42
120, 170
120, 107
120, 43
120, 171
120, 108
120, 44
120, 172
120, 109
120, 45
120, 173
120, 110
120, 174
120, 46
120, 111
120, 47
120, 175
120, 112
120, 48
120, 176
120, 113
120, 49
120, 177
120, 50
120, 178
120, 114
120, 51
120, 179
120, 115
120, 52
120, 180
120, 116
120, 53
120, 181
120, 117
120, 54
120, 182
120, 118
120, 55
120, 183
120, 119
120, 56
120, 184
120, 120
120, 57
120, 185
120, 121
120, 58
120, 186
120, 122
120, 59
120, 187
120, 123
120, 124
120, 60
120, 188
120, 125
120, 61
120, 189
120, 126
120, 62
120, 190
120, 127
120, 63
120, 191
56, 64
56, 192
56, 128
56, 65
56, 193
56, 1
56, 129
56, 66
56, 194
56, 2
56, 130
56, 67
56, 195
56, 3
56, 131
56, 4
56, 132
56, 68
56, 196
56, 5
56, 133
56, 69
56, 197
56, 6
56, 134
56, 70
56, 198
56, 7
56, 135
56, 71
56, 199
56, 8
56, 136
56, 72
56, 200
56, 9
56, 137
56, 73
56, 10
56, 138
56, 74
56, 11
56, 139
56, 75
56, 12
56, 140
56, 76
56, 13
56, 141
56, 77
56, 78
56, 14
56, 142
56, 79
56, 15
56, 143
56, 80
56, 16
56, 144
56, 81
56, 17
56, 145
56, 82
56, 18
56, 146
56, 83
56, 19
56, 147
56, 84
56, 20
56, 148
56, 85
56, 21
56, 149
56, 22
56, 150
56, 86
56, 23
56, 151
56, 87
56, 24
56, 152
56, 88
56, 25
56, 153
56, 89
56, 26
56, 154
56, 90
56, 27
56, 155
56, 91
56, 28
56, 156
56, 92
56, 29
56, 157
56, 93
56, 30
56, 158
56, 94
56, 31
56, 159
56, 95
56, 96
56, 32
56, 160
56, 97
56, 33
56, 161
56, 98
56, 34
56, 162
56, 99
56, 35
56, 163
56, 100
56, 36
56, 164
56, 101
56, 37
56, 165
56, 102
56, 38
56, 166
56, 103
56, 39
56, 167
56, 40
56, 168
56, 104
56, 41
56, 169
56, 105
56, 42
56, 170
56, 106
56, 43
56, 171
56, 107
56, 44
56, 172
56, 108
56, 45
56, 173
56, 109
56, 46
56, 174
56, 110
56, 47
56, 175
56, 111
56, 48
56, 176
56, 112
56, 49
56, 177
56, 113
56, 114
56, 50
56, 178
56, 115
56, 51
56, 179
56, 116
56, 52
56, 180
56, 117
56, 53
56, 181
56, 118
56, 54
56, 182
56, 119
56, 55
56, 183
56, 120
56, 56
56, 184
56, 121
56, 185
56, 57
56, 186
56, 122
56, 58
56, 187
56, 123
56, 59
56, 188
56, 60
56, 124
56, 189
56, 61
56, 125
56, 190
56, 62
56, 126
56, 191
56, 63
56, 127
185, 64
185, 192
185, 128
185, 65
185, 193
185, 1
185, 129
185, 66
185, 194
185, 2
185, 130
185, 67
185, 195
185, 131
185, 3
185, 68
185, 196
185, 132
185, 4
185, 133
185, 69
185, 197
185, 5
185, 134
185, 70
185, 198
185, 6
185, 135
185, 7
185, 71
185, 199
185, 136
185, 8
185, 72
185, 200
185, 137
185, 9
185, 73
185, 138
185, 10
185, 74
185, 11
185, 139
185, 75
185, 12
185, 140
185, 76
185, 13
185, 141
185, 77
185, 14
185, 142
185, 78
185, 79
185, 15
185, 143
185, 80
185, 16
185, 144
185, 81
185, 17
185, 145
185, 82
185, 18
185, 146
185, 83
185, 19
185, 147
185, 84
185, 20
185, 148
185, 85
185, 149
185, 21
185, 86
185, 150
185, 22
185, 151
185, 87
185, 23
185, 152
185, 88
185, 24
185, 153
185, 25
185, 89
185, 154
185, 26
185, 90
185, 155
185, 27
185, 91
185, 156
185, 28
185, 92
185, 29
185, 157
185, 93
185, 30
185, 158
185, 94
185, 31
185, 159
185, 95
185, 32
185, 160
185, 96
185, 97
185, 33
185, 161
185, 98
185, 34
185, 162
185, 99
185, 35
185, 163
185, 100
185, 36
185, 164
185, 101
185, 37
185, 165
185, 102
185, 38
185, 166
185, 103
185, 167
185, 39
185, 104
185, 168
185, 40
185, 169
185, 105
185, 41
185, 170
185, 106
185, 42
185, 171
185, 43
185, 107
185, 172
185, 44
185, 108
185, 173
185, 45
185, 109
185, 174
185, 46
185, 110
185, 47
185, 175
185, 111
185, 48
185, 176
185, 112
185, 49
185, 177
185, 113
185, 50
185, 178
185, 114
185, 115
185, 51
185, 179
185, 116
185, 52
185, 180
185, 117
185, 53
185, 181
185, 118
185, 54
185, 182
185, 119
185, 55
185, 183
185, 120
185, 56
185, 184
185, 121
185, 185
185, 57
185, 122
185, 58
185, 186
185, 123
185, 59
185, 187
185, 124
185, 60
185, 188
185, 61
185, 189
185, 125
185, 62
185, 190
185, 126
185, 63
185, 191
185, 127
121, 128
121, 64
121, 192
121, 1
121, 129
121, 193
121, 65
121, 2
121, 130
121, 66
121, 194
121, 3
121, 131
121, 67
121, 195
121, 4
121, 132
121, 68
121, 196
121, 69
121, 197
121, 5
121, 133
121, 70
121, 198
121, 6
121, 134
121, 71
121, 199
121, 7
121, 135
121, 72
121, 200
121, 8
121, 136
121, 73
121, 9
121, 137
121, 74
121, 10
121, 138
121, 75
121, 139
121, 11
121, 76
121, 12
121, 140
121, 77
121, 13
121, 141
121, 78
121, 14
121, 142
121, 15
121, 143
121, 79
121, 16
121, 144
121, 80
121, 17
121, 145
121, 81
121, 18
121, 146
121, 82
121, 19
121, 147
121, 83
121, 20
121, 148
121, 84
121, 21
121, 149
121, 85
121, 22
121, 150
121, 86
121, 87
121, 23
121, 151
121, 88
121, 24
121, 152
121, 89
121, 25
121, 153
121, 90
121, 26
121, 154
121, 91
121, 27
121, 155
121, 92
121, 28
121, 156
121, 93
121, 157
121, 29
121, 94
121, 30
121, 158
121, 95
121, 31
121, 159
121, 96
121, 32
121, 160
121, 33
121, 161
121, 97
121, 34
121, 162
121, 98
121, 35
121, 163
121, 99
121, 36
121, 164
121, 100
121, 37
121, 165
121, 101
121, 38
121, 166
121, 102
121, 39
121, 167
121, 103
121, 40
121, 168
121, 104
121, 105
121, 41
121, 169
121, 106
121, 42
121, 170
121, 107
121, 43
121, 171
121, 108
121, 44
121, 172
121, 109
121, 45
121, 173
121, 110
121, 46
121, 174
121, 111
121, 175
121, 47
121, 112
121, 48
121, 176
121, 113
121, 49
121, 177
121, 114
121, 50
121, 178
121, 51
121, 179
121, 115
121, 52
121, 180
121, 116
121, 53
121, 181
121, 117
121, 54
121, 182
121, 118
121, 55
121, 183
121, 119
121, 56
121, 184
121, 120
121, 57
121, 185
121, 121
121, 58
121, 186
121, 122
121, 59
121, 187
121, 123
121, 60
121, 188
121, 124
121, 125
121, 61
121, 189
121, 126
121, 62
121, 190
121, 127
121, 63
121, 191
57, 192
57, 64
57, 128
57, 65
57, 193
57, 129
57, 1
57, 66
57, 194
57, 2
57, 130
57, 67
57, 195
57, 3
57, 131
57, 68
57, 196
57, 4
57, 132
57, 5
57, 133
57, 69
57, 197
57, 6
57, 134
57, 70
57, 198
57, 7
57, 135
57, 71
57, 199
57, 8
57, 136
57, 72
57, 200
57, 9
57, 137
57, 73
57, 10
57, 138
57, 74
57, 11
57, 139
57, 75
57, 12
57, 140
57, 76
57, 13
57, 141
57, 77
57, 14
57, 142
57, 78
57, 79
57, 15
57, 143
57, 80
57, 16
57, 144
57, 81
57, 17
57, 145
57, 82
57, 18
57, 146
57, 83
57, 19
57, 147
57, 84
57, 20
57, 148
57, 85
57, 21
57, 149
57, 86
57, 22
57, 150
57, 23
57, 151
57, 87
57, 24
57, 152
57, 88
57, 25
57, 153
57, 89
57, 26
57, 154
57, 90
57, 27
57, 155
57, 91
57, 28
57, 156
57, 92
57, 29
57, 157
57, 93
57, 30
57, 158
57, 94
57, 31
57, 159
57, 95
57, 32
57, 160
57, 96
57, 97
57, 33
57, 161
57, 98
57, 34
57, 162
57, 99
57, 35
57, 163
57, 100
57, 36
57, 164
57, 101
57, 37
57, 165
57, 102
57, 38
57, 166
57, 103
57, 39
57, 167
57, 104
57, 40
57, 168
57, 41
57, 169
57, 105
57, 42
57, 170
57, 106
57, 43
57, 171
57, 107
57, 44
57, 172
57, 108
57, 45
57, 173
57, 109
57, 46
57, 174
57, 110
57, 47
57, 175
57, 111
57, 48
57, 176
57, 112
57, 49
57, 177
57, 113
57, 50
57, 178
57, 114
57, 115
57, 51
57, 179
57, 116
57, 52
57, 180
57, 117
57, 53
57, 181
57, 118
57, 54
57, 182
57, 119
57, 55
57, 183
57, 120
57, 56
57, 184
57, 121
57, 57
57, 185
57, 122
57, 186
57, 58
57, 187
57, 123
57, 59
57, 188
57, 124
57, 60
57, 189
57, 61
57, 125
57, 190
57, 62
57, 126
57, 191
57, 63
57, 127
186, 64
186, 192
186, 128
186, 65
186, 193
186, 1
186, 129
186, 66
186, 194
186, 2
186, 130
186, 67
186, 195
186, 3
186, 131
186, 68
186, 196
186, 132
186, 4
186, 69
186, 197
186, 133
186, 5
186, 134
186, 70
186, 198
186, 6
186, 135
186, 71
186, 199
186, 7
186, 136
186, 8
186, 72
186, 200
186, 137
186, 9
186, 73
186, 138
186, 10
186, 74
186, 139
186, 11
186, 75
186, 12
186, 140
186, 76
186, 13
186, 141
186, 77
186, 14
186, 142
186, 78
186, 15
186, 143
186, 79
186, 80
186, 16
186, 144
186, 81
186, 17
186, 145
186, 82
186, 18
186, 146
186, 83
186, 19
186, 147
186, 84
186, 20
186, 148
186, 85
186, 21
186, 149
186, 86
186, 150
186, 22
186, 87
186, 151
186, 23
186, 152
186, 88
186, 24
186, 153
186, 89
186, 25
186, 154
186, 26
186, 90
186, 155
186, 27
186, 91
186, 156
186, 28
186, 92
186, 157
186, 29
186, 93
186, 30
186, 158
186, 94
186, 31
186, 159
186, 95
186, 32
186, 160
186, 96
186, 33
186, 161
186, 97
186, 98
186, 34
186, 162
186, 99
186, 35
186, 163
186, 100
186, 36
186, 164
186, 101
186, 37
186, 165
186, 102
186, 38
186, 166
186, 103
186, 39
186, 167
186, 104
186, 168
186, 40
186, 105
186, 169
186, 41
186, 170
186, 106
186, 42
186, 171
186, 107
186, 43
186, 172
186, 44
186, 108
186, 173
186, 45
186, 109
186, 174
186, 46
186, 110
186, 175
186, 47
186, 111
186, 48
186, 176
186, 112
186, 49
186, 177
186, 113
186, 50
186, 178
186, 114
186, 51
186, 179
186, 115
186, 116
186, 52
186, 180
186, 117
186, 53
186, 181
186, 118
186, 54
186, 182
186, 119
186, 55
186, 183
186, 120
186, 56
186, 184
186, 121
186, 57
186, 185
186, 122
186, 186
186, 58
186, 123
186, 59
186, 187
186, 124
186, 60
186, 188
186, 125
186, 61
186, 189
186, 62
186, 190
186, 126
186, 63
186, 191
186, 127
122, 128
122, 64
122, 192
122, 1
122, 129
122, 65
122, 193
122, 2
122, 130
122, 194
122, 66
122, 3
122, 131
122, 67
122, 195
122, 4
122, 132
122, 68
122, 196
122, 5
122, 133
122, 69
122, 197
122, 70
122, 198
122, 6
122, 134
122, 71
122, 199
122, 7
122, 135
122, 72
122, 200
122, 8
122, 136
122, 73
122, 9
122, 137
122, 74
122, 10
122, 138
122, 75
122, 11
122, 139
122, 76
122, 140
122, 12
122, 77
122, 13
122, 141
122, 78
122, 14
122, 142
122, 79
122, 15
122, 143
122, 16
122, 144
122, 80
122, 17
122, 145
122, 81
122, 18
122, 146
122, 82
122, 19
122, 147
122, 83
122, 20
122, 148
122, 84
122, 21
122, 149
122, 85
122, 22
122, 150
122, 86
122, 23
122, 151
122, 87
122, 88
122, 24
122, 152
122, 89
122, 25
122, 153
122, 90
122, 26
122, 154
122, 91
122, 27
122, 155
122, 92
122, 28
122, 156
122, 93
122, 29
122, 157
122, 94
122, 158
122, 30
122, 95
122, 31
122, 159
122, 96
122, 32
122, 160
122, 97
122, 33
122, 161
122, 34
122, 162
122, 98
122, 35
122, 163
122, 99
122, 36
122, 164
122, 100
122, 37
122, 165
122, 101
122, 38
122, 166
122, 102
122, 39
122, 167
122, 103
122, 40
122, 168
122, 104
122, 41
122, 169
122, 105
122, 106
122, 42
122, 170
122, 107
122, 43
122, 171
122, 108
122, 44
122, 172
122, 109
122, 45
122, 173
122, 110
122, 46
122, 174
122, 111
122, 47
122, 175
122, 112
122, 176
122, 48
122, 113
122, 49
122, 177
122, 114
122, 50
122, 178
122, 115
122, 51
122, 179
122, 52
122, 180
122, 116
122, 53
122, 181
122, 117
122, 54
122, 182
122, 118
122, 55
122, 183
122, 119
122, 56
122, 184
122, 120
122, 57
122, 185
122, 121
122, 58
122, 186
122, 122
122, 59
122, 187
122, 123
122, 60
122, 188
122, 124
122, 61
122, 189
122, 125
122, 126
122, 62
122, 190
122, 127
122, 63
122, 191
58, 192
58, 64
58, 128
58, 193
58, 65
58, 1
58, 129
58, 66
58, 194
58, 130
58, 2
58, 67
58, 195
58, 3
58, 131
58, 68
58, 196
58, 4
58, 132
58, 69
58, 197
58, 5
58, 133
58, 6
58, 134
58, 70
58, 198
58, 7
58, 135
58, 71
58, 199
58, 8
58, 136
58, 72
58, 200
58, 9
58, 137
58, 73
58, 10
58, 138
58, 74
58, 11
58, 139
58, 75
58, 12
58, 140
58, 76
58, 13
58, 141
58, 77
58, 14
58, 142
58, 78
58, 15
58, 143
58, 79
58, 80
58, 16
58, 144
58, 81
58, 17
58, 145
58, 82
58, 18
58, 146
58, 83
58, 19
58, 147
58, 84
58, 20
58, 148
58, 85
58, 21
58, 149
58, 86
58, 22
58, 150
58, 87
58, 23
58, 151
58, 24
58, 152
58, 88
58, 25
58, 153
58, 89
58, 26
58, 154
58, 90
58, 27
58, 155
58, 91
58, 28
58, 156
58, 92
58, 29
58, 157
58, 93
58, 30
58, 158
58, 94
58, 31
58, 159
58, 95
58, 32
58, 160
58, 96
58, 33
58, 161
58, 97
58, 98
58, 34
58, 162
58, 99
58, 35
58, 163
58, 100
58, 36
58, 164
58, 101
58, 37
58, 165
58, 102
58, 38
58, 166
58, 103
58, 39
58, 167
58, 104
58, 40
58, 168
58, 105
58, 41
58, 169
58, 42
58, 170
58, 106
58, 43
58, 171
58, 107
58, 44
58, 172
58, 108
58, 45
58, 173
58, 109
58, 46
58, 174
58, 110
58, 47
58, 175
58, 111
58, 48
58, 176
58, 112
58, 49
58, 177
58, 113
58, 50
58, 178
58, 114
58, 51
58, 179
58, 115
58, 116
58, 52
58, 180
58, 117
58, 53
58, 181
58, 118
58, 54
58, 182
58, 119
58, 55
58, 183
58, 120
58, 56
58, 184
58, 121
58, 57
58, 185
58, 122
58, 58
58, 186
58, 123
58, 187
58, 59
58, 188
58, 124
58, 60
58, 189
58, 125
58, 61
58, 190
58, 62
58, 126
58, 191
58, 63
58, 127
187, 64
187, 192
187, 128
187, 65
187, 193
187, 1
187, 129
187, 66
187, 194
187, 2
187, 130
187, 67
187, 195
187, 3
187, 131
187, 68
187, 196
187, 4
187, 132
187, 69
187, 197
187, 133
187, 5
187, 70
187, 198
187, 134
187, 6
187, 135
187, 71
187, 199
187, 7
187, 136
187, 72
187, 200
187, 8
187, 137
187, 9
187, 73
187, 138
187, 10
187, 74
187, 139
187, 11
187, 75
187, 140
187, 12
187, 76
187, 13
187, 141
187, 77
187, 14
187, 142
187, 78
187, 15
187, 143
187, 79
187, 16
187, 144
187, 80
187, 81
187, 17
187, 145
187, 82
187, 18
187, 146
187, 83
187, 19
187, 147
187, 84
187, 20
187, 148
187, 85
187, 21
187, 149
187, 86
187, 22
187, 150
187, 87
187, 151
187, 23
187, 88
187, 152
187, 24
187, 153
187, 89
187, 25
187, 154
187, 90
187, 26
187, 155
187, 27
187, 91
187, 156
187, 28
187, 92
187, 157
187, 29
187, 93
187, 158
187, 30
187, 94
187, 31
187, 159
187, 95
187, 32
187, 160
187, 96
187, 33
187, 161
187, 97
187, 34
187, 162
187, 98
187, 99
187, 35
187, 163
187, 100
187, 36
187, 164
187, 101
187, 37
187, 165
187, 102
187, 38
187, 166
187, 103
187, 39
187, 167
187, 104
187, 40
187, 168
187, 105
187, 169
187, 41
187, 106
187, 170
187, 42
187, 171
187, 107
187, 43
187, 172
187, 108
187, 44
187, 173
187, 45
187, 109
187, 174
187, 46
187, 110
187, 175
187, 47
187, 111
187, 176
187, 48
187, 112
187, 49
187, 177
187, 113
187, 50
187, 178
187, 114
187, 51
187, 179
187, 115
187, 52
187, 180
187, 116
187, 117
187, 53
187, 181
187, 118
187, 54
187, 182
187, 119
187, 55
187, 183
187, 120
187, 56
187, 184
187, 121
187, 57
187, 185
187, 122
187, 58
187, 186
187, 123
187, 187
187, 59
187, 124
187, 60
187, 188
187, 125
187, 61
187, 189
187, 126
187, 62
187, 190
187, 63
187, 191
187, 127
123, 128
123, 64
123, 192
123, 1
123, 129
123, 65
123, 193
123, 2
123, 130
123, 66
123, 194
123, 3
123, 131
123, 195
123, 67
123, 4
123, 132
123, 68
123, 196
123, 5
123, 133
123, 69
123, 197
123, 6
123, 134
123, 70
123, 198
123, 71
123, 199
123, 7
123, 135
123, 72
123, 200
123, 8
123, 136
123, 73
123, 9
123, 137
123, 74
123, 10
123, 138
123, 75
123, 11
123, 139
123, 76
123, 12
123, 140
123, 77
123, 141
123, 13
123, 78
123, 14
123, 142
123, 79
123, 15
123, 143
123, 80
123, 16
123, 144
123, 17
123, 145
123, 81
123, 18
123, 146
123, 82
123, 19
123, 147
123, 83
123, 20
123, 148
123, 84
123, 21
123, 149
123, 85
123, 22
123, 150
123, 86
123, 23
123, 151
123, 87
123, 24
123, 152
123, 88
123, 89
123, 25
123, 153
123, 90
123, 26
123, 154
123, 91
123, 27
123, 155
123, 92
123, 28
123, 156
123, 93
123, 29
123, 157
123, 94
123, 30
123, 158
123, 95
123, 159
123, 31
123, 96
123, 32
123, 160
123, 97
123, 33
123, 161
123, 98
123, 34
123, 162
123, 35
123, 163
123, 99
123, 36
123, 164
123, 100
123, 37
123, 165
123, 101
123, 38
123, 166
123, 102
123, 39
123, 167
123, 103
123, 40
123, 168
123, 104
123, 41
123, 169
123, 105
123, 42
123, 170
123, 106
123, 107
123, 43
123, 171
123, 108
123, 44
123, 172
123, 109
123, 45
123, 173
123, 110
123, 46
123, 174
123, 111
123, 47
123, 175
123, 112
123, 48
123, 176
123, 113
123, 177
123, 49
123, 114
123, 50
123, 178
123, 115
123, 51
123, 179
123, 116
123, 52
123, 180
123, 53
123, 181
123, 117
123, 54
123, 182
123, 118
123, 55
123, 183
123, 119
123, 56
123, 184
123, 120
123, 57
123, 185
123, 121
123, 58
123, 186
123, 122
123, 59
123, 187
123, 123
123, 60
123, 188
123, 124
123, 61
123, 189
123, 125
123, 62
123, 190
123, 126
123, 127
123, 63
123, 191
59, 192
59, 64
59, 128
59, 193
59, 65
59, 1
59, 129
59, 194
59, 66
59, 2
59, 130
59, 67
59, 195
59, 131
59, 3
59, 68
59, 196
59, 4
59, 132
59, 69
59, 197
59, 5
59, 133
59, 70
59, 198
59, 6
59, 134
59, 7
59, 135
59, 71
59, 199
59, 8
59, 136
59, 72
59, 200
59, 9
59, 137
59, 73
59, 10
59, 138
59, 74
59, 11
59, 139
59, 75
59, 12
59, 140
59, 76
59, 13
59, 141
59, 77
59, 14
59, 142
59, 78
59, 15
59, 143
59, 79
59, 16
59, 144
59, 80
59, 81
59, 17
59, 145
59, 82
59, 18
59, 146
59, 83
59, 19
59, 147
59, 84
59, 20
59, 148
59, 85
59, 21
59, 149
59, 86
59, 22
59, 150
59, 87
59, 23
59, 151
59, 88
59, 24
59, 152
59, 25
59, 153
59, 89
59, 26
59, 154
59, 90
59, 27
59, 155
59, 91
59, 28
59, 156
59, 92
59, 29
59, 157
59, 93
59, 30
59, 158
59, 94
59, 31
59, 159
59, 95
59, 32
59, 160
59, 96
59, 33
59, 161
59, 97
59, 34
59, 162
59, 98
59, 99
59, 35
59, 163
59, 100
59, 36
59, 164
59, 101
59, 37
59, 165
59, 102
59, 38
59, 166
59, 103
59, 39
59, 167
59, 104
59, 40
59, 168
59, 105
59, 41
59, 169
59, 106
59, 42
59, 170
59, 43
59, 171
59, 107
59, 44
59, 172
59, 108
59, 45
59, 173
59, 109
59, 46
59, 174
59, 110
59, 47
59, 175
59, 111
59, 48
59, 176
59, 112
59, 49
59, 177
59, 113
59, 50
59, 178
59, 114
59, 51
59, 179
59, 115
59, 52
59, 180
59, 116
59, 117
59, 53
59, 181
59, 118
59, 54
59, 182
59, 119
59, 55
59, 183
59, 120
59, 56
59, 184
59, 121
59, 57
59, 185
59, 122
59, 58
59, 186
59, 123
59, 59
59, 187
59, 124
59, 188
59, 60
59, 189
59, 125
59, 61
59, 190
59, 126
59, 62
59, 191
59, 63
59, 127
188, 64
188, 192
188, 128
188, 65
188, 1
188, 193
188, 129
188, 66
188, 194
188, 2
188, 130
188, 67
188, 195
188, 3
188, 131
188, 68
188, 196
188, 4
188, 132
188, 69
188, 197
188, 5
188, 133
188, 70
188, 198
188, 134
188, 6
188, 71
188, 199
188, 135
188, 7
188, 136
188, 72
188, 200
188, 8
188, 137
188, 73
188, 9
188, 138
188, 10
188, 74
188, 139
188, 11
188, 75
188, 140
188, 12
188, 76
188, 141
188, 13
188, 77
188, 14
188, 142
188, 78
188, 15
188, 143
188, 79
188, 16
188, 144
188, 80
188, 17
188, 145
188, 81
188, 82
188, 18
188, 146
188, 83
188, 19
188, 147
188, 84
188, 20
188, 148
188, 85
188, 21
188, 149
188, 86
188, 22
188, 150
188, 87
188, 23
188, 151
188, 88
188, 152
188, 24
188, 89
188, 153
188, 25
188, 154
188, 90
188, 26
188, 155
188, 91
188, 27
188, 156
188, 28
188, 92
188, 157
188, 29
188, 93
188, 158
188, 30
188, 94
188, 159
188, 31
188, 95
188, 32
188, 160
188, 96
188, 33
188, 161
188, 97
188, 34
188, 162
188, 98
188, 35
188, 163
188, 99
188, 100
188, 36
188, 164
188, 101
188, 37
188, 165
188, 102
188, 38
188, 166
188, 103
188, 39
188, 167
188, 104
188, 40
188, 168
188, 105
188, 41
188, 169
188, 106
188, 170
188, 42
188, 107
188, 171
188, 43
188, 172
188, 108
188, 44
188, 173
188, 109
188, 45
188, 174
188, 46
188, 110
188, 175
188, 47
188, 111
188, 176
188, 48
188, 112
188, 177
188, 49
188, 113
188, 50
188, 178
188, 114
188, 51
188, 179
188, 115
188, 52
188, 180
188, 116
188, 53
188, 181
188, 117
188, 118
188, 54
188, 182
188, 119
188, 55
188, 183
188, 120
188, 56
188, 184
188, 121
188, 57
188, 185
188, 122
188, 58
188, 186
188, 123
188, 59
188, 187
188, 124
188, 188
188, 60
188, 125
188, 61
188, 189
188, 126
188, 62
188, 190
188, 127
188, 63
188, 191
124, 128
124, 64
124, 192
124, 1
124, 129
124, 65
124, 193
124, 2
124, 130
124, 66
124, 194
124, 3
124, 131
124, 67
124, 195
124, 4
124, 132
124, 196
124, 68
124, 5
124, 133
124, 69
124, 197
124, 6
124, 134
124, 70
124, 198
124, 7
124, 135
124, 71
124, 199
124, 72
124, 200
124, 8
124, 136
124, 73
124, 9
124, 137
124, 74
124, 10
124, 138
124, 75
124, 11
124, 139
124, 76
124, 12
124, 140
124, 77
124, 13
124, 141
124, 78
124, 142
124, 14
124, 79
124, 15
124, 143
124, 80
124, 16
124, 144
124, 81
124, 17
124, 145
124, 18
124, 146
124, 82
124, 19
124, 147
124, 83
124, 20
124, 148
124, 84
124, 21
124, 149
124, 85
124, 22
124, 150
124, 86
124, 23
124, 151
124, 87
124, 24
124, 152
124, 88
124, 25
124, 153
124, 89
124, 90
124, 26
124, 154
124, 91
124, 27
124, 155
124, 92
124, 28
124, 156
124, 93
124, 29
124, 157
124, 94
124, 30
124, 158
124, 95
124, 31
124, 159
124, 96
124, 160
124, 32
124, 97
124, 33
124, 161
124, 98
124, 34
124, 162
124, 99
124, 35
124, 163
124, 36
124, 164
124, 100
124, 37
124, 165
124, 101
124, 38
124, 166
124, 102
124, 39
124, 167
124, 103
124, 40
124, 168
124, 104
124, 41
124, 169
124, 105
124, 42
124, 170
124, 106
124, 43
124, 171
124, 107
124, 108
124, 44
124, 172
124, 109
124, 45
124, 173
124, 110
124, 46
124, 174
124, 111
124, 47
124, 175
124, 112
124, 48
124, 176
124, 113
124, 49
124, 177
124, 114
124, 178
124, 50
124, 115
124, 51
124, 179
124, 116
124, 52
124, 180
124, 117
124, 53
124, 181
124, 54
124, 182
124, 118
124, 55
124, 183
124, 119
124, 56
124, 184
124, 120
124, 57
124, 185
124, 121
124, 58
124, 186
124, 122
124, 59
124, 187
124, 123
124, 60
124, 188
124, 124
124, 61
124, 189
124, 125
124, 62
124, 190
124, 126
124, 63
124, 191
124, 127
60, 192
60, 64
60, 128
60, 193
60, 65
60, 1
60, 129
60, 194
60, 66
60, 2
60, 130
60, 195
60, 67
60, 3
60, 131
60, 68
60, 196
60, 132
60, 4
60, 69
60, 197
60, 5
60, 133
60, 70
60, 198
60, 6
60, 134
60, 71
60, 199
60, 7
60, 135
60, 8
60, 136
60, 72
60, 200
60, 9
60, 137
60, 73
60, 10
60, 138
60, 74
60, 11
60, 139
60, 75
60, 12
60, 140
60, 76
60, 13
60, 141
60, 77
60, 14
60, 142
60, 78
60, 15
60, 143
60, 79
60, 16
60, 144
60, 80
60, 17
60, 145
60, 81
60, 82
60, 18
60, 146
60, 83
60, 19
60, 147
60, 84
60, 20
60, 148
60, 85
60, 21
60, 149
60, 86
60, 22
60, 150
60, 87
60, 23
60, 151
60, 88
60, 24
60, 152
60, 89
60, 25
60, 153
60, 26
60, 154
60, 90
60, 27
60, 155
60, 91
60, 28
60, 156
60, 92
60, 29
60, 157
60, 93
60, 30
60, 158
60, 94
60, 31
60, 159
60, 95
60, 32
60, 160
60, 96
60, 33
60, 161
60, 97
60, 34
60, 162
60, 98
60, 35
60, 163
60, 99
60, 100
60, 36
60, 164
60, 101
60, 37
60, 165
60, 102
60, 38
60, 166
60, 103
60, 39
60, 167
60, 104
60, 40
60, 168
60, 105
60, 41
60, 169
60, 106
60, 42
60, 170
60, 107
60, 43
60, 171
60, 44
60, 172
60, 108
60, 45
60, 173
60, 109
60, 46
60, 174
60, 110
60, 47
60, 175
60, 111
60, 48
60, 176
60, 112
60, 49
60, 177
60, 113
60, 50
60, 178
60, 114
60, 51
60, 179
60, 115
60, 52
60, 180
60, 116
60, 53
60, 181
60, 117
60, 118
60, 54
60, 182
60, 119
60, 55
60, 183
60, 120
60, 56
60, 184
60, 121
60, 57
60, 185
60, 122
60, 58
60, 186
60, 123
60, 59
60, 187
60, 124
60, 60
60, 188
60, 125
60, 189
60, 61
60, 190
60, 126
60, 62
60, 191
60, 127
60, 63
189, 128
189, 64
189, 192
189, 65
189, 1
189, 193
189, 129
189, 66
189, 2
189, 194
189, 130
189, 67
189, 195
189, 3
189, 131
189, 68
189, 196
189, 4
189, 132
189, 69
189, 197
189, 5
189, 133
189, 70
189, 198
189, 6
189, 134
189, 71
189, 199
189, 135
189, 7
189, 72
189, 200
189, 136
189, 8
189, 137
189, 73
189, 9
189, 138
189, 74
189, 10
189, 139
189, 11
189, 75
189, 140
189, 12
189, 76
189, 141
189, 13
189, 77
189, 142
189, 14
189, 78
189, 15
189, 143
189, 79
189, 16
189, 144
189, 80
189, 17
189, 145
189, 81
189, 18
189, 146
189, 82
189, 83
189, 19
189, 147
189, 84
189, 20
189, 148
189, 85
189, 21
189, 149
189, 86
189, 22
189, 150
189, 87
189, 23
189, 151
189, 88
189, 24
189, 152
189, 89
189, 153
189, 25
189, 90
189, 154
189, 26
189, 155
189, 91
189, 27
189, 156
189, 92
189, 28
189, 157
189, 29
189, 93
189, 158
189, 30
189, 94
189, 159
189, 31
189, 95
189, 160
189, 32
189, 96
189, 33
189, 161
189, 97
189, 34
189, 162
189, 98
189, 35
189, 163
189, 99
189, 36
189, 164
189, 100
189, 101
189, 37
189, 165
189, 102
189, 38
189, 166
189, 103
189, 39
189, 167
189, 104
189, 40
189, 168
189, 105
189, 41
189, 169
189, 106
189, 42
189, 170
189, 107
189, 171
189, 43
189, 108
189, 172
189, 44
189, 173
189, 109
189, 45
189, 174
189, 110
189, 46
189, 175
189, 47
189, 111
189, 176
189, 48
189, 112
189, 177
189, 49
189, 113
189, 178
189, 50
189, 114
189, 51
189, 179
189, 115
189, 52
189, 180
189, 116
189, 53
189, 181
189, 117
189, 54
189, 182
189, 118
189, 119
189, 55
189, 183
189, 120
189, 56
189, 184
189, 121
189, 57
189, 185
189, 122
189, 58
189, 186
189, 123
189, 59
189, 187
189, 124
189, 60
189, 188
189, 125
189, 189
189, 61
189, 126
189, 62
189, 190
189, 127
189, 63
189, 191
125, 64
125, 192
125, 128
125, 1
125, 129
125, 65
125, 193
125, 2
125, 130
125, 66
125, 194
125, 3
125, 131
125, 67
125, 195
125, 4
125, 132
125, 68
125, 196
125, 5
125, 133
125, 197
125, 69
125, 6
125, 134
125, 70
125, 198
125, 7
125, 135
125, 71
125, 199
125, 8
125, 136
125, 72
125, 200
125, 73
125, 9
125, 137
125, 74
125, 10
125, 138
125, 75
125, 11
125, 139
125, 76
125, 12
125, 140
125, 77
125, 13
125, 141
125, 78
125, 14
125, 142
125, 79
125, 143
125, 15
125, 80
125, 16
125, 144
125, 81
125, 17
125, 145
125, 82
125, 18
125, 146
125, 19
125, 147
125, 83
125, 20
125, 148
125, 84
125, 21
125, 149
125, 85
125, 22
125, 150
125, 86
125, 23
125, 151
125, 87
125, 24
125, 152
125, 88
125, 25
125, 153
125, 89
125, 26
125, 154
125, 90
125, 91
125, 27
125, 155
125, 92
125, 28
125, 156
125, 93
125, 29
125, 157
125, 94
125, 30
125, 158
125, 95
125, 31
125, 159
125, 96
125, 32
125, 160
125, 97
125, 161
125, 33
125, 98
125, 34
125, 162
125, 99
125, 35
125, 163
125, 100
125, 36
125, 164
125, 37
125, 165
125, 101
125, 38
125, 166
125, 102
125, 39
125, 167
125, 103
125, 40
125, 168
125, 104
125, 41
125, 169
125, 105
125, 42
125, 170
125, 106
125, 43
125, 171
125, 107
125, 44
125, 172
125, 108
125, 109
125, 45
125, 173
125, 110
125, 46
125, 174
125, 111
125, 47
125, 175
125, 112
125, 48
125, 176
125, 113
125, 49
125, 177
125, 114
125, 50
125, 178
125, 115
125, 179
125, 51
125, 116
125, 52
125, 180
125, 117
125, 53
125, 181
125, 118
125, 54
125, 182
125, 55
125, 183
125, 119
125, 56
125, 184
125, 120
125, 57
125, 185
125, 121
125, 58
125, 186
125, 122
125, 59
125, 187
125, 123
125, 60
125, 188
125, 124
125, 61
125, 189
125, 125
125, 62
125, 190
125, 126
125, 63
125, 191
125, 127
61, 192
61, 128
61, 64
61, 193
61, 65
61, 1
61, 129
61, 194
61, 66
61, 2
61, 130
61, 195
61, 67
61, 3
61, 131
61, 196
61, 68
61, 4
61, 132
61, 69
61, 197
61, 133
61, 5
61, 70
61, 198
61, 6
61, 134
61, 71
61, 199
61, 7
61, 135
61, 72
61, 200
61, 8
61, 136
61, 9
61, 137
61, 73
61, 10
61, 138
61, 74
61, 11
61, 139
61, 75
61, 12
61, 140
61, 76
61, 13
61, 141
61, 77
61, 14
61, 142
61, 78
61, 15
61, 143
61, 79
61, 16
61, 144
61, 80
61, 17
61, 145
61, 81
61, 18
61, 146
61, 82
61, 83
61, 19
61, 147
61, 84
61, 20
61, 148
61, 85
61, 21
61, 149
61, 86
61, 22
61, 150
61, 87
61, 23
61, 151
61, 88
61, 24
61, 152
61, 89
61, 25
61, 153
61, 90
61, 26
61, 154
61, 27
61, 155
61, 91
61, 28
61, 156
61, 92
61, 29
61, 157
61, 93
61, 30
61, 158
61, 94
61, 31
61, 159
61, 95
61, 32
61, 160
61, 96
61, 33
61, 161
61, 97
61, 34
61, 162
61, 98
61, 35
61, 163
61, 99
61, 36
61, 164
61, 100
61, 101
61, 37
61, 165
61, 102
61, 38
61, 166
61, 103
61, 39
61, 167
61, 104
61, 40
61, 168
61, 105
61, 41
61, 169
61, 106
61, 42
61, 170
61, 107
61, 43
61, 171
61, 108
61, 44
61, 172
61, 45
61, 173
61, 109
61, 46
61, 174
61, 110
61, 47
61, 175
61, 111
61, 48
61, 176
61, 112
61, 49
61, 177
61, 113
61, 50
61, 178
61, 114
61, 51
61, 179
61, 115
61, 52
61, 180
61, 116
61, 53
61, 181
61, 117
61, 54
61, 182
61, 118
61, 119
61, 55
61, 183
61, 120
61, 56
61, 184
61, 121
61, 57
61, 185
61, 122
61, 58
61, 186
61, 123
61, 59
61, 187
61, 124
61, 60
61, 188
61, 125
61, 61
61, 189
61, 126
61, 190
61, 62
61, 191
61, 127
61, 63
190, 128
190, 64
190, 192
190, 1
190, 129
190, 65
190, 193
190, 66
190, 2
190, 194
190, 130
190, 67
190, 3
190, 195
190, 131
190, 68
190, 196
190, 4
190, 132
190, 69
190, 197
190, 5
190, 133
190, 70
190, 198
190, 6
190, 134
190, 71
190, 199
190, 7
190, 135
190, 72
190, 200
190, 136
190, 8
190, 73
190, 137
190, 9
190, 138
190, 74
190, 10
190, 139
190, 75
190, 11
190, 140
190, 12
190, 76
190, 141
190, 13
190, 77
190, 142
190, 14
190, 78
190, 143
190, 15
190, 79
190, 16
190, 144
190, 80
190, 17
190, 145
190, 81
190, 18
190, 146
190, 82
190, 19
190, 147
190, 83
190, 84
190, 20
190, 148
190, 85
190, 21
190, 149
190, 86
190, 22
190, 150
190, 87
190, 23
190, 151
190, 88
190, 24
190, 152
190, 89
190, 25
190, 153
190, 90
190, 154
190, 26
190, 91
190, 155
190, 27
190, 156
190, 92
190, 28
190, 157
190, 93
190, 29
190, 158
190, 30
190, 94
190, 159
190, 31
190, 95
190, 160
190, 32
190, 96
190, 161
190, 33
190, 97
190, 34
190, 162
190, 98
190, 35
190, 163
190, 99
190, 36
190, 164
190, 100
190, 37
190, 165
190, 101
190, 102
190, 38
190, 166
190, 103
190, 39
190, 167
190, 104
190, 40
190, 168
190, 105
190, 41
190, 169
190, 106
190, 42
190, 170
190, 107
190, 43
190, 171
190, 108
190, 172
190, 44
190, 109
190, 173
190, 45
190, 174
190, 110
190, 46
190, 175
190, 111
190, 47
190, 176
190, 48
190, 112
190, 177
190, 49
190, 113
190, 178
190, 50
190, 114
190, 179
190, 51
190, 115
190, 52
190, 180
190, 116
190, 53
190, 181
190, 117
190, 54
190, 182
190, 118
190, 55
190, 183
190, 119
190, 120
190, 56
190, 184
190, 121
190, 57
190, 185
190, 122
190, 58
190, 186
190, 123
190, 59
190, 187
190, 124
190, 60
190, 188
190, 125
190, 61
190, 189
190, 126
190, 190
190, 62
190, 127
190, 63
190, 191
126, 64
126, 192
126, 128
126, 65
126, 193
126, 1
126, 129
126, 2
126, 130
126, 66
126, 194
126, 3
126, 131
126, 67
126, 195
126, 4
126, 132
126, 68
126, 196
126, 5
126, 133
126, 69
126, 197
126, 6
126, 134
126, 198
126, 70
126, 7
126, 135
126, 71
126, 199
126, 8
126, 136
126, 72
126, 200
126, 9
126, 137
126, 73
126, 74
126, 10
126, 138
126, 75
126, 11
126, 139
126, 76
126, 12
126, 140
126, 77
126, 13
126, 141
126, 78
126, 14
126, 142
126, 79
126, 15
126, 143
126, 80
126, 144
126, 16
126, 81
126, 17
126, 145
126, 82
126, 18
126, 146
126, 83
126, 19
126, 147
126, 20
126, 148
126, 84
126, 21
126, 149
126, 85
126, 22
126, 150
126, 86
126, 23
126, 151
126, 87
126, 24
126, 152
126, 88
126, 25
126, 153
126, 89
126, 26
126, 154
126, 90
126, 27
126, 155
126, 91
126, 92
126, 28
126, 156
126, 93
126, 29
126, 157
126, 94
126, 30
126, 158
126, 95
126, 31
126, 159
126, 96
126, 32
126, 160
126, 97
126, 33
126, 161
126, 98
126, 162
126, 34
126, 99
126, 35
126, 163
126, 100
126, 36
126, 164
126, 101
126, 37
126, 165
126, 38
126, 166
126, 102
126, 39
126, 167
126, 103
126, 40
126, 168
126, 104
126, 41
126, 169
126, 105
126, 42
126, 170
126, 106
126, 43
126, 171
126, 107
126, 44
126, 172
126, 108
126, 45
126, 173
126, 109
126, 110
126, 46
126, 174
126, 111
126, 47
126, 175
126, 112
126, 48
126, 176
126, 113
126, 49
126, 177
126, 114
126, 50
126, 178
126, 115
126, 51
126, 179
126, 116
126, 180
126, 52
126, 117
126, 53
126, 181
126, 118
126, 54
126, 182
126, 119
126, 55
126, 183
126, 56
126, 184
126, 120
126, 57
126, 185
126, 121
126, 58
126, 186
126, 122
126, 59
126, 187
126, 123
126, 60
126, 188
126, 124
126, 61
126, 189
126, 125
126, 62
126, 190
126, 126
126, 63
126, 191
126, 127
62, 192
62, 128
62, 64
62, 1
62, 193
62, 129
62, 65
62, 194
62, 66
62, 2
62, 130
62, 195
62, 67
62, 3
62, 131
62, 196
62, 68
62, 4
62, 132
62, 197
62, 69
62, 5
62, 133
62, 70
62, 198
62, 134
62, 6
62, 71
62, 199
62, 7
62, 135
62, 72
62, 200
62, 8
62, 136
62, 73
62, 9
62, 137
62, 10
62, 138
62, 74
62, 11
62, 139
62, 75
62, 12
62, 140
62, 76
62, 13
62, 141
62, 77
62, 14
62, 142
62, 78
62, 15
62, 143
62, 79
62, 16
62, 144
62, 80
62, 17
62, 145
62, 81
62, 18
62, 146
62, 82
62, 19
62, 147
62, 83
62, 84
62, 20
62, 148
62, 85
62, 21
62, 149
62, 86
62, 22
62, 150
62, 87
62, 23
62, 151
62, 88
62, 24
62, 152
62, 89
62, 25
62, 153
62, 90
62, 26
62, 154
62, 91
62, 27
62, 155
62, 28
62, 156
62, 92
62, 29
62, 157
62, 93
62, 30
62, 158
62, 94
62, 31
62, 159
62, 95
62, 32
62, 160
62, 96
62, 33
62, 161
62, 97
62, 34
62, 162
62, 98
62, 35
62, 163
62, 99
62, 36
62, 164
62, 100
62, 37
62, 165
62, 101
62, 102
62, 38
62, 166
62, 103
62, 39
62, 167
62, 104
62, 40
62, 168
62, 105
62, 41
62, 169
62, 106
62, 42
62, 170
62, 107
62, 43
62, 171
62, 108
62, 44
62, 172
62, 109
62, 45
62, 173
62, 46
62, 174
62, 110
62, 47
62, 175
62, 111
62, 48
62, 176
62, 112
62, 49
62, 177
62, 113
62, 50
62, 178
62, 114
62, 51
62, 179
62, 115
62, 52
62, 180
62, 116
62, 53
62, 181
62, 117
62, 54
62, 182
62, 118
62, 55
62, 183
62, 119
62, 120
62, 56
62, 184
62, 121
62, 57
62, 185
62, 122
62, 58
62, 186
62, 123
62, 59
62, 187
62, 124
62, 60
62, 188
62, 125
62, 61
62, 189
62, 126
62, 62
62, 190
62, 127
62, 191
62, 63
191, 128
191, 64
191, 192
191, 1
191, 129
191, 65
191, 193
191, 2
191, 130
191, 66
191, 194
191, 67
191, 3
191, 195
191, 131
191, 68
191, 4
191, 196
191, 132
191, 69
191, 197
191, 5
191, 133
191, 70
191, 198
191, 6
191, 134
191, 71
191, 199
191, 7
191, 135
191, 72
191, 200
191, 8
191, 136
191, 73
191, 137
191, 9
191, 74
191, 138
191, 10
191, 139
191, 75
191, 11
191, 140
191, 76
191, 12
191, 141
191, 13
191, 77
191, 142
191, 14
191, 78
191, 143
191, 15
191, 79
191, 144
191, 16
191, 80
191, 17
191, 145
191, 81
191, 18
191, 146
191, 82
191, 19
191, 147
191, 83
191, 20
191, 148
191, 84
191, 85
191, 21
191, 149
191, 86
191, 22
191, 150
191, 87
191, 23
191, 151
191, 88
191, 24
191, 152
191, 89
191, 25
191, 153
191, 90
191, 26
191, 154
191, 91
191, 155
191, 27
191, 92
191, 156
191, 28
191, 157
191, 93
191, 29
191, 158
191, 94
191, 30
191, 159
191, 31
191, 95
191, 160
191, 32
191, 96
191, 161
191, 33
191, 97
191, 162
191, 34
191, 98
191, 35
191, 163
191, 99
191, 36
191, 164
191, 100
191, 37
191, 165
191, 101
191, 38
191, 166
191, 102
191, 103
191, 39
191, 167
191, 104
191, 40
191, 168
191, 105
191, 41
191, 169
191, 106
191, 42
191, 170
191, 107
191, 43
191, 171
191, 108
191, 44
191, 172
191, 109
191, 173
191, 45
191, 110
191, 174
191, 46
191, 175
191, 111
191, 47
191, 176
191, 112
191, 48
191, 177
191, 49
191, 113
191, 178
191, 50
191, 114
191, 179
191, 51
191, 115
191, 180
191, 52
191, 116
191, 53
191, 181
191, 117
191, 54
191, 182
191, 118
191, 55
191, 183
191, 119
191, 56
191, 184
191, 120
191, 121
191, 57
191, 185
191, 122
191, 58
191, 186
191, 123
191, 59
191, 187
191, 124
191, 60
191, 188
191, 125
191, 61
191, 189
191, 126
191, 62
191, 190
191, 127
191, 191
191, 63
127, 64
127, 192
127, 128
127, 65
127, 193
127, 1
127, 129
127, 66
127, 194
127, 2
127, 130
127, 3
127, 131
127, 67
127, 195
127, 4
127, 132
127, 68
127, 196
127, 5
127, 133
127, 69
127, 197
127, 6
127, 134
127, 70
127, 198
127, 7
127, 135
127, 199
127, 71
127, 8
127, 136
127, 72
127, 200
127, 9
127, 137
127, 73
127, 10
127, 138
127, 74
127, 75
127, 11
127, 139
127, 76
127, 12
127, 140
127, 77
127, 13
127, 141
127, 78
127, 14
127, 142
127, 79
127, 15
127, 143
127, 80
127, 16
127, 144
127, 81
127, 145
127, 17
127, 82
127, 18
127, 146
127, 83
127, 19
127, 147
127, 84
127, 20
127, 148
127, 21
127, 149
127, 85
127, 22
127, 150
127, 86
127, 23
127, 151
127, 87
127, 24
127, 152
127, 88
127, 25
127, 153
127, 89
127, 26
127, 154
127, 90
127, 27
127, 155
127, 91
127, 28
127, 156
127, 92
127, 93
127, 29
127, 157
127, 94
127, 30
127, 158
127, 95
127, 31
127, 159
127, 96
127, 32
127, 160
127, 97
127, 33
127, 161
127, 98
127, 34
127, 162
127, 99
127, 163
127, 35
127, 100
127, 36
127, 164
127, 101
127, 37
127, 165
127, 102
127, 38
127, 166
127, 39
127, 167
127, 103
127, 40
127, 168
127, 104
127, 41
127, 169
127, 105
127, 42
127, 170
127, 106
127, 43
127, 171
127, 107
127, 44
127, 172
127, 108
127, 45
127, 173
127, 109
127, 46
127, 174
127, 110
127, 111
127, 47
127, 175
127, 112
127, 48
127, 176
127, 113
127, 49
127, 177
127, 114
127, 50
127, 178
127, 115
127, 51
127, 179
127, 116
127, 52
127, 180
127, 117
127, 181
127, 53
127, 118
127, 54
127, 182
127, 119
127, 55
127, 183
127, 120
127, 56
127, 184
127, 57
127, 185
127, 121
127, 58
127, 186
127, 122
127, 59
127, 187
127, 123
127, 60
127, 188
127, 124
127, 61
127, 189
127, 125
127, 62
127, 190
127, 126
127, 63
127, 191
127, 127
63, 128
63, 192
63, 64
63, 1
63, 193
63, 129
63, 65
63, 2
63, 194
63, 130
63, 66
63, 195
63, 67
63, 3
63, 131
63, 196
63, 68
63, 4
63, 132
63, 197
63, 69
63, 5
63, 133
63, 198
63, 70
63, 6
63, 134
63, 71
63, 199
63, 135
63, 7
63, 72
63, 200
63, 8
63, 136
63, 73
63, 9
63, 137
63, 74
63, 10
63, 138
63, 11
63, 139
63, 75
63, 12
63, 140
63, 76
63, 13
63, 141
63, 77
63, 14
63, 142
63, 78
63, 15
63, 143
63, 79
63, 16
63, 144
63, 80
63, 17
63, 145
63, 81
63, 18
63, 146
63, 82
63, 19
63, 147
63, 83
63, 20
63, 148
63, 84
63, 85
63, 21
63, 149
63, 86
63, 22
63, 150
63, 87
63, 23
63, 151
63, 88
63, 24
63, 152
63, 89
63, 25
63, 153
63, 90
63, 26
63, 154
63, 91
63, 27
63, 155
63, 92
63, 28
63, 156
63, 29
63, 157
63, 93
63, 30
63, 158
63, 94
63, 31
63, 159
63, 95
63, 32
63, 160
63, 96
63, 33
63, 161
63, 97
63, 34
63, 162
63, 98
63, 35
63, 163
63, 99
63, 36
63, 164
63, 100
63, 37
63, 165
63, 101
63, 38
63, 166
63, 102
63, 103
63, 39
63, 167
63, 104
63, 40
63, 168
63, 105
63, 41
63, 169
63, 106
63, 42
63, 170
63, 107
63, 43
63, 171
63, 108
63, 44
63, 172
63, 109
63, 45
63, 173
63, 110
63, 46
63, 174
63, 47
63, 175
63, 111
63, 48
63, 176
63, 112
63, 49
63, 177
63, 113
63, 50
63, 178
63, 114
63, 51
63, 179
63, 115
63, 52
63, 180
63, 116
63, 53
63, 181
63, 117
63, 54
63, 182
63, 118
63, 55
63, 183
63, 119
63, 56
63, 184
63, 120
63, 121
63, 57
63, 185
63, 122
63, 58
63, 186
63, 123
63, 59
63, 187
63, 124
63, 60
63, 188
63, 125
63, 61
63, 189
63, 126
63, 62
63, 190
63, 127
63, 63
63, 191
