ElapsedTime,CPUTime
0.4200000762939453,0.36000000000000004
0.4100000858306885,0.35000000000000003
0.4199998378753662,0.36000000000000004
0.4099998474121094,0.35000000000000003
0.40000009536743164,0.35000000000000003
0.4100000858306885,0.36000000000000004
0.4200000762939453,0.35000000000000003
0.4199998378753662,0.36000000000000004
0.4500000476837158,0.36000000000000004
0.4100000858306885,0.36000000000000004
Average,0.41700000762939454,0.356
