ElapsedTime,CPUTime
0.8299999237060547,0.77
0.8300001621246338,0.77
0.8400001525878906,0.76
0.8300001621246338,0.77
0.8199999332427979,0.76
0.8299999237060547,0.77
0.8299999237060547,0.77
0.8199999332427979,0.76
0.8300001621246338,0.77
0.8300001621246338,0.77
Average,0.8290000438690186,0.7669999999999998
