environment,real_time,size,position,factor
xsb,0.00029098987579345703,200,1,
neo4j,0.0027703119999387127,200,2,0.10503866560874536
postgres,0.005019237999931647,200,3,0.5519387604206932
duckdb,0.009698809999918012,200,4,0.5175107049188588
mariadb,0.026396388999728515,200,5,0.3674294237752658
cockroachdb,0.2720136855000419,200,6,0.09704066525625031
