Query: query1
192, 192
192, 128
192, 64
192, 193
192, 129
192, 65
192, 1
192, 194
192, 2
192, 130
192, 66
192, 195
192, 3
192, 67
192, 131
192, 196
192, 4
192, 68
192, 132
192, 197
192, 5
192, 69
192, 133
192, 198
192, 6
192, 70
192, 134
192, 199
192, 7
192, 71
192, 135
192, 200
192, 8
192, 72
192, 136
192, 201
192, 9
192, 73
192, 137
192, 202
192, 10
192, 74
192, 138
192, 203
192, 11
192, 75
192, 139
192, 204
192, 12
192, 76
192, 140
192, 205
192, 13
192, 77
192, 141
192, 206
192, 14
192, 78
192, 142
192, 207
192, 15
192, 79
192, 143
192, 208
192, 16
192, 80
192, 144
192, 209
192, 17
192, 81
192, 145
192, 210
192, 18
192, 82
192, 146
192, 211
192, 19
192, 83
192, 147
192, 212
192, 20
192, 84
192, 148
192, 213
192, 21
192, 85
192, 149
192, 214
192, 22
192, 86
192, 150
192, 215
192, 23
192, 87
192, 151
192, 216
192, 24
192, 88
192, 152
192, 217
192, 25
192, 89
192, 153
192, 218
192, 26
192, 90
192, 154
192, 219
192, 27
192, 91
192, 155
192, 220
192, 28
192, 92
192, 156
192, 221
192, 29
192, 93
192, 157
192, 222
192, 30
192, 94
192, 158
192, 223
192, 31
192, 95
192, 159
192, 224
192, 32
192, 96
192, 160
192, 225
192, 33
192, 97
192, 161
192, 226
192, 34
192, 98
192, 162
192, 227
192, 35
192, 99
192, 163
192, 228
192, 36
192, 100
192, 164
192, 229
192, 37
192, 101
192, 165
192, 230
192, 38
192, 102
192, 166
192, 231
192, 39
192, 103
192, 167
192, 232
192, 40
192, 104
192, 168
192, 233
192, 41
192, 105
192, 169
192, 234
192, 42
192, 106
192, 170
192, 235
192, 43
192, 107
192, 171
192, 236
192, 44
192, 108
192, 172
192, 237
192, 45
192, 109
192, 173
192, 238
192, 46
192, 110
192, 174
192, 239
192, 47
192, 111
192, 175
192, 240
192, 48
192, 112
192, 176
192, 241
192, 49
192, 113
192, 177
192, 242
192, 50
192, 114
192, 178
192, 243
192, 51
192, 115
192, 179
192, 244
192, 52
192, 116
192, 180
192, 245
192, 53
192, 117
192, 181
192, 246
192, 54
192, 118
192, 182
192, 247
192, 55
192, 119
192, 183
192, 248
192, 56
192, 120
192, 184
192, 249
192, 57
192, 121
192, 185
192, 250
192, 58
192, 122
192, 186
192, 59
192, 123
192, 187
192, 60
192, 124
192, 188
192, 61
192, 125
192, 189
192, 62
192, 126
192, 190
192, 63
192, 127
192, 191
128, 128
128, 64
128, 192
128, 129
128, 65
128, 1
128, 193
128, 130
128, 194
128, 66
128, 2
128, 131
128, 195
128, 3
128, 67
128, 132
128, 196
128, 4
128, 68
128, 133
128, 197
128, 5
128, 69
128, 134
128, 198
128, 6
128, 70
128, 135
128, 199
128, 7
128, 71
128, 136
128, 200
128, 8
128, 72
128, 137
128, 201
128, 9
128, 73
128, 138
128, 202
128, 10
128, 74
128, 139
128, 203
128, 11
128, 75
128, 140
128, 204
128, 12
128, 76
128, 141
128, 205
128, 13
128, 77
128, 142
128, 206
128, 14
128, 78
128, 143
128, 207
128, 15
128, 79
128, 144
128, 208
128, 16
128, 80
128, 145
128, 209
128, 17
128, 81
128, 146
128, 210
128, 18
128, 82
128, 147
128, 211
128, 19
128, 83
128, 148
128, 212
128, 20
128, 84
128, 149
128, 213
128, 21
128, 85
128, 150
128, 214
128, 22
128, 86
128, 151
128, 215
128, 23
128, 87
128, 152
128, 216
128, 24
128, 88
128, 153
128, 217
128, 25
128, 89
128, 154
128, 218
128, 26
128, 90
128, 155
128, 219
128, 27
128, 91
128, 156
128, 220
128, 28
128, 92
128, 157
128, 221
128, 29
128, 93
128, 158
128, 222
128, 30
128, 94
128, 159
128, 223
128, 31
128, 95
128, 160
128, 224
128, 32
128, 96
128, 161
128, 225
128, 33
128, 97
128, 162
128, 226
128, 34
128, 98
128, 163
128, 227
128, 35
128, 99
128, 164
128, 228
128, 36
128, 100
128, 165
128, 229
128, 37
128, 101
128, 166
128, 230
128, 38
128, 102
128, 167
128, 231
128, 39
128, 103
128, 168
128, 232
128, 40
128, 104
128, 169
128, 233
128, 41
128, 105
128, 170
128, 234
128, 42
128, 106
128, 171
128, 235
128, 43
128, 107
128, 172
128, 236
128, 44
128, 108
128, 173
128, 237
128, 45
128, 109
128, 174
128, 238
128, 46
128, 110
128, 175
128, 239
128, 47
128, 111
128, 176
128, 240
128, 48
128, 112
128, 177
128, 241
128, 49
128, 113
128, 178
128, 242
128, 50
128, 114
128, 179
128, 243
128, 51
128, 115
128, 180
128, 244
128, 52
128, 116
128, 181
128, 245
128, 53
128, 117
128, 182
128, 246
128, 54
128, 118
128, 183
128, 247
128, 55
128, 119
128, 184
128, 248
128, 56
128, 120
128, 185
128, 249
128, 57
128, 121
128, 186
128, 250
128, 58
128, 122
128, 187
128, 59
128, 123
128, 188
128, 60
128, 124
128, 189
128, 61
128, 125
128, 190
128, 62
128, 126
128, 191
128, 63
128, 127
64, 64
64, 192
64, 128
64, 65
64, 1
64, 193
64, 129
64, 66
64, 130
64, 2
64, 194
64, 67
64, 131
64, 195
64, 3
64, 68
64, 132
64, 196
64, 4
64, 69
64, 133
64, 197
64, 5
64, 70
64, 134
64, 198
64, 6
64, 71
64, 135
64, 199
64, 7
64, 72
64, 136
64, 200
64, 8
64, 73
64, 137
64, 201
64, 9
64, 74
64, 138
64, 202
64, 10
64, 75
64, 139
64, 203
64, 11
64, 76
64, 140
64, 204
64, 12
64, 77
64, 141
64, 205
64, 13
64, 78
64, 142
64, 206
64, 14
64, 79
64, 143
64, 207
64, 15
64, 80
64, 144
64, 208
64, 16
64, 81
64, 145
64, 209
64, 17
64, 82
64, 146
64, 210
64, 18
64, 83
64, 147
64, 211
64, 19
64, 84
64, 148
64, 212
64, 20
64, 85
64, 149
64, 213
64, 21
64, 86
64, 150
64, 214
64, 22
64, 87
64, 151
64, 215
64, 23
64, 88
64, 152
64, 216
64, 24
64, 89
64, 153
64, 217
64, 25
64, 90
64, 154
64, 218
64, 26
64, 91
64, 155
64, 219
64, 27
64, 92
64, 156
64, 220
64, 28
64, 93
64, 157
64, 221
64, 29
64, 94
64, 158
64, 222
64, 30
64, 95
64, 159
64, 223
64, 31
64, 96
64, 160
64, 224
64, 32
64, 97
64, 161
64, 225
64, 33
64, 98
64, 162
64, 226
64, 34
64, 99
64, 163
64, 227
64, 35
64, 100
64, 164
64, 228
64, 36
64, 101
64, 165
64, 229
64, 37
64, 102
64, 166
64, 230
64, 38
64, 103
64, 167
64, 231
64, 39
64, 104
64, 168
64, 232
64, 40
64, 105
64, 169
64, 233
64, 41
64, 106
64, 170
64, 234
64, 42
64, 107
64, 171
64, 235
64, 43
64, 108
64, 172
64, 236
64, 44
64, 109
64, 173
64, 237
64, 45
64, 110
64, 174
64, 238
64, 46
64, 111
64, 175
64, 239
64, 47
64, 112
64, 176
64, 240
64, 48
64, 113
64, 177
64, 241
64, 49
64, 114
64, 178
64, 242
64, 50
64, 115
64, 179
64, 243
64, 51
64, 116
64, 180
64, 244
64, 52
64, 117
64, 181
64, 245
64, 53
64, 118
64, 182
64, 246
64, 54
64, 119
64, 183
64, 247
64, 55
64, 120
64, 184
64, 248
64, 56
64, 121
64, 185
64, 249
64, 57
64, 122
64, 186
64, 250
64, 58
64, 123
64, 187
64, 59
64, 124
64, 188
64, 60
64, 125
64, 189
64, 61
64, 126
64, 190
64, 62
64, 127
64, 191
64, 63
193, 192
193, 128
193, 64
193, 193
193, 129
193, 65
193, 1
193, 2
193, 66
193, 194
193, 130
193, 195
193, 3
193, 67
193, 131
193, 196
193, 4
193, 68
193, 132
193, 197
193, 5
193, 69
193, 133
193, 198
193, 6
193, 70
193, 134
193, 199
193, 7
193, 71
193, 135
193, 200
193, 8
193, 72
193, 136
193, 201
193, 9
193, 73
193, 137
193, 202
193, 10
193, 74
193, 138
193, 203
193, 11
193, 75
193, 139
193, 204
193, 12
193, 76
193, 140
193, 205
193, 13
193, 77
193, 141
193, 206
193, 14
193, 78
193, 142
193, 207
193, 15
193, 79
193, 143
193, 208
193, 16
193, 80
193, 144
193, 209
193, 17
193, 81
193, 145
193, 210
193, 18
193, 82
193, 146
193, 211
193, 19
193, 83
193, 147
193, 212
193, 20
193, 84
193, 148
193, 213
193, 21
193, 85
193, 149
193, 214
193, 22
193, 86
193, 150
193, 215
193, 23
193, 87
193, 151
193, 216
193, 24
193, 88
193, 152
193, 217
193, 25
193, 89
193, 153
193, 218
193, 26
193, 90
193, 154
193, 219
193, 27
193, 91
193, 155
193, 220
193, 28
193, 92
193, 156
193, 221
193, 29
193, 93
193, 157
193, 222
193, 30
193, 94
193, 158
193, 223
193, 31
193, 95
193, 159
193, 224
193, 32
193, 96
193, 160
193, 225
193, 33
193, 97
193, 161
193, 226
193, 34
193, 98
193, 162
193, 227
193, 35
193, 99
193, 163
193, 228
193, 36
193, 100
193, 164
193, 229
193, 37
193, 101
193, 165
193, 230
193, 38
193, 102
193, 166
193, 231
193, 39
193, 103
193, 167
193, 232
193, 40
193, 104
193, 168
193, 233
193, 41
193, 105
193, 169
193, 234
193, 42
193, 106
193, 170
193, 235
193, 43
193, 107
193, 171
193, 236
193, 44
193, 108
193, 172
193, 237
193, 45
193, 109
193, 173
193, 238
193, 46
193, 110
193, 174
193, 239
193, 47
193, 111
193, 175
193, 240
193, 48
193, 112
193, 176
193, 241
193, 49
193, 113
193, 177
193, 242
193, 50
193, 114
193, 178
193, 243
193, 51
193, 115
193, 179
193, 244
193, 52
193, 116
193, 180
193, 245
193, 53
193, 117
193, 181
193, 246
193, 54
193, 118
193, 182
193, 247
193, 55
193, 119
193, 183
193, 248
193, 56
193, 120
193, 184
193, 249
193, 57
193, 121
193, 185
193, 250
193, 58
193, 122
193, 186
193, 59
193, 123
193, 187
193, 60
193, 124
193, 188
193, 61
193, 125
193, 189
193, 62
193, 126
193, 190
193, 63
193, 127
193, 191
129, 128
129, 64
129, 192
129, 129
129, 65
129, 1
129, 193
129, 194
129, 2
129, 130
129, 66
129, 131
129, 195
129, 3
129, 67
129, 132
129, 196
129, 4
129, 68
129, 133
129, 197
129, 5
129, 69
129, 134
129, 198
129, 6
129, 70
129, 135
129, 199
129, 7
129, 71
129, 136
129, 200
129, 8
129, 72
129, 137
129, 201
129, 9
129, 73
129, 138
129, 202
129, 10
129, 74
129, 139
129, 203
129, 11
129, 75
129, 140
129, 204
129, 12
129, 76
129, 141
129, 205
129, 13
129, 77
129, 142
129, 206
129, 14
129, 78
129, 143
129, 207
129, 15
129, 79
129, 144
129, 208
129, 16
129, 80
129, 145
129, 209
129, 17
129, 81
129, 146
129, 210
129, 18
129, 82
129, 147
129, 211
129, 19
129, 83
129, 148
129, 212
129, 20
129, 84
129, 149
129, 213
129, 21
129, 85
129, 150
129, 214
129, 22
129, 86
129, 151
129, 215
129, 23
129, 87
129, 152
129, 216
129, 24
129, 88
129, 153
129, 217
129, 25
129, 89
129, 154
129, 218
129, 26
129, 90
129, 155
129, 219
129, 27
129, 91
129, 156
129, 220
129, 28
129, 92
129, 157
129, 221
129, 29
129, 93
129, 158
129, 222
129, 30
129, 94
129, 159
129, 223
129, 31
129, 95
129, 160
129, 224
129, 32
129, 96
129, 161
129, 225
129, 33
129, 97
129, 162
129, 226
129, 34
129, 98
129, 163
129, 227
129, 35
129, 99
129, 164
129, 228
129, 36
129, 100
129, 165
129, 229
129, 37
129, 101
129, 166
129, 230
129, 38
129, 102
129, 167
129, 231
129, 39
129, 103
129, 168
129, 232
129, 40
129, 104
129, 169
129, 233
129, 41
129, 105
129, 170
129, 234
129, 42
129, 106
129, 171
129, 235
129, 43
129, 107
129, 172
129, 236
129, 44
129, 108
129, 173
129, 237
129, 45
129, 109
129, 174
129, 238
129, 46
129, 110
129, 175
129, 239
129, 47
129, 111
129, 176
129, 240
129, 48
129, 112
129, 177
129, 241
129, 49
129, 113
129, 178
129, 242
129, 50
129, 114
129, 179
129, 243
129, 51
129, 115
129, 180
129, 244
129, 52
129, 116
129, 181
129, 245
129, 53
129, 117
129, 182
129, 246
129, 54
129, 118
129, 183
129, 247
129, 55
129, 119
129, 184
129, 248
129, 56
129, 120
129, 185
129, 249
129, 57
129, 121
129, 186
129, 250
129, 58
129, 122
129, 187
129, 59
129, 123
129, 188
129, 60
129, 124
129, 189
129, 61
129, 125
129, 190
129, 62
129, 126
129, 191
129, 63
129, 127
65, 64
65, 192
65, 128
65, 65
65, 1
65, 193
65, 129
65, 130
65, 194
65, 66
65, 2
65, 67
65, 131
65, 195
65, 3
65, 68
65, 132
65, 196
65, 4
65, 69
65, 133
65, 197
65, 5
65, 70
65, 134
65, 198
65, 6
65, 71
65, 135
65, 199
65, 7
65, 72
65, 136
65, 200
65, 8
65, 73
65, 137
65, 201
65, 9
65, 74
65, 138
65, 202
65, 10
65, 75
65, 139
65, 203
65, 11
65, 76
65, 140
65, 204
65, 12
65, 77
65, 141
65, 205
65, 13
65, 78
65, 142
65, 206
65, 14
65, 79
65, 143
65, 207
65, 15
65, 80
65, 144
65, 208
65, 16
65, 81
65, 145
65, 209
65, 17
65, 82
65, 146
65, 210
65, 18
65, 83
65, 147
65, 211
65, 19
65, 84
65, 148
65, 212
65, 20
65, 85
65, 149
65, 213
65, 21
65, 86
65, 150
65, 214
65, 22
65, 87
65, 151
65, 215
65, 23
65, 88
65, 152
65, 216
65, 24
65, 89
65, 153
65, 217
65, 25
65, 90
65, 154
65, 218
65, 26
65, 91
65, 155
65, 219
65, 27
65, 92
65, 156
65, 220
65, 28
65, 93
65, 157
65, 221
65, 29
65, 94
65, 158
65, 222
65, 30
65, 95
65, 159
65, 223
65, 31
65, 96
65, 160
65, 224
65, 32
65, 97
65, 161
65, 225
65, 33
65, 98
65, 162
65, 226
65, 34
65, 99
65, 163
65, 227
65, 35
65, 100
65, 164
65, 228
65, 36
65, 101
65, 165
65, 229
65, 37
65, 102
65, 166
65, 230
65, 38
65, 103
65, 167
65, 231
65, 39
65, 104
65, 168
65, 232
65, 40
65, 105
65, 169
65, 233
65, 41
65, 106
65, 170
65, 234
65, 42
65, 107
65, 171
65, 235
65, 43
65, 108
65, 172
65, 236
65, 44
65, 109
65, 173
65, 237
65, 45
65, 110
65, 174
65, 238
65, 46
65, 111
65, 175
65, 239
65, 47
65, 112
65, 176
65, 240
65, 48
65, 113
65, 177
65, 241
65, 49
65, 114
65, 178
65, 242
65, 50
65, 115
65, 179
65, 243
65, 51
65, 116
65, 180
65, 244
65, 52
65, 117
65, 181
65, 245
65, 53
65, 118
65, 182
65, 246
65, 54
65, 119
65, 183
65, 247
65, 55
65, 120
65, 184
65, 248
65, 56
65, 121
65, 185
65, 249
65, 57
65, 122
65, 186
65, 250
65, 58
65, 123
65, 187
65, 59
65, 124
65, 188
65, 60
65, 125
65, 189
65, 61
65, 126
65, 190
65, 62
65, 127
65, 191
65, 63
1, 192
1, 128
1, 64
1, 1
1, 193
1, 129
1, 65
1, 66
1, 130
1, 2
1, 194
1, 3
1, 67
1, 131
1, 195
1, 4
1, 68
1, 132
1, 196
1, 5
1, 69
1, 133
1, 197
1, 6
1, 70
1, 134
1, 198
1, 7
1, 71
1, 135
1, 199
1, 8
1, 72
1, 136
1, 200
1, 9
1, 73
1, 137
1, 201
1, 10
1, 74
1, 138
1, 202
1, 11
1, 75
1, 139
1, 203
1, 12
1, 76
1, 140
1, 204
1, 13
1, 77
1, 141
1, 205
1, 14
1, 78
1, 142
1, 206
1, 15
1, 79
1, 143
1, 207
1, 16
1, 80
1, 144
1, 208
1, 17
1, 81
1, 145
1, 209
1, 18
1, 82
1, 146
1, 210
1, 19
1, 83
1, 147
1, 211
1, 20
1, 84
1, 148
1, 212
1, 21
1, 85
1, 149
1, 213
1, 22
1, 86
1, 150
1, 214
1, 23
1, 87
1, 151
1, 215
1, 24
1, 88
1, 152
1, 216
1, 25
1, 89
1, 153
1, 217
1, 26
1, 90
1, 154
1, 218
1, 27
1, 91
1, 155
1, 219
1, 28
1, 92
1, 156
1, 220
1, 29
1, 93
1, 157
1, 221
1, 30
1, 94
1, 158
1, 222
1, 31
1, 95
1, 159
1, 223
1, 32
1, 96
1, 160
1, 224
1, 33
1, 97
1, 161
1, 225
1, 34
1, 98
1, 162
1, 226
1, 35
1, 99
1, 163
1, 227
1, 36
1, 100
1, 164
1, 228
1, 37
1, 101
1, 165
1, 229
1, 38
1, 102
1, 166
1, 230
1, 39
1, 103
1, 167
1, 231
1, 40
1, 104
1, 168
1, 232
1, 41
1, 105
1, 169
1, 233
1, 42
1, 106
1, 170
1, 234
1, 43
1, 107
1, 171
1, 235
1, 44
1, 108
1, 172
1, 236
1, 45
1, 109
1, 173
1, 237
1, 46
1, 110
1, 174
1, 238
1, 47
1, 111
1, 175
1, 239
1, 48
1, 112
1, 176
1, 240
1, 49
1, 113
1, 177
1, 241
1, 50
1, 114
1, 178
1, 242
1, 51
1, 115
1, 179
1, 243
1, 52
1, 116
1, 180
1, 244
1, 53
1, 117
1, 181
1, 245
1, 54
1, 118
1, 182
1, 246
1, 55
1, 119
1, 183
1, 247
1, 56
1, 120
1, 184
1, 248
1, 57
1, 121
1, 185
1, 249
1, 58
1, 122
1, 186
1, 250
1, 59
1, 123
1, 187
1, 60
1, 124
1, 188
1, 61
1, 125
1, 189
1, 62
1, 126
1, 190
1, 63
1, 127
1, 191
194, 192
194, 128
194, 64
194, 193
194, 129
194, 65
194, 1
194, 2
194, 66
194, 130
194, 194
194, 3
194, 67
194, 131
194, 195
194, 196
194, 4
194, 68
194, 132
194, 197
194, 5
194, 69
194, 133
194, 198
194, 6
194, 70
194, 134
194, 199
194, 7
194, 71
194, 135
194, 200
194, 8
194, 72
194, 136
194, 201
194, 9
194, 73
194, 137
194, 202
194, 10
194, 74
194, 138
194, 203
194, 11
194, 75
194, 139
194, 204
194, 12
194, 76
194, 140
194, 205
194, 13
194, 77
194, 141
194, 206
194, 14
194, 78
194, 142
194, 207
194, 15
194, 79
194, 143
194, 208
194, 16
194, 80
194, 144
194, 209
194, 17
194, 81
194, 145
194, 210
194, 18
194, 82
194, 146
194, 211
194, 19
194, 83
194, 147
194, 212
194, 20
194, 84
194, 148
194, 213
194, 21
194, 85
194, 149
194, 214
194, 22
194, 86
194, 150
194, 215
194, 23
194, 87
194, 151
194, 216
194, 24
194, 88
194, 152
194, 217
194, 25
194, 89
194, 153
194, 218
194, 26
194, 90
194, 154
194, 219
194, 27
194, 91
194, 155
194, 220
194, 28
194, 92
194, 156
194, 221
194, 29
194, 93
194, 157
194, 222
194, 30
194, 94
194, 158
194, 223
194, 31
194, 95
194, 159
194, 224
194, 32
194, 96
194, 160
194, 225
194, 33
194, 97
194, 161
194, 226
194, 34
194, 98
194, 162
194, 227
194, 35
194, 99
194, 163
194, 228
194, 36
194, 100
194, 164
194, 229
194, 37
194, 101
194, 165
194, 230
194, 38
194, 102
194, 166
194, 231
194, 39
194, 103
194, 167
194, 232
194, 40
194, 104
194, 168
194, 233
194, 41
194, 105
194, 169
194, 234
194, 42
194, 106
194, 170
194, 235
194, 43
194, 107
194, 171
194, 236
194, 44
194, 108
194, 172
194, 237
194, 45
194, 109
194, 173
194, 238
194, 46
194, 110
194, 174
194, 239
194, 47
194, 111
194, 175
194, 240
194, 48
194, 112
194, 176
194, 241
194, 49
194, 113
194, 177
194, 242
194, 50
194, 114
194, 178
194, 243
194, 51
194, 115
194, 179
194, 244
194, 52
194, 116
194, 180
194, 245
194, 53
194, 117
194, 181
194, 246
194, 54
194, 118
194, 182
194, 247
194, 55
194, 119
194, 183
194, 248
194, 56
194, 120
194, 184
194, 249
194, 57
194, 121
194, 185
194, 250
194, 58
194, 122
194, 186
194, 59
194, 123
194, 187
194, 60
194, 124
194, 188
194, 61
194, 125
194, 189
194, 62
194, 126
194, 190
194, 63
194, 127
194, 191
130, 128
130, 64
130, 192
130, 129
130, 65
130, 1
130, 193
130, 194
130, 2
130, 66
130, 130
130, 195
130, 3
130, 67
130, 131
130, 132
130, 196
130, 4
130, 68
130, 133
130, 197
130, 5
130, 69
130, 134
130, 198
130, 6
130, 70
130, 135
130, 199
130, 7
130, 71
130, 136
130, 200
130, 8
130, 72
130, 137
130, 201
130, 9
130, 73
130, 138
130, 202
130, 10
130, 74
130, 139
130, 203
130, 11
130, 75
130, 140
130, 204
130, 12
130, 76
130, 141
130, 205
130, 13
130, 77
130, 142
130, 206
130, 14
130, 78
130, 143
130, 207
130, 15
130, 79
130, 144
130, 208
130, 16
130, 80
130, 145
130, 209
130, 17
130, 81
130, 146
130, 210
130, 18
130, 82
130, 147
130, 211
130, 19
130, 83
130, 148
130, 212
130, 20
130, 84
130, 149
130, 213
130, 21
130, 85
130, 150
130, 214
130, 22
130, 86
130, 151
130, 215
130, 23
130, 87
130, 152
130, 216
130, 24
130, 88
130, 153
130, 217
130, 25
130, 89
130, 154
130, 218
130, 26
130, 90
130, 155
130, 219
130, 27
130, 91
130, 156
130, 220
130, 28
130, 92
130, 157
130, 221
130, 29
130, 93
130, 158
130, 222
130, 30
130, 94
130, 159
130, 223
130, 31
130, 95
130, 160
130, 224
130, 32
130, 96
130, 161
130, 225
130, 33
130, 97
130, 162
130, 226
130, 34
130, 98
130, 163
130, 227
130, 35
130, 99
130, 164
130, 228
130, 36
130, 100
130, 165
130, 229
130, 37
130, 101
130, 166
130, 230
130, 38
130, 102
130, 167
130, 231
130, 39
130, 103
130, 168
130, 232
130, 40
130, 104
130, 169
130, 233
130, 41
130, 105
130, 170
130, 234
130, 42
130, 106
130, 171
130, 235
130, 43
130, 107
130, 172
130, 236
130, 44
130, 108
130, 173
130, 237
130, 45
130, 109
130, 174
130, 238
130, 46
130, 110
130, 175
130, 239
130, 47
130, 111
130, 176
130, 240
130, 48
130, 112
130, 177
130, 241
130, 49
130, 113
130, 178
130, 242
130, 50
130, 114
130, 179
130, 243
130, 51
130, 115
130, 180
130, 244
130, 52
130, 116
130, 181
130, 245
130, 53
130, 117
130, 182
130, 246
130, 54
130, 118
130, 183
130, 247
130, 55
130, 119
130, 184
130, 248
130, 56
130, 120
130, 185
130, 249
130, 57
130, 121
130, 186
130, 250
130, 58
130, 122
130, 187
130, 59
130, 123
130, 188
130, 60
130, 124
130, 189
130, 61
130, 125
130, 190
130, 62
130, 126
130, 191
130, 63
130, 127
66, 64
66, 192
66, 128
66, 65
66, 1
66, 193
66, 129
66, 130
66, 194
66, 2
66, 66
66, 131
66, 195
66, 3
66, 67
66, 68
66, 132
66, 196
66, 4
66, 69
66, 133
66, 197
66, 5
66, 70
66, 134
66, 198
66, 6
66, 71
66, 135
66, 199
66, 7
66, 72
66, 136
66, 200
66, 8
66, 73
66, 137
66, 201
66, 9
66, 74
66, 138
66, 202
66, 10
66, 75
66, 139
66, 203
66, 11
66, 76
66, 140
66, 204
66, 12
66, 77
66, 141
66, 205
66, 13
66, 78
66, 142
66, 206
66, 14
66, 79
66, 143
66, 207
66, 15
66, 80
66, 144
66, 208
66, 16
66, 81
66, 145
66, 209
66, 17
66, 82
66, 146
66, 210
66, 18
66, 83
66, 147
66, 211
66, 19
66, 84
66, 148
66, 212
66, 20
66, 85
66, 149
66, 213
66, 21
66, 86
66, 150
66, 214
66, 22
66, 87
66, 151
66, 215
66, 23
66, 88
66, 152
66, 216
66, 24
66, 89
66, 153
66, 217
66, 25
66, 90
66, 154
66, 218
66, 26
66, 91
66, 155
66, 219
66, 27
66, 92
66, 156
66, 220
66, 28
66, 93
66, 157
66, 221
66, 29
66, 94
66, 158
66, 222
66, 30
66, 95
66, 159
66, 223
66, 31
66, 96
66, 160
66, 224
66, 32
66, 97
66, 161
66, 225
66, 33
66, 98
66, 162
66, 226
66, 34
66, 99
66, 163
66, 227
66, 35
66, 100
66, 164
66, 228
66, 36
66, 101
66, 165
66, 229
66, 37
66, 102
66, 166
66, 230
66, 38
66, 103
66, 167
66, 231
66, 39
66, 104
66, 168
66, 232
66, 40
66, 105
66, 169
66, 233
66, 41
66, 106
66, 170
66, 234
66, 42
66, 107
66, 171
66, 235
66, 43
66, 108
66, 172
66, 236
66, 44
66, 109
66, 173
66, 237
66, 45
66, 110
66, 174
66, 238
66, 46
66, 111
66, 175
66, 239
66, 47
66, 112
66, 176
66, 240
66, 48
66, 113
66, 177
66, 241
66, 49
66, 114
66, 178
66, 242
66, 50
66, 115
66, 179
66, 243
66, 51
66, 116
66, 180
66, 244
66, 52
66, 117
66, 181
66, 245
66, 53
66, 118
66, 182
66, 246
66, 54
66, 119
66, 183
66, 247
66, 55
66, 120
66, 184
66, 248
66, 56
66, 121
66, 185
66, 249
66, 57
66, 122
66, 186
66, 250
66, 58
66, 123
66, 187
66, 59
66, 124
66, 188
66, 60
66, 125
66, 189
66, 61
66, 126
66, 190
66, 62
66, 127
66, 191
66, 63
2, 192
2, 128
2, 64
2, 1
2, 193
2, 129
2, 65
2, 66
2, 130
2, 194
2, 2
2, 67
2, 131
2, 195
2, 3
2, 4
2, 68
2, 132
2, 196
2, 5
2, 69
2, 133
2, 197
2, 6
2, 70
2, 134
2, 198
2, 7
2, 71
2, 135
2, 199
2, 8
2, 72
2, 136
2, 200
2, 9
2, 73
2, 137
2, 201
2, 10
2, 74
2, 138
2, 202
2, 11
2, 75
2, 139
2, 203
2, 12
2, 76
2, 140
2, 204
2, 13
2, 77
2, 141
2, 205
2, 14
2, 78
2, 142
2, 206
2, 15
2, 79
2, 143
2, 207
2, 16
2, 80
2, 144
2, 208
2, 17
2, 81
2, 145
2, 209
2, 18
2, 82
2, 146
2, 210
2, 19
2, 83
2, 147
2, 211
2, 20
2, 84
2, 148
2, 212
2, 21
2, 85
2, 149
2, 213
2, 22
2, 86
2, 150
2, 214
2, 23
2, 87
2, 151
2, 215
2, 24
2, 88
2, 152
2, 216
2, 25
2, 89
2, 153
2, 217
2, 26
2, 90
2, 154
2, 218
2, 27
2, 91
2, 155
2, 219
2, 28
2, 92
2, 156
2, 220
2, 29
2, 93
2, 157
2, 221
2, 30
2, 94
2, 158
2, 222
2, 31
2, 95
2, 159
2, 223
2, 32
2, 96
2, 160
2, 224
2, 33
2, 97
2, 161
2, 225
2, 34
2, 98
2, 162
2, 226
2, 35
2, 99
2, 163
2, 227
2, 36
2, 100
2, 164
2, 228
2, 37
2, 101
2, 165
2, 229
2, 38
2, 102
2, 166
2, 230
2, 39
2, 103
2, 167
2, 231
2, 40
2, 104
2, 168
2, 232
2, 41
2, 105
2, 169
2, 233
2, 42
2, 106
2, 170
2, 234
2, 43
2, 107
2, 171
2, 235
2, 44
2, 108
2, 172
2, 236
2, 45
2, 109
2, 173
2, 237
2, 46
2, 110
2, 174
2, 238
2, 47
2, 111
2, 175
2, 239
2, 48
2, 112
2, 176
2, 240
2, 49
2, 113
2, 177
2, 241
2, 50
2, 114
2, 178
2, 242
2, 51
2, 115
2, 179
2, 243
2, 52
2, 116
2, 180
2, 244
2, 53
2, 117
2, 181
2, 245
2, 54
2, 118
2, 182
2, 246
2, 55
2, 119
2, 183
2, 247
2, 56
2, 120
2, 184
2, 248
2, 57
2, 121
2, 185
2, 249
2, 58
2, 122
2, 186
2, 250
2, 59
2, 123
2, 187
2, 60
2, 124
2, 188
2, 61
2, 125
2, 189
2, 62
2, 126
2, 190
2, 63
2, 127
2, 191
195, 192
195, 128
195, 64
195, 193
195, 129
195, 65
195, 1
195, 2
195, 66
195, 130
195, 194
195, 3
195, 67
195, 131
195, 195
195, 4
195, 68
195, 132
195, 196
195, 197
195, 5
195, 69
195, 133
195, 198
195, 6
195, 70
195, 134
195, 199
195, 7
195, 71
195, 135
195, 200
195, 8
195, 72
195, 136
195, 201
195, 9
195, 73
195, 137
195, 202
195, 10
195, 74
195, 138
195, 203
195, 11
195, 75
195, 139
195, 204
195, 12
195, 76
195, 140
195, 205
195, 13
195, 77
195, 141
195, 206
195, 14
195, 78
195, 142
195, 207
195, 15
195, 79
195, 143
195, 208
195, 16
195, 80
195, 144
195, 209
195, 17
195, 81
195, 145
195, 210
195, 18
195, 82
195, 146
195, 211
195, 19
195, 83
195, 147
195, 212
195, 20
195, 84
195, 148
195, 213
195, 21
195, 85
195, 149
195, 214
195, 22
195, 86
195, 150
195, 215
195, 23
195, 87
195, 151
195, 216
195, 24
195, 88
195, 152
195, 217
195, 25
195, 89
195, 153
195, 218
195, 26
195, 90
195, 154
195, 219
195, 27
195, 91
195, 155
195, 220
195, 28
195, 92
195, 156
195, 221
195, 29
195, 93
195, 157
195, 222
195, 30
195, 94
195, 158
195, 223
195, 31
195, 95
195, 159
195, 224
195, 32
195, 96
195, 160
195, 225
195, 33
195, 97
195, 161
195, 226
195, 34
195, 98
195, 162
195, 227
195, 35
195, 99
195, 163
195, 228
195, 36
195, 100
195, 164
195, 229
195, 37
195, 101
195, 165
195, 230
195, 38
195, 102
195, 166
195, 231
195, 39
195, 103
195, 167
195, 232
195, 40
195, 104
195, 168
195, 233
195, 41
195, 105
195, 169
195, 234
195, 42
195, 106
195, 170
195, 235
195, 43
195, 107
195, 171
195, 236
195, 44
195, 108
195, 172
195, 237
195, 45
195, 109
195, 173
195, 238
195, 46
195, 110
195, 174
195, 239
195, 47
195, 111
195, 175
195, 240
195, 48
195, 112
195, 176
195, 241
195, 49
195, 113
195, 177
195, 242
195, 50
195, 114
195, 178
195, 243
195, 51
195, 115
195, 179
195, 244
195, 52
195, 116
195, 180
195, 245
195, 53
195, 117
195, 181
195, 246
195, 54
195, 118
195, 182
195, 247
195, 55
195, 119
195, 183
195, 248
195, 56
195, 120
195, 184
195, 249
195, 57
195, 121
195, 185
195, 250
195, 58
195, 122
195, 186
195, 59
195, 123
195, 187
195, 60
195, 124
195, 188
195, 61
195, 125
195, 189
195, 62
195, 126
195, 190
195, 63
195, 127
195, 191
131, 128
131, 64
131, 192
131, 129
131, 65
131, 1
131, 193
131, 194
131, 2
131, 66
131, 130
131, 195
131, 3
131, 67
131, 131
131, 196
131, 4
131, 68
131, 132
131, 133
131, 197
131, 5
131, 69
131, 134
131, 198
131, 6
131, 70
131, 135
131, 199
131, 7
131, 71
131, 136
131, 200
131, 8
131, 72
131, 137
131, 201
131, 9
131, 73
131, 138
131, 202
131, 10
131, 74
131, 139
131, 203
131, 11
131, 75
131, 140
131, 204
131, 12
131, 76
131, 141
131, 205
131, 13
131, 77
131, 142
131, 206
131, 14
131, 78
131, 143
131, 207
131, 15
131, 79
131, 144
131, 208
131, 16
131, 80
131, 145
131, 209
131, 17
131, 81
131, 146
131, 210
131, 18
131, 82
131, 147
131, 211
131, 19
131, 83
131, 148
131, 212
131, 20
131, 84
131, 149
131, 213
131, 21
131, 85
131, 150
131, 214
131, 22
131, 86
131, 151
131, 215
131, 23
131, 87
131, 152
131, 216
131, 24
131, 88
131, 153
131, 217
131, 25
131, 89
131, 154
131, 218
131, 26
131, 90
131, 155
131, 219
131, 27
131, 91
131, 156
131, 220
131, 28
131, 92
131, 157
131, 221
131, 29
131, 93
131, 158
131, 222
131, 30
131, 94
131, 159
131, 223
131, 31
131, 95
131, 160
131, 224
131, 32
131, 96
131, 161
131, 225
131, 33
131, 97
131, 162
131, 226
131, 34
131, 98
131, 163
131, 227
131, 35
131, 99
131, 164
131, 228
131, 36
131, 100
131, 165
131, 229
131, 37
131, 101
131, 166
131, 230
131, 38
131, 102
131, 167
131, 231
131, 39
131, 103
131, 168
131, 232
131, 40
131, 104
131, 169
131, 233
131, 41
131, 105
131, 170
131, 234
131, 42
131, 106
131, 171
131, 235
131, 43
131, 107
131, 172
131, 236
131, 44
131, 108
131, 173
131, 237
131, 45
131, 109
131, 174
131, 238
131, 46
131, 110
131, 175
131, 239
131, 47
131, 111
131, 176
131, 240
131, 48
131, 112
131, 177
131, 241
131, 49
131, 113
131, 178
131, 242
131, 50
131, 114
131, 179
131, 243
131, 51
131, 115
131, 180
131, 244
131, 52
131, 116
131, 181
131, 245
131, 53
131, 117
131, 182
131, 246
131, 54
131, 118
131, 183
131, 247
131, 55
131, 119
131, 184
131, 248
131, 56
131, 120
131, 185
131, 249
131, 57
131, 121
131, 186
131, 250
131, 58
131, 122
131, 187
131, 59
131, 123
131, 188
131, 60
131, 124
131, 189
131, 61
131, 125
131, 190
131, 62
131, 126
131, 191
131, 63
131, 127
67, 64
67, 192
67, 128
67, 65
67, 1
67, 193
67, 129
67, 130
67, 194
67, 2
67, 66
67, 131
67, 195
67, 3
67, 67
67, 132
67, 196
67, 4
67, 68
67, 69
67, 133
67, 197
67, 5
67, 70
67, 134
67, 198
67, 6
67, 71
67, 135
67, 199
67, 7
67, 72
67, 136
67, 200
67, 8
67, 73
67, 137
67, 201
67, 9
67, 74
67, 138
67, 202
67, 10
67, 75
67, 139
67, 203
67, 11
67, 76
67, 140
67, 204
67, 12
67, 77
67, 141
67, 205
67, 13
67, 78
67, 142
67, 206
67, 14
67, 79
67, 143
67, 207
67, 15
67, 80
67, 144
67, 208
67, 16
67, 81
67, 145
67, 209
67, 17
67, 82
67, 146
67, 210
67, 18
67, 83
67, 147
67, 211
67, 19
67, 84
67, 148
67, 212
67, 20
67, 85
67, 149
67, 213
67, 21
67, 86
67, 150
67, 214
67, 22
67, 87
67, 151
67, 215
67, 23
67, 88
67, 152
67, 216
67, 24
67, 89
67, 153
67, 217
67, 25
67, 90
67, 154
67, 218
67, 26
67, 91
67, 155
67, 219
67, 27
67, 92
67, 156
67, 220
67, 28
67, 93
67, 157
67, 221
67, 29
67, 94
67, 158
67, 222
67, 30
67, 95
67, 159
67, 223
67, 31
67, 96
67, 160
67, 224
67, 32
67, 97
67, 161
67, 225
67, 33
67, 98
67, 162
67, 226
67, 34
67, 99
67, 163
67, 227
67, 35
67, 100
67, 164
67, 228
67, 36
67, 101
67, 165
67, 229
67, 37
67, 102
67, 166
67, 230
67, 38
67, 103
67, 167
67, 231
67, 39
67, 104
67, 168
67, 232
67, 40
67, 105
67, 169
67, 233
67, 41
67, 106
67, 170
67, 234
67, 42
67, 107
67, 171
67, 235
67, 43
67, 108
67, 172
67, 236
67, 44
67, 109
67, 173
67, 237
67, 45
67, 110
67, 174
67, 238
67, 46
67, 111
67, 175
67, 239
67, 47
67, 112
67, 176
67, 240
67, 48
67, 113
67, 177
67, 241
67, 49
67, 114
67, 178
67, 242
67, 50
67, 115
67, 179
67, 243
67, 51
67, 116
67, 180
67, 244
67, 52
67, 117
67, 181
67, 245
67, 53
67, 118
67, 182
67, 246
67, 54
67, 119
67, 183
67, 247
67, 55
67, 120
67, 184
67, 248
67, 56
67, 121
67, 185
67, 249
67, 57
67, 122
67, 186
67, 250
67, 58
67, 123
67, 187
67, 59
67, 124
67, 188
67, 60
67, 125
67, 189
67, 61
67, 126
67, 190
67, 62
67, 127
67, 191
67, 63
3, 192
3, 128
3, 64
3, 1
3, 193
3, 129
3, 65
3, 66
3, 130
3, 194
3, 2
3, 67
3, 131
3, 195
3, 3
3, 68
3, 132
3, 196
3, 4
3, 5
3, 69
3, 133
3, 197
3, 6
3, 70
3, 134
3, 198
3, 7
3, 71
3, 135
3, 199
3, 8
3, 72
3, 136
3, 200
3, 9
3, 73
3, 137
3, 201
3, 10
3, 74
3, 138
3, 202
3, 11
3, 75
3, 139
3, 203
3, 12
3, 76
3, 140
3, 204
3, 13
3, 77
3, 141
3, 205
3, 14
3, 78
3, 142
3, 206
3, 15
3, 79
3, 143
3, 207
3, 16
3, 80
3, 144
3, 208
3, 17
3, 81
3, 145
3, 209
3, 18
3, 82
3, 146
3, 210
3, 19
3, 83
3, 147
3, 211
3, 20
3, 84
3, 148
3, 212
3, 21
3, 85
3, 149
3, 213
3, 22
3, 86
3, 150
3, 214
3, 23
3, 87
3, 151
3, 215
3, 24
3, 88
3, 152
3, 216
3, 25
3, 89
3, 153
3, 217
3, 26
3, 90
3, 154
3, 218
3, 27
3, 91
3, 155
3, 219
3, 28
3, 92
3, 156
3, 220
3, 29
3, 93
3, 157
3, 221
3, 30
3, 94
3, 158
3, 222
3, 31
3, 95
3, 159
3, 223
3, 32
3, 96
3, 160
3, 224
3, 33
3, 97
3, 161
3, 225
3, 34
3, 98
3, 162
3, 226
3, 35
3, 99
3, 163
3, 227
3, 36
3, 100
3, 164
3, 228
3, 37
3, 101
3, 165
3, 229
3, 38
3, 102
3, 166
3, 230
3, 39
3, 103
3, 167
3, 231
3, 40
3, 104
3, 168
3, 232
3, 41
3, 105
3, 169
3, 233
3, 42
3, 106
3, 170
3, 234
3, 43
3, 107
3, 171
3, 235
3, 44
3, 108
3, 172
3, 236
3, 45
3, 109
3, 173
3, 237
3, 46
3, 110
3, 174
3, 238
3, 47
3, 111
3, 175
3, 239
3, 48
3, 112
3, 176
3, 240
3, 49
3, 113
3, 177
3, 241
3, 50
3, 114
3, 178
3, 242
3, 51
3, 115
3, 179
3, 243
3, 52
3, 116
3, 180
3, 244
3, 53
3, 117
3, 181
3, 245
3, 54
3, 118
3, 182
3, 246
3, 55
3, 119
3, 183
3, 247
3, 56
3, 120
3, 184
3, 248
3, 57
3, 121
3, 185
3, 249
3, 58
3, 122
3, 186
3, 250
3, 59
3, 123
3, 187
3, 60
3, 124
3, 188
3, 61
3, 125
3, 189
3, 62
3, 126
3, 190
3, 63
3, 127
3, 191
196, 192
196, 128
196, 64
196, 193
196, 129
196, 65
196, 1
196, 2
196, 66
196, 130
196, 194
196, 3
196, 67
196, 131
196, 195
196, 4
196, 68
196, 132
196, 196
196, 5
196, 69
196, 133
196, 197
196, 198
196, 6
196, 70
196, 134
196, 199
196, 7
196, 71
196, 135
196, 200
196, 8
196, 72
196, 136
196, 201
196, 9
196, 73
196, 137
196, 202
196, 10
196, 74
196, 138
196, 203
196, 11
196, 75
196, 139
196, 204
196, 12
196, 76
196, 140
196, 205
196, 13
196, 77
196, 141
196, 206
196, 14
196, 78
196, 142
196, 207
196, 15
196, 79
196, 143
196, 208
196, 16
196, 80
196, 144
196, 209
196, 17
196, 81
196, 145
196, 210
196, 18
196, 82
196, 146
196, 211
196, 19
196, 83
196, 147
196, 212
196, 20
196, 84
196, 148
196, 213
196, 21
196, 85
196, 149
196, 214
196, 22
196, 86
196, 150
196, 215
196, 23
196, 87
196, 151
196, 216
196, 24
196, 88
196, 152
196, 217
196, 25
196, 89
196, 153
196, 218
196, 26
196, 90
196, 154
196, 219
196, 27
196, 91
196, 155
196, 220
196, 28
196, 92
196, 156
196, 221
196, 29
196, 93
196, 157
196, 222
196, 30
196, 94
196, 158
196, 223
196, 31
196, 95
196, 159
196, 224
196, 32
196, 96
196, 160
196, 225
196, 33
196, 97
196, 161
196, 226
196, 34
196, 98
196, 162
196, 227
196, 35
196, 99
196, 163
196, 228
196, 36
196, 100
196, 164
196, 229
196, 37
196, 101
196, 165
196, 230
196, 38
196, 102
196, 166
196, 231
196, 39
196, 103
196, 167
196, 232
196, 40
196, 104
196, 168
196, 233
196, 41
196, 105
196, 169
196, 234
196, 42
196, 106
196, 170
196, 235
196, 43
196, 107
196, 171
196, 236
196, 44
196, 108
196, 172
196, 237
196, 45
196, 109
196, 173
196, 238
196, 46
196, 110
196, 174
196, 239
196, 47
196, 111
196, 175
196, 240
196, 48
196, 112
196, 176
196, 241
196, 49
196, 113
196, 177
196, 242
196, 50
196, 114
196, 178
196, 243
196, 51
196, 115
196, 179
196, 244
196, 52
196, 116
196, 180
196, 245
196, 53
196, 117
196, 181
196, 246
196, 54
196, 118
196, 182
196, 247
196, 55
196, 119
196, 183
196, 248
196, 56
196, 120
196, 184
196, 249
196, 57
196, 121
196, 185
196, 250
196, 58
196, 122
196, 186
196, 59
196, 123
196, 187
196, 60
196, 124
196, 188
196, 61
196, 125
196, 189
196, 62
196, 126
196, 190
196, 63
196, 127
196, 191
132, 128
132, 64
132, 192
132, 129
132, 65
132, 1
132, 193
132, 194
132, 2
132, 66
132, 130
132, 195
132, 3
132, 67
132, 131
132, 196
132, 4
132, 68
132, 132
132, 197
132, 5
132, 69
132, 133
132, 134
132, 198
132, 6
132, 70
132, 135
132, 199
132, 7
132, 71
132, 136
132, 200
132, 8
132, 72
132, 137
132, 201
132, 9
132, 73
132, 138
132, 202
132, 10
132, 74
132, 139
132, 203
132, 11
132, 75
132, 140
132, 204
132, 12
132, 76
132, 141
132, 205
132, 13
132, 77
132, 142
132, 206
132, 14
132, 78
132, 143
132, 207
132, 15
132, 79
132, 144
132, 208
132, 16
132, 80
132, 145
132, 209
132, 17
132, 81
132, 146
132, 210
132, 18
132, 82
132, 147
132, 211
132, 19
132, 83
132, 148
132, 212
132, 20
132, 84
132, 149
132, 213
132, 21
132, 85
132, 150
132, 214
132, 22
132, 86
132, 151
132, 215
132, 23
132, 87
132, 152
132, 216
132, 24
132, 88
132, 153
132, 217
132, 25
132, 89
132, 154
132, 218
132, 26
132, 90
132, 155
132, 219
132, 27
132, 91
132, 156
132, 220
132, 28
132, 92
132, 157
132, 221
132, 29
132, 93
132, 158
132, 222
132, 30
132, 94
132, 159
132, 223
132, 31
132, 95
132, 160
132, 224
132, 32
132, 96
132, 161
132, 225
132, 33
132, 97
132, 162
132, 226
132, 34
132, 98
132, 163
132, 227
132, 35
132, 99
132, 164
132, 228
132, 36
132, 100
132, 165
132, 229
132, 37
132, 101
132, 166
132, 230
132, 38
132, 102
132, 167
132, 231
132, 39
132, 103
132, 168
132, 232
132, 40
132, 104
132, 169
132, 233
132, 41
132, 105
132, 170
132, 234
132, 42
132, 106
132, 171
132, 235
132, 43
132, 107
132, 172
132, 236
132, 44
132, 108
132, 173
132, 237
132, 45
132, 109
132, 174
132, 238
132, 46
132, 110
132, 175
132, 239
132, 47
132, 111
132, 176
132, 240
132, 48
132, 112
132, 177
132, 241
132, 49
132, 113
132, 178
132, 242
132, 50
132, 114
132, 179
132, 243
132, 51
132, 115
132, 180
132, 244
132, 52
132, 116
132, 181
132, 245
132, 53
132, 117
132, 182
132, 246
132, 54
132, 118
132, 183
132, 247
132, 55
132, 119
132, 184
132, 248
132, 56
132, 120
132, 185
132, 249
132, 57
132, 121
132, 186
132, 250
132, 58
132, 122
132, 187
132, 59
132, 123
132, 188
132, 60
132, 124
132, 189
132, 61
132, 125
132, 190
132, 62
132, 126
132, 191
132, 63
132, 127
68, 64
68, 192
68, 128
68, 65
68, 1
68, 193
68, 129
68, 130
68, 194
68, 2
68, 66
68, 131
68, 195
68, 3
68, 67
68, 132
68, 196
68, 4
68, 68
68, 133
68, 197
68, 5
68, 69
68, 70
68, 134
68, 198
68, 6
68, 71
68, 135
68, 199
68, 7
68, 72
68, 136
68, 200
68, 8
68, 73
68, 137
68, 201
68, 9
68, 74
68, 138
68, 202
68, 10
68, 75
68, 139
68, 203
68, 11
68, 76
68, 140
68, 204
68, 12
68, 77
68, 141
68, 205
68, 13
68, 78
68, 142
68, 206
68, 14
68, 79
68, 143
68, 207
68, 15
68, 80
68, 144
68, 208
68, 16
68, 81
68, 145
68, 209
68, 17
68, 82
68, 146
68, 210
68, 18
68, 83
68, 147
68, 211
68, 19
68, 84
68, 148
68, 212
68, 20
68, 85
68, 149
68, 213
68, 21
68, 86
68, 150
68, 214
68, 22
68, 87
68, 151
68, 215
68, 23
68, 88
68, 152
68, 216
68, 24
68, 89
68, 153
68, 217
68, 25
68, 90
68, 154
68, 218
68, 26
68, 91
68, 155
68, 219
68, 27
68, 92
68, 156
68, 220
68, 28
68, 93
68, 157
68, 221
68, 29
68, 94
68, 158
68, 222
68, 30
68, 95
68, 159
68, 223
68, 31
68, 96
68, 160
68, 224
68, 32
68, 97
68, 161
68, 225
68, 33
68, 98
68, 162
68, 226
68, 34
68, 99
68, 163
68, 227
68, 35
68, 100
68, 164
68, 228
68, 36
68, 101
68, 165
68, 229
68, 37
68, 102
68, 166
68, 230
68, 38
68, 103
68, 167
68, 231
68, 39
68, 104
68, 168
68, 232
68, 40
68, 105
68, 169
68, 233
68, 41
68, 106
68, 170
68, 234
68, 42
68, 107
68, 171
68, 235
68, 43
68, 108
68, 172
68, 236
68, 44
68, 109
68, 173
68, 237
68, 45
68, 110
68, 174
68, 238
68, 46
68, 111
68, 175
68, 239
68, 47
68, 112
68, 176
68, 240
68, 48
68, 113
68, 177
68, 241
68, 49
68, 114
68, 178
68, 242
68, 50
68, 115
68, 179
68, 243
68, 51
68, 116
68, 180
68, 244
68, 52
68, 117
68, 181
68, 245
68, 53
68, 118
68, 182
68, 246
68, 54
68, 119
68, 183
68, 247
68, 55
68, 120
68, 184
68, 248
68, 56
68, 121
68, 185
68, 249
68, 57
68, 122
68, 186
68, 250
68, 58
68, 123
68, 187
68, 59
68, 124
68, 188
68, 60
68, 125
68, 189
68, 61
68, 126
68, 190
68, 62
68, 127
68, 191
68, 63
4, 192
4, 128
4, 64
4, 1
4, 193
4, 129
4, 65
4, 66
4, 130
4, 194
4, 2
4, 67
4, 131
4, 195
4, 3
4, 68
4, 132
4, 196
4, 4
4, 69
4, 133
4, 197
4, 5
4, 6
4, 70
4, 134
4, 198
4, 7
4, 71
4, 135
4, 199
4, 8
4, 72
4, 136
4, 200
4, 9
4, 73
4, 137
4, 201
4, 10
4, 74
4, 138
4, 202
4, 11
4, 75
4, 139
4, 203
4, 12
4, 76
4, 140
4, 204
4, 13
4, 77
4, 141
4, 205
4, 14
4, 78
4, 142
4, 206
4, 15
4, 79
4, 143
4, 207
4, 16
4, 80
4, 144
4, 208
4, 17
4, 81
4, 145
4, 209
4, 18
4, 82
4, 146
4, 210
4, 19
4, 83
4, 147
4, 211
4, 20
4, 84
4, 148
4, 212
4, 21
4, 85
4, 149
4, 213
4, 22
4, 86
4, 150
4, 214
4, 23
4, 87
4, 151
4, 215
4, 24
4, 88
4, 152
4, 216
4, 25
4, 89
4, 153
4, 217
4, 26
4, 90
4, 154
4, 218
4, 27
4, 91
4, 155
4, 219
4, 28
4, 92
4, 156
4, 220
4, 29
4, 93
4, 157
4, 221
4, 30
4, 94
4, 158
4, 222
4, 31
4, 95
4, 159
4, 223
4, 32
4, 96
4, 160
4, 224
4, 33
4, 97
4, 161
4, 225
4, 34
4, 98
4, 162
4, 226
4, 35
4, 99
4, 163
4, 227
4, 36
4, 100
4, 164
4, 228
4, 37
4, 101
4, 165
4, 229
4, 38
4, 102
4, 166
4, 230
4, 39
4, 103
4, 167
4, 231
4, 40
4, 104
4, 168
4, 232
4, 41
4, 105
4, 169
4, 233
4, 42
4, 106
4, 170
4, 234
4, 43
4, 107
4, 171
4, 235
4, 44
4, 108
4, 172
4, 236
4, 45
4, 109
4, 173
4, 237
4, 46
4, 110
4, 174
4, 238
4, 47
4, 111
4, 175
4, 239
4, 48
4, 112
4, 176
4, 240
4, 49
4, 113
4, 177
4, 241
4, 50
4, 114
4, 178
4, 242
4, 51
4, 115
4, 179
4, 243
4, 52
4, 116
4, 180
4, 244
4, 53
4, 117
4, 181
4, 245
4, 54
4, 118
4, 182
4, 246
4, 55
4, 119
4, 183
4, 247
4, 56
4, 120
4, 184
4, 248
4, 57
4, 121
4, 185
4, 249
4, 58
4, 122
4, 186
4, 250
4, 59
4, 123
4, 187
4, 60
4, 124
4, 188
4, 61
4, 125
4, 189
4, 62
4, 126
4, 190
4, 63
4, 127
4, 191
197, 192
197, 128
197, 64
197, 193
197, 129
197, 65
197, 1
197, 2
197, 66
197, 130
197, 194
197, 3
197, 67
197, 131
197, 195
197, 4
197, 68
197, 132
197, 196
197, 5
197, 69
197, 133
197, 197
197, 6
197, 70
197, 134
197, 198
197, 199
197, 7
197, 71
197, 135
197, 200
197, 8
197, 72
197, 136
197, 201
197, 9
197, 73
197, 137
197, 202
197, 10
197, 74
197, 138
197, 203
197, 11
197, 75
197, 139
197, 204
197, 12
197, 76
197, 140
197, 205
197, 13
197, 77
197, 141
197, 206
197, 14
197, 78
197, 142
197, 207
197, 15
197, 79
197, 143
197, 208
197, 16
197, 80
197, 144
197, 209
197, 17
197, 81
197, 145
197, 210
197, 18
197, 82
197, 146
197, 211
197, 19
197, 83
197, 147
197, 212
197, 20
197, 84
197, 148
197, 213
197, 21
197, 85
197, 149
197, 214
197, 22
197, 86
197, 150
197, 215
197, 23
197, 87
197, 151
197, 216
197, 24
197, 88
197, 152
197, 217
197, 25
197, 89
197, 153
197, 218
197, 26
197, 90
197, 154
197, 219
197, 27
197, 91
197, 155
197, 220
197, 28
197, 92
197, 156
197, 221
197, 29
197, 93
197, 157
197, 222
197, 30
197, 94
197, 158
197, 223
197, 31
197, 95
197, 159
197, 224
197, 32
197, 96
197, 160
197, 225
197, 33
197, 97
197, 161
197, 226
197, 34
197, 98
197, 162
197, 227
197, 35
197, 99
197, 163
197, 228
197, 36
197, 100
197, 164
197, 229
197, 37
197, 101
197, 165
197, 230
197, 38
197, 102
197, 166
197, 231
197, 39
197, 103
197, 167
197, 232
197, 40
197, 104
197, 168
197, 233
197, 41
197, 105
197, 169
197, 234
197, 42
197, 106
197, 170
197, 235
197, 43
197, 107
197, 171
197, 236
197, 44
197, 108
197, 172
197, 237
197, 45
197, 109
197, 173
197, 238
197, 46
197, 110
197, 174
197, 239
197, 47
197, 111
197, 175
197, 240
197, 48
197, 112
197, 176
197, 241
197, 49
197, 113
197, 177
197, 242
197, 50
197, 114
197, 178
197, 243
197, 51
197, 115
197, 179
197, 244
197, 52
197, 116
197, 180
197, 245
197, 53
197, 117
197, 181
197, 246
197, 54
197, 118
197, 182
197, 247
197, 55
197, 119
197, 183
197, 248
197, 56
197, 120
197, 184
197, 249
197, 57
197, 121
197, 185
197, 250
197, 58
197, 122
197, 186
197, 59
197, 123
197, 187
197, 60
197, 124
197, 188
197, 61
197, 125
197, 189
197, 62
197, 126
197, 190
197, 63
197, 127
197, 191
133, 128
133, 64
133, 192
133, 129
133, 65
133, 1
133, 193
133, 194
133, 2
133, 66
133, 130
133, 195
133, 3
133, 67
133, 131
133, 196
133, 4
133, 68
133, 132
133, 197
133, 5
133, 69
133, 133
133, 198
133, 6
133, 70
133, 134
133, 135
133, 199
133, 7
133, 71
133, 136
133, 200
133, 8
133, 72
133, 137
133, 201
133, 9
133, 73
133, 138
133, 202
133, 10
133, 74
133, 139
133, 203
133, 11
133, 75
133, 140
133, 204
133, 12
133, 76
133, 141
133, 205
133, 13
133, 77
133, 142
133, 206
133, 14
133, 78
133, 143
133, 207
133, 15
133, 79
133, 144
133, 208
133, 16
133, 80
133, 145
133, 209
133, 17
133, 81
133, 146
133, 210
133, 18
133, 82
133, 147
133, 211
133, 19
133, 83
133, 148
133, 212
133, 20
133, 84
133, 149
133, 213
133, 21
133, 85
133, 150
133, 214
133, 22
133, 86
133, 151
133, 215
133, 23
133, 87
133, 152
133, 216
133, 24
133, 88
133, 153
133, 217
133, 25
133, 89
133, 154
133, 218
133, 26
133, 90
133, 155
133, 219
133, 27
133, 91
133, 156
133, 220
133, 28
133, 92
133, 157
133, 221
133, 29
133, 93
133, 158
133, 222
133, 30
133, 94
133, 159
133, 223
133, 31
133, 95
133, 160
133, 224
133, 32
133, 96
133, 161
133, 225
133, 33
133, 97
133, 162
133, 226
133, 34
133, 98
133, 163
133, 227
133, 35
133, 99
133, 164
133, 228
133, 36
133, 100
133, 165
133, 229
133, 37
133, 101
133, 166
133, 230
133, 38
133, 102
133, 167
133, 231
133, 39
133, 103
133, 168
133, 232
133, 40
133, 104
133, 169
133, 233
133, 41
133, 105
133, 170
133, 234
133, 42
133, 106
133, 171
133, 235
133, 43
133, 107
133, 172
133, 236
133, 44
133, 108
133, 173
133, 237
133, 45
133, 109
133, 174
133, 238
133, 46
133, 110
133, 175
133, 239
133, 47
133, 111
133, 176
133, 240
133, 48
133, 112
133, 177
133, 241
133, 49
133, 113
133, 178
133, 242
133, 50
133, 114
133, 179
133, 243
133, 51
133, 115
133, 180
133, 244
133, 52
133, 116
133, 181
133, 245
133, 53
133, 117
133, 182
133, 246
133, 54
133, 118
133, 183
133, 247
133, 55
133, 119
133, 184
133, 248
133, 56
133, 120
133, 185
133, 249
133, 57
133, 121
133, 186
133, 250
133, 58
133, 122
133, 187
133, 59
133, 123
133, 188
133, 60
133, 124
133, 189
133, 61
133, 125
133, 190
133, 62
133, 126
133, 191
133, 63
133, 127
69, 64
69, 192
69, 128
69, 65
69, 1
69, 193
69, 129
69, 130
69, 194
69, 2
69, 66
69, 131
69, 195
69, 3
69, 67
69, 132
69, 196
69, 4
69, 68
69, 133
69, 197
69, 5
69, 69
69, 134
69, 198
69, 6
69, 70
69, 71
69, 135
69, 199
69, 7
69, 72
69, 136
69, 200
69, 8
69, 73
69, 137
69, 201
69, 9
69, 74
69, 138
69, 202
69, 10
69, 75
69, 139
69, 203
69, 11
69, 76
69, 140
69, 204
69, 12
69, 77
69, 141
69, 205
69, 13
69, 78
69, 142
69, 206
69, 14
69, 79
69, 143
69, 207
69, 15
69, 80
69, 144
69, 208
69, 16
69, 81
69, 145
69, 209
69, 17
69, 82
69, 146
69, 210
69, 18
69, 83
69, 147
69, 211
69, 19
69, 84
69, 148
69, 212
69, 20
69, 85
69, 149
69, 213
69, 21
69, 86
69, 150
69, 214
69, 22
69, 87
69, 151
69, 215
69, 23
69, 88
69, 152
69, 216
69, 24
69, 89
69, 153
69, 217
69, 25
69, 90
69, 154
69, 218
69, 26
69, 91
69, 155
69, 219
69, 27
69, 92
69, 156
69, 220
69, 28
69, 93
69, 157
69, 221
69, 29
69, 94
69, 158
69, 222
69, 30
69, 95
69, 159
69, 223
69, 31
69, 96
69, 160
69, 224
69, 32
69, 97
69, 161
69, 225
69, 33
69, 98
69, 162
69, 226
69, 34
69, 99
69, 163
69, 227
69, 35
69, 100
69, 164
69, 228
69, 36
69, 101
69, 165
69, 229
69, 37
69, 102
69, 166
69, 230
69, 38
69, 103
69, 167
69, 231
69, 39
69, 104
69, 168
69, 232
69, 40
69, 105
69, 169
69, 233
69, 41
69, 106
69, 170
69, 234
69, 42
69, 107
69, 171
69, 235
69, 43
69, 108
69, 172
69, 236
69, 44
69, 109
69, 173
69, 237
69, 45
69, 110
69, 174
69, 238
69, 46
69, 111
69, 175
69, 239
69, 47
69, 112
69, 176
69, 240
69, 48
69, 113
69, 177
69, 241
69, 49
69, 114
69, 178
69, 242
69, 50
69, 115
69, 179
69, 243
69, 51
69, 116
69, 180
69, 244
69, 52
69, 117
69, 181
69, 245
69, 53
69, 118
69, 182
69, 246
69, 54
69, 119
69, 183
69, 247
69, 55
69, 120
69, 184
69, 248
69, 56
69, 121
69, 185
69, 249
69, 57
69, 122
69, 186
69, 250
69, 58
69, 123
69, 187
69, 59
69, 124
69, 188
69, 60
69, 125
69, 189
69, 61
69, 126
69, 190
69, 62
69, 127
69, 191
69, 63
5, 192
5, 128
5, 64
5, 1
5, 193
5, 129
5, 65
5, 66
5, 130
5, 194
5, 2
5, 67
5, 131
5, 195
5, 3
5, 68
5, 132
5, 196
5, 4
5, 69
5, 133
5, 197
5, 5
5, 70
5, 134
5, 198
5, 6
5, 7
5, 71
5, 135
5, 199
5, 8
5, 72
5, 136
5, 200
5, 9
5, 73
5, 137
5, 201
5, 10
5, 74
5, 138
5, 202
5, 11
5, 75
5, 139
5, 203
5, 12
5, 76
5, 140
5, 204
5, 13
5, 77
5, 141
5, 205
5, 14
5, 78
5, 142
5, 206
5, 15
5, 79
5, 143
5, 207
5, 16
5, 80
5, 144
5, 208
5, 17
5, 81
5, 145
5, 209
5, 18
5, 82
5, 146
5, 210
5, 19
5, 83
5, 147
5, 211
5, 20
5, 84
5, 148
5, 212
5, 21
5, 85
5, 149
5, 213
5, 22
5, 86
5, 150
5, 214
5, 23
5, 87
5, 151
5, 215
5, 24
5, 88
5, 152
5, 216
5, 25
5, 89
5, 153
5, 217
5, 26
5, 90
5, 154
5, 218
5, 27
5, 91
5, 155
5, 219
5, 28
5, 92
5, 156
5, 220
5, 29
5, 93
5, 157
5, 221
5, 30
5, 94
5, 158
5, 222
5, 31
5, 95
5, 159
5, 223
5, 32
5, 96
5, 160
5, 224
5, 33
5, 97
5, 161
5, 225
5, 34
5, 98
5, 162
5, 226
5, 35
5, 99
5, 163
5, 227
5, 36
5, 100
5, 164
5, 228
5, 37
5, 101
5, 165
5, 229
5, 38
5, 102
5, 166
5, 230
5, 39
5, 103
5, 167
5, 231
5, 40
5, 104
5, 168
5, 232
5, 41
5, 105
5, 169
5, 233
5, 42
5, 106
5, 170
5, 234
5, 43
5, 107
5, 171
5, 235
5, 44
5, 108
5, 172
5, 236
5, 45
5, 109
5, 173
5, 237
5, 46
5, 110
5, 174
5, 238
5, 47
5, 111
5, 175
5, 239
5, 48
5, 112
5, 176
5, 240
5, 49
5, 113
5, 177
5, 241
5, 50
5, 114
5, 178
5, 242
5, 51
5, 115
5, 179
5, 243
5, 52
5, 116
5, 180
5, 244
5, 53
5, 117
5, 181
5, 245
5, 54
5, 118
5, 182
5, 246
5, 55
5, 119
5, 183
5, 247
5, 56
5, 120
5, 184
5, 248
5, 57
5, 121
5, 185
5, 249
5, 58
5, 122
5, 186
5, 250
5, 59
5, 123
5, 187
5, 60
5, 124
5, 188
5, 61
5, 125
5, 189
5, 62
5, 126
5, 190
5, 63
5, 127
5, 191
198, 192
198, 128
198, 64
198, 193
198, 129
198, 65
198, 1
198, 2
198, 66
198, 130
198, 194
198, 3
198, 67
198, 131
198, 195
198, 4
198, 68
198, 132
198, 196
198, 5
198, 69
198, 133
198, 197
198, 6
198, 70
198, 134
198, 198
198, 7
198, 71
198, 135
198, 199
198, 200
198, 8
198, 72
198, 136
198, 201
198, 9
198, 73
198, 137
198, 202
198, 10
198, 74
198, 138
198, 203
198, 11
198, 75
198, 139
198, 204
198, 12
198, 76
198, 140
198, 205
198, 13
198, 77
198, 141
198, 206
198, 14
198, 78
198, 142
198, 207
198, 15
198, 79
198, 143
198, 208
198, 16
198, 80
198, 144
198, 209
198, 17
198, 81
198, 145
198, 210
198, 18
198, 82
198, 146
198, 211
198, 19
198, 83
198, 147
198, 212
198, 20
198, 84
198, 148
198, 213
198, 21
198, 85
198, 149
198, 214
198, 22
198, 86
198, 150
198, 215
198, 23
198, 87
198, 151
198, 216
198, 24
198, 88
198, 152
198, 217
198, 25
198, 89
198, 153
198, 218
198, 26
198, 90
198, 154
198, 219
198, 27
198, 91
198, 155
198, 220
198, 28
198, 92
198, 156
198, 221
198, 29
198, 93
198, 157
198, 222
198, 30
198, 94
198, 158
198, 223
198, 31
198, 95
198, 159
198, 224
198, 32
198, 96
198, 160
198, 225
198, 33
198, 97
198, 161
198, 226
198, 34
198, 98
198, 162
198, 227
198, 35
198, 99
198, 163
198, 228
198, 36
198, 100
198, 164
198, 229
198, 37
198, 101
198, 165
198, 230
198, 38
198, 102
198, 166
198, 231
198, 39
198, 103
198, 167
198, 232
198, 40
198, 104
198, 168
198, 233
198, 41
198, 105
198, 169
198, 234
198, 42
198, 106
198, 170
198, 235
198, 43
198, 107
198, 171
198, 236
198, 44
198, 108
198, 172
198, 237
198, 45
198, 109
198, 173
198, 238
198, 46
198, 110
198, 174
198, 239
198, 47
198, 111
198, 175
198, 240
198, 48
198, 112
198, 176
198, 241
198, 49
198, 113
198, 177
198, 242
198, 50
198, 114
198, 178
198, 243
198, 51
198, 115
198, 179
198, 244
198, 52
198, 116
198, 180
198, 245
198, 53
198, 117
198, 181
198, 246
198, 54
198, 118
198, 182
198, 247
198, 55
198, 119
198, 183
198, 248
198, 56
198, 120
198, 184
198, 249
198, 57
198, 121
198, 185
198, 250
198, 58
198, 122
198, 186
198, 59
198, 123
198, 187
198, 60
198, 124
198, 188
198, 61
198, 125
198, 189
198, 62
198, 126
198, 190
198, 63
198, 127
198, 191
134, 128
134, 64
134, 192
134, 129
134, 65
134, 1
134, 193
134, 194
134, 2
134, 66
134, 130
134, 195
134, 3
134, 67
134, 131
134, 196
134, 4
134, 68
134, 132
134, 197
134, 5
134, 69
134, 133
134, 198
134, 6
134, 70
134, 134
134, 199
134, 7
134, 71
134, 135
134, 136
134, 200
134, 8
134, 72
134, 137
134, 201
134, 9
134, 73
134, 138
134, 202
134, 10
134, 74
134, 139
134, 203
134, 11
134, 75
134, 140
134, 204
134, 12
134, 76
134, 141
134, 205
134, 13
134, 77
134, 142
134, 206
134, 14
134, 78
134, 143
134, 207
134, 15
134, 79
134, 144
134, 208
134, 16
134, 80
134, 145
134, 209
134, 17
134, 81
134, 146
134, 210
134, 18
134, 82
134, 147
134, 211
134, 19
134, 83
134, 148
134, 212
134, 20
134, 84
134, 149
134, 213
134, 21
134, 85
134, 150
134, 214
134, 22
134, 86
134, 151
134, 215
134, 23
134, 87
134, 152
134, 216
134, 24
134, 88
134, 153
134, 217
134, 25
134, 89
134, 154
134, 218
134, 26
134, 90
134, 155
134, 219
134, 27
134, 91
134, 156
134, 220
134, 28
134, 92
134, 157
134, 221
134, 29
134, 93
134, 158
134, 222
134, 30
134, 94
134, 159
134, 223
134, 31
134, 95
134, 160
134, 224
134, 32
134, 96
134, 161
134, 225
134, 33
134, 97
134, 162
134, 226
134, 34
134, 98
134, 163
134, 227
134, 35
134, 99
134, 164
134, 228
134, 36
134, 100
134, 165
134, 229
134, 37
134, 101
134, 166
134, 230
134, 38
134, 102
134, 167
134, 231
134, 39
134, 103
134, 168
134, 232
134, 40
134, 104
134, 169
134, 233
134, 41
134, 105
134, 170
134, 234
134, 42
134, 106
134, 171
134, 235
134, 43
134, 107
134, 172
134, 236
134, 44
134, 108
134, 173
134, 237
134, 45
134, 109
134, 174
134, 238
134, 46
134, 110
134, 175
134, 239
134, 47
134, 111
134, 176
134, 240
134, 48
134, 112
134, 177
134, 241
134, 49
134, 113
134, 178
134, 242
134, 50
134, 114
134, 179
134, 243
134, 51
134, 115
134, 180
134, 244
134, 52
134, 116
134, 181
134, 245
134, 53
134, 117
134, 182
134, 246
134, 54
134, 118
134, 183
134, 247
134, 55
134, 119
134, 184
134, 248
134, 56
134, 120
134, 185
134, 249
134, 57
134, 121
134, 186
134, 250
134, 58
134, 122
134, 187
134, 59
134, 123
134, 188
134, 60
134, 124
134, 189
134, 61
134, 125
134, 190
134, 62
134, 126
134, 191
134, 63
134, 127
70, 64
70, 192
70, 128
70, 65
70, 1
70, 193
70, 129
70, 130
70, 194
70, 2
70, 66
70, 131
70, 195
70, 3
70, 67
70, 132
70, 196
70, 4
70, 68
70, 133
70, 197
70, 5
70, 69
70, 134
70, 198
70, 6
70, 70
70, 135
70, 199
70, 7
70, 71
70, 72
70, 136
70, 200
70, 8
70, 73
70, 137
70, 201
70, 9
70, 74
70, 138
70, 202
70, 10
70, 75
70, 139
70, 203
70, 11
70, 76
70, 140
70, 204
70, 12
70, 77
70, 141
70, 205
70, 13
70, 78
70, 142
70, 206
70, 14
70, 79
70, 143
70, 207
70, 15
70, 80
70, 144
70, 208
70, 16
70, 81
70, 145
70, 209
70, 17
70, 82
70, 146
70, 210
70, 18
70, 83
70, 147
70, 211
70, 19
70, 84
70, 148
70, 212
70, 20
70, 85
70, 149
70, 213
70, 21
70, 86
70, 150
70, 214
70, 22
70, 87
70, 151
70, 215
70, 23
70, 88
70, 152
70, 216
70, 24
70, 89
70, 153
70, 217
70, 25
70, 90
70, 154
70, 218
70, 26
70, 91
70, 155
70, 219
70, 27
70, 92
70, 156
70, 220
70, 28
70, 93
70, 157
70, 221
70, 29
70, 94
70, 158
70, 222
70, 30
70, 95
70, 159
70, 223
70, 31
70, 96
70, 160
70, 224
70, 32
70, 97
70, 161
70, 225
70, 33
70, 98
70, 162
70, 226
70, 34
70, 99
70, 163
70, 227
70, 35
70, 100
70, 164
70, 228
70, 36
70, 101
70, 165
70, 229
70, 37
70, 102
70, 166
70, 230
70, 38
70, 103
70, 167
70, 231
70, 39
70, 104
70, 168
70, 232
70, 40
70, 105
70, 169
70, 233
70, 41
70, 106
70, 170
70, 234
70, 42
70, 107
70, 171
70, 235
70, 43
70, 108
70, 172
70, 236
70, 44
70, 109
70, 173
70, 237
70, 45
70, 110
70, 174
70, 238
70, 46
70, 111
70, 175
70, 239
70, 47
70, 112
70, 176
70, 240
70, 48
70, 113
70, 177
70, 241
70, 49
70, 114
70, 178
70, 242
70, 50
70, 115
70, 179
70, 243
70, 51
70, 116
70, 180
70, 244
70, 52
70, 117
70, 181
70, 245
70, 53
70, 118
70, 182
70, 246
70, 54
70, 119
70, 183
70, 247
70, 55
70, 120
70, 184
70, 248
70, 56
70, 121
70, 185
70, 249
70, 57
70, 122
70, 186
70, 250
70, 58
70, 123
70, 187
70, 59
70, 124
70, 188
70, 60
70, 125
70, 189
70, 61
70, 126
70, 190
70, 62
70, 127
70, 191
70, 63
6, 192
6, 128
6, 64
6, 1
6, 193
6, 129
6, 65
6, 66
6, 130
6, 194
6, 2
6, 67
6, 131
6, 195
6, 3
6, 68
6, 132
6, 196
6, 4
6, 69
6, 133
6, 197
6, 5
6, 70
6, 134
6, 198
6, 6
6, 71
6, 135
6, 199
6, 7
6, 8
6, 72
6, 136
6, 200
6, 9
6, 73
6, 137
6, 201
6, 10
6, 74
6, 138
6, 202
6, 11
6, 75
6, 139
6, 203
6, 12
6, 76
6, 140
6, 204
6, 13
6, 77
6, 141
6, 205
6, 14
6, 78
6, 142
6, 206
6, 15
6, 79
6, 143
6, 207
6, 16
6, 80
6, 144
6, 208
6, 17
6, 81
6, 145
6, 209
6, 18
6, 82
6, 146
6, 210
6, 19
6, 83
6, 147
6, 211
6, 20
6, 84
6, 148
6, 212
6, 21
6, 85
6, 149
6, 213
6, 22
6, 86
6, 150
6, 214
6, 23
6, 87
6, 151
6, 215
6, 24
6, 88
6, 152
6, 216
6, 25
6, 89
6, 153
6, 217
6, 26
6, 90
6, 154
6, 218
6, 27
6, 91
6, 155
6, 219
6, 28
6, 92
6, 156
6, 220
6, 29
6, 93
6, 157
6, 221
6, 30
6, 94
6, 158
6, 222
6, 31
6, 95
6, 159
6, 223
6, 32
6, 96
6, 160
6, 224
6, 33
6, 97
6, 161
6, 225
6, 34
6, 98
6, 162
6, 226
6, 35
6, 99
6, 163
6, 227
6, 36
6, 100
6, 164
6, 228
6, 37
6, 101
6, 165
6, 229
6, 38
6, 102
6, 166
6, 230
6, 39
6, 103
6, 167
6, 231
6, 40
6, 104
6, 168
6, 232
6, 41
6, 105
6, 169
6, 233
6, 42
6, 106
6, 170
6, 234
6, 43
6, 107
6, 171
6, 235
6, 44
6, 108
6, 172
6, 236
6, 45
6, 109
6, 173
6, 237
6, 46
6, 110
6, 174
6, 238
6, 47
6, 111
6, 175
6, 239
6, 48
6, 112
6, 176
6, 240
6, 49
6, 113
6, 177
6, 241
6, 50
6, 114
6, 178
6, 242
6, 51
6, 115
6, 179
6, 243
6, 52
6, 116
6, 180
6, 244
6, 53
6, 117
6, 181
6, 245
6, 54
6, 118
6, 182
6, 246
6, 55
6, 119
6, 183
6, 247
6, 56
6, 120
6, 184
6, 248
6, 57
6, 121
6, 185
6, 249
6, 58
6, 122
6, 186
6, 250
6, 59
6, 123
6, 187
6, 60
6, 124
6, 188
6, 61
6, 125
6, 189
6, 62
6, 126
6, 190
6, 63
6, 127
6, 191
199, 192
199, 128
199, 64
199, 193
199, 129
199, 65
199, 1
199, 2
199, 66
199, 130
199, 194
199, 3
199, 67
199, 131
199, 195
199, 4
199, 68
199, 132
199, 196
199, 5
199, 69
199, 133
199, 197
199, 6
199, 70
199, 134
199, 198
199, 7
199, 71
199, 135
199, 199
199, 8
199, 72
199, 136
199, 200
199, 201
199, 9
199, 73
199, 137
199, 202
199, 10
199, 74
199, 138
199, 203
199, 11
199, 75
199, 139
199, 204
199, 12
199, 76
199, 140
199, 205
199, 13
199, 77
199, 141
199, 206
199, 14
199, 78
199, 142
199, 207
199, 15
199, 79
199, 143
199, 208
199, 16
199, 80
199, 144
199, 209
199, 17
199, 81
199, 145
199, 210
199, 18
199, 82
199, 146
199, 211
199, 19
199, 83
199, 147
199, 212
199, 20
199, 84
199, 148
199, 213
199, 21
199, 85
199, 149
199, 214
199, 22
199, 86
199, 150
199, 215
199, 23
199, 87
199, 151
199, 216
199, 24
199, 88
199, 152
199, 217
199, 25
199, 89
199, 153
199, 218
199, 26
199, 90
199, 154
199, 219
199, 27
199, 91
199, 155
199, 220
199, 28
199, 92
199, 156
199, 221
199, 29
199, 93
199, 157
199, 222
199, 30
199, 94
199, 158
199, 223
199, 31
199, 95
199, 159
199, 224
199, 32
199, 96
199, 160
199, 225
199, 33
199, 97
199, 161
199, 226
199, 34
199, 98
199, 162
199, 227
199, 35
199, 99
199, 163
199, 228
199, 36
199, 100
199, 164
199, 229
199, 37
199, 101
199, 165
199, 230
199, 38
199, 102
199, 166
199, 231
199, 39
199, 103
199, 167
199, 232
199, 40
199, 104
199, 168
199, 233
199, 41
199, 105
199, 169
199, 234
199, 42
199, 106
199, 170
199, 235
199, 43
199, 107
199, 171
199, 236
199, 44
199, 108
199, 172
199, 237
199, 45
199, 109
199, 173
199, 238
199, 46
199, 110
199, 174
199, 239
199, 47
199, 111
199, 175
199, 240
199, 48
199, 112
199, 176
199, 241
199, 49
199, 113
199, 177
199, 242
199, 50
199, 114
199, 178
199, 243
199, 51
199, 115
199, 179
199, 244
199, 52
199, 116
199, 180
199, 245
199, 53
199, 117
199, 181
199, 246
199, 54
199, 118
199, 182
199, 247
199, 55
199, 119
199, 183
199, 248
199, 56
199, 120
199, 184
199, 249
199, 57
199, 121
199, 185
199, 250
199, 58
199, 122
199, 186
199, 59
199, 123
199, 187
199, 60
199, 124
199, 188
199, 61
199, 125
199, 189
199, 62
199, 126
199, 190
199, 63
199, 127
199, 191
135, 128
135, 64
135, 192
135, 129
135, 65
135, 1
135, 193
135, 194
135, 2
135, 66
135, 130
135, 195
135, 3
135, 67
135, 131
135, 196
135, 4
135, 68
135, 132
135, 197
135, 5
135, 69
135, 133
135, 198
135, 6
135, 70
135, 134
135, 199
135, 7
135, 71
135, 135
135, 200
135, 8
135, 72
135, 136
135, 137
135, 201
135, 9
135, 73
135, 138
135, 202
135, 10
135, 74
135, 139
135, 203
135, 11
135, 75
135, 140
135, 204
135, 12
135, 76
135, 141
135, 205
135, 13
135, 77
135, 142
135, 206
135, 14
135, 78
135, 143
135, 207
135, 15
135, 79
135, 144
135, 208
135, 16
135, 80
135, 145
135, 209
135, 17
135, 81
135, 146
135, 210
135, 18
135, 82
135, 147
135, 211
135, 19
135, 83
135, 148
135, 212
135, 20
135, 84
135, 149
135, 213
135, 21
135, 85
135, 150
135, 214
135, 22
135, 86
135, 151
135, 215
135, 23
135, 87
135, 152
135, 216
135, 24
135, 88
135, 153
135, 217
135, 25
135, 89
135, 154
135, 218
135, 26
135, 90
135, 155
135, 219
135, 27
135, 91
135, 156
135, 220
135, 28
135, 92
135, 157
135, 221
135, 29
135, 93
135, 158
135, 222
135, 30
135, 94
135, 159
135, 223
135, 31
135, 95
135, 160
135, 224
135, 32
135, 96
135, 161
135, 225
135, 33
135, 97
135, 162
135, 226
135, 34
135, 98
135, 163
135, 227
135, 35
135, 99
135, 164
135, 228
135, 36
135, 100
135, 165
135, 229
135, 37
135, 101
135, 166
135, 230
135, 38
135, 102
135, 167
135, 231
135, 39
135, 103
135, 168
135, 232
135, 40
135, 104
135, 169
135, 233
135, 41
135, 105
135, 170
135, 234
135, 42
135, 106
135, 171
135, 235
135, 43
135, 107
135, 172
135, 236
135, 44
135, 108
135, 173
135, 237
135, 45
135, 109
135, 174
135, 238
135, 46
135, 110
135, 175
135, 239
135, 47
135, 111
135, 176
135, 240
135, 48
135, 112
135, 177
135, 241
135, 49
135, 113
135, 178
135, 242
135, 50
135, 114
135, 179
135, 243
135, 51
135, 115
135, 180
135, 244
135, 52
135, 116
135, 181
135, 245
135, 53
135, 117
135, 182
135, 246
135, 54
135, 118
135, 183
135, 247
135, 55
135, 119
135, 184
135, 248
135, 56
135, 120
135, 185
135, 249
135, 57
135, 121
135, 186
135, 250
135, 58
135, 122
135, 187
135, 59
135, 123
135, 188
135, 60
135, 124
135, 189
135, 61
135, 125
135, 190
135, 62
135, 126
135, 191
135, 63
135, 127
71, 64
71, 192
71, 128
71, 65
71, 1
71, 193
71, 129
71, 130
71, 194
71, 2
71, 66
71, 131
71, 195
71, 3
71, 67
71, 132
71, 196
71, 4
71, 68
71, 133
71, 197
71, 5
71, 69
71, 134
71, 198
71, 6
71, 70
71, 135
71, 199
71, 7
71, 71
71, 136
71, 200
71, 8
71, 72
71, 73
71, 137
71, 201
71, 9
71, 74
71, 138
71, 202
71, 10
71, 75
71, 139
71, 203
71, 11
71, 76
71, 140
71, 204
71, 12
71, 77
71, 141
71, 205
71, 13
71, 78
71, 142
71, 206
71, 14
71, 79
71, 143
71, 207
71, 15
71, 80
71, 144
71, 208
71, 16
71, 81
71, 145
71, 209
71, 17
71, 82
71, 146
71, 210
71, 18
71, 83
71, 147
71, 211
71, 19
71, 84
71, 148
71, 212
71, 20
71, 85
71, 149
71, 213
71, 21
71, 86
71, 150
71, 214
71, 22
71, 87
71, 151
71, 215
71, 23
71, 88
71, 152
71, 216
71, 24
71, 89
71, 153
71, 217
71, 25
71, 90
71, 154
71, 218
71, 26
71, 91
71, 155
71, 219
71, 27
71, 92
71, 156
71, 220
71, 28
71, 93
71, 157
71, 221
71, 29
71, 94
71, 158
71, 222
71, 30
71, 95
71, 159
71, 223
71, 31
71, 96
71, 160
71, 224
71, 32
71, 97
71, 161
71, 225
71, 33
71, 98
71, 162
71, 226
71, 34
71, 99
71, 163
71, 227
71, 35
71, 100
71, 164
71, 228
71, 36
71, 101
71, 165
71, 229
71, 37
71, 102
71, 166
71, 230
71, 38
71, 103
71, 167
71, 231
71, 39
71, 104
71, 168
71, 232
71, 40
71, 105
71, 169
71, 233
71, 41
71, 106
71, 170
71, 234
71, 42
71, 107
71, 171
71, 235
71, 43
71, 108
71, 172
71, 236
71, 44
71, 109
71, 173
71, 237
71, 45
71, 110
71, 174
71, 238
71, 46
71, 111
71, 175
71, 239
71, 47
71, 112
71, 176
71, 240
71, 48
71, 113
71, 177
71, 241
71, 49
71, 114
71, 178
71, 242
71, 50
71, 115
71, 179
71, 243
71, 51
71, 116
71, 180
71, 244
71, 52
71, 117
71, 181
71, 245
71, 53
71, 118
71, 182
71, 246
71, 54
71, 119
71, 183
71, 247
71, 55
71, 120
71, 184
71, 248
71, 56
71, 121
71, 185
71, 249
71, 57
71, 122
71, 186
71, 250
71, 58
71, 123
71, 187
71, 59
71, 124
71, 188
71, 60
71, 125
71, 189
71, 61
71, 126
71, 190
71, 62
71, 127
71, 191
71, 63
7, 192
7, 128
7, 64
7, 1
7, 193
7, 129
7, 65
7, 66
7, 130
7, 194
7, 2
7, 67
7, 131
7, 195
7, 3
7, 68
7, 132
7, 196
7, 4
7, 69
7, 133
7, 197
7, 5
7, 70
7, 134
7, 198
7, 6
7, 71
7, 135
7, 199
7, 7
7, 72
7, 136
7, 200
7, 8
7, 9
7, 73
7, 137
7, 201
7, 10
7, 74
7, 138
7, 202
7, 11
7, 75
7, 139
7, 203
7, 12
7, 76
7, 140
7, 204
7, 13
7, 77
7, 141
7, 205
7, 14
7, 78
7, 142
7, 206
7, 15
7, 79
7, 143
7, 207
7, 16
7, 80
7, 144
7, 208
7, 17
7, 81
7, 145
7, 209
7, 18
7, 82
7, 146
7, 210
7, 19
7, 83
7, 147
7, 211
7, 20
7, 84
7, 148
7, 212
7, 21
7, 85
7, 149
7, 213
7, 22
7, 86
7, 150
7, 214
7, 23
7, 87
7, 151
7, 215
7, 24
7, 88
7, 152
7, 216
7, 25
7, 89
7, 153
7, 217
7, 26
7, 90
7, 154
7, 218
7, 27
7, 91
7, 155
7, 219
7, 28
7, 92
7, 156
7, 220
7, 29
7, 93
7, 157
7, 221
7, 30
7, 94
7, 158
7, 222
7, 31
7, 95
7, 159
7, 223
7, 32
7, 96
7, 160
7, 224
7, 33
7, 97
7, 161
7, 225
7, 34
7, 98
7, 162
7, 226
7, 35
7, 99
7, 163
7, 227
7, 36
7, 100
7, 164
7, 228
7, 37
7, 101
7, 165
7, 229
7, 38
7, 102
7, 166
7, 230
7, 39
7, 103
7, 167
7, 231
7, 40
7, 104
7, 168
7, 232
7, 41
7, 105
7, 169
7, 233
7, 42
7, 106
7, 170
7, 234
7, 43
7, 107
7, 171
7, 235
7, 44
7, 108
7, 172
7, 236
7, 45
7, 109
7, 173
7, 237
7, 46
7, 110
7, 174
7, 238
7, 47
7, 111
7, 175
7, 239
7, 48
7, 112
7, 176
7, 240
7, 49
7, 113
7, 177
7, 241
7, 50
7, 114
7, 178
7, 242
7, 51
7, 115
7, 179
7, 243
7, 52
7, 116
7, 180
7, 244
7, 53
7, 117
7, 181
7, 245
7, 54
7, 118
7, 182
7, 246
7, 55
7, 119
7, 183
7, 247
7, 56
7, 120
7, 184
7, 248
7, 57
7, 121
7, 185
7, 249
7, 58
7, 122
7, 186
7, 250
7, 59
7, 123
7, 187
7, 60
7, 124
7, 188
7, 61
7, 125
7, 189
7, 62
7, 126
7, 190
7, 63
7, 127
7, 191
200, 192
200, 128
200, 64
200, 193
200, 129
200, 65
200, 1
200, 2
200, 66
200, 130
200, 194
200, 3
200, 67
200, 131
200, 195
200, 4
200, 68
200, 132
200, 196
200, 5
200, 69
200, 133
200, 197
200, 6
200, 70
200, 134
200, 198
200, 7
200, 71
200, 135
200, 199
200, 8
200, 72
200, 136
200, 200
200, 9
200, 73
200, 137
200, 201
200, 202
200, 10
200, 74
200, 138
200, 203
200, 11
200, 75
200, 139
200, 204
200, 12
200, 76
200, 140
200, 205
200, 13
200, 77
200, 141
200, 206
200, 14
200, 78
200, 142
200, 207
200, 15
200, 79
200, 143
200, 208
200, 16
200, 80
200, 144
200, 209
200, 17
200, 81
200, 145
200, 210
200, 18
200, 82
200, 146
200, 211
200, 19
200, 83
200, 147
200, 212
200, 20
200, 84
200, 148
200, 213
200, 21
200, 85
200, 149
200, 214
200, 22
200, 86
200, 150
200, 215
200, 23
200, 87
200, 151
200, 216
200, 24
200, 88
200, 152
200, 217
200, 25
200, 89
200, 153
200, 218
200, 26
200, 90
200, 154
200, 219
200, 27
200, 91
200, 155
200, 220
200, 28
200, 92
200, 156
200, 221
200, 29
200, 93
200, 157
200, 222
200, 30
200, 94
200, 158
200, 223
200, 31
200, 95
200, 159
200, 224
200, 32
200, 96
200, 160
200, 225
200, 33
200, 97
200, 161
200, 226
200, 34
200, 98
200, 162
200, 227
200, 35
200, 99
200, 163
200, 228
200, 36
200, 100
200, 164
200, 229
200, 37
200, 101
200, 165
200, 230
200, 38
200, 102
200, 166
200, 231
200, 39
200, 103
200, 167
200, 232
200, 40
200, 104
200, 168
200, 233
200, 41
200, 105
200, 169
200, 234
200, 42
200, 106
200, 170
200, 235
200, 43
200, 107
200, 171
200, 236
200, 44
200, 108
200, 172
200, 237
200, 45
200, 109
200, 173
200, 238
200, 46
200, 110
200, 174
200, 239
200, 47
200, 111
200, 175
200, 240
200, 48
200, 112
200, 176
200, 241
200, 49
200, 113
200, 177
200, 242
200, 50
200, 114
200, 178
200, 243
200, 51
200, 115
200, 179
200, 244
200, 52
200, 116
200, 180
200, 245
200, 53
200, 117
200, 181
200, 246
200, 54
200, 118
200, 182
200, 247
200, 55
200, 119
200, 183
200, 248
200, 56
200, 120
200, 184
200, 249
200, 57
200, 121
200, 185
200, 250
200, 58
200, 122
200, 186
200, 59
200, 123
200, 187
200, 60
200, 124
200, 188
200, 61
200, 125
200, 189
200, 62
200, 126
200, 190
200, 63
200, 127
200, 191
136, 128
136, 64
136, 192
136, 129
136, 65
136, 1
136, 193
136, 194
136, 2
136, 66
136, 130
136, 195
136, 3
136, 67
136, 131
136, 196
136, 4
136, 68
136, 132
136, 197
136, 5
136, 69
136, 133
136, 198
136, 6
136, 70
136, 134
136, 199
136, 7
136, 71
136, 135
136, 200
136, 8
136, 72
136, 136
136, 201
136, 9
136, 73
136, 137
136, 138
136, 202
136, 10
136, 74
136, 139
136, 203
136, 11
136, 75
136, 140
136, 204
136, 12
136, 76
136, 141
136, 205
136, 13
136, 77
136, 142
136, 206
136, 14
136, 78
136, 143
136, 207
136, 15
136, 79
136, 144
136, 208
136, 16
136, 80
136, 145
136, 209
136, 17
136, 81
136, 146
136, 210
136, 18
136, 82
136, 147
136, 211
136, 19
136, 83
136, 148
136, 212
136, 20
136, 84
136, 149
136, 213
136, 21
136, 85
136, 150
136, 214
136, 22
136, 86
136, 151
136, 215
136, 23
136, 87
136, 152
136, 216
136, 24
136, 88
136, 153
136, 217
136, 25
136, 89
136, 154
136, 218
136, 26
136, 90
136, 155
136, 219
136, 27
136, 91
136, 156
136, 220
136, 28
136, 92
136, 157
136, 221
136, 29
136, 93
136, 158
136, 222
136, 30
136, 94
136, 159
136, 223
136, 31
136, 95
136, 160
136, 224
136, 32
136, 96
136, 161
136, 225
136, 33
136, 97
136, 162
136, 226
136, 34
136, 98
136, 163
136, 227
136, 35
136, 99
136, 164
136, 228
136, 36
136, 100
136, 165
136, 229
136, 37
136, 101
136, 166
136, 230
136, 38
136, 102
136, 167
136, 231
136, 39
136, 103
136, 168
136, 232
136, 40
136, 104
136, 169
136, 233
136, 41
136, 105
136, 170
136, 234
136, 42
136, 106
136, 171
136, 235
136, 43
136, 107
136, 172
136, 236
136, 44
136, 108
136, 173
136, 237
136, 45
136, 109
136, 174
136, 238
136, 46
136, 110
136, 175
136, 239
136, 47
136, 111
136, 176
136, 240
136, 48
136, 112
136, 177
136, 241
136, 49
136, 113
136, 178
136, 242
136, 50
136, 114
136, 179
136, 243
136, 51
136, 115
136, 180
136, 244
136, 52
136, 116
136, 181
136, 245
136, 53
136, 117
136, 182
136, 246
136, 54
136, 118
136, 183
136, 247
136, 55
136, 119
136, 184
136, 248
136, 56
136, 120
136, 185
136, 249
136, 57
136, 121
136, 186
136, 250
136, 58
136, 122
136, 187
136, 59
136, 123
136, 188
136, 60
136, 124
136, 189
136, 61
136, 125
136, 190
136, 62
136, 126
136, 191
136, 63
136, 127
72, 64
72, 192
72, 128
72, 65
72, 1
72, 193
72, 129
72, 130
72, 194
72, 2
72, 66
72, 131
72, 195
72, 3
72, 67
72, 132
72, 196
72, 4
72, 68
72, 133
72, 197
72, 5
72, 69
72, 134
72, 198
72, 6
72, 70
72, 135
72, 199
72, 7
72, 71
72, 136
72, 200
72, 8
72, 72
72, 137
72, 201
72, 9
72, 73
72, 74
72, 138
72, 202
72, 10
72, 75
72, 139
72, 203
72, 11
72, 76
72, 140
72, 204
72, 12
72, 77
72, 141
72, 205
72, 13
72, 78
72, 142
72, 206
72, 14
72, 79
72, 143
72, 207
72, 15
72, 80
72, 144
72, 208
72, 16
72, 81
72, 145
72, 209
72, 17
72, 82
72, 146
72, 210
72, 18
72, 83
72, 147
72, 211
72, 19
72, 84
72, 148
72, 212
72, 20
72, 85
72, 149
72, 213
72, 21
72, 86
72, 150
72, 214
72, 22
72, 87
72, 151
72, 215
72, 23
72, 88
72, 152
72, 216
72, 24
72, 89
72, 153
72, 217
72, 25
72, 90
72, 154
72, 218
72, 26
72, 91
72, 155
72, 219
72, 27
72, 92
72, 156
72, 220
72, 28
72, 93
72, 157
72, 221
72, 29
72, 94
72, 158
72, 222
72, 30
72, 95
72, 159
72, 223
72, 31
72, 96
72, 160
72, 224
72, 32
72, 97
72, 161
72, 225
72, 33
72, 98
72, 162
72, 226
72, 34
72, 99
72, 163
72, 227
72, 35
72, 100
72, 164
72, 228
72, 36
72, 101
72, 165
72, 229
72, 37
72, 102
72, 166
72, 230
72, 38
72, 103
72, 167
72, 231
72, 39
72, 104
72, 168
72, 232
72, 40
72, 105
72, 169
72, 233
72, 41
72, 106
72, 170
72, 234
72, 42
72, 107
72, 171
72, 235
72, 43
72, 108
72, 172
72, 236
72, 44
72, 109
72, 173
72, 237
72, 45
72, 110
72, 174
72, 238
72, 46
72, 111
72, 175
72, 239
72, 47
72, 112
72, 176
72, 240
72, 48
72, 113
72, 177
72, 241
72, 49
72, 114
72, 178
72, 242
72, 50
72, 115
72, 179
72, 243
72, 51
72, 116
72, 180
72, 244
72, 52
72, 117
72, 181
72, 245
72, 53
72, 118
72, 182
72, 246
72, 54
72, 119
72, 183
72, 247
72, 55
72, 120
72, 184
72, 248
72, 56
72, 121
72, 185
72, 249
72, 57
72, 122
72, 186
72, 250
72, 58
72, 123
72, 187
72, 59
72, 124
72, 188
72, 60
72, 125
72, 189
72, 61
72, 126
72, 190
72, 62
72, 127
72, 191
72, 63
8, 192
8, 128
8, 64
8, 1
8, 193
8, 129
8, 65
8, 66
8, 130
8, 194
8, 2
8, 67
8, 131
8, 195
8, 3
8, 68
8, 132
8, 196
8, 4
8, 69
8, 133
8, 197
8, 5
8, 70
8, 134
8, 198
8, 6
8, 71
8, 135
8, 199
8, 7
8, 72
8, 136
8, 200
8, 8
8, 73
8, 137
8, 201
8, 9
8, 10
8, 74
8, 138
8, 202
8, 11
8, 75
8, 139
8, 203
8, 12
8, 76
8, 140
8, 204
8, 13
8, 77
8, 141
8, 205
8, 14
8, 78
8, 142
8, 206
8, 15
8, 79
8, 143
8, 207
8, 16
8, 80
8, 144
8, 208
8, 17
8, 81
8, 145
8, 209
8, 18
8, 82
8, 146
8, 210
8, 19
8, 83
8, 147
8, 211
8, 20
8, 84
8, 148
8, 212
8, 21
8, 85
8, 149
8, 213
8, 22
8, 86
8, 150
8, 214
8, 23
8, 87
8, 151
8, 215
8, 24
8, 88
8, 152
8, 216
8, 25
8, 89
8, 153
8, 217
8, 26
8, 90
8, 154
8, 218
8, 27
8, 91
8, 155
8, 219
8, 28
8, 92
8, 156
8, 220
8, 29
8, 93
8, 157
8, 221
8, 30
8, 94
8, 158
8, 222
8, 31
8, 95
8, 159
8, 223
8, 32
8, 96
8, 160
8, 224
8, 33
8, 97
8, 161
8, 225
8, 34
8, 98
8, 162
8, 226
8, 35
8, 99
8, 163
8, 227
8, 36
8, 100
8, 164
8, 228
8, 37
8, 101
8, 165
8, 229
8, 38
8, 102
8, 166
8, 230
8, 39
8, 103
8, 167
8, 231
8, 40
8, 104
8, 168
8, 232
8, 41
8, 105
8, 169
8, 233
8, 42
8, 106
8, 170
8, 234
8, 43
8, 107
8, 171
8, 235
8, 44
8, 108
8, 172
8, 236
8, 45
8, 109
8, 173
8, 237
8, 46
8, 110
8, 174
8, 238
8, 47
8, 111
8, 175
8, 239
8, 48
8, 112
8, 176
8, 240
8, 49
8, 113
8, 177
8, 241
8, 50
8, 114
8, 178
8, 242
8, 51
8, 115
8, 179
8, 243
8, 52
8, 116
8, 180
8, 244
8, 53
8, 117
8, 181
8, 245
8, 54
8, 118
8, 182
8, 246
8, 55
8, 119
8, 183
8, 247
8, 56
8, 120
8, 184
8, 248
8, 57
8, 121
8, 185
8, 249
8, 58
8, 122
8, 186
8, 250
8, 59
8, 123
8, 187
8, 60
8, 124
8, 188
8, 61
8, 125
8, 189
8, 62
8, 126
8, 190
8, 63
8, 127
8, 191
201, 192
201, 128
201, 64
201, 193
201, 129
201, 65
201, 1
201, 2
201, 66
201, 130
201, 194
201, 3
201, 67
201, 131
201, 195
201, 4
201, 68
201, 132
201, 196
201, 5
201, 69
201, 133
201, 197
201, 6
201, 70
201, 134
201, 198
201, 7
201, 71
201, 135
201, 199
201, 8
201, 72
201, 136
201, 200
201, 9
201, 73
201, 137
201, 201
201, 10
201, 74
201, 138
201, 202
201, 203
201, 11
201, 75
201, 139
201, 204
201, 12
201, 76
201, 140
201, 205
201, 13
201, 77
201, 141
201, 206
201, 14
201, 78
201, 142
201, 207
201, 15
201, 79
201, 143
201, 208
201, 16
201, 80
201, 144
201, 209
201, 17
201, 81
201, 145
201, 210
201, 18
201, 82
201, 146
201, 211
201, 19
201, 83
201, 147
201, 212
201, 20
201, 84
201, 148
201, 213
201, 21
201, 85
201, 149
201, 214
201, 22
201, 86
201, 150
201, 215
201, 23
201, 87
201, 151
201, 216
201, 24
201, 88
201, 152
201, 217
201, 25
201, 89
201, 153
201, 218
201, 26
201, 90
201, 154
201, 219
201, 27
201, 91
201, 155
201, 220
201, 28
201, 92
201, 156
201, 221
201, 29
201, 93
201, 157
201, 222
201, 30
201, 94
201, 158
201, 223
201, 31
201, 95
201, 159
201, 224
201, 32
201, 96
201, 160
201, 225
201, 33
201, 97
201, 161
201, 226
201, 34
201, 98
201, 162
201, 227
201, 35
201, 99
201, 163
201, 228
201, 36
201, 100
201, 164
201, 229
201, 37
201, 101
201, 165
201, 230
201, 38
201, 102
201, 166
201, 231
201, 39
201, 103
201, 167
201, 232
201, 40
201, 104
201, 168
201, 233
201, 41
201, 105
201, 169
201, 234
201, 42
201, 106
201, 170
201, 235
201, 43
201, 107
201, 171
201, 236
201, 44
201, 108
201, 172
201, 237
201, 45
201, 109
201, 173
201, 238
201, 46
201, 110
201, 174
201, 239
201, 47
201, 111
201, 175
201, 240
201, 48
201, 112
201, 176
201, 241
201, 49
201, 113
201, 177
201, 242
201, 50
201, 114
201, 178
201, 243
201, 51
201, 115
201, 179
201, 244
201, 52
201, 116
201, 180
201, 245
201, 53
201, 117
201, 181
201, 246
201, 54
201, 118
201, 182
201, 247
201, 55
201, 119
201, 183
201, 248
201, 56
201, 120
201, 184
201, 249
201, 57
201, 121
201, 185
201, 250
201, 58
201, 122
201, 186
201, 59
201, 123
201, 187
201, 60
201, 124
201, 188
201, 61
201, 125
201, 189
201, 62
201, 126
201, 190
201, 63
201, 127
201, 191
137, 128
137, 64
137, 192
137, 129
137, 65
137, 1
137, 193
137, 194
137, 2
137, 66
137, 130
137, 195
137, 3
137, 67
137, 131
137, 196
137, 4
137, 68
137, 132
137, 197
137, 5
137, 69
137, 133
137, 198
137, 6
137, 70
137, 134
137, 199
137, 7
137, 71
137, 135
137, 200
137, 8
137, 72
137, 136
137, 201
137, 9
137, 73
137, 137
137, 202
137, 10
137, 74
137, 138
137, 139
137, 203
137, 11
137, 75
137, 140
137, 204
137, 12
137, 76
137, 141
137, 205
137, 13
137, 77
137, 142
137, 206
137, 14
137, 78
137, 143
137, 207
137, 15
137, 79
137, 144
137, 208
137, 16
137, 80
137, 145
137, 209
137, 17
137, 81
137, 146
137, 210
137, 18
137, 82
137, 147
137, 211
137, 19
137, 83
137, 148
137, 212
137, 20
137, 84
137, 149
137, 213
137, 21
137, 85
137, 150
137, 214
137, 22
137, 86
137, 151
137, 215
137, 23
137, 87
137, 152
137, 216
137, 24
137, 88
137, 153
137, 217
137, 25
137, 89
137, 154
137, 218
137, 26
137, 90
137, 155
137, 219
137, 27
137, 91
137, 156
137, 220
137, 28
137, 92
137, 157
137, 221
137, 29
137, 93
137, 158
137, 222
137, 30
137, 94
137, 159
137, 223
137, 31
137, 95
137, 160
137, 224
137, 32
137, 96
137, 161
137, 225
137, 33
137, 97
137, 162
137, 226
137, 34
137, 98
137, 163
137, 227
137, 35
137, 99
137, 164
137, 228
137, 36
137, 100
137, 165
137, 229
137, 37
137, 101
137, 166
137, 230
137, 38
137, 102
137, 167
137, 231
137, 39
137, 103
137, 168
137, 232
137, 40
137, 104
137, 169
137, 233
137, 41
137, 105
137, 170
137, 234
137, 42
137, 106
137, 171
137, 235
137, 43
137, 107
137, 172
137, 236
137, 44
137, 108
137, 173
137, 237
137, 45
137, 109
137, 174
137, 238
137, 46
137, 110
137, 175
137, 239
137, 47
137, 111
137, 176
137, 240
137, 48
137, 112
137, 177
137, 241
137, 49
137, 113
137, 178
137, 242
137, 50
137, 114
137, 179
137, 243
137, 51
137, 115
137, 180
137, 244
137, 52
137, 116
137, 181
137, 245
137, 53
137, 117
137, 182
137, 246
137, 54
137, 118
137, 183
137, 247
137, 55
137, 119
137, 184
137, 248
137, 56
137, 120
137, 185
137, 249
137, 57
137, 121
137, 186
137, 250
137, 58
137, 122
137, 187
137, 59
137, 123
137, 188
137, 60
137, 124
137, 189
137, 61
137, 125
137, 190
137, 62
137, 126
137, 191
137, 63
137, 127
73, 64
73, 192
73, 128
73, 65
73, 1
73, 193
73, 129
73, 130
73, 194
73, 2
73, 66
73, 131
73, 195
73, 3
73, 67
73, 132
73, 196
73, 4
73, 68
73, 133
73, 197
73, 5
73, 69
73, 134
73, 198
73, 6
73, 70
73, 135
73, 199
73, 7
73, 71
73, 136
73, 200
73, 8
73, 72
73, 137
73, 201
73, 9
73, 73
73, 138
73, 202
73, 10
73, 74
73, 75
73, 139
73, 203
73, 11
73, 76
73, 140
73, 204
73, 12
73, 77
73, 141
73, 205
73, 13
73, 78
73, 142
73, 206
73, 14
73, 79
73, 143
73, 207
73, 15
73, 80
73, 144
73, 208
73, 16
73, 81
73, 145
73, 209
73, 17
73, 82
73, 146
73, 210
73, 18
73, 83
73, 147
73, 211
73, 19
73, 84
73, 148
73, 212
73, 20
73, 85
73, 149
73, 213
73, 21
73, 86
73, 150
73, 214
73, 22
73, 87
73, 151
73, 215
73, 23
73, 88
73, 152
73, 216
73, 24
73, 89
73, 153
73, 217
73, 25
73, 90
73, 154
73, 218
73, 26
73, 91
73, 155
73, 219
73, 27
73, 92
73, 156
73, 220
73, 28
73, 93
73, 157
73, 221
73, 29
73, 94
73, 158
73, 222
73, 30
73, 95
73, 159
73, 223
73, 31
73, 96
73, 160
73, 224
73, 32
73, 97
73, 161
73, 225
73, 33
73, 98
73, 162
73, 226
73, 34
73, 99
73, 163
73, 227
73, 35
73, 100
73, 164
73, 228
73, 36
73, 101
73, 165
73, 229
73, 37
73, 102
73, 166
73, 230
73, 38
73, 103
73, 167
73, 231
73, 39
73, 104
73, 168
73, 232
73, 40
73, 105
73, 169
73, 233
73, 41
73, 106
73, 170
73, 234
73, 42
73, 107
73, 171
73, 235
73, 43
73, 108
73, 172
73, 236
73, 44
73, 109
73, 173
73, 237
73, 45
73, 110
73, 174
73, 238
73, 46
73, 111
73, 175
73, 239
73, 47
73, 112
73, 176
73, 240
73, 48
73, 113
73, 177
73, 241
73, 49
73, 114
73, 178
73, 242
73, 50
73, 115
73, 179
73, 243
73, 51
73, 116
73, 180
73, 244
73, 52
73, 117
73, 181
73, 245
73, 53
73, 118
73, 182
73, 246
73, 54
73, 119
73, 183
73, 247
73, 55
73, 120
73, 184
73, 248
73, 56
73, 121
73, 185
73, 249
73, 57
73, 122
73, 186
73, 250
73, 58
73, 123
73, 187
73, 59
73, 124
73, 188
73, 60
73, 125
73, 189
73, 61
73, 126
73, 190
73, 62
73, 127
73, 191
73, 63
9, 192
9, 128
9, 64
9, 1
9, 193
9, 129
9, 65
9, 66
9, 130
9, 194
9, 2
9, 67
9, 131
9, 195
9, 3
9, 68
9, 132
9, 196
9, 4
9, 69
9, 133
9, 197
9, 5
9, 70
9, 134
9, 198
9, 6
9, 71
9, 135
9, 199
9, 7
9, 72
9, 136
9, 200
9, 8
9, 73
9, 137
9, 201
9, 9
9, 74
9, 138
9, 202
9, 10
9, 11
9, 75
9, 139
9, 203
9, 12
9, 76
9, 140
9, 204
9, 13
9, 77
9, 141
9, 205
9, 14
9, 78
9, 142
9, 206
9, 15
9, 79
9, 143
9, 207
9, 16
9, 80
9, 144
9, 208
9, 17
9, 81
9, 145
9, 209
9, 18
9, 82
9, 146
9, 210
9, 19
9, 83
9, 147
9, 211
9, 20
9, 84
9, 148
9, 212
9, 21
9, 85
9, 149
9, 213
9, 22
9, 86
9, 150
9, 214
9, 23
9, 87
9, 151
9, 215
9, 24
9, 88
9, 152
9, 216
9, 25
9, 89
9, 153
9, 217
9, 26
9, 90
9, 154
9, 218
9, 27
9, 91
9, 155
9, 219
9, 28
9, 92
9, 156
9, 220
9, 29
9, 93
9, 157
9, 221
9, 30
9, 94
9, 158
9, 222
9, 31
9, 95
9, 159
9, 223
9, 32
9, 96
9, 160
9, 224
9, 33
9, 97
9, 161
9, 225
9, 34
9, 98
9, 162
9, 226
9, 35
9, 99
9, 163
9, 227
9, 36
9, 100
9, 164
9, 228
9, 37
9, 101
9, 165
9, 229
9, 38
9, 102
9, 166
9, 230
9, 39
9, 103
9, 167
9, 231
9, 40
9, 104
9, 168
9, 232
9, 41
9, 105
9, 169
9, 233
9, 42
9, 106
9, 170
9, 234
9, 43
9, 107
9, 171
9, 235
9, 44
9, 108
9, 172
9, 236
9, 45
9, 109
9, 173
9, 237
9, 46
9, 110
9, 174
9, 238
9, 47
9, 111
9, 175
9, 239
9, 48
9, 112
9, 176
9, 240
9, 49
9, 113
9, 177
9, 241
9, 50
9, 114
9, 178
9, 242
9, 51
9, 115
9, 179
9, 243
9, 52
9, 116
9, 180
9, 244
9, 53
9, 117
9, 181
9, 245
9, 54
9, 118
9, 182
9, 246
9, 55
9, 119
9, 183
9, 247
9, 56
9, 120
9, 184
9, 248
9, 57
9, 121
9, 185
9, 249
9, 58
9, 122
9, 186
9, 250
9, 59
9, 123
9, 187
9, 60
9, 124
9, 188
9, 61
9, 125
9, 189
9, 62
9, 126
9, 190
9, 63
9, 127
9, 191
202, 192
202, 128
202, 64
202, 193
202, 129
202, 65
202, 1
202, 2
202, 66
202, 130
202, 194
202, 3
202, 67
202, 131
202, 195
202, 4
202, 68
202, 132
202, 196
202, 5
202, 69
202, 133
202, 197
202, 6
202, 70
202, 134
202, 198
202, 7
202, 71
202, 135
202, 199
202, 8
202, 72
202, 136
202, 200
202, 9
202, 73
202, 137
202, 201
202, 10
202, 74
202, 138
202, 202
202, 11
202, 75
202, 139
202, 203
202, 204
202, 12
202, 76
202, 140
202, 205
202, 13
202, 77
202, 141
202, 206
202, 14
202, 78
202, 142
202, 207
202, 15
202, 79
202, 143
202, 208
202, 16
202, 80
202, 144
202, 209
202, 17
202, 81
202, 145
202, 210
202, 18
202, 82
202, 146
202, 211
202, 19
202, 83
202, 147
202, 212
202, 20
202, 84
202, 148
202, 213
202, 21
202, 85
202, 149
202, 214
202, 22
202, 86
202, 150
202, 215
202, 23
202, 87
202, 151
202, 216
202, 24
202, 88
202, 152
202, 217
202, 25
202, 89
202, 153
202, 218
202, 26
202, 90
202, 154
202, 219
202, 27
202, 91
202, 155
202, 220
202, 28
202, 92
202, 156
202, 221
202, 29
202, 93
202, 157
202, 222
202, 30
202, 94
202, 158
202, 223
202, 31
202, 95
202, 159
202, 224
202, 32
202, 96
202, 160
202, 225
202, 33
202, 97
202, 161
202, 226
202, 34
202, 98
202, 162
202, 227
202, 35
202, 99
202, 163
202, 228
202, 36
202, 100
202, 164
202, 229
202, 37
202, 101
202, 165
202, 230
202, 38
202, 102
202, 166
202, 231
202, 39
202, 103
202, 167
202, 232
202, 40
202, 104
202, 168
202, 233
202, 41
202, 105
202, 169
202, 234
202, 42
202, 106
202, 170
202, 235
202, 43
202, 107
202, 171
202, 236
202, 44
202, 108
202, 172
202, 237
202, 45
202, 109
202, 173
202, 238
202, 46
202, 110
202, 174
202, 239
202, 47
202, 111
202, 175
202, 240
202, 48
202, 112
202, 176
202, 241
202, 49
202, 113
202, 177
202, 242
202, 50
202, 114
202, 178
202, 243
202, 51
202, 115
202, 179
202, 244
202, 52
202, 116
202, 180
202, 245
202, 53
202, 117
202, 181
202, 246
202, 54
202, 118
202, 182
202, 247
202, 55
202, 119
202, 183
202, 248
202, 56
202, 120
202, 184
202, 249
202, 57
202, 121
202, 185
202, 250
202, 58
202, 122
202, 186
202, 59
202, 123
202, 187
202, 60
202, 124
202, 188
202, 61
202, 125
202, 189
202, 62
202, 126
202, 190
202, 63
202, 127
202, 191
138, 128
138, 64
138, 192
138, 129
138, 65
138, 1
138, 193
138, 194
138, 2
138, 66
138, 130
138, 195
138, 3
138, 67
138, 131
138, 196
138, 4
138, 68
138, 132
138, 197
138, 5
138, 69
138, 133
138, 198
138, 6
138, 70
138, 134
138, 199
138, 7
138, 71
138, 135
138, 200
138, 8
138, 72
138, 136
138, 201
138, 9
138, 73
138, 137
138, 202
138, 10
138, 74
138, 138
138, 203
138, 11
138, 75
138, 139
138, 140
138, 204
138, 12
138, 76
138, 141
138, 205
138, 13
138, 77
138, 142
138, 206
138, 14
138, 78
138, 143
138, 207
138, 15
138, 79
138, 144
138, 208
138, 16
138, 80
138, 145
138, 209
138, 17
138, 81
138, 146
138, 210
138, 18
138, 82
138, 147
138, 211
138, 19
138, 83
138, 148
138, 212
138, 20
138, 84
138, 149
138, 213
138, 21
138, 85
138, 150
138, 214
138, 22
138, 86
138, 151
138, 215
138, 23
138, 87
138, 152
138, 216
138, 24
138, 88
138, 153
138, 217
138, 25
138, 89
138, 154
138, 218
138, 26
138, 90
138, 155
138, 219
138, 27
138, 91
138, 156
138, 220
138, 28
138, 92
138, 157
138, 221
138, 29
138, 93
138, 158
138, 222
138, 30
138, 94
138, 159
138, 223
138, 31
138, 95
138, 160
138, 224
138, 32
138, 96
138, 161
138, 225
138, 33
138, 97
138, 162
138, 226
138, 34
138, 98
138, 163
138, 227
138, 35
138, 99
138, 164
138, 228
138, 36
138, 100
138, 165
138, 229
138, 37
138, 101
138, 166
138, 230
138, 38
138, 102
138, 167
138, 231
138, 39
138, 103
138, 168
138, 232
138, 40
138, 104
138, 169
138, 233
138, 41
138, 105
138, 170
138, 234
138, 42
138, 106
138, 171
138, 235
138, 43
138, 107
138, 172
138, 236
138, 44
138, 108
138, 173
138, 237
138, 45
138, 109
138, 174
138, 238
138, 46
138, 110
138, 175
138, 239
138, 47
138, 111
138, 176
138, 240
138, 48
138, 112
138, 177
138, 241
138, 49
138, 113
138, 178
138, 242
138, 50
138, 114
138, 179
138, 243
138, 51
138, 115
138, 180
138, 244
138, 52
138, 116
138, 181
138, 245
138, 53
138, 117
138, 182
138, 246
138, 54
138, 118
138, 183
138, 247
138, 55
138, 119
138, 184
138, 248
138, 56
138, 120
138, 185
138, 249
138, 57
138, 121
138, 186
138, 250
138, 58
138, 122
138, 187
138, 59
138, 123
138, 188
138, 60
138, 124
138, 189
138, 61
138, 125
138, 190
138, 62
138, 126
138, 191
138, 63
138, 127
74, 64
74, 192
74, 128
74, 65
74, 1
74, 193
74, 129
74, 130
74, 194
74, 2
74, 66
74, 131
74, 195
74, 3
74, 67
74, 132
74, 196
74, 4
74, 68
74, 133
74, 197
74, 5
74, 69
74, 134
74, 198
74, 6
74, 70
74, 135
74, 199
74, 7
74, 71
74, 136
74, 200
74, 8
74, 72
74, 137
74, 201
74, 9
74, 73
74, 138
74, 202
74, 10
74, 74
74, 139
74, 203
74, 11
74, 75
74, 76
74, 140
74, 204
74, 12
74, 77
74, 141
74, 205
74, 13
74, 78
74, 142
74, 206
74, 14
74, 79
74, 143
74, 207
74, 15
74, 80
74, 144
74, 208
74, 16
74, 81
74, 145
74, 209
74, 17
74, 82
74, 146
74, 210
74, 18
74, 83
74, 147
74, 211
74, 19
74, 84
74, 148
74, 212
74, 20
74, 85
74, 149
74, 213
74, 21
74, 86
74, 150
74, 214
74, 22
74, 87
74, 151
74, 215
74, 23
74, 88
74, 152
74, 216
74, 24
74, 89
74, 153
74, 217
74, 25
74, 90
74, 154
74, 218
74, 26
74, 91
74, 155
74, 219
74, 27
74, 92
74, 156
74, 220
74, 28
74, 93
74, 157
74, 221
74, 29
74, 94
74, 158
74, 222
74, 30
74, 95
74, 159
74, 223
74, 31
74, 96
74, 160
74, 224
74, 32
74, 97
74, 161
74, 225
74, 33
74, 98
74, 162
74, 226
74, 34
74, 99
74, 163
74, 227
74, 35
74, 100
74, 164
74, 228
74, 36
74, 101
74, 165
74, 229
74, 37
74, 102
74, 166
74, 230
74, 38
74, 103
74, 167
74, 231
74, 39
74, 104
74, 168
74, 232
74, 40
74, 105
74, 169
74, 233
74, 41
74, 106
74, 170
74, 234
74, 42
74, 107
74, 171
74, 235
74, 43
74, 108
74, 172
74, 236
74, 44
74, 109
74, 173
74, 237
74, 45
74, 110
74, 174
74, 238
74, 46
74, 111
74, 175
74, 239
74, 47
74, 112
74, 176
74, 240
74, 48
74, 113
74, 177
74, 241
74, 49
74, 114
74, 178
74, 242
74, 50
74, 115
74, 179
74, 243
74, 51
74, 116
74, 180
74, 244
74, 52
74, 117
74, 181
74, 245
74, 53
74, 118
74, 182
74, 246
74, 54
74, 119
74, 183
74, 247
74, 55
74, 120
74, 184
74, 248
74, 56
74, 121
74, 185
74, 249
74, 57
74, 122
74, 186
74, 250
74, 58
74, 123
74, 187
74, 59
74, 124
74, 188
74, 60
74, 125
74, 189
74, 61
74, 126
74, 190
74, 62
74, 127
74, 191
74, 63
10, 192
10, 128
10, 64
10, 1
10, 193
10, 129
10, 65
10, 66
10, 130
10, 194
10, 2
10, 67
10, 131
10, 195
10, 3
10, 68
10, 132
10, 196
10, 4
10, 69
10, 133
10, 197
10, 5
10, 70
10, 134
10, 198
10, 6
10, 71
10, 135
10, 199
10, 7
10, 72
10, 136
10, 200
10, 8
10, 73
10, 137
10, 201
10, 9
10, 74
10, 138
10, 202
10, 10
10, 75
10, 139
10, 203
10, 11
10, 12
10, 76
10, 140
10, 204
10, 13
10, 77
10, 141
10, 205
10, 14
10, 78
10, 142
10, 206
10, 15
10, 79
10, 143
10, 207
10, 16
10, 80
10, 144
10, 208
10, 17
10, 81
10, 145
10, 209
10, 18
10, 82
10, 146
10, 210
10, 19
10, 83
10, 147
10, 211
10, 20
10, 84
10, 148
10, 212
10, 21
10, 85
10, 149
10, 213
10, 22
10, 86
10, 150
10, 214
10, 23
10, 87
10, 151
10, 215
10, 24
10, 88
10, 152
10, 216
10, 25
10, 89
10, 153
10, 217
10, 26
10, 90
10, 154
10, 218
10, 27
10, 91
10, 155
10, 219
10, 28
10, 92
10, 156
10, 220
10, 29
10, 93
10, 157
10, 221
10, 30
10, 94
10, 158
10, 222
10, 31
10, 95
10, 159
10, 223
10, 32
10, 96
10, 160
10, 224
10, 33
10, 97
10, 161
10, 225
10, 34
10, 98
10, 162
10, 226
10, 35
10, 99
10, 163
10, 227
10, 36
10, 100
10, 164
10, 228
10, 37
10, 101
10, 165
10, 229
10, 38
10, 102
10, 166
10, 230
10, 39
10, 103
10, 167
10, 231
10, 40
10, 104
10, 168
10, 232
10, 41
10, 105
10, 169
10, 233
10, 42
10, 106
10, 170
10, 234
10, 43
10, 107
10, 171
10, 235
10, 44
10, 108
10, 172
10, 236
10, 45
10, 109
10, 173
10, 237
10, 46
10, 110
10, 174
10, 238
10, 47
10, 111
10, 175
10, 239
10, 48
10, 112
10, 176
10, 240
10, 49
10, 113
10, 177
10, 241
10, 50
10, 114
10, 178
10, 242
10, 51
10, 115
10, 179
10, 243
10, 52
10, 116
10, 180
10, 244
10, 53
10, 117
10, 181
10, 245
10, 54
10, 118
10, 182
10, 246
10, 55
10, 119
10, 183
10, 247
10, 56
10, 120
10, 184
10, 248
10, 57
10, 121
10, 185
10, 249
10, 58
10, 122
10, 186
10, 250
10, 59
10, 123
10, 187
10, 60
10, 124
10, 188
10, 61
10, 125
10, 189
10, 62
10, 126
10, 190
10, 63
10, 127
10, 191
203, 192
203, 128
203, 64
203, 193
203, 129
203, 65
203, 1
203, 2
203, 66
203, 130
203, 194
203, 3
203, 67
203, 131
203, 195
203, 4
203, 68
203, 132
203, 196
203, 5
203, 69
203, 133
203, 197
203, 6
203, 70
203, 134
203, 198
203, 7
203, 71
203, 135
203, 199
203, 8
203, 72
203, 136
203, 200
203, 9
203, 73
203, 137
203, 201
203, 10
203, 74
203, 138
203, 202
203, 11
203, 75
203, 139
203, 203
203, 12
203, 76
203, 140
203, 204
203, 205
203, 13
203, 77
203, 141
203, 206
203, 14
203, 78
203, 142
203, 207
203, 15
203, 79
203, 143
203, 208
203, 16
203, 80
203, 144
203, 209
203, 17
203, 81
203, 145
203, 210
203, 18
203, 82
203, 146
203, 211
203, 19
203, 83
203, 147
203, 212
203, 20
203, 84
203, 148
203, 213
203, 21
203, 85
203, 149
203, 214
203, 22
203, 86
203, 150
203, 215
203, 23
203, 87
203, 151
203, 216
203, 24
203, 88
203, 152
203, 217
203, 25
203, 89
203, 153
203, 218
203, 26
203, 90
203, 154
203, 219
203, 27
203, 91
203, 155
203, 220
203, 28
203, 92
203, 156
203, 221
203, 29
203, 93
203, 157
203, 222
203, 30
203, 94
203, 158
203, 223
203, 31
203, 95
203, 159
203, 224
203, 32
203, 96
203, 160
203, 225
203, 33
203, 97
203, 161
203, 226
203, 34
203, 98
203, 162
203, 227
203, 35
203, 99
203, 163
203, 228
203, 36
203, 100
203, 164
203, 229
203, 37
203, 101
203, 165
203, 230
203, 38
203, 102
203, 166
203, 231
203, 39
203, 103
203, 167
203, 232
203, 40
203, 104
203, 168
203, 233
203, 41
203, 105
203, 169
203, 234
203, 42
203, 106
203, 170
203, 235
203, 43
203, 107
203, 171
203, 236
203, 44
203, 108
203, 172
203, 237
203, 45
203, 109
203, 173
203, 238
203, 46
203, 110
203, 174
203, 239
203, 47
203, 111
203, 175
203, 240
203, 48
203, 112
203, 176
203, 241
203, 49
203, 113
203, 177
203, 242
203, 50
203, 114
203, 178
203, 243
203, 51
203, 115
203, 179
203, 244
203, 52
203, 116
203, 180
203, 245
203, 53
203, 117
203, 181
203, 246
203, 54
203, 118
203, 182
203, 247
203, 55
203, 119
203, 183
203, 248
203, 56
203, 120
203, 184
203, 249
203, 57
203, 121
203, 185
203, 250
203, 58
203, 122
203, 186
203, 59
203, 123
203, 187
203, 60
203, 124
203, 188
203, 61
203, 125
203, 189
203, 62
203, 126
203, 190
203, 63
203, 127
203, 191
139, 128
139, 64
139, 192
139, 129
139, 65
139, 1
139, 193
139, 194
139, 2
139, 66
139, 130
139, 195
139, 3
139, 67
139, 131
139, 196
139, 4
139, 68
139, 132
139, 197
139, 5
139, 69
139, 133
139, 198
139, 6
139, 70
139, 134
139, 199
139, 7
139, 71
139, 135
139, 200
139, 8
139, 72
139, 136
139, 201
139, 9
139, 73
139, 137
139, 202
139, 10
139, 74
139, 138
139, 203
139, 11
139, 75
139, 139
139, 204
139, 12
139, 76
139, 140
139, 141
139, 205
139, 13
139, 77
139, 142
139, 206
139, 14
139, 78
139, 143
139, 207
139, 15
139, 79
139, 144
139, 208
139, 16
139, 80
139, 145
139, 209
139, 17
139, 81
139, 146
139, 210
139, 18
139, 82
139, 147
139, 211
139, 19
139, 83
139, 148
139, 212
139, 20
139, 84
139, 149
139, 213
139, 21
139, 85
139, 150
139, 214
139, 22
139, 86
139, 151
139, 215
139, 23
139, 87
139, 152
139, 216
139, 24
139, 88
139, 153
139, 217
139, 25
139, 89
139, 154
139, 218
139, 26
139, 90
139, 155
139, 219
139, 27
139, 91
139, 156
139, 220
139, 28
139, 92
139, 157
139, 221
139, 29
139, 93
139, 158
139, 222
139, 30
139, 94
139, 159
139, 223
139, 31
139, 95
139, 160
139, 224
139, 32
139, 96
139, 161
139, 225
139, 33
139, 97
139, 162
139, 226
139, 34
139, 98
139, 163
139, 227
139, 35
139, 99
139, 164
139, 228
139, 36
139, 100
139, 165
139, 229
139, 37
139, 101
139, 166
139, 230
139, 38
139, 102
139, 167
139, 231
139, 39
139, 103
139, 168
139, 232
139, 40
139, 104
139, 169
139, 233
139, 41
139, 105
139, 170
139, 234
139, 42
139, 106
139, 171
139, 235
139, 43
139, 107
139, 172
139, 236
139, 44
139, 108
139, 173
139, 237
139, 45
139, 109
139, 174
139, 238
139, 46
139, 110
139, 175
139, 239
139, 47
139, 111
139, 176
139, 240
139, 48
139, 112
139, 177
139, 241
139, 49
139, 113
139, 178
139, 242
139, 50
139, 114
139, 179
139, 243
139, 51
139, 115
139, 180
139, 244
139, 52
139, 116
139, 181
139, 245
139, 53
139, 117
139, 182
139, 246
139, 54
139, 118
139, 183
139, 247
139, 55
139, 119
139, 184
139, 248
139, 56
139, 120
139, 185
139, 249
139, 57
139, 121
139, 186
139, 250
139, 58
139, 122
139, 187
139, 59
139, 123
139, 188
139, 60
139, 124
139, 189
139, 61
139, 125
139, 190
139, 62
139, 126
139, 191
139, 63
139, 127
75, 64
75, 192
75, 128
75, 65
75, 1
75, 193
75, 129
75, 130
75, 194
75, 2
75, 66
75, 131
75, 195
75, 3
75, 67
75, 132
75, 196
75, 4
75, 68
75, 133
75, 197
75, 5
75, 69
75, 134
75, 198
75, 6
75, 70
75, 135
75, 199
75, 7
75, 71
75, 136
75, 200
75, 8
75, 72
75, 137
75, 201
75, 9
75, 73
75, 138
75, 202
75, 10
75, 74
75, 139
75, 203
75, 11
75, 75
75, 140
75, 204
75, 12
75, 76
75, 77
75, 141
75, 205
75, 13
75, 78
75, 142
75, 206
75, 14
75, 79
75, 143
75, 207
75, 15
75, 80
75, 144
75, 208
75, 16
75, 81
75, 145
75, 209
75, 17
75, 82
75, 146
75, 210
75, 18
75, 83
75, 147
75, 211
75, 19
75, 84
75, 148
75, 212
75, 20
75, 85
75, 149
75, 213
75, 21
75, 86
75, 150
75, 214
75, 22
75, 87
75, 151
75, 215
75, 23
75, 88
75, 152
75, 216
75, 24
75, 89
75, 153
75, 217
75, 25
75, 90
75, 154
75, 218
75, 26
75, 91
75, 155
75, 219
75, 27
75, 92
75, 156
75, 220
75, 28
75, 93
75, 157
75, 221
75, 29
75, 94
75, 158
75, 222
75, 30
75, 95
75, 159
75, 223
75, 31
75, 96
75, 160
75, 224
75, 32
75, 97
75, 161
75, 225
75, 33
75, 98
75, 162
75, 226
75, 34
75, 99
75, 163
75, 227
75, 35
75, 100
75, 164
75, 228
75, 36
75, 101
75, 165
75, 229
75, 37
75, 102
75, 166
75, 230
75, 38
75, 103
75, 167
75, 231
75, 39
75, 104
75, 168
75, 232
75, 40
75, 105
75, 169
75, 233
75, 41
75, 106
75, 170
75, 234
75, 42
75, 107
75, 171
75, 235
75, 43
75, 108
75, 172
75, 236
75, 44
75, 109
75, 173
75, 237
75, 45
75, 110
75, 174
75, 238
75, 46
75, 111
75, 175
75, 239
75, 47
75, 112
75, 176
75, 240
75, 48
75, 113
75, 177
75, 241
75, 49
75, 114
75, 178
75, 242
75, 50
75, 115
75, 179
75, 243
75, 51
75, 116
75, 180
75, 244
75, 52
75, 117
75, 181
75, 245
75, 53
75, 118
75, 182
75, 246
75, 54
75, 119
75, 183
75, 247
75, 55
75, 120
75, 184
75, 248
75, 56
75, 121
75, 185
75, 249
75, 57
75, 122
75, 186
75, 250
75, 58
75, 123
75, 187
75, 59
75, 124
75, 188
75, 60
75, 125
75, 189
75, 61
75, 126
75, 190
75, 62
75, 127
75, 191
75, 63
11, 192
11, 128
11, 64
11, 1
11, 193
11, 129
11, 65
11, 66
11, 130
11, 194
11, 2
11, 67
11, 131
11, 195
11, 3
11, 68
11, 132
11, 196
11, 4
11, 69
11, 133
11, 197
11, 5
11, 70
11, 134
11, 198
11, 6
11, 71
11, 135
11, 199
11, 7
11, 72
11, 136
11, 200
11, 8
11, 73
11, 137
11, 201
11, 9
11, 74
11, 138
11, 202
11, 10
11, 75
11, 139
11, 203
11, 11
11, 76
11, 140
11, 204
11, 12
11, 13
11, 77
11, 141
11, 205
11, 14
11, 78
11, 142
11, 206
11, 15
11, 79
11, 143
11, 207
11, 16
11, 80
11, 144
11, 208
11, 17
11, 81
11, 145
11, 209
11, 18
11, 82
11, 146
11, 210
11, 19
11, 83
11, 147
11, 211
11, 20
11, 84
11, 148
11, 212
11, 21
11, 85
11, 149
11, 213
11, 22
11, 86
11, 150
11, 214
11, 23
11, 87
11, 151
11, 215
11, 24
11, 88
11, 152
11, 216
11, 25
11, 89
11, 153
11, 217
11, 26
11, 90
11, 154
11, 218
11, 27
11, 91
11, 155
11, 219
11, 28
11, 92
11, 156
11, 220
11, 29
11, 93
11, 157
11, 221
11, 30
11, 94
11, 158
11, 222
11, 31
11, 95
11, 159
11, 223
11, 32
11, 96
11, 160
11, 224
11, 33
11, 97
11, 161
11, 225
11, 34
11, 98
11, 162
11, 226
11, 35
11, 99
11, 163
11, 227
11, 36
11, 100
11, 164
11, 228
11, 37
11, 101
11, 165
11, 229
11, 38
11, 102
11, 166
11, 230
11, 39
11, 103
11, 167
11, 231
11, 40
11, 104
11, 168
11, 232
11, 41
11, 105
11, 169
11, 233
11, 42
11, 106
11, 170
11, 234
11, 43
11, 107
11, 171
11, 235
11, 44
11, 108
11, 172
11, 236
11, 45
11, 109
11, 173
11, 237
11, 46
11, 110
11, 174
11, 238
11, 47
11, 111
11, 175
11, 239
11, 48
11, 112
11, 176
11, 240
11, 49
11, 113
11, 177
11, 241
11, 50
11, 114
11, 178
11, 242
11, 51
11, 115
11, 179
11, 243
11, 52
11, 116
11, 180
11, 244
11, 53
11, 117
11, 181
11, 245
11, 54
11, 118
11, 182
11, 246
11, 55
11, 119
11, 183
11, 247
11, 56
11, 120
11, 184
11, 248
11, 57
11, 121
11, 185
11, 249
11, 58
11, 122
11, 186
11, 250
11, 59
11, 123
11, 187
11, 60
11, 124
11, 188
11, 61
11, 125
11, 189
11, 62
11, 126
11, 190
11, 63
11, 127
11, 191
204, 192
204, 128
204, 64
204, 193
204, 129
204, 65
204, 1
204, 2
204, 66
204, 130
204, 194
204, 3
204, 67
204, 131
204, 195
204, 4
204, 68
204, 132
204, 196
204, 5
204, 69
204, 133
204, 197
204, 6
204, 70
204, 134
204, 198
204, 7
204, 71
204, 135
204, 199
204, 8
204, 72
204, 136
204, 200
204, 9
204, 73
204, 137
204, 201
204, 10
204, 74
204, 138
204, 202
204, 11
204, 75
204, 139
204, 203
204, 12
204, 76
204, 140
204, 204
204, 13
204, 77
204, 141
204, 205
204, 206
204, 14
204, 78
204, 142
204, 207
204, 15
204, 79
204, 143
204, 208
204, 16
204, 80
204, 144
204, 209
204, 17
204, 81
204, 145
204, 210
204, 18
204, 82
204, 146
204, 211
204, 19
204, 83
204, 147
204, 212
204, 20
204, 84
204, 148
204, 213
204, 21
204, 85
204, 149
204, 214
204, 22
204, 86
204, 150
204, 215
204, 23
204, 87
204, 151
204, 216
204, 24
204, 88
204, 152
204, 217
204, 25
204, 89
204, 153
204, 218
204, 26
204, 90
204, 154
204, 219
204, 27
204, 91
204, 155
204, 220
204, 28
204, 92
204, 156
204, 221
204, 29
204, 93
204, 157
204, 222
204, 30
204, 94
204, 158
204, 223
204, 31
204, 95
204, 159
204, 224
204, 32
204, 96
204, 160
204, 225
204, 33
204, 97
204, 161
204, 226
204, 34
204, 98
204, 162
204, 227
204, 35
204, 99
204, 163
204, 228
204, 36
204, 100
204, 164
204, 229
204, 37
204, 101
204, 165
204, 230
204, 38
204, 102
204, 166
204, 231
204, 39
204, 103
204, 167
204, 232
204, 40
204, 104
204, 168
204, 233
204, 41
204, 105
204, 169
204, 234
204, 42
204, 106
204, 170
204, 235
204, 43
204, 107
204, 171
204, 236
204, 44
204, 108
204, 172
204, 237
204, 45
204, 109
204, 173
204, 238
204, 46
204, 110
204, 174
204, 239
204, 47
204, 111
204, 175
204, 240
204, 48
204, 112
204, 176
204, 241
204, 49
204, 113
204, 177
204, 242
204, 50
204, 114
204, 178
204, 243
204, 51
204, 115
204, 179
204, 244
204, 52
204, 116
204, 180
204, 245
204, 53
204, 117
204, 181
204, 246
204, 54
204, 118
204, 182
204, 247
204, 55
204, 119
204, 183
204, 248
204, 56
204, 120
204, 184
204, 249
204, 57
204, 121
204, 185
204, 250
204, 58
204, 122
204, 186
204, 59
204, 123
204, 187
204, 60
204, 124
204, 188
204, 61
204, 125
204, 189
204, 62
204, 126
204, 190
204, 63
204, 127
204, 191
140, 128
140, 64
140, 192
140, 129
140, 65
140, 1
140, 193
140, 194
140, 2
140, 66
140, 130
140, 195
140, 3
140, 67
140, 131
140, 196
140, 4
140, 68
140, 132
140, 197
140, 5
140, 69
140, 133
140, 198
140, 6
140, 70
140, 134
140, 199
140, 7
140, 71
140, 135
140, 200
140, 8
140, 72
140, 136
140, 201
140, 9
140, 73
140, 137
140, 202
140, 10
140, 74
140, 138
140, 203
140, 11
140, 75
140, 139
140, 204
140, 12
140, 76
140, 140
140, 205
140, 13
140, 77
140, 141
140, 142
140, 206
140, 14
140, 78
140, 143
140, 207
140, 15
140, 79
140, 144
140, 208
140, 16
140, 80
140, 145
140, 209
140, 17
140, 81
140, 146
140, 210
140, 18
140, 82
140, 147
140, 211
140, 19
140, 83
140, 148
140, 212
140, 20
140, 84
140, 149
140, 213
140, 21
140, 85
140, 150
140, 214
140, 22
140, 86
140, 151
140, 215
140, 23
140, 87
140, 152
140, 216
140, 24
140, 88
140, 153
140, 217
140, 25
140, 89
140, 154
140, 218
140, 26
140, 90
140, 155
140, 219
140, 27
140, 91
140, 156
140, 220
140, 28
140, 92
140, 157
140, 221
140, 29
140, 93
140, 158
140, 222
140, 30
140, 94
140, 159
140, 223
140, 31
140, 95
140, 160
140, 224
140, 32
140, 96
140, 161
140, 225
140, 33
140, 97
140, 162
140, 226
140, 34
140, 98
140, 163
140, 227
140, 35
140, 99
140, 164
140, 228
140, 36
140, 100
140, 165
140, 229
140, 37
140, 101
140, 166
140, 230
140, 38
140, 102
140, 167
140, 231
140, 39
140, 103
140, 168
140, 232
140, 40
140, 104
140, 169
140, 233
140, 41
140, 105
140, 170
140, 234
140, 42
140, 106
140, 171
140, 235
140, 43
140, 107
140, 172
140, 236
140, 44
140, 108
140, 173
140, 237
140, 45
140, 109
140, 174
140, 238
140, 46
140, 110
140, 175
140, 239
140, 47
140, 111
140, 176
140, 240
140, 48
140, 112
140, 177
140, 241
140, 49
140, 113
140, 178
140, 242
140, 50
140, 114
140, 179
140, 243
140, 51
140, 115
140, 180
140, 244
140, 52
140, 116
140, 181
140, 245
140, 53
140, 117
140, 182
140, 246
140, 54
140, 118
140, 183
140, 247
140, 55
140, 119
140, 184
140, 248
140, 56
140, 120
140, 185
140, 249
140, 57
140, 121
140, 186
140, 250
140, 58
140, 122
140, 187
140, 59
140, 123
140, 188
140, 60
140, 124
140, 189
140, 61
140, 125
140, 190
140, 62
140, 126
140, 191
140, 63
140, 127
76, 64
76, 192
76, 128
76, 65
76, 1
76, 193
76, 129
76, 130
76, 194
76, 2
76, 66
76, 131
76, 195
76, 3
76, 67
76, 132
76, 196
76, 4
76, 68
76, 133
76, 197
76, 5
76, 69
76, 134
76, 198
76, 6
76, 70
76, 135
76, 199
76, 7
76, 71
76, 136
76, 200
76, 8
76, 72
76, 137
76, 201
76, 9
76, 73
76, 138
76, 202
76, 10
76, 74
76, 139
76, 203
76, 11
76, 75
76, 140
76, 204
76, 12
76, 76
76, 141
76, 205
76, 13
76, 77
76, 78
76, 142
76, 206
76, 14
76, 79
76, 143
76, 207
76, 15
76, 80
76, 144
76, 208
76, 16
76, 81
76, 145
76, 209
76, 17
76, 82
76, 146
76, 210
76, 18
76, 83
76, 147
76, 211
76, 19
76, 84
76, 148
76, 212
76, 20
76, 85
76, 149
76, 213
76, 21
76, 86
76, 150
76, 214
76, 22
76, 87
76, 151
76, 215
76, 23
76, 88
76, 152
76, 216
76, 24
76, 89
76, 153
76, 217
76, 25
76, 90
76, 154
76, 218
76, 26
76, 91
76, 155
76, 219
76, 27
76, 92
76, 156
76, 220
76, 28
76, 93
76, 157
76, 221
76, 29
76, 94
76, 158
76, 222
76, 30
76, 95
76, 159
76, 223
76, 31
76, 96
76, 160
76, 224
76, 32
76, 97
76, 161
76, 225
76, 33
76, 98
76, 162
76, 226
76, 34
76, 99
76, 163
76, 227
76, 35
76, 100
76, 164
76, 228
76, 36
76, 101
76, 165
76, 229
76, 37
76, 102
76, 166
76, 230
76, 38
76, 103
76, 167
76, 231
76, 39
76, 104
76, 168
76, 232
76, 40
76, 105
76, 169
76, 233
76, 41
76, 106
76, 170
76, 234
76, 42
76, 107
76, 171
76, 235
76, 43
76, 108
76, 172
76, 236
76, 44
76, 109
76, 173
76, 237
76, 45
76, 110
76, 174
76, 238
76, 46
76, 111
76, 175
76, 239
76, 47
76, 112
76, 176
76, 240
76, 48
76, 113
76, 177
76, 241
76, 49
76, 114
76, 178
76, 242
76, 50
76, 115
76, 179
76, 243
76, 51
76, 116
76, 180
76, 244
76, 52
76, 117
76, 181
76, 245
76, 53
76, 118
76, 182
76, 246
76, 54
76, 119
76, 183
76, 247
76, 55
76, 120
76, 184
76, 248
76, 56
76, 121
76, 185
76, 249
76, 57
76, 122
76, 186
76, 250
76, 58
76, 123
76, 187
76, 59
76, 124
76, 188
76, 60
76, 125
76, 189
76, 61
76, 126
76, 190
76, 62
76, 127
76, 191
76, 63
12, 192
12, 128
12, 64
12, 1
12, 193
12, 129
12, 65
12, 66
12, 130
12, 194
12, 2
12, 67
12, 131
12, 195
12, 3
12, 68
12, 132
12, 196
12, 4
12, 69
12, 133
12, 197
12, 5
12, 70
12, 134
12, 198
12, 6
12, 71
12, 135
12, 199
12, 7
12, 72
12, 136
12, 200
12, 8
12, 73
12, 137
12, 201
12, 9
12, 74
12, 138
12, 202
12, 10
12, 75
12, 139
12, 203
12, 11
12, 76
12, 140
12, 204
12, 12
12, 77
12, 141
12, 205
12, 13
12, 14
12, 78
12, 142
12, 206
12, 15
12, 79
12, 143
12, 207
12, 16
12, 80
12, 144
12, 208
12, 17
12, 81
12, 145
12, 209
12, 18
12, 82
12, 146
12, 210
12, 19
12, 83
12, 147
12, 211
12, 20
12, 84
12, 148
12, 212
12, 21
12, 85
12, 149
12, 213
12, 22
12, 86
12, 150
12, 214
12, 23
12, 87
12, 151
12, 215
12, 24
12, 88
12, 152
12, 216
12, 25
12, 89
12, 153
12, 217
12, 26
12, 90
12, 154
12, 218
12, 27
12, 91
12, 155
12, 219
12, 28
12, 92
12, 156
12, 220
12, 29
12, 93
12, 157
12, 221
12, 30
12, 94
12, 158
12, 222
12, 31
12, 95
12, 159
12, 223
12, 32
12, 96
12, 160
12, 224
12, 33
12, 97
12, 161
12, 225
12, 34
12, 98
12, 162
12, 226
12, 35
12, 99
12, 163
12, 227
12, 36
12, 100
12, 164
12, 228
12, 37
12, 101
12, 165
12, 229
12, 38
12, 102
12, 166
12, 230
12, 39
12, 103
12, 167
12, 231
12, 40
12, 104
12, 168
12, 232
12, 41
12, 105
12, 169
12, 233
12, 42
12, 106
12, 170
12, 234
12, 43
12, 107
12, 171
12, 235
12, 44
12, 108
12, 172
12, 236
12, 45
12, 109
12, 173
12, 237
12, 46
12, 110
12, 174
12, 238
12, 47
12, 111
12, 175
12, 239
12, 48
12, 112
12, 176
12, 240
12, 49
12, 113
12, 177
12, 241
12, 50
12, 114
12, 178
12, 242
12, 51
12, 115
12, 179
12, 243
12, 52
12, 116
12, 180
12, 244
12, 53
12, 117
12, 181
12, 245
12, 54
12, 118
12, 182
12, 246
12, 55
12, 119
12, 183
12, 247
12, 56
12, 120
12, 184
12, 248
12, 57
12, 121
12, 185
12, 249
12, 58
12, 122
12, 186
12, 250
12, 59
12, 123
12, 187
12, 60
12, 124
12, 188
12, 61
12, 125
12, 189
12, 62
12, 126
12, 190
12, 63
12, 127
12, 191
205, 192
205, 128
205, 64
205, 193
205, 129
205, 65
205, 1
205, 2
205, 66
205, 130
205, 194
205, 3
205, 67
205, 131
205, 195
205, 4
205, 68
205, 132
205, 196
205, 5
205, 69
205, 133
205, 197
205, 6
205, 70
205, 134
205, 198
205, 7
205, 71
205, 135
205, 199
205, 8
205, 72
205, 136
205, 200
205, 9
205, 73
205, 137
205, 201
205, 10
205, 74
205, 138
205, 202
205, 11
205, 75
205, 139
205, 203
205, 12
205, 76
205, 140
205, 204
205, 13
205, 77
205, 141
205, 205
205, 14
205, 78
205, 142
205, 206
205, 207
205, 15
205, 79
205, 143
205, 208
205, 16
205, 80
205, 144
205, 209
205, 17
205, 81
205, 145
205, 210
205, 18
205, 82
205, 146
205, 211
205, 19
205, 83
205, 147
205, 212
205, 20
205, 84
205, 148
205, 213
205, 21
205, 85
205, 149
205, 214
205, 22
205, 86
205, 150
205, 215
205, 23
205, 87
205, 151
205, 216
205, 24
205, 88
205, 152
205, 217
205, 25
205, 89
205, 153
205, 218
205, 26
205, 90
205, 154
205, 219
205, 27
205, 91
205, 155
205, 220
205, 28
205, 92
205, 156
205, 221
205, 29
205, 93
205, 157
205, 222
205, 30
205, 94
205, 158
205, 223
205, 31
205, 95
205, 159
205, 224
205, 32
205, 96
205, 160
205, 225
205, 33
205, 97
205, 161
205, 226
205, 34
205, 98
205, 162
205, 227
205, 35
205, 99
205, 163
205, 228
205, 36
205, 100
205, 164
205, 229
205, 37
205, 101
205, 165
205, 230
205, 38
205, 102
205, 166
205, 231
205, 39
205, 103
205, 167
205, 232
205, 40
205, 104
205, 168
205, 233
205, 41
205, 105
205, 169
205, 234
205, 42
205, 106
205, 170
205, 235
205, 43
205, 107
205, 171
205, 236
205, 44
205, 108
205, 172
205, 237
205, 45
205, 109
205, 173
205, 238
205, 46
205, 110
205, 174
205, 239
205, 47
205, 111
205, 175
205, 240
205, 48
205, 112
205, 176
205, 241
205, 49
205, 113
205, 177
205, 242
205, 50
205, 114
205, 178
205, 243
205, 51
205, 115
205, 179
205, 244
205, 52
205, 116
205, 180
205, 245
205, 53
205, 117
205, 181
205, 246
205, 54
205, 118
205, 182
205, 247
205, 55
205, 119
205, 183
205, 248
205, 56
205, 120
205, 184
205, 249
205, 57
205, 121
205, 185
205, 250
205, 58
205, 122
205, 186
205, 59
205, 123
205, 187
205, 60
205, 124
205, 188
205, 61
205, 125
205, 189
205, 62
205, 126
205, 190
205, 63
205, 127
205, 191
141, 128
141, 64
141, 192
141, 129
141, 65
141, 1
141, 193
141, 194
141, 2
141, 66
141, 130
141, 195
141, 3
141, 67
141, 131
141, 196
141, 4
141, 68
141, 132
141, 197
141, 5
141, 69
141, 133
141, 198
141, 6
141, 70
141, 134
141, 199
141, 7
141, 71
141, 135
141, 200
141, 8
141, 72
141, 136
141, 201
141, 9
141, 73
141, 137
141, 202
141, 10
141, 74
141, 138
141, 203
141, 11
141, 75
141, 139
141, 204
141, 12
141, 76
141, 140
141, 205
141, 13
141, 77
141, 141
141, 206
141, 14
141, 78
141, 142
141, 143
141, 207
141, 15
141, 79
141, 144
141, 208
141, 16
141, 80
141, 145
141, 209
141, 17
141, 81
141, 146
141, 210
141, 18
141, 82
141, 147
141, 211
141, 19
141, 83
141, 148
141, 212
141, 20
141, 84
141, 149
141, 213
141, 21
141, 85
141, 150
141, 214
141, 22
141, 86
141, 151
141, 215
141, 23
141, 87
141, 152
141, 216
141, 24
141, 88
141, 153
141, 217
141, 25
141, 89
141, 154
141, 218
141, 26
141, 90
141, 155
141, 219
141, 27
141, 91
141, 156
141, 220
141, 28
141, 92
141, 157
141, 221
141, 29
141, 93
141, 158
141, 222
141, 30
141, 94
141, 159
141, 223
141, 31
141, 95
141, 160
141, 224
141, 32
141, 96
141, 161
141, 225
141, 33
141, 97
141, 162
141, 226
141, 34
141, 98
141, 163
141, 227
141, 35
141, 99
141, 164
141, 228
141, 36
141, 100
141, 165
141, 229
141, 37
141, 101
141, 166
141, 230
141, 38
141, 102
141, 167
141, 231
141, 39
141, 103
141, 168
141, 232
141, 40
141, 104
141, 169
141, 233
141, 41
141, 105
141, 170
141, 234
141, 42
141, 106
141, 171
141, 235
141, 43
141, 107
141, 172
141, 236
141, 44
141, 108
141, 173
141, 237
141, 45
141, 109
141, 174
141, 238
141, 46
141, 110
141, 175
141, 239
141, 47
141, 111
141, 176
141, 240
141, 48
141, 112
141, 177
141, 241
141, 49
141, 113
141, 178
141, 242
141, 50
141, 114
141, 179
141, 243
141, 51
141, 115
141, 180
141, 244
141, 52
141, 116
141, 181
141, 245
141, 53
141, 117
141, 182
141, 246
141, 54
141, 118
141, 183
141, 247
141, 55
141, 119
141, 184
141, 248
141, 56
141, 120
141, 185
141, 249
141, 57
141, 121
141, 186
141, 250
141, 58
141, 122
141, 187
141, 59
141, 123
141, 188
141, 60
141, 124
141, 189
141, 61
141, 125
141, 190
141, 62
141, 126
141, 191
141, 63
141, 127
77, 64
77, 192
77, 128
77, 65
77, 1
77, 193
77, 129
77, 130
77, 194
77, 2
77, 66
77, 131
77, 195
77, 3
77, 67
77, 132
77, 196
77, 4
77, 68
77, 133
77, 197
77, 5
77, 69
77, 134
77, 198
77, 6
77, 70
77, 135
77, 199
77, 7
77, 71
77, 136
77, 200
77, 8
77, 72
77, 137
77, 201
77, 9
77, 73
77, 138
77, 202
77, 10
77, 74
77, 139
77, 203
77, 11
77, 75
77, 140
77, 204
77, 12
77, 76
77, 141
77, 205
77, 13
77, 77
77, 142
77, 206
77, 14
77, 78
77, 79
77, 143
77, 207
77, 15
77, 80
77, 144
77, 208
77, 16
77, 81
77, 145
77, 209
77, 17
77, 82
77, 146
77, 210
77, 18
77, 83
77, 147
77, 211
77, 19
77, 84
77, 148
77, 212
77, 20
77, 85
77, 149
77, 213
77, 21
77, 86
77, 150
77, 214
77, 22
77, 87
77, 151
77, 215
77, 23
77, 88
77, 152
77, 216
77, 24
77, 89
77, 153
77, 217
77, 25
77, 90
77, 154
77, 218
77, 26
77, 91
77, 155
77, 219
77, 27
77, 92
77, 156
77, 220
77, 28
77, 93
77, 157
77, 221
77, 29
77, 94
77, 158
77, 222
77, 30
77, 95
77, 159
77, 223
77, 31
77, 96
77, 160
77, 224
77, 32
77, 97
77, 161
77, 225
77, 33
77, 98
77, 162
77, 226
77, 34
77, 99
77, 163
77, 227
77, 35
77, 100
77, 164
77, 228
77, 36
77, 101
77, 165
77, 229
77, 37
77, 102
77, 166
77, 230
77, 38
77, 103
77, 167
77, 231
77, 39
77, 104
77, 168
77, 232
77, 40
77, 105
77, 169
77, 233
77, 41
77, 106
77, 170
77, 234
77, 42
77, 107
77, 171
77, 235
77, 43
77, 108
77, 172
77, 236
77, 44
77, 109
77, 173
77, 237
77, 45
77, 110
77, 174
77, 238
77, 46
77, 111
77, 175
77, 239
77, 47
77, 112
77, 176
77, 240
77, 48
77, 113
77, 177
77, 241
77, 49
77, 114
77, 178
77, 242
77, 50
77, 115
77, 179
77, 243
77, 51
77, 116
77, 180
77, 244
77, 52
77, 117
77, 181
77, 245
77, 53
77, 118
77, 182
77, 246
77, 54
77, 119
77, 183
77, 247
77, 55
77, 120
77, 184
77, 248
77, 56
77, 121
77, 185
77, 249
77, 57
77, 122
77, 186
77, 250
77, 58
77, 123
77, 187
77, 59
77, 124
77, 188
77, 60
77, 125
77, 189
77, 61
77, 126
77, 190
77, 62
77, 127
77, 191
77, 63
13, 192
13, 128
13, 64
13, 1
13, 193
13, 129
13, 65
13, 66
13, 130
13, 194
13, 2
13, 67
13, 131
13, 195
13, 3
13, 68
13, 132
13, 196
13, 4
13, 69
13, 133
13, 197
13, 5
13, 70
13, 134
13, 198
13, 6
13, 71
13, 135
13, 199
13, 7
13, 72
13, 136
13, 200
13, 8
13, 73
13, 137
13, 201
13, 9
13, 74
13, 138
13, 202
13, 10
13, 75
13, 139
13, 203
13, 11
13, 76
13, 140
13, 204
13, 12
13, 77
13, 141
13, 205
13, 13
13, 78
13, 142
13, 206
13, 14
13, 15
13, 79
13, 143
13, 207
13, 16
13, 80
13, 144
13, 208
13, 17
13, 81
13, 145
13, 209
13, 18
13, 82
13, 146
13, 210
13, 19
13, 83
13, 147
13, 211
13, 20
13, 84
13, 148
13, 212
13, 21
13, 85
13, 149
13, 213
13, 22
13, 86
13, 150
13, 214
13, 23
13, 87
13, 151
13, 215
13, 24
13, 88
13, 152
13, 216
13, 25
13, 89
13, 153
13, 217
13, 26
13, 90
13, 154
13, 218
13, 27
13, 91
13, 155
13, 219
13, 28
13, 92
13, 156
13, 220
13, 29
13, 93
13, 157
13, 221
13, 30
13, 94
13, 158
13, 222
13, 31
13, 95
13, 159
13, 223
13, 32
13, 96
13, 160
13, 224
13, 33
13, 97
13, 161
13, 225
13, 34
13, 98
13, 162
13, 226
13, 35
13, 99
13, 163
13, 227
13, 36
13, 100
13, 164
13, 228
13, 37
13, 101
13, 165
13, 229
13, 38
13, 102
13, 166
13, 230
13, 39
13, 103
13, 167
13, 231
13, 40
13, 104
13, 168
13, 232
13, 41
13, 105
13, 169
13, 233
13, 42
13, 106
13, 170
13, 234
13, 43
13, 107
13, 171
13, 235
13, 44
13, 108
13, 172
13, 236
13, 45
13, 109
13, 173
13, 237
13, 46
13, 110
13, 174
13, 238
13, 47
13, 111
13, 175
13, 239
13, 48
13, 112
13, 176
13, 240
13, 49
13, 113
13, 177
13, 241
13, 50
13, 114
13, 178
13, 242
13, 51
13, 115
13, 179
13, 243
13, 52
13, 116
13, 180
13, 244
13, 53
13, 117
13, 181
13, 245
13, 54
13, 118
13, 182
13, 246
13, 55
13, 119
13, 183
13, 247
13, 56
13, 120
13, 184
13, 248
13, 57
13, 121
13, 185
13, 249
13, 58
13, 122
13, 186
13, 250
13, 59
13, 123
13, 187
13, 60
13, 124
13, 188
13, 61
13, 125
13, 189
13, 62
13, 126
13, 190
13, 63
13, 127
13, 191
206, 192
206, 128
206, 64
206, 193
206, 129
206, 65
206, 1
206, 2
206, 66
206, 130
206, 194
206, 3
206, 67
206, 131
206, 195
206, 4
206, 68
206, 132
206, 196
206, 5
206, 69
206, 133
206, 197
206, 6
206, 70
206, 134
206, 198
206, 7
206, 71
206, 135
206, 199
206, 8
206, 72
206, 136
206, 200
206, 9
206, 73
206, 137
206, 201
206, 10
206, 74
206, 138
206, 202
206, 11
206, 75
206, 139
206, 203
206, 12
206, 76
206, 140
206, 204
206, 13
206, 77
206, 141
206, 205
206, 14
206, 78
206, 142
206, 206
206, 15
206, 79
206, 143
206, 207
206, 208
206, 16
206, 80
206, 144
206, 209
206, 17
206, 81
206, 145
206, 210
206, 18
206, 82
206, 146
206, 211
206, 19
206, 83
206, 147
206, 212
206, 20
206, 84
206, 148
206, 213
206, 21
206, 85
206, 149
206, 214
206, 22
206, 86
206, 150
206, 215
206, 23
206, 87
206, 151
206, 216
206, 24
206, 88
206, 152
206, 217
206, 25
206, 89
206, 153
206, 218
206, 26
206, 90
206, 154
206, 219
206, 27
206, 91
206, 155
206, 220
206, 28
206, 92
206, 156
206, 221
206, 29
206, 93
206, 157
206, 222
206, 30
206, 94
206, 158
206, 223
206, 31
206, 95
206, 159
206, 224
206, 32
206, 96
206, 160
206, 225
206, 33
206, 97
206, 161
206, 226
206, 34
206, 98
206, 162
206, 227
206, 35
206, 99
206, 163
206, 228
206, 36
206, 100
206, 164
206, 229
206, 37
206, 101
206, 165
206, 230
206, 38
206, 102
206, 166
206, 231
206, 39
206, 103
206, 167
206, 232
206, 40
206, 104
206, 168
206, 233
206, 41
206, 105
206, 169
206, 234
206, 42
206, 106
206, 170
206, 235
206, 43
206, 107
206, 171
206, 236
206, 44
206, 108
206, 172
206, 237
206, 45
206, 109
206, 173
206, 238
206, 46
206, 110
206, 174
206, 239
206, 47
206, 111
206, 175
206, 240
206, 48
206, 112
206, 176
206, 241
206, 49
206, 113
206, 177
206, 242
206, 50
206, 114
206, 178
206, 243
206, 51
206, 115
206, 179
206, 244
206, 52
206, 116
206, 180
206, 245
206, 53
206, 117
206, 181
206, 246
206, 54
206, 118
206, 182
206, 247
206, 55
206, 119
206, 183
206, 248
206, 56
206, 120
206, 184
206, 249
206, 57
206, 121
206, 185
206, 250
206, 58
206, 122
206, 186
206, 59
206, 123
206, 187
206, 60
206, 124
206, 188
206, 61
206, 125
206, 189
206, 62
206, 126
206, 190
206, 63
206, 127
206, 191
142, 128
142, 64
142, 192
142, 129
142, 65
142, 1
142, 193
142, 194
142, 2
142, 66
142, 130
142, 195
142, 3
142, 67
142, 131
142, 196
142, 4
142, 68
142, 132
142, 197
142, 5
142, 69
142, 133
142, 198
142, 6
142, 70
142, 134
142, 199
142, 7
142, 71
142, 135
142, 200
142, 8
142, 72
142, 136
142, 201
142, 9
142, 73
142, 137
142, 202
142, 10
142, 74
142, 138
142, 203
142, 11
142, 75
142, 139
142, 204
142, 12
142, 76
142, 140
142, 205
142, 13
142, 77
142, 141
142, 206
142, 14
142, 78
142, 142
142, 207
142, 15
142, 79
142, 143
142, 144
142, 208
142, 16
142, 80
142, 145
142, 209
142, 17
142, 81
142, 146
142, 210
142, 18
142, 82
142, 147
142, 211
142, 19
142, 83
142, 148
142, 212
142, 20
142, 84
142, 149
142, 213
142, 21
142, 85
142, 150
142, 214
142, 22
142, 86
142, 151
142, 215
142, 23
142, 87
142, 152
142, 216
142, 24
142, 88
142, 153
142, 217
142, 25
142, 89
142, 154
142, 218
142, 26
142, 90
142, 155
142, 219
142, 27
142, 91
142, 156
142, 220
142, 28
142, 92
142, 157
142, 221
142, 29
142, 93
142, 158
142, 222
142, 30
142, 94
142, 159
142, 223
142, 31
142, 95
142, 160
142, 224
142, 32
142, 96
142, 161
142, 225
142, 33
142, 97
142, 162
142, 226
142, 34
142, 98
142, 163
142, 227
142, 35
142, 99
142, 164
142, 228
142, 36
142, 100
142, 165
142, 229
142, 37
142, 101
142, 166
142, 230
142, 38
142, 102
142, 167
142, 231
142, 39
142, 103
142, 168
142, 232
142, 40
142, 104
142, 169
142, 233
142, 41
142, 105
142, 170
142, 234
142, 42
142, 106
142, 171
142, 235
142, 43
142, 107
142, 172
142, 236
142, 44
142, 108
142, 173
142, 237
142, 45
142, 109
142, 174
142, 238
142, 46
142, 110
142, 175
142, 239
142, 47
142, 111
142, 176
142, 240
142, 48
142, 112
142, 177
142, 241
142, 49
142, 113
142, 178
142, 242
142, 50
142, 114
142, 179
142, 243
142, 51
142, 115
142, 180
142, 244
142, 52
142, 116
142, 181
142, 245
142, 53
142, 117
142, 182
142, 246
142, 54
142, 118
142, 183
142, 247
142, 55
142, 119
142, 184
142, 248
142, 56
142, 120
142, 185
142, 249
142, 57
142, 121
142, 186
142, 250
142, 58
142, 122
142, 187
142, 59
142, 123
142, 188
142, 60
142, 124
142, 189
142, 61
142, 125
142, 190
142, 62
142, 126
142, 191
142, 63
142, 127
78, 64
78, 192
78, 128
78, 65
78, 1
78, 193
78, 129
78, 130
78, 194
78, 2
78, 66
78, 131
78, 195
78, 3
78, 67
78, 132
78, 196
78, 4
78, 68
78, 133
78, 197
78, 5
78, 69
78, 134
78, 198
78, 6
78, 70
78, 135
78, 199
78, 7
78, 71
78, 136
78, 200
78, 8
78, 72
78, 137
78, 201
78, 9
78, 73
78, 138
78, 202
78, 10
78, 74
78, 139
78, 203
78, 11
78, 75
78, 140
78, 204
78, 12
78, 76
78, 141
78, 205
78, 13
78, 77
78, 142
78, 206
78, 14
78, 78
78, 143
78, 207
78, 15
78, 79
78, 80
78, 144
78, 208
78, 16
78, 81
78, 145
78, 209
78, 17
78, 82
78, 146
78, 210
78, 18
78, 83
78, 147
78, 211
78, 19
78, 84
78, 148
78, 212
78, 20
78, 85
78, 149
78, 213
78, 21
78, 86
78, 150
78, 214
78, 22
78, 87
78, 151
78, 215
78, 23
78, 88
78, 152
78, 216
78, 24
78, 89
78, 153
78, 217
78, 25
78, 90
78, 154
78, 218
78, 26
78, 91
78, 155
78, 219
78, 27
78, 92
78, 156
78, 220
78, 28
78, 93
78, 157
78, 221
78, 29
78, 94
78, 158
78, 222
78, 30
78, 95
78, 159
78, 223
78, 31
78, 96
78, 160
78, 224
78, 32
78, 97
78, 161
78, 225
78, 33
78, 98
78, 162
78, 226
78, 34
78, 99
78, 163
78, 227
78, 35
78, 100
78, 164
78, 228
78, 36
78, 101
78, 165
78, 229
78, 37
78, 102
78, 166
78, 230
78, 38
78, 103
78, 167
78, 231
78, 39
78, 104
78, 168
78, 232
78, 40
78, 105
78, 169
78, 233
78, 41
78, 106
78, 170
78, 234
78, 42
78, 107
78, 171
78, 235
78, 43
78, 108
78, 172
78, 236
78, 44
78, 109
78, 173
78, 237
78, 45
78, 110
78, 174
78, 238
78, 46
78, 111
78, 175
78, 239
78, 47
78, 112
78, 176
78, 240
78, 48
78, 113
78, 177
78, 241
78, 49
78, 114
78, 178
78, 242
78, 50
78, 115
78, 179
78, 243
78, 51
78, 116
78, 180
78, 244
78, 52
78, 117
78, 181
78, 245
78, 53
78, 118
78, 182
78, 246
78, 54
78, 119
78, 183
78, 247
78, 55
78, 120
78, 184
78, 248
78, 56
78, 121
78, 185
78, 249
78, 57
78, 122
78, 186
78, 250
78, 58
78, 123
78, 187
78, 59
78, 124
78, 188
78, 60
78, 125
78, 189
78, 61
78, 126
78, 190
78, 62
78, 127
78, 191
78, 63
14, 192
14, 128
14, 64
14, 1
14, 193
14, 129
14, 65
14, 66
14, 130
14, 194
14, 2
14, 67
14, 131
14, 195
14, 3
14, 68
14, 132
14, 196
14, 4
14, 69
14, 133
14, 197
14, 5
14, 70
14, 134
14, 198
14, 6
14, 71
14, 135
14, 199
14, 7
14, 72
14, 136
14, 200
14, 8
14, 73
14, 137
14, 201
14, 9
14, 74
14, 138
14, 202
14, 10
14, 75
14, 139
14, 203
14, 11
14, 76
14, 140
14, 204
14, 12
14, 77
14, 141
14, 205
14, 13
14, 78
14, 142
14, 206
14, 14
14, 79
14, 143
14, 207
14, 15
14, 16
14, 80
14, 144
14, 208
14, 17
14, 81
14, 145
14, 209
14, 18
14, 82
14, 146
14, 210
14, 19
14, 83
14, 147
14, 211
14, 20
14, 84
14, 148
14, 212
14, 21
14, 85
14, 149
14, 213
14, 22
14, 86
14, 150
14, 214
14, 23
14, 87
14, 151
14, 215
14, 24
14, 88
14, 152
14, 216
14, 25
14, 89
14, 153
14, 217
14, 26
14, 90
14, 154
14, 218
14, 27
14, 91
14, 155
14, 219
14, 28
14, 92
14, 156
14, 220
14, 29
14, 93
14, 157
14, 221
14, 30
14, 94
14, 158
14, 222
14, 31
14, 95
14, 159
14, 223
14, 32
14, 96
14, 160
14, 224
14, 33
14, 97
14, 161
14, 225
14, 34
14, 98
14, 162
14, 226
14, 35
14, 99
14, 163
14, 227
14, 36
14, 100
14, 164
14, 228
14, 37
14, 101
14, 165
14, 229
14, 38
14, 102
14, 166
14, 230
14, 39
14, 103
14, 167
14, 231
14, 40
14, 104
14, 168
14, 232
14, 41
14, 105
14, 169
14, 233
14, 42
14, 106
14, 170
14, 234
14, 43
14, 107
14, 171
14, 235
14, 44
14, 108
14, 172
14, 236
14, 45
14, 109
14, 173
14, 237
14, 46
14, 110
14, 174
14, 238
14, 47
14, 111
14, 175
14, 239
14, 48
14, 112
14, 176
14, 240
14, 49
14, 113
14, 177
14, 241
14, 50
14, 114
14, 178
14, 242
14, 51
14, 115
14, 179
14, 243
14, 52
14, 116
14, 180
14, 244
14, 53
14, 117
14, 181
14, 245
14, 54
14, 118
14, 182
14, 246
14, 55
14, 119
14, 183
14, 247
14, 56
14, 120
14, 184
14, 248
14, 57
14, 121
14, 185
14, 249
14, 58
14, 122
14, 186
14, 250
14, 59
14, 123
14, 187
14, 60
14, 124
14, 188
14, 61
14, 125
14, 189
14, 62
14, 126
14, 190
14, 63
14, 127
14, 191
207, 192
207, 128
207, 64
207, 193
207, 129
207, 65
207, 1
207, 2
207, 66
207, 130
207, 194
207, 3
207, 67
207, 131
207, 195
207, 4
207, 68
207, 132
207, 196
207, 5
207, 69
207, 133
207, 197
207, 6
207, 70
207, 134
207, 198
207, 7
207, 71
207, 135
207, 199
207, 8
207, 72
207, 136
207, 200
207, 9
207, 73
207, 137
207, 201
207, 10
207, 74
207, 138
207, 202
207, 11
207, 75
207, 139
207, 203
207, 12
207, 76
207, 140
207, 204
207, 13
207, 77
207, 141
207, 205
207, 14
207, 78
207, 142
207, 206
207, 15
207, 79
207, 143
207, 207
207, 16
207, 80
207, 144
207, 208
207, 209
207, 17
207, 81
207, 145
207, 210
207, 18
207, 82
207, 146
207, 211
207, 19
207, 83
207, 147
207, 212
207, 20
207, 84
207, 148
207, 213
207, 21
207, 85
207, 149
207, 214
207, 22
207, 86
207, 150
207, 215
207, 23
207, 87
207, 151
207, 216
207, 24
207, 88
207, 152
207, 217
207, 25
207, 89
207, 153
207, 218
207, 26
207, 90
207, 154
207, 219
207, 27
207, 91
207, 155
207, 220
207, 28
207, 92
207, 156
207, 221
207, 29
207, 93
207, 157
207, 222
207, 30
207, 94
207, 158
207, 223
207, 31
207, 95
207, 159
207, 224
207, 32
207, 96
207, 160
207, 225
207, 33
207, 97
207, 161
207, 226
207, 34
207, 98
207, 162
207, 227
207, 35
207, 99
207, 163
207, 228
207, 36
207, 100
207, 164
207, 229
207, 37
207, 101
207, 165
207, 230
207, 38
207, 102
207, 166
207, 231
207, 39
207, 103
207, 167
207, 232
207, 40
207, 104
207, 168
207, 233
207, 41
207, 105
207, 169
207, 234
207, 42
207, 106
207, 170
207, 235
207, 43
207, 107
207, 171
207, 236
207, 44
207, 108
207, 172
207, 237
207, 45
207, 109
207, 173
207, 238
207, 46
207, 110
207, 174
207, 239
207, 47
207, 111
207, 175
207, 240
207, 48
207, 112
207, 176
207, 241
207, 49
207, 113
207, 177
207, 242
207, 50
207, 114
207, 178
207, 243
207, 51
207, 115
207, 179
207, 244
207, 52
207, 116
207, 180
207, 245
207, 53
207, 117
207, 181
207, 246
207, 54
207, 118
207, 182
207, 247
207, 55
207, 119
207, 183
207, 248
207, 56
207, 120
207, 184
207, 249
207, 57
207, 121
207, 185
207, 250
207, 58
207, 122
207, 186
207, 59
207, 123
207, 187
207, 60
207, 124
207, 188
207, 61
207, 125
207, 189
207, 62
207, 126
207, 190
207, 63
207, 127
207, 191
143, 128
143, 64
143, 192
143, 129
143, 65
143, 1
143, 193
143, 194
143, 2
143, 66
143, 130
143, 195
143, 3
143, 67
143, 131
143, 196
143, 4
143, 68
143, 132
143, 197
143, 5
143, 69
143, 133
143, 198
143, 6
143, 70
143, 134
143, 199
143, 7
143, 71
143, 135
143, 200
143, 8
143, 72
143, 136
143, 201
143, 9
143, 73
143, 137
143, 202
143, 10
143, 74
143, 138
143, 203
143, 11
143, 75
143, 139
143, 204
143, 12
143, 76
143, 140
143, 205
143, 13
143, 77
143, 141
143, 206
143, 14
143, 78
143, 142
143, 207
143, 15
143, 79
143, 143
143, 208
143, 16
143, 80
143, 144
143, 145
143, 209
143, 17
143, 81
143, 146
143, 210
143, 18
143, 82
143, 147
143, 211
143, 19
143, 83
143, 148
143, 212
143, 20
143, 84
143, 149
143, 213
143, 21
143, 85
143, 150
143, 214
143, 22
143, 86
143, 151
143, 215
143, 23
143, 87
143, 152
143, 216
143, 24
143, 88
143, 153
143, 217
143, 25
143, 89
143, 154
143, 218
143, 26
143, 90
143, 155
143, 219
143, 27
143, 91
143, 156
143, 220
143, 28
143, 92
143, 157
143, 221
143, 29
143, 93
143, 158
143, 222
143, 30
143, 94
143, 159
143, 223
143, 31
143, 95
143, 160
143, 224
143, 32
143, 96
143, 161
143, 225
143, 33
143, 97
143, 162
143, 226
143, 34
143, 98
143, 163
143, 227
143, 35
143, 99
143, 164
143, 228
143, 36
143, 100
143, 165
143, 229
143, 37
143, 101
143, 166
143, 230
143, 38
143, 102
143, 167
143, 231
143, 39
143, 103
143, 168
143, 232
143, 40
143, 104
143, 169
143, 233
143, 41
143, 105
143, 170
143, 234
143, 42
143, 106
143, 171
143, 235
143, 43
143, 107
143, 172
143, 236
143, 44
143, 108
143, 173
143, 237
143, 45
143, 109
143, 174
143, 238
143, 46
143, 110
143, 175
143, 239
143, 47
143, 111
143, 176
143, 240
143, 48
143, 112
143, 177
143, 241
143, 49
143, 113
143, 178
143, 242
143, 50
143, 114
143, 179
143, 243
143, 51
143, 115
143, 180
143, 244
143, 52
143, 116
143, 181
143, 245
143, 53
143, 117
143, 182
143, 246
143, 54
143, 118
143, 183
143, 247
143, 55
143, 119
143, 184
143, 248
143, 56
143, 120
143, 185
143, 249
143, 57
143, 121
143, 186
143, 250
143, 58
143, 122
143, 187
143, 59
143, 123
143, 188
143, 60
143, 124
143, 189
143, 61
143, 125
143, 190
143, 62
143, 126
143, 191
143, 63
143, 127
79, 64
79, 192
79, 128
79, 65
79, 1
79, 193
79, 129
79, 130
79, 194
79, 2
79, 66
79, 131
79, 195
79, 3
79, 67
79, 132
79, 196
79, 4
79, 68
79, 133
79, 197
79, 5
79, 69
79, 134
79, 198
79, 6
79, 70
79, 135
79, 199
79, 7
79, 71
79, 136
79, 200
79, 8
79, 72
79, 137
79, 201
79, 9
79, 73
79, 138
79, 202
79, 10
79, 74
79, 139
79, 203
79, 11
79, 75
79, 140
79, 204
79, 12
79, 76
79, 141
79, 205
79, 13
79, 77
79, 142
79, 206
79, 14
79, 78
79, 143
79, 207
79, 15
79, 79
79, 144
79, 208
79, 16
79, 80
79, 81
79, 145
79, 209
79, 17
79, 82
79, 146
79, 210
79, 18
79, 83
79, 147
79, 211
79, 19
79, 84
79, 148
79, 212
79, 20
79, 85
79, 149
79, 213
79, 21
79, 86
79, 150
79, 214
79, 22
79, 87
79, 151
79, 215
79, 23
79, 88
79, 152
79, 216
79, 24
79, 89
79, 153
79, 217
79, 25
79, 90
79, 154
79, 218
79, 26
79, 91
79, 155
79, 219
79, 27
79, 92
79, 156
79, 220
79, 28
79, 93
79, 157
79, 221
79, 29
79, 94
79, 158
79, 222
79, 30
79, 95
79, 159
79, 223
79, 31
79, 96
79, 160
79, 224
79, 32
79, 97
79, 161
79, 225
79, 33
79, 98
79, 162
79, 226
79, 34
79, 99
79, 163
79, 227
79, 35
79, 100
79, 164
79, 228
79, 36
79, 101
79, 165
79, 229
79, 37
79, 102
79, 166
79, 230
79, 38
79, 103
79, 167
79, 231
79, 39
79, 104
79, 168
79, 232
79, 40
79, 105
79, 169
79, 233
79, 41
79, 106
79, 170
79, 234
79, 42
79, 107
79, 171
79, 235
79, 43
79, 108
79, 172
79, 236
79, 44
79, 109
79, 173
79, 237
79, 45
79, 110
79, 174
79, 238
79, 46
79, 111
79, 175
79, 239
79, 47
79, 112
79, 176
79, 240
79, 48
79, 113
79, 177
79, 241
79, 49
79, 114
79, 178
79, 242
79, 50
79, 115
79, 179
79, 243
79, 51
79, 116
79, 180
79, 244
79, 52
79, 117
79, 181
79, 245
79, 53
79, 118
79, 182
79, 246
79, 54
79, 119
79, 183
79, 247
79, 55
79, 120
79, 184
79, 248
79, 56
79, 121
79, 185
79, 249
79, 57
79, 122
79, 186
79, 250
79, 58
79, 123
79, 187
79, 59
79, 124
79, 188
79, 60
79, 125
79, 189
79, 61
79, 126
79, 190
79, 62
79, 127
79, 191
79, 63
15, 192
15, 128
15, 64
15, 1
15, 193
15, 129
15, 65
15, 66
15, 130
15, 194
15, 2
15, 67
15, 131
15, 195
15, 3
15, 68
15, 132
15, 196
15, 4
15, 69
15, 133
15, 197
15, 5
15, 70
15, 134
15, 198
15, 6
15, 71
15, 135
15, 199
15, 7
15, 72
15, 136
15, 200
15, 8
15, 73
15, 137
15, 201
15, 9
15, 74
15, 138
15, 202
15, 10
15, 75
15, 139
15, 203
15, 11
15, 76
15, 140
15, 204
15, 12
15, 77
15, 141
15, 205
15, 13
15, 78
15, 142
15, 206
15, 14
15, 79
15, 143
15, 207
15, 15
15, 80
15, 144
15, 208
15, 16
15, 17
15, 81
15, 145
15, 209
15, 18
15, 82
15, 146
15, 210
15, 19
15, 83
15, 147
15, 211
15, 20
15, 84
15, 148
15, 212
15, 21
15, 85
15, 149
15, 213
15, 22
15, 86
15, 150
15, 214
15, 23
15, 87
15, 151
15, 215
15, 24
15, 88
15, 152
15, 216
15, 25
15, 89
15, 153
15, 217
15, 26
15, 90
15, 154
15, 218
15, 27
15, 91
15, 155
15, 219
15, 28
15, 92
15, 156
15, 220
15, 29
15, 93
15, 157
15, 221
15, 30
15, 94
15, 158
15, 222
15, 31
15, 95
15, 159
15, 223
15, 32
15, 96
15, 160
15, 224
15, 33
15, 97
15, 161
15, 225
15, 34
15, 98
15, 162
15, 226
15, 35
15, 99
15, 163
15, 227
15, 36
15, 100
15, 164
15, 228
15, 37
15, 101
15, 165
15, 229
15, 38
15, 102
15, 166
15, 230
15, 39
15, 103
15, 167
15, 231
15, 40
15, 104
15, 168
15, 232
15, 41
15, 105
15, 169
15, 233
15, 42
15, 106
15, 170
15, 234
15, 43
15, 107
15, 171
15, 235
15, 44
15, 108
15, 172
15, 236
15, 45
15, 109
15, 173
15, 237
15, 46
15, 110
15, 174
15, 238
15, 47
15, 111
15, 175
15, 239
15, 48
15, 112
15, 176
15, 240
15, 49
15, 113
15, 177
15, 241
15, 50
15, 114
15, 178
15, 242
15, 51
15, 115
15, 179
15, 243
15, 52
15, 116
15, 180
15, 244
15, 53
15, 117
15, 181
15, 245
15, 54
15, 118
15, 182
15, 246
15, 55
15, 119
15, 183
15, 247
15, 56
15, 120
15, 184
15, 248
15, 57
15, 121
15, 185
15, 249
15, 58
15, 122
15, 186
15, 250
15, 59
15, 123
15, 187
15, 60
15, 124
15, 188
15, 61
15, 125
15, 189
15, 62
15, 126
15, 190
15, 63
15, 127
15, 191
208, 192
208, 128
208, 64
208, 193
208, 129
208, 65
208, 1
208, 2
208, 66
208, 130
208, 194
208, 3
208, 67
208, 131
208, 195
208, 4
208, 68
208, 132
208, 196
208, 5
208, 69
208, 133
208, 197
208, 6
208, 70
208, 134
208, 198
208, 7
208, 71
208, 135
208, 199
208, 8
208, 72
208, 136
208, 200
208, 9
208, 73
208, 137
208, 201
208, 10
208, 74
208, 138
208, 202
208, 11
208, 75
208, 139
208, 203
208, 12
208, 76
208, 140
208, 204
208, 13
208, 77
208, 141
208, 205
208, 14
208, 78
208, 142
208, 206
208, 15
208, 79
208, 143
208, 207
208, 16
208, 80
208, 144
208, 208
208, 17
208, 81
208, 145
208, 209
208, 210
208, 18
208, 82
208, 146
208, 211
208, 19
208, 83
208, 147
208, 212
208, 20
208, 84
208, 148
208, 213
208, 21
208, 85
208, 149
208, 214
208, 22
208, 86
208, 150
208, 215
208, 23
208, 87
208, 151
208, 216
208, 24
208, 88
208, 152
208, 217
208, 25
208, 89
208, 153
208, 218
208, 26
208, 90
208, 154
208, 219
208, 27
208, 91
208, 155
208, 220
208, 28
208, 92
208, 156
208, 221
208, 29
208, 93
208, 157
208, 222
208, 30
208, 94
208, 158
208, 223
208, 31
208, 95
208, 159
208, 224
208, 32
208, 96
208, 160
208, 225
208, 33
208, 97
208, 161
208, 226
208, 34
208, 98
208, 162
208, 227
208, 35
208, 99
208, 163
208, 228
208, 36
208, 100
208, 164
208, 229
208, 37
208, 101
208, 165
208, 230
208, 38
208, 102
208, 166
208, 231
208, 39
208, 103
208, 167
208, 232
208, 40
208, 104
208, 168
208, 233
208, 41
208, 105
208, 169
208, 234
208, 42
208, 106
208, 170
208, 235
208, 43
208, 107
208, 171
208, 236
208, 44
208, 108
208, 172
208, 237
208, 45
208, 109
208, 173
208, 238
208, 46
208, 110
208, 174
208, 239
208, 47
208, 111
208, 175
208, 240
208, 48
208, 112
208, 176
208, 241
208, 49
208, 113
208, 177
208, 242
208, 50
208, 114
208, 178
208, 243
208, 51
208, 115
208, 179
208, 244
208, 52
208, 116
208, 180
208, 245
208, 53
208, 117
208, 181
208, 246
208, 54
208, 118
208, 182
208, 247
208, 55
208, 119
208, 183
208, 248
208, 56
208, 120
208, 184
208, 249
208, 57
208, 121
208, 185
208, 250
208, 58
208, 122
208, 186
208, 59
208, 123
208, 187
208, 60
208, 124
208, 188
208, 61
208, 125
208, 189
208, 62
208, 126
208, 190
208, 63
208, 127
208, 191
144, 128
144, 64
144, 192
144, 129
144, 65
144, 1
144, 193
144, 194
144, 2
144, 66
144, 130
144, 195
144, 3
144, 67
144, 131
144, 196
144, 4
144, 68
144, 132
144, 197
144, 5
144, 69
144, 133
144, 198
144, 6
144, 70
144, 134
144, 199
144, 7
144, 71
144, 135
144, 200
144, 8
144, 72
144, 136
144, 201
144, 9
144, 73
144, 137
144, 202
144, 10
144, 74
144, 138
144, 203
144, 11
144, 75
144, 139
144, 204
144, 12
144, 76
144, 140
144, 205
144, 13
144, 77
144, 141
144, 206
144, 14
144, 78
144, 142
144, 207
144, 15
144, 79
144, 143
144, 208
144, 16
144, 80
144, 144
144, 209
144, 17
144, 81
144, 145
144, 146
144, 210
144, 18
144, 82
144, 147
144, 211
144, 19
144, 83
144, 148
144, 212
144, 20
144, 84
144, 149
144, 213
144, 21
144, 85
144, 150
144, 214
144, 22
144, 86
144, 151
144, 215
144, 23
144, 87
144, 152
144, 216
144, 24
144, 88
144, 153
144, 217
144, 25
144, 89
144, 154
144, 218
144, 26
144, 90
144, 155
144, 219
144, 27
144, 91
144, 156
144, 220
144, 28
144, 92
144, 157
144, 221
144, 29
144, 93
144, 158
144, 222
144, 30
144, 94
144, 159
144, 223
144, 31
144, 95
144, 160
144, 224
144, 32
144, 96
144, 161
144, 225
144, 33
144, 97
144, 162
144, 226
144, 34
144, 98
144, 163
144, 227
144, 35
144, 99
144, 164
144, 228
144, 36
144, 100
144, 165
144, 229
144, 37
144, 101
144, 166
144, 230
144, 38
144, 102
144, 167
144, 231
144, 39
144, 103
144, 168
144, 232
144, 40
144, 104
144, 169
144, 233
144, 41
144, 105
144, 170
144, 234
144, 42
144, 106
144, 171
144, 235
144, 43
144, 107
144, 172
144, 236
144, 44
144, 108
144, 173
144, 237
144, 45
144, 109
144, 174
144, 238
144, 46
144, 110
144, 175
144, 239
144, 47
144, 111
144, 176
144, 240
144, 48
144, 112
144, 177
144, 241
144, 49
144, 113
144, 178
144, 242
144, 50
144, 114
144, 179
144, 243
144, 51
144, 115
144, 180
144, 244
144, 52
144, 116
144, 181
144, 245
144, 53
144, 117
144, 182
144, 246
144, 54
144, 118
144, 183
144, 247
144, 55
144, 119
144, 184
144, 248
144, 56
144, 120
144, 185
144, 249
144, 57
144, 121
144, 186
144, 250
144, 58
144, 122
144, 187
144, 59
144, 123
144, 188
144, 60
144, 124
144, 189
144, 61
144, 125
144, 190
144, 62
144, 126
144, 191
144, 63
144, 127
80, 64
80, 192
80, 128
80, 65
80, 1
80, 193
80, 129
80, 130
80, 194
80, 2
80, 66
80, 131
80, 195
80, 3
80, 67
80, 132
80, 196
80, 4
80, 68
80, 133
80, 197
80, 5
80, 69
80, 134
80, 198
80, 6
80, 70
80, 135
80, 199
80, 7
80, 71
80, 136
80, 200
80, 8
80, 72
80, 137
80, 201
80, 9
80, 73
80, 138
80, 202
80, 10
80, 74
80, 139
80, 203
80, 11
80, 75
80, 140
80, 204
80, 12
80, 76
80, 141
80, 205
80, 13
80, 77
80, 142
80, 206
80, 14
80, 78
80, 143
80, 207
80, 15
80, 79
80, 144
80, 208
80, 16
80, 80
80, 145
80, 209
80, 17
80, 81
80, 82
80, 146
80, 210
80, 18
80, 83
80, 147
80, 211
80, 19
80, 84
80, 148
80, 212
80, 20
80, 85
80, 149
80, 213
80, 21
80, 86
80, 150
80, 214
80, 22
80, 87
80, 151
80, 215
80, 23
80, 88
80, 152
80, 216
80, 24
80, 89
80, 153
80, 217
80, 25
80, 90
80, 154
80, 218
80, 26
80, 91
80, 155
80, 219
80, 27
80, 92
80, 156
80, 220
80, 28
80, 93
80, 157
80, 221
80, 29
80, 94
80, 158
80, 222
80, 30
80, 95
80, 159
80, 223
80, 31
80, 96
80, 160
80, 224
80, 32
80, 97
80, 161
80, 225
80, 33
80, 98
80, 162
80, 226
80, 34
80, 99
80, 163
80, 227
80, 35
80, 100
80, 164
80, 228
80, 36
80, 101
80, 165
80, 229
80, 37
80, 102
80, 166
80, 230
80, 38
80, 103
80, 167
80, 231
80, 39
80, 104
80, 168
80, 232
80, 40
80, 105
80, 169
80, 233
80, 41
80, 106
80, 170
80, 234
80, 42
80, 107
80, 171
80, 235
80, 43
80, 108
80, 172
80, 236
80, 44
80, 109
80, 173
80, 237
80, 45
80, 110
80, 174
80, 238
80, 46
80, 111
80, 175
80, 239
80, 47
80, 112
80, 176
80, 240
80, 48
80, 113
80, 177
80, 241
80, 49
80, 114
80, 178
80, 242
80, 50
80, 115
80, 179
80, 243
80, 51
80, 116
80, 180
80, 244
80, 52
80, 117
80, 181
80, 245
80, 53
80, 118
80, 182
80, 246
80, 54
80, 119
80, 183
80, 247
80, 55
80, 120
80, 184
80, 248
80, 56
80, 121
80, 185
80, 249
80, 57
80, 122
80, 186
80, 250
80, 58
80, 123
80, 187
80, 59
80, 124
80, 188
80, 60
80, 125
80, 189
80, 61
80, 126
80, 190
80, 62
80, 127
80, 191
80, 63
16, 192
16, 128
16, 64
16, 1
16, 193
16, 129
16, 65
16, 66
16, 130
16, 194
16, 2
16, 67
16, 131
16, 195
16, 3
16, 68
16, 132
16, 196
16, 4
16, 69
16, 133
16, 197
16, 5
16, 70
16, 134
16, 198
16, 6
16, 71
16, 135
16, 199
16, 7
16, 72
16, 136
16, 200
16, 8
16, 73
16, 137
16, 201
16, 9
16, 74
16, 138
16, 202
16, 10
16, 75
16, 139
16, 203
16, 11
16, 76
16, 140
16, 204
16, 12
16, 77
16, 141
16, 205
16, 13
16, 78
16, 142
16, 206
16, 14
16, 79
16, 143
16, 207
16, 15
16, 80
16, 144
16, 208
16, 16
16, 81
16, 145
16, 209
16, 17
16, 18
16, 82
16, 146
16, 210
16, 19
16, 83
16, 147
16, 211
16, 20
16, 84
16, 148
16, 212
16, 21
16, 85
16, 149
16, 213
16, 22
16, 86
16, 150
16, 214
16, 23
16, 87
16, 151
16, 215
16, 24
16, 88
16, 152
16, 216
16, 25
16, 89
16, 153
16, 217
16, 26
16, 90
16, 154
16, 218
16, 27
16, 91
16, 155
16, 219
16, 28
16, 92
16, 156
16, 220
16, 29
16, 93
16, 157
16, 221
16, 30
16, 94
16, 158
16, 222
16, 31
16, 95
16, 159
16, 223
16, 32
16, 96
16, 160
16, 224
16, 33
16, 97
16, 161
16, 225
16, 34
16, 98
16, 162
16, 226
16, 35
16, 99
16, 163
16, 227
16, 36
16, 100
16, 164
16, 228
16, 37
16, 101
16, 165
16, 229
16, 38
16, 102
16, 166
16, 230
16, 39
16, 103
16, 167
16, 231
16, 40
16, 104
16, 168
16, 232
16, 41
16, 105
16, 169
16, 233
16, 42
16, 106
16, 170
16, 234
16, 43
16, 107
16, 171
16, 235
16, 44
16, 108
16, 172
16, 236
16, 45
16, 109
16, 173
16, 237
16, 46
16, 110
16, 174
16, 238
16, 47
16, 111
16, 175
16, 239
16, 48
16, 112
16, 176
16, 240
16, 49
16, 113
16, 177
16, 241
16, 50
16, 114
16, 178
16, 242
16, 51
16, 115
16, 179
16, 243
16, 52
16, 116
16, 180
16, 244
16, 53
16, 117
16, 181
16, 245
16, 54
16, 118
16, 182
16, 246
16, 55
16, 119
16, 183
16, 247
16, 56
16, 120
16, 184
16, 248
16, 57
16, 121
16, 185
16, 249
16, 58
16, 122
16, 186
16, 250
16, 59
16, 123
16, 187
16, 60
16, 124
16, 188
16, 61
16, 125
16, 189
16, 62
16, 126
16, 190
16, 63
16, 127
16, 191
209, 192
209, 128
209, 64
209, 193
209, 129
209, 65
209, 1
209, 2
209, 66
209, 130
209, 194
209, 3
209, 67
209, 131
209, 195
209, 4
209, 68
209, 132
209, 196
209, 5
209, 69
209, 133
209, 197
209, 6
209, 70
209, 134
209, 198
209, 7
209, 71
209, 135
209, 199
209, 8
209, 72
209, 136
209, 200
209, 9
209, 73
209, 137
209, 201
209, 10
209, 74
209, 138
209, 202
209, 11
209, 75
209, 139
209, 203
209, 12
209, 76
209, 140
209, 204
209, 13
209, 77
209, 141
209, 205
209, 14
209, 78
209, 142
209, 206
209, 15
209, 79
209, 143
209, 207
209, 16
209, 80
209, 144
209, 208
209, 17
209, 81
209, 145
209, 209
209, 18
209, 82
209, 146
209, 210
209, 211
209, 19
209, 83
209, 147
209, 212
209, 20
209, 84
209, 148
209, 213
209, 21
209, 85
209, 149
209, 214
209, 22
209, 86
209, 150
209, 215
209, 23
209, 87
209, 151
209, 216
209, 24
209, 88
209, 152
209, 217
209, 25
209, 89
209, 153
209, 218
209, 26
209, 90
209, 154
209, 219
209, 27
209, 91
209, 155
209, 220
209, 28
209, 92
209, 156
209, 221
209, 29
209, 93
209, 157
209, 222
209, 30
209, 94
209, 158
209, 223
209, 31
209, 95
209, 159
209, 224
209, 32
209, 96
209, 160
209, 225
209, 33
209, 97
209, 161
209, 226
209, 34
209, 98
209, 162
209, 227
209, 35
209, 99
209, 163
209, 228
209, 36
209, 100
209, 164
209, 229
209, 37
209, 101
209, 165
209, 230
209, 38
209, 102
209, 166
209, 231
209, 39
209, 103
209, 167
209, 232
209, 40
209, 104
209, 168
209, 233
209, 41
209, 105
209, 169
209, 234
209, 42
209, 106
209, 170
209, 235
209, 43
209, 107
209, 171
209, 236
209, 44
209, 108
209, 172
209, 237
209, 45
209, 109
209, 173
209, 238
209, 46
209, 110
209, 174
209, 239
209, 47
209, 111
209, 175
209, 240
209, 48
209, 112
209, 176
209, 241
209, 49
209, 113
209, 177
209, 242
209, 50
209, 114
209, 178
209, 243
209, 51
209, 115
209, 179
209, 244
209, 52
209, 116
209, 180
209, 245
209, 53
209, 117
209, 181
209, 246
209, 54
209, 118
209, 182
209, 247
209, 55
209, 119
209, 183
209, 248
209, 56
209, 120
209, 184
209, 249
209, 57
209, 121
209, 185
209, 250
209, 58
209, 122
209, 186
209, 59
209, 123
209, 187
209, 60
209, 124
209, 188
209, 61
209, 125
209, 189
209, 62
209, 126
209, 190
209, 63
209, 127
209, 191
145, 128
145, 64
145, 192
145, 129
145, 65
145, 1
145, 193
145, 194
145, 2
145, 66
145, 130
145, 195
145, 3
145, 67
145, 131
145, 196
145, 4
145, 68
145, 132
145, 197
145, 5
145, 69
145, 133
145, 198
145, 6
145, 70
145, 134
145, 199
145, 7
145, 71
145, 135
145, 200
145, 8
145, 72
145, 136
145, 201
145, 9
145, 73
145, 137
145, 202
145, 10
145, 74
145, 138
145, 203
145, 11
145, 75
145, 139
145, 204
145, 12
145, 76
145, 140
145, 205
145, 13
145, 77
145, 141
145, 206
145, 14
145, 78
145, 142
145, 207
145, 15
145, 79
145, 143
145, 208
145, 16
145, 80
145, 144
145, 209
145, 17
145, 81
145, 145
145, 210
145, 18
145, 82
145, 146
145, 147
145, 211
145, 19
145, 83
145, 148
145, 212
145, 20
145, 84
145, 149
145, 213
145, 21
145, 85
145, 150
145, 214
145, 22
145, 86
145, 151
145, 215
145, 23
145, 87
145, 152
145, 216
145, 24
145, 88
145, 153
145, 217
145, 25
145, 89
145, 154
145, 218
145, 26
145, 90
145, 155
145, 219
145, 27
145, 91
145, 156
145, 220
145, 28
145, 92
145, 157
145, 221
145, 29
145, 93
145, 158
145, 222
145, 30
145, 94
145, 159
145, 223
145, 31
145, 95
145, 160
145, 224
145, 32
145, 96
145, 161
145, 225
145, 33
145, 97
145, 162
145, 226
145, 34
145, 98
145, 163
145, 227
145, 35
145, 99
145, 164
145, 228
145, 36
145, 100
145, 165
145, 229
145, 37
145, 101
145, 166
145, 230
145, 38
145, 102
145, 167
145, 231
145, 39
145, 103
145, 168
145, 232
145, 40
145, 104
145, 169
145, 233
145, 41
145, 105
145, 170
145, 234
145, 42
145, 106
145, 171
145, 235
145, 43
145, 107
145, 172
145, 236
145, 44
145, 108
145, 173
145, 237
145, 45
145, 109
145, 174
145, 238
145, 46
145, 110
145, 175
145, 239
145, 47
145, 111
145, 176
145, 240
145, 48
145, 112
145, 177
145, 241
145, 49
145, 113
145, 178
145, 242
145, 50
145, 114
145, 179
145, 243
145, 51
145, 115
145, 180
145, 244
145, 52
145, 116
145, 181
145, 245
145, 53
145, 117
145, 182
145, 246
145, 54
145, 118
145, 183
145, 247
145, 55
145, 119
145, 184
145, 248
145, 56
145, 120
145, 185
145, 249
145, 57
145, 121
145, 186
145, 250
145, 58
145, 122
145, 187
145, 59
145, 123
145, 188
145, 60
145, 124
145, 189
145, 61
145, 125
145, 190
145, 62
145, 126
145, 191
145, 63
145, 127
81, 64
81, 192
81, 128
81, 65
81, 1
81, 193
81, 129
81, 130
81, 194
81, 2
81, 66
81, 131
81, 195
81, 3
81, 67
81, 132
81, 196
81, 4
81, 68
81, 133
81, 197
81, 5
81, 69
81, 134
81, 198
81, 6
81, 70
81, 135
81, 199
81, 7
81, 71
81, 136
81, 200
81, 8
81, 72
81, 137
81, 201
81, 9
81, 73
81, 138
81, 202
81, 10
81, 74
81, 139
81, 203
81, 11
81, 75
81, 140
81, 204
81, 12
81, 76
81, 141
81, 205
81, 13
81, 77
81, 142
81, 206
81, 14
81, 78
81, 143
81, 207
81, 15
81, 79
81, 144
81, 208
81, 16
81, 80
81, 145
81, 209
81, 17
81, 81
81, 146
81, 210
81, 18
81, 82
81, 83
81, 147
81, 211
81, 19
81, 84
81, 148
81, 212
81, 20
81, 85
81, 149
81, 213
81, 21
81, 86
81, 150
81, 214
81, 22
81, 87
81, 151
81, 215
81, 23
81, 88
81, 152
81, 216
81, 24
81, 89
81, 153
81, 217
81, 25
81, 90
81, 154
81, 218
81, 26
81, 91
81, 155
81, 219
81, 27
81, 92
81, 156
81, 220
81, 28
81, 93
81, 157
81, 221
81, 29
81, 94
81, 158
81, 222
81, 30
81, 95
81, 159
81, 223
81, 31
81, 96
81, 160
81, 224
81, 32
81, 97
81, 161
81, 225
81, 33
81, 98
81, 162
81, 226
81, 34
81, 99
81, 163
81, 227
81, 35
81, 100
81, 164
81, 228
81, 36
81, 101
81, 165
81, 229
81, 37
81, 102
81, 166
81, 230
81, 38
81, 103
81, 167
81, 231
81, 39
81, 104
81, 168
81, 232
81, 40
81, 105
81, 169
81, 233
81, 41
81, 106
81, 170
81, 234
81, 42
81, 107
81, 171
81, 235
81, 43
81, 108
81, 172
81, 236
81, 44
81, 109
81, 173
81, 237
81, 45
81, 110
81, 174
81, 238
81, 46
81, 111
81, 175
81, 239
81, 47
81, 112
81, 176
81, 240
81, 48
81, 113
81, 177
81, 241
81, 49
81, 114
81, 178
81, 242
81, 50
81, 115
81, 179
81, 243
81, 51
81, 116
81, 180
81, 244
81, 52
81, 117
81, 181
81, 245
81, 53
81, 118
81, 182
81, 246
81, 54
81, 119
81, 183
81, 247
81, 55
81, 120
81, 184
81, 248
81, 56
81, 121
81, 185
81, 249
81, 57
81, 122
81, 186
81, 250
81, 58
81, 123
81, 187
81, 59
81, 124
81, 188
81, 60
81, 125
81, 189
81, 61
81, 126
81, 190
81, 62
81, 127
81, 191
81, 63
17, 192
17, 128
17, 64
17, 1
17, 193
17, 129
17, 65
17, 66
17, 130
17, 194
17, 2
17, 67
17, 131
17, 195
17, 3
17, 68
17, 132
17, 196
17, 4
17, 69
17, 133
17, 197
17, 5
17, 70
17, 134
17, 198
17, 6
17, 71
17, 135
17, 199
17, 7
17, 72
17, 136
17, 200
17, 8
17, 73
17, 137
17, 201
17, 9
17, 74
17, 138
17, 202
17, 10
17, 75
17, 139
17, 203
17, 11
17, 76
17, 140
17, 204
17, 12
17, 77
17, 141
17, 205
17, 13
17, 78
17, 142
17, 206
17, 14
17, 79
17, 143
17, 207
17, 15
17, 80
17, 144
17, 208
17, 16
17, 81
17, 145
17, 209
17, 17
17, 82
17, 146
17, 210
17, 18
17, 19
17, 83
17, 147
17, 211
17, 20
17, 84
17, 148
17, 212
17, 21
17, 85
17, 149
17, 213
17, 22
17, 86
17, 150
17, 214
17, 23
17, 87
17, 151
17, 215
17, 24
17, 88
17, 152
17, 216
17, 25
17, 89
17, 153
17, 217
17, 26
17, 90
17, 154
17, 218
17, 27
17, 91
17, 155
17, 219
17, 28
17, 92
17, 156
17, 220
17, 29
17, 93
17, 157
17, 221
17, 30
17, 94
17, 158
17, 222
17, 31
17, 95
17, 159
17, 223
17, 32
17, 96
17, 160
17, 224
17, 33
17, 97
17, 161
17, 225
17, 34
17, 98
17, 162
17, 226
17, 35
17, 99
17, 163
17, 227
17, 36
17, 100
17, 164
17, 228
17, 37
17, 101
17, 165
17, 229
17, 38
17, 102
17, 166
17, 230
17, 39
17, 103
17, 167
17, 231
17, 40
17, 104
17, 168
17, 232
17, 41
17, 105
17, 169
17, 233
17, 42
17, 106
17, 170
17, 234
17, 43
17, 107
17, 171
17, 235
17, 44
17, 108
17, 172
17, 236
17, 45
17, 109
17, 173
17, 237
17, 46
17, 110
17, 174
17, 238
17, 47
17, 111
17, 175
17, 239
17, 48
17, 112
17, 176
17, 240
17, 49
17, 113
17, 177
17, 241
17, 50
17, 114
17, 178
17, 242
17, 51
17, 115
17, 179
17, 243
17, 52
17, 116
17, 180
17, 244
17, 53
17, 117
17, 181
17, 245
17, 54
17, 118
17, 182
17, 246
17, 55
17, 119
17, 183
17, 247
17, 56
17, 120
17, 184
17, 248
17, 57
17, 121
17, 185
17, 249
17, 58
17, 122
17, 186
17, 250
17, 59
17, 123
17, 187
17, 60
17, 124
17, 188
17, 61
17, 125
17, 189
17, 62
17, 126
17, 190
17, 63
17, 127
17, 191
210, 192
210, 128
210, 64
210, 193
210, 129
210, 65
210, 1
210, 2
210, 66
210, 130
210, 194
210, 3
210, 67
210, 131
210, 195
210, 4
210, 68
210, 132
210, 196
210, 5
210, 69
210, 133
210, 197
210, 6
210, 70
210, 134
210, 198
210, 7
210, 71
210, 135
210, 199
210, 8
210, 72
210, 136
210, 200
210, 9
210, 73
210, 137
210, 201
210, 10
210, 74
210, 138
210, 202
210, 11
210, 75
210, 139
210, 203
210, 12
210, 76
210, 140
210, 204
210, 13
210, 77
210, 141
210, 205
210, 14
210, 78
210, 142
210, 206
210, 15
210, 79
210, 143
210, 207
210, 16
210, 80
210, 144
210, 208
210, 17
210, 81
210, 145
210, 209
210, 18
210, 82
210, 146
210, 210
210, 19
210, 83
210, 147
210, 211
210, 212
210, 20
210, 84
210, 148
210, 213
210, 21
210, 85
210, 149
210, 214
210, 22
210, 86
210, 150
210, 215
210, 23
210, 87
210, 151
210, 216
210, 24
210, 88
210, 152
210, 217
210, 25
210, 89
210, 153
210, 218
210, 26
210, 90
210, 154
210, 219
210, 27
210, 91
210, 155
210, 220
210, 28
210, 92
210, 156
210, 221
210, 29
210, 93
210, 157
210, 222
210, 30
210, 94
210, 158
210, 223
210, 31
210, 95
210, 159
210, 224
210, 32
210, 96
210, 160
210, 225
210, 33
210, 97
210, 161
210, 226
210, 34
210, 98
210, 162
210, 227
210, 35
210, 99
210, 163
210, 228
210, 36
210, 100
210, 164
210, 229
210, 37
210, 101
210, 165
210, 230
210, 38
210, 102
210, 166
210, 231
210, 39
210, 103
210, 167
210, 232
210, 40
210, 104
210, 168
210, 233
210, 41
210, 105
210, 169
210, 234
210, 42
210, 106
210, 170
210, 235
210, 43
210, 107
210, 171
210, 236
210, 44
210, 108
210, 172
210, 237
210, 45
210, 109
210, 173
210, 238
210, 46
210, 110
210, 174
210, 239
210, 47
210, 111
210, 175
210, 240
210, 48
210, 112
210, 176
210, 241
210, 49
210, 113
210, 177
210, 242
210, 50
210, 114
210, 178
210, 243
210, 51
210, 115
210, 179
210, 244
210, 52
210, 116
210, 180
210, 245
210, 53
210, 117
210, 181
210, 246
210, 54
210, 118
210, 182
210, 247
210, 55
210, 119
210, 183
210, 248
210, 56
210, 120
210, 184
210, 249
210, 57
210, 121
210, 185
210, 250
210, 58
210, 122
210, 186
210, 59
210, 123
210, 187
210, 60
210, 124
210, 188
210, 61
210, 125
210, 189
210, 62
210, 126
210, 190
210, 63
210, 127
210, 191
146, 128
146, 64
146, 192
146, 129
146, 65
146, 1
146, 193
146, 194
146, 2
146, 66
146, 130
146, 195
146, 3
146, 67
146, 131
146, 196
146, 4
146, 68
146, 132
146, 197
146, 5
146, 69
146, 133
146, 198
146, 6
146, 70
146, 134
146, 199
146, 7
146, 71
146, 135
146, 200
146, 8
146, 72
146, 136
146, 201
146, 9
146, 73
146, 137
146, 202
146, 10
146, 74
146, 138
146, 203
146, 11
146, 75
146, 139
146, 204
146, 12
146, 76
146, 140
146, 205
146, 13
146, 77
146, 141
146, 206
146, 14
146, 78
146, 142
146, 207
146, 15
146, 79
146, 143
146, 208
146, 16
146, 80
146, 144
146, 209
146, 17
146, 81
146, 145
146, 210
146, 18
146, 82
146, 146
146, 211
146, 19
146, 83
146, 147
146, 148
146, 212
146, 20
146, 84
146, 149
146, 213
146, 21
146, 85
146, 150
146, 214
146, 22
146, 86
146, 151
146, 215
146, 23
146, 87
146, 152
146, 216
146, 24
146, 88
146, 153
146, 217
146, 25
146, 89
146, 154
146, 218
146, 26
146, 90
146, 155
146, 219
146, 27
146, 91
146, 156
146, 220
146, 28
146, 92
146, 157
146, 221
146, 29
146, 93
146, 158
146, 222
146, 30
146, 94
146, 159
146, 223
146, 31
146, 95
146, 160
146, 224
146, 32
146, 96
146, 161
146, 225
146, 33
146, 97
146, 162
146, 226
146, 34
146, 98
146, 163
146, 227
146, 35
146, 99
146, 164
146, 228
146, 36
146, 100
146, 165
146, 229
146, 37
146, 101
146, 166
146, 230
146, 38
146, 102
146, 167
146, 231
146, 39
146, 103
146, 168
146, 232
146, 40
146, 104
146, 169
146, 233
146, 41
146, 105
146, 170
146, 234
146, 42
146, 106
146, 171
146, 235
146, 43
146, 107
146, 172
146, 236
146, 44
146, 108
146, 173
146, 237
146, 45
146, 109
146, 174
146, 238
146, 46
146, 110
146, 175
146, 239
146, 47
146, 111
146, 176
146, 240
146, 48
146, 112
146, 177
146, 241
146, 49
146, 113
146, 178
146, 242
146, 50
146, 114
146, 179
146, 243
146, 51
146, 115
146, 180
146, 244
146, 52
146, 116
146, 181
146, 245
146, 53
146, 117
146, 182
146, 246
146, 54
146, 118
146, 183
146, 247
146, 55
146, 119
146, 184
146, 248
146, 56
146, 120
146, 185
146, 249
146, 57
146, 121
146, 186
146, 250
146, 58
146, 122
146, 187
146, 59
146, 123
146, 188
146, 60
146, 124
146, 189
146, 61
146, 125
146, 190
146, 62
146, 126
146, 191
146, 63
146, 127
82, 64
82, 192
82, 128
82, 65
82, 1
82, 193
82, 129
82, 130
82, 194
82, 2
82, 66
82, 131
82, 195
82, 3
82, 67
82, 132
82, 196
82, 4
82, 68
82, 133
82, 197
82, 5
82, 69
82, 134
82, 198
82, 6
82, 70
82, 135
82, 199
82, 7
82, 71
82, 136
82, 200
82, 8
82, 72
82, 137
82, 201
82, 9
82, 73
82, 138
82, 202
82, 10
82, 74
82, 139
82, 203
82, 11
82, 75
82, 140
82, 204
82, 12
82, 76
82, 141
82, 205
82, 13
82, 77
82, 142
82, 206
82, 14
82, 78
82, 143
82, 207
82, 15
82, 79
82, 144
82, 208
82, 16
82, 80
82, 145
82, 209
82, 17
82, 81
82, 146
82, 210
82, 18
82, 82
82, 147
82, 211
82, 19
82, 83
82, 84
82, 148
82, 212
82, 20
82, 85
82, 149
82, 213
82, 21
82, 86
82, 150
82, 214
82, 22
82, 87
82, 151
82, 215
82, 23
82, 88
82, 152
82, 216
82, 24
82, 89
82, 153
82, 217
82, 25
82, 90
82, 154
82, 218
82, 26
82, 91
82, 155
82, 219
82, 27
82, 92
82, 156
82, 220
82, 28
82, 93
82, 157
82, 221
82, 29
82, 94
82, 158
82, 222
82, 30
82, 95
82, 159
82, 223
82, 31
82, 96
82, 160
82, 224
82, 32
82, 97
82, 161
82, 225
82, 33
82, 98
82, 162
82, 226
82, 34
82, 99
82, 163
82, 227
82, 35
82, 100
82, 164
82, 228
82, 36
82, 101
82, 165
82, 229
82, 37
82, 102
82, 166
82, 230
82, 38
82, 103
82, 167
82, 231
82, 39
82, 104
82, 168
82, 232
82, 40
82, 105
82, 169
82, 233
82, 41
82, 106
82, 170
82, 234
82, 42
82, 107
82, 171
82, 235
82, 43
82, 108
82, 172
82, 236
82, 44
82, 109
82, 173
82, 237
82, 45
82, 110
82, 174
82, 238
82, 46
82, 111
82, 175
82, 239
82, 47
82, 112
82, 176
82, 240
82, 48
82, 113
82, 177
82, 241
82, 49
82, 114
82, 178
82, 242
82, 50
82, 115
82, 179
82, 243
82, 51
82, 116
82, 180
82, 244
82, 52
82, 117
82, 181
82, 245
82, 53
82, 118
82, 182
82, 246
82, 54
82, 119
82, 183
82, 247
82, 55
82, 120
82, 184
82, 248
82, 56
82, 121
82, 185
82, 249
82, 57
82, 122
82, 186
82, 250
82, 58
82, 123
82, 187
82, 59
82, 124
82, 188
82, 60
82, 125
82, 189
82, 61
82, 126
82, 190
82, 62
82, 127
82, 191
82, 63
18, 192
18, 128
18, 64
18, 1
18, 193
18, 129
18, 65
18, 66
18, 130
18, 194
18, 2
18, 67
18, 131
18, 195
18, 3
18, 68
18, 132
18, 196
18, 4
18, 69
18, 133
18, 197
18, 5
18, 70
18, 134
18, 198
18, 6
18, 71
18, 135
18, 199
18, 7
18, 72
18, 136
18, 200
18, 8
18, 73
18, 137
18, 201
18, 9
18, 74
18, 138
18, 202
18, 10
18, 75
18, 139
18, 203
18, 11
18, 76
18, 140
18, 204
18, 12
18, 77
18, 141
18, 205
18, 13
18, 78
18, 142
18, 206
18, 14
18, 79
18, 143
18, 207
18, 15
18, 80
18, 144
18, 208
18, 16
18, 81
18, 145
18, 209
18, 17
18, 82
18, 146
18, 210
18, 18
18, 83
18, 147
18, 211
18, 19
18, 20
18, 84
18, 148
18, 212
18, 21
18, 85
18, 149
18, 213
18, 22
18, 86
18, 150
18, 214
18, 23
18, 87
18, 151
18, 215
18, 24
18, 88
18, 152
18, 216
18, 25
18, 89
18, 153
18, 217
18, 26
18, 90
18, 154
18, 218
18, 27
18, 91
18, 155
18, 219
18, 28
18, 92
18, 156
18, 220
18, 29
18, 93
18, 157
18, 221
18, 30
18, 94
18, 158
18, 222
18, 31
18, 95
18, 159
18, 223
18, 32
18, 96
18, 160
18, 224
18, 33
18, 97
18, 161
18, 225
18, 34
18, 98
18, 162
18, 226
18, 35
18, 99
18, 163
18, 227
18, 36
18, 100
18, 164
18, 228
18, 37
18, 101
18, 165
18, 229
18, 38
18, 102
18, 166
18, 230
18, 39
18, 103
18, 167
18, 231
18, 40
18, 104
18, 168
18, 232
18, 41
18, 105
18, 169
18, 233
18, 42
18, 106
18, 170
18, 234
18, 43
18, 107
18, 171
18, 235
18, 44
18, 108
18, 172
18, 236
18, 45
18, 109
18, 173
18, 237
18, 46
18, 110
18, 174
18, 238
18, 47
18, 111
18, 175
18, 239
18, 48
18, 112
18, 176
18, 240
18, 49
18, 113
18, 177
18, 241
18, 50
18, 114
18, 178
18, 242
18, 51
18, 115
18, 179
18, 243
18, 52
18, 116
18, 180
18, 244
18, 53
18, 117
18, 181
18, 245
18, 54
18, 118
18, 182
18, 246
18, 55
18, 119
18, 183
18, 247
18, 56
18, 120
18, 184
18, 248
18, 57
18, 121
18, 185
18, 249
18, 58
18, 122
18, 186
18, 250
18, 59
18, 123
18, 187
18, 60
18, 124
18, 188
18, 61
18, 125
18, 189
18, 62
18, 126
18, 190
18, 63
18, 127
18, 191
211, 192
211, 128
211, 64
211, 193
211, 129
211, 65
211, 1
211, 2
211, 66
211, 130
211, 194
211, 3
211, 67
211, 131
211, 195
211, 4
211, 68
211, 132
211, 196
211, 5
211, 69
211, 133
211, 197
211, 6
211, 70
211, 134
211, 198
211, 7
211, 71
211, 135
211, 199
211, 8
211, 72
211, 136
211, 200
211, 9
211, 73
211, 137
211, 201
211, 10
211, 74
211, 138
211, 202
211, 11
211, 75
211, 139
211, 203
211, 12
211, 76
211, 140
211, 204
211, 13
211, 77
211, 141
211, 205
211, 14
211, 78
211, 142
211, 206
211, 15
211, 79
211, 143
211, 207
211, 16
211, 80
211, 144
211, 208
211, 17
211, 81
211, 145
211, 209
211, 18
211, 82
211, 146
211, 210
211, 19
211, 83
211, 147
211, 211
211, 20
211, 84
211, 148
211, 212
211, 213
211, 21
211, 85
211, 149
211, 214
211, 22
211, 86
211, 150
211, 215
211, 23
211, 87
211, 151
211, 216
211, 24
211, 88
211, 152
211, 217
211, 25
211, 89
211, 153
211, 218
211, 26
211, 90
211, 154
211, 219
211, 27
211, 91
211, 155
211, 220
211, 28
211, 92
211, 156
211, 221
211, 29
211, 93
211, 157
211, 222
211, 30
211, 94
211, 158
211, 223
211, 31
211, 95
211, 159
211, 224
211, 32
211, 96
211, 160
211, 225
211, 33
211, 97
211, 161
211, 226
211, 34
211, 98
211, 162
211, 227
211, 35
211, 99
211, 163
211, 228
211, 36
211, 100
211, 164
211, 229
211, 37
211, 101
211, 165
211, 230
211, 38
211, 102
211, 166
211, 231
211, 39
211, 103
211, 167
211, 232
211, 40
211, 104
211, 168
211, 233
211, 41
211, 105
211, 169
211, 234
211, 42
211, 106
211, 170
211, 235
211, 43
211, 107
211, 171
211, 236
211, 44
211, 108
211, 172
211, 237
211, 45
211, 109
211, 173
211, 238
211, 46
211, 110
211, 174
211, 239
211, 47
211, 111
211, 175
211, 240
211, 48
211, 112
211, 176
211, 241
211, 49
211, 113
211, 177
211, 242
211, 50
211, 114
211, 178
211, 243
211, 51
211, 115
211, 179
211, 244
211, 52
211, 116
211, 180
211, 245
211, 53
211, 117
211, 181
211, 246
211, 54
211, 118
211, 182
211, 247
211, 55
211, 119
211, 183
211, 248
211, 56
211, 120
211, 184
211, 249
211, 57
211, 121
211, 185
211, 250
211, 58
211, 122
211, 186
211, 59
211, 123
211, 187
211, 60
211, 124
211, 188
211, 61
211, 125
211, 189
211, 62
211, 126
211, 190
211, 63
211, 127
211, 191
147, 128
147, 64
147, 192
147, 129
147, 65
147, 1
147, 193
147, 194
147, 2
147, 66
147, 130
147, 195
147, 3
147, 67
147, 131
147, 196
147, 4
147, 68
147, 132
147, 197
147, 5
147, 69
147, 133
147, 198
147, 6
147, 70
147, 134
147, 199
147, 7
147, 71
147, 135
147, 200
147, 8
147, 72
147, 136
147, 201
147, 9
147, 73
147, 137
147, 202
147, 10
147, 74
147, 138
147, 203
147, 11
147, 75
147, 139
147, 204
147, 12
147, 76
147, 140
147, 205
147, 13
147, 77
147, 141
147, 206
147, 14
147, 78
147, 142
147, 207
147, 15
147, 79
147, 143
147, 208
147, 16
147, 80
147, 144
147, 209
147, 17
147, 81
147, 145
147, 210
147, 18
147, 82
147, 146
147, 211
147, 19
147, 83
147, 147
147, 212
147, 20
147, 84
147, 148
147, 149
147, 213
147, 21
147, 85
147, 150
147, 214
147, 22
147, 86
147, 151
147, 215
147, 23
147, 87
147, 152
147, 216
147, 24
147, 88
147, 153
147, 217
147, 25
147, 89
147, 154
147, 218
147, 26
147, 90
147, 155
147, 219
147, 27
147, 91
147, 156
147, 220
147, 28
147, 92
147, 157
147, 221
147, 29
147, 93
147, 158
147, 222
147, 30
147, 94
147, 159
147, 223
147, 31
147, 95
147, 160
147, 224
147, 32
147, 96
147, 161
147, 225
147, 33
147, 97
147, 162
147, 226
147, 34
147, 98
147, 163
147, 227
147, 35
147, 99
147, 164
147, 228
147, 36
147, 100
147, 165
147, 229
147, 37
147, 101
147, 166
147, 230
147, 38
147, 102
147, 167
147, 231
147, 39
147, 103
147, 168
147, 232
147, 40
147, 104
147, 169
147, 233
147, 41
147, 105
147, 170
147, 234
147, 42
147, 106
147, 171
147, 235
147, 43
147, 107
147, 172
147, 236
147, 44
147, 108
147, 173
147, 237
147, 45
147, 109
147, 174
147, 238
147, 46
147, 110
147, 175
147, 239
147, 47
147, 111
147, 176
147, 240
147, 48
147, 112
147, 177
147, 241
147, 49
147, 113
147, 178
147, 242
147, 50
147, 114
147, 179
147, 243
147, 51
147, 115
147, 180
147, 244
147, 52
147, 116
147, 181
147, 245
147, 53
147, 117
147, 182
147, 246
147, 54
147, 118
147, 183
147, 247
147, 55
147, 119
147, 184
147, 248
147, 56
147, 120
147, 185
147, 249
147, 57
147, 121
147, 186
147, 250
147, 58
147, 122
147, 187
147, 59
147, 123
147, 188
147, 60
147, 124
147, 189
147, 61
147, 125
147, 190
147, 62
147, 126
147, 191
147, 63
147, 127
83, 64
83, 192
83, 128
83, 65
83, 1
83, 193
83, 129
83, 130
83, 194
83, 2
83, 66
83, 131
83, 195
83, 3
83, 67
83, 132
83, 196
83, 4
83, 68
83, 133
83, 197
83, 5
83, 69
83, 134
83, 198
83, 6
83, 70
83, 135
83, 199
83, 7
83, 71
83, 136
83, 200
83, 8
83, 72
83, 137
83, 201
83, 9
83, 73
83, 138
83, 202
83, 10
83, 74
83, 139
83, 203
83, 11
83, 75
83, 140
83, 204
83, 12
83, 76
83, 141
83, 205
83, 13
83, 77
83, 142
83, 206
83, 14
83, 78
83, 143
83, 207
83, 15
83, 79
83, 144
83, 208
83, 16
83, 80
83, 145
83, 209
83, 17
83, 81
83, 146
83, 210
83, 18
83, 82
83, 147
83, 211
83, 19
83, 83
83, 148
83, 212
83, 20
83, 84
83, 85
83, 149
83, 213
83, 21
83, 86
83, 150
83, 214
83, 22
83, 87
83, 151
83, 215
83, 23
83, 88
83, 152
83, 216
83, 24
83, 89
83, 153
83, 217
83, 25
83, 90
83, 154
83, 218
83, 26
83, 91
83, 155
83, 219
83, 27
83, 92
83, 156
83, 220
83, 28
83, 93
83, 157
83, 221
83, 29
83, 94
83, 158
83, 222
83, 30
83, 95
83, 159
83, 223
83, 31
83, 96
83, 160
83, 224
83, 32
83, 97
83, 161
83, 225
83, 33
83, 98
83, 162
83, 226
83, 34
83, 99
83, 163
83, 227
83, 35
83, 100
83, 164
83, 228
83, 36
83, 101
83, 165
83, 229
83, 37
83, 102
83, 166
83, 230
83, 38
83, 103
83, 167
83, 231
83, 39
83, 104
83, 168
83, 232
83, 40
83, 105
83, 169
83, 233
83, 41
83, 106
83, 170
83, 234
83, 42
83, 107
83, 171
83, 235
83, 43
83, 108
83, 172
83, 236
83, 44
83, 109
83, 173
83, 237
83, 45
83, 110
83, 174
83, 238
83, 46
83, 111
83, 175
83, 239
83, 47
83, 112
83, 176
83, 240
83, 48
83, 113
83, 177
83, 241
83, 49
83, 114
83, 178
83, 242
83, 50
83, 115
83, 179
83, 243
83, 51
83, 116
83, 180
83, 244
83, 52
83, 117
83, 181
83, 245
83, 53
83, 118
83, 182
83, 246
83, 54
83, 119
83, 183
83, 247
83, 55
83, 120
83, 184
83, 248
83, 56
83, 121
83, 185
83, 249
83, 57
83, 122
83, 186
83, 250
83, 58
83, 123
83, 187
83, 59
83, 124
83, 188
83, 60
83, 125
83, 189
83, 61
83, 126
83, 190
83, 62
83, 127
83, 191
83, 63
19, 192
19, 128
19, 64
19, 1
19, 193
19, 129
19, 65
19, 66
19, 130
19, 194
19, 2
19, 67
19, 131
19, 195
19, 3
19, 68
19, 132
19, 196
19, 4
19, 69
19, 133
19, 197
19, 5
19, 70
19, 134
19, 198
19, 6
19, 71
19, 135
19, 199
19, 7
19, 72
19, 136
19, 200
19, 8
19, 73
19, 137
19, 201
19, 9
19, 74
19, 138
19, 202
19, 10
19, 75
19, 139
19, 203
19, 11
19, 76
19, 140
19, 204
19, 12
19, 77
19, 141
19, 205
19, 13
19, 78
19, 142
19, 206
19, 14
19, 79
19, 143
19, 207
19, 15
19, 80
19, 144
19, 208
19, 16
19, 81
19, 145
19, 209
19, 17
19, 82
19, 146
19, 210
19, 18
19, 83
19, 147
19, 211
19, 19
19, 84
19, 148
19, 212
19, 20
19, 21
19, 85
19, 149
19, 213
19, 22
19, 86
19, 150
19, 214
19, 23
19, 87
19, 151
19, 215
19, 24
19, 88
19, 152
19, 216
19, 25
19, 89
19, 153
19, 217
19, 26
19, 90
19, 154
19, 218
19, 27
19, 91
19, 155
19, 219
19, 28
19, 92
19, 156
19, 220
19, 29
19, 93
19, 157
19, 221
19, 30
19, 94
19, 158
19, 222
19, 31
19, 95
19, 159
19, 223
19, 32
19, 96
19, 160
19, 224
19, 33
19, 97
19, 161
19, 225
19, 34
19, 98
19, 162
19, 226
19, 35
19, 99
19, 163
19, 227
19, 36
19, 100
19, 164
19, 228
19, 37
19, 101
19, 165
19, 229
19, 38
19, 102
19, 166
19, 230
19, 39
19, 103
19, 167
19, 231
19, 40
19, 104
19, 168
19, 232
19, 41
19, 105
19, 169
19, 233
19, 42
19, 106
19, 170
19, 234
19, 43
19, 107
19, 171
19, 235
19, 44
19, 108
19, 172
19, 236
19, 45
19, 109
19, 173
19, 237
19, 46
19, 110
19, 174
19, 238
19, 47
19, 111
19, 175
19, 239
19, 48
19, 112
19, 176
19, 240
19, 49
19, 113
19, 177
19, 241
19, 50
19, 114
19, 178
19, 242
19, 51
19, 115
19, 179
19, 243
19, 52
19, 116
19, 180
19, 244
19, 53
19, 117
19, 181
19, 245
19, 54
19, 118
19, 182
19, 246
19, 55
19, 119
19, 183
19, 247
19, 56
19, 120
19, 184
19, 248
19, 57
19, 121
19, 185
19, 249
19, 58
19, 122
19, 186
19, 250
19, 59
19, 123
19, 187
19, 60
19, 124
19, 188
19, 61
19, 125
19, 189
19, 62
19, 126
19, 190
19, 63
19, 127
19, 191
212, 192
212, 128
212, 64
212, 193
212, 129
212, 65
212, 1
212, 2
212, 66
212, 130
212, 194
212, 3
212, 67
212, 131
212, 195
212, 4
212, 68
212, 132
212, 196
212, 5
212, 69
212, 133
212, 197
212, 6
212, 70
212, 134
212, 198
212, 7
212, 71
212, 135
212, 199
212, 8
212, 72
212, 136
212, 200
212, 9
212, 73
212, 137
212, 201
212, 10
212, 74
212, 138
212, 202
212, 11
212, 75
212, 139
212, 203
212, 12
212, 76
212, 140
212, 204
212, 13
212, 77
212, 141
212, 205
212, 14
212, 78
212, 142
212, 206
212, 15
212, 79
212, 143
212, 207
212, 16
212, 80
212, 144
212, 208
212, 17
212, 81
212, 145
212, 209
212, 18
212, 82
212, 146
212, 210
212, 19
212, 83
212, 147
212, 211
212, 20
212, 84
212, 148
212, 212
212, 21
212, 85
212, 149
212, 213
212, 214
212, 22
212, 86
212, 150
212, 215
212, 23
212, 87
212, 151
212, 216
212, 24
212, 88
212, 152
212, 217
212, 25
212, 89
212, 153
212, 218
212, 26
212, 90
212, 154
212, 219
212, 27
212, 91
212, 155
212, 220
212, 28
212, 92
212, 156
212, 221
212, 29
212, 93
212, 157
212, 222
212, 30
212, 94
212, 158
212, 223
212, 31
212, 95
212, 159
212, 224
212, 32
212, 96
212, 160
212, 225
212, 33
212, 97
212, 161
212, 226
212, 34
212, 98
212, 162
212, 227
212, 35
212, 99
212, 163
212, 228
212, 36
212, 100
212, 164
212, 229
212, 37
212, 101
212, 165
212, 230
212, 38
212, 102
212, 166
212, 231
212, 39
212, 103
212, 167
212, 232
212, 40
212, 104
212, 168
212, 233
212, 41
212, 105
212, 169
212, 234
212, 42
212, 106
212, 170
212, 235
212, 43
212, 107
212, 171
212, 236
212, 44
212, 108
212, 172
212, 237
212, 45
212, 109
212, 173
212, 238
212, 46
212, 110
212, 174
212, 239
212, 47
212, 111
212, 175
212, 240
212, 48
212, 112
212, 176
212, 241
212, 49
212, 113
212, 177
212, 242
212, 50
212, 114
212, 178
212, 243
212, 51
212, 115
212, 179
212, 244
212, 52
212, 116
212, 180
212, 245
212, 53
212, 117
212, 181
212, 246
212, 54
212, 118
212, 182
212, 247
212, 55
212, 119
212, 183
212, 248
212, 56
212, 120
212, 184
212, 249
212, 57
212, 121
212, 185
212, 250
212, 58
212, 122
212, 186
212, 59
212, 123
212, 187
212, 60
212, 124
212, 188
212, 61
212, 125
212, 189
212, 62
212, 126
212, 190
212, 63
212, 127
212, 191
148, 128
148, 64
148, 192
148, 129
148, 65
148, 1
148, 193
148, 194
148, 2
148, 66
148, 130
148, 195
148, 3
148, 67
148, 131
148, 196
148, 4
148, 68
148, 132
148, 197
148, 5
148, 69
148, 133
148, 198
148, 6
148, 70
148, 134
148, 199
148, 7
148, 71
148, 135
148, 200
148, 8
148, 72
148, 136
148, 201
148, 9
148, 73
148, 137
148, 202
148, 10
148, 74
148, 138
148, 203
148, 11
148, 75
148, 139
148, 204
148, 12
148, 76
148, 140
148, 205
148, 13
148, 77
148, 141
148, 206
148, 14
148, 78
148, 142
148, 207
148, 15
148, 79
148, 143
148, 208
148, 16
148, 80
148, 144
148, 209
148, 17
148, 81
148, 145
148, 210
148, 18
148, 82
148, 146
148, 211
148, 19
148, 83
148, 147
148, 212
148, 20
148, 84
148, 148
148, 213
148, 21
148, 85
148, 149
148, 150
148, 214
148, 22
148, 86
148, 151
148, 215
148, 23
148, 87
148, 152
148, 216
148, 24
148, 88
148, 153
148, 217
148, 25
148, 89
148, 154
148, 218
148, 26
148, 90
148, 155
148, 219
148, 27
148, 91
148, 156
148, 220
148, 28
148, 92
148, 157
148, 221
148, 29
148, 93
148, 158
148, 222
148, 30
148, 94
148, 159
148, 223
148, 31
148, 95
148, 160
148, 224
148, 32
148, 96
148, 161
148, 225
148, 33
148, 97
148, 162
148, 226
148, 34
148, 98
148, 163
148, 227
148, 35
148, 99
148, 164
148, 228
148, 36
148, 100
148, 165
148, 229
148, 37
148, 101
148, 166
148, 230
148, 38
148, 102
148, 167
148, 231
148, 39
148, 103
148, 168
148, 232
148, 40
148, 104
148, 169
148, 233
148, 41
148, 105
148, 170
148, 234
148, 42
148, 106
148, 171
148, 235
148, 43
148, 107
148, 172
148, 236
148, 44
148, 108
148, 173
148, 237
148, 45
148, 109
148, 174
148, 238
148, 46
148, 110
148, 175
148, 239
148, 47
148, 111
148, 176
148, 240
148, 48
148, 112
148, 177
148, 241
148, 49
148, 113
148, 178
148, 242
148, 50
148, 114
148, 179
148, 243
148, 51
148, 115
148, 180
148, 244
148, 52
148, 116
148, 181
148, 245
148, 53
148, 117
148, 182
148, 246
148, 54
148, 118
148, 183
148, 247
148, 55
148, 119
148, 184
148, 248
148, 56
148, 120
148, 185
148, 249
148, 57
148, 121
148, 186
148, 250
148, 58
148, 122
148, 187
148, 59
148, 123
148, 188
148, 60
148, 124
148, 189
148, 61
148, 125
148, 190
148, 62
148, 126
148, 191
148, 63
148, 127
84, 64
84, 192
84, 128
84, 65
84, 1
84, 193
84, 129
84, 130
84, 194
84, 2
84, 66
84, 131
84, 195
84, 3
84, 67
84, 132
84, 196
84, 4
84, 68
84, 133
84, 197
84, 5
84, 69
84, 134
84, 198
84, 6
84, 70
84, 135
84, 199
84, 7
84, 71
84, 136
84, 200
84, 8
84, 72
84, 137
84, 201
84, 9
84, 73
84, 138
84, 202
84, 10
84, 74
84, 139
84, 203
84, 11
84, 75
84, 140
84, 204
84, 12
84, 76
84, 141
84, 205
84, 13
84, 77
84, 142
84, 206
84, 14
84, 78
84, 143
84, 207
84, 15
84, 79
84, 144
84, 208
84, 16
84, 80
84, 145
84, 209
84, 17
84, 81
84, 146
84, 210
84, 18
84, 82
84, 147
84, 211
84, 19
84, 83
84, 148
84, 212
84, 20
84, 84
84, 149
84, 213
84, 21
84, 85
84, 86
84, 150
84, 214
84, 22
84, 87
84, 151
84, 215
84, 23
84, 88
84, 152
84, 216
84, 24
84, 89
84, 153
84, 217
84, 25
84, 90
84, 154
84, 218
84, 26
84, 91
84, 155
84, 219
84, 27
84, 92
84, 156
84, 220
84, 28
84, 93
84, 157
84, 221
84, 29
84, 94
84, 158
84, 222
84, 30
84, 95
84, 159
84, 223
84, 31
84, 96
84, 160
84, 224
84, 32
84, 97
84, 161
84, 225
84, 33
84, 98
84, 162
84, 226
84, 34
84, 99
84, 163
84, 227
84, 35
84, 100
84, 164
84, 228
84, 36
84, 101
84, 165
84, 229
84, 37
84, 102
84, 166
84, 230
84, 38
84, 103
84, 167
84, 231
84, 39
84, 104
84, 168
84, 232
84, 40
84, 105
84, 169
84, 233
84, 41
84, 106
84, 170
84, 234
84, 42
84, 107
84, 171
84, 235
84, 43
84, 108
84, 172
84, 236
84, 44
84, 109
84, 173
84, 237
84, 45
84, 110
84, 174
84, 238
84, 46
84, 111
84, 175
84, 239
84, 47
84, 112
84, 176
84, 240
84, 48
84, 113
84, 177
84, 241
84, 49
84, 114
84, 178
84, 242
84, 50
84, 115
84, 179
84, 243
84, 51
84, 116
84, 180
84, 244
84, 52
84, 117
84, 181
84, 245
84, 53
84, 118
84, 182
84, 246
84, 54
84, 119
84, 183
84, 247
84, 55
84, 120
84, 184
84, 248
84, 56
84, 121
84, 185
84, 249
84, 57
84, 122
84, 186
84, 250
84, 58
84, 123
84, 187
84, 59
84, 124
84, 188
84, 60
84, 125
84, 189
84, 61
84, 126
84, 190
84, 62
84, 127
84, 191
84, 63
20, 192
20, 128
20, 64
20, 1
20, 193
20, 129
20, 65
20, 66
20, 130
20, 194
20, 2
20, 67
20, 131
20, 195
20, 3
20, 68
20, 132
20, 196
20, 4
20, 69
20, 133
20, 197
20, 5
20, 70
20, 134
20, 198
20, 6
20, 71
20, 135
20, 199
20, 7
20, 72
20, 136
20, 200
20, 8
20, 73
20, 137
20, 201
20, 9
20, 74
20, 138
20, 202
20, 10
20, 75
20, 139
20, 203
20, 11
20, 76
20, 140
20, 204
20, 12
20, 77
20, 141
20, 205
20, 13
20, 78
20, 142
20, 206
20, 14
20, 79
20, 143
20, 207
20, 15
20, 80
20, 144
20, 208
20, 16
20, 81
20, 145
20, 209
20, 17
20, 82
20, 146
20, 210
20, 18
20, 83
20, 147
20, 211
20, 19
20, 84
20, 148
20, 212
20, 20
20, 85
20, 149
20, 213
20, 21
20, 22
20, 86
20, 150
20, 214
20, 23
20, 87
20, 151
20, 215
20, 24
20, 88
20, 152
20, 216
20, 25
20, 89
20, 153
20, 217
20, 26
20, 90
20, 154
20, 218
20, 27
20, 91
20, 155
20, 219
20, 28
20, 92
20, 156
20, 220
20, 29
20, 93
20, 157
20, 221
20, 30
20, 94
20, 158
20, 222
20, 31
20, 95
20, 159
20, 223
20, 32
20, 96
20, 160
20, 224
20, 33
20, 97
20, 161
20, 225
20, 34
20, 98
20, 162
20, 226
20, 35
20, 99
20, 163
20, 227
20, 36
20, 100
20, 164
20, 228
20, 37
20, 101
20, 165
20, 229
20, 38
20, 102
20, 166
20, 230
20, 39
20, 103
20, 167
20, 231
20, 40
20, 104
20, 168
20, 232
20, 41
20, 105
20, 169
20, 233
20, 42
20, 106
20, 170
20, 234
20, 43
20, 107
20, 171
20, 235
20, 44
20, 108
20, 172
20, 236
20, 45
20, 109
20, 173
20, 237
20, 46
20, 110
20, 174
20, 238
20, 47
20, 111
20, 175
20, 239
20, 48
20, 112
20, 176
20, 240
20, 49
20, 113
20, 177
20, 241
20, 50
20, 114
20, 178
20, 242
20, 51
20, 115
20, 179
20, 243
20, 52
20, 116
20, 180
20, 244
20, 53
20, 117
20, 181
20, 245
20, 54
20, 118
20, 182
20, 246
20, 55
20, 119
20, 183
20, 247
20, 56
20, 120
20, 184
20, 248
20, 57
20, 121
20, 185
20, 249
20, 58
20, 122
20, 186
20, 250
20, 59
20, 123
20, 187
20, 60
20, 124
20, 188
20, 61
20, 125
20, 189
20, 62
20, 126
20, 190
20, 63
20, 127
20, 191
213, 192
213, 128
213, 64
213, 193
213, 129
213, 65
213, 1
213, 2
213, 66
213, 130
213, 194
213, 3
213, 67
213, 131
213, 195
213, 4
213, 68
213, 132
213, 196
213, 5
213, 69
213, 133
213, 197
213, 6
213, 70
213, 134
213, 198
213, 7
213, 71
213, 135
213, 199
213, 8
213, 72
213, 136
213, 200
213, 9
213, 73
213, 137
213, 201
213, 10
213, 74
213, 138
213, 202
213, 11
213, 75
213, 139
213, 203
213, 12
213, 76
213, 140
213, 204
213, 13
213, 77
213, 141
213, 205
213, 14
213, 78
213, 142
213, 206
213, 15
213, 79
213, 143
213, 207
213, 16
213, 80
213, 144
213, 208
213, 17
213, 81
213, 145
213, 209
213, 18
213, 82
213, 146
213, 210
213, 19
213, 83
213, 147
213, 211
213, 20
213, 84
213, 148
213, 212
213, 21
213, 85
213, 149
213, 213
213, 22
213, 86
213, 150
213, 214
213, 215
213, 23
213, 87
213, 151
213, 216
213, 24
213, 88
213, 152
213, 217
213, 25
213, 89
213, 153
213, 218
213, 26
213, 90
213, 154
213, 219
213, 27
213, 91
213, 155
213, 220
213, 28
213, 92
213, 156
213, 221
213, 29
213, 93
213, 157
213, 222
213, 30
213, 94
213, 158
213, 223
213, 31
213, 95
213, 159
213, 224
213, 32
213, 96
213, 160
213, 225
213, 33
213, 97
213, 161
213, 226
213, 34
213, 98
213, 162
213, 227
213, 35
213, 99
213, 163
213, 228
213, 36
213, 100
213, 164
213, 229
213, 37
213, 101
213, 165
213, 230
213, 38
213, 102
213, 166
213, 231
213, 39
213, 103
213, 167
213, 232
213, 40
213, 104
213, 168
213, 233
213, 41
213, 105
213, 169
213, 234
213, 42
213, 106
213, 170
213, 235
213, 43
213, 107
213, 171
213, 236
213, 44
213, 108
213, 172
213, 237
213, 45
213, 109
213, 173
213, 238
213, 46
213, 110
213, 174
213, 239
213, 47
213, 111
213, 175
213, 240
213, 48
213, 112
213, 176
213, 241
213, 49
213, 113
213, 177
213, 242
213, 50
213, 114
213, 178
213, 243
213, 51
213, 115
213, 179
213, 244
213, 52
213, 116
213, 180
213, 245
213, 53
213, 117
213, 181
213, 246
213, 54
213, 118
213, 182
213, 247
213, 55
213, 119
213, 183
213, 248
213, 56
213, 120
213, 184
213, 249
213, 57
213, 121
213, 185
213, 250
213, 58
213, 122
213, 186
213, 59
213, 123
213, 187
213, 60
213, 124
213, 188
213, 61
213, 125
213, 189
213, 62
213, 126
213, 190
213, 63
213, 127
213, 191
149, 128
149, 64
149, 192
149, 129
149, 65
149, 1
149, 193
149, 194
149, 2
149, 66
149, 130
149, 195
149, 3
149, 67
149, 131
149, 196
149, 4
149, 68
149, 132
149, 197
149, 5
149, 69
149, 133
149, 198
149, 6
149, 70
149, 134
149, 199
149, 7
149, 71
149, 135
149, 200
149, 8
149, 72
149, 136
149, 201
149, 9
149, 73
149, 137
149, 202
149, 10
149, 74
149, 138
149, 203
149, 11
149, 75
149, 139
149, 204
149, 12
149, 76
149, 140
149, 205
149, 13
149, 77
149, 141
149, 206
149, 14
149, 78
149, 142
149, 207
149, 15
149, 79
149, 143
149, 208
149, 16
149, 80
149, 144
149, 209
149, 17
149, 81
149, 145
149, 210
149, 18
149, 82
149, 146
149, 211
149, 19
149, 83
149, 147
149, 212
149, 20
149, 84
149, 148
149, 213
149, 21
149, 85
149, 149
149, 214
149, 22
149, 86
149, 150
149, 151
149, 215
149, 23
149, 87
149, 152
149, 216
149, 24
149, 88
149, 153
149, 217
149, 25
149, 89
149, 154
149, 218
149, 26
149, 90
149, 155
149, 219
149, 27
149, 91
149, 156
149, 220
149, 28
149, 92
149, 157
149, 221
149, 29
149, 93
149, 158
149, 222
149, 30
149, 94
149, 159
149, 223
149, 31
149, 95
149, 160
149, 224
149, 32
149, 96
149, 161
149, 225
149, 33
149, 97
149, 162
149, 226
149, 34
149, 98
149, 163
149, 227
149, 35
149, 99
149, 164
149, 228
149, 36
149, 100
149, 165
149, 229
149, 37
149, 101
149, 166
149, 230
149, 38
149, 102
149, 167
149, 231
149, 39
149, 103
149, 168
149, 232
149, 40
149, 104
149, 169
149, 233
149, 41
149, 105
149, 170
149, 234
149, 42
149, 106
149, 171
149, 235
149, 43
149, 107
149, 172
149, 236
149, 44
149, 108
149, 173
149, 237
149, 45
149, 109
149, 174
149, 238
149, 46
149, 110
149, 175
149, 239
149, 47
149, 111
149, 176
149, 240
149, 48
149, 112
149, 177
149, 241
149, 49
149, 113
149, 178
149, 242
149, 50
149, 114
149, 179
149, 243
149, 51
149, 115
149, 180
149, 244
149, 52
149, 116
149, 181
149, 245
149, 53
149, 117
149, 182
149, 246
149, 54
149, 118
149, 183
149, 247
149, 55
149, 119
149, 184
149, 248
149, 56
149, 120
149, 185
149, 249
149, 57
149, 121
149, 186
149, 250
149, 58
149, 122
149, 187
149, 59
149, 123
149, 188
149, 60
149, 124
149, 189
149, 61
149, 125
149, 190
149, 62
149, 126
149, 191
149, 63
149, 127
85, 64
85, 192
85, 128
85, 65
85, 1
85, 193
85, 129
85, 130
85, 194
85, 2
85, 66
85, 131
85, 195
85, 3
85, 67
85, 132
85, 196
85, 4
85, 68
85, 133
85, 197
85, 5
85, 69
85, 134
85, 198
85, 6
85, 70
85, 135
85, 199
85, 7
85, 71
85, 136
85, 200
85, 8
85, 72
85, 137
85, 201
85, 9
85, 73
85, 138
85, 202
85, 10
85, 74
85, 139
85, 203
85, 11
85, 75
85, 140
85, 204
85, 12
85, 76
85, 141
85, 205
85, 13
85, 77
85, 142
85, 206
85, 14
85, 78
85, 143
85, 207
85, 15
85, 79
85, 144
85, 208
85, 16
85, 80
85, 145
85, 209
85, 17
85, 81
85, 146
85, 210
85, 18
85, 82
85, 147
85, 211
85, 19
85, 83
85, 148
85, 212
85, 20
85, 84
85, 149
85, 213
85, 21
85, 85
85, 150
85, 214
85, 22
85, 86
85, 87
85, 151
85, 215
85, 23
85, 88
85, 152
85, 216
85, 24
85, 89
85, 153
85, 217
85, 25
85, 90
85, 154
85, 218
85, 26
85, 91
85, 155
85, 219
85, 27
85, 92
85, 156
85, 220
85, 28
85, 93
85, 157
85, 221
85, 29
85, 94
85, 158
85, 222
85, 30
85, 95
85, 159
85, 223
85, 31
85, 96
85, 160
85, 224
85, 32
85, 97
85, 161
85, 225
85, 33
85, 98
85, 162
85, 226
85, 34
85, 99
85, 163
85, 227
85, 35
85, 100
85, 164
85, 228
85, 36
85, 101
85, 165
85, 229
85, 37
85, 102
85, 166
85, 230
85, 38
85, 103
85, 167
85, 231
85, 39
85, 104
85, 168
85, 232
85, 40
85, 105
85, 169
85, 233
85, 41
85, 106
85, 170
85, 234
85, 42
85, 107
85, 171
85, 235
85, 43
85, 108
85, 172
85, 236
85, 44
85, 109
85, 173
85, 237
85, 45
85, 110
85, 174
85, 238
85, 46
85, 111
85, 175
85, 239
85, 47
85, 112
85, 176
85, 240
85, 48
85, 113
85, 177
85, 241
85, 49
85, 114
85, 178
85, 242
85, 50
85, 115
85, 179
85, 243
85, 51
85, 116
85, 180
85, 244
85, 52
85, 117
85, 181
85, 245
85, 53
85, 118
85, 182
85, 246
85, 54
85, 119
85, 183
85, 247
85, 55
85, 120
85, 184
85, 248
85, 56
85, 121
85, 185
85, 249
85, 57
85, 122
85, 186
85, 250
85, 58
85, 123
85, 187
85, 59
85, 124
85, 188
85, 60
85, 125
85, 189
85, 61
85, 126
85, 190
85, 62
85, 127
85, 191
85, 63
21, 192
21, 128
21, 64
21, 1
21, 193
21, 129
21, 65
21, 66
21, 130
21, 194
21, 2
21, 67
21, 131
21, 195
21, 3
21, 68
21, 132
21, 196
21, 4
21, 69
21, 133
21, 197
21, 5
21, 70
21, 134
21, 198
21, 6
21, 71
21, 135
21, 199
21, 7
21, 72
21, 136
21, 200
21, 8
21, 73
21, 137
21, 201
21, 9
21, 74
21, 138
21, 202
21, 10
21, 75
21, 139
21, 203
21, 11
21, 76
21, 140
21, 204
21, 12
21, 77
21, 141
21, 205
21, 13
21, 78
21, 142
21, 206
21, 14
21, 79
21, 143
21, 207
21, 15
21, 80
21, 144
21, 208
21, 16
21, 81
21, 145
21, 209
21, 17
21, 82
21, 146
21, 210
21, 18
21, 83
21, 147
21, 211
21, 19
21, 84
21, 148
21, 212
21, 20
21, 85
21, 149
21, 213
21, 21
21, 86
21, 150
21, 214
21, 22
21, 23
21, 87
21, 151
21, 215
21, 24
21, 88
21, 152
21, 216
21, 25
21, 89
21, 153
21, 217
21, 26
21, 90
21, 154
21, 218
21, 27
21, 91
21, 155
21, 219
21, 28
21, 92
21, 156
21, 220
21, 29
21, 93
21, 157
21, 221
21, 30
21, 94
21, 158
21, 222
21, 31
21, 95
21, 159
21, 223
21, 32
21, 96
21, 160
21, 224
21, 33
21, 97
21, 161
21, 225
21, 34
21, 98
21, 162
21, 226
21, 35
21, 99
21, 163
21, 227
21, 36
21, 100
21, 164
21, 228
21, 37
21, 101
21, 165
21, 229
21, 38
21, 102
21, 166
21, 230
21, 39
21, 103
21, 167
21, 231
21, 40
21, 104
21, 168
21, 232
21, 41
21, 105
21, 169
21, 233
21, 42
21, 106
21, 170
21, 234
21, 43
21, 107
21, 171
21, 235
21, 44
21, 108
21, 172
21, 236
21, 45
21, 109
21, 173
21, 237
21, 46
21, 110
21, 174
21, 238
21, 47
21, 111
21, 175
21, 239
21, 48
21, 112
21, 176
21, 240
21, 49
21, 113
21, 177
21, 241
21, 50
21, 114
21, 178
21, 242
21, 51
21, 115
21, 179
21, 243
21, 52
21, 116
21, 180
21, 244
21, 53
21, 117
21, 181
21, 245
21, 54
21, 118
21, 182
21, 246
21, 55
21, 119
21, 183
21, 247
21, 56
21, 120
21, 184
21, 248
21, 57
21, 121
21, 185
21, 249
21, 58
21, 122
21, 186
21, 250
21, 59
21, 123
21, 187
21, 60
21, 124
21, 188
21, 61
21, 125
21, 189
21, 62
21, 126
21, 190
21, 63
21, 127
21, 191
214, 192
214, 128
214, 64
214, 193
214, 129
214, 65
214, 1
214, 2
214, 66
214, 130
214, 194
214, 3
214, 67
214, 131
214, 195
214, 4
214, 68
214, 132
214, 196
214, 5
214, 69
214, 133
214, 197
214, 6
214, 70
214, 134
214, 198
214, 7
214, 71
214, 135
214, 199
214, 8
214, 72
214, 136
214, 200
214, 9
214, 73
214, 137
214, 201
214, 10
214, 74
214, 138
214, 202
214, 11
214, 75
214, 139
214, 203
214, 12
214, 76
214, 140
214, 204
214, 13
214, 77
214, 141
214, 205
214, 14
214, 78
214, 142
214, 206
214, 15
214, 79
214, 143
214, 207
214, 16
214, 80
214, 144
214, 208
214, 17
214, 81
214, 145
214, 209
214, 18
214, 82
214, 146
214, 210
214, 19
214, 83
214, 147
214, 211
214, 20
214, 84
214, 148
214, 212
214, 21
214, 85
214, 149
214, 213
214, 22
214, 86
214, 150
214, 214
214, 23
214, 87
214, 151
214, 215
214, 216
214, 24
214, 88
214, 152
214, 217
214, 25
214, 89
214, 153
214, 218
214, 26
214, 90
214, 154
214, 219
214, 27
214, 91
214, 155
214, 220
214, 28
214, 92
214, 156
214, 221
214, 29
214, 93
214, 157
214, 222
214, 30
214, 94
214, 158
214, 223
214, 31
214, 95
214, 159
214, 224
214, 32
214, 96
214, 160
214, 225
214, 33
214, 97
214, 161
214, 226
214, 34
214, 98
214, 162
214, 227
214, 35
214, 99
214, 163
214, 228
214, 36
214, 100
214, 164
214, 229
214, 37
214, 101
214, 165
214, 230
214, 38
214, 102
214, 166
214, 231
214, 39
214, 103
214, 167
214, 232
214, 40
214, 104
214, 168
214, 233
214, 41
214, 105
214, 169
214, 234
214, 42
214, 106
214, 170
214, 235
214, 43
214, 107
214, 171
214, 236
214, 44
214, 108
214, 172
214, 237
214, 45
214, 109
214, 173
214, 238
214, 46
214, 110
214, 174
214, 239
214, 47
214, 111
214, 175
214, 240
214, 48
214, 112
214, 176
214, 241
214, 49
214, 113
214, 177
214, 242
214, 50
214, 114
214, 178
214, 243
214, 51
214, 115
214, 179
214, 244
214, 52
214, 116
214, 180
214, 245
214, 53
214, 117
214, 181
214, 246
214, 54
214, 118
214, 182
214, 247
214, 55
214, 119
214, 183
214, 248
214, 56
214, 120
214, 184
214, 249
214, 57
214, 121
214, 185
214, 250
214, 58
214, 122
214, 186
214, 59
214, 123
214, 187
214, 60
214, 124
214, 188
214, 61
214, 125
214, 189
214, 62
214, 126
214, 190
214, 63
214, 127
214, 191
150, 128
150, 64
150, 192
150, 129
150, 65
150, 1
150, 193
150, 194
150, 2
150, 66
150, 130
150, 195
150, 3
150, 67
150, 131
150, 196
150, 4
150, 68
150, 132
150, 197
150, 5
150, 69
150, 133
150, 198
150, 6
150, 70
150, 134
150, 199
150, 7
150, 71
150, 135
150, 200
150, 8
150, 72
150, 136
150, 201
150, 9
150, 73
150, 137
150, 202
150, 10
150, 74
150, 138
150, 203
150, 11
150, 75
150, 139
150, 204
150, 12
150, 76
150, 140
150, 205
150, 13
150, 77
150, 141
150, 206
150, 14
150, 78
150, 142
150, 207
150, 15
150, 79
150, 143
150, 208
150, 16
150, 80
150, 144
150, 209
150, 17
150, 81
150, 145
150, 210
150, 18
150, 82
150, 146
150, 211
150, 19
150, 83
150, 147
150, 212
150, 20
150, 84
150, 148
150, 213
150, 21
150, 85
150, 149
150, 214
150, 22
150, 86
150, 150
150, 215
150, 23
150, 87
150, 151
150, 152
150, 216
150, 24
150, 88
150, 153
150, 217
150, 25
150, 89
150, 154
150, 218
150, 26
150, 90
150, 155
150, 219
150, 27
150, 91
150, 156
150, 220
150, 28
150, 92
150, 157
150, 221
150, 29
150, 93
150, 158
150, 222
150, 30
150, 94
150, 159
150, 223
150, 31
150, 95
150, 160
150, 224
150, 32
150, 96
150, 161
150, 225
150, 33
150, 97
150, 162
150, 226
150, 34
150, 98
150, 163
150, 227
150, 35
150, 99
150, 164
150, 228
150, 36
150, 100
150, 165
150, 229
150, 37
150, 101
150, 166
150, 230
150, 38
150, 102
150, 167
150, 231
150, 39
150, 103
150, 168
150, 232
150, 40
150, 104
150, 169
150, 233
150, 41
150, 105
150, 170
150, 234
150, 42
150, 106
150, 171
150, 235
150, 43
150, 107
150, 172
150, 236
150, 44
150, 108
150, 173
150, 237
150, 45
150, 109
150, 174
150, 238
150, 46
150, 110
150, 175
150, 239
150, 47
150, 111
150, 176
150, 240
150, 48
150, 112
150, 177
150, 241
150, 49
150, 113
150, 178
150, 242
150, 50
150, 114
150, 179
150, 243
150, 51
150, 115
150, 180
150, 244
150, 52
150, 116
150, 181
150, 245
150, 53
150, 117
150, 182
150, 246
150, 54
150, 118
150, 183
150, 247
150, 55
150, 119
150, 184
150, 248
150, 56
150, 120
150, 185
150, 249
150, 57
150, 121
150, 186
150, 250
150, 58
150, 122
150, 187
150, 59
150, 123
150, 188
150, 60
150, 124
150, 189
150, 61
150, 125
150, 190
150, 62
150, 126
150, 191
150, 63
150, 127
86, 64
86, 192
86, 128
86, 65
86, 1
86, 193
86, 129
86, 130
86, 194
86, 2
86, 66
86, 131
86, 195
86, 3
86, 67
86, 132
86, 196
86, 4
86, 68
86, 133
86, 197
86, 5
86, 69
86, 134
86, 198
86, 6
86, 70
86, 135
86, 199
86, 7
86, 71
86, 136
86, 200
86, 8
86, 72
86, 137
86, 201
86, 9
86, 73
86, 138
86, 202
86, 10
86, 74
86, 139
86, 203
86, 11
86, 75
86, 140
86, 204
86, 12
86, 76
86, 141
86, 205
86, 13
86, 77
86, 142
86, 206
86, 14
86, 78
86, 143
86, 207
86, 15
86, 79
86, 144
86, 208
86, 16
86, 80
86, 145
86, 209
86, 17
86, 81
86, 146
86, 210
86, 18
86, 82
86, 147
86, 211
86, 19
86, 83
86, 148
86, 212
86, 20
86, 84
86, 149
86, 213
86, 21
86, 85
86, 150
86, 214
86, 22
86, 86
86, 151
86, 215
86, 23
86, 87
86, 88
86, 152
86, 216
86, 24
86, 89
86, 153
86, 217
86, 25
86, 90
86, 154
86, 218
86, 26
86, 91
86, 155
86, 219
86, 27
86, 92
86, 156
86, 220
86, 28
86, 93
86, 157
86, 221
86, 29
86, 94
86, 158
86, 222
86, 30
86, 95
86, 159
86, 223
86, 31
86, 96
86, 160
86, 224
86, 32
86, 97
86, 161
86, 225
86, 33
86, 98
86, 162
86, 226
86, 34
86, 99
86, 163
86, 227
86, 35
86, 100
86, 164
86, 228
86, 36
86, 101
86, 165
86, 229
86, 37
86, 102
86, 166
86, 230
86, 38
86, 103
86, 167
86, 231
86, 39
86, 104
86, 168
86, 232
86, 40
86, 105
86, 169
86, 233
86, 41
86, 106
86, 170
86, 234
86, 42
86, 107
86, 171
86, 235
86, 43
86, 108
86, 172
86, 236
86, 44
86, 109
86, 173
86, 237
86, 45
86, 110
86, 174
86, 238
86, 46
86, 111
86, 175
86, 239
86, 47
86, 112
86, 176
86, 240
86, 48
86, 113
86, 177
86, 241
86, 49
86, 114
86, 178
86, 242
86, 50
86, 115
86, 179
86, 243
86, 51
86, 116
86, 180
86, 244
86, 52
86, 117
86, 181
86, 245
86, 53
86, 118
86, 182
86, 246
86, 54
86, 119
86, 183
86, 247
86, 55
86, 120
86, 184
86, 248
86, 56
86, 121
86, 185
86, 249
86, 57
86, 122
86, 186
86, 250
86, 58
86, 123
86, 187
86, 59
86, 124
86, 188
86, 60
86, 125
86, 189
86, 61
86, 126
86, 190
86, 62
86, 127
86, 191
86, 63
22, 192
22, 128
22, 64
22, 1
22, 193
22, 129
22, 65
22, 66
22, 130
22, 194
22, 2
22, 67
22, 131
22, 195
22, 3
22, 68
22, 132
22, 196
22, 4
22, 69
22, 133
22, 197
22, 5
22, 70
22, 134
22, 198
22, 6
22, 71
22, 135
22, 199
22, 7
22, 72
22, 136
22, 200
22, 8
22, 73
22, 137
22, 201
22, 9
22, 74
22, 138
22, 202
22, 10
22, 75
22, 139
22, 203
22, 11
22, 76
22, 140
22, 204
22, 12
22, 77
22, 141
22, 205
22, 13
22, 78
22, 142
22, 206
22, 14
22, 79
22, 143
22, 207
22, 15
22, 80
22, 144
22, 208
22, 16
22, 81
22, 145
22, 209
22, 17
22, 82
22, 146
22, 210
22, 18
22, 83
22, 147
22, 211
22, 19
22, 84
22, 148
22, 212
22, 20
22, 85
22, 149
22, 213
22, 21
22, 86
22, 150
22, 214
22, 22
22, 87
22, 151
22, 215
22, 23
22, 24
22, 88
22, 152
22, 216
22, 25
22, 89
22, 153
22, 217
22, 26
22, 90
22, 154
22, 218
22, 27
22, 91
22, 155
22, 219
22, 28
22, 92
22, 156
22, 220
22, 29
22, 93
22, 157
22, 221
22, 30
22, 94
22, 158
22, 222
22, 31
22, 95
22, 159
22, 223
22, 32
22, 96
22, 160
22, 224
22, 33
22, 97
22, 161
22, 225
22, 34
22, 98
22, 162
22, 226
22, 35
22, 99
22, 163
22, 227
22, 36
22, 100
22, 164
22, 228
22, 37
22, 101
22, 165
22, 229
22, 38
22, 102
22, 166
22, 230
22, 39
22, 103
22, 167
22, 231
22, 40
22, 104
22, 168
22, 232
22, 41
22, 105
22, 169
22, 233
22, 42
22, 106
22, 170
22, 234
22, 43
22, 107
22, 171
22, 235
22, 44
22, 108
22, 172
22, 236
22, 45
22, 109
22, 173
22, 237
22, 46
22, 110
22, 174
22, 238
22, 47
22, 111
22, 175
22, 239
22, 48
22, 112
22, 176
22, 240
22, 49
22, 113
22, 177
22, 241
22, 50
22, 114
22, 178
22, 242
22, 51
22, 115
22, 179
22, 243
22, 52
22, 116
22, 180
22, 244
22, 53
22, 117
22, 181
22, 245
22, 54
22, 118
22, 182
22, 246
22, 55
22, 119
22, 183
22, 247
22, 56
22, 120
22, 184
22, 248
22, 57
22, 121
22, 185
22, 249
22, 58
22, 122
22, 186
22, 250
22, 59
22, 123
22, 187
22, 60
22, 124
22, 188
22, 61
22, 125
22, 189
22, 62
22, 126
22, 190
22, 63
22, 127
22, 191
215, 192
215, 128
215, 64
215, 193
215, 129
215, 65
215, 1
215, 2
215, 66
215, 130
215, 194
215, 3
215, 67
215, 131
215, 195
215, 4
215, 68
215, 132
215, 196
215, 5
215, 69
215, 133
215, 197
215, 6
215, 70
215, 134
215, 198
215, 7
215, 71
215, 135
215, 199
215, 8
215, 72
215, 136
215, 200
215, 9
215, 73
215, 137
215, 201
215, 10
215, 74
215, 138
215, 202
215, 11
215, 75
215, 139
215, 203
215, 12
215, 76
215, 140
215, 204
215, 13
215, 77
215, 141
215, 205
215, 14
215, 78
215, 142
215, 206
215, 15
215, 79
215, 143
215, 207
215, 16
215, 80
215, 144
215, 208
215, 17
215, 81
215, 145
215, 209
215, 18
215, 82
215, 146
215, 210
215, 19
215, 83
215, 147
215, 211
215, 20
215, 84
215, 148
215, 212
215, 21
215, 85
215, 149
215, 213
215, 22
215, 86
215, 150
215, 214
215, 23
215, 87
215, 151
215, 215
215, 24
215, 88
215, 152
215, 216
215, 217
215, 25
215, 89
215, 153
215, 218
215, 26
215, 90
215, 154
215, 219
215, 27
215, 91
215, 155
215, 220
215, 28
215, 92
215, 156
215, 221
215, 29
215, 93
215, 157
215, 222
215, 30
215, 94
215, 158
215, 223
215, 31
215, 95
215, 159
215, 224
215, 32
215, 96
215, 160
215, 225
215, 33
215, 97
215, 161
215, 226
215, 34
215, 98
215, 162
215, 227
215, 35
215, 99
215, 163
215, 228
215, 36
215, 100
215, 164
215, 229
215, 37
215, 101
215, 165
215, 230
215, 38
215, 102
215, 166
215, 231
215, 39
215, 103
215, 167
215, 232
215, 40
215, 104
215, 168
215, 233
215, 41
215, 105
215, 169
215, 234
215, 42
215, 106
215, 170
215, 235
215, 43
215, 107
215, 171
215, 236
215, 44
215, 108
215, 172
215, 237
215, 45
215, 109
215, 173
215, 238
215, 46
215, 110
215, 174
215, 239
215, 47
215, 111
215, 175
215, 240
215, 48
215, 112
215, 176
215, 241
215, 49
215, 113
215, 177
215, 242
215, 50
215, 114
215, 178
215, 243
215, 51
215, 115
215, 179
215, 244
215, 52
215, 116
215, 180
215, 245
215, 53
215, 117
215, 181
215, 246
215, 54
215, 118
215, 182
215, 247
215, 55
215, 119
215, 183
215, 248
215, 56
215, 120
215, 184
215, 249
215, 57
215, 121
215, 185
215, 250
215, 58
215, 122
215, 186
215, 59
215, 123
215, 187
215, 60
215, 124
215, 188
215, 61
215, 125
215, 189
215, 62
215, 126
215, 190
215, 63
215, 127
215, 191
151, 128
151, 64
151, 192
151, 129
151, 65
151, 1
151, 193
151, 194
151, 2
151, 66
151, 130
151, 195
151, 3
151, 67
151, 131
151, 196
151, 4
151, 68
151, 132
151, 197
151, 5
151, 69
151, 133
151, 198
151, 6
151, 70
151, 134
151, 199
151, 7
151, 71
151, 135
151, 200
151, 8
151, 72
151, 136
151, 201
151, 9
151, 73
151, 137
151, 202
151, 10
151, 74
151, 138
151, 203
151, 11
151, 75
151, 139
151, 204
151, 12
151, 76
151, 140
151, 205
151, 13
151, 77
151, 141
151, 206
151, 14
151, 78
151, 142
151, 207
151, 15
151, 79
151, 143
151, 208
151, 16
151, 80
151, 144
151, 209
151, 17
151, 81
151, 145
151, 210
151, 18
151, 82
151, 146
151, 211
151, 19
151, 83
151, 147
151, 212
151, 20
151, 84
151, 148
151, 213
151, 21
151, 85
151, 149
151, 214
151, 22
151, 86
151, 150
151, 215
151, 23
151, 87
151, 151
151, 216
151, 24
151, 88
151, 152
151, 153
151, 217
151, 25
151, 89
151, 154
151, 218
151, 26
151, 90
151, 155
151, 219
151, 27
151, 91
151, 156
151, 220
151, 28
151, 92
151, 157
151, 221
151, 29
151, 93
151, 158
151, 222
151, 30
151, 94
151, 159
151, 223
151, 31
151, 95
151, 160
151, 224
151, 32
151, 96
151, 161
151, 225
151, 33
151, 97
151, 162
151, 226
151, 34
151, 98
151, 163
151, 227
151, 35
151, 99
151, 164
151, 228
151, 36
151, 100
151, 165
151, 229
151, 37
151, 101
151, 166
151, 230
151, 38
151, 102
151, 167
151, 231
151, 39
151, 103
151, 168
151, 232
151, 40
151, 104
151, 169
151, 233
151, 41
151, 105
151, 170
151, 234
151, 42
151, 106
151, 171
151, 235
151, 43
151, 107
151, 172
151, 236
151, 44
151, 108
151, 173
151, 237
151, 45
151, 109
151, 174
151, 238
151, 46
151, 110
151, 175
151, 239
151, 47
151, 111
151, 176
151, 240
151, 48
151, 112
151, 177
151, 241
151, 49
151, 113
151, 178
151, 242
151, 50
151, 114
151, 179
151, 243
151, 51
151, 115
151, 180
151, 244
151, 52
151, 116
151, 181
151, 245
151, 53
151, 117
151, 182
151, 246
151, 54
151, 118
151, 183
151, 247
151, 55
151, 119
151, 184
151, 248
151, 56
151, 120
151, 185
151, 249
151, 57
151, 121
151, 186
151, 250
151, 58
151, 122
151, 187
151, 59
151, 123
151, 188
151, 60
151, 124
151, 189
151, 61
151, 125
151, 190
151, 62
151, 126
151, 191
151, 63
151, 127
87, 64
87, 192
87, 128
87, 65
87, 1
87, 193
87, 129
87, 130
87, 194
87, 2
87, 66
87, 131
87, 195
87, 3
87, 67
87, 132
87, 196
87, 4
87, 68
87, 133
87, 197
87, 5
87, 69
87, 134
87, 198
87, 6
87, 70
87, 135
87, 199
87, 7
87, 71
87, 136
87, 200
87, 8
87, 72
87, 137
87, 201
87, 9
87, 73
87, 138
87, 202
87, 10
87, 74
87, 139
87, 203
87, 11
87, 75
87, 140
87, 204
87, 12
87, 76
87, 141
87, 205
87, 13
87, 77
87, 142
87, 206
87, 14
87, 78
87, 143
87, 207
87, 15
87, 79
87, 144
87, 208
87, 16
87, 80
87, 145
87, 209
87, 17
87, 81
87, 146
87, 210
87, 18
87, 82
87, 147
87, 211
87, 19
87, 83
87, 148
87, 212
87, 20
87, 84
87, 149
87, 213
87, 21
87, 85
87, 150
87, 214
87, 22
87, 86
87, 151
87, 215
87, 23
87, 87
87, 152
87, 216
87, 24
87, 88
87, 89
87, 153
87, 217
87, 25
87, 90
87, 154
87, 218
87, 26
87, 91
87, 155
87, 219
87, 27
87, 92
87, 156
87, 220
87, 28
87, 93
87, 157
87, 221
87, 29
87, 94
87, 158
87, 222
87, 30
87, 95
87, 159
87, 223
87, 31
87, 96
87, 160
87, 224
87, 32
87, 97
87, 161
87, 225
87, 33
87, 98
87, 162
87, 226
87, 34
87, 99
87, 163
87, 227
87, 35
87, 100
87, 164
87, 228
87, 36
87, 101
87, 165
87, 229
87, 37
87, 102
87, 166
87, 230
87, 38
87, 103
87, 167
87, 231
87, 39
87, 104
87, 168
87, 232
87, 40
87, 105
87, 169
87, 233
87, 41
87, 106
87, 170
87, 234
87, 42
87, 107
87, 171
87, 235
87, 43
87, 108
87, 172
87, 236
87, 44
87, 109
87, 173
87, 237
87, 45
87, 110
87, 174
87, 238
87, 46
87, 111
87, 175
87, 239
87, 47
87, 112
87, 176
87, 240
87, 48
87, 113
87, 177
87, 241
87, 49
87, 114
87, 178
87, 242
87, 50
87, 115
87, 179
87, 243
87, 51
87, 116
87, 180
87, 244
87, 52
87, 117
87, 181
87, 245
87, 53
87, 118
87, 182
87, 246
87, 54
87, 119
87, 183
87, 247
87, 55
87, 120
87, 184
87, 248
87, 56
87, 121
87, 185
87, 249
87, 57
87, 122
87, 186
87, 250
87, 58
87, 123
87, 187
87, 59
87, 124
87, 188
87, 60
87, 125
87, 189
87, 61
87, 126
87, 190
87, 62
87, 127
87, 191
87, 63
23, 192
23, 128
23, 64
23, 1
23, 193
23, 129
23, 65
23, 66
23, 130
23, 194
23, 2
23, 67
23, 131
23, 195
23, 3
23, 68
23, 132
23, 196
23, 4
23, 69
23, 133
23, 197
23, 5
23, 70
23, 134
23, 198
23, 6
23, 71
23, 135
23, 199
23, 7
23, 72
23, 136
23, 200
23, 8
23, 73
23, 137
23, 201
23, 9
23, 74
23, 138
23, 202
23, 10
23, 75
23, 139
23, 203
23, 11
23, 76
23, 140
23, 204
23, 12
23, 77
23, 141
23, 205
23, 13
23, 78
23, 142
23, 206
23, 14
23, 79
23, 143
23, 207
23, 15
23, 80
23, 144
23, 208
23, 16
23, 81
23, 145
23, 209
23, 17
23, 82
23, 146
23, 210
23, 18
23, 83
23, 147
23, 211
23, 19
23, 84
23, 148
23, 212
23, 20
23, 85
23, 149
23, 213
23, 21
23, 86
23, 150
23, 214
23, 22
23, 87
23, 151
23, 215
23, 23
23, 88
23, 152
23, 216
23, 24
23, 25
23, 89
23, 153
23, 217
23, 26
23, 90
23, 154
23, 218
23, 27
23, 91
23, 155
23, 219
23, 28
23, 92
23, 156
23, 220
23, 29
23, 93
23, 157
23, 221
23, 30
23, 94
23, 158
23, 222
23, 31
23, 95
23, 159
23, 223
23, 32
23, 96
23, 160
23, 224
23, 33
23, 97
23, 161
23, 225
23, 34
23, 98
23, 162
23, 226
23, 35
23, 99
23, 163
23, 227
23, 36
23, 100
23, 164
23, 228
23, 37
23, 101
23, 165
23, 229
23, 38
23, 102
23, 166
23, 230
23, 39
23, 103
23, 167
23, 231
23, 40
23, 104
23, 168
23, 232
23, 41
23, 105
23, 169
23, 233
23, 42
23, 106
23, 170
23, 234
23, 43
23, 107
23, 171
23, 235
23, 44
23, 108
23, 172
23, 236
23, 45
23, 109
23, 173
23, 237
23, 46
23, 110
23, 174
23, 238
23, 47
23, 111
23, 175
23, 239
23, 48
23, 112
23, 176
23, 240
23, 49
23, 113
23, 177
23, 241
23, 50
23, 114
23, 178
23, 242
23, 51
23, 115
23, 179
23, 243
23, 52
23, 116
23, 180
23, 244
23, 53
23, 117
23, 181
23, 245
23, 54
23, 118
23, 182
23, 246
23, 55
23, 119
23, 183
23, 247
23, 56
23, 120
23, 184
23, 248
23, 57
23, 121
23, 185
23, 249
23, 58
23, 122
23, 186
23, 250
23, 59
23, 123
23, 187
23, 60
23, 124
23, 188
23, 61
23, 125
23, 189
23, 62
23, 126
23, 190
23, 63
23, 127
23, 191
216, 192
216, 128
216, 64
216, 193
216, 129
216, 65
216, 1
216, 2
216, 66
216, 130
216, 194
216, 3
216, 67
216, 131
216, 195
216, 4
216, 68
216, 132
216, 196
216, 5
216, 69
216, 133
216, 197
216, 6
216, 70
216, 134
216, 198
216, 7
216, 71
216, 135
216, 199
216, 8
216, 72
216, 136
216, 200
216, 9
216, 73
216, 137
216, 201
216, 10
216, 74
216, 138
216, 202
216, 11
216, 75
216, 139
216, 203
216, 12
216, 76
216, 140
216, 204
216, 13
216, 77
216, 141
216, 205
216, 14
216, 78
216, 142
216, 206
216, 15
216, 79
216, 143
216, 207
216, 16
216, 80
216, 144
216, 208
216, 17
216, 81
216, 145
216, 209
216, 18
216, 82
216, 146
216, 210
216, 19
216, 83
216, 147
216, 211
216, 20
216, 84
216, 148
216, 212
216, 21
216, 85
216, 149
216, 213
216, 22
216, 86
216, 150
216, 214
216, 23
216, 87
216, 151
216, 215
216, 24
216, 88
216, 152
216, 216
216, 25
216, 89
216, 153
216, 217
216, 218
216, 26
216, 90
216, 154
216, 219
216, 27
216, 91
216, 155
216, 220
216, 28
216, 92
216, 156
216, 221
216, 29
216, 93
216, 157
216, 222
216, 30
216, 94
216, 158
216, 223
216, 31
216, 95
216, 159
216, 224
216, 32
216, 96
216, 160
216, 225
216, 33
216, 97
216, 161
216, 226
216, 34
216, 98
216, 162
216, 227
216, 35
216, 99
216, 163
216, 228
216, 36
216, 100
216, 164
216, 229
216, 37
216, 101
216, 165
216, 230
216, 38
216, 102
216, 166
216, 231
216, 39
216, 103
216, 167
216, 232
216, 40
216, 104
216, 168
216, 233
216, 41
216, 105
216, 169
216, 234
216, 42
216, 106
216, 170
216, 235
216, 43
216, 107
216, 171
216, 236
216, 44
216, 108
216, 172
216, 237
216, 45
216, 109
216, 173
216, 238
216, 46
216, 110
216, 174
216, 239
216, 47
216, 111
216, 175
216, 240
216, 48
216, 112
216, 176
216, 241
216, 49
216, 113
216, 177
216, 242
216, 50
216, 114
216, 178
216, 243
216, 51
216, 115
216, 179
216, 244
216, 52
216, 116
216, 180
216, 245
216, 53
216, 117
216, 181
216, 246
216, 54
216, 118
216, 182
216, 247
216, 55
216, 119
216, 183
216, 248
216, 56
216, 120
216, 184
216, 249
216, 57
216, 121
216, 185
216, 250
216, 58
216, 122
216, 186
216, 59
216, 123
216, 187
216, 60
216, 124
216, 188
216, 61
216, 125
216, 189
216, 62
216, 126
216, 190
216, 63
216, 127
216, 191
152, 128
152, 64
152, 192
152, 129
152, 65
152, 1
152, 193
152, 194
152, 2
152, 66
152, 130
152, 195
152, 3
152, 67
152, 131
152, 196
152, 4
152, 68
152, 132
152, 197
152, 5
152, 69
152, 133
152, 198
152, 6
152, 70
152, 134
152, 199
152, 7
152, 71
152, 135
152, 200
152, 8
152, 72
152, 136
152, 201
152, 9
152, 73
152, 137
152, 202
152, 10
152, 74
152, 138
152, 203
152, 11
152, 75
152, 139
152, 204
152, 12
152, 76
152, 140
152, 205
152, 13
152, 77
152, 141
152, 206
152, 14
152, 78
152, 142
152, 207
152, 15
152, 79
152, 143
152, 208
152, 16
152, 80
152, 144
152, 209
152, 17
152, 81
152, 145
152, 210
152, 18
152, 82
152, 146
152, 211
152, 19
152, 83
152, 147
152, 212
152, 20
152, 84
152, 148
152, 213
152, 21
152, 85
152, 149
152, 214
152, 22
152, 86
152, 150
152, 215
152, 23
152, 87
152, 151
152, 216
152, 24
152, 88
152, 152
152, 217
152, 25
152, 89
152, 153
152, 154
152, 218
152, 26
152, 90
152, 155
152, 219
152, 27
152, 91
152, 156
152, 220
152, 28
152, 92
152, 157
152, 221
152, 29
152, 93
152, 158
152, 222
152, 30
152, 94
152, 159
152, 223
152, 31
152, 95
152, 160
152, 224
152, 32
152, 96
152, 161
152, 225
152, 33
152, 97
152, 162
152, 226
152, 34
152, 98
152, 163
152, 227
152, 35
152, 99
152, 164
152, 228
152, 36
152, 100
152, 165
152, 229
152, 37
152, 101
152, 166
152, 230
152, 38
152, 102
152, 167
152, 231
152, 39
152, 103
152, 168
152, 232
152, 40
152, 104
152, 169
152, 233
152, 41
152, 105
152, 170
152, 234
152, 42
152, 106
152, 171
152, 235
152, 43
152, 107
152, 172
152, 236
152, 44
152, 108
152, 173
152, 237
152, 45
152, 109
152, 174
152, 238
152, 46
152, 110
152, 175
152, 239
152, 47
152, 111
152, 176
152, 240
152, 48
152, 112
152, 177
152, 241
152, 49
152, 113
152, 178
152, 242
152, 50
152, 114
152, 179
152, 243
152, 51
152, 115
152, 180
152, 244
152, 52
152, 116
152, 181
152, 245
152, 53
152, 117
152, 182
152, 246
152, 54
152, 118
152, 183
152, 247
152, 55
152, 119
152, 184
152, 248
152, 56
152, 120
152, 185
152, 249
152, 57
152, 121
152, 186
152, 250
152, 58
152, 122
152, 187
152, 59
152, 123
152, 188
152, 60
152, 124
152, 189
152, 61
152, 125
152, 190
152, 62
152, 126
152, 191
152, 63
152, 127
88, 64
88, 192
88, 128
88, 65
88, 1
88, 193
88, 129
88, 130
88, 194
88, 2
88, 66
88, 131
88, 195
88, 3
88, 67
88, 132
88, 196
88, 4
88, 68
88, 133
88, 197
88, 5
88, 69
88, 134
88, 198
88, 6
88, 70
88, 135
88, 199
88, 7
88, 71
88, 136
88, 200
88, 8
88, 72
88, 137
88, 201
88, 9
88, 73
88, 138
88, 202
88, 10
88, 74
88, 139
88, 203
88, 11
88, 75
88, 140
88, 204
88, 12
88, 76
88, 141
88, 205
88, 13
88, 77
88, 142
88, 206
88, 14
88, 78
88, 143
88, 207
88, 15
88, 79
88, 144
88, 208
88, 16
88, 80
88, 145
88, 209
88, 17
88, 81
88, 146
88, 210
88, 18
88, 82
88, 147
88, 211
88, 19
88, 83
88, 148
88, 212
88, 20
88, 84
88, 149
88, 213
88, 21
88, 85
88, 150
88, 214
88, 22
88, 86
88, 151
88, 215
88, 23
88, 87
88, 152
88, 216
88, 24
88, 88
88, 153
88, 217
88, 25
88, 89
88, 90
88, 154
88, 218
88, 26
88, 91
88, 155
88, 219
88, 27
88, 92
88, 156
88, 220
88, 28
88, 93
88, 157
88, 221
88, 29
88, 94
88, 158
88, 222
88, 30
88, 95
88, 159
88, 223
88, 31
88, 96
88, 160
88, 224
88, 32
88, 97
88, 161
88, 225
88, 33
88, 98
88, 162
88, 226
88, 34
88, 99
88, 163
88, 227
88, 35
88, 100
88, 164
88, 228
88, 36
88, 101
88, 165
88, 229
88, 37
88, 102
88, 166
88, 230
88, 38
88, 103
88, 167
88, 231
88, 39
88, 104
88, 168
88, 232
88, 40
88, 105
88, 169
88, 233
88, 41
88, 106
88, 170
88, 234
88, 42
88, 107
88, 171
88, 235
88, 43
88, 108
88, 172
88, 236
88, 44
88, 109
88, 173
88, 237
88, 45
88, 110
88, 174
88, 238
88, 46
88, 111
88, 175
88, 239
88, 47
88, 112
88, 176
88, 240
88, 48
88, 113
88, 177
88, 241
88, 49
88, 114
88, 178
88, 242
88, 50
88, 115
88, 179
88, 243
88, 51
88, 116
88, 180
88, 244
88, 52
88, 117
88, 181
88, 245
88, 53
88, 118
88, 182
88, 246
88, 54
88, 119
88, 183
88, 247
88, 55
88, 120
88, 184
88, 248
88, 56
88, 121
88, 185
88, 249
88, 57
88, 122
88, 186
88, 250
88, 58
88, 123
88, 187
88, 59
88, 124
88, 188
88, 60
88, 125
88, 189
88, 61
88, 126
88, 190
88, 62
88, 127
88, 191
88, 63
24, 192
24, 128
24, 64
24, 1
24, 193
24, 129
24, 65
24, 66
24, 130
24, 194
24, 2
24, 67
24, 131
24, 195
24, 3
24, 68
24, 132
24, 196
24, 4
24, 69
24, 133
24, 197
24, 5
24, 70
24, 134
24, 198
24, 6
24, 71
24, 135
24, 199
24, 7
24, 72
24, 136
24, 200
24, 8
24, 73
24, 137
24, 201
24, 9
24, 74
24, 138
24, 202
24, 10
24, 75
24, 139
24, 203
24, 11
24, 76
24, 140
24, 204
24, 12
24, 77
24, 141
24, 205
24, 13
24, 78
24, 142
24, 206
24, 14
24, 79
24, 143
24, 207
24, 15
24, 80
24, 144
24, 208
24, 16
24, 81
24, 145
24, 209
24, 17
24, 82
24, 146
24, 210
24, 18
24, 83
24, 147
24, 211
24, 19
24, 84
24, 148
24, 212
24, 20
24, 85
24, 149
24, 213
24, 21
24, 86
24, 150
24, 214
24, 22
24, 87
24, 151
24, 215
24, 23
24, 88
24, 152
24, 216
24, 24
24, 89
24, 153
24, 217
24, 25
24, 26
24, 90
24, 154
24, 218
24, 27
24, 91
24, 155
24, 219
24, 28
24, 92
24, 156
24, 220
24, 29
24, 93
24, 157
24, 221
24, 30
24, 94
24, 158
24, 222
24, 31
24, 95
24, 159
24, 223
24, 32
24, 96
24, 160
24, 224
24, 33
24, 97
24, 161
24, 225
24, 34
24, 98
24, 162
24, 226
24, 35
24, 99
24, 163
24, 227
24, 36
24, 100
24, 164
24, 228
24, 37
24, 101
24, 165
24, 229
24, 38
24, 102
24, 166
24, 230
24, 39
24, 103
24, 167
24, 231
24, 40
24, 104
24, 168
24, 232
24, 41
24, 105
24, 169
24, 233
24, 42
24, 106
24, 170
24, 234
24, 43
24, 107
24, 171
24, 235
24, 44
24, 108
24, 172
24, 236
24, 45
24, 109
24, 173
24, 237
24, 46
24, 110
24, 174
24, 238
24, 47
24, 111
24, 175
24, 239
24, 48
24, 112
24, 176
24, 240
24, 49
24, 113
24, 177
24, 241
24, 50
24, 114
24, 178
24, 242
24, 51
24, 115
24, 179
24, 243
24, 52
24, 116
24, 180
24, 244
24, 53
24, 117
24, 181
24, 245
24, 54
24, 118
24, 182
24, 246
24, 55
24, 119
24, 183
24, 247
24, 56
24, 120
24, 184
24, 248
24, 57
24, 121
24, 185
24, 249
24, 58
24, 122
24, 186
24, 250
24, 59
24, 123
24, 187
24, 60
24, 124
24, 188
24, 61
24, 125
24, 189
24, 62
24, 126
24, 190
24, 63
24, 127
24, 191
217, 192
217, 128
217, 64
217, 193
217, 129
217, 65
217, 1
217, 2
217, 66
217, 130
217, 194
217, 3
217, 67
217, 131
217, 195
217, 4
217, 68
217, 132
217, 196
217, 5
217, 69
217, 133
217, 197
217, 6
217, 70
217, 134
217, 198
217, 7
217, 71
217, 135
217, 199
217, 8
217, 72
217, 136
217, 200
217, 9
217, 73
217, 137
217, 201
217, 10
217, 74
217, 138
217, 202
217, 11
217, 75
217, 139
217, 203
217, 12
217, 76
217, 140
217, 204
217, 13
217, 77
217, 141
217, 205
217, 14
217, 78
217, 142
217, 206
217, 15
217, 79
217, 143
217, 207
217, 16
217, 80
217, 144
217, 208
217, 17
217, 81
217, 145
217, 209
217, 18
217, 82
217, 146
217, 210
217, 19
217, 83
217, 147
217, 211
217, 20
217, 84
217, 148
217, 212
217, 21
217, 85
217, 149
217, 213
217, 22
217, 86
217, 150
217, 214
217, 23
217, 87
217, 151
217, 215
217, 24
217, 88
217, 152
217, 216
217, 25
217, 89
217, 153
217, 217
217, 26
217, 90
217, 154
217, 218
217, 219
217, 27
217, 91
217, 155
217, 220
217, 28
217, 92
217, 156
217, 221
217, 29
217, 93
217, 157
217, 222
217, 30
217, 94
217, 158
217, 223
217, 31
217, 95
217, 159
217, 224
217, 32
217, 96
217, 160
217, 225
217, 33
217, 97
217, 161
217, 226
217, 34
217, 98
217, 162
217, 227
217, 35
217, 99
217, 163
217, 228
217, 36
217, 100
217, 164
217, 229
217, 37
217, 101
217, 165
217, 230
217, 38
217, 102
217, 166
217, 231
217, 39
217, 103
217, 167
217, 232
217, 40
217, 104
217, 168
217, 233
217, 41
217, 105
217, 169
217, 234
217, 42
217, 106
217, 170
217, 235
217, 43
217, 107
217, 171
217, 236
217, 44
217, 108
217, 172
217, 237
217, 45
217, 109
217, 173
217, 238
217, 46
217, 110
217, 174
217, 239
217, 47
217, 111
217, 175
217, 240
217, 48
217, 112
217, 176
217, 241
217, 49
217, 113
217, 177
217, 242
217, 50
217, 114
217, 178
217, 243
217, 51
217, 115
217, 179
217, 244
217, 52
217, 116
217, 180
217, 245
217, 53
217, 117
217, 181
217, 246
217, 54
217, 118
217, 182
217, 247
217, 55
217, 119
217, 183
217, 248
217, 56
217, 120
217, 184
217, 249
217, 57
217, 121
217, 185
217, 250
217, 58
217, 122
217, 186
217, 59
217, 123
217, 187
217, 60
217, 124
217, 188
217, 61
217, 125
217, 189
217, 62
217, 126
217, 190
217, 63
217, 127
217, 191
153, 128
153, 64
153, 192
153, 129
153, 65
153, 1
153, 193
153, 194
153, 2
153, 66
153, 130
153, 195
153, 3
153, 67
153, 131
153, 196
153, 4
153, 68
153, 132
153, 197
153, 5
153, 69
153, 133
153, 198
153, 6
153, 70
153, 134
153, 199
153, 7
153, 71
153, 135
153, 200
153, 8
153, 72
153, 136
153, 201
153, 9
153, 73
153, 137
153, 202
153, 10
153, 74
153, 138
153, 203
153, 11
153, 75
153, 139
153, 204
153, 12
153, 76
153, 140
153, 205
153, 13
153, 77
153, 141
153, 206
153, 14
153, 78
153, 142
153, 207
153, 15
153, 79
153, 143
153, 208
153, 16
153, 80
153, 144
153, 209
153, 17
153, 81
153, 145
153, 210
153, 18
153, 82
153, 146
153, 211
153, 19
153, 83
153, 147
153, 212
153, 20
153, 84
153, 148
153, 213
153, 21
153, 85
153, 149
153, 214
153, 22
153, 86
153, 150
153, 215
153, 23
153, 87
153, 151
153, 216
153, 24
153, 88
153, 152
153, 217
153, 25
153, 89
153, 153
153, 218
153, 26
153, 90
153, 154
153, 155
153, 219
153, 27
153, 91
153, 156
153, 220
153, 28
153, 92
153, 157
153, 221
153, 29
153, 93
153, 158
153, 222
153, 30
153, 94
153, 159
153, 223
153, 31
153, 95
153, 160
153, 224
153, 32
153, 96
153, 161
153, 225
153, 33
153, 97
153, 162
153, 226
153, 34
153, 98
153, 163
153, 227
153, 35
153, 99
153, 164
153, 228
153, 36
153, 100
153, 165
153, 229
153, 37
153, 101
153, 166
153, 230
153, 38
153, 102
153, 167
153, 231
153, 39
153, 103
153, 168
153, 232
153, 40
153, 104
153, 169
153, 233
153, 41
153, 105
153, 170
153, 234
153, 42
153, 106
153, 171
153, 235
153, 43
153, 107
153, 172
153, 236
153, 44
153, 108
153, 173
153, 237
153, 45
153, 109
153, 174
153, 238
153, 46
153, 110
153, 175
153, 239
153, 47
153, 111
153, 176
153, 240
153, 48
153, 112
153, 177
153, 241
153, 49
153, 113
153, 178
153, 242
153, 50
153, 114
153, 179
153, 243
153, 51
153, 115
153, 180
153, 244
153, 52
153, 116
153, 181
153, 245
153, 53
153, 117
153, 182
153, 246
153, 54
153, 118
153, 183
153, 247
153, 55
153, 119
153, 184
153, 248
153, 56
153, 120
153, 185
153, 249
153, 57
153, 121
153, 186
153, 250
153, 58
153, 122
153, 187
153, 59
153, 123
153, 188
153, 60
153, 124
153, 189
153, 61
153, 125
153, 190
153, 62
153, 126
153, 191
153, 63
153, 127
89, 64
89, 192
89, 128
89, 65
89, 1
89, 193
89, 129
89, 130
89, 194
89, 2
89, 66
89, 131
89, 195
89, 3
89, 67
89, 132
89, 196
89, 4
89, 68
89, 133
89, 197
89, 5
89, 69
89, 134
89, 198
89, 6
89, 70
89, 135
89, 199
89, 7
89, 71
89, 136
89, 200
89, 8
89, 72
89, 137
89, 201
89, 9
89, 73
89, 138
89, 202
89, 10
89, 74
89, 139
89, 203
89, 11
89, 75
89, 140
89, 204
89, 12
89, 76
89, 141
89, 205
89, 13
89, 77
89, 142
89, 206
89, 14
89, 78
89, 143
89, 207
89, 15
89, 79
89, 144
89, 208
89, 16
89, 80
89, 145
89, 209
89, 17
89, 81
89, 146
89, 210
89, 18
89, 82
89, 147
89, 211
89, 19
89, 83
89, 148
89, 212
89, 20
89, 84
89, 149
89, 213
89, 21
89, 85
89, 150
89, 214
89, 22
89, 86
89, 151
89, 215
89, 23
89, 87
89, 152
89, 216
89, 24
89, 88
89, 153
89, 217
89, 25
89, 89
89, 154
89, 218
89, 26
89, 90
89, 91
89, 155
89, 219
89, 27
89, 92
89, 156
89, 220
89, 28
89, 93
89, 157
89, 221
89, 29
89, 94
89, 158
89, 222
89, 30
89, 95
89, 159
89, 223
89, 31
89, 96
89, 160
89, 224
89, 32
89, 97
89, 161
89, 225
89, 33
89, 98
89, 162
89, 226
89, 34
89, 99
89, 163
89, 227
89, 35
89, 100
89, 164
89, 228
89, 36
89, 101
89, 165
89, 229
89, 37
89, 102
89, 166
89, 230
89, 38
89, 103
89, 167
89, 231
89, 39
89, 104
89, 168
89, 232
89, 40
89, 105
89, 169
89, 233
89, 41
89, 106
89, 170
89, 234
89, 42
89, 107
89, 171
89, 235
89, 43
89, 108
89, 172
89, 236
89, 44
89, 109
89, 173
89, 237
89, 45
89, 110
89, 174
89, 238
89, 46
89, 111
89, 175
89, 239
89, 47
89, 112
89, 176
89, 240
89, 48
89, 113
89, 177
89, 241
89, 49
89, 114
89, 178
89, 242
89, 50
89, 115
89, 179
89, 243
89, 51
89, 116
89, 180
89, 244
89, 52
89, 117
89, 181
89, 245
89, 53
89, 118
89, 182
89, 246
89, 54
89, 119
89, 183
89, 247
89, 55
89, 120
89, 184
89, 248
89, 56
89, 121
89, 185
89, 249
89, 57
89, 122
89, 186
89, 250
89, 58
89, 123
89, 187
89, 59
89, 124
89, 188
89, 60
89, 125
89, 189
89, 61
89, 126
89, 190
89, 62
89, 127
89, 191
89, 63
25, 192
25, 128
25, 64
25, 1
25, 193
25, 129
25, 65
25, 66
25, 130
25, 194
25, 2
25, 67
25, 131
25, 195
25, 3
25, 68
25, 132
25, 196
25, 4
25, 69
25, 133
25, 197
25, 5
25, 70
25, 134
25, 198
25, 6
25, 71
25, 135
25, 199
25, 7
25, 72
25, 136
25, 200
25, 8
25, 73
25, 137
25, 201
25, 9
25, 74
25, 138
25, 202
25, 10
25, 75
25, 139
25, 203
25, 11
25, 76
25, 140
25, 204
25, 12
25, 77
25, 141
25, 205
25, 13
25, 78
25, 142
25, 206
25, 14
25, 79
25, 143
25, 207
25, 15
25, 80
25, 144
25, 208
25, 16
25, 81
25, 145
25, 209
25, 17
25, 82
25, 146
25, 210
25, 18
25, 83
25, 147
25, 211
25, 19
25, 84
25, 148
25, 212
25, 20
25, 85
25, 149
25, 213
25, 21
25, 86
25, 150
25, 214
25, 22
25, 87
25, 151
25, 215
25, 23
25, 88
25, 152
25, 216
25, 24
25, 89
25, 153
25, 217
25, 25
25, 90
25, 154
25, 218
25, 26
25, 27
25, 91
25, 155
25, 219
25, 28
25, 92
25, 156
25, 220
25, 29
25, 93
25, 157
25, 221
25, 30
25, 94
25, 158
25, 222
25, 31
25, 95
25, 159
25, 223
25, 32
25, 96
25, 160
25, 224
25, 33
25, 97
25, 161
25, 225
25, 34
25, 98
25, 162
25, 226
25, 35
25, 99
25, 163
25, 227
25, 36
25, 100
25, 164
25, 228
25, 37
25, 101
25, 165
25, 229
25, 38
25, 102
25, 166
25, 230
25, 39
25, 103
25, 167
25, 231
25, 40
25, 104
25, 168
25, 232
25, 41
25, 105
25, 169
25, 233
25, 42
25, 106
25, 170
25, 234
25, 43
25, 107
25, 171
25, 235
25, 44
25, 108
25, 172
25, 236
25, 45
25, 109
25, 173
25, 237
25, 46
25, 110
25, 174
25, 238
25, 47
25, 111
25, 175
25, 239
25, 48
25, 112
25, 176
25, 240
25, 49
25, 113
25, 177
25, 241
25, 50
25, 114
25, 178
25, 242
25, 51
25, 115
25, 179
25, 243
25, 52
25, 116
25, 180
25, 244
25, 53
25, 117
25, 181
25, 245
25, 54
25, 118
25, 182
25, 246
25, 55
25, 119
25, 183
25, 247
25, 56
25, 120
25, 184
25, 248
25, 57
25, 121
25, 185
25, 249
25, 58
25, 122
25, 186
25, 250
25, 59
25, 123
25, 187
25, 60
25, 124
25, 188
25, 61
25, 125
25, 189
25, 62
25, 126
25, 190
25, 63
25, 127
25, 191
218, 192
218, 128
218, 64
218, 193
218, 129
218, 65
218, 1
218, 2
218, 66
218, 130
218, 194
218, 3
218, 67
218, 131
218, 195
218, 4
218, 68
218, 132
218, 196
218, 5
218, 69
218, 133
218, 197
218, 6
218, 70
218, 134
218, 198
218, 7
218, 71
218, 135
218, 199
218, 8
218, 72
218, 136
218, 200
218, 9
218, 73
218, 137
218, 201
218, 10
218, 74
218, 138
218, 202
218, 11
218, 75
218, 139
218, 203
218, 12
218, 76
218, 140
218, 204
218, 13
218, 77
218, 141
218, 205
218, 14
218, 78
218, 142
218, 206
218, 15
218, 79
218, 143
218, 207
218, 16
218, 80
218, 144
218, 208
218, 17
218, 81
218, 145
218, 209
218, 18
218, 82
218, 146
218, 210
218, 19
218, 83
218, 147
218, 211
218, 20
218, 84
218, 148
218, 212
218, 21
218, 85
218, 149
218, 213
218, 22
218, 86
218, 150
218, 214
218, 23
218, 87
218, 151
218, 215
218, 24
218, 88
218, 152
218, 216
218, 25
218, 89
218, 153
218, 217
218, 26
218, 90
218, 154
218, 218
218, 27
218, 91
218, 155
218, 219
218, 220
218, 28
218, 92
218, 156
218, 221
218, 29
218, 93
218, 157
218, 222
218, 30
218, 94
218, 158
218, 223
218, 31
218, 95
218, 159
218, 224
218, 32
218, 96
218, 160
218, 225
218, 33
218, 97
218, 161
218, 226
218, 34
218, 98
218, 162
218, 227
218, 35
218, 99
218, 163
218, 228
218, 36
218, 100
218, 164
218, 229
218, 37
218, 101
218, 165
218, 230
218, 38
218, 102
218, 166
218, 231
218, 39
218, 103
218, 167
218, 232
218, 40
218, 104
218, 168
218, 233
218, 41
218, 105
218, 169
218, 234
218, 42
218, 106
218, 170
218, 235
218, 43
218, 107
218, 171
218, 236
218, 44
218, 108
218, 172
218, 237
218, 45
218, 109
218, 173
218, 238
218, 46
218, 110
218, 174
218, 239
218, 47
218, 111
218, 175
218, 240
218, 48
218, 112
218, 176
218, 241
218, 49
218, 113
218, 177
218, 242
218, 50
218, 114
218, 178
218, 243
218, 51
218, 115
218, 179
218, 244
218, 52
218, 116
218, 180
218, 245
218, 53
218, 117
218, 181
218, 246
218, 54
218, 118
218, 182
218, 247
218, 55
218, 119
218, 183
218, 248
218, 56
218, 120
218, 184
218, 249
218, 57
218, 121
218, 185
218, 250
218, 58
218, 122
218, 186
218, 59
218, 123
218, 187
218, 60
218, 124
218, 188
218, 61
218, 125
218, 189
218, 62
218, 126
218, 190
218, 63
218, 127
218, 191
154, 128
154, 64
154, 192
154, 129
154, 65
154, 1
154, 193
154, 194
154, 2
154, 66
154, 130
154, 195
154, 3
154, 67
154, 131
154, 196
154, 4
154, 68
154, 132
154, 197
154, 5
154, 69
154, 133
154, 198
154, 6
154, 70
154, 134
154, 199
154, 7
154, 71
154, 135
154, 200
154, 8
154, 72
154, 136
154, 201
154, 9
154, 73
154, 137
154, 202
154, 10
154, 74
154, 138
154, 203
154, 11
154, 75
154, 139
154, 204
154, 12
154, 76
154, 140
154, 205
154, 13
154, 77
154, 141
154, 206
154, 14
154, 78
154, 142
154, 207
154, 15
154, 79
154, 143
154, 208
154, 16
154, 80
154, 144
154, 209
154, 17
154, 81
154, 145
154, 210
154, 18
154, 82
154, 146
154, 211
154, 19
154, 83
154, 147
154, 212
154, 20
154, 84
154, 148
154, 213
154, 21
154, 85
154, 149
154, 214
154, 22
154, 86
154, 150
154, 215
154, 23
154, 87
154, 151
154, 216
154, 24
154, 88
154, 152
154, 217
154, 25
154, 89
154, 153
154, 218
154, 26
154, 90
154, 154
154, 219
154, 27
154, 91
154, 155
154, 156
154, 220
154, 28
154, 92
154, 157
154, 221
154, 29
154, 93
154, 158
154, 222
154, 30
154, 94
154, 159
154, 223
154, 31
154, 95
154, 160
154, 224
154, 32
154, 96
154, 161
154, 225
154, 33
154, 97
154, 162
154, 226
154, 34
154, 98
154, 163
154, 227
154, 35
154, 99
154, 164
154, 228
154, 36
154, 100
154, 165
154, 229
154, 37
154, 101
154, 166
154, 230
154, 38
154, 102
154, 167
154, 231
154, 39
154, 103
154, 168
154, 232
154, 40
154, 104
154, 169
154, 233
154, 41
154, 105
154, 170
154, 234
154, 42
154, 106
154, 171
154, 235
154, 43
154, 107
154, 172
154, 236
154, 44
154, 108
154, 173
154, 237
154, 45
154, 109
154, 174
154, 238
154, 46
154, 110
154, 175
154, 239
154, 47
154, 111
154, 176
154, 240
154, 48
154, 112
154, 177
154, 241
154, 49
154, 113
154, 178
154, 242
154, 50
154, 114
154, 179
154, 243
154, 51
154, 115
154, 180
154, 244
154, 52
154, 116
154, 181
154, 245
154, 53
154, 117
154, 182
154, 246
154, 54
154, 118
154, 183
154, 247
154, 55
154, 119
154, 184
154, 248
154, 56
154, 120
154, 185
154, 249
154, 57
154, 121
154, 186
154, 250
154, 58
154, 122
154, 187
154, 59
154, 123
154, 188
154, 60
154, 124
154, 189
154, 61
154, 125
154, 190
154, 62
154, 126
154, 191
154, 63
154, 127
90, 64
90, 192
90, 128
90, 65
90, 1
90, 193
90, 129
90, 130
90, 194
90, 2
90, 66
90, 131
90, 195
90, 3
90, 67
90, 132
90, 196
90, 4
90, 68
90, 133
90, 197
90, 5
90, 69
90, 134
90, 198
90, 6
90, 70
90, 135
90, 199
90, 7
90, 71
90, 136
90, 200
90, 8
90, 72
90, 137
90, 201
90, 9
90, 73
90, 138
90, 202
90, 10
90, 74
90, 139
90, 203
90, 11
90, 75
90, 140
90, 204
90, 12
90, 76
90, 141
90, 205
90, 13
90, 77
90, 142
90, 206
90, 14
90, 78
90, 143
90, 207
90, 15
90, 79
90, 144
90, 208
90, 16
90, 80
90, 145
90, 209
90, 17
90, 81
90, 146
90, 210
90, 18
90, 82
90, 147
90, 211
90, 19
90, 83
90, 148
90, 212
90, 20
90, 84
90, 149
90, 213
90, 21
90, 85
90, 150
90, 214
90, 22
90, 86
90, 151
90, 215
90, 23
90, 87
90, 152
90, 216
90, 24
90, 88
90, 153
90, 217
90, 25
90, 89
90, 154
90, 218
90, 26
90, 90
90, 155
90, 219
90, 27
90, 91
90, 92
90, 156
90, 220
90, 28
90, 93
90, 157
90, 221
90, 29
90, 94
90, 158
90, 222
90, 30
90, 95
90, 159
90, 223
90, 31
90, 96
90, 160
90, 224
90, 32
90, 97
90, 161
90, 225
90, 33
90, 98
90, 162
90, 226
90, 34
90, 99
90, 163
90, 227
90, 35
90, 100
90, 164
90, 228
90, 36
90, 101
90, 165
90, 229
90, 37
90, 102
90, 166
90, 230
90, 38
90, 103
90, 167
90, 231
90, 39
90, 104
90, 168
90, 232
90, 40
90, 105
90, 169
90, 233
90, 41
90, 106
90, 170
90, 234
90, 42
90, 107
90, 171
90, 235
90, 43
90, 108
90, 172
90, 236
90, 44
90, 109
90, 173
90, 237
90, 45
90, 110
90, 174
90, 238
90, 46
90, 111
90, 175
90, 239
90, 47
90, 112
90, 176
90, 240
90, 48
90, 113
90, 177
90, 241
90, 49
90, 114
90, 178
90, 242
90, 50
90, 115
90, 179
90, 243
90, 51
90, 116
90, 180
90, 244
90, 52
90, 117
90, 181
90, 245
90, 53
90, 118
90, 182
90, 246
90, 54
90, 119
90, 183
90, 247
90, 55
90, 120
90, 184
90, 248
90, 56
90, 121
90, 185
90, 249
90, 57
90, 122
90, 186
90, 250
90, 58
90, 123
90, 187
90, 59
90, 124
90, 188
90, 60
90, 125
90, 189
90, 61
90, 126
90, 190
90, 62
90, 127
90, 191
90, 63
26, 192
26, 128
26, 64
26, 1
26, 193
26, 129
26, 65
26, 66
26, 130
26, 194
26, 2
26, 67
26, 131
26, 195
26, 3
26, 68
26, 132
26, 196
26, 4
26, 69
26, 133
26, 197
26, 5
26, 70
26, 134
26, 198
26, 6
26, 71
26, 135
26, 199
26, 7
26, 72
26, 136
26, 200
26, 8
26, 73
26, 137
26, 201
26, 9
26, 74
26, 138
26, 202
26, 10
26, 75
26, 139
26, 203
26, 11
26, 76
26, 140
26, 204
26, 12
26, 77
26, 141
26, 205
26, 13
26, 78
26, 142
26, 206
26, 14
26, 79
26, 143
26, 207
26, 15
26, 80
26, 144
26, 208
26, 16
26, 81
26, 145
26, 209
26, 17
26, 82
26, 146
26, 210
26, 18
26, 83
26, 147
26, 211
26, 19
26, 84
26, 148
26, 212
26, 20
26, 85
26, 149
26, 213
26, 21
26, 86
26, 150
26, 214
26, 22
26, 87
26, 151
26, 215
26, 23
26, 88
26, 152
26, 216
26, 24
26, 89
26, 153
26, 217
26, 25
26, 90
26, 154
26, 218
26, 26
26, 91
26, 155
26, 219
26, 27
26, 28
26, 92
26, 156
26, 220
26, 29
26, 93
26, 157
26, 221
26, 30
26, 94
26, 158
26, 222
26, 31
26, 95
26, 159
26, 223
26, 32
26, 96
26, 160
26, 224
26, 33
26, 97
26, 161
26, 225
26, 34
26, 98
26, 162
26, 226
26, 35
26, 99
26, 163
26, 227
26, 36
26, 100
26, 164
26, 228
26, 37
26, 101
26, 165
26, 229
26, 38
26, 102
26, 166
26, 230
26, 39
26, 103
26, 167
26, 231
26, 40
26, 104
26, 168
26, 232
26, 41
26, 105
26, 169
26, 233
26, 42
26, 106
26, 170
26, 234
26, 43
26, 107
26, 171
26, 235
26, 44
26, 108
26, 172
26, 236
26, 45
26, 109
26, 173
26, 237
26, 46
26, 110
26, 174
26, 238
26, 47
26, 111
26, 175
26, 239
26, 48
26, 112
26, 176
26, 240
26, 49
26, 113
26, 177
26, 241
26, 50
26, 114
26, 178
26, 242
26, 51
26, 115
26, 179
26, 243
26, 52
26, 116
26, 180
26, 244
26, 53
26, 117
26, 181
26, 245
26, 54
26, 118
26, 182
26, 246
26, 55
26, 119
26, 183
26, 247
26, 56
26, 120
26, 184
26, 248
26, 57
26, 121
26, 185
26, 249
26, 58
26, 122
26, 186
26, 250
26, 59
26, 123
26, 187
26, 60
26, 124
26, 188
26, 61
26, 125
26, 189
26, 62
26, 126
26, 190
26, 63
26, 127
26, 191
219, 192
219, 128
219, 64
219, 193
219, 129
219, 65
219, 1
219, 2
219, 66
219, 130
219, 194
219, 3
219, 67
219, 131
219, 195
219, 4
219, 68
219, 132
219, 196
219, 5
219, 69
219, 133
219, 197
219, 6
219, 70
219, 134
219, 198
219, 7
219, 71
219, 135
219, 199
219, 8
219, 72
219, 136
219, 200
219, 9
219, 73
219, 137
219, 201
219, 10
219, 74
219, 138
219, 202
219, 11
219, 75
219, 139
219, 203
219, 12
219, 76
219, 140
219, 204
219, 13
219, 77
219, 141
219, 205
219, 14
219, 78
219, 142
219, 206
219, 15
219, 79
219, 143
219, 207
219, 16
219, 80
219, 144
219, 208
219, 17
219, 81
219, 145
219, 209
219, 18
219, 82
219, 146
219, 210
219, 19
219, 83
219, 147
219, 211
219, 20
219, 84
219, 148
219, 212
219, 21
219, 85
219, 149
219, 213
219, 22
219, 86
219, 150
219, 214
219, 23
219, 87
219, 151
219, 215
219, 24
219, 88
219, 152
219, 216
219, 25
219, 89
219, 153
219, 217
219, 26
219, 90
219, 154
219, 218
219, 27
219, 91
219, 155
219, 219
219, 28
219, 92
219, 156
219, 220
219, 221
219, 29
219, 93
219, 157
219, 222
219, 30
219, 94
219, 158
219, 223
219, 31
219, 95
219, 159
219, 224
219, 32
219, 96
219, 160
219, 225
219, 33
219, 97
219, 161
219, 226
219, 34
219, 98
219, 162
219, 227
219, 35
219, 99
219, 163
219, 228
219, 36
219, 100
219, 164
219, 229
219, 37
219, 101
219, 165
219, 230
219, 38
219, 102
219, 166
219, 231
219, 39
219, 103
219, 167
219, 232
219, 40
219, 104
219, 168
219, 233
219, 41
219, 105
219, 169
219, 234
219, 42
219, 106
219, 170
219, 235
219, 43
219, 107
219, 171
219, 236
219, 44
219, 108
219, 172
219, 237
219, 45
219, 109
219, 173
219, 238
219, 46
219, 110
219, 174
219, 239
219, 47
219, 111
219, 175
219, 240
219, 48
219, 112
219, 176
219, 241
219, 49
219, 113
219, 177
219, 242
219, 50
219, 114
219, 178
219, 243
219, 51
219, 115
219, 179
219, 244
219, 52
219, 116
219, 180
219, 245
219, 53
219, 117
219, 181
219, 246
219, 54
219, 118
219, 182
219, 247
219, 55
219, 119
219, 183
219, 248
219, 56
219, 120
219, 184
219, 249
219, 57
219, 121
219, 185
219, 250
219, 58
219, 122
219, 186
219, 59
219, 123
219, 187
219, 60
219, 124
219, 188
219, 61
219, 125
219, 189
219, 62
219, 126
219, 190
219, 63
219, 127
219, 191
155, 128
155, 64
155, 192
155, 129
155, 65
155, 1
155, 193
155, 194
155, 2
155, 66
155, 130
155, 195
155, 3
155, 67
155, 131
155, 196
155, 4
155, 68
155, 132
155, 197
155, 5
155, 69
155, 133
155, 198
155, 6
155, 70
155, 134
155, 199
155, 7
155, 71
155, 135
155, 200
155, 8
155, 72
155, 136
155, 201
155, 9
155, 73
155, 137
155, 202
155, 10
155, 74
155, 138
155, 203
155, 11
155, 75
155, 139
155, 204
155, 12
155, 76
155, 140
155, 205
155, 13
155, 77
155, 141
155, 206
155, 14
155, 78
155, 142
155, 207
155, 15
155, 79
155, 143
155, 208
155, 16
155, 80
155, 144
155, 209
155, 17
155, 81
155, 145
155, 210
155, 18
155, 82
155, 146
155, 211
155, 19
155, 83
155, 147
155, 212
155, 20
155, 84
155, 148
155, 213
155, 21
155, 85
155, 149
155, 214
155, 22
155, 86
155, 150
155, 215
155, 23
155, 87
155, 151
155, 216
155, 24
155, 88
155, 152
155, 217
155, 25
155, 89
155, 153
155, 218
155, 26
155, 90
155, 154
155, 219
155, 27
155, 91
155, 155
155, 220
155, 28
155, 92
155, 156
155, 157
155, 221
155, 29
155, 93
155, 158
155, 222
155, 30
155, 94
155, 159
155, 223
155, 31
155, 95
155, 160
155, 224
155, 32
155, 96
155, 161
155, 225
155, 33
155, 97
155, 162
155, 226
155, 34
155, 98
155, 163
155, 227
155, 35
155, 99
155, 164
155, 228
155, 36
155, 100
155, 165
155, 229
155, 37
155, 101
155, 166
155, 230
155, 38
155, 102
155, 167
155, 231
155, 39
155, 103
155, 168
155, 232
155, 40
155, 104
155, 169
155, 233
155, 41
155, 105
155, 170
155, 234
155, 42
155, 106
155, 171
155, 235
155, 43
155, 107
155, 172
155, 236
155, 44
155, 108
155, 173
155, 237
155, 45
155, 109
155, 174
155, 238
155, 46
155, 110
155, 175
155, 239
155, 47
155, 111
155, 176
155, 240
155, 48
155, 112
155, 177
155, 241
155, 49
155, 113
155, 178
155, 242
155, 50
155, 114
155, 179
155, 243
155, 51
155, 115
155, 180
155, 244
155, 52
155, 116
155, 181
155, 245
155, 53
155, 117
155, 182
155, 246
155, 54
155, 118
155, 183
155, 247
155, 55
155, 119
155, 184
155, 248
155, 56
155, 120
155, 185
155, 249
155, 57
155, 121
155, 186
155, 250
155, 58
155, 122
155, 187
155, 59
155, 123
155, 188
155, 60
155, 124
155, 189
155, 61
155, 125
155, 190
155, 62
155, 126
155, 191
155, 63
155, 127
91, 64
91, 192
91, 128
91, 65
91, 1
91, 193
91, 129
91, 130
91, 194
91, 2
91, 66
91, 131
91, 195
91, 3
91, 67
91, 132
91, 196
91, 4
91, 68
91, 133
91, 197
91, 5
91, 69
91, 134
91, 198
91, 6
91, 70
91, 135
91, 199
91, 7
91, 71
91, 136
91, 200
91, 8
91, 72
91, 137
91, 201
91, 9
91, 73
91, 138
91, 202
91, 10
91, 74
91, 139
91, 203
91, 11
91, 75
91, 140
91, 204
91, 12
91, 76
91, 141
91, 205
91, 13
91, 77
91, 142
91, 206
91, 14
91, 78
91, 143
91, 207
91, 15
91, 79
91, 144
91, 208
91, 16
91, 80
91, 145
91, 209
91, 17
91, 81
91, 146
91, 210
91, 18
91, 82
91, 147
91, 211
91, 19
91, 83
91, 148
91, 212
91, 20
91, 84
91, 149
91, 213
91, 21
91, 85
91, 150
91, 214
91, 22
91, 86
91, 151
91, 215
91, 23
91, 87
91, 152
91, 216
91, 24
91, 88
91, 153
91, 217
91, 25
91, 89
91, 154
91, 218
91, 26
91, 90
91, 155
91, 219
91, 27
91, 91
91, 156
91, 220
91, 28
91, 92
91, 93
91, 157
91, 221
91, 29
91, 94
91, 158
91, 222
91, 30
91, 95
91, 159
91, 223
91, 31
91, 96
91, 160
91, 224
91, 32
91, 97
91, 161
91, 225
91, 33
91, 98
91, 162
91, 226
91, 34
91, 99
91, 163
91, 227
91, 35
91, 100
91, 164
91, 228
91, 36
91, 101
91, 165
91, 229
91, 37
91, 102
91, 166
91, 230
91, 38
91, 103
91, 167
91, 231
91, 39
91, 104
91, 168
91, 232
91, 40
91, 105
91, 169
91, 233
91, 41
91, 106
91, 170
91, 234
91, 42
91, 107
91, 171
91, 235
91, 43
91, 108
91, 172
91, 236
91, 44
91, 109
91, 173
91, 237
91, 45
91, 110
91, 174
91, 238
91, 46
91, 111
91, 175
91, 239
91, 47
91, 112
91, 176
91, 240
91, 48
91, 113
91, 177
91, 241
91, 49
91, 114
91, 178
91, 242
91, 50
91, 115
91, 179
91, 243
91, 51
91, 116
91, 180
91, 244
91, 52
91, 117
91, 181
91, 245
91, 53
91, 118
91, 182
91, 246
91, 54
91, 119
91, 183
91, 247
91, 55
91, 120
91, 184
91, 248
91, 56
91, 121
91, 185
91, 249
91, 57
91, 122
91, 186
91, 250
91, 58
91, 123
91, 187
91, 59
91, 124
91, 188
91, 60
91, 125
91, 189
91, 61
91, 126
91, 190
91, 62
91, 127
91, 191
91, 63
27, 192
27, 128
27, 64
27, 1
27, 193
27, 129
27, 65
27, 66
27, 130
27, 194
27, 2
27, 67
27, 131
27, 195
27, 3
27, 68
27, 132
27, 196
27, 4
27, 69
27, 133
27, 197
27, 5
27, 70
27, 134
27, 198
27, 6
27, 71
27, 135
27, 199
27, 7
27, 72
27, 136
27, 200
27, 8
27, 73
27, 137
27, 201
27, 9
27, 74
27, 138
27, 202
27, 10
27, 75
27, 139
27, 203
27, 11
27, 76
27, 140
27, 204
27, 12
27, 77
27, 141
27, 205
27, 13
27, 78
27, 142
27, 206
27, 14
27, 79
27, 143
27, 207
27, 15
27, 80
27, 144
27, 208
27, 16
27, 81
27, 145
27, 209
27, 17
27, 82
27, 146
27, 210
27, 18
27, 83
27, 147
27, 211
27, 19
27, 84
27, 148
27, 212
27, 20
27, 85
27, 149
27, 213
27, 21
27, 86
27, 150
27, 214
27, 22
27, 87
27, 151
27, 215
27, 23
27, 88
27, 152
27, 216
27, 24
27, 89
27, 153
27, 217
27, 25
27, 90
27, 154
27, 218
27, 26
27, 91
27, 155
27, 219
27, 27
27, 92
27, 156
27, 220
27, 28
27, 29
27, 93
27, 157
27, 221
27, 30
27, 94
27, 158
27, 222
27, 31
27, 95
27, 159
27, 223
27, 32
27, 96
27, 160
27, 224
27, 33
27, 97
27, 161
27, 225
27, 34
27, 98
27, 162
27, 226
27, 35
27, 99
27, 163
27, 227
27, 36
27, 100
27, 164
27, 228
27, 37
27, 101
27, 165
27, 229
27, 38
27, 102
27, 166
27, 230
27, 39
27, 103
27, 167
27, 231
27, 40
27, 104
27, 168
27, 232
27, 41
27, 105
27, 169
27, 233
27, 42
27, 106
27, 170
27, 234
27, 43
27, 107
27, 171
27, 235
27, 44
27, 108
27, 172
27, 236
27, 45
27, 109
27, 173
27, 237
27, 46
27, 110
27, 174
27, 238
27, 47
27, 111
27, 175
27, 239
27, 48
27, 112
27, 176
27, 240
27, 49
27, 113
27, 177
27, 241
27, 50
27, 114
27, 178
27, 242
27, 51
27, 115
27, 179
27, 243
27, 52
27, 116
27, 180
27, 244
27, 53
27, 117
27, 181
27, 245
27, 54
27, 118
27, 182
27, 246
27, 55
27, 119
27, 183
27, 247
27, 56
27, 120
27, 184
27, 248
27, 57
27, 121
27, 185
27, 249
27, 58
27, 122
27, 186
27, 250
27, 59
27, 123
27, 187
27, 60
27, 124
27, 188
27, 61
27, 125
27, 189
27, 62
27, 126
27, 190
27, 63
27, 127
27, 191
220, 192
220, 128
220, 64
220, 193
220, 129
220, 65
220, 1
220, 2
220, 66
220, 130
220, 194
220, 3
220, 67
220, 131
220, 195
220, 4
220, 68
220, 132
220, 196
220, 5
220, 69
220, 133
220, 197
220, 6
220, 70
220, 134
220, 198
220, 7
220, 71
220, 135
220, 199
220, 8
220, 72
220, 136
220, 200
220, 9
220, 73
220, 137
220, 201
220, 10
220, 74
220, 138
220, 202
220, 11
220, 75
220, 139
220, 203
220, 12
220, 76
220, 140
220, 204
220, 13
220, 77
220, 141
220, 205
220, 14
220, 78
220, 142
220, 206
220, 15
220, 79
220, 143
220, 207
220, 16
220, 80
220, 144
220, 208
220, 17
220, 81
220, 145
220, 209
220, 18
220, 82
220, 146
220, 210
220, 19
220, 83
220, 147
220, 211
220, 20
220, 84
220, 148
220, 212
220, 21
220, 85
220, 149
220, 213
220, 22
220, 86
220, 150
220, 214
220, 23
220, 87
220, 151
220, 215
220, 24
220, 88
220, 152
220, 216
220, 25
220, 89
220, 153
220, 217
220, 26
220, 90
220, 154
220, 218
220, 27
220, 91
220, 155
220, 219
220, 28
220, 92
220, 156
220, 220
220, 29
220, 93
220, 157
220, 221
220, 222
220, 30
220, 94
220, 158
220, 223
220, 31
220, 95
220, 159
220, 224
220, 32
220, 96
220, 160
220, 225
220, 33
220, 97
220, 161
220, 226
220, 34
220, 98
220, 162
220, 227
220, 35
220, 99
220, 163
220, 228
220, 36
220, 100
220, 164
220, 229
220, 37
220, 101
220, 165
220, 230
220, 38
220, 102
220, 166
220, 231
220, 39
220, 103
220, 167
220, 232
220, 40
220, 104
220, 168
220, 233
220, 41
220, 105
220, 169
220, 234
220, 42
220, 106
220, 170
220, 235
220, 43
220, 107
220, 171
220, 236
220, 44
220, 108
220, 172
220, 237
220, 45
220, 109
220, 173
220, 238
220, 46
220, 110
220, 174
220, 239
220, 47
220, 111
220, 175
220, 240
220, 48
220, 112
220, 176
220, 241
220, 49
220, 113
220, 177
220, 242
220, 50
220, 114
220, 178
220, 243
220, 51
220, 115
220, 179
220, 244
220, 52
220, 116
220, 180
220, 245
220, 53
220, 117
220, 181
220, 246
220, 54
220, 118
220, 182
220, 247
220, 55
220, 119
220, 183
220, 248
220, 56
220, 120
220, 184
220, 249
220, 57
220, 121
220, 185
220, 250
220, 58
220, 122
220, 186
220, 59
220, 123
220, 187
220, 60
220, 124
220, 188
220, 61
220, 125
220, 189
220, 62
220, 126
220, 190
220, 63
220, 127
220, 191
156, 128
156, 64
156, 192
156, 129
156, 65
156, 1
156, 193
156, 194
156, 2
156, 66
156, 130
156, 195
156, 3
156, 67
156, 131
156, 196
156, 4
156, 68
156, 132
156, 197
156, 5
156, 69
156, 133
156, 198
156, 6
156, 70
156, 134
156, 199
156, 7
156, 71
156, 135
156, 200
156, 8
156, 72
156, 136
156, 201
156, 9
156, 73
156, 137
156, 202
156, 10
156, 74
156, 138
156, 203
156, 11
156, 75
156, 139
156, 204
156, 12
156, 76
156, 140
156, 205
156, 13
156, 77
156, 141
156, 206
156, 14
156, 78
156, 142
156, 207
156, 15
156, 79
156, 143
156, 208
156, 16
156, 80
156, 144
156, 209
156, 17
156, 81
156, 145
156, 210
156, 18
156, 82
156, 146
156, 211
156, 19
156, 83
156, 147
156, 212
156, 20
156, 84
156, 148
156, 213
156, 21
156, 85
156, 149
156, 214
156, 22
156, 86
156, 150
156, 215
156, 23
156, 87
156, 151
156, 216
156, 24
156, 88
156, 152
156, 217
156, 25
156, 89
156, 153
156, 218
156, 26
156, 90
156, 154
156, 219
156, 27
156, 91
156, 155
156, 220
156, 28
156, 92
156, 156
156, 221
156, 29
156, 93
156, 157
156, 158
156, 222
156, 30
156, 94
156, 159
156, 223
156, 31
156, 95
156, 160
156, 224
156, 32
156, 96
156, 161
156, 225
156, 33
156, 97
156, 162
156, 226
156, 34
156, 98
156, 163
156, 227
156, 35
156, 99
156, 164
156, 228
156, 36
156, 100
156, 165
156, 229
156, 37
156, 101
156, 166
156, 230
156, 38
156, 102
156, 167
156, 231
156, 39
156, 103
156, 168
156, 232
156, 40
156, 104
156, 169
156, 233
156, 41
156, 105
156, 170
156, 234
156, 42
156, 106
156, 171
156, 235
156, 43
156, 107
156, 172
156, 236
156, 44
156, 108
156, 173
156, 237
156, 45
156, 109
156, 174
156, 238
156, 46
156, 110
156, 175
156, 239
156, 47
156, 111
156, 176
156, 240
156, 48
156, 112
156, 177
156, 241
156, 49
156, 113
156, 178
156, 242
156, 50
156, 114
156, 179
156, 243
156, 51
156, 115
156, 180
156, 244
156, 52
156, 116
156, 181
156, 245
156, 53
156, 117
156, 182
156, 246
156, 54
156, 118
156, 183
156, 247
156, 55
156, 119
156, 184
156, 248
156, 56
156, 120
156, 185
156, 249
156, 57
156, 121
156, 186
156, 250
156, 58
156, 122
156, 187
156, 59
156, 123
156, 188
156, 60
156, 124
156, 189
156, 61
156, 125
156, 190
156, 62
156, 126
156, 191
156, 63
156, 127
92, 64
92, 192
92, 128
92, 65
92, 1
92, 193
92, 129
92, 130
92, 194
92, 2
92, 66
92, 131
92, 195
92, 3
92, 67
92, 132
92, 196
92, 4
92, 68
92, 133
92, 197
92, 5
92, 69
92, 134
92, 198
92, 6
92, 70
92, 135
92, 199
92, 7
92, 71
92, 136
92, 200
92, 8
92, 72
92, 137
92, 201
92, 9
92, 73
92, 138
92, 202
92, 10
92, 74
92, 139
92, 203
92, 11
92, 75
92, 140
92, 204
92, 12
92, 76
92, 141
92, 205
92, 13
92, 77
92, 142
92, 206
92, 14
92, 78
92, 143
92, 207
92, 15
92, 79
92, 144
92, 208
92, 16
92, 80
92, 145
92, 209
92, 17
92, 81
92, 146
92, 210
92, 18
92, 82
92, 147
92, 211
92, 19
92, 83
92, 148
92, 212
92, 20
92, 84
92, 149
92, 213
92, 21
92, 85
92, 150
92, 214
92, 22
92, 86
92, 151
92, 215
92, 23
92, 87
92, 152
92, 216
92, 24
92, 88
92, 153
92, 217
92, 25
92, 89
92, 154
92, 218
92, 26
92, 90
92, 155
92, 219
92, 27
92, 91
92, 156
92, 220
92, 28
92, 92
92, 157
92, 221
92, 29
92, 93
92, 94
92, 158
92, 222
92, 30
92, 95
92, 159
92, 223
92, 31
92, 96
92, 160
92, 224
92, 32
92, 97
92, 161
92, 225
92, 33
92, 98
92, 162
92, 226
92, 34
92, 99
92, 163
92, 227
92, 35
92, 100
92, 164
92, 228
92, 36
92, 101
92, 165
92, 229
92, 37
92, 102
92, 166
92, 230
92, 38
92, 103
92, 167
92, 231
92, 39
92, 104
92, 168
92, 232
92, 40
92, 105
92, 169
92, 233
92, 41
92, 106
92, 170
92, 234
92, 42
92, 107
92, 171
92, 235
92, 43
92, 108
92, 172
92, 236
92, 44
92, 109
92, 173
92, 237
92, 45
92, 110
92, 174
92, 238
92, 46
92, 111
92, 175
92, 239
92, 47
92, 112
92, 176
92, 240
92, 48
92, 113
92, 177
92, 241
92, 49
92, 114
92, 178
92, 242
92, 50
92, 115
92, 179
92, 243
92, 51
92, 116
92, 180
92, 244
92, 52
92, 117
92, 181
92, 245
92, 53
92, 118
92, 182
92, 246
92, 54
92, 119
92, 183
92, 247
92, 55
92, 120
92, 184
92, 248
92, 56
92, 121
92, 185
92, 249
92, 57
92, 122
92, 186
92, 250
92, 58
92, 123
92, 187
92, 59
92, 124
92, 188
92, 60
92, 125
92, 189
92, 61
92, 126
92, 190
92, 62
92, 127
92, 191
92, 63
28, 192
28, 128
28, 64
28, 1
28, 193
28, 129
28, 65
28, 66
28, 130
28, 194
28, 2
28, 67
28, 131
28, 195
28, 3
28, 68
28, 132
28, 196
28, 4
28, 69
28, 133
28, 197
28, 5
28, 70
28, 134
28, 198
28, 6
28, 71
28, 135
28, 199
28, 7
28, 72
28, 136
28, 200
28, 8
28, 73
28, 137
28, 201
28, 9
28, 74
28, 138
28, 202
28, 10
28, 75
28, 139
28, 203
28, 11
28, 76
28, 140
28, 204
28, 12
28, 77
28, 141
28, 205
28, 13
28, 78
28, 142
28, 206
28, 14
28, 79
28, 143
28, 207
28, 15
28, 80
28, 144
28, 208
28, 16
28, 81
28, 145
28, 209
28, 17
28, 82
28, 146
28, 210
28, 18
28, 83
28, 147
28, 211
28, 19
28, 84
28, 148
28, 212
28, 20
28, 85
28, 149
28, 213
28, 21
28, 86
28, 150
28, 214
28, 22
28, 87
28, 151
28, 215
28, 23
28, 88
28, 152
28, 216
28, 24
28, 89
28, 153
28, 217
28, 25
28, 90
28, 154
28, 218
28, 26
28, 91
28, 155
28, 219
28, 27
28, 92
28, 156
28, 220
28, 28
28, 93
28, 157
28, 221
28, 29
28, 30
28, 94
28, 158
28, 222
28, 31
28, 95
28, 159
28, 223
28, 32
28, 96
28, 160
28, 224
28, 33
28, 97
28, 161
28, 225
28, 34
28, 98
28, 162
28, 226
28, 35
28, 99
28, 163
28, 227
28, 36
28, 100
28, 164
28, 228
28, 37
28, 101
28, 165
28, 229
28, 38
28, 102
28, 166
28, 230
28, 39
28, 103
28, 167
28, 231
28, 40
28, 104
28, 168
28, 232
28, 41
28, 105
28, 169
28, 233
28, 42
28, 106
28, 170
28, 234
28, 43
28, 107
28, 171
28, 235
28, 44
28, 108
28, 172
28, 236
28, 45
28, 109
28, 173
28, 237
28, 46
28, 110
28, 174
28, 238
28, 47
28, 111
28, 175
28, 239
28, 48
28, 112
28, 176
28, 240
28, 49
28, 113
28, 177
28, 241
28, 50
28, 114
28, 178
28, 242
28, 51
28, 115
28, 179
28, 243
28, 52
28, 116
28, 180
28, 244
28, 53
28, 117
28, 181
28, 245
28, 54
28, 118
28, 182
28, 246
28, 55
28, 119
28, 183
28, 247
28, 56
28, 120
28, 184
28, 248
28, 57
28, 121
28, 185
28, 249
28, 58
28, 122
28, 186
28, 250
28, 59
28, 123
28, 187
28, 60
28, 124
28, 188
28, 61
28, 125
28, 189
28, 62
28, 126
28, 190
28, 63
28, 127
28, 191
221, 192
221, 128
221, 64
221, 193
221, 129
221, 65
221, 1
221, 2
221, 66
221, 130
221, 194
221, 3
221, 67
221, 131
221, 195
221, 4
221, 68
221, 132
221, 196
221, 5
221, 69
221, 133
221, 197
221, 6
221, 70
221, 134
221, 198
221, 7
221, 71
221, 135
221, 199
221, 8
221, 72
221, 136
221, 200
221, 9
221, 73
221, 137
221, 201
221, 10
221, 74
221, 138
221, 202
221, 11
221, 75
221, 139
221, 203
221, 12
221, 76
221, 140
221, 204
221, 13
221, 77
221, 141
221, 205
221, 14
221, 78
221, 142
221, 206
221, 15
221, 79
221, 143
221, 207
221, 16
221, 80
221, 144
221, 208
221, 17
221, 81
221, 145
221, 209
221, 18
221, 82
221, 146
221, 210
221, 19
221, 83
221, 147
221, 211
221, 20
221, 84
221, 148
221, 212
221, 21
221, 85
221, 149
221, 213
221, 22
221, 86
221, 150
221, 214
221, 23
221, 87
221, 151
221, 215
221, 24
221, 88
221, 152
221, 216
221, 25
221, 89
221, 153
221, 217
221, 26
221, 90
221, 154
221, 218
221, 27
221, 91
221, 155
221, 219
221, 28
221, 92
221, 156
221, 220
221, 29
221, 93
221, 157
221, 221
221, 30
221, 94
221, 158
221, 222
221, 223
221, 31
221, 95
221, 159
221, 224
221, 32
221, 96
221, 160
221, 225
221, 33
221, 97
221, 161
221, 226
221, 34
221, 98
221, 162
221, 227
221, 35
221, 99
221, 163
221, 228
221, 36
221, 100
221, 164
221, 229
221, 37
221, 101
221, 165
221, 230
221, 38
221, 102
221, 166
221, 231
221, 39
221, 103
221, 167
221, 232
221, 40
221, 104
221, 168
221, 233
221, 41
221, 105
221, 169
221, 234
221, 42
221, 106
221, 170
221, 235
221, 43
221, 107
221, 171
221, 236
221, 44
221, 108
221, 172
221, 237
221, 45
221, 109
221, 173
221, 238
221, 46
221, 110
221, 174
221, 239
221, 47
221, 111
221, 175
221, 240
221, 48
221, 112
221, 176
221, 241
221, 49
221, 113
221, 177
221, 242
221, 50
221, 114
221, 178
221, 243
221, 51
221, 115
221, 179
221, 244
221, 52
221, 116
221, 180
221, 245
221, 53
221, 117
221, 181
221, 246
221, 54
221, 118
221, 182
221, 247
221, 55
221, 119
221, 183
221, 248
221, 56
221, 120
221, 184
221, 249
221, 57
221, 121
221, 185
221, 250
221, 58
221, 122
221, 186
221, 59
221, 123
221, 187
221, 60
221, 124
221, 188
221, 61
221, 125
221, 189
221, 62
221, 126
221, 190
221, 63
221, 127
221, 191
157, 128
157, 64
157, 192
157, 129
157, 65
157, 1
157, 193
157, 194
157, 2
157, 66
157, 130
157, 195
157, 3
157, 67
157, 131
157, 196
157, 4
157, 68
157, 132
157, 197
157, 5
157, 69
157, 133
157, 198
157, 6
157, 70
157, 134
157, 199
157, 7
157, 71
157, 135
157, 200
157, 8
157, 72
157, 136
157, 201
157, 9
157, 73
157, 137
157, 202
157, 10
157, 74
157, 138
157, 203
157, 11
157, 75
157, 139
157, 204
157, 12
157, 76
157, 140
157, 205
157, 13
157, 77
157, 141
157, 206
157, 14
157, 78
157, 142
157, 207
157, 15
157, 79
157, 143
157, 208
157, 16
157, 80
157, 144
157, 209
157, 17
157, 81
157, 145
157, 210
157, 18
157, 82
157, 146
157, 211
157, 19
157, 83
157, 147
157, 212
157, 20
157, 84
157, 148
157, 213
157, 21
157, 85
157, 149
157, 214
157, 22
157, 86
157, 150
157, 215
157, 23
157, 87
157, 151
157, 216
157, 24
157, 88
157, 152
157, 217
157, 25
157, 89
157, 153
157, 218
157, 26
157, 90
157, 154
157, 219
157, 27
157, 91
157, 155
157, 220
157, 28
157, 92
157, 156
157, 221
157, 29
157, 93
157, 157
157, 222
157, 30
157, 94
157, 158
157, 159
157, 223
157, 31
157, 95
157, 160
157, 224
157, 32
157, 96
157, 161
157, 225
157, 33
157, 97
157, 162
157, 226
157, 34
157, 98
157, 163
157, 227
157, 35
157, 99
157, 164
157, 228
157, 36
157, 100
157, 165
157, 229
157, 37
157, 101
157, 166
157, 230
157, 38
157, 102
157, 167
157, 231
157, 39
157, 103
157, 168
157, 232
157, 40
157, 104
157, 169
157, 233
157, 41
157, 105
157, 170
157, 234
157, 42
157, 106
157, 171
157, 235
157, 43
157, 107
157, 172
157, 236
157, 44
157, 108
157, 173
157, 237
157, 45
157, 109
157, 174
157, 238
157, 46
157, 110
157, 175
157, 239
157, 47
157, 111
157, 176
157, 240
157, 48
157, 112
157, 177
157, 241
157, 49
157, 113
157, 178
157, 242
157, 50
157, 114
157, 179
157, 243
157, 51
157, 115
157, 180
157, 244
157, 52
157, 116
157, 181
157, 245
157, 53
157, 117
157, 182
157, 246
157, 54
157, 118
157, 183
157, 247
157, 55
157, 119
157, 184
157, 248
157, 56
157, 120
157, 185
157, 249
157, 57
157, 121
157, 186
157, 250
157, 58
157, 122
157, 187
157, 59
157, 123
157, 188
157, 60
157, 124
157, 189
157, 61
157, 125
157, 190
157, 62
157, 126
157, 191
157, 63
157, 127
93, 64
93, 192
93, 128
93, 65
93, 1
93, 193
93, 129
93, 130
93, 194
93, 2
93, 66
93, 131
93, 195
93, 3
93, 67
93, 132
93, 196
93, 4
93, 68
93, 133
93, 197
93, 5
93, 69
93, 134
93, 198
93, 6
93, 70
93, 135
93, 199
93, 7
93, 71
93, 136
93, 200
93, 8
93, 72
93, 137
93, 201
93, 9
93, 73
93, 138
93, 202
93, 10
93, 74
93, 139
93, 203
93, 11
93, 75
93, 140
93, 204
93, 12
93, 76
93, 141
93, 205
93, 13
93, 77
93, 142
93, 206
93, 14
93, 78
93, 143
93, 207
93, 15
93, 79
93, 144
93, 208
93, 16
93, 80
93, 145
93, 209
93, 17
93, 81
93, 146
93, 210
93, 18
93, 82
93, 147
93, 211
93, 19
93, 83
93, 148
93, 212
93, 20
93, 84
93, 149
93, 213
93, 21
93, 85
93, 150
93, 214
93, 22
93, 86
93, 151
93, 215
93, 23
93, 87
93, 152
93, 216
93, 24
93, 88
93, 153
93, 217
93, 25
93, 89
93, 154
93, 218
93, 26
93, 90
93, 155
93, 219
93, 27
93, 91
93, 156
93, 220
93, 28
93, 92
93, 157
93, 221
93, 29
93, 93
93, 158
93, 222
93, 30
93, 94
93, 95
93, 159
93, 223
93, 31
93, 96
93, 160
93, 224
93, 32
93, 97
93, 161
93, 225
93, 33
93, 98
93, 162
93, 226
93, 34
93, 99
93, 163
93, 227
93, 35
93, 100
93, 164
93, 228
93, 36
93, 101
93, 165
93, 229
93, 37
93, 102
93, 166
93, 230
93, 38
93, 103
93, 167
93, 231
93, 39
93, 104
93, 168
93, 232
93, 40
93, 105
93, 169
93, 233
93, 41
93, 106
93, 170
93, 234
93, 42
93, 107
93, 171
93, 235
93, 43
93, 108
93, 172
93, 236
93, 44
93, 109
93, 173
93, 237
93, 45
93, 110
93, 174
93, 238
93, 46
93, 111
93, 175
93, 239
93, 47
93, 112
93, 176
93, 240
93, 48
93, 113
93, 177
93, 241
93, 49
93, 114
93, 178
93, 242
93, 50
93, 115
93, 179
93, 243
93, 51
93, 116
93, 180
93, 244
93, 52
93, 117
93, 181
93, 245
93, 53
93, 118
93, 182
93, 246
93, 54
93, 119
93, 183
93, 247
93, 55
93, 120
93, 184
93, 248
93, 56
93, 121
93, 185
93, 249
93, 57
93, 122
93, 186
93, 250
93, 58
93, 123
93, 187
93, 59
93, 124
93, 188
93, 60
93, 125
93, 189
93, 61
93, 126
93, 190
93, 62
93, 127
93, 191
93, 63
29, 192
29, 128
29, 64
29, 1
29, 193
29, 129
29, 65
29, 66
29, 130
29, 194
29, 2
29, 67
29, 131
29, 195
29, 3
29, 68
29, 132
29, 196
29, 4
29, 69
29, 133
29, 197
29, 5
29, 70
29, 134
29, 198
29, 6
29, 71
29, 135
29, 199
29, 7
29, 72
29, 136
29, 200
29, 8
29, 73
29, 137
29, 201
29, 9
29, 74
29, 138
29, 202
29, 10
29, 75
29, 139
29, 203
29, 11
29, 76
29, 140
29, 204
29, 12
29, 77
29, 141
29, 205
29, 13
29, 78
29, 142
29, 206
29, 14
29, 79
29, 143
29, 207
29, 15
29, 80
29, 144
29, 208
29, 16
29, 81
29, 145
29, 209
29, 17
29, 82
29, 146
29, 210
29, 18
29, 83
29, 147
29, 211
29, 19
29, 84
29, 148
29, 212
29, 20
29, 85
29, 149
29, 213
29, 21
29, 86
29, 150
29, 214
29, 22
29, 87
29, 151
29, 215
29, 23
29, 88
29, 152
29, 216
29, 24
29, 89
29, 153
29, 217
29, 25
29, 90
29, 154
29, 218
29, 26
29, 91
29, 155
29, 219
29, 27
29, 92
29, 156
29, 220
29, 28
29, 93
29, 157
29, 221
29, 29
29, 94
29, 158
29, 222
29, 30
29, 31
29, 95
29, 159
29, 223
29, 32
29, 96
29, 160
29, 224
29, 33
29, 97
29, 161
29, 225
29, 34
29, 98
29, 162
29, 226
29, 35
29, 99
29, 163
29, 227
29, 36
29, 100
29, 164
29, 228
29, 37
29, 101
29, 165
29, 229
29, 38
29, 102
29, 166
29, 230
29, 39
29, 103
29, 167
29, 231
29, 40
29, 104
29, 168
29, 232
29, 41
29, 105
29, 169
29, 233
29, 42
29, 106
29, 170
29, 234
29, 43
29, 107
29, 171
29, 235
29, 44
29, 108
29, 172
29, 236
29, 45
29, 109
29, 173
29, 237
29, 46
29, 110
29, 174
29, 238
29, 47
29, 111
29, 175
29, 239
29, 48
29, 112
29, 176
29, 240
29, 49
29, 113
29, 177
29, 241
29, 50
29, 114
29, 178
29, 242
29, 51
29, 115
29, 179
29, 243
29, 52
29, 116
29, 180
29, 244
29, 53
29, 117
29, 181
29, 245
29, 54
29, 118
29, 182
29, 246
29, 55
29, 119
29, 183
29, 247
29, 56
29, 120
29, 184
29, 248
29, 57
29, 121
29, 185
29, 249
29, 58
29, 122
29, 186
29, 250
29, 59
29, 123
29, 187
29, 60
29, 124
29, 188
29, 61
29, 125
29, 189
29, 62
29, 126
29, 190
29, 63
29, 127
29, 191
222, 192
222, 128
222, 64
222, 193
222, 129
222, 65
222, 1
222, 2
222, 66
222, 130
222, 194
222, 3
222, 67
222, 131
222, 195
222, 4
222, 68
222, 132
222, 196
222, 5
222, 69
222, 133
222, 197
222, 6
222, 70
222, 134
222, 198
222, 7
222, 71
222, 135
222, 199
222, 8
222, 72
222, 136
222, 200
222, 9
222, 73
222, 137
222, 201
222, 10
222, 74
222, 138
222, 202
222, 11
222, 75
222, 139
222, 203
222, 12
222, 76
222, 140
222, 204
222, 13
222, 77
222, 141
222, 205
222, 14
222, 78
222, 142
222, 206
222, 15
222, 79
222, 143
222, 207
222, 16
222, 80
222, 144
222, 208
222, 17
222, 81
222, 145
222, 209
222, 18
222, 82
222, 146
222, 210
222, 19
222, 83
222, 147
222, 211
222, 20
222, 84
222, 148
222, 212
222, 21
222, 85
222, 149
222, 213
222, 22
222, 86
222, 150
222, 214
222, 23
222, 87
222, 151
222, 215
222, 24
222, 88
222, 152
222, 216
222, 25
222, 89
222, 153
222, 217
222, 26
222, 90
222, 154
222, 218
222, 27
222, 91
222, 155
222, 219
222, 28
222, 92
222, 156
222, 220
222, 29
222, 93
222, 157
222, 221
222, 30
222, 94
222, 158
222, 222
222, 31
222, 95
222, 159
222, 223
222, 224
222, 32
222, 96
222, 160
222, 225
222, 33
222, 97
222, 161
222, 226
222, 34
222, 98
222, 162
222, 227
222, 35
222, 99
222, 163
222, 228
222, 36
222, 100
222, 164
222, 229
222, 37
222, 101
222, 165
222, 230
222, 38
222, 102
222, 166
222, 231
222, 39
222, 103
222, 167
222, 232
222, 40
222, 104
222, 168
222, 233
222, 41
222, 105
222, 169
222, 234
222, 42
222, 106
222, 170
222, 235
222, 43
222, 107
222, 171
222, 236
222, 44
222, 108
222, 172
222, 237
222, 45
222, 109
222, 173
222, 238
222, 46
222, 110
222, 174
222, 239
222, 47
222, 111
222, 175
222, 240
222, 48
222, 112
222, 176
222, 241
222, 49
222, 113
222, 177
222, 242
222, 50
222, 114
222, 178
222, 243
222, 51
222, 115
222, 179
222, 244
222, 52
222, 116
222, 180
222, 245
222, 53
222, 117
222, 181
222, 246
222, 54
222, 118
222, 182
222, 247
222, 55
222, 119
222, 183
222, 248
222, 56
222, 120
222, 184
222, 249
222, 57
222, 121
222, 185
222, 250
222, 58
222, 122
222, 186
222, 59
222, 123
222, 187
222, 60
222, 124
222, 188
222, 61
222, 125
222, 189
222, 62
222, 126
222, 190
222, 63
222, 127
222, 191
158, 128
158, 64
158, 192
158, 129
158, 65
158, 1
158, 193
158, 194
158, 2
158, 66
158, 130
158, 195
158, 3
158, 67
158, 131
158, 196
158, 4
158, 68
158, 132
158, 197
158, 5
158, 69
158, 133
158, 198
158, 6
158, 70
158, 134
158, 199
158, 7
158, 71
158, 135
158, 200
158, 8
158, 72
158, 136
158, 201
158, 9
158, 73
158, 137
158, 202
158, 10
158, 74
158, 138
158, 203
158, 11
158, 75
158, 139
158, 204
158, 12
158, 76
158, 140
158, 205
158, 13
158, 77
158, 141
158, 206
158, 14
158, 78
158, 142
158, 207
158, 15
158, 79
158, 143
158, 208
158, 16
158, 80
158, 144
158, 209
158, 17
158, 81
158, 145
158, 210
158, 18
158, 82
158, 146
158, 211
158, 19
158, 83
158, 147
158, 212
158, 20
158, 84
158, 148
158, 213
158, 21
158, 85
158, 149
158, 214
158, 22
158, 86
158, 150
158, 215
158, 23
158, 87
158, 151
158, 216
158, 24
158, 88
158, 152
158, 217
158, 25
158, 89
158, 153
158, 218
158, 26
158, 90
158, 154
158, 219
158, 27
158, 91
158, 155
158, 220
158, 28
158, 92
158, 156
158, 221
158, 29
158, 93
158, 157
158, 222
158, 30
158, 94
158, 158
158, 223
158, 31
158, 95
158, 159
158, 160
158, 224
158, 32
158, 96
158, 161
158, 225
158, 33
158, 97
158, 162
158, 226
158, 34
158, 98
158, 163
158, 227
158, 35
158, 99
158, 164
158, 228
158, 36
158, 100
158, 165
158, 229
158, 37
158, 101
158, 166
158, 230
158, 38
158, 102
158, 167
158, 231
158, 39
158, 103
158, 168
158, 232
158, 40
158, 104
158, 169
158, 233
158, 41
158, 105
158, 170
158, 234
158, 42
158, 106
158, 171
158, 235
158, 43
158, 107
158, 172
158, 236
158, 44
158, 108
158, 173
158, 237
158, 45
158, 109
158, 174
158, 238
158, 46
158, 110
158, 175
158, 239
158, 47
158, 111
158, 176
158, 240
158, 48
158, 112
158, 177
158, 241
158, 49
158, 113
158, 178
158, 242
158, 50
158, 114
158, 179
158, 243
158, 51
158, 115
158, 180
158, 244
158, 52
158, 116
158, 181
158, 245
158, 53
158, 117
158, 182
158, 246
158, 54
158, 118
158, 183
158, 247
158, 55
158, 119
158, 184
158, 248
158, 56
158, 120
158, 185
158, 249
158, 57
158, 121
158, 186
158, 250
158, 58
158, 122
158, 187
158, 59
158, 123
158, 188
158, 60
158, 124
158, 189
158, 61
158, 125
158, 190
158, 62
158, 126
158, 191
158, 63
158, 127
94, 64
94, 192
94, 128
94, 65
94, 1
94, 193
94, 129
94, 130
94, 194
94, 2
94, 66
94, 131
94, 195
94, 3
94, 67
94, 132
94, 196
94, 4
94, 68
94, 133
94, 197
94, 5
94, 69
94, 134
94, 198
94, 6
94, 70
94, 135
94, 199
94, 7
94, 71
94, 136
94, 200
94, 8
94, 72
94, 137
94, 201
94, 9
94, 73
94, 138
94, 202
94, 10
94, 74
94, 139
94, 203
94, 11
94, 75
94, 140
94, 204
94, 12
94, 76
94, 141
94, 205
94, 13
94, 77
94, 142
94, 206
94, 14
94, 78
94, 143
94, 207
94, 15
94, 79
94, 144
94, 208
94, 16
94, 80
94, 145
94, 209
94, 17
94, 81
94, 146
94, 210
94, 18
94, 82
94, 147
94, 211
94, 19
94, 83
94, 148
94, 212
94, 20
94, 84
94, 149
94, 213
94, 21
94, 85
94, 150
94, 214
94, 22
94, 86
94, 151
94, 215
94, 23
94, 87
94, 152
94, 216
94, 24
94, 88
94, 153
94, 217
94, 25
94, 89
94, 154
94, 218
94, 26
94, 90
94, 155
94, 219
94, 27
94, 91
94, 156
94, 220
94, 28
94, 92
94, 157
94, 221
94, 29
94, 93
94, 158
94, 222
94, 30
94, 94
94, 159
94, 223
94, 31
94, 95
94, 96
94, 160
94, 224
94, 32
94, 97
94, 161
94, 225
94, 33
94, 98
94, 162
94, 226
94, 34
94, 99
94, 163
94, 227
94, 35
94, 100
94, 164
94, 228
94, 36
94, 101
94, 165
94, 229
94, 37
94, 102
94, 166
94, 230
94, 38
94, 103
94, 167
94, 231
94, 39
94, 104
94, 168
94, 232
94, 40
94, 105
94, 169
94, 233
94, 41
94, 106
94, 170
94, 234
94, 42
94, 107
94, 171
94, 235
94, 43
94, 108
94, 172
94, 236
94, 44
94, 109
94, 173
94, 237
94, 45
94, 110
94, 174
94, 238
94, 46
94, 111
94, 175
94, 239
94, 47
94, 112
94, 176
94, 240
94, 48
94, 113
94, 177
94, 241
94, 49
94, 114
94, 178
94, 242
94, 50
94, 115
94, 179
94, 243
94, 51
94, 116
94, 180
94, 244
94, 52
94, 117
94, 181
94, 245
94, 53
94, 118
94, 182
94, 246
94, 54
94, 119
94, 183
94, 247
94, 55
94, 120
94, 184
94, 248
94, 56
94, 121
94, 185
94, 249
94, 57
94, 122
94, 186
94, 250
94, 58
94, 123
94, 187
94, 59
94, 124
94, 188
94, 60
94, 125
94, 189
94, 61
94, 126
94, 190
94, 62
94, 127
94, 191
94, 63
30, 192
30, 128
30, 64
30, 1
30, 193
30, 129
30, 65
30, 66
30, 130
30, 194
30, 2
30, 67
30, 131
30, 195
30, 3
30, 68
30, 132
30, 196
30, 4
30, 69
30, 133
30, 197
30, 5
30, 70
30, 134
30, 198
30, 6
30, 71
30, 135
30, 199
30, 7
30, 72
30, 136
30, 200
30, 8
30, 73
30, 137
30, 201
30, 9
30, 74
30, 138
30, 202
30, 10
30, 75
30, 139
30, 203
30, 11
30, 76
30, 140
30, 204
30, 12
30, 77
30, 141
30, 205
30, 13
30, 78
30, 142
30, 206
30, 14
30, 79
30, 143
30, 207
30, 15
30, 80
30, 144
30, 208
30, 16
30, 81
30, 145
30, 209
30, 17
30, 82
30, 146
30, 210
30, 18
30, 83
30, 147
30, 211
30, 19
30, 84
30, 148
30, 212
30, 20
30, 85
30, 149
30, 213
30, 21
30, 86
30, 150
30, 214
30, 22
30, 87
30, 151
30, 215
30, 23
30, 88
30, 152
30, 216
30, 24
30, 89
30, 153
30, 217
30, 25
30, 90
30, 154
30, 218
30, 26
30, 91
30, 155
30, 219
30, 27
30, 92
30, 156
30, 220
30, 28
30, 93
30, 157
30, 221
30, 29
30, 94
30, 158
30, 222
30, 30
30, 95
30, 159
30, 223
30, 31
30, 32
30, 96
30, 160
30, 224
30, 33
30, 97
30, 161
30, 225
30, 34
30, 98
30, 162
30, 226
30, 35
30, 99
30, 163
30, 227
30, 36
30, 100
30, 164
30, 228
30, 37
30, 101
30, 165
30, 229
30, 38
30, 102
30, 166
30, 230
30, 39
30, 103
30, 167
30, 231
30, 40
30, 104
30, 168
30, 232
30, 41
30, 105
30, 169
30, 233
30, 42
30, 106
30, 170
30, 234
30, 43
30, 107
30, 171
30, 235
30, 44
30, 108
30, 172
30, 236
30, 45
30, 109
30, 173
30, 237
30, 46
30, 110
30, 174
30, 238
30, 47
30, 111
30, 175
30, 239
30, 48
30, 112
30, 176
30, 240
30, 49
30, 113
30, 177
30, 241
30, 50
30, 114
30, 178
30, 242
30, 51
30, 115
30, 179
30, 243
30, 52
30, 116
30, 180
30, 244
30, 53
30, 117
30, 181
30, 245
30, 54
30, 118
30, 182
30, 246
30, 55
30, 119
30, 183
30, 247
30, 56
30, 120
30, 184
30, 248
30, 57
30, 121
30, 185
30, 249
30, 58
30, 122
30, 186
30, 250
30, 59
30, 123
30, 187
30, 60
30, 124
30, 188
30, 61
30, 125
30, 189
30, 62
30, 126
30, 190
30, 63
30, 127
30, 191
223, 192
223, 128
223, 64
223, 193
223, 129
223, 65
223, 1
223, 2
223, 66
223, 130
223, 194
223, 3
223, 67
223, 131
223, 195
223, 4
223, 68
223, 132
223, 196
223, 5
223, 69
223, 133
223, 197
223, 6
223, 70
223, 134
223, 198
223, 7
223, 71
223, 135
223, 199
223, 8
223, 72
223, 136
223, 200
223, 9
223, 73
223, 137
223, 201
223, 10
223, 74
223, 138
223, 202
223, 11
223, 75
223, 139
223, 203
223, 12
223, 76
223, 140
223, 204
223, 13
223, 77
223, 141
223, 205
223, 14
223, 78
223, 142
223, 206
223, 15
223, 79
223, 143
223, 207
223, 16
223, 80
223, 144
223, 208
223, 17
223, 81
223, 145
223, 209
223, 18
223, 82
223, 146
223, 210
223, 19
223, 83
223, 147
223, 211
223, 20
223, 84
223, 148
223, 212
223, 21
223, 85
223, 149
223, 213
223, 22
223, 86
223, 150
223, 214
223, 23
223, 87
223, 151
223, 215
223, 24
223, 88
223, 152
223, 216
223, 25
223, 89
223, 153
223, 217
223, 26
223, 90
223, 154
223, 218
223, 27
223, 91
223, 155
223, 219
223, 28
223, 92
223, 156
223, 220
223, 29
223, 93
223, 157
223, 221
223, 30
223, 94
223, 158
223, 222
223, 31
223, 95
223, 159
223, 223
223, 32
223, 96
223, 160
223, 224
223, 225
223, 33
223, 97
223, 161
223, 226
223, 34
223, 98
223, 162
223, 227
223, 35
223, 99
223, 163
223, 228
223, 36
223, 100
223, 164
223, 229
223, 37
223, 101
223, 165
223, 230
223, 38
223, 102
223, 166
223, 231
223, 39
223, 103
223, 167
223, 232
223, 40
223, 104
223, 168
223, 233
223, 41
223, 105
223, 169
223, 234
223, 42
223, 106
223, 170
223, 235
223, 43
223, 107
223, 171
223, 236
223, 44
223, 108
223, 172
223, 237
223, 45
223, 109
223, 173
223, 238
223, 46
223, 110
223, 174
223, 239
223, 47
223, 111
223, 175
223, 240
223, 48
223, 112
223, 176
223, 241
223, 49
223, 113
223, 177
223, 242
223, 50
223, 114
223, 178
223, 243
223, 51
223, 115
223, 179
223, 244
223, 52
223, 116
223, 180
223, 245
223, 53
223, 117
223, 181
223, 246
223, 54
223, 118
223, 182
223, 247
223, 55
223, 119
223, 183
223, 248
223, 56
223, 120
223, 184
223, 249
223, 57
223, 121
223, 185
223, 250
223, 58
223, 122
223, 186
223, 59
223, 123
223, 187
223, 60
223, 124
223, 188
223, 61
223, 125
223, 189
223, 62
223, 126
223, 190
223, 63
223, 127
223, 191
159, 128
159, 64
159, 192
159, 129
159, 65
159, 1
159, 193
159, 194
159, 2
159, 66
159, 130
159, 195
159, 3
159, 67
159, 131
159, 196
159, 4
159, 68
159, 132
159, 197
159, 5
159, 69
159, 133
159, 198
159, 6
159, 70
159, 134
159, 199
159, 7
159, 71
159, 135
159, 200
159, 8
159, 72
159, 136
159, 201
159, 9
159, 73
159, 137
159, 202
159, 10
159, 74
159, 138
159, 203
159, 11
159, 75
159, 139
159, 204
159, 12
159, 76
159, 140
159, 205
159, 13
159, 77
159, 141
159, 206
159, 14
159, 78
159, 142
159, 207
159, 15
159, 79
159, 143
159, 208
159, 16
159, 80
159, 144
159, 209
159, 17
159, 81
159, 145
159, 210
159, 18
159, 82
159, 146
159, 211
159, 19
159, 83
159, 147
159, 212
159, 20
159, 84
159, 148
159, 213
159, 21
159, 85
159, 149
159, 214
159, 22
159, 86
159, 150
159, 215
159, 23
159, 87
159, 151
159, 216
159, 24
159, 88
159, 152
159, 217
159, 25
159, 89
159, 153
159, 218
159, 26
159, 90
159, 154
159, 219
159, 27
159, 91
159, 155
159, 220
159, 28
159, 92
159, 156
159, 221
159, 29
159, 93
159, 157
159, 222
159, 30
159, 94
159, 158
159, 223
159, 31
159, 95
159, 159
159, 224
159, 32
159, 96
159, 160
159, 161
159, 225
159, 33
159, 97
159, 162
159, 226
159, 34
159, 98
159, 163
159, 227
159, 35
159, 99
159, 164
159, 228
159, 36
159, 100
159, 165
159, 229
159, 37
159, 101
159, 166
159, 230
159, 38
159, 102
159, 167
159, 231
159, 39
159, 103
159, 168
159, 232
159, 40
159, 104
159, 169
159, 233
159, 41
159, 105
159, 170
159, 234
159, 42
159, 106
159, 171
159, 235
159, 43
159, 107
159, 172
159, 236
159, 44
159, 108
159, 173
159, 237
159, 45
159, 109
159, 174
159, 238
159, 46
159, 110
159, 175
159, 239
159, 47
159, 111
159, 176
159, 240
159, 48
159, 112
159, 177
159, 241
159, 49
159, 113
159, 178
159, 242
159, 50
159, 114
159, 179
159, 243
159, 51
159, 115
159, 180
159, 244
159, 52
159, 116
159, 181
159, 245
159, 53
159, 117
159, 182
159, 246
159, 54
159, 118
159, 183
159, 247
159, 55
159, 119
159, 184
159, 248
159, 56
159, 120
159, 185
159, 249
159, 57
159, 121
159, 186
159, 250
159, 58
159, 122
159, 187
159, 59
159, 123
159, 188
159, 60
159, 124
159, 189
159, 61
159, 125
159, 190
159, 62
159, 126
159, 191
159, 63
159, 127
95, 64
95, 192
95, 128
95, 65
95, 1
95, 193
95, 129
95, 130
95, 194
95, 2
95, 66
95, 131
95, 195
95, 3
95, 67
95, 132
95, 196
95, 4
95, 68
95, 133
95, 197
95, 5
95, 69
95, 134
95, 198
95, 6
95, 70
95, 135
95, 199
95, 7
95, 71
95, 136
95, 200
95, 8
95, 72
95, 137
95, 201
95, 9
95, 73
95, 138
95, 202
95, 10
95, 74
95, 139
95, 203
95, 11
95, 75
95, 140
95, 204
95, 12
95, 76
95, 141
95, 205
95, 13
95, 77
95, 142
95, 206
95, 14
95, 78
95, 143
95, 207
95, 15
95, 79
95, 144
95, 208
95, 16
95, 80
95, 145
95, 209
95, 17
95, 81
95, 146
95, 210
95, 18
95, 82
95, 147
95, 211
95, 19
95, 83
95, 148
95, 212
95, 20
95, 84
95, 149
95, 213
95, 21
95, 85
95, 150
95, 214
95, 22
95, 86
95, 151
95, 215
95, 23
95, 87
95, 152
95, 216
95, 24
95, 88
95, 153
95, 217
95, 25
95, 89
95, 154
95, 218
95, 26
95, 90
95, 155
95, 219
95, 27
95, 91
95, 156
95, 220
95, 28
95, 92
95, 157
95, 221
95, 29
95, 93
95, 158
95, 222
95, 30
95, 94
95, 159
95, 223
95, 31
95, 95
95, 160
95, 224
95, 32
95, 96
95, 97
95, 161
95, 225
95, 33
95, 98
95, 162
95, 226
95, 34
95, 99
95, 163
95, 227
95, 35
95, 100
95, 164
95, 228
95, 36
95, 101
95, 165
95, 229
95, 37
95, 102
95, 166
95, 230
95, 38
95, 103
95, 167
95, 231
95, 39
95, 104
95, 168
95, 232
95, 40
95, 105
95, 169
95, 233
95, 41
95, 106
95, 170
95, 234
95, 42
95, 107
95, 171
95, 235
95, 43
95, 108
95, 172
95, 236
95, 44
95, 109
95, 173
95, 237
95, 45
95, 110
95, 174
95, 238
95, 46
95, 111
95, 175
95, 239
95, 47
95, 112
95, 176
95, 240
95, 48
95, 113
95, 177
95, 241
95, 49
95, 114
95, 178
95, 242
95, 50
95, 115
95, 179
95, 243
95, 51
95, 116
95, 180
95, 244
95, 52
95, 117
95, 181
95, 245
95, 53
95, 118
95, 182
95, 246
95, 54
95, 119
95, 183
95, 247
95, 55
95, 120
95, 184
95, 248
95, 56
95, 121
95, 185
95, 249
95, 57
95, 122
95, 186
95, 250
95, 58
95, 123
95, 187
95, 59
95, 124
95, 188
95, 60
95, 125
95, 189
95, 61
95, 126
95, 190
95, 62
95, 127
95, 191
95, 63
31, 192
31, 128
31, 64
31, 1
31, 193
31, 129
31, 65
31, 66
31, 130
31, 194
31, 2
31, 67
31, 131
31, 195
31, 3
31, 68
31, 132
31, 196
31, 4
31, 69
31, 133
31, 197
31, 5
31, 70
31, 134
31, 198
31, 6
31, 71
31, 135
31, 199
31, 7
31, 72
31, 136
31, 200
31, 8
31, 73
31, 137
31, 201
31, 9
31, 74
31, 138
31, 202
31, 10
31, 75
31, 139
31, 203
31, 11
31, 76
31, 140
31, 204
31, 12
31, 77
31, 141
31, 205
31, 13
31, 78
31, 142
31, 206
31, 14
31, 79
31, 143
31, 207
31, 15
31, 80
31, 144
31, 208
31, 16
31, 81
31, 145
31, 209
31, 17
31, 82
31, 146
31, 210
31, 18
31, 83
31, 147
31, 211
31, 19
31, 84
31, 148
31, 212
31, 20
31, 85
31, 149
31, 213
31, 21
31, 86
31, 150
31, 214
31, 22
31, 87
31, 151
31, 215
31, 23
31, 88
31, 152
31, 216
31, 24
31, 89
31, 153
31, 217
31, 25
31, 90
31, 154
31, 218
31, 26
31, 91
31, 155
31, 219
31, 27
31, 92
31, 156
31, 220
31, 28
31, 93
31, 157
31, 221
31, 29
31, 94
31, 158
31, 222
31, 30
31, 95
31, 159
31, 223
31, 31
31, 96
31, 160
31, 224
31, 32
31, 33
31, 97
31, 161
31, 225
31, 34
31, 98
31, 162
31, 226
31, 35
31, 99
31, 163
31, 227
31, 36
31, 100
31, 164
31, 228
31, 37
31, 101
31, 165
31, 229
31, 38
31, 102
31, 166
31, 230
31, 39
31, 103
31, 167
31, 231
31, 40
31, 104
31, 168
31, 232
31, 41
31, 105
31, 169
31, 233
31, 42
31, 106
31, 170
31, 234
31, 43
31, 107
31, 171
31, 235
31, 44
31, 108
31, 172
31, 236
31, 45
31, 109
31, 173
31, 237
31, 46
31, 110
31, 174
31, 238
31, 47
31, 111
31, 175
31, 239
31, 48
31, 112
31, 176
31, 240
31, 49
31, 113
31, 177
31, 241
31, 50
31, 114
31, 178
31, 242
31, 51
31, 115
31, 179
31, 243
31, 52
31, 116
31, 180
31, 244
31, 53
31, 117
31, 181
31, 245
31, 54
31, 118
31, 182
31, 246
31, 55
31, 119
31, 183
31, 247
31, 56
31, 120
31, 184
31, 248
31, 57
31, 121
31, 185
31, 249
31, 58
31, 122
31, 186
31, 250
31, 59
31, 123
31, 187
31, 60
31, 124
31, 188
31, 61
31, 125
31, 189
31, 62
31, 126
31, 190
31, 63
31, 127
31, 191
224, 192
224, 128
224, 64
224, 193
224, 129
224, 65
224, 1
224, 2
224, 66
224, 130
224, 194
224, 3
224, 67
224, 131
224, 195
224, 4
224, 68
224, 132
224, 196
224, 5
224, 69
224, 133
224, 197
224, 6
224, 70
224, 134
224, 198
224, 7
224, 71
224, 135
224, 199
224, 8
224, 72
224, 136
224, 200
224, 9
224, 73
224, 137
224, 201
224, 10
224, 74
224, 138
224, 202
224, 11
224, 75
224, 139
224, 203
224, 12
224, 76
224, 140
224, 204
224, 13
224, 77
224, 141
224, 205
224, 14
224, 78
224, 142
224, 206
224, 15
224, 79
224, 143
224, 207
224, 16
224, 80
224, 144
224, 208
224, 17
224, 81
224, 145
224, 209
224, 18
224, 82
224, 146
224, 210
224, 19
224, 83
224, 147
224, 211
224, 20
224, 84
224, 148
224, 212
224, 21
224, 85
224, 149
224, 213
224, 22
224, 86
224, 150
224, 214
224, 23
224, 87
224, 151
224, 215
224, 24
224, 88
224, 152
224, 216
224, 25
224, 89
224, 153
224, 217
224, 26
224, 90
224, 154
224, 218
224, 27
224, 91
224, 155
224, 219
224, 28
224, 92
224, 156
224, 220
224, 29
224, 93
224, 157
224, 221
224, 30
224, 94
224, 158
224, 222
224, 31
224, 95
224, 159
224, 223
224, 32
224, 96
224, 160
224, 224
224, 33
224, 97
224, 161
224, 225
224, 226
224, 34
224, 98
224, 162
224, 227
224, 35
224, 99
224, 163
224, 228
224, 36
224, 100
224, 164
224, 229
224, 37
224, 101
224, 165
224, 230
224, 38
224, 102
224, 166
224, 231
224, 39
224, 103
224, 167
224, 232
224, 40
224, 104
224, 168
224, 233
224, 41
224, 105
224, 169
224, 234
224, 42
224, 106
224, 170
224, 235
224, 43
224, 107
224, 171
224, 236
224, 44
224, 108
224, 172
224, 237
224, 45
224, 109
224, 173
224, 238
224, 46
224, 110
224, 174
224, 239
224, 47
224, 111
224, 175
224, 240
224, 48
224, 112
224, 176
224, 241
224, 49
224, 113
224, 177
224, 242
224, 50
224, 114
224, 178
224, 243
224, 51
224, 115
224, 179
224, 244
224, 52
224, 116
224, 180
224, 245
224, 53
224, 117
224, 181
224, 246
224, 54
224, 118
224, 182
224, 247
224, 55
224, 119
224, 183
224, 248
224, 56
224, 120
224, 184
224, 249
224, 57
224, 121
224, 185
224, 250
224, 58
224, 122
224, 186
224, 59
224, 123
224, 187
224, 60
224, 124
224, 188
224, 61
224, 125
224, 189
224, 62
224, 126
224, 190
224, 63
224, 127
224, 191
160, 128
160, 64
160, 192
160, 129
160, 65
160, 1
160, 193
160, 194
160, 2
160, 66
160, 130
160, 195
160, 3
160, 67
160, 131
160, 196
160, 4
160, 68
160, 132
160, 197
160, 5
160, 69
160, 133
160, 198
160, 6
160, 70
160, 134
160, 199
160, 7
160, 71
160, 135
160, 200
160, 8
160, 72
160, 136
160, 201
160, 9
160, 73
160, 137
160, 202
160, 10
160, 74
160, 138
160, 203
160, 11
160, 75
160, 139
160, 204
160, 12
160, 76
160, 140
160, 205
160, 13
160, 77
160, 141
160, 206
160, 14
160, 78
160, 142
160, 207
160, 15
160, 79
160, 143
160, 208
160, 16
160, 80
160, 144
160, 209
160, 17
160, 81
160, 145
160, 210
160, 18
160, 82
160, 146
160, 211
160, 19
160, 83
160, 147
160, 212
160, 20
160, 84
160, 148
160, 213
160, 21
160, 85
160, 149
160, 214
160, 22
160, 86
160, 150
160, 215
160, 23
160, 87
160, 151
160, 216
160, 24
160, 88
160, 152
160, 217
160, 25
160, 89
160, 153
160, 218
160, 26
160, 90
160, 154
160, 219
160, 27
160, 91
160, 155
160, 220
160, 28
160, 92
160, 156
160, 221
160, 29
160, 93
160, 157
160, 222
160, 30
160, 94
160, 158
160, 223
160, 31
160, 95
160, 159
160, 224
160, 32
160, 96
160, 160
160, 225
160, 33
160, 97
160, 161
160, 162
160, 226
160, 34
160, 98
160, 163
160, 227
160, 35
160, 99
160, 164
160, 228
160, 36
160, 100
160, 165
160, 229
160, 37
160, 101
160, 166
160, 230
160, 38
160, 102
160, 167
160, 231
160, 39
160, 103
160, 168
160, 232
160, 40
160, 104
160, 169
160, 233
160, 41
160, 105
160, 170
160, 234
160, 42
160, 106
160, 171
160, 235
160, 43
160, 107
160, 172
160, 236
160, 44
160, 108
160, 173
160, 237
160, 45
160, 109
160, 174
160, 238
160, 46
160, 110
160, 175
160, 239
160, 47
160, 111
160, 176
160, 240
160, 48
160, 112
160, 177
160, 241
160, 49
160, 113
160, 178
160, 242
160, 50
160, 114
160, 179
160, 243
160, 51
160, 115
160, 180
160, 244
160, 52
160, 116
160, 181
160, 245
160, 53
160, 117
160, 182
160, 246
160, 54
160, 118
160, 183
160, 247
160, 55
160, 119
160, 184
160, 248
160, 56
160, 120
160, 185
160, 249
160, 57
160, 121
160, 186
160, 250
160, 58
160, 122
160, 187
160, 59
160, 123
160, 188
160, 60
160, 124
160, 189
160, 61
160, 125
160, 190
160, 62
160, 126
160, 191
160, 63
160, 127
96, 64
96, 192
96, 128
96, 65
96, 1
96, 193
96, 129
96, 130
96, 194
96, 2
96, 66
96, 131
96, 195
96, 3
96, 67
96, 132
96, 196
96, 4
96, 68
96, 133
96, 197
96, 5
96, 69
96, 134
96, 198
96, 6
96, 70
96, 135
96, 199
96, 7
96, 71
96, 136
96, 200
96, 8
96, 72
96, 137
96, 201
96, 9
96, 73
96, 138
96, 202
96, 10
96, 74
96, 139
96, 203
96, 11
96, 75
96, 140
96, 204
96, 12
96, 76
96, 141
96, 205
96, 13
96, 77
96, 142
96, 206
96, 14
96, 78
96, 143
96, 207
96, 15
96, 79
96, 144
96, 208
96, 16
96, 80
96, 145
96, 209
96, 17
96, 81
96, 146
96, 210
96, 18
96, 82
96, 147
96, 211
96, 19
96, 83
96, 148
96, 212
96, 20
96, 84
96, 149
96, 213
96, 21
96, 85
96, 150
96, 214
96, 22
96, 86
96, 151
96, 215
96, 23
96, 87
96, 152
96, 216
96, 24
96, 88
96, 153
96, 217
96, 25
96, 89
96, 154
96, 218
96, 26
96, 90
96, 155
96, 219
96, 27
96, 91
96, 156
96, 220
96, 28
96, 92
96, 157
96, 221
96, 29
96, 93
96, 158
96, 222
96, 30
96, 94
96, 159
96, 223
96, 31
96, 95
96, 160
96, 224
96, 32
96, 96
96, 161
96, 225
96, 33
96, 97
96, 98
96, 162
96, 226
96, 34
96, 99
96, 163
96, 227
96, 35
96, 100
96, 164
96, 228
96, 36
96, 101
96, 165
96, 229
96, 37
96, 102
96, 166
96, 230
96, 38
96, 103
96, 167
96, 231
96, 39
96, 104
96, 168
96, 232
96, 40
96, 105
96, 169
96, 233
96, 41
96, 106
96, 170
96, 234
96, 42
96, 107
96, 171
96, 235
96, 43
96, 108
96, 172
96, 236
96, 44
96, 109
96, 173
96, 237
96, 45
96, 110
96, 174
96, 238
96, 46
96, 111
96, 175
96, 239
96, 47
96, 112
96, 176
96, 240
96, 48
96, 113
96, 177
96, 241
96, 49
96, 114
96, 178
96, 242
96, 50
96, 115
96, 179
96, 243
96, 51
96, 116
96, 180
96, 244
96, 52
96, 117
96, 181
96, 245
96, 53
96, 118
96, 182
96, 246
96, 54
96, 119
96, 183
96, 247
96, 55
96, 120
96, 184
96, 248
96, 56
96, 121
96, 185
96, 249
96, 57
96, 122
96, 186
96, 250
96, 58
96, 123
96, 187
96, 59
96, 124
96, 188
96, 60
96, 125
96, 189
96, 61
96, 126
96, 190
96, 62
96, 127
96, 191
96, 63
32, 192
32, 128
32, 64
32, 1
32, 193
32, 129
32, 65
32, 66
32, 130
32, 194
32, 2
32, 67
32, 131
32, 195
32, 3
32, 68
32, 132
32, 196
32, 4
32, 69
32, 133
32, 197
32, 5
32, 70
32, 134
32, 198
32, 6
32, 71
32, 135
32, 199
32, 7
32, 72
32, 136
32, 200
32, 8
32, 73
32, 137
32, 201
32, 9
32, 74
32, 138
32, 202
32, 10
32, 75
32, 139
32, 203
32, 11
32, 76
32, 140
32, 204
32, 12
32, 77
32, 141
32, 205
32, 13
32, 78
32, 142
32, 206
32, 14
32, 79
32, 143
32, 207
32, 15
32, 80
32, 144
32, 208
32, 16
32, 81
32, 145
32, 209
32, 17
32, 82
32, 146
32, 210
32, 18
32, 83
32, 147
32, 211
32, 19
32, 84
32, 148
32, 212
32, 20
32, 85
32, 149
32, 213
32, 21
32, 86
32, 150
32, 214
32, 22
32, 87
32, 151
32, 215
32, 23
32, 88
32, 152
32, 216
32, 24
32, 89
32, 153
32, 217
32, 25
32, 90
32, 154
32, 218
32, 26
32, 91
32, 155
32, 219
32, 27
32, 92
32, 156
32, 220
32, 28
32, 93
32, 157
32, 221
32, 29
32, 94
32, 158
32, 222
32, 30
32, 95
32, 159
32, 223
32, 31
32, 96
32, 160
32, 224
32, 32
32, 97
32, 161
32, 225
32, 33
32, 34
32, 98
32, 162
32, 226
32, 35
32, 99
32, 163
32, 227
32, 36
32, 100
32, 164
32, 228
32, 37
32, 101
32, 165
32, 229
32, 38
32, 102
32, 166
32, 230
32, 39
32, 103
32, 167
32, 231
32, 40
32, 104
32, 168
32, 232
32, 41
32, 105
32, 169
32, 233
32, 42
32, 106
32, 170
32, 234
32, 43
32, 107
32, 171
32, 235
32, 44
32, 108
32, 172
32, 236
32, 45
32, 109
32, 173
32, 237
32, 46
32, 110
32, 174
32, 238
32, 47
32, 111
32, 175
32, 239
32, 48
32, 112
32, 176
32, 240
32, 49
32, 113
32, 177
32, 241
32, 50
32, 114
32, 178
32, 242
32, 51
32, 115
32, 179
32, 243
32, 52
32, 116
32, 180
32, 244
32, 53
32, 117
32, 181
32, 245
32, 54
32, 118
32, 182
32, 246
32, 55
32, 119
32, 183
32, 247
32, 56
32, 120
32, 184
32, 248
32, 57
32, 121
32, 185
32, 249
32, 58
32, 122
32, 186
32, 250
32, 59
32, 123
32, 187
32, 60
32, 124
32, 188
32, 61
32, 125
32, 189
32, 62
32, 126
32, 190
32, 63
32, 127
32, 191
225, 192
225, 128
225, 64
225, 193
225, 129
225, 65
225, 1
225, 2
225, 66
225, 130
225, 194
225, 3
225, 67
225, 131
225, 195
225, 4
225, 68
225, 132
225, 196
225, 5
225, 69
225, 133
225, 197
225, 6
225, 70
225, 134
225, 198
225, 7
225, 71
225, 135
225, 199
225, 8
225, 72
225, 136
225, 200
225, 9
225, 73
225, 137
225, 201
225, 10
225, 74
225, 138
225, 202
225, 11
225, 75
225, 139
225, 203
225, 12
225, 76
225, 140
225, 204
225, 13
225, 77
225, 141
225, 205
225, 14
225, 78
225, 142
225, 206
225, 15
225, 79
225, 143
225, 207
225, 16
225, 80
225, 144
225, 208
225, 17
225, 81
225, 145
225, 209
225, 18
225, 82
225, 146
225, 210
225, 19
225, 83
225, 147
225, 211
225, 20
225, 84
225, 148
225, 212
225, 21
225, 85
225, 149
225, 213
225, 22
225, 86
225, 150
225, 214
225, 23
225, 87
225, 151
225, 215
225, 24
225, 88
225, 152
225, 216
225, 25
225, 89
225, 153
225, 217
225, 26
225, 90
225, 154
225, 218
225, 27
225, 91
225, 155
225, 219
225, 28
225, 92
225, 156
225, 220
225, 29
225, 93
225, 157
225, 221
225, 30
225, 94
225, 158
225, 222
225, 31
225, 95
225, 159
225, 223
225, 32
225, 96
225, 160
225, 224
225, 33
225, 97
225, 161
225, 225
225, 34
225, 98
225, 162
225, 226
225, 227
225, 35
225, 99
225, 163
225, 228
225, 36
225, 100
225, 164
225, 229
225, 37
225, 101
225, 165
225, 230
225, 38
225, 102
225, 166
225, 231
225, 39
225, 103
225, 167
225, 232
225, 40
225, 104
225, 168
225, 233
225, 41
225, 105
225, 169
225, 234
225, 42
225, 106
225, 170
225, 235
225, 43
225, 107
225, 171
225, 236
225, 44
225, 108
225, 172
225, 237
225, 45
225, 109
225, 173
225, 238
225, 46
225, 110
225, 174
225, 239
225, 47
225, 111
225, 175
225, 240
225, 48
225, 112
225, 176
225, 241
225, 49
225, 113
225, 177
225, 242
225, 50
225, 114
225, 178
225, 243
225, 51
225, 115
225, 179
225, 244
225, 52
225, 116
225, 180
225, 245
225, 53
225, 117
225, 181
225, 246
225, 54
225, 118
225, 182
225, 247
225, 55
225, 119
225, 183
225, 248
225, 56
225, 120
225, 184
225, 249
225, 57
225, 121
225, 185
225, 250
225, 58
225, 122
225, 186
225, 59
225, 123
225, 187
225, 60
225, 124
225, 188
225, 61
225, 125
225, 189
225, 62
225, 126
225, 190
225, 63
225, 127
225, 191
161, 128
161, 64
161, 192
161, 129
161, 65
161, 1
161, 193
161, 194
161, 2
161, 66
161, 130
161, 195
161, 3
161, 67
161, 131
161, 196
161, 4
161, 68
161, 132
161, 197
161, 5
161, 69
161, 133
161, 198
161, 6
161, 70
161, 134
161, 199
161, 7
161, 71
161, 135
161, 200
161, 8
161, 72
161, 136
161, 201
161, 9
161, 73
161, 137
161, 202
161, 10
161, 74
161, 138
161, 203
161, 11
161, 75
161, 139
161, 204
161, 12
161, 76
161, 140
161, 205
161, 13
161, 77
161, 141
161, 206
161, 14
161, 78
161, 142
161, 207
161, 15
161, 79
161, 143
161, 208
161, 16
161, 80
161, 144
161, 209
161, 17
161, 81
161, 145
161, 210
161, 18
161, 82
161, 146
161, 211
161, 19
161, 83
161, 147
161, 212
161, 20
161, 84
161, 148
161, 213
161, 21
161, 85
161, 149
161, 214
161, 22
161, 86
161, 150
161, 215
161, 23
161, 87
161, 151
161, 216
161, 24
161, 88
161, 152
161, 217
161, 25
161, 89
161, 153
161, 218
161, 26
161, 90
161, 154
161, 219
161, 27
161, 91
161, 155
161, 220
161, 28
161, 92
161, 156
161, 221
161, 29
161, 93
161, 157
161, 222
161, 30
161, 94
161, 158
161, 223
161, 31
161, 95
161, 159
161, 224
161, 32
161, 96
161, 160
161, 225
161, 33
161, 97
161, 161
161, 226
161, 34
161, 98
161, 162
161, 163
161, 227
161, 35
161, 99
161, 164
161, 228
161, 36
161, 100
161, 165
161, 229
161, 37
161, 101
161, 166
161, 230
161, 38
161, 102
161, 167
161, 231
161, 39
161, 103
161, 168
161, 232
161, 40
161, 104
161, 169
161, 233
161, 41
161, 105
161, 170
161, 234
161, 42
161, 106
161, 171
161, 235
161, 43
161, 107
161, 172
161, 236
161, 44
161, 108
161, 173
161, 237
161, 45
161, 109
161, 174
161, 238
161, 46
161, 110
161, 175
161, 239
161, 47
161, 111
161, 176
161, 240
161, 48
161, 112
161, 177
161, 241
161, 49
161, 113
161, 178
161, 242
161, 50
161, 114
161, 179
161, 243
161, 51
161, 115
161, 180
161, 244
161, 52
161, 116
161, 181
161, 245
161, 53
161, 117
161, 182
161, 246
161, 54
161, 118
161, 183
161, 247
161, 55
161, 119
161, 184
161, 248
161, 56
161, 120
161, 185
161, 249
161, 57
161, 121
161, 186
161, 250
161, 58
161, 122
161, 187
161, 59
161, 123
161, 188
161, 60
161, 124
161, 189
161, 61
161, 125
161, 190
161, 62
161, 126
161, 191
161, 63
161, 127
97, 64
97, 192
97, 128
97, 65
97, 1
97, 193
97, 129
97, 130
97, 194
97, 2
97, 66
97, 131
97, 195
97, 3
97, 67
97, 132
97, 196
97, 4
97, 68
97, 133
97, 197
97, 5
97, 69
97, 134
97, 198
97, 6
97, 70
97, 135
97, 199
97, 7
97, 71
97, 136
97, 200
97, 8
97, 72
97, 137
97, 201
97, 9
97, 73
97, 138
97, 202
97, 10
97, 74
97, 139
97, 203
97, 11
97, 75
97, 140
97, 204
97, 12
97, 76
97, 141
97, 205
97, 13
97, 77
97, 142
97, 206
97, 14
97, 78
97, 143
97, 207
97, 15
97, 79
97, 144
97, 208
97, 16
97, 80
97, 145
97, 209
97, 17
97, 81
97, 146
97, 210
97, 18
97, 82
97, 147
97, 211
97, 19
97, 83
97, 148
97, 212
97, 20
97, 84
97, 149
97, 213
97, 21
97, 85
97, 150
97, 214
97, 22
97, 86
97, 151
97, 215
97, 23
97, 87
97, 152
97, 216
97, 24
97, 88
97, 153
97, 217
97, 25
97, 89
97, 154
97, 218
97, 26
97, 90
97, 155
97, 219
97, 27
97, 91
97, 156
97, 220
97, 28
97, 92
97, 157
97, 221
97, 29
97, 93
97, 158
97, 222
97, 30
97, 94
97, 159
97, 223
97, 31
97, 95
97, 160
97, 224
97, 32
97, 96
97, 161
97, 225
97, 33
97, 97
97, 162
97, 226
97, 34
97, 98
97, 99
97, 163
97, 227
97, 35
97, 100
97, 164
97, 228
97, 36
97, 101
97, 165
97, 229
97, 37
97, 102
97, 166
97, 230
97, 38
97, 103
97, 167
97, 231
97, 39
97, 104
97, 168
97, 232
97, 40
97, 105
97, 169
97, 233
97, 41
97, 106
97, 170
97, 234
97, 42
97, 107
97, 171
97, 235
97, 43
97, 108
97, 172
97, 236
97, 44
97, 109
97, 173
97, 237
97, 45
97, 110
97, 174
97, 238
97, 46
97, 111
97, 175
97, 239
97, 47
97, 112
97, 176
97, 240
97, 48
97, 113
97, 177
97, 241
97, 49
97, 114
97, 178
97, 242
97, 50
97, 115
97, 179
97, 243
97, 51
97, 116
97, 180
97, 244
97, 52
97, 117
97, 181
97, 245
97, 53
97, 118
97, 182
97, 246
97, 54
97, 119
97, 183
97, 247
97, 55
97, 120
97, 184
97, 248
97, 56
97, 121
97, 185
97, 249
97, 57
97, 122
97, 186
97, 250
97, 58
97, 123
97, 187
97, 59
97, 124
97, 188
97, 60
97, 125
97, 189
97, 61
97, 126
97, 190
97, 62
97, 127
97, 191
97, 63
33, 192
33, 128
33, 64
33, 1
33, 193
33, 129
33, 65
33, 66
33, 130
33, 194
33, 2
33, 67
33, 131
33, 195
33, 3
33, 68
33, 132
33, 196
33, 4
33, 69
33, 133
33, 197
33, 5
33, 70
33, 134
33, 198
33, 6
33, 71
33, 135
33, 199
33, 7
33, 72
33, 136
33, 200
33, 8
33, 73
33, 137
33, 201
33, 9
33, 74
33, 138
33, 202
33, 10
33, 75
33, 139
33, 203
33, 11
33, 76
33, 140
33, 204
33, 12
33, 77
33, 141
33, 205
33, 13
33, 78
33, 142
33, 206
33, 14
33, 79
33, 143
33, 207
33, 15
33, 80
33, 144
33, 208
33, 16
33, 81
33, 145
33, 209
33, 17
33, 82
33, 146
33, 210
33, 18
33, 83
33, 147
33, 211
33, 19
33, 84
33, 148
33, 212
33, 20
33, 85
33, 149
33, 213
33, 21
33, 86
33, 150
33, 214
33, 22
33, 87
33, 151
33, 215
33, 23
33, 88
33, 152
33, 216
33, 24
33, 89
33, 153
33, 217
33, 25
33, 90
33, 154
33, 218
33, 26
33, 91
33, 155
33, 219
33, 27
33, 92
33, 156
33, 220
33, 28
33, 93
33, 157
33, 221
33, 29
33, 94
33, 158
33, 222
33, 30
33, 95
33, 159
33, 223
33, 31
33, 96
33, 160
33, 224
33, 32
33, 97
33, 161
33, 225
33, 33
33, 98
33, 162
33, 226
33, 34
33, 35
33, 99
33, 163
33, 227
33, 36
33, 100
33, 164
33, 228
33, 37
33, 101
33, 165
33, 229
33, 38
33, 102
33, 166
33, 230
33, 39
33, 103
33, 167
33, 231
33, 40
33, 104
33, 168
33, 232
33, 41
33, 105
33, 169
33, 233
33, 42
33, 106
33, 170
33, 234
33, 43
33, 107
33, 171
33, 235
33, 44
33, 108
33, 172
33, 236
33, 45
33, 109
33, 173
33, 237
33, 46
33, 110
33, 174
33, 238
33, 47
33, 111
33, 175
33, 239
33, 48
33, 112
33, 176
33, 240
33, 49
33, 113
33, 177
33, 241
33, 50
33, 114
33, 178
33, 242
33, 51
33, 115
33, 179
33, 243
33, 52
33, 116
33, 180
33, 244
33, 53
33, 117
33, 181
33, 245
33, 54
33, 118
33, 182
33, 246
33, 55
33, 119
33, 183
33, 247
33, 56
33, 120
33, 184
33, 248
33, 57
33, 121
33, 185
33, 249
33, 58
33, 122
33, 186
33, 250
33, 59
33, 123
33, 187
33, 60
33, 124
33, 188
33, 61
33, 125
33, 189
33, 62
33, 126
33, 190
33, 63
33, 127
33, 191
226, 192
226, 128
226, 64
226, 193
226, 129
226, 65
226, 1
226, 2
226, 66
226, 130
226, 194
226, 3
226, 67
226, 131
226, 195
226, 4
226, 68
226, 132
226, 196
226, 5
226, 69
226, 133
226, 197
226, 6
226, 70
226, 134
226, 198
226, 7
226, 71
226, 135
226, 199
226, 8
226, 72
226, 136
226, 200
226, 9
226, 73
226, 137
226, 201
226, 10
226, 74
226, 138
226, 202
226, 11
226, 75
226, 139
226, 203
226, 12
226, 76
226, 140
226, 204
226, 13
226, 77
226, 141
226, 205
226, 14
226, 78
226, 142
226, 206
226, 15
226, 79
226, 143
226, 207
226, 16
226, 80
226, 144
226, 208
226, 17
226, 81
226, 145
226, 209
226, 18
226, 82
226, 146
226, 210
226, 19
226, 83
226, 147
226, 211
226, 20
226, 84
226, 148
226, 212
226, 21
226, 85
226, 149
226, 213
226, 22
226, 86
226, 150
226, 214
226, 23
226, 87
226, 151
226, 215
226, 24
226, 88
226, 152
226, 216
226, 25
226, 89
226, 153
226, 217
226, 26
226, 90
226, 154
226, 218
226, 27
226, 91
226, 155
226, 219
226, 28
226, 92
226, 156
226, 220
226, 29
226, 93
226, 157
226, 221
226, 30
226, 94
226, 158
226, 222
226, 31
226, 95
226, 159
226, 223
226, 32
226, 96
226, 160
226, 224
226, 33
226, 97
226, 161
226, 225
226, 34
226, 98
226, 162
226, 226
226, 35
226, 99
226, 163
226, 227
226, 228
226, 36
226, 100
226, 164
226, 229
226, 37
226, 101
226, 165
226, 230
226, 38
226, 102
226, 166
226, 231
226, 39
226, 103
226, 167
226, 232
226, 40
226, 104
226, 168
226, 233
226, 41
226, 105
226, 169
226, 234
226, 42
226, 106
226, 170
226, 235
226, 43
226, 107
226, 171
226, 236
226, 44
226, 108
226, 172
226, 237
226, 45
226, 109
226, 173
226, 238
226, 46
226, 110
226, 174
226, 239
226, 47
226, 111
226, 175
226, 240
226, 48
226, 112
226, 176
226, 241
226, 49
226, 113
226, 177
226, 242
226, 50
226, 114
226, 178
226, 243
226, 51
226, 115
226, 179
226, 244
226, 52
226, 116
226, 180
226, 245
226, 53
226, 117
226, 181
226, 246
226, 54
226, 118
226, 182
226, 247
226, 55
226, 119
226, 183
226, 248
226, 56
226, 120
226, 184
226, 249
226, 57
226, 121
226, 185
226, 250
226, 58
226, 122
226, 186
226, 59
226, 123
226, 187
226, 60
226, 124
226, 188
226, 61
226, 125
226, 189
226, 62
226, 126
226, 190
226, 63
226, 127
226, 191
162, 128
162, 64
162, 192
162, 129
162, 65
162, 1
162, 193
162, 194
162, 2
162, 66
162, 130
162, 195
162, 3
162, 67
162, 131
162, 196
162, 4
162, 68
162, 132
162, 197
162, 5
162, 69
162, 133
162, 198
162, 6
162, 70
162, 134
162, 199
162, 7
162, 71
162, 135
162, 200
162, 8
162, 72
162, 136
162, 201
162, 9
162, 73
162, 137
162, 202
162, 10
162, 74
162, 138
162, 203
162, 11
162, 75
162, 139
162, 204
162, 12
162, 76
162, 140
162, 205
162, 13
162, 77
162, 141
162, 206
162, 14
162, 78
162, 142
162, 207
162, 15
162, 79
162, 143
162, 208
162, 16
162, 80
162, 144
162, 209
162, 17
162, 81
162, 145
162, 210
162, 18
162, 82
162, 146
162, 211
162, 19
162, 83
162, 147
162, 212
162, 20
162, 84
162, 148
162, 213
162, 21
162, 85
162, 149
162, 214
162, 22
162, 86
162, 150
162, 215
162, 23
162, 87
162, 151
162, 216
162, 24
162, 88
162, 152
162, 217
162, 25
162, 89
162, 153
162, 218
162, 26
162, 90
162, 154
162, 219
162, 27
162, 91
162, 155
162, 220
162, 28
162, 92
162, 156
162, 221
162, 29
162, 93
162, 157
162, 222
162, 30
162, 94
162, 158
162, 223
162, 31
162, 95
162, 159
162, 224
162, 32
162, 96
162, 160
162, 225
162, 33
162, 97
162, 161
162, 226
162, 34
162, 98
162, 162
162, 227
162, 35
162, 99
162, 163
162, 164
162, 228
162, 36
162, 100
162, 165
162, 229
162, 37
162, 101
162, 166
162, 230
162, 38
162, 102
162, 167
162, 231
162, 39
162, 103
162, 168
162, 232
162, 40
162, 104
162, 169
162, 233
162, 41
162, 105
162, 170
162, 234
162, 42
162, 106
162, 171
162, 235
162, 43
162, 107
162, 172
162, 236
162, 44
162, 108
162, 173
162, 237
162, 45
162, 109
162, 174
162, 238
162, 46
162, 110
162, 175
162, 239
162, 47
162, 111
162, 176
162, 240
162, 48
162, 112
162, 177
162, 241
162, 49
162, 113
162, 178
162, 242
162, 50
162, 114
162, 179
162, 243
162, 51
162, 115
162, 180
162, 244
162, 52
162, 116
162, 181
162, 245
162, 53
162, 117
162, 182
162, 246
162, 54
162, 118
162, 183
162, 247
162, 55
162, 119
162, 184
162, 248
162, 56
162, 120
162, 185
162, 249
162, 57
162, 121
162, 186
162, 250
162, 58
162, 122
162, 187
162, 59
162, 123
162, 188
162, 60
162, 124
162, 189
162, 61
162, 125
162, 190
162, 62
162, 126
162, 191
162, 63
162, 127
98, 64
98, 192
98, 128
98, 65
98, 1
98, 193
98, 129
98, 130
98, 194
98, 2
98, 66
98, 131
98, 195
98, 3
98, 67
98, 132
98, 196
98, 4
98, 68
98, 133
98, 197
98, 5
98, 69
98, 134
98, 198
98, 6
98, 70
98, 135
98, 199
98, 7
98, 71
98, 136
98, 200
98, 8
98, 72
98, 137
98, 201
98, 9
98, 73
98, 138
98, 202
98, 10
98, 74
98, 139
98, 203
98, 11
98, 75
98, 140
98, 204
98, 12
98, 76
98, 141
98, 205
98, 13
98, 77
98, 142
98, 206
98, 14
98, 78
98, 143
98, 207
98, 15
98, 79
98, 144
98, 208
98, 16
98, 80
98, 145
98, 209
98, 17
98, 81
98, 146
98, 210
98, 18
98, 82
98, 147
98, 211
98, 19
98, 83
98, 148
98, 212
98, 20
98, 84
98, 149
98, 213
98, 21
98, 85
98, 150
98, 214
98, 22
98, 86
98, 151
98, 215
98, 23
98, 87
98, 152
98, 216
98, 24
98, 88
98, 153
98, 217
98, 25
98, 89
98, 154
98, 218
98, 26
98, 90
98, 155
98, 219
98, 27
98, 91
98, 156
98, 220
98, 28
98, 92
98, 157
98, 221
98, 29
98, 93
98, 158
98, 222
98, 30
98, 94
98, 159
98, 223
98, 31
98, 95
98, 160
98, 224
98, 32
98, 96
98, 161
98, 225
98, 33
98, 97
98, 162
98, 226
98, 34
98, 98
98, 163
98, 227
98, 35
98, 99
98, 100
98, 164
98, 228
98, 36
98, 101
98, 165
98, 229
98, 37
98, 102
98, 166
98, 230
98, 38
98, 103
98, 167
98, 231
98, 39
98, 104
98, 168
98, 232
98, 40
98, 105
98, 169
98, 233
98, 41
98, 106
98, 170
98, 234
98, 42
98, 107
98, 171
98, 235
98, 43
98, 108
98, 172
98, 236
98, 44
98, 109
98, 173
98, 237
98, 45
98, 110
98, 174
98, 238
98, 46
98, 111
98, 175
98, 239
98, 47
98, 112
98, 176
98, 240
98, 48
98, 113
98, 177
98, 241
98, 49
98, 114
98, 178
98, 242
98, 50
98, 115
98, 179
98, 243
98, 51
98, 116
98, 180
98, 244
98, 52
98, 117
98, 181
98, 245
98, 53
98, 118
98, 182
98, 246
98, 54
98, 119
98, 183
98, 247
98, 55
98, 120
98, 184
98, 248
98, 56
98, 121
98, 185
98, 249
98, 57
98, 122
98, 186
98, 250
98, 58
98, 123
98, 187
98, 59
98, 124
98, 188
98, 60
98, 125
98, 189
98, 61
98, 126
98, 190
98, 62
98, 127
98, 191
98, 63
34, 192
34, 128
34, 64
34, 1
34, 193
34, 129
34, 65
34, 66
34, 130
34, 194
34, 2
34, 67
34, 131
34, 195
34, 3
34, 68
34, 132
34, 196
34, 4
34, 69
34, 133
34, 197
34, 5
34, 70
34, 134
34, 198
34, 6
34, 71
34, 135
34, 199
34, 7
34, 72
34, 136
34, 200
34, 8
34, 73
34, 137
34, 201
34, 9
34, 74
34, 138
34, 202
34, 10
34, 75
34, 139
34, 203
34, 11
34, 76
34, 140
34, 204
34, 12
34, 77
34, 141
34, 205
34, 13
34, 78
34, 142
34, 206
34, 14
34, 79
34, 143
34, 207
34, 15
34, 80
34, 144
34, 208
34, 16
34, 81
34, 145
34, 209
34, 17
34, 82
34, 146
34, 210
34, 18
34, 83
34, 147
34, 211
34, 19
34, 84
34, 148
34, 212
34, 20
34, 85
34, 149
34, 213
34, 21
34, 86
34, 150
34, 214
34, 22
34, 87
34, 151
34, 215
34, 23
34, 88
34, 152
34, 216
34, 24
34, 89
34, 153
34, 217
34, 25
34, 90
34, 154
34, 218
34, 26
34, 91
34, 155
34, 219
34, 27
34, 92
34, 156
34, 220
34, 28
34, 93
34, 157
34, 221
34, 29
34, 94
34, 158
34, 222
34, 30
34, 95
34, 159
34, 223
34, 31
34, 96
34, 160
34, 224
34, 32
34, 97
34, 161
34, 225
34, 33
34, 98
34, 162
34, 226
34, 34
34, 99
34, 163
34, 227
34, 35
34, 36
34, 100
34, 164
34, 228
34, 37
34, 101
34, 165
34, 229
34, 38
34, 102
34, 166
34, 230
34, 39
34, 103
34, 167
34, 231
34, 40
34, 104
34, 168
34, 232
34, 41
34, 105
34, 169
34, 233
34, 42
34, 106
34, 170
34, 234
34, 43
34, 107
34, 171
34, 235
34, 44
34, 108
34, 172
34, 236
34, 45
34, 109
34, 173
34, 237
34, 46
34, 110
34, 174
34, 238
34, 47
34, 111
34, 175
34, 239
34, 48
34, 112
34, 176
34, 240
34, 49
34, 113
34, 177
34, 241
34, 50
34, 114
34, 178
34, 242
34, 51
34, 115
34, 179
34, 243
34, 52
34, 116
34, 180
34, 244
34, 53
34, 117
34, 181
34, 245
34, 54
34, 118
34, 182
34, 246
34, 55
34, 119
34, 183
34, 247
34, 56
34, 120
34, 184
34, 248
34, 57
34, 121
34, 185
34, 249
34, 58
34, 122
34, 186
34, 250
34, 59
34, 123
34, 187
34, 60
34, 124
34, 188
34, 61
34, 125
34, 189
34, 62
34, 126
34, 190
34, 63
34, 127
34, 191
227, 192
227, 128
227, 64
227, 193
227, 129
227, 65
227, 1
227, 2
227, 66
227, 130
227, 194
227, 3
227, 67
227, 131
227, 195
227, 4
227, 68
227, 132
227, 196
227, 5
227, 69
227, 133
227, 197
227, 6
227, 70
227, 134
227, 198
227, 7
227, 71
227, 135
227, 199
227, 8
227, 72
227, 136
227, 200
227, 9
227, 73
227, 137
227, 201
227, 10
227, 74
227, 138
227, 202
227, 11
227, 75
227, 139
227, 203
227, 12
227, 76
227, 140
227, 204
227, 13
227, 77
227, 141
227, 205
227, 14
227, 78
227, 142
227, 206
227, 15
227, 79
227, 143
227, 207
227, 16
227, 80
227, 144
227, 208
227, 17
227, 81
227, 145
227, 209
227, 18
227, 82
227, 146
227, 210
227, 19
227, 83
227, 147
227, 211
227, 20
227, 84
227, 148
227, 212
227, 21
227, 85
227, 149
227, 213
227, 22
227, 86
227, 150
227, 214
227, 23
227, 87
227, 151
227, 215
227, 24
227, 88
227, 152
227, 216
227, 25
227, 89
227, 153
227, 217
227, 26
227, 90
227, 154
227, 218
227, 27
227, 91
227, 155
227, 219
227, 28
227, 92
227, 156
227, 220
227, 29
227, 93
227, 157
227, 221
227, 30
227, 94
227, 158
227, 222
227, 31
227, 95
227, 159
227, 223
227, 32
227, 96
227, 160
227, 224
227, 33
227, 97
227, 161
227, 225
227, 34
227, 98
227, 162
227, 226
227, 35
227, 99
227, 163
227, 227
227, 36
227, 100
227, 164
227, 228
227, 229
227, 37
227, 101
227, 165
227, 230
227, 38
227, 102
227, 166
227, 231
227, 39
227, 103
227, 167
227, 232
227, 40
227, 104
227, 168
227, 233
227, 41
227, 105
227, 169
227, 234
227, 42
227, 106
227, 170
227, 235
227, 43
227, 107
227, 171
227, 236
227, 44
227, 108
227, 172
227, 237
227, 45
227, 109
227, 173
227, 238
227, 46
227, 110
227, 174
227, 239
227, 47
227, 111
227, 175
227, 240
227, 48
227, 112
227, 176
227, 241
227, 49
227, 113
227, 177
227, 242
227, 50
227, 114
227, 178
227, 243
227, 51
227, 115
227, 179
227, 244
227, 52
227, 116
227, 180
227, 245
227, 53
227, 117
227, 181
227, 246
227, 54
227, 118
227, 182
227, 247
227, 55
227, 119
227, 183
227, 248
227, 56
227, 120
227, 184
227, 249
227, 57
227, 121
227, 185
227, 250
227, 58
227, 122
227, 186
227, 59
227, 123
227, 187
227, 60
227, 124
227, 188
227, 61
227, 125
227, 189
227, 62
227, 126
227, 190
227, 63
227, 127
227, 191
163, 128
163, 64
163, 192
163, 129
163, 65
163, 1
163, 193
163, 194
163, 2
163, 66
163, 130
163, 195
163, 3
163, 67
163, 131
163, 196
163, 4
163, 68
163, 132
163, 197
163, 5
163, 69
163, 133
163, 198
163, 6
163, 70
163, 134
163, 199
163, 7
163, 71
163, 135
163, 200
163, 8
163, 72
163, 136
163, 201
163, 9
163, 73
163, 137
163, 202
163, 10
163, 74
163, 138
163, 203
163, 11
163, 75
163, 139
163, 204
163, 12
163, 76
163, 140
163, 205
163, 13
163, 77
163, 141
163, 206
163, 14
163, 78
163, 142
163, 207
163, 15
163, 79
163, 143
163, 208
163, 16
163, 80
163, 144
163, 209
163, 17
163, 81
163, 145
163, 210
163, 18
163, 82
163, 146
163, 211
163, 19
163, 83
163, 147
163, 212
163, 20
163, 84
163, 148
163, 213
163, 21
163, 85
163, 149
163, 214
163, 22
163, 86
163, 150
163, 215
163, 23
163, 87
163, 151
163, 216
163, 24
163, 88
163, 152
163, 217
163, 25
163, 89
163, 153
163, 218
163, 26
163, 90
163, 154
163, 219
163, 27
163, 91
163, 155
163, 220
163, 28
163, 92
163, 156
163, 221
163, 29
163, 93
163, 157
163, 222
163, 30
163, 94
163, 158
163, 223
163, 31
163, 95
163, 159
163, 224
163, 32
163, 96
163, 160
163, 225
163, 33
163, 97
163, 161
163, 226
163, 34
163, 98
163, 162
163, 227
163, 35
163, 99
163, 163
163, 228
163, 36
163, 100
163, 164
163, 165
163, 229
163, 37
163, 101
163, 166
163, 230
163, 38
163, 102
163, 167
163, 231
163, 39
163, 103
163, 168
163, 232
163, 40
163, 104
163, 169
163, 233
163, 41
163, 105
163, 170
163, 234
163, 42
163, 106
163, 171
163, 235
163, 43
163, 107
163, 172
163, 236
163, 44
163, 108
163, 173
163, 237
163, 45
163, 109
163, 174
163, 238
163, 46
163, 110
163, 175
163, 239
163, 47
163, 111
163, 176
163, 240
163, 48
163, 112
163, 177
163, 241
163, 49
163, 113
163, 178
163, 242
163, 50
163, 114
163, 179
163, 243
163, 51
163, 115
163, 180
163, 244
163, 52
163, 116
163, 181
163, 245
163, 53
163, 117
163, 182
163, 246
163, 54
163, 118
163, 183
163, 247
163, 55
163, 119
163, 184
163, 248
163, 56
163, 120
163, 185
163, 249
163, 57
163, 121
163, 186
163, 250
163, 58
163, 122
163, 187
163, 59
163, 123
163, 188
163, 60
163, 124
163, 189
163, 61
163, 125
163, 190
163, 62
163, 126
163, 191
163, 63
163, 127
99, 64
99, 192
99, 128
99, 65
99, 1
99, 193
99, 129
99, 130
99, 194
99, 2
99, 66
99, 131
99, 195
99, 3
99, 67
99, 132
99, 196
99, 4
99, 68
99, 133
99, 197
99, 5
99, 69
99, 134
99, 198
99, 6
99, 70
99, 135
99, 199
99, 7
99, 71
99, 136
99, 200
99, 8
99, 72
99, 137
99, 201
99, 9
99, 73
99, 138
99, 202
99, 10
99, 74
99, 139
99, 203
99, 11
99, 75
99, 140
99, 204
99, 12
99, 76
99, 141
99, 205
99, 13
99, 77
99, 142
99, 206
99, 14
99, 78
99, 143
99, 207
99, 15
99, 79
99, 144
99, 208
99, 16
99, 80
99, 145
99, 209
99, 17
99, 81
99, 146
99, 210
99, 18
99, 82
99, 147
99, 211
99, 19
99, 83
99, 148
99, 212
99, 20
99, 84
99, 149
99, 213
99, 21
99, 85
99, 150
99, 214
99, 22
99, 86
99, 151
99, 215
99, 23
99, 87
99, 152
99, 216
99, 24
99, 88
99, 153
99, 217
99, 25
99, 89
99, 154
99, 218
99, 26
99, 90
99, 155
99, 219
99, 27
99, 91
99, 156
99, 220
99, 28
99, 92
99, 157
99, 221
99, 29
99, 93
99, 158
99, 222
99, 30
99, 94
99, 159
99, 223
99, 31
99, 95
99, 160
99, 224
99, 32
99, 96
99, 161
99, 225
99, 33
99, 97
99, 162
99, 226
99, 34
99, 98
99, 163
99, 227
99, 35
99, 99
99, 164
99, 228
99, 36
99, 100
99, 101
99, 165
99, 229
99, 37
99, 102
99, 166
99, 230
99, 38
99, 103
99, 167
99, 231
99, 39
99, 104
99, 168
99, 232
99, 40
99, 105
99, 169
99, 233
99, 41
99, 106
99, 170
99, 234
99, 42
99, 107
99, 171
99, 235
99, 43
99, 108
99, 172
99, 236
99, 44
99, 109
99, 173
99, 237
99, 45
99, 110
99, 174
99, 238
99, 46
99, 111
99, 175
99, 239
99, 47
99, 112
99, 176
99, 240
99, 48
99, 113
99, 177
99, 241
99, 49
99, 114
99, 178
99, 242
99, 50
99, 115
99, 179
99, 243
99, 51
99, 116
99, 180
99, 244
99, 52
99, 117
99, 181
99, 245
99, 53
99, 118
99, 182
99, 246
99, 54
99, 119
99, 183
99, 247
99, 55
99, 120
99, 184
99, 248
99, 56
99, 121
99, 185
99, 249
99, 57
99, 122
99, 186
99, 250
99, 58
99, 123
99, 187
99, 59
99, 124
99, 188
99, 60
99, 125
99, 189
99, 61
99, 126
99, 190
99, 62
99, 127
99, 191
99, 63
35, 192
35, 128
35, 64
35, 1
35, 193
35, 129
35, 65
35, 66
35, 130
35, 194
35, 2
35, 67
35, 131
35, 195
35, 3
35, 68
35, 132
35, 196
35, 4
35, 69
35, 133
35, 197
35, 5
35, 70
35, 134
35, 198
35, 6
35, 71
35, 135
35, 199
35, 7
35, 72
35, 136
35, 200
35, 8
35, 73
35, 137
35, 201
35, 9
35, 74
35, 138
35, 202
35, 10
35, 75
35, 139
35, 203
35, 11
35, 76
35, 140
35, 204
35, 12
35, 77
35, 141
35, 205
35, 13
35, 78
35, 142
35, 206
35, 14
35, 79
35, 143
35, 207
35, 15
35, 80
35, 144
35, 208
35, 16
35, 81
35, 145
35, 209
35, 17
35, 82
35, 146
35, 210
35, 18
35, 83
35, 147
35, 211
35, 19
35, 84
35, 148
35, 212
35, 20
35, 85
35, 149
35, 213
35, 21
35, 86
35, 150
35, 214
35, 22
35, 87
35, 151
35, 215
35, 23
35, 88
35, 152
35, 216
35, 24
35, 89
35, 153
35, 217
35, 25
35, 90
35, 154
35, 218
35, 26
35, 91
35, 155
35, 219
35, 27
35, 92
35, 156
35, 220
35, 28
35, 93
35, 157
35, 221
35, 29
35, 94
35, 158
35, 222
35, 30
35, 95
35, 159
35, 223
35, 31
35, 96
35, 160
35, 224
35, 32
35, 97
35, 161
35, 225
35, 33
35, 98
35, 162
35, 226
35, 34
35, 99
35, 163
35, 227
35, 35
35, 100
35, 164
35, 228
35, 36
35, 37
35, 101
35, 165
35, 229
35, 38
35, 102
35, 166
35, 230
35, 39
35, 103
35, 167
35, 231
35, 40
35, 104
35, 168
35, 232
35, 41
35, 105
35, 169
35, 233
35, 42
35, 106
35, 170
35, 234
35, 43
35, 107
35, 171
35, 235
35, 44
35, 108
35, 172
35, 236
35, 45
35, 109
35, 173
35, 237
35, 46
35, 110
35, 174
35, 238
35, 47
35, 111
35, 175
35, 239
35, 48
35, 112
35, 176
35, 240
35, 49
35, 113
35, 177
35, 241
35, 50
35, 114
35, 178
35, 242
35, 51
35, 115
35, 179
35, 243
35, 52
35, 116
35, 180
35, 244
35, 53
35, 117
35, 181
35, 245
35, 54
35, 118
35, 182
35, 246
35, 55
35, 119
35, 183
35, 247
35, 56
35, 120
35, 184
35, 248
35, 57
35, 121
35, 185
35, 249
35, 58
35, 122
35, 186
35, 250
35, 59
35, 123
35, 187
35, 60
35, 124
35, 188
35, 61
35, 125
35, 189
35, 62
35, 126
35, 190
35, 63
35, 127
35, 191
228, 192
228, 128
228, 64
228, 193
228, 129
228, 65
228, 1
228, 2
228, 66
228, 130
228, 194
228, 3
228, 67
228, 131
228, 195
228, 4
228, 68
228, 132
228, 196
228, 5
228, 69
228, 133
228, 197
228, 6
228, 70
228, 134
228, 198
228, 7
228, 71
228, 135
228, 199
228, 8
228, 72
228, 136
228, 200
228, 9
228, 73
228, 137
228, 201
228, 10
228, 74
228, 138
228, 202
228, 11
228, 75
228, 139
228, 203
228, 12
228, 76
228, 140
228, 204
228, 13
228, 77
228, 141
228, 205
228, 14
228, 78
228, 142
228, 206
228, 15
228, 79
228, 143
228, 207
228, 16
228, 80
228, 144
228, 208
228, 17
228, 81
228, 145
228, 209
228, 18
228, 82
228, 146
228, 210
228, 19
228, 83
228, 147
228, 211
228, 20
228, 84
228, 148
228, 212
228, 21
228, 85
228, 149
228, 213
228, 22
228, 86
228, 150
228, 214
228, 23
228, 87
228, 151
228, 215
228, 24
228, 88
228, 152
228, 216
228, 25
228, 89
228, 153
228, 217
228, 26
228, 90
228, 154
228, 218
228, 27
228, 91
228, 155
228, 219
228, 28
228, 92
228, 156
228, 220
228, 29
228, 93
228, 157
228, 221
228, 30
228, 94
228, 158
228, 222
228, 31
228, 95
228, 159
228, 223
228, 32
228, 96
228, 160
228, 224
228, 33
228, 97
228, 161
228, 225
228, 34
228, 98
228, 162
228, 226
228, 35
228, 99
228, 163
228, 227
228, 36
228, 100
228, 164
228, 228
228, 37
228, 101
228, 165
228, 229
228, 230
228, 38
228, 102
228, 166
228, 231
228, 39
228, 103
228, 167
228, 232
228, 40
228, 104
228, 168
228, 233
228, 41
228, 105
228, 169
228, 234
228, 42
228, 106
228, 170
228, 235
228, 43
228, 107
228, 171
228, 236
228, 44
228, 108
228, 172
228, 237
228, 45
228, 109
228, 173
228, 238
228, 46
228, 110
228, 174
228, 239
228, 47
228, 111
228, 175
228, 240
228, 48
228, 112
228, 176
228, 241
228, 49
228, 113
228, 177
228, 242
228, 50
228, 114
228, 178
228, 243
228, 51
228, 115
228, 179
228, 244
228, 52
228, 116
228, 180
228, 245
228, 53
228, 117
228, 181
228, 246
228, 54
228, 118
228, 182
228, 247
228, 55
228, 119
228, 183
228, 248
228, 56
228, 120
228, 184
228, 249
228, 57
228, 121
228, 185
228, 250
228, 58
228, 122
228, 186
228, 59
228, 123
228, 187
228, 60
228, 124
228, 188
228, 61
228, 125
228, 189
228, 62
228, 126
228, 190
228, 63
228, 127
228, 191
164, 128
164, 64
164, 192
164, 129
164, 65
164, 1
164, 193
164, 194
164, 2
164, 66
164, 130
164, 195
164, 3
164, 67
164, 131
164, 196
164, 4
164, 68
164, 132
164, 197
164, 5
164, 69
164, 133
164, 198
164, 6
164, 70
164, 134
164, 199
164, 7
164, 71
164, 135
164, 200
164, 8
164, 72
164, 136
164, 201
164, 9
164, 73
164, 137
164, 202
164, 10
164, 74
164, 138
164, 203
164, 11
164, 75
164, 139
164, 204
164, 12
164, 76
164, 140
164, 205
164, 13
164, 77
164, 141
164, 206
164, 14
164, 78
164, 142
164, 207
164, 15
164, 79
164, 143
164, 208
164, 16
164, 80
164, 144
164, 209
164, 17
164, 81
164, 145
164, 210
164, 18
164, 82
164, 146
164, 211
164, 19
164, 83
164, 147
164, 212
164, 20
164, 84
164, 148
164, 213
164, 21
164, 85
164, 149
164, 214
164, 22
164, 86
164, 150
164, 215
164, 23
164, 87
164, 151
164, 216
164, 24
164, 88
164, 152
164, 217
164, 25
164, 89
164, 153
164, 218
164, 26
164, 90
164, 154
164, 219
164, 27
164, 91
164, 155
164, 220
164, 28
164, 92
164, 156
164, 221
164, 29
164, 93
164, 157
164, 222
164, 30
164, 94
164, 158
164, 223
164, 31
164, 95
164, 159
164, 224
164, 32
164, 96
164, 160
164, 225
164, 33
164, 97
164, 161
164, 226
164, 34
164, 98
164, 162
164, 227
164, 35
164, 99
164, 163
164, 228
164, 36
164, 100
164, 164
164, 229
164, 37
164, 101
164, 165
164, 166
164, 230
164, 38
164, 102
164, 167
164, 231
164, 39
164, 103
164, 168
164, 232
164, 40
164, 104
164, 169
164, 233
164, 41
164, 105
164, 170
164, 234
164, 42
164, 106
164, 171
164, 235
164, 43
164, 107
164, 172
164, 236
164, 44
164, 108
164, 173
164, 237
164, 45
164, 109
164, 174
164, 238
164, 46
164, 110
164, 175
164, 239
164, 47
164, 111
164, 176
164, 240
164, 48
164, 112
164, 177
164, 241
164, 49
164, 113
164, 178
164, 242
164, 50
164, 114
164, 179
164, 243
164, 51
164, 115
164, 180
164, 244
164, 52
164, 116
164, 181
164, 245
164, 53
164, 117
164, 182
164, 246
164, 54
164, 118
164, 183
164, 247
164, 55
164, 119
164, 184
164, 248
164, 56
164, 120
164, 185
164, 249
164, 57
164, 121
164, 186
164, 250
164, 58
164, 122
164, 187
164, 59
164, 123
164, 188
164, 60
164, 124
164, 189
164, 61
164, 125
164, 190
164, 62
164, 126
164, 191
164, 63
164, 127
100, 64
100, 192
100, 128
100, 65
100, 1
100, 193
100, 129
100, 130
100, 194
100, 2
100, 66
100, 131
100, 195
100, 3
100, 67
100, 132
100, 196
100, 4
100, 68
100, 133
100, 197
100, 5
100, 69
100, 134
100, 198
100, 6
100, 70
100, 135
100, 199
100, 7
100, 71
100, 136
100, 200
100, 8
100, 72
100, 137
100, 201
100, 9
100, 73
100, 138
100, 202
100, 10
100, 74
100, 139
100, 203
100, 11
100, 75
100, 140
100, 204
100, 12
100, 76
100, 141
100, 205
100, 13
100, 77
100, 142
100, 206
100, 14
100, 78
100, 143
100, 207
100, 15
100, 79
100, 144
100, 208
100, 16
100, 80
100, 145
100, 209
100, 17
100, 81
100, 146
100, 210
100, 18
100, 82
100, 147
100, 211
100, 19
100, 83
100, 148
100, 212
100, 20
100, 84
100, 149
100, 213
100, 21
100, 85
100, 150
100, 214
100, 22
100, 86
100, 151
100, 215
100, 23
100, 87
100, 152
100, 216
100, 24
100, 88
100, 153
100, 217
100, 25
100, 89
100, 154
100, 218
100, 26
100, 90
100, 155
100, 219
100, 27
100, 91
100, 156
100, 220
100, 28
100, 92
100, 157
100, 221
100, 29
100, 93
100, 158
100, 222
100, 30
100, 94
100, 159
100, 223
100, 31
100, 95
100, 160
100, 224
100, 32
100, 96
100, 161
100, 225
100, 33
100, 97
100, 162
100, 226
100, 34
100, 98
100, 163
100, 227
100, 35
100, 99
100, 164
100, 228
100, 36
100, 100
100, 165
100, 229
100, 37
100, 101
100, 102
100, 166
100, 230
100, 38
100, 103
100, 167
100, 231
100, 39
100, 104
100, 168
100, 232
100, 40
100, 105
100, 169
100, 233
100, 41
100, 106
100, 170
100, 234
100, 42
100, 107
100, 171
100, 235
100, 43
100, 108
100, 172
100, 236
100, 44
100, 109
100, 173
100, 237
100, 45
100, 110
100, 174
100, 238
100, 46
100, 111
100, 175
100, 239
100, 47
100, 112
100, 176
100, 240
100, 48
100, 113
100, 177
100, 241
100, 49
100, 114
100, 178
100, 242
100, 50
100, 115
100, 179
100, 243
100, 51
100, 116
100, 180
100, 244
100, 52
100, 117
100, 181
100, 245
100, 53
100, 118
100, 182
100, 246
100, 54
100, 119
100, 183
100, 247
100, 55
100, 120
100, 184
100, 248
100, 56
100, 121
100, 185
100, 249
100, 57
100, 122
100, 186
100, 250
100, 58
100, 123
100, 187
100, 59
100, 124
100, 188
100, 60
100, 125
100, 189
100, 61
100, 126
100, 190
100, 62
100, 127
100, 191
100, 63
36, 192
36, 128
36, 64
36, 1
36, 193
36, 129
36, 65
36, 66
36, 130
36, 194
36, 2
36, 67
36, 131
36, 195
36, 3
36, 68
36, 132
36, 196
36, 4
36, 69
36, 133
36, 197
36, 5
36, 70
36, 134
36, 198
36, 6
36, 71
36, 135
36, 199
36, 7
36, 72
36, 136
36, 200
36, 8
36, 73
36, 137
36, 201
36, 9
36, 74
36, 138
36, 202
36, 10
36, 75
36, 139
36, 203
36, 11
36, 76
36, 140
36, 204
36, 12
36, 77
36, 141
36, 205
36, 13
36, 78
36, 142
36, 206
36, 14
36, 79
36, 143
36, 207
36, 15
36, 80
36, 144
36, 208
36, 16
36, 81
36, 145
36, 209
36, 17
36, 82
36, 146
36, 210
36, 18
36, 83
36, 147
36, 211
36, 19
36, 84
36, 148
36, 212
36, 20
36, 85
36, 149
36, 213
36, 21
36, 86
36, 150
36, 214
36, 22
36, 87
36, 151
36, 215
36, 23
36, 88
36, 152
36, 216
36, 24
36, 89
36, 153
36, 217
36, 25
36, 90
36, 154
36, 218
36, 26
36, 91
36, 155
36, 219
36, 27
36, 92
36, 156
36, 220
36, 28
36, 93
36, 157
36, 221
36, 29
36, 94
36, 158
36, 222
36, 30
36, 95
36, 159
36, 223
36, 31
36, 96
36, 160
36, 224
36, 32
36, 97
36, 161
36, 225
36, 33
36, 98
36, 162
36, 226
36, 34
36, 99
36, 163
36, 227
36, 35
36, 100
36, 164
36, 228
36, 36
36, 101
36, 165
36, 229
36, 37
36, 38
36, 102
36, 166
36, 230
36, 39
36, 103
36, 167
36, 231
36, 40
36, 104
36, 168
36, 232
36, 41
36, 105
36, 169
36, 233
36, 42
36, 106
36, 170
36, 234
36, 43
36, 107
36, 171
36, 235
36, 44
36, 108
36, 172
36, 236
36, 45
36, 109
36, 173
36, 237
36, 46
36, 110
36, 174
36, 238
36, 47
36, 111
36, 175
36, 239
36, 48
36, 112
36, 176
36, 240
36, 49
36, 113
36, 177
36, 241
36, 50
36, 114
36, 178
36, 242
36, 51
36, 115
36, 179
36, 243
36, 52
36, 116
36, 180
36, 244
36, 53
36, 117
36, 181
36, 245
36, 54
36, 118
36, 182
36, 246
36, 55
36, 119
36, 183
36, 247
36, 56
36, 120
36, 184
36, 248
36, 57
36, 121
36, 185
36, 249
36, 58
36, 122
36, 186
36, 250
36, 59
36, 123
36, 187
36, 60
36, 124
36, 188
36, 61
36, 125
36, 189
36, 62
36, 126
36, 190
36, 63
36, 127
36, 191
229, 192
229, 128
229, 64
229, 193
229, 129
229, 65
229, 1
229, 2
229, 66
229, 130
229, 194
229, 3
229, 67
229, 131
229, 195
229, 4
229, 68
229, 132
229, 196
229, 5
229, 69
229, 133
229, 197
229, 6
229, 70
229, 134
229, 198
229, 7
229, 71
229, 135
229, 199
229, 8
229, 72
229, 136
229, 200
229, 9
229, 73
229, 137
229, 201
229, 10
229, 74
229, 138
229, 202
229, 11
229, 75
229, 139
229, 203
229, 12
229, 76
229, 140
229, 204
229, 13
229, 77
229, 141
229, 205
229, 14
229, 78
229, 142
229, 206
229, 15
229, 79
229, 143
229, 207
229, 16
229, 80
229, 144
229, 208
229, 17
229, 81
229, 145
229, 209
229, 18
229, 82
229, 146
229, 210
229, 19
229, 83
229, 147
229, 211
229, 20
229, 84
229, 148
229, 212
229, 21
229, 85
229, 149
229, 213
229, 22
229, 86
229, 150
229, 214
229, 23
229, 87
229, 151
229, 215
229, 24
229, 88
229, 152
229, 216
229, 25
229, 89
229, 153
229, 217
229, 26
229, 90
229, 154
229, 218
229, 27
229, 91
229, 155
229, 219
229, 28
229, 92
229, 156
229, 220
229, 29
229, 93
229, 157
229, 221
229, 30
229, 94
229, 158
229, 222
229, 31
229, 95
229, 159
229, 223
229, 32
229, 96
229, 160
229, 224
229, 33
229, 97
229, 161
229, 225
229, 34
229, 98
229, 162
229, 226
229, 35
229, 99
229, 163
229, 227
229, 36
229, 100
229, 164
229, 228
229, 37
229, 101
229, 165
229, 229
229, 38
229, 102
229, 166
229, 230
229, 231
229, 39
229, 103
229, 167
229, 232
229, 40
229, 104
229, 168
229, 233
229, 41
229, 105
229, 169
229, 234
229, 42
229, 106
229, 170
229, 235
229, 43
229, 107
229, 171
229, 236
229, 44
229, 108
229, 172
229, 237
229, 45
229, 109
229, 173
229, 238
229, 46
229, 110
229, 174
229, 239
229, 47
229, 111
229, 175
229, 240
229, 48
229, 112
229, 176
229, 241
229, 49
229, 113
229, 177
229, 242
229, 50
229, 114
229, 178
229, 243
229, 51
229, 115
229, 179
229, 244
229, 52
229, 116
229, 180
229, 245
229, 53
229, 117
229, 181
229, 246
229, 54
229, 118
229, 182
229, 247
229, 55
229, 119
229, 183
229, 248
229, 56
229, 120
229, 184
229, 249
229, 57
229, 121
229, 185
229, 250
229, 58
229, 122
229, 186
229, 59
229, 123
229, 187
229, 60
229, 124
229, 188
229, 61
229, 125
229, 189
229, 62
229, 126
229, 190
229, 63
229, 127
229, 191
165, 128
165, 64
165, 192
165, 129
165, 65
165, 1
165, 193
165, 194
165, 2
165, 66
165, 130
165, 195
165, 3
165, 67
165, 131
165, 196
165, 4
165, 68
165, 132
165, 197
165, 5
165, 69
165, 133
165, 198
165, 6
165, 70
165, 134
165, 199
165, 7
165, 71
165, 135
165, 200
165, 8
165, 72
165, 136
165, 201
165, 9
165, 73
165, 137
165, 202
165, 10
165, 74
165, 138
165, 203
165, 11
165, 75
165, 139
165, 204
165, 12
165, 76
165, 140
165, 205
165, 13
165, 77
165, 141
165, 206
165, 14
165, 78
165, 142
165, 207
165, 15
165, 79
165, 143
165, 208
165, 16
165, 80
165, 144
165, 209
165, 17
165, 81
165, 145
165, 210
165, 18
165, 82
165, 146
165, 211
165, 19
165, 83
165, 147
165, 212
165, 20
165, 84
165, 148
165, 213
165, 21
165, 85
165, 149
165, 214
165, 22
165, 86
165, 150
165, 215
165, 23
165, 87
165, 151
165, 216
165, 24
165, 88
165, 152
165, 217
165, 25
165, 89
165, 153
165, 218
165, 26
165, 90
165, 154
165, 219
165, 27
165, 91
165, 155
165, 220
165, 28
165, 92
165, 156
165, 221
165, 29
165, 93
165, 157
165, 222
165, 30
165, 94
165, 158
165, 223
165, 31
165, 95
165, 159
165, 224
165, 32
165, 96
165, 160
165, 225
165, 33
165, 97
165, 161
165, 226
165, 34
165, 98
165, 162
165, 227
165, 35
165, 99
165, 163
165, 228
165, 36
165, 100
165, 164
165, 229
165, 37
165, 101
165, 165
165, 230
165, 38
165, 102
165, 166
165, 167
165, 231
165, 39
165, 103
165, 168
165, 232
165, 40
165, 104
165, 169
165, 233
165, 41
165, 105
165, 170
165, 234
165, 42
165, 106
165, 171
165, 235
165, 43
165, 107
165, 172
165, 236
165, 44
165, 108
165, 173
165, 237
165, 45
165, 109
165, 174
165, 238
165, 46
165, 110
165, 175
165, 239
165, 47
165, 111
165, 176
165, 240
165, 48
165, 112
165, 177
165, 241
165, 49
165, 113
165, 178
165, 242
165, 50
165, 114
165, 179
165, 243
165, 51
165, 115
165, 180
165, 244
165, 52
165, 116
165, 181
165, 245
165, 53
165, 117
165, 182
165, 246
165, 54
165, 118
165, 183
165, 247
165, 55
165, 119
165, 184
165, 248
165, 56
165, 120
165, 185
165, 249
165, 57
165, 121
165, 186
165, 250
165, 58
165, 122
165, 187
165, 59
165, 123
165, 188
165, 60
165, 124
165, 189
165, 61
165, 125
165, 190
165, 62
165, 126
165, 191
165, 63
165, 127
101, 64
101, 192
101, 128
101, 65
101, 1
101, 193
101, 129
101, 130
101, 194
101, 2
101, 66
101, 131
101, 195
101, 3
101, 67
101, 132
101, 196
101, 4
101, 68
101, 133
101, 197
101, 5
101, 69
101, 134
101, 198
101, 6
101, 70
101, 135
101, 199
101, 7
101, 71
101, 136
101, 200
101, 8
101, 72
101, 137
101, 201
101, 9
101, 73
101, 138
101, 202
101, 10
101, 74
101, 139
101, 203
101, 11
101, 75
101, 140
101, 204
101, 12
101, 76
101, 141
101, 205
101, 13
101, 77
101, 142
101, 206
101, 14
101, 78
101, 143
101, 207
101, 15
101, 79
101, 144
101, 208
101, 16
101, 80
101, 145
101, 209
101, 17
101, 81
101, 146
101, 210
101, 18
101, 82
101, 147
101, 211
101, 19
101, 83
101, 148
101, 212
101, 20
101, 84
101, 149
101, 213
101, 21
101, 85
101, 150
101, 214
101, 22
101, 86
101, 151
101, 215
101, 23
101, 87
101, 152
101, 216
101, 24
101, 88
101, 153
101, 217
101, 25
101, 89
101, 154
101, 218
101, 26
101, 90
101, 155
101, 219
101, 27
101, 91
101, 156
101, 220
101, 28
101, 92
101, 157
101, 221
101, 29
101, 93
101, 158
101, 222
101, 30
101, 94
101, 159
101, 223
101, 31
101, 95
101, 160
101, 224
101, 32
101, 96
101, 161
101, 225
101, 33
101, 97
101, 162
101, 226
101, 34
101, 98
101, 163
101, 227
101, 35
101, 99
101, 164
101, 228
101, 36
101, 100
101, 165
101, 229
101, 37
101, 101
101, 166
101, 230
101, 38
101, 102
101, 103
101, 167
101, 231
101, 39
101, 104
101, 168
101, 232
101, 40
101, 105
101, 169
101, 233
101, 41
101, 106
101, 170
101, 234
101, 42
101, 107
101, 171
101, 235
101, 43
101, 108
101, 172
101, 236
101, 44
101, 109
101, 173
101, 237
101, 45
101, 110
101, 174
101, 238
101, 46
101, 111
101, 175
101, 239
101, 47
101, 112
101, 176
101, 240
101, 48
101, 113
101, 177
101, 241
101, 49
101, 114
101, 178
101, 242
101, 50
101, 115
101, 179
101, 243
101, 51
101, 116
101, 180
101, 244
101, 52
101, 117
101, 181
101, 245
101, 53
101, 118
101, 182
101, 246
101, 54
101, 119
101, 183
101, 247
101, 55
101, 120
101, 184
101, 248
101, 56
101, 121
101, 185
101, 249
101, 57
101, 122
101, 186
101, 250
101, 58
101, 123
101, 187
101, 59
101, 124
101, 188
101, 60
101, 125
101, 189
101, 61
101, 126
101, 190
101, 62
101, 127
101, 191
101, 63
37, 192
37, 128
37, 64
37, 1
37, 193
37, 129
37, 65
37, 66
37, 130
37, 194
37, 2
37, 67
37, 131
37, 195
37, 3
37, 68
37, 132
37, 196
37, 4
37, 69
37, 133
37, 197
37, 5
37, 70
37, 134
37, 198
37, 6
37, 71
37, 135
37, 199
37, 7
37, 72
37, 136
37, 200
37, 8
37, 73
37, 137
37, 201
37, 9
37, 74
37, 138
37, 202
37, 10
37, 75
37, 139
37, 203
37, 11
37, 76
37, 140
37, 204
37, 12
37, 77
37, 141
37, 205
37, 13
37, 78
37, 142
37, 206
37, 14
37, 79
37, 143
37, 207
37, 15
37, 80
37, 144
37, 208
37, 16
37, 81
37, 145
37, 209
37, 17
37, 82
37, 146
37, 210
37, 18
37, 83
37, 147
37, 211
37, 19
37, 84
37, 148
37, 212
37, 20
37, 85
37, 149
37, 213
37, 21
37, 86
37, 150
37, 214
37, 22
37, 87
37, 151
37, 215
37, 23
37, 88
37, 152
37, 216
37, 24
37, 89
37, 153
37, 217
37, 25
37, 90
37, 154
37, 218
37, 26
37, 91
37, 155
37, 219
37, 27
37, 92
37, 156
37, 220
37, 28
37, 93
37, 157
37, 221
37, 29
37, 94
37, 158
37, 222
37, 30
37, 95
37, 159
37, 223
37, 31
37, 96
37, 160
37, 224
37, 32
37, 97
37, 161
37, 225
37, 33
37, 98
37, 162
37, 226
37, 34
37, 99
37, 163
37, 227
37, 35
37, 100
37, 164
37, 228
37, 36
37, 101
37, 165
37, 229
37, 37
37, 102
37, 166
37, 230
37, 38
37, 39
37, 103
37, 167
37, 231
37, 40
37, 104
37, 168
37, 232
37, 41
37, 105
37, 169
37, 233
37, 42
37, 106
37, 170
37, 234
37, 43
37, 107
37, 171
37, 235
37, 44
37, 108
37, 172
37, 236
37, 45
37, 109
37, 173
37, 237
37, 46
37, 110
37, 174
37, 238
37, 47
37, 111
37, 175
37, 239
37, 48
37, 112
37, 176
37, 240
37, 49
37, 113
37, 177
37, 241
37, 50
37, 114
37, 178
37, 242
37, 51
37, 115
37, 179
37, 243
37, 52
37, 116
37, 180
37, 244
37, 53
37, 117
37, 181
37, 245
37, 54
37, 118
37, 182
37, 246
37, 55
37, 119
37, 183
37, 247
37, 56
37, 120
37, 184
37, 248
37, 57
37, 121
37, 185
37, 249
37, 58
37, 122
37, 186
37, 250
37, 59
37, 123
37, 187
37, 60
37, 124
37, 188
37, 61
37, 125
37, 189
37, 62
37, 126
37, 190
37, 63
37, 127
37, 191
230, 192
230, 128
230, 64
230, 193
230, 129
230, 65
230, 1
230, 2
230, 66
230, 130
230, 194
230, 3
230, 67
230, 131
230, 195
230, 4
230, 68
230, 132
230, 196
230, 5
230, 69
230, 133
230, 197
230, 6
230, 70
230, 134
230, 198
230, 7
230, 71
230, 135
230, 199
230, 8
230, 72
230, 136
230, 200
230, 9
230, 73
230, 137
230, 201
230, 10
230, 74
230, 138
230, 202
230, 11
230, 75
230, 139
230, 203
230, 12
230, 76
230, 140
230, 204
230, 13
230, 77
230, 141
230, 205
230, 14
230, 78
230, 142
230, 206
230, 15
230, 79
230, 143
230, 207
230, 16
230, 80
230, 144
230, 208
230, 17
230, 81
230, 145
230, 209
230, 18
230, 82
230, 146
230, 210
230, 19
230, 83
230, 147
230, 211
230, 20
230, 84
230, 148
230, 212
230, 21
230, 85
230, 149
230, 213
230, 22
230, 86
230, 150
230, 214
230, 23
230, 87
230, 151
230, 215
230, 24
230, 88
230, 152
230, 216
230, 25
230, 89
230, 153
230, 217
230, 26
230, 90
230, 154
230, 218
230, 27
230, 91
230, 155
230, 219
230, 28
230, 92
230, 156
230, 220
230, 29
230, 93
230, 157
230, 221
230, 30
230, 94
230, 158
230, 222
230, 31
230, 95
230, 159
230, 223
230, 32
230, 96
230, 160
230, 224
230, 33
230, 97
230, 161
230, 225
230, 34
230, 98
230, 162
230, 226
230, 35
230, 99
230, 163
230, 227
230, 36
230, 100
230, 164
230, 228
230, 37
230, 101
230, 165
230, 229
230, 38
230, 102
230, 166
230, 230
230, 39
230, 103
230, 167
230, 231
230, 232
230, 40
230, 104
230, 168
230, 233
230, 41
230, 105
230, 169
230, 234
230, 42
230, 106
230, 170
230, 235
230, 43
230, 107
230, 171
230, 236
230, 44
230, 108
230, 172
230, 237
230, 45
230, 109
230, 173
230, 238
230, 46
230, 110
230, 174
230, 239
230, 47
230, 111
230, 175
230, 240
230, 48
230, 112
230, 176
230, 241
230, 49
230, 113
230, 177
230, 242
230, 50
230, 114
230, 178
230, 243
230, 51
230, 115
230, 179
230, 244
230, 52
230, 116
230, 180
230, 245
230, 53
230, 117
230, 181
230, 246
230, 54
230, 118
230, 182
230, 247
230, 55
230, 119
230, 183
230, 248
230, 56
230, 120
230, 184
230, 249
230, 57
230, 121
230, 185
230, 250
230, 58
230, 122
230, 186
230, 59
230, 123
230, 187
230, 60
230, 124
230, 188
230, 61
230, 125
230, 189
230, 62
230, 126
230, 190
230, 63
230, 127
230, 191
166, 128
166, 64
166, 192
166, 129
166, 65
166, 1
166, 193
166, 194
166, 2
166, 66
166, 130
166, 195
166, 3
166, 67
166, 131
166, 196
166, 4
166, 68
166, 132
166, 197
166, 5
166, 69
166, 133
166, 198
166, 6
166, 70
166, 134
166, 199
166, 7
166, 71
166, 135
166, 200
166, 8
166, 72
166, 136
166, 201
166, 9
166, 73
166, 137
166, 202
166, 10
166, 74
166, 138
166, 203
166, 11
166, 75
166, 139
166, 204
166, 12
166, 76
166, 140
166, 205
166, 13
166, 77
166, 141
166, 206
166, 14
166, 78
166, 142
166, 207
166, 15
166, 79
166, 143
166, 208
166, 16
166, 80
166, 144
166, 209
166, 17
166, 81
166, 145
166, 210
166, 18
166, 82
166, 146
166, 211
166, 19
166, 83
166, 147
166, 212
166, 20
166, 84
166, 148
166, 213
166, 21
166, 85
166, 149
166, 214
166, 22
166, 86
166, 150
166, 215
166, 23
166, 87
166, 151
166, 216
166, 24
166, 88
166, 152
166, 217
166, 25
166, 89
166, 153
166, 218
166, 26
166, 90
166, 154
166, 219
166, 27
166, 91
166, 155
166, 220
166, 28
166, 92
166, 156
166, 221
166, 29
166, 93
166, 157
166, 222
166, 30
166, 94
166, 158
166, 223
166, 31
166, 95
166, 159
166, 224
166, 32
166, 96
166, 160
166, 225
166, 33
166, 97
166, 161
166, 226
166, 34
166, 98
166, 162
166, 227
166, 35
166, 99
166, 163
166, 228
166, 36
166, 100
166, 164
166, 229
166, 37
166, 101
166, 165
166, 230
166, 38
166, 102
166, 166
166, 231
166, 39
166, 103
166, 167
166, 168
166, 232
166, 40
166, 104
166, 169
166, 233
166, 41
166, 105
166, 170
166, 234
166, 42
166, 106
166, 171
166, 235
166, 43
166, 107
166, 172
166, 236
166, 44
166, 108
166, 173
166, 237
166, 45
166, 109
166, 174
166, 238
166, 46
166, 110
166, 175
166, 239
166, 47
166, 111
166, 176
166, 240
166, 48
166, 112
166, 177
166, 241
166, 49
166, 113
166, 178
166, 242
166, 50
166, 114
166, 179
166, 243
166, 51
166, 115
166, 180
166, 244
166, 52
166, 116
166, 181
166, 245
166, 53
166, 117
166, 182
166, 246
166, 54
166, 118
166, 183
166, 247
166, 55
166, 119
166, 184
166, 248
166, 56
166, 120
166, 185
166, 249
166, 57
166, 121
166, 186
166, 250
166, 58
166, 122
166, 187
166, 59
166, 123
166, 188
166, 60
166, 124
166, 189
166, 61
166, 125
166, 190
166, 62
166, 126
166, 191
166, 63
166, 127
102, 64
102, 192
102, 128
102, 65
102, 1
102, 193
102, 129
102, 130
102, 194
102, 2
102, 66
102, 131
102, 195
102, 3
102, 67
102, 132
102, 196
102, 4
102, 68
102, 133
102, 197
102, 5
102, 69
102, 134
102, 198
102, 6
102, 70
102, 135
102, 199
102, 7
102, 71
102, 136
102, 200
102, 8
102, 72
102, 137
102, 201
102, 9
102, 73
102, 138
102, 202
102, 10
102, 74
102, 139
102, 203
102, 11
102, 75
102, 140
102, 204
102, 12
102, 76
102, 141
102, 205
102, 13
102, 77
102, 142
102, 206
102, 14
102, 78
102, 143
102, 207
102, 15
102, 79
102, 144
102, 208
102, 16
102, 80
102, 145
102, 209
102, 17
102, 81
102, 146
102, 210
102, 18
102, 82
102, 147
102, 211
102, 19
102, 83
102, 148
102, 212
102, 20
102, 84
102, 149
102, 213
102, 21
102, 85
102, 150
102, 214
102, 22
102, 86
102, 151
102, 215
102, 23
102, 87
102, 152
102, 216
102, 24
102, 88
102, 153
102, 217
102, 25
102, 89
102, 154
102, 218
102, 26
102, 90
102, 155
102, 219
102, 27
102, 91
102, 156
102, 220
102, 28
102, 92
102, 157
102, 221
102, 29
102, 93
102, 158
102, 222
102, 30
102, 94
102, 159
102, 223
102, 31
102, 95
102, 160
102, 224
102, 32
102, 96
102, 161
102, 225
102, 33
102, 97
102, 162
102, 226
102, 34
102, 98
102, 163
102, 227
102, 35
102, 99
102, 164
102, 228
102, 36
102, 100
102, 165
102, 229
102, 37
102, 101
102, 166
102, 230
102, 38
102, 102
102, 167
102, 231
102, 39
102, 103
102, 104
102, 168
102, 232
102, 40
102, 105
102, 169
102, 233
102, 41
102, 106
102, 170
102, 234
102, 42
102, 107
102, 171
102, 235
102, 43
102, 108
102, 172
102, 236
102, 44
102, 109
102, 173
102, 237
102, 45
102, 110
102, 174
102, 238
102, 46
102, 111
102, 175
102, 239
102, 47
102, 112
102, 176
102, 240
102, 48
102, 113
102, 177
102, 241
102, 49
102, 114
102, 178
102, 242
102, 50
102, 115
102, 179
102, 243
102, 51
102, 116
102, 180
102, 244
102, 52
102, 117
102, 181
102, 245
102, 53
102, 118
102, 182
102, 246
102, 54
102, 119
102, 183
102, 247
102, 55
102, 120
102, 184
102, 248
102, 56
102, 121
102, 185
102, 249
102, 57
102, 122
102, 186
102, 250
102, 58
102, 123
102, 187
102, 59
102, 124
102, 188
102, 60
102, 125
102, 189
102, 61
102, 126
102, 190
102, 62
102, 127
102, 191
102, 63
38, 192
38, 128
38, 64
38, 1
38, 193
38, 129
38, 65
38, 66
38, 130
38, 194
38, 2
38, 67
38, 131
38, 195
38, 3
38, 68
38, 132
38, 196
38, 4
38, 69
38, 133
38, 197
38, 5
38, 70
38, 134
38, 198
38, 6
38, 71
38, 135
38, 199
38, 7
38, 72
38, 136
38, 200
38, 8
38, 73
38, 137
38, 201
38, 9
38, 74
38, 138
38, 202
38, 10
38, 75
38, 139
38, 203
38, 11
38, 76
38, 140
38, 204
38, 12
38, 77
38, 141
38, 205
38, 13
38, 78
38, 142
38, 206
38, 14
38, 79
38, 143
38, 207
38, 15
38, 80
38, 144
38, 208
38, 16
38, 81
38, 145
38, 209
38, 17
38, 82
38, 146
38, 210
38, 18
38, 83
38, 147
38, 211
38, 19
38, 84
38, 148
38, 212
38, 20
38, 85
38, 149
38, 213
38, 21
38, 86
38, 150
38, 214
38, 22
38, 87
38, 151
38, 215
38, 23
38, 88
38, 152
38, 216
38, 24
38, 89
38, 153
38, 217
38, 25
38, 90
38, 154
38, 218
38, 26
38, 91
38, 155
38, 219
38, 27
38, 92
38, 156
38, 220
38, 28
38, 93
38, 157
38, 221
38, 29
38, 94
38, 158
38, 222
38, 30
38, 95
38, 159
38, 223
38, 31
38, 96
38, 160
38, 224
38, 32
38, 97
38, 161
38, 225
38, 33
38, 98
38, 162
38, 226
38, 34
38, 99
38, 163
38, 227
38, 35
38, 100
38, 164
38, 228
38, 36
38, 101
38, 165
38, 229
38, 37
38, 102
38, 166
38, 230
38, 38
38, 103
38, 167
38, 231
38, 39
38, 40
38, 104
38, 168
38, 232
38, 41
38, 105
38, 169
38, 233
38, 42
38, 106
38, 170
38, 234
38, 43
38, 107
38, 171
38, 235
38, 44
38, 108
38, 172
38, 236
38, 45
38, 109
38, 173
38, 237
38, 46
38, 110
38, 174
38, 238
38, 47
38, 111
38, 175
38, 239
38, 48
38, 112
38, 176
38, 240
38, 49
38, 113
38, 177
38, 241
38, 50
38, 114
38, 178
38, 242
38, 51
38, 115
38, 179
38, 243
38, 52
38, 116
38, 180
38, 244
38, 53
38, 117
38, 181
38, 245
38, 54
38, 118
38, 182
38, 246
38, 55
38, 119
38, 183
38, 247
38, 56
38, 120
38, 184
38, 248
38, 57
38, 121
38, 185
38, 249
38, 58
38, 122
38, 186
38, 250
38, 59
38, 123
38, 187
38, 60
38, 124
38, 188
38, 61
38, 125
38, 189
38, 62
38, 126
38, 190
38, 63
38, 127
38, 191
231, 192
231, 128
231, 64
231, 193
231, 129
231, 65
231, 1
231, 2
231, 66
231, 130
231, 194
231, 3
231, 67
231, 131
231, 195
231, 4
231, 68
231, 132
231, 196
231, 5
231, 69
231, 133
231, 197
231, 6
231, 70
231, 134
231, 198
231, 7
231, 71
231, 135
231, 199
231, 8
231, 72
231, 136
231, 200
231, 9
231, 73
231, 137
231, 201
231, 10
231, 74
231, 138
231, 202
231, 11
231, 75
231, 139
231, 203
231, 12
231, 76
231, 140
231, 204
231, 13
231, 77
231, 141
231, 205
231, 14
231, 78
231, 142
231, 206
231, 15
231, 79
231, 143
231, 207
231, 16
231, 80
231, 144
231, 208
231, 17
231, 81
231, 145
231, 209
231, 18
231, 82
231, 146
231, 210
231, 19
231, 83
231, 147
231, 211
231, 20
231, 84
231, 148
231, 212
231, 21
231, 85
231, 149
231, 213
231, 22
231, 86
231, 150
231, 214
231, 23
231, 87
231, 151
231, 215
231, 24
231, 88
231, 152
231, 216
231, 25
231, 89
231, 153
231, 217
231, 26
231, 90
231, 154
231, 218
231, 27
231, 91
231, 155
231, 219
231, 28
231, 92
231, 156
231, 220
231, 29
231, 93
231, 157
231, 221
231, 30
231, 94
231, 158
231, 222
231, 31
231, 95
231, 159
231, 223
231, 32
231, 96
231, 160
231, 224
231, 33
231, 97
231, 161
231, 225
231, 34
231, 98
231, 162
231, 226
231, 35
231, 99
231, 163
231, 227
231, 36
231, 100
231, 164
231, 228
231, 37
231, 101
231, 165
231, 229
231, 38
231, 102
231, 166
231, 230
231, 39
231, 103
231, 167
231, 231
231, 40
231, 104
231, 168
231, 232
231, 233
231, 41
231, 105
231, 169
231, 234
231, 42
231, 106
231, 170
231, 235
231, 43
231, 107
231, 171
231, 236
231, 44
231, 108
231, 172
231, 237
231, 45
231, 109
231, 173
231, 238
231, 46
231, 110
231, 174
231, 239
231, 47
231, 111
231, 175
231, 240
231, 48
231, 112
231, 176
231, 241
231, 49
231, 113
231, 177
231, 242
231, 50
231, 114
231, 178
231, 243
231, 51
231, 115
231, 179
231, 244
231, 52
231, 116
231, 180
231, 245
231, 53
231, 117
231, 181
231, 246
231, 54
231, 118
231, 182
231, 247
231, 55
231, 119
231, 183
231, 248
231, 56
231, 120
231, 184
231, 249
231, 57
231, 121
231, 185
231, 250
231, 58
231, 122
231, 186
231, 59
231, 123
231, 187
231, 60
231, 124
231, 188
231, 61
231, 125
231, 189
231, 62
231, 126
231, 190
231, 63
231, 127
231, 191
167, 128
167, 64
167, 192
167, 129
167, 65
167, 1
167, 193
167, 194
167, 2
167, 66
167, 130
167, 195
167, 3
167, 67
167, 131
167, 196
167, 4
167, 68
167, 132
167, 197
167, 5
167, 69
167, 133
167, 198
167, 6
167, 70
167, 134
167, 199
167, 7
167, 71
167, 135
167, 200
167, 8
167, 72
167, 136
167, 201
167, 9
167, 73
167, 137
167, 202
167, 10
167, 74
167, 138
167, 203
167, 11
167, 75
167, 139
167, 204
167, 12
167, 76
167, 140
167, 205
167, 13
167, 77
167, 141
167, 206
167, 14
167, 78
167, 142
167, 207
167, 15
167, 79
167, 143
167, 208
167, 16
167, 80
167, 144
167, 209
167, 17
167, 81
167, 145
167, 210
167, 18
167, 82
167, 146
167, 211
167, 19
167, 83
167, 147
167, 212
167, 20
167, 84
167, 148
167, 213
167, 21
167, 85
167, 149
167, 214
167, 22
167, 86
167, 150
167, 215
167, 23
167, 87
167, 151
167, 216
167, 24
167, 88
167, 152
167, 217
167, 25
167, 89
167, 153
167, 218
167, 26
167, 90
167, 154
167, 219
167, 27
167, 91
167, 155
167, 220
167, 28
167, 92
167, 156
167, 221
167, 29
167, 93
167, 157
167, 222
167, 30
167, 94
167, 158
167, 223
167, 31
167, 95
167, 159
167, 224
167, 32
167, 96
167, 160
167, 225
167, 33
167, 97
167, 161
167, 226
167, 34
167, 98
167, 162
167, 227
167, 35
167, 99
167, 163
167, 228
167, 36
167, 100
167, 164
167, 229
167, 37
167, 101
167, 165
167, 230
167, 38
167, 102
167, 166
167, 231
167, 39
167, 103
167, 167
167, 232
167, 40
167, 104
167, 168
167, 169
167, 233
167, 41
167, 105
167, 170
167, 234
167, 42
167, 106
167, 171
167, 235
167, 43
167, 107
167, 172
167, 236
167, 44
167, 108
167, 173
167, 237
167, 45
167, 109
167, 174
167, 238
167, 46
167, 110
167, 175
167, 239
167, 47
167, 111
167, 176
167, 240
167, 48
167, 112
167, 177
167, 241
167, 49
167, 113
167, 178
167, 242
167, 50
167, 114
167, 179
167, 243
167, 51
167, 115
167, 180
167, 244
167, 52
167, 116
167, 181
167, 245
167, 53
167, 117
167, 182
167, 246
167, 54
167, 118
167, 183
167, 247
167, 55
167, 119
167, 184
167, 248
167, 56
167, 120
167, 185
167, 249
167, 57
167, 121
167, 186
167, 250
167, 58
167, 122
167, 187
167, 59
167, 123
167, 188
167, 60
167, 124
167, 189
167, 61
167, 125
167, 190
167, 62
167, 126
167, 191
167, 63
167, 127
103, 64
103, 192
103, 128
103, 65
103, 1
103, 193
103, 129
103, 130
103, 194
103, 2
103, 66
103, 131
103, 195
103, 3
103, 67
103, 132
103, 196
103, 4
103, 68
103, 133
103, 197
103, 5
103, 69
103, 134
103, 198
103, 6
103, 70
103, 135
103, 199
103, 7
103, 71
103, 136
103, 200
103, 8
103, 72
103, 137
103, 201
103, 9
103, 73
103, 138
103, 202
103, 10
103, 74
103, 139
103, 203
103, 11
103, 75
103, 140
103, 204
103, 12
103, 76
103, 141
103, 205
103, 13
103, 77
103, 142
103, 206
103, 14
103, 78
103, 143
103, 207
103, 15
103, 79
103, 144
103, 208
103, 16
103, 80
103, 145
103, 209
103, 17
103, 81
103, 146
103, 210
103, 18
103, 82
103, 147
103, 211
103, 19
103, 83
103, 148
103, 212
103, 20
103, 84
103, 149
103, 213
103, 21
103, 85
103, 150
103, 214
103, 22
103, 86
103, 151
103, 215
103, 23
103, 87
103, 152
103, 216
103, 24
103, 88
103, 153
103, 217
103, 25
103, 89
103, 154
103, 218
103, 26
103, 90
103, 155
103, 219
103, 27
103, 91
103, 156
103, 220
103, 28
103, 92
103, 157
103, 221
103, 29
103, 93
103, 158
103, 222
103, 30
103, 94
103, 159
103, 223
103, 31
103, 95
103, 160
103, 224
103, 32
103, 96
103, 161
103, 225
103, 33
103, 97
103, 162
103, 226
103, 34
103, 98
103, 163
103, 227
103, 35
103, 99
103, 164
103, 228
103, 36
103, 100
103, 165
103, 229
103, 37
103, 101
103, 166
103, 230
103, 38
103, 102
103, 167
103, 231
103, 39
103, 103
103, 168
103, 232
103, 40
103, 104
103, 105
103, 169
103, 233
103, 41
103, 106
103, 170
103, 234
103, 42
103, 107
103, 171
103, 235
103, 43
103, 108
103, 172
103, 236
103, 44
103, 109
103, 173
103, 237
103, 45
103, 110
103, 174
103, 238
103, 46
103, 111
103, 175
103, 239
103, 47
103, 112
103, 176
103, 240
103, 48
103, 113
103, 177
103, 241
103, 49
103, 114
103, 178
103, 242
103, 50
103, 115
103, 179
103, 243
103, 51
103, 116
103, 180
103, 244
103, 52
103, 117
103, 181
103, 245
103, 53
103, 118
103, 182
103, 246
103, 54
103, 119
103, 183
103, 247
103, 55
103, 120
103, 184
103, 248
103, 56
103, 121
103, 185
103, 249
103, 57
103, 122
103, 186
103, 250
103, 58
103, 123
103, 187
103, 59
103, 124
103, 188
103, 60
103, 125
103, 189
103, 61
103, 126
103, 190
103, 62
103, 127
103, 191
103, 63
39, 192
39, 128
39, 64
39, 1
39, 193
39, 129
39, 65
39, 66
39, 130
39, 194
39, 2
39, 67
39, 131
39, 195
39, 3
39, 68
39, 132
39, 196
39, 4
39, 69
39, 133
39, 197
39, 5
39, 70
39, 134
39, 198
39, 6
39, 71
39, 135
39, 199
39, 7
39, 72
39, 136
39, 200
39, 8
39, 73
39, 137
39, 201
39, 9
39, 74
39, 138
39, 202
39, 10
39, 75
39, 139
39, 203
39, 11
39, 76
39, 140
39, 204
39, 12
39, 77
39, 141
39, 205
39, 13
39, 78
39, 142
39, 206
39, 14
39, 79
39, 143
39, 207
39, 15
39, 80
39, 144
39, 208
39, 16
39, 81
39, 145
39, 209
39, 17
39, 82
39, 146
39, 210
39, 18
39, 83
39, 147
39, 211
39, 19
39, 84
39, 148
39, 212
39, 20
39, 85
39, 149
39, 213
39, 21
39, 86
39, 150
39, 214
39, 22
39, 87
39, 151
39, 215
39, 23
39, 88
39, 152
39, 216
39, 24
39, 89
39, 153
39, 217
39, 25
39, 90
39, 154
39, 218
39, 26
39, 91
39, 155
39, 219
39, 27
39, 92
39, 156
39, 220
39, 28
39, 93
39, 157
39, 221
39, 29
39, 94
39, 158
39, 222
39, 30
39, 95
39, 159
39, 223
39, 31
39, 96
39, 160
39, 224
39, 32
39, 97
39, 161
39, 225
39, 33
39, 98
39, 162
39, 226
39, 34
39, 99
39, 163
39, 227
39, 35
39, 100
39, 164
39, 228
39, 36
39, 101
39, 165
39, 229
39, 37
39, 102
39, 166
39, 230
39, 38
39, 103
39, 167
39, 231
39, 39
39, 104
39, 168
39, 232
39, 40
39, 41
39, 105
39, 169
39, 233
39, 42
39, 106
39, 170
39, 234
39, 43
39, 107
39, 171
39, 235
39, 44
39, 108
39, 172
39, 236
39, 45
39, 109
39, 173
39, 237
39, 46
39, 110
39, 174
39, 238
39, 47
39, 111
39, 175
39, 239
39, 48
39, 112
39, 176
39, 240
39, 49
39, 113
39, 177
39, 241
39, 50
39, 114
39, 178
39, 242
39, 51
39, 115
39, 179
39, 243
39, 52
39, 116
39, 180
39, 244
39, 53
39, 117
39, 181
39, 245
39, 54
39, 118
39, 182
39, 246
39, 55
39, 119
39, 183
39, 247
39, 56
39, 120
39, 184
39, 248
39, 57
39, 121
39, 185
39, 249
39, 58
39, 122
39, 186
39, 250
39, 59
39, 123
39, 187
39, 60
39, 124
39, 188
39, 61
39, 125
39, 189
39, 62
39, 126
39, 190
39, 63
39, 127
39, 191
232, 192
232, 128
232, 64
232, 193
232, 129
232, 65
232, 1
232, 2
232, 66
232, 130
232, 194
232, 3
232, 67
232, 131
232, 195
232, 4
232, 68
232, 132
232, 196
232, 5
232, 69
232, 133
232, 197
232, 6
232, 70
232, 134
232, 198
232, 7
232, 71
232, 135
232, 199
232, 8
232, 72
232, 136
232, 200
232, 9
232, 73
232, 137
232, 201
232, 10
232, 74
232, 138
232, 202
232, 11
232, 75
232, 139
232, 203
232, 12
232, 76
232, 140
232, 204
232, 13
232, 77
232, 141
232, 205
232, 14
232, 78
232, 142
232, 206
232, 15
232, 79
232, 143
232, 207
232, 16
232, 80
232, 144
232, 208
232, 17
232, 81
232, 145
232, 209
232, 18
232, 82
232, 146
232, 210
232, 19
232, 83
232, 147
232, 211
232, 20
232, 84
232, 148
232, 212
232, 21
232, 85
232, 149
232, 213
232, 22
232, 86
232, 150
232, 214
232, 23
232, 87
232, 151
232, 215
232, 24
232, 88
232, 152
232, 216
232, 25
232, 89
232, 153
232, 217
232, 26
232, 90
232, 154
232, 218
232, 27
232, 91
232, 155
232, 219
232, 28
232, 92
232, 156
232, 220
232, 29
232, 93
232, 157
232, 221
232, 30
232, 94
232, 158
232, 222
232, 31
232, 95
232, 159
232, 223
232, 32
232, 96
232, 160
232, 224
232, 33
232, 97
232, 161
232, 225
232, 34
232, 98
232, 162
232, 226
232, 35
232, 99
232, 163
232, 227
232, 36
232, 100
232, 164
232, 228
232, 37
232, 101
232, 165
232, 229
232, 38
232, 102
232, 166
232, 230
232, 39
232, 103
232, 167
232, 231
232, 40
232, 104
232, 168
232, 232
232, 41
232, 105
232, 169
232, 233
232, 234
232, 42
232, 106
232, 170
232, 235
232, 43
232, 107
232, 171
232, 236
232, 44
232, 108
232, 172
232, 237
232, 45
232, 109
232, 173
232, 238
232, 46
232, 110
232, 174
232, 239
232, 47
232, 111
232, 175
232, 240
232, 48
232, 112
232, 176
232, 241
232, 49
232, 113
232, 177
232, 242
232, 50
232, 114
232, 178
232, 243
232, 51
232, 115
232, 179
232, 244
232, 52
232, 116
232, 180
232, 245
232, 53
232, 117
232, 181
232, 246
232, 54
232, 118
232, 182
232, 247
232, 55
232, 119
232, 183
232, 248
232, 56
232, 120
232, 184
232, 249
232, 57
232, 121
232, 185
232, 250
232, 58
232, 122
232, 186
232, 59
232, 123
232, 187
232, 60
232, 124
232, 188
232, 61
232, 125
232, 189
232, 62
232, 126
232, 190
232, 63
232, 127
232, 191
168, 128
168, 64
168, 192
168, 129
168, 65
168, 1
168, 193
168, 194
168, 2
168, 66
168, 130
168, 195
168, 3
168, 67
168, 131
168, 196
168, 4
168, 68
168, 132
168, 197
168, 5
168, 69
168, 133
168, 198
168, 6
168, 70
168, 134
168, 199
168, 7
168, 71
168, 135
168, 200
168, 8
168, 72
168, 136
168, 201
168, 9
168, 73
168, 137
168, 202
168, 10
168, 74
168, 138
168, 203
168, 11
168, 75
168, 139
168, 204
168, 12
168, 76
168, 140
168, 205
168, 13
168, 77
168, 141
168, 206
168, 14
168, 78
168, 142
168, 207
168, 15
168, 79
168, 143
168, 208
168, 16
168, 80
168, 144
168, 209
168, 17
168, 81
168, 145
168, 210
168, 18
168, 82
168, 146
168, 211
168, 19
168, 83
168, 147
168, 212
168, 20
168, 84
168, 148
168, 213
168, 21
168, 85
168, 149
168, 214
168, 22
168, 86
168, 150
168, 215
168, 23
168, 87
168, 151
168, 216
168, 24
168, 88
168, 152
168, 217
168, 25
168, 89
168, 153
168, 218
168, 26
168, 90
168, 154
168, 219
168, 27
168, 91
168, 155
168, 220
168, 28
168, 92
168, 156
168, 221
168, 29
168, 93
168, 157
168, 222
168, 30
168, 94
168, 158
168, 223
168, 31
168, 95
168, 159
168, 224
168, 32
168, 96
168, 160
168, 225
168, 33
168, 97
168, 161
168, 226
168, 34
168, 98
168, 162
168, 227
168, 35
168, 99
168, 163
168, 228
168, 36
168, 100
168, 164
168, 229
168, 37
168, 101
168, 165
168, 230
168, 38
168, 102
168, 166
168, 231
168, 39
168, 103
168, 167
168, 232
168, 40
168, 104
168, 168
168, 233
168, 41
168, 105
168, 169
168, 170
168, 234
168, 42
168, 106
168, 171
168, 235
168, 43
168, 107
168, 172
168, 236
168, 44
168, 108
168, 173
168, 237
168, 45
168, 109
168, 174
168, 238
168, 46
168, 110
168, 175
168, 239
168, 47
168, 111
168, 176
168, 240
168, 48
168, 112
168, 177
168, 241
168, 49
168, 113
168, 178
168, 242
168, 50
168, 114
168, 179
168, 243
168, 51
168, 115
168, 180
168, 244
168, 52
168, 116
168, 181
168, 245
168, 53
168, 117
168, 182
168, 246
168, 54
168, 118
168, 183
168, 247
168, 55
168, 119
168, 184
168, 248
168, 56
168, 120
168, 185
168, 249
168, 57
168, 121
168, 186
168, 250
168, 58
168, 122
168, 187
168, 59
168, 123
168, 188
168, 60
168, 124
168, 189
168, 61
168, 125
168, 190
168, 62
168, 126
168, 191
168, 63
168, 127
104, 64
104, 192
104, 128
104, 65
104, 1
104, 193
104, 129
104, 130
104, 194
104, 2
104, 66
104, 131
104, 195
104, 3
104, 67
104, 132
104, 196
104, 4
104, 68
104, 133
104, 197
104, 5
104, 69
104, 134
104, 198
104, 6
104, 70
104, 135
104, 199
104, 7
104, 71
104, 136
104, 200
104, 8
104, 72
104, 137
104, 201
104, 9
104, 73
104, 138
104, 202
104, 10
104, 74
104, 139
104, 203
104, 11
104, 75
104, 140
104, 204
104, 12
104, 76
104, 141
104, 205
104, 13
104, 77
104, 142
104, 206
104, 14
104, 78
104, 143
104, 207
104, 15
104, 79
104, 144
104, 208
104, 16
104, 80
104, 145
104, 209
104, 17
104, 81
104, 146
104, 210
104, 18
104, 82
104, 147
104, 211
104, 19
104, 83
104, 148
104, 212
104, 20
104, 84
104, 149
104, 213
104, 21
104, 85
104, 150
104, 214
104, 22
104, 86
104, 151
104, 215
104, 23
104, 87
104, 152
104, 216
104, 24
104, 88
104, 153
104, 217
104, 25
104, 89
104, 154
104, 218
104, 26
104, 90
104, 155
104, 219
104, 27
104, 91
104, 156
104, 220
104, 28
104, 92
104, 157
104, 221
104, 29
104, 93
104, 158
104, 222
104, 30
104, 94
104, 159
104, 223
104, 31
104, 95
104, 160
104, 224
104, 32
104, 96
104, 161
104, 225
104, 33
104, 97
104, 162
104, 226
104, 34
104, 98
104, 163
104, 227
104, 35
104, 99
104, 164
104, 228
104, 36
104, 100
104, 165
104, 229
104, 37
104, 101
104, 166
104, 230
104, 38
104, 102
104, 167
104, 231
104, 39
104, 103
104, 168
104, 232
104, 40
104, 104
104, 169
104, 233
104, 41
104, 105
104, 106
104, 170
104, 234
104, 42
104, 107
104, 171
104, 235
104, 43
104, 108
104, 172
104, 236
104, 44
104, 109
104, 173
104, 237
104, 45
104, 110
104, 174
104, 238
104, 46
104, 111
104, 175
104, 239
104, 47
104, 112
104, 176
104, 240
104, 48
104, 113
104, 177
104, 241
104, 49
104, 114
104, 178
104, 242
104, 50
104, 115
104, 179
104, 243
104, 51
104, 116
104, 180
104, 244
104, 52
104, 117
104, 181
104, 245
104, 53
104, 118
104, 182
104, 246
104, 54
104, 119
104, 183
104, 247
104, 55
104, 120
104, 184
104, 248
104, 56
104, 121
104, 185
104, 249
104, 57
104, 122
104, 186
104, 250
104, 58
104, 123
104, 187
104, 59
104, 124
104, 188
104, 60
104, 125
104, 189
104, 61
104, 126
104, 190
104, 62
104, 127
104, 191
104, 63
40, 192
40, 128
40, 64
40, 1
40, 193
40, 129
40, 65
40, 66
40, 130
40, 194
40, 2
40, 67
40, 131
40, 195
40, 3
40, 68
40, 132
40, 196
40, 4
40, 69
40, 133
40, 197
40, 5
40, 70
40, 134
40, 198
40, 6
40, 71
40, 135
40, 199
40, 7
40, 72
40, 136
40, 200
40, 8
40, 73
40, 137
40, 201
40, 9
40, 74
40, 138
40, 202
40, 10
40, 75
40, 139
40, 203
40, 11
40, 76
40, 140
40, 204
40, 12
40, 77
40, 141
40, 205
40, 13
40, 78
40, 142
40, 206
40, 14
40, 79
40, 143
40, 207
40, 15
40, 80
40, 144
40, 208
40, 16
40, 81
40, 145
40, 209
40, 17
40, 82
40, 146
40, 210
40, 18
40, 83
40, 147
40, 211
40, 19
40, 84
40, 148
40, 212
40, 20
40, 85
40, 149
40, 213
40, 21
40, 86
40, 150
40, 214
40, 22
40, 87
40, 151
40, 215
40, 23
40, 88
40, 152
40, 216
40, 24
40, 89
40, 153
40, 217
40, 25
40, 90
40, 154
40, 218
40, 26
40, 91
40, 155
40, 219
40, 27
40, 92
40, 156
40, 220
40, 28
40, 93
40, 157
40, 221
40, 29
40, 94
40, 158
40, 222
40, 30
40, 95
40, 159
40, 223
40, 31
40, 96
40, 160
40, 224
40, 32
40, 97
40, 161
40, 225
40, 33
40, 98
40, 162
40, 226
40, 34
40, 99
40, 163
40, 227
40, 35
40, 100
40, 164
40, 228
40, 36
40, 101
40, 165
40, 229
40, 37
40, 102
40, 166
40, 230
40, 38
40, 103
40, 167
40, 231
40, 39
40, 104
40, 168
40, 232
40, 40
40, 105
40, 169
40, 233
40, 41
40, 42
40, 106
40, 170
40, 234
40, 43
40, 107
40, 171
40, 235
40, 44
40, 108
40, 172
40, 236
40, 45
40, 109
40, 173
40, 237
40, 46
40, 110
40, 174
40, 238
40, 47
40, 111
40, 175
40, 239
40, 48
40, 112
40, 176
40, 240
40, 49
40, 113
40, 177
40, 241
40, 50
40, 114
40, 178
40, 242
40, 51
40, 115
40, 179
40, 243
40, 52
40, 116
40, 180
40, 244
40, 53
40, 117
40, 181
40, 245
40, 54
40, 118
40, 182
40, 246
40, 55
40, 119
40, 183
40, 247
40, 56
40, 120
40, 184
40, 248
40, 57
40, 121
40, 185
40, 249
40, 58
40, 122
40, 186
40, 250
40, 59
40, 123
40, 187
40, 60
40, 124
40, 188
40, 61
40, 125
40, 189
40, 62
40, 126
40, 190
40, 63
40, 127
40, 191
233, 192
233, 128
233, 64
233, 193
233, 129
233, 65
233, 1
233, 2
233, 66
233, 130
233, 194
233, 3
233, 67
233, 131
233, 195
233, 4
233, 68
233, 132
233, 196
233, 5
233, 69
233, 133
233, 197
233, 6
233, 70
233, 134
233, 198
233, 7
233, 71
233, 135
233, 199
233, 8
233, 72
233, 136
233, 200
233, 9
233, 73
233, 137
233, 201
233, 10
233, 74
233, 138
233, 202
233, 11
233, 75
233, 139
233, 203
233, 12
233, 76
233, 140
233, 204
233, 13
233, 77
233, 141
233, 205
233, 14
233, 78
233, 142
233, 206
233, 15
233, 79
233, 143
233, 207
233, 16
233, 80
233, 144
233, 208
233, 17
233, 81
233, 145
233, 209
233, 18
233, 82
233, 146
233, 210
233, 19
233, 83
233, 147
233, 211
233, 20
233, 84
233, 148
233, 212
233, 21
233, 85
233, 149
233, 213
233, 22
233, 86
233, 150
233, 214
233, 23
233, 87
233, 151
233, 215
233, 24
233, 88
233, 152
233, 216
233, 25
233, 89
233, 153
233, 217
233, 26
233, 90
233, 154
233, 218
233, 27
233, 91
233, 155
233, 219
233, 28
233, 92
233, 156
233, 220
233, 29
233, 93
233, 157
233, 221
233, 30
233, 94
233, 158
233, 222
233, 31
233, 95
233, 159
233, 223
233, 32
233, 96
233, 160
233, 224
233, 33
233, 97
233, 161
233, 225
233, 34
233, 98
233, 162
233, 226
233, 35
233, 99
233, 163
233, 227
233, 36
233, 100
233, 164
233, 228
233, 37
233, 101
233, 165
233, 229
233, 38
233, 102
233, 166
233, 230
233, 39
233, 103
233, 167
233, 231
233, 40
233, 104
233, 168
233, 232
233, 41
233, 105
233, 169
233, 233
233, 42
233, 106
233, 170
233, 234
233, 235
233, 43
233, 107
233, 171
233, 236
233, 44
233, 108
233, 172
233, 237
233, 45
233, 109
233, 173
233, 238
233, 46
233, 110
233, 174
233, 239
233, 47
233, 111
233, 175
233, 240
233, 48
233, 112
233, 176
233, 241
233, 49
233, 113
233, 177
233, 242
233, 50
233, 114
233, 178
233, 243
233, 51
233, 115
233, 179
233, 244
233, 52
233, 116
233, 180
233, 245
233, 53
233, 117
233, 181
233, 246
233, 54
233, 118
233, 182
233, 247
233, 55
233, 119
233, 183
233, 248
233, 56
233, 120
233, 184
233, 249
233, 57
233, 121
233, 185
233, 250
233, 58
233, 122
233, 186
233, 59
233, 123
233, 187
233, 60
233, 124
233, 188
233, 61
233, 125
233, 189
233, 62
233, 126
233, 190
233, 63
233, 127
233, 191
169, 128
169, 64
169, 192
169, 129
169, 65
169, 1
169, 193
169, 194
169, 2
169, 66
169, 130
169, 195
169, 3
169, 67
169, 131
169, 196
169, 4
169, 68
169, 132
169, 197
169, 5
169, 69
169, 133
169, 198
169, 6
169, 70
169, 134
169, 199
169, 7
169, 71
169, 135
169, 200
169, 8
169, 72
169, 136
169, 201
169, 9
169, 73
169, 137
169, 202
169, 10
169, 74
169, 138
169, 203
169, 11
169, 75
169, 139
169, 204
169, 12
169, 76
169, 140
169, 205
169, 13
169, 77
169, 141
169, 206
169, 14
169, 78
169, 142
169, 207
169, 15
169, 79
169, 143
169, 208
169, 16
169, 80
169, 144
169, 209
169, 17
169, 81
169, 145
169, 210
169, 18
169, 82
169, 146
169, 211
169, 19
169, 83
169, 147
169, 212
169, 20
169, 84
169, 148
169, 213
169, 21
169, 85
169, 149
169, 214
169, 22
169, 86
169, 150
169, 215
169, 23
169, 87
169, 151
169, 216
169, 24
169, 88
169, 152
169, 217
169, 25
169, 89
169, 153
169, 218
169, 26
169, 90
169, 154
169, 219
169, 27
169, 91
169, 155
169, 220
169, 28
169, 92
169, 156
169, 221
169, 29
169, 93
169, 157
169, 222
169, 30
169, 94
169, 158
169, 223
169, 31
169, 95
169, 159
169, 224
169, 32
169, 96
169, 160
169, 225
169, 33
169, 97
169, 161
169, 226
169, 34
169, 98
169, 162
169, 227
169, 35
169, 99
169, 163
169, 228
169, 36
169, 100
169, 164
169, 229
169, 37
169, 101
169, 165
169, 230
169, 38
169, 102
169, 166
169, 231
169, 39
169, 103
169, 167
169, 232
169, 40
169, 104
169, 168
169, 233
169, 41
169, 105
169, 169
169, 234
169, 42
169, 106
169, 170
169, 171
169, 235
169, 43
169, 107
169, 172
169, 236
169, 44
169, 108
169, 173
169, 237
169, 45
169, 109
169, 174
169, 238
169, 46
169, 110
169, 175
169, 239
169, 47
169, 111
169, 176
169, 240
169, 48
169, 112
169, 177
169, 241
169, 49
169, 113
169, 178
169, 242
169, 50
169, 114
169, 179
169, 243
169, 51
169, 115
169, 180
169, 244
169, 52
169, 116
169, 181
169, 245
169, 53
169, 117
169, 182
169, 246
169, 54
169, 118
169, 183
169, 247
169, 55
169, 119
169, 184
169, 248
169, 56
169, 120
169, 185
169, 249
169, 57
169, 121
169, 186
169, 250
169, 58
169, 122
169, 187
169, 59
169, 123
169, 188
169, 60
169, 124
169, 189
169, 61
169, 125
169, 190
169, 62
169, 126
169, 191
169, 63
169, 127
105, 64
105, 192
105, 128
105, 65
105, 1
105, 193
105, 129
105, 130
105, 194
105, 2
105, 66
105, 131
105, 195
105, 3
105, 67
105, 132
105, 196
105, 4
105, 68
105, 133
105, 197
105, 5
105, 69
105, 134
105, 198
105, 6
105, 70
105, 135
105, 199
105, 7
105, 71
105, 136
105, 200
105, 8
105, 72
105, 137
105, 201
105, 9
105, 73
105, 138
105, 202
105, 10
105, 74
105, 139
105, 203
105, 11
105, 75
105, 140
105, 204
105, 12
105, 76
105, 141
105, 205
105, 13
105, 77
105, 142
105, 206
105, 14
105, 78
105, 143
105, 207
105, 15
105, 79
105, 144
105, 208
105, 16
105, 80
105, 145
105, 209
105, 17
105, 81
105, 146
105, 210
105, 18
105, 82
105, 147
105, 211
105, 19
105, 83
105, 148
105, 212
105, 20
105, 84
105, 149
105, 213
105, 21
105, 85
105, 150
105, 214
105, 22
105, 86
105, 151
105, 215
105, 23
105, 87
105, 152
105, 216
105, 24
105, 88
105, 153
105, 217
105, 25
105, 89
105, 154
105, 218
105, 26
105, 90
105, 155
105, 219
105, 27
105, 91
105, 156
105, 220
105, 28
105, 92
105, 157
105, 221
105, 29
105, 93
105, 158
105, 222
105, 30
105, 94
105, 159
105, 223
105, 31
105, 95
105, 160
105, 224
105, 32
105, 96
105, 161
105, 225
105, 33
105, 97
105, 162
105, 226
105, 34
105, 98
105, 163
105, 227
105, 35
105, 99
105, 164
105, 228
105, 36
105, 100
105, 165
105, 229
105, 37
105, 101
105, 166
105, 230
105, 38
105, 102
105, 167
105, 231
105, 39
105, 103
105, 168
105, 232
105, 40
105, 104
105, 169
105, 233
105, 41
105, 105
105, 170
105, 234
105, 42
105, 106
105, 107
105, 171
105, 235
105, 43
105, 108
105, 172
105, 236
105, 44
105, 109
105, 173
105, 237
105, 45
105, 110
105, 174
105, 238
105, 46
105, 111
105, 175
105, 239
105, 47
105, 112
105, 176
105, 240
105, 48
105, 113
105, 177
105, 241
105, 49
105, 114
105, 178
105, 242
105, 50
105, 115
105, 179
105, 243
105, 51
105, 116
105, 180
105, 244
105, 52
105, 117
105, 181
105, 245
105, 53
105, 118
105, 182
105, 246
105, 54
105, 119
105, 183
105, 247
105, 55
105, 120
105, 184
105, 248
105, 56
105, 121
105, 185
105, 249
105, 57
105, 122
105, 186
105, 250
105, 58
105, 123
105, 187
105, 59
105, 124
105, 188
105, 60
105, 125
105, 189
105, 61
105, 126
105, 190
105, 62
105, 127
105, 191
105, 63
41, 192
41, 128
41, 64
41, 1
41, 193
41, 129
41, 65
41, 66
41, 130
41, 194
41, 2
41, 67
41, 131
41, 195
41, 3
41, 68
41, 132
41, 196
41, 4
41, 69
41, 133
41, 197
41, 5
41, 70
41, 134
41, 198
41, 6
41, 71
41, 135
41, 199
41, 7
41, 72
41, 136
41, 200
41, 8
41, 73
41, 137
41, 201
41, 9
41, 74
41, 138
41, 202
41, 10
41, 75
41, 139
41, 203
41, 11
41, 76
41, 140
41, 204
41, 12
41, 77
41, 141
41, 205
41, 13
41, 78
41, 142
41, 206
41, 14
41, 79
41, 143
41, 207
41, 15
41, 80
41, 144
41, 208
41, 16
41, 81
41, 145
41, 209
41, 17
41, 82
41, 146
41, 210
41, 18
41, 83
41, 147
41, 211
41, 19
41, 84
41, 148
41, 212
41, 20
41, 85
41, 149
41, 213
41, 21
41, 86
41, 150
41, 214
41, 22
41, 87
41, 151
41, 215
41, 23
41, 88
41, 152
41, 216
41, 24
41, 89
41, 153
41, 217
41, 25
41, 90
41, 154
41, 218
41, 26
41, 91
41, 155
41, 219
41, 27
41, 92
41, 156
41, 220
41, 28
41, 93
41, 157
41, 221
41, 29
41, 94
41, 158
41, 222
41, 30
41, 95
41, 159
41, 223
41, 31
41, 96
41, 160
41, 224
41, 32
41, 97
41, 161
41, 225
41, 33
41, 98
41, 162
41, 226
41, 34
41, 99
41, 163
41, 227
41, 35
41, 100
41, 164
41, 228
41, 36
41, 101
41, 165
41, 229
41, 37
41, 102
41, 166
41, 230
41, 38
41, 103
41, 167
41, 231
41, 39
41, 104
41, 168
41, 232
41, 40
41, 105
41, 169
41, 233
41, 41
41, 106
41, 170
41, 234
41, 42
41, 43
41, 107
41, 171
41, 235
41, 44
41, 108
41, 172
41, 236
41, 45
41, 109
41, 173
41, 237
41, 46
41, 110
41, 174
41, 238
41, 47
41, 111
41, 175
41, 239
41, 48
41, 112
41, 176
41, 240
41, 49
41, 113
41, 177
41, 241
41, 50
41, 114
41, 178
41, 242
41, 51
41, 115
41, 179
41, 243
41, 52
41, 116
41, 180
41, 244
41, 53
41, 117
41, 181
41, 245
41, 54
41, 118
41, 182
41, 246
41, 55
41, 119
41, 183
41, 247
41, 56
41, 120
41, 184
41, 248
41, 57
41, 121
41, 185
41, 249
41, 58
41, 122
41, 186
41, 250
41, 59
41, 123
41, 187
41, 60
41, 124
41, 188
41, 61
41, 125
41, 189
41, 62
41, 126
41, 190
41, 63
41, 127
41, 191
234, 192
234, 128
234, 64
234, 193
234, 129
234, 65
234, 1
234, 2
234, 66
234, 130
234, 194
234, 3
234, 67
234, 131
234, 195
234, 4
234, 68
234, 132
234, 196
234, 5
234, 69
234, 133
234, 197
234, 6
234, 70
234, 134
234, 198
234, 7
234, 71
234, 135
234, 199
234, 8
234, 72
234, 136
234, 200
234, 9
234, 73
234, 137
234, 201
234, 10
234, 74
234, 138
234, 202
234, 11
234, 75
234, 139
234, 203
234, 12
234, 76
234, 140
234, 204
234, 13
234, 77
234, 141
234, 205
234, 14
234, 78
234, 142
234, 206
234, 15
234, 79
234, 143
234, 207
234, 16
234, 80
234, 144
234, 208
234, 17
234, 81
234, 145
234, 209
234, 18
234, 82
234, 146
234, 210
234, 19
234, 83
234, 147
234, 211
234, 20
234, 84
234, 148
234, 212
234, 21
234, 85
234, 149
234, 213
234, 22
234, 86
234, 150
234, 214
234, 23
234, 87
234, 151
234, 215
234, 24
234, 88
234, 152
234, 216
234, 25
234, 89
234, 153
234, 217
234, 26
234, 90
234, 154
234, 218
234, 27
234, 91
234, 155
234, 219
234, 28
234, 92
234, 156
234, 220
234, 29
234, 93
234, 157
234, 221
234, 30
234, 94
234, 158
234, 222
234, 31
234, 95
234, 159
234, 223
234, 32
234, 96
234, 160
234, 224
234, 33
234, 97
234, 161
234, 225
234, 34
234, 98
234, 162
234, 226
234, 35
234, 99
234, 163
234, 227
234, 36
234, 100
234, 164
234, 228
234, 37
234, 101
234, 165
234, 229
234, 38
234, 102
234, 166
234, 230
234, 39
234, 103
234, 167
234, 231
234, 40
234, 104
234, 168
234, 232
234, 41
234, 105
234, 169
234, 233
234, 42
234, 106
234, 170
234, 234
234, 43
234, 107
234, 171
234, 235
234, 236
234, 44
234, 108
234, 172
234, 237
234, 45
234, 109
234, 173
234, 238
234, 46
234, 110
234, 174
234, 239
234, 47
234, 111
234, 175
234, 240
234, 48
234, 112
234, 176
234, 241
234, 49
234, 113
234, 177
234, 242
234, 50
234, 114
234, 178
234, 243
234, 51
234, 115
234, 179
234, 244
234, 52
234, 116
234, 180
234, 245
234, 53
234, 117
234, 181
234, 246
234, 54
234, 118
234, 182
234, 247
234, 55
234, 119
234, 183
234, 248
234, 56
234, 120
234, 184
234, 249
234, 57
234, 121
234, 185
234, 250
234, 58
234, 122
234, 186
234, 59
234, 123
234, 187
234, 60
234, 124
234, 188
234, 61
234, 125
234, 189
234, 62
234, 126
234, 190
234, 63
234, 127
234, 191
170, 128
170, 64
170, 192
170, 129
170, 65
170, 1
170, 193
170, 194
170, 2
170, 66
170, 130
170, 195
170, 3
170, 67
170, 131
170, 196
170, 4
170, 68
170, 132
170, 197
170, 5
170, 69
170, 133
170, 198
170, 6
170, 70
170, 134
170, 199
170, 7
170, 71
170, 135
170, 200
170, 8
170, 72
170, 136
170, 201
170, 9
170, 73
170, 137
170, 202
170, 10
170, 74
170, 138
170, 203
170, 11
170, 75
170, 139
170, 204
170, 12
170, 76
170, 140
170, 205
170, 13
170, 77
170, 141
170, 206
170, 14
170, 78
170, 142
170, 207
170, 15
170, 79
170, 143
170, 208
170, 16
170, 80
170, 144
170, 209
170, 17
170, 81
170, 145
170, 210
170, 18
170, 82
170, 146
170, 211
170, 19
170, 83
170, 147
170, 212
170, 20
170, 84
170, 148
170, 213
170, 21
170, 85
170, 149
170, 214
170, 22
170, 86
170, 150
170, 215
170, 23
170, 87
170, 151
170, 216
170, 24
170, 88
170, 152
170, 217
170, 25
170, 89
170, 153
170, 218
170, 26
170, 90
170, 154
170, 219
170, 27
170, 91
170, 155
170, 220
170, 28
170, 92
170, 156
170, 221
170, 29
170, 93
170, 157
170, 222
170, 30
170, 94
170, 158
170, 223
170, 31
170, 95
170, 159
170, 224
170, 32
170, 96
170, 160
170, 225
170, 33
170, 97
170, 161
170, 226
170, 34
170, 98
170, 162
170, 227
170, 35
170, 99
170, 163
170, 228
170, 36
170, 100
170, 164
170, 229
170, 37
170, 101
170, 165
170, 230
170, 38
170, 102
170, 166
170, 231
170, 39
170, 103
170, 167
170, 232
170, 40
170, 104
170, 168
170, 233
170, 41
170, 105
170, 169
170, 234
170, 42
170, 106
170, 170
170, 235
170, 43
170, 107
170, 171
170, 172
170, 236
170, 44
170, 108
170, 173
170, 237
170, 45
170, 109
170, 174
170, 238
170, 46
170, 110
170, 175
170, 239
170, 47
170, 111
170, 176
170, 240
170, 48
170, 112
170, 177
170, 241
170, 49
170, 113
170, 178
170, 242
170, 50
170, 114
170, 179
170, 243
170, 51
170, 115
170, 180
170, 244
170, 52
170, 116
170, 181
170, 245
170, 53
170, 117
170, 182
170, 246
170, 54
170, 118
170, 183
170, 247
170, 55
170, 119
170, 184
170, 248
170, 56
170, 120
170, 185
170, 249
170, 57
170, 121
170, 186
170, 250
170, 58
170, 122
170, 187
170, 59
170, 123
170, 188
170, 60
170, 124
170, 189
170, 61
170, 125
170, 190
170, 62
170, 126
170, 191
170, 63
170, 127
106, 64
106, 192
106, 128
106, 65
106, 1
106, 193
106, 129
106, 130
106, 194
106, 2
106, 66
106, 131
106, 195
106, 3
106, 67
106, 132
106, 196
106, 4
106, 68
106, 133
106, 197
106, 5
106, 69
106, 134
106, 198
106, 6
106, 70
106, 135
106, 199
106, 7
106, 71
106, 136
106, 200
106, 8
106, 72
106, 137
106, 201
106, 9
106, 73
106, 138
106, 202
106, 10
106, 74
106, 139
106, 203
106, 11
106, 75
106, 140
106, 204
106, 12
106, 76
106, 141
106, 205
106, 13
106, 77
106, 142
106, 206
106, 14
106, 78
106, 143
106, 207
106, 15
106, 79
106, 144
106, 208
106, 16
106, 80
106, 145
106, 209
106, 17
106, 81
106, 146
106, 210
106, 18
106, 82
106, 147
106, 211
106, 19
106, 83
106, 148
106, 212
106, 20
106, 84
106, 149
106, 213
106, 21
106, 85
106, 150
106, 214
106, 22
106, 86
106, 151
106, 215
106, 23
106, 87
106, 152
106, 216
106, 24
106, 88
106, 153
106, 217
106, 25
106, 89
106, 154
106, 218
106, 26
106, 90
106, 155
106, 219
106, 27
106, 91
106, 156
106, 220
106, 28
106, 92
106, 157
106, 221
106, 29
106, 93
106, 158
106, 222
106, 30
106, 94
106, 159
106, 223
106, 31
106, 95
106, 160
106, 224
106, 32
106, 96
106, 161
106, 225
106, 33
106, 97
106, 162
106, 226
106, 34
106, 98
106, 163
106, 227
106, 35
106, 99
106, 164
106, 228
106, 36
106, 100
106, 165
106, 229
106, 37
106, 101
106, 166
106, 230
106, 38
106, 102
106, 167
106, 231
106, 39
106, 103
106, 168
106, 232
106, 40
106, 104
106, 169
106, 233
106, 41
106, 105
106, 170
106, 234
106, 42
106, 106
106, 171
106, 235
106, 43
106, 107
106, 108
106, 172
106, 236
106, 44
106, 109
106, 173
106, 237
106, 45
106, 110
106, 174
106, 238
106, 46
106, 111
106, 175
106, 239
106, 47
106, 112
106, 176
106, 240
106, 48
106, 113
106, 177
106, 241
106, 49
106, 114
106, 178
106, 242
106, 50
106, 115
106, 179
106, 243
106, 51
106, 116
106, 180
106, 244
106, 52
106, 117
106, 181
106, 245
106, 53
106, 118
106, 182
106, 246
106, 54
106, 119
106, 183
106, 247
106, 55
106, 120
106, 184
106, 248
106, 56
106, 121
106, 185
106, 249
106, 57
106, 122
106, 186
106, 250
106, 58
106, 123
106, 187
106, 59
106, 124
106, 188
106, 60
106, 125
106, 189
106, 61
106, 126
106, 190
106, 62
106, 127
106, 191
106, 63
42, 192
42, 128
42, 64
42, 1
42, 193
42, 129
42, 65
42, 66
42, 130
42, 194
42, 2
42, 67
42, 131
42, 195
42, 3
42, 68
42, 132
42, 196
42, 4
42, 69
42, 133
42, 197
42, 5
42, 70
42, 134
42, 198
42, 6
42, 71
42, 135
42, 199
42, 7
42, 72
42, 136
42, 200
42, 8
42, 73
42, 137
42, 201
42, 9
42, 74
42, 138
42, 202
42, 10
42, 75
42, 139
42, 203
42, 11
42, 76
42, 140
42, 204
42, 12
42, 77
42, 141
42, 205
42, 13
42, 78
42, 142
42, 206
42, 14
42, 79
42, 143
42, 207
42, 15
42, 80
42, 144
42, 208
42, 16
42, 81
42, 145
42, 209
42, 17
42, 82
42, 146
42, 210
42, 18
42, 83
42, 147
42, 211
42, 19
42, 84
42, 148
42, 212
42, 20
42, 85
42, 149
42, 213
42, 21
42, 86
42, 150
42, 214
42, 22
42, 87
42, 151
42, 215
42, 23
42, 88
42, 152
42, 216
42, 24
42, 89
42, 153
42, 217
42, 25
42, 90
42, 154
42, 218
42, 26
42, 91
42, 155
42, 219
42, 27
42, 92
42, 156
42, 220
42, 28
42, 93
42, 157
42, 221
42, 29
42, 94
42, 158
42, 222
42, 30
42, 95
42, 159
42, 223
42, 31
42, 96
42, 160
42, 224
42, 32
42, 97
42, 161
42, 225
42, 33
42, 98
42, 162
42, 226
42, 34
42, 99
42, 163
42, 227
42, 35
42, 100
42, 164
42, 228
42, 36
42, 101
42, 165
42, 229
42, 37
42, 102
42, 166
42, 230
42, 38
42, 103
42, 167
42, 231
42, 39
42, 104
42, 168
42, 232
42, 40
42, 105
42, 169
42, 233
42, 41
42, 106
42, 170
42, 234
42, 42
42, 107
42, 171
42, 235
42, 43
42, 44
42, 108
42, 172
42, 236
42, 45
42, 109
42, 173
42, 237
42, 46
42, 110
42, 174
42, 238
42, 47
42, 111
42, 175
42, 239
42, 48
42, 112
42, 176
42, 240
42, 49
42, 113
42, 177
42, 241
42, 50
42, 114
42, 178
42, 242
42, 51
42, 115
42, 179
42, 243
42, 52
42, 116
42, 180
42, 244
42, 53
42, 117
42, 181
42, 245
42, 54
42, 118
42, 182
42, 246
42, 55
42, 119
42, 183
42, 247
42, 56
42, 120
42, 184
42, 248
42, 57
42, 121
42, 185
42, 249
42, 58
42, 122
42, 186
42, 250
42, 59
42, 123
42, 187
42, 60
42, 124
42, 188
42, 61
42, 125
42, 189
42, 62
42, 126
42, 190
42, 63
42, 127
42, 191
235, 192
235, 128
235, 64
235, 193
235, 129
235, 65
235, 1
235, 2
235, 66
235, 130
235, 194
235, 3
235, 67
235, 131
235, 195
235, 4
235, 68
235, 132
235, 196
235, 5
235, 69
235, 133
235, 197
235, 6
235, 70
235, 134
235, 198
235, 7
235, 71
235, 135
235, 199
235, 8
235, 72
235, 136
235, 200
235, 9
235, 73
235, 137
235, 201
235, 10
235, 74
235, 138
235, 202
235, 11
235, 75
235, 139
235, 203
235, 12
235, 76
235, 140
235, 204
235, 13
235, 77
235, 141
235, 205
235, 14
235, 78
235, 142
235, 206
235, 15
235, 79
235, 143
235, 207
235, 16
235, 80
235, 144
235, 208
235, 17
235, 81
235, 145
235, 209
235, 18
235, 82
235, 146
235, 210
235, 19
235, 83
235, 147
235, 211
235, 20
235, 84
235, 148
235, 212
235, 21
235, 85
235, 149
235, 213
235, 22
235, 86
235, 150
235, 214
235, 23
235, 87
235, 151
235, 215
235, 24
235, 88
235, 152
235, 216
235, 25
235, 89
235, 153
235, 217
235, 26
235, 90
235, 154
235, 218
235, 27
235, 91
235, 155
235, 219
235, 28
235, 92
235, 156
235, 220
235, 29
235, 93
235, 157
235, 221
235, 30
235, 94
235, 158
235, 222
235, 31
235, 95
235, 159
235, 223
235, 32
235, 96
235, 160
235, 224
235, 33
235, 97
235, 161
235, 225
235, 34
235, 98
235, 162
235, 226
235, 35
235, 99
235, 163
235, 227
235, 36
235, 100
235, 164
235, 228
235, 37
235, 101
235, 165
235, 229
235, 38
235, 102
235, 166
235, 230
235, 39
235, 103
235, 167
235, 231
235, 40
235, 104
235, 168
235, 232
235, 41
235, 105
235, 169
235, 233
235, 42
235, 106
235, 170
235, 234
235, 43
235, 107
235, 171
235, 235
235, 44
235, 108
235, 172
235, 236
235, 237
235, 45
235, 109
235, 173
235, 238
235, 46
235, 110
235, 174
235, 239
235, 47
235, 111
235, 175
235, 240
235, 48
235, 112
235, 176
235, 241
235, 49
235, 113
235, 177
235, 242
235, 50
235, 114
235, 178
235, 243
235, 51
235, 115
235, 179
235, 244
235, 52
235, 116
235, 180
235, 245
235, 53
235, 117
235, 181
235, 246
235, 54
235, 118
235, 182
235, 247
235, 55
235, 119
235, 183
235, 248
235, 56
235, 120
235, 184
235, 249
235, 57
235, 121
235, 185
235, 250
235, 58
235, 122
235, 186
235, 59
235, 123
235, 187
235, 60
235, 124
235, 188
235, 61
235, 125
235, 189
235, 62
235, 126
235, 190
235, 63
235, 127
235, 191
171, 128
171, 64
171, 192
171, 129
171, 65
171, 1
171, 193
171, 194
171, 2
171, 66
171, 130
171, 195
171, 3
171, 67
171, 131
171, 196
171, 4
171, 68
171, 132
171, 197
171, 5
171, 69
171, 133
171, 198
171, 6
171, 70
171, 134
171, 199
171, 7
171, 71
171, 135
171, 200
171, 8
171, 72
171, 136
171, 201
171, 9
171, 73
171, 137
171, 202
171, 10
171, 74
171, 138
171, 203
171, 11
171, 75
171, 139
171, 204
171, 12
171, 76
171, 140
171, 205
171, 13
171, 77
171, 141
171, 206
171, 14
171, 78
171, 142
171, 207
171, 15
171, 79
171, 143
171, 208
171, 16
171, 80
171, 144
171, 209
171, 17
171, 81
171, 145
171, 210
171, 18
171, 82
171, 146
171, 211
171, 19
171, 83
171, 147
171, 212
171, 20
171, 84
171, 148
171, 213
171, 21
171, 85
171, 149
171, 214
171, 22
171, 86
171, 150
171, 215
171, 23
171, 87
171, 151
171, 216
171, 24
171, 88
171, 152
171, 217
171, 25
171, 89
171, 153
171, 218
171, 26
171, 90
171, 154
171, 219
171, 27
171, 91
171, 155
171, 220
171, 28
171, 92
171, 156
171, 221
171, 29
171, 93
171, 157
171, 222
171, 30
171, 94
171, 158
171, 223
171, 31
171, 95
171, 159
171, 224
171, 32
171, 96
171, 160
171, 225
171, 33
171, 97
171, 161
171, 226
171, 34
171, 98
171, 162
171, 227
171, 35
171, 99
171, 163
171, 228
171, 36
171, 100
171, 164
171, 229
171, 37
171, 101
171, 165
171, 230
171, 38
171, 102
171, 166
171, 231
171, 39
171, 103
171, 167
171, 232
171, 40
171, 104
171, 168
171, 233
171, 41
171, 105
171, 169
171, 234
171, 42
171, 106
171, 170
171, 235
171, 43
171, 107
171, 171
171, 236
171, 44
171, 108
171, 172
171, 173
171, 237
171, 45
171, 109
171, 174
171, 238
171, 46
171, 110
171, 175
171, 239
171, 47
171, 111
171, 176
171, 240
171, 48
171, 112
171, 177
171, 241
171, 49
171, 113
171, 178
171, 242
171, 50
171, 114
171, 179
171, 243
171, 51
171, 115
171, 180
171, 244
171, 52
171, 116
171, 181
171, 245
171, 53
171, 117
171, 182
171, 246
171, 54
171, 118
171, 183
171, 247
171, 55
171, 119
171, 184
171, 248
171, 56
171, 120
171, 185
171, 249
171, 57
171, 121
171, 186
171, 250
171, 58
171, 122
171, 187
171, 59
171, 123
171, 188
171, 60
171, 124
171, 189
171, 61
171, 125
171, 190
171, 62
171, 126
171, 191
171, 63
171, 127
107, 64
107, 192
107, 128
107, 65
107, 1
107, 193
107, 129
107, 130
107, 194
107, 2
107, 66
107, 131
107, 195
107, 3
107, 67
107, 132
107, 196
107, 4
107, 68
107, 133
107, 197
107, 5
107, 69
107, 134
107, 198
107, 6
107, 70
107, 135
107, 199
107, 7
107, 71
107, 136
107, 200
107, 8
107, 72
107, 137
107, 201
107, 9
107, 73
107, 138
107, 202
107, 10
107, 74
107, 139
107, 203
107, 11
107, 75
107, 140
107, 204
107, 12
107, 76
107, 141
107, 205
107, 13
107, 77
107, 142
107, 206
107, 14
107, 78
107, 143
107, 207
107, 15
107, 79
107, 144
107, 208
107, 16
107, 80
107, 145
107, 209
107, 17
107, 81
107, 146
107, 210
107, 18
107, 82
107, 147
107, 211
107, 19
107, 83
107, 148
107, 212
107, 20
107, 84
107, 149
107, 213
107, 21
107, 85
107, 150
107, 214
107, 22
107, 86
107, 151
107, 215
107, 23
107, 87
107, 152
107, 216
107, 24
107, 88
107, 153
107, 217
107, 25
107, 89
107, 154
107, 218
107, 26
107, 90
107, 155
107, 219
107, 27
107, 91
107, 156
107, 220
107, 28
107, 92
107, 157
107, 221
107, 29
107, 93
107, 158
107, 222
107, 30
107, 94
107, 159
107, 223
107, 31
107, 95
107, 160
107, 224
107, 32
107, 96
107, 161
107, 225
107, 33
107, 97
107, 162
107, 226
107, 34
107, 98
107, 163
107, 227
107, 35
107, 99
107, 164
107, 228
107, 36
107, 100
107, 165
107, 229
107, 37
107, 101
107, 166
107, 230
107, 38
107, 102
107, 167
107, 231
107, 39
107, 103
107, 168
107, 232
107, 40
107, 104
107, 169
107, 233
107, 41
107, 105
107, 170
107, 234
107, 42
107, 106
107, 171
107, 235
107, 43
107, 107
107, 172
107, 236
107, 44
107, 108
107, 109
107, 173
107, 237
107, 45
107, 110
107, 174
107, 238
107, 46
107, 111
107, 175
107, 239
107, 47
107, 112
107, 176
107, 240
107, 48
107, 113
107, 177
107, 241
107, 49
107, 114
107, 178
107, 242
107, 50
107, 115
107, 179
107, 243
107, 51
107, 116
107, 180
107, 244
107, 52
107, 117
107, 181
107, 245
107, 53
107, 118
107, 182
107, 246
107, 54
107, 119
107, 183
107, 247
107, 55
107, 120
107, 184
107, 248
107, 56
107, 121
107, 185
107, 249
107, 57
107, 122
107, 186
107, 250
107, 58
107, 123
107, 187
107, 59
107, 124
107, 188
107, 60
107, 125
107, 189
107, 61
107, 126
107, 190
107, 62
107, 127
107, 191
107, 63
43, 192
43, 128
43, 64
43, 1
43, 193
43, 129
43, 65
43, 66
43, 130
43, 194
43, 2
43, 67
43, 131
43, 195
43, 3
43, 68
43, 132
43, 196
43, 4
43, 69
43, 133
43, 197
43, 5
43, 70
43, 134
43, 198
43, 6
43, 71
43, 135
43, 199
43, 7
43, 72
43, 136
43, 200
43, 8
43, 73
43, 137
43, 201
43, 9
43, 74
43, 138
43, 202
43, 10
43, 75
43, 139
43, 203
43, 11
43, 76
43, 140
43, 204
43, 12
43, 77
43, 141
43, 205
43, 13
43, 78
43, 142
43, 206
43, 14
43, 79
43, 143
43, 207
43, 15
43, 80
43, 144
43, 208
43, 16
43, 81
43, 145
43, 209
43, 17
43, 82
43, 146
43, 210
43, 18
43, 83
43, 147
43, 211
43, 19
43, 84
43, 148
43, 212
43, 20
43, 85
43, 149
43, 213
43, 21
43, 86
43, 150
43, 214
43, 22
43, 87
43, 151
43, 215
43, 23
43, 88
43, 152
43, 216
43, 24
43, 89
43, 153
43, 217
43, 25
43, 90
43, 154
43, 218
43, 26
43, 91
43, 155
43, 219
43, 27
43, 92
43, 156
43, 220
43, 28
43, 93
43, 157
43, 221
43, 29
43, 94
43, 158
43, 222
43, 30
43, 95
43, 159
43, 223
43, 31
43, 96
43, 160
43, 224
43, 32
43, 97
43, 161
43, 225
43, 33
43, 98
43, 162
43, 226
43, 34
43, 99
43, 163
43, 227
43, 35
43, 100
43, 164
43, 228
43, 36
43, 101
43, 165
43, 229
43, 37
43, 102
43, 166
43, 230
43, 38
43, 103
43, 167
43, 231
43, 39
43, 104
43, 168
43, 232
43, 40
43, 105
43, 169
43, 233
43, 41
43, 106
43, 170
43, 234
43, 42
43, 107
43, 171
43, 235
43, 43
43, 108
43, 172
43, 236
43, 44
43, 45
43, 109
43, 173
43, 237
43, 46
43, 110
43, 174
43, 238
43, 47
43, 111
43, 175
43, 239
43, 48
43, 112
43, 176
43, 240
43, 49
43, 113
43, 177
43, 241
43, 50
43, 114
43, 178
43, 242
43, 51
43, 115
43, 179
43, 243
43, 52
43, 116
43, 180
43, 244
43, 53
43, 117
43, 181
43, 245
43, 54
43, 118
43, 182
43, 246
43, 55
43, 119
43, 183
43, 247
43, 56
43, 120
43, 184
43, 248
43, 57
43, 121
43, 185
43, 249
43, 58
43, 122
43, 186
43, 250
43, 59
43, 123
43, 187
43, 60
43, 124
43, 188
43, 61
43, 125
43, 189
43, 62
43, 126
43, 190
43, 63
43, 127
43, 191
236, 192
236, 128
236, 64
236, 193
236, 129
236, 65
236, 1
236, 2
236, 66
236, 130
236, 194
236, 3
236, 67
236, 131
236, 195
236, 4
236, 68
236, 132
236, 196
236, 5
236, 69
236, 133
236, 197
236, 6
236, 70
236, 134
236, 198
236, 7
236, 71
236, 135
236, 199
236, 8
236, 72
236, 136
236, 200
236, 9
236, 73
236, 137
236, 201
236, 10
236, 74
236, 138
236, 202
236, 11
236, 75
236, 139
236, 203
236, 12
236, 76
236, 140
236, 204
236, 13
236, 77
236, 141
236, 205
236, 14
236, 78
236, 142
236, 206
236, 15
236, 79
236, 143
236, 207
236, 16
236, 80
236, 144
236, 208
236, 17
236, 81
236, 145
236, 209
236, 18
236, 82
236, 146
236, 210
236, 19
236, 83
236, 147
236, 211
236, 20
236, 84
236, 148
236, 212
236, 21
236, 85
236, 149
236, 213
236, 22
236, 86
236, 150
236, 214
236, 23
236, 87
236, 151
236, 215
236, 24
236, 88
236, 152
236, 216
236, 25
236, 89
236, 153
236, 217
236, 26
236, 90
236, 154
236, 218
236, 27
236, 91
236, 155
236, 219
236, 28
236, 92
236, 156
236, 220
236, 29
236, 93
236, 157
236, 221
236, 30
236, 94
236, 158
236, 222
236, 31
236, 95
236, 159
236, 223
236, 32
236, 96
236, 160
236, 224
236, 33
236, 97
236, 161
236, 225
236, 34
236, 98
236, 162
236, 226
236, 35
236, 99
236, 163
236, 227
236, 36
236, 100
236, 164
236, 228
236, 37
236, 101
236, 165
236, 229
236, 38
236, 102
236, 166
236, 230
236, 39
236, 103
236, 167
236, 231
236, 40
236, 104
236, 168
236, 232
236, 41
236, 105
236, 169
236, 233
236, 42
236, 106
236, 170
236, 234
236, 43
236, 107
236, 171
236, 235
236, 44
236, 108
236, 172
236, 236
236, 45
236, 109
236, 173
236, 237
236, 238
236, 46
236, 110
236, 174
236, 239
236, 47
236, 111
236, 175
236, 240
236, 48
236, 112
236, 176
236, 241
236, 49
236, 113
236, 177
236, 242
236, 50
236, 114
236, 178
236, 243
236, 51
236, 115
236, 179
236, 244
236, 52
236, 116
236, 180
236, 245
236, 53
236, 117
236, 181
236, 246
236, 54
236, 118
236, 182
236, 247
236, 55
236, 119
236, 183
236, 248
236, 56
236, 120
236, 184
236, 249
236, 57
236, 121
236, 185
236, 250
236, 58
236, 122
236, 186
236, 59
236, 123
236, 187
236, 60
236, 124
236, 188
236, 61
236, 125
236, 189
236, 62
236, 126
236, 190
236, 63
236, 127
236, 191
172, 128
172, 64
172, 192
172, 129
172, 65
172, 1
172, 193
172, 194
172, 2
172, 66
172, 130
172, 195
172, 3
172, 67
172, 131
172, 196
172, 4
172, 68
172, 132
172, 197
172, 5
172, 69
172, 133
172, 198
172, 6
172, 70
172, 134
172, 199
172, 7
172, 71
172, 135
172, 200
172, 8
172, 72
172, 136
172, 201
172, 9
172, 73
172, 137
172, 202
172, 10
172, 74
172, 138
172, 203
172, 11
172, 75
172, 139
172, 204
172, 12
172, 76
172, 140
172, 205
172, 13
172, 77
172, 141
172, 206
172, 14
172, 78
172, 142
172, 207
172, 15
172, 79
172, 143
172, 208
172, 16
172, 80
172, 144
172, 209
172, 17
172, 81
172, 145
172, 210
172, 18
172, 82
172, 146
172, 211
172, 19
172, 83
172, 147
172, 212
172, 20
172, 84
172, 148
172, 213
172, 21
172, 85
172, 149
172, 214
172, 22
172, 86
172, 150
172, 215
172, 23
172, 87
172, 151
172, 216
172, 24
172, 88
172, 152
172, 217
172, 25
172, 89
172, 153
172, 218
172, 26
172, 90
172, 154
172, 219
172, 27
172, 91
172, 155
172, 220
172, 28
172, 92
172, 156
172, 221
172, 29
172, 93
172, 157
172, 222
172, 30
172, 94
172, 158
172, 223
172, 31
172, 95
172, 159
172, 224
172, 32
172, 96
172, 160
172, 225
172, 33
172, 97
172, 161
172, 226
172, 34
172, 98
172, 162
172, 227
172, 35
172, 99
172, 163
172, 228
172, 36
172, 100
172, 164
172, 229
172, 37
172, 101
172, 165
172, 230
172, 38
172, 102
172, 166
172, 231
172, 39
172, 103
172, 167
172, 232
172, 40
172, 104
172, 168
172, 233
172, 41
172, 105
172, 169
172, 234
172, 42
172, 106
172, 170
172, 235
172, 43
172, 107
172, 171
172, 236
172, 44
172, 108
172, 172
172, 237
172, 45
172, 109
172, 173
172, 174
172, 238
172, 46
172, 110
172, 175
172, 239
172, 47
172, 111
172, 176
172, 240
172, 48
172, 112
172, 177
172, 241
172, 49
172, 113
172, 178
172, 242
172, 50
172, 114
172, 179
172, 243
172, 51
172, 115
172, 180
172, 244
172, 52
172, 116
172, 181
172, 245
172, 53
172, 117
172, 182
172, 246
172, 54
172, 118
172, 183
172, 247
172, 55
172, 119
172, 184
172, 248
172, 56
172, 120
172, 185
172, 249
172, 57
172, 121
172, 186
172, 250
172, 58
172, 122
172, 187
172, 59
172, 123
172, 188
172, 60
172, 124
172, 189
172, 61
172, 125
172, 190
172, 62
172, 126
172, 191
172, 63
172, 127
108, 64
108, 192
108, 128
108, 65
108, 1
108, 193
108, 129
108, 130
108, 194
108, 2
108, 66
108, 131
108, 195
108, 3
108, 67
108, 132
108, 196
108, 4
108, 68
108, 133
108, 197
108, 5
108, 69
108, 134
108, 198
108, 6
108, 70
108, 135
108, 199
108, 7
108, 71
108, 136
108, 200
108, 8
108, 72
108, 137
108, 201
108, 9
108, 73
108, 138
108, 202
108, 10
108, 74
108, 139
108, 203
108, 11
108, 75
108, 140
108, 204
108, 12
108, 76
108, 141
108, 205
108, 13
108, 77
108, 142
108, 206
108, 14
108, 78
108, 143
108, 207
108, 15
108, 79
108, 144
108, 208
108, 16
108, 80
108, 145
108, 209
108, 17
108, 81
108, 146
108, 210
108, 18
108, 82
108, 147
108, 211
108, 19
108, 83
108, 148
108, 212
108, 20
108, 84
108, 149
108, 213
108, 21
108, 85
108, 150
108, 214
108, 22
108, 86
108, 151
108, 215
108, 23
108, 87
108, 152
108, 216
108, 24
108, 88
108, 153
108, 217
108, 25
108, 89
108, 154
108, 218
108, 26
108, 90
108, 155
108, 219
108, 27
108, 91
108, 156
108, 220
108, 28
108, 92
108, 157
108, 221
108, 29
108, 93
108, 158
108, 222
108, 30
108, 94
108, 159
108, 223
108, 31
108, 95
108, 160
108, 224
108, 32
108, 96
108, 161
108, 225
108, 33
108, 97
108, 162
108, 226
108, 34
108, 98
108, 163
108, 227
108, 35
108, 99
108, 164
108, 228
108, 36
108, 100
108, 165
108, 229
108, 37
108, 101
108, 166
108, 230
108, 38
108, 102
108, 167
108, 231
108, 39
108, 103
108, 168
108, 232
108, 40
108, 104
108, 169
108, 233
108, 41
108, 105
108, 170
108, 234
108, 42
108, 106
108, 171
108, 235
108, 43
108, 107
108, 172
108, 236
108, 44
108, 108
108, 173
108, 237
108, 45
108, 109
108, 110
108, 174
108, 238
108, 46
108, 111
108, 175
108, 239
108, 47
108, 112
108, 176
108, 240
108, 48
108, 113
108, 177
108, 241
108, 49
108, 114
108, 178
108, 242
108, 50
108, 115
108, 179
108, 243
108, 51
108, 116
108, 180
108, 244
108, 52
108, 117
108, 181
108, 245
108, 53
108, 118
108, 182
108, 246
108, 54
108, 119
108, 183
108, 247
108, 55
108, 120
108, 184
108, 248
108, 56
108, 121
108, 185
108, 249
108, 57
108, 122
108, 186
108, 250
108, 58
108, 123
108, 187
108, 59
108, 124
108, 188
108, 60
108, 125
108, 189
108, 61
108, 126
108, 190
108, 62
108, 127
108, 191
108, 63
44, 192
44, 128
44, 64
44, 1
44, 193
44, 129
44, 65
44, 66
44, 130
44, 194
44, 2
44, 67
44, 131
44, 195
44, 3
44, 68
44, 132
44, 196
44, 4
44, 69
44, 133
44, 197
44, 5
44, 70
44, 134
44, 198
44, 6
44, 71
44, 135
44, 199
44, 7
44, 72
44, 136
44, 200
44, 8
44, 73
44, 137
44, 201
44, 9
44, 74
44, 138
44, 202
44, 10
44, 75
44, 139
44, 203
44, 11
44, 76
44, 140
44, 204
44, 12
44, 77
44, 141
44, 205
44, 13
44, 78
44, 142
44, 206
44, 14
44, 79
44, 143
44, 207
44, 15
44, 80
44, 144
44, 208
44, 16
44, 81
44, 145
44, 209
44, 17
44, 82
44, 146
44, 210
44, 18
44, 83
44, 147
44, 211
44, 19
44, 84
44, 148
44, 212
44, 20
44, 85
44, 149
44, 213
44, 21
44, 86
44, 150
44, 214
44, 22
44, 87
44, 151
44, 215
44, 23
44, 88
44, 152
44, 216
44, 24
44, 89
44, 153
44, 217
44, 25
44, 90
44, 154
44, 218
44, 26
44, 91
44, 155
44, 219
44, 27
44, 92
44, 156
44, 220
44, 28
44, 93
44, 157
44, 221
44, 29
44, 94
44, 158
44, 222
44, 30
44, 95
44, 159
44, 223
44, 31
44, 96
44, 160
44, 224
44, 32
44, 97
44, 161
44, 225
44, 33
44, 98
44, 162
44, 226
44, 34
44, 99
44, 163
44, 227
44, 35
44, 100
44, 164
44, 228
44, 36
44, 101
44, 165
44, 229
44, 37
44, 102
44, 166
44, 230
44, 38
44, 103
44, 167
44, 231
44, 39
44, 104
44, 168
44, 232
44, 40
44, 105
44, 169
44, 233
44, 41
44, 106
44, 170
44, 234
44, 42
44, 107
44, 171
44, 235
44, 43
44, 108
44, 172
44, 236
44, 44
44, 109
44, 173
44, 237
44, 45
44, 46
44, 110
44, 174
44, 238
44, 47
44, 111
44, 175
44, 239
44, 48
44, 112
44, 176
44, 240
44, 49
44, 113
44, 177
44, 241
44, 50
44, 114
44, 178
44, 242
44, 51
44, 115
44, 179
44, 243
44, 52
44, 116
44, 180
44, 244
44, 53
44, 117
44, 181
44, 245
44, 54
44, 118
44, 182
44, 246
44, 55
44, 119
44, 183
44, 247
44, 56
44, 120
44, 184
44, 248
44, 57
44, 121
44, 185
44, 249
44, 58
44, 122
44, 186
44, 250
44, 59
44, 123
44, 187
44, 60
44, 124
44, 188
44, 61
44, 125
44, 189
44, 62
44, 126
44, 190
44, 63
44, 127
44, 191
237, 192
237, 128
237, 64
237, 193
237, 129
237, 65
237, 1
237, 2
237, 66
237, 130
237, 194
237, 3
237, 67
237, 131
237, 195
237, 4
237, 68
237, 132
237, 196
237, 5
237, 69
237, 133
237, 197
237, 6
237, 70
237, 134
237, 198
237, 7
237, 71
237, 135
237, 199
237, 8
237, 72
237, 136
237, 200
237, 9
237, 73
237, 137
237, 201
237, 10
237, 74
237, 138
237, 202
237, 11
237, 75
237, 139
237, 203
237, 12
237, 76
237, 140
237, 204
237, 13
237, 77
237, 141
237, 205
237, 14
237, 78
237, 142
237, 206
237, 15
237, 79
237, 143
237, 207
237, 16
237, 80
237, 144
237, 208
237, 17
237, 81
237, 145
237, 209
237, 18
237, 82
237, 146
237, 210
237, 19
237, 83
237, 147
237, 211
237, 20
237, 84
237, 148
237, 212
237, 21
237, 85
237, 149
237, 213
237, 22
237, 86
237, 150
237, 214
237, 23
237, 87
237, 151
237, 215
237, 24
237, 88
237, 152
237, 216
237, 25
237, 89
237, 153
237, 217
237, 26
237, 90
237, 154
237, 218
237, 27
237, 91
237, 155
237, 219
237, 28
237, 92
237, 156
237, 220
237, 29
237, 93
237, 157
237, 221
237, 30
237, 94
237, 158
237, 222
237, 31
237, 95
237, 159
237, 223
237, 32
237, 96
237, 160
237, 224
237, 33
237, 97
237, 161
237, 225
237, 34
237, 98
237, 162
237, 226
237, 35
237, 99
237, 163
237, 227
237, 36
237, 100
237, 164
237, 228
237, 37
237, 101
237, 165
237, 229
237, 38
237, 102
237, 166
237, 230
237, 39
237, 103
237, 167
237, 231
237, 40
237, 104
237, 168
237, 232
237, 41
237, 105
237, 169
237, 233
237, 42
237, 106
237, 170
237, 234
237, 43
237, 107
237, 171
237, 235
237, 44
237, 108
237, 172
237, 236
237, 45
237, 109
237, 173
237, 237
237, 46
237, 110
237, 174
237, 238
237, 239
237, 47
237, 111
237, 175
237, 240
237, 48
237, 112
237, 176
237, 241
237, 49
237, 113
237, 177
237, 242
237, 50
237, 114
237, 178
237, 243
237, 51
237, 115
237, 179
237, 244
237, 52
237, 116
237, 180
237, 245
237, 53
237, 117
237, 181
237, 246
237, 54
237, 118
237, 182
237, 247
237, 55
237, 119
237, 183
237, 248
237, 56
237, 120
237, 184
237, 249
237, 57
237, 121
237, 185
237, 250
237, 58
237, 122
237, 186
237, 59
237, 123
237, 187
237, 60
237, 124
237, 188
237, 61
237, 125
237, 189
237, 62
237, 126
237, 190
237, 63
237, 127
237, 191
173, 128
173, 64
173, 192
173, 129
173, 65
173, 1
173, 193
173, 194
173, 2
173, 66
173, 130
173, 195
173, 3
173, 67
173, 131
173, 196
173, 4
173, 68
173, 132
173, 197
173, 5
173, 69
173, 133
173, 198
173, 6
173, 70
173, 134
173, 199
173, 7
173, 71
173, 135
173, 200
173, 8
173, 72
173, 136
173, 201
173, 9
173, 73
173, 137
173, 202
173, 10
173, 74
173, 138
173, 203
173, 11
173, 75
173, 139
173, 204
173, 12
173, 76
173, 140
173, 205
173, 13
173, 77
173, 141
173, 206
173, 14
173, 78
173, 142
173, 207
173, 15
173, 79
173, 143
173, 208
173, 16
173, 80
173, 144
173, 209
173, 17
173, 81
173, 145
173, 210
173, 18
173, 82
173, 146
173, 211
173, 19
173, 83
173, 147
173, 212
173, 20
173, 84
173, 148
173, 213
173, 21
173, 85
173, 149
173, 214
173, 22
173, 86
173, 150
173, 215
173, 23
173, 87
173, 151
173, 216
173, 24
173, 88
173, 152
173, 217
173, 25
173, 89
173, 153
173, 218
173, 26
173, 90
173, 154
173, 219
173, 27
173, 91
173, 155
173, 220
173, 28
173, 92
173, 156
173, 221
173, 29
173, 93
173, 157
173, 222
173, 30
173, 94
173, 158
173, 223
173, 31
173, 95
173, 159
173, 224
173, 32
173, 96
173, 160
173, 225
173, 33
173, 97
173, 161
173, 226
173, 34
173, 98
173, 162
173, 227
173, 35
173, 99
173, 163
173, 228
173, 36
173, 100
173, 164
173, 229
173, 37
173, 101
173, 165
173, 230
173, 38
173, 102
173, 166
173, 231
173, 39
173, 103
173, 167
173, 232
173, 40
173, 104
173, 168
173, 233
173, 41
173, 105
173, 169
173, 234
173, 42
173, 106
173, 170
173, 235
173, 43
173, 107
173, 171
173, 236
173, 44
173, 108
173, 172
173, 237
173, 45
173, 109
173, 173
173, 238
173, 46
173, 110
173, 174
173, 175
173, 239
173, 47
173, 111
173, 176
173, 240
173, 48
173, 112
173, 177
173, 241
173, 49
173, 113
173, 178
173, 242
173, 50
173, 114
173, 179
173, 243
173, 51
173, 115
173, 180
173, 244
173, 52
173, 116
173, 181
173, 245
173, 53
173, 117
173, 182
173, 246
173, 54
173, 118
173, 183
173, 247
173, 55
173, 119
173, 184
173, 248
173, 56
173, 120
173, 185
173, 249
173, 57
173, 121
173, 186
173, 250
173, 58
173, 122
173, 187
173, 59
173, 123
173, 188
173, 60
173, 124
173, 189
173, 61
173, 125
173, 190
173, 62
173, 126
173, 191
173, 63
173, 127
109, 64
109, 192
109, 128
109, 65
109, 1
109, 193
109, 129
109, 130
109, 194
109, 2
109, 66
109, 131
109, 195
109, 3
109, 67
109, 132
109, 196
109, 4
109, 68
109, 133
109, 197
109, 5
109, 69
109, 134
109, 198
109, 6
109, 70
109, 135
109, 199
109, 7
109, 71
109, 136
109, 200
109, 8
109, 72
109, 137
109, 201
109, 9
109, 73
109, 138
109, 202
109, 10
109, 74
109, 139
109, 203
109, 11
109, 75
109, 140
109, 204
109, 12
109, 76
109, 141
109, 205
109, 13
109, 77
109, 142
109, 206
109, 14
109, 78
109, 143
109, 207
109, 15
109, 79
109, 144
109, 208
109, 16
109, 80
109, 145
109, 209
109, 17
109, 81
109, 146
109, 210
109, 18
109, 82
109, 147
109, 211
109, 19
109, 83
109, 148
109, 212
109, 20
109, 84
109, 149
109, 213
109, 21
109, 85
109, 150
109, 214
109, 22
109, 86
109, 151
109, 215
109, 23
109, 87
109, 152
109, 216
109, 24
109, 88
109, 153
109, 217
109, 25
109, 89
109, 154
109, 218
109, 26
109, 90
109, 155
109, 219
109, 27
109, 91
109, 156
109, 220
109, 28
109, 92
109, 157
109, 221
109, 29
109, 93
109, 158
109, 222
109, 30
109, 94
109, 159
109, 223
109, 31
109, 95
109, 160
109, 224
109, 32
109, 96
109, 161
109, 225
109, 33
109, 97
109, 162
109, 226
109, 34
109, 98
109, 163
109, 227
109, 35
109, 99
109, 164
109, 228
109, 36
109, 100
109, 165
109, 229
109, 37
109, 101
109, 166
109, 230
109, 38
109, 102
109, 167
109, 231
109, 39
109, 103
109, 168
109, 232
109, 40
109, 104
109, 169
109, 233
109, 41
109, 105
109, 170
109, 234
109, 42
109, 106
109, 171
109, 235
109, 43
109, 107
109, 172
109, 236
109, 44
109, 108
109, 173
109, 237
109, 45
109, 109
109, 174
109, 238
109, 46
109, 110
109, 111
109, 175
109, 239
109, 47
109, 112
109, 176
109, 240
109, 48
109, 113
109, 177
109, 241
109, 49
109, 114
109, 178
109, 242
109, 50
109, 115
109, 179
109, 243
109, 51
109, 116
109, 180
109, 244
109, 52
109, 117
109, 181
109, 245
109, 53
109, 118
109, 182
109, 246
109, 54
109, 119
109, 183
109, 247
109, 55
109, 120
109, 184
109, 248
109, 56
109, 121
109, 185
109, 249
109, 57
109, 122
109, 186
109, 250
109, 58
109, 123
109, 187
109, 59
109, 124
109, 188
109, 60
109, 125
109, 189
109, 61
109, 126
109, 190
109, 62
109, 127
109, 191
109, 63
45, 192
45, 128
45, 64
45, 1
45, 193
45, 129
45, 65
45, 66
45, 130
45, 194
45, 2
45, 67
45, 131
45, 195
45, 3
45, 68
45, 132
45, 196
45, 4
45, 69
45, 133
45, 197
45, 5
45, 70
45, 134
45, 198
45, 6
45, 71
45, 135
45, 199
45, 7
45, 72
45, 136
45, 200
45, 8
45, 73
45, 137
45, 201
45, 9
45, 74
45, 138
45, 202
45, 10
45, 75
45, 139
45, 203
45, 11
45, 76
45, 140
45, 204
45, 12
45, 77
45, 141
45, 205
45, 13
45, 78
45, 142
45, 206
45, 14
45, 79
45, 143
45, 207
45, 15
45, 80
45, 144
45, 208
45, 16
45, 81
45, 145
45, 209
45, 17
45, 82
45, 146
45, 210
45, 18
45, 83
45, 147
45, 211
45, 19
45, 84
45, 148
45, 212
45, 20
45, 85
45, 149
45, 213
45, 21
45, 86
45, 150
45, 214
45, 22
45, 87
45, 151
45, 215
45, 23
45, 88
45, 152
45, 216
45, 24
45, 89
45, 153
45, 217
45, 25
45, 90
45, 154
45, 218
45, 26
45, 91
45, 155
45, 219
45, 27
45, 92
45, 156
45, 220
45, 28
45, 93
45, 157
45, 221
45, 29
45, 94
45, 158
45, 222
45, 30
45, 95
45, 159
45, 223
45, 31
45, 96
45, 160
45, 224
45, 32
45, 97
45, 161
45, 225
45, 33
45, 98
45, 162
45, 226
45, 34
45, 99
45, 163
45, 227
45, 35
45, 100
45, 164
45, 228
45, 36
45, 101
45, 165
45, 229
45, 37
45, 102
45, 166
45, 230
45, 38
45, 103
45, 167
45, 231
45, 39
45, 104
45, 168
45, 232
45, 40
45, 105
45, 169
45, 233
45, 41
45, 106
45, 170
45, 234
45, 42
45, 107
45, 171
45, 235
45, 43
45, 108
45, 172
45, 236
45, 44
45, 109
45, 173
45, 237
45, 45
45, 110
45, 174
45, 238
45, 46
45, 47
45, 111
45, 175
45, 239
45, 48
45, 112
45, 176
45, 240
45, 49
45, 113
45, 177
45, 241
45, 50
45, 114
45, 178
45, 242
45, 51
45, 115
45, 179
45, 243
45, 52
45, 116
45, 180
45, 244
45, 53
45, 117
45, 181
45, 245
45, 54
45, 118
45, 182
45, 246
45, 55
45, 119
45, 183
45, 247
45, 56
45, 120
45, 184
45, 248
45, 57
45, 121
45, 185
45, 249
45, 58
45, 122
45, 186
45, 250
45, 59
45, 123
45, 187
45, 60
45, 124
45, 188
45, 61
45, 125
45, 189
45, 62
45, 126
45, 190
45, 63
45, 127
45, 191
238, 192
238, 128
238, 64
238, 193
238, 129
238, 65
238, 1
238, 2
238, 66
238, 130
238, 194
238, 3
238, 67
238, 131
238, 195
238, 4
238, 68
238, 132
238, 196
238, 5
238, 69
238, 133
238, 197
238, 6
238, 70
238, 134
238, 198
238, 7
238, 71
238, 135
238, 199
238, 8
238, 72
238, 136
238, 200
238, 9
238, 73
238, 137
238, 201
238, 10
238, 74
238, 138
238, 202
238, 11
238, 75
238, 139
238, 203
238, 12
238, 76
238, 140
238, 204
238, 13
238, 77
238, 141
238, 205
238, 14
238, 78
238, 142
238, 206
238, 15
238, 79
238, 143
238, 207
238, 16
238, 80
238, 144
238, 208
238, 17
238, 81
238, 145
238, 209
238, 18
238, 82
238, 146
238, 210
238, 19
238, 83
238, 147
238, 211
238, 20
238, 84
238, 148
238, 212
238, 21
238, 85
238, 149
238, 213
238, 22
238, 86
238, 150
238, 214
238, 23
238, 87
238, 151
238, 215
238, 24
238, 88
238, 152
238, 216
238, 25
238, 89
238, 153
238, 217
238, 26
238, 90
238, 154
238, 218
238, 27
238, 91
238, 155
238, 219
238, 28
238, 92
238, 156
238, 220
238, 29
238, 93
238, 157
238, 221
238, 30
238, 94
238, 158
238, 222
238, 31
238, 95
238, 159
238, 223
238, 32
238, 96
238, 160
238, 224
238, 33
238, 97
238, 161
238, 225
238, 34
238, 98
238, 162
238, 226
238, 35
238, 99
238, 163
238, 227
238, 36
238, 100
238, 164
238, 228
238, 37
238, 101
238, 165
238, 229
238, 38
238, 102
238, 166
238, 230
238, 39
238, 103
238, 167
238, 231
238, 40
238, 104
238, 168
238, 232
238, 41
238, 105
238, 169
238, 233
238, 42
238, 106
238, 170
238, 234
238, 43
238, 107
238, 171
238, 235
238, 44
238, 108
238, 172
238, 236
238, 45
238, 109
238, 173
238, 237
238, 46
238, 110
238, 174
238, 238
238, 47
238, 111
238, 175
238, 239
238, 240
238, 48
238, 112
238, 176
238, 241
238, 49
238, 113
238, 177
238, 242
238, 50
238, 114
238, 178
238, 243
238, 51
238, 115
238, 179
238, 244
238, 52
238, 116
238, 180
238, 245
238, 53
238, 117
238, 181
238, 246
238, 54
238, 118
238, 182
238, 247
238, 55
238, 119
238, 183
238, 248
238, 56
238, 120
238, 184
238, 249
238, 57
238, 121
238, 185
238, 250
238, 58
238, 122
238, 186
238, 59
238, 123
238, 187
238, 60
238, 124
238, 188
238, 61
238, 125
238, 189
238, 62
238, 126
238, 190
238, 63
238, 127
238, 191
174, 128
174, 64
174, 192
174, 129
174, 65
174, 1
174, 193
174, 194
174, 2
174, 66
174, 130
174, 195
174, 3
174, 67
174, 131
174, 196
174, 4
174, 68
174, 132
174, 197
174, 5
174, 69
174, 133
174, 198
174, 6
174, 70
174, 134
174, 199
174, 7
174, 71
174, 135
174, 200
174, 8
174, 72
174, 136
174, 201
174, 9
174, 73
174, 137
174, 202
174, 10
174, 74
174, 138
174, 203
174, 11
174, 75
174, 139
174, 204
174, 12
174, 76
174, 140
174, 205
174, 13
174, 77
174, 141
174, 206
174, 14
174, 78
174, 142
174, 207
174, 15
174, 79
174, 143
174, 208
174, 16
174, 80
174, 144
174, 209
174, 17
174, 81
174, 145
174, 210
174, 18
174, 82
174, 146
174, 211
174, 19
174, 83
174, 147
174, 212
174, 20
174, 84
174, 148
174, 213
174, 21
174, 85
174, 149
174, 214
174, 22
174, 86
174, 150
174, 215
174, 23
174, 87
174, 151
174, 216
174, 24
174, 88
174, 152
174, 217
174, 25
174, 89
174, 153
174, 218
174, 26
174, 90
174, 154
174, 219
174, 27
174, 91
174, 155
174, 220
174, 28
174, 92
174, 156
174, 221
174, 29
174, 93
174, 157
174, 222
174, 30
174, 94
174, 158
174, 223
174, 31
174, 95
174, 159
174, 224
174, 32
174, 96
174, 160
174, 225
174, 33
174, 97
174, 161
174, 226
174, 34
174, 98
174, 162
174, 227
174, 35
174, 99
174, 163
174, 228
174, 36
174, 100
174, 164
174, 229
174, 37
174, 101
174, 165
174, 230
174, 38
174, 102
174, 166
174, 231
174, 39
174, 103
174, 167
174, 232
174, 40
174, 104
174, 168
174, 233
174, 41
174, 105
174, 169
174, 234
174, 42
174, 106
174, 170
174, 235
174, 43
174, 107
174, 171
174, 236
174, 44
174, 108
174, 172
174, 237
174, 45
174, 109
174, 173
174, 238
174, 46
174, 110
174, 174
174, 239
174, 47
174, 111
174, 175
174, 176
174, 240
174, 48
174, 112
174, 177
174, 241
174, 49
174, 113
174, 178
174, 242
174, 50
174, 114
174, 179
174, 243
174, 51
174, 115
174, 180
174, 244
174, 52
174, 116
174, 181
174, 245
174, 53
174, 117
174, 182
174, 246
174, 54
174, 118
174, 183
174, 247
174, 55
174, 119
174, 184
174, 248
174, 56
174, 120
174, 185
174, 249
174, 57
174, 121
174, 186
174, 250
174, 58
174, 122
174, 187
174, 59
174, 123
174, 188
174, 60
174, 124
174, 189
174, 61
174, 125
174, 190
174, 62
174, 126
174, 191
174, 63
174, 127
110, 64
110, 192
110, 128
110, 65
110, 1
110, 193
110, 129
110, 130
110, 194
110, 2
110, 66
110, 131
110, 195
110, 3
110, 67
110, 132
110, 196
110, 4
110, 68
110, 133
110, 197
110, 5
110, 69
110, 134
110, 198
110, 6
110, 70
110, 135
110, 199
110, 7
110, 71
110, 136
110, 200
110, 8
110, 72
110, 137
110, 201
110, 9
110, 73
110, 138
110, 202
110, 10
110, 74
110, 139
110, 203
110, 11
110, 75
110, 140
110, 204
110, 12
110, 76
110, 141
110, 205
110, 13
110, 77
110, 142
110, 206
110, 14
110, 78
110, 143
110, 207
110, 15
110, 79
110, 144
110, 208
110, 16
110, 80
110, 145
110, 209
110, 17
110, 81
110, 146
110, 210
110, 18
110, 82
110, 147
110, 211
110, 19
110, 83
110, 148
110, 212
110, 20
110, 84
110, 149
110, 213
110, 21
110, 85
110, 150
110, 214
110, 22
110, 86
110, 151
110, 215
110, 23
110, 87
110, 152
110, 216
110, 24
110, 88
110, 153
110, 217
110, 25
110, 89
110, 154
110, 218
110, 26
110, 90
110, 155
110, 219
110, 27
110, 91
110, 156
110, 220
110, 28
110, 92
110, 157
110, 221
110, 29
110, 93
110, 158
110, 222
110, 30
110, 94
110, 159
110, 223
110, 31
110, 95
110, 160
110, 224
110, 32
110, 96
110, 161
110, 225
110, 33
110, 97
110, 162
110, 226
110, 34
110, 98
110, 163
110, 227
110, 35
110, 99
110, 164
110, 228
110, 36
110, 100
110, 165
110, 229
110, 37
110, 101
110, 166
110, 230
110, 38
110, 102
110, 167
110, 231
110, 39
110, 103
110, 168
110, 232
110, 40
110, 104
110, 169
110, 233
110, 41
110, 105
110, 170
110, 234
110, 42
110, 106
110, 171
110, 235
110, 43
110, 107
110, 172
110, 236
110, 44
110, 108
110, 173
110, 237
110, 45
110, 109
110, 174
110, 238
110, 46
110, 110
110, 175
110, 239
110, 47
110, 111
110, 112
110, 176
110, 240
110, 48
110, 113
110, 177
110, 241
110, 49
110, 114
110, 178
110, 242
110, 50
110, 115
110, 179
110, 243
110, 51
110, 116
110, 180
110, 244
110, 52
110, 117
110, 181
110, 245
110, 53
110, 118
110, 182
110, 246
110, 54
110, 119
110, 183
110, 247
110, 55
110, 120
110, 184
110, 248
110, 56
110, 121
110, 185
110, 249
110, 57
110, 122
110, 186
110, 250
110, 58
110, 123
110, 187
110, 59
110, 124
110, 188
110, 60
110, 125
110, 189
110, 61
110, 126
110, 190
110, 62
110, 127
110, 191
110, 63
46, 192
46, 128
46, 64
46, 1
46, 193
46, 129
46, 65
46, 66
46, 130
46, 194
46, 2
46, 67
46, 131
46, 195
46, 3
46, 68
46, 132
46, 196
46, 4
46, 69
46, 133
46, 197
46, 5
46, 70
46, 134
46, 198
46, 6
46, 71
46, 135
46, 199
46, 7
46, 72
46, 136
46, 200
46, 8
46, 73
46, 137
46, 201
46, 9
46, 74
46, 138
46, 202
46, 10
46, 75
46, 139
46, 203
46, 11
46, 76
46, 140
46, 204
46, 12
46, 77
46, 141
46, 205
46, 13
46, 78
46, 142
46, 206
46, 14
46, 79
46, 143
46, 207
46, 15
46, 80
46, 144
46, 208
46, 16
46, 81
46, 145
46, 209
46, 17
46, 82
46, 146
46, 210
46, 18
46, 83
46, 147
46, 211
46, 19
46, 84
46, 148
46, 212
46, 20
46, 85
46, 149
46, 213
46, 21
46, 86
46, 150
46, 214
46, 22
46, 87
46, 151
46, 215
46, 23
46, 88
46, 152
46, 216
46, 24
46, 89
46, 153
46, 217
46, 25
46, 90
46, 154
46, 218
46, 26
46, 91
46, 155
46, 219
46, 27
46, 92
46, 156
46, 220
46, 28
46, 93
46, 157
46, 221
46, 29
46, 94
46, 158
46, 222
46, 30
46, 95
46, 159
46, 223
46, 31
46, 96
46, 160
46, 224
46, 32
46, 97
46, 161
46, 225
46, 33
46, 98
46, 162
46, 226
46, 34
46, 99
46, 163
46, 227
46, 35
46, 100
46, 164
46, 228
46, 36
46, 101
46, 165
46, 229
46, 37
46, 102
46, 166
46, 230
46, 38
46, 103
46, 167
46, 231
46, 39
46, 104
46, 168
46, 232
46, 40
46, 105
46, 169
46, 233
46, 41
46, 106
46, 170
46, 234
46, 42
46, 107
46, 171
46, 235
46, 43
46, 108
46, 172
46, 236
46, 44
46, 109
46, 173
46, 237
46, 45
46, 110
46, 174
46, 238
46, 46
46, 111
46, 175
46, 239
46, 47
46, 48
46, 112
46, 176
46, 240
46, 49
46, 113
46, 177
46, 241
46, 50
46, 114
46, 178
46, 242
46, 51
46, 115
46, 179
46, 243
46, 52
46, 116
46, 180
46, 244
46, 53
46, 117
46, 181
46, 245
46, 54
46, 118
46, 182
46, 246
46, 55
46, 119
46, 183
46, 247
46, 56
46, 120
46, 184
46, 248
46, 57
46, 121
46, 185
46, 249
46, 58
46, 122
46, 186
46, 250
46, 59
46, 123
46, 187
46, 60
46, 124
46, 188
46, 61
46, 125
46, 189
46, 62
46, 126
46, 190
46, 63
46, 127
46, 191
239, 192
239, 128
239, 64
239, 193
239, 129
239, 65
239, 1
239, 2
239, 66
239, 130
239, 194
239, 3
239, 67
239, 131
239, 195
239, 4
239, 68
239, 132
239, 196
239, 5
239, 69
239, 133
239, 197
239, 6
239, 70
239, 134
239, 198
239, 7
239, 71
239, 135
239, 199
239, 8
239, 72
239, 136
239, 200
239, 9
239, 73
239, 137
239, 201
239, 10
239, 74
239, 138
239, 202
239, 11
239, 75
239, 139
239, 203
239, 12
239, 76
239, 140
239, 204
239, 13
239, 77
239, 141
239, 205
239, 14
239, 78
239, 142
239, 206
239, 15
239, 79
239, 143
239, 207
239, 16
239, 80
239, 144
239, 208
239, 17
239, 81
239, 145
239, 209
239, 18
239, 82
239, 146
239, 210
239, 19
239, 83
239, 147
239, 211
239, 20
239, 84
239, 148
239, 212
239, 21
239, 85
239, 149
239, 213
239, 22
239, 86
239, 150
239, 214
239, 23
239, 87
239, 151
239, 215
239, 24
239, 88
239, 152
239, 216
239, 25
239, 89
239, 153
239, 217
239, 26
239, 90
239, 154
239, 218
239, 27
239, 91
239, 155
239, 219
239, 28
239, 92
239, 156
239, 220
239, 29
239, 93
239, 157
239, 221
239, 30
239, 94
239, 158
239, 222
239, 31
239, 95
239, 159
239, 223
239, 32
239, 96
239, 160
239, 224
239, 33
239, 97
239, 161
239, 225
239, 34
239, 98
239, 162
239, 226
239, 35
239, 99
239, 163
239, 227
239, 36
239, 100
239, 164
239, 228
239, 37
239, 101
239, 165
239, 229
239, 38
239, 102
239, 166
239, 230
239, 39
239, 103
239, 167
239, 231
239, 40
239, 104
239, 168
239, 232
239, 41
239, 105
239, 169
239, 233
239, 42
239, 106
239, 170
239, 234
239, 43
239, 107
239, 171
239, 235
239, 44
239, 108
239, 172
239, 236
239, 45
239, 109
239, 173
239, 237
239, 46
239, 110
239, 174
239, 238
239, 47
239, 111
239, 175
239, 239
239, 48
239, 112
239, 176
239, 240
239, 241
239, 49
239, 113
239, 177
239, 242
239, 50
239, 114
239, 178
239, 243
239, 51
239, 115
239, 179
239, 244
239, 52
239, 116
239, 180
239, 245
239, 53
239, 117
239, 181
239, 246
239, 54
239, 118
239, 182
239, 247
239, 55
239, 119
239, 183
239, 248
239, 56
239, 120
239, 184
239, 249
239, 57
239, 121
239, 185
239, 250
239, 58
239, 122
239, 186
239, 59
239, 123
239, 187
239, 60
239, 124
239, 188
239, 61
239, 125
239, 189
239, 62
239, 126
239, 190
239, 63
239, 127
239, 191
175, 128
175, 64
175, 192
175, 129
175, 65
175, 1
175, 193
175, 194
175, 2
175, 66
175, 130
175, 195
175, 3
175, 67
175, 131
175, 196
175, 4
175, 68
175, 132
175, 197
175, 5
175, 69
175, 133
175, 198
175, 6
175, 70
175, 134
175, 199
175, 7
175, 71
175, 135
175, 200
175, 8
175, 72
175, 136
175, 201
175, 9
175, 73
175, 137
175, 202
175, 10
175, 74
175, 138
175, 203
175, 11
175, 75
175, 139
175, 204
175, 12
175, 76
175, 140
175, 205
175, 13
175, 77
175, 141
175, 206
175, 14
175, 78
175, 142
175, 207
175, 15
175, 79
175, 143
175, 208
175, 16
175, 80
175, 144
175, 209
175, 17
175, 81
175, 145
175, 210
175, 18
175, 82
175, 146
175, 211
175, 19
175, 83
175, 147
175, 212
175, 20
175, 84
175, 148
175, 213
175, 21
175, 85
175, 149
175, 214
175, 22
175, 86
175, 150
175, 215
175, 23
175, 87
175, 151
175, 216
175, 24
175, 88
175, 152
175, 217
175, 25
175, 89
175, 153
175, 218
175, 26
175, 90
175, 154
175, 219
175, 27
175, 91
175, 155
175, 220
175, 28
175, 92
175, 156
175, 221
175, 29
175, 93
175, 157
175, 222
175, 30
175, 94
175, 158
175, 223
175, 31
175, 95
175, 159
175, 224
175, 32
175, 96
175, 160
175, 225
175, 33
175, 97
175, 161
175, 226
175, 34
175, 98
175, 162
175, 227
175, 35
175, 99
175, 163
175, 228
175, 36
175, 100
175, 164
175, 229
175, 37
175, 101
175, 165
175, 230
175, 38
175, 102
175, 166
175, 231
175, 39
175, 103
175, 167
175, 232
175, 40
175, 104
175, 168
175, 233
175, 41
175, 105
175, 169
175, 234
175, 42
175, 106
175, 170
175, 235
175, 43
175, 107
175, 171
175, 236
175, 44
175, 108
175, 172
175, 237
175, 45
175, 109
175, 173
175, 238
175, 46
175, 110
175, 174
175, 239
175, 47
175, 111
175, 175
175, 240
175, 48
175, 112
175, 176
175, 177
175, 241
175, 49
175, 113
175, 178
175, 242
175, 50
175, 114
175, 179
175, 243
175, 51
175, 115
175, 180
175, 244
175, 52
175, 116
175, 181
175, 245
175, 53
175, 117
175, 182
175, 246
175, 54
175, 118
175, 183
175, 247
175, 55
175, 119
175, 184
175, 248
175, 56
175, 120
175, 185
175, 249
175, 57
175, 121
175, 186
175, 250
175, 58
175, 122
175, 187
175, 59
175, 123
175, 188
175, 60
175, 124
175, 189
175, 61
175, 125
175, 190
175, 62
175, 126
175, 191
175, 63
175, 127
111, 64
111, 192
111, 128
111, 65
111, 1
111, 193
111, 129
111, 130
111, 194
111, 2
111, 66
111, 131
111, 195
111, 3
111, 67
111, 132
111, 196
111, 4
111, 68
111, 133
111, 197
111, 5
111, 69
111, 134
111, 198
111, 6
111, 70
111, 135
111, 199
111, 7
111, 71
111, 136
111, 200
111, 8
111, 72
111, 137
111, 201
111, 9
111, 73
111, 138
111, 202
111, 10
111, 74
111, 139
111, 203
111, 11
111, 75
111, 140
111, 204
111, 12
111, 76
111, 141
111, 205
111, 13
111, 77
111, 142
111, 206
111, 14
111, 78
111, 143
111, 207
111, 15
111, 79
111, 144
111, 208
111, 16
111, 80
111, 145
111, 209
111, 17
111, 81
111, 146
111, 210
111, 18
111, 82
111, 147
111, 211
111, 19
111, 83
111, 148
111, 212
111, 20
111, 84
111, 149
111, 213
111, 21
111, 85
111, 150
111, 214
111, 22
111, 86
111, 151
111, 215
111, 23
111, 87
111, 152
111, 216
111, 24
111, 88
111, 153
111, 217
111, 25
111, 89
111, 154
111, 218
111, 26
111, 90
111, 155
111, 219
111, 27
111, 91
111, 156
111, 220
111, 28
111, 92
111, 157
111, 221
111, 29
111, 93
111, 158
111, 222
111, 30
111, 94
111, 159
111, 223
111, 31
111, 95
111, 160
111, 224
111, 32
111, 96
111, 161
111, 225
111, 33
111, 97
111, 162
111, 226
111, 34
111, 98
111, 163
111, 227
111, 35
111, 99
111, 164
111, 228
111, 36
111, 100
111, 165
111, 229
111, 37
111, 101
111, 166
111, 230
111, 38
111, 102
111, 167
111, 231
111, 39
111, 103
111, 168
111, 232
111, 40
111, 104
111, 169
111, 233
111, 41
111, 105
111, 170
111, 234
111, 42
111, 106
111, 171
111, 235
111, 43
111, 107
111, 172
111, 236
111, 44
111, 108
111, 173
111, 237
111, 45
111, 109
111, 174
111, 238
111, 46
111, 110
111, 175
111, 239
111, 47
111, 111
111, 176
111, 240
111, 48
111, 112
111, 113
111, 177
111, 241
111, 49
111, 114
111, 178
111, 242
111, 50
111, 115
111, 179
111, 243
111, 51
111, 116
111, 180
111, 244
111, 52
111, 117
111, 181
111, 245
111, 53
111, 118
111, 182
111, 246
111, 54
111, 119
111, 183
111, 247
111, 55
111, 120
111, 184
111, 248
111, 56
111, 121
111, 185
111, 249
111, 57
111, 122
111, 186
111, 250
111, 58
111, 123
111, 187
111, 59
111, 124
111, 188
111, 60
111, 125
111, 189
111, 61
111, 126
111, 190
111, 62
111, 127
111, 191
111, 63
47, 192
47, 128
47, 64
47, 1
47, 193
47, 129
47, 65
47, 66
47, 130
47, 194
47, 2
47, 67
47, 131
47, 195
47, 3
47, 68
47, 132
47, 196
47, 4
47, 69
47, 133
47, 197
47, 5
47, 70
47, 134
47, 198
47, 6
47, 71
47, 135
47, 199
47, 7
47, 72
47, 136
47, 200
47, 8
47, 73
47, 137
47, 201
47, 9
47, 74
47, 138
47, 202
47, 10
47, 75
47, 139
47, 203
47, 11
47, 76
47, 140
47, 204
47, 12
47, 77
47, 141
47, 205
47, 13
47, 78
47, 142
47, 206
47, 14
47, 79
47, 143
47, 207
47, 15
47, 80
47, 144
47, 208
47, 16
47, 81
47, 145
47, 209
47, 17
47, 82
47, 146
47, 210
47, 18
47, 83
47, 147
47, 211
47, 19
47, 84
47, 148
47, 212
47, 20
47, 85
47, 149
47, 213
47, 21
47, 86
47, 150
47, 214
47, 22
47, 87
47, 151
47, 215
47, 23
47, 88
47, 152
47, 216
47, 24
47, 89
47, 153
47, 217
47, 25
47, 90
47, 154
47, 218
47, 26
47, 91
47, 155
47, 219
47, 27
47, 92
47, 156
47, 220
47, 28
47, 93
47, 157
47, 221
47, 29
47, 94
47, 158
47, 222
47, 30
47, 95
47, 159
47, 223
47, 31
47, 96
47, 160
47, 224
47, 32
47, 97
47, 161
47, 225
47, 33
47, 98
47, 162
47, 226
47, 34
47, 99
47, 163
47, 227
47, 35
47, 100
47, 164
47, 228
47, 36
47, 101
47, 165
47, 229
47, 37
47, 102
47, 166
47, 230
47, 38
47, 103
47, 167
47, 231
47, 39
47, 104
47, 168
47, 232
47, 40
47, 105
47, 169
47, 233
47, 41
47, 106
47, 170
47, 234
47, 42
47, 107
47, 171
47, 235
47, 43
47, 108
47, 172
47, 236
47, 44
47, 109
47, 173
47, 237
47, 45
47, 110
47, 174
47, 238
47, 46
47, 111
47, 175
47, 239
47, 47
47, 112
47, 176
47, 240
47, 48
47, 49
47, 113
47, 177
47, 241
47, 50
47, 114
47, 178
47, 242
47, 51
47, 115
47, 179
47, 243
47, 52
47, 116
47, 180
47, 244
47, 53
47, 117
47, 181
47, 245
47, 54
47, 118
47, 182
47, 246
47, 55
47, 119
47, 183
47, 247
47, 56
47, 120
47, 184
47, 248
47, 57
47, 121
47, 185
47, 249
47, 58
47, 122
47, 186
47, 250
47, 59
47, 123
47, 187
47, 60
47, 124
47, 188
47, 61
47, 125
47, 189
47, 62
47, 126
47, 190
47, 63
47, 127
47, 191
240, 192
240, 128
240, 64
240, 193
240, 129
240, 65
240, 1
240, 2
240, 66
240, 130
240, 194
240, 3
240, 67
240, 131
240, 195
240, 4
240, 68
240, 132
240, 196
240, 5
240, 69
240, 133
240, 197
240, 6
240, 70
240, 134
240, 198
240, 7
240, 71
240, 135
240, 199
240, 8
240, 72
240, 136
240, 200
240, 9
240, 73
240, 137
240, 201
240, 10
240, 74
240, 138
240, 202
240, 11
240, 75
240, 139
240, 203
240, 12
240, 76
240, 140
240, 204
240, 13
240, 77
240, 141
240, 205
240, 14
240, 78
240, 142
240, 206
240, 15
240, 79
240, 143
240, 207
240, 16
240, 80
240, 144
240, 208
240, 17
240, 81
240, 145
240, 209
240, 18
240, 82
240, 146
240, 210
240, 19
240, 83
240, 147
240, 211
240, 20
240, 84
240, 148
240, 212
240, 21
240, 85
240, 149
240, 213
240, 22
240, 86
240, 150
240, 214
240, 23
240, 87
240, 151
240, 215
240, 24
240, 88
240, 152
240, 216
240, 25
240, 89
240, 153
240, 217
240, 26
240, 90
240, 154
240, 218
240, 27
240, 91
240, 155
240, 219
240, 28
240, 92
240, 156
240, 220
240, 29
240, 93
240, 157
240, 221
240, 30
240, 94
240, 158
240, 222
240, 31
240, 95
240, 159
240, 223
240, 32
240, 96
240, 160
240, 224
240, 33
240, 97
240, 161
240, 225
240, 34
240, 98
240, 162
240, 226
240, 35
240, 99
240, 163
240, 227
240, 36
240, 100
240, 164
240, 228
240, 37
240, 101
240, 165
240, 229
240, 38
240, 102
240, 166
240, 230
240, 39
240, 103
240, 167
240, 231
240, 40
240, 104
240, 168
240, 232
240, 41
240, 105
240, 169
240, 233
240, 42
240, 106
240, 170
240, 234
240, 43
240, 107
240, 171
240, 235
240, 44
240, 108
240, 172
240, 236
240, 45
240, 109
240, 173
240, 237
240, 46
240, 110
240, 174
240, 238
240, 47
240, 111
240, 175
240, 239
240, 48
240, 112
240, 176
240, 240
240, 49
240, 113
240, 177
240, 241
240, 242
240, 50
240, 114
240, 178
240, 243
240, 51
240, 115
240, 179
240, 244
240, 52
240, 116
240, 180
240, 245
240, 53
240, 117
240, 181
240, 246
240, 54
240, 118
240, 182
240, 247
240, 55
240, 119
240, 183
240, 248
240, 56
240, 120
240, 184
240, 249
240, 57
240, 121
240, 185
240, 250
240, 58
240, 122
240, 186
240, 59
240, 123
240, 187
240, 60
240, 124
240, 188
240, 61
240, 125
240, 189
240, 62
240, 126
240, 190
240, 63
240, 127
240, 191
176, 128
176, 64
176, 192
176, 129
176, 65
176, 1
176, 193
176, 194
176, 2
176, 66
176, 130
176, 195
176, 3
176, 67
176, 131
176, 196
176, 4
176, 68
176, 132
176, 197
176, 5
176, 69
176, 133
176, 198
176, 6
176, 70
176, 134
176, 199
176, 7
176, 71
176, 135
176, 200
176, 8
176, 72
176, 136
176, 201
176, 9
176, 73
176, 137
176, 202
176, 10
176, 74
176, 138
176, 203
176, 11
176, 75
176, 139
176, 204
176, 12
176, 76
176, 140
176, 205
176, 13
176, 77
176, 141
176, 206
176, 14
176, 78
176, 142
176, 207
176, 15
176, 79
176, 143
176, 208
176, 16
176, 80
176, 144
176, 209
176, 17
176, 81
176, 145
176, 210
176, 18
176, 82
176, 146
176, 211
176, 19
176, 83
176, 147
176, 212
176, 20
176, 84
176, 148
176, 213
176, 21
176, 85
176, 149
176, 214
176, 22
176, 86
176, 150
176, 215
176, 23
176, 87
176, 151
176, 216
176, 24
176, 88
176, 152
176, 217
176, 25
176, 89
176, 153
176, 218
176, 26
176, 90
176, 154
176, 219
176, 27
176, 91
176, 155
176, 220
176, 28
176, 92
176, 156
176, 221
176, 29
176, 93
176, 157
176, 222
176, 30
176, 94
176, 158
176, 223
176, 31
176, 95
176, 159
176, 224
176, 32
176, 96
176, 160
176, 225
176, 33
176, 97
176, 161
176, 226
176, 34
176, 98
176, 162
176, 227
176, 35
176, 99
176, 163
176, 228
176, 36
176, 100
176, 164
176, 229
176, 37
176, 101
176, 165
176, 230
176, 38
176, 102
176, 166
176, 231
176, 39
176, 103
176, 167
176, 232
176, 40
176, 104
176, 168
176, 233
176, 41
176, 105
176, 169
176, 234
176, 42
176, 106
176, 170
176, 235
176, 43
176, 107
176, 171
176, 236
176, 44
176, 108
176, 172
176, 237
176, 45
176, 109
176, 173
176, 238
176, 46
176, 110
176, 174
176, 239
176, 47
176, 111
176, 175
176, 240
176, 48
176, 112
176, 176
176, 241
176, 49
176, 113
176, 177
176, 178
176, 242
176, 50
176, 114
176, 179
176, 243
176, 51
176, 115
176, 180
176, 244
176, 52
176, 116
176, 181
176, 245
176, 53
176, 117
176, 182
176, 246
176, 54
176, 118
176, 183
176, 247
176, 55
176, 119
176, 184
176, 248
176, 56
176, 120
176, 185
176, 249
176, 57
176, 121
176, 186
176, 250
176, 58
176, 122
176, 187
176, 59
176, 123
176, 188
176, 60
176, 124
176, 189
176, 61
176, 125
176, 190
176, 62
176, 126
176, 191
176, 63
176, 127
112, 64
112, 192
112, 128
112, 65
112, 1
112, 193
112, 129
112, 130
112, 194
112, 2
112, 66
112, 131
112, 195
112, 3
112, 67
112, 132
112, 196
112, 4
112, 68
112, 133
112, 197
112, 5
112, 69
112, 134
112, 198
112, 6
112, 70
112, 135
112, 199
112, 7
112, 71
112, 136
112, 200
112, 8
112, 72
112, 137
112, 201
112, 9
112, 73
112, 138
112, 202
112, 10
112, 74
112, 139
112, 203
112, 11
112, 75
112, 140
112, 204
112, 12
112, 76
112, 141
112, 205
112, 13
112, 77
112, 142
112, 206
112, 14
112, 78
112, 143
112, 207
112, 15
112, 79
112, 144
112, 208
112, 16
112, 80
112, 145
112, 209
112, 17
112, 81
112, 146
112, 210
112, 18
112, 82
112, 147
112, 211
112, 19
112, 83
112, 148
112, 212
112, 20
112, 84
112, 149
112, 213
112, 21
112, 85
112, 150
112, 214
112, 22
112, 86
112, 151
112, 215
112, 23
112, 87
112, 152
112, 216
112, 24
112, 88
112, 153
112, 217
112, 25
112, 89
112, 154
112, 218
112, 26
112, 90
112, 155
112, 219
112, 27
112, 91
112, 156
112, 220
112, 28
112, 92
112, 157
112, 221
112, 29
112, 93
112, 158
112, 222
112, 30
112, 94
112, 159
112, 223
112, 31
112, 95
112, 160
112, 224
112, 32
112, 96
112, 161
112, 225
112, 33
112, 97
112, 162
112, 226
112, 34
112, 98
112, 163
112, 227
112, 35
112, 99
112, 164
112, 228
112, 36
112, 100
112, 165
112, 229
112, 37
112, 101
112, 166
112, 230
112, 38
112, 102
112, 167
112, 231
112, 39
112, 103
112, 168
112, 232
112, 40
112, 104
112, 169
112, 233
112, 41
112, 105
112, 170
112, 234
112, 42
112, 106
112, 171
112, 235
112, 43
112, 107
112, 172
112, 236
112, 44
112, 108
112, 173
112, 237
112, 45
112, 109
112, 174
112, 238
112, 46
112, 110
112, 175
112, 239
112, 47
112, 111
112, 176
112, 240
112, 48
112, 112
112, 177
112, 241
112, 49
112, 113
112, 114
112, 178
112, 242
112, 50
112, 115
112, 179
112, 243
112, 51
112, 116
112, 180
112, 244
112, 52
112, 117
112, 181
112, 245
112, 53
112, 118
112, 182
112, 246
112, 54
112, 119
112, 183
112, 247
112, 55
112, 120
112, 184
112, 248
112, 56
112, 121
112, 185
112, 249
112, 57
112, 122
112, 186
112, 250
112, 58
112, 123
112, 187
112, 59
112, 124
112, 188
112, 60
112, 125
112, 189
112, 61
112, 126
112, 190
112, 62
112, 127
112, 191
112, 63
48, 192
48, 128
48, 64
48, 1
48, 193
48, 129
48, 65
48, 66
48, 130
48, 194
48, 2
48, 67
48, 131
48, 195
48, 3
48, 68
48, 132
48, 196
48, 4
48, 69
48, 133
48, 197
48, 5
48, 70
48, 134
48, 198
48, 6
48, 71
48, 135
48, 199
48, 7
48, 72
48, 136
48, 200
48, 8
48, 73
48, 137
48, 201
48, 9
48, 74
48, 138
48, 202
48, 10
48, 75
48, 139
48, 203
48, 11
48, 76
48, 140
48, 204
48, 12
48, 77
48, 141
48, 205
48, 13
48, 78
48, 142
48, 206
48, 14
48, 79
48, 143
48, 207
48, 15
48, 80
48, 144
48, 208
48, 16
48, 81
48, 145
48, 209
48, 17
48, 82
48, 146
48, 210
48, 18
48, 83
48, 147
48, 211
48, 19
48, 84
48, 148
48, 212
48, 20
48, 85
48, 149
48, 213
48, 21
48, 86
48, 150
48, 214
48, 22
48, 87
48, 151
48, 215
48, 23
48, 88
48, 152
48, 216
48, 24
48, 89
48, 153
48, 217
48, 25
48, 90
48, 154
48, 218
48, 26
48, 91
48, 155
48, 219
48, 27
48, 92
48, 156
48, 220
48, 28
48, 93
48, 157
48, 221
48, 29
48, 94
48, 158
48, 222
48, 30
48, 95
48, 159
48, 223
48, 31
48, 96
48, 160
48, 224
48, 32
48, 97
48, 161
48, 225
48, 33
48, 98
48, 162
48, 226
48, 34
48, 99
48, 163
48, 227
48, 35
48, 100
48, 164
48, 228
48, 36
48, 101
48, 165
48, 229
48, 37
48, 102
48, 166
48, 230
48, 38
48, 103
48, 167
48, 231
48, 39
48, 104
48, 168
48, 232
48, 40
48, 105
48, 169
48, 233
48, 41
48, 106
48, 170
48, 234
48, 42
48, 107
48, 171
48, 235
48, 43
48, 108
48, 172
48, 236
48, 44
48, 109
48, 173
48, 237
48, 45
48, 110
48, 174
48, 238
48, 46
48, 111
48, 175
48, 239
48, 47
48, 112
48, 176
48, 240
48, 48
48, 113
48, 177
48, 241
48, 49
48, 50
48, 114
48, 178
48, 242
48, 51
48, 115
48, 179
48, 243
48, 52
48, 116
48, 180
48, 244
48, 53
48, 117
48, 181
48, 245
48, 54
48, 118
48, 182
48, 246
48, 55
48, 119
48, 183
48, 247
48, 56
48, 120
48, 184
48, 248
48, 57
48, 121
48, 185
48, 249
48, 58
48, 122
48, 186
48, 250
48, 59
48, 123
48, 187
48, 60
48, 124
48, 188
48, 61
48, 125
48, 189
48, 62
48, 126
48, 190
48, 63
48, 127
48, 191
241, 192
241, 128
241, 64
241, 193
241, 129
241, 65
241, 1
241, 2
241, 66
241, 130
241, 194
241, 3
241, 67
241, 131
241, 195
241, 4
241, 68
241, 132
241, 196
241, 5
241, 69
241, 133
241, 197
241, 6
241, 70
241, 134
241, 198
241, 7
241, 71
241, 135
241, 199
241, 8
241, 72
241, 136
241, 200
241, 9
241, 73
241, 137
241, 201
241, 10
241, 74
241, 138
241, 202
241, 11
241, 75
241, 139
241, 203
241, 12
241, 76
241, 140
241, 204
241, 13
241, 77
241, 141
241, 205
241, 14
241, 78
241, 142
241, 206
241, 15
241, 79
241, 143
241, 207
241, 16
241, 80
241, 144
241, 208
241, 17
241, 81
241, 145
241, 209
241, 18
241, 82
241, 146
241, 210
241, 19
241, 83
241, 147
241, 211
241, 20
241, 84
241, 148
241, 212
241, 21
241, 85
241, 149
241, 213
241, 22
241, 86
241, 150
241, 214
241, 23
241, 87
241, 151
241, 215
241, 24
241, 88
241, 152
241, 216
241, 25
241, 89
241, 153
241, 217
241, 26
241, 90
241, 154
241, 218
241, 27
241, 91
241, 155
241, 219
241, 28
241, 92
241, 156
241, 220
241, 29
241, 93
241, 157
241, 221
241, 30
241, 94
241, 158
241, 222
241, 31
241, 95
241, 159
241, 223
241, 32
241, 96
241, 160
241, 224
241, 33
241, 97
241, 161
241, 225
241, 34
241, 98
241, 162
241, 226
241, 35
241, 99
241, 163
241, 227
241, 36
241, 100
241, 164
241, 228
241, 37
241, 101
241, 165
241, 229
241, 38
241, 102
241, 166
241, 230
241, 39
241, 103
241, 167
241, 231
241, 40
241, 104
241, 168
241, 232
241, 41
241, 105
241, 169
241, 233
241, 42
241, 106
241, 170
241, 234
241, 43
241, 107
241, 171
241, 235
241, 44
241, 108
241, 172
241, 236
241, 45
241, 109
241, 173
241, 237
241, 46
241, 110
241, 174
241, 238
241, 47
241, 111
241, 175
241, 239
241, 48
241, 112
241, 176
241, 240
241, 49
241, 113
241, 177
241, 241
241, 50
241, 114
241, 178
241, 242
241, 243
241, 51
241, 115
241, 179
241, 244
241, 52
241, 116
241, 180
241, 245
241, 53
241, 117
241, 181
241, 246
241, 54
241, 118
241, 182
241, 247
241, 55
241, 119
241, 183
241, 248
241, 56
241, 120
241, 184
241, 249
241, 57
241, 121
241, 185
241, 250
241, 58
241, 122
241, 186
241, 59
241, 123
241, 187
241, 60
241, 124
241, 188
241, 61
241, 125
241, 189
241, 62
241, 126
241, 190
241, 63
241, 127
241, 191
177, 128
177, 64
177, 192
177, 129
177, 65
177, 1
177, 193
177, 194
177, 2
177, 66
177, 130
177, 195
177, 3
177, 67
177, 131
177, 196
177, 4
177, 68
177, 132
177, 197
177, 5
177, 69
177, 133
177, 198
177, 6
177, 70
177, 134
177, 199
177, 7
177, 71
177, 135
177, 200
177, 8
177, 72
177, 136
177, 201
177, 9
177, 73
177, 137
177, 202
177, 10
177, 74
177, 138
177, 203
177, 11
177, 75
177, 139
177, 204
177, 12
177, 76
177, 140
177, 205
177, 13
177, 77
177, 141
177, 206
177, 14
177, 78
177, 142
177, 207
177, 15
177, 79
177, 143
177, 208
177, 16
177, 80
177, 144
177, 209
177, 17
177, 81
177, 145
177, 210
177, 18
177, 82
177, 146
177, 211
177, 19
177, 83
177, 147
177, 212
177, 20
177, 84
177, 148
177, 213
177, 21
177, 85
177, 149
177, 214
177, 22
177, 86
177, 150
177, 215
177, 23
177, 87
177, 151
177, 216
177, 24
177, 88
177, 152
177, 217
177, 25
177, 89
177, 153
177, 218
177, 26
177, 90
177, 154
177, 219
177, 27
177, 91
177, 155
177, 220
177, 28
177, 92
177, 156
177, 221
177, 29
177, 93
177, 157
177, 222
177, 30
177, 94
177, 158
177, 223
177, 31
177, 95
177, 159
177, 224
177, 32
177, 96
177, 160
177, 225
177, 33
177, 97
177, 161
177, 226
177, 34
177, 98
177, 162
177, 227
177, 35
177, 99
177, 163
177, 228
177, 36
177, 100
177, 164
177, 229
177, 37
177, 101
177, 165
177, 230
177, 38
177, 102
177, 166
177, 231
177, 39
177, 103
177, 167
177, 232
177, 40
177, 104
177, 168
177, 233
177, 41
177, 105
177, 169
177, 234
177, 42
177, 106
177, 170
177, 235
177, 43
177, 107
177, 171
177, 236
177, 44
177, 108
177, 172
177, 237
177, 45
177, 109
177, 173
177, 238
177, 46
177, 110
177, 174
177, 239
177, 47
177, 111
177, 175
177, 240
177, 48
177, 112
177, 176
177, 241
177, 49
177, 113
177, 177
177, 242
177, 50
177, 114
177, 178
177, 179
177, 243
177, 51
177, 115
177, 180
177, 244
177, 52
177, 116
177, 181
177, 245
177, 53
177, 117
177, 182
177, 246
177, 54
177, 118
177, 183
177, 247
177, 55
177, 119
177, 184
177, 248
177, 56
177, 120
177, 185
177, 249
177, 57
177, 121
177, 186
177, 250
177, 58
177, 122
177, 187
177, 59
177, 123
177, 188
177, 60
177, 124
177, 189
177, 61
177, 125
177, 190
177, 62
177, 126
177, 191
177, 63
177, 127
113, 64
113, 192
113, 128
113, 65
113, 1
113, 193
113, 129
113, 130
113, 194
113, 2
113, 66
113, 131
113, 195
113, 3
113, 67
113, 132
113, 196
113, 4
113, 68
113, 133
113, 197
113, 5
113, 69
113, 134
113, 198
113, 6
113, 70
113, 135
113, 199
113, 7
113, 71
113, 136
113, 200
113, 8
113, 72
113, 137
113, 201
113, 9
113, 73
113, 138
113, 202
113, 10
113, 74
113, 139
113, 203
113, 11
113, 75
113, 140
113, 204
113, 12
113, 76
113, 141
113, 205
113, 13
113, 77
113, 142
113, 206
113, 14
113, 78
113, 143
113, 207
113, 15
113, 79
113, 144
113, 208
113, 16
113, 80
113, 145
113, 209
113, 17
113, 81
113, 146
113, 210
113, 18
113, 82
113, 147
113, 211
113, 19
113, 83
113, 148
113, 212
113, 20
113, 84
113, 149
113, 213
113, 21
113, 85
113, 150
113, 214
113, 22
113, 86
113, 151
113, 215
113, 23
113, 87
113, 152
113, 216
113, 24
113, 88
113, 153
113, 217
113, 25
113, 89
113, 154
113, 218
113, 26
113, 90
113, 155
113, 219
113, 27
113, 91
113, 156
113, 220
113, 28
113, 92
113, 157
113, 221
113, 29
113, 93
113, 158
113, 222
113, 30
113, 94
113, 159
113, 223
113, 31
113, 95
113, 160
113, 224
113, 32
113, 96
113, 161
113, 225
113, 33
113, 97
113, 162
113, 226
113, 34
113, 98
113, 163
113, 227
113, 35
113, 99
113, 164
113, 228
113, 36
113, 100
113, 165
113, 229
113, 37
113, 101
113, 166
113, 230
113, 38
113, 102
113, 167
113, 231
113, 39
113, 103
113, 168
113, 232
113, 40
113, 104
113, 169
113, 233
113, 41
113, 105
113, 170
113, 234
113, 42
113, 106
113, 171
113, 235
113, 43
113, 107
113, 172
113, 236
113, 44
113, 108
113, 173
113, 237
113, 45
113, 109
113, 174
113, 238
113, 46
113, 110
113, 175
113, 239
113, 47
113, 111
113, 176
113, 240
113, 48
113, 112
113, 177
113, 241
113, 49
113, 113
113, 178
113, 242
113, 50
113, 114
113, 115
113, 179
113, 243
113, 51
113, 116
113, 180
113, 244
113, 52
113, 117
113, 181
113, 245
113, 53
113, 118
113, 182
113, 246
113, 54
113, 119
113, 183
113, 247
113, 55
113, 120
113, 184
113, 248
113, 56
113, 121
113, 185
113, 249
113, 57
113, 122
113, 186
113, 250
113, 58
113, 123
113, 187
113, 59
113, 124
113, 188
113, 60
113, 125
113, 189
113, 61
113, 126
113, 190
113, 62
113, 127
113, 191
113, 63
49, 192
49, 128
49, 64
49, 1
49, 193
49, 129
49, 65
49, 66
49, 130
49, 194
49, 2
49, 67
49, 131
49, 195
49, 3
49, 68
49, 132
49, 196
49, 4
49, 69
49, 133
49, 197
49, 5
49, 70
49, 134
49, 198
49, 6
49, 71
49, 135
49, 199
49, 7
49, 72
49, 136
49, 200
49, 8
49, 73
49, 137
49, 201
49, 9
49, 74
49, 138
49, 202
49, 10
49, 75
49, 139
49, 203
49, 11
49, 76
49, 140
49, 204
49, 12
49, 77
49, 141
49, 205
49, 13
49, 78
49, 142
49, 206
49, 14
49, 79
49, 143
49, 207
49, 15
49, 80
49, 144
49, 208
49, 16
49, 81
49, 145
49, 209
49, 17
49, 82
49, 146
49, 210
49, 18
49, 83
49, 147
49, 211
49, 19
49, 84
49, 148
49, 212
49, 20
49, 85
49, 149
49, 213
49, 21
49, 86
49, 150
49, 214
49, 22
49, 87
49, 151
49, 215
49, 23
49, 88
49, 152
49, 216
49, 24
49, 89
49, 153
49, 217
49, 25
49, 90
49, 154
49, 218
49, 26
49, 91
49, 155
49, 219
49, 27
49, 92
49, 156
49, 220
49, 28
49, 93
49, 157
49, 221
49, 29
49, 94
49, 158
49, 222
49, 30
49, 95
49, 159
49, 223
49, 31
49, 96
49, 160
49, 224
49, 32
49, 97
49, 161
49, 225
49, 33
49, 98
49, 162
49, 226
49, 34
49, 99
49, 163
49, 227
49, 35
49, 100
49, 164
49, 228
49, 36
49, 101
49, 165
49, 229
49, 37
49, 102
49, 166
49, 230
49, 38
49, 103
49, 167
49, 231
49, 39
49, 104
49, 168
49, 232
49, 40
49, 105
49, 169
49, 233
49, 41
49, 106
49, 170
49, 234
49, 42
49, 107
49, 171
49, 235
49, 43
49, 108
49, 172
49, 236
49, 44
49, 109
49, 173
49, 237
49, 45
49, 110
49, 174
49, 238
49, 46
49, 111
49, 175
49, 239
49, 47
49, 112
49, 176
49, 240
49, 48
49, 113
49, 177
49, 241
49, 49
49, 114
49, 178
49, 242
49, 50
49, 51
49, 115
49, 179
49, 243
49, 52
49, 116
49, 180
49, 244
49, 53
49, 117
49, 181
49, 245
49, 54
49, 118
49, 182
49, 246
49, 55
49, 119
49, 183
49, 247
49, 56
49, 120
49, 184
49, 248
49, 57
49, 121
49, 185
49, 249
49, 58
49, 122
49, 186
49, 250
49, 59
49, 123
49, 187
49, 60
49, 124
49, 188
49, 61
49, 125
49, 189
49, 62
49, 126
49, 190
49, 63
49, 127
49, 191
242, 192
242, 128
242, 64
242, 193
242, 129
242, 65
242, 1
242, 2
242, 66
242, 130
242, 194
242, 3
242, 67
242, 131
242, 195
242, 4
242, 68
242, 132
242, 196
242, 5
242, 69
242, 133
242, 197
242, 6
242, 70
242, 134
242, 198
242, 7
242, 71
242, 135
242, 199
242, 8
242, 72
242, 136
242, 200
242, 9
242, 73
242, 137
242, 201
242, 10
242, 74
242, 138
242, 202
242, 11
242, 75
242, 139
242, 203
242, 12
242, 76
242, 140
242, 204
242, 13
242, 77
242, 141
242, 205
242, 14
242, 78
242, 142
242, 206
242, 15
242, 79
242, 143
242, 207
242, 16
242, 80
242, 144
242, 208
242, 17
242, 81
242, 145
242, 209
242, 18
242, 82
242, 146
242, 210
242, 19
242, 83
242, 147
242, 211
242, 20
242, 84
242, 148
242, 212
242, 21
242, 85
242, 149
242, 213
242, 22
242, 86
242, 150
242, 214
242, 23
242, 87
242, 151
242, 215
242, 24
242, 88
242, 152
242, 216
242, 25
242, 89
242, 153
242, 217
242, 26
242, 90
242, 154
242, 218
242, 27
242, 91
242, 155
242, 219
242, 28
242, 92
242, 156
242, 220
242, 29
242, 93
242, 157
242, 221
242, 30
242, 94
242, 158
242, 222
242, 31
242, 95
242, 159
242, 223
242, 32
242, 96
242, 160
242, 224
242, 33
242, 97
242, 161
242, 225
242, 34
242, 98
242, 162
242, 226
242, 35
242, 99
242, 163
242, 227
242, 36
242, 100
242, 164
242, 228
242, 37
242, 101
242, 165
242, 229
242, 38
242, 102
242, 166
242, 230
242, 39
242, 103
242, 167
242, 231
242, 40
242, 104
242, 168
242, 232
242, 41
242, 105
242, 169
242, 233
242, 42
242, 106
242, 170
242, 234
242, 43
242, 107
242, 171
242, 235
242, 44
242, 108
242, 172
242, 236
242, 45
242, 109
242, 173
242, 237
242, 46
242, 110
242, 174
242, 238
242, 47
242, 111
242, 175
242, 239
242, 48
242, 112
242, 176
242, 240
242, 49
242, 113
242, 177
242, 241
242, 50
242, 114
242, 178
242, 242
242, 51
242, 115
242, 179
242, 243
242, 244
242, 52
242, 116
242, 180
242, 245
242, 53
242, 117
242, 181
242, 246
242, 54
242, 118
242, 182
242, 247
242, 55
242, 119
242, 183
242, 248
242, 56
242, 120
242, 184
242, 249
242, 57
242, 121
242, 185
242, 250
242, 58
242, 122
242, 186
242, 59
242, 123
242, 187
242, 60
242, 124
242, 188
242, 61
242, 125
242, 189
242, 62
242, 126
242, 190
242, 63
242, 127
242, 191
178, 128
178, 64
178, 192
178, 129
178, 65
178, 1
178, 193
178, 194
178, 2
178, 66
178, 130
178, 195
178, 3
178, 67
178, 131
178, 196
178, 4
178, 68
178, 132
178, 197
178, 5
178, 69
178, 133
178, 198
178, 6
178, 70
178, 134
178, 199
178, 7
178, 71
178, 135
178, 200
178, 8
178, 72
178, 136
178, 201
178, 9
178, 73
178, 137
178, 202
178, 10
178, 74
178, 138
178, 203
178, 11
178, 75
178, 139
178, 204
178, 12
178, 76
178, 140
178, 205
178, 13
178, 77
178, 141
178, 206
178, 14
178, 78
178, 142
178, 207
178, 15
178, 79
178, 143
178, 208
178, 16
178, 80
178, 144
178, 209
178, 17
178, 81
178, 145
178, 210
178, 18
178, 82
178, 146
178, 211
178, 19
178, 83
178, 147
178, 212
178, 20
178, 84
178, 148
178, 213
178, 21
178, 85
178, 149
178, 214
178, 22
178, 86
178, 150
178, 215
178, 23
178, 87
178, 151
178, 216
178, 24
178, 88
178, 152
178, 217
178, 25
178, 89
178, 153
178, 218
178, 26
178, 90
178, 154
178, 219
178, 27
178, 91
178, 155
178, 220
178, 28
178, 92
178, 156
178, 221
178, 29
178, 93
178, 157
178, 222
178, 30
178, 94
178, 158
178, 223
178, 31
178, 95
178, 159
178, 224
178, 32
178, 96
178, 160
178, 225
178, 33
178, 97
178, 161
178, 226
178, 34
178, 98
178, 162
178, 227
178, 35
178, 99
178, 163
178, 228
178, 36
178, 100
178, 164
178, 229
178, 37
178, 101
178, 165
178, 230
178, 38
178, 102
178, 166
178, 231
178, 39
178, 103
178, 167
178, 232
178, 40
178, 104
178, 168
178, 233
178, 41
178, 105
178, 169
178, 234
178, 42
178, 106
178, 170
178, 235
178, 43
178, 107
178, 171
178, 236
178, 44
178, 108
178, 172
178, 237
178, 45
178, 109
178, 173
178, 238
178, 46
178, 110
178, 174
178, 239
178, 47
178, 111
178, 175
178, 240
178, 48
178, 112
178, 176
178, 241
178, 49
178, 113
178, 177
178, 242
178, 50
178, 114
178, 178
178, 243
178, 51
178, 115
178, 179
178, 180
178, 244
178, 52
178, 116
178, 181
178, 245
178, 53
178, 117
178, 182
178, 246
178, 54
178, 118
178, 183
178, 247
178, 55
178, 119
178, 184
178, 248
178, 56
178, 120
178, 185
178, 249
178, 57
178, 121
178, 186
178, 250
178, 58
178, 122
178, 187
178, 59
178, 123
178, 188
178, 60
178, 124
178, 189
178, 61
178, 125
178, 190
178, 62
178, 126
178, 191
178, 63
178, 127
114, 64
114, 192
114, 128
114, 65
114, 1
114, 193
114, 129
114, 130
114, 194
114, 2
114, 66
114, 131
114, 195
114, 3
114, 67
114, 132
114, 196
114, 4
114, 68
114, 133
114, 197
114, 5
114, 69
114, 134
114, 198
114, 6
114, 70
114, 135
114, 199
114, 7
114, 71
114, 136
114, 200
114, 8
114, 72
114, 137
114, 201
114, 9
114, 73
114, 138
114, 202
114, 10
114, 74
114, 139
114, 203
114, 11
114, 75
114, 140
114, 204
114, 12
114, 76
114, 141
114, 205
114, 13
114, 77
114, 142
114, 206
114, 14
114, 78
114, 143
114, 207
114, 15
114, 79
114, 144
114, 208
114, 16
114, 80
114, 145
114, 209
114, 17
114, 81
114, 146
114, 210
114, 18
114, 82
114, 147
114, 211
114, 19
114, 83
114, 148
114, 212
114, 20
114, 84
114, 149
114, 213
114, 21
114, 85
114, 150
114, 214
114, 22
114, 86
114, 151
114, 215
114, 23
114, 87
114, 152
114, 216
114, 24
114, 88
114, 153
114, 217
114, 25
114, 89
114, 154
114, 218
114, 26
114, 90
114, 155
114, 219
114, 27
114, 91
114, 156
114, 220
114, 28
114, 92
114, 157
114, 221
114, 29
114, 93
114, 158
114, 222
114, 30
114, 94
114, 159
114, 223
114, 31
114, 95
114, 160
114, 224
114, 32
114, 96
114, 161
114, 225
114, 33
114, 97
114, 162
114, 226
114, 34
114, 98
114, 163
114, 227
114, 35
114, 99
114, 164
114, 228
114, 36
114, 100
114, 165
114, 229
114, 37
114, 101
114, 166
114, 230
114, 38
114, 102
114, 167
114, 231
114, 39
114, 103
114, 168
114, 232
114, 40
114, 104
114, 169
114, 233
114, 41
114, 105
114, 170
114, 234
114, 42
114, 106
114, 171
114, 235
114, 43
114, 107
114, 172
114, 236
114, 44
114, 108
114, 173
114, 237
114, 45
114, 109
114, 174
114, 238
114, 46
114, 110
114, 175
114, 239
114, 47
114, 111
114, 176
114, 240
114, 48
114, 112
114, 177
114, 241
114, 49
114, 113
114, 178
114, 242
114, 50
114, 114
114, 179
114, 243
114, 51
114, 115
114, 116
114, 180
114, 244
114, 52
114, 117
114, 181
114, 245
114, 53
114, 118
114, 182
114, 246
114, 54
114, 119
114, 183
114, 247
114, 55
114, 120
114, 184
114, 248
114, 56
114, 121
114, 185
114, 249
114, 57
114, 122
114, 186
114, 250
114, 58
114, 123
114, 187
114, 59
114, 124
114, 188
114, 60
114, 125
114, 189
114, 61
114, 126
114, 190
114, 62
114, 127
114, 191
114, 63
50, 192
50, 128
50, 64
50, 1
50, 193
50, 129
50, 65
50, 66
50, 130
50, 194
50, 2
50, 67
50, 131
50, 195
50, 3
50, 68
50, 132
50, 196
50, 4
50, 69
50, 133
50, 197
50, 5
50, 70
50, 134
50, 198
50, 6
50, 71
50, 135
50, 199
50, 7
50, 72
50, 136
50, 200
50, 8
50, 73
50, 137
50, 201
50, 9
50, 74
50, 138
50, 202
50, 10
50, 75
50, 139
50, 203
50, 11
50, 76
50, 140
50, 204
50, 12
50, 77
50, 141
50, 205
50, 13
50, 78
50, 142
50, 206
50, 14
50, 79
50, 143
50, 207
50, 15
50, 80
50, 144
50, 208
50, 16
50, 81
50, 145
50, 209
50, 17
50, 82
50, 146
50, 210
50, 18
50, 83
50, 147
50, 211
50, 19
50, 84
50, 148
50, 212
50, 20
50, 85
50, 149
50, 213
50, 21
50, 86
50, 150
50, 214
50, 22
50, 87
50, 151
50, 215
50, 23
50, 88
50, 152
50, 216
50, 24
50, 89
50, 153
50, 217
50, 25
50, 90
50, 154
50, 218
50, 26
50, 91
50, 155
50, 219
50, 27
50, 92
50, 156
50, 220
50, 28
50, 93
50, 157
50, 221
50, 29
50, 94
50, 158
50, 222
50, 30
50, 95
50, 159
50, 223
50, 31
50, 96
50, 160
50, 224
50, 32
50, 97
50, 161
50, 225
50, 33
50, 98
50, 162
50, 226
50, 34
50, 99
50, 163
50, 227
50, 35
50, 100
50, 164
50, 228
50, 36
50, 101
50, 165
50, 229
50, 37
50, 102
50, 166
50, 230
50, 38
50, 103
50, 167
50, 231
50, 39
50, 104
50, 168
50, 232
50, 40
50, 105
50, 169
50, 233
50, 41
50, 106
50, 170
50, 234
50, 42
50, 107
50, 171
50, 235
50, 43
50, 108
50, 172
50, 236
50, 44
50, 109
50, 173
50, 237
50, 45
50, 110
50, 174
50, 238
50, 46
50, 111
50, 175
50, 239
50, 47
50, 112
50, 176
50, 240
50, 48
50, 113
50, 177
50, 241
50, 49
50, 114
50, 178
50, 242
50, 50
50, 115
50, 179
50, 243
50, 51
50, 52
50, 116
50, 180
50, 244
50, 53
50, 117
50, 181
50, 245
50, 54
50, 118
50, 182
50, 246
50, 55
50, 119
50, 183
50, 247
50, 56
50, 120
50, 184
50, 248
50, 57
50, 121
50, 185
50, 249
50, 58
50, 122
50, 186
50, 250
50, 59
50, 123
50, 187
50, 60
50, 124
50, 188
50, 61
50, 125
50, 189
50, 62
50, 126
50, 190
50, 63
50, 127
50, 191
243, 192
243, 128
243, 64
243, 193
243, 129
243, 65
243, 1
243, 2
243, 66
243, 130
243, 194
243, 3
243, 67
243, 131
243, 195
243, 4
243, 68
243, 132
243, 196
243, 5
243, 69
243, 133
243, 197
243, 6
243, 70
243, 134
243, 198
243, 7
243, 71
243, 135
243, 199
243, 8
243, 72
243, 136
243, 200
243, 9
243, 73
243, 137
243, 201
243, 10
243, 74
243, 138
243, 202
243, 11
243, 75
243, 139
243, 203
243, 12
243, 76
243, 140
243, 204
243, 13
243, 77
243, 141
243, 205
243, 14
243, 78
243, 142
243, 206
243, 15
243, 79
243, 143
243, 207
243, 16
243, 80
243, 144
243, 208
243, 17
243, 81
243, 145
243, 209
243, 18
243, 82
243, 146
243, 210
243, 19
243, 83
243, 147
243, 211
243, 20
243, 84
243, 148
243, 212
243, 21
243, 85
243, 149
243, 213
243, 22
243, 86
243, 150
243, 214
243, 23
243, 87
243, 151
243, 215
243, 24
243, 88
243, 152
243, 216
243, 25
243, 89
243, 153
243, 217
243, 26
243, 90
243, 154
243, 218
243, 27
243, 91
243, 155
243, 219
243, 28
243, 92
243, 156
243, 220
243, 29
243, 93
243, 157
243, 221
243, 30
243, 94
243, 158
243, 222
243, 31
243, 95
243, 159
243, 223
243, 32
243, 96
243, 160
243, 224
243, 33
243, 97
243, 161
243, 225
243, 34
243, 98
243, 162
243, 226
243, 35
243, 99
243, 163
243, 227
243, 36
243, 100
243, 164
243, 228
243, 37
243, 101
243, 165
243, 229
243, 38
243, 102
243, 166
243, 230
243, 39
243, 103
243, 167
243, 231
243, 40
243, 104
243, 168
243, 232
243, 41
243, 105
243, 169
243, 233
243, 42
243, 106
243, 170
243, 234
243, 43
243, 107
243, 171
243, 235
243, 44
243, 108
243, 172
243, 236
243, 45
243, 109
243, 173
243, 237
243, 46
243, 110
243, 174
243, 238
243, 47
243, 111
243, 175
243, 239
243, 48
243, 112
243, 176
243, 240
243, 49
243, 113
243, 177
243, 241
243, 50
243, 114
243, 178
243, 242
243, 51
243, 115
243, 179
243, 243
243, 52
243, 116
243, 180
243, 244
243, 245
243, 53
243, 117
243, 181
243, 246
243, 54
243, 118
243, 182
243, 247
243, 55
243, 119
243, 183
243, 248
243, 56
243, 120
243, 184
243, 249
243, 57
243, 121
243, 185
243, 250
243, 58
243, 122
243, 186
243, 59
243, 123
243, 187
243, 60
243, 124
243, 188
243, 61
243, 125
243, 189
243, 62
243, 126
243, 190
243, 63
243, 127
243, 191
179, 128
179, 64
179, 192
179, 129
179, 65
179, 1
179, 193
179, 194
179, 2
179, 66
179, 130
179, 195
179, 3
179, 67
179, 131
179, 196
179, 4
179, 68
179, 132
179, 197
179, 5
179, 69
179, 133
179, 198
179, 6
179, 70
179, 134
179, 199
179, 7
179, 71
179, 135
179, 200
179, 8
179, 72
179, 136
179, 201
179, 9
179, 73
179, 137
179, 202
179, 10
179, 74
179, 138
179, 203
179, 11
179, 75
179, 139
179, 204
179, 12
179, 76
179, 140
179, 205
179, 13
179, 77
179, 141
179, 206
179, 14
179, 78
179, 142
179, 207
179, 15
179, 79
179, 143
179, 208
179, 16
179, 80
179, 144
179, 209
179, 17
179, 81
179, 145
179, 210
179, 18
179, 82
179, 146
179, 211
179, 19
179, 83
179, 147
179, 212
179, 20
179, 84
179, 148
179, 213
179, 21
179, 85
179, 149
179, 214
179, 22
179, 86
179, 150
179, 215
179, 23
179, 87
179, 151
179, 216
179, 24
179, 88
179, 152
179, 217
179, 25
179, 89
179, 153
179, 218
179, 26
179, 90
179, 154
179, 219
179, 27
179, 91
179, 155
179, 220
179, 28
179, 92
179, 156
179, 221
179, 29
179, 93
179, 157
179, 222
179, 30
179, 94
179, 158
179, 223
179, 31
179, 95
179, 159
179, 224
179, 32
179, 96
179, 160
179, 225
179, 33
179, 97
179, 161
179, 226
179, 34
179, 98
179, 162
179, 227
179, 35
179, 99
179, 163
179, 228
179, 36
179, 100
179, 164
179, 229
179, 37
179, 101
179, 165
179, 230
179, 38
179, 102
179, 166
179, 231
179, 39
179, 103
179, 167
179, 232
179, 40
179, 104
179, 168
179, 233
179, 41
179, 105
179, 169
179, 234
179, 42
179, 106
179, 170
179, 235
179, 43
179, 107
179, 171
179, 236
179, 44
179, 108
179, 172
179, 237
179, 45
179, 109
179, 173
179, 238
179, 46
179, 110
179, 174
179, 239
179, 47
179, 111
179, 175
179, 240
179, 48
179, 112
179, 176
179, 241
179, 49
179, 113
179, 177
179, 242
179, 50
179, 114
179, 178
179, 243
179, 51
179, 115
179, 179
179, 244
179, 52
179, 116
179, 180
179, 181
179, 245
179, 53
179, 117
179, 182
179, 246
179, 54
179, 118
179, 183
179, 247
179, 55
179, 119
179, 184
179, 248
179, 56
179, 120
179, 185
179, 249
179, 57
179, 121
179, 186
179, 250
179, 58
179, 122
179, 187
179, 59
179, 123
179, 188
179, 60
179, 124
179, 189
179, 61
179, 125
179, 190
179, 62
179, 126
179, 191
179, 63
179, 127
115, 64
115, 192
115, 128
115, 65
115, 1
115, 193
115, 129
115, 130
115, 194
115, 2
115, 66
115, 131
115, 195
115, 3
115, 67
115, 132
115, 196
115, 4
115, 68
115, 133
115, 197
115, 5
115, 69
115, 134
115, 198
115, 6
115, 70
115, 135
115, 199
115, 7
115, 71
115, 136
115, 200
115, 8
115, 72
115, 137
115, 201
115, 9
115, 73
115, 138
115, 202
115, 10
115, 74
115, 139
115, 203
115, 11
115, 75
115, 140
115, 204
115, 12
115, 76
115, 141
115, 205
115, 13
115, 77
115, 142
115, 206
115, 14
115, 78
115, 143
115, 207
115, 15
115, 79
115, 144
115, 208
115, 16
115, 80
115, 145
115, 209
115, 17
115, 81
115, 146
115, 210
115, 18
115, 82
115, 147
115, 211
115, 19
115, 83
115, 148
115, 212
115, 20
115, 84
115, 149
115, 213
115, 21
115, 85
115, 150
115, 214
115, 22
115, 86
115, 151
115, 215
115, 23
115, 87
115, 152
115, 216
115, 24
115, 88
115, 153
115, 217
115, 25
115, 89
115, 154
115, 218
115, 26
115, 90
115, 155
115, 219
115, 27
115, 91
115, 156
115, 220
115, 28
115, 92
115, 157
115, 221
115, 29
115, 93
115, 158
115, 222
115, 30
115, 94
115, 159
115, 223
115, 31
115, 95
115, 160
115, 224
115, 32
115, 96
115, 161
115, 225
115, 33
115, 97
115, 162
115, 226
115, 34
115, 98
115, 163
115, 227
115, 35
115, 99
115, 164
115, 228
115, 36
115, 100
115, 165
115, 229
115, 37
115, 101
115, 166
115, 230
115, 38
115, 102
115, 167
115, 231
115, 39
115, 103
115, 168
115, 232
115, 40
115, 104
115, 169
115, 233
115, 41
115, 105
115, 170
115, 234
115, 42
115, 106
115, 171
115, 235
115, 43
115, 107
115, 172
115, 236
115, 44
115, 108
115, 173
115, 237
115, 45
115, 109
115, 174
115, 238
115, 46
115, 110
115, 175
115, 239
115, 47
115, 111
115, 176
115, 240
115, 48
115, 112
115, 177
115, 241
115, 49
115, 113
115, 178
115, 242
115, 50
115, 114
115, 179
115, 243
115, 51
115, 115
115, 180
115, 244
115, 52
115, 116
115, 117
115, 181
115, 245
115, 53
115, 118
115, 182
115, 246
115, 54
115, 119
115, 183
115, 247
115, 55
115, 120
115, 184
115, 248
115, 56
115, 121
115, 185
115, 249
115, 57
115, 122
115, 186
115, 250
115, 58
115, 123
115, 187
115, 59
115, 124
115, 188
115, 60
115, 125
115, 189
115, 61
115, 126
115, 190
115, 62
115, 127
115, 191
115, 63
51, 192
51, 128
51, 64
51, 1
51, 193
51, 129
51, 65
51, 66
51, 130
51, 194
51, 2
51, 67
51, 131
51, 195
51, 3
51, 68
51, 132
51, 196
51, 4
51, 69
51, 133
51, 197
51, 5
51, 70
51, 134
51, 198
51, 6
51, 71
51, 135
51, 199
51, 7
51, 72
51, 136
51, 200
51, 8
51, 73
51, 137
51, 201
51, 9
51, 74
51, 138
51, 202
51, 10
51, 75
51, 139
51, 203
51, 11
51, 76
51, 140
51, 204
51, 12
51, 77
51, 141
51, 205
51, 13
51, 78
51, 142
51, 206
51, 14
51, 79
51, 143
51, 207
51, 15
51, 80
51, 144
51, 208
51, 16
51, 81
51, 145
51, 209
51, 17
51, 82
51, 146
51, 210
51, 18
51, 83
51, 147
51, 211
51, 19
51, 84
51, 148
51, 212
51, 20
51, 85
51, 149
51, 213
51, 21
51, 86
51, 150
51, 214
51, 22
51, 87
51, 151
51, 215
51, 23
51, 88
51, 152
51, 216
51, 24
51, 89
51, 153
51, 217
51, 25
51, 90
51, 154
51, 218
51, 26
51, 91
51, 155
51, 219
51, 27
51, 92
51, 156
51, 220
51, 28
51, 93
51, 157
51, 221
51, 29
51, 94
51, 158
51, 222
51, 30
51, 95
51, 159
51, 223
51, 31
51, 96
51, 160
51, 224
51, 32
51, 97
51, 161
51, 225
51, 33
51, 98
51, 162
51, 226
51, 34
51, 99
51, 163
51, 227
51, 35
51, 100
51, 164
51, 228
51, 36
51, 101
51, 165
51, 229
51, 37
51, 102
51, 166
51, 230
51, 38
51, 103
51, 167
51, 231
51, 39
51, 104
51, 168
51, 232
51, 40
51, 105
51, 169
51, 233
51, 41
51, 106
51, 170
51, 234
51, 42
51, 107
51, 171
51, 235
51, 43
51, 108
51, 172
51, 236
51, 44
51, 109
51, 173
51, 237
51, 45
51, 110
51, 174
51, 238
51, 46
51, 111
51, 175
51, 239
51, 47
51, 112
51, 176
51, 240
51, 48
51, 113
51, 177
51, 241
51, 49
51, 114
51, 178
51, 242
51, 50
51, 115
51, 179
51, 243
51, 51
51, 116
51, 180
51, 244
51, 52
51, 53
51, 117
51, 181
51, 245
51, 54
51, 118
51, 182
51, 246
51, 55
51, 119
51, 183
51, 247
51, 56
51, 120
51, 184
51, 248
51, 57
51, 121
51, 185
51, 249
51, 58
51, 122
51, 186
51, 250
51, 59
51, 123
51, 187
51, 60
51, 124
51, 188
51, 61
51, 125
51, 189
51, 62
51, 126
51, 190
51, 63
51, 127
51, 191
244, 192
244, 128
244, 64
244, 193
244, 129
244, 65
244, 1
244, 2
244, 66
244, 130
244, 194
244, 3
244, 67
244, 131
244, 195
244, 4
244, 68
244, 132
244, 196
244, 5
244, 69
244, 133
244, 197
244, 6
244, 70
244, 134
244, 198
244, 7
244, 71
244, 135
244, 199
244, 8
244, 72
244, 136
244, 200
244, 9
244, 73
244, 137
244, 201
244, 10
244, 74
244, 138
244, 202
244, 11
244, 75
244, 139
244, 203
244, 12
244, 76
244, 140
244, 204
244, 13
244, 77
244, 141
244, 205
244, 14
244, 78
244, 142
244, 206
244, 15
244, 79
244, 143
244, 207
244, 16
244, 80
244, 144
244, 208
244, 17
244, 81
244, 145
244, 209
244, 18
244, 82
244, 146
244, 210
244, 19
244, 83
244, 147
244, 211
244, 20
244, 84
244, 148
244, 212
244, 21
244, 85
244, 149
244, 213
244, 22
244, 86
244, 150
244, 214
244, 23
244, 87
244, 151
244, 215
244, 24
244, 88
244, 152
244, 216
244, 25
244, 89
244, 153
244, 217
244, 26
244, 90
244, 154
244, 218
244, 27
244, 91
244, 155
244, 219
244, 28
244, 92
244, 156
244, 220
244, 29
244, 93
244, 157
244, 221
244, 30
244, 94
244, 158
244, 222
244, 31
244, 95
244, 159
244, 223
244, 32
244, 96
244, 160
244, 224
244, 33
244, 97
244, 161
244, 225
244, 34
244, 98
244, 162
244, 226
244, 35
244, 99
244, 163
244, 227
244, 36
244, 100
244, 164
244, 228
244, 37
244, 101
244, 165
244, 229
244, 38
244, 102
244, 166
244, 230
244, 39
244, 103
244, 167
244, 231
244, 40
244, 104
244, 168
244, 232
244, 41
244, 105
244, 169
244, 233
244, 42
244, 106
244, 170
244, 234
244, 43
244, 107
244, 171
244, 235
244, 44
244, 108
244, 172
244, 236
244, 45
244, 109
244, 173
244, 237
244, 46
244, 110
244, 174
244, 238
244, 47
244, 111
244, 175
244, 239
244, 48
244, 112
244, 176
244, 240
244, 49
244, 113
244, 177
244, 241
244, 50
244, 114
244, 178
244, 242
244, 51
244, 115
244, 179
244, 243
244, 52
244, 116
244, 180
244, 244
244, 53
244, 117
244, 181
244, 245
244, 246
244, 54
244, 118
244, 182
244, 247
244, 55
244, 119
244, 183
244, 248
244, 56
244, 120
244, 184
244, 249
244, 57
244, 121
244, 185
244, 250
244, 58
244, 122
244, 186
244, 59
244, 123
244, 187
244, 60
244, 124
244, 188
244, 61
244, 125
244, 189
244, 62
244, 126
244, 190
244, 63
244, 127
244, 191
180, 128
180, 64
180, 192
180, 129
180, 65
180, 1
180, 193
180, 194
180, 2
180, 66
180, 130
180, 195
180, 3
180, 67
180, 131
180, 196
180, 4
180, 68
180, 132
180, 197
180, 5
180, 69
180, 133
180, 198
180, 6
180, 70
180, 134
180, 199
180, 7
180, 71
180, 135
180, 200
180, 8
180, 72
180, 136
180, 201
180, 9
180, 73
180, 137
180, 202
180, 10
180, 74
180, 138
180, 203
180, 11
180, 75
180, 139
180, 204
180, 12
180, 76
180, 140
180, 205
180, 13
180, 77
180, 141
180, 206
180, 14
180, 78
180, 142
180, 207
180, 15
180, 79
180, 143
180, 208
180, 16
180, 80
180, 144
180, 209
180, 17
180, 81
180, 145
180, 210
180, 18
180, 82
180, 146
180, 211
180, 19
180, 83
180, 147
180, 212
180, 20
180, 84
180, 148
180, 213
180, 21
180, 85
180, 149
180, 214
180, 22
180, 86
180, 150
180, 215
180, 23
180, 87
180, 151
180, 216
180, 24
180, 88
180, 152
180, 217
180, 25
180, 89
180, 153
180, 218
180, 26
180, 90
180, 154
180, 219
180, 27
180, 91
180, 155
180, 220
180, 28
180, 92
180, 156
180, 221
180, 29
180, 93
180, 157
180, 222
180, 30
180, 94
180, 158
180, 223
180, 31
180, 95
180, 159
180, 224
180, 32
180, 96
180, 160
180, 225
180, 33
180, 97
180, 161
180, 226
180, 34
180, 98
180, 162
180, 227
180, 35
180, 99
180, 163
180, 228
180, 36
180, 100
180, 164
180, 229
180, 37
180, 101
180, 165
180, 230
180, 38
180, 102
180, 166
180, 231
180, 39
180, 103
180, 167
180, 232
180, 40
180, 104
180, 168
180, 233
180, 41
180, 105
180, 169
180, 234
180, 42
180, 106
180, 170
180, 235
180, 43
180, 107
180, 171
180, 236
180, 44
180, 108
180, 172
180, 237
180, 45
180, 109
180, 173
180, 238
180, 46
180, 110
180, 174
180, 239
180, 47
180, 111
180, 175
180, 240
180, 48
180, 112
180, 176
180, 241
180, 49
180, 113
180, 177
180, 242
180, 50
180, 114
180, 178
180, 243
180, 51
180, 115
180, 179
180, 244
180, 52
180, 116
180, 180
180, 245
180, 53
180, 117
180, 181
180, 182
180, 246
180, 54
180, 118
180, 183
180, 247
180, 55
180, 119
180, 184
180, 248
180, 56
180, 120
180, 185
180, 249
180, 57
180, 121
180, 186
180, 250
180, 58
180, 122
180, 187
180, 59
180, 123
180, 188
180, 60
180, 124
180, 189
180, 61
180, 125
180, 190
180, 62
180, 126
180, 191
180, 63
180, 127
116, 64
116, 192
116, 128
116, 65
116, 1
116, 193
116, 129
116, 130
116, 194
116, 2
116, 66
116, 131
116, 195
116, 3
116, 67
116, 132
116, 196
116, 4
116, 68
116, 133
116, 197
116, 5
116, 69
116, 134
116, 198
116, 6
116, 70
116, 135
116, 199
116, 7
116, 71
116, 136
116, 200
116, 8
116, 72
116, 137
116, 201
116, 9
116, 73
116, 138
116, 202
116, 10
116, 74
116, 139
116, 203
116, 11
116, 75
116, 140
116, 204
116, 12
116, 76
116, 141
116, 205
116, 13
116, 77
116, 142
116, 206
116, 14
116, 78
116, 143
116, 207
116, 15
116, 79
116, 144
116, 208
116, 16
116, 80
116, 145
116, 209
116, 17
116, 81
116, 146
116, 210
116, 18
116, 82
116, 147
116, 211
116, 19
116, 83
116, 148
116, 212
116, 20
116, 84
116, 149
116, 213
116, 21
116, 85
116, 150
116, 214
116, 22
116, 86
116, 151
116, 215
116, 23
116, 87
116, 152
116, 216
116, 24
116, 88
116, 153
116, 217
116, 25
116, 89
116, 154
116, 218
116, 26
116, 90
116, 155
116, 219
116, 27
116, 91
116, 156
116, 220
116, 28
116, 92
116, 157
116, 221
116, 29
116, 93
116, 158
116, 222
116, 30
116, 94
116, 159
116, 223
116, 31
116, 95
116, 160
116, 224
116, 32
116, 96
116, 161
116, 225
116, 33
116, 97
116, 162
116, 226
116, 34
116, 98
116, 163
116, 227
116, 35
116, 99
116, 164
116, 228
116, 36
116, 100
116, 165
116, 229
116, 37
116, 101
116, 166
116, 230
116, 38
116, 102
116, 167
116, 231
116, 39
116, 103
116, 168
116, 232
116, 40
116, 104
116, 169
116, 233
116, 41
116, 105
116, 170
116, 234
116, 42
116, 106
116, 171
116, 235
116, 43
116, 107
116, 172
116, 236
116, 44
116, 108
116, 173
116, 237
116, 45
116, 109
116, 174
116, 238
116, 46
116, 110
116, 175
116, 239
116, 47
116, 111
116, 176
116, 240
116, 48
116, 112
116, 177
116, 241
116, 49
116, 113
116, 178
116, 242
116, 50
116, 114
116, 179
116, 243
116, 51
116, 115
116, 180
116, 244
116, 52
116, 116
116, 181
116, 245
116, 53
116, 117
116, 118
116, 182
116, 246
116, 54
116, 119
116, 183
116, 247
116, 55
116, 120
116, 184
116, 248
116, 56
116, 121
116, 185
116, 249
116, 57
116, 122
116, 186
116, 250
116, 58
116, 123
116, 187
116, 59
116, 124
116, 188
116, 60
116, 125
116, 189
116, 61
116, 126
116, 190
116, 62
116, 127
116, 191
116, 63
52, 192
52, 128
52, 64
52, 1
52, 193
52, 129
52, 65
52, 66
52, 130
52, 194
52, 2
52, 67
52, 131
52, 195
52, 3
52, 68
52, 132
52, 196
52, 4
52, 69
52, 133
52, 197
52, 5
52, 70
52, 134
52, 198
52, 6
52, 71
52, 135
52, 199
52, 7
52, 72
52, 136
52, 200
52, 8
52, 73
52, 137
52, 201
52, 9
52, 74
52, 138
52, 202
52, 10
52, 75
52, 139
52, 203
52, 11
52, 76
52, 140
52, 204
52, 12
52, 77
52, 141
52, 205
52, 13
52, 78
52, 142
52, 206
52, 14
52, 79
52, 143
52, 207
52, 15
52, 80
52, 144
52, 208
52, 16
52, 81
52, 145
52, 209
52, 17
52, 82
52, 146
52, 210
52, 18
52, 83
52, 147
52, 211
52, 19
52, 84
52, 148
52, 212
52, 20
52, 85
52, 149
52, 213
52, 21
52, 86
52, 150
52, 214
52, 22
52, 87
52, 151
52, 215
52, 23
52, 88
52, 152
52, 216
52, 24
52, 89
52, 153
52, 217
52, 25
52, 90
52, 154
52, 218
52, 26
52, 91
52, 155
52, 219
52, 27
52, 92
52, 156
52, 220
52, 28
52, 93
52, 157
52, 221
52, 29
52, 94
52, 158
52, 222
52, 30
52, 95
52, 159
52, 223
52, 31
52, 96
52, 160
52, 224
52, 32
52, 97
52, 161
52, 225
52, 33
52, 98
52, 162
52, 226
52, 34
52, 99
52, 163
52, 227
52, 35
52, 100
52, 164
52, 228
52, 36
52, 101
52, 165
52, 229
52, 37
52, 102
52, 166
52, 230
52, 38
52, 103
52, 167
52, 231
52, 39
52, 104
52, 168
52, 232
52, 40
52, 105
52, 169
52, 233
52, 41
52, 106
52, 170
52, 234
52, 42
52, 107
52, 171
52, 235
52, 43
52, 108
52, 172
52, 236
52, 44
52, 109
52, 173
52, 237
52, 45
52, 110
52, 174
52, 238
52, 46
52, 111
52, 175
52, 239
52, 47
52, 112
52, 176
52, 240
52, 48
52, 113
52, 177
52, 241
52, 49
52, 114
52, 178
52, 242
52, 50
52, 115
52, 179
52, 243
52, 51
52, 116
52, 180
52, 244
52, 52
52, 117
52, 181
52, 245
52, 53
52, 54
52, 118
52, 182
52, 246
52, 55
52, 119
52, 183
52, 247
52, 56
52, 120
52, 184
52, 248
52, 57
52, 121
52, 185
52, 249
52, 58
52, 122
52, 186
52, 250
52, 59
52, 123
52, 187
52, 60
52, 124
52, 188
52, 61
52, 125
52, 189
52, 62
52, 126
52, 190
52, 63
52, 127
52, 191
245, 192
245, 128
245, 64
245, 193
245, 129
245, 65
245, 1
245, 2
245, 66
245, 130
245, 194
245, 3
245, 67
245, 131
245, 195
245, 4
245, 68
245, 132
245, 196
245, 5
245, 69
245, 133
245, 197
245, 6
245, 70
245, 134
245, 198
245, 7
245, 71
245, 135
245, 199
245, 8
245, 72
245, 136
245, 200
245, 9
245, 73
245, 137
245, 201
245, 10
245, 74
245, 138
245, 202
245, 11
245, 75
245, 139
245, 203
245, 12
245, 76
245, 140
245, 204
245, 13
245, 77
245, 141
245, 205
245, 14
245, 78
245, 142
245, 206
245, 15
245, 79
245, 143
245, 207
245, 16
245, 80
245, 144
245, 208
245, 17
245, 81
245, 145
245, 209
245, 18
245, 82
245, 146
245, 210
245, 19
245, 83
245, 147
245, 211
245, 20
245, 84
245, 148
245, 212
245, 21
245, 85
245, 149
245, 213
245, 22
245, 86
245, 150
245, 214
245, 23
245, 87
245, 151
245, 215
245, 24
245, 88
245, 152
245, 216
245, 25
245, 89
245, 153
245, 217
245, 26
245, 90
245, 154
245, 218
245, 27
245, 91
245, 155
245, 219
245, 28
245, 92
245, 156
245, 220
245, 29
245, 93
245, 157
245, 221
245, 30
245, 94
245, 158
245, 222
245, 31
245, 95
245, 159
245, 223
245, 32
245, 96
245, 160
245, 224
245, 33
245, 97
245, 161
245, 225
245, 34
245, 98
245, 162
245, 226
245, 35
245, 99
245, 163
245, 227
245, 36
245, 100
245, 164
245, 228
245, 37
245, 101
245, 165
245, 229
245, 38
245, 102
245, 166
245, 230
245, 39
245, 103
245, 167
245, 231
245, 40
245, 104
245, 168
245, 232
245, 41
245, 105
245, 169
245, 233
245, 42
245, 106
245, 170
245, 234
245, 43
245, 107
245, 171
245, 235
245, 44
245, 108
245, 172
245, 236
245, 45
245, 109
245, 173
245, 237
245, 46
245, 110
245, 174
245, 238
245, 47
245, 111
245, 175
245, 239
245, 48
245, 112
245, 176
245, 240
245, 49
245, 113
245, 177
245, 241
245, 50
245, 114
245, 178
245, 242
245, 51
245, 115
245, 179
245, 243
245, 52
245, 116
245, 180
245, 244
245, 53
245, 117
245, 181
245, 245
245, 54
245, 118
245, 182
245, 246
245, 247
245, 55
245, 119
245, 183
245, 248
245, 56
245, 120
245, 184
245, 249
245, 57
245, 121
245, 185
245, 250
245, 58
245, 122
245, 186
245, 59
245, 123
245, 187
245, 60
245, 124
245, 188
245, 61
245, 125
245, 189
245, 62
245, 126
245, 190
245, 63
245, 127
245, 191
181, 128
181, 64
181, 192
181, 129
181, 65
181, 1
181, 193
181, 194
181, 2
181, 66
181, 130
181, 195
181, 3
181, 67
181, 131
181, 196
181, 4
181, 68
181, 132
181, 197
181, 5
181, 69
181, 133
181, 198
181, 6
181, 70
181, 134
181, 199
181, 7
181, 71
181, 135
181, 200
181, 8
181, 72
181, 136
181, 201
181, 9
181, 73
181, 137
181, 202
181, 10
181, 74
181, 138
181, 203
181, 11
181, 75
181, 139
181, 204
181, 12
181, 76
181, 140
181, 205
181, 13
181, 77
181, 141
181, 206
181, 14
181, 78
181, 142
181, 207
181, 15
181, 79
181, 143
181, 208
181, 16
181, 80
181, 144
181, 209
181, 17
181, 81
181, 145
181, 210
181, 18
181, 82
181, 146
181, 211
181, 19
181, 83
181, 147
181, 212
181, 20
181, 84
181, 148
181, 213
181, 21
181, 85
181, 149
181, 214
181, 22
181, 86
181, 150
181, 215
181, 23
181, 87
181, 151
181, 216
181, 24
181, 88
181, 152
181, 217
181, 25
181, 89
181, 153
181, 218
181, 26
181, 90
181, 154
181, 219
181, 27
181, 91
181, 155
181, 220
181, 28
181, 92
181, 156
181, 221
181, 29
181, 93
181, 157
181, 222
181, 30
181, 94
181, 158
181, 223
181, 31
181, 95
181, 159
181, 224
181, 32
181, 96
181, 160
181, 225
181, 33
181, 97
181, 161
181, 226
181, 34
181, 98
181, 162
181, 227
181, 35
181, 99
181, 163
181, 228
181, 36
181, 100
181, 164
181, 229
181, 37
181, 101
181, 165
181, 230
181, 38
181, 102
181, 166
181, 231
181, 39
181, 103
181, 167
181, 232
181, 40
181, 104
181, 168
181, 233
181, 41
181, 105
181, 169
181, 234
181, 42
181, 106
181, 170
181, 235
181, 43
181, 107
181, 171
181, 236
181, 44
181, 108
181, 172
181, 237
181, 45
181, 109
181, 173
181, 238
181, 46
181, 110
181, 174
181, 239
181, 47
181, 111
181, 175
181, 240
181, 48
181, 112
181, 176
181, 241
181, 49
181, 113
181, 177
181, 242
181, 50
181, 114
181, 178
181, 243
181, 51
181, 115
181, 179
181, 244
181, 52
181, 116
181, 180
181, 245
181, 53
181, 117
181, 181
181, 246
181, 54
181, 118
181, 182
181, 183
181, 247
181, 55
181, 119
181, 184
181, 248
181, 56
181, 120
181, 185
181, 249
181, 57
181, 121
181, 186
181, 250
181, 58
181, 122
181, 187
181, 59
181, 123
181, 188
181, 60
181, 124
181, 189
181, 61
181, 125
181, 190
181, 62
181, 126
181, 191
181, 63
181, 127
117, 64
117, 192
117, 128
117, 65
117, 1
117, 193
117, 129
117, 130
117, 194
117, 2
117, 66
117, 131
117, 195
117, 3
117, 67
117, 132
117, 196
117, 4
117, 68
117, 133
117, 197
117, 5
117, 69
117, 134
117, 198
117, 6
117, 70
117, 135
117, 199
117, 7
117, 71
117, 136
117, 200
117, 8
117, 72
117, 137
117, 201
117, 9
117, 73
117, 138
117, 202
117, 10
117, 74
117, 139
117, 203
117, 11
117, 75
117, 140
117, 204
117, 12
117, 76
117, 141
117, 205
117, 13
117, 77
117, 142
117, 206
117, 14
117, 78
117, 143
117, 207
117, 15
117, 79
117, 144
117, 208
117, 16
117, 80
117, 145
117, 209
117, 17
117, 81
117, 146
117, 210
117, 18
117, 82
117, 147
117, 211
117, 19
117, 83
117, 148
117, 212
117, 20
117, 84
117, 149
117, 213
117, 21
117, 85
117, 150
117, 214
117, 22
117, 86
117, 151
117, 215
117, 23
117, 87
117, 152
117, 216
117, 24
117, 88
117, 153
117, 217
117, 25
117, 89
117, 154
117, 218
117, 26
117, 90
117, 155
117, 219
117, 27
117, 91
117, 156
117, 220
117, 28
117, 92
117, 157
117, 221
117, 29
117, 93
117, 158
117, 222
117, 30
117, 94
117, 159
117, 223
117, 31
117, 95
117, 160
117, 224
117, 32
117, 96
117, 161
117, 225
117, 33
117, 97
117, 162
117, 226
117, 34
117, 98
117, 163
117, 227
117, 35
117, 99
117, 164
117, 228
117, 36
117, 100
117, 165
117, 229
117, 37
117, 101
117, 166
117, 230
117, 38
117, 102
117, 167
117, 231
117, 39
117, 103
117, 168
117, 232
117, 40
117, 104
117, 169
117, 233
117, 41
117, 105
117, 170
117, 234
117, 42
117, 106
117, 171
117, 235
117, 43
117, 107
117, 172
117, 236
117, 44
117, 108
117, 173
117, 237
117, 45
117, 109
117, 174
117, 238
117, 46
117, 110
117, 175
117, 239
117, 47
117, 111
117, 176
117, 240
117, 48
117, 112
117, 177
117, 241
117, 49
117, 113
117, 178
117, 242
117, 50
117, 114
117, 179
117, 243
117, 51
117, 115
117, 180
117, 244
117, 52
117, 116
117, 181
117, 245
117, 53
117, 117
117, 182
117, 246
117, 54
117, 118
117, 119
117, 183
117, 247
117, 55
117, 120
117, 184
117, 248
117, 56
117, 121
117, 185
117, 249
117, 57
117, 122
117, 186
117, 250
117, 58
117, 123
117, 187
117, 59
117, 124
117, 188
117, 60
117, 125
117, 189
117, 61
117, 126
117, 190
117, 62
117, 127
117, 191
117, 63
53, 192
53, 128
53, 64
53, 1
53, 193
53, 129
53, 65
53, 66
53, 130
53, 194
53, 2
53, 67
53, 131
53, 195
53, 3
53, 68
53, 132
53, 196
53, 4
53, 69
53, 133
53, 197
53, 5
53, 70
53, 134
53, 198
53, 6
53, 71
53, 135
53, 199
53, 7
53, 72
53, 136
53, 200
53, 8
53, 73
53, 137
53, 201
53, 9
53, 74
53, 138
53, 202
53, 10
53, 75
53, 139
53, 203
53, 11
53, 76
53, 140
53, 204
53, 12
53, 77
53, 141
53, 205
53, 13
53, 78
53, 142
53, 206
53, 14
53, 79
53, 143
53, 207
53, 15
53, 80
53, 144
53, 208
53, 16
53, 81
53, 145
53, 209
53, 17
53, 82
53, 146
53, 210
53, 18
53, 83
53, 147
53, 211
53, 19
53, 84
53, 148
53, 212
53, 20
53, 85
53, 149
53, 213
53, 21
53, 86
53, 150
53, 214
53, 22
53, 87
53, 151
53, 215
53, 23
53, 88
53, 152
53, 216
53, 24
53, 89
53, 153
53, 217
53, 25
53, 90
53, 154
53, 218
53, 26
53, 91
53, 155
53, 219
53, 27
53, 92
53, 156
53, 220
53, 28
53, 93
53, 157
53, 221
53, 29
53, 94
53, 158
53, 222
53, 30
53, 95
53, 159
53, 223
53, 31
53, 96
53, 160
53, 224
53, 32
53, 97
53, 161
53, 225
53, 33
53, 98
53, 162
53, 226
53, 34
53, 99
53, 163
53, 227
53, 35
53, 100
53, 164
53, 228
53, 36
53, 101
53, 165
53, 229
53, 37
53, 102
53, 166
53, 230
53, 38
53, 103
53, 167
53, 231
53, 39
53, 104
53, 168
53, 232
53, 40
53, 105
53, 169
53, 233
53, 41
53, 106
53, 170
53, 234
53, 42
53, 107
53, 171
53, 235
53, 43
53, 108
53, 172
53, 236
53, 44
53, 109
53, 173
53, 237
53, 45
53, 110
53, 174
53, 238
53, 46
53, 111
53, 175
53, 239
53, 47
53, 112
53, 176
53, 240
53, 48
53, 113
53, 177
53, 241
53, 49
53, 114
53, 178
53, 242
53, 50
53, 115
53, 179
53, 243
53, 51
53, 116
53, 180
53, 244
53, 52
53, 117
53, 181
53, 245
53, 53
53, 118
53, 182
53, 246
53, 54
53, 55
53, 119
53, 183
53, 247
53, 56
53, 120
53, 184
53, 248
53, 57
53, 121
53, 185
53, 249
53, 58
53, 122
53, 186
53, 250
53, 59
53, 123
53, 187
53, 60
53, 124
53, 188
53, 61
53, 125
53, 189
53, 62
53, 126
53, 190
53, 63
53, 127
53, 191
246, 192
246, 128
246, 64
246, 193
246, 129
246, 65
246, 1
246, 2
246, 66
246, 130
246, 194
246, 3
246, 67
246, 131
246, 195
246, 4
246, 68
246, 132
246, 196
246, 5
246, 69
246, 133
246, 197
246, 6
246, 70
246, 134
246, 198
246, 7
246, 71
246, 135
246, 199
246, 8
246, 72
246, 136
246, 200
246, 9
246, 73
246, 137
246, 201
246, 10
246, 74
246, 138
246, 202
246, 11
246, 75
246, 139
246, 203
246, 12
246, 76
246, 140
246, 204
246, 13
246, 77
246, 141
246, 205
246, 14
246, 78
246, 142
246, 206
246, 15
246, 79
246, 143
246, 207
246, 16
246, 80
246, 144
246, 208
246, 17
246, 81
246, 145
246, 209
246, 18
246, 82
246, 146
246, 210
246, 19
246, 83
246, 147
246, 211
246, 20
246, 84
246, 148
246, 212
246, 21
246, 85
246, 149
246, 213
246, 22
246, 86
246, 150
246, 214
246, 23
246, 87
246, 151
246, 215
246, 24
246, 88
246, 152
246, 216
246, 25
246, 89
246, 153
246, 217
246, 26
246, 90
246, 154
246, 218
246, 27
246, 91
246, 155
246, 219
246, 28
246, 92
246, 156
246, 220
246, 29
246, 93
246, 157
246, 221
246, 30
246, 94
246, 158
246, 222
246, 31
246, 95
246, 159
246, 223
246, 32
246, 96
246, 160
246, 224
246, 33
246, 97
246, 161
246, 225
246, 34
246, 98
246, 162
246, 226
246, 35
246, 99
246, 163
246, 227
246, 36
246, 100
246, 164
246, 228
246, 37
246, 101
246, 165
246, 229
246, 38
246, 102
246, 166
246, 230
246, 39
246, 103
246, 167
246, 231
246, 40
246, 104
246, 168
246, 232
246, 41
246, 105
246, 169
246, 233
246, 42
246, 106
246, 170
246, 234
246, 43
246, 107
246, 171
246, 235
246, 44
246, 108
246, 172
246, 236
246, 45
246, 109
246, 173
246, 237
246, 46
246, 110
246, 174
246, 238
246, 47
246, 111
246, 175
246, 239
246, 48
246, 112
246, 176
246, 240
246, 49
246, 113
246, 177
246, 241
246, 50
246, 114
246, 178
246, 242
246, 51
246, 115
246, 179
246, 243
246, 52
246, 116
246, 180
246, 244
246, 53
246, 117
246, 181
246, 245
246, 54
246, 118
246, 182
246, 246
246, 55
246, 119
246, 183
246, 247
246, 248
246, 56
246, 120
246, 184
246, 249
246, 57
246, 121
246, 185
246, 250
246, 58
246, 122
246, 186
246, 59
246, 123
246, 187
246, 60
246, 124
246, 188
246, 61
246, 125
246, 189
246, 62
246, 126
246, 190
246, 63
246, 127
246, 191
182, 128
182, 64
182, 192
182, 129
182, 65
182, 1
182, 193
182, 194
182, 2
182, 66
182, 130
182, 195
182, 3
182, 67
182, 131
182, 196
182, 4
182, 68
182, 132
182, 197
182, 5
182, 69
182, 133
182, 198
182, 6
182, 70
182, 134
182, 199
182, 7
182, 71
182, 135
182, 200
182, 8
182, 72
182, 136
182, 201
182, 9
182, 73
182, 137
182, 202
182, 10
182, 74
182, 138
182, 203
182, 11
182, 75
182, 139
182, 204
182, 12
182, 76
182, 140
182, 205
182, 13
182, 77
182, 141
182, 206
182, 14
182, 78
182, 142
182, 207
182, 15
182, 79
182, 143
182, 208
182, 16
182, 80
182, 144
182, 209
182, 17
182, 81
182, 145
182, 210
182, 18
182, 82
182, 146
182, 211
182, 19
182, 83
182, 147
182, 212
182, 20
182, 84
182, 148
182, 213
182, 21
182, 85
182, 149
182, 214
182, 22
182, 86
182, 150
182, 215
182, 23
182, 87
182, 151
182, 216
182, 24
182, 88
182, 152
182, 217
182, 25
182, 89
182, 153
182, 218
182, 26
182, 90
182, 154
182, 219
182, 27
182, 91
182, 155
182, 220
182, 28
182, 92
182, 156
182, 221
182, 29
182, 93
182, 157
182, 222
182, 30
182, 94
182, 158
182, 223
182, 31
182, 95
182, 159
182, 224
182, 32
182, 96
182, 160
182, 225
182, 33
182, 97
182, 161
182, 226
182, 34
182, 98
182, 162
182, 227
182, 35
182, 99
182, 163
182, 228
182, 36
182, 100
182, 164
182, 229
182, 37
182, 101
182, 165
182, 230
182, 38
182, 102
182, 166
182, 231
182, 39
182, 103
182, 167
182, 232
182, 40
182, 104
182, 168
182, 233
182, 41
182, 105
182, 169
182, 234
182, 42
182, 106
182, 170
182, 235
182, 43
182, 107
182, 171
182, 236
182, 44
182, 108
182, 172
182, 237
182, 45
182, 109
182, 173
182, 238
182, 46
182, 110
182, 174
182, 239
182, 47
182, 111
182, 175
182, 240
182, 48
182, 112
182, 176
182, 241
182, 49
182, 113
182, 177
182, 242
182, 50
182, 114
182, 178
182, 243
182, 51
182, 115
182, 179
182, 244
182, 52
182, 116
182, 180
182, 245
182, 53
182, 117
182, 181
182, 246
182, 54
182, 118
182, 182
182, 247
182, 55
182, 119
182, 183
182, 184
182, 248
182, 56
182, 120
182, 185
182, 249
182, 57
182, 121
182, 186
182, 250
182, 58
182, 122
182, 187
182, 59
182, 123
182, 188
182, 60
182, 124
182, 189
182, 61
182, 125
182, 190
182, 62
182, 126
182, 191
182, 63
182, 127
118, 64
118, 192
118, 128
118, 65
118, 1
118, 193
118, 129
118, 130
118, 194
118, 2
118, 66
118, 131
118, 195
118, 3
118, 67
118, 132
118, 196
118, 4
118, 68
118, 133
118, 197
118, 5
118, 69
118, 134
118, 198
118, 6
118, 70
118, 135
118, 199
118, 7
118, 71
118, 136
118, 200
118, 8
118, 72
118, 137
118, 201
118, 9
118, 73
118, 138
118, 202
118, 10
118, 74
118, 139
118, 203
118, 11
118, 75
118, 140
118, 204
118, 12
118, 76
118, 141
118, 205
118, 13
118, 77
118, 142
118, 206
118, 14
118, 78
118, 143
118, 207
118, 15
118, 79
118, 144
118, 208
118, 16
118, 80
118, 145
118, 209
118, 17
118, 81
118, 146
118, 210
118, 18
118, 82
118, 147
118, 211
118, 19
118, 83
118, 148
118, 212
118, 20
118, 84
118, 149
118, 213
118, 21
118, 85
118, 150
118, 214
118, 22
118, 86
118, 151
118, 215
118, 23
118, 87
118, 152
118, 216
118, 24
118, 88
118, 153
118, 217
118, 25
118, 89
118, 154
118, 218
118, 26
118, 90
118, 155
118, 219
118, 27
118, 91
118, 156
118, 220
118, 28
118, 92
118, 157
118, 221
118, 29
118, 93
118, 158
118, 222
118, 30
118, 94
118, 159
118, 223
118, 31
118, 95
118, 160
118, 224
118, 32
118, 96
118, 161
118, 225
118, 33
118, 97
118, 162
118, 226
118, 34
118, 98
118, 163
118, 227
118, 35
118, 99
118, 164
118, 228
118, 36
118, 100
118, 165
118, 229
118, 37
118, 101
118, 166
118, 230
118, 38
118, 102
118, 167
118, 231
118, 39
118, 103
118, 168
118, 232
118, 40
118, 104
118, 169
118, 233
118, 41
118, 105
118, 170
118, 234
118, 42
118, 106
118, 171
118, 235
118, 43
118, 107
118, 172
118, 236
118, 44
118, 108
118, 173
118, 237
118, 45
118, 109
118, 174
118, 238
118, 46
118, 110
118, 175
118, 239
118, 47
118, 111
118, 176
118, 240
118, 48
118, 112
118, 177
118, 241
118, 49
118, 113
118, 178
118, 242
118, 50
118, 114
118, 179
118, 243
118, 51
118, 115
118, 180
118, 244
118, 52
118, 116
118, 181
118, 245
118, 53
118, 117
118, 182
118, 246
118, 54
118, 118
118, 183
118, 247
118, 55
118, 119
118, 120
118, 184
118, 248
118, 56
118, 121
118, 185
118, 249
118, 57
118, 122
118, 186
118, 250
118, 58
118, 123
118, 187
118, 59
118, 124
118, 188
118, 60
118, 125
118, 189
118, 61
118, 126
118, 190
118, 62
118, 127
118, 191
118, 63
54, 192
54, 128
54, 64
54, 1
54, 193
54, 129
54, 65
54, 66
54, 130
54, 194
54, 2
54, 67
54, 131
54, 195
54, 3
54, 68
54, 132
54, 196
54, 4
54, 69
54, 133
54, 197
54, 5
54, 70
54, 134
54, 198
54, 6
54, 71
54, 135
54, 199
54, 7
54, 72
54, 136
54, 200
54, 8
54, 73
54, 137
54, 201
54, 9
54, 74
54, 138
54, 202
54, 10
54, 75
54, 139
54, 203
54, 11
54, 76
54, 140
54, 204
54, 12
54, 77
54, 141
54, 205
54, 13
54, 78
54, 142
54, 206
54, 14
54, 79
54, 143
54, 207
54, 15
54, 80
54, 144
54, 208
54, 16
54, 81
54, 145
54, 209
54, 17
54, 82
54, 146
54, 210
54, 18
54, 83
54, 147
54, 211
54, 19
54, 84
54, 148
54, 212
54, 20
54, 85
54, 149
54, 213
54, 21
54, 86
54, 150
54, 214
54, 22
54, 87
54, 151
54, 215
54, 23
54, 88
54, 152
54, 216
54, 24
54, 89
54, 153
54, 217
54, 25
54, 90
54, 154
54, 218
54, 26
54, 91
54, 155
54, 219
54, 27
54, 92
54, 156
54, 220
54, 28
54, 93
54, 157
54, 221
54, 29
54, 94
54, 158
54, 222
54, 30
54, 95
54, 159
54, 223
54, 31
54, 96
54, 160
54, 224
54, 32
54, 97
54, 161
54, 225
54, 33
54, 98
54, 162
54, 226
54, 34
54, 99
54, 163
54, 227
54, 35
54, 100
54, 164
54, 228
54, 36
54, 101
54, 165
54, 229
54, 37
54, 102
54, 166
54, 230
54, 38
54, 103
54, 167
54, 231
54, 39
54, 104
54, 168
54, 232
54, 40
54, 105
54, 169
54, 233
54, 41
54, 106
54, 170
54, 234
54, 42
54, 107
54, 171
54, 235
54, 43
54, 108
54, 172
54, 236
54, 44
54, 109
54, 173
54, 237
54, 45
54, 110
54, 174
54, 238
54, 46
54, 111
54, 175
54, 239
54, 47
54, 112
54, 176
54, 240
54, 48
54, 113
54, 177
54, 241
54, 49
54, 114
54, 178
54, 242
54, 50
54, 115
54, 179
54, 243
54, 51
54, 116
54, 180
54, 244
54, 52
54, 117
54, 181
54, 245
54, 53
54, 118
54, 182
54, 246
54, 54
54, 119
54, 183
54, 247
54, 55
54, 56
54, 120
54, 184
54, 248
54, 57
54, 121
54, 185
54, 249
54, 58
54, 122
54, 186
54, 250
54, 59
54, 123
54, 187
54, 60
54, 124
54, 188
54, 61
54, 125
54, 189
54, 62
54, 126
54, 190
54, 63
54, 127
54, 191
247, 192
247, 128
247, 64
247, 193
247, 129
247, 65
247, 1
247, 2
247, 66
247, 130
247, 194
247, 3
247, 67
247, 131
247, 195
247, 4
247, 68
247, 132
247, 196
247, 5
247, 69
247, 133
247, 197
247, 6
247, 70
247, 134
247, 198
247, 7
247, 71
247, 135
247, 199
247, 8
247, 72
247, 136
247, 200
247, 9
247, 73
247, 137
247, 201
247, 10
247, 74
247, 138
247, 202
247, 11
247, 75
247, 139
247, 203
247, 12
247, 76
247, 140
247, 204
247, 13
247, 77
247, 141
247, 205
247, 14
247, 78
247, 142
247, 206
247, 15
247, 79
247, 143
247, 207
247, 16
247, 80
247, 144
247, 208
247, 17
247, 81
247, 145
247, 209
247, 18
247, 82
247, 146
247, 210
247, 19
247, 83
247, 147
247, 211
247, 20
247, 84
247, 148
247, 212
247, 21
247, 85
247, 149
247, 213
247, 22
247, 86
247, 150
247, 214
247, 23
247, 87
247, 151
247, 215
247, 24
247, 88
247, 152
247, 216
247, 25
247, 89
247, 153
247, 217
247, 26
247, 90
247, 154
247, 218
247, 27
247, 91
247, 155
247, 219
247, 28
247, 92
247, 156
247, 220
247, 29
247, 93
247, 157
247, 221
247, 30
247, 94
247, 158
247, 222
247, 31
247, 95
247, 159
247, 223
247, 32
247, 96
247, 160
247, 224
247, 33
247, 97
247, 161
247, 225
247, 34
247, 98
247, 162
247, 226
247, 35
247, 99
247, 163
247, 227
247, 36
247, 100
247, 164
247, 228
247, 37
247, 101
247, 165
247, 229
247, 38
247, 102
247, 166
247, 230
247, 39
247, 103
247, 167
247, 231
247, 40
247, 104
247, 168
247, 232
247, 41
247, 105
247, 169
247, 233
247, 42
247, 106
247, 170
247, 234
247, 43
247, 107
247, 171
247, 235
247, 44
247, 108
247, 172
247, 236
247, 45
247, 109
247, 173
247, 237
247, 46
247, 110
247, 174
247, 238
247, 47
247, 111
247, 175
247, 239
247, 48
247, 112
247, 176
247, 240
247, 49
247, 113
247, 177
247, 241
247, 50
247, 114
247, 178
247, 242
247, 51
247, 115
247, 179
247, 243
247, 52
247, 116
247, 180
247, 244
247, 53
247, 117
247, 181
247, 245
247, 54
247, 118
247, 182
247, 246
247, 55
247, 119
247, 183
247, 247
247, 56
247, 120
247, 184
247, 248
247, 249
247, 57
247, 121
247, 185
247, 250
247, 58
247, 122
247, 186
247, 59
247, 123
247, 187
247, 60
247, 124
247, 188
247, 61
247, 125
247, 189
247, 62
247, 126
247, 190
247, 63
247, 127
247, 191
183, 128
183, 64
183, 192
183, 129
183, 65
183, 1
183, 193
183, 194
183, 2
183, 66
183, 130
183, 195
183, 3
183, 67
183, 131
183, 196
183, 4
183, 68
183, 132
183, 197
183, 5
183, 69
183, 133
183, 198
183, 6
183, 70
183, 134
183, 199
183, 7
183, 71
183, 135
183, 200
183, 8
183, 72
183, 136
183, 201
183, 9
183, 73
183, 137
183, 202
183, 10
183, 74
183, 138
183, 203
183, 11
183, 75
183, 139
183, 204
183, 12
183, 76
183, 140
183, 205
183, 13
183, 77
183, 141
183, 206
183, 14
183, 78
183, 142
183, 207
183, 15
183, 79
183, 143
183, 208
183, 16
183, 80
183, 144
183, 209
183, 17
183, 81
183, 145
183, 210
183, 18
183, 82
183, 146
183, 211
183, 19
183, 83
183, 147
183, 212
183, 20
183, 84
183, 148
183, 213
183, 21
183, 85
183, 149
183, 214
183, 22
183, 86
183, 150
183, 215
183, 23
183, 87
183, 151
183, 216
183, 24
183, 88
183, 152
183, 217
183, 25
183, 89
183, 153
183, 218
183, 26
183, 90
183, 154
183, 219
183, 27
183, 91
183, 155
183, 220
183, 28
183, 92
183, 156
183, 221
183, 29
183, 93
183, 157
183, 222
183, 30
183, 94
183, 158
183, 223
183, 31
183, 95
183, 159
183, 224
183, 32
183, 96
183, 160
183, 225
183, 33
183, 97
183, 161
183, 226
183, 34
183, 98
183, 162
183, 227
183, 35
183, 99
183, 163
183, 228
183, 36
183, 100
183, 164
183, 229
183, 37
183, 101
183, 165
183, 230
183, 38
183, 102
183, 166
183, 231
183, 39
183, 103
183, 167
183, 232
183, 40
183, 104
183, 168
183, 233
183, 41
183, 105
183, 169
183, 234
183, 42
183, 106
183, 170
183, 235
183, 43
183, 107
183, 171
183, 236
183, 44
183, 108
183, 172
183, 237
183, 45
183, 109
183, 173
183, 238
183, 46
183, 110
183, 174
183, 239
183, 47
183, 111
183, 175
183, 240
183, 48
183, 112
183, 176
183, 241
183, 49
183, 113
183, 177
183, 242
183, 50
183, 114
183, 178
183, 243
183, 51
183, 115
183, 179
183, 244
183, 52
183, 116
183, 180
183, 245
183, 53
183, 117
183, 181
183, 246
183, 54
183, 118
183, 182
183, 247
183, 55
183, 119
183, 183
183, 248
183, 56
183, 120
183, 184
183, 185
183, 249
183, 57
183, 121
183, 186
183, 250
183, 58
183, 122
183, 187
183, 59
183, 123
183, 188
183, 60
183, 124
183, 189
183, 61
183, 125
183, 190
183, 62
183, 126
183, 191
183, 63
183, 127
119, 64
119, 192
119, 128
119, 65
119, 1
119, 193
119, 129
119, 130
119, 194
119, 2
119, 66
119, 131
119, 195
119, 3
119, 67
119, 132
119, 196
119, 4
119, 68
119, 133
119, 197
119, 5
119, 69
119, 134
119, 198
119, 6
119, 70
119, 135
119, 199
119, 7
119, 71
119, 136
119, 200
119, 8
119, 72
119, 137
119, 201
119, 9
119, 73
119, 138
119, 202
119, 10
119, 74
119, 139
119, 203
119, 11
119, 75
119, 140
119, 204
119, 12
119, 76
119, 141
119, 205
119, 13
119, 77
119, 142
119, 206
119, 14
119, 78
119, 143
119, 207
119, 15
119, 79
119, 144
119, 208
119, 16
119, 80
119, 145
119, 209
119, 17
119, 81
119, 146
119, 210
119, 18
119, 82
119, 147
119, 211
119, 19
119, 83
119, 148
119, 212
119, 20
119, 84
119, 149
119, 213
119, 21
119, 85
119, 150
119, 214
119, 22
119, 86
119, 151
119, 215
119, 23
119, 87
119, 152
119, 216
119, 24
119, 88
119, 153
119, 217
119, 25
119, 89
119, 154
119, 218
119, 26
119, 90
119, 155
119, 219
119, 27
119, 91
119, 156
119, 220
119, 28
119, 92
119, 157
119, 221
119, 29
119, 93
119, 158
119, 222
119, 30
119, 94
119, 159
119, 223
119, 31
119, 95
119, 160
119, 224
119, 32
119, 96
119, 161
119, 225
119, 33
119, 97
119, 162
119, 226
119, 34
119, 98
119, 163
119, 227
119, 35
119, 99
119, 164
119, 228
119, 36
119, 100
119, 165
119, 229
119, 37
119, 101
119, 166
119, 230
119, 38
119, 102
119, 167
119, 231
119, 39
119, 103
119, 168
119, 232
119, 40
119, 104
119, 169
119, 233
119, 41
119, 105
119, 170
119, 234
119, 42
119, 106
119, 171
119, 235
119, 43
119, 107
119, 172
119, 236
119, 44
119, 108
119, 173
119, 237
119, 45
119, 109
119, 174
119, 238
119, 46
119, 110
119, 175
119, 239
119, 47
119, 111
119, 176
119, 240
119, 48
119, 112
119, 177
119, 241
119, 49
119, 113
119, 178
119, 242
119, 50
119, 114
119, 179
119, 243
119, 51
119, 115
119, 180
119, 244
119, 52
119, 116
119, 181
119, 245
119, 53
119, 117
119, 182
119, 246
119, 54
119, 118
119, 183
119, 247
119, 55
119, 119
119, 184
119, 248
119, 56
119, 120
119, 121
119, 185
119, 249
119, 57
119, 122
119, 186
119, 250
119, 58
119, 123
119, 187
119, 59
119, 124
119, 188
119, 60
119, 125
119, 189
119, 61
119, 126
119, 190
119, 62
119, 127
119, 191
119, 63
55, 192
55, 128
55, 64
55, 1
55, 193
55, 129
55, 65
55, 66
55, 130
55, 194
55, 2
55, 67
55, 131
55, 195
55, 3
55, 68
55, 132
55, 196
55, 4
55, 69
55, 133
55, 197
55, 5
55, 70
55, 134
55, 198
55, 6
55, 71
55, 135
55, 199
55, 7
55, 72
55, 136
55, 200
55, 8
55, 73
55, 137
55, 201
55, 9
55, 74
55, 138
55, 202
55, 10
55, 75
55, 139
55, 203
55, 11
55, 76
55, 140
55, 204
55, 12
55, 77
55, 141
55, 205
55, 13
55, 78
55, 142
55, 206
55, 14
55, 79
55, 143
55, 207
55, 15
55, 80
55, 144
55, 208
55, 16
55, 81
55, 145
55, 209
55, 17
55, 82
55, 146
55, 210
55, 18
55, 83
55, 147
55, 211
55, 19
55, 84
55, 148
55, 212
55, 20
55, 85
55, 149
55, 213
55, 21
55, 86
55, 150
55, 214
55, 22
55, 87
55, 151
55, 215
55, 23
55, 88
55, 152
55, 216
55, 24
55, 89
55, 153
55, 217
55, 25
55, 90
55, 154
55, 218
55, 26
55, 91
55, 155
55, 219
55, 27
55, 92
55, 156
55, 220
55, 28
55, 93
55, 157
55, 221
55, 29
55, 94
55, 158
55, 222
55, 30
55, 95
55, 159
55, 223
55, 31
55, 96
55, 160
55, 224
55, 32
55, 97
55, 161
55, 225
55, 33
55, 98
55, 162
55, 226
55, 34
55, 99
55, 163
55, 227
55, 35
55, 100
55, 164
55, 228
55, 36
55, 101
55, 165
55, 229
55, 37
55, 102
55, 166
55, 230
55, 38
55, 103
55, 167
55, 231
55, 39
55, 104
55, 168
55, 232
55, 40
55, 105
55, 169
55, 233
55, 41
55, 106
55, 170
55, 234
55, 42
55, 107
55, 171
55, 235
55, 43
55, 108
55, 172
55, 236
55, 44
55, 109
55, 173
55, 237
55, 45
55, 110
55, 174
55, 238
55, 46
55, 111
55, 175
55, 239
55, 47
55, 112
55, 176
55, 240
55, 48
55, 113
55, 177
55, 241
55, 49
55, 114
55, 178
55, 242
55, 50
55, 115
55, 179
55, 243
55, 51
55, 116
55, 180
55, 244
55, 52
55, 117
55, 181
55, 245
55, 53
55, 118
55, 182
55, 246
55, 54
55, 119
55, 183
55, 247
55, 55
55, 120
55, 184
55, 248
55, 56
55, 57
55, 121
55, 185
55, 249
55, 58
55, 122
55, 186
55, 250
55, 59
55, 123
55, 187
55, 60
55, 124
55, 188
55, 61
55, 125
55, 189
55, 62
55, 126
55, 190
55, 63
55, 127
55, 191
248, 192
248, 128
248, 64
248, 193
248, 129
248, 65
248, 1
248, 2
248, 66
248, 130
248, 194
248, 3
248, 67
248, 131
248, 195
248, 4
248, 68
248, 132
248, 196
248, 5
248, 69
248, 133
248, 197
248, 6
248, 70
248, 134
248, 198
248, 7
248, 71
248, 135
248, 199
248, 8
248, 72
248, 136
248, 200
248, 9
248, 73
248, 137
248, 201
248, 10
248, 74
248, 138
248, 202
248, 11
248, 75
248, 139
248, 203
248, 12
248, 76
248, 140
248, 204
248, 13
248, 77
248, 141
248, 205
248, 14
248, 78
248, 142
248, 206
248, 15
248, 79
248, 143
248, 207
248, 16
248, 80
248, 144
248, 208
248, 17
248, 81
248, 145
248, 209
248, 18
248, 82
248, 146
248, 210
248, 19
248, 83
248, 147
248, 211
248, 20
248, 84
248, 148
248, 212
248, 21
248, 85
248, 149
248, 213
248, 22
248, 86
248, 150
248, 214
248, 23
248, 87
248, 151
248, 215
248, 24
248, 88
248, 152
248, 216
248, 25
248, 89
248, 153
248, 217
248, 26
248, 90
248, 154
248, 218
248, 27
248, 91
248, 155
248, 219
248, 28
248, 92
248, 156
248, 220
248, 29
248, 93
248, 157
248, 221
248, 30
248, 94
248, 158
248, 222
248, 31
248, 95
248, 159
248, 223
248, 32
248, 96
248, 160
248, 224
248, 33
248, 97
248, 161
248, 225
248, 34
248, 98
248, 162
248, 226
248, 35
248, 99
248, 163
248, 227
248, 36
248, 100
248, 164
248, 228
248, 37
248, 101
248, 165
248, 229
248, 38
248, 102
248, 166
248, 230
248, 39
248, 103
248, 167
248, 231
248, 40
248, 104
248, 168
248, 232
248, 41
248, 105
248, 169
248, 233
248, 42
248, 106
248, 170
248, 234
248, 43
248, 107
248, 171
248, 235
248, 44
248, 108
248, 172
248, 236
248, 45
248, 109
248, 173
248, 237
248, 46
248, 110
248, 174
248, 238
248, 47
248, 111
248, 175
248, 239
248, 48
248, 112
248, 176
248, 240
248, 49
248, 113
248, 177
248, 241
248, 50
248, 114
248, 178
248, 242
248, 51
248, 115
248, 179
248, 243
248, 52
248, 116
248, 180
248, 244
248, 53
248, 117
248, 181
248, 245
248, 54
248, 118
248, 182
248, 246
248, 55
248, 119
248, 183
248, 247
248, 56
248, 120
248, 184
248, 248
248, 57
248, 121
248, 185
248, 249
248, 250
248, 58
248, 122
248, 186
248, 59
248, 123
248, 187
248, 60
248, 124
248, 188
248, 61
248, 125
248, 189
248, 62
248, 126
248, 190
248, 63
248, 127
248, 191
184, 128
184, 64
184, 192
184, 129
184, 65
184, 1
184, 193
184, 194
184, 2
184, 66
184, 130
184, 195
184, 3
184, 67
184, 131
184, 196
184, 4
184, 68
184, 132
184, 197
184, 5
184, 69
184, 133
184, 198
184, 6
184, 70
184, 134
184, 199
184, 7
184, 71
184, 135
184, 200
184, 8
184, 72
184, 136
184, 201
184, 9
184, 73
184, 137
184, 202
184, 10
184, 74
184, 138
184, 203
184, 11
184, 75
184, 139
184, 204
184, 12
184, 76
184, 140
184, 205
184, 13
184, 77
184, 141
184, 206
184, 14
184, 78
184, 142
184, 207
184, 15
184, 79
184, 143
184, 208
184, 16
184, 80
184, 144
184, 209
184, 17
184, 81
184, 145
184, 210
184, 18
184, 82
184, 146
184, 211
184, 19
184, 83
184, 147
184, 212
184, 20
184, 84
184, 148
184, 213
184, 21
184, 85
184, 149
184, 214
184, 22
184, 86
184, 150
184, 215
184, 23
184, 87
184, 151
184, 216
184, 24
184, 88
184, 152
184, 217
184, 25
184, 89
184, 153
184, 218
184, 26
184, 90
184, 154
184, 219
184, 27
184, 91
184, 155
184, 220
184, 28
184, 92
184, 156
184, 221
184, 29
184, 93
184, 157
184, 222
184, 30
184, 94
184, 158
184, 223
184, 31
184, 95
184, 159
184, 224
184, 32
184, 96
184, 160
184, 225
184, 33
184, 97
184, 161
184, 226
184, 34
184, 98
184, 162
184, 227
184, 35
184, 99
184, 163
184, 228
184, 36
184, 100
184, 164
184, 229
184, 37
184, 101
184, 165
184, 230
184, 38
184, 102
184, 166
184, 231
184, 39
184, 103
184, 167
184, 232
184, 40
184, 104
184, 168
184, 233
184, 41
184, 105
184, 169
184, 234
184, 42
184, 106
184, 170
184, 235
184, 43
184, 107
184, 171
184, 236
184, 44
184, 108
184, 172
184, 237
184, 45
184, 109
184, 173
184, 238
184, 46
184, 110
184, 174
184, 239
184, 47
184, 111
184, 175
184, 240
184, 48
184, 112
184, 176
184, 241
184, 49
184, 113
184, 177
184, 242
184, 50
184, 114
184, 178
184, 243
184, 51
184, 115
184, 179
184, 244
184, 52
184, 116
184, 180
184, 245
184, 53
184, 117
184, 181
184, 246
184, 54
184, 118
184, 182
184, 247
184, 55
184, 119
184, 183
184, 248
184, 56
184, 120
184, 184
184, 249
184, 57
184, 121
184, 185
184, 186
184, 250
184, 58
184, 122
184, 187
184, 59
184, 123
184, 188
184, 60
184, 124
184, 189
184, 61
184, 125
184, 190
184, 62
184, 126
184, 191
184, 63
184, 127
120, 64
120, 192
120, 128
120, 65
120, 1
120, 193
120, 129
120, 130
120, 194
120, 2
120, 66
120, 131
120, 195
120, 3
120, 67
120, 132
120, 196
120, 4
120, 68
120, 133
120, 197
120, 5
120, 69
120, 134
120, 198
120, 6
120, 70
120, 135
120, 199
120, 7
120, 71
120, 136
120, 200
120, 8
120, 72
120, 137
120, 201
120, 9
120, 73
120, 138
120, 202
120, 10
120, 74
120, 139
120, 203
120, 11
120, 75
120, 140
120, 204
120, 12
120, 76
120, 141
120, 205
120, 13
120, 77
120, 142
120, 206
120, 14
120, 78
120, 143
120, 207
120, 15
120, 79
120, 144
120, 208
120, 16
120, 80
120, 145
120, 209
120, 17
120, 81
120, 146
120, 210
120, 18
120, 82
120, 147
120, 211
120, 19
120, 83
120, 148
120, 212
120, 20
120, 84
120, 149
120, 213
120, 21
120, 85
120, 150
120, 214
120, 22
120, 86
120, 151
120, 215
120, 23
120, 87
120, 152
120, 216
120, 24
120, 88
120, 153
120, 217
120, 25
120, 89
120, 154
120, 218
120, 26
120, 90
120, 155
120, 219
120, 27
120, 91
120, 156
120, 220
120, 28
120, 92
120, 157
120, 221
120, 29
120, 93
120, 158
120, 222
120, 30
120, 94
120, 159
120, 223
120, 31
120, 95
120, 160
120, 224
120, 32
120, 96
120, 161
120, 225
120, 33
120, 97
120, 162
120, 226
120, 34
120, 98
120, 163
120, 227
120, 35
120, 99
120, 164
120, 228
120, 36
120, 100
120, 165
120, 229
120, 37
120, 101
120, 166
120, 230
120, 38
120, 102
120, 167
120, 231
120, 39
120, 103
120, 168
120, 232
120, 40
120, 104
120, 169
120, 233
120, 41
120, 105
120, 170
120, 234
120, 42
120, 106
120, 171
120, 235
120, 43
120, 107
120, 172
120, 236
120, 44
120, 108
120, 173
120, 237
120, 45
120, 109
120, 174
120, 238
120, 46
120, 110
120, 175
120, 239
120, 47
120, 111
120, 176
120, 240
120, 48
120, 112
120, 177
120, 241
120, 49
120, 113
120, 178
120, 242
120, 50
120, 114
120, 179
120, 243
120, 51
120, 115
120, 180
120, 244
120, 52
120, 116
120, 181
120, 245
120, 53
120, 117
120, 182
120, 246
120, 54
120, 118
120, 183
120, 247
120, 55
120, 119
120, 184
120, 248
120, 56
120, 120
120, 185
120, 249
120, 57
120, 121
120, 122
120, 186
120, 250
120, 58
120, 123
120, 187
120, 59
120, 124
120, 188
120, 60
120, 125
120, 189
120, 61
120, 126
120, 190
120, 62
120, 127
120, 191
120, 63
56, 192
56, 128
56, 64
56, 1
56, 193
56, 129
56, 65
56, 66
56, 130
56, 194
56, 2
56, 67
56, 131
56, 195
56, 3
56, 68
56, 132
56, 196
56, 4
56, 69
56, 133
56, 197
56, 5
56, 70
56, 134
56, 198
56, 6
56, 71
56, 135
56, 199
56, 7
56, 72
56, 136
56, 200
56, 8
56, 73
56, 137
56, 201
56, 9
56, 74
56, 138
56, 202
56, 10
56, 75
56, 139
56, 203
56, 11
56, 76
56, 140
56, 204
56, 12
56, 77
56, 141
56, 205
56, 13
56, 78
56, 142
56, 206
56, 14
56, 79
56, 143
56, 207
56, 15
56, 80
56, 144
56, 208
56, 16
56, 81
56, 145
56, 209
56, 17
56, 82
56, 146
56, 210
56, 18
56, 83
56, 147
56, 211
56, 19
56, 84
56, 148
56, 212
56, 20
56, 85
56, 149
56, 213
56, 21
56, 86
56, 150
56, 214
56, 22
56, 87
56, 151
56, 215
56, 23
56, 88
56, 152
56, 216
56, 24
56, 89
56, 153
56, 217
56, 25
56, 90
56, 154
56, 218
56, 26
56, 91
56, 155
56, 219
56, 27
56, 92
56, 156
56, 220
56, 28
56, 93
56, 157
56, 221
56, 29
56, 94
56, 158
56, 222
56, 30
56, 95
56, 159
56, 223
56, 31
56, 96
56, 160
56, 224
56, 32
56, 97
56, 161
56, 225
56, 33
56, 98
56, 162
56, 226
56, 34
56, 99
56, 163
56, 227
56, 35
56, 100
56, 164
56, 228
56, 36
56, 101
56, 165
56, 229
56, 37
56, 102
56, 166
56, 230
56, 38
56, 103
56, 167
56, 231
56, 39
56, 104
56, 168
56, 232
56, 40
56, 105
56, 169
56, 233
56, 41
56, 106
56, 170
56, 234
56, 42
56, 107
56, 171
56, 235
56, 43
56, 108
56, 172
56, 236
56, 44
56, 109
56, 173
56, 237
56, 45
56, 110
56, 174
56, 238
56, 46
56, 111
56, 175
56, 239
56, 47
56, 112
56, 176
56, 240
56, 48
56, 113
56, 177
56, 241
56, 49
56, 114
56, 178
56, 242
56, 50
56, 115
56, 179
56, 243
56, 51
56, 116
56, 180
56, 244
56, 52
56, 117
56, 181
56, 245
56, 53
56, 118
56, 182
56, 246
56, 54
56, 119
56, 183
56, 247
56, 55
56, 120
56, 184
56, 248
56, 56
56, 121
56, 185
56, 249
56, 57
56, 58
56, 122
56, 186
56, 250
56, 59
56, 123
56, 187
56, 60
56, 124
56, 188
56, 61
56, 125
56, 189
56, 62
56, 126
56, 190
56, 63
56, 127
56, 191
249, 192
249, 128
249, 64
249, 193
249, 129
249, 65
249, 1
249, 2
249, 66
249, 130
249, 194
249, 3
249, 67
249, 131
249, 195
249, 4
249, 68
249, 132
249, 196
249, 5
249, 69
249, 133
249, 197
249, 6
249, 70
249, 134
249, 198
249, 7
249, 71
249, 135
249, 199
249, 8
249, 72
249, 136
249, 200
249, 9
249, 73
249, 137
249, 201
249, 10
249, 74
249, 138
249, 202
249, 11
249, 75
249, 139
249, 203
249, 12
249, 76
249, 140
249, 204
249, 13
249, 77
249, 141
249, 205
249, 14
249, 78
249, 142
249, 206
249, 15
249, 79
249, 143
249, 207
249, 16
249, 80
249, 144
249, 208
249, 17
249, 81
249, 145
249, 209
249, 18
249, 82
249, 146
249, 210
249, 19
249, 83
249, 147
249, 211
249, 20
249, 84
249, 148
249, 212
249, 21
249, 85
249, 149
249, 213
249, 22
249, 86
249, 150
249, 214
249, 23
249, 87
249, 151
249, 215
249, 24
249, 88
249, 152
249, 216
249, 25
249, 89
249, 153
249, 217
249, 26
249, 90
249, 154
249, 218
249, 27
249, 91
249, 155
249, 219
249, 28
249, 92
249, 156
249, 220
249, 29
249, 93
249, 157
249, 221
249, 30
249, 94
249, 158
249, 222
249, 31
249, 95
249, 159
249, 223
249, 32
249, 96
249, 160
249, 224
249, 33
249, 97
249, 161
249, 225
249, 34
249, 98
249, 162
249, 226
249, 35
249, 99
249, 163
249, 227
249, 36
249, 100
249, 164
249, 228
249, 37
249, 101
249, 165
249, 229
249, 38
249, 102
249, 166
249, 230
249, 39
249, 103
249, 167
249, 231
249, 40
249, 104
249, 168
249, 232
249, 41
249, 105
249, 169
249, 233
249, 42
249, 106
249, 170
249, 234
249, 43
249, 107
249, 171
249, 235
249, 44
249, 108
249, 172
249, 236
249, 45
249, 109
249, 173
249, 237
249, 46
249, 110
249, 174
249, 238
249, 47
249, 111
249, 175
249, 239
249, 48
249, 112
249, 176
249, 240
249, 49
249, 113
249, 177
249, 241
249, 50
249, 114
249, 178
249, 242
249, 51
249, 115
249, 179
249, 243
249, 52
249, 116
249, 180
249, 244
249, 53
249, 117
249, 181
249, 245
249, 54
249, 118
249, 182
249, 246
249, 55
249, 119
249, 183
249, 247
249, 56
249, 120
249, 184
249, 248
249, 57
249, 121
249, 185
249, 249
249, 58
249, 122
249, 186
249, 250
249, 59
249, 123
249, 187
249, 60
249, 124
249, 188
249, 61
249, 125
249, 189
249, 62
249, 126
249, 190
249, 63
249, 127
249, 191
185, 128
185, 64
185, 192
185, 129
185, 65
185, 1
185, 193
185, 194
185, 2
185, 66
185, 130
185, 195
185, 3
185, 67
185, 131
185, 196
185, 4
185, 68
185, 132
185, 197
185, 5
185, 69
185, 133
185, 198
185, 6
185, 70
185, 134
185, 199
185, 7
185, 71
185, 135
185, 200
185, 8
185, 72
185, 136
185, 201
185, 9
185, 73
185, 137
185, 202
185, 10
185, 74
185, 138
185, 203
185, 11
185, 75
185, 139
185, 204
185, 12
185, 76
185, 140
185, 205
185, 13
185, 77
185, 141
185, 206
185, 14
185, 78
185, 142
185, 207
185, 15
185, 79
185, 143
185, 208
185, 16
185, 80
185, 144
185, 209
185, 17
185, 81
185, 145
185, 210
185, 18
185, 82
185, 146
185, 211
185, 19
185, 83
185, 147
185, 212
185, 20
185, 84
185, 148
185, 213
185, 21
185, 85
185, 149
185, 214
185, 22
185, 86
185, 150
185, 215
185, 23
185, 87
185, 151
185, 216
185, 24
185, 88
185, 152
185, 217
185, 25
185, 89
185, 153
185, 218
185, 26
185, 90
185, 154
185, 219
185, 27
185, 91
185, 155
185, 220
185, 28
185, 92
185, 156
185, 221
185, 29
185, 93
185, 157
185, 222
185, 30
185, 94
185, 158
185, 223
185, 31
185, 95
185, 159
185, 224
185, 32
185, 96
185, 160
185, 225
185, 33
185, 97
185, 161
185, 226
185, 34
185, 98
185, 162
185, 227
185, 35
185, 99
185, 163
185, 228
185, 36
185, 100
185, 164
185, 229
185, 37
185, 101
185, 165
185, 230
185, 38
185, 102
185, 166
185, 231
185, 39
185, 103
185, 167
185, 232
185, 40
185, 104
185, 168
185, 233
185, 41
185, 105
185, 169
185, 234
185, 42
185, 106
185, 170
185, 235
185, 43
185, 107
185, 171
185, 236
185, 44
185, 108
185, 172
185, 237
185, 45
185, 109
185, 173
185, 238
185, 46
185, 110
185, 174
185, 239
185, 47
185, 111
185, 175
185, 240
185, 48
185, 112
185, 176
185, 241
185, 49
185, 113
185, 177
185, 242
185, 50
185, 114
185, 178
185, 243
185, 51
185, 115
185, 179
185, 244
185, 52
185, 116
185, 180
185, 245
185, 53
185, 117
185, 181
185, 246
185, 54
185, 118
185, 182
185, 247
185, 55
185, 119
185, 183
185, 248
185, 56
185, 120
185, 184
185, 249
185, 57
185, 121
185, 185
185, 250
185, 58
185, 122
185, 186
185, 187
185, 59
185, 123
185, 188
185, 60
185, 124
185, 189
185, 61
185, 125
185, 190
185, 62
185, 126
185, 191
185, 63
185, 127
121, 64
121, 192
121, 128
121, 65
121, 1
121, 193
121, 129
121, 130
121, 194
121, 2
121, 66
121, 131
121, 195
121, 3
121, 67
121, 132
121, 196
121, 4
121, 68
121, 133
121, 197
121, 5
121, 69
121, 134
121, 198
121, 6
121, 70
121, 135
121, 199
121, 7
121, 71
121, 136
121, 200
121, 8
121, 72
121, 137
121, 201
121, 9
121, 73
121, 138
121, 202
121, 10
121, 74
121, 139
121, 203
121, 11
121, 75
121, 140
121, 204
121, 12
121, 76
121, 141
121, 205
121, 13
121, 77
121, 142
121, 206
121, 14
121, 78
121, 143
121, 207
121, 15
121, 79
121, 144
121, 208
121, 16
121, 80
121, 145
121, 209
121, 17
121, 81
121, 146
121, 210
121, 18
121, 82
121, 147
121, 211
121, 19
121, 83
121, 148
121, 212
121, 20
121, 84
121, 149
121, 213
121, 21
121, 85
121, 150
121, 214
121, 22
121, 86
121, 151
121, 215
121, 23
121, 87
121, 152
121, 216
121, 24
121, 88
121, 153
121, 217
121, 25
121, 89
121, 154
121, 218
121, 26
121, 90
121, 155
121, 219
121, 27
121, 91
121, 156
121, 220
121, 28
121, 92
121, 157
121, 221
121, 29
121, 93
121, 158
121, 222
121, 30
121, 94
121, 159
121, 223
121, 31
121, 95
121, 160
121, 224
121, 32
121, 96
121, 161
121, 225
121, 33
121, 97
121, 162
121, 226
121, 34
121, 98
121, 163
121, 227
121, 35
121, 99
121, 164
121, 228
121, 36
121, 100
121, 165
121, 229
121, 37
121, 101
121, 166
121, 230
121, 38
121, 102
121, 167
121, 231
121, 39
121, 103
121, 168
121, 232
121, 40
121, 104
121, 169
121, 233
121, 41
121, 105
121, 170
121, 234
121, 42
121, 106
121, 171
121, 235
121, 43
121, 107
121, 172
121, 236
121, 44
121, 108
121, 173
121, 237
121, 45
121, 109
121, 174
121, 238
121, 46
121, 110
121, 175
121, 239
121, 47
121, 111
121, 176
121, 240
121, 48
121, 112
121, 177
121, 241
121, 49
121, 113
121, 178
121, 242
121, 50
121, 114
121, 179
121, 243
121, 51
121, 115
121, 180
121, 244
121, 52
121, 116
121, 181
121, 245
121, 53
121, 117
121, 182
121, 246
121, 54
121, 118
121, 183
121, 247
121, 55
121, 119
121, 184
121, 248
121, 56
121, 120
121, 185
121, 249
121, 57
121, 121
121, 186
121, 250
121, 58
121, 122
121, 123
121, 187
121, 59
121, 124
121, 188
121, 60
121, 125
121, 189
121, 61
121, 126
121, 190
121, 62
121, 127
121, 191
121, 63
57, 192
57, 128
57, 64
57, 1
57, 193
57, 129
57, 65
57, 66
57, 130
57, 194
57, 2
57, 67
57, 131
57, 195
57, 3
57, 68
57, 132
57, 196
57, 4
57, 69
57, 133
57, 197
57, 5
57, 70
57, 134
57, 198
57, 6
57, 71
57, 135
57, 199
57, 7
57, 72
57, 136
57, 200
57, 8
57, 73
57, 137
57, 201
57, 9
57, 74
57, 138
57, 202
57, 10
57, 75
57, 139
57, 203
57, 11
57, 76
57, 140
57, 204
57, 12
57, 77
57, 141
57, 205
57, 13
57, 78
57, 142
57, 206
57, 14
57, 79
57, 143
57, 207
57, 15
57, 80
57, 144
57, 208
57, 16
57, 81
57, 145
57, 209
57, 17
57, 82
57, 146
57, 210
57, 18
57, 83
57, 147
57, 211
57, 19
57, 84
57, 148
57, 212
57, 20
57, 85
57, 149
57, 213
57, 21
57, 86
57, 150
57, 214
57, 22
57, 87
57, 151
57, 215
57, 23
57, 88
57, 152
57, 216
57, 24
57, 89
57, 153
57, 217
57, 25
57, 90
57, 154
57, 218
57, 26
57, 91
57, 155
57, 219
57, 27
57, 92
57, 156
57, 220
57, 28
57, 93
57, 157
57, 221
57, 29
57, 94
57, 158
57, 222
57, 30
57, 95
57, 159
57, 223
57, 31
57, 96
57, 160
57, 224
57, 32
57, 97
57, 161
57, 225
57, 33
57, 98
57, 162
57, 226
57, 34
57, 99
57, 163
57, 227
57, 35
57, 100
57, 164
57, 228
57, 36
57, 101
57, 165
57, 229
57, 37
57, 102
57, 166
57, 230
57, 38
57, 103
57, 167
57, 231
57, 39
57, 104
57, 168
57, 232
57, 40
57, 105
57, 169
57, 233
57, 41
57, 106
57, 170
57, 234
57, 42
57, 107
57, 171
57, 235
57, 43
57, 108
57, 172
57, 236
57, 44
57, 109
57, 173
57, 237
57, 45
57, 110
57, 174
57, 238
57, 46
57, 111
57, 175
57, 239
57, 47
57, 112
57, 176
57, 240
57, 48
57, 113
57, 177
57, 241
57, 49
57, 114
57, 178
57, 242
57, 50
57, 115
57, 179
57, 243
57, 51
57, 116
57, 180
57, 244
57, 52
57, 117
57, 181
57, 245
57, 53
57, 118
57, 182
57, 246
57, 54
57, 119
57, 183
57, 247
57, 55
57, 120
57, 184
57, 248
57, 56
57, 121
57, 185
57, 249
57, 57
57, 122
57, 186
57, 250
57, 58
57, 59
57, 123
57, 187
57, 60
57, 124
57, 188
57, 61
57, 125
57, 189
57, 62
57, 126
57, 190
57, 63
57, 127
57, 191
250, 192
250, 128
250, 64
250, 1
250, 193
250, 129
250, 65
250, 2
250, 66
250, 194
250, 130
250, 3
250, 67
250, 131
250, 195
250, 4
250, 68
250, 132
250, 196
250, 5
250, 69
250, 133
250, 197
250, 6
250, 70
250, 134
250, 198
250, 7
250, 71
250, 135
250, 199
250, 8
250, 72
250, 136
250, 200
250, 9
250, 73
250, 137
250, 201
250, 10
250, 74
250, 138
250, 202
250, 11
250, 75
250, 139
250, 203
250, 12
250, 76
250, 140
250, 204
250, 13
250, 77
250, 141
250, 205
250, 14
250, 78
250, 142
250, 206
250, 15
250, 79
250, 143
250, 207
250, 16
250, 80
250, 144
250, 208
250, 17
250, 81
250, 145
250, 209
250, 18
250, 82
250, 146
250, 210
250, 19
250, 83
250, 147
250, 211
250, 20
250, 84
250, 148
250, 212
250, 21
250, 85
250, 149
250, 213
250, 22
250, 86
250, 150
250, 214
250, 23
250, 87
250, 151
250, 215
250, 24
250, 88
250, 152
250, 216
250, 25
250, 89
250, 153
250, 217
250, 26
250, 90
250, 154
250, 218
250, 27
250, 91
250, 155
250, 219
250, 28
250, 92
250, 156
250, 220
250, 29
250, 93
250, 157
250, 221
250, 30
250, 94
250, 158
250, 222
250, 31
250, 95
250, 159
250, 223
250, 32
250, 96
250, 160
250, 224
250, 33
250, 97
250, 161
250, 225
250, 34
250, 98
250, 162
250, 226
250, 35
250, 99
250, 163
250, 227
250, 36
250, 100
250, 164
250, 228
250, 37
250, 101
250, 165
250, 229
250, 38
250, 102
250, 166
250, 230
250, 39
250, 103
250, 167
250, 231
250, 40
250, 104
250, 168
250, 232
250, 41
250, 105
250, 169
250, 233
250, 42
250, 106
250, 170
250, 234
250, 43
250, 107
250, 171
250, 235
250, 44
250, 108
250, 172
250, 236
250, 45
250, 109
250, 173
250, 237
250, 46
250, 110
250, 174
250, 238
250, 47
250, 111
250, 175
250, 239
250, 48
250, 112
250, 176
250, 240
250, 49
250, 113
250, 177
250, 241
250, 50
250, 114
250, 178
250, 242
250, 51
250, 115
250, 179
250, 243
250, 52
250, 116
250, 180
250, 244
250, 53
250, 117
250, 181
250, 245
250, 54
250, 118
250, 182
250, 246
250, 55
250, 119
250, 183
250, 247
250, 56
250, 120
250, 184
250, 248
250, 57
250, 121
250, 185
250, 249
250, 58
250, 122
250, 186
250, 250
250, 59
250, 123
250, 187
250, 60
250, 124
250, 188
250, 61
250, 125
250, 189
250, 62
250, 126
250, 190
250, 63
250, 127
250, 191
186, 128
186, 64
186, 192
186, 129
186, 65
186, 1
186, 193
186, 194
186, 2
186, 66
186, 130
186, 195
186, 3
186, 67
186, 131
186, 196
186, 4
186, 68
186, 132
186, 197
186, 5
186, 69
186, 133
186, 198
186, 6
186, 70
186, 134
186, 199
186, 7
186, 71
186, 135
186, 200
186, 8
186, 72
186, 136
186, 201
186, 9
186, 73
186, 137
186, 202
186, 10
186, 74
186, 138
186, 203
186, 11
186, 75
186, 139
186, 204
186, 12
186, 76
186, 140
186, 205
186, 13
186, 77
186, 141
186, 206
186, 14
186, 78
186, 142
186, 207
186, 15
186, 79
186, 143
186, 208
186, 16
186, 80
186, 144
186, 209
186, 17
186, 81
186, 145
186, 210
186, 18
186, 82
186, 146
186, 211
186, 19
186, 83
186, 147
186, 212
186, 20
186, 84
186, 148
186, 213
186, 21
186, 85
186, 149
186, 214
186, 22
186, 86
186, 150
186, 215
186, 23
186, 87
186, 151
186, 216
186, 24
186, 88
186, 152
186, 217
186, 25
186, 89
186, 153
186, 218
186, 26
186, 90
186, 154
186, 219
186, 27
186, 91
186, 155
186, 220
186, 28
186, 92
186, 156
186, 221
186, 29
186, 93
186, 157
186, 222
186, 30
186, 94
186, 158
186, 223
186, 31
186, 95
186, 159
186, 224
186, 32
186, 96
186, 160
186, 225
186, 33
186, 97
186, 161
186, 226
186, 34
186, 98
186, 162
186, 227
186, 35
186, 99
186, 163
186, 228
186, 36
186, 100
186, 164
186, 229
186, 37
186, 101
186, 165
186, 230
186, 38
186, 102
186, 166
186, 231
186, 39
186, 103
186, 167
186, 232
186, 40
186, 104
186, 168
186, 233
186, 41
186, 105
186, 169
186, 234
186, 42
186, 106
186, 170
186, 235
186, 43
186, 107
186, 171
186, 236
186, 44
186, 108
186, 172
186, 237
186, 45
186, 109
186, 173
186, 238
186, 46
186, 110
186, 174
186, 239
186, 47
186, 111
186, 175
186, 240
186, 48
186, 112
186, 176
186, 241
186, 49
186, 113
186, 177
186, 242
186, 50
186, 114
186, 178
186, 243
186, 51
186, 115
186, 179
186, 244
186, 52
186, 116
186, 180
186, 245
186, 53
186, 117
186, 181
186, 246
186, 54
186, 118
186, 182
186, 247
186, 55
186, 119
186, 183
186, 248
186, 56
186, 120
186, 184
186, 249
186, 57
186, 121
186, 185
186, 250
186, 58
186, 122
186, 186
186, 59
186, 123
186, 187
186, 188
186, 60
186, 124
186, 189
186, 61
186, 125
186, 190
186, 62
186, 126
186, 191
186, 63
186, 127
122, 64
122, 192
122, 128
122, 65
122, 1
122, 193
122, 129
122, 130
122, 194
122, 2
122, 66
122, 131
122, 195
122, 3
122, 67
122, 132
122, 196
122, 4
122, 68
122, 133
122, 197
122, 5
122, 69
122, 134
122, 198
122, 6
122, 70
122, 135
122, 199
122, 7
122, 71
122, 136
122, 200
122, 8
122, 72
122, 137
122, 201
122, 9
122, 73
122, 138
122, 202
122, 10
122, 74
122, 139
122, 203
122, 11
122, 75
122, 140
122, 204
122, 12
122, 76
122, 141
122, 205
122, 13
122, 77
122, 142
122, 206
122, 14
122, 78
122, 143
122, 207
122, 15
122, 79
122, 144
122, 208
122, 16
122, 80
122, 145
122, 209
122, 17
122, 81
122, 146
122, 210
122, 18
122, 82
122, 147
122, 211
122, 19
122, 83
122, 148
122, 212
122, 20
122, 84
122, 149
122, 213
122, 21
122, 85
122, 150
122, 214
122, 22
122, 86
122, 151
122, 215
122, 23
122, 87
122, 152
122, 216
122, 24
122, 88
122, 153
122, 217
122, 25
122, 89
122, 154
122, 218
122, 26
122, 90
122, 155
122, 219
122, 27
122, 91
122, 156
122, 220
122, 28
122, 92
122, 157
122, 221
122, 29
122, 93
122, 158
122, 222
122, 30
122, 94
122, 159
122, 223
122, 31
122, 95
122, 160
122, 224
122, 32
122, 96
122, 161
122, 225
122, 33
122, 97
122, 162
122, 226
122, 34
122, 98
122, 163
122, 227
122, 35
122, 99
122, 164
122, 228
122, 36
122, 100
122, 165
122, 229
122, 37
122, 101
122, 166
122, 230
122, 38
122, 102
122, 167
122, 231
122, 39
122, 103
122, 168
122, 232
122, 40
122, 104
122, 169
122, 233
122, 41
122, 105
122, 170
122, 234
122, 42
122, 106
122, 171
122, 235
122, 43
122, 107
122, 172
122, 236
122, 44
122, 108
122, 173
122, 237
122, 45
122, 109
122, 174
122, 238
122, 46
122, 110
122, 175
122, 239
122, 47
122, 111
122, 176
122, 240
122, 48
122, 112
122, 177
122, 241
122, 49
122, 113
122, 178
122, 242
122, 50
122, 114
122, 179
122, 243
122, 51
122, 115
122, 180
122, 244
122, 52
122, 116
122, 181
122, 245
122, 53
122, 117
122, 182
122, 246
122, 54
122, 118
122, 183
122, 247
122, 55
122, 119
122, 184
122, 248
122, 56
122, 120
122, 185
122, 249
122, 57
122, 121
122, 186
122, 250
122, 58
122, 122
122, 187
122, 59
122, 123
122, 124
122, 188
122, 60
122, 125
122, 189
122, 61
122, 126
122, 190
122, 62
122, 127
122, 191
122, 63
58, 192
58, 128
58, 64
58, 1
58, 193
58, 129
58, 65
58, 66
58, 130
58, 194
58, 2
58, 67
58, 131
58, 195
58, 3
58, 68
58, 132
58, 196
58, 4
58, 69
58, 133
58, 197
58, 5
58, 70
58, 134
58, 198
58, 6
58, 71
58, 135
58, 199
58, 7
58, 72
58, 136
58, 200
58, 8
58, 73
58, 137
58, 201
58, 9
58, 74
58, 138
58, 202
58, 10
58, 75
58, 139
58, 203
58, 11
58, 76
58, 140
58, 204
58, 12
58, 77
58, 141
58, 205
58, 13
58, 78
58, 142
58, 206
58, 14
58, 79
58, 143
58, 207
58, 15
58, 80
58, 144
58, 208
58, 16
58, 81
58, 145
58, 209
58, 17
58, 82
58, 146
58, 210
58, 18
58, 83
58, 147
58, 211
58, 19
58, 84
58, 148
58, 212
58, 20
58, 85
58, 149
58, 213
58, 21
58, 86
58, 150
58, 214
58, 22
58, 87
58, 151
58, 215
58, 23
58, 88
58, 152
58, 216
58, 24
58, 89
58, 153
58, 217
58, 25
58, 90
58, 154
58, 218
58, 26
58, 91
58, 155
58, 219
58, 27
58, 92
58, 156
58, 220
58, 28
58, 93
58, 157
58, 221
58, 29
58, 94
58, 158
58, 222
58, 30
58, 95
58, 159
58, 223
58, 31
58, 96
58, 160
58, 224
58, 32
58, 97
58, 161
58, 225
58, 33
58, 98
58, 162
58, 226
58, 34
58, 99
58, 163
58, 227
58, 35
58, 100
58, 164
58, 228
58, 36
58, 101
58, 165
58, 229
58, 37
58, 102
58, 166
58, 230
58, 38
58, 103
58, 167
58, 231
58, 39
58, 104
58, 168
58, 232
58, 40
58, 105
58, 169
58, 233
58, 41
58, 106
58, 170
58, 234
58, 42
58, 107
58, 171
58, 235
58, 43
58, 108
58, 172
58, 236
58, 44
58, 109
58, 173
58, 237
58, 45
58, 110
58, 174
58, 238
58, 46
58, 111
58, 175
58, 239
58, 47
58, 112
58, 176
58, 240
58, 48
58, 113
58, 177
58, 241
58, 49
58, 114
58, 178
58, 242
58, 50
58, 115
58, 179
58, 243
58, 51
58, 116
58, 180
58, 244
58, 52
58, 117
58, 181
58, 245
58, 53
58, 118
58, 182
58, 246
58, 54
58, 119
58, 183
58, 247
58, 55
58, 120
58, 184
58, 248
58, 56
58, 121
58, 185
58, 249
58, 57
58, 122
58, 186
58, 250
58, 58
58, 123
58, 187
58, 59
58, 60
58, 124
58, 188
58, 61
58, 125
58, 189
58, 62
58, 126
58, 190
58, 63
58, 127
58, 191
187, 128
187, 64
187, 192
187, 129
187, 65
187, 1
187, 193
187, 194
187, 2
187, 66
187, 130
187, 195
187, 3
187, 67
187, 131
187, 196
187, 4
187, 68
187, 132
187, 197
187, 5
187, 69
187, 133
187, 198
187, 6
187, 70
187, 134
187, 199
187, 7
187, 71
187, 135
187, 200
187, 8
187, 72
187, 136
187, 201
187, 9
187, 73
187, 137
187, 202
187, 10
187, 74
187, 138
187, 203
187, 11
187, 75
187, 139
187, 204
187, 12
187, 76
187, 140
187, 205
187, 13
187, 77
187, 141
187, 206
187, 14
187, 78
187, 142
187, 207
187, 15
187, 79
187, 143
187, 208
187, 16
187, 80
187, 144
187, 209
187, 17
187, 81
187, 145
187, 210
187, 18
187, 82
187, 146
187, 211
187, 19
187, 83
187, 147
187, 212
187, 20
187, 84
187, 148
187, 213
187, 21
187, 85
187, 149
187, 214
187, 22
187, 86
187, 150
187, 215
187, 23
187, 87
187, 151
187, 216
187, 24
187, 88
187, 152
187, 217
187, 25
187, 89
187, 153
187, 218
187, 26
187, 90
187, 154
187, 219
187, 27
187, 91
187, 155
187, 220
187, 28
187, 92
187, 156
187, 221
187, 29
187, 93
187, 157
187, 222
187, 30
187, 94
187, 158
187, 223
187, 31
187, 95
187, 159
187, 224
187, 32
187, 96
187, 160
187, 225
187, 33
187, 97
187, 161
187, 226
187, 34
187, 98
187, 162
187, 227
187, 35
187, 99
187, 163
187, 228
187, 36
187, 100
187, 164
187, 229
187, 37
187, 101
187, 165
187, 230
187, 38
187, 102
187, 166
187, 231
187, 39
187, 103
187, 167
187, 232
187, 40
187, 104
187, 168
187, 233
187, 41
187, 105
187, 169
187, 234
187, 42
187, 106
187, 170
187, 235
187, 43
187, 107
187, 171
187, 236
187, 44
187, 108
187, 172
187, 237
187, 45
187, 109
187, 173
187, 238
187, 46
187, 110
187, 174
187, 239
187, 47
187, 111
187, 175
187, 240
187, 48
187, 112
187, 176
187, 241
187, 49
187, 113
187, 177
187, 242
187, 50
187, 114
187, 178
187, 243
187, 51
187, 115
187, 179
187, 244
187, 52
187, 116
187, 180
187, 245
187, 53
187, 117
187, 181
187, 246
187, 54
187, 118
187, 182
187, 247
187, 55
187, 119
187, 183
187, 248
187, 56
187, 120
187, 184
187, 249
187, 57
187, 121
187, 185
187, 250
187, 58
187, 122
187, 186
187, 59
187, 123
187, 187
187, 60
187, 124
187, 188
187, 189
187, 61
187, 125
187, 190
187, 62
187, 126
187, 191
187, 63
187, 127
123, 64
123, 192
123, 128
123, 65
123, 1
123, 193
123, 129
123, 130
123, 194
123, 2
123, 66
123, 131
123, 195
123, 3
123, 67
123, 132
123, 196
123, 4
123, 68
123, 133
123, 197
123, 5
123, 69
123, 134
123, 198
123, 6
123, 70
123, 135
123, 199
123, 7
123, 71
123, 136
123, 200
123, 8
123, 72
123, 137
123, 201
123, 9
123, 73
123, 138
123, 202
123, 10
123, 74
123, 139
123, 203
123, 11
123, 75
123, 140
123, 204
123, 12
123, 76
123, 141
123, 205
123, 13
123, 77
123, 142
123, 206
123, 14
123, 78
123, 143
123, 207
123, 15
123, 79
123, 144
123, 208
123, 16
123, 80
123, 145
123, 209
123, 17
123, 81
123, 146
123, 210
123, 18
123, 82
123, 147
123, 211
123, 19
123, 83
123, 148
123, 212
123, 20
123, 84
123, 149
123, 213
123, 21
123, 85
123, 150
123, 214
123, 22
123, 86
123, 151
123, 215
123, 23
123, 87
123, 152
123, 216
123, 24
123, 88
123, 153
123, 217
123, 25
123, 89
123, 154
123, 218
123, 26
123, 90
123, 155
123, 219
123, 27
123, 91
123, 156
123, 220
123, 28
123, 92
123, 157
123, 221
123, 29
123, 93
123, 158
123, 222
123, 30
123, 94
123, 159
123, 223
123, 31
123, 95
123, 160
123, 224
123, 32
123, 96
123, 161
123, 225
123, 33
123, 97
123, 162
123, 226
123, 34
123, 98
123, 163
123, 227
123, 35
123, 99
123, 164
123, 228
123, 36
123, 100
123, 165
123, 229
123, 37
123, 101
123, 166
123, 230
123, 38
123, 102
123, 167
123, 231
123, 39
123, 103
123, 168
123, 232
123, 40
123, 104
123, 169
123, 233
123, 41
123, 105
123, 170
123, 234
123, 42
123, 106
123, 171
123, 235
123, 43
123, 107
123, 172
123, 236
123, 44
123, 108
123, 173
123, 237
123, 45
123, 109
123, 174
123, 238
123, 46
123, 110
123, 175
123, 239
123, 47
123, 111
123, 176
123, 240
123, 48
123, 112
123, 177
123, 241
123, 49
123, 113
123, 178
123, 242
123, 50
123, 114
123, 179
123, 243
123, 51
123, 115
123, 180
123, 244
123, 52
123, 116
123, 181
123, 245
123, 53
123, 117
123, 182
123, 246
123, 54
123, 118
123, 183
123, 247
123, 55
123, 119
123, 184
123, 248
123, 56
123, 120
123, 185
123, 249
123, 57
123, 121
123, 186
123, 250
123, 58
123, 122
123, 187
123, 59
123, 123
123, 188
123, 60
123, 124
123, 125
123, 189
123, 61
123, 126
123, 190
123, 62
123, 127
123, 191
123, 63
59, 192
59, 128
59, 64
59, 1
59, 193
59, 129
59, 65
59, 66
59, 130
59, 194
59, 2
59, 67
59, 131
59, 195
59, 3
59, 68
59, 132
59, 196
59, 4
59, 69
59, 133
59, 197
59, 5
59, 70
59, 134
59, 198
59, 6
59, 71
59, 135
59, 199
59, 7
59, 72
59, 136
59, 200
59, 8
59, 73
59, 137
59, 201
59, 9
59, 74
59, 138
59, 202
59, 10
59, 75
59, 139
59, 203
59, 11
59, 76
59, 140
59, 204
59, 12
59, 77
59, 141
59, 205
59, 13
59, 78
59, 142
59, 206
59, 14
59, 79
59, 143
59, 207
59, 15
59, 80
59, 144
59, 208
59, 16
59, 81
59, 145
59, 209
59, 17
59, 82
59, 146
59, 210
59, 18
59, 83
59, 147
59, 211
59, 19
59, 84
59, 148
59, 212
59, 20
59, 85
59, 149
59, 213
59, 21
59, 86
59, 150
59, 214
59, 22
59, 87
59, 151
59, 215
59, 23
59, 88
59, 152
59, 216
59, 24
59, 89
59, 153
59, 217
59, 25
59, 90
59, 154
59, 218
59, 26
59, 91
59, 155
59, 219
59, 27
59, 92
59, 156
59, 220
59, 28
59, 93
59, 157
59, 221
59, 29
59, 94
59, 158
59, 222
59, 30
59, 95
59, 159
59, 223
59, 31
59, 96
59, 160
59, 224
59, 32
59, 97
59, 161
59, 225
59, 33
59, 98
59, 162
59, 226
59, 34
59, 99
59, 163
59, 227
59, 35
59, 100
59, 164
59, 228
59, 36
59, 101
59, 165
59, 229
59, 37
59, 102
59, 166
59, 230
59, 38
59, 103
59, 167
59, 231
59, 39
59, 104
59, 168
59, 232
59, 40
59, 105
59, 169
59, 233
59, 41
59, 106
59, 170
59, 234
59, 42
59, 107
59, 171
59, 235
59, 43
59, 108
59, 172
59, 236
59, 44
59, 109
59, 173
59, 237
59, 45
59, 110
59, 174
59, 238
59, 46
59, 111
59, 175
59, 239
59, 47
59, 112
59, 176
59, 240
59, 48
59, 113
59, 177
59, 241
59, 49
59, 114
59, 178
59, 242
59, 50
59, 115
59, 179
59, 243
59, 51
59, 116
59, 180
59, 244
59, 52
59, 117
59, 181
59, 245
59, 53
59, 118
59, 182
59, 246
59, 54
59, 119
59, 183
59, 247
59, 55
59, 120
59, 184
59, 248
59, 56
59, 121
59, 185
59, 249
59, 57
59, 122
59, 186
59, 250
59, 58
59, 123
59, 187
59, 59
59, 124
59, 188
59, 60
59, 61
59, 125
59, 189
59, 62
59, 126
59, 190
59, 63
59, 127
59, 191
188, 128
188, 64
188, 192
188, 129
188, 65
188, 1
188, 193
188, 194
188, 2
188, 66
188, 130
188, 195
188, 3
188, 67
188, 131
188, 196
188, 4
188, 68
188, 132
188, 197
188, 5
188, 69
188, 133
188, 198
188, 6
188, 70
188, 134
188, 199
188, 7
188, 71
188, 135
188, 200
188, 8
188, 72
188, 136
188, 201
188, 9
188, 73
188, 137
188, 202
188, 10
188, 74
188, 138
188, 203
188, 11
188, 75
188, 139
188, 204
188, 12
188, 76
188, 140
188, 205
188, 13
188, 77
188, 141
188, 206
188, 14
188, 78
188, 142
188, 207
188, 15
188, 79
188, 143
188, 208
188, 16
188, 80
188, 144
188, 209
188, 17
188, 81
188, 145
188, 210
188, 18
188, 82
188, 146
188, 211
188, 19
188, 83
188, 147
188, 212
188, 20
188, 84
188, 148
188, 213
188, 21
188, 85
188, 149
188, 214
188, 22
188, 86
188, 150
188, 215
188, 23
188, 87
188, 151
188, 216
188, 24
188, 88
188, 152
188, 217
188, 25
188, 89
188, 153
188, 218
188, 26
188, 90
188, 154
188, 219
188, 27
188, 91
188, 155
188, 220
188, 28
188, 92
188, 156
188, 221
188, 29
188, 93
188, 157
188, 222
188, 30
188, 94
188, 158
188, 223
188, 31
188, 95
188, 159
188, 224
188, 32
188, 96
188, 160
188, 225
188, 33
188, 97
188, 161
188, 226
188, 34
188, 98
188, 162
188, 227
188, 35
188, 99
188, 163
188, 228
188, 36
188, 100
188, 164
188, 229
188, 37
188, 101
188, 165
188, 230
188, 38
188, 102
188, 166
188, 231
188, 39
188, 103
188, 167
188, 232
188, 40
188, 104
188, 168
188, 233
188, 41
188, 105
188, 169
188, 234
188, 42
188, 106
188, 170
188, 235
188, 43
188, 107
188, 171
188, 236
188, 44
188, 108
188, 172
188, 237
188, 45
188, 109
188, 173
188, 238
188, 46
188, 110
188, 174
188, 239
188, 47
188, 111
188, 175
188, 240
188, 48
188, 112
188, 176
188, 241
188, 49
188, 113
188, 177
188, 242
188, 50
188, 114
188, 178
188, 243
188, 51
188, 115
188, 179
188, 244
188, 52
188, 116
188, 180
188, 245
188, 53
188, 117
188, 181
188, 246
188, 54
188, 118
188, 182
188, 247
188, 55
188, 119
188, 183
188, 248
188, 56
188, 120
188, 184
188, 249
188, 57
188, 121
188, 185
188, 250
188, 58
188, 122
188, 186
188, 59
188, 123
188, 187
188, 60
188, 124
188, 188
188, 61
188, 125
188, 189
188, 190
188, 62
188, 126
188, 191
188, 63
188, 127
124, 64
124, 192
124, 128
124, 65
124, 1
124, 193
124, 129
124, 130
124, 194
124, 2
124, 66
124, 131
124, 195
124, 3
124, 67
124, 132
124, 196
124, 4
124, 68
124, 133
124, 197
124, 5
124, 69
124, 134
124, 198
124, 6
124, 70
124, 135
124, 199
124, 7
124, 71
124, 136
124, 200
124, 8
124, 72
124, 137
124, 201
124, 9
124, 73
124, 138
124, 202
124, 10
124, 74
124, 139
124, 203
124, 11
124, 75
124, 140
124, 204
124, 12
124, 76
124, 141
124, 205
124, 13
124, 77
124, 142
124, 206
124, 14
124, 78
124, 143
124, 207
124, 15
124, 79
124, 144
124, 208
124, 16
124, 80
124, 145
124, 209
124, 17
124, 81
124, 146
124, 210
124, 18
124, 82
124, 147
124, 211
124, 19
124, 83
124, 148
124, 212
124, 20
124, 84
124, 149
124, 213
124, 21
124, 85
124, 150
124, 214
124, 22
124, 86
124, 151
124, 215
124, 23
124, 87
124, 152
124, 216
124, 24
124, 88
124, 153
124, 217
124, 25
124, 89
124, 154
124, 218
124, 26
124, 90
124, 155
124, 219
124, 27
124, 91
124, 156
124, 220
124, 28
124, 92
124, 157
124, 221
124, 29
124, 93
124, 158
124, 222
124, 30
124, 94
124, 159
124, 223
124, 31
124, 95
124, 160
124, 224
124, 32
124, 96
124, 161
124, 225
124, 33
124, 97
124, 162
124, 226
124, 34
124, 98
124, 163
124, 227
124, 35
124, 99
124, 164
124, 228
124, 36
124, 100
124, 165
124, 229
124, 37
124, 101
124, 166
124, 230
124, 38
124, 102
124, 167
124, 231
124, 39
124, 103
124, 168
124, 232
124, 40
124, 104
124, 169
124, 233
124, 41
124, 105
124, 170
124, 234
124, 42
124, 106
124, 171
124, 235
124, 43
124, 107
124, 172
124, 236
124, 44
124, 108
124, 173
124, 237
124, 45
124, 109
124, 174
124, 238
124, 46
124, 110
124, 175
124, 239
124, 47
124, 111
124, 176
124, 240
124, 48
124, 112
124, 177
124, 241
124, 49
124, 113
124, 178
124, 242
124, 50
124, 114
124, 179
124, 243
124, 51
124, 115
124, 180
124, 244
124, 52
124, 116
124, 181
124, 245
124, 53
124, 117
124, 182
124, 246
124, 54
124, 118
124, 183
124, 247
124, 55
124, 119
124, 184
124, 248
124, 56
124, 120
124, 185
124, 249
124, 57
124, 121
124, 186
124, 250
124, 58
124, 122
124, 187
124, 59
124, 123
124, 188
124, 60
124, 124
124, 189
124, 61
124, 125
124, 126
124, 190
124, 62
124, 127
124, 191
124, 63
60, 192
60, 128
60, 64
60, 1
60, 193
60, 129
60, 65
60, 66
60, 130
60, 194
60, 2
60, 67
60, 131
60, 195
60, 3
60, 68
60, 132
60, 196
60, 4
60, 69
60, 133
60, 197
60, 5
60, 70
60, 134
60, 198
60, 6
60, 71
60, 135
60, 199
60, 7
60, 72
60, 136
60, 200
60, 8
60, 73
60, 137
60, 201
60, 9
60, 74
60, 138
60, 202
60, 10
60, 75
60, 139
60, 203
60, 11
60, 76
60, 140
60, 204
60, 12
60, 77
60, 141
60, 205
60, 13
60, 78
60, 142
60, 206
60, 14
60, 79
60, 143
60, 207
60, 15
60, 80
60, 144
60, 208
60, 16
60, 81
60, 145
60, 209
60, 17
60, 82
60, 146
60, 210
60, 18
60, 83
60, 147
60, 211
60, 19
60, 84
60, 148
60, 212
60, 20
60, 85
60, 149
60, 213
60, 21
60, 86
60, 150
60, 214
60, 22
60, 87
60, 151
60, 215
60, 23
60, 88
60, 152
60, 216
60, 24
60, 89
60, 153
60, 217
60, 25
60, 90
60, 154
60, 218
60, 26
60, 91
60, 155
60, 219
60, 27
60, 92
60, 156
60, 220
60, 28
60, 93
60, 157
60, 221
60, 29
60, 94
60, 158
60, 222
60, 30
60, 95
60, 159
60, 223
60, 31
60, 96
60, 160
60, 224
60, 32
60, 97
60, 161
60, 225
60, 33
60, 98
60, 162
60, 226
60, 34
60, 99
60, 163
60, 227
60, 35
60, 100
60, 164
60, 228
60, 36
60, 101
60, 165
60, 229
60, 37
60, 102
60, 166
60, 230
60, 38
60, 103
60, 167
60, 231
60, 39
60, 104
60, 168
60, 232
60, 40
60, 105
60, 169
60, 233
60, 41
60, 106
60, 170
60, 234
60, 42
60, 107
60, 171
60, 235
60, 43
60, 108
60, 172
60, 236
60, 44
60, 109
60, 173
60, 237
60, 45
60, 110
60, 174
60, 238
60, 46
60, 111
60, 175
60, 239
60, 47
60, 112
60, 176
60, 240
60, 48
60, 113
60, 177
60, 241
60, 49
60, 114
60, 178
60, 242
60, 50
60, 115
60, 179
60, 243
60, 51
60, 116
60, 180
60, 244
60, 52
60, 117
60, 181
60, 245
60, 53
60, 118
60, 182
60, 246
60, 54
60, 119
60, 183
60, 247
60, 55
60, 120
60, 184
60, 248
60, 56
60, 121
60, 185
60, 249
60, 57
60, 122
60, 186
60, 250
60, 58
60, 123
60, 187
60, 59
60, 124
60, 188
60, 60
60, 125
60, 189
60, 61
60, 62
60, 126
60, 190
60, 63
60, 127
60, 191
189, 128
189, 64
189, 192
189, 129
189, 65
189, 1
189, 193
189, 194
189, 2
189, 66
189, 130
189, 195
189, 3
189, 67
189, 131
189, 196
189, 4
189, 68
189, 132
189, 197
189, 5
189, 69
189, 133
189, 198
189, 6
189, 70
189, 134
189, 199
189, 7
189, 71
189, 135
189, 200
189, 8
189, 72
189, 136
189, 201
189, 9
189, 73
189, 137
189, 202
189, 10
189, 74
189, 138
189, 203
189, 11
189, 75
189, 139
189, 204
189, 12
189, 76
189, 140
189, 205
189, 13
189, 77
189, 141
189, 206
189, 14
189, 78
189, 142
189, 207
189, 15
189, 79
189, 143
189, 208
189, 16
189, 80
189, 144
189, 209
189, 17
189, 81
189, 145
189, 210
189, 18
189, 82
189, 146
189, 211
189, 19
189, 83
189, 147
189, 212
189, 20
189, 84
189, 148
189, 213
189, 21
189, 85
189, 149
189, 214
189, 22
189, 86
189, 150
189, 215
189, 23
189, 87
189, 151
189, 216
189, 24
189, 88
189, 152
189, 217
189, 25
189, 89
189, 153
189, 218
189, 26
189, 90
189, 154
189, 219
189, 27
189, 91
189, 155
189, 220
189, 28
189, 92
189, 156
189, 221
189, 29
189, 93
189, 157
189, 222
189, 30
189, 94
189, 158
189, 223
189, 31
189, 95
189, 159
189, 224
189, 32
189, 96
189, 160
189, 225
189, 33
189, 97
189, 161
189, 226
189, 34
189, 98
189, 162
189, 227
189, 35
189, 99
189, 163
189, 228
189, 36
189, 100
189, 164
189, 229
189, 37
189, 101
189, 165
189, 230
189, 38
189, 102
189, 166
189, 231
189, 39
189, 103
189, 167
189, 232
189, 40
189, 104
189, 168
189, 233
189, 41
189, 105
189, 169
189, 234
189, 42
189, 106
189, 170
189, 235
189, 43
189, 107
189, 171
189, 236
189, 44
189, 108
189, 172
189, 237
189, 45
189, 109
189, 173
189, 238
189, 46
189, 110
189, 174
189, 239
189, 47
189, 111
189, 175
189, 240
189, 48
189, 112
189, 176
189, 241
189, 49
189, 113
189, 177
189, 242
189, 50
189, 114
189, 178
189, 243
189, 51
189, 115
189, 179
189, 244
189, 52
189, 116
189, 180
189, 245
189, 53
189, 117
189, 181
189, 246
189, 54
189, 118
189, 182
189, 247
189, 55
189, 119
189, 183
189, 248
189, 56
189, 120
189, 184
189, 249
189, 57
189, 121
189, 185
189, 250
189, 58
189, 122
189, 186
189, 59
189, 123
189, 187
189, 60
189, 124
189, 188
189, 61
189, 125
189, 189
189, 62
189, 126
189, 190
189, 191
189, 63
189, 127
125, 64
125, 192
125, 128
125, 65
125, 1
125, 193
125, 129
125, 130
125, 194
125, 2
125, 66
125, 131
125, 195
125, 3
125, 67
125, 132
125, 196
125, 4
125, 68
125, 133
125, 197
125, 5
125, 69
125, 134
125, 198
125, 6
125, 70
125, 135
125, 199
125, 7
125, 71
125, 136
125, 200
125, 8
125, 72
125, 137
125, 201
125, 9
125, 73
125, 138
125, 202
125, 10
125, 74
125, 139
125, 203
125, 11
125, 75
125, 140
125, 204
125, 12
125, 76
125, 141
125, 205
125, 13
125, 77
125, 142
125, 206
125, 14
125, 78
125, 143
125, 207
125, 15
125, 79
125, 144
125, 208
125, 16
125, 80
125, 145
125, 209
125, 17
125, 81
125, 146
125, 210
125, 18
125, 82
125, 147
125, 211
125, 19
125, 83
125, 148
125, 212
125, 20
125, 84
125, 149
125, 213
125, 21
125, 85
125, 150
125, 214
125, 22
125, 86
125, 151
125, 215
125, 23
125, 87
125, 152
125, 216
125, 24
125, 88
125, 153
125, 217
125, 25
125, 89
125, 154
125, 218
125, 26
125, 90
125, 155
125, 219
125, 27
125, 91
125, 156
125, 220
125, 28
125, 92
125, 157
125, 221
125, 29
125, 93
125, 158
125, 222
125, 30
125, 94
125, 159
125, 223
125, 31
125, 95
125, 160
125, 224
125, 32
125, 96
125, 161
125, 225
125, 33
125, 97
125, 162
125, 226
125, 34
125, 98
125, 163
125, 227
125, 35
125, 99
125, 164
125, 228
125, 36
125, 100
125, 165
125, 229
125, 37
125, 101
125, 166
125, 230
125, 38
125, 102
125, 167
125, 231
125, 39
125, 103
125, 168
125, 232
125, 40
125, 104
125, 169
125, 233
125, 41
125, 105
125, 170
125, 234
125, 42
125, 106
125, 171
125, 235
125, 43
125, 107
125, 172
125, 236
125, 44
125, 108
125, 173
125, 237
125, 45
125, 109
125, 174
125, 238
125, 46
125, 110
125, 175
125, 239
125, 47
125, 111
125, 176
125, 240
125, 48
125, 112
125, 177
125, 241
125, 49
125, 113
125, 178
125, 242
125, 50
125, 114
125, 179
125, 243
125, 51
125, 115
125, 180
125, 244
125, 52
125, 116
125, 181
125, 245
125, 53
125, 117
125, 182
125, 246
125, 54
125, 118
125, 183
125, 247
125, 55
125, 119
125, 184
125, 248
125, 56
125, 120
125, 185
125, 249
125, 57
125, 121
125, 186
125, 250
125, 58
125, 122
125, 187
125, 59
125, 123
125, 188
125, 60
125, 124
125, 189
125, 61
125, 125
125, 190
125, 62
125, 126
125, 127
125, 191
125, 63
61, 192
61, 128
61, 64
61, 1
61, 193
61, 129
61, 65
61, 66
61, 130
61, 194
61, 2
61, 67
61, 131
61, 195
61, 3
61, 68
61, 132
61, 196
61, 4
61, 69
61, 133
61, 197
61, 5
61, 70
61, 134
61, 198
61, 6
61, 71
61, 135
61, 199
61, 7
61, 72
61, 136
61, 200
61, 8
61, 73
61, 137
61, 201
61, 9
61, 74
61, 138
61, 202
61, 10
61, 75
61, 139
61, 203
61, 11
61, 76
61, 140
61, 204
61, 12
61, 77
61, 141
61, 205
61, 13
61, 78
61, 142
61, 206
61, 14
61, 79
61, 143
61, 207
61, 15
61, 80
61, 144
61, 208
61, 16
61, 81
61, 145
61, 209
61, 17
61, 82
61, 146
61, 210
61, 18
61, 83
61, 147
61, 211
61, 19
61, 84
61, 148
61, 212
61, 20
61, 85
61, 149
61, 213
61, 21
61, 86
61, 150
61, 214
61, 22
61, 87
61, 151
61, 215
61, 23
61, 88
61, 152
61, 216
61, 24
61, 89
61, 153
61, 217
61, 25
61, 90
61, 154
61, 218
61, 26
61, 91
61, 155
61, 219
61, 27
61, 92
61, 156
61, 220
61, 28
61, 93
61, 157
61, 221
61, 29
61, 94
61, 158
61, 222
61, 30
61, 95
61, 159
61, 223
61, 31
61, 96
61, 160
61, 224
61, 32
61, 97
61, 161
61, 225
61, 33
61, 98
61, 162
61, 226
61, 34
61, 99
61, 163
61, 227
61, 35
61, 100
61, 164
61, 228
61, 36
61, 101
61, 165
61, 229
61, 37
61, 102
61, 166
61, 230
61, 38
61, 103
61, 167
61, 231
61, 39
61, 104
61, 168
61, 232
61, 40
61, 105
61, 169
61, 233
61, 41
61, 106
61, 170
61, 234
61, 42
61, 107
61, 171
61, 235
61, 43
61, 108
61, 172
61, 236
61, 44
61, 109
61, 173
61, 237
61, 45
61, 110
61, 174
61, 238
61, 46
61, 111
61, 175
61, 239
61, 47
61, 112
61, 176
61, 240
61, 48
61, 113
61, 177
61, 241
61, 49
61, 114
61, 178
61, 242
61, 50
61, 115
61, 179
61, 243
61, 51
61, 116
61, 180
61, 244
61, 52
61, 117
61, 181
61, 245
61, 53
61, 118
61, 182
61, 246
61, 54
61, 119
61, 183
61, 247
61, 55
61, 120
61, 184
61, 248
61, 56
61, 121
61, 185
61, 249
61, 57
61, 122
61, 186
61, 250
61, 58
61, 123
61, 187
61, 59
61, 124
61, 188
61, 60
61, 125
61, 189
61, 61
61, 126
61, 190
61, 62
61, 63
61, 127
61, 191
190, 128
190, 64
190, 192
190, 129
190, 65
190, 1
190, 193
190, 194
190, 2
190, 66
190, 130
190, 195
190, 3
190, 67
190, 131
190, 196
190, 4
190, 68
190, 132
190, 197
190, 5
190, 69
190, 133
190, 198
190, 6
190, 70
190, 134
190, 199
190, 7
190, 71
190, 135
190, 200
190, 8
190, 72
190, 136
190, 201
190, 9
190, 73
190, 137
190, 202
190, 10
190, 74
190, 138
190, 203
190, 11
190, 75
190, 139
190, 204
190, 12
190, 76
190, 140
190, 205
190, 13
190, 77
190, 141
190, 206
190, 14
190, 78
190, 142
190, 207
190, 15
190, 79
190, 143
190, 208
190, 16
190, 80
190, 144
190, 209
190, 17
190, 81
190, 145
190, 210
190, 18
190, 82
190, 146
190, 211
190, 19
190, 83
190, 147
190, 212
190, 20
190, 84
190, 148
190, 213
190, 21
190, 85
190, 149
190, 214
190, 22
190, 86
190, 150
190, 215
190, 23
190, 87
190, 151
190, 216
190, 24
190, 88
190, 152
190, 217
190, 25
190, 89
190, 153
190, 218
190, 26
190, 90
190, 154
190, 219
190, 27
190, 91
190, 155
190, 220
190, 28
190, 92
190, 156
190, 221
190, 29
190, 93
190, 157
190, 222
190, 30
190, 94
190, 158
190, 223
190, 31
190, 95
190, 159
190, 224
190, 32
190, 96
190, 160
190, 225
190, 33
190, 97
190, 161
190, 226
190, 34
190, 98
190, 162
190, 227
190, 35
190, 99
190, 163
190, 228
190, 36
190, 100
190, 164
190, 229
190, 37
190, 101
190, 165
190, 230
190, 38
190, 102
190, 166
190, 231
190, 39
190, 103
190, 167
190, 232
190, 40
190, 104
190, 168
190, 233
190, 41
190, 105
190, 169
190, 234
190, 42
190, 106
190, 170
190, 235
190, 43
190, 107
190, 171
190, 236
190, 44
190, 108
190, 172
190, 237
190, 45
190, 109
190, 173
190, 238
190, 46
190, 110
190, 174
190, 239
190, 47
190, 111
190, 175
190, 240
190, 48
190, 112
190, 176
190, 241
190, 49
190, 113
190, 177
190, 242
190, 50
190, 114
190, 178
190, 243
190, 51
190, 115
190, 179
190, 244
190, 52
190, 116
190, 180
190, 245
190, 53
190, 117
190, 181
190, 246
190, 54
190, 118
190, 182
190, 247
190, 55
190, 119
190, 183
190, 248
190, 56
190, 120
190, 184
190, 249
190, 57
190, 121
190, 185
190, 250
190, 58
190, 122
190, 186
190, 59
190, 123
190, 187
190, 60
190, 124
190, 188
190, 61
190, 125
190, 189
190, 62
190, 126
190, 190
190, 63
190, 127
190, 191
126, 64
126, 192
126, 128
126, 65
126, 1
126, 193
126, 129
126, 130
126, 194
126, 2
126, 66
126, 131
126, 195
126, 3
126, 67
126, 132
126, 196
126, 4
126, 68
126, 133
126, 197
126, 5
126, 69
126, 134
126, 198
126, 6
126, 70
126, 135
126, 199
126, 7
126, 71
126, 136
126, 200
126, 8
126, 72
126, 137
126, 201
126, 9
126, 73
126, 138
126, 202
126, 10
126, 74
126, 139
126, 203
126, 11
126, 75
126, 140
126, 204
126, 12
126, 76
126, 141
126, 205
126, 13
126, 77
126, 142
126, 206
126, 14
126, 78
126, 143
126, 207
126, 15
126, 79
126, 144
126, 208
126, 16
126, 80
126, 145
126, 209
126, 17
126, 81
126, 146
126, 210
126, 18
126, 82
126, 147
126, 211
126, 19
126, 83
126, 148
126, 212
126, 20
126, 84
126, 149
126, 213
126, 21
126, 85
126, 150
126, 214
126, 22
126, 86
126, 151
126, 215
126, 23
126, 87
126, 152
126, 216
126, 24
126, 88
126, 153
126, 217
126, 25
126, 89
126, 154
126, 218
126, 26
126, 90
126, 155
126, 219
126, 27
126, 91
126, 156
126, 220
126, 28
126, 92
126, 157
126, 221
126, 29
126, 93
126, 158
126, 222
126, 30
126, 94
126, 159
126, 223
126, 31
126, 95
126, 160
126, 224
126, 32
126, 96
126, 161
126, 225
126, 33
126, 97
126, 162
126, 226
126, 34
126, 98
126, 163
126, 227
126, 35
126, 99
126, 164
126, 228
126, 36
126, 100
126, 165
126, 229
126, 37
126, 101
126, 166
126, 230
126, 38
126, 102
126, 167
126, 231
126, 39
126, 103
126, 168
126, 232
126, 40
126, 104
126, 169
126, 233
126, 41
126, 105
126, 170
126, 234
126, 42
126, 106
126, 171
126, 235
126, 43
126, 107
126, 172
126, 236
126, 44
126, 108
126, 173
126, 237
126, 45
126, 109
126, 174
126, 238
126, 46
126, 110
126, 175
126, 239
126, 47
126, 111
126, 176
126, 240
126, 48
126, 112
126, 177
126, 241
126, 49
126, 113
126, 178
126, 242
126, 50
126, 114
126, 179
126, 243
126, 51
126, 115
126, 180
126, 244
126, 52
126, 116
126, 181
126, 245
126, 53
126, 117
126, 182
126, 246
126, 54
126, 118
126, 183
126, 247
126, 55
126, 119
126, 184
126, 248
126, 56
126, 120
126, 185
126, 249
126, 57
126, 121
126, 186
126, 250
126, 58
126, 122
126, 187
126, 59
126, 123
126, 188
126, 60
126, 124
126, 189
126, 61
126, 125
126, 190
126, 62
126, 126
126, 191
126, 63
126, 127
62, 192
62, 128
62, 64
62, 1
62, 193
62, 129
62, 65
62, 66
62, 130
62, 194
62, 2
62, 67
62, 131
62, 195
62, 3
62, 68
62, 132
62, 196
62, 4
62, 69
62, 133
62, 197
62, 5
62, 70
62, 134
62, 198
62, 6
62, 71
62, 135
62, 199
62, 7
62, 72
62, 136
62, 200
62, 8
62, 73
62, 137
62, 201
62, 9
62, 74
62, 138
62, 202
62, 10
62, 75
62, 139
62, 203
62, 11
62, 76
62, 140
62, 204
62, 12
62, 77
62, 141
62, 205
62, 13
62, 78
62, 142
62, 206
62, 14
62, 79
62, 143
62, 207
62, 15
62, 80
62, 144
62, 208
62, 16
62, 81
62, 145
62, 209
62, 17
62, 82
62, 146
62, 210
62, 18
62, 83
62, 147
62, 211
62, 19
62, 84
62, 148
62, 212
62, 20
62, 85
62, 149
62, 213
62, 21
62, 86
62, 150
62, 214
62, 22
62, 87
62, 151
62, 215
62, 23
62, 88
62, 152
62, 216
62, 24
62, 89
62, 153
62, 217
62, 25
62, 90
62, 154
62, 218
62, 26
62, 91
62, 155
62, 219
62, 27
62, 92
62, 156
62, 220
62, 28
62, 93
62, 157
62, 221
62, 29
62, 94
62, 158
62, 222
62, 30
62, 95
62, 159
62, 223
62, 31
62, 96
62, 160
62, 224
62, 32
62, 97
62, 161
62, 225
62, 33
62, 98
62, 162
62, 226
62, 34
62, 99
62, 163
62, 227
62, 35
62, 100
62, 164
62, 228
62, 36
62, 101
62, 165
62, 229
62, 37
62, 102
62, 166
62, 230
62, 38
62, 103
62, 167
62, 231
62, 39
62, 104
62, 168
62, 232
62, 40
62, 105
62, 169
62, 233
62, 41
62, 106
62, 170
62, 234
62, 42
62, 107
62, 171
62, 235
62, 43
62, 108
62, 172
62, 236
62, 44
62, 109
62, 173
62, 237
62, 45
62, 110
62, 174
62, 238
62, 46
62, 111
62, 175
62, 239
62, 47
62, 112
62, 176
62, 240
62, 48
62, 113
62, 177
62, 241
62, 49
62, 114
62, 178
62, 242
62, 50
62, 115
62, 179
62, 243
62, 51
62, 116
62, 180
62, 244
62, 52
62, 117
62, 181
62, 245
62, 53
62, 118
62, 182
62, 246
62, 54
62, 119
62, 183
62, 247
62, 55
62, 120
62, 184
62, 248
62, 56
62, 121
62, 185
62, 249
62, 57
62, 122
62, 186
62, 250
62, 58
62, 123
62, 187
62, 59
62, 124
62, 188
62, 60
62, 125
62, 189
62, 61
62, 126
62, 190
62, 62
62, 127
62, 191
62, 63
191, 192
191, 128
191, 64
191, 129
191, 65
191, 1
191, 193
191, 194
191, 2
191, 130
191, 66
191, 195
191, 3
191, 67
191, 131
191, 196
191, 4
191, 68
191, 132
191, 197
191, 5
191, 69
191, 133
191, 198
191, 6
191, 70
191, 134
191, 199
191, 7
191, 71
191, 135
191, 200
191, 8
191, 72
191, 136
191, 201
191, 9
191, 73
191, 137
191, 202
191, 10
191, 74
191, 138
191, 203
191, 11
191, 75
191, 139
191, 204
191, 12
191, 76
191, 140
191, 205
191, 13
191, 77
191, 141
191, 206
191, 14
191, 78
191, 142
191, 207
191, 15
191, 79
191, 143
191, 208
191, 16
191, 80
191, 144
191, 209
191, 17
191, 81
191, 145
191, 210
191, 18
191, 82
191, 146
191, 211
191, 19
191, 83
191, 147
191, 212
191, 20
191, 84
191, 148
191, 213
191, 21
191, 85
191, 149
191, 214
191, 22
191, 86
191, 150
191, 215
191, 23
191, 87
191, 151
191, 216
191, 24
191, 88
191, 152
191, 217
191, 25
191, 89
191, 153
191, 218
191, 26
191, 90
191, 154
191, 219
191, 27
191, 91
191, 155
191, 220
191, 28
191, 92
191, 156
191, 221
191, 29
191, 93
191, 157
191, 222
191, 30
191, 94
191, 158
191, 223
191, 31
191, 95
191, 159
191, 224
191, 32
191, 96
191, 160
191, 225
191, 33
191, 97
191, 161
191, 226
191, 34
191, 98
191, 162
191, 227
191, 35
191, 99
191, 163
191, 228
191, 36
191, 100
191, 164
191, 229
191, 37
191, 101
191, 165
191, 230
191, 38
191, 102
191, 166
191, 231
191, 39
191, 103
191, 167
191, 232
191, 40
191, 104
191, 168
191, 233
191, 41
191, 105
191, 169
191, 234
191, 42
191, 106
191, 170
191, 235
191, 43
191, 107
191, 171
191, 236
191, 44
191, 108
191, 172
191, 237
191, 45
191, 109
191, 173
191, 238
191, 46
191, 110
191, 174
191, 239
191, 47
191, 111
191, 175
191, 240
191, 48
191, 112
191, 176
191, 241
191, 49
191, 113
191, 177
191, 242
191, 50
191, 114
191, 178
191, 243
191, 51
191, 115
191, 179
191, 244
191, 52
191, 116
191, 180
191, 245
191, 53
191, 117
191, 181
191, 246
191, 54
191, 118
191, 182
191, 247
191, 55
191, 119
191, 183
191, 248
191, 56
191, 120
191, 184
191, 249
191, 57
191, 121
191, 185
191, 250
191, 58
191, 122
191, 186
191, 59
191, 123
191, 187
191, 60
191, 124
191, 188
191, 61
191, 125
191, 189
191, 62
191, 126
191, 190
191, 63
191, 127
191, 191
127, 128
127, 64
127, 192
127, 65
127, 1
127, 193
127, 129
127, 130
127, 194
127, 66
127, 2
127, 131
127, 195
127, 3
127, 67
127, 132
127, 196
127, 4
127, 68
127, 133
127, 197
127, 5
127, 69
127, 134
127, 198
127, 6
127, 70
127, 135
127, 199
127, 7
127, 71
127, 136
127, 200
127, 8
127, 72
127, 137
127, 201
127, 9
127, 73
127, 138
127, 202
127, 10
127, 74
127, 139
127, 203
127, 11
127, 75
127, 140
127, 204
127, 12
127, 76
127, 141
127, 205
127, 13
127, 77
127, 142
127, 206
127, 14
127, 78
127, 143
127, 207
127, 15
127, 79
127, 144
127, 208
127, 16
127, 80
127, 145
127, 209
127, 17
127, 81
127, 146
127, 210
127, 18
127, 82
127, 147
127, 211
127, 19
127, 83
127, 148
127, 212
127, 20
127, 84
127, 149
127, 213
127, 21
127, 85
127, 150
127, 214
127, 22
127, 86
127, 151
127, 215
127, 23
127, 87
127, 152
127, 216
127, 24
127, 88
127, 153
127, 217
127, 25
127, 89
127, 154
127, 218
127, 26
127, 90
127, 155
127, 219
127, 27
127, 91
127, 156
127, 220
127, 28
127, 92
127, 157
127, 221
127, 29
127, 93
127, 158
127, 222
127, 30
127, 94
127, 159
127, 223
127, 31
127, 95
127, 160
127, 224
127, 32
127, 96
127, 161
127, 225
127, 33
127, 97
127, 162
127, 226
127, 34
127, 98
127, 163
127, 227
127, 35
127, 99
127, 164
127, 228
127, 36
127, 100
127, 165
127, 229
127, 37
127, 101
127, 166
127, 230
127, 38
127, 102
127, 167
127, 231
127, 39
127, 103
127, 168
127, 232
127, 40
127, 104
127, 169
127, 233
127, 41
127, 105
127, 170
127, 234
127, 42
127, 106
127, 171
127, 235
127, 43
127, 107
127, 172
127, 236
127, 44
127, 108
127, 173
127, 237
127, 45
127, 109
127, 174
127, 238
127, 46
127, 110
127, 175
127, 239
127, 47
127, 111
127, 176
127, 240
127, 48
127, 112
127, 177
127, 241
127, 49
127, 113
127, 178
127, 242
127, 50
127, 114
127, 179
127, 243
127, 51
127, 115
127, 180
127, 244
127, 52
127, 116
127, 181
127, 245
127, 53
127, 117
127, 182
127, 246
127, 54
127, 118
127, 183
127, 247
127, 55
127, 119
127, 184
127, 248
127, 56
127, 120
127, 185
127, 249
127, 57
127, 121
127, 186
127, 250
127, 58
127, 122
127, 187
127, 59
127, 123
127, 188
127, 60
127, 124
127, 189
127, 61
127, 125
127, 190
127, 62
127, 126
127, 191
127, 63
127, 127
63, 64
63, 192
63, 128
63, 1
63, 193
63, 129
63, 65
63, 66
63, 130
63, 2
63, 194
63, 67
63, 131
63, 195
63, 3
63, 68
63, 132
63, 196
63, 4
63, 69
63, 133
63, 197
63, 5
63, 70
63, 134
63, 198
63, 6
63, 71
63, 135
63, 199
63, 7
63, 72
63, 136
63, 200
63, 8
63, 73
63, 137
63, 201
63, 9
63, 74
63, 138
63, 202
63, 10
63, 75
63, 139
63, 203
63, 11
63, 76
63, 140
63, 204
63, 12
63, 77
63, 141
63, 205
63, 13
63, 78
63, 142
63, 206
63, 14
63, 79
63, 143
63, 207
63, 15
63, 80
63, 144
63, 208
63, 16
63, 81
63, 145
63, 209
63, 17
63, 82
63, 146
63, 210
63, 18
63, 83
63, 147
63, 211
63, 19
63, 84
63, 148
63, 212
63, 20
63, 85
63, 149
63, 213
63, 21
63, 86
63, 150
63, 214
63, 22
63, 87
63, 151
63, 215
63, 23
63, 88
63, 152
63, 216
63, 24
63, 89
63, 153
63, 217
63, 25
63, 90
63, 154
63, 218
63, 26
63, 91
63, 155
63, 219
63, 27
63, 92
63, 156
63, 220
63, 28
63, 93
63, 157
63, 221
63, 29
63, 94
63, 158
63, 222
63, 30
63, 95
63, 159
63, 223
63, 31
63, 96
63, 160
63, 224
63, 32
63, 97
63, 161
63, 225
63, 33
63, 98
63, 162
63, 226
63, 34
63, 99
63, 163
63, 227
63, 35
63, 100
63, 164
63, 228
63, 36
63, 101
63, 165
63, 229
63, 37
63, 102
63, 166
63, 230
63, 38
63, 103
63, 167
63, 231
63, 39
63, 104
63, 168
63, 232
63, 40
63, 105
63, 169
63, 233
63, 41
63, 106
63, 170
63, 234
63, 42
63, 107
63, 171
63, 235
63, 43
63, 108
63, 172
63, 236
63, 44
63, 109
63, 173
63, 237
63, 45
63, 110
63, 174
63, 238
63, 46
63, 111
63, 175
63, 239
63, 47
63, 112
63, 176
63, 240
63, 48
63, 113
63, 177
63, 241
63, 49
63, 114
63, 178
63, 242
63, 50
63, 115
63, 179
63, 243
63, 51
63, 116
63, 180
63, 244
63, 52
63, 117
63, 181
63, 245
63, 53
63, 118
63, 182
63, 246
63, 54
63, 119
63, 183
63, 247
63, 55
63, 120
63, 184
63, 248
63, 56
63, 121
63, 185
63, 249
63, 57
63, 122
63, 186
63, 250
63, 58
63, 123
63, 187
63, 59
63, 124
63, 188
63, 60
63, 125
63, 189
63, 61
63, 126
63, 190
63, 62
63, 127
63, 191
63, 63
