DeleteDataRealTime,DeleteDataCPUTime,LoadDataRealTime,LoadDataCPUTime,CreateIndexXRealTime,CreateIndexXCPUTime,CreateIndexYRealTime,CreateIndexYCPUTime,QueryRealTime,QueryCPUTime,WriteResultRealTime,WriteResultCPUTime
0.012230766999891785,0.006255700000000086,0.020620174999748997,0.0009068999999999328,0.013137921000179631,0.0008685000000001608,0.0017259579999517882,0.0006065999999997906,0.0013169459998607635,0.0005157000000002299,0.01775283999995736,0.006775900000000057
0.012030605999825639,0.005893600000000276,0.018674464000014268,0.0009343999999997799,0.013508826999895973,0.0008789999999998521,0.001832170999932714,0.0007010000000002847,0.001959546999842132,0.0006577000000000943,0.008628638000573119,0.0069472999999997676
Average,0.012130686499858712,0.006074650000000181,0.019647319499881633,0.0009206499999998563,0.013323374000037802,0.0008737500000000065,0.0017790644999422511,0.0006538000000000377,0.0016382464998514479,0.0005867000000001621,0.01319073900026524,0.006861599999999912
