DeleteDataRealTime,DeleteDataCPUTime,LoadDataRealTime,LoadDataCPUTime,CreateIndexXRealTime,CreateIndexXCPUTime,CreateIndexYRealTime,CreateIndexYCPUTime,QueryRealTime,QueryCPUTime,WriteResultRealTime,WriteResultCPUTime
0.013491894999788201,0.007127799999999962,0.03704944799937948,0.0011296000000000084,0.02095537700006389,0.0012455000000000105,0.0035353109997231513,0.0010103999999999669,0.04577117200005887,0.0011176999999999992,-0.02136250600051426,0.007906499999999983
0.01563402700048755,0.007110599999999967,0.021253160999549436,0.0010756999999999572,0.013622757000121055,0.0009467000000000225,0.0019032039999729022,0.000720300000000007,0.0014609760000894312,0.0006359999999999699,0.010154624999813677,0.007646800000000009
Average,0.014562961000137875,0.0071191999999999644,0.02915130449946446,0.0011026499999999828,0.017289067000092473,0.0010961000000000165,0.0027192574998480268,0.000865349999999987,0.02361607400007415,0.0008768499999999846,-0.005603940500350291,0.007776649999999996
