DeleteDataRealTime,DeleteDataCPUTime,LoadDataRealTime,LoadDataCPUTime,CreateIndexXRealTime,CreateIndexXCPUTime,CreateIndexYRealTime,CreateIndexYCPUTime,QueryRealTime,QueryCPUTime,WriteResultRealTime,WriteResultCPUTime
0.015200939999886032,0.008670000000000011,0.02805985199938732,0.0010406000000000026,0.016733581999687885,0.0013927000000000245,0.0035014949999094824,0.0013972999999999902,0.04921996399934869,0.00137219999999999,-0.03438478199950623,0.0017252999999999852
0.019090110000433924,0.009936600000000018,0.013559596000050078,0.0012254999999999905,0.009393645999807632,0.0009743999999999864,0.0026254900003550574,0.0008970000000000367,0.002203453000220179,0.0009186999999999945,0.002196743999775208,0.0016680000000000028
Average,0.017145525000159978,0.009303300000000014,0.0208097239997187,0.0011330499999999966,0.013063613999747758,0.0011835500000000054,0.00306349250013227,0.0011471500000000134,0.025711708499784436,0.0011454499999999923,-0.01609401899986551,0.001696649999999994
