DeleteDataRealTime,DeleteDataCPUTime,LoadDataRealTime,LoadDataCPUTime,CreateIndexXRealTime,CreateIndexXCPUTime,CreateIndexYRealTime,CreateIndexYCPUTime,QueryRealTime,QueryCPUTime,WriteResultRealTime,WriteResultCPUTime
0.010357499995734543,0.002008999999999983,0.016803375008748844,0.0002829999999999777,0.007497042010072619,0.00047800000000003395,0,0,0.0004319580039009452,0.00020199999999997997,0.058328457991592586,0.03564099999999998
0.00990545898093842,0.0018839999999999968,0.03477512500830926,0.0003429999999999822,0.005720624991226941,0.0006079999999999974,0,0,0.00046774998190812767,0.00022800000000000598,0.04733316699275747,0.033748
0.009810250019654632,0.002232999999999985,0.017876792000606656,0.00039200000000000346,0.007589624990941957,0.00042799999999998395,0,0,0.0005868329899385571,0.00023600000000001398,0.06318020800244994,0.03480300000000003
0.01015066698892042,0.001941000000000026,0.02079179199063219,0.00031800000000004047,0.007380374998319894,0.0006039999999999934,0,0,0.0005013330082874745,0.00028200000000000447,0.06255420800880529,0.03567500000000001
0.010522208991460502,0.0019419999999999993,0.016815042006783187,0.00031999999999998696,0.007394499989459291,0.0005600000000000049,0,0,0.00047383399214595556,0.00020900000000001473,0.05928120799944736,0.03535700000000003
Average,0.010149216995341704,0.002001799999999998,0.021412425203016026,0.0003311999999999982,0.00711643339600414,0.0005356000000000027,0.0,0.0,0.000492341595236212,0.00023140000000000384,0.05813544979901053,0.03504480000000001
