DeleteDataRealTime,DeleteDataCPUTime,LoadDataRealTime,LoadDataCPUTime,CreateIndexXRealTime,CreateIndexXCPUTime,CreateIndexYRealTime,CreateIndexYCPUTime,QueryRealTime,QueryCPUTime,WriteResultRealTime,WriteResultCPUTime
0.009999997913837433,0.010000000000000002,0.020000003278255463,0.0,0.009999997913837433,0.0,0.01000000536441803,0.0,0.0,0.0,0.0,0.0
0.01000000536441803,0.009999999999999953,0.019999995827674866,0.0,0.009999997913837433,0.0,0.0,0.0,0.0,0.0,0.01000000536441803,0.0
0.009999997913837433,0.02000000000000002,0.01000000536441803,0.0,0.009999997913837433,0.0,0.0,0.0,0.0,0.0,0.0,0.0
Average,0.010000000397364298,0.013333333333333327,0.016666668156782787,0.0,0.009999997913837433,0.0,0.0033333351214726767,0.0,0.0,0.0,0.0033333351214726767,0.0
