DeleteDataRealTime,DeleteDataCPUTime,LoadDataRealTime,LoadDataCPUTime,CreateIndexXRealTime,CreateIndexXCPUTime,CreateIndexYRealTime,CreateIndexYCPUTime,QueryRealTime,QueryCPUTime,WriteResultRealTime,WriteResultCPUTime
0.014916451000317466,0.007646199999999992,0.02641797099931864,0.001392300000000013,0.017573015999914787,0.0012616999999999767,0.0022845720004625036,0.0008377999999999997,0.010418964000564301,0.0008869999999999711,0.014020722000168462,0.007840700000000034
0.014418376000321587,0.0068050000000000055,0.017610773000342306,0.0011604000000000059,0.011137266999867279,0.000941100000000028,0.0023294480006370577,0.0009187999999999974,0.0023701009995420463,0.0009849000000000108,0.009225583000443294,0.00759399999999999
Average,0.014667413500319526,0.007225599999999999,0.022014371999830473,0.0012763500000000094,0.014355141499891033,0.0011014000000000024,0.0023070100005497807,0.0008782999999999985,0.006394532500053174,0.000935949999999991,0.011623152500305878,0.007717350000000012
