DeleteDataRealTime,DeleteDataCPUTime,LoadDataRealTime,LoadDataCPUTime,CreateIndexXRealTime,CreateIndexXCPUTime,CreateIndexYRealTime,CreateIndexYCPUTime,QueryRealTime,QueryCPUTime,WriteResultRealTime,WriteResultCPUTime
0.015430241000103706,0.008325900000000053,0.02669919599975401,0.0012520999999999782,0.01884053599951585,0.0009238999999999775,0.002161061000151676,0.0008611000000000035,0.0018615270000736928,0.0007975000000000065,0.021611705000395887,0.007225599999999999
0.01376572600020154,0.006980299999999995,0.01903078900068067,0.0010082000000000146,0.01269270000011602,0.0012358000000000091,0.002185373999964213,0.0008029999999999982,0.0015626829999746406,0.0007489999999999997,0.009436726000785711,0.007424600000000003
Average,0.014597983500152623,0.007653100000000024,0.02286499250021734,0.0011301499999999964,0.015766617999815935,0.0010798499999999933,0.0021732175000579446,0.0008320500000000008,0.0017121050000241667,0.0007732500000000031,0.015524215500590799,0.007325100000000001
