DeleteDataRealTime,DeleteDataCPUTime,LoadDataRealTime,LoadDataCPUTime,CreateIndexXRealTime,CreateIndexXCPUTime,CreateIndexYRealTime,CreateIndexYCPUTime,QueryRealTime,QueryCPUTime,WriteResultRealTime,WriteResultCPUTime
0.00878445801208727,0.0018790000000000195,0.015420167008414865,0.00021200000000004549,0.006635500001721084,0.0004410000000000247,0,0,0.0005449170130304992,0.00024399999999996647,0.064867500012042,0.035202999999999984
0.009993999992730096,0.0018040000000000278,0.018850207998184487,0.0003550000000000497,0.00825304098543711,0.0004409999999999692,0,0,0.0005284590006340295,0.00019999999999997797,0.060429667006246746,0.03448000000000001
0.009892792004393414,0.001847000000000043,0.01746891700895503,0.0003369999999999762,0.005939083988778293,0.0005239999999999689,0,0,0.0004130000015720725,0.00020300000000000873,0.05771783398813568,0.03515200000000002
0.011824083019746467,0.002008999999999983,0.023655208991840482,0.00034199999999995345,0.009128167002927512,0.0005340000000000344,0,0,0.0006487499922513962,0.00021799999999999597,0.06330587499542162,0.036899000000000015
0.009723124996526167,0.0019119999999999693,0.025681500002974644,0.0003249999999999642,0.008692958013853058,0.0004550000000000387,0,0,0.0005084169970359653,0.00021199999999998997,0.06022762498469092,0.036887
Average,0.010043691605096683,0.0018902000000000085,0.020215200202073902,0.0003141999999999978,0.007729749998543411,0.0004790000000000072,0.0,0.0,0.0005287086009047925,0.00021539999999998783,0.061309700197307394,0.035724200000000005
