DeleteDataRealTime,DeleteDataCPUTime,LoadDataRealTime,LoadDataCPUTime,CreateIndexXRealTime,CreateIndexXCPUTime,CreateIndexYRealTime,CreateIndexYCPUTime,QueryRealTime,QueryCPUTime,WriteResultRealTime,WriteResultCPUTime
0.016305246999763767,0.0087835,0.017283706999478454,0.0015803000000000345,0.012440628000149445,0.0014017000000000057,0.004153388000304403,0.001513399999999998,0.04509852299997874,0.0014508000000000298,-0.02940655299971695,0.0027322999999999653
0.014129239999419951,0.008158499999999957,0.09614896200037037,0.0010090000000000376,0.010552866000580252,0.0015686999999999784,0.0029466279993357603,0.0011196999999999457,0.002256690999274724,0.0008601999999999776,0.0044184580010551144,0.002617900000000062
Average,0.01521724349959186,0.008470999999999979,0.056716334499924415,0.001294650000000036,0.011496747000364849,0.001485199999999992,0.0035500079998200817,0.001316549999999972,0.023677606999626732,0.0011555000000000037,-0.012494047499330918,0.0026751000000000136
