DeleteDataRealTime,DeleteDataCPUTime,LoadDataRealTime,LoadDataCPUTime,CreateIndexXRealTime,CreateIndexXCPUTime,CreateIndexYRealTime,CreateIndexYCPUTime,QueryRealTime,QueryCPUTime,WriteResultRealTime,WriteResultCPUTime
0.012815356999908545,0.00571699999999975,0.016740216000016517,0.0008846000000000132,0.011503449999963777,0.000838700000000081,0.0019948150002164766,0.0007277999999999452,0.002231403999758186,0.00084749999999989,0.010987535000367643,0.0023368000000001388
0.010566536000169435,0.005509399999999998,0.01687736199983192,0.0009584000000000259,0.013203268999859574,0.0009431000000001966,0.0017765150000741414,0.0006273000000001083,0.002096620999964216,0.0007454000000000072,0.0029846310003449616,0.0025436999999999266
Average,0.01169094650003899,0.005613199999999874,0.016808788999924218,0.0009215000000000195,0.012353359499911676,0.0008909000000001388,0.001885665000145309,0.0006775500000000267,0.002164012499861201,0.0007964499999999486,0.006986083000356302,0.0024402500000000327
