DeleteDataRealTime,DeleteDataCPUTime,LoadDataRealTime,LoadDataCPUTime,CreateIndexXRealTime,CreateIndexXCPUTime,CreateIndexYRealTime,CreateIndexYCPUTime,QueryRealTime,QueryCPUTime,WriteResultRealTime,WriteResultCPUTime
0.016947333002462983,0.0020560000000000023,0.023071875009918585,0.0003349999999999742,0.004976333992090076,0.0004910000000000192,0,0,0.0003770420153159648,0.00021999999999999797,0.008484249992761761,0.002838000000000007
0.01801962498575449,0.0017490000000000006,0.007671208993997425,0.00028800000000001047,0.004486749996431172,0.0003429999999999822,0,0,0.019496791996061802,0.00034200000000000896,0.01655491700512357,0.0027269999999999794
0.008856625005137175,0.0018630000000000035,0.010232833999907598,0.00025199999999997447,0.0075301670003682375,0.0005190000000000472,0,0,0.0008898329979274422,0.00022099999999997122,0.012541665986645967,0.0025490000000000235
0.00811645801877603,0.0019730000000000025,0.009644250007113442,0.00028199999999994896,0.007383000018307939,0.00048000000000003595,0,0,0.0008754580048844218,0.00019500000000000073,0.01335262498469092,0.002497000000000027
0.00785024999640882,0.0018039999999999723,0.007761042012134567,0.00027599999999999847,0.004903707973426208,0.0004170000000000007,0,0,0.0007473329897038639,0.00022100000000002673,0.00921379099600017,0.0027469999999999994
Average,0.0119580582017079,0.0018889999999999962,0.011676242004614323,0.0002865999999999813,0.0058559917961247265,0.00045000000000001706,0.0,0.0,0.004477291600778699,0.0002398000000000011,0.012029449793044478,0.0026716000000000075
