DeleteDataRealTime,DeleteDataCPUTime,LoadDataRealTime,LoadDataCPUTime,CreateIndexXRealTime,CreateIndexXCPUTime,CreateIndexYRealTime,CreateIndexYCPUTime,QueryRealTime,QueryCPUTime,WriteResultRealTime,WriteResultCPUTime
0.009999997913837433,0.0,0.020000003278255463,0.0,0.009999997913837433,0.0,0.0,0.010000000000000009,0.0,0.0,0.009999997913837433,0.0
0.009999997913837433,0.010000000000000009,0.07999999821186066,0.0,0.020000003278255463,0.0,0.0,0.0,0.009999997913837433,0.0,0.01000000536441803,0.009999999999999953
0.020000003278255463,0.010000000000000009,0.009999997913837433,0.0,0.019999995827674866,0.0,0.0,0.0,0.0,0.0,0.01000000536441803,0.010000000000000009
Average,0.01333333303531011,0.006666666666666672,0.03666666646798452,0.0,0.01666666567325592,0.0,0.0,0.003333333333333336,0.003333332637945811,0.0,0.010000002880891165,0.006666666666666654
