CreateTableRealTime,CreateTableCPUTime,LoadDataRealTime,LoadDataCPUTime,CreateIndexRealTime,CreateIndexCPUTime,AnalyzeRealTime,AnalyzeCPUTime,ExecuteQueryRealTime,ExecuteQueryCPUTime,WriteResultRealTime,WriteResultCPUTime
0.009999997913837433,0.0,0.030000001192092896,0.020000000000000018,0.020000003278255463,0.03999999999999998,0.0,0.0,0.8299999982118607,2.44,0.020000003278255463,0.009999999999999787
0.009999997913837433,0.0,0.030000001192092896,0.03999999999999997,0.030000001192092896,0.040000000000000036,0.0,0.0,0.8099999949336052,2.3499999999999996,0.01000000536441803,0.010000000000000231
0.01000000536441803,0.010000000000000009,0.0299999937415123,0.029999999999999975,0.030000001192092896,0.02000000000000002,0.0,0.0,0.7800000011920929,2.27,0.009999997913837433,0.009999999999999787
Average,0.010000000397364298,0.003333333333333336,0.02999999870856603,0.02999999999999999,0.026666668554147083,0.03333333333333335,0.0,0.0,0.8066666647791862,2.353333333333333,0.013333335518836975,0.009999999999999934
