CreateTableRealTime,CreateTableCPUTime,LoadDataRealTime,LoadDataCPUTime,CreateIndexRealTime,CreateIndexCPUTime,AnalyzeRealTime,AnalyzeCPUTime,ExecuteQueryRealTime,ExecuteQueryCPUTime,WriteResultRealTime,WriteResultCPUTime
0.0003588750259950757,0.00033800000000000496,0.006984875013586134,0.006886000000000003,0.004080749989952892,0.004012999999999989,6.508402293547988e-05,7.899999999999574e-05,0.16570529201999307,0.16528900000000002,0.0029183340375311673,0.002933000000000019
0.0003381660208106041,0.0003450000000000397,0.006632415985222906,0.0065729999999999955,0.00396116595948115,0.007487999999999995,6.412499351426959e-05,7.699999999999374e-05,0.16878762503620237,0.170649,0.002998833020683378,0.005506000000000011
0.00036279199412092566,0.00032999999999999696,0.006902875029481947,0.006780000000000008,0.0039351669838652015,0.003921000000000008,6.212497828528285e-05,8.700000000000374e-05,0.16789341601543128,0.16901999999999995,0.0028884580242447555,0.0028619999999999757
0.0003576669842004776,0.00033400000000000096,0.00705491699045524,0.010390999999999984,0.003962667018640786,0.003949000000000036,6.083300104364753e-05,8.399999999997299e-05,0.16400091699324548,0.16374100000000003,0.0028782080044038594,0.002840000000000009
0.0003548749955371022,0.00032799999999999496,0.007043541991151869,0.00698399999999999,0.003967583004850894,0.003947000000000034,7.045804522931576e-05,9.500000000001174e-05,0.1695298330159858,0.171327,0.00301145896082744,0.0029770000000000074
Average,0.00035447500413283707,0.0003350000000000075,0.006923725001979619,0.007522799999999996,0.003981466591358185,0.0046636000000000125,6.452500820159912e-05,8.439999999999559e-05,0.1671834166161716,0.16800520000000002,0.00293905840953812,0.0034236000000000045
