CreateTableRealTime,CreateTableCPUTime,LoadDataRealTime,LoadDataCPUTime,CreateIndexRealTime,CreateIndexCPUTime,AnalyzeRealTime,AnalyzeCPUTime,ExecuteQueryRealTime,ExecuteQueryCPUTime,WriteResultRealTime,WriteResultCPUTime
0.00033179199090227485,0.00033400000000000096,0.014713916985783726,0.02462700000000001,0.011581165948882699,0.014542,9.483296889811754e-05,0.00011499999999997623,0.8024478339939378,0.907899,0.005693499988410622,0.012291000000000052
0.0003767909947782755,0.00034800000000001496,0.01432312501128763,0.014166000000000012,0.011930375010706484,0.01485000000000003,9.666697587817907e-05,0.00011900000000003574,0.8005815829965286,0.907516,0.005669875012245029,0.012321999999999944
0.0003691249876283109,0.00033400000000000096,0.014303583011496812,0.014131999999999978,0.011806124995928258,0.014447000000000043,7.891596760600805e-05,0.00010199999999999099,0.8048641250352375,0.9090860000000001,0.005391250015236437,0.011986000000000052
0.00035604200093075633,0.0003110000000000057,0.014824500016402453,0.024644999999999972,0.011580082995351404,0.01450499999999999,7.041700882837176e-05,8.599999999997499e-05,0.8054671669960953,0.9134500000000001,0.005497624981217086,0.012407999999999975
0.00035841704811900854,0.0003430000000000377,0.014275917026679963,0.014114000000000015,0.01162679196568206,0.014537999999999995,0.00010204099817201495,0.00011999999999995348,0.8018676670035347,0.9145730000000001,0.005570709006860852,0.012250000000000094
Average,0.0003584334044717252,0.0003340000000000121,0.014488208410330116,0.018336799999999997,0.011704908183310181,0.014576400000000012,8.857478387653827e-05,0.00010839999999998629,0.8030456752050668,0.9105048,0.005564591800794006,0.012251400000000023
