CreateTableRealTime,CreateTableCPUTime,LoadDataRealTime,LoadDataCPUTime,CreateIndexRealTime,CreateIndexCPUTime,AnalyzeRealTime,AnalyzeCPUTime,ExecuteQueryRealTime,ExecuteQueryCPUTime,WriteResultRealTime,WriteResultCPUTime
0.0003387500182725489,0.0003449999999999842,0.02048958296654746,0.020301000000000013,0.01299341703997925,0.024745000000000017,0.00010716699762269855,0.00012499999999998623,1.689405417011585,2.153733,0.012502582976594567,0.023420999999999914
0.00035766599467024207,0.0003550000000000497,0.02087029197718948,0.020359000000000016,0.01307166600599885,0.02476299999999998,0.00016583397518843412,0.00020599999999998397,1.5202342079719529,3.411623,0.006055125035345554,0.016964999999999897
0.00037695799255743623,0.00034199999999995345,0.023995166004169732,0.021221999999999963,0.013129500031936914,0.025102000000000013,0.00011399999493733048,0.00013499999999999623,1.76302808301989,2.259067,0.0060877910000272095,0.01665099999999997
0.0003549579996615648,0.0003470000000000417,0.021217332978267223,0.020972000000000046,0.013080540986265987,0.033947000000000005,0.00011691602412611246,0.000136000000000025,1.5933463749825023,3.594805,0.006060332991182804,0.016656999999999922
0.000380458019208163,0.00037199999999998346,0.0211826249724254,0.020908000000000038,0.013109083054587245,0.023085999999999995,9.575003059580922e-05,0.00010899999999997023,1.7540701249963604,2.235395,0.005693625018466264,0.015885999999999623
Average,0.000361758004873991,0.0003522000000000025,0.02155099977971986,0.020752400000000015,0.013076841423753649,0.0263286,0.00011993340449407696,0.00014219999999999234,1.664016841596458,2.7309246000000003,0.00727989140432328,0.017915999999999866
