CreateTableRealTime,CreateTableCPUTime,LoadDataRealTime,LoadDataCPUTime,CreateIndexRealTime,CreateIndexCPUTime,AnalyzeRealTime,AnalyzeCPUTime,ExecuteQueryRealTime,ExecuteQueryCPUTime,WriteResultRealTime,WriteResultCPUTime
0.01000000536441803,0.009999999999999953,0.059999994933605194,0.050000000000000044,0.05000000447034836,0.03999999999999998,0.0,0.0,2.719999998807907,5.7,0.019999995827674866,0.02999999999999936
0.009999997913837433,0.0,0.04999999701976776,0.03999999999999998,0.06000000238418579,0.08999999999999997,0.0,0.0,2.9200000017881393,7.32,0.019999995827674866,0.050000000000000044
0.009999997913837433,0.0,0.03999999910593033,0.04999999999999999,0.04999999701976776,0.050000000000000044,0.0,0.0,2.860000006854534,8.799999999999999,0.019999995827674866,0.03000000000000136
Average,0.010000000397364298,0.003333333333333318,0.04999999701976776,0.04666666666666667,0.0533333346247673,0.06,0.0,0.0,2.83333333581686,7.273333333333333,0.019999995827674866,0.036666666666666924
