CreateTableRealTime,CreateTableCPUTime,LoadDataRealTime,LoadDataCPUTime,CreateIndexRealTime,CreateIndexCPUTime,AnalyzeRealTime,AnalyzeCPUTime,ExecuteQueryRealTime,ExecuteQueryCPUTime,WriteResultRealTime,WriteResultCPUTime
0.00033837498631328344,0.0003230000000000177,0.014403959037736058,0.02408300000000002,0.011614791990723461,0.014512000000000025,8.079200051724911e-05,9.500000000001174e-05,0.7400088749709539,1.31358,0.005671957973390818,0.012531999999999988
0.00035183399450033903,0.00035400000000002096,0.014380540989805013,0.023990999999999985,0.0113140830071643,0.014207999999999998,7.337500574067235e-05,9.499999999995623e-05,0.7307178339688107,0.8827939999999999,0.0054909170139580965,0.012143000000000015
0.0003718330408446491,0.00033800000000000496,0.014232749992515892,0.014017999999999975,0.011696833011228591,0.014681,7.474998710677028e-05,8.80000000000325e-05,0.7261207499541342,0.880175,0.005712540994863957,0.012480999999999964
0.0003352079656906426,0.00033600000000000296,0.014047708013094962,0.01386599999999999,0.011778416985180229,0.014759999999999995,8.48339986987412e-05,0.0001000000000000445,0.7393804170424119,0.8928339999999999,0.0057544169831089675,0.012607999999999953
0.00032054196344688535,0.00030599999999997296,0.014462709019426256,0.014300000000000035,0.0118305420037359,0.014780000000000015,8.866703137755394e-05,0.00010799999999999699,0.7372424160130322,0.8998430000000001,0.005622124997898936,0.012240000000000029
Average,0.0003435583901591599,0.00033140000000000394,0.014305533410515636,0.0180516,0.011646933399606495,0.014588200000000006,8.048360468819738e-05,9.72000000000084e-05,0.7346940583898686,0.9738451999999999,0.005650391592644155,0.01240079999999999
