CreateTableRealTime,CreateTableCPUTime,LoadDataRealTime,LoadDataCPUTime,CreateIndexRealTime,CreateIndexCPUTime,AnalyzeRealTime,AnalyzeCPUTime,ExecuteQueryRealTime,ExecuteQueryCPUTime,WriteResultRealTime,WriteResultCPUTime
0.0054692869998689275,0.0007443999999999784,0.03709410700002991,0.028757900000000003,0.04075451500011695,0.03843239999999998,0.0005778619997727219,0.0008469999999999867,2.4586408330001177,7.6165267,0.01932209000005969,0.04249940000000052
0.005859692000285577,0.0009318000000000382,0.03929701000015484,0.051586699999999985,0.04399176700007956,0.04394750000000003,0.0005977900000289083,0.0009225000000000483,2.424383960999876,7.5182134,0.020451267999760603,0.04566969999999948
Average,0.005664489500077252,0.0008381000000000083,0.038195558500092375,0.040172299999999994,0.04237314100009826,0.04118995,0.0005878259999008151,0.0008847500000000175,2.441512396999997,7.567370049999999,0.019886678999910146,0.04408455
