CreateTableRealTime,CreateTableCPUTime,LoadDataRealTime,LoadDataCPUTime,CreateIndexRealTime,CreateIndexCPUTime,AnalyzeRealTime,AnalyzeCPUTime,ExecuteQueryRealTime,ExecuteQueryCPUTime,WriteResultRealTime,WriteResultCPUTime
0.01000000536441803,0.0,0.019999995827674866,0.03000000000000003,0.030000001192092896,0.02000000000000002,0.009999997913837433,0.0,0.7599999979138374,2.24,0.01000000536441803,0.009999999999999787
0.009999997913837433,0.009999999999999995,0.030000001192092896,0.02999999999999997,0.030000001192092896,0.040000000000000036,0.0,0.0,0.8100000023841858,2.39,0.019999995827674866,0.020000000000000018
0.01000000536441803,0.0,0.0299999937415123,0.010000000000000009,0.030000001192092896,0.04999999999999999,0.0,0.0,0.8100000023841858,2.35,0.009999997913837433,0.010000000000000231
Average,0.010000002880891165,0.003333333333333332,0.026666663587093353,0.023333333333333334,0.030000001192092896,0.03666666666666668,0.003333332637945811,0.0,0.793333334227403,2.3266666666666667,0.01333333303531011,0.013333333333333345
