CreateTableRealTime,CreateTableCPUTime,LoadDataRealTime,LoadDataCPUTime,CreateIndexRealTime,CreateIndexCPUTime,AnalyzeRealTime,AnalyzeCPUTime,ExecuteQueryRealTime,ExecuteQueryCPUTime,WriteResultRealTime,WriteResultCPUTime
0.023010147999684705,0.008831199999999984,0.017961712000214902,0.0099302,0.010931097000138834,0.00379560000000001,0.0004953530001330364,0.0006092000000000319,0.014302500000212603,0.018829099999999988,0.001474188999964099,0.001562700000000028
0.005850657999872055,0.0014093000000000022,0.009854574999735632,0.006189,0.006657576000179688,0.002411899999999967,0.00042656200002966216,0.0006382999999999805,0.011545304999799555,0.01572190000000001,0.001555343999825709,0.001631799999999961
Average,0.01443040299977838,0.005120249999999993,0.013908143499975267,0.0080596,0.008794336500159261,0.0031037499999999885,0.0004609575000813493,0.0006237500000000062,0.01292390250000608,0.0172755,0.001514766499894904,0.0015972499999999945
