CreateTableRealTime,CreateTableCPUTime,LoadDataRealTime,LoadDataCPUTime,CreateIndexRealTime,CreateIndexCPUTime,AnalyzeRealTime,AnalyzeCPUTime,ExecuteQueryRealTime,ExecuteQueryCPUTime,WriteResultRealTime,WriteResultCPUTime
0.00036875001387670636,0.0003350000000000297,0.009846707980614156,0.015369000000000022,0.010048416967038065,0.009913000000000005,6.979197496548295e-05,8.40000000000285e-05,0.4687000830308534,0.468212,0.005229042028076947,0.00524099999999994
0.00036050000926479697,0.00035399999999996545,0.009801542037166655,0.009672000000000014,0.010074749996419996,0.009913000000000005,0.00010504201054573059,0.00011600000000000499,0.4661002920474857,0.465782,0.005295083043165505,0.005310999999999955
0.00038429099367931485,0.00035599999999996745,0.009924290992785245,0.015446000000000015,0.010058666986878961,0.009958999999999996,7.429200923070312e-05,8.900000000000574e-05,0.478662500041537,0.47815799999999997,0.005608165985904634,0.005550999999999973
0.00037987501127645373,0.0003549999999999942,0.010161624988541007,0.015941999999999956,0.010135416989214718,0.010025000000000006,7.745897164568305e-05,9.599999999998499e-05,0.48019633296644315,0.957417,0.005349709012079984,0.005344999999999933
0.0003664589603431523,0.0003290000000000237,0.009575582982506603,0.009446999999999983,0.010120499995537102,0.009985999999999995,8.345802780240774e-05,0.00010599999999999499,0.474415916018188,0.477793,0.005180250038392842,0.005173000000000094
Average,0.00037197499768808483,0.0003457999999999961,0.009861949796322734,0.013175199999999998,0.010087550187017768,0.009959200000000001,8.200859883800149e-05,9.820000000000384e-05,0.47361502482090145,0.5694724,0.005332450021523982,0.005324199999999979
