CreateTableRealTime,CreateTableCPUTime,LoadDataRealTime,LoadDataCPUTime,CreateIndexRealTime,CreateIndexCPUTime,AnalyzeRealTime,AnalyzeCPUTime,ExecuteQueryRealTime,ExecuteQueryCPUTime,WriteResultRealTime,WriteResultCPUTime
0.0003684999537654221,0.00033199999999999896,0.006739166041370481,0.006603999999999999,0.003989374963566661,0.007506000000000013,5.7500030379742384e-05,7.699999999999374e-05,0.1830882909707725,0.18460200000000004,0.002791791979689151,0.002809999999999979
0.0003446670016273856,0.00033800000000000496,0.007157667016144842,0.007065999999999961,0.0038604590226896107,0.003838000000000008,5.9583981055766344e-05,8.60000000000305e-05,0.18406483298167586,0.18372299999999997,0.002821875037625432,0.0027860000000000107
0.00037604098906740546,0.00034600000000001296,0.006988499953877181,0.010284000000000015,0.004016708000563085,0.0040160000000000196,7.029203698039055e-05,8.40000000000285e-05,0.1856609170208685,0.18514699999999995,0.0030154589912854135,0.0029790000000000094
0.00037058303132653236,0.00034200000000000896,0.006817624962422997,0.006759999999999988,0.004024875001050532,0.0040200000000000236,6.275001214817166e-05,7.599999999996498e-05,0.18439537496306002,0.18411499999999997,0.0028914999566040933,0.002925999999999984
0.000368500011973083,0.00031999999999998696,0.01055870798882097,0.007010000000000016,0.003985207993537188,0.0039919999999999956,6.516702705994248e-05,9.100000000000774e-05,0.18343174998881295,0.18143900000000002,0.002963292005006224,0.002935999999999994
Average,0.0003656581975519657,0.0003356000000000026,0.007652333192527294,0.007544799999999996,0.003975324996281416,0.004674400000000012,6.305861752480269e-05,8.280000000000509e-05,0.18412823318503796,0.1838052,0.002896783594042063,0.0028873999999999957
