CreateTableRealTime,CreateTableCPUTime,LoadDataRealTime,LoadDataCPUTime,CreateIndexRealTime,CreateIndexCPUTime,AnalyzeRealTime,AnalyzeCPUTime,ExecuteQueryRealTime,ExecuteQueryCPUTime,WriteResultRealTime,WriteResultCPUTime
0.00032941700192168355,0.00034000000000000696,0.005634708038996905,0.005946000000000007,0.0026975839864462614,0.002699000000000007,5.7333032600581646e-05,6.899999999998574e-05,0.09506537497509271,0.09602099999999997,0.001921582967042923,0.001939000000000024
0.0003462919848971069,0.0003169999999999562,0.007338707975577563,0.005722000000000005,0.006954915996175259,0.002948000000000006,0.00010616600047796965,0.000140000000000029,0.0957844170043245,0.190199,0.0019833750557154417,0.0020200000000000218
0.0003772919881157577,0.00033199999999999896,0.005601458018645644,0.005870000000000042,0.0026447499985806644,0.0026289999999999925,6.3000014051795e-05,7.499999999999174e-05,0.0995204159989953,0.25722700000000004,0.002047875022981316,0.002083000000000057
0.00034195900661870837,0.0003129999999999522,0.005589790991507471,0.005526000000000031,0.0026580000412650406,0.002666999999999975,6.266700802370906e-05,7.699999999999374e-05,0.09550666698487476,0.09524200000000005,0.0019390000379644334,0.001917000000000002
0.0003721659886650741,0.0003389999999999782,0.005659666960127652,0.005581000000000003,0.002705290971789509,0.002670999999999979,8.079101098701358e-05,0.00010599999999999499,0.09614158404292539,0.09698999999999997,0.002197041001636535,0.002181000000000044
Average,0.0003534251940436661,0.0003281999999999785,0.005964866396971047,0.005729000000000017,0.003532108198851347,0.002722799999999992,7.399141322821379e-05,9.339999999999904e-05,0.09640369180124253,0.14713579999999998,0.0020177748170681297,0.0020280000000000298
