CreateTableRealTime,CreateTableCPUTime,LoadDataRealTime,LoadDataCPUTime,CreateIndexRealTime,CreateIndexCPUTime,AnalyzeRealTime,AnalyzeCPUTime,ExecuteQueryRealTime,ExecuteQueryCPUTime,WriteResultRealTime,WriteResultCPUTime
0.019836417050100863,6.20000000000065e-05,0.014981792075559497,0.00015799999999999148,0.03295087500009686,2.4000000000024002e-05,0.0022902500350028276,4.100000000001325e-05,0.05562391702551395,3.199999999997649e-05,0.0021699999924749136,3.599999999998049e-05
0.019880665931850672,7.300000000004525e-05,0.013087416999042034,8.599999999997499e-05,0.03388387500308454,3.799999999998249e-05,0.0021582499612122774,7.799999999996698e-05,0.052669083001092076,2.5000000000052758e-05,0.0017928750021383166,3.4000000000034e-05
0.01901649998035282,5.099999999996774e-05,0.014647832955233753,8.00000000000245e-05,0.0332757500000298,2.8000000000028002e-05,0.002567040966823697,9.500000000001174e-05,0.053917041048407555,3.500000000000725e-05,0.0015518328873440623,3.300000000000525e-05
0.02003066602628678,6.80000000000125e-05,0.01433599996380508,7.60000000000205e-05,0.037495290976949036,3.700000000000925e-05,0.002001791028305888,7.399999999996298e-05,0.058150165947154164,8.099999999999774e-05,0.0020042499527335167,9.799999999998699e-05
0.019986832980066538,9.100000000000774e-05,0.013266249909065664,8.700000000000374e-05,0.032661749981343746,5.3999999999998494e-05,0.002014625002630055,6.999999999995898e-05,0.05470187508035451,2.0000000000020002e-05,0.0019047500099986792,3.799999999998249e-05
Average,0.019750216393731534,6.900000000000794e-05,0.014063858380541205,9.740000000000305e-05,0.034053508192300797,3.620000000000845e-05,0.002206391398794949,7.15999999999828e-05,0.05501241642050445,3.8600000000010845e-05,0.0018847415689378978,4.779999999999784e-05
