CreateTableRealTime,CreateTableCPUTime,LoadDataRealTime,LoadDataCPUTime,CreateIndexRealTime,CreateIndexCPUTime,AnalyzeRealTime,AnalyzeCPUTime,ExecuteQueryRealTime,ExecuteQueryCPUTime,WriteResultRealTime,WriteResultCPUTime
0.017142332973890007,5.899999999997574e-05,0.013244292000308633,0.00016300000000002424,0.03468316700309515,2.599999999997049e-05,0.002274709055200219,5.3999999999998494e-05,0.052417958970181644,4.399999999998849e-05,0.0018859580159187317,5.0000000000050004e-05
0.01998912508133799,5.100000000002325e-05,0.014380832901224494,9.300000000000974e-05,0.03954066603910178,3.899999999995574e-05,0.0023059590021148324,8.099999999999774e-05,0.05257820792030543,8.599999999997499e-05,0.002095749950967729,0.00011200000000000099
0.01898341707419604,5.1999999999996493e-05,0.012512583984062076,8.20000000000265e-05,0.033448916976340115,3.399999999997849e-05,0.0016566249541938305,7.60000000000205e-05,0.05218774999957532,3.700000000000925e-05,0.0016231660265475512,2.599999999997049e-05
0.019868833012878895,7.00000000000145e-05,0.01262062496971339,5.8000000000002494e-05,0.03429541608784348,4.100000000001325e-05,0.002030499977990985,7.299999999998974e-05,0.051612500101327896,6.100000000003325e-05,0.0018128330120816827,5.300000000002525e-05
0.014997499994933605,6.40000000000085e-05,0.012904166942462325,8.299999999999974e-05,0.029105916968546808,3.900000000001125e-05,0.0016522499499842525,7.399999999996298e-05,0.05298404209315777,3.500000000000725e-05,0.0017884999979287386,3.4000000000034e-05
Average,0.018196241627447308,5.9200000000003695e-05,0.013132500159554184,9.580000000001255e-05,0.03421481661498547,3.579999999998584e-05,0.001984008587896824,7.15999999999939e-05,0.05235609181690961,5.260000000000265e-05,0.0018412414006888866,5.500000000001615e-05
