CreateTableRealTime,CreateTableCPUTime,LoadDataRealTime,LoadDataCPUTime,CreateIndexRealTime,CreateIndexCPUTime,AnalyzeRealTime,AnalyzeCPUTime,ExecuteQueryRealTime,ExecuteQueryCPUTime,WriteResultRealTime,WriteResultCPUTime
0.014868167054373771,6.499999999998174e-05,0.0041354160057380795,7.20000000000165e-05,0.03682837501401082,3.700000000000925e-05,0.0020888749859295785,7.399999999996298e-05,0.03250662499340251,3.599999999998049e-05,0,0
0.01708316704025492,7.100000000004325e-05,0.004425375023856759,8.80000000000325e-05,0.03637495799921453,3.500000000000725e-05,0.0021651669521816075,7.499999999999174e-05,0.0348060000105761,4.799999999999249e-05,0,0
0.014065291965380311,6.399999999995298e-05,0.005027333972975612,7.60000000000205e-05,0.035762583022005856,3.900000000001125e-05,0.0019891670090146363,8.299999999999974e-05,0.03318212495651096,3.4000000000034e-05,0,0
0.015924374980386347,7.00000000000145e-05,0.004129833017941564,8.500000000000174e-05,0.035715540987439454,3.500000000000725e-05,0.0020714999991469085,7.60000000000205e-05,0.030842042004223913,6.40000000000085e-05,0,0
0.01687270897673443,6.499999999998174e-05,0.00492066697916016,9.900000000001574e-05,0.03896824998082593,3.500000000000725e-05,0.0017933750059455633,4.199999999998649e-05,0.03334579098736867,4.299999999995974e-05,0,0
Average,0.015762742003425957,6.699999999999484e-05,0.004527724999934435,8.40000000000174e-05,0.036729941400699316,3.620000000000845e-05,0.002021616790443659,6.99999999999923e-05,0.03293651659041643,4.499999999999504e-05,0.0,0.0
