CreateTableRealTime,CreateTableCPUTime,LoadDataRealTime,LoadDataCPUTime,CreateIndexRealTime,CreateIndexCPUTime,AnalyzeRealTime,AnalyzeCPUTime,ExecuteQueryRealTime,ExecuteQueryCPUTime,WriteResultRealTime,WriteResultCPUTime
0.01891624997369945,6.20000000000065e-05,0.007556249969638884,0.00015199999999998548,0.038363208062946796,2.0999999999993246e-05,0.0020727500086650252,3.799999999998249e-05,0.04208712500985712,4.900000000002125e-05,0.001455834018997848,2.599999999997049e-05
0.013155374908819795,4.900000000002125e-05,0.002579874941147864,5.100000000002325e-05,0.03553733299486339,8.20000000000265e-05,0.0020602080039680004,0.00010099999999996223,0.03748241695575416,3.700000000000925e-05,0.001515874988399446,2.0999999999993246e-05
0.017976082977838814,7.40000000000185e-05,0.0077057500602677464,8.099999999999774e-05,0.03629074990749359,3.500000000000725e-05,0.0020687090000137687,7.299999999998974e-05,0.039340666960924864,3.300000000000525e-05,0.0018553329864516854,2.2999999999995246e-05
0.018981582950800657,5.500000000002725e-05,0.007297875010408461,9.799999999998699e-05,0.037515291944146156,3.899999999995574e-05,0.0020482499385252595,7.700000000004925e-05,0.040311000077053905,5.6000000000000494e-05,0.001529583940282464,2.2999999999995246e-05
0.016025083023123443,8.00000000000245e-05,0.0040729999309405684,6.899999999998574e-05,0.03573195799253881,1.8999999999991246e-05,0.00215179193764925,8.00000000000245e-05,0.038305249996483326,3.300000000000525e-05,0.0017389580607414246,3.700000000000925e-05
Average,0.01701087476685643,6.40000000000196e-05,0.005842549982480705,9.019999999999584e-05,0.03668770818039775,3.919999999999479e-05,0.002080341777764261,7.380000000000164e-05,0.03950529180001468,4.1600000000008296e-05,0.0016191167989745737,2.5999999999992697e-05
