CreateTableRealTime,CreateTableCPUTime,LoadDataRealTime,LoadDataCPUTime,CreateIndexRealTime,CreateIndexCPUTime,AnalyzeRealTime,AnalyzeCPUTime,ExecuteQueryRealTime,ExecuteQueryCPUTime,WriteResultRealTime,WriteResultCPUTime
0.019103458966128528,7.60000000000205e-05,0.007797416998073459,0.00011100000000002774,0.03814050002256408,3.6000000000036e-05,0.0021196669549681246,7.499999999999174e-05,0.03633595898281783,3.4000000000034e-05,0,0
0.02006391598843038,7.60000000000205e-05,0.006931667041499168,0.00015700000000001824,0.03264262498123571,3.0000000000030003e-05,0.0018101250170730054,8.40000000000285e-05,0.040837790991645306,4.100000000001325e-05,0,0
0.01992829196387902,6.499999999998174e-05,0.00791587500134483,6.40000000000085e-05,0.03505316696828231,3.500000000000725e-05,0.002052915981039405,7.60000000000205e-05,0.03938774997368455,3.4999999999951736e-05,0,0
0.014934082981199026,8.099999999999774e-05,0.008015666040591896,7.299999999998974e-05,0.03590679104672745,4.599999999999049e-05,0.0020702920155599713,8.00000000000245e-05,0.03929249994689599,3.399999999997849e-05,0,0
0.017736417008563876,6.80000000000125e-05,0.0079498749691993,6.700000000003925e-05,0.03498262498760596,4.300000000001525e-05,0.0021433340152725577,7.699999999999374e-05,0.0361764159752056,3.500000000000725e-05,0,0
Average,0.018353233381640167,7.320000000000659e-05,0.00772210001014173,9.440000000001669e-05,0.0353451416012831,3.80000000000158e-05,0.0020392667967826126,7.84000000000118e-05,0.03840608317404985,3.579999999999695e-05,0.0,0.0
