CreateTableRealTime,CreateTableCPUTime,LoadDataRealTime,LoadDataCPUTime,CreateIndexRealTime,CreateIndexCPUTime,AnalyzeRealTime,AnalyzeCPUTime,ExecuteQueryRealTime,ExecuteQueryCPUTime,WriteResultRealTime,WriteResultCPUTime
0.01919612498022616,6.60000000000105e-05,0.004838333989027888,9.500000000001174e-05,0.039114082988817245,2.2999999999995246e-05,0.0018394170328974724,3.900000000001125e-05,0.034026334004011005,3.799999999998249e-05,0,0
0.016822208010125905,6.40000000000085e-05,0.0045205000205896795,8.40000000000285e-05,0.0363863329985179,3.6000000000036e-05,0.0020513750496320426,7.20000000000165e-05,0.03172974998597056,3.700000000000925e-05,0,0
0.018544375023338944,7.00000000000145e-05,0.004733749956358224,8.100000000005325e-05,0.04092662502080202,3.899999999995574e-05,0.0020411660079844296,7.899999999999574e-05,0.030667333980090916,3.599999999998049e-05,0,0
0.016960375010967255,7.40000000000185e-05,0.00437729200348258,8.899999999995023e-05,0.035533874994143844,3.700000000000925e-05,0.0019645830034278333,7.499999999999174e-05,0.031214208982419223,3.500000000000725e-05,0,0
0.017057167016901076,7.299999999998974e-05,0.005073458014521748,7.299999999998974e-05,0.03576762502780184,3.399999999997849e-05,0.002025082998443395,7.80000000000225e-05,0.03157720802119002,3.500000000000725e-05,0,0
Average,0.01771605000831187,6.940000000000834e-05,0.0047086667967960235,8.440000000000669e-05,0.03754570820601657,3.3799999999994947e-05,0.0019843248184770344,6.860000000000755e-05,0.03184296699473634,3.619999999999734e-05,0.0,0.0
