CreateTableRealTime,CreateTableCPUTime,LoadDataRealTime,LoadDataCPUTime,CreateIndexRealTime,CreateIndexCPUTime,AnalyzeRealTime,AnalyzeCPUTime,ExecuteQueryRealTime,ExecuteQueryCPUTime,WriteResultRealTime,WriteResultCPUTime
0.018546625040471554,5.500000000002725e-05,0.0033034159569069743,0.00017800000000001148,0.0409310000250116,2.4999999999997247e-05,0.002238249988295138,3.599999999998049e-05,0.02766300004441291,4.699999999996374e-05,0.00148004200309515,2.199999999996649e-05
0.01904733304399997,7.799999999996698e-05,0.002714000060223043,7.60000000000205e-05,0.03315516700968146,3.500000000000725e-05,0.0018640420166775584,7.899999999999574e-05,0.02406075003091246,3.6000000000036e-05,0.0014489591121673584,5.1999999999996493e-05
0.017107166000641882,7.099999999998774e-05,0.002873749937862158,6.599999999995498e-05,0.03415491699706763,3.700000000000925e-05,0.0017068750457838178,4.199999999998649e-05,0.021875042002648115,2.8000000000028002e-05,0.0013207090087234974,1.6000000000016e-05
0.01803916704375297,6.499999999998174e-05,0.002916417084634304,8.399999999997299e-05,0.032884208019822836,2.6000000000026002e-05,0.0019628750160336494,3.999999999998449e-05,0.022787416935898364,3.999999999998449e-05,0.0016425000503659248,2.4999999999997247e-05
0.01990095793735236,6.199999999995098e-05,0.0025770420907065272,8.20000000000265e-05,0.036351041053421795,4.500000000001725e-05,0.0021954160183668137,8.399999999997299e-05,0.02507812494877726,3.6000000000036e-05,0.0015174580039456487,3.300000000000525e-05
Average,0.018528249813243747,6.619999999998293e-05,0.0028769250260666014,9.71999999999973e-05,0.03549526662100107,3.36000000000114e-05,0.0019934916170313956,5.619999999998404e-05,0.024292866792529823,3.740000000000965e-05,0.0014819336356595159,2.9599999999996295e-05
