CreateTableRealTime,CreateTableCPUTime,LoadDataRealTime,LoadDataCPUTime,CreateIndexRealTime,CreateIndexCPUTime,AnalyzeRealTime,AnalyzeCPUTime,ExecuteQueryRealTime,ExecuteQueryCPUTime,WriteResultRealTime,WriteResultCPUTime
0.020000003278255463,0.020000000000000004,0.0,0.0,0.03999999910593033,0.0,0.0,0.0,0.019999995827674866,0.0,0.0,0.0
0.019999995827674866,0.0,0.0,0.0,0.040000006556510925,0.0,0.0,0.0,0.019999995827674866,0.0,0.009999997913837433,0.0
0.009999997913837433,0.0,0.01000000536441803,0.0,0.03999999910593033,0.0,0.0,0.0,0.019999995827674866,0.0,0.0,0.0
Average,0.01666666567325592,0.006666666666666668,0.0033333351214726767,0.0,0.04000000158945719,0.0,0.0,0.0,0.019999995827674866,0.0,0.003333332637945811,0.0
