CreateTableRealTime,CreateTableCPUTime,LoadDataRealTime,LoadDataCPUTime,CreateIndexRealTime,CreateIndexCPUTime,AnalyzeRealTime,AnalyzeCPUTime,ExecuteQueryRealTime,ExecuteQueryCPUTime,WriteResultRealTime,WriteResultCPUTime
0.016120633000355156,0.00011660000000002224,0.004993090999960259,0.00016410000000000036,0.03771693699991374,0.0001256000000000035,0.00374787999999171,0.00015809999999999436,0.04464816600011545,0.00012230000000001962,0.000864489999912621,0.00010240000000000249
0.014671844000076817,0.00012420000000001874,0.005239824000000226,0.00019059999999998523,0.045136835999983305,0.00013590000000002211,0.0019696859999385197,0.00011890000000003287,0.0371363660001407,0.00012980000000001324,0.0010426259996165754,0.00010139999999997373
Average,0.015396238500215986,0.00012040000000002049,0.005116457499980243,0.0001773499999999928,0.04142688649994852,0.0001307500000000128,0.002858782999965115,0.0001385000000000136,0.040892266000128075,0.00012605000000001643,0.0009535579997645982,0.00010189999999998811
