CreateTableRealTime,CreateTableCPUTime,LoadDataRealTime,LoadDataCPUTime,CreateIndexRealTime,CreateIndexCPUTime,AnalyzeRealTime,AnalyzeCPUTime,ExecuteQueryRealTime,ExecuteQueryCPUTime,WriteResultRealTime,WriteResultCPUTime
0.019941458944231272,6.699999999998374e-05,0.015031292103230953,0.00017099999999997673,0.037125291069969535,2.9000000000001247e-05,0.0022204999113455415,4.199999999998649e-05,0.05343391699716449,2.7000000000054758e-05,0.0016256660455837846,3.100000000000325e-05
0.023980709025636315,7.300000000004525e-05,0.014847249956801534,0.00012099999999998223,0.03996658301912248,4.300000000001525e-05,0.002005457994528115,4.199999999998649e-05,0.0557423330610618,6.0000000000004494e-05,0.0017747499514371157,5.8000000000002494e-05
0.01701829198282212,6.499999999998174e-05,0.013565042056143284,8.799999999997699e-05,0.03121312498115003,5.1999999999996493e-05,0.002284665941260755,6.80000000000125e-05,0.055678874952718616,2.2999999999995246e-05,0.0016964999958872795,2.399999999996849e-05
0.019889542018063366,6.499999999998174e-05,0.014295374974608421,9.300000000000974e-05,0.043599041062407196,6.399999999995298e-05,0.0030116660054773092,7.099999999998774e-05,0.05626700003631413,6.900000000004125e-05,0.00231554196216166,0.00011100000000002774
0.01797362498473376,6.80000000000125e-05,0.013473042054101825,0.00012699999999998823,0.03125599992927164,4.099999999995774e-05,0.002058416954241693,5.699999999997374e-05,0.055603208020329475,2.9000000000001247e-05,0.001773625030182302,2.6000000000026002e-05
Average,0.019760725391097366,6.760000000000099e-05,0.014242400228977204,0.00011999999999998679,0.03663200801238418,4.579999999998474e-05,0.002316141361370683,5.5999999999989394e-05,0.0553450666135177,4.16000000000194e-05,0.0018372165970504284,5.000000000000559e-05
