CreateTableRealTime,CreateTableCPUTime,LoadDataRealTime,LoadDataCPUTime,CreateIndexRealTime,CreateIndexCPUTime,AnalyzeRealTime,AnalyzeCPUTime,ExecuteQueryRealTime,ExecuteQueryCPUTime,WriteResultRealTime,WriteResultCPUTime
0.021017066999775125,0.0001466999999999996,0.0039700520001133555,0.0002631000000000161,0.03860079600008248,0.00010670000000001512,0.0020179660000394506,0.00011210000000000386,0.028109602000313316,0.00010509999999996911,0.0006411239996850782,8.340000000001124e-05
0.01499352499968154,0.00010539999999997773,0.0049889440001607,0.00014320000000000999,0.03870221200031665,0.0001515000000000266,0.002079022000089026,0.00012959999999995198,0.02655382400007511,0.00011040000000001049,0.000659215999803564,9.579999999997924e-05
Average,0.018005295999728332,0.00012604999999998867,0.004479498000137028,0.00020315000000001304,0.038651504000199566,0.00012910000000002086,0.002048494000064238,0.00012084999999997792,0.027331713000194213,0.0001077499999999898,0.0006501699997443211,8.959999999999524e-05
