CreateTableRealTime,CreateTableCPUTime,LoadDataRealTime,LoadDataCPUTime,CreateIndexRealTime,CreateIndexCPUTime,AnalyzeRealTime,AnalyzeCPUTime,ExecuteQueryRealTime,ExecuteQueryCPUTime,WriteResultRealTime,WriteResultCPUTime
0.015498041990213096,7.499999999999174e-05,0.006915666977874935,8.099999999999774e-05,0.03549745900090784,3.6999999999953737e-05,0.0022527079563587904,7.500000000004725e-05,0.04039941600058228,4.700000000001925e-05,0.001484332955442369,2.4999999999997247e-05
0.016928790952078998,6.899999999998574e-05,0.007850792026147246,6.40000000000085e-05,0.037125958944670856,6.999999999995898e-05,0.0020956670632585883,9.900000000001574e-05,0.040395582909695804,3.900000000001125e-05,0.001772457966580987,3.599999999998049e-05
0.01694933301769197,5.300000000002525e-05,0.007654624991118908,7.40000000000185e-05,0.03621770802419633,3.300000000000525e-05,0.0019864580826833844,7.499999999999174e-05,0.03948466607835144,3.2999999999949736e-05,0.0019489579135552049,3.799999999998249e-05
0.01892687496729195,7.499999999999174e-05,0.007558208075352013,7.699999999999374e-05,0.03740974992979318,3.599999999998049e-05,0.0021085409680381417,7.100000000004325e-05,0.03927154198754579,4.199999999998649e-05,0.0013885420048609376,3.799999999998249e-05
0.016860125004313886,6.80000000000125e-05,0.007545250002294779,9.499999999995623e-05,0.03060133394319564,2.5000000000052758e-05,0.0015910000074654818,7.60000000000205e-05,0.03905879205558449,3.799999999998249e-05,0.001616167020983994,3.599999999998049e-05
Average,0.01703263318631798,6.80000000000014e-05,0.007504908414557576,7.819999999999493e-05,0.03537044196855277,4.0199999999990244e-05,0.002006874815560877,7.920000000002369e-05,0.03972199980635196,3.979999999998984e-05,0.0016420915722846984,3.4599999999984646e-05
