CreateTableRealTime,CreateTableCPUTime,LoadDataRealTime,LoadDataCPUTime,CreateIndexRealTime,CreateIndexCPUTime,AnalyzeRealTime,AnalyzeCPUTime,ExecuteQueryRealTime,ExecuteQueryCPUTime,WriteResultRealTime,WriteResultCPUTime
0.018991207994986326,6.499999999998174e-05,0.007044041994959116,8.40000000000285e-05,0.040713207970838994,3.8000000000038e-05,0.0019187090219929814,7.40000000000185e-05,0.04014195897616446,3.899999999995574e-05,0,0
0.016928124998230487,6.899999999998574e-05,0.007468166993930936,7.00000000000145e-05,0.03439479199005291,3.599999999998049e-05,0.0024709170102141798,7.20000000000165e-05,0.037802500010002404,3.799999999998249e-05,0,0
0.018948999990243465,7.699999999999374e-05,0.008982042025309056,8.299999999999974e-05,0.034786292002536356,3.900000000001125e-05,0.002020707994233817,7.60000000000205e-05,0.03962745802709833,3.500000000000725e-05,0,0
0.018018374976236373,8.599999999997499e-05,0.008156916999723762,6.499999999998174e-05,0.038707332976628095,4.900000000002125e-05,0.0020650000078603625,7.899999999999574e-05,0.04093329200986773,3.799999999998249e-05,0,0
0.016823249985463917,6.60000000000105e-05,0.007668832957278937,8.999999999997899e-05,0.03722387499874458,4.899999999996574e-05,0.0019319169805385172,8.299999999999974e-05,0.039452916011214256,4.0000000000040004e-05,0,0
Average,0.017941991589032112,7.259999999998934e-05,0.007864000194240361,7.840000000000069e-05,0.037165099987760186,4.220000000000334e-05,0.0020814502029679717,7.680000000001019e-05,0.039591625006869434,3.799999999999359e-05,0.0,0.0
