CreateTableRealTime,CreateTableCPUTime,LoadDataRealTime,LoadDataCPUTime,CreateIndexRealTime,CreateIndexCPUTime,AnalyzeRealTime,AnalyzeCPUTime,ExecuteQueryRealTime,ExecuteQueryCPUTime,WriteResultRealTime,WriteResultCPUTime
0.020990375021938235,7.100000000004325e-05,0.010347957955673337,0.00013299999999999423,0.036540083994623274,4.999999999999449e-05,0.0021509590442292392,7.899999999999574e-05,0.2500810420024209,0.00010700000000002374,0,0
0.01899295800831169,6.699999999998374e-05,0.010033834027126431,8.500000000000174e-05,0.032897124998271465,3.599999999998049e-05,0.0021201670169830322,8.299999999999974e-05,0.2508225829806179,9.199999999998099e-05,0,0
0.017810333985835314,6.999999999995898e-05,0.010974958015140146,0.000126000000000015,0.03779549995670095,3.4999999999951736e-05,0.0020337500027380884,7.399999999996298e-05,0.2610245000105351,0.00010500000000002174,0,0
0.01794641703600064,5.100000000002325e-05,0.006019791006110609,8.500000000000174e-05,0.04977141600102186,3.700000000000925e-05,0.0020193749805912375,7.80000000000225e-05,0.2566362079815008,0.00012699999999998823,0,0
0.018883916025515646,7.299999999998974e-05,0.010769750049803406,8.199999999997098e-05,0.03223641699878499,4.100000000001325e-05,0.002111000008881092,7.60000000000205e-05,0.25349516700953245,9.099999999995223e-05,0,0
Average,0.018924800015520306,6.63999999999998e-05,0.009629258210770786,0.00010219999999999674,0.03784810838988051,3.979999999998984e-05,0.002087050210684538,7.80000000000003e-05,0.25441189999692143,0.00010439999999999339,0.0,0.0
