CreateTableRealTime,CreateTableCPUTime,LoadDataRealTime,LoadDataCPUTime,CreateIndexRealTime,CreateIndexCPUTime,AnalyzeRealTime,AnalyzeCPUTime,ExecuteQueryRealTime,ExecuteQueryCPUTime,WriteResultRealTime,WriteResultCPUTime
0.016990749980323017,6.60000000000105e-05,0.005720125045627356,0.00010999999999999899,0.03315125004155561,2.999999999997449e-05,0.0020199999562464654,5.700000000002925e-05,0.10189275001175702,9.299999999995423e-05,0,0
0.02080920897424221,6.700000000003925e-05,0.004824874980840832,8.900000000000574e-05,0.037128666997887194,4.100000000001325e-05,0.0021244999952614307,8.20000000000265e-05,0.09881945798406377,8.00000000000245e-05,0,0
0.01890174997970462,8.700000000000374e-05,0.004865374998189509,7.899999999999574e-05,0.03712066699517891,3.700000000000925e-05,0.002112832968123257,8.100000000005325e-05,0.10384237504331395,8.00000000000245e-05,0,0
0.01895024999976158,7.699999999999374e-05,0.005706041993107647,9.399999999998299e-05,0.03815629199380055,3.900000000001125e-05,0.0020619999850168824,7.499999999999174e-05,0.1017707500141114,8.099999999999774e-05,0,0
0.0180444999714382,7.00000000000145e-05,0.0053891660063527524,9.399999999998299e-05,0.04153045901330188,3.599999999998049e-05,0.0016206669970415533,6.899999999998574e-05,0.1043635830283165,8.60000000000305e-05,0,0
Average,0.018739291781093924,7.340000000001234e-05,0.005301116604823619,9.31999999999933e-05,0.03741746700834483,3.6599999999997745e-05,0.001987999980337918,7.28000000000173e-05,0.10213778321631253,8.40000000000063e-05,0.0,0.0
