CreateTableRealTime,CreateTableCPUTime,LoadDataRealTime,LoadDataCPUTime,CreateIndexRealTime,CreateIndexCPUTime,AnalyzeRealTime,AnalyzeCPUTime,ExecuteQueryRealTime,ExecuteQueryCPUTime,WriteResultRealTime,WriteResultCPUTime
0.016994708974380046,7.899999999999574e-05,0.005017249961383641,7.40000000000185e-05,0.03494983399286866,4.199999999998649e-05,0.0021445000311359763,4.599999999999049e-05,0.10065833397675306,8.299999999999974e-05,0,0
0.018908208003267646,7.499999999999174e-05,0.004828082979656756,8.700000000000374e-05,0.041252458991948515,3.599999999998049e-05,0.0020093750208616257,8.700000000000374e-05,0.10286291601369157,8.999999999997899e-05,0,0
0.01778895896859467,7.099999999998774e-05,0.004786958976183087,8.799999999997699e-05,0.0351877500070259,3.900000000001125e-05,0.0018649160047061741,7.499999999999174e-05,0.1008919170126319,9.199999999998099e-05,0,0
0.016814665985293686,6.100000000003325e-05,0.004748999956063926,8.700000000000374e-05,0.03712649998487905,4.199999999998649e-05,0.0020819579949602485,7.899999999999574e-05,0.09783208300359547,0.00012200000000001099,0,0
0.018942124966997653,8.500000000000174e-05,0.005051208951044828,7.799999999996698e-05,0.03589141700649634,3.700000000000925e-05,0.0025885829818435013,7.899999999999574e-05,0.10256104200379923,7.499999999999174e-05,0,0
Average,0.01788973337970674,7.420000000000205e-05,0.004886500164866447,8.279999999999399e-05,0.03688159199664369,3.919999999999479e-05,0.0021378664067015054,7.319999999999549e-05,0.10096125840209424,9.239999999999249e-05,0.0,0.0
