CreateTableRealTime,CreateTableCPUTime,LoadDataRealTime,LoadDataCPUTime,CreateIndexRealTime,CreateIndexCPUTime,AnalyzeRealTime,AnalyzeCPUTime,ExecuteQueryRealTime,ExecuteQueryCPUTime,WriteResultRealTime,WriteResultCPUTime
0.019999995827674866,0.0,0.01000000536441803,0.0,0.0299999937415123,0.0,0.01000000536441803,0.0,0.28999999910593033,0.0,0.0,0.0
0.020000003278255463,0.0,0.009999997913837433,0.0,0.030000001192092896,0.0,0.009999997913837433,0.0,0.2900000065565109,0.0,0.0,0.0
0.019999995827674866,0.0,0.01000000536441803,0.0,0.03999999910593033,0.0,0.0,0.0,0.2800000011920929,0.0,0.009999997913837433,0.0
Average,0.019999998311201733,0.0,0.010000002880891165,0.0,0.03333333134651184,0.0,0.0066666677594184875,0.0,0.2866666689515114,0.0,0.003333332637945811,0.0
