CreateTableRealTime,CreateTableCPUTime,LoadDataRealTime,LoadDataCPUTime,CreateIndexRealTime,CreateIndexCPUTime,AnalyzeRealTime,AnalyzeCPUTime,ExecuteQueryRealTime,ExecuteQueryCPUTime,WriteResultRealTime,WriteResultCPUTime
0.020000003278255463,0.0,0.0,0.0,0.03999999910593033,0.0,0.0,0.0,0.42000000178813934,0.0,0.019999995827674866,0.0
0.020000003278255463,0.0,0.0,0.0,0.03999999910593033,0.0,0.009999997913837433,0.0,0.39000000059604645,0.0,0.019999995827674866,0.0
0.01000000536441803,0.0,0.009999997913837433,0.0,0.030000001192092896,0.0,0.009999997913837433,0.0,0.4299999997019768,0.0,0.020000003278255463,0.0
Average,0.01666667064030965,0.0,0.003333332637945811,0.0,0.03666666646798452,0.0,0.006666665275891622,0.0,0.41333333402872086,0.0,0.019999998311201733,0.0
