CreateTableRealTime,CreateTableCPUTime,LoadDataRealTime,LoadDataCPUTime,CreateIndexRealTime,CreateIndexCPUTime,AnalyzeRealTime,AnalyzeCPUTime,ExecuteQueryRealTime,ExecuteQueryCPUTime,WriteResultRealTime,WriteResultCPUTime
0.019051416078582406,7.899999999999574e-05,0.010249292012304068,0.00010500000000002174,0.03652829199563712,3.599999999998049e-05,0.0020491250324994326,6.799999999995698e-05,0.3074790829559788,9.700000000001374e-05,0.010698416968807578,0.00014700000000000824
0.019063832936808467,6.899999999998574e-05,0.011171040940098464,8.299999999999974e-05,0.03663162491284311,3.700000000000925e-05,0.0020006250124424696,7.60000000000205e-05,0.31496079196222126,9.899999999996023e-05,0.010742082959041,0.00014700000000000824
0.022046708967536688,6.60000000000105e-05,0.008162375073879957,5.6000000000000494e-05,0.039712540921755135,3.900000000001125e-05,0.001977875013835728,7.799999999996698e-05,0.3113042919430882,0.00010099999999996223,0.010953249991871417,0.00013799999999997148
0.02695212501566857,6.199999999995098e-05,0.006392749957740307,8.299999999999974e-05,0.03936154197435826,3.599999999998049e-05,0.0019976659677922726,8.20000000000265e-05,0.31149487500078976,0.00010199999999999099,0.010961416992358863,0.000146000000000035
0.01789875002577901,7.499999999999174e-05,0.007203874993138015,8.099999999999774e-05,0.036873666918836534,9.500000000001174e-05,0.002320291008800268,8.700000000000374e-05,0.31266362499445677,7.699999999999374e-05,0.01106133300345391,0.000140000000000029
Average,0.02100256660487503,7.019999999998693e-05,0.008635866595432163,8.16000000000039e-05,0.037821533344686034,4.859999999999865e-05,0.0020691164070740344,7.819999999999493e-05,0.311580533371307,9.519999999998418e-05,0.010883299983106554,0.00014360000000001038
