CreateTableRealTime,CreateTableCPUTime,LoadDataRealTime,LoadDataCPUTime,CreateIndexRealTime,CreateIndexCPUTime,AnalyzeRealTime,AnalyzeCPUTime,ExecuteQueryRealTime,ExecuteQueryCPUTime,WriteResultRealTime,WriteResultCPUTime
0.014978137999605678,0.0001086999999999616,0.0022709130003022437,0.00018410000000002036,0.04356610000013461,0.00011489999999997336,0.002027304999955959,0.0001304000000000305,0.09214152799995645,0.00011240000000001249,0.0021287769995979033,0.0001527000000000056
0.01621520500020779,0.00014120000000000799,0.0020537979999062372,0.00016849999999996035,0.044043020000117394,0.00010870000000001712,0.0034454849997018755,0.00011729999999998686,0.08596738300002471,0.00013930000000000886,0.00257796200003213,0.00011800000000000699
Average,0.015596671499906734,0.0001249499999999848,0.0021623555001042405,0.00017629999999999035,0.043804560000126,0.00011179999999999524,0.002736394999828917,0.00012385000000000868,0.08905445549999058,0.00012585000000001068,0.0023533694998150168,0.0001353500000000063
