CreateTableRealTime,CreateTableCPUTime,LoadDataRealTime,LoadDataCPUTime,CreateIndexRealTime,CreateIndexCPUTime,AnalyzeRealTime,AnalyzeCPUTime,ExecuteQueryRealTime,ExecuteQueryCPUTime,WriteResultRealTime,WriteResultCPUTime
0.013962207944132388,2.6000000000026002e-05,0.007963333977386355,5.8000000000002494e-05,0.03192541701719165,5.299999999996974e-05,0.0008547500474378467,4.500000000001725e-05,1.3580052079632878,0.00011600000000000499,0.05711229203734547,0.00017300000000003424
0.020485375076532364,7.40000000000185e-05,0.018534666975028813,8.700000000000374e-05,0.03848741599358618,2.6000000000026002e-05,0.0018002500291913748,8.60000000000305e-05,1.3109503750456497,0.00011299999999997423,0.05350958392955363,0.00015300000000001424
0.021024459041655064,6.40000000000085e-05,0.020594417001120746,0.00010499999999996623,0.031180917052552104,2.0000000000020002e-05,0.001763832988217473,7.100000000004325e-05,1.319085249910131,7.499999999999174e-05,0.05588041595183313,0.00012699999999998823
0.019273792044259608,6.899999999998574e-05,0.01840929198078811,7.699999999999374e-05,0.031633124919608235,3.700000000000925e-05,0.001910500111989677,7.099999999998774e-05,1.2955760830082,0.00010299999999996423,0.053182458970695734,0.00016199999999999548
0.01900612493045628,7.40000000000185e-05,0.020069124992005527,5.500000000002725e-05,0.03076983301434666,3.500000000000725e-05,0.0018251249566674232,7.20000000000165e-05,1.3191175829852,8.80000000000325e-05,0.05321420799009502,9.80000000000425e-05
Average,0.01875039180740714,6.140000000001144e-05,0.01711416698526591,7.639999999999869e-05,0.032799341599456966,3.420000000000645e-05,0.001630891626700759,6.900000000001905e-05,1.3205468997824936,9.899999999999354e-05,0.05457979177590459,0.00014260000000001493
