CreateTableRealTime,CreateTableCPUTime,LoadDataRealTime,LoadDataCPUTime,CreateIndexRealTime,CreateIndexCPUTime,AnalyzeRealTime,AnalyzeCPUTime,ExecuteQueryRealTime,ExecuteQueryCPUTime,WriteResultRealTime,WriteResultCPUTime
0.01000000536441803,0.0,0.0,0.0,0.04999999701976776,0.0,0.0,0.0,0.08999999612569809,0.0,0.0,0.0
0.019999995827674866,0.0,0.0,0.0,0.03999999910593033,0.0,0.01000000536441803,0.0,0.08999999612569809,0.0,0.0,0.0
0.009999997913837433,0.0,0.009999997913837433,0.0,0.040000006556510925,0.0,0.0,0.0,0.09999999403953552,0.0,0.0,0.0
Average,0.01333333303531011,0.0,0.003333332637945811,0.0,0.04333333422740301,0.0,0.0033333351214726767,0.0,0.0933333287636439,0.0,0.0,0.0
