CreateTableRealTime,CreateTableCPUTime,LoadDataRealTime,LoadDataCPUTime,CreateIndexRealTime,CreateIndexCPUTime,AnalyzeRealTime,AnalyzeCPUTime,ExecuteQueryRealTime,ExecuteQueryCPUTime,WriteResultRealTime,WriteResultCPUTime
0.017874666955322027,2.599999999997049e-05,0.0190075000282377,8.099999999999774e-05,0.03689591703005135,3.900000000001125e-05,0.0019360830774530768,7.699999999999374e-05,2.6934368329821154,0.00010300000000001974,0.06624995800666511,0.00014399999999997748
0.01790845801588148,7.399999999996298e-05,0.022447542054578662,5.6000000000000494e-05,0.03635329194366932,5.1999999999996493e-05,0.0018468330381438136,7.099999999998774e-05,2.7119482500711456,0.00015799999999999148,0.06722654204349965,0.000140000000000029
0.020997290965169668,5.3999999999998494e-05,0.019814166007563472,7.599999999996498e-05,0.031085124937817454,3.700000000000925e-05,0.001951000071130693,4.700000000001925e-05,2.672187958029099,8.00000000000245e-05,0.06576270796358585,0.00014500000000000624
0.019068875000812113,6.999999999995898e-05,0.01900912495329976,7.699999999999374e-05,0.02985399996396154,5.3999999999998494e-05,0.0013850409304723144,7.40000000000185e-05,2.6838202910730615,0.00012900000000004574,0.06533812498673797,0.000154000000000043
0.01982933294493705,4.6000000000046004e-05,0.018759374972432852,8.099999999999774e-05,0.0331409580539912,3.900000000001125e-05,0.0019623750122264028,7.899999999999574e-05,2.6557588749565184,0.00010300000000001974,0.06504887505434453,0.00013699999999999823
Average,0.019135724776424466,5.3999999999987394e-05,0.01980754160322249,7.419999999999093e-05,0.033465858385898176,4.4200000000005343e-05,0.0018162664258852602,6.960000000000299e-05,2.683430441422388,0.00011460000000002024,0.06592524161096662,0.0001440000000000108
