CreateTableRealTime,CreateTableCPUTime,LoadDataRealTime,LoadDataCPUTime,CreateIndexRealTime,CreateIndexCPUTime,AnalyzeRealTime,AnalyzeCPUTime,ExecuteQueryRealTime,ExecuteQueryCPUTime,WriteResultRealTime,WriteResultCPUTime
0.009999997913837433,0.0,0.009999997913837433,0.020000000000000018,0.040000006556510925,0.0,0.0,0.0,0.47999999672174454,0.0,0.030000001192092896,0.0
0.019999995827674866,0.0,0.01000000536441803,0.0,0.030000001192092896,0.0,0.009999997913837433,0.0,0.5099999979138374,0.0,0.030000001192092896,0.0
0.019999995827674866,0.0,0.009999997913837433,0.0,0.03999999910593033,0.0,0.0,0.0,0.48000000417232513,0.0,0.019999995827674866,0.0
Average,0.016666663189729054,0.0,0.010000000397364298,0.006666666666666672,0.03666666895151138,0.0,0.003333332637945811,0.0,0.4899999996026357,0.0,0.02666666607062022,0.0
