CreateTableRealTime,CreateTableCPUTime,LoadDataRealTime,LoadDataCPUTime,CreateIndexRealTime,CreateIndexCPUTime,AnalyzeRealTime,AnalyzeCPUTime,ExecuteQueryRealTime,ExecuteQueryCPUTime,WriteResultRealTime,WriteResultCPUTime
0.020000003278255463,0.0,0.0,0.0,0.03999999910593033,0.0,0.0,0.0,0.29999999701976776,0.0,0.01000000536441803,0.0
0.009999997913837433,0.0,0.009999997913837433,0.0,0.03999999910593033,0.0,0.0,0.0,0.2900000065565109,0.0,0.0,0.0
0.020000003278255463,0.0,0.0,0.0,0.03999999910593033,0.0,0.0,0.0,0.2800000011920929,0.0,0.009999997913837433,0.0
Average,0.016666668156782787,0.0,0.003333332637945811,0.0,0.03999999910593033,0.0,0.0,0.0,0.2900000015894572,0.0,0.0066666677594184875,0.0
