CreateTableRealTime,CreateTableCPUTime,LoadDataRealTime,LoadDataCPUTime,CreateIndexRealTime,CreateIndexCPUTime,AnalyzeRealTime,AnalyzeCPUTime,ExecuteQueryRealTime,ExecuteQueryCPUTime,WriteResultRealTime,WriteResultCPUTime
0.017040791921317577,7.00000000000145e-05,0.01588774996344,0.000130000000000019,0.037980415974743664,2.4999999999997247e-05,0.0021881250431761146,3.500000000000725e-05,0.6078170420369133,9.099999999995223e-05,0.031168458983302116,0.00014199999999997548
0.017951249959878623,5.700000000002925e-05,0.01312699995469302,8.999999999997899e-05,0.03693333291448653,4.300000000001525e-05,0.002189457998611033,4.2000000000042004e-05,0.6340387500822544,9.599999999998499e-05,0.024203166947700083,7.099999999998774e-05
0.01794633304234594,5.499999999997174e-05,0.014680041931569576,7.80000000000225e-05,0.03314266703091562,3.900000000001125e-05,0.002412040950730443,7.099999999998774e-05,0.6007530420320109,0.00012999999999996348,0.024287792039103806,0.00016899999999997473
0.019966459018178284,7.199999999996098e-05,0.014614249928854406,9.100000000000774e-05,0.03420891705900431,4.900000000002125e-05,0.002169333049096167,7.299999999998974e-05,0.6073999169748276,0.00010799999999999699,0.023809000034816563,0.000156000000000045
0.019965916988439858,7.100000000004325e-05,0.016838875017128885,9.599999999998499e-05,0.03098512499127537,3.799999999998249e-05,0.00216599996201694,8.299999999999974e-05,0.6061431668931618,0.00010399999999999299,0.024252832983620465,0.0002469999999999972
Average,0.018574150186032055,6.500000000000394e-05,0.015029583359137177,9.700000000000264e-05,0.034650091594085095,3.88000000000055e-05,0.0022249914007261397,6.080000000000529e-05,0.6112303836038336,0.00010579999999997814,0.025544250197708607,0.00015699999999999604
