CreateTableRealTime,CreateTableCPUTime,LoadDataRealTime,LoadDataCPUTime,CreateIndexRealTime,CreateIndexCPUTime,AnalyzeRealTime,AnalyzeCPUTime,ExecuteQueryRealTime,ExecuteQueryCPUTime,WriteResultRealTime,WriteResultCPUTime
0.018227770000066812,0.00011129999999998086,0.0036929569996573264,0.00017200000000000548,0.038060919999679754,0.00011460000000002024,0.0036424179997993633,0.00011510000000003462,0.08665852900003301,0.00012999999999996348,0.00233970599992972,0.00010889999999996736
0.016551055999570963,0.00010959999999998749,0.003760055999919132,0.0001638999999999946,0.03846130100009759,0.00011040000000001049,0.0020406359999469714,0.00012090000000003487,0.09059386199987784,0.00013809999999997435,0.0021185279997553152,0.00010530000000003037
Average,0.017389412999818887,0.00011044999999998417,0.003726506499788229,0.00016795000000000004,0.03826111049988867,0.00011250000000001537,0.0028415269998731674,0.00011800000000003474,0.08862619549995543,0.00013404999999996892,0.0022291169998425175,0.00010709999999999886
