ElapsedTime,CPUTime
0.5299999713897705,0.48
0.5300002098083496,0.48
0.5399999618530273,0.48
0.5399999618530273,0.47
0.5299999713897705,0.47
0.5399999618530273,0.47
0.5299999713897705,0.47
0.5399999618530273,0.47
0.5299999713897705,0.48
0.5399999618530273,0.47
Average,0.5349999904632569,0.4739999999999999
