ElapsedTime,CPUTime
0.3399999141693115,0.29000000000000004
0.3399999141693115,0.29000000000000004
0.3399999141693115,0.29000000000000004
0.3399999141693115,0.29000000000000004
0.3399999141693115,0.28
0.3400001525878906,0.29000000000000004
0.3400001525878906,0.29000000000000004
0.3400001525878906,0.29000000000000004
0.3400001525878906,0.29000000000000004
0.3400001525878906,0.29000000000000004
Average,0.3400000333786011,0.28900000000000003
