ElapsedTime,CPUTime
0.309999942779541,0.25
0.309999942779541,0.26
0.309999942779541,0.26
0.3100001811981201,0.26
0.309999942779541,0.25
0.309999942779541,0.25
0.31999993324279785,0.26
0.309999942779541,0.25
0.3100001811981201,0.25
0.309999942779541,0.25
Average,0.3109999895095825,0.254
