ElapsedTime,CPUTime
0.20000004768371582,0.14
0.19000005722045898,0.14
0.20000004768371582,0.14
0.20000004768371582,0.13
0.20000004768371582,0.14
0.20000004768371582,0.14
0.20000004768371582,0.14
0.20000004768371582,0.14
0.20000004768371582,0.14
0.20000004768371582,0.14
Average,0.19900004863739013,0.139
