ElapsedTime,CPUTime
0.6600000858306885,0.6100000000000001
0.6600000858306885,0.6000000000000001
0.6600000858306885,0.6100000000000001
0.6599998474121094,0.6000000000000001
0.6599998474121094,0.6100000000000001
0.6600000858306885,0.6000000000000001
0.6500000953674316,0.6000000000000001
0.6700000762939453,0.6000000000000001
0.6699998378753662,0.6100000000000001
0.6600000858306885,0.6000000000000001
Average,0.6610000133514404,0.6040000000000001
