LoadRulesRealTime,LoadRulesCPUTime,LoadFactsRealTime,LoadFactsCPUTime,GroundRealTime,GroundCPUTime,QueryRealTime,QueryCPUTime,WriteRealTime,WriteCPUTime
0.0,0.0,0.0,0.0,0.28999996185302734,0.29,0.05000019073486328,0.050000000000000044,0.5899996757507324,0.5800000000000001
0.0,0.0,0.0,0.009999999999999953,0.2800002098083496,0.2700000000000001,0.04999995231628418,0.05999999999999994,0.5899999141693115,0.5700000000000002
0.0,0.0,0.0,0.0,0.28999996185302734,0.29,0.04999995231628418,0.050000000000000044,0.559999942779541,0.5700000000000001
0.0,0.0,0.0,0.009999999999999953,0.2799999713897705,0.2800000000000001,0.04999995231628418,0.04999999999999993,0.5800001621246338,0.5800000000000002
0.0,0.0,0.0,0.0,0.28999996185302734,0.29,0.04999995231628418,0.050000000000000044,0.5600001811981201,0.5700000000000001
Average,0.0,0.0,0.0,0.003999999999999981,0.28600001335144043,0.28400000000000003,0.05,0.052000000000000005,0.5759999752044678,0.5740000000000002
