LoadRulesRealTime,LoadRulesCPUTime,LoadFactsRealTime,LoadFactsCPUTime,GroundRealTime,GroundCPUTime,QueryRealTime,QueryCPUTime,WriteRealTime,WriteCPUTime
0.0,0.0,0.0,0.009999999999999953,0.3599998950958252,0.37000000000000005,0.08000016212463379,0.06999999999999995,0.7199997901916504,0.7299999999999999
0.0,0.0,0.0,0.0,0.3600001335144043,0.36000000000000004,0.06999993324279785,0.06999999999999995,0.7599999904632568,0.7499999999999999
0.0,0.0,0.009999990463256836,0.0,0.34999990463256836,0.36000000000000004,0.08000016212463379,0.06999999999999995,0.7299997806549072,0.7499999999999999
0.0,0.0,0.0,0.0,0.38000011444091797,0.37000000000000005,0.06999993324279785,0.06999999999999995,0.7400000095367432,0.7399999999999999
0.0,0.0,0.0,0.0,0.36999988555908203,0.38000000000000006,0.07999992370605469,0.06999999999999995,0.7300002574920654,0.7399999999999999
Average,0.0,0.0,0.0019999980926513673,0.0019999999999999905,0.3639999866485596,0.36800000000000005,0.0760000228881836,0.06999999999999995,0.7359999656677246,0.7419999999999998
