LoadRulesRealTime,LoadRulesCPUTime,LoadFactsRealTime,LoadFactsCPUTime,GroundRealTime,GroundCPUTime,QueryRealTime,QueryCPUTime,WriteRealTime,WriteCPUTime
0.0,0.0,0.009999990463256836,0.0,0.559999942779541,0.56,0.09000015258789062,0.0900000000000001,0.9399998188018799,0.9499999999999997
0.0,0.0,0.010000228881835938,0.0,0.5499999523162842,0.55,0.09999990463256836,0.11000000000000008,0.9700000286102295,0.95
0.0,0.0,0.009999990463256836,0.009999999999999953,0.5499999523162842,0.54,0.09999990463256836,0.10000000000000009,0.9500002861022949,0.96
0.0,0.0,0.0,0.009999999999999953,0.559999942779541,0.56,0.09000015258789062,0.10000000000000009,1.0099997520446777,0.96
0.0,0.0,0.009999990463256836,0.010000000000000009,0.5399999618530273,0.54,0.08999991416931152,0.0900000000000001,0.940000057220459,0.94
Average,0.0,0.0,0.008000040054321289,0.005999999999999983,0.5519999504089356,0.55,0.09400000572204589,0.09800000000000009,0.9619999885559082,0.952
