LoadRulesRealTime,LoadRulesCPUTime,LoadFactsRealTime,LoadFactsCPUTime,GroundRealTime,GroundCPUTime,QueryRealTime,QueryCPUTime,WriteRealTime,WriteCPUTime
0.0,0.0,0.0,0.0,0.1399998664855957,0.14,0.019999980926513672,0.020000000000000018,0.3000001907348633,0.29999999999999993
0.0,0.0,0.0,0.0,0.1400001049041748,0.15000000000000002,0.019999980926513672,0.020000000000000018,0.2999999523162842,0.29999999999999993
0.0,0.0,0.0,0.0,0.1400001049041748,0.14,0.029999971389770508,0.020000000000000018,0.28999996185302734,0.30999999999999994
0.0,0.0,0.0,0.0,0.1400001049041748,0.14,0.019999980926513672,0.020000000000000018,0.309999942779541,0.31999999999999995
0.0,0.0,0.0,0.0,0.1399998664855957,0.15000000000000002,0.019999980926513672,0.029999999999999916,0.32000017166137695,0.30000000000000016
Average,0.0,0.0,0.0,0.0,0.14000000953674316,0.14400000000000002,0.02199997901916504,0.022,0.3040000438690186,0.30599999999999994
