LoadRulesRealTime,LoadRulesCPUTime,LoadFactsRealTime,LoadFactsCPUTime,GroundRealTime,GroundCPUTime,QueryRealTime,QueryCPUTime,WriteRealTime,WriteCPUTime
0.0,0.0,0.0,0.0,0.0,0.0,0.0,0.0,0.009999990463256836,0.010000000000000009
0.0,0.0,0.009999990463256836,0.0,0.0,0.0,0.0,0.0,0.009999990463256836,0.010000000000000009
0.0,0.0,0.0,0.0,0.0,0.0,0.009999990463256836,0.0,2.384185791015625e-07,0.010000000000000009
0.0,0.0,0.0,0.0,0.009999990463256836,0.0,0.0,0.0,0.009999990463256836,0.010000000000000009
0.0,0.0,0.0,0.0,0.009999990463256836,0.0,0.0,0.0,0.009999990463256836,0.010000000000000009
Average,0.0,0.0,0.0019999980926513673,0.0,0.0039999961853027345,0.0,0.0019999980926513673,0.0,0.008000040054321289,0.010000000000000009
