LoadRulesRealTime,LoadRulesCPUTime,LoadFactsRealTime,LoadFactsCPUTime,GroundRealTime,GroundCPUTime,QueryRealTime,QueryCPUTime,WriteRealTime,WriteCPUTime
0.0,0.0,0.0,0.0,0.04999995231628418,0.05000000000000003,0.0,0.010000000000000009,0.13000011444091797,0.10999999999999993
0.0,0.0,0.0,0.0,0.04999995231628418,0.04999999999999999,0.009999990463256836,0.010000000000000009,0.1100001335144043,0.10999999999999992
0.0,0.0,0.0,0.0,0.04999995231628418,0.050000000000000044,0.009999990463256836,0.009999999999999953,0.1100001335144043,0.11000000000000003
0.0,0.0,0.0,0.0,0.04999995231628418,0.050000000000000044,0.009999990463256836,0.009999999999999953,0.1100001335144043,0.10000000000000003
0.0,0.0,0.0,0.0,0.039999961853027344,0.040000000000000036,0.009999990463256836,0.010000000000000009,0.1100001335144043,0.10999999999999993
Average,0.0,0.0,0.0,0.0,0.04799995422363281,0.04800000000000003,0.007999992370605469,0.009999999999999986,0.11400012969970703,0.10799999999999996
