DatalogToCPPRealTime,DatalogToCPPCPUTime,CompileRealTime,CompileCPUTime,InstanceLoadingRealTime,InstanceLoadingCPUTime,LoadingFactRealTime,LoadingFactCPUTime,QueryRealTime,QueryCPUTime,WritingResultRealTime,WritingResultCPUTime
0.009999990463256836,0.0,1.5,1.53,0.000129167,0.000127,0.00242833,0.002427,0.00471962,0.004693,0.000178458,0.000178
0.009999990463256836,0.0,1.5,1.53,0.000142166,0.000141,0.00252629,0.002516,0.00689425,0.006877,0.000356292,0.000355
0.009999990463256836,0.0,1.5,1.54,0.000137792,0.000136,0.00264108,0.002605,0.007033,0.006945,0.000331,0.000329
0.009999990463256836,0.0,1.5,1.53,0.000139375,0.000139,0.00254796,0.002544,0.00682337,0.006773,0.000208375,0.000208
0.009999990463256836,0.0,1.5099999904632568,1.54,0.000144917,0.000143,0.00238854,0.002386,0.0072635,0.007234,0.000328334,0.000322
Average,0.009999990463256836,0.0,1.5019999980926513,1.534,0.0001386834,0.0001372,0.00250644,0.0024955999999999997,0.006546748,0.0065044000000000005,0.0002804918,0.0002784
