DatalogToCPPRealTime,DatalogToCPPCPUTime,CompileRealTime,CompileCPUTime,InstanceLoadingRealTime,InstanceLoadingCPUTime,LoadingFactRealTime,LoadingFactCPUTime,QueryRealTime,QueryCPUTime,WritingResultRealTime,WritingResultCPUTime
0.009999990463256836,0.0,1.4900000095367432,1.52,0.000138625,0.000136,0.00245192,0.00245,0.00979679,0.009743,0.000322667,0.000322
0.009999990463256836,0.0,1.5,1.53,0.000143542,0.000141,0.002245,0.002243,0.00921654,0.009193,0.000302625,0.000301
0.009999990463256836,0.0,1.5,1.52,0.000135584,0.000134,0.00224567,0.002243,0.00916812,0.009141,0.000295166,0.000294
0.009999990463256836,0.0,1.5,1.52,0.000151584,0.00015,0.00255021,0.002539,0.00996917,0.009927,0.000286708,0.000285
0.009999990463256836,0.0,1.4900000095367432,1.51,0.000151166,0.000149,0.00237187,0.002341,0.00880708,0.008744,0.000330375,0.000329
Average,0.009999990463256836,0.0,1.4960000038146972,1.52,0.0001441002,0.00014199999999999998,0.0023729339999999997,0.0023632,0.00939154,0.009349600000000001,0.00030750819999999997,0.00030619999999999996
