DatalogToCPPRealTime,DatalogToCPPCPUTime,CompileRealTime,CompileCPUTime,InstanceLoadingRealTime,InstanceLoadingCPUTime,LoadingFactRealTime,LoadingFactCPUTime,QueryRealTime,QueryCPUTime,WritingResultRealTime,WritingResultCPUTime
0.009999990463256836,0.0,1.4900000095367432,1.52,0.000203458,0.000177,0.00243437,0.002433,0.0164418,0.016346,0.000318291,0.000318
0.009999990463256836,0.0,1.5,1.53,0.000158667,0.000157,0.00238079,0.00238,0.0164189,0.016367,0.000303166,0.000302
0.009999990463256836,0.0,1.5,1.52,0.000189458,0.000187,0.00261421,0.002582,0.0160497,0.015949,0.000317625,0.000317
0.009999990463256836,0.0,1.5199999809265137,1.53,0.000160375,0.000158,0.00248587,0.002448,0.0158915,0.015769,0.000285792,0.000285
0.009999990463256836,0.0,1.5,1.52,0.000162417,0.000162,0.00255913,0.002539,0.0171296,0.017076,0.000272292,0.000226
Average,0.009999990463256836,0.0,1.5019999980926513,1.5240000000000002,0.000174875,0.0001682,0.002494874,0.0024763999999999997,0.0163863,0.0163014,0.00029943319999999995,0.0002896
