DatalogToCPPRealTime,DatalogToCPPCPUTime,CompileRealTime,CompileCPUTime,InstanceLoadingRealTime,InstanceLoadingCPUTime,LoadingFactRealTime,LoadingFactCPUTime,QueryRealTime,QueryCPUTime,WritingResultRealTime,WritingResultCPUTime
0.010000228881835938,0.0,1.5099999904632568,1.54,0.000135666,0.000134,0.00317879,0.003175,0.0095255,0.009479,0.00021375,0.000213
0.009999990463256836,0.0,1.5,1.51,0.000167625,0.000166,0.00317092,0.003169,0.00973054,0.009677,0.000273792,0.000272
0.009999990463256836,0.0,1.5,1.53,0.000123541,0.000122,0.00180921,0.001808,0.00676483,0.006761,0.000214416,0.000213
0.009999990463256836,0.010000000000000002,1.5099999904632568,1.53,0.000111916,0.000111,0.00282704,0.002823,0.00934313,0.009322,0.000310875,0.00031
0.010000228881835938,0.0,1.5,1.53,0.000151708,0.000134,0.00329996,0.003252,0.00947862,0.009435,0.000282041,0.000281
Average,0.010000085830688477,0.0020000000000000005,1.5039999961853028,1.528,0.0001380912,0.00013340000000000002,0.0028571839999999996,0.0028453999999999997,0.008968524,0.0089348,0.0002589748,0.0002578
