DatalogToCPPRealTime,DatalogToCPPCPUTime,CompileRealTime,CompileCPUTime,InstanceLoadingRealTime,InstanceLoadingCPUTime,LoadingFactRealTime,LoadingFactCPUTime,QueryRealTime,QueryCPUTime,WritingResultRealTime,WritingResultCPUTime
0.009999990463256836,0.0,1.5,1.53,0.000136459,0.000136,0.00202088,0.002016,0.00715729,0.007104,0.000198209,0.000198
0.009999990463256836,0.0,1.4900000095367432,1.52,0.000147958,0.000139,0.00197663,0.001975,0.00748238,0.007441,0.000311667,0.000311
0.009999990463256836,0.0,1.5099999904632568,1.53,0.000130167,0.000128,0.00205283,0.002032,0.00747837,0.007442,0.000305458,0.000301
0.009999990463256836,0.0,1.5,1.52,0.000232583,0.00023,0.00204721,0.002044,0.00708212,0.007044,0.000370416,0.000369
0.009999990463256836,0.0,1.5,1.53,0.000218834,0.000214,0.00197967,0.001978,0.00748608,0.007461,0.000365708,0.000364
Average,0.009999990463256836,0.0,1.5,1.526,0.0001732002,0.00016939999999999997,0.0020154439999999995,0.002009,0.007337248,0.007298400000000001,0.00031029159999999996,0.00030859999999999997
