DatalogToCPPRealTime,DatalogToCPPCPUTime,CompileRealTime,CompileCPUTime,InstanceLoadingRealTime,InstanceLoadingCPUTime,LoadingFactRealTime,LoadingFactCPUTime,QueryRealTime,QueryCPUTime,WritingResultRealTime,WritingResultCPUTime
0.009999990463256836,0.010000000000000002,1.5,1.52,0.000170709,0.000153,0.013032,0.012956,19.6199,19.5876,0.000580375,0.000467
0.009999990463256836,0.010000000000000002,1.5,1.54,0.000203208,0.000199,0.0148785,0.014834,19.6433,19.6097,0.000554916,0.00048
0.010000228881835938,0.0,1.5,1.52,0.000147917,0.000146,0.0130779,0.013038,19.6287,19.593,0.00042875,0.000428
0.009999990463256836,0.010000000000000002,1.5,1.51,0.000167917,0.000166,0.0135785,0.013554,19.6088,19.5762,0.000483291,0.000432
0.009999990463256836,0.010000000000000002,1.5,1.51,0.000165625,0.000164,0.0137158,0.013647,19.6249,19.5939,0.000541208,0.000477
Average,0.010000038146972656,0.008000000000000002,1.5,1.52,0.00017107519999999998,0.0001656,0.01365654,0.013605800000000001,19.62512,19.592080000000003,0.000517708,0.0004568
