DatalogToCPPRealTime,DatalogToCPPCPUTime,CompileRealTime,CompileCPUTime,InstanceLoadingRealTime,InstanceLoadingCPUTime,LoadingFactRealTime,LoadingFactCPUTime,QueryRealTime,QueryCPUTime,WritingResultRealTime,WritingResultCPUTime
0.009999990463256836,0.010000000000000002,1.4800000190734863,1.5,0.000159,0.000157,0.0051105,0.005064,0.0565859,0.056393,0.000217542,0.000197
0.009999990463256836,0.0,1.4800000190734863,1.5,0.000146458,0.000145,0.00445554,0.004414,0.0555074,0.055437,0.000239542,0.000239
0.009999990463256836,0.0,1.4700000286102295,1.51,0.000141125,0.000139,0.00451513,0.00442,0.0544933,0.054466,0.0002205,0.000221
0.009999990463256836,0.010000000000000002,1.4900000095367432,1.52,0.0001445,0.000143,0.00435008,0.004336,0.0551309,0.05506,0.0002345,0.000234
0.0,0.010000000000000002,1.4700000286102295,1.5,0.000148833,0.000147,0.00426358,0.004195,0.0551015,0.055049,0.000264375,0.000154
Average,0.007999992370605469,0.006000000000000001,1.478000020980835,1.5059999999999998,0.00014798319999999998,0.0001462,0.004538966,0.0044858,0.055363800000000005,0.055281000000000004,0.0002352918,0.00020900000000000004
