DatalogToCPPRealTime,DatalogToCPPCPUTime,CompileRealTime,CompileCPUTime,InstanceLoadingRealTime,InstanceLoadingCPUTime,LoadingFactRealTime,LoadingFactCPUTime,QueryRealTime,QueryCPUTime,WritingResultRealTime,WritingResultCPUTime
0.009999990463256836,0.010000000000000002,1.4800000190734863,1.51,0.000157208,0.000156,0.0219384,0.020476,1.40199,1.39967,0.000369125,0.000325
0.009999990463256836,0.010000000000000002,1.4800000190734863,1.5,0.00015275,0.000146,0.0178531,0.017775,1.40445,1.40241,0.000412333,0.000408
0.009999990463256836,0.010000000000000002,1.4800000190734863,1.51,0.000144583,0.000142,0.0187168,0.018668,1.40011,1.39786,0.0005745,0.000474
0.009999990463256836,0.010000000000000002,1.4900000095367432,1.51,0.000183333,0.000181,0.0171283,0.017084,1.40237,1.40027,0.000363416,0.000363
0.009999990463256836,0.019999999999999983,1.4900000095367432,1.51,0.000133375,0.000132,0.018142,0.018111,1.39783,1.39537,0.000543583,0.000421
Average,0.009999990463256836,0.011999999999999999,1.484000015258789,1.5079999999999998,0.0001542498,0.00015139999999999997,0.018755719999999997,0.0184228,1.4013499999999999,1.3991159999999998,0.00045259140000000005,0.00039820000000000003
