DatalogToCPPRealTime,DatalogToCPPCPUTime,CompileRealTime,CompileCPUTime,InstanceLoadingRealTime,InstanceLoadingCPUTime,LoadingFactRealTime,LoadingFactCPUTime,QueryRealTime,QueryCPUTime,WritingResultRealTime,WritingResultCPUTime
0.009999990463256836,0.010000000000000002,1.5,1.51,0.000132917,0.000131,0.0220368,0.021963,2.97138,2.966,0.000503084,0.000503
0.009999990463256836,0.010000000000000002,1.5,1.53,0.000144583,0.000143,0.0192525,0.019221,2.96817,2.96332,0.000367083,0.000366
0.009999990463256836,0.010000000000000002,1.4900000095367432,1.52,0.000128375,0.000126,0.0220543,0.021966,2.96262,2.95771,0.000485042,0.000484
0.009999990463256836,0.010000000000000002,1.5,1.51,0.000167792,0.000164,0.0227883,0.022703,2.96232,2.95745,0.00034825,0.000348
0.009999990463256836,0.010000000000000002,1.5,1.52,0.000165792,0.000164,0.0238736,0.023819,2.95738,2.95261,0.000489584,0.000488
Average,0.009999990463256836,0.010000000000000002,1.4980000019073487,1.518,0.00014789179999999999,0.00014560000000000002,0.0220011,0.0219344,2.9643740000000003,2.9594180000000003,0.0004386086,0.0004378
