DatalogToCPPRealTime,DatalogToCPPCPUTime,CompileRealTime,CompileCPUTime,InstanceLoadingRealTime,InstanceLoadingCPUTime,LoadingFactRealTime,LoadingFactCPUTime,QueryRealTime,QueryCPUTime,WritingResultRealTime,WritingResultCPUTime
0.009999990463256836,0.010000000000000002,1.4800000190734863,1.5,0.000142666,0.000142,0.027854,0.027825,6.52773,6.51669,0.000331667,0.00033
0.009999990463256836,0.010000000000000002,1.4800000190734863,1.5,0.000152291,0.00015,0.0275857,0.027434,6.54253,6.53139,0.000371833,0.000368
0.009999990463256836,0.010000000000000002,1.5,1.53,0.000145583,0.000143,0.0266517,0.026587,6.5261,6.5154,0.00046975,0.000415
0.009999990463256836,0.0,1.5,1.53,0.000153042,0.000151,0.0284694,0.028418,6.54325,6.5327,0.000370041,0.00037
0.009999990463256836,0.0,1.5,1.53,0.000144542,0.000144,0.0287202,0.028609,6.52816,6.51684,0.000437542,0.000387
Average,0.009999990463256836,0.006000000000000001,1.4920000076293944,1.5180000000000002,0.0001476248,0.00014600000000000003,0.027856200000000005,0.0277746,6.5335540000000005,6.522603999999999,0.0003961666,0.000374
