DatalogToCPPRealTime,DatalogToCPPCPUTime,CompileRealTime,CompileCPUTime,InstanceLoadingRealTime,InstanceLoadingCPUTime,LoadingFactRealTime,LoadingFactCPUTime,QueryRealTime,QueryCPUTime,WritingResultRealTime,WritingResultCPUTime
0.009999990463256836,0.010000000000000002,1.5,1.52,0.000164208,0.000162,0.0157917,0.015694,38.0721,38.0071,0.000434834,0.000434
0.009999990463256836,0.0,1.5,1.52,0.0001665,0.000164,0.0157188,0.015676,38.1273,38.0647,0.000629542,0.000494
0.009999990463256836,0.0,1.5,1.52,0.000173542,0.000172,0.0176007,0.017528,38.046,37.9836,0.000382541,0.000381
0.009999990463256836,0.010000000000000002,1.5099999904632568,1.53,0.0001425,0.000141,0.0138327,0.013756,38.0486,37.9832,0.000579667,0.000481
0.009999990463256836,0.010000000000000002,1.5,1.52,0.000147667,0.000146,0.0160488,0.015978,38.0895,38.0274,0.000475833,0.000421
Average,0.009999990463256836,0.006000000000000001,1.5019999980926513,1.5220000000000002,0.0001588834,0.000157,0.01579854,0.0157264,38.076699999999995,38.0132,0.0005004833999999999,0.00044219999999999996
