CreateTableRealTime,CreateTableCPUTime,LoadDataRealTime,LoadDataCPUTime,CreateIndexRealTime,CreateIndexCPUTime,AnalyzeRealTime,AnalyzeCPUTime,ExecuteQueryRealTime,ExecuteQueryCPUTime,WriteResultRealTime,WriteResultCPUTime
0.000370624999050051,0.0003449999999999842,0.0012089170049875975,0.0009310000000000151,0.00040029099909588695,0.00046400000000001995,7.745798211544752e-05,9.40000000000385e-05,0.09268412500387058,0.128537,0.005746916984207928,0.013284000000000018
0.000371375004760921,0.0003489999999999882,0.0008201670134440064,0.0008549999999999947,0.000336957979016006,0.0003790000000000182,6.470800144597888e-05,8.60000000000305e-05,0.10714449995430186,0.24755600000000005,0.005619125033263117,0.012858000000000036
0.00037833297392353415,0.00035599999999996745,0.0009091250249184668,0.0009139999999999704,0.00043162499787285924,0.00044600000000000195,7.170799653977156e-05,9.300000000000974e-05,0.0976768329855986,0.13288499999999998,0.00570479198358953,0.01323599999999997
0.000325749977491796,0.0003290000000000237,0.0008314999868161976,0.0008479999999999599,0.0004065419780090451,0.0005980000000000429,6.466597551479936e-05,7.80000000000225e-05,0.09270275000017136,0.127473,0.005784209002740681,0.013315000000000021
0.0003755830111913383,0.00035000000000001696,0.0008276249864138663,0.0008409999999999807,0.0003647499834187329,0.0004529999999999812,6.187503458932042e-05,7.499999999999174e-05,0.10903433302883059,0.247193,0.006014958024024963,0.013542000000000054
Average,0.00036433319328352807,0.0003457999999999961,0.000919466803316027,0.0008777999999999841,0.00038803318748250606,0.00046800000000001284,6.808299804106355e-05,8.520000000001859e-05,0.0998485081945546,0.17672880000000002,0.005774000205565244,0.01324700000000002
