CreateTableRealTime,CreateTableCPUTime,LoadDataRealTime,LoadDataCPUTime,CreateIndexRealTime,CreateIndexCPUTime,AnalyzeRealTime,AnalyzeCPUTime,ExecuteQueryRealTime,ExecuteQueryCPUTime,WriteResultRealTime,WriteResultCPUTime
0.009999997913837433,0.02000000000000001,0.0,0.0,0.009999997913837433,0.0,0.0,0.0,0.040000006556510925,0.08,0.009999997913837433,0.0
0.009999997913837433,0.0,0.0,0.020000000000000007,0.01000000536441803,0.0,0.0,0.0,0.03999999910593033,0.06,0.0,0.0
0.0,0.0,0.009999997913837433,0.0,0.01000000536441803,0.0,0.0,0.010000000000000009,0.03999999910593033,0.05000000000000003,0.0,0.0
Average,0.006666665275891622,0.0066666666666666706,0.003333332637945811,0.006666666666666669,0.010000002880891165,0.0,0.0,0.003333333333333336,0.04000000158945719,0.06333333333333335,0.003333332637945811,0.0
