CreateTableRealTime,CreateTableCPUTime,LoadDataRealTime,LoadDataCPUTime,CreateIndexRealTime,CreateIndexCPUTime,AnalyzeRealTime,AnalyzeCPUTime,ExecuteQueryRealTime,ExecuteQueryCPUTime,WriteResultRealTime,WriteResultCPUTime
0.00035316694993525743,0.0003270000000000217,0.0008896249928511679,0.0007190000000000252,0.00033825001446530223,0.0004170000000000007,6.783398566767573e-05,9.100000000000774e-05,0.039983500028029084,0.06060700000000002,0.00208583299536258,0.0021019999999999928
0.0003635000321082771,0.0003329999999999722,0.0007152499747462571,0.0006940000000000279,0.0003697079955600202,0.00043199999999998795,6.612500874325633e-05,8.099999999999774e-05,0.04907249996904284,0.11574699999999999,0.0021734580514021218,0.0022090000000000165
0.00039954198291525245,0.00036200000000002897,0.0009029579814523458,0.0009669999999999956,0.0003636659821495414,0.0004010000000000402,5.112495273351669e-05,6.60000000000105e-05,0.05909562500892207,0.13465700000000003,0.0023482079850509763,0.00440299999999999
0.00035145803121849895,0.00031000000000003247,0.0006602919893339276,0.0006809999999999872,0.0003428750205785036,0.00037600000000004297,6.379198748618364e-05,7.899999999999574e-05,0.060512666997965425,0.09908,0.0023832079605199397,0.004496
0.0003402919974178076,0.00032999999999999696,0.0007274170056916773,0.0007170000000000232,0.00038616597885265946,0.00046200000000001795,5.0708011258393526e-05,7.399999999996298e-05,0.04148870799690485,0.06306100000000003,0.002276458020787686,0.002242999999999995
Average,0.0003615917987190187,0.00033240000000001046,0.0007791083888150751,0.0007556000000000119,0.00036013299832120537,0.00041760000000001796,5.9916789177805184e-05,7.819999999999493e-05,0.050030600000172856,0.09463040000000002,0.002253433002624661,0.003090599999999999
