CreateTableRealTime,CreateTableCPUTime,LoadDataRealTime,LoadDataCPUTime,CreateIndexRealTime,CreateIndexCPUTime,AnalyzeRealTime,AnalyzeCPUTime,ExecuteQueryRealTime,ExecuteQueryCPUTime,WriteResultRealTime,WriteResultCPUTime
0.0003738749655894935,0.00037399999999998546,0.0011118329712189734,0.0008859999999999979,0.0004676670068874955,0.0005430000000000157,8.191599044948816e-05,0.00011099999999997223,0.07384787499904633,0.099719,0.0056817090371623635,0.01083400000000001
0.0003854589886032045,0.00034000000000000696,0.0007896670140326023,0.0008110000000000062,0.00041170796612277627,0.0004790000000000072,6.466597551479936e-05,8.599999999997499e-05,0.07530908298213035,0.102771,0.005714084021747112,0.010938000000000003
0.0003497920115478337,0.0003409999999999802,0.0008403329993598163,0.0008480000000000154,0.00036520801950246096,0.00044199999999999795,6.233400199562311e-05,7.700000000004925e-05,0.08781258302042261,0.20049699999999998,0.005620707990601659,0.010862999999999956
0.0003855840186588466,0.00036000000000002697,0.0007972080493345857,0.0008150000000000102,0.00038466695696115494,0.00043399999999998995,6.870896322652698e-05,8.900000000000574e-05,0.09658699994906783,0.21376499999999998,0.0055738340015523136,0.010803000000000007
0.0003731250180862844,0.00035999999999997145,0.000799959001597017,0.0008259999999999934,0.00036225002259016037,0.00041400000000002546,4.6291970647871494e-05,6.60000000000105e-05,0.07514120801351964,0.10729700000000003,0.0057706660008989275,0.011068999999999996
Average,0.00037356700049713255,0.0003549999999999942,0.0008678000071085989,0.0008372000000000046,0.0003982999944128096,0.00046240000000000723,6.478338036686182e-05,8.580000000000255e-05,0.08173954979283735,0.1448098,0.005672200210392475,0.010901399999999995
