CreateTableRealTime,CreateTableCPUTime,LoadDataRealTime,LoadDataCPUTime,CreateIndexRealTime,CreateIndexCPUTime,AnalyzeRealTime,AnalyzeCPUTime,ExecuteQueryRealTime,ExecuteQueryCPUTime,WriteResultRealTime,WriteResultCPUTime
0.000344583997502923,0.0003410000000000357,0.0010632500052452087,0.0010680000000000134,0.0004213749780319631,0.0004349999999999632,4.733301466330886e-05,6.699999999998374e-05,0.16934579203370959,0.21963000000000005,0.007462416950147599,0.030232000000000037
0.00033479201374575496,0.0003390000000000337,0.001039957976900041,0.0010549999999999726,0.0004098750068806112,0.0004569999999999852,6.262504030019045e-05,7.699999999999374e-05,0.19583300000522286,0.453621,0.006374999997206032,0.027591000000000032
0.0003269579610787332,0.0003289999999999682,0.001012332970276475,0.0010310000000000041,0.0003701249952428043,0.0004129999999999967,4.716700641438365e-05,6.999999999995898e-05,0.19978066603653133,0.46042900000000003,0.006228792015463114,0.02771200000000007
0.0003959579626098275,0.0003709999999999547,0.0011300829937681556,0.0011249999999999871,0.0004771249950863421,0.0004979999999999984,7.458298932760954e-05,9.799999999998699e-05,0.19791874999646097,0.46580600000000005,0.006581166002433747,0.028133999999999992
0.00034808297641575336,0.00032799999999999496,0.001183916989248246,0.0010569999999999746,0.00039412500336766243,0.0004009999999999847,4.824995994567871e-05,6.899999999998574e-05,0.17012370796874166,0.222076,0.007057042035739869,0.02893000000000001
Average,0.00035007498227059843,0.00034159999999999746,0.0010859081870876254,0.0010671999999999904,0.00041452499572187663,0.00044079999999998567,5.599160213023424e-05,7.619999999998184e-05,0.18660038320813327,0.36431240000000004,0.006740883400198072,0.02851980000000003
