CreateTableRealTime,CreateTableCPUTime,LoadDataRealTime,LoadDataCPUTime,CreateIndexRealTime,CreateIndexCPUTime,AnalyzeRealTime,AnalyzeCPUTime,ExecuteQueryRealTime,ExecuteQueryCPUTime,WriteResultRealTime,WriteResultCPUTime
0.00034854194382205606,0.00033400000000000096,0.0007653329521417618,0.0006079999999999974,0.0003090830286964774,0.00032999999999999696,5.724997026845813e-05,8.80000000000325e-05,0.015493874961975962,0.03547499999999998,0.0006788329919800162,0.0010840000000000294
0.00036616699071601033,0.0003549999999999942,0.0005497499951161444,0.0005720000000000169,0.00038758304435759783,0.00042799999999998395,5.458400119096041e-05,7.699999999999374e-05,0.013552250049542636,0.020054000000000016,0.0010109160211868584,0.0008529999999999927
0.0003701250534504652,0.0003549999999999942,0.0005798329948447645,0.0005839999999999734,0.0003864159807562828,0.0004450000000000287,5.904200952500105e-05,7.699999999999374e-05,0.014836125017609447,0.033174999999999955,0.0010890419944189489,0.0008070000000000022
0.0003692079917527735,0.0003509999999999902,0.0007389159873127937,0.0006050000000000222,0.001536166004370898,0.00045199999999995244,6.179098272696137e-05,7.999999999996898e-05,0.013201125024352223,0.020065,0.0008091249619610608,0.0008389999999999787
0.0003637499758042395,0.0003630000000000022,0.0006176250171847641,0.0007460000000000244,0.00032779097091406584,0.0004409999999999692,8.320796769112349e-05,8.500000000000174e-05,0.015812707948498428,0.03525299999999998,0.0007892500143498182,0.0013480000000000159
Average,0.0003635583911091089,0.00035159999999999635,0.0006502913893200457,0.0006230000000000069,0.0005894078058190644,0.00041919999999998623,6.317498628050089e-05,8.139999999999814e-05,0.014579216600395739,0.028804399999999987,0.0008754331967793405,0.0009862000000000037
