CreateTableRealTime,CreateTableCPUTime,LoadDataRealTime,LoadDataCPUTime,CreateIndexRealTime,CreateIndexCPUTime,AnalyzeRealTime,AnalyzeCPUTime,ExecuteQueryRealTime,ExecuteQueryCPUTime,WriteResultRealTime,WriteResultCPUTime
0.00655923000022085,0.0017643999999999993,0.006879153999761911,0.0035187999999999886,0.006434497999634914,0.002278499999999961,0.0006549409999934142,0.0009346000000000076,0.41537705200016717,0.8390628,0.009160093999980745,0.009327000000000085
0.006226799000160099,0.0015319999999999778,0.0068195190001461015,0.004740899999999992,0.006944693000150437,0.003164100000000003,0.0004160280000178318,0.0005788999999999933,0.2546662810000271,0.3684209,0.0089010890001191,0.01597880000000007
Average,0.006393014500190475,0.0016481999999999886,0.006849336499954006,0.0041298499999999905,0.0066895954998926754,0.002721299999999982,0.000535484500005623,0.0007567500000000005,0.3350216665000971,0.60374185,0.009030591500049923,0.012652900000000078
