CreateTableRealTime,CreateTableCPUTime,LoadDataRealTime,LoadDataCPUTime,CreateIndexRealTime,CreateIndexCPUTime,AnalyzeRealTime,AnalyzeCPUTime,ExecuteQueryRealTime,ExecuteQueryCPUTime,WriteResultRealTime,WriteResultCPUTime
0.006338641999718675,0.001371100000000014,0.007037997000225005,0.003205599999999975,0.006057358999896678,0.0019021000000000177,0.0004455630000848032,0.0006025000000000058,0.15063576200009265,0.22416420000000004,0.003359812000326201,0.0035237000000000185
0.006182259000070189,0.0011823999999999724,0.005624979000003805,0.0031003000000000003,0.00776648800001567,0.0013680000000000359,0.000926530000015191,0.001310699999999998,0.1848379319999367,0.3492204,0.003701300000102492,0.0037994999999999557
Average,0.006260450499894432,0.0012767499999999932,0.006331488000114405,0.0031529499999999877,0.006911923499956174,0.0016350500000000268,0.0006860465000499971,0.0009566000000000019,0.16773684700001468,0.2866923,0.0035305560002143466,0.003661599999999987
