CreateTableRealTime,CreateTableCPUTime,LoadDataRealTime,LoadDataCPUTime,CreateIndexRealTime,CreateIndexCPUTime,AnalyzeRealTime,AnalyzeCPUTime,ExecuteQueryRealTime,ExecuteQueryCPUTime,WriteResultRealTime,WriteResultCPUTime
0.0003831670037470758,0.0003529999999999922,0.0006341669941321015,0.0006140000000000034,0.00030108296778053045,0.00034600000000001296,6.42079976387322e-05,8.299999999999974e-05,0.018471250019501895,0.029550999999999994,0.0007532089948654175,0.0007920000000000149
0.0003629170241765678,0.0003329999999999722,0.0006387910107150674,0.0006190000000000362,0.0003968750243075192,0.00038799999999999946,7.924996316432953e-05,9.900000000001574e-05,0.02561387501191348,0.03897199999999995,0.0008790420251898468,0.0009120000000000239
0.00035695801489055157,0.0003450000000000397,0.0005960420239716768,0.0005879999999999774,0.0005279589677229524,0.0005499999999999949,5.745800444856286e-05,7.699999999999374e-05,0.022643167001660913,0.03354799999999997,0.0008278749883174896,0.0008589999999999987
0.00036395800998434424,0.00033199999999999896,0.0006706670392304659,0.0006500000000000394,0.0003388330223970115,0.00040600000000001746,5.725002847611904e-05,7.00000000000145e-05,0.02120291697792709,0.04860900000000001,0.0008613329846411943,0.0008810000000000207
0.00033962499583140016,0.00034800000000001496,0.0006509170052595437,0.0007139999999999924,0.0003159170155413449,0.0003529999999999922,6.845901953056455e-05,9.20000000000365e-05,0.023332374985329807,0.054815,0.0008831660379655659,0.0009009999999999851
Average,0.00036132500972598793,0.0003422000000000036,0.0006381168146617711,0.0006370000000000097,0.00037613339954987166,0.0004086000000000034,6.532500265166163e-05,8.420000000001205e-05,0.022252716799266638,0.04109899999999998,0.0008409250061959028,0.0008690000000000087
