CreateTableRealTime,CreateTableCPUTime,LoadDataRealTime,LoadDataCPUTime,CreateIndexRealTime,CreateIndexCPUTime,AnalyzeRealTime,AnalyzeCPUTime,ExecuteQueryRealTime,ExecuteQueryCPUTime,WriteResultRealTime,WriteResultCPUTime
0.006002609000006487,0.0016015000000000335,0.0075181240003985295,0.0038833999999999813,0.006134698999630928,0.0018988000000000338,0.0005132740002409264,0.0008094000000000157,0.276182960999904,0.556926,0.006555999000283919,0.0066694000000000475
0.006446128999868961,0.0018005999999999855,0.007185086999925261,0.003388200000000008,0.008016636000320432,0.003452899999999981,0.00040813800023897784,0.0004765999999999937,0.27144540699964637,0.54683,0.006880100999751448,0.007009200000000049
Average,0.006224368999937724,0.0017010500000000095,0.007351605500161895,0.0036357999999999946,0.00707566749997568,0.0026758500000000074,0.0004607060002399521,0.0006430000000000047,0.2738141839997752,0.5518780000000001,0.0067180500000176835,0.006839300000000048
