CreateTableRealTime,CreateTableCPUTime,LoadDataRealTime,LoadDataCPUTime,CreateIndexRealTime,CreateIndexCPUTime,AnalyzeRealTime,AnalyzeCPUTime,ExecuteQueryRealTime,ExecuteQueryCPUTime,WriteResultRealTime,WriteResultCPUTime
0.0,0.0,0.009999997913837433,0.0,0.0,0.0,0.0,0.0,0.07999999821186066,0.14999999999999997,0.009999997913837433,0.010000000000000009
0.009999997913837433,0.0,0.0,0.0,0.009999997913837433,0.0,0.0,0.0,0.08000000566244125,0.15,0.0,0.0
0.009999997913837433,0.0,0.009999997913837433,0.0,0.0,0.009999999999999953,0.0,0.0,0.11000000685453415,0.19000000000000003,0.0,0.010000000000000009
Average,0.006666665275891622,0.0,0.006666665275891622,0.0,0.003333332637945811,0.003333333333333318,0.0,0.0,0.09000000357627869,0.16333333333333333,0.003333332637945811,0.006666666666666672
