CreateTableRealTime,CreateTableCPUTime,LoadDataRealTime,LoadDataCPUTime,CreateIndexRealTime,CreateIndexCPUTime,AnalyzeRealTime,AnalyzeCPUTime,ExecuteQueryRealTime,ExecuteQueryCPUTime,WriteResultRealTime,WriteResultCPUTime
0.00035845901584252715,0.00034000000000000696,0.0009969590464606881,0.0010049999999999781,0.0005059590330347419,0.0007159999999999944,7.979199290275574e-05,9.900000000001574e-05,0.1524153749924153,0.20183299999999998,0.005902333010453731,0.022772999999999988
0.0003784169675782323,0.00036199999999997345,0.0010476660099811852,0.0011240000000000139,0.00034895900171250105,0.00039199999999994795,4.312500823289156e-05,5.8000000000002494e-05,0.14642095798626542,0.19276100000000002,0.0066010410082526505,0.023635000000000073
0.00034425000194460154,0.0003310000000000257,0.0009827499743551016,0.0009870000000000156,0.00041387497913092375,0.0004569999999999852,6.29170099273324e-05,8.099999999999774e-05,0.17259183299029246,0.38676200000000005,0.006336625025141984,0.02343099999999998
0.0003545420477166772,0.0003369999999999762,0.0010499589843675494,0.0010600000000000054,0.0003997500170953572,0.00046800000000002395,6.070901872590184e-05,7.499999999999174e-05,0.17640533298254013,0.40044399999999997,0.006255791988223791,0.023540000000000005
0.0003352499916218221,0.00034000000000000696,0.0010507910046726465,0.0011149999999999771,0.000396332994569093,0.0004289999999999572,5.224999040365219e-05,6.499999999998174e-05,0.1581136249587871,0.21005800000000002,0.006153499998617917,0.023341000000000056
Average,0.00035418360494077206,0.00034199999999999785,0.001025625003967434,0.001058199999999998,0.00041297520510852337,0.0004923999999999817,5.9758604038506746e-05,7.55999999999979e-05,0.16118942478206008,0.2783716,0.006249858206138015,0.02334400000000002
