CreateTableRealTime,CreateTableCPUTime,LoadDataRealTime,LoadDataCPUTime,CreateIndexRealTime,CreateIndexCPUTime,AnalyzeRealTime,AnalyzeCPUTime,ExecuteQueryRealTime,ExecuteQueryCPUTime,WriteResultRealTime,WriteResultCPUTime
0.009999997913837433,0.0,0.0,0.0,0.01000000536441803,0.0,0.0,0.010000000000000009,0.11999999731779099,0.21999999999999995,0.0,0.0
0.0,0.0,0.009999997913837433,0.010000000000000009,0.01000000536441803,0.0,0.0,0.0,0.1599999964237213,0.30000000000000004,0.0,0.010000000000000009
0.01000000536441803,0.0,0.0,0.0,0.009999997913837433,0.009999999999999953,0.0,0.0,0.11999999731779099,0.22,0.0,0.010000000000000009
Average,0.0066666677594184875,0.0,0.003333332637945811,0.003333333333333336,0.010000002880891165,0.003333333333333318,0.0,0.003333333333333336,0.1333333303531011,0.24666666666666667,0.0,0.006666666666666672
