CreateTableRealTime,CreateTableCPUTime,LoadDataRealTime,LoadDataCPUTime,CreateIndexRealTime,CreateIndexCPUTime,AnalyzeRealTime,AnalyzeCPUTime,ExecuteQueryRealTime,ExecuteQueryCPUTime,WriteResultRealTime,WriteResultCPUTime
0.00036449998151510954,0.00034200000000000896,0.0012733329785987735,0.0010040000000000049,0.0006116249714978039,0.0005600000000000049,7.1333022788167e-05,8.699999999994823e-05,0.13617004198022187,0.18348899999999996,0.00572141696466133,0.01866100000000004
0.00033420801628381014,0.00034000000000000696,0.001078583998605609,0.0010799999999999699,0.0003910409868694842,0.0004490000000000327,5.9792015235871077e-05,7.299999999998974e-05,0.15539920900482684,0.359708,0.005809209018480033,0.018577000000000066
0.00037858402356505394,0.00034600000000001296,0.001070750004146248,0.0010619999999999519,0.0004045419627800584,0.00040000000000001146,8.849997539073229e-05,0.000126000000000015,0.15400516701629385,0.34418200000000004,0.0059910829877480865,0.019564999999999944
0.0003577499883249402,0.0003569999999999962,0.0009409170015715063,0.0009589999999999876,0.0003982909838669002,0.0004589999999999872,6.108300294727087e-05,7.299999999998974e-05,0.1291940410155803,0.17166499999999996,0.006237790978047997,0.020154000000000005
0.00033758400240913033,0.0003370000000000317,0.0009656250476837158,0.0009939999999999949,0.0004606249858625233,0.0005040000000000044,6.212497828528285e-05,8.40000000000285e-05,0.12677620799513534,0.16941499999999998,0.005693042010534555,0.01844399999999996
Average,0.0003545252024196088,0.00034440000000001135,0.0010658418061211706,0.0010197999999999817,0.000453224778175354,0.00047440000000000817,6.856659892946481e-05,8.859999999999424e-05,0.14030893340241163,0.2456918,0.0058905083918944,0.019080200000000002
