CreateTableRealTime,CreateTableCPUTime,LoadDataRealTime,LoadDataCPUTime,CreateIndexRealTime,CreateIndexCPUTime,AnalyzeRealTime,AnalyzeCPUTime,ExecuteQueryRealTime,ExecuteQueryCPUTime,WriteResultRealTime,WriteResultCPUTime
0.0,0.0,0.009999997913837433,0.0,0.0,0.009999999999999953,0.009999997913837433,0.0,0.24000000208616257,0.47,0.0,0.0
0.0,0.0,0.009999997913837433,0.009999999999999998,0.01000000536441803,0.0,0.0,0.0,0.22999999672174454,0.4600000000000001,0.009999997913837433,0.010000000000000009
0.0,0.0,0.01000000536441803,0.010000000000000009,0.009999997913837433,0.0,0.0,0.0,0.2199999988079071,0.43999999999999995,0.0,0.010000000000000009
Average,0.0,0.0,0.010000000397364298,0.006666666666666669,0.0066666677594184875,0.003333333333333318,0.003333332637945811,0.0,0.2299999992052714,0.4566666666666667,0.003333332637945811,0.006666666666666672
