LoadRulesRealTime,LoadRulesCPUTime,LoadFactsRealTime,LoadFactsCPUTime,QueryRealTime,QueryCPUTime,WriteRealTime,WriteCPUTime
0.00118112564086914,0.000553000000000001,0.00059199333190918,0.000274999999999999,3.09944152832031e-05,2.39999999999997e-05,0.00040984153747558594,0.0001230000000000003
0.00116491317749023,0.000548999999999999,0.000596046447753906,0.000276,2.69412994384766e-05,2.30000000000005e-05,0.0004169940948486324,0.0001220000000000005
0.00116991996765137,0.000565,0.000599145889282227,0.000274,2.47955322265625e-05,2.30000000000005e-05,0.0004353523254394535,0.00012499999999999848
0.00117802619934082,0.000550999999999999,0.000612974166870117,0.000279000000000001,3.60012054443359e-05,3.3e-05,0.0004098415374755861,0.000112000000000001
0.00114297866821289,0.000548999999999999,0.000597000122070312,0.000276,2.69412994384766e-05,2.30000000000005e-05,0.0004210472106933594,0.0001289999999999985
Average,0.0011673927307128899,0.0005533999999999997,0.0005994319915771484,0.000276,2.9134750366210938e-05,2.520000000000024e-05,0.0004186153411865234,0.00012219999999999977
