LoadRulesRealTime,LoadRulesCPUTime,LoadFactsRealTime,LoadFactsCPUTime,QueryRealTime,QueryCPUTime,WriteRealTime,WriteCPUTime
0.00118303298950195,0.000557,0.00103116035461426,0.000663,1.29352188110352,1.289757,0.010489225387569912,0.010324
0.00118708610534668,0.000560999999999999,0.00102996826171875,0.000667000000000001,1.31510496139526,1.311077,-0.018965005874629792,-0.019743999999999984
0.00117087364196777,0.000554000000000001,0.00105595588684082,0.000678999999999999,1.29949712753296,1.296119,0.018721818923949973,0.018008000000000024
0.0011749267578125,0.000550999999999999,0.00104093551635742,0.000676000000000001,1.29661393165588,1.293455,0.0001962184905999198,-0.0006990000000000052
0.0011749267578125,0.000553,0.00103497505187988,0.000668,1.2891731262207,1.285811,0.025976896286010076,0.02466999999999997
Average,0.00117816925048828,0.0005551999999999998,0.001038599014282226,0.0006706000000000001,1.298782205581664,1.2952438,0.007283830642700018,0.006511800000000001
