LoadRulesRealTime,LoadRulesCPUTime,LoadFactsRealTime,LoadFactsCPUTime,QueryRealTime,QueryCPUTime,WriteRealTime,WriteCPUTime
0.00119900703430176,0.000563000000000001,0.000700950622558594,0.000350999999999999,3.19480895996094e-05,3.00000000000005e-05,0.0005960464477539066,0.00016299999999999952
0.00118184089660645,0.000564,0.000688076019287109,0.000350999999999999,3.31401824951172e-05,3.00000000000005e-05,0.00048398971557617177,0.0001629999999999985
0.00121092796325684,0.000571,0.000690937042236328,0.000352,3.40938568115234e-05,3.09999999999998e-05,0.0004477500915527346,0.0001519999999999992
0.0012061595916748,0.000554000000000001,0.000691890716552734,0.000357,3.50475311279297e-05,3.20000000000008e-05,0.00046682357788085927,0.0001539999999999992
0.00116109848022461,0.000552,0.00067901611328125,0.000352999999999999,3.29017639160156e-05,3.20000000000008e-05,0.0006060600280761724,0.0001550000000000002
Average,0.0011918067932128922,0.0005608000000000004,0.0006901741027832031,0.0003527999999999994,3.342628479003906e-05,3.100000000000048e-05,0.0005201339721679689,0.00015739999999999933
