environment,cpu_time,size,position,factor
mariadb,0.00011629999999998586,200,1,
postgres,0.00013380000000001724,200,2,115.04729148756105
cockroachdb,0.0001931500000000308,200,3,144.35724962631232
xsb,0.000418999999999999,200,4,216.92984726892686
neo4j,0.0009772000000000114,200,5,233.22195704057606
duckdb,0.019499749999999982,200,6,1995.4717560376334
