environment,real_time,size,position,factor
xsb,0.000419020652770996,200,1,
neo4j,0.002201429999786342,200,2,525.3750585390529
postgres,0.007221336000043266,200,3,328.02932642619237
duckdb,0.016618285500044294,200,4,230.12757611534386
mariadb,0.04937216350003837,200,5,297.0954103532929
cockroachdb,0.27848380549994545,200,6,564.050237538667
