environment,real_time,size,position,factor
xsb,0.000762462615966797,400,1,
neo4j,0.0017452585000228282,400,2,228.89758310443239
postgres,0.015917462999937015,400,3,912.0404226496426
duckdb,0.01732893200005492,400,4,108.86742441382455
mariadb,0.07467849849990671,400,5,430.94691871184
cockroachdb,0.4212435785002526,400,6,564.0761222599821
