environment,cpu_time,size,position,factor
postgres,3.16000000000094e-05,1000,1,
mariadb,7.519999999998639e-05,1000,2,237.9746835441899
cockroachdb,0.00012820000000000054,1000,3,170.47872340428688
xsb,0.0006051999999999995,1000,4,472.0748829953174
duckdb,0.004803199999999996,1000,5,793.654990085922
