DatalogToCPPRealTime,DatalogToCPPCPUTime,CompileRealTime,CompileCPUTime,InstanceLoadingRealTime,InstanceLoadingCPUTime,LoadingFactRealTime,LoadingFactCPUTime,QueryRealTime,QueryCPUTime,WritingResultRealTime,WritingResultCPUTime
0.009999990463256836,0.0,1.5099999904632568,1.54,0.000192292,0.000189,0.00208863,0.002086,0.022312,0.02228,0.00030175,0.000301
0.010000228881835938,0.0,1.5499999523162842,1.58,0.000141625,0.000141,0.00118612,0.001185,0.0167626,0.016752,0.000182333,0.000181
0.009999990463256836,0.010000000000000002,1.5099999904632568,1.53,0.000165167,0.000163,0.00212004,0.002119,0.0215986,0.021554,0.000272458,0.000272
0.009999990463256836,0.0,1.5,1.53,0.000179542,0.000178,0.00207833,0.002075,0.0217117,0.021683,0.0002605,0.00026
0.009999990463256836,0.0,1.5,1.54,0.00014825,0.000146,0.00186575,0.001864,0.0217398,0.02167,0.000253291,0.000253
Average,0.010000038146972656,0.0020000000000000005,1.5139999866485596,1.544,0.0001653752,0.0001634,0.0018677739999999998,0.0018658000000000001,0.02082494,0.020787800000000002,0.0002540664,0.0002534
