DatalogToCPPRealTime,DatalogToCPPCPUTime,CompileRealTime,CompileCPUTime,InstanceLoadingRealTime,InstanceLoadingCPUTime,LoadingFactRealTime,LoadingFactCPUTime,QueryRealTime,QueryCPUTime,WritingResultRealTime,WritingResultCPUTime
0.009999990463256836,0.0,1.5099999904632568,1.55,0.000148791,0.000147,0.0028415,0.002786,0.0102425,0.010217,0.000340834,0.000339
0.009999990463256836,0.0,1.5,1.53,0.000140875,0.000139,0.00253379,0.002521,0.00998704,0.009938,0.000290125,0.000289
0.0,0.0,1.5,1.53,0.000157292,0.000155,0.00300925,0.002993,0.00998654,0.009914,0.000321083,0.00032
0.009999990463256836,0.0,1.5,1.53,0.000139583,0.000138,0.00271921,0.002706,0.0102795,0.010229,0.000305042,0.000305
0.009999990463256836,0.0,1.5,1.53,0.000138833,0.000137,0.00297267,0.002917,0.00943279,0.009408,0.0002905,0.00029
Average,0.007999992370605469,0.0,1.5019999980926513,1.5340000000000003,0.0001450748,0.00014319999999999998,0.002815284,0.0027845999999999995,0.009985674,0.0099412,0.00030951679999999997,0.0003086
