DatalogToCPPRealTime,DatalogToCPPCPUTime,CompileRealTime,CompileCPUTime,InstanceLoadingRealTime,InstanceLoadingCPUTime,LoadingFactRealTime,LoadingFactCPUTime,QueryRealTime,QueryCPUTime,WritingResultRealTime,WritingResultCPUTime
0.009999990463256836,0.0,1.5099999904632568,1.54,0.000153208,0.000152,0.00133921,0.001338,0.0128359,0.012815,0.000317208,0.000315
0.009999990463256836,0.0,1.5099999904632568,1.54,0.000153292,0.000152,0.00128842,0.001286,0.0126008,0.012535,0.000314959,0.000313
0.009999990463256836,0.0,1.5099999904632568,1.53,0.0001595,0.000158,0.00091225,0.000911,0.0103152,0.010312,0.000215709,0.000215
0.009999990463256836,0.0,1.5099999904632568,1.54,0.0001645,0.000163,0.00117975,0.001174,0.0112332,0.01119,0.000305167,0.000303
0.0,0.0,1.5099999904632568,1.54,0.000186334,0.00017,0.00118983,0.001188,0.0119502,0.011904,0.000190083,0.00019
Average,0.007999992370605469,0.0,1.5099999904632568,1.538,0.0001633668,0.00015900000000000002,0.001181892,0.0011794,0.01178706,0.0117512,0.0002686252,0.00026720000000000004
