DatalogToCPPRealTime,DatalogToCPPCPUTime,CompileRealTime,CompileCPUTime,InstanceLoadingRealTime,InstanceLoadingCPUTime,LoadingFactRealTime,LoadingFactCPUTime,QueryRealTime,QueryCPUTime,WritingResultRealTime,WritingResultCPUTime
0.009999990463256836,0.0,1.5,1.53,0.000188417,0.000186,0.000946125,0.000944,0.00706321,0.00698,0.00107913,0.000437
0.009999990463256836,0.0,1.5500001907348633,1.55,0.000154916,0.000154,0.00093325,0.000933,0.00627746,0.006232,0.000337833,0.000337
0.009999990463256836,0.0,1.5,1.54,0.000155917,0.000155,0.000932042,0.000931,0.00645629,0.006399,0.000379792,0.000379
0.009999990463256836,0.0,1.5,1.53,0.0001685,0.000167,0.000980958,0.000979,0.00715904,0.007127,0.000355042,0.000355
0.009999990463256836,0.0,1.5099999904632568,1.53,0.00014425,0.000143,0.000865166,0.000843,0.00660579,0.006567,0.000426625,0.00037
Average,0.009999990463256836,0.0,1.512000036239624,1.536,0.0001624,0.000161,0.0009315082,0.000926,0.006712358,0.006661,0.0005156844,0.00037559999999999997
