DatalogToCPPRealTime,DatalogToCPPCPUTime,CompileRealTime,CompileCPUTime,InstanceLoadingRealTime,InstanceLoadingCPUTime,LoadingFactRealTime,LoadingFactCPUTime,QueryRealTime,QueryCPUTime,WritingResultRealTime,WritingResultCPUTime
0.009999990463256836,0.0,1.5,1.54,0.000132916,0.000123,0.00371975,0.003656,0.0134467,0.013427,0.000187083,0.000187
0.009999990463256836,0.0,1.5,1.52,0.000168167,0.000166,0.00376017,0.003729,0.0134364,0.013392,0.000273667,0.000272
0.009999990463256836,0.0,1.4900000095367432,1.52,0.000146167,0.000145,0.00407675,0.003969,0.0109454,0.010911,0.000295542,0.000295
0.009999990463256836,0.0,1.5,1.52,0.00015475,0.000153,0.00358167,0.003507,0.0133763,0.013355,0.0002715,0.000271
0.009999990463256836,0.0,1.5099999904632568,1.54,0.000152792,0.00015,0.00369596,0.003686,0.0131634,0.013119,0.000290375,0.000288
Average,0.009999990463256836,0.0,1.5,1.528,0.0001509584,0.00014739999999999998,0.0037668599999999995,0.0037094000000000003,0.01287364,0.0128408,0.0002636334,0.0002626
