DatalogToCPPRealTime,DatalogToCPPCPUTime,CompileRealTime,CompileCPUTime,InstanceLoadingRealTime,InstanceLoadingCPUTime,LoadingFactRealTime,LoadingFactCPUTime,QueryRealTime,QueryCPUTime,WritingResultRealTime,WritingResultCPUTime
0.009999990463256836,0.0,1.5,1.53,0.000187208,0.000183,0.00181758,0.001814,0.00564225,0.005612,0.000366459,0.000364
0.009999990463256836,0.0,1.5,1.53,0.000154666,0.000151,0.00168954,0.001688,0.005572,0.005546,0.00025725,0.000257
0.009999990463256836,0.0,1.5,1.53,0.000189834,0.000189,0.00205175,0.002018,0.00672808,0.006685,0.000548,0.000541
0.009999990463256836,0.0,1.5,1.52,0.00013875,0.000138,0.00163096,0.001629,0.00603879,0.005952,0.000364042,0.000362
0.009999990463256836,0.0,1.5,1.52,0.000110167,0.00011,0.000861083,0.00086,0.00348554,0.003485,0.000198291,0.000197
Average,0.009999990463256836,0.0,1.5,1.5259999999999998,0.000156125,0.0001542,0.0016101826,0.0016018,0.005493331999999999,0.005455999999999999,0.00034680839999999996,0.0003442
