DeleteDataRealTime,DeleteDataCPUTime,LoadDataRealTime,LoadDataCPUTime,CreateIndexXRealTime,CreateIndexXCPUTime,CreateIndexYRealTime,CreateIndexYCPUTime,QueryRealTime,QueryCPUTime,WriteResultRealTime,WriteResultCPUTime
0.020000003278255463,0.0,0.03999999910593033,0.0,0.019999995827674866,0.010000000000000009,0.01000000536441803,0.0,0.0,0.0,1.6899999976158142,0.08
0.019999995827674866,0.0,0.05000000447034836,0.0,0.030000001192092896,0.0,0.009999997913837433,0.0,0.0,0.0,1.5499999970197678,0.07
0.019999995827674866,0.009999999999999953,0.05000000447034836,0.0,0.030000001192092896,0.0,0.0,0.0,0.009999997913837433,0.0,1.6499999985098839,0.08000000000000002
Average,0.019999998311201733,0.003333333333333318,0.04666666934887568,0.0,0.02666666607062022,0.003333333333333336,0.0066666677594184875,0.0,0.003333332637945811,0.0,1.6299999977151554,0.07666666666666667
