DeleteDataRealTime,DeleteDataCPUTime,LoadDataRealTime,LoadDataCPUTime,CreateIndexXRealTime,CreateIndexXCPUTime,CreateIndexYRealTime,CreateIndexYCPUTime,QueryRealTime,QueryCPUTime,WriteResultRealTime,WriteResultCPUTime
0.020000003278255463,0.0,0.04999999701976776,0.0,0.020000003278255463,0.0,0.0,0.0,0.009999997913837433,0.0,3.4900000020861626,0.10999999999999997
0.020000003278255463,0.0,0.03999999910593033,0.0,0.030000001192092896,0.0,0.0,0.0,0.0,0.0,3.4199999943375587,0.10999999999999997
0.019999995827674866,0.02000000000000001,0.05000000447034836,0.0,0.03999999910593033,0.0,0.0,0.0,0.009999997913837433,0.0,3.5200000032782555,0.13
Average,0.020000000794728596,0.0066666666666666706,0.046666666865348816,0.0,0.030000001192092896,0.0,0.0,0.0,0.006666665275891622,0.0,3.4766666665673256,0.11666666666666665
