DeleteDataRealTime,DeleteDataCPUTime,LoadDataRealTime,LoadDataCPUTime,CreateIndexXRealTime,CreateIndexXCPUTime,CreateIndexYRealTime,CreateIndexYCPUTime,QueryRealTime,QueryCPUTime,WriteResultRealTime,WriteResultCPUTime
0.026644416007911786,0.001839000000000035,0.06417287499061786,0.0004330000000000167,0.016846415994223207,0.0006419999999999759,0,0,0.000485707976622507,0.00028800000000001047,17.252204874996096,9.969346999999999
0.026485125010367483,0.0021280000000000188,0.061873208003817126,0.0004430000000000267,0.029996583005413413,0.0007050000000000112,0,0,0.0004096670018043369,0.0002570000000000072,17.0609860830009,9.918493
0.025899540982209146,0.0020560000000000023,0.06134699998074211,0.0004390000000000227,0.017438207985833287,0.0007070000000000132,0,0,0.0005910000181756914,0.0003470000000000417,17.175875458022347,9.935808000000002
0.026703958021244034,0.0021979999999999777,0.06003595801303163,0.0005749999999999922,0.01616312502301298,0.0007390000000000452,0,0,0.000537832995178178,0.00030399999999997096,17.093859790998977,9.949441
0.02642304199980572,0.0020110000000000405,0.08813704099156894,0.0005580000000000029,0.023027334013022482,0.0007209999999999717,0,0,0.0004924999957438558,0.00027800000000000047,17.164050374994986,9.999109
Average,0.026431216404307633,0.002046400000000015,0.06711321639595554,0.0004896000000000122,0.020694333204301075,0.0007028000000000034,0.0,0.0,0.0005033415975049139,0.0002948000000000062,17.14939531640266,9.9544396
