DeleteDataRealTime,DeleteDataCPUTime,LoadDataRealTime,LoadDataCPUTime,CreateIndexXRealTime,CreateIndexXCPUTime,CreateIndexYRealTime,CreateIndexYCPUTime,QueryRealTime,QueryCPUTime,WriteResultRealTime,WriteResultCPUTime
0.009999997913837433,0.009999999999999953,0.06000000238418579,0.0,0.03999999910593033,0.0,0.0,0.0,0.01000000536441803,0.010000000000000009,4.0,0.10999999999999999
0.009999997913837433,0.01000000000000001,0.07000000029802322,0.0,0.03999999910593033,0.0,0.0,0.0,0.009999997913837433,0.0,4.040000006556511,0.11000000000000004
0.019999995827674866,0.01000000000000001,0.06000000238418579,0.0,0.030000001192092896,0.0,0.009999997913837433,0.0,0.0,0.0,3.9099999964237213,0.12000000000000004
Average,0.013333330551783243,0.00999999999999999,0.0633333350221316,0.0,0.03666666646798452,0.0,0.003333332637945811,0.0,0.0066666677594184875,0.003333333333333336,3.983333334326744,0.11333333333333336
