DeleteDataRealTime,DeleteDataCPUTime,LoadDataRealTime,LoadDataCPUTime,CreateIndexXRealTime,CreateIndexXCPUTime,CreateIndexYRealTime,CreateIndexYCPUTime,QueryRealTime,QueryCPUTime,WriteResultRealTime,WriteResultCPUTime
0.019106561999251426,0.008220299999999958,0.04462885499924596,0.001157100000000022,0.015175968000221474,0.0011047000000000695,0.0032489280001755105,0.0009259999999999824,0.0029671430002053967,0.0009588999999999848,0.03631583799960936,0.020280100000000023
0.016006031999495463,0.007036500000000001,0.02332997799931036,0.0015656000000000003,0.013956288999906974,0.0010778000000000176,0.003431998999985808,0.0009169000000000538,0.0034066150001308415,0.0010257999999999656,0.020643211999413325,0.01599020000000001
Average,0.017556296999373444,0.00762839999999998,0.03397941649927816,0.0013613500000000112,0.014566128500064224,0.0010912500000000436,0.0033404635000806593,0.0009214500000000181,0.003186879000168119,0.0009923499999999752,0.02847952499951134,0.018135150000000017
