DeleteDataRealTime,DeleteDataCPUTime,LoadDataRealTime,LoadDataCPUTime,CreateIndexXRealTime,CreateIndexXCPUTime,CreateIndexYRealTime,CreateIndexYCPUTime,QueryRealTime,QueryCPUTime,WriteResultRealTime,WriteResultCPUTime
0.020000003278255463,0.0,0.04999999701976776,0.010000000000000009,0.020000003278255463,0.0,0.0,0.0,0.009999997913837433,0.0,0.7400000020861626,0.04999999999999999
0.020000003278255463,0.010000000000000009,0.0299999937415123,0.0,0.01000000536441803,0.0,0.0,0.0,0.009999997913837433,0.0,0.6099999994039536,0.03999999999999998
0.009999997913837433,0.020000000000000007,0.03999999910593033,0.0,0.020000003278255463,0.0,0.0,0.0,0.009999997913837433,0.0,0.7299999967217445,0.07
Average,0.016666668156782787,0.010000000000000005,0.039999996622403465,0.003333333333333336,0.01666667064030965,0.0,0.0,0.0,0.009999997913837433,0.0,0.6933333327372869,0.05333333333333332
