DeleteDataRealTime,DeleteDataCPUTime,LoadDataRealTime,LoadDataCPUTime,CreateIndexXRealTime,CreateIndexXCPUTime,CreateIndexYRealTime,CreateIndexYCPUTime,QueryRealTime,QueryCPUTime,WriteResultRealTime,WriteResultCPUTime
0.014035250002052635,0.0020749999999999935,0.033087165997130796,0.00037199999999998346,0.008932709024520591,0.0006230000000000402,0,0,0.00040774999069981277,0.00028400000000000647,1.5222517079964746,0.8764689999999999
0.012526540987892076,0.0018509999999999915,0.04647354199551046,0.00047200000000002795,0.009271041984902695,0.0008299999999999974,0,0,0.0005964169977232814,0.00036199999999997345,1.5007221669948194,0.8989100000000001
0.015050708985654637,0.0019140000000000268,0.0384431249985937,0.0003430000000000377,0.009606082981918007,0.0006730000000000347,0,0,0.0004248750046826899,0.0002630000000000132,1.5202913749963045,0.8813789999999999
0.015233916987199336,0.002020999999999995,0.06175129199982621,0.0003670000000000062,0.008807083999272436,0.0009140000000000259,0,0,0.0005269579996820539,0.0003489999999999882,1.5351159170095343,0.9008879999999999
0.016414084006100893,0.0020640000000000103,0.04047425001044758,0.00037799999999998946,0.009561417013173923,0.0007599999999999829,0,0,0.0005242080078460276,0.00032199999999998896,1.50028495900915,0.8956900000000001
Average,0.014652100193779915,0.0019850000000000033,0.04404587500030175,0.00038640000000000896,0.00923566700075753,0.0007600000000000162,0.0,0.0,0.0004960416001267732,0.0003159999999999941,1.5157332252012565,0.8906672
