DeleteDataRealTime,DeleteDataCPUTime,LoadDataRealTime,LoadDataCPUTime,CreateIndexXRealTime,CreateIndexXCPUTime,CreateIndexYRealTime,CreateIndexYCPUTime,QueryRealTime,QueryCPUTime,WriteResultRealTime,WriteResultCPUTime
0.019999995827674866,0.0,0.03999999910593033,0.0,0.020000003278255463,0.0,0.0,0.01999999999999995,0.07000000029802322,0.0,1.2299999967217445,0.060000000000000005
0.009999997913837433,0.0,0.03999999910593033,0.020000000000000004,0.020000003278255463,0.0,0.009999997913837433,0.0,0.0,0.0,1.2000000029802322,0.06
0.03999999910593033,0.0,0.05000000447034836,0.01000000000000001,0.030000001192092896,0.0,0.0,0.0,0.009999997913837433,0.0,1.1799999997019768,0.07
Average,0.02333333094914754,0.0,0.04333333422740301,0.010000000000000004,0.023333335916201275,0.0,0.003333332637945811,0.00666666666666665,0.02666666607062022,0.0,1.2033333331346512,0.06333333333333334
