DatalogToCPPRealTime,DatalogToCPPCPUTime,CompileRealTime,CompileCPUTime,InstanceLoadingRealTime,InstanceLoadingCPUTime,LoadingFactRealTime,LoadingFactCPUTime,QueryRealTime,QueryCPUTime,WritingResultRealTime,WritingResultCPUTime
0.009999990463256836,0.0,1.4900000095367432,1.52,0.000137125,0.000135,0.011368,0.011342,0.00552633,0.005523,0.000275375,0.000273
0.009999990463256836,0.0,1.5,1.52,0.000141417,0.000139,0.0122675,0.012248,0.00520254,0.0052,0.000268416,0.000268
0.009999990463256836,0.0,1.5,1.52,0.0,0.0,0.00494779,0.004945,0.00281096,0.00281,0.000151666,0.00015
0.009999990463256836,0.010000000000000002,1.4900000095367432,1.52,0.0001315,0.000129,0.0118382,0.01182,0.00549312,0.005491,0.000262,0.000261
0.009999990463256836,0.0,1.5,1.51,0.00013225,0.000131,0.0100676,0.009999,0.00575371,0.005749,0.000259875,0.000259
Average,0.009999990463256836,0.0020000000000000005,1.4960000038146972,1.518,0.0001084584,0.0001068,0.010097818,0.010070800000000001,0.004957332,0.0049546,0.00024346640000000004,0.00024219999999999998
