DatalogToCPPRealTime,DatalogToCPPCPUTime,CompileRealTime,CompileCPUTime,InstanceLoadingRealTime,InstanceLoadingCPUTime,LoadingFactRealTime,LoadingFactCPUTime,QueryRealTime,QueryCPUTime,WritingResultRealTime,WritingResultCPUTime
0.009999990463256836,0.0,1.5,1.53,0.000180625,0.000178,0.00390487,0.00386,0.00169879,0.001694,0.000354542,0.000353
0.009999990463256836,0.0,1.5,1.52,0.000108834,0.000107,0.00210025,0.0021,0.00102346,0.001024,0.000215417,0.000214
0.009999990463256836,0.0,1.510000228881836,1.54,0.000182709,0.000181,0.00442467,0.004373,0.001845,0.001821,0.000628,0.000375
0.009999990463256836,0.0,1.5,1.54,0.000144792,0.000143,0.0042875,0.00428,0.00189163,0.001852,0.000358208,0.000356
0.0,0.0,1.5,1.53,0.000151959,0.00015,0.00426108,0.004247,0.00170108,0.001697,0.000511917,0.000436
Average,0.007999992370605469,0.0,1.5020000457763671,1.532,0.0001537838,0.00015179999999999998,0.003795674,0.003772,0.001631992,0.0016175999999999999,0.0004136168,0.0003468
