DatalogToCPPRealTime,DatalogToCPPCPUTime,CompileRealTime,CompileCPUTime,InstanceLoadingRealTime,InstanceLoadingCPUTime,LoadingFactRealTime,LoadingFactCPUTime,QueryRealTime,QueryCPUTime,WritingResultRealTime,WritingResultCPUTime
0.009999990463256836,0.0,1.5,1.53,0.000196917,0.000195,0.0258315,0.02574,0.0147831,0.014779,0.000364667,0.000256
0.009999990463256836,0.0,1.5,1.52,0.00016725,0.000165,0.0256478,0.025565,0.0149353,0.014913,0.000232625,0.000232
0.009999990463256836,0.0,1.5,1.53,0.000160583,0.000158,0.0247558,0.024632,0.0146222,0.014617,0.000225584,0.000226
0.009999990463256836,0.0,1.5,1.53,0.000161541,0.000161,0.0196434,0.019629,0.0133762,0.013373,0.000174083,0.000173
0.009999990463256836,0.010000000000000002,1.5099999904632568,1.55,0.000189875,0.000187,0.0240735,0.024005,0.0147841,0.01478,0.000223958,0.000224
Average,0.009999990463256836,0.0020000000000000005,1.5019999980926513,1.532,0.00017523320000000002,0.0001732,0.023990400000000002,0.023914200000000004,0.014500179999999998,0.014492399999999999,0.0002441834,0.0002222
