DatalogToCPPRealTime,DatalogToCPPCPUTime,CompileRealTime,CompileCPUTime,InstanceLoadingRealTime,InstanceLoadingCPUTime,LoadingFactRealTime,LoadingFactCPUTime,QueryRealTime,QueryCPUTime,WritingResultRealTime,WritingResultCPUTime
0.009999990463256836,0.0,1.5,1.53,0.000133875,0.000132,0.014662,0.014602,0.00645325,0.00645,0.00026175,0.000261
0.009999990463256836,0.0,1.5,1.53,0.000288041,0.000225,0.01472,0.014701,0.00642308,0.006421,0.000246333,0.000246
0.009999990463256836,0.0,1.5,1.53,0.000133709,0.000133,0.0149215,0.014889,0.00566737,0.005664,0.000297125,0.000296
0.009999990463256836,0.0,1.5,1.53,0.000132292,0.000131,0.013364,0.013293,0.00684942,0.006835,0.0002705,0.000269
0.009999990463256836,0.0,1.5099999904632568,1.52,0.000153417,0.000151,0.0145843,0.014538,0.00659496,0.006592,0.000253416,0.000252
Average,0.009999990463256836,0.0,1.5019999980926513,1.528,0.0001682668,0.0001544,0.014450359999999999,0.0144046,0.006397616,0.0063923999999999995,0.00026582479999999996,0.00026480000000000004
