DatalogToCPPRealTime,DatalogToCPPCPUTime,CompileRealTime,CompileCPUTime,InstanceLoadingRealTime,InstanceLoadingCPUTime,LoadingFactRealTime,LoadingFactCPUTime,QueryRealTime,QueryCPUTime,WritingResultRealTime,WritingResultCPUTime
0.009999990463256836,0.0,1.5,1.52,0.000142542,0.000136,0.0234591,0.023365,0.00920117,0.009197,0.000265625,0.000265
0.009999990463256836,0.0,1.5,1.52,0.000135625,0.000135,0.023016,0.022971,0.00908146,0.009076,0.000194291,0.000194
0.009999990463256836,0.0,1.5,1.52,0.000131875,0.000129,0.0225963,0.022524,0.00916558,0.009132,0.000235875,0.000234
0.009999990463256836,0.0,1.5,1.52,0.000143958,0.000135,0.0231487,0.023088,0.00820808,0.008189,0.000241208,0.000241
0.009999990463256836,0.010000000000000002,1.5099999904632568,1.54,0.000116375,0.000114,0.0207059,0.020627,0.00898275,0.008961,0.000203167,0.000202
Average,0.009999990463256836,0.0020000000000000005,1.5019999980926513,1.524,0.000134075,0.0001298,0.0225852,0.022515,0.008927807999999999,0.008910999999999999,0.0002280332,0.00022720000000000002
