DatalogToCPPRealTime,DatalogToCPPCPUTime,CompileRealTime,CompileCPUTime,InstanceLoadingRealTime,InstanceLoadingCPUTime,LoadingFactRealTime,LoadingFactCPUTime,QueryRealTime,QueryCPUTime,WritingResultRealTime,WritingResultCPUTime
0.009999990463256836,0.0,1.5099999904632568,1.53,0.00017125,0.000165,0.00877637,0.008678,0.00618258,0.006178,0.000309167,0.000308
0.009999990463256836,0.0,1.5099999904632568,1.53,0.000169417,0.000168,0.0105786,0.010529,0.00478508,0.004785,0.000290375,0.00029
0.009999990463256836,0.0,1.5,1.53,0.000104584,0.000103,0.00554804,0.005548,0.00435767,0.004356,0.000205209,0.000204
0.009999990463256836,0.010000000000000002,1.5,1.52,0.000163458,0.000162,0.00981533,0.009713,0.00618758,0.006184,0.000274375,0.000273
0.009999990463256836,0.0,1.5,1.53,0.000201875,0.000183,0.0100449,0.009944,0.00608525,0.006085,0.000299083,0.000295
Average,0.009999990463256836,0.0020000000000000005,1.5039999961853028,1.528,0.00016211680000000002,0.0001562,0.008952648,0.0088824,0.005519632000000001,0.0055176,0.00027564180000000003,0.00027400000000000005
