DatalogToCPPRealTime,DatalogToCPPCPUTime,CompileRealTime,CompileCPUTime,InstanceLoadingRealTime,InstanceLoadingCPUTime,LoadingFactRealTime,LoadingFactCPUTime,QueryRealTime,QueryCPUTime,WritingResultRealTime,WritingResultCPUTime
0.009999990463256836,0.0,1.5,1.53,0.000170084,0.000168,0.0109621,0.010928,0.00810046,0.008089,0.000291917,0.000291
0.009999990463256836,0.0,1.5,1.53,0.000164917,0.000163,0.0127281,0.012633,0.00810517,0.008098,0.000284959,0.000258
0.009999990463256836,0.0,1.5099999904632568,1.54,0.000226917,0.000224,0.014678,0.014613,0.00754,0.007534,0.000249625,0.000248
0.009999990463256836,0.0,1.5,1.53,0.000157917,0.000158,0.0123582,0.012311,0.00825746,0.008253,0.000259292,0.000257
0.009999990463256836,0.0,1.5,1.53,0.000139625,0.000139,0.00885725,0.00885,0.00642863,0.006429,0.000185667,0.000185
Average,0.009999990463256836,0.0,1.5019999980926513,1.532,0.00017189200000000001,0.00017040000000000002,0.01191673,0.011866999999999999,0.0076863439999999995,0.0076806,0.00025429200000000004,0.0002478
