1	2
1	3
1	4
1	5
1	6
1	7
1	8
1	9
1	10
1	11
1	12
1	13
1	14
1	15
1	16
1	17
1	18
1	19
1	20
1	21
1	22
1	23
1	24
1	25
1	26
1	27
1	28
1	29
1	30
1	31
1	32
1	33
1	34
1	35
1	36
1	37
1	38
1	39
1	40
1	41
1	42
1	43
1	44
1	45
1	46
1	47
1	48
1	49
1	50
1	51
1	52
1	53
1	54
1	55
1	56
1	57
1	58
1	59
1	60
1	61
1	62
1	63
1	64
1	65
1	66
1	67
1	68
1	69
1	70
1	71
1	72
1	73
1	74
1	75
1	76
1	77
1	78
1	79
1	80
1	81
1	82
1	83
1	84
1	85
1	86
1	87
1	88
1	89
1	90
1	91
1	92
1	93
1	94
1	95
1	96
1	97
1	98
1	99
1	100
1	101
1	102
1	103
1	104
1	105
1	106
1	107
1	108
1	109
1	110
1	111
1	112
1	113
1	114
1	115
1	116
1	117
1	118
1	119
1	120
1	121
1	122
1	123
1	124
1	125
1	126
1	127
1	128
1	129
1	130
1	131
1	132
1	133
1	134
1	135
1	136
1	137
1	138
1	139
1	140
1	141
1	142
1	143
1	144
1	145
1	146
1	147
1	148
1	149
1	150
1	151
1	152
1	153
1	154
1	155
1	156
1	157
1	158
1	159
1	160
1	161
1	162
1	163
1	164
1	165
1	166
1	167
1	168
1	169
1	170
1	171
1	172
1	173
1	174
1	175
1	176
1	177
1	178
1	179
1	180
1	181
1	182
1	183
1	184
1	185
1	186
1	187
1	188
1	189
1	190
1	191
1	192
1	193
1	194
1	195
1	196
1	197
1	198
1	199
1	200
1	201
1	202
1	203
1	204
1	205
1	206
1	207
1	208
1	209
1	210
1	211
1	212
1	213
1	214
1	215
1	216
1	217
1	218
1	219
1	220
1	221
1	222
1	223
1	224
1	225
1	226
1	227
1	228
1	229
1	230
1	231
1	232
1	233
1	234
1	235
1	236
1	237
1	238
1	239
1	240
1	241
1	242
1	243
1	244
1	245
1	246
1	247
1	248
1	249
1	250
1	251
1	252
1	253
1	254
1	255
1	256
1	257
1	258
1	259
1	260
1	261
1	262
1	263
1	264
1	265
1	266
1	267
1	268
1	269
1	270
1	271
1	272
1	273
1	274
1	275
1	276
1	277
1	278
1	279
1	280
1	281
1	282
1	283
1	284
1	285
1	286
1	287
1	288
1	289
1	290
1	291
1	292
1	293
1	294
1	295
1	296
1	297
1	298
1	299
1	300
1	301
1	302
1	303
1	304
1	305
1	306
1	307
1	308
1	309
1	310
1	311
1	312
1	313
1	314
1	315
1	316
1	317
1	318
1	319
1	320
1	321
1	322
1	323
1	324
1	325
1	326
1	327
1	328
1	329
1	330
1	331
1	332
1	333
1	334
1	335
1	336
1	337
1	338
1	339
1	340
1	341
1	342
1	343
1	344
1	345
1	346
1	347
1	348
1	349
1	350
1	351
1	352
1	353
1	354
1	355
1	356
1	357
1	358
1	359
1	360
1	361
1	362
1	363
1	364
1	365
1	366
1	367
1	368
1	369
1	370
1	371
1	372
1	373
1	374
1	375
1	376
1	377
1	378
1	379
1	380
1	381
1	382
1	383
1	384
1	385
1	386
1	387
1	388
1	389
1	390
1	391
1	392
1	393
1	394
1	395
1	396
1	397
1	398
1	399
1	400
1	401
1	402
1	403
1	404
1	405
1	406
1	407
1	408
1	409
1	410
1	411
1	412
1	413
1	414
1	415
1	416
1	417
1	418
1	419
1	420
1	421
1	422
1	423
1	424
1	425
1	426
1	427
1	428
1	429
1	430
1	431
1	432
1	433
1	434
1	435
1	436
1	437
1	438
1	439
1	440
1	441
2	3
2	4
2	5
2	6
2	7
2	8
2	9
2	10
2	11
2	12
2	13
2	14
2	15
2	16
2	17
2	18
2	19
2	20
2	21
2	23
2	24
2	25
2	26
2	27
2	28
2	29
2	30
2	31
2	32
2	33
2	34
2	35
2	36
2	37
2	38
2	39
2	40
2	41
2	42
2	44
2	45
2	46
2	47
2	48
2	49
2	50
2	51
2	52
2	53
2	54
2	55
2	56
2	57
2	58
2	59
2	60
2	61
2	62
2	63
2	65
2	66
2	67
2	68
2	69
2	70
2	71
2	72
2	73
2	74
2	75
2	76
2	77
2	78
2	79
2	80
2	81
2	82
2	83
2	84
2	86
2	87
2	88
2	89
2	90
2	91
2	92
2	93
2	94
2	95
2	96
2	97
2	98
2	99
2	100
2	101
2	102
2	103
2	104
2	105
2	107
2	108
2	109
2	110
2	111
2	112
2	113
2	114
2	115
2	116
2	117
2	118
2	119
2	120
2	121
2	122
2	123
2	124
2	125
2	126
2	128
2	129
2	130
2	131
2	132
2	133
2	134
2	135
2	136
2	137
2	138
2	139
2	140
2	141
2	142
2	143
2	144
2	145
2	146
2	147
2	149
2	150
2	151
2	152
2	153
2	154
2	155
2	156
2	157
2	158
2	159
2	160
2	161
2	162
2	163
2	164
2	165
2	166
2	167
2	168
2	170
2	171
2	172
2	173
2	174
2	175
2	176
2	177
2	178
2	179
2	180
2	181
2	182
2	183
2	184
2	185
2	186
2	187
2	188
2	189
2	191
2	192
2	193
2	194
2	195
2	196
2	197
2	198
2	199
2	200
2	201
2	202
2	203
2	204
2	205
2	206
2	207
2	208
2	209
2	210
2	212
2	213
2	214
2	215
2	216
2	217
2	218
2	219
2	220
2	221
2	222
2	223
2	224
2	225
2	226
2	227
2	228
2	229
2	230
2	231
2	233
2	234
2	235
2	236
2	237
2	238
2	239
2	240
2	241
2	242
2	243
2	244
2	245
2	246
2	247
2	248
2	249
2	250
2	251
2	252
2	254
2	255
2	256
2	257
2	258
2	259
2	260
2	261
2	262
2	263
2	264
2	265
2	266
2	267
2	268
2	269
2	270
2	271
2	272
2	273
2	275
2	276
2	277
2	278
2	279
2	280
2	281
2	282
2	283
2	284
2	285
2	286
2	287
2	288
2	289
2	290
2	291
2	292
2	293
2	294
2	296
2	297
2	298
2	299
2	300
2	301
2	302
2	303
2	304
2	305
2	306
2	307
2	308
2	309
2	310
2	311
2	312
2	313
2	314
2	315
2	317
2	318
2	319
2	320
2	321
2	322
2	323
2	324
2	325
2	326
2	327
2	328
2	329
2	330
2	331
2	332
2	333
2	334
2	335
2	336
2	338
2	339
2	340
2	341
2	342
2	343
2	344
2	345
2	346
2	347
2	348
2	349
2	350
2	351
2	352
2	353
2	354
2	355
2	356
2	357
2	359
2	360
2	361
2	362
2	363
2	364
2	365
2	366
2	367
2	368
2	369
2	370
2	371
2	372
2	373
2	374
2	375
2	376
2	377
2	378
2	380
2	381
2	382
2	383
2	384
2	385
2	386
2	387
2	388
2	389
2	390
2	391
2	392
2	393
2	394
2	395
2	396
2	397
2	398
2	399
2	401
2	402
2	403
2	404
2	405
2	406
2	407
2	408
2	409
2	410
2	411
2	412
2	413
2	414
2	415
2	416
2	417
2	418
2	419
2	420
2	422
2	423
2	424
2	425
2	426
2	427
2	428
2	429
2	430
2	431
2	432
2	433
2	434
2	435
2	436
2	437
2	438
2	439
2	440
2	441
3	4
3	5
3	6
3	7
3	8
3	9
3	10
3	11
3	12
3	13
3	14
3	15
3	16
3	17
3	18
3	19
3	20
3	21
3	24
3	25
3	26
3	27
3	28
3	29
3	30
3	31
3	32
3	33
3	34
3	35
3	36
3	37
3	38
3	39
3	40
3	41
3	42
3	45
3	46
3	47
3	48
3	49
3	50
3	51
3	52
3	53
3	54
3	55
3	56
3	57
3	58
3	59
3	60
3	61
3	62
3	63
3	66
3	67
3	68
3	69
3	70
3	71
3	72
3	73
3	74
3	75
3	76
3	77
3	78
3	79
3	80
3	81
3	82
3	83
3	84
3	87
3	88
3	89
3	90
3	91
3	92
3	93
3	94
3	95
3	96
3	97
3	98
3	99
3	100
3	101
3	102
3	103
3	104
3	105
3	108
3	109
3	110
3	111
3	112
3	113
3	114
3	115
3	116
3	117
3	118
3	119
3	120
3	121
3	122
3	123
3	124
3	125
3	126
3	129
3	130
3	131
3	132
3	133
3	134
3	135
3	136
3	137
3	138
3	139
3	140
3	141
3	142
3	143
3	144
3	145
3	146
3	147
3	150
3	151
3	152
3	153
3	154
3	155
3	156
3	157
3	158
3	159
3	160
3	161
3	162
3	163
3	164
3	165
3	166
3	167
3	168
3	171
3	172
3	173
3	174
3	175
3	176
3	177
3	178
3	179
3	180
3	181
3	182
3	183
3	184
3	185
3	186
3	187
3	188
3	189
3	192
3	193
3	194
3	195
3	196
3	197
3	198
3	199
3	200
3	201
3	202
3	203
3	204
3	205
3	206
3	207
3	208
3	209
3	210
3	213
3	214
3	215
3	216
3	217
3	218
3	219
3	220
3	221
3	222
3	223
3	224
3	225
3	226
3	227
3	228
3	229
3	230
3	231
3	234
3	235
3	236
3	237
3	238
3	239
3	240
3	241
3	242
3	243
3	244
3	245
3	246
3	247
3	248
3	249
3	250
3	251
3	252
3	255
3	256
3	257
3	258
3	259
3	260
3	261
3	262
3	263
3	264
3	265
3	266
3	267
3	268
3	269
3	270
3	271
3	272
3	273
3	276
3	277
3	278
3	279
3	280
3	281
3	282
3	283
3	284
3	285
3	286
3	287
3	288
3	289
3	290
3	291
3	292
3	293
3	294
3	297
3	298
3	299
3	300
3	301
3	302
3	303
3	304
3	305
3	306
3	307
3	308
3	309
3	310
3	311
3	312
3	313
3	314
3	315
3	318
3	319
3	320
3	321
3	322
3	323
3	324
3	325
3	326
3	327
3	328
3	329
3	330
3	331
3	332
3	333
3	334
3	335
3	336
3	339
3	340
3	341
3	342
3	343
3	344
3	345
3	346
3	347
3	348
3	349
3	350
3	351
3	352
3	353
3	354
3	355
3	356
3	357
3	360
3	361
3	362
3	363
3	364
3	365
3	366
3	367
3	368
3	369
3	370
3	371
3	372
3	373
3	374
3	375
3	376
3	377
3	378
3	381
3	382
3	383
3	384
3	385
3	386
3	387
3	388
3	389
3	390
3	391
3	392
3	393
3	394
3	395
3	396
3	397
3	398
3	399
3	402
3	403
3	404
3	405
3	406
3	407
3	408
3	409
3	410
3	411
3	412
3	413
3	414
3	415
3	416
3	417
3	418
3	419
3	420
3	423
3	424
3	425
3	426
3	427
3	428
3	429
3	430
3	431
3	432
3	433
3	434
3	435
3	436
3	437
3	438
3	439
3	440
3	441
4	5
4	6
4	7
4	8
4	9
4	10
4	11
4	12
4	13
4	14
4	15
4	16
4	17
4	18
4	19
4	20
4	21
4	25
4	26
4	27
4	28
4	29
4	30
4	31
4	32
4	33
4	34
4	35
4	36
4	37
4	38
4	39
4	40
4	41
4	42
4	46
4	47
4	48
4	49
4	50
4	51
4	52
4	53
4	54
4	55
4	56
4	57
4	58
4	59
4	60
4	61
4	62
4	63
4	67
4	68
4	69
4	70
4	71
4	72
4	73
4	74
4	75
4	76
4	77
4	78
4	79
4	80
4	81
4	82
4	83
4	84
4	88
4	89
4	90
4	91
4	92
4	93
4	94
4	95
4	96
4	97
4	98
4	99
4	100
4	101
4	102
4	103
4	104
4	105
4	109
4	110
4	111
4	112
4	113
4	114
4	115
4	116
4	117
4	118
4	119
4	120
4	121
4	122
4	123
4	124
4	125
4	126
4	130
4	131
4	132
4	133
4	134
4	135
4	136
4	137
4	138
4	139
4	140
4	141
4	142
4	143
4	144
4	145
4	146
4	147
4	151
4	152
4	153
4	154
4	155
4	156
4	157
4	158
4	159
4	160
4	161
4	162
4	163
4	164
4	165
4	166
4	167
4	168
4	172
4	173
4	174
4	175
4	176
4	177
4	178
4	179
4	180
4	181
4	182
4	183
4	184
4	185
4	186
4	187
4	188
4	189
4	193
4	194
4	195
4	196
4	197
4	198
4	199
4	200
4	201
4	202
4	203
4	204
4	205
4	206
4	207
4	208
4	209
4	210
4	214
4	215
4	216
4	217
4	218
4	219
4	220
4	221
4	222
4	223
4	224
4	225
4	226
4	227
4	228
4	229
4	230
4	231
4	235
4	236
4	237
4	238
4	239
4	240
4	241
4	242
4	243
4	244
4	245
4	246
4	247
4	248
4	249
4	250
4	251
4	252
4	256
4	257
4	258
4	259
4	260
4	261
4	262
4	263
4	264
4	265
4	266
4	267
4	268
4	269
4	270
4	271
4	272
4	273
4	277
4	278
4	279
4	280
4	281
4	282
4	283
4	284
4	285
4	286
4	287
4	288
4	289
4	290
4	291
4	292
4	293
4	294
4	298
4	299
4	300
4	301
4	302
4	303
4	304
4	305
4	306
4	307
4	308
4	309
4	310
4	311
4	312
4	313
4	314
4	315
4	319
4	320
4	321
4	322
4	323
4	324
4	325
4	326
4	327
4	328
4	329
4	330
4	331
4	332
4	333
4	334
4	335
4	336
4	340
4	341
4	342
4	343
4	344
4	345
4	346
4	347
4	348
4	349
4	350
4	351
4	352
4	353
4	354
4	355
4	356
4	357
4	361
4	362
4	363
4	364
4	365
4	366
4	367
4	368
4	369
4	370
4	371
4	372
4	373
4	374
4	375
4	376
4	377
4	378
4	382
4	383
4	384
4	385
4	386
4	387
4	388
4	389
4	390
4	391
4	392
4	393
4	394
4	395
4	396
4	397
4	398
4	399
4	403
4	404
4	405
4	406
4	407
4	408
4	409
4	410
4	411
4	412
4	413
4	414
4	415
4	416
4	417
4	418
4	419
4	420
4	424
4	425
4	426
4	427
4	428
4	429
4	430
4	431
4	432
4	433
4	434
4	435
4	436
4	437
4	438
4	439
4	440
4	441
5	6
5	7
5	8
5	9
5	10
5	11
5	12
5	13
5	14
5	15
5	16
5	17
5	18
5	19
5	20
5	21
5	26
5	27
5	28
5	29
5	30
5	31
5	32
5	33
5	34
5	35
5	36
5	37
5	38
5	39
5	40
5	41
5	42
5	47
5	48
5	49
5	50
5	51
5	52
5	53
5	54
5	55
5	56
5	57
5	58
5	59
5	60
5	61
5	62
5	63
5	68
5	69
5	70
5	71
5	72
5	73
5	74
5	75
5	76
5	77
5	78
5	79
5	80
5	81
5	82
5	83
5	84
5	89
5	90
5	91
5	92
5	93
5	94
5	95
5	96
5	97
5	98
5	99
5	100
5	101
5	102
5	103
5	104
5	105
5	110
5	111
5	112
5	113
5	114
5	115
5	116
5	117
5	118
5	119
5	120
5	121
5	122
5	123
5	124
5	125
5	126
5	131
5	132
5	133
5	134
5	135
5	136
5	137
5	138
5	139
5	140
5	141
5	142
5	143
5	144
5	145
5	146
5	147
5	152
5	153
5	154
5	155
5	156
5	157
5	158
5	159
5	160
5	161
5	162
5	163
5	164
5	165
5	166
5	167
5	168
5	173
5	174
5	175
5	176
5	177
5	178
5	179
5	180
5	181
5	182
5	183
5	184
5	185
5	186
5	187
5	188
5	189
5	194
5	195
5	196
5	197
5	198
5	199
5	200
5	201
5	202
5	203
5	204
5	205
5	206
5	207
5	208
5	209
5	210
5	215
5	216
5	217
5	218
5	219
5	220
5	221
5	222
5	223
5	224
5	225
5	226
5	227
5	228
5	229
5	230
5	231
5	236
5	237
5	238
5	239
5	240
5	241
5	242
5	243
5	244
5	245
5	246
5	247
5	248
5	249
5	250
5	251
5	252
5	257
5	258
5	259
5	260
5	261
5	262
5	263
5	264
5	265
5	266
5	267
5	268
5	269
5	270
5	271
5	272
5	273
5	278
5	279
5	280
5	281
5	282
5	283
5	284
5	285
5	286
5	287
5	288
5	289
5	290
5	291
5	292
5	293
5	294
5	299
5	300
5	301
5	302
5	303
5	304
5	305
5	306
5	307
5	308
5	309
5	310
5	311
5	312
5	313
5	314
5	315
5	320
5	321
5	322
5	323
5	324
5	325
5	326
5	327
5	328
5	329
5	330
5	331
5	332
5	333
5	334
5	335
5	336
5	341
5	342
5	343
5	344
5	345
5	346
5	347
5	348
5	349
5	350
5	351
5	352
5	353
5	354
5	355
5	356
5	357
5	362
5	363
5	364
5	365
5	366
5	367
5	368
5	369
5	370
5	371
5	372
5	373
5	374
5	375
5	376
5	377
5	378
5	383
5	384
5	385
5	386
5	387
5	388
5	389
5	390
5	391
5	392
5	393
5	394
5	395
5	396
5	397
5	398
5	399
5	404
5	405
5	406
5	407
5	408
5	409
5	410
5	411
5	412
5	413
5	414
5	415
5	416
5	417
5	418
5	419
5	420
5	425
5	426
5	427
5	428
5	429
5	430
5	431
5	432
5	433
5	434
5	435
5	436
5	437
5	438
5	439
5	440
5	441
6	7
6	8
6	9
6	10
6	11
6	12
6	13
6	14
6	15
6	16
6	17
6	18
6	19
6	20
6	21
6	27
6	28
6	29
6	30
6	31
6	32
6	33
6	34
6	35
6	36
6	37
6	38
6	39
6	40
6	41
6	42
6	48
6	49
6	50
6	51
6	52
6	53
6	54
6	55
6	56
6	57
6	58
6	59
6	60
6	61
6	62
6	63
6	69
6	70
6	71
6	72
6	73
6	74
6	75
6	76
6	77
6	78
6	79
6	80
6	81
6	82
6	83
6	84
6	90
6	91
6	92
6	93
6	94
6	95
6	96
6	97
6	98
6	99
6	100
6	101
6	102
6	103
6	104
6	105
6	111
6	112
6	113
6	114
6	115
6	116
6	117
6	118
6	119
6	120
6	121
6	122
6	123
6	124
6	125
6	126
6	132
6	133
6	134
6	135
6	136
6	137
6	138
6	139
6	140
6	141
6	142
6	143
6	144
6	145
6	146
6	147
6	153
6	154
6	155
6	156
6	157
6	158
6	159
6	160
6	161
6	162
6	163
6	164
6	165
6	166
6	167
6	168
6	174
6	175
6	176
6	177
6	178
6	179
6	180
6	181
6	182
6	183
6	184
6	185
6	186
6	187
6	188
6	189
6	195
6	196
6	197
6	198
6	199
6	200
6	201
6	202
6	203
6	204
6	205
6	206
6	207
6	208
6	209
6	210
6	216
6	217
6	218
6	219
6	220
6	221
6	222
6	223
6	224
6	225
6	226
6	227
6	228
6	229
6	230
6	231
6	237
6	238
6	239
6	240
6	241
6	242
6	243
6	244
6	245
6	246
6	247
6	248
6	249
6	250
6	251
6	252
6	258
6	259
6	260
6	261
6	262
6	263
6	264
6	265
6	266
6	267
6	268
6	269
6	270
6	271
6	272
6	273
6	279
6	280
6	281
6	282
6	283
6	284
6	285
6	286
6	287
6	288
6	289
6	290
6	291
6	292
6	293
6	294
6	300
6	301
6	302
6	303
6	304
6	305
6	306
6	307
6	308
6	309
6	310
6	311
6	312
6	313
6	314
6	315
6	321
6	322
6	323
6	324
6	325
6	326
6	327
6	328
6	329
6	330
6	331
6	332
6	333
6	334
6	335
6	336
6	342
6	343
6	344
6	345
6	346
6	347
6	348
6	349
6	350
6	351
6	352
6	353
6	354
6	355
6	356
6	357
6	363
6	364
6	365
6	366
6	367
6	368
6	369
6	370
6	371
6	372
6	373
6	374
6	375
6	376
6	377
6	378
6	384
6	385
6	386
6	387
6	388
6	389
6	390
6	391
6	392
6	393
6	394
6	395
6	396
6	397
6	398
6	399
6	405
6	406
6	407
6	408
6	409
6	410
6	411
6	412
6	413
6	414
6	415
6	416
6	417
6	418
6	419
6	420
6	426
6	427
6	428
6	429
6	430
6	431
6	432
6	433
6	434
6	435
6	436
6	437
6	438
6	439
6	440
6	441
7	8
7	9
7	10
7	11
7	12
7	13
7	14
7	15
7	16
7	17
7	18
7	19
7	20
7	21
7	28
7	29
7	30
7	31
7	32
7	33
7	34
7	35
7	36
7	37
7	38
7	39
7	40
7	41
7	42
7	49
7	50
7	51
7	52
7	53
7	54
7	55
7	56
7	57
7	58
7	59
7	60
7	61
7	62
7	63
7	70
7	71
7	72
7	73
7	74
7	75
7	76
7	77
7	78
7	79
7	80
7	81
7	82
7	83
7	84
7	91
7	92
7	93
7	94
7	95
7	96
7	97
7	98
7	99
7	100
7	101
7	102
7	103
7	104
7	105
7	112
7	113
7	114
7	115
7	116
7	117
7	118
7	119
7	120
7	121
7	122
7	123
7	124
7	125
7	126
7	133
7	134
7	135
7	136
7	137
7	138
7	139
7	140
7	141
7	142
7	143
7	144
7	145
7	146
7	147
7	154
7	155
7	156
7	157
7	158
7	159
7	160
7	161
7	162
7	163
7	164
7	165
7	166
7	167
7	168
7	175
7	176
7	177
7	178
7	179
7	180
7	181
7	182
7	183
7	184
7	185
7	186
7	187
7	188
7	189
7	196
7	197
7	198
7	199
7	200
7	201
7	202
7	203
7	204
7	205
7	206
7	207
7	208
7	209
7	210
7	217
7	218
7	219
7	220
7	221
7	222
7	223
7	224
7	225
7	226
7	227
7	228
7	229
7	230
7	231
7	238
7	239
7	240
7	241
7	242
7	243
7	244
7	245
7	246
7	247
7	248
7	249
7	250
7	251
7	252
7	259
7	260
7	261
7	262
7	263
7	264
7	265
7	266
7	267
7	268
7	269
7	270
7	271
7	272
7	273
7	280
7	281
7	282
7	283
7	284
7	285
7	286
7	287
7	288
7	289
7	290
7	291
7	292
7	293
7	294
7	301
7	302
7	303
7	304
7	305
7	306
7	307
7	308
7	309
7	310
7	311
7	312
7	313
7	314
7	315
7	322
7	323
7	324
7	325
7	326
7	327
7	328
7	329
7	330
7	331
7	332
7	333
7	334
7	335
7	336
7	343
7	344
7	345
7	346
7	347
7	348
7	349
7	350
7	351
7	352
7	353
7	354
7	355
7	356
7	357
7	364
7	365
7	366
7	367
7	368
7	369
7	370
7	371
7	372
7	373
7	374
7	375
7	376
7	377
7	378
7	385
7	386
7	387
7	388
7	389
7	390
7	391
7	392
7	393
7	394
7	395
7	396
7	397
7	398
7	399
7	406
7	407
7	408
7	409
7	410
7	411
7	412
7	413
7	414
7	415
7	416
7	417
7	418
7	419
7	420
7	427
7	428
7	429
7	430
7	431
7	432
7	433
7	434
7	435
7	436
7	437
7	438
7	439
7	440
7	441
8	9
8	10
8	11
8	12
8	13
8	14
8	15
8	16
8	17
8	18
8	19
8	20
8	21
8	29
8	30
8	31
8	32
8	33
8	34
8	35
8	36
8	37
8	38
8	39
8	40
8	41
8	42
8	50
8	51
8	52
8	53
8	54
8	55
8	56
8	57
8	58
8	59
8	60
8	61
8	62
8	63
8	71
8	72
8	73
8	74
8	75
8	76
8	77
8	78
8	79
8	80
8	81
8	82
8	83
8	84
8	92
8	93
8	94
8	95
8	96
8	97
8	98
8	99
8	100
8	101
8	102
8	103
8	104
8	105
8	113
8	114
8	115
8	116
8	117
8	118
8	119
8	120
8	121
8	122
8	123
8	124
8	125
8	126
8	134
8	135
8	136
8	137
8	138
8	139
8	140
8	141
8	142
8	143
8	144
8	145
8	146
8	147
8	155
8	156
8	157
8	158
8	159
8	160
8	161
8	162
8	163
8	164
8	165
8	166
8	167
8	168
8	176
8	177
8	178
8	179
8	180
8	181
8	182
8	183
8	184
8	185
8	186
8	187
8	188
8	189
8	197
8	198
8	199
8	200
8	201
8	202
8	203
8	204
8	205
8	206
8	207
8	208
8	209
8	210
8	218
8	219
8	220
8	221
8	222
8	223
8	224
8	225
8	226
8	227
8	228
8	229
8	230
8	231
8	239
8	240
8	241
8	242
8	243
8	244
8	245
8	246
8	247
8	248
8	249
8	250
8	251
8	252
8	260
8	261
8	262
8	263
8	264
8	265
8	266
8	267
8	268
8	269
8	270
8	271
8	272
8	273
8	281
8	282
8	283
8	284
8	285
8	286
8	287
8	288
8	289
8	290
8	291
8	292
8	293
8	294
8	302
8	303
8	304
8	305
8	306
8	307
8	308
8	309
8	310
8	311
8	312
8	313
8	314
8	315
8	323
8	324
8	325
8	326
8	327
8	328
8	329
8	330
8	331
8	332
8	333
8	334
8	335
8	336
8	344
8	345
8	346
8	347
8	348
8	349
8	350
8	351
8	352
8	353
8	354
8	355
8	356
8	357
8	365
8	366
8	367
8	368
8	369
8	370
8	371
8	372
8	373
8	374
8	375
8	376
8	377
8	378
8	386
8	387
8	388
8	389
8	390
8	391
8	392
8	393
8	394
8	395
8	396
8	397
8	398
8	399
8	407
8	408
8	409
8	410
8	411
8	412
8	413
8	414
8	415
8	416
8	417
8	418
8	419
8	420
8	428
8	429
8	430
8	431
8	432
8	433
8	434
8	435
8	436
8	437
8	438
8	439
8	440
8	441
9	10
9	11
9	12
9	13
9	14
9	15
9	16
9	17
9	18
9	19
9	20
9	21
9	30
9	31
9	32
9	33
9	34
9	35
9	36
9	37
9	38
9	39
9	40
9	41
9	42
9	51
9	52
9	53
9	54
9	55
9	56
9	57
9	58
9	59
9	60
9	61
9	62
9	63
9	72
9	73
9	74
9	75
9	76
9	77
9	78
9	79
9	80
9	81
9	82
9	83
9	84
9	93
9	94
9	95
9	96
9	97
9	98
9	99
9	100
9	101
9	102
9	103
9	104
9	105
9	114
9	115
9	116
9	117
9	118
9	119
9	120
9	121
9	122
9	123
9	124
9	125
9	126
9	135
9	136
9	137
9	138
9	139
9	140
9	141
9	142
9	143
9	144
9	145
9	146
9	147
9	156
9	157
9	158
9	159
9	160
9	161
9	162
9	163
9	164
9	165
9	166
9	167
9	168
9	177
9	178
9	179
9	180
9	181
9	182
9	183
9	184
9	185
9	186
9	187
9	188
9	189
9	198
9	199
9	200
9	201
9	202
9	203
9	204
9	205
9	206
9	207
9	208
9	209
9	210
9	219
9	220
9	221
9	222
9	223
9	224
9	225
9	226
9	227
9	228
9	229
9	230
9	231
9	240
9	241
9	242
9	243
9	244
9	245
9	246
9	247
9	248
9	249
9	250
9	251
9	252
9	261
9	262
9	263
9	264
9	265
9	266
9	267
9	268
9	269
9	270
9	271
9	272
9	273
9	282
9	283
9	284
9	285
9	286
9	287
9	288
9	289
9	290
9	291
9	292
9	293
9	294
9	303
9	304
9	305
9	306
9	307
9	308
9	309
9	310
9	311
9	312
9	313
9	314
9	315
9	324
9	325
9	326
9	327
9	328
9	329
9	330
9	331
9	332
9	333
9	334
9	335
9	336
9	345
9	346
9	347
9	348
9	349
9	350
9	351
9	352
9	353
9	354
9	355
9	356
9	357
9	366
9	367
9	368
9	369
9	370
9	371
9	372
9	373
9	374
9	375
9	376
9	377
9	378
9	387
9	388
9	389
9	390
9	391
9	392
9	393
9	394
9	395
9	396
9	397
9	398
9	399
9	408
9	409
9	410
9	411
9	412
9	413
9	414
9	415
9	416
9	417
9	418
9	419
9	420
9	429
9	430
9	431
9	432
9	433
9	434
9	435
9	436
9	437
9	438
9	439
9	440
9	441
10	11
10	12
10	13
10	14
10	15
10	16
10	17
10	18
10	19
10	20
10	21
10	31
10	32
10	33
10	34
10	35
10	36
10	37
10	38
10	39
10	40
10	41
10	42
10	52
10	53
10	54
10	55
10	56
10	57
10	58
10	59
10	60
10	61
10	62
10	63
10	73
10	74
10	75
10	76
10	77
10	78
10	79
10	80
10	81
10	82
10	83
10	84
10	94
10	95
10	96
10	97
10	98
10	99
10	100
10	101
10	102
10	103
10	104
10	105
10	115
10	116
10	117
10	118
10	119
10	120
10	121
10	122
10	123
10	124
10	125
10	126
10	136
10	137
10	138
10	139
10	140
10	141
10	142
10	143
10	144
10	145
10	146
10	147
10	157
10	158
10	159
10	160
10	161
10	162
10	163
10	164
10	165
10	166
10	167
10	168
10	178
10	179
10	180
10	181
10	182
10	183
10	184
10	185
10	186
10	187
10	188
10	189
10	199
10	200
10	201
10	202
10	203
10	204
10	205
10	206
10	207
10	208
10	209
10	210
10	220
10	221
10	222
10	223
10	224
10	225
10	226
10	227
10	228
10	229
10	230
10	231
10	241
10	242
10	243
10	244
10	245
10	246
10	247
10	248
10	249
10	250
10	251
10	252
10	262
10	263
10	264
10	265
10	266
10	267
10	268
10	269
10	270
10	271
10	272
10	273
10	283
10	284
10	285
10	286
10	287
10	288
10	289
10	290
10	291
10	292
10	293
10	294
10	304
10	305
10	306
10	307
10	308
10	309
10	310
10	311
10	312
10	313
10	314
10	315
10	325
10	326
10	327
10	328
10	329
10	330
10	331
10	332
10	333
10	334
10	335
10	336
10	346
10	347
10	348
10	349
10	350
10	351
10	352
10	353
10	354
10	355
10	356
10	357
10	367
10	368
10	369
10	370
10	371
10	372
10	373
10	374
10	375
10	376
10	377
10	378
10	388
10	389
10	390
10	391
10	392
10	393
10	394
10	395
10	396
10	397
10	398
10	399
10	409
10	410
10	411
10	412
10	413
10	414
10	415
10	416
10	417
10	418
10	419
10	420
10	430
10	431
10	432
10	433
10	434
10	435
10	436
10	437
10	438
10	439
10	440
10	441
11	12
11	13
11	14
11	15
11	16
11	17
11	18
11	19
11	20
11	21
11	32
11	33
11	34
11	35
11	36
11	37
11	38
11	39
11	40
11	41
11	42
11	53
11	54
11	55
11	56
11	57
11	58
11	59
11	60
11	61
11	62
11	63
11	74
11	75
11	76
11	77
11	78
11	79
11	80
11	81
11	82
11	83
11	84
11	95
11	96
11	97
11	98
11	99
11	100
11	101
11	102
11	103
11	104
11	105
11	116
11	117
11	118
11	119
11	120
11	121
11	122
11	123
11	124
11	125
11	126
11	137
11	138
11	139
11	140
11	141
11	142
11	143
11	144
11	145
11	146
11	147
11	158
11	159
11	160
11	161
11	162
11	163
11	164
11	165
11	166
11	167
11	168
11	179
11	180
11	181
11	182
11	183
11	184
11	185
11	186
11	187
11	188
11	189
11	200
11	201
11	202
11	203
11	204
11	205
11	206
11	207
11	208
11	209
11	210
11	221
11	222
11	223
11	224
11	225
11	226
11	227
11	228
11	229
11	230
11	231
11	242
11	243
11	244
11	245
11	246
11	247
11	248
11	249
11	250
11	251
11	252
11	263
11	264
11	265
11	266
11	267
11	268
11	269
11	270
11	271
11	272
11	273
11	284
11	285
11	286
11	287
11	288
11	289
11	290
11	291
11	292
11	293
11	294
11	305
11	306
11	307
11	308
11	309
11	310
11	311
11	312
11	313
11	314
11	315
11	326
11	327
11	328
11	329
11	330
11	331
11	332
11	333
11	334
11	335
11	336
11	347
11	348
11	349
11	350
11	351
11	352
11	353
11	354
11	355
11	356
11	357
11	368
11	369
11	370
11	371
11	372
11	373
11	374
11	375
11	376
11	377
11	378
11	389
11	390
11	391
11	392
11	393
11	394
11	395
11	396
11	397
11	398
11	399
11	410
11	411
11	412
11	413
11	414
11	415
11	416
11	417
11	418
11	419
11	420
11	431
11	432
11	433
11	434
11	435
11	436
11	437
11	438
11	439
11	440
11	441
12	13
12	14
12	15
12	16
12	17
12	18
12	19
12	20
12	21
12	33
12	34
12	35
12	36
12	37
12	38
12	39
12	40
12	41
12	42
12	54
12	55
12	56
12	57
12	58
12	59
12	60
12	61
12	62
12	63
12	75
12	76
12	77
12	78
12	79
12	80
12	81
12	82
12	83
12	84
12	96
12	97
12	98
12	99
12	100
12	101
12	102
12	103
12	104
12	105
12	117
12	118
12	119
12	120
12	121
12	122
12	123
12	124
12	125
12	126
12	138
12	139
12	140
12	141
12	142
12	143
12	144
12	145
12	146
12	147
12	159
12	160
12	161
12	162
12	163
12	164
12	165
12	166
12	167
12	168
12	180
12	181
12	182
12	183
12	184
12	185
12	186
12	187
12	188
12	189
12	201
12	202
12	203
12	204
12	205
12	206
12	207
12	208
12	209
12	210
12	222
12	223
12	224
12	225
12	226
12	227
12	228
12	229
12	230
12	231
12	243
12	244
12	245
12	246
12	247
12	248
12	249
12	250
12	251
12	252
12	264
12	265
12	266
12	267
12	268
12	269
12	270
12	271
12	272
12	273
12	285
12	286
12	287
12	288
12	289
12	290
12	291
12	292
12	293
12	294
12	306
12	307
12	308
12	309
12	310
12	311
12	312
12	313
12	314
12	315
12	327
12	328
12	329
12	330
12	331
12	332
12	333
12	334
12	335
12	336
12	348
12	349
12	350
12	351
12	352
12	353
12	354
12	355
12	356
12	357
12	369
12	370
12	371
12	372
12	373
12	374
12	375
12	376
12	377
12	378
12	390
12	391
12	392
12	393
12	394
12	395
12	396
12	397
12	398
12	399
12	411
12	412
12	413
12	414
12	415
12	416
12	417
12	418
12	419
12	420
12	432
12	433
12	434
12	435
12	436
12	437
12	438
12	439
12	440
12	441
13	14
13	15
13	16
13	17
13	18
13	19
13	20
13	21
13	34
13	35
13	36
13	37
13	38
13	39
13	40
13	41
13	42
13	55
13	56
13	57
13	58
13	59
13	60
13	61
13	62
13	63
13	76
13	77
13	78
13	79
13	80
13	81
13	82
13	83
13	84
13	97
13	98
13	99
13	100
13	101
13	102
13	103
13	104
13	105
13	118
13	119
13	120
13	121
13	122
13	123
13	124
13	125
13	126
13	139
13	140
13	141
13	142
13	143
13	144
13	145
13	146
13	147
13	160
13	161
13	162
13	163
13	164
13	165
13	166
13	167
13	168
13	181
13	182
13	183
13	184
13	185
13	186
13	187
13	188
13	189
13	202
13	203
13	204
13	205
13	206
13	207
13	208
13	209
13	210
13	223
13	224
13	225
13	226
13	227
13	228
13	229
13	230
13	231
13	244
13	245
13	246
13	247
13	248
13	249
13	250
13	251
13	252
13	265
13	266
13	267
13	268
13	269
13	270
13	271
13	272
13	273
13	286
13	287
13	288
13	289
13	290
13	291
13	292
13	293
13	294
13	307
13	308
13	309
13	310
13	311
13	312
13	313
13	314
13	315
13	328
13	329
13	330
13	331
13	332
13	333
13	334
13	335
13	336
13	349
13	350
13	351
13	352
13	353
13	354
13	355
13	356
13	357
13	370
13	371
13	372
13	373
13	374
13	375
13	376
13	377
13	378
13	391
13	392
13	393
13	394
13	395
13	396
13	397
13	398
13	399
13	412
13	413
13	414
13	415
13	416
13	417
13	418
13	419
13	420
13	433
13	434
13	435
13	436
13	437
13	438
13	439
13	440
13	441
14	15
14	16
14	17
14	18
14	19
14	20
14	21
14	35
14	36
14	37
14	38
14	39
14	40
14	41
14	42
14	56
14	57
14	58
14	59
14	60
14	61
14	62
14	63
14	77
14	78
14	79
14	80
14	81
14	82
14	83
14	84
14	98
14	99
14	100
14	101
14	102
14	103
14	104
14	105
14	119
14	120
14	121
14	122
14	123
14	124
14	125
14	126
14	140
14	141
14	142
14	143
14	144
14	145
14	146
14	147
14	161
14	162
14	163
14	164
14	165
14	166
14	167
14	168
14	182
14	183
14	184
14	185
14	186
14	187
14	188
14	189
14	203
14	204
14	205
14	206
14	207
14	208
14	209
14	210
14	224
14	225
14	226
14	227
14	228
14	229
14	230
14	231
14	245
14	246
14	247
14	248
14	249
14	250
14	251
14	252
14	266
14	267
14	268
14	269
14	270
14	271
14	272
14	273
14	287
14	288
14	289
14	290
14	291
14	292
14	293
14	294
14	308
14	309
14	310
14	311
14	312
14	313
14	314
14	315
14	329
14	330
14	331
14	332
14	333
14	334
14	335
14	336
14	350
14	351
14	352
14	353
14	354
14	355
14	356
14	357
14	371
14	372
14	373
14	374
14	375
14	376
14	377
14	378
14	392
14	393
14	394
14	395
14	396
14	397
14	398
14	399
14	413
14	414
14	415
14	416
14	417
14	418
14	419
14	420
14	434
14	435
14	436
14	437
14	438
14	439
14	440
14	441
15	16
15	17
15	18
15	19
15	20
15	21
15	36
15	37
15	38
15	39
15	40
15	41
15	42
15	57
15	58
15	59
15	60
15	61
15	62
15	63
15	78
15	79
15	80
15	81
15	82
15	83
15	84
15	99
15	100
15	101
15	102
15	103
15	104
15	105
15	120
15	121
15	122
15	123
15	124
15	125
15	126
15	141
15	142
15	143
15	144
15	145
15	146
15	147
15	162
15	163
15	164
15	165
15	166
15	167
15	168
15	183
15	184
15	185
15	186
15	187
15	188
15	189
15	204
15	205
15	206
15	207
15	208
15	209
15	210
15	225
15	226
15	227
15	228
15	229
15	230
15	231
15	246
15	247
15	248
15	249
15	250
15	251
15	252
15	267
15	268
15	269
15	270
15	271
15	272
15	273
15	288
15	289
15	290
15	291
15	292
15	293
15	294
15	309
15	310
15	311
15	312
15	313
15	314
15	315
15	330
15	331
15	332
15	333
15	334
15	335
15	336
15	351
15	352
15	353
15	354
15	355
15	356
15	357
15	372
15	373
15	374
15	375
15	376
15	377
15	378
15	393
15	394
15	395
15	396
15	397
15	398
15	399
15	414
15	415
15	416
15	417
15	418
15	419
15	420
15	435
15	436
15	437
15	438
15	439
15	440
15	441
16	17
16	18
16	19
16	20
16	21
16	37
16	38
16	39
16	40
16	41
16	42
16	58
16	59
16	60
16	61
16	62
16	63
16	79
16	80
16	81
16	82
16	83
16	84
16	100
16	101
16	102
16	103
16	104
16	105
16	121
16	122
16	123
16	124
16	125
16	126
16	142
16	143
16	144
16	145
16	146
16	147
16	163
16	164
16	165
16	166
16	167
16	168
16	184
16	185
16	186
16	187
16	188
16	189
16	205
16	206
16	207
16	208
16	209
16	210
16	226
16	227
16	228
16	229
16	230
16	231
16	247
16	248
16	249
16	250
16	251
16	252
16	268
16	269
16	270
16	271
16	272
16	273
16	289
16	290
16	291
16	292
16	293
16	294
16	310
16	311
16	312
16	313
16	314
16	315
16	331
16	332
16	333
16	334
16	335
16	336
16	352
16	353
16	354
16	355
16	356
16	357
16	373
16	374
16	375
16	376
16	377
16	378
16	394
16	395
16	396
16	397
16	398
16	399
16	415
16	416
16	417
16	418
16	419
16	420
16	436
16	437
16	438
16	439
16	440
16	441
17	18
17	19
17	20
17	21
17	38
17	39
17	40
17	41
17	42
17	59
17	60
17	61
17	62
17	63
17	80
17	81
17	82
17	83
17	84
17	101
17	102
17	103
17	104
17	105
17	122
17	123
17	124
17	125
17	126
17	143
17	144
17	145
17	146
17	147
17	164
17	165
17	166
17	167
17	168
17	185
17	186
17	187
17	188
17	189
17	206
17	207
17	208
17	209
17	210
17	227
17	228
17	229
17	230
17	231
17	248
17	249
17	250
17	251
17	252
17	269
17	270
17	271
17	272
17	273
17	290
17	291
17	292
17	293
17	294
17	311
17	312
17	313
17	314
17	315
17	332
17	333
17	334
17	335
17	336
17	353
17	354
17	355
17	356
17	357
17	374
17	375
17	376
17	377
17	378
17	395
17	396
17	397
17	398
17	399
17	416
17	417
17	418
17	419
17	420
17	437
17	438
17	439
17	440
17	441
18	19
18	20
18	21
18	39
18	40
18	41
18	42
18	60
18	61
18	62
18	63
18	81
18	82
18	83
18	84
18	102
18	103
18	104
18	105
18	123
18	124
18	125
18	126
18	144
18	145
18	146
18	147
18	165
18	166
18	167
18	168
18	186
18	187
18	188
18	189
18	207
18	208
18	209
18	210
18	228
18	229
18	230
18	231
18	249
18	250
18	251
18	252
18	270
18	271
18	272
18	273
18	291
18	292
18	293
18	294
18	312
18	313
18	314
18	315
18	333
18	334
18	335
18	336
18	354
18	355
18	356
18	357
18	375
18	376
18	377
18	378
18	396
18	397
18	398
18	399
18	417
18	418
18	419
18	420
18	438
18	439
18	440
18	441
19	20
19	21
19	40
19	41
19	42
19	61
19	62
19	63
19	82
19	83
19	84
19	103
19	104
19	105
19	124
19	125
19	126
19	145
19	146
19	147
19	166
19	167
19	168
19	187
19	188
19	189
19	208
19	209
19	210
19	229
19	230
19	231
19	250
19	251
19	252
19	271
19	272
19	273
19	292
19	293
19	294
19	313
19	314
19	315
19	334
19	335
19	336
19	355
19	356
19	357
19	376
19	377
19	378
19	397
19	398
19	399
19	418
19	419
19	420
19	439
19	440
19	441
20	21
20	41
20	42
20	62
20	63
20	83
20	84
20	104
20	105
20	125
20	126
20	146
20	147
20	167
20	168
20	188
20	189
20	209
20	210
20	230
20	231
20	251
20	252
20	272
20	273
20	293
20	294
20	314
20	315
20	335
20	336
20	356
20	357
20	377
20	378
20	398
20	399
20	419
20	420
20	440
20	441
21	42
21	63
21	84
21	105
21	126
21	147
21	168
21	189
21	210
21	231
21	252
21	273
21	294
21	315
21	336
21	357
21	378
21	399
21	420
21	441
22	23
22	24
22	25
22	26
22	27
22	28
22	29
22	30
22	31
22	32
22	33
22	34
22	35
22	36
22	37
22	38
22	39
22	40
22	41
22	42
22	43
22	44
22	45
22	46
22	47
22	48
22	49
22	50
22	51
22	52
22	53
22	54
22	55
22	56
22	57
22	58
22	59
22	60
22	61
22	62
22	63
22	64
22	65
22	66
22	67
22	68
22	69
22	70
22	71
22	72
22	73
22	74
22	75
22	76
22	77
22	78
22	79
22	80
22	81
22	82
22	83
22	84
22	85
22	86
22	87
22	88
22	89
22	90
22	91
22	92
22	93
22	94
22	95
22	96
22	97
22	98
22	99
22	100
22	101
22	102
22	103
22	104
22	105
22	106
22	107
22	108
22	109
22	110
22	111
22	112
22	113
22	114
22	115
22	116
22	117
22	118
22	119
22	120
22	121
22	122
22	123
22	124
22	125
22	126
22	127
22	128
22	129
22	130
22	131
22	132
22	133
22	134
22	135
22	136
22	137
22	138
22	139
22	140
22	141
22	142
22	143
22	144
22	145
22	146
22	147
22	148
22	149
22	150
22	151
22	152
22	153
22	154
22	155
22	156
22	157
22	158
22	159
22	160
22	161
22	162
22	163
22	164
22	165
22	166
22	167
22	168
22	169
22	170
22	171
22	172
22	173
22	174
22	175
22	176
22	177
22	178
22	179
22	180
22	181
22	182
22	183
22	184
22	185
22	186
22	187
22	188
22	189
22	190
22	191
22	192
22	193
22	194
22	195
22	196
22	197
22	198
22	199
22	200
22	201
22	202
22	203
22	204
22	205
22	206
22	207
22	208
22	209
22	210
22	211
22	212
22	213
22	214
22	215
22	216
22	217
22	218
22	219
22	220
22	221
22	222
22	223
22	224
22	225
22	226
22	227
22	228
22	229
22	230
22	231
22	232
22	233
22	234
22	235
22	236
22	237
22	238
22	239
22	240
22	241
22	242
22	243
22	244
22	245
22	246
22	247
22	248
22	249
22	250
22	251
22	252
22	253
22	254
22	255
22	256
22	257
22	258
22	259
22	260
22	261
22	262
22	263
22	264
22	265
22	266
22	267
22	268
22	269
22	270
22	271
22	272
22	273
22	274
22	275
22	276
22	277
22	278
22	279
22	280
22	281
22	282
22	283
22	284
22	285
22	286
22	287
22	288
22	289
22	290
22	291
22	292
22	293
22	294
22	295
22	296
22	297
22	298
22	299
22	300
22	301
22	302
22	303
22	304
22	305
22	306
22	307
22	308
22	309
22	310
22	311
22	312
22	313
22	314
22	315
22	316
22	317
22	318
22	319
22	320
22	321
22	322
22	323
22	324
22	325
22	326
22	327
22	328
22	329
22	330
22	331
22	332
22	333
22	334
22	335
22	336
22	337
22	338
22	339
22	340
22	341
22	342
22	343
22	344
22	345
22	346
22	347
22	348
22	349
22	350
22	351
22	352
22	353
22	354
22	355
22	356
22	357
22	358
22	359
22	360
22	361
22	362
22	363
22	364
22	365
22	366
22	367
22	368
22	369
22	370
22	371
22	372
22	373
22	374
22	375
22	376
22	377
22	378
22	379
22	380
22	381
22	382
22	383
22	384
22	385
22	386
22	387
22	388
22	389
22	390
22	391
22	392
22	393
22	394
22	395
22	396
22	397
22	398
22	399
22	400
22	401
22	402
22	403
22	404
22	405
22	406
22	407
22	408
22	409
22	410
22	411
22	412
22	413
22	414
22	415
22	416
22	417
22	418
22	419
22	420
22	421
22	422
22	423
22	424
22	425
22	426
22	427
22	428
22	429
22	430
22	431
22	432
22	433
22	434
22	435
22	436
22	437
22	438
22	439
22	440
22	441
23	24
23	25
23	26
23	27
23	28
23	29
23	30
23	31
23	32
23	33
23	34
23	35
23	36
23	37
23	38
23	39
23	40
23	41
23	42
23	44
23	45
23	46
23	47
23	48
23	49
23	50
23	51
23	52
23	53
23	54
23	55
23	56
23	57
23	58
23	59
23	60
23	61
23	62
23	63
23	65
23	66
23	67
23	68
23	69
23	70
23	71
23	72
23	73
23	74
23	75
23	76
23	77
23	78
23	79
23	80
23	81
23	82
23	83
23	84
23	86
23	87
23	88
23	89
23	90
23	91
23	92
23	93
23	94
23	95
23	96
23	97
23	98
23	99
23	100
23	101
23	102
23	103
23	104
23	105
23	107
23	108
23	109
23	110
23	111
23	112
23	113
23	114
23	115
23	116
23	117
23	118
23	119
23	120
23	121
23	122
23	123
23	124
23	125
23	126
23	128
23	129
23	130
23	131
23	132
23	133
23	134
23	135
23	136
23	137
23	138
23	139
23	140
23	141
23	142
23	143
23	144
23	145
23	146
23	147
23	149
23	150
23	151
23	152
23	153
23	154
23	155
23	156
23	157
23	158
23	159
23	160
23	161
23	162
23	163
23	164
23	165
23	166
23	167
23	168
23	170
23	171
23	172
23	173
23	174
23	175
23	176
23	177
23	178
23	179
23	180
23	181
23	182
23	183
23	184
23	185
23	186
23	187
23	188
23	189
23	191
23	192
23	193
23	194
23	195
23	196
23	197
23	198
23	199
23	200
23	201
23	202
23	203
23	204
23	205
23	206
23	207
23	208
23	209
23	210
23	212
23	213
23	214
23	215
23	216
23	217
23	218
23	219
23	220
23	221
23	222
23	223
23	224
23	225
23	226
23	227
23	228
23	229
23	230
23	231
23	233
23	234
23	235
23	236
23	237
23	238
23	239
23	240
23	241
23	242
23	243
23	244
23	245
23	246
23	247
23	248
23	249
23	250
23	251
23	252
23	254
23	255
23	256
23	257
23	258
23	259
23	260
23	261
23	262
23	263
23	264
23	265
23	266
23	267
23	268
23	269
23	270
23	271
23	272
23	273
23	275
23	276
23	277
23	278
23	279
23	280
23	281
23	282
23	283
23	284
23	285
23	286
23	287
23	288
23	289
23	290
23	291
23	292
23	293
23	294
23	296
23	297
23	298
23	299
23	300
23	301
23	302
23	303
23	304
23	305
23	306
23	307
23	308
23	309
23	310
23	311
23	312
23	313
23	314
23	315
23	317
23	318
23	319
23	320
23	321
23	322
23	323
23	324
23	325
23	326
23	327
23	328
23	329
23	330
23	331
23	332
23	333
23	334
23	335
23	336
23	338
23	339
23	340
23	341
23	342
23	343
23	344
23	345
23	346
23	347
23	348
23	349
23	350
23	351
23	352
23	353
23	354
23	355
23	356
23	357
23	359
23	360
23	361
23	362
23	363
23	364
23	365
23	366
23	367
23	368
23	369
23	370
23	371
23	372
23	373
23	374
23	375
23	376
23	377
23	378
23	380
23	381
23	382
23	383
23	384
23	385
23	386
23	387
23	388
23	389
23	390
23	391
23	392
23	393
23	394
23	395
23	396
23	397
23	398
23	399
23	401
23	402
23	403
23	404
23	405
23	406
23	407
23	408
23	409
23	410
23	411
23	412
23	413
23	414
23	415
23	416
23	417
23	418
23	419
23	420
23	422
23	423
23	424
23	425
23	426
23	427
23	428
23	429
23	430
23	431
23	432
23	433
23	434
23	435
23	436
23	437
23	438
23	439
23	440
23	441
24	25
24	26
24	27
24	28
24	29
24	30
24	31
24	32
24	33
24	34
24	35
24	36
24	37
24	38
24	39
24	40
24	41
24	42
24	45
24	46
24	47
24	48
24	49
24	50
24	51
24	52
24	53
24	54
24	55
24	56
24	57
24	58
24	59
24	60
24	61
24	62
24	63
24	66
24	67
24	68
24	69
24	70
24	71
24	72
24	73
24	74
24	75
24	76
24	77
24	78
24	79
24	80
24	81
24	82
24	83
24	84
24	87
24	88
24	89
24	90
24	91
24	92
24	93
24	94
24	95
24	96
24	97
24	98
24	99
24	100
24	101
24	102
24	103
24	104
24	105
24	108
24	109
24	110
24	111
24	112
24	113
24	114
24	115
24	116
24	117
24	118
24	119
24	120
24	121
24	122
24	123
24	124
24	125
24	126
24	129
24	130
24	131
24	132
24	133
24	134
24	135
24	136
24	137
24	138
24	139
24	140
24	141
24	142
24	143
24	144
24	145
24	146
24	147
24	150
24	151
24	152
24	153
24	154
24	155
24	156
24	157
24	158
24	159
24	160
24	161
24	162
24	163
24	164
24	165
24	166
24	167
24	168
24	171
24	172
24	173
24	174
24	175
24	176
24	177
24	178
24	179
24	180
24	181
24	182
24	183
24	184
24	185
24	186
24	187
24	188
24	189
24	192
24	193
24	194
24	195
24	196
24	197
24	198
24	199
24	200
24	201
24	202
24	203
24	204
24	205
24	206
24	207
24	208
24	209
24	210
24	213
24	214
24	215
24	216
24	217
24	218
24	219
24	220
24	221
24	222
24	223
24	224
24	225
24	226
24	227
24	228
24	229
24	230
24	231
24	234
24	235
24	236
24	237
24	238
24	239
24	240
24	241
24	242
24	243
24	244
24	245
24	246
24	247
24	248
24	249
24	250
24	251
24	252
24	255
24	256
24	257
24	258
24	259
24	260
24	261
24	262
24	263
24	264
24	265
24	266
24	267
24	268
24	269
24	270
24	271
24	272
24	273
24	276
24	277
24	278
24	279
24	280
24	281
24	282
24	283
24	284
24	285
24	286
24	287
24	288
24	289
24	290
24	291
24	292
24	293
24	294
24	297
24	298
24	299
24	300
24	301
24	302
24	303
24	304
24	305
24	306
24	307
24	308
24	309
24	310
24	311
24	312
24	313
24	314
24	315
24	318
24	319
24	320
24	321
24	322
24	323
24	324
24	325
24	326
24	327
24	328
24	329
24	330
24	331
24	332
24	333
24	334
24	335
24	336
24	339
24	340
24	341
24	342
24	343
24	344
24	345
24	346
24	347
24	348
24	349
24	350
24	351
24	352
24	353
24	354
24	355
24	356
24	357
24	360
24	361
24	362
24	363
24	364
24	365
24	366
24	367
24	368
24	369
24	370
24	371
24	372
24	373
24	374
24	375
24	376
24	377
24	378
24	381
24	382
24	383
24	384
24	385
24	386
24	387
24	388
24	389
24	390
24	391
24	392
24	393
24	394
24	395
24	396
24	397
24	398
24	399
24	402
24	403
24	404
24	405
24	406
24	407
24	408
24	409
24	410
24	411
24	412
24	413
24	414
24	415
24	416
24	417
24	418
24	419
24	420
24	423
24	424
24	425
24	426
24	427
24	428
24	429
24	430
24	431
24	432
24	433
24	434
24	435
24	436
24	437
24	438
24	439
24	440
24	441
25	26
25	27
25	28
25	29
25	30
25	31
25	32
25	33
25	34
25	35
25	36
25	37
25	38
25	39
25	40
25	41
25	42
25	46
25	47
25	48
25	49
25	50
25	51
25	52
25	53
25	54
25	55
25	56
25	57
25	58
25	59
25	60
25	61
25	62
25	63
25	67
25	68
25	69
25	70
25	71
25	72
25	73
25	74
25	75
25	76
25	77
25	78
25	79
25	80
25	81
25	82
25	83
25	84
25	88
25	89
25	90
25	91
25	92
25	93
25	94
25	95
25	96
25	97
25	98
25	99
25	100
25	101
25	102
25	103
25	104
25	105
25	109
25	110
25	111
25	112
25	113
25	114
25	115
25	116
25	117
25	118
25	119
25	120
25	121
25	122
25	123
25	124
25	125
25	126
25	130
25	131
25	132
25	133
25	134
25	135
25	136
25	137
25	138
25	139
25	140
25	141
25	142
25	143
25	144
25	145
25	146
25	147
25	151
25	152
25	153
25	154
25	155
25	156
25	157
25	158
25	159
25	160
25	161
25	162
25	163
25	164
25	165
25	166
25	167
25	168
25	172
25	173
25	174
25	175
25	176
25	177
25	178
25	179
25	180
25	181
25	182
25	183
25	184
25	185
25	186
25	187
25	188
25	189
25	193
25	194
25	195
25	196
25	197
25	198
25	199
25	200
25	201
25	202
25	203
25	204
25	205
25	206
25	207
25	208
25	209
25	210
25	214
25	215
25	216
25	217
25	218
25	219
25	220
25	221
25	222
25	223
25	224
25	225
25	226
25	227
25	228
25	229
25	230
25	231
25	235
25	236
25	237
25	238
25	239
25	240
25	241
25	242
25	243
25	244
25	245
25	246
25	247
25	248
25	249
25	250
25	251
25	252
25	256
25	257
25	258
25	259
25	260
25	261
25	262
25	263
25	264
25	265
25	266
25	267
25	268
25	269
25	270
25	271
25	272
25	273
25	277
25	278
25	279
25	280
25	281
25	282
25	283
25	284
25	285
25	286
25	287
25	288
25	289
25	290
25	291
25	292
25	293
25	294
25	298
25	299
25	300
25	301
25	302
25	303
25	304
25	305
25	306
25	307
25	308
25	309
25	310
25	311
25	312
25	313
25	314
25	315
25	319
25	320
25	321
25	322
25	323
25	324
25	325
25	326
25	327
25	328
25	329
25	330
25	331
25	332
25	333
25	334
25	335
25	336
25	340
25	341
25	342
25	343
25	344
25	345
25	346
25	347
25	348
25	349
25	350
25	351
25	352
25	353
25	354
25	355
25	356
25	357
25	361
25	362
25	363
25	364
25	365
25	366
25	367
25	368
25	369
25	370
25	371
25	372
25	373
25	374
25	375
25	376
25	377
25	378
25	382
25	383
25	384
25	385
25	386
25	387
25	388
25	389
25	390
25	391
25	392
25	393
25	394
25	395
25	396
25	397
25	398
25	399
25	403
25	404
25	405
25	406
25	407
25	408
25	409
25	410
25	411
25	412
25	413
25	414
25	415
25	416
25	417
25	418
25	419
25	420
25	424
25	425
25	426
25	427
25	428
25	429
25	430
25	431
25	432
25	433
25	434
25	435
25	436
25	437
25	438
25	439
25	440
25	441
26	27
26	28
26	29
26	30
26	31
26	32
26	33
26	34
26	35
26	36
26	37
26	38
26	39
26	40
26	41
26	42
26	47
26	48
26	49
26	50
26	51
26	52
26	53
26	54
26	55
26	56
26	57
26	58
26	59
26	60
26	61
26	62
26	63
26	68
26	69
26	70
26	71
26	72
26	73
26	74
26	75
26	76
26	77
26	78
26	79
26	80
26	81
26	82
26	83
26	84
26	89
26	90
26	91
26	92
26	93
26	94
26	95
26	96
26	97
26	98
26	99
26	100
26	101
26	102
26	103
26	104
26	105
26	110
26	111
26	112
26	113
26	114
26	115
26	116
26	117
26	118
26	119
26	120
26	121
26	122
26	123
26	124
26	125
26	126
26	131
26	132
26	133
26	134
26	135
26	136
26	137
26	138
26	139
26	140
26	141
26	142
26	143
26	144
26	145
26	146
26	147
26	152
26	153
26	154
26	155
26	156
26	157
26	158
26	159
26	160
26	161
26	162
26	163
26	164
26	165
26	166
26	167
26	168
26	173
26	174
26	175
26	176
26	177
26	178
26	179
26	180
26	181
26	182
26	183
26	184
26	185
26	186
26	187
26	188
26	189
26	194
26	195
26	196
26	197
26	198
26	199
26	200
26	201
26	202
26	203
26	204
26	205
26	206
26	207
26	208
26	209
26	210
26	215
26	216
26	217
26	218
26	219
26	220
26	221
26	222
26	223
26	224
26	225
26	226
26	227
26	228
26	229
26	230
26	231
26	236
26	237
26	238
26	239
26	240
26	241
26	242
26	243
26	244
26	245
26	246
26	247
26	248
26	249
26	250
26	251
26	252
26	257
26	258
26	259
26	260
26	261
26	262
26	263
26	264
26	265
26	266
26	267
26	268
26	269
26	270
26	271
26	272
26	273
26	278
26	279
26	280
26	281
26	282
26	283
26	284
26	285
26	286
26	287
26	288
26	289
26	290
26	291
26	292
26	293
26	294
26	299
26	300
26	301
26	302
26	303
26	304
26	305
26	306
26	307
26	308
26	309
26	310
26	311
26	312
26	313
26	314
26	315
26	320
26	321
26	322
26	323
26	324
26	325
26	326
26	327
26	328
26	329
26	330
26	331
26	332
26	333
26	334
26	335
26	336
26	341
26	342
26	343
26	344
26	345
26	346
26	347
26	348
26	349
26	350
26	351
26	352
26	353
26	354
26	355
26	356
26	357
26	362
26	363
26	364
26	365
26	366
26	367
26	368
26	369
26	370
26	371
26	372
26	373
26	374
26	375
26	376
26	377
26	378
26	383
26	384
26	385
26	386
26	387
26	388
26	389
26	390
26	391
26	392
26	393
26	394
26	395
26	396
26	397
26	398
26	399
26	404
26	405
26	406
26	407
26	408
26	409
26	410
26	411
26	412
26	413
26	414
26	415
26	416
26	417
26	418
26	419
26	420
26	425
26	426
26	427
26	428
26	429
26	430
26	431
26	432
26	433
26	434
26	435
26	436
26	437
26	438
26	439
26	440
26	441
27	28
27	29
27	30
27	31
27	32
27	33
27	34
27	35
27	36
27	37
27	38
27	39
27	40
27	41
27	42
27	48
27	49
27	50
27	51
27	52
27	53
27	54
27	55
27	56
27	57
27	58
27	59
27	60
27	61
27	62
27	63
27	69
27	70
27	71
27	72
27	73
27	74
27	75
27	76
27	77
27	78
27	79
27	80
27	81
27	82
27	83
27	84
27	90
27	91
27	92
27	93
27	94
27	95
27	96
27	97
27	98
27	99
27	100
27	101
27	102
27	103
27	104
27	105
27	111
27	112
27	113
27	114
27	115
27	116
27	117
27	118
27	119
27	120
27	121
27	122
27	123
27	124
27	125
27	126
27	132
27	133
27	134
27	135
27	136
27	137
27	138
27	139
27	140
27	141
27	142
27	143
27	144
27	145
27	146
27	147
27	153
27	154
27	155
27	156
27	157
27	158
27	159
27	160
27	161
27	162
27	163
27	164
27	165
27	166
27	167
27	168
27	174
27	175
27	176
27	177
27	178
27	179
27	180
27	181
27	182
27	183
27	184
27	185
27	186
27	187
27	188
27	189
27	195
27	196
27	197
27	198
27	199
27	200
27	201
27	202
27	203
27	204
27	205
27	206
27	207
27	208
27	209
27	210
27	216
27	217
27	218
27	219
27	220
27	221
27	222
27	223
27	224
27	225
27	226
27	227
27	228
27	229
27	230
27	231
27	237
27	238
27	239
27	240
27	241
27	242
27	243
27	244
27	245
27	246
27	247
27	248
27	249
27	250
27	251
27	252
27	258
27	259
27	260
27	261
27	262
27	263
27	264
27	265
27	266
27	267
27	268
27	269
27	270
27	271
27	272
27	273
27	279
27	280
27	281
27	282
27	283
27	284
27	285
27	286
27	287
27	288
27	289
27	290
27	291
27	292
27	293
27	294
27	300
27	301
27	302
27	303
27	304
27	305
27	306
27	307
27	308
27	309
27	310
27	311
27	312
27	313
27	314
27	315
27	321
27	322
27	323
27	324
27	325
27	326
27	327
27	328
27	329
27	330
27	331
27	332
27	333
27	334
27	335
27	336
27	342
27	343
27	344
27	345
27	346
27	347
27	348
27	349
27	350
27	351
27	352
27	353
27	354
27	355
27	356
27	357
27	363
27	364
27	365
27	366
27	367
27	368
27	369
27	370
27	371
27	372
27	373
27	374
27	375
27	376
27	377
27	378
27	384
27	385
27	386
27	387
27	388
27	389
27	390
27	391
27	392
27	393
27	394
27	395
27	396
27	397
27	398
27	399
27	405
27	406
27	407
27	408
27	409
27	410
27	411
27	412
27	413
27	414
27	415
27	416
27	417
27	418
27	419
27	420
27	426
27	427
27	428
27	429
27	430
27	431
27	432
27	433
27	434
27	435
27	436
27	437
27	438
27	439
27	440
27	441
28	29
28	30
28	31
28	32
28	33
28	34
28	35
28	36
28	37
28	38
28	39
28	40
28	41
28	42
28	49
28	50
28	51
28	52
28	53
28	54
28	55
28	56
28	57
28	58
28	59
28	60
28	61
28	62
28	63
28	70
28	71
28	72
28	73
28	74
28	75
28	76
28	77
28	78
28	79
28	80
28	81
28	82
28	83
28	84
28	91
28	92
28	93
28	94
28	95
28	96
28	97
28	98
28	99
28	100
28	101
28	102
28	103
28	104
28	105
28	112
28	113
28	114
28	115
28	116
28	117
28	118
28	119
28	120
28	121
28	122
28	123
28	124
28	125
28	126
28	133
28	134
28	135
28	136
28	137
28	138
28	139
28	140
28	141
28	142
28	143
28	144
28	145
28	146
28	147
28	154
28	155
28	156
28	157
28	158
28	159
28	160
28	161
28	162
28	163
28	164
28	165
28	166
28	167
28	168
28	175
28	176
28	177
28	178
28	179
28	180
28	181
28	182
28	183
28	184
28	185
28	186
28	187
28	188
28	189
28	196
28	197
28	198
28	199
28	200
28	201
28	202
28	203
28	204
28	205
28	206
28	207
28	208
28	209
28	210
28	217
28	218
28	219
28	220
28	221
28	222
28	223
28	224
28	225
28	226
28	227
28	228
28	229
28	230
28	231
28	238
28	239
28	240
28	241
28	242
28	243
28	244
28	245
28	246
28	247
28	248
28	249
28	250
28	251
28	252
28	259
28	260
28	261
28	262
28	263
28	264
28	265
28	266
28	267
28	268
28	269
28	270
28	271
28	272
28	273
28	280
28	281
28	282
28	283
28	284
28	285
28	286
28	287
28	288
28	289
28	290
28	291
28	292
28	293
28	294
28	301
28	302
28	303
28	304
28	305
28	306
28	307
28	308
28	309
28	310
28	311
28	312
28	313
28	314
28	315
28	322
28	323
28	324
28	325
28	326
28	327
28	328
28	329
28	330
28	331
28	332
28	333
28	334
28	335
28	336
28	343
28	344
28	345
28	346
28	347
28	348
28	349
28	350
28	351
28	352
28	353
28	354
28	355
28	356
28	357
28	364
28	365
28	366
28	367
28	368
28	369
28	370
28	371
28	372
28	373
28	374
28	375
28	376
28	377
28	378
28	385
28	386
28	387
28	388
28	389
28	390
28	391
28	392
28	393
28	394
28	395
28	396
28	397
28	398
28	399
28	406
28	407
28	408
28	409
28	410
28	411
28	412
28	413
28	414
28	415
28	416
28	417
28	418
28	419
28	420
28	427
28	428
28	429
28	430
28	431
28	432
28	433
28	434
28	435
28	436
28	437
28	438
28	439
28	440
28	441
29	30
29	31
29	32
29	33
29	34
29	35
29	36
29	37
29	38
29	39
29	40
29	41
29	42
29	50
29	51
29	52
29	53
29	54
29	55
29	56
29	57
29	58
29	59
29	60
29	61
29	62
29	63
29	71
29	72
29	73
29	74
29	75
29	76
29	77
29	78
29	79
29	80
29	81
29	82
29	83
29	84
29	92
29	93
29	94
29	95
29	96
29	97
29	98
29	99
29	100
29	101
29	102
29	103
29	104
29	105
29	113
29	114
29	115
29	116
29	117
29	118
29	119
29	120
29	121
29	122
29	123
29	124
29	125
29	126
29	134
29	135
29	136
29	137
29	138
29	139
29	140
29	141
29	142
29	143
29	144
29	145
29	146
29	147
29	155
29	156
29	157
29	158
29	159
29	160
29	161
29	162
29	163
29	164
29	165
29	166
29	167
29	168
29	176
29	177
29	178
29	179
29	180
29	181
29	182
29	183
29	184
29	185
29	186
29	187
29	188
29	189
29	197
29	198
29	199
29	200
29	201
29	202
29	203
29	204
29	205
29	206
29	207
29	208
29	209
29	210
29	218
29	219
29	220
29	221
29	222
29	223
29	224
29	225
29	226
29	227
29	228
29	229
29	230
29	231
29	239
29	240
29	241
29	242
29	243
29	244
29	245
29	246
29	247
29	248
29	249
29	250
29	251
29	252
29	260
29	261
29	262
29	263
29	264
29	265
29	266
29	267
29	268
29	269
29	270
29	271
29	272
29	273
29	281
29	282
29	283
29	284
29	285
29	286
29	287
29	288
29	289
29	290
29	291
29	292
29	293
29	294
29	302
29	303
29	304
29	305
29	306
29	307
29	308
29	309
29	310
29	311
29	312
29	313
29	314
29	315
29	323
29	324
29	325
29	326
29	327
29	328
29	329
29	330
29	331
29	332
29	333
29	334
29	335
29	336
29	344
29	345
29	346
29	347
29	348
29	349
29	350
29	351
29	352
29	353
29	354
29	355
29	356
29	357
29	365
29	366
29	367
29	368
29	369
29	370
29	371
29	372
29	373
29	374
29	375
29	376
29	377
29	378
29	386
29	387
29	388
29	389
29	390
29	391
29	392
29	393
29	394
29	395
29	396
29	397
29	398
29	399
29	407
29	408
29	409
29	410
29	411
29	412
29	413
29	414
29	415
29	416
29	417
29	418
29	419
29	420
29	428
29	429
29	430
29	431
29	432
29	433
29	434
29	435
29	436
29	437
29	438
29	439
29	440
29	441
30	31
30	32
30	33
30	34
30	35
30	36
30	37
30	38
30	39
30	40
30	41
30	42
30	51
30	52
30	53
30	54
30	55
30	56
30	57
30	58
30	59
30	60
30	61
30	62
30	63
30	72
30	73
30	74
30	75
30	76
30	77
30	78
30	79
30	80
30	81
30	82
30	83
30	84
30	93
30	94
30	95
30	96
30	97
30	98
30	99
30	100
30	101
30	102
30	103
30	104
30	105
30	114
30	115
30	116
30	117
30	118
30	119
30	120
30	121
30	122
30	123
30	124
30	125
30	126
30	135
30	136
30	137
30	138
30	139
30	140
30	141
30	142
30	143
30	144
30	145
30	146
30	147
30	156
30	157
30	158
30	159
30	160
30	161
30	162
30	163
30	164
30	165
30	166
30	167
30	168
30	177
30	178
30	179
30	180
30	181
30	182
30	183
30	184
30	185
30	186
30	187
30	188
30	189
30	198
30	199
30	200
30	201
30	202
30	203
30	204
30	205
30	206
30	207
30	208
30	209
30	210
30	219
30	220
30	221
30	222
30	223
30	224
30	225
30	226
30	227
30	228
30	229
30	230
30	231
30	240
30	241
30	242
30	243
30	244
30	245
30	246
30	247
30	248
30	249
30	250
30	251
30	252
30	261
30	262
30	263
30	264
30	265
30	266
30	267
30	268
30	269
30	270
30	271
30	272
30	273
30	282
30	283
30	284
30	285
30	286
30	287
30	288
30	289
30	290
30	291
30	292
30	293
30	294
30	303
30	304
30	305
30	306
30	307
30	308
30	309
30	310
30	311
30	312
30	313
30	314
30	315
30	324
30	325
30	326
30	327
30	328
30	329
30	330
30	331
30	332
30	333
30	334
30	335
30	336
30	345
30	346
30	347
30	348
30	349
30	350
30	351
30	352
30	353
30	354
30	355
30	356
30	357
30	366
30	367
30	368
30	369
30	370
30	371
30	372
30	373
30	374
30	375
30	376
30	377
30	378
30	387
30	388
30	389
30	390
30	391
30	392
30	393
30	394
30	395
30	396
30	397
30	398
30	399
30	408
30	409
30	410
30	411
30	412
30	413
30	414
30	415
30	416
30	417
30	418
30	419
30	420
30	429
30	430
30	431
30	432
30	433
30	434
30	435
30	436
30	437
30	438
30	439
30	440
30	441
31	32
31	33
31	34
31	35
31	36
31	37
31	38
31	39
31	40
31	41
31	42
31	52
31	53
31	54
31	55
31	56
31	57
31	58
31	59
31	60
31	61
31	62
31	63
31	73
31	74
31	75
31	76
31	77
31	78
31	79
31	80
31	81
31	82
31	83
31	84
31	94
31	95
31	96
31	97
31	98
31	99
31	100
31	101
31	102
31	103
31	104
31	105
31	115
31	116
31	117
31	118
31	119
31	120
31	121
31	122
31	123
31	124
31	125
31	126
31	136
31	137
31	138
31	139
31	140
31	141
31	142
31	143
31	144
31	145
31	146
31	147
31	157
31	158
31	159
31	160
31	161
31	162
31	163
31	164
31	165
31	166
31	167
31	168
31	178
31	179
31	180
31	181
31	182
31	183
31	184
31	185
31	186
31	187
31	188
31	189
31	199
31	200
31	201
31	202
31	203
31	204
31	205
31	206
31	207
31	208
31	209
31	210
31	220
31	221
31	222
31	223
31	224
31	225
31	226
31	227
31	228
31	229
31	230
31	231
31	241
31	242
31	243
31	244
31	245
31	246
31	247
31	248
31	249
31	250
31	251
31	252
31	262
31	263
31	264
31	265
31	266
31	267
31	268
31	269
31	270
31	271
31	272
31	273
31	283
31	284
31	285
31	286
31	287
31	288
31	289
31	290
31	291
31	292
31	293
31	294
31	304
31	305
31	306
31	307
31	308
31	309
31	310
31	311
31	312
31	313
31	314
31	315
31	325
31	326
31	327
31	328
31	329
31	330
31	331
31	332
31	333
31	334
31	335
31	336
31	346
31	347
31	348
31	349
31	350
31	351
31	352
31	353
31	354
31	355
31	356
31	357
31	367
31	368
31	369
31	370
31	371
31	372
31	373
31	374
31	375
31	376
31	377
31	378
31	388
31	389
31	390
31	391
31	392
31	393
31	394
31	395
31	396
31	397
31	398
31	399
31	409
31	410
31	411
31	412
31	413
31	414
31	415
31	416
31	417
31	418
31	419
31	420
31	430
31	431
31	432
31	433
31	434
31	435
31	436
31	437
31	438
31	439
31	440
31	441
32	33
32	34
32	35
32	36
32	37
32	38
32	39
32	40
32	41
32	42
32	53
32	54
32	55
32	56
32	57
32	58
32	59
32	60
32	61
32	62
32	63
32	74
32	75
32	76
32	77
32	78
32	79
32	80
32	81
32	82
32	83
32	84
32	95
32	96
32	97
32	98
32	99
32	100
32	101
32	102
32	103
32	104
32	105
32	116
32	117
32	118
32	119
32	120
32	121
32	122
32	123
32	124
32	125
32	126
32	137
32	138
32	139
32	140
32	141
32	142
32	143
32	144
32	145
32	146
32	147
32	158
32	159
32	160
32	161
32	162
32	163
32	164
32	165
32	166
32	167
32	168
32	179
32	180
32	181
32	182
32	183
32	184
32	185
32	186
32	187
32	188
32	189
32	200
32	201
32	202
32	203
32	204
32	205
32	206
32	207
32	208
32	209
32	210
32	221
32	222
32	223
32	224
32	225
32	226
32	227
32	228
32	229
32	230
32	231
32	242
32	243
32	244
32	245
32	246
32	247
32	248
32	249
32	250
32	251
32	252
32	263
32	264
32	265
32	266
32	267
32	268
32	269
32	270
32	271
32	272
32	273
32	284
32	285
32	286
32	287
32	288
32	289
32	290
32	291
32	292
32	293
32	294
32	305
32	306
32	307
32	308
32	309
32	310
32	311
32	312
32	313
32	314
32	315
32	326
32	327
32	328
32	329
32	330
32	331
32	332
32	333
32	334
32	335
32	336
32	347
32	348
32	349
32	350
32	351
32	352
32	353
32	354
32	355
32	356
32	357
32	368
32	369
32	370
32	371
32	372
32	373
32	374
32	375
32	376
32	377
32	378
32	389
32	390
32	391
32	392
32	393
32	394
32	395
32	396
32	397
32	398
32	399
32	410
32	411
32	412
32	413
32	414
32	415
32	416
32	417
32	418
32	419
32	420
32	431
32	432
32	433
32	434
32	435
32	436
32	437
32	438
32	439
32	440
32	441
33	34
33	35
33	36
33	37
33	38
33	39
33	40
33	41
33	42
33	54
33	55
33	56
33	57
33	58
33	59
33	60
33	61
33	62
33	63
33	75
33	76
33	77
33	78
33	79
33	80
33	81
33	82
33	83
33	84
33	96
33	97
33	98
33	99
33	100
33	101
33	102
33	103
33	104
33	105
33	117
33	118
33	119
33	120
33	121
33	122
33	123
33	124
33	125
33	126
33	138
33	139
33	140
33	141
33	142
33	143
33	144
33	145
33	146
33	147
33	159
33	160
33	161
33	162
33	163
33	164
33	165
33	166
33	167
33	168
33	180
33	181
33	182
33	183
33	184
33	185
33	186
33	187
33	188
33	189
33	201
33	202
33	203
33	204
33	205
33	206
33	207
33	208
33	209
33	210
33	222
33	223
33	224
33	225
33	226
33	227
33	228
33	229
33	230
33	231
33	243
33	244
33	245
33	246
33	247
33	248
33	249
33	250
33	251
33	252
33	264
33	265
33	266
33	267
33	268
33	269
33	270
33	271
33	272
33	273
33	285
33	286
33	287
33	288
33	289
33	290
33	291
33	292
33	293
33	294
33	306
33	307
33	308
33	309
33	310
33	311
33	312
33	313
33	314
33	315
33	327
33	328
33	329
33	330
33	331
33	332
33	333
33	334
33	335
33	336
33	348
33	349
33	350
33	351
33	352
33	353
33	354
33	355
33	356
33	357
33	369
33	370
33	371
33	372
33	373
33	374
33	375
33	376
33	377
33	378
33	390
33	391
33	392
33	393
33	394
33	395
33	396
33	397
33	398
33	399
33	411
33	412
33	413
33	414
33	415
33	416
33	417
33	418
33	419
33	420
33	432
33	433
33	434
33	435
33	436
33	437
33	438
33	439
33	440
33	441
34	35
34	36
34	37
34	38
34	39
34	40
34	41
34	42
34	55
34	56
34	57
34	58
34	59
34	60
34	61
34	62
34	63
34	76
34	77
34	78
34	79
34	80
34	81
34	82
34	83
34	84
34	97
34	98
34	99
34	100
34	101
34	102
34	103
34	104
34	105
34	118
34	119
34	120
34	121
34	122
34	123
34	124
34	125
34	126
34	139
34	140
34	141
34	142
34	143
34	144
34	145
34	146
34	147
34	160
34	161
34	162
34	163
34	164
34	165
34	166
34	167
34	168
34	181
34	182
34	183
34	184
34	185
34	186
34	187
34	188
34	189
34	202
34	203
34	204
34	205
34	206
34	207
34	208
34	209
34	210
34	223
34	224
34	225
34	226
34	227
34	228
34	229
34	230
34	231
34	244
34	245
34	246
34	247
34	248
34	249
34	250
34	251
34	252
34	265
34	266
34	267
34	268
34	269
34	270
34	271
34	272
34	273
34	286
34	287
34	288
34	289
34	290
34	291
34	292
34	293
34	294
34	307
34	308
34	309
34	310
34	311
34	312
34	313
34	314
34	315
34	328
34	329
34	330
34	331
34	332
34	333
34	334
34	335
34	336
34	349
34	350
34	351
34	352
34	353
34	354
34	355
34	356
34	357
34	370
34	371
34	372
34	373
34	374
34	375
34	376
34	377
34	378
34	391
34	392
34	393
34	394
34	395
34	396
34	397
34	398
34	399
34	412
34	413
34	414
34	415
34	416
34	417
34	418
34	419
34	420
34	433
34	434
34	435
34	436
34	437
34	438
34	439
34	440
34	441
35	36
35	37
35	38
35	39
35	40
35	41
35	42
35	56
35	57
35	58
35	59
35	60
35	61
35	62
35	63
35	77
35	78
35	79
35	80
35	81
35	82
35	83
35	84
35	98
35	99
35	100
35	101
35	102
35	103
35	104
35	105
35	119
35	120
35	121
35	122
35	123
35	124
35	125
35	126
35	140
35	141
35	142
35	143
35	144
35	145
35	146
35	147
35	161
35	162
35	163
35	164
35	165
35	166
35	167
35	168
35	182
35	183
35	184
35	185
35	186
35	187
35	188
35	189
35	203
35	204
35	205
35	206
35	207
35	208
35	209
35	210
35	224
35	225
35	226
35	227
35	228
35	229
35	230
35	231
35	245
35	246
35	247
35	248
35	249
35	250
35	251
35	252
35	266
35	267
35	268
35	269
35	270
35	271
35	272
35	273
35	287
35	288
35	289
35	290
35	291
35	292
35	293
35	294
35	308
35	309
35	310
35	311
35	312
35	313
35	314
35	315
35	329
35	330
35	331
35	332
35	333
35	334
35	335
35	336
35	350
35	351
35	352
35	353
35	354
35	355
35	356
35	357
35	371
35	372
35	373
35	374
35	375
35	376
35	377
35	378
35	392
35	393
35	394
35	395
35	396
35	397
35	398
35	399
35	413
35	414
35	415
35	416
35	417
35	418
35	419
35	420
35	434
35	435
35	436
35	437
35	438
35	439
35	440
35	441
36	37
36	38
36	39
36	40
36	41
36	42
36	57
36	58
36	59
36	60
36	61
36	62
36	63
36	78
36	79
36	80
36	81
36	82
36	83
36	84
36	99
36	100
36	101
36	102
36	103
36	104
36	105
36	120
36	121
36	122
36	123
36	124
36	125
36	126
36	141
36	142
36	143
36	144
36	145
36	146
36	147
36	162
36	163
36	164
36	165
36	166
36	167
36	168
36	183
36	184
36	185
36	186
36	187
36	188
36	189
36	204
36	205
36	206
36	207
36	208
36	209
36	210
36	225
36	226
36	227
36	228
36	229
36	230
36	231
36	246
36	247
36	248
36	249
36	250
36	251
36	252
36	267
36	268
36	269
36	270
36	271
36	272
36	273
36	288
36	289
36	290
36	291
36	292
36	293
36	294
36	309
36	310
36	311
36	312
36	313
36	314
36	315
36	330
36	331
36	332
36	333
36	334
36	335
36	336
36	351
36	352
36	353
36	354
36	355
36	356
36	357
36	372
36	373
36	374
36	375
36	376
36	377
36	378
36	393
36	394
36	395
36	396
36	397
36	398
36	399
36	414
36	415
36	416
36	417
36	418
36	419
36	420
36	435
36	436
36	437
36	438
36	439
36	440
36	441
37	38
37	39
37	40
37	41
37	42
37	58
37	59
37	60
37	61
37	62
37	63
37	79
37	80
37	81
37	82
37	83
37	84
37	100
37	101
37	102
37	103
37	104
37	105
37	121
37	122
37	123
37	124
37	125
37	126
37	142
37	143
37	144
37	145
37	146
37	147
37	163
37	164
37	165
37	166
37	167
37	168
37	184
37	185
37	186
37	187
37	188
37	189
37	205
37	206
37	207
37	208
37	209
37	210
37	226
37	227
37	228
37	229
37	230
37	231
37	247
37	248
37	249
37	250
37	251
37	252
37	268
37	269
37	270
37	271
37	272
37	273
37	289
37	290
37	291
37	292
37	293
37	294
37	310
37	311
37	312
37	313
37	314
37	315
37	331
37	332
37	333
37	334
37	335
37	336
37	352
37	353
37	354
37	355
37	356
37	357
37	373
37	374
37	375
37	376
37	377
37	378
37	394
37	395
37	396
37	397
37	398
37	399
37	415
37	416
37	417
37	418
37	419
37	420
37	436
37	437
37	438
37	439
37	440
37	441
38	39
38	40
38	41
38	42
38	59
38	60
38	61
38	62
38	63
38	80
38	81
38	82
38	83
38	84
38	101
38	102
38	103
38	104
38	105
38	122
38	123
38	124
38	125
38	126
38	143
38	144
38	145
38	146
38	147
38	164
38	165
38	166
38	167
38	168
38	185
38	186
38	187
38	188
38	189
38	206
38	207
38	208
38	209
38	210
38	227
38	228
38	229
38	230
38	231
38	248
38	249
38	250
38	251
38	252
38	269
38	270
38	271
38	272
38	273
38	290
38	291
38	292
38	293
38	294
38	311
38	312
38	313
38	314
38	315
38	332
38	333
38	334
38	335
38	336
38	353
38	354
38	355
38	356
38	357
38	374
38	375
38	376
38	377
38	378
38	395
38	396
38	397
38	398
38	399
38	416
38	417
38	418
38	419
38	420
38	437
38	438
38	439
38	440
38	441
39	40
39	41
39	42
39	60
39	61
39	62
39	63
39	81
39	82
39	83
39	84
39	102
39	103
39	104
39	105
39	123
39	124
39	125
39	126
39	144
39	145
39	146
39	147
39	165
39	166
39	167
39	168
39	186
39	187
39	188
39	189
39	207
39	208
39	209
39	210
39	228
39	229
39	230
39	231
39	249
39	250
39	251
39	252
39	270
39	271
39	272
39	273
39	291
39	292
39	293
39	294
39	312
39	313
39	314
39	315
39	333
39	334
39	335
39	336
39	354
39	355
39	356
39	357
39	375
39	376
39	377
39	378
39	396
39	397
39	398
39	399
39	417
39	418
39	419
39	420
39	438
39	439
39	440
39	441
40	41
40	42
40	61
40	62
40	63
40	82
40	83
40	84
40	103
40	104
40	105
40	124
40	125
40	126
40	145
40	146
40	147
40	166
40	167
40	168
40	187
40	188
40	189
40	208
40	209
40	210
40	229
40	230
40	231
40	250
40	251
40	252
40	271
40	272
40	273
40	292
40	293
40	294
40	313
40	314
40	315
40	334
40	335
40	336
40	355
40	356
40	357
40	376
40	377
40	378
40	397
40	398
40	399
40	418
40	419
40	420
40	439
40	440
40	441
41	42
41	62
41	63
41	83
41	84
41	104
41	105
41	125
41	126
41	146
41	147
41	167
41	168
41	188
41	189
41	209
41	210
41	230
41	231
41	251
41	252
41	272
41	273
41	293
41	294
41	314
41	315
41	335
41	336
41	356
41	357
41	377
41	378
41	398
41	399
41	419
41	420
41	440
41	441
42	63
42	84
42	105
42	126
42	147
42	168
42	189
42	210
42	231
42	252
42	273
42	294
42	315
42	336
42	357
42	378
42	399
42	420
42	441
43	44
43	45
43	46
43	47
43	48
43	49
43	50
43	51
43	52
43	53
43	54
43	55
43	56
43	57
43	58
43	59
43	60
43	61
43	62
43	63
43	64
43	65
43	66
43	67
43	68
43	69
43	70
43	71
43	72
43	73
43	74
43	75
43	76
43	77
43	78
43	79
43	80
43	81
43	82
43	83
43	84
43	85
43	86
43	87
43	88
43	89
43	90
43	91
43	92
43	93
43	94
43	95
43	96
43	97
43	98
43	99
43	100
43	101
43	102
43	103
43	104
43	105
43	106
43	107
43	108
43	109
43	110
43	111
43	112
43	113
43	114
43	115
43	116
43	117
43	118
43	119
43	120
43	121
43	122
43	123
43	124
43	125
43	126
43	127
43	128
43	129
43	130
43	131
43	132
43	133
43	134
43	135
43	136
43	137
43	138
43	139
43	140
43	141
43	142
43	143
43	144
43	145
43	146
43	147
43	148
43	149
43	150
43	151
43	152
43	153
43	154
43	155
43	156
43	157
43	158
43	159
43	160
43	161
43	162
43	163
43	164
43	165
43	166
43	167
43	168
43	169
43	170
43	171
43	172
43	173
43	174
43	175
43	176
43	177
43	178
43	179
43	180
43	181
43	182
43	183
43	184
43	185
43	186
43	187
43	188
43	189
43	190
43	191
43	192
43	193
43	194
43	195
43	196
43	197
43	198
43	199
43	200
43	201
43	202
43	203
43	204
43	205
43	206
43	207
43	208
43	209
43	210
43	211
43	212
43	213
43	214
43	215
43	216
43	217
43	218
43	219
43	220
43	221
43	222
43	223
43	224
43	225
43	226
43	227
43	228
43	229
43	230
43	231
43	232
43	233
43	234
43	235
43	236
43	237
43	238
43	239
43	240
43	241
43	242
43	243
43	244
43	245
43	246
43	247
43	248
43	249
43	250
43	251
43	252
43	253
43	254
43	255
43	256
43	257
43	258
43	259
43	260
43	261
43	262
43	263
43	264
43	265
43	266
43	267
43	268
43	269
43	270
43	271
43	272
43	273
43	274
43	275
43	276
43	277
43	278
43	279
43	280
43	281
43	282
43	283
43	284
43	285
43	286
43	287
43	288
43	289
43	290
43	291
43	292
43	293
43	294
43	295
43	296
43	297
43	298
43	299
43	300
43	301
43	302
43	303
43	304
43	305
43	306
43	307
43	308
43	309
43	310
43	311
43	312
43	313
43	314
43	315
43	316
43	317
43	318
43	319
43	320
43	321
43	322
43	323
43	324
43	325
43	326
43	327
43	328
43	329
43	330
43	331
43	332
43	333
43	334
43	335
43	336
43	337
43	338
43	339
43	340
43	341
43	342
43	343
43	344
43	345
43	346
43	347
43	348
43	349
43	350
43	351
43	352
43	353
43	354
43	355
43	356
43	357
43	358
43	359
43	360
43	361
43	362
43	363
43	364
43	365
43	366
43	367
43	368
43	369
43	370
43	371
43	372
43	373
43	374
43	375
43	376
43	377
43	378
43	379
43	380
43	381
43	382
43	383
43	384
43	385
43	386
43	387
43	388
43	389
43	390
43	391
43	392
43	393
43	394
43	395
43	396
43	397
43	398
43	399
43	400
43	401
43	402
43	403
43	404
43	405
43	406
43	407
43	408
43	409
43	410
43	411
43	412
43	413
43	414
43	415
43	416
43	417
43	418
43	419
43	420
43	421
43	422
43	423
43	424
43	425
43	426
43	427
43	428
43	429
43	430
43	431
43	432
43	433
43	434
43	435
43	436
43	437
43	438
43	439
43	440
43	441
44	45
44	46
44	47
44	48
44	49
44	50
44	51
44	52
44	53
44	54
44	55
44	56
44	57
44	58
44	59
44	60
44	61
44	62
44	63
44	65
44	66
44	67
44	68
44	69
44	70
44	71
44	72
44	73
44	74
44	75
44	76
44	77
44	78
44	79
44	80
44	81
44	82
44	83
44	84
44	86
44	87
44	88
44	89
44	90
44	91
44	92
44	93
44	94
44	95
44	96
44	97
44	98
44	99
44	100
44	101
44	102
44	103
44	104
44	105
44	107
44	108
44	109
44	110
44	111
44	112
44	113
44	114
44	115
44	116
44	117
44	118
44	119
44	120
44	121
44	122
44	123
44	124
44	125
44	126
44	128
44	129
44	130
44	131
44	132
44	133
44	134
44	135
44	136
44	137
44	138
44	139
44	140
44	141
44	142
44	143
44	144
44	145
44	146
44	147
44	149
44	150
44	151
44	152
44	153
44	154
44	155
44	156
44	157
44	158
44	159
44	160
44	161
44	162
44	163
44	164
44	165
44	166
44	167
44	168
44	170
44	171
44	172
44	173
44	174
44	175
44	176
44	177
44	178
44	179
44	180
44	181
44	182
44	183
44	184
44	185
44	186
44	187
44	188
44	189
44	191
44	192
44	193
44	194
44	195
44	196
44	197
44	198
44	199
44	200
44	201
44	202
44	203
44	204
44	205
44	206
44	207
44	208
44	209
44	210
44	212
44	213
44	214
44	215
44	216
44	217
44	218
44	219
44	220
44	221
44	222
44	223
44	224
44	225
44	226
44	227
44	228
44	229
44	230
44	231
44	233
44	234
44	235
44	236
44	237
44	238
44	239
44	240
44	241
44	242
44	243
44	244
44	245
44	246
44	247
44	248
44	249
44	250
44	251
44	252
44	254
44	255
44	256
44	257
44	258
44	259
44	260
44	261
44	262
44	263
44	264
44	265
44	266
44	267
44	268
44	269
44	270
44	271
44	272
44	273
44	275
44	276
44	277
44	278
44	279
44	280
44	281
44	282
44	283
44	284
44	285
44	286
44	287
44	288
44	289
44	290
44	291
44	292
44	293
44	294
44	296
44	297
44	298
44	299
44	300
44	301
44	302
44	303
44	304
44	305
44	306
44	307
44	308
44	309
44	310
44	311
44	312
44	313
44	314
44	315
44	317
44	318
44	319
44	320
44	321
44	322
44	323
44	324
44	325
44	326
44	327
44	328
44	329
44	330
44	331
44	332
44	333
44	334
44	335
44	336
44	338
44	339
44	340
44	341
44	342
44	343
44	344
44	345
44	346
44	347
44	348
44	349
44	350
44	351
44	352
44	353
44	354
44	355
44	356
44	357
44	359
44	360
44	361
44	362
44	363
44	364
44	365
44	366
44	367
44	368
44	369
44	370
44	371
44	372
44	373
44	374
44	375
44	376
44	377
44	378
44	380
44	381
44	382
44	383
44	384
44	385
44	386
44	387
44	388
44	389
44	390
44	391
44	392
44	393
44	394
44	395
44	396
44	397
44	398
44	399
44	401
44	402
44	403
44	404
44	405
44	406
44	407
44	408
44	409
44	410
44	411
44	412
44	413
44	414
44	415
44	416
44	417
44	418
44	419
44	420
44	422
44	423
44	424
44	425
44	426
44	427
44	428
44	429
44	430
44	431
44	432
44	433
44	434
44	435
44	436
44	437
44	438
44	439
44	440
44	441
45	46
45	47
45	48
45	49
45	50
45	51
45	52
45	53
45	54
45	55
45	56
45	57
45	58
45	59
45	60
45	61
45	62
45	63
45	66
45	67
45	68
45	69
45	70
45	71
45	72
45	73
45	74
45	75
45	76
45	77
45	78
45	79
45	80
45	81
45	82
45	83
45	84
45	87
45	88
45	89
45	90
45	91
45	92
45	93
45	94
45	95
45	96
45	97
45	98
45	99
45	100
45	101
45	102
45	103
45	104
45	105
45	108
45	109
45	110
45	111
45	112
45	113
45	114
45	115
45	116
45	117
45	118
45	119
45	120
45	121
45	122
45	123
45	124
45	125
45	126
45	129
45	130
45	131
45	132
45	133
45	134
45	135
45	136
45	137
45	138
45	139
45	140
45	141
45	142
45	143
45	144
45	145
45	146
45	147
45	150
45	151
45	152
45	153
45	154
45	155
45	156
45	157
45	158
45	159
45	160
45	161
45	162
45	163
45	164
45	165
45	166
45	167
45	168
45	171
45	172
45	173
45	174
45	175
45	176
45	177
45	178
45	179
45	180
45	181
45	182
45	183
45	184
45	185
45	186
45	187
45	188
45	189
45	192
45	193
45	194
45	195
45	196
45	197
45	198
45	199
45	200
45	201
45	202
45	203
45	204
45	205
45	206
45	207
45	208
45	209
45	210
45	213
45	214
45	215
45	216
45	217
45	218
45	219
45	220
45	221
45	222
45	223
45	224
45	225
45	226
45	227
45	228
45	229
45	230
45	231
45	234
45	235
45	236
45	237
45	238
45	239
45	240
45	241
45	242
45	243
45	244
45	245
45	246
45	247
45	248
45	249
45	250
45	251
45	252
45	255
45	256
45	257
45	258
45	259
45	260
45	261
45	262
45	263
45	264
45	265
45	266
45	267
45	268
45	269
45	270
45	271
45	272
45	273
45	276
45	277
45	278
45	279
45	280
45	281
45	282
45	283
45	284
45	285
45	286
45	287
45	288
45	289
45	290
45	291
45	292
45	293
45	294
45	297
45	298
45	299
45	300
45	301
45	302
45	303
45	304
45	305
45	306
45	307
45	308
45	309
45	310
45	311
45	312
45	313
45	314
45	315
45	318
45	319
45	320
45	321
45	322
45	323
45	324
45	325
45	326
45	327
45	328
45	329
45	330
45	331
45	332
45	333
45	334
45	335
45	336
45	339
45	340
45	341
45	342
45	343
45	344
45	345
45	346
45	347
45	348
45	349
45	350
45	351
45	352
45	353
45	354
45	355
45	356
45	357
45	360
45	361
45	362
45	363
45	364
45	365
45	366
45	367
45	368
45	369
45	370
45	371
45	372
45	373
45	374
45	375
45	376
45	377
45	378
45	381
45	382
45	383
45	384
45	385
45	386
45	387
45	388
45	389
45	390
45	391
45	392
45	393
45	394
45	395
45	396
45	397
45	398
45	399
45	402
45	403
45	404
45	405
45	406
45	407
45	408
45	409
45	410
45	411
45	412
45	413
45	414
45	415
45	416
45	417
45	418
45	419
45	420
45	423
45	424
45	425
45	426
45	427
45	428
45	429
45	430
45	431
45	432
45	433
45	434
45	435
45	436
45	437
45	438
45	439
45	440
45	441
46	47
46	48
46	49
46	50
46	51
46	52
46	53
46	54
46	55
46	56
46	57
46	58
46	59
46	60
46	61
46	62
46	63
46	67
46	68
46	69
46	70
46	71
46	72
46	73
46	74
46	75
46	76
46	77
46	78
46	79
46	80
46	81
46	82
46	83
46	84
46	88
46	89
46	90
46	91
46	92
46	93
46	94
46	95
46	96
46	97
46	98
46	99
46	100
46	101
46	102
46	103
46	104
46	105
46	109
46	110
46	111
46	112
46	113
46	114
46	115
46	116
46	117
46	118
46	119
46	120
46	121
46	122
46	123
46	124
46	125
46	126
46	130
46	131
46	132
46	133
46	134
46	135
46	136
46	137
46	138
46	139
46	140
46	141
46	142
46	143
46	144
46	145
46	146
46	147
46	151
46	152
46	153
46	154
46	155
46	156
46	157
46	158
46	159
46	160
46	161
46	162
46	163
46	164
46	165
46	166
46	167
46	168
46	172
46	173
46	174
46	175
46	176
46	177
46	178
46	179
46	180
46	181
46	182
46	183
46	184
46	185
46	186
46	187
46	188
46	189
46	193
46	194
46	195
46	196
46	197
46	198
46	199
46	200
46	201
46	202
46	203
46	204
46	205
46	206
46	207
46	208
46	209
46	210
46	214
46	215
46	216
46	217
46	218
46	219
46	220
46	221
46	222
46	223
46	224
46	225
46	226
46	227
46	228
46	229
46	230
46	231
46	235
46	236
46	237
46	238
46	239
46	240
46	241
46	242
46	243
46	244
46	245
46	246
46	247
46	248
46	249
46	250
46	251
46	252
46	256
46	257
46	258
46	259
46	260
46	261
46	262
46	263
46	264
46	265
46	266
46	267
46	268
46	269
46	270
46	271
46	272
46	273
46	277
46	278
46	279
46	280
46	281
46	282
46	283
46	284
46	285
46	286
46	287
46	288
46	289
46	290
46	291
46	292
46	293
46	294
46	298
46	299
46	300
46	301
46	302
46	303
46	304
46	305
46	306
46	307
46	308
46	309
46	310
46	311
46	312
46	313
46	314
46	315
46	319
46	320
46	321
46	322
46	323
46	324
46	325
46	326
46	327
46	328
46	329
46	330
46	331
46	332
46	333
46	334
46	335
46	336
46	340
46	341
46	342
46	343
46	344
46	345
46	346
46	347
46	348
46	349
46	350
46	351
46	352
46	353
46	354
46	355
46	356
46	357
46	361
46	362
46	363
46	364
46	365
46	366
46	367
46	368
46	369
46	370
46	371
46	372
46	373
46	374
46	375
46	376
46	377
46	378
46	382
46	383
46	384
46	385
46	386
46	387
46	388
46	389
46	390
46	391
46	392
46	393
46	394
46	395
46	396
46	397
46	398
46	399
46	403
46	404
46	405
46	406
46	407
46	408
46	409
46	410
46	411
46	412
46	413
46	414
46	415
46	416
46	417
46	418
46	419
46	420
46	424
46	425
46	426
46	427
46	428
46	429
46	430
46	431
46	432
46	433
46	434
46	435
46	436
46	437
46	438
46	439
46	440
46	441
47	48
47	49
47	50
47	51
47	52
47	53
47	54
47	55
47	56
47	57
47	58
47	59
47	60
47	61
47	62
47	63
47	68
47	69
47	70
47	71
47	72
47	73
47	74
47	75
47	76
47	77
47	78
47	79
47	80
47	81
47	82
47	83
47	84
47	89
47	90
47	91
47	92
47	93
47	94
47	95
47	96
47	97
47	98
47	99
47	100
47	101
47	102
47	103
47	104
47	105
47	110
47	111
47	112
47	113
47	114
47	115
47	116
47	117
47	118
47	119
47	120
47	121
47	122
47	123
47	124
47	125
47	126
47	131
47	132
47	133
47	134
47	135
47	136
47	137
47	138
47	139
47	140
47	141
47	142
47	143
47	144
47	145
47	146
47	147
47	152
47	153
47	154
47	155
47	156
47	157
47	158
47	159
47	160
47	161
47	162
47	163
47	164
47	165
47	166
47	167
47	168
47	173
47	174
47	175
47	176
47	177
47	178
47	179
47	180
47	181
47	182
47	183
47	184
47	185
47	186
47	187
47	188
47	189
47	194
47	195
47	196
47	197
47	198
47	199
47	200
47	201
47	202
47	203
47	204
47	205
47	206
47	207
47	208
47	209
47	210
47	215
47	216
47	217
47	218
47	219
47	220
47	221
47	222
47	223
47	224
47	225
47	226
47	227
47	228
47	229
47	230
47	231
47	236
47	237
47	238
47	239
47	240
47	241
47	242
47	243
47	244
47	245
47	246
47	247
47	248
47	249
47	250
47	251
47	252
47	257
47	258
47	259
47	260
47	261
47	262
47	263
47	264
47	265
47	266
47	267
47	268
47	269
47	270
47	271
47	272
47	273
47	278
47	279
47	280
47	281
47	282
47	283
47	284
47	285
47	286
47	287
47	288
47	289
47	290
47	291
47	292
47	293
47	294
47	299
47	300
47	301
47	302
47	303
47	304
47	305
47	306
47	307
47	308
47	309
47	310
47	311
47	312
47	313
47	314
47	315
47	320
47	321
47	322
47	323
47	324
47	325
47	326
47	327
47	328
47	329
47	330
47	331
47	332
47	333
47	334
47	335
47	336
47	341
47	342
47	343
47	344
47	345
47	346
47	347
47	348
47	349
47	350
47	351
47	352
47	353
47	354
47	355
47	356
47	357
47	362
47	363
47	364
47	365
47	366
47	367
47	368
47	369
47	370
47	371
47	372
47	373
47	374
47	375
47	376
47	377
47	378
47	383
47	384
47	385
47	386
47	387
47	388
47	389
47	390
47	391
47	392
47	393
47	394
47	395
47	396
47	397
47	398
47	399
47	404
47	405
47	406
47	407
47	408
47	409
47	410
47	411
47	412
47	413
47	414
47	415
47	416
47	417
47	418
47	419
47	420
47	425
47	426
47	427
47	428
47	429
47	430
47	431
47	432
47	433
47	434
47	435
47	436
47	437
47	438
47	439
47	440
47	441
48	49
48	50
48	51
48	52
48	53
48	54
48	55
48	56
48	57
48	58
48	59
48	60
48	61
48	62
48	63
48	69
48	70
48	71
48	72
48	73
48	74
48	75
48	76
48	77
48	78
48	79
48	80
48	81
48	82
48	83
48	84
48	90
48	91
48	92
48	93
48	94
48	95
48	96
48	97
48	98
48	99
48	100
48	101
48	102
48	103
48	104
48	105
48	111
48	112
48	113
48	114
48	115
48	116
48	117
48	118
48	119
48	120
48	121
48	122
48	123
48	124
48	125
48	126
48	132
48	133
48	134
48	135
48	136
48	137
48	138
48	139
48	140
48	141
48	142
48	143
48	144
48	145
48	146
48	147
48	153
48	154
48	155
48	156
48	157
48	158
48	159
48	160
48	161
48	162
48	163
48	164
48	165
48	166
48	167
48	168
48	174
48	175
48	176
48	177
48	178
48	179
48	180
48	181
48	182
48	183
48	184
48	185
48	186
48	187
48	188
48	189
48	195
48	196
48	197
48	198
48	199
48	200
48	201
48	202
48	203
48	204
48	205
48	206
48	207
48	208
48	209
48	210
48	216
48	217
48	218
48	219
48	220
48	221
48	222
48	223
48	224
48	225
48	226
48	227
48	228
48	229
48	230
48	231
48	237
48	238
48	239
48	240
48	241
48	242
48	243
48	244
48	245
48	246
48	247
48	248
48	249
48	250
48	251
48	252
48	258
48	259
48	260
48	261
48	262
48	263
48	264
48	265
48	266
48	267
48	268
48	269
48	270
48	271
48	272
48	273
48	279
48	280
48	281
48	282
48	283
48	284
48	285
48	286
48	287
48	288
48	289
48	290
48	291
48	292
48	293
48	294
48	300
48	301
48	302
48	303
48	304
48	305
48	306
48	307
48	308
48	309
48	310
48	311
48	312
48	313
48	314
48	315
48	321
48	322
48	323
48	324
48	325
48	326
48	327
48	328
48	329
48	330
48	331
48	332
48	333
48	334
48	335
48	336
48	342
48	343
48	344
48	345
48	346
48	347
48	348
48	349
48	350
48	351
48	352
48	353
48	354
48	355
48	356
48	357
48	363
48	364
48	365
48	366
48	367
48	368
48	369
48	370
48	371
48	372
48	373
48	374
48	375
48	376
48	377
48	378
48	384
48	385
48	386
48	387
48	388
48	389
48	390
48	391
48	392
48	393
48	394
48	395
48	396
48	397
48	398
48	399
48	405
48	406
48	407
48	408
48	409
48	410
48	411
48	412
48	413
48	414
48	415
48	416
48	417
48	418
48	419
48	420
48	426
48	427
48	428
48	429
48	430
48	431
48	432
48	433
48	434
48	435
48	436
48	437
48	438
48	439
48	440
48	441
49	50
49	51
49	52
49	53
49	54
49	55
49	56
49	57
49	58
49	59
49	60
49	61
49	62
49	63
49	70
49	71
49	72
49	73
49	74
49	75
49	76
49	77
49	78
49	79
49	80
49	81
49	82
49	83
49	84
49	91
49	92
49	93
49	94
49	95
49	96
49	97
49	98
49	99
49	100
49	101
49	102
49	103
49	104
49	105
49	112
49	113
49	114
49	115
49	116
49	117
49	118
49	119
49	120
49	121
49	122
49	123
49	124
49	125
49	126
49	133
49	134
49	135
49	136
49	137
49	138
49	139
49	140
49	141
49	142
49	143
49	144
49	145
49	146
49	147
49	154
49	155
49	156
49	157
49	158
49	159
49	160
49	161
49	162
49	163
49	164
49	165
49	166
49	167
49	168
49	175
49	176
49	177
49	178
49	179
49	180
49	181
49	182
49	183
49	184
49	185
49	186
49	187
49	188
49	189
49	196
49	197
49	198
49	199
49	200
49	201
49	202
49	203
49	204
49	205
49	206
49	207
49	208
49	209
49	210
49	217
49	218
49	219
49	220
49	221
49	222
49	223
49	224
49	225
49	226
49	227
49	228
49	229
49	230
49	231
49	238
49	239
49	240
49	241
49	242
49	243
49	244
49	245
49	246
49	247
49	248
49	249
49	250
49	251
49	252
49	259
49	260
49	261
49	262
49	263
49	264
49	265
49	266
49	267
49	268
49	269
49	270
49	271
49	272
49	273
49	280
49	281
49	282
49	283
49	284
49	285
49	286
49	287
49	288
49	289
49	290
49	291
49	292
49	293
49	294
49	301
49	302
49	303
49	304
49	305
49	306
49	307
49	308
49	309
49	310
49	311
49	312
49	313
49	314
49	315
49	322
49	323
49	324
49	325
49	326
49	327
49	328
49	329
49	330
49	331
49	332
49	333
49	334
49	335
49	336
49	343
49	344
49	345
49	346
49	347
49	348
49	349
49	350
49	351
49	352
49	353
49	354
49	355
49	356
49	357
49	364
49	365
49	366
49	367
49	368
49	369
49	370
49	371
49	372
49	373
49	374
49	375
49	376
49	377
49	378
49	385
49	386
49	387
49	388
49	389
49	390
49	391
49	392
49	393
49	394
49	395
49	396
49	397
49	398
49	399
49	406
49	407
49	408
49	409
49	410
49	411
49	412
49	413
49	414
49	415
49	416
49	417
49	418
49	419
49	420
49	427
49	428
49	429
49	430
49	431
49	432
49	433
49	434
49	435
49	436
49	437
49	438
49	439
49	440
49	441
50	51
50	52
50	53
50	54
50	55
50	56
50	57
50	58
50	59
50	60
50	61
50	62
50	63
50	71
50	72
50	73
50	74
50	75
50	76
50	77
50	78
50	79
50	80
50	81
50	82
50	83
50	84
50	92
50	93
50	94
50	95
50	96
50	97
50	98
50	99
50	100
50	101
50	102
50	103
50	104
50	105
50	113
50	114
50	115
50	116
50	117
50	118
50	119
50	120
50	121
50	122
50	123
50	124
50	125
50	126
50	134
50	135
50	136
50	137
50	138
50	139
50	140
50	141
50	142
50	143
50	144
50	145
50	146
50	147
50	155
50	156
50	157
50	158
50	159
50	160
50	161
50	162
50	163
50	164
50	165
50	166
50	167
50	168
50	176
50	177
50	178
50	179
50	180
50	181
50	182
50	183
50	184
50	185
50	186
50	187
50	188
50	189
50	197
50	198
50	199
50	200
50	201
50	202
50	203
50	204
50	205
50	206
50	207
50	208
50	209
50	210
50	218
50	219
50	220
50	221
50	222
50	223
50	224
50	225
50	226
50	227
50	228
50	229
50	230
50	231
50	239
50	240
50	241
50	242
50	243
50	244
50	245
50	246
50	247
50	248
50	249
50	250
50	251
50	252
50	260
50	261
50	262
50	263
50	264
50	265
50	266
50	267
50	268
50	269
50	270
50	271
50	272
50	273
50	281
50	282
50	283
50	284
50	285
50	286
50	287
50	288
50	289
50	290
50	291
50	292
50	293
50	294
50	302
50	303
50	304
50	305
50	306
50	307
50	308
50	309
50	310
50	311
50	312
50	313
50	314
50	315
50	323
50	324
50	325
50	326
50	327
50	328
50	329
50	330
50	331
50	332
50	333
50	334
50	335
50	336
50	344
50	345
50	346
50	347
50	348
50	349
50	350
50	351
50	352
50	353
50	354
50	355
50	356
50	357
50	365
50	366
50	367
50	368
50	369
50	370
50	371
50	372
50	373
50	374
50	375
50	376
50	377
50	378
50	386
50	387
50	388
50	389
50	390
50	391
50	392
50	393
50	394
50	395
50	396
50	397
50	398
50	399
50	407
50	408
50	409
50	410
50	411
50	412
50	413
50	414
50	415
50	416
50	417
50	418
50	419
50	420
50	428
50	429
50	430
50	431
50	432
50	433
50	434
50	435
50	436
50	437
50	438
50	439
50	440
50	441
51	52
51	53
51	54
51	55
51	56
51	57
51	58
51	59
51	60
51	61
51	62
51	63
51	72
51	73
51	74
51	75
51	76
51	77
51	78
51	79
51	80
51	81
51	82
51	83
51	84
51	93
51	94
51	95
51	96
51	97
51	98
51	99
51	100
51	101
51	102
51	103
51	104
51	105
51	114
51	115
51	116
51	117
51	118
51	119
51	120
51	121
51	122
51	123
51	124
51	125
51	126
51	135
51	136
51	137
51	138
51	139
51	140
51	141
51	142
51	143
51	144
51	145
51	146
51	147
51	156
51	157
51	158
51	159
51	160
51	161
51	162
51	163
51	164
51	165
51	166
51	167
51	168
51	177
51	178
51	179
51	180
51	181
51	182
51	183
51	184
51	185
51	186
51	187
51	188
51	189
51	198
51	199
51	200
51	201
51	202
51	203
51	204
51	205
51	206
51	207
51	208
51	209
51	210
51	219
51	220
51	221
51	222
51	223
51	224
51	225
51	226
51	227
51	228
51	229
51	230
51	231
51	240
51	241
51	242
51	243
51	244
51	245
51	246
51	247
51	248
51	249
51	250
51	251
51	252
51	261
51	262
51	263
51	264
51	265
51	266
51	267
51	268
51	269
51	270
51	271
51	272
51	273
51	282
51	283
51	284
51	285
51	286
51	287
51	288
51	289
51	290
51	291
51	292
51	293
51	294
51	303
51	304
51	305
51	306
51	307
51	308
51	309
51	310
51	311
51	312
51	313
51	314
51	315
51	324
51	325
51	326
51	327
51	328
51	329
51	330
51	331
51	332
51	333
51	334
51	335
51	336
51	345
51	346
51	347
51	348
51	349
51	350
51	351
51	352
51	353
51	354
51	355
51	356
51	357
51	366
51	367
51	368
51	369
51	370
51	371
51	372
51	373
51	374
51	375
51	376
51	377
51	378
51	387
51	388
51	389
51	390
51	391
51	392
51	393
51	394
51	395
51	396
51	397
51	398
51	399
51	408
51	409
51	410
51	411
51	412
51	413
51	414
51	415
51	416
51	417
51	418
51	419
51	420
51	429
51	430
51	431
51	432
51	433
51	434
51	435
51	436
51	437
51	438
51	439
51	440
51	441
52	53
52	54
52	55
52	56
52	57
52	58
52	59
52	60
52	61
52	62
52	63
52	73
52	74
52	75
52	76
52	77
52	78
52	79
52	80
52	81
52	82
52	83
52	84
52	94
52	95
52	96
52	97
52	98
52	99
52	100
52	101
52	102
52	103
52	104
52	105
52	115
52	116
52	117
52	118
52	119
52	120
52	121
52	122
52	123
52	124
52	125
52	126
52	136
52	137
52	138
52	139
52	140
52	141
52	142
52	143
52	144
52	145
52	146
52	147
52	157
52	158
52	159
52	160
52	161
52	162
52	163
52	164
52	165
52	166
52	167
52	168
52	178
52	179
52	180
52	181
52	182
52	183
52	184
52	185
52	186
52	187
52	188
52	189
52	199
52	200
52	201
52	202
52	203
52	204
52	205
52	206
52	207
52	208
52	209
52	210
52	220
52	221
52	222
52	223
52	224
52	225
52	226
52	227
52	228
52	229
52	230
52	231
52	241
52	242
52	243
52	244
52	245
52	246
52	247
52	248
52	249
52	250
52	251
52	252
52	262
52	263
52	264
52	265
52	266
52	267
52	268
52	269
52	270
52	271
52	272
52	273
52	283
52	284
52	285
52	286
52	287
52	288
52	289
52	290
52	291
52	292
52	293
52	294
52	304
52	305
52	306
52	307
52	308
52	309
52	310
52	311
52	312
52	313
52	314
52	315
52	325
52	326
52	327
52	328
52	329
52	330
52	331
52	332
52	333
52	334
52	335
52	336
52	346
52	347
52	348
52	349
52	350
52	351
52	352
52	353
52	354
52	355
52	356
52	357
52	367
52	368
52	369
52	370
52	371
52	372
52	373
52	374
52	375
52	376
52	377
52	378
52	388
52	389
52	390
52	391
52	392
52	393
52	394
52	395
52	396
52	397
52	398
52	399
52	409
52	410
52	411
52	412
52	413
52	414
52	415
52	416
52	417
52	418
52	419
52	420
52	430
52	431
52	432
52	433
52	434
52	435
52	436
52	437
52	438
52	439
52	440
52	441
53	54
53	55
53	56
53	57
53	58
53	59
53	60
53	61
53	62
53	63
53	74
53	75
53	76
53	77
53	78
53	79
53	80
53	81
53	82
53	83
53	84
53	95
53	96
53	97
53	98
53	99
53	100
53	101
53	102
53	103
53	104
53	105
53	116
53	117
53	118
53	119
53	120
53	121
53	122
53	123
53	124
53	125
53	126
53	137
53	138
53	139
53	140
53	141
53	142
53	143
53	144
53	145
53	146
53	147
53	158
53	159
53	160
53	161
53	162
53	163
53	164
53	165
53	166
53	167
53	168
53	179
53	180
53	181
53	182
53	183
53	184
53	185
53	186
53	187
53	188
53	189
53	200
53	201
53	202
53	203
53	204
53	205
53	206
53	207
53	208
53	209
53	210
53	221
53	222
53	223
53	224
53	225
53	226
53	227
53	228
53	229
53	230
53	231
53	242
53	243
53	244
53	245
53	246
53	247
53	248
53	249
53	250
53	251
53	252
53	263
53	264
53	265
53	266
53	267
53	268
53	269
53	270
53	271
53	272
53	273
53	284
53	285
53	286
53	287
53	288
53	289
53	290
53	291
53	292
53	293
53	294
53	305
53	306
53	307
53	308
53	309
53	310
53	311
53	312
53	313
53	314
53	315
53	326
53	327
53	328
53	329
53	330
53	331
53	332
53	333
53	334
53	335
53	336
53	347
53	348
53	349
53	350
53	351
53	352
53	353
53	354
53	355
53	356
53	357
53	368
53	369
53	370
53	371
53	372
53	373
53	374
53	375
53	376
53	377
53	378
53	389
53	390
53	391
53	392
53	393
53	394
53	395
53	396
53	397
53	398
53	399
53	410
53	411
53	412
53	413
53	414
53	415
53	416
53	417
53	418
53	419
53	420
53	431
53	432
53	433
53	434
53	435
53	436
53	437
53	438
53	439
53	440
53	441
54	55
54	56
54	57
54	58
54	59
54	60
54	61
54	62
54	63
54	75
54	76
54	77
54	78
54	79
54	80
54	81
54	82
54	83
54	84
54	96
54	97
54	98
54	99
54	100
54	101
54	102
54	103
54	104
54	105
54	117
54	118
54	119
54	120
54	121
54	122
54	123
54	124
54	125
54	126
54	138
54	139
54	140
54	141
54	142
54	143
54	144
54	145
54	146
54	147
54	159
54	160
54	161
54	162
54	163
54	164
54	165
54	166
54	167
54	168
54	180
54	181
54	182
54	183
54	184
54	185
54	186
54	187
54	188
54	189
54	201
54	202
54	203
54	204
54	205
54	206
54	207
54	208
54	209
54	210
54	222
54	223
54	224
54	225
54	226
54	227
54	228
54	229
54	230
54	231
54	243
54	244
54	245
54	246
54	247
54	248
54	249
54	250
54	251
54	252
54	264
54	265
54	266
54	267
54	268
54	269
54	270
54	271
54	272
54	273
54	285
54	286
54	287
54	288
54	289
54	290
54	291
54	292
54	293
54	294
54	306
54	307
54	308
54	309
54	310
54	311
54	312
54	313
54	314
54	315
54	327
54	328
54	329
54	330
54	331
54	332
54	333
54	334
54	335
54	336
54	348
54	349
54	350
54	351
54	352
54	353
54	354
54	355
54	356
54	357
54	369
54	370
54	371
54	372
54	373
54	374
54	375
54	376
54	377
54	378
54	390
54	391
54	392
54	393
54	394
54	395
54	396
54	397
54	398
54	399
54	411
54	412
54	413
54	414
54	415
54	416
54	417
54	418
54	419
54	420
54	432
54	433
54	434
54	435
54	436
54	437
54	438
54	439
54	440
54	441
55	56
55	57
55	58
55	59
55	60
55	61
55	62
55	63
55	76
55	77
55	78
55	79
55	80
55	81
55	82
55	83
55	84
55	97
55	98
55	99
55	100
55	101
55	102
55	103
55	104
55	105
55	118
55	119
55	120
55	121
55	122
55	123
55	124
55	125
55	126
55	139
55	140
55	141
55	142
55	143
55	144
55	145
55	146
55	147
55	160
55	161
55	162
55	163
55	164
55	165
55	166
55	167
55	168
55	181
55	182
55	183
55	184
55	185
55	186
55	187
55	188
55	189
55	202
55	203
55	204
55	205
55	206
55	207
55	208
55	209
55	210
55	223
55	224
55	225
55	226
55	227
55	228
55	229
55	230
55	231
55	244
55	245
55	246
55	247
55	248
55	249
55	250
55	251
55	252
55	265
55	266
55	267
55	268
55	269
55	270
55	271
55	272
55	273
55	286
55	287
55	288
55	289
55	290
55	291
55	292
55	293
55	294
55	307
55	308
55	309
55	310
55	311
55	312
55	313
55	314
55	315
55	328
55	329
55	330
55	331
55	332
55	333
55	334
55	335
55	336
55	349
55	350
55	351
55	352
55	353
55	354
55	355
55	356
55	357
55	370
55	371
55	372
55	373
55	374
55	375
55	376
55	377
55	378
55	391
55	392
55	393
55	394
55	395
55	396
55	397
55	398
55	399
55	412
55	413
55	414
55	415
55	416
55	417
55	418
55	419
55	420
55	433
55	434
55	435
55	436
55	437
55	438
55	439
55	440
55	441
56	57
56	58
56	59
56	60
56	61
56	62
56	63
56	77
56	78
56	79
56	80
56	81
56	82
56	83
56	84
56	98
56	99
56	100
56	101
56	102
56	103
56	104
56	105
56	119
56	120
56	121
56	122
56	123
56	124
56	125
56	126
56	140
56	141
56	142
56	143
56	144
56	145
56	146
56	147
56	161
56	162
56	163
56	164
56	165
56	166
56	167
56	168
56	182
56	183
56	184
56	185
56	186
56	187
56	188
56	189
56	203
56	204
56	205
56	206
56	207
56	208
56	209
56	210
56	224
56	225
56	226
56	227
56	228
56	229
56	230
56	231
56	245
56	246
56	247
56	248
56	249
56	250
56	251
56	252
56	266
56	267
56	268
56	269
56	270
56	271
56	272
56	273
56	287
56	288
56	289
56	290
56	291
56	292
56	293
56	294
56	308
56	309
56	310
56	311
56	312
56	313
56	314
56	315
56	329
56	330
56	331
56	332
56	333
56	334
56	335
56	336
56	350
56	351
56	352
56	353
56	354
56	355
56	356
56	357
56	371
56	372
56	373
56	374
56	375
56	376
56	377
56	378
56	392
56	393
56	394
56	395
56	396
56	397
56	398
56	399
56	413
56	414
56	415
56	416
56	417
56	418
56	419
56	420
56	434
56	435
56	436
56	437
56	438
56	439
56	440
56	441
57	58
57	59
57	60
57	61
57	62
57	63
57	78
57	79
57	80
57	81
57	82
57	83
57	84
57	99
57	100
57	101
57	102
57	103
57	104
57	105
57	120
57	121
57	122
57	123
57	124
57	125
57	126
57	141
57	142
57	143
57	144
57	145
57	146
57	147
57	162
57	163
57	164
57	165
57	166
57	167
57	168
57	183
57	184
57	185
57	186
57	187
57	188
57	189
57	204
57	205
57	206
57	207
57	208
57	209
57	210
57	225
57	226
57	227
57	228
57	229
57	230
57	231
57	246
57	247
57	248
57	249
57	250
57	251
57	252
57	267
57	268
57	269
57	270
57	271
57	272
57	273
57	288
57	289
57	290
57	291
57	292
57	293
57	294
57	309
57	310
57	311
57	312
57	313
57	314
57	315
57	330
57	331
57	332
57	333
57	334
57	335
57	336
57	351
57	352
57	353
57	354
57	355
57	356
57	357
57	372
57	373
57	374
57	375
57	376
57	377
57	378
57	393
57	394
57	395
57	396
57	397
57	398
57	399
57	414
57	415
57	416
57	417
57	418
57	419
57	420
57	435
57	436
57	437
57	438
57	439
57	440
57	441
58	59
58	60
58	61
58	62
58	63
58	79
58	80
58	81
58	82
58	83
58	84
58	100
58	101
58	102
58	103
58	104
58	105
58	121
58	122
58	123
58	124
58	125
58	126
58	142
58	143
58	144
58	145
58	146
58	147
58	163
58	164
58	165
58	166
58	167
58	168
58	184
58	185
58	186
58	187
58	188
58	189
58	205
58	206
58	207
58	208
58	209
58	210
58	226
58	227
58	228
58	229
58	230
58	231
58	247
58	248
58	249
58	250
58	251
58	252
58	268
58	269
58	270
58	271
58	272
58	273
58	289
58	290
58	291
58	292
58	293
58	294
58	310
58	311
58	312
58	313
58	314
58	315
58	331
58	332
58	333
58	334
58	335
58	336
58	352
58	353
58	354
58	355
58	356
58	357
58	373
58	374
58	375
58	376
58	377
58	378
58	394
58	395
58	396
58	397
58	398
58	399
58	415
58	416
58	417
58	418
58	419
58	420
58	436
58	437
58	438
58	439
58	440
58	441
59	60
59	61
59	62
59	63
59	80
59	81
59	82
59	83
59	84
59	101
59	102
59	103
59	104
59	105
59	122
59	123
59	124
59	125
59	126
59	143
59	144
59	145
59	146
59	147
59	164
59	165
59	166
59	167
59	168
59	185
59	186
59	187
59	188
59	189
59	206
59	207
59	208
59	209
59	210
59	227
59	228
59	229
59	230
59	231
59	248
59	249
59	250
59	251
59	252
59	269
59	270
59	271
59	272
59	273
59	290
59	291
59	292
59	293
59	294
59	311
59	312
59	313
59	314
59	315
59	332
59	333
59	334
59	335
59	336
59	353
59	354
59	355
59	356
59	357
59	374
59	375
59	376
59	377
59	378
59	395
59	396
59	397
59	398
59	399
59	416
59	417
59	418
59	419
59	420
59	437
59	438
59	439
59	440
59	441
60	61
60	62
60	63
60	81
60	82
60	83
60	84
60	102
60	103
60	104
60	105
60	123
60	124
60	125
60	126
60	144
60	145
60	146
60	147
60	165
60	166
60	167
60	168
60	186
60	187
60	188
60	189
60	207
60	208
60	209
60	210
60	228
60	229
60	230
60	231
60	249
60	250
60	251
60	252
60	270
60	271
60	272
60	273
60	291
60	292
60	293
60	294
60	312
60	313
60	314
60	315
60	333
60	334
60	335
60	336
60	354
60	355
60	356
60	357
60	375
60	376
60	377
60	378
60	396
60	397
60	398
60	399
60	417
60	418
60	419
60	420
60	438
60	439
60	440
60	441
61	62
61	63
61	82
61	83
61	84
61	103
61	104
61	105
61	124
61	125
61	126
61	145
61	146
61	147
61	166
61	167
61	168
61	187
61	188
61	189
61	208
61	209
61	210
61	229
61	230
61	231
61	250
61	251
61	252
61	271
61	272
61	273
61	292
61	293
61	294
61	313
61	314
61	315
61	334
61	335
61	336
61	355
61	356
61	357
61	376
61	377
61	378
61	397
61	398
61	399
61	418
61	419
61	420
61	439
61	440
61	441
62	63
62	83
62	84
62	104
62	105
62	125
62	126
62	146
62	147
62	167
62	168
62	188
62	189
62	209
62	210
62	230
62	231
62	251
62	252
62	272
62	273
62	293
62	294
62	314
62	315
62	335
62	336
62	356
62	357
62	377
62	378
62	398
62	399
62	419
62	420
62	440
62	441
63	84
63	105
63	126
63	147
63	168
63	189
63	210
63	231
63	252
63	273
63	294
63	315
63	336
63	357
63	378
63	399
63	420
63	441
64	65
64	66
64	67
64	68
64	69
64	70
64	71
64	72
64	73
64	74
64	75
64	76
64	77
64	78
64	79
64	80
64	81
64	82
64	83
64	84
64	85
64	86
64	87
64	88
64	89
64	90
64	91
64	92
64	93
64	94
64	95
64	96
64	97
64	98
64	99
64	100
64	101
64	102
64	103
64	104
64	105
64	106
64	107
64	108
64	109
64	110
64	111
64	112
64	113
64	114
64	115
64	116
64	117
64	118
64	119
64	120
64	121
64	122
64	123
64	124
64	125
64	126
64	127
64	128
64	129
64	130
64	131
64	132
64	133
64	134
64	135
64	136
64	137
64	138
64	139
64	140
64	141
64	142
64	143
64	144
64	145
64	146
64	147
64	148
64	149
64	150
64	151
64	152
64	153
64	154
64	155
64	156
64	157
64	158
64	159
64	160
64	161
64	162
64	163
64	164
64	165
64	166
64	167
64	168
64	169
64	170
64	171
64	172
64	173
64	174
64	175
64	176
64	177
64	178
64	179
64	180
64	181
64	182
64	183
64	184
64	185
64	186
64	187
64	188
64	189
64	190
64	191
64	192
64	193
64	194
64	195
64	196
64	197
64	198
64	199
64	200
64	201
64	202
64	203
64	204
64	205
64	206
64	207
64	208
64	209
64	210
64	211
64	212
64	213
64	214
64	215
64	216
64	217
64	218
64	219
64	220
64	221
64	222
64	223
64	224
64	225
64	226
64	227
64	228
64	229
64	230
64	231
64	232
64	233
64	234
64	235
64	236
64	237
64	238
64	239
64	240
64	241
64	242
64	243
64	244
64	245
64	246
64	247
64	248
64	249
64	250
64	251
64	252
64	253
64	254
64	255
64	256
64	257
64	258
64	259
64	260
64	261
64	262
64	263
64	264
64	265
64	266
64	267
64	268
64	269
64	270
64	271
64	272
64	273
64	274
64	275
64	276
64	277
64	278
64	279
64	280
64	281
64	282
64	283
64	284
64	285
64	286
64	287
64	288
64	289
64	290
64	291
64	292
64	293
64	294
64	295
64	296
64	297
64	298
64	299
64	300
64	301
64	302
64	303
64	304
64	305
64	306
64	307
64	308
64	309
64	310
64	311
64	312
64	313
64	314
64	315
64	316
64	317
64	318
64	319
64	320
64	321
64	322
64	323
64	324
64	325
64	326
64	327
64	328
64	329
64	330
64	331
64	332
64	333
64	334
64	335
64	336
64	337
64	338
64	339
64	340
64	341
64	342
64	343
64	344
64	345
64	346
64	347
64	348
64	349
64	350
64	351
64	352
64	353
64	354
64	355
64	356
64	357
64	358
64	359
64	360
64	361
64	362
64	363
64	364
64	365
64	366
64	367
64	368
64	369
64	370
64	371
64	372
64	373
64	374
64	375
64	376
64	377
64	378
64	379
64	380
64	381
64	382
64	383
64	384
64	385
64	386
64	387
64	388
64	389
64	390
64	391
64	392
64	393
64	394
64	395
64	396
64	397
64	398
64	399
64	400
64	401
64	402
64	403
64	404
64	405
64	406
64	407
64	408
64	409
64	410
64	411
64	412
64	413
64	414
64	415
64	416
64	417
64	418
64	419
64	420
64	421
64	422
64	423
64	424
64	425
64	426
64	427
64	428
64	429
64	430
64	431
64	432
64	433
64	434
64	435
64	436
64	437
64	438
64	439
64	440
64	441
65	66
65	67
65	68
65	69
65	70
65	71
65	72
65	73
65	74
65	75
65	76
65	77
65	78
65	79
65	80
65	81
65	82
65	83
65	84
65	86
65	87
65	88
65	89
65	90
65	91
65	92
65	93
65	94
65	95
65	96
65	97
65	98
65	99
65	100
65	101
65	102
65	103
65	104
65	105
65	107
65	108
65	109
65	110
65	111
65	112
65	113
65	114
65	115
65	116
65	117
65	118
65	119
65	120
65	121
65	122
65	123
65	124
65	125
65	126
65	128
65	129
65	130
65	131
65	132
65	133
65	134
65	135
65	136
65	137
65	138
65	139
65	140
65	141
65	142
65	143
65	144
65	145
65	146
65	147
65	149
65	150
65	151
65	152
65	153
65	154
65	155
65	156
65	157
65	158
65	159
65	160
65	161
65	162
65	163
65	164
65	165
65	166
65	167
65	168
65	170
65	171
65	172
65	173
65	174
65	175
65	176
65	177
65	178
65	179
65	180
65	181
65	182
65	183
65	184
65	185
65	186
65	187
65	188
65	189
65	191
65	192
65	193
65	194
65	195
65	196
65	197
65	198
65	199
65	200
65	201
65	202
65	203
65	204
65	205
65	206
65	207
65	208
65	209
65	210
65	212
65	213
65	214
65	215
65	216
65	217
65	218
65	219
65	220
65	221
65	222
65	223
65	224
65	225
65	226
65	227
65	228
65	229
65	230
65	231
65	233
65	234
65	235
65	236
65	237
65	238
65	239
65	240
65	241
65	242
65	243
65	244
65	245
65	246
65	247
65	248
65	249
65	250
65	251
65	252
65	254
65	255
65	256
65	257
65	258
65	259
65	260
65	261
65	262
65	263
65	264
65	265
65	266
65	267
65	268
65	269
65	270
65	271
65	272
65	273
65	275
65	276
65	277
65	278
65	279
65	280
65	281
65	282
65	283
65	284
65	285
65	286
65	287
65	288
65	289
65	290
65	291
65	292
65	293
65	294
65	296
65	297
65	298
65	299
65	300
65	301
65	302
65	303
65	304
65	305
65	306
65	307
65	308
65	309
65	310
65	311
65	312
65	313
65	314
65	315
65	317
65	318
65	319
65	320
65	321
65	322
65	323
65	324
65	325
65	326
65	327
65	328
65	329
65	330
65	331
65	332
65	333
65	334
65	335
65	336
65	338
65	339
65	340
65	341
65	342
65	343
65	344
65	345
65	346
65	347
65	348
65	349
65	350
65	351
65	352
65	353
65	354
65	355
65	356
65	357
65	359
65	360
65	361
65	362
65	363
65	364
65	365
65	366
65	367
65	368
65	369
65	370
65	371
65	372
65	373
65	374
65	375
65	376
65	377
65	378
65	380
65	381
65	382
65	383
65	384
65	385
65	386
65	387
65	388
65	389
65	390
65	391
65	392
65	393
65	394
65	395
65	396
65	397
65	398
65	399
65	401
65	402
65	403
65	404
65	405
65	406
65	407
65	408
65	409
65	410
65	411
65	412
65	413
65	414
65	415
65	416
65	417
65	418
65	419
65	420
65	422
65	423
65	424
65	425
65	426
65	427
65	428
65	429
65	430
65	431
65	432
65	433
65	434
65	435
65	436
65	437
65	438
65	439
65	440
65	441
66	67
66	68
66	69
66	70
66	71
66	72
66	73
66	74
66	75
66	76
66	77
66	78
66	79
66	80
66	81
66	82
66	83
66	84
66	87
66	88
66	89
66	90
66	91
66	92
66	93
66	94
66	95
66	96
66	97
66	98
66	99
66	100
66	101
66	102
66	103
66	104
66	105
66	108
66	109
66	110
66	111
66	112
66	113
66	114
66	115
66	116
66	117
66	118
66	119
66	120
66	121
66	122
66	123
66	124
66	125
66	126
66	129
66	130
66	131
66	132
66	133
66	134
66	135
66	136
66	137
66	138
66	139
66	140
66	141
66	142
66	143
66	144
66	145
66	146
66	147
66	150
66	151
66	152
66	153
66	154
66	155
66	156
66	157
66	158
66	159
66	160
66	161
66	162
66	163
66	164
66	165
66	166
66	167
66	168
66	171
66	172
66	173
66	174
66	175
66	176
66	177
66	178
66	179
66	180
66	181
66	182
66	183
66	184
66	185
66	186
66	187
66	188
66	189
66	192
66	193
66	194
66	195
66	196
66	197
66	198
66	199
66	200
66	201
66	202
66	203
66	204
66	205
66	206
66	207
66	208
66	209
66	210
66	213
66	214
66	215
66	216
66	217
66	218
66	219
66	220
66	221
66	222
66	223
66	224
66	225
66	226
66	227
66	228
66	229
66	230
66	231
66	234
66	235
66	236
66	237
66	238
66	239
66	240
66	241
66	242
66	243
66	244
66	245
66	246
66	247
66	248
66	249
66	250
66	251
66	252
66	255
66	256
66	257
66	258
66	259
66	260
66	261
66	262
66	263
66	264
66	265
66	266
66	267
66	268
66	269
66	270
66	271
66	272
66	273
66	276
66	277
66	278
66	279
66	280
66	281
66	282
66	283
66	284
66	285
66	286
66	287
66	288
66	289
66	290
66	291
66	292
66	293
66	294
66	297
66	298
66	299
66	300
66	301
66	302
66	303
66	304
66	305
66	306
66	307
66	308
66	309
66	310
66	311
66	312
66	313
66	314
66	315
66	318
66	319
66	320
66	321
66	322
66	323
66	324
66	325
66	326
66	327
66	328
66	329
66	330
66	331
66	332
66	333
66	334
66	335
66	336
66	339
66	340
66	341
66	342
66	343
66	344
66	345
66	346
66	347
66	348
66	349
66	350
66	351
66	352
66	353
66	354
66	355
66	356
66	357
66	360
66	361
66	362
66	363
66	364
66	365
66	366
66	367
66	368
66	369
66	370
66	371
66	372
66	373
66	374
66	375
66	376
66	377
66	378
66	381
66	382
66	383
66	384
66	385
66	386
66	387
66	388
66	389
66	390
66	391
66	392
66	393
66	394
66	395
66	396
66	397
66	398
66	399
66	402
66	403
66	404
66	405
66	406
66	407
66	408
66	409
66	410
66	411
66	412
66	413
66	414
66	415
66	416
66	417
66	418
66	419
66	420
66	423
66	424
66	425
66	426
66	427
66	428
66	429
66	430
66	431
66	432
66	433
66	434
66	435
66	436
66	437
66	438
66	439
66	440
66	441
67	68
67	69
67	70
67	71
67	72
67	73
67	74
67	75
67	76
67	77
67	78
67	79
67	80
67	81
67	82
67	83
67	84
67	88
67	89
67	90
67	91
67	92
67	93
67	94
67	95
67	96
67	97
67	98
67	99
67	100
67	101
67	102
67	103
67	104
67	105
67	109
67	110
67	111
67	112
67	113
67	114
67	115
67	116
67	117
67	118
67	119
67	120
67	121
67	122
67	123
67	124
67	125
67	126
67	130
67	131
67	132
67	133
67	134
67	135
67	136
67	137
67	138
67	139
67	140
67	141
67	142
67	143
67	144
67	145
67	146
67	147
67	151
67	152
67	153
67	154
67	155
67	156
67	157
67	158
67	159
67	160
67	161
67	162
67	163
67	164
67	165
67	166
67	167
67	168
67	172
67	173
67	174
67	175
67	176
67	177
67	178
67	179
67	180
67	181
67	182
67	183
67	184
67	185
67	186
67	187
67	188
67	189
67	193
67	194
67	195
67	196
67	197
67	198
67	199
67	200
67	201
67	202
67	203
67	204
67	205
67	206
67	207
67	208
67	209
67	210
67	214
67	215
67	216
67	217
67	218
67	219
67	220
67	221
67	222
67	223
67	224
67	225
67	226
67	227
67	228
67	229
67	230
67	231
67	235
67	236
67	237
67	238
67	239
67	240
67	241
67	242
67	243
67	244
67	245
67	246
67	247
67	248
67	249
67	250
67	251
67	252
67	256
67	257
67	258
67	259
67	260
67	261
67	262
67	263
67	264
67	265
67	266
67	267
67	268
67	269
67	270
67	271
67	272
67	273
67	277
67	278
67	279
67	280
67	281
67	282
67	283
67	284
67	285
67	286
67	287
67	288
67	289
67	290
67	291
67	292
67	293
67	294
67	298
67	299
67	300
67	301
67	302
67	303
67	304
67	305
67	306
67	307
67	308
67	309
67	310
67	311
67	312
67	313
67	314
67	315
67	319
67	320
67	321
67	322
67	323
67	324
67	325
67	326
67	327
67	328
67	329
67	330
67	331
67	332
67	333
67	334
67	335
67	336
67	340
67	341
67	342
67	343
67	344
67	345
67	346
67	347
67	348
67	349
67	350
67	351
67	352
67	353
67	354
67	355
67	356
67	357
67	361
67	362
67	363
67	364
67	365
67	366
67	367
67	368
67	369
67	370
67	371
67	372
67	373
67	374
67	375
67	376
67	377
67	378
67	382
67	383
67	384
67	385
67	386
67	387
67	388
67	389
67	390
67	391
67	392
67	393
67	394
67	395
67	396
67	397
67	398
67	399
67	403
67	404
67	405
67	406
67	407
67	408
67	409
67	410
67	411
67	412
67	413
67	414
67	415
67	416
67	417
67	418
67	419
67	420
67	424
67	425
67	426
67	427
67	428
67	429
67	430
67	431
67	432
67	433
67	434
67	435
67	436
67	437
67	438
67	439
67	440
67	441
68	69
68	70
68	71
68	72
68	73
68	74
68	75
68	76
68	77
68	78
68	79
68	80
68	81
68	82
68	83
68	84
68	89
68	90
68	91
68	92
68	93
68	94
68	95
68	96
68	97
68	98
68	99
68	100
68	101
68	102
68	103
68	104
68	105
68	110
68	111
68	112
68	113
68	114
68	115
68	116
68	117
68	118
68	119
68	120
68	121
68	122
68	123
68	124
68	125
68	126
68	131
68	132
68	133
68	134
68	135
68	136
68	137
68	138
68	139
68	140
68	141
68	142
68	143
68	144
68	145
68	146
68	147
68	152
68	153
68	154
68	155
68	156
68	157
68	158
68	159
68	160
68	161
68	162
68	163
68	164
68	165
68	166
68	167
68	168
68	173
68	174
68	175
68	176
68	177
68	178
68	179
68	180
68	181
68	182
68	183
68	184
68	185
68	186
68	187
68	188
68	189
68	194
68	195
68	196
68	197
68	198
68	199
68	200
68	201
68	202
68	203
68	204
68	205
68	206
68	207
68	208
68	209
68	210
68	215
68	216
68	217
68	218
68	219
68	220
68	221
68	222
68	223
68	224
68	225
68	226
68	227
68	228
68	229
68	230
68	231
68	236
68	237
68	238
68	239
68	240
68	241
68	242
68	243
68	244
68	245
68	246
68	247
68	248
68	249
68	250
68	251
68	252
68	257
68	258
68	259
68	260
68	261
68	262
68	263
68	264
68	265
68	266
68	267
68	268
68	269
68	270
68	271
68	272
68	273
68	278
68	279
68	280
68	281
68	282
68	283
68	284
68	285
68	286
68	287
68	288
68	289
68	290
68	291
68	292
68	293
68	294
68	299
68	300
68	301
68	302
68	303
68	304
68	305
68	306
68	307
68	308
68	309
68	310
68	311
68	312
68	313
68	314
68	315
68	320
68	321
68	322
68	323
68	324
68	325
68	326
68	327
68	328
68	329
68	330
68	331
68	332
68	333
68	334
68	335
68	336
68	341
68	342
68	343
68	344
68	345
68	346
68	347
68	348
68	349
68	350
68	351
68	352
68	353
68	354
68	355
68	356
68	357
68	362
68	363
68	364
68	365
68	366
68	367
68	368
68	369
68	370
68	371
68	372
68	373
68	374
68	375
68	376
68	377
68	378
68	383
68	384
68	385
68	386
68	387
68	388
68	389
68	390
68	391
68	392
68	393
68	394
68	395
68	396
68	397
68	398
68	399
68	404
68	405
68	406
68	407
68	408
68	409
68	410
68	411
68	412
68	413
68	414
68	415
68	416
68	417
68	418
68	419
68	420
68	425
68	426
68	427
68	428
68	429
68	430
68	431
68	432
68	433
68	434
68	435
68	436
68	437
68	438
68	439
68	440
68	441
69	70
69	71
69	72
69	73
69	74
69	75
69	76
69	77
69	78
69	79
69	80
69	81
69	82
69	83
69	84
69	90
69	91
69	92
69	93
69	94
69	95
69	96
69	97
69	98
69	99
69	100
69	101
69	102
69	103
69	104
69	105
69	111
69	112
69	113
69	114
69	115
69	116
69	117
69	118
69	119
69	120
69	121
69	122
69	123
69	124
69	125
69	126
69	132
69	133
69	134
69	135
69	136
69	137
69	138
69	139
69	140
69	141
69	142
69	143
69	144
69	145
69	146
69	147
69	153
69	154
69	155
69	156
69	157
69	158
69	159
69	160
69	161
69	162
69	163
69	164
69	165
69	166
69	167
69	168
69	174
69	175
69	176
69	177
69	178
69	179
69	180
69	181
69	182
69	183
69	184
69	185
69	186
69	187
69	188
69	189
69	195
69	196
69	197
69	198
69	199
69	200
69	201
69	202
69	203
69	204
69	205
69	206
69	207
69	208
69	209
69	210
69	216
69	217
69	218
69	219
69	220
69	221
69	222
69	223
69	224
69	225
69	226
69	227
69	228
69	229
69	230
69	231
69	237
69	238
69	239
69	240
69	241
69	242
69	243
69	244
69	245
69	246
69	247
69	248
69	249
69	250
69	251
69	252
69	258
69	259
69	260
69	261
69	262
69	263
69	264
69	265
69	266
69	267
69	268
69	269
69	270
69	271
69	272
69	273
69	279
69	280
69	281
69	282
69	283
69	284
69	285
69	286
69	287
69	288
69	289
69	290
69	291
69	292
69	293
69	294
69	300
69	301
69	302
69	303
69	304
69	305
69	306
69	307
69	308
69	309
69	310
69	311
69	312
69	313
69	314
69	315
69	321
69	322
69	323
69	324
69	325
69	326
69	327
69	328
69	329
69	330
69	331
69	332
69	333
69	334
69	335
69	336
69	342
69	343
69	344
69	345
69	346
69	347
69	348
69	349
69	350
69	351
69	352
69	353
69	354
69	355
69	356
69	357
69	363
69	364
69	365
69	366
69	367
69	368
69	369
69	370
69	371
69	372
69	373
69	374
69	375
69	376
69	377
69	378
69	384
69	385
69	386
69	387
69	388
69	389
69	390
69	391
69	392
69	393
69	394
69	395
69	396
69	397
69	398
69	399
69	405
69	406
69	407
69	408
69	409
69	410
69	411
69	412
69	413
69	414
69	415
69	416
69	417
69	418
69	419
69	420
69	426
69	427
69	428
69	429
69	430
69	431
69	432
69	433
69	434
69	435
69	436
69	437
69	438
69	439
69	440
69	441
70	71
70	72
70	73
70	74
70	75
70	76
70	77
70	78
70	79
70	80
70	81
70	82
70	83
70	84
70	91
70	92
70	93
70	94
70	95
70	96
70	97
70	98
70	99
70	100
70	101
70	102
70	103
70	104
70	105
70	112
70	113
70	114
70	115
70	116
70	117
70	118
70	119
70	120
70	121
70	122
70	123
70	124
70	125
70	126
70	133
70	134
70	135
70	136
70	137
70	138
70	139
70	140
70	141
70	142
70	143
70	144
70	145
70	146
70	147
70	154
70	155
70	156
70	157
70	158
70	159
70	160
70	161
70	162
70	163
70	164
70	165
70	166
70	167
70	168
70	175
70	176
70	177
70	178
70	179
70	180
70	181
70	182
70	183
70	184
70	185
70	186
70	187
70	188
70	189
70	196
70	197
70	198
70	199
70	200
70	201
70	202
70	203
70	204
70	205
70	206
70	207
70	208
70	209
70	210
70	217
70	218
70	219
70	220
70	221
70	222
70	223
70	224
70	225
70	226
70	227
70	228
70	229
70	230
70	231
70	238
70	239
70	240
70	241
70	242
70	243
70	244
70	245
70	246
70	247
70	248
70	249
70	250
70	251
70	252
70	259
70	260
70	261
70	262
70	263
70	264
70	265
70	266
70	267
70	268
70	269
70	270
70	271
70	272
70	273
70	280
70	281
70	282
70	283
70	284
70	285
70	286
70	287
70	288
70	289
70	290
70	291
70	292
70	293
70	294
70	301
70	302
70	303
70	304
70	305
70	306
70	307
70	308
70	309
70	310
70	311
70	312
70	313
70	314
70	315
70	322
70	323
70	324
70	325
70	326
70	327
70	328
70	329
70	330
70	331
70	332
70	333
70	334
70	335
70	336
70	343
70	344
70	345
70	346
70	347
70	348
70	349
70	350
70	351
70	352
70	353
70	354
70	355
70	356
70	357
70	364
70	365
70	366
70	367
70	368
70	369
70	370
70	371
70	372
70	373
70	374
70	375
70	376
70	377
70	378
70	385
70	386
70	387
70	388
70	389
70	390
70	391
70	392
70	393
70	394
70	395
70	396
70	397
70	398
70	399
70	406
70	407
70	408
70	409
70	410
70	411
70	412
70	413
70	414
70	415
70	416
70	417
70	418
70	419
70	420
70	427
70	428
70	429
70	430
70	431
70	432
70	433
70	434
70	435
70	436
70	437
70	438
70	439
70	440
70	441
71	72
71	73
71	74
71	75
71	76
71	77
71	78
71	79
71	80
71	81
71	82
71	83
71	84
71	92
71	93
71	94
71	95
71	96
71	97
71	98
71	99
71	100
71	101
71	102
71	103
71	104
71	105
71	113
71	114
71	115
71	116
71	117
71	118
71	119
71	120
71	121
71	122
71	123
71	124
71	125
71	126
71	134
71	135
71	136
71	137
71	138
71	139
71	140
71	141
71	142
71	143
71	144
71	145
71	146
71	147
71	155
71	156
71	157
71	158
71	159
71	160
71	161
71	162
71	163
71	164
71	165
71	166
71	167
71	168
71	176
71	177
71	178
71	179
71	180
71	181
71	182
71	183
71	184
71	185
71	186
71	187
71	188
71	189
71	197
71	198
71	199
71	200
71	201
71	202
71	203
71	204
71	205
71	206
71	207
71	208
71	209
71	210
71	218
71	219
71	220
71	221
71	222
71	223
71	224
71	225
71	226
71	227
71	228
71	229
71	230
71	231
71	239
71	240
71	241
71	242
71	243
71	244
71	245
71	246
71	247
71	248
71	249
71	250
71	251
71	252
71	260
71	261
71	262
71	263
71	264
71	265
71	266
71	267
71	268
71	269
71	270
71	271
71	272
71	273
71	281
71	282
71	283
71	284
71	285
71	286
71	287
71	288
71	289
71	290
71	291
71	292
71	293
71	294
71	302
71	303
71	304
71	305
71	306
71	307
71	308
71	309
71	310
71	311
71	312
71	313
71	314
71	315
71	323
71	324
71	325
71	326
71	327
71	328
71	329
71	330
71	331
71	332
71	333
71	334
71	335
71	336
71	344
71	345
71	346
71	347
71	348
71	349
71	350
71	351
71	352
71	353
71	354
71	355
71	356
71	357
71	365
71	366
71	367
71	368
71	369
71	370
71	371
71	372
71	373
71	374
71	375
71	376
71	377
71	378
71	386
71	387
71	388
71	389
71	390
71	391
71	392
71	393
71	394
71	395
71	396
71	397
71	398
71	399
71	407
71	408
71	409
71	410
71	411
71	412
71	413
71	414
71	415
71	416
71	417
71	418
71	419
71	420
71	428
71	429
71	430
71	431
71	432
71	433
71	434
71	435
71	436
71	437
71	438
71	439
71	440
71	441
72	73
72	74
72	75
72	76
72	77
72	78
72	79
72	80
72	81
72	82
72	83
72	84
72	93
72	94
72	95
72	96
72	97
72	98
72	99
72	100
72	101
72	102
72	103
72	104
72	105
72	114
72	115
72	116
72	117
72	118
72	119
72	120
72	121
72	122
72	123
72	124
72	125
72	126
72	135
72	136
72	137
72	138
72	139
72	140
72	141
72	142
72	143
72	144
72	145
72	146
72	147
72	156
72	157
72	158
72	159
72	160
72	161
72	162
72	163
72	164
72	165
72	166
72	167
72	168
72	177
72	178
72	179
72	180
72	181
72	182
72	183
72	184
72	185
72	186
72	187
72	188
72	189
72	198
72	199
72	200
72	201
72	202
72	203
72	204
72	205
72	206
72	207
72	208
72	209
72	210
72	219
72	220
72	221
72	222
72	223
72	224
72	225
72	226
72	227
72	228
72	229
72	230
72	231
72	240
72	241
72	242
72	243
72	244
72	245
72	246
72	247
72	248
72	249
72	250
72	251
72	252
72	261
72	262
72	263
72	264
72	265
72	266
72	267
72	268
72	269
72	270
72	271
72	272
72	273
72	282
72	283
72	284
72	285
72	286
72	287
72	288
72	289
72	290
72	291
72	292
72	293
72	294
72	303
72	304
72	305
72	306
72	307
72	308
72	309
72	310
72	311
72	312
72	313
72	314
72	315
72	324
72	325
72	326
72	327
72	328
72	329
72	330
72	331
72	332
72	333
72	334
72	335
72	336
72	345
72	346
72	347
72	348
72	349
72	350
72	351
72	352
72	353
72	354
72	355
72	356
72	357
72	366
72	367
72	368
72	369
72	370
72	371
72	372
72	373
72	374
72	375
72	376
72	377
72	378
72	387
72	388
72	389
72	390
72	391
72	392
72	393
72	394
72	395
72	396
72	397
72	398
72	399
72	408
72	409
72	410
72	411
72	412
72	413
72	414
72	415
72	416
72	417
72	418
72	419
72	420
72	429
72	430
72	431
72	432
72	433
72	434
72	435
72	436
72	437
72	438
72	439
72	440
72	441
73	74
73	75
73	76
73	77
73	78
73	79
73	80
73	81
73	82
73	83
73	84
73	94
73	95
73	96
73	97
73	98
73	99
73	100
73	101
73	102
73	103
73	104
73	105
73	115
73	116
73	117
73	118
73	119
73	120
73	121
73	122
73	123
73	124
73	125
73	126
73	136
73	137
73	138
73	139
73	140
73	141
73	142
73	143
73	144
73	145
73	146
73	147
73	157
73	158
73	159
73	160
73	161
73	162
73	163
73	164
73	165
73	166
73	167
73	168
73	178
73	179
73	180
73	181
73	182
73	183
73	184
73	185
73	186
73	187
73	188
73	189
73	199
73	200
73	201
73	202
73	203
73	204
73	205
73	206
73	207
73	208
73	209
73	210
73	220
73	221
73	222
73	223
73	224
73	225
73	226
73	227
73	228
73	229
73	230
73	231
73	241
73	242
73	243
73	244
73	245
73	246
73	247
73	248
73	249
73	250
73	251
73	252
73	262
73	263
73	264
73	265
73	266
73	267
73	268
73	269
73	270
73	271
73	272
73	273
73	283
73	284
73	285
73	286
73	287
73	288
73	289
73	290
73	291
73	292
73	293
73	294
73	304
73	305
73	306
73	307
73	308
73	309
73	310
73	311
73	312
73	313
73	314
73	315
73	325
73	326
73	327
73	328
73	329
73	330
73	331
73	332
73	333
73	334
73	335
73	336
73	346
73	347
73	348
73	349
73	350
73	351
73	352
73	353
73	354
73	355
73	356
73	357
73	367
73	368
73	369
73	370
73	371
73	372
73	373
73	374
73	375
73	376
73	377
73	378
73	388
73	389
73	390
73	391
73	392
73	393
73	394
73	395
73	396
73	397
73	398
73	399
73	409
73	410
73	411
73	412
73	413
73	414
73	415
73	416
73	417
73	418
73	419
73	420
73	430
73	431
73	432
73	433
73	434
73	435
73	436
73	437
73	438
73	439
73	440
73	441
74	75
74	76
74	77
74	78
74	79
74	80
74	81
74	82
74	83
74	84
74	95
74	96
74	97
74	98
74	99
74	100
74	101
74	102
74	103
74	104
74	105
74	116
74	117
74	118
74	119
74	120
74	121
74	122
74	123
74	124
74	125
74	126
74	137
74	138
74	139
74	140
74	141
74	142
74	143
74	144
74	145
74	146
74	147
74	158
74	159
74	160
74	161
74	162
74	163
74	164
74	165
74	166
74	167
74	168
74	179
74	180
74	181
74	182
74	183
74	184
74	185
74	186
74	187
74	188
74	189
74	200
74	201
74	202
74	203
74	204
74	205
74	206
74	207
74	208
74	209
74	210
74	221
74	222
74	223
74	224
74	225
74	226
74	227
74	228
74	229
74	230
74	231
74	242
74	243
74	244
74	245
74	246
74	247
74	248
74	249
74	250
74	251
74	252
74	263
74	264
74	265
74	266
74	267
74	268
74	269
74	270
74	271
74	272
74	273
74	284
74	285
74	286
74	287
74	288
74	289
74	290
74	291
74	292
74	293
74	294
74	305
74	306
74	307
74	308
74	309
74	310
74	311
74	312
74	313
74	314
74	315
74	326
74	327
74	328
74	329
74	330
74	331
74	332
74	333
74	334
74	335
74	336
74	347
74	348
74	349
74	350
74	351
74	352
74	353
74	354
74	355
74	356
74	357
74	368
74	369
74	370
74	371
74	372
74	373
74	374
74	375
74	376
74	377
74	378
74	389
74	390
74	391
74	392
74	393
74	394
74	395
74	396
74	397
74	398
74	399
74	410
74	411
74	412
74	413
74	414
74	415
74	416
74	417
74	418
74	419
74	420
74	431
74	432
74	433
74	434
74	435
74	436
74	437
74	438
74	439
74	440
74	441
75	76
75	77
75	78
75	79
75	80
75	81
75	82
75	83
75	84
75	96
75	97
75	98
75	99
75	100
75	101
75	102
75	103
75	104
75	105
75	117
75	118
75	119
75	120
75	121
75	122
75	123
75	124
75	125
75	126
75	138
75	139
75	140
75	141
75	142
75	143
75	144
75	145
75	146
75	147
75	159
75	160
75	161
75	162
75	163
75	164
75	165
75	166
75	167
75	168
75	180
75	181
75	182
75	183
75	184
75	185
75	186
75	187
75	188
75	189
75	201
75	202
75	203
75	204
75	205
75	206
75	207
75	208
75	209
75	210
75	222
75	223
75	224
75	225
75	226
75	227
75	228
75	229
75	230
75	231
75	243
75	244
75	245
75	246
75	247
75	248
75	249
75	250
75	251
75	252
75	264
75	265
75	266
75	267
75	268
75	269
75	270
75	271
75	272
75	273
75	285
75	286
75	287
75	288
75	289
75	290
75	291
75	292
75	293
75	294
75	306
75	307
75	308
75	309
75	310
75	311
75	312
75	313
75	314
75	315
75	327
75	328
75	329
75	330
75	331
75	332
75	333
75	334
75	335
75	336
75	348
75	349
75	350
75	351
75	352
75	353
75	354
75	355
75	356
75	357
75	369
75	370
75	371
75	372
75	373
75	374
75	375
75	376
75	377
75	378
75	390
75	391
75	392
75	393
75	394
75	395
75	396
75	397
75	398
75	399
75	411
75	412
75	413
75	414
75	415
75	416
75	417
75	418
75	419
75	420
75	432
75	433
75	434
75	435
75	436
75	437
75	438
75	439
75	440
75	441
76	77
76	78
76	79
76	80
76	81
76	82
76	83
76	84
76	97
76	98
76	99
76	100
76	101
76	102
76	103
76	104
76	105
76	118
76	119
76	120
76	121
76	122
76	123
76	124
76	125
76	126
76	139
76	140
76	141
76	142
76	143
76	144
76	145
76	146
76	147
76	160
76	161
76	162
76	163
76	164
76	165
76	166
76	167
76	168
76	181
76	182
76	183
76	184
76	185
76	186
76	187
76	188
76	189
76	202
76	203
76	204
76	205
76	206
76	207
76	208
76	209
76	210
76	223
76	224
76	225
76	226
76	227
76	228
76	229
76	230
76	231
76	244
76	245
76	246
76	247
76	248
76	249
76	250
76	251
76	252
76	265
76	266
76	267
76	268
76	269
76	270
76	271
76	272
76	273
76	286
76	287
76	288
76	289
76	290
76	291
76	292
76	293
76	294
76	307
76	308
76	309
76	310
76	311
76	312
76	313
76	314
76	315
76	328
76	329
76	330
76	331
76	332
76	333
76	334
76	335
76	336
76	349
76	350
76	351
76	352
76	353
76	354
76	355
76	356
76	357
76	370
76	371
76	372
76	373
76	374
76	375
76	376
76	377
76	378
76	391
76	392
76	393
76	394
76	395
76	396
76	397
76	398
76	399
76	412
76	413
76	414
76	415
76	416
76	417
76	418
76	419
76	420
76	433
76	434
76	435
76	436
76	437
76	438
76	439
76	440
76	441
77	78
77	79
77	80
77	81
77	82
77	83
77	84
77	98
77	99
77	100
77	101
77	102
77	103
77	104
77	105
77	119
77	120
77	121
77	122
77	123
77	124
77	125
77	126
77	140
77	141
77	142
77	143
77	144
77	145
77	146
77	147
77	161
77	162
77	163
77	164
77	165
77	166
77	167
77	168
77	182
77	183
77	184
77	185
77	186
77	187
77	188
77	189
77	203
77	204
77	205
77	206
77	207
77	208
77	209
77	210
77	224
77	225
77	226
77	227
77	228
77	229
77	230
77	231
77	245
77	246
77	247
77	248
77	249
77	250
77	251
77	252
77	266
77	267
77	268
77	269
77	270
77	271
77	272
77	273
77	287
77	288
77	289
77	290
77	291
77	292
77	293
77	294
77	308
77	309
77	310
77	311
77	312
77	313
77	314
77	315
77	329
77	330
77	331
77	332
77	333
77	334
77	335
77	336
77	350
77	351
77	352
77	353
77	354
77	355
77	356
77	357
77	371
77	372
77	373
77	374
77	375
77	376
77	377
77	378
77	392
77	393
77	394
77	395
77	396
77	397
77	398
77	399
77	413
77	414
77	415
77	416
77	417
77	418
77	419
77	420
77	434
77	435
77	436
77	437
77	438
77	439
77	440
77	441
78	79
78	80
78	81
78	82
78	83
78	84
78	99
78	100
78	101
78	102
78	103
78	104
78	105
78	120
78	121
78	122
78	123
78	124
78	125
78	126
78	141
78	142
78	143
78	144
78	145
78	146
78	147
78	162
78	163
78	164
78	165
78	166
78	167
78	168
78	183
78	184
78	185
78	186
78	187
78	188
78	189
78	204
78	205
78	206
78	207
78	208
78	209
78	210
78	225
78	226
78	227
78	228
78	229
78	230
78	231
78	246
78	247
78	248
78	249
78	250
78	251
78	252
78	267
78	268
78	269
78	270
78	271
78	272
78	273
78	288
78	289
78	290
78	291
78	292
78	293
78	294
78	309
78	310
78	311
78	312
78	313
78	314
78	315
78	330
78	331
78	332
78	333
78	334
78	335
78	336
78	351
78	352
78	353
78	354
78	355
78	356
78	357
78	372
78	373
78	374
78	375
78	376
78	377
78	378
78	393
78	394
78	395
78	396
78	397
78	398
78	399
78	414
78	415
78	416
78	417
78	418
78	419
78	420
78	435
78	436
78	437
78	438
78	439
78	440
78	441
79	80
79	81
79	82
79	83
79	84
79	100
79	101
79	102
79	103
79	104
79	105
79	121
79	122
79	123
79	124
79	125
79	126
79	142
79	143
79	144
79	145
79	146
79	147
79	163
79	164
79	165
79	166
79	167
79	168
79	184
79	185
79	186
79	187
79	188
79	189
79	205
79	206
79	207
79	208
79	209
79	210
79	226
79	227
79	228
79	229
79	230
79	231
79	247
79	248
79	249
79	250
79	251
79	252
79	268
79	269
79	270
79	271
79	272
79	273
79	289
79	290
79	291
79	292
79	293
79	294
79	310
79	311
79	312
79	313
79	314
79	315
79	331
79	332
79	333
79	334
79	335
79	336
79	352
79	353
79	354
79	355
79	356
79	357
79	373
79	374
79	375
79	376
79	377
79	378
79	394
79	395
79	396
79	397
79	398
79	399
79	415
79	416
79	417
79	418
79	419
79	420
79	436
79	437
79	438
79	439
79	440
79	441
80	81
80	82
80	83
80	84
80	101
80	102
80	103
80	104
80	105
80	122
80	123
80	124
80	125
80	126
80	143
80	144
80	145
80	146
80	147
80	164
80	165
80	166
80	167
80	168
80	185
80	186
80	187
80	188
80	189
80	206
80	207
80	208
80	209
80	210
80	227
80	228
80	229
80	230
80	231
80	248
80	249
80	250
80	251
80	252
80	269
80	270
80	271
80	272
80	273
80	290
80	291
80	292
80	293
80	294
80	311
80	312
80	313
80	314
80	315
80	332
80	333
80	334
80	335
80	336
80	353
80	354
80	355
80	356
80	357
80	374
80	375
80	376
80	377
80	378
80	395
80	396
80	397
80	398
80	399
80	416
80	417
80	418
80	419
80	420
80	437
80	438
80	439
80	440
80	441
81	82
81	83
81	84
81	102
81	103
81	104
81	105
81	123
81	124
81	125
81	126
81	144
81	145
81	146
81	147
81	165
81	166
81	167
81	168
81	186
81	187
81	188
81	189
81	207
81	208
81	209
81	210
81	228
81	229
81	230
81	231
81	249
81	250
81	251
81	252
81	270
81	271
81	272
81	273
81	291
81	292
81	293
81	294
81	312
81	313
81	314
81	315
81	333
81	334
81	335
81	336
81	354
81	355
81	356
81	357
81	375
81	376
81	377
81	378
81	396
81	397
81	398
81	399
81	417
81	418
81	419
81	420
81	438
81	439
81	440
81	441
82	83
82	84
82	103
82	104
82	105
82	124
82	125
82	126
82	145
82	146
82	147
82	166
82	167
82	168
82	187
82	188
82	189
82	208
82	209
82	210
82	229
82	230
82	231
82	250
82	251
82	252
82	271
82	272
82	273
82	292
82	293
82	294
82	313
82	314
82	315
82	334
82	335
82	336
82	355
82	356
82	357
82	376
82	377
82	378
82	397
82	398
82	399
82	418
82	419
82	420
82	439
82	440
82	441
83	84
83	104
83	105
83	125
83	126
83	146
83	147
83	167
83	168
83	188
83	189
83	209
83	210
83	230
83	231
83	251
83	252
83	272
83	273
83	293
83	294
83	314
83	315
83	335
83	336
83	356
83	357
83	377
83	378
83	398
83	399
83	419
83	420
83	440
83	441
84	105
84	126
84	147
84	168
84	189
84	210
84	231
84	252
84	273
84	294
84	315
84	336
84	357
84	378
84	399
84	420
84	441
85	86
85	87
85	88
85	89
85	90
85	91
85	92
85	93
85	94
85	95
85	96
85	97
85	98
85	99
85	100
85	101
85	102
85	103
85	104
85	105
85	106
85	107
85	108
85	109
85	110
85	111
85	112
85	113
85	114
85	115
85	116
85	117
85	118
85	119
85	120
85	121
85	122
85	123
85	124
85	125
85	126
85	127
85	128
85	129
85	130
85	131
85	132
85	133
85	134
85	135
85	136
85	137
85	138
85	139
85	140
85	141
85	142
85	143
85	144
85	145
85	146
85	147
85	148
85	149
85	150
85	151
85	152
85	153
85	154
85	155
85	156
85	157
85	158
85	159
85	160
85	161
85	162
85	163
85	164
85	165
85	166
85	167
85	168
85	169
85	170
85	171
85	172
85	173
85	174
85	175
85	176
85	177
85	178
85	179
85	180
85	181
85	182
85	183
85	184
85	185
85	186
85	187
85	188
85	189
85	190
85	191
85	192
85	193
85	194
85	195
85	196
85	197
85	198
85	199
85	200
85	201
85	202
85	203
85	204
85	205
85	206
85	207
85	208
85	209
85	210
85	211
85	212
85	213
85	214
85	215
85	216
85	217
85	218
85	219
85	220
85	221
85	222
85	223
85	224
85	225
85	226
85	227
85	228
85	229
85	230
85	231
85	232
85	233
85	234
85	235
85	236
85	237
85	238
85	239
85	240
85	241
85	242
85	243
85	244
85	245
85	246
85	247
85	248
85	249
85	250
85	251
85	252
85	253
85	254
85	255
85	256
85	257
85	258
85	259
85	260
85	261
85	262
85	263
85	264
85	265
85	266
85	267
85	268
85	269
85	270
85	271
85	272
85	273
85	274
85	275
85	276
85	277
85	278
85	279
85	280
85	281
85	282
85	283
85	284
85	285
85	286
85	287
85	288
85	289
85	290
85	291
85	292
85	293
85	294
85	295
85	296
85	297
85	298
85	299
85	300
85	301
85	302
85	303
85	304
85	305
85	306
85	307
85	308
85	309
85	310
85	311
85	312
85	313
85	314
85	315
85	316
85	317
85	318
85	319
85	320
85	321
85	322
85	323
85	324
85	325
85	326
85	327
85	328
85	329
85	330
85	331
85	332
85	333
85	334
85	335
85	336
85	337
85	338
85	339
85	340
85	341
85	342
85	343
85	344
85	345
85	346
85	347
85	348
85	349
85	350
85	351
85	352
85	353
85	354
85	355
85	356
85	357
85	358
85	359
85	360
85	361
85	362
85	363
85	364
85	365
85	366
85	367
85	368
85	369
85	370
85	371
85	372
85	373
85	374
85	375
85	376
85	377
85	378
85	379
85	380
85	381
85	382
85	383
85	384
85	385
85	386
85	387
85	388
85	389
85	390
85	391
85	392
85	393
85	394
85	395
85	396
85	397
85	398
85	399
85	400
85	401
85	402
85	403
85	404
85	405
85	406
85	407
85	408
85	409
85	410
85	411
85	412
85	413
85	414
85	415
85	416
85	417
85	418
85	419
85	420
85	421
85	422
85	423
85	424
85	425
85	426
85	427
85	428
85	429
85	430
85	431
85	432
85	433
85	434
85	435
85	436
85	437
85	438
85	439
85	440
85	441
86	87
86	88
86	89
86	90
86	91
86	92
86	93
86	94
86	95
86	96
86	97
86	98
86	99
86	100
86	101
86	102
86	103
86	104
86	105
86	107
86	108
86	109
86	110
86	111
86	112
86	113
86	114
86	115
86	116
86	117
86	118
86	119
86	120
86	121
86	122
86	123
86	124
86	125
86	126
86	128
86	129
86	130
86	131
86	132
86	133
86	134
86	135
86	136
86	137
86	138
86	139
86	140
86	141
86	142
86	143
86	144
86	145
86	146
86	147
86	149
86	150
86	151
86	152
86	153
86	154
86	155
86	156
86	157
86	158
86	159
86	160
86	161
86	162
86	163
86	164
86	165
86	166
86	167
86	168
86	170
86	171
86	172
86	173
86	174
86	175
86	176
86	177
86	178
86	179
86	180
86	181
86	182
86	183
86	184
86	185
86	186
86	187
86	188
86	189
86	191
86	192
86	193
86	194
86	195
86	196
86	197
86	198
86	199
86	200
86	201
86	202
86	203
86	204
86	205
86	206
86	207
86	208
86	209
86	210
86	212
86	213
86	214
86	215
86	216
86	217
86	218
86	219
86	220
86	221
86	222
86	223
86	224
86	225
86	226
86	227
86	228
86	229
86	230
86	231
86	233
86	234
86	235
86	236
86	237
86	238
86	239
86	240
86	241
86	242
86	243
86	244
86	245
86	246
86	247
86	248
86	249
86	250
86	251
86	252
86	254
86	255
86	256
86	257
86	258
86	259
86	260
86	261
86	262
86	263
86	264
86	265
86	266
86	267
86	268
86	269
86	270
86	271
86	272
86	273
86	275
86	276
86	277
86	278
86	279
86	280
86	281
86	282
86	283
86	284
86	285
86	286
86	287
86	288
86	289
86	290
86	291
86	292
86	293
86	294
86	296
86	297
86	298
86	299
86	300
86	301
86	302
86	303
86	304
86	305
86	306
86	307
86	308
86	309
86	310
86	311
86	312
86	313
86	314
86	315
86	317
86	318
86	319
86	320
86	321
86	322
86	323
86	324
86	325
86	326
86	327
86	328
86	329
86	330
86	331
86	332
86	333
86	334
86	335
86	336
86	338
86	339
86	340
86	341
86	342
86	343
86	344
86	345
86	346
86	347
86	348
86	349
86	350
86	351
86	352
86	353
86	354
86	355
86	356
86	357
86	359
86	360
86	361
86	362
86	363
86	364
86	365
86	366
86	367
86	368
86	369
86	370
86	371
86	372
86	373
86	374
86	375
86	376
86	377
86	378
86	380
86	381
86	382
86	383
86	384
86	385
86	386
86	387
86	388
86	389
86	390
86	391
86	392
86	393
86	394
86	395
86	396
86	397
86	398
86	399
86	401
86	402
86	403
86	404
86	405
86	406
86	407
86	408
86	409
86	410
86	411
86	412
86	413
86	414
86	415
86	416
86	417
86	418
86	419
86	420
86	422
86	423
86	424
86	425
86	426
86	427
86	428
86	429
86	430
86	431
86	432
86	433
86	434
86	435
86	436
86	437
86	438
86	439
86	440
86	441
87	88
87	89
87	90
87	91
87	92
87	93
87	94
87	95
87	96
87	97
87	98
87	99
87	100
87	101
87	102
87	103
87	104
87	105
87	108
87	109
87	110
87	111
87	112
87	113
87	114
87	115
87	116
87	117
87	118
87	119
87	120
87	121
87	122
87	123
87	124
87	125
87	126
87	129
87	130
87	131
87	132
87	133
87	134
87	135
87	136
87	137
87	138
87	139
87	140
87	141
87	142
87	143
87	144
87	145
87	146
87	147
87	150
87	151
87	152
87	153
87	154
87	155
87	156
87	157
87	158
87	159
87	160
87	161
87	162
87	163
87	164
87	165
87	166
87	167
87	168
87	171
87	172
87	173
87	174
87	175
87	176
87	177
87	178
87	179
87	180
87	181
87	182
87	183
87	184
87	185
87	186
87	187
87	188
87	189
87	192
87	193
87	194
87	195
87	196
87	197
87	198
87	199
87	200
87	201
87	202
87	203
87	204
87	205
87	206
87	207
87	208
87	209
87	210
87	213
87	214
87	215
87	216
87	217
87	218
87	219
87	220
87	221
87	222
87	223
87	224
87	225
87	226
87	227
87	228
87	229
87	230
87	231
87	234
87	235
87	236
87	237
87	238
87	239
87	240
87	241
87	242
87	243
87	244
87	245
87	246
87	247
87	248
87	249
87	250
87	251
87	252
87	255
87	256
87	257
87	258
87	259
87	260
87	261
87	262
87	263
87	264
87	265
87	266
87	267
87	268
87	269
87	270
87	271
87	272
87	273
87	276
87	277
87	278
87	279
87	280
87	281
87	282
87	283
87	284
87	285
87	286
87	287
87	288
87	289
87	290
87	291
87	292
87	293
87	294
87	297
87	298
87	299
87	300
87	301
87	302
87	303
87	304
87	305
87	306
87	307
87	308
87	309
87	310
87	311
87	312
87	313
87	314
87	315
87	318
87	319
87	320
87	321
87	322
87	323
87	324
87	325
87	326
87	327
87	328
87	329
87	330
87	331
87	332
87	333
87	334
87	335
87	336
87	339
87	340
87	341
87	342
87	343
87	344
87	345
87	346
87	347
87	348
87	349
87	350
87	351
87	352
87	353
87	354
87	355
87	356
87	357
87	360
87	361
87	362
87	363
87	364
87	365
87	366
87	367
87	368
87	369
87	370
87	371
87	372
87	373
87	374
87	375
87	376
87	377
87	378
87	381
87	382
87	383
87	384
87	385
87	386
87	387
87	388
87	389
87	390
87	391
87	392
87	393
87	394
87	395
87	396
87	397
87	398
87	399
87	402
87	403
87	404
87	405
87	406
87	407
87	408
87	409
87	410
87	411
87	412
87	413
87	414
87	415
87	416
87	417
87	418
87	419
87	420
87	423
87	424
87	425
87	426
87	427
87	428
87	429
87	430
87	431
87	432
87	433
87	434
87	435
87	436
87	437
87	438
87	439
87	440
87	441
88	89
88	90
88	91
88	92
88	93
88	94
88	95
88	96
88	97
88	98
88	99
88	100
88	101
88	102
88	103
88	104
88	105
88	109
88	110
88	111
88	112
88	113
88	114
88	115
88	116
88	117
88	118
88	119
88	120
88	121
88	122
88	123
88	124
88	125
88	126
88	130
88	131
88	132
88	133
88	134
88	135
88	136
88	137
88	138
88	139
88	140
88	141
88	142
88	143
88	144
88	145
88	146
88	147
88	151
88	152
88	153
88	154
88	155
88	156
88	157
88	158
88	159
88	160
88	161
88	162
88	163
88	164
88	165
88	166
88	167
88	168
88	172
88	173
88	174
88	175
88	176
88	177
88	178
88	179
88	180
88	181
88	182
88	183
88	184
88	185
88	186
88	187
88	188
88	189
88	193
88	194
88	195
88	196
88	197
88	198
88	199
88	200
88	201
88	202
88	203
88	204
88	205
88	206
88	207
88	208
88	209
88	210
88	214
88	215
88	216
88	217
88	218
88	219
88	220
88	221
88	222
88	223
88	224
88	225
88	226
88	227
88	228
88	229
88	230
88	231
88	235
88	236
88	237
88	238
88	239
88	240
88	241
88	242
88	243
88	244
88	245
88	246
88	247
88	248
88	249
88	250
88	251
88	252
88	256
88	257
88	258
88	259
88	260
88	261
88	262
88	263
88	264
88	265
88	266
88	267
88	268
88	269
88	270
88	271
88	272
88	273
88	277
88	278
88	279
88	280
88	281
88	282
88	283
88	284
88	285
88	286
88	287
88	288
88	289
88	290
88	291
88	292
88	293
88	294
88	298
88	299
88	300
88	301
88	302
88	303
88	304
88	305
88	306
88	307
88	308
88	309
88	310
88	311
88	312
88	313
88	314
88	315
88	319
88	320
88	321
88	322
88	323
88	324
88	325
88	326
88	327
88	328
88	329
88	330
88	331
88	332
88	333
88	334
88	335
88	336
88	340
88	341
88	342
88	343
88	344
88	345
88	346
88	347
88	348
88	349
88	350
88	351
88	352
88	353
88	354
88	355
88	356
88	357
88	361
88	362
88	363
88	364
88	365
88	366
88	367
88	368
88	369
88	370
88	371
88	372
88	373
88	374
88	375
88	376
88	377
88	378
88	382
88	383
88	384
88	385
88	386
88	387
88	388
88	389
88	390
88	391
88	392
88	393
88	394
88	395
88	396
88	397
88	398
88	399
88	403
88	404
88	405
88	406
88	407
88	408
88	409
88	410
88	411
88	412
88	413
88	414
88	415
88	416
88	417
88	418
88	419
88	420
88	424
88	425
88	426
88	427
88	428
88	429
88	430
88	431
88	432
88	433
88	434
88	435
88	436
88	437
88	438
88	439
88	440
88	441
89	90
89	91
89	92
89	93
89	94
89	95
89	96
89	97
89	98
89	99
89	100
89	101
89	102
89	103
89	104
89	105
89	110
89	111
89	112
89	113
89	114
89	115
89	116
89	117
89	118
89	119
89	120
89	121
89	122
89	123
89	124
89	125
89	126
89	131
89	132
89	133
89	134
89	135
89	136
89	137
89	138
89	139
89	140
89	141
89	142
89	143
89	144
89	145
89	146
89	147
89	152
89	153
89	154
89	155
89	156
89	157
89	158
89	159
89	160
89	161
89	162
89	163
89	164
89	165
89	166
89	167
89	168
89	173
89	174
89	175
89	176
89	177
89	178
89	179
89	180
89	181
89	182
89	183
89	184
89	185
89	186
89	187
89	188
89	189
89	194
89	195
89	196
89	197
89	198
89	199
89	200
89	201
89	202
89	203
89	204
89	205
89	206
89	207
89	208
89	209
89	210
89	215
89	216
89	217
89	218
89	219
89	220
89	221
89	222
89	223
89	224
89	225
89	226
89	227
89	228
89	229
89	230
89	231
89	236
89	237
89	238
89	239
89	240
89	241
89	242
89	243
89	244
89	245
89	246
89	247
89	248
89	249
89	250
89	251
89	252
89	257
89	258
89	259
89	260
89	261
89	262
89	263
89	264
89	265
89	266
89	267
89	268
89	269
89	270
89	271
89	272
89	273
89	278
89	279
89	280
89	281
89	282
89	283
89	284
89	285
89	286
89	287
89	288
89	289
89	290
89	291
89	292
89	293
89	294
89	299
89	300
89	301
89	302
89	303
89	304
89	305
89	306
89	307
89	308
89	309
89	310
89	311
89	312
89	313
89	314
89	315
89	320
89	321
89	322
89	323
89	324
89	325
89	326
89	327
89	328
89	329
89	330
89	331
89	332
89	333
89	334
89	335
89	336
89	341
89	342
89	343
89	344
89	345
89	346
89	347
89	348
89	349
89	350
89	351
89	352
89	353
89	354
89	355
89	356
89	357
89	362
89	363
89	364
89	365
89	366
89	367
89	368
89	369
89	370
89	371
89	372
89	373
89	374
89	375
89	376
89	377
89	378
89	383
89	384
89	385
89	386
89	387
89	388
89	389
89	390
89	391
89	392
89	393
89	394
89	395
89	396
89	397
89	398
89	399
89	404
89	405
89	406
89	407
89	408
89	409
89	410
89	411
89	412
89	413
89	414
89	415
89	416
89	417
89	418
89	419
89	420
89	425
89	426
89	427
89	428
89	429
89	430
89	431
89	432
89	433
89	434
89	435
89	436
89	437
89	438
89	439
89	440
89	441
90	91
90	92
90	93
90	94
90	95
90	96
90	97
90	98
90	99
90	100
90	101
90	102
90	103
90	104
90	105
90	111
90	112
90	113
90	114
90	115
90	116
90	117
90	118
90	119
90	120
90	121
90	122
90	123
90	124
90	125
90	126
90	132
90	133
90	134
90	135
90	136
90	137
90	138
90	139
90	140
90	141
90	142
90	143
90	144
90	145
90	146
90	147
90	153
90	154
90	155
90	156
90	157
90	158
90	159
90	160
90	161
90	162
90	163
90	164
90	165
90	166
90	167
90	168
90	174
90	175
90	176
90	177
90	178
90	179
90	180
90	181
90	182
90	183
90	184
90	185
90	186
90	187
90	188
90	189
90	195
90	196
90	197
90	198
90	199
90	200
90	201
90	202
90	203
90	204
90	205
90	206
90	207
90	208
90	209
90	210
90	216
90	217
90	218
90	219
90	220
90	221
90	222
90	223
90	224
90	225
90	226
90	227
90	228
90	229
90	230
90	231
90	237
90	238
90	239
90	240
90	241
90	242
90	243
90	244
90	245
90	246
90	247
90	248
90	249
90	250
90	251
90	252
90	258
90	259
90	260
90	261
90	262
90	263
90	264
90	265
90	266
90	267
90	268
90	269
90	270
90	271
90	272
90	273
90	279
90	280
90	281
90	282
90	283
90	284
90	285
90	286
90	287
90	288
90	289
90	290
90	291
90	292
90	293
90	294
90	300
90	301
90	302
90	303
90	304
90	305
90	306
90	307
90	308
90	309
90	310
90	311
90	312
90	313
90	314
90	315
90	321
90	322
90	323
90	324
90	325
90	326
90	327
90	328
90	329
90	330
90	331
90	332
90	333
90	334
90	335
90	336
90	342
90	343
90	344
90	345
90	346
90	347
90	348
90	349
90	350
90	351
90	352
90	353
90	354
90	355
90	356
90	357
90	363
90	364
90	365
90	366
90	367
90	368
90	369
90	370
90	371
90	372
90	373
90	374
90	375
90	376
90	377
90	378
90	384
90	385
90	386
90	387
90	388
90	389
90	390
90	391
90	392
90	393
90	394
90	395
90	396
90	397
90	398
90	399
90	405
90	406
90	407
90	408
90	409
90	410
90	411
90	412
90	413
90	414
90	415
90	416
90	417
90	418
90	419
90	420
90	426
90	427
90	428
90	429
90	430
90	431
90	432
90	433
90	434
90	435
90	436
90	437
90	438
90	439
90	440
90	441
91	92
91	93
91	94
91	95
91	96
91	97
91	98
91	99
91	100
91	101
91	102
91	103
91	104
91	105
91	112
91	113
91	114
91	115
91	116
91	117
91	118
91	119
91	120
91	121
91	122
91	123
91	124
91	125
91	126
91	133
91	134
91	135
91	136
91	137
91	138
91	139
91	140
91	141
91	142
91	143
91	144
91	145
91	146
91	147
91	154
91	155
91	156
91	157
91	158
91	159
91	160
91	161
91	162
91	163
91	164
91	165
91	166
91	167
91	168
91	175
91	176
91	177
91	178
91	179
91	180
91	181
91	182
91	183
91	184
91	185
91	186
91	187
91	188
91	189
91	196
91	197
91	198
91	199
91	200
91	201
91	202
91	203
91	204
91	205
91	206
91	207
91	208
91	209
91	210
91	217
91	218
91	219
91	220
91	221
91	222
91	223
91	224
91	225
91	226
91	227
91	228
91	229
91	230
91	231
91	238
91	239
91	240
91	241
91	242
91	243
91	244
91	245
91	246
91	247
91	248
91	249
91	250
91	251
91	252
91	259
91	260
91	261
91	262
91	263
91	264
91	265
91	266
91	267
91	268
91	269
91	270
91	271
91	272
91	273
91	280
91	281
91	282
91	283
91	284
91	285
91	286
91	287
91	288
91	289
91	290
91	291
91	292
91	293
91	294
91	301
91	302
91	303
91	304
91	305
91	306
91	307
91	308
91	309
91	310
91	311
91	312
91	313
91	314
91	315
91	322
91	323
91	324
91	325
91	326
91	327
91	328
91	329
91	330
91	331
91	332
91	333
91	334
91	335
91	336
91	343
91	344
91	345
91	346
91	347
91	348
91	349
91	350
91	351
91	352
91	353
91	354
91	355
91	356
91	357
91	364
91	365
91	366
91	367
91	368
91	369
91	370
91	371
91	372
91	373
91	374
91	375
91	376
91	377
91	378
91	385
91	386
91	387
91	388
91	389
91	390
91	391
91	392
91	393
91	394
91	395
91	396
91	397
91	398
91	399
91	406
91	407
91	408
91	409
91	410
91	411
91	412
91	413
91	414
91	415
91	416
91	417
91	418
91	419
91	420
91	427
91	428
91	429
91	430
91	431
91	432
91	433
91	434
91	435
91	436
91	437
91	438
91	439
91	440
91	441
92	93
92	94
92	95
92	96
92	97
92	98
92	99
92	100
92	101
92	102
92	103
92	104
92	105
92	113
92	114
92	115
92	116
92	117
92	118
92	119
92	120
92	121
92	122
92	123
92	124
92	125
92	126
92	134
92	135
92	136
92	137
92	138
92	139
92	140
92	141
92	142
92	143
92	144
92	145
92	146
92	147
92	155
92	156
92	157
92	158
92	159
92	160
92	161
92	162
92	163
92	164
92	165
92	166
92	167
92	168
92	176
92	177
92	178
92	179
92	180
92	181
92	182
92	183
92	184
92	185
92	186
92	187
92	188
92	189
92	197
92	198
92	199
92	200
92	201
92	202
92	203
92	204
92	205
92	206
92	207
92	208
92	209
92	210
92	218
92	219
92	220
92	221
92	222
92	223
92	224
92	225
92	226
92	227
92	228
92	229
92	230
92	231
92	239
92	240
92	241
92	242
92	243
92	244
92	245
92	246
92	247
92	248
92	249
92	250
92	251
92	252
92	260
92	261
92	262
92	263
92	264
92	265
92	266
92	267
92	268
92	269
92	270
92	271
92	272
92	273
92	281
92	282
92	283
92	284
92	285
92	286
92	287
92	288
92	289
92	290
92	291
92	292
92	293
92	294
92	302
92	303
92	304
92	305
92	306
92	307
92	308
92	309
92	310
92	311
92	312
92	313
92	314
92	315
92	323
92	324
92	325
92	326
92	327
92	328
92	329
92	330
92	331
92	332
92	333
92	334
92	335
92	336
92	344
92	345
92	346
92	347
92	348
92	349
92	350
92	351
92	352
92	353
92	354
92	355
92	356
92	357
92	365
92	366
92	367
92	368
92	369
92	370
92	371
92	372
92	373
92	374
92	375
92	376
92	377
92	378
92	386
92	387
92	388
92	389
92	390
92	391
92	392
92	393
92	394
92	395
92	396
92	397
92	398
92	399
92	407
92	408
92	409
92	410
92	411
92	412
92	413
92	414
92	415
92	416
92	417
92	418
92	419
92	420
92	428
92	429
92	430
92	431
92	432
92	433
92	434
92	435
92	436
92	437
92	438
92	439
92	440
92	441
93	94
93	95
93	96
93	97
93	98
93	99
93	100
93	101
93	102
93	103
93	104
93	105
93	114
93	115
93	116
93	117
93	118
93	119
93	120
93	121
93	122
93	123
93	124
93	125
93	126
93	135
93	136
93	137
93	138
93	139
93	140
93	141
93	142
93	143
93	144
93	145
93	146
93	147
93	156
93	157
93	158
93	159
93	160
93	161
93	162
93	163
93	164
93	165
93	166
93	167
93	168
93	177
93	178
93	179
93	180
93	181
93	182
93	183
93	184
93	185
93	186
93	187
93	188
93	189
93	198
93	199
93	200
93	201
93	202
93	203
93	204
93	205
93	206
93	207
93	208
93	209
93	210
93	219
93	220
93	221
93	222
93	223
93	224
93	225
93	226
93	227
93	228
93	229
93	230
93	231
93	240
93	241
93	242
93	243
93	244
93	245
93	246
93	247
93	248
93	249
93	250
93	251
93	252
93	261
93	262
93	263
93	264
93	265
93	266
93	267
93	268
93	269
93	270
93	271
93	272
93	273
93	282
93	283
93	284
93	285
93	286
93	287
93	288
93	289
93	290
93	291
93	292
93	293
93	294
93	303
93	304
93	305
93	306
93	307
93	308
93	309
93	310
93	311
93	312
93	313
93	314
93	315
93	324
93	325
93	326
93	327
93	328
93	329
93	330
93	331
93	332
93	333
93	334
93	335
93	336
93	345
93	346
93	347
93	348
93	349
93	350
93	351
93	352
93	353
93	354
93	355
93	356
93	357
93	366
93	367
93	368
93	369
93	370
93	371
93	372
93	373
93	374
93	375
93	376
93	377
93	378
93	387
93	388
93	389
93	390
93	391
93	392
93	393
93	394
93	395
93	396
93	397
93	398
93	399
93	408
93	409
93	410
93	411
93	412
93	413
93	414
93	415
93	416
93	417
93	418
93	419
93	420
93	429
93	430
93	431
93	432
93	433
93	434
93	435
93	436
93	437
93	438
93	439
93	440
93	441
94	95
94	96
94	97
94	98
94	99
94	100
94	101
94	102
94	103
94	104
94	105
94	115
94	116
94	117
94	118
94	119
94	120
94	121
94	122
94	123
94	124
94	125
94	126
94	136
94	137
94	138
94	139
94	140
94	141
94	142
94	143
94	144
94	145
94	146
94	147
94	157
94	158
94	159
94	160
94	161
94	162
94	163
94	164
94	165
94	166
94	167
94	168
94	178
94	179
94	180
94	181
94	182
94	183
94	184
94	185
94	186
94	187
94	188
94	189
94	199
94	200
94	201
94	202
94	203
94	204
94	205
94	206
94	207
94	208
94	209
94	210
94	220
94	221
94	222
94	223
94	224
94	225
94	226
94	227
94	228
94	229
94	230
94	231
94	241
94	242
94	243
94	244
94	245
94	246
94	247
94	248
94	249
94	250
94	251
94	252
94	262
94	263
94	264
94	265
94	266
94	267
94	268
94	269
94	270
94	271
94	272
94	273
94	283
94	284
94	285
94	286
94	287
94	288
94	289
94	290
94	291
94	292
94	293
94	294
94	304
94	305
94	306
94	307
94	308
94	309
94	310
94	311
94	312
94	313
94	314
94	315
94	325
94	326
94	327
94	328
94	329
94	330
94	331
94	332
94	333
94	334
94	335
94	336
94	346
94	347
94	348
94	349
94	350
94	351
94	352
94	353
94	354
94	355
94	356
94	357
94	367
94	368
94	369
94	370
94	371
94	372
94	373
94	374
94	375
94	376
94	377
94	378
94	388
94	389
94	390
94	391
94	392
94	393
94	394
94	395
94	396
94	397
94	398
94	399
94	409
94	410
94	411
94	412
94	413
94	414
94	415
94	416
94	417
94	418
94	419
94	420
94	430
94	431
94	432
94	433
94	434
94	435
94	436
94	437
94	438
94	439
94	440
94	441
95	96
95	97
95	98
95	99
95	100
95	101
95	102
95	103
95	104
95	105
95	116
95	117
95	118
95	119
95	120
95	121
95	122
95	123
95	124
95	125
95	126
95	137
95	138
95	139
95	140
95	141
95	142
95	143
95	144
95	145
95	146
95	147
95	158
95	159
95	160
95	161
95	162
95	163
95	164
95	165
95	166
95	167
95	168
95	179
95	180
95	181
95	182
95	183
95	184
95	185
95	186
95	187
95	188
95	189
95	200
95	201
95	202
95	203
95	204
95	205
95	206
95	207
95	208
95	209
95	210
95	221
95	222
95	223
95	224
95	225
95	226
95	227
95	228
95	229
95	230
95	231
95	242
95	243
95	244
95	245
95	246
95	247
95	248
95	249
95	250
95	251
95	252
95	263
95	264
95	265
95	266
95	267
95	268
95	269
95	270
95	271
95	272
95	273
95	284
95	285
95	286
95	287
95	288
95	289
95	290
95	291
95	292
95	293
95	294
95	305
95	306
95	307
95	308
95	309
95	310
95	311
95	312
95	313
95	314
95	315
95	326
95	327
95	328
95	329
95	330
95	331
95	332
95	333
95	334
95	335
95	336
95	347
95	348
95	349
95	350
95	351
95	352
95	353
95	354
95	355
95	356
95	357
95	368
95	369
95	370
95	371
95	372
95	373
95	374
95	375
95	376
95	377
95	378
95	389
95	390
95	391
95	392
95	393
95	394
95	395
95	396
95	397
95	398
95	399
95	410
95	411
95	412
95	413
95	414
95	415
95	416
95	417
95	418
95	419
95	420
95	431
95	432
95	433
95	434
95	435
95	436
95	437
95	438
95	439
95	440
95	441
96	97
96	98
96	99
96	100
96	101
96	102
96	103
96	104
96	105
96	117
96	118
96	119
96	120
96	121
96	122
96	123
96	124
96	125
96	126
96	138
96	139
96	140
96	141
96	142
96	143
96	144
96	145
96	146
96	147
96	159
96	160
96	161
96	162
96	163
96	164
96	165
96	166
96	167
96	168
96	180
96	181
96	182
96	183
96	184
96	185
96	186
96	187
96	188
96	189
96	201
96	202
96	203
96	204
96	205
96	206
96	207
96	208
96	209
96	210
96	222
96	223
96	224
96	225
96	226
96	227
96	228
96	229
96	230
96	231
96	243
96	244
96	245
96	246
96	247
96	248
96	249
96	250
96	251
96	252
96	264
96	265
96	266
96	267
96	268
96	269
96	270
96	271
96	272
96	273
96	285
96	286
96	287
96	288
96	289
96	290
96	291
96	292
96	293
96	294
96	306
96	307
96	308
96	309
96	310
96	311
96	312
96	313
96	314
96	315
96	327
96	328
96	329
96	330
96	331
96	332
96	333
96	334
96	335
96	336
96	348
96	349
96	350
96	351
96	352
96	353
96	354
96	355
96	356
96	357
96	369
96	370
96	371
96	372
96	373
96	374
96	375
96	376
96	377
96	378
96	390
96	391
96	392
96	393
96	394
96	395
96	396
96	397
96	398
96	399
96	411
96	412
96	413
96	414
96	415
96	416
96	417
96	418
96	419
96	420
96	432
96	433
96	434
96	435
96	436
96	437
96	438
96	439
96	440
96	441
97	98
97	99
97	100
97	101
97	102
97	103
97	104
97	105
97	118
97	119
97	120
97	121
97	122
97	123
97	124
97	125
97	126
97	139
97	140
97	141
97	142
97	143
97	144
97	145
97	146
97	147
97	160
97	161
97	162
97	163
97	164
97	165
97	166
97	167
97	168
97	181
97	182
97	183
97	184
97	185
97	186
97	187
97	188
97	189
97	202
97	203
97	204
97	205
97	206
97	207
97	208
97	209
97	210
97	223
97	224
97	225
97	226
97	227
97	228
97	229
97	230
97	231
97	244
97	245
97	246
97	247
97	248
97	249
97	250
97	251
97	252
97	265
97	266
97	267
97	268
97	269
97	270
97	271
97	272
97	273
97	286
97	287
97	288
97	289
97	290
97	291
97	292
97	293
97	294
97	307
97	308
97	309
97	310
97	311
97	312
97	313
97	314
97	315
97	328
97	329
97	330
97	331
97	332
97	333
97	334
97	335
97	336
97	349
97	350
97	351
97	352
97	353
97	354
97	355
97	356
97	357
97	370
97	371
97	372
97	373
97	374
97	375
97	376
97	377
97	378
97	391
97	392
97	393
97	394
97	395
97	396
97	397
97	398
97	399
97	412
97	413
97	414
97	415
97	416
97	417
97	418
97	419
97	420
97	433
97	434
97	435
97	436
97	437
97	438
97	439
97	440
97	441
98	99
98	100
98	101
98	102
98	103
98	104
98	105
98	119
98	120
98	121
98	122
98	123
98	124
98	125
98	126
98	140
98	141
98	142
98	143
98	144
98	145
98	146
98	147
98	161
98	162
98	163
98	164
98	165
98	166
98	167
98	168
98	182
98	183
98	184
98	185
98	186
98	187
98	188
98	189
98	203
98	204
98	205
98	206
98	207
98	208
98	209
98	210
98	224
98	225
98	226
98	227
98	228
98	229
98	230
98	231
98	245
98	246
98	247
98	248
98	249
98	250
98	251
98	252
98	266
98	267
98	268
98	269
98	270
98	271
98	272
98	273
98	287
98	288
98	289
98	290
98	291
98	292
98	293
98	294
98	308
98	309
98	310
98	311
98	312
98	313
98	314
98	315
98	329
98	330
98	331
98	332
98	333
98	334
98	335
98	336
98	350
98	351
98	352
98	353
98	354
98	355
98	356
98	357
98	371
98	372
98	373
98	374
98	375
98	376
98	377
98	378
98	392
98	393
98	394
98	395
98	396
98	397
98	398
98	399
98	413
98	414
98	415
98	416
98	417
98	418
98	419
98	420
98	434
98	435
98	436
98	437
98	438
98	439
98	440
98	441
99	100
99	101
99	102
99	103
99	104
99	105
99	120
99	121
99	122
99	123
99	124
99	125
99	126
99	141
99	142
99	143
99	144
99	145
99	146
99	147
99	162
99	163
99	164
99	165
99	166
99	167
99	168
99	183
99	184
99	185
99	186
99	187
99	188
99	189
99	204
99	205
99	206
99	207
99	208
99	209
99	210
99	225
99	226
99	227
99	228
99	229
99	230
99	231
99	246
99	247
99	248
99	249
99	250
99	251
99	252
99	267
99	268
99	269
99	270
99	271
99	272
99	273
99	288
99	289
99	290
99	291
99	292
99	293
99	294
99	309
99	310
99	311
99	312
99	313
99	314
99	315
99	330
99	331
99	332
99	333
99	334
99	335
99	336
99	351
99	352
99	353
99	354
99	355
99	356
99	357
99	372
99	373
99	374
99	375
99	376
99	377
99	378
99	393
99	394
99	395
99	396
99	397
99	398
99	399
99	414
99	415
99	416
99	417
99	418
99	419
99	420
99	435
99	436
99	437
99	438
99	439
99	440
99	441
100	101
100	102
100	103
100	104
100	105
100	121
100	122
100	123
100	124
100	125
100	126
100	142
100	143
100	144
100	145
100	146
100	147
100	163
100	164
100	165
100	166
100	167
100	168
100	184
100	185
100	186
100	187
100	188
100	189
100	205
100	206
100	207
100	208
100	209
100	210
100	226
100	227
100	228
100	229
100	230
100	231
100	247
100	248
100	249
100	250
100	251
100	252
100	268
100	269
100	270
100	271
100	272
100	273
100	289
100	290
100	291
100	292
100	293
100	294
100	310
100	311
100	312
100	313
100	314
100	315
100	331
100	332
100	333
100	334
100	335
100	336
100	352
100	353
100	354
100	355
100	356
100	357
100	373
100	374
100	375
100	376
100	377
100	378
100	394
100	395
100	396
100	397
100	398
100	399
100	415
100	416
100	417
100	418
100	419
100	420
100	436
100	437
100	438
100	439
100	440
100	441
101	102
101	103
101	104
101	105
101	122
101	123
101	124
101	125
101	126
101	143
101	144
101	145
101	146
101	147
101	164
101	165
101	166
101	167
101	168
101	185
101	186
101	187
101	188
101	189
101	206
101	207
101	208
101	209
101	210
101	227
101	228
101	229
101	230
101	231
101	248
101	249
101	250
101	251
101	252
101	269
101	270
101	271
101	272
101	273
101	290
101	291
101	292
101	293
101	294
101	311
101	312
101	313
101	314
101	315
101	332
101	333
101	334
101	335
101	336
101	353
101	354
101	355
101	356
101	357
101	374
101	375
101	376
101	377
101	378
101	395
101	396
101	397
101	398
101	399
101	416
101	417
101	418
101	419
101	420
101	437
101	438
101	439
101	440
101	441
102	103
102	104
102	105
102	123
102	124
102	125
102	126
102	144
102	145
102	146
102	147
102	165
102	166
102	167
102	168
102	186
102	187
102	188
102	189
102	207
102	208
102	209
102	210
102	228
102	229
102	230
102	231
102	249
102	250
102	251
102	252
102	270
102	271
102	272
102	273
102	291
102	292
102	293
102	294
102	312
102	313
102	314
102	315
102	333
102	334
102	335
102	336
102	354
102	355
102	356
102	357
102	375
102	376
102	377
102	378
102	396
102	397
102	398
102	399
102	417
102	418
102	419
102	420
102	438
102	439
102	440
102	441
103	104
103	105
103	124
103	125
103	126
103	145
103	146
103	147
103	166
103	167
103	168
103	187
103	188
103	189
103	208
103	209
103	210
103	229
103	230
103	231
103	250
103	251
103	252
103	271
103	272
103	273
103	292
103	293
103	294
103	313
103	314
103	315
103	334
103	335
103	336
103	355
103	356
103	357
103	376
103	377
103	378
103	397
103	398
103	399
103	418
103	419
103	420
103	439
103	440
103	441
104	105
104	125
104	126
104	146
104	147
104	167
104	168
104	188
104	189
104	209
104	210
104	230
104	231
104	251
104	252
104	272
104	273
104	293
104	294
104	314
104	315
104	335
104	336
104	356
104	357
104	377
104	378
104	398
104	399
104	419
104	420
104	440
104	441
105	126
105	147
105	168
105	189
105	210
105	231
105	252
105	273
105	294
105	315
105	336
105	357
105	378
105	399
105	420
105	441
106	107
106	108
106	109
106	110
106	111
106	112
106	113
106	114
106	115
106	116
106	117
106	118
106	119
106	120
106	121
106	122
106	123
106	124
106	125
106	126
106	127
106	128
106	129
106	130
106	131
106	132
106	133
106	134
106	135
106	136
106	137
106	138
106	139
106	140
106	141
106	142
106	143
106	144
106	145
106	146
106	147
106	148
106	149
106	150
106	151
106	152
106	153
106	154
106	155
106	156
106	157
106	158
106	159
106	160
106	161
106	162
106	163
106	164
106	165
106	166
106	167
106	168
106	169
106	170
106	171
106	172
106	173
106	174
106	175
106	176
106	177
106	178
106	179
106	180
106	181
106	182
106	183
106	184
106	185
106	186
106	187
106	188
106	189
106	190
106	191
106	192
106	193
106	194
106	195
106	196
106	197
106	198
106	199
106	200
106	201
106	202
106	203
106	204
106	205
106	206
106	207
106	208
106	209
106	210
106	211
106	212
106	213
106	214
106	215
106	216
106	217
106	218
106	219
106	220
106	221
106	222
106	223
106	224
106	225
106	226
106	227
106	228
106	229
106	230
106	231
106	232
106	233
106	234
106	235
106	236
106	237
106	238
106	239
106	240
106	241
106	242
106	243
106	244
106	245
106	246
106	247
106	248
106	249
106	250
106	251
106	252
106	253
106	254
106	255
106	256
106	257
106	258
106	259
106	260
106	261
106	262
106	263
106	264
106	265
106	266
106	267
106	268
106	269
106	270
106	271
106	272
106	273
106	274
106	275
106	276
106	277
106	278
106	279
106	280
106	281
106	282
106	283
106	284
106	285
106	286
106	287
106	288
106	289
106	290
106	291
106	292
106	293
106	294
106	295
106	296
106	297
106	298
106	299
106	300
106	301
106	302
106	303
106	304
106	305
106	306
106	307
106	308
106	309
106	310
106	311
106	312
106	313
106	314
106	315
106	316
106	317
106	318
106	319
106	320
106	321
106	322
106	323
106	324
106	325
106	326
106	327
106	328
106	329
106	330
106	331
106	332
106	333
106	334
106	335
106	336
106	337
106	338
106	339
106	340
106	341
106	342
106	343
106	344
106	345
106	346
106	347
106	348
106	349
106	350
106	351
106	352
106	353
106	354
106	355
106	356
106	357
106	358
106	359
106	360
106	361
106	362
106	363
106	364
106	365
106	366
106	367
106	368
106	369
106	370
106	371
106	372
106	373
106	374
106	375
106	376
106	377
106	378
106	379
106	380
106	381
106	382
106	383
106	384
106	385
106	386
106	387
106	388
106	389
106	390
106	391
106	392
106	393
106	394
106	395
106	396
106	397
106	398
106	399
106	400
106	401
106	402
106	403
106	404
106	405
106	406
106	407
106	408
106	409
106	410
106	411
106	412
106	413
106	414
106	415
106	416
106	417
106	418
106	419
106	420
106	421
106	422
106	423
106	424
106	425
106	426
106	427
106	428
106	429
106	430
106	431
106	432
106	433
106	434
106	435
106	436
106	437
106	438
106	439
106	440
106	441
107	108
107	109
107	110
107	111
107	112
107	113
107	114
107	115
107	116
107	117
107	118
107	119
107	120
107	121
107	122
107	123
107	124
107	125
107	126
107	128
107	129
107	130
107	131
107	132
107	133
107	134
107	135
107	136
107	137
107	138
107	139
107	140
107	141
107	142
107	143
107	144
107	145
107	146
107	147
107	149
107	150
107	151
107	152
107	153
107	154
107	155
107	156
107	157
107	158
107	159
107	160
107	161
107	162
107	163
107	164
107	165
107	166
107	167
107	168
107	170
107	171
107	172
107	173
107	174
107	175
107	176
107	177
107	178
107	179
107	180
107	181
107	182
107	183
107	184
107	185
107	186
107	187
107	188
107	189
107	191
107	192
107	193
107	194
107	195
107	196
107	197
107	198
107	199
107	200
107	201
107	202
107	203
107	204
107	205
107	206
107	207
107	208
107	209
107	210
107	212
107	213
107	214
107	215
107	216
107	217
107	218
107	219
107	220
107	221
107	222
107	223
107	224
107	225
107	226
107	227
107	228
107	229
107	230
107	231
107	233
107	234
107	235
107	236
107	237
107	238
107	239
107	240
107	241
107	242
107	243
107	244
107	245
107	246
107	247
107	248
107	249
107	250
107	251
107	252
107	254
107	255
107	256
107	257
107	258
107	259
107	260
107	261
107	262
107	263
107	264
107	265
107	266
107	267
107	268
107	269
107	270
107	271
107	272
107	273
107	275
107	276
107	277
107	278
107	279
107	280
107	281
107	282
107	283
107	284
107	285
107	286
107	287
107	288
107	289
107	290
107	291
107	292
107	293
107	294
107	296
107	297
107	298
107	299
107	300
107	301
107	302
107	303
107	304
107	305
107	306
107	307
107	308
107	309
107	310
107	311
107	312
107	313
107	314
107	315
107	317
107	318
107	319
107	320
107	321
107	322
107	323
107	324
107	325
107	326
107	327
107	328
107	329
107	330
107	331
107	332
107	333
107	334
107	335
107	336
107	338
107	339
107	340
107	341
107	342
107	343
107	344
107	345
107	346
107	347
107	348
107	349
107	350
107	351
107	352
107	353
107	354
107	355
107	356
107	357
107	359
107	360
107	361
107	362
107	363
107	364
107	365
107	366
107	367
107	368
107	369
107	370
107	371
107	372
107	373
107	374
107	375
107	376
107	377
107	378
107	380
107	381
107	382
107	383
107	384
107	385
107	386
107	387
107	388
107	389
107	390
107	391
107	392
107	393
107	394
107	395
107	396
107	397
107	398
107	399
107	401
107	402
107	403
107	404
107	405
107	406
107	407
107	408
107	409
107	410
107	411
107	412
107	413
107	414
107	415
107	416
107	417
107	418
107	419
107	420
107	422
107	423
107	424
107	425
107	426
107	427
107	428
107	429
107	430
107	431
107	432
107	433
107	434
107	435
107	436
107	437
107	438
107	439
107	440
107	441
108	109
108	110
108	111
108	112
108	113
108	114
108	115
108	116
108	117
108	118
108	119
108	120
108	121
108	122
108	123
108	124
108	125
108	126
108	129
108	130
108	131
108	132
108	133
108	134
108	135
108	136
108	137
108	138
108	139
108	140
108	141
108	142
108	143
108	144
108	145
108	146
108	147
108	150
108	151
108	152
108	153
108	154
108	155
108	156
108	157
108	158
108	159
108	160
108	161
108	162
108	163
108	164
108	165
108	166
108	167
108	168
108	171
108	172
108	173
108	174
108	175
108	176
108	177
108	178
108	179
108	180
108	181
108	182
108	183
108	184
108	185
108	186
108	187
108	188
108	189
108	192
108	193
108	194
108	195
108	196
108	197
108	198
108	199
108	200
108	201
108	202
108	203
108	204
108	205
108	206
108	207
108	208
108	209
108	210
108	213
108	214
108	215
108	216
108	217
108	218
108	219
108	220
108	221
108	222
108	223
108	224
108	225
108	226
108	227
108	228
108	229
108	230
108	231
108	234
108	235
108	236
108	237
108	238
108	239
108	240
108	241
108	242
108	243
108	244
108	245
108	246
108	247
108	248
108	249
108	250
108	251
108	252
108	255
108	256
108	257
108	258
108	259
108	260
108	261
108	262
108	263
108	264
108	265
108	266
108	267
108	268
108	269
108	270
108	271
108	272
108	273
108	276
108	277
108	278
108	279
108	280
108	281
108	282
108	283
108	284
108	285
108	286
108	287
108	288
108	289
108	290
108	291
108	292
108	293
108	294
108	297
108	298
108	299
108	300
108	301
108	302
108	303
108	304
108	305
108	306
108	307
108	308
108	309
108	310
108	311
108	312
108	313
108	314
108	315
108	318
108	319
108	320
108	321
108	322
108	323
108	324
108	325
108	326
108	327
108	328
108	329
108	330
108	331
108	332
108	333
108	334
108	335
108	336
108	339
108	340
108	341
108	342
108	343
108	344
108	345
108	346
108	347
108	348
108	349
108	350
108	351
108	352
108	353
108	354
108	355
108	356
108	357
108	360
108	361
108	362
108	363
108	364
108	365
108	366
108	367
108	368
108	369
108	370
108	371
108	372
108	373
108	374
108	375
108	376
108	377
108	378
108	381
108	382
108	383
108	384
108	385
108	386
108	387
108	388
108	389
108	390
108	391
108	392
108	393
108	394
108	395
108	396
108	397
108	398
108	399
108	402
108	403
108	404
108	405
108	406
108	407
108	408
108	409
108	410
108	411
108	412
108	413
108	414
108	415
108	416
108	417
108	418
108	419
108	420
108	423
108	424
108	425
108	426
108	427
108	428
108	429
108	430
108	431
108	432
108	433
108	434
108	435
108	436
108	437
108	438
108	439
108	440
108	441
109	110
109	111
109	112
109	113
109	114
109	115
109	116
109	117
109	118
109	119
109	120
109	121
109	122
109	123
109	124
109	125
109	126
109	130
109	131
109	132
109	133
109	134
109	135
109	136
109	137
109	138
109	139
109	140
109	141
109	142
109	143
109	144
109	145
109	146
109	147
109	151
109	152
109	153
109	154
109	155
109	156
109	157
109	158
109	159
109	160
109	161
109	162
109	163
109	164
109	165
109	166
109	167
109	168
109	172
109	173
109	174
109	175
109	176
109	177
109	178
109	179
109	180
109	181
109	182
109	183
109	184
109	185
109	186
109	187
109	188
109	189
109	193
109	194
109	195
109	196
109	197
109	198
109	199
109	200
109	201
109	202
109	203
109	204
109	205
109	206
109	207
109	208
109	209
109	210
109	214
109	215
109	216
109	217
109	218
109	219
109	220
109	221
109	222
109	223
109	224
109	225
109	226
109	227
109	228
109	229
109	230
109	231
109	235
109	236
109	237
109	238
109	239
109	240
109	241
109	242
109	243
109	244
109	245
109	246
109	247
109	248
109	249
109	250
109	251
109	252
109	256
109	257
109	258
109	259
109	260
109	261
109	262
109	263
109	264
109	265
109	266
109	267
109	268
109	269
109	270
109	271
109	272
109	273
109	277
109	278
109	279
109	280
109	281
109	282
109	283
109	284
109	285
109	286
109	287
109	288
109	289
109	290
109	291
109	292
109	293
109	294
109	298
109	299
109	300
109	301
109	302
109	303
109	304
109	305
109	306
109	307
109	308
109	309
109	310
109	311
109	312
109	313
109	314
109	315
109	319
109	320
109	321
109	322
109	323
109	324
109	325
109	326
109	327
109	328
109	329
109	330
109	331
109	332
109	333
109	334
109	335
109	336
109	340
109	341
109	342
109	343
109	344
109	345
109	346
109	347
109	348
109	349
109	350
109	351
109	352
109	353
109	354
109	355
109	356
109	357
109	361
109	362
109	363
109	364
109	365
109	366
109	367
109	368
109	369
109	370
109	371
109	372
109	373
109	374
109	375
109	376
109	377
109	378
109	382
109	383
109	384
109	385
109	386
109	387
109	388
109	389
109	390
109	391
109	392
109	393
109	394
109	395
109	396
109	397
109	398
109	399
109	403
109	404
109	405
109	406
109	407
109	408
109	409
109	410
109	411
109	412
109	413
109	414
109	415
109	416
109	417
109	418
109	419
109	420
109	424
109	425
109	426
109	427
109	428
109	429
109	430
109	431
109	432
109	433
109	434
109	435
109	436
109	437
109	438
109	439
109	440
109	441
110	111
110	112
110	113
110	114
110	115
110	116
110	117
110	118
110	119
110	120
110	121
110	122
110	123
110	124
110	125
110	126
110	131
110	132
110	133
110	134
110	135
110	136
110	137
110	138
110	139
110	140
110	141
110	142
110	143
110	144
110	145
110	146
110	147
110	152
110	153
110	154
110	155
110	156
110	157
110	158
110	159
110	160
110	161
110	162
110	163
110	164
110	165
110	166
110	167
110	168
110	173
110	174
110	175
110	176
110	177
110	178
110	179
110	180
110	181
110	182
110	183
110	184
110	185
110	186
110	187
110	188
110	189
110	194
110	195
110	196
110	197
110	198
110	199
110	200
110	201
110	202
110	203
110	204
110	205
110	206
110	207
110	208
110	209
110	210
110	215
110	216
110	217
110	218
110	219
110	220
110	221
110	222
110	223
110	224
110	225
110	226
110	227
110	228
110	229
110	230
110	231
110	236
110	237
110	238
110	239
110	240
110	241
110	242
110	243
110	244
110	245
110	246
110	247
110	248
110	249
110	250
110	251
110	252
110	257
110	258
110	259
110	260
110	261
110	262
110	263
110	264
110	265
110	266
110	267
110	268
110	269
110	270
110	271
110	272
110	273
110	278
110	279
110	280
110	281
110	282
110	283
110	284
110	285
110	286
110	287
110	288
110	289
110	290
110	291
110	292
110	293
110	294
110	299
110	300
110	301
110	302
110	303
110	304
110	305
110	306
110	307
110	308
110	309
110	310
110	311
110	312
110	313
110	314
110	315
110	320
110	321
110	322
110	323
110	324
110	325
110	326
110	327
110	328
110	329
110	330
110	331
110	332
110	333
110	334
110	335
110	336
110	341
110	342
110	343
110	344
110	345
110	346
110	347
110	348
110	349
110	350
110	351
110	352
110	353
110	354
110	355
110	356
110	357
110	362
110	363
110	364
110	365
110	366
110	367
110	368
110	369
110	370
110	371
110	372
110	373
110	374
110	375
110	376
110	377
110	378
110	383
110	384
110	385
110	386
110	387
110	388
110	389
110	390
110	391
110	392
110	393
110	394
110	395
110	396
110	397
110	398
110	399
110	404
110	405
110	406
110	407
110	408
110	409
110	410
110	411
110	412
110	413
110	414
110	415
110	416
110	417
110	418
110	419
110	420
110	425
110	426
110	427
110	428
110	429
110	430
110	431
110	432
110	433
110	434
110	435
110	436
110	437
110	438
110	439
110	440
110	441
111	112
111	113
111	114
111	115
111	116
111	117
111	118
111	119
111	120
111	121
111	122
111	123
111	124
111	125
111	126
111	132
111	133
111	134
111	135
111	136
111	137
111	138
111	139
111	140
111	141
111	142
111	143
111	144
111	145
111	146
111	147
111	153
111	154
111	155
111	156
111	157
111	158
111	159
111	160
111	161
111	162
111	163
111	164
111	165
111	166
111	167
111	168
111	174
111	175
111	176
111	177
111	178
111	179
111	180
111	181
111	182
111	183
111	184
111	185
111	186
111	187
111	188
111	189
111	195
111	196
111	197
111	198
111	199
111	200
111	201
111	202
111	203
111	204
111	205
111	206
111	207
111	208
111	209
111	210
111	216
111	217
111	218
111	219
111	220
111	221
111	222
111	223
111	224
111	225
111	226
111	227
111	228
111	229
111	230
111	231
111	237
111	238
111	239
111	240
111	241
111	242
111	243
111	244
111	245
111	246
111	247
111	248
111	249
111	250
111	251
111	252
111	258
111	259
111	260
111	261
111	262
111	263
111	264
111	265
111	266
111	267
111	268
111	269
111	270
111	271
111	272
111	273
111	279
111	280
111	281
111	282
111	283
111	284
111	285
111	286
111	287
111	288
111	289
111	290
111	291
111	292
111	293
111	294
111	300
111	301
111	302
111	303
111	304
111	305
111	306
111	307
111	308
111	309
111	310
111	311
111	312
111	313
111	314
111	315
111	321
111	322
111	323
111	324
111	325
111	326
111	327
111	328
111	329
111	330
111	331
111	332
111	333
111	334
111	335
111	336
111	342
111	343
111	344
111	345
111	346
111	347
111	348
111	349
111	350
111	351
111	352
111	353
111	354
111	355
111	356
111	357
111	363
111	364
111	365
111	366
111	367
111	368
111	369
111	370
111	371
111	372
111	373
111	374
111	375
111	376
111	377
111	378
111	384
111	385
111	386
111	387
111	388
111	389
111	390
111	391
111	392
111	393
111	394
111	395
111	396
111	397
111	398
111	399
111	405
111	406
111	407
111	408
111	409
111	410
111	411
111	412
111	413
111	414
111	415
111	416
111	417
111	418
111	419
111	420
111	426
111	427
111	428
111	429
111	430
111	431
111	432
111	433
111	434
111	435
111	436
111	437
111	438
111	439
111	440
111	441
112	113
112	114
112	115
112	116
112	117
112	118
112	119
112	120
112	121
112	122
112	123
112	124
112	125
112	126
112	133
112	134
112	135
112	136
112	137
112	138
112	139
112	140
112	141
112	142
112	143
112	144
112	145
112	146
112	147
112	154
112	155
112	156
112	157
112	158
112	159
112	160
112	161
112	162
112	163
112	164
112	165
112	166
112	167
112	168
112	175
112	176
112	177
112	178
112	179
112	180
112	181
112	182
112	183
112	184
112	185
112	186
112	187
112	188
112	189
112	196
112	197
112	198
112	199
112	200
112	201
112	202
112	203
112	204
112	205
112	206
112	207
112	208
112	209
112	210
112	217
112	218
112	219
112	220
112	221
112	222
112	223
112	224
112	225
112	226
112	227
112	228
112	229
112	230
112	231
112	238
112	239
112	240
112	241
112	242
112	243
112	244
112	245
112	246
112	247
112	248
112	249
112	250
112	251
112	252
112	259
112	260
112	261
112	262
112	263
112	264
112	265
112	266
112	267
112	268
112	269
112	270
112	271
112	272
112	273
112	280
112	281
112	282
112	283
112	284
112	285
112	286
112	287
112	288
112	289
112	290
112	291
112	292
112	293
112	294
112	301
112	302
112	303
112	304
112	305
112	306
112	307
112	308
112	309
112	310
112	311
112	312
112	313
112	314
112	315
112	322
112	323
112	324
112	325
112	326
112	327
112	328
112	329
112	330
112	331
112	332
112	333
112	334
112	335
112	336
112	343
112	344
112	345
112	346
112	347
112	348
112	349
112	350
112	351
112	352
112	353
112	354
112	355
112	356
112	357
112	364
112	365
112	366
112	367
112	368
112	369
112	370
112	371
112	372
112	373
112	374
112	375
112	376
112	377
112	378
112	385
112	386
112	387
112	388
112	389
112	390
112	391
112	392
112	393
112	394
112	395
112	396
112	397
112	398
112	399
112	406
112	407
112	408
112	409
112	410
112	411
112	412
112	413
112	414
112	415
112	416
112	417
112	418
112	419
112	420
112	427
112	428
112	429
112	430
112	431
112	432
112	433
112	434
112	435
112	436
112	437
112	438
112	439
112	440
112	441
113	114
113	115
113	116
113	117
113	118
113	119
113	120
113	121
113	122
113	123
113	124
113	125
113	126
113	134
113	135
113	136
113	137
113	138
113	139
113	140
113	141
113	142
113	143
113	144
113	145
113	146
113	147
113	155
113	156
113	157
113	158
113	159
113	160
113	161
113	162
113	163
113	164
113	165
113	166
113	167
113	168
113	176
113	177
113	178
113	179
113	180
113	181
113	182
113	183
113	184
113	185
113	186
113	187
113	188
113	189
113	197
113	198
113	199
113	200
113	201
113	202
113	203
113	204
113	205
113	206
113	207
113	208
113	209
113	210
113	218
113	219
113	220
113	221
113	222
113	223
113	224
113	225
113	226
113	227
113	228
113	229
113	230
113	231
113	239
113	240
113	241
113	242
113	243
113	244
113	245
113	246
113	247
113	248
113	249
113	250
113	251
113	252
113	260
113	261
113	262
113	263
113	264
113	265
113	266
113	267
113	268
113	269
113	270
113	271
113	272
113	273
113	281
113	282
113	283
113	284
113	285
113	286
113	287
113	288
113	289
113	290
113	291
113	292
113	293
113	294
113	302
113	303
113	304
113	305
113	306
113	307
113	308
113	309
113	310
113	311
113	312
113	313
113	314
113	315
113	323
113	324
113	325
113	326
113	327
113	328
113	329
113	330
113	331
113	332
113	333
113	334
113	335
113	336
113	344
113	345
113	346
113	347
113	348
113	349
113	350
113	351
113	352
113	353
113	354
113	355
113	356
113	357
113	365
113	366
113	367
113	368
113	369
113	370
113	371
113	372
113	373
113	374
113	375
113	376
113	377
113	378
113	386
113	387
113	388
113	389
113	390
113	391
113	392
113	393
113	394
113	395
113	396
113	397
113	398
113	399
113	407
113	408
113	409
113	410
113	411
113	412
113	413
113	414
113	415
113	416
113	417
113	418
113	419
113	420
113	428
113	429
113	430
113	431
113	432
113	433
113	434
113	435
113	436
113	437
113	438
113	439
113	440
113	441
114	115
114	116
114	117
114	118
114	119
114	120
114	121
114	122
114	123
114	124
114	125
114	126
114	135
114	136
114	137
114	138
114	139
114	140
114	141
114	142
114	143
114	144
114	145
114	146
114	147
114	156
114	157
114	158
114	159
114	160
114	161
114	162
114	163
114	164
114	165
114	166
114	167
114	168
114	177
114	178
114	179
114	180
114	181
114	182
114	183
114	184
114	185
114	186
114	187
114	188
114	189
114	198
114	199
114	200
114	201
114	202
114	203
114	204
114	205
114	206
114	207
114	208
114	209
114	210
114	219
114	220
114	221
114	222
114	223
114	224
114	225
114	226
114	227
114	228
114	229
114	230
114	231
114	240
114	241
114	242
114	243
114	244
114	245
114	246
114	247
114	248
114	249
114	250
114	251
114	252
114	261
114	262
114	263
114	264
114	265
114	266
114	267
114	268
114	269
114	270
114	271
114	272
114	273
114	282
114	283
114	284
114	285
114	286
114	287
114	288
114	289
114	290
114	291
114	292
114	293
114	294
114	303
114	304
114	305
114	306
114	307
114	308
114	309
114	310
114	311
114	312
114	313
114	314
114	315
114	324
114	325
114	326
114	327
114	328
114	329
114	330
114	331
114	332
114	333
114	334
114	335
114	336
114	345
114	346
114	347
114	348
114	349
114	350
114	351
114	352
114	353
114	354
114	355
114	356
114	357
114	366
114	367
114	368
114	369
114	370
114	371
114	372
114	373
114	374
114	375
114	376
114	377
114	378
114	387
114	388
114	389
114	390
114	391
114	392
114	393
114	394
114	395
114	396
114	397
114	398
114	399
114	408
114	409
114	410
114	411
114	412
114	413
114	414
114	415
114	416
114	417
114	418
114	419
114	420
114	429
114	430
114	431
114	432
114	433
114	434
114	435
114	436
114	437
114	438
114	439
114	440
114	441
115	116
115	117
115	118
115	119
115	120
115	121
115	122
115	123
115	124
115	125
115	126
115	136
115	137
115	138
115	139
115	140
115	141
115	142
115	143
115	144
115	145
115	146
115	147
115	157
115	158
115	159
115	160
115	161
115	162
115	163
115	164
115	165
115	166
115	167
115	168
115	178
115	179
115	180
115	181
115	182
115	183
115	184
115	185
115	186
115	187
115	188
115	189
115	199
115	200
115	201
115	202
115	203
115	204
115	205
115	206
115	207
115	208
115	209
115	210
115	220
115	221
115	222
115	223
115	224
115	225
115	226
115	227
115	228
115	229
115	230
115	231
115	241
115	242
115	243
115	244
115	245
115	246
115	247
115	248
115	249
115	250
115	251
115	252
115	262
115	263
115	264
115	265
115	266
115	267
115	268
115	269
115	270
115	271
115	272
115	273
115	283
115	284
115	285
115	286
115	287
115	288
115	289
115	290
115	291
115	292
115	293
115	294
115	304
115	305
115	306
115	307
115	308
115	309
115	310
115	311
115	312
115	313
115	314
115	315
115	325
115	326
115	327
115	328
115	329
115	330
115	331
115	332
115	333
115	334
115	335
115	336
115	346
115	347
115	348
115	349
115	350
115	351
115	352
115	353
115	354
115	355
115	356
115	357
115	367
115	368
115	369
115	370
115	371
115	372
115	373
115	374
115	375
115	376
115	377
115	378
115	388
115	389
115	390
115	391
115	392
115	393
115	394
115	395
115	396
115	397
115	398
115	399
115	409
115	410
115	411
115	412
115	413
115	414
115	415
115	416
115	417
115	418
115	419
115	420
115	430
115	431
115	432
115	433
115	434
115	435
115	436
115	437
115	438
115	439
115	440
115	441
116	117
116	118
116	119
116	120
116	121
116	122
116	123
116	124
116	125
116	126
116	137
116	138
116	139
116	140
116	141
116	142
116	143
116	144
116	145
116	146
116	147
116	158
116	159
116	160
116	161
116	162
116	163
116	164
116	165
116	166
116	167
116	168
116	179
116	180
116	181
116	182
116	183
116	184
116	185
116	186
116	187
116	188
116	189
116	200
116	201
116	202
116	203
116	204
116	205
116	206
116	207
116	208
116	209
116	210
116	221
116	222
116	223
116	224
116	225
116	226
116	227
116	228
116	229
116	230
116	231
116	242
116	243
116	244
116	245
116	246
116	247
116	248
116	249
116	250
116	251
116	252
116	263
116	264
116	265
116	266
116	267
116	268
116	269
116	270
116	271
116	272
116	273
116	284
116	285
116	286
116	287
116	288
116	289
116	290
116	291
116	292
116	293
116	294
116	305
116	306
116	307
116	308
116	309
116	310
116	311
116	312
116	313
116	314
116	315
116	326
116	327
116	328
116	329
116	330
116	331
116	332
116	333
116	334
116	335
116	336
116	347
116	348
116	349
116	350
116	351
116	352
116	353
116	354
116	355
116	356
116	357
116	368
116	369
116	370
116	371
116	372
116	373
116	374
116	375
116	376
116	377
116	378
116	389
116	390
116	391
116	392
116	393
116	394
116	395
116	396
116	397
116	398
116	399
116	410
116	411
116	412
116	413
116	414
116	415
116	416
116	417
116	418
116	419
116	420
116	431
116	432
116	433
116	434
116	435
116	436
116	437
116	438
116	439
116	440
116	441
117	118
117	119
117	120
117	121
117	122
117	123
117	124
117	125
117	126
117	138
117	139
117	140
117	141
117	142
117	143
117	144
117	145
117	146
117	147
117	159
117	160
117	161
117	162
117	163
117	164
117	165
117	166
117	167
117	168
117	180
117	181
117	182
117	183
117	184
117	185
117	186
117	187
117	188
117	189
117	201
117	202
117	203
117	204
117	205
117	206
117	207
117	208
117	209
117	210
117	222
117	223
117	224
117	225
117	226
117	227
117	228
117	229
117	230
117	231
117	243
117	244
117	245
117	246
117	247
117	248
117	249
117	250
117	251
117	252
117	264
117	265
117	266
117	267
117	268
117	269
117	270
117	271
117	272
117	273
117	285
117	286
117	287
117	288
117	289
117	290
117	291
117	292
117	293
117	294
117	306
117	307
117	308
117	309
117	310
117	311
117	312
117	313
117	314
117	315
117	327
117	328
117	329
117	330
117	331
117	332
117	333
117	334
117	335
117	336
117	348
117	349
117	350
117	351
117	352
117	353
117	354
117	355
117	356
117	357
117	369
117	370
117	371
117	372
117	373
117	374
117	375
117	376
117	377
117	378
117	390
117	391
117	392
117	393
117	394
117	395
117	396
117	397
117	398
117	399
117	411
117	412
117	413
117	414
117	415
117	416
117	417
117	418
117	419
117	420
117	432
117	433
117	434
117	435
117	436
117	437
117	438
117	439
117	440
117	441
118	119
118	120
118	121
118	122
118	123
118	124
118	125
118	126
118	139
118	140
118	141
118	142
118	143
118	144
118	145
118	146
118	147
118	160
118	161
118	162
118	163
118	164
118	165
118	166
118	167
118	168
118	181
118	182
118	183
118	184
118	185
118	186
118	187
118	188
118	189
118	202
118	203
118	204
118	205
118	206
118	207
118	208
118	209
118	210
118	223
118	224
118	225
118	226
118	227
118	228
118	229
118	230
118	231
118	244
118	245
118	246
118	247
118	248
118	249
118	250
118	251
118	252
118	265
118	266
118	267
118	268
118	269
118	270
118	271
118	272
118	273
118	286
118	287
118	288
118	289
118	290
118	291
118	292
118	293
118	294
118	307
118	308
118	309
118	310
118	311
118	312
118	313
118	314
118	315
118	328
118	329
118	330
118	331
118	332
118	333
118	334
118	335
118	336
118	349
118	350
118	351
118	352
118	353
118	354
118	355
118	356
118	357
118	370
118	371
118	372
118	373
118	374
118	375
118	376
118	377
118	378
118	391
118	392
118	393
118	394
118	395
118	396
118	397
118	398
118	399
118	412
118	413
118	414
118	415
118	416
118	417
118	418
118	419
118	420
118	433
118	434
118	435
118	436
118	437
118	438
118	439
118	440
118	441
119	120
119	121
119	122
119	123
119	124
119	125
119	126
119	140
119	141
119	142
119	143
119	144
119	145
119	146
119	147
119	161
119	162
119	163
119	164
119	165
119	166
119	167
119	168
119	182
119	183
119	184
119	185
119	186
119	187
119	188
119	189
119	203
119	204
119	205
119	206
119	207
119	208
119	209
119	210
119	224
119	225
119	226
119	227
119	228
119	229
119	230
119	231
119	245
119	246
119	247
119	248
119	249
119	250
119	251
119	252
119	266
119	267
119	268
119	269
119	270
119	271
119	272
119	273
119	287
119	288
119	289
119	290
119	291
119	292
119	293
119	294
119	308
119	309
119	310
119	311
119	312
119	313
119	314
119	315
119	329
119	330
119	331
119	332
119	333
119	334
119	335
119	336
119	350
119	351
119	352
119	353
119	354
119	355
119	356
119	357
119	371
119	372
119	373
119	374
119	375
119	376
119	377
119	378
119	392
119	393
119	394
119	395
119	396
119	397
119	398
119	399
119	413
119	414
119	415
119	416
119	417
119	418
119	419
119	420
119	434
119	435
119	436
119	437
119	438
119	439
119	440
119	441
120	121
120	122
120	123
120	124
120	125
120	126
120	141
120	142
120	143
120	144
120	145
120	146
120	147
120	162
120	163
120	164
120	165
120	166
120	167
120	168
120	183
120	184
120	185
120	186
120	187
120	188
120	189
120	204
120	205
120	206
120	207
120	208
120	209
120	210
120	225
120	226
120	227
120	228
120	229
120	230
120	231
120	246
120	247
120	248
120	249
120	250
120	251
120	252
120	267
120	268
120	269
120	270
120	271
120	272
120	273
120	288
120	289
120	290
120	291
120	292
120	293
120	294
120	309
120	310
120	311
120	312
120	313
120	314
120	315
120	330
120	331
120	332
120	333
120	334
120	335
120	336
120	351
120	352
120	353
120	354
120	355
120	356
120	357
120	372
120	373
120	374
120	375
120	376
120	377
120	378
120	393
120	394
120	395
120	396
120	397
120	398
120	399
120	414
120	415
120	416
120	417
120	418
120	419
120	420
120	435
120	436
120	437
120	438
120	439
120	440
120	441
121	122
121	123
121	124
121	125
121	126
121	142
121	143
121	144
121	145
121	146
121	147
121	163
121	164
121	165
121	166
121	167
121	168
121	184
121	185
121	186
121	187
121	188
121	189
121	205
121	206
121	207
121	208
121	209
121	210
121	226
121	227
121	228
121	229
121	230
121	231
121	247
121	248
121	249
121	250
121	251
121	252
121	268
121	269
121	270
121	271
121	272
121	273
121	289
121	290
121	291
121	292
121	293
121	294
121	310
121	311
121	312
121	313
121	314
121	315
121	331
121	332
121	333
121	334
121	335
121	336
121	352
121	353
121	354
121	355
121	356
121	357
121	373
121	374
121	375
121	376
121	377
121	378
121	394
121	395
121	396
121	397
121	398
121	399
121	415
121	416
121	417
121	418
121	419
121	420
121	436
121	437
121	438
121	439
121	440
121	441
122	123
122	124
122	125
122	126
122	143
122	144
122	145
122	146
122	147
122	164
122	165
122	166
122	167
122	168
122	185
122	186
122	187
122	188
122	189
122	206
122	207
122	208
122	209
122	210
122	227
122	228
122	229
122	230
122	231
122	248
122	249
122	250
122	251
122	252
122	269
122	270
122	271
122	272
122	273
122	290
122	291
122	292
122	293
122	294
122	311
122	312
122	313
122	314
122	315
122	332
122	333
122	334
122	335
122	336
122	353
122	354
122	355
122	356
122	357
122	374
122	375
122	376
122	377
122	378
122	395
122	396
122	397
122	398
122	399
122	416
122	417
122	418
122	419
122	420
122	437
122	438
122	439
122	440
122	441
123	124
123	125
123	126
123	144
123	145
123	146
123	147
123	165
123	166
123	167
123	168
123	186
123	187
123	188
123	189
123	207
123	208
123	209
123	210
123	228
123	229
123	230
123	231
123	249
123	250
123	251
123	252
123	270
123	271
123	272
123	273
123	291
123	292
123	293
123	294
123	312
123	313
123	314
123	315
123	333
123	334
123	335
123	336
123	354
123	355
123	356
123	357
123	375
123	376
123	377
123	378
123	396
123	397
123	398
123	399
123	417
123	418
123	419
123	420
123	438
123	439
123	440
123	441
124	125
124	126
124	145
124	146
124	147
124	166
124	167
124	168
124	187
124	188
124	189
124	208
124	209
124	210
124	229
124	230
124	231
124	250
124	251
124	252
124	271
124	272
124	273
124	292
124	293
124	294
124	313
124	314
124	315
124	334
124	335
124	336
124	355
124	356
124	357
124	376
124	377
124	378
124	397
124	398
124	399
124	418
124	419
124	420
124	439
124	440
124	441
125	126
125	146
125	147
125	167
125	168
125	188
125	189
125	209
125	210
125	230
125	231
125	251
125	252
125	272
125	273
125	293
125	294
125	314
125	315
125	335
125	336
125	356
125	357
125	377
125	378
125	398
125	399
125	419
125	420
125	440
125	441
126	147
126	168
126	189
126	210
126	231
126	252
126	273
126	294
126	315
126	336
126	357
126	378
126	399
126	420
126	441
127	128
127	129
127	130
127	131
127	132
127	133
127	134
127	135
127	136
127	137
127	138
127	139
127	140
127	141
127	142
127	143
127	144
127	145
127	146
127	147
127	148
127	149
127	150
127	151
127	152
127	153
127	154
127	155
127	156
127	157
127	158
127	159
127	160
127	161
127	162
127	163
127	164
127	165
127	166
127	167
127	168
127	169
127	170
127	171
127	172
127	173
127	174
127	175
127	176
127	177
127	178
127	179
127	180
127	181
127	182
127	183
127	184
127	185
127	186
127	187
127	188
127	189
127	190
127	191
127	192
127	193
127	194
127	195
127	196
127	197
127	198
127	199
127	200
127	201
127	202
127	203
127	204
127	205
127	206
127	207
127	208
127	209
127	210
127	211
127	212
127	213
127	214
127	215
127	216
127	217
127	218
127	219
127	220
127	221
127	222
127	223
127	224
127	225
127	226
127	227
127	228
127	229
127	230
127	231
127	232
127	233
127	234
127	235
127	236
127	237
127	238
127	239
127	240
127	241
127	242
127	243
127	244
127	245
127	246
127	247
127	248
127	249
127	250
127	251
127	252
127	253
127	254
127	255
127	256
127	257
127	258
127	259
127	260
127	261
127	262
127	263
127	264
127	265
127	266
127	267
127	268
127	269
127	270
127	271
127	272
127	273
127	274
127	275
127	276
127	277
127	278
127	279
127	280
127	281
127	282
127	283
127	284
127	285
127	286
127	287
127	288
127	289
127	290
127	291
127	292
127	293
127	294
127	295
127	296
127	297
127	298
127	299
127	300
127	301
127	302
127	303
127	304
127	305
127	306
127	307
127	308
127	309
127	310
127	311
127	312
127	313
127	314
127	315
127	316
127	317
127	318
127	319
127	320
127	321
127	322
127	323
127	324
127	325
127	326
127	327
127	328
127	329
127	330
127	331
127	332
127	333
127	334
127	335
127	336
127	337
127	338
127	339
127	340
127	341
127	342
127	343
127	344
127	345
127	346
127	347
127	348
127	349
127	350
127	351
127	352
127	353
127	354
127	355
127	356
127	357
127	358
127	359
127	360
127	361
127	362
127	363
127	364
127	365
127	366
127	367
127	368
127	369
127	370
127	371
127	372
127	373
127	374
127	375
127	376
127	377
127	378
127	379
127	380
127	381
127	382
127	383
127	384
127	385
127	386
127	387
127	388
127	389
127	390
127	391
127	392
127	393
127	394
127	395
127	396
127	397
127	398
127	399
127	400
127	401
127	402
127	403
127	404
127	405
127	406
127	407
127	408
127	409
127	410
127	411
127	412
127	413
127	414
127	415
127	416
127	417
127	418
127	419
127	420
127	421
127	422
127	423
127	424
127	425
127	426
127	427
127	428
127	429
127	430
127	431
127	432
127	433
127	434
127	435
127	436
127	437
127	438
127	439
127	440
127	441
128	129
128	130
128	131
128	132
128	133
128	134
128	135
128	136
128	137
128	138
128	139
128	140
128	141
128	142
128	143
128	144
128	145
128	146
128	147
128	149
128	150
128	151
128	152
128	153
128	154
128	155
128	156
128	157
128	158
128	159
128	160
128	161
128	162
128	163
128	164
128	165
128	166
128	167
128	168
128	170
128	171
128	172
128	173
128	174
128	175
128	176
128	177
128	178
128	179
128	180
128	181
128	182
128	183
128	184
128	185
128	186
128	187
128	188
128	189
128	191
128	192
128	193
128	194
128	195
128	196
128	197
128	198
128	199
128	200
128	201
128	202
128	203
128	204
128	205
128	206
128	207
128	208
128	209
128	210
128	212
128	213
128	214
128	215
128	216
128	217
128	218
128	219
128	220
128	221
128	222
128	223
128	224
128	225
128	226
128	227
128	228
128	229
128	230
128	231
128	233
128	234
128	235
128	236
128	237
128	238
128	239
128	240
128	241
128	242
128	243
128	244
128	245
128	246
128	247
128	248
128	249
128	250
128	251
128	252
128	254
128	255
128	256
128	257
128	258
128	259
128	260
128	261
128	262
128	263
128	264
128	265
128	266
128	267
128	268
128	269
128	270
128	271
128	272
128	273
128	275
128	276
128	277
128	278
128	279
128	280
128	281
128	282
128	283
128	284
128	285
128	286
128	287
128	288
128	289
128	290
128	291
128	292
128	293
128	294
128	296
128	297
128	298
128	299
128	300
128	301
128	302
128	303
128	304
128	305
128	306
128	307
128	308
128	309
128	310
128	311
128	312
128	313
128	314
128	315
128	317
128	318
128	319
128	320
128	321
128	322
128	323
128	324
128	325
128	326
128	327
128	328
128	329
128	330
128	331
128	332
128	333
128	334
128	335
128	336
128	338
128	339
128	340
128	341
128	342
128	343
128	344
128	345
128	346
128	347
128	348
128	349
128	350
128	351
128	352
128	353
128	354
128	355
128	356
128	357
128	359
128	360
128	361
128	362
128	363
128	364
128	365
128	366
128	367
128	368
128	369
128	370
128	371
128	372
128	373
128	374
128	375
128	376
128	377
128	378
128	380
128	381
128	382
128	383
128	384
128	385
128	386
128	387
128	388
128	389
128	390
128	391
128	392
128	393
128	394
128	395
128	396
128	397
128	398
128	399
128	401
128	402
128	403
128	404
128	405
128	406
128	407
128	408
128	409
128	410
128	411
128	412
128	413
128	414
128	415
128	416
128	417
128	418
128	419
128	420
128	422
128	423
128	424
128	425
128	426
128	427
128	428
128	429
128	430
128	431
128	432
128	433
128	434
128	435
128	436
128	437
128	438
128	439
128	440
128	441
129	130
129	131
129	132
129	133
129	134
129	135
129	136
129	137
129	138
129	139
129	140
129	141
129	142
129	143
129	144
129	145
129	146
129	147
129	150
129	151
129	152
129	153
129	154
129	155
129	156
129	157
129	158
129	159
129	160
129	161
129	162
129	163
129	164
129	165
129	166
129	167
129	168
129	171
129	172
129	173
129	174
129	175
129	176
129	177
129	178
129	179
129	180
129	181
129	182
129	183
129	184
129	185
129	186
129	187
129	188
129	189
129	192
129	193
129	194
129	195
129	196
129	197
129	198
129	199
129	200
129	201
129	202
129	203
129	204
129	205
129	206
129	207
129	208
129	209
129	210
129	213
129	214
129	215
129	216
129	217
129	218
129	219
129	220
129	221
129	222
129	223
129	224
129	225
129	226
129	227
129	228
129	229
129	230
129	231
129	234
129	235
129	236
129	237
129	238
129	239
129	240
129	241
129	242
129	243
129	244
129	245
129	246
129	247
129	248
129	249
129	250
129	251
129	252
129	255
129	256
129	257
129	258
129	259
129	260
129	261
129	262
129	263
129	264
129	265
129	266
129	267
129	268
129	269
129	270
129	271
129	272
129	273
129	276
129	277
129	278
129	279
129	280
129	281
129	282
129	283
129	284
129	285
129	286
129	287
129	288
129	289
129	290
129	291
129	292
129	293
129	294
129	297
129	298
129	299
129	300
129	301
129	302
129	303
129	304
129	305
129	306
129	307
129	308
129	309
129	310
129	311
129	312
129	313
129	314
129	315
129	318
129	319
129	320
129	321
129	322
129	323
129	324
129	325
129	326
129	327
129	328
129	329
129	330
129	331
129	332
129	333
129	334
129	335
129	336
129	339
129	340
129	341
129	342
129	343
129	344
129	345
129	346
129	347
129	348
129	349
129	350
129	351
129	352
129	353
129	354
129	355
129	356
129	357
129	360
129	361
129	362
129	363
129	364
129	365
129	366
129	367
129	368
129	369
129	370
129	371
129	372
129	373
129	374
129	375
129	376
129	377
129	378
129	381
129	382
129	383
129	384
129	385
129	386
129	387
129	388
129	389
129	390
129	391
129	392
129	393
129	394
129	395
129	396
129	397
129	398
129	399
129	402
129	403
129	404
129	405
129	406
129	407
129	408
129	409
129	410
129	411
129	412
129	413
129	414
129	415
129	416
129	417
129	418
129	419
129	420
129	423
129	424
129	425
129	426
129	427
129	428
129	429
129	430
129	431
129	432
129	433
129	434
129	435
129	436
129	437
129	438
129	439
129	440
129	441
130	131
130	132
130	133
130	134
130	135
130	136
130	137
130	138
130	139
130	140
130	141
130	142
130	143
130	144
130	145
130	146
130	147
130	151
130	152
130	153
130	154
130	155
130	156
130	157
130	158
130	159
130	160
130	161
130	162
130	163
130	164
130	165
130	166
130	167
130	168
130	172
130	173
130	174
130	175
130	176
130	177
130	178
130	179
130	180
130	181
130	182
130	183
130	184
130	185
130	186
130	187
130	188
130	189
130	193
130	194
130	195
130	196
130	197
130	198
130	199
130	200
130	201
130	202
130	203
130	204
130	205
130	206
130	207
130	208
130	209
130	210
130	214
130	215
130	216
130	217
130	218
130	219
130	220
130	221
130	222
130	223
130	224
130	225
130	226
130	227
130	228
130	229
130	230
130	231
130	235
130	236
130	237
130	238
130	239
130	240
130	241
130	242
130	243
130	244
130	245
130	246
130	247
130	248
130	249
130	250
130	251
130	252
130	256
130	257
130	258
130	259
130	260
130	261
130	262
130	263
130	264
130	265
130	266
130	267
130	268
130	269
130	270
130	271
130	272
130	273
130	277
130	278
130	279
130	280
130	281
130	282
130	283
130	284
130	285
130	286
130	287
130	288
130	289
130	290
130	291
130	292
130	293
130	294
130	298
130	299
130	300
130	301
130	302
130	303
130	304
130	305
130	306
130	307
130	308
130	309
130	310
130	311
130	312
130	313
130	314
130	315
130	319
130	320
130	321
130	322
130	323
130	324
130	325
130	326
130	327
130	328
130	329
130	330
130	331
130	332
130	333
130	334
130	335
130	336
130	340
130	341
130	342
130	343
130	344
130	345
130	346
130	347
130	348
130	349
130	350
130	351
130	352
130	353
130	354
130	355
130	356
130	357
130	361
130	362
130	363
130	364
130	365
130	366
130	367
130	368
130	369
130	370
130	371
130	372
130	373
130	374
130	375
130	376
130	377
130	378
130	382
130	383
130	384
130	385
130	386
130	387
130	388
130	389
130	390
130	391
130	392
130	393
130	394
130	395
130	396
130	397
130	398
130	399
130	403
130	404
130	405
130	406
130	407
130	408
130	409
130	410
130	411
130	412
130	413
130	414
130	415
130	416
130	417
130	418
130	419
130	420
130	424
130	425
130	426
130	427
130	428
130	429
130	430
130	431
130	432
130	433
130	434
130	435
130	436
130	437
130	438
130	439
130	440
130	441
131	132
131	133
131	134
131	135
131	136
131	137
131	138
131	139
131	140
131	141
131	142
131	143
131	144
131	145
131	146
131	147
131	152
131	153
131	154
131	155
131	156
131	157
131	158
131	159
131	160
131	161
131	162
131	163
131	164
131	165
131	166
131	167
131	168
131	173
131	174
131	175
131	176
131	177
131	178
131	179
131	180
131	181
131	182
131	183
131	184
131	185
131	186
131	187
131	188
131	189
131	194
131	195
131	196
131	197
131	198
131	199
131	200
131	201
131	202
131	203
131	204
131	205
131	206
131	207
131	208
131	209
131	210
131	215
131	216
131	217
131	218
131	219
131	220
131	221
131	222
131	223
131	224
131	225
131	226
131	227
131	228
131	229
131	230
131	231
131	236
131	237
131	238
131	239
131	240
131	241
131	242
131	243
131	244
131	245
131	246
131	247
131	248
131	249
131	250
131	251
131	252
131	257
131	258
131	259
131	260
131	261
131	262
131	263
131	264
131	265
131	266
131	267
131	268
131	269
131	270
131	271
131	272
131	273
131	278
131	279
131	280
131	281
131	282
131	283
131	284
131	285
131	286
131	287
131	288
131	289
131	290
131	291
131	292
131	293
131	294
131	299
131	300
131	301
131	302
131	303
131	304
131	305
131	306
131	307
131	308
131	309
131	310
131	311
131	312
131	313
131	314
131	315
131	320
131	321
131	322
131	323
131	324
131	325
131	326
131	327
131	328
131	329
131	330
131	331
131	332
131	333
131	334
131	335
131	336
131	341
131	342
131	343
131	344
131	345
131	346
131	347
131	348
131	349
131	350
131	351
131	352
131	353
131	354
131	355
131	356
131	357
131	362
131	363
131	364
131	365
131	366
131	367
131	368
131	369
131	370
131	371
131	372
131	373
131	374
131	375
131	376
131	377
131	378
131	383
131	384
131	385
131	386
131	387
131	388
131	389
131	390
131	391
131	392
131	393
131	394
131	395
131	396
131	397
131	398
131	399
131	404
131	405
131	406
131	407
131	408
131	409
131	410
131	411
131	412
131	413
131	414
131	415
131	416
131	417
131	418
131	419
131	420
131	425
131	426
131	427
131	428
131	429
131	430
131	431
131	432
131	433
131	434
131	435
131	436
131	437
131	438
131	439
131	440
131	441
132	133
132	134
132	135
132	136
132	137
132	138
132	139
132	140
132	141
132	142
132	143
132	144
132	145
132	146
132	147
132	153
132	154
132	155
132	156
132	157
132	158
132	159
132	160
132	161
132	162
132	163
132	164
132	165
132	166
132	167
132	168
132	174
132	175
132	176
132	177
132	178
132	179
132	180
132	181
132	182
132	183
132	184
132	185
132	186
132	187
132	188
132	189
132	195
132	196
132	197
132	198
132	199
132	200
132	201
132	202
132	203
132	204
132	205
132	206
132	207
132	208
132	209
132	210
132	216
132	217
132	218
132	219
132	220
132	221
132	222
132	223
132	224
132	225
132	226
132	227
132	228
132	229
132	230
132	231
132	237
132	238
132	239
132	240
132	241
132	242
132	243
132	244
132	245
132	246
132	247
132	248
132	249
132	250
132	251
132	252
132	258
132	259
132	260
132	261
132	262
132	263
132	264
132	265
132	266
132	267
132	268
132	269
132	270
132	271
132	272
132	273
132	279
132	280
132	281
132	282
132	283
132	284
132	285
132	286
132	287
132	288
132	289
132	290
132	291
132	292
132	293
132	294
132	300
132	301
132	302
132	303
132	304
132	305
132	306
132	307
132	308
132	309
132	310
132	311
132	312
132	313
132	314
132	315
132	321
132	322
132	323
132	324
132	325
132	326
132	327
132	328
132	329
132	330
132	331
132	332
132	333
132	334
132	335
132	336
132	342
132	343
132	344
132	345
132	346
132	347
132	348
132	349
132	350
132	351
132	352
132	353
132	354
132	355
132	356
132	357
132	363
132	364
132	365
132	366
132	367
132	368
132	369
132	370
132	371
132	372
132	373
132	374
132	375
132	376
132	377
132	378
132	384
132	385
132	386
132	387
132	388
132	389
132	390
132	391
132	392
132	393
132	394
132	395
132	396
132	397
132	398
132	399
132	405
132	406
132	407
132	408
132	409
132	410
132	411
132	412
132	413
132	414
132	415
132	416
132	417
132	418
132	419
132	420
132	426
132	427
132	428
132	429
132	430
132	431
132	432
132	433
132	434
132	435
132	436
132	437
132	438
132	439
132	440
132	441
133	134
133	135
133	136
133	137
133	138
133	139
133	140
133	141
133	142
133	143
133	144
133	145
133	146
133	147
133	154
133	155
133	156
133	157
133	158
133	159
133	160
133	161
133	162
133	163
133	164
133	165
133	166
133	167
133	168
133	175
133	176
133	177
133	178
133	179
133	180
133	181
133	182
133	183
133	184
133	185
133	186
133	187
133	188
133	189
133	196
133	197
133	198
133	199
133	200
133	201
133	202
133	203
133	204
133	205
133	206
133	207
133	208
133	209
133	210
133	217
133	218
133	219
133	220
133	221
133	222
133	223
133	224
133	225
133	226
133	227
133	228
133	229
133	230
133	231
133	238
133	239
133	240
133	241
133	242
133	243
133	244
133	245
133	246
133	247
133	248
133	249
133	250
133	251
133	252
133	259
133	260
133	261
133	262
133	263
133	264
133	265
133	266
133	267
133	268
133	269
133	270
133	271
133	272
133	273
133	280
133	281
133	282
133	283
133	284
133	285
133	286
133	287
133	288
133	289
133	290
133	291
133	292
133	293
133	294
133	301
133	302
133	303
133	304
133	305
133	306
133	307
133	308
133	309
133	310
133	311
133	312
133	313
133	314
133	315
133	322
133	323
133	324
133	325
133	326
133	327
133	328
133	329
133	330
133	331
133	332
133	333
133	334
133	335
133	336
133	343
133	344
133	345
133	346
133	347
133	348
133	349
133	350
133	351
133	352
133	353
133	354
133	355
133	356
133	357
133	364
133	365
133	366
133	367
133	368
133	369
133	370
133	371
133	372
133	373
133	374
133	375
133	376
133	377
133	378
133	385
133	386
133	387
133	388
133	389
133	390
133	391
133	392
133	393
133	394
133	395
133	396
133	397
133	398
133	399
133	406
133	407
133	408
133	409
133	410
133	411
133	412
133	413
133	414
133	415
133	416
133	417
133	418
133	419
133	420
133	427
133	428
133	429
133	430
133	431
133	432
133	433
133	434
133	435
133	436
133	437
133	438
133	439
133	440
133	441
134	135
134	136
134	137
134	138
134	139
134	140
134	141
134	142
134	143
134	144
134	145
134	146
134	147
134	155
134	156
134	157
134	158
134	159
134	160
134	161
134	162
134	163
134	164
134	165
134	166
134	167
134	168
134	176
134	177
134	178
134	179
134	180
134	181
134	182
134	183
134	184
134	185
134	186
134	187
134	188
134	189
134	197
134	198
134	199
134	200
134	201
134	202
134	203
134	204
134	205
134	206
134	207
134	208
134	209
134	210
134	218
134	219
134	220
134	221
134	222
134	223
134	224
134	225
134	226
134	227
134	228
134	229
134	230
134	231
134	239
134	240
134	241
134	242
134	243
134	244
134	245
134	246
134	247
134	248
134	249
134	250
134	251
134	252
134	260
134	261
134	262
134	263
134	264
134	265
134	266
134	267
134	268
134	269
134	270
134	271
134	272
134	273
134	281
134	282
134	283
134	284
134	285
134	286
134	287
134	288
134	289
134	290
134	291
134	292
134	293
134	294
134	302
134	303
134	304
134	305
134	306
134	307
134	308
134	309
134	310
134	311
134	312
134	313
134	314
134	315
134	323
134	324
134	325
134	326
134	327
134	328
134	329
134	330
134	331
134	332
134	333
134	334
134	335
134	336
134	344
134	345
134	346
134	347
134	348
134	349
134	350
134	351
134	352
134	353
134	354
134	355
134	356
134	357
134	365
134	366
134	367
134	368
134	369
134	370
134	371
134	372
134	373
134	374
134	375
134	376
134	377
134	378
134	386
134	387
134	388
134	389
134	390
134	391
134	392
134	393
134	394
134	395
134	396
134	397
134	398
134	399
134	407
134	408
134	409
134	410
134	411
134	412
134	413
134	414
134	415
134	416
134	417
134	418
134	419
134	420
134	428
134	429
134	430
134	431
134	432
134	433
134	434
134	435
134	436
134	437
134	438
134	439
134	440
134	441
135	136
135	137
135	138
135	139
135	140
135	141
135	142
135	143
135	144
135	145
135	146
135	147
135	156
135	157
135	158
135	159
135	160
135	161
135	162
135	163
135	164
135	165
135	166
135	167
135	168
135	177
135	178
135	179
135	180
135	181
135	182
135	183
135	184
135	185
135	186
135	187
135	188
135	189
135	198
135	199
135	200
135	201
135	202
135	203
135	204
135	205
135	206
135	207
135	208
135	209
135	210
135	219
135	220
135	221
135	222
135	223
135	224
135	225
135	226
135	227
135	228
135	229
135	230
135	231
135	240
135	241
135	242
135	243
135	244
135	245
135	246
135	247
135	248
135	249
135	250
135	251
135	252
135	261
135	262
135	263
135	264
135	265
135	266
135	267
135	268
135	269
135	270
135	271
135	272
135	273
135	282
135	283
135	284
135	285
135	286
135	287
135	288
135	289
135	290
135	291
135	292
135	293
135	294
135	303
135	304
135	305
135	306
135	307
135	308
135	309
135	310
135	311
135	312
135	313
135	314
135	315
135	324
135	325
135	326
135	327
135	328
135	329
135	330
135	331
135	332
135	333
135	334
135	335
135	336
135	345
135	346
135	347
135	348
135	349
135	350
135	351
135	352
135	353
135	354
135	355
135	356
135	357
135	366
135	367
135	368
135	369
135	370
135	371
135	372
135	373
135	374
135	375
135	376
135	377
135	378
135	387
135	388
135	389
135	390
135	391
135	392
135	393
135	394
135	395
135	396
135	397
135	398
135	399
135	408
135	409
135	410
135	411
135	412
135	413
135	414
135	415
135	416
135	417
135	418
135	419
135	420
135	429
135	430
135	431
135	432
135	433
135	434
135	435
135	436
135	437
135	438
135	439
135	440
135	441
136	137
136	138
136	139
136	140
136	141
136	142
136	143
136	144
136	145
136	146
136	147
136	157
136	158
136	159
136	160
136	161
136	162
136	163
136	164
136	165
136	166
136	167
136	168
136	178
136	179
136	180
136	181
136	182
136	183
136	184
136	185
136	186
136	187
136	188
136	189
136	199
136	200
136	201
136	202
136	203
136	204
136	205
136	206
136	207
136	208
136	209
136	210
136	220
136	221
136	222
136	223
136	224
136	225
136	226
136	227
136	228
136	229
136	230
136	231
136	241
136	242
136	243
136	244
136	245
136	246
136	247
136	248
136	249
136	250
136	251
136	252
136	262
136	263
136	264
136	265
136	266
136	267
136	268
136	269
136	270
136	271
136	272
136	273
136	283
136	284
136	285
136	286
136	287
136	288
136	289
136	290
136	291
136	292
136	293
136	294
136	304
136	305
136	306
136	307
136	308
136	309
136	310
136	311
136	312
136	313
136	314
136	315
136	325
136	326
136	327
136	328
136	329
136	330
136	331
136	332
136	333
136	334
136	335
136	336
136	346
136	347
136	348
136	349
136	350
136	351
136	352
136	353
136	354
136	355
136	356
136	357
136	367
136	368
136	369
136	370
136	371
136	372
136	373
136	374
136	375
136	376
136	377
136	378
136	388
136	389
136	390
136	391
136	392
136	393
136	394
136	395
136	396
136	397
136	398
136	399
136	409
136	410
136	411
136	412
136	413
136	414
136	415
136	416
136	417
136	418
136	419
136	420
136	430
136	431
136	432
136	433
136	434
136	435
136	436
136	437
136	438
136	439
136	440
136	441
137	138
137	139
137	140
137	141
137	142
137	143
137	144
137	145
137	146
137	147
137	158
137	159
137	160
137	161
137	162
137	163
137	164
137	165
137	166
137	167
137	168
137	179
137	180
137	181
137	182
137	183
137	184
137	185
137	186
137	187
137	188
137	189
137	200
137	201
137	202
137	203
137	204
137	205
137	206
137	207
137	208
137	209
137	210
137	221
137	222
137	223
137	224
137	225
137	226
137	227
137	228
137	229
137	230
137	231
137	242
137	243
137	244
137	245
137	246
137	247
137	248
137	249
137	250
137	251
137	252
137	263
137	264
137	265
137	266
137	267
137	268
137	269
137	270
137	271
137	272
137	273
137	284
137	285
137	286
137	287
137	288
137	289
137	290
137	291
137	292
137	293
137	294
137	305
137	306
137	307
137	308
137	309
137	310
137	311
137	312
137	313
137	314
137	315
137	326
137	327
137	328
137	329
137	330
137	331
137	332
137	333
137	334
137	335
137	336
137	347
137	348
137	349
137	350
137	351
137	352
137	353
137	354
137	355
137	356
137	357
137	368
137	369
137	370
137	371
137	372
137	373
137	374
137	375
137	376
137	377
137	378
137	389
137	390
137	391
137	392
137	393
137	394
137	395
137	396
137	397
137	398
137	399
137	410
137	411
137	412
137	413
137	414
137	415
137	416
137	417
137	418
137	419
137	420
137	431
137	432
137	433
137	434
137	435
137	436
137	437
137	438
137	439
137	440
137	441
138	139
138	140
138	141
138	142
138	143
138	144
138	145
138	146
138	147
138	159
138	160
138	161
138	162
138	163
138	164
138	165
138	166
138	167
138	168
138	180
138	181
138	182
138	183
138	184
138	185
138	186
138	187
138	188
138	189
138	201
138	202
138	203
138	204
138	205
138	206
138	207
138	208
138	209
138	210
138	222
138	223
138	224
138	225
138	226
138	227
138	228
138	229
138	230
138	231
138	243
138	244
138	245
138	246
138	247
138	248
138	249
138	250
138	251
138	252
138	264
138	265
138	266
138	267
138	268
138	269
138	270
138	271
138	272
138	273
138	285
138	286
138	287
138	288
138	289
138	290
138	291
138	292
138	293
138	294
138	306
138	307
138	308
138	309
138	310
138	311
138	312
138	313
138	314
138	315
138	327
138	328
138	329
138	330
138	331
138	332
138	333
138	334
138	335
138	336
138	348
138	349
138	350
138	351
138	352
138	353
138	354
138	355
138	356
138	357
138	369
138	370
138	371
138	372
138	373
138	374
138	375
138	376
138	377
138	378
138	390
138	391
138	392
138	393
138	394
138	395
138	396
138	397
138	398
138	399
138	411
138	412
138	413
138	414
138	415
138	416
138	417
138	418
138	419
138	420
138	432
138	433
138	434
138	435
138	436
138	437
138	438
138	439
138	440
138	441
139	140
139	141
139	142
139	143
139	144
139	145
139	146
139	147
139	160
139	161
139	162
139	163
139	164
139	165
139	166
139	167
139	168
139	181
139	182
139	183
139	184
139	185
139	186
139	187
139	188
139	189
139	202
139	203
139	204
139	205
139	206
139	207
139	208
139	209
139	210
139	223
139	224
139	225
139	226
139	227
139	228
139	229
139	230
139	231
139	244
139	245
139	246
139	247
139	248
139	249
139	250
139	251
139	252
139	265
139	266
139	267
139	268
139	269
139	270
139	271
139	272
139	273
139	286
139	287
139	288
139	289
139	290
139	291
139	292
139	293
139	294
139	307
139	308
139	309
139	310
139	311
139	312
139	313
139	314
139	315
139	328
139	329
139	330
139	331
139	332
139	333
139	334
139	335
139	336
139	349
139	350
139	351
139	352
139	353
139	354
139	355
139	356
139	357
139	370
139	371
139	372
139	373
139	374
139	375
139	376
139	377
139	378
139	391
139	392
139	393
139	394
139	395
139	396
139	397
139	398
139	399
139	412
139	413
139	414
139	415
139	416
139	417
139	418
139	419
139	420
139	433
139	434
139	435
139	436
139	437
139	438
139	439
139	440
139	441
140	141
140	142
140	143
140	144
140	145
140	146
140	147
140	161
140	162
140	163
140	164
140	165
140	166
140	167
140	168
140	182
140	183
140	184
140	185
140	186
140	187
140	188
140	189
140	203
140	204
140	205
140	206
140	207
140	208
140	209
140	210
140	224
140	225
140	226
140	227
140	228
140	229
140	230
140	231
140	245
140	246
140	247
140	248
140	249
140	250
140	251
140	252
140	266
140	267
140	268
140	269
140	270
140	271
140	272
140	273
140	287
140	288
140	289
140	290
140	291
140	292
140	293
140	294
140	308
140	309
140	310
140	311
140	312
140	313
140	314
140	315
140	329
140	330
140	331
140	332
140	333
140	334
140	335
140	336
140	350
140	351
140	352
140	353
140	354
140	355
140	356
140	357
140	371
140	372
140	373
140	374
140	375
140	376
140	377
140	378
140	392
140	393
140	394
140	395
140	396
140	397
140	398
140	399
140	413
140	414
140	415
140	416
140	417
140	418
140	419
140	420
140	434
140	435
140	436
140	437
140	438
140	439
140	440
140	441
141	142
141	143
141	144
141	145
141	146
141	147
141	162
141	163
141	164
141	165
141	166
141	167
141	168
141	183
141	184
141	185
141	186
141	187
141	188
141	189
141	204
141	205
141	206
141	207
141	208
141	209
141	210
141	225
141	226
141	227
141	228
141	229
141	230
141	231
141	246
141	247
141	248
141	249
141	250
141	251
141	252
141	267
141	268
141	269
141	270
141	271
141	272
141	273
141	288
141	289
141	290
141	291
141	292
141	293
141	294
141	309
141	310
141	311
141	312
141	313
141	314
141	315
141	330
141	331
141	332
141	333
141	334
141	335
141	336
141	351
141	352
141	353
141	354
141	355
141	356
141	357
141	372
141	373
141	374
141	375
141	376
141	377
141	378
141	393
141	394
141	395
141	396
141	397
141	398
141	399
141	414
141	415
141	416
141	417
141	418
141	419
141	420
141	435
141	436
141	437
141	438
141	439
141	440
141	441
142	143
142	144
142	145
142	146
142	147
142	163
142	164
142	165
142	166
142	167
142	168
142	184
142	185
142	186
142	187
142	188
142	189
142	205
142	206
142	207
142	208
142	209
142	210
142	226
142	227
142	228
142	229
142	230
142	231
142	247
142	248
142	249
142	250
142	251
142	252
142	268
142	269
142	270
142	271
142	272
142	273
142	289
142	290
142	291
142	292
142	293
142	294
142	310
142	311
142	312
142	313
142	314
142	315
142	331
142	332
142	333
142	334
142	335
142	336
142	352
142	353
142	354
142	355
142	356
142	357
142	373
142	374
142	375
142	376
142	377
142	378
142	394
142	395
142	396
142	397
142	398
142	399
142	415
142	416
142	417
142	418
142	419
142	420
142	436
142	437
142	438
142	439
142	440
142	441
143	144
143	145
143	146
143	147
143	164
143	165
143	166
143	167
143	168
143	185
143	186
143	187
143	188
143	189
143	206
143	207
143	208
143	209
143	210
143	227
143	228
143	229
143	230
143	231
143	248
143	249
143	250
143	251
143	252
143	269
143	270
143	271
143	272
143	273
143	290
143	291
143	292
143	293
143	294
143	311
143	312
143	313
143	314
143	315
143	332
143	333
143	334
143	335
143	336
143	353
143	354
143	355
143	356
143	357
143	374
143	375
143	376
143	377
143	378
143	395
143	396
143	397
143	398
143	399
143	416
143	417
143	418
143	419
143	420
143	437
143	438
143	439
143	440
143	441
144	145
144	146
144	147
144	165
144	166
144	167
144	168
144	186
144	187
144	188
144	189
144	207
144	208
144	209
144	210
144	228
144	229
144	230
144	231
144	249
144	250
144	251
144	252
144	270
144	271
144	272
144	273
144	291
144	292
144	293
144	294
144	312
144	313
144	314
144	315
144	333
144	334
144	335
144	336
144	354
144	355
144	356
144	357
144	375
144	376
144	377
144	378
144	396
144	397
144	398
144	399
144	417
144	418
144	419
144	420
144	438
144	439
144	440
144	441
145	146
145	147
145	166
145	167
145	168
145	187
145	188
145	189
145	208
145	209
145	210
145	229
145	230
145	231
145	250
145	251
145	252
145	271
145	272
145	273
145	292
145	293
145	294
145	313
145	314
145	315
145	334
145	335
145	336
145	355
145	356
145	357
145	376
145	377
145	378
145	397
145	398
145	399
145	418
145	419
145	420
145	439
145	440
145	441
146	147
146	167
146	168
146	188
146	189
146	209
146	210
146	230
146	231
146	251
146	252
146	272
146	273
146	293
146	294
146	314
146	315
146	335
146	336
146	356
146	357
146	377
146	378
146	398
146	399
146	419
146	420
146	440
146	441
147	168
147	189
147	210
147	231
147	252
147	273
147	294
147	315
147	336
147	357
147	378
147	399
147	420
147	441
148	149
148	150
148	151
148	152
148	153
148	154
148	155
148	156
148	157
148	158
148	159
148	160
148	161
148	162
148	163
148	164
148	165
148	166
148	167
148	168
148	169
148	170
148	171
148	172
148	173
148	174
148	175
148	176
148	177
148	178
148	179
148	180
148	181
148	182
148	183
148	184
148	185
148	186
148	187
148	188
148	189
148	190
148	191
148	192
148	193
148	194
148	195
148	196
148	197
148	198
148	199
148	200
148	201
148	202
148	203
148	204
148	205
148	206
148	207
148	208
148	209
148	210
148	211
148	212
148	213
148	214
148	215
148	216
148	217
148	218
148	219
148	220
148	221
148	222
148	223
148	224
148	225
148	226
148	227
148	228
148	229
148	230
148	231
148	232
148	233
148	234
148	235
148	236
148	237
148	238
148	239
148	240
148	241
148	242
148	243
148	244
148	245
148	246
148	247
148	248
148	249
148	250
148	251
148	252
148	253
148	254
148	255
148	256
148	257
148	258
148	259
148	260
148	261
148	262
148	263
148	264
148	265
148	266
148	267
148	268
148	269
148	270
148	271
148	272
148	273
148	274
148	275
148	276
148	277
148	278
148	279
148	280
148	281
148	282
148	283
148	284
148	285
148	286
148	287
148	288
148	289
148	290
148	291
148	292
148	293
148	294
148	295
148	296
148	297
148	298
148	299
148	300
148	301
148	302
148	303
148	304
148	305
148	306
148	307
148	308
148	309
148	310
148	311
148	312
148	313
148	314
148	315
148	316
148	317
148	318
148	319
148	320
148	321
148	322
148	323
148	324
148	325
148	326
148	327
148	328
148	329
148	330
148	331
148	332
148	333
148	334
148	335
148	336
148	337
148	338
148	339
148	340
148	341
148	342
148	343
148	344
148	345
148	346
148	347
148	348
148	349
148	350
148	351
148	352
148	353
148	354
148	355
148	356
148	357
148	358
148	359
148	360
148	361
148	362
148	363
148	364
148	365
148	366
148	367
148	368
148	369
148	370
148	371
148	372
148	373
148	374
148	375
148	376
148	377
148	378
148	379
148	380
148	381
148	382
148	383
148	384
148	385
148	386
148	387
148	388
148	389
148	390
148	391
148	392
148	393
148	394
148	395
148	396
148	397
148	398
148	399
148	400
148	401
148	402
148	403
148	404
148	405
148	406
148	407
148	408
148	409
148	410
148	411
148	412
148	413
148	414
148	415
148	416
148	417
148	418
148	419
148	420
148	421
148	422
148	423
148	424
148	425
148	426
148	427
148	428
148	429
148	430
148	431
148	432
148	433
148	434
148	435
148	436
148	437
148	438
148	439
148	440
148	441
149	150
149	151
149	152
149	153
149	154
149	155
149	156
149	157
149	158
149	159
149	160
149	161
149	162
149	163
149	164
149	165
149	166
149	167
149	168
149	170
149	171
149	172
149	173
149	174
149	175
149	176
149	177
149	178
149	179
149	180
149	181
149	182
149	183
149	184
149	185
149	186
149	187
149	188
149	189
149	191
149	192
149	193
149	194
149	195
149	196
149	197
149	198
149	199
149	200
149	201
149	202
149	203
149	204
149	205
149	206
149	207
149	208
149	209
149	210
149	212
149	213
149	214
149	215
149	216
149	217
149	218
149	219
149	220
149	221
149	222
149	223
149	224
149	225
149	226
149	227
149	228
149	229
149	230
149	231
149	233
149	234
149	235
149	236
149	237
149	238
149	239
149	240
149	241
149	242
149	243
149	244
149	245
149	246
149	247
149	248
149	249
149	250
149	251
149	252
149	254
149	255
149	256
149	257
149	258
149	259
149	260
149	261
149	262
149	263
149	264
149	265
149	266
149	267
149	268
149	269
149	270
149	271
149	272
149	273
149	275
149	276
149	277
149	278
149	279
149	280
149	281
149	282
149	283
149	284
149	285
149	286
149	287
149	288
149	289
149	290
149	291
149	292
149	293
149	294
149	296
149	297
149	298
149	299
149	300
149	301
149	302
149	303
149	304
149	305
149	306
149	307
149	308
149	309
149	310
149	311
149	312
149	313
149	314
149	315
149	317
149	318
149	319
149	320
149	321
149	322
149	323
149	324
149	325
149	326
149	327
149	328
149	329
149	330
149	331
149	332
149	333
149	334
149	335
149	336
149	338
149	339
149	340
149	341
149	342
149	343
149	344
149	345
149	346
149	347
149	348
149	349
149	350
149	351
149	352
149	353
149	354
149	355
149	356
149	357
149	359
149	360
149	361
149	362
149	363
149	364
149	365
149	366
149	367
149	368
149	369
149	370
149	371
149	372
149	373
149	374
149	375
149	376
149	377
149	378
149	380
149	381
149	382
149	383
149	384
149	385
149	386
149	387
149	388
149	389
149	390
149	391
149	392
149	393
149	394
149	395
149	396
149	397
149	398
149	399
149	401
149	402
149	403
149	404
149	405
149	406
149	407
149	408
149	409
149	410
149	411
149	412
149	413
149	414
149	415
149	416
149	417
149	418
149	419
149	420
149	422
149	423
149	424
149	425
149	426
149	427
149	428
149	429
149	430
149	431
149	432
149	433
149	434
149	435
149	436
149	437
149	438
149	439
149	440
149	441
150	151
150	152
150	153
150	154
150	155
150	156
150	157
150	158
150	159
150	160
150	161
150	162
150	163
150	164
150	165
150	166
150	167
150	168
150	171
150	172
150	173
150	174
150	175
150	176
150	177
150	178
150	179
150	180
150	181
150	182
150	183
150	184
150	185
150	186
150	187
150	188
150	189
150	192
150	193
150	194
150	195
150	196
150	197
150	198
150	199
150	200
150	201
150	202
150	203
150	204
150	205
150	206
150	207
150	208
150	209
150	210
150	213
150	214
150	215
150	216
150	217
150	218
150	219
150	220
150	221
150	222
150	223
150	224
150	225
150	226
150	227
150	228
150	229
150	230
150	231
150	234
150	235
150	236
150	237
150	238
150	239
150	240
150	241
150	242
150	243
150	244
150	245
150	246
150	247
150	248
150	249
150	250
150	251
150	252
150	255
150	256
150	257
150	258
150	259
150	260
150	261
150	262
150	263
150	264
150	265
150	266
150	267
150	268
150	269
150	270
150	271
150	272
150	273
150	276
150	277
150	278
150	279
150	280
150	281
150	282
150	283
150	284
150	285
150	286
150	287
150	288
150	289
150	290
150	291
150	292
150	293
150	294
150	297
150	298
150	299
150	300
150	301
150	302
150	303
150	304
150	305
150	306
150	307
150	308
150	309
150	310
150	311
150	312
150	313
150	314
150	315
150	318
150	319
150	320
150	321
150	322
150	323
150	324
150	325
150	326
150	327
150	328
150	329
150	330
150	331
150	332
150	333
150	334
150	335
150	336
150	339
150	340
150	341
150	342
150	343
150	344
150	345
150	346
150	347
150	348
150	349
150	350
150	351
150	352
150	353
150	354
150	355
150	356
150	357
150	360
150	361
150	362
150	363
150	364
150	365
150	366
150	367
150	368
150	369
150	370
150	371
150	372
150	373
150	374
150	375
150	376
150	377
150	378
150	381
150	382
150	383
150	384
150	385
150	386
150	387
150	388
150	389
150	390
150	391
150	392
150	393
150	394
150	395
150	396
150	397
150	398
150	399
150	402
150	403
150	404
150	405
150	406
150	407
150	408
150	409
150	410
150	411
150	412
150	413
150	414
150	415
150	416
150	417
150	418
150	419
150	420
150	423
150	424
150	425
150	426
150	427
150	428
150	429
150	430
150	431
150	432
150	433
150	434
150	435
150	436
150	437
150	438
150	439
150	440
150	441
151	152
151	153
151	154
151	155
151	156
151	157
151	158
151	159
151	160
151	161
151	162
151	163
151	164
151	165
151	166
151	167
151	168
151	172
151	173
151	174
151	175
151	176
151	177
151	178
151	179
151	180
151	181
151	182
151	183
151	184
151	185
151	186
151	187
151	188
151	189
151	193
151	194
151	195
151	196
151	197
151	198
151	199
151	200
151	201
151	202
151	203
151	204
151	205
151	206
151	207
151	208
151	209
151	210
151	214
151	215
151	216
151	217
151	218
151	219
151	220
151	221
151	222
151	223
151	224
151	225
151	226
151	227
151	228
151	229
151	230
151	231
151	235
151	236
151	237
151	238
151	239
151	240
151	241
151	242
151	243
151	244
151	245
151	246
151	247
151	248
151	249
151	250
151	251
151	252
151	256
151	257
151	258
151	259
151	260
151	261
151	262
151	263
151	264
151	265
151	266
151	267
151	268
151	269
151	270
151	271
151	272
151	273
151	277
151	278
151	279
151	280
151	281
151	282
151	283
151	284
151	285
151	286
151	287
151	288
151	289
151	290
151	291
151	292
151	293
151	294
151	298
151	299
151	300
151	301
151	302
151	303
151	304
151	305
151	306
151	307
151	308
151	309
151	310
151	311
151	312
151	313
151	314
151	315
151	319
151	320
151	321
151	322
151	323
151	324
151	325
151	326
151	327
151	328
151	329
151	330
151	331
151	332
151	333
151	334
151	335
151	336
151	340
151	341
151	342
151	343
151	344
151	345
151	346
151	347
151	348
151	349
151	350
151	351
151	352
151	353
151	354
151	355
151	356
151	357
151	361
151	362
151	363
151	364
151	365
151	366
151	367
151	368
151	369
151	370
151	371
151	372
151	373
151	374
151	375
151	376
151	377
151	378
151	382
151	383
151	384
151	385
151	386
151	387
151	388
151	389
151	390
151	391
151	392
151	393
151	394
151	395
151	396
151	397
151	398
151	399
151	403
151	404
151	405
151	406
151	407
151	408
151	409
151	410
151	411
151	412
151	413
151	414
151	415
151	416
151	417
151	418
151	419
151	420
151	424
151	425
151	426
151	427
151	428
151	429
151	430
151	431
151	432
151	433
151	434
151	435
151	436
151	437
151	438
151	439
151	440
151	441
152	153
152	154
152	155
152	156
152	157
152	158
152	159
152	160
152	161
152	162
152	163
152	164
152	165
152	166
152	167
152	168
152	173
152	174
152	175
152	176
152	177
152	178
152	179
152	180
152	181
152	182
152	183
152	184
152	185
152	186
152	187
152	188
152	189
152	194
152	195
152	196
152	197
152	198
152	199
152	200
152	201
152	202
152	203
152	204
152	205
152	206
152	207
152	208
152	209
152	210
152	215
152	216
152	217
152	218
152	219
152	220
152	221
152	222
152	223
152	224
152	225
152	226
152	227
152	228
152	229
152	230
152	231
152	236
152	237
152	238
152	239
152	240
152	241
152	242
152	243
152	244
152	245
152	246
152	247
152	248
152	249
152	250
152	251
152	252
152	257
152	258
152	259
152	260
152	261
152	262
152	263
152	264
152	265
152	266
152	267
152	268
152	269
152	270
152	271
152	272
152	273
152	278
152	279
152	280
152	281
152	282
152	283
152	284
152	285
152	286
152	287
152	288
152	289
152	290
152	291
152	292
152	293
152	294
152	299
152	300
152	301
152	302
152	303
152	304
152	305
152	306
152	307
152	308
152	309
152	310
152	311
152	312
152	313
152	314
152	315
152	320
152	321
152	322
152	323
152	324
152	325
152	326
152	327
152	328
152	329
152	330
152	331
152	332
152	333
152	334
152	335
152	336
152	341
152	342
152	343
152	344
152	345
152	346
152	347
152	348
152	349
152	350
152	351
152	352
152	353
152	354
152	355
152	356
152	357
152	362
152	363
152	364
152	365
152	366
152	367
152	368
152	369
152	370
152	371
152	372
152	373
152	374
152	375
152	376
152	377
152	378
152	383
152	384
152	385
152	386
152	387
152	388
152	389
152	390
152	391
152	392
152	393
152	394
152	395
152	396
152	397
152	398
152	399
152	404
152	405
152	406
152	407
152	408
152	409
152	410
152	411
152	412
152	413
152	414
152	415
152	416
152	417
152	418
152	419
152	420
152	425
152	426
152	427
152	428
152	429
152	430
152	431
152	432
152	433
152	434
152	435
152	436
152	437
152	438
152	439
152	440
152	441
153	154
153	155
153	156
153	157
153	158
153	159
153	160
153	161
153	162
153	163
153	164
153	165
153	166
153	167
153	168
153	174
153	175
153	176
153	177
153	178
153	179
153	180
153	181
153	182
153	183
153	184
153	185
153	186
153	187
153	188
153	189
153	195
153	196
153	197
153	198
153	199
153	200
153	201
153	202
153	203
153	204
153	205
153	206
153	207
153	208
153	209
153	210
153	216
153	217
153	218
153	219
153	220
153	221
153	222
153	223
153	224
153	225
153	226
153	227
153	228
153	229
153	230
153	231
153	237
153	238
153	239
153	240
153	241
153	242
153	243
153	244
153	245
153	246
153	247
153	248
153	249
153	250
153	251
153	252
153	258
153	259
153	260
153	261
153	262
153	263
153	264
153	265
153	266
153	267
153	268
153	269
153	270
153	271
153	272
153	273
153	279
153	280
153	281
153	282
153	283
153	284
153	285
153	286
153	287
153	288
153	289
153	290
153	291
153	292
153	293
153	294
153	300
153	301
153	302
153	303
153	304
153	305
153	306
153	307
153	308
153	309
153	310
153	311
153	312
153	313
153	314
153	315
153	321
153	322
153	323
153	324
153	325
153	326
153	327
153	328
153	329
153	330
153	331
153	332
153	333
153	334
153	335
153	336
153	342
153	343
153	344
153	345
153	346
153	347
153	348
153	349
153	350
153	351
153	352
153	353
153	354
153	355
153	356
153	357
153	363
153	364
153	365
153	366
153	367
153	368
153	369
153	370
153	371
153	372
153	373
153	374
153	375
153	376
153	377
153	378
153	384
153	385
153	386
153	387
153	388
153	389
153	390
153	391
153	392
153	393
153	394
153	395
153	396
153	397
153	398
153	399
153	405
153	406
153	407
153	408
153	409
153	410
153	411
153	412
153	413
153	414
153	415
153	416
153	417
153	418
153	419
153	420
153	426
153	427
153	428
153	429
153	430
153	431
153	432
153	433
153	434
153	435
153	436
153	437
153	438
153	439
153	440
153	441
154	155
154	156
154	157
154	158
154	159
154	160
154	161
154	162
154	163
154	164
154	165
154	166
154	167
154	168
154	175
154	176
154	177
154	178
154	179
154	180
154	181
154	182
154	183
154	184
154	185
154	186
154	187
154	188
154	189
154	196
154	197
154	198
154	199
154	200
154	201
154	202
154	203
154	204
154	205
154	206
154	207
154	208
154	209
154	210
154	217
154	218
154	219
154	220
154	221
154	222
154	223
154	224
154	225
154	226
154	227
154	228
154	229
154	230
154	231
154	238
154	239
154	240
154	241
154	242
154	243
154	244
154	245
154	246
154	247
154	248
154	249
154	250
154	251
154	252
154	259
154	260
154	261
154	262
154	263
154	264
154	265
154	266
154	267
154	268
154	269
154	270
154	271
154	272
154	273
154	280
154	281
154	282
154	283
154	284
154	285
154	286
154	287
154	288
154	289
154	290
154	291
154	292
154	293
154	294
154	301
154	302
154	303
154	304
154	305
154	306
154	307
154	308
154	309
154	310
154	311
154	312
154	313
154	314
154	315
154	322
154	323
154	324
154	325
154	326
154	327
154	328
154	329
154	330
154	331
154	332
154	333
154	334
154	335
154	336
154	343
154	344
154	345
154	346
154	347
154	348
154	349
154	350
154	351
154	352
154	353
154	354
154	355
154	356
154	357
154	364
154	365
154	366
154	367
154	368
154	369
154	370
154	371
154	372
154	373
154	374
154	375
154	376
154	377
154	378
154	385
154	386
154	387
154	388
154	389
154	390
154	391
154	392
154	393
154	394
154	395
154	396
154	397
154	398
154	399
154	406
154	407
154	408
154	409
154	410
154	411
154	412
154	413
154	414
154	415
154	416
154	417
154	418
154	419
154	420
154	427
154	428
154	429
154	430
154	431
154	432
154	433
154	434
154	435
154	436
154	437
154	438
154	439
154	440
154	441
155	156
155	157
155	158
155	159
155	160
155	161
155	162
155	163
155	164
155	165
155	166
155	167
155	168
155	176
155	177
155	178
155	179
155	180
155	181
155	182
155	183
155	184
155	185
155	186
155	187
155	188
155	189
155	197
155	198
155	199
155	200
155	201
155	202
155	203
155	204
155	205
155	206
155	207
155	208
155	209
155	210
155	218
155	219
155	220
155	221
155	222
155	223
155	224
155	225
155	226
155	227
155	228
155	229
155	230
155	231
155	239
155	240
155	241
155	242
155	243
155	244
155	245
155	246
155	247
155	248
155	249
155	250
155	251
155	252
155	260
155	261
155	262
155	263
155	264
155	265
155	266
155	267
155	268
155	269
155	270
155	271
155	272
155	273
155	281
155	282
155	283
155	284
155	285
155	286
155	287
155	288
155	289
155	290
155	291
155	292
155	293
155	294
155	302
155	303
155	304
155	305
155	306
155	307
155	308
155	309
155	310
155	311
155	312
155	313
155	314
155	315
155	323
155	324
155	325
155	326
155	327
155	328
155	329
155	330
155	331
155	332
155	333
155	334
155	335
155	336
155	344
155	345
155	346
155	347
155	348
155	349
155	350
155	351
155	352
155	353
155	354
155	355
155	356
155	357
155	365
155	366
155	367
155	368
155	369
155	370
155	371
155	372
155	373
155	374
155	375
155	376
155	377
155	378
155	386
155	387
155	388
155	389
155	390
155	391
155	392
155	393
155	394
155	395
155	396
155	397
155	398
155	399
155	407
155	408
155	409
155	410
155	411
155	412
155	413
155	414
155	415
155	416
155	417
155	418
155	419
155	420
155	428
155	429
155	430
155	431
155	432
155	433
155	434
155	435
155	436
155	437
155	438
155	439
155	440
155	441
156	157
156	158
156	159
156	160
156	161
156	162
156	163
156	164
156	165
156	166
156	167
156	168
156	177
156	178
156	179
156	180
156	181
156	182
156	183
156	184
156	185
156	186
156	187
156	188
156	189
156	198
156	199
156	200
156	201
156	202
156	203
156	204
156	205
156	206
156	207
156	208
156	209
156	210
156	219
156	220
156	221
156	222
156	223
156	224
156	225
156	226
156	227
156	228
156	229
156	230
156	231
156	240
156	241
156	242
156	243
156	244
156	245
156	246
156	247
156	248
156	249
156	250
156	251
156	252
156	261
156	262
156	263
156	264
156	265
156	266
156	267
156	268
156	269
156	270
156	271
156	272
156	273
156	282
156	283
156	284
156	285
156	286
156	287
156	288
156	289
156	290
156	291
156	292
156	293
156	294
156	303
156	304
156	305
156	306
156	307
156	308
156	309
156	310
156	311
156	312
156	313
156	314
156	315
156	324
156	325
156	326
156	327
156	328
156	329
156	330
156	331
156	332
156	333
156	334
156	335
156	336
156	345
156	346
156	347
156	348
156	349
156	350
156	351
156	352
156	353
156	354
156	355
156	356
156	357
156	366
156	367
156	368
156	369
156	370
156	371
156	372
156	373
156	374
156	375
156	376
156	377
156	378
156	387
156	388
156	389
156	390
156	391
156	392
156	393
156	394
156	395
156	396
156	397
156	398
156	399
156	408
156	409
156	410
156	411
156	412
156	413
156	414
156	415
156	416
156	417
156	418
156	419
156	420
156	429
156	430
156	431
156	432
156	433
156	434
156	435
156	436
156	437
156	438
156	439
156	440
156	441
157	158
157	159
157	160
157	161
157	162
157	163
157	164
157	165
157	166
157	167
157	168
157	178
157	179
157	180
157	181
157	182
157	183
157	184
157	185
157	186
157	187
157	188
157	189
157	199
157	200
157	201
157	202
157	203
157	204
157	205
157	206
157	207
157	208
157	209
157	210
157	220
157	221
157	222
157	223
157	224
157	225
157	226
157	227
157	228
157	229
157	230
157	231
157	241
157	242
157	243
157	244
157	245
157	246
157	247
157	248
157	249
157	250
157	251
157	252
157	262
157	263
157	264
157	265
157	266
157	267
157	268
157	269
157	270
157	271
157	272
157	273
157	283
157	284
157	285
157	286
157	287
157	288
157	289
157	290
157	291
157	292
157	293
157	294
157	304
157	305
157	306
157	307
157	308
157	309
157	310
157	311
157	312
157	313
157	314
157	315
157	325
157	326
157	327
157	328
157	329
157	330
157	331
157	332
157	333
157	334
157	335
157	336
157	346
157	347
157	348
157	349
157	350
157	351
157	352
157	353
157	354
157	355
157	356
157	357
157	367
157	368
157	369
157	370
157	371
157	372
157	373
157	374
157	375
157	376
157	377
157	378
157	388
157	389
157	390
157	391
157	392
157	393
157	394
157	395
157	396
157	397
157	398
157	399
157	409
157	410
157	411
157	412
157	413
157	414
157	415
157	416
157	417
157	418
157	419
157	420
157	430
157	431
157	432
157	433
157	434
157	435
157	436
157	437
157	438
157	439
157	440
157	441
158	159
158	160
158	161
158	162
158	163
158	164
158	165
158	166
158	167
158	168
158	179
158	180
158	181
158	182
158	183
158	184
158	185
158	186
158	187
158	188
158	189
158	200
158	201
158	202
158	203
158	204
158	205
158	206
158	207
158	208
158	209
158	210
158	221
158	222
158	223
158	224
158	225
158	226
158	227
158	228
158	229
158	230
158	231
158	242
158	243
158	244
158	245
158	246
158	247
158	248
158	249
158	250
158	251
158	252
158	263
158	264
158	265
158	266
158	267
158	268
158	269
158	270
158	271
158	272
158	273
158	284
158	285
158	286
158	287
158	288
158	289
158	290
158	291
158	292
158	293
158	294
158	305
158	306
158	307
158	308
158	309
158	310
158	311
158	312
158	313
158	314
158	315
158	326
158	327
158	328
158	329
158	330
158	331
158	332
158	333
158	334
158	335
158	336
158	347
158	348
158	349
158	350
158	351
158	352
158	353
158	354
158	355
158	356
158	357
158	368
158	369
158	370
158	371
158	372
158	373
158	374
158	375
158	376
158	377
158	378
158	389
158	390
158	391
158	392
158	393
158	394
158	395
158	396
158	397
158	398
158	399
158	410
158	411
158	412
158	413
158	414
158	415
158	416
158	417
158	418
158	419
158	420
158	431
158	432
158	433
158	434
158	435
158	436
158	437
158	438
158	439
158	440
158	441
159	160
159	161
159	162
159	163
159	164
159	165
159	166
159	167
159	168
159	180
159	181
159	182
159	183
159	184
159	185
159	186
159	187
159	188
159	189
159	201
159	202
159	203
159	204
159	205
159	206
159	207
159	208
159	209
159	210
159	222
159	223
159	224
159	225
159	226
159	227
159	228
159	229
159	230
159	231
159	243
159	244
159	245
159	246
159	247
159	248
159	249
159	250
159	251
159	252
159	264
159	265
159	266
159	267
159	268
159	269
159	270
159	271
159	272
159	273
159	285
159	286
159	287
159	288
159	289
159	290
159	291
159	292
159	293
159	294
159	306
159	307
159	308
159	309
159	310
159	311
159	312
159	313
159	314
159	315
159	327
159	328
159	329
159	330
159	331
159	332
159	333
159	334
159	335
159	336
159	348
159	349
159	350
159	351
159	352
159	353
159	354
159	355
159	356
159	357
159	369
159	370
159	371
159	372
159	373
159	374
159	375
159	376
159	377
159	378
159	390
159	391
159	392
159	393
159	394
159	395
159	396
159	397
159	398
159	399
159	411
159	412
159	413
159	414
159	415
159	416
159	417
159	418
159	419
159	420
159	432
159	433
159	434
159	435
159	436
159	437
159	438
159	439
159	440
159	441
160	161
160	162
160	163
160	164
160	165
160	166
160	167
160	168
160	181
160	182
160	183
160	184
160	185
160	186
160	187
160	188
160	189
160	202
160	203
160	204
160	205
160	206
160	207
160	208
160	209
160	210
160	223
160	224
160	225
160	226
160	227
160	228
160	229
160	230
160	231
160	244
160	245
160	246
160	247
160	248
160	249
160	250
160	251
160	252
160	265
160	266
160	267
160	268
160	269
160	270
160	271
160	272
160	273
160	286
160	287
160	288
160	289
160	290
160	291
160	292
160	293
160	294
160	307
160	308
160	309
160	310
160	311
160	312
160	313
160	314
160	315
160	328
160	329
160	330
160	331
160	332
160	333
160	334
160	335
160	336
160	349
160	350
160	351
160	352
160	353
160	354
160	355
160	356
160	357
160	370
160	371
160	372
160	373
160	374
160	375
160	376
160	377
160	378
160	391
160	392
160	393
160	394
160	395
160	396
160	397
160	398
160	399
160	412
160	413
160	414
160	415
160	416
160	417
160	418
160	419
160	420
160	433
160	434
160	435
160	436
160	437
160	438
160	439
160	440
160	441
161	162
161	163
161	164
161	165
161	166
161	167
161	168
161	182
161	183
161	184
161	185
161	186
161	187
161	188
161	189
161	203
161	204
161	205
161	206
161	207
161	208
161	209
161	210
161	224
161	225
161	226
161	227
161	228
161	229
161	230
161	231
161	245
161	246
161	247
161	248
161	249
161	250
161	251
161	252
161	266
161	267
161	268
161	269
161	270
161	271
161	272
161	273
161	287
161	288
161	289
161	290
161	291
161	292
161	293
161	294
161	308
161	309
161	310
161	311
161	312
161	313
161	314
161	315
161	329
161	330
161	331
161	332
161	333
161	334
161	335
161	336
161	350
161	351
161	352
161	353
161	354
161	355
161	356
161	357
161	371
161	372
161	373
161	374
161	375
161	376
161	377
161	378
161	392
161	393
161	394
161	395
161	396
161	397
161	398
161	399
161	413
161	414
161	415
161	416
161	417
161	418
161	419
161	420
161	434
161	435
161	436
161	437
161	438
161	439
161	440
161	441
162	163
162	164
162	165
162	166
162	167
162	168
162	183
162	184
162	185
162	186
162	187
162	188
162	189
162	204
162	205
162	206
162	207
162	208
162	209
162	210
162	225
162	226
162	227
162	228
162	229
162	230
162	231
162	246
162	247
162	248
162	249
162	250
162	251
162	252
162	267
162	268
162	269
162	270
162	271
162	272
162	273
162	288
162	289
162	290
162	291
162	292
162	293
162	294
162	309
162	310
162	311
162	312
162	313
162	314
162	315
162	330
162	331
162	332
162	333
162	334
162	335
162	336
162	351
162	352
162	353
162	354
162	355
162	356
162	357
162	372
162	373
162	374
162	375
162	376
162	377
162	378
162	393
162	394
162	395
162	396
162	397
162	398
162	399
162	414
162	415
162	416
162	417
162	418
162	419
162	420
162	435
162	436
162	437
162	438
162	439
162	440
162	441
163	164
163	165
163	166
163	167
163	168
163	184
163	185
163	186
163	187
163	188
163	189
163	205
163	206
163	207
163	208
163	209
163	210
163	226
163	227
163	228
163	229
163	230
163	231
163	247
163	248
163	249
163	250
163	251
163	252
163	268
163	269
163	270
163	271
163	272
163	273
163	289
163	290
163	291
163	292
163	293
163	294
163	310
163	311
163	312
163	313
163	314
163	315
163	331
163	332
163	333
163	334
163	335
163	336
163	352
163	353
163	354
163	355
163	356
163	357
163	373
163	374
163	375
163	376
163	377
163	378
163	394
163	395
163	396
163	397
163	398
163	399
163	415
163	416
163	417
163	418
163	419
163	420
163	436
163	437
163	438
163	439
163	440
163	441
164	165
164	166
164	167
164	168
164	185
164	186
164	187
164	188
164	189
164	206
164	207
164	208
164	209
164	210
164	227
164	228
164	229
164	230
164	231
164	248
164	249
164	250
164	251
164	252
164	269
164	270
164	271
164	272
164	273
164	290
164	291
164	292
164	293
164	294
164	311
164	312
164	313
164	314
164	315
164	332
164	333
164	334
164	335
164	336
164	353
164	354
164	355
164	356
164	357
164	374
164	375
164	376
164	377
164	378
164	395
164	396
164	397
164	398
164	399
164	416
164	417
164	418
164	419
164	420
164	437
164	438
164	439
164	440
164	441
165	166
165	167
165	168
165	186
165	187
165	188
165	189
165	207
165	208
165	209
165	210
165	228
165	229
165	230
165	231
165	249
165	250
165	251
165	252
165	270
165	271
165	272
165	273
165	291
165	292
165	293
165	294
165	312
165	313
165	314
165	315
165	333
165	334
165	335
165	336
165	354
165	355
165	356
165	357
165	375
165	376
165	377
165	378
165	396
165	397
165	398
165	399
165	417
165	418
165	419
165	420
165	438
165	439
165	440
165	441
166	167
166	168
166	187
166	188
166	189
166	208
166	209
166	210
166	229
166	230
166	231
166	250
166	251
166	252
166	271
166	272
166	273
166	292
166	293
166	294
166	313
166	314
166	315
166	334
166	335
166	336
166	355
166	356
166	357
166	376
166	377
166	378
166	397
166	398
166	399
166	418
166	419
166	420
166	439
166	440
166	441
167	168
167	188
167	189
167	209
167	210
167	230
167	231
167	251
167	252
167	272
167	273
167	293
167	294
167	314
167	315
167	335
167	336
167	356
167	357
167	377
167	378
167	398
167	399
167	419
167	420
167	440
167	441
168	189
168	210
168	231
168	252
168	273
168	294
168	315
168	336
168	357
168	378
168	399
168	420
168	441
169	170
169	171
169	172
169	173
169	174
169	175
169	176
169	177
169	178
169	179
169	180
169	181
169	182
169	183
169	184
169	185
169	186
169	187
169	188
169	189
169	190
169	191
169	192
169	193
169	194
169	195
169	196
169	197
169	198
169	199
169	200
169	201
169	202
169	203
169	204
169	205
169	206
169	207
169	208
169	209
169	210
169	211
169	212
169	213
169	214
169	215
169	216
169	217
169	218
169	219
169	220
169	221
169	222
169	223
169	224
169	225
169	226
169	227
169	228
169	229
169	230
169	231
169	232
169	233
169	234
169	235
169	236
169	237
169	238
169	239
169	240
169	241
169	242
169	243
169	244
169	245
169	246
169	247
169	248
169	249
169	250
169	251
169	252
169	253
169	254
169	255
169	256
169	257
169	258
169	259
169	260
169	261
169	262
169	263
169	264
169	265
169	266
169	267
169	268
169	269
169	270
169	271
169	272
169	273
169	274
169	275
169	276
169	277
169	278
169	279
169	280
169	281
169	282
169	283
169	284
169	285
169	286
169	287
169	288
169	289
169	290
169	291
169	292
169	293
169	294
169	295
169	296
169	297
169	298
169	299
169	300
169	301
169	302
169	303
169	304
169	305
169	306
169	307
169	308
169	309
169	310
169	311
169	312
169	313
169	314
169	315
169	316
169	317
169	318
169	319
169	320
169	321
169	322
169	323
169	324
169	325
169	326
169	327
169	328
169	329
169	330
169	331
169	332
169	333
169	334
169	335
169	336
169	337
169	338
169	339
169	340
169	341
169	342
169	343
169	344
169	345
169	346
169	347
169	348
169	349
169	350
169	351
169	352
169	353
169	354
169	355
169	356
169	357
169	358
169	359
169	360
169	361
169	362
169	363
169	364
169	365
169	366
169	367
169	368
169	369
169	370
169	371
169	372
169	373
169	374
169	375
169	376
169	377
169	378
169	379
169	380
169	381
169	382
169	383
169	384
169	385
169	386
169	387
169	388
169	389
169	390
169	391
169	392
169	393
169	394
169	395
169	396
169	397
169	398
169	399
169	400
169	401
169	402
169	403
169	404
169	405
169	406
169	407
169	408
169	409
169	410
169	411
169	412
169	413
169	414
169	415
169	416
169	417
169	418
169	419
169	420
169	421
169	422
169	423
169	424
169	425
169	426
169	427
169	428
169	429
169	430
169	431
169	432
169	433
169	434
169	435
169	436
169	437
169	438
169	439
169	440
169	441
170	171
170	172
170	173
170	174
170	175
170	176
170	177
170	178
170	179
170	180
170	181
170	182
170	183
170	184
170	185
170	186
170	187
170	188
170	189
170	191
170	192
170	193
170	194
170	195
170	196
170	197
170	198
170	199
170	200
170	201
170	202
170	203
170	204
170	205
170	206
170	207
170	208
170	209
170	210
170	212
170	213
170	214
170	215
170	216
170	217
170	218
170	219
170	220
170	221
170	222
170	223
170	224
170	225
170	226
170	227
170	228
170	229
170	230
170	231
170	233
170	234
170	235
170	236
170	237
170	238
170	239
170	240
170	241
170	242
170	243
170	244
170	245
170	246
170	247
170	248
170	249
170	250
170	251
170	252
170	254
170	255
170	256
170	257
170	258
170	259
170	260
170	261
170	262
170	263
170	264
170	265
170	266
170	267
170	268
170	269
170	270
170	271
170	272
170	273
170	275
170	276
170	277
170	278
170	279
170	280
170	281
170	282
170	283
170	284
170	285
170	286
170	287
170	288
170	289
170	290
170	291
170	292
170	293
170	294
170	296
170	297
170	298
170	299
170	300
170	301
170	302
170	303
170	304
170	305
170	306
170	307
170	308
170	309
170	310
170	311
170	312
170	313
170	314
170	315
170	317
170	318
170	319
170	320
170	321
170	322
170	323
170	324
170	325
170	326
170	327
170	328
170	329
170	330
170	331
170	332
170	333
170	334
170	335
170	336
170	338
170	339
170	340
170	341
170	342
170	343
170	344
170	345
170	346
170	347
170	348
170	349
170	350
170	351
170	352
170	353
170	354
170	355
170	356
170	357
170	359
170	360
170	361
170	362
170	363
170	364
170	365
170	366
170	367
170	368
170	369
170	370
170	371
170	372
170	373
170	374
170	375
170	376
170	377
170	378
170	380
170	381
170	382
170	383
170	384
170	385
170	386
170	387
170	388
170	389
170	390
170	391
170	392
170	393
170	394
170	395
170	396
170	397
170	398
170	399
170	401
170	402
170	403
170	404
170	405
170	406
170	407
170	408
170	409
170	410
170	411
170	412
170	413
170	414
170	415
170	416
170	417
170	418
170	419
170	420
170	422
170	423
170	424
170	425
170	426
170	427
170	428
170	429
170	430
170	431
170	432
170	433
170	434
170	435
170	436
170	437
170	438
170	439
170	440
170	441
171	172
171	173
171	174
171	175
171	176
171	177
171	178
171	179
171	180
171	181
171	182
171	183
171	184
171	185
171	186
171	187
171	188
171	189
171	192
171	193
171	194
171	195
171	196
171	197
171	198
171	199
171	200
171	201
171	202
171	203
171	204
171	205
171	206
171	207
171	208
171	209
171	210
171	213
171	214
171	215
171	216
171	217
171	218
171	219
171	220
171	221
171	222
171	223
171	224
171	225
171	226
171	227
171	228
171	229
171	230
171	231
171	234
171	235
171	236
171	237
171	238
171	239
171	240
171	241
171	242
171	243
171	244
171	245
171	246
171	247
171	248
171	249
171	250
171	251
171	252
171	255
171	256
171	257
171	258
171	259
171	260
171	261
171	262
171	263
171	264
171	265
171	266
171	267
171	268
171	269
171	270
171	271
171	272
171	273
171	276
171	277
171	278
171	279
171	280
171	281
171	282
171	283
171	284
171	285
171	286
171	287
171	288
171	289
171	290
171	291
171	292
171	293
171	294
171	297
171	298
171	299
171	300
171	301
171	302
171	303
171	304
171	305
171	306
171	307
171	308
171	309
171	310
171	311
171	312
171	313
171	314
171	315
171	318
171	319
171	320
171	321
171	322
171	323
171	324
171	325
171	326
171	327
171	328
171	329
171	330
171	331
171	332
171	333
171	334
171	335
171	336
171	339
171	340
171	341
171	342
171	343
171	344
171	345
171	346
171	347
171	348
171	349
171	350
171	351
171	352
171	353
171	354
171	355
171	356
171	357
171	360
171	361
171	362
171	363
171	364
171	365
171	366
171	367
171	368
171	369
171	370
171	371
171	372
171	373
171	374
171	375
171	376
171	377
171	378
171	381
171	382
171	383
171	384
171	385
171	386
171	387
171	388
171	389
171	390
171	391
171	392
171	393
171	394
171	395
171	396
171	397
171	398
171	399
171	402
171	403
171	404
171	405
171	406
171	407
171	408
171	409
171	410
171	411
171	412
171	413
171	414
171	415
171	416
171	417
171	418
171	419
171	420
171	423
171	424
171	425
171	426
171	427
171	428
171	429
171	430
171	431
171	432
171	433
171	434
171	435
171	436
171	437
171	438
171	439
171	440
171	441
172	173
172	174
172	175
172	176
172	177
172	178
172	179
172	180
172	181
172	182
172	183
172	184
172	185
172	186
172	187
172	188
172	189
172	193
172	194
172	195
172	196
172	197
172	198
172	199
172	200
172	201
172	202
172	203
172	204
172	205
172	206
172	207
172	208
172	209
172	210
172	214
172	215
172	216
172	217
172	218
172	219
172	220
172	221
172	222
172	223
172	224
172	225
172	226
172	227
172	228
172	229
172	230
172	231
172	235
172	236
172	237
172	238
172	239
172	240
172	241
172	242
172	243
172	244
172	245
172	246
172	247
172	248
172	249
172	250
172	251
172	252
172	256
172	257
172	258
172	259
172	260
172	261
172	262
172	263
172	264
172	265
172	266
172	267
172	268
172	269
172	270
172	271
172	272
172	273
172	277
172	278
172	279
172	280
172	281
172	282
172	283
172	284
172	285
172	286
172	287
172	288
172	289
172	290
172	291
172	292
172	293
172	294
172	298
172	299
172	300
172	301
172	302
172	303
172	304
172	305
172	306
172	307
172	308
172	309
172	310
172	311
172	312
172	313
172	314
172	315
172	319
172	320
172	321
172	322
172	323
172	324
172	325
172	326
172	327
172	328
172	329
172	330
172	331
172	332
172	333
172	334
172	335
172	336
172	340
172	341
172	342
172	343
172	344
172	345
172	346
172	347
172	348
172	349
172	350
172	351
172	352
172	353
172	354
172	355
172	356
172	357
172	361
172	362
172	363
172	364
172	365
172	366
172	367
172	368
172	369
172	370
172	371
172	372
172	373
172	374
172	375
172	376
172	377
172	378
172	382
172	383
172	384
172	385
172	386
172	387
172	388
172	389
172	390
172	391
172	392
172	393
172	394
172	395
172	396
172	397
172	398
172	399
172	403
172	404
172	405
172	406
172	407
172	408
172	409
172	410
172	411
172	412
172	413
172	414
172	415
172	416
172	417
172	418
172	419
172	420
172	424
172	425
172	426
172	427
172	428
172	429
172	430
172	431
172	432
172	433
172	434
172	435
172	436
172	437
172	438
172	439
172	440
172	441
173	174
173	175
173	176
173	177
173	178
173	179
173	180
173	181
173	182
173	183
173	184
173	185
173	186
173	187
173	188
173	189
173	194
173	195
173	196
173	197
173	198
173	199
173	200
173	201
173	202
173	203
173	204
173	205
173	206
173	207
173	208
173	209
173	210
173	215
173	216
173	217
173	218
173	219
173	220
173	221
173	222
173	223
173	224
173	225
173	226
173	227
173	228
173	229
173	230
173	231
173	236
173	237
173	238
173	239
173	240
173	241
173	242
173	243
173	244
173	245
173	246
173	247
173	248
173	249
173	250
173	251
173	252
173	257
173	258
173	259
173	260
173	261
173	262
173	263
173	264
173	265
173	266
173	267
173	268
173	269
173	270
173	271
173	272
173	273
173	278
173	279
173	280
173	281
173	282
173	283
173	284
173	285
173	286
173	287
173	288
173	289
173	290
173	291
173	292
173	293
173	294
173	299
173	300
173	301
173	302
173	303
173	304
173	305
173	306
173	307
173	308
173	309
173	310
173	311
173	312
173	313
173	314
173	315
173	320
173	321
173	322
173	323
173	324
173	325
173	326
173	327
173	328
173	329
173	330
173	331
173	332
173	333
173	334
173	335
173	336
173	341
173	342
173	343
173	344
173	345
173	346
173	347
173	348
173	349
173	350
173	351
173	352
173	353
173	354
173	355
173	356
173	357
173	362
173	363
173	364
173	365
173	366
173	367
173	368
173	369
173	370
173	371
173	372
173	373
173	374
173	375
173	376
173	377
173	378
173	383
173	384
173	385
173	386
173	387
173	388
173	389
173	390
173	391
173	392
173	393
173	394
173	395
173	396
173	397
173	398
173	399
173	404
173	405
173	406
173	407
173	408
173	409
173	410
173	411
173	412
173	413
173	414
173	415
173	416
173	417
173	418
173	419
173	420
173	425
173	426
173	427
173	428
173	429
173	430
173	431
173	432
173	433
173	434
173	435
173	436
173	437
173	438
173	439
173	440
173	441
174	175
174	176
174	177
174	178
174	179
174	180
174	181
174	182
174	183
174	184
174	185
174	186
174	187
174	188
174	189
174	195
174	196
174	197
174	198
174	199
174	200
174	201
174	202
174	203
174	204
174	205
174	206
174	207
174	208
174	209
174	210
174	216
174	217
174	218
174	219
174	220
174	221
174	222
174	223
174	224
174	225
174	226
174	227
174	228
174	229
174	230
174	231
174	237
174	238
174	239
174	240
174	241
174	242
174	243
174	244
174	245
174	246
174	247
174	248
174	249
174	250
174	251
174	252
174	258
174	259
174	260
174	261
174	262
174	263
174	264
174	265
174	266
174	267
174	268
174	269
174	270
174	271
174	272
174	273
174	279
174	280
174	281
174	282
174	283
174	284
174	285
174	286
174	287
174	288
174	289
174	290
174	291
174	292
174	293
174	294
174	300
174	301
174	302
174	303
174	304
174	305
174	306
174	307
174	308
174	309
174	310
174	311
174	312
174	313
174	314
174	315
174	321
174	322
174	323
174	324
174	325
174	326
174	327
174	328
174	329
174	330
174	331
174	332
174	333
174	334
174	335
174	336
174	342
174	343
174	344
174	345
174	346
174	347
174	348
174	349
174	350
174	351
174	352
174	353
174	354
174	355
174	356
174	357
174	363
174	364
174	365
174	366
174	367
174	368
174	369
174	370
174	371
174	372
174	373
174	374
174	375
174	376
174	377
174	378
174	384
174	385
174	386
174	387
174	388
174	389
174	390
174	391
174	392
174	393
174	394
174	395
174	396
174	397
174	398
174	399
174	405
174	406
174	407
174	408
174	409
174	410
174	411
174	412
174	413
174	414
174	415
174	416
174	417
174	418
174	419
174	420
174	426
174	427
174	428
174	429
174	430
174	431
174	432
174	433
174	434
174	435
174	436
174	437
174	438
174	439
174	440
174	441
175	176
175	177
175	178
175	179
175	180
175	181
175	182
175	183
175	184
175	185
175	186
175	187
175	188
175	189
175	196
175	197
175	198
175	199
175	200
175	201
175	202
175	203
175	204
175	205
175	206
175	207
175	208
175	209
175	210
175	217
175	218
175	219
175	220
175	221
175	222
175	223
175	224
175	225
175	226
175	227
175	228
175	229
175	230
175	231
175	238
175	239
175	240
175	241
175	242
175	243
175	244
175	245
175	246
175	247
175	248
175	249
175	250
175	251
175	252
175	259
175	260
175	261
175	262
175	263
175	264
175	265
175	266
175	267
175	268
175	269
175	270
175	271
175	272
175	273
175	280
175	281
175	282
175	283
175	284
175	285
175	286
175	287
175	288
175	289
175	290
175	291
175	292
175	293
175	294
175	301
175	302
175	303
175	304
175	305
175	306
175	307
175	308
175	309
175	310
175	311
175	312
175	313
175	314
175	315
175	322
175	323
175	324
175	325
175	326
175	327
175	328
175	329
175	330
175	331
175	332
175	333
175	334
175	335
175	336
175	343
175	344
175	345
175	346
175	347
175	348
175	349
175	350
175	351
175	352
175	353
175	354
175	355
175	356
175	357
175	364
175	365
175	366
175	367
175	368
175	369
175	370
175	371
175	372
175	373
175	374
175	375
175	376
175	377
175	378
175	385
175	386
175	387
175	388
175	389
175	390
175	391
175	392
175	393
175	394
175	395
175	396
175	397
175	398
175	399
175	406
175	407
175	408
175	409
175	410
175	411
175	412
175	413
175	414
175	415
175	416
175	417
175	418
175	419
175	420
175	427
175	428
175	429
175	430
175	431
175	432
175	433
175	434
175	435
175	436
175	437
175	438
175	439
175	440
175	441
176	177
176	178
176	179
176	180
176	181
176	182
176	183
176	184
176	185
176	186
176	187
176	188
176	189
176	197
176	198
176	199
176	200
176	201
176	202
176	203
176	204
176	205
176	206
176	207
176	208
176	209
176	210
176	218
176	219
176	220
176	221
176	222
176	223
176	224
176	225
176	226
176	227
176	228
176	229
176	230
176	231
176	239
176	240
176	241
176	242
176	243
176	244
176	245
176	246
176	247
176	248
176	249
176	250
176	251
176	252
176	260
176	261
176	262
176	263
176	264
176	265
176	266
176	267
176	268
176	269
176	270
176	271
176	272
176	273
176	281
176	282
176	283
176	284
176	285
176	286
176	287
176	288
176	289
176	290
176	291
176	292
176	293
176	294
176	302
176	303
176	304
176	305
176	306
176	307
176	308
176	309
176	310
176	311
176	312
176	313
176	314
176	315
176	323
176	324
176	325
176	326
176	327
176	328
176	329
176	330
176	331
176	332
176	333
176	334
176	335
176	336
176	344
176	345
176	346
176	347
176	348
176	349
176	350
176	351
176	352
176	353
176	354
176	355
176	356
176	357
176	365
176	366
176	367
176	368
176	369
176	370
176	371
176	372
176	373
176	374
176	375
176	376
176	377
176	378
176	386
176	387
176	388
176	389
176	390
176	391
176	392
176	393
176	394
176	395
176	396
176	397
176	398
176	399
176	407
176	408
176	409
176	410
176	411
176	412
176	413
176	414
176	415
176	416
176	417
176	418
176	419
176	420
176	428
176	429
176	430
176	431
176	432
176	433
176	434
176	435
176	436
176	437
176	438
176	439
176	440
176	441
177	178
177	179
177	180
177	181
177	182
177	183
177	184
177	185
177	186
177	187
177	188
177	189
177	198
177	199
177	200
177	201
177	202
177	203
177	204
177	205
177	206
177	207
177	208
177	209
177	210
177	219
177	220
177	221
177	222
177	223
177	224
177	225
177	226
177	227
177	228
177	229
177	230
177	231
177	240
177	241
177	242
177	243
177	244
177	245
177	246
177	247
177	248
177	249
177	250
177	251
177	252
177	261
177	262
177	263
177	264
177	265
177	266
177	267
177	268
177	269
177	270
177	271
177	272
177	273
177	282
177	283
177	284
177	285
177	286
177	287
177	288
177	289
177	290
177	291
177	292
177	293
177	294
177	303
177	304
177	305
177	306
177	307
177	308
177	309
177	310
177	311
177	312
177	313
177	314
177	315
177	324
177	325
177	326
177	327
177	328
177	329
177	330
177	331
177	332
177	333
177	334
177	335
177	336
177	345
177	346
177	347
177	348
177	349
177	350
177	351
177	352
177	353
177	354
177	355
177	356
177	357
177	366
177	367
177	368
177	369
177	370
177	371
177	372
177	373
177	374
177	375
177	376
177	377
177	378
177	387
177	388
177	389
177	390
177	391
177	392
177	393
177	394
177	395
177	396
177	397
177	398
177	399
177	408
177	409
177	410
177	411
177	412
177	413
177	414
177	415
177	416
177	417
177	418
177	419
177	420
177	429
177	430
177	431
177	432
177	433
177	434
177	435
177	436
177	437
177	438
177	439
177	440
177	441
178	179
178	180
178	181
178	182
178	183
178	184
178	185
178	186
178	187
178	188
178	189
178	199
178	200
178	201
178	202
178	203
178	204
178	205
178	206
178	207
178	208
178	209
178	210
178	220
178	221
178	222
178	223
178	224
178	225
178	226
178	227
178	228
178	229
178	230
178	231
178	241
178	242
178	243
178	244
178	245
178	246
178	247
178	248
178	249
178	250
178	251
178	252
178	262
178	263
178	264
178	265
178	266
178	267
178	268
178	269
178	270
178	271
178	272
178	273
178	283
178	284
178	285
178	286
178	287
178	288
178	289
178	290
178	291
178	292
178	293
178	294
178	304
178	305
178	306
178	307
178	308
178	309
178	310
178	311
178	312
178	313
178	314
178	315
178	325
178	326
178	327
178	328
178	329
178	330
178	331
178	332
178	333
178	334
178	335
178	336
178	346
178	347
178	348
178	349
178	350
178	351
178	352
178	353
178	354
178	355
178	356
178	357
178	367
178	368
178	369
178	370
178	371
178	372
178	373
178	374
178	375
178	376
178	377
178	378
178	388
178	389
178	390
178	391
178	392
178	393
178	394
178	395
178	396
178	397
178	398
178	399
178	409
178	410
178	411
178	412
178	413
178	414
178	415
178	416
178	417
178	418
178	419
178	420
178	430
178	431
178	432
178	433
178	434
178	435
178	436
178	437
178	438
178	439
178	440
178	441
179	180
179	181
179	182
179	183
179	184
179	185
179	186
179	187
179	188
179	189
179	200
179	201
179	202
179	203
179	204
179	205
179	206
179	207
179	208
179	209
179	210
179	221
179	222
179	223
179	224
179	225
179	226
179	227
179	228
179	229
179	230
179	231
179	242
179	243
179	244
179	245
179	246
179	247
179	248
179	249
179	250
179	251
179	252
179	263
179	264
179	265
179	266
179	267
179	268
179	269
179	270
179	271
179	272
179	273
179	284
179	285
179	286
179	287
179	288
179	289
179	290
179	291
179	292
179	293
179	294
179	305
179	306
179	307
179	308
179	309
179	310
179	311
179	312
179	313
179	314
179	315
179	326
179	327
179	328
179	329
179	330
179	331
179	332
179	333
179	334
179	335
179	336
179	347
179	348
179	349
179	350
179	351
179	352
179	353
179	354
179	355
179	356
179	357
179	368
179	369
179	370
179	371
179	372
179	373
179	374
179	375
179	376
179	377
179	378
179	389
179	390
179	391
179	392
179	393
179	394
179	395
179	396
179	397
179	398
179	399
179	410
179	411
179	412
179	413
179	414
179	415
179	416
179	417
179	418
179	419
179	420
179	431
179	432
179	433
179	434
179	435
179	436
179	437
179	438
179	439
179	440
179	441
180	181
180	182
180	183
180	184
180	185
180	186
180	187
180	188
180	189
180	201
180	202
180	203
180	204
180	205
180	206
180	207
180	208
180	209
180	210
180	222
180	223
180	224
180	225
180	226
180	227
180	228
180	229
180	230
180	231
180	243
180	244
180	245
180	246
180	247
180	248
180	249
180	250
180	251
180	252
180	264
180	265
180	266
180	267
180	268
180	269
180	270
180	271
180	272
180	273
180	285
180	286
180	287
180	288
180	289
180	290
180	291
180	292
180	293
180	294
180	306
180	307
180	308
180	309
180	310
180	311
180	312
180	313
180	314
180	315
180	327
180	328
180	329
180	330
180	331
180	332
180	333
180	334
180	335
180	336
180	348
180	349
180	350
180	351
180	352
180	353
180	354
180	355
180	356
180	357
180	369
180	370
180	371
180	372
180	373
180	374
180	375
180	376
180	377
180	378
180	390
180	391
180	392
180	393
180	394
180	395
180	396
180	397
180	398
180	399
180	411
180	412
180	413
180	414
180	415
180	416
180	417
180	418
180	419
180	420
180	432
180	433
180	434
180	435
180	436
180	437
180	438
180	439
180	440
180	441
181	182
181	183
181	184
181	185
181	186
181	187
181	188
181	189
181	202
181	203
181	204
181	205
181	206
181	207
181	208
181	209
181	210
181	223
181	224
181	225
181	226
181	227
181	228
181	229
181	230
181	231
181	244
181	245
181	246
181	247
181	248
181	249
181	250
181	251
181	252
181	265
181	266
181	267
181	268
181	269
181	270
181	271
181	272
181	273
181	286
181	287
181	288
181	289
181	290
181	291
181	292
181	293
181	294
181	307
181	308
181	309
181	310
181	311
181	312
181	313
181	314
181	315
181	328
181	329
181	330
181	331
181	332
181	333
181	334
181	335
181	336
181	349
181	350
181	351
181	352
181	353
181	354
181	355
181	356
181	357
181	370
181	371
181	372
181	373
181	374
181	375
181	376
181	377
181	378
181	391
181	392
181	393
181	394
181	395
181	396
181	397
181	398
181	399
181	412
181	413
181	414
181	415
181	416
181	417
181	418
181	419
181	420
181	433
181	434
181	435
181	436
181	437
181	438
181	439
181	440
181	441
182	183
182	184
182	185
182	186
182	187
182	188
182	189
182	203
182	204
182	205
182	206
182	207
182	208
182	209
182	210
182	224
182	225
182	226
182	227
182	228
182	229
182	230
182	231
182	245
182	246
182	247
182	248
182	249
182	250
182	251
182	252
182	266
182	267
182	268
182	269
182	270
182	271
182	272
182	273
182	287
182	288
182	289
182	290
182	291
182	292
182	293
182	294
182	308
182	309
182	310
182	311
182	312
182	313
182	314
182	315
182	329
182	330
182	331
182	332
182	333
182	334
182	335
182	336
182	350
182	351
182	352
182	353
182	354
182	355
182	356
182	357
182	371
182	372
182	373
182	374
182	375
182	376
182	377
182	378
182	392
182	393
182	394
182	395
182	396
182	397
182	398
182	399
182	413
182	414
182	415
182	416
182	417
182	418
182	419
182	420
182	434
182	435
182	436
182	437
182	438
182	439
182	440
182	441
183	184
183	185
183	186
183	187
183	188
183	189
183	204
183	205
183	206
183	207
183	208
183	209
183	210
183	225
183	226
183	227
183	228
183	229
183	230
183	231
183	246
183	247
183	248
183	249
183	250
183	251
183	252
183	267
183	268
183	269
183	270
183	271
183	272
183	273
183	288
183	289
183	290
183	291
183	292
183	293
183	294
183	309
183	310
183	311
183	312
183	313
183	314
183	315
183	330
183	331
183	332
183	333
183	334
183	335
183	336
183	351
183	352
183	353
183	354
183	355
183	356
183	357
183	372
183	373
183	374
183	375
183	376
183	377
183	378
183	393
183	394
183	395
183	396
183	397
183	398
183	399
183	414
183	415
183	416
183	417
183	418
183	419
183	420
183	435
183	436
183	437
183	438
183	439
183	440
183	441
184	185
184	186
184	187
184	188
184	189
184	205
184	206
184	207
184	208
184	209
184	210
184	226
184	227
184	228
184	229
184	230
184	231
184	247
184	248
184	249
184	250
184	251
184	252
184	268
184	269
184	270
184	271
184	272
184	273
184	289
184	290
184	291
184	292
184	293
184	294
184	310
184	311
184	312
184	313
184	314
184	315
184	331
184	332
184	333
184	334
184	335
184	336
184	352
184	353
184	354
184	355
184	356
184	357
184	373
184	374
184	375
184	376
184	377
184	378
184	394
184	395
184	396
184	397
184	398
184	399
184	415
184	416
184	417
184	418
184	419
184	420
184	436
184	437
184	438
184	439
184	440
184	441
185	186
185	187
185	188
185	189
185	206
185	207
185	208
185	209
185	210
185	227
185	228
185	229
185	230
185	231
185	248
185	249
185	250
185	251
185	252
185	269
185	270
185	271
185	272
185	273
185	290
185	291
185	292
185	293
185	294
185	311
185	312
185	313
185	314
185	315
185	332
185	333
185	334
185	335
185	336
185	353
185	354
185	355
185	356
185	357
185	374
185	375
185	376
185	377
185	378
185	395
185	396
185	397
185	398
185	399
185	416
185	417
185	418
185	419
185	420
185	437
185	438
185	439
185	440
185	441
186	187
186	188
186	189
186	207
186	208
186	209
186	210
186	228
186	229
186	230
186	231
186	249
186	250
186	251
186	252
186	270
186	271
186	272
186	273
186	291
186	292
186	293
186	294
186	312
186	313
186	314
186	315
186	333
186	334
186	335
186	336
186	354
186	355
186	356
186	357
186	375
186	376
186	377
186	378
186	396
186	397
186	398
186	399
186	417
186	418
186	419
186	420
186	438
186	439
186	440
186	441
187	188
187	189
187	208
187	209
187	210
187	229
187	230
187	231
187	250
187	251
187	252
187	271
187	272
187	273
187	292
187	293
187	294
187	313
187	314
187	315
187	334
187	335
187	336
187	355
187	356
187	357
187	376
187	377
187	378
187	397
187	398
187	399
187	418
187	419
187	420
187	439
187	440
187	441
188	189
188	209
188	210
188	230
188	231
188	251
188	252
188	272
188	273
188	293
188	294
188	314
188	315
188	335
188	336
188	356
188	357
188	377
188	378
188	398
188	399
188	419
188	420
188	440
188	441
189	210
189	231
189	252
189	273
189	294
189	315
189	336
189	357
189	378
189	399
189	420
189	441
190	191
190	192
190	193
190	194
190	195
190	196
190	197
190	198
190	199
190	200
190	201
190	202
190	203
190	204
190	205
190	206
190	207
190	208
190	209
190	210
190	211
190	212
190	213
190	214
190	215
190	216
190	217
190	218
190	219
190	220
190	221
190	222
190	223
190	224
190	225
190	226
190	227
190	228
190	229
190	230
190	231
190	232
190	233
190	234
190	235
190	236
190	237
190	238
190	239
190	240
190	241
190	242
190	243
190	244
190	245
190	246
190	247
190	248
190	249
190	250
190	251
190	252
190	253
190	254
190	255
190	256
190	257
190	258
190	259
190	260
190	261
190	262
190	263
190	264
190	265
190	266
190	267
190	268
190	269
190	270
190	271
190	272
190	273
190	274
190	275
190	276
190	277
190	278
190	279
190	280
190	281
190	282
190	283
190	284
190	285
190	286
190	287
190	288
190	289
190	290
190	291
190	292
190	293
190	294
190	295
190	296
190	297
190	298
190	299
190	300
190	301
190	302
190	303
190	304
190	305
190	306
190	307
190	308
190	309
190	310
190	311
190	312
190	313
190	314
190	315
190	316
190	317
190	318
190	319
190	320
190	321
190	322
190	323
190	324
190	325
190	326
190	327
190	328
190	329
190	330
190	331
190	332
190	333
190	334
190	335
190	336
190	337
190	338
190	339
190	340
190	341
190	342
190	343
190	344
190	345
190	346
190	347
190	348
190	349
190	350
190	351
190	352
190	353
190	354
190	355
190	356
190	357
190	358
190	359
190	360
190	361
190	362
190	363
190	364
190	365
190	366
190	367
190	368
190	369
190	370
190	371
190	372
190	373
190	374
190	375
190	376
190	377
190	378
190	379
190	380
190	381
190	382
190	383
190	384
190	385
190	386
190	387
190	388
190	389
190	390
190	391
190	392
190	393
190	394
190	395
190	396
190	397
190	398
190	399
190	400
190	401
190	402
190	403
190	404
190	405
190	406
190	407
190	408
190	409
190	410
190	411
190	412
190	413
190	414
190	415
190	416
190	417
190	418
190	419
190	420
190	421
190	422
190	423
190	424
190	425
190	426
190	427
190	428
190	429
190	430
190	431
190	432
190	433
190	434
190	435
190	436
190	437
190	438
190	439
190	440
190	441
191	192
191	193
191	194
191	195
191	196
191	197
191	198
191	199
191	200
191	201
191	202
191	203
191	204
191	205
191	206
191	207
191	208
191	209
191	210
191	212
191	213
191	214
191	215
191	216
191	217
191	218
191	219
191	220
191	221
191	222
191	223
191	224
191	225
191	226
191	227
191	228
191	229
191	230
191	231
191	233
191	234
191	235
191	236
191	237
191	238
191	239
191	240
191	241
191	242
191	243
191	244
191	245
191	246
191	247
191	248
191	249
191	250
191	251
191	252
191	254
191	255
191	256
191	257
191	258
191	259
191	260
191	261
191	262
191	263
191	264
191	265
191	266
191	267
191	268
191	269
191	270
191	271
191	272
191	273
191	275
191	276
191	277
191	278
191	279
191	280
191	281
191	282
191	283
191	284
191	285
191	286
191	287
191	288
191	289
191	290
191	291
191	292
191	293
191	294
191	296
191	297
191	298
191	299
191	300
191	301
191	302
191	303
191	304
191	305
191	306
191	307
191	308
191	309
191	310
191	311
191	312
191	313
191	314
191	315
191	317
191	318
191	319
191	320
191	321
191	322
191	323
191	324
191	325
191	326
191	327
191	328
191	329
191	330
191	331
191	332
191	333
191	334
191	335
191	336
191	338
191	339
191	340
191	341
191	342
191	343
191	344
191	345
191	346
191	347
191	348
191	349
191	350
191	351
191	352
191	353
191	354
191	355
191	356
191	357
191	359
191	360
191	361
191	362
191	363
191	364
191	365
191	366
191	367
191	368
191	369
191	370
191	371
191	372
191	373
191	374
191	375
191	376
191	377
191	378
191	380
191	381
191	382
191	383
191	384
191	385
191	386
191	387
191	388
191	389
191	390
191	391
191	392
191	393
191	394
191	395
191	396
191	397
191	398
191	399
191	401
191	402
191	403
191	404
191	405
191	406
191	407
191	408
191	409
191	410
191	411
191	412
191	413
191	414
191	415
191	416
191	417
191	418
191	419
191	420
191	422
191	423
191	424
191	425
191	426
191	427
191	428
191	429
191	430
191	431
191	432
191	433
191	434
191	435
191	436
191	437
191	438
191	439
191	440
191	441
192	193
192	194
192	195
192	196
192	197
192	198
192	199
192	200
192	201
192	202
192	203
192	204
192	205
192	206
192	207
192	208
192	209
192	210
192	213
192	214
192	215
192	216
192	217
192	218
192	219
192	220
192	221
192	222
192	223
192	224
192	225
192	226
192	227
192	228
192	229
192	230
192	231
192	234
192	235
192	236
192	237
192	238
192	239
192	240
192	241
192	242
192	243
192	244
192	245
192	246
192	247
192	248
192	249
192	250
192	251
192	252
192	255
192	256
192	257
192	258
192	259
192	260
192	261
192	262
192	263
192	264
192	265
192	266
192	267
192	268
192	269
192	270
192	271
192	272
192	273
192	276
192	277
192	278
192	279
192	280
192	281
192	282
192	283
192	284
192	285
192	286
192	287
192	288
192	289
192	290
192	291
192	292
192	293
192	294
192	297
192	298
192	299
192	300
192	301
192	302
192	303
192	304
192	305
192	306
192	307
192	308
192	309
192	310
192	311
192	312
192	313
192	314
192	315
192	318
192	319
192	320
192	321
192	322
192	323
192	324
192	325
192	326
192	327
192	328
192	329
192	330
192	331
192	332
192	333
192	334
192	335
192	336
192	339
192	340
192	341
192	342
192	343
192	344
192	345
192	346
192	347
192	348
192	349
192	350
192	351
192	352
192	353
192	354
192	355
192	356
192	357
192	360
192	361
192	362
192	363
192	364
192	365
192	366
192	367
192	368
192	369
192	370
192	371
192	372
192	373
192	374
192	375
192	376
192	377
192	378
192	381
192	382
192	383
192	384
192	385
192	386
192	387
192	388
192	389
192	390
192	391
192	392
192	393
192	394
192	395
192	396
192	397
192	398
192	399
192	402
192	403
192	404
192	405
192	406
192	407
192	408
192	409
192	410
192	411
192	412
192	413
192	414
192	415
192	416
192	417
192	418
192	419
192	420
192	423
192	424
192	425
192	426
192	427
192	428
192	429
192	430
192	431
192	432
192	433
192	434
192	435
192	436
192	437
192	438
192	439
192	440
192	441
193	194
193	195
193	196
193	197
193	198
193	199
193	200
193	201
193	202
193	203
193	204
193	205
193	206
193	207
193	208
193	209
193	210
193	214
193	215
193	216
193	217
193	218
193	219
193	220
193	221
193	222
193	223
193	224
193	225
193	226
193	227
193	228
193	229
193	230
193	231
193	235
193	236
193	237
193	238
193	239
193	240
193	241
193	242
193	243
193	244
193	245
193	246
193	247
193	248
193	249
193	250
193	251
193	252
193	256
193	257
193	258
193	259
193	260
193	261
193	262
193	263
193	264
193	265
193	266
193	267
193	268
193	269
193	270
193	271
193	272
193	273
193	277
193	278
193	279
193	280
193	281
193	282
193	283
193	284
193	285
193	286
193	287
193	288
193	289
193	290
193	291
193	292
193	293
193	294
193	298
193	299
193	300
193	301
193	302
193	303
193	304
193	305
193	306
193	307
193	308
193	309
193	310
193	311
193	312
193	313
193	314
193	315
193	319
193	320
193	321
193	322
193	323
193	324
193	325
193	326
193	327
193	328
193	329
193	330
193	331
193	332
193	333
193	334
193	335
193	336
193	340
193	341
193	342
193	343
193	344
193	345
193	346
193	347
193	348
193	349
193	350
193	351
193	352
193	353
193	354
193	355
193	356
193	357
193	361
193	362
193	363
193	364
193	365
193	366
193	367
193	368
193	369
193	370
193	371
193	372
193	373
193	374
193	375
193	376
193	377
193	378
193	382
193	383
193	384
193	385
193	386
193	387
193	388
193	389
193	390
193	391
193	392
193	393
193	394
193	395
193	396
193	397
193	398
193	399
193	403
193	404
193	405
193	406
193	407
193	408
193	409
193	410
193	411
193	412
193	413
193	414
193	415
193	416
193	417
193	418
193	419
193	420
193	424
193	425
193	426
193	427
193	428
193	429
193	430
193	431
193	432
193	433
193	434
193	435
193	436
193	437
193	438
193	439
193	440
193	441
194	195
194	196
194	197
194	198
194	199
194	200
194	201
194	202
194	203
194	204
194	205
194	206
194	207
194	208
194	209
194	210
194	215
194	216
194	217
194	218
194	219
194	220
194	221
194	222
194	223
194	224
194	225
194	226
194	227
194	228
194	229
194	230
194	231
194	236
194	237
194	238
194	239
194	240
194	241
194	242
194	243
194	244
194	245
194	246
194	247
194	248
194	249
194	250
194	251
194	252
194	257
194	258
194	259
194	260
194	261
194	262
194	263
194	264
194	265
194	266
194	267
194	268
194	269
194	270
194	271
194	272
194	273
194	278
194	279
194	280
194	281
194	282
194	283
194	284
194	285
194	286
194	287
194	288
194	289
194	290
194	291
194	292
194	293
194	294
194	299
194	300
194	301
194	302
194	303
194	304
194	305
194	306
194	307
194	308
194	309
194	310
194	311
194	312
194	313
194	314
194	315
194	320
194	321
194	322
194	323
194	324
194	325
194	326
194	327
194	328
194	329
194	330
194	331
194	332
194	333
194	334
194	335
194	336
194	341
194	342
194	343
194	344
194	345
194	346
194	347
194	348
194	349
194	350
194	351
194	352
194	353
194	354
194	355
194	356
194	357
194	362
194	363
194	364
194	365
194	366
194	367
194	368
194	369
194	370
194	371
194	372
194	373
194	374
194	375
194	376
194	377
194	378
194	383
194	384
194	385
194	386
194	387
194	388
194	389
194	390
194	391
194	392
194	393
194	394
194	395
194	396
194	397
194	398
194	399
194	404
194	405
194	406
194	407
194	408
194	409
194	410
194	411
194	412
194	413
194	414
194	415
194	416
194	417
194	418
194	419
194	420
194	425
194	426
194	427
194	428
194	429
194	430
194	431
194	432
194	433
194	434
194	435
194	436
194	437
194	438
194	439
194	440
194	441
195	196
195	197
195	198
195	199
195	200
195	201
195	202
195	203
195	204
195	205
195	206
195	207
195	208
195	209
195	210
195	216
195	217
195	218
195	219
195	220
195	221
195	222
195	223
195	224
195	225
195	226
195	227
195	228
195	229
195	230
195	231
195	237
195	238
195	239
195	240
195	241
195	242
195	243
195	244
195	245
195	246
195	247
195	248
195	249
195	250
195	251
195	252
195	258
195	259
195	260
195	261
195	262
195	263
195	264
195	265
195	266
195	267
195	268
195	269
195	270
195	271
195	272
195	273
195	279
195	280
195	281
195	282
195	283
195	284
195	285
195	286
195	287
195	288
195	289
195	290
195	291
195	292
195	293
195	294
195	300
195	301
195	302
195	303
195	304
195	305
195	306
195	307
195	308
195	309
195	310
195	311
195	312
195	313
195	314
195	315
195	321
195	322
195	323
195	324
195	325
195	326
195	327
195	328
195	329
195	330
195	331
195	332
195	333
195	334
195	335
195	336
195	342
195	343
195	344
195	345
195	346
195	347
195	348
195	349
195	350
195	351
195	352
195	353
195	354
195	355
195	356
195	357
195	363
195	364
195	365
195	366
195	367
195	368
195	369
195	370
195	371
195	372
195	373
195	374
195	375
195	376
195	377
195	378
195	384
195	385
195	386
195	387
195	388
195	389
195	390
195	391
195	392
195	393
195	394
195	395
195	396
195	397
195	398
195	399
195	405
195	406
195	407
195	408
195	409
195	410
195	411
195	412
195	413
195	414
195	415
195	416
195	417
195	418
195	419
195	420
195	426
195	427
195	428
195	429
195	430
195	431
195	432
195	433
195	434
195	435
195	436
195	437
195	438
195	439
195	440
195	441
196	197
196	198
196	199
196	200
196	201
196	202
196	203
196	204
196	205
196	206
196	207
196	208
196	209
196	210
196	217
196	218
196	219
196	220
196	221
196	222
196	223
196	224
196	225
196	226
196	227
196	228
196	229
196	230
196	231
196	238
196	239
196	240
196	241
196	242
196	243
196	244
196	245
196	246
196	247
196	248
196	249
196	250
196	251
196	252
196	259
196	260
196	261
196	262
196	263
196	264
196	265
196	266
196	267
196	268
196	269
196	270
196	271
196	272
196	273
196	280
196	281
196	282
196	283
196	284
196	285
196	286
196	287
196	288
196	289
196	290
196	291
196	292
196	293
196	294
196	301
196	302
196	303
196	304
196	305
196	306
196	307
196	308
196	309
196	310
196	311
196	312
196	313
196	314
196	315
196	322
196	323
196	324
196	325
196	326
196	327
196	328
196	329
196	330
196	331
196	332
196	333
196	334
196	335
196	336
196	343
196	344
196	345
196	346
196	347
196	348
196	349
196	350
196	351
196	352
196	353
196	354
196	355
196	356
196	357
196	364
196	365
196	366
196	367
196	368
196	369
196	370
196	371
196	372
196	373
196	374
196	375
196	376
196	377
196	378
196	385
196	386
196	387
196	388
196	389
196	390
196	391
196	392
196	393
196	394
196	395
196	396
196	397
196	398
196	399
196	406
196	407
196	408
196	409
196	410
196	411
196	412
196	413
196	414
196	415
196	416
196	417
196	418
196	419
196	420
196	427
196	428
196	429
196	430
196	431
196	432
196	433
196	434
196	435
196	436
196	437
196	438
196	439
196	440
196	441
197	198
197	199
197	200
197	201
197	202
197	203
197	204
197	205
197	206
197	207
197	208
197	209
197	210
197	218
197	219
197	220
197	221
197	222
197	223
197	224
197	225
197	226
197	227
197	228
197	229
197	230
197	231
197	239
197	240
197	241
197	242
197	243
197	244
197	245
197	246
197	247
197	248
197	249
197	250
197	251
197	252
197	260
197	261
197	262
197	263
197	264
197	265
197	266
197	267
197	268
197	269
197	270
197	271
197	272
197	273
197	281
197	282
197	283
197	284
197	285
197	286
197	287
197	288
197	289
197	290
197	291
197	292
197	293
197	294
197	302
197	303
197	304
197	305
197	306
197	307
197	308
197	309
197	310
197	311
197	312
197	313
197	314
197	315
197	323
197	324
197	325
197	326
197	327
197	328
197	329
197	330
197	331
197	332
197	333
197	334
197	335
197	336
197	344
197	345
197	346
197	347
197	348
197	349
197	350
197	351
197	352
197	353
197	354
197	355
197	356
197	357
197	365
197	366
197	367
197	368
197	369
197	370
197	371
197	372
197	373
197	374
197	375
197	376
197	377
197	378
197	386
197	387
197	388
197	389
197	390
197	391
197	392
197	393
197	394
197	395
197	396
197	397
197	398
197	399
197	407
197	408
197	409
197	410
197	411
197	412
197	413
197	414
197	415
197	416
197	417
197	418
197	419
197	420
197	428
197	429
197	430
197	431
197	432
197	433
197	434
197	435
197	436
197	437
197	438
197	439
197	440
197	441
198	199
198	200
198	201
198	202
198	203
198	204
198	205
198	206
198	207
198	208
198	209
198	210
198	219
198	220
198	221
198	222
198	223
198	224
198	225
198	226
198	227
198	228
198	229
198	230
198	231
198	240
198	241
198	242
198	243
198	244
198	245
198	246
198	247
198	248
198	249
198	250
198	251
198	252
198	261
198	262
198	263
198	264
198	265
198	266
198	267
198	268
198	269
198	270
198	271
198	272
198	273
198	282
198	283
198	284
198	285
198	286
198	287
198	288
198	289
198	290
198	291
198	292
198	293
198	294
198	303
198	304
198	305
198	306
198	307
198	308
198	309
198	310
198	311
198	312
198	313
198	314
198	315
198	324
198	325
198	326
198	327
198	328
198	329
198	330
198	331
198	332
198	333
198	334
198	335
198	336
198	345
198	346
198	347
198	348
198	349
198	350
198	351
198	352
198	353
198	354
198	355
198	356
198	357
198	366
198	367
198	368
198	369
198	370
198	371
198	372
198	373
198	374
198	375
198	376
198	377
198	378
198	387
198	388
198	389
198	390
198	391
198	392
198	393
198	394
198	395
198	396
198	397
198	398
198	399
198	408
198	409
198	410
198	411
198	412
198	413
198	414
198	415
198	416
198	417
198	418
198	419
198	420
198	429
198	430
198	431
198	432
198	433
198	434
198	435
198	436
198	437
198	438
198	439
198	440
198	441
199	200
199	201
199	202
199	203
199	204
199	205
199	206
199	207
199	208
199	209
199	210
199	220
199	221
199	222
199	223
199	224
199	225
199	226
199	227
199	228
199	229
199	230
199	231
199	241
199	242
199	243
199	244
199	245
199	246
199	247
199	248
199	249
199	250
199	251
199	252
199	262
199	263
199	264
199	265
199	266
199	267
199	268
199	269
199	270
199	271
199	272
199	273
199	283
199	284
199	285
199	286
199	287
199	288
199	289
199	290
199	291
199	292
199	293
199	294
199	304
199	305
199	306
199	307
199	308
199	309
199	310
199	311
199	312
199	313
199	314
199	315
199	325
199	326
199	327
199	328
199	329
199	330
199	331
199	332
199	333
199	334
199	335
199	336
199	346
199	347
199	348
199	349
199	350
199	351
199	352
199	353
199	354
199	355
199	356
199	357
199	367
199	368
199	369
199	370
199	371
199	372
199	373
199	374
199	375
199	376
199	377
199	378
199	388
199	389
199	390
199	391
199	392
199	393
199	394
199	395
199	396
199	397
199	398
199	399
199	409
199	410
199	411
199	412
199	413
199	414
199	415
199	416
199	417
199	418
199	419
199	420
199	430
199	431
199	432
199	433
199	434
199	435
199	436
199	437
199	438
199	439
199	440
199	441
200	201
200	202
200	203
200	204
200	205
200	206
200	207
200	208
200	209
200	210
200	221
200	222
200	223
200	224
200	225
200	226
200	227
200	228
200	229
200	230
200	231
200	242
200	243
200	244
200	245
200	246
200	247
200	248
200	249
200	250
200	251
200	252
200	263
200	264
200	265
200	266
200	267
200	268
200	269
200	270
200	271
200	272
200	273
200	284
200	285
200	286
200	287
200	288
200	289
200	290
200	291
200	292
200	293
200	294
200	305
200	306
200	307
200	308
200	309
200	310
200	311
200	312
200	313
200	314
200	315
200	326
200	327
200	328
200	329
200	330
200	331
200	332
200	333
200	334
200	335
200	336
200	347
200	348
200	349
200	350
200	351
200	352
200	353
200	354
200	355
200	356
200	357
200	368
200	369
200	370
200	371
200	372
200	373
200	374
200	375
200	376
200	377
200	378
200	389
200	390
200	391
200	392
200	393
200	394
200	395
200	396
200	397
200	398
200	399
200	410
200	411
200	412
200	413
200	414
200	415
200	416
200	417
200	418
200	419
200	420
200	431
200	432
200	433
200	434
200	435
200	436
200	437
200	438
200	439
200	440
200	441
201	202
201	203
201	204
201	205
201	206
201	207
201	208
201	209
201	210
201	222
201	223
201	224
201	225
201	226
201	227
201	228
201	229
201	230
201	231
201	243
201	244
201	245
201	246
201	247
201	248
201	249
201	250
201	251
201	252
201	264
201	265
201	266
201	267
201	268
201	269
201	270
201	271
201	272
201	273
201	285
201	286
201	287
201	288
201	289
201	290
201	291
201	292
201	293
201	294
201	306
201	307
201	308
201	309
201	310
201	311
201	312
201	313
201	314
201	315
201	327
201	328
201	329
201	330
201	331
201	332
201	333
201	334
201	335
201	336
201	348
201	349
201	350
201	351
201	352
201	353
201	354
201	355
201	356
201	357
201	369
201	370
201	371
201	372
201	373
201	374
201	375
201	376
201	377
201	378
201	390
201	391
201	392
201	393
201	394
201	395
201	396
201	397
201	398
201	399
201	411
201	412
201	413
201	414
201	415
201	416
201	417
201	418
201	419
201	420
201	432
201	433
201	434
201	435
201	436
201	437
201	438
201	439
201	440
201	441
202	203
202	204
202	205
202	206
202	207
202	208
202	209
202	210
202	223
202	224
202	225
202	226
202	227
202	228
202	229
202	230
202	231
202	244
202	245
202	246
202	247
202	248
202	249
202	250
202	251
202	252
202	265
202	266
202	267
202	268
202	269
202	270
202	271
202	272
202	273
202	286
202	287
202	288
202	289
202	290
202	291
202	292
202	293
202	294
202	307
202	308
202	309
202	310
202	311
202	312
202	313
202	314
202	315
202	328
202	329
202	330
202	331
202	332
202	333
202	334
202	335
202	336
202	349
202	350
202	351
202	352
202	353
202	354
202	355
202	356
202	357
202	370
202	371
202	372
202	373
202	374
202	375
202	376
202	377
202	378
202	391
202	392
202	393
202	394
202	395
202	396
202	397
202	398
202	399
202	412
202	413
202	414
202	415
202	416
202	417
202	418
202	419
202	420
202	433
202	434
202	435
202	436
202	437
202	438
202	439
202	440
202	441
203	204
203	205
203	206
203	207
203	208
203	209
203	210
203	224
203	225
203	226
203	227
203	228
203	229
203	230
203	231
203	245
203	246
203	247
203	248
203	249
203	250
203	251
203	252
203	266
203	267
203	268
203	269
203	270
203	271
203	272
203	273
203	287
203	288
203	289
203	290
203	291
203	292
203	293
203	294
203	308
203	309
203	310
203	311
203	312
203	313
203	314
203	315
203	329
203	330
203	331
203	332
203	333
203	334
203	335
203	336
203	350
203	351
203	352
203	353
203	354
203	355
203	356
203	357
203	371
203	372
203	373
203	374
203	375
203	376
203	377
203	378
203	392
203	393
203	394
203	395
203	396
203	397
203	398
203	399
203	413
203	414
203	415
203	416
203	417
203	418
203	419
203	420
203	434
203	435
203	436
203	437
203	438
203	439
203	440
203	441
204	205
204	206
204	207
204	208
204	209
204	210
204	225
204	226
204	227
204	228
204	229
204	230
204	231
204	246
204	247
204	248
204	249
204	250
204	251
204	252
204	267
204	268
204	269
204	270
204	271
204	272
204	273
204	288
204	289
204	290
204	291
204	292
204	293
204	294
204	309
204	310
204	311
204	312
204	313
204	314
204	315
204	330
204	331
204	332
204	333
204	334
204	335
204	336
204	351
204	352
204	353
204	354
204	355
204	356
204	357
204	372
204	373
204	374
204	375
204	376
204	377
204	378
204	393
204	394
204	395
204	396
204	397
204	398
204	399
204	414
204	415
204	416
204	417
204	418
204	419
204	420
204	435
204	436
204	437
204	438
204	439
204	440
204	441
205	206
205	207
205	208
205	209
205	210
205	226
205	227
205	228
205	229
205	230
205	231
205	247
205	248
205	249
205	250
205	251
205	252
205	268
205	269
205	270
205	271
205	272
205	273
205	289
205	290
205	291
205	292
205	293
205	294
205	310
205	311
205	312
205	313
205	314
205	315
205	331
205	332
205	333
205	334
205	335
205	336
205	352
205	353
205	354
205	355
205	356
205	357
205	373
205	374
205	375
205	376
205	377
205	378
205	394
205	395
205	396
205	397
205	398
205	399
205	415
205	416
205	417
205	418
205	419
205	420
205	436
205	437
205	438
205	439
205	440
205	441
206	207
206	208
206	209
206	210
206	227
206	228
206	229
206	230
206	231
206	248
206	249
206	250
206	251
206	252
206	269
206	270
206	271
206	272
206	273
206	290
206	291
206	292
206	293
206	294
206	311
206	312
206	313
206	314
206	315
206	332
206	333
206	334
206	335
206	336
206	353
206	354
206	355
206	356
206	357
206	374
206	375
206	376
206	377
206	378
206	395
206	396
206	397
206	398
206	399
206	416
206	417
206	418
206	419
206	420
206	437
206	438
206	439
206	440
206	441
207	208
207	209
207	210
207	228
207	229
207	230
207	231
207	249
207	250
207	251
207	252
207	270
207	271
207	272
207	273
207	291
207	292
207	293
207	294
207	312
207	313
207	314
207	315
207	333
207	334
207	335
207	336
207	354
207	355
207	356
207	357
207	375
207	376
207	377
207	378
207	396
207	397
207	398
207	399
207	417
207	418
207	419
207	420
207	438
207	439
207	440
207	441
208	209
208	210
208	229
208	230
208	231
208	250
208	251
208	252
208	271
208	272
208	273
208	292
208	293
208	294
208	313
208	314
208	315
208	334
208	335
208	336
208	355
208	356
208	357
208	376
208	377
208	378
208	397
208	398
208	399
208	418
208	419
208	420
208	439
208	440
208	441
209	210
209	230
209	231
209	251
209	252
209	272
209	273
209	293
209	294
209	314
209	315
209	335
209	336
209	356
209	357
209	377
209	378
209	398
209	399
209	419
209	420
209	440
209	441
210	231
210	252
210	273
210	294
210	315
210	336
210	357
210	378
210	399
210	420
210	441
211	212
211	213
211	214
211	215
211	216
211	217
211	218
211	219
211	220
211	221
211	222
211	223
211	224
211	225
211	226
211	227
211	228
211	229
211	230
211	231
211	232
211	233
211	234
211	235
211	236
211	237
211	238
211	239
211	240
211	241
211	242
211	243
211	244
211	245
211	246
211	247
211	248
211	249
211	250
211	251
211	252
211	253
211	254
211	255
211	256
211	257
211	258
211	259
211	260
211	261
211	262
211	263
211	264
211	265
211	266
211	267
211	268
211	269
211	270
211	271
211	272
211	273
211	274
211	275
211	276
211	277
211	278
211	279
211	280
211	281
211	282
211	283
211	284
211	285
211	286
211	287
211	288
211	289
211	290
211	291
211	292
211	293
211	294
211	295
211	296
211	297
211	298
211	299
211	300
211	301
211	302
211	303
211	304
211	305
211	306
211	307
211	308
211	309
211	310
211	311
211	312
211	313
211	314
211	315
211	316
211	317
211	318
211	319
211	320
211	321
211	322
211	323
211	324
211	325
211	326
211	327
211	328
211	329
211	330
211	331
211	332
211	333
211	334
211	335
211	336
211	337
211	338
211	339
211	340
211	341
211	342
211	343
211	344
211	345
211	346
211	347
211	348
211	349
211	350
211	351
211	352
211	353
211	354
211	355
211	356
211	357
211	358
211	359
211	360
211	361
211	362
211	363
211	364
211	365
211	366
211	367
211	368
211	369
211	370
211	371
211	372
211	373
211	374
211	375
211	376
211	377
211	378
211	379
211	380
211	381
211	382
211	383
211	384
211	385
211	386
211	387
211	388
211	389
211	390
211	391
211	392
211	393
211	394
211	395
211	396
211	397
211	398
211	399
211	400
211	401
211	402
211	403
211	404
211	405
211	406
211	407
211	408
211	409
211	410
211	411
211	412
211	413
211	414
211	415
211	416
211	417
211	418
211	419
211	420
211	421
211	422
211	423
211	424
211	425
211	426
211	427
211	428
211	429
211	430
211	431
211	432
211	433
211	434
211	435
211	436
211	437
211	438
211	439
211	440
211	441
212	213
212	214
212	215
212	216
212	217
212	218
212	219
212	220
212	221
212	222
212	223
212	224
212	225
212	226
212	227
212	228
212	229
212	230
212	231
212	233
212	234
212	235
212	236
212	237
212	238
212	239
212	240
212	241
212	242
212	243
212	244
212	245
212	246
212	247
212	248
212	249
212	250
212	251
212	252
212	254
212	255
212	256
212	257
212	258
212	259
212	260
212	261
212	262
212	263
212	264
212	265
212	266
212	267
212	268
212	269
212	270
212	271
212	272
212	273
212	275
212	276
212	277
212	278
212	279
212	280
212	281
212	282
212	283
212	284
212	285
212	286
212	287
212	288
212	289
212	290
212	291
212	292
212	293
212	294
212	296
212	297
212	298
212	299
212	300
212	301
212	302
212	303
212	304
212	305
212	306
212	307
212	308
212	309
212	310
212	311
212	312
212	313
212	314
212	315
212	317
212	318
212	319
212	320
212	321
212	322
212	323
212	324
212	325
212	326
212	327
212	328
212	329
212	330
212	331
212	332
212	333
212	334
212	335
212	336
212	338
212	339
212	340
212	341
212	342
212	343
212	344
212	345
212	346
212	347
212	348
212	349
212	350
212	351
212	352
212	353
212	354
212	355
212	356
212	357
212	359
212	360
212	361
212	362
212	363
212	364
212	365
212	366
212	367
212	368
212	369
212	370
212	371
212	372
212	373
212	374
212	375
212	376
212	377
212	378
212	380
212	381
212	382
212	383
212	384
212	385
212	386
212	387
212	388
212	389
212	390
212	391
212	392
212	393
212	394
212	395
212	396
212	397
212	398
212	399
212	401
212	402
212	403
212	404
212	405
212	406
212	407
212	408
212	409
212	410
212	411
212	412
212	413
212	414
212	415
212	416
212	417
212	418
212	419
212	420
212	422
212	423
212	424
212	425
212	426
212	427
212	428
212	429
212	430
212	431
212	432
212	433
212	434
212	435
212	436
212	437
212	438
212	439
212	440
212	441
213	214
213	215
213	216
213	217
213	218
213	219
213	220
213	221
213	222
213	223
213	224
213	225
213	226
213	227
213	228
213	229
213	230
213	231
213	234
213	235
213	236
213	237
213	238
213	239
213	240
213	241
213	242
213	243
213	244
213	245
213	246
213	247
213	248
213	249
213	250
213	251
213	252
213	255
213	256
213	257
213	258
213	259
213	260
213	261
213	262
213	263
213	264
213	265
213	266
213	267
213	268
213	269
213	270
213	271
213	272
213	273
213	276
213	277
213	278
213	279
213	280
213	281
213	282
213	283
213	284
213	285
213	286
213	287
213	288
213	289
213	290
213	291
213	292
213	293
213	294
213	297
213	298
213	299
213	300
213	301
213	302
213	303
213	304
213	305
213	306
213	307
213	308
213	309
213	310
213	311
213	312
213	313
213	314
213	315
213	318
213	319
213	320
213	321
213	322
213	323
213	324
213	325
213	326
213	327
213	328
213	329
213	330
213	331
213	332
213	333
213	334
213	335
213	336
213	339
213	340
213	341
213	342
213	343
213	344
213	345
213	346
213	347
213	348
213	349
213	350
213	351
213	352
213	353
213	354
213	355
213	356
213	357
213	360
213	361
213	362
213	363
213	364
213	365
213	366
213	367
213	368
213	369
213	370
213	371
213	372
213	373
213	374
213	375
213	376
213	377
213	378
213	381
213	382
213	383
213	384
213	385
213	386
213	387
213	388
213	389
213	390
213	391
213	392
213	393
213	394
213	395
213	396
213	397
213	398
213	399
213	402
213	403
213	404
213	405
213	406
213	407
213	408
213	409
213	410
213	411
213	412
213	413
213	414
213	415
213	416
213	417
213	418
213	419
213	420
213	423
213	424
213	425
213	426
213	427
213	428
213	429
213	430
213	431
213	432
213	433
213	434
213	435
213	436
213	437
213	438
213	439
213	440
213	441
214	215
214	216
214	217
214	218
214	219
214	220
214	221
214	222
214	223
214	224
214	225
214	226
214	227
214	228
214	229
214	230
214	231
214	235
214	236
214	237
214	238
214	239
214	240
214	241
214	242
214	243
214	244
214	245
214	246
214	247
214	248
214	249
214	250
214	251
214	252
214	256
214	257
214	258
214	259
214	260
214	261
214	262
214	263
214	264
214	265
214	266
214	267
214	268
214	269
214	270
214	271
214	272
214	273
214	277
214	278
214	279
214	280
214	281
214	282
214	283
214	284
214	285
214	286
214	287
214	288
214	289
214	290
214	291
214	292
214	293
214	294
214	298
214	299
214	300
214	301
214	302
214	303
214	304
214	305
214	306
214	307
214	308
214	309
214	310
214	311
214	312
214	313
214	314
214	315
214	319
214	320
214	321
214	322
214	323
214	324
214	325
214	326
214	327
214	328
214	329
214	330
214	331
214	332
214	333
214	334
214	335
214	336
214	340
214	341
214	342
214	343
214	344
214	345
214	346
214	347
214	348
214	349
214	350
214	351
214	352
214	353
214	354
214	355
214	356
214	357
214	361
214	362
214	363
214	364
214	365
214	366
214	367
214	368
214	369
214	370
214	371
214	372
214	373
214	374
214	375
214	376
214	377
214	378
214	382
214	383
214	384
214	385
214	386
214	387
214	388
214	389
214	390
214	391
214	392
214	393
214	394
214	395
214	396
214	397
214	398
214	399
214	403
214	404
214	405
214	406
214	407
214	408
214	409
214	410
214	411
214	412
214	413
214	414
214	415
214	416
214	417
214	418
214	419
214	420
214	424
214	425
214	426
214	427
214	428
214	429
214	430
214	431
214	432
214	433
214	434
214	435
214	436
214	437
214	438
214	439
214	440
214	441
215	216
215	217
215	218
215	219
215	220
215	221
215	222
215	223
215	224
215	225
215	226
215	227
215	228
215	229
215	230
215	231
215	236
215	237
215	238
215	239
215	240
215	241
215	242
215	243
215	244
215	245
215	246
215	247
215	248
215	249
215	250
215	251
215	252
215	257
215	258
215	259
215	260
215	261
215	262
215	263
215	264
215	265
215	266
215	267
215	268
215	269
215	270
215	271
215	272
215	273
215	278
215	279
215	280
215	281
215	282
215	283
215	284
215	285
215	286
215	287
215	288
215	289
215	290
215	291
215	292
215	293
215	294
215	299
215	300
215	301
215	302
215	303
215	304
215	305
215	306
215	307
215	308
215	309
215	310
215	311
215	312
215	313
215	314
215	315
215	320
215	321
215	322
215	323
215	324
215	325
215	326
215	327
215	328
215	329
215	330
215	331
215	332
215	333
215	334
215	335
215	336
215	341
215	342
215	343
215	344
215	345
215	346
215	347
215	348
215	349
215	350
215	351
215	352
215	353
215	354
215	355
215	356
215	357
215	362
215	363
215	364
215	365
215	366
215	367
215	368
215	369
215	370
215	371
215	372
215	373
215	374
215	375
215	376
215	377
215	378
215	383
215	384
215	385
215	386
215	387
215	388
215	389
215	390
215	391
215	392
215	393
215	394
215	395
215	396
215	397
215	398
215	399
215	404
215	405
215	406
215	407
215	408
215	409
215	410
215	411
215	412
215	413
215	414
215	415
215	416
215	417
215	418
215	419
215	420
215	425
215	426
215	427
215	428
215	429
215	430
215	431
215	432
215	433
215	434
215	435
215	436
215	437
215	438
215	439
215	440
215	441
216	217
216	218
216	219
216	220
216	221
216	222
216	223
216	224
216	225
216	226
216	227
216	228
216	229
216	230
216	231
216	237
216	238
216	239
216	240
216	241
216	242
216	243
216	244
216	245
216	246
216	247
216	248
216	249
216	250
216	251
216	252
216	258
216	259
216	260
216	261
216	262
216	263
216	264
216	265
216	266
216	267
216	268
216	269
216	270
216	271
216	272
216	273
216	279
216	280
216	281
216	282
216	283
216	284
216	285
216	286
216	287
216	288
216	289
216	290
216	291
216	292
216	293
216	294
216	300
216	301
216	302
216	303
216	304
216	305
216	306
216	307
216	308
216	309
216	310
216	311
216	312
216	313
216	314
216	315
216	321
216	322
216	323
216	324
216	325
216	326
216	327
216	328
216	329
216	330
216	331
216	332
216	333
216	334
216	335
216	336
216	342
216	343
216	344
216	345
216	346
216	347
216	348
216	349
216	350
216	351
216	352
216	353
216	354
216	355
216	356
216	357
216	363
216	364
216	365
216	366
216	367
216	368
216	369
216	370
216	371
216	372
216	373
216	374
216	375
216	376
216	377
216	378
216	384
216	385
216	386
216	387
216	388
216	389
216	390
216	391
216	392
216	393
216	394
216	395
216	396
216	397
216	398
216	399
216	405
216	406
216	407
216	408
216	409
216	410
216	411
216	412
216	413
216	414
216	415
216	416
216	417
216	418
216	419
216	420
216	426
216	427
216	428
216	429
216	430
216	431
216	432
216	433
216	434
216	435
216	436
216	437
216	438
216	439
216	440
216	441
217	218
217	219
217	220
217	221
217	222
217	223
217	224
217	225
217	226
217	227
217	228
217	229
217	230
217	231
217	238
217	239
217	240
217	241
217	242
217	243
217	244
217	245
217	246
217	247
217	248
217	249
217	250
217	251
217	252
217	259
217	260
217	261
217	262
217	263
217	264
217	265
217	266
217	267
217	268
217	269
217	270
217	271
217	272
217	273
217	280
217	281
217	282
217	283
217	284
217	285
217	286
217	287
217	288
217	289
217	290
217	291
217	292
217	293
217	294
217	301
217	302
217	303
217	304
217	305
217	306
217	307
217	308
217	309
217	310
217	311
217	312
217	313
217	314
217	315
217	322
217	323
217	324
217	325
217	326
217	327
217	328
217	329
217	330
217	331
217	332
217	333
217	334
217	335
217	336
217	343
217	344
217	345
217	346
217	347
217	348
217	349
217	350
217	351
217	352
217	353
217	354
217	355
217	356
217	357
217	364
217	365
217	366
217	367
217	368
217	369
217	370
217	371
217	372
217	373
217	374
217	375
217	376
217	377
217	378
217	385
217	386
217	387
217	388
217	389
217	390
217	391
217	392
217	393
217	394
217	395
217	396
217	397
217	398
217	399
217	406
217	407
217	408
217	409
217	410
217	411
217	412
217	413
217	414
217	415
217	416
217	417
217	418
217	419
217	420
217	427
217	428
217	429
217	430
217	431
217	432
217	433
217	434
217	435
217	436
217	437
217	438
217	439
217	440
217	441
218	219
218	220
218	221
218	222
218	223
218	224
218	225
218	226
218	227
218	228
218	229
218	230
218	231
218	239
218	240
218	241
218	242
218	243
218	244
218	245
218	246
218	247
218	248
218	249
218	250
218	251
218	252
218	260
218	261
218	262
218	263
218	264
218	265
218	266
218	267
218	268
218	269
218	270
218	271
218	272
218	273
218	281
218	282
218	283
218	284
218	285
218	286
218	287
218	288
218	289
218	290
218	291
218	292
218	293
218	294
218	302
218	303
218	304
218	305
218	306
218	307
218	308
218	309
218	310
218	311
218	312
218	313
218	314
218	315
218	323
218	324
218	325
218	326
218	327
218	328
218	329
218	330
218	331
218	332
218	333
218	334
218	335
218	336
218	344
218	345
218	346
218	347
218	348
218	349
218	350
218	351
218	352
218	353
218	354
218	355
218	356
218	357
218	365
218	366
218	367
218	368
218	369
218	370
218	371
218	372
218	373
218	374
218	375
218	376
218	377
218	378
218	386
218	387
218	388
218	389
218	390
218	391
218	392
218	393
218	394
218	395
218	396
218	397
218	398
218	399
218	407
218	408
218	409
218	410
218	411
218	412
218	413
218	414
218	415
218	416
218	417
218	418
218	419
218	420
218	428
218	429
218	430
218	431
218	432
218	433
218	434
218	435
218	436
218	437
218	438
218	439
218	440
218	441
219	220
219	221
219	222
219	223
219	224
219	225
219	226
219	227
219	228
219	229
219	230
219	231
219	240
219	241
219	242
219	243
219	244
219	245
219	246
219	247
219	248
219	249
219	250
219	251
219	252
219	261
219	262
219	263
219	264
219	265
219	266
219	267
219	268
219	269
219	270
219	271
219	272
219	273
219	282
219	283
219	284
219	285
219	286
219	287
219	288
219	289
219	290
219	291
219	292
219	293
219	294
219	303
219	304
219	305
219	306
219	307
219	308
219	309
219	310
219	311
219	312
219	313
219	314
219	315
219	324
219	325
219	326
219	327
219	328
219	329
219	330
219	331
219	332
219	333
219	334
219	335
219	336
219	345
219	346
219	347
219	348
219	349
219	350
219	351
219	352
219	353
219	354
219	355
219	356
219	357
219	366
219	367
219	368
219	369
219	370
219	371
219	372
219	373
219	374
219	375
219	376
219	377
219	378
219	387
219	388
219	389
219	390
219	391
219	392
219	393
219	394
219	395
219	396
219	397
219	398
219	399
219	408
219	409
219	410
219	411
219	412
219	413
219	414
219	415
219	416
219	417
219	418
219	419
219	420
219	429
219	430
219	431
219	432
219	433
219	434
219	435
219	436
219	437
219	438
219	439
219	440
219	441
220	221
220	222
220	223
220	224
220	225
220	226
220	227
220	228
220	229
220	230
220	231
220	241
220	242
220	243
220	244
220	245
220	246
220	247
220	248
220	249
220	250
220	251
220	252
220	262
220	263
220	264
220	265
220	266
220	267
220	268
220	269
220	270
220	271
220	272
220	273
220	283
220	284
220	285
220	286
220	287
220	288
220	289
220	290
220	291
220	292
220	293
220	294
220	304
220	305
220	306
220	307
220	308
220	309
220	310
220	311
220	312
220	313
220	314
220	315
220	325
220	326
220	327
220	328
220	329
220	330
220	331
220	332
220	333
220	334
220	335
220	336
220	346
220	347
220	348
220	349
220	350
220	351
220	352
220	353
220	354
220	355
220	356
220	357
220	367
220	368
220	369
220	370
220	371
220	372
220	373
220	374
220	375
220	376
220	377
220	378
220	388
220	389
220	390
220	391
220	392
220	393
220	394
220	395
220	396
220	397
220	398
220	399
220	409
220	410
220	411
220	412
220	413
220	414
220	415
220	416
220	417
220	418
220	419
220	420
220	430
220	431
220	432
220	433
220	434
220	435
220	436
220	437
220	438
220	439
220	440
220	441
221	222
221	223
221	224
221	225
221	226
221	227
221	228
221	229
221	230
221	231
221	242
221	243
221	244
221	245
221	246
221	247
221	248
221	249
221	250
221	251
221	252
221	263
221	264
221	265
221	266
221	267
221	268
221	269
221	270
221	271
221	272
221	273
221	284
221	285
221	286
221	287
221	288
221	289
221	290
221	291
221	292
221	293
221	294
221	305
221	306
221	307
221	308
221	309
221	310
221	311
221	312
221	313
221	314
221	315
221	326
221	327
221	328
221	329
221	330
221	331
221	332
221	333
221	334
221	335
221	336
221	347
221	348
221	349
221	350
221	351
221	352
221	353
221	354
221	355
221	356
221	357
221	368
221	369
221	370
221	371
221	372
221	373
221	374
221	375
221	376
221	377
221	378
221	389
221	390
221	391
221	392
221	393
221	394
221	395
221	396
221	397
221	398
221	399
221	410
221	411
221	412
221	413
221	414
221	415
221	416
221	417
221	418
221	419
221	420
221	431
221	432
221	433
221	434
221	435
221	436
221	437
221	438
221	439
221	440
221	441
222	223
222	224
222	225
222	226
222	227
222	228
222	229
222	230
222	231
222	243
222	244
222	245
222	246
222	247
222	248
222	249
222	250
222	251
222	252
222	264
222	265
222	266
222	267
222	268
222	269
222	270
222	271
222	272
222	273
222	285
222	286
222	287
222	288
222	289
222	290
222	291
222	292
222	293
222	294
222	306
222	307
222	308
222	309
222	310
222	311
222	312
222	313
222	314
222	315
222	327
222	328
222	329
222	330
222	331
222	332
222	333
222	334
222	335
222	336
222	348
222	349
222	350
222	351
222	352
222	353
222	354
222	355
222	356
222	357
222	369
222	370
222	371
222	372
222	373
222	374
222	375
222	376
222	377
222	378
222	390
222	391
222	392
222	393
222	394
222	395
222	396
222	397
222	398
222	399
222	411
222	412
222	413
222	414
222	415
222	416
222	417
222	418
222	419
222	420
222	432
222	433
222	434
222	435
222	436
222	437
222	438
222	439
222	440
222	441
223	224
223	225
223	226
223	227
223	228
223	229
223	230
223	231
223	244
223	245
223	246
223	247
223	248
223	249
223	250
223	251
223	252
223	265
223	266
223	267
223	268
223	269
223	270
223	271
223	272
223	273
223	286
223	287
223	288
223	289
223	290
223	291
223	292
223	293
223	294
223	307
223	308
223	309
223	310
223	311
223	312
223	313
223	314
223	315
223	328
223	329
223	330
223	331
223	332
223	333
223	334
223	335
223	336
223	349
223	350
223	351
223	352
223	353
223	354
223	355
223	356
223	357
223	370
223	371
223	372
223	373
223	374
223	375
223	376
223	377
223	378
223	391
223	392
223	393
223	394
223	395
223	396
223	397
223	398
223	399
223	412
223	413
223	414
223	415
223	416
223	417
223	418
223	419
223	420
223	433
223	434
223	435
223	436
223	437
223	438
223	439
223	440
223	441
224	225
224	226
224	227
224	228
224	229
224	230
224	231
224	245
224	246
224	247
224	248
224	249
224	250
224	251
224	252
224	266
224	267
224	268
224	269
224	270
224	271
224	272
224	273
224	287
224	288
224	289
224	290
224	291
224	292
224	293
224	294
224	308
224	309
224	310
224	311
224	312
224	313
224	314
224	315
224	329
224	330
224	331
224	332
224	333
224	334
224	335
224	336
224	350
224	351
224	352
224	353
224	354
224	355
224	356
224	357
224	371
224	372
224	373
224	374
224	375
224	376
224	377
224	378
224	392
224	393
224	394
224	395
224	396
224	397
224	398
224	399
224	413
224	414
224	415
224	416
224	417
224	418
224	419
224	420
224	434
224	435
224	436
224	437
224	438
224	439
224	440
224	441
225	226
225	227
225	228
225	229
225	230
225	231
225	246
225	247
225	248
225	249
225	250
225	251
225	252
225	267
225	268
225	269
225	270
225	271
225	272
225	273
225	288
225	289
225	290
225	291
225	292
225	293
225	294
225	309
225	310
225	311
225	312
225	313
225	314
225	315
225	330
225	331
225	332
225	333
225	334
225	335
225	336
225	351
225	352
225	353
225	354
225	355
225	356
225	357
225	372
225	373
225	374
225	375
225	376
225	377
225	378
225	393
225	394
225	395
225	396
225	397
225	398
225	399
225	414
225	415
225	416
225	417
225	418
225	419
225	420
225	435
225	436
225	437
225	438
225	439
225	440
225	441
226	227
226	228
226	229
226	230
226	231
226	247
226	248
226	249
226	250
226	251
226	252
226	268
226	269
226	270
226	271
226	272
226	273
226	289
226	290
226	291
226	292
226	293
226	294
226	310
226	311
226	312
226	313
226	314
226	315
226	331
226	332
226	333
226	334
226	335
226	336
226	352
226	353
226	354
226	355
226	356
226	357
226	373
226	374
226	375
226	376
226	377
226	378
226	394
226	395
226	396
226	397
226	398
226	399
226	415
226	416
226	417
226	418
226	419
226	420
226	436
226	437
226	438
226	439
226	440
226	441
227	228
227	229
227	230
227	231
227	248
227	249
227	250
227	251
227	252
227	269
227	270
227	271
227	272
227	273
227	290
227	291
227	292
227	293
227	294
227	311
227	312
227	313
227	314
227	315
227	332
227	333
227	334
227	335
227	336
227	353
227	354
227	355
227	356
227	357
227	374
227	375
227	376
227	377
227	378
227	395
227	396
227	397
227	398
227	399
227	416
227	417
227	418
227	419
227	420
227	437
227	438
227	439
227	440
227	441
228	229
228	230
228	231
228	249
228	250
228	251
228	252
228	270
228	271
228	272
228	273
228	291
228	292
228	293
228	294
228	312
228	313
228	314
228	315
228	333
228	334
228	335
228	336
228	354
228	355
228	356
228	357
228	375
228	376
228	377
228	378
228	396
228	397
228	398
228	399
228	417
228	418
228	419
228	420
228	438
228	439
228	440
228	441
229	230
229	231
229	250
229	251
229	252
229	271
229	272
229	273
229	292
229	293
229	294
229	313
229	314
229	315
229	334
229	335
229	336
229	355
229	356
229	357
229	376
229	377
229	378
229	397
229	398
229	399
229	418
229	419
229	420
229	439
229	440
229	441
230	231
230	251
230	252
230	272
230	273
230	293
230	294
230	314
230	315
230	335
230	336
230	356
230	357
230	377
230	378
230	398
230	399
230	419
230	420
230	440
230	441
231	252
231	273
231	294
231	315
231	336
231	357
231	378
231	399
231	420
231	441
232	233
232	234
232	235
232	236
232	237
232	238
232	239
232	240
232	241
232	242
232	243
232	244
232	245
232	246
232	247
232	248
232	249
232	250
232	251
232	252
232	253
232	254
232	255
232	256
232	257
232	258
232	259
232	260
232	261
232	262
232	263
232	264
232	265
232	266
232	267
232	268
232	269
232	270
232	271
232	272
232	273
232	274
232	275
232	276
232	277
232	278
232	279
232	280
232	281
232	282
232	283
232	284
232	285
232	286
232	287
232	288
232	289
232	290
232	291
232	292
232	293
232	294
232	295
232	296
232	297
232	298
232	299
232	300
232	301
232	302
232	303
232	304
232	305
232	306
232	307
232	308
232	309
232	310
232	311
232	312
232	313
232	314
232	315
232	316
232	317
232	318
232	319
232	320
232	321
232	322
232	323
232	324
232	325
232	326
232	327
232	328
232	329
232	330
232	331
232	332
232	333
232	334
232	335
232	336
232	337
232	338
232	339
232	340
232	341
232	342
232	343
232	344
232	345
232	346
232	347
232	348
232	349
232	350
232	351
232	352
232	353
232	354
232	355
232	356
232	357
232	358
232	359
232	360
232	361
232	362
232	363
232	364
232	365
232	366
232	367
232	368
232	369
232	370
232	371
232	372
232	373
232	374
232	375
232	376
232	377
232	378
232	379
232	380
232	381
232	382
232	383
232	384
232	385
232	386
232	387
232	388
232	389
232	390
232	391
232	392
232	393
232	394
232	395
232	396
232	397
232	398
232	399
232	400
232	401
232	402
232	403
232	404
232	405
232	406
232	407
232	408
232	409
232	410
232	411
232	412
232	413
232	414
232	415
232	416
232	417
232	418
232	419
232	420
232	421
232	422
232	423
232	424
232	425
232	426
232	427
232	428
232	429
232	430
232	431
232	432
232	433
232	434
232	435
232	436
232	437
232	438
232	439
232	440
232	441
233	234
233	235
233	236
233	237
233	238
233	239
233	240
233	241
233	242
233	243
233	244
233	245
233	246
233	247
233	248
233	249
233	250
233	251
233	252
233	254
233	255
233	256
233	257
233	258
233	259
233	260
233	261
233	262
233	263
233	264
233	265
233	266
233	267
233	268
233	269
233	270
233	271
233	272
233	273
233	275
233	276
233	277
233	278
233	279
233	280
233	281
233	282
233	283
233	284
233	285
233	286
233	287
233	288
233	289
233	290
233	291
233	292
233	293
233	294
233	296
233	297
233	298
233	299
233	300
233	301
233	302
233	303
233	304
233	305
233	306
233	307
233	308
233	309
233	310
233	311
233	312
233	313
233	314
233	315
233	317
233	318
233	319
233	320
233	321
233	322
233	323
233	324
233	325
233	326
233	327
233	328
233	329
233	330
233	331
233	332
233	333
233	334
233	335
233	336
233	338
233	339
233	340
233	341
233	342
233	343
233	344
233	345
233	346
233	347
233	348
233	349
233	350
233	351
233	352
233	353
233	354
233	355
233	356
233	357
233	359
233	360
233	361
233	362
233	363
233	364
233	365
233	366
233	367
233	368
233	369
233	370
233	371
233	372
233	373
233	374
233	375
233	376
233	377
233	378
233	380
233	381
233	382
233	383
233	384
233	385
233	386
233	387
233	388
233	389
233	390
233	391
233	392
233	393
233	394
233	395
233	396
233	397
233	398
233	399
233	401
233	402
233	403
233	404
233	405
233	406
233	407
233	408
233	409
233	410
233	411
233	412
233	413
233	414
233	415
233	416
233	417
233	418
233	419
233	420
233	422
233	423
233	424
233	425
233	426
233	427
233	428
233	429
233	430
233	431
233	432
233	433
233	434
233	435
233	436
233	437
233	438
233	439
233	440
233	441
234	235
234	236
234	237
234	238
234	239
234	240
234	241
234	242
234	243
234	244
234	245
234	246
234	247
234	248
234	249
234	250
234	251
234	252
234	255
234	256
234	257
234	258
234	259
234	260
234	261
234	262
234	263
234	264
234	265
234	266
234	267
234	268
234	269
234	270
234	271
234	272
234	273
234	276
234	277
234	278
234	279
234	280
234	281
234	282
234	283
234	284
234	285
234	286
234	287
234	288
234	289
234	290
234	291
234	292
234	293
234	294
234	297
234	298
234	299
234	300
234	301
234	302
234	303
234	304
234	305
234	306
234	307
234	308
234	309
234	310
234	311
234	312
234	313
234	314
234	315
234	318
234	319
234	320
234	321
234	322
234	323
234	324
234	325
234	326
234	327
234	328
234	329
234	330
234	331
234	332
234	333
234	334
234	335
234	336
234	339
234	340
234	341
234	342
234	343
234	344
234	345
234	346
234	347
234	348
234	349
234	350
234	351
234	352
234	353
234	354
234	355
234	356
234	357
234	360
234	361
234	362
234	363
234	364
234	365
234	366
234	367
234	368
234	369
234	370
234	371
234	372
234	373
234	374
234	375
234	376
234	377
234	378
234	381
234	382
234	383
234	384
234	385
234	386
234	387
234	388
234	389
234	390
234	391
234	392
234	393
234	394
234	395
234	396
234	397
234	398
234	399
234	402
234	403
234	404
234	405
234	406
234	407
234	408
234	409
234	410
234	411
234	412
234	413
234	414
234	415
234	416
234	417
234	418
234	419
234	420
234	423
234	424
234	425
234	426
234	427
234	428
234	429
234	430
234	431
234	432
234	433
234	434
234	435
234	436
234	437
234	438
234	439
234	440
234	441
235	236
235	237
235	238
235	239
235	240
235	241
235	242
235	243
235	244
235	245
235	246
235	247
235	248
235	249
235	250
235	251
235	252
235	256
235	257
235	258
235	259
235	260
235	261
235	262
235	263
235	264
235	265
235	266
235	267
235	268
235	269
235	270
235	271
235	272
235	273
235	277
235	278
235	279
235	280
235	281
235	282
235	283
235	284
235	285
235	286
235	287
235	288
235	289
235	290
235	291
235	292
235	293
235	294
235	298
235	299
235	300
235	301
235	302
235	303
235	304
235	305
235	306
235	307
235	308
235	309
235	310
235	311
235	312
235	313
235	314
235	315
235	319
235	320
235	321
235	322
235	323
235	324
235	325
235	326
235	327
235	328
235	329
235	330
235	331
235	332
235	333
235	334
235	335
235	336
235	340
235	341
235	342
235	343
235	344
235	345
235	346
235	347
235	348
235	349
235	350
235	351
235	352
235	353
235	354
235	355
235	356
235	357
235	361
235	362
235	363
235	364
235	365
235	366
235	367
235	368
235	369
235	370
235	371
235	372
235	373
235	374
235	375
235	376
235	377
235	378
235	382
235	383
235	384
235	385
235	386
235	387
235	388
235	389
235	390
235	391
235	392
235	393
235	394
235	395
235	396
235	397
235	398
235	399
235	403
235	404
235	405
235	406
235	407
235	408
235	409
235	410
235	411
235	412
235	413
235	414
235	415
235	416
235	417
235	418
235	419
235	420
235	424
235	425
235	426
235	427
235	428
235	429
235	430
235	431
235	432
235	433
235	434
235	435
235	436
235	437
235	438
235	439
235	440
235	441
236	237
236	238
236	239
236	240
236	241
236	242
236	243
236	244
236	245
236	246
236	247
236	248
236	249
236	250
236	251
236	252
236	257
236	258
236	259
236	260
236	261
236	262
236	263
236	264
236	265
236	266
236	267
236	268
236	269
236	270
236	271
236	272
236	273
236	278
236	279
236	280
236	281
236	282
236	283
236	284
236	285
236	286
236	287
236	288
236	289
236	290
236	291
236	292
236	293
236	294
236	299
236	300
236	301
236	302
236	303
236	304
236	305
236	306
236	307
236	308
236	309
236	310
236	311
236	312
236	313
236	314
236	315
236	320
236	321
236	322
236	323
236	324
236	325
236	326
236	327
236	328
236	329
236	330
236	331
236	332
236	333
236	334
236	335
236	336
236	341
236	342
236	343
236	344
236	345
236	346
236	347
236	348
236	349
236	350
236	351
236	352
236	353
236	354
236	355
236	356
236	357
236	362
236	363
236	364
236	365
236	366
236	367
236	368
236	369
236	370
236	371
236	372
236	373
236	374
236	375
236	376
236	377
236	378
236	383
236	384
236	385
236	386
236	387
236	388
236	389
236	390
236	391
236	392
236	393
236	394
236	395
236	396
236	397
236	398
236	399
236	404
236	405
236	406
236	407
236	408
236	409
236	410
236	411
236	412
236	413
236	414
236	415
236	416
236	417
236	418
236	419
236	420
236	425
236	426
236	427
236	428
236	429
236	430
236	431
236	432
236	433
236	434
236	435
236	436
236	437
236	438
236	439
236	440
236	441
237	238
237	239
237	240
237	241
237	242
237	243
237	244
237	245
237	246
237	247
237	248
237	249
237	250
237	251
237	252
237	258
237	259
237	260
237	261
237	262
237	263
237	264
237	265
237	266
237	267
237	268
237	269
237	270
237	271
237	272
237	273
237	279
237	280
237	281
237	282
237	283
237	284
237	285
237	286
237	287
237	288
237	289
237	290
237	291
237	292
237	293
237	294
237	300
237	301
237	302
237	303
237	304
237	305
237	306
237	307
237	308
237	309
237	310
237	311
237	312
237	313
237	314
237	315
237	321
237	322
237	323
237	324
237	325
237	326
237	327
237	328
237	329
237	330
237	331
237	332
237	333
237	334
237	335
237	336
237	342
237	343
237	344
237	345
237	346
237	347
237	348
237	349
237	350
237	351
237	352
237	353
237	354
237	355
237	356
237	357
237	363
237	364
237	365
237	366
237	367
237	368
237	369
237	370
237	371
237	372
237	373
237	374
237	375
237	376
237	377
237	378
237	384
237	385
237	386
237	387
237	388
237	389
237	390
237	391
237	392
237	393
237	394
237	395
237	396
237	397
237	398
237	399
237	405
237	406
237	407
237	408
237	409
237	410
237	411
237	412
237	413
237	414
237	415
237	416
237	417
237	418
237	419
237	420
237	426
237	427
237	428
237	429
237	430
237	431
237	432
237	433
237	434
237	435
237	436
237	437
237	438
237	439
237	440
237	441
238	239
238	240
238	241
238	242
238	243
238	244
238	245
238	246
238	247
238	248
238	249
238	250
238	251
238	252
238	259
238	260
238	261
238	262
238	263
238	264
238	265
238	266
238	267
238	268
238	269
238	270
238	271
238	272
238	273
238	280
238	281
238	282
238	283
238	284
238	285
238	286
238	287
238	288
238	289
238	290
238	291
238	292
238	293
238	294
238	301
238	302
238	303
238	304
238	305
238	306
238	307
238	308
238	309
238	310
238	311
238	312
238	313
238	314
238	315
238	322
238	323
238	324
238	325
238	326
238	327
238	328
238	329
238	330
238	331
238	332
238	333
238	334
238	335
238	336
238	343
238	344
238	345
238	346
238	347
238	348
238	349
238	350
238	351
238	352
238	353
238	354
238	355
238	356
238	357
238	364
238	365
238	366
238	367
238	368
238	369
238	370
238	371
238	372
238	373
238	374
238	375
238	376
238	377
238	378
238	385
238	386
238	387
238	388
238	389
238	390
238	391
238	392
238	393
238	394
238	395
238	396
238	397
238	398
238	399
238	406
238	407
238	408
238	409
238	410
238	411
238	412
238	413
238	414
238	415
238	416
238	417
238	418
238	419
238	420
238	427
238	428
238	429
238	430
238	431
238	432
238	433
238	434
238	435
238	436
238	437
238	438
238	439
238	440
238	441
239	240
239	241
239	242
239	243
239	244
239	245
239	246
239	247
239	248
239	249
239	250
239	251
239	252
239	260
239	261
239	262
239	263
239	264
239	265
239	266
239	267
239	268
239	269
239	270
239	271
239	272
239	273
239	281
239	282
239	283
239	284
239	285
239	286
239	287
239	288
239	289
239	290
239	291
239	292
239	293
239	294
239	302
239	303
239	304
239	305
239	306
239	307
239	308
239	309
239	310
239	311
239	312
239	313
239	314
239	315
239	323
239	324
239	325
239	326
239	327
239	328
239	329
239	330
239	331
239	332
239	333
239	334
239	335
239	336
239	344
239	345
239	346
239	347
239	348
239	349
239	350
239	351
239	352
239	353
239	354
239	355
239	356
239	357
239	365
239	366
239	367
239	368
239	369
239	370
239	371
239	372
239	373
239	374
239	375
239	376
239	377
239	378
239	386
239	387
239	388
239	389
239	390
239	391
239	392
239	393
239	394
239	395
239	396
239	397
239	398
239	399
239	407
239	408
239	409
239	410
239	411
239	412
239	413
239	414
239	415
239	416
239	417
239	418
239	419
239	420
239	428
239	429
239	430
239	431
239	432
239	433
239	434
239	435
239	436
239	437
239	438
239	439
239	440
239	441
240	241
240	242
240	243
240	244
240	245
240	246
240	247
240	248
240	249
240	250
240	251
240	252
240	261
240	262
240	263
240	264
240	265
240	266
240	267
240	268
240	269
240	270
240	271
240	272
240	273
240	282
240	283
240	284
240	285
240	286
240	287
240	288
240	289
240	290
240	291
240	292
240	293
240	294
240	303
240	304
240	305
240	306
240	307
240	308
240	309
240	310
240	311
240	312
240	313
240	314
240	315
240	324
240	325
240	326
240	327
240	328
240	329
240	330
240	331
240	332
240	333
240	334
240	335
240	336
240	345
240	346
240	347
240	348
240	349
240	350
240	351
240	352
240	353
240	354
240	355
240	356
240	357
240	366
240	367
240	368
240	369
240	370
240	371
240	372
240	373
240	374
240	375
240	376
240	377
240	378
240	387
240	388
240	389
240	390
240	391
240	392
240	393
240	394
240	395
240	396
240	397
240	398
240	399
240	408
240	409
240	410
240	411
240	412
240	413
240	414
240	415
240	416
240	417
240	418
240	419
240	420
240	429
240	430
240	431
240	432
240	433
240	434
240	435
240	436
240	437
240	438
240	439
240	440
240	441
241	242
241	243
241	244
241	245
241	246
241	247
241	248
241	249
241	250
241	251
241	252
241	262
241	263
241	264
241	265
241	266
241	267
241	268
241	269
241	270
241	271
241	272
241	273
241	283
241	284
241	285
241	286
241	287
241	288
241	289
241	290
241	291
241	292
241	293
241	294
241	304
241	305
241	306
241	307
241	308
241	309
241	310
241	311
241	312
241	313
241	314
241	315
241	325
241	326
241	327
241	328
241	329
241	330
241	331
241	332
241	333
241	334
241	335
241	336
241	346
241	347
241	348
241	349
241	350
241	351
241	352
241	353
241	354
241	355
241	356
241	357
241	367
241	368
241	369
241	370
241	371
241	372
241	373
241	374
241	375
241	376
241	377
241	378
241	388
241	389
241	390
241	391
241	392
241	393
241	394
241	395
241	396
241	397
241	398
241	399
241	409
241	410
241	411
241	412
241	413
241	414
241	415
241	416
241	417
241	418
241	419
241	420
241	430
241	431
241	432
241	433
241	434
241	435
241	436
241	437
241	438
241	439
241	440
241	441
242	243
242	244
242	245
242	246
242	247
242	248
242	249
242	250
242	251
242	252
242	263
242	264
242	265
242	266
242	267
242	268
242	269
242	270
242	271
242	272
242	273
242	284
242	285
242	286
242	287
242	288
242	289
242	290
242	291
242	292
242	293
242	294
242	305
242	306
242	307
242	308
242	309
242	310
242	311
242	312
242	313
242	314
242	315
242	326
242	327
242	328
242	329
242	330
242	331
242	332
242	333
242	334
242	335
242	336
242	347
242	348
242	349
242	350
242	351
242	352
242	353
242	354
242	355
242	356
242	357
242	368
242	369
242	370
242	371
242	372
242	373
242	374
242	375
242	376
242	377
242	378
242	389
242	390
242	391
242	392
242	393
242	394
242	395
242	396
242	397
242	398
242	399
242	410
242	411
242	412
242	413
242	414
242	415
242	416
242	417
242	418
242	419
242	420
242	431
242	432
242	433
242	434
242	435
242	436
242	437
242	438
242	439
242	440
242	441
243	244
243	245
243	246
243	247
243	248
243	249
243	250
243	251
243	252
243	264
243	265
243	266
243	267
243	268
243	269
243	270
243	271
243	272
243	273
243	285
243	286
243	287
243	288
243	289
243	290
243	291
243	292
243	293
243	294
243	306
243	307
243	308
243	309
243	310
243	311
243	312
243	313
243	314
243	315
243	327
243	328
243	329
243	330
243	331
243	332
243	333
243	334
243	335
243	336
243	348
243	349
243	350
243	351
243	352
243	353
243	354
243	355
243	356
243	357
243	369
243	370
243	371
243	372
243	373
243	374
243	375
243	376
243	377
243	378
243	390
243	391
243	392
243	393
243	394
243	395
243	396
243	397
243	398
243	399
243	411
243	412
243	413
243	414
243	415
243	416
243	417
243	418
243	419
243	420
243	432
243	433
243	434
243	435
243	436
243	437
243	438
243	439
243	440
243	441
244	245
244	246
244	247
244	248
244	249
244	250
244	251
244	252
244	265
244	266
244	267
244	268
244	269
244	270
244	271
244	272
244	273
244	286
244	287
244	288
244	289
244	290
244	291
244	292
244	293
244	294
244	307
244	308
244	309
244	310
244	311
244	312
244	313
244	314
244	315
244	328
244	329
244	330
244	331
244	332
244	333
244	334
244	335
244	336
244	349
244	350
244	351
244	352
244	353
244	354
244	355
244	356
244	357
244	370
244	371
244	372
244	373
244	374
244	375
244	376
244	377
244	378
244	391
244	392
244	393
244	394
244	395
244	396
244	397
244	398
244	399
244	412
244	413
244	414
244	415
244	416
244	417
244	418
244	419
244	420
244	433
244	434
244	435
244	436
244	437
244	438
244	439
244	440
244	441
245	246
245	247
245	248
245	249
245	250
245	251
245	252
245	266
245	267
245	268
245	269
245	270
245	271
245	272
245	273
245	287
245	288
245	289
245	290
245	291
245	292
245	293
245	294
245	308
245	309
245	310
245	311
245	312
245	313
245	314
245	315
245	329
245	330
245	331
245	332
245	333
245	334
245	335
245	336
245	350
245	351
245	352
245	353
245	354
245	355
245	356
245	357
245	371
245	372
245	373
245	374
245	375
245	376
245	377
245	378
245	392
245	393
245	394
245	395
245	396
245	397
245	398
245	399
245	413
245	414
245	415
245	416
245	417
245	418
245	419
245	420
245	434
245	435
245	436
245	437
245	438
245	439
245	440
245	441
246	247
246	248
246	249
246	250
246	251
246	252
246	267
246	268
246	269
246	270
246	271
246	272
246	273
246	288
246	289
246	290
246	291
246	292
246	293
246	294
246	309
246	310
246	311
246	312
246	313
246	314
246	315
246	330
246	331
246	332
246	333
246	334
246	335
246	336
246	351
246	352
246	353
246	354
246	355
246	356
246	357
246	372
246	373
246	374
246	375
246	376
246	377
246	378
246	393
246	394
246	395
246	396
246	397
246	398
246	399
246	414
246	415
246	416
246	417
246	418
246	419
246	420
246	435
246	436
246	437
246	438
246	439
246	440
246	441
247	248
247	249
247	250
247	251
247	252
247	268
247	269
247	270
247	271
247	272
247	273
247	289
247	290
247	291
247	292
247	293
247	294
247	310
247	311
247	312
247	313
247	314
247	315
247	331
247	332
247	333
247	334
247	335
247	336
247	352
247	353
247	354
247	355
247	356
247	357
247	373
247	374
247	375
247	376
247	377
247	378
247	394
247	395
247	396
247	397
247	398
247	399
247	415
247	416
247	417
247	418
247	419
247	420
247	436
247	437
247	438
247	439
247	440
247	441
248	249
248	250
248	251
248	252
248	269
248	270
248	271
248	272
248	273
248	290
248	291
248	292
248	293
248	294
248	311
248	312
248	313
248	314
248	315
248	332
248	333
248	334
248	335
248	336
248	353
248	354
248	355
248	356
248	357
248	374
248	375
248	376
248	377
248	378
248	395
248	396
248	397
248	398
248	399
248	416
248	417
248	418
248	419
248	420
248	437
248	438
248	439
248	440
248	441
249	250
249	251
249	252
249	270
249	271
249	272
249	273
249	291
249	292
249	293
249	294
249	312
249	313
249	314
249	315
249	333
249	334
249	335
249	336
249	354
249	355
249	356
249	357
249	375
249	376
249	377
249	378
249	396
249	397
249	398
249	399
249	417
249	418
249	419
249	420
249	438
249	439
249	440
249	441
250	251
250	252
250	271
250	272
250	273
250	292
250	293
250	294
250	313
250	314
250	315
250	334
250	335
250	336
250	355
250	356
250	357
250	376
250	377
250	378
250	397
250	398
250	399
250	418
250	419
250	420
250	439
250	440
250	441
251	252
251	272
251	273
251	293
251	294
251	314
251	315
251	335
251	336
251	356
251	357
251	377
251	378
251	398
251	399
251	419
251	420
251	440
251	441
252	273
252	294
252	315
252	336
252	357
252	378
252	399
252	420
252	441
253	254
253	255
253	256
253	257
253	258
253	259
253	260
253	261
253	262
253	263
253	264
253	265
253	266
253	267
253	268
253	269
253	270
253	271
253	272
253	273
253	274
253	275
253	276
253	277
253	278
253	279
253	280
253	281
253	282
253	283
253	284
253	285
253	286
253	287
253	288
253	289
253	290
253	291
253	292
253	293
253	294
253	295
253	296
253	297
253	298
253	299
253	300
253	301
253	302
253	303
253	304
253	305
253	306
253	307
253	308
253	309
253	310
253	311
253	312
253	313
253	314
253	315
253	316
253	317
253	318
253	319
253	320
253	321
253	322
253	323
253	324
253	325
253	326
253	327
253	328
253	329
253	330
253	331
253	332
253	333
253	334
253	335
253	336
253	337
253	338
253	339
253	340
253	341
253	342
253	343
253	344
253	345
253	346
253	347
253	348
253	349
253	350
253	351
253	352
253	353
253	354
253	355
253	356
253	357
253	358
253	359
253	360
253	361
253	362
253	363
253	364
253	365
253	366
253	367
253	368
253	369
253	370
253	371
253	372
253	373
253	374
253	375
253	376
253	377
253	378
253	379
253	380
253	381
253	382
253	383
253	384
253	385
253	386
253	387
253	388
253	389
253	390
253	391
253	392
253	393
253	394
253	395
253	396
253	397
253	398
253	399
253	400
253	401
253	402
253	403
253	404
253	405
253	406
253	407
253	408
253	409
253	410
253	411
253	412
253	413
253	414
253	415
253	416
253	417
253	418
253	419
253	420
253	421
253	422
253	423
253	424
253	425
253	426
253	427
253	428
253	429
253	430
253	431
253	432
253	433
253	434
253	435
253	436
253	437
253	438
253	439
253	440
253	441
254	255
254	256
254	257
254	258
254	259
254	260
254	261
254	262
254	263
254	264
254	265
254	266
254	267
254	268
254	269
254	270
254	271
254	272
254	273
254	275
254	276
254	277
254	278
254	279
254	280
254	281
254	282
254	283
254	284
254	285
254	286
254	287
254	288
254	289
254	290
254	291
254	292
254	293
254	294
254	296
254	297
254	298
254	299
254	300
254	301
254	302
254	303
254	304
254	305
254	306
254	307
254	308
254	309
254	310
254	311
254	312
254	313
254	314
254	315
254	317
254	318
254	319
254	320
254	321
254	322
254	323
254	324
254	325
254	326
254	327
254	328
254	329
254	330
254	331
254	332
254	333
254	334
254	335
254	336
254	338
254	339
254	340
254	341
254	342
254	343
254	344
254	345
254	346
254	347
254	348
254	349
254	350
254	351
254	352
254	353
254	354
254	355
254	356
254	357
254	359
254	360
254	361
254	362
254	363
254	364
254	365
254	366
254	367
254	368
254	369
254	370
254	371
254	372
254	373
254	374
254	375
254	376
254	377
254	378
254	380
254	381
254	382
254	383
254	384
254	385
254	386
254	387
254	388
254	389
254	390
254	391
254	392
254	393
254	394
254	395
254	396
254	397
254	398
254	399
254	401
254	402
254	403
254	404
254	405
254	406
254	407
254	408
254	409
254	410
254	411
254	412
254	413
254	414
254	415
254	416
254	417
254	418
254	419
254	420
254	422
254	423
254	424
254	425
254	426
254	427
254	428
254	429
254	430
254	431
254	432
254	433
254	434
254	435
254	436
254	437
254	438
254	439
254	440
254	441
255	256
255	257
255	258
255	259
255	260
255	261
255	262
255	263
255	264
255	265
255	266
255	267
255	268
255	269
255	270
255	271
255	272
255	273
255	276
255	277
255	278
255	279
255	280
255	281
255	282
255	283
255	284
255	285
255	286
255	287
255	288
255	289
255	290
255	291
255	292
255	293
255	294
255	297
255	298
255	299
255	300
255	301
255	302
255	303
255	304
255	305
255	306
255	307
255	308
255	309
255	310
255	311
255	312
255	313
255	314
255	315
255	318
255	319
255	320
255	321
255	322
255	323
255	324
255	325
255	326
255	327
255	328
255	329
255	330
255	331
255	332
255	333
255	334
255	335
255	336
255	339
255	340
255	341
255	342
255	343
255	344
255	345
255	346
255	347
255	348
255	349
255	350
255	351
255	352
255	353
255	354
255	355
255	356
255	357
255	360
255	361
255	362
255	363
255	364
255	365
255	366
255	367
255	368
255	369
255	370
255	371
255	372
255	373
255	374
255	375
255	376
255	377
255	378
255	381
255	382
255	383
255	384
255	385
255	386
255	387
255	388
255	389
255	390
255	391
255	392
255	393
255	394
255	395
255	396
255	397
255	398
255	399
255	402
255	403
255	404
255	405
255	406
255	407
255	408
255	409
255	410
255	411
255	412
255	413
255	414
255	415
255	416
255	417
255	418
255	419
255	420
255	423
255	424
255	425
255	426
255	427
255	428
255	429
255	430
255	431
255	432
255	433
255	434
255	435
255	436
255	437
255	438
255	439
255	440
255	441
256	257
256	258
256	259
256	260
256	261
256	262
256	263
256	264
256	265
256	266
256	267
256	268
256	269
256	270
256	271
256	272
256	273
256	277
256	278
256	279
256	280
256	281
256	282
256	283
256	284
256	285
256	286
256	287
256	288
256	289
256	290
256	291
256	292
256	293
256	294
256	298
256	299
256	300
256	301
256	302
256	303
256	304
256	305
256	306
256	307
256	308
256	309
256	310
256	311
256	312
256	313
256	314
256	315
256	319
256	320
256	321
256	322
256	323
256	324
256	325
256	326
256	327
256	328
256	329
256	330
256	331
256	332
256	333
256	334
256	335
256	336
256	340
256	341
256	342
256	343
256	344
256	345
256	346
256	347
256	348
256	349
256	350
256	351
256	352
256	353
256	354
256	355
256	356
256	357
256	361
256	362
256	363
256	364
256	365
256	366
256	367
256	368
256	369
256	370
256	371
256	372
256	373
256	374
256	375
256	376
256	377
256	378
256	382
256	383
256	384
256	385
256	386
256	387
256	388
256	389
256	390
256	391
256	392
256	393
256	394
256	395
256	396
256	397
256	398
256	399
256	403
256	404
256	405
256	406
256	407
256	408
256	409
256	410
256	411
256	412
256	413
256	414
256	415
256	416
256	417
256	418
256	419
256	420
256	424
256	425
256	426
256	427
256	428
256	429
256	430
256	431
256	432
256	433
256	434
256	435
256	436
256	437
256	438
256	439
256	440
256	441
257	258
257	259
257	260
257	261
257	262
257	263
257	264
257	265
257	266
257	267
257	268
257	269
257	270
257	271
257	272
257	273
257	278
257	279
257	280
257	281
257	282
257	283
257	284
257	285
257	286
257	287
257	288
257	289
257	290
257	291
257	292
257	293
257	294
257	299
257	300
257	301
257	302
257	303
257	304
257	305
257	306
257	307
257	308
257	309
257	310
257	311
257	312
257	313
257	314
257	315
257	320
257	321
257	322
257	323
257	324
257	325
257	326
257	327
257	328
257	329
257	330
257	331
257	332
257	333
257	334
257	335
257	336
257	341
257	342
257	343
257	344
257	345
257	346
257	347
257	348
257	349
257	350
257	351
257	352
257	353
257	354
257	355
257	356
257	357
257	362
257	363
257	364
257	365
257	366
257	367
257	368
257	369
257	370
257	371
257	372
257	373
257	374
257	375
257	376
257	377
257	378
257	383
257	384
257	385
257	386
257	387
257	388
257	389
257	390
257	391
257	392
257	393
257	394
257	395
257	396
257	397
257	398
257	399
257	404
257	405
257	406
257	407
257	408
257	409
257	410
257	411
257	412
257	413
257	414
257	415
257	416
257	417
257	418
257	419
257	420
257	425
257	426
257	427
257	428
257	429
257	430
257	431
257	432
257	433
257	434
257	435
257	436
257	437
257	438
257	439
257	440
257	441
258	259
258	260
258	261
258	262
258	263
258	264
258	265
258	266
258	267
258	268
258	269
258	270
258	271
258	272
258	273
258	279
258	280
258	281
258	282
258	283
258	284
258	285
258	286
258	287
258	288
258	289
258	290
258	291
258	292
258	293
258	294
258	300
258	301
258	302
258	303
258	304
258	305
258	306
258	307
258	308
258	309
258	310
258	311
258	312
258	313
258	314
258	315
258	321
258	322
258	323
258	324
258	325
258	326
258	327
258	328
258	329
258	330
258	331
258	332
258	333
258	334
258	335
258	336
258	342
258	343
258	344
258	345
258	346
258	347
258	348
258	349
258	350
258	351
258	352
258	353
258	354
258	355
258	356
258	357
258	363
258	364
258	365
258	366
258	367
258	368
258	369
258	370
258	371
258	372
258	373
258	374
258	375
258	376
258	377
258	378
258	384
258	385
258	386
258	387
258	388
258	389
258	390
258	391
258	392
258	393
258	394
258	395
258	396
258	397
258	398
258	399
258	405
258	406
258	407
258	408
258	409
258	410
258	411
258	412
258	413
258	414
258	415
258	416
258	417
258	418
258	419
258	420
258	426
258	427
258	428
258	429
258	430
258	431
258	432
258	433
258	434
258	435
258	436
258	437
258	438
258	439
258	440
258	441
259	260
259	261
259	262
259	263
259	264
259	265
259	266
259	267
259	268
259	269
259	270
259	271
259	272
259	273
259	280
259	281
259	282
259	283
259	284
259	285
259	286
259	287
259	288
259	289
259	290
259	291
259	292
259	293
259	294
259	301
259	302
259	303
259	304
259	305
259	306
259	307
259	308
259	309
259	310
259	311
259	312
259	313
259	314
259	315
259	322
259	323
259	324
259	325
259	326
259	327
259	328
259	329
259	330
259	331
259	332
259	333
259	334
259	335
259	336
259	343
259	344
259	345
259	346
259	347
259	348
259	349
259	350
259	351
259	352
259	353
259	354
259	355
259	356
259	357
259	364
259	365
259	366
259	367
259	368
259	369
259	370
259	371
259	372
259	373
259	374
259	375
259	376
259	377
259	378
259	385
259	386
259	387
259	388
259	389
259	390
259	391
259	392
259	393
259	394
259	395
259	396
259	397
259	398
259	399
259	406
259	407
259	408
259	409
259	410
259	411
259	412
259	413
259	414
259	415
259	416
259	417
259	418
259	419
259	420
259	427
259	428
259	429
259	430
259	431
259	432
259	433
259	434
259	435
259	436
259	437
259	438
259	439
259	440
259	441
260	261
260	262
260	263
260	264
260	265
260	266
260	267
260	268
260	269
260	270
260	271
260	272
260	273
260	281
260	282
260	283
260	284
260	285
260	286
260	287
260	288
260	289
260	290
260	291
260	292
260	293
260	294
260	302
260	303
260	304
260	305
260	306
260	307
260	308
260	309
260	310
260	311
260	312
260	313
260	314
260	315
260	323
260	324
260	325
260	326
260	327
260	328
260	329
260	330
260	331
260	332
260	333
260	334
260	335
260	336
260	344
260	345
260	346
260	347
260	348
260	349
260	350
260	351
260	352
260	353
260	354
260	355
260	356
260	357
260	365
260	366
260	367
260	368
260	369
260	370
260	371
260	372
260	373
260	374
260	375
260	376
260	377
260	378
260	386
260	387
260	388
260	389
260	390
260	391
260	392
260	393
260	394
260	395
260	396
260	397
260	398
260	399
260	407
260	408
260	409
260	410
260	411
260	412
260	413
260	414
260	415
260	416
260	417
260	418
260	419
260	420
260	428
260	429
260	430
260	431
260	432
260	433
260	434
260	435
260	436
260	437
260	438
260	439
260	440
260	441
261	262
261	263
261	264
261	265
261	266
261	267
261	268
261	269
261	270
261	271
261	272
261	273
261	282
261	283
261	284
261	285
261	286
261	287
261	288
261	289
261	290
261	291
261	292
261	293
261	294
261	303
261	304
261	305
261	306
261	307
261	308
261	309
261	310
261	311
261	312
261	313
261	314
261	315
261	324
261	325
261	326
261	327
261	328
261	329
261	330
261	331
261	332
261	333
261	334
261	335
261	336
261	345
261	346
261	347
261	348
261	349
261	350
261	351
261	352
261	353
261	354
261	355
261	356
261	357
261	366
261	367
261	368
261	369
261	370
261	371
261	372
261	373
261	374
261	375
261	376
261	377
261	378
261	387
261	388
261	389
261	390
261	391
261	392
261	393
261	394
261	395
261	396
261	397
261	398
261	399
261	408
261	409
261	410
261	411
261	412
261	413
261	414
261	415
261	416
261	417
261	418
261	419
261	420
261	429
261	430
261	431
261	432
261	433
261	434
261	435
261	436
261	437
261	438
261	439
261	440
261	441
262	263
262	264
262	265
262	266
262	267
262	268
262	269
262	270
262	271
262	272
262	273
262	283
262	284
262	285
262	286
262	287
262	288
262	289
262	290
262	291
262	292
262	293
262	294
262	304
262	305
262	306
262	307
262	308
262	309
262	310
262	311
262	312
262	313
262	314
262	315
262	325
262	326
262	327
262	328
262	329
262	330
262	331
262	332
262	333
262	334
262	335
262	336
262	346
262	347
262	348
262	349
262	350
262	351
262	352
262	353
262	354
262	355
262	356
262	357
262	367
262	368
262	369
262	370
262	371
262	372
262	373
262	374
262	375
262	376
262	377
262	378
262	388
262	389
262	390
262	391
262	392
262	393
262	394
262	395
262	396
262	397
262	398
262	399
262	409
262	410
262	411
262	412
262	413
262	414
262	415
262	416
262	417
262	418
262	419
262	420
262	430
262	431
262	432
262	433
262	434
262	435
262	436
262	437
262	438
262	439
262	440
262	441
263	264
263	265
263	266
263	267
263	268
263	269
263	270
263	271
263	272
263	273
263	284
263	285
263	286
263	287
263	288
263	289
263	290
263	291
263	292
263	293
263	294
263	305
263	306
263	307
263	308
263	309
263	310
263	311
263	312
263	313
263	314
263	315
263	326
263	327
263	328
263	329
263	330
263	331
263	332
263	333
263	334
263	335
263	336
263	347
263	348
263	349
263	350
263	351
263	352
263	353
263	354
263	355
263	356
263	357
263	368
263	369
263	370
263	371
263	372
263	373
263	374
263	375
263	376
263	377
263	378
263	389
263	390
263	391
263	392
263	393
263	394
263	395
263	396
263	397
263	398
263	399
263	410
263	411
263	412
263	413
263	414
263	415
263	416
263	417
263	418
263	419
263	420
263	431
263	432
263	433
263	434
263	435
263	436
263	437
263	438
263	439
263	440
263	441
264	265
264	266
264	267
264	268
264	269
264	270
264	271
264	272
264	273
264	285
264	286
264	287
264	288
264	289
264	290
264	291
264	292
264	293
264	294
264	306
264	307
264	308
264	309
264	310
264	311
264	312
264	313
264	314
264	315
264	327
264	328
264	329
264	330
264	331
264	332
264	333
264	334
264	335
264	336
264	348
264	349
264	350
264	351
264	352
264	353
264	354
264	355
264	356
264	357
264	369
264	370
264	371
264	372
264	373
264	374
264	375
264	376
264	377
264	378
264	390
264	391
264	392
264	393
264	394
264	395
264	396
264	397
264	398
264	399
264	411
264	412
264	413
264	414
264	415
264	416
264	417
264	418
264	419
264	420
264	432
264	433
264	434
264	435
264	436
264	437
264	438
264	439
264	440
264	441
265	266
265	267
265	268
265	269
265	270
265	271
265	272
265	273
265	286
265	287
265	288
265	289
265	290
265	291
265	292
265	293
265	294
265	307
265	308
265	309
265	310
265	311
265	312
265	313
265	314
265	315
265	328
265	329
265	330
265	331
265	332
265	333
265	334
265	335
265	336
265	349
265	350
265	351
265	352
265	353
265	354
265	355
265	356
265	357
265	370
265	371
265	372
265	373
265	374
265	375
265	376
265	377
265	378
265	391
265	392
265	393
265	394
265	395
265	396
265	397
265	398
265	399
265	412
265	413
265	414
265	415
265	416
265	417
265	418
265	419
265	420
265	433
265	434
265	435
265	436
265	437
265	438
265	439
265	440
265	441
266	267
266	268
266	269
266	270
266	271
266	272
266	273
266	287
266	288
266	289
266	290
266	291
266	292
266	293
266	294
266	308
266	309
266	310
266	311
266	312
266	313
266	314
266	315
266	329
266	330
266	331
266	332
266	333
266	334
266	335
266	336
266	350
266	351
266	352
266	353
266	354
266	355
266	356
266	357
266	371
266	372
266	373
266	374
266	375
266	376
266	377
266	378
266	392
266	393
266	394
266	395
266	396
266	397
266	398
266	399
266	413
266	414
266	415
266	416
266	417
266	418
266	419
266	420
266	434
266	435
266	436
266	437
266	438
266	439
266	440
266	441
267	268
267	269
267	270
267	271
267	272
267	273
267	288
267	289
267	290
267	291
267	292
267	293
267	294
267	309
267	310
267	311
267	312
267	313
267	314
267	315
267	330
267	331
267	332
267	333
267	334
267	335
267	336
267	351
267	352
267	353
267	354
267	355
267	356
267	357
267	372
267	373
267	374
267	375
267	376
267	377
267	378
267	393
267	394
267	395
267	396
267	397
267	398
267	399
267	414
267	415
267	416
267	417
267	418
267	419
267	420
267	435
267	436
267	437
267	438
267	439
267	440
267	441
268	269
268	270
268	271
268	272
268	273
268	289
268	290
268	291
268	292
268	293
268	294
268	310
268	311
268	312
268	313
268	314
268	315
268	331
268	332
268	333
268	334
268	335
268	336
268	352
268	353
268	354
268	355
268	356
268	357
268	373
268	374
268	375
268	376
268	377
268	378
268	394
268	395
268	396
268	397
268	398
268	399
268	415
268	416
268	417
268	418
268	419
268	420
268	436
268	437
268	438
268	439
268	440
268	441
269	270
269	271
269	272
269	273
269	290
269	291
269	292
269	293
269	294
269	311
269	312
269	313
269	314
269	315
269	332
269	333
269	334
269	335
269	336
269	353
269	354
269	355
269	356
269	357
269	374
269	375
269	376
269	377
269	378
269	395
269	396
269	397
269	398
269	399
269	416
269	417
269	418
269	419
269	420
269	437
269	438
269	439
269	440
269	441
270	271
270	272
270	273
270	291
270	292
270	293
270	294
270	312
270	313
270	314
270	315
270	333
270	334
270	335
270	336
270	354
270	355
270	356
270	357
270	375
270	376
270	377
270	378
270	396
270	397
270	398
270	399
270	417
270	418
270	419
270	420
270	438
270	439
270	440
270	441
271	272
271	273
271	292
271	293
271	294
271	313
271	314
271	315
271	334
271	335
271	336
271	355
271	356
271	357
271	376
271	377
271	378
271	397
271	398
271	399
271	418
271	419
271	420
271	439
271	440
271	441
272	273
272	293
272	294
272	314
272	315
272	335
272	336
272	356
272	357
272	377
272	378
272	398
272	399
272	419
272	420
272	440
272	441
273	294
273	315
273	336
273	357
273	378
273	399
273	420
273	441
274	275
274	276
274	277
274	278
274	279
274	280
274	281
274	282
274	283
274	284
274	285
274	286
274	287
274	288
274	289
274	290
274	291
274	292
274	293
274	294
274	295
274	296
274	297
274	298
274	299
274	300
274	301
274	302
274	303
274	304
274	305
274	306
274	307
274	308
274	309
274	310
274	311
274	312
274	313
274	314
274	315
274	316
274	317
274	318
274	319
274	320
274	321
274	322
274	323
274	324
274	325
274	326
274	327
274	328
274	329
274	330
274	331
274	332
274	333
274	334
274	335
274	336
274	337
274	338
274	339
274	340
274	341
274	342
274	343
274	344
274	345
274	346
274	347
274	348
274	349
274	350
274	351
274	352
274	353
274	354
274	355
274	356
274	357
274	358
274	359
274	360
274	361
274	362
274	363
274	364
274	365
274	366
274	367
274	368
274	369
274	370
274	371
274	372
274	373
274	374
274	375
274	376
274	377
274	378
274	379
274	380
274	381
274	382
274	383
274	384
274	385
274	386
274	387
274	388
274	389
274	390
274	391
274	392
274	393
274	394
274	395
274	396
274	397
274	398
274	399
274	400
274	401
274	402
274	403
274	404
274	405
274	406
274	407
274	408
274	409
274	410
274	411
274	412
274	413
274	414
274	415
274	416
274	417
274	418
274	419
274	420
274	421
274	422
274	423
274	424
274	425
274	426
274	427
274	428
274	429
274	430
274	431
274	432
274	433
274	434
274	435
274	436
274	437
274	438
274	439
274	440
274	441
275	276
275	277
275	278
275	279
275	280
275	281
275	282
275	283
275	284
275	285
275	286
275	287
275	288
275	289
275	290
275	291
275	292
275	293
275	294
275	296
275	297
275	298
275	299
275	300
275	301
275	302
275	303
275	304
275	305
275	306
275	307
275	308
275	309
275	310
275	311
275	312
275	313
275	314
275	315
275	317
275	318
275	319
275	320
275	321
275	322
275	323
275	324
275	325
275	326
275	327
275	328
275	329
275	330
275	331
275	332
275	333
275	334
275	335
275	336
275	338
275	339
275	340
275	341
275	342
275	343
275	344
275	345
275	346
275	347
275	348
275	349
275	350
275	351
275	352
275	353
275	354
275	355
275	356
275	357
275	359
275	360
275	361
275	362
275	363
275	364
275	365
275	366
275	367
275	368
275	369
275	370
275	371
275	372
275	373
275	374
275	375
275	376
275	377
275	378
275	380
275	381
275	382
275	383
275	384
275	385
275	386
275	387
275	388
275	389
275	390
275	391
275	392
275	393
275	394
275	395
275	396
275	397
275	398
275	399
275	401
275	402
275	403
275	404
275	405
275	406
275	407
275	408
275	409
275	410
275	411
275	412
275	413
275	414
275	415
275	416
275	417
275	418
275	419
275	420
275	422
275	423
275	424
275	425
275	426
275	427
275	428
275	429
275	430
275	431
275	432
275	433
275	434
275	435
275	436
275	437
275	438
275	439
275	440
275	441
276	277
276	278
276	279
276	280
276	281
276	282
276	283
276	284
276	285
276	286
276	287
276	288
276	289
276	290
276	291
276	292
276	293
276	294
276	297
276	298
276	299
276	300
276	301
276	302
276	303
276	304
276	305
276	306
276	307
276	308
276	309
276	310
276	311
276	312
276	313
276	314
276	315
276	318
276	319
276	320
276	321
276	322
276	323
276	324
276	325
276	326
276	327
276	328
276	329
276	330
276	331
276	332
276	333
276	334
276	335
276	336
276	339
276	340
276	341
276	342
276	343
276	344
276	345
276	346
276	347
276	348
276	349
276	350
276	351
276	352
276	353
276	354
276	355
276	356
276	357
276	360
276	361
276	362
276	363
276	364
276	365
276	366
276	367
276	368
276	369
276	370
276	371
276	372
276	373
276	374
276	375
276	376
276	377
276	378
276	381
276	382
276	383
276	384
276	385
276	386
276	387
276	388
276	389
276	390
276	391
276	392
276	393
276	394
276	395
276	396
276	397
276	398
276	399
276	402
276	403
276	404
276	405
276	406
276	407
276	408
276	409
276	410
276	411
276	412
276	413
276	414
276	415
276	416
276	417
276	418
276	419
276	420
276	423
276	424
276	425
276	426
276	427
276	428
276	429
276	430
276	431
276	432
276	433
276	434
276	435
276	436
276	437
276	438
276	439
276	440
276	441
277	278
277	279
277	280
277	281
277	282
277	283
277	284
277	285
277	286
277	287
277	288
277	289
277	290
277	291
277	292
277	293
277	294
277	298
277	299
277	300
277	301
277	302
277	303
277	304
277	305
277	306
277	307
277	308
277	309
277	310
277	311
277	312
277	313
277	314
277	315
277	319
277	320
277	321
277	322
277	323
277	324
277	325
277	326
277	327
277	328
277	329
277	330
277	331
277	332
277	333
277	334
277	335
277	336
277	340
277	341
277	342
277	343
277	344
277	345
277	346
277	347
277	348
277	349
277	350
277	351
277	352
277	353
277	354
277	355
277	356
277	357
277	361
277	362
277	363
277	364
277	365
277	366
277	367
277	368
277	369
277	370
277	371
277	372
277	373
277	374
277	375
277	376
277	377
277	378
277	382
277	383
277	384
277	385
277	386
277	387
277	388
277	389
277	390
277	391
277	392
277	393
277	394
277	395
277	396
277	397
277	398
277	399
277	403
277	404
277	405
277	406
277	407
277	408
277	409
277	410
277	411
277	412
277	413
277	414
277	415
277	416
277	417
277	418
277	419
277	420
277	424
277	425
277	426
277	427
277	428
277	429
277	430
277	431
277	432
277	433
277	434
277	435
277	436
277	437
277	438
277	439
277	440
277	441
278	279
278	280
278	281
278	282
278	283
278	284
278	285
278	286
278	287
278	288
278	289
278	290
278	291
278	292
278	293
278	294
278	299
278	300
278	301
278	302
278	303
278	304
278	305
278	306
278	307
278	308
278	309
278	310
278	311
278	312
278	313
278	314
278	315
278	320
278	321
278	322
278	323
278	324
278	325
278	326
278	327
278	328
278	329
278	330
278	331
278	332
278	333
278	334
278	335
278	336
278	341
278	342
278	343
278	344
278	345
278	346
278	347
278	348
278	349
278	350
278	351
278	352
278	353
278	354
278	355
278	356
278	357
278	362
278	363
278	364
278	365
278	366
278	367
278	368
278	369
278	370
278	371
278	372
278	373
278	374
278	375
278	376
278	377
278	378
278	383
278	384
278	385
278	386
278	387
278	388
278	389
278	390
278	391
278	392
278	393
278	394
278	395
278	396
278	397
278	398
278	399
278	404
278	405
278	406
278	407
278	408
278	409
278	410
278	411
278	412
278	413
278	414
278	415
278	416
278	417
278	418
278	419
278	420
278	425
278	426
278	427
278	428
278	429
278	430
278	431
278	432
278	433
278	434
278	435
278	436
278	437
278	438
278	439
278	440
278	441
279	280
279	281
279	282
279	283
279	284
279	285
279	286
279	287
279	288
279	289
279	290
279	291
279	292
279	293
279	294
279	300
279	301
279	302
279	303
279	304
279	305
279	306
279	307
279	308
279	309
279	310
279	311
279	312
279	313
279	314
279	315
279	321
279	322
279	323
279	324
279	325
279	326
279	327
279	328
279	329
279	330
279	331
279	332
279	333
279	334
279	335
279	336
279	342
279	343
279	344
279	345
279	346
279	347
279	348
279	349
279	350
279	351
279	352
279	353
279	354
279	355
279	356
279	357
279	363
279	364
279	365
279	366
279	367
279	368
279	369
279	370
279	371
279	372
279	373
279	374
279	375
279	376
279	377
279	378
279	384
279	385
279	386
279	387
279	388
279	389
279	390
279	391
279	392
279	393
279	394
279	395
279	396
279	397
279	398
279	399
279	405
279	406
279	407
279	408
279	409
279	410
279	411
279	412
279	413
279	414
279	415
279	416
279	417
279	418
279	419
279	420
279	426
279	427
279	428
279	429
279	430
279	431
279	432
279	433
279	434
279	435
279	436
279	437
279	438
279	439
279	440
279	441
280	281
280	282
280	283
280	284
280	285
280	286
280	287
280	288
280	289
280	290
280	291
280	292
280	293
280	294
280	301
280	302
280	303
280	304
280	305
280	306
280	307
280	308
280	309
280	310
280	311
280	312
280	313
280	314
280	315
280	322
280	323
280	324
280	325
280	326
280	327
280	328
280	329
280	330
280	331
280	332
280	333
280	334
280	335
280	336
280	343
280	344
280	345
280	346
280	347
280	348
280	349
280	350
280	351
280	352
280	353
280	354
280	355
280	356
280	357
280	364
280	365
280	366
280	367
280	368
280	369
280	370
280	371
280	372
280	373
280	374
280	375
280	376
280	377
280	378
280	385
280	386
280	387
280	388
280	389
280	390
280	391
280	392
280	393
280	394
280	395
280	396
280	397
280	398
280	399
280	406
280	407
280	408
280	409
280	410
280	411
280	412
280	413
280	414
280	415
280	416
280	417
280	418
280	419
280	420
280	427
280	428
280	429
280	430
280	431
280	432
280	433
280	434
280	435
280	436
280	437
280	438
280	439
280	440
280	441
281	282
281	283
281	284
281	285
281	286
281	287
281	288
281	289
281	290
281	291
281	292
281	293
281	294
281	302
281	303
281	304
281	305
281	306
281	307
281	308
281	309
281	310
281	311
281	312
281	313
281	314
281	315
281	323
281	324
281	325
281	326
281	327
281	328
281	329
281	330
281	331
281	332
281	333
281	334
281	335
281	336
281	344
281	345
281	346
281	347
281	348
281	349
281	350
281	351
281	352
281	353
281	354
281	355
281	356
281	357
281	365
281	366
281	367
281	368
281	369
281	370
281	371
281	372
281	373
281	374
281	375
281	376
281	377
281	378
281	386
281	387
281	388
281	389
281	390
281	391
281	392
281	393
281	394
281	395
281	396
281	397
281	398
281	399
281	407
281	408
281	409
281	410
281	411
281	412
281	413
281	414
281	415
281	416
281	417
281	418
281	419
281	420
281	428
281	429
281	430
281	431
281	432
281	433
281	434
281	435
281	436
281	437
281	438
281	439
281	440
281	441
282	283
282	284
282	285
282	286
282	287
282	288
282	289
282	290
282	291
282	292
282	293
282	294
282	303
282	304
282	305
282	306
282	307
282	308
282	309
282	310
282	311
282	312
282	313
282	314
282	315
282	324
282	325
282	326
282	327
282	328
282	329
282	330
282	331
282	332
282	333
282	334
282	335
282	336
282	345
282	346
282	347
282	348
282	349
282	350
282	351
282	352
282	353
282	354
282	355
282	356
282	357
282	366
282	367
282	368
282	369
282	370
282	371
282	372
282	373
282	374
282	375
282	376
282	377
282	378
282	387
282	388
282	389
282	390
282	391
282	392
282	393
282	394
282	395
282	396
282	397
282	398
282	399
282	408
282	409
282	410
282	411
282	412
282	413
282	414
282	415
282	416
282	417
282	418
282	419
282	420
282	429
282	430
282	431
282	432
282	433
282	434
282	435
282	436
282	437
282	438
282	439
282	440
282	441
283	284
283	285
283	286
283	287
283	288
283	289
283	290
283	291
283	292
283	293
283	294
283	304
283	305
283	306
283	307
283	308
283	309
283	310
283	311
283	312
283	313
283	314
283	315
283	325
283	326
283	327
283	328
283	329
283	330
283	331
283	332
283	333
283	334
283	335
283	336
283	346
283	347
283	348
283	349
283	350
283	351
283	352
283	353
283	354
283	355
283	356
283	357
283	367
283	368
283	369
283	370
283	371
283	372
283	373
283	374
283	375
283	376
283	377
283	378
283	388
283	389
283	390
283	391
283	392
283	393
283	394
283	395
283	396
283	397
283	398
283	399
283	409
283	410
283	411
283	412
283	413
283	414
283	415
283	416
283	417
283	418
283	419
283	420
283	430
283	431
283	432
283	433
283	434
283	435
283	436
283	437
283	438
283	439
283	440
283	441
284	285
284	286
284	287
284	288
284	289
284	290
284	291
284	292
284	293
284	294
284	305
284	306
284	307
284	308
284	309
284	310
284	311
284	312
284	313
284	314
284	315
284	326
284	327
284	328
284	329
284	330
284	331
284	332
284	333
284	334
284	335
284	336
284	347
284	348
284	349
284	350
284	351
284	352
284	353
284	354
284	355
284	356
284	357
284	368
284	369
284	370
284	371
284	372
284	373
284	374
284	375
284	376
284	377
284	378
284	389
284	390
284	391
284	392
284	393
284	394
284	395
284	396
284	397
284	398
284	399
284	410
284	411
284	412
284	413
284	414
284	415
284	416
284	417
284	418
284	419
284	420
284	431
284	432
284	433
284	434
284	435
284	436
284	437
284	438
284	439
284	440
284	441
285	286
285	287
285	288
285	289
285	290
285	291
285	292
285	293
285	294
285	306
285	307
285	308
285	309
285	310
285	311
285	312
285	313
285	314
285	315
285	327
285	328
285	329
285	330
285	331
285	332
285	333
285	334
285	335
285	336
285	348
285	349
285	350
285	351
285	352
285	353
285	354
285	355
285	356
285	357
285	369
285	370
285	371
285	372
285	373
285	374
285	375
285	376
285	377
285	378
285	390
285	391
285	392
285	393
285	394
285	395
285	396
285	397
285	398
285	399
285	411
285	412
285	413
285	414
285	415
285	416
285	417
285	418
285	419
285	420
285	432
285	433
285	434
285	435
285	436
285	437
285	438
285	439
285	440
285	441
286	287
286	288
286	289
286	290
286	291
286	292
286	293
286	294
286	307
286	308
286	309
286	310
286	311
286	312
286	313
286	314
286	315
286	328
286	329
286	330
286	331
286	332
286	333
286	334
286	335
286	336
286	349
286	350
286	351
286	352
286	353
286	354
286	355
286	356
286	357
286	370
286	371
286	372
286	373
286	374
286	375
286	376
286	377
286	378
286	391
286	392
286	393
286	394
286	395
286	396
286	397
286	398
286	399
286	412
286	413
286	414
286	415
286	416
286	417
286	418
286	419
286	420
286	433
286	434
286	435
286	436
286	437
286	438
286	439
286	440
286	441
287	288
287	289
287	290
287	291
287	292
287	293
287	294
287	308
287	309
287	310
287	311
287	312
287	313
287	314
287	315
287	329
287	330
287	331
287	332
287	333
287	334
287	335
287	336
287	350
287	351
287	352
287	353
287	354
287	355
287	356
287	357
287	371
287	372
287	373
287	374
287	375
287	376
287	377
287	378
287	392
287	393
287	394
287	395
287	396
287	397
287	398
287	399
287	413
287	414
287	415
287	416
287	417
287	418
287	419
287	420
287	434
287	435
287	436
287	437
287	438
287	439
287	440
287	441
288	289
288	290
288	291
288	292
288	293
288	294
288	309
288	310
288	311
288	312
288	313
288	314
288	315
288	330
288	331
288	332
288	333
288	334
288	335
288	336
288	351
288	352
288	353
288	354
288	355
288	356
288	357
288	372
288	373
288	374
288	375
288	376
288	377
288	378
288	393
288	394
288	395
288	396
288	397
288	398
288	399
288	414
288	415
288	416
288	417
288	418
288	419
288	420
288	435
288	436
288	437
288	438
288	439
288	440
288	441
289	290
289	291
289	292
289	293
289	294
289	310
289	311
289	312
289	313
289	314
289	315
289	331
289	332
289	333
289	334
289	335
289	336
289	352
289	353
289	354
289	355
289	356
289	357
289	373
289	374
289	375
289	376
289	377
289	378
289	394
289	395
289	396
289	397
289	398
289	399
289	415
289	416
289	417
289	418
289	419
289	420
289	436
289	437
289	438
289	439
289	440
289	441
290	291
290	292
290	293
290	294
290	311
290	312
290	313
290	314
290	315
290	332
290	333
290	334
290	335
290	336
290	353
290	354
290	355
290	356
290	357
290	374
290	375
290	376
290	377
290	378
290	395
290	396
290	397
290	398
290	399
290	416
290	417
290	418
290	419
290	420
290	437
290	438
290	439
290	440
290	441
291	292
291	293
291	294
291	312
291	313
291	314
291	315
291	333
291	334
291	335
291	336
291	354
291	355
291	356
291	357
291	375
291	376
291	377
291	378
291	396
291	397
291	398
291	399
291	417
291	418
291	419
291	420
291	438
291	439
291	440
291	441
292	293
292	294
292	313
292	314
292	315
292	334
292	335
292	336
292	355
292	356
292	357
292	376
292	377
292	378
292	397
292	398
292	399
292	418
292	419
292	420
292	439
292	440
292	441
293	294
293	314
293	315
293	335
293	336
293	356
293	357
293	377
293	378
293	398
293	399
293	419
293	420
293	440
293	441
294	315
294	336
294	357
294	378
294	399
294	420
294	441
295	296
295	297
295	298
295	299
295	300
295	301
295	302
295	303
295	304
295	305
295	306
295	307
295	308
295	309
295	310
295	311
295	312
295	313
295	314
295	315
295	316
295	317
295	318
295	319
295	320
295	321
295	322
295	323
295	324
295	325
295	326
295	327
295	328
295	329
295	330
295	331
295	332
295	333
295	334
295	335
295	336
295	337
295	338
295	339
295	340
295	341
295	342
295	343
295	344
295	345
295	346
295	347
295	348
295	349
295	350
295	351
295	352
295	353
295	354
295	355
295	356
295	357
295	358
295	359
295	360
295	361
295	362
295	363
295	364
295	365
295	366
295	367
295	368
295	369
295	370
295	371
295	372
295	373
295	374
295	375
295	376
295	377
295	378
295	379
295	380
295	381
295	382
295	383
295	384
295	385
295	386
295	387
295	388
295	389
295	390
295	391
295	392
295	393
295	394
295	395
295	396
295	397
295	398
295	399
295	400
295	401
295	402
295	403
295	404
295	405
295	406
295	407
295	408
295	409
295	410
295	411
295	412
295	413
295	414
295	415
295	416
295	417
295	418
295	419
295	420
295	421
295	422
295	423
295	424
295	425
295	426
295	427
295	428
295	429
295	430
295	431
295	432
295	433
295	434
295	435
295	436
295	437
295	438
295	439
295	440
295	441
296	297
296	298
296	299
296	300
296	301
296	302
296	303
296	304
296	305
296	306
296	307
296	308
296	309
296	310
296	311
296	312
296	313
296	314
296	315
296	317
296	318
296	319
296	320
296	321
296	322
296	323
296	324
296	325
296	326
296	327
296	328
296	329
296	330
296	331
296	332
296	333
296	334
296	335
296	336
296	338
296	339
296	340
296	341
296	342
296	343
296	344
296	345
296	346
296	347
296	348
296	349
296	350
296	351
296	352
296	353
296	354
296	355
296	356
296	357
296	359
296	360
296	361
296	362
296	363
296	364
296	365
296	366
296	367
296	368
296	369
296	370
296	371
296	372
296	373
296	374
296	375
296	376
296	377
296	378
296	380
296	381
296	382
296	383
296	384
296	385
296	386
296	387
296	388
296	389
296	390
296	391
296	392
296	393
296	394
296	395
296	396
296	397
296	398
296	399
296	401
296	402
296	403
296	404
296	405
296	406
296	407
296	408
296	409
296	410
296	411
296	412
296	413
296	414
296	415
296	416
296	417
296	418
296	419
296	420
296	422
296	423
296	424
296	425
296	426
296	427
296	428
296	429
296	430
296	431
296	432
296	433
296	434
296	435
296	436
296	437
296	438
296	439
296	440
296	441
297	298
297	299
297	300
297	301
297	302
297	303
297	304
297	305
297	306
297	307
297	308
297	309
297	310
297	311
297	312
297	313
297	314
297	315
297	318
297	319
297	320
297	321
297	322
297	323
297	324
297	325
297	326
297	327
297	328
297	329
297	330
297	331
297	332
297	333
297	334
297	335
297	336
297	339
297	340
297	341
297	342
297	343
297	344
297	345
297	346
297	347
297	348
297	349
297	350
297	351
297	352
297	353
297	354
297	355
297	356
297	357
297	360
297	361
297	362
297	363
297	364
297	365
297	366
297	367
297	368
297	369
297	370
297	371
297	372
297	373
297	374
297	375
297	376
297	377
297	378
297	381
297	382
297	383
297	384
297	385
297	386
297	387
297	388
297	389
297	390
297	391
297	392
297	393
297	394
297	395
297	396
297	397
297	398
297	399
297	402
297	403
297	404
297	405
297	406
297	407
297	408
297	409
297	410
297	411
297	412
297	413
297	414
297	415
297	416
297	417
297	418
297	419
297	420
297	423
297	424
297	425
297	426
297	427
297	428
297	429
297	430
297	431
297	432
297	433
297	434
297	435
297	436
297	437
297	438
297	439
297	440
297	441
298	299
298	300
298	301
298	302
298	303
298	304
298	305
298	306
298	307
298	308
298	309
298	310
298	311
298	312
298	313
298	314
298	315
298	319
298	320
298	321
298	322
298	323
298	324
298	325
298	326
298	327
298	328
298	329
298	330
298	331
298	332
298	333
298	334
298	335
298	336
298	340
298	341
298	342
298	343
298	344
298	345
298	346
298	347
298	348
298	349
298	350
298	351
298	352
298	353
298	354
298	355
298	356
298	357
298	361
298	362
298	363
298	364
298	365
298	366
298	367
298	368
298	369
298	370
298	371
298	372
298	373
298	374
298	375
298	376
298	377
298	378
298	382
298	383
298	384
298	385
298	386
298	387
298	388
298	389
298	390
298	391
298	392
298	393
298	394
298	395
298	396
298	397
298	398
298	399
298	403
298	404
298	405
298	406
298	407
298	408
298	409
298	410
298	411
298	412
298	413
298	414
298	415
298	416
298	417
298	418
298	419
298	420
298	424
298	425
298	426
298	427
298	428
298	429
298	430
298	431
298	432
298	433
298	434
298	435
298	436
298	437
298	438
298	439
298	440
298	441
299	300
299	301
299	302
299	303
299	304
299	305
299	306
299	307
299	308
299	309
299	310
299	311
299	312
299	313
299	314
299	315
299	320
299	321
299	322
299	323
299	324
299	325
299	326
299	327
299	328
299	329
299	330
299	331
299	332
299	333
299	334
299	335
299	336
299	341
299	342
299	343
299	344
299	345
299	346
299	347
299	348
299	349
299	350
299	351
299	352
299	353
299	354
299	355
299	356
299	357
299	362
299	363
299	364
299	365
299	366
299	367
299	368
299	369
299	370
299	371
299	372
299	373
299	374
299	375
299	376
299	377
299	378
299	383
299	384
299	385
299	386
299	387
299	388
299	389
299	390
299	391
299	392
299	393
299	394
299	395
299	396
299	397
299	398
299	399
299	404
299	405
299	406
299	407
299	408
299	409
299	410
299	411
299	412
299	413
299	414
299	415
299	416
299	417
299	418
299	419
299	420
299	425
299	426
299	427
299	428
299	429
299	430
299	431
299	432
299	433
299	434
299	435
299	436
299	437
299	438
299	439
299	440
299	441
300	301
300	302
300	303
300	304
300	305
300	306
300	307
300	308
300	309
300	310
300	311
300	312
300	313
300	314
300	315
300	321
300	322
300	323
300	324
300	325
300	326
300	327
300	328
300	329
300	330
300	331
300	332
300	333
300	334
300	335
300	336
300	342
300	343
300	344
300	345
300	346
300	347
300	348
300	349
300	350
300	351
300	352
300	353
300	354
300	355
300	356
300	357
300	363
300	364
300	365
300	366
300	367
300	368
300	369
300	370
300	371
300	372
300	373
300	374
300	375
300	376
300	377
300	378
300	384
300	385
300	386
300	387
300	388
300	389
300	390
300	391
300	392
300	393
300	394
300	395
300	396
300	397
300	398
300	399
300	405
300	406
300	407
300	408
300	409
300	410
300	411
300	412
300	413
300	414
300	415
300	416
300	417
300	418
300	419
300	420
300	426
300	427
300	428
300	429
300	430
300	431
300	432
300	433
300	434
300	435
300	436
300	437
300	438
300	439
300	440
300	441
301	302
301	303
301	304
301	305
301	306
301	307
301	308
301	309
301	310
301	311
301	312
301	313
301	314
301	315
301	322
301	323
301	324
301	325
301	326
301	327
301	328
301	329
301	330
301	331
301	332
301	333
301	334
301	335
301	336
301	343
301	344
301	345
301	346
301	347
301	348
301	349
301	350
301	351
301	352
301	353
301	354
301	355
301	356
301	357
301	364
301	365
301	366
301	367
301	368
301	369
301	370
301	371
301	372
301	373
301	374
301	375
301	376
301	377
301	378
301	385
301	386
301	387
301	388
301	389
301	390
301	391
301	392
301	393
301	394
301	395
301	396
301	397
301	398
301	399
301	406
301	407
301	408
301	409
301	410
301	411
301	412
301	413
301	414
301	415
301	416
301	417
301	418
301	419
301	420
301	427
301	428
301	429
301	430
301	431
301	432
301	433
301	434
301	435
301	436
301	437
301	438
301	439
301	440
301	441
302	303
302	304
302	305
302	306
302	307
302	308
302	309
302	310
302	311
302	312
302	313
302	314
302	315
302	323
302	324
302	325
302	326
302	327
302	328
302	329
302	330
302	331
302	332
302	333
302	334
302	335
302	336
302	344
302	345
302	346
302	347
302	348
302	349
302	350
302	351
302	352
302	353
302	354
302	355
302	356
302	357
302	365
302	366
302	367
302	368
302	369
302	370
302	371
302	372
302	373
302	374
302	375
302	376
302	377
302	378
302	386
302	387
302	388
302	389
302	390
302	391
302	392
302	393
302	394
302	395
302	396
302	397
302	398
302	399
302	407
302	408
302	409
302	410
302	411
302	412
302	413
302	414
302	415
302	416
302	417
302	418
302	419
302	420
302	428
302	429
302	430
302	431
302	432
302	433
302	434
302	435
302	436
302	437
302	438
302	439
302	440
302	441
303	304
303	305
303	306
303	307
303	308
303	309
303	310
303	311
303	312
303	313
303	314
303	315
303	324
303	325
303	326
303	327
303	328
303	329
303	330
303	331
303	332
303	333
303	334
303	335
303	336
303	345
303	346
303	347
303	348
303	349
303	350
303	351
303	352
303	353
303	354
303	355
303	356
303	357
303	366
303	367
303	368
303	369
303	370
303	371
303	372
303	373
303	374
303	375
303	376
303	377
303	378
303	387
303	388
303	389
303	390
303	391
303	392
303	393
303	394
303	395
303	396
303	397
303	398
303	399
303	408
303	409
303	410
303	411
303	412
303	413
303	414
303	415
303	416
303	417
303	418
303	419
303	420
303	429
303	430
303	431
303	432
303	433
303	434
303	435
303	436
303	437
303	438
303	439
303	440
303	441
304	305
304	306
304	307
304	308
304	309
304	310
304	311
304	312
304	313
304	314
304	315
304	325
304	326
304	327
304	328
304	329
304	330
304	331
304	332
304	333
304	334
304	335
304	336
304	346
304	347
304	348
304	349
304	350
304	351
304	352
304	353
304	354
304	355
304	356
304	357
304	367
304	368
304	369
304	370
304	371
304	372
304	373
304	374
304	375
304	376
304	377
304	378
304	388
304	389
304	390
304	391
304	392
304	393
304	394
304	395
304	396
304	397
304	398
304	399
304	409
304	410
304	411
304	412
304	413
304	414
304	415
304	416
304	417
304	418
304	419
304	420
304	430
304	431
304	432
304	433
304	434
304	435
304	436
304	437
304	438
304	439
304	440
304	441
305	306
305	307
305	308
305	309
305	310
305	311
305	312
305	313
305	314
305	315
305	326
305	327
305	328
305	329
305	330
305	331
305	332
305	333
305	334
305	335
305	336
305	347
305	348
305	349
305	350
305	351
305	352
305	353
305	354
305	355
305	356
305	357
305	368
305	369
305	370
305	371
305	372
305	373
305	374
305	375
305	376
305	377
305	378
305	389
305	390
305	391
305	392
305	393
305	394
305	395
305	396
305	397
305	398
305	399
305	410
305	411
305	412
305	413
305	414
305	415
305	416
305	417
305	418
305	419
305	420
305	431
305	432
305	433
305	434
305	435
305	436
305	437
305	438
305	439
305	440
305	441
306	307
306	308
306	309
306	310
306	311
306	312
306	313
306	314
306	315
306	327
306	328
306	329
306	330
306	331
306	332
306	333
306	334
306	335
306	336
306	348
306	349
306	350
306	351
306	352
306	353
306	354
306	355
306	356
306	357
306	369
306	370
306	371
306	372
306	373
306	374
306	375
306	376
306	377
306	378
306	390
306	391
306	392
306	393
306	394
306	395
306	396
306	397
306	398
306	399
306	411
306	412
306	413
306	414
306	415
306	416
306	417
306	418
306	419
306	420
306	432
306	433
306	434
306	435
306	436
306	437
306	438
306	439
306	440
306	441
307	308
307	309
307	310
307	311
307	312
307	313
307	314
307	315
307	328
307	329
307	330
307	331
307	332
307	333
307	334
307	335
307	336
307	349
307	350
307	351
307	352
307	353
307	354
307	355
307	356
307	357
307	370
307	371
307	372
307	373
307	374
307	375
307	376
307	377
307	378
307	391
307	392
307	393
307	394
307	395
307	396
307	397
307	398
307	399
307	412
307	413
307	414
307	415
307	416
307	417
307	418
307	419
307	420
307	433
307	434
307	435
307	436
307	437
307	438
307	439
307	440
307	441
308	309
308	310
308	311
308	312
308	313
308	314
308	315
308	329
308	330
308	331
308	332
308	333
308	334
308	335
308	336
308	350
308	351
308	352
308	353
308	354
308	355
308	356
308	357
308	371
308	372
308	373
308	374
308	375
308	376
308	377
308	378
308	392
308	393
308	394
308	395
308	396
308	397
308	398
308	399
308	413
308	414
308	415
308	416
308	417
308	418
308	419
308	420
308	434
308	435
308	436
308	437
308	438
308	439
308	440
308	441
309	310
309	311
309	312
309	313
309	314
309	315
309	330
309	331
309	332
309	333
309	334
309	335
309	336
309	351
309	352
309	353
309	354
309	355
309	356
309	357
309	372
309	373
309	374
309	375
309	376
309	377
309	378
309	393
309	394
309	395
309	396
309	397
309	398
309	399
309	414
309	415
309	416
309	417
309	418
309	419
309	420
309	435
309	436
309	437
309	438
309	439
309	440
309	441
310	311
310	312
310	313
310	314
310	315
310	331
310	332
310	333
310	334
310	335
310	336
310	352
310	353
310	354
310	355
310	356
310	357
310	373
310	374
310	375
310	376
310	377
310	378
310	394
310	395
310	396
310	397
310	398
310	399
310	415
310	416
310	417
310	418
310	419
310	420
310	436
310	437
310	438
310	439
310	440
310	441
311	312
311	313
311	314
311	315
311	332
311	333
311	334
311	335
311	336
311	353
311	354
311	355
311	356
311	357
311	374
311	375
311	376
311	377
311	378
311	395
311	396
311	397
311	398
311	399
311	416
311	417
311	418
311	419
311	420
311	437
311	438
311	439
311	440
311	441
312	313
312	314
312	315
312	333
312	334
312	335
312	336
312	354
312	355
312	356
312	357
312	375
312	376
312	377
312	378
312	396
312	397
312	398
312	399
312	417
312	418
312	419
312	420
312	438
312	439
312	440
312	441
313	314
313	315
313	334
313	335
313	336
313	355
313	356
313	357
313	376
313	377
313	378
313	397
313	398
313	399
313	418
313	419
313	420
313	439
313	440
313	441
314	315
314	335
314	336
314	356
314	357
314	377
314	378
314	398
314	399
314	419
314	420
314	440
314	441
315	336
315	357
315	378
315	399
315	420
315	441
316	317
316	318
316	319
316	320
316	321
316	322
316	323
316	324
316	325
316	326
316	327
316	328
316	329
316	330
316	331
316	332
316	333
316	334
316	335
316	336
316	337
316	338
316	339
316	340
316	341
316	342
316	343
316	344
316	345
316	346
316	347
316	348
316	349
316	350
316	351
316	352
316	353
316	354
316	355
316	356
316	357
316	358
316	359
316	360
316	361
316	362
316	363
316	364
316	365
316	366
316	367
316	368
316	369
316	370
316	371
316	372
316	373
316	374
316	375
316	376
316	377
316	378
316	379
316	380
316	381
316	382
316	383
316	384
316	385
316	386
316	387
316	388
316	389
316	390
316	391
316	392
316	393
316	394
316	395
316	396
316	397
316	398
316	399
316	400
316	401
316	402
316	403
316	404
316	405
316	406
316	407
316	408
316	409
316	410
316	411
316	412
316	413
316	414
316	415
316	416
316	417
316	418
316	419
316	420
316	421
316	422
316	423
316	424
316	425
316	426
316	427
316	428
316	429
316	430
316	431
316	432
316	433
316	434
316	435
316	436
316	437
316	438
316	439
316	440
316	441
317	318
317	319
317	320
317	321
317	322
317	323
317	324
317	325
317	326
317	327
317	328
317	329
317	330
317	331
317	332
317	333
317	334
317	335
317	336
317	338
317	339
317	340
317	341
317	342
317	343
317	344
317	345
317	346
317	347
317	348
317	349
317	350
317	351
317	352
317	353
317	354
317	355
317	356
317	357
317	359
317	360
317	361
317	362
317	363
317	364
317	365
317	366
317	367
317	368
317	369
317	370
317	371
317	372
317	373
317	374
317	375
317	376
317	377
317	378
317	380
317	381
317	382
317	383
317	384
317	385
317	386
317	387
317	388
317	389
317	390
317	391
317	392
317	393
317	394
317	395
317	396
317	397
317	398
317	399
317	401
317	402
317	403
317	404
317	405
317	406
317	407
317	408
317	409
317	410
317	411
317	412
317	413
317	414
317	415
317	416
317	417
317	418
317	419
317	420
317	422
317	423
317	424
317	425
317	426
317	427
317	428
317	429
317	430
317	431
317	432
317	433
317	434
317	435
317	436
317	437
317	438
317	439
317	440
317	441
318	319
318	320
318	321
318	322
318	323
318	324
318	325
318	326
318	327
318	328
318	329
318	330
318	331
318	332
318	333
318	334
318	335
318	336
318	339
318	340
318	341
318	342
318	343
318	344
318	345
318	346
318	347
318	348
318	349
318	350
318	351
318	352
318	353
318	354
318	355
318	356
318	357
318	360
318	361
318	362
318	363
318	364
318	365
318	366
318	367
318	368
318	369
318	370
318	371
318	372
318	373
318	374
318	375
318	376
318	377
318	378
318	381
318	382
318	383
318	384
318	385
318	386
318	387
318	388
318	389
318	390
318	391
318	392
318	393
318	394
318	395
318	396
318	397
318	398
318	399
318	402
318	403
318	404
318	405
318	406
318	407
318	408
318	409
318	410
318	411
318	412
318	413
318	414
318	415
318	416
318	417
318	418
318	419
318	420
318	423
318	424
318	425
318	426
318	427
318	428
318	429
318	430
318	431
318	432
318	433
318	434
318	435
318	436
318	437
318	438
318	439
318	440
318	441
319	320
319	321
319	322
319	323
319	324
319	325
319	326
319	327
319	328
319	329
319	330
319	331
319	332
319	333
319	334
319	335
319	336
319	340
319	341
319	342
319	343
319	344
319	345
319	346
319	347
319	348
319	349
319	350
319	351
319	352
319	353
319	354
319	355
319	356
319	357
319	361
319	362
319	363
319	364
319	365
319	366
319	367
319	368
319	369
319	370
319	371
319	372
319	373
319	374
319	375
319	376
319	377
319	378
319	382
319	383
319	384
319	385
319	386
319	387
319	388
319	389
319	390
319	391
319	392
319	393
319	394
319	395
319	396
319	397
319	398
319	399
319	403
319	404
319	405
319	406
319	407
319	408
319	409
319	410
319	411
319	412
319	413
319	414
319	415
319	416
319	417
319	418
319	419
319	420
319	424
319	425
319	426
319	427
319	428
319	429
319	430
319	431
319	432
319	433
319	434
319	435
319	436
319	437
319	438
319	439
319	440
319	441
320	321
320	322
320	323
320	324
320	325
320	326
320	327
320	328
320	329
320	330
320	331
320	332
320	333
320	334
320	335
320	336
320	341
320	342
320	343
320	344
320	345
320	346
320	347
320	348
320	349
320	350
320	351
320	352
320	353
320	354
320	355
320	356
320	357
320	362
320	363
320	364
320	365
320	366
320	367
320	368
320	369
320	370
320	371
320	372
320	373
320	374
320	375
320	376
320	377
320	378
320	383
320	384
320	385
320	386
320	387
320	388
320	389
320	390
320	391
320	392
320	393
320	394
320	395
320	396
320	397
320	398
320	399
320	404
320	405
320	406
320	407
320	408
320	409
320	410
320	411
320	412
320	413
320	414
320	415
320	416
320	417
320	418
320	419
320	420
320	425
320	426
320	427
320	428
320	429
320	430
320	431
320	432
320	433
320	434
320	435
320	436
320	437
320	438
320	439
320	440
320	441
321	322
321	323
321	324
321	325
321	326
321	327
321	328
321	329
321	330
321	331
321	332
321	333
321	334
321	335
321	336
321	342
321	343
321	344
321	345
321	346
321	347
321	348
321	349
321	350
321	351
321	352
321	353
321	354
321	355
321	356
321	357
321	363
321	364
321	365
321	366
321	367
321	368
321	369
321	370
321	371
321	372
321	373
321	374
321	375
321	376
321	377
321	378
321	384
321	385
321	386
321	387
321	388
321	389
321	390
321	391
321	392
321	393
321	394
321	395
321	396
321	397
321	398
321	399
321	405
321	406
321	407
321	408
321	409
321	410
321	411
321	412
321	413
321	414
321	415
321	416
321	417
321	418
321	419
321	420
321	426
321	427
321	428
321	429
321	430
321	431
321	432
321	433
321	434
321	435
321	436
321	437
321	438
321	439
321	440
321	441
322	323
322	324
322	325
322	326
322	327
322	328
322	329
322	330
322	331
322	332
322	333
322	334
322	335
322	336
322	343
322	344
322	345
322	346
322	347
322	348
322	349
322	350
322	351
322	352
322	353
322	354
322	355
322	356
322	357
322	364
322	365
322	366
322	367
322	368
322	369
322	370
322	371
322	372
322	373
322	374
322	375
322	376
322	377
322	378
322	385
322	386
322	387
322	388
322	389
322	390
322	391
322	392
322	393
322	394
322	395
322	396
322	397
322	398
322	399
322	406
322	407
322	408
322	409
322	410
322	411
322	412
322	413
322	414
322	415
322	416
322	417
322	418
322	419
322	420
322	427
322	428
322	429
322	430
322	431
322	432
322	433
322	434
322	435
322	436
322	437
322	438
322	439
322	440
322	441
323	324
323	325
323	326
323	327
323	328
323	329
323	330
323	331
323	332
323	333
323	334
323	335
323	336
323	344
323	345
323	346
323	347
323	348
323	349
323	350
323	351
323	352
323	353
323	354
323	355
323	356
323	357
323	365
323	366
323	367
323	368
323	369
323	370
323	371
323	372
323	373
323	374
323	375
323	376
323	377
323	378
323	386
323	387
323	388
323	389
323	390
323	391
323	392
323	393
323	394
323	395
323	396
323	397
323	398
323	399
323	407
323	408
323	409
323	410
323	411
323	412
323	413
323	414
323	415
323	416
323	417
323	418
323	419
323	420
323	428
323	429
323	430
323	431
323	432
323	433
323	434
323	435
323	436
323	437
323	438
323	439
323	440
323	441
324	325
324	326
324	327
324	328
324	329
324	330
324	331
324	332
324	333
324	334
324	335
324	336
324	345
324	346
324	347
324	348
324	349
324	350
324	351
324	352
324	353
324	354
324	355
324	356
324	357
324	366
324	367
324	368
324	369
324	370
324	371
324	372
324	373
324	374
324	375
324	376
324	377
324	378
324	387
324	388
324	389
324	390
324	391
324	392
324	393
324	394
324	395
324	396
324	397
324	398
324	399
324	408
324	409
324	410
324	411
324	412
324	413
324	414
324	415
324	416
324	417
324	418
324	419
324	420
324	429
324	430
324	431
324	432
324	433
324	434
324	435
324	436
324	437
324	438
324	439
324	440
324	441
325	326
325	327
325	328
325	329
325	330
325	331
325	332
325	333
325	334
325	335
325	336
325	346
325	347
325	348
325	349
325	350
325	351
325	352
325	353
325	354
325	355
325	356
325	357
325	367
325	368
325	369
325	370
325	371
325	372
325	373
325	374
325	375
325	376
325	377
325	378
325	388
325	389
325	390
325	391
325	392
325	393
325	394
325	395
325	396
325	397
325	398
325	399
325	409
325	410
325	411
325	412
325	413
325	414
325	415
325	416
325	417
325	418
325	419
325	420
325	430
325	431
325	432
325	433
325	434
325	435
325	436
325	437
325	438
325	439
325	440
325	441
326	327
326	328
326	329
326	330
326	331
326	332
326	333
326	334
326	335
326	336
326	347
326	348
326	349
326	350
326	351
326	352
326	353
326	354
326	355
326	356
326	357
326	368
326	369
326	370
326	371
326	372
326	373
326	374
326	375
326	376
326	377
326	378
326	389
326	390
326	391
326	392
326	393
326	394
326	395
326	396
326	397
326	398
326	399
326	410
326	411
326	412
326	413
326	414
326	415
326	416
326	417
326	418
326	419
326	420
326	431
326	432
326	433
326	434
326	435
326	436
326	437
326	438
326	439
326	440
326	441
327	328
327	329
327	330
327	331
327	332
327	333
327	334
327	335
327	336
327	348
327	349
327	350
327	351
327	352
327	353
327	354
327	355
327	356
327	357
327	369
327	370
327	371
327	372
327	373
327	374
327	375
327	376
327	377
327	378
327	390
327	391
327	392
327	393
327	394
327	395
327	396
327	397
327	398
327	399
327	411
327	412
327	413
327	414
327	415
327	416
327	417
327	418
327	419
327	420
327	432
327	433
327	434
327	435
327	436
327	437
327	438
327	439
327	440
327	441
328	329
328	330
328	331
328	332
328	333
328	334
328	335
328	336
328	349
328	350
328	351
328	352
328	353
328	354
328	355
328	356
328	357
328	370
328	371
328	372
328	373
328	374
328	375
328	376
328	377
328	378
328	391
328	392
328	393
328	394
328	395
328	396
328	397
328	398
328	399
328	412
328	413
328	414
328	415
328	416
328	417
328	418
328	419
328	420
328	433
328	434
328	435
328	436
328	437
328	438
328	439
328	440
328	441
329	330
329	331
329	332
329	333
329	334
329	335
329	336
329	350
329	351
329	352
329	353
329	354
329	355
329	356
329	357
329	371
329	372
329	373
329	374
329	375
329	376
329	377
329	378
329	392
329	393
329	394
329	395
329	396
329	397
329	398
329	399
329	413
329	414
329	415
329	416
329	417
329	418
329	419
329	420
329	434
329	435
329	436
329	437
329	438
329	439
329	440
329	441
330	331
330	332
330	333
330	334
330	335
330	336
330	351
330	352
330	353
330	354
330	355
330	356
330	357
330	372
330	373
330	374
330	375
330	376
330	377
330	378
330	393
330	394
330	395
330	396
330	397
330	398
330	399
330	414
330	415
330	416
330	417
330	418
330	419
330	420
330	435
330	436
330	437
330	438
330	439
330	440
330	441
331	332
331	333
331	334
331	335
331	336
331	352
331	353
331	354
331	355
331	356
331	357
331	373
331	374
331	375
331	376
331	377
331	378
331	394
331	395
331	396
331	397
331	398
331	399
331	415
331	416
331	417
331	418
331	419
331	420
331	436
331	437
331	438
331	439
331	440
331	441
332	333
332	334
332	335
332	336
332	353
332	354
332	355
332	356
332	357
332	374
332	375
332	376
332	377
332	378
332	395
332	396
332	397
332	398
332	399
332	416
332	417
332	418
332	419
332	420
332	437
332	438
332	439
332	440
332	441
333	334
333	335
333	336
333	354
333	355
333	356
333	357
333	375
333	376
333	377
333	378
333	396
333	397
333	398
333	399
333	417
333	418
333	419
333	420
333	438
333	439
333	440
333	441
334	335
334	336
334	355
334	356
334	357
334	376
334	377
334	378
334	397
334	398
334	399
334	418
334	419
334	420
334	439
334	440
334	441
335	336
335	356
335	357
335	377
335	378
335	398
335	399
335	419
335	420
335	440
335	441
336	357
336	378
336	399
336	420
336	441
337	338
337	339
337	340
337	341
337	342
337	343
337	344
337	345
337	346
337	347
337	348
337	349
337	350
337	351
337	352
337	353
337	354
337	355
337	356
337	357
337	358
337	359
337	360
337	361
337	362
337	363
337	364
337	365
337	366
337	367
337	368
337	369
337	370
337	371
337	372
337	373
337	374
337	375
337	376
337	377
337	378
337	379
337	380
337	381
337	382
337	383
337	384
337	385
337	386
337	387
337	388
337	389
337	390
337	391
337	392
337	393
337	394
337	395
337	396
337	397
337	398
337	399
337	400
337	401
337	402
337	403
337	404
337	405
337	406
337	407
337	408
337	409
337	410
337	411
337	412
337	413
337	414
337	415
337	416
337	417
337	418
337	419
337	420
337	421
337	422
337	423
337	424
337	425
337	426
337	427
337	428
337	429
337	430
337	431
337	432
337	433
337	434
337	435
337	436
337	437
337	438
337	439
337	440
337	441
338	339
338	340
338	341
338	342
338	343
338	344
338	345
338	346
338	347
338	348
338	349
338	350
338	351
338	352
338	353
338	354
338	355
338	356
338	357
338	359
338	360
338	361
338	362
338	363
338	364
338	365
338	366
338	367
338	368
338	369
338	370
338	371
338	372
338	373
338	374
338	375
338	376
338	377
338	378
338	380
338	381
338	382
338	383
338	384
338	385
338	386
338	387
338	388
338	389
338	390
338	391
338	392
338	393
338	394
338	395
338	396
338	397
338	398
338	399
338	401
338	402
338	403
338	404
338	405
338	406
338	407
338	408
338	409
338	410
338	411
338	412
338	413
338	414
338	415
338	416
338	417
338	418
338	419
338	420
338	422
338	423
338	424
338	425
338	426
338	427
338	428
338	429
338	430
338	431
338	432
338	433
338	434
338	435
338	436
338	437
338	438
338	439
338	440
338	441
339	340
339	341
339	342
339	343
339	344
339	345
339	346
339	347
339	348
339	349
339	350
339	351
339	352
339	353
339	354
339	355
339	356
339	357
339	360
339	361
339	362
339	363
339	364
339	365
339	366
339	367
339	368
339	369
339	370
339	371
339	372
339	373
339	374
339	375
339	376
339	377
339	378
339	381
339	382
339	383
339	384
339	385
339	386
339	387
339	388
339	389
339	390
339	391
339	392
339	393
339	394
339	395
339	396
339	397
339	398
339	399
339	402
339	403
339	404
339	405
339	406
339	407
339	408
339	409
339	410
339	411
339	412
339	413
339	414
339	415
339	416
339	417
339	418
339	419
339	420
339	423
339	424
339	425
339	426
339	427
339	428
339	429
339	430
339	431
339	432
339	433
339	434
339	435
339	436
339	437
339	438
339	439
339	440
339	441
340	341
340	342
340	343
340	344
340	345
340	346
340	347
340	348
340	349
340	350
340	351
340	352
340	353
340	354
340	355
340	356
340	357
340	361
340	362
340	363
340	364
340	365
340	366
340	367
340	368
340	369
340	370
340	371
340	372
340	373
340	374
340	375
340	376
340	377
340	378
340	382
340	383
340	384
340	385
340	386
340	387
340	388
340	389
340	390
340	391
340	392
340	393
340	394
340	395
340	396
340	397
340	398
340	399
340	403
340	404
340	405
340	406
340	407
340	408
340	409
340	410
340	411
340	412
340	413
340	414
340	415
340	416
340	417
340	418
340	419
340	420
340	424
340	425
340	426
340	427
340	428
340	429
340	430
340	431
340	432
340	433
340	434
340	435
340	436
340	437
340	438
340	439
340	440
340	441
341	342
341	343
341	344
341	345
341	346
341	347
341	348
341	349
341	350
341	351
341	352
341	353
341	354
341	355
341	356
341	357
341	362
341	363
341	364
341	365
341	366
341	367
341	368
341	369
341	370
341	371
341	372
341	373
341	374
341	375
341	376
341	377
341	378
341	383
341	384
341	385
341	386
341	387
341	388
341	389
341	390
341	391
341	392
341	393
341	394
341	395
341	396
341	397
341	398
341	399
341	404
341	405
341	406
341	407
341	408
341	409
341	410
341	411
341	412
341	413
341	414
341	415
341	416
341	417
341	418
341	419
341	420
341	425
341	426
341	427
341	428
341	429
341	430
341	431
341	432
341	433
341	434
341	435
341	436
341	437
341	438
341	439
341	440
341	441
342	343
342	344
342	345
342	346
342	347
342	348
342	349
342	350
342	351
342	352
342	353
342	354
342	355
342	356
342	357
342	363
342	364
342	365
342	366
342	367
342	368
342	369
342	370
342	371
342	372
342	373
342	374
342	375
342	376
342	377
342	378
342	384
342	385
342	386
342	387
342	388
342	389
342	390
342	391
342	392
342	393
342	394
342	395
342	396
342	397
342	398
342	399
342	405
342	406
342	407
342	408
342	409
342	410
342	411
342	412
342	413
342	414
342	415
342	416
342	417
342	418
342	419
342	420
342	426
342	427
342	428
342	429
342	430
342	431
342	432
342	433
342	434
342	435
342	436
342	437
342	438
342	439
342	440
342	441
343	344
343	345
343	346
343	347
343	348
343	349
343	350
343	351
343	352
343	353
343	354
343	355
343	356
343	357
343	364
343	365
343	366
343	367
343	368
343	369
343	370
343	371
343	372
343	373
343	374
343	375
343	376
343	377
343	378
343	385
343	386
343	387
343	388
343	389
343	390
343	391
343	392
343	393
343	394
343	395
343	396
343	397
343	398
343	399
343	406
343	407
343	408
343	409
343	410
343	411
343	412
343	413
343	414
343	415
343	416
343	417
343	418
343	419
343	420
343	427
343	428
343	429
343	430
343	431
343	432
343	433
343	434
343	435
343	436
343	437
343	438
343	439
343	440
343	441
344	345
344	346
344	347
344	348
344	349
344	350
344	351
344	352
344	353
344	354
344	355
344	356
344	357
344	365
344	366
344	367
344	368
344	369
344	370
344	371
344	372
344	373
344	374
344	375
344	376
344	377
344	378
344	386
344	387
344	388
344	389
344	390
344	391
344	392
344	393
344	394
344	395
344	396
344	397
344	398
344	399
344	407
344	408
344	409
344	410
344	411
344	412
344	413
344	414
344	415
344	416
344	417
344	418
344	419
344	420
344	428
344	429
344	430
344	431
344	432
344	433
344	434
344	435
344	436
344	437
344	438
344	439
344	440
344	441
345	346
345	347
345	348
345	349
345	350
345	351
345	352
345	353
345	354
345	355
345	356
345	357
345	366
345	367
345	368
345	369
345	370
345	371
345	372
345	373
345	374
345	375
345	376
345	377
345	378
345	387
345	388
345	389
345	390
345	391
345	392
345	393
345	394
345	395
345	396
345	397
345	398
345	399
345	408
345	409
345	410
345	411
345	412
345	413
345	414
345	415
345	416
345	417
345	418
345	419
345	420
345	429
345	430
345	431
345	432
345	433
345	434
345	435
345	436
345	437
345	438
345	439
345	440
345	441
346	347
346	348
346	349
346	350
346	351
346	352
346	353
346	354
346	355
346	356
346	357
346	367
346	368
346	369
346	370
346	371
346	372
346	373
346	374
346	375
346	376
346	377
346	378
346	388
346	389
346	390
346	391
346	392
346	393
346	394
346	395
346	396
346	397
346	398
346	399
346	409
346	410
346	411
346	412
346	413
346	414
346	415
346	416
346	417
346	418
346	419
346	420
346	430
346	431
346	432
346	433
346	434
346	435
346	436
346	437
346	438
346	439
346	440
346	441
347	348
347	349
347	350
347	351
347	352
347	353
347	354
347	355
347	356
347	357
347	368
347	369
347	370
347	371
347	372
347	373
347	374
347	375
347	376
347	377
347	378
347	389
347	390
347	391
347	392
347	393
347	394
347	395
347	396
347	397
347	398
347	399
347	410
347	411
347	412
347	413
347	414
347	415
347	416
347	417
347	418
347	419
347	420
347	431
347	432
347	433
347	434
347	435
347	436
347	437
347	438
347	439
347	440
347	441
348	349
348	350
348	351
348	352
348	353
348	354
348	355
348	356
348	357
348	369
348	370
348	371
348	372
348	373
348	374
348	375
348	376
348	377
348	378
348	390
348	391
348	392
348	393
348	394
348	395
348	396
348	397
348	398
348	399
348	411
348	412
348	413
348	414
348	415
348	416
348	417
348	418
348	419
348	420
348	432
348	433
348	434
348	435
348	436
348	437
348	438
348	439
348	440
348	441
349	350
349	351
349	352
349	353
349	354
349	355
349	356
349	357
349	370
349	371
349	372
349	373
349	374
349	375
349	376
349	377
349	378
349	391
349	392
349	393
349	394
349	395
349	396
349	397
349	398
349	399
349	412
349	413
349	414
349	415
349	416
349	417
349	418
349	419
349	420
349	433
349	434
349	435
349	436
349	437
349	438
349	439
349	440
349	441
350	351
350	352
350	353
350	354
350	355
350	356
350	357
350	371
350	372
350	373
350	374
350	375
350	376
350	377
350	378
350	392
350	393
350	394
350	395
350	396
350	397
350	398
350	399
350	413
350	414
350	415
350	416
350	417
350	418
350	419
350	420
350	434
350	435
350	436
350	437
350	438
350	439
350	440
350	441
351	352
351	353
351	354
351	355
351	356
351	357
351	372
351	373
351	374
351	375
351	376
351	377
351	378
351	393
351	394
351	395
351	396
351	397
351	398
351	399
351	414
351	415
351	416
351	417
351	418
351	419
351	420
351	435
351	436
351	437
351	438
351	439
351	440
351	441
352	353
352	354
352	355
352	356
352	357
352	373
352	374
352	375
352	376
352	377
352	378
352	394
352	395
352	396
352	397
352	398
352	399
352	415
352	416
352	417
352	418
352	419
352	420
352	436
352	437
352	438
352	439
352	440
352	441
353	354
353	355
353	356
353	357
353	374
353	375
353	376
353	377
353	378
353	395
353	396
353	397
353	398
353	399
353	416
353	417
353	418
353	419
353	420
353	437
353	438
353	439
353	440
353	441
354	355
354	356
354	357
354	375
354	376
354	377
354	378
354	396
354	397
354	398
354	399
354	417
354	418
354	419
354	420
354	438
354	439
354	440
354	441
355	356
355	357
355	376
355	377
355	378
355	397
355	398
355	399
355	418
355	419
355	420
355	439
355	440
355	441
356	357
356	377
356	378
356	398
356	399
356	419
356	420
356	440
356	441
357	378
357	399
357	420
357	441
358	359
358	360
358	361
358	362
358	363
358	364
358	365
358	366
358	367
358	368
358	369
358	370
358	371
358	372
358	373
358	374
358	375
358	376
358	377
358	378
358	379
358	380
358	381
358	382
358	383
358	384
358	385
358	386
358	387
358	388
358	389
358	390
358	391
358	392
358	393
358	394
358	395
358	396
358	397
358	398
358	399
358	400
358	401
358	402
358	403
358	404
358	405
358	406
358	407
358	408
358	409
358	410
358	411
358	412
358	413
358	414
358	415
358	416
358	417
358	418
358	419
358	420
358	421
358	422
358	423
358	424
358	425
358	426
358	427
358	428
358	429
358	430
358	431
358	432
358	433
358	434
358	435
358	436
358	437
358	438
358	439
358	440
358	441
359	360
359	361
359	362
359	363
359	364
359	365
359	366
359	367
359	368
359	369
359	370
359	371
359	372
359	373
359	374
359	375
359	376
359	377
359	378
359	380
359	381
359	382
359	383
359	384
359	385
359	386
359	387
359	388
359	389
359	390
359	391
359	392
359	393
359	394
359	395
359	396
359	397
359	398
359	399
359	401
359	402
359	403
359	404
359	405
359	406
359	407
359	408
359	409
359	410
359	411
359	412
359	413
359	414
359	415
359	416
359	417
359	418
359	419
359	420
359	422
359	423
359	424
359	425
359	426
359	427
359	428
359	429
359	430
359	431
359	432
359	433
359	434
359	435
359	436
359	437
359	438
359	439
359	440
359	441
360	361
360	362
360	363
360	364
360	365
360	366
360	367
360	368
360	369
360	370
360	371
360	372
360	373
360	374
360	375
360	376
360	377
360	378
360	381
360	382
360	383
360	384
360	385
360	386
360	387
360	388
360	389
360	390
360	391
360	392
360	393
360	394
360	395
360	396
360	397
360	398
360	399
360	402
360	403
360	404
360	405
360	406
360	407
360	408
360	409
360	410
360	411
360	412
360	413
360	414
360	415
360	416
360	417
360	418
360	419
360	420
360	423
360	424
360	425
360	426
360	427
360	428
360	429
360	430
360	431
360	432
360	433
360	434
360	435
360	436
360	437
360	438
360	439
360	440
360	441
361	362
361	363
361	364
361	365
361	366
361	367
361	368
361	369
361	370
361	371
361	372
361	373
361	374
361	375
361	376
361	377
361	378
361	382
361	383
361	384
361	385
361	386
361	387
361	388
361	389
361	390
361	391
361	392
361	393
361	394
361	395
361	396
361	397
361	398
361	399
361	403
361	404
361	405
361	406
361	407
361	408
361	409
361	410
361	411
361	412
361	413
361	414
361	415
361	416
361	417
361	418
361	419
361	420
361	424
361	425
361	426
361	427
361	428
361	429
361	430
361	431
361	432
361	433
361	434
361	435
361	436
361	437
361	438
361	439
361	440
361	441
362	363
362	364
362	365
362	366
362	367
362	368
362	369
362	370
362	371
362	372
362	373
362	374
362	375
362	376
362	377
362	378
362	383
362	384
362	385
362	386
362	387
362	388
362	389
362	390
362	391
362	392
362	393
362	394
362	395
362	396
362	397
362	398
362	399
362	404
362	405
362	406
362	407
362	408
362	409
362	410
362	411
362	412
362	413
362	414
362	415
362	416
362	417
362	418
362	419
362	420
362	425
362	426
362	427
362	428
362	429
362	430
362	431
362	432
362	433
362	434
362	435
362	436
362	437
362	438
362	439
362	440
362	441
363	364
363	365
363	366
363	367
363	368
363	369
363	370
363	371
363	372
363	373
363	374
363	375
363	376
363	377
363	378
363	384
363	385
363	386
363	387
363	388
363	389
363	390
363	391
363	392
363	393
363	394
363	395
363	396
363	397
363	398
363	399
363	405
363	406
363	407
363	408
363	409
363	410
363	411
363	412
363	413
363	414
363	415
363	416
363	417
363	418
363	419
363	420
363	426
363	427
363	428
363	429
363	430
363	431
363	432
363	433
363	434
363	435
363	436
363	437
363	438
363	439
363	440
363	441
364	365
364	366
364	367
364	368
364	369
364	370
364	371
364	372
364	373
364	374
364	375
364	376
364	377
364	378
364	385
364	386
364	387
364	388
364	389
364	390
364	391
364	392
364	393
364	394
364	395
364	396
364	397
364	398
364	399
364	406
364	407
364	408
364	409
364	410
364	411
364	412
364	413
364	414
364	415
364	416
364	417
364	418
364	419
364	420
364	427
364	428
364	429
364	430
364	431
364	432
364	433
364	434
364	435
364	436
364	437
364	438
364	439
364	440
364	441
365	366
365	367
365	368
365	369
365	370
365	371
365	372
365	373
365	374
365	375
365	376
365	377
365	378
365	386
365	387
365	388
365	389
365	390
365	391
365	392
365	393
365	394
365	395
365	396
365	397
365	398
365	399
365	407
365	408
365	409
365	410
365	411
365	412
365	413
365	414
365	415
365	416
365	417
365	418
365	419
365	420
365	428
365	429
365	430
365	431
365	432
365	433
365	434
365	435
365	436
365	437
365	438
365	439
365	440
365	441
366	367
366	368
366	369
366	370
366	371
366	372
366	373
366	374
366	375
366	376
366	377
366	378
366	387
366	388
366	389
366	390
366	391
366	392
366	393
366	394
366	395
366	396
366	397
366	398
366	399
366	408
366	409
366	410
366	411
366	412
366	413
366	414
366	415
366	416
366	417
366	418
366	419
366	420
366	429
366	430
366	431
366	432
366	433
366	434
366	435
366	436
366	437
366	438
366	439
366	440
366	441
367	368
367	369
367	370
367	371
367	372
367	373
367	374
367	375
367	376
367	377
367	378
367	388
367	389
367	390
367	391
367	392
367	393
367	394
367	395
367	396
367	397
367	398
367	399
367	409
367	410
367	411
367	412
367	413
367	414
367	415
367	416
367	417
367	418
367	419
367	420
367	430
367	431
367	432
367	433
367	434
367	435
367	436
367	437
367	438
367	439
367	440
367	441
368	369
368	370
368	371
368	372
368	373
368	374
368	375
368	376
368	377
368	378
368	389
368	390
368	391
368	392
368	393
368	394
368	395
368	396
368	397
368	398
368	399
368	410
368	411
368	412
368	413
368	414
368	415
368	416
368	417
368	418
368	419
368	420
368	431
368	432
368	433
368	434
368	435
368	436
368	437
368	438
368	439
368	440
368	441
369	370
369	371
369	372
369	373
369	374
369	375
369	376
369	377
369	378
369	390
369	391
369	392
369	393
369	394
369	395
369	396
369	397
369	398
369	399
369	411
369	412
369	413
369	414
369	415
369	416
369	417
369	418
369	419
369	420
369	432
369	433
369	434
369	435
369	436
369	437
369	438
369	439
369	440
369	441
370	371
370	372
370	373
370	374
370	375
370	376
370	377
370	378
370	391
370	392
370	393
370	394
370	395
370	396
370	397
370	398
370	399
370	412
370	413
370	414
370	415
370	416
370	417
370	418
370	419
370	420
370	433
370	434
370	435
370	436
370	437
370	438
370	439
370	440
370	441
371	372
371	373
371	374
371	375
371	376
371	377
371	378
371	392
371	393
371	394
371	395
371	396
371	397
371	398
371	399
371	413
371	414
371	415
371	416
371	417
371	418
371	419
371	420
371	434
371	435
371	436
371	437
371	438
371	439
371	440
371	441
372	373
372	374
372	375
372	376
372	377
372	378
372	393
372	394
372	395
372	396
372	397
372	398
372	399
372	414
372	415
372	416
372	417
372	418
372	419
372	420
372	435
372	436
372	437
372	438
372	439
372	440
372	441
373	374
373	375
373	376
373	377
373	378
373	394
373	395
373	396
373	397
373	398
373	399
373	415
373	416
373	417
373	418
373	419
373	420
373	436
373	437
373	438
373	439
373	440
373	441
374	375
374	376
374	377
374	378
374	395
374	396
374	397
374	398
374	399
374	416
374	417
374	418
374	419
374	420
374	437
374	438
374	439
374	440
374	441
375	376
375	377
375	378
375	396
375	397
375	398
375	399
375	417
375	418
375	419
375	420
375	438
375	439
375	440
375	441
376	377
376	378
376	397
376	398
376	399
376	418
376	419
376	420
376	439
376	440
376	441
377	378
377	398
377	399
377	419
377	420
377	440
377	441
378	399
378	420
378	441
379	380
379	381
379	382
379	383
379	384
379	385
379	386
379	387
379	388
379	389
379	390
379	391
379	392
379	393
379	394
379	395
379	396
379	397
379	398
379	399
379	400
379	401
379	402
379	403
379	404
379	405
379	406
379	407
379	408
379	409
379	410
379	411
379	412
379	413
379	414
379	415
379	416
379	417
379	418
379	419
379	420
379	421
379	422
379	423
379	424
379	425
379	426
379	427
379	428
379	429
379	430
379	431
379	432
379	433
379	434
379	435
379	436
379	437
379	438
379	439
379	440
379	441
380	381
380	382
380	383
380	384
380	385
380	386
380	387
380	388
380	389
380	390
380	391
380	392
380	393
380	394
380	395
380	396
380	397
380	398
380	399
380	401
380	402
380	403
380	404
380	405
380	406
380	407
380	408
380	409
380	410
380	411
380	412
380	413
380	414
380	415
380	416
380	417
380	418
380	419
380	420
380	422
380	423
380	424
380	425
380	426
380	427
380	428
380	429
380	430
380	431
380	432
380	433
380	434
380	435
380	436
380	437
380	438
380	439
380	440
380	441
381	382
381	383
381	384
381	385
381	386
381	387
381	388
381	389
381	390
381	391
381	392
381	393
381	394
381	395
381	396
381	397
381	398
381	399
381	402
381	403
381	404
381	405
381	406
381	407
381	408
381	409
381	410
381	411
381	412
381	413
381	414
381	415
381	416
381	417
381	418
381	419
381	420
381	423
381	424
381	425
381	426
381	427
381	428
381	429
381	430
381	431
381	432
381	433
381	434
381	435
381	436
381	437
381	438
381	439
381	440
381	441
382	383
382	384
382	385
382	386
382	387
382	388
382	389
382	390
382	391
382	392
382	393
382	394
382	395
382	396
382	397
382	398
382	399
382	403
382	404
382	405
382	406
382	407
382	408
382	409
382	410
382	411
382	412
382	413
382	414
382	415
382	416
382	417
382	418
382	419
382	420
382	424
382	425
382	426
382	427
382	428
382	429
382	430
382	431
382	432
382	433
382	434
382	435
382	436
382	437
382	438
382	439
382	440
382	441
383	384
383	385
383	386
383	387
383	388
383	389
383	390
383	391
383	392
383	393
383	394
383	395
383	396
383	397
383	398
383	399
383	404
383	405
383	406
383	407
383	408
383	409
383	410
383	411
383	412
383	413
383	414
383	415
383	416
383	417
383	418
383	419
383	420
383	425
383	426
383	427
383	428
383	429
383	430
383	431
383	432
383	433
383	434
383	435
383	436
383	437
383	438
383	439
383	440
383	441
384	385
384	386
384	387
384	388
384	389
384	390
384	391
384	392
384	393
384	394
384	395
384	396
384	397
384	398
384	399
384	405
384	406
384	407
384	408
384	409
384	410
384	411
384	412
384	413
384	414
384	415
384	416
384	417
384	418
384	419
384	420
384	426
384	427
384	428
384	429
384	430
384	431
384	432
384	433
384	434
384	435
384	436
384	437
384	438
384	439
384	440
384	441
385	386
385	387
385	388
385	389
385	390
385	391
385	392
385	393
385	394
385	395
385	396
385	397
385	398
385	399
385	406
385	407
385	408
385	409
385	410
385	411
385	412
385	413
385	414
385	415
385	416
385	417
385	418
385	419
385	420
385	427
385	428
385	429
385	430
385	431
385	432
385	433
385	434
385	435
385	436
385	437
385	438
385	439
385	440
385	441
386	387
386	388
386	389
386	390
386	391
386	392
386	393
386	394
386	395
386	396
386	397
386	398
386	399
386	407
386	408
386	409
386	410
386	411
386	412
386	413
386	414
386	415
386	416
386	417
386	418
386	419
386	420
386	428
386	429
386	430
386	431
386	432
386	433
386	434
386	435
386	436
386	437
386	438
386	439
386	440
386	441
387	388
387	389
387	390
387	391
387	392
387	393
387	394
387	395
387	396
387	397
387	398
387	399
387	408
387	409
387	410
387	411
387	412
387	413
387	414
387	415
387	416
387	417
387	418
387	419
387	420
387	429
387	430
387	431
387	432
387	433
387	434
387	435
387	436
387	437
387	438
387	439
387	440
387	441
388	389
388	390
388	391
388	392
388	393
388	394
388	395
388	396
388	397
388	398
388	399
388	409
388	410
388	411
388	412
388	413
388	414
388	415
388	416
388	417
388	418
388	419
388	420
388	430
388	431
388	432
388	433
388	434
388	435
388	436
388	437
388	438
388	439
388	440
388	441
389	390
389	391
389	392
389	393
389	394
389	395
389	396
389	397
389	398
389	399
389	410
389	411
389	412
389	413
389	414
389	415
389	416
389	417
389	418
389	419
389	420
389	431
389	432
389	433
389	434
389	435
389	436
389	437
389	438
389	439
389	440
389	441
390	391
390	392
390	393
390	394
390	395
390	396
390	397
390	398
390	399
390	411
390	412
390	413
390	414
390	415
390	416
390	417
390	418
390	419
390	420
390	432
390	433
390	434
390	435
390	436
390	437
390	438
390	439
390	440
390	441
391	392
391	393
391	394
391	395
391	396
391	397
391	398
391	399
391	412
391	413
391	414
391	415
391	416
391	417
391	418
391	419
391	420
391	433
391	434
391	435
391	436
391	437
391	438
391	439
391	440
391	441
392	393
392	394
392	395
392	396
392	397
392	398
392	399
392	413
392	414
392	415
392	416
392	417
392	418
392	419
392	420
392	434
392	435
392	436
392	437
392	438
392	439
392	440
392	441
393	394
393	395
393	396
393	397
393	398
393	399
393	414
393	415
393	416
393	417
393	418
393	419
393	420
393	435
393	436
393	437
393	438
393	439
393	440
393	441
394	395
394	396
394	397
394	398
394	399
394	415
394	416
394	417
394	418
394	419
394	420
394	436
394	437
394	438
394	439
394	440
394	441
395	396
395	397
395	398
395	399
395	416
395	417
395	418
395	419
395	420
395	437
395	438
395	439
395	440
395	441
396	397
396	398
396	399
396	417
396	418
396	419
396	420
396	438
396	439
396	440
396	441
397	398
397	399
397	418
397	419
397	420
397	439
397	440
397	441
398	399
398	419
398	420
398	440
398	441
399	420
399	441
400	401
400	402
400	403
400	404
400	405
400	406
400	407
400	408
400	409
400	410
400	411
400	412
400	413
400	414
400	415
400	416
400	417
400	418
400	419
400	420
400	421
400	422
400	423
400	424
400	425
400	426
400	427
400	428
400	429
400	430
400	431
400	432
400	433
400	434
400	435
400	436
400	437
400	438
400	439
400	440
400	441
401	402
401	403
401	404
401	405
401	406
401	407
401	408
401	409
401	410
401	411
401	412
401	413
401	414
401	415
401	416
401	417
401	418
401	419
401	420
401	422
401	423
401	424
401	425
401	426
401	427
401	428
401	429
401	430
401	431
401	432
401	433
401	434
401	435
401	436
401	437
401	438
401	439
401	440
401	441
402	403
402	404
402	405
402	406
402	407
402	408
402	409
402	410
402	411
402	412
402	413
402	414
402	415
402	416
402	417
402	418
402	419
402	420
402	423
402	424
402	425
402	426
402	427
402	428
402	429
402	430
402	431
402	432
402	433
402	434
402	435
402	436
402	437
402	438
402	439
402	440
402	441
403	404
403	405
403	406
403	407
403	408
403	409
403	410
403	411
403	412
403	413
403	414
403	415
403	416
403	417
403	418
403	419
403	420
403	424
403	425
403	426
403	427
403	428
403	429
403	430
403	431
403	432
403	433
403	434
403	435
403	436
403	437
403	438
403	439
403	440
403	441
404	405
404	406
404	407
404	408
404	409
404	410
404	411
404	412
404	413
404	414
404	415
404	416
404	417
404	418
404	419
404	420
404	425
404	426
404	427
404	428
404	429
404	430
404	431
404	432
404	433
404	434
404	435
404	436
404	437
404	438
404	439
404	440
404	441
405	406
405	407
405	408
405	409
405	410
405	411
405	412
405	413
405	414
405	415
405	416
405	417
405	418
405	419
405	420
405	426
405	427
405	428
405	429
405	430
405	431
405	432
405	433
405	434
405	435
405	436
405	437
405	438
405	439
405	440
405	441
406	407
406	408
406	409
406	410
406	411
406	412
406	413
406	414
406	415
406	416
406	417
406	418
406	419
406	420
406	427
406	428
406	429
406	430
406	431
406	432
406	433
406	434
406	435
406	436
406	437
406	438
406	439
406	440
406	441
407	408
407	409
407	410
407	411
407	412
407	413
407	414
407	415
407	416
407	417
407	418
407	419
407	420
407	428
407	429
407	430
407	431
407	432
407	433
407	434
407	435
407	436
407	437
407	438
407	439
407	440
407	441
408	409
408	410
408	411
408	412
408	413
408	414
408	415
408	416
408	417
408	418
408	419
408	420
408	429
408	430
408	431
408	432
408	433
408	434
408	435
408	436
408	437
408	438
408	439
408	440
408	441
409	410
409	411
409	412
409	413
409	414
409	415
409	416
409	417
409	418
409	419
409	420
409	430
409	431
409	432
409	433
409	434
409	435
409	436
409	437
409	438
409	439
409	440
409	441
410	411
410	412
410	413
410	414
410	415
410	416
410	417
410	418
410	419
410	420
410	431
410	432
410	433
410	434
410	435
410	436
410	437
410	438
410	439
410	440
410	441
411	412
411	413
411	414
411	415
411	416
411	417
411	418
411	419
411	420
411	432
411	433
411	434
411	435
411	436
411	437
411	438
411	439
411	440
411	441
412	413
412	414
412	415
412	416
412	417
412	418
412	419
412	420
412	433
412	434
412	435
412	436
412	437
412	438
412	439
412	440
412	441
413	414
413	415
413	416
413	417
413	418
413	419
413	420
413	434
413	435
413	436
413	437
413	438
413	439
413	440
413	441
414	415
414	416
414	417
414	418
414	419
414	420
414	435
414	436
414	437
414	438
414	439
414	440
414	441
415	416
415	417
415	418
415	419
415	420
415	436
415	437
415	438
415	439
415	440
415	441
416	417
416	418
416	419
416	420
416	437
416	438
416	439
416	440
416	441
417	418
417	419
417	420
417	438
417	439
417	440
417	441
418	419
418	420
418	439
418	440
418	441
419	420
419	440
419	441
420	441
421	422
421	423
421	424
421	425
421	426
421	427
421	428
421	429
421	430
421	431
421	432
421	433
421	434
421	435
421	436
421	437
421	438
421	439
421	440
421	441
422	423
422	424
422	425
422	426
422	427
422	428
422	429
422	430
422	431
422	432
422	433
422	434
422	435
422	436
422	437
422	438
422	439
422	440
422	441
423	424
423	425
423	426
423	427
423	428
423	429
423	430
423	431
423	432
423	433
423	434
423	435
423	436
423	437
423	438
423	439
423	440
423	441
424	425
424	426
424	427
424	428
424	429
424	430
424	431
424	432
424	433
424	434
424	435
424	436
424	437
424	438
424	439
424	440
424	441
425	426
425	427
425	428
425	429
425	430
425	431
425	432
425	433
425	434
425	435
425	436
425	437
425	438
425	439
425	440
425	441
426	427
426	428
426	429
426	430
426	431
426	432
426	433
426	434
426	435
426	436
426	437
426	438
426	439
426	440
426	441
427	428
427	429
427	430
427	431
427	432
427	433
427	434
427	435
427	436
427	437
427	438
427	439
427	440
427	441
428	429
428	430
428	431
428	432
428	433
428	434
428	435
428	436
428	437
428	438
428	439
428	440
428	441
429	430
429	431
429	432
429	433
429	434
429	435
429	436
429	437
429	438
429	439
429	440
429	441
430	431
430	432
430	433
430	434
430	435
430	436
430	437
430	438
430	439
430	440
430	441
431	432
431	433
431	434
431	435
431	436
431	437
431	438
431	439
431	440
431	441
432	433
432	434
432	435
432	436
432	437
432	438
432	439
432	440
432	441
433	434
433	435
433	436
433	437
433	438
433	439
433	440
433	441
434	435
434	436
434	437
434	438
434	439
434	440
434	441
435	436
435	437
435	438
435	439
435	440
435	441
436	437
436	438
436	439
436	440
436	441
437	438
437	439
437	440
437	441
438	439
438	440
438	441
439	440
439	441
440	441
