CreateTableRealTime,CreateTableCPUTime,LoadDataRealTime,LoadDataCPUTime,CreateIndexRealTime,CreateIndexCPUTime,AnalyzeRealTime,AnalyzeCPUTime,ExecuteQueryRealTime,ExecuteQueryCPUTime,WriteResultRealTime,WriteResultCPUTime
0.00037462497130036354,0.0003509999999999902,0.0010157499928027391,0.0008829999999999671,0.0003867499763146043,0.00044399999999999995,7.179199019446969e-05,9.399999999998299e-05,0.004273083002772182,0.006815999999999989,0.00047500000800937414,0.0005070000000000352
0.0003487920039333403,0.00035199999999996345,0.0009182909852825105,0.0009859999999999869,0.0003642920055426657,0.00040000000000001146,4.8667017836123705e-05,6.80000000000125e-05,0.0024492500233463943,0.004916999999999949,0.0007125829579308629,0.0011060000000000514
0.0003405000315979123,0.00033600000000000296,0.0008175419643521309,0.0008150000000000102,0.0003790829796344042,0.0004190000000000027,6.533297710120678e-05,8.099999999999774e-05,0.0023680420126765966,0.004809999999999981,0.0006290000164881349,0.0006639999999999979
0.0003993750433437526,0.0003670000000000062,0.0009349999600090086,0.0009149999999999991,0.00043529202230274677,0.0005899999999999794,7.149996235966682e-05,9.199999999998099e-05,0.0023827910190448165,0.004919000000000007,0.0006565420189872384,0.0010140000000000149
0.0003946669748984277,0.00033600000000000296,0.0008108749752864242,0.0008160000000000389,0.0004025840316899121,0.00044199999999999795,6.879196735098958e-05,8.500000000000174e-05,0.00226566701894626,0.0031970000000000054,0.0006819579866714776,0.0007100000000000439
Average,0.0003715918050147593,0.0003483999999999932,0.0008994915755465626,0.0008830000000000004,0.0003936002030968666,0.0004589999999999983,6.521678296849132e-05,8.399999999999518e-05,0.00274776661535725,0.004931799999999986,0.0006310165976174176,0.0008002000000000287
