CreateTableRealTime,CreateTableCPUTime,LoadDataRealTime,LoadDataCPUTime,CreateIndexRealTime,CreateIndexCPUTime,AnalyzeRealTime,AnalyzeCPUTime,ExecuteQueryRealTime,ExecuteQueryCPUTime,WriteResultRealTime,WriteResultCPUTime
0.0003629589919000864,0.00032999999999999696,0.0008783329976722598,0.0006579999999999919,0.00036458304384723306,0.0004410000000000247,4.7457986511290073e-05,6.499999999998174e-05,0.0016175000346265733,0.0023900000000000032,0.0004036660538986325,0.0006360000000000254
0.00037708302261307836,0.0003730000000000122,0.0007132079917937517,0.0007789999999999742,0.0003175410092808306,0.0003630000000000022,5.4916017688810825e-05,6.799999999995698e-05,0.0016241249977611005,0.0024100000000000232,0.0005173340323381126,0.0008080000000000309
0.0003828329499810934,0.00033800000000000496,0.0006621250067837536,0.0006410000000000027,0.0003999999607913196,0.0004210000000000047,7.683294825255871e-05,9.399999999998299e-05,0.0016838330193422735,0.0021959999999999757,0.0005536249955184758,0.0009100000000000219
0.0003892919630743563,0.00035799999999996945,0.0008360829669982195,0.0009149999999999991,0.0003891250235028565,0.00044199999999999795,5.312496796250343e-05,6.60000000000105e-05,0.002410417015198618,0.003717999999999999,0.0005683749914169312,0.0008929999999999771
0.000364125007763505,0.0003389999999999782,0.0007004169747233391,0.0006760000000000099,0.0003904170007444918,0.0003809999999999647,6.441696314141154e-05,9.700000000001374e-05,0.002215708023868501,0.003062000000000009,0.0005320829804986715,0.0005569999999999742
Average,0.0003752583870664239,0.00034759999999999235,0.0007580331875942647,0.0007337999999999956,0.0003723332076333463,0.00040959999999999884,5.934977671131492e-05,7.799999999998918e-05,0.0019103166181594134,0.002755200000000002,0.0005150166107341647,0.0007608000000000059
