CreateTableRealTime,CreateTableCPUTime,LoadDataRealTime,LoadDataCPUTime,CreateIndexRealTime,CreateIndexCPUTime,AnalyzeRealTime,AnalyzeCPUTime,ExecuteQueryRealTime,ExecuteQueryCPUTime,WriteResultRealTime,WriteResultCPUTime
0.055865884000013466,0.0013848000000000193,0.07019261200002802,0.0032061999999999924,0.09505967299992335,0.0019388000000000183,0.000459632000001875,0.0006089999999999707,0.0517330170000605,0.013885400000000048,0.0012206679998598702,0.0013348000000000249
0.005609122999885585,0.00150030000000001,0.005122125999605487,0.003104600000000013,0.005729642000005697,0.0017207000000000194,0.00038015900008758763,0.0004904000000000019,0.011758968000322056,0.014387100000000042,0.001575408000007883,0.0020398999999999834
Average,0.030737503499949526,0.0014425500000000147,0.037657368999816754,0.0031554000000000026,0.050394657499964524,0.0018297500000000189,0.0004198955000447313,0.0005496999999999863,0.03174599250019128,0.014136250000000045,0.0013980379999338766,0.0016873500000000041
