CreateTableRealTime,CreateTableCPUTime,LoadDataRealTime,LoadDataCPUTime,CreateIndexRealTime,CreateIndexCPUTime,AnalyzeRealTime,AnalyzeCPUTime,ExecuteQueryRealTime,ExecuteQueryCPUTime,WriteResultRealTime,WriteResultCPUTime
0.00037812499795109034,0.00035600000000002296,0.0008885000133886933,0.0008079999999999754,0.0003553329734131694,0.00039600000000000746,5.254201823845506e-05,6.80000000000125e-05,0.0017944580176845193,0.0035540000000000016,0.0004933330346830189,0.0006569999999999632
0.00036154198460280895,0.00034000000000000696,0.0006570419645868242,0.0006399999999999739,0.0003897920250892639,0.0004049999999999887,6.724998820573092e-05,8.500000000000174e-05,0.0016386669594794512,0.0023340000000000027,0.0006105420179665089,0.0006160000000000054
0.0024548330111429095,0.00039200000000000346,0.0006535419961437583,0.0006749999999999812,0.0003819999983534217,0.00041600000000002746,6.824999582022429e-05,7.899999999999574e-05,0.0037817920092493296,0.0037699999999999956,0.0005624580080620944,0.0005950000000000122
0.0003540419857017696,0.00035400000000002096,0.0006879579741507769,0.0006959999999999744,0.00034316600067541003,0.00036599999999997745,5.145894829183817e-05,6.700000000003925e-05,0.0015989579842425883,0.0020870000000000055,0.0005771670257672668,0.0006089999999999707
0.00035437499172985554,0.00034200000000000896,0.0006654169992543757,0.0006659999999999999,0.0003581250202842057,0.00036799999999997945,5.0749978981912136e-05,6.60000000000105e-05,0.0016398340230807662,0.002151000000000014,0.0006078750011511147,0.0009140000000000259
Average,0.0007805833942256868,0.0003568000000000127,0.0007104917895048857,0.000696999999999981,0.0003656832035630941,0.0003901999999999961,5.805018590763211e-05,7.300000000001194e-05,0.002090741798747331,0.002779200000000004,0.0005702750175260007,0.0006781999999999955
