CreateTableRealTime,CreateTableCPUTime,LoadDataRealTime,LoadDataCPUTime,CreateIndexRealTime,CreateIndexCPUTime,AnalyzeRealTime,AnalyzeCPUTime,ExecuteQueryRealTime,ExecuteQueryCPUTime,WriteResultRealTime,WriteResultCPUTime
0.0003760000108741224,0.0003569999999999962,0.0008977910038083792,0.0006980000000000319,0.00035275000846013427,0.0003690000000000082,4.9332971684634686e-05,7.399999999996298e-05,0.0018378749955445528,0.0026700000000000057,0.00047370902029797435,0.0006369999999999987
0.00035975000355392694,0.00035800000000002496,0.0007088329875841737,0.0007130000000000192,0.00034741597482934594,0.00037200000000003897,9.549997048452497e-05,0.00013299999999999423,0.0017405000398866832,0.002204999999999957,0.000583500019274652,0.0006099999999999994
0.0003517500008456409,0.00034600000000001296,0.0006860420107841492,0.0007040000000000379,0.0004100420046597719,0.0004649999999999932,5.741603672504425e-05,8.099999999999774e-05,0.0017557080136612058,0.0023159999999999847,0.0006034580292180181,0.0006390000000000007
0.0003624160308390856,0.00033800000000000496,0.0006804169970564544,0.0006750000000000367,0.0003979169996455312,0.00046199999999996244,7.779203588142991e-05,9.500000000001174e-05,0.0017054579802788794,0.0023260000000000502,0.0006269169971346855,0.001046000000000047
0.0003969160025008023,0.00036399999999997545,0.0006763749988749623,0.0006760000000000099,0.0003654169850051403,0.0004249999999999532,6.441702134907246e-05,7.899999999999574e-05,0.0015085829654708505,0.002114999999999978,0.0005325420061126351,0.0008319999999999994
Average,0.0003693664097227156,0.00035260000000000293,0.0007298915996216237,0.0006932000000000271,0.00037470839451998473,0.0004185999999999912,6.889160722494126e-05,9.239999999999249e-05,0.0017096247989684342,0.002326399999999995,0.000564025214407593,0.000752800000000009
