CreateTableRealTime,CreateTableCPUTime,LoadDataRealTime,LoadDataCPUTime,CreateIndexRealTime,CreateIndexCPUTime,AnalyzeRealTime,AnalyzeCPUTime,ExecuteQueryRealTime,ExecuteQueryCPUTime,WriteResultRealTime,WriteResultCPUTime
0.007831747000182077,0.0019073000000000007,0.006410829999822454,0.0017226000000000186,0.006464988000061567,0.002697100000000008,0.0003410690001146577,0.0004721999999999782,0.010756341999694996,0.010865499999999972,0.0010875329999180394,0.0011624000000000079
0.006144629999653262,0.0017247999999999708,0.005344800000329997,0.0030979999999999897,0.005649875000017346,0.0014493999999999896,0.00036881000005450915,0.0004869000000000123,0.011307666999982757,0.012690499999999993,0.0014206190003278607,0.002123900000000012
Average,0.006988188499917669,0.0018160499999999857,0.005877815000076225,0.002410300000000004,0.006057431500039456,0.0020732499999999987,0.0003549395000845834,0.00047954999999999526,0.011032004499838877,0.011777999999999983,0.00125407600012295,0.0016431500000000099
