CreateTableRealTime,CreateTableCPUTime,LoadDataRealTime,LoadDataCPUTime,CreateIndexRealTime,CreateIndexCPUTime,AnalyzeRealTime,AnalyzeCPUTime,ExecuteQueryRealTime,ExecuteQueryCPUTime,WriteResultRealTime,WriteResultCPUTime
0.006708596999942529,0.002332500000000015,0.006831534999946598,0.0027297000000000016,0.006068473000141239,0.0021392000000000078,0.0004049799999847892,0.0005152999999999963,0.011393183999643952,0.012620499999999979,0.0010201350000897946,0.0011274000000000006
0.005512119999821152,0.000732300000000019,0.006790510999962862,0.003207599999999977,0.0061851860000388115,0.002744100000000027,0.0003106429999206739,0.0003657999999999717,0.011554634000276565,0.013242700000000052,0.0011402929999348999,0.0012127999999999584
Average,0.0061103584998818405,0.001532400000000017,0.00681102299995473,0.0029686499999999894,0.006126829500090025,0.0024416500000000174,0.00035781149995273154,0.000440549999999984,0.011473908999960258,0.012931600000000015,0.0010802140000123472,0.0011700999999999795
