CreateTableRealTime,CreateTableCPUTime,LoadDataRealTime,LoadDataCPUTime,CreateIndexRealTime,CreateIndexCPUTime,AnalyzeRealTime,AnalyzeCPUTime,ExecuteQueryRealTime,ExecuteQueryCPUTime,WriteResultRealTime,WriteResultCPUTime
0.0,0.0,0.01000000536441803,0.0,0.0,0.0,0.0,0.0,0.019999995827674866,0.03000000000000002,0.0,0.0
0.009999997913837433,0.0,0.009999997913837433,0.0,0.0,0.0,0.0,0.0,0.009999997913837433,0.020000000000000018,0.01000000536441803,0.0
0.009999997913837433,0.0,0.0,0.0,0.01000000536441803,0.010000000000000009,0.0,0.0,0.009999997913837433,0.009999999999999953,0.0,0.0
Average,0.006666665275891622,0.0,0.0066666677594184875,0.0,0.0033333351214726767,0.003333333333333336,0.0,0.0,0.013333330551783243,0.019999999999999997,0.0033333351214726767,0.0
