CreateTableRealTime,CreateTableCPUTime,LoadDataRealTime,LoadDataCPUTime,CreateIndexRealTime,CreateIndexCPUTime,AnalyzeRealTime,AnalyzeCPUTime,ExecuteQueryRealTime,ExecuteQueryCPUTime,WriteResultRealTime,WriteResultCPUTime
0.0003850829671137035,0.00037000000000003697,0.0009534169803373516,0.0008269999999999667,0.00035858299816027284,0.00040200000000001346,7.012503920122981e-05,9.40000000000385e-05,0.0023518329835496843,0.004798999999999998,0.000571124954149127,0.0009330000000000171
0.00037866702768951654,0.0003650000000000042,0.000873750017490238,0.0008380000000000054,0.00045008299639448524,0.0005570000000000297,6.091699469834566e-05,7.599999999996498e-05,0.002362083992920816,0.003497000000000028,0.0006942080217413604,0.0010589999999999766
0.00036879198160022497,0.0003469999999999862,0.000799542001914233,0.0007999999999999674,0.0003920419840142131,0.00043199999999998795,6.287498399615288e-05,8.499999999994623e-05,0.0022596250055357814,0.003341999999999956,0.0006910840165801346,0.0011789999999999856
0.0003695000195875764,0.0003569999999999962,0.0008822499657981098,0.0008879999999999999,0.00041141698602586985,0.0004669999999999952,7.758301217108965e-05,0.00011299999999997423,0.0024846660089679062,0.005123000000000044,0.0006585410446859896,0.0010160000000000169
0.00037166697438806295,0.00035399999999996545,0.0009115000138990581,0.0008940000000000059,0.0003777919919230044,0.00038000000000004697,7.354200351983309e-05,9.300000000000974e-05,0.002514416992198676,0.005025999999999975,0.0006587920361198485,0.0010220000000000229
Average,0.00037474179407581687,0.0003585999999999978,0.0008840917958877981,0.0008493999999999891,0.00039798339130356906,0.0004476000000000147,6.900840671733021e-05,9.219999999998674e-05,0.002394524996634573,0.0043574,0.000654750014655292,0.0010418000000000037
