CreateTableRealTime,CreateTableCPUTime,LoadDataRealTime,LoadDataCPUTime,CreateIndexRealTime,CreateIndexCPUTime,AnalyzeRealTime,AnalyzeCPUTime,ExecuteQueryRealTime,ExecuteQueryCPUTime,WriteResultRealTime,WriteResultCPUTime
0.0003725420101545751,0.0003310000000000257,0.0010100830113515258,0.0008279999999999954,0.00032658298732712865,0.0003690000000000082,5.3499999921768904e-05,6.500000000003725e-05,0.0017335830489173532,0.0028549999999999964,0.00038408301770687103,0.0006140000000000034
0.0003372920327819884,0.0003389999999999782,0.0006849160417914391,0.0007460000000000244,0.00033729197457432747,0.0004609999999999892,6.754201604053378e-05,8.999999999997899e-05,0.001598792034201324,0.002671999999999952,0.0005520409904420376,0.0008729999999999571
0.0003576249582692981,0.0003270000000000217,0.0006520409951917827,0.0006309999999999927,0.000381499994546175,0.00038799999999999946,4.9833033699542284e-05,6.599999999995498e-05,0.002029582974500954,0.003467999999999971,0.00048400001833215356,0.0005149999999999877
0.00038441596552729607,0.0003489999999999882,0.0007120830123312771,0.0006840000000000179,0.0003525000065565109,0.0004010000000000402,5.216599674895406e-05,7.40000000000185e-05,0.0015500420122407377,0.0026499999999999857,0.0005361670046113431,0.0008439999999999559
0.0003892500535584986,0.00034400000000001096,0.000675083021633327,0.0006649999999999712,0.00039733300218358636,0.00044399999999999995,5.666702054440975e-05,8.399999999997299e-05,0.0017140419804491103,0.002776999999999974,0.000530291988980025,0.0008910000000000307
Average,0.00036822500405833127,0.00033800000000000496,0.0007468412164598704,0.0007108000000000004,0.00035904159303754566,0.0004126000000000074,5.5941613391041754e-05,7.579999999999255e-05,0.0017252084100618959,0.002884399999999976,0.000497316604014486,0.0007473999999999869
