CreateTableRealTime,CreateTableCPUTime,LoadDataRealTime,LoadDataCPUTime,CreateIndexRealTime,CreateIndexCPUTime,AnalyzeRealTime,AnalyzeCPUTime,ExecuteQueryRealTime,ExecuteQueryCPUTime,WriteResultRealTime,WriteResultCPUTime
0.00032483303220942616,0.00031599999999998296,0.0005883750272914767,0.0005989999999999607,0.00036845903377979994,0.00040400000000001546,6.933399708941579e-05,8.900000000000574e-05,0.0015167910023592412,0.0018569999999999975,0.00034200004301965237,0.0003829999999999667
0.0003422090085223317,0.0003389999999999782,0.0006023750174790621,0.0005959999999999854,0.00033012498170137405,0.0003569999999999962,7.73330102674663e-05,9.900000000001574e-05,0.0014702080516144633,0.0018219999999999903,0.0004811250255443156,0.0005069999999999797
0.0003852079971693456,0.0003410000000000357,0.0006052079843357205,0.0006199999999999539,0.0003636250039562583,0.0004889999999999617,6.587494863197207e-05,8.199999999997098e-05,0.0014982499997131526,0.002367000000000008,0.0004366250359453261,0.0006539999999999879
0.0003694590413942933,0.0003349999999999742,0.0005954160005785525,0.0006069999999999687,0.0003453749814070761,0.0003889999999999727,5.987501936033368e-05,7.100000000004325e-05,0.0015117499860934913,0.002475000000000005,0.00045674998546019197,0.0006789999999999852
0.00035391695564612746,0.0003109999999999502,0.0006274589686654508,0.0006039999999999934,0.00040845799958333373,0.00038799999999999946,7.337500574067235e-05,9.399999999998299e-05,0.0015225840033963323,0.0020359999999999823,0.0004563339753076434,0.0006570000000000187
Average,0.00035512520698830483,0.00032839999999998424,0.0006037665996700525,0.0006051999999999724,0.0003632084000855684,0.0004053999999999891,6.915839621797204e-05,8.700000000000374e-05,0.0015039166086353362,0.002111399999999997,0.0004345668130554259,0.0005759999999999877
