LoadRulesRealTime,LoadRulesCPUTime,LoadFactsRealTime,LoadFactsCPUTime,GroundRealTime,GroundCPUTime,QueryRealTime,QueryCPUTime,WriteRealTime,WriteCPUTime
0.0,0.0,0.8999998569488525,0.8999999999999999,26.950000047683716,26.900000000000002,0.0,0.0,0.0,0.0
0.0,0.0,0.8999998569488525,0.8899999999999999,27.90000009536743,27.840000000000003,0.0,0.00999999999999801,0.0,-0.00999999999999801
0.0,0.0,0.9000000953674316,0.8999999999999999,26.710000038146973,26.660000000000004,0.0,0.0,0.0,0.0
0.0,0.0,0.8899998664855957,0.8999999999999999,27.200000047683716,27.140000000000004,0.0,0.0,0.0,0.0
0.0,0.0,0.8900001049041748,0.8999999999999999,27.009999990463257,26.94,0.0,0.0,0.0,0.0
Average,0.0,0.0,0.8959999561309815,0.8979999999999999,27.15400004386902,27.096000000000004,0.0,0.001999999999999602,0.0,-0.001999999999999602
