LoadRulesRealTime,LoadRulesCPUTime,LoadFactsRealTime,LoadFactsCPUTime,GroundRealTime,GroundCPUTime,QueryRealTime,QueryCPUTime,WriteRealTime,WriteCPUTime
0.0,0.0,1.119999885559082,1.11,14.809999942779541,14.8,0.009999990463256836,0.0,-0.009999990463256836,0.0
0.0,0.0,1.1400001049041748,1.1400000000000001,14.819999933242798,14.79,0.0,0.0,0.0,0.0
0.0,0.0,1.119999885559082,1.12,14.72000002861023,14.700000000000001,0.0,0.0,0.0,0.0
0.0,0.0,1.1599998474121094,1.16,14.820000171661377,14.790000000000003,0.009999990463256836,0.00999999999999801,-0.009999990463256836,-0.00999999999999801
0.0,0.0,1.130000114440918,1.1300000000000001,14.730000019073486,14.71,0.009999990463256836,0.0,-0.009999990463256836,0.0
Average,0.0,0.0,1.1339999675750732,1.1320000000000001,14.780000019073487,14.758,0.005999994277954101,0.001999999999999602,-0.005999994277954101,-0.001999999999999602
