LoadRulesRealTime,LoadRulesCPUTime,LoadFactsRealTime,LoadFactsCPUTime,GroundRealTime,GroundCPUTime,QueryRealTime,QueryCPUTime,WriteRealTime,WriteCPUTime
0.0,0.0,0.39999985694885254,0.4,3.5299999713897705,3.5200000000000005,0.0,0.0,0.0,0.0
0.0,0.0,0.3899998664855957,0.39,3.5900001525878906,3.58,0.0,0.009999999999999787,0.0,-0.009999999999999787
0.0,0.0,0.3900001049041748,0.39,3.549999952316284,3.55,0.009999990463256836,0.0,-0.009999990463256836,0.0
0.0,0.0,0.40000009536743164,0.4,3.5199999809265137,3.51,0.0,0.0,0.0,0.0
0.0,0.0,0.40000009536743164,0.41000000000000003,3.490000009536743,3.48,0.009999990463256836,0.0,-0.009999990463256836,0.0
Average,0.0,0.0,0.39600000381469724,0.398,3.5360000133514404,3.528,0.0039999961853027345,0.0019999999999999575,-0.0039999961853027345,-0.0019999999999999575
