environment,real_time,size,position,factor
neo4j,0.002338034500098729,400,1,
xsb,0.0195239782333374,400,2,835.0594583832254
postgres,0.14610111100000722,400,3,748.3162972930284
duckdb,0.3450585010002669,400,4,236.17787615608881
mariadb,0.472745514999815,400,5,137.00445391995987
cockroachdb,1.0458216540000649,400,6,221.22296686420685
