environment,real_time,size,position,factor
xsb,0.04003148078918458,1000,1,
duckdb,0.18660038320813327,1000,2,466.13410128597496
postgres,0.7487920582061633,1000,3,401.28109349645007
cockroachdb,1.0474681417923422,1000,4,139.8877205377551
mariadb,2.683430441422388,1000,5,256.18253523498294
