CreateTableRealTime,CreateTableCPUTime,LoadDataRealTime,LoadDataCPUTime,CreateIndexRealTime,CreateIndexCPUTime,AnalyzeRealTime,AnalyzeCPUTime,ExecuteQueryRealTime,ExecuteQueryCPUTime,WriteResultRealTime,WriteResultCPUTime
0.030000001192092896,0.0,0.39000000059604645,0.0,0.9199999943375587,0.0,0.3200000002980232,0.0,0.3100000023841858,0.0,0.030000001192092896,0.0
0.030000001192092896,0.0,0.369999997317791,0.0,0.75,0.0,0.24000000208616257,0.0,0.29999999701976776,0.0,0.030000001192092896,0.0
0.0299999937415123,0.0,0.3200000002980232,0.0,0.7199999988079071,0.0,0.19999999552965164,0.0,0.27000000327825546,0.0,0.020000003278255463,0.0
Average,0.02999999870856603,0.0,0.35999999940395355,0.0,0.796666664381822,0.0,0.25333333263794583,0.0,0.293333334227403,0.0,0.026666668554147083,0.0
