CreateTableRealTime,CreateTableCPUTime,LoadDataRealTime,LoadDataCPUTime,CreateIndexRealTime,CreateIndexCPUTime,AnalyzeRealTime,AnalyzeCPUTime,ExecuteQueryRealTime,ExecuteQueryCPUTime,WriteResultRealTime,WriteResultCPUTime
0.019999995827674866,0.0,0.35999999940395355,0.0,4.740000002086163,0.0,0.49000000208616257,0.0,0.35999999940395355,0.0,0.030000001192092896,0.0
0.040000006556510925,0.0,0.42000000178813934,0.0,0.8499999940395355,0.0,0.27000000327825546,0.0,0.369999997317791,0.0,0.030000001192092896,0.0
0.019999995827674866,0.0,0.4299999997019768,0.0,0.8299999982118607,0.0,0.25999999791383743,0.0,0.39000000059604645,0.0,0.030000001192092896,0.0
Average,0.02666666607062022,0.0,0.40333333363135654,0.0,2.1399999981125197,0.0,0.3400000010927518,0.0,0.37333333243926364,0.0,0.030000001192092896,0.0
