CreateTableRealTime,CreateTableCPUTime,LoadDataRealTime,LoadDataCPUTime,CreateIndexRealTime,CreateIndexCPUTime,AnalyzeRealTime,AnalyzeCPUTime,ExecuteQueryRealTime,ExecuteQueryCPUTime,WriteResultRealTime,WriteResultCPUTime
0.018823500024154782,5.699999999997374e-05,0.3154878329951316,0.0003569999999999962,0.5545635420130566,0.0002630000000000132,0.17063487495761365,0.00011100000000002774,0.204861958976835,0.00010299999999996423,0.01558950002072379,0.00017499999999998073
0.028435958025511354,7.699999999999374e-05,0.31532633397728205,0.00016299999999996873,0.5752545419964008,0.00026999999999999247,0.17235304100904614,0.00016199999999999548,0.20845824998104945,0.00022800000000000598,0.017641999991610646,0.00016899999999997473
0.02606233296683058,6.999999999995898e-05,0.3240777910104953,0.00029600000000001847,0.5571923750103451,0.00023800000000001598,0.1750758329872042,0.00016699999999997273,0.2624254580005072,0.00014999999999998348,0.01915158296469599,0.00022199999999999998
0.025172249996103346,6.20000000000065e-05,0.3237966249580495,0.0003349999999999742,0.5755438340129331,0.0002790000000000292,0.17379475000780076,0.00014899999999995472,0.20348666701465845,0.00015799999999999148,0.018623583018779755,0.00019599999999997397
0.02182720898417756,6.40000000000085e-05,0.3236457079765387,0.0003989999999999827,0.5858043750049546,0.00030599999999997296,0.17805762495845556,0.00016599999999999948,0.20516750001115724,0.00011699999999997823,0.01714054198237136,0.00020999999999998797
Average,0.024064249999355525,6.59999999999883e-05,0.3204668581834994,0.0003099999999999881,0.5696717336075381,0.00027120000000000475,0.17398322478402406,0.00015099999999999004,0.21687996679684146,0.00015119999999998467,0.017629441595636307,0.00019439999999998347
