CreateTableRealTime,CreateTableCPUTime,LoadDataRealTime,LoadDataCPUTime,CreateIndexRealTime,CreateIndexCPUTime,AnalyzeRealTime,AnalyzeCPUTime,ExecuteQueryRealTime,ExecuteQueryCPUTime,WriteResultRealTime,WriteResultCPUTime
0.019751202999941597,0.00019740000000001423,0.36603491500045493,0.0002257999999999427,0.82542297100008,0.0002485999999999322,0.252668531999916,0.00020890000000006737,0.3661324770000647,0.0001850999999999381,0.028722799000206578,0.00018580000000001373
0.02378229599980841,0.0001915000000000111,0.46228029199937737,0.0003975000000000506,1.0174809890004326,0.0003438999999999526,0.3579864869998346,0.00022400000000000198,0.4020772699996087,0.00031239999999999046,0.03673628700016707,0.00025850000000005036
Average,0.021766749499875004,0.00019445000000001267,0.41415760349991615,0.00031164999999999665,0.9214519800002563,0.0002962499999999424,0.3053275094998753,0.00021645000000003467,0.3841048734998367,0.0002487499999999643,0.03272954300018682,0.00022215000000003204
