CreateTableRealTime,CreateTableCPUTime,LoadDataRealTime,LoadDataCPUTime,CreateIndexRealTime,CreateIndexCPUTime,AnalyzeRealTime,AnalyzeCPUTime,ExecuteQueryRealTime,ExecuteQueryCPUTime,WriteResultRealTime,WriteResultCPUTime
0.030695228999320534,0.00028609999999995583,0.4287788930005263,0.00028759999999994346,0.826670472000842,0.00025610000000009236,0.32190800700027467,0.00021130000000002536,0.3392735340003128,0.0002611000000000141,0.034669570999540156,0.0002007000000000536
0.02378853100071865,0.0002163000000000581,0.5252129199998308,0.00029519999999993995,0.9677651480005807,0.0002362999999999671,0.34754243699990184,0.0001683000000000101,0.42838435000066966,0.0002259000000000011,0.033131703000435664,0.0002782000000000062
Average,0.02724188000001959,0.000251200000000007,0.47699590650017853,0.0002913999999999417,0.8972178100007113,0.00024620000000002973,0.33472522200008825,0.00018980000000001773,0.3838289420004912,0.0002435000000000076,0.03390063699998791,0.00023945000000002992
