CreateTableRealTime,CreateTableCPUTime,LoadDataRealTime,LoadDataCPUTime,CreateIndexRealTime,CreateIndexCPUTime,AnalyzeRealTime,AnalyzeCPUTime,ExecuteQueryRealTime,ExecuteQueryCPUTime,WriteResultRealTime,WriteResultCPUTime
0.013328999979421496,5.3999999999998494e-05,0.281348499993328,0.0004129999999999967,0.5707515840185806,0.0004310000000000147,0.16867770801763982,0.00020800000000004149,0.2564513750257902,0.00029399999999996096,0.020312833017669618,0.00035800000000002496
0.019832124991808087,8.299999999999974e-05,0.3130495409714058,0.00043199999999998795,0.5771513340296224,0.0003650000000000042,0.17279683402739465,0.00032799999999999496,0.2669817500282079,0.00023000000000000798,0.019571540993638337,0.0004109999999999947
0.01950391597347334,6.499999999998174e-05,0.2910387919982895,0.00022099999999997122,0.5168268340057693,0.0004049999999999887,0.176298999984283,0.00019500000000000073,0.24006966699380428,0.00027599999999999847,0.020860499993432313,0.00035999999999997145
0.01716779201524332,7.899999999999574e-05,0.3030647919513285,0.00027399999999999647,0.5173867089906707,0.00036199999999997345,0.17536883300635964,0.0002869999999999817,0.19826341699808836,0.00016399999999999748,0.01878187502734363,0.0003190000000000137
0.018904249998740852,5.8000000000002494e-05,0.2812754169572145,0.00037399999999998546,0.5308574169757776,0.0003309999999999702,0.17481566697824746,0.0002869999999999817,0.21307262498885393,0.00024000000000001798,0.01842591696185991,0.0004990000000000272
Average,0.017747416591737418,6.779999999999564e-05,0.2939554083743133,0.00034279999999998757,0.5425947756040841,0.00037879999999999023,0.17359160840278492,0.0002610000000000001,0.23496776680694892,0.00024079999999999658,0.019590533198788763,0.00038940000000000643
