CreateTableRealTime,CreateTableCPUTime,LoadDataRealTime,LoadDataCPUTime,CreateIndexRealTime,CreateIndexCPUTime,AnalyzeRealTime,AnalyzeCPUTime,ExecuteQueryRealTime,ExecuteQueryCPUTime,WriteResultRealTime,WriteResultCPUTime
0.017474375024903566,5.8000000000002494e-05,0.2848165829782374,0.00027599999999999847,0.5826820830116048,0.00028000000000000247,0.18586583400610834,0.00019299999999999873,0.2687350839842111,0.00017099999999997673,0.01829062501201406,0.00022499999999997522
0.0261964580276981,8.00000000000245e-05,0.3226049160002731,0.00034400000000001096,0.5632427919772454,0.00022699999999997722,0.18517499999143183,7.099999999998774e-05,0.21068974997615442,0.00010300000000001974,0.017527082993183285,0.0002630000000000132
0.02649416698841378,7.399999999996298e-05,0.3296014579827897,0.00027800000000000047,0.5909167909994721,0.0002690000000000192,0.17952762503409758,0.00013499999999999623,0.2649439169908874,0.000128000000000017,0.019487917015794665,0.00022900000000003473
0.025484208948910236,0.00010500000000002174,0.32467724999878556,0.00021799999999999597,0.5693553750170395,0.00032399999999999096,0.1896062920568511,0.000150000000000039,0.2778899170225486,0.00012200000000001099,0.018999375053681433,0.00021900000000002473
0.02732595894485712,0.00010399999999999299,0.2980022080009803,0.00023699999999998722,0.5846470829565078,0.00034399999999995545,0.18265604198677465,0.000132000000000021,0.21457441698294133,0.00012299999999998423,0.01763625000603497,0.00022300000000002873
Average,0.024595033586956562,8.420000000000094e-05,0.3119404829922132,0.0002705999999999986,0.578168824792374,0.0002887999999999891,0.1845661586150527,0.00013620000000000854,0.24736661699134857,0.00012940000000000174,0.018388250016141684,0.00023180000000001534
