CreateTableRealTime,CreateTableCPUTime,LoadDataRealTime,LoadDataCPUTime,CreateIndexRealTime,CreateIndexCPUTime,AnalyzeRealTime,AnalyzeCPUTime,ExecuteQueryRealTime,ExecuteQueryCPUTime,WriteResultRealTime,WriteResultCPUTime
0.01713966700481251,6.799999999995698e-05,0.2818132499814965,0.00041799999999997395,0.5388336249743588,0.000260000000000038,0.183985042036511,0.00022100000000002673,0.24322004098212346,0.00020900000000001473,0.018178667000029236,0.0003029999999999977
0.013141875038854778,4.100000000001325e-05,0.2149413339793682,0.00029200000000001447,0.49444020801456645,0.00017900000000004024,0.1495862080482766,0.00023800000000001598,0.20676370797445998,0.00018000000000001348,0.020653791958466172,0.00022800000000000598
0.01188862498383969,4.8000000000048004e-05,0.22192670800723135,0.0002570000000000072,0.47747504099970683,0.00014900000000001024,0.14448625000659376,0.00011400000000000299,0.18408999999519438,0.00015399999999998748,0.015355499985162169,9.199999999998099e-05
0.018930582969915122,6.699999999998374e-05,0.2985392499831505,0.00039799999999995395,0.591247915988788,0.00034600000000001296,0.1821941250236705,0.00021499999999996522,0.23700408299919218,0.00020899999999995922,0.01913124998100102,0.00040400000000001546
0.02012570801889524,7.20000000000165e-05,0.2782412499655038,0.0002850000000000352,0.566899333964102,0.00032599999999999296,0.1726205829763785,0.00028600000000000847,0.23651575000258163,0.00026199999999998447,0.027991209004539996,0.00042000000000003146
Average,0.01624529160326347,5.9200000000003695e-05,0.2590923583833501,0.00032999999999999696,0.5337792247883044,0.00025200000000001886,0.16657444161828608,0.00021480000000000387,0.22151871639071033,0.00020279999999999186,0.020262083585839717,0.00028940000000000633
