CreateTableRealTime,CreateTableCPUTime,LoadDataRealTime,LoadDataCPUTime,CreateIndexRealTime,CreateIndexCPUTime,AnalyzeRealTime,AnalyzeCPUTime,ExecuteQueryRealTime,ExecuteQueryCPUTime,WriteResultRealTime,WriteResultCPUTime
0.020146000024396926,6.0000000000004494e-05,0.2866547079756856,0.0003650000000000042,0.5333741250215098,0.0004010000000000402,0.17306775000179186,0.00018200000000001548,0.1879342090105638,0.00019900000000000473,0.020018583978526294,0.0003710000000000102
0.02038470801198855,8.00000000000245e-05,0.27823566598817706,0.0003750000000000142,0.5419965829933062,0.00034799999999995945,0.15559362503699958,0.0002469999999999972,0.259279708028771,0.00022000000000005349,0.01973591698333621,0.0002769999999999717
0.019530084042344242,6.60000000000105e-05,0.25341354199917987,0.0005020000000000024,0.5224241249961779,0.00029600000000001847,0.1714163749711588,0.0002850000000000352,0.19887979101622477,0.00021399999999999197,0.01879941701190546,0.0003330000000000277
0.020363708026707172,7.499999999999174e-05,0.2999117919825949,0.0003250000000000197,0.5524869579821825,0.0003869999999999707,0.17356091598048806,0.00026799999999999047,0.19395154202356935,0.0002650000000000152,0.018632041988894343,0.0002690000000000192
0.01639787503518164,7.199999999996098e-05,0.28992499999003485,0.00035999999999997145,0.5363488749717362,0.00019999999999997797,0.1632164579932578,8.900000000000574e-05,0.17093929200200364,0.00010699999999996823,0.01679395802784711,0.0002710000000000212
Average,0.019364475028123707,7.059999999999844e-05,0.28162814158713445,0.00038540000000000243,0.5373261331929825,0.00032639999999999335,0.1673710247967392,0.00021420000000000884,0.2021969084162265,0.00020100000000000673,0.018795983598101883,0.00030420000000001
