CreateTableRealTime,CreateTableCPUTime,LoadDataRealTime,LoadDataCPUTime,CreateIndexRealTime,CreateIndexCPUTime,AnalyzeRealTime,AnalyzeCPUTime,ExecuteQueryRealTime,ExecuteQueryCPUTime,WriteResultRealTime,WriteResultCPUTime
0.009999997913837433,0.0,0.2799999937415123,0.0,0.619999997317791,0.0,0.2199999988079071,0.0,0.2800000011920929,0.0,0.020000003278255463,0.0
0.01000000536441803,0.0,0.29999999701976776,0.0,0.619999997317791,0.0,0.32999999821186066,0.0,0.28999999910593033,0.0,0.020000003278255463,0.0
0.020000003278255463,0.0,0.3399999961256981,0.010000000000000009,0.6799999997019768,0.0,0.23000000417232513,0.0,0.25999999791383743,0.0,0.030000001192092896,0.0
Average,0.013333335518836975,0.0,0.30666666229565936,0.003333333333333336,0.6399999981125196,0.0,0.2600000003973643,0.0,0.27666666607062024,0.0,0.023333335916201275,0.0
