CreateTableRealTime,CreateTableCPUTime,LoadDataRealTime,LoadDataCPUTime,CreateIndexRealTime,CreateIndexCPUTime,AnalyzeRealTime,AnalyzeCPUTime,ExecuteQueryRealTime,ExecuteQueryCPUTime,WriteResultRealTime,WriteResultCPUTime
0.02011858398327604,8.00000000000245e-05,0.287689208984375,0.0003730000000000122,0.5230326250311919,0.0002929999999999877,0.15379695798037574,0.00018000000000001348,0.23104891699040309,0.00022800000000000598,0.01804375002393499,0.00036200000000002897
0.019304250017739832,5.2000000000052005e-05,0.2729508750489913,0.00038799999999999946,0.4851593340281397,0.0002849999999999797,0.1484938749927096,0.00012699999999998823,0.21518899995135143,0.00014100000000000223,0.015386790968477726,0.00031000000000003247
0.017364540952257812,6.60000000000105e-05,0.2808594169910066,0.00031199999999997896,0.5451640000101179,0.0003569999999999962,0.16964654199546203,0.0002850000000000352,0.18968729098560289,0.00023699999999998722,0.017646415974013507,0.00032199999999998896
0.02024208300281316,7.099999999998774e-05,0.2761534579913132,0.00037999999999999146,0.524554374977015,0.00033600000000000296,0.17520320904441178,0.0002469999999999972,0.19414070900529623,0.00022300000000002873,0.016978625033516437,0.0003889999999999727
0.018312708009034395,2.9000000000001247e-05,0.26352054200833663,0.00028600000000000847,0.5273749580373988,0.0003150000000000097,0.19140075001632795,0.00024799999999997047,0.20770191703923047,0.00023999999999996247,0.01986712502548471,0.0003870000000000262
Average,0.01906843319302425,5.96000000000152e-05,0.27623470020480456,0.0003477999999999981,0.5210570584167726,0.00031719999999999524,0.16770826680585743,0.00021740000000000092,0.2075535667943768,0.00021379999999999734,0.017584541405085474,0.00035400000000000985
