CreateTableRealTime,CreateTableCPUTime,LoadDataRealTime,LoadDataCPUTime,CreateIndexRealTime,CreateIndexCPUTime,AnalyzeRealTime,AnalyzeCPUTime,ExecuteQueryRealTime,ExecuteQueryCPUTime,WriteResultRealTime,WriteResultCPUTime
0.030000001192092896,0.0,0.42000000178813934,0.0,0.8600000068545341,0.0,0.28999999910593033,0.0,0.3499999940395355,0.0,0.030000001192092896,0.0
0.019999995827674866,0.0,0.4400000050663948,0.0,0.869999997317791,0.0,0.27000000327825546,0.0,0.3200000002980232,0.0,0.019999995827674866,0.0
0.020000003278255463,0.0,0.39000000059604645,0.0,0.8400000035762787,0.0,0.26999999582767487,0.0,0.3200000002980232,0.0,0.030000001192092896,0.0
Average,0.023333333432674408,0.0,0.4166666691501935,0.0,0.8566666692495346,0.0,0.27666666607062024,0.0,0.32999999821186066,0.0,0.02666666607062022,0.0
