CreateTableRealTime,CreateTableCPUTime,LoadDataRealTime,LoadDataCPUTime,CreateIndexRealTime,CreateIndexCPUTime,AnalyzeRealTime,AnalyzeCPUTime,ExecuteQueryRealTime,ExecuteQueryCPUTime,WriteResultRealTime,WriteResultCPUTime
0.019999995827674866,0.0,0.29999999701976776,0.0,0.619999997317791,0.0,0.17999999970197678,0.0,0.24000000208616257,0.0,0.020000003278255463,0.0
0.009999997913837433,0.0,0.26000000536441803,0.0,0.5499999970197678,0.0,0.17000000178813934,0.0,0.29999999701976776,0.0,0.020000003278255463,0.0
0.019999995827674866,0.0,0.30000000447034836,0.0,0.6099999994039536,0.0,0.17999999970197678,0.0,0.26999999582767487,0.0,0.020000003278255463,0.0
Average,0.016666663189729054,0.0,0.2866666689515114,0.0,0.5933333312471708,0.0,0.17666666706403097,0.0,0.26999999831120175,0.0,0.020000003278255463,0.0
