CreateTableRealTime,CreateTableCPUTime,LoadDataRealTime,LoadDataCPUTime,CreateIndexRealTime,CreateIndexCPUTime,AnalyzeRealTime,AnalyzeCPUTime,ExecuteQueryRealTime,ExecuteQueryCPUTime,WriteResultRealTime,WriteResultCPUTime
0.01000000536441803,0.0,0.28999999910593033,0.0,0.6599999964237213,0.0,0.17999999970197678,0.0,0.30000000447034836,0.0,0.019999995827674866,0.02000000000000001
0.020000003278255463,0.0,0.27000000327825546,0.0,0.6599999964237213,0.0,0.17999999970197678,0.0,0.24000000208616257,0.0,0.020000003278255463,0.0
0.009999997913837433,0.0,0.2800000011920929,0.0,0.5600000023841858,0.0,0.17999999970197678,0.0,0.2800000011920929,0.0,0.009999997913837433,0.0
Average,0.013333335518836975,0.0,0.2800000011920929,0.0,0.6266666650772095,0.0,0.17999999970197678,0.0,0.2733333359162013,0.0,0.01666666567325592,0.0066666666666666706
