CreateTableRealTime,CreateTableCPUTime,LoadDataRealTime,LoadDataCPUTime,CreateIndexRealTime,CreateIndexCPUTime,AnalyzeRealTime,AnalyzeCPUTime,ExecuteQueryRealTime,ExecuteQueryCPUTime,WriteResultRealTime,WriteResultCPUTime
0.015334540978074074,4.700000000001925e-05,0.24054458300815895,0.00022100000000002673,0.49979429197264835,0.00031399999999998096,0.1773881249828264,0.0003070000000000017,0.18285804201150313,0.00028000000000000247,0.018937791988719255,0.0003670000000000062
0.021321791980881244,8.40000000000285e-05,0.28693583398126066,0.00045200000000000795,0.5633124589803629,0.0003810000000000202,0.18253587500657886,0.00017499999999998073,0.24899408302735537,0.00018900000000005024,0.016005458950530738,0.0006039999999999934
0.01419787498889491,7.00000000000145e-05,0.2842034170171246,0.0003970000000000362,0.5561472499975935,0.0003250000000000197,0.16003904200624675,0.00027199999999999447,0.24287862499477342,0.00020799999999998597,0.020052833016961813,0.00039000000000000146
0.021132124995347112,4.499999999996174e-05,0.28838483296567574,0.0004190000000000027,0.5412066669669002,0.00037999999999999146,0.18208170897560194,0.0002469999999999972,0.25076008297037333,0.00012700000000004374,0.016378625005017966,0.0003669999999999507
0.020388417004141957,6.60000000000105e-05,0.27679304097546265,0.0003390000000000337,0.5179621670395136,0.00029000000000001247,0.15688233397668228,0.0003290000000000237,0.19322720798663795,0.00021000000000004349,0.0186663749627769,0.0003670000000000062
Average,0.01847494998946786,6.24000000000069e-05,0.2753723415895365,0.00036560000000002146,0.5356845669914037,0.00033800000000000496,0.17178541698958724,0.0002659999999999996,0.22374360819812864,0.00020280000000002518,0.018008216784801336,0.0004189999999999916
