CreateTableRealTime,CreateTableCPUTime,LoadDataRealTime,LoadDataCPUTime,CreateIndexRealTime,CreateIndexCPUTime,AnalyzeRealTime,AnalyzeCPUTime,ExecuteQueryRealTime,ExecuteQueryCPUTime,WriteResultRealTime,WriteResultCPUTime
0.019260917033534497,6.500000000003725e-05,0.31075562501791865,0.00031599999999998296,0.560453541984316,0.00014199999999997548,0.19315591600025073,0.00011800000000000699,0.21224908297881484,0.00015500000000001624,0.019883459026459605,0.00019299999999999873
0.026013166992925107,5.3999999999998494e-05,0.318063958955463,0.0002630000000000132,0.5789314999710768,0.00023599999999995847,0.1959506249986589,0.00014799999999998148,0.2323171249590814,0.00011499999999997623,0.018675041967071593,0.000142000000000031
0.025711458991281688,7.60000000000205e-05,0.32235070801107213,0.0002550000000000052,0.5627394170151092,0.0003529999999999922,0.18302787496941164,0.00016300000000002424,0.2082637079874985,0.00018599999999996397,0.017712540982756764,0.00022300000000002873
0.028659584000706673,7.899999999999574e-05,0.3146732909954153,0.00025799999999998047,0.5482307909987867,0.0002469999999999972,0.19090254098409787,0.00013599999999996948,0.21540387498680502,0.00015300000000001424,0.01777137501630932,0.0002749999999999697
0.01985708298161626,6.60000000000105e-05,0.3273652499774471,0.00023899999999998922,0.5711572500295006,0.0002570000000000072,0.1997381669934839,0.00012200000000001099,0.2083439170382917,0.000138000000000027,0.01804529200308025,0.00029999999999996696
Average,0.023900442000012845,6.80000000000125e-05,0.31864176659146326,0.0002661999999999942,0.5643024999997579,0.0002469999999999861,0.1925550247891806,0.00013739999999999862,0.2153155415900983,0.00014939999999999954,0.018417541799135507,0.00022659999999999903
