DeleteDataRealTime,DeleteDataCPUTime,LoadDataRealTime,LoadDataCPUTime,CreateIndexXRealTime,CreateIndexXCPUTime,CreateIndexYRealTime,CreateIndexYCPUTime,QueryRealTime,QueryCPUTime,WriteResultRealTime,WriteResultCPUTime
0.011561397999685141,0.006294999999999995,0.019738303999474738,0.0012223000000000095,0.015402693999931216,0.0013558999999999655,0.002544216000387678,0.0009262000000000437,0.0018637320008565439,0.0007642999999999955,0.0181455489992004,0.00481100000000001
0.0162051209999845,0.008199000000000012,0.01709354499962501,0.0014296999999999782,0.011935184000321897,0.0011610000000000231,0.0025147409996861825,0.0009914000000000311,0.0018228999997518258,0.0008288000000000184,0.007700587000726955,0.005768400000000007
Average,0.013883259499834821,0.0072470000000000034,0.018415924499549874,0.0013259999999999939,0.013668939000126556,0.0012584499999999943,0.00252947850003693,0.0009588000000000374,0.0018433160003041849,0.000796550000000007,0.012923067999963678,0.005289700000000008
