DeleteDataRealTime,DeleteDataCPUTime,LoadDataRealTime,LoadDataCPUTime,CreateIndexXRealTime,CreateIndexXCPUTime,CreateIndexYRealTime,CreateIndexYCPUTime,QueryRealTime,QueryCPUTime,WriteResultRealTime,WriteResultCPUTime
0.014339127000312146,0.006959300000000002,0.11772120600016933,0.0010346999999999995,0.019464193000203522,0.0009756000000000209,0.0019455709998510429,0.0007247000000000225,0.030620768000517273,0.0007800999999999503,-0.00015129799976421054,0.01794290000000004
0.013117081999553193,0.006336200000000014,0.031613252999704855,0.0010886000000000506,0.019372975000806036,0.0010015999999999914,0.002115956000125152,0.0008098000000000272,0.001645156999984465,0.0007593999999999657,0.020956932999979472,0.017255800000000043
Average,0.01372810449993267,0.006647750000000008,0.0746672294999371,0.001061650000000025,0.01941858400050478,0.0009886000000000061,0.0020307634999880975,0.0007672500000000249,0.01613296250025087,0.000769749999999958,0.01040281750010763,0.01759935000000004
