DeleteDataRealTime,DeleteDataCPUTime,LoadDataRealTime,LoadDataCPUTime,CreateIndexXRealTime,CreateIndexXCPUTime,CreateIndexYRealTime,CreateIndexYCPUTime,QueryRealTime,QueryCPUTime,WriteResultRealTime,WriteResultCPUTime
0.009999997913837433,0.010000000000000009,0.020000003278255463,0.0,0.009999997913837433,0.0,0.0,0.0,0.0,0.0,0.020000003278255463,0.02999999999999996
0.009999997913837433,0.010000000000000012,0.030000001192092896,0.0,0.009999997913837433,0.0,0.0,0.0,0.0,0.0,0.020000003278255463,0.010000000000000012
0.01000000536441803,0.010000000000000009,0.0299999937415123,0.0,0.01000000536441803,0.0,0.0,0.0,0.009999997913837433,0.0,0.009999997913837433,0.009999999999999953
Average,0.010000000397364298,0.01000000000000001,0.02666666607062022,0.0,0.010000000397364298,0.0,0.0,0.0,0.003333332637945811,0.0,0.016666668156782787,0.016666666666666642
