DeleteDataRealTime,DeleteDataCPUTime,LoadDataRealTime,LoadDataCPUTime,CreateIndexXRealTime,CreateIndexXCPUTime,CreateIndexYRealTime,CreateIndexYCPUTime,QueryRealTime,QueryCPUTime,WriteResultRealTime,WriteResultCPUTime
0.014412208023713902,0.0020589999999999775,0.03714729199418798,0.00036200000000002897,0.009931375010637566,0.0007320000000000104,0,0,0.0005475000070873648,0.00026399999999998647,4.015482624992728,2.402357
0.013939124997705221,0.0023299999999999987,0.07309808299760334,0.00043800000000004946,0.010028165997937322,0.0008989999999999831,0,0,0.0006167080136947334,0.0003610000000000002,3.9980673330137506,2.40942
0.015266792004695162,0.0018750000000000155,0.031733417010400444,0.0003710000000000102,0.01008491701213643,0.0005850000000000022,0,0,0.0004405830113682896,0.00022699999999997722,4.063322834001156,2.409605
0.01586729200789705,0.0018710000000000115,0.03236716700484976,0.00032599999999999296,0.00949162500910461,0.0006420000000000314,0,0,0.000595749996136874,0.00029399999999996096,4.1697877919941675,2.4254789999999997
0.015542790992185473,0.0019389999999999685,0.04011908397660591,0.0003389999999999782,0.011081500008003786,0.0007679999999999909,0,0,0.00048650000826455653,0.00026399999999998647,4.019293124991236,2.403121
Average,0.015005641605239362,0.0020147999999999945,0.04289300859672949,0.00036720000000001196,0.010123516607563943,0.0007252000000000036,0.0,0.0,0.0005374082073103636,0.00028199999999998224,4.053190741798607,2.4099964
