DeleteDataRealTime,DeleteDataCPUTime,LoadDataRealTime,LoadDataCPUTime,CreateIndexXRealTime,CreateIndexXCPUTime,CreateIndexYRealTime,CreateIndexYCPUTime,QueryRealTime,QueryCPUTime,WriteResultRealTime,WriteResultCPUTime
0.009999997913837433,0.0,0.030000001192092896,0.0,0.020000003278255463,0.0,0.0,0.010000000000000009,0.0,0.0,0.030000001192092896,0.02000000000000001
0.009999997913837433,0.0,0.03999999910593033,0.0,0.020000003278255463,0.0,0.009999997913837433,0.010000000000000012,0.0,0.0,0.020000003278255463,0.02000000000000002
0.01000000536441803,0.0,0.030000001192092896,0.0,0.009999997913837433,0.009999999999999953,0.009999997913837433,0.0,0.0,0.0,0.020000003278255463,0.010000000000000009
Average,0.010000000397364298,0.0,0.033333333830038704,0.0,0.016666668156782787,0.003333333333333318,0.006666665275891622,0.006666666666666674,0.0,0.0,0.023333335916201275,0.01666666666666668
