DeleteDataRealTime,DeleteDataCPUTime,LoadDataRealTime,LoadDataCPUTime,CreateIndexXRealTime,CreateIndexXCPUTime,CreateIndexYRealTime,CreateIndexYCPUTime,QueryRealTime,QueryCPUTime,WriteResultRealTime,WriteResultCPUTime
0.01226500600023428,0.006057500000000049,0.02014951099999962,0.000905099999999992,0.013679332000265276,0.0009748999999998897,0.002588663000096858,0.0009626000000000356,0.0016837400003169023,0.0006958999999999715,0.022213287999420572,0.010526500000000105
0.011952690000271105,0.005579900000000082,0.02102771699992445,0.0010455000000000325,0.013949165999747493,0.0008173000000000208,0.0019050230002903845,0.0006686000000000192,0.0019015729999409814,0.0006521999999999917,0.013158923999981198,0.011200200000000216
Average,0.012108848000252692,0.0058187000000000655,0.020588613999962035,0.0009753000000000123,0.013814249000006384,0.0008960999999999553,0.0022468430001936213,0.0008156000000000274,0.0017926565001289418,0.0006740499999999816,0.017686105999700885,0.01086335000000016
