DeleteDataRealTime,DeleteDataCPUTime,LoadDataRealTime,LoadDataCPUTime,CreateIndexXRealTime,CreateIndexXCPUTime,CreateIndexYRealTime,CreateIndexYCPUTime,QueryRealTime,QueryCPUTime,WriteResultRealTime,WriteResultCPUTime
0.013472702999933972,0.00652290000000022,0.02221304200020313,0.0009471999999997038,0.014120575000106328,0.0009130000000001637,0.001833327999975154,0.0007207999999998549,0.0016805410000415577,0.0006054999999998145,0.028749944999617583,0.01605040000000013
0.012077450000106182,0.005710300000000057,0.02284005100000286,0.0009656000000002329,0.01550634600016565,0.0008837000000001538,0.0018605650002427865,0.0006593000000001403,0.0014723980002600001,0.0005728999999998763,0.016057397999702516,0.01316879999999987
Average,0.012775076500020077,0.006116600000000139,0.022526546500102995,0.0009563999999999684,0.014813460500135989,0.0008983500000001587,0.0018469465001089702,0.0006900499999999976,0.001576469500150779,0.0005891999999998454,0.02240367149966005,0.0146096
