DeleteDataRealTime,DeleteDataCPUTime,LoadDataRealTime,LoadDataCPUTime,CreateIndexXRealTime,CreateIndexXCPUTime,CreateIndexYRealTime,CreateIndexYCPUTime,QueryRealTime,QueryCPUTime,WriteResultRealTime,WriteResultCPUTime
0.01246256399917911,0.006636299999999984,0.018901637999988452,0.0013636000000000204,0.013216186000136076,0.0012697999999999876,0.003701257999637164,0.0012598999999999805,0.0020334170003479812,0.0009655000000000635,0.01834162499926606,0.006842599999999921
0.011182154999914928,0.006013199999999941,0.013544082000407798,0.0009633000000000003,0.010847788999853947,0.0009228000000000014,0.0020685810004579253,0.0007796999999999388,0.0017812290006986586,0.0008148000000000044,0.00670434999938152,0.005137500000000017
Average,0.01182235949954702,0.006324749999999962,0.016222860000198125,0.0011634500000000103,0.012031987499995012,0.0010962999999999945,0.0028849195000475447,0.0010197999999999596,0.00190732300052332,0.000890150000000034,0.01252298749932379,0.005990049999999969
