DeleteDataRealTime,DeleteDataCPUTime,LoadDataRealTime,LoadDataCPUTime,CreateIndexXRealTime,CreateIndexXCPUTime,CreateIndexYRealTime,CreateIndexYCPUTime,QueryRealTime,QueryCPUTime,WriteResultRealTime,WriteResultCPUTime
0.020000003278255463,0.010000000000000009,0.020000003278255463,0.0,0.009999997913837433,0.0,0.0,0.0,0.0,0.0,0.030000001192092896,0.02000000000000002
0.009999997913837433,0.0,0.020000003278255463,0.0,0.019999995827674866,0.01000000000000001,0.0,0.0,0.0,0.0,0.030000001192092896,0.019999999999999962
0.009999997913837433,0.009999999999999995,0.030000001192092896,0.0,0.009999997913837433,0.0,0.0,0.0,0.0,0.0,0.030000001192092896,0.019999999999999962
Average,0.01333333303531011,0.006666666666666668,0.023333335916201275,0.0,0.013333330551783243,0.003333333333333337,0.0,0.0,0.0,0.0,0.030000001192092896,0.01999999999999998
