DeleteDataRealTime,DeleteDataCPUTime,LoadDataRealTime,LoadDataCPUTime,CreateIndexXRealTime,CreateIndexXCPUTime,CreateIndexYRealTime,CreateIndexYCPUTime,QueryRealTime,QueryCPUTime,WriteResultRealTime,WriteResultCPUTime
0.013108218000525085,0.006296799999999991,0.025994764000643045,0.0010660999999999587,0.08958994600016013,0.0010741000000000223,0.0024806210003589513,0.0008184999999999998,0.002707566000026418,0.0011456000000000244,0.030278150000413007,0.0155381
0.015003636000074039,0.006358900000000001,0.036809301000175765,0.0012231000000000325,0.01323602899992693,0.0009442000000000061,0.0021288750003805035,0.0008158999999999805,0.0023162610004874296,0.0010577999999999976,0.01986652100003994,0.016958499999999987
Average,0.014055927000299562,0.006327849999999996,0.031402032500409405,0.0011445999999999956,0.05141298750004353,0.0010091500000000142,0.0023047480003697274,0.0008171999999999902,0.0025119135002569237,0.001101700000000011,0.025072335500226473,0.016248299999999993
