DeleteDataRealTime,DeleteDataCPUTime,LoadDataRealTime,LoadDataCPUTime,CreateIndexXRealTime,CreateIndexXCPUTime,CreateIndexYRealTime,CreateIndexYCPUTime,QueryRealTime,QueryCPUTime,WriteResultRealTime,WriteResultCPUTime
0.010956609999993816,0.0058458999999999595,0.017438217000290024,0.0010038999999999465,0.012945764000050985,0.0010337999999998626,0.002513937999992777,0.0011001999999999956,0.0015321440000661823,0.0006010000000000737,0.015591314999710448,0.004258899999999954
0.010155020000183868,0.005083600000000077,0.017041497999798594,0.0010415999999999759,0.011667944000237185,0.0008772999999999698,0.0019250880000072357,0.0008002000000000287,0.002217382000253565,0.0007155000000000911,0.005364140999517986,0.004347799999999902
Average,0.010555815000088842,0.005464750000000018,0.01723985750004431,0.0010227499999999612,0.012306854000144085,0.0009555499999999162,0.0022195130000000063,0.0009502000000000121,0.0018747630001598736,0.0006582500000000824,0.010477727999614217,0.004303349999999928
