DeleteDataRealTime,DeleteDataCPUTime,LoadDataRealTime,LoadDataCPUTime,CreateIndexXRealTime,CreateIndexXCPUTime,CreateIndexYRealTime,CreateIndexYCPUTime,QueryRealTime,QueryCPUTime,WriteResultRealTime,WriteResultCPUTime
0.01096454099752009,0.0020379999999999843,0.014140042010694742,0.00033400000000000096,0.005721916008042172,0.0005359999999999809,0,0,0.0004760420124512166,0.00022300000000002873,0.3803875000157859,0.22016199999999997
0.01018395900609903,0.002033000000000007,0.019145790982292965,0.00035000000000001696,0.007201917003840208,0.00048199999999998244,0,0,0.0005784579843748361,0.00028400000000000647,0.39284066698746756,0.228259
0.011441165988799185,0.0019990000000000285,0.020553791982820258,0.00035000000000001696,0.007491041993489489,0.00048399999999998444,0,0,0.0005684170173481107,0.00021199999999998997,0.39369166700635105,0.22738000000000003
0.011760749999666587,0.0019830000000000125,0.019368584005860612,0.0003549999999999942,0.007455957995261997,0.0005340000000000344,0,0,0.0005890410102438182,0.00027199999999999447,0.38639333299943246,0.22442600000000001
0.009921958000632003,0.0019000000000000128,0.03502795798704028,0.00030399999999997096,0.00768949999473989,0.0006779999999999564,0,0,0.0007031669956631958,0.0003310000000000257,0.25373033300274983,0.21423199999999998
Average,0.010854474798543378,0.001990600000000009,0.02164723339374177,0.0003386,0.007112066599074751,0.0005427999999999877,0.0,0.0,0.0005830250040162355,0.0002644000000000091,0.36140870000235736,0.22289180000000003
