DeleteDataRealTime,DeleteDataCPUTime,LoadDataRealTime,LoadDataCPUTime,CreateIndexXRealTime,CreateIndexXCPUTime,CreateIndexYRealTime,CreateIndexYCPUTime,QueryRealTime,QueryCPUTime,WriteResultRealTime,WriteResultCPUTime
0.012425376999999571,0.0066774,0.020233277999977872,0.0010342000000000406,0.011543190000338654,0.0010769999999999946,0.0023144250008044764,0.0008253000000000288,0.0019508260002112365,0.0009586000000000316,0.018922068000392755,0.007977599999999974
0.014735858999301854,0.007820600000000011,0.017447581999476824,0.0014904000000000028,0.013171080000574875,0.0012707999999999608,0.002392723999946611,0.0009631999999999974,0.0017696899994916748,0.0007978999999999625,0.01010290999965946,0.007758399999999999
Average,0.013580617999650713,0.0072490000000000054,0.01884042999972735,0.0012623000000000217,0.012357135000456765,0.0011738999999999777,0.0023535745003755437,0.0008942500000000131,0.0018602579998514557,0.0008782499999999971,0.014512489000026108,0.007867999999999986
