DeleteDataRealTime,DeleteDataCPUTime,LoadDataRealTime,LoadDataCPUTime,CreateIndexXRealTime,CreateIndexXCPUTime,CreateIndexYRealTime,CreateIndexYCPUTime,QueryRealTime,QueryCPUTime,WriteResultRealTime,WriteResultCPUTime
0.016680416010785848,0.0019580000000000153,0.17745704200933687,0.0006460000000000354,0.11168733300291933,0.0008020000000000249,0,0,0.00041924999095499516,0.0002530000000000032,3.380610334017547,2.0959950000000003
0.02177108300384134,0.0021569999999999645,0.027152582973940298,0.0003529999999999922,0.008230040984926745,0.0006650000000000267,0,0,0.0004158749943599105,0.00023400000000001198,3.503941125003621,2.108758
0.015170917002251372,0.0020919999999999828,0.036086957989027724,0.00041799999999997395,0.00945908299763687,0.0006669999999999732,0,0,0.0003907080099452287,0.00025599999999997847,3.5429805830062833,2.1186350000000003
0.01573437498882413,0.001996999999999971,0.041865875013172626,0.00035200000000001896,0.011407291021896526,0.0007060000000000399,0,0,0.0005124580056872219,0.00031600000000003847,3.5141984579968266,2.110076
0.011472666985355318,0.0020100000000000118,0.05990225001005456,0.0004009999999999847,0.009615625021979213,0.0008289999999999687,0,0,0.0005459169915411621,0.00029399999999996096,3.486219416023232,2.087428
Average,0.0161658915982116,0.002042799999999989,0.06849294159910642,0.00043400000000000106,0.030079874605871738,0.0007338000000000067,0.0,0.0,0.0004568415984977037,0.0002705999999999986,3.485589983209502,2.1041784
