DeleteDataRealTime,DeleteDataCPUTime,LoadDataRealTime,LoadDataCPUTime,CreateIndexXRealTime,CreateIndexXCPUTime,CreateIndexYRealTime,CreateIndexYCPUTime,QueryRealTime,QueryCPUTime,WriteResultRealTime,WriteResultCPUTime
0.019999995827674866,0.010000000000000009,0.020000003278255463,0.0,0.009999997913837433,0.0,0.0,0.0,0.0,0.0,0.020000003278255463,0.029999999999999964
0.01000000536441803,0.0,0.0299999937415123,0.02000000000000001,0.020000003278255463,0.0,0.0,0.0,0.0,0.0,0.020000003278255463,0.010000000000000009
0.020000003278255463,0.0,0.019999995827674866,0.0,0.01000000536441803,0.0,0.0,0.010000000000000009,0.009999997913837433,0.0,0.020000003278255463,0.02000000000000002
Average,0.016666668156782787,0.003333333333333336,0.02333333094914754,0.0066666666666666706,0.013333335518836975,0.0,0.0,0.003333333333333336,0.003333332637945811,0.0,0.020000003278255463,0.02
