DeleteDataRealTime,DeleteDataCPUTime,LoadDataRealTime,LoadDataCPUTime,CreateIndexXRealTime,CreateIndexXCPUTime,CreateIndexYRealTime,CreateIndexYCPUTime,QueryRealTime,QueryCPUTime,WriteResultRealTime,WriteResultCPUTime
0.009999997913837433,0.0,0.01000000536441803,0.02000000000000001,0.009999997913837433,0.0,0.0,0.0,0.0,0.0,0.019999995827674866,0.01000000000000001
0.009999997913837433,0.010000000000000009,0.019999995827674866,0.0,0.01000000536441803,0.0,0.0,0.0,0.009999997913837433,0.0,0.009999997913837433,0.010000000000000009
0.009999997913837433,0.020000000000000004,0.030000001192092896,0.0,0.009999997913837433,0.0,0.0,0.0,0.0,0.0,0.009999997913837433,0.009999999999999955
Average,0.009999997913837433,0.010000000000000004,0.020000000794728596,0.0066666666666666706,0.010000000397364298,0.0,0.0,0.0,0.003333332637945811,0.0,0.013333330551783243,0.00999999999999999
