CreateTableRealTime,CreateTableCPUTime,LoadDataRealTime,LoadDataCPUTime,CreateIndexRealTime,CreateIndexCPUTime,AnalyzeRealTime,AnalyzeCPUTime,ExecuteQueryRealTime,ExecuteQueryCPUTime,WriteResultRealTime,WriteResultCPUTime
0.00037354097003117204,0.00033199999999999896,0.0007029999978840351,0.0006700000000000039,0.00033720803912729025,0.0003650000000000042,5.166599294170737e-05,6.80000000000125e-05,0.0006314580095931888,0.0007199999999999984,0.00035129202296957374,0.0005550000000000277
0.0003367500030435622,0.0003049999999999997,0.0006980830221436918,0.0006740000000000079,0.0003046669880859554,0.0003509999999999902,5.666702054440975e-05,7.199999999996098e-05,0.0007238750113174319,0.0010639999999999539,0.00042100000428035855,0.00044800000000000395
0.00035729201044887304,0.0003250000000000197,0.000638832978438586,0.0006470000000000087,0.00034024997148662806,0.0003809999999999647,5.299999611452222e-05,6.599999999995498e-05,0.0007209169561974704,0.0010919999999999819,0.00041437498293817043,0.0004449999999999732
0.00036395800998434424,0.00032200000000004447,0.0006552920094691217,0.0006729999999999792,0.00029375002486631274,0.0003450000000000397,4.179199459031224e-05,5.3999999999998494e-05,0.0006266249692998827,0.0007769999999999722,0.00037887500366196036,0.00040400000000001546
0.0003593749715946615,0.0003290000000000237,0.0007223329739645123,0.0007149999999999657,0.0003666250267997384,0.00033600000000000296,5.47909876331687e-05,7.300000000004525e-05,0.0009431249927729368,0.0011740000000000084,0.0004792920080944896,0.0005089999999999817
Average,0.0003581831930205226,0.00032260000000001733,0.0006835081963799894,0.0006757999999999931,0.000328500010073185,0.00035560000000000035,5.1583198364824055e-05,6.659999999999444e-05,0.0007291999878361821,0.0009653999999999829,0.00040896680438891054,0.0004722000000000004
