CreateTableRealTime,CreateTableCPUTime,LoadDataRealTime,LoadDataCPUTime,CreateIndexRealTime,CreateIndexCPUTime,AnalyzeRealTime,AnalyzeCPUTime,ExecuteQueryRealTime,ExecuteQueryCPUTime,WriteResultRealTime,WriteResultCPUTime
0.0003647500416263938,0.00034399999999995545,0.0006720409728586674,0.0006689999999999752,0.0003474590484984219,0.00037600000000004297,4.945899127051234e-05,7.299999999998974e-05,0.0006709589506499469,0.0008739999999999859,0.0004105829866603017,0.0004449999999999732
0.0003426669863983989,0.0003429999999999822,0.0005902500124648213,0.0006030000000000202,0.00028662499971687794,0.0003289999999999682,6.683298852294683e-05,8.900000000000574e-05,0.0007326669874601066,0.0012680000000000469,0.0004964999970979989,0.0007519999999999749
0.00033666699891909957,0.00033400000000000096,0.0006542920018546283,0.0006680000000000019,0.0003237499622628093,0.00036599999999997745,7.654196815565228e-05,9.700000000001374e-05,0.0006820000126026571,0.0008169999999999566,0.0004736669943667948,0.0005120000000000124
0.0003547079977579415,0.0003469999999999862,0.0006455829716287553,0.0007079999999999864,0.0003307919832877815,0.0004430000000000267,4.837499000132084e-05,6.20000000000065e-05,0.0006121249753050506,0.0007919999999999594,0.0005056250374764204,0.0007969999999999922
0.00035420904168859124,0.00034400000000001096,0.0005992499645799398,0.0006140000000000034,0.0003148330142721534,0.0003689999999999527,4.716601688414812e-05,7.099999999998774e-05,0.0005871659959666431,0.0007470000000000532,0.00046020798617973924,0.0006669999999999732
Average,0.000350600213278085,0.0003423999999999872,0.0006322831846773625,0.0006523999999999974,0.0003206918016076088,0.0003765999999999936,5.767499096691609e-05,7.840000000000069e-05,0.0006569833843968808,0.0008996000000000004,0.000469316600356251,0.0006345999999999852
