CreateTableRealTime,CreateTableCPUTime,LoadDataRealTime,LoadDataCPUTime,CreateIndexRealTime,CreateIndexCPUTime,AnalyzeRealTime,AnalyzeCPUTime,ExecuteQueryRealTime,ExecuteQueryCPUTime,WriteResultRealTime,WriteResultCPUTime
0.0064032639998004015,0.0012727000000000155,0.006779390999781754,0.0022355000000000014,0.006543561999933445,0.0022607000000000044,0.0006100420000620943,0.0008159999999999834,0.00822835999997551,0.005132499999999984,0.0011379729999134724,0.0012215999999999894
0.008521569000095042,0.0022981999999999725,0.006513965000067401,0.004427400000000026,0.00685113999998066,0.002417400000000014,0.0005251739999039273,0.0007120999999999933,0.008791973999905167,0.007279099999999983,0.0017703839998830517,0.0019314000000000275
Average,0.007462416499947722,0.001785449999999994,0.006646677999924577,0.0033314500000000136,0.006697350999957052,0.002339050000000009,0.0005676079999830108,0.0007640499999999883,0.008510166999940338,0.0062057999999999836,0.001454178499898262,0.0015765000000000085
