CreateTableRealTime,CreateTableCPUTime,LoadDataRealTime,LoadDataCPUTime,CreateIndexRealTime,CreateIndexCPUTime,AnalyzeRealTime,AnalyzeCPUTime,ExecuteQueryRealTime,ExecuteQueryCPUTime,WriteResultRealTime,WriteResultCPUTime
0.00036829098826274276,0.00034000000000000696,0.0005727080279029906,0.0005539999999999989,0.0003203750238753855,0.0003710000000000102,7.06670107319951e-05,8.500000000000174e-05,0.000668874999973923,0.0009759999999999769,0.0003600000054575503,0.0004450000000000287
0.0003279169904999435,0.0003210000000000157,0.0005576250259764493,0.0005740000000000189,0.0003327499725855887,0.00037599999999998746,4.9124995712190866e-05,6.500000000003725e-05,0.0006620410131290555,0.0007900000000000129,0.0032802500063553452,0.0006479999999999819
0.00035166600719094276,0.0003529999999999922,0.0005675000138580799,0.0006339999999999679,0.0002871659817174077,0.0003150000000000097,5.7416968047618866e-05,7.099999999998774e-05,0.0005380419897846878,0.0007429999999999937,0.00045879202662035823,0.0007349999999999857
0.00033054198138415813,0.00033600000000000296,0.000560667016543448,0.0005700000000000149,0.0003469999646767974,0.0003890000000000282,7.47920130379498e-05,0.00011099999999997223,0.0005815000040456653,0.0007400000000000184,0.000439791998360306,0.00046600000000002195
0.00035604200093075633,0.00032999999999999696,0.0005565409664995968,0.0005319999999999769,0.00036812498001381755,0.0004049999999999887,7.00420350767672e-05,8.999999999997899e-05,0.0006876669940538704,0.0009230000000000071,0.0005075410008430481,0.0005359999999999809
Average,0.0003468915936537087,0.00033600000000000296,0.0005630082101561129,0.0005727999999999955,0.00033108318457379936,0.00037120000000000485,6.440860452130436e-05,8.439999999999559e-05,0.0006276250001974404,0.0008344000000000019,0.0010092750075273217,0.0005659999999999999
