CreateTableRealTime,CreateTableCPUTime,LoadDataRealTime,LoadDataCPUTime,CreateIndexRealTime,CreateIndexCPUTime,AnalyzeRealTime,AnalyzeCPUTime,ExecuteQueryRealTime,ExecuteQueryCPUTime,WriteResultRealTime,WriteResultCPUTime
0.0003634589957073331,0.00032399999999999096,0.000689124979544431,0.0006709999999999772,0.0004164580022916198,0.0004569999999999852,7.12500186637044e-05,8.900000000000574e-05,0.0006116249714978039,0.0007909999999999862,0.00032820896012708545,0.00035999999999997145
0.0003642090014182031,0.0003330000000000277,0.0006578749744221568,0.0006589999999999652,0.0003179169725626707,0.0003730000000000122,5.845900159329176e-05,7.099999999998774e-05,0.0006205420359037817,0.0009070000000000467,0.0004383749910630286,0.0006490000000000107
0.0003381670103408396,0.00032599999999999296,0.0006362079875543714,0.0006329999999999947,0.00037533300928771496,0.0003830000000000222,8.754199370741844e-05,0.00010799999999999699,0.0007657499518245459,0.0009170000000000011,0.00044608302414417267,0.00048199999999998244
0.0003292909823358059,0.00032799999999999496,0.0010774169932119548,0.0008130000000000082,0.0005444590351544321,0.0006240000000000134,6.512500112876296e-05,8.40000000000285e-05,0.002849999989848584,0.0009010000000000407,0.0004380419850349426,0.00046600000000002195
0.0003321249969303608,0.00032799999999999496,0.0007197080412879586,0.0007780000000000009,0.000305499997921288,0.0004210000000000047,5.35410363227129e-05,8.00000000000245e-05,0.00056975003099069,0.0008130000000000082,0.0004927080008201301,0.0007059999999999844
Average,0.0003454501973465085,0.0003278000000000003,0.0007560665952041745,0.0007107999999999892,0.0003919334034435451,0.00045160000000000756,6.718341028317809e-05,8.640000000000869e-05,0.001083533396013081,0.0008658000000000166,0.00042868339223787186,0.0005325999999999942
