CreateTableRealTime,CreateTableCPUTime,LoadDataRealTime,LoadDataCPUTime,CreateIndexRealTime,CreateIndexCPUTime,AnalyzeRealTime,AnalyzeCPUTime,ExecuteQueryRealTime,ExecuteQueryCPUTime,WriteResultRealTime,WriteResultCPUTime
0.008667844000228797,0.0023798999999999904,0.005722762999994302,0.0024695000000000134,0.007181106999723852,0.002688299999999977,0.0006958850003684347,0.0009438999999999975,0.0069373110000015,0.0060605999999999716,0.0014471539998339722,0.0020834999999999604
0.009051469000041834,0.002735500000000002,0.009566489000008005,0.006686799999999993,0.007357265000337065,0.0030730999999999953,0.0004937889998473111,0.000663899999999995,0.006365676999848802,0.004277400000000042,0.0011596059998737474,0.0013111000000000095
Average,0.008859656500135316,0.002557699999999996,0.0076446260000011534,0.004578150000000003,0.007269186000030459,0.002880699999999986,0.0005948370001078729,0.0008038999999999963,0.006651493999925151,0.005169000000000007,0.0013033799998538598,0.001697299999999985
