CreateTableRealTime,CreateTableCPUTime,LoadDataRealTime,LoadDataCPUTime,CreateIndexRealTime,CreateIndexCPUTime,AnalyzeRealTime,AnalyzeCPUTime,ExecuteQueryRealTime,ExecuteQueryCPUTime,WriteResultRealTime,WriteResultCPUTime
0.005602080999778991,0.0015972000000000208,0.006926383000063652,0.0033149000000000095,0.0057529780001459585,0.0017268000000000283,0.000503099000070506,0.0006639999999999979,0.007213202999992063,0.003916299999999984,0.0009879569997792714,0.0010602000000000111
0.005747442000028968,0.0014789000000000052,0.00702461500031859,0.0028868000000000227,0.006138337000265892,0.0019974999999999854,0.0004140790001656569,0.0005221999999999727,0.007555565000075148,0.004427100000000017,0.0013548819997595274,0.0014463999999999588
Average,0.00567476149990398,0.001538050000000013,0.006975499000191121,0.003100850000000016,0.005945657500205925,0.0018621500000000069,0.00045858900011808146,0.0005930999999999853,0.007384384000033606,0.0041717,0.0011714194997693994,0.001253299999999985
