CreateTableRealTime,CreateTableCPUTime,LoadDataRealTime,LoadDataCPUTime,CreateIndexRealTime,CreateIndexCPUTime,AnalyzeRealTime,AnalyzeCPUTime,ExecuteQueryRealTime,ExecuteQueryCPUTime,WriteResultRealTime,WriteResultCPUTime
0.00035624997690320015,0.0003489999999999882,0.0012667079572565854,0.0011120000000000019,0.0004194999928586185,0.00048000000000003595,5.866598803550005e-05,7.40000000000185e-05,0.0006809170008637011,0.0008779999999999899,0.0004194999928586185,0.0005530000000000257
0.00037629203870892525,0.0003569999999999962,0.0010273340158164501,0.0010499999999999954,0.00038350000977516174,0.0004370000000000207,5.7917030062526464e-05,7.100000000004325e-05,0.000786542019341141,0.0011260000000000159,0.0006112080300226808,0.0008870000000000267
0.000378625001758337,0.00036400000000003097,0.0010607920121401548,0.0010479999999999934,0.0004765420453622937,0.0005699999999999594,6.954203126952052e-05,9.20000000000365e-05,0.0007888749823905528,0.0010789999999999966,0.0006149999680928886,0.0010410000000000141
0.00037645897828042507,0.0003589999999999982,0.0010386659996584058,0.001044000000000045,0.0004361249739304185,0.0004549999999999832,6.991700502112508e-05,9.399999999998299e-05,0.0007171250181272626,0.0009660000000000224,0.0005598749849013984,0.0008309999999999707
0.00033354194601997733,0.00033400000000000096,0.0011371670407243073,0.0011579999999999924,0.0003780410042963922,0.00042800000000003946,6.137503078207374e-05,7.899999999999574e-05,0.0007309590000659227,0.0009870000000000156,0.0005192499957047403,0.0005430000000000157
Average,0.000364233588334173,0.00035260000000000293,0.0011061334051191806,0.0010824000000000055,0.00041874160524457693,0.0004740000000000077,6.348341703414917e-05,8.20000000000154e-05,0.0007408836041577161,0.001007200000000008,0.0005449665943160654,0.0007710000000000106
