CreateTableRealTime,CreateTableCPUTime,LoadDataRealTime,LoadDataCPUTime,CreateIndexRealTime,CreateIndexCPUTime,AnalyzeRealTime,AnalyzeCPUTime,ExecuteQueryRealTime,ExecuteQueryCPUTime,WriteResultRealTime,WriteResultCPUTime
0.0003452500095590949,0.00033800000000000496,0.0008499589748680592,0.0006979999999999764,0.0003389160265214741,0.00036399999999997545,4.75000124424696e-05,6.80000000000125e-05,0.0007122500101104379,0.0009649999999999936,0.00042758299969136715,0.0005259999999999709
0.00034854200202971697,0.0003509999999999902,0.0007348330109380186,0.0008940000000000059,0.0003506249631755054,0.0005040000000000044,4.5874970965087414e-05,5.699999999997374e-05,0.0007595000206492841,0.0010290000000000021,0.0004895839956589043,0.0008029999999999982
0.00038654200034216046,0.0003630000000000022,0.0006719169905409217,0.0006839999999999624,0.00031587498961016536,0.0003510000000000457,5.383399548009038e-05,7.599999999996498e-05,0.0006762499688193202,0.0010970000000000146,0.000489042024128139,0.0006680000000000019
0.0003381249844096601,0.0003369999999999762,0.0007056250469759107,0.0007260000000000044,0.00032595801167190075,0.00037599999999998746,6.29170099273324e-05,7.60000000000205e-05,0.0006145000224933028,0.0008019999999999694,0.0004696659743785858,0.0007129999999999637
0.00034783303271979094,0.0003469999999999862,0.0007462089997716248,0.0008180000000000409,0.000306959031149745,0.00033800000000000496,5.208299262449145e-05,7.699999999999374e-05,0.0005977919790893793,0.0007840000000000069,0.00043341697892174125,0.00047199999999997244
Average,0.0003532584058120847,0.00034719999999999196,0.000741708604618907,0.000763999999999998,0.00032766660442575815,0.0003866000000000036,5.2441796287894246e-05,7.079999999999309e-05,0.0006720584002323449,0.0009353999999999974,0.0004618583945557475,0.0006363999999999814
