CreateTableRealTime,CreateTableCPUTime,LoadDataRealTime,LoadDataCPUTime,CreateIndexRealTime,CreateIndexCPUTime,AnalyzeRealTime,AnalyzeCPUTime,ExecuteQueryRealTime,ExecuteQueryCPUTime,WriteResultRealTime,WriteResultCPUTime
0.0003854589886032045,0.00037399999999998546,0.0006941659958101809,0.0007150000000000212,0.0003047090140171349,0.0003509999999999902,4.7042034566402435e-05,6.099999999997774e-05,0.0006617910112254322,0.0009119999999999684,0.0003642920055426657,0.0005370000000000097
0.00031533295987173915,0.0003210000000000157,0.0006806669989600778,0.0006900000000000239,0.00034145801328122616,0.00038799999999999946,6.345799192786217e-05,7.699999999999374e-05,0.0005545419990085065,0.0006559999999999899,0.0004484590026549995,0.0006669999999999732
0.00034141598735004663,0.0003489999999999882,0.0007122079841792583,0.0007739999999999969,0.0003448330098763108,0.0004549999999999832,8.037500083446503e-05,0.00010999999999999899,0.00083183404058218,0.0012449999999999961,0.0004663339932449162,0.0007770000000000277
0.00035979197127744555,0.0003310000000000257,0.0007270419737324119,0.0007050000000000112,0.0004260829882696271,0.0004170000000000007,8.058402454480529e-05,0.00010799999999999699,0.0006633750163018703,0.0008840000000000514,0.0004589579766616225,0.0006689999999999752
0.00038187496829777956,0.00035200000000001896,0.0007436249870806932,0.0007240000000000024,0.0003452919772826135,0.00039400000000000546,6.379099795594811e-05,7.799999999996698e-05,0.0005851659807376564,0.0007379999999999609,0.00044233299558982253,0.0004850000000000132
Average,0.0003567749750800431,0.0003454000000000068,0.0007115415879525244,0.0007216000000000111,0.0003524750005453825,0.0004009999999999958,6.70500099658966e-05,8.679999999998689e-05,0.0006593416095711291,0.0008869999999999934,0.0004360751947388053,0.0006269999999999997
