CreateTableRealTime,CreateTableCPUTime,LoadDataRealTime,LoadDataCPUTime,CreateIndexRealTime,CreateIndexCPUTime,AnalyzeRealTime,AnalyzeCPUTime,ExecuteQueryRealTime,ExecuteQueryCPUTime,WriteResultRealTime,WriteResultCPUTime
0.00614588400003413,0.0012905000000000277,0.007385737000277004,0.0037065000000000015,0.006462927000029595,0.0019502999999999604,0.000496052000016789,0.0006697999999999982,0.005986607000068034,0.004138499999999989,0.0011436150002737122,0.0012370000000000436
0.00578933099995993,0.0015965000000000007,0.006712592999974731,0.0030372000000000177,0.005878845000097499,0.0017814999999999914,0.00036881500000163214,0.0004943000000000031,0.005298933999711153,0.0038185000000000024,0.000996245999886014,0.0014451999999999798
Average,0.00596760749999703,0.0014435000000000142,0.007049165000125868,0.0033718500000000096,0.006170886000063547,0.001865899999999976,0.00043243350000921055,0.0005820500000000006,0.005642770499889593,0.003978499999999996,0.0010699305000798631,0.0013411000000000117
