CreateTableRealTime,CreateTableCPUTime,LoadDataRealTime,LoadDataCPUTime,CreateIndexRealTime,CreateIndexCPUTime,AnalyzeRealTime,AnalyzeCPUTime,ExecuteQueryRealTime,ExecuteQueryCPUTime,WriteResultRealTime,WriteResultCPUTime
0.00035695801489055157,0.00034599999999995745,0.0008364999666810036,0.0008099999999999774,0.0004013329744338989,0.00043399999999998995,7.025001104921103e-05,9.300000000000974e-05,0.0007412920240312815,0.0011209999999999831,0.00037987501127645373,0.0004770000000000052
0.00038425001548603177,0.00036200000000002897,0.0008604580070823431,0.0008380000000000054,0.0003844170132651925,0.00042000000000003146,6.770901381969452e-05,9.100000000000774e-05,0.0007700420101173222,0.0009139999999999704,0.0005576249677687883,0.0008699999999999819
0.00033720798091962934,0.0003350000000000297,0.0008559999987483025,0.0008759999999999879,0.00033479201374575496,0.0003810000000000202,5.100003909319639e-05,6.699999999998374e-05,0.0008387499838136137,0.0012039999999999829,0.0004963339888490736,0.0005249999999999977
0.0003559170290827751,0.00033800000000000496,0.0008095420198515058,0.0008239999999999914,0.0005181659944355488,0.0004250000000000087,7.237499812617898e-05,8.999999999997899e-05,0.0007632920169271529,0.0011829999999999896,0.0005520829581655562,0.0007870000000000377
0.00035208300687372684,0.0003489999999999882,0.000854582991451025,0.0008709999999999551,0.0003748750314116478,0.0005310000000000037,8.070800686255097e-05,0.00010500000000002174,0.0007689589983783662,0.0008970000000000367,0.000558124971576035,0.0005989999999999607
Average,0.0003572832094505429,0.00034600000000000185,0.000843416596762836,0.0008437999999999834,0.00040271660545840857,0.0004382000000000108,6.840841379016638e-05,8.920000000000039e-05,0.0007764670066535473,0.0010637999999999926,0.0005088083795271814,0.0006515999999999966
