CreateTableRealTime,CreateTableCPUTime,LoadDataRealTime,LoadDataCPUTime,CreateIndexRealTime,CreateIndexCPUTime,AnalyzeRealTime,AnalyzeCPUTime,ExecuteQueryRealTime,ExecuteQueryCPUTime,WriteResultRealTime,WriteResultCPUTime
0.0,0.0,0.009999997913837433,0.0,0.009999997913837433,0.010000000000000009,0.0,0.0,0.01000000536441803,0.0,0.0,0.0
0.0,0.0,0.01000000536441803,0.0,0.009999997913837433,0.0,0.0,0.0,0.009999997913837433,0.010000000000000002,0.0,0.0
0.0,0.0,0.009999997913837433,0.0,0.01000000536441803,0.0,0.0,0.0,0.0,0.020000000000000007,0.0,0.0
Average,0.0,0.0,0.010000000397364298,0.0,0.010000000397364298,0.003333333333333336,0.0,0.0,0.0066666677594184875,0.010000000000000004,0.0,0.0
