environment,real_time,size,position,factor
duckdb,0.0012508417945355176,1000,1,
xsb,0.0013750076293945301,1000,2,109.92658187481811
postgres,0.012374483398161829,1000,3,899.9574354078893
mariadb,0.053783433395437896,1000,4,434.6317471598626
cockroachdb,0.24046079999534414,1000,5,447.09083227799454
