environment,cpu_time,size,position,factor
postgres,2.5600000000003397e-05,1000,1,
mariadb,0.00012519999999999198,1000,2,489.0624999999038
cockroachdb,0.0001439999999999886,1000,3,115.01597444089282
xsb,0.0012980000000000001,1000,4,901.3888888889603
duckdb,0.0018944000000000072,1000,5,145.9476117103241
