DeleteDataRealTime,DeleteDataCPUTime,LoadDataRealTime,LoadDataCPUTime,CreateIndexXRealTime,CreateIndexXCPUTime,CreateIndexYRealTime,CreateIndexYCPUTime,QueryRealTime,QueryCPUTime,WriteResultRealTime,WriteResultCPUTime
0.011927550000109477,0.005851299999999782,0.03127095299987559,0.0009823999999998279,0.018175754999901983,0.0010792999999997832,0.0019330860000081884,0.0007671999999998569,0.0019166350002706167,0.0006567000000003986,0.521216956999524,0.03306639999999961
0.01231588099972214,0.005435700000000043,0.02716225399990435,0.001084000000000085,0.01441447099978177,0.0011326000000000391,0.002780571000130294,0.000932300000000108,0.0018771000000015192,0.0007969999999999366,0.6066438409998227,0.038346699999999956
Average,0.012121715499915808,0.0056434999999999125,0.02921660349988997,0.0010331999999999564,0.016295112999841876,0.0011059499999999112,0.0023568285000692413,0.0008497499999999825,0.001896867500136068,0.0007268500000001676,0.5639303989996733,0.03570654999999978
