DeleteDataRealTime,DeleteDataCPUTime,LoadDataRealTime,LoadDataCPUTime,CreateIndexXRealTime,CreateIndexXCPUTime,CreateIndexYRealTime,CreateIndexYCPUTime,QueryRealTime,QueryCPUTime,WriteResultRealTime,WriteResultCPUTime
0.016155291988980025,0.0018560000000000243,0.05109533402719535,0.00036399999999997545,0.01297670800704509,0.0006540000000000434,0,0,0.013426999998046085,0.0004149999999999987,0.06989025001530536,0.059031
0.02090862498153001,0.0021840000000000193,0.04126924998126924,0.00035400000000002096,0.01090829199529253,0.0006190000000000362,0,0,0.00048325001262128353,0.0003280000000000505,0.06745383399538696,0.05507400000000001
0.0186935419915244,0.0018229999999999635,0.04941608299850486,0.00037599999999998746,0.012396167003316805,0.0006720000000000059,0,0,0.0005358329799491912,0.00031600000000003847,0.0705038330052048,0.055701999999999974
0.019329458009451628,0.0019500000000000073,0.04699625002103858,0.0003969999999999807,0.013324332976480946,0.0008150000000000102,0,0,0.0006777499802410603,0.00042599999999998195,0.06343654199736193,0.05313800000000002
0.018845209007849917,0.001798999999999995,0.04607495799427852,0.00032399999999999096,0.012082208995707333,0.0007469999999999977,0,0,0.00048241601325571537,0.00026799999999999047,0.0720417500124313,0.05560599999999999
Average,0.018786425195867196,0.0019224000000000018,0.04697037500445731,0.0003629999999999911,0.01233754179556854,0.0007014000000000187,0.0,0.0,0.0031212497968226673,0.000350600000000012,0.06866524180513807,0.0557102
