DeleteDataRealTime,DeleteDataCPUTime,LoadDataRealTime,LoadDataCPUTime,CreateIndexXRealTime,CreateIndexXCPUTime,CreateIndexYRealTime,CreateIndexYCPUTime,QueryRealTime,QueryCPUTime,WriteResultRealTime,WriteResultCPUTime
0.02090732000033313,0.006303700000000023,0.06388631500067277,0.0010722000000000231,0.03301039699999819,0.0010325999999999946,0.003505958000459941,0.001035100000000011,0.0028938830000697635,0.0012437000000000142,3.6354978809995373,0.12202960000000002
0.02662162900014664,0.006523100000000004,0.06153001700022287,0.001113500000000045,0.031164816999989853,0.0014777999999999736,0.002622604999487521,0.001113900000000001,0.0019272980007372098,0.0008780999999999928,3.494060257999081,0.12651319999999994
Average,0.023764474500239885,0.0064134000000000135,0.06270816600044782,0.001092850000000034,0.03208760699999402,0.001255199999999984,0.003064281499973731,0.001074500000000006,0.0024105905004034867,0.0010609000000000035,3.564779069499309,0.12427139999999998
