DeleteDataRealTime,DeleteDataCPUTime,LoadDataRealTime,LoadDataCPUTime,CreateIndexXRealTime,CreateIndexXCPUTime,CreateIndexYRealTime,CreateIndexYCPUTime,QueryRealTime,QueryCPUTime,WriteResultRealTime,WriteResultCPUTime
0.01303452499996638,0.005830900000000083,0.07253242300021157,0.0009433000000000913,0.020948622000105388,0.0010078999999998395,0.0024828460000207997,0.0008212999999999138,0.0019179169999006263,0.000742699999999985,1.5171723560001737,0.06760160000000015
0.013446361999740475,0.006135699999999744,0.031819327999983216,0.0009615999999996738,0.01742087200000242,0.0010519000000002166,0.0025040330001502298,0.0010542000000000051,0.0015113080003175128,0.0006905000000001493,1.408794878999288,0.05920419999999993
Average,0.013240443499853427,0.005983299999999914,0.05217587550009739,0.0009524499999998826,0.019184747000053903,0.001029900000000028,0.0024934395000855147,0.0009377499999999594,0.0017146125001090695,0.0007166000000000672,1.4629836174997308,0.06340290000000004
