DeleteDataRealTime,DeleteDataCPUTime,LoadDataRealTime,LoadDataCPUTime,CreateIndexXRealTime,CreateIndexXCPUTime,CreateIndexYRealTime,CreateIndexYCPUTime,QueryRealTime,QueryCPUTime,WriteResultRealTime,WriteResultCPUTime
0.010664374975021929,0.0020840000000000303,0.024871083995094523,0.00032999999999999696,0.008946957997977734,0.0005149999999999877,0,0,0.0004892500001005828,0.00029600000000001847,0.03246141699492,0.021338000000000024
0.01428699999814853,0.0022399999999999642,0.033491167007014155,0.00032799999999999496,0.007483249995857477,0.0005290000000000017,0,0,0.0004856669984292239,0.0003240000000000465,0.03202033299021423,0.022338000000000025
0.010602000023936853,0.0019359999999999933,0.03338179099955596,0.0003589999999999982,0.009792042023036629,0.00048799999999998844,0,0,0.000483584008179605,0.0003169999999999562,0.03544970799703151,0.022619
0.013420166011201218,0.0018479999999999608,0.030277332989498973,0.0002950000000000452,0.007907291001174599,0.0005740000000000189,0,0,0.00040791701758280396,0.00023399999999995647,0.03483608298120089,0.022497000000000045
0.012908459000755101,0.0021100000000000008,0.028579166013514623,0.0004050000000000442,0.009224375011399388,0.0005809999999999982,0,0,0.0004175000067334622,0.0002730000000000232,0.031869875005213544,0.02190099999999995
Average,0.012376400001812726,0.00204359999999999,0.030120108200935646,0.00034340000000001594,0.008670783205889165,0.000537399999999999,0.0,0.0,0.00045678360620513556,0.0002888000000000002,0.033327483193716034,0.02213860000000001
