DeleteDataRealTime,DeleteDataCPUTime,LoadDataRealTime,LoadDataCPUTime,CreateIndexXRealTime,CreateIndexXCPUTime,CreateIndexYRealTime,CreateIndexYCPUTime,QueryRealTime,QueryCPUTime,WriteResultRealTime,WriteResultCPUTime
0.020000003278255463,0.010000000000000009,0.03999999910593033,0.0,0.019999995827674866,0.0,0.0,0.0,0.0,0.0,2.5700000002980232,0.10000000000000003
0.020000003278255463,0.0,0.03999999910593033,0.0,0.030000001192092896,0.0,0.0,0.0,0.0,0.0,2.559999994933605,0.09999999999999995
0.01000000536441803,0.010000000000000009,0.04999999701976776,0.0,0.020000003278255463,0.0,0.009999997913837433,0.0,0.0,0.0,2.5700000002980232,0.09999999999999998
Average,0.01666667064030965,0.006666666666666672,0.04333333174387614,0.0,0.023333333432674408,0.0,0.003333332637945811,0.0,0.0,0.0,2.5666666651765504,0.09999999999999998
