DeleteDataRealTime,DeleteDataCPUTime,LoadDataRealTime,LoadDataCPUTime,CreateIndexXRealTime,CreateIndexXCPUTime,CreateIndexYRealTime,CreateIndexYCPUTime,QueryRealTime,QueryCPUTime,WriteResultRealTime,WriteResultCPUTime
0.009999997913837433,0.0,0.03999999910593033,0.0,0.009999997913837433,0.02000000000000001,0.009999997913837433,0.0,0.040000006556510925,0.0,0.9199999943375587,0.05999999999999999
0.009999997913837433,0.0,0.10999999940395355,0.0,0.020000003278255463,0.0,0.0,0.0,0.0,0.010000000000000009,0.9900000020861626,0.049999999999999975
0.020000003278255463,0.0,0.030000001192092896,0.0,0.019999995827674866,0.0,0.0,0.01000000000000001,0.0,0.0,1.0500000044703484,0.049999999999999975
Average,0.01333333303531011,0.0,0.05999999990065893,0.0,0.01666666567325592,0.0066666666666666706,0.003333332637945811,0.003333333333333337,0.013333335518836975,0.003333333333333336,0.9866666669646899,0.05333333333333331
