DeleteDataRealTime,DeleteDataCPUTime,LoadDataRealTime,LoadDataCPUTime,CreateIndexXRealTime,CreateIndexXCPUTime,CreateIndexYRealTime,CreateIndexYCPUTime,QueryRealTime,QueryCPUTime,WriteResultRealTime,WriteResultCPUTime
0.014071677000174532,0.006803499999999962,0.05937570500009315,0.0011260000000000159,0.023164450000876968,0.0011477999999999766,0.003992036000454391,0.0011683999999999584,0.04350095799964038,0.001039100000000015,0.5777983250009129,0.04669169999999995
0.020105908000005,0.009278999999999982,0.037825400999281555,0.001136299999999979,0.01626637099980144,0.0009636000000000089,0.002417009000055259,0.0009085000000000343,0.0017886770001496188,0.0008692000000000144,0.6419217029997526,0.051591900000000024
Average,0.017088792500089767,0.008041249999999972,0.04860055299968735,0.0011311499999999974,0.019715410500339203,0.0010556999999999928,0.003204522500254825,0.0010384499999999963,0.022644817499894998,0.0009541500000000147,0.6098600140003327,0.049141799999999985
