DeleteDataRealTime,DeleteDataCPUTime,LoadDataRealTime,LoadDataCPUTime,CreateIndexXRealTime,CreateIndexXCPUTime,CreateIndexYRealTime,CreateIndexYCPUTime,QueryRealTime,QueryCPUTime,WriteResultRealTime,WriteResultCPUTime
0.009999997913837433,0.0,0.030000001192092896,0.010000000000000009,0.009999997913837433,0.0,0.0,0.0,0.0,0.0,0.24000000208616257,0.029999999999999978
0.009999997913837433,0.01000000000000001,0.030000001192092896,0.0,0.009999997913837433,0.0,0.0,0.0,0.0,0.0,0.26999999582767487,0.029999999999999978
0.009999997913837433,0.0,0.020000003278255463,0.0,0.009999997913837433,0.0,0.01000000536441803,0.0,0.0,0.0,0.2199999988079071,0.029999999999999978
Average,0.009999997913837433,0.003333333333333337,0.026666668554147083,0.003333333333333336,0.009999997913837433,0.0,0.0033333351214726767,0.0,0.0,0.0,0.2433333322405815,0.02999999999999998
