DeleteDataRealTime,DeleteDataCPUTime,LoadDataRealTime,LoadDataCPUTime,CreateIndexXRealTime,CreateIndexXCPUTime,CreateIndexYRealTime,CreateIndexYCPUTime,QueryRealTime,QueryCPUTime,WriteResultRealTime,WriteResultCPUTime
0.01000000536441803,0.0,0.03999999910593033,0.0,0.030000001192092896,0.0,0.0,0.009999999999999997,0.0,0.0,2.9099999964237213,0.10999999999999999
0.009999997913837433,0.0,0.05000000447034836,0.0,0.019999995827674866,0.0,0.0,0.0,0.0,0.010000000000000004,2.910000003874302,0.09999999999999996
0.009999997913837433,0.02000000000000001,0.03999999910593033,0.0,0.020000003278255463,0.0,0.0,0.0,0.009999997913837433,0.0,2.839999996125698,0.11999999999999998
Average,0.010000000397364298,0.0066666666666666706,0.04333333422740301,0.0,0.023333333432674408,0.0,0.0,0.0033333333333333322,0.003333332637945811,0.0033333333333333344,2.8866666654745736,0.10999999999999999
