DeleteDataRealTime,DeleteDataCPUTime,LoadDataRealTime,LoadDataCPUTime,CreateIndexXRealTime,CreateIndexXCPUTime,CreateIndexYRealTime,CreateIndexYCPUTime,QueryRealTime,QueryCPUTime,WriteResultRealTime,WriteResultCPUTime
0.016722497000046133,0.006479100000000015,0.08730018799997197,0.0010480999999999963,0.03664894000030472,0.0010883999999999894,0.002281973999743059,0.0009633000000000003,0.0017857350003396277,0.0008407999999999749,2.454136035999909,0.10872800000000005
0.016424821000327938,0.006741699999999962,0.0467448819999845,0.0010549000000000808,0.030841466000310902,0.0011281000000000763,0.0025840259995675297,0.0010335000000000205,0.002684856999621843,0.0011985999999999386,2.57852438000009,0.11075310000000005
Average,0.016573659000187035,0.0066103999999999885,0.06702253499997823,0.0010515000000000385,0.03374520300030781,0.0011082500000000328,0.0024329999996552942,0.0009984000000000104,0.0022352959999807354,0.0010196999999999568,2.5163302079999994,0.10974055000000005
