DeleteDataRealTime,DeleteDataCPUTime,LoadDataRealTime,LoadDataCPUTime,CreateIndexXRealTime,CreateIndexXCPUTime,CreateIndexYRealTime,CreateIndexYCPUTime,QueryRealTime,QueryCPUTime,WriteResultRealTime,WriteResultCPUTime
0.014616524000302888,0.005961200000000222,0.04890397799999846,0.000985900000000317,0.02332015299998602,0.0009089000000002123,0.0023436340002263023,0.0007954000000003347,0.001992585000152758,0.0008124000000000464,3.374157822000143,0.09223489999999979
0.016016271999887977,0.006336899999999979,0.04777318700007527,0.0010159000000000695,0.029671877000055247,0.001040800000000175,0.003058703000078822,0.0007552999999997922,0.0017504879997432,0.0007291999999998744,3.438609139000164,0.09774189999999994
Average,0.015316398000095433,0.0061490500000001,0.048338582500036864,0.0010009000000001933,0.026496015000020634,0.0009748500000001936,0.002701168500152562,0.0007753500000000635,0.0018715364999479789,0.0007707999999999604,3.4063834805001534,0.09498839999999986
