environment,cpu_time,size,position,factor
mariadb,0.00012805000000001843,400,1,
postgres,0.00016214999999997204,400,2,0.789700894233984
cockroachdb,0.00017839999999999523,400,3,0.9089125560536793
neo4j,0.0009943499999999772,400,4,0.1794136873334332
xsb,0.247953,400,5,0.004010235810818894
duckdb,0.8016688999999999,400,6,0.30929601984061006
