environment,cpu_time,size,position,factor
mariadb,0.00018959999999998978,1000,1,
postgres,0.0002879999999999772,1000,2,151.89873417721134
cockroachdb,0.00030419999999999894,1000,3,105.625000000008
xsb,0.5845948,1000,4,192174.49046679883
duckdb,0.7082556,1000,5,121.1532500802265
