CreateTableRealTime,CreateTableCPUTime,LoadDataRealTime,LoadDataCPUTime,CreateIndexRealTime,CreateIndexCPUTime,AnalyzeRealTime,AnalyzeCPUTime,ExecuteQueryRealTime,ExecuteQueryCPUTime,WriteResultRealTime,WriteResultCPUTime
0.016482875042129308,4.100000000001325e-05,0.2774418750195764,0.00037199999999998346,0.5497961659566499,0.0003810000000000202,0.17941754194907844,0.0002750000000000252,0.1809302499750629,0.00021799999999999597,0.017152291955426335,0.0003290000000000237
0.018985250033438206,5.900000000003125e-05,0.2978804169688374,0.00032999999999999696,0.5893172080395743,0.00036000000000002697,0.19840200000908226,0.0002710000000000212,0.2131884580012411,0.0002489999999999992,0.017445667006541044,0.00034800000000001496
0.01943979097995907,6.100000000003325e-05,0.28428370802430436,0.00036400000000003097,0.5600340410019271,0.00039400000000000546,0.1872319999965839,0.00021500000000002073,0.18972129101166502,0.0002709999999999657,0.017053916992153972,0.00031599999999998296
0.016701457963790745,5.699999999997374e-05,0.3020745419780724,0.00029800000000002047,0.5386409169877879,0.0003429999999999822,0.17041091702412814,0.00022199999999999998,0.1825890830368735,0.00017600000000000948,0.015459957998245955,0.00030000000000002247
0.015943084028549492,6.900000000004125e-05,0.28213945898460224,0.00037600000000004297,0.5873295000055805,0.00037999999999999146,0.18806162499822676,0.00021199999999998997,0.19282575004035607,0.0002909999999999857,0.022071750019676983,0.00041000000000002146
Average,0.017510491609573364,5.7400000000018546e-05,0.28876400019507853,0.00034800000000001496,0.565023566398304,0.00037160000000000524,0.1847048167954199,0.00023900000000001142,0.19185096641303973,0.00024099999999999122,0.017836716794408857,0.0003406000000000131
