CreateTableRealTime,CreateTableCPUTime,LoadDataRealTime,LoadDataCPUTime,CreateIndexRealTime,CreateIndexCPUTime,AnalyzeRealTime,AnalyzeCPUTime,ExecuteQueryRealTime,ExecuteQueryCPUTime,WriteResultRealTime,WriteResultCPUTime
0.009999997913837433,0.0,0.46000000089406967,0.0,0.8200000002980232,0.0,0.380000002682209,0.0,3.059999994933605,0.0,0.10000000149011612,0.0
0.020000003278255463,0.0,0.619999997317791,0.0,1.0200000032782555,0.020000000000000004,0.4099999964237213,0.0,3.100000001490116,0.0,0.10000000149011612,0.0
0.020000003278255463,0.0,0.47999999672174454,0.0,1.1200000047683716,0.0,0.6499999985098839,0.0,3.939999997615814,0.0,0.10000000149011612,0.0
Average,0.016666668156782787,0.0,0.5199999983112017,0.0,0.9866666694482168,0.006666666666666668,0.4799999992052714,0.0,3.3666666646798453,0.0,0.10000000149011612,0.0
