CreateTableRealTime,CreateTableCPUTime,LoadDataRealTime,LoadDataCPUTime,CreateIndexRealTime,CreateIndexCPUTime,AnalyzeRealTime,AnalyzeCPUTime,ExecuteQueryRealTime,ExecuteQueryCPUTime,WriteResultRealTime,WriteResultCPUTime
0.025606625014916062,0.000124000000000013,0.5042900000116788,0.00029799999999996496,0.9986700000008568,0.000250000000000028,0.42270854098023847,0.00010799999999999699,13.75906337494962,0.00030399999999997096,0.15746741695329547,0.00026799999999999047
0.024622541037388146,2.999999999997449e-05,0.5051431660540402,0.0002810000000000312,1.0050923330127262,0.0003170000000000117,0.3884679999900982,0.00016500000000002624,13.776676625013351,0.0002909999999999857,0.16161704197293147,0.0002690000000000192
0.025016500032506883,7.099999999998774e-05,0.5162375830113888,0.00021900000000002473,1.0201159170246683,0.00029600000000001847,0.39418654202017933,0.00015899999999996473,13.930018541985191,0.00022899999999997922,0.1636353749781847,0.00018200000000001548
0.02573324996046722,2.9000000000001247e-05,0.49771437502931803,0.0002749999999999697,1.0350539160426706,0.0002590000000000092,0.39178037497913465,0.00015799999999999148,13.667198916024063,0.00024399999999996647,0.15570800000568852,0.0002950000000000452
0.02181050000945106,6.80000000000125e-05,0.5054298340110108,0.00017200000000000548,1.0128482920117676,0.00018299999999998873,0.3854478749562986,0.00011099999999997223,13.705407959001604,0.0003730000000000122,0.15849487500963733,0.0002969999999999917
Average,0.024557883210945874,6.43999999999978e-05,0.5057629916234874,0.0002489999999999992,1.014356091618538,0.0002610000000000112,0.39651826658518985,0.00014019999999999034,13.767673083394765,0.00028819999999998294,0.1593845417839475,0.00026220000000001244
