CreateTableRealTime,CreateTableCPUTime,LoadDataRealTime,LoadDataCPUTime,CreateIndexRealTime,CreateIndexCPUTime,AnalyzeRealTime,AnalyzeCPUTime,ExecuteQueryRealTime,ExecuteQueryCPUTime,WriteResultRealTime,WriteResultCPUTime
0.021843208000063896,6.80000000000125e-05,0.3074525000411086,0.00021399999999999197,0.55442087497795,0.00030999999999997696,0.182618958002422,0.00021599999999999397,0.20155608298955485,0.00017699999999998273,0.015184166957624257,0.00021600000000004949
0.021414457994978875,7.300000000004525e-05,0.3103382079862058,0.0003810000000000202,0.5631223330274224,0.00028200000000000447,0.18756779102841392,0.00019700000000000273,0.2105052500264719,0.0002910000000000412,0.01621533400611952,0.0002449999999999952
0.019000458007212728,4.999999999999449e-05,0.26907016697805375,0.00019099999999999673,0.5883918750332668,0.0003589999999999982,0.18166191701311618,0.0003710000000000102,0.24232537497300655,0.00018800000000002148,0.016548999992664903,0.00020100000000000673
0.016989875002764165,6.80000000000125e-05,0.28421087499009445,0.00020699999999995722,0.562708624987863,0.0002829999999999777,0.172899708035402,0.00017400000000000748,0.18850508297327906,0.00018999999999996797,0.015287999995052814,0.00012299999999998423
0.023952457995619625,3.700000000000925e-05,0.29605929099489003,0.00035400000000002096,0.554020915995352,0.0003629999999999467,0.18422804202418774,0.00016499999999997073,0.19785954197868705,0.00018299999999998873,0.016299250011797994,0.00020000000000003348
Average,0.020640091400127857,5.9200000000014795e-05,0.2934262081980705,0.00026939999999999744,0.5645329248043709,0.0003193999999999808,0.18179528322070837,0.00022459999999999703,0.20815026658819988,0.00020580000000000042,0.015907150192651896,0.00019700000000001384
