CreateTableRealTime,CreateTableCPUTime,LoadDataRealTime,LoadDataCPUTime,CreateIndexRealTime,CreateIndexCPUTime,AnalyzeRealTime,AnalyzeCPUTime,ExecuteQueryRealTime,ExecuteQueryCPUTime,WriteResultRealTime,WriteResultCPUTime
0.020000003278255463,0.0,0.3999999985098839,0.0,0.760000005364418,0.0,0.3399999961256981,0.0,0.45000000298023224,0.0,0.0299999937415123,0.0
0.020000003278255463,0.0,0.38999999314546585,0.0,0.6600000038743019,0.0,0.2800000011920929,0.0,0.4099999964237213,0.0,0.03999999910593033,0.0
0.019999995827674866,0.0,0.42000000178813934,0.0,0.7199999988079071,0.0,0.30000000447034836,0.0,0.4399999976158142,0.0,0.030000001192092896,0.0
Average,0.020000000794728596,0.0,0.4033333311478297,0.0,0.7133333360155424,0.0,0.30666666726271313,0.0,0.4333333323399226,0.0,0.03333333134651184,0.0
