CreateTableRealTime,CreateTableCPUTime,LoadDataRealTime,LoadDataCPUTime,CreateIndexRealTime,CreateIndexCPUTime,AnalyzeRealTime,AnalyzeCPUTime,ExecuteQueryRealTime,ExecuteQueryCPUTime,WriteResultRealTime,WriteResultCPUTime
0.025120041042100638,6.099999999997774e-05,0.4570484579890035,0.00029800000000002047,0.7947577920276672,0.00020999999999998797,0.2944239579956047,6.499999999998174e-05,6.366062999994028,0.00030999999999997696,0.10052883299067616,0.00043199999999998795
0.014484790968708694,4.300000000001525e-05,0.4374967920011841,0.0003789999999999627,0.8417524580145255,0.00021300000000001873,0.31487949995789677,9.799999999998699e-05,6.294928582967259,0.0002789999999999737,0.1143637920031324,0.00019000000000002348
0.02279845898738131,4.399999999998849e-05,0.47522091696737334,0.00019800000000003148,0.8064083330100402,0.00019900000000000473,0.30616824998287484,7.999999999996898e-05,6.245090417040046,0.00023699999999998722,0.10080308298347518,0.00018699999999999273
0.02428062498802319,9.399999999998299e-05,0.4659370419685729,0.00017100000000003224,0.7872184999869205,0.00023800000000001598,0.30447416700189933,0.00014700000000000824,6.33083508402342,0.00023600000000001398,0.09869179199449718,0.00016800000000000148
0.015593749994877726,5.6000000000000494e-05,0.4070137909729965,0.0002750000000000252,0.8156847080099396,0.00017800000000001148,0.2975637500057928,9.00000000000345e-05,6.3072821669629775,0.00039000000000000146,0.0992668749531731,0.00031600000000003847
Average,0.02045553319621831,5.959999999999299e-05,0.44854339997982606,0.00026420000000001444,0.8091643582098186,0.00020760000000000778,0.3035019249888137,9.599999999999609e-05,6.308839850197546,0.0002903999999999907,0.10273087498499081,0.00025860000000000883
