CreateTableRealTime,CreateTableCPUTime,LoadDataRealTime,LoadDataCPUTime,CreateIndexRealTime,CreateIndexCPUTime,AnalyzeRealTime,AnalyzeCPUTime,ExecuteQueryRealTime,ExecuteQueryCPUTime,WriteResultRealTime,WriteResultCPUTime
0.019999995827674866,0.0,0.3200000002980232,0.0,0.6400000005960464,0.0,0.2200000062584877,0.0,0.32999999821186066,0.020000000000000007,0.019999995827674866,0.0
0.030000001192092896,0.0,0.3100000023841858,0.0,0.6599999964237213,0.0,0.1899999976158142,0.0,0.2900000065565109,0.0,0.019999995827674866,0.0
0.020000003278255463,0.0,0.32999999821186066,0.0,0.7000000029802322,0.0,0.21000000089406967,0.0,1.219999998807907,0.0,0.14000000059604645,0.0
Average,0.023333333432674408,0.0,0.3200000002980232,0.0,0.6666666666666666,0.0,0.20666666825612387,0.0,0.6133333345254263,0.006666666666666669,0.05999999741713206,0.0
