CreateTableRealTime,CreateTableCPUTime,LoadDataRealTime,LoadDataCPUTime,CreateIndexRealTime,CreateIndexCPUTime,AnalyzeRealTime,AnalyzeCPUTime,ExecuteQueryRealTime,ExecuteQueryCPUTime,WriteResultRealTime,WriteResultCPUTime
0.030000001192092896,0.0,0.39000000059604645,0.0,0.7199999988079071,0.0,0.3200000002980232,0.0,0.9100000038743019,0.0,0.06000000238418579,0.0
0.020000003278255463,0.0,0.32999999821186066,0.0,0.619999997317791,0.0,0.26000000536441803,0.0,0.4099999964237213,0.0,0.030000001192092896,0.0
0.019999995827674866,0.0,0.36000000685453415,0.0,0.6799999997019768,0.0,0.28999999910593033,0.0,0.3999999985098839,0.0,0.030000001192092896,0.0
Average,0.023333333432674408,0.0,0.36000000188748044,0.0,0.6733333319425583,0.0,0.2900000015894572,0.0,0.573333332935969,0.0,0.04000000158945719,0.0
