CreateTableRealTime,CreateTableCPUTime,LoadDataRealTime,LoadDataCPUTime,CreateIndexRealTime,CreateIndexCPUTime,AnalyzeRealTime,AnalyzeCPUTime,ExecuteQueryRealTime,ExecuteQueryCPUTime,WriteResultRealTime,WriteResultCPUTime
0.01718460000029154,0.00015579999999998373,0.4311236660000759,0.0003414999999999946,0.8230247179999424,0.0003341999999999512,0.4606154869998136,0.00017440000000001898,2.2390374609999526,0.0001886999999999861,0.07619308399989677,0.0001942999999999806
0.017418581000129052,0.0001627000000000156,0.4539598300002581,0.00023619999999996422,0.9370490669998617,0.0002238999999999991,0.4332872929999212,0.00015809999999999436,1.9913887430002433,0.00018199999999995997,0.09094275100005689,0.00017010000000000636
Average,0.017301590500210295,0.00015924999999999967,0.442541748000167,0.0002888499999999794,0.880036892499902,0.00027904999999997515,0.4469513899998674,0.00016625000000000667,2.115213102000098,0.00018534999999997304,0.08356791749997683,0.00018219999999999348
