CreateTableRealTime,CreateTableCPUTime,LoadDataRealTime,LoadDataCPUTime,CreateIndexRealTime,CreateIndexCPUTime,AnalyzeRealTime,AnalyzeCPUTime,ExecuteQueryRealTime,ExecuteQueryCPUTime,WriteResultRealTime,WriteResultCPUTime
0.020000003278255463,0.0,0.5500000044703484,0.0,1.0,0.0,0.4299999997019768,0.0,3.4799999967217445,0.0,0.13000000268220901,0.0
0.020000003278255463,0.0,0.5300000011920929,0.0,1.1499999985098839,0.0,1.4299999997019768,0.0,4.659999996423721,0.0,0.11000000685453415,0.0
0.020000003278255463,0.0,1.3099999949336052,0.0,0.9799999967217445,0.0,0.4699999988079071,0.0,3.630000002682209,0.0,0.11999999731779099,0.0
Average,0.020000003278255463,0.0,0.7966666668653488,0.0,1.0433333317438762,0.0,0.7766666660706202,0.0,3.9233333319425583,0.0,0.12000000228484471,0.0
