CreateTableRealTime,CreateTableCPUTime,LoadDataRealTime,LoadDataCPUTime,CreateIndexRealTime,CreateIndexCPUTime,AnalyzeRealTime,AnalyzeCPUTime,ExecuteQueryRealTime,ExecuteQueryCPUTime,WriteResultRealTime,WriteResultCPUTime
0.02285864399982529,0.00017339999999999023,0.3900050139995983,0.00018380000000006724,0.8382509359998949,0.00023689999999998435,0.2223043020003388,0.00020039999999998948,0.31946816400022726,0.00014009999999997635,0.023747666999952344,0.0002366999999999786
0.017989485999805765,0.00018640000000003099,0.3039974580001399,0.00019759999999996447,0.6091285739998966,0.00019960000000002198,0.22273323099989284,0.00013699999999999823,0.31806179400018664,0.00014979999999997773,0.022722344000158046,0.0001748000000000305
Average,0.020424064999815528,0.0001799000000000106,0.3470012359998691,0.00019070000000001586,0.7236897549998957,0.00021825000000000316,0.22251876650011582,0.00016869999999999385,0.31876497900020695,0.00014494999999997704,0.023235005500055195,0.00020575000000000454
