CreateTableRealTime,CreateTableCPUTime,LoadDataRealTime,LoadDataCPUTime,CreateIndexRealTime,CreateIndexCPUTime,AnalyzeRealTime,AnalyzeCPUTime,ExecuteQueryRealTime,ExecuteQueryCPUTime,WriteResultRealTime,WriteResultCPUTime
0.019999995827674866,0.0,0.5300000011920929,0.0,0.8500000014901161,0.0,0.35999999940395355,0.0,1.0900000035762787,0.0,0.059999994933605194,0.0
0.030000001192092896,0.0,0.41999999433755875,0.0,0.9000000059604645,0.0,0.3399999961256981,0.0,1.0700000002980232,0.0,0.04999999701976776,0.0
0.020000003278255463,0.0,0.5200000032782555,0.0,1.0,0.0,0.38999999314546585,0.0,1.25,0.0,0.05000000447034836,0.0
Average,0.023333333432674408,0.0,0.4899999996026357,0.0,0.9166666691501936,0.0,0.3633333295583725,0.0,1.1366666679581006,0.0,0.05333333214124044,0.0
