CreateTableRealTime,CreateTableCPUTime,LoadDataRealTime,LoadDataCPUTime,CreateIndexRealTime,CreateIndexCPUTime,AnalyzeRealTime,AnalyzeCPUTime,ExecuteQueryRealTime,ExecuteQueryCPUTime,WriteResultRealTime,WriteResultCPUTime
0.009999997913837433,0.0,0.48000000417232513,0.0,0.8500000014901161,0.0,0.3399999961256981,0.019999999999999955,1.5399999991059303,0.0,0.06000000238418579,0.0
0.020000003278255463,0.0,0.4699999988079071,0.0,0.7700000032782555,0.0,0.380000002682209,0.0,1.5299999937415123,0.0,0.07000000029802322,0.0
0.019999995827674866,0.0,0.4700000062584877,0.0,0.7899999991059303,0.0,0.6899999976158142,0.0,1.7999999970197678,0.0,0.08000000566244125,0.0
Average,0.01666666567325592,0.0,0.47333333641290665,0.0,0.8033333346247673,0.0,0.4699999988079071,0.0066666666666666515,1.6233333299557369,0.0,0.0700000027815501,0.0
