CreateTableRealTime,CreateTableCPUTime,LoadDataRealTime,LoadDataCPUTime,CreateIndexRealTime,CreateIndexCPUTime,AnalyzeRealTime,AnalyzeCPUTime,ExecuteQueryRealTime,ExecuteQueryCPUTime,WriteResultRealTime,WriteResultCPUTime
0.023401167010888457,4.100000000001325e-05,0.4829512090072967,0.0003070000000000017,0.8513785830000415,0.00019900000000000473,0.3352215000195429,0.00014399999999997748,9.43896716600284,0.00026599999999998847,0.1285530420136638,0.000260000000000038
0.022908166982233524,7.20000000000165e-05,0.5272988750366494,0.00017800000000001148,0.9009488340234384,0.00033600000000000296,0.33470416598720476,0.00013099999999999223,9.42941870901268,0.00026799999999999047,0.12980062497081235,0.000258000000000036
0.025291833037044853,5.300000000002525e-05,0.5100809999858029,0.00023600000000001398,0.9146333339740522,0.00022400000000000198,0.33814191597048193,0.000124000000000013,9.476585542026442,0.00023299999999998322,0.13245291699422523,0.0002550000000000052
0.024028167012147605,9.500000000001174e-05,0.5029802919598296,0.0003029999999999977,0.8839951669797301,0.0003090000000000037,0.3342093749670312,0.00013900000000000023,9.528652958979364,0.00031600000000003847,0.1246282079955563,0.00028000000000000247
0.024282332975417376,6.900000000004125e-05,0.511371708009392,0.00021599999999999397,0.8906898749992251,0.00018800000000002148,0.33009870804380625,0.00011500000000003174,9.512808250030503,0.00019599999999997397,0.1266980420332402,0.0003169999999999562
Average,0.023982333403546365,6.60000000000216e-05,0.5069366167997942,0.00024800000000000375,0.8883291585952975,0.000251200000000007,0.3344751329976134,0.00013060000000000293,9.477286525210365,0.00025579999999999494,0.12842656680149958,0.0002740000000000076
