CreateTableRealTime,CreateTableCPUTime,LoadDataRealTime,LoadDataCPUTime,CreateIndexRealTime,CreateIndexCPUTime,AnalyzeRealTime,AnalyzeCPUTime,ExecuteQueryRealTime,ExecuteQueryCPUTime,WriteResultRealTime,WriteResultCPUTime
0.030000001192092896,0.0,0.4099999964237213,0.0,0.9199999943375587,0.0,0.5300000011920929,0.0,1.8400000035762787,0.0,0.07999999821186066,0.0
0.020000003278255463,0.0,0.4299999997019768,0.0,0.7899999991059303,0.0,0.4100000038743019,0.0,1.7700000032782555,0.0,0.06999999284744263,0.0
0.020000003278255463,0.0,0.4400000050663948,0.0,0.8599999994039536,0.0,0.5,0.0,1.780000001192093,0.0,0.06999999284744263,0.0
Average,0.023333335916201275,0.0,0.42666666706403095,0.0,0.8566666642824808,0.0,0.48000000168879825,0.0,1.7966666693488758,0.0,0.0733333279689153,0.0
