CreateTableRealTime,CreateTableCPUTime,LoadDataRealTime,LoadDataCPUTime,CreateIndexRealTime,CreateIndexCPUTime,AnalyzeRealTime,AnalyzeCPUTime,ExecuteQueryRealTime,ExecuteQueryCPUTime,WriteResultRealTime,WriteResultCPUTime
0.011363582976628095,6.0000000000004494e-05,0.5124135419609956,0.0003309999999999702,0.9829437500447966,0.00015900000000002024,0.43088495795382187,0.00010699999999996823,13.700538708013482,0.00020300000000000873,0.16473287501139566,0.0002570000000000072
0.0247126659960486,5.899999999997574e-05,0.48057941597653553,0.0002849999999999797,1.0195007910369895,0.00032599999999999296,0.3852242910070345,0.00013299999999999423,13.659728207974695,0.0002469999999999972,0.16374670795630664,0.0002690000000000192
0.024764582980424166,3.500000000000725e-05,0.4887767499894835,0.0003829999999999667,1.0166949999984354,0.0003449999999999842,0.3965635840431787,0.00013799999999997148,13.962554291007109,0.00024099999999999122,0.19299224996939301,0.00021800000000005149
0.022788750007748604,5.1999999999996493e-05,0.5064627500250936,0.00027599999999999847,1.0004864169750363,0.00039799999999995395,0.38041487499140203,0.00014500000000000624,13.772628374979831,0.0002489999999999992,0.16926016699289903,0.00022300000000002873
0.023560875037219375,4.299999999995974e-05,0.4864600829896517,0.0002729999999999677,0.9967110420111567,0.0003029999999999977,0.3873005000059493,0.00011699999999997823,13.69997733301716,0.0002889999999999837,0.1646372500108555,0.0003230000000000177
Average,0.02143809139961377,4.979999999998874e-05,0.494938508188352,0.00030959999999997657,1.0032674000132829,0.0003061999999999898,0.39607764160027725,0.00012799999999998368,13.759085382998455,0.000245799999999996,0.17107384998816996,0.00025800000000002487
