CreateTableRealTime,CreateTableCPUTime,LoadDataRealTime,LoadDataCPUTime,CreateIndexRealTime,CreateIndexCPUTime,AnalyzeRealTime,AnalyzeCPUTime,ExecuteQueryRealTime,ExecuteQueryCPUTime,WriteResultRealTime,WriteResultCPUTime
0.09000000357627869,0.0,0.5299999937415123,0.0,0.9299999997019768,0.0,0.9100000038743019,0.0,3.9299999997019768,0.0,0.10999999940395355,0.0
0.020000003278255463,0.0,0.6000000014901161,0.0,1.1000000014901161,0.0,0.4099999964237213,0.0,3.780000001192093,0.0,0.08999999612569809,0.0
0.030000001192092896,0.0,0.5499999970197678,0.0,1.0600000023841858,0.0,0.4399999976158142,0.0,3.9900000020861626,0.0,0.10999999940395355,0.0
Average,0.04666666934887568,0.0,0.559999997417132,0.0,1.030000001192093,0.0,0.5866666659712791,0.0,3.9000000009934106,0.0,0.10333333164453506,0.0
