CreateTableRealTime,CreateTableCPUTime,LoadDataRealTime,LoadDataCPUTime,CreateIndexRealTime,CreateIndexCPUTime,AnalyzeRealTime,AnalyzeCPUTime,ExecuteQueryRealTime,ExecuteQueryCPUTime,WriteResultRealTime,WriteResultCPUTime
0.019999995827674866,0.0,0.48000000417232513,0.0,1.0799999982118607,0.0,0.45000000298023224,0.0,3.189999997615814,0.0,0.10999999940395355,0.0
0.020000003278255463,0.0,0.5900000035762787,0.0,1.1799999997019768,0.0,0.5700000002980232,0.0,3.7999999970197678,0.0,0.14000000059604645,0.0
0.019999995827674866,0.0,0.8500000014901161,0.0,1.4799999967217445,0.0,0.7400000020861626,0.0,2.75,0.0,0.10000000149011612,0.0
Average,0.019999998311201733,0.0,0.6400000030795733,0.0,1.2466666648785274,0.0,0.586666668454806,0.0,3.246666664878527,0.0,0.11666666716337204,0.0
