CreateTableRealTime,CreateTableCPUTime,LoadDataRealTime,LoadDataCPUTime,CreateIndexRealTime,CreateIndexCPUTime,AnalyzeRealTime,AnalyzeCPUTime,ExecuteQueryRealTime,ExecuteQueryCPUTime,WriteResultRealTime,WriteResultCPUTime
0.024386958044487983,7.40000000000185e-05,0.5030560409650207,0.00019799999999997597,0.8760296250111423,0.00026599999999998847,0.3596877499949187,9.100000000000774e-05,9.474358375009615,0.00022299999999997322,0.1415954590192996,0.00020600000000003948
0.024861750018317252,7.899999999999574e-05,0.5334162919898517,0.00018499999999999073,0.8879498330061324,0.0003289999999999682,0.33839629200519994,9.199999999998099e-05,9.489288958022371,0.00027399999999999647,0.12746083398815244,0.00021999999999999797
0.02338633401086554,4.199999999998649e-05,0.5038251249934547,0.00022899999999997922,0.9050335420179181,0.0003850000000000242,0.34497941605513915,0.00013799999999997148,9.494545791996643,0.00017400000000000748,0.12685741699533537,0.00027800000000000047
0.015504374983720481,6.60000000000105e-05,0.4717064999858849,0.00020000000000003348,0.8777159999590367,0.0003549999999999942,0.33503729198127985,0.00010399999999999299,9.710138458991423,0.00021599999999999397,0.13958700001239777,0.00027399999999999647
0.027372249984182417,6.40000000000085e-05,0.5233309169998392,0.00035200000000001896,0.8716965829953551,0.00032399999999999096,0.3413992919959128,0.00011100000000002774,9.50272099999711,0.0002969999999999917,0.12756295799044892,0.0002650000000000152
Average,0.023102333408314735,6.500000000000394e-05,0.5070669749868102,0.00023279999999999967,0.8836851165979169,0.0003317999999999932,0.3439000084064901,0.00010719999999999618,9.534210516803432,0.00023679999999999258,0.13261273360112683,0.00024860000000000995
