CreateTableRealTime,CreateTableCPUTime,LoadDataRealTime,LoadDataCPUTime,CreateIndexRealTime,CreateIndexCPUTime,AnalyzeRealTime,AnalyzeCPUTime,ExecuteQueryRealTime,ExecuteQueryCPUTime,WriteResultRealTime,WriteResultCPUTime
0.020000003278255463,0.0,0.33000000566244125,0.0,0.739999994635582,0.0,0.26000000536441803,0.0,0.3099999949336052,0.0,0.030000001192092896,0.0
0.019999995827674866,0.0,0.32999999821186066,0.0,0.6499999985098839,0.0,0.23000000417232513,0.0,0.3099999949336052,0.0,0.020000003278255463,0.0
0.020000003278255463,0.0,0.3399999961256981,0.0,0.6700000017881393,0.0,0.2199999988079071,0.0,0.27000000327825546,0.0,0.019999995827674866,0.0
Average,0.020000000794728596,0.0,0.3333333333333333,0.0,0.6866666649778684,0.0,0.23666666944821677,0.0,0.29666666438182193,0.0,0.023333333432674408,0.0
