DeleteDataRealTime,DeleteDataCPUTime,LoadDataRealTime,LoadDataCPUTime,CreateIndexXRealTime,CreateIndexXCPUTime,CreateIndexYRealTime,CreateIndexYCPUTime,QueryRealTime,QueryCPUTime,WriteResultRealTime,WriteResultCPUTime
0.010358083003666252,0.0020499999999999963,0.037009416992077604,0.00037399999999998546,0.006088665977586061,0.0006579999999999919,0,0,0.00044916698243469,0.00029400000000001647,0.09193020800012164,0.06568300000000005
0.010158292017877102,0.0019700000000000273,0.020234416995663196,0.0002569999999999517,0.008339332998730242,0.0005780000000000229,0,0,0.0005283750069793314,0.000248000000000026,0.11180216702632606,0.06757099999999999
0.01271745900157839,0.002057000000000031,0.021888415998546407,0.00035200000000001896,0.008263250027084723,0.00045800000000001395,0,0,0.000508917000843212,0.000264000000000042,0.11158225001418032,0.06813799999999998
0.01160850000451319,0.0020119999999999583,0.023530124977696687,0.0003770000000000162,0.010178459022426978,0.0005100000000000104,0,0,0.000499125017086044,0.00020700000000001273,0.11430329200811684,0.06783999999999996
0.011360042000887915,0.0018610000000000015,0.021081124985357746,0.0003210000000000157,0.00929779201396741,0.0005319999999999769,0,0,0.00046675000339746475,0.00020799999999998597,0.11317099997540936,0.06797600000000004
Average,0.01124047520570457,0.001990000000000003,0.02474869998986833,0.0003361999999999976,0.008433500007959083,0.0005472000000000032,0.0,0.0,0.0004904668021481484,0.0002442000000000166,0.10855778340483084,0.0674416
