DeleteDataRealTime,DeleteDataCPUTime,LoadDataRealTime,LoadDataCPUTime,CreateIndexXRealTime,CreateIndexXCPUTime,CreateIndexYRealTime,CreateIndexYCPUTime,QueryRealTime,QueryCPUTime,WriteResultRealTime,WriteResultCPUTime
0.019721069000297575,0.01071270000000002,0.03024200599975302,0.0014692000000000593,0.025065756000003603,0.0016815000000000024,0.003357663999850047,0.0014972999999999237,0.0042510620005487,0.0016511000000000164,0.03823873700002878,0.020131600000000027
0.016568359000302735,0.007660699999999965,0.022437938000621216,0.001220299999999952,0.014713464000124077,0.0011924000000000934,0.002382208000199171,0.0009786000000000517,0.002085169999190839,0.0009884000000000004,0.019545301001016924,0.015544300000000066
Average,0.018144714000300155,0.009186699999999992,0.026339972000187117,0.0013447500000000057,0.01988961000006384,0.001436950000000048,0.002869936000024609,0.0012379499999999877,0.0031681159998697694,0.0013197500000000084,0.02889201900052285,0.017837950000000047
