DeleteDataRealTime,DeleteDataCPUTime,LoadDataRealTime,LoadDataCPUTime,CreateIndexXRealTime,CreateIndexXCPUTime,CreateIndexYRealTime,CreateIndexYCPUTime,QueryRealTime,QueryCPUTime,WriteResultRealTime,WriteResultCPUTime
0.017840466000052402,0.010084800000000005,0.03090965400042478,0.0014894999999999214,0.020929676000378095,0.0011406999999999945,0.0034713100003500585,0.0012792000000000359,0.003343397000207915,0.0011712000000000389,0.033343137999509054,0.01613819999999999
0.016258173999631254,0.008190099999999978,0.023398949000693392,0.0014515999999999973,0.020357006999802252,0.0012465999999999866,0.002350404999560851,0.0010006999999999655,0.001874026000223239,0.0009565999999999741,0.022033956999621296,0.01852419999999999
Average,0.017049319999841828,0.009137449999999991,0.027154301500559086,0.0014705499999999594,0.020643341500090173,0.0011936499999999906,0.002910857499955455,0.0011399500000000007,0.002608711500215577,0.0010639000000000065,0.027688547499565175,0.01733119999999999
