DeleteDataRealTime,DeleteDataCPUTime,LoadDataRealTime,LoadDataCPUTime,CreateIndexXRealTime,CreateIndexXCPUTime,CreateIndexYRealTime,CreateIndexYCPUTime,QueryRealTime,QueryCPUTime,WriteResultRealTime,WriteResultCPUTime
0.02025377900008607,0.005994399999999844,0.01908763099982025,0.000945100000000032,0.013213968999934878,0.0009306000000002257,0.0019037410002056276,0.000709099999999907,0.002081292000184476,0.0006862999999999175,0.017702960999486095,0.006275400000000264
0.013155625999843323,0.006809599999999971,0.014527221999742324,0.000971499999999903,0.011625824000020657,0.000987499999999919,0.0019065230003434408,0.0008031000000001676,0.001283624000279815,0.0006281000000001313,0.009217065000029834,0.007067999999999852
Average,0.016704702499964696,0.006401999999999908,0.016807426499781286,0.0009582999999999675,0.012419896499977767,0.0009590500000000723,0.0019051320002745342,0.0007561000000000373,0.0016824580002321454,0.0006572000000000244,0.013460012999757964,0.006671700000000058
