DeleteDataRealTime,DeleteDataCPUTime,LoadDataRealTime,LoadDataCPUTime,CreateIndexXRealTime,CreateIndexXCPUTime,CreateIndexYRealTime,CreateIndexYCPUTime,QueryRealTime,QueryCPUTime,WriteResultRealTime,WriteResultCPUTime
0.012825943000279949,0.006906399999999979,0.029162519999772485,0.0013289000000000217,0.015351499999269436,0.001091500000000023,0.0028206369997860747,0.0010356000000000254,0.002106011999785551,0.0009272999999999643,0.0254293489997508,0.010067300000000001
0.01382761000058963,0.006753999999999982,0.023048551999636402,0.0011647000000000185,0.01243110399991565,0.0010438999999999865,0.0022668139999950654,0.0009296999999999778,0.001801350999812712,0.0007976000000000094,0.013915692000409763,0.010837600000000003
Average,0.01332677650043479,0.006830199999999981,0.026105535999704443,0.0012468000000000201,0.013891301999592542,0.0010677000000000048,0.00254372549989057,0.0009826500000000016,0.0019536814997991314,0.0008624499999999868,0.01967252050008028,0.010452450000000002
