DeleteDataRealTime,DeleteDataCPUTime,LoadDataRealTime,LoadDataCPUTime,CreateIndexXRealTime,CreateIndexXCPUTime,CreateIndexYRealTime,CreateIndexYCPUTime,QueryRealTime,QueryCPUTime,WriteResultRealTime,WriteResultCPUTime
0.01072246100011398,0.006132499999999985,0.01753478999944491,0.0011352000000000029,0.011051077999582049,0.0012240000000000029,0.002125143999364809,0.0007568999999999493,0.001926736000314122,0.000951499999999994,0.010734729999967385,0.0016539000000000414
0.012522510000053444,0.007283600000000001,0.013517002000298817,0.0009507999999999739,0.011077576999923622,0.0011705000000000187,0.0020204010006636963,0.0008238999999999885,0.001970629999959783,0.0009338999999999875,0.002704652999454993,0.001853100000000052
Average,0.011622485500083712,0.006708049999999993,0.015525895999871864,0.0010429999999999884,0.011064327499752835,0.0011972500000000108,0.0020727725000142527,0.0007903999999999689,0.0019486830001369526,0.0009426999999999908,0.006719691499711189,0.0017535000000000467
