DeleteDataRealTime,DeleteDataCPUTime,LoadDataRealTime,LoadDataCPUTime,CreateIndexXRealTime,CreateIndexXCPUTime,CreateIndexYRealTime,CreateIndexYCPUTime,QueryRealTime,QueryCPUTime,WriteResultRealTime,WriteResultCPUTime
0.0055904580221977085,0.0018630000000000035,0.010297957982402295,0.000270000000000048,0.006417958007659763,0.0005249999999999977,0,0,0.0005542500002775341,0.00020599999999998397,0.046225291007431224,0.03193499999999999
0.005176542006665841,0.0018239999999999923,0.009216917009325698,0.0003070000000000017,0.006660833023488522,0.0004830000000000112,0,0,0.0005119580018799752,0.00022199999999999998,0.04651804102468304,0.034409999999999996
0.005595624999841675,0.0018000000000000238,0.009212042001308873,0.00019700000000000273,0.004517249995842576,0.00042400000000003546,0,0,0.0004383340128697455,0.00021199999999998997,0.048851291998289526,0.03149400000000002
0.005963042000075802,0.0018160000000000398,0.014945041999453679,0.00031200000000003447,0.006939165992662311,0.0005040000000000044,0,0,0.0006292090110946447,0.00023900000000004473,0.04920762500842102,0.034441
0.011116833979031071,0.0022820000000000062,0.013748833007412031,0.0003670000000000062,0.00801233301172033,0.0004989999999999717,0,0,0.0005020410171709955,0.00020300000000000873,0.06524562500999309,0.03460799999999997
Average,0.0066885002015624195,0.001917000000000013,0.011484158399980515,0.0002906000000000186,0.0065095080062747,0.0004870000000000041,0.0,0.0,0.000527158408658579,0.00021640000000000548,0.05120957480976358,0.03337759999999999
