DeleteDataRealTime,DeleteDataCPUTime,LoadDataRealTime,LoadDataCPUTime,CreateIndexXRealTime,CreateIndexXCPUTime,CreateIndexYRealTime,CreateIndexYCPUTime,QueryRealTime,QueryCPUTime,WriteResultRealTime,WriteResultCPUTime
0.014535616999637568,0.007911200000000007,0.023482458999751543,0.0011206999999999745,0.015128989999539044,0.001067499999999999,0.002571754000200599,0.0009457999999999966,0.002606163999189448,0.0007693000000000283,0.02324290700016718,0.008503299999999991
0.012586278000526363,0.006292500000000034,1.669510812000226,0.0008189999999999586,0.9329413170007683,0.0007746000000000142,0.003996051999820338,0.0011057000000000428,0.00144551399989723,0.0006058999999999926,0.006630906999816943,0.005268700000000015
Average,0.013560947500081966,0.007101850000000021,0.8464966354999888,0.0009698499999999666,0.4740351535001537,0.0009210500000000066,0.0032839030000104685,0.0010257500000000197,0.002025838999543339,0.0006876000000000104,0.014936906999992061,0.006886000000000003
