DeleteDataRealTime,DeleteDataCPUTime,LoadDataRealTime,LoadDataCPUTime,CreateIndexXRealTime,CreateIndexXCPUTime,CreateIndexYRealTime,CreateIndexYCPUTime,QueryRealTime,QueryCPUTime,WriteResultRealTime,WriteResultCPUTime
0.009999997913837433,0.0,0.020000003278255463,0.0,0.009999997913837433,0.0,0.0,0.0,0.0,0.010000000000000009,0.020000003278255463,0.010000000000000009
0.01000000536441803,0.0,0.019999995827674866,0.0,0.009999997913837433,0.0,0.0,0.010000000000000009,0.01000000536441803,0.0,0.009999997913837433,0.0
0.01000000536441803,0.01000000000000001,0.019999995827674866,0.0,0.020000003278255463,0.0,0.0,0.0,0.0,0.0,0.009999997913837433,0.01000000000000001
Average,0.010000002880891165,0.003333333333333337,0.019999998311201733,0.0,0.01333333303531011,0.0,0.0,0.003333333333333336,0.0033333351214726767,0.003333333333333336,0.01333333303531011,0.006666666666666672
