DeleteDataRealTime,DeleteDataCPUTime,LoadDataRealTime,LoadDataCPUTime,CreateIndexXRealTime,CreateIndexXCPUTime,CreateIndexYRealTime,CreateIndexYCPUTime,QueryRealTime,QueryCPUTime,WriteResultRealTime,WriteResultCPUTime
0.01000000536441803,0.0,0.019999995827674866,0.0,0.009999997913837433,0.0,0.0,0.0,0.0,0.01000000000000001,0.020000003278255463,0.01000000000000001
0.01000000536441803,0.01000000000000001,0.019999995827674866,0.0,0.01000000536441803,0.0,0.009999997913837433,0.0,0.0,0.0,0.009999997913837433,0.020000000000000018
0.009999997913837433,0.0,0.020000003278255463,0.0,0.07000000029802322,0.0,0.0,0.0,0.009999997913837433,0.0,0.009999997913837433,0.01000000000000001
Average,0.010000002880891165,0.003333333333333337,0.019999998311201733,0.0,0.030000001192092896,0.0,0.003333332637945811,0.0,0.003333332637945811,0.003333333333333337,0.01333333303531011,0.013333333333333345
