DatalogToCPPRealTime,DatalogToCPPCPUTime,CompileRealTime,CompileCPUTime,InstanceLoadingRealTime,InstanceLoadingCPUTime,LoadingFactRealTime,LoadingFactCPUTime,QueryRealTime,QueryCPUTime,WritingResultRealTime,WritingResultCPUTime
0.009999990463256836,0.009999999999999995,1.4099998474121094,1.4300000000000002,0.000148875,0.000147,0.00503304,0.004272,0.405068,0.405062,0.105513,0.104794
0.009999990463256836,0.009999999999999995,1.3599998950958252,1.3900000000000001,0.000280125,0.000245,0.00387962,0.003877,0.406005,0.406003,0.103686,0.103477
0.019999980926513672,0.009999999999999995,1.3900001049041748,1.4300000000000002,0.000143959,0.000142,0.00458542,0.004583,0.407295,0.407278,0.105341,0.104206
0.009999990463256836,0.0,1.3499999046325684,1.3900000000000001,0.000148875,0.000147,0.00437933,0.004362,0.403447,0.403445,0.104451,0.104344
0.009999990463256836,0.009999999999999995,1.3999998569488525,1.4200000000000002,0.000129625,0.00013,0.00449033,0.004484,0.408058,0.408044,0.103041,0.102298
Average,0.011999988555908203,0.007999999999999997,1.381999921798706,1.4120000000000001,0.00017029180000000002,0.00016219999999999999,0.004473548,0.0043156,0.40597459999999996,0.40596639999999995,0.10440640000000001,0.1038238
