DatalogToCPPRealTime,DatalogToCPPCPUTime,CompileRealTime,CompileCPUTime,InstanceLoadingRealTime,InstanceLoadingCPUTime,LoadingFactRealTime,LoadingFactCPUTime,QueryRealTime,QueryCPUTime,WritingResultRealTime,WritingResultCPUTime
0.019999980926513672,0.009999999999999995,1.369999885559082,1.3900000000000001,0.000142833,0.000141,0.00207763,0.001876,0.047095,0.04708,0.0103755,0.010372
0.009999990463256836,0.010000000000000009,1.3900001049041748,1.4100000000000001,0.000150416,0.000149,0.00176842,0.001766,0.0480288,0.048011,0.0114267,0.010295
0.019999980926513672,0.009999999999999995,1.3600001335144043,1.3900000000000001,0.000160042,0.000158,0.00171354,0.00171,0.0475669,0.047548,0.0107302,0.010356
0.019999980926513672,0.010000000000000009,1.440000057220459,1.4400000000000002,0.0001745,0.000174,0.00051475,0.000514,0.0295423,0.029482,0.00929238,0.00929
0.019999980926513672,0.0,1.4200000762939453,1.44,0.000181542,0.000181,0.00147483,0.001473,0.0451229,0.045108,0.0112686,0.010267
Average,0.017999982833862303,0.008000000000000002,1.396000051498413,1.4140000000000001,0.0001618666,0.00016059999999999997,0.0015098339999999998,0.0014678,0.04347118,0.0434458,0.010618676000000002,0.010116
