DatalogToCPPRealTime,DatalogToCPPCPUTime,CompileRealTime,CompileCPUTime,InstanceLoadingRealTime,InstanceLoadingCPUTime,LoadingFactRealTime,LoadingFactCPUTime,QueryRealTime,QueryCPUTime,WritingResultRealTime,WritingResultCPUTime
0.009999990463256836,0.010000000000000009,1.3799998760223389,1.4000000000000001,0.000134084,0.000134,0.00317708,0.003174,0.145294,0.14527,0.0531192,0.053115
0.019999980926513672,0.009999999999999995,1.3900001049041748,1.4200000000000002,0.000151958,0.00015,0.00353321,0.003509,0.143648,0.143631,0.0524837,0.052483
0.019999980926513672,0.009999999999999995,1.3399999141693115,1.3800000000000001,0.000126375,0.000126,0.00303492,0.003012,0.141956,0.141953,0.0518777,0.051877
0.019999980926513672,0.009999999999999995,1.380000114440918,1.4000000000000001,0.000135209,0.000135,0.00207942,0.002078,0.135207,0.13513,0.0520768,0.052076
0.009999990463256836,0.009999999999999995,1.3500001430511475,1.3900000000000001,0.000146666,0.000145,0.00395333,0.00395,0.146219,0.146184,0.0522665,0.052266
Average,0.015999984741210938,0.009999999999999998,1.3680000305175781,1.3980000000000001,0.0001388584,0.00013800000000000002,0.003155592,0.0031446,0.1424648,0.1424336,0.05236478,0.05236339999999999
