DatalogToCPPRealTime,DatalogToCPPCPUTime,CompileRealTime,CompileCPUTime,InstanceLoadingRealTime,InstanceLoadingCPUTime,LoadingFactRealTime,LoadingFactCPUTime,QueryRealTime,QueryCPUTime,WritingResultRealTime,WritingResultCPUTime
0.019999980926513672,0.009999999999999995,1.4000000953674316,1.4300000000000002,0.000154625,0.000153,0.00598346,0.005285,0.527654,0.527647,0.13587,0.135731
0.009999990463256836,0.0,1.3599998950958252,1.4000000000000001,0.000159417,0.000158,0.00510475,0.005085,0.528074,0.52806,0.135766,0.135056
0.009999990463256836,0.0,1.3600001335144043,1.3900000000000001,0.000155,0.000155,0.00369104,0.003691,0.521737,0.521734,0.132999,0.132216
0.009999990463256836,0.009999999999999995,1.3499999046325684,1.3900000000000001,0.000161541,0.00016,0.00494788,0.004942,0.550628,0.545638,0.133661,0.133041
0.009999990463256836,0.009999999999999995,1.3599998950958252,1.3900000000000001,0.000192958,0.000192,0.00432767,0.004326,0.52357,0.523568,0.134531,0.133784
Average,0.011999988555908203,0.005999999999999997,1.365999984741211,1.4000000000000004,0.0001647082,0.0001636,0.00481096,0.0046657999999999995,0.5303326,0.5293294,0.1345654,0.1339656
