DatalogToCPPRealTime,DatalogToCPPCPUTime,CompileRealTime,CompileCPUTime,InstanceLoadingRealTime,InstanceLoadingCPUTime,LoadingFactRealTime,LoadingFactCPUTime,QueryRealTime,QueryCPUTime,WritingResultRealTime,WritingResultCPUTime
0.009999990463256836,0.009999999999999995,1.3599998950958252,1.3900000000000001,0.0001485,0.000147,0.00284833,0.002832,0.260004,0.259791,0.0369108,0.03683
0.020000219345092773,0.0,1.3499999046325684,1.3900000000000001,0.000166875,0.000166,0.00284263,0.002827,0.258328,0.258323,0.033927,0.033908
0.019999980926513672,0.0,1.3500001430511475,1.3900000000000001,0.000125417,0.000124,0.00203342,0.002016,0.255264,0.255262,0.0336967,0.033695
0.019999980926513672,0.0,1.369999885559082,1.4000000000000001,0.000147042,0.000146,0.00322738,0.003224,0.259076,0.259038,0.0339886,0.033987
0.009999990463256836,0.0,1.3599998950958252,1.4000000000000001,0.000157209,0.000155,0.00204817,0.002046,0.252127,0.252123,0.0335803,0.033579
Average,0.016000032424926758,0.001999999999999999,1.3579999446868896,1.3940000000000001,0.0001490086,0.00014759999999999998,0.0025999860000000003,0.0025889999999999997,0.25695979999999996,0.25690739999999995,0.03442068,0.034399799999999994
