DatalogToCPPRealTime,DatalogToCPPCPUTime,CompileRealTime,CompileCPUTime,InstanceLoadingRealTime,InstanceLoadingCPUTime,LoadingFactRealTime,LoadingFactCPUTime,QueryRealTime,QueryCPUTime,WritingResultRealTime,WritingResultCPUTime
0.009999990463256836,0.0,1.3599998950958252,1.3900000000000001,0.000166125,0.000165,0.00473304,0.003999,0.297486,0.297483,0.0776994,0.077026
0.009999990463256836,0.009999999999999995,1.4000000953674316,1.4200000000000002,0.000107583,0.000107,0.00189446,0.001893,0.282593,0.282591,0.0757892,0.075106
0.019999980926513672,0.009999999999999995,1.3600001335144043,1.3900000000000001,0.000183917,0.000182,0.0033455,0.003345,0.294541,0.294531,0.0753438,0.074652
0.009999990463256836,0.009999999999999995,1.380000114440918,1.4200000000000002,0.000155958,0.000154,0.00286496,0.002864,0.291235,0.291234,0.0754054,0.074628
0.019999980926513672,0.009999999999999995,1.3600001335144043,1.3800000000000001,0.000136292,0.000136,0.00350242,0.003478,0.293984,0.293953,0.0750366,0.074326
Average,0.01399998664855957,0.007999999999999997,1.3720000743865968,1.4000000000000001,0.000149975,0.0001488,0.0032680759999999995,0.0031157999999999997,0.2919678,0.29195840000000006,0.07585488,0.07514760000000001
