DatalogToCPPRealTime,DatalogToCPPCPUTime,CompileRealTime,CompileCPUTime,InstanceLoadingRealTime,InstanceLoadingCPUTime,LoadingFactRealTime,LoadingFactCPUTime,QueryRealTime,QueryCPUTime,WritingResultRealTime,WritingResultCPUTime
0.019999980926513672,0.009999999999999995,1.3500001430511475,1.3900000000000001,0.000136625,0.000135,0.00549513,0.005248,0.646083,0.640481,0.176843,0.176
0.009999990463256836,0.0,1.3500001430511475,1.3900000000000001,0.000133167,0.000132,0.00520804,0.005189,0.638776,0.63877,0.168626,0.168622
0.009999990463256836,0.0,1.3499999046325684,1.3900000000000001,0.0,0.0,0.00199387,0.001993,0.638404,0.634252,0.169544,0.169543
0.009999990463256836,0.009999999999999995,1.3499999046325684,1.3800000000000001,0.000136583,0.000136,0.00599733,0.005992,0.640704,0.640683,0.170835,0.170129
0.010000228881835938,0.009999999999999995,1.3899998664855957,1.4200000000000002,0.000115417,0.000114,0.00490104,0.004886,0.640912,0.640905,0.171428,0.171427
Average,0.012000036239624024,0.005999999999999997,1.3579999923706054,1.394,0.00010435840000000002,0.00010339999999999999,0.004719082,0.0046616,0.6409758,0.6390182,0.1714552,0.1711442
