DatalogToCPPRealTime,DatalogToCPPCPUTime,CompileRealTime,CompileCPUTime,InstanceLoadingRealTime,InstanceLoadingCPUTime,LoadingFactRealTime,LoadingFactCPUTime,QueryRealTime,QueryCPUTime,WritingResultRealTime,WritingResultCPUTime
0.009999990463256836,0.010000000000000002,1.4399998188018799,1.47,0.000142875,0.000142,0.000824,0.000823,0.00156533,0.001563,0.001367,0.001315
0.009999990463256836,0.0,1.4599997997283936,1.48,0.000153958,0.000152,0.000944125,0.000941,0.00154367,0.001542,0.00132167,0.001298
0.009999990463256836,0.0,1.4399998188018799,1.47,0.00014775,0.000146,0.000956791,0.000953,0.00181125,0.001793,0.00136408,0.001354
0.009999990463256836,0.0,1.4399998188018799,1.46,0.000165417,0.000164,0.000890333,0.000887,0.00164342,0.001642,0.00119725,0.001082
0.009999990463256836,0.0,1.4399998188018799,1.46,0.000142708,0.000141,0.000844791,0.00083,0.00161812,0.001614,0.00122967,0.001228
Average,0.009999990463256836,0.0020000000000000005,1.4439998149871827,1.468,0.0001505416,0.000149,0.000892008,0.0008867999999999999,0.0016363579999999999,0.0016308000000000004,0.0012959339999999999,0.0012553999999999998
