DatalogToCPPRealTime,DatalogToCPPCPUTime,CompileRealTime,CompileCPUTime,InstanceLoadingRealTime,InstanceLoadingCPUTime,LoadingFactRealTime,LoadingFactCPUTime,QueryRealTime,QueryCPUTime,WritingResultRealTime,WritingResultCPUTime
0.0,0.0,1.4800000190734863,1.5,0.000161791,0.00016,0.00248221,0.002481,0.00876233,0.008721,0.00322833,0.003228
0.009999990463256836,0.0,1.440000057220459,1.47,0.000174041,0.000172,0.00220121,0.002199,0.00970896,0.009678,0.00314538,0.003142
0.009999990463256836,0.0,1.4700000286102295,1.49,0.0001775,0.000175,0.00250167,0.002499,0.0103444,0.010309,0.0031565,0.003155
0.009999990463256836,0.0,1.4499998092651367,1.47,0.000206292,0.000204,0.00232683,0.002323,0.00825254,0.008224,0.00321442,0.003212
0.0,0.0,1.4399998188018799,1.47,0.000162833,0.000161,0.00238667,0.002366,0.00920575,0.009159,0.00312588,0.003126
Average,0.005999994277954101,0.0,1.4559999465942384,1.48,0.00017649140000000003,0.0001744,0.0023797180000000003,0.0023736,0.009254796,0.0092182,0.0031741020000000003,0.0031726
