DatalogToCPPRealTime,DatalogToCPPCPUTime,CompileRealTime,CompileCPUTime,InstanceLoadingRealTime,InstanceLoadingCPUTime,LoadingFactRealTime,LoadingFactCPUTime,QueryRealTime,QueryCPUTime,WritingResultRealTime,WritingResultCPUTime
0.009999990463256836,0.009999999999999995,1.4000000953674316,1.4300000000000002,0.000156292,0.000155,0.00282108,0.002628,0.0869672,0.086944,0.0204501,0.019429
0.010000228881835938,0.009999999999999995,1.4099998474121094,1.4300000000000002,0.0,0.0,0.000710459,0.00071,0.0637328,0.063731,0.0198421,0.019036
0.020000219345092773,0.009999999999999995,1.3499999046325684,1.3800000000000001,0.000125459,0.000124,0.00190163,0.00188,0.0847138,0.084712,0.0203473,0.019307
0.009999990463256836,0.009999999999999995,1.3500001430511475,1.3900000000000001,0.000170291,0.000167,0.00224213,0.00224,0.0880641,0.087529,0.0197337,0.019732
0.019999980926513672,0.0,1.3499999046325684,1.3900000000000001,0.000136708,0.000136,0.00210717,0.002104,0.0869089,0.086885,0.0205001,0.019407
Average,0.01400008201599121,0.007999999999999997,1.371999979019165,1.4040000000000004,0.00011775000000000002,0.00011640000000000001,0.0019564938,0.0019124000000000003,0.08207736,0.0819602,0.02017466,0.0193822
