DatalogToCPPRealTime,DatalogToCPPCPUTime,CompileRealTime,CompileCPUTime,InstanceLoadingRealTime,InstanceLoadingCPUTime,LoadingFactRealTime,LoadingFactCPUTime,QueryRealTime,QueryCPUTime,WritingResultRealTime,WritingResultCPUTime
0.009999990463256836,0.009999999999999995,1.3499999046325684,1.3800000000000001,0.000145291,0.000144,0.00547096,0.005448,1.28921,1.28921,0.171382,0.170688
0.009999990463256836,0.009999999999999995,1.4100000858306885,1.4300000000000002,0.000151417,0.000151,0.00582117,0.005806,1.29003,1.29002,0.170441,0.17044
0.019999980926513672,0.009999999999999995,1.3499999046325684,1.3900000000000001,0.000137875,0.000136,0.00498562,0.004966,1.30972,1.30462,0.170024,0.170022
0.009999990463256836,0.009999999999999995,1.3600001335144043,1.3900000000000001,0.000130208,0.000129,0.00479083,0.004777,1.28394,1.28392,0.173006,0.173004
0.009999990463256836,0.0,1.3799998760223389,1.4300000000000002,0.00013225,0.00013,0.00554804,0.005532,1.28797,1.28796,0.188822,0.184654
Average,0.011999988555908203,0.007999999999999997,1.3699999809265138,1.4040000000000004,0.0001394082,0.000138,0.005323324,0.005305799999999999,1.292174,1.291146,0.174735,0.1737616
