DatalogToCPPRealTime,DatalogToCPPCPUTime,CompileRealTime,CompileCPUTime,InstanceLoadingRealTime,InstanceLoadingCPUTime,LoadingFactRealTime,LoadingFactCPUTime,QueryRealTime,QueryCPUTime,WritingResultRealTime,WritingResultCPUTime
0.009999990463256836,0.0,1.4499998092651367,1.47,0.000170625,0.00017,0.00089925,0.000897,0.00247671,0.00247,0.00145717,0.001346
0.009999990463256836,0.0,1.4499998092651367,1.47,0.000163958,0.000162,0.000895,0.000872,0.00224567,0.002239,0.00129696,0.001276
0.0,0.0,1.4399998188018799,1.47,0.000166917,0.000164,0.000848667,0.000847,0.00245733,0.002456,0.00147608,0.00134
0.009999990463256836,0.0,1.4499998092651367,1.47,0.0001625,0.000162,0.000857,0.000848,0.00243487,0.002432,0.00126592,0.001093
0.009999990463256836,0.0,1.4499998092651367,1.47,0.000168459,0.000167,0.000923125,0.00092,0.00256421,0.002563,0.00136912,0.001357
Average,0.007999992370605469,0.0,1.4479998111724854,1.47,0.0001664918,0.000165,0.0008846084000000001,0.0008768,0.0024357580000000005,0.002432,0.00137305,0.0012824
