DatalogToCPPRealTime,DatalogToCPPCPUTime,CompileRealTime,CompileCPUTime,InstanceLoadingRealTime,InstanceLoadingCPUTime,LoadingFactRealTime,LoadingFactCPUTime,QueryRealTime,QueryCPUTime,WritingResultRealTime,WritingResultCPUTime
0.009999990463256836,0.0,1.440000057220459,1.46,0.000149959,0.000148,0.00132342,0.001322,0.00328917,0.003205,0.00176204,0.001759
0.009999990463256836,0.0,1.440000057220459,1.47,0.000146667,0.000146,0.00118837,0.001171,0.00297996,0.002975,0.001827,0.001793
0.009999990463256836,0.0,1.440000057220459,1.45,0.000186041,0.000183,0.00129258,0.001282,0.00306946,0.003062,0.00185175,0.001769
0.009999990463256836,0.0,1.4500000476837158,1.46,0.000175167,0.000174,0.00125629,0.001254,0.00320767,0.0032,0.00195321,0.001743
0.009999990463256836,0.0,1.4500000476837158,1.47,0.000153042,0.000151,0.00134396,0.001339,0.00321738,0.003202,0.00212646,0.002063
Average,0.009999990463256836,0.0,1.4440000534057618,1.462,0.00016217519999999999,0.0001604,0.001280924,0.0012736,0.0031527279999999996,0.0031287999999999997,0.001904092,0.0018254
