DatalogToCPPRealTime,DatalogToCPPCPUTime,CompileRealTime,CompileCPUTime,InstanceLoadingRealTime,InstanceLoadingCPUTime,LoadingFactRealTime,LoadingFactCPUTime,QueryRealTime,QueryCPUTime,WritingResultRealTime,WritingResultCPUTime
0.019999980926513672,0.010000000000000009,1.4700000286102295,1.4600000000000002,0.000164417,0.000163,0.00176842,0.001755,0.0361043,0.036082,0.0123462,0.011581
0.019999980926513672,0.0,1.4700000286102295,1.4200000000000002,0.000133625,0.000133,0.00154137,0.001539,0.036539,0.036469,0.0116659,0.011291
0.009999990463256836,0.0,1.4200000762939453,1.4500000000000002,0.000183125,0.000182,0.00145325,0.001452,0.0327029,0.032702,0.0110235,0.011022
0.009999990463256836,0.0,1.380000114440918,1.4100000000000001,0.000131459,0.000131,0.00158767,0.001584,0.0361748,0.03616,0.0113288,0.011326
0.019999980926513672,0.009999999999999995,1.3600001335144043,1.3900000000000001,0.0,0.0,0.000580958,0.00058,0.0197098,0.019684,0.0102643,0.009353
Average,0.015999984741210938,0.004000000000000001,1.4200000762939453,1.4260000000000002,0.0001225252,0.0001218,0.0013863336,0.001382,0.03224616,0.0322194,0.01132574,0.0109146
