DatalogToCPPRealTime,DatalogToCPPCPUTime,CompileRealTime,CompileCPUTime,InstanceLoadingRealTime,InstanceLoadingCPUTime,LoadingFactRealTime,LoadingFactCPUTime,QueryRealTime,QueryCPUTime,WritingResultRealTime,WritingResultCPUTime
0.009999990463256836,0.010000000000000002,1.4500000476837158,1.47,0.000206375,0.000204,0.00193054,0.001928,0.14797,0.147819,0.00263454,0.002626
0.009999990463256836,0.010000000000000002,1.4399998188018799,1.46,0.000191666,0.000189,0.00201225,0.001998,0.14926,0.149128,0.00267629,0.002674
0.009999990463256836,0.0,1.4600000381469727,1.48,0.000182,0.00018,0.00189663,0.001892,0.147208,0.147098,0.00265004,0.00265
0.009999990463256836,0.0,1.4399998188018799,1.47,0.000196208,0.000194,0.00164262,0.001641,0.146875,0.146786,0.00262208,0.002621
0.009999990463256836,0.010000000000000002,1.4500000476837158,1.47,0.000183917,0.000182,0.00183558,0.001828,0.147414,0.147305,0.00266304,0.002647
Average,0.009999990463256836,0.006000000000000001,1.4479999542236328,1.47,0.0001920332,0.0001898,0.001863524,0.0018574,0.14774539999999997,0.14762720000000001,0.002649198,0.0026436000000000003
