DatalogToCPPRealTime,DatalogToCPPCPUTime,CompileRealTime,CompileCPUTime,InstanceLoadingRealTime,InstanceLoadingCPUTime,LoadingFactRealTime,LoadingFactCPUTime,QueryRealTime,QueryCPUTime,WritingResultRealTime,WritingResultCPUTime
0.009999990463256836,0.010000000000000002,1.440000057220459,1.46,0.000165167,0.000164,0.00633621,0.006287,0.263303,0.262993,0.0353338,0.035281
0.009999990463256836,0.010000000000000002,1.4700000286102295,1.48,0.000159375,0.000158,0.00575612,0.005707,0.262211,0.262002,0.0351837,0.035056
0.009999990463256836,0.010000000000000002,1.4500000476837158,1.48,0.000221708,0.000164,0.00609708,0.006043,0.263539,0.263255,0.0352234,0.035173
0.009999990463256836,0.0,1.4600000381469727,1.49,0.000162917,0.000161,0.00555396,0.005531,0.261319,0.261037,0.0402683,0.034866
0.010000228881835938,0.010000000000000002,1.4499998092651367,1.47,0.000201833,0.0002,0.00484325,0.004842,0.259295,0.258994,0.0352421,0.035169
Average,0.010000038146972656,0.008000000000000002,1.4539999961853027,1.476,0.00018220000000000004,0.0001694,0.005717324,0.005682,0.26193340000000004,0.2616562,0.03625026,0.035109
