DatalogToCPPRealTime,DatalogToCPPCPUTime,CompileRealTime,CompileCPUTime,InstanceLoadingRealTime,InstanceLoadingCPUTime,LoadingFactRealTime,LoadingFactCPUTime,QueryRealTime,QueryCPUTime,WritingResultRealTime,WritingResultCPUTime
0.009999990463256836,0.010000000000000002,1.4399998188018799,1.47,0.00019475,0.000193,0.00645725,0.006416,7.13615,7.12378,0.0361374,0.036089
0.009999990463256836,0.0,1.4500000476837158,1.48,0.000181834,0.000179,0.00580975,0.005791,7.12268,7.11059,0.0349219,0.034879
0.009999990463256836,0.010000000000000002,1.4500000476837158,1.47,0.000163375,0.000162,0.00356296,0.003563,7.1286,7.11508,0.0357135,0.035672
0.009999990463256836,0.0,1.4500000476837158,1.48,0.000190625,0.000189,0.00608817,0.006048,7.13975,7.12692,0.0350446,0.035004
0.009999990463256836,0.0,1.440000057220459,1.45,0.000229959,0.000215,0.0063645,0.006299,7.13106,7.11925,0.0478621,0.035892
Average,0.009999990463256836,0.004000000000000001,1.4460000038146972,1.4700000000000002,0.0001921086,0.0001876,0.005656526,0.0056234,7.131648,7.119124000000001,0.0379359,0.0355072
