DatalogToCPPRealTime,DatalogToCPPCPUTime,CompileRealTime,CompileCPUTime,InstanceLoadingRealTime,InstanceLoadingCPUTime,LoadingFactRealTime,LoadingFactCPUTime,QueryRealTime,QueryCPUTime,WritingResultRealTime,WritingResultCPUTime
0.009999990463256836,0.010000000000000002,1.440000057220459,1.47,0.000186583,0.000185,0.00192421,0.001918,0.0273715,0.027338,0.00396479,0.003964
0.009999990463256836,0.010000000000000002,1.4500000476837158,1.47,0.000162167,0.00016,0.00193671,0.00192,0.0272076,0.027175,0.00310796,0.003106
0.009999990463256836,0.010000000000000002,1.4500000476837158,1.47,0.000183959,0.000183,0.00193392,0.001926,0.0281273,0.0281,0.00448425,0.003978
0.009999990463256836,0.0,1.4500000476837158,1.47,0.000169083,0.000168,0.00176133,0.001726,0.0268648,0.026827,0.00393121,0.00393
0.009999990463256836,0.010000000000000002,1.440000057220459,1.47,0.00015025,0.000149,0.00106463,0.001063,0.0205983,0.020592,0.0054675,0.003448
Average,0.009999990463256836,0.008000000000000002,1.446000051498413,1.47,0.0001704084,0.00016900000000000002,0.00172416,0.0017106,0.0260339,0.026006400000000002,0.004191142,0.0036851999999999996
