DatalogToCPPRealTime,DatalogToCPPCPUTime,CompileRealTime,CompileCPUTime,InstanceLoadingRealTime,InstanceLoadingCPUTime,LoadingFactRealTime,LoadingFactCPUTime,QueryRealTime,QueryCPUTime,WritingResultRealTime,WritingResultCPUTime
0.009999990463256836,0.0,1.4399998188018799,1.47,0.000149208,0.000147,0.00255825,0.002532,0.0463144,0.046285,0.00643617,0.006435
0.009999990463256836,0.010000000000000002,1.440000057220459,1.46,0.000161667,0.000161,0.00261087,0.002609,0.0468462,0.046816,0.006315,0.006314
0.009999990463256836,0.010000000000000002,1.440000057220459,1.47,0.000150667,0.00015,0.00259683,0.002594,0.0470072,0.04695,0.00627163,0.006269
0.009999990463256836,0.010000000000000002,1.4500000476837158,1.46,0.000165416,0.000164,0.00257704,0.002575,0.046677,0.046629,0.00635017,0.006348
0.009999990463256836,0.0,1.440000057220459,1.47,0.000153208,0.000151,0.00259217,0.00259,0.0462801,0.046249,0.00643242,0.00643
Average,0.009999990463256836,0.006000000000000001,1.4420000076293946,1.4659999999999997,0.0001560332,0.0001546,0.002587032,0.00258,0.046624979999999996,0.0465858,0.006361077999999999,0.0063592
