DatalogToCPPRealTime,DatalogToCPPCPUTime,CompileRealTime,CompileCPUTime,InstanceLoadingRealTime,InstanceLoadingCPUTime,LoadingFactRealTime,LoadingFactCPUTime,QueryRealTime,QueryCPUTime,WritingResultRealTime,WritingResultCPUTime
0.009999990463256836,0.0,1.4500000476837158,1.47,0.000149,0.000147,0.00408737,0.004055,0.0992804,0.099245,0.0140691,0.014059
0.009999990463256836,0.010000000000000002,1.440000057220459,1.46,0.000178958,0.000169,0.00420542,0.004195,0.0998358,0.099793,0.0141683,0.014161
0.009999990463256836,0.010000000000000002,1.4399998188018799,1.46,0.0001695,0.000144,0.00400463,0.003985,0.0987877,0.098745,0.0139528,0.013917
0.009999990463256836,0.0,1.440000057220459,1.46,0.000153167,0.000151,0.00402371,0.00401,0.0990942,0.099016,0.0139245,0.013853
0.009999990463256836,0.010000000000000002,1.440000057220459,1.46,0.000162834,0.00016,0.00402646,0.004022,0.0992288,0.099184,0.014091,0.014007
Average,0.009999990463256836,0.006000000000000001,1.4420000076293946,1.462,0.00016269179999999997,0.0001542,0.004069517999999999,0.0040534,0.09924538000000001,0.0991966,0.014041139999999999,0.0139994
