DatalogToCPPRealTime,DatalogToCPPCPUTime,CompileRealTime,CompileCPUTime,InstanceLoadingRealTime,InstanceLoadingCPUTime,LoadingFactRealTime,LoadingFactCPUTime,QueryRealTime,QueryCPUTime,WritingResultRealTime,WritingResultCPUTime
0.009999990463256836,0.0,1.4700000286102295,1.5,0.000189125,0.000188,0.00696529,0.006936,10.8303,10.8135,0.0471182,0.047032
0.009999990463256836,0.0,1.4500000476837158,1.47,0.000200583,0.000198,0.00671458,0.006665,10.8611,10.8421,0.046401,0.046264
0.009999990463256836,0.010000000000000002,1.4399998188018799,1.47,0.000171166,0.00017,0.00680904,0.006783,10.8349,10.8182,0.0469623,0.046894
0.009999990463256836,0.0,1.4500000476837158,1.48,0.000186875,0.000186,0.00678379,0.006759,10.8434,10.8231,0.046418,0.046346
0.009999990463256836,0.010000000000000002,1.4500000476837158,1.47,0.000180292,0.000179,0.00692692,0.006873,10.8925,10.8735,0.0531097,0.046461
Average,0.009999990463256836,0.004000000000000001,1.4519999980926515,1.478,0.0001856082,0.00018419999999999998,0.006839924,0.0068032,10.85244,10.834079999999998,0.048001840000000004,0.0465994
