DatalogToCPPRealTime,DatalogToCPPCPUTime,CompileRealTime,CompileCPUTime,InstanceLoadingRealTime,InstanceLoadingCPUTime,LoadingFactRealTime,LoadingFactCPUTime,QueryRealTime,QueryCPUTime,WritingResultRealTime,WritingResultCPUTime
0.009999990463256836,0.0,1.440000057220459,1.47,0.000157166,0.000156,0.00322433,0.003223,0.0740686,0.074026,0.01053,0.009847
0.009999990463256836,0.010000000000000002,1.4500000476837158,1.47,0.000181291,0.00018,0.00274583,0.002745,0.0717644,0.071751,0.0122078,0.009631
0.010000228881835938,0.0,1.4799997806549072,1.5,0.00015325,0.000151,0.00362808,0.003545,0.0745383,0.074494,0.00963012,0.009627
0.009999990463256836,0.0,1.440000057220459,1.46,0.000150333,0.000149,0.00355867,0.003551,0.074068,0.074019,0.0096675,0.009664
0.009999990463256836,0.010000000000000002,1.440000057220459,1.46,0.000153958,0.000153,0.00329658,0.003293,0.0738262,0.073778,0.00971954,0.009718
Average,0.010000038146972656,0.004000000000000001,1.45,1.472,0.0001591996,0.00015780000000000001,0.0032906980000000003,0.0032714,0.0736531,0.0736136,0.010350992,0.0096974
