DatalogToCPPRealTime,DatalogToCPPCPUTime,CompileRealTime,CompileCPUTime,InstanceLoadingRealTime,InstanceLoadingCPUTime,LoadingFactRealTime,LoadingFactCPUTime,QueryRealTime,QueryCPUTime,WritingResultRealTime,WritingResultCPUTime
0.009999990463256836,0.010000000000000002,1.4700000286102295,1.48,0.000161833,0.000156,0.00274588,0.002711,0.0501603,0.050122,0.00626725,0.006244
0.009999990463256836,0.0,1.4399998188018799,1.48,0.000171042,0.000169,0.00269554,0.002677,0.0499545,0.049907,0.006105,0.006103
0.009999990463256836,0.0,1.4499998092651367,1.48,0.000160417,0.000159,0.00251775,0.00251,0.0491892,0.049155,0.00606542,0.006063
0.009999990463256836,0.010000000000000002,1.4500000476837158,1.47,0.000165208,0.000164,0.00265125,0.002636,0.0499969,0.049957,0.00609192,0.00609
0.009999990463256836,0.0,1.4500000476837158,1.47,0.000156542,0.000155,0.00232525,0.002323,0.0492339,0.049201,0.00605092,0.006049
Average,0.009999990463256836,0.004000000000000001,1.4519999504089356,1.4759999999999998,0.0001630084,0.00016059999999999997,0.0025871340000000005,0.0025714,0.04970696,0.0496684,0.006116102000000001,0.0061098
