CreateTableRealTime,CreateTableCPUTime,LoadDataRealTime,LoadDataCPUTime,CreateIndexRealTime,CreateIndexCPUTime,AnalyzeRealTime,AnalyzeCPUTime,ExecuteQueryRealTime,ExecuteQueryCPUTime,WriteResultRealTime,WriteResultCPUTime
0.023302666028030217,6.60000000000105e-05,0.32003529102075845,0.0003369999999999762,0.5550526659935713,0.00020500000000001073,0.1700040409923531,0.00012000000000000899,0.2722810829873197,0.00016500000000002624,0.04287279094569385,0.00030999999999997696
0.027137290977407247,4.599999999999049e-05,0.32375283405417576,0.00036000000000002697,0.5768249160028063,0.00027399999999999647,0.1735228339675814,0.00019099999999999673,0.26917066698661074,0.00011200000000000099,0.04500812495825812,9.999999999998899e-05
0.026528291986323893,6.20000000000065e-05,0.3243588750483468,0.00037800000000004497,0.5869214999838732,0.00030999999999997696,0.17413050000322983,0.00014700000000000824,0.287542250007391,0.00010299999999996423,0.04299874999560416,0.00021799999999999597
0.03054587502265349,4.599999999999049e-05,0.3187165830167942,0.0003429999999999822,0.5763671659515239,0.0002869999999999817,0.18309562501963228,0.00023200000000000998,0.30844262504251674,0.00017000000000000348,0.04384133400162682,0.00018200000000001548
0.02666670799953863,7.499999999999174e-05,0.31820562499342486,0.00014900000000001024,0.5633254590211436,0.0002570000000000072,0.19843845797004178,0.00022600000000000398,0.28692058398155496,0.00020099999999995122,0.04274841595906764,0.0002469999999999972
Average,0.026836166402790695,5.8999999999997944e-05,0.3210138416267,0.0003134000000000081,0.5716983413905836,0.0002665999999999946,0.1798382915905677,0.0001832000000000056,0.2848714418010786,0.00015019999999998923,0.04349388317205012,0.00021139999999999492
