CreateTableRealTime,CreateTableCPUTime,LoadDataRealTime,LoadDataCPUTime,CreateIndexRealTime,CreateIndexCPUTime,AnalyzeRealTime,AnalyzeCPUTime,ExecuteQueryRealTime,ExecuteQueryCPUTime,WriteResultRealTime,WriteResultCPUTime
0.030000001192092896,0.0,1.339999996125698,0.0,1.8700000047683716,0.0,0.26999999582767487,0.0,0.26000000536441803,0.0,0.0299999937415123,0.0
0.019999995827674866,0.0,0.30000000447034836,0.0,0.6099999994039536,0.0,1.280000001192093,0.0,1.9399999976158142,0.0,0.13000000268220901,0.0
0.019999995827674866,0.0,0.27000000327825546,0.0,0.6000000014901161,0.0,0.1899999976158142,0.0,0.28999999910593033,0.0,0.030000001192092896,0.0
Average,0.02333333094914754,0.0,0.6366666679581007,0.0,1.026666668554147,0.0,0.5799999982118607,0.0,0.8300000006953875,0.0,0.06333333253860474,0.0
