CreateTableRealTime,CreateTableCPUTime,LoadDataRealTime,LoadDataCPUTime,CreateIndexRealTime,CreateIndexCPUTime,AnalyzeRealTime,AnalyzeCPUTime,ExecuteQueryRealTime,ExecuteQueryCPUTime,WriteResultRealTime,WriteResultCPUTime
0.0299999937415123,0.0,0.4399999976158142,0.0,0.9100000038743019,0.0,0.25,0.0,0.4399999976158142,0.0,0.04999999701976776,0.0
0.030000001192092896,0.0,0.42000000178813934,0.0,0.9399999976158142,0.0,0.3700000047683716,0.0,0.8500000014901161,0.009999999999999898,0.04999999701976776,0.0
0.030000001192092896,0.0,0.42000000178813934,0.0,0.9900000020861626,0.0,0.26999999582767487,0.0,0.45000000298023224,0.0,0.04999999701976776,0.0
Average,0.02999999870856603,0.0,0.42666666706403095,0.0,0.9466666678587595,0.0,0.2966666668653488,0.0,0.5800000006953875,0.0033333333333332993,0.04999999701976776,0.0
