CreateTableRealTime,CreateTableCPUTime,LoadDataRealTime,LoadDataCPUTime,CreateIndexRealTime,CreateIndexCPUTime,AnalyzeRealTime,AnalyzeCPUTime,ExecuteQueryRealTime,ExecuteQueryCPUTime,WriteResultRealTime,WriteResultCPUTime
0.019999995827674866,0.0,0.39000000059604645,0.0,0.8700000047683716,0.0,0.2799999937415123,0.0,0.5300000011920929,0.0,0.08000000566244125,0.0
0.020000003278255463,0.0,0.42000000178813934,0.0,0.9099999964237213,0.0,0.25,0.0,0.5300000011920929,0.0,0.07000000029802322,0.0
0.07999999821186066,0.0,0.8100000023841858,0.0,0.8599999994039536,0.0,0.29999999701976776,0.0,0.5799999982118607,0.0,0.06000000238418579,0.0
Average,0.03999999910593033,0.0,0.5400000015894572,0.0,0.8800000001986822,0.0,0.27666666358709335,0.0,0.5466666668653488,0.0,0.0700000027815501,0.0
