CreateTableRealTime,CreateTableCPUTime,LoadDataRealTime,LoadDataCPUTime,CreateIndexRealTime,CreateIndexCPUTime,AnalyzeRealTime,AnalyzeCPUTime,ExecuteQueryRealTime,ExecuteQueryCPUTime,WriteResultRealTime,WriteResultCPUTime
0.025919125007931143,4.599999999999049e-05,0.3176692500128411,0.00029200000000001447,0.5825829590321518,0.00028800000000001047,0.1718723329831846,0.00013900000000000023,0.260067832947243,5.1999999999996493e-05,0.018705375026911497,9.199999999998099e-05
0.02918512502219528,7.799999999996698e-05,0.28208425000775605,0.00022199999999999998,0.5693446249933913,0.0003589999999999982,0.17671600001631305,0.00011800000000000699,0.2526615420356393,0.00018099999999998673,0.019317416998092085,0.00021999999999999797
0.02710137504618615,5.499999999997174e-05,0.31948458298575133,0.0002510000000000012,0.5794569160207175,0.0003130000000000077,0.17149445897666737,0.00017699999999998273,0.25476570799946785,0.00013599999999996948,0.01732604205608368,0.00015299999999995872
0.027822625008411705,9.399999999998299e-05,0.3122257079812698,0.00017600000000000948,0.5760579589987174,0.00022699999999997722,0.17185599997173995,0.00015199999999998548,0.2214765000389889,0.00034800000000001496,0.019062249979469925,0.00025199999999997447
0.017987667000852525,4.900000000002125e-05,0.3153964169905521,0.0003009999999999957,0.5969962920062244,0.0003430000000000377,0.1763150419574231,0.00017400000000000748,0.21894337504636496,0.000124000000000013,0.019846124981995672,0.00017699999999998273
Average,0.02560318341711536,6.439999999998668e-05,0.3093720415956341,0.0002484000000000042,0.5808877502102405,0.00030600000000000625,0.1736507667810656,0.0001519999999999966,0.2415829916135408,0.00016819999999999612,0.01885144180851057,0.00017879999999997898
