CreateTableRealTime,CreateTableCPUTime,LoadDataRealTime,LoadDataCPUTime,CreateIndexRealTime,CreateIndexCPUTime,AnalyzeRealTime,AnalyzeCPUTime,ExecuteQueryRealTime,ExecuteQueryCPUTime,WriteResultRealTime,WriteResultCPUTime
0.018801208992954344,8.299999999999974e-05,0.2969457910512574,0.00022400000000000198,0.5592322500306182,0.00034000000000000696,0.1486526250373572,0.00022799999999995046,0.19320404197787866,0.00029399999999996096,0.0245799160329625,0.0003789999999999627
0.014375458005815744,7.199999999996098e-05,0.28496629203436896,0.0003910000000000302,0.540219500020612,0.0004899999999999904,0.14144166698679328,0.00026999999999999247,0.1890492499805987,0.00028600000000000847,0.02166479203151539,0.00040000000000001146
0.01976149994879961,5.299999999996974e-05,0.2761272919597104,0.0003029999999999977,0.536650667025242,0.00042800000000003946,0.1789667920093052,0.00024099999999999122,0.18884079199051484,0.00020700000000001273,0.02329258300596848,0.0002710000000000212
0.016565540980082005,5.699999999997374e-05,0.27572804200462997,0.0002689999999999637,0.5765534170204774,0.0003650000000000042,0.1675352500169538,0.00021300000000001873,0.20189366699196398,0.000130000000000019,0.025629958021454513,0.0003170000000000117
0.01940662501147017,7.099999999998774e-05,0.2835297919809818,0.00034800000000001496,0.5483924170257524,0.00033199999999999896,0.1739868750446476,0.00020400000000003748,0.20684337499551475,0.00023400000000001198,0.02222854201681912,0.0002909999999999857
Average,0.017782066587824375,6.719999999997839e-05,0.2834594418061897,0.0003070000000000017,0.5522096502245404,0.000391000000000008,0.16211664181901142,0.00023119999999999808,0.19596622518729417,0.00023020000000000261,0.023479158221744,0.0003315999999999986
