CreateTableRealTime,CreateTableCPUTime,LoadDataRealTime,LoadDataCPUTime,CreateIndexRealTime,CreateIndexCPUTime,AnalyzeRealTime,AnalyzeCPUTime,ExecuteQueryRealTime,ExecuteQueryCPUTime,WriteResultRealTime,WriteResultCPUTime
0.027158584038261324,8.00000000000245e-05,0.3184509170241654,0.0004149999999999987,0.5862708749482408,0.00028200000000000447,0.17648291698424146,0.00015199999999998548,0.2513689580373466,0.00014300000000000423,0.03513479098910466,0.00021300000000001873
0.018885541998315603,8.399999999997299e-05,0.3171657499624416,0.0002690000000000192,0.6030736670363694,0.00021500000000002073,0.17507100000511855,7.00000000000145e-05,0.26757625001482666,6.399999999995298e-05,0.03585599997313693,9.500000000001174e-05
0.02859058399917558,9.100000000000774e-05,0.32825470803072676,0.00039599999999995195,0.5641593750333413,0.00020699999999995722,0.1696511250338517,0.00018200000000001548,0.2506776250083931,0.00015699999999996272,0.03544900001725182,0.00022299999999997322
0.024002375022973865,3.900000000001125e-05,0.32515516702551395,0.00035800000000002496,0.5712857079925016,0.00040599999999996195,0.17556524998508394,0.00017300000000003424,0.25403695803834125,0.00012899999999999023,0.03469033294823021,0.00019000000000002348
0.021661416976712644,6.60000000000105e-05,0.27368241595104337,0.000152000000000041,0.6054290410247631,0.0003260000000000485,0.1872094579739496,0.00010999999999999899,0.25482208299217746,0.000136000000000025,0.04293691599741578,0.00020400000000003748
Average,0.024059700407087804,7.20000000000054e-05,0.3125417915987782,0.0003180000000000072,0.5860437332070433,0.0002871999999999986,0.17679594999644904,0.00013740000000000974,0.255696374818217,0.00012579999999998704,0.03681340798502788,0.00018500000000001293
