CreateTableRealTime,CreateTableCPUTime,LoadDataRealTime,LoadDataCPUTime,CreateIndexRealTime,CreateIndexCPUTime,AnalyzeRealTime,AnalyzeCPUTime,ExecuteQueryRealTime,ExecuteQueryCPUTime,WriteResultRealTime,WriteResultCPUTime
0.08000000566244125,0.0,0.7800000011920929,0.0,0.5899999961256981,0.0,0.1899999976158142,0.0,0.27000000327825546,0.0,0.019999995827674866,0.0
0.020000003278255463,0.0,0.3200000002980232,0.0,0.6499999985098839,0.0,0.20000000298023224,0.0,0.25,0.0,0.019999995827674866,0.0
0.04999999701976776,0.0,0.45000000298023224,0.0,0.630000002682209,0.0,0.21000000089406967,0.0,0.26999999582767487,0.0,0.030000001192092896,0.0
Average,0.050000001986821495,0.0,0.5166666681567827,0.0,0.6233333324392637,0.0,0.20000000049670538,0.0,0.2633333330353101,0.0,0.02333333094914754,0.0
