CreateTableRealTime,CreateTableCPUTime,LoadDataRealTime,LoadDataCPUTime,CreateIndexRealTime,CreateIndexCPUTime,AnalyzeRealTime,AnalyzeCPUTime,ExecuteQueryRealTime,ExecuteQueryCPUTime,WriteResultRealTime,WriteResultCPUTime
0.020000003278255463,0.0,0.32999999821186066,0.0,0.6700000017881393,0.0,0.19999999552965164,0.0,0.24000000208616257,0.0,0.020000003278255463,0.0
0.030000001192092896,0.0,0.3499999940395355,0.0,0.6799999997019768,0.0,0.20000000298023224,0.0,0.25,0.0,0.020000003278255463,0.0
0.0299999937415123,0.0,0.380000002682209,0.0,0.7199999988079071,0.0,0.1900000050663948,0.0,0.25999999791383743,0.0,0.019999995827674866,0.0
Average,0.02666666607062022,0.0,0.35333333164453506,0.0,0.690000000099341,0.0,0.19666666785875955,0.0,0.25,0.0,0.020000000794728596,0.0
