CreateTableRealTime,CreateTableCPUTime,LoadDataRealTime,LoadDataCPUTime,CreateIndexRealTime,CreateIndexCPUTime,AnalyzeRealTime,AnalyzeCPUTime,ExecuteQueryRealTime,ExecuteQueryCPUTime,WriteResultRealTime,WriteResultCPUTime
0.018748125003185123,6.700000000003925e-05,0.24031016597291455,0.0003590000000000537,0.5565215829992667,0.00041000000000002146,0.17583737504901364,0.00026999999999999247,0.2514620419824496,0.00020599999999998397,0.030175082967616618,0.00031999999999998696
0.017988374980632216,5.100000000002325e-05,0.2953384169959463,0.00028000000000000247,0.5480175419943407,0.0003150000000000097,0.17938345798756927,0.000138000000000027,0.24359345802804455,0.000136000000000025,0.02713066595606506,0.00027399999999999647
0.01699308294337243,6.699999999998374e-05,0.2836090420023538,0.00038199999999999346,0.5824371670023538,0.00034600000000001296,0.18003350001526996,0.00028999999999995696,0.23189812497003004,0.00034400000000001096,0.028994500054977834,0.0004009999999999847
0.02102162502706051,6.40000000000085e-05,0.2953679590136744,0.0003290000000000237,0.5394530829507858,0.00042199999999997795,0.1648567920201458,0.00020999999999998797,0.2066037500044331,0.0002730000000000232,0.028424250020179898,0.00031999999999998696
0.020888541010208428,6.60000000000105e-05,0.31519016600213945,0.0004250000000000087,0.5226252499851398,0.0003270000000000217,0.1423038329812698,0.0002809999999999757,0.1947194579988718,0.00018599999999996397,0.0282839999999851,0.00027199999999999447
Average,0.01912794979289174,6.300000000001305e-05,0.2859631499974057,0.00035500000000001644,0.5498109249863774,0.00036400000000000874,0.1684829916106537,0.00023779999999998803,0.22565536659676583,0.00022900000000000142,0.0286016997997649,0.00031739999999998993
