CreateTableRealTime,CreateTableCPUTime,LoadDataRealTime,LoadDataCPUTime,CreateIndexRealTime,CreateIndexCPUTime,AnalyzeRealTime,AnalyzeCPUTime,ExecuteQueryRealTime,ExecuteQueryCPUTime,WriteResultRealTime,WriteResultCPUTime
0.018832208996172994,5.899999999997574e-05,0.2802196249831468,0.0003549999999999942,0.5688767919782549,0.0003509999999999902,0.16774529201211408,0.00024599999999996847,0.24794295901665464,0.00021599999999999397,0.01792087499052286,0.0004250000000000087
0.01962937496136874,4.999999999999449e-05,0.2854727089870721,0.0004030000000000422,0.5258070420240983,0.0002830000000000332,0.16748558398103341,0.00029400000000001647,0.19065054197562858,0.0002489999999999992,0.018997250008396804,0.00035399999999996545
0.021111125010065734,7.899999999999574e-05,0.28545991698047146,0.0004770000000000052,0.5114162499667145,0.00030600000000002847,0.1550942919566296,0.0003110000000000057,0.1928595420322381,0.0004170000000000007,0.019497458008117974,0.0003350000000000297
0.01871324999956414,7.099999999998774e-05,0.25915308302501217,0.00037399999999998546,0.5152777910116129,0.00031800000000004047,0.16221824998501688,0.00029999999999996696,0.26255437498912215,0.00023499999999998522,0.018745167006272823,0.00033600000000000296
0.019690999994054437,6.899999999998574e-05,0.28741241700481623,0.00035400000000002096,0.576164832978975,0.0003909999999999747,0.17735704098595306,0.00019500000000000073,0.2053639580262825,0.0002689999999999637,0.019885667017661035,0.0003509999999999902
Average,0.01959539179224521,6.559999999998789e-05,0.2795435501961038,0.0003926000000000096,0.5395085415919312,0.00032980000000001344,0.1659800917841494,0.0002691999999999917,0.2198742752079852,0.0002771999999999886,0.0190092834061943,0.00036019999999999943
