CreateTableRealTime,CreateTableCPUTime,LoadDataRealTime,LoadDataCPUTime,CreateIndexRealTime,CreateIndexCPUTime,AnalyzeRealTime,AnalyzeCPUTime,ExecuteQueryRealTime,ExecuteQueryCPUTime,WriteResultRealTime,WriteResultCPUTime
0.0226482090074569,6.899999999998574e-05,0.3264717080164701,0.00034200000000000896,0.5648782500065863,0.00016499999999997073,0.1784885000088252,0.00015899999999996473,0.34788766596466303,0.00014100000000000223,0.07088241598103195,0.00015300000000001424
0.023850209021475166,7.60000000000205e-05,0.3325193340424448,0.00029400000000001647,0.5497381250024773,0.00028400000000000647,0.18501604197081178,8.20000000000265e-05,0.364337999955751,7.799999999996698e-05,0.06887616700259969,0.00022699999999997722
0.021446082973852754,5.699999999997374e-05,0.3094489580253139,0.00027199999999999447,0.569257958966773,0.00023899999999998922,0.17477383301593363,0.00022800000000000598,0.3449502079747617,0.00018599999999996397,0.0706866669934243,0.00019700000000000273
0.026954875036608428,4.699999999996374e-05,0.3305544579634443,0.0002989999999999937,0.5781459169811569,0.00027399999999999647,0.1757108330493793,8.700000000000374e-05,0.34546208300162107,0.00011800000000000699,0.07282008300535381,0.00019500000000000073
0.01903075003065169,5.100000000002325e-05,0.33425875002285466,0.0003029999999999977,0.5709742500330321,0.0002989999999999937,0.18346758396364748,0.00010500000000002174,0.3563194579910487,0.00011100000000002774,0.07086099998559803,0.0003070000000000017
Average,0.022786025214008986,5.9999999999993395e-05,0.32665064161410556,0.00030200000000000224,0.5665989001980052,0.00025219999999999133,0.17949135840171948,0.00013220000000000454,0.3517914829775691,0.0001267999999999936,0.07082526659360155,0.00021579999999999934
