CreateTableRealTime,CreateTableCPUTime,LoadDataRealTime,LoadDataCPUTime,CreateIndexRealTime,CreateIndexCPUTime,AnalyzeRealTime,AnalyzeCPUTime,ExecuteQueryRealTime,ExecuteQueryCPUTime,WriteResultRealTime,WriteResultCPUTime
0.01000000536441803,0.0,0.3200000002980232,0.0,0.6499999985098839,0.0,0.20000000298023224,0.0,0.3799999952316284,0.0,0.05000000447034836,0.0
0.009999997913837433,0.0,0.29999999701976776,0.0,0.6200000047683716,0.0,0.1899999976158142,0.0,0.3500000014901161,0.0,0.04999999701976776,0.0
0.019999995827674866,0.0,0.33000000566244125,0.0,0.6299999952316284,0.0,0.21000000089406967,0.0,0.35999999940395355,0.0,0.06000000238418579,0.0
Average,0.01333333303531011,0.0,0.3166666676600774,0.0,0.633333332836628,0.0,0.20000000049670538,0.0,0.3633333320418994,0.0,0.0533333346247673,0.0
