CreateTableRealTime,CreateTableCPUTime,LoadDataRealTime,LoadDataCPUTime,CreateIndexRealTime,CreateIndexCPUTime,AnalyzeRealTime,AnalyzeCPUTime,ExecuteQueryRealTime,ExecuteQueryCPUTime,WriteResultRealTime,WriteResultCPUTime
0.0299999937415123,0.0,0.3100000023841858,0.0,0.5900000035762787,0.0,0.17999999970197678,0.0,0.35999999940395355,0.0,0.03999999910593033,0.0
0.01000000536441803,0.0,0.29999999701976776,0.0,0.6200000047683716,0.0,0.17999999970197678,0.0,0.39000000059604645,0.0,0.03999999910593033,0.0
0.030000001192092896,0.0,0.3200000002980232,0.0,0.7199999988079071,0.0,0.1900000050663948,0.0,0.41999999433755875,0.020000000000000007,0.040000006556510925,0.0
Average,0.023333333432674408,0.0,0.3099999999006589,0.0,0.6433333357175192,0.0,0.18333333482344946,0.0,0.38999999811251956,0.006666666666666669,0.04000000158945719,0.0
