CreateTableRealTime,CreateTableCPUTime,LoadDataRealTime,LoadDataCPUTime,CreateIndexRealTime,CreateIndexCPUTime,AnalyzeRealTime,AnalyzeCPUTime,ExecuteQueryRealTime,ExecuteQueryCPUTime,WriteResultRealTime,WriteResultCPUTime
0.009999997913837433,0.020000000000000007,0.3100000023841858,0.0,0.630000002682209,0.0,0.2199999988079071,0.0,0.75,0.0,0.14000000059604645,0.0
0.019999995827674866,0.0,0.36000000685453415,0.0,0.6599999964237213,0.0,0.23000000417232513,0.0,0.8500000014901161,0.0,0.09999999403953552,0.0
0.019999995827674866,0.0,0.32999999821186066,0.0,0.7800000011920929,0.0,0.2800000011920929,0.0,1.0600000023841858,0.0,0.14000000059604645,0.0
Average,0.016666663189729054,0.006666666666666669,0.3333333358168602,0.0,0.690000000099341,0.0,0.24333333472410837,0.0,0.8866666679581007,0.0,0.12666666507720947,0.0
