CreateTableRealTime,CreateTableCPUTime,LoadDataRealTime,LoadDataCPUTime,CreateIndexRealTime,CreateIndexCPUTime,AnalyzeRealTime,AnalyzeCPUTime,ExecuteQueryRealTime,ExecuteQueryCPUTime,WriteResultRealTime,WriteResultCPUTime
0.011536417005117983,5.700000000002925e-05,0.2758252499625087,0.00020500000000001073,0.4954898330033757,0.0003150000000000097,0.17455104197142646,0.00029999999999996696,0.3622905830270611,0.00021100000000001673,0.04247733298689127,0.00028000000000000247
0.01856587501242757,6.60000000000105e-05,0.29149600001983345,0.00035799999999996945,0.5518667500000447,0.00032199999999998896,0.16776054195361212,0.00023600000000001398,0.34404333296697587,0.00021700000000002273,0.04350345896091312,0.0003009999999999957
0.015477459004614502,4.500000000001725e-05,0.2911378330318257,0.00018799999999996597,0.5485198340029456,0.00025599999999997847,0.17686458298703656,0.00031000000000003247,0.335528916970361,0.00027399999999999647,0.052542417019139975,0.0002809999999999757
0.019796332984697074,6.999999999995898e-05,0.2951300419517793,0.00034000000000000696,0.5518628330319189,0.0003429999999999822,0.1807604999630712,0.00029199999999995896,0.34595029102638364,0.0002870000000000372,0.045189374999608845,0.0002610000000000112
0.012473125010728836,4.8000000000048004e-05,0.25826679199235514,0.0005040000000000044,0.5619092499837279,0.00032399999999999096,0.17726808396400884,0.00018000000000001348,0.34858566703042015,0.0003430000000000377,0.04431124997790903,0.0003349999999999742
Average,0.015569841803517193,5.7200000000012795e-05,0.28237118339166045,0.0003189999999999915,0.5419297000044025,0.0003119999999999901,0.17544095016783104,0.0002635999999999972,0.34727975820424034,0.0002664000000000222,0.04560476678889245,0.00029159999999999185
