CreateTableRealTime,CreateTableCPUTime,LoadDataRealTime,LoadDataCPUTime,CreateIndexRealTime,CreateIndexCPUTime,AnalyzeRealTime,AnalyzeCPUTime,ExecuteQueryRealTime,ExecuteQueryCPUTime,WriteResultRealTime,WriteResultCPUTime
0.01793108304264024,4.900000000002125e-05,0.2747497910168022,0.0003070000000000017,0.5706840839702636,0.0003469999999999862,0.18721112504135817,0.00023000000000000798,0.2168037500232458,0.0002710000000000212,0.019019833009224385,0.0003249999999999642
0.019571792043279856,6.399999999995298e-05,0.28707741596736014,0.0003909999999999747,0.5588823329890147,0.00030000000000002247,0.15143670904217288,0.00021599999999999397,0.18979937495896593,0.00024099999999999122,0.020360374997835606,0.0003549999999999942
0.01955254201311618,7.20000000000165e-05,0.2779862500028685,0.00022300000000002873,0.5632905000238679,0.00027399999999999647,0.18232249998254701,0.00022800000000000598,0.19972170901019126,0.00019700000000000273,0.0191839580074884,0.0003230000000000177
0.017637417011428624,6.60000000000105e-05,0.2693461670423858,0.00043399999999998995,0.5535203749896027,0.00030999999999997696,0.1809319579624571,0.00023299999999998322,0.22794779198011383,0.0002709999999999657,0.02029066701652482,0.00035800000000002496
0.015830625023227185,6.60000000000105e-05,0.29224954202072695,0.0003240000000000465,0.5945593749638647,0.00039600000000000746,0.15438633295707405,0.000250000000000028,0.21992654202040285,0.00029400000000001647,0.019222915987484157,0.00037199999999998346
Average,0.018104691826738416,6.340000000000234e-05,0.2802818332100287,0.0003358000000000083,0.5681873333873227,0.00032539999999999793,0.17125772499712183,0.00023140000000000384,0.21083983359858394,0.00025479999999999947,0.019615549803711475,0.00034659999999999693
