CreateTableRealTime,CreateTableCPUTime,LoadDataRealTime,LoadDataCPUTime,CreateIndexRealTime,CreateIndexCPUTime,AnalyzeRealTime,AnalyzeCPUTime,ExecuteQueryRealTime,ExecuteQueryCPUTime,WriteResultRealTime,WriteResultCPUTime
0.009999997913837433,0.0,0.3200000002980232,0.0,0.6799999997019768,0.0,0.20000000298023224,0.0,0.28999999910593033,0.0,0.030000001192092896,0.0
0.019999995827674866,0.0,0.4399999976158142,0.0,0.7800000011920929,0.0,0.24000000208616257,0.0,0.28999999910593033,0.0,0.030000001192092896,0.0
0.019999995827674866,0.0,0.3200000002980232,0.0,0.6899999976158142,0.0,0.20000000298023224,0.0,0.2799999937415123,0.0,0.020000003278255463,0.0
Average,0.016666663189729054,0.0,0.35999999940395355,0.0,0.7166666661699613,0.0,0.21333333601554236,0.0,0.28666666398445767,0.0,0.026666668554147083,0.0
