CreateTableRealTime,CreateTableCPUTime,LoadDataRealTime,LoadDataCPUTime,CreateIndexRealTime,CreateIndexCPUTime,AnalyzeRealTime,AnalyzeCPUTime,ExecuteQueryRealTime,ExecuteQueryCPUTime,WriteResultRealTime,WriteResultCPUTime
0.009999997913837433,0.0,0.3400000035762787,0.0,0.5799999982118607,0.0,0.24000000208616257,0.0,0.7400000020861626,0.0,0.10999999940395355,0.0
0.020000003278255463,0.0,0.35999999940395355,0.0,0.619999997317791,0.0,0.21000000089406967,0.0,0.7100000008940697,0.0,0.10000000149011612,0.0
0.030000001192092896,0.0,0.49000000208616257,0.0,0.7599999979138374,0.0,0.29999999701976776,0.0,0.9400000050663948,0.0,0.11999999731779099,0.0
Average,0.020000000794728596,0.0,0.39666666835546494,0.0,0.6533333311478297,0.0,0.25,0.0,0.7966666693488756,0.0,0.10999999940395355,0.0
