CreateTableRealTime,CreateTableCPUTime,LoadDataRealTime,LoadDataCPUTime,CreateIndexRealTime,CreateIndexCPUTime,AnalyzeRealTime,AnalyzeCPUTime,ExecuteQueryRealTime,ExecuteQueryCPUTime,WriteResultRealTime,WriteResultCPUTime
0.024162166053429246,7.20000000000165e-05,0.3124936670064926,0.00024199999999996447,0.5800835000118241,0.00021799999999999597,0.16063162498176098,8.700000000000374e-05,0.21295554202515632,0.00012099999999998223,0.018877499969676137,0.00017999999999995797
0.024066834012046456,0.00010899999999997023,0.3167850829777308,0.00039600000000000746,0.601751875015907,0.00022299999999997322,0.1757792920107022,0.00021199999999998997,0.2571992499870248,0.00018399999999996197,0.018589292012620717,0.0002469999999999972
0.015245417016558349,5.899999999997574e-05,0.27116312499856576,0.00032399999999999096,0.6061772080138326,0.00027800000000000047,0.16789537499425933,0.00019500000000000073,0.19840725004905835,0.00012900000000004574,0.018222166982013732,0.00023400000000001198
0.020957375003490597,6.40000000000085e-05,0.2908466669614427,0.00011600000000000499,0.5700502499821596,0.0002989999999999937,0.1755490829818882,0.0002949999999999897,0.2164117080392316,0.00030200000000002447,0.01924954104470089,0.00024299999999999322
0.023996833013370633,7.60000000000205e-05,0.28931170800933614,0.00034800000000001496,0.5835211250232533,0.000268000000000046,0.18175587500445545,0.0002449999999999952,0.2129818749963306,0.00019999999999997797,0.022783291002269834,0.0003170000000000117
Average,0.021685725019779056,7.59999999999983e-05,0.2961200499907136,0.0002851999999999966,0.5883167916093953,0.00025720000000000186,0.17232224999461324,0.00020679999999999587,0.21959112501936034,0.00018719999999999848,0.01954435820225626,0.00024419999999999444
