CreateTableRealTime,CreateTableCPUTime,LoadDataRealTime,LoadDataCPUTime,CreateIndexRealTime,CreateIndexCPUTime,AnalyzeRealTime,AnalyzeCPUTime,ExecuteQueryRealTime,ExecuteQueryCPUTime,WriteResultRealTime,WriteResultCPUTime
0.04999999701976776,0.0,0.32999999821186066,0.0,0.6400000005960464,0.0,0.2199999988079071,0.0,0.6200000047683716,0.0,0.08999999612569809,0.0
0.019999995827674866,0.0,0.3200000002980232,0.0,0.619999997317791,0.0,0.20000000298023224,0.0,0.619999997317791,0.0,0.08999999612569809,0.0
0.009999997913837433,0.0,0.3099999949336052,0.0,0.6099999994039536,0.0,0.21000000089406967,0.0,0.630000002682209,0.0,0.08999999612569809,0.0
Average,0.026666663587093353,0.0,0.31999999781449634,0.0,0.6233333324392637,0.0,0.21000000089406967,0.0,0.6233333349227905,0.0,0.08999999612569809,0.0
