CreateTableRealTime,CreateTableCPUTime,LoadDataRealTime,LoadDataCPUTime,CreateIndexRealTime,CreateIndexCPUTime,AnalyzeRealTime,AnalyzeCPUTime,ExecuteQueryRealTime,ExecuteQueryCPUTime,WriteResultRealTime,WriteResultCPUTime
0.020000003278255463,0.0,0.3100000023841858,0.0,0.6599999964237213,0.0,0.21000000089406967,0.0,0.29999999701976776,0.0,0.030000001192092896,0.0
0.019999995827674866,0.0,0.33000000566244125,0.0,0.619999997317791,0.0,0.21000000089406967,0.0,0.25999999791383743,0.0,0.030000001192092896,0.0
0.009999997913837433,0.0,0.3399999961256981,0.0,0.6700000017881393,0.0,0.21000000089406967,0.0,0.28999999910593033,0.0,0.019999995827674866,0.0
Average,0.01666666567325592,0.0,0.3266666680574417,0.0,0.6499999985098839,0.0,0.21000000089406967,0.0,0.28333333134651184,0.0,0.02666666607062022,0.0
