CreateTableRealTime,CreateTableCPUTime,LoadDataRealTime,LoadDataCPUTime,CreateIndexRealTime,CreateIndexCPUTime,AnalyzeRealTime,AnalyzeCPUTime,ExecuteQueryRealTime,ExecuteQueryCPUTime,WriteResultRealTime,WriteResultCPUTime
0.020000003278255463,0.0,0.3100000023841858,0.0,0.6400000005960464,0.0,0.21000000089406967,0.0,0.4099999964237213,0.0,0.040000006556510925,0.0
0.030000001192092896,0.0,0.35999999940395355,0.0,0.7599999979138374,0.0,0.26000000536441803,0.0,0.44999999552965164,0.0,0.05000000447034836,0.0
0.019999995827674866,0.0,0.5300000011920929,0.0,0.8200000002980232,0.0,0.27000000327825546,0.0,0.6000000014901161,0.0,0.04999999701976776,0.0
Average,0.023333333432674408,0.0,0.40000000099341076,0.0,0.7399999996026357,0.0,0.24666666984558105,0.0,0.486666664481163,0.0,0.04666666934887568,0.0
