CreateTableRealTime,CreateTableCPUTime,LoadDataRealTime,LoadDataCPUTime,CreateIndexRealTime,CreateIndexCPUTime,AnalyzeRealTime,AnalyzeCPUTime,ExecuteQueryRealTime,ExecuteQueryCPUTime,WriteResultRealTime,WriteResultCPUTime
0.0299999937415123,0.0,0.3400000035762787,0.0,0.7100000008940697,0.0,0.2199999988079071,0.0,0.3200000002980232,0.0,0.030000001192092896,0.0
0.0299999937415123,0.0,0.32999999821186066,0.0,0.6700000017881393,0.0,0.24000000208616257,0.0,0.29999999701976776,0.0,0.030000001192092896,0.0
0.020000003278255463,0.0,0.3400000035762787,0.0,0.7099999934434891,0.0,0.2200000062584877,0.0,0.3099999949336052,0.0,0.030000001192092896,0.0
Average,0.026666663587093353,0.0,0.33666666845480603,0.0,0.6966666653752327,0.0,0.22666666905085245,0.0,0.3099999974171321,0.0,0.030000001192092896,0.0
