CreateTableRealTime,CreateTableCPUTime,LoadDataRealTime,LoadDataCPUTime,CreateIndexRealTime,CreateIndexCPUTime,AnalyzeRealTime,AnalyzeCPUTime,ExecuteQueryRealTime,ExecuteQueryCPUTime,WriteResultRealTime,WriteResultCPUTime
0.022364709002431482,5.8000000000002494e-05,0.3088412499637343,0.00032399999999999096,0.5816581249819137,0.0002989999999999937,0.18302679201588035,0.00018600000000001948,0.24121533398283646,0.00018600000000001948,0.02483458397909999,0.00013699999999999823
0.022130874975118786,5.1999999999996493e-05,0.3106872499920428,0.0004370000000000207,0.5772319169482216,0.00033199999999999896,0.18402874999446794,0.00022400000000000198,0.2571242089616135,0.00017200000000000548,0.026679209026042372,0.00022999999999995246
0.01665287499781698,5.899999999997574e-05,0.28196887497324497,0.00033600000000000296,0.6094592090230435,0.00021099999999996122,0.1808459580061026,0.00017399999999995197,0.23923966696020216,0.00010499999999996623,0.027151833986863494,0.00019400000000002748
0.024149583012331277,3.500000000000725e-05,0.33283370797289535,0.00044199999999999795,0.6011784169822931,0.00023300000000003873,0.18783150002127513,7.60000000000205e-05,0.250649124966003,5.8000000000002494e-05,0.0289843330392614,0.00015199999999998548
0.016568124992772937,6.80000000000125e-05,0.30370229203253984,0.0004190000000000027,0.5868325830087997,0.00040600000000001746,0.18706600001314655,0.0002669999999999617,0.25890804204391316,0.00023199999999995446,0.02913179196184501,0.00021199999999998997
Average,0.020373233396094294,5.4399999999998896e-05,0.3076066749868914,0.00039160000000000307,0.5912720501888543,0.000296200000000002,0.18455980001017452,0.00018539999999999112,0.24942727538291365,0.00015059999999998962,0.027356350398622453,0.00018499999999999073
