CreateTableRealTime,CreateTableCPUTime,LoadDataRealTime,LoadDataCPUTime,CreateIndexRealTime,CreateIndexCPUTime,AnalyzeRealTime,AnalyzeCPUTime,ExecuteQueryRealTime,ExecuteQueryCPUTime,WriteResultRealTime,WriteResultCPUTime
0.009999997913837433,0.0,0.4400000050663948,0.0,1.4499999955296516,0.0,0.27000000327825546,0.0,1.2299999967217445,0.0,0.17999999970197678,0.0
0.020000003278255463,0.020000000000000007,0.42000000178813934,0.0,0.75,0.0,0.2799999937415123,0.0,1.2200000062584877,0.0,0.17999999970197678,0.0
0.020000003278255463,0.0,0.3999999985098839,0.0,0.7100000008940697,0.0,0.27000000327825546,0.0,1.1999999955296516,0.0,0.18000000715255737,0.0
Average,0.016666668156782787,0.006666666666666669,0.42000000178813934,0.0,0.9699999988079071,0.0,0.2733333334326744,0.0,1.2166666661699612,0.0,0.18000000218550363,0.0
