CreateTableRealTime,CreateTableCPUTime,LoadDataRealTime,LoadDataCPUTime,CreateIndexRealTime,CreateIndexCPUTime,AnalyzeRealTime,AnalyzeCPUTime,ExecuteQueryRealTime,ExecuteQueryCPUTime,WriteResultRealTime,WriteResultCPUTime
0.020000003278255463,0.0,0.46000000089406967,0.0,0.8400000035762787,0.0,0.2799999937415123,0.0,1.6900000050663948,0.0,0.369999997317791,0.0
0.030000001192092896,0.0,0.5499999970197678,0.0,2.280000001192093,0.0,0.23000000417232513,0.0,1.1099999994039536,0.0,0.1599999964237213,0.0
0.020000003278255463,0.0,0.3500000014901161,0.0,0.5899999961256981,0.0,0.2199999988079071,0.0,1.2000000029802322,0.0,0.17000000178813934,0.0
Average,0.023333335916201275,0.0,0.4533333331346512,0.0,1.23666666696469,0.0,0.2433333322405815,0.0,1.3333333358168602,0.0,0.23333333184321722,0.0
