CreateTableRealTime,CreateTableCPUTime,LoadDataRealTime,LoadDataCPUTime,CreateIndexRealTime,CreateIndexCPUTime,AnalyzeRealTime,AnalyzeCPUTime,ExecuteQueryRealTime,ExecuteQueryCPUTime,WriteResultRealTime,WriteResultCPUTime
0.030000001192092896,0.0,0.3499999940395355,0.0,0.760000005364418,0.0,0.25999999791383743,0.0,0.5399999991059303,0.0,0.04999999701976776,0.0
0.030000001192092896,0.010000000000000009,0.39000000059604645,0.0,0.7400000020861626,0.0,0.25999999791383743,0.0,0.5399999991059303,0.0,0.05000000447034836,0.0
0.030000001192092896,0.0,0.5099999979138374,0.0,0.989999994635582,0.0,0.26000000536441803,0.0,0.5199999958276749,0.0,0.05000000447034836,0.0
Average,0.030000001192092896,0.003333333333333336,0.4166666641831398,0.0,0.8300000006953875,0.0,0.2600000003973643,0.0,0.5333333313465118,0.0,0.050000001986821495,0.0
