CreateTableRealTime,CreateTableCPUTime,LoadDataRealTime,LoadDataCPUTime,CreateIndexRealTime,CreateIndexCPUTime,AnalyzeRealTime,AnalyzeCPUTime,ExecuteQueryRealTime,ExecuteQueryCPUTime,WriteResultRealTime,WriteResultCPUTime
0.009999997913837433,0.0,0.3200000002980232,0.0,0.739999994635582,0.0,0.26000000536441803,0.0,1.1099999994039536,0.0,0.14999999850988388,0.0
0.019999995827674866,0.0,0.3400000035762787,0.0,0.6400000005960464,0.0,0.2199999988079071,0.0,1.1400000005960464,0.0,0.1599999964237213,0.0
0.019999995827674866,0.0,0.45000000298023224,0.0,0.6499999985098839,0.0,0.2200000062584877,0.0,1.1099999994039536,0.0,0.14999999850988388,0.0
Average,0.016666663189729054,0.0,0.3700000022848447,0.0,0.6766666645805041,0.0,0.23333333681027094,0.0,1.119999999801318,0.0,0.15333333114782968,0.0
