CreateTableRealTime,CreateTableCPUTime,LoadDataRealTime,LoadDataCPUTime,CreateIndexRealTime,CreateIndexCPUTime,AnalyzeRealTime,AnalyzeCPUTime,ExecuteQueryRealTime,ExecuteQueryCPUTime,WriteResultRealTime,WriteResultCPUTime
0.017801708017941564,5.499999999997174e-05,0.2708773750346154,0.00020599999999998397,0.5070707499980927,0.0002889999999999837,0.17589737504022196,0.00024799999999997047,0.20302791701396927,0.00020000000000003348,0.017395582981407642,0.00045800000000001395
0.017592040996532887,7.899999999999574e-05,0.2805962090496905,0.0003529999999999922,0.5515188339632004,0.00038199999999999346,0.18954745901282877,0.00026599999999998847,0.1795687080011703,0.00023600000000001398,0.016525708022527397,0.00028800000000001047
0.019090250018052757,5.6000000000000494e-05,0.2728645410388708,0.00025999999999998247,0.5783306669909507,0.00032000000000004247,0.1646352920215577,0.00019900000000000473,0.19114312500460073,0.00019299999999999873,0.01825641596224159,0.00023899999999998922
0.018639541987795383,8.700000000000374e-05,0.2925448750029318,0.0004010000000000402,0.5353904170333408,0.0003529999999999922,0.17594462499255314,0.0002449999999999952,0.18756962497718632,0.00024099999999999122,0.01725362503202632,0.00037399999999998546
0.011070083011873066,4.599999999999049e-05,0.2537162499502301,0.00031399999999998096,0.5582703749532811,0.0003270000000000217,0.16675774997565895,0.00026799999999999047,0.20257237501209602,0.0002989999999999937,0.01902029203483835,0.0003450000000000397
Average,0.01683872480643913,6.459999999999244e-05,0.27411985001526773,0.00030679999999999596,0.5461162085877731,0.0003342000000000067,0.1745565002085641,0.00024519999999998986,0.19277635000180454,0.00023380000000000623,0.01769032480660826,0.00034080000000000774
