LoadRulesRealTime,LoadRulesCPUTime,LoadFactsRealTime,LoadFactsCPUTime,QueryRealTime,QueryCPUTime,WriteRealTime,WriteCPUTime
0.00117301940917969,0.00056,0.000921010971069336,0.000368,1.9073486328125e-05,1.60000000000004e-05,0.000381946563720703,6.49999999999991e-05
0.00117015838623047,0.000550999999999999,0.000730037689208984,0.000364,1.50203704833984e-05,1.19999999999999e-05,0.00037097930908203163,6.399999999999981e-05
0.00115299224853516,0.000550999999999999,0.000699043273925781,0.000364999999999999,1.59740447998047e-05,1.30000000000009e-05,0.0003588199615478513,6.09999999999985e-05
0.00117588043212891,0.000548999999999999,0.000725984573364258,0.000383000000000001,1.62124633789062e-05,1.19999999999999e-05,0.0003619194030761718,6.6e-05
0.00117897987365723,0.000555,0.000703096389770508,0.000377000000000001,1.59740447998047e-05,1.29999999999991e-05,0.0003480911254882813,6.199999999999961e-05
Average,0.001170206069946292,0.0005531999999999994,0.0007558345794677734,0.0003714000000000002,1.64508819580078e-05,1.320000000000004e-05,0.0003643512725830078,6.35999999999994e-05
