LoadRulesRealTime,LoadRulesCPUTime,LoadFactsRealTime,LoadFactsCPUTime,QueryRealTime,QueryCPUTime,WriteRealTime,WriteCPUTime
0.00119400024414062,0.000563000000000001,0.000684022903442383,0.000361,1.19209289550781e-05,9.00000000000033e-06,0.0003569126129150389,6.300000000000057e-05
0.00116086006164551,0.000553,0.000720024108886719,0.000371,1.31130218505859e-05,9.99999999999959e-06,0.0004379749298095701,7.400000000000111e-05
0.00118803977966309,0.000559,0.000726938247680664,0.000363,1.09672546386719e-05,9.00000000000033e-06,0.0003759860992431641,6.300000000000057e-05
0.00117301940917969,0.000551000000000001,0.000715017318725586,0.000378999999999999,1.09672546386719e-05,9.00000000000033e-06,0.0003490447998046871,6.099999999999857e-05
0.00117397308349609,0.000553,0.000704050064086914,0.000373,1.00135803222656e-05,8.00000000000106e-06,0.00036191940307617236,6.600000000000003e-05
Average,0.0011779785156250003,0.0005558000000000005,0.0007100105285644532,0.00036939999999999987,1.139640808105468e-05,9.000000000000329e-06,0.0003763675689697265,6.540000000000017e-05
