LoadRulesRealTime,LoadRulesCPUTime,LoadFactsRealTime,LoadFactsCPUTime,QueryRealTime,QueryCPUTime,WriteRealTime,WriteCPUTime
0.00121808052062988,0.000569999999999999,0.0012819766998291,0.000687,1.50203704833984e-05,1.30000000000009e-05,0.0003550052642822266,6.299999999999881e-05
0.00116086006164551,0.000550999999999999,0.00102710723876953,0.000673,1.50203704833984e-05,1.30000000000009e-05,0.0003888607025146486,6.69999999999993e-05
0.0011589527130127,0.000550999999999999,0.00102901458740234,0.000676,1.50203704833984e-05,1.19999999999999e-05,0.0003581047058105466,6.399999999999981e-05
0.00119614601135254,0.000574000000000002,0.00102090835571289,0.000671,1.50203704833984e-05,1.29999999999991e-05,0.0003829002380371096,6.399999999999981e-05
0.00114893913269043,0.000548,0.00103998184204102,0.000687999999999999,1.50203704833984e-05,1.30000000000009e-05,0.0003609657287597656,6.59999999999983e-05
Average,0.001176595687866212,0.0005587999999999997,0.0010797977447509761,0.0006789999999999998,1.50203704833984e-05,1.2800000000000342e-05,0.0003691673278808594,6.479999999999922e-05
