LoadRulesRealTime,LoadRulesCPUTime,LoadFactsRealTime,LoadFactsCPUTime,QueryRealTime,QueryCPUTime,WriteRealTime,WriteCPUTime
0.00116491317749023,0.000552,0.00117397308349609,0.000559,1.50203704833984e-05,1.29999999999991e-05,0.0003659725189208986,6.500000000000081e-05
0.00115799903869629,0.00055,0.000860929489135742,0.000514000000000001,1.59740447998047e-05,1.30000000000009e-05,0.00036215782165527333,6.299999999999881e-05
0.00117897987365723,0.000562999999999999,0.000865936279296875,0.000517,1.50203704833984e-05,1.19999999999999e-05,0.0003559589385986326,6.6e-05
0.00116300582885742,0.000546,0.000882148742675781,0.000521000000000001,1.40666961669922e-05,1.09999999999989e-05,0.0003879070281982418,6.7000000000001e-05
0.00116801261901855,0.000552,0.00084996223449707,0.000508999999999999,1.50203704833984e-05,1.19999999999999e-05,0.00034785270690917963,6.30000000000005e-05
Average,0.001166582107543944,0.0005525999999999999,0.0009265899658203117,0.0005240000000000003,1.5020370483398419e-05,1.219999999999974e-05,0.0003639698028564452,6.480000000000022e-05
