LoadRulesRealTime,LoadRulesCPUTime,LoadFactsRealTime,LoadFactsCPUTime,QueryRealTime,QueryCPUTime,WriteRealTime,WriteCPUTime
0.00117707252502441,0.000552,0.000926971435546875,0.000586,2.288818359375e-05,2.00000000000009e-05,0.000388145446777344,7.09999999999982e-05
0.00117397308349609,0.000552,0.000931978225708008,0.000595999999999999,2.288818359375e-05,2.00000000000009e-05,0.00036311149597168,6.39999999999998e-05
0.00118803977966309,0.000557,0.000941991806030273,0.000595,2.40802764892578e-05,2.10000000000002e-05,0.0003540515899658202,6.30000000000005e-05
0.0011599063873291,0.000555,0.000931024551391602,0.000591999999999999,2.50339508056641e-05,2.10000000000002e-05,0.0003678798675537109,6.399999999999981e-05
0.00115013122558594,0.000548,0.000931978225708008,0.000593,2.50339508056641e-05,2.10000000000002e-05,0.0003428459167480469,6.09999999999985e-05
Average,0.001169824600219726,0.0005528,0.0009327888488769533,0.0005923999999999995,2.39849090576172e-05,2.060000000000048e-05,0.0003632068634033204,6.459999999999936e-05
