LoadRulesRealTime,LoadRulesCPUTime,LoadFactsRealTime,LoadFactsCPUTime,QueryRealTime,QueryCPUTime,WriteRealTime,WriteCPUTime
0.00115394592285156,0.000543,0.00139212608337402,0.000765999999999999,1.59740447998047e-05,1.30000000000009e-05,0.00035285949707031234,6.299999999999881e-05
0.00121808052062988,0.000561000000000001,0.00114798545837402,0.000751999999999999,1.50203704833984e-05,1.30000000000009e-05,0.0003597736358642576,6.299999999999881e-05
0.00115084648132324,0.000550999999999999,0.0010991096496582,0.000743000000000001,1.50203704833984e-05,1.19999999999999e-05,0.00037693977355957064,6.500000000000081e-05
0.0011599063873291,0.00055,0.00111699104309082,0.000753,1.50203704833984e-05,1.19999999999999e-05,0.0003659725189208986,6.6e-05
0.00114703178405762,0.000546,0.00109696388244629,0.000746,1.9073486328125e-05,1.50000000000011e-05,0.000355958938598633,5.9e-05
Average,0.00116596221923828,0.0005502,0.00117063522338867,0.0007519999999999998,1.6021728515624977e-05,1.3000000000000541e-05,0.00036230087280273446,6.319999999999969e-05
