LoadRulesRealTime,LoadRulesCPUTime,LoadFactsRealTime,LoadFactsCPUTime,QueryRealTime,QueryCPUTime,WriteRealTime,WriteCPUTime
0.00120091438293457,0.000563000000000001,0.00116610527038574,0.000812,1.09672546386719e-05,7.99999999999933e-06,0.00037407875061035113,6.600000000000007e-05
0.00115084648132324,0.000548,0.00119495391845703,0.000829000000000002,1.21593475341797e-05,8.99999999999859e-06,0.0003738403320312503,6.200000000000301e-05
0.00117802619934082,0.000560000000000001,0.00113010406494141,0.000811999999999998,1.19209289550781e-05,9.00000000000033e-06,0.00039386749267578087,6.899999999999958e-05
0.00116920471191406,0.000548999999999999,0.00121879577636719,0.000853,1.12056732177734e-05,8.00000000000106e-06,0.0003428459167480466,6.299999999999883e-05
0.00122499465942383,0.000573000000000001,0.00124716758728027,0.000859,1.28746032714844e-05,9.99999999999959e-06,0.00036525726318359364,6.000000000000101e-05
Average,0.001184797286987304,0.0005586000000000005,0.0011914253234863279,0.0008330000000000001,1.18255615234375e-05,8.79999999999978e-06,0.0003699779510498045,6.40000000000005e-05
