LoadRulesRealTime,LoadRulesCPUTime,LoadFactsRealTime,LoadFactsCPUTime,QueryRealTime,QueryCPUTime,WriteRealTime,WriteCPUTime
0.000936985015869141,0.000548,0.0141339302062988,0.013136,0.139836072921753,0.137344,0.237174987792969,0.23544600000000002
0.000959873199462891,0.000553999999999999,0.015186071395874,0.014105,0.139348983764648,0.137761,0.261109113693238,0.254464
0.000954151153564453,0.000562,0.0152988433837891,0.014233,0.139113187789917,0.136403,0.2463059425354,0.23985099999999998
0.000952005386352539,0.000564,0.0139799118041992,0.012987,0.135021924972534,0.132988,0.25216197967529297,0.24873299999999998
0.000918149948120117,0.000544000000000001,0.0141098499298096,0.013117,0.151809215545654,0.146138,0.281935691833496,0.27093
Average,0.0009442329406738281,0.0005544,0.014541721343994141,0.0135156,0.1410258769989012,0.1381268,0.2557375431060792,0.24988480000000002
