LoadRulesRealTime,LoadRulesCPUTime,LoadFactsRealTime,LoadFactsCPUTime,QueryRealTime,QueryCPUTime,WriteRealTime,WriteCPUTime
0.00127792358398438,0.000657999999999999,0.0386860370635986,0.036191,0.827725887298584,0.817707,0.902304172515866,0.8798890000000001
0.00115585327148438,0.000613000000000002,0.0397732257843018,0.037316,0.85533881187439,0.84908,0.8897581100463899,0.8745920000000001
0.00129508972167969,0.000694,0.0409700870513916,0.038056,0.862697839736938,0.848521,0.9129881858825719,0.8747269999999999
0.0013580322265625,0.000601000000000001,0.0458259582519531,0.036392,0.841336011886597,0.826739,0.897695064544673,0.8656210000000001
0.00104403495788574,0.000606000000000001,0.0384571552276611,0.036091,0.838510990142822,0.823335,0.932818174362178,0.9199339999999999
Average,0.001226186752319338,0.0006344000000000005,0.04074249267578124,0.0368092,0.8451219081878663,0.8330763999999998,0.9071127414703357,0.8829526
