LoadRulesRealTime,LoadRulesCPUTime,LoadFactsRealTime,LoadFactsCPUTime,QueryRealTime,QueryCPUTime,WriteRealTime,WriteCPUTime
0.00130987167358398,0.000577999999999999,0.116256952285767,0.109023,1.01629018783569,0.97777,3.8781487941742006,3.8324969999999996
0.00104308128356934,0.000602999999999998,0.114969968795776,0.108127,1.01409888267517,0.975051,3.87890410423279,3.853989
0.00100493431091309,0.000591,0.116475105285645,0.109884,0.996168851852417,0.967553,4.152984142303463,3.863966
0.00103998184204102,0.000605,0.117315053939819,0.11043,1.01848196983337,0.978021,3.8523440361023,3.8211649999999997
0.0010530948638916,0.000622000000000001,0.117767810821533,0.10998,1.01259016990662,0.975651,3.8988099098205504,3.8582849999999995
Average,0.001090192794799806,0.0005997999999999996,0.11655697822570801,0.10948879999999998,1.0115260124206533,0.9748091999999999,3.9322381973266607,3.8459803999999997
