LoadRulesRealTime,LoadRulesCPUTime,LoadFactsRealTime,LoadFactsCPUTime,QueryRealTime,QueryCPUTime,WriteRealTime,WriteCPUTime
0.00318503379821777,0.0012,0.127830982208252,0.098304,0.774968147277832,0.751181,3.260719776153568,3.032925
0.00136208534240723,0.000616,0.0968799591064453,0.091161,0.808609008789062,0.756933,3.127168178558348,3.040277
0.000967025756835938,0.000560999999999999,0.0968759059906006,0.090994,0.804034948348999,0.760307,3.065510988235471,3.032956
0.000930070877075195,0.000547000000000001,0.0957701206207275,0.089945,0.772691965103149,0.749792,3.123592138290401,3.050783
0.00102400779724121,0.000594000000000001,0.0973801612854004,0.091673,0.798970937728882,0.756846,3.192584991455078,3.0090500000000002
Average,0.0014936447143554688,0.0007036000000000002,0.10294742584228515,0.09241540000000001,0.7918550014495848,0.7550118,3.1539152145385736,3.0331982
