LoadRulesRealTime,LoadRulesCPUTime,LoadFactsRealTime,LoadFactsCPUTime,QueryRealTime,QueryCPUTime,WriteRealTime,WriteCPUTime
0.000993013381958008,0.000566000000000001,0.0068359375,0.005064,0.0078730583190918,0.007477,0.0685920715332031,0.06426
0.0010221004486084,0.000593,0.00562691688537598,0.005078,0.00808286666870117,0.007609,0.06671619415283203,0.06571099999999999
0.000948905944824219,0.000560999999999999,0.00526118278503418,0.004817,0.00804781913757324,0.007609,0.06627011299133295,0.065651
0.000917911529541016,0.000543,0.00529599189758301,0.004846,0.00793218612670898,0.007449,0.06551170349121091,0.06499200000000001
0.00181293487548828,0.000902999999999998,0.0066230297088623,0.005703,0.00979399681091309,0.008707,0.07051396369934082,0.069351
Average,0.0011389732360839845,0.0006331999999999996,0.005928611755371094,0.0051015999999999995,0.008345985412597656,0.0077702,0.06752080917358397,0.065993
