LoadRulesRealTime,LoadRulesCPUTime,LoadFactsRealTime,LoadFactsCPUTime,QueryRealTime,QueryCPUTime,WriteRealTime,WriteCPUTime
0.000998973846435547,0.000569,0.00368905067443848,0.003256,0.00771498680114746,0.007457,0.03862404823303224,0.03749
0.000954151153564453,0.000555,0.00362586975097656,0.003271,0.00728797912597656,0.007096,0.038966178894042934,0.038294
0.000932931900024414,0.000544000000000001,0.00362110137939453,0.003256,0.0073089599609375,0.007124,0.0382571220397949,0.037455
0.000929117202758789,0.000548999999999999,0.00366401672363281,0.003311,0.00748586654663086,0.0073,0.03811717033386234,0.037597
0.000936031341552734,0.000553999999999999,0.00361490249633789,0.003275,0.00725698471069336,0.007079,0.03804111480712894,0.037614999999999996
Average,0.0009502410888671875,0.0005541999999999998,0.003642988204956054,0.0032738000000000003,0.007410955429077148,0.007211200000000001,0.038401126861572266,0.03769019999999999
