LoadRulesRealTime,LoadRulesCPUTime,LoadFactsRealTime,LoadFactsCPUTime,QueryRealTime,QueryCPUTime,WriteRealTime,WriteCPUTime
0.000941038131713867,0.000560999999999999,0.0120830535888672,0.011225,0.106858015060425,0.105344,0.22313380241394,0.22113100000000002
0.000961065292358398,0.000558000000000001,0.0132038593292236,0.012278,0.108918190002441,0.107386,0.20094394683837896,0.19942200000000004
0.000940084457397461,0.000556000000000001,0.0130040645599365,0.012096,0.112266778945923,0.110814,0.21736121177673295,0.20462300000000003
0.000935077667236328,0.000553,0.0122709274291992,0.011414,0.107526063919067,0.106173,0.20314502716064503,0.20170699999999997
0.00093388557434082,0.000554000000000001,0.0130090713500977,0.01208,0.112596035003662,0.110065,0.20613193511962902,0.20513699999999999
Average,0.0009422302246093748,0.0005564000000000005,0.012714195251464841,0.011818600000000002,0.1096330165863036,0.1079564,0.21014318466186524,0.20640399999999998
