LoadRulesRealTime,LoadRulesCPUTime,LoadFactsRealTime,LoadFactsCPUTime,QueryRealTime,QueryCPUTime,WriteRealTime,WriteCPUTime
0.00129604339599609,0.000652,0.0646939277648926,0.05456,1.84990191459656,1.776804,1.35880899429321,1.3991299999999998
0.00141096115112305,0.000661000000000002,0.0645880699157715,0.056149,1.9378719329834,1.842924,1.28518915176391,1.331738
0.0012810230255127,0.000621,0.0591499805450439,0.05507,1.68188714981079,1.658657,1.6435449123382602,1.53706
0.00123906135559082,0.000607999999999999,0.0633299350738525,0.054372,1.71287512779236,1.685275,1.5349729061126702,1.511258
0.0010228157043457,0.000604,0.0582079887390137,0.05452,1.65957617759705,1.63614,1.5471379756927401,1.542914
Average,0.001249980926513672,0.0006292000000000001,0.061993980407714845,0.0549342,1.7684224605560321,1.71996,1.4739307880401582,1.46442
