LoadRulesRealTime,LoadRulesCPUTime,LoadFactsRealTime,LoadFactsCPUTime,QueryRealTime,QueryCPUTime,WriteRealTime,WriteCPUTime
0.00124597549438477,0.000607,0.0140650272369385,0.013086,0.0512549877166748,0.050143,0.24524497985839822,0.242315
0.000940799713134766,0.000553,0.0140981674194336,0.013077,0.0517919063568115,0.050236,0.27554011344909646,0.270107
0.00096893310546875,0.000565,0.0141761302947998,0.013192,0.0507209300994873,0.049565,0.24116110801696772,0.23937699999999998
0.000985860824584961,0.000560999999999999,0.0141019821166992,0.013104,0.0505421161651611,0.049403,0.2437357902526859,0.240053
0.000937938690185547,0.000555,0.0143380165100098,0.013306,0.0520009994506836,0.050673,0.2395019531250004,0.237362
Average,0.001015901565551759,0.0005681999999999998,0.01415586471557618,0.013153000000000001,0.05126218795776366,0.05000400000000001,0.24903678894042977,0.24584279999999997
