LoadRulesRealTime,LoadRulesCPUTime,LoadFactsRealTime,LoadFactsCPUTime,QueryRealTime,QueryCPUTime,WriteRealTime,WriteCPUTime
0.00131106376647949,0.000601000000000001,0.0183289051055908,0.017074,0.0807340145111084,0.078167,0.3571140766143796,0.350812
0.0027921199798584,0.00103,0.0239839553833008,0.020752,0.0865509510040283,0.083104,0.34974002838134766,0.34496299999999996
0.000955104827880859,0.000555999999999999,0.0184779167175293,0.017163,0.0824379920959473,0.079009,0.35048389434814475,0.344851
0.0010380744934082,0.000597,0.0193839073181152,0.017981,0.0848751068115234,0.081555,0.46419882774353066,0.415053
0.00202107429504395,0.000893999999999999,0.0253589153289795,0.0214,0.10614013671875,0.096039,0.440074920654297,0.39585000000000004
Average,0.00162348747253418,0.0007355999999999997,0.021106719970703118,0.018874,0.08814764022827148,0.08357479999999999,0.39232234954833994,0.3703058
