LoadRulesRealTime,LoadRulesCPUTime,LoadFactsRealTime,LoadFactsCPUTime,QueryRealTime,QueryCPUTime,WriteRealTime,WriteCPUTime
0.00136494636535645,0.000610999999999999,0.117030143737793,0.109567,5.0058479309082,4.939265,4.050750017166141,3.9800560000000003
0.0013430118560791,0.000606000000000001,0.11912202835083,0.110414,5.05138278007507,4.991263,4.0391783714294505,3.8684399999999997
0.00134897232055664,0.000593000000000002,0.115438222885132,0.1086,5.78953790664673,5.465529,4.28231096267697,4.283194
0.00142407417297363,0.000607,0.115585088729858,0.108619,7.00456881523132,6.133351,6.17800426483158,5.139966
0.00161981582641602,0.000699000000000002,0.154372215270996,0.121713,9.71021294593811,7.642527,4.11207604408269,4.03208
Average,0.0014201641082763681,0.0006232000000000008,0.1243095397949218,0.1117826,6.512310075759887,5.834387,4.532463932037366,4.2607472
