environment,real_time,size,position,factor
xsb,0.00034275054931640623,1000,1,
duckdb,0.002394524996634573,1000,2,698.6203235590134
postgres,0.008836983412038535,1000,3,369.04953694192494
mariadb,0.0553450666135177,1000,4,626.2891309507457
cockroachdb,0.23721769199473783,1000,5,428.6157854886362
