environment,real_time,size,position,factor
xsb,0.000298619270324707,400,1,
postgres,0.006087229000058869,400,2,0.049056684136873946
neo4j,0.02361607400007415,400,3,0.25775787288097746
duckdb,0.03174599250019128,400,4,0.7439072506531921
mariadb,0.0394251620000432,400,5,0.8052216120293049
cockroachdb,0.37125362500000847,400,6,0.10619468564123058
