CreateTableRealTime,CreateTableCPUTime,LoadDataRealTime,LoadDataCPUTime,CreateIndexRealTime,CreateIndexCPUTime,AnalyzeRealTime,AnalyzeCPUTime,ExecuteQueryRealTime,ExecuteQueryCPUTime,WriteResultRealTime,WriteResultCPUTime
0.019999995827674866,0.02000000000000001,0.380000002682209,0.0,0.7800000011920929,0.0,0.24000000208616257,0.0,0.2800000011920929,0.0,0.0299999937415123,0.0
0.020000003278255463,0.0,0.3399999961256981,0.0,0.7200000062584877,0.0,0.23999999463558197,0.0,0.4299999997019768,0.0,0.030000001192092896,0.0
0.020000003278255463,0.0,0.3799999952316284,0.0,0.6899999976158142,0.0,0.17999999970197678,0.0,0.3200000002980232,0.0,0.020000003278255463,0.0
Average,0.020000000794728596,0.0066666666666666706,0.36666666467984516,0.0,0.7300000016887983,0.0,0.2199999988079071,0.0,0.34333333373069763,0.0,0.02666666607062022,0.0
