CreateTableRealTime,CreateTableCPUTime,LoadDataRealTime,LoadDataCPUTime,CreateIndexRealTime,CreateIndexCPUTime,AnalyzeRealTime,AnalyzeCPUTime,ExecuteQueryRealTime,ExecuteQueryCPUTime,WriteResultRealTime,WriteResultCPUTime
0.022742874978575855,6.60000000000105e-05,0.30551087501225993,0.00028400000000000647,0.5910528750391677,0.00041599999999997195,0.1673123330110684,0.00021600000000004949,0.19794370897579938,0.00020599999999998397,0.01706937496783212,0.00023600000000001398
0.02113487495807931,8.500000000000174e-05,0.30876737501239404,0.00022099999999997122,0.593638958001975,0.0002790000000000292,0.1740672080195509,0.00020499999999995522,0.2543089170358144,0.00019900000000000473,0.018655165971722454,0.00026599999999998847
0.02020820800680667,5.499999999997174e-05,0.2583089160034433,0.00015899999999996473,0.5571037500048988,0.00034200000000000896,0.18880816595628858,0.00027399999999999647,0.2773138330085203,0.00023200000000000998,0.01925216702511534,0.00036600000000003297
0.022168042021803558,5.2000000000052005e-05,0.3055087499669753,0.0004469999999999752,0.5779355420381762,0.00035799999999996945,0.17436099995393306,0.00018799999999996597,0.2738174580154009,0.0002570000000000072,0.022735833015758544,0.0003909999999999747
0.017385374987497926,5.1999999999996493e-05,0.2914444159832783,0.0004930000000000212,0.6047066249884665,0.00027599999999999847,0.1853412080090493,0.00019900000000000473,0.19561129197245464,0.00012899999999999023,0.02144454198423773,9.500000000001174e-05
Average,0.020727874990552664,6.20000000000065e-05,0.2939080663956702,0.00032079999999998774,0.5848875500145369,0.0003341999999999956,0.17797798298997805,0.00021639999999999436,0.23979904180159792,0.00020459999999999923,0.019831416592933238,0.00027080000000000436
