CreateTableRealTime,CreateTableCPUTime,LoadDataRealTime,LoadDataCPUTime,CreateIndexRealTime,CreateIndexCPUTime,AnalyzeRealTime,AnalyzeCPUTime,ExecuteQueryRealTime,ExecuteQueryCPUTime,WriteResultRealTime,WriteResultCPUTime
0.030000001192092896,0.0,0.3500000014901161,0.0,0.7100000008940697,0.0,0.25,0.0,0.42000000178813934,0.0,0.0299999937415123,0.0
0.019999995827674866,0.0,0.3200000002980232,0.0,0.7800000011920929,0.0,0.23000000417232513,0.0,0.2800000011920929,0.0,0.019999995827674866,0.0
0.019999995827674866,0.0,0.3499999940395355,0.0,0.7000000029802322,0.0,0.20000000298023224,0.0,0.28999999910593033,0.0,0.019999995827674866,0.0
Average,0.02333333094914754,0.0,0.339999998609225,0.0,0.7300000016887983,0.0,0.22666666905085245,0.0,0.33000000069538754,0.0,0.023333328465620678,0.0
