CreateTableRealTime,CreateTableCPUTime,LoadDataRealTime,LoadDataCPUTime,CreateIndexRealTime,CreateIndexCPUTime,AnalyzeRealTime,AnalyzeCPUTime,ExecuteQueryRealTime,ExecuteQueryCPUTime,WriteResultRealTime,WriteResultCPUTime
0.020614542008843273,5.300000000002525e-05,0.3042207920225337,0.0004250000000000087,0.5586621669935994,0.00032999999999999696,0.18247158400481567,0.00032199999999998896,0.21595054195495322,0.00015299999999995872,0.019976874988060445,0.00018199999999995997
0.023580625012982637,9.799999999998699e-05,0.31192441703751683,0.0004310000000000147,0.5582066249917261,0.00019400000000002748,0.15721258299890906,6.80000000000125e-05,0.20568312500836328,0.00013199999999996548,0.018364665971603245,0.000248000000000026
0.023306916002184153,0.000132000000000021,0.3076615000027232,0.0004629999999999912,0.5717147500254214,0.00039400000000000546,0.17053037497680634,0.000256000000000034,0.2592541250050999,0.00021100000000001673,0.01776529202470556,0.00037999999999999146
0.014928291027899832,6.300000000003525e-05,0.3088201670325361,0.0002510000000000012,0.5732462499872781,0.00032999999999999696,0.17292079102480784,0.00016599999999999948,0.23600787500618026,0.00018399999999996197,0.01706949999788776,0.000246000000000024
0.020461416977923363,5.6000000000000494e-05,0.2819879580056295,0.00013799999999997148,0.5558911660336889,0.00027199999999999447,0.1757258340367116,0.00018199999999995997,0.20967566699255258,0.00018999999999996797,0.018540541001129895,0.00033199999999999896
Average,0.02057835820596665,8.04000000000138e-05,0.3029229668201879,0.00034159999999999746,0.5635441916063428,0.00030400000000000425,0.1717722334084101,0.00019879999999999898,0.22531426679342986,0.00017399999999997417,0.01834337479667738,0.0002776000000000001
