CreateTableRealTime,CreateTableCPUTime,LoadDataRealTime,LoadDataCPUTime,CreateIndexRealTime,CreateIndexCPUTime,AnalyzeRealTime,AnalyzeCPUTime,ExecuteQueryRealTime,ExecuteQueryCPUTime,WriteResultRealTime,WriteResultCPUTime
0.021389750007074326,5.3999999999998494e-05,0.3013325840001926,0.00047399999999997444,0.5848517910344526,0.0002949999999999897,0.1873800419853069,0.00022699999999997722,0.2173253339715302,0.00022800000000000598,0.017251707962714136,0.0003300000000000525
0.02364229195518419,5.500000000002725e-05,0.3007229589857161,0.00028800000000001047,0.5621365000260994,0.0003610000000000002,0.17720537504646927,0.00011899999999998023,0.2434677499695681,5.899999999997574e-05,0.012590833997819573,6.899999999998574e-05
0.021114291972480714,0.00010900000000002574,0.29195033299038187,0.0003389999999999782,0.5669733749818988,0.00040599999999996195,0.1667505000368692,0.00014500000000000624,0.2592675419873558,0.000144000000000033,0.017577084014192224,0.000270000000000048
0.014175000018440187,5.6000000000000494e-05,0.29050599999027327,0.0004069999999999907,0.5865787080256268,0.00034400000000001096,0.17450541601283476,0.0002650000000000152,0.26491216698195785,0.00018199999999995997,0.018041208037175238,0.00028200000000000447
0.02180516696535051,8.999999999997899e-05,0.31164945900673047,0.00019799999999997597,0.5374326659948565,0.000246000000000024,0.15973424998810515,0.000160000000000049,0.19373812497360632,0.00013399999999996748,0.024216084042564034,0.00028800000000001047
Average,0.020425300183705985,7.280000000000619e-05,0.2992322669946589,0.00034119999999998596,0.5675946080125869,0.00033039999999999735,0.17311511661391704,0.0001832000000000056,0.23574218357680365,0.00014939999999998843,0.01793538361089304,0.0002478000000000202
