CreateTableRealTime,CreateTableCPUTime,LoadDataRealTime,LoadDataCPUTime,CreateIndexRealTime,CreateIndexCPUTime,AnalyzeRealTime,AnalyzeCPUTime,ExecuteQueryRealTime,ExecuteQueryCPUTime,WriteResultRealTime,WriteResultCPUTime
0.01000000536441803,0.0,0.29999999701976776,0.0,0.6600000038743019,0.0,0.1899999976158142,0.0,0.28999999910593033,0.0,0.020000003278255463,0.0
0.01000000536441803,0.0,0.28999999910593033,0.0,0.6000000014901161,0.0,0.1899999976158142,0.0,0.3200000002980232,0.0,0.020000003278255463,0.0
0.03999999910593033,0.0,0.29999999701976776,0.0,0.7899999991059303,0.0,0.17999999970197678,0.0,0.24000000208616257,0.0,0.030000001192092896,0.0
Average,0.020000003278255463,0.0,0.29666666438182193,0.0,0.6833333348234495,0.0,0.1866666649778684,0.0,0.2833333338300387,0.0,0.023333335916201275,0.0
