CreateTableRealTime,CreateTableCPUTime,LoadDataRealTime,LoadDataCPUTime,CreateIndexRealTime,CreateIndexCPUTime,AnalyzeRealTime,AnalyzeCPUTime,ExecuteQueryRealTime,ExecuteQueryCPUTime,WriteResultRealTime,WriteResultCPUTime
0.01866724999854341,6.499999999998174e-05,0.28374274994712323,0.00034600000000001296,0.5624179159640335,0.00034399999999995545,0.1723947090213187,0.0002489999999999992,0.20545733300969005,0.000142000000000031,0.018501584010664374,0.000130000000000019
0.015730165992863476,7.099999999998774e-05,0.26990850002039224,0.00039000000000000146,0.5564116250025108,0.0002969999999999917,0.16770916600944474,0.00026199999999998447,0.20559620897984132,0.00014499999999995072,0.018539417011197656,0.00023800000000001598
0.018352040962781757,4.6000000000046004e-05,0.29263004200765863,0.00026599999999998847,0.5666897920309566,0.0003029999999999977,0.14408800000092015,0.00020100000000000673,0.22358537500258535,0.00018100000000004224,0.014778000011574477,0.00021399999999999197
0.015409208019264042,4.899999999996574e-05,0.2779925839859061,0.00034400000000001096,0.5551056250114925,0.00031999999999998696,0.1856108329957351,0.0003130000000000077,0.26563649997115135,0.00022700000000003273,0.019473208987619728,0.00022300000000002873
0.018053875013720244,6.299999999997974e-05,0.2811250420054421,0.00031000000000003247,0.5665596249746159,0.0002790000000000292,0.17630387499229982,0.00027800000000000047,0.20080220798263326,0.00018699999999999273,0.019791207974776626,0.0002929999999999877
Average,0.017242507997434587,5.879999999999219e-05,0.28107978359330443,0.00033120000000000924,0.5614369165967219,0.0003085999999999922,0.1692213166039437,0.0002605999999999997,0.22021552498918026,0.00017640000000000987,0.01821668359916657,0.00021960000000000867
