CreateTableRealTime,CreateTableCPUTime,LoadDataRealTime,LoadDataCPUTime,CreateIndexRealTime,CreateIndexCPUTime,AnalyzeRealTime,AnalyzeCPUTime,ExecuteQueryRealTime,ExecuteQueryCPUTime,WriteResultRealTime,WriteResultCPUTime
0.022993875027168542,6.999999999995898e-05,0.3086241660057567,0.0003950000000000342,0.5521348330075853,0.00030799999999997496,0.1723242910229601,0.00023099999999998122,0.2166502500185743,0.00022199999999999998,0.01808979199267924,0.0002689999999999637
0.011067291954532266,7.299999999998974e-05,0.27540437498828396,0.00035000000000001696,0.5487495419802144,0.0003650000000000042,0.16941954201320186,0.00019500000000000073,0.21572533302241936,0.00018699999999999273,0.017888208967633545,0.0002770000000000272
0.019006667018402368,4.499999999996174e-05,0.30463987501570955,0.0003210000000000157,0.5767840409534983,0.0004250000000000087,0.173555415996816,0.00019600000000002948,0.20683908299542964,0.00018499999999999073,0.018180291051976383,0.0002930000000000432
0.020662750001065433,7.40000000000185e-05,0.3033003339660354,0.00034200000000000896,0.5628646249533631,0.00033800000000000496,0.17501612502383068,0.00021500000000002073,0.26032195903826505,0.00015599999999998948,0.016375042032450438,9.80000000000425e-05
0.023624875000678003,8.40000000000285e-05,0.3144472079584375,0.00040400000000001546,0.5939241250162013,0.0003390000000000337,0.1793693330255337,0.00024200000000001998,0.24586775002535433,0.00021799999999999597,0.01938399998471141,0.00026199999999998447
Average,0.019471091800369322,6.919999999999149e-05,0.30128319158684463,0.00036240000000001824,0.5668914331821725,0.0003550000000000053,0.17393694141646848,0.00021580000000001042,0.22908087502000854,0.00019359999999999378,0.017983466805890202,0.00023980000000001223
