CreateTableRealTime,CreateTableCPUTime,LoadDataRealTime,LoadDataCPUTime,CreateIndexRealTime,CreateIndexCPUTime,AnalyzeRealTime,AnalyzeCPUTime,ExecuteQueryRealTime,ExecuteQueryCPUTime,WriteResultRealTime,WriteResultCPUTime
0.009999997913837433,0.0,0.28999999910593033,0.0,0.6799999997019768,0.0,0.21000000089406967,0.0,0.26999999582767487,0.0,0.020000003278255463,0.0
0.020000003278255463,0.0,0.32999999821186066,0.0,0.75,0.0,0.2199999988079071,0.0,0.2900000065565109,0.0,0.019999995827674866,0.0
0.019999995827674866,0.0,0.35999999940395355,0.0,0.7300000041723251,0.0,0.21000000089406967,0.0,0.26999999582767487,0.0,0.020000003278255463,0.0
Average,0.01666666567325592,0.0,0.3266666655739148,0.0,0.7200000012914339,0.0,0.21333333353201547,0.0,0.27666666607062024,0.0,0.020000000794728596,0.0
