CreateTableRealTime,CreateTableCPUTime,LoadDataRealTime,LoadDataCPUTime,CreateIndexRealTime,CreateIndexCPUTime,AnalyzeRealTime,AnalyzeCPUTime,ExecuteQueryRealTime,ExecuteQueryCPUTime,WriteResultRealTime,WriteResultCPUTime
0.016486600000007456,0.0001827000000000356,0.33633210500011046,0.00016810000000000436,0.615398943999935,0.00015079999999995097,0.17899264899961054,0.00013239999999997698,0.274836784999934,0.00013330000000000286,0.01974770599963449,0.00014900000000001024
0.021394788000179688,0.00019570000000002086,0.454524338000283,0.00043959999999998445,0.7995932920002815,0.00017040000000001498,0.21345171300026777,0.00021530000000002936,0.2968580699998711,0.0001442999999999861,0.01845679099960762,0.0001665999999999057
Average,0.018940694000093572,0.00018920000000002823,0.39542822150019674,0.0003038499999999944,0.7074961180001083,0.00016059999999998298,0.19622218099993916,0.00017385000000000317,0.28584742749990255,0.00013879999999999448,0.019102248499621055,0.00015779999999995797
