CreateTableRealTime,CreateTableCPUTime,LoadDataRealTime,LoadDataCPUTime,CreateIndexRealTime,CreateIndexCPUTime,AnalyzeRealTime,AnalyzeCPUTime,ExecuteQueryRealTime,ExecuteQueryCPUTime,WriteResultRealTime,WriteResultCPUTime
0.019999995827674866,0.0,0.36000000685453415,0.0,0.75,0.0,0.21000000089406967,0.0,0.3200000002980232,0.0,0.019999995827674866,0.0
0.020000003278255463,0.0,0.35999999940395355,0.0,0.75,0.0,0.25999999791383743,0.0,0.3700000047683716,0.0,0.0299999937415123,0.0
0.019999995827674866,0.0,0.35999999940395355,0.0,0.7300000041723251,0.0,0.2199999988079071,0.0,0.32999999821186066,0.0,0.020000003278255463,0.0
Average,0.019999998311201733,0.0,0.36000000188748044,0.0,0.7433333347241083,0.0,0.2299999992052714,0.0,0.3400000010927518,0.0,0.02333333094914754,0.0
