CreateTableRealTime,CreateTableCPUTime,LoadDataRealTime,LoadDataCPUTime,CreateIndexRealTime,CreateIndexCPUTime,AnalyzeRealTime,AnalyzeCPUTime,ExecuteQueryRealTime,ExecuteQueryCPUTime,WriteResultRealTime,WriteResultCPUTime
0.030000001192092896,0.0,0.32999999821186066,0.0,0.9399999976158142,0.0,0.20000000298023224,0.0,0.25999999791383743,0.0,0.020000003278255463,0.0
0.0299999937415123,0.0,0.3700000047683716,0.0,0.7299999967217445,0.0,0.21000000089406967,0.0,0.369999997317791,0.0,0.030000001192092896,0.0
0.030000001192092896,0.0,0.369999997317791,0.0,0.7400000020861626,0.0,0.19999999552965164,0.0,0.3500000014901161,0.0,0.020000003278255463,0.0
Average,0.02999999870856603,0.0,0.3566666667660077,0.0,0.8033333321412405,0.0,0.20333333313465118,0.0,0.3266666655739148,0.0,0.023333335916201275,0.0
