CreateTableRealTime,CreateTableCPUTime,LoadDataRealTime,LoadDataCPUTime,CreateIndexRealTime,CreateIndexCPUTime,AnalyzeRealTime,AnalyzeCPUTime,ExecuteQueryRealTime,ExecuteQueryCPUTime,WriteResultRealTime,WriteResultCPUTime
0.020000003278255463,0.0,0.3400000035762787,0.0,0.7199999988079071,0.0,0.2199999988079071,0.0,0.3399999961256981,0.0,0.020000003278255463,0.0
0.019999995827674866,0.0,0.3200000002980232,0.0,0.7100000008940697,0.0,0.19999999552965164,0.0,0.2800000011920929,0.0,0.020000003278255463,0.0
0.020000003278255463,0.0,0.369999997317791,0.0,0.6899999976158142,0.0,0.1900000050663948,0.0,0.32999999821186066,0.010000000000000002,0.030000001192092896,0.0
Average,0.020000000794728596,0.0,0.34333333373069763,0.0,0.706666665772597,0.0,0.20333333313465118,0.0,0.31666666517655057,0.003333333333333334,0.023333335916201275,0.0
