CreateTableRealTime,CreateTableCPUTime,LoadDataRealTime,LoadDataCPUTime,CreateIndexRealTime,CreateIndexCPUTime,AnalyzeRealTime,AnalyzeCPUTime,ExecuteQueryRealTime,ExecuteQueryCPUTime,WriteResultRealTime,WriteResultCPUTime
0.016953332989942282,6.700000000003925e-05,0.3000213330378756,0.0003210000000000157,0.5704759589862078,0.00019199999999996997,0.15874179196543992,0.00015700000000001824,0.2544922080123797,0.00016100000000002224,0.016853832988999784,0.000148000000000037
0.01856916700489819,6.20000000000065e-05,0.28111945901764557,0.0003009999999999957,0.54486129200086,0.0002489999999999992,0.16632483300054446,0.00018299999999998873,0.28586645802715793,0.00018099999999998673,0.01688441599253565,0.0003389999999999782
0.016636416024994105,8.00000000000245e-05,0.2776075419969857,0.00021800000000005149,0.5762120410217904,0.0004629999999999912,0.17675649997545406,0.00021000000000004349,0.26765145896933973,0.00021900000000002473,0.019205749966204166,0.00032599999999999296
0.02285499998833984,7.899999999999574e-05,0.2972915419959463,0.00029000000000001247,0.5748495410080068,0.00024000000000001798,0.16115991701371968,7.699999999999374e-05,0.22141500003635883,6.60000000000105e-05,0.01960300002247095,9.300000000000974e-05
0.021899875020608306,0.00010899999999997023,0.2946650829981081,0.0004250000000000087,0.5806804160238244,0.00036400000000003097,0.17976383300265297,0.00019000000000002348,0.27389774995390326,0.00019800000000003148,0.01795820804545656,0.0003049999999999997
Average,0.019382758205756544,7.940000000000724e-05,0.29014099180931224,0.00031100000000001683,0.5694158498081379,0.00030160000000000186,0.16854937499156222,0.00016340000000001354,0.26066457499982787,0.00016500000000001512,0.01810104140313342,0.00024220000000000353
