CreateTableRealTime,CreateTableCPUTime,LoadDataRealTime,LoadDataCPUTime,CreateIndexRealTime,CreateIndexCPUTime,AnalyzeRealTime,AnalyzeCPUTime,ExecuteQueryRealTime,ExecuteQueryCPUTime,WriteResultRealTime,WriteResultCPUTime
0.01345545903313905,7.00000000000145e-05,0.2605656249797903,0.00021599999999999397,0.570537207997404,0.0002510000000000012,0.1800512500340119,0.00020699999999995722,0.21384724997915328,0.00015799999999999148,0.01639720902312547,0.00012899999999999023
0.025072833988815546,9.799999999998699e-05,0.26845945802051574,0.0002889999999999837,0.5712950830347836,0.0003230000000000177,0.1797015830525197,0.00020499999999995522,0.2143970420002006,0.00018100000000004224,0.018731582968030125,0.00010399999999999299
0.023512874962761998,9.499999999995623e-05,0.3136792500154115,0.00036400000000003097,0.5817222080077045,0.0003810000000000202,0.16980454098666087,0.00018000000000001348,0.20741000003181398,0.00014199999999997548,0.017724750039633363,0.0003810000000000202
0.023830083024222404,7.199999999996098e-05,0.2855061250156723,0.00030400000000002647,0.574284416041337,0.0002989999999999937,0.17474404105450958,0.00018099999999998673,0.2652223749901168,0.00015500000000001624,0.02092045801691711,0.0002969999999999917
0.019809832971077412,7.399999999996298e-05,0.2998370000277646,0.00041200000000002346,0.5763475830317475,0.00023699999999998722,0.17801195802167058,8.099999999999774e-05,0.19504091696580872,9.300000000000974e-05,0.01976137497695163,0.00022899999999997922
Average,0.021136216796003283,8.179999999997633e-05,0.2856094916118309,0.0003170000000000117,0.5748372996225953,0.000298200000000004,0.17646267462987453,0.0001707999999999821,0.2191835167934187,0.00014580000000000704,0.018707075004931538,0.00022799999999999486
