CreateTableRealTime,CreateTableCPUTime,LoadDataRealTime,LoadDataCPUTime,CreateIndexRealTime,CreateIndexCPUTime,AnalyzeRealTime,AnalyzeCPUTime,ExecuteQueryRealTime,ExecuteQueryCPUTime,WriteResultRealTime,WriteResultCPUTime
0.017913112999849545,0.00019720000000000848,0.36397121900017737,0.00020930000000007887,0.6958793940002579,0.0004241999999999857,0.22828208999999333,0.00021660000000001123,0.31131203299992194,0.00019040000000003499,0.02532198500011873,0.0001995000000000191
0.022495537999930093,0.00020010000000003636,0.4061551300001156,0.00024690000000004986,0.8546009779997803,0.00021270000000006561,0.2663587369997913,0.00020299999999995322,0.3279656219997378,0.0002170999999999701,0.026588196999909997,0.00024079999999992996
Average,0.02020432549988982,0.00019865000000002242,0.3850631745001465,0.00022810000000006436,0.7752401860000191,0.00031845000000002566,0.2473204134998923,0.00020979999999998222,0.31963882749982986,0.00020375000000000254,0.025955091000014363,0.00022014999999997453
