CreateTableRealTime,CreateTableCPUTime,LoadDataRealTime,LoadDataCPUTime,CreateIndexRealTime,CreateIndexCPUTime,AnalyzeRealTime,AnalyzeCPUTime,ExecuteQueryRealTime,ExecuteQueryCPUTime,WriteResultRealTime,WriteResultCPUTime
0.030000001192092896,0.0,0.369999997317791,0.0,0.7700000032782555,0.0,0.25,0.0,1.0299999937415123,0.0,0.020000003278255463,0.0
0.020000003278255463,0.0,0.49000000208616257,0.0,0.9199999943375587,0.0,0.27000000327825546,0.0,0.35999999940395355,0.0,0.030000001192092896,0.0
0.03999999910593033,0.0,0.6900000050663948,0.0,1.1999999955296516,0.0,0.26000000536441803,0.0,0.3399999961256981,0.0,0.020000003278255463,0.0
Average,0.030000001192092896,0.0,0.5166666681567827,0.0,0.9633333310484886,0.0,0.26000000288089115,0.0,0.5766666630903879,0.0,0.023333335916201275,0.0
