CreateTableRealTime,CreateTableCPUTime,LoadDataRealTime,LoadDataCPUTime,CreateIndexRealTime,CreateIndexCPUTime,AnalyzeRealTime,AnalyzeCPUTime,ExecuteQueryRealTime,ExecuteQueryCPUTime,WriteResultRealTime,WriteResultCPUTime
0.015482397000141646,0.00014480000000000048,0.3047585839999556,0.00016640000000001098,0.7181882239997321,0.00033769999999999634,0.18140662499990867,0.00013809999999997435,0.25751616400020794,0.0001422999999999841,0.020672526999987895,0.00019840000000004299
0.018266079999648355,0.00018770000000001286,0.3663176059999387,0.00020130000000001536,0.6226524399999107,0.0002762999999999516,0.19752064500016786,0.00014039999999998498,0.28593724700021994,0.00017970000000000486,0.0262068659999386,0.00018460000000003474
Average,0.016874238499895,0.00016625000000000667,0.33553809499994713,0.00018385000000001317,0.6704203319998214,0.00030699999999997396,0.18946363500003827,0.00013924999999997967,0.27172670550021394,0.00016099999999999448,0.023439696499963247,0.00019150000000003886
