LoadRulesRealTime,LoadRulesCPUTime,LoadFactsRealTime,LoadFactsCPUTime,GroundRealTime,GroundCPUTime,QueryRealTime,QueryCPUTime,WriteRealTime,WriteCPUTime
0.0,0.0,0.009999990463256836,0.020000000000000018,0.7400000095367432,0.73,0.009999990463256836,0.010000000000000009,-0.009999990463256836,-0.010000000000000009
0.0,0.0,0.019999980926513672,0.020000000000000018,0.75,0.75,0.0,0.0,0.0,0.0
0.0,0.0,0.009999990463256836,0.020000000000000018,0.7699999809265137,0.76,0.0,0.0,0.0,0.0
0.0,0.0,0.009999990463256836,0.020000000000000018,0.7400000095367432,0.74,0.009999990463256836,0.0,-0.009999990463256836,0.0
0.0,0.0,0.019999980926513672,0.020000000000000018,0.7400000095367432,0.73,0.0,0.010000000000000009,0.0,-0.010000000000000009
Average,0.0,0.0,0.01399998664855957,0.020000000000000018,0.7480000019073486,0.7420000000000001,0.0039999961853027345,0.0040000000000000036,-0.0039999961853027345,-0.0040000000000000036
