LoadRulesRealTime,LoadRulesCPUTime,LoadFactsRealTime,LoadFactsCPUTime,GroundRealTime,GroundCPUTime,QueryRealTime,QueryCPUTime,WriteRealTime,WriteCPUTime
0.0,0.0,0.009999990463256836,0.010000000000000009,13.309999942779541,13.29,0.0,0.0,0.0,0.0
0.0,0.0,0.019999980926513672,0.010000000000000009,13.27999997138977,13.26,0.0,0.0,0.0,0.0
0.0,0.0,0.019999980926513672,0.010000000000000009,13.290000200271606,13.27,0.0,0.009999999999999787,0.0,-0.009999999999999787
0.0,0.0,0.009999990463256836,0.010000000000000009,13.200000047683716,13.170000000000002,0.0,0.0,0.0,0.0
0.0,0.0,0.009999990463256836,0.010000000000000009,13.110000133514404,13.080000000000002,0.0,0.0,0.0,0.0
Average,0.0,0.0,0.01399998664855957,0.010000000000000009,13.238000059127808,13.213999999999999,0.0,0.0019999999999999575,0.0,-0.0019999999999999575
