LoadRulesRealTime,LoadRulesCPUTime,LoadFactsRealTime,LoadFactsCPUTime,GroundRealTime,GroundCPUTime,QueryRealTime,QueryCPUTime,WriteRealTime,WriteCPUTime
0.0,0.0,0.009999990463256836,0.010000000000000009,0.34999990463256836,0.35,0.0,0.0,0.0,0.0
0.0,0.0,0.019999980926513672,0.010000000000000009,0.34999990463256836,0.36,0.0,0.0,0.0,0.0
0.0,0.0,0.019999980926513672,0.010000000000000009,0.3400001525878906,0.36,0.009999990463256836,0.0,-0.009999990463256836,0.0
0.0,0.0,0.009999990463256836,0.010000000000000009,0.3900001049041748,0.38,0.009999990463256836,0.0,-0.009999990463256836,0.0
0.0,0.0,0.019999980926513672,0.010000000000000009,0.35000014305114746,0.36,0.0,0.0,0.0,0.0
Average,0.0,0.0,0.015999984741210938,0.010000000000000009,0.3560000419616699,0.36199999999999993,0.0039999961853027345,0.0,-0.0039999961853027345,0.0
