LoadRulesRealTime,LoadRulesCPUTime,LoadFactsRealTime,LoadFactsCPUTime,GroundRealTime,GroundCPUTime,QueryRealTime,QueryCPUTime,WriteRealTime,WriteCPUTime
0.0,0.0,0.019999980926513672,0.020000000000000018,1.2799999713897705,1.29,0.009999990463256836,0.0,-0.009999990463256836,0.0
0.0,0.0,0.019999980926513672,0.020000000000000018,1.2699999809265137,1.26,0.0,0.02000000000000001,0.0,-0.02000000000000001
0.0,0.0,0.029999971389770508,0.020000000000000018,1.2599999904632568,1.26,0.009999990463256836,0.010000000000000009,-0.009999990463256836,-6.938893903907228e-18
0.0,0.0,0.019999980926513672,0.020000000000000018,1.2699999809265137,1.28,0.009999990463256836,0.010000000000000009,-0.009999990463256836,-0.010000000000000009
0.0,0.0,0.020000219345092773,0.030000000000000027,1.2599999904632568,1.26,0.009999990463256836,0.010000000000000009,-0.009999990463256836,-0.010000000000000009
Average,0.0,0.0,0.02200002670288086,0.02200000000000002,1.2679999828338624,1.27,0.007999992370605469,0.010000000000000007,-0.007999992370605469,-0.008000000000000007
