environment,real_time,size,position,factor
xsb,0.00109994411468506,400,1,
neo4j,0.0016338039997663145,400,2,148.53518264735763
postgres,0.0169727165000495,400,3,1038.846550900667
duckdb,0.021589390999906755,400,4,127.20056332670018
cockroachdb,0.3324862434997158,400,5,1540.0445686548167
mariadb,0.6720737059999919,400,6,202.13579332660916
