Query: query1
384, 385
384, 386
384, 387
384, 388
384, 389
384, 390
384, 391
384, 392
384, 393
384, 394
384, 395
384, 396
384, 397
384, 398
384, 399
384, 400
128, 320
128, 256
128, 192
128, 257
128, 193
128, 129
128, 258
128, 194
128, 130
128, 259
128, 195
128, 131
128, 260
128, 388
128, 196
128, 132
128, 389
128, 197
128, 133
128, 390
128, 198
128, 134
128, 391
128, 199
128, 135
128, 392
128, 200
128, 328
128, 136
128, 393
128, 329
128, 137
128, 394
128, 330
128, 138
128, 395
128, 331
128, 139
128, 396
128, 332
128, 140
128, 268
128, 397
128, 333
128, 269
128, 398
128, 334
128, 270
128, 399
128, 335
128, 271
128, 400
128, 336
128, 272
128, 208
128, 337
128, 273
128, 209
128, 338
128, 274
128, 210
128, 339
128, 275
128, 211
128, 340
128, 276
128, 212
128, 148
128, 277
128, 213
128, 149
128, 278
128, 214
128, 150
128, 279
128, 215
128, 151
128, 280
128, 216
128, 152
128, 217
128, 153
128, 218
128, 154
128, 219
128, 155
128, 220
128, 348
128, 156
128, 349
128, 157
128, 350
128, 158
128, 351
128, 159
128, 352
128, 160
128, 288
128, 353
128, 289
128, 354
128, 290
128, 355
128, 291
128, 356
128, 292
128, 228
128, 357
128, 293
128, 229
128, 358
128, 294
128, 230
128, 359
128, 295
128, 231
128, 360
128, 296
128, 232
128, 168
128, 297
128, 233
128, 169
128, 298
128, 234
128, 170
128, 299
128, 235
128, 171
128, 300
128, 236
128, 172
128, 237
128, 173
128, 238
128, 174
128, 239
128, 175
128, 240
128, 368
128, 176
128, 369
128, 177
128, 370
128, 178
128, 371
128, 179
128, 372
128, 180
128, 308
128, 373
128, 309
128, 374
128, 310
128, 375
128, 311
128, 376
128, 312
128, 248
128, 377
128, 313
128, 249
128, 378
128, 314
128, 250
128, 379
128, 315
128, 251
128, 380
128, 316
128, 252
128, 188
128, 317
128, 253
128, 189
128, 318
128, 254
128, 190
128, 319
128, 255
128, 191
256, 320
256, 257
256, 258
256, 259
256, 260
256, 396
256, 397
256, 398
256, 399
256, 400
256, 336
256, 337
256, 338
256, 339
256, 340
256, 276
256, 277
256, 278
256, 279
256, 280
256, 356
256, 357
256, 358
256, 359
256, 360
256, 296
256, 297
256, 298
256, 299
256, 300
256, 376
256, 377
256, 378
256, 379
256, 380
256, 316
256, 317
256, 318
256, 319
385, 386
385, 387
385, 388
385, 389
385, 390
385, 391
385, 392
385, 393
385, 394
385, 395
385, 396
385, 397
385, 398
385, 399
385, 400
1, 256
1, 384
1, 128
1, 257
1, 385
1, 129
1, 258
1, 386
1, 2
1, 130
1, 259
1, 387
1, 3
1, 131
1, 260
1, 388
1, 4
1, 132
1, 389
1, 5
1, 261
1, 133
1, 390
1, 6
1, 262
1, 134
1, 391
1, 7
1, 263
1, 135
1, 392
1, 136
1, 8
1, 264
1, 393
1, 137
1, 9
1, 265
1, 394
1, 138
1, 10
1, 266
1, 395
1, 139
1, 11
1, 267
1, 396
1, 140
1, 12
1, 268
1, 397
1, 269
1, 141
1, 13
1, 398
1, 270
1, 142
1, 14
1, 399
1, 271
1, 143
1, 15
1, 400
1, 272
1, 144
1, 16
1, 273
1, 145
1, 17
1, 274
1, 146
1, 18
1, 275
1, 147
1, 19
1, 276
1, 148
1, 20
1, 277
1, 21
1, 149
1, 278
1, 22
1, 150
1, 279
1, 23
1, 151
1, 280
1, 24
1, 152
1, 25
1, 281
1, 153
1, 26
1, 282
1, 154
1, 155
1, 27
1, 283
1, 156
1, 28
1, 284
1, 157
1, 29
1, 285
1, 158
1, 30
1, 286
1, 159
1, 31
1, 287
1, 160
1, 288
1, 32
1, 289
1, 161
1, 33
1, 290
1, 162
1, 34
1, 291
1, 163
1, 35
1, 292
1, 164
1, 36
1, 293
1, 165
1, 37
1, 294
1, 166
1, 38
1, 295
1, 167
1, 39
1, 296
1, 168
1, 40
1, 297
1, 41
1, 169
1, 298
1, 42
1, 170
1, 299
1, 43
1, 171
1, 300
1, 44
1, 172
1, 45
1, 301
1, 173
1, 174
1, 46
1, 302
1, 175
1, 47
1, 303
1, 176
1, 48
1, 304
1, 177
1, 49
1, 305
1, 178
1, 50
1, 306
1, 179
1, 307
1, 51
1, 180
1, 308
1, 52
1, 309
1, 181
1, 53
1, 310
1, 182
1, 54
1, 311
1, 183
1, 55
1, 312
1, 184
1, 56
1, 313
1, 185
1, 57
1, 314
1, 186
1, 58
1, 315
1, 187
1, 59
1, 316
1, 60
1, 188
1, 317
1, 61
1, 189
1, 318
1, 62
1, 190
1, 319
1, 63
1, 191
1, 320
1, 64
1, 192
1, 193
1, 65
1, 321
1, 194
1, 66
1, 322
1, 195
1, 67
1, 323
1, 196
1, 68
1, 324
1, 197
1, 69
1, 325
1, 198
1, 326
1, 70
1, 199
1, 327
1, 71
1, 200
1, 328
1, 72
1, 329
1, 201
1, 73
1, 330
1, 202
1, 74
1, 331
1, 203
1, 75
1, 332
1, 204
1, 76
1, 333
1, 205
1, 77
1, 334
1, 206
1, 78
1, 335
1, 79
1, 207
1, 336
1, 80
1, 208
1, 337
1, 81
1, 209
1, 338
1, 82
1, 210
1, 339
1, 83
1, 211
1, 340
1, 212
1, 84
1, 213
1, 85
1, 341
1, 214
1, 86
1, 342
1, 215
1, 87
1, 343
1, 216
1, 344
1, 88
1, 217
1, 345
1, 89
1, 218
1, 346
1, 90
1, 219
1, 347
1, 91
1, 220
1, 348
1, 92
1, 349
1, 221
1, 93
1, 350
1, 222
1, 94
1, 351
1, 223
1, 95
1, 352
1, 224
1, 96
1, 353
1, 225
1, 97
1, 354
1, 98
1, 226
1, 355
1, 99
1, 227
1, 356
1, 100
1, 228
1, 357
1, 101
1, 229
1, 358
1, 102
1, 230
1, 359
1, 231
1, 103
1, 360
1, 232
1, 104
1, 233
1, 105
1, 361
1, 234
1, 106
1, 362
1, 235
1, 363
1, 107
1, 236
1, 364
1, 108
1, 237
1, 365
1, 109
1, 238
1, 366
1, 110
1, 239
1, 367
1, 111
1, 240
1, 368
1, 112
1, 369
1, 241
1, 113
1, 370
1, 242
1, 114
1, 371
1, 243
1, 115
1, 372
1, 244
1, 116
1, 373
1, 117
1, 245
1, 374
1, 118
1, 246
1, 375
1, 119
1, 247
1, 376
1, 120
1, 248
1, 377
1, 121
1, 249
1, 378
1, 250
1, 122
1, 379
1, 251
1, 123
1, 380
1, 252
1, 124
1, 253
1, 125
1, 381
1, 254
1, 382
1, 126
1, 255
1, 383
1, 127
129, 320
129, 256
129, 192
129, 257
129, 193
129, 258
129, 194
129, 130
129, 259
129, 195
129, 131
129, 260
129, 196
129, 132
129, 389
129, 197
129, 133
129, 390
129, 198
129, 134
129, 391
129, 199
129, 135
129, 392
129, 200
129, 136
129, 393
129, 329
129, 137
129, 394
129, 330
129, 138
129, 395
129, 331
129, 139
129, 396
129, 332
129, 140
129, 397
129, 333
129, 269
129, 398
129, 334
129, 270
129, 399
129, 335
129, 271
129, 400
129, 336
129, 272
129, 337
129, 273
129, 209
129, 338
129, 274
129, 210
129, 339
129, 275
129, 211
129, 340
129, 276
129, 212
129, 277
129, 213
129, 149
129, 278
129, 214
129, 150
129, 279
129, 215
129, 151
129, 280
129, 216
129, 152
129, 217
129, 153
129, 218
129, 154
129, 219
129, 155
129, 220
129, 156
129, 349
129, 157
129, 350
129, 158
129, 351
129, 159
129, 352
129, 160
129, 353
129, 289
129, 354
129, 290
129, 355
129, 291
129, 356
129, 292
129, 357
129, 293
129, 229
129, 358
129, 294
129, 230
129, 359
129, 295
129, 231
129, 360
129, 296
129, 232
129, 297
129, 233
129, 169
129, 298
129, 234
129, 170
129, 299
129, 235
129, 171
129, 300
129, 236
129, 172
129, 237
129, 173
129, 238
129, 174
129, 239
129, 175
129, 240
129, 176
129, 369
129, 177
129, 370
129, 178
129, 371
129, 179
129, 372
129, 180
129, 373
129, 309
129, 374
129, 310
129, 375
129, 311
129, 376
129, 312
129, 377
129, 313
129, 249
129, 378
129, 314
129, 250
129, 379
129, 315
129, 251
129, 380
129, 316
129, 252
129, 317
129, 253
129, 189
129, 318
129, 254
129, 190
129, 319
129, 255
129, 191
257, 320
257, 258
257, 259
257, 260
257, 397
257, 398
257, 399
257, 400
257, 337
257, 338
257, 339
257, 340
257, 277
257, 278
257, 279
257, 280
257, 357
257, 358
257, 359
257, 360
257, 297
257, 298
257, 299
257, 300
257, 377
257, 378
257, 379
257, 380
257, 317
257, 318
257, 319
386, 387
386, 388
386, 389
386, 390
386, 391
386, 392
386, 393
386, 394
386, 395
386, 396
386, 397
386, 398
386, 399
386, 400
258, 320
258, 259
258, 260
258, 398
258, 399
258, 400
258, 338
258, 339
258, 340
258, 278
258, 279
258, 280
258, 358
258, 359
258, 360
258, 298
258, 299
258, 300
258, 378
258, 379
258, 380
258, 318
258, 319
2, 256
2, 384
2, 128
2, 257
2, 385
2, 129
2, 258
2, 386
2, 130
2, 259
2, 387
2, 3
2, 131
2, 260
2, 388
2, 4
2, 132
2, 389
2, 5
2, 133
2, 390
2, 6
2, 262
2, 134
2, 391
2, 7
2, 263
2, 135
2, 392
2, 8
2, 264
2, 136
2, 393
2, 137
2, 9
2, 265
2, 394
2, 138
2, 10
2, 266
2, 395
2, 139
2, 11
2, 267
2, 396
2, 140
2, 12
2, 268
2, 397
2, 13
2, 269
2, 398
2, 270
2, 142
2, 14
2, 399
2, 271
2, 143
2, 15
2, 400
2, 272
2, 144
2, 16
2, 273
2, 145
2, 17
2, 274
2, 146
2, 18
2, 275
2, 147
2, 19
2, 276
2, 148
2, 20
2, 277
2, 149
2, 278
2, 22
2, 150
2, 279
2, 23
2, 151
2, 280
2, 24
2, 152
2, 25
2, 153
2, 26
2, 282
2, 154
2, 27
2, 283
2, 155
2, 156
2, 28
2, 284
2, 157
2, 29
2, 285
2, 158
2, 30
2, 286
2, 159
2, 31
2, 287
2, 160
2, 32
2, 288
2, 289
2, 33
2, 290
2, 162
2, 34
2, 291
2, 163
2, 35
2, 292
2, 164
2, 36
2, 293
2, 165
2, 37
2, 294
2, 166
2, 38
2, 295
2, 167
2, 39
2, 296
2, 168
2, 40
2, 297
2, 169
2, 298
2, 42
2, 170
2, 299
2, 43
2, 171
2, 300
2, 44
2, 172
2, 45
2, 173
2, 46
2, 302
2, 174
2, 175
2, 47
2, 303
2, 176
2, 48
2, 304
2, 177
2, 49
2, 305
2, 178
2, 50
2, 306
2, 179
2, 51
2, 307
2, 180
2, 308
2, 52
2, 309
2, 53
2, 310
2, 182
2, 54
2, 311
2, 183
2, 55
2, 312
2, 184
2, 56
2, 313
2, 185
2, 57
2, 314
2, 186
2, 58
2, 315
2, 187
2, 59
2, 316
2, 188
2, 60
2, 317
2, 189
2, 318
2, 62
2, 190
2, 319
2, 63
2, 191
2, 320
2, 64
2, 192
2, 65
2, 193
2, 194
2, 66
2, 322
2, 195
2, 67
2, 323
2, 196
2, 68
2, 324
2, 197
2, 69
2, 325
2, 198
2, 70
2, 326
2, 199
2, 327
2, 71
2, 200
2, 328
2, 72
2, 329
2, 73
2, 330
2, 202
2, 74
2, 331
2, 203
2, 75
2, 332
2, 204
2, 76
2, 333
2, 205
2, 77
2, 334
2, 206
2, 78
2, 335
2, 207
2, 79
2, 336
2, 80
2, 208
2, 337
2, 209
2, 338
2, 82
2, 210
2, 339
2, 83
2, 211
2, 340
2, 84
2, 212
2, 213
2, 85
2, 214
2, 86
2, 342
2, 215
2, 87
2, 343
2, 216
2, 88
2, 344
2, 217
2, 345
2, 89
2, 218
2, 346
2, 90
2, 219
2, 347
2, 91
2, 220
2, 348
2, 92
2, 349
2, 93
2, 350
2, 222
2, 94
2, 351
2, 223
2, 95
2, 352
2, 224
2, 96
2, 353
2, 225
2, 97
2, 354
2, 226
2, 98
2, 355
2, 99
2, 227
2, 356
2, 100
2, 228
2, 357
2, 229
2, 358
2, 102
2, 230
2, 359
2, 103
2, 231
2, 360
2, 232
2, 104
2, 233
2, 105
2, 234
2, 106
2, 362
2, 235
2, 107
2, 363
2, 236
2, 364
2, 108
2, 237
2, 365
2, 109
2, 238
2, 366
2, 110
2, 239
2, 367
2, 111
2, 240
2, 368
2, 112
2, 369
2, 113
2, 370
2, 242
2, 114
2, 371
2, 243
2, 115
2, 372
2, 244
2, 116
2, 373
2, 245
2, 117
2, 374
2, 118
2, 246
2, 375
2, 119
2, 247
2, 376
2, 120
2, 248
2, 377
2, 249
2, 378
2, 122
2, 250
2, 379
2, 251
2, 123
2, 380
2, 252
2, 124
2, 253
2, 125
2, 254
2, 126
2, 382
2, 255
2, 383
2, 127
130, 320
130, 256
130, 192
130, 257
130, 193
130, 258
130, 194
130, 259
130, 195
130, 131
130, 260
130, 196
130, 132
130, 197
130, 133
130, 390
130, 198
130, 134
130, 391
130, 199
130, 135
130, 392
130, 200
130, 136
130, 393
130, 137
130, 394
130, 330
130, 138
130, 395
130, 331
130, 139
130, 396
130, 332
130, 140
130, 397
130, 333
130, 398
130, 334
130, 270
130, 399
130, 335
130, 271
130, 400
130, 336
130, 272
130, 337
130, 273
130, 338
130, 274
130, 210
130, 339
130, 275
130, 211
130, 340
130, 276
130, 212
130, 277
130, 213
130, 278
130, 214
130, 150
130, 279
130, 215
130, 151
130, 280
130, 216
130, 152
130, 217
130, 153
130, 218
130, 154
130, 219
130, 155
130, 220
130, 156
130, 157
130, 350
130, 158
130, 351
130, 159
130, 352
130, 160
130, 353
130, 354
130, 290
130, 355
130, 291
130, 356
130, 292
130, 357
130, 293
130, 358
130, 294
130, 230
130, 359
130, 295
130, 231
130, 360
130, 296
130, 232
130, 297
130, 233
130, 298
130, 234
130, 170
130, 299
130, 235
130, 171
130, 300
130, 236
130, 172
130, 237
130, 173
130, 238
130, 174
130, 239
130, 175
130, 240
130, 176
130, 177
130, 370
130, 178
130, 371
130, 179
130, 372
130, 180
130, 373
130, 374
130, 310
130, 375
130, 311
130, 376
130, 312
130, 377
130, 313
130, 378
130, 314
130, 250
130, 379
130, 315
130, 251
130, 380
130, 316
130, 252
130, 317
130, 253
130, 318
130, 254
130, 190
130, 319
130, 255
130, 191
387, 388
387, 389
387, 390
387, 391
387, 392
387, 393
387, 394
387, 395
387, 396
387, 397
387, 398
387, 399
387, 400
259, 320
259, 260
259, 399
259, 400
259, 339
259, 340
259, 279
259, 280
259, 359
259, 360
259, 299
259, 300
259, 379
259, 380
259, 319
3, 256
3, 384
3, 128
3, 257
3, 385
3, 129
3, 258
3, 386
3, 130
3, 259
3, 387
3, 131
3, 260
3, 388
3, 4
3, 132
3, 389
3, 5
3, 133
3, 390
3, 6
3, 134
3, 391
3, 7
3, 263
3, 135
3, 392
3, 8
3, 264
3, 136
3, 393
3, 9
3, 265
3, 137
3, 394
3, 138
3, 10
3, 266
3, 395
3, 139
3, 11
3, 267
3, 396
3, 140
3, 12
3, 268
3, 397
3, 13
3, 269
3, 398
3, 14
3, 270
3, 399
3, 271
3, 143
3, 15
3, 400
3, 272
3, 144
3, 16
3, 273
3, 145
3, 17
3, 274
3, 146
3, 18
3, 275
3, 147
3, 19
3, 276
3, 148
3, 20
3, 277
3, 149
3, 278
3, 150
3, 279
3, 23
3, 151
3, 280
3, 24
3, 152
3, 25
3, 153
3, 26
3, 154
3, 27
3, 283
3, 155
3, 28
3, 284
3, 156
3, 157
3, 29
3, 285
3, 158
3, 30
3, 286
3, 159
3, 31
3, 287
3, 160
3, 32
3, 288
3, 33
3, 289
3, 290
3, 34
3, 291
3, 163
3, 35
3, 292
3, 164
3, 36
3, 293
3, 165
3, 37
3, 294
3, 166
3, 38
3, 295
3, 167
3, 39
3, 296
3, 168
3, 40
3, 297
3, 169
3, 298
3, 170
3, 299
3, 43
3, 171
3, 300
3, 44
3, 172
3, 45
3, 173
3, 46
3, 174
3, 47
3, 303
3, 175
3, 176
3, 48
3, 304
3, 177
3, 49
3, 305
3, 178
3, 50
3, 306
3, 179
3, 51
3, 307
3, 180
3, 52
3, 308
3, 309
3, 53
3, 310
3, 54
3, 311
3, 183
3, 55
3, 312
3, 184
3, 56
3, 313
3, 185
3, 57
3, 314
3, 186
3, 58
3, 315
3, 187
3, 59
3, 316
3, 188
3, 60
3, 317
3, 189
3, 318
3, 190
3, 319
3, 63
3, 191
3, 320
3, 64
3, 192
3, 65
3, 193
3, 66
3, 194
3, 195
3, 67
3, 323
3, 196
3, 68
3, 324
3, 197
3, 69
3, 325
3, 198
3, 70
3, 326
3, 199
3, 71
3, 327
3, 200
3, 328
3, 72
3, 329
3, 73
3, 330
3, 74
3, 331
3, 203
3, 75
3, 332
3, 204
3, 76
3, 333
3, 205
3, 77
3, 334
3, 206
3, 78
3, 335
3, 207
3, 79
3, 336
3, 208
3, 80
3, 337
3, 209
3, 338
3, 210
3, 339
3, 83
3, 211
3, 340
3, 84
3, 212
3, 85
3, 213
3, 214
3, 86
3, 215
3, 87
3, 343
3, 216
3, 88
3, 344
3, 217
3, 89
3, 345
3, 218
3, 346
3, 90
3, 219
3, 347
3, 91
3, 220
3, 348
3, 92
3, 349
3, 93
3, 350
3, 94
3, 351
3, 223
3, 95
3, 352
3, 224
3, 96
3, 353
3, 225
3, 97
3, 354
3, 226
3, 98
3, 355
3, 227
3, 99
3, 356
3, 100
3, 228
3, 357
3, 229
3, 358
3, 230
3, 359
3, 103
3, 231
3, 360
3, 104
3, 232
3, 233
3, 105
3, 234
3, 106
3, 235
3, 107
3, 363
3, 236
3, 108
3, 364
3, 237
3, 365
3, 109
3, 238
3, 366
3, 110
3, 239
3, 367
3, 111
3, 240
3, 368
3, 112
3, 369
3, 113
3, 370
3, 114
3, 371
3, 243
3, 115
3, 372
3, 244
3, 116
3, 373
3, 245
3, 117
3, 374
3, 246
3, 118
3, 375
3, 119
3, 247
3, 376
3, 120
3, 248
3, 377
3, 249
3, 378
3, 250
3, 379
3, 123
3, 251
3, 380
3, 252
3, 124
3, 253
3, 125
3, 254
3, 126
3, 255
3, 127
3, 383
131, 320
131, 256
131, 192
131, 257
131, 193
131, 258
131, 194
131, 259
131, 195
131, 260
131, 196
131, 132
131, 197
131, 133
131, 198
131, 134
131, 391
131, 199
131, 135
131, 392
131, 200
131, 136
131, 393
131, 137
131, 394
131, 138
131, 395
131, 331
131, 139
131, 396
131, 332
131, 140
131, 397
131, 333
131, 398
131, 334
131, 399
131, 335
131, 271
131, 400
131, 336
131, 272
131, 337
131, 273
131, 338
131, 274
131, 339
131, 275
131, 211
131, 340
131, 276
131, 212
131, 277
131, 213
131, 278
131, 214
131, 279
131, 215
131, 151
131, 280
131, 216
131, 152
131, 217
131, 153
131, 218
131, 154
131, 219
131, 155
131, 220
131, 156
131, 157
131, 158
131, 351
131, 159
131, 352
131, 160
131, 353
131, 354
131, 355
131, 291
131, 356
131, 292
131, 357
131, 293
131, 358
131, 294
131, 359
131, 295
131, 231
131, 360
131, 296
131, 232
131, 297
131, 233
131, 298
131, 234
131, 299
131, 235
131, 171
131, 300
131, 236
131, 172
131, 237
131, 173
131, 238
131, 174
131, 239
131, 175
131, 240
131, 176
131, 177
131, 178
131, 371
131, 179
131, 372
131, 180
131, 373
131, 374
131, 375
131, 311
131, 376
131, 312
131, 377
131, 313
131, 378
131, 314
131, 379
131, 315
131, 251
131, 380
131, 316
131, 252
131, 317
131, 253
131, 318
131, 254
131, 319
131, 255
131, 191
260, 400
260, 380
260, 360
260, 340
260, 320
260, 300
260, 280
388, 389
388, 390
388, 391
388, 392
388, 393
388, 394
388, 395
388, 396
388, 397
388, 398
388, 399
388, 400
4, 256
4, 128
4, 384
4, 257
4, 385
4, 129
4, 258
4, 386
4, 130
4, 259
4, 387
4, 131
4, 260
4, 388
4, 132
4, 389
4, 5
4, 133
4, 390
4, 6
4, 134
4, 391
4, 7
4, 135
4, 392
4, 8
4, 264
4, 136
4, 393
4, 9
4, 265
4, 137
4, 394
4, 10
4, 266
4, 138
4, 395
4, 139
4, 11
4, 267
4, 396
4, 140
4, 12
4, 268
4, 397
4, 13
4, 269
4, 398
4, 14
4, 270
4, 399
4, 15
4, 271
4, 400
4, 272
4, 144
4, 16
4, 273
4, 145
4, 17
4, 274
4, 146
4, 18
4, 275
4, 147
4, 19
4, 276
4, 148
4, 20
4, 277
4, 149
4, 278
4, 150
4, 279
4, 151
4, 280
4, 24
4, 152
4, 25
4, 153
4, 26
4, 154
4, 27
4, 155
4, 28
4, 284
4, 156
4, 29
4, 285
4, 157
4, 158
4, 30
4, 286
4, 159
4, 31
4, 287
4, 160
4, 32
4, 288
4, 33
4, 289
4, 34
4, 290
4, 291
4, 35
4, 292
4, 164
4, 36
4, 293
4, 165
4, 37
4, 294
4, 166
4, 38
4, 295
4, 167
4, 39
4, 296
4, 168
4, 40
4, 297
4, 169
4, 298
4, 170
4, 299
4, 171
4, 300
4, 44
4, 172
4, 45
4, 173
4, 46
4, 174
4, 47
4, 175
4, 48
4, 304
4, 176
4, 177
4, 49
4, 305
4, 178
4, 50
4, 306
4, 179
4, 51
4, 307
4, 180
4, 52
4, 308
4, 53
4, 309
4, 310
4, 54
4, 311
4, 55
4, 312
4, 184
4, 56
4, 313
4, 185
4, 57
4, 314
4, 186
4, 58
4, 315
4, 187
4, 59
4, 316
4, 188
4, 60
4, 317
4, 189
4, 318
4, 190
4, 319
4, 191
4, 320
4, 64
4, 192
4, 65
4, 193
4, 66
4, 194
4, 67
4, 195
4, 196
4, 68
4, 324
4, 197
4, 69
4, 325
4, 198
4, 70
4, 326
4, 199
4, 71
4, 327
4, 200
4, 72
4, 328
4, 329
4, 73
4, 330
4, 74
4, 331
4, 75
4, 332
4, 204
4, 76
4, 333
4, 205
4, 77
4, 334
4, 206
4, 78
4, 335
4, 207
4, 79
4, 336
4, 208
4, 80
4, 337
4, 209
4, 338
4, 210
4, 339
4, 211
4, 340
4, 84
4, 212
4, 85
4, 213
4, 86
4, 214
4, 215
4, 87
4, 216
4, 88
4, 344
4, 217
4, 89
4, 345
4, 218
4, 90
4, 346
4, 219
4, 347
4, 91
4, 220
4, 348
4, 92
4, 349
4, 93
4, 350
4, 94
4, 351
4, 95
4, 352
4, 224
4, 96
4, 353
4, 225
4, 97
4, 354
4, 226
4, 98
4, 355
4, 227
4, 99
4, 356
4, 228
4, 100
4, 357
4, 229
4, 358
4, 230
4, 359
4, 231
4, 360
4, 104
4, 232
4, 105
4, 233
4, 234
4, 106
4, 235
4, 107
4, 236
4, 108
4, 364
4, 237
4, 109
4, 365
4, 238
4, 366
4, 110
4, 239
4, 367
4, 111
4, 240
4, 368
4, 112
4, 369
4, 113
4, 370
4, 114
4, 371
4, 115
4, 372
4, 244
4, 116
4, 373
4, 245
4, 117
4, 374
4, 246
4, 118
4, 375
4, 247
4, 119
4, 376
4, 120
4, 248
4, 377
4, 249
4, 378
4, 250
4, 379
4, 251
4, 380
4, 124
4, 252
4, 253
4, 125
4, 254
4, 126
4, 255
4, 127
132, 320
132, 256
132, 192
132, 257
132, 193
132, 258
132, 194
132, 259
132, 195
132, 260
132, 196
132, 197
132, 133
132, 198
132, 134
132, 199
132, 135
132, 392
132, 200
132, 136
132, 393
132, 137
132, 394
132, 138
132, 395
132, 139
132, 396
132, 332
132, 140
132, 397
132, 333
132, 398
132, 334
132, 399
132, 335
132, 400
132, 336
132, 272
132, 337
132, 273
132, 338
132, 274
132, 339
132, 275
132, 340
132, 276
132, 212
132, 277
132, 213
132, 278
132, 214
132, 279
132, 215
132, 280
132, 216
132, 152
132, 217
132, 153
132, 218
132, 154
132, 219
132, 155
132, 220
132, 156
132, 157
132, 158
132, 159
132, 352
132, 160
132, 353
132, 354
132, 355
132, 356
132, 292
132, 357
132, 293
132, 358
132, 294
132, 359
132, 295
132, 360
132, 296
132, 232
132, 297
132, 233
132, 298
132, 234
132, 299
132, 235
132, 300
132, 236
132, 172
132, 237
132, 173
132, 238
132, 174
132, 239
132, 175
132, 240
132, 176
132, 177
132, 178
132, 179
132, 372
132, 180
132, 373
132, 374
132, 375
132, 376
132, 312
132, 377
132, 313
132, 378
132, 314
132, 379
132, 315
132, 380
132, 316
132, 252
132, 317
132, 253
132, 318
132, 254
132, 319
132, 255
389, 390
389, 391
389, 392
389, 393
389, 394
389, 395
389, 396
389, 397
389, 398
389, 399
389, 400
261, 320
261, 384
261, 385
261, 321
261, 386
261, 322
261, 387
261, 323
261, 388
261, 324
261, 389
261, 325
261, 390
261, 326
261, 262
261, 391
261, 327
261, 263
261, 392
261, 328
261, 264
261, 393
261, 329
261, 265
261, 394
261, 330
261, 266
261, 395
261, 331
261, 267
261, 396
261, 332
261, 268
261, 397
261, 333
261, 269
261, 398
261, 334
261, 270
261, 399
261, 335
261, 271
261, 400
261, 336
261, 272
261, 337
261, 273
261, 338
261, 274
261, 339
261, 275
261, 340
261, 276
261, 277
261, 341
261, 278
261, 342
261, 279
261, 343
261, 280
261, 344
261, 345
261, 281
261, 346
261, 282
261, 347
261, 283
261, 348
261, 284
261, 349
261, 285
261, 350
261, 286
261, 351
261, 287
261, 352
261, 288
261, 353
261, 289
261, 354
261, 290
261, 355
261, 291
261, 356
261, 292
261, 357
261, 293
261, 358
261, 294
261, 359
261, 295
261, 360
261, 296
261, 297
261, 361
261, 298
261, 362
261, 299
261, 363
261, 300
261, 364
261, 365
261, 301
261, 366
261, 302
261, 367
261, 303
261, 368
261, 304
261, 369
261, 305
261, 370
261, 306
261, 371
261, 307
261, 372
261, 308
261, 373
261, 309
261, 374
261, 310
261, 375
261, 311
261, 376
261, 312
261, 377
261, 313
261, 378
261, 314
261, 379
261, 315
261, 380
261, 316
261, 317
261, 381
261, 318
261, 382
261, 319
261, 383
5, 256
5, 128
5, 257
5, 129
5, 385
5, 258
5, 386
5, 130
5, 259
5, 387
5, 131
5, 260
5, 388
5, 132
5, 389
5, 133
5, 390
5, 6
5, 134
5, 391
5, 7
5, 135
5, 392
5, 8
5, 136
5, 393
5, 9
5, 265
5, 137
5, 394
5, 10
5, 266
5, 138
5, 395
5, 11
5, 267
5, 139
5, 396
5, 140
5, 12
5, 268
5, 397
5, 13
5, 269
5, 398
5, 14
5, 270
5, 399
5, 15
5, 271
5, 400
5, 16
5, 272
5, 273
5, 145
5, 17
5, 274
5, 146
5, 18
5, 275
5, 147
5, 19
5, 276
5, 148
5, 20
5, 277
5, 149
5, 278
5, 150
5, 279
5, 151
5, 280
5, 152
5, 25
5, 153
5, 26
5, 154
5, 27
5, 155
5, 28
5, 156
5, 29
5, 285
5, 157
5, 30
5, 286
5, 158
5, 159
5, 31
5, 287
5, 160
5, 32
5, 288
5, 33
5, 289
5, 34
5, 290
5, 35
5, 291
5, 292
5, 36
5, 293
5, 165
5, 37
5, 294
5, 166
5, 38
5, 295
5, 167
5, 39
5, 296
5, 168
5, 40
5, 297
5, 169
5, 298
5, 170
5, 299
5, 171
5, 300
5, 172
5, 45
5, 173
5, 46
5, 174
5, 47
5, 175
5, 48
5, 176
5, 49
5, 305
5, 177
5, 178
5, 50
5, 306
5, 179
5, 51
5, 307
5, 180
5, 52
5, 308
5, 53
5, 309
5, 54
5, 310
5, 311
5, 55
5, 312
5, 56
5, 313
5, 185
5, 57
5, 314
5, 186
5, 58
5, 315
5, 187
5, 59
5, 316
5, 188
5, 60
5, 317
5, 189
5, 318
5, 190
5, 319
5, 191
5, 320
5, 192
5, 65
5, 193
5, 66
5, 194
5, 67
5, 195
5, 68
5, 196
5, 197
5, 69
5, 325
5, 198
5, 70
5, 326
5, 199
5, 71
5, 327
5, 200
5, 72
5, 328
5, 73
5, 329
5, 330
5, 74
5, 331
5, 75
5, 332
5, 76
5, 333
5, 205
5, 77
5, 334
5, 206
5, 78
5, 335
5, 207
5, 79
5, 336
5, 208
5, 80
5, 337
5, 209
5, 338
5, 210
5, 339
5, 211
5, 340
5, 212
5, 85
5, 213
5, 86
5, 214
5, 87
5, 215
5, 216
5, 88
5, 217
5, 89
5, 345
5, 218
5, 90
5, 346
5, 219
5, 91
5, 347
5, 220
5, 348
5, 92
5, 349
5, 93
5, 350
5, 94
5, 351
5, 95
5, 352
5, 96
5, 353
5, 225
5, 97
5, 354
5, 226
5, 98
5, 355
5, 227
5, 99
5, 356
5, 228
5, 100
5, 357
5, 229
5, 358
5, 230
5, 359
5, 231
5, 360
5, 232
5, 105
5, 233
5, 106
5, 234
5, 235
5, 107
5, 236
5, 108
5, 237
5, 109
5, 365
5, 238
5, 110
5, 366
5, 239
5, 367
5, 111
5, 240
5, 368
5, 112
5, 369
5, 113
5, 370
5, 114
5, 371
5, 115
5, 372
5, 116
5, 373
5, 245
5, 117
5, 374
5, 246
5, 118
5, 375
5, 247
5, 119
5, 376
5, 248
5, 120
5, 377
5, 249
5, 378
5, 250
5, 379
5, 251
5, 380
5, 252
5, 125
5, 253
5, 254
5, 126
5, 255
5, 127
133, 320
133, 256
133, 257
133, 193
133, 258
133, 194
133, 259
133, 195
133, 260
133, 196
133, 197
133, 198
133, 134
133, 199
133, 135
133, 200
133, 136
133, 393
133, 137
133, 394
133, 138
133, 395
133, 139
133, 396
133, 140
133, 397
133, 333
133, 398
133, 334
133, 399
133, 335
133, 400
133, 336
133, 337
133, 273
133, 338
133, 274
133, 339
133, 275
133, 340
133, 276
133, 277
133, 213
133, 278
133, 214
133, 279
133, 215
133, 280
133, 216
133, 217
133, 153
133, 218
133, 154
133, 219
133, 155
133, 220
133, 156
133, 157
133, 158
133, 159
133, 160
133, 353
133, 354
133, 355
133, 356
133, 357
133, 293
133, 358
133, 294
133, 359
133, 295
133, 360
133, 296
133, 297
133, 233
133, 298
133, 234
133, 299
133, 235
133, 300
133, 236
133, 237
133, 173
133, 238
133, 174
133, 239
133, 175
133, 240
133, 176
133, 177
133, 178
133, 179
133, 180
133, 373
133, 374
133, 375
133, 376
133, 377
133, 313
133, 378
133, 314
133, 379
133, 315
133, 380
133, 316
133, 317
133, 253
133, 318
133, 254
133, 319
133, 255
390, 391
390, 392
390, 393
390, 394
390, 395
390, 396
390, 397
390, 398
390, 399
390, 400
262, 320
262, 384
262, 385
262, 386
262, 322
262, 387
262, 323
262, 388
262, 324
262, 389
262, 325
262, 390
262, 326
262, 391
262, 327
262, 263
262, 392
262, 328
262, 264
262, 393
262, 329
262, 265
262, 394
262, 330
262, 266
262, 395
262, 331
262, 267
262, 396
262, 332
262, 268
262, 397
262, 333
262, 269
262, 398
262, 334
262, 270
262, 399
262, 335
262, 271
262, 400
262, 336
262, 272
262, 337
262, 273
262, 338
262, 274
262, 339
262, 275
262, 340
262, 276
262, 277
262, 278
262, 342
262, 279
262, 343
262, 280
262, 344
262, 345
262, 346
262, 282
262, 347
262, 283
262, 348
262, 284
262, 349
262, 285
262, 350
262, 286
262, 351
262, 287
262, 352
262, 288
262, 353
262, 289
262, 354
262, 290
262, 355
262, 291
262, 356
262, 292
262, 357
262, 293
262, 358
262, 294
262, 359
262, 295
262, 360
262, 296
262, 297
262, 298
262, 362
262, 299
262, 363
262, 300
262, 364
262, 365
262, 366
262, 302
262, 367
262, 303
262, 368
262, 304
262, 369
262, 305
262, 370
262, 306
262, 371
262, 307
262, 372
262, 308
262, 373
262, 309
262, 374
262, 310
262, 375
262, 311
262, 376
262, 312
262, 377
262, 313
262, 378
262, 314
262, 379
262, 315
262, 380
262, 316
262, 317
262, 318
262, 382
262, 319
262, 383
6, 256
6, 128
6, 257
6, 129
6, 258
6, 130
6, 386
6, 259
6, 387
6, 131
6, 260
6, 388
6, 132
6, 389
6, 133
6, 390
6, 134
6, 391
6, 7
6, 135
6, 392
6, 8
6, 136
6, 393
6, 9
6, 137
6, 394
6, 10
6, 266
6, 138
6, 395
6, 11
6, 267
6, 139
6, 396
6, 12
6, 268
6, 140
6, 397
6, 13
6, 269
6, 398
6, 14
6, 270
6, 399
6, 15
6, 271
6, 400
6, 16
6, 272
6, 17
6, 273
6, 274
6, 146
6, 18
6, 275
6, 147
6, 19
6, 276
6, 148
6, 20
6, 277
6, 149
6, 278
6, 150
6, 279
6, 151
6, 280
6, 152
6, 153
6, 26
6, 154
6, 27
6, 155
6, 28
6, 156
6, 29
6, 157
6, 30
6, 286
6, 158
6, 31
6, 287
6, 159
6, 160
6, 32
6, 288
6, 33
6, 289
6, 34
6, 290
6, 35
6, 291
6, 36
6, 292
6, 293
6, 37
6, 294
6, 166
6, 38
6, 295
6, 167
6, 39
6, 296
6, 168
6, 40
6, 297
6, 169
6, 298
6, 170
6, 299
6, 171
6, 300
6, 172
6, 173
6, 46
6, 174
6, 47
6, 175
6, 48
6, 176
6, 49
6, 177
6, 50
6, 306
6, 178
6, 179
6, 51
6, 307
6, 180
6, 52
6, 308
6, 53
6, 309
6, 54
6, 310
6, 55
6, 311
6, 312
6, 56
6, 313
6, 57
6, 314
6, 186
6, 58
6, 315
6, 187
6, 59
6, 316
6, 188
6, 60
6, 317
6, 189
6, 318
6, 190
6, 319
6, 191
6, 320
6, 192
6, 193
6, 66
6, 194
6, 67
6, 195
6, 68
6, 196
6, 69
6, 197
6, 198
6, 70
6, 326
6, 199
6, 71
6, 327
6, 200
6, 72
6, 328
6, 73
6, 329
6, 74
6, 330
6, 331
6, 75
6, 332
6, 76
6, 333
6, 77
6, 334
6, 206
6, 78
6, 335
6, 207
6, 79
6, 336
6, 208
6, 80
6, 337
6, 209
6, 338
6, 210
6, 339
6, 211
6, 340
6, 212
6, 213
6, 86
6, 214
6, 87
6, 215
6, 88
6, 216
6, 217
6, 89
6, 218
6, 90
6, 346
6, 219
6, 91
6, 347
6, 220
6, 92
6, 348
6, 349
6, 93
6, 350
6, 94
6, 351
6, 95
6, 352
6, 96
6, 353
6, 97
6, 354
6, 226
6, 98
6, 355
6, 227
6, 99
6, 356
6, 228
6, 100
6, 357
6, 229
6, 358
6, 230
6, 359
6, 231
6, 360
6, 232
6, 233
6, 106
6, 234
6, 107
6, 235
6, 236
6, 108
6, 237
6, 109
6, 238
6, 110
6, 366
6, 239
6, 111
6, 367
6, 240
6, 368
6, 112
6, 369
6, 113
6, 370
6, 114
6, 371
6, 115
6, 372
6, 116
6, 373
6, 117
6, 374
6, 246
6, 118
6, 375
6, 247
6, 119
6, 376
6, 248
6, 120
6, 377
6, 249
6, 378
6, 250
6, 379
6, 251
6, 380
6, 252
6, 253
6, 126
6, 254
6, 255
6, 127
134, 320
134, 256
134, 257
134, 258
134, 194
134, 259
134, 195
134, 260
134, 196
134, 197
134, 198
134, 199
134, 135
134, 200
134, 136
134, 137
134, 394
134, 138
134, 395
134, 139
134, 396
134, 140
134, 397
134, 398
134, 334
134, 399
134, 335
134, 400
134, 336
134, 337
134, 338
134, 274
134, 339
134, 275
134, 340
134, 276
134, 277
134, 278
134, 214
134, 279
134, 215
134, 280
134, 216
134, 217
134, 218
134, 154
134, 219
134, 155
134, 220
134, 156
134, 157
134, 158
134, 159
134, 160
134, 354
134, 355
134, 356
134, 357
134, 358
134, 294
134, 359
134, 295
134, 360
134, 296
134, 297
134, 298
134, 234
134, 299
134, 235
134, 300
134, 236
134, 237
134, 238
134, 174
134, 239
134, 175
134, 240
134, 176
134, 177
134, 178
134, 179
134, 180
134, 374
134, 375
134, 376
134, 377
134, 378
134, 314
134, 379
134, 315
134, 380
134, 316
134, 317
134, 318
134, 254
134, 319
134, 255
391, 392
391, 393
391, 394
391, 395
391, 396
391, 397
391, 398
391, 399
391, 400
263, 320
263, 384
263, 385
263, 386
263, 387
263, 323
263, 388
263, 324
263, 389
263, 325
263, 390
263, 326
263, 391
263, 327
263, 392
263, 328
263, 264
263, 393
263, 329
263, 265
263, 394
263, 330
263, 266
263, 395
263, 331
263, 267
263, 396
263, 332
263, 268
263, 397
263, 333
263, 269
263, 398
263, 334
263, 270
263, 399
263, 335
263, 271
263, 400
263, 336
263, 272
263, 337
263, 273
263, 338
263, 274
263, 339
263, 275
263, 340
263, 276
263, 277
263, 278
263, 279
263, 343
263, 280
263, 344
263, 345
263, 346
263, 347
263, 283
263, 348
263, 284
263, 349
263, 285
263, 350
263, 286
263, 351
263, 287
263, 352
263, 288
263, 353
263, 289
263, 354
263, 290
263, 355
263, 291
263, 356
263, 292
263, 357
263, 293
263, 358
263, 294
263, 359
263, 295
263, 360
263, 296
263, 297
263, 298
263, 299
263, 363
263, 300
263, 364
263, 365
263, 366
263, 367
263, 303
263, 368
263, 304
263, 369
263, 305
263, 370
263, 306
263, 371
263, 307
263, 372
263, 308
263, 373
263, 309
263, 374
263, 310
263, 375
263, 311
263, 376
263, 312
263, 377
263, 313
263, 378
263, 314
263, 379
263, 315
263, 380
263, 316
263, 317
263, 318
263, 319
263, 383
7, 256
7, 128
7, 257
7, 129
7, 258
7, 130
7, 259
7, 131
7, 387
7, 260
7, 388
7, 132
7, 389
7, 133
7, 390
7, 134
7, 391
7, 135
7, 392
7, 8
7, 136
7, 393
7, 9
7, 137
7, 394
7, 10
7, 138
7, 395
7, 11
7, 267
7, 139
7, 396
7, 12
7, 268
7, 140
7, 397
7, 13
7, 269
7, 398
7, 14
7, 270
7, 399
7, 15
7, 271
7, 400
7, 16
7, 272
7, 17
7, 273
7, 18
7, 274
7, 275
7, 147
7, 19
7, 276
7, 148
7, 20
7, 277
7, 149
7, 278
7, 150
7, 279
7, 151
7, 280
7, 152
7, 153
7, 154
7, 27
7, 155
7, 28
7, 156
7, 29
7, 157
7, 30
7, 158
7, 31
7, 287
7, 159
7, 32
7, 288
7, 160
7, 33
7, 289
7, 34
7, 290
7, 35
7, 291
7, 36
7, 292
7, 37
7, 293
7, 294
7, 38
7, 295
7, 167
7, 39
7, 296
7, 168
7, 40
7, 297
7, 169
7, 298
7, 170
7, 299
7, 171
7, 300
7, 172
7, 173
7, 174
7, 47
7, 175
7, 48
7, 176
7, 49
7, 177
7, 50
7, 178
7, 51
7, 307
7, 179
7, 180
7, 52
7, 308
7, 53
7, 309
7, 54
7, 310
7, 55
7, 311
7, 56
7, 312
7, 313
7, 57
7, 314
7, 58
7, 315
7, 187
7, 59
7, 316
7, 188
7, 60
7, 317
7, 189
7, 318
7, 190
7, 319
7, 191
7, 320
7, 192
7, 193
7, 194
7, 67
7, 195
7, 68
7, 196
7, 69
7, 197
7, 70
7, 198
7, 199
7, 71
7, 327
7, 200
7, 72
7, 328
7, 73
7, 329
7, 74
7, 330
7, 75
7, 331
7, 332
7, 76
7, 333
7, 77
7, 334
7, 78
7, 335
7, 207
7, 79
7, 336
7, 208
7, 80
7, 337
7, 209
7, 338
7, 210
7, 339
7, 211
7, 340
7, 212
7, 213
7, 214
7, 87
7, 215
7, 88
7, 216
7, 89
7, 217
7, 218
7, 90
7, 219
7, 91
7, 347
7, 220
7, 92
7, 348
7, 93
7, 349
7, 350
7, 94
7, 351
7, 95
7, 352
7, 96
7, 353
7, 97
7, 354
7, 98
7, 355
7, 227
7, 99
7, 356
7, 228
7, 100
7, 357
7, 229
7, 358
7, 230
7, 359
7, 231
7, 360
7, 232
7, 233
7, 234
7, 107
7, 235
7, 108
7, 236
7, 237
7, 109
7, 238
7, 110
7, 239
7, 111
7, 367
7, 240
7, 112
7, 368
7, 369
7, 113
7, 370
7, 114
7, 371
7, 115
7, 372
7, 116
7, 373
7, 117
7, 374
7, 118
7, 375
7, 247
7, 119
7, 376
7, 248
7, 120
7, 377
7, 249
7, 378
7, 250
7, 379
7, 251
7, 380
7, 252
7, 253
7, 254
7, 127
7, 255
135, 320
135, 256
135, 257
135, 258
135, 259
135, 195
135, 260
135, 196
135, 197
135, 198
135, 199
135, 200
135, 136
135, 137
135, 138
135, 395
135, 139
135, 396
135, 140
135, 397
135, 398
135, 399
135, 335
135, 400
135, 336
135, 337
135, 338
135, 339
135, 275
135, 340
135, 276
135, 277
135, 278
135, 279
135, 215
135, 280
135, 216
135, 217
135, 218
135, 219
135, 155
135, 220
135, 156
135, 157
135, 158
135, 159
135, 160
135, 355
135, 356
135, 357
135, 358
135, 359
135, 295
135, 360
135, 296
135, 297
135, 298
135, 299
135, 235
135, 300
135, 236
135, 237
135, 238
135, 239
135, 175
135, 240
135, 176
135, 177
135, 178
135, 179
135, 180
135, 375
135, 376
135, 377
135, 378
135, 379
135, 315
135, 380
135, 316
135, 317
135, 318
135, 319
135, 255
392, 400
392, 399
392, 398
392, 397
392, 396
392, 395
392, 394
392, 393
264, 320
264, 384
264, 385
264, 386
264, 387
264, 388
264, 324
264, 389
264, 325
264, 390
264, 326
264, 391
264, 327
264, 392
264, 328
264, 393
264, 329
264, 265
264, 394
264, 330
264, 266
264, 395
264, 331
264, 267
264, 396
264, 332
264, 268
264, 397
264, 333
264, 269
264, 398
264, 334
264, 270
264, 399
264, 335
264, 271
264, 400
264, 336
264, 272
264, 337
264, 273
264, 338
264, 274
264, 339
264, 275
264, 340
264, 276
264, 277
264, 278
264, 279
264, 280
264, 344
264, 345
264, 346
264, 347
264, 348
264, 284
264, 349
264, 285
264, 350
264, 286
264, 351
264, 287
264, 352
264, 288
264, 353
264, 289
264, 354
264, 290
264, 355
264, 291
264, 356
264, 292
264, 357
264, 293
264, 358
264, 294
264, 359
264, 295
264, 360
264, 296
264, 297
264, 298
264, 299
264, 300
264, 364
264, 365
264, 366
264, 367
264, 368
264, 304
264, 369
264, 305
264, 370
264, 306
264, 371
264, 307
264, 372
264, 308
264, 373
264, 309
264, 374
264, 310
264, 375
264, 311
264, 376
264, 312
264, 377
264, 313
264, 378
264, 314
264, 379
264, 315
264, 380
264, 316
264, 317
264, 318
264, 319
8, 128
8, 256
8, 257
8, 129
8, 258
8, 130
8, 259
8, 131
8, 260
8, 132
8, 388
8, 389
8, 133
8, 390
8, 134
8, 391
8, 135
8, 392
8, 136
8, 393
8, 9
8, 137
8, 394
8, 10
8, 138
8, 395
8, 11
8, 139
8, 396
8, 12
8, 268
8, 140
8, 397
8, 13
8, 269
8, 398
8, 14
8, 270
8, 399
8, 15
8, 271
8, 400
8, 16
8, 272
8, 17
8, 273
8, 18
8, 274
8, 19
8, 275
8, 276
8, 148
8, 20
8, 277
8, 149
8, 278
8, 150
8, 279
8, 151
8, 280
8, 152
8, 153
8, 154
8, 155
8, 28
8, 156
8, 29
8, 157
8, 30
8, 158
8, 31
8, 159
8, 32
8, 288
8, 160
8, 33
8, 289
8, 34
8, 290
8, 35
8, 291
8, 36
8, 292
8, 37
8, 293
8, 38
8, 294
8, 295
8, 39
8, 296
8, 168
8, 40
8, 297
8, 169
8, 298
8, 170
8, 299
8, 171
8, 300
8, 172
8, 173
8, 174
8, 175
8, 48
8, 176
8, 49
8, 177
8, 50
8, 178
8, 51
8, 179
8, 52
8, 308
8, 180
8, 53
8, 309
8, 54
8, 310
8, 55
8, 311
8, 56
8, 312
8, 57
8, 313
8, 314
8, 58
8, 315
8, 59
8, 316
8, 188
8, 60
8, 317
8, 189
8, 318
8, 190
8, 319
8, 191
8, 320
8, 192
8, 193
8, 194
8, 195
8, 68
8, 196
8, 69
8, 197
8, 70
8, 198
8, 71
8, 199
8, 200
8, 72
8, 328
8, 73
8, 329
8, 74
8, 330
8, 75
8, 331
8, 76
8, 332
8, 333
8, 77
8, 334
8, 78
8, 335
8, 79
8, 336
8, 208
8, 80
8, 337
8, 209
8, 338
8, 210
8, 339
8, 211
8, 340
8, 212
8, 213
8, 214
8, 215
8, 88
8, 216
8, 89
8, 217
8, 90
8, 218
8, 219
8, 91
8, 220
8, 92
8, 348
8, 93
8, 349
8, 94
8, 350
8, 351
8, 95
8, 352
8, 96
8, 353
8, 97
8, 354
8, 98
8, 355
8, 99
8, 356
8, 228
8, 100
8, 357
8, 229
8, 358
8, 230
8, 359
8, 231
8, 360
8, 232
8, 233
8, 234
8, 235
8, 108
8, 236
8, 109
8, 237
8, 238
8, 110
8, 239
8, 111
8, 240
8, 112
8, 368
8, 113
8, 369
8, 370
8, 114
8, 371
8, 115
8, 372
8, 116
8, 373
8, 117
8, 374
8, 118
8, 375
8, 119
8, 376
8, 248
8, 120
8, 377
8, 249
8, 378
8, 250
8, 379
8, 251
8, 380
8, 252
8, 253
8, 254
8, 255
136, 320
136, 256
136, 257
136, 258
136, 259
136, 260
136, 196
136, 197
136, 198
136, 199
136, 200
136, 137
136, 138
136, 139
136, 396
136, 140
136, 397
136, 398
136, 399
136, 400
136, 336
136, 337
136, 338
136, 339
136, 340
136, 276
136, 277
136, 278
136, 279
136, 280
136, 216
136, 217
136, 218
136, 219
136, 220
136, 156
136, 157
136, 158
136, 159
136, 160
136, 356
136, 357
136, 358
136, 359
136, 360
136, 296
136, 297
136, 298
136, 299
136, 300
136, 236
136, 237
136, 238
136, 239
136, 240
136, 176
136, 177
136, 178
136, 179
136, 180
136, 376
136, 377
136, 378
136, 379
136, 380
136, 316
136, 317
136, 318
136, 319
393, 400
393, 399
393, 398
393, 397
393, 396
393, 395
393, 394
265, 320
265, 385
265, 386
265, 387
265, 388
265, 389
265, 325
265, 390
265, 326
265, 391
265, 327
265, 392
265, 328
265, 393
265, 329
265, 394
265, 330
265, 266
265, 395
265, 331
265, 267
265, 396
265, 332
265, 268
265, 397
265, 333
265, 269
265, 398
265, 334
265, 270
265, 399
265, 335
265, 271
265, 400
265, 336
265, 272
265, 337
265, 273
265, 338
265, 274
265, 339
265, 275
265, 340
265, 276
265, 277
265, 278
265, 279
265, 280
265, 345
265, 346
265, 347
265, 348
265, 349
265, 285
265, 350
265, 286
265, 351
265, 287
265, 352
265, 288
265, 353
265, 289
265, 354
265, 290
265, 355
265, 291
265, 356
265, 292
265, 357
265, 293
265, 358
265, 294
265, 359
265, 295
265, 360
265, 296
265, 297
265, 298
265, 299
265, 300
265, 365
265, 366
265, 367
265, 368
265, 369
265, 305
265, 370
265, 306
265, 371
265, 307
265, 372
265, 308
265, 373
265, 309
265, 374
265, 310
265, 375
265, 311
265, 376
265, 312
265, 377
265, 313
265, 378
265, 314
265, 379
265, 315
265, 380
265, 316
265, 317
265, 318
265, 319
9, 256
9, 129
9, 257
9, 130
9, 258
9, 131
9, 259
9, 132
9, 260
9, 133
9, 389
9, 134
9, 390
9, 135
9, 391
9, 136
9, 392
9, 137
9, 393
9, 10
9, 138
9, 394
9, 395
9, 11
9, 139
9, 396
9, 12
9, 140
9, 397
9, 13
9, 269
9, 398
9, 14
9, 270
9, 399
9, 15
9, 271
9, 400
9, 16
9, 272
9, 17
9, 273
9, 18
9, 274
9, 19
9, 275
9, 20
9, 276
9, 149
9, 277
9, 150
9, 278
9, 151
9, 279
9, 152
9, 280
9, 153
9, 154
9, 155
9, 156
9, 29
9, 157
9, 30
9, 158
9, 31
9, 159
9, 32
9, 160
9, 33
9, 289
9, 34
9, 290
9, 35
9, 291
9, 36
9, 292
9, 37
9, 293
9, 38
9, 294
9, 39
9, 295
9, 40
9, 296
9, 169
9, 297
9, 170
9, 298
9, 171
9, 299
9, 300
9, 172
9, 173
9, 174
9, 175
9, 176
9, 49
9, 177
9, 50
9, 178
9, 51
9, 179
9, 52
9, 180
9, 53
9, 309
9, 54
9, 310
9, 55
9, 311
9, 56
9, 312
9, 57
9, 313
9, 58
9, 314
9, 59
9, 315
9, 60
9, 316
9, 189
9, 317
9, 190
9, 318
9, 319
9, 191
9, 320
9, 192
9, 193
9, 194
9, 195
9, 196
9, 69
9, 197
9, 70
9, 198
9, 71
9, 199
9, 72
9, 200
9, 73
9, 329
9, 74
9, 330
9, 75
9, 331
9, 76
9, 332
9, 77
9, 333
9, 78
9, 334
9, 79
9, 335
9, 80
9, 336
9, 209
9, 337
9, 338
9, 210
9, 339
9, 211
9, 340
9, 212
9, 213
9, 214
9, 215
9, 216
9, 89
9, 217
9, 90
9, 218
9, 91
9, 219
9, 92
9, 220
9, 93
9, 349
9, 94
9, 350
9, 95
9, 351
9, 96
9, 352
9, 97
9, 353
9, 98
9, 354
9, 99
9, 355
9, 100
9, 356
9, 357
9, 229
9, 358
9, 230
9, 359
9, 231
9, 360
9, 232
9, 233
9, 234
9, 235
9, 236
9, 109
9, 237
9, 110
9, 238
9, 111
9, 239
9, 112
9, 240
9, 113
9, 369
9, 114
9, 370
9, 115
9, 371
9, 116
9, 372
9, 117
9, 373
9, 118
9, 374
9, 119
9, 375
9, 376
9, 120
9, 377
9, 249
9, 378
9, 250
9, 379
9, 251
9, 380
9, 252
9, 253
9, 254
9, 255
137, 320
137, 257
137, 258
137, 259
137, 260
137, 197
137, 198
137, 199
137, 200
137, 138
137, 139
137, 140
137, 397
137, 398
137, 399
137, 400
137, 337
137, 338
137, 339
137, 340
137, 277
137, 278
137, 279
137, 280
137, 217
137, 218
137, 219
137, 220
137, 157
137, 158
137, 159
137, 160
137, 357
137, 358
137, 359
137, 360
137, 297
137, 298
137, 299
137, 300
137, 237
137, 238
137, 239
137, 240
137, 177
137, 178
137, 179
137, 180
137, 377
137, 378
137, 379
137, 380
137, 317
137, 318
137, 319
394, 400
394, 399
394, 398
394, 397
394, 396
394, 395
266, 320
266, 386
266, 387
266, 388
266, 389
266, 390
266, 326
266, 391
266, 327
266, 392
266, 328
266, 393
266, 329
266, 394
266, 330
266, 395
266, 331
266, 267
266, 396
266, 332
266, 268
266, 397
266, 333
266, 269
266, 398
266, 334
266, 270
266, 399
266, 335
266, 271
266, 400
266, 336
266, 272
266, 337
266, 273
266, 338
266, 274
266, 339
266, 275
266, 340
266, 276
266, 277
266, 278
266, 279
266, 280
266, 346
266, 347
266, 348
266, 349
266, 350
266, 286
266, 351
266, 287
266, 352
266, 288
266, 353
266, 289
266, 354
266, 290
266, 355
266, 291
266, 356
266, 292
266, 357
266, 293
266, 358
266, 294
266, 359
266, 295
266, 360
266, 296
266, 297
266, 298
266, 299
266, 300
266, 366
266, 367
266, 368
266, 369
266, 370
266, 306
266, 371
266, 307
266, 372
266, 308
266, 373
266, 309
266, 374
266, 310
266, 375
266, 311
266, 376
266, 312
266, 377
266, 313
266, 378
266, 314
266, 379
266, 315
266, 380
266, 316
266, 317
266, 318
266, 319
10, 256
10, 257
10, 130
10, 258
10, 131
10, 259
10, 132
10, 260
10, 133
10, 134
10, 390
10, 135
10, 391
10, 136
10, 392
10, 137
10, 393
10, 138
10, 394
10, 11
10, 139
10, 395
10, 396
10, 12
10, 140
10, 397
10, 13
10, 398
10, 14
10, 270
10, 399
10, 15
10, 271
10, 400
10, 16
10, 272
10, 17
10, 273
10, 18
10, 274
10, 19
10, 275
10, 20
10, 276
10, 277
10, 150
10, 278
10, 151
10, 279
10, 152
10, 280
10, 153
10, 154
10, 155
10, 156
10, 157
10, 30
10, 158
10, 31
10, 159
10, 32
10, 160
10, 33
10, 34
10, 290
10, 35
10, 291
10, 36
10, 292
10, 37
10, 293
10, 38
10, 294
10, 39
10, 295
10, 40
10, 296
10, 297
10, 170
10, 298
10, 171
10, 299
10, 172
10, 300
10, 173
10, 174
10, 175
10, 176
10, 177
10, 50
10, 178
10, 51
10, 179
10, 52
10, 180
10, 53
10, 54
10, 310
10, 55
10, 311
10, 56
10, 312
10, 57
10, 313
10, 58
10, 314
10, 59
10, 315
10, 60
10, 316
10, 317
10, 190
10, 318
10, 191
10, 319
10, 320
10, 192
10, 193
10, 194
10, 195
10, 196
10, 197
10, 70
10, 198
10, 71
10, 199
10, 72
10, 200
10, 73
10, 74
10, 330
10, 75
10, 331
10, 76
10, 332
10, 77
10, 333
10, 78
10, 334
10, 79
10, 335
10, 80
10, 336
10, 337
10, 210
10, 338
10, 339
10, 211
10, 340
10, 212
10, 213
10, 214
10, 215
10, 216
10, 217
10, 90
10, 218
10, 91
10, 219
10, 92
10, 220
10, 93
10, 94
10, 350
10, 95
10, 351
10, 96
10, 352
10, 97
10, 353
10, 98
10, 354
10, 99
10, 355
10, 100
10, 356
10, 357
10, 358
10, 230
10, 359
10, 231
10, 360
10, 232
10, 233
10, 234
10, 235
10, 236
10, 237
10, 110
10, 238
10, 111
10, 239
10, 112
10, 240
10, 113
10, 114
10, 370
10, 115
10, 371
10, 116
10, 372
10, 117
10, 373
10, 118
10, 374
10, 119
10, 375
10, 120
10, 376
10, 377
10, 378
10, 250
10, 379
10, 251
10, 380
10, 252
10, 253
10, 254
10, 255
138, 320
138, 258
138, 259
138, 260
138, 198
138, 199
138, 200
138, 139
138, 140
138, 398
138, 399
138, 400
138, 338
138, 339
138, 340
138, 278
138, 279
138, 280
138, 218
138, 219
138, 220
138, 158
138, 159
138, 160
138, 358
138, 359
138, 360
138, 298
138, 299
138, 300
138, 238
138, 239
138, 240
138, 178
138, 179
138, 180
138, 378
138, 379
138, 380
138, 318
138, 319
395, 400
395, 399
395, 398
395, 397
395, 396
267, 320
267, 387
267, 388
267, 389
267, 390
267, 391
267, 327
267, 392
267, 328
267, 393
267, 329
267, 394
267, 330
267, 395
267, 331
267, 396
267, 332
267, 268
267, 397
267, 333
267, 269
267, 398
267, 334
267, 270
267, 399
267, 335
267, 271
267, 400
267, 336
267, 272
267, 337
267, 273
267, 338
267, 274
267, 339
267, 275
267, 340
267, 276
267, 277
267, 278
267, 279
267, 280
267, 347
267, 348
267, 349
267, 350
267, 351
267, 287
267, 352
267, 288
267, 353
267, 289
267, 354
267, 290
267, 355
267, 291
267, 356
267, 292
267, 357
267, 293
267, 358
267, 294
267, 359
267, 295
267, 360
267, 296
267, 297
267, 298
267, 299
267, 300
267, 367
267, 368
267, 369
267, 370
267, 371
267, 307
267, 372
267, 308
267, 373
267, 309
267, 374
267, 310
267, 375
267, 311
267, 376
267, 312
267, 377
267, 313
267, 378
267, 314
267, 379
267, 315
267, 380
267, 316
267, 317
267, 318
267, 319
11, 256
11, 257
11, 258
11, 131
11, 259
11, 132
11, 260
11, 133
11, 134
11, 135
11, 391
11, 136
11, 392
11, 137
11, 393
11, 138
11, 394
11, 139
11, 395
11, 12
11, 140
11, 396
11, 397
11, 13
11, 398
11, 14
11, 399
11, 15
11, 271
11, 400
11, 16
11, 272
11, 17
11, 273
11, 18
11, 274
11, 19
11, 275
11, 20
11, 276
11, 277
11, 278
11, 151
11, 279
11, 152
11, 280
11, 153
11, 154
11, 155
11, 156
11, 157
11, 158
11, 31
11, 159
11, 32
11, 160
11, 33
11, 34
11, 35
11, 291
11, 36
11, 292
11, 37
11, 293
11, 38
11, 294
11, 39
11, 295
11, 40
11, 296
11, 297
11, 298
11, 171
11, 299
11, 172
11, 300
11, 173
11, 174
11, 175
11, 176
11, 177
11, 178
11, 51
11, 179
11, 52
11, 180
11, 53
11, 54
11, 55
11, 311
11, 56
11, 312
11, 57
11, 313
11, 58
11, 314
11, 59
11, 315
11, 60
11, 316
11, 317
11, 318
11, 191
11, 319
11, 192
11, 320
11, 193
11, 194
11, 195
11, 196
11, 197
11, 198
11, 71
11, 199
11, 72
11, 200
11, 73
11, 74
11, 75
11, 331
11, 76
11, 332
11, 77
11, 333
11, 78
11, 334
11, 79
11, 335
11, 80
11, 336
11, 337
11, 338
11, 211
11, 339
11, 340
11, 212
11, 213
11, 214
11, 215
11, 216
11, 217
11, 218
11, 91
11, 219
11, 92
11, 220
11, 93
11, 94
11, 95
11, 351
11, 96
11, 352
11, 97
11, 353
11, 98
11, 354
11, 99
11, 355
11, 100
11, 356
11, 357
11, 358
11, 359
11, 231
11, 360
11, 232
11, 233
11, 234
11, 235
11, 236
11, 237
11, 238
11, 111
11, 239
11, 112
11, 240
11, 113
11, 114
11, 115
11, 371
11, 116
11, 372
11, 117
11, 373
11, 118
11, 374
11, 119
11, 375
11, 120
11, 376
11, 377
11, 378
11, 379
11, 251
11, 380
11, 252
11, 253
11, 254
11, 255
139, 320
139, 259
139, 260
139, 199
139, 200
139, 140
139, 399
139, 400
139, 339
139, 340
139, 279
139, 280
139, 219
139, 220
139, 159
139, 160
139, 359
139, 360
139, 299
139, 300
139, 239
139, 240
139, 179
139, 180
139, 379
139, 380
139, 319
140, 320
140, 260
140, 200
140, 400
140, 340
140, 280
140, 220
140, 160
140, 360
140, 300
140, 240
140, 180
140, 380
396, 400
396, 399
396, 398
396, 397
268, 320
268, 388
268, 389
268, 390
268, 391
268, 392
268, 328
268, 393
268, 329
268, 394
268, 330
268, 395
268, 331
268, 396
268, 332
268, 397
268, 333
268, 269
268, 398
268, 334
268, 270
268, 399
268, 335
268, 271
268, 400
268, 336
268, 272
268, 337
268, 273
268, 338
268, 274
268, 339
268, 275
268, 340
268, 276
268, 277
268, 278
268, 279
268, 280
268, 348
268, 349
268, 350
268, 351
268, 352
268, 288
268, 353
268, 289
268, 354
268, 290
268, 355
268, 291
268, 356
268, 292
268, 357
268, 293
268, 358
268, 294
268, 359
268, 295
268, 360
268, 296
268, 297
268, 298
268, 299
268, 300
268, 368
268, 369
268, 370
268, 371
268, 372
268, 308
268, 373
268, 309
268, 374
268, 310
268, 375
268, 311
268, 376
268, 312
268, 377
268, 313
268, 378
268, 314
268, 379
268, 315
268, 380
268, 316
268, 317
268, 318
268, 319
12, 256
12, 257
12, 258
12, 259
12, 132
12, 260
12, 133
12, 134
12, 135
12, 136
12, 392
12, 137
12, 393
12, 138
12, 394
12, 139
12, 395
12, 140
12, 396
12, 13
12, 397
12, 14
12, 398
12, 15
12, 399
12, 16
12, 272
12, 400
12, 17
12, 273
12, 18
12, 274
12, 19
12, 275
12, 20
12, 276
12, 277
12, 278
12, 279
12, 152
12, 280
12, 153
12, 154
12, 155
12, 156
12, 157
12, 158
12, 159
12, 32
12, 160
12, 33
12, 34
12, 35
12, 36
12, 292
12, 37
12, 293
12, 38
12, 294
12, 39
12, 295
12, 40
12, 296
12, 297
12, 298
12, 299
12, 172
12, 300
12, 173
12, 174
12, 175
12, 176
12, 177
12, 178
12, 179
12, 52
12, 180
12, 53
12, 54
12, 55
12, 56
12, 312
12, 57
12, 313
12, 58
12, 314
12, 59
12, 315
12, 60
12, 316
12, 317
12, 318
12, 319
12, 192
12, 320
12, 193
12, 194
12, 195
12, 196
12, 197
12, 198
12, 199
12, 72
12, 200
12, 73
12, 74
12, 75
12, 76
12, 332
12, 77
12, 333
12, 78
12, 334
12, 79
12, 335
12, 80
12, 336
12, 337
12, 338
12, 339
12, 212
12, 340
12, 213
12, 214
12, 215
12, 216
12, 217
12, 218
12, 219
12, 92
12, 220
12, 93
12, 94
12, 95
12, 96
12, 352
12, 97
12, 353
12, 98
12, 354
12, 99
12, 355
12, 100
12, 356
12, 357
12, 358
12, 359
12, 232
12, 360
12, 233
12, 234
12, 235
12, 236
12, 237
12, 238
12, 239
12, 112
12, 240
12, 113
12, 114
12, 115
12, 116
12, 372
12, 117
12, 373
12, 118
12, 374
12, 119
12, 375
12, 120
12, 376
12, 377
12, 378
12, 379
12, 252
12, 380
12, 253
12, 254
12, 255
397, 400
397, 399
397, 398
269, 320
269, 389
269, 390
269, 391
269, 392
269, 393
269, 329
269, 394
269, 330
269, 395
269, 331
269, 396
269, 332
269, 397
269, 333
269, 398
269, 334
269, 270
269, 399
269, 335
269, 271
269, 400
269, 336
269, 272
269, 337
269, 273
269, 338
269, 274
269, 339
269, 275
269, 340
269, 276
269, 277
269, 278
269, 279
269, 280
269, 349
269, 350
269, 351
269, 352
269, 353
269, 289
269, 354
269, 290
269, 355
269, 291
269, 356
269, 292
269, 357
269, 293
269, 358
269, 294
269, 359
269, 295
269, 360
269, 296
269, 297
269, 298
269, 299
269, 300
269, 369
269, 370
269, 371
269, 372
269, 373
269, 309
269, 374
269, 310
269, 375
269, 311
269, 376
269, 312
269, 377
269, 313
269, 378
269, 314
269, 379
269, 315
269, 380
269, 316
269, 317
269, 318
269, 319
13, 320
13, 256
13, 257
13, 193
13, 258
13, 194
13, 259
13, 195
13, 260
13, 196
13, 197
13, 133
13, 198
13, 134
13, 199
13, 135
13, 200
13, 136
13, 393
13, 137
13, 73
13, 394
13, 138
13, 74
13, 395
13, 139
13, 75
13, 396
13, 140
13, 76
13, 397
13, 333
13, 77
13, 398
13, 334
13, 78
13, 14
13, 399
13, 335
13, 79
13, 15
13, 400
13, 336
13, 80
13, 16
13, 337
13, 273
13, 17
13, 338
13, 274
13, 18
13, 339
13, 275
13, 19
13, 340
13, 276
13, 20
13, 277
13, 213
13, 278
13, 214
13, 279
13, 215
13, 280
13, 216
13, 217
13, 153
13, 218
13, 154
13, 219
13, 155
13, 220
13, 156
13, 157
13, 93
13, 158
13, 94
13, 159
13, 95
13, 160
13, 96
13, 353
13, 97
13, 33
13, 354
13, 98
13, 34
13, 355
13, 99
13, 35
13, 356
13, 100
13, 36
13, 357
13, 293
13, 37
13, 358
13, 294
13, 38
13, 359
13, 295
13, 39
13, 360
13, 296
13, 40
13, 297
13, 233
13, 298
13, 234
13, 299
13, 235
13, 300
13, 236
13, 237
13, 173
13, 238
13, 174
13, 239
13, 175
13, 240
13, 176
13, 177
13, 113
13, 178
13, 114
13, 179
13, 115
13, 180
13, 116
13, 373
13, 117
13, 53
13, 374
13, 118
13, 54
13, 375
13, 119
13, 55
13, 376
13, 120
13, 56
13, 377
13, 313
13, 57
13, 378
13, 314
13, 58
13, 379
13, 315
13, 59
13, 380
13, 316
13, 60
13, 317
13, 253
13, 318
13, 254
13, 319
13, 255
141, 384
141, 256
141, 385
141, 257
141, 386
141, 258
141, 387
141, 259
141, 388
141, 260
141, 261
141, 389
141, 262
141, 390
141, 263
141, 391
141, 264
141, 392
141, 265
141, 393
141, 266
141, 394
141, 267
141, 395
141, 268
141, 396
141, 269
141, 397
141, 142
141, 270
141, 398
141, 399
141, 143
141, 271
141, 400
141, 144
141, 272
141, 145
141, 273
141, 146
141, 274
141, 147
141, 275
141, 148
141, 276
141, 149
141, 277
141, 150
141, 278
141, 151
141, 279
141, 152
141, 280
141, 281
141, 153
141, 282
141, 154
141, 283
141, 155
141, 284
141, 156
141, 285
141, 157
141, 286
141, 158
141, 287
141, 159
141, 288
141, 160
141, 161
141, 289
141, 162
141, 290
141, 163
141, 291
141, 164
141, 292
141, 165
141, 293
141, 166
141, 294
141, 167
141, 295
141, 168
141, 296
141, 169
141, 297
141, 170
141, 298
141, 171
141, 299
141, 172
141, 300
141, 301
141, 173
141, 302
141, 174
141, 303
141, 175
141, 304
141, 176
141, 305
141, 177
141, 306
141, 178
141, 307
141, 179
141, 308
141, 180
141, 181
141, 309
141, 182
141, 310
141, 183
141, 311
141, 184
141, 312
141, 185
141, 313
141, 186
141, 314
141, 187
141, 315
141, 188
141, 316
141, 189
141, 317
141, 190
141, 318
141, 191
141, 319
141, 192
141, 320
141, 321
141, 193
141, 322
141, 194
141, 323
141, 195
141, 324
141, 196
141, 325
141, 197
141, 326
141, 198
141, 327
141, 199
141, 328
141, 200
141, 201
141, 329
141, 202
141, 330
141, 203
141, 331
141, 204
141, 332
141, 205
141, 333
141, 206
141, 334
141, 207
141, 335
141, 208
141, 336
141, 209
141, 337
141, 210
141, 338
141, 211
141, 339
141, 212
141, 340
141, 341
141, 213
141, 342
141, 214
141, 343
141, 215
141, 344
141, 216
141, 345
141, 217
141, 346
141, 218
141, 347
141, 219
141, 348
141, 220
141, 221
141, 349
141, 222
141, 350
141, 223
141, 351
141, 224
141, 352
141, 225
141, 353
141, 226
141, 354
141, 227
141, 355
141, 228
141, 356
141, 229
141, 357
141, 230
141, 358
141, 231
141, 359
141, 232
141, 360
141, 361
141, 233
141, 362
141, 234
141, 363
141, 235
141, 364
141, 236
141, 365
141, 237
141, 366
141, 238
141, 367
141, 239
141, 368
141, 240
141, 241
141, 369
141, 242
141, 370
141, 243
141, 371
141, 244
141, 372
141, 245
141, 373
141, 246
141, 374
141, 247
141, 375
141, 248
141, 376
141, 249
141, 377
141, 250
141, 378
141, 251
141, 379
141, 380
141, 252
141, 381
141, 253
141, 382
141, 254
141, 383
141, 255
398, 400
398, 399
270, 320
270, 390
270, 391
270, 392
270, 393
270, 394
270, 330
270, 395
270, 331
270, 396
270, 332
270, 397
270, 333
270, 398
270, 334
270, 399
270, 335
270, 271
270, 400
270, 336
270, 272
270, 337
270, 273
270, 338
270, 274
270, 339
270, 275
270, 340
270, 276
270, 277
270, 278
270, 279
270, 280
270, 350
270, 351
270, 352
270, 353
270, 354
270, 290
270, 355
270, 291
270, 356
270, 292
270, 357
270, 293
270, 358
270, 294
270, 359
270, 295
270, 360
270, 296
270, 297
270, 298
270, 299
270, 300
270, 370
270, 371
270, 372
270, 373
270, 374
270, 310
270, 375
270, 311
270, 376
270, 312
270, 377
270, 313
270, 378
270, 314
270, 379
270, 315
270, 380
270, 316
270, 317
270, 318
270, 319
14, 320
14, 256
14, 257
14, 258
14, 194
14, 259
14, 195
14, 260
14, 196
14, 197
14, 198
14, 134
14, 199
14, 135
14, 200
14, 136
14, 137
14, 394
14, 138
14, 74
14, 395
14, 139
14, 75
14, 396
14, 140
14, 76
14, 397
14, 77
14, 398
14, 334
14, 78
14, 399
14, 335
14, 79
14, 15
14, 400
14, 336
14, 80
14, 16
14, 337
14, 17
14, 338
14, 274
14, 18
14, 339
14, 275
14, 19
14, 340
14, 276
14, 20
14, 277
14, 278
14, 214
14, 279
14, 215
14, 280
14, 216
14, 217
14, 218
14, 154
14, 219
14, 155
14, 220
14, 156
14, 157
14, 158
14, 94
14, 159
14, 95
14, 160
14, 96
14, 97
14, 354
14, 98
14, 34
14, 355
14, 99
14, 35
14, 356
14, 100
14, 36
14, 357
14, 37
14, 358
14, 294
14, 38
14, 359
14, 295
14, 39
14, 360
14, 296
14, 40
14, 297
14, 298
14, 234
14, 299
14, 235
14, 300
14, 236
14, 237
14, 238
14, 174
14, 239
14, 175
14, 240
14, 176
14, 177
14, 178
14, 114
14, 179
14, 115
14, 180
14, 116
14, 117
14, 374
14, 118
14, 54
14, 375
14, 119
14, 55
14, 376
14, 120
14, 56
14, 377
14, 57
14, 378
14, 314
14, 58
14, 379
14, 315
14, 59
14, 380
14, 316
14, 60
14, 317
14, 318
14, 254
14, 319
14, 255
142, 384
142, 256
142, 385
142, 257
142, 386
142, 258
142, 387
142, 259
142, 388
142, 260
142, 389
142, 262
142, 390
142, 263
142, 391
142, 264
142, 392
142, 265
142, 393
142, 266
142, 394
142, 267
142, 395
142, 268
142, 396
142, 269
142, 397
142, 270
142, 398
142, 143
142, 271
142, 399
142, 400
142, 144
142, 272
142, 145
142, 273
142, 146
142, 274
142, 147
142, 275
142, 148
142, 276
142, 149
142, 277
142, 150
142, 278
142, 151
142, 279
142, 152
142, 280
142, 153
142, 282
142, 154
142, 283
142, 155
142, 284
142, 156
142, 285
142, 157
142, 286
142, 158
142, 287
142, 159
142, 288
142, 160
142, 289
142, 162
142, 290
142, 163
142, 291
142, 164
142, 292
142, 165
142, 293
142, 166
142, 294
142, 167
142, 295
142, 168
142, 296
142, 169
142, 297
142, 170
142, 298
142, 171
142, 299
142, 172
142, 300
142, 173
142, 302
142, 174
142, 303
142, 175
142, 304
142, 176
142, 305
142, 177
142, 306
142, 178
142, 307
142, 179
142, 308
142, 180
142, 309
142, 182
142, 310
142, 183
142, 311
142, 184
142, 312
142, 185
142, 313
142, 186
142, 314
142, 187
142, 315
142, 188
142, 316
142, 189
142, 317
142, 190
142, 318
142, 191
142, 319
142, 192
142, 320
142, 193
142, 322
142, 194
142, 323
142, 195
142, 324
142, 196
142, 325
142, 197
142, 326
142, 198
142, 327
142, 199
142, 328
142, 200
142, 329
142, 202
142, 330
142, 203
142, 331
142, 204
142, 332
142, 205
142, 333
142, 206
142, 334
142, 207
142, 335
142, 208
142, 336
142, 209
142, 337
142, 210
142, 338
142, 211
142, 339
142, 212
142, 340
142, 213
142, 342
142, 214
142, 343
142, 215
142, 344
142, 216
142, 345
142, 217
142, 346
142, 218
142, 347
142, 219
142, 348
142, 220
142, 349
142, 222
142, 350
142, 223
142, 351
142, 224
142, 352
142, 225
142, 353
142, 226
142, 354
142, 227
142, 355
142, 228
142, 356
142, 229
142, 357
142, 230
142, 358
142, 231
142, 359
142, 232
142, 360
142, 233
142, 362
142, 234
142, 363
142, 235
142, 364
142, 236
142, 365
142, 237
142, 366
142, 238
142, 367
142, 239
142, 368
142, 240
142, 369
142, 242
142, 370
142, 243
142, 371
142, 244
142, 372
142, 245
142, 373
142, 246
142, 374
142, 247
142, 375
142, 248
142, 376
142, 249
142, 377
142, 250
142, 378
142, 251
142, 379
142, 252
142, 380
142, 253
142, 382
142, 254
142, 383
142, 255
399, 400
271, 320
271, 391
271, 392
271, 393
271, 394
271, 395
271, 331
271, 396
271, 332
271, 397
271, 333
271, 398
271, 334
271, 399
271, 335
271, 400
271, 336
271, 272
271, 337
271, 273
271, 338
271, 274
271, 339
271, 275
271, 340
271, 276
271, 277
271, 278
271, 279
271, 280
271, 351
271, 352
271, 353
271, 354
271, 355
271, 291
271, 356
271, 292
271, 357
271, 293
271, 358
271, 294
271, 359
271, 295
271, 360
271, 296
271, 297
271, 298
271, 299
271, 300
271, 371
271, 372
271, 373
271, 374
271, 375
271, 311
271, 376
271, 312
271, 377
271, 313
271, 378
271, 314
271, 379
271, 315
271, 380
271, 316
271, 317
271, 318
271, 319
15, 320
15, 256
15, 257
15, 258
15, 259
15, 195
15, 260
15, 196
15, 197
15, 198
15, 199
15, 135
15, 200
15, 136
15, 137
15, 138
15, 395
15, 139
15, 75
15, 396
15, 140
15, 76
15, 397
15, 77
15, 398
15, 78
15, 399
15, 335
15, 79
15, 400
15, 336
15, 80
15, 16
15, 337
15, 17
15, 338
15, 18
15, 339
15, 275
15, 19
15, 340
15, 276
15, 20
15, 277
15, 278
15, 279
15, 215
15, 280
15, 216
15, 217
15, 218
15, 219
15, 155
15, 220
15, 156
15, 157
15, 158
15, 159
15, 95
15, 160
15, 96
15, 97
15, 98
15, 355
15, 99
15, 35
15, 356
15, 100
15, 36
15, 357
15, 37
15, 358
15, 38
15, 359
15, 295
15, 39
15, 360
15, 296
15, 40
15, 297
15, 298
15, 299
15, 235
15, 300
15, 236
15, 237
15, 238
15, 239
15, 175
15, 240
15, 176
15, 177
15, 178
15, 179
15, 115
15, 180
15, 116
15, 117
15, 118
15, 375
15, 119
15, 55
15, 376
15, 120
15, 56
15, 377
15, 57
15, 378
15, 58
15, 379
15, 315
15, 59
15, 380
15, 316
15, 60
15, 317
15, 318
15, 319
15, 255
143, 384
143, 256
143, 385
143, 257
143, 386
143, 258
143, 387
143, 259
143, 388
143, 260
143, 389
143, 390
143, 263
143, 391
143, 264
143, 392
143, 265
143, 393
143, 266
143, 394
143, 267
143, 395
143, 268
143, 396
143, 269
143, 397
143, 270
143, 398
143, 271
143, 399
143, 144
143, 272
143, 400
143, 145
143, 273
143, 146
143, 274
143, 147
143, 275
143, 148
143, 276
143, 149
143, 277
143, 150
143, 278
143, 151
143, 279
143, 152
143, 280
143, 153
143, 154
143, 283
143, 155
143, 284
143, 156
143, 285
143, 157
143, 286
143, 158
143, 287
143, 159
143, 288
143, 160
143, 289
143, 290
143, 163
143, 291
143, 164
143, 292
143, 165
143, 293
143, 166
143, 294
143, 167
143, 295
143, 168
143, 296
143, 169
143, 297
143, 170
143, 298
143, 171
143, 299
143, 172
143, 300
143, 173
143, 174
143, 303
143, 175
143, 304
143, 176
143, 305
143, 177
143, 306
143, 178
143, 307
143, 179
143, 308
143, 180
143, 309
143, 310
143, 183
143, 311
143, 184
143, 312
143, 185
143, 313
143, 186
143, 314
143, 187
143, 315
143, 188
143, 316
143, 189
143, 317
143, 190
143, 318
143, 191
143, 319
143, 192
143, 320
143, 193
143, 194
143, 323
143, 195
143, 324
143, 196
143, 325
143, 197
143, 326
143, 198
143, 327
143, 199
143, 328
143, 200
143, 329
143, 330
143, 203
143, 331
143, 204
143, 332
143, 205
143, 333
143, 206
143, 334
143, 207
143, 335
143, 208
143, 336
143, 209
143, 337
143, 210
143, 338
143, 211
143, 339
143, 212
143, 340
143, 213
143, 214
143, 343
143, 215
143, 344
143, 216
143, 345
143, 217
143, 346
143, 218
143, 347
143, 219
143, 348
143, 220
143, 349
143, 350
143, 223
143, 351
143, 224
143, 352
143, 225
143, 353
143, 226
143, 354
143, 227
143, 355
143, 228
143, 356
143, 229
143, 357
143, 230
143, 358
143, 231
143, 359
143, 232
143, 360
143, 233
143, 234
143, 363
143, 235
143, 364
143, 236
143, 365
143, 237
143, 366
143, 238
143, 367
143, 239
143, 368
143, 240
143, 369
143, 370
143, 243
143, 371
143, 244
143, 372
143, 245
143, 373
143, 246
143, 374
143, 247
143, 375
143, 248
143, 376
143, 249
143, 377
143, 250
143, 378
143, 251
143, 379
143, 252
143, 380
143, 253
143, 254
143, 383
143, 255
272, 320
272, 392
272, 393
272, 394
272, 395
272, 396
272, 332
272, 397
272, 333
272, 398
272, 334
272, 399
272, 335
272, 400
272, 336
272, 337
272, 273
272, 338
272, 274
272, 339
272, 275
272, 340
272, 276
272, 277
272, 278
272, 279
272, 280
272, 352
272, 353
272, 354
272, 355
272, 356
272, 292
272, 357
272, 293
272, 358
272, 294
272, 359
272, 295
272, 360
272, 296
272, 297
272, 298
272, 299
272, 300
272, 372
272, 373
272, 374
272, 375
272, 376
272, 312
272, 377
272, 313
272, 378
272, 314
272, 379
272, 315
272, 380
272, 316
272, 317
272, 318
272, 319
16, 320
16, 256
16, 257
16, 258
16, 259
16, 260
16, 196
16, 197
16, 198
16, 199
16, 200
16, 136
16, 137
16, 138
16, 139
16, 396
16, 140
16, 76
16, 397
16, 77
16, 398
16, 78
16, 399
16, 79
16, 400
16, 336
16, 80
16, 337
16, 17
16, 338
16, 18
16, 339
16, 19
16, 340
16, 276
16, 20
16, 277
16, 278
16, 279
16, 280
16, 216
16, 217
16, 218
16, 219
16, 220
16, 156
16, 157
16, 158
16, 159
16, 160
16, 96
16, 97
16, 98
16, 99
16, 356
16, 100
16, 36
16, 357
16, 37
16, 358
16, 38
16, 359
16, 39
16, 360
16, 296
16, 40
16, 297
16, 298
16, 299
16, 300
16, 236
16, 237
16, 238
16, 239
16, 240
16, 176
16, 177
16, 178
16, 179
16, 180
16, 116
16, 117
16, 118
16, 119
16, 376
16, 120
16, 56
16, 377
16, 57
16, 378
16, 58
16, 379
16, 59
16, 380
16, 316
16, 60
16, 317
16, 318
16, 319
144, 320
144, 256
144, 384
144, 192
144, 257
144, 385
144, 193
144, 258
144, 386
144, 194
144, 259
144, 387
144, 195
144, 260
144, 388
144, 196
144, 324
144, 389
144, 197
144, 325
144, 390
144, 198
144, 326
144, 391
144, 199
144, 327
144, 392
144, 200
144, 328
144, 264
144, 393
144, 329
144, 265
144, 394
144, 330
144, 266
144, 395
144, 331
144, 267
144, 396
144, 332
144, 268
144, 204
144, 397
144, 333
144, 269
144, 205
144, 398
144, 334
144, 270
144, 206
144, 399
144, 335
144, 271
144, 207
144, 400
144, 336
144, 272
144, 208
144, 337
144, 273
144, 209
144, 145
144, 338
144, 274
144, 210
144, 146
144, 339
144, 275
144, 211
144, 147
144, 340
144, 276
144, 212
144, 148
144, 277
144, 213
144, 149
144, 278
144, 214
144, 150
144, 279
144, 215
144, 151
144, 280
144, 216
144, 344
144, 152
144, 217
144, 345
144, 153
144, 218
144, 346
144, 154
144, 219
144, 347
144, 155
144, 220
144, 348
144, 156
144, 284
144, 349
144, 157
144, 285
144, 350
144, 158
144, 286
144, 351
144, 159
144, 287
144, 352
144, 160
144, 288
144, 224
144, 353
144, 289
144, 225
144, 354
144, 290
144, 226
144, 355
144, 291
144, 227
144, 356
144, 292
144, 228
144, 164
144, 357
144, 293
144, 229
144, 165
144, 358
144, 294
144, 230
144, 166
144, 359
144, 295
144, 231
144, 167
144, 360
144, 296
144, 232
144, 168
144, 297
144, 233
144, 169
144, 298
144, 234
144, 170
144, 299
144, 235
144, 171
144, 300
144, 236
144, 364
144, 172
144, 237
144, 365
144, 173
144, 238
144, 366
144, 174
144, 239
144, 367
144, 175
144, 240
144, 368
144, 176
144, 304
144, 369
144, 177
144, 305
144, 370
144, 178
144, 306
144, 371
144, 179
144, 307
144, 372
144, 180
144, 308
144, 244
144, 373
144, 309
144, 245
144, 374
144, 310
144, 246
144, 375
144, 311
144, 247
144, 376
144, 312
144, 248
144, 184
144, 377
144, 313
144, 249
144, 185
144, 378
144, 314
144, 250
144, 186
144, 379
144, 315
144, 251
144, 187
144, 380
144, 316
144, 252
144, 188
144, 317
144, 253
144, 189
144, 318
144, 254
144, 190
144, 319
144, 255
144, 191
273, 320
273, 393
273, 394
273, 395
273, 396
273, 397
273, 333
273, 398
273, 334
273, 399
273, 335
273, 400
273, 336
273, 337
273, 338
273, 274
273, 339
273, 275
273, 340
273, 276
273, 277
273, 278
273, 279
273, 280
273, 353
273, 354
273, 355
273, 356
273, 357
273, 293
273, 358
273, 294
273, 359
273, 295
273, 360
273, 296
273, 297
273, 298
273, 299
273, 300
273, 373
273, 374
273, 375
273, 376
273, 377
273, 313
273, 378
273, 314
273, 379
273, 315
273, 380
273, 316
273, 317
273, 318
273, 319
17, 320
17, 257
17, 258
17, 259
17, 260
17, 197
17, 198
17, 199
17, 200
17, 137
17, 138
17, 139
17, 140
17, 397
17, 77
17, 398
17, 78
17, 399
17, 79
17, 400
17, 80
17, 337
17, 338
17, 18
17, 339
17, 19
17, 340
17, 20
17, 277
17, 278
17, 279
17, 280
17, 217
17, 218
17, 219
17, 220
17, 157
17, 158
17, 159
17, 160
17, 97
17, 98
17, 99
17, 100
17, 357
17, 37
17, 358
17, 38
17, 359
17, 39
17, 360
17, 40
17, 297
17, 298
17, 299
17, 300
17, 237
17, 238
17, 239
17, 240
17, 177
17, 178
17, 179
17, 180
17, 117
17, 118
17, 119
17, 120
17, 377
17, 57
17, 378
17, 58
17, 379
17, 59
17, 380
17, 60
17, 317
17, 318
17, 319
145, 320
145, 256
145, 192
145, 257
145, 385
145, 193
145, 258
145, 386
145, 194
145, 259
145, 387
145, 195
145, 260
145, 388
145, 196
145, 389
145, 197
145, 325
145, 390
145, 198
145, 326
145, 391
145, 199
145, 327
145, 392
145, 200
145, 328
145, 393
145, 329
145, 265
145, 394
145, 330
145, 266
145, 395
145, 331
145, 267
145, 396
145, 332
145, 268
145, 397
145, 333
145, 269
145, 205
145, 398
145, 334
145, 270
145, 206
145, 399
145, 335
145, 271
145, 207
145, 400
145, 336
145, 272
145, 208
145, 337
145, 273
145, 209
145, 338
145, 274
145, 210
145, 146
145, 339
145, 275
145, 211
145, 147
145, 340
145, 276
145, 212
145, 148
145, 277
145, 213
145, 149
145, 278
145, 214
145, 150
145, 279
145, 215
145, 151
145, 280
145, 216
145, 152
145, 217
145, 345
145, 153
145, 218
145, 346
145, 154
145, 219
145, 347
145, 155
145, 220
145, 348
145, 156
145, 349
145, 157
145, 285
145, 350
145, 158
145, 286
145, 351
145, 159
145, 287
145, 352
145, 160
145, 288
145, 353
145, 289
145, 225
145, 354
145, 290
145, 226
145, 355
145, 291
145, 227
145, 356
145, 292
145, 228
145, 357
145, 293
145, 229
145, 165
145, 358
145, 294
145, 230
145, 166
145, 359
145, 295
145, 231
145, 167
145, 360
145, 296
145, 232
145, 168
145, 297
145, 233
145, 169
145, 298
145, 234
145, 170
145, 299
145, 235
145, 171
145, 300
145, 236
145, 172
145, 237
145, 365
145, 173
145, 238
145, 366
145, 174
145, 239
145, 367
145, 175
145, 240
145, 368
145, 176
145, 369
145, 177
145, 305
145, 370
145, 178
145, 306
145, 371
145, 179
145, 307
145, 372
145, 180
145, 308
145, 373
145, 309
145, 245
145, 374
145, 310
145, 246
145, 375
145, 311
145, 247
145, 376
145, 312
145, 248
145, 377
145, 313
145, 249
145, 185
145, 378
145, 314
145, 250
145, 186
145, 379
145, 315
145, 251
145, 187
145, 380
145, 316
145, 252
145, 188
145, 317
145, 253
145, 189
145, 318
145, 254
145, 190
145, 319
145, 255
145, 191
274, 320
274, 394
274, 395
274, 396
274, 397
274, 398
274, 334
274, 399
274, 335
274, 400
274, 336
274, 337
274, 338
274, 339
274, 275
274, 340
274, 276
274, 277
274, 278
274, 279
274, 280
274, 354
274, 355
274, 356
274, 357
274, 358
274, 294
274, 359
274, 295
274, 360
274, 296
274, 297
274, 298
274, 299
274, 300
274, 374
274, 375
274, 376
274, 377
274, 378
274, 314
274, 379
274, 315
274, 380
274, 316
274, 317
274, 318
274, 319
18, 320
18, 258
18, 259
18, 260
18, 198
18, 199
18, 200
18, 138
18, 139
18, 140
18, 398
18, 78
18, 399
18, 79
18, 400
18, 80
18, 338
18, 339
18, 19
18, 340
18, 20
18, 278
18, 279
18, 280
18, 218
18, 219
18, 220
18, 158
18, 159
18, 160
18, 98
18, 99
18, 100
18, 358
18, 38
18, 359
18, 39
18, 360
18, 40
18, 298
18, 299
18, 300
18, 238
18, 239
18, 240
18, 178
18, 179
18, 180
18, 118
18, 119
18, 120
18, 378
18, 58
18, 379
18, 59
18, 380
18, 60
18, 318
18, 319
146, 320
146, 256
146, 192
146, 257
146, 193
146, 258
146, 386
146, 194
146, 259
146, 387
146, 195
146, 260
146, 388
146, 196
146, 389
146, 197
146, 390
146, 198
146, 326
146, 391
146, 199
146, 327
146, 392
146, 200
146, 328
146, 393
146, 329
146, 394
146, 330
146, 266
146, 395
146, 331
146, 267
146, 396
146, 332
146, 268
146, 397
146, 333
146, 269
146, 398
146, 334
146, 270
146, 206
146, 399
146, 335
146, 271
146, 207
146, 400
146, 336
146, 272
146, 208
146, 337
146, 273
146, 209
146, 338
146, 274
146, 210
146, 339
146, 275
146, 211
146, 147
146, 340
146, 276
146, 212
146, 148
146, 277
146, 213
146, 149
146, 278
146, 214
146, 150
146, 279
146, 215
146, 151
146, 280
146, 216
146, 152
146, 217
146, 153
146, 218
146, 346
146, 154
146, 219
146, 347
146, 155
146, 220
146, 348
146, 156
146, 349
146, 157
146, 350
146, 158
146, 286
146, 351
146, 159
146, 287
146, 352
146, 160
146, 288
146, 353
146, 289
146, 354
146, 290
146, 226
146, 355
146, 291
146, 227
146, 356
146, 292
146, 228
146, 357
146, 293
146, 229
146, 358
146, 294
146, 230
146, 166
146, 359
146, 295
146, 231
146, 167
146, 360
146, 296
146, 232
146, 168
146, 297
146, 233
146, 169
146, 298
146, 234
146, 170
146, 299
146, 235
146, 171
146, 300
146, 236
146, 172
146, 237
146, 173
146, 238
146, 366
146, 174
146, 239
146, 367
146, 175
146, 240
146, 368
146, 176
146, 369
146, 177
146, 370
146, 178
146, 306
146, 371
146, 179
146, 307
146, 372
146, 180
146, 308
146, 373
146, 309
146, 374
146, 310
146, 246
146, 375
146, 311
146, 247
146, 376
146, 312
146, 248
146, 377
146, 313
146, 249
146, 378
146, 314
146, 250
146, 186
146, 379
146, 315
146, 251
146, 187
146, 380
146, 316
146, 252
146, 188
146, 317
146, 253
146, 189
146, 318
146, 254
146, 190
146, 319
146, 255
146, 191
275, 320
275, 395
275, 396
275, 397
275, 398
275, 399
275, 335
275, 400
275, 336
275, 337
275, 338
275, 339
275, 340
275, 276
275, 277
275, 278
275, 279
275, 280
275, 355
275, 356
275, 357
275, 358
275, 359
275, 295
275, 360
275, 296
275, 297
275, 298
275, 299
275, 300
275, 375
275, 376
275, 377
275, 378
275, 379
275, 315
275, 380
275, 316
275, 317
275, 318
275, 319
19, 320
19, 259
19, 260
19, 199
19, 200
19, 139
19, 140
19, 399
19, 79
19, 400
19, 80
19, 339
19, 340
19, 20
19, 279
19, 280
19, 219
19, 220
19, 159
19, 160
19, 99
19, 100
19, 359
19, 39
19, 360
19, 40
19, 299
19, 300
19, 239
19, 240
19, 179
19, 180
19, 119
19, 120
19, 379
19, 59
19, 380
19, 60
19, 319
147, 320
147, 256
147, 192
147, 257
147, 193
147, 258
147, 194
147, 259
147, 387
147, 195
147, 260
147, 388
147, 196
147, 389
147, 197
147, 390
147, 198
147, 391
147, 199
147, 327
147, 392
147, 200
147, 328
147, 393
147, 329
147, 394
147, 330
147, 395
147, 331
147, 267
147, 396
147, 332
147, 268
147, 397
147, 333
147, 269
147, 398
147, 334
147, 270
147, 399
147, 335
147, 271
147, 207
147, 400
147, 336
147, 272
147, 208
147, 337
147, 273
147, 209
147, 338
147, 274
147, 210
147, 339
147, 275
147, 211
147, 340
147, 276
147, 212
147, 148
147, 277
147, 213
147, 149
147, 278
147, 214
147, 150
147, 279
147, 215
147, 151
147, 280
147, 216
147, 152
147, 217
147, 153
147, 218
147, 154
147, 219
147, 347
147, 155
147, 220
147, 348
147, 156
147, 349
147, 157
147, 350
147, 158
147, 351
147, 159
147, 287
147, 352
147, 160
147, 288
147, 353
147, 289
147, 354
147, 290
147, 355
147, 291
147, 227
147, 356
147, 292
147, 228
147, 357
147, 293
147, 229
147, 358
147, 294
147, 230
147, 359
147, 295
147, 231
147, 167
147, 360
147, 296
147, 232
147, 168
147, 297
147, 233
147, 169
147, 298
147, 234
147, 170
147, 299
147, 235
147, 171
147, 300
147, 236
147, 172
147, 237
147, 173
147, 238
147, 174
147, 239
147, 367
147, 175
147, 240
147, 368
147, 176
147, 369
147, 177
147, 370
147, 178
147, 371
147, 179
147, 307
147, 372
147, 180
147, 308
147, 373
147, 309
147, 374
147, 310
147, 375
147, 311
147, 247
147, 376
147, 312
147, 248
147, 377
147, 313
147, 249
147, 378
147, 314
147, 250
147, 379
147, 315
147, 251
147, 187
147, 380
147, 316
147, 252
147, 188
147, 317
147, 253
147, 189
147, 318
147, 254
147, 190
147, 319
147, 255
147, 191
20, 320
20, 260
20, 200
20, 140
20, 400
20, 80
20, 340
20, 280
20, 220
20, 160
20, 100
20, 360
20, 40
20, 300
20, 240
20, 180
20, 120
20, 380
20, 60
276, 320
276, 396
276, 397
276, 398
276, 399
276, 400
276, 336
276, 337
276, 338
276, 339
276, 340
276, 277
276, 278
276, 279
276, 280
276, 356
276, 357
276, 358
276, 359
276, 360
276, 296
276, 297
276, 298
276, 299
276, 300
276, 376
276, 377
276, 378
276, 379
276, 380
276, 316
276, 317
276, 318
276, 319
148, 320
148, 256
148, 192
148, 257
148, 193
148, 258
148, 194
148, 259
148, 195
148, 260
148, 388
148, 196
148, 389
148, 197
148, 390
148, 198
148, 391
148, 199
148, 392
148, 200
148, 328
148, 393
148, 329
148, 394
148, 330
148, 395
148, 331
148, 396
148, 332
148, 268
148, 397
148, 333
148, 269
148, 398
148, 334
148, 270
148, 399
148, 335
148, 271
148, 400
148, 336
148, 272
148, 208
148, 337
148, 273
148, 209
148, 338
148, 274
148, 210
148, 339
148, 275
148, 211
148, 340
148, 276
148, 212
148, 277
148, 213
148, 149
148, 278
148, 214
148, 150
148, 279
148, 215
148, 151
148, 280
148, 216
148, 152
148, 217
148, 153
148, 218
148, 154
148, 219
148, 155
148, 220
148, 348
148, 156
148, 349
148, 157
148, 350
148, 158
148, 351
148, 159
148, 352
148, 160
148, 288
148, 353
148, 289
148, 354
148, 290
148, 355
148, 291
148, 356
148, 292
148, 228
148, 357
148, 293
148, 229
148, 358
148, 294
148, 230
148, 359
148, 295
148, 231
148, 360
148, 296
148, 232
148, 168
148, 297
148, 233
148, 169
148, 298
148, 234
148, 170
148, 299
148, 235
148, 171
148, 300
148, 236
148, 172
148, 237
148, 173
148, 238
148, 174
148, 239
148, 175
148, 240
148, 368
148, 176
148, 369
148, 177
148, 370
148, 178
148, 371
148, 179
148, 372
148, 180
148, 308
148, 373
148, 309
148, 374
148, 310
148, 375
148, 311
148, 376
148, 312
148, 248
148, 377
148, 313
148, 249
148, 378
148, 314
148, 250
148, 379
148, 315
148, 251
148, 380
148, 316
148, 252
148, 188
148, 317
148, 253
148, 189
148, 318
148, 254
148, 190
148, 319
148, 255
148, 191
277, 320
277, 397
277, 398
277, 399
277, 400
277, 337
277, 338
277, 339
277, 340
277, 278
277, 279
277, 280
277, 357
277, 358
277, 359
277, 360
277, 297
277, 298
277, 299
277, 300
277, 377
277, 378
277, 379
277, 380
277, 317
277, 318
277, 319
21, 256
21, 384
21, 128
21, 257
21, 385
21, 129
21, 258
21, 386
21, 130
21, 259
21, 387
21, 131
21, 260
21, 388
21, 132
21, 389
21, 261
21, 133
21, 390
21, 262
21, 134
21, 391
21, 263
21, 135
21, 392
21, 264
21, 136
21, 393
21, 137
21, 265
21, 394
21, 138
21, 266
21, 395
21, 139
21, 267
21, 396
21, 140
21, 268
21, 397
21, 141
21, 269
21, 398
21, 270
21, 142
21, 399
21, 271
21, 143
21, 400
21, 272
21, 144
21, 273
21, 145
21, 274
21, 146
21, 275
21, 147
21, 276
21, 148
21, 277
21, 149
21, 278
21, 22
21, 150
21, 279
21, 23
21, 151
21, 280
21, 24
21, 152
21, 25
21, 281
21, 153
21, 26
21, 282
21, 154
21, 27
21, 283
21, 155
21, 156
21, 28
21, 284
21, 157
21, 29
21, 285
21, 158
21, 30
21, 286
21, 159
21, 31
21, 287
21, 160
21, 32
21, 288
21, 289
21, 161
21, 33
21, 290
21, 162
21, 34
21, 291
21, 163
21, 35
21, 292
21, 164
21, 36
21, 293
21, 165
21, 37
21, 294
21, 166
21, 38
21, 295
21, 167
21, 39
21, 296
21, 168
21, 40
21, 297
21, 41
21, 169
21, 298
21, 42
21, 170
21, 299
21, 43
21, 171
21, 300
21, 44
21, 172
21, 45
21, 301
21, 173
21, 46
21, 302
21, 174
21, 175
21, 47
21, 303
21, 176
21, 48
21, 304
21, 177
21, 49
21, 305
21, 178
21, 50
21, 306
21, 179
21, 51
21, 307
21, 180
21, 308
21, 52
21, 309
21, 181
21, 53
21, 310
21, 182
21, 54
21, 311
21, 183
21, 55
21, 312
21, 184
21, 56
21, 313
21, 185
21, 57
21, 314
21, 186
21, 58
21, 315
21, 187
21, 59
21, 316
21, 188
21, 60
21, 317
21, 61
21, 189
21, 318
21, 62
21, 190
21, 319
21, 63
21, 191
21, 320
21, 64
21, 192
21, 65
21, 321
21, 193
21, 194
21, 66
21, 322
21, 195
21, 67
21, 323
21, 196
21, 68
21, 324
21, 197
21, 69
21, 325
21, 198
21, 70
21, 326
21, 199
21, 327
21, 71
21, 200
21, 328
21, 72
21, 329
21, 201
21, 73
21, 330
21, 202
21, 74
21, 331
21, 203
21, 75
21, 332
21, 204
21, 76
21, 333
21, 205
21, 77
21, 334
21, 206
21, 78
21, 335
21, 207
21, 79
21, 336
21, 80
21, 208
21, 337
21, 81
21, 209
21, 338
21, 82
21, 210
21, 339
21, 83
21, 211
21, 340
21, 84
21, 212
21, 213
21, 85
21, 341
21, 214
21, 86
21, 342
21, 215
21, 87
21, 343
21, 216
21, 88
21, 344
21, 217
21, 89
21, 345
21, 218
21, 346
21, 90
21, 219
21, 347
21, 91
21, 220
21, 348
21, 92
21, 349
21, 221
21, 93
21, 350
21, 222
21, 94
21, 351
21, 223
21, 95
21, 352
21, 224
21, 96
21, 353
21, 225
21, 97
21, 354
21, 226
21, 98
21, 355
21, 99
21, 227
21, 356
21, 100
21, 228
21, 357
21, 101
21, 229
21, 358
21, 102
21, 230
21, 359
21, 103
21, 231
21, 360
21, 232
21, 104
21, 233
21, 105
21, 361
21, 234
21, 106
21, 362
21, 235
21, 107
21, 363
21, 236
21, 364
21, 108
21, 237
21, 365
21, 109
21, 238
21, 366
21, 110
21, 239
21, 367
21, 111
21, 240
21, 368
21, 112
21, 369
21, 241
21, 113
21, 370
21, 242
21, 114
21, 371
21, 243
21, 115
21, 372
21, 244
21, 116
21, 373
21, 245
21, 117
21, 374
21, 118
21, 246
21, 375
21, 119
21, 247
21, 376
21, 120
21, 248
21, 377
21, 121
21, 249
21, 378
21, 122
21, 250
21, 379
21, 251
21, 123
21, 380
21, 252
21, 124
21, 253
21, 125
21, 381
21, 254
21, 126
21, 382
21, 255
21, 383
21, 127
149, 320
149, 256
149, 192
149, 257
149, 193
149, 258
149, 194
149, 259
149, 195
149, 260
149, 196
149, 389
149, 197
149, 390
149, 198
149, 391
149, 199
149, 392
149, 200
149, 393
149, 329
149, 394
149, 330
149, 395
149, 331
149, 396
149, 332
149, 397
149, 333
149, 269
149, 398
149, 334
149, 270
149, 399
149, 335
149, 271
149, 400
149, 336
149, 272
149, 337
149, 273
149, 209
149, 338
149, 274
149, 210
149, 339
149, 275
149, 211
149, 340
149, 276
149, 212
149, 277
149, 213
149, 278
149, 214
149, 150
149, 279
149, 215
149, 151
149, 280
149, 216
149, 152
149, 217
149, 153
149, 218
149, 154
149, 219
149, 155
149, 220
149, 156
149, 349
149, 157
149, 350
149, 158
149, 351
149, 159
149, 352
149, 160
149, 353
149, 289
149, 354
149, 290
149, 355
149, 291
149, 356
149, 292
149, 357
149, 293
149, 229
149, 358
149, 294
149, 230
149, 359
149, 295
149, 231
149, 360
149, 296
149, 232
149, 297
149, 233
149, 169
149, 298
149, 234
149, 170
149, 299
149, 235
149, 171
149, 300
149, 236
149, 172
149, 237
149, 173
149, 238
149, 174
149, 239
149, 175
149, 240
149, 176
149, 369
149, 177
149, 370
149, 178
149, 371
149, 179
149, 372
149, 180
149, 373
149, 309
149, 374
149, 310
149, 375
149, 311
149, 376
149, 312
149, 377
149, 313
149, 249
149, 378
149, 314
149, 250
149, 379
149, 315
149, 251
149, 380
149, 316
149, 252
149, 317
149, 253
149, 189
149, 318
149, 254
149, 190
149, 319
149, 255
149, 191
278, 320
278, 398
278, 399
278, 400
278, 338
278, 339
278, 340
278, 279
278, 280
278, 358
278, 359
278, 360
278, 298
278, 299
278, 300
278, 378
278, 379
278, 380
278, 318
278, 319
22, 256
22, 384
22, 128
22, 257
22, 385
22, 129
22, 258
22, 386
22, 130
22, 259
22, 387
22, 131
22, 260
22, 388
22, 132
22, 389
22, 133
22, 390
22, 262
22, 134
22, 391
22, 263
22, 135
22, 392
22, 264
22, 136
22, 393
22, 265
22, 137
22, 394
22, 138
22, 266
22, 395
22, 139
22, 267
22, 396
22, 140
22, 268
22, 397
22, 269
22, 398
22, 142
22, 270
22, 399
22, 271
22, 143
22, 400
22, 272
22, 144
22, 273
22, 145
22, 274
22, 146
22, 275
22, 147
22, 276
22, 148
22, 277
22, 149
22, 278
22, 150
22, 279
22, 23
22, 151
22, 280
22, 24
22, 152
22, 25
22, 153
22, 26
22, 282
22, 154
22, 27
22, 283
22, 155
22, 28
22, 284
22, 156
22, 157
22, 29
22, 285
22, 158
22, 30
22, 286
22, 159
22, 31
22, 287
22, 160
22, 32
22, 288
22, 33
22, 289
22, 290
22, 162
22, 34
22, 291
22, 163
22, 35
22, 292
22, 164
22, 36
22, 293
22, 165
22, 37
22, 294
22, 166
22, 38
22, 295
22, 167
22, 39
22, 296
22, 168
22, 40
22, 297
22, 169
22, 298
22, 42
22, 170
22, 299
22, 43
22, 171
22, 300
22, 44
22, 172
22, 45
22, 173
22, 46
22, 302
22, 174
22, 47
22, 303
22, 175
22, 176
22, 48
22, 304
22, 177
22, 49
22, 305
22, 178
22, 50
22, 306
22, 179
22, 51
22, 307
22, 180
22, 52
22, 308
22, 309
22, 53
22, 310
22, 182
22, 54
22, 311
22, 183
22, 55
22, 312
22, 184
22, 56
22, 313
22, 185
22, 57
22, 314
22, 186
22, 58
22, 315
22, 187
22, 59
22, 316
22, 188
22, 60
22, 317
22, 189
22, 318
22, 62
22, 190
22, 319
22, 63
22, 191
22, 320
22, 64
22, 192
22, 65
22, 193
22, 66
22, 322
22, 194
22, 195
22, 67
22, 323
22, 196
22, 68
22, 324
22, 197
22, 69
22, 325
22, 198
22, 70
22, 326
22, 199
22, 71
22, 327
22, 200
22, 328
22, 72
22, 329
22, 73
22, 330
22, 202
22, 74
22, 331
22, 203
22, 75
22, 332
22, 204
22, 76
22, 333
22, 205
22, 77
22, 334
22, 206
22, 78
22, 335
22, 207
22, 79
22, 336
22, 208
22, 80
22, 337
22, 209
22, 338
22, 82
22, 210
22, 339
22, 83
22, 211
22, 340
22, 84
22, 212
22, 85
22, 213
22, 214
22, 86
22, 342
22, 215
22, 87
22, 343
22, 216
22, 88
22, 344
22, 217
22, 89
22, 345
22, 218
22, 90
22, 346
22, 219
22, 347
22, 91
22, 220
22, 348
22, 92
22, 349
22, 93
22, 350
22, 222
22, 94
22, 351
22, 223
22, 95
22, 352
22, 224
22, 96
22, 353
22, 225
22, 97
22, 354
22, 226
22, 98
22, 355
22, 227
22, 99
22, 356
22, 100
22, 228
22, 357
22, 229
22, 358
22, 102
22, 230
22, 359
22, 103
22, 231
22, 360
22, 104
22, 232
22, 233
22, 105
22, 234
22, 106
22, 362
22, 235
22, 107
22, 363
22, 236
22, 108
22, 364
22, 237
22, 365
22, 109
22, 238
22, 366
22, 110
22, 239
22, 367
22, 111
22, 240
22, 368
22, 112
22, 369
22, 113
22, 370
22, 242
22, 114
22, 371
22, 243
22, 115
22, 372
22, 244
22, 116
22, 373
22, 245
22, 117
22, 374
22, 246
22, 118
22, 375
22, 119
22, 247
22, 376
22, 120
22, 248
22, 377
22, 249
22, 378
22, 122
22, 250
22, 379
22, 123
22, 251
22, 380
22, 252
22, 124
22, 253
22, 125
22, 254
22, 126
22, 382
22, 255
22, 127
22, 383
150, 320
150, 256
150, 192
150, 257
150, 193
150, 258
150, 194
150, 259
150, 195
150, 260
150, 196
150, 197
150, 390
150, 198
150, 391
150, 199
150, 392
150, 200
150, 393
150, 394
150, 330
150, 395
150, 331
150, 396
150, 332
150, 397
150, 333
150, 398
150, 334
150, 270
150, 399
150, 335
150, 271
150, 400
150, 336
150, 272
150, 337
150, 273
150, 338
150, 274
150, 210
150, 339
150, 275
150, 211
150, 340
150, 276
150, 212
150, 277
150, 213
150, 278
150, 214
150, 279
150, 215
150, 151
150, 280
150, 216
150, 152
150, 217
150, 153
150, 218
150, 154
150, 219
150, 155
150, 220
150, 156
150, 157
150, 350
150, 158
150, 351
150, 159
150, 352
150, 160
150, 353
150, 354
150, 290
150, 355
150, 291
150, 356
150, 292
150, 357
150, 293
150, 358
150, 294
150, 230
150, 359
150, 295
150, 231
150, 360
150, 296
150, 232
150, 297
150, 233
150, 298
150, 234
150, 170
150, 299
150, 235
150, 171
150, 300
150, 236
150, 172
150, 237
150, 173
150, 238
150, 174
150, 239
150, 175
150, 240
150, 176
150, 177
150, 370
150, 178
150, 371
150, 179
150, 372
150, 180
150, 373
150, 374
150, 310
150, 375
150, 311
150, 376
150, 312
150, 377
150, 313
150, 378
150, 314
150, 250
150, 379
150, 315
150, 251
150, 380
150, 316
150, 252
150, 317
150, 253
150, 318
150, 254
150, 190
150, 319
150, 255
150, 191
279, 320
279, 399
279, 400
279, 339
279, 340
279, 280
279, 359
279, 360
279, 299
279, 300
279, 379
279, 380
279, 319
23, 256
23, 128
23, 384
23, 257
23, 385
23, 129
23, 258
23, 386
23, 130
23, 259
23, 387
23, 131
23, 260
23, 388
23, 132
23, 389
23, 133
23, 390
23, 134
23, 391
23, 263
23, 135
23, 392
23, 264
23, 136
23, 393
23, 265
23, 137
23, 394
23, 266
23, 138
23, 395
23, 139
23, 267
23, 396
23, 140
23, 268
23, 397
23, 269
23, 398
23, 270
23, 399
23, 143
23, 271
23, 400
23, 272
23, 144
23, 273
23, 145
23, 274
23, 146
23, 275
23, 147
23, 276
23, 148
23, 277
23, 149
23, 278
23, 150
23, 279
23, 151
23, 280
23, 24
23, 152
23, 25
23, 153
23, 26
23, 154
23, 27
23, 283
23, 155
23, 28
23, 284
23, 156
23, 29
23, 285
23, 157
23, 158
23, 30
23, 286
23, 159
23, 31
23, 287
23, 160
23, 32
23, 288
23, 33
23, 289
23, 34
23, 290
23, 291
23, 163
23, 35
23, 292
23, 164
23, 36
23, 293
23, 165
23, 37
23, 294
23, 166
23, 38
23, 295
23, 167
23, 39
23, 296
23, 168
23, 40
23, 297
23, 169
23, 298
23, 170
23, 299
23, 43
23, 171
23, 300
23, 44
23, 172
23, 45
23, 173
23, 46
23, 174
23, 47
23, 303
23, 175
23, 48
23, 304
23, 176
23, 177
23, 49
23, 305
23, 178
23, 50
23, 306
23, 179
23, 51
23, 307
23, 180
23, 52
23, 308
23, 53
23, 309
23, 310
23, 54
23, 311
23, 183
23, 55
23, 312
23, 184
23, 56
23, 313
23, 185
23, 57
23, 314
23, 186
23, 58
23, 315
23, 187
23, 59
23, 316
23, 188
23, 60
23, 317
23, 189
23, 318
23, 190
23, 319
23, 63
23, 191
23, 320
23, 64
23, 192
23, 65
23, 193
23, 66
23, 194
23, 67
23, 323
23, 195
23, 196
23, 68
23, 324
23, 197
23, 69
23, 325
23, 198
23, 70
23, 326
23, 199
23, 71
23, 327
23, 200
23, 72
23, 328
23, 329
23, 73
23, 330
23, 74
23, 331
23, 203
23, 75
23, 332
23, 204
23, 76
23, 333
23, 205
23, 77
23, 334
23, 206
23, 78
23, 335
23, 207
23, 79
23, 336
23, 208
23, 80
23, 337
23, 209
23, 338
23, 210
23, 339
23, 83
23, 211
23, 340
23, 84
23, 212
23, 85
23, 213
23, 86
23, 214
23, 215
23, 87
23, 343
23, 216
23, 88
23, 344
23, 217
23, 89
23, 345
23, 218
23, 90
23, 346
23, 219
23, 91
23, 347
23, 220
23, 348
23, 92
23, 349
23, 93
23, 350
23, 94
23, 351
23, 223
23, 95
23, 352
23, 224
23, 96
23, 353
23, 225
23, 97
23, 354
23, 226
23, 98
23, 355
23, 227
23, 99
23, 356
23, 228
23, 100
23, 357
23, 229
23, 358
23, 230
23, 359
23, 103
23, 231
23, 360
23, 104
23, 232
23, 105
23, 233
23, 234
23, 106
23, 235
23, 107
23, 363
23, 236
23, 108
23, 364
23, 237
23, 109
23, 365
23, 238
23, 366
23, 110
23, 239
23, 367
23, 111
23, 240
23, 368
23, 112
23, 369
23, 113
23, 370
23, 114
23, 371
23, 243
23, 115
23, 372
23, 244
23, 116
23, 373
23, 245
23, 117
23, 374
23, 246
23, 118
23, 375
23, 247
23, 119
23, 376
23, 120
23, 248
23, 377
23, 249
23, 378
23, 250
23, 379
23, 123
23, 251
23, 380
23, 124
23, 252
23, 253
23, 125
23, 254
23, 126
23, 255
23, 127
23, 383
151, 320
151, 256
151, 192
151, 257
151, 193
151, 258
151, 194
151, 259
151, 195
151, 260
151, 196
151, 197
151, 198
151, 391
151, 199
151, 392
151, 200
151, 393
151, 394
151, 395
151, 331
151, 396
151, 332
151, 397
151, 333
151, 398
151, 334
151, 399
151, 335
151, 271
151, 400
151, 336
151, 272
151, 337
151, 273
151, 338
151, 274
151, 339
151, 275
151, 211
151, 340
151, 276
151, 212
151, 277
151, 213
151, 278
151, 214
151, 279
151, 215
151, 280
151, 216
151, 152
151, 217
151, 153
151, 218
151, 154
151, 219
151, 155
151, 220
151, 156
151, 157
151, 158
151, 351
151, 159
151, 352
151, 160
151, 353
151, 354
151, 355
151, 291
151, 356
151, 292
151, 357
151, 293
151, 358
151, 294
151, 359
151, 295
151, 231
151, 360
151, 296
151, 232
151, 297
151, 233
151, 298
151, 234
151, 299
151, 235
151, 171
151, 300
151, 236
151, 172
151, 237
151, 173
151, 238
151, 174
151, 239
151, 175
151, 240
151, 176
151, 177
151, 178
151, 371
151, 179
151, 372
151, 180
151, 373
151, 374
151, 375
151, 311
151, 376
151, 312
151, 377
151, 313
151, 378
151, 314
151, 379
151, 315
151, 251
151, 380
151, 316
151, 252
151, 317
151, 253
151, 318
151, 254
151, 319
151, 255
151, 191
280, 400
280, 380
280, 360
280, 340
280, 320
280, 300
24, 256
24, 128
24, 384
24, 257
24, 129
24, 385
24, 258
24, 386
24, 130
24, 259
24, 387
24, 131
24, 260
24, 388
24, 132
24, 389
24, 133
24, 390
24, 134
24, 391
24, 135
24, 392
24, 264
24, 136
24, 393
24, 265
24, 137
24, 394
24, 266
24, 138
24, 395
24, 267
24, 139
24, 396
24, 140
24, 268
24, 397
24, 269
24, 398
24, 270
24, 399
24, 271
24, 400
24, 144
24, 272
24, 273
24, 145
24, 274
24, 146
24, 275
24, 147
24, 276
24, 148
24, 277
24, 149
24, 278
24, 150
24, 279
24, 151
24, 280
24, 152
24, 25
24, 153
24, 26
24, 154
24, 27
24, 155
24, 28
24, 284
24, 156
24, 29
24, 285
24, 157
24, 30
24, 286
24, 158
24, 159
24, 31
24, 287
24, 160
24, 32
24, 288
24, 33
24, 289
24, 34
24, 290
24, 35
24, 291
24, 292
24, 164
24, 36
24, 293
24, 165
24, 37
24, 294
24, 166
24, 38
24, 295
24, 167
24, 39
24, 296
24, 168
24, 40
24, 297
24, 169
24, 298
24, 170
24, 299
24, 171
24, 300
24, 44
24, 172
24, 45
24, 173
24, 46
24, 174
24, 47
24, 175
24, 48
24, 304
24, 176
24, 49
24, 305
24, 177
24, 178
24, 50
24, 306
24, 179
24, 51
24, 307
24, 180
24, 52
24, 308
24, 53
24, 309
24, 54
24, 310
24, 311
24, 55
24, 312
24, 184
24, 56
24, 313
24, 185
24, 57
24, 314
24, 186
24, 58
24, 315
24, 187
24, 59
24, 316
24, 188
24, 60
24, 317
24, 189
24, 318
24, 190
24, 319
24, 191
24, 320
24, 64
24, 192
24, 65
24, 193
24, 66
24, 194
24, 67
24, 195
24, 68
24, 324
24, 196
24, 197
24, 69
24, 325
24, 198
24, 70
24, 326
24, 199
24, 71
24, 327
24, 200
24, 72
24, 328
24, 73
24, 329
24, 330
24, 74
24, 331
24, 75
24, 332
24, 204
24, 76
24, 333
24, 205
24, 77
24, 334
24, 206
24, 78
24, 335
24, 207
24, 79
24, 336
24, 208
24, 80
24, 337
24, 209
24, 338
24, 210
24, 339
24, 211
24, 340
24, 84
24, 212
24, 85
24, 213
24, 86
24, 214
24, 87
24, 215
24, 216
24, 88
24, 344
24, 217
24, 89
24, 345
24, 218
24, 90
24, 346
24, 219
24, 91
24, 347
24, 220
24, 92
24, 348
24, 349
24, 93
24, 350
24, 94
24, 351
24, 95
24, 352
24, 224
24, 96
24, 353
24, 225
24, 97
24, 354
24, 226
24, 98
24, 355
24, 227
24, 99
24, 356
24, 228
24, 100
24, 357
24, 229
24, 358
24, 230
24, 359
24, 231
24, 360
24, 104
24, 232
24, 105
24, 233
24, 106
24, 234
24, 235
24, 107
24, 236
24, 108
24, 364
24, 237
24, 109
24, 365
24, 238
24, 110
24, 366
24, 239
24, 367
24, 111
24, 240
24, 368
24, 112
24, 369
24, 113
24, 370
24, 114
24, 371
24, 115
24, 372
24, 244
24, 116
24, 373
24, 245
24, 117
24, 374
24, 246
24, 118
24, 375
24, 247
24, 119
24, 376
24, 248
24, 120
24, 377
24, 249
24, 378
24, 250
24, 379
24, 251
24, 380
24, 124
24, 252
24, 125
24, 253
24, 254
24, 126
24, 255
24, 127
152, 320
152, 256
152, 192
152, 257
152, 193
152, 258
152, 194
152, 259
152, 195
152, 260
152, 196
152, 197
152, 198
152, 199
152, 392
152, 200
152, 393
152, 394
152, 395
152, 396
152, 332
152, 397
152, 333
152, 398
152, 334
152, 399
152, 335
152, 400
152, 336
152, 272
152, 337
152, 273
152, 338
152, 274
152, 339
152, 275
152, 340
152, 276
152, 212
152, 277
152, 213
152, 278
152, 214
152, 279
152, 215
152, 280
152, 216
152, 217
152, 153
152, 218
152, 154
152, 219
152, 155
152, 220
152, 156
152, 157
152, 158
152, 159
152, 352
152, 160
152, 353
152, 354
152, 355
152, 356
152, 292
152, 357
152, 293
152, 358
152, 294
152, 359
152, 295
152, 360
152, 296
152, 232
152, 297
152, 233
152, 298
152, 234
152, 299
152, 235
152, 300
152, 236
152, 172
152, 237
152, 173
152, 238
152, 174
152, 239
152, 175
152, 240
152, 176
152, 177
152, 178
152, 179
152, 372
152, 180
152, 373
152, 374
152, 375
152, 376
152, 312
152, 377
152, 313
152, 378
152, 314
152, 379
152, 315
152, 380
152, 316
152, 252
152, 317
152, 253
152, 318
152, 254
152, 319
152, 255
281, 320
281, 384
281, 385
281, 321
281, 386
281, 322
281, 387
281, 323
281, 388
281, 324
281, 389
281, 325
281, 390
281, 326
281, 391
281, 327
281, 392
281, 328
281, 393
281, 329
281, 394
281, 330
281, 395
281, 331
281, 396
281, 332
281, 397
281, 333
281, 398
281, 334
281, 399
281, 335
281, 400
281, 336
281, 337
281, 338
281, 339
281, 340
281, 341
281, 342
281, 343
281, 344
281, 345
281, 346
281, 282
281, 347
281, 283
281, 348
281, 284
281, 349
281, 285
281, 350
281, 286
281, 351
281, 287
281, 352
281, 288
281, 353
281, 289
281, 354
281, 290
281, 355
281, 291
281, 356
281, 292
281, 357
281, 293
281, 358
281, 294
281, 359
281, 295
281, 360
281, 296
281, 297
281, 361
281, 298
281, 362
281, 299
281, 363
281, 300
281, 364
281, 365
281, 301
281, 366
281, 302
281, 367
281, 303
281, 368
281, 304
281, 369
281, 305
281, 370
281, 306
281, 371
281, 307
281, 372
281, 308
281, 373
281, 309
281, 374
281, 310
281, 375
281, 311
281, 376
281, 312
281, 377
281, 313
281, 378
281, 314
281, 379
281, 315
281, 380
281, 316
281, 317
281, 381
281, 318
281, 382
281, 319
281, 383
25, 256
25, 128
25, 257
25, 129
25, 385
25, 258
25, 130
25, 386
25, 259
25, 387
25, 131
25, 260
25, 388
25, 132
25, 389
25, 133
25, 390
25, 134
25, 391
25, 135
25, 392
25, 136
25, 393
25, 265
25, 137
25, 394
25, 266
25, 138
25, 395
25, 267
25, 139
25, 396
25, 268
25, 140
25, 397
25, 269
25, 398
25, 270
25, 399
25, 271
25, 400
25, 272
25, 145
25, 273
25, 274
25, 146
25, 275
25, 147
25, 276
25, 148
25, 277
25, 149
25, 278
25, 150
25, 279
25, 151
25, 280
25, 152
25, 153
25, 26
25, 154
25, 27
25, 155
25, 28
25, 156
25, 29
25, 285
25, 157
25, 30
25, 286
25, 158
25, 31
25, 287
25, 159
25, 160
25, 32
25, 288
25, 33
25, 289
25, 34
25, 290
25, 35
25, 291
25, 36
25, 292
25, 293
25, 165
25, 37
25, 294
25, 166
25, 38
25, 295
25, 167
25, 39
25, 296
25, 168
25, 40
25, 297
25, 169
25, 298
25, 170
25, 299
25, 171
25, 300
25, 172
25, 45
25, 173
25, 46
25, 174
25, 47
25, 175
25, 48
25, 176
25, 49
25, 305
25, 177
25, 50
25, 306
25, 178
25, 179
25, 51
25, 307
25, 180
25, 52
25, 308
25, 53
25, 309
25, 54
25, 310
25, 55
25, 311
25, 312
25, 56
25, 313
25, 185
25, 57
25, 314
25, 186
25, 58
25, 315
25, 187
25, 59
25, 316
25, 188
25, 60
25, 317
25, 189
25, 318
25, 190
25, 319
25, 191
25, 320
25, 192
25, 65
25, 193
25, 66
25, 194
25, 67
25, 195
25, 68
25, 196
25, 69
25, 325
25, 197
25, 198
25, 70
25, 326
25, 199
25, 71
25, 327
25, 200
25, 72
25, 328
25, 73
25, 329
25, 74
25, 330
25, 331
25, 75
25, 332
25, 76
25, 333
25, 205
25, 77
25, 334
25, 206
25, 78
25, 335
25, 207
25, 79
25, 336
25, 208
25, 80
25, 337
25, 209
25, 338
25, 210
25, 339
25, 211
25, 340
25, 212
25, 85
25, 213
25, 86
25, 214
25, 87
25, 215
25, 88
25, 216
25, 217
25, 89
25, 345
25, 218
25, 90
25, 346
25, 219
25, 91
25, 347
25, 220
25, 92
25, 348
25, 93
25, 349
25, 350
25, 94
25, 351
25, 95
25, 352
25, 96
25, 353
25, 225
25, 97
25, 354
25, 226
25, 98
25, 355
25, 227
25, 99
25, 356
25, 228
25, 100
25, 357
25, 229
25, 358
25, 230
25, 359
25, 231
25, 360
25, 232
25, 105
25, 233
25, 106
25, 234
25, 107
25, 235
25, 236
25, 108
25, 237
25, 109
25, 365
25, 238
25, 110
25, 366
25, 239
25, 111
25, 367
25, 240
25, 368
25, 112
25, 369
25, 113
25, 370
25, 114
25, 371
25, 115
25, 372
25, 116
25, 373
25, 245
25, 117
25, 374
25, 246
25, 118
25, 375
25, 247
25, 119
25, 376
25, 248
25, 120
25, 377
25, 249
25, 378
25, 250
25, 379
25, 251
25, 380
25, 252
25, 125
25, 253
25, 126
25, 254
25, 255
25, 127
153, 320
153, 256
153, 257
153, 193
153, 258
153, 194
153, 259
153, 195
153, 260
153, 196
153, 197
153, 198
153, 199
153, 200
153, 393
153, 394
153, 395
153, 396
153, 397
153, 333
153, 398
153, 334
153, 399
153, 335
153, 400
153, 336
153, 337
153, 273
153, 338
153, 274
153, 339
153, 275
153, 340
153, 276
153, 277
153, 213
153, 278
153, 214
153, 279
153, 215
153, 280
153, 216
153, 217
153, 218
153, 154
153, 219
153, 155
153, 220
153, 156
153, 157
153, 158
153, 159
153, 160
153, 353
153, 354
153, 355
153, 356
153, 357
153, 293
153, 358
153, 294
153, 359
153, 295
153, 360
153, 296
153, 297
153, 233
153, 298
153, 234
153, 299
153, 235
153, 300
153, 236
153, 237
153, 173
153, 238
153, 174
153, 239
153, 175
153, 240
153, 176
153, 177
153, 178
153, 179
153, 180
153, 373
153, 374
153, 375
153, 376
153, 377
153, 313
153, 378
153, 314
153, 379
153, 315
153, 380
153, 316
153, 317
153, 253
153, 318
153, 254
153, 319
153, 255
282, 320
282, 384
282, 385
282, 386
282, 322
282, 387
282, 323
282, 388
282, 324
282, 389
282, 325
282, 390
282, 326
282, 391
282, 327
282, 392
282, 328
282, 393
282, 329
282, 394
282, 330
282, 395
282, 331
282, 396
282, 332
282, 397
282, 333
282, 398
282, 334
282, 399
282, 335
282, 400
282, 336
282, 337
282, 338
282, 339
282, 340
282, 342
282, 343
282, 344
282, 345
282, 346
282, 347
282, 283
282, 348
282, 284
282, 349
282, 285
282, 350
282, 286
282, 351
282, 287
282, 352
282, 288
282, 353
282, 289
282, 354
282, 290
282, 355
282, 291
282, 356
282, 292
282, 357
282, 293
282, 358
282, 294
282, 359
282, 295
282, 360
282, 296
282, 297
282, 298
282, 362
282, 299
282, 363
282, 300
282, 364
282, 365
282, 366
282, 302
282, 367
282, 303
282, 368
282, 304
282, 369
282, 305
282, 370
282, 306
282, 371
282, 307
282, 372
282, 308
282, 373
282, 309
282, 374
282, 310
282, 375
282, 311
282, 376
282, 312
282, 377
282, 313
282, 378
282, 314
282, 379
282, 315
282, 380
282, 316
282, 317
282, 318
282, 382
282, 319
282, 383
26, 256
26, 128
26, 257
26, 129
26, 258
26, 130
26, 386
26, 259
26, 131
26, 387
26, 260
26, 388
26, 132
26, 389
26, 133
26, 390
26, 134
26, 391
26, 135
26, 392
26, 136
26, 393
26, 137
26, 394
26, 266
26, 138
26, 395
26, 267
26, 139
26, 396
26, 268
26, 140
26, 397
26, 269
26, 398
26, 270
26, 399
26, 271
26, 400
26, 272
26, 273
26, 146
26, 274
26, 275
26, 147
26, 276
26, 148
26, 277
26, 149
26, 278
26, 150
26, 279
26, 151
26, 280
26, 152
26, 153
26, 154
26, 27
26, 155
26, 28
26, 156
26, 29
26, 157
26, 30
26, 286
26, 158
26, 31
26, 287
26, 159
26, 32
26, 288
26, 160
26, 33
26, 289
26, 34
26, 290
26, 35
26, 291
26, 36
26, 292
26, 37
26, 293
26, 294
26, 166
26, 38
26, 295
26, 167
26, 39
26, 296
26, 168
26, 40
26, 297
26, 169
26, 298
26, 170
26, 299
26, 171
26, 300
26, 172
26, 173
26, 46
26, 174
26, 47
26, 175
26, 48
26, 176
26, 49
26, 177
26, 50
26, 306
26, 178
26, 51
26, 307
26, 179
26, 180
26, 52
26, 308
26, 53
26, 309
26, 54
26, 310
26, 55
26, 311
26, 56
26, 312
26, 313
26, 57
26, 314
26, 186
26, 58
26, 315
26, 187
26, 59
26, 316
26, 188
26, 60
26, 317
26, 189
26, 318
26, 190
26, 319
26, 191
26, 320
26, 192
26, 193
26, 66
26, 194
26, 67
26, 195
26, 68
26, 196
26, 69
26, 197
26, 70
26, 326
26, 198
26, 199
26, 71
26, 327
26, 200
26, 72
26, 328
26, 73
26, 329
26, 74
26, 330
26, 75
26, 331
26, 332
26, 76
26, 333
26, 77
26, 334
26, 206
26, 78
26, 335
26, 207
26, 79
26, 336
26, 208
26, 80
26, 337
26, 209
26, 338
26, 210
26, 339
26, 211
26, 340
26, 212
26, 213
26, 86
26, 214
26, 87
26, 215
26, 88
26, 216
26, 89
26, 217
26, 218
26, 90
26, 346
26, 219
26, 91
26, 347
26, 220
26, 92
26, 348
26, 93
26, 349
26, 94
26, 350
26, 351
26, 95
26, 352
26, 96
26, 353
26, 97
26, 354
26, 226
26, 98
26, 355
26, 227
26, 99
26, 356
26, 228
26, 100
26, 357
26, 229
26, 358
26, 230
26, 359
26, 231
26, 360
26, 232
26, 233
26, 106
26, 234
26, 107
26, 235
26, 108
26, 236
26, 237
26, 109
26, 238
26, 110
26, 366
26, 239
26, 111
26, 367
26, 240
26, 112
26, 368
26, 369
26, 113
26, 370
26, 114
26, 371
26, 115
26, 372
26, 116
26, 373
26, 117
26, 374
26, 246
26, 118
26, 375
26, 247
26, 119
26, 376
26, 248
26, 120
26, 377
26, 249
26, 378
26, 250
26, 379
26, 251
26, 380
26, 252
26, 253
26, 126
26, 254
26, 127
26, 255
154, 320
154, 256
154, 257
154, 258
154, 194
154, 259
154, 195
154, 260
154, 196
154, 197
154, 198
154, 199
154, 200
154, 394
154, 395
154, 396
154, 397
154, 398
154, 334
154, 399
154, 335
154, 400
154, 336
154, 337
154, 338
154, 274
154, 339
154, 275
154, 340
154, 276
154, 277
154, 278
154, 214
154, 279
154, 215
154, 280
154, 216
154, 217
154, 218
154, 219
154, 155
154, 220
154, 156
154, 157
154, 158
154, 159
154, 160
154, 354
154, 355
154, 356
154, 357
154, 358
154, 294
154, 359
154, 295
154, 360
154, 296
154, 297
154, 298
154, 234
154, 299
154, 235
154, 300
154, 236
154, 237
154, 238
154, 174
154, 239
154, 175
154, 240
154, 176
154, 177
154, 178
154, 179
154, 180
154, 374
154, 375
154, 376
154, 377
154, 378
154, 314
154, 379
154, 315
154, 380
154, 316
154, 317
154, 318
154, 254
154, 319
154, 255
283, 320
283, 384
283, 385
283, 386
283, 387
283, 323
283, 388
283, 324
283, 389
283, 325
283, 390
283, 326
283, 391
283, 327
283, 392
283, 328
283, 393
283, 329
283, 394
283, 330
283, 395
283, 331
283, 396
283, 332
283, 397
283, 333
283, 398
283, 334
283, 399
283, 335
283, 400
283, 336
283, 337
283, 338
283, 339
283, 340
283, 343
283, 344
283, 345
283, 346
283, 347
283, 348
283, 284
283, 349
283, 285
283, 350
283, 286
283, 351
283, 287
283, 352
283, 288
283, 353
283, 289
283, 354
283, 290
283, 355
283, 291
283, 356
283, 292
283, 357
283, 293
283, 358
283, 294
283, 359
283, 295
283, 360
283, 296
283, 297
283, 298
283, 299
283, 363
283, 300
283, 364
283, 365
283, 366
283, 367
283, 303
283, 368
283, 304
283, 369
283, 305
283, 370
283, 306
283, 371
283, 307
283, 372
283, 308
283, 373
283, 309
283, 374
283, 310
283, 375
283, 311
283, 376
283, 312
283, 377
283, 313
283, 378
283, 314
283, 379
283, 315
283, 380
283, 316
283, 317
283, 318
283, 319
283, 383
27, 128
27, 256
27, 257
27, 129
27, 258
27, 130
27, 259
27, 131
27, 387
27, 260
27, 132
27, 388
27, 389
27, 133
27, 390
27, 134
27, 391
27, 135
27, 392
27, 136
27, 393
27, 137
27, 394
27, 138
27, 395
27, 267
27, 139
27, 396
27, 268
27, 140
27, 397
27, 269
27, 398
27, 270
27, 399
27, 271
27, 400
27, 272
27, 273
27, 274
27, 147
27, 275
27, 276
27, 148
27, 277
27, 149
27, 278
27, 150
27, 279
27, 151
27, 280
27, 152
27, 153
27, 154
27, 155
27, 28
27, 156
27, 29
27, 157
27, 30
27, 158
27, 31
27, 287
27, 159
27, 32
27, 288
27, 160
27, 33
27, 289
27, 34
27, 290
27, 35
27, 291
27, 36
27, 292
27, 37
27, 293
27, 38
27, 294
27, 295
27, 167
27, 39
27, 296
27, 168
27, 40
27, 297
27, 169
27, 298
27, 170
27, 299
27, 171
27, 300
27, 172
27, 173
27, 174
27, 47
27, 175
27, 48
27, 176
27, 49
27, 177
27, 50
27, 178
27, 51
27, 307
27, 179
27, 52
27, 308
27, 180
27, 53
27, 309
27, 54
27, 310
27, 55
27, 311
27, 56
27, 312
27, 57
27, 313
27, 314
27, 58
27, 315
27, 187
27, 59
27, 316
27, 188
27, 60
27, 317
27, 189
27, 318
27, 190
27, 319
27, 191
27, 320
27, 192
27, 193
27, 194
27, 67
27, 195
27, 68
27, 196
27, 69
27, 197
27, 70
27, 198
27, 71
27, 327
27, 199
27, 200
27, 72
27, 328
27, 73
27, 329
27, 74
27, 330
27, 75
27, 331
27, 76
27, 332
27, 333
27, 77
27, 334
27, 78
27, 335
27, 207
27, 79
27, 336
27, 208
27, 80
27, 337
27, 209
27, 338
27, 210
27, 339
27, 211
27, 340
27, 212
27, 213
27, 214
27, 87
27, 215
27, 88
27, 216
27, 89
27, 217
27, 90
27, 218
27, 219
27, 91
27, 347
27, 220
27, 92
27, 348
27, 93
27, 349
27, 94
27, 350
27, 95
27, 351
27, 352
27, 96
27, 353
27, 97
27, 354
27, 98
27, 355
27, 227
27, 99
27, 356
27, 228
27, 100
27, 357
27, 229
27, 358
27, 230
27, 359
27, 231
27, 360
27, 232
27, 233
27, 234
27, 107
27, 235
27, 108
27, 236
27, 109
27, 237
27, 238
27, 110
27, 239
27, 111
27, 367
27, 240
27, 112
27, 368
27, 113
27, 369
27, 370
27, 114
27, 371
27, 115
27, 372
27, 116
27, 373
27, 117
27, 374
27, 118
27, 375
27, 247
27, 119
27, 376
27, 248
27, 120
27, 377
27, 249
27, 378
27, 250
27, 379
27, 251
27, 380
27, 252
27, 253
27, 254
27, 127
27, 255
155, 320
155, 256
155, 257
155, 258
155, 259
155, 195
155, 260
155, 196
155, 197
155, 198
155, 199
155, 200
155, 395
155, 396
155, 397
155, 398
155, 399
155, 335
155, 400
155, 336
155, 337
155, 338
155, 339
155, 275
155, 340
155, 276
155, 277
155, 278
155, 279
155, 215
155, 280
155, 216
155, 217
155, 218
155, 219
155, 220
155, 156
155, 157
155, 158
155, 159
155, 160
155, 355
155, 356
155, 357
155, 358
155, 359
155, 295
155, 360
155, 296
155, 297
155, 298
155, 299
155, 235
155, 300
155, 236
155, 237
155, 238
155, 239
155, 175
155, 240
155, 176
155, 177
155, 178
155, 179
155, 180
155, 375
155, 376
155, 377
155, 378
155, 379
155, 315
155, 380
155, 316
155, 317
155, 318
155, 319
155, 255
284, 320
284, 384
284, 385
284, 386
284, 387
284, 388
284, 324
284, 389
284, 325
284, 390
284, 326
284, 391
284, 327
284, 392
284, 328
284, 393
284, 329
284, 394
284, 330
284, 395
284, 331
284, 396
284, 332
284, 397
284, 333
284, 398
284, 334
284, 399
284, 335
284, 400
284, 336
284, 337
284, 338
284, 339
284, 340
284, 344
284, 345
284, 346
284, 347
284, 348
284, 349
284, 285
284, 350
284, 286
284, 351
284, 287
284, 352
284, 288
284, 353
284, 289
284, 354
284, 290
284, 355
284, 291
284, 356
284, 292
284, 357
284, 293
284, 358
284, 294
284, 359
284, 295
284, 360
284, 296
284, 297
284, 298
284, 299
284, 300
284, 364
284, 365
284, 366
284, 367
284, 368
284, 304
284, 369
284, 305
284, 370
284, 306
284, 371
284, 307
284, 372
284, 308
284, 373
284, 309
284, 374
284, 310
284, 375
284, 311
284, 376
284, 312
284, 377
284, 313
284, 378
284, 314
284, 379
284, 315
284, 380
284, 316
284, 317
284, 318
284, 319
28, 128
28, 256
28, 129
28, 257
28, 258
28, 130
28, 259
28, 131
28, 260
28, 132
28, 388
28, 133
28, 389
28, 390
28, 134
28, 391
28, 135
28, 392
28, 136
28, 393
28, 137
28, 394
28, 138
28, 395
28, 139
28, 396
28, 268
28, 140
28, 397
28, 269
28, 398
28, 270
28, 399
28, 271
28, 400
28, 272
28, 273
28, 274
28, 275
28, 148
28, 276
28, 277
28, 149
28, 278
28, 150
28, 279
28, 151
28, 280
28, 152
28, 153
28, 154
28, 155
28, 156
28, 29
28, 157
28, 30
28, 158
28, 31
28, 159
28, 32
28, 288
28, 160
28, 33
28, 289
28, 34
28, 290
28, 35
28, 291
28, 36
28, 292
28, 37
28, 293
28, 38
28, 294
28, 39
28, 295
28, 296
28, 168
28, 40
28, 297
28, 169
28, 298
28, 170
28, 299
28, 171
28, 300
28, 172
28, 173
28, 174
28, 175
28, 48
28, 176
28, 49
28, 177
28, 50
28, 178
28, 51
28, 179
28, 52
28, 308
28, 180
28, 53
28, 309
28, 54
28, 310
28, 55
28, 311
28, 56
28, 312
28, 57
28, 313
28, 58
28, 314
28, 315
28, 59
28, 316
28, 188
28, 60
28, 317
28, 189
28, 318
28, 190
28, 319
28, 191
28, 320
28, 192
28, 193
28, 194
28, 195
28, 68
28, 196
28, 69
28, 197
28, 70
28, 198
28, 71
28, 199
28, 72
28, 328
28, 200
28, 73
28, 329
28, 74
28, 330
28, 75
28, 331
28, 76
28, 332
28, 77
28, 333
28, 334
28, 78
28, 335
28, 79
28, 336
28, 208
28, 80
28, 337
28, 209
28, 338
28, 210
28, 339
28, 211
28, 340
28, 212
28, 213
28, 214
28, 215
28, 88
28, 216
28, 89
28, 217
28, 90
28, 218
28, 91
28, 219
28, 220
28, 92
28, 348
28, 93
28, 349
28, 94
28, 350
28, 95
28, 351
28, 96
28, 352
28, 353
28, 97
28, 354
28, 98
28, 355
28, 99
28, 356
28, 228
28, 100
28, 357
28, 229
28, 358
28, 230
28, 359
28, 231
28, 360
28, 232
28, 233
28, 234
28, 235
28, 108
28, 236
28, 109
28, 237
28, 110
28, 238
28, 239
28, 111
28, 240
28, 112
28, 368
28, 113
28, 369
28, 114
28, 370
28, 371
28, 115
28, 372
28, 116
28, 373
28, 117
28, 374
28, 118
28, 375
28, 119
28, 376
28, 248
28, 120
28, 377
28, 249
28, 378
28, 250
28, 379
28, 251
28, 380
28, 252
28, 253
28, 254
28, 255
156, 320
156, 256
156, 257
156, 258
156, 259
156, 260
156, 196
156, 197
156, 198
156, 199
156, 200
156, 396
156, 397
156, 398
156, 399
156, 400
156, 336
156, 337
156, 338
156, 339
156, 340
156, 276
156, 277
156, 278
156, 279
156, 280
156, 216
156, 217
156, 218
156, 219
156, 220
156, 157
156, 158
156, 159
156, 160
156, 356
156, 357
156, 358
156, 359
156, 360
156, 296
156, 297
156, 298
156, 299
156, 300
156, 236
156, 237
156, 238
156, 239
156, 240
156, 176
156, 177
156, 178
156, 179
156, 180
156, 376
156, 377
156, 378
156, 379
156, 380
156, 316
156, 317
156, 318
156, 319
285, 320
285, 385
285, 386
285, 387
285, 388
285, 389
285, 325
285, 390
285, 326
285, 391
285, 327
285, 392
285, 328
285, 393
285, 329
285, 394
285, 330
285, 395
285, 331
285, 396
285, 332
285, 397
285, 333
285, 398
285, 334
285, 399
285, 335
285, 400
285, 336
285, 337
285, 338
285, 339
285, 340
285, 345
285, 346
285, 347
285, 348
285, 349
285, 350
285, 286
285, 351
285, 287
285, 352
285, 288
285, 353
285, 289
285, 354
285, 290
285, 355
285, 291
285, 356
285, 292
285, 357
285, 293
285, 358
285, 294
285, 359
285, 295
285, 360
285, 296
285, 297
285, 298
285, 299
285, 300
285, 365
285, 366
285, 367
285, 368
285, 369
285, 305
285, 370
285, 306
285, 371
285, 307
285, 372
285, 308
285, 373
285, 309
285, 374
285, 310
285, 375
285, 311
285, 376
285, 312
285, 377
285, 313
285, 378
285, 314
285, 379
285, 315
285, 380
285, 316
285, 317
285, 318
285, 319
29, 320
29, 256
29, 192
29, 257
29, 193
29, 129
29, 258
29, 194
29, 130
29, 259
29, 195
29, 131
29, 260
29, 196
29, 132
29, 389
29, 197
29, 133
29, 69
29, 390
29, 198
29, 134
29, 70
29, 391
29, 199
29, 135
29, 71
29, 392
29, 200
29, 136
29, 72
29, 393
29, 329
29, 137
29, 73
29, 394
29, 330
29, 138
29, 74
29, 395
29, 331
29, 139
29, 75
29, 396
29, 332
29, 140
29, 76
29, 397
29, 333
29, 269
29, 77
29, 398
29, 334
29, 270
29, 78
29, 399
29, 335
29, 271
29, 79
29, 400
29, 336
29, 272
29, 80
29, 337
29, 273
29, 209
29, 338
29, 274
29, 210
29, 339
29, 275
29, 211
29, 340
29, 276
29, 212
29, 277
29, 213
29, 149
29, 278
29, 214
29, 150
29, 279
29, 215
29, 151
29, 280
29, 216
29, 152
29, 217
29, 153
29, 89
29, 218
29, 154
29, 90
29, 219
29, 155
29, 91
29, 220
29, 156
29, 92
29, 349
29, 157
29, 93
29, 350
29, 158
29, 94
29, 30
29, 351
29, 159
29, 95
29, 31
29, 352
29, 160
29, 96
29, 32
29, 353
29, 289
29, 97
29, 33
29, 354
29, 290
29, 98
29, 34
29, 355
29, 291
29, 99
29, 35
29, 356
29, 292
29, 100
29, 36
29, 357
29, 293
29, 229
29, 37
29, 358
29, 294
29, 230
29, 38
29, 359
29, 295
29, 231
29, 39
29, 360
29, 296
29, 232
29, 40
29, 297
29, 233
29, 169
29, 298
29, 234
29, 170
29, 299
29, 235
29, 171
29, 300
29, 236
29, 172
29, 237
29, 173
29, 109
29, 238
29, 174
29, 110
29, 239
29, 175
29, 111
29, 240
29, 176
29, 112
29, 369
29, 177
29, 113
29, 49
29, 370
29, 178
29, 114
29, 50
29, 371
29, 179
29, 115
29, 51
29, 372
29, 180
29, 116
29, 52
29, 373
29, 309
29, 117
29, 53
29, 374
29, 310
29, 118
29, 54
29, 375
29, 311
29, 119
29, 55
29, 376
29, 312
29, 120
29, 56
29, 377
29, 313
29, 249
29, 57
29, 378
29, 314
29, 250
29, 58
29, 379
29, 315
29, 251
29, 59
29, 380
29, 316
29, 252
29, 60
29, 317
29, 253
29, 189
29, 318
29, 254
29, 190
29, 319
29, 255
29, 191
157, 320
157, 257
157, 258
157, 259
157, 260
157, 197
157, 198
157, 199
157, 200
157, 397
157, 398
157, 399
157, 400
157, 337
157, 338
157, 339
157, 340
157, 277
157, 278
157, 279
157, 280
157, 217
157, 218
157, 219
157, 220
157, 158
157, 159
157, 160
157, 357
157, 358
157, 359
157, 360
157, 297
157, 298
157, 299
157, 300
157, 237
157, 238
157, 239
157, 240
157, 177
157, 178
157, 179
157, 180
157, 377
157, 378
157, 379
157, 380
157, 317
157, 318
157, 319
286, 320
286, 386
286, 387
286, 388
286, 389
286, 390
286, 326
286, 391
286, 327
286, 392
286, 328
286, 393
286, 329
286, 394
286, 330
286, 395
286, 331
286, 396
286, 332
286, 397
286, 333
286, 398
286, 334
286, 399
286, 335
286, 400
286, 336
286, 337
286, 338
286, 339
286, 340
286, 346
286, 347
286, 348
286, 349
286, 350
286, 351
286, 287
286, 352
286, 288
286, 353
286, 289
286, 354
286, 290
286, 355
286, 291
286, 356
286, 292
286, 357
286, 293
286, 358
286, 294
286, 359
286, 295
286, 360
286, 296
286, 297
286, 298
286, 299
286, 300
286, 366
286, 367
286, 368
286, 369
286, 370
286, 306
286, 371
286, 307
286, 372
286, 308
286, 373
286, 309
286, 374
286, 310
286, 375
286, 311
286, 376
286, 312
286, 377
286, 313
286, 378
286, 314
286, 379
286, 315
286, 380
286, 316
286, 317
286, 318
286, 319
30, 320
30, 256
30, 192
30, 257
30, 193
30, 258
30, 194
30, 130
30, 259
30, 195
30, 131
30, 260
30, 196
30, 132
30, 197
30, 133
30, 390
30, 198
30, 134
30, 70
30, 391
30, 199
30, 135
30, 71
30, 392
30, 200
30, 136
30, 72
30, 393
30, 137
30, 73
30, 394
30, 330
30, 138
30, 74
30, 395
30, 331
30, 139
30, 75
30, 396
30, 332
30, 140
30, 76
30, 397
30, 333
30, 77
30, 398
30, 334
30, 270
30, 78
30, 399
30, 335
30, 271
30, 79
30, 400
30, 336
30, 272
30, 80
30, 337
30, 273
30, 338
30, 274
30, 210
30, 339
30, 275
30, 211
30, 340
30, 276
30, 212
30, 277
30, 213
30, 278
30, 214
30, 150
30, 279
30, 215
30, 151
30, 280
30, 216
30, 152
30, 217
30, 153
30, 218
30, 154
30, 90
30, 219
30, 155
30, 91
30, 220
30, 156
30, 92
30, 157
30, 93
30, 350
30, 158
30, 94
30, 351
30, 159
30, 95
30, 31
30, 352
30, 160
30, 96
30, 32
30, 353
30, 97
30, 33
30, 354
30, 290
30, 98
30, 34
30, 355
30, 291
30, 99
30, 35
30, 356
30, 292
30, 100
30, 36
30, 357
30, 293
30, 37
30, 358
30, 294
30, 230
30, 38
30, 359
30, 295
30, 231
30, 39
30, 360
30, 296
30, 232
30, 40
30, 297
30, 233
30, 298
30, 234
30, 170
30, 299
30, 235
30, 171
30, 300
30, 236
30, 172
30, 237
30, 173
30, 238
30, 174
30, 110
30, 239
30, 175
30, 111
30, 240
30, 176
30, 112
30, 177
30, 113
30, 370
30, 178
30, 114
30, 50
30, 371
30, 179
30, 115
30, 51
30, 372
30, 180
30, 116
30, 52
30, 373
30, 117
30, 53
30, 374
30, 310
30, 118
30, 54
30, 375
30, 311
30, 119
30, 55
30, 376
30, 312
30, 120
30, 56
30, 377
30, 313
30, 57
30, 378
30, 314
30, 250
30, 58
30, 379
30, 315
30, 251
30, 59
30, 380
30, 316
30, 252
30, 60
30, 317
30, 253
30, 318
30, 254
30, 190
30, 319
30, 255
30, 191
158, 320
158, 258
158, 259
158, 260
158, 198
158, 199
158, 200
158, 398
158, 399
158, 400
158, 338
158, 339
158, 340
158, 278
158, 279
158, 280
158, 218
158, 219
158, 220
158, 159
158, 160
158, 358
158, 359
158, 360
158, 298
158, 299
158, 300
158, 238
158, 239
158, 240
158, 178
158, 179
158, 180
158, 378
158, 379
158, 380
158, 318
158, 319
287, 320
287, 387
287, 388
287, 389
287, 390
287, 391
287, 327
287, 392
287, 328
287, 393
287, 329
287, 394
287, 330
287, 395
287, 331
287, 396
287, 332
287, 397
287, 333
287, 398
287, 334
287, 399
287, 335
287, 400
287, 336
287, 337
287, 338
287, 339
287, 340
287, 347
287, 348
287, 349
287, 350
287, 351
287, 352
287, 288
287, 353
287, 289
287, 354
287, 290
287, 355
287, 291
287, 356
287, 292
287, 357
287, 293
287, 358
287, 294
287, 359
287, 295
287, 360
287, 296
287, 297
287, 298
287, 299
287, 300
287, 367
287, 368
287, 369
287, 370
287, 371
287, 307
287, 372
287, 308
287, 373
287, 309
287, 374
287, 310
287, 375
287, 311
287, 376
287, 312
287, 377
287, 313
287, 378
287, 314
287, 379
287, 315
287, 380
287, 316
287, 317
287, 318
287, 319
31, 320
31, 256
31, 192
31, 257
31, 193
31, 258
31, 194
31, 259
31, 195
31, 131
31, 260
31, 196
31, 132
31, 197
31, 133
31, 198
31, 134
31, 391
31, 199
31, 135
31, 71
31, 392
31, 200
31, 136
31, 72
31, 393
31, 137
31, 73
31, 394
31, 138
31, 74
31, 395
31, 331
31, 139
31, 75
31, 396
31, 332
31, 140
31, 76
31, 397
31, 333
31, 77
31, 398
31, 334
31, 78
31, 399
31, 335
31, 271
31, 79
31, 400
31, 336
31, 272
31, 80
31, 337
31, 273
31, 338
31, 274
31, 339
31, 275
31, 211
31, 340
31, 276
31, 212
31, 277
31, 213
31, 278
31, 214
31, 279
31, 215
31, 151
31, 280
31, 216
31, 152
31, 217
31, 153
31, 218
31, 154
31, 219
31, 155
31, 91
31, 220
31, 156
31, 92
31, 157
31, 93
31, 158
31, 94
31, 351
31, 159
31, 95
31, 352
31, 160
31, 96
31, 32
31, 353
31, 97
31, 33
31, 354
31, 98
31, 34
31, 355
31, 291
31, 99
31, 35
31, 356
31, 292
31, 100
31, 36
31, 357
31, 293
31, 37
31, 358
31, 294
31, 38
31, 359
31, 295
31, 231
31, 39
31, 360
31, 296
31, 232
31, 40
31, 297
31, 233
31, 298
31, 234
31, 299
31, 235
31, 171
31, 300
31, 236
31, 172
31, 237
31, 173
31, 238
31, 174
31, 239
31, 175
31, 111
31, 240
31, 176
31, 112
31, 177
31, 113
31, 178
31, 114
31, 371
31, 179
31, 115
31, 51
31, 372
31, 180
31, 116
31, 52
31, 373
31, 117
31, 53
31, 374
31, 118
31, 54
31, 375
31, 311
31, 119
31, 55
31, 376
31, 312
31, 120
31, 56
31, 377
31, 313
31, 57
31, 378
31, 314
31, 58
31, 379
31, 315
31, 251
31, 59
31, 380
31, 316
31, 252
31, 60
31, 317
31, 253
31, 318
31, 254
31, 319
31, 255
31, 191
159, 320
159, 259
159, 260
159, 199
159, 200
159, 399
159, 400
159, 339
159, 340
159, 279
159, 280
159, 219
159, 220
159, 160
159, 359
159, 360
159, 299
159, 300
159, 239
159, 240
159, 179
159, 180
159, 379
159, 380
159, 319
160, 320
160, 260
160, 200
160, 400
160, 340
160, 280
160, 220
160, 360
160, 300
160, 240
160, 180
160, 380
288, 320
288, 388
288, 389
288, 390
288, 391
288, 392
288, 328
288, 393
288, 329
288, 394
288, 330
288, 395
288, 331
288, 396
288, 332
288, 397
288, 333
288, 398
288, 334
288, 399
288, 335
288, 400
288, 336
288, 337
288, 338
288, 339
288, 340
288, 348
288, 349
288, 350
288, 351
288, 352
288, 353
288, 289
288, 354
288, 290
288, 355
288, 291
288, 356
288, 292
288, 357
288, 293
288, 358
288, 294
288, 359
288, 295
288, 360
288, 296
288, 297
288, 298
288, 299
288, 300
288, 368
288, 369
288, 370
288, 371
288, 372
288, 308
288, 373
288, 309
288, 374
288, 310
288, 375
288, 311
288, 376
288, 312
288, 377
288, 313
288, 378
288, 314
288, 379
288, 315
288, 380
288, 316
288, 317
288, 318
288, 319
32, 320
32, 256
32, 192
32, 257
32, 193
32, 258
32, 194
32, 259
32, 195
32, 260
32, 196
32, 132
32, 197
32, 133
32, 198
32, 134
32, 199
32, 135
32, 392
32, 200
32, 136
32, 72
32, 393
32, 137
32, 73
32, 394
32, 138
32, 74
32, 395
32, 139
32, 75
32, 396
32, 332
32, 140
32, 76
32, 397
32, 333
32, 77
32, 398
32, 334
32, 78
32, 399
32, 335
32, 79
32, 400
32, 336
32, 272
32, 80
32, 337
32, 273
32, 338
32, 274
32, 339
32, 275
32, 340
32, 276
32, 212
32, 277
32, 213
32, 278
32, 214
32, 279
32, 215
32, 280
32, 216
32, 152
32, 217
32, 153
32, 218
32, 154
32, 219
32, 155
32, 220
32, 156
32, 92
32, 157
32, 93
32, 158
32, 94
32, 159
32, 95
32, 352
32, 160
32, 96
32, 353
32, 97
32, 33
32, 354
32, 98
32, 34
32, 355
32, 99
32, 35
32, 356
32, 292
32, 100
32, 36
32, 357
32, 293
32, 37
32, 358
32, 294
32, 38
32, 359
32, 295
32, 39
32, 360
32, 296
32, 232
32, 40
32, 297
32, 233
32, 298
32, 234
32, 299
32, 235
32, 300
32, 236
32, 172
32, 237
32, 173
32, 238
32, 174
32, 239
32, 175
32, 240
32, 176
32, 112
32, 177
32, 113
32, 178
32, 114
32, 179
32, 115
32, 372
32, 180
32, 116
32, 52
32, 373
32, 117
32, 53
32, 374
32, 118
32, 54
32, 375
32, 119
32, 55
32, 376
32, 312
32, 120
32, 56
32, 377
32, 313
32, 57
32, 378
32, 314
32, 58
32, 379
32, 315
32, 59
32, 380
32, 316
32, 252
32, 60
32, 317
32, 253
32, 318
32, 254
32, 319
32, 255
289, 320
289, 389
289, 390
289, 391
289, 392
289, 393
289, 329
289, 394
289, 330
289, 395
289, 331
289, 396
289, 332
289, 397
289, 333
289, 398
289, 334
289, 399
289, 335
289, 400
289, 336
289, 337
289, 338
289, 339
289, 340
289, 349
289, 350
289, 351
289, 352
289, 353
289, 354
289, 290
289, 355
289, 291
289, 356
289, 292
289, 357
289, 293
289, 358
289, 294
289, 359
289, 295
289, 360
289, 296
289, 297
289, 298
289, 299
289, 300
289, 369
289, 370
289, 371
289, 372
289, 373
289, 309
289, 374
289, 310
289, 375
289, 311
289, 376
289, 312
289, 377
289, 313
289, 378
289, 314
289, 379
289, 315
289, 380
289, 316
289, 317
289, 318
289, 319
33, 320
33, 256
33, 257
33, 193
33, 258
33, 194
33, 259
33, 195
33, 260
33, 196
33, 197
33, 133
33, 198
33, 134
33, 199
33, 135
33, 200
33, 136
33, 393
33, 137
33, 73
33, 394
33, 138
33, 74
33, 395
33, 139
33, 75
33, 396
33, 140
33, 76
33, 397
33, 333
33, 77
33, 398
33, 334
33, 78
33, 399
33, 335
33, 79
33, 400
33, 336
33, 80
33, 337
33, 273
33, 338
33, 274
33, 339
33, 275
33, 340
33, 276
33, 277
33, 213
33, 278
33, 214
33, 279
33, 215
33, 280
33, 216
33, 217
33, 153
33, 218
33, 154
33, 219
33, 155
33, 220
33, 156
33, 157
33, 93
33, 158
33, 94
33, 159
33, 95
33, 160
33, 96
33, 353
33, 97
33, 354
33, 98
33, 34
33, 355
33, 99
33, 35
33, 356
33, 100
33, 36
33, 357
33, 293
33, 37
33, 358
33, 294
33, 38
33, 359
33, 295
33, 39
33, 360
33, 296
33, 40
33, 297
33, 233
33, 298
33, 234
33, 299
33, 235
33, 300
33, 236
33, 237
33, 173
33, 238
33, 174
33, 239
33, 175
33, 240
33, 176
33, 177
33, 113
33, 178
33, 114
33, 179
33, 115
33, 180
33, 116
33, 373
33, 117
33, 53
33, 374
33, 118
33, 54
33, 375
33, 119
33, 55
33, 376
33, 120
33, 56
33, 377
33, 313
33, 57
33, 378
33, 314
33, 58
33, 379
33, 315
33, 59
33, 380
33, 316
33, 60
33, 317
33, 253
33, 318
33, 254
33, 319
33, 255
161, 320
161, 256
161, 384
161, 192
161, 257
161, 385
161, 193
161, 321
161, 258
161, 386
161, 194
161, 322
161, 259
161, 387
161, 195
161, 323
161, 260
161, 388
161, 196
161, 324
161, 389
161, 197
161, 325
161, 261
161, 390
161, 198
161, 326
161, 262
161, 391
161, 199
161, 327
161, 263
161, 392
161, 200
161, 328
161, 264
161, 393
161, 329
161, 265
161, 201
161, 394
161, 330
161, 266
161, 202
161, 395
161, 331
161, 267
161, 203
161, 396
161, 332
161, 268
161, 204
161, 397
161, 333
161, 269
161, 205
161, 398
161, 334
161, 270
161, 206
161, 399
161, 335
161, 271
161, 207
161, 400
161, 336
161, 272
161, 208
161, 337
161, 273
161, 209
161, 338
161, 274
161, 210
161, 339
161, 275
161, 211
161, 340
161, 276
161, 212
161, 277
161, 213
161, 341
161, 278
161, 214
161, 342
161, 279
161, 215
161, 343
161, 280
161, 216
161, 344
161, 217
161, 345
161, 281
161, 218
161, 346
161, 282
161, 219
161, 347
161, 283
161, 220
161, 348
161, 284
161, 349
161, 285
161, 221
161, 350
161, 286
161, 222
161, 351
161, 287
161, 223
161, 352
161, 288
161, 224
161, 353
161, 289
161, 225
161, 354
161, 290
161, 226
161, 162
161, 355
161, 291
161, 227
161, 163
161, 356
161, 292
161, 228
161, 164
161, 357
161, 293
161, 229
161, 165
161, 358
161, 294
161, 230
161, 166
161, 359
161, 295
161, 231
161, 167
161, 360
161, 296
161, 232
161, 168
161, 297
161, 233
161, 361
161, 169
161, 298
161, 234
161, 362
161, 170
161, 299
161, 235
161, 363
161, 171
161, 300
161, 236
161, 364
161, 172
161, 237
161, 365
161, 173
161, 301
161, 238
161, 366
161, 174
161, 302
161, 239
161, 367
161, 175
161, 303
161, 240
161, 368
161, 176
161, 304
161, 369
161, 177
161, 305
161, 241
161, 370
161, 178
161, 306
161, 242
161, 371
161, 179
161, 307
161, 243
161, 372
161, 180
161, 308
161, 244
161, 373
161, 309
161, 245
161, 181
161, 374
161, 310
161, 246
161, 182
161, 375
161, 311
161, 247
161, 183
161, 376
161, 312
161, 248
161, 184
161, 377
161, 313
161, 249
161, 185
161, 378
161, 314
161, 250
161, 186
161, 379
161, 315
161, 251
161, 187
161, 380
161, 316
161, 252
161, 188
161, 317
161, 253
161, 381
161, 189
161, 318
161, 254
161, 382
161, 190
161, 319
161, 255
161, 383
161, 191
290, 320
290, 390
290, 391
290, 392
290, 393
290, 394
290, 330
290, 395
290, 331
290, 396
290, 332
290, 397
290, 333
290, 398
290, 334
290, 399
290, 335
290, 400
290, 336
290, 337
290, 338
290, 339
290, 340
290, 350
290, 351
290, 352
290, 353
290, 354
290, 355
290, 291
290, 356
290, 292
290, 357
290, 293
290, 358
290, 294
290, 359
290, 295
290, 360
290, 296
290, 297
290, 298
290, 299
290, 300
290, 370
290, 371
290, 372
290, 373
290, 374
290, 310
290, 375
290, 311
290, 376
290, 312
290, 377
290, 313
290, 378
290, 314
290, 379
290, 315
290, 380
290, 316
290, 317
290, 318
290, 319
34, 320
34, 256
34, 257
34, 258
34, 194
34, 259
34, 195
34, 260
34, 196
34, 197
34, 198
34, 134
34, 199
34, 135
34, 200
34, 136
34, 137
34, 394
34, 138
34, 74
34, 395
34, 139
34, 75
34, 396
34, 140
34, 76
34, 397
34, 77
34, 398
34, 334
34, 78
34, 399
34, 335
34, 79
34, 400
34, 336
34, 80
34, 337
34, 338
34, 274
34, 339
34, 275
34, 340
34, 276
34, 277
34, 278
34, 214
34, 279
34, 215
34, 280
34, 216
34, 217
34, 218
34, 154
34, 219
34, 155
34, 220
34, 156
34, 157
34, 158
34, 94
34, 159
34, 95
34, 160
34, 96
34, 97
34, 354
34, 98
34, 355
34, 99
34, 35
34, 356
34, 100
34, 36
34, 357
34, 37
34, 358
34, 294
34, 38
34, 359
34, 295
34, 39
34, 360
34, 296
34, 40
34, 297
34, 298
34, 234
34, 299
34, 235
34, 300
34, 236
34, 237
34, 238
34, 174
34, 239
34, 175
34, 240
34, 176
34, 177
34, 178
34, 114
34, 179
34, 115
34, 180
34, 116
34, 117
34, 374
34, 118
34, 54
34, 375
34, 119
34, 55
34, 376
34, 120
34, 56
34, 377
34, 57
34, 378
34, 314
34, 58
34, 379
34, 315
34, 59
34, 380
34, 316
34, 60
34, 317
34, 318
34, 254
34, 319
34, 255
162, 320
162, 256
162, 384
162, 192
162, 257
162, 385
162, 193
162, 258
162, 386
162, 194
162, 322
162, 259
162, 387
162, 195
162, 323
162, 260
162, 388
162, 196
162, 324
162, 389
162, 197
162, 325
162, 390
162, 198
162, 326
162, 262
162, 391
162, 199
162, 327
162, 263
162, 392
162, 200
162, 328
162, 264
162, 393
162, 329
162, 265
162, 394
162, 330
162, 266
162, 202
162, 395
162, 331
162, 267
162, 203
162, 396
162, 332
162, 268
162, 204
162, 397
162, 333
162, 269
162, 205
162, 398
162, 334
162, 270
162, 206
162, 399
162, 335
162, 271
162, 207
162, 400
162, 336
162, 272
162, 208
162, 337
162, 273
162, 209
162, 338
162, 274
162, 210
162, 339
162, 275
162, 211
162, 340
162, 276
162, 212
162, 277
162, 213
162, 278
162, 214
162, 342
162, 279
162, 215
162, 343
162, 280
162, 216
162, 344
162, 217
162, 345
162, 218
162, 346
162, 282
162, 219
162, 347
162, 283
162, 220
162, 348
162, 284
162, 349
162, 285
162, 350
162, 286
162, 222
162, 351
162, 287
162, 223
162, 352
162, 288
162, 224
162, 353
162, 289
162, 225
162, 354
162, 290
162, 226
162, 355
162, 291
162, 227
162, 163
162, 356
162, 292
162, 228
162, 164
162, 357
162, 293
162, 229
162, 165
162, 358
162, 294
162, 230
162, 166
162, 359
162, 295
162, 231
162, 167
162, 360
162, 296
162, 232
162, 168
162, 297
162, 233
162, 169
162, 298
162, 234
162, 362
162, 170
162, 299
162, 235
162, 363
162, 171
162, 300
162, 236
162, 364
162, 172
162, 237
162, 365
162, 173
162, 238
162, 366
162, 174
162, 302
162, 239
162, 367
162, 175
162, 303
162, 240
162, 368
162, 176
162, 304
162, 369
162, 177
162, 305
162, 370
162, 178
162, 306
162, 242
162, 371
162, 179
162, 307
162, 243
162, 372
162, 180
162, 308
162, 244
162, 373
162, 309
162, 245
162, 374
162, 310
162, 246
162, 182
162, 375
162, 311
162, 247
162, 183
162, 376
162, 312
162, 248
162, 184
162, 377
162, 313
162, 249
162, 185
162, 378
162, 314
162, 250
162, 186
162, 379
162, 315
162, 251
162, 187
162, 380
162, 316
162, 252
162, 188
162, 317
162, 253
162, 189
162, 318
162, 254
162, 382
162, 190
162, 319
162, 255
162, 383
162, 191
291, 320
291, 391
291, 392
291, 393
291, 394
291, 395
291, 331
291, 396
291, 332
291, 397
291, 333
291, 398
291, 334
291, 399
291, 335
291, 400
291, 336
291, 337
291, 338
291, 339
291, 340
291, 351
291, 352
291, 353
291, 354
291, 355
291, 356
291, 292
291, 357
291, 293
291, 358
291, 294
291, 359
291, 295
291, 360
291, 296
291, 297
291, 298
291, 299
291, 300
291, 371
291, 372
291, 373
291, 374
291, 375
291, 311
291, 376
291, 312
291, 377
291, 313
291, 378
291, 314
291, 379
291, 315
291, 380
291, 316
291, 317
291, 318
291, 319
35, 320
35, 256
35, 257
35, 258
35, 259
35, 195
35, 260
35, 196
35, 197
35, 198
35, 199
35, 135
35, 200
35, 136
35, 137
35, 138
35, 395
35, 139
35, 75
35, 396
35, 140
35, 76
35, 397
35, 77
35, 398
35, 78
35, 399
35, 335
35, 79
35, 400
35, 336
35, 80
35, 337
35, 338
35, 339
35, 275
35, 340
35, 276
35, 277
35, 278
35, 279
35, 215
35, 280
35, 216
35, 217
35, 218
35, 219
35, 155
35, 220
35, 156
35, 157
35, 158
35, 159
35, 95
35, 160
35, 96
35, 97
35, 98
35, 355
35, 99
35, 356
35, 100
35, 36
35, 357
35, 37
35, 358
35, 38
35, 359
35, 295
35, 39
35, 360
35, 296
35, 40
35, 297
35, 298
35, 299
35, 235
35, 300
35, 236
35, 237
35, 238
35, 239
35, 175
35, 240
35, 176
35, 177
35, 178
35, 179
35, 115
35, 180
35, 116
35, 117
35, 118
35, 375
35, 119
35, 55
35, 376
35, 120
35, 56
35, 377
35, 57
35, 378
35, 58
35, 379
35, 315
35, 59
35, 380
35, 316
35, 60
35, 317
35, 318
35, 319
35, 255
163, 320
163, 256
163, 384
163, 192
163, 257
163, 385
163, 193
163, 258
163, 386
163, 194
163, 259
163, 387
163, 195
163, 323
163, 260
163, 388
163, 196
163, 324
163, 389
163, 197
163, 325
163, 390
163, 198
163, 326
163, 391
163, 199
163, 327
163, 263
163, 392
163, 200
163, 328
163, 264
163, 393
163, 329
163, 265
163, 394
163, 330
163, 266
163, 395
163, 331
163, 267
163, 203
163, 396
163, 332
163, 268
163, 204
163, 397
163, 333
163, 269
163, 205
163, 398
163, 334
163, 270
163, 206
163, 399
163, 335
163, 271
163, 207
163, 400
163, 336
163, 272
163, 208
163, 337
163, 273
163, 209
163, 338
163, 274
163, 210
163, 339
163, 275
163, 211
163, 340
163, 276
163, 212
163, 277
163, 213
163, 278
163, 214
163, 279
163, 215
163, 343
163, 280
163, 216
163, 344
163, 217
163, 345
163, 218
163, 346
163, 219
163, 347
163, 283
163, 220
163, 348
163, 284
163, 349
163, 285
163, 350
163, 286
163, 351
163, 287
163, 223
163, 352
163, 288
163, 224
163, 353
163, 289
163, 225
163, 354
163, 290
163, 226
163, 355
163, 291
163, 227
163, 356
163, 292
163, 228
163, 164
163, 357
163, 293
163, 229
163, 165
163, 358
163, 294
163, 230
163, 166
163, 359
163, 295
163, 231
163, 167
163, 360
163, 296
163, 232
163, 168
163, 297
163, 233
163, 169
163, 298
163, 234
163, 170
163, 299
163, 235
163, 363
163, 171
163, 300
163, 236
163, 364
163, 172
163, 237
163, 365
163, 173
163, 238
163, 366
163, 174
163, 239
163, 367
163, 175
163, 303
163, 240
163, 368
163, 176
163, 304
163, 369
163, 177
163, 305
163, 370
163, 178
163, 306
163, 371
163, 179
163, 307
163, 243
163, 372
163, 180
163, 308
163, 244
163, 373
163, 309
163, 245
163, 374
163, 310
163, 246
163, 375
163, 311
163, 247
163, 183
163, 376
163, 312
163, 248
163, 184
163, 377
163, 313
163, 249
163, 185
163, 378
163, 314
163, 250
163, 186
163, 379
163, 315
163, 251
163, 187
163, 380
163, 316
163, 252
163, 188
163, 317
163, 253
163, 189
163, 318
163, 254
163, 190
163, 319
163, 255
163, 383
163, 191
292, 320
292, 392
292, 393
292, 394
292, 395
292, 396
292, 332
292, 397
292, 333
292, 398
292, 334
292, 399
292, 335
292, 400
292, 336
292, 337
292, 338
292, 339
292, 340
292, 352
292, 353
292, 354
292, 355
292, 356
292, 357
292, 293
292, 358
292, 294
292, 359
292, 295
292, 360
292, 296
292, 297
292, 298
292, 299
292, 300
292, 372
292, 373
292, 374
292, 375
292, 376
292, 312
292, 377
292, 313
292, 378
292, 314
292, 379
292, 315
292, 380
292, 316
292, 317
292, 318
292, 319
36, 320
36, 256
36, 257
36, 258
36, 259
36, 260
36, 196
36, 197
36, 198
36, 199
36, 200
36, 136
36, 137
36, 138
36, 139
36, 396
36, 140
36, 76
36, 397
36, 77
36, 398
36, 78
36, 399
36, 79
36, 400
36, 336
36, 80
36, 337
36, 338
36, 339
36, 340
36, 276
36, 277
36, 278
36, 279
36, 280
36, 216
36, 217
36, 218
36, 219
36, 220
36, 156
36, 157
36, 158
36, 159
36, 160
36, 96
36, 97
36, 98
36, 99
36, 356
36, 100
36, 357
36, 37
36, 358
36, 38
36, 359
36, 39
36, 360
36, 296
36, 40
36, 297
36, 298
36, 299
36, 300
36, 236
36, 237
36, 238
36, 239
36, 240
36, 176
36, 177
36, 178
36, 179
36, 180
36, 116
36, 117
36, 118
36, 119
36, 376
36, 120
36, 56
36, 377
36, 57
36, 378
36, 58
36, 379
36, 59
36, 380
36, 316
36, 60
36, 317
36, 318
36, 319
164, 320
164, 256
164, 384
164, 192
164, 257
164, 385
164, 193
164, 258
164, 386
164, 194
164, 259
164, 387
164, 195
164, 260
164, 388
164, 196
164, 324
164, 389
164, 197
164, 325
164, 390
164, 198
164, 326
164, 391
164, 199
164, 327
164, 392
164, 200
164, 328
164, 264
164, 393
164, 329
164, 265
164, 394
164, 330
164, 266
164, 395
164, 331
164, 267
164, 396
164, 332
164, 268
164, 204
164, 397
164, 333
164, 269
164, 205
164, 398
164, 334
164, 270
164, 206
164, 399
164, 335
164, 271
164, 207
164, 400
164, 336
164, 272
164, 208
164, 337
164, 273
164, 209
164, 338
164, 274
164, 210
164, 339
164, 275
164, 211
164, 340
164, 276
164, 212
164, 277
164, 213
164, 278
164, 214
164, 279
164, 215
164, 280
164, 216
164, 344
164, 217
164, 345
164, 218
164, 346
164, 219
164, 347
164, 220
164, 348
164, 284
164, 349
164, 285
164, 350
164, 286
164, 351
164, 287
164, 352
164, 288
164, 224
164, 353
164, 289
164, 225
164, 354
164, 290
164, 226
164, 355
164, 291
164, 227
164, 356
164, 292
164, 228
164, 357
164, 293
164, 229
164, 165
164, 358
164, 294
164, 230
164, 166
164, 359
164, 295
164, 231
164, 167
164, 360
164, 296
164, 232
164, 168
164, 297
164, 233
164, 169
164, 298
164, 234
164, 170
164, 299
164, 235
164, 171
164, 300
164, 236
164, 364
164, 172
164, 237
164, 365
164, 173
164, 238
164, 366
164, 174
164, 239
164, 367
164, 175
164, 240
164, 368
164, 176
164, 304
164, 369
164, 177
164, 305
164, 370
164, 178
164, 306
164, 371
164, 179
164, 307
164, 372
164, 180
164, 308
164, 244
164, 373
164, 309
164, 245
164, 374
164, 310
164, 246
164, 375
164, 311
164, 247
164, 376
164, 312
164, 248
164, 184
164, 377
164, 313
164, 249
164, 185
164, 378
164, 314
164, 250
164, 186
164, 379
164, 315
164, 251
164, 187
164, 380
164, 316
164, 252
164, 188
164, 317
164, 253
164, 189
164, 318
164, 254
164, 190
164, 319
164, 255
164, 191
293, 320
293, 393
293, 394
293, 395
293, 396
293, 397
293, 333
293, 398
293, 334
293, 399
293, 335
293, 400
293, 336
293, 337
293, 338
293, 339
293, 340
293, 353
293, 354
293, 355
293, 356
293, 357
293, 358
293, 294
293, 359
293, 295
293, 360
293, 296
293, 297
293, 298
293, 299
293, 300
293, 373
293, 374
293, 375
293, 376
293, 377
293, 313
293, 378
293, 314
293, 379
293, 315
293, 380
293, 316
293, 317
293, 318
293, 319
37, 320
37, 257
37, 258
37, 259
37, 260
37, 197
37, 198
37, 199
37, 200
37, 137
37, 138
37, 139
37, 140
37, 397
37, 77
37, 398
37, 78
37, 399
37, 79
37, 400
37, 80
37, 337
37, 338
37, 339
37, 340
37, 277
37, 278
37, 279
37, 280
37, 217
37, 218
37, 219
37, 220
37, 157
37, 158
37, 159
37, 160
37, 97
37, 98
37, 99
37, 100
37, 357
37, 358
37, 38
37, 359
37, 39
37, 360
37, 40
37, 297
37, 298
37, 299
37, 300
37, 237
37, 238
37, 239
37, 240
37, 177
37, 178
37, 179
37, 180
37, 117
37, 118
37, 119
37, 120
37, 377
37, 57
37, 378
37, 58
37, 379
37, 59
37, 380
37, 60
37, 317
37, 318
37, 319
165, 320
165, 256
165, 192
165, 257
165, 385
165, 193
165, 258
165, 386
165, 194
165, 259
165, 387
165, 195
165, 260
165, 388
165, 196
165, 389
165, 197
165, 325
165, 390
165, 198
165, 326
165, 391
165, 199
165, 327
165, 392
165, 200
165, 328
165, 393
165, 329
165, 265
165, 394
165, 330
165, 266
165, 395
165, 331
165, 267
165, 396
165, 332
165, 268
165, 397
165, 333
165, 269
165, 205
165, 398
165, 334
165, 270
165, 206
165, 399
165, 335
165, 271
165, 207
165, 400
165, 336
165, 272
165, 208
165, 337
165, 273
165, 209
165, 338
165, 274
165, 210
165, 339
165, 275
165, 211
165, 340
165, 276
165, 212
165, 277
165, 213
165, 278
165, 214
165, 279
165, 215
165, 280
165, 216
165, 217
165, 345
165, 218
165, 346
165, 219
165, 347
165, 220
165, 348
165, 349
165, 285
165, 350
165, 286
165, 351
165, 287
165, 352
165, 288
165, 353
165, 289
165, 225
165, 354
165, 290
165, 226
165, 355
165, 291
165, 227
165, 356
165, 292
165, 228
165, 357
165, 293
165, 229
165, 358
165, 294
165, 230
165, 166
165, 359
165, 295
165, 231
165, 167
165, 360
165, 296
165, 232
165, 168
165, 297
165, 233
165, 169
165, 298
165, 234
165, 170
165, 299
165, 235
165, 171
165, 300
165, 236
165, 172
165, 237
165, 365
165, 173
165, 238
165, 366
165, 174
165, 239
165, 367
165, 175
165, 240
165, 368
165, 176
165, 369
165, 177
165, 305
165, 370
165, 178
165, 306
165, 371
165, 179
165, 307
165, 372
165, 180
165, 308
165, 373
165, 309
165, 245
165, 374
165, 310
165, 246
165, 375
165, 311
165, 247
165, 376
165, 312
165, 248
165, 377
165, 313
165, 249
165, 185
165, 378
165, 314
165, 250
165, 186
165, 379
165, 315
165, 251
165, 187
165, 380
165, 316
165, 252
165, 188
165, 317
165, 253
165, 189
165, 318
165, 254
165, 190
165, 319
165, 255
165, 191
294, 320
294, 394
294, 395
294, 396
294, 397
294, 398
294, 334
294, 399
294, 335
294, 400
294, 336
294, 337
294, 338
294, 339
294, 340
294, 354
294, 355
294, 356
294, 357
294, 358
294, 359
294, 295
294, 360
294, 296
294, 297
294, 298
294, 299
294, 300
294, 374
294, 375
294, 376
294, 377
294, 378
294, 314
294, 379
294, 315
294, 380
294, 316
294, 317
294, 318
294, 319
38, 320
38, 258
38, 259
38, 260
38, 198
38, 199
38, 200
38, 138
38, 139
38, 140
38, 398
38, 78
38, 399
38, 79
38, 400
38, 80
38, 338
38, 339
38, 340
38, 278
38, 279
38, 280
38, 218
38, 219
38, 220
38, 158
38, 159
38, 160
38, 98
38, 99
38, 100
38, 358
38, 359
38, 39
38, 360
38, 40
38, 298
38, 299
38, 300
38, 238
38, 239
38, 240
38, 178
38, 179
38, 180
38, 118
38, 119
38, 120
38, 378
38, 58
38, 379
38, 59
38, 380
38, 60
38, 318
38, 319
166, 320
166, 256
166, 192
166, 257
166, 193
166, 258
166, 386
166, 194
166, 259
166, 387
166, 195
166, 260
166, 388
166, 196
166, 389
166, 197
166, 390
166, 198
166, 326
166, 391
166, 199
166, 327
166, 392
166, 200
166, 328
166, 393
166, 329
166, 394
166, 330
166, 266
166, 395
166, 331
166, 267
166, 396
166, 332
166, 268
166, 397
166, 333
166, 269
166, 398
166, 334
166, 270
166, 206
166, 399
166, 335
166, 271
166, 207
166, 400
166, 336
166, 272
166, 208
166, 337
166, 273
166, 209
166, 338
166, 274
166, 210
166, 339
166, 275
166, 211
166, 340
166, 276
166, 212
166, 277
166, 213
166, 278
166, 214
166, 279
166, 215
166, 280
166, 216
166, 217
166, 218
166, 346
166, 219
166, 347
166, 220
166, 348
166, 349
166, 350
166, 286
166, 351
166, 287
166, 352
166, 288
166, 353
166, 289
166, 354
166, 290
166, 226
166, 355
166, 291
166, 227
166, 356
166, 292
166, 228
166, 357
166, 293
166, 229
166, 358
166, 294
166, 230
166, 359
166, 295
166, 231
166, 167
166, 360
166, 296
166, 232
166, 168
166, 297
166, 233
166, 169
166, 298
166, 234
166, 170
166, 299
166, 235
166, 171
166, 300
166, 236
166, 172
166, 237
166, 173
166, 238
166, 366
166, 174
166, 239
166, 367
166, 175
166, 240
166, 368
166, 176
166, 369
166, 177
166, 370
166, 178
166, 306
166, 371
166, 179
166, 307
166, 372
166, 180
166, 308
166, 373
166, 309
166, 374
166, 310
166, 246
166, 375
166, 311
166, 247
166, 376
166, 312
166, 248
166, 377
166, 313
166, 249
166, 378
166, 314
166, 250
166, 186
166, 379
166, 315
166, 251
166, 187
166, 380
166, 316
166, 252
166, 188
166, 317
166, 253
166, 189
166, 318
166, 254
166, 190
166, 319
166, 255
166, 191
295, 320
295, 395
295, 396
295, 397
295, 398
295, 399
295, 335
295, 400
295, 336
295, 337
295, 338
295, 339
295, 340
295, 355
295, 356
295, 357
295, 358
295, 359
295, 360
295, 296
295, 297
295, 298
295, 299
295, 300
295, 375
295, 376
295, 377
295, 378
295, 379
295, 315
295, 380
295, 316
295, 317
295, 318
295, 319
39, 320
39, 259
39, 260
39, 199
39, 200
39, 139
39, 140
39, 399
39, 79
39, 400
39, 80
39, 339
39, 340
39, 279
39, 280
39, 219
39, 220
39, 159
39, 160
39, 99
39, 100
39, 359
39, 360
39, 40
39, 299
39, 300
39, 239
39, 240
39, 179
39, 180
39, 119
39, 120
39, 379
39, 59
39, 380
39, 60
39, 319
167, 320
167, 256
167, 192
167, 257
167, 193
167, 258
167, 194
167, 259
167, 387
167, 195
167, 260
167, 388
167, 196
167, 389
167, 197
167, 390
167, 198
167, 391
167, 199
167, 327
167, 392
167, 200
167, 328
167, 393
167, 329
167, 394
167, 330
167, 395
167, 331
167, 267
167, 396
167, 332
167, 268
167, 397
167, 333
167, 269
167, 398
167, 334
167, 270
167, 399
167, 335
167, 271
167, 207
167, 400
167, 336
167, 272
167, 208
167, 337
167, 273
167, 209
167, 338
167, 274
167, 210
167, 339
167, 275
167, 211
167, 340
167, 276
167, 212
167, 277
167, 213
167, 278
167, 214
167, 279
167, 215
167, 280
167, 216
167, 217
167, 218
167, 219
167, 347
167, 220
167, 348
167, 349
167, 350
167, 351
167, 287
167, 352
167, 288
167, 353
167, 289
167, 354
167, 290
167, 355
167, 291
167, 227
167, 356
167, 292
167, 228
167, 357
167, 293
167, 229
167, 358
167, 294
167, 230
167, 359
167, 295
167, 231
167, 360
167, 296
167, 232
167, 168
167, 297
167, 233
167, 169
167, 298
167, 234
167, 170
167, 299
167, 235
167, 171
167, 300
167, 236
167, 172
167, 237
167, 173
167, 238
167, 174
167, 239
167, 367
167, 175
167, 240
167, 368
167, 176
167, 369
167, 177
167, 370
167, 178
167, 371
167, 179
167, 307
167, 372
167, 180
167, 308
167, 373
167, 309
167, 374
167, 310
167, 375
167, 311
167, 247
167, 376
167, 312
167, 248
167, 377
167, 313
167, 249
167, 378
167, 314
167, 250
167, 379
167, 315
167, 251
167, 187
167, 380
167, 316
167, 252
167, 188
167, 317
167, 253
167, 189
167, 318
167, 254
167, 190
167, 319
167, 255
167, 191
40, 320
40, 260
40, 200
40, 140
40, 400
40, 80
40, 340
40, 280
40, 220
40, 160
40, 100
40, 360
40, 300
40, 240
40, 180
40, 120
40, 380
40, 60
296, 320
296, 396
296, 397
296, 398
296, 399
296, 400
296, 336
296, 337
296, 338
296, 339
296, 340
296, 356
296, 357
296, 358
296, 359
296, 360
296, 297
296, 298
296, 299
296, 300
296, 376
296, 377
296, 378
296, 379
296, 380
296, 316
296, 317
296, 318
296, 319
168, 320
168, 256
168, 192
168, 257
168, 193
168, 258
168, 194
168, 259
168, 195
168, 260
168, 388
168, 196
168, 389
168, 197
168, 390
168, 198
168, 391
168, 199
168, 392
168, 200
168, 328
168, 393
168, 329
168, 394
168, 330
168, 395
168, 331
168, 396
168, 332
168, 268
168, 397
168, 333
168, 269
168, 398
168, 334
168, 270
168, 399
168, 335
168, 271
168, 400
168, 336
168, 272
168, 208
168, 337
168, 273
168, 209
168, 338
168, 274
168, 210
168, 339
168, 275
168, 211
168, 340
168, 276
168, 212
168, 277
168, 213
168, 278
168, 214
168, 279
168, 215
168, 280
168, 216
168, 217
168, 218
168, 219
168, 220
168, 348
168, 349
168, 350
168, 351
168, 352
168, 288
168, 353
168, 289
168, 354
168, 290
168, 355
168, 291
168, 356
168, 292
168, 228
168, 357
168, 293
168, 229
168, 358
168, 294
168, 230
168, 359
168, 295
168, 231
168, 360
168, 296
168, 232
168, 297
168, 233
168, 169
168, 298
168, 234
168, 170
168, 299
168, 235
168, 171
168, 300
168, 236
168, 172
168, 237
168, 173
168, 238
168, 174
168, 239
168, 175
168, 240
168, 368
168, 176
168, 369
168, 177
168, 370
168, 178
168, 371
168, 179
168, 372
168, 180
168, 308
168, 373
168, 309
168, 374
168, 310
168, 375
168, 311
168, 376
168, 312
168, 248
168, 377
168, 313
168, 249
168, 378
168, 314
168, 250
168, 379
168, 315
168, 251
168, 380
168, 316
168, 252
168, 188
168, 317
168, 253
168, 189
168, 318
168, 254
168, 190
168, 319
168, 255
168, 191
297, 320
297, 397
297, 398
297, 399
297, 400
297, 337
297, 338
297, 339
297, 340
297, 357
297, 358
297, 359
297, 360
297, 298
297, 299
297, 300
297, 377
297, 378
297, 379
297, 380
297, 317
297, 318
297, 319
41, 256
41, 384
41, 128
41, 257
41, 385
41, 129
41, 258
41, 386
41, 130
41, 259
41, 387
41, 131
41, 260
41, 388
41, 132
41, 389
41, 261
41, 133
41, 390
41, 262
41, 134
41, 391
41, 263
41, 135
41, 392
41, 264
41, 136
41, 393
41, 265
41, 137
41, 394
41, 138
41, 266
41, 395
41, 139
41, 267
41, 396
41, 140
41, 268
41, 397
41, 141
41, 269
41, 398
41, 142
41, 270
41, 399
41, 271
41, 143
41, 400
41, 272
41, 144
41, 273
41, 145
41, 274
41, 146
41, 275
41, 147
41, 276
41, 148
41, 277
41, 149
41, 278
41, 150
41, 279
41, 151
41, 280
41, 152
41, 281
41, 153
41, 282
41, 154
41, 283
41, 155
41, 284
41, 156
41, 157
41, 285
41, 158
41, 286
41, 159
41, 287
41, 160
41, 288
41, 161
41, 289
41, 290
41, 162
41, 291
41, 163
41, 292
41, 164
41, 293
41, 165
41, 294
41, 166
41, 295
41, 167
41, 296
41, 168
41, 297
41, 169
41, 298
41, 42
41, 170
41, 299
41, 43
41, 171
41, 300
41, 44
41, 172
41, 45
41, 301
41, 173
41, 46
41, 302
41, 174
41, 47
41, 303
41, 175
41, 176
41, 48
41, 304
41, 177
41, 49
41, 305
41, 178
41, 50
41, 306
41, 179
41, 51
41, 307
41, 180
41, 52
41, 308
41, 309
41, 181
41, 53
41, 310
41, 182
41, 54
41, 311
41, 183
41, 55
41, 312
41, 184
41, 56
41, 313
41, 185
41, 57
41, 314
41, 186
41, 58
41, 315
41, 187
41, 59
41, 316
41, 188
41, 60
41, 317
41, 61
41, 189
41, 318
41, 62
41, 190
41, 319
41, 63
41, 191
41, 320
41, 64
41, 192
41, 65
41, 321
41, 193
41, 66
41, 322
41, 194
41, 195
41, 67
41, 323
41, 196
41, 68
41, 324
41, 197
41, 69
41, 325
41, 198
41, 70
41, 326
41, 199
41, 71
41, 327
41, 200
41, 328
41, 72
41, 329
41, 201
41, 73
41, 330
41, 202
41, 74
41, 331
41, 203
41, 75
41, 332
41, 204
41, 76
41, 333
41, 205
41, 77
41, 334
41, 206
41, 78
41, 335
41, 207
41, 79
41, 336
41, 208
41, 80
41, 337
41, 81
41, 209
41, 338
41, 82
41, 210
41, 339
41, 83
41, 211
41, 340
41, 84
41, 212
41, 85
41, 341
41, 213
41, 214
41, 86
41, 342
41, 215
41, 87
41, 343
41, 216
41, 88
41, 344
41, 217
41, 89
41, 345
41, 218
41, 90
41, 346
41, 219
41, 347
41, 91
41, 220
41, 348
41, 92
41, 349
41, 221
41, 93
41, 350
41, 222
41, 94
41, 351
41, 223
41, 95
41, 352
41, 224
41, 96
41, 353
41, 225
41, 97
41, 354
41, 226
41, 98
41, 355
41, 227
41, 99
41, 356
41, 100
41, 228
41, 357
41, 101
41, 229
41, 358
41, 102
41, 230
41, 359
41, 103
41, 231
41, 360
41, 104
41, 232
41, 233
41, 105
41, 361
41, 234
41, 106
41, 362
41, 235
41, 107
41, 363
41, 236
41, 108
41, 364
41, 237
41, 109
41, 365
41, 238
41, 366
41, 110
41, 239
41, 367
41, 111
41, 240
41, 368
41, 112
41, 369
41, 241
41, 113
41, 370
41, 242
41, 114
41, 371
41, 243
41, 115
41, 372
41, 244
41, 116
41, 373
41, 245
41, 117
41, 374
41, 246
41, 118
41, 375
41, 119
41, 247
41, 376
41, 120
41, 248
41, 377
41, 121
41, 249
41, 378
41, 122
41, 250
41, 379
41, 123
41, 251
41, 380
41, 252
41, 124
41, 253
41, 125
41, 381
41, 254
41, 126
41, 382
41, 255
41, 127
41, 383
169, 320
169, 256
169, 192
169, 257
169, 193
169, 258
169, 194
169, 259
169, 195
169, 260
169, 196
169, 389
169, 197
169, 390
169, 198
169, 391
169, 199
169, 392
169, 200
169, 393
169, 329
169, 394
169, 330
169, 395
169, 331
169, 396
169, 332
169, 397
169, 333
169, 269
169, 398
169, 334
169, 270
169, 399
169, 335
169, 271
169, 400
169, 336
169, 272
169, 337
169, 273
169, 209
169, 338
169, 274
169, 210
169, 339
169, 275
169, 211
169, 340
169, 276
169, 212
169, 277
169, 213
169, 278
169, 214
169, 279
169, 215
169, 280
169, 216
169, 217
169, 218
169, 219
169, 220
169, 349
169, 350
169, 351
169, 352
169, 353
169, 289
169, 354
169, 290
169, 355
169, 291
169, 356
169, 292
169, 357
169, 293
169, 229
169, 358
169, 294
169, 230
169, 359
169, 295
169, 231
169, 360
169, 296
169, 232
169, 297
169, 233
169, 298
169, 234
169, 170
169, 299
169, 235
169, 171
169, 300
169, 236
169, 172
169, 237
169, 173
169, 238
169, 174
169, 239
169, 175
169, 240
169, 176
169, 369
169, 177
169, 370
169, 178
169, 371
169, 179
169, 372
169, 180
169, 373
169, 309
169, 374
169, 310
169, 375
169, 311
169, 376
169, 312
169, 377
169, 313
169, 249
169, 378
169, 314
169, 250
169, 379
169, 315
169, 251
169, 380
169, 316
169, 252
169, 317
169, 253
169, 189
169, 318
169, 254
169, 190
169, 319
169, 255
169, 191
298, 320
298, 398
298, 399
298, 400
298, 338
298, 339
298, 340
298, 358
298, 359
298, 360
298, 299
298, 300
298, 378
298, 379
298, 380
298, 318
298, 319
42, 256
42, 128
42, 384
42, 257
42, 385
42, 129
42, 258
42, 386
42, 130
42, 259
42, 387
42, 131
42, 260
42, 388
42, 132
42, 389
42, 133
42, 390
42, 262
42, 134
42, 391
42, 263
42, 135
42, 392
42, 264
42, 136
42, 393
42, 265
42, 137
42, 394
42, 266
42, 138
42, 395
42, 139
42, 267
42, 396
42, 140
42, 268
42, 397
42, 269
42, 398
42, 142
42, 270
42, 399
42, 143
42, 271
42, 400
42, 272
42, 144
42, 273
42, 145
42, 274
42, 146
42, 275
42, 147
42, 276
42, 148
42, 277
42, 149
42, 278
42, 150
42, 279
42, 151
42, 280
42, 152
42, 153
42, 282
42, 154
42, 283
42, 155
42, 284
42, 156
42, 285
42, 157
42, 158
42, 286
42, 159
42, 287
42, 160
42, 288
42, 289
42, 162
42, 290
42, 291
42, 163
42, 292
42, 164
42, 293
42, 165
42, 294
42, 166
42, 295
42, 167
42, 296
42, 168
42, 297
42, 169
42, 298
42, 170
42, 299
42, 43
42, 171
42, 300
42, 44
42, 172
42, 45
42, 173
42, 46
42, 302
42, 174
42, 47
42, 303
42, 175
42, 48
42, 304
42, 176
42, 177
42, 49
42, 305
42, 178
42, 50
42, 306
42, 179
42, 51
42, 307
42, 180
42, 52
42, 308
42, 53
42, 309
42, 310
42, 182
42, 54
42, 311
42, 183
42, 55
42, 312
42, 184
42, 56
42, 313
42, 185
42, 57
42, 314
42, 186
42, 58
42, 315
42, 187
42, 59
42, 316
42, 188
42, 60
42, 317
42, 189
42, 318
42, 62
42, 190
42, 319
42, 63
42, 191
42, 320
42, 64
42, 192
42, 65
42, 193
42, 66
42, 322
42, 194
42, 67
42, 323
42, 195
42, 196
42, 68
42, 324
42, 197
42, 69
42, 325
42, 198
42, 70
42, 326
42, 199
42, 71
42, 327
42, 200
42, 72
42, 328
42, 329
42, 73
42, 330
42, 202
42, 74
42, 331
42, 203
42, 75
42, 332
42, 204
42, 76
42, 333
42, 205
42, 77
42, 334
42, 206
42, 78
42, 335
42, 207
42, 79
42, 336
42, 208
42, 80
42, 337
42, 209
42, 338
42, 82
42, 210
42, 339
42, 83
42, 211
42, 340
42, 84
42, 212
42, 85
42, 213
42, 86
42, 342
42, 214
42, 215
42, 87
42, 343
42, 216
42, 88
42, 344
42, 217
42, 89
42, 345
42, 218
42, 90
42, 346
42, 219
42, 91
42, 347
42, 220
42, 348
42, 92
42, 349
42, 93
42, 350
42, 222
42, 94
42, 351
42, 223
42, 95
42, 352
42, 224
42, 96
42, 353
42, 225
42, 97
42, 354
42, 226
42, 98
42, 355
42, 227
42, 99
42, 356
42, 228
42, 100
42, 357
42, 229
42, 358
42, 102
42, 230
42, 359
42, 103
42, 231
42, 360
42, 104
42, 232
42, 105
42, 233
42, 234
42, 106
42, 362
42, 235
42, 107
42, 363
42, 236
42, 108
42, 364
42, 237
42, 109
42, 365
42, 238
42, 110
42, 366
42, 239
42, 367
42, 111
42, 240
42, 368
42, 112
42, 369
42, 113
42, 370
42, 242
42, 114
42, 371
42, 243
42, 115
42, 372
42, 244
42, 116
42, 373
42, 245
42, 117
42, 374
42, 246
42, 118
42, 375
42, 247
42, 119
42, 376
42, 120
42, 248
42, 377
42, 249
42, 378
42, 122
42, 250
42, 379
42, 123
42, 251
42, 380
42, 124
42, 252
42, 253
42, 125
42, 254
42, 126
42, 382
42, 255
42, 127
42, 383
170, 320
170, 256
170, 192
170, 257
170, 193
170, 258
170, 194
170, 259
170, 195
170, 260
170, 196
170, 197
170, 390
170, 198
170, 391
170, 199
170, 392
170, 200
170, 393
170, 394
170, 330
170, 395
170, 331
170, 396
170, 332
170, 397
170, 333
170, 398
170, 334
170, 270
170, 399
170, 335
170, 271
170, 400
170, 336
170, 272
170, 337
170, 273
170, 338
170, 274
170, 210
170, 339
170, 275
170, 211
170, 340
170, 276
170, 212
170, 277
170, 213
170, 278
170, 214
170, 279
170, 215
170, 280
170, 216
170, 217
170, 218
170, 219
170, 220
170, 350
170, 351
170, 352
170, 353
170, 354
170, 290
170, 355
170, 291
170, 356
170, 292
170, 357
170, 293
170, 358
170, 294
170, 230
170, 359
170, 295
170, 231
170, 360
170, 296
170, 232
170, 297
170, 233
170, 298
170, 234
170, 299
170, 235
170, 171
170, 300
170, 236
170, 172
170, 237
170, 173
170, 238
170, 174
170, 239
170, 175
170, 240
170, 176
170, 177
170, 370
170, 178
170, 371
170, 179
170, 372
170, 180
170, 373
170, 374
170, 310
170, 375
170, 311
170, 376
170, 312
170, 377
170, 313
170, 378
170, 314
170, 250
170, 379
170, 315
170, 251
170, 380
170, 316
170, 252
170, 317
170, 253
170, 318
170, 254
170, 190
170, 319
170, 255
170, 191
299, 320
299, 399
299, 400
299, 339
299, 340
299, 359
299, 360
299, 300
299, 379
299, 380
299, 319
43, 256
43, 128
43, 384
43, 257
43, 129
43, 385
43, 258
43, 386
43, 130
43, 259
43, 387
43, 131
43, 260
43, 388
43, 132
43, 389
43, 133
43, 390
43, 134
43, 391
43, 263
43, 135
43, 392
43, 264
43, 136
43, 393
43, 265
43, 137
43, 394
43, 266
43, 138
43, 395
43, 267
43, 139
43, 396
43, 140
43, 268
43, 397
43, 269
43, 398
43, 270
43, 399
43, 143
43, 271
43, 400
43, 144
43, 272
43, 273
43, 145
43, 274
43, 146
43, 275
43, 147
43, 276
43, 148
43, 277
43, 149
43, 278
43, 150
43, 279
43, 151
43, 280
43, 152
43, 153
43, 154
43, 283
43, 155
43, 284
43, 156
43, 285
43, 157
43, 286
43, 158
43, 159
43, 287
43, 160
43, 288
43, 289
43, 290
43, 163
43, 291
43, 292
43, 164
43, 293
43, 165
43, 294
43, 166
43, 295
43, 167
43, 296
43, 168
43, 297
43, 169
43, 298
43, 170
43, 299
43, 171
43, 300
43, 44
43, 172
43, 45
43, 173
43, 46
43, 174
43, 47
43, 303
43, 175
43, 48
43, 304
43, 176
43, 49
43, 305
43, 177
43, 178
43, 50
43, 306
43, 179
43, 51
43, 307
43, 180
43, 52
43, 308
43, 53
43, 309
43, 54
43, 310
43, 311
43, 183
43, 55
43, 312
43, 184
43, 56
43, 313
43, 185
43, 57
43, 314
43, 186
43, 58
43, 315
43, 187
43, 59
43, 316
43, 188
43, 60
43, 317
43, 189
43, 318
43, 190
43, 319
43, 63
43, 191
43, 320
43, 64
43, 192
43, 65
43, 193
43, 66
43, 194
43, 67
43, 323
43, 195
43, 68
43, 324
43, 196
43, 197
43, 69
43, 325
43, 198
43, 70
43, 326
43, 199
43, 71
43, 327
43, 200
43, 72
43, 328
43, 73
43, 329
43, 330
43, 74
43, 331
43, 203
43, 75
43, 332
43, 204
43, 76
43, 333
43, 205
43, 77
43, 334
43, 206
43, 78
43, 335
43, 207
43, 79
43, 336
43, 208
43, 80
43, 337
43, 209
43, 338
43, 210
43, 339
43, 83
43, 211
43, 340
43, 84
43, 212
43, 85
43, 213
43, 86
43, 214
43, 87
43, 343
43, 215
43, 216
43, 88
43, 344
43, 217
43, 89
43, 345
43, 218
43, 90
43, 346
43, 219
43, 91
43, 347
43, 220
43, 92
43, 348
43, 349
43, 93
43, 350
43, 94
43, 351
43, 223
43, 95
43, 352
43, 224
43, 96
43, 353
43, 225
43, 97
43, 354
43, 226
43, 98
43, 355
43, 227
43, 99
43, 356
43, 228
43, 100
43, 357
43, 229
43, 358
43, 230
43, 359
43, 103
43, 231
43, 360
43, 104
43, 232
43, 105
43, 233
43, 106
43, 234
43, 235
43, 107
43, 363
43, 236
43, 108
43, 364
43, 237
43, 109
43, 365
43, 238
43, 110
43, 366
43, 239
43, 111
43, 367
43, 240
43, 368
43, 112
43, 369
43, 113
43, 370
43, 114
43, 371
43, 243
43, 115
43, 372
43, 244
43, 116
43, 373
43, 245
43, 117
43, 374
43, 246
43, 118
43, 375
43, 247
43, 119
43, 376
43, 248
43, 120
43, 377
43, 249
43, 378
43, 250
43, 379
43, 123
43, 251
43, 380
43, 124
43, 252
43, 125
43, 253
43, 254
43, 126
43, 255
43, 127
43, 383
171, 320
171, 256
171, 192
171, 257
171, 193
171, 258
171, 194
171, 259
171, 195
171, 260
171, 196
171, 197
171, 198
171, 391
171, 199
171, 392
171, 200
171, 393
171, 394
171, 395
171, 331
171, 396
171, 332
171, 397
171, 333
171, 398
171, 334
171, 399
171, 335
171, 271
171, 400
171, 336
171, 272
171, 337
171, 273
171, 338
171, 274
171, 339
171, 275
171, 211
171, 340
171, 276
171, 212
171, 277
171, 213
171, 278
171, 214
171, 279
171, 215
171, 280
171, 216
171, 217
171, 218
171, 219
171, 220
171, 351
171, 352
171, 353
171, 354
171, 355
171, 291
171, 356
171, 292
171, 357
171, 293
171, 358
171, 294
171, 359
171, 295
171, 231
171, 360
171, 296
171, 232
171, 297
171, 233
171, 298
171, 234
171, 299
171, 235
171, 300
171, 236
171, 172
171, 237
171, 173
171, 238
171, 174
171, 239
171, 175
171, 240
171, 176
171, 177
171, 178
171, 371
171, 179
171, 372
171, 180
171, 373
171, 374
171, 375
171, 311
171, 376
171, 312
171, 377
171, 313
171, 378
171, 314
171, 379
171, 315
171, 251
171, 380
171, 316
171, 252
171, 317
171, 253
171, 318
171, 254
171, 319
171, 255
171, 191
300, 400
300, 380
300, 360
300, 340
300, 320
44, 256
44, 128
44, 384
44, 257
44, 129
44, 385
44, 258
44, 130
44, 386
44, 259
44, 387
44, 131
44, 260
44, 388
44, 132
44, 389
44, 133
44, 390
44, 134
44, 391
44, 135
44, 392
44, 264
44, 136
44, 393
44, 265
44, 137
44, 394
44, 266
44, 138
44, 395
44, 267
44, 139
44, 396
44, 268
44, 140
44, 397
44, 269
44, 398
44, 270
44, 399
44, 271
44, 400
44, 144
44, 272
44, 145
44, 273
44, 274
44, 146
44, 275
44, 147
44, 276
44, 148
44, 277
44, 149
44, 278
44, 150
44, 279
44, 151
44, 280
44, 152
44, 153
44, 154
44, 155
44, 284
44, 156
44, 285
44, 157
44, 286
44, 158
44, 287
44, 159
44, 160
44, 288
44, 289
44, 290
44, 291
44, 164
44, 292
44, 293
44, 165
44, 294
44, 166
44, 295
44, 167
44, 296
44, 168
44, 297
44, 169
44, 298
44, 170
44, 299
44, 171
44, 300
44, 172
44, 45
44, 173
44, 46
44, 174
44, 47
44, 175
44, 48
44, 304
44, 176
44, 49
44, 305
44, 177
44, 50
44, 306
44, 178
44, 179
44, 51
44, 307
44, 180
44, 52
44, 308
44, 53
44, 309
44, 54
44, 310
44, 55
44, 311
44, 312
44, 184
44, 56
44, 313
44, 185
44, 57
44, 314
44, 186
44, 58
44, 315
44, 187
44, 59
44, 316
44, 188
44, 60
44, 317
44, 189
44, 318
44, 190
44, 319
44, 191
44, 320
44, 64
44, 192
44, 65
44, 193
44, 66
44, 194
44, 67
44, 195
44, 68
44, 324
44, 196
44, 69
44, 325
44, 197
44, 198
44, 70
44, 326
44, 199
44, 71
44, 327
44, 200
44, 72
44, 328
44, 73
44, 329
44, 74
44, 330
44, 331
44, 75
44, 332
44, 204
44, 76
44, 333
44, 205
44, 77
44, 334
44, 206
44, 78
44, 335
44, 207
44, 79
44, 336
44, 208
44, 80
44, 337
44, 209
44, 338
44, 210
44, 339
44, 211
44, 340
44, 84
44, 212
44, 85
44, 213
44, 86
44, 214
44, 87
44, 215
44, 88
44, 344
44, 216
44, 217
44, 89
44, 345
44, 218
44, 90
44, 346
44, 219
44, 91
44, 347
44, 220
44, 92
44, 348
44, 93
44, 349
44, 350
44, 94
44, 351
44, 95
44, 352
44, 224
44, 96
44, 353
44, 225
44, 97
44, 354
44, 226
44, 98
44, 355
44, 227
44, 99
44, 356
44, 228
44, 100
44, 357
44, 229
44, 358
44, 230
44, 359
44, 231
44, 360
44, 104
44, 232
44, 105
44, 233
44, 106
44, 234
44, 107
44, 235
44, 236
44, 108
44, 364
44, 237
44, 109
44, 365
44, 238
44, 110
44, 366
44, 239
44, 111
44, 367
44, 240
44, 112
44, 368
44, 369
44, 113
44, 370
44, 114
44, 371
44, 115
44, 372
44, 244
44, 116
44, 373
44, 245
44, 117
44, 374
44, 246
44, 118
44, 375
44, 247
44, 119
44, 376
44, 248
44, 120
44, 377
44, 249
44, 378
44, 250
44, 379
44, 251
44, 380
44, 124
44, 252
44, 125
44, 253
44, 126
44, 254
44, 255
44, 127
172, 320
172, 256
172, 192
172, 257
172, 193
172, 258
172, 194
172, 259
172, 195
172, 260
172, 196
172, 197
172, 198
172, 199
172, 392
172, 200
172, 393
172, 394
172, 395
172, 396
172, 332
172, 397
172, 333
172, 398
172, 334
172, 399
172, 335
172, 400
172, 336
172, 272
172, 337
172, 273
172, 338
172, 274
172, 339
172, 275
172, 340
172, 276
172, 212
172, 277
172, 213
172, 278
172, 214
172, 279
172, 215
172, 280
172, 216
172, 217
172, 218
172, 219
172, 220
172, 352
172, 353
172, 354
172, 355
172, 356
172, 292
172, 357
172, 293
172, 358
172, 294
172, 359
172, 295
172, 360
172, 296
172, 232
172, 297
172, 233
172, 298
172, 234
172, 299
172, 235
172, 300
172, 236
172, 237
172, 173
172, 238
172, 174
172, 239
172, 175
172, 240
172, 176
172, 177
172, 178
172, 179
172, 372
172, 180
172, 373
172, 374
172, 375
172, 376
172, 312
172, 377
172, 313
172, 378
172, 314
172, 379
172, 315
172, 380
172, 316
172, 252
172, 317
172, 253
172, 318
172, 254
172, 319
172, 255
301, 320
301, 384
301, 385
301, 321
301, 386
301, 322
301, 387
301, 323
301, 388
301, 324
301, 389
301, 325
301, 390
301, 326
301, 391
301, 327
301, 392
301, 328
301, 393
301, 329
301, 394
301, 330
301, 395
301, 331
301, 396
301, 332
301, 397
301, 333
301, 398
301, 334
301, 399
301, 335
301, 400
301, 336
301, 337
301, 338
301, 339
301, 340
301, 341
301, 342
301, 343
301, 344
301, 345
301, 346
301, 347
301, 348
301, 349
301, 350
301, 351
301, 352
301, 353
301, 354
301, 355
301, 356
301, 357
301, 358
301, 359
301, 360
301, 361
301, 362
301, 363
301, 364
301, 365
301, 366
301, 302
301, 367
301, 303
301, 368
301, 304
301, 369
301, 305
301, 370
301, 306
301, 371
301, 307
301, 372
301, 308
301, 373
301, 309
301, 374
301, 310
301, 375
301, 311
301, 376
301, 312
301, 377
301, 313
301, 378
301, 314
301, 379
301, 315
301, 380
301, 316
301, 317
301, 381
301, 318
301, 382
301, 319
301, 383
45, 256
45, 128
45, 257
45, 129
45, 385
45, 258
45, 130
45, 386
45, 259
45, 131
45, 387
45, 260
45, 388
45, 132
45, 389
45, 133
45, 390
45, 134
45, 391
45, 135
45, 392
45, 136
45, 393
45, 265
45, 137
45, 394
45, 266
45, 138
45, 395
45, 267
45, 139
45, 396
45, 268
45, 140
45, 397
45, 269
45, 398
45, 270
45, 399
45, 271
45, 400
45, 272
45, 145
45, 273
45, 146
45, 274
45, 275
45, 147
45, 276
45, 148
45, 277
45, 149
45, 278
45, 150
45, 279
45, 151
45, 280
45, 152
45, 153
45, 154
45, 155
45, 156
45, 285
45, 157
45, 286
45, 158
45, 287
45, 159
45, 288
45, 160
45, 289
45, 290
45, 291
45, 292
45, 165
45, 293
45, 294
45, 166
45, 295
45, 167
45, 296
45, 168
45, 297
45, 169
45, 298
45, 170
45, 299
45, 171
45, 300
45, 172
45, 173
45, 46
45, 174
45, 47
45, 175
45, 48
45, 176
45, 49
45, 305
45, 177
45, 50
45, 306
45, 178
45, 51
45, 307
45, 179
45, 180
45, 52
45, 308
45, 53
45, 309
45, 54
45, 310
45, 55
45, 311
45, 56
45, 312
45, 313
45, 185
45, 57
45, 314
45, 186
45, 58
45, 315
45, 187
45, 59
45, 316
45, 188
45, 60
45, 317
45, 189
45, 318
45, 190
45, 319
45, 191
45, 320
45, 192
45, 65
45, 193
45, 66
45, 194
45, 67
45, 195
45, 68
45, 196
45, 69
45, 325
45, 197
45, 70
45, 326
45, 198
45, 199
45, 71
45, 327
45, 200
45, 72
45, 328
45, 73
45, 329
45, 74
45, 330
45, 75
45, 331
45, 332
45, 76
45, 333
45, 205
45, 77
45, 334
45, 206
45, 78
45, 335
45, 207
45, 79
45, 336
45, 208
45, 80
45, 337
45, 209
45, 338
45, 210
45, 339
45, 211
45, 340
45, 212
45, 85
45, 213
45, 86
45, 214
45, 87
45, 215
45, 88
45, 216
45, 89
45, 345
45, 217
45, 218
45, 90
45, 346
45, 219
45, 91
45, 347
45, 220
45, 92
45, 348
45, 93
45, 349
45, 94
45, 350
45, 351
45, 95
45, 352
45, 96
45, 353
45, 225
45, 97
45, 354
45, 226
45, 98
45, 355
45, 227
45, 99
45, 356
45, 228
45, 100
45, 357
45, 229
45, 358
45, 230
45, 359
45, 231
45, 360
45, 232
45, 105
45, 233
45, 106
45, 234
45, 107
45, 235
45, 108
45, 236
45, 237
45, 109
45, 365
45, 238
45, 110
45, 366
45, 239
45, 111
45, 367
45, 240
45, 112
45, 368
45, 113
45, 369
45, 370
45, 114
45, 371
45, 115
45, 372
45, 116
45, 373
45, 245
45, 117
45, 374
45, 246
45, 118
45, 375
45, 247
45, 119
45, 376
45, 248
45, 120
45, 377
45, 249
45, 378
45, 250
45, 379
45, 251
45, 380
45, 252
45, 125
45, 253
45, 126
45, 254
45, 127
45, 255
173, 320
173, 256
173, 257
173, 193
173, 258
173, 194
173, 259
173, 195
173, 260
173, 196
173, 197
173, 198
173, 199
173, 200
173, 393
173, 394
173, 395
173, 396
173, 397
173, 333
173, 398
173, 334
173, 399
173, 335
173, 400
173, 336
173, 337
173, 273
173, 338
173, 274
173, 339
173, 275
173, 340
173, 276
173, 277
173, 213
173, 278
173, 214
173, 279
173, 215
173, 280
173, 216
173, 217
173, 218
173, 219
173, 220
173, 353
173, 354
173, 355
173, 356
173, 357
173, 293
173, 358
173, 294
173, 359
173, 295
173, 360
173, 296
173, 297
173, 233
173, 298
173, 234
173, 299
173, 235
173, 300
173, 236
173, 237
173, 238
173, 174
173, 239
173, 175
173, 240
173, 176
173, 177
173, 178
173, 179
173, 180
173, 373
173, 374
173, 375
173, 376
173, 377
173, 313
173, 378
173, 314
173, 379
173, 315
173, 380
173, 316
173, 317
173, 253
173, 318
173, 254
173, 319
173, 255
302, 320
302, 384
302, 385
302, 386
302, 322
302, 387
302, 323
302, 388
302, 324
302, 389
302, 325
302, 390
302, 326
302, 391
302, 327
302, 392
302, 328
302, 393
302, 329
302, 394
302, 330
302, 395
302, 331
302, 396
302, 332
302, 397
302, 333
302, 398
302, 334
302, 399
302, 335
302, 400
302, 336
302, 337
302, 338
302, 339
302, 340
302, 342
302, 343
302, 344
302, 345
302, 346
302, 347
302, 348
302, 349
302, 350
302, 351
302, 352
302, 353
302, 354
302, 355
302, 356
302, 357
302, 358
302, 359
302, 360
302, 362
302, 363
302, 364
302, 365
302, 366
302, 367
302, 303
302, 368
302, 304
302, 369
302, 305
302, 370
302, 306
302, 371
302, 307
302, 372
302, 308
302, 373
302, 309
302, 374
302, 310
302, 375
302, 311
302, 376
302, 312
302, 377
302, 313
302, 378
302, 314
302, 379
302, 315
302, 380
302, 316
302, 317
302, 318
302, 382
302, 319
302, 383
46, 128
46, 256
46, 257
46, 129
46, 258
46, 130
46, 386
46, 259
46, 131
46, 387
46, 260
46, 132
46, 388
46, 389
46, 133
46, 390
46, 134
46, 391
46, 135
46, 392
46, 136
46, 393
46, 137
46, 394
46, 266
46, 138
46, 395
46, 267
46, 139
46, 396
46, 268
46, 140
46, 397
46, 269
46, 398
46, 270
46, 399
46, 271
46, 400
46, 272
46, 273
46, 146
46, 274
46, 147
46, 275
46, 276
46, 148
46, 277
46, 149
46, 278
46, 150
46, 279
46, 151
46, 280
46, 152
46, 153
46, 154
46, 155
46, 156
46, 157
46, 286
46, 158
46, 287
46, 159
46, 288
46, 160
46, 289
46, 290
46, 291
46, 292
46, 293
46, 166
46, 294
46, 295
46, 167
46, 296
46, 168
46, 297
46, 169
46, 298
46, 170
46, 299
46, 171
46, 300
46, 172
46, 173
46, 174
46, 47
46, 175
46, 48
46, 176
46, 49
46, 177
46, 50
46, 306
46, 178
46, 51
46, 307
46, 179
46, 52
46, 308
46, 180
46, 53
46, 309
46, 54
46, 310
46, 55
46, 311
46, 56
46, 312
46, 57
46, 313
46, 314
46, 186
46, 58
46, 315
46, 187
46, 59
46, 316
46, 188
46, 60
46, 317
46, 189
46, 318
46, 190
46, 319
46, 191
46, 320
46, 192
46, 193
46, 66
46, 194
46, 67
46, 195
46, 68
46, 196
46, 69
46, 197
46, 70
46, 326
46, 198
46, 71
46, 327
46, 199
46, 200
46, 72
46, 328
46, 73
46, 329
46, 74
46, 330
46, 75
46, 331
46, 76
46, 332
46, 333
46, 77
46, 334
46, 206
46, 78
46, 335
46, 207
46, 79
46, 336
46, 208
46, 80
46, 337
46, 209
46, 338
46, 210
46, 339
46, 211
46, 340
46, 212
46, 213
46, 86
46, 214
46, 87
46, 215
46, 88
46, 216
46, 89
46, 217
46, 90
46, 346
46, 218
46, 219
46, 91
46, 347
46, 220
46, 92
46, 348
46, 93
46, 349
46, 94
46, 350
46, 95
46, 351
46, 352
46, 96
46, 353
46, 97
46, 354
46, 226
46, 98
46, 355
46, 227
46, 99
46, 356
46, 228
46, 100
46, 357
46, 229
46, 358
46, 230
46, 359
46, 231
46, 360
46, 232
46, 233
46, 106
46, 234
46, 107
46, 235
46, 108
46, 236
46, 109
46, 237
46, 238
46, 110
46, 366
46, 239
46, 111
46, 367
46, 240
46, 112
46, 368
46, 113
46, 369
46, 114
46, 370
46, 371
46, 115
46, 372
46, 116
46, 373
46, 117
46, 374
46, 246
46, 118
46, 375
46, 247
46, 119
46, 376
46, 248
46, 120
46, 377
46, 249
46, 378
46, 250
46, 379
46, 251
46, 380
46, 252
46, 253
46, 126
46, 254
46, 127
46, 255
174, 320
174, 256
174, 257
174, 258
174, 194
174, 259
174, 195
174, 260
174, 196
174, 197
174, 198
174, 199
174, 200
174, 394
174, 395
174, 396
174, 397
174, 398
174, 334
174, 399
174, 335
174, 400
174, 336
174, 337
174, 338
174, 274
174, 339
174, 275
174, 340
174, 276
174, 277
174, 278
174, 214
174, 279
174, 215
174, 280
174, 216
174, 217
174, 218
174, 219
174, 220
174, 354
174, 355
174, 356
174, 357
174, 358
174, 294
174, 359
174, 295
174, 360
174, 296
174, 297
174, 298
174, 234
174, 299
174, 235
174, 300
174, 236
174, 237
174, 238
174, 239
174, 175
174, 240
174, 176
174, 177
174, 178
174, 179
174, 180
174, 374
174, 375
174, 376
174, 377
174, 378
174, 314
174, 379
174, 315
174, 380
174, 316
174, 317
174, 318
174, 254
174, 319
174, 255
303, 320
303, 384
303, 385
303, 386
303, 387
303, 323
303, 388
303, 324
303, 389
303, 325
303, 390
303, 326
303, 391
303, 327
303, 392
303, 328
303, 393
303, 329
303, 394
303, 330
303, 395
303, 331
303, 396
303, 332
303, 397
303, 333
303, 398
303, 334
303, 399
303, 335
303, 400
303, 336
303, 337
303, 338
303, 339
303, 340
303, 343
303, 344
303, 345
303, 346
303, 347
303, 348
303, 349
303, 350
303, 351
303, 352
303, 353
303, 354
303, 355
303, 356
303, 357
303, 358
303, 359
303, 360
303, 363
303, 364
303, 365
303, 366
303, 367
303, 368
303, 304
303, 369
303, 305
303, 370
303, 306
303, 371
303, 307
303, 372
303, 308
303, 373
303, 309
303, 374
303, 310
303, 375
303, 311
303, 376
303, 312
303, 377
303, 313
303, 378
303, 314
303, 379
303, 315
303, 380
303, 316
303, 317
303, 318
303, 319
303, 383
47, 128
47, 256
47, 129
47, 257
47, 258
47, 130
47, 259
47, 131
47, 387
47, 260
47, 132
47, 388
47, 133
47, 389
47, 390
47, 134
47, 391
47, 135
47, 392
47, 136
47, 393
47, 137
47, 394
47, 138
47, 395
47, 267
47, 139
47, 396
47, 268
47, 140
47, 397
47, 269
47, 398
47, 270
47, 399
47, 271
47, 400
47, 272
47, 273
47, 274
47, 147
47, 275
47, 148
47, 276
47, 277
47, 149
47, 278
47, 150
47, 279
47, 151
47, 280
47, 152
47, 153
47, 154
47, 155
47, 156
47, 157
47, 158
47, 287
47, 159
47, 288
47, 160
47, 289
47, 290
47, 291
47, 292
47, 293
47, 294
47, 167
47, 295
47, 296
47, 168
47, 297
47, 169
47, 298
47, 170
47, 299
47, 171
47, 300
47, 172
47, 173
47, 174
47, 175
47, 48
47, 176
47, 49
47, 177
47, 50
47, 178
47, 51
47, 307
47, 179
47, 52
47, 308
47, 180
47, 53
47, 309
47, 54
47, 310
47, 55
47, 311
47, 56
47, 312
47, 57
47, 313
47, 58
47, 314
47, 315
47, 187
47, 59
47, 316
47, 188
47, 60
47, 317
47, 189
47, 318
47, 190
47, 319
47, 191
47, 320
47, 192
47, 193
47, 194
47, 67
47, 195
47, 68
47, 196
47, 69
47, 197
47, 70
47, 198
47, 71
47, 327
47, 199
47, 72
47, 328
47, 200
47, 73
47, 329
47, 74
47, 330
47, 75
47, 331
47, 76
47, 332
47, 77
47, 333
47, 334
47, 78
47, 335
47, 207
47, 79
47, 336
47, 208
47, 80
47, 337
47, 209
47, 338
47, 210
47, 339
47, 211
47, 340
47, 212
47, 213
47, 214
47, 87
47, 215
47, 88
47, 216
47, 89
47, 217
47, 90
47, 218
47, 91
47, 347
47, 219
47, 220
47, 92
47, 348
47, 93
47, 349
47, 94
47, 350
47, 95
47, 351
47, 96
47, 352
47, 353
47, 97
47, 354
47, 98
47, 355
47, 227
47, 99
47, 356
47, 228
47, 100
47, 357
47, 229
47, 358
47, 230
47, 359
47, 231
47, 360
47, 232
47, 233
47, 234
47, 107
47, 235
47, 108
47, 236
47, 109
47, 237
47, 110
47, 238
47, 239
47, 111
47, 367
47, 240
47, 112
47, 368
47, 113
47, 369
47, 114
47, 370
47, 115
47, 371
47, 372
47, 116
47, 373
47, 117
47, 374
47, 118
47, 375
47, 247
47, 119
47, 376
47, 248
47, 120
47, 377
47, 249
47, 378
47, 250
47, 379
47, 251
47, 380
47, 252
47, 253
47, 254
47, 127
47, 255
175, 320
175, 256
175, 257
175, 258
175, 259
175, 195
175, 260
175, 196
175, 197
175, 198
175, 199
175, 200
175, 395
175, 396
175, 397
175, 398
175, 399
175, 335
175, 400
175, 336
175, 337
175, 338
175, 339
175, 275
175, 340
175, 276
175, 277
175, 278
175, 279
175, 215
175, 280
175, 216
175, 217
175, 218
175, 219
175, 220
175, 355
175, 356
175, 357
175, 358
175, 359
175, 295
175, 360
175, 296
175, 297
175, 298
175, 299
175, 235
175, 300
175, 236
175, 237
175, 238
175, 239
175, 240
175, 176
175, 177
175, 178
175, 179
175, 180
175, 375
175, 376
175, 377
175, 378
175, 379
175, 315
175, 380
175, 316
175, 317
175, 318
175, 319
175, 255
304, 320
304, 384
304, 385
304, 386
304, 387
304, 388
304, 324
304, 389
304, 325
304, 390
304, 326
304, 391
304, 327
304, 392
304, 328
304, 393
304, 329
304, 394
304, 330
304, 395
304, 331
304, 396
304, 332
304, 397
304, 333
304, 398
304, 334
304, 399
304, 335
304, 400
304, 336
304, 337
304, 338
304, 339
304, 340
304, 344
304, 345
304, 346
304, 347
304, 348
304, 349
304, 350
304, 351
304, 352
304, 353
304, 354
304, 355
304, 356
304, 357
304, 358
304, 359
304, 360
304, 364
304, 365
304, 366
304, 367
304, 368
304, 369
304, 305
304, 370
304, 306
304, 371
304, 307
304, 372
304, 308
304, 373
304, 309
304, 374
304, 310
304, 375
304, 311
304, 376
304, 312
304, 377
304, 313
304, 378
304, 314
304, 379
304, 315
304, 380
304, 316
304, 317
304, 318
304, 319
48, 128
48, 256
48, 129
48, 257
48, 130
48, 258
48, 259
48, 131
48, 260
48, 132
48, 388
48, 133
48, 389
48, 134
48, 390
48, 391
48, 135
48, 392
48, 136
48, 393
48, 137
48, 394
48, 138
48, 395
48, 139
48, 396
48, 268
48, 140
48, 397
48, 269
48, 398
48, 270
48, 399
48, 271
48, 400
48, 272
48, 273
48, 274
48, 275
48, 148
48, 276
48, 149
48, 277
48, 278
48, 150
48, 279
48, 151
48, 280
48, 152
48, 153
48, 154
48, 155
48, 156
48, 157
48, 158
48, 159
48, 288
48, 160
48, 289
48, 290
48, 291
48, 292
48, 293
48, 294
48, 295
48, 168
48, 296
48, 297
48, 169
48, 298
48, 170
48, 299
48, 171
48, 300
48, 172
48, 173
48, 174
48, 175
48, 176
48, 49
48, 177
48, 50
48, 178
48, 51
48, 179
48, 52
48, 308
48, 180
48, 53
48, 309
48, 54
48, 310
48, 55
48, 311
48, 56
48, 312
48, 57
48, 313
48, 58
48, 314
48, 59
48, 315
48, 316
48, 188
48, 60
48, 317
48, 189
48, 318
48, 190
48, 319
48, 191
48, 320
48, 192
48, 193
48, 194
48, 195
48, 68
48, 196
48, 69
48, 197
48, 70
48, 198
48, 71
48, 199
48, 72
48, 328
48, 200
48, 73
48, 329
48, 74
48, 330
48, 75
48, 331
48, 76
48, 332
48, 77
48, 333
48, 78
48, 334
48, 335
48, 79
48, 336
48, 208
48, 80
48, 337
48, 209
48, 338
48, 210
48, 339
48, 211
48, 340
48, 212
48, 213
48, 214
48, 215
48, 88
48, 216
48, 89
48, 217
48, 90
48, 218
48, 91
48, 219
48, 92
48, 348
48, 220
48, 93
48, 349
48, 94
48, 350
48, 95
48, 351
48, 96
48, 352
48, 97
48, 353
48, 354
48, 98
48, 355
48, 99
48, 356
48, 228
48, 100
48, 357
48, 229
48, 358
48, 230
48, 359
48, 231
48, 360
48, 232
48, 233
48, 234
48, 235
48, 108
48, 236
48, 109
48, 237
48, 110
48, 238
48, 111
48, 239
48, 240
48, 112
48, 368
48, 113
48, 369
48, 114
48, 370
48, 115
48, 371
48, 116
48, 372
48, 373
48, 117
48, 374
48, 118
48, 375
48, 119
48, 376
48, 248
48, 120
48, 377
48, 249
48, 378
48, 250
48, 379
48, 251
48, 380
48, 252
48, 253
48, 254
48, 255
176, 320
176, 256
176, 257
176, 258
176, 259
176, 260
176, 196
176, 197
176, 198
176, 199
176, 200
176, 396
176, 397
176, 398
176, 399
176, 400
176, 336
176, 337
176, 338
176, 339
176, 340
176, 276
176, 277
176, 278
176, 279
176, 280
176, 216
176, 217
176, 218
176, 219
176, 220
176, 356
176, 357
176, 358
176, 359
176, 360
176, 296
176, 297
176, 298
176, 299
176, 300
176, 236
176, 237
176, 238
176, 239
176, 240
176, 177
176, 178
176, 179
176, 180
176, 376
176, 377
176, 378
176, 379
176, 380
176, 316
176, 317
176, 318
176, 319
305, 320
305, 385
305, 386
305, 387
305, 388
305, 389
305, 325
305, 390
305, 326
305, 391
305, 327
305, 392
305, 328
305, 393
305, 329
305, 394
305, 330
305, 395
305, 331
305, 396
305, 332
305, 397
305, 333
305, 398
305, 334
305, 399
305, 335
305, 400
305, 336
305, 337
305, 338
305, 339
305, 340
305, 345
305, 346
305, 347
305, 348
305, 349
305, 350
305, 351
305, 352
305, 353
305, 354
305, 355
305, 356
305, 357
305, 358
305, 359
305, 360
305, 365
305, 366
305, 367
305, 368
305, 369
305, 370
305, 306
305, 371
305, 307
305, 372
305, 308
305, 373
305, 309
305, 374
305, 310
305, 375
305, 311
305, 376
305, 312
305, 377
305, 313
305, 378
305, 314
305, 379
305, 315
305, 380
305, 316
305, 317
305, 318
305, 319
49, 320
49, 256
49, 192
49, 257
49, 193
49, 129
49, 258
49, 194
49, 130
49, 259
49, 195
49, 131
49, 260
49, 196
49, 132
49, 389
49, 197
49, 133
49, 69
49, 390
49, 198
49, 134
49, 70
49, 391
49, 199
49, 135
49, 71
49, 392
49, 200
49, 136
49, 72
49, 393
49, 329
49, 137
49, 73
49, 394
49, 330
49, 138
49, 74
49, 395
49, 331
49, 139
49, 75
49, 396
49, 332
49, 140
49, 76
49, 397
49, 333
49, 269
49, 77
49, 398
49, 334
49, 270
49, 78
49, 399
49, 335
49, 271
49, 79
49, 400
49, 336
49, 272
49, 80
49, 337
49, 273
49, 209
49, 338
49, 274
49, 210
49, 339
49, 275
49, 211
49, 340
49, 276
49, 212
49, 277
49, 213
49, 149
49, 278
49, 214
49, 150
49, 279
49, 215
49, 151
49, 280
49, 216
49, 152
49, 217
49, 153
49, 89
49, 218
49, 154
49, 90
49, 219
49, 155
49, 91
49, 220
49, 156
49, 92
49, 349
49, 157
49, 93
49, 350
49, 158
49, 94
49, 351
49, 159
49, 95
49, 352
49, 160
49, 96
49, 353
49, 289
49, 97
49, 354
49, 290
49, 98
49, 355
49, 291
49, 99
49, 356
49, 292
49, 100
49, 357
49, 293
49, 229
49, 358
49, 294
49, 230
49, 359
49, 295
49, 231
49, 360
49, 296
49, 232
49, 297
49, 233
49, 169
49, 298
49, 234
49, 170
49, 299
49, 235
49, 171
49, 300
49, 236
49, 172
49, 237
49, 173
49, 109
49, 238
49, 174
49, 110
49, 239
49, 175
49, 111
49, 240
49, 176
49, 112
49, 369
49, 177
49, 113
49, 370
49, 178
49, 114
49, 50
49, 371
49, 179
49, 115
49, 51
49, 372
49, 180
49, 116
49, 52
49, 373
49, 309
49, 117
49, 53
49, 374
49, 310
49, 118
49, 54
49, 375
49, 311
49, 119
49, 55
49, 376
49, 312
49, 120
49, 56
49, 377
49, 313
49, 249
49, 57
49, 378
49, 314
49, 250
49, 58
49, 379
49, 315
49, 251
49, 59
49, 380
49, 316
49, 252
49, 60
49, 317
49, 253
49, 189
49, 318
49, 254
49, 190
49, 319
49, 255
49, 191
177, 320
177, 257
177, 258
177, 259
177, 260
177, 197
177, 198
177, 199
177, 200
177, 397
177, 398
177, 399
177, 400
177, 337
177, 338
177, 339
177, 340
177, 277
177, 278
177, 279
177, 280
177, 217
177, 218
177, 219
177, 220
177, 357
177, 358
177, 359
177, 360
177, 297
177, 298
177, 299
177, 300
177, 237
177, 238
177, 239
177, 240
177, 178
177, 179
177, 180
177, 377
177, 378
177, 379
177, 380
177, 317
177, 318
177, 319
306, 320
306, 386
306, 387
306, 388
306, 389
306, 390
306, 326
306, 391
306, 327
306, 392
306, 328
306, 393
306, 329
306, 394
306, 330
306, 395
306, 331
306, 396
306, 332
306, 397
306, 333
306, 398
306, 334
306, 399
306, 335
306, 400
306, 336
306, 337
306, 338
306, 339
306, 340
306, 346
306, 347
306, 348
306, 349
306, 350
306, 351
306, 352
306, 353
306, 354
306, 355
306, 356
306, 357
306, 358
306, 359
306, 360
306, 366
306, 367
306, 368
306, 369
306, 370
306, 371
306, 307
306, 372
306, 308
306, 373
306, 309
306, 374
306, 310
306, 375
306, 311
306, 376
306, 312
306, 377
306, 313
306, 378
306, 314
306, 379
306, 315
306, 380
306, 316
306, 317
306, 318
306, 319
50, 320
50, 256
50, 192
50, 257
50, 193
50, 258
50, 194
50, 130
50, 259
50, 195
50, 131
50, 260
50, 196
50, 132
50, 197
50, 133
50, 390
50, 198
50, 134
50, 70
50, 391
50, 199
50, 135
50, 71
50, 392
50, 200
50, 136
50, 72
50, 393
50, 137
50, 73
50, 394
50, 330
50, 138
50, 74
50, 395
50, 331
50, 139
50, 75
50, 396
50, 332
50, 140
50, 76
50, 397
50, 333
50, 77
50, 398
50, 334
50, 270
50, 78
50, 399
50, 335
50, 271
50, 79
50, 400
50, 336
50, 272
50, 80
50, 337
50, 273
50, 338
50, 274
50, 210
50, 339
50, 275
50, 211
50, 340
50, 276
50, 212
50, 277
50, 213
50, 278
50, 214
50, 150
50, 279
50, 215
50, 151
50, 280
50, 216
50, 152
50, 217
50, 153
50, 218
50, 154
50, 90
50, 219
50, 155
50, 91
50, 220
50, 156
50, 92
50, 157
50, 93
50, 350
50, 158
50, 94
50, 351
50, 159
50, 95
50, 352
50, 160
50, 96
50, 353
50, 97
50, 354
50, 290
50, 98
50, 355
50, 291
50, 99
50, 356
50, 292
50, 100
50, 357
50, 293
50, 358
50, 294
50, 230
50, 359
50, 295
50, 231
50, 360
50, 296
50, 232
50, 297
50, 233
50, 298
50, 234
50, 170
50, 299
50, 235
50, 171
50, 300
50, 236
50, 172
50, 237
50, 173
50, 238
50, 174
50, 110
50, 239
50, 175
50, 111
50, 240
50, 176
50, 112
50, 177
50, 113
50, 370
50, 178
50, 114
50, 371
50, 179
50, 115
50, 51
50, 372
50, 180
50, 116
50, 52
50, 373
50, 117
50, 53
50, 374
50, 310
50, 118
50, 54
50, 375
50, 311
50, 119
50, 55
50, 376
50, 312
50, 120
50, 56
50, 377
50, 313
50, 57
50, 378
50, 314
50, 250
50, 58
50, 379
50, 315
50, 251
50, 59
50, 380
50, 316
50, 252
50, 60
50, 317
50, 253
50, 318
50, 254
50, 190
50, 319
50, 255
50, 191
178, 320
178, 258
178, 259
178, 260
178, 198
178, 199
178, 200
178, 398
178, 399
178, 400
178, 338
178, 339
178, 340
178, 278
178, 279
178, 280
178, 218
178, 219
178, 220
178, 358
178, 359
178, 360
178, 298
178, 299
178, 300
178, 238
178, 239
178, 240
178, 179
178, 180
178, 378
178, 379
178, 380
178, 318
178, 319
307, 320
307, 387
307, 388
307, 389
307, 390
307, 391
307, 327
307, 392
307, 328
307, 393
307, 329
307, 394
307, 330
307, 395
307, 331
307, 396
307, 332
307, 397
307, 333
307, 398
307, 334
307, 399
307, 335
307, 400
307, 336
307, 337
307, 338
307, 339
307, 340
307, 347
307, 348
307, 349
307, 350
307, 351
307, 352
307, 353
307, 354
307, 355
307, 356
307, 357
307, 358
307, 359
307, 360
307, 367
307, 368
307, 369
307, 370
307, 371
307, 372
307, 308
307, 373
307, 309
307, 374
307, 310
307, 375
307, 311
307, 376
307, 312
307, 377
307, 313
307, 378
307, 314
307, 379
307, 315
307, 380
307, 316
307, 317
307, 318
307, 319
51, 320
51, 256
51, 192
51, 257
51, 193
51, 258
51, 194
51, 259
51, 195
51, 131
51, 260
51, 196
51, 132
51, 197
51, 133
51, 198
51, 134
51, 391
51, 199
51, 135
51, 71
51, 392
51, 200
51, 136
51, 72
51, 393
51, 137
51, 73
51, 394
51, 138
51, 74
51, 395
51, 331
51, 139
51, 75
51, 396
51, 332
51, 140
51, 76
51, 397
51, 333
51, 77
51, 398
51, 334
51, 78
51, 399
51, 335
51, 271
51, 79
51, 400
51, 336
51, 272
51, 80
51, 337
51, 273
51, 338
51, 274
51, 339
51, 275
51, 211
51, 340
51, 276
51, 212
51, 277
51, 213
51, 278
51, 214
51, 279
51, 215
51, 151
51, 280
51, 216
51, 152
51, 217
51, 153
51, 218
51, 154
51, 219
51, 155
51, 91
51, 220
51, 156
51, 92
51, 157
51, 93
51, 158
51, 94
51, 351
51, 159
51, 95
51, 352
51, 160
51, 96
51, 353
51, 97
51, 354
51, 98
51, 355
51, 291
51, 99
51, 356
51, 292
51, 100
51, 357
51, 293
51, 358
51, 294
51, 359
51, 295
51, 231
51, 360
51, 296
51, 232
51, 297
51, 233
51, 298
51, 234
51, 299
51, 235
51, 171
51, 300
51, 236
51, 172
51, 237
51, 173
51, 238
51, 174
51, 239
51, 175
51, 111
51, 240
51, 176
51, 112
51, 177
51, 113
51, 178
51, 114
51, 371
51, 179
51, 115
51, 372
51, 180
51, 116
51, 52
51, 373
51, 117
51, 53
51, 374
51, 118
51, 54
51, 375
51, 311
51, 119
51, 55
51, 376
51, 312
51, 120
51, 56
51, 377
51, 313
51, 57
51, 378
51, 314
51, 58
51, 379
51, 315
51, 251
51, 59
51, 380
51, 316
51, 252
51, 60
51, 317
51, 253
51, 318
51, 254
51, 319
51, 255
51, 191
179, 320
179, 259
179, 260
179, 199
179, 200
179, 399
179, 400
179, 339
179, 340
179, 279
179, 280
179, 219
179, 220
179, 359
179, 360
179, 299
179, 300
179, 239
179, 240
179, 180
179, 379
179, 380
179, 319
180, 320
180, 260
180, 200
180, 400
180, 340
180, 280
180, 220
180, 360
180, 300
180, 240
180, 380
308, 320
308, 388
308, 389
308, 390
308, 391
308, 392
308, 328
308, 393
308, 329
308, 394
308, 330
308, 395
308, 331
308, 396
308, 332
308, 397
308, 333
308, 398
308, 334
308, 399
308, 335
308, 400
308, 336
308, 337
308, 338
308, 339
308, 340
308, 348
308, 349
308, 350
308, 351
308, 352
308, 353
308, 354
308, 355
308, 356
308, 357
308, 358
308, 359
308, 360
308, 368
308, 369
308, 370
308, 371
308, 372
308, 373
308, 309
308, 374
308, 310
308, 375
308, 311
308, 376
308, 312
308, 377
308, 313
308, 378
308, 314
308, 379
308, 315
308, 380
308, 316
308, 317
308, 318
308, 319
52, 320
52, 256
52, 192
52, 257
52, 193
52, 258
52, 194
52, 259
52, 195
52, 260
52, 196
52, 132
52, 197
52, 133
52, 198
52, 134
52, 199
52, 135
52, 392
52, 200
52, 136
52, 72
52, 393
52, 137
52, 73
52, 394
52, 138
52, 74
52, 395
52, 139
52, 75
52, 396
52, 332
52, 140
52, 76
52, 397
52, 333
52, 77
52, 398
52, 334
52, 78
52, 399
52, 335
52, 79
52, 400
52, 336
52, 272
52, 80
52, 337
52, 273
52, 338
52, 274
52, 339
52, 275
52, 340
52, 276
52, 212
52, 277
52, 213
52, 278
52, 214
52, 279
52, 215
52, 280
52, 216
52, 152
52, 217
52, 153
52, 218
52, 154
52, 219
52, 155
52, 220
52, 156
52, 92
52, 157
52, 93
52, 158
52, 94
52, 159
52, 95
52, 352
52, 160
52, 96
52, 353
52, 97
52, 354
52, 98
52, 355
52, 99
52, 356
52, 292
52, 100
52, 357
52, 293
52, 358
52, 294
52, 359
52, 295
52, 360
52, 296
52, 232
52, 297
52, 233
52, 298
52, 234
52, 299
52, 235
52, 300
52, 236
52, 172
52, 237
52, 173
52, 238
52, 174
52, 239
52, 175
52, 240
52, 176
52, 112
52, 177
52, 113
52, 178
52, 114
52, 179
52, 115
52, 372
52, 180
52, 116
52, 373
52, 117
52, 53
52, 374
52, 118
52, 54
52, 375
52, 119
52, 55
52, 376
52, 312
52, 120
52, 56
52, 377
52, 313
52, 57
52, 378
52, 314
52, 58
52, 379
52, 315
52, 59
52, 380
52, 316
52, 252
52, 60
52, 317
52, 253
52, 318
52, 254
52, 319
52, 255
309, 320
309, 389
309, 390
309, 391
309, 392
309, 393
309, 329
309, 394
309, 330
309, 395
309, 331
309, 396
309, 332
309, 397
309, 333
309, 398
309, 334
309, 399
309, 335
309, 400
309, 336
309, 337
309, 338
309, 339
309, 340
309, 349
309, 350
309, 351
309, 352
309, 353
309, 354
309, 355
309, 356
309, 357
309, 358
309, 359
309, 360
309, 369
309, 370
309, 371
309, 372
309, 373
309, 374
309, 310
309, 375
309, 311
309, 376
309, 312
309, 377
309, 313
309, 378
309, 314
309, 379
309, 315
309, 380
309, 316
309, 317
309, 318
309, 319
53, 320
53, 256
53, 257
53, 193
53, 258
53, 194
53, 259
53, 195
53, 260
53, 196
53, 197
53, 133
53, 198
53, 134
53, 199
53, 135
53, 200
53, 136
53, 393
53, 137
53, 73
53, 394
53, 138
53, 74
53, 395
53, 139
53, 75
53, 396
53, 140
53, 76
53, 397
53, 333
53, 77
53, 398
53, 334
53, 78
53, 399
53, 335
53, 79
53, 400
53, 336
53, 80
53, 337
53, 273
53, 338
53, 274
53, 339
53, 275
53, 340
53, 276
53, 277
53, 213
53, 278
53, 214
53, 279
53, 215
53, 280
53, 216
53, 217
53, 153
53, 218
53, 154
53, 219
53, 155
53, 220
53, 156
53, 157
53, 93
53, 158
53, 94
53, 159
53, 95
53, 160
53, 96
53, 353
53, 97
53, 354
53, 98
53, 355
53, 99
53, 356
53, 100
53, 357
53, 293
53, 358
53, 294
53, 359
53, 295
53, 360
53, 296
53, 297
53, 233
53, 298
53, 234
53, 299
53, 235
53, 300
53, 236
53, 237
53, 173
53, 238
53, 174
53, 239
53, 175
53, 240
53, 176
53, 177
53, 113
53, 178
53, 114
53, 179
53, 115
53, 180
53, 116
53, 373
53, 117
53, 374
53, 118
53, 54
53, 375
53, 119
53, 55
53, 376
53, 120
53, 56
53, 377
53, 313
53, 57
53, 378
53, 314
53, 58
53, 379
53, 315
53, 59
53, 380
53, 316
53, 60
53, 317
53, 253
53, 318
53, 254
53, 319
53, 255
181, 320
181, 256
181, 384
181, 192
181, 257
181, 385
181, 193
181, 321
181, 258
181, 386
181, 194
181, 322
181, 259
181, 387
181, 195
181, 323
181, 260
181, 388
181, 196
181, 324
181, 389
181, 197
181, 325
181, 261
181, 390
181, 198
181, 326
181, 262
181, 391
181, 199
181, 327
181, 263
181, 392
181, 200
181, 328
181, 264
181, 393
181, 329
181, 265
181, 201
181, 394
181, 330
181, 266
181, 202
181, 395
181, 331
181, 267
181, 203
181, 396
181, 332
181, 268
181, 204
181, 397
181, 333
181, 269
181, 205
181, 398
181, 334
181, 270
181, 206
181, 399
181, 335
181, 271
181, 207
181, 400
181, 336
181, 272
181, 208
181, 337
181, 273
181, 209
181, 338
181, 274
181, 210
181, 339
181, 275
181, 211
181, 340
181, 276
181, 212
181, 277
181, 213
181, 341
181, 278
181, 214
181, 342
181, 279
181, 215
181, 343
181, 280
181, 216
181, 344
181, 217
181, 345
181, 281
181, 218
181, 346
181, 282
181, 219
181, 347
181, 283
181, 220
181, 348
181, 284
181, 349
181, 285
181, 221
181, 350
181, 286
181, 222
181, 351
181, 287
181, 223
181, 352
181, 288
181, 224
181, 353
181, 289
181, 225
181, 354
181, 290
181, 226
181, 355
181, 291
181, 227
181, 356
181, 292
181, 228
181, 357
181, 293
181, 229
181, 358
181, 294
181, 230
181, 359
181, 295
181, 231
181, 360
181, 296
181, 232
181, 297
181, 233
181, 361
181, 298
181, 234
181, 362
181, 299
181, 235
181, 363
181, 300
181, 236
181, 364
181, 237
181, 365
181, 301
181, 238
181, 366
181, 302
181, 239
181, 367
181, 303
181, 240
181, 368
181, 304
181, 369
181, 305
181, 241
181, 370
181, 306
181, 242
181, 371
181, 307
181, 243
181, 372
181, 308
181, 244
181, 373
181, 309
181, 245
181, 374
181, 310
181, 246
181, 182
181, 375
181, 311
181, 247
181, 183
181, 376
181, 312
181, 248
181, 184
181, 377
181, 313
181, 249
181, 185
181, 378
181, 314
181, 250
181, 186
181, 379
181, 315
181, 251
181, 187
181, 380
181, 316
181, 252
181, 188
181, 317
181, 253
181, 381
181, 189
181, 318
181, 254
181, 382
181, 190
181, 319
181, 255
181, 383
181, 191
310, 320
310, 390
310, 391
310, 392
310, 393
310, 394
310, 330
310, 395
310, 331
310, 396
310, 332
310, 397
310, 333
310, 398
310, 334
310, 399
310, 335
310, 400
310, 336
310, 337
310, 338
310, 339
310, 340
310, 350
310, 351
310, 352
310, 353
310, 354
310, 355
310, 356
310, 357
310, 358
310, 359
310, 360
310, 370
310, 371
310, 372
310, 373
310, 374
310, 375
310, 311
310, 376
310, 312
310, 377
310, 313
310, 378
310, 314
310, 379
310, 315
310, 380
310, 316
310, 317
310, 318
310, 319
54, 320
54, 256
54, 257
54, 258
54, 194
54, 259
54, 195
54, 260
54, 196
54, 197
54, 198
54, 134
54, 199
54, 135
54, 200
54, 136
54, 137
54, 394
54, 138
54, 74
54, 395
54, 139
54, 75
54, 396
54, 140
54, 76
54, 397
54, 77
54, 398
54, 334
54, 78
54, 399
54, 335
54, 79
54, 400
54, 336
54, 80
54, 337
54, 338
54, 274
54, 339
54, 275
54, 340
54, 276
54, 277
54, 278
54, 214
54, 279
54, 215
54, 280
54, 216
54, 217
54, 218
54, 154
54, 219
54, 155
54, 220
54, 156
54, 157
54, 158
54, 94
54, 159
54, 95
54, 160
54, 96
54, 97
54, 354
54, 98
54, 355
54, 99
54, 356
54, 100
54, 357
54, 358
54, 294
54, 359
54, 295
54, 360
54, 296
54, 297
54, 298
54, 234
54, 299
54, 235
54, 300
54, 236
54, 237
54, 238
54, 174
54, 239
54, 175
54, 240
54, 176
54, 177
54, 178
54, 114
54, 179
54, 115
54, 180
54, 116
54, 117
54, 374
54, 118
54, 375
54, 119
54, 55
54, 376
54, 120
54, 56
54, 377
54, 57
54, 378
54, 314
54, 58
54, 379
54, 315
54, 59
54, 380
54, 316
54, 60
54, 317
54, 318
54, 254
54, 319
54, 255
182, 320
182, 256
182, 384
182, 192
182, 257
182, 385
182, 193
182, 258
182, 386
182, 194
182, 322
182, 259
182, 387
182, 195
182, 323
182, 260
182, 388
182, 196
182, 324
182, 389
182, 197
182, 325
182, 390
182, 198
182, 326
182, 262
182, 391
182, 199
182, 327
182, 263
182, 392
182, 200
182, 328
182, 264
182, 393
182, 329
182, 265
182, 394
182, 330
182, 266
182, 202
182, 395
182, 331
182, 267
182, 203
182, 396
182, 332
182, 268
182, 204
182, 397
182, 333
182, 269
182, 205
182, 398
182, 334
182, 270
182, 206
182, 399
182, 335
182, 271
182, 207
182, 400
182, 336
182, 272
182, 208
182, 337
182, 273
182, 209
182, 338
182, 274
182, 210
182, 339
182, 275
182, 211
182, 340
182, 276
182, 212
182, 277
182, 213
182, 278
182, 214
182, 342
182, 279
182, 215
182, 343
182, 280
182, 216
182, 344
182, 217
182, 345
182, 218
182, 346
182, 282
182, 219
182, 347
182, 283
182, 220
182, 348
182, 284
182, 349
182, 285
182, 350
182, 286
182, 222
182, 351
182, 287
182, 223
182, 352
182, 288
182, 224
182, 353
182, 289
182, 225
182, 354
182, 290
182, 226
182, 355
182, 291
182, 227
182, 356
182, 292
182, 228
182, 357
182, 293
182, 229
182, 358
182, 294
182, 230
182, 359
182, 295
182, 231
182, 360
182, 296
182, 232
182, 297
182, 233
182, 298
182, 234
182, 362
182, 299
182, 235
182, 363
182, 300
182, 236
182, 364
182, 237
182, 365
182, 238
182, 366
182, 302
182, 239
182, 367
182, 303
182, 240
182, 368
182, 304
182, 369
182, 305
182, 370
182, 306
182, 242
182, 371
182, 307
182, 243
182, 372
182, 308
182, 244
182, 373
182, 309
182, 245
182, 374
182, 310
182, 246
182, 375
182, 311
182, 247
182, 183
182, 376
182, 312
182, 248
182, 184
182, 377
182, 313
182, 249
182, 185
182, 378
182, 314
182, 250
182, 186
182, 379
182, 315
182, 251
182, 187
182, 380
182, 316
182, 252
182, 188
182, 317
182, 253
182, 189
182, 318
182, 254
182, 382
182, 190
182, 319
182, 255
182, 383
182, 191
311, 320
311, 391
311, 392
311, 393
311, 394
311, 395
311, 331
311, 396
311, 332
311, 397
311, 333
311, 398
311, 334
311, 399
311, 335
311, 400
311, 336
311, 337
311, 338
311, 339
311, 340
311, 351
311, 352
311, 353
311, 354
311, 355
311, 356
311, 357
311, 358
311, 359
311, 360
311, 371
311, 372
311, 373
311, 374
311, 375
311, 376
311, 312
311, 377
311, 313
311, 378
311, 314
311, 379
311, 315
311, 380
311, 316
311, 317
311, 318
311, 319
55, 320
55, 256
55, 257
55, 258
55, 259
55, 195
55, 260
55, 196
55, 197
55, 198
55, 199
55, 135
55, 200
55, 136
55, 137
55, 138
55, 395
55, 139
55, 75
55, 396
55, 140
55, 76
55, 397
55, 77
55, 398
55, 78
55, 399
55, 335
55, 79
55, 400
55, 336
55, 80
55, 337
55, 338
55, 339
55, 275
55, 340
55, 276
55, 277
55, 278
55, 279
55, 215
55, 280
55, 216
55, 217
55, 218
55, 219
55, 155
55, 220
55, 156
55, 157
55, 158
55, 159
55, 95
55, 160
55, 96
55, 97
55, 98
55, 355
55, 99
55, 356
55, 100
55, 357
55, 358
55, 359
55, 295
55, 360
55, 296
55, 297
55, 298
55, 299
55, 235
55, 300
55, 236
55, 237
55, 238
55, 239
55, 175
55, 240
55, 176
55, 177
55, 178
55, 179
55, 115
55, 180
55, 116
55, 117
55, 118
55, 375
55, 119
55, 376
55, 120
55, 56
55, 377
55, 57
55, 378
55, 58
55, 379
55, 315
55, 59
55, 380
55, 316
55, 60
55, 317
55, 318
55, 319
55, 255
183, 320
183, 256
183, 384
183, 192
183, 257
183, 385
183, 193
183, 258
183, 386
183, 194
183, 259
183, 387
183, 195
183, 323
183, 260
183, 388
183, 196
183, 324
183, 389
183, 197
183, 325
183, 390
183, 198
183, 326
183, 391
183, 199
183, 327
183, 263
183, 392
183, 200
183, 328
183, 264
183, 393
183, 329
183, 265
183, 394
183, 330
183, 266
183, 395
183, 331
183, 267
183, 203
183, 396
183, 332
183, 268
183, 204
183, 397
183, 333
183, 269
183, 205
183, 398
183, 334
183, 270
183, 206
183, 399
183, 335
183, 271
183, 207
183, 400
183, 336
183, 272
183, 208
183, 337
183, 273
183, 209
183, 338
183, 274
183, 210
183, 339
183, 275
183, 211
183, 340
183, 276
183, 212
183, 277
183, 213
183, 278
183, 214
183, 279
183, 215
183, 343
183, 280
183, 216
183, 344
183, 217
183, 345
183, 218
183, 346
183, 219
183, 347
183, 283
183, 220
183, 348
183, 284
183, 349
183, 285
183, 350
183, 286
183, 351
183, 287
183, 223
183, 352
183, 288
183, 224
183, 353
183, 289
183, 225
183, 354
183, 290
183, 226
183, 355
183, 291
183, 227
183, 356
183, 292
183, 228
183, 357
183, 293
183, 229
183, 358
183, 294
183, 230
183, 359
183, 295
183, 231
183, 360
183, 296
183, 232
183, 297
183, 233
183, 298
183, 234
183, 299
183, 235
183, 363
183, 300
183, 236
183, 364
183, 237
183, 365
183, 238
183, 366
183, 239
183, 367
183, 303
183, 240
183, 368
183, 304
183, 369
183, 305
183, 370
183, 306
183, 371
183, 307
183, 243
183, 372
183, 308
183, 244
183, 373
183, 309
183, 245
183, 374
183, 310
183, 246
183, 375
183, 311
183, 247
183, 376
183, 312
183, 248
183, 184
183, 377
183, 313
183, 249
183, 185
183, 378
183, 314
183, 250
183, 186
183, 379
183, 315
183, 251
183, 187
183, 380
183, 316
183, 252
183, 188
183, 317
183, 253
183, 189
183, 318
183, 254
183, 190
183, 319
183, 255
183, 383
183, 191
312, 320
312, 392
312, 393
312, 394
312, 395
312, 396
312, 332
312, 397
312, 333
312, 398
312, 334
312, 399
312, 335
312, 400
312, 336
312, 337
312, 338
312, 339
312, 340
312, 352
312, 353
312, 354
312, 355
312, 356
312, 357
312, 358
312, 359
312, 360
312, 372
312, 373
312, 374
312, 375
312, 376
312, 377
312, 313
312, 378
312, 314
312, 379
312, 315
312, 380
312, 316
312, 317
312, 318
312, 319
56, 320
56, 256
56, 257
56, 258
56, 259
56, 260
56, 196
56, 197
56, 198
56, 199
56, 200
56, 136
56, 137
56, 138
56, 139
56, 396
56, 140
56, 76
56, 397
56, 77
56, 398
56, 78
56, 399
56, 79
56, 400
56, 336
56, 80
56, 337
56, 338
56, 339
56, 340
56, 276
56, 277
56, 278
56, 279
56, 280
56, 216
56, 217
56, 218
56, 219
56, 220
56, 156
56, 157
56, 158
56, 159
56, 160
56, 96
56, 97
56, 98
56, 99
56, 356
56, 100
56, 357
56, 358
56, 359
56, 360
56, 296
56, 297
56, 298
56, 299
56, 300
56, 236
56, 237
56, 238
56, 239
56, 240
56, 176
56, 177
56, 178
56, 179
56, 180
56, 116
56, 117
56, 118
56, 119
56, 376
56, 120
56, 377
56, 57
56, 378
56, 58
56, 379
56, 59
56, 380
56, 316
56, 60
56, 317
56, 318
56, 319
184, 320
184, 256
184, 384
184, 192
184, 257
184, 385
184, 193
184, 258
184, 386
184, 194
184, 259
184, 387
184, 195
184, 260
184, 388
184, 196
184, 324
184, 389
184, 197
184, 325
184, 390
184, 198
184, 326
184, 391
184, 199
184, 327
184, 392
184, 200
184, 328
184, 264
184, 393
184, 329
184, 265
184, 394
184, 330
184, 266
184, 395
184, 331
184, 267
184, 396
184, 332
184, 268
184, 204
184, 397
184, 333
184, 269
184, 205
184, 398
184, 334
184, 270
184, 206
184, 399
184, 335
184, 271
184, 207
184, 400
184, 336
184, 272
184, 208
184, 337
184, 273
184, 209
184, 338
184, 274
184, 210
184, 339
184, 275
184, 211
184, 340
184, 276
184, 212
184, 277
184, 213
184, 278
184, 214
184, 279
184, 215
184, 280
184, 216
184, 344
184, 217
184, 345
184, 218
184, 346
184, 219
184, 347
184, 220
184, 348
184, 284
184, 349
184, 285
184, 350
184, 286
184, 351
184, 287
184, 352
184, 288
184, 224
184, 353
184, 289
184, 225
184, 354
184, 290
184, 226
184, 355
184, 291
184, 227
184, 356
184, 292
184, 228
184, 357
184, 293
184, 229
184, 358
184, 294
184, 230
184, 359
184, 295
184, 231
184, 360
184, 296
184, 232
184, 297
184, 233
184, 298
184, 234
184, 299
184, 235
184, 300
184, 236
184, 364
184, 237
184, 365
184, 238
184, 366
184, 239
184, 367
184, 240
184, 368
184, 304
184, 369
184, 305
184, 370
184, 306
184, 371
184, 307
184, 372
184, 308
184, 244
184, 373
184, 309
184, 245
184, 374
184, 310
184, 246
184, 375
184, 311
184, 247
184, 376
184, 312
184, 248
184, 377
184, 313
184, 249
184, 185
184, 378
184, 314
184, 250
184, 186
184, 379
184, 315
184, 251
184, 187
184, 380
184, 316
184, 252
184, 188
184, 317
184, 253
184, 189
184, 318
184, 254
184, 190
184, 319
184, 255
184, 191
313, 320
313, 393
313, 394
313, 395
313, 396
313, 397
313, 333
313, 398
313, 334
313, 399
313, 335
313, 400
313, 336
313, 337
313, 338
313, 339
313, 340
313, 353
313, 354
313, 355
313, 356
313, 357
313, 358
313, 359
313, 360
313, 373
313, 374
313, 375
313, 376
313, 377
313, 378
313, 314
313, 379
313, 315
313, 380
313, 316
313, 317
313, 318
313, 319
57, 320
57, 257
57, 258
57, 259
57, 260
57, 197
57, 198
57, 199
57, 200
57, 137
57, 138
57, 139
57, 140
57, 397
57, 77
57, 398
57, 78
57, 399
57, 79
57, 400
57, 80
57, 337
57, 338
57, 339
57, 340
57, 277
57, 278
57, 279
57, 280
57, 217
57, 218
57, 219
57, 220
57, 157
57, 158
57, 159
57, 160
57, 97
57, 98
57, 99
57, 100
57, 357
57, 358
57, 359
57, 360
57, 297
57, 298
57, 299
57, 300
57, 237
57, 238
57, 239
57, 240
57, 177
57, 178
57, 179
57, 180
57, 117
57, 118
57, 119
57, 120
57, 377
57, 378
57, 58
57, 379
57, 59
57, 380
57, 60
57, 317
57, 318
57, 319
185, 320
185, 256
185, 192
185, 257
185, 385
185, 193
185, 258
185, 386
185, 194
185, 259
185, 387
185, 195
185, 260
185, 388
185, 196
185, 389
185, 197
185, 325
185, 390
185, 198
185, 326
185, 391
185, 199
185, 327
185, 392
185, 200
185, 328
185, 393
185, 329
185, 265
185, 394
185, 330
185, 266
185, 395
185, 331
185, 267
185, 396
185, 332
185, 268
185, 397
185, 333
185, 269
185, 205
185, 398
185, 334
185, 270
185, 206
185, 399
185, 335
185, 271
185, 207
185, 400
185, 336
185, 272
185, 208
185, 337
185, 273
185, 209
185, 338
185, 274
185, 210
185, 339
185, 275
185, 211
185, 340
185, 276
185, 212
185, 277
185, 213
185, 278
185, 214
185, 279
185, 215
185, 280
185, 216
185, 217
185, 345
185, 218
185, 346
185, 219
185, 347
185, 220
185, 348
185, 349
185, 285
185, 350
185, 286
185, 351
185, 287
185, 352
185, 288
185, 353
185, 289
185, 225
185, 354
185, 290
185, 226
185, 355
185, 291
185, 227
185, 356
185, 292
185, 228
185, 357
185, 293
185, 229
185, 358
185, 294
185, 230
185, 359
185, 295
185, 231
185, 360
185, 296
185, 232
185, 297
185, 233
185, 298
185, 234
185, 299
185, 235
185, 300
185, 236
185, 237
185, 365
185, 238
185, 366
185, 239
185, 367
185, 240
185, 368
185, 369
185, 305
185, 370
185, 306
185, 371
185, 307
185, 372
185, 308
185, 373
185, 309
185, 245
185, 374
185, 310
185, 246
185, 375
185, 311
185, 247
185, 376
185, 312
185, 248
185, 377
185, 313
185, 249
185, 378
185, 314
185, 250
185, 186
185, 379
185, 315
185, 251
185, 187
185, 380
185, 316
185, 252
185, 188
185, 317
185, 253
185, 189
185, 318
185, 254
185, 190
185, 319
185, 255
185, 191
314, 320
314, 394
314, 395
314, 396
314, 397
314, 398
314, 334
314, 399
314, 335
314, 400
314, 336
314, 337
314, 338
314, 339
314, 340
314, 354
314, 355
314, 356
314, 357
314, 358
314, 359
314, 360
314, 374
314, 375
314, 376
314, 377
314, 378
314, 379
314, 315
314, 380
314, 316
314, 317
314, 318
314, 319
58, 320
58, 258
58, 259
58, 260
58, 198
58, 199
58, 200
58, 138
58, 139
58, 140
58, 398
58, 78
58, 399
58, 79
58, 400
58, 80
58, 338
58, 339
58, 340
58, 278
58, 279
58, 280
58, 218
58, 219
58, 220
58, 158
58, 159
58, 160
58, 98
58, 99
58, 100
58, 358
58, 359
58, 360
58, 298
58, 299
58, 300
58, 238
58, 239
58, 240
58, 178
58, 179
58, 180
58, 118
58, 119
58, 120
58, 378
58, 379
58, 59
58, 380
58, 60
58, 318
58, 319
186, 320
186, 256
186, 192
186, 257
186, 193
186, 258
186, 386
186, 194
186, 259
186, 387
186, 195
186, 260
186, 388
186, 196
186, 389
186, 197
186, 390
186, 198
186, 326
186, 391
186, 199
186, 327
186, 392
186, 200
186, 328
186, 393
186, 329
186, 394
186, 330
186, 266
186, 395
186, 331
186, 267
186, 396
186, 332
186, 268
186, 397
186, 333
186, 269
186, 398
186, 334
186, 270
186, 206
186, 399
186, 335
186, 271
186, 207
186, 400
186, 336
186, 272
186, 208
186, 337
186, 273
186, 209
186, 338
186, 274
186, 210
186, 339
186, 275
186, 211
186, 340
186, 276
186, 212
186, 277
186, 213
186, 278
186, 214
186, 279
186, 215
186, 280
186, 216
186, 217
186, 218
186, 346
186, 219
186, 347
186, 220
186, 348
186, 349
186, 350
186, 286
186, 351
186, 287
186, 352
186, 288
186, 353
186, 289
186, 354
186, 290
186, 226
186, 355
186, 291
186, 227
186, 356
186, 292
186, 228
186, 357
186, 293
186, 229
186, 358
186, 294
186, 230
186, 359
186, 295
186, 231
186, 360
186, 296
186, 232
186, 297
186, 233
186, 298
186, 234
186, 299
186, 235
186, 300
186, 236
186, 237
186, 238
186, 366
186, 239
186, 367
186, 240
186, 368
186, 369
186, 370
186, 306
186, 371
186, 307
186, 372
186, 308
186, 373
186, 309
186, 374
186, 310
186, 246
186, 375
186, 311
186, 247
186, 376
186, 312
186, 248
186, 377
186, 313
186, 249
186, 378
186, 314
186, 250
186, 379
186, 315
186, 251
186, 187
186, 380
186, 316
186, 252
186, 188
186, 317
186, 253
186, 189
186, 318
186, 254
186, 190
186, 319
186, 255
186, 191
315, 320
315, 395
315, 396
315, 397
315, 398
315, 399
315, 335
315, 400
315, 336
315, 337
315, 338
315, 339
315, 340
315, 355
315, 356
315, 357
315, 358
315, 359
315, 360
315, 375
315, 376
315, 377
315, 378
315, 379
315, 380
315, 316
315, 317
315, 318
315, 319
59, 320
59, 259
59, 260
59, 199
59, 200
59, 139
59, 140
59, 399
59, 79
59, 400
59, 80
59, 339
59, 340
59, 279
59, 280
59, 219
59, 220
59, 159
59, 160
59, 99
59, 100
59, 359
59, 360
59, 299
59, 300
59, 239
59, 240
59, 179
59, 180
59, 119
59, 120
59, 379
59, 380
59, 60
59, 319
187, 320
187, 256
187, 192
187, 257
187, 193
187, 258
187, 194
187, 259
187, 387
187, 195
187, 260
187, 388
187, 196
187, 389
187, 197
187, 390
187, 198
187, 391
187, 199
187, 327
187, 392
187, 200
187, 328
187, 393
187, 329
187, 394
187, 330
187, 395
187, 331
187, 267
187, 396
187, 332
187, 268
187, 397
187, 333
187, 269
187, 398
187, 334
187, 270
187, 399
187, 335
187, 271
187, 207
187, 400
187, 336
187, 272
187, 208
187, 337
187, 273
187, 209
187, 338
187, 274
187, 210
187, 339
187, 275
187, 211
187, 340
187, 276
187, 212
187, 277
187, 213
187, 278
187, 214
187, 279
187, 215
187, 280
187, 216
187, 217
187, 218
187, 219
187, 347
187, 220
187, 348
187, 349
187, 350
187, 351
187, 287
187, 352
187, 288
187, 353
187, 289
187, 354
187, 290
187, 355
187, 291
187, 227
187, 356
187, 292
187, 228
187, 357
187, 293
187, 229
187, 358
187, 294
187, 230
187, 359
187, 295
187, 231
187, 360
187, 296
187, 232
187, 297
187, 233
187, 298
187, 234
187, 299
187, 235
187, 300
187, 236
187, 237
187, 238
187, 239
187, 367
187, 240
187, 368
187, 369
187, 370
187, 371
187, 307
187, 372
187, 308
187, 373
187, 309
187, 374
187, 310
187, 375
187, 311
187, 247
187, 376
187, 312
187, 248
187, 377
187, 313
187, 249
187, 378
187, 314
187, 250
187, 379
187, 315
187, 251
187, 380
187, 316
187, 252
187, 188
187, 317
187, 253
187, 189
187, 318
187, 254
187, 190
187, 319
187, 255
187, 191
60, 320
60, 260
60, 200
60, 140
60, 400
60, 80
60, 340
60, 280
60, 220
60, 160
60, 100
60, 360
60, 300
60, 240
60, 180
60, 120
60, 380
316, 320
316, 396
316, 397
316, 398
316, 399
316, 400
316, 336
316, 337
316, 338
316, 339
316, 340
316, 356
316, 357
316, 358
316, 359
316, 360
316, 376
316, 377
316, 378
316, 379
316, 380
316, 317
316, 318
316, 319
188, 320
188, 256
188, 192
188, 257
188, 193
188, 258
188, 194
188, 259
188, 195
188, 260
188, 388
188, 196
188, 389
188, 197
188, 390
188, 198
188, 391
188, 199
188, 392
188, 200
188, 328
188, 393
188, 329
188, 394
188, 330
188, 395
188, 331
188, 396
188, 332
188, 268
188, 397
188, 333
188, 269
188, 398
188, 334
188, 270
188, 399
188, 335
188, 271
188, 400
188, 336
188, 272
188, 208
188, 337
188, 273
188, 209
188, 338
188, 274
188, 210
188, 339
188, 275
188, 211
188, 340
188, 276
188, 212
188, 277
188, 213
188, 278
188, 214
188, 279
188, 215
188, 280
188, 216
188, 217
188, 218
188, 219
188, 220
188, 348
188, 349
188, 350
188, 351
188, 352
188, 288
188, 353
188, 289
188, 354
188, 290
188, 355
188, 291
188, 356
188, 292
188, 228
188, 357
188, 293
188, 229
188, 358
188, 294
188, 230
188, 359
188, 295
188, 231
188, 360
188, 296
188, 232
188, 297
188, 233
188, 298
188, 234
188, 299
188, 235
188, 300
188, 236
188, 237
188, 238
188, 239
188, 240
188, 368
188, 369
188, 370
188, 371
188, 372
188, 308
188, 373
188, 309
188, 374
188, 310
188, 375
188, 311
188, 376
188, 312
188, 248
188, 377
188, 313
188, 249
188, 378
188, 314
188, 250
188, 379
188, 315
188, 251
188, 380
188, 316
188, 252
188, 317
188, 253
188, 189
188, 318
188, 254
188, 190
188, 319
188, 255
188, 191
317, 320
317, 397
317, 398
317, 399
317, 400
317, 337
317, 338
317, 339
317, 340
317, 357
317, 358
317, 359
317, 360
317, 377
317, 378
317, 379
317, 380
317, 318
317, 319
61, 256
61, 128
61, 384
61, 257
61, 129
61, 385
61, 258
61, 386
61, 130
61, 259
61, 387
61, 131
61, 260
61, 388
61, 132
61, 389
61, 261
61, 133
61, 390
61, 262
61, 134
61, 391
61, 263
61, 135
61, 392
61, 264
61, 136
61, 393
61, 265
61, 137
61, 394
61, 266
61, 138
61, 395
61, 139
61, 267
61, 396
61, 140
61, 268
61, 397
61, 141
61, 269
61, 398
61, 142
61, 270
61, 399
61, 143
61, 271
61, 400
61, 272
61, 144
61, 273
61, 145
61, 274
61, 146
61, 275
61, 147
61, 276
61, 148
61, 277
61, 149
61, 278
61, 150
61, 279
61, 151
61, 280
61, 152
61, 281
61, 153
61, 282
61, 154
61, 283
61, 155
61, 284
61, 156
61, 285
61, 157
61, 158
61, 286
61, 159
61, 287
61, 160
61, 288
61, 161
61, 289
61, 162
61, 290
61, 291
61, 163
61, 292
61, 164
61, 293
61, 165
61, 294
61, 166
61, 295
61, 167
61, 296
61, 168
61, 297
61, 169
61, 298
61, 170
61, 299
61, 171
61, 300
61, 172
61, 301
61, 173
61, 302
61, 174
61, 303
61, 175
61, 304
61, 176
61, 177
61, 305
61, 178
61, 306
61, 179
61, 307
61, 180
61, 308
61, 181
61, 309
61, 310
61, 182
61, 311
61, 183
61, 312
61, 184
61, 313
61, 185
61, 314
61, 186
61, 315
61, 187
61, 316
61, 188
61, 317
61, 189
61, 318
61, 62
61, 190
61, 319
61, 63
61, 191
61, 320
61, 64
61, 192
61, 65
61, 321
61, 193
61, 66
61, 322
61, 194
61, 67
61, 323
61, 195
61, 196
61, 68
61, 324
61, 197
61, 69
61, 325
61, 198
61, 70
61, 326
61, 199
61, 71
61, 327
61, 200
61, 72
61, 328
61, 329
61, 201
61, 73
61, 330
61, 202
61, 74
61, 331
61, 203
61, 75
61, 332
61, 204
61, 76
61, 333
61, 205
61, 77
61, 334
61, 206
61, 78
61, 335
61, 207
61, 79
61, 336
61, 208
61, 80
61, 337
61, 81
61, 209
61, 338
61, 82
61, 210
61, 339
61, 83
61, 211
61, 340
61, 84
61, 212
61, 85
61, 341
61, 213
61, 86
61, 342
61, 214
61, 215
61, 87
61, 343
61, 216
61, 88
61, 344
61, 217
61, 89
61, 345
61, 218
61, 90
61, 346
61, 219
61, 91
61, 347
61, 220
61, 348
61, 92
61, 349
61, 221
61, 93
61, 350
61, 222
61, 94
61, 351
61, 223
61, 95
61, 352
61, 224
61, 96
61, 353
61, 225
61, 97
61, 354
61, 226
61, 98
61, 355
61, 227
61, 99
61, 356
61, 228
61, 100
61, 357
61, 101
61, 229
61, 358
61, 102
61, 230
61, 359
61, 103
61, 231
61, 360
61, 104
61, 232
61, 105
61, 361
61, 233
61, 234
61, 106
61, 362
61, 235
61, 107
61, 363
61, 236
61, 108
61, 364
61, 237
61, 109
61, 365
61, 238
61, 110
61, 366
61, 239
61, 367
61, 111
61, 240
61, 368
61, 112
61, 369
61, 241
61, 113
61, 370
61, 242
61, 114
61, 371
61, 243
61, 115
61, 372
61, 244
61, 116
61, 373
61, 245
61, 117
61, 374
61, 246
61, 118
61, 375
61, 247
61, 119
61, 376
61, 120
61, 248
61, 377
61, 121
61, 249
61, 378
61, 122
61, 250
61, 379
61, 123
61, 251
61, 380
61, 124
61, 252
61, 253
61, 125
61, 381
61, 254
61, 126
61, 382
61, 255
61, 127
61, 383
189, 320
189, 256
189, 192
189, 257
189, 193
189, 258
189, 194
189, 259
189, 195
189, 260
189, 196
189, 389
189, 197
189, 390
189, 198
189, 391
189, 199
189, 392
189, 200
189, 393
189, 329
189, 394
189, 330
189, 395
189, 331
189, 396
189, 332
189, 397
189, 333
189, 269
189, 398
189, 334
189, 270
189, 399
189, 335
189, 271
189, 400
189, 336
189, 272
189, 337
189, 273
189, 209
189, 338
189, 274
189, 210
189, 339
189, 275
189, 211
189, 340
189, 276
189, 212
189, 277
189, 213
189, 278
189, 214
189, 279
189, 215
189, 280
189, 216
189, 217
189, 218
189, 219
189, 220
189, 349
189, 350
189, 351
189, 352
189, 353
189, 289
189, 354
189, 290
189, 355
189, 291
189, 356
189, 292
189, 357
189, 293
189, 229
189, 358
189, 294
189, 230
189, 359
189, 295
189, 231
189, 360
189, 296
189, 232
189, 297
189, 233
189, 298
189, 234
189, 299
189, 235
189, 300
189, 236
189, 237
189, 238
189, 239
189, 240
189, 369
189, 370
189, 371
189, 372
189, 373
189, 309
189, 374
189, 310
189, 375
189, 311
189, 376
189, 312
189, 377
189, 313
189, 249
189, 378
189, 314
189, 250
189, 379
189, 315
189, 251
189, 380
189, 316
189, 252
189, 317
189, 253
189, 318
189, 254
189, 190
189, 319
189, 255
189, 191
318, 320
318, 398
318, 399
318, 400
318, 338
318, 339
318, 340
318, 358
318, 359
318, 360
318, 378
318, 379
318, 380
318, 319
62, 256
62, 128
62, 384
62, 257
62, 129
62, 385
62, 258
62, 130
62, 386
62, 259
62, 387
62, 131
62, 260
62, 388
62, 132
62, 389
62, 133
62, 390
62, 262
62, 134
62, 391
62, 263
62, 135
62, 392
62, 264
62, 136
62, 393
62, 265
62, 137
62, 394
62, 266
62, 138
62, 395
62, 267
62, 139
62, 396
62, 140
62, 268
62, 397
62, 269
62, 398
62, 142
62, 270
62, 399
62, 143
62, 271
62, 400
62, 144
62, 272
62, 273
62, 145
62, 274
62, 146
62, 275
62, 147
62, 276
62, 148
62, 277
62, 149
62, 278
62, 150
62, 279
62, 151
62, 280
62, 152
62, 153
62, 282
62, 154
62, 283
62, 155
62, 284
62, 156
62, 285
62, 157
62, 286
62, 158
62, 159
62, 287
62, 160
62, 288
62, 289
62, 162
62, 290
62, 163
62, 291
62, 292
62, 164
62, 293
62, 165
62, 294
62, 166
62, 295
62, 167
62, 296
62, 168
62, 297
62, 169
62, 298
62, 170
62, 299
62, 171
62, 300
62, 172
62, 173
62, 302
62, 174
62, 303
62, 175
62, 304
62, 176
62, 305
62, 177
62, 178
62, 306
62, 179
62, 307
62, 180
62, 308
62, 309
62, 182
62, 310
62, 311
62, 183
62, 312
62, 184
62, 313
62, 185
62, 314
62, 186
62, 315
62, 187
62, 316
62, 188
62, 317
62, 189
62, 318
62, 190
62, 319
62, 63
62, 191
62, 320
62, 64
62, 192
62, 65
62, 193
62, 66
62, 322
62, 194
62, 67
62, 323
62, 195
62, 68
62, 324
62, 196
62, 197
62, 69
62, 325
62, 198
62, 70
62, 326
62, 199
62, 71
62, 327
62, 200
62, 72
62, 328
62, 73
62, 329
62, 330
62, 202
62, 74
62, 331
62, 203
62, 75
62, 332
62, 204
62, 76
62, 333
62, 205
62, 77
62, 334
62, 206
62, 78
62, 335
62, 207
62, 79
62, 336
62, 208
62, 80
62, 337
62, 209
62, 338
62, 82
62, 210
62, 339
62, 83
62, 211
62, 340
62, 84
62, 212
62, 85
62, 213
62, 86
62, 342
62, 214
62, 87
62, 343
62, 215
62, 216
62, 88
62, 344
62, 217
62, 89
62, 345
62, 218
62, 90
62, 346
62, 219
62, 91
62, 347
62, 220
62, 92
62, 348
62, 349
62, 93
62, 350
62, 222
62, 94
62, 351
62, 223
62, 95
62, 352
62, 224
62, 96
62, 353
62, 225
62, 97
62, 354
62, 226
62, 98
62, 355
62, 227
62, 99
62, 356
62, 228
62, 100
62, 357
62, 229
62, 358
62, 102
62, 230
62, 359
62, 103
62, 231
62, 360
62, 104
62, 232
62, 105
62, 233
62, 106
62, 362
62, 234
62, 235
62, 107
62, 363
62, 236
62, 108
62, 364
62, 237
62, 109
62, 365
62, 238
62, 110
62, 366
62, 239
62, 111
62, 367
62, 240
62, 368
62, 112
62, 369
62, 113
62, 370
62, 242
62, 114
62, 371
62, 243
62, 115
62, 372
62, 244
62, 116
62, 373
62, 245
62, 117
62, 374
62, 246
62, 118
62, 375
62, 247
62, 119
62, 376
62, 248
62, 120
62, 377
62, 249
62, 378
62, 122
62, 250
62, 379
62, 123
62, 251
62, 380
62, 124
62, 252
62, 125
62, 253
62, 254
62, 126
62, 382
62, 255
62, 127
62, 383
190, 320
190, 256
190, 192
190, 257
190, 193
190, 258
190, 194
190, 259
190, 195
190, 260
190, 196
190, 197
190, 390
190, 198
190, 391
190, 199
190, 392
190, 200
190, 393
190, 394
190, 330
190, 395
190, 331
190, 396
190, 332
190, 397
190, 333
190, 398
190, 334
190, 270
190, 399
190, 335
190, 271
190, 400
190, 336
190, 272
190, 337
190, 273
190, 338
190, 274
190, 210
190, 339
190, 275
190, 211
190, 340
190, 276
190, 212
190, 277
190, 213
190, 278
190, 214
190, 279
190, 215
190, 280
190, 216
190, 217
190, 218
190, 219
190, 220
190, 350
190, 351
190, 352
190, 353
190, 354
190, 290
190, 355
190, 291
190, 356
190, 292
190, 357
190, 293
190, 358
190, 294
190, 230
190, 359
190, 295
190, 231
190, 360
190, 296
190, 232
190, 297
190, 233
190, 298
190, 234
190, 299
190, 235
190, 300
190, 236
190, 237
190, 238
190, 239
190, 240
190, 370
190, 371
190, 372
190, 373
190, 374
190, 310
190, 375
190, 311
190, 376
190, 312
190, 377
190, 313
190, 378
190, 314
190, 250
190, 379
190, 315
190, 251
190, 380
190, 316
190, 252
190, 317
190, 253
190, 318
190, 254
190, 319
190, 255
190, 191
319, 320
319, 399
319, 400
319, 339
319, 340
319, 359
319, 360
319, 379
319, 380
63, 256
63, 128
63, 384
63, 257
63, 129
63, 385
63, 258
63, 130
63, 386
63, 259
63, 131
63, 387
63, 260
63, 388
63, 132
63, 389
63, 133
63, 390
63, 134
63, 391
63, 263
63, 135
63, 392
63, 264
63, 136
63, 393
63, 265
63, 137
63, 394
63, 266
63, 138
63, 395
63, 267
63, 139
63, 396
63, 268
63, 140
63, 397
63, 269
63, 398
63, 270
63, 399
63, 143
63, 271
63, 400
63, 144
63, 272
63, 145
63, 273
63, 274
63, 146
63, 275
63, 147
63, 276
63, 148
63, 277
63, 149
63, 278
63, 150
63, 279
63, 151
63, 280
63, 152
63, 153
63, 154
63, 283
63, 155
63, 284
63, 156
63, 285
63, 157
63, 286
63, 158
63, 287
63, 159
63, 160
63, 288
63, 289
63, 290
63, 163
63, 291
63, 164
63, 292
63, 293
63, 165
63, 294
63, 166
63, 295
63, 167
63, 296
63, 168
63, 297
63, 169
63, 298
63, 170
63, 299
63, 171
63, 300
63, 172
63, 173
63, 174
63, 303
63, 175
63, 304
63, 176
63, 305
63, 177
63, 306
63, 178
63, 179
63, 307
63, 180
63, 308
63, 309
63, 310
63, 183
63, 311
63, 312
63, 184
63, 313
63, 185
63, 314
63, 186
63, 315
63, 187
63, 316
63, 188
63, 317
63, 189
63, 318
63, 190
63, 319
63, 191
63, 320
63, 64
63, 192
63, 65
63, 193
63, 66
63, 194
63, 67
63, 323
63, 195
63, 68
63, 324
63, 196
63, 69
63, 325
63, 197
63, 198
63, 70
63, 326
63, 199
63, 71
63, 327
63, 200
63, 72
63, 328
63, 73
63, 329
63, 74
63, 330
63, 331
63, 203
63, 75
63, 332
63, 204
63, 76
63, 333
63, 205
63, 77
63, 334
63, 206
63, 78
63, 335
63, 207
63, 79
63, 336
63, 208
63, 80
63, 337
63, 209
63, 338
63, 210
63, 339
63, 83
63, 211
63, 340
63, 84
63, 212
63, 85
63, 213
63, 86
63, 214
63, 87
63, 343
63, 215
63, 88
63, 344
63, 216
63, 217
63, 89
63, 345
63, 218
63, 90
63, 346
63, 219
63, 91
63, 347
63, 220
63, 92
63, 348
63, 93
63, 349
63, 350
63, 94
63, 351
63, 223
63, 95
63, 352
63, 224
63, 96
63, 353
63, 225
63, 97
63, 354
63, 226
63, 98
63, 355
63, 227
63, 99
63, 356
63, 228
63, 100
63, 357
63, 229
63, 358
63, 230
63, 359
63, 103
63, 231
63, 360
63, 104
63, 232
63, 105
63, 233
63, 106
63, 234
63, 107
63, 363
63, 235
63, 236
63, 108
63, 364
63, 237
63, 109
63, 365
63, 238
63, 110
63, 366
63, 239
63, 111
63, 367
63, 240
63, 112
63, 368
63, 369
63, 113
63, 370
63, 114
63, 371
63, 243
63, 115
63, 372
63, 244
63, 116
63, 373
63, 245
63, 117
63, 374
63, 246
63, 118
63, 375
63, 247
63, 119
63, 376
63, 248
63, 120
63, 377
63, 249
63, 378
63, 250
63, 379
63, 123
63, 251
63, 380
63, 124
63, 252
63, 125
63, 253
63, 126
63, 254
63, 255
63, 127
63, 383
191, 320
191, 256
191, 192
191, 257
191, 193
191, 258
191, 194
191, 259
191, 195
191, 260
191, 196
191, 197
191, 198
191, 391
191, 199
191, 392
191, 200
191, 393
191, 394
191, 395
191, 331
191, 396
191, 332
191, 397
191, 333
191, 398
191, 334
191, 399
191, 335
191, 271
191, 400
191, 336
191, 272
191, 337
191, 273
191, 338
191, 274
191, 339
191, 275
191, 211
191, 340
191, 276
191, 212
191, 277
191, 213
191, 278
191, 214
191, 279
191, 215
191, 280
191, 216
191, 217
191, 218
191, 219
191, 220
191, 351
191, 352
191, 353
191, 354
191, 355
191, 291
191, 356
191, 292
191, 357
191, 293
191, 358
191, 294
191, 359
191, 295
191, 231
191, 360
191, 296
191, 232
191, 297
191, 233
191, 298
191, 234
191, 299
191, 235
191, 300
191, 236
191, 237
191, 238
191, 239
191, 240
191, 371
191, 372
191, 373
191, 374
191, 375
191, 311
191, 376
191, 312
191, 377
191, 313
191, 378
191, 314
191, 379
191, 315
191, 251
191, 380
191, 316
191, 252
191, 317
191, 253
191, 318
191, 254
191, 319
191, 255
320, 400
320, 380
320, 360
320, 340
64, 256
64, 128
64, 384
64, 257
64, 129
64, 385
64, 258
64, 130
64, 386
64, 259
64, 131
64, 387
64, 260
64, 132
64, 388
64, 389
64, 133
64, 390
64, 134
64, 391
64, 135
64, 392
64, 264
64, 136
64, 393
64, 265
64, 137
64, 394
64, 266
64, 138
64, 395
64, 267
64, 139
64, 396
64, 268
64, 140
64, 397
64, 269
64, 398
64, 270
64, 399
64, 271
64, 400
64, 144
64, 272
64, 145
64, 273
64, 146
64, 274
64, 275
64, 147
64, 276
64, 148
64, 277
64, 149
64, 278
64, 150
64, 279
64, 151
64, 280
64, 152
64, 153
64, 154
64, 155
64, 284
64, 156
64, 285
64, 157
64, 286
64, 158
64, 287
64, 159
64, 288
64, 160
64, 289
64, 290
64, 291
64, 164
64, 292
64, 165
64, 293
64, 294
64, 166
64, 295
64, 167
64, 296
64, 168
64, 297
64, 169
64, 298
64, 170
64, 299
64, 171
64, 300
64, 172
64, 173
64, 174
64, 175
64, 304
64, 176
64, 305
64, 177
64, 306
64, 178
64, 307
64, 179
64, 180
64, 308
64, 309
64, 310
64, 311
64, 184
64, 312
64, 313
64, 185
64, 314
64, 186
64, 315
64, 187
64, 316
64, 188
64, 317
64, 189
64, 318
64, 190
64, 319
64, 191
64, 320
64, 192
64, 65
64, 193
64, 66
64, 194
64, 67
64, 195
64, 68
64, 324
64, 196
64, 69
64, 325
64, 197
64, 70
64, 326
64, 198
64, 199
64, 71
64, 327
64, 200
64, 72
64, 328
64, 73
64, 329
64, 74
64, 330
64, 75
64, 331
64, 332
64, 204
64, 76
64, 333
64, 205
64, 77
64, 334
64, 206
64, 78
64, 335
64, 207
64, 79
64, 336
64, 208
64, 80
64, 337
64, 209
64, 338
64, 210
64, 339
64, 211
64, 340
64, 84
64, 212
64, 85
64, 213
64, 86
64, 214
64, 87
64, 215
64, 88
64, 344
64, 216
64, 89
64, 345
64, 217
64, 218
64, 90
64, 346
64, 219
64, 91
64, 347
64, 220
64, 92
64, 348
64, 93
64, 349
64, 94
64, 350
64, 351
64, 95
64, 352
64, 224
64, 96
64, 353
64, 225
64, 97
64, 354
64, 226
64, 98
64, 355
64, 227
64, 99
64, 356
64, 228
64, 100
64, 357
64, 229
64, 358
64, 230
64, 359
64, 231
64, 360
64, 104
64, 232
64, 105
64, 233
64, 106
64, 234
64, 107
64, 235
64, 108
64, 364
64, 236
64, 237
64, 109
64, 365
64, 238
64, 110
64, 366
64, 239
64, 111
64, 367
64, 240
64, 112
64, 368
64, 113
64, 369
64, 370
64, 114
64, 371
64, 115
64, 372
64, 244
64, 116
64, 373
64, 245
64, 117
64, 374
64, 246
64, 118
64, 375
64, 247
64, 119
64, 376
64, 248
64, 120
64, 377
64, 249
64, 378
64, 250
64, 379
64, 251
64, 380
64, 124
64, 252
64, 125
64, 253
64, 126
64, 254
64, 127
64, 255
192, 320
192, 256
192, 257
192, 193
192, 258
192, 194
192, 259
192, 195
192, 260
192, 196
192, 197
192, 198
192, 199
192, 392
192, 200
192, 393
192, 394
192, 395
192, 396
192, 332
192, 397
192, 333
192, 398
192, 334
192, 399
192, 335
192, 400
192, 336
192, 272
192, 337
192, 273
192, 338
192, 274
192, 339
192, 275
192, 340
192, 276
192, 212
192, 277
192, 213
192, 278
192, 214
192, 279
192, 215
192, 280
192, 216
192, 217
192, 218
192, 219
192, 220
192, 352
192, 353
192, 354
192, 355
192, 356
192, 292
192, 357
192, 293
192, 358
192, 294
192, 359
192, 295
192, 360
192, 296
192, 232
192, 297
192, 233
192, 298
192, 234
192, 299
192, 235
192, 300
192, 236
192, 237
192, 238
192, 239
192, 240
192, 372
192, 373
192, 374
192, 375
192, 376
192, 312
192, 377
192, 313
192, 378
192, 314
192, 379
192, 315
192, 380
192, 316
192, 252
192, 317
192, 253
192, 318
192, 254
192, 319
192, 255
321, 384
321, 385
321, 386
321, 322
321, 387
321, 323
321, 388
321, 324
321, 389
321, 325
321, 390
321, 326
321, 391
321, 327
321, 392
321, 328
321, 393
321, 329
321, 394
321, 330
321, 395
321, 331
321, 396
321, 332
321, 397
321, 333
321, 398
321, 334
321, 399
321, 335
321, 400
321, 336
321, 337
321, 338
321, 339
321, 340
321, 341
321, 342
321, 343
321, 344
321, 345
321, 346
321, 347
321, 348
321, 349
321, 350
321, 351
321, 352
321, 353
321, 354
321, 355
321, 356
321, 357
321, 358
321, 359
321, 360
321, 361
321, 362
321, 363
321, 364
321, 365
321, 366
321, 367
321, 368
321, 369
321, 370
321, 371
321, 372
321, 373
321, 374
321, 375
321, 376
321, 377
321, 378
321, 379
321, 380
321, 381
321, 382
321, 383
65, 128
65, 256
65, 257
65, 129
65, 385
65, 258
65, 130
65, 386
65, 259
65, 131
65, 387
65, 260
65, 132
65, 388
65, 133
65, 389
65, 390
65, 134
65, 391
65, 135
65, 392
65, 136
65, 393
65, 265
65, 137
65, 394
65, 266
65, 138
65, 395
65, 267
65, 139
65, 396
65, 268
65, 140
65, 397
65, 269
65, 398
65, 270
65, 399
65, 271
65, 400
65, 272
65, 145
65, 273
65, 146
65, 274
65, 147
65, 275
65, 276
65, 148
65, 277
65, 149
65, 278
65, 150
65, 279
65, 151
65, 280
65, 152
65, 153
65, 154
65, 155
65, 156
65, 285
65, 157
65, 286
65, 158
65, 287
65, 159
65, 288
65, 160
65, 289
65, 290
65, 291
65, 292
65, 165
65, 293
65, 166
65, 294
65, 295
65, 167
65, 296
65, 168
65, 297
65, 169
65, 298
65, 170
65, 299
65, 171
65, 300
65, 172
65, 173
65, 174
65, 175
65, 176
65, 305
65, 177
65, 306
65, 178
65, 307
65, 179
65, 308
65, 180
65, 309
65, 310
65, 311
65, 312
65, 185
65, 313
65, 314
65, 186
65, 315
65, 187
65, 316
65, 188
65, 317
65, 189
65, 318
65, 190
65, 319
65, 191
65, 320
65, 192
65, 193
65, 66
65, 194
65, 67
65, 195
65, 68
65, 196
65, 69
65, 325
65, 197
65, 70
65, 326
65, 198
65, 71
65, 327
65, 199
65, 200
65, 72
65, 328
65, 73
65, 329
65, 74
65, 330
65, 75
65, 331
65, 76
65, 332
65, 333
65, 205
65, 77
65, 334
65, 206
65, 78
65, 335
65, 207
65, 79
65, 336
65, 208
65, 80
65, 337
65, 209
65, 338
65, 210
65, 339
65, 211
65, 340
65, 212
65, 85
65, 213
65, 86
65, 214
65, 87
65, 215
65, 88
65, 216
65, 89
65, 345
65, 217
65, 90
65, 346
65, 218
65, 219
65, 91
65, 347
65, 220
65, 92
65, 348
65, 93
65, 349
65, 94
65, 350
65, 95
65, 351
65, 352
65, 96
65, 353
65, 225
65, 97
65, 354
65, 226
65, 98
65, 355
65, 227
65, 99
65, 356
65, 228
65, 100
65, 357
65, 229
65, 358
65, 230
65, 359
65, 231
65, 360
65, 232
65, 105
65, 233
65, 106
65, 234
65, 107
65, 235
65, 108
65, 236
65, 109
65, 365
65, 237
65, 238
65, 110
65, 366
65, 239
65, 111
65, 367
65, 240
65, 112
65, 368
65, 113
65, 369
65, 114
65, 370
65, 371
65, 115
65, 372
65, 116
65, 373
65, 245
65, 117
65, 374
65, 246
65, 118
65, 375
65, 247
65, 119
65, 376
65, 248
65, 120
65, 377
65, 249
65, 378
65, 250
65, 379
65, 251
65, 380
65, 252
65, 125
65, 253
65, 126
65, 254
65, 127
65, 255
193, 320
193, 256
193, 257
193, 258
193, 194
193, 259
193, 195
193, 260
193, 196
193, 197
193, 198
193, 199
193, 200
193, 393
193, 394
193, 395
193, 396
193, 397
193, 333
193, 398
193, 334
193, 399
193, 335
193, 400
193, 336
193, 337
193, 273
193, 338
193, 274
193, 339
193, 275
193, 340
193, 276
193, 277
193, 213
193, 278
193, 214
193, 279
193, 215
193, 280
193, 216
193, 217
193, 218
193, 219
193, 220
193, 353
193, 354
193, 355
193, 356
193, 357
193, 293
193, 358
193, 294
193, 359
193, 295
193, 360
193, 296
193, 297
193, 233
193, 298
193, 234
193, 299
193, 235
193, 300
193, 236
193, 237
193, 238
193, 239
193, 240
193, 373
193, 374
193, 375
193, 376
193, 377
193, 313
193, 378
193, 314
193, 379
193, 315
193, 380
193, 316
193, 317
193, 253
193, 318
193, 254
193, 319
193, 255
322, 384
322, 385
322, 386
322, 387
322, 323
322, 388
322, 324
322, 389
322, 325
322, 390
322, 326
322, 391
322, 327
322, 392
322, 328
322, 393
322, 329
322, 394
322, 330
322, 395
322, 331
322, 396
322, 332
322, 397
322, 333
322, 398
322, 334
322, 399
322, 335
322, 400
322, 336
322, 337
322, 338
322, 339
322, 340
322, 342
322, 343
322, 344
322, 345
322, 346
322, 347
322, 348
322, 349
322, 350
322, 351
322, 352
322, 353
322, 354
322, 355
322, 356
322, 357
322, 358
322, 359
322, 360
322, 362
322, 363
322, 364
322, 365
322, 366
322, 367
322, 368
322, 369
322, 370
322, 371
322, 372
322, 373
322, 374
322, 375
322, 376
322, 377
322, 378
322, 379
322, 380
322, 382
322, 383
66, 128
66, 256
66, 129
66, 257
66, 258
66, 130
66, 386
66, 259
66, 131
66, 387
66, 260
66, 132
66, 388
66, 133
66, 389
66, 134
66, 390
66, 391
66, 135
66, 392
66, 136
66, 393
66, 137
66, 394
66, 266
66, 138
66, 395
66, 267
66, 139
66, 396
66, 268
66, 140
66, 397
66, 269
66, 398
66, 270
66, 399
66, 271
66, 400
66, 272
66, 273
66, 146
66, 274
66, 147
66, 275
66, 148
66, 276
66, 277
66, 149
66, 278
66, 150
66, 279
66, 151
66, 280
66, 152
66, 153
66, 154
66, 155
66, 156
66, 157
66, 286
66, 158
66, 287
66, 159
66, 288
66, 160
66, 289
66, 290
66, 291
66, 292
66, 293
66, 166
66, 294
66, 167
66, 295
66, 296
66, 168
66, 297
66, 169
66, 298
66, 170
66, 299
66, 171
66, 300
66, 172
66, 173
66, 174
66, 175
66, 176
66, 177
66, 306
66, 178
66, 307
66, 179
66, 308
66, 180
66, 309
66, 310
66, 311
66, 312
66, 313
66, 186
66, 314
66, 315
66, 187
66, 316
66, 188
66, 317
66, 189
66, 318
66, 190
66, 319
66, 191
66, 320
66, 192
66, 193
66, 194
66, 67
66, 195
66, 68
66, 196
66, 69
66, 197
66, 70
66, 326
66, 198
66, 71
66, 327
66, 199
66, 72
66, 328
66, 200
66, 73
66, 329
66, 74
66, 330
66, 75
66, 331
66, 76
66, 332
66, 77
66, 333
66, 334
66, 206
66, 78
66, 335
66, 207
66, 79
66, 336
66, 208
66, 80
66, 337
66, 209
66, 338
66, 210
66, 339
66, 211
66, 340
66, 212
66, 213
66, 86
66, 214
66, 87
66, 215
66, 88
66, 216
66, 89
66, 217
66, 90
66, 346
66, 218
66, 91
66, 347
66, 219
66, 220
66, 92
66, 348
66, 93
66, 349
66, 94
66, 350
66, 95
66, 351
66, 96
66, 352
66, 353
66, 97
66, 354
66, 226
66, 98
66, 355
66, 227
66, 99
66, 356
66, 228
66, 100
66, 357
66, 229
66, 358
66, 230
66, 359
66, 231
66, 360
66, 232
66, 233
66, 106
66, 234
66, 107
66, 235
66, 108
66, 236
66, 109
66, 237
66, 110
66, 366
66, 238
66, 239
66, 111
66, 367
66, 240
66, 112
66, 368
66, 113
66, 369
66, 114
66, 370
66, 115
66, 371
66, 372
66, 116
66, 373
66, 117
66, 374
66, 246
66, 118
66, 375
66, 247
66, 119
66, 376
66, 248
66, 120
66, 377
66, 249
66, 378
66, 250
66, 379
66, 251
66, 380
66, 252
66, 253
66, 126
66, 254
66, 127
66, 255
194, 320
194, 256
194, 257
194, 258
194, 259
194, 195
194, 260
194, 196
194, 197
194, 198
194, 199
194, 200
194, 394
194, 395
194, 396
194, 397
194, 398
194, 334
194, 399
194, 335
194, 400
194, 336
194, 337
194, 338
194, 274
194, 339
194, 275
194, 340
194, 276
194, 277
194, 278
194, 214
194, 279
194, 215
194, 280
194, 216
194, 217
194, 218
194, 219
194, 220
194, 354
194, 355
194, 356
194, 357
194, 358
194, 294
194, 359
194, 295
194, 360
194, 296
194, 297
194, 298
194, 234
194, 299
194, 235
194, 300
194, 236
194, 237
194, 238
194, 239
194, 240
194, 374
194, 375
194, 376
194, 377
194, 378
194, 314
194, 379
194, 315
194, 380
194, 316
194, 317
194, 318
194, 254
194, 319
194, 255
323, 384
323, 385
323, 386
323, 387
323, 388
323, 324
323, 389
323, 325
323, 390
323, 326
323, 391
323, 327
323, 392
323, 328
323, 393
323, 329
323, 394
323, 330
323, 395
323, 331
323, 396
323, 332
323, 397
323, 333
323, 398
323, 334
323, 399
323, 335
323, 400
323, 336
323, 337
323, 338
323, 339
323, 340
323, 343
323, 344
323, 345
323, 346
323, 347
323, 348
323, 349
323, 350
323, 351
323, 352
323, 353
323, 354
323, 355
323, 356
323, 357
323, 358
323, 359
323, 360
323, 363
323, 364
323, 365
323, 366
323, 367
323, 368
323, 369
323, 370
323, 371
323, 372
323, 373
323, 374
323, 375
323, 376
323, 377
323, 378
323, 379
323, 380
323, 383
67, 128
67, 256
67, 129
67, 257
67, 130
67, 258
67, 259
67, 131
67, 387
67, 260
67, 132
67, 388
67, 133
67, 389
67, 134
67, 390
67, 135
67, 391
67, 392
67, 136
67, 393
67, 137
67, 394
67, 138
67, 395
67, 267
67, 139
67, 396
67, 268
67, 140
67, 397
67, 269
67, 398
67, 270
67, 399
67, 271
67, 400
67, 272
67, 273
67, 274
67, 147
67, 275
67, 148
67, 276
67, 149
67, 277
67, 278
67, 150
67, 279
67, 151
67, 280
67, 152
67, 153
67, 154
67, 155
67, 156
67, 157
67, 158
67, 287
67, 159
67, 288
67, 160
67, 289
67, 290
67, 291
67, 292
67, 293
67, 294
67, 167
67, 295
67, 168
67, 296
67, 297
67, 169
67, 298
67, 170
67, 299
67, 171
67, 300
67, 172
67, 173
67, 174
67, 175
67, 176
67, 177
67, 178
67, 307
67, 179
67, 308
67, 180
67, 309
67, 310
67, 311
67, 312
67, 313
67, 314
67, 187
67, 315
67, 316
67, 188
67, 317
67, 189
67, 318
67, 190
67, 319
67, 191
67, 320
67, 192
67, 193
67, 194
67, 195
67, 68
67, 196
67, 69
67, 197
67, 70
67, 198
67, 71
67, 327
67, 199
67, 72
67, 328
67, 200
67, 73
67, 329
67, 74
67, 330
67, 75
67, 331
67, 76
67, 332
67, 77
67, 333
67, 78
67, 334
67, 335
67, 207
67, 79
67, 336
67, 208
67, 80
67, 337
67, 209
67, 338
67, 210
67, 339
67, 211
67, 340
67, 212
67, 213
67, 214
67, 87
67, 215
67, 88
67, 216
67, 89
67, 217
67, 90
67, 218
67, 91
67, 347
67, 219
67, 92
67, 348
67, 220
67, 93
67, 349
67, 94
67, 350
67, 95
67, 351
67, 96
67, 352
67, 97
67, 353
67, 354
67, 98
67, 355
67, 227
67, 99
67, 356
67, 228
67, 100
67, 357
67, 229
67, 358
67, 230
67, 359
67, 231
67, 360
67, 232
67, 233
67, 234
67, 107
67, 235
67, 108
67, 236
67, 109
67, 237
67, 110
67, 238
67, 111
67, 367
67, 239
67, 240
67, 112
67, 368
67, 113
67, 369
67, 114
67, 370
67, 115
67, 371
67, 116
67, 372
67, 373
67, 117
67, 374
67, 118
67, 375
67, 247
67, 119
67, 376
67, 248
67, 120
67, 377
67, 249
67, 378
67, 250
67, 379
67, 251
67, 380
67, 252
67, 253
67, 254
67, 127
67, 255
195, 320
195, 256
195, 257
195, 258
195, 259
195, 260
195, 196
195, 197
195, 198
195, 199
195, 200
195, 395
195, 396
195, 397
195, 398
195, 399
195, 335
195, 400
195, 336
195, 337
195, 338
195, 339
195, 275
195, 340
195, 276
195, 277
195, 278
195, 279
195, 215
195, 280
195, 216
195, 217
195, 218
195, 219
195, 220
195, 355
195, 356
195, 357
195, 358
195, 359
195, 295
195, 360
195, 296
195, 297
195, 298
195, 299
195, 235
195, 300
195, 236
195, 237
195, 238
195, 239
195, 240
195, 375
195, 376
195, 377
195, 378
195, 379
195, 315
195, 380
195, 316
195, 317
195, 318
195, 319
195, 255
324, 384
324, 385
324, 386
324, 387
324, 388
324, 389
324, 325
324, 390
324, 326
324, 391
324, 327
324, 392
324, 328
324, 393
324, 329
324, 394
324, 330
324, 395
324, 331
324, 396
324, 332
324, 397
324, 333
324, 398
324, 334
324, 399
324, 335
324, 400
324, 336
324, 337
324, 338
324, 339
324, 340
324, 344
324, 345
324, 346
324, 347
324, 348
324, 349
324, 350
324, 351
324, 352
324, 353
324, 354
324, 355
324, 356
324, 357
324, 358
324, 359
324, 360
324, 364
324, 365
324, 366
324, 367
324, 368
324, 369
324, 370
324, 371
324, 372
324, 373
324, 374
324, 375
324, 376
324, 377
324, 378
324, 379
324, 380
68, 128
68, 256
68, 129
68, 257
68, 130
68, 258
68, 131
68, 259
68, 260
68, 132
68, 388
68, 133
68, 389
68, 134
68, 390
68, 135
68, 391
68, 136
68, 392
68, 393
68, 137
68, 394
68, 138
68, 395
68, 139
68, 396
68, 268
68, 140
68, 397
68, 269
68, 398
68, 270
68, 399
68, 271
68, 400
68, 272
68, 273
68, 274
68, 275
68, 148
68, 276
68, 149
68, 277
68, 150
68, 278
68, 279
68, 151
68, 280
68, 152
68, 153
68, 154
68, 155
68, 156
68, 157
68, 158
68, 159
68, 288
68, 160
68, 289
68, 290
68, 291
68, 292
68, 293
68, 294
68, 295
68, 168
68, 296
68, 169
68, 297
68, 298
68, 170
68, 299
68, 171
68, 300
68, 172
68, 173
68, 174
68, 175
68, 176
68, 177
68, 178
68, 179
68, 308
68, 180
68, 309
68, 310
68, 311
68, 312
68, 313
68, 314
68, 315
68, 188
68, 316
68, 317
68, 189
68, 318
68, 190
68, 319
68, 191
68, 320
68, 192
68, 193
68, 194
68, 195
68, 196
68, 69
68, 197
68, 70
68, 198
68, 71
68, 199
68, 72
68, 328
68, 200
68, 73
68, 329
68, 74
68, 330
68, 75
68, 331
68, 76
68, 332
68, 77
68, 333
68, 78
68, 334
68, 79
68, 335
68, 336
68, 208
68, 80
68, 337
68, 209
68, 338
68, 210
68, 339
68, 211
68, 340
68, 212
68, 213
68, 214
68, 215
68, 88
68, 216
68, 89
68, 217
68, 90
68, 218
68, 91
68, 219
68, 92
68, 348
68, 220
68, 93
68, 349
68, 94
68, 350
68, 95
68, 351
68, 96
68, 352
68, 97
68, 353
68, 98
68, 354
68, 355
68, 99
68, 356
68, 228
68, 100
68, 357
68, 229
68, 358
68, 230
68, 359
68, 231
68, 360
68, 232
68, 233
68, 234
68, 235
68, 108
68, 236
68, 109
68, 237
68, 110
68, 238
68, 111
68, 239
68, 112
68, 368
68, 240
68, 113
68, 369
68, 114
68, 370
68, 115
68, 371
68, 116
68, 372
68, 117
68, 373
68, 374
68, 118
68, 375
68, 119
68, 376
68, 248
68, 120
68, 377
68, 249
68, 378
68, 250
68, 379
68, 251
68, 380
68, 252
68, 253
68, 254
68, 255
196, 320
196, 256
196, 257
196, 258
196, 259
196, 260
196, 197
196, 198
196, 199
196, 200
196, 396
196, 397
196, 398
196, 399
196, 400
196, 336
196, 337
196, 338
196, 339
196, 340
196, 276
196, 277
196, 278
196, 279
196, 280
196, 216
196, 217
196, 218
196, 219
196, 220
196, 356
196, 357
196, 358
196, 359
196, 360
196, 296
196, 297
196, 298
196, 299
196, 300
196, 236
196, 237
196, 238
196, 239
196, 240
196, 376
196, 377
196, 378
196, 379
196, 380
196, 316
196, 317
196, 318
196, 319
325, 385
325, 386
325, 387
325, 388
325, 389
325, 390
325, 326
325, 391
325, 327
325, 392
325, 328
325, 393
325, 329
325, 394
325, 330
325, 395
325, 331
325, 396
325, 332
325, 397
325, 333
325, 398
325, 334
325, 399
325, 335
325, 400
325, 336
325, 337
325, 338
325, 339
325, 340
325, 345
325, 346
325, 347
325, 348
325, 349
325, 350
325, 351
325, 352
325, 353
325, 354
325, 355
325, 356
325, 357
325, 358
325, 359
325, 360
325, 365
325, 366
325, 367
325, 368
325, 369
325, 370
325, 371
325, 372
325, 373
325, 374
325, 375
325, 376
325, 377
325, 378
325, 379
325, 380
69, 320
69, 256
69, 192
69, 257
69, 193
69, 129
69, 258
69, 194
69, 130
69, 259
69, 195
69, 131
69, 260
69, 196
69, 132
69, 389
69, 197
69, 133
69, 390
69, 198
69, 134
69, 70
69, 391
69, 199
69, 135
69, 71
69, 392
69, 200
69, 136
69, 72
69, 393
69, 329
69, 137
69, 73
69, 394
69, 330
69, 138
69, 74
69, 395
69, 331
69, 139
69, 75
69, 396
69, 332
69, 140
69, 76
69, 397
69, 333
69, 269
69, 77
69, 398
69, 334
69, 270
69, 78
69, 399
69, 335
69, 271
69, 79
69, 400
69, 336
69, 272
69, 80
69, 337
69, 273
69, 209
69, 338
69, 274
69, 210
69, 339
69, 275
69, 211
69, 340
69, 276
69, 212
69, 277
69, 213
69, 149
69, 278
69, 214
69, 150
69, 279
69, 215
69, 151
69, 280
69, 216
69, 152
69, 217
69, 153
69, 89
69, 218
69, 154
69, 90
69, 219
69, 155
69, 91
69, 220
69, 156
69, 92
69, 349
69, 157
69, 93
69, 350
69, 158
69, 94
69, 351
69, 159
69, 95
69, 352
69, 160
69, 96
69, 353
69, 289
69, 97
69, 354
69, 290
69, 98
69, 355
69, 291
69, 99
69, 356
69, 292
69, 100
69, 357
69, 293
69, 229
69, 358
69, 294
69, 230
69, 359
69, 295
69, 231
69, 360
69, 296
69, 232
69, 297
69, 233
69, 169
69, 298
69, 234
69, 170
69, 299
69, 235
69, 171
69, 300
69, 236
69, 172
69, 237
69, 173
69, 109
69, 238
69, 174
69, 110
69, 239
69, 175
69, 111
69, 240
69, 176
69, 112
69, 369
69, 177
69, 113
69, 370
69, 178
69, 114
69, 371
69, 179
69, 115
69, 372
69, 180
69, 116
69, 373
69, 309
69, 117
69, 374
69, 310
69, 118
69, 375
69, 311
69, 119
69, 376
69, 312
69, 120
69, 377
69, 313
69, 249
69, 378
69, 314
69, 250
69, 379
69, 315
69, 251
69, 380
69, 316
69, 252
69, 317
69, 253
69, 189
69, 318
69, 254
69, 190
69, 319
69, 255
69, 191
197, 320
197, 257
197, 258
197, 259
197, 260
197, 198
197, 199
197, 200
197, 397
197, 398
197, 399
197, 400
197, 337
197, 338
197, 339
197, 340
197, 277
197, 278
197, 279
197, 280
197, 217
197, 218
197, 219
197, 220
197, 357
197, 358
197, 359
197, 360
197, 297
197, 298
197, 299
197, 300
197, 237
197, 238
197, 239
197, 240
197, 377
197, 378
197, 379
197, 380
197, 317
197, 318
197, 319
326, 386
326, 387
326, 388
326, 389
326, 390
326, 391
326, 327
326, 392
326, 328
326, 393
326, 329
326, 394
326, 330
326, 395
326, 331
326, 396
326, 332
326, 397
326, 333
326, 398
326, 334
326, 399
326, 335
326, 400
326, 336
326, 337
326, 338
326, 339
326, 340
326, 346
326, 347
326, 348
326, 349
326, 350
326, 351
326, 352
326, 353
326, 354
326, 355
326, 356
326, 357
326, 358
326, 359
326, 360
326, 366
326, 367
326, 368
326, 369
326, 370
326, 371
326, 372
326, 373
326, 374
326, 375
326, 376
326, 377
326, 378
326, 379
326, 380
70, 320
70, 256
70, 192
70, 257
70, 193
70, 258
70, 194
70, 130
70, 259
70, 195
70, 131
70, 260
70, 196
70, 132
70, 197
70, 133
70, 390
70, 198
70, 134
70, 391
70, 199
70, 135
70, 71
70, 392
70, 200
70, 136
70, 72
70, 393
70, 137
70, 73
70, 394
70, 330
70, 138
70, 74
70, 395
70, 331
70, 139
70, 75
70, 396
70, 332
70, 140
70, 76
70, 397
70, 333
70, 77
70, 398
70, 334
70, 270
70, 78
70, 399
70, 335
70, 271
70, 79
70, 400
70, 336
70, 272
70, 80
70, 337
70, 273
70, 338
70, 274
70, 210
70, 339
70, 275
70, 211
70, 340
70, 276
70, 212
70, 277
70, 213
70, 278
70, 214
70, 150
70, 279
70, 215
70, 151
70, 280
70, 216
70, 152
70, 217
70, 153
70, 218
70, 154
70, 90
70, 219
70, 155
70, 91
70, 220
70, 156
70, 92
70, 157
70, 93
70, 350
70, 158
70, 94
70, 351
70, 159
70, 95
70, 352
70, 160
70, 96
70, 353
70, 97
70, 354
70, 290
70, 98
70, 355
70, 291
70, 99
70, 356
70, 292
70, 100
70, 357
70, 293
70, 358
70, 294
70, 230
70, 359
70, 295
70, 231
70, 360
70, 296
70, 232
70, 297
70, 233
70, 298
70, 234
70, 170
70, 299
70, 235
70, 171
70, 300
70, 236
70, 172
70, 237
70, 173
70, 238
70, 174
70, 110
70, 239
70, 175
70, 111
70, 240
70, 176
70, 112
70, 177
70, 113
70, 370
70, 178
70, 114
70, 371
70, 179
70, 115
70, 372
70, 180
70, 116
70, 373
70, 117
70, 374
70, 310
70, 118
70, 375
70, 311
70, 119
70, 376
70, 312
70, 120
70, 377
70, 313
70, 378
70, 314
70, 250
70, 379
70, 315
70, 251
70, 380
70, 316
70, 252
70, 317
70, 253
70, 318
70, 254
70, 190
70, 319
70, 255
70, 191
198, 320
198, 258
198, 259
198, 260
198, 199
198, 200
198, 398
198, 399
198, 400
198, 338
198, 339
198, 340
198, 278
198, 279
198, 280
198, 218
198, 219
198, 220
198, 358
198, 359
198, 360
198, 298
198, 299
198, 300
198, 238
198, 239
198, 240
198, 378
198, 379
198, 380
198, 318
198, 319
327, 387
327, 388
327, 389
327, 390
327, 391
327, 392
327, 328
327, 393
327, 329
327, 394
327, 330
327, 395
327, 331
327, 396
327, 332
327, 397
327, 333
327, 398
327, 334
327, 399
327, 335
327, 400
327, 336
327, 337
327, 338
327, 339
327, 340
327, 347
327, 348
327, 349
327, 350
327, 351
327, 352
327, 353
327, 354
327, 355
327, 356
327, 357
327, 358
327, 359
327, 360
327, 367
327, 368
327, 369
327, 370
327, 371
327, 372
327, 373
327, 374
327, 375
327, 376
327, 377
327, 378
327, 379
327, 380
71, 320
71, 256
71, 192
71, 257
71, 193
71, 258
71, 194
71, 259
71, 195
71, 131
71, 260
71, 196
71, 132
71, 197
71, 133
71, 198
71, 134
71, 391
71, 199
71, 135
71, 392
71, 200
71, 136
71, 72
71, 393
71, 137
71, 73
71, 394
71, 138
71, 74
71, 395
71, 331
71, 139
71, 75
71, 396
71, 332
71, 140
71, 76
71, 397
71, 333
71, 77
71, 398
71, 334
71, 78
71, 399
71, 335
71, 271
71, 79
71, 400
71, 336
71, 272
71, 80
71, 337
71, 273
71, 338
71, 274
71, 339
71, 275
71, 211
71, 340
71, 276
71, 212
71, 277
71, 213
71, 278
71, 214
71, 279
71, 215
71, 151
71, 280
71, 216
71, 152
71, 217
71, 153
71, 218
71, 154
71, 219
71, 155
71, 91
71, 220
71, 156
71, 92
71, 157
71, 93
71, 158
71, 94
71, 351
71, 159
71, 95
71, 352
71, 160
71, 96
71, 353
71, 97
71, 354
71, 98
71, 355
71, 291
71, 99
71, 356
71, 292
71, 100
71, 357
71, 293
71, 358
71, 294
71, 359
71, 295
71, 231
71, 360
71, 296
71, 232
71, 297
71, 233
71, 298
71, 234
71, 299
71, 235
71, 171
71, 300
71, 236
71, 172
71, 237
71, 173
71, 238
71, 174
71, 239
71, 175
71, 111
71, 240
71, 176
71, 112
71, 177
71, 113
71, 178
71, 114
71, 371
71, 179
71, 115
71, 372
71, 180
71, 116
71, 373
71, 117
71, 374
71, 118
71, 375
71, 311
71, 119
71, 376
71, 312
71, 120
71, 377
71, 313
71, 378
71, 314
71, 379
71, 315
71, 251
71, 380
71, 316
71, 252
71, 317
71, 253
71, 318
71, 254
71, 319
71, 255
71, 191
199, 320
199, 259
199, 260
199, 200
199, 399
199, 400
199, 339
199, 340
199, 279
199, 280
199, 219
199, 220
199, 359
199, 360
199, 299
199, 300
199, 239
199, 240
199, 379
199, 380
199, 319
200, 320
200, 260
200, 400
200, 340
200, 280
200, 220
200, 360
200, 300
200, 240
200, 380
328, 388
328, 389
328, 390
328, 391
328, 392
328, 393
328, 329
328, 394
328, 330
328, 395
328, 331
328, 396
328, 332
328, 397
328, 333
328, 398
328, 334
328, 399
328, 335
328, 400
328, 336
328, 337
328, 338
328, 339
328, 340
328, 348
328, 349
328, 350
328, 351
328, 352
328, 353
328, 354
328, 355
328, 356
328, 357
328, 358
328, 359
328, 360
328, 368
328, 369
328, 370
328, 371
328, 372
328, 373
328, 374
328, 375
328, 376
328, 377
328, 378
328, 379
328, 380
72, 320
72, 256
72, 192
72, 257
72, 193
72, 258
72, 194
72, 259
72, 195
72, 260
72, 196
72, 132
72, 197
72, 133
72, 198
72, 134
72, 199
72, 135
72, 392
72, 200
72, 136
72, 393
72, 137
72, 73
72, 394
72, 138
72, 74
72, 395
72, 139
72, 75
72, 396
72, 332
72, 140
72, 76
72, 397
72, 333
72, 77
72, 398
72, 334
72, 78
72, 399
72, 335
72, 79
72, 400
72, 336
72, 272
72, 80
72, 337
72, 273
72, 338
72, 274
72, 339
72, 275
72, 340
72, 276
72, 212
72, 277
72, 213
72, 278
72, 214
72, 279
72, 215
72, 280
72, 216
72, 152
72, 217
72, 153
72, 218
72, 154
72, 219
72, 155
72, 220
72, 156
72, 92
72, 157
72, 93
72, 158
72, 94
72, 159
72, 95
72, 352
72, 160
72, 96
72, 353
72, 97
72, 354
72, 98
72, 355
72, 99
72, 356
72, 292
72, 100
72, 357
72, 293
72, 358
72, 294
72, 359
72, 295
72, 360
72, 296
72, 232
72, 297
72, 233
72, 298
72, 234
72, 299
72, 235
72, 300
72, 236
72, 172
72, 237
72, 173
72, 238
72, 174
72, 239
72, 175
72, 240
72, 176
72, 112
72, 177
72, 113
72, 178
72, 114
72, 179
72, 115
72, 372
72, 180
72, 116
72, 373
72, 117
72, 374
72, 118
72, 375
72, 119
72, 376
72, 312
72, 120
72, 377
72, 313
72, 378
72, 314
72, 379
72, 315
72, 380
72, 316
72, 252
72, 317
72, 253
72, 318
72, 254
72, 319
72, 255
329, 389
329, 390
329, 391
329, 392
329, 393
329, 394
329, 330
329, 395
329, 331
329, 396
329, 332
329, 397
329, 333
329, 398
329, 334
329, 399
329, 335
329, 400
329, 336
329, 337
329, 338
329, 339
329, 340
329, 349
329, 350
329, 351
329, 352
329, 353
329, 354
329, 355
329, 356
329, 357
329, 358
329, 359
329, 360
329, 369
329, 370
329, 371
329, 372
329, 373
329, 374
329, 375
329, 376
329, 377
329, 378
329, 379
329, 380
73, 320
73, 256
73, 257
73, 193
73, 258
73, 194
73, 259
73, 195
73, 260
73, 196
73, 197
73, 133
73, 198
73, 134
73, 199
73, 135
73, 200
73, 136
73, 393
73, 137
73, 394
73, 138
73, 74
73, 395
73, 139
73, 75
73, 396
73, 140
73, 76
73, 397
73, 333
73, 77
73, 398
73, 334
73, 78
73, 399
73, 335
73, 79
73, 400
73, 336
73, 80
73, 337
73, 273
73, 338
73, 274
73, 339
73, 275
73, 340
73, 276
73, 277
73, 213
73, 278
73, 214
73, 279
73, 215
73, 280
73, 216
73, 217
73, 153
73, 218
73, 154
73, 219
73, 155
73, 220
73, 156
73, 157
73, 93
73, 158
73, 94
73, 159
73, 95
73, 160
73, 96
73, 353
73, 97
73, 354
73, 98
73, 355
73, 99
73, 356
73, 100
73, 357
73, 293
73, 358
73, 294
73, 359
73, 295
73, 360
73, 296
73, 297
73, 233
73, 298
73, 234
73, 299
73, 235
73, 300
73, 236
73, 237
73, 173
73, 238
73, 174
73, 239
73, 175
73, 240
73, 176
73, 177
73, 113
73, 178
73, 114
73, 179
73, 115
73, 180
73, 116
73, 373
73, 117
73, 374
73, 118
73, 375
73, 119
73, 376
73, 120
73, 377
73, 313
73, 378
73, 314
73, 379
73, 315
73, 380
73, 316
73, 317
73, 253
73, 318
73, 254
73, 319
73, 255
201, 320
201, 256
201, 384
201, 257
201, 385
201, 321
201, 258
201, 386
201, 322
201, 259
201, 387
201, 323
201, 260
201, 388
201, 324
201, 389
201, 325
201, 261
201, 390
201, 326
201, 262
201, 391
201, 327
201, 263
201, 392
201, 328
201, 264
201, 393
201, 329
201, 265
201, 394
201, 330
201, 266
201, 202
201, 395
201, 331
201, 267
201, 203
201, 396
201, 332
201, 268
201, 204
201, 397
201, 333
201, 269
201, 205
201, 398
201, 334
201, 270
201, 206
201, 399
201, 335
201, 271
201, 207
201, 400
201, 336
201, 272
201, 208
201, 337
201, 273
201, 209
201, 338
201, 274
201, 210
201, 339
201, 275
201, 211
201, 340
201, 276
201, 212
201, 277
201, 213
201, 341
201, 278
201, 214
201, 342
201, 279
201, 215
201, 343
201, 280
201, 216
201, 344
201, 217
201, 345
201, 281
201, 218
201, 346
201, 282
201, 219
201, 347
201, 283
201, 220
201, 348
201, 284
201, 349
201, 285
201, 221
201, 350
201, 286
201, 222
201, 351
201, 287
201, 223
201, 352
201, 288
201, 224
201, 353
201, 289
201, 225
201, 354
201, 290
201, 226
201, 355
201, 291
201, 227
201, 356
201, 292
201, 228
201, 357
201, 293
201, 229
201, 358
201, 294
201, 230
201, 359
201, 295
201, 231
201, 360
201, 296
201, 232
201, 297
201, 233
201, 361
201, 298
201, 234
201, 362
201, 299
201, 235
201, 363
201, 300
201, 236
201, 364
201, 237
201, 365
201, 301
201, 238
201, 366
201, 302
201, 239
201, 367
201, 303
201, 240
201, 368
201, 304
201, 369
201, 305
201, 241
201, 370
201, 306
201, 242
201, 371
201, 307
201, 243
201, 372
201, 308
201, 244
201, 373
201, 309
201, 245
201, 374
201, 310
201, 246
201, 375
201, 311
201, 247
201, 376
201, 312
201, 248
201, 377
201, 313
201, 249
201, 378
201, 314
201, 250
201, 379
201, 315
201, 251
201, 380
201, 316
201, 252
201, 317
201, 253
201, 381
201, 318
201, 254
201, 382
201, 319
201, 255
201, 383
330, 390
330, 391
330, 392
330, 393
330, 394
330, 395
330, 331
330, 396
330, 332
330, 397
330, 333
330, 398
330, 334
330, 399
330, 335
330, 400
330, 336
330, 337
330, 338
330, 339
330, 340
330, 350
330, 351
330, 352
330, 353
330, 354
330, 355
330, 356
330, 357
330, 358
330, 359
330, 360
330, 370
330, 371
330, 372
330, 373
330, 374
330, 375
330, 376
330, 377
330, 378
330, 379
330, 380
74, 320
74, 256
74, 257
74, 258
74, 194
74, 259
74, 195
74, 260
74, 196
74, 197
74, 198
74, 134
74, 199
74, 135
74, 200
74, 136
74, 137
74, 394
74, 138
74, 395
74, 139
74, 75
74, 396
74, 140
74, 76
74, 397
74, 77
74, 398
74, 334
74, 78
74, 399
74, 335
74, 79
74, 400
74, 336
74, 80
74, 337
74, 338
74, 274
74, 339
74, 275
74, 340
74, 276
74, 277
74, 278
74, 214
74, 279
74, 215
74, 280
74, 216
74, 217
74, 218
74, 154
74, 219
74, 155
74, 220
74, 156
74, 157
74, 158
74, 94
74, 159
74, 95
74, 160
74, 96
74, 97
74, 354
74, 98
74, 355
74, 99
74, 356
74, 100
74, 357
74, 358
74, 294
74, 359
74, 295
74, 360
74, 296
74, 297
74, 298
74, 234
74, 299
74, 235
74, 300
74, 236
74, 237
74, 238
74, 174
74, 239
74, 175
74, 240
74, 176
74, 177
74, 178
74, 114
74, 179
74, 115
74, 180
74, 116
74, 117
74, 374
74, 118
74, 375
74, 119
74, 376
74, 120
74, 377
74, 378
74, 314
74, 379
74, 315
74, 380
74, 316
74, 317
74, 318
74, 254
74, 319
74, 255
202, 320
202, 256
202, 384
202, 257
202, 385
202, 258
202, 386
202, 322
202, 259
202, 387
202, 323
202, 260
202, 388
202, 324
202, 389
202, 325
202, 390
202, 326
202, 262
202, 391
202, 327
202, 263
202, 392
202, 328
202, 264
202, 393
202, 329
202, 265
202, 394
202, 330
202, 266
202, 395
202, 331
202, 267
202, 203
202, 396
202, 332
202, 268
202, 204
202, 397
202, 333
202, 269
202, 205
202, 398
202, 334
202, 270
202, 206
202, 399
202, 335
202, 271
202, 207
202, 400
202, 336
202, 272
202, 208
202, 337
202, 273
202, 209
202, 338
202, 274
202, 210
202, 339
202, 275
202, 211
202, 340
202, 276
202, 212
202, 277
202, 213
202, 278
202, 214
202, 342
202, 279
202, 215
202, 343
202, 280
202, 216
202, 344
202, 217
202, 345
202, 218
202, 346
202, 282
202, 219
202, 347
202, 283
202, 220
202, 348
202, 284
202, 349
202, 285
202, 350
202, 286
202, 222
202, 351
202, 287
202, 223
202, 352
202, 288
202, 224
202, 353
202, 289
202, 225
202, 354
202, 290
202, 226
202, 355
202, 291
202, 227
202, 356
202, 292
202, 228
202, 357
202, 293
202, 229
202, 358
202, 294
202, 230
202, 359
202, 295
202, 231
202, 360
202, 296
202, 232
202, 297
202, 233
202, 298
202, 234
202, 362
202, 299
202, 235
202, 363
202, 300
202, 236
202, 364
202, 237
202, 365
202, 238
202, 366
202, 302
202, 239
202, 367
202, 303
202, 240
202, 368
202, 304
202, 369
202, 305
202, 370
202, 306
202, 242
202, 371
202, 307
202, 243
202, 372
202, 308
202, 244
202, 373
202, 309
202, 245
202, 374
202, 310
202, 246
202, 375
202, 311
202, 247
202, 376
202, 312
202, 248
202, 377
202, 313
202, 249
202, 378
202, 314
202, 250
202, 379
202, 315
202, 251
202, 380
202, 316
202, 252
202, 317
202, 253
202, 318
202, 254
202, 382
202, 319
202, 255
202, 383
331, 391
331, 392
331, 393
331, 394
331, 395
331, 396
331, 332
331, 397
331, 333
331, 398
331, 334
331, 399
331, 335
331, 400
331, 336
331, 337
331, 338
331, 339
331, 340
331, 351
331, 352
331, 353
331, 354
331, 355
331, 356
331, 357
331, 358
331, 359
331, 360
331, 371
331, 372
331, 373
331, 374
331, 375
331, 376
331, 377
331, 378
331, 379
331, 380
75, 320
75, 256
75, 257
75, 258
75, 259
75, 195
75, 260
75, 196
75, 197
75, 198
75, 199
75, 135
75, 200
75, 136
75, 137
75, 138
75, 395
75, 139
75, 396
75, 140
75, 76
75, 397
75, 77
75, 398
75, 78
75, 399
75, 335
75, 79
75, 400
75, 336
75, 80
75, 337
75, 338
75, 339
75, 275
75, 340
75, 276
75, 277
75, 278
75, 279
75, 215
75, 280
75, 216
75, 217
75, 218
75, 219
75, 155
75, 220
75, 156
75, 157
75, 158
75, 159
75, 95
75, 160
75, 96
75, 97
75, 98
75, 355
75, 99
75, 356
75, 100
75, 357
75, 358
75, 359
75, 295
75, 360
75, 296
75, 297
75, 298
75, 299
75, 235
75, 300
75, 236
75, 237
75, 238
75, 239
75, 175
75, 240
75, 176
75, 177
75, 178
75, 179
75, 115
75, 180
75, 116
75, 117
75, 118
75, 375
75, 119
75, 376
75, 120
75, 377
75, 378
75, 379
75, 315
75, 380
75, 316
75, 317
75, 318
75, 319
75, 255
203, 320
203, 256
203, 384
203, 257
203, 385
203, 258
203, 386
203, 259
203, 387
203, 323
203, 260
203, 388
203, 324
203, 389
203, 325
203, 390
203, 326
203, 391
203, 327
203, 263
203, 392
203, 328
203, 264
203, 393
203, 329
203, 265
203, 394
203, 330
203, 266
203, 395
203, 331
203, 267
203, 396
203, 332
203, 268
203, 204
203, 397
203, 333
203, 269
203, 205
203, 398
203, 334
203, 270
203, 206
203, 399
203, 335
203, 271
203, 207
203, 400
203, 336
203, 272
203, 208
203, 337
203, 273
203, 209
203, 338
203, 274
203, 210
203, 339
203, 275
203, 211
203, 340
203, 276
203, 212
203, 277
203, 213
203, 278
203, 214
203, 279
203, 215
203, 343
203, 280
203, 216
203, 344
203, 217
203, 345
203, 218
203, 346
203, 219
203, 347
203, 283
203, 220
203, 348
203, 284
203, 349
203, 285
203, 350
203, 286
203, 351
203, 287
203, 223
203, 352
203, 288
203, 224
203, 353
203, 289
203, 225
203, 354
203, 290
203, 226
203, 355
203, 291
203, 227
203, 356
203, 292
203, 228
203, 357
203, 293
203, 229
203, 358
203, 294
203, 230
203, 359
203, 295
203, 231
203, 360
203, 296
203, 232
203, 297
203, 233
203, 298
203, 234
203, 299
203, 235
203, 363
203, 300
203, 236
203, 364
203, 237
203, 365
203, 238
203, 366
203, 239
203, 367
203, 303
203, 240
203, 368
203, 304
203, 369
203, 305
203, 370
203, 306
203, 371
203, 307
203, 243
203, 372
203, 308
203, 244
203, 373
203, 309
203, 245
203, 374
203, 310
203, 246
203, 375
203, 311
203, 247
203, 376
203, 312
203, 248
203, 377
203, 313
203, 249
203, 378
203, 314
203, 250
203, 379
203, 315
203, 251
203, 380
203, 316
203, 252
203, 317
203, 253
203, 318
203, 254
203, 319
203, 255
203, 383
332, 392
332, 393
332, 394
332, 395
332, 396
332, 397
332, 333
332, 398
332, 334
332, 399
332, 335
332, 400
332, 336
332, 337
332, 338
332, 339
332, 340
332, 352
332, 353
332, 354
332, 355
332, 356
332, 357
332, 358
332, 359
332, 360
332, 372
332, 373
332, 374
332, 375
332, 376
332, 377
332, 378
332, 379
332, 380
76, 320
76, 256
76, 257
76, 258
76, 259
76, 260
76, 196
76, 197
76, 198
76, 199
76, 200
76, 136
76, 137
76, 138
76, 139
76, 396
76, 140
76, 397
76, 77
76, 398
76, 78
76, 399
76, 79
76, 400
76, 336
76, 80
76, 337
76, 338
76, 339
76, 340
76, 276
76, 277
76, 278
76, 279
76, 280
76, 216
76, 217
76, 218
76, 219
76, 220
76, 156
76, 157
76, 158
76, 159
76, 160
76, 96
76, 97
76, 98
76, 99
76, 356
76, 100
76, 357
76, 358
76, 359
76, 360
76, 296
76, 297
76, 298
76, 299
76, 300
76, 236
76, 237
76, 238
76, 239
76, 240
76, 176
76, 177
76, 178
76, 179
76, 180
76, 116
76, 117
76, 118
76, 119
76, 376
76, 120
76, 377
76, 378
76, 379
76, 380
76, 316
76, 317
76, 318
76, 319
204, 320
204, 256
204, 384
204, 257
204, 385
204, 258
204, 386
204, 259
204, 387
204, 260
204, 388
204, 324
204, 389
204, 325
204, 390
204, 326
204, 391
204, 327
204, 392
204, 328
204, 264
204, 393
204, 329
204, 265
204, 394
204, 330
204, 266
204, 395
204, 331
204, 267
204, 396
204, 332
204, 268
204, 397
204, 333
204, 269
204, 205
204, 398
204, 334
204, 270
204, 206
204, 399
204, 335
204, 271
204, 207
204, 400
204, 336
204, 272
204, 208
204, 337
204, 273
204, 209
204, 338
204, 274
204, 210
204, 339
204, 275
204, 211
204, 340
204, 276
204, 212
204, 277
204, 213
204, 278
204, 214
204, 279
204, 215
204, 280
204, 216
204, 344
204, 217
204, 345
204, 218
204, 346
204, 219
204, 347
204, 220
204, 348
204, 284
204, 349
204, 285
204, 350
204, 286
204, 351
204, 287
204, 352
204, 288
204, 224
204, 353
204, 289
204, 225
204, 354
204, 290
204, 226
204, 355
204, 291
204, 227
204, 356
204, 292
204, 228
204, 357
204, 293
204, 229
204, 358
204, 294
204, 230
204, 359
204, 295
204, 231
204, 360
204, 296
204, 232
204, 297
204, 233
204, 298
204, 234
204, 299
204, 235
204, 300
204, 236
204, 364
204, 237
204, 365
204, 238
204, 366
204, 239
204, 367
204, 240
204, 368
204, 304
204, 369
204, 305
204, 370
204, 306
204, 371
204, 307
204, 372
204, 308
204, 244
204, 373
204, 309
204, 245
204, 374
204, 310
204, 246
204, 375
204, 311
204, 247
204, 376
204, 312
204, 248
204, 377
204, 313
204, 249
204, 378
204, 314
204, 250
204, 379
204, 315
204, 251
204, 380
204, 316
204, 252
204, 317
204, 253
204, 318
204, 254
204, 319
204, 255
333, 393
333, 394
333, 395
333, 396
333, 397
333, 398
333, 334
333, 399
333, 335
333, 400
333, 336
333, 337
333, 338
333, 339
333, 340
333, 353
333, 354
333, 355
333, 356
333, 357
333, 358
333, 359
333, 360
333, 373
333, 374
333, 375
333, 376
333, 377
333, 378
333, 379
333, 380
77, 320
77, 257
77, 258
77, 259
77, 260
77, 197
77, 198
77, 199
77, 200
77, 137
77, 138
77, 139
77, 140
77, 397
77, 398
77, 78
77, 399
77, 79
77, 400
77, 80
77, 337
77, 338
77, 339
77, 340
77, 277
77, 278
77, 279
77, 280
77, 217
77, 218
77, 219
77, 220
77, 157
77, 158
77, 159
77, 160
77, 97
77, 98
77, 99
77, 100
77, 357
77, 358
77, 359
77, 360
77, 297
77, 298
77, 299
77, 300
77, 237
77, 238
77, 239
77, 240
77, 177
77, 178
77, 179
77, 180
77, 117
77, 118
77, 119
77, 120
77, 377
77, 378
77, 379
77, 380
77, 317
77, 318
77, 319
205, 320
205, 256
205, 257
205, 385
205, 258
205, 386
205, 259
205, 387
205, 260
205, 388
205, 389
205, 325
205, 390
205, 326
205, 391
205, 327
205, 392
205, 328
205, 393
205, 329
205, 265
205, 394
205, 330
205, 266
205, 395
205, 331
205, 267
205, 396
205, 332
205, 268
205, 397
205, 333
205, 269
205, 398
205, 334
205, 270
205, 206
205, 399
205, 335
205, 271
205, 207
205, 400
205, 336
205, 272
205, 208
205, 337
205, 273
205, 209
205, 338
205, 274
205, 210
205, 339
205, 275
205, 211
205, 340
205, 276
205, 212
205, 277
205, 213
205, 278
205, 214
205, 279
205, 215
205, 280
205, 216
205, 217
205, 345
205, 218
205, 346
205, 219
205, 347
205, 220
205, 348
205, 349
205, 285
205, 350
205, 286
205, 351
205, 287
205, 352
205, 288
205, 353
205, 289
205, 225
205, 354
205, 290
205, 226
205, 355
205, 291
205, 227
205, 356
205, 292
205, 228
205, 357
205, 293
205, 229
205, 358
205, 294
205, 230
205, 359
205, 295
205, 231
205, 360
205, 296
205, 232
205, 297
205, 233
205, 298
205, 234
205, 299
205, 235
205, 300
205, 236
205, 237
205, 365
205, 238
205, 366
205, 239
205, 367
205, 240
205, 368
205, 369
205, 305
205, 370
205, 306
205, 371
205, 307
205, 372
205, 308
205, 373
205, 309
205, 245
205, 374
205, 310
205, 246
205, 375
205, 311
205, 247
205, 376
205, 312
205, 248
205, 377
205, 313
205, 249
205, 378
205, 314
205, 250
205, 379
205, 315
205, 251
205, 380
205, 316
205, 252
205, 317
205, 253
205, 318
205, 254
205, 319
205, 255
334, 394
334, 395
334, 396
334, 397
334, 398
334, 399
334, 335
334, 400
334, 336
334, 337
334, 338
334, 339
334, 340
334, 354
334, 355
334, 356
334, 357
334, 358
334, 359
334, 360
334, 374
334, 375
334, 376
334, 377
334, 378
334, 379
334, 380
78, 320
78, 258
78, 259
78, 260
78, 198
78, 199
78, 200
78, 138
78, 139
78, 140
78, 398
78, 399
78, 79
78, 400
78, 80
78, 338
78, 339
78, 340
78, 278
78, 279
78, 280
78, 218
78, 219
78, 220
78, 158
78, 159
78, 160
78, 98
78, 99
78, 100
78, 358
78, 359
78, 360
78, 298
78, 299
78, 300
78, 238
78, 239
78, 240
78, 178
78, 179
78, 180
78, 118
78, 119
78, 120
78, 378
78, 379
78, 380
78, 318
78, 319
206, 320
206, 256
206, 257
206, 258
206, 386
206, 259
206, 387
206, 260
206, 388
206, 389
206, 390
206, 326
206, 391
206, 327
206, 392
206, 328
206, 393
206, 329
206, 394
206, 330
206, 266
206, 395
206, 331
206, 267
206, 396
206, 332
206, 268
206, 397
206, 333
206, 269
206, 398
206, 334
206, 270
206, 399
206, 335
206, 271
206, 207
206, 400
206, 336
206, 272
206, 208
206, 337
206, 273
206, 209
206, 338
206, 274
206, 210
206, 339
206, 275
206, 211
206, 340
206, 276
206, 212
206, 277
206, 213
206, 278
206, 214
206, 279
206, 215
206, 280
206, 216
206, 217
206, 218
206, 346
206, 219
206, 347
206, 220
206, 348
206, 349
206, 350
206, 286
206, 351
206, 287
206, 352
206, 288
206, 353
206, 289
206, 354
206, 290
206, 226
206, 355
206, 291
206, 227
206, 356
206, 292
206, 228
206, 357
206, 293
206, 229
206, 358
206, 294
206, 230
206, 359
206, 295
206, 231
206, 360
206, 296
206, 232
206, 297
206, 233
206, 298
206, 234
206, 299
206, 235
206, 300
206, 236
206, 237
206, 238
206, 366
206, 239
206, 367
206, 240
206, 368
206, 369
206, 370
206, 306
206, 371
206, 307
206, 372
206, 308
206, 373
206, 309
206, 374
206, 310
206, 246
206, 375
206, 311
206, 247
206, 376
206, 312
206, 248
206, 377
206, 313
206, 249
206, 378
206, 314
206, 250
206, 379
206, 315
206, 251
206, 380
206, 316
206, 252
206, 317
206, 253
206, 318
206, 254
206, 319
206, 255
335, 395
335, 396
335, 397
335, 398
335, 399
335, 400
335, 336
335, 337
335, 338
335, 339
335, 340
335, 355
335, 356
335, 357
335, 358
335, 359
335, 360
335, 375
335, 376
335, 377
335, 378
335, 379
335, 380
79, 320
79, 259
79, 260
79, 199
79, 200
79, 139
79, 140
79, 399
79, 400
79, 80
79, 339
79, 340
79, 279
79, 280
79, 219
79, 220
79, 159
79, 160
79, 99
79, 100
79, 359
79, 360
79, 299
79, 300
79, 239
79, 240
79, 179
79, 180
79, 119
79, 120
79, 379
79, 380
79, 319
207, 320
207, 256
207, 257
207, 258
207, 259
207, 387
207, 260
207, 388
207, 389
207, 390
207, 391
207, 327
207, 392
207, 328
207, 393
207, 329
207, 394
207, 330
207, 395
207, 331
207, 267
207, 396
207, 332
207, 268
207, 397
207, 333
207, 269
207, 398
207, 334
207, 270
207, 399
207, 335
207, 271
207, 400
207, 336
207, 272
207, 208
207, 337
207, 273
207, 209
207, 338
207, 274
207, 210
207, 339
207, 275
207, 211
207, 340
207, 276
207, 212
207, 277
207, 213
207, 278
207, 214
207, 279
207, 215
207, 280
207, 216
207, 217
207, 218
207, 219
207, 347
207, 220
207, 348
207, 349
207, 350
207, 351
207, 287
207, 352
207, 288
207, 353
207, 289
207, 354
207, 290
207, 355
207, 291
207, 227
207, 356
207, 292
207, 228
207, 357
207, 293
207, 229
207, 358
207, 294
207, 230
207, 359
207, 295
207, 231
207, 360
207, 296
207, 232
207, 297
207, 233
207, 298
207, 234
207, 299
207, 235
207, 300
207, 236
207, 237
207, 238
207, 239
207, 367
207, 240
207, 368
207, 369
207, 370
207, 371
207, 307
207, 372
207, 308
207, 373
207, 309
207, 374
207, 310
207, 375
207, 311
207, 247
207, 376
207, 312
207, 248
207, 377
207, 313
207, 249
207, 378
207, 314
207, 250
207, 379
207, 315
207, 251
207, 380
207, 316
207, 252
207, 317
207, 253
207, 318
207, 254
207, 319
207, 255
80, 320
80, 260
80, 200
80, 140
80, 400
80, 340
80, 280
80, 220
80, 160
80, 100
80, 360
80, 300
80, 240
80, 180
80, 120
80, 380
336, 396
336, 397
336, 398
336, 399
336, 400
336, 337
336, 338
336, 339
336, 340
336, 356
336, 357
336, 358
336, 359
336, 360
336, 376
336, 377
336, 378
336, 379
336, 380
208, 320
208, 256
208, 257
208, 258
208, 259
208, 260
208, 388
208, 389
208, 390
208, 391
208, 392
208, 328
208, 393
208, 329
208, 394
208, 330
208, 395
208, 331
208, 396
208, 332
208, 268
208, 397
208, 333
208, 269
208, 398
208, 334
208, 270
208, 399
208, 335
208, 271
208, 400
208, 336
208, 272
208, 337
208, 273
208, 209
208, 338
208, 274
208, 210
208, 339
208, 275
208, 211
208, 340
208, 276
208, 212
208, 277
208, 213
208, 278
208, 214
208, 279
208, 215
208, 280
208, 216
208, 217
208, 218
208, 219
208, 220
208, 348
208, 349
208, 350
208, 351
208, 352
208, 288
208, 353
208, 289
208, 354
208, 290
208, 355
208, 291
208, 356
208, 292
208, 228
208, 357
208, 293
208, 229
208, 358
208, 294
208, 230
208, 359
208, 295
208, 231
208, 360
208, 296
208, 232
208, 297
208, 233
208, 298
208, 234
208, 299
208, 235
208, 300
208, 236
208, 237
208, 238
208, 239
208, 240
208, 368
208, 369
208, 370
208, 371
208, 372
208, 308
208, 373
208, 309
208, 374
208, 310
208, 375
208, 311
208, 376
208, 312
208, 248
208, 377
208, 313
208, 249
208, 378
208, 314
208, 250
208, 379
208, 315
208, 251
208, 380
208, 316
208, 252
208, 317
208, 253
208, 318
208, 254
208, 319
208, 255
337, 397
337, 398
337, 399
337, 400
337, 338
337, 339
337, 340
337, 357
337, 358
337, 359
337, 360
337, 377
337, 378
337, 379
337, 380
81, 256
81, 128
81, 384
81, 257
81, 129
81, 385
81, 258
81, 130
81, 386
81, 259
81, 387
81, 131
81, 260
81, 388
81, 132
81, 389
81, 261
81, 133
81, 390
81, 262
81, 134
81, 391
81, 263
81, 135
81, 392
81, 264
81, 136
81, 393
81, 265
81, 137
81, 394
81, 266
81, 138
81, 395
81, 267
81, 139
81, 396
81, 268
81, 140
81, 397
81, 141
81, 269
81, 398
81, 142
81, 270
81, 399
81, 143
81, 271
81, 400
81, 144
81, 272
81, 145
81, 273
81, 274
81, 146
81, 275
81, 147
81, 276
81, 148
81, 277
81, 149
81, 278
81, 150
81, 279
81, 151
81, 280
81, 152
81, 281
81, 153
81, 282
81, 154
81, 283
81, 155
81, 284
81, 156
81, 285
81, 157
81, 286
81, 158
81, 287
81, 159
81, 160
81, 288
81, 161
81, 289
81, 162
81, 290
81, 163
81, 291
81, 164
81, 292
81, 293
81, 165
81, 294
81, 166
81, 295
81, 167
81, 296
81, 168
81, 297
81, 169
81, 298
81, 170
81, 299
81, 171
81, 300
81, 172
81, 301
81, 173
81, 302
81, 174
81, 303
81, 175
81, 304
81, 176
81, 305
81, 177
81, 306
81, 178
81, 179
81, 307
81, 180
81, 308
81, 181
81, 309
81, 182
81, 310
81, 183
81, 311
81, 312
81, 184
81, 313
81, 185
81, 314
81, 186
81, 315
81, 187
81, 316
81, 188
81, 317
81, 189
81, 318
81, 190
81, 319
81, 191
81, 320
81, 192
81, 321
81, 193
81, 322
81, 194
81, 323
81, 195
81, 324
81, 196
81, 325
81, 197
81, 198
81, 326
81, 199
81, 327
81, 200
81, 328
81, 201
81, 329
81, 202
81, 330
81, 331
81, 203
81, 332
81, 204
81, 333
81, 205
81, 334
81, 206
81, 335
81, 207
81, 336
81, 208
81, 337
81, 209
81, 338
81, 82
81, 210
81, 339
81, 83
81, 211
81, 340
81, 84
81, 212
81, 85
81, 341
81, 213
81, 86
81, 342
81, 214
81, 87
81, 343
81, 215
81, 88
81, 344
81, 216
81, 217
81, 89
81, 345
81, 218
81, 90
81, 346
81, 219
81, 91
81, 347
81, 220
81, 92
81, 348
81, 221
81, 93
81, 349
81, 350
81, 222
81, 94
81, 351
81, 223
81, 95
81, 352
81, 224
81, 96
81, 353
81, 225
81, 97
81, 354
81, 226
81, 98
81, 355
81, 227
81, 99
81, 356
81, 228
81, 100
81, 357
81, 101
81, 229
81, 358
81, 102
81, 230
81, 359
81, 103
81, 231
81, 360
81, 104
81, 232
81, 105
81, 361
81, 233
81, 106
81, 362
81, 234
81, 107
81, 363
81, 235
81, 236
81, 108
81, 364
81, 237
81, 109
81, 365
81, 238
81, 110
81, 366
81, 239
81, 111
81, 367
81, 240
81, 368
81, 112
81, 369
81, 241
81, 113
81, 370
81, 242
81, 114
81, 371
81, 243
81, 115
81, 372
81, 244
81, 116
81, 373
81, 245
81, 117
81, 374
81, 246
81, 118
81, 375
81, 247
81, 119
81, 376
81, 248
81, 120
81, 377
81, 121
81, 249
81, 378
81, 122
81, 250
81, 379
81, 123
81, 251
81, 380
81, 124
81, 252
81, 125
81, 381
81, 253
81, 126
81, 382
81, 254
81, 255
81, 127
81, 383
209, 320
209, 256
209, 257
209, 258
209, 259
209, 260
209, 389
209, 390
209, 391
209, 392
209, 393
209, 329
209, 394
209, 330
209, 395
209, 331
209, 396
209, 332
209, 397
209, 333
209, 269
209, 398
209, 334
209, 270
209, 399
209, 335
209, 271
209, 400
209, 336
209, 272
209, 337
209, 273
209, 338
209, 274
209, 210
209, 339
209, 275
209, 211
209, 340
209, 276
209, 212
209, 277
209, 213
209, 278
209, 214
209, 279
209, 215
209, 280
209, 216
209, 217
209, 218
209, 219
209, 220
209, 349
209, 350
209, 351
209, 352
209, 353
209, 289
209, 354
209, 290
209, 355
209, 291
209, 356
209, 292
209, 357
209, 293
209, 229
209, 358
209, 294
209, 230
209, 359
209, 295
209, 231
209, 360
209, 296
209, 232
209, 297
209, 233
209, 298
209, 234
209, 299
209, 235
209, 300
209, 236
209, 237
209, 238
209, 239
209, 240
209, 369
209, 370
209, 371
209, 372
209, 373
209, 309
209, 374
209, 310
209, 375
209, 311
209, 376
209, 312
209, 377
209, 313
209, 249
209, 378
209, 314
209, 250
209, 379
209, 315
209, 251
209, 380
209, 316
209, 252
209, 317
209, 253
209, 318
209, 254
209, 319
209, 255
338, 398
338, 399
338, 400
338, 339
338, 340
338, 358
338, 359
338, 360
338, 378
338, 379
338, 380
82, 256
82, 128
82, 384
82, 257
82, 129
82, 385
82, 258
82, 130
82, 386
82, 259
82, 131
82, 387
82, 260
82, 388
82, 132
82, 389
82, 133
82, 390
82, 262
82, 134
82, 391
82, 263
82, 135
82, 392
82, 264
82, 136
82, 393
82, 265
82, 137
82, 394
82, 266
82, 138
82, 395
82, 267
82, 139
82, 396
82, 268
82, 140
82, 397
82, 269
82, 398
82, 142
82, 270
82, 399
82, 143
82, 271
82, 400
82, 144
82, 272
82, 145
82, 273
82, 146
82, 274
82, 275
82, 147
82, 276
82, 148
82, 277
82, 149
82, 278
82, 150
82, 279
82, 151
82, 280
82, 152
82, 153
82, 282
82, 154
82, 283
82, 155
82, 284
82, 156
82, 285
82, 157
82, 286
82, 158
82, 287
82, 159
82, 288
82, 160
82, 289
82, 162
82, 290
82, 163
82, 291
82, 164
82, 292
82, 165
82, 293
82, 294
82, 166
82, 295
82, 167
82, 296
82, 168
82, 297
82, 169
82, 298
82, 170
82, 299
82, 171
82, 300
82, 172
82, 173
82, 302
82, 174
82, 303
82, 175
82, 304
82, 176
82, 305
82, 177
82, 306
82, 178
82, 307
82, 179
82, 180
82, 308
82, 309
82, 182
82, 310
82, 183
82, 311
82, 184
82, 312
82, 313
82, 185
82, 314
82, 186
82, 315
82, 187
82, 316
82, 188
82, 317
82, 189
82, 318
82, 190
82, 319
82, 191
82, 320
82, 192
82, 193
82, 322
82, 194
82, 323
82, 195
82, 324
82, 196
82, 325
82, 197
82, 326
82, 198
82, 199
82, 327
82, 200
82, 328
82, 329
82, 202
82, 330
82, 203
82, 331
82, 332
82, 204
82, 333
82, 205
82, 334
82, 206
82, 335
82, 207
82, 336
82, 208
82, 337
82, 209
82, 338
82, 210
82, 339
82, 83
82, 211
82, 340
82, 84
82, 212
82, 85
82, 213
82, 86
82, 342
82, 214
82, 87
82, 343
82, 215
82, 88
82, 344
82, 216
82, 89
82, 345
82, 217
82, 218
82, 90
82, 346
82, 219
82, 91
82, 347
82, 220
82, 92
82, 348
82, 93
82, 349
82, 222
82, 94
82, 350
82, 351
82, 223
82, 95
82, 352
82, 224
82, 96
82, 353
82, 225
82, 97
82, 354
82, 226
82, 98
82, 355
82, 227
82, 99
82, 356
82, 228
82, 100
82, 357
82, 229
82, 358
82, 102
82, 230
82, 359
82, 103
82, 231
82, 360
82, 104
82, 232
82, 105
82, 233
82, 106
82, 362
82, 234
82, 107
82, 363
82, 235
82, 108
82, 364
82, 236
82, 237
82, 109
82, 365
82, 238
82, 110
82, 366
82, 239
82, 111
82, 367
82, 240
82, 112
82, 368
82, 369
82, 113
82, 370
82, 242
82, 114
82, 371
82, 243
82, 115
82, 372
82, 244
82, 116
82, 373
82, 245
82, 117
82, 374
82, 246
82, 118
82, 375
82, 247
82, 119
82, 376
82, 248
82, 120
82, 377
82, 249
82, 378
82, 122
82, 250
82, 379
82, 123
82, 251
82, 380
82, 124
82, 252
82, 125
82, 253
82, 126
82, 382
82, 254
82, 127
82, 383
82, 255
210, 320
210, 256
210, 257
210, 258
210, 259
210, 260
210, 390
210, 391
210, 392
210, 393
210, 394
210, 330
210, 395
210, 331
210, 396
210, 332
210, 397
210, 333
210, 398
210, 334
210, 270
210, 399
210, 335
210, 271
210, 400
210, 336
210, 272
210, 337
210, 273
210, 338
210, 274
210, 339
210, 275
210, 211
210, 340
210, 276
210, 212
210, 277
210, 213
210, 278
210, 214
210, 279
210, 215
210, 280
210, 216
210, 217
210, 218
210, 219
210, 220
210, 350
210, 351
210, 352
210, 353
210, 354
210, 290
210, 355
210, 291
210, 356
210, 292
210, 357
210, 293
210, 358
210, 294
210, 230
210, 359
210, 295
210, 231
210, 360
210, 296
210, 232
210, 297
210, 233
210, 298
210, 234
210, 299
210, 235
210, 300
210, 236
210, 237
210, 238
210, 239
210, 240
210, 370
210, 371
210, 372
210, 373
210, 374
210, 310
210, 375
210, 311
210, 376
210, 312
210, 377
210, 313
210, 378
210, 314
210, 250
210, 379
210, 315
210, 251
210, 380
210, 316
210, 252
210, 317
210, 253
210, 318
210, 254
210, 319
210, 255
339, 400
339, 399
339, 380
339, 379
339, 360
339, 359
339, 340
83, 128
83, 384
83, 256
83, 257
83, 129
83, 385
83, 258
83, 130
83, 386
83, 259
83, 131
83, 387
83, 260
83, 132
83, 388
83, 389
83, 133
83, 390
83, 134
83, 391
83, 263
83, 135
83, 392
83, 264
83, 136
83, 393
83, 265
83, 137
83, 394
83, 266
83, 138
83, 395
83, 267
83, 139
83, 396
83, 268
83, 140
83, 397
83, 269
83, 398
83, 270
83, 399
83, 143
83, 271
83, 400
83, 144
83, 272
83, 145
83, 273
83, 146
83, 274
83, 147
83, 275
83, 276
83, 148
83, 277
83, 149
83, 278
83, 150
83, 279
83, 151
83, 280
83, 152
83, 153
83, 154
83, 283
83, 155
83, 284
83, 156
83, 285
83, 157
83, 286
83, 158
83, 287
83, 159
83, 288
83, 160
83, 289
83, 290
83, 163
83, 291
83, 164
83, 292
83, 165
83, 293
83, 166
83, 294
83, 295
83, 167
83, 296
83, 168
83, 297
83, 169
83, 298
83, 170
83, 299
83, 171
83, 300
83, 172
83, 173
83, 174
83, 303
83, 175
83, 304
83, 176
83, 305
83, 177
83, 306
83, 178
83, 307
83, 179
83, 308
83, 180
83, 309
83, 310
83, 183
83, 311
83, 184
83, 312
83, 185
83, 313
83, 314
83, 186
83, 315
83, 187
83, 316
83, 188
83, 317
83, 189
83, 318
83, 190
83, 319
83, 191
83, 320
83, 192
83, 193
83, 194
83, 323
83, 195
83, 324
83, 196
83, 325
83, 197
83, 326
83, 198
83, 327
83, 199
83, 200
83, 328
83, 329
83, 330
83, 203
83, 331
83, 204
83, 332
83, 333
83, 205
83, 334
83, 206
83, 335
83, 207
83, 336
83, 208
83, 337
83, 209
83, 338
83, 210
83, 339
83, 211
83, 340
83, 84
83, 212
83, 85
83, 213
83, 86
83, 214
83, 87
83, 343
83, 215
83, 88
83, 344
83, 216
83, 89
83, 345
83, 217
83, 90
83, 346
83, 218
83, 219
83, 91
83, 347
83, 220
83, 92
83, 348
83, 93
83, 349
83, 94
83, 350
83, 223
83, 95
83, 351
83, 352
83, 224
83, 96
83, 353
83, 225
83, 97
83, 354
83, 226
83, 98
83, 355
83, 227
83, 99
83, 356
83, 228
83, 100
83, 357
83, 229
83, 358
83, 230
83, 359
83, 103
83, 231
83, 360
83, 104
83, 232
83, 105
83, 233
83, 106
83, 234
83, 107
83, 363
83, 235
83, 108
83, 364
83, 236
83, 109
83, 365
83, 237
83, 238
83, 110
83, 366
83, 239
83, 111
83, 367
83, 240
83, 112
83, 368
83, 113
83, 369
83, 370
83, 114
83, 371
83, 243
83, 115
83, 372
83, 244
83, 116
83, 373
83, 245
83, 117
83, 374
83, 246
83, 118
83, 375
83, 247
83, 119
83, 376
83, 248
83, 120
83, 377
83, 249
83, 378
83, 250
83, 379
83, 123
83, 251
83, 380
83, 124
83, 252
83, 125
83, 253
83, 126
83, 254
83, 127
83, 383
83, 255
211, 320
211, 256
211, 257
211, 258
211, 259
211, 260
211, 391
211, 392
211, 393
211, 394
211, 395
211, 331
211, 396
211, 332
211, 397
211, 333
211, 398
211, 334
211, 399
211, 335
211, 271
211, 400
211, 336
211, 272
211, 337
211, 273
211, 338
211, 274
211, 339
211, 275
211, 340
211, 276
211, 212
211, 277
211, 213
211, 278
211, 214
211, 279
211, 215
211, 280
211, 216
211, 217
211, 218
211, 219
211, 220
211, 351
211, 352
211, 353
211, 354
211, 355
211, 291
211, 356
211, 292
211, 357
211, 293
211, 358
211, 294
211, 359
211, 295
211, 231
211, 360
211, 296
211, 232
211, 297
211, 233
211, 298
211, 234
211, 299
211, 235
211, 300
211, 236
211, 237
211, 238
211, 239
211, 240
211, 371
211, 372
211, 373
211, 374
211, 375
211, 311
211, 376
211, 312
211, 377
211, 313
211, 378
211, 314
211, 379
211, 315
211, 251
211, 380
211, 316
211, 252
211, 317
211, 253
211, 318
211, 254
211, 319
211, 255
340, 400
340, 380
340, 360
84, 128
84, 384
84, 256
84, 129
84, 385
84, 257
84, 258
84, 130
84, 386
84, 259
84, 131
84, 387
84, 260
84, 132
84, 388
84, 133
84, 389
84, 390
84, 134
84, 391
84, 135
84, 392
84, 264
84, 136
84, 393
84, 265
84, 137
84, 394
84, 266
84, 138
84, 395
84, 267
84, 139
84, 396
84, 268
84, 140
84, 397
84, 269
84, 398
84, 270
84, 399
84, 271
84, 400
84, 144
84, 272
84, 145
84, 273
84, 146
84, 274
84, 147
84, 275
84, 148
84, 276
84, 277
84, 149
84, 278
84, 150
84, 279
84, 151
84, 280
84, 152
84, 153
84, 154
84, 155
84, 284
84, 156
84, 285
84, 157
84, 286
84, 158
84, 287
84, 159
84, 288
84, 160
84, 289
84, 290
84, 291
84, 164
84, 292
84, 165
84, 293
84, 166
84, 294
84, 167
84, 295
84, 296
84, 168
84, 297
84, 169
84, 298
84, 170
84, 299
84, 171
84, 300
84, 172
84, 173
84, 174
84, 175
84, 304
84, 176
84, 305
84, 177
84, 306
84, 178
84, 307
84, 179
84, 308
84, 180
84, 309
84, 310
84, 311
84, 184
84, 312
84, 185
84, 313
84, 186
84, 314
84, 315
84, 187
84, 316
84, 188
84, 317
84, 189
84, 318
84, 190
84, 319
84, 191
84, 320
84, 192
84, 193
84, 194
84, 195
84, 324
84, 196
84, 325
84, 197
84, 326
84, 198
84, 327
84, 199
84, 328
84, 200
84, 329
84, 330
84, 331
84, 204
84, 332
84, 205
84, 333
84, 334
84, 206
84, 335
84, 207
84, 336
84, 208
84, 337
84, 209
84, 338
84, 210
84, 339
84, 211
84, 340
84, 212
84, 85
84, 213
84, 86
84, 214
84, 87
84, 215
84, 88
84, 344
84, 216
84, 89
84, 345
84, 217
84, 90
84, 346
84, 218
84, 91
84, 347
84, 219
84, 220
84, 92
84, 348
84, 93
84, 349
84, 94
84, 350
84, 95
84, 351
84, 224
84, 96
84, 352
84, 353
84, 225
84, 97
84, 354
84, 226
84, 98
84, 355
84, 227
84, 99
84, 356
84, 228
84, 100
84, 357
84, 229
84, 358
84, 230
84, 359
84, 231
84, 360
84, 104
84, 232
84, 105
84, 233
84, 106
84, 234
84, 107
84, 235
84, 108
84, 364
84, 236
84, 109
84, 365
84, 237
84, 110
84, 366
84, 238
84, 239
84, 111
84, 367
84, 240
84, 112
84, 368
84, 113
84, 369
84, 114
84, 370
84, 371
84, 115
84, 372
84, 244
84, 116
84, 373
84, 245
84, 117
84, 374
84, 246
84, 118
84, 375
84, 247
84, 119
84, 376
84, 248
84, 120
84, 377
84, 249
84, 378
84, 250
84, 379
84, 251
84, 380
84, 124
84, 252
84, 125
84, 253
84, 126
84, 254
84, 127
84, 255
212, 320
212, 256
212, 257
212, 258
212, 259
212, 260
212, 392
212, 393
212, 394
212, 395
212, 396
212, 332
212, 397
212, 333
212, 398
212, 334
212, 399
212, 335
212, 400
212, 336
212, 272
212, 337
212, 273
212, 338
212, 274
212, 339
212, 275
212, 340
212, 276
212, 277
212, 213
212, 278
212, 214
212, 279
212, 215
212, 280
212, 216
212, 217
212, 218
212, 219
212, 220
212, 352
212, 353
212, 354
212, 355
212, 356
212, 292
212, 357
212, 293
212, 358
212, 294
212, 359
212, 295
212, 360
212, 296
212, 232
212, 297
212, 233
212, 298
212, 234
212, 299
212, 235
212, 300
212, 236
212, 237
212, 238
212, 239
212, 240
212, 372
212, 373
212, 374
212, 375
212, 376
212, 312
212, 377
212, 313
212, 378
212, 314
212, 379
212, 315
212, 380
212, 316
212, 252
212, 317
212, 253
212, 318
212, 254
212, 319
212, 255
341, 384
341, 385
341, 386
341, 387
341, 388
341, 389
341, 390
341, 391
341, 392
341, 393
341, 394
341, 395
341, 396
341, 397
341, 398
341, 399
341, 400
341, 342
341, 343
341, 344
341, 345
341, 346
341, 347
341, 348
341, 349
341, 350
341, 351
341, 352
341, 353
341, 354
341, 355
341, 356
341, 357
341, 358
341, 359
341, 360
341, 361
341, 362
341, 363
341, 364
341, 365
341, 366
341, 367
341, 368
341, 369
341, 370
341, 371
341, 372
341, 373
341, 374
341, 375
341, 376
341, 377
341, 378
341, 379
341, 380
341, 381
341, 382
341, 383
85, 320
85, 256
85, 192
85, 128
85, 257
85, 385
85, 193
85, 129
85, 258
85, 386
85, 194
85, 130
85, 259
85, 387
85, 195
85, 131
85, 260
85, 388
85, 196
85, 132
85, 389
85, 197
85, 325
85, 133
85, 390
85, 198
85, 326
85, 134
85, 391
85, 199
85, 327
85, 135
85, 392
85, 200
85, 328
85, 136
85, 393
85, 329
85, 137
85, 265
85, 394
85, 330
85, 138
85, 266
85, 395
85, 331
85, 139
85, 267
85, 396
85, 332
85, 140
85, 268
85, 397
85, 333
85, 269
85, 205
85, 398
85, 334
85, 270
85, 206
85, 399
85, 335
85, 271
85, 207
85, 400
85, 336
85, 272
85, 208
85, 337
85, 273
85, 209
85, 145
85, 338
85, 274
85, 210
85, 146
85, 339
85, 275
85, 211
85, 147
85, 340
85, 276
85, 212
85, 148
85, 277
85, 213
85, 149
85, 278
85, 214
85, 150
85, 86
85, 279
85, 215
85, 151
85, 87
85, 280
85, 216
85, 152
85, 88
85, 217
85, 345
85, 153
85, 89
85, 218
85, 346
85, 154
85, 90
85, 219
85, 347
85, 155
85, 91
85, 220
85, 348
85, 156
85, 92
85, 349
85, 157
85, 285
85, 93
85, 350
85, 158
85, 286
85, 94
85, 351
85, 159
85, 287
85, 95
85, 352
85, 160
85, 288
85, 96
85, 353
85, 289
85, 97
85, 225
85, 354
85, 290
85, 98
85, 226
85, 355
85, 291
85, 99
85, 227
85, 356
85, 292
85, 100
85, 228
85, 357
85, 293
85, 229
85, 165
85, 358
85, 294
85, 230
85, 166
85, 359
85, 295
85, 231
85, 167
85, 360
85, 296
85, 232
85, 168
85, 297
85, 233
85, 169
85, 105
85, 298
85, 234
85, 170
85, 106
85, 299
85, 235
85, 171
85, 107
85, 300
85, 236
85, 172
85, 108
85, 237
85, 365
85, 173
85, 109
85, 238
85, 366
85, 174
85, 110
85, 239
85, 367
85, 175
85, 111
85, 240
85, 368
85, 176
85, 112
85, 369
85, 177
85, 305
85, 113
85, 370
85, 178
85, 306
85, 114
85, 371
85, 179
85, 307
85, 115
85, 372
85, 180
85, 308
85, 116
85, 373
85, 309
85, 117
85, 245
85, 374
85, 310
85, 118
85, 246
85, 375
85, 311
85, 119
85, 247
85, 376
85, 312
85, 120
85, 248
85, 377
85, 313
85, 249
85, 185
85, 378
85, 314
85, 250
85, 186
85, 379
85, 315
85, 251
85, 187
85, 380
85, 316
85, 252
85, 188
85, 317
85, 253
85, 189
85, 125
85, 318
85, 254
85, 190
85, 126
85, 319
85, 255
85, 191
85, 127
213, 320
213, 256
213, 257
213, 258
213, 259
213, 260
213, 393
213, 394
213, 395
213, 396
213, 397
213, 333
213, 398
213, 334
213, 399
213, 335
213, 400
213, 336
213, 337
213, 273
213, 338
213, 274
213, 339
213, 275
213, 340
213, 276
213, 277
213, 278
213, 214
213, 279
213, 215
213, 280
213, 216
213, 217
213, 218
213, 219
213, 220
213, 353
213, 354
213, 355
213, 356
213, 357
213, 293
213, 358
213, 294
213, 359
213, 295
213, 360
213, 296
213, 297
213, 233
213, 298
213, 234
213, 299
213, 235
213, 300
213, 236
213, 237
213, 238
213, 239
213, 240
213, 373
213, 374
213, 375
213, 376
213, 377
213, 313
213, 378
213, 314
213, 379
213, 315
213, 380
213, 316
213, 317
213, 253
213, 318
213, 254
213, 319
213, 255
342, 384
342, 385
342, 386
342, 387
342, 388
342, 389
342, 390
342, 391
342, 392
342, 393
342, 394
342, 395
342, 396
342, 397
342, 398
342, 399
342, 400
342, 343
342, 344
342, 345
342, 346
342, 347
342, 348
342, 349
342, 350
342, 351
342, 352
342, 353
342, 354
342, 355
342, 356
342, 357
342, 358
342, 359
342, 360
342, 362
342, 363
342, 364
342, 365
342, 366
342, 367
342, 368
342, 369
342, 370
342, 371
342, 372
342, 373
342, 374
342, 375
342, 376
342, 377
342, 378
342, 379
342, 380
342, 382
342, 383
86, 320
86, 256
86, 192
86, 128
86, 257
86, 193
86, 129
86, 258
86, 386
86, 194
86, 130
86, 259
86, 387
86, 195
86, 131
86, 260
86, 388
86, 196
86, 132
86, 389
86, 197
86, 133
86, 390
86, 198
86, 326
86, 134
86, 391
86, 199
86, 327
86, 135
86, 392
86, 200
86, 328
86, 136
86, 393
86, 329
86, 137
86, 394
86, 330
86, 138
86, 266
86, 395
86, 331
86, 139
86, 267
86, 396
86, 332
86, 140
86, 268
86, 397
86, 333
86, 269
86, 398
86, 334
86, 270
86, 206
86, 399
86, 335
86, 271
86, 207
86, 400
86, 336
86, 272
86, 208
86, 337
86, 273
86, 209
86, 338
86, 274
86, 210
86, 146
86, 339
86, 275
86, 211
86, 147
86, 340
86, 276
86, 212
86, 148
86, 277
86, 213
86, 149
86, 278
86, 214
86, 150
86, 279
86, 215
86, 151
86, 87
86, 280
86, 216
86, 152
86, 88
86, 217
86, 153
86, 89
86, 218
86, 346
86, 154
86, 90
86, 219
86, 347
86, 155
86, 91
86, 220
86, 348
86, 156
86, 92
86, 349
86, 157
86, 93
86, 350
86, 158
86, 286
86, 94
86, 351
86, 159
86, 287
86, 95
86, 352
86, 160
86, 288
86, 96
86, 353
86, 289
86, 97
86, 354
86, 290
86, 98
86, 226
86, 355
86, 291
86, 99
86, 227
86, 356
86, 292
86, 100
86, 228
86, 357
86, 293
86, 229
86, 358
86, 294
86, 230
86, 166
86, 359
86, 295
86, 231
86, 167
86, 360
86, 296
86, 232
86, 168
86, 297
86, 233
86, 169
86, 298
86, 234
86, 170
86, 106
86, 299
86, 235
86, 171
86, 107
86, 300
86, 236
86, 172
86, 108
86, 237
86, 173
86, 109
86, 238
86, 366
86, 174
86, 110
86, 239
86, 367
86, 175
86, 111
86, 240
86, 368
86, 176
86, 112
86, 369
86, 177
86, 113
86, 370
86, 178
86, 306
86, 114
86, 371
86, 179
86, 307
86, 115
86, 372
86, 180
86, 308
86, 116
86, 373
86, 309
86, 117
86, 374
86, 310
86, 118
86, 246
86, 375
86, 311
86, 119
86, 247
86, 376
86, 312
86, 120
86, 248
86, 377
86, 313
86, 249
86, 378
86, 314
86, 250
86, 186
86, 379
86, 315
86, 251
86, 187
86, 380
86, 316
86, 252
86, 188
86, 317
86, 253
86, 189
86, 318
86, 254
86, 190
86, 126
86, 319
86, 255
86, 191
86, 127
214, 320
214, 256
214, 257
214, 258
214, 259
214, 260
214, 394
214, 395
214, 396
214, 397
214, 398
214, 334
214, 399
214, 335
214, 400
214, 336
214, 337
214, 338
214, 274
214, 339
214, 275
214, 340
214, 276
214, 277
214, 278
214, 279
214, 215
214, 280
214, 216
214, 217
214, 218
214, 219
214, 220
214, 354
214, 355
214, 356
214, 357
214, 358
214, 294
214, 359
214, 295
214, 360
214, 296
214, 297
214, 298
214, 234
214, 299
214, 235
214, 300
214, 236
214, 237
214, 238
214, 239
214, 240
214, 374
214, 375
214, 376
214, 377
214, 378
214, 314
214, 379
214, 315
214, 380
214, 316
214, 317
214, 318
214, 254
214, 319
214, 255
343, 384
343, 385
343, 386
343, 387
343, 388
343, 389
343, 390
343, 391
343, 392
343, 393
343, 394
343, 395
343, 396
343, 397
343, 398
343, 399
343, 400
343, 344
343, 345
343, 346
343, 347
343, 348
343, 349
343, 350
343, 351
343, 352
343, 353
343, 354
343, 355
343, 356
343, 357
343, 358
343, 359
343, 360
343, 363
343, 364
343, 365
343, 366
343, 367
343, 368
343, 369
343, 370
343, 371
343, 372
343, 373
343, 374
343, 375
343, 376
343, 377
343, 378
343, 379
343, 380
343, 383
87, 320
87, 256
87, 192
87, 128
87, 257
87, 193
87, 129
87, 258
87, 194
87, 130
87, 259
87, 387
87, 195
87, 131
87, 260
87, 388
87, 196
87, 132
87, 389
87, 197
87, 133
87, 390
87, 198
87, 134
87, 391
87, 199
87, 327
87, 135
87, 392
87, 200
87, 328
87, 136
87, 393
87, 329
87, 137
87, 394
87, 330
87, 138
87, 395
87, 331
87, 139
87, 267
87, 396
87, 332
87, 140
87, 268
87, 397
87, 333
87, 269
87, 398
87, 334
87, 270
87, 399
87, 335
87, 271
87, 207
87, 400
87, 336
87, 272
87, 208
87, 337
87, 273
87, 209
87, 338
87, 274
87, 210
87, 339
87, 275
87, 211
87, 147
87, 340
87, 276
87, 212
87, 148
87, 277
87, 213
87, 149
87, 278
87, 214
87, 150
87, 279
87, 215
87, 151
87, 280
87, 216
87, 152
87, 88
87, 217
87, 153
87, 89
87, 218
87, 154
87, 90
87, 219
87, 347
87, 155
87, 91
87, 220
87, 348
87, 156
87, 92
87, 349
87, 157
87, 93
87, 350
87, 158
87, 94
87, 351
87, 159
87, 287
87, 95
87, 352
87, 160
87, 288
87, 96
87, 353
87, 289
87, 97
87, 354
87, 290
87, 98
87, 355
87, 291
87, 99
87, 227
87, 356
87, 292
87, 100
87, 228
87, 357
87, 293
87, 229
87, 358
87, 294
87, 230
87, 359
87, 295
87, 231
87, 167
87, 360
87, 296
87, 232
87, 168
87, 297
87, 233
87, 169
87, 298
87, 234
87, 170
87, 299
87, 235
87, 171
87, 107
87, 300
87, 236
87, 172
87, 108
87, 237
87, 173
87, 109
87, 238
87, 174
87, 110
87, 239
87, 367
87, 175
87, 111
87, 240
87, 368
87, 176
87, 112
87, 369
87, 177
87, 113
87, 370
87, 178
87, 114
87, 371
87, 179
87, 307
87, 115
87, 372
87, 180
87, 308
87, 116
87, 373
87, 309
87, 117
87, 374
87, 310
87, 118
87, 375
87, 311
87, 119
87, 247
87, 376
87, 312
87, 120
87, 248
87, 377
87, 313
87, 249
87, 378
87, 314
87, 250
87, 379
87, 315
87, 251
87, 187
87, 380
87, 316
87, 252
87, 188
87, 317
87, 253
87, 189
87, 318
87, 254
87, 190
87, 319
87, 255
87, 191
87, 127
215, 320
215, 256
215, 257
215, 258
215, 259
215, 260
215, 395
215, 396
215, 397
215, 398
215, 399
215, 335
215, 400
215, 336
215, 337
215, 338
215, 339
215, 275
215, 340
215, 276
215, 277
215, 278
215, 279
215, 280
215, 216
215, 217
215, 218
215, 219
215, 220
215, 355
215, 356
215, 357
215, 358
215, 359
215, 295
215, 360
215, 296
215, 297
215, 298
215, 299
215, 235
215, 300
215, 236
215, 237
215, 238
215, 239
215, 240
215, 375
215, 376
215, 377
215, 378
215, 379
215, 315
215, 380
215, 316
215, 317
215, 318
215, 319
215, 255
344, 384
344, 385
344, 386
344, 387
344, 388
344, 389
344, 390
344, 391
344, 392
344, 393
344, 394
344, 395
344, 396
344, 397
344, 398
344, 399
344, 400
344, 345
344, 346
344, 347
344, 348
344, 349
344, 350
344, 351
344, 352
344, 353
344, 354
344, 355
344, 356
344, 357
344, 358
344, 359
344, 360
344, 364
344, 365
344, 366
344, 367
344, 368
344, 369
344, 370
344, 371
344, 372
344, 373
344, 374
344, 375
344, 376
344, 377
344, 378
344, 379
344, 380
88, 320
88, 256
88, 192
88, 128
88, 257
88, 193
88, 129
88, 258
88, 194
88, 130
88, 259
88, 195
88, 131
88, 260
88, 388
88, 196
88, 132
88, 389
88, 197
88, 133
88, 390
88, 198
88, 134
88, 391
88, 199
88, 135
88, 392
88, 200
88, 328
88, 136
88, 393
88, 329
88, 137
88, 394
88, 330
88, 138
88, 395
88, 331
88, 139
88, 396
88, 332
88, 140
88, 268
88, 397
88, 333
88, 269
88, 398
88, 334
88, 270
88, 399
88, 335
88, 271
88, 400
88, 336
88, 272
88, 208
88, 337
88, 273
88, 209
88, 338
88, 274
88, 210
88, 339
88, 275
88, 211
88, 340
88, 276
88, 212
88, 148
88, 277
88, 213
88, 149
88, 278
88, 214
88, 150
88, 279
88, 215
88, 151
88, 280
88, 216
88, 152
88, 217
88, 153
88, 89
88, 218
88, 154
88, 90
88, 219
88, 155
88, 91
88, 220
88, 348
88, 156
88, 92
88, 349
88, 157
88, 93
88, 350
88, 158
88, 94
88, 351
88, 159
88, 95
88, 352
88, 160
88, 288
88, 96
88, 353
88, 289
88, 97
88, 354
88, 290
88, 98
88, 355
88, 291
88, 99
88, 356
88, 292
88, 100
88, 228
88, 357
88, 293
88, 229
88, 358
88, 294
88, 230
88, 359
88, 295
88, 231
88, 360
88, 296
88, 232
88, 168
88, 297
88, 233
88, 169
88, 298
88, 234
88, 170
88, 299
88, 235
88, 171
88, 300
88, 236
88, 172
88, 108
88, 237
88, 173
88, 109
88, 238
88, 174
88, 110
88, 239
88, 175
88, 111
88, 240
88, 368
88, 176
88, 112
88, 369
88, 177
88, 113
88, 370
88, 178
88, 114
88, 371
88, 179
88, 115
88, 372
88, 180
88, 308
88, 116
88, 373
88, 309
88, 117
88, 374
88, 310
88, 118
88, 375
88, 311
88, 119
88, 376
88, 312
88, 120
88, 248
88, 377
88, 313
88, 249
88, 378
88, 314
88, 250
88, 379
88, 315
88, 251
88, 380
88, 316
88, 252
88, 188
88, 317
88, 253
88, 189
88, 318
88, 254
88, 190
88, 319
88, 255
88, 191
216, 320
216, 256
216, 257
216, 258
216, 259
216, 260
216, 396
216, 397
216, 398
216, 399
216, 400
216, 336
216, 337
216, 338
216, 339
216, 340
216, 276
216, 277
216, 278
216, 279
216, 280
216, 217
216, 218
216, 219
216, 220
216, 356
216, 357
216, 358
216, 359
216, 360
216, 296
216, 297
216, 298
216, 299
216, 300
216, 236
216, 237
216, 238
216, 239
216, 240
216, 376
216, 377
216, 378
216, 379
216, 380
216, 316
216, 317
216, 318
216, 319
345, 385
345, 386
345, 387
345, 388
345, 389
345, 390
345, 391
345, 392
345, 393
345, 394
345, 395
345, 396
345, 397
345, 398
345, 399
345, 400
345, 346
345, 347
345, 348
345, 349
345, 350
345, 351
345, 352
345, 353
345, 354
345, 355
345, 356
345, 357
345, 358
345, 359
345, 360
345, 365
345, 366
345, 367
345, 368
345, 369
345, 370
345, 371
345, 372
345, 373
345, 374
345, 375
345, 376
345, 377
345, 378
345, 379
345, 380
89, 320
89, 256
89, 192
89, 257
89, 193
89, 129
89, 258
89, 194
89, 130
89, 259
89, 195
89, 131
89, 260
89, 196
89, 132
89, 389
89, 197
89, 133
89, 390
89, 198
89, 134
89, 391
89, 199
89, 135
89, 392
89, 200
89, 136
89, 393
89, 329
89, 137
89, 394
89, 330
89, 138
89, 395
89, 331
89, 139
89, 396
89, 332
89, 140
89, 397
89, 333
89, 269
89, 398
89, 334
89, 270
89, 399
89, 335
89, 271
89, 400
89, 336
89, 272
89, 337
89, 273
89, 209
89, 338
89, 274
89, 210
89, 339
89, 275
89, 211
89, 340
89, 276
89, 212
89, 277
89, 213
89, 149
89, 278
89, 214
89, 150
89, 279
89, 215
89, 151
89, 280
89, 216
89, 152
89, 217
89, 153
89, 218
89, 154
89, 90
89, 219
89, 155
89, 91
89, 220
89, 156
89, 92
89, 349
89, 157
89, 93
89, 350
89, 158
89, 94
89, 351
89, 159
89, 95
89, 352
89, 160
89, 96
89, 353
89, 289
89, 97
89, 354
89, 290
89, 98
89, 355
89, 291
89, 99
89, 356
89, 292
89, 100
89, 357
89, 293
89, 229
89, 358
89, 294
89, 230
89, 359
89, 295
89, 231
89, 360
89, 296
89, 232
89, 297
89, 233
89, 169
89, 298
89, 234
89, 170
89, 299
89, 235
89, 171
89, 300
89, 236
89, 172
89, 237
89, 173
89, 109
89, 238
89, 174
89, 110
89, 239
89, 175
89, 111
89, 240
89, 176
89, 112
89, 369
89, 177
89, 113
89, 370
89, 178
89, 114
89, 371
89, 179
89, 115
89, 372
89, 180
89, 116
89, 373
89, 309
89, 117
89, 374
89, 310
89, 118
89, 375
89, 311
89, 119
89, 376
89, 312
89, 120
89, 377
89, 313
89, 249
89, 378
89, 314
89, 250
89, 379
89, 315
89, 251
89, 380
89, 316
89, 252
89, 317
89, 253
89, 189
89, 318
89, 254
89, 190
89, 319
89, 255
89, 191
217, 320
217, 257
217, 258
217, 259
217, 260
217, 397
217, 398
217, 399
217, 400
217, 337
217, 338
217, 339
217, 340
217, 277
217, 278
217, 279
217, 280
217, 218
217, 219
217, 220
217, 357
217, 358
217, 359
217, 360
217, 297
217, 298
217, 299
217, 300
217, 237
217, 238
217, 239
217, 240
217, 377
217, 378
217, 379
217, 380
217, 317
217, 318
217, 319
346, 386
346, 387
346, 388
346, 389
346, 390
346, 391
346, 392
346, 393
346, 394
346, 395
346, 396
346, 397
346, 398
346, 399
346, 400
346, 347
346, 348
346, 349
346, 350
346, 351
346, 352
346, 353
346, 354
346, 355
346, 356
346, 357
346, 358
346, 359
346, 360
346, 366
346, 367
346, 368
346, 369
346, 370
346, 371
346, 372
346, 373
346, 374
346, 375
346, 376
346, 377
346, 378
346, 379
346, 380
90, 320
90, 256
90, 192
90, 257
90, 193
90, 258
90, 194
90, 130
90, 259
90, 195
90, 131
90, 260
90, 196
90, 132
90, 197
90, 133
90, 390
90, 198
90, 134
90, 391
90, 199
90, 135
90, 392
90, 200
90, 136
90, 393
90, 137
90, 394
90, 330
90, 138
90, 395
90, 331
90, 139
90, 396
90, 332
90, 140
90, 397
90, 333
90, 398
90, 334
90, 270
90, 399
90, 335
90, 271
90, 400
90, 336
90, 272
90, 337
90, 273
90, 338
90, 274
90, 210
90, 339
90, 275
90, 211
90, 340
90, 276
90, 212
90, 277
90, 213
90, 278
90, 214
90, 150
90, 279
90, 215
90, 151
90, 280
90, 216
90, 152
90, 217
90, 153
90, 218
90, 154
90, 219
90, 155
90, 91
90, 220
90, 156
90, 92
90, 157
90, 93
90, 350
90, 158
90, 94
90, 351
90, 159
90, 95
90, 352
90, 160
90, 96
90, 353
90, 97
90, 354
90, 290
90, 98
90, 355
90, 291
90, 99
90, 356
90, 292
90, 100
90, 357
90, 293
90, 358
90, 294
90, 230
90, 359
90, 295
90, 231
90, 360
90, 296
90, 232
90, 297
90, 233
90, 298
90, 234
90, 170
90, 299
90, 235
90, 171
90, 300
90, 236
90, 172
90, 237
90, 173
90, 238
90, 174
90, 110
90, 239
90, 175
90, 111
90, 240
90, 176
90, 112
90, 177
90, 113
90, 370
90, 178
90, 114
90, 371
90, 179
90, 115
90, 372
90, 180
90, 116
90, 373
90, 117
90, 374
90, 310
90, 118
90, 375
90, 311
90, 119
90, 376
90, 312
90, 120
90, 377
90, 313
90, 378
90, 314
90, 250
90, 379
90, 315
90, 251
90, 380
90, 316
90, 252
90, 317
90, 253
90, 318
90, 254
90, 190
90, 319
90, 255
90, 191
218, 320
218, 258
218, 259
218, 260
218, 398
218, 399
218, 400
218, 338
218, 339
218, 340
218, 278
218, 279
218, 280
218, 219
218, 220
218, 358
218, 359
218, 360
218, 298
218, 299
218, 300
218, 238
218, 239
218, 240
218, 378
218, 379
218, 380
218, 318
218, 319
347, 387
347, 388
347, 389
347, 390
347, 391
347, 392
347, 393
347, 394
347, 395
347, 396
347, 397
347, 398
347, 399
347, 400
347, 348
347, 349
347, 350
347, 351
347, 352
347, 353
347, 354
347, 355
347, 356
347, 357
347, 358
347, 359
347, 360
347, 367
347, 368
347, 369
347, 370
347, 371
347, 372
347, 373
347, 374
347, 375
347, 376
347, 377
347, 378
347, 379
347, 380
91, 320
91, 256
91, 192
91, 257
91, 193
91, 258
91, 194
91, 259
91, 195
91, 131
91, 260
91, 196
91, 132
91, 197
91, 133
91, 198
91, 134
91, 391
91, 199
91, 135
91, 392
91, 200
91, 136
91, 393
91, 137
91, 394
91, 138
91, 395
91, 331
91, 139
91, 396
91, 332
91, 140
91, 397
91, 333
91, 398
91, 334
91, 399
91, 335
91, 271
91, 400
91, 336
91, 272
91, 337
91, 273
91, 338
91, 274
91, 339
91, 275
91, 211
91, 340
91, 276
91, 212
91, 277
91, 213
91, 278
91, 214
91, 279
91, 215
91, 151
91, 280
91, 216
91, 152
91, 217
91, 153
91, 218
91, 154
91, 219
91, 155
91, 220
91, 156
91, 92
91, 157
91, 93
91, 158
91, 94
91, 351
91, 159
91, 95
91, 352
91, 160
91, 96
91, 353
91, 97
91, 354
91, 98
91, 355
91, 291
91, 99
91, 356
91, 292
91, 100
91, 357
91, 293
91, 358
91, 294
91, 359
91, 295
91, 231
91, 360
91, 296
91, 232
91, 297
91, 233
91, 298
91, 234
91, 299
91, 235
91, 171
91, 300
91, 236
91, 172
91, 237
91, 173
91, 238
91, 174
91, 239
91, 175
91, 111
91, 240
91, 176
91, 112
91, 177
91, 113
91, 178
91, 114
91, 371
91, 179
91, 115
91, 372
91, 180
91, 116
91, 373
91, 117
91, 374
91, 118
91, 375
91, 311
91, 119
91, 376
91, 312
91, 120
91, 377
91, 313
91, 378
91, 314
91, 379
91, 315
91, 251
91, 380
91, 316
91, 252
91, 317
91, 253
91, 318
91, 254
91, 319
91, 255
91, 191
219, 320
219, 259
219, 260
219, 399
219, 400
219, 339
219, 340
219, 279
219, 280
219, 220
219, 359
219, 360
219, 299
219, 300
219, 239
219, 240
219, 379
219, 380
219, 319
220, 320
220, 260
220, 400
220, 340
220, 280
220, 360
220, 300
220, 240
220, 380
348, 388
348, 389
348, 390
348, 391
348, 392
348, 393
348, 394
348, 395
348, 396
348, 397
348, 398
348, 399
348, 400
348, 349
348, 350
348, 351
348, 352
348, 353
348, 354
348, 355
348, 356
348, 357
348, 358
348, 359
348, 360
348, 368
348, 369
348, 370
348, 371
348, 372
348, 373
348, 374
348, 375
348, 376
348, 377
348, 378
348, 379
348, 380
92, 320
92, 256
92, 192
92, 257
92, 193
92, 258
92, 194
92, 259
92, 195
92, 260
92, 196
92, 132
92, 197
92, 133
92, 198
92, 134
92, 199
92, 135
92, 392
92, 200
92, 136
92, 393
92, 137
92, 394
92, 138
92, 395
92, 139
92, 396
92, 332
92, 140
92, 397
92, 333
92, 398
92, 334
92, 399
92, 335
92, 400
92, 336
92, 272
92, 337
92, 273
92, 338
92, 274
92, 339
92, 275
92, 340
92, 276
92, 212
92, 277
92, 213
92, 278
92, 214
92, 279
92, 215
92, 280
92, 216
92, 152
92, 217
92, 153
92, 218
92, 154
92, 219
92, 155
92, 220
92, 156
92, 157
92, 93
92, 158
92, 94
92, 159
92, 95
92, 352
92, 160
92, 96
92, 353
92, 97
92, 354
92, 98
92, 355
92, 99
92, 356
92, 292
92, 100
92, 357
92, 293
92, 358
92, 294
92, 359
92, 295
92, 360
92, 296
92, 232
92, 297
92, 233
92, 298
92, 234
92, 299
92, 235
92, 300
92, 236
92, 172
92, 237
92, 173
92, 238
92, 174
92, 239
92, 175
92, 240
92, 176
92, 112
92, 177
92, 113
92, 178
92, 114
92, 179
92, 115
92, 372
92, 180
92, 116
92, 373
92, 117
92, 374
92, 118
92, 375
92, 119
92, 376
92, 312
92, 120
92, 377
92, 313
92, 378
92, 314
92, 379
92, 315
92, 380
92, 316
92, 252
92, 317
92, 253
92, 318
92, 254
92, 319
92, 255
349, 389
349, 390
349, 391
349, 392
349, 393
349, 394
349, 395
349, 396
349, 397
349, 398
349, 399
349, 400
349, 350
349, 351
349, 352
349, 353
349, 354
349, 355
349, 356
349, 357
349, 358
349, 359
349, 360
349, 369
349, 370
349, 371
349, 372
349, 373
349, 374
349, 375
349, 376
349, 377
349, 378
349, 379
349, 380
93, 320
93, 256
93, 257
93, 193
93, 258
93, 194
93, 259
93, 195
93, 260
93, 196
93, 197
93, 133
93, 198
93, 134
93, 199
93, 135
93, 200
93, 136
93, 393
93, 137
93, 394
93, 138
93, 395
93, 139
93, 396
93, 140
93, 397
93, 333
93, 398
93, 334
93, 399
93, 335
93, 400
93, 336
93, 337
93, 273
93, 338
93, 274
93, 339
93, 275
93, 340
93, 276
93, 277
93, 213
93, 278
93, 214
93, 279
93, 215
93, 280
93, 216
93, 217
93, 153
93, 218
93, 154
93, 219
93, 155
93, 220
93, 156
93, 157
93, 158
93, 94
93, 159
93, 95
93, 160
93, 96
93, 353
93, 97
93, 354
93, 98
93, 355
93, 99
93, 356
93, 100
93, 357
93, 293
93, 358
93, 294
93, 359
93, 295
93, 360
93, 296
93, 297
93, 233
93, 298
93, 234
93, 299
93, 235
93, 300
93, 236
93, 237
93, 173
93, 238
93, 174
93, 239
93, 175
93, 240
93, 176
93, 177
93, 113
93, 178
93, 114
93, 179
93, 115
93, 180
93, 116
93, 373
93, 117
93, 374
93, 118
93, 375
93, 119
93, 376
93, 120
93, 377
93, 313
93, 378
93, 314
93, 379
93, 315
93, 380
93, 316
93, 317
93, 253
93, 318
93, 254
93, 319
93, 255
221, 320
221, 256
221, 384
221, 257
221, 385
221, 321
221, 258
221, 386
221, 322
221, 259
221, 387
221, 323
221, 260
221, 388
221, 324
221, 389
221, 325
221, 261
221, 390
221, 326
221, 262
221, 391
221, 327
221, 263
221, 392
221, 328
221, 264
221, 393
221, 329
221, 265
221, 394
221, 330
221, 266
221, 395
221, 331
221, 267
221, 396
221, 332
221, 268
221, 397
221, 333
221, 269
221, 398
221, 334
221, 270
221, 399
221, 335
221, 271
221, 400
221, 336
221, 272
221, 337
221, 273
221, 338
221, 274
221, 339
221, 275
221, 340
221, 276
221, 277
221, 341
221, 278
221, 342
221, 279
221, 343
221, 280
221, 344
221, 345
221, 281
221, 346
221, 282
221, 347
221, 283
221, 348
221, 284
221, 349
221, 285
221, 350
221, 286
221, 222
221, 351
221, 287
221, 223
221, 352
221, 288
221, 224
221, 353
221, 289
221, 225
221, 354
221, 290
221, 226
221, 355
221, 291
221, 227
221, 356
221, 292
221, 228
221, 357
221, 293
221, 229
221, 358
221, 294
221, 230
221, 359
221, 295
221, 231
221, 360
221, 296
221, 232
221, 297
221, 233
221, 361
221, 298
221, 234
221, 362
221, 299
221, 235
221, 363
221, 300
221, 236
221, 364
221, 237
221, 365
221, 301
221, 238
221, 366
221, 302
221, 239
221, 367
221, 303
221, 240
221, 368
221, 304
221, 369
221, 305
221, 241
221, 370
221, 306
221, 242
221, 371
221, 307
221, 243
221, 372
221, 308
221, 244
221, 373
221, 309
221, 245
221, 374
221, 310
221, 246
221, 375
221, 311
221, 247
221, 376
221, 312
221, 248
221, 377
221, 313
221, 249
221, 378
221, 314
221, 250
221, 379
221, 315
221, 251
221, 380
221, 316
221, 252
221, 317
221, 253
221, 381
221, 318
221, 254
221, 382
221, 319
221, 255
221, 383
350, 390
350, 391
350, 392
350, 393
350, 394
350, 395
350, 396
350, 397
350, 398
350, 399
350, 400
350, 351
350, 352
350, 353
350, 354
350, 355
350, 356
350, 357
350, 358
350, 359
350, 360
350, 370
350, 371
350, 372
350, 373
350, 374
350, 375
350, 376
350, 377
350, 378
350, 379
350, 380
94, 320
94, 256
94, 257
94, 258
94, 194
94, 259
94, 195
94, 260
94, 196
94, 197
94, 198
94, 134
94, 199
94, 135
94, 200
94, 136
94, 137
94, 394
94, 138
94, 395
94, 139
94, 396
94, 140
94, 397
94, 398
94, 334
94, 399
94, 335
94, 400
94, 336
94, 337
94, 338
94, 274
94, 339
94, 275
94, 340
94, 276
94, 277
94, 278
94, 214
94, 279
94, 215
94, 280
94, 216
94, 217
94, 218
94, 154
94, 219
94, 155
94, 220
94, 156
94, 157
94, 158
94, 159
94, 95
94, 160
94, 96
94, 97
94, 354
94, 98
94, 355
94, 99
94, 356
94, 100
94, 357
94, 358
94, 294
94, 359
94, 295
94, 360
94, 296
94, 297
94, 298
94, 234
94, 299
94, 235
94, 300
94, 236
94, 237
94, 238
94, 174
94, 239
94, 175
94, 240
94, 176
94, 177
94, 178
94, 114
94, 179
94, 115
94, 180
94, 116
94, 117
94, 374
94, 118
94, 375
94, 119
94, 376
94, 120
94, 377
94, 378
94, 314
94, 379
94, 315
94, 380
94, 316
94, 317
94, 318
94, 254
94, 319
94, 255
222, 320
222, 256
222, 384
222, 257
222, 385
222, 258
222, 386
222, 322
222, 259
222, 387
222, 323
222, 260
222, 388
222, 324
222, 389
222, 325
222, 390
222, 326
222, 262
222, 391
222, 327
222, 263
222, 392
222, 328
222, 264
222, 393
222, 329
222, 265
222, 394
222, 330
222, 266
222, 395
222, 331
222, 267
222, 396
222, 332
222, 268
222, 397
222, 333
222, 269
222, 398
222, 334
222, 270
222, 399
222, 335
222, 271
222, 400
222, 336
222, 272
222, 337
222, 273
222, 338
222, 274
222, 339
222, 275
222, 340
222, 276
222, 277
222, 278
222, 342
222, 279
222, 343
222, 280
222, 344
222, 345
222, 346
222, 282
222, 347
222, 283
222, 348
222, 284
222, 349
222, 285
222, 350
222, 286
222, 351
222, 287
222, 223
222, 352
222, 288
222, 224
222, 353
222, 289
222, 225
222, 354
222, 290
222, 226
222, 355
222, 291
222, 227
222, 356
222, 292
222, 228
222, 357
222, 293
222, 229
222, 358
222, 294
222, 230
222, 359
222, 295
222, 231
222, 360
222, 296
222, 232
222, 297
222, 233
222, 298
222, 234
222, 362
222, 299
222, 235
222, 363
222, 300
222, 236
222, 364
222, 237
222, 365
222, 238
222, 366
222, 302
222, 239
222, 367
222, 303
222, 240
222, 368
222, 304
222, 369
222, 305
222, 370
222, 306
222, 242
222, 371
222, 307
222, 243
222, 372
222, 308
222, 244
222, 373
222, 309
222, 245
222, 374
222, 310
222, 246
222, 375
222, 311
222, 247
222, 376
222, 312
222, 248
222, 377
222, 313
222, 249
222, 378
222, 314
222, 250
222, 379
222, 315
222, 251
222, 380
222, 316
222, 252
222, 317
222, 253
222, 318
222, 254
222, 382
222, 319
222, 255
222, 383
351, 391
351, 392
351, 393
351, 394
351, 395
351, 396
351, 397
351, 398
351, 399
351, 400
351, 352
351, 353
351, 354
351, 355
351, 356
351, 357
351, 358
351, 359
351, 360
351, 371
351, 372
351, 373
351, 374
351, 375
351, 376
351, 377
351, 378
351, 379
351, 380
95, 320
95, 256
95, 257
95, 258
95, 259
95, 195
95, 260
95, 196
95, 197
95, 198
95, 199
95, 135
95, 200
95, 136
95, 137
95, 138
95, 395
95, 139
95, 396
95, 140
95, 397
95, 398
95, 399
95, 335
95, 400
95, 336
95, 337
95, 338
95, 339
95, 275
95, 340
95, 276
95, 277
95, 278
95, 279
95, 215
95, 280
95, 216
95, 217
95, 218
95, 219
95, 155
95, 220
95, 156
95, 157
95, 158
95, 159
95, 160
95, 96
95, 97
95, 98
95, 355
95, 99
95, 356
95, 100
95, 357
95, 358
95, 359
95, 295
95, 360
95, 296
95, 297
95, 298
95, 299
95, 235
95, 300
95, 236
95, 237
95, 238
95, 239
95, 175
95, 240
95, 176
95, 177
95, 178
95, 179
95, 115
95, 180
95, 116
95, 117
95, 118
95, 375
95, 119
95, 376
95, 120
95, 377
95, 378
95, 379
95, 315
95, 380
95, 316
95, 317
95, 318
95, 319
95, 255
223, 320
223, 256
223, 384
223, 257
223, 385
223, 258
223, 386
223, 259
223, 387
223, 323
223, 260
223, 388
223, 324
223, 389
223, 325
223, 390
223, 326
223, 391
223, 327
223, 263
223, 392
223, 328
223, 264
223, 393
223, 329
223, 265
223, 394
223, 330
223, 266
223, 395
223, 331
223, 267
223, 396
223, 332
223, 268
223, 397
223, 333
223, 269
223, 398
223, 334
223, 270
223, 399
223, 335
223, 271
223, 400
223, 336
223, 272
223, 337
223, 273
223, 338
223, 274
223, 339
223, 275
223, 340
223, 276
223, 277
223, 278
223, 279
223, 343
223, 280
223, 344
223, 345
223, 346
223, 347
223, 283
223, 348
223, 284
223, 349
223, 285
223, 350
223, 286
223, 351
223, 287
223, 352
223, 288
223, 224
223, 353
223, 289
223, 225
223, 354
223, 290
223, 226
223, 355
223, 291
223, 227
223, 356
223, 292
223, 228
223, 357
223, 293
223, 229
223, 358
223, 294
223, 230
223, 359
223, 295
223, 231
223, 360
223, 296
223, 232
223, 297
223, 233
223, 298
223, 234
223, 299
223, 235
223, 363
223, 300
223, 236
223, 364
223, 237
223, 365
223, 238
223, 366
223, 239
223, 367
223, 303
223, 240
223, 368
223, 304
223, 369
223, 305
223, 370
223, 306
223, 371
223, 307
223, 243
223, 372
223, 308
223, 244
223, 373
223, 309
223, 245
223, 374
223, 310
223, 246
223, 375
223, 311
223, 247
223, 376
223, 312
223, 248
223, 377
223, 313
223, 249
223, 378
223, 314
223, 250
223, 379
223, 315
223, 251
223, 380
223, 316
223, 252
223, 317
223, 253
223, 318
223, 254
223, 319
223, 255
223, 383
352, 392
352, 393
352, 394
352, 395
352, 396
352, 397
352, 398
352, 399
352, 400
352, 353
352, 354
352, 355
352, 356
352, 357
352, 358
352, 359
352, 360
352, 372
352, 373
352, 374
352, 375
352, 376
352, 377
352, 378
352, 379
352, 380
96, 320
96, 256
96, 257
96, 258
96, 259
96, 260
96, 196
96, 197
96, 198
96, 199
96, 200
96, 136
96, 137
96, 138
96, 139
96, 396
96, 140
96, 397
96, 398
96, 399
96, 400
96, 336
96, 337
96, 338
96, 339
96, 340
96, 276
96, 277
96, 278
96, 279
96, 280
96, 216
96, 217
96, 218
96, 219
96, 220
96, 156
96, 157
96, 158
96, 159
96, 160
96, 97
96, 98
96, 99
96, 356
96, 100
96, 357
96, 358
96, 359
96, 360
96, 296
96, 297
96, 298
96, 299
96, 300
96, 236
96, 237
96, 238
96, 239
96, 240
96, 176
96, 177
96, 178
96, 179
96, 180
96, 116
96, 117
96, 118
96, 119
96, 376
96, 120
96, 377
96, 378
96, 379
96, 380
96, 316
96, 317
96, 318
96, 319
224, 320
224, 256
224, 384
224, 257
224, 385
224, 258
224, 386
224, 259
224, 387
224, 260
224, 388
224, 324
224, 389
224, 325
224, 390
224, 326
224, 391
224, 327
224, 392
224, 328
224, 264
224, 393
224, 329
224, 265
224, 394
224, 330
224, 266
224, 395
224, 331
224, 267
224, 396
224, 332
224, 268
224, 397
224, 333
224, 269
224, 398
224, 334
224, 270
224, 399
224, 335
224, 271
224, 400
224, 336
224, 272
224, 337
224, 273
224, 338
224, 274
224, 339
224, 275
224, 340
224, 276
224, 277
224, 278
224, 279
224, 280
224, 344
224, 345
224, 346
224, 347
224, 348
224, 284
224, 349
224, 285
224, 350
224, 286
224, 351
224, 287
224, 352
224, 288
224, 353
224, 289
224, 225
224, 354
224, 290
224, 226
224, 355
224, 291
224, 227
224, 356
224, 292
224, 228
224, 357
224, 293
224, 229
224, 358
224, 294
224, 230
224, 359
224, 295
224, 231
224, 360
224, 296
224, 232
224, 297
224, 233
224, 298
224, 234
224, 299
224, 235
224, 300
224, 236
224, 364
224, 237
224, 365
224, 238
224, 366
224, 239
224, 367
224, 240
224, 368
224, 304
224, 369
224, 305
224, 370
224, 306
224, 371
224, 307
224, 372
224, 308
224, 244
224, 373
224, 309
224, 245
224, 374
224, 310
224, 246
224, 375
224, 311
224, 247
224, 376
224, 312
224, 248
224, 377
224, 313
224, 249
224, 378
224, 314
224, 250
224, 379
224, 315
224, 251
224, 380
224, 316
224, 252
224, 317
224, 253
224, 318
224, 254
224, 319
224, 255
353, 393
353, 394
353, 395
353, 396
353, 397
353, 398
353, 399
353, 400
353, 354
353, 355
353, 356
353, 357
353, 358
353, 359
353, 360
353, 373
353, 374
353, 375
353, 376
353, 377
353, 378
353, 379
353, 380
97, 320
97, 257
97, 258
97, 259
97, 260
97, 197
97, 198
97, 199
97, 200
97, 137
97, 138
97, 139
97, 140
97, 397
97, 398
97, 399
97, 400
97, 337
97, 338
97, 339
97, 340
97, 277
97, 278
97, 279
97, 280
97, 217
97, 218
97, 219
97, 220
97, 157
97, 158
97, 159
97, 160
97, 98
97, 99
97, 100
97, 357
97, 358
97, 359
97, 360
97, 297
97, 298
97, 299
97, 300
97, 237
97, 238
97, 239
97, 240
97, 177
97, 178
97, 179
97, 180
97, 117
97, 118
97, 119
97, 120
97, 377
97, 378
97, 379
97, 380
97, 317
97, 318
97, 319
225, 320
225, 256
225, 257
225, 385
225, 258
225, 386
225, 259
225, 387
225, 260
225, 388
225, 389
225, 325
225, 390
225, 326
225, 391
225, 327
225, 392
225, 328
225, 393
225, 329
225, 265
225, 394
225, 330
225, 266
225, 395
225, 331
225, 267
225, 396
225, 332
225, 268
225, 397
225, 333
225, 269
225, 398
225, 334
225, 270
225, 399
225, 335
225, 271
225, 400
225, 336
225, 272
225, 337
225, 273
225, 338
225, 274
225, 339
225, 275
225, 340
225, 276
225, 277
225, 278
225, 279
225, 280
225, 345
225, 346
225, 347
225, 348
225, 349
225, 285
225, 350
225, 286
225, 351
225, 287
225, 352
225, 288
225, 353
225, 289
225, 354
225, 290
225, 226
225, 355
225, 291
225, 227
225, 356
225, 292
225, 228
225, 357
225, 293
225, 229
225, 358
225, 294
225, 230
225, 359
225, 295
225, 231
225, 360
225, 296
225, 232
225, 297
225, 233
225, 298
225, 234
225, 299
225, 235
225, 300
225, 236
225, 237
225, 365
225, 238
225, 366
225, 239
225, 367
225, 240
225, 368
225, 369
225, 305
225, 370
225, 306
225, 371
225, 307
225, 372
225, 308
225, 373
225, 309
225, 245
225, 374
225, 310
225, 246
225, 375
225, 311
225, 247
225, 376
225, 312
225, 248
225, 377
225, 313
225, 249
225, 378
225, 314
225, 250
225, 379
225, 315
225, 251
225, 380
225, 316
225, 252
225, 317
225, 253
225, 318
225, 254
225, 319
225, 255
354, 394
354, 395
354, 396
354, 397
354, 398
354, 399
354, 400
354, 355
354, 356
354, 357
354, 358
354, 359
354, 360
354, 374
354, 375
354, 376
354, 377
354, 378
354, 379
354, 380
98, 320
98, 258
98, 259
98, 260
98, 198
98, 199
98, 200
98, 138
98, 139
98, 140
98, 398
98, 399
98, 400
98, 338
98, 339
98, 340
98, 278
98, 279
98, 280
98, 218
98, 219
98, 220
98, 158
98, 159
98, 160
98, 99
98, 100
98, 358
98, 359
98, 360
98, 298
98, 299
98, 300
98, 238
98, 239
98, 240
98, 178
98, 179
98, 180
98, 118
98, 119
98, 120
98, 378
98, 379
98, 380
98, 318
98, 319
226, 320
226, 256
226, 257
226, 258
226, 386
226, 259
226, 387
226, 260
226, 388
226, 389
226, 390
226, 326
226, 391
226, 327
226, 392
226, 328
226, 393
226, 329
226, 394
226, 330
226, 266
226, 395
226, 331
226, 267
226, 396
226, 332
226, 268
226, 397
226, 333
226, 269
226, 398
226, 334
226, 270
226, 399
226, 335
226, 271
226, 400
226, 336
226, 272
226, 337
226, 273
226, 338
226, 274
226, 339
226, 275
226, 340
226, 276
226, 277
226, 278
226, 279
226, 280
226, 346
226, 347
226, 348
226, 349
226, 350
226, 286
226, 351
226, 287
226, 352
226, 288
226, 353
226, 289
226, 354
226, 290
226, 355
226, 291
226, 227
226, 356
226, 292
226, 228
226, 357
226, 293
226, 229
226, 358
226, 294
226, 230
226, 359
226, 295
226, 231
226, 360
226, 296
226, 232
226, 297
226, 233
226, 298
226, 234
226, 299
226, 235
226, 300
226, 236
226, 237
226, 238
226, 366
226, 239
226, 367
226, 240
226, 368
226, 369
226, 370
226, 306
226, 371
226, 307
226, 372
226, 308
226, 373
226, 309
226, 374
226, 310
226, 246
226, 375
226, 311
226, 247
226, 376
226, 312
226, 248
226, 377
226, 313
226, 249
226, 378
226, 314
226, 250
226, 379
226, 315
226, 251
226, 380
226, 316
226, 252
226, 317
226, 253
226, 318
226, 254
226, 319
226, 255
355, 395
355, 396
355, 397
355, 398
355, 399
355, 400
355, 356
355, 357
355, 358
355, 359
355, 360
355, 375
355, 376
355, 377
355, 378
355, 379
355, 380
99, 320
99, 259
99, 260
99, 199
99, 200
99, 139
99, 140
99, 399
99, 400
99, 339
99, 340
99, 279
99, 280
99, 219
99, 220
99, 159
99, 160
99, 100
99, 359
99, 360
99, 299
99, 300
99, 239
99, 240
99, 179
99, 180
99, 119
99, 120
99, 379
99, 380
99, 319
227, 320
227, 256
227, 257
227, 258
227, 259
227, 387
227, 260
227, 388
227, 389
227, 390
227, 391
227, 327
227, 392
227, 328
227, 393
227, 329
227, 394
227, 330
227, 395
227, 331
227, 267
227, 396
227, 332
227, 268
227, 397
227, 333
227, 269
227, 398
227, 334
227, 270
227, 399
227, 335
227, 271
227, 400
227, 336
227, 272
227, 337
227, 273
227, 338
227, 274
227, 339
227, 275
227, 340
227, 276
227, 277
227, 278
227, 279
227, 280
227, 347
227, 348
227, 349
227, 350
227, 351
227, 287
227, 352
227, 288
227, 353
227, 289
227, 354
227, 290
227, 355
227, 291
227, 356
227, 292
227, 228
227, 357
227, 293
227, 229
227, 358
227, 294
227, 230
227, 359
227, 295
227, 231
227, 360
227, 296
227, 232
227, 297
227, 233
227, 298
227, 234
227, 299
227, 235
227, 300
227, 236
227, 237
227, 238
227, 239
227, 367
227, 240
227, 368
227, 369
227, 370
227, 371
227, 307
227, 372
227, 308
227, 373
227, 309
227, 374
227, 310
227, 375
227, 311
227, 247
227, 376
227, 312
227, 248
227, 377
227, 313
227, 249
227, 378
227, 314
227, 250
227, 379
227, 315
227, 251
227, 380
227, 316
227, 252
227, 317
227, 253
227, 318
227, 254
227, 319
227, 255
100, 320
100, 260
100, 200
100, 140
100, 400
100, 340
100, 280
100, 220
100, 160
100, 360
100, 300
100, 240
100, 180
100, 120
100, 380
356, 396
356, 397
356, 398
356, 399
356, 400
356, 357
356, 358
356, 359
356, 360
356, 376
356, 377
356, 378
356, 379
356, 380
228, 320
228, 256
228, 257
228, 258
228, 259
228, 260
228, 388
228, 389
228, 390
228, 391
228, 392
228, 328
228, 393
228, 329
228, 394
228, 330
228, 395
228, 331
228, 396
228, 332
228, 268
228, 397
228, 333
228, 269
228, 398
228, 334
228, 270
228, 399
228, 335
228, 271
228, 400
228, 336
228, 272
228, 337
228, 273
228, 338
228, 274
228, 339
228, 275
228, 340
228, 276
228, 277
228, 278
228, 279
228, 280
228, 348
228, 349
228, 350
228, 351
228, 352
228, 288
228, 353
228, 289
228, 354
228, 290
228, 355
228, 291
228, 356
228, 292
228, 357
228, 293
228, 229
228, 358
228, 294
228, 230
228, 359
228, 295
228, 231
228, 360
228, 296
228, 232
228, 297
228, 233
228, 298
228, 234
228, 299
228, 235
228, 300
228, 236
228, 237
228, 238
228, 239
228, 240
228, 368
228, 369
228, 370
228, 371
228, 372
228, 308
228, 373
228, 309
228, 374
228, 310
228, 375
228, 311
228, 376
228, 312
228, 248
228, 377
228, 313
228, 249
228, 378
228, 314
228, 250
228, 379
228, 315
228, 251
228, 380
228, 316
228, 252
228, 317
228, 253
228, 318
228, 254
228, 319
228, 255
357, 397
357, 398
357, 399
357, 400
357, 358
357, 359
357, 360
357, 377
357, 378
357, 379
357, 380
101, 256
101, 128
101, 384
101, 257
101, 129
101, 385
101, 258
101, 130
101, 386
101, 259
101, 131
101, 387
101, 260
101, 388
101, 132
101, 389
101, 261
101, 133
101, 390
101, 262
101, 134
101, 391
101, 263
101, 135
101, 392
101, 264
101, 136
101, 393
101, 265
101, 137
101, 394
101, 266
101, 138
101, 395
101, 267
101, 139
101, 396
101, 268
101, 140
101, 397
101, 141
101, 269
101, 398
101, 142
101, 270
101, 399
101, 143
101, 271
101, 400
101, 144
101, 272
101, 145
101, 273
101, 146
101, 274
101, 275
101, 147
101, 276
101, 148
101, 277
101, 149
101, 278
101, 150
101, 279
101, 151
101, 280
101, 152
101, 281
101, 153
101, 282
101, 154
101, 283
101, 155
101, 284
101, 156
101, 285
101, 157
101, 286
101, 158
101, 287
101, 159
101, 288
101, 160
101, 161
101, 289
101, 162
101, 290
101, 163
101, 291
101, 164
101, 292
101, 165
101, 293
101, 294
101, 166
101, 295
101, 167
101, 296
101, 168
101, 297
101, 169
101, 298
101, 170
101, 299
101, 171
101, 300
101, 172
101, 301
101, 173
101, 302
101, 174
101, 303
101, 175
101, 304
101, 176
101, 305
101, 177
101, 306
101, 178
101, 307
101, 179
101, 180
101, 308
101, 181
101, 309
101, 182
101, 310
101, 183
101, 311
101, 184
101, 312
101, 313
101, 185
101, 314
101, 186
101, 315
101, 187
101, 316
101, 188
101, 317
101, 189
101, 318
101, 190
101, 319
101, 191
101, 320
101, 192
101, 321
101, 193
101, 322
101, 194
101, 323
101, 195
101, 324
101, 196
101, 325
101, 197
101, 326
101, 198
101, 199
101, 327
101, 200
101, 328
101, 201
101, 329
101, 202
101, 330
101, 203
101, 331
101, 332
101, 204
101, 333
101, 205
101, 334
101, 206
101, 335
101, 207
101, 336
101, 208
101, 337
101, 209
101, 338
101, 210
101, 339
101, 211
101, 340
101, 212
101, 341
101, 213
101, 342
101, 214
101, 343
101, 215
101, 344
101, 216
101, 345
101, 217
101, 218
101, 346
101, 219
101, 347
101, 220
101, 348
101, 221
101, 349
101, 222
101, 350
101, 351
101, 223
101, 352
101, 224
101, 353
101, 225
101, 354
101, 226
101, 355
101, 227
101, 356
101, 228
101, 357
101, 229
101, 358
101, 102
101, 230
101, 359
101, 103
101, 231
101, 360
101, 104
101, 232
101, 105
101, 361
101, 233
101, 106
101, 362
101, 234
101, 107
101, 363
101, 235
101, 108
101, 364
101, 236
101, 237
101, 109
101, 365
101, 238
101, 110
101, 366
101, 239
101, 111
101, 367
101, 240
101, 112
101, 368
101, 241
101, 113
101, 369
101, 370
101, 242
101, 114
101, 371
101, 243
101, 115
101, 372
101, 244
101, 116
101, 373
101, 245
101, 117
101, 374
101, 246
101, 118
101, 375
101, 247
101, 119
101, 376
101, 248
101, 120
101, 377
101, 121
101, 249
101, 378
101, 122
101, 250
101, 379
101, 123
101, 251
101, 380
101, 124
101, 252
101, 125
101, 381
101, 253
101, 126
101, 382
101, 254
101, 127
101, 383
101, 255
229, 320
229, 256
229, 257
229, 258
229, 259
229, 260
229, 389
229, 390
229, 391
229, 392
229, 393
229, 329
229, 394
229, 330
229, 395
229, 331
229, 396
229, 332
229, 397
229, 333
229, 269
229, 398
229, 334
229, 270
229, 399
229, 335
229, 271
229, 400
229, 336
229, 272
229, 337
229, 273
229, 338
229, 274
229, 339
229, 275
229, 340
229, 276
229, 277
229, 278
229, 279
229, 280
229, 349
229, 350
229, 351
229, 352
229, 353
229, 289
229, 354
229, 290
229, 355
229, 291
229, 356
229, 292
229, 357
229, 293
229, 358
229, 294
229, 230
229, 359
229, 295
229, 231
229, 360
229, 296
229, 232
229, 297
229, 233
229, 298
229, 234
229, 299
229, 235
229, 300
229, 236
229, 237
229, 238
229, 239
229, 240
229, 369
229, 370
229, 371
229, 372
229, 373
229, 309
229, 374
229, 310
229, 375
229, 311
229, 376
229, 312
229, 377
229, 313
229, 249
229, 378
229, 314
229, 250
229, 379
229, 315
229, 251
229, 380
229, 316
229, 252
229, 317
229, 253
229, 318
229, 254
229, 319
229, 255
358, 400
358, 399
358, 380
358, 398
358, 379
358, 360
358, 378
358, 359
102, 128
102, 384
102, 256
102, 257
102, 129
102, 385
102, 258
102, 130
102, 386
102, 259
102, 131
102, 387
102, 260
102, 132
102, 388
102, 389
102, 133
102, 390
102, 262
102, 134
102, 391
102, 263
102, 135
102, 392
102, 264
102, 136
102, 393
102, 265
102, 137
102, 394
102, 266
102, 138
102, 395
102, 267
102, 139
102, 396
102, 268
102, 140
102, 397
102, 269
102, 398
102, 142
102, 270
102, 399
102, 143
102, 271
102, 400
102, 144
102, 272
102, 145
102, 273
102, 146
102, 274
102, 147
102, 275
102, 276
102, 148
102, 277
102, 149
102, 278
102, 150
102, 279
102, 151
102, 280
102, 152
102, 153
102, 282
102, 154
102, 283
102, 155
102, 284
102, 156
102, 285
102, 157
102, 286
102, 158
102, 287
102, 159
102, 288
102, 160
102, 289
102, 162
102, 290
102, 163
102, 291
102, 164
102, 292
102, 165
102, 293
102, 166
102, 294
102, 295
102, 167
102, 296
102, 168
102, 297
102, 169
102, 298
102, 170
102, 299
102, 171
102, 300
102, 172
102, 173
102, 302
102, 174
102, 303
102, 175
102, 304
102, 176
102, 305
102, 177
102, 306
102, 178
102, 307
102, 179
102, 308
102, 180
102, 309
102, 182
102, 310
102, 183
102, 311
102, 184
102, 312
102, 185
102, 313
102, 314
102, 186
102, 315
102, 187
102, 316
102, 188
102, 317
102, 189
102, 318
102, 190
102, 319
102, 191
102, 320
102, 192
102, 193
102, 322
102, 194
102, 323
102, 195
102, 324
102, 196
102, 325
102, 197
102, 326
102, 198
102, 327
102, 199
102, 200
102, 328
102, 329
102, 202
102, 330
102, 203
102, 331
102, 204
102, 332
102, 333
102, 205
102, 334
102, 206
102, 335
102, 207
102, 336
102, 208
102, 337
102, 209
102, 338
102, 210
102, 339
102, 211
102, 340
102, 212
102, 213
102, 342
102, 214
102, 343
102, 215
102, 344
102, 216
102, 345
102, 217
102, 346
102, 218
102, 219
102, 347
102, 220
102, 348
102, 349
102, 222
102, 350
102, 223
102, 351
102, 352
102, 224
102, 353
102, 225
102, 354
102, 226
102, 355
102, 227
102, 356
102, 228
102, 357
102, 229
102, 358
102, 230
102, 359
102, 103
102, 231
102, 360
102, 104
102, 232
102, 105
102, 233
102, 106
102, 362
102, 234
102, 107
102, 363
102, 235
102, 108
102, 364
102, 236
102, 109
102, 365
102, 237
102, 238
102, 110
102, 366
102, 239
102, 111
102, 367
102, 240
102, 112
102, 368
102, 113
102, 369
102, 242
102, 114
102, 370
102, 371
102, 243
102, 115
102, 372
102, 244
102, 116
102, 373
102, 245
102, 117
102, 374
102, 246
102, 118
102, 375
102, 247
102, 119
102, 376
102, 248
102, 120
102, 377
102, 249
102, 378
102, 122
102, 250
102, 379
102, 123
102, 251
102, 380
102, 124
102, 252
102, 125
102, 253
102, 126
102, 382
102, 254
102, 127
102, 383
102, 255
230, 320
230, 256
230, 257
230, 258
230, 259
230, 260
230, 390
230, 391
230, 392
230, 393
230, 394
230, 330
230, 395
230, 331
230, 396
230, 332
230, 397
230, 333
230, 398
230, 334
230, 270
230, 399
230, 335
230, 271
230, 400
230, 336
230, 272
230, 337
230, 273
230, 338
230, 274
230, 339
230, 275
230, 340
230, 276
230, 277
230, 278
230, 279
230, 280
230, 350
230, 351
230, 352
230, 353
230, 354
230, 290
230, 355
230, 291
230, 356
230, 292
230, 357
230, 293
230, 358
230, 294
230, 359
230, 295
230, 231
230, 360
230, 296
230, 232
230, 297
230, 233
230, 298
230, 234
230, 299
230, 235
230, 300
230, 236
230, 237
230, 238
230, 239
230, 240
230, 370
230, 371
230, 372
230, 373
230, 374
230, 310
230, 375
230, 311
230, 376
230, 312
230, 377
230, 313
230, 378
230, 314
230, 250
230, 379
230, 315
230, 251
230, 380
230, 316
230, 252
230, 317
230, 253
230, 318
230, 254
230, 319
230, 255
359, 400
359, 399
359, 380
359, 379
359, 360
103, 128
103, 384
103, 256
103, 129
103, 385
103, 257
103, 258
103, 130
103, 386
103, 259
103, 131
103, 387
103, 260
103, 132
103, 388
103, 133
103, 389
103, 390
103, 134
103, 391
103, 263
103, 135
103, 392
103, 264
103, 136
103, 393
103, 265
103, 137
103, 394
103, 266
103, 138
103, 395
103, 267
103, 139
103, 396
103, 268
103, 140
103, 397
103, 269
103, 398
103, 270
103, 399
103, 143
103, 271
103, 400
103, 144
103, 272
103, 145
103, 273
103, 146
103, 274
103, 147
103, 275
103, 148
103, 276
103, 277
103, 149
103, 278
103, 150
103, 279
103, 151
103, 280
103, 152
103, 153
103, 154
103, 283
103, 155
103, 284
103, 156
103, 285
103, 157
103, 286
103, 158
103, 287
103, 159
103, 288
103, 160
103, 289
103, 290
103, 163
103, 291
103, 164
103, 292
103, 165
103, 293
103, 166
103, 294
103, 167
103, 295
103, 296
103, 168
103, 297
103, 169
103, 298
103, 170
103, 299
103, 171
103, 300
103, 172
103, 173
103, 174
103, 303
103, 175
103, 304
103, 176
103, 305
103, 177
103, 306
103, 178
103, 307
103, 179
103, 308
103, 180
103, 309
103, 310
103, 183
103, 311
103, 184
103, 312
103, 185
103, 313
103, 186
103, 314
103, 315
103, 187
103, 316
103, 188
103, 317
103, 189
103, 318
103, 190
103, 319
103, 191
103, 320
103, 192
103, 193
103, 194
103, 323
103, 195
103, 324
103, 196
103, 325
103, 197
103, 326
103, 198
103, 327
103, 199
103, 328
103, 200
103, 329
103, 330
103, 203
103, 331
103, 204
103, 332
103, 205
103, 333
103, 334
103, 206
103, 335
103, 207
103, 336
103, 208
103, 337
103, 209
103, 338
103, 210
103, 339
103, 211
103, 340
103, 212
103, 213
103, 214
103, 343
103, 215
103, 344
103, 216
103, 345
103, 217
103, 346
103, 218
103, 347
103, 219
103, 220
103, 348
103, 349
103, 350
103, 223
103, 351
103, 224
103, 352
103, 353
103, 225
103, 354
103, 226
103, 355
103, 227
103, 356
103, 228
103, 357
103, 229
103, 358
103, 230
103, 359
103, 231
103, 360
103, 104
103, 232
103, 105
103, 233
103, 106
103, 234
103, 107
103, 363
103, 235
103, 108
103, 364
103, 236
103, 109
103, 365
103, 237
103, 110
103, 366
103, 238
103, 239
103, 111
103, 367
103, 240
103, 112
103, 368
103, 113
103, 369
103, 114
103, 370
103, 243
103, 115
103, 371
103, 372
103, 244
103, 116
103, 373
103, 245
103, 117
103, 374
103, 246
103, 118
103, 375
103, 247
103, 119
103, 376
103, 248
103, 120
103, 377
103, 249
103, 378
103, 250
103, 379
103, 123
103, 251
103, 380
103, 124
103, 252
103, 125
103, 253
103, 126
103, 254
103, 127
103, 383
103, 255
231, 320
231, 256
231, 257
231, 258
231, 259
231, 260
231, 391
231, 392
231, 393
231, 394
231, 395
231, 331
231, 396
231, 332
231, 397
231, 333
231, 398
231, 334
231, 399
231, 335
231, 271
231, 400
231, 336
231, 272
231, 337
231, 273
231, 338
231, 274
231, 339
231, 275
231, 340
231, 276
231, 277
231, 278
231, 279
231, 280
231, 351
231, 352
231, 353
231, 354
231, 355
231, 291
231, 356
231, 292
231, 357
231, 293
231, 358
231, 294
231, 359
231, 295
231, 360
231, 296
231, 232
231, 297
231, 233
231, 298
231, 234
231, 299
231, 235
231, 300
231, 236
231, 237
231, 238
231, 239
231, 240
231, 371
231, 372
231, 373
231, 374
231, 375
231, 311
231, 376
231, 312
231, 377
231, 313
231, 378
231, 314
231, 379
231, 315
231, 251
231, 380
231, 316
231, 252
231, 317
231, 253
231, 318
231, 254
231, 319
231, 255
360, 400
360, 380
104, 128
104, 384
104, 256
104, 129
104, 385
104, 257
104, 130
104, 386
104, 258
104, 259
104, 131
104, 387
104, 260
104, 132
104, 388
104, 133
104, 389
104, 134
104, 390
104, 391
104, 135
104, 392
104, 264
104, 136
104, 393
104, 265
104, 137
104, 394
104, 266
104, 138
104, 395
104, 267
104, 139
104, 396
104, 268
104, 140
104, 397
104, 269
104, 398
104, 270
104, 399
104, 271
104, 400
104, 144
104, 272
104, 145
104, 273
104, 146
104, 274
104, 147
104, 275
104, 148
104, 276
104, 149
104, 277
104, 278
104, 150
104, 279
104, 151
104, 280
104, 152
104, 153
104, 154
104, 155
104, 284
104, 156
104, 285
104, 157
104, 286
104, 158
104, 287
104, 159
104, 288
104, 160
104, 289
104, 290
104, 291
104, 164
104, 292
104, 165
104, 293
104, 166
104, 294
104, 167
104, 295
104, 168
104, 296
104, 297
104, 169
104, 298
104, 170
104, 299
104, 171
104, 300
104, 172
104, 173
104, 174
104, 175
104, 304
104, 176
104, 305
104, 177
104, 306
104, 178
104, 307
104, 179
104, 308
104, 180
104, 309
104, 310
104, 311
104, 184
104, 312
104, 185
104, 313
104, 186
104, 314
104, 187
104, 315
104, 316
104, 188
104, 317
104, 189
104, 318
104, 190
104, 319
104, 191
104, 320
104, 192
104, 193
104, 194
104, 195
104, 324
104, 196
104, 325
104, 197
104, 326
104, 198
104, 327
104, 199
104, 328
104, 200
104, 329
104, 330
104, 331
104, 204
104, 332
104, 205
104, 333
104, 206
104, 334
104, 335
104, 207
104, 336
104, 208
104, 337
104, 209
104, 338
104, 210
104, 339
104, 211
104, 340
104, 212
104, 213
104, 214
104, 215
104, 344
104, 216
104, 345
104, 217
104, 346
104, 218
104, 347
104, 219
104, 348
104, 220
104, 349
104, 350
104, 351
104, 224
104, 352
104, 225
104, 353
104, 354
104, 226
104, 355
104, 227
104, 356
104, 228
104, 357
104, 229
104, 358
104, 230
104, 359
104, 231
104, 360
104, 232
104, 105
104, 233
104, 106
104, 234
104, 107
104, 235
104, 108
104, 364
104, 236
104, 109
104, 365
104, 237
104, 110
104, 366
104, 238
104, 111
104, 367
104, 239
104, 240
104, 112
104, 368
104, 113
104, 369
104, 114
104, 370
104, 115
104, 371
104, 244
104, 116
104, 372
104, 373
104, 245
104, 117
104, 374
104, 246
104, 118
104, 375
104, 247
104, 119
104, 376
104, 248
104, 120
104, 377
104, 249
104, 378
104, 250
104, 379
104, 251
104, 380
104, 124
104, 252
104, 125
104, 253
104, 126
104, 254
104, 127
104, 255
232, 320
232, 256
232, 257
232, 258
232, 259
232, 260
232, 392
232, 393
232, 394
232, 395
232, 396
232, 332
232, 397
232, 333
232, 398
232, 334
232, 399
232, 335
232, 400
232, 336
232, 272
232, 337
232, 273
232, 338
232, 274
232, 339
232, 275
232, 340
232, 276
232, 277
232, 278
232, 279
232, 280
232, 352
232, 353
232, 354
232, 355
232, 356
232, 292
232, 357
232, 293
232, 358
232, 294
232, 359
232, 295
232, 360
232, 296
232, 297
232, 233
232, 298
232, 234
232, 299
232, 235
232, 300
232, 236
232, 237
232, 238
232, 239
232, 240
232, 372
232, 373
232, 374
232, 375
232, 376
232, 312
232, 377
232, 313
232, 378
232, 314
232, 379
232, 315
232, 380
232, 316
232, 252
232, 317
232, 253
232, 318
232, 254
232, 319
232, 255
361, 384
361, 385
361, 386
361, 387
361, 388
361, 389
361, 390
361, 391
361, 392
361, 393
361, 394
361, 395
361, 396
361, 397
361, 398
361, 399
361, 400
361, 362
361, 363
361, 364
361, 365
361, 366
361, 367
361, 368
361, 369
361, 370
361, 371
361, 372
361, 373
361, 374
361, 375
361, 376
361, 377
361, 378
361, 379
361, 380
361, 381
361, 382
361, 383
105, 320
105, 256
105, 192
105, 128
105, 257
105, 385
105, 193
105, 129
105, 258
105, 386
105, 194
105, 130
105, 259
105, 387
105, 195
105, 131
105, 260
105, 388
105, 196
105, 132
105, 389
105, 197
105, 325
105, 133
105, 390
105, 198
105, 326
105, 134
105, 391
105, 199
105, 327
105, 135
105, 392
105, 200
105, 328
105, 136
105, 393
105, 329
105, 137
105, 265
105, 394
105, 330
105, 138
105, 266
105, 395
105, 331
105, 139
105, 267
105, 396
105, 332
105, 140
105, 268
105, 397
105, 333
105, 269
105, 205
105, 398
105, 334
105, 270
105, 206
105, 399
105, 335
105, 271
105, 207
105, 400
105, 336
105, 272
105, 208
105, 337
105, 273
105, 209
105, 145
105, 338
105, 274
105, 210
105, 146
105, 339
105, 275
105, 211
105, 147
105, 340
105, 276
105, 212
105, 148
105, 277
105, 213
105, 149
105, 278
105, 214
105, 150
105, 279
105, 215
105, 151
105, 280
105, 216
105, 152
105, 217
105, 345
105, 153
105, 218
105, 346
105, 154
105, 219
105, 347
105, 155
105, 220
105, 348
105, 156
105, 349
105, 157
105, 285
105, 350
105, 158
105, 286
105, 351
105, 159
105, 287
105, 352
105, 160
105, 288
105, 353
105, 289
105, 225
105, 354
105, 290
105, 226
105, 355
105, 291
105, 227
105, 356
105, 292
105, 228
105, 357
105, 293
105, 229
105, 165
105, 358
105, 294
105, 230
105, 166
105, 359
105, 295
105, 231
105, 167
105, 360
105, 296
105, 232
105, 168
105, 297
105, 233
105, 169
105, 298
105, 234
105, 170
105, 106
105, 299
105, 235
105, 171
105, 107
105, 300
105, 236
105, 172
105, 108
105, 237
105, 365
105, 173
105, 109
105, 238
105, 366
105, 174
105, 110
105, 239
105, 367
105, 175
105, 111
105, 240
105, 368
105, 176
105, 112
105, 369
105, 177
105, 305
105, 113
105, 370
105, 178
105, 306
105, 114
105, 371
105, 179
105, 307
105, 115
105, 372
105, 180
105, 308
105, 116
105, 373
105, 309
105, 117
105, 245
105, 374
105, 310
105, 118
105, 246
105, 375
105, 311
105, 119
105, 247
105, 376
105, 312
105, 120
105, 248
105, 377
105, 313
105, 249
105, 185
105, 378
105, 314
105, 250
105, 186
105, 379
105, 315
105, 251
105, 187
105, 380
105, 316
105, 252
105, 188
105, 317
105, 253
105, 189
105, 125
105, 318
105, 254
105, 190
105, 126
105, 319
105, 255
105, 191
105, 127
233, 320
233, 256
233, 257
233, 258
233, 259
233, 260
233, 393
233, 394
233, 395
233, 396
233, 397
233, 333
233, 398
233, 334
233, 399
233, 335
233, 400
233, 336
233, 337
233, 273
233, 338
233, 274
233, 339
233, 275
233, 340
233, 276
233, 277
233, 278
233, 279
233, 280
233, 353
233, 354
233, 355
233, 356
233, 357
233, 293
233, 358
233, 294
233, 359
233, 295
233, 360
233, 296
233, 297
233, 298
233, 234
233, 299
233, 235
233, 300
233, 236
233, 237
233, 238
233, 239
233, 240
233, 373
233, 374
233, 375
233, 376
233, 377
233, 313
233, 378
233, 314
233, 379
233, 315
233, 380
233, 316
233, 317
233, 253
233, 318
233, 254
233, 319
233, 255
362, 384
362, 385
362, 386
362, 387
362, 388
362, 389
362, 390
362, 391
362, 392
362, 393
362, 394
362, 395
362, 396
362, 397
362, 398
362, 399
362, 400
362, 363
362, 364
362, 365
362, 366
362, 367
362, 368
362, 369
362, 370
362, 371
362, 372
362, 373
362, 374
362, 375
362, 376
362, 377
362, 378
362, 379
362, 380
362, 382
362, 383
106, 320
106, 256
106, 192
106, 128
106, 257
106, 193
106, 129
106, 258
106, 386
106, 194
106, 130
106, 259
106, 387
106, 195
106, 131
106, 260
106, 388
106, 196
106, 132
106, 389
106, 197
106, 133
106, 390
106, 198
106, 326
106, 134
106, 391
106, 199
106, 327
106, 135
106, 392
106, 200
106, 328
106, 136
106, 393
106, 329
106, 137
106, 394
106, 330
106, 138
106, 266
106, 395
106, 331
106, 139
106, 267
106, 396
106, 332
106, 140
106, 268
106, 397
106, 333
106, 269
106, 398
106, 334
106, 270
106, 206
106, 399
106, 335
106, 271
106, 207
106, 400
106, 336
106, 272
106, 208
106, 337
106, 273
106, 209
106, 338
106, 274
106, 210
106, 146
106, 339
106, 275
106, 211
106, 147
106, 340
106, 276
106, 212
106, 148
106, 277
106, 213
106, 149
106, 278
106, 214
106, 150
106, 279
106, 215
106, 151
106, 280
106, 216
106, 152
106, 217
106, 153
106, 218
106, 346
106, 154
106, 219
106, 347
106, 155
106, 220
106, 348
106, 156
106, 349
106, 157
106, 350
106, 158
106, 286
106, 351
106, 159
106, 287
106, 352
106, 160
106, 288
106, 353
106, 289
106, 354
106, 290
106, 226
106, 355
106, 291
106, 227
106, 356
106, 292
106, 228
106, 357
106, 293
106, 229
106, 358
106, 294
106, 230
106, 166
106, 359
106, 295
106, 231
106, 167
106, 360
106, 296
106, 232
106, 168
106, 297
106, 233
106, 169
106, 298
106, 234
106, 170
106, 299
106, 235
106, 171
106, 107
106, 300
106, 236
106, 172
106, 108
106, 237
106, 173
106, 109
106, 238
106, 366
106, 174
106, 110
106, 239
106, 367
106, 175
106, 111
106, 240
106, 368
106, 176
106, 112
106, 369
106, 177
106, 113
106, 370
106, 178
106, 306
106, 114
106, 371
106, 179
106, 307
106, 115
106, 372
106, 180
106, 308
106, 116
106, 373
106, 309
106, 117
106, 374
106, 310
106, 118
106, 246
106, 375
106, 311
106, 119
106, 247
106, 376
106, 312
106, 120
106, 248
106, 377
106, 313
106, 249
106, 378
106, 314
106, 250
106, 186
106, 379
106, 315
106, 251
106, 187
106, 380
106, 316
106, 252
106, 188
106, 317
106, 253
106, 189
106, 318
106, 254
106, 190
106, 126
106, 319
106, 255
106, 191
106, 127
234, 320
234, 256
234, 257
234, 258
234, 259
234, 260
234, 394
234, 395
234, 396
234, 397
234, 398
234, 334
234, 399
234, 335
234, 400
234, 336
234, 337
234, 338
234, 274
234, 339
234, 275
234, 340
234, 276
234, 277
234, 278
234, 279
234, 280
234, 354
234, 355
234, 356
234, 357
234, 358
234, 294
234, 359
234, 295
234, 360
234, 296
234, 297
234, 298
234, 299
234, 235
234, 300
234, 236
234, 237
234, 238
234, 239
234, 240
234, 374
234, 375
234, 376
234, 377
234, 378
234, 314
234, 379
234, 315
234, 380
234, 316
234, 317
234, 318
234, 254
234, 319
234, 255
363, 384
363, 385
363, 386
363, 387
363, 388
363, 389
363, 390
363, 391
363, 392
363, 393
363, 394
363, 395
363, 396
363, 397
363, 398
363, 399
363, 400
363, 364
363, 365
363, 366
363, 367
363, 368
363, 369
363, 370
363, 371
363, 372
363, 373
363, 374
363, 375
363, 376
363, 377
363, 378
363, 379
363, 380
363, 383
107, 320
107, 256
107, 192
107, 128
107, 257
107, 193
107, 129
107, 258
107, 194
107, 130
107, 259
107, 387
107, 195
107, 131
107, 260
107, 388
107, 196
107, 132
107, 389
107, 197
107, 133
107, 390
107, 198
107, 134
107, 391
107, 199
107, 327
107, 135
107, 392
107, 200
107, 328
107, 136
107, 393
107, 329
107, 137
107, 394
107, 330
107, 138
107, 395
107, 331
107, 139
107, 267
107, 396
107, 332
107, 140
107, 268
107, 397
107, 333
107, 269
107, 398
107, 334
107, 270
107, 399
107, 335
107, 271
107, 207
107, 400
107, 336
107, 272
107, 208
107, 337
107, 273
107, 209
107, 338
107, 274
107, 210
107, 339
107, 275
107, 211
107, 147
107, 340
107, 276
107, 212
107, 148
107, 277
107, 213
107, 149
107, 278
107, 214
107, 150
107, 279
107, 215
107, 151
107, 280
107, 216
107, 152
107, 217
107, 153
107, 218
107, 154
107, 219
107, 347
107, 155
107, 220
107, 348
107, 156
107, 349
107, 157
107, 350
107, 158
107, 351
107, 159
107, 287
107, 352
107, 160
107, 288
107, 353
107, 289
107, 354
107, 290
107, 355
107, 291
107, 227
107, 356
107, 292
107, 228
107, 357
107, 293
107, 229
107, 358
107, 294
107, 230
107, 359
107, 295
107, 231
107, 167
107, 360
107, 296
107, 232
107, 168
107, 297
107, 233
107, 169
107, 298
107, 234
107, 170
107, 299
107, 235
107, 171
107, 300
107, 236
107, 172
107, 108
107, 237
107, 173
107, 109
107, 238
107, 174
107, 110
107, 239
107, 367
107, 175
107, 111
107, 240
107, 368
107, 176
107, 112
107, 369
107, 177
107, 113
107, 370
107, 178
107, 114
107, 371
107, 179
107, 307
107, 115
107, 372
107, 180
107, 308
107, 116
107, 373
107, 309
107, 117
107, 374
107, 310
107, 118
107, 375
107, 311
107, 119
107, 247
107, 376
107, 312
107, 120
107, 248
107, 377
107, 313
107, 249
107, 378
107, 314
107, 250
107, 379
107, 315
107, 251
107, 187
107, 380
107, 316
107, 252
107, 188
107, 317
107, 253
107, 189
107, 318
107, 254
107, 190
107, 319
107, 255
107, 191
107, 127
235, 320
235, 256
235, 257
235, 258
235, 259
235, 260
235, 395
235, 396
235, 397
235, 398
235, 399
235, 335
235, 400
235, 336
235, 337
235, 338
235, 339
235, 275
235, 340
235, 276
235, 277
235, 278
235, 279
235, 280
235, 355
235, 356
235, 357
235, 358
235, 359
235, 295
235, 360
235, 296
235, 297
235, 298
235, 299
235, 300
235, 236
235, 237
235, 238
235, 239
235, 240
235, 375
235, 376
235, 377
235, 378
235, 379
235, 315
235, 380
235, 316
235, 317
235, 318
235, 319
235, 255
364, 384
364, 385
364, 386
364, 387
364, 388
364, 389
364, 390
364, 391
364, 392
364, 393
364, 394
364, 395
364, 396
364, 397
364, 398
364, 399
364, 400
364, 365
364, 366
364, 367
364, 368
364, 369
364, 370
364, 371
364, 372
364, 373
364, 374
364, 375
364, 376
364, 377
364, 378
364, 379
364, 380
108, 320
108, 256
108, 192
108, 128
108, 257
108, 193
108, 129
108, 258
108, 194
108, 130
108, 259
108, 195
108, 131
108, 260
108, 388
108, 196
108, 132
108, 389
108, 197
108, 133
108, 390
108, 198
108, 134
108, 391
108, 199
108, 135
108, 392
108, 200
108, 328
108, 136
108, 393
108, 329
108, 137
108, 394
108, 330
108, 138
108, 395
108, 331
108, 139
108, 396
108, 332
108, 140
108, 268
108, 397
108, 333
108, 269
108, 398
108, 334
108, 270
108, 399
108, 335
108, 271
108, 400
108, 336
108, 272
108, 208
108, 337
108, 273
108, 209
108, 338
108, 274
108, 210
108, 339
108, 275
108, 211
108, 340
108, 276
108, 212
108, 148
108, 277
108, 213
108, 149
108, 278
108, 214
108, 150
108, 279
108, 215
108, 151
108, 280
108, 216
108, 152
108, 217
108, 153
108, 218
108, 154
108, 219
108, 155
108, 220
108, 348
108, 156
108, 349
108, 157
108, 350
108, 158
108, 351
108, 159
108, 352
108, 160
108, 288
108, 353
108, 289
108, 354
108, 290
108, 355
108, 291
108, 356
108, 292
108, 228
108, 357
108, 293
108, 229
108, 358
108, 294
108, 230
108, 359
108, 295
108, 231
108, 360
108, 296
108, 232
108, 168
108, 297
108, 233
108, 169
108, 298
108, 234
108, 170
108, 299
108, 235
108, 171
108, 300
108, 236
108, 172
108, 237
108, 173
108, 109
108, 238
108, 174
108, 110
108, 239
108, 175
108, 111
108, 240
108, 368
108, 176
108, 112
108, 369
108, 177
108, 113
108, 370
108, 178
108, 114
108, 371
108, 179
108, 115
108, 372
108, 180
108, 308
108, 116
108, 373
108, 309
108, 117
108, 374
108, 310
108, 118
108, 375
108, 311
108, 119
108, 376
108, 312
108, 120
108, 248
108, 377
108, 313
108, 249
108, 378
108, 314
108, 250
108, 379
108, 315
108, 251
108, 380
108, 316
108, 252
108, 188
108, 317
108, 253
108, 189
108, 318
108, 254
108, 190
108, 319
108, 255
108, 191
236, 320
236, 256
236, 257
236, 258
236, 259
236, 260
236, 396
236, 397
236, 398
236, 399
236, 400
236, 336
236, 337
236, 338
236, 339
236, 340
236, 276
236, 277
236, 278
236, 279
236, 280
236, 356
236, 357
236, 358
236, 359
236, 360
236, 296
236, 297
236, 298
236, 299
236, 300
236, 237
236, 238
236, 239
236, 240
236, 376
236, 377
236, 378
236, 379
236, 380
236, 316
236, 317
236, 318
236, 319
365, 385
365, 386
365, 387
365, 388
365, 389
365, 390
365, 391
365, 392
365, 393
365, 394
365, 395
365, 396
365, 397
365, 398
365, 399
365, 400
365, 366
365, 367
365, 368
365, 369
365, 370
365, 371
365, 372
365, 373
365, 374
365, 375
365, 376
365, 377
365, 378
365, 379
365, 380
109, 320
109, 256
109, 192
109, 257
109, 193
109, 129
109, 258
109, 194
109, 130
109, 259
109, 195
109, 131
109, 260
109, 196
109, 132
109, 389
109, 197
109, 133
109, 390
109, 198
109, 134
109, 391
109, 199
109, 135
109, 392
109, 200
109, 136
109, 393
109, 329
109, 137
109, 394
109, 330
109, 138
109, 395
109, 331
109, 139
109, 396
109, 332
109, 140
109, 397
109, 333
109, 269
109, 398
109, 334
109, 270
109, 399
109, 335
109, 271
109, 400
109, 336
109, 272
109, 337
109, 273
109, 209
109, 338
109, 274
109, 210
109, 339
109, 275
109, 211
109, 340
109, 276
109, 212
109, 277
109, 213
109, 149
109, 278
109, 214
109, 150
109, 279
109, 215
109, 151
109, 280
109, 216
109, 152
109, 217
109, 153
109, 218
109, 154
109, 219
109, 155
109, 220
109, 156
109, 349
109, 157
109, 350
109, 158
109, 351
109, 159
109, 352
109, 160
109, 353
109, 289
109, 354
109, 290
109, 355
109, 291
109, 356
109, 292
109, 357
109, 293
109, 229
109, 358
109, 294
109, 230
109, 359
109, 295
109, 231
109, 360
109, 296
109, 232
109, 297
109, 233
109, 169
109, 298
109, 234
109, 170
109, 299
109, 235
109, 171
109, 300
109, 236
109, 172
109, 237
109, 173
109, 238
109, 174
109, 110
109, 239
109, 175
109, 111
109, 240
109, 176
109, 112
109, 369
109, 177
109, 113
109, 370
109, 178
109, 114
109, 371
109, 179
109, 115
109, 372
109, 180
109, 116
109, 373
109, 309
109, 117
109, 374
109, 310
109, 118
109, 375
109, 311
109, 119
109, 376
109, 312
109, 120
109, 377
109, 313
109, 249
109, 378
109, 314
109, 250
109, 379
109, 315
109, 251
109, 380
109, 316
109, 252
109, 317
109, 253
109, 189
109, 318
109, 254
109, 190
109, 319
109, 255
109, 191
237, 320
237, 257
237, 258
237, 259
237, 260
237, 397
237, 398
237, 399
237, 400
237, 337
237, 338
237, 339
237, 340
237, 277
237, 278
237, 279
237, 280
237, 357
237, 358
237, 359
237, 360
237, 297
237, 298
237, 299
237, 300
237, 238
237, 239
237, 240
237, 377
237, 378
237, 379
237, 380
237, 317
237, 318
237, 319
366, 386
366, 387
366, 388
366, 389
366, 390
366, 391
366, 392
366, 393
366, 394
366, 395
366, 396
366, 397
366, 398
366, 399
366, 400
366, 367
366, 368
366, 369
366, 370
366, 371
366, 372
366, 373
366, 374
366, 375
366, 376
366, 377
366, 378
366, 379
366, 380
110, 320
110, 256
110, 192
110, 257
110, 193
110, 258
110, 194
110, 130
110, 259
110, 195
110, 131
110, 260
110, 196
110, 132
110, 197
110, 133
110, 390
110, 198
110, 134
110, 391
110, 199
110, 135
110, 392
110, 200
110, 136
110, 393
110, 137
110, 394
110, 330
110, 138
110, 395
110, 331
110, 139
110, 396
110, 332
110, 140
110, 397
110, 333
110, 398
110, 334
110, 270
110, 399
110, 335
110, 271
110, 400
110, 336
110, 272
110, 337
110, 273
110, 338
110, 274
110, 210
110, 339
110, 275
110, 211
110, 340
110, 276
110, 212
110, 277
110, 213
110, 278
110, 214
110, 150
110, 279
110, 215
110, 151
110, 280
110, 216
110, 152
110, 217
110, 153
110, 218
110, 154
110, 219
110, 155
110, 220
110, 156
110, 157
110, 350
110, 158
110, 351
110, 159
110, 352
110, 160
110, 353
110, 354
110, 290
110, 355
110, 291
110, 356
110, 292
110, 357
110, 293
110, 358
110, 294
110, 230
110, 359
110, 295
110, 231
110, 360
110, 296
110, 232
110, 297
110, 233
110, 298
110, 234
110, 170
110, 299
110, 235
110, 171
110, 300
110, 236
110, 172
110, 237
110, 173
110, 238
110, 174
110, 239
110, 175
110, 111
110, 240
110, 176
110, 112
110, 177
110, 113
110, 370
110, 178
110, 114
110, 371
110, 179
110, 115
110, 372
110, 180
110, 116
110, 373
110, 117
110, 374
110, 310
110, 118
110, 375
110, 311
110, 119
110, 376
110, 312
110, 120
110, 377
110, 313
110, 378
110, 314
110, 250
110, 379
110, 315
110, 251
110, 380
110, 316
110, 252
110, 317
110, 253
110, 318
110, 254
110, 190
110, 319
110, 255
110, 191
238, 320
238, 258
238, 259
238, 260
238, 398
238, 399
238, 400
238, 338
238, 339
238, 340
238, 278
238, 279
238, 280
238, 358
238, 359
238, 360
238, 298
238, 299
238, 300
238, 239
238, 240
238, 378
238, 379
238, 380
238, 318
238, 319
367, 387
367, 388
367, 389
367, 390
367, 391
367, 392
367, 393
367, 394
367, 395
367, 396
367, 397
367, 398
367, 399
367, 400
367, 368
367, 369
367, 370
367, 371
367, 372
367, 373
367, 374
367, 375
367, 376
367, 377
367, 378
367, 379
367, 380
111, 320
111, 256
111, 192
111, 257
111, 193
111, 258
111, 194
111, 259
111, 195
111, 131
111, 260
111, 196
111, 132
111, 197
111, 133
111, 198
111, 134
111, 391
111, 199
111, 135
111, 392
111, 200
111, 136
111, 393
111, 137
111, 394
111, 138
111, 395
111, 331
111, 139
111, 396
111, 332
111, 140
111, 397
111, 333
111, 398
111, 334
111, 399
111, 335
111, 271
111, 400
111, 336
111, 272
111, 337
111, 273
111, 338
111, 274
111, 339
111, 275
111, 211
111, 340
111, 276
111, 212
111, 277
111, 213
111, 278
111, 214
111, 279
111, 215
111, 151
111, 280
111, 216
111, 152
111, 217
111, 153
111, 218
111, 154
111, 219
111, 155
111, 220
111, 156
111, 157
111, 158
111, 351
111, 159
111, 352
111, 160
111, 353
111, 354
111, 355
111, 291
111, 356
111, 292
111, 357
111, 293
111, 358
111, 294
111, 359
111, 295
111, 231
111, 360
111, 296
111, 232
111, 297
111, 233
111, 298
111, 234
111, 299
111, 235
111, 171
111, 300
111, 236
111, 172
111, 237
111, 173
111, 238
111, 174
111, 239
111, 175
111, 240
111, 176
111, 112
111, 177
111, 113
111, 178
111, 114
111, 371
111, 179
111, 115
111, 372
111, 180
111, 116
111, 373
111, 117
111, 374
111, 118
111, 375
111, 311
111, 119
111, 376
111, 312
111, 120
111, 377
111, 313
111, 378
111, 314
111, 379
111, 315
111, 251
111, 380
111, 316
111, 252
111, 317
111, 253
111, 318
111, 254
111, 319
111, 255
111, 191
239, 320
239, 259
239, 260
239, 399
239, 400
239, 339
239, 340
239, 279
239, 280
239, 359
239, 360
239, 299
239, 300
239, 240
239, 379
239, 380
239, 319
240, 400
240, 380
240, 360
240, 340
240, 320
240, 300
240, 280
240, 260
368, 388
368, 389
368, 390
368, 391
368, 392
368, 393
368, 394
368, 395
368, 396
368, 397
368, 398
368, 399
368, 400
368, 369
368, 370
368, 371
368, 372
368, 373
368, 374
368, 375
368, 376
368, 377
368, 378
368, 379
368, 380
112, 320
112, 256
112, 192
112, 257
112, 193
112, 258
112, 194
112, 259
112, 195
112, 260
112, 196
112, 132
112, 197
112, 133
112, 198
112, 134
112, 199
112, 135
112, 392
112, 200
112, 136
112, 393
112, 137
112, 394
112, 138
112, 395
112, 139
112, 396
112, 332
112, 140
112, 397
112, 333
112, 398
112, 334
112, 399
112, 335
112, 400
112, 336
112, 272
112, 337
112, 273
112, 338
112, 274
112, 339
112, 275
112, 340
112, 276
112, 212
112, 277
112, 213
112, 278
112, 214
112, 279
112, 215
112, 280
112, 216
112, 152
112, 217
112, 153
112, 218
112, 154
112, 219
112, 155
112, 220
112, 156
112, 157
112, 158
112, 159
112, 352
112, 160
112, 353
112, 354
112, 355
112, 356
112, 292
112, 357
112, 293
112, 358
112, 294
112, 359
112, 295
112, 360
112, 296
112, 232
112, 297
112, 233
112, 298
112, 234
112, 299
112, 235
112, 300
112, 236
112, 172
112, 237
112, 173
112, 238
112, 174
112, 239
112, 175
112, 240
112, 176
112, 177
112, 113
112, 178
112, 114
112, 179
112, 115
112, 372
112, 180
112, 116
112, 373
112, 117
112, 374
112, 118
112, 375
112, 119
112, 376
112, 312
112, 120
112, 377
112, 313
112, 378
112, 314
112, 379
112, 315
112, 380
112, 316
112, 252
112, 317
112, 253
112, 318
112, 254
112, 319
112, 255
369, 389
369, 390
369, 391
369, 392
369, 393
369, 394
369, 395
369, 396
369, 397
369, 398
369, 399
369, 400
369, 370
369, 371
369, 372
369, 373
369, 374
369, 375
369, 376
369, 377
369, 378
369, 379
369, 380
113, 320
113, 256
113, 257
113, 193
113, 258
113, 194
113, 259
113, 195
113, 260
113, 196
113, 197
113, 133
113, 198
113, 134
113, 199
113, 135
113, 200
113, 136
113, 393
113, 137
113, 394
113, 138
113, 395
113, 139
113, 396
113, 140
113, 397
113, 333
113, 398
113, 334
113, 399
113, 335
113, 400
113, 336
113, 337
113, 273
113, 338
113, 274
113, 339
113, 275
113, 340
113, 276
113, 277
113, 213
113, 278
113, 214
113, 279
113, 215
113, 280
113, 216
113, 217
113, 153
113, 218
113, 154
113, 219
113, 155
113, 220
113, 156
113, 157
113, 158
113, 159
113, 160
113, 353
113, 354
113, 355
113, 356
113, 357
113, 293
113, 358
113, 294
113, 359
113, 295
113, 360
113, 296
113, 297
113, 233
113, 298
113, 234
113, 299
113, 235
113, 300
113, 236
113, 237
113, 173
113, 238
113, 174
113, 239
113, 175
113, 240
113, 176
113, 177
113, 178
113, 114
113, 179
113, 115
113, 180
113, 116
113, 373
113, 117
113, 374
113, 118
113, 375
113, 119
113, 376
113, 120
113, 377
113, 313
113, 378
113, 314
113, 379
113, 315
113, 380
113, 316
113, 317
113, 253
113, 318
113, 254
113, 319
113, 255
241, 320
241, 256
241, 384
241, 257
241, 385
241, 321
241, 258
241, 386
241, 322
241, 259
241, 387
241, 323
241, 260
241, 388
241, 324
241, 389
241, 325
241, 261
241, 390
241, 326
241, 262
241, 391
241, 327
241, 263
241, 392
241, 328
241, 264
241, 393
241, 329
241, 265
241, 394
241, 330
241, 266
241, 395
241, 331
241, 267
241, 396
241, 332
241, 268
241, 397
241, 333
241, 269
241, 398
241, 334
241, 270
241, 399
241, 335
241, 271
241, 400
241, 336
241, 272
241, 337
241, 273
241, 338
241, 274
241, 339
241, 275
241, 340
241, 276
241, 277
241, 341
241, 278
241, 342
241, 279
241, 343
241, 280
241, 344
241, 345
241, 281
241, 346
241, 282
241, 347
241, 283
241, 348
241, 284
241, 349
241, 285
241, 350
241, 286
241, 351
241, 287
241, 352
241, 288
241, 353
241, 289
241, 354
241, 290
241, 355
241, 291
241, 356
241, 292
241, 357
241, 293
241, 358
241, 294
241, 359
241, 295
241, 360
241, 296
241, 297
241, 361
241, 298
241, 362
241, 299
241, 363
241, 300
241, 364
241, 365
241, 301
241, 366
241, 302
241, 367
241, 303
241, 368
241, 304
241, 369
241, 305
241, 370
241, 306
241, 242
241, 371
241, 307
241, 243
241, 372
241, 308
241, 244
241, 373
241, 309
241, 245
241, 374
241, 310
241, 246
241, 375
241, 311
241, 247
241, 376
241, 312
241, 248
241, 377
241, 313
241, 249
241, 378
241, 314
241, 250
241, 379
241, 315
241, 251
241, 380
241, 316
241, 252
241, 317
241, 253
241, 381
241, 318
241, 254
241, 382
241, 319
241, 255
241, 383
370, 390
370, 391
370, 392
370, 393
370, 394
370, 395
370, 396
370, 397
370, 398
370, 399
370, 400
370, 371
370, 372
370, 373
370, 374
370, 375
370, 376
370, 377
370, 378
370, 379
370, 380
114, 320
114, 256
114, 257
114, 258
114, 194
114, 259
114, 195
114, 260
114, 196
114, 197
114, 198
114, 134
114, 199
114, 135
114, 200
114, 136
114, 137
114, 394
114, 138
114, 395
114, 139
114, 396
114, 140
114, 397
114, 398
114, 334
114, 399
114, 335
114, 400
114, 336
114, 337
114, 338
114, 274
114, 339
114, 275
114, 340
114, 276
114, 277
114, 278
114, 214
114, 279
114, 215
114, 280
114, 216
114, 217
114, 218
114, 154
114, 219
114, 155
114, 220
114, 156
114, 157
114, 158
114, 159
114, 160
114, 354
114, 355
114, 356
114, 357
114, 358
114, 294
114, 359
114, 295
114, 360
114, 296
114, 297
114, 298
114, 234
114, 299
114, 235
114, 300
114, 236
114, 237
114, 238
114, 174
114, 239
114, 175
114, 240
114, 176
114, 177
114, 178
114, 179
114, 115
114, 180
114, 116
114, 117
114, 374
114, 118
114, 375
114, 119
114, 376
114, 120
114, 377
114, 378
114, 314
114, 379
114, 315
114, 380
114, 316
114, 317
114, 318
114, 254
114, 319
114, 255
242, 320
242, 256
242, 384
242, 257
242, 385
242, 258
242, 386
242, 322
242, 259
242, 387
242, 323
242, 260
242, 388
242, 324
242, 389
242, 325
242, 390
242, 326
242, 262
242, 391
242, 327
242, 263
242, 392
242, 328
242, 264
242, 393
242, 329
242, 265
242, 394
242, 330
242, 266
242, 395
242, 331
242, 267
242, 396
242, 332
242, 268
242, 397
242, 333
242, 269
242, 398
242, 334
242, 270
242, 399
242, 335
242, 271
242, 400
242, 336
242, 272
242, 337
242, 273
242, 338
242, 274
242, 339
242, 275
242, 340
242, 276
242, 277
242, 278
242, 342
242, 279
242, 343
242, 280
242, 344
242, 345
242, 346
242, 282
242, 347
242, 283
242, 348
242, 284
242, 349
242, 285
242, 350
242, 286
242, 351
242, 287
242, 352
242, 288
242, 353
242, 289
242, 354
242, 290
242, 355
242, 291
242, 356
242, 292
242, 357
242, 293
242, 358
242, 294
242, 359
242, 295
242, 360
242, 296
242, 297
242, 298
242, 362
242, 299
242, 363
242, 300
242, 364
242, 365
242, 366
242, 302
242, 367
242, 303
242, 368
242, 304
242, 369
242, 305
242, 370
242, 306
242, 371
242, 307
242, 243
242, 372
242, 308
242, 244
242, 373
242, 309
242, 245
242, 374
242, 310
242, 246
242, 375
242, 311
242, 247
242, 376
242, 312
242, 248
242, 377
242, 313
242, 249
242, 378
242, 314
242, 250
242, 379
242, 315
242, 251
242, 380
242, 316
242, 252
242, 317
242, 253
242, 318
242, 254
242, 382
242, 319
242, 255
242, 383
371, 391
371, 392
371, 393
371, 394
371, 395
371, 396
371, 397
371, 398
371, 399
371, 400
371, 372
371, 373
371, 374
371, 375
371, 376
371, 377
371, 378
371, 379
371, 380
115, 320
115, 256
115, 257
115, 258
115, 259
115, 195
115, 260
115, 196
115, 197
115, 198
115, 199
115, 135
115, 200
115, 136
115, 137
115, 138
115, 395
115, 139
115, 396
115, 140
115, 397
115, 398
115, 399
115, 335
115, 400
115, 336
115, 337
115, 338
115, 339
115, 275
115, 340
115, 276
115, 277
115, 278
115, 279
115, 215
115, 280
115, 216
115, 217
115, 218
115, 219
115, 155
115, 220
115, 156
115, 157
115, 158
115, 159
115, 160
115, 355
115, 356
115, 357
115, 358
115, 359
115, 295
115, 360
115, 296
115, 297
115, 298
115, 299
115, 235
115, 300
115, 236
115, 237
115, 238
115, 239
115, 175
115, 240
115, 176
115, 177
115, 178
115, 179
115, 180
115, 116
115, 117
115, 118
115, 375
115, 119
115, 376
115, 120
115, 377
115, 378
115, 379
115, 315
115, 380
115, 316
115, 317
115, 318
115, 319
115, 255
243, 320
243, 256
243, 384
243, 257
243, 385
243, 258
243, 386
243, 259
243, 387
243, 323
243, 260
243, 388
243, 324
243, 389
243, 325
243, 390
243, 326
243, 391
243, 327
243, 263
243, 392
243, 328
243, 264
243, 393
243, 329
243, 265
243, 394
243, 330
243, 266
243, 395
243, 331
243, 267
243, 396
243, 332
243, 268
243, 397
243, 333
243, 269
243, 398
243, 334
243, 270
243, 399
243, 335
243, 271
243, 400
243, 336
243, 272
243, 337
243, 273
243, 338
243, 274
243, 339
243, 275
243, 340
243, 276
243, 277
243, 278
243, 279
243, 343
243, 280
243, 344
243, 345
243, 346
243, 347
243, 283
243, 348
243, 284
243, 349
243, 285
243, 350
243, 286
243, 351
243, 287
243, 352
243, 288
243, 353
243, 289
243, 354
243, 290
243, 355
243, 291
243, 356
243, 292
243, 357
243, 293
243, 358
243, 294
243, 359
243, 295
243, 360
243, 296
243, 297
243, 298
243, 299
243, 363
243, 300
243, 364
243, 365
243, 366
243, 367
243, 303
243, 368
243, 304
243, 369
243, 305
243, 370
243, 306
243, 371
243, 307
243, 372
243, 308
243, 244
243, 373
243, 309
243, 245
243, 374
243, 310
243, 246
243, 375
243, 311
243, 247
243, 376
243, 312
243, 248
243, 377
243, 313
243, 249
243, 378
243, 314
243, 250
243, 379
243, 315
243, 251
243, 380
243, 316
243, 252
243, 317
243, 253
243, 318
243, 254
243, 319
243, 255
243, 383
372, 392
372, 393
372, 394
372, 395
372, 396
372, 397
372, 398
372, 399
372, 400
372, 373
372, 374
372, 375
372, 376
372, 377
372, 378
372, 379
372, 380
116, 320
116, 256
116, 257
116, 258
116, 259
116, 260
116, 196
116, 197
116, 198
116, 199
116, 200
116, 136
116, 137
116, 138
116, 139
116, 396
116, 140
116, 397
116, 398
116, 399
116, 400
116, 336
116, 337
116, 338
116, 339
116, 340
116, 276
116, 277
116, 278
116, 279
116, 280
116, 216
116, 217
116, 218
116, 219
116, 220
116, 156
116, 157
116, 158
116, 159
116, 160
116, 356
116, 357
116, 358
116, 359
116, 360
116, 296
116, 297
116, 298
116, 299
116, 300
116, 236
116, 237
116, 238
116, 239
116, 240
116, 176
116, 177
116, 178
116, 179
116, 180
116, 117
116, 118
116, 119
116, 376
116, 120
116, 377
116, 378
116, 379
116, 380
116, 316
116, 317
116, 318
116, 319
244, 320
244, 256
244, 384
244, 257
244, 385
244, 258
244, 386
244, 259
244, 387
244, 260
244, 388
244, 324
244, 389
244, 325
244, 390
244, 326
244, 391
244, 327
244, 392
244, 328
244, 264
244, 393
244, 329
244, 265
244, 394
244, 330
244, 266
244, 395
244, 331
244, 267
244, 396
244, 332
244, 268
244, 397
244, 333
244, 269
244, 398
244, 334
244, 270
244, 399
244, 335
244, 271
244, 400
244, 336
244, 272
244, 337
244, 273
244, 338
244, 274
244, 339
244, 275
244, 340
244, 276
244, 277
244, 278
244, 279
244, 280
244, 344
244, 345
244, 346
244, 347
244, 348
244, 284
244, 349
244, 285
244, 350
244, 286
244, 351
244, 287
244, 352
244, 288
244, 353
244, 289
244, 354
244, 290
244, 355
244, 291
244, 356
244, 292
244, 357
244, 293
244, 358
244, 294
244, 359
244, 295
244, 360
244, 296
244, 297
244, 298
244, 299
244, 300
244, 364
244, 365
244, 366
244, 367
244, 368
244, 304
244, 369
244, 305
244, 370
244, 306
244, 371
244, 307
244, 372
244, 308
244, 373
244, 309
244, 245
244, 374
244, 310
244, 246
244, 375
244, 311
244, 247
244, 376
244, 312
244, 248
244, 377
244, 313
244, 249
244, 378
244, 314
244, 250
244, 379
244, 315
244, 251
244, 380
244, 316
244, 252
244, 317
244, 253
244, 318
244, 254
244, 319
244, 255
373, 393
373, 394
373, 395
373, 396
373, 397
373, 398
373, 399
373, 400
373, 374
373, 375
373, 376
373, 377
373, 378
373, 379
373, 380
117, 320
117, 257
117, 258
117, 259
117, 260
117, 197
117, 198
117, 199
117, 200
117, 137
117, 138
117, 139
117, 140
117, 397
117, 398
117, 399
117, 400
117, 337
117, 338
117, 339
117, 340
117, 277
117, 278
117, 279
117, 280
117, 217
117, 218
117, 219
117, 220
117, 157
117, 158
117, 159
117, 160
117, 357
117, 358
117, 359
117, 360
117, 297
117, 298
117, 299
117, 300
117, 237
117, 238
117, 239
117, 240
117, 177
117, 178
117, 179
117, 180
117, 118
117, 119
117, 120
117, 377
117, 378
117, 379
117, 380
117, 317
117, 318
117, 319
245, 320
245, 256
245, 257
245, 385
245, 258
245, 386
245, 259
245, 387
245, 260
245, 388
245, 389
245, 325
245, 390
245, 326
245, 391
245, 327
245, 392
245, 328
245, 393
245, 329
245, 265
245, 394
245, 330
245, 266
245, 395
245, 331
245, 267
245, 396
245, 332
245, 268
245, 397
245, 333
245, 269
245, 398
245, 334
245, 270
245, 399
245, 335
245, 271
245, 400
245, 336
245, 272
245, 337
245, 273
245, 338
245, 274
245, 339
245, 275
245, 340
245, 276
245, 277
245, 278
245, 279
245, 280
245, 345
245, 346
245, 347
245, 348
245, 349
245, 285
245, 350
245, 286
245, 351
245, 287
245, 352
245, 288
245, 353
245, 289
245, 354
245, 290
245, 355
245, 291
245, 356
245, 292
245, 357
245, 293
245, 358
245, 294
245, 359
245, 295
245, 360
245, 296
245, 297
245, 298
245, 299
245, 300
245, 365
245, 366
245, 367
245, 368
245, 369
245, 305
245, 370
245, 306
245, 371
245, 307
245, 372
245, 308
245, 373
245, 309
245, 374
245, 310
245, 246
245, 375
245, 311
245, 247
245, 376
245, 312
245, 248
245, 377
245, 313
245, 249
245, 378
245, 314
245, 250
245, 379
245, 315
245, 251
245, 380
245, 316
245, 252
245, 317
245, 253
245, 318
245, 254
245, 319
245, 255
374, 394
374, 395
374, 396
374, 397
374, 398
374, 399
374, 400
374, 375
374, 376
374, 377
374, 378
374, 379
374, 380
118, 320
118, 258
118, 259
118, 260
118, 198
118, 199
118, 200
118, 138
118, 139
118, 140
118, 398
118, 399
118, 400
118, 338
118, 339
118, 340
118, 278
118, 279
118, 280
118, 218
118, 219
118, 220
118, 158
118, 159
118, 160
118, 358
118, 359
118, 360
118, 298
118, 299
118, 300
118, 238
118, 239
118, 240
118, 178
118, 179
118, 180
118, 119
118, 120
118, 378
118, 379
118, 380
118, 318
118, 319
246, 320
246, 256
246, 257
246, 258
246, 386
246, 259
246, 387
246, 260
246, 388
246, 389
246, 390
246, 326
246, 391
246, 327
246, 392
246, 328
246, 393
246, 329
246, 394
246, 330
246, 266
246, 395
246, 331
246, 267
246, 396
246, 332
246, 268
246, 397
246, 333
246, 269
246, 398
246, 334
246, 270
246, 399
246, 335
246, 271
246, 400
246, 336
246, 272
246, 337
246, 273
246, 338
246, 274
246, 339
246, 275
246, 340
246, 276
246, 277
246, 278
246, 279
246, 280
246, 346
246, 347
246, 348
246, 349
246, 350
246, 286
246, 351
246, 287
246, 352
246, 288
246, 353
246, 289
246, 354
246, 290
246, 355
246, 291
246, 356
246, 292
246, 357
246, 293
246, 358
246, 294
246, 359
246, 295
246, 360
246, 296
246, 297
246, 298
246, 299
246, 300
246, 366
246, 367
246, 368
246, 369
246, 370
246, 306
246, 371
246, 307
246, 372
246, 308
246, 373
246, 309
246, 374
246, 310
246, 375
246, 311
246, 247
246, 376
246, 312
246, 248
246, 377
246, 313
246, 249
246, 378
246, 314
246, 250
246, 379
246, 315
246, 251
246, 380
246, 316
246, 252
246, 317
246, 253
246, 318
246, 254
246, 319
246, 255
375, 395
375, 396
375, 397
375, 398
375, 399
375, 400
375, 376
375, 377
375, 378
375, 379
375, 380
119, 320
119, 259
119, 260
119, 199
119, 200
119, 139
119, 140
119, 399
119, 400
119, 339
119, 340
119, 279
119, 280
119, 219
119, 220
119, 159
119, 160
119, 359
119, 360
119, 299
119, 300
119, 239
119, 240
119, 179
119, 180
119, 120
119, 379
119, 380
119, 319
247, 320
247, 256
247, 257
247, 258
247, 259
247, 387
247, 260
247, 388
247, 389
247, 390
247, 391
247, 327
247, 392
247, 328
247, 393
247, 329
247, 394
247, 330
247, 395
247, 331
247, 267
247, 396
247, 332
247, 268
247, 397
247, 333
247, 269
247, 398
247, 334
247, 270
247, 399
247, 335
247, 271
247, 400
247, 336
247, 272
247, 337
247, 273
247, 338
247, 274
247, 339
247, 275
247, 340
247, 276
247, 277
247, 278
247, 279
247, 280
247, 347
247, 348
247, 349
247, 350
247, 351
247, 287
247, 352
247, 288
247, 353
247, 289
247, 354
247, 290
247, 355
247, 291
247, 356
247, 292
247, 357
247, 293
247, 358
247, 294
247, 359
247, 295
247, 360
247, 296
247, 297
247, 298
247, 299
247, 300
247, 367
247, 368
247, 369
247, 370
247, 371
247, 307
247, 372
247, 308
247, 373
247, 309
247, 374
247, 310
247, 375
247, 311
247, 376
247, 312
247, 248
247, 377
247, 313
247, 249
247, 378
247, 314
247, 250
247, 379
247, 315
247, 251
247, 380
247, 316
247, 252
247, 317
247, 253
247, 318
247, 254
247, 319
247, 255
120, 320
120, 260
120, 200
120, 140
120, 400
120, 340
120, 280
120, 220
120, 160
120, 360
120, 300
120, 240
120, 180
120, 380
376, 396
376, 397
376, 398
376, 399
376, 400
376, 377
376, 378
376, 379
376, 380
248, 320
248, 256
248, 257
248, 258
248, 259
248, 260
248, 388
248, 389
248, 390
248, 391
248, 392
248, 328
248, 393
248, 329
248, 394
248, 330
248, 395
248, 331
248, 396
248, 332
248, 268
248, 397
248, 333
248, 269
248, 398
248, 334
248, 270
248, 399
248, 335
248, 271
248, 400
248, 336
248, 272
248, 337
248, 273
248, 338
248, 274
248, 339
248, 275
248, 340
248, 276
248, 277
248, 278
248, 279
248, 280
248, 348
248, 349
248, 350
248, 351
248, 352
248, 288
248, 353
248, 289
248, 354
248, 290
248, 355
248, 291
248, 356
248, 292
248, 357
248, 293
248, 358
248, 294
248, 359
248, 295
248, 360
248, 296
248, 297
248, 298
248, 299
248, 300
248, 368
248, 369
248, 370
248, 371
248, 372
248, 308
248, 373
248, 309
248, 374
248, 310
248, 375
248, 311
248, 376
248, 312
248, 377
248, 313
248, 249
248, 378
248, 314
248, 250
248, 379
248, 315
248, 251
248, 380
248, 316
248, 252
248, 317
248, 253
248, 318
248, 254
248, 319
248, 255
377, 400
377, 399
377, 380
377, 398
377, 379
377, 397
377, 378
121, 128
121, 384
121, 256
121, 257
121, 129
121, 385
121, 258
121, 130
121, 386
121, 259
121, 131
121, 387
121, 260
121, 132
121, 388
121, 261
121, 133
121, 389
121, 390
121, 262
121, 134
121, 391
121, 263
121, 135
121, 392
121, 264
121, 136
121, 393
121, 265
121, 137
121, 394
121, 266
121, 138
121, 395
121, 267
121, 139
121, 396
121, 268
121, 140
121, 397
121, 141
121, 269
121, 398
121, 142
121, 270
121, 399
121, 143
121, 271
121, 400
121, 144
121, 272
121, 145
121, 273
121, 146
121, 274
121, 147
121, 275
121, 276
121, 148
121, 277
121, 149
121, 278
121, 150
121, 279
121, 151
121, 280
121, 152
121, 281
121, 153
121, 282
121, 154
121, 283
121, 155
121, 284
121, 156
121, 285
121, 157
121, 286
121, 158
121, 287
121, 159
121, 288
121, 160
121, 161
121, 289
121, 162
121, 290
121, 163
121, 291
121, 164
121, 292
121, 165
121, 293
121, 166
121, 294
121, 295
121, 167
121, 296
121, 168
121, 297
121, 169
121, 298
121, 170
121, 299
121, 171
121, 300
121, 172
121, 301
121, 173
121, 302
121, 174
121, 303
121, 175
121, 304
121, 176
121, 305
121, 177
121, 306
121, 178
121, 307
121, 179
121, 308
121, 180
121, 181
121, 309
121, 182
121, 310
121, 183
121, 311
121, 184
121, 312
121, 185
121, 313
121, 314
121, 186
121, 315
121, 187
121, 316
121, 188
121, 317
121, 189
121, 318
121, 190
121, 319
121, 191
121, 320
121, 192
121, 321
121, 193
121, 322
121, 194
121, 323
121, 195
121, 324
121, 196
121, 325
121, 197
121, 326
121, 198
121, 327
121, 199
121, 200
121, 328
121, 201
121, 329
121, 202
121, 330
121, 203
121, 331
121, 204
121, 332
121, 333
121, 205
121, 334
121, 206
121, 335
121, 207
121, 336
121, 208
121, 337
121, 209
121, 338
121, 210
121, 339
121, 211
121, 340
121, 212
121, 341
121, 213
121, 342
121, 214
121, 343
121, 215
121, 344
121, 216
121, 345
121, 217
121, 346
121, 218
121, 219
121, 347
121, 220
121, 348
121, 221
121, 349
121, 222
121, 350
121, 223
121, 351
121, 352
121, 224
121, 353
121, 225
121, 354
121, 226
121, 355
121, 227
121, 356
121, 228
121, 357
121, 229
121, 358
121, 230
121, 359
121, 231
121, 360
121, 232
121, 361
121, 233
121, 362
121, 234
121, 363
121, 235
121, 364
121, 236
121, 365
121, 237
121, 238
121, 366
121, 239
121, 367
121, 240
121, 368
121, 241
121, 369
121, 242
121, 370
121, 371
121, 243
121, 372
121, 244
121, 373
121, 245
121, 374
121, 246
121, 375
121, 247
121, 376
121, 248
121, 377
121, 249
121, 378
121, 122
121, 250
121, 379
121, 123
121, 251
121, 380
121, 124
121, 252
121, 125
121, 381
121, 253
121, 126
121, 382
121, 254
121, 127
121, 383
121, 255
249, 320
249, 256
249, 257
249, 258
249, 259
249, 260
249, 389
249, 390
249, 391
249, 392
249, 393
249, 329
249, 394
249, 330
249, 395
249, 331
249, 396
249, 332
249, 397
249, 333
249, 269
249, 398
249, 334
249, 270
249, 399
249, 335
249, 271
249, 400
249, 336
249, 272
249, 337
249, 273
249, 338
249, 274
249, 339
249, 275
249, 340
249, 276
249, 277
249, 278
249, 279
249, 280
249, 349
249, 350
249, 351
249, 352
249, 353
249, 289
249, 354
249, 290
249, 355
249, 291
249, 356
249, 292
249, 357
249, 293
249, 358
249, 294
249, 359
249, 295
249, 360
249, 296
249, 297
249, 298
249, 299
249, 300
249, 369
249, 370
249, 371
249, 372
249, 373
249, 309
249, 374
249, 310
249, 375
249, 311
249, 376
249, 312
249, 377
249, 313
249, 378
249, 314
249, 250
249, 379
249, 315
249, 251
249, 380
249, 316
249, 252
249, 317
249, 253
249, 318
249, 254
249, 319
249, 255
378, 400
378, 399
378, 380
378, 398
378, 379
122, 128
122, 384
122, 256
122, 129
122, 385
122, 257
122, 258
122, 130
122, 386
122, 259
122, 131
122, 387
122, 260
122, 132
122, 388
122, 133
122, 389
122, 262
122, 134
122, 390
122, 391
122, 263
122, 135
122, 392
122, 264
122, 136
122, 393
122, 265
122, 137
122, 394
122, 266
122, 138
122, 395
122, 267
122, 139
122, 396
122, 268
122, 140
122, 397
122, 269
122, 398
122, 142
122, 270
122, 399
122, 143
122, 271
122, 400
122, 144
122, 272
122, 145
122, 273
122, 146
122, 274
122, 147
122, 275
122, 148
122, 276
122, 277
122, 149
122, 278
122, 150
122, 279
122, 151
122, 280
122, 152
122, 153
122, 282
122, 154
122, 283
122, 155
122, 284
122, 156
122, 285
122, 157
122, 286
122, 158
122, 287
122, 159
122, 288
122, 160
122, 289
122, 162
122, 290
122, 163
122, 291
122, 164
122, 292
122, 165
122, 293
122, 166
122, 294
122, 167
122, 295
122, 296
122, 168
122, 297
122, 169
122, 298
122, 170
122, 299
122, 171
122, 300
122, 172
122, 173
122, 302
122, 174
122, 303
122, 175
122, 304
122, 176
122, 305
122, 177
122, 306
122, 178
122, 307
122, 179
122, 308
122, 180
122, 309
122, 182
122, 310
122, 183
122, 311
122, 184
122, 312
122, 185
122, 313
122, 186
122, 314
122, 315
122, 187
122, 316
122, 188
122, 317
122, 189
122, 318
122, 190
122, 319
122, 191
122, 320
122, 192
122, 193
122, 322
122, 194
122, 323
122, 195
122, 324
122, 196
122, 325
122, 197
122, 326
122, 198
122, 327
122, 199
122, 328
122, 200
122, 329
122, 202
122, 330
122, 203
122, 331
122, 204
122, 332
122, 205
122, 333
122, 334
122, 206
122, 335
122, 207
122, 336
122, 208
122, 337
122, 209
122, 338
122, 210
122, 339
122, 211
122, 340
122, 212
122, 213
122, 342
122, 214
122, 343
122, 215
122, 344
122, 216
122, 345
122, 217
122, 346
122, 218
122, 347
122, 219
122, 220
122, 348
122, 349
122, 222
122, 350
122, 223
122, 351
122, 224
122, 352
122, 353
122, 225
122, 354
122, 226
122, 355
122, 227
122, 356
122, 228
122, 357
122, 229
122, 358
122, 230
122, 359
122, 231
122, 360
122, 232
122, 233
122, 362
122, 234
122, 363
122, 235
122, 364
122, 236
122, 365
122, 237
122, 366
122, 238
122, 239
122, 367
122, 240
122, 368
122, 369
122, 242
122, 370
122, 243
122, 371
122, 372
122, 244
122, 373
122, 245
122, 374
122, 246
122, 375
122, 247
122, 376
122, 248
122, 377
122, 249
122, 378
122, 250
122, 379
122, 123
122, 251
122, 380
122, 124
122, 252
122, 125
122, 253
122, 126
122, 382
122, 254
122, 127
122, 383
122, 255
250, 320
250, 256
250, 257
250, 258
250, 259
250, 260
250, 390
250, 391
250, 392
250, 393
250, 394
250, 330
250, 395
250, 331
250, 396
250, 332
250, 397
250, 333
250, 398
250, 334
250, 270
250, 399
250, 335
250, 271
250, 400
250, 336
250, 272
250, 337
250, 273
250, 338
250, 274
250, 339
250, 275
250, 340
250, 276
250, 277
250, 278
250, 279
250, 280
250, 350
250, 351
250, 352
250, 353
250, 354
250, 290
250, 355
250, 291
250, 356
250, 292
250, 357
250, 293
250, 358
250, 294
250, 359
250, 295
250, 360
250, 296
250, 297
250, 298
250, 299
250, 300
250, 370
250, 371
250, 372
250, 373
250, 374
250, 310
250, 375
250, 311
250, 376
250, 312
250, 377
250, 313
250, 378
250, 314
250, 379
250, 315
250, 251
250, 380
250, 316
250, 252
250, 317
250, 253
250, 318
250, 254
250, 319
250, 255
379, 400
379, 399
379, 380
123, 128
123, 384
123, 256
123, 129
123, 385
123, 257
123, 130
123, 386
123, 258
123, 259
123, 131
123, 387
123, 260
123, 132
123, 388
123, 133
123, 389
123, 134
123, 390
123, 263
123, 135
123, 391
123, 392
123, 264
123, 136
123, 393
123, 265
123, 137
123, 394
123, 266
123, 138
123, 395
123, 267
123, 139
123, 396
123, 268
123, 140
123, 397
123, 269
123, 398
123, 270
123, 399
123, 143
123, 271
123, 400
123, 144
123, 272
123, 145
123, 273
123, 146
123, 274
123, 147
123, 275
123, 148
123, 276
123, 149
123, 277
123, 278
123, 150
123, 279
123, 151
123, 280
123, 152
123, 153
123, 154
123, 283
123, 155
123, 284
123, 156
123, 285
123, 157
123, 286
123, 158
123, 287
123, 159
123, 288
123, 160
123, 289
123, 290
123, 163
123, 291
123, 164
123, 292
123, 165
123, 293
123, 166
123, 294
123, 167
123, 295
123, 168
123, 296
123, 297
123, 169
123, 298
123, 170
123, 299
123, 171
123, 300
123, 172
123, 173
123, 174
123, 303
123, 175
123, 304
123, 176
123, 305
123, 177
123, 306
123, 178
123, 307
123, 179
123, 308
123, 180
123, 309
123, 310
123, 183
123, 311
123, 184
123, 312
123, 185
123, 313
123, 186
123, 314
123, 187
123, 315
123, 316
123, 188
123, 317
123, 189
123, 318
123, 190
123, 319
123, 191
123, 320
123, 192
123, 193
123, 194
123, 323
123, 195
123, 324
123, 196
123, 325
123, 197
123, 326
123, 198
123, 327
123, 199
123, 328
123, 200
123, 329
123, 330
123, 203
123, 331
123, 204
123, 332
123, 205
123, 333
123, 206
123, 334
123, 335
123, 207
123, 336
123, 208
123, 337
123, 209
123, 338
123, 210
123, 339
123, 211
123, 340
123, 212
123, 213
123, 214
123, 343
123, 215
123, 344
123, 216
123, 345
123, 217
123, 346
123, 218
123, 347
123, 219
123, 348
123, 220
123, 349
123, 350
123, 223
123, 351
123, 224
123, 352
123, 225
123, 353
123, 354
123, 226
123, 355
123, 227
123, 356
123, 228
123, 357
123, 229
123, 358
123, 230
123, 359
123, 231
123, 360
123, 232
123, 233
123, 234
123, 363
123, 235
123, 364
123, 236
123, 365
123, 237
123, 366
123, 238
123, 367
123, 239
123, 240
123, 368
123, 369
123, 370
123, 243
123, 371
123, 244
123, 372
123, 373
123, 245
123, 374
123, 246
123, 375
123, 247
123, 376
123, 248
123, 377
123, 249
123, 378
123, 250
123, 379
123, 251
123, 380
123, 124
123, 252
123, 125
123, 253
123, 126
123, 254
123, 127
123, 383
123, 255
251, 320
251, 256
251, 257
251, 258
251, 259
251, 260
251, 391
251, 392
251, 393
251, 394
251, 395
251, 331
251, 396
251, 332
251, 397
251, 333
251, 398
251, 334
251, 399
251, 335
251, 271
251, 400
251, 336
251, 272
251, 337
251, 273
251, 338
251, 274
251, 339
251, 275
251, 340
251, 276
251, 277
251, 278
251, 279
251, 280
251, 351
251, 352
251, 353
251, 354
251, 355
251, 291
251, 356
251, 292
251, 357
251, 293
251, 358
251, 294
251, 359
251, 295
251, 360
251, 296
251, 297
251, 298
251, 299
251, 300
251, 371
251, 372
251, 373
251, 374
251, 375
251, 311
251, 376
251, 312
251, 377
251, 313
251, 378
251, 314
251, 379
251, 315
251, 380
251, 316
251, 252
251, 317
251, 253
251, 318
251, 254
251, 319
251, 255
380, 400
124, 128
124, 384
124, 256
124, 129
124, 385
124, 257
124, 130
124, 386
124, 258
124, 131
124, 387
124, 259
124, 260
124, 132
124, 388
124, 133
124, 389
124, 134
124, 390
124, 135
124, 391
124, 264
124, 136
124, 392
124, 393
124, 265
124, 137
124, 394
124, 266
124, 138
124, 395
124, 267
124, 139
124, 396
124, 268
124, 140
124, 397
124, 269
124, 398
124, 270
124, 399
124, 271
124, 400
124, 144
124, 272
124, 145
124, 273
124, 146
124, 274
124, 147
124, 275
124, 148
124, 276
124, 149
124, 277
124, 150
124, 278
124, 279
124, 151
124, 280
124, 152
124, 153
124, 154
124, 155
124, 284
124, 156
124, 285
124, 157
124, 286
124, 158
124, 287
124, 159
124, 288
124, 160
124, 289
124, 290
124, 291
124, 164
124, 292
124, 165
124, 293
124, 166
124, 294
124, 167
124, 295
124, 168
124, 296
124, 169
124, 297
124, 298
124, 170
124, 299
124, 171
124, 300
124, 172
124, 173
124, 174
124, 175
124, 304
124, 176
124, 305
124, 177
124, 306
124, 178
124, 307
124, 179
124, 308
124, 180
124, 309
124, 310
124, 311
124, 184
124, 312
124, 185
124, 313
124, 186
124, 314
124, 187
124, 315
124, 188
124, 316
124, 317
124, 189
124, 318
124, 190
124, 319
124, 191
124, 320
124, 192
124, 193
124, 194
124, 195
124, 324
124, 196
124, 325
124, 197
124, 326
124, 198
124, 327
124, 199
124, 328
124, 200
124, 329
124, 330
124, 331
124, 204
124, 332
124, 205
124, 333
124, 206
124, 334
124, 207
124, 335
124, 336
124, 208
124, 337
124, 209
124, 338
124, 210
124, 339
124, 211
124, 340
124, 212
124, 213
124, 214
124, 215
124, 344
124, 216
124, 345
124, 217
124, 346
124, 218
124, 347
124, 219
124, 348
124, 220
124, 349
124, 350
124, 351
124, 224
124, 352
124, 225
124, 353
124, 226
124, 354
124, 355
124, 227
124, 356
124, 228
124, 357
124, 229
124, 358
124, 230
124, 359
124, 231
124, 360
124, 232
124, 233
124, 234
124, 235
124, 364
124, 236
124, 365
124, 237
124, 366
124, 238
124, 367
124, 239
124, 368
124, 240
124, 369
124, 370
124, 371
124, 244
124, 372
124, 245
124, 373
124, 374
124, 246
124, 375
124, 247
124, 376
124, 248
124, 377
124, 249
124, 378
124, 250
124, 379
124, 251
124, 380
124, 252
124, 125
124, 253
124, 126
124, 254
124, 127
124, 255
252, 320
252, 256
252, 257
252, 258
252, 259
252, 260
252, 392
252, 393
252, 394
252, 395
252, 396
252, 332
252, 397
252, 333
252, 398
252, 334
252, 399
252, 335
252, 400
252, 336
252, 272
252, 337
252, 273
252, 338
252, 274
252, 339
252, 275
252, 340
252, 276
252, 277
252, 278
252, 279
252, 280
252, 352
252, 353
252, 354
252, 355
252, 356
252, 292
252, 357
252, 293
252, 358
252, 294
252, 359
252, 295
252, 360
252, 296
252, 297
252, 298
252, 299
252, 300
252, 372
252, 373
252, 374
252, 375
252, 376
252, 312
252, 377
252, 313
252, 378
252, 314
252, 379
252, 315
252, 380
252, 316
252, 317
252, 253
252, 318
252, 254
252, 319
252, 255
381, 384
381, 385
381, 386
381, 387
381, 388
381, 389
381, 390
381, 391
381, 392
381, 393
381, 394
381, 395
381, 396
381, 397
381, 398
381, 399
381, 400
381, 382
381, 383
125, 320
125, 256
125, 192
125, 128
125, 257
125, 385
125, 193
125, 129
125, 258
125, 386
125, 194
125, 130
125, 259
125, 387
125, 195
125, 131
125, 260
125, 388
125, 196
125, 132
125, 389
125, 197
125, 325
125, 133
125, 390
125, 198
125, 326
125, 134
125, 391
125, 199
125, 327
125, 135
125, 392
125, 200
125, 328
125, 136
125, 393
125, 329
125, 137
125, 265
125, 394
125, 330
125, 138
125, 266
125, 395
125, 331
125, 139
125, 267
125, 396
125, 332
125, 140
125, 268
125, 397
125, 333
125, 269
125, 205
125, 398
125, 334
125, 270
125, 206
125, 399
125, 335
125, 271
125, 207
125, 400
125, 336
125, 272
125, 208
125, 337
125, 273
125, 209
125, 145
125, 338
125, 274
125, 210
125, 146
125, 339
125, 275
125, 211
125, 147
125, 340
125, 276
125, 212
125, 148
125, 277
125, 213
125, 149
125, 278
125, 214
125, 150
125, 279
125, 215
125, 151
125, 280
125, 216
125, 152
125, 217
125, 345
125, 153
125, 218
125, 346
125, 154
125, 219
125, 347
125, 155
125, 220
125, 348
125, 156
125, 349
125, 157
125, 285
125, 350
125, 158
125, 286
125, 351
125, 159
125, 287
125, 352
125, 160
125, 288
125, 353
125, 289
125, 225
125, 354
125, 290
125, 226
125, 355
125, 291
125, 227
125, 356
125, 292
125, 228
125, 357
125, 293
125, 229
125, 165
125, 358
125, 294
125, 230
125, 166
125, 359
125, 295
125, 231
125, 167
125, 360
125, 296
125, 232
125, 168
125, 297
125, 233
125, 169
125, 298
125, 234
125, 170
125, 299
125, 235
125, 171
125, 300
125, 236
125, 172
125, 237
125, 365
125, 173
125, 238
125, 366
125, 174
125, 239
125, 367
125, 175
125, 240
125, 368
125, 176
125, 369
125, 177
125, 305
125, 370
125, 178
125, 306
125, 371
125, 179
125, 307
125, 372
125, 180
125, 308
125, 373
125, 309
125, 245
125, 374
125, 310
125, 246
125, 375
125, 311
125, 247
125, 376
125, 312
125, 248
125, 377
125, 313
125, 249
125, 185
125, 378
125, 314
125, 250
125, 186
125, 379
125, 315
125, 251
125, 187
125, 380
125, 316
125, 252
125, 188
125, 317
125, 253
125, 189
125, 318
125, 254
125, 190
125, 126
125, 319
125, 255
125, 191
125, 127
253, 320
253, 256
253, 257
253, 258
253, 259
253, 260
253, 393
253, 394
253, 395
253, 396
253, 397
253, 333
253, 398
253, 334
253, 399
253, 335
253, 400
253, 336
253, 337
253, 273
253, 338
253, 274
253, 339
253, 275
253, 340
253, 276
253, 277
253, 278
253, 279
253, 280
253, 353
253, 354
253, 355
253, 356
253, 357
253, 293
253, 358
253, 294
253, 359
253, 295
253, 360
253, 296
253, 297
253, 298
253, 299
253, 300
253, 373
253, 374
253, 375
253, 376
253, 377
253, 313
253, 378
253, 314
253, 379
253, 315
253, 380
253, 316
253, 317
253, 318
253, 254
253, 319
253, 255
382, 384
382, 385
382, 386
382, 387
382, 388
382, 389
382, 390
382, 391
382, 392
382, 393
382, 394
382, 395
382, 396
382, 397
382, 398
382, 399
382, 400
382, 383
126, 320
126, 256
126, 192
126, 128
126, 257
126, 193
126, 129
126, 258
126, 386
126, 194
126, 130
126, 259
126, 387
126, 195
126, 131
126, 260
126, 388
126, 196
126, 132
126, 389
126, 197
126, 133
126, 390
126, 198
126, 326
126, 134
126, 391
126, 199
126, 327
126, 135
126, 392
126, 200
126, 328
126, 136
126, 393
126, 329
126, 137
126, 394
126, 330
126, 138
126, 266
126, 395
126, 331
126, 139
126, 267
126, 396
126, 332
126, 140
126, 268
126, 397
126, 333
126, 269
126, 398
126, 334
126, 270
126, 206
126, 399
126, 335
126, 271
126, 207
126, 400
126, 336
126, 272
126, 208
126, 337
126, 273
126, 209
126, 338
126, 274
126, 210
126, 146
126, 339
126, 275
126, 211
126, 147
126, 340
126, 276
126, 212
126, 148
126, 277
126, 213
126, 149
126, 278
126, 214
126, 150
126, 279
126, 215
126, 151
126, 280
126, 216
126, 152
126, 217
126, 153
126, 218
126, 346
126, 154
126, 219
126, 347
126, 155
126, 220
126, 348
126, 156
126, 349
126, 157
126, 350
126, 158
126, 286
126, 351
126, 159
126, 287
126, 352
126, 160
126, 288
126, 353
126, 289
126, 354
126, 290
126, 226
126, 355
126, 291
126, 227
126, 356
126, 292
126, 228
126, 357
126, 293
126, 229
126, 358
126, 294
126, 230
126, 166
126, 359
126, 295
126, 231
126, 167
126, 360
126, 296
126, 232
126, 168
126, 297
126, 233
126, 169
126, 298
126, 234
126, 170
126, 299
126, 235
126, 171
126, 300
126, 236
126, 172
126, 237
126, 173
126, 238
126, 366
126, 174
126, 239
126, 367
126, 175
126, 240
126, 368
126, 176
126, 369
126, 177
126, 370
126, 178
126, 306
126, 371
126, 179
126, 307
126, 372
126, 180
126, 308
126, 373
126, 309
126, 374
126, 310
126, 246
126, 375
126, 311
126, 247
126, 376
126, 312
126, 248
126, 377
126, 313
126, 249
126, 378
126, 314
126, 250
126, 186
126, 379
126, 315
126, 251
126, 187
126, 380
126, 316
126, 252
126, 188
126, 317
126, 253
126, 189
126, 318
126, 254
126, 190
126, 319
126, 255
126, 191
126, 127
254, 320
254, 256
254, 257
254, 258
254, 259
254, 260
254, 394
254, 395
254, 396
254, 397
254, 398
254, 334
254, 399
254, 335
254, 400
254, 336
254, 337
254, 338
254, 274
254, 339
254, 275
254, 340
254, 276
254, 277
254, 278
254, 279
254, 280
254, 354
254, 355
254, 356
254, 357
254, 358
254, 294
254, 359
254, 295
254, 360
254, 296
254, 297
254, 298
254, 299
254, 300
254, 374
254, 375
254, 376
254, 377
254, 378
254, 314
254, 379
254, 315
254, 380
254, 316
254, 317
254, 318
254, 319
254, 255
383, 384
383, 385
383, 386
383, 387
383, 388
383, 389
383, 390
383, 391
383, 392
383, 393
383, 394
383, 395
383, 396
383, 397
383, 398
383, 399
383, 400
127, 320
127, 256
127, 192
127, 128
127, 257
127, 193
127, 129
127, 258
127, 194
127, 130
127, 259
127, 387
127, 195
127, 131
127, 260
127, 388
127, 196
127, 132
127, 389
127, 197
127, 133
127, 390
127, 198
127, 134
127, 391
127, 199
127, 327
127, 135
127, 392
127, 200
127, 328
127, 136
127, 393
127, 329
127, 137
127, 394
127, 330
127, 138
127, 395
127, 331
127, 139
127, 267
127, 396
127, 332
127, 140
127, 268
127, 397
127, 333
127, 269
127, 398
127, 334
127, 270
127, 399
127, 335
127, 271
127, 207
127, 400
127, 336
127, 272
127, 208
127, 337
127, 273
127, 209
127, 338
127, 274
127, 210
127, 339
127, 275
127, 211
127, 147
127, 340
127, 276
127, 212
127, 148
127, 277
127, 213
127, 149
127, 278
127, 214
127, 150
127, 279
127, 215
127, 151
127, 280
127, 216
127, 152
127, 217
127, 153
127, 218
127, 154
127, 219
127, 347
127, 155
127, 220
127, 348
127, 156
127, 349
127, 157
127, 350
127, 158
127, 351
127, 159
127, 287
127, 352
127, 160
127, 288
127, 353
127, 289
127, 354
127, 290
127, 355
127, 291
127, 227
127, 356
127, 292
127, 228
127, 357
127, 293
127, 229
127, 358
127, 294
127, 230
127, 359
127, 295
127, 231
127, 167
127, 360
127, 296
127, 232
127, 168
127, 297
127, 233
127, 169
127, 298
127, 234
127, 170
127, 299
127, 235
127, 171
127, 300
127, 236
127, 172
127, 237
127, 173
127, 238
127, 174
127, 239
127, 367
127, 175
127, 240
127, 368
127, 176
127, 369
127, 177
127, 370
127, 178
127, 371
127, 179
127, 307
127, 372
127, 180
127, 308
127, 373
127, 309
127, 374
127, 310
127, 375
127, 311
127, 247
127, 376
127, 312
127, 248
127, 377
127, 313
127, 249
127, 378
127, 314
127, 250
127, 379
127, 315
127, 251
127, 187
127, 380
127, 316
127, 252
127, 188
127, 317
127, 253
127, 189
127, 318
127, 254
127, 190
127, 319
127, 255
127, 191
255, 320
255, 256
255, 257
255, 258
255, 259
255, 260
255, 395
255, 396
255, 397
255, 398
255, 399
255, 335
255, 400
255, 336
255, 337
255, 338
255, 339
255, 275
255, 340
255, 276
255, 277
255, 278
255, 279
255, 280
255, 355
255, 356
255, 357
255, 358
255, 359
255, 295
255, 360
255, 296
255, 297
255, 298
255, 299
255, 300
255, 375
255, 376
255, 377
255, 378
255, 379
255, 315
255, 380
255, 316
255, 317
255, 318
255, 319
