environment,cpu_time,size,position,factor
duckdb,0.1291888,300,1,
duckdb,0.4437468,400,2,343.48705150910916
xsb,1.6273191999999999,300,3,366.72246425213655
xsb,3.996653,400,4,245.59736037035637
