DatalogToCPPRealTime,DatalogToCPPCPUTime,CompileRealTime,CompileCPUTime,InstanceLoadingRealTime,InstanceLoadingCPUTime,LoadingFactRealTime,LoadingFactCPUTime,QueryRealTime,QueryCPUTime,WritingResultRealTime,WritingResultCPUTime
0.0,0.010000000000000002,1.4200000762939453,1.4400000000000002,0.000166334,0.000164,0.01481,0.014791,1.36818,1.36187,0.0540351,0.053982
0.010000228881835938,0.010000000000000002,1.4099998474121094,1.4400000000000002,0.000201667,0.0002,0.0145788,0.014575,1.33598,1.33525,0.0537001,0.053678
0.009999990463256836,0.0,1.4300000667572021,1.46,0.000142792,0.000141,0.0151493,0.015126,1.33788,1.33724,0.053494,0.053417
0.009999990463256836,0.0,1.440000057220459,1.47,0.000153166,0.000152,0.0151794,0.015148,1.34436,1.34375,0.0538811,0.053808
0.009999990463256836,0.010000000000000002,1.440000057220459,1.46,0.000126709,0.000125,0.01493,0.014909,1.34209,1.34144,0.0614033,0.054619
Average,0.008000040054321289,0.006000000000000001,1.428000020980835,1.454,0.0001581336,0.0001564,0.014929499999999998,0.0149098,1.345698,1.34391,0.05530272000000001,0.05390079999999999
