DatalogToCPPRealTime,DatalogToCPPCPUTime,CompileRealTime,CompileCPUTime,InstanceLoadingRealTime,InstanceLoadingCPUTime,LoadingFactRealTime,LoadingFactCPUTime,QueryRealTime,QueryCPUTime,WritingResultRealTime,WritingResultCPUTime
0.009999990463256836,0.010000000000000002,1.4199998378753662,1.4400000000000002,0.0,0.0,0.00765517,0.007655,0.951503,0.951035,0.0545963,0.054582
0.009999990463256836,0.010000000000000002,1.4200000762939453,1.4500000000000002,0.000136709,0.000136,0.0148856,0.014862,0.958772,0.958263,0.0538094,0.053723
0.009999990463256836,0.010000000000000002,1.4500000476837158,1.48,0.000129167,0.000127,0.0154835,0.01546,0.957008,0.956529,0.0547198,0.05467
0.009999990463256836,0.010000000000000002,1.4100000858306885,1.4400000000000002,0.000180375,0.000179,0.0149178,0.014914,0.959044,0.958537,0.0537548,0.053691
0.009999990463256836,0.010000000000000002,1.4200000762939453,1.4500000000000002,0.000148959,0.000148,0.0151136,0.015081,0.959206,0.958643,0.0540716,0.054039
Average,0.009999990463256836,0.010000000000000002,1.4240000247955322,1.4520000000000004,0.00011904199999999998,0.00011800000000000001,0.013611134,0.013594400000000001,0.9571066,0.9566014,0.054190379999999996,0.05414100000000001
