DatalogToCPPRealTime,DatalogToCPPCPUTime,CompileRealTime,CompileCPUTime,InstanceLoadingRealTime,InstanceLoadingCPUTime,LoadingFactRealTime,LoadingFactCPUTime,QueryRealTime,QueryCPUTime,WritingResultRealTime,WritingResultCPUTime
0.009999990463256836,0.010000000000000002,1.4499998092651367,1.48,0.000191292,0.000178,0.027736,0.027701,6.16678,6.15585,0.216557,0.21622
0.009999990463256836,0.0,1.4600000381469727,1.5,0.000153125,0.000151,0.028146,0.028105,6.17814,6.16849,0.21837,0.21299
0.009999990463256836,0.0,1.4500000476837158,1.47,0.000165334,0.000163,0.0290652,0.029033,6.18759,6.178,0.213046,0.212629
0.010000228881835938,0.0,1.4599997997283936,1.48,0.000170958,0.000169,0.0285545,0.028528,6.18212,6.17369,0.21039,0.210026
0.009999990463256836,0.0,1.4500000476837158,1.49,0.00015825,0.000156,0.0278319,0.027806,6.18863,6.18115,0.211014,0.210644
Average,0.010000038146972656,0.0020000000000000005,1.4539999485015869,1.484,0.00016779179999999998,0.00016340000000000001,0.028266720000000002,0.0282346,6.180652,6.171436,0.2138754,0.21250180000000002
