DatalogToCPPRealTime,DatalogToCPPCPUTime,CompileRealTime,CompileCPUTime,InstanceLoadingRealTime,InstanceLoadingCPUTime,LoadingFactRealTime,LoadingFactCPUTime,QueryRealTime,QueryCPUTime,WritingResultRealTime,WritingResultCPUTime
0.009999990463256836,0.010000000000000002,1.4200000762939453,1.45,0.0,0.0,0.00407804,0.004077,0.320078,0.319669,0.0198379,0.019827
0.009999990463256836,0.010000000000000002,1.4200000762939453,1.4500000000000002,0.0001075,0.000106,0.00558275,0.005583,0.323948,0.323815,0.0203648,0.020361
0.009999990463256836,0.0,1.4200000762939453,1.4600000000000002,0.000181917,0.000155,0.00968779,0.009684,0.335508,0.335384,0.0196842,0.019676
0.010000228881835938,0.010000000000000002,1.4199998378753662,1.4500000000000002,0.00012075,0.00012,0.00989925,0.009845,0.334626,0.334494,0.0208586,0.019626
0.009999990463256836,0.010000000000000002,1.4199998378753662,1.4500000000000002,0.00011,0.000109,0.00671496,0.006714,0.330753,0.330553,0.0196975,0.019692
Average,0.010000038146972656,0.008000000000000002,1.4199999809265136,1.4520000000000002,0.0001040334,9.8e-05,0.007192557999999999,0.0071806,0.32898259999999996,0.32878299999999994,0.0200886,0.0198364
