DatalogToCPPRealTime,DatalogToCPPCPUTime,CompileRealTime,CompileCPUTime,InstanceLoadingRealTime,InstanceLoadingCPUTime,LoadingFactRealTime,LoadingFactCPUTime,QueryRealTime,QueryCPUTime,WritingResultRealTime,WritingResultCPUTime
0.009999990463256836,0.010000000000000002,1.440000057220459,1.48,0.0001775,0.000175,0.0287008,0.028644,312.171,311.612,0.215496,0.215133
0.009999990463256836,0.0,1.4600000381469727,1.48,0.000236375,0.000208,0.0303875,0.030282,312.251,311.671,0.211171,0.210819
0.009999990463256836,0.009999999999999981,1.4600000381469727,1.48,0.000198167,0.000197,0.0299463,0.029901,313.13,312.568,0.212309,0.208704
0.009999990463256836,0.0,1.4600000381469727,1.49,0.000177208,0.000177,0.0301347,0.030107,311.86,311.302,0.211742,0.211388
0.009999990463256836,0.0,1.4600000381469727,1.49,0.000186375,0.000185,0.0289674,0.028815,312.971,312.401,0.211548,0.211155
Average,0.009999990463256836,0.003999999999999997,1.4560000419616699,1.484,0.000195125,0.00018839999999999997,0.029627339999999995,0.029549799999999998,312.4766,311.9108,0.21245319999999998,0.2114398
