CreateTableRealTime,CreateTableCPUTime,LoadDataRealTime,LoadDataCPUTime,CreateIndexRealTime,CreateIndexCPUTime,AnalyzeRealTime,AnalyzeCPUTime,ExecuteQueryRealTime,ExecuteQueryCPUTime,WriteResultRealTime,WriteResultCPUTime
0.03999999910593033,0.0,0.01000000536441803,0.0,0.019999995827674866,0.0,0.01000000536441803,0.0,0.3399999961256981,0.0,0.0,0.0
0.009999997913837433,0.0,0.0,0.0,0.020000003278255463,0.0,0.0,0.0,0.08999999612569809,0.0,0.0,0.0
0.0,0.0,0.009999997913837433,0.0,0.009999997913837433,0.0,0.01000000536441803,0.0,0.04999999701976776,0.0,0.0,0.0
Average,0.01666666567325592,0.0,0.0066666677594184875,0.0,0.01666666567325592,0.0,0.0066666702429453535,0.0,0.1599999964237213,0.0,0.0,0.0
