CreateTableRealTime,CreateTableCPUTime,LoadDataRealTime,LoadDataCPUTime,CreateIndexRealTime,CreateIndexCPUTime,AnalyzeRealTime,AnalyzeCPUTime,ExecuteQueryRealTime,ExecuteQueryCPUTime,WriteResultRealTime,WriteResultCPUTime
0.005515750031918287,4.599999999999049e-05,0.12050000001909211,0.0023009999999999975,0.1385590829886496,0.00016599999999999948,0.01239879202330485,0.00021399999999999197,17.47391741699539,0.0002789999999999737,0.047036333999130875,0.042105000000000004
0.003095499996561557,4.799999999999249e-05,0.12617154204053804,0.0021120000000000028,0.13159324997104704,9.199999999998099e-05,0.012651917000766844,0.00017800000000001148,17.428182957984973,0.0002790000000000292,0.047399458999279886,0.04139900000000002
0.004674791998695582,4.300000000001525e-05,0.12237058294704184,0.0021729999999999805,0.11939150001853704,0.00023000000000000798,0.012045292009133846,0.00015599999999998948,17.48553925001761,0.0002570000000000072,0.04678000003332272,0.041655
0.0030765829724259675,4.100000000001325e-05,0.12349620804889128,0.0026379999999999737,0.14753154100617394,0.00019800000000003148,0.01221225003246218,0.00020699999999995722,17.44295191700803,0.00025599999999997847,0.046727375010959804,0.040785000000000016
0.0039377500070258975,4.899999999996574e-05,0.12225999997463077,0.002077000000000051,0.14499374997103587,0.00015900000000002024,0.01219966699136421,0.00017499999999998073,17.416497082973365,0.0002650000000000152,0.04752445901976898,0.041134000000000004
Average,0.004060075001325459,4.5399999999995445e-05,0.12295966660603881,0.0022602000000000013,0.1364138247910887,0.00016900000000000804,0.012301583611406385,0.00018599999999998617,17.449417724995875,0.00026720000000000075,0.047093525412492454,0.04141560000000001
