CreateTableRealTime,CreateTableCPUTime,LoadDataRealTime,LoadDataCPUTime,CreateIndexRealTime,CreateIndexCPUTime,AnalyzeRealTime,AnalyzeCPUTime,ExecuteQueryRealTime,ExecuteQueryCPUTime,WriteResultRealTime,WriteResultCPUTime
0.0,0.0,0.01000000536441803,0.0,0.0299999937415123,0.0,0.01000000536441803,0.0,0.5399999991059303,0.0,0.009999997913837433,0.0
0.0,0.0,0.009999997913837433,0.0,0.030000001192092896,0.0,0.009999997913837433,0.0,0.49000000208616257,0.0,0.009999997913837433,0.010000000000000009
0.0,0.0,0.009999997913837433,0.0,0.030000001192092896,0.0,0.01000000536441803,0.010000000000000009,0.5700000002980232,0.0,0.009999997913837433,0.0
Average,0.0,0.0,0.010000000397364298,0.0,0.02999999870856603,0.0,0.010000002880891165,0.003333333333333336,0.5333333338300387,0.0,0.009999997913837433,0.003333333333333336
