CreateTableRealTime,CreateTableCPUTime,LoadDataRealTime,LoadDataCPUTime,CreateIndexRealTime,CreateIndexCPUTime,AnalyzeRealTime,AnalyzeCPUTime,ExecuteQueryRealTime,ExecuteQueryCPUTime,WriteResultRealTime,WriteResultCPUTime
0.0030114579712972045,2.0999999999993246e-05,0.02694441599305719,0.0006980000000000319,0.03701704100240022,7.899999999999574e-05,0.011039083008654416,3.799999999998249e-05,1.9673018750036135,0.00021700000000002273,0.02460408298065886,0.02367999999999998
0.0037027079961262643,4.399999999998849e-05,0.03811529197264463,0.0005950000000000122,0.039140624983701855,4.699999999996374e-05,0.010566624987404794,3.4000000000034e-05,1.9285846250131726,0.00032999999999999696,0.023544416995719075,0.022980999999999974
0.00325654202606529,2.199999999996649e-05,0.03409579198341817,0.0006059999999999954,0.036146708007436246,3.799999999998249e-05,0.011535457975696772,3.399999999997849e-05,1.9415946659864858,0.00020799999999998597,0.024076458998024464,0.023540000000000005
0.00207108398899436,4.500000000001725e-05,0.04161795799154788,0.0006239999999999579,0.03904441703343764,4.0000000000040004e-05,0.009774125006515533,3.700000000000925e-05,2.0463038330199197,0.00032199999999998896,0.023834416992031038,0.023258
0.0034474169951863587,3.700000000000925e-05,0.032217708008829504,0.0007220000000000004,0.037543582962825894,4.999999999999449e-05,0.010564666998106986,2.9000000000001247e-05,1.9731754999957047,0.0002989999999999937,0.02403141703689471,0.023494999999999988
Average,0.0030978417955338953,3.3799999999994947e-05,0.03459823318989948,0.0006489999999999996,0.03777847479796037,5.079999999999529e-05,0.0106959915952757,3.4400000000001094e-05,1.9713920998037793,0.0002751999999999977,0.02401815860066563,0.02339079999999999
