CreateTableRealTime,CreateTableCPUTime,LoadDataRealTime,LoadDataCPUTime,CreateIndexRealTime,CreateIndexCPUTime,AnalyzeRealTime,AnalyzeCPUTime,ExecuteQueryRealTime,ExecuteQueryCPUTime,WriteResultRealTime,WriteResultCPUTime
0.0030312239998693258,0.00010080000000001199,0.03218731900005878,0.0010156000000000054,0.07113416800007144,0.00015100000000001224,0.01980946200001199,0.0001547000000000076,3.309876323000026,0.00016529999999997935,0.02510066500008179,0.017329200000000045
0.0028057790000275418,6.950000000000012e-05,0.03443067500006691,0.0010461999999999971,0.07233849099998224,0.00013089999999998936,0.02050019000012071,0.00014639999999999098,3.1071762039998703,0.0001475000000000226,0.02358411199998045,0.01661389999999996
Average,0.0029185014999484338,8.515000000000605e-05,0.033308997000062845,0.0010309000000000013,0.07173632950002684,0.0001409500000000008,0.02015482600006635,0.0001505499999999993,3.208526263499948,0.00015640000000000098,0.02434238850003112,0.016971550000000002
