CreateTableRealTime,CreateTableCPUTime,LoadDataRealTime,LoadDataCPUTime,CreateIndexRealTime,CreateIndexCPUTime,AnalyzeRealTime,AnalyzeCPUTime,ExecuteQueryRealTime,ExecuteQueryCPUTime,WriteResultRealTime,WriteResultCPUTime
0.0045970619999025075,0.00011549999999999061,0.013148660000069867,0.0005294000000000132,0.025330502000088018,0.00014609999999998236,0.009444307999956436,0.00016860000000001873,0.6120061999999962,0.00017570000000000086,0.007784640999943804,0.0050262999999999836
0.0026250770001752244,7.620000000002625e-05,0.012379088999978194,0.0005464000000000024,0.026178713000035714,0.00018360000000000598,0.009398878999945737,0.00016040000000000498,0.6120876420000059,0.00015090000000000936,0.006337578000056965,0.004672600000000027
Average,0.003611069500038866,9.585000000000843e-05,0.01276387450002403,0.0005379000000000078,0.025754607500061866,0.00016484999999999417,0.009421593499951086,0.00016450000000001186,0.612046921000001,0.0001633000000000051,0.007061109500000384,0.004849450000000005
