CreateTableRealTime,CreateTableCPUTime,LoadDataRealTime,LoadDataCPUTime,CreateIndexRealTime,CreateIndexCPUTime,AnalyzeRealTime,AnalyzeCPUTime,ExecuteQueryRealTime,ExecuteQueryCPUTime,WriteResultRealTime,WriteResultCPUTime
0.004179875017143786,2.0999999999993246e-05,0.18222950003109872,0.003962000000000021,0.3076571249985136,0.0002950000000000452,0.015421417017932981,0.00015900000000002024,62.74492929200642,0.0002929999999999877,0.07980370800942183,0.066965
0.0038453330053016543,1.599999999996049e-05,0.17692779196659103,0.0040140000000000176,0.2540070830145851,0.00015100000000001224,0.015260749962180853,0.00022600000000000398,63.32766850001644,0.0003390000000000337,0.08118816697970033,0.065297
0.0031688750023022294,1.799999999996249e-05,0.18211666599381715,0.00434699999999999,0.28253437497187406,0.00021900000000002473,0.015272332995664328,0.00021999999999999797,63.094191332987975,0.00026799999999999047,0.08022370800608769,0.066
0.003713416983373463,2.0999999999993246e-05,0.21535091695841402,0.0040819999999999745,0.2946258339798078,0.0002750000000000252,0.01529233402106911,0.00018699999999999273,63.054133417026605,0.00022800000000000598,0.08118379197549075,0.06600800000000001
0.002500083006452769,2.3000000000050758e-05,0.1762472919654101,0.004035000000000011,0.27342970797326416,0.00017500000000003624,0.015546625014394522,0.00021899999999996922,62.682540707988665,0.00028200000000000447,0.08186287496937439,0.06745800000000002
Average,0.00348151660291478,1.9799999999992045e-05,0.1865744333830662,0.004088000000000003,0.28245082498760893,0.00022300000000002873,0.015358691802248359,0.00020219999999999684,62.980692650005224,0.00028200000000000447,0.080852449988015,0.0663456
