CreateTableRealTime,CreateTableCPUTime,LoadDataRealTime,LoadDataCPUTime,CreateIndexRealTime,CreateIndexCPUTime,AnalyzeRealTime,AnalyzeCPUTime,ExecuteQueryRealTime,ExecuteQueryCPUTime,WriteResultRealTime,WriteResultCPUTime
0.005528832960408181,2.799999999997249e-05,0.011489833006635308,0.00019399999999997197,0.009833374992012978,1.8999999999991246e-05,0.004008707997854799,1.4000000000014001e-05,0.09794429200701416,3.199999999997649e-05,0.0017157910042442381,0.001224999999999976
0.003544999985024333,4.4000000000044004e-05,0.011605000006966293,0.00018800000000002148,0.009285832988098264,3.399999999997849e-05,0.004206167010124773,3.300000000000525e-05,0.10334162501385435,2.0000000000020002e-05,0.0015779159730300307,0.0010679999999999579
0.0039003330166451633,4.999999999999449e-05,0.011755458021070808,0.00018200000000001548,0.009404999960679561,1.4000000000014001e-05,0.0038305409834720194,3.399999999997849e-05,0.09605237498180941,1.8000000000018e-05,0.0015319170197471976,0.0010830000000000006
0.0043002919992432,4.300000000001525e-05,0.01218979200348258,0.00017899999999998473,0.009996167034842074,1.6000000000016e-05,0.0038584169815294445,3.300000000000525e-05,0.09530449996236712,2.6000000000026002e-05,0.0015555829741060734,0.0010940000000000394
0.003476209007203579,6.20000000000065e-05,0.012140707985963672,0.00019199999999996997,0.009545583976432681,1.4999999999987246e-05,0.003743707959074527,3.300000000000525e-05,0.09532025002408773,1.8999999999991246e-05,0.0017707080114632845,0.0011530000000000151
Average,0.004150133393704891,4.5400000000006545e-05,0.011836158204823732,0.00018699999999999273,0.009613191790413112,1.9599999999997397e-05,0.003929508186411112,2.9400000000001646e-05,0.09759260839782655,2.300000000000635e-05,0.001630382996518165,0.0011245999999999977
