CreateTableRealTime,CreateTableCPUTime,LoadDataRealTime,LoadDataCPUTime,CreateIndexRealTime,CreateIndexCPUTime,AnalyzeRealTime,AnalyzeCPUTime,ExecuteQueryRealTime,ExecuteQueryCPUTime,WriteResultRealTime,WriteResultCPUTime
0.0029049329998542817,9.119999999995798e-05,0.010187963000134914,0.0004570000000000407,0.01711284800012436,0.00012940000000000174,0.006653819000121075,0.0001451000000000091,0.3229260569999042,0.00013689999999999536,0.003180924999924173,0.0020035999999999943
0.0026445290000083332,7.530000000000037e-05,0.008259573000032105,0.0004433999999999827,0.017890997999984393,0.00017150000000004662,0.0049668109998037835,0.00012990000000001611,0.28732059000003574,0.00016659999999996122,0.0039698069999758445,0.0031902999999999793
Average,0.0027747309999313075,8.324999999997917e-05,0.00922376800008351,0.0004502000000000117,0.017501923000054376,0.00015045000000002418,0.005810314999962429,0.0001375000000000126,0.30512332349996996,0.0001517499999999783,0.0035753659999500087,0.0025969499999999868
