CreateTableRealTime,CreateTableCPUTime,LoadDataRealTime,LoadDataCPUTime,CreateIndexRealTime,CreateIndexCPUTime,AnalyzeRealTime,AnalyzeCPUTime,ExecuteQueryRealTime,ExecuteQueryCPUTime,WriteResultRealTime,WriteResultCPUTime
0.009999997913837433,0.0,0.020000003278255463,0.02000000000000001,0.04999999701976776,0.0,0.020000003278255463,0.0,2.7400000020861626,0.0,0.009999997913837433,0.010000000000000009
0.0,0.0,0.030000001192092896,0.0,0.07000000029802322,0.0,0.019999995827674866,0.0,2.9299999997019768,0.0,0.020000003278255463,0.010000000000000009
0.01000000536441803,0.0,0.019999995827674866,0.0,0.06000000238418579,0.0,0.019999995827674866,0.0,2.880000002682209,0.0,0.020000003278255463,0.0
Average,0.0066666677594184875,0.0,0.023333333432674408,0.0066666666666666706,0.05999999990065893,0.0,0.019999998311201733,0.0,2.850000001490116,0.0,0.016666668156782787,0.006666666666666672
