CreateTableRealTime,CreateTableCPUTime,LoadDataRealTime,LoadDataCPUTime,CreateIndexRealTime,CreateIndexCPUTime,AnalyzeRealTime,AnalyzeCPUTime,ExecuteQueryRealTime,ExecuteQueryCPUTime,WriteResultRealTime,WriteResultCPUTime
0.0,0.0,0.09999999403953552,0.02000000000000001,0.13000000268220901,0.0,0.030000001192092896,0.0,7.679999999701977,0.0,0.03999999910593033,0.030000000000000027
0.0,0.0,0.12000000476837158,0.0,0.14999999850988388,0.0,0.03999999910593033,0.0,7.6400000005960464,0.0,0.03999999910593033,0.03000000000000003
0.009999997913837433,0.0,0.10000000149011612,0.0,0.11999999731779099,0.0,0.030000001192092896,0.0,7.659999996423721,0.0,0.040000006556510925,0.04000000000000002
Average,0.003333332637945811,0.0,0.10666666676600774,0.0066666666666666706,0.13333333283662796,0.0,0.033333333830038704,0.0,7.6599999989072485,0.0,0.04000000158945719,0.03333333333333336
