CreateTableRealTime,CreateTableCPUTime,LoadDataRealTime,LoadDataCPUTime,CreateIndexRealTime,CreateIndexCPUTime,AnalyzeRealTime,AnalyzeCPUTime,ExecuteQueryRealTime,ExecuteQueryCPUTime,WriteResultRealTime,WriteResultCPUTime
0.0028792400000838825,0.00010240000000000249,0.025792376000026707,0.0011549000000000142,0.04880721199992877,0.00013679999999999248,0.021718290999842793,0.00016329999999997735,2.906449061000103,0.00014130000000001086,0.022649473000001308,0.016902900000000054
0.004097268000123222,0.00011179999999999524,0.030027359999849068,0.0010537999999999936,0.05865282800004934,0.00014690000000000536,0.023492226000144,0.00018930000000000335,2.8880783719998817,0.00018490000000004336,0.01726569000015843,0.012157200000000035
Average,0.0034882540001035522,0.00010709999999999886,0.027909867999937887,0.001104350000000004,0.053730019999989054,0.00014184999999999892,0.022605258499993397,0.00017629999999999035,2.8972637164999924,0.0001631000000000271,0.01995758150007987,0.014530050000000044
