CreateTableRealTime,CreateTableCPUTime,LoadDataRealTime,LoadDataCPUTime,CreateIndexRealTime,CreateIndexCPUTime,AnalyzeRealTime,AnalyzeCPUTime,ExecuteQueryRealTime,ExecuteQueryCPUTime,WriteResultRealTime,WriteResultCPUTime
0.0027648749528452754,4.499999999996174e-05,0.05281070905039087,0.0011570000000000191,0.055338417005259544,4.899999999996574e-05,0.009530416980851442,2.799999999997249e-05,4.237579665961675,0.000138000000000027,0.026311209017876536,0.02580899999999997
0.004630332987289876,4.500000000001725e-05,0.05487837496912107,0.0011700000000000044,0.054333917039912194,4.100000000001325e-05,0.00966995902126655,2.599999999997049e-05,4.258756499970332,0.00016599999999999948,0.02640433399938047,0.025561
0.0035952909965999424,4.599999999999049e-05,0.05309504200704396,0.0011180000000000079,0.05442062497604638,3.300000000000525e-05,0.009584000043105334,3.399999999997849e-05,4.235426499973983,0.00014900000000001024,0.027139084006194025,0.026368999999999976
0.003431999997701496,4.199999999998649e-05,0.05460549995768815,0.0011919999999999709,0.05478108295938,4.500000000001725e-05,0.009650958003476262,3.2000000000032e-05,4.2527184169739485,0.00015100000000001224,0.02716920798411593,0.026546000000000014
0.0026996249798685312,4.399999999998849e-05,0.051462374976836145,0.0012880000000000114,0.054704499954823405,4.8000000000048004e-05,0.009304957988206297,2.799999999997249e-05,4.21097000001464,0.00019500000000000073,0.026384958997368813,0.025601999999999958
Average,0.003424424782861024,4.4399999999988896e-05,0.05337040019221604,0.0011850000000000027,0.054715708387084304,4.32000000000099e-05,0.009548058407381177,2.9599999999985195e-05,4.239090216578916,0.00015980000000000993,0.026681758800987155,0.025977399999999984
