CreateTableRealTime,CreateTableCPUTime,LoadDataRealTime,LoadDataCPUTime,CreateIndexRealTime,CreateIndexCPUTime,AnalyzeRealTime,AnalyzeCPUTime,ExecuteQueryRealTime,ExecuteQueryCPUTime,WriteResultRealTime,WriteResultCPUTime
0.002860875999886048,0.0001250999999999891,0.09277032799991503,0.002186900000000047,0.14123535200019433,0.0001768000000000325,0.027726310999923953,0.00020199999999997997,12.538872889999993,0.0001794999999999991,0.03927755099994101,0.02965650000000003
0.0025356129999636323,7.500000000004725e-05,0.05725640800005749,0.0016651999999999778,0.12327907300004881,0.00015959999999998198,0.028779994999922565,0.00016969999999999485,11.457063293999909,0.00014530000000001486,0.04046896599993488,0.02951999999999999
Average,0.00269824449992484,0.00010005000000001818,0.07501336799998626,0.0019260500000000125,0.13225721250012157,0.00016820000000000723,0.02825315299992326,0.00018584999999998741,11.997968091999951,0.00016240000000000698,0.03987325849993795,0.02958825000000001
