CreateTableRealTime,CreateTableCPUTime,LoadDataRealTime,LoadDataCPUTime,CreateIndexRealTime,CreateIndexCPUTime,AnalyzeRealTime,AnalyzeCPUTime,ExecuteQueryRealTime,ExecuteQueryCPUTime,WriteResultRealTime,WriteResultCPUTime
0.0031694999779574573,2.0999999999993246e-05,0.021475500019732863,0.0004109999999999947,0.021288499992806464,4.199999999998649e-05,0.01034245901973918,1.999999999996449e-05,0.5287261250196025,0.00016800000000000148,0.015434333006851375,0.014058000000000015
0.0031617500353604555,1.8000000000018e-05,0.020928625017404556,0.0003810000000000202,0.0204910829779692,2.9000000000001247e-05,0.010610790981445462,2.6000000000026002e-05,0.5114536249893717,0.00015500000000001624,0.016247541003394872,0.01530699999999996
0.004395958036184311,2.2999999999995246e-05,0.02149358403403312,0.00041800000000002946,0.021331624942831695,4.999999999999449e-05,0.01071125001180917,3.399999999997849e-05,0.5161482919938862,0.0002489999999999992,0.014169291011057794,0.013666000000000011
0.003694290993735194,4.999999999999449e-05,0.019400499993935227,0.0003309999999999702,0.018592917011119425,3.999999999998449e-05,0.010664083005394787,2.6999999999999247e-05,0.510954583005514,0.00020100000000000673,0.014339999994263053,0.013386999999999982
0.0030655409791506827,3.900000000001125e-05,0.024317917006555945,0.0005029999999999757,0.02123462501913309,4.699999999996374e-05,0.010361832974012941,3.2000000000032e-05,0.5097398340003565,0.00017899999999998473,0.014410624979063869,0.013946999999999987
Average,0.00349740800447762,3.020000000000245e-05,0.021523225214332344,0.00040879999999999806,0.020587749988771976,4.159999999998609e-05,0.010538083198480309,2.7800000000000046e-05,0.5154044918017462,0.00019040000000000167,0.014920357998926192,0.014072999999999992
