CreateTableRealTime,CreateTableCPUTime,LoadDataRealTime,LoadDataCPUTime,CreateIndexRealTime,CreateIndexCPUTime,AnalyzeRealTime,AnalyzeCPUTime,ExecuteQueryRealTime,ExecuteQueryCPUTime,WriteResultRealTime,WriteResultCPUTime
0.004058709018863738,1.8999999999991246e-05,0.22310970799298957,0.007158999999999971,0.37714462500298396,4.0000000000040004e-05,0.020135083992499858,2.999999999997449e-05,73.2571466669906,0.00021100000000001673,0.1273039590450935,0.09950600000000004
0.004081957973539829,1.6000000000016e-05,0.29251862497767434,0.01130500000000001,0.40102312504313886,0.00021099999999996122,0.020574749971274287,0.00021300000000001873,73.27854458399815,0.00024000000000001798,0.12741329101845622,0.09621199999999996
0.00383145798696205,5.099999999996774e-05,0.2814642920275219,0.009699999999999986,0.5086684579728171,0.00021500000000002073,0.020904165983665735,0.00023800000000001598,73.32571708399337,0.00025599999999997847,0.12964608299080282,0.09662500000000002
0.0036085419706068933,1.8000000000018e-05,0.2810333750094287,0.010913000000000006,0.458936957991682,0.00016899999999997473,0.021260290988720953,0.0002969999999999917,73.39998058398487,0.00028600000000000847,0.12936333304969594,0.09807500000000002
0.003994333033915609,3.900000000001125e-05,0.32364654197590426,0.01477400000000001,0.5135223340475932,0.0002670000000000172,0.021460750023834407,0.00016800000000000148,73.3280587909976,0.0002630000000000132,0.1252862499677576,0.09680299999999997
Average,0.003914999996777624,2.8600000000000848e-05,0.2803545083967037,0.010770199999999997,0.45185910001164303,0.00018040000000000279,0.020867008191999048,0.00018920000000000048,73.31788954199291,0.000251200000000007,0.12780258321436122,0.09744420000000001
