CreateTableRealTime,CreateTableCPUTime,LoadDataRealTime,LoadDataCPUTime,CreateIndexRealTime,CreateIndexCPUTime,AnalyzeRealTime,AnalyzeCPUTime,ExecuteQueryRealTime,ExecuteQueryCPUTime,WriteResultRealTime,WriteResultCPUTime
0.00349949998781085,2.9000000000001247e-05,0.11715524998726323,0.0020300000000000318,0.1386904579703696,0.000150000000000039,0.012442125007510185,0.00016800000000000148,19.55289808299858,0.00029800000000002047,0.0464386249659583,0.042072
0.004630042007192969,1.8999999999991246e-05,0.09841662499820814,0.0022139999999999938,0.14453158300602809,0.00014399999999997748,0.012510625005234033,0.00022299999999997322,19.525280791975092,0.00031999999999998696,0.047277834033593535,0.04141699999999998
0.003574333037249744,1.6000000000016e-05,0.12018466700101271,0.002238999999999991,0.1452506659552455,0.00012100000000003774,0.012112416967283934,0.00012200000000001099,19.51791191700613,0.0003149999999999542,0.04644624999491498,0.04044500000000001
0.0036471670027822256,4.899999999996574e-05,0.11958429199876264,0.0023599999999999732,0.141133000026457,0.00016699999999997273,0.012155791046097875,0.000254000000000032,19.88711550005246,0.00024799999999997047,0.04583141702460125,0.04081400000000002
0.006358625018037856,1.999999999996449e-05,0.11883091705385596,0.002143000000000006,0.13925608299905434,0.00018099999999998673,0.012235165981110185,0.00021900000000002473,19.982302249991335,0.00028600000000000847,0.04687391599873081,0.041151999999999966
Average,0.004341933410614729,2.6599999999987745e-05,0.11483435020782054,0.002197199999999999,0.1417723579914309,0.00015260000000000273,0.012291224801447242,0.00019720000000000848,19.69310170840472,0.0002933999999999881,0.04657360840355977,0.041179999999999994
