CreateTableRealTime,CreateTableCPUTime,LoadDataRealTime,LoadDataCPUTime,CreateIndexRealTime,CreateIndexCPUTime,ExecuteQueryRealTime,ExecuteQueryCPUTime,WriteResultRealTime,WriteResultCPUTime
0.08704318300004843,0.007133500000000126,0.038667741999972804,0.022265400000000213,0.05425309200001038,0.0009375000000000355,39.41291278700004,0.027221200000000056,0.010850351000044611,0.006923200000000129
0.06999281200000951,0.006488400000000283,0.02417033500000798,0.015092099999999942,0.04635453600002393,0.0006218000000002277,31.741958228000044,0.01817689999999983,0.005716952999989644,0.003563300000000158
Average,0.07851799750002897,0.006810950000000204,0.03141903849999039,0.018678750000000077,0.050303814000017155,0.0007796500000001316,35.57743550750004,0.022699049999999943,0.008283652000017128,0.005243250000000144
