DeleteDataRealTime,DeleteDataCPUTime,LoadDataRealTime,LoadDataCPUTime,CreateIndexXRealTime,CreateIndexXCPUTime,CreateIndexYRealTime,CreateIndexYCPUTime,QueryRealTime,QueryCPUTime,WriteResultRealTime,WriteResultCPUTime
0.05000000447034836,0.0,0.32999999821186066,0.010000000000000009,0.11999999731779099,0.0,0.0,0.0,0.01000000536441803,0.0,10.0,0.8500000000000001
0.03999999910593033,0.0,0.3200000002980232,0.010000000000000009,0.12000000476837158,0.0,0.0,0.0,0.009999997913837433,0.0,9.53999999910593,0.8399999999999999
0.03999999910593033,0.0,0.3200000002980232,0.0,0.16999999433755875,0.0,0.0,0.0,0.0,0.0,9.46000000089407,0.8099999999999998
Average,0.04333333422740301,0.0,0.32333333293596905,0.006666666666666672,0.13666666547457376,0.0,0.0,0.0,0.0066666677594184875,0.0,9.666666666666666,0.8333333333333334
