DeleteDataRealTime,DeleteDataCPUTime,LoadDataRealTime,LoadDataCPUTime,CreateIndexXRealTime,CreateIndexXCPUTime,CreateIndexYRealTime,CreateIndexYCPUTime,QueryRealTime,QueryCPUTime,WriteResultRealTime,WriteResultCPUTime
0.20282674999907613,0.0023310000000000275,2.0818153339787386,0.0018229999999999635,0.5306319170049392,0.004168000000000005,0,0,0.0008414580079261214,0.0006220000000000114,8.319725167006254,4.308321
0.25820187499630265,0.0024049999999999905,2.2981674160109833,0.0026410000000000045,0.5374693750054576,0.0024600000000000177,0,0,0.0009394999942742288,0.0006629999999999692,8.357970042008674,4.317504
0.25908091699238867,0.0020429999999999615,2.219196666002972,0.0010130000000000416,0.5839003750006668,0.0017660000000000453,0,0,0.0010038340114988387,0.0007390000000000452,8.334242707991507,4.319215000000001
0.2368368330062367,0.0020689999999999875,2.177534624992404,0.0019409999999999705,0.688129874994047,0.002603999999999995,0,0,0.0010576659988146275,0.0008379999999999499,8.36732399999164,4.328755
0.26800625000032596,0.0022340000000000138,2.1455818749964237,0.0007549999999999502,0.7232047080178745,0.003495999999999999,0,0,0.000777832989115268,0.0005539999999999989,8.37531304199365,4.329227
Average,0.24499052499886603,0.002216399999999996,2.1844591831963043,0.001634599999999986,0.612667250004597,0.0028988000000000126,0.0,0.0,0.0009240582003258169,0.0006831999999999949,8.350914991798344,4.3206044
