DeleteDataRealTime,DeleteDataCPUTime,LoadDataRealTime,LoadDataCPUTime,CreateIndexXRealTime,CreateIndexXCPUTime,CreateIndexYRealTime,CreateIndexYCPUTime,QueryRealTime,QueryCPUTime,WriteResultRealTime,WriteResultCPUTime
0.0948819570003252,0.007155699999999987,0.9183701519996248,0.001403799999999955,0.35531632600032026,0.0012535999999999659,0.005450163999739743,0.001817900000000039,0.0032305510003425297,0.0010552000000000339,37.77065085899994,2.3544155
0.14277047100040363,0.007823400000000036,0.966183853000075,0.0012736999999999332,0.3105986700002177,0.0012559999999999238,0.004794304999450105,0.0013644000000000434,0.004139907000535459,0.0015771999999999453,36.48329761599871,2.2083434000000004
Average,0.11882621400036442,0.0074895500000000115,0.9422770024998499,0.0013387499999999442,0.33295749800026897,0.0012547999999999448,0.005122234499594924,0.0015911500000000411,0.0036852290004389943,0.0013161999999999896,37.126974237499326,2.28137945
