DeleteDataRealTime,DeleteDataCPUTime,LoadDataRealTime,LoadDataCPUTime,CreateIndexXRealTime,CreateIndexXCPUTime,CreateIndexYRealTime,CreateIndexYCPUTime,QueryRealTime,QueryCPUTime,WriteResultRealTime,WriteResultCPUTime
0.06000000238418579,0.009999999999999953,0.5099999979138374,0.0,0.21000000089406967,0.0,0.0,0.0,0.0,0.0,24.679999999701977,1.62
0.07000000029802322,0.020000000000000004,0.6499999985098839,0.0,0.23000000417232513,0.0,0.0,0.0,0.009999997913837433,0.0,24.839999996125698,1.64
0.09000000357627869,0.0,0.6699999943375587,0.0,0.21000000089406967,0.01000000000000001,0.0,0.0,0.01000000536441803,0.0,25.809999994933605,1.5999999999999999
Average,0.0733333354194959,0.009999999999999986,0.6099999969204267,0.0,0.21666666865348816,0.003333333333333337,0.0,0.0,0.0066666677594184875,0.0,25.109999996920426,1.6199999999999999
