DeleteDataRealTime,DeleteDataCPUTime,LoadDataRealTime,LoadDataCPUTime,CreateIndexXRealTime,CreateIndexXCPUTime,CreateIndexYRealTime,CreateIndexYCPUTime,QueryRealTime,QueryCPUTime,WriteResultRealTime,WriteResultCPUTime
0.13870379200670868,0.0022210000000000285,0.9924827500071842,0.0016039999999999943,0.4229977500217501,0.002269000000000021,0,0,0.001961667003342882,0.0015879999999999783,4.7349240420153365,2.583844
0.15733587500290014,0.0020740000000000203,1.2531190830050036,0.0011610000000000231,0.2952219159924425,0.002159000000000022,0,0,0.0017325419757980853,0.00149100000000002,4.64835537498584,2.5351800000000004
0.14947587499045767,0.0023740000000000427,1.1877494170039427,0.0020959999999999868,0.3144007080118172,0.0028630000000000044,0,0,0.0015222920046653599,0.0013410000000000366,4.562924333004048,2.53952
0.15257866700994782,0.0019649999999999945,1.3419369590119459,0.001493000000000022,0.30369495798368007,0.00299499999999997,0,0,0.0010857090237550437,0.0007060000000000399,4.730597499990836,2.586297
0.14708579101716168,0.002132999999999996,1.1962105419952422,0.0006290000000000462,0.3538306250120513,0.0016980000000000328,0,0,0.001610041013918817,0.0014199999999999768,4.615693208004814,2.533136
Average,0.1490360000054352,0.0021534000000000162,1.1942997502046637,0.0013966000000000145,0.33802919140434823,0.00239680000000001,0.0,0.0,0.0015824502042960376,0.0013092000000000104,4.658498891600175,2.5555954
