DeleteDataRealTime,DeleteDataCPUTime,LoadDataRealTime,LoadDataCPUTime,CreateIndexXRealTime,CreateIndexXCPUTime,CreateIndexYRealTime,CreateIndexYCPUTime,QueryRealTime,QueryCPUTime,WriteResultRealTime,WriteResultCPUTime
0.07000000029802322,0.0,0.5699999928474426,0.009999999999999955,0.18000000715255737,0.0,0.0,0.0,0.009999997913837433,0.0,17.740000002086163,1.3900000000000001
0.06000000238418579,0.0,0.5700000002980232,0.0,0.1899999976158142,0.0,0.0,0.0,0.0,0.009999999999999995,17.92000000178814,1.35
0.07000000029802322,0.010000000000000009,0.5600000023841858,0.0,0.17000000178813934,0.0,0.0,0.0,0.0,0.0,18.350000001490116,1.3199999999999998
Average,0.06666666766007741,0.003333333333333336,0.5666666651765505,0.0033333333333333184,0.18000000218550363,0.0,0.0,0.0,0.003333332637945811,0.003333333333333332,18.00333333512147,1.3533333333333335
