DeleteDataRealTime,DeleteDataCPUTime,LoadDataRealTime,LoadDataCPUTime,CreateIndexXRealTime,CreateIndexXCPUTime,CreateIndexYRealTime,CreateIndexYCPUTime,QueryRealTime,QueryCPUTime,WriteResultRealTime,WriteResultCPUTime
0.007260750018758699,0.0018559999999999688,0.04492445901269093,0.0004979999999999984,0.011827125010313466,0.0006249999999999867,0,0,0.0003859999997075647,0.00023999999999996247,0.07457554200664163,0.047858999999999985
0.01920375000918284,0.0018459999999999588,0.043618167022941634,0.00046200000000001795,0.013202083006035537,0.0008469999999999867,0,0,0.000520500005222857,0.00031000000000003247,0.06891341600567102,0.052391000000000076
0.009932874992955476,0.0018880000000000008,0.04618570802267641,0.0004250000000000087,0.010071374999824911,0.0007910000000000417,0,0,0.0004567090072669089,0.00030799999999997496,0.0669595829967875,0.05036799999999997
0.011473958002170548,0.0021519999999999873,0.05131358400103636,0.00043599999999999195,0.010939166997559369,0.0007080000000000419,0,0,0.00048120899009518325,0.00028000000000000247,0.06683525000698864,0.05229400000000001
0.0130516670178622,0.0018900000000000028,0.047623833001125604,0.00041400000000002546,0.011528208997333422,0.0007230000000000292,0,0,0.00051254199934192,0.0003569999999999962,0.07487445799051784,0.05174000000000001
Average,0.012184600008185952,0.0019263999999999837,0.04673315021209419,0.0004470000000000085,0.011513591802213341,0.0007388000000000172,0.0,0.0,0.0004713920003268868,0.0002989999999999937,0.07043164980132133,0.05093040000000001
