DeleteDataRealTime,DeleteDataCPUTime,LoadDataRealTime,LoadDataCPUTime,CreateIndexXRealTime,CreateIndexXCPUTime,CreateIndexYRealTime,CreateIndexYCPUTime,QueryRealTime,QueryCPUTime,WriteResultRealTime,WriteResultCPUTime
0.061129359000005934,0.008627899999999966,0.4884928760002367,0.0011558999999999875,0.12448219300040364,0.001308599999999993,0.004614564999428694,0.001247100000000001,0.06004947400015226,0.0011182000000000136,7.441410600000381,0.6804724999999998
0.05194370999925013,0.00738990000000006,0.39435467799921753,0.0013800000000000479,0.13002081099966745,0.0013361999999998986,0.00544645300033153,0.0011596999999999857,0.003459630999714136,0.001316300000000048,7.624306539000827,0.6744286
Average,0.05653653449962803,0.008008900000000013,0.4414237769997271,0.0012679500000000177,0.12725150200003554,0.0013223999999999458,0.005030508999880112,0.0012033999999999934,0.0317545524999332,0.0012172500000000308,7.532858569500604,0.6774505499999999
