DeleteDataRealTime,DeleteDataCPUTime,LoadDataRealTime,LoadDataCPUTime,CreateIndexXRealTime,CreateIndexXCPUTime,CreateIndexYRealTime,CreateIndexYCPUTime,QueryRealTime,QueryCPUTime,WriteResultRealTime,WriteResultCPUTime
0.11999999731779099,0.02000000000000001,1.0700000002980232,0.0,0.33000000566244125,0.0,0.0,0.0,0.09999999403953552,0.0,42.22000000625849,2.44
0.10999999940395355,0.010000000000000009,1.0600000023841858,0.0,0.5799999982118607,0.0,0.0,0.010000000000000009,0.009999997913837433,0.0,43.440000005066395,2.52
0.13000000268220901,0.01000000000000001,3.3900000005960464,0.0,1.119999997317791,0.0,0.01000000536441803,0.0,0.009999997913837433,0.01000000000000001,44.3399999961257,2.59
Average,0.11999999980131786,0.013333333333333343,1.8400000010927517,0.0,0.676666667064031,0.0,0.0033333351214726767,0.003333333333333336,0.039999996622403465,0.003333333333333337,43.33333333581686,2.5166666666666666
