DeleteDataRealTime,DeleteDataCPUTime,LoadDataRealTime,LoadDataCPUTime,CreateIndexXRealTime,CreateIndexXCPUTime,CreateIndexYRealTime,CreateIndexYCPUTime,QueryRealTime,QueryCPUTime,WriteResultRealTime,WriteResultCPUTime
0.019999995827674866,0.010000000000000002,0.10999999940395355,0.0,0.01000000536441803,0.0,0.009999997913837433,0.0,0.04999999701976776,0.0,0.28999999910593033,0.030000000000000027
0.009999997913837433,0.02000000000000001,0.030000001192092896,0.0,0.019999995827674866,0.0,0.0,0.0,0.0,0.0,0.2800000011920929,0.02999999999999997
0.019999995827674866,0.009999999999999995,0.020000003278255463,0.0,0.019999995827674866,0.0,0.0,0.0,0.0,0.0,0.2800000011920929,0.03999999999999998
Average,0.016666663189729054,0.013333333333333336,0.0533333346247673,0.0,0.01666666567325592,0.0,0.003333332637945811,0.0,0.01666666567325592,0.0,0.2833333338300387,0.033333333333333326
