DeleteDataRealTime,DeleteDataCPUTime,LoadDataRealTime,LoadDataCPUTime,CreateIndexXRealTime,CreateIndexXCPUTime,CreateIndexYRealTime,CreateIndexYCPUTime,QueryRealTime,QueryCPUTime,WriteResultRealTime,WriteResultCPUTime
0.03999999910593033,0.009999999999999955,0.2800000011920929,0.0,0.13000000268220901,0.0,0.0,0.0,0.009999997913837433,0.0,10.390000000596046,0.8599999999999999
0.04999999701976776,0.0,0.3100000023841858,0.0,0.10000000149011612,0.01000000000000001,0.0,0.0,0.009999997913837433,0.0,10.190000005066395,0.8199999999999998
0.04999999701976776,0.0,0.3400000035762787,0.01000000000000001,0.10999999940395355,0.0,0.009999997913837433,0.0,0.0,0.0,10.120000004768372,0.82
Average,0.04666666438182195,0.0033333333333333184,0.3100000023841858,0.003333333333333337,0.11333333452542622,0.003333333333333337,0.003333332637945811,0.0,0.006666665275891622,0.0,10.23333333681027,0.8333333333333331
