DeleteDataRealTime,DeleteDataCPUTime,LoadDataRealTime,LoadDataCPUTime,CreateIndexXRealTime,CreateIndexXCPUTime,CreateIndexYRealTime,CreateIndexYCPUTime,QueryRealTime,QueryCPUTime,WriteResultRealTime,WriteResultCPUTime
0.13272450599970398,0.007149200000000189,0.921134369000356,0.0009525999999997481,0.3447725129999526,0.0011301000000001338,0.003360837000400352,0.001074999999999715,0.044657980000010866,0.0009097000000002353,35.65768207300016,1.9194947999999998
0.1195152280001821,0.006830599999999798,0.9345383279996895,0.0008907000000002441,0.3135116079997715,0.0010431999999997998,0.004805584000223462,0.0011361000000000843,0.003142307000416622,0.0009927000000002906,36.17280929199978,2.0153580999999994
Average,0.12611986699994304,0.006989899999999993,0.9278363485000227,0.0009216499999999961,0.32914206049986205,0.0010866499999999668,0.004083210500311907,0.0011055499999998997,0.023900143500213744,0.000951200000000263,35.91524568249997,1.9674264499999996
