DatalogToCPPRealTime,DatalogToCPPCPUTime,CompileRealTime,CompileCPUTime,InstanceLoadingRealTime,InstanceLoadingCPUTime,LoadingFactRealTime,LoadingFactCPUTime,QueryRealTime,QueryCPUTime,WritingResultRealTime,WritingResultCPUTime
0.009999990463256836,0.0,1.5099999904632568,1.54,0.000147625,0.000147,0.0220545,0.020859,3.66367,3.65696,0.00040575,0.000402
0.009999990463256836,0.0,1.5099999904632568,1.52,0.000145125,0.000143,0.0177825,0.017714,3.67554,3.66961,0.000441083,0.000389
0.009999990463256836,0.0,1.5,1.52,0.000138417,0.000137,0.0164762,0.016447,3.66886,3.66291,0.000285667,0.000285
0.009999990463256836,0.010000000000000002,1.5,1.52,0.000133125,0.000132,0.0174667,0.017395,3.66045,3.65312,0.000440125,0.000373
0.009999990463256836,0.0,1.5,1.53,0.000145667,0.000143,0.0181693,0.018071,3.66965,3.66367,0.00116342,0.000389
Average,0.009999990463256836,0.0020000000000000005,1.5039999961853028,1.526,0.0001419918,0.0001404,0.018389839999999998,0.0180972,3.6676340000000005,3.6612540000000005,0.000547209,0.00036760000000000004
