DatalogToCPPRealTime,DatalogToCPPCPUTime,CompileRealTime,CompileCPUTime,InstanceLoadingRealTime,InstanceLoadingCPUTime,LoadingFactRealTime,LoadingFactCPUTime,QueryRealTime,QueryCPUTime,WritingResultRealTime,WritingResultCPUTime
0.009999990463256836,0.010000000000000002,1.5099999904632568,1.53,0.00018625,0.000177,0.018223,0.018186,216.503,216.122,0.000495584,0.000495
0.010000228881835938,0.0,1.5199999809265137,1.55,0.0002075,0.000203,0.021734,0.021653,216.6,216.203,0.000391834,0.000311
0.009999990463256836,0.0,1.5,1.52,0.000207291,0.000205,0.0221304,0.021977,216.518,216.142,0.000472208,0.000471
0.009999990463256836,0.0,1.5199999809265137,1.54,0.000153125,0.000152,0.0196678,0.019623,216.601,216.206,0.000553875,0.00052
0.009999990463256836,0.0,1.5200002193450928,1.54,0.000208291,0.000207,0.0201913,0.020123,216.493,216.119,0.000598417,0.000548
Average,0.010000038146972656,0.0020000000000000005,1.5140000343322755,1.536,0.00019249139999999998,0.00018879999999999998,0.0203893,0.0203124,216.54299999999998,216.15840000000003,0.0005023836,0.00046899999999999996
