DatalogToCPPRealTime,DatalogToCPPCPUTime,CompileRealTime,CompileCPUTime,InstanceLoadingRealTime,InstanceLoadingCPUTime,LoadingFactRealTime,LoadingFactCPUTime,QueryRealTime,QueryCPUTime,WritingResultRealTime,WritingResultCPUTime
0.009999990463256836,0.010000000000000002,1.5,1.53,0.000177,0.000176,0.00710942,0.007089,4.82281,4.81469,0.000473167,0.000469
0.009999990463256836,0.010000000000000002,1.5,1.53,0.0001615,0.000161,0.00500904,0.005008,4.82302,4.81435,0.000541083,0.000426
0.009999990463256836,0.010000000000000002,1.5099999904632568,1.53,0.000163625,0.000162,0.00747679,0.007367,4.83356,4.82398,0.000368458,0.000367
0.009999990463256836,0.010000000000000002,1.5,1.52,0.000145083,0.00014,0.00706092,0.007019,4.82063,4.81283,0.000705542,0.000461
0.009999990463256836,0.010000000000000002,1.5099999904632568,1.54,0.000154167,0.000152,0.00674867,0.006715,4.81972,4.81148,0.000380208,0.000324
Average,0.009999990463256836,0.010000000000000002,1.5039999961853028,1.5299999999999998,0.000160275,0.0001582,0.006680968,0.006639600000000001,4.823948,4.815466,0.0004936916,0.0004094
