DatalogToCPPRealTime,DatalogToCPPCPUTime,CompileRealTime,CompileCPUTime,InstanceLoadingRealTime,InstanceLoadingCPUTime,LoadingFactRealTime,LoadingFactCPUTime,QueryRealTime,QueryCPUTime,WritingResultRealTime,WritingResultCPUTime
0.009999990463256836,0.010000000000000002,1.5,1.52,0.000142709,0.000141,0.00940867,0.009339,0.525254,0.524522,0.000267209,0.000267
0.009999990463256836,0.010000000000000002,1.5,1.53,0.00016625,0.000163,0.00820262,0.008156,0.522252,0.521452,0.000256583,0.000256
0.009999990463256836,0.010000000000000002,1.5,1.53,0.0001295,0.000128,0.00833508,0.008306,0.520821,0.520111,0.000336833,0.000227
0.009999990463256836,0.010000000000000002,1.4900000095367432,1.53,0.000142083,0.00014,0.00878763,0.008758,0.521689,0.520986,0.000323959,0.000241
0.009999990463256836,0.010000000000000002,1.4900000095367432,1.52,0.000148417,0.000147,0.00997012,0.009936,0.52506,0.524147,0.000265042,0.000265
Average,0.009999990463256836,0.010000000000000002,1.4960000038146972,1.5260000000000002,0.00014579180000000002,0.0001438,0.008940824,0.008899,0.5230151999999999,0.5222436,0.00028992520000000003,0.00025120000000000003
