environment,real_time,size,position,factor
xsb,0.00037693977355957053,400,1,
neo4j,0.005561559000170746,400,2,1475.450294791407
postgres,0.007822607999969478,400,3,140.65494944365986
duckdb,0.012976191999996445,400,4,165.88063725099192
mariadb,0.04086375150041022,400,5,314.91327733453244
cockroachdb,0.3142441825000333,400,6,769.0047314840359
