DeleteDataRealTime,DeleteDataCPUTime,LoadDataRealTime,LoadDataCPUTime,CreateIndexXRealTime,CreateIndexXCPUTime,CreateIndexYRealTime,CreateIndexYCPUTime,QueryRealTime,QueryCPUTime,WriteResultRealTime,WriteResultCPUTime
0.011883041996043175,0.0020200000000000218,0.019660333986394107,0.00029799999999996496,0.00886133301537484,0.0004750000000000032,0,0,0.0004760419833473861,0.0002849999999999797,0.093838707980467,0.06123500000000004
0.011004250001860783,0.00214700000000001,0.017591332987649366,0.0003310000000000257,0.010631166980601847,0.0006460000000000354,0,0,0.00045570798101834953,0.00021300000000001873,0.07029441700433381,0.05838300000000002
0.01101483398815617,0.001923000000000008,0.022713667014613748,0.0002770000000000272,0.00826441598474048,0.0005020000000000024,0,0,0.00046733301132917404,0.00021199999999998997,0.09003266697982326,0.061419
0.012534999987110496,0.0021030000000000215,0.02196958300191909,0.00031599999999998296,0.009446707990719005,0.0005539999999999989,0,0,0.0005207499780226499,0.00022299999999997322,0.10137854199274443,0.062082000000000026
0.009166500007268041,0.00193500000000002,0.021506042015971616,0.00034999999999996145,0.008591500023612753,0.0005640000000000089,0,0,0.0004359580052550882,0.00023600000000001398,0.09765245800372213,0.06062200000000001
Average,0.011120725196087733,0.0020256000000000163,0.020688191801309586,0.00031439999999999246,0.009159024799009785,0.0005482000000000097,0.0,0.0,0.00047115819179452954,0.0002337999999999951,0.09063935839221812,0.060748200000000016
