DeleteDataRealTime,DeleteDataCPUTime,LoadDataRealTime,LoadDataCPUTime,CreateIndexXRealTime,CreateIndexXCPUTime,CreateIndexYRealTime,CreateIndexYCPUTime,QueryRealTime,QueryCPUTime,WriteResultRealTime,WriteResultCPUTime
0.01000000536441803,0.0,0.030000001192092896,0.0,0.009999997913837433,0.0,0.0,0.010000000000000012,0.03999999910593033,0.0,0.0,0.0
0.009999997913837433,0.02000000000000001,0.01000000536441803,0.0,0.009999997913837433,0.0,0.0,0.0,0.009999997913837433,0.0,0.0,0.0
0.009999997913837433,0.0,0.009999997913837433,0.0,0.020000003278255463,0.0,0.0,0.0,0.0,0.0,0.0,0.009999999999999953
Average,0.010000000397364298,0.0066666666666666706,0.016666668156782787,0.0,0.01333333303531011,0.0,0.0,0.0033333333333333375,0.01666666567325592,0.0,0.0,0.003333333333333318
