DeleteDataRealTime,DeleteDataCPUTime,LoadDataRealTime,LoadDataCPUTime,CreateIndexXRealTime,CreateIndexXCPUTime,CreateIndexYRealTime,CreateIndexYCPUTime,QueryRealTime,QueryCPUTime,WriteResultRealTime,WriteResultCPUTime
0.016166180000254826,0.006515900000000019,0.039656367000134196,0.0009409000000000223,0.01097431299967866,0.0011099999999999999,0.0023653879998164484,0.0008932000000000384,0.028524227000161773,0.0009921999999999986,-0.017293867000262253,0.0016158000000000006
0.013252869000098144,0.007287900000000014,0.015986884999620088,0.0011508000000000074,0.012320817999352585,0.0012119000000000435,0.002444411999931617,0.0007587999999999484,0.00234026299949619,0.0009430999999999745,0.003444769000452652,0.0028574999999999573
Average,0.014709524500176485,0.006901900000000016,0.027821625999877142,0.0010458500000000148,0.011647565499515622,0.0011609500000000217,0.002404899999874033,0.0008259999999999934,0.015432244999828981,0.0009676499999999866,-0.0069245489999048004,0.002236649999999979
