DeleteDataRealTime,DeleteDataCPUTime,LoadDataRealTime,LoadDataCPUTime,CreateIndexXRealTime,CreateIndexXCPUTime,CreateIndexYRealTime,CreateIndexYCPUTime,QueryRealTime,QueryCPUTime,WriteResultRealTime,WriteResultCPUTime
0.0299999937415123,0.01000000000000001,0.009999997913837433,0.0,0.009999997913837433,0.0,0.01000000536441803,0.0,0.0,0.0,0.009999997913837433,0.009999999999999955
0.01000000536441803,0.009999999999999953,0.009999997913837433,0.0,0.019999995827674866,0.0,0.0,0.0,0.0,0.0,0.01000000536441803,0.010000000000000009
0.009999997913837433,0.0,0.009999997913837433,0.0,0.009999997913837433,0.0,0.01000000536441803,0.010000000000000009,0.0,0.0,0.009999997913837433,0.009999999999999995
Average,0.01666666567325592,0.006666666666666654,0.009999997913837433,0.0,0.013333330551783243,0.0,0.0066666702429453535,0.003333333333333336,0.0,0.0,0.010000000397364298,0.009999999999999986
