DeleteDataRealTime,DeleteDataCPUTime,LoadDataRealTime,LoadDataCPUTime,CreateIndexXRealTime,CreateIndexXCPUTime,CreateIndexYRealTime,CreateIndexYCPUTime,QueryRealTime,QueryCPUTime,WriteResultRealTime,WriteResultCPUTime
0.009999997913837433,0.0,0.01000000536441803,0.009999999999999955,0.019999995827674866,0.0,0.0,0.0,0.0,0.0,0.01000000536441803,0.01000000000000001
0.009999997913837433,0.0,0.01000000536441803,0.0,0.019999995827674866,0.010000000000000009,0.0,0.0,0.0,0.0,0.009999997913837433,0.010000000000000009
0.009999997913837433,0.009999999999999953,0.030000001192092896,0.0,0.009999997913837433,0.0,0.0,0.0,0.009999997913837433,0.0,0.01000000536441803,0.02000000000000002
Average,0.009999997913837433,0.003333333333333318,0.01666667064030965,0.0033333333333333184,0.016666663189729054,0.003333333333333336,0.0,0.0,0.003333332637945811,0.0,0.010000002880891165,0.013333333333333345
