DeleteDataRealTime,DeleteDataCPUTime,LoadDataRealTime,LoadDataCPUTime,CreateIndexXRealTime,CreateIndexXCPUTime,CreateIndexYRealTime,CreateIndexYCPUTime,QueryRealTime,QueryCPUTime,WriteResultRealTime,WriteResultCPUTime
0.009999997913837433,0.0,0.020000003278255463,0.010000000000000009,0.019999995827674866,0.0,0.0,0.0,0.0,0.0,0.020000003278255463,0.010000000000000009
0.009999997913837433,0.009999999999999955,0.009999997913837433,0.0,0.020000003278255463,0.0,0.0,0.0,0.0,0.0,0.019999995827674866,0.01000000000000001
0.020000003278255463,0.0,0.019999995827674866,0.0,0.009999997913837433,0.0,0.0,0.0,0.0,0.0,0.020000003278255463,0.01000000000000001
Average,0.01333333303531011,0.0033333333333333184,0.01666666567325592,0.003333333333333336,0.01666666567325592,0.0,0.0,0.0,0.0,0.0,0.020000000794728596,0.010000000000000009
