DeleteDataRealTime,DeleteDataCPUTime,LoadDataRealTime,LoadDataCPUTime,CreateIndexXRealTime,CreateIndexXCPUTime,CreateIndexYRealTime,CreateIndexYCPUTime,QueryRealTime,QueryCPUTime,WriteResultRealTime,WriteResultCPUTime
0.01000000536441803,0.009999999999999953,0.019999995827674866,0.0,0.009999997913837433,0.0,0.0,0.0,0.0,0.0,0.01000000536441803,0.0
0.01000000536441803,0.009999999999999953,0.009999997913837433,0.0,0.009999997913837433,0.0,0.0,0.0,0.009999997913837433,0.0,0.01000000536441803,0.010000000000000009
0.009999997913837433,0.0,0.019999995827674866,0.0,0.01000000536441803,0.0,0.0,0.0,0.0,0.009999999999999997,0.009999997913837433,0.01000000000000001
Average,0.010000002880891165,0.006666666666666636,0.016666663189729054,0.0,0.010000000397364298,0.0,0.0,0.0,0.003333332637945811,0.0033333333333333322,0.010000002880891165,0.006666666666666672
