DeleteDataRealTime,DeleteDataCPUTime,LoadDataRealTime,LoadDataCPUTime,CreateIndexXRealTime,CreateIndexXCPUTime,CreateIndexYRealTime,CreateIndexYCPUTime,QueryRealTime,QueryCPUTime,WriteResultRealTime,WriteResultCPUTime
0.011397435999242589,0.006498699999999968,0.01858918200014159,0.0011156999999999972,0.009375434000503446,0.0009491999999999834,0.0019467560005068663,0.0007295999999999969,0.0024107110002660193,0.0011026000000000091,0.016568331000598846,0.006018899999999994
0.014598650000152702,0.006749899999999975,0.021963989000141737,0.001103500000000035,0.012185698999928718,0.0011642000000000041,0.003090693000558531,0.0011066000000000131,0.0019921489993066643,0.0008518000000000137,0.008612526000433718,0.005929400000000029
Average,0.012998042999697645,0.006624299999999972,0.020276585500141664,0.0011096000000000161,0.010780566500216082,0.0010566999999999938,0.0025187245005326986,0.000918100000000005,0.002201429999786342,0.0009772000000000114,0.012590428500516282,0.005974150000000011
