DeleteDataRealTime,DeleteDataCPUTime,LoadDataRealTime,LoadDataCPUTime,CreateIndexXRealTime,CreateIndexXCPUTime,CreateIndexYRealTime,CreateIndexYCPUTime,QueryRealTime,QueryCPUTime,WriteResultRealTime,WriteResultCPUTime
0.014562500000465661,0.002000999999999975,0.027232624997850507,0.0003630000000000022,0.009952624997822568,0.0005159999999999609,0,0,0.00039154099067673087,0.00021199999999998997,0.15551729101571254,0.09976200000000002
0.013325541018275544,0.002033000000000007,0.02937849998124875,0.00034200000000000896,0.008284957992145792,0.0005210000000000492,0,0,0.00046633300371468067,0.00022700000000003273,0.15974575001746416,0.10241899999999998
0.013376416987739503,0.0018730000000000135,0.029307334014447406,0.00037600000000004297,0.010695083008613437,0.0004930000000000212,0,0,0.00044879200868308544,0.00022300000000002873,0.162564416998066,0.10372800000000004
0.016477333003422245,0.0019979999999999998,0.02589258400257677,0.0003729999999999567,0.009472459001699463,0.0005209999999999937,0,0,0.0003574579895939678,0.00021200000000004549,0.15702399998554029,0.10216299999999995
0.010762583988253027,0.0019440000000000013,0.02926804102025926,0.00035600000000002296,0.010959292005281895,0.0005519999999999969,0,0,0.0007250829949043691,0.00029400000000001647,0.16171454198774882,0.10265400000000002
Average,0.013700874999631196,0.0019697999999999994,0.02821581680327654,0.00036200000000000674,0.009872883401112632,0.0005206000000000044,0.0,0.0,0.0004778413975145668,0.00023360000000002267,0.15931320000090637,0.1021452
