DeleteDataRealTime,DeleteDataCPUTime,LoadDataRealTime,LoadDataCPUTime,CreateIndexXRealTime,CreateIndexXCPUTime,CreateIndexYRealTime,CreateIndexYCPUTime,QueryRealTime,QueryCPUTime,WriteResultRealTime,WriteResultCPUTime
0.010603936000279646,0.0058875000000000455,0.014736685000116267,0.0008873000000000353,0.009247416000107478,0.0008539999999999104,0.0015790439997545036,0.0005851000000003381,0.0014048179996279941,0.0006441999999999837,0.016131341000345856,0.008636399999999878
0.011630137000338436,0.006507999999999736,0.02087410900003306,0.0010006000000002402,0.013885281000057148,0.0008954000000001017,0.0020496849997471145,0.0008078999999998615,0.002047357999799715,0.0007361999999999647,0.039023667000492424,0.010476800000000175
Average,0.011117036500309041,0.006197749999999891,0.017805397000074663,0.0009439500000001377,0.011566348500082313,0.000874700000000006,0.001814364499750809,0.0006965000000000998,0.0017260879997138545,0.0006901999999999742,0.02757750400041914,0.009556600000000026
