DeleteDataRealTime,DeleteDataCPUTime,LoadDataRealTime,LoadDataCPUTime,CreateIndexXRealTime,CreateIndexXCPUTime,CreateIndexYRealTime,CreateIndexYCPUTime,QueryRealTime,QueryCPUTime,WriteResultRealTime,WriteResultCPUTime
0.011827825999716879,0.006636400000000042,0.015009694000582385,0.001443099999999975,0.013235510000413342,0.0010576999999999948,0.002986671999678947,0.0012165000000000092,0.002128670000274724,0.001041100000000017,0.011913155000002007,0.0032088000000000116
0.014522782000312873,0.0077625000000000055,0.017603883999981917,0.0014701000000000297,0.010045840000202588,0.0011236000000000024,0.0022542050000993186,0.0008755999999999764,0.003427569000450603,0.0013453999999999966,0.005541244999221817,0.0050211000000000006
Average,0.013175304000014876,0.007199450000000024,0.01630678900028215,0.0014566000000000023,0.011640675000307965,0.0010906499999999986,0.002620438499889133,0.0010460499999999928,0.0027781195003626635,0.0011932500000000068,0.008727199999611912,0.004114950000000006
