DeleteDataRealTime,DeleteDataCPUTime,LoadDataRealTime,LoadDataCPUTime,CreateIndexXRealTime,CreateIndexXCPUTime,CreateIndexYRealTime,CreateIndexYCPUTime,QueryRealTime,QueryCPUTime,WriteResultRealTime,WriteResultCPUTime
0.01000000536441803,0.01000000000000001,0.009999997913837433,0.0,0.009999997913837433,0.0,0.0,0.0,0.030000001192092896,0.0,0.020000003278255463,0.01000000000000001
0.01000000536441803,0.0,0.059999994933605194,0.0,0.009999997913837433,0.010000000000000009,0.0,0.0,0.0,0.0,0.009999997913837433,0.010000000000000009
0.020000003278255463,0.010000000000000012,0.009999997913837433,0.0,0.009999997913837433,0.0,0.01000000536441803,0.0,0.0,0.020000000000000007,0.009999997913837433,0.010000000000000009
Average,0.01333333800236384,0.006666666666666675,0.026666663587093353,0.0,0.009999997913837433,0.003333333333333336,0.0033333351214726767,0.0,0.010000000397364298,0.006666666666666669,0.01333333303531011,0.010000000000000009
