DeleteDataRealTime,DeleteDataCPUTime,LoadDataRealTime,LoadDataCPUTime,CreateIndexXRealTime,CreateIndexXCPUTime,CreateIndexYRealTime,CreateIndexYCPUTime,QueryRealTime,QueryCPUTime,WriteResultRealTime,WriteResultCPUTime
0.009999997913837433,0.009999999999999953,0.020000003278255463,0.0,0.009999997913837433,0.0,0.009999997913837433,0.0,0.03999999910593033,0.0,0.01000000536441803,0.010000000000000009
0.009999997913837433,0.0,0.019999995827674866,0.0,0.01000000536441803,0.0,0.0,0.0,0.0,0.0,0.009999997913837433,0.0
0.009999997913837433,0.0,0.020000003278255463,0.0,0.019999995827674866,0.0,0.0,0.0,0.0,0.0,0.01000000536441803,0.0
Average,0.009999997913837433,0.003333333333333318,0.020000000794728596,0.0,0.01333333303531011,0.0,0.003333332637945811,0.0,0.01333333303531011,0.0,0.010000002880891165,0.003333333333333336
