LoadRulesRealTime,LoadRulesCPUTime,LoadFactsRealTime,LoadFactsCPUTime,QueryRealTime,QueryCPUTime,WriteRealTime,WriteCPUTime
0.00118184089660645,0.000548,0.00118303298950195,0.000822,0.0323801040649414,0.030031,0.3387188911437986,0.33183900000000005
0.00116109848022461,0.000546,0.00118184089660645,0.000826,0.0332250595092773,0.030299,0.3415338993072507,0.33643599999999996
0.00115680694580078,0.000548,0.00117015838623047,0.000812999999999999,0.0323610305786133,0.030019,0.3483068943023677,0.33499399999999996
0.00114703178405762,0.000548999999999999,0.00118303298950195,0.000814,0.0326220989227295,0.030165,0.3398399353027345,0.33429
0.00116991996765137,0.00055,0.00118803977966309,0.000823999999999998,0.0326299667358398,0.030244,0.3422660827636722,0.337772
Average,0.001163339614868166,0.0005481999999999998,0.001181221008300782,0.0008197999999999995,0.032643651962280265,0.0301516,0.34213314056396477,0.3350662
