LoadRulesRealTime,LoadRulesCPUTime,LoadFactsRealTime,LoadFactsCPUTime,QueryRealTime,QueryCPUTime,WriteRealTime,WriteCPUTime
0.00116205215454102,0.000553,0.00079798698425293,0.000437,0.00784897804260254,0.007532,0.06830596923828126,0.067064
0.00114297866821289,0.000548999999999999,0.00076603889465332,0.00043,0.00780916213989258,0.007523,0.06902766227722172,0.068032
0.00115108489990234,0.000547000000000001,0.000763893127441406,0.000432,0.0078580379486084,0.007614,0.0685329437255859,0.067847
0.0011451244354248,0.000546999999999999,0.000763893127441406,0.000433000000000001,0.00773191452026367,0.007497,0.06903314590454103,0.06833299999999999
0.0012059211730957,0.000572,0.00078892707824707,0.000434,0.00774693489074707,0.007457,0.06767487525939943,0.066783
Average,0.0011614322662353497,0.0005535999999999998,0.0007761478424072265,0.0004332000000000002,0.007799005508422853,0.007524599999999999,0.06851491928100586,0.06761179999999999
