LoadRulesRealTime,LoadRulesCPUTime,LoadFactsRealTime,LoadFactsCPUTime,QueryRealTime,QueryCPUTime,WriteRealTime,WriteCPUTime
0.000877857208251953,0.000505,0.000512123107910156,0.000326,0.225324869155884,0.224802,0.04104924201965299,0.040254999999999985
0.000906944274902344,0.000541,0.000578165054321289,0.000377000000000001,0.223721027374268,0.223197,0.040152072906494,0.039313000000000015
0.000963926315307617,0.000558000000000001,0.00056910514831543,0.000366,0.227704048156738,0.227264,0.03990292549133301,0.03924999999999998
0.000954866409301758,0.000564,0.000483989715576172,0.000337,0.23189902305603,0.231282,0.03860592842102101,0.034604000000000024
0.000970840454101562,0.000573000000000001,0.000585079193115234,0.000373,0.227405071258545,0.226693,0.035572052001952986,0.033886
Average,0.0009348869323730467,0.0005482000000000004,0.0005456924438476562,0.0003558000000000002,0.227210807800293,0.2266476,0.0390564441680908,0.0374616
