LoadRulesRealTime,LoadRulesCPUTime,LoadFactsRealTime,LoadFactsCPUTime,QueryRealTime,QueryCPUTime,WriteRealTime,WriteCPUTime
0.0011899471282959,0.000552,0.00085902214050293,0.000511999999999999,1.06312298774719,1.060468,0.10062909126282005,0.09885100000000002
0.00117778778076172,0.000567999999999999,0.00086212158203125,0.000521000000000001,1.06445789337158,1.061628,0.10376501083374001,0.10255400000000003
0.00115299224853516,0.00055,0.000860929489135742,0.000516000000000001,1.06342506408691,1.060386,0.10519790649413996,0.10381200000000002
0.00114583969116211,0.000548,0.000865936279296875,0.000510999999999999,1.06321001052856,1.05974,0.10309410095214999,0.10024300000000008
0.00157690048217773,0.000595,0.000813007354736328,0.000508,1.07933402061462,1.076396,0.09999990463256991,0.08666200000000002
Average,0.001248693466186524,0.0005625999999999998,0.000852203369140625,0.0005136,1.0667099952697723,1.0637235999999999,0.10253720283508398,0.09842440000000004
