LoadRulesRealTime,LoadRulesCPUTime,LoadFactsRealTime,LoadFactsCPUTime,QueryRealTime,QueryCPUTime,WriteRealTime,WriteCPUTime
0.00116395950317383,0.000550999999999999,0.00129318237304688,0.000894000000000001,0.0524120330810547,0.050499,0.42114114761352534,0.414581
0.00115394592285156,0.000552,0.00130009651184082,0.000926,0.0533239841461182,0.05061,0.43554592132568376,0.418717
0.00115489959716797,0.000546,0.00126910209655762,0.00089,0.0520129203796387,0.049751,0.4212522506713863,0.41927400000000004
0.00115680694580078,0.000548999999999999,0.00127410888671875,0.000897,0.0513069629669189,0.049483,0.4297239780426021,0.418947
0.00114297866821289,0.000548999999999999,0.00126194953918457,0.000895999999999999,0.0519280433654785,0.050147,0.4219250679016115,0.41937
Average,0.001154518127441406,0.0005493999999999995,0.0012796878814697282,0.0009006,0.0521967887878418,0.050098,0.42591767311096174,0.41817779999999993
