LoadRulesRealTime,LoadRulesCPUTime,LoadFactsRealTime,LoadFactsCPUTime,QueryRealTime,QueryCPUTime,WriteRealTime,WriteCPUTime
0.00476980209350586,0.00272500000000001,0.00576400756835938,0.005664,0.0171120166778564,0.017118,2.6037828922271737,2.602908
0.00441789627075195,0.00441800000000001,0.00593113899230957,0.00593199999999999,0.0157859325408936,0.01579,2.5939981937408465,2.594371
0.00487804412841797,0.002787,0.00575995445251465,0.005683,0.0164110660552979,0.009562,2.5758039951324423,2.5769520000000004
Average,0.004688580830891926,0.003310000000000006,0.005818367004394534,0.005759666666666663,0.016436338424682635,0.014156666666666666,2.5911950270334874,2.5914103333333336
