LoadRulesRealTime,LoadRulesCPUTime,LoadFactsRealTime,LoadFactsCPUTime,QueryRealTime,QueryCPUTime,WriteRealTime,WriteCPUTime
0.000928878784179688,0.000543999999999999,0.000555038452148438,0.00035,0.00363898277282715,0.003347,0.03863215446472165,0.037891999999999995
0.000895023345947266,0.000537999999999999,0.000537872314453125,0.000347,0.0035710334777832,0.003322,0.038261890411376995,0.037492000000000004
0.000929117202758789,0.000546,0.000559806823730469,0.00035,0.00362110137939453,0.00333,0.03899192810058597,0.038288
0.000907182693481445,0.000536,0.00053095817565918,0.000347999999999999,0.00359296798706055,0.003347,0.038022041320800753,0.037474
0.000924825668334961,0.000547000000000001,0.000553131103515625,0.000352,0.00359201431274414,0.003314,0.03826189041137696,0.037671
Average,0.0009170055389404299,0.0005421999999999998,0.0005473613739013673,0.0003493999999999998,0.003603219985961914,0.0033320000000000003,0.038433980941772465,0.0377634
