LoadRulesRealTime,LoadRulesCPUTime,LoadFactsRealTime,LoadFactsCPUTime,QueryRealTime,QueryCPUTime,WriteRealTime,WriteCPUTime
0.00333809852600098,0.001335,0.00456905364990234,0.001639,0.0179588794708252,0.009598,1.5989811420440647,1.589891
0.00360107421875,0.003601,0.00412511825561523,0.004124,0.00986886024475098,0.0,2.199862957000729,2.189171
Average,0.00346958637237549,0.002468,0.004347085952758786,0.0028815,0.01391386985778809,0.004799,1.8994220495223968,1.8895309999999998
