LoadRulesRealTime,LoadRulesCPUTime,LoadFactsRealTime,LoadFactsCPUTime,QueryRealTime,QueryCPUTime,WriteRealTime,WriteCPUTime
0.00091099739074707,0.000541999999999999,0.000584125518798828,0.000200000000000001,0.000442981719970703,0.000425,0.004384040832519527,0.004105
0.000988960266113281,0.000557,0.000412940979003906,0.000199,0.000453948974609375,0.000438000000000001,0.007448196411132814,0.004379999999999999
0.00100302696228027,0.000548999999999999,0.00038909912109375,0.000193,0.000443935394287109,0.000425,0.00441527366638184,0.004175
0.000899076461791992,0.000546,0.000375986099243164,0.000196,0.000442981719970703,0.000426000000000001,0.004393100738525387,0.004163999999999999
0.000933170318603516,0.000548,0.000382900238037109,0.000194,0.000452995300292969,0.000426000000000001,0.0045168399810791016,0.004286999999999999
Average,0.0009470462799072257,0.0005483999999999996,0.00042901039123535137,0.00019640000000000022,0.0004473686218261719,0.0004280000000000006,0.005031490325927734,0.0042222
