LoadRulesRealTime,LoadRulesCPUTime,LoadFactsRealTime,LoadFactsCPUTime,QueryRealTime,QueryCPUTime,WriteRealTime,WriteCPUTime
0.000916004180908203,0.000541,0.000533819198608398,0.00035,0.00362396240234375,0.003315,0.03825187683105465,0.037586
0.000904083251953125,0.000544000000000001,0.000540018081665039,0.000350999999999999,0.00355887413024902,0.003332,0.038215160369873075,0.037621999999999996
0.000899076461791992,0.000537999999999999,0.000530004501342773,0.000347,0.00355005264282227,0.003321,0.05135202407836913,0.037995
0.000905036926269531,0.000543999999999999,0.000543117523193359,0.000351000000000001,0.00354385375976562,0.003312,0.038308143615722684,0.037902
0.00091099739074707,0.000545,0.000544071197509766,0.000352,0.00353693962097168,0.003316,0.03932690620422362,0.03789
Average,0.0009070396423339844,0.0005423999999999997,0.000538206100463867,0.0003502,0.003562736511230468,0.0033192,0.04109082221984863,0.037799
