LoadRulesRealTime,LoadRulesCPUTime,LoadFactsRealTime,LoadFactsCPUTime,QueryRealTime,QueryCPUTime,WriteRealTime,WriteCPUTime
0.00116705894470215,0.000548,0.000681877136230469,0.000361,0.223836183547974,0.223196,0.040774822235107006,0.03987799999999997
0.00115799903869629,0.000553000000000001,0.000678777694702148,0.00035,0.224791049957275,0.224183,0.038776874542236994,0.037935000000000024
0.00114989280700684,0.000549000000000001,0.000674009323120117,0.000354,0.223124027252197,0.222597,0.041643857955933006,0.04067900000000002
0.00116300582885742,0.000548,0.000674009323120117,0.000349,0.223621129989624,0.222781,0.038108825683594,0.03742800000000002
0.00117301940917969,0.00055,0.000685930252075195,0.000351000000000001,0.225014925003052,0.224241,0.03720211982726998,0.036317000000000016
Average,0.0011621952056884782,0.0005496000000000003,0.0006789207458496091,0.0003530000000000002,0.22407746315002441,0.22339959999999998,0.039301300048828196,0.03844740000000001
