LoadRulesRealTime,LoadRulesCPUTime,LoadFactsRealTime,LoadFactsCPUTime,QueryRealTime,QueryCPUTime,WriteRealTime,WriteCPUTime
0.000926017761230469,0.000540000000000001,0.000770807266235352,0.000338,0.0027611255645752,0.002636,0.027477741241455102,0.026943
0.000903129577636719,0.000543,0.000488996505737305,0.00031,0.00272583961486816,0.002636,0.03012204170227054,0.026497
0.000916004180908203,0.000546,0.000503063201904297,0.000309,0.00276303291320801,0.002658,0.027177095413207987,0.026748
0.000905036926269531,0.000541999999999999,0.000494003295898438,0.000307,0.00273799896240234,0.002644,0.02669715881347656,0.026217999999999998
0.000887870788574219,0.000539000000000001,0.000488042831420898,0.000310999999999999,0.00284814834594727,0.002735,0.026807785034179733,0.026354
Average,0.0009076118469238282,0.0005420000000000002,0.000548982620239258,0.0003149999999999998,0.002767229080200196,0.0026617999999999998,0.027656364440917985,0.026552
