LoadRulesRealTime,LoadRulesCPUTime,LoadFactsRealTime,LoadFactsCPUTime,QueryRealTime,QueryCPUTime,WriteRealTime,WriteCPUTime
0.00121212005615234,0.000555,0.000587940216064453,0.000275000000000001,0.00177001953125,0.001697,0.0168910026550293,0.016352
0.00116491317749023,0.000562,0.000606060028076172,0.000276999999999999,0.00181412696838379,0.001754,0.01671791076660161,0.016178
0.00116300582885742,0.000552,0.0005950927734375,0.000273000000000001,0.00178098678588867,0.001719,0.016746044158935533,0.016224000000000002
0.00115203857421875,0.000541999999999999,0.000593900680541992,0.000272000000000001,0.00181198120117188,0.001749,0.01658511161804202,0.016144
0.00116586685180664,0.000548,0.000590085983276367,0.000272000000000001,0.00177311897277832,0.001719,0.01675200462341308,0.016259000000000003
Average,0.001171588897705076,0.0005517999999999998,0.0005946159362792969,0.0002738000000000006,0.001790046691894532,0.0017276,0.016738414764404307,0.0162314
