LoadRulesRealTime,LoadRulesCPUTime,LoadFactsRealTime,LoadFactsCPUTime,QueryRealTime,QueryCPUTime,WriteRealTime,WriteCPUTime
0.00596809387207031,0.005968,0.00974607467651367,0.00974799999999999,0.0238978862762451,0.023898,3.8054461479187047,3.78487
0.00468182563781738,0.004681,0.00681710243225098,0.00681900000000001,0.0249569416046143,0.01452,3.369264125823976,3.3795699999999997
0.0049889087677002,0.00498899999999999,0.00808095932006836,0.00808600000000001,0.0278279781341553,0.027823,3.5309209823608447,3.531504
Average,0.005212942759195964,0.005212666666666664,0.008214712142944336,0.00821766666666667,0.025560935338338236,0.02208033333333333,3.568543752034509,3.565314666666667
