LoadRulesRealTime,LoadRulesCPUTime,LoadFactsRealTime,LoadFactsCPUTime,QueryRealTime,QueryCPUTime,WriteRealTime,WriteCPUTime
0.00118589401245117,0.000552,0.00110507011413574,0.000750000000000001,0.0324680805206299,0.031327,0.2743339538574221,0.269717
0.00117301940917969,0.000554000000000001,0.0010838508605957,0.000738000000000001,0.032757043838501,0.031531,0.28564095497131303,0.27317899999999995
0.00115394592285156,0.000546000000000001,0.00110197067260742,0.000744,0.0325531959533691,0.031409,0.2727458477020269,0.270985
0.00116395950317383,0.000545,0.00109601020812988,0.000739999999999999,0.0327351093292236,0.031563,0.27390789985656744,0.270739
0.00114893913269043,0.000546999999999999,0.00109410285949707,0.000734,0.0328118801116943,0.031517,0.2685952186584477,0.265856
Average,0.001165151596069336,0.0005488000000000001,0.0010962009429931622,0.0007412000000000001,0.032665061950683576,0.0314694,0.2750447750091555,0.2700952
