LoadRulesRealTime,LoadRulesCPUTime,LoadFactsRealTime,LoadFactsCPUTime,QueryRealTime,QueryCPUTime,WriteRealTime,WriteCPUTime
0.00117087364196777,0.00055,0.000957012176513672,0.000593,1.80975794792175,1.804465,0.15163803100586004,0.15049500000000005
0.00115799903869629,0.000554000000000001,0.000946044921875,0.000598,1.81162309646606,1.807447,0.1974148750305198,0.17649399999999993
0.0011599063873291,0.00055,0.000936985015869141,0.000592000000000001,1.807293176651,1.802768,0.14093089103698997,0.14024999999999999
0.00116491317749023,0.000557,0.000936031341552734,0.000591,1.80575799942017,1.800898,0.1466929912567101,0.1389689999999999
0.00119495391845703,0.000556000000000001,0.000948905944824219,0.000588,1.79875302314758,1.79373,0.1617269515991202,0.1597519999999999
Average,0.001169729232788084,0.0005534000000000004,0.0009449958801269531,0.0005924000000000002,1.8066370487213121,1.8018616,0.15968074798584003,0.15319199999999994
