LoadRulesRealTime,LoadRulesCPUTime,LoadFactsRealTime,LoadFactsCPUTime,QueryRealTime,QueryCPUTime,WriteRealTime,WriteCPUTime
0.000926017761230469,0.000543,0.0013129711151123,0.000848,0.0413150787353516,0.039926,0.3418619632720944,0.33633399999999997
0.000911951065063477,0.000548999999999999,0.00104284286499023,0.000824999999999999,0.0423521995544434,0.040468,0.35467100143432656,0.34004
0.000903129577636719,0.000539,0.0010378360748291,0.000819,0.0412781238555908,0.039897,0.3506169319152832,0.34336099999999997
0.00089716911315918,0.000541,0.00102496147155762,0.000812,0.0417828559875488,0.040405,0.34305214881897017,0.339524
0.000916004180908203,0.000557,0.00106215476989746,0.000824999999999999,0.0417568683624268,0.040145,0.3418462276458742,0.33881100000000003
Average,0.0009108543395996095,0.0005457999999999997,0.001096153259277342,0.0008257999999999996,0.04169702529907228,0.0401682,0.3464096546173097,0.33961399999999997
