LoadRulesRealTime,LoadRulesCPUTime,LoadFactsRealTime,LoadFactsCPUTime,QueryRealTime,QueryCPUTime,WriteRealTime,WriteCPUTime
0.000924825668334961,0.000545,0.000853061676025391,0.000437,0.00794410705566406,0.007629,0.06905984878540043,0.067091
0.000901222229003906,0.000538,0.000625848770141602,0.000430999999999999,0.00766706466674805,0.007425,0.06820893287658696,0.067309
0.000903129577636719,0.000543999999999999,0.000618934631347656,0.000429000000000001,0.00769209861755371,0.007456,0.0677480697631836,0.067078
0.000903844833374023,0.000542999999999998,0.000612974166870117,0.000426000000000001,0.00771212577819824,0.007477,0.06816387176513676,0.06757400000000001
0.000900030136108398,0.000541,0.000622987747192383,0.000428999999999999,0.00786995887756348,0.007604,0.06784582138061522,0.06728
Average,0.0009066104888916014,0.0005421999999999994,0.0006667613983154299,0.00043039999999999994,0.007777070999145508,0.0075182,0.0682053089141846,0.0672664
