LoadRulesRealTime,LoadRulesCPUTime,LoadFactsRealTime,LoadFactsCPUTime,QueryRealTime,QueryCPUTime,WriteRealTime,WriteCPUTime
0.000915050506591797,0.000543999999999999,0.000420093536376953,0.000232,0.000918865203857422,0.00086,0.009757041931152378,0.009436
0.000925064086914062,0.00055,0.0004119873046875,0.000234,0.000929832458496094,0.000856000000000001,0.009670972824096706,0.009333
0.000903844833374023,0.000541999999999999,0.000416040420532227,0.000233000000000001,0.000936985015869141,0.000864,0.00977683067321776,0.009445
0.000905036926269531,0.000542999999999998,0.000414133071899414,0.000234000000000002,0.000928878784179688,0.000858999999999999,0.010407209396362313,0.01007
0.000921010971069336,0.000539,0.000411033630371094,0.000230000000000001,0.000922918319702148,0.000853999999999999,0.009621143341064451,0.009275000000000002
Average,0.0009140014648437499,0.0005435999999999992,0.0004146575927734377,0.00023260000000000083,0.0009274959564208986,0.0008585999999999998,0.009846639633178722,0.0095118
