LoadRulesRealTime,LoadRulesCPUTime,LoadFactsRealTime,LoadFactsCPUTime,QueryRealTime,QueryCPUTime,WriteRealTime,WriteCPUTime
0.000912189483642578,0.000540000000000001,0.000339984893798828,0.000156,0.000123977661132812,0.000115000000000001,0.001313924789428708,0.001093999999999999
0.00101304054260254,0.000554000000000001,0.000329971313476562,0.000156,0.000121116638183594,0.000113,0.001320838928222656,0.001098
0.000887870788574219,0.000539,0.00032806396484375,0.000154,0.000123023986816406,0.000114000000000001,0.001291990280151364,0.001091999999999999
0.000912189483642578,0.000545,0.000318765640258789,0.000152999999999999,0.00012516975402832,0.000116000000000002,0.0012848377227783199,0.001075999999999998
0.000918865203857422,0.000539999999999999,0.000339031219482422,0.000156,0.000123023986816406,0.000113,0.001251935958862304,0.001067
Average,0.0009288311004638673,0.0005436000000000002,0.0003311634063720702,0.0001549999999999998,0.00012326240539550762,0.0001142000000000008,0.0012927055358886704,0.0010853999999999992
