LoadRulesRealTime,LoadRulesCPUTime,LoadFactsRealTime,LoadFactsCPUTime,QueryRealTime,QueryCPUTime,WriteRealTime,WriteCPUTime
0.00118494033813477,0.000550999999999999,0.00102519989013672,0.000665000000000001,0.0251338481903076,0.024276,0.20087623596191442,0.197266
0.0011601448059082,0.000546,0.00101280212402344,0.000661,0.0251090526580811,0.024149,0.2038161754608149,0.201446
0.0011599063873291,0.000549000000000001,0.00101590156555176,0.000664,0.0255270004272461,0.02437,0.21125793457031292,0.19955599999999998
0.00117397308349609,0.000552,0.00105118751525879,0.000689,0.0252017974853516,0.024227,0.1989171504974364,0.19659000000000001
0.00118780136108398,0.000550999999999999,0.00104999542236328,0.000679000000000001,0.0249199867248535,0.023949,0.20055818557739252,0.197091
Average,0.001173353195190428,0.0005497999999999998,0.0010310173034667979,0.0006716000000000003,0.02517833709716798,0.0241942,0.20308513641357423,0.1983898
