LoadRulesRealTime,LoadRulesCPUTime,LoadFactsRealTime,LoadFactsCPUTime,QueryRealTime,QueryCPUTime,WriteRealTime,WriteCPUTime
0.00525808334350586,0.003756,0.00395703315734863,0.003503,0.00309181213378906,0.003092,0.547234058380127,0.547337
0.00501894950866699,0.00502,0.00381803512573242,0.00380100000000001,0.0035250186920166,0.00352699999999999,0.4840760231018064,0.484103
0.00548100471496582,0.005481,0.00351595878601074,0.00351700000000001,0.00392699241638184,0.003928,0.4989321231842042,0.498991
Average,0.005252679189046224,0.004752333333333333,0.0037636756896972635,0.0036070000000000065,0.0035146077473958335,0.0035156666666666635,0.5100807348887125,0.5101436666666667
