LoadRulesRealTime,LoadRulesCPUTime,LoadFactsRealTime,LoadFactsCPUTime,QueryRealTime,QueryCPUTime,WriteRealTime,WriteCPUTime
0.00119209289550781,0.000550999999999999,0.00126194953918457,0.000685,0.0196640491485596,0.018204,0.1986660957336424,0.195359
0.00127410888671875,0.000557,0.00108003616333008,0.000665000000000001,0.0197820663452148,0.018286,0.20308494567871122,0.198239
0.00121402740478516,0.000572,0.00103497505187988,0.000680999999999999,0.0206329822540283,0.018769,0.20594382286071772,0.201042
0.0011749267578125,0.000553,0.00103402137756348,0.00068,0.0197370052337646,0.018271,0.1984930038452144,0.19705699999999998
0.00120019912719727,0.000570000000000001,0.00102090835571289,0.000668,0.0197288990020752,0.018203,0.1989941596984868,0.196696
Average,0.0012110710144042978,0.0005606,0.00108637809753418,0.0006758000000000001,0.0199090003967285,0.018346599999999998,0.2010364055633545,0.1976786
