LoadRulesRealTime,LoadRulesCPUTime,LoadFactsRealTime,LoadFactsCPUTime,QueryRealTime,QueryCPUTime,WriteRealTime,WriteCPUTime
0.00435185432434082,0.004351,0.00238418579101562,0.00190799999999999,0.000336885452270508,0.000334000000000001,0.04961919784545899,0.048813999999999996
0.00418305397033691,0.002789,0.0015108585357666,0.00100699999999999,0.000324010848999023,0.000216000000000001,0.05147981643676758,0.051564
0.00489521026611328,0.00489600000000001,0.0019068717956543,0.00190699999999999,0.000356912612915039,0.000356999999999996,0.06461501121520996,0.061454
Average,0.004476706186930337,0.0040120000000000025,0.0019339720408121733,0.0016073333333333235,0.0003392696380615234,0.0003023333333333327,0.05523800849914551,0.053944
