LoadRulesRealTime,LoadRulesCPUTime,LoadFactsRealTime,LoadFactsCPUTime,QueryRealTime,QueryCPUTime,WriteRealTime,WriteCPUTime
0.000915050506591797,0.000546,0.00117087364196777,0.000696,0.0246069431304932,0.023747,0.21000909805297882,0.203745
0.000906944274902344,0.000543,0.000867128372192383,0.000653000000000001,0.024946928024292,0.024214,0.21622109413147,0.20474799999999999
0.000897884368896484,0.000541,0.000869035720825195,0.000657,0.024791955947876,0.023987,0.206451892852783,0.205128
0.000921964645385742,0.000543,0.000900983810424805,0.000666,0.0250020027160645,0.02399,0.2088110446929935,0.205227
0.000905036926269531,0.000539,0.000890970230102539,0.000667000000000001,0.0250859260559082,0.02415,0.2066049575805668,0.204462
Average,0.0009093761444091796,0.0005424,0.0009397983551025383,0.0006678000000000003,0.02488675117492678,0.024017600000000004,0.20961961746215843,0.20466199999999998
