LoadRulesRealTime,LoadRulesCPUTime,LoadFactsRealTime,LoadFactsCPUTime,QueryRealTime,QueryCPUTime,WriteRealTime,WriteCPUTime
0.00119709968566895,0.000555,0.000601053237915039,0.000272000000000001,0.00176405906677246,0.001697,0.02646899223327634,0.016703
0.0011599063873291,0.000548999999999999,0.000594139099121094,0.000273000000000001,0.00176692008972168,0.001698,0.01737213134765622,0.016901
0.00114297866821289,0.000543999999999999,0.000601053237915039,0.000275000000000001,0.00185608863830566,0.001786,0.017379760742187538,0.016923
0.00114893913269043,0.000547000000000001,0.000597000122070312,0.000274,0.00175905227661133,0.001695,0.01732397079467777,0.016896
0.00114607810974121,0.000548,0.000598907470703125,0.000278,0.00174999237060547,0.001677,0.017372131347656233,0.016863999999999997
Average,0.001159000396728516,0.0005485999999999998,0.0005984306335449218,0.0002744000000000006,0.00177922248840332,0.0017106,0.019183397293090824,0.0168574
