LoadRulesRealTime,LoadRulesCPUTime,LoadFactsRealTime,LoadFactsCPUTime,QueryRealTime,QueryCPUTime,WriteRealTime,WriteCPUTime
0.00092005729675293,0.000546999999999999,0.000729799270629883,0.000304,0.00179314613342285,0.001699,0.01718783378601075,0.016768
0.000870943069458008,0.00052,0.000452995300292969,0.000272999999999999,0.00175690650939941,0.001698,0.01708602905273439,0.016727
0.000904083251953125,0.000540000000000001,0.000451803207397461,0.000269,0.00177097320556641,0.001707,0.01739406585693359,0.017016
0.000908851623535156,0.000538,0.000451087951660156,0.000272999999999999,0.00177311897277832,0.001712,0.01761484146118168,0.017169999999999998
0.000910043716430664,0.000539999999999999,0.000452995300292969,0.000274,0.00176000595092773,0.001695,0.017178058624267568,0.016782000000000002
Average,0.0009027957916259765,0.0005369999999999998,0.0005077362060546876,0.00027859999999999956,0.001770830154418944,0.0017021999999999999,0.017292165756225594,0.0168926
