Query: query1
384, 448
384, 385
384, 449
384, 386
384, 450
384, 387
384, 388
384, 389
384, 390
384, 391
384, 392
384, 393
384, 394
384, 395
384, 396
384, 397
384, 398
384, 399
384, 400
384, 401
384, 402
384, 403
384, 404
384, 405
384, 406
384, 407
384, 408
384, 409
384, 410
384, 411
384, 412
384, 413
384, 414
384, 415
384, 416
384, 417
384, 418
384, 419
384, 420
384, 421
384, 422
384, 423
384, 424
384, 425
384, 426
384, 427
384, 428
384, 429
384, 430
384, 431
384, 432
384, 433
384, 434
384, 435
384, 436
384, 437
384, 438
384, 439
384, 440
384, 441
384, 442
384, 443
384, 444
384, 445
384, 446
384, 447
128, 384
128, 256
128, 257
128, 385
128, 129
128, 130
128, 258
128, 386
128, 387
128, 259
128, 131
128, 132
128, 388
128, 260
128, 133
128, 261
128, 389
128, 134
128, 390
128, 262
128, 135
128, 263
128, 391
128, 136
128, 392
128, 264
128, 137
128, 265
128, 393
128, 138
128, 394
128, 266
128, 139
128, 267
128, 395
128, 140
128, 396
128, 268
128, 141
128, 269
128, 397
128, 142
128, 398
128, 270
128, 143
128, 271
128, 399
128, 144
128, 400
128, 272
128, 145
128, 273
128, 401
128, 146
128, 402
128, 274
128, 147
128, 275
128, 403
128, 148
128, 404
128, 276
128, 149
128, 277
128, 405
128, 150
128, 406
128, 278
128, 151
128, 279
128, 407
128, 152
128, 408
128, 280
128, 153
128, 281
128, 409
128, 154
128, 410
128, 282
128, 155
128, 283
128, 411
128, 156
128, 412
128, 284
128, 157
128, 285
128, 413
128, 158
128, 414
128, 286
128, 159
128, 287
128, 415
128, 160
128, 416
128, 288
128, 161
128, 289
128, 417
128, 162
128, 418
128, 290
128, 163
128, 291
128, 419
128, 164
128, 420
128, 292
128, 165
128, 293
128, 421
128, 166
128, 422
128, 294
128, 167
128, 295
128, 423
128, 168
128, 424
128, 296
128, 169
128, 297
128, 425
128, 170
128, 426
128, 298
128, 171
128, 299
128, 427
128, 172
128, 428
128, 300
128, 173
128, 301
128, 429
128, 174
128, 430
128, 302
128, 175
128, 303
128, 431
128, 176
128, 432
128, 304
128, 177
128, 305
128, 433
128, 178
128, 434
128, 306
128, 179
128, 307
128, 435
128, 180
128, 436
128, 308
128, 181
128, 309
128, 437
128, 182
128, 438
128, 310
128, 183
128, 311
128, 439
128, 184
128, 440
128, 312
128, 185
128, 313
128, 441
128, 186
128, 442
128, 314
128, 187
128, 315
128, 443
128, 188
128, 444
128, 316
128, 189
128, 317
128, 445
128, 190
128, 446
128, 318
128, 191
128, 319
128, 447
128, 448
128, 320
128, 192
128, 193
128, 449
128, 321
128, 450
128, 322
128, 194
128, 195
128, 323
128, 324
128, 196
128, 197
128, 325
128, 326
128, 198
128, 199
128, 327
128, 328
128, 200
128, 201
128, 329
128, 330
128, 202
128, 203
128, 331
128, 332
128, 204
128, 205
128, 333
128, 334
128, 206
128, 207
128, 335
128, 336
128, 208
128, 209
128, 337
128, 338
128, 210
128, 211
128, 339
128, 340
128, 212
128, 213
128, 341
128, 342
128, 214
128, 215
128, 343
128, 344
128, 216
128, 217
128, 345
128, 346
128, 218
128, 219
128, 347
128, 348
128, 220
128, 221
128, 349
128, 350
128, 222
128, 223
128, 351
128, 352
128, 224
128, 225
128, 353
128, 354
128, 226
128, 227
128, 355
128, 356
128, 228
128, 229
128, 357
128, 358
128, 230
128, 231
128, 359
128, 360
128, 232
128, 233
128, 361
128, 362
128, 234
128, 235
128, 363
128, 364
128, 236
128, 237
128, 365
128, 366
128, 238
128, 239
128, 367
128, 368
128, 240
128, 241
128, 369
128, 370
128, 242
128, 243
128, 371
128, 372
128, 244
128, 245
128, 373
128, 374
128, 246
128, 247
128, 375
128, 376
128, 248
128, 249
128, 377
128, 378
128, 250
128, 251
128, 379
128, 380
128, 252
128, 253
128, 381
128, 382
128, 254
128, 255
128, 383
256, 320
256, 384
256, 448
256, 257
256, 321
256, 385
256, 449
256, 322
256, 450
256, 386
256, 258
256, 387
256, 323
256, 259
256, 260
256, 388
256, 324
256, 389
256, 325
256, 261
256, 262
256, 326
256, 390
256, 391
256, 327
256, 263
256, 264
256, 328
256, 392
256, 393
256, 329
256, 265
256, 266
256, 330
256, 394
256, 395
256, 331
256, 267
256, 268
256, 332
256, 396
256, 397
256, 333
256, 269
256, 270
256, 334
256, 398
256, 399
256, 335
256, 271
256, 272
256, 336
256, 400
256, 401
256, 337
256, 273
256, 274
256, 338
256, 402
256, 403
256, 339
256, 275
256, 276
256, 340
256, 404
256, 405
256, 341
256, 277
256, 278
256, 342
256, 406
256, 407
256, 343
256, 279
256, 280
256, 344
256, 408
256, 409
256, 345
256, 281
256, 282
256, 346
256, 410
256, 411
256, 347
256, 283
256, 284
256, 348
256, 412
256, 413
256, 349
256, 285
256, 286
256, 350
256, 414
256, 415
256, 351
256, 287
256, 288
256, 352
256, 416
256, 417
256, 353
256, 289
256, 290
256, 354
256, 418
256, 419
256, 355
256, 291
256, 292
256, 356
256, 420
256, 421
256, 357
256, 293
256, 294
256, 358
256, 422
256, 423
256, 359
256, 295
256, 296
256, 360
256, 424
256, 425
256, 361
256, 297
256, 298
256, 362
256, 426
256, 427
256, 363
256, 299
256, 300
256, 364
256, 428
256, 429
256, 365
256, 301
256, 302
256, 366
256, 430
256, 431
256, 367
256, 303
256, 304
256, 368
256, 432
256, 433
256, 369
256, 305
256, 306
256, 370
256, 434
256, 435
256, 371
256, 307
256, 308
256, 372
256, 436
256, 437
256, 373
256, 309
256, 310
256, 374
256, 438
256, 439
256, 375
256, 311
256, 312
256, 376
256, 440
256, 441
256, 377
256, 313
256, 314
256, 378
256, 442
256, 443
256, 379
256, 315
256, 316
256, 380
256, 444
256, 445
256, 381
256, 317
256, 318
256, 382
256, 446
256, 447
256, 383
256, 319
385, 448
385, 449
385, 386
385, 450
385, 387
385, 388
385, 389
385, 390
385, 391
385, 392
385, 393
385, 394
385, 395
385, 396
385, 397
385, 398
385, 399
385, 400
385, 401
385, 402
385, 403
385, 404
385, 405
385, 406
385, 407
385, 408
385, 409
385, 410
385, 411
385, 412
385, 413
385, 414
385, 415
385, 416
385, 417
385, 418
385, 419
385, 420
385, 421
385, 422
385, 423
385, 424
385, 425
385, 426
385, 427
385, 428
385, 429
385, 430
385, 431
385, 432
385, 433
385, 434
385, 435
385, 436
385, 437
385, 438
385, 439
385, 440
385, 441
385, 442
385, 443
385, 444
385, 445
385, 446
385, 447
1, 256
1, 384
1, 128
1, 129
1, 385
1, 257
1, 386
1, 258
1, 2
1, 130
1, 3
1, 387
1, 259
1, 131
1, 4
1, 132
1, 388
1, 260
1, 5
1, 133
1, 261
1, 389
1, 6
1, 134
1, 390
1, 262
1, 7
1, 135
1, 263
1, 391
1, 8
1, 136
1, 392
1, 264
1, 9
1, 137
1, 265
1, 393
1, 10
1, 138
1, 394
1, 266
1, 11
1, 139
1, 267
1, 395
1, 12
1, 140
1, 396
1, 268
1, 13
1, 141
1, 269
1, 397
1, 14
1, 142
1, 398
1, 270
1, 15
1, 143
1, 271
1, 399
1, 16
1, 144
1, 400
1, 272
1, 17
1, 145
1, 273
1, 401
1, 18
1, 146
1, 402
1, 274
1, 19
1, 147
1, 275
1, 403
1, 20
1, 148
1, 404
1, 276
1, 21
1, 149
1, 277
1, 405
1, 22
1, 150
1, 406
1, 278
1, 23
1, 151
1, 279
1, 407
1, 24
1, 152
1, 408
1, 280
1, 25
1, 153
1, 281
1, 409
1, 26
1, 154
1, 410
1, 282
1, 27
1, 155
1, 283
1, 411
1, 28
1, 156
1, 412
1, 284
1, 29
1, 157
1, 285
1, 413
1, 30
1, 158
1, 414
1, 286
1, 31
1, 159
1, 287
1, 415
1, 32
1, 160
1, 416
1, 288
1, 33
1, 161
1, 289
1, 417
1, 34
1, 162
1, 418
1, 290
1, 35
1, 163
1, 291
1, 419
1, 36
1, 164
1, 420
1, 292
1, 37
1, 165
1, 293
1, 421
1, 38
1, 166
1, 422
1, 294
1, 39
1, 167
1, 295
1, 423
1, 40
1, 168
1, 424
1, 296
1, 41
1, 169
1, 297
1, 425
1, 42
1, 170
1, 426
1, 298
1, 43
1, 171
1, 299
1, 427
1, 44
1, 172
1, 428
1, 300
1, 45
1, 173
1, 301
1, 429
1, 46
1, 174
1, 430
1, 302
1, 47
1, 175
1, 303
1, 431
1, 48
1, 176
1, 432
1, 304
1, 49
1, 177
1, 305
1, 433
1, 50
1, 178
1, 434
1, 306
1, 51
1, 179
1, 307
1, 435
1, 52
1, 180
1, 436
1, 308
1, 53
1, 181
1, 309
1, 437
1, 54
1, 182
1, 438
1, 310
1, 55
1, 183
1, 311
1, 439
1, 56
1, 184
1, 440
1, 312
1, 57
1, 185
1, 313
1, 441
1, 58
1, 186
1, 442
1, 314
1, 59
1, 187
1, 315
1, 443
1, 60
1, 188
1, 444
1, 316
1, 61
1, 189
1, 317
1, 445
1, 62
1, 190
1, 446
1, 318
1, 63
1, 191
1, 319
1, 447
1, 448
1, 320
1, 192
1, 64
1, 65
1, 321
1, 449
1, 193
1, 194
1, 322
1, 450
1, 66
1, 67
1, 323
1, 195
1, 196
1, 324
1, 68
1, 69
1, 325
1, 197
1, 198
1, 326
1, 70
1, 71
1, 327
1, 199
1, 200
1, 328
1, 72
1, 73
1, 329
1, 201
1, 202
1, 330
1, 74
1, 75
1, 331
1, 203
1, 204
1, 332
1, 76
1, 77
1, 333
1, 205
1, 206
1, 334
1, 78
1, 79
1, 335
1, 207
1, 208
1, 336
1, 80
1, 81
1, 337
1, 209
1, 210
1, 338
1, 82
1, 83
1, 339
1, 211
1, 212
1, 340
1, 84
1, 85
1, 341
1, 213
1, 214
1, 342
1, 86
1, 87
1, 343
1, 215
1, 216
1, 344
1, 88
1, 89
1, 345
1, 217
1, 218
1, 346
1, 90
1, 91
1, 347
1, 219
1, 220
1, 348
1, 92
1, 93
1, 349
1, 221
1, 222
1, 350
1, 94
1, 95
1, 351
1, 223
1, 224
1, 352
1, 96
1, 97
1, 353
1, 225
1, 226
1, 354
1, 98
1, 99
1, 355
1, 227
1, 228
1, 356
1, 100
1, 101
1, 357
1, 229
1, 230
1, 358
1, 102
1, 103
1, 359
1, 231
1, 232
1, 360
1, 104
1, 105
1, 361
1, 233
1, 234
1, 362
1, 106
1, 107
1, 363
1, 235
1, 236
1, 364
1, 108
1, 109
1, 365
1, 237
1, 238
1, 366
1, 110
1, 111
1, 367
1, 239
1, 240
1, 368
1, 112
1, 113
1, 369
1, 241
1, 242
1, 370
1, 114
1, 115
1, 371
1, 243
1, 244
1, 372
1, 116
1, 117
1, 373
1, 245
1, 246
1, 374
1, 118
1, 119
1, 375
1, 247
1, 248
1, 376
1, 120
1, 121
1, 377
1, 249
1, 250
1, 378
1, 122
1, 123
1, 379
1, 251
1, 252
1, 380
1, 124
1, 125
1, 381
1, 253
1, 254
1, 382
1, 126
1, 127
1, 383
1, 255
129, 256
129, 384
129, 385
129, 257
129, 386
129, 258
129, 130
129, 387
129, 259
129, 131
129, 132
129, 388
129, 260
129, 133
129, 261
129, 389
129, 134
129, 390
129, 262
129, 135
129, 263
129, 391
129, 136
129, 392
129, 264
129, 137
129, 265
129, 393
129, 138
129, 394
129, 266
129, 139
129, 267
129, 395
129, 140
129, 396
129, 268
129, 141
129, 269
129, 397
129, 142
129, 398
129, 270
129, 143
129, 271
129, 399
129, 144
129, 400
129, 272
129, 145
129, 273
129, 401
129, 146
129, 402
129, 274
129, 147
129, 275
129, 403
129, 148
129, 404
129, 276
129, 149
129, 277
129, 405
129, 150
129, 406
129, 278
129, 151
129, 279
129, 407
129, 152
129, 408
129, 280
129, 153
129, 281
129, 409
129, 154
129, 410
129, 282
129, 155
129, 283
129, 411
129, 156
129, 412
129, 284
129, 157
129, 285
129, 413
129, 158
129, 414
129, 286
129, 159
129, 287
129, 415
129, 160
129, 416
129, 288
129, 161
129, 289
129, 417
129, 162
129, 418
129, 290
129, 163
129, 291
129, 419
129, 164
129, 420
129, 292
129, 165
129, 293
129, 421
129, 166
129, 422
129, 294
129, 167
129, 295
129, 423
129, 168
129, 424
129, 296
129, 169
129, 297
129, 425
129, 170
129, 426
129, 298
129, 171
129, 299
129, 427
129, 172
129, 428
129, 300
129, 173
129, 301
129, 429
129, 174
129, 430
129, 302
129, 175
129, 303
129, 431
129, 176
129, 432
129, 304
129, 177
129, 305
129, 433
129, 178
129, 434
129, 306
129, 179
129, 307
129, 435
129, 180
129, 436
129, 308
129, 181
129, 309
129, 437
129, 182
129, 438
129, 310
129, 183
129, 311
129, 439
129, 184
129, 440
129, 312
129, 185
129, 313
129, 441
129, 186
129, 442
129, 314
129, 187
129, 315
129, 443
129, 188
129, 444
129, 316
129, 189
129, 317
129, 445
129, 190
129, 446
129, 318
129, 191
129, 319
129, 447
129, 448
129, 320
129, 192
129, 321
129, 449
129, 193
129, 194
129, 322
129, 450
129, 323
129, 195
129, 196
129, 324
129, 325
129, 197
129, 198
129, 326
129, 327
129, 199
129, 200
129, 328
129, 329
129, 201
129, 202
129, 330
129, 331
129, 203
129, 204
129, 332
129, 333
129, 205
129, 206
129, 334
129, 335
129, 207
129, 208
129, 336
129, 337
129, 209
129, 210
129, 338
129, 339
129, 211
129, 212
129, 340
129, 341
129, 213
129, 214
129, 342
129, 343
129, 215
129, 216
129, 344
129, 345
129, 217
129, 218
129, 346
129, 347
129, 219
129, 220
129, 348
129, 349
129, 221
129, 222
129, 350
129, 351
129, 223
129, 224
129, 352
129, 353
129, 225
129, 226
129, 354
129, 355
129, 227
129, 228
129, 356
129, 357
129, 229
129, 230
129, 358
129, 359
129, 231
129, 232
129, 360
129, 361
129, 233
129, 234
129, 362
129, 363
129, 235
129, 236
129, 364
129, 365
129, 237
129, 238
129, 366
129, 367
129, 239
129, 240
129, 368
129, 369
129, 241
129, 242
129, 370
129, 371
129, 243
129, 244
129, 372
129, 373
129, 245
129, 246
129, 374
129, 375
129, 247
129, 248
129, 376
129, 377
129, 249
129, 250
129, 378
129, 379
129, 251
129, 252
129, 380
129, 381
129, 253
129, 254
129, 382
129, 383
129, 255
257, 320
257, 384
257, 448
257, 321
257, 385
257, 449
257, 386
257, 258
257, 450
257, 322
257, 259
257, 323
257, 387
257, 324
257, 388
257, 260
257, 261
257, 325
257, 389
257, 390
257, 326
257, 262
257, 263
257, 327
257, 391
257, 392
257, 328
257, 264
257, 265
257, 329
257, 393
257, 394
257, 330
257, 266
257, 267
257, 331
257, 395
257, 396
257, 332
257, 268
257, 269
257, 333
257, 397
257, 398
257, 334
257, 270
257, 271
257, 335
257, 399
257, 400
257, 336
257, 272
257, 273
257, 337
257, 401
257, 402
257, 338
257, 274
257, 275
257, 339
257, 403
257, 404
257, 340
257, 276
257, 277
257, 341
257, 405
257, 406
257, 342
257, 278
257, 279
257, 343
257, 407
257, 408
257, 344
257, 280
257, 281
257, 345
257, 409
257, 410
257, 346
257, 282
257, 283
257, 347
257, 411
257, 412
257, 348
257, 284
257, 285
257, 349
257, 413
257, 414
257, 350
257, 286
257, 287
257, 351
257, 415
257, 416
257, 352
257, 288
257, 289
257, 353
257, 417
257, 418
257, 354
257, 290
257, 291
257, 355
257, 419
257, 420
257, 356
257, 292
257, 293
257, 357
257, 421
257, 422
257, 358
257, 294
257, 295
257, 359
257, 423
257, 424
257, 360
257, 296
257, 297
257, 361
257, 425
257, 426
257, 362
257, 298
257, 299
257, 363
257, 427
257, 428
257, 364
257, 300
257, 301
257, 365
257, 429
257, 430
257, 366
257, 302
257, 303
257, 367
257, 431
257, 432
257, 368
257, 304
257, 305
257, 369
257, 433
257, 434
257, 370
257, 306
257, 307
257, 371
257, 435
257, 436
257, 372
257, 308
257, 309
257, 373
257, 437
257, 438
257, 374
257, 310
257, 311
257, 375
257, 439
257, 440
257, 376
257, 312
257, 313
257, 377
257, 441
257, 442
257, 378
257, 314
257, 315
257, 379
257, 443
257, 444
257, 380
257, 316
257, 317
257, 381
257, 445
257, 446
257, 382
257, 318
257, 319
257, 383
257, 447
386, 448
386, 449
386, 450
386, 387
386, 388
386, 389
386, 390
386, 391
386, 392
386, 393
386, 394
386, 395
386, 396
386, 397
386, 398
386, 399
386, 400
386, 401
386, 402
386, 403
386, 404
386, 405
386, 406
386, 407
386, 408
386, 409
386, 410
386, 411
386, 412
386, 413
386, 414
386, 415
386, 416
386, 417
386, 418
386, 419
386, 420
386, 421
386, 422
386, 423
386, 424
386, 425
386, 426
386, 427
386, 428
386, 429
386, 430
386, 431
386, 432
386, 433
386, 434
386, 435
386, 436
386, 437
386, 438
386, 439
386, 440
386, 441
386, 442
386, 443
386, 444
386, 445
386, 446
386, 447
258, 320
258, 384
258, 448
258, 321
258, 385
258, 449
258, 450
258, 322
258, 386
258, 387
258, 323
258, 259
258, 260
258, 388
258, 324
258, 389
258, 325
258, 261
258, 262
258, 326
258, 390
258, 391
258, 327
258, 263
258, 264
258, 328
258, 392
258, 393
258, 329
258, 265
258, 266
258, 330
258, 394
258, 395
258, 331
258, 267
258, 268
258, 332
258, 396
258, 397
258, 333
258, 269
258, 270
258, 334
258, 398
258, 399
258, 335
258, 271
258, 272
258, 336
258, 400
258, 401
258, 337
258, 273
258, 274
258, 338
258, 402
258, 403
258, 339
258, 275
258, 276
258, 340
258, 404
258, 405
258, 341
258, 277
258, 278
258, 342
258, 406
258, 407
258, 343
258, 279
258, 280
258, 344
258, 408
258, 409
258, 345
258, 281
258, 282
258, 346
258, 410
258, 411
258, 347
258, 283
258, 284
258, 348
258, 412
258, 413
258, 349
258, 285
258, 286
258, 350
258, 414
258, 415
258, 351
258, 287
258, 288
258, 352
258, 416
258, 417
258, 353
258, 289
258, 290
258, 354
258, 418
258, 419
258, 355
258, 291
258, 292
258, 356
258, 420
258, 421
258, 357
258, 293
258, 294
258, 358
258, 422
258, 423
258, 359
258, 295
258, 296
258, 360
258, 424
258, 425
258, 361
258, 297
258, 298
258, 362
258, 426
258, 427
258, 363
258, 299
258, 300
258, 364
258, 428
258, 429
258, 365
258, 301
258, 302
258, 366
258, 430
258, 431
258, 367
258, 303
258, 304
258, 368
258, 432
258, 433
258, 369
258, 305
258, 306
258, 370
258, 434
258, 435
258, 371
258, 307
258, 308
258, 372
258, 436
258, 437
258, 373
258, 309
258, 310
258, 374
258, 438
258, 439
258, 375
258, 311
258, 312
258, 376
258, 440
258, 441
258, 377
258, 313
258, 314
258, 378
258, 442
258, 443
258, 379
258, 315
258, 316
258, 380
258, 444
258, 445
258, 381
258, 317
258, 318
258, 382
258, 446
258, 447
258, 383
258, 319
2, 128
2, 384
2, 256
2, 257
2, 385
2, 129
2, 258
2, 386
2, 130
2, 3
2, 387
2, 259
2, 131
2, 4
2, 132
2, 388
2, 260
2, 5
2, 133
2, 261
2, 389
2, 6
2, 134
2, 390
2, 262
2, 7
2, 135
2, 263
2, 391
2, 8
2, 136
2, 392
2, 264
2, 9
2, 137
2, 265
2, 393
2, 10
2, 138
2, 394
2, 266
2, 11
2, 139
2, 267
2, 395
2, 12
2, 140
2, 396
2, 268
2, 13
2, 141
2, 269
2, 397
2, 14
2, 142
2, 398
2, 270
2, 15
2, 143
2, 271
2, 399
2, 16
2, 144
2, 400
2, 272
2, 17
2, 145
2, 273
2, 401
2, 18
2, 146
2, 402
2, 274
2, 19
2, 147
2, 275
2, 403
2, 20
2, 148
2, 404
2, 276
2, 21
2, 149
2, 277
2, 405
2, 22
2, 150
2, 406
2, 278
2, 23
2, 151
2, 279
2, 407
2, 24
2, 152
2, 408
2, 280
2, 25
2, 153
2, 281
2, 409
2, 26
2, 154
2, 410
2, 282
2, 27
2, 155
2, 283
2, 411
2, 28
2, 156
2, 412
2, 284
2, 29
2, 157
2, 285
2, 413
2, 30
2, 158
2, 414
2, 286
2, 31
2, 159
2, 287
2, 415
2, 32
2, 160
2, 416
2, 288
2, 33
2, 161
2, 289
2, 417
2, 34
2, 162
2, 418
2, 290
2, 35
2, 163
2, 291
2, 419
2, 36
2, 164
2, 420
2, 292
2, 37
2, 165
2, 293
2, 421
2, 38
2, 166
2, 422
2, 294
2, 39
2, 167
2, 295
2, 423
2, 40
2, 168
2, 424
2, 296
2, 41
2, 169
2, 297
2, 425
2, 42
2, 170
2, 426
2, 298
2, 43
2, 171
2, 299
2, 427
2, 44
2, 172
2, 428
2, 300
2, 45
2, 173
2, 301
2, 429
2, 46
2, 174
2, 430
2, 302
2, 47
2, 175
2, 303
2, 431
2, 48
2, 176
2, 432
2, 304
2, 49
2, 177
2, 305
2, 433
2, 50
2, 178
2, 434
2, 306
2, 51
2, 179
2, 307
2, 435
2, 52
2, 180
2, 436
2, 308
2, 53
2, 181
2, 309
2, 437
2, 54
2, 182
2, 438
2, 310
2, 55
2, 183
2, 311
2, 439
2, 56
2, 184
2, 440
2, 312
2, 57
2, 185
2, 313
2, 441
2, 58
2, 186
2, 442
2, 314
2, 59
2, 187
2, 315
2, 443
2, 60
2, 188
2, 444
2, 316
2, 61
2, 189
2, 317
2, 445
2, 62
2, 190
2, 446
2, 318
2, 63
2, 191
2, 319
2, 447
2, 192
2, 64
2, 320
2, 448
2, 193
2, 449
2, 321
2, 65
2, 66
2, 450
2, 322
2, 194
2, 195
2, 323
2, 67
2, 68
2, 324
2, 196
2, 197
2, 325
2, 69
2, 70
2, 326
2, 198
2, 199
2, 327
2, 71
2, 72
2, 328
2, 200
2, 201
2, 329
2, 73
2, 74
2, 330
2, 202
2, 203
2, 331
2, 75
2, 76
2, 332
2, 204
2, 205
2, 333
2, 77
2, 78
2, 334
2, 206
2, 207
2, 335
2, 79
2, 80
2, 336
2, 208
2, 209
2, 337
2, 81
2, 82
2, 338
2, 210
2, 211
2, 339
2, 83
2, 84
2, 340
2, 212
2, 213
2, 341
2, 85
2, 86
2, 342
2, 214
2, 215
2, 343
2, 87
2, 88
2, 344
2, 216
2, 217
2, 345
2, 89
2, 90
2, 346
2, 218
2, 219
2, 347
2, 91
2, 92
2, 348
2, 220
2, 221
2, 349
2, 93
2, 94
2, 350
2, 222
2, 223
2, 351
2, 95
2, 96
2, 352
2, 224
2, 225
2, 353
2, 97
2, 98
2, 354
2, 226
2, 227
2, 355
2, 99
2, 100
2, 356
2, 228
2, 229
2, 357
2, 101
2, 102
2, 358
2, 230
2, 231
2, 359
2, 103
2, 104
2, 360
2, 232
2, 233
2, 361
2, 105
2, 106
2, 362
2, 234
2, 235
2, 363
2, 107
2, 108
2, 364
2, 236
2, 237
2, 365
2, 109
2, 110
2, 366
2, 238
2, 239
2, 367
2, 111
2, 112
2, 368
2, 240
2, 241
2, 369
2, 113
2, 114
2, 370
2, 242
2, 243
2, 371
2, 115
2, 116
2, 372
2, 244
2, 245
2, 373
2, 117
2, 118
2, 374
2, 246
2, 247
2, 375
2, 119
2, 120
2, 376
2, 248
2, 249
2, 377
2, 121
2, 122
2, 378
2, 250
2, 251
2, 379
2, 123
2, 124
2, 380
2, 252
2, 253
2, 381
2, 125
2, 126
2, 382
2, 254
2, 255
2, 383
2, 127
130, 384
130, 256
130, 257
130, 385
130, 258
130, 386
130, 259
130, 387
130, 131
130, 132
130, 388
130, 260
130, 133
130, 261
130, 389
130, 134
130, 390
130, 262
130, 135
130, 263
130, 391
130, 136
130, 392
130, 264
130, 137
130, 265
130, 393
130, 138
130, 394
130, 266
130, 139
130, 267
130, 395
130, 140
130, 396
130, 268
130, 141
130, 269
130, 397
130, 142
130, 398
130, 270
130, 143
130, 271
130, 399
130, 144
130, 400
130, 272
130, 145
130, 273
130, 401
130, 146
130, 402
130, 274
130, 147
130, 275
130, 403
130, 148
130, 404
130, 276
130, 149
130, 277
130, 405
130, 150
130, 406
130, 278
130, 151
130, 279
130, 407
130, 152
130, 408
130, 280
130, 153
130, 281
130, 409
130, 154
130, 410
130, 282
130, 155
130, 283
130, 411
130, 156
130, 412
130, 284
130, 157
130, 285
130, 413
130, 158
130, 414
130, 286
130, 159
130, 287
130, 415
130, 160
130, 416
130, 288
130, 161
130, 289
130, 417
130, 162
130, 418
130, 290
130, 163
130, 291
130, 419
130, 164
130, 420
130, 292
130, 165
130, 293
130, 421
130, 166
130, 422
130, 294
130, 167
130, 295
130, 423
130, 168
130, 424
130, 296
130, 169
130, 297
130, 425
130, 170
130, 426
130, 298
130, 171
130, 299
130, 427
130, 172
130, 428
130, 300
130, 173
130, 301
130, 429
130, 174
130, 430
130, 302
130, 175
130, 303
130, 431
130, 176
130, 432
130, 304
130, 177
130, 305
130, 433
130, 178
130, 434
130, 306
130, 179
130, 307
130, 435
130, 180
130, 436
130, 308
130, 181
130, 309
130, 437
130, 182
130, 438
130, 310
130, 183
130, 311
130, 439
130, 184
130, 440
130, 312
130, 185
130, 313
130, 441
130, 186
130, 442
130, 314
130, 187
130, 315
130, 443
130, 188
130, 444
130, 316
130, 189
130, 317
130, 445
130, 190
130, 446
130, 318
130, 191
130, 319
130, 447
130, 448
130, 320
130, 192
130, 193
130, 449
130, 321
130, 450
130, 322
130, 194
130, 195
130, 323
130, 324
130, 196
130, 197
130, 325
130, 326
130, 198
130, 199
130, 327
130, 328
130, 200
130, 201
130, 329
130, 330
130, 202
130, 203
130, 331
130, 332
130, 204
130, 205
130, 333
130, 334
130, 206
130, 207
130, 335
130, 336
130, 208
130, 209
130, 337
130, 338
130, 210
130, 211
130, 339
130, 340
130, 212
130, 213
130, 341
130, 342
130, 214
130, 215
130, 343
130, 344
130, 216
130, 217
130, 345
130, 346
130, 218
130, 219
130, 347
130, 348
130, 220
130, 221
130, 349
130, 350
130, 222
130, 223
130, 351
130, 352
130, 224
130, 225
130, 353
130, 354
130, 226
130, 227
130, 355
130, 356
130, 228
130, 229
130, 357
130, 358
130, 230
130, 231
130, 359
130, 360
130, 232
130, 233
130, 361
130, 362
130, 234
130, 235
130, 363
130, 364
130, 236
130, 237
130, 365
130, 366
130, 238
130, 239
130, 367
130, 368
130, 240
130, 241
130, 369
130, 370
130, 242
130, 243
130, 371
130, 372
130, 244
130, 245
130, 373
130, 374
130, 246
130, 247
130, 375
130, 376
130, 248
130, 249
130, 377
130, 378
130, 250
130, 251
130, 379
130, 380
130, 252
130, 253
130, 381
130, 382
130, 254
130, 255
130, 383
387, 448
387, 449
387, 450
387, 388
387, 389
387, 390
387, 391
387, 392
387, 393
387, 394
387, 395
387, 396
387, 397
387, 398
387, 399
387, 400
387, 401
387, 402
387, 403
387, 404
387, 405
387, 406
387, 407
387, 408
387, 409
387, 410
387, 411
387, 412
387, 413
387, 414
387, 415
387, 416
387, 417
387, 418
387, 419
387, 420
387, 421
387, 422
387, 423
387, 424
387, 425
387, 426
387, 427
387, 428
387, 429
387, 430
387, 431
387, 432
387, 433
387, 434
387, 435
387, 436
387, 437
387, 438
387, 439
387, 440
387, 441
387, 442
387, 443
387, 444
387, 445
387, 446
387, 447
259, 320
259, 384
259, 448
259, 321
259, 385
259, 449
259, 322
259, 386
259, 450
259, 323
259, 387
259, 324
259, 388
259, 260
259, 261
259, 325
259, 389
259, 390
259, 326
259, 262
259, 263
259, 327
259, 391
259, 392
259, 328
259, 264
259, 265
259, 329
259, 393
259, 394
259, 330
259, 266
259, 267
259, 331
259, 395
259, 396
259, 332
259, 268
259, 269
259, 333
259, 397
259, 398
259, 334
259, 270
259, 271
259, 335
259, 399
259, 400
259, 336
259, 272
259, 273
259, 337
259, 401
259, 402
259, 338
259, 274
259, 275
259, 339
259, 403
259, 404
259, 340
259, 276
259, 277
259, 341
259, 405
259, 406
259, 342
259, 278
259, 279
259, 343
259, 407
259, 408
259, 344
259, 280
259, 281
259, 345
259, 409
259, 410
259, 346
259, 282
259, 283
259, 347
259, 411
259, 412
259, 348
259, 284
259, 285
259, 349
259, 413
259, 414
259, 350
259, 286
259, 287
259, 351
259, 415
259, 416
259, 352
259, 288
259, 289
259, 353
259, 417
259, 418
259, 354
259, 290
259, 291
259, 355
259, 419
259, 420
259, 356
259, 292
259, 293
259, 357
259, 421
259, 422
259, 358
259, 294
259, 295
259, 359
259, 423
259, 424
259, 360
259, 296
259, 297
259, 361
259, 425
259, 426
259, 362
259, 298
259, 299
259, 363
259, 427
259, 428
259, 364
259, 300
259, 301
259, 365
259, 429
259, 430
259, 366
259, 302
259, 303
259, 367
259, 431
259, 432
259, 368
259, 304
259, 305
259, 369
259, 433
259, 434
259, 370
259, 306
259, 307
259, 371
259, 435
259, 436
259, 372
259, 308
259, 309
259, 373
259, 437
259, 438
259, 374
259, 310
259, 311
259, 375
259, 439
259, 440
259, 376
259, 312
259, 313
259, 377
259, 441
259, 442
259, 378
259, 314
259, 315
259, 379
259, 443
259, 444
259, 380
259, 316
259, 317
259, 381
259, 445
259, 446
259, 382
259, 318
259, 319
259, 383
259, 447
3, 256
3, 384
3, 128
3, 129
3, 385
3, 257
3, 386
3, 258
3, 130
3, 387
3, 259
3, 131
3, 4
3, 132
3, 388
3, 260
3, 5
3, 133
3, 261
3, 389
3, 6
3, 134
3, 390
3, 262
3, 7
3, 135
3, 263
3, 391
3, 8
3, 136
3, 392
3, 264
3, 9
3, 137
3, 265
3, 393
3, 10
3, 138
3, 394
3, 266
3, 11
3, 139
3, 267
3, 395
3, 12
3, 140
3, 396
3, 268
3, 13
3, 141
3, 269
3, 397
3, 14
3, 142
3, 398
3, 270
3, 15
3, 143
3, 271
3, 399
3, 16
3, 144
3, 400
3, 272
3, 17
3, 145
3, 273
3, 401
3, 18
3, 146
3, 402
3, 274
3, 19
3, 147
3, 275
3, 403
3, 20
3, 148
3, 404
3, 276
3, 21
3, 149
3, 277
3, 405
3, 22
3, 150
3, 406
3, 278
3, 23
3, 151
3, 279
3, 407
3, 24
3, 152
3, 408
3, 280
3, 25
3, 153
3, 281
3, 409
3, 26
3, 154
3, 410
3, 282
3, 27
3, 155
3, 283
3, 411
3, 28
3, 156
3, 412
3, 284
3, 29
3, 157
3, 285
3, 413
3, 30
3, 158
3, 414
3, 286
3, 31
3, 159
3, 287
3, 415
3, 32
3, 160
3, 416
3, 288
3, 33
3, 161
3, 289
3, 417
3, 34
3, 162
3, 418
3, 290
3, 35
3, 163
3, 291
3, 419
3, 36
3, 164
3, 420
3, 292
3, 37
3, 165
3, 293
3, 421
3, 38
3, 166
3, 422
3, 294
3, 39
3, 167
3, 295
3, 423
3, 40
3, 168
3, 424
3, 296
3, 41
3, 169
3, 297
3, 425
3, 42
3, 170
3, 426
3, 298
3, 43
3, 171
3, 299
3, 427
3, 44
3, 172
3, 428
3, 300
3, 45
3, 173
3, 301
3, 429
3, 46
3, 174
3, 430
3, 302
3, 47
3, 175
3, 303
3, 431
3, 48
3, 176
3, 432
3, 304
3, 49
3, 177
3, 305
3, 433
3, 50
3, 178
3, 434
3, 306
3, 51
3, 179
3, 307
3, 435
3, 52
3, 180
3, 436
3, 308
3, 53
3, 181
3, 309
3, 437
3, 54
3, 182
3, 438
3, 310
3, 55
3, 183
3, 311
3, 439
3, 56
3, 184
3, 440
3, 312
3, 57
3, 185
3, 313
3, 441
3, 58
3, 186
3, 442
3, 314
3, 59
3, 187
3, 315
3, 443
3, 60
3, 188
3, 444
3, 316
3, 61
3, 189
3, 317
3, 445
3, 62
3, 190
3, 446
3, 318
3, 63
3, 191
3, 319
3, 447
3, 320
3, 448
3, 64
3, 192
3, 65
3, 321
3, 449
3, 193
3, 194
3, 322
3, 450
3, 66
3, 67
3, 323
3, 195
3, 196
3, 324
3, 68
3, 69
3, 325
3, 197
3, 198
3, 326
3, 70
3, 71
3, 327
3, 199
3, 200
3, 328
3, 72
3, 73
3, 329
3, 201
3, 202
3, 330
3, 74
3, 75
3, 331
3, 203
3, 204
3, 332
3, 76
3, 77
3, 333
3, 205
3, 206
3, 334
3, 78
3, 79
3, 335
3, 207
3, 208
3, 336
3, 80
3, 81
3, 337
3, 209
3, 210
3, 338
3, 82
3, 83
3, 339
3, 211
3, 212
3, 340
3, 84
3, 85
3, 341
3, 213
3, 214
3, 342
3, 86
3, 87
3, 343
3, 215
3, 216
3, 344
3, 88
3, 89
3, 345
3, 217
3, 218
3, 346
3, 90
3, 91
3, 347
3, 219
3, 220
3, 348
3, 92
3, 93
3, 349
3, 221
3, 222
3, 350
3, 94
3, 95
3, 351
3, 223
3, 224
3, 352
3, 96
3, 97
3, 353
3, 225
3, 226
3, 354
3, 98
3, 99
3, 355
3, 227
3, 228
3, 356
3, 100
3, 101
3, 357
3, 229
3, 230
3, 358
3, 102
3, 103
3, 359
3, 231
3, 232
3, 360
3, 104
3, 105
3, 361
3, 233
3, 234
3, 362
3, 106
3, 107
3, 363
3, 235
3, 236
3, 364
3, 108
3, 109
3, 365
3, 237
3, 238
3, 366
3, 110
3, 111
3, 367
3, 239
3, 240
3, 368
3, 112
3, 113
3, 369
3, 241
3, 242
3, 370
3, 114
3, 115
3, 371
3, 243
3, 244
3, 372
3, 116
3, 117
3, 373
3, 245
3, 246
3, 374
3, 118
3, 119
3, 375
3, 247
3, 248
3, 376
3, 120
3, 121
3, 377
3, 249
3, 250
3, 378
3, 122
3, 123
3, 379
3, 251
3, 252
3, 380
3, 124
3, 125
3, 381
3, 253
3, 254
3, 382
3, 126
3, 127
3, 383
3, 255
131, 256
131, 384
131, 385
131, 257
131, 386
131, 258
131, 387
131, 259
131, 132
131, 388
131, 260
131, 133
131, 261
131, 389
131, 134
131, 390
131, 262
131, 135
131, 263
131, 391
131, 136
131, 392
131, 264
131, 137
131, 265
131, 393
131, 138
131, 394
131, 266
131, 139
131, 267
131, 395
131, 140
131, 396
131, 268
131, 141
131, 269
131, 397
131, 142
131, 398
131, 270
131, 143
131, 271
131, 399
131, 144
131, 400
131, 272
131, 145
131, 273
131, 401
131, 146
131, 402
131, 274
131, 147
131, 275
131, 403
131, 148
131, 404
131, 276
131, 149
131, 277
131, 405
131, 150
131, 406
131, 278
131, 151
131, 279
131, 407
131, 152
131, 408
131, 280
131, 153
131, 281
131, 409
131, 154
131, 410
131, 282
131, 155
131, 283
131, 411
131, 156
131, 412
131, 284
131, 157
131, 285
131, 413
131, 158
131, 414
131, 286
131, 159
131, 287
131, 415
131, 160
131, 416
131, 288
131, 161
131, 289
131, 417
131, 162
131, 418
131, 290
131, 163
131, 291
131, 419
131, 164
131, 420
131, 292
131, 165
131, 293
131, 421
131, 166
131, 422
131, 294
131, 167
131, 295
131, 423
131, 168
131, 424
131, 296
131, 169
131, 297
131, 425
131, 170
131, 426
131, 298
131, 171
131, 299
131, 427
131, 172
131, 428
131, 300
131, 173
131, 301
131, 429
131, 174
131, 430
131, 302
131, 175
131, 303
131, 431
131, 176
131, 432
131, 304
131, 177
131, 305
131, 433
131, 178
131, 434
131, 306
131, 179
131, 307
131, 435
131, 180
131, 436
131, 308
131, 181
131, 309
131, 437
131, 182
131, 438
131, 310
131, 183
131, 311
131, 439
131, 184
131, 440
131, 312
131, 185
131, 313
131, 441
131, 186
131, 442
131, 314
131, 187
131, 315
131, 443
131, 188
131, 444
131, 316
131, 189
131, 317
131, 445
131, 190
131, 446
131, 318
131, 191
131, 319
131, 447
131, 448
131, 320
131, 192
131, 321
131, 449
131, 193
131, 194
131, 322
131, 450
131, 323
131, 195
131, 196
131, 324
131, 325
131, 197
131, 198
131, 326
131, 327
131, 199
131, 200
131, 328
131, 329
131, 201
131, 202
131, 330
131, 331
131, 203
131, 204
131, 332
131, 333
131, 205
131, 206
131, 334
131, 335
131, 207
131, 208
131, 336
131, 337
131, 209
131, 210
131, 338
131, 339
131, 211
131, 212
131, 340
131, 341
131, 213
131, 214
131, 342
131, 343
131, 215
131, 216
131, 344
131, 345
131, 217
131, 218
131, 346
131, 347
131, 219
131, 220
131, 348
131, 349
131, 221
131, 222
131, 350
131, 351
131, 223
131, 224
131, 352
131, 353
131, 225
131, 226
131, 354
131, 355
131, 227
131, 228
131, 356
131, 357
131, 229
131, 230
131, 358
131, 359
131, 231
131, 232
131, 360
131, 361
131, 233
131, 234
131, 362
131, 363
131, 235
131, 236
131, 364
131, 365
131, 237
131, 238
131, 366
131, 367
131, 239
131, 240
131, 368
131, 369
131, 241
131, 242
131, 370
131, 371
131, 243
131, 244
131, 372
131, 373
131, 245
131, 246
131, 374
131, 375
131, 247
131, 248
131, 376
131, 377
131, 249
131, 250
131, 378
131, 379
131, 251
131, 252
131, 380
131, 381
131, 253
131, 254
131, 382
131, 383
131, 255
388, 448
388, 449
388, 450
388, 389
388, 390
388, 391
388, 392
388, 393
388, 394
388, 395
388, 396
388, 397
388, 398
388, 399
388, 400
388, 401
388, 402
388, 403
388, 404
388, 405
388, 406
388, 407
388, 408
388, 409
388, 410
388, 411
388, 412
388, 413
388, 414
388, 415
388, 416
388, 417
388, 418
388, 419
388, 420
388, 421
388, 422
388, 423
388, 424
388, 425
388, 426
388, 427
388, 428
388, 429
388, 430
388, 431
388, 432
388, 433
388, 434
388, 435
388, 436
388, 437
388, 438
388, 439
388, 440
388, 441
388, 442
388, 443
388, 444
388, 445
388, 446
388, 447
260, 320
260, 384
260, 448
260, 321
260, 385
260, 449
260, 386
260, 450
260, 322
260, 387
260, 323
260, 388
260, 324
260, 389
260, 325
260, 261
260, 262
260, 326
260, 390
260, 391
260, 327
260, 263
260, 264
260, 328
260, 392
260, 393
260, 329
260, 265
260, 266
260, 330
260, 394
260, 395
260, 331
260, 267
260, 268
260, 332
260, 396
260, 397
260, 333
260, 269
260, 270
260, 334
260, 398
260, 399
260, 335
260, 271
260, 272
260, 336
260, 400
260, 401
260, 337
260, 273
260, 274
260, 338
260, 402
260, 403
260, 339
260, 275
260, 276
260, 340
260, 404
260, 405
260, 341
260, 277
260, 278
260, 342
260, 406
260, 407
260, 343
260, 279
260, 280
260, 344
260, 408
260, 409
260, 345
260, 281
260, 282
260, 346
260, 410
260, 411
260, 347
260, 283
260, 284
260, 348
260, 412
260, 413
260, 349
260, 285
260, 286
260, 350
260, 414
260, 415
260, 351
260, 287
260, 288
260, 352
260, 416
260, 417
260, 353
260, 289
260, 290
260, 354
260, 418
260, 419
260, 355
260, 291
260, 292
260, 356
260, 420
260, 421
260, 357
260, 293
260, 294
260, 358
260, 422
260, 423
260, 359
260, 295
260, 296
260, 360
260, 424
260, 425
260, 361
260, 297
260, 298
260, 362
260, 426
260, 427
260, 363
260, 299
260, 300
260, 364
260, 428
260, 429
260, 365
260, 301
260, 302
260, 366
260, 430
260, 431
260, 367
260, 303
260, 304
260, 368
260, 432
260, 433
260, 369
260, 305
260, 306
260, 370
260, 434
260, 435
260, 371
260, 307
260, 308
260, 372
260, 436
260, 437
260, 373
260, 309
260, 310
260, 374
260, 438
260, 439
260, 375
260, 311
260, 312
260, 376
260, 440
260, 441
260, 377
260, 313
260, 314
260, 378
260, 442
260, 443
260, 379
260, 315
260, 316
260, 380
260, 444
260, 445
260, 381
260, 317
260, 318
260, 382
260, 446
260, 447
260, 383
260, 319
4, 128
4, 384
4, 256
4, 257
4, 385
4, 129
4, 258
4, 386
4, 130
4, 387
4, 259
4, 131
4, 132
4, 388
4, 260
4, 5
4, 133
4, 261
4, 389
4, 6
4, 134
4, 390
4, 262
4, 7
4, 135
4, 263
4, 391
4, 8
4, 136
4, 392
4, 264
4, 9
4, 137
4, 265
4, 393
4, 10
4, 138
4, 394
4, 266
4, 11
4, 139
4, 267
4, 395
4, 12
4, 140
4, 396
4, 268
4, 13
4, 141
4, 269
4, 397
4, 14
4, 142
4, 398
4, 270
4, 15
4, 143
4, 271
4, 399
4, 16
4, 144
4, 400
4, 272
4, 17
4, 145
4, 273
4, 401
4, 18
4, 146
4, 402
4, 274
4, 19
4, 147
4, 275
4, 403
4, 20
4, 148
4, 404
4, 276
4, 21
4, 149
4, 277
4, 405
4, 22
4, 150
4, 406
4, 278
4, 23
4, 151
4, 279
4, 407
4, 24
4, 152
4, 408
4, 280
4, 25
4, 153
4, 281
4, 409
4, 26
4, 154
4, 410
4, 282
4, 27
4, 155
4, 283
4, 411
4, 28
4, 156
4, 412
4, 284
4, 29
4, 157
4, 285
4, 413
4, 30
4, 158
4, 414
4, 286
4, 31
4, 159
4, 287
4, 415
4, 32
4, 160
4, 416
4, 288
4, 33
4, 161
4, 289
4, 417
4, 34
4, 162
4, 418
4, 290
4, 35
4, 163
4, 291
4, 419
4, 36
4, 164
4, 420
4, 292
4, 37
4, 165
4, 293
4, 421
4, 38
4, 166
4, 422
4, 294
4, 39
4, 167
4, 295
4, 423
4, 40
4, 168
4, 424
4, 296
4, 41
4, 169
4, 297
4, 425
4, 42
4, 170
4, 426
4, 298
4, 43
4, 171
4, 299
4, 427
4, 44
4, 172
4, 428
4, 300
4, 45
4, 173
4, 301
4, 429
4, 46
4, 174
4, 430
4, 302
4, 47
4, 175
4, 303
4, 431
4, 48
4, 176
4, 432
4, 304
4, 49
4, 177
4, 305
4, 433
4, 50
4, 178
4, 434
4, 306
4, 51
4, 179
4, 307
4, 435
4, 52
4, 180
4, 436
4, 308
4, 53
4, 181
4, 309
4, 437
4, 54
4, 182
4, 438
4, 310
4, 55
4, 183
4, 311
4, 439
4, 56
4, 184
4, 440
4, 312
4, 57
4, 185
4, 313
4, 441
4, 58
4, 186
4, 442
4, 314
4, 59
4, 187
4, 315
4, 443
4, 60
4, 188
4, 444
4, 316
4, 61
4, 189
4, 317
4, 445
4, 62
4, 190
4, 446
4, 318
4, 63
4, 191
4, 319
4, 447
4, 64
4, 192
4, 448
4, 320
4, 193
4, 449
4, 321
4, 65
4, 66
4, 450
4, 322
4, 194
4, 195
4, 323
4, 67
4, 68
4, 324
4, 196
4, 197
4, 325
4, 69
4, 70
4, 326
4, 198
4, 199
4, 327
4, 71
4, 72
4, 328
4, 200
4, 201
4, 329
4, 73
4, 74
4, 330
4, 202
4, 203
4, 331
4, 75
4, 76
4, 332
4, 204
4, 205
4, 333
4, 77
4, 78
4, 334
4, 206
4, 207
4, 335
4, 79
4, 80
4, 336
4, 208
4, 209
4, 337
4, 81
4, 82
4, 338
4, 210
4, 211
4, 339
4, 83
4, 84
4, 340
4, 212
4, 213
4, 341
4, 85
4, 86
4, 342
4, 214
4, 215
4, 343
4, 87
4, 88
4, 344
4, 216
4, 217
4, 345
4, 89
4, 90
4, 346
4, 218
4, 219
4, 347
4, 91
4, 92
4, 348
4, 220
4, 221
4, 349
4, 93
4, 94
4, 350
4, 222
4, 223
4, 351
4, 95
4, 96
4, 352
4, 224
4, 225
4, 353
4, 97
4, 98
4, 354
4, 226
4, 227
4, 355
4, 99
4, 100
4, 356
4, 228
4, 229
4, 357
4, 101
4, 102
4, 358
4, 230
4, 231
4, 359
4, 103
4, 104
4, 360
4, 232
4, 233
4, 361
4, 105
4, 106
4, 362
4, 234
4, 235
4, 363
4, 107
4, 108
4, 364
4, 236
4, 237
4, 365
4, 109
4, 110
4, 366
4, 238
4, 239
4, 367
4, 111
4, 112
4, 368
4, 240
4, 241
4, 369
4, 113
4, 114
4, 370
4, 242
4, 243
4, 371
4, 115
4, 116
4, 372
4, 244
4, 245
4, 373
4, 117
4, 118
4, 374
4, 246
4, 247
4, 375
4, 119
4, 120
4, 376
4, 248
4, 249
4, 377
4, 121
4, 122
4, 378
4, 250
4, 251
4, 379
4, 123
4, 124
4, 380
4, 252
4, 253
4, 381
4, 125
4, 126
4, 382
4, 254
4, 255
4, 383
4, 127
132, 384
132, 256
132, 257
132, 385
132, 258
132, 386
132, 259
132, 387
132, 388
132, 260
132, 133
132, 261
132, 389
132, 134
132, 390
132, 262
132, 135
132, 263
132, 391
132, 136
132, 392
132, 264
132, 137
132, 265
132, 393
132, 138
132, 394
132, 266
132, 139
132, 267
132, 395
132, 140
132, 396
132, 268
132, 141
132, 269
132, 397
132, 142
132, 398
132, 270
132, 143
132, 271
132, 399
132, 144
132, 400
132, 272
132, 145
132, 273
132, 401
132, 146
132, 402
132, 274
132, 147
132, 275
132, 403
132, 148
132, 404
132, 276
132, 149
132, 277
132, 405
132, 150
132, 406
132, 278
132, 151
132, 279
132, 407
132, 152
132, 408
132, 280
132, 153
132, 281
132, 409
132, 154
132, 410
132, 282
132, 155
132, 283
132, 411
132, 156
132, 412
132, 284
132, 157
132, 285
132, 413
132, 158
132, 414
132, 286
132, 159
132, 287
132, 415
132, 160
132, 416
132, 288
132, 161
132, 289
132, 417
132, 162
132, 418
132, 290
132, 163
132, 291
132, 419
132, 164
132, 420
132, 292
132, 165
132, 293
132, 421
132, 166
132, 422
132, 294
132, 167
132, 295
132, 423
132, 168
132, 424
132, 296
132, 169
132, 297
132, 425
132, 170
132, 426
132, 298
132, 171
132, 299
132, 427
132, 172
132, 428
132, 300
132, 173
132, 301
132, 429
132, 174
132, 430
132, 302
132, 175
132, 303
132, 431
132, 176
132, 432
132, 304
132, 177
132, 305
132, 433
132, 178
132, 434
132, 306
132, 179
132, 307
132, 435
132, 180
132, 436
132, 308
132, 181
132, 309
132, 437
132, 182
132, 438
132, 310
132, 183
132, 311
132, 439
132, 184
132, 440
132, 312
132, 185
132, 313
132, 441
132, 186
132, 442
132, 314
132, 187
132, 315
132, 443
132, 188
132, 444
132, 316
132, 189
132, 317
132, 445
132, 190
132, 446
132, 318
132, 191
132, 319
132, 447
132, 448
132, 320
132, 192
132, 193
132, 449
132, 321
132, 450
132, 322
132, 194
132, 195
132, 323
132, 324
132, 196
132, 197
132, 325
132, 326
132, 198
132, 199
132, 327
132, 328
132, 200
132, 201
132, 329
132, 330
132, 202
132, 203
132, 331
132, 332
132, 204
132, 205
132, 333
132, 334
132, 206
132, 207
132, 335
132, 336
132, 208
132, 209
132, 337
132, 338
132, 210
132, 211
132, 339
132, 340
132, 212
132, 213
132, 341
132, 342
132, 214
132, 215
132, 343
132, 344
132, 216
132, 217
132, 345
132, 346
132, 218
132, 219
132, 347
132, 348
132, 220
132, 221
132, 349
132, 350
132, 222
132, 223
132, 351
132, 352
132, 224
132, 225
132, 353
132, 354
132, 226
132, 227
132, 355
132, 356
132, 228
132, 229
132, 357
132, 358
132, 230
132, 231
132, 359
132, 360
132, 232
132, 233
132, 361
132, 362
132, 234
132, 235
132, 363
132, 364
132, 236
132, 237
132, 365
132, 366
132, 238
132, 239
132, 367
132, 368
132, 240
132, 241
132, 369
132, 370
132, 242
132, 243
132, 371
132, 372
132, 244
132, 245
132, 373
132, 374
132, 246
132, 247
132, 375
132, 376
132, 248
132, 249
132, 377
132, 378
132, 250
132, 251
132, 379
132, 380
132, 252
132, 253
132, 381
132, 382
132, 254
132, 255
132, 383
389, 448
389, 449
389, 450
389, 390
389, 391
389, 392
389, 393
389, 394
389, 395
389, 396
389, 397
389, 398
389, 399
389, 400
389, 401
389, 402
389, 403
389, 404
389, 405
389, 406
389, 407
389, 408
389, 409
389, 410
389, 411
389, 412
389, 413
389, 414
389, 415
389, 416
389, 417
389, 418
389, 419
389, 420
389, 421
389, 422
389, 423
389, 424
389, 425
389, 426
389, 427
389, 428
389, 429
389, 430
389, 431
389, 432
389, 433
389, 434
389, 435
389, 436
389, 437
389, 438
389, 439
389, 440
389, 441
389, 442
389, 443
389, 444
389, 445
389, 446
389, 447
261, 320
261, 384
261, 448
261, 321
261, 385
261, 449
261, 450
261, 322
261, 386
261, 323
261, 387
261, 324
261, 388
261, 325
261, 389
261, 390
261, 326
261, 262
261, 263
261, 327
261, 391
261, 392
261, 328
261, 264
261, 265
261, 329
261, 393
261, 394
261, 330
261, 266
261, 267
261, 331
261, 395
261, 396
261, 332
261, 268
261, 269
261, 333
261, 397
261, 398
261, 334
261, 270
261, 271
261, 335
261, 399
261, 400
261, 336
261, 272
261, 273
261, 337
261, 401
261, 402
261, 338
261, 274
261, 275
261, 339
261, 403
261, 404
261, 340
261, 276
261, 277
261, 341
261, 405
261, 406
261, 342
261, 278
261, 279
261, 343
261, 407
261, 408
261, 344
261, 280
261, 281
261, 345
261, 409
261, 410
261, 346
261, 282
261, 283
261, 347
261, 411
261, 412
261, 348
261, 284
261, 285
261, 349
261, 413
261, 414
261, 350
261, 286
261, 287
261, 351
261, 415
261, 416
261, 352
261, 288
261, 289
261, 353
261, 417
261, 418
261, 354
261, 290
261, 291
261, 355
261, 419
261, 420
261, 356
261, 292
261, 293
261, 357
261, 421
261, 422
261, 358
261, 294
261, 295
261, 359
261, 423
261, 424
261, 360
261, 296
261, 297
261, 361
261, 425
261, 426
261, 362
261, 298
261, 299
261, 363
261, 427
261, 428
261, 364
261, 300
261, 301
261, 365
261, 429
261, 430
261, 366
261, 302
261, 303
261, 367
261, 431
261, 432
261, 368
261, 304
261, 305
261, 369
261, 433
261, 434
261, 370
261, 306
261, 307
261, 371
261, 435
261, 436
261, 372
261, 308
261, 309
261, 373
261, 437
261, 438
261, 374
261, 310
261, 311
261, 375
261, 439
261, 440
261, 376
261, 312
261, 313
261, 377
261, 441
261, 442
261, 378
261, 314
261, 315
261, 379
261, 443
261, 444
261, 380
261, 316
261, 317
261, 381
261, 445
261, 446
261, 382
261, 318
261, 319
261, 383
261, 447
5, 256
5, 384
5, 128
5, 129
5, 385
5, 257
5, 386
5, 258
5, 130
5, 387
5, 259
5, 131
5, 132
5, 388
5, 260
5, 133
5, 261
5, 389
5, 6
5, 134
5, 390
5, 262
5, 7
5, 135
5, 263
5, 391
5, 8
5, 136
5, 392
5, 264
5, 9
5, 137
5, 265
5, 393
5, 10
5, 138
5, 394
5, 266
5, 11
5, 139
5, 267
5, 395
5, 12
5, 140
5, 396
5, 268
5, 13
5, 141
5, 269
5, 397
5, 14
5, 142
5, 398
5, 270
5, 15
5, 143
5, 271
5, 399
5, 16
5, 144
5, 400
5, 272
5, 17
5, 145
5, 273
5, 401
5, 18
5, 146
5, 402
5, 274
5, 19
5, 147
5, 275
5, 403
5, 20
5, 148
5, 404
5, 276
5, 21
5, 149
5, 277
5, 405
5, 22
5, 150
5, 406
5, 278
5, 23
5, 151
5, 279
5, 407
5, 24
5, 152
5, 408
5, 280
5, 25
5, 153
5, 281
5, 409
5, 26
5, 154
5, 410
5, 282
5, 27
5, 155
5, 283
5, 411
5, 28
5, 156
5, 412
5, 284
5, 29
5, 157
5, 285
5, 413
5, 30
5, 158
5, 414
5, 286
5, 31
5, 159
5, 287
5, 415
5, 32
5, 160
5, 416
5, 288
5, 33
5, 161
5, 289
5, 417
5, 34
5, 162
5, 418
5, 290
5, 35
5, 163
5, 291
5, 419
5, 36
5, 164
5, 420
5, 292
5, 37
5, 165
5, 293
5, 421
5, 38
5, 166
5, 422
5, 294
5, 39
5, 167
5, 295
5, 423
5, 40
5, 168
5, 424
5, 296
5, 41
5, 169
5, 297
5, 425
5, 42
5, 170
5, 426
5, 298
5, 43
5, 171
5, 299
5, 427
5, 44
5, 172
5, 428
5, 300
5, 45
5, 173
5, 301
5, 429
5, 46
5, 174
5, 430
5, 302
5, 47
5, 175
5, 303
5, 431
5, 48
5, 176
5, 432
5, 304
5, 49
5, 177
5, 305
5, 433
5, 50
5, 178
5, 434
5, 306
5, 51
5, 179
5, 307
5, 435
5, 52
5, 180
5, 436
5, 308
5, 53
5, 181
5, 309
5, 437
5, 54
5, 182
5, 438
5, 310
5, 55
5, 183
5, 311
5, 439
5, 56
5, 184
5, 440
5, 312
5, 57
5, 185
5, 313
5, 441
5, 58
5, 186
5, 442
5, 314
5, 59
5, 187
5, 315
5, 443
5, 60
5, 188
5, 444
5, 316
5, 61
5, 189
5, 317
5, 445
5, 62
5, 190
5, 446
5, 318
5, 63
5, 191
5, 319
5, 447
5, 448
5, 320
5, 192
5, 64
5, 65
5, 321
5, 449
5, 193
5, 194
5, 322
5, 450
5, 66
5, 67
5, 323
5, 195
5, 196
5, 324
5, 68
5, 69
5, 325
5, 197
5, 198
5, 326
5, 70
5, 71
5, 327
5, 199
5, 200
5, 328
5, 72
5, 73
5, 329
5, 201
5, 202
5, 330
5, 74
5, 75
5, 331
5, 203
5, 204
5, 332
5, 76
5, 77
5, 333
5, 205
5, 206
5, 334
5, 78
5, 79
5, 335
5, 207
5, 208
5, 336
5, 80
5, 81
5, 337
5, 209
5, 210
5, 338
5, 82
5, 83
5, 339
5, 211
5, 212
5, 340
5, 84
5, 85
5, 341
5, 213
5, 214
5, 342
5, 86
5, 87
5, 343
5, 215
5, 216
5, 344
5, 88
5, 89
5, 345
5, 217
5, 218
5, 346
5, 90
5, 91
5, 347
5, 219
5, 220
5, 348
5, 92
5, 93
5, 349
5, 221
5, 222
5, 350
5, 94
5, 95
5, 351
5, 223
5, 224
5, 352
5, 96
5, 97
5, 353
5, 225
5, 226
5, 354
5, 98
5, 99
5, 355
5, 227
5, 228
5, 356
5, 100
5, 101
5, 357
5, 229
5, 230
5, 358
5, 102
5, 103
5, 359
5, 231
5, 232
5, 360
5, 104
5, 105
5, 361
5, 233
5, 234
5, 362
5, 106
5, 107
5, 363
5, 235
5, 236
5, 364
5, 108
5, 109
5, 365
5, 237
5, 238
5, 366
5, 110
5, 111
5, 367
5, 239
5, 240
5, 368
5, 112
5, 113
5, 369
5, 241
5, 242
5, 370
5, 114
5, 115
5, 371
5, 243
5, 244
5, 372
5, 116
5, 117
5, 373
5, 245
5, 246
5, 374
5, 118
5, 119
5, 375
5, 247
5, 248
5, 376
5, 120
5, 121
5, 377
5, 249
5, 250
5, 378
5, 122
5, 123
5, 379
5, 251
5, 252
5, 380
5, 124
5, 125
5, 381
5, 253
5, 254
5, 382
5, 126
5, 127
5, 383
5, 255
133, 256
133, 384
133, 385
133, 257
133, 386
133, 258
133, 387
133, 259
133, 388
133, 260
133, 261
133, 389
133, 134
133, 390
133, 262
133, 135
133, 263
133, 391
133, 136
133, 392
133, 264
133, 137
133, 265
133, 393
133, 138
133, 394
133, 266
133, 139
133, 267
133, 395
133, 140
133, 396
133, 268
133, 141
133, 269
133, 397
133, 142
133, 398
133, 270
133, 143
133, 271
133, 399
133, 144
133, 400
133, 272
133, 145
133, 273
133, 401
133, 146
133, 402
133, 274
133, 147
133, 275
133, 403
133, 148
133, 404
133, 276
133, 149
133, 277
133, 405
133, 150
133, 406
133, 278
133, 151
133, 279
133, 407
133, 152
133, 408
133, 280
133, 153
133, 281
133, 409
133, 154
133, 410
133, 282
133, 155
133, 283
133, 411
133, 156
133, 412
133, 284
133, 157
133, 285
133, 413
133, 158
133, 414
133, 286
133, 159
133, 287
133, 415
133, 160
133, 416
133, 288
133, 161
133, 289
133, 417
133, 162
133, 418
133, 290
133, 163
133, 291
133, 419
133, 164
133, 420
133, 292
133, 165
133, 293
133, 421
133, 166
133, 422
133, 294
133, 167
133, 295
133, 423
133, 168
133, 424
133, 296
133, 169
133, 297
133, 425
133, 170
133, 426
133, 298
133, 171
133, 299
133, 427
133, 172
133, 428
133, 300
133, 173
133, 301
133, 429
133, 174
133, 430
133, 302
133, 175
133, 303
133, 431
133, 176
133, 432
133, 304
133, 177
133, 305
133, 433
133, 178
133, 434
133, 306
133, 179
133, 307
133, 435
133, 180
133, 436
133, 308
133, 181
133, 309
133, 437
133, 182
133, 438
133, 310
133, 183
133, 311
133, 439
133, 184
133, 440
133, 312
133, 185
133, 313
133, 441
133, 186
133, 442
133, 314
133, 187
133, 315
133, 443
133, 188
133, 444
133, 316
133, 189
133, 317
133, 445
133, 190
133, 446
133, 318
133, 191
133, 319
133, 447
133, 448
133, 320
133, 192
133, 321
133, 449
133, 193
133, 194
133, 322
133, 450
133, 323
133, 195
133, 196
133, 324
133, 325
133, 197
133, 198
133, 326
133, 327
133, 199
133, 200
133, 328
133, 329
133, 201
133, 202
133, 330
133, 331
133, 203
133, 204
133, 332
133, 333
133, 205
133, 206
133, 334
133, 335
133, 207
133, 208
133, 336
133, 337
133, 209
133, 210
133, 338
133, 339
133, 211
133, 212
133, 340
133, 341
133, 213
133, 214
133, 342
133, 343
133, 215
133, 216
133, 344
133, 345
133, 217
133, 218
133, 346
133, 347
133, 219
133, 220
133, 348
133, 349
133, 221
133, 222
133, 350
133, 351
133, 223
133, 224
133, 352
133, 353
133, 225
133, 226
133, 354
133, 355
133, 227
133, 228
133, 356
133, 357
133, 229
133, 230
133, 358
133, 359
133, 231
133, 232
133, 360
133, 361
133, 233
133, 234
133, 362
133, 363
133, 235
133, 236
133, 364
133, 365
133, 237
133, 238
133, 366
133, 367
133, 239
133, 240
133, 368
133, 369
133, 241
133, 242
133, 370
133, 371
133, 243
133, 244
133, 372
133, 373
133, 245
133, 246
133, 374
133, 375
133, 247
133, 248
133, 376
133, 377
133, 249
133, 250
133, 378
133, 379
133, 251
133, 252
133, 380
133, 381
133, 253
133, 254
133, 382
133, 383
133, 255
390, 448
390, 449
390, 450
390, 391
390, 392
390, 393
390, 394
390, 395
390, 396
390, 397
390, 398
390, 399
390, 400
390, 401
390, 402
390, 403
390, 404
390, 405
390, 406
390, 407
390, 408
390, 409
390, 410
390, 411
390, 412
390, 413
390, 414
390, 415
390, 416
390, 417
390, 418
390, 419
390, 420
390, 421
390, 422
390, 423
390, 424
390, 425
390, 426
390, 427
390, 428
390, 429
390, 430
390, 431
390, 432
390, 433
390, 434
390, 435
390, 436
390, 437
390, 438
390, 439
390, 440
390, 441
390, 442
390, 443
390, 444
390, 445
390, 446
390, 447
262, 320
262, 384
262, 448
262, 321
262, 385
262, 449
262, 322
262, 386
262, 450
262, 387
262, 323
262, 388
262, 324
262, 389
262, 325
262, 326
262, 390
262, 391
262, 327
262, 263
262, 264
262, 328
262, 392
262, 393
262, 329
262, 265
262, 266
262, 330
262, 394
262, 395
262, 331
262, 267
262, 268
262, 332
262, 396
262, 397
262, 333
262, 269
262, 270
262, 334
262, 398
262, 399
262, 335
262, 271
262, 272
262, 336
262, 400
262, 401
262, 337
262, 273
262, 274
262, 338
262, 402
262, 403
262, 339
262, 275
262, 276
262, 340
262, 404
262, 405
262, 341
262, 277
262, 278
262, 342
262, 406
262, 407
262, 343
262, 279
262, 280
262, 344
262, 408
262, 409
262, 345
262, 281
262, 282
262, 346
262, 410
262, 411
262, 347
262, 283
262, 284
262, 348
262, 412
262, 413
262, 349
262, 285
262, 286
262, 350
262, 414
262, 415
262, 351
262, 287
262, 288
262, 352
262, 416
262, 417
262, 353
262, 289
262, 290
262, 354
262, 418
262, 419
262, 355
262, 291
262, 292
262, 356
262, 420
262, 421
262, 357
262, 293
262, 294
262, 358
262, 422
262, 423
262, 359
262, 295
262, 296
262, 360
262, 424
262, 425
262, 361
262, 297
262, 298
262, 362
262, 426
262, 427
262, 363
262, 299
262, 300
262, 364
262, 428
262, 429
262, 365
262, 301
262, 302
262, 366
262, 430
262, 431
262, 367
262, 303
262, 304
262, 368
262, 432
262, 433
262, 369
262, 305
262, 306
262, 370
262, 434
262, 435
262, 371
262, 307
262, 308
262, 372
262, 436
262, 437
262, 373
262, 309
262, 310
262, 374
262, 438
262, 439
262, 375
262, 311
262, 312
262, 376
262, 440
262, 441
262, 377
262, 313
262, 314
262, 378
262, 442
262, 443
262, 379
262, 315
262, 316
262, 380
262, 444
262, 445
262, 381
262, 317
262, 318
262, 382
262, 446
262, 447
262, 383
262, 319
6, 128
6, 384
6, 256
6, 257
6, 385
6, 129
6, 258
6, 386
6, 130
6, 387
6, 259
6, 131
6, 132
6, 388
6, 260
6, 133
6, 261
6, 389
6, 134
6, 390
6, 262
6, 7
6, 135
6, 263
6, 391
6, 8
6, 136
6, 392
6, 264
6, 9
6, 137
6, 265
6, 393
6, 10
6, 138
6, 394
6, 266
6, 11
6, 139
6, 267
6, 395
6, 12
6, 140
6, 396
6, 268
6, 13
6, 141
6, 269
6, 397
6, 14
6, 142
6, 398
6, 270
6, 15
6, 143
6, 271
6, 399
6, 16
6, 144
6, 400
6, 272
6, 17
6, 145
6, 273
6, 401
6, 18
6, 146
6, 402
6, 274
6, 19
6, 147
6, 275
6, 403
6, 20
6, 148
6, 404
6, 276
6, 21
6, 149
6, 277
6, 405
6, 22
6, 150
6, 406
6, 278
6, 23
6, 151
6, 279
6, 407
6, 24
6, 152
6, 408
6, 280
6, 25
6, 153
6, 281
6, 409
6, 26
6, 154
6, 410
6, 282
6, 27
6, 155
6, 283
6, 411
6, 28
6, 156
6, 412
6, 284
6, 29
6, 157
6, 285
6, 413
6, 30
6, 158
6, 414
6, 286
6, 31
6, 159
6, 287
6, 415
6, 32
6, 160
6, 416
6, 288
6, 33
6, 161
6, 289
6, 417
6, 34
6, 162
6, 418
6, 290
6, 35
6, 163
6, 291
6, 419
6, 36
6, 164
6, 420
6, 292
6, 37
6, 165
6, 293
6, 421
6, 38
6, 166
6, 422
6, 294
6, 39
6, 167
6, 295
6, 423
6, 40
6, 168
6, 424
6, 296
6, 41
6, 169
6, 297
6, 425
6, 42
6, 170
6, 426
6, 298
6, 43
6, 171
6, 299
6, 427
6, 44
6, 172
6, 428
6, 300
6, 45
6, 173
6, 301
6, 429
6, 46
6, 174
6, 430
6, 302
6, 47
6, 175
6, 303
6, 431
6, 48
6, 176
6, 432
6, 304
6, 49
6, 177
6, 305
6, 433
6, 50
6, 178
6, 434
6, 306
6, 51
6, 179
6, 307
6, 435
6, 52
6, 180
6, 436
6, 308
6, 53
6, 181
6, 309
6, 437
6, 54
6, 182
6, 438
6, 310
6, 55
6, 183
6, 311
6, 439
6, 56
6, 184
6, 440
6, 312
6, 57
6, 185
6, 313
6, 441
6, 58
6, 186
6, 442
6, 314
6, 59
6, 187
6, 315
6, 443
6, 60
6, 188
6, 444
6, 316
6, 61
6, 189
6, 317
6, 445
6, 62
6, 190
6, 446
6, 318
6, 63
6, 191
6, 319
6, 447
6, 192
6, 64
6, 320
6, 448
6, 193
6, 449
6, 321
6, 65
6, 66
6, 450
6, 322
6, 194
6, 195
6, 323
6, 67
6, 68
6, 324
6, 196
6, 197
6, 325
6, 69
6, 70
6, 326
6, 198
6, 199
6, 327
6, 71
6, 72
6, 328
6, 200
6, 201
6, 329
6, 73
6, 74
6, 330
6, 202
6, 203
6, 331
6, 75
6, 76
6, 332
6, 204
6, 205
6, 333
6, 77
6, 78
6, 334
6, 206
6, 207
6, 335
6, 79
6, 80
6, 336
6, 208
6, 209
6, 337
6, 81
6, 82
6, 338
6, 210
6, 211
6, 339
6, 83
6, 84
6, 340
6, 212
6, 213
6, 341
6, 85
6, 86
6, 342
6, 214
6, 215
6, 343
6, 87
6, 88
6, 344
6, 216
6, 217
6, 345
6, 89
6, 90
6, 346
6, 218
6, 219
6, 347
6, 91
6, 92
6, 348
6, 220
6, 221
6, 349
6, 93
6, 94
6, 350
6, 222
6, 223
6, 351
6, 95
6, 96
6, 352
6, 224
6, 225
6, 353
6, 97
6, 98
6, 354
6, 226
6, 227
6, 355
6, 99
6, 100
6, 356
6, 228
6, 229
6, 357
6, 101
6, 102
6, 358
6, 230
6, 231
6, 359
6, 103
6, 104
6, 360
6, 232
6, 233
6, 361
6, 105
6, 106
6, 362
6, 234
6, 235
6, 363
6, 107
6, 108
6, 364
6, 236
6, 237
6, 365
6, 109
6, 110
6, 366
6, 238
6, 239
6, 367
6, 111
6, 112
6, 368
6, 240
6, 241
6, 369
6, 113
6, 114
6, 370
6, 242
6, 243
6, 371
6, 115
6, 116
6, 372
6, 244
6, 245
6, 373
6, 117
6, 118
6, 374
6, 246
6, 247
6, 375
6, 119
6, 120
6, 376
6, 248
6, 249
6, 377
6, 121
6, 122
6, 378
6, 250
6, 251
6, 379
6, 123
6, 124
6, 380
6, 252
6, 253
6, 381
6, 125
6, 126
6, 382
6, 254
6, 255
6, 383
6, 127
134, 384
134, 256
134, 257
134, 385
134, 258
134, 386
134, 259
134, 387
134, 388
134, 260
134, 261
134, 389
134, 390
134, 262
134, 135
134, 263
134, 391
134, 136
134, 392
134, 264
134, 137
134, 265
134, 393
134, 138
134, 394
134, 266
134, 139
134, 267
134, 395
134, 140
134, 396
134, 268
134, 141
134, 269
134, 397
134, 142
134, 398
134, 270
134, 143
134, 271
134, 399
134, 144
134, 400
134, 272
134, 145
134, 273
134, 401
134, 146
134, 402
134, 274
134, 147
134, 275
134, 403
134, 148
134, 404
134, 276
134, 149
134, 277
134, 405
134, 150
134, 406
134, 278
134, 151
134, 279
134, 407
134, 152
134, 408
134, 280
134, 153
134, 281
134, 409
134, 154
134, 410
134, 282
134, 155
134, 283
134, 411
134, 156
134, 412
134, 284
134, 157
134, 285
134, 413
134, 158
134, 414
134, 286
134, 159
134, 287
134, 415
134, 160
134, 416
134, 288
134, 161
134, 289
134, 417
134, 162
134, 418
134, 290
134, 163
134, 291
134, 419
134, 164
134, 420
134, 292
134, 165
134, 293
134, 421
134, 166
134, 422
134, 294
134, 167
134, 295
134, 423
134, 168
134, 424
134, 296
134, 169
134, 297
134, 425
134, 170
134, 426
134, 298
134, 171
134, 299
134, 427
134, 172
134, 428
134, 300
134, 173
134, 301
134, 429
134, 174
134, 430
134, 302
134, 175
134, 303
134, 431
134, 176
134, 432
134, 304
134, 177
134, 305
134, 433
134, 178
134, 434
134, 306
134, 179
134, 307
134, 435
134, 180
134, 436
134, 308
134, 181
134, 309
134, 437
134, 182
134, 438
134, 310
134, 183
134, 311
134, 439
134, 184
134, 440
134, 312
134, 185
134, 313
134, 441
134, 186
134, 442
134, 314
134, 187
134, 315
134, 443
134, 188
134, 444
134, 316
134, 189
134, 317
134, 445
134, 190
134, 446
134, 318
134, 191
134, 319
134, 447
134, 448
134, 320
134, 192
134, 193
134, 449
134, 321
134, 450
134, 322
134, 194
134, 195
134, 323
134, 324
134, 196
134, 197
134, 325
134, 326
134, 198
134, 199
134, 327
134, 328
134, 200
134, 201
134, 329
134, 330
134, 202
134, 203
134, 331
134, 332
134, 204
134, 205
134, 333
134, 334
134, 206
134, 207
134, 335
134, 336
134, 208
134, 209
134, 337
134, 338
134, 210
134, 211
134, 339
134, 340
134, 212
134, 213
134, 341
134, 342
134, 214
134, 215
134, 343
134, 344
134, 216
134, 217
134, 345
134, 346
134, 218
134, 219
134, 347
134, 348
134, 220
134, 221
134, 349
134, 350
134, 222
134, 223
134, 351
134, 352
134, 224
134, 225
134, 353
134, 354
134, 226
134, 227
134, 355
134, 356
134, 228
134, 229
134, 357
134, 358
134, 230
134, 231
134, 359
134, 360
134, 232
134, 233
134, 361
134, 362
134, 234
134, 235
134, 363
134, 364
134, 236
134, 237
134, 365
134, 366
134, 238
134, 239
134, 367
134, 368
134, 240
134, 241
134, 369
134, 370
134, 242
134, 243
134, 371
134, 372
134, 244
134, 245
134, 373
134, 374
134, 246
134, 247
134, 375
134, 376
134, 248
134, 249
134, 377
134, 378
134, 250
134, 251
134, 379
134, 380
134, 252
134, 253
134, 381
134, 382
134, 254
134, 255
134, 383
391, 448
391, 449
391, 450
391, 392
391, 393
391, 394
391, 395
391, 396
391, 397
391, 398
391, 399
391, 400
391, 401
391, 402
391, 403
391, 404
391, 405
391, 406
391, 407
391, 408
391, 409
391, 410
391, 411
391, 412
391, 413
391, 414
391, 415
391, 416
391, 417
391, 418
391, 419
391, 420
391, 421
391, 422
391, 423
391, 424
391, 425
391, 426
391, 427
391, 428
391, 429
391, 430
391, 431
391, 432
391, 433
391, 434
391, 435
391, 436
391, 437
391, 438
391, 439
391, 440
391, 441
391, 442
391, 443
391, 444
391, 445
391, 446
391, 447
263, 320
263, 384
263, 448
263, 321
263, 385
263, 449
263, 386
263, 450
263, 322
263, 323
263, 387
263, 324
263, 388
263, 325
263, 389
263, 390
263, 326
263, 327
263, 391
263, 392
263, 328
263, 264
263, 265
263, 329
263, 393
263, 394
263, 330
263, 266
263, 267
263, 331
263, 395
263, 396
263, 332
263, 268
263, 269
263, 333
263, 397
263, 398
263, 334
263, 270
263, 271
263, 335
263, 399
263, 400
263, 336
263, 272
263, 273
263, 337
263, 401
263, 402
263, 338
263, 274
263, 275
263, 339
263, 403
263, 404
263, 340
263, 276
263, 277
263, 341
263, 405
263, 406
263, 342
263, 278
263, 279
263, 343
263, 407
263, 408
263, 344
263, 280
263, 281
263, 345
263, 409
263, 410
263, 346
263, 282
263, 283
263, 347
263, 411
263, 412
263, 348
263, 284
263, 285
263, 349
263, 413
263, 414
263, 350
263, 286
263, 287
263, 351
263, 415
263, 416
263, 352
263, 288
263, 289
263, 353
263, 417
263, 418
263, 354
263, 290
263, 291
263, 355
263, 419
263, 420
263, 356
263, 292
263, 293
263, 357
263, 421
263, 422
263, 358
263, 294
263, 295
263, 359
263, 423
263, 424
263, 360
263, 296
263, 297
263, 361
263, 425
263, 426
263, 362
263, 298
263, 299
263, 363
263, 427
263, 428
263, 364
263, 300
263, 301
263, 365
263, 429
263, 430
263, 366
263, 302
263, 303
263, 367
263, 431
263, 432
263, 368
263, 304
263, 305
263, 369
263, 433
263, 434
263, 370
263, 306
263, 307
263, 371
263, 435
263, 436
263, 372
263, 308
263, 309
263, 373
263, 437
263, 438
263, 374
263, 310
263, 311
263, 375
263, 439
263, 440
263, 376
263, 312
263, 313
263, 377
263, 441
263, 442
263, 378
263, 314
263, 315
263, 379
263, 443
263, 444
263, 380
263, 316
263, 317
263, 381
263, 445
263, 446
263, 382
263, 318
263, 319
263, 383
263, 447
7, 256
7, 384
7, 128
7, 129
7, 385
7, 257
7, 386
7, 258
7, 130
7, 387
7, 259
7, 131
7, 132
7, 388
7, 260
7, 133
7, 261
7, 389
7, 134
7, 390
7, 262
7, 135
7, 263
7, 391
7, 8
7, 136
7, 392
7, 264
7, 9
7, 137
7, 265
7, 393
7, 10
7, 138
7, 394
7, 266
7, 11
7, 139
7, 267
7, 395
7, 12
7, 140
7, 396
7, 268
7, 13
7, 141
7, 269
7, 397
7, 14
7, 142
7, 398
7, 270
7, 15
7, 143
7, 271
7, 399
7, 16
7, 144
7, 400
7, 272
7, 17
7, 145
7, 273
7, 401
7, 18
7, 146
7, 402
7, 274
7, 19
7, 147
7, 275
7, 403
7, 20
7, 148
7, 404
7, 276
7, 21
7, 149
7, 277
7, 405
7, 22
7, 150
7, 406
7, 278
7, 23
7, 151
7, 279
7, 407
7, 24
7, 152
7, 408
7, 280
7, 25
7, 153
7, 281
7, 409
7, 26
7, 154
7, 410
7, 282
7, 27
7, 155
7, 283
7, 411
7, 28
7, 156
7, 412
7, 284
7, 29
7, 157
7, 285
7, 413
7, 30
7, 158
7, 414
7, 286
7, 31
7, 159
7, 287
7, 415
7, 32
7, 160
7, 416
7, 288
7, 33
7, 161
7, 289
7, 417
7, 34
7, 162
7, 418
7, 290
7, 35
7, 163
7, 291
7, 419
7, 36
7, 164
7, 420
7, 292
7, 37
7, 165
7, 293
7, 421
7, 38
7, 166
7, 422
7, 294
7, 39
7, 167
7, 295
7, 423
7, 40
7, 168
7, 424
7, 296
7, 41
7, 169
7, 297
7, 425
7, 42
7, 170
7, 426
7, 298
7, 43
7, 171
7, 299
7, 427
7, 44
7, 172
7, 428
7, 300
7, 45
7, 173
7, 301
7, 429
7, 46
7, 174
7, 430
7, 302
7, 47
7, 175
7, 303
7, 431
7, 48
7, 176
7, 432
7, 304
7, 49
7, 177
7, 305
7, 433
7, 50
7, 178
7, 434
7, 306
7, 51
7, 179
7, 307
7, 435
7, 52
7, 180
7, 436
7, 308
7, 53
7, 181
7, 309
7, 437
7, 54
7, 182
7, 438
7, 310
7, 55
7, 183
7, 311
7, 439
7, 56
7, 184
7, 440
7, 312
7, 57
7, 185
7, 313
7, 441
7, 58
7, 186
7, 442
7, 314
7, 59
7, 187
7, 315
7, 443
7, 60
7, 188
7, 444
7, 316
7, 61
7, 189
7, 317
7, 445
7, 62
7, 190
7, 446
7, 318
7, 63
7, 191
7, 319
7, 447
7, 320
7, 448
7, 64
7, 192
7, 65
7, 321
7, 449
7, 193
7, 194
7, 322
7, 450
7, 66
7, 67
7, 323
7, 195
7, 196
7, 324
7, 68
7, 69
7, 325
7, 197
7, 198
7, 326
7, 70
7, 71
7, 327
7, 199
7, 200
7, 328
7, 72
7, 73
7, 329
7, 201
7, 202
7, 330
7, 74
7, 75
7, 331
7, 203
7, 204
7, 332
7, 76
7, 77
7, 333
7, 205
7, 206
7, 334
7, 78
7, 79
7, 335
7, 207
7, 208
7, 336
7, 80
7, 81
7, 337
7, 209
7, 210
7, 338
7, 82
7, 83
7, 339
7, 211
7, 212
7, 340
7, 84
7, 85
7, 341
7, 213
7, 214
7, 342
7, 86
7, 87
7, 343
7, 215
7, 216
7, 344
7, 88
7, 89
7, 345
7, 217
7, 218
7, 346
7, 90
7, 91
7, 347
7, 219
7, 220
7, 348
7, 92
7, 93
7, 349
7, 221
7, 222
7, 350
7, 94
7, 95
7, 351
7, 223
7, 224
7, 352
7, 96
7, 97
7, 353
7, 225
7, 226
7, 354
7, 98
7, 99
7, 355
7, 227
7, 228
7, 356
7, 100
7, 101
7, 357
7, 229
7, 230
7, 358
7, 102
7, 103
7, 359
7, 231
7, 232
7, 360
7, 104
7, 105
7, 361
7, 233
7, 234
7, 362
7, 106
7, 107
7, 363
7, 235
7, 236
7, 364
7, 108
7, 109
7, 365
7, 237
7, 238
7, 366
7, 110
7, 111
7, 367
7, 239
7, 240
7, 368
7, 112
7, 113
7, 369
7, 241
7, 242
7, 370
7, 114
7, 115
7, 371
7, 243
7, 244
7, 372
7, 116
7, 117
7, 373
7, 245
7, 246
7, 374
7, 118
7, 119
7, 375
7, 247
7, 248
7, 376
7, 120
7, 121
7, 377
7, 249
7, 250
7, 378
7, 122
7, 123
7, 379
7, 251
7, 252
7, 380
7, 124
7, 125
7, 381
7, 253
7, 254
7, 382
7, 126
7, 127
7, 383
7, 255
135, 256
135, 384
135, 385
135, 257
135, 386
135, 258
135, 387
135, 259
135, 388
135, 260
135, 261
135, 389
135, 390
135, 262
135, 263
135, 391
135, 136
135, 392
135, 264
135, 137
135, 265
135, 393
135, 138
135, 394
135, 266
135, 139
135, 267
135, 395
135, 140
135, 396
135, 268
135, 141
135, 269
135, 397
135, 142
135, 398
135, 270
135, 143
135, 271
135, 399
135, 144
135, 400
135, 272
135, 145
135, 273
135, 401
135, 146
135, 402
135, 274
135, 147
135, 275
135, 403
135, 148
135, 404
135, 276
135, 149
135, 277
135, 405
135, 150
135, 406
135, 278
135, 151
135, 279
135, 407
135, 152
135, 408
135, 280
135, 153
135, 281
135, 409
135, 154
135, 410
135, 282
135, 155
135, 283
135, 411
135, 156
135, 412
135, 284
135, 157
135, 285
135, 413
135, 158
135, 414
135, 286
135, 159
135, 287
135, 415
135, 160
135, 416
135, 288
135, 161
135, 289
135, 417
135, 162
135, 418
135, 290
135, 163
135, 291
135, 419
135, 164
135, 420
135, 292
135, 165
135, 293
135, 421
135, 166
135, 422
135, 294
135, 167
135, 295
135, 423
135, 168
135, 424
135, 296
135, 169
135, 297
135, 425
135, 170
135, 426
135, 298
135, 171
135, 299
135, 427
135, 172
135, 428
135, 300
135, 173
135, 301
135, 429
135, 174
135, 430
135, 302
135, 175
135, 303
135, 431
135, 176
135, 432
135, 304
135, 177
135, 305
135, 433
135, 178
135, 434
135, 306
135, 179
135, 307
135, 435
135, 180
135, 436
135, 308
135, 181
135, 309
135, 437
135, 182
135, 438
135, 310
135, 183
135, 311
135, 439
135, 184
135, 440
135, 312
135, 185
135, 313
135, 441
135, 186
135, 442
135, 314
135, 187
135, 315
135, 443
135, 188
135, 444
135, 316
135, 189
135, 317
135, 445
135, 190
135, 446
135, 318
135, 191
135, 319
135, 447
135, 448
135, 320
135, 192
135, 321
135, 449
135, 193
135, 194
135, 322
135, 450
135, 323
135, 195
135, 196
135, 324
135, 325
135, 197
135, 198
135, 326
135, 327
135, 199
135, 200
135, 328
135, 329
135, 201
135, 202
135, 330
135, 331
135, 203
135, 204
135, 332
135, 333
135, 205
135, 206
135, 334
135, 335
135, 207
135, 208
135, 336
135, 337
135, 209
135, 210
135, 338
135, 339
135, 211
135, 212
135, 340
135, 341
135, 213
135, 214
135, 342
135, 343
135, 215
135, 216
135, 344
135, 345
135, 217
135, 218
135, 346
135, 347
135, 219
135, 220
135, 348
135, 349
135, 221
135, 222
135, 350
135, 351
135, 223
135, 224
135, 352
135, 353
135, 225
135, 226
135, 354
135, 355
135, 227
135, 228
135, 356
135, 357
135, 229
135, 230
135, 358
135, 359
135, 231
135, 232
135, 360
135, 361
135, 233
135, 234
135, 362
135, 363
135, 235
135, 236
135, 364
135, 365
135, 237
135, 238
135, 366
135, 367
135, 239
135, 240
135, 368
135, 369
135, 241
135, 242
135, 370
135, 371
135, 243
135, 244
135, 372
135, 373
135, 245
135, 246
135, 374
135, 375
135, 247
135, 248
135, 376
135, 377
135, 249
135, 250
135, 378
135, 379
135, 251
135, 252
135, 380
135, 381
135, 253
135, 254
135, 382
135, 383
135, 255
392, 448
392, 449
392, 450
392, 393
392, 394
392, 395
392, 396
392, 397
392, 398
392, 399
392, 400
392, 401
392, 402
392, 403
392, 404
392, 405
392, 406
392, 407
392, 408
392, 409
392, 410
392, 411
392, 412
392, 413
392, 414
392, 415
392, 416
392, 417
392, 418
392, 419
392, 420
392, 421
392, 422
392, 423
392, 424
392, 425
392, 426
392, 427
392, 428
392, 429
392, 430
392, 431
392, 432
392, 433
392, 434
392, 435
392, 436
392, 437
392, 438
392, 439
392, 440
392, 441
392, 442
392, 443
392, 444
392, 445
392, 446
392, 447
264, 320
264, 384
264, 448
264, 321
264, 385
264, 449
264, 450
264, 322
264, 386
264, 387
264, 323
264, 388
264, 324
264, 389
264, 325
264, 326
264, 390
264, 391
264, 327
264, 328
264, 392
264, 393
264, 329
264, 265
264, 266
264, 330
264, 394
264, 395
264, 331
264, 267
264, 268
264, 332
264, 396
264, 397
264, 333
264, 269
264, 270
264, 334
264, 398
264, 399
264, 335
264, 271
264, 272
264, 336
264, 400
264, 401
264, 337
264, 273
264, 274
264, 338
264, 402
264, 403
264, 339
264, 275
264, 276
264, 340
264, 404
264, 405
264, 341
264, 277
264, 278
264, 342
264, 406
264, 407
264, 343
264, 279
264, 280
264, 344
264, 408
264, 409
264, 345
264, 281
264, 282
264, 346
264, 410
264, 411
264, 347
264, 283
264, 284
264, 348
264, 412
264, 413
264, 349
264, 285
264, 286
264, 350
264, 414
264, 415
264, 351
264, 287
264, 288
264, 352
264, 416
264, 417
264, 353
264, 289
264, 290
264, 354
264, 418
264, 419
264, 355
264, 291
264, 292
264, 356
264, 420
264, 421
264, 357
264, 293
264, 294
264, 358
264, 422
264, 423
264, 359
264, 295
264, 296
264, 360
264, 424
264, 425
264, 361
264, 297
264, 298
264, 362
264, 426
264, 427
264, 363
264, 299
264, 300
264, 364
264, 428
264, 429
264, 365
264, 301
264, 302
264, 366
264, 430
264, 431
264, 367
264, 303
264, 304
264, 368
264, 432
264, 433
264, 369
264, 305
264, 306
264, 370
264, 434
264, 435
264, 371
264, 307
264, 308
264, 372
264, 436
264, 437
264, 373
264, 309
264, 310
264, 374
264, 438
264, 439
264, 375
264, 311
264, 312
264, 376
264, 440
264, 441
264, 377
264, 313
264, 314
264, 378
264, 442
264, 443
264, 379
264, 315
264, 316
264, 380
264, 444
264, 445
264, 381
264, 317
264, 318
264, 382
264, 446
264, 447
264, 383
264, 319
8, 128
8, 384
8, 256
8, 257
8, 385
8, 129
8, 258
8, 386
8, 130
8, 387
8, 259
8, 131
8, 132
8, 388
8, 260
8, 133
8, 261
8, 389
8, 134
8, 390
8, 262
8, 135
8, 263
8, 391
8, 136
8, 392
8, 264
8, 9
8, 137
8, 265
8, 393
8, 10
8, 138
8, 394
8, 266
8, 11
8, 139
8, 267
8, 395
8, 12
8, 140
8, 396
8, 268
8, 13
8, 141
8, 269
8, 397
8, 14
8, 142
8, 398
8, 270
8, 15
8, 143
8, 271
8, 399
8, 16
8, 144
8, 400
8, 272
8, 17
8, 145
8, 273
8, 401
8, 18
8, 146
8, 402
8, 274
8, 19
8, 147
8, 275
8, 403
8, 20
8, 148
8, 404
8, 276
8, 21
8, 149
8, 277
8, 405
8, 22
8, 150
8, 406
8, 278
8, 23
8, 151
8, 279
8, 407
8, 24
8, 152
8, 408
8, 280
8, 25
8, 153
8, 281
8, 409
8, 26
8, 154
8, 410
8, 282
8, 27
8, 155
8, 283
8, 411
8, 28
8, 156
8, 412
8, 284
8, 29
8, 157
8, 285
8, 413
8, 30
8, 158
8, 414
8, 286
8, 31
8, 159
8, 287
8, 415
8, 32
8, 160
8, 416
8, 288
8, 33
8, 161
8, 289
8, 417
8, 34
8, 162
8, 418
8, 290
8, 35
8, 163
8, 291
8, 419
8, 36
8, 164
8, 420
8, 292
8, 37
8, 165
8, 293
8, 421
8, 38
8, 166
8, 422
8, 294
8, 39
8, 167
8, 295
8, 423
8, 40
8, 168
8, 424
8, 296
8, 41
8, 169
8, 297
8, 425
8, 42
8, 170
8, 426
8, 298
8, 43
8, 171
8, 299
8, 427
8, 44
8, 172
8, 428
8, 300
8, 45
8, 173
8, 301
8, 429
8, 46
8, 174
8, 430
8, 302
8, 47
8, 175
8, 303
8, 431
8, 48
8, 176
8, 432
8, 304
8, 49
8, 177
8, 305
8, 433
8, 50
8, 178
8, 434
8, 306
8, 51
8, 179
8, 307
8, 435
8, 52
8, 180
8, 436
8, 308
8, 53
8, 181
8, 309
8, 437
8, 54
8, 182
8, 438
8, 310
8, 55
8, 183
8, 311
8, 439
8, 56
8, 184
8, 440
8, 312
8, 57
8, 185
8, 313
8, 441
8, 58
8, 186
8, 442
8, 314
8, 59
8, 187
8, 315
8, 443
8, 60
8, 188
8, 444
8, 316
8, 61
8, 189
8, 317
8, 445
8, 62
8, 190
8, 446
8, 318
8, 63
8, 191
8, 319
8, 447
8, 64
8, 192
8, 448
8, 320
8, 193
8, 449
8, 321
8, 65
8, 66
8, 450
8, 322
8, 194
8, 195
8, 323
8, 67
8, 68
8, 324
8, 196
8, 197
8, 325
8, 69
8, 70
8, 326
8, 198
8, 199
8, 327
8, 71
8, 72
8, 328
8, 200
8, 201
8, 329
8, 73
8, 74
8, 330
8, 202
8, 203
8, 331
8, 75
8, 76
8, 332
8, 204
8, 205
8, 333
8, 77
8, 78
8, 334
8, 206
8, 207
8, 335
8, 79
8, 80
8, 336
8, 208
8, 209
8, 337
8, 81
8, 82
8, 338
8, 210
8, 211
8, 339
8, 83
8, 84
8, 340
8, 212
8, 213
8, 341
8, 85
8, 86
8, 342
8, 214
8, 215
8, 343
8, 87
8, 88
8, 344
8, 216
8, 217
8, 345
8, 89
8, 90
8, 346
8, 218
8, 219
8, 347
8, 91
8, 92
8, 348
8, 220
8, 221
8, 349
8, 93
8, 94
8, 350
8, 222
8, 223
8, 351
8, 95
8, 96
8, 352
8, 224
8, 225
8, 353
8, 97
8, 98
8, 354
8, 226
8, 227
8, 355
8, 99
8, 100
8, 356
8, 228
8, 229
8, 357
8, 101
8, 102
8, 358
8, 230
8, 231
8, 359
8, 103
8, 104
8, 360
8, 232
8, 233
8, 361
8, 105
8, 106
8, 362
8, 234
8, 235
8, 363
8, 107
8, 108
8, 364
8, 236
8, 237
8, 365
8, 109
8, 110
8, 366
8, 238
8, 239
8, 367
8, 111
8, 112
8, 368
8, 240
8, 241
8, 369
8, 113
8, 114
8, 370
8, 242
8, 243
8, 371
8, 115
8, 116
8, 372
8, 244
8, 245
8, 373
8, 117
8, 118
8, 374
8, 246
8, 247
8, 375
8, 119
8, 120
8, 376
8, 248
8, 249
8, 377
8, 121
8, 122
8, 378
8, 250
8, 251
8, 379
8, 123
8, 124
8, 380
8, 252
8, 253
8, 381
8, 125
8, 126
8, 382
8, 254
8, 255
8, 383
8, 127
136, 384
136, 256
136, 257
136, 385
136, 258
136, 386
136, 259
136, 387
136, 388
136, 260
136, 261
136, 389
136, 390
136, 262
136, 263
136, 391
136, 392
136, 264
136, 137
136, 265
136, 393
136, 138
136, 394
136, 266
136, 139
136, 267
136, 395
136, 140
136, 396
136, 268
136, 141
136, 269
136, 397
136, 142
136, 398
136, 270
136, 143
136, 271
136, 399
136, 144
136, 400
136, 272
136, 145
136, 273
136, 401
136, 146
136, 402
136, 274
136, 147
136, 275
136, 403
136, 148
136, 404
136, 276
136, 149
136, 277
136, 405
136, 150
136, 406
136, 278
136, 151
136, 279
136, 407
136, 152
136, 408
136, 280
136, 153
136, 281
136, 409
136, 154
136, 410
136, 282
136, 155
136, 283
136, 411
136, 156
136, 412
136, 284
136, 157
136, 285
136, 413
136, 158
136, 414
136, 286
136, 159
136, 287
136, 415
136, 160
136, 416
136, 288
136, 161
136, 289
136, 417
136, 162
136, 418
136, 290
136, 163
136, 291
136, 419
136, 164
136, 420
136, 292
136, 165
136, 293
136, 421
136, 166
136, 422
136, 294
136, 167
136, 295
136, 423
136, 168
136, 424
136, 296
136, 169
136, 297
136, 425
136, 170
136, 426
136, 298
136, 171
136, 299
136, 427
136, 172
136, 428
136, 300
136, 173
136, 301
136, 429
136, 174
136, 430
136, 302
136, 175
136, 303
136, 431
136, 176
136, 432
136, 304
136, 177
136, 305
136, 433
136, 178
136, 434
136, 306
136, 179
136, 307
136, 435
136, 180
136, 436
136, 308
136, 181
136, 309
136, 437
136, 182
136, 438
136, 310
136, 183
136, 311
136, 439
136, 184
136, 440
136, 312
136, 185
136, 313
136, 441
136, 186
136, 442
136, 314
136, 187
136, 315
136, 443
136, 188
136, 444
136, 316
136, 189
136, 317
136, 445
136, 190
136, 446
136, 318
136, 191
136, 319
136, 447
136, 448
136, 320
136, 192
136, 193
136, 449
136, 321
136, 450
136, 322
136, 194
136, 195
136, 323
136, 324
136, 196
136, 197
136, 325
136, 326
136, 198
136, 199
136, 327
136, 328
136, 200
136, 201
136, 329
136, 330
136, 202
136, 203
136, 331
136, 332
136, 204
136, 205
136, 333
136, 334
136, 206
136, 207
136, 335
136, 336
136, 208
136, 209
136, 337
136, 338
136, 210
136, 211
136, 339
136, 340
136, 212
136, 213
136, 341
136, 342
136, 214
136, 215
136, 343
136, 344
136, 216
136, 217
136, 345
136, 346
136, 218
136, 219
136, 347
136, 348
136, 220
136, 221
136, 349
136, 350
136, 222
136, 223
136, 351
136, 352
136, 224
136, 225
136, 353
136, 354
136, 226
136, 227
136, 355
136, 356
136, 228
136, 229
136, 357
136, 358
136, 230
136, 231
136, 359
136, 360
136, 232
136, 233
136, 361
136, 362
136, 234
136, 235
136, 363
136, 364
136, 236
136, 237
136, 365
136, 366
136, 238
136, 239
136, 367
136, 368
136, 240
136, 241
136, 369
136, 370
136, 242
136, 243
136, 371
136, 372
136, 244
136, 245
136, 373
136, 374
136, 246
136, 247
136, 375
136, 376
136, 248
136, 249
136, 377
136, 378
136, 250
136, 251
136, 379
136, 380
136, 252
136, 253
136, 381
136, 382
136, 254
136, 255
136, 383
393, 448
393, 449
393, 450
393, 394
393, 395
393, 396
393, 397
393, 398
393, 399
393, 400
393, 401
393, 402
393, 403
393, 404
393, 405
393, 406
393, 407
393, 408
393, 409
393, 410
393, 411
393, 412
393, 413
393, 414
393, 415
393, 416
393, 417
393, 418
393, 419
393, 420
393, 421
393, 422
393, 423
393, 424
393, 425
393, 426
393, 427
393, 428
393, 429
393, 430
393, 431
393, 432
393, 433
393, 434
393, 435
393, 436
393, 437
393, 438
393, 439
393, 440
393, 441
393, 442
393, 443
393, 444
393, 445
393, 446
393, 447
265, 320
265, 384
265, 448
265, 321
265, 385
265, 449
265, 322
265, 386
265, 450
265, 323
265, 387
265, 324
265, 388
265, 325
265, 389
265, 390
265, 326
265, 327
265, 391
265, 392
265, 328
265, 329
265, 393
265, 394
265, 330
265, 266
265, 267
265, 331
265, 395
265, 396
265, 332
265, 268
265, 269
265, 333
265, 397
265, 398
265, 334
265, 270
265, 271
265, 335
265, 399
265, 400
265, 336
265, 272
265, 273
265, 337
265, 401
265, 402
265, 338
265, 274
265, 275
265, 339
265, 403
265, 404
265, 340
265, 276
265, 277
265, 341
265, 405
265, 406
265, 342
265, 278
265, 279
265, 343
265, 407
265, 408
265, 344
265, 280
265, 281
265, 345
265, 409
265, 410
265, 346
265, 282
265, 283
265, 347
265, 411
265, 412
265, 348
265, 284
265, 285
265, 349
265, 413
265, 414
265, 350
265, 286
265, 287
265, 351
265, 415
265, 416
265, 352
265, 288
265, 289
265, 353
265, 417
265, 418
265, 354
265, 290
265, 291
265, 355
265, 419
265, 420
265, 356
265, 292
265, 293
265, 357
265, 421
265, 422
265, 358
265, 294
265, 295
265, 359
265, 423
265, 424
265, 360
265, 296
265, 297
265, 361
265, 425
265, 426
265, 362
265, 298
265, 299
265, 363
265, 427
265, 428
265, 364
265, 300
265, 301
265, 365
265, 429
265, 430
265, 366
265, 302
265, 303
265, 367
265, 431
265, 432
265, 368
265, 304
265, 305
265, 369
265, 433
265, 434
265, 370
265, 306
265, 307
265, 371
265, 435
265, 436
265, 372
265, 308
265, 309
265, 373
265, 437
265, 438
265, 374
265, 310
265, 311
265, 375
265, 439
265, 440
265, 376
265, 312
265, 313
265, 377
265, 441
265, 442
265, 378
265, 314
265, 315
265, 379
265, 443
265, 444
265, 380
265, 316
265, 317
265, 381
265, 445
265, 446
265, 382
265, 318
265, 319
265, 383
265, 447
9, 256
9, 384
9, 128
9, 129
9, 385
9, 257
9, 386
9, 258
9, 130
9, 387
9, 259
9, 131
9, 132
9, 388
9, 260
9, 133
9, 261
9, 389
9, 134
9, 390
9, 262
9, 135
9, 263
9, 391
9, 136
9, 392
9, 264
9, 137
9, 265
9, 393
9, 10
9, 138
9, 394
9, 266
9, 11
9, 139
9, 267
9, 395
9, 12
9, 140
9, 396
9, 268
9, 13
9, 141
9, 269
9, 397
9, 14
9, 142
9, 398
9, 270
9, 15
9, 143
9, 271
9, 399
9, 16
9, 144
9, 400
9, 272
9, 17
9, 145
9, 273
9, 401
9, 18
9, 146
9, 402
9, 274
9, 19
9, 147
9, 275
9, 403
9, 20
9, 148
9, 404
9, 276
9, 21
9, 149
9, 277
9, 405
9, 22
9, 150
9, 406
9, 278
9, 23
9, 151
9, 279
9, 407
9, 24
9, 152
9, 408
9, 280
9, 25
9, 153
9, 281
9, 409
9, 26
9, 154
9, 410
9, 282
9, 27
9, 155
9, 283
9, 411
9, 28
9, 156
9, 412
9, 284
9, 29
9, 157
9, 285
9, 413
9, 30
9, 158
9, 414
9, 286
9, 31
9, 159
9, 287
9, 415
9, 32
9, 160
9, 416
9, 288
9, 33
9, 161
9, 289
9, 417
9, 34
9, 162
9, 418
9, 290
9, 35
9, 163
9, 291
9, 419
9, 36
9, 164
9, 420
9, 292
9, 37
9, 165
9, 293
9, 421
9, 38
9, 166
9, 422
9, 294
9, 39
9, 167
9, 295
9, 423
9, 40
9, 168
9, 424
9, 296
9, 41
9, 169
9, 297
9, 425
9, 42
9, 170
9, 426
9, 298
9, 43
9, 171
9, 299
9, 427
9, 44
9, 172
9, 428
9, 300
9, 45
9, 173
9, 301
9, 429
9, 46
9, 174
9, 430
9, 302
9, 47
9, 175
9, 303
9, 431
9, 48
9, 176
9, 432
9, 304
9, 49
9, 177
9, 305
9, 433
9, 50
9, 178
9, 434
9, 306
9, 51
9, 179
9, 307
9, 435
9, 52
9, 180
9, 436
9, 308
9, 53
9, 181
9, 309
9, 437
9, 54
9, 182
9, 438
9, 310
9, 55
9, 183
9, 311
9, 439
9, 56
9, 184
9, 440
9, 312
9, 57
9, 185
9, 313
9, 441
9, 58
9, 186
9, 442
9, 314
9, 59
9, 187
9, 315
9, 443
9, 60
9, 188
9, 444
9, 316
9, 61
9, 189
9, 317
9, 445
9, 62
9, 190
9, 446
9, 318
9, 63
9, 191
9, 319
9, 447
9, 448
9, 320
9, 192
9, 64
9, 65
9, 321
9, 449
9, 193
9, 194
9, 322
9, 450
9, 66
9, 67
9, 323
9, 195
9, 196
9, 324
9, 68
9, 69
9, 325
9, 197
9, 198
9, 326
9, 70
9, 71
9, 327
9, 199
9, 200
9, 328
9, 72
9, 73
9, 329
9, 201
9, 202
9, 330
9, 74
9, 75
9, 331
9, 203
9, 204
9, 332
9, 76
9, 77
9, 333
9, 205
9, 206
9, 334
9, 78
9, 79
9, 335
9, 207
9, 208
9, 336
9, 80
9, 81
9, 337
9, 209
9, 210
9, 338
9, 82
9, 83
9, 339
9, 211
9, 212
9, 340
9, 84
9, 85
9, 341
9, 213
9, 214
9, 342
9, 86
9, 87
9, 343
9, 215
9, 216
9, 344
9, 88
9, 89
9, 345
9, 217
9, 218
9, 346
9, 90
9, 91
9, 347
9, 219
9, 220
9, 348
9, 92
9, 93
9, 349
9, 221
9, 222
9, 350
9, 94
9, 95
9, 351
9, 223
9, 224
9, 352
9, 96
9, 97
9, 353
9, 225
9, 226
9, 354
9, 98
9, 99
9, 355
9, 227
9, 228
9, 356
9, 100
9, 101
9, 357
9, 229
9, 230
9, 358
9, 102
9, 103
9, 359
9, 231
9, 232
9, 360
9, 104
9, 105
9, 361
9, 233
9, 234
9, 362
9, 106
9, 107
9, 363
9, 235
9, 236
9, 364
9, 108
9, 109
9, 365
9, 237
9, 238
9, 366
9, 110
9, 111
9, 367
9, 239
9, 240
9, 368
9, 112
9, 113
9, 369
9, 241
9, 242
9, 370
9, 114
9, 115
9, 371
9, 243
9, 244
9, 372
9, 116
9, 117
9, 373
9, 245
9, 246
9, 374
9, 118
9, 119
9, 375
9, 247
9, 248
9, 376
9, 120
9, 121
9, 377
9, 249
9, 250
9, 378
9, 122
9, 123
9, 379
9, 251
9, 252
9, 380
9, 124
9, 125
9, 381
9, 253
9, 254
9, 382
9, 126
9, 127
9, 383
9, 255
137, 256
137, 384
137, 385
137, 257
137, 386
137, 258
137, 387
137, 259
137, 388
137, 260
137, 261
137, 389
137, 390
137, 262
137, 263
137, 391
137, 392
137, 264
137, 265
137, 393
137, 138
137, 394
137, 266
137, 139
137, 267
137, 395
137, 140
137, 396
137, 268
137, 141
137, 269
137, 397
137, 142
137, 398
137, 270
137, 143
137, 271
137, 399
137, 144
137, 400
137, 272
137, 145
137, 273
137, 401
137, 146
137, 402
137, 274
137, 147
137, 275
137, 403
137, 148
137, 404
137, 276
137, 149
137, 277
137, 405
137, 150
137, 406
137, 278
137, 151
137, 279
137, 407
137, 152
137, 408
137, 280
137, 153
137, 281
137, 409
137, 154
137, 410
137, 282
137, 155
137, 283
137, 411
137, 156
137, 412
137, 284
137, 157
137, 285
137, 413
137, 158
137, 414
137, 286
137, 159
137, 287
137, 415
137, 160
137, 416
137, 288
137, 161
137, 289
137, 417
137, 162
137, 418
137, 290
137, 163
137, 291
137, 419
137, 164
137, 420
137, 292
137, 165
137, 293
137, 421
137, 166
137, 422
137, 294
137, 167
137, 295
137, 423
137, 168
137, 424
137, 296
137, 169
137, 297
137, 425
137, 170
137, 426
137, 298
137, 171
137, 299
137, 427
137, 172
137, 428
137, 300
137, 173
137, 301
137, 429
137, 174
137, 430
137, 302
137, 175
137, 303
137, 431
137, 176
137, 432
137, 304
137, 177
137, 305
137, 433
137, 178
137, 434
137, 306
137, 179
137, 307
137, 435
137, 180
137, 436
137, 308
137, 181
137, 309
137, 437
137, 182
137, 438
137, 310
137, 183
137, 311
137, 439
137, 184
137, 440
137, 312
137, 185
137, 313
137, 441
137, 186
137, 442
137, 314
137, 187
137, 315
137, 443
137, 188
137, 444
137, 316
137, 189
137, 317
137, 445
137, 190
137, 446
137, 318
137, 191
137, 319
137, 447
137, 448
137, 320
137, 192
137, 321
137, 449
137, 193
137, 194
137, 322
137, 450
137, 323
137, 195
137, 196
137, 324
137, 325
137, 197
137, 198
137, 326
137, 327
137, 199
137, 200
137, 328
137, 329
137, 201
137, 202
137, 330
137, 331
137, 203
137, 204
137, 332
137, 333
137, 205
137, 206
137, 334
137, 335
137, 207
137, 208
137, 336
137, 337
137, 209
137, 210
137, 338
137, 339
137, 211
137, 212
137, 340
137, 341
137, 213
137, 214
137, 342
137, 343
137, 215
137, 216
137, 344
137, 345
137, 217
137, 218
137, 346
137, 347
137, 219
137, 220
137, 348
137, 349
137, 221
137, 222
137, 350
137, 351
137, 223
137, 224
137, 352
137, 353
137, 225
137, 226
137, 354
137, 355
137, 227
137, 228
137, 356
137, 357
137, 229
137, 230
137, 358
137, 359
137, 231
137, 232
137, 360
137, 361
137, 233
137, 234
137, 362
137, 363
137, 235
137, 236
137, 364
137, 365
137, 237
137, 238
137, 366
137, 367
137, 239
137, 240
137, 368
137, 369
137, 241
137, 242
137, 370
137, 371
137, 243
137, 244
137, 372
137, 373
137, 245
137, 246
137, 374
137, 375
137, 247
137, 248
137, 376
137, 377
137, 249
137, 250
137, 378
137, 379
137, 251
137, 252
137, 380
137, 381
137, 253
137, 254
137, 382
137, 383
137, 255
394, 448
394, 449
394, 450
394, 395
394, 396
394, 397
394, 398
394, 399
394, 400
394, 401
394, 402
394, 403
394, 404
394, 405
394, 406
394, 407
394, 408
394, 409
394, 410
394, 411
394, 412
394, 413
394, 414
394, 415
394, 416
394, 417
394, 418
394, 419
394, 420
394, 421
394, 422
394, 423
394, 424
394, 425
394, 426
394, 427
394, 428
394, 429
394, 430
394, 431
394, 432
394, 433
394, 434
394, 435
394, 436
394, 437
394, 438
394, 439
394, 440
394, 441
394, 442
394, 443
394, 444
394, 445
394, 446
394, 447
266, 320
266, 384
266, 448
266, 321
266, 385
266, 449
266, 386
266, 450
266, 322
266, 387
266, 323
266, 388
266, 324
266, 389
266, 325
266, 326
266, 390
266, 391
266, 327
266, 328
266, 392
266, 393
266, 329
266, 330
266, 394
266, 395
266, 331
266, 267
266, 268
266, 332
266, 396
266, 397
266, 333
266, 269
266, 270
266, 334
266, 398
266, 399
266, 335
266, 271
266, 272
266, 336
266, 400
266, 401
266, 337
266, 273
266, 274
266, 338
266, 402
266, 403
266, 339
266, 275
266, 276
266, 340
266, 404
266, 405
266, 341
266, 277
266, 278
266, 342
266, 406
266, 407
266, 343
266, 279
266, 280
266, 344
266, 408
266, 409
266, 345
266, 281
266, 282
266, 346
266, 410
266, 411
266, 347
266, 283
266, 284
266, 348
266, 412
266, 413
266, 349
266, 285
266, 286
266, 350
266, 414
266, 415
266, 351
266, 287
266, 288
266, 352
266, 416
266, 417
266, 353
266, 289
266, 290
266, 354
266, 418
266, 419
266, 355
266, 291
266, 292
266, 356
266, 420
266, 421
266, 357
266, 293
266, 294
266, 358
266, 422
266, 423
266, 359
266, 295
266, 296
266, 360
266, 424
266, 425
266, 361
266, 297
266, 298
266, 362
266, 426
266, 427
266, 363
266, 299
266, 300
266, 364
266, 428
266, 429
266, 365
266, 301
266, 302
266, 366
266, 430
266, 431
266, 367
266, 303
266, 304
266, 368
266, 432
266, 433
266, 369
266, 305
266, 306
266, 370
266, 434
266, 435
266, 371
266, 307
266, 308
266, 372
266, 436
266, 437
266, 373
266, 309
266, 310
266, 374
266, 438
266, 439
266, 375
266, 311
266, 312
266, 376
266, 440
266, 441
266, 377
266, 313
266, 314
266, 378
266, 442
266, 443
266, 379
266, 315
266, 316
266, 380
266, 444
266, 445
266, 381
266, 317
266, 318
266, 382
266, 446
266, 447
266, 383
266, 319
10, 128
10, 384
10, 256
10, 257
10, 385
10, 129
10, 258
10, 386
10, 130
10, 387
10, 259
10, 131
10, 132
10, 388
10, 260
10, 133
10, 261
10, 389
10, 134
10, 390
10, 262
10, 135
10, 263
10, 391
10, 136
10, 392
10, 264
10, 137
10, 265
10, 393
10, 138
10, 394
10, 266
10, 11
10, 139
10, 267
10, 395
10, 12
10, 140
10, 396
10, 268
10, 13
10, 141
10, 269
10, 397
10, 14
10, 142
10, 398
10, 270
10, 15
10, 143
10, 271
10, 399
10, 16
10, 144
10, 400
10, 272
10, 17
10, 145
10, 273
10, 401
10, 18
10, 146
10, 402
10, 274
10, 19
10, 147
10, 275
10, 403
10, 20
10, 148
10, 404
10, 276
10, 21
10, 149
10, 277
10, 405
10, 22
10, 150
10, 406
10, 278
10, 23
10, 151
10, 279
10, 407
10, 24
10, 152
10, 408
10, 280
10, 25
10, 153
10, 281
10, 409
10, 26
10, 154
10, 410
10, 282
10, 27
10, 155
10, 283
10, 411
10, 28
10, 156
10, 412
10, 284
10, 29
10, 157
10, 285
10, 413
10, 30
10, 158
10, 414
10, 286
10, 31
10, 159
10, 287
10, 415
10, 32
10, 160
10, 416
10, 288
10, 33
10, 161
10, 289
10, 417
10, 34
10, 162
10, 418
10, 290
10, 35
10, 163
10, 291
10, 419
10, 36
10, 164
10, 420
10, 292
10, 37
10, 165
10, 293
10, 421
10, 38
10, 166
10, 422
10, 294
10, 39
10, 167
10, 295
10, 423
10, 40
10, 168
10, 424
10, 296
10, 41
10, 169
10, 297
10, 425
10, 42
10, 170
10, 426
10, 298
10, 43
10, 171
10, 299
10, 427
10, 44
10, 172
10, 428
10, 300
10, 45
10, 173
10, 301
10, 429
10, 46
10, 174
10, 430
10, 302
10, 47
10, 175
10, 303
10, 431
10, 48
10, 176
10, 432
10, 304
10, 49
10, 177
10, 305
10, 433
10, 50
10, 178
10, 434
10, 306
10, 51
10, 179
10, 307
10, 435
10, 52
10, 180
10, 436
10, 308
10, 53
10, 181
10, 309
10, 437
10, 54
10, 182
10, 438
10, 310
10, 55
10, 183
10, 311
10, 439
10, 56
10, 184
10, 440
10, 312
10, 57
10, 185
10, 313
10, 441
10, 58
10, 186
10, 442
10, 314
10, 59
10, 187
10, 315
10, 443
10, 60
10, 188
10, 444
10, 316
10, 61
10, 189
10, 317
10, 445
10, 62
10, 190
10, 446
10, 318
10, 63
10, 191
10, 319
10, 447
10, 192
10, 64
10, 320
10, 448
10, 193
10, 449
10, 321
10, 65
10, 66
10, 450
10, 322
10, 194
10, 195
10, 323
10, 67
10, 68
10, 324
10, 196
10, 197
10, 325
10, 69
10, 70
10, 326
10, 198
10, 199
10, 327
10, 71
10, 72
10, 328
10, 200
10, 201
10, 329
10, 73
10, 74
10, 330
10, 202
10, 203
10, 331
10, 75
10, 76
10, 332
10, 204
10, 205
10, 333
10, 77
10, 78
10, 334
10, 206
10, 207
10, 335
10, 79
10, 80
10, 336
10, 208
10, 209
10, 337
10, 81
10, 82
10, 338
10, 210
10, 211
10, 339
10, 83
10, 84
10, 340
10, 212
10, 213
10, 341
10, 85
10, 86
10, 342
10, 214
10, 215
10, 343
10, 87
10, 88
10, 344
10, 216
10, 217
10, 345
10, 89
10, 90
10, 346
10, 218
10, 219
10, 347
10, 91
10, 92
10, 348
10, 220
10, 221
10, 349
10, 93
10, 94
10, 350
10, 222
10, 223
10, 351
10, 95
10, 96
10, 352
10, 224
10, 225
10, 353
10, 97
10, 98
10, 354
10, 226
10, 227
10, 355
10, 99
10, 100
10, 356
10, 228
10, 229
10, 357
10, 101
10, 102
10, 358
10, 230
10, 231
10, 359
10, 103
10, 104
10, 360
10, 232
10, 233
10, 361
10, 105
10, 106
10, 362
10, 234
10, 235
10, 363
10, 107
10, 108
10, 364
10, 236
10, 237
10, 365
10, 109
10, 110
10, 366
10, 238
10, 239
10, 367
10, 111
10, 112
10, 368
10, 240
10, 241
10, 369
10, 113
10, 114
10, 370
10, 242
10, 243
10, 371
10, 115
10, 116
10, 372
10, 244
10, 245
10, 373
10, 117
10, 118
10, 374
10, 246
10, 247
10, 375
10, 119
10, 120
10, 376
10, 248
10, 249
10, 377
10, 121
10, 122
10, 378
10, 250
10, 251
10, 379
10, 123
10, 124
10, 380
10, 252
10, 253
10, 381
10, 125
10, 126
10, 382
10, 254
10, 255
10, 383
10, 127
138, 384
138, 256
138, 257
138, 385
138, 258
138, 386
138, 259
138, 387
138, 388
138, 260
138, 261
138, 389
138, 390
138, 262
138, 263
138, 391
138, 392
138, 264
138, 265
138, 393
138, 394
138, 266
138, 139
138, 267
138, 395
138, 140
138, 396
138, 268
138, 141
138, 269
138, 397
138, 142
138, 398
138, 270
138, 143
138, 271
138, 399
138, 144
138, 400
138, 272
138, 145
138, 273
138, 401
138, 146
138, 402
138, 274
138, 147
138, 275
138, 403
138, 148
138, 404
138, 276
138, 149
138, 277
138, 405
138, 150
138, 406
138, 278
138, 151
138, 279
138, 407
138, 152
138, 408
138, 280
138, 153
138, 281
138, 409
138, 154
138, 410
138, 282
138, 155
138, 283
138, 411
138, 156
138, 412
138, 284
138, 157
138, 285
138, 413
138, 158
138, 414
138, 286
138, 159
138, 287
138, 415
138, 160
138, 416
138, 288
138, 161
138, 289
138, 417
138, 162
138, 418
138, 290
138, 163
138, 291
138, 419
138, 164
138, 420
138, 292
138, 165
138, 293
138, 421
138, 166
138, 422
138, 294
138, 167
138, 295
138, 423
138, 168
138, 424
138, 296
138, 169
138, 297
138, 425
138, 170
138, 426
138, 298
138, 171
138, 299
138, 427
138, 172
138, 428
138, 300
138, 173
138, 301
138, 429
138, 174
138, 430
138, 302
138, 175
138, 303
138, 431
138, 176
138, 432
138, 304
138, 177
138, 305
138, 433
138, 178
138, 434
138, 306
138, 179
138, 307
138, 435
138, 180
138, 436
138, 308
138, 181
138, 309
138, 437
138, 182
138, 438
138, 310
138, 183
138, 311
138, 439
138, 184
138, 440
138, 312
138, 185
138, 313
138, 441
138, 186
138, 442
138, 314
138, 187
138, 315
138, 443
138, 188
138, 444
138, 316
138, 189
138, 317
138, 445
138, 190
138, 446
138, 318
138, 191
138, 319
138, 447
138, 448
138, 320
138, 192
138, 193
138, 449
138, 321
138, 450
138, 322
138, 194
138, 195
138, 323
138, 324
138, 196
138, 197
138, 325
138, 326
138, 198
138, 199
138, 327
138, 328
138, 200
138, 201
138, 329
138, 330
138, 202
138, 203
138, 331
138, 332
138, 204
138, 205
138, 333
138, 334
138, 206
138, 207
138, 335
138, 336
138, 208
138, 209
138, 337
138, 338
138, 210
138, 211
138, 339
138, 340
138, 212
138, 213
138, 341
138, 342
138, 214
138, 215
138, 343
138, 344
138, 216
138, 217
138, 345
138, 346
138, 218
138, 219
138, 347
138, 348
138, 220
138, 221
138, 349
138, 350
138, 222
138, 223
138, 351
138, 352
138, 224
138, 225
138, 353
138, 354
138, 226
138, 227
138, 355
138, 356
138, 228
138, 229
138, 357
138, 358
138, 230
138, 231
138, 359
138, 360
138, 232
138, 233
138, 361
138, 362
138, 234
138, 235
138, 363
138, 364
138, 236
138, 237
138, 365
138, 366
138, 238
138, 239
138, 367
138, 368
138, 240
138, 241
138, 369
138, 370
138, 242
138, 243
138, 371
138, 372
138, 244
138, 245
138, 373
138, 374
138, 246
138, 247
138, 375
138, 376
138, 248
138, 249
138, 377
138, 378
138, 250
138, 251
138, 379
138, 380
138, 252
138, 253
138, 381
138, 382
138, 254
138, 255
138, 383
395, 448
395, 449
395, 450
395, 396
395, 397
395, 398
395, 399
395, 400
395, 401
395, 402
395, 403
395, 404
395, 405
395, 406
395, 407
395, 408
395, 409
395, 410
395, 411
395, 412
395, 413
395, 414
395, 415
395, 416
395, 417
395, 418
395, 419
395, 420
395, 421
395, 422
395, 423
395, 424
395, 425
395, 426
395, 427
395, 428
395, 429
395, 430
395, 431
395, 432
395, 433
395, 434
395, 435
395, 436
395, 437
395, 438
395, 439
395, 440
395, 441
395, 442
395, 443
395, 444
395, 445
395, 446
395, 447
267, 320
267, 384
267, 448
267, 321
267, 385
267, 449
267, 450
267, 322
267, 386
267, 323
267, 387
267, 324
267, 388
267, 325
267, 389
267, 390
267, 326
267, 327
267, 391
267, 392
267, 328
267, 329
267, 393
267, 394
267, 330
267, 331
267, 395
267, 396
267, 332
267, 268
267, 269
267, 333
267, 397
267, 398
267, 334
267, 270
267, 271
267, 335
267, 399
267, 400
267, 336
267, 272
267, 273
267, 337
267, 401
267, 402
267, 338
267, 274
267, 275
267, 339
267, 403
267, 404
267, 340
267, 276
267, 277
267, 341
267, 405
267, 406
267, 342
267, 278
267, 279
267, 343
267, 407
267, 408
267, 344
267, 280
267, 281
267, 345
267, 409
267, 410
267, 346
267, 282
267, 283
267, 347
267, 411
267, 412
267, 348
267, 284
267, 285
267, 349
267, 413
267, 414
267, 350
267, 286
267, 287
267, 351
267, 415
267, 416
267, 352
267, 288
267, 289
267, 353
267, 417
267, 418
267, 354
267, 290
267, 291
267, 355
267, 419
267, 420
267, 356
267, 292
267, 293
267, 357
267, 421
267, 422
267, 358
267, 294
267, 295
267, 359
267, 423
267, 424
267, 360
267, 296
267, 297
267, 361
267, 425
267, 426
267, 362
267, 298
267, 299
267, 363
267, 427
267, 428
267, 364
267, 300
267, 301
267, 365
267, 429
267, 430
267, 366
267, 302
267, 303
267, 367
267, 431
267, 432
267, 368
267, 304
267, 305
267, 369
267, 433
267, 434
267, 370
267, 306
267, 307
267, 371
267, 435
267, 436
267, 372
267, 308
267, 309
267, 373
267, 437
267, 438
267, 374
267, 310
267, 311
267, 375
267, 439
267, 440
267, 376
267, 312
267, 313
267, 377
267, 441
267, 442
267, 378
267, 314
267, 315
267, 379
267, 443
267, 444
267, 380
267, 316
267, 317
267, 381
267, 445
267, 446
267, 382
267, 318
267, 319
267, 383
267, 447
11, 256
11, 384
11, 128
11, 129
11, 385
11, 257
11, 386
11, 258
11, 130
11, 387
11, 259
11, 131
11, 132
11, 388
11, 260
11, 133
11, 261
11, 389
11, 134
11, 390
11, 262
11, 135
11, 263
11, 391
11, 136
11, 392
11, 264
11, 137
11, 265
11, 393
11, 138
11, 394
11, 266
11, 139
11, 267
11, 395
11, 12
11, 140
11, 396
11, 268
11, 13
11, 141
11, 269
11, 397
11, 14
11, 142
11, 398
11, 270
11, 15
11, 143
11, 271
11, 399
11, 16
11, 144
11, 400
11, 272
11, 17
11, 145
11, 273
11, 401
11, 18
11, 146
11, 402
11, 274
11, 19
11, 147
11, 275
11, 403
11, 20
11, 148
11, 404
11, 276
11, 21
11, 149
11, 277
11, 405
11, 22
11, 150
11, 406
11, 278
11, 23
11, 151
11, 279
11, 407
11, 24
11, 152
11, 408
11, 280
11, 25
11, 153
11, 281
11, 409
11, 26
11, 154
11, 410
11, 282
11, 27
11, 155
11, 283
11, 411
11, 28
11, 156
11, 412
11, 284
11, 29
11, 157
11, 285
11, 413
11, 30
11, 158
11, 414
11, 286
11, 31
11, 159
11, 287
11, 415
11, 32
11, 160
11, 416
11, 288
11, 33
11, 161
11, 289
11, 417
11, 34
11, 162
11, 418
11, 290
11, 35
11, 163
11, 291
11, 419
11, 36
11, 164
11, 420
11, 292
11, 37
11, 165
11, 293
11, 421
11, 38
11, 166
11, 422
11, 294
11, 39
11, 167
11, 295
11, 423
11, 40
11, 168
11, 424
11, 296
11, 41
11, 169
11, 297
11, 425
11, 42
11, 170
11, 426
11, 298
11, 43
11, 171
11, 299
11, 427
11, 44
11, 172
11, 428
11, 300
11, 45
11, 173
11, 301
11, 429
11, 46
11, 174
11, 430
11, 302
11, 47
11, 175
11, 303
11, 431
11, 48
11, 176
11, 432
11, 304
11, 49
11, 177
11, 305
11, 433
11, 50
11, 178
11, 434
11, 306
11, 51
11, 179
11, 307
11, 435
11, 52
11, 180
11, 436
11, 308
11, 53
11, 181
11, 309
11, 437
11, 54
11, 182
11, 438
11, 310
11, 55
11, 183
11, 311
11, 439
11, 56
11, 184
11, 440
11, 312
11, 57
11, 185
11, 313
11, 441
11, 58
11, 186
11, 442
11, 314
11, 59
11, 187
11, 315
11, 443
11, 60
11, 188
11, 444
11, 316
11, 61
11, 189
11, 317
11, 445
11, 62
11, 190
11, 446
11, 318
11, 63
11, 191
11, 319
11, 447
11, 320
11, 448
11, 64
11, 192
11, 65
11, 321
11, 449
11, 193
11, 194
11, 322
11, 450
11, 66
11, 67
11, 323
11, 195
11, 196
11, 324
11, 68
11, 69
11, 325
11, 197
11, 198
11, 326
11, 70
11, 71
11, 327
11, 199
11, 200
11, 328
11, 72
11, 73
11, 329
11, 201
11, 202
11, 330
11, 74
11, 75
11, 331
11, 203
11, 204
11, 332
11, 76
11, 77
11, 333
11, 205
11, 206
11, 334
11, 78
11, 79
11, 335
11, 207
11, 208
11, 336
11, 80
11, 81
11, 337
11, 209
11, 210
11, 338
11, 82
11, 83
11, 339
11, 211
11, 212
11, 340
11, 84
11, 85
11, 341
11, 213
11, 214
11, 342
11, 86
11, 87
11, 343
11, 215
11, 216
11, 344
11, 88
11, 89
11, 345
11, 217
11, 218
11, 346
11, 90
11, 91
11, 347
11, 219
11, 220
11, 348
11, 92
11, 93
11, 349
11, 221
11, 222
11, 350
11, 94
11, 95
11, 351
11, 223
11, 224
11, 352
11, 96
11, 97
11, 353
11, 225
11, 226
11, 354
11, 98
11, 99
11, 355
11, 227
11, 228
11, 356
11, 100
11, 101
11, 357
11, 229
11, 230
11, 358
11, 102
11, 103
11, 359
11, 231
11, 232
11, 360
11, 104
11, 105
11, 361
11, 233
11, 234
11, 362
11, 106
11, 107
11, 363
11, 235
11, 236
11, 364
11, 108
11, 109
11, 365
11, 237
11, 238
11, 366
11, 110
11, 111
11, 367
11, 239
11, 240
11, 368
11, 112
11, 113
11, 369
11, 241
11, 242
11, 370
11, 114
11, 115
11, 371
11, 243
11, 244
11, 372
11, 116
11, 117
11, 373
11, 245
11, 246
11, 374
11, 118
11, 119
11, 375
11, 247
11, 248
11, 376
11, 120
11, 121
11, 377
11, 249
11, 250
11, 378
11, 122
11, 123
11, 379
11, 251
11, 252
11, 380
11, 124
11, 125
11, 381
11, 253
11, 254
11, 382
11, 126
11, 127
11, 383
11, 255
139, 256
139, 384
139, 385
139, 257
139, 386
139, 258
139, 387
139, 259
139, 388
139, 260
139, 261
139, 389
139, 390
139, 262
139, 263
139, 391
139, 392
139, 264
139, 265
139, 393
139, 394
139, 266
139, 267
139, 395
139, 140
139, 396
139, 268
139, 141
139, 269
139, 397
139, 142
139, 398
139, 270
139, 143
139, 271
139, 399
139, 144
139, 400
139, 272
139, 145
139, 273
139, 401
139, 146
139, 402
139, 274
139, 147
139, 275
139, 403
139, 148
139, 404
139, 276
139, 149
139, 277
139, 405
139, 150
139, 406
139, 278
139, 151
139, 279
139, 407
139, 152
139, 408
139, 280
139, 153
139, 281
139, 409
139, 154
139, 410
139, 282
139, 155
139, 283
139, 411
139, 156
139, 412
139, 284
139, 157
139, 285
139, 413
139, 158
139, 414
139, 286
139, 159
139, 287
139, 415
139, 160
139, 416
139, 288
139, 161
139, 289
139, 417
139, 162
139, 418
139, 290
139, 163
139, 291
139, 419
139, 164
139, 420
139, 292
139, 165
139, 293
139, 421
139, 166
139, 422
139, 294
139, 167
139, 295
139, 423
139, 168
139, 424
139, 296
139, 169
139, 297
139, 425
139, 170
139, 426
139, 298
139, 171
139, 299
139, 427
139, 172
139, 428
139, 300
139, 173
139, 301
139, 429
139, 174
139, 430
139, 302
139, 175
139, 303
139, 431
139, 176
139, 432
139, 304
139, 177
139, 305
139, 433
139, 178
139, 434
139, 306
139, 179
139, 307
139, 435
139, 180
139, 436
139, 308
139, 181
139, 309
139, 437
139, 182
139, 438
139, 310
139, 183
139, 311
139, 439
139, 184
139, 440
139, 312
139, 185
139, 313
139, 441
139, 186
139, 442
139, 314
139, 187
139, 315
139, 443
139, 188
139, 444
139, 316
139, 189
139, 317
139, 445
139, 190
139, 446
139, 318
139, 191
139, 319
139, 447
139, 448
139, 320
139, 192
139, 321
139, 449
139, 193
139, 194
139, 322
139, 450
139, 323
139, 195
139, 196
139, 324
139, 325
139, 197
139, 198
139, 326
139, 327
139, 199
139, 200
139, 328
139, 329
139, 201
139, 202
139, 330
139, 331
139, 203
139, 204
139, 332
139, 333
139, 205
139, 206
139, 334
139, 335
139, 207
139, 208
139, 336
139, 337
139, 209
139, 210
139, 338
139, 339
139, 211
139, 212
139, 340
139, 341
139, 213
139, 214
139, 342
139, 343
139, 215
139, 216
139, 344
139, 345
139, 217
139, 218
139, 346
139, 347
139, 219
139, 220
139, 348
139, 349
139, 221
139, 222
139, 350
139, 351
139, 223
139, 224
139, 352
139, 353
139, 225
139, 226
139, 354
139, 355
139, 227
139, 228
139, 356
139, 357
139, 229
139, 230
139, 358
139, 359
139, 231
139, 232
139, 360
139, 361
139, 233
139, 234
139, 362
139, 363
139, 235
139, 236
139, 364
139, 365
139, 237
139, 238
139, 366
139, 367
139, 239
139, 240
139, 368
139, 369
139, 241
139, 242
139, 370
139, 371
139, 243
139, 244
139, 372
139, 373
139, 245
139, 246
139, 374
139, 375
139, 247
139, 248
139, 376
139, 377
139, 249
139, 250
139, 378
139, 379
139, 251
139, 252
139, 380
139, 381
139, 253
139, 254
139, 382
139, 383
139, 255
396, 448
396, 449
396, 450
396, 397
396, 398
396, 399
396, 400
396, 401
396, 402
396, 403
396, 404
396, 405
396, 406
396, 407
396, 408
396, 409
396, 410
396, 411
396, 412
396, 413
396, 414
396, 415
396, 416
396, 417
396, 418
396, 419
396, 420
396, 421
396, 422
396, 423
396, 424
396, 425
396, 426
396, 427
396, 428
396, 429
396, 430
396, 431
396, 432
396, 433
396, 434
396, 435
396, 436
396, 437
396, 438
396, 439
396, 440
396, 441
396, 442
396, 443
396, 444
396, 445
396, 446
396, 447
268, 320
268, 384
268, 448
268, 321
268, 385
268, 449
268, 322
268, 386
268, 450
268, 387
268, 323
268, 388
268, 324
268, 389
268, 325
268, 326
268, 390
268, 391
268, 327
268, 328
268, 392
268, 393
268, 329
268, 330
268, 394
268, 395
268, 331
268, 332
268, 396
268, 397
268, 333
268, 269
268, 270
268, 334
268, 398
268, 399
268, 335
268, 271
268, 272
268, 336
268, 400
268, 401
268, 337
268, 273
268, 274
268, 338
268, 402
268, 403
268, 339
268, 275
268, 276
268, 340
268, 404
268, 405
268, 341
268, 277
268, 278
268, 342
268, 406
268, 407
268, 343
268, 279
268, 280
268, 344
268, 408
268, 409
268, 345
268, 281
268, 282
268, 346
268, 410
268, 411
268, 347
268, 283
268, 284
268, 348
268, 412
268, 413
268, 349
268, 285
268, 286
268, 350
268, 414
268, 415
268, 351
268, 287
268, 288
268, 352
268, 416
268, 417
268, 353
268, 289
268, 290
268, 354
268, 418
268, 419
268, 355
268, 291
268, 292
268, 356
268, 420
268, 421
268, 357
268, 293
268, 294
268, 358
268, 422
268, 423
268, 359
268, 295
268, 296
268, 360
268, 424
268, 425
268, 361
268, 297
268, 298
268, 362
268, 426
268, 427
268, 363
268, 299
268, 300
268, 364
268, 428
268, 429
268, 365
268, 301
268, 302
268, 366
268, 430
268, 431
268, 367
268, 303
268, 304
268, 368
268, 432
268, 433
268, 369
268, 305
268, 306
268, 370
268, 434
268, 435
268, 371
268, 307
268, 308
268, 372
268, 436
268, 437
268, 373
268, 309
268, 310
268, 374
268, 438
268, 439
268, 375
268, 311
268, 312
268, 376
268, 440
268, 441
268, 377
268, 313
268, 314
268, 378
268, 442
268, 443
268, 379
268, 315
268, 316
268, 380
268, 444
268, 445
268, 381
268, 317
268, 318
268, 382
268, 446
268, 447
268, 383
268, 319
12, 128
12, 384
12, 256
12, 257
12, 385
12, 129
12, 258
12, 386
12, 130
12, 387
12, 259
12, 131
12, 132
12, 388
12, 260
12, 133
12, 261
12, 389
12, 134
12, 390
12, 262
12, 135
12, 263
12, 391
12, 136
12, 392
12, 264
12, 137
12, 265
12, 393
12, 138
12, 394
12, 266
12, 139
12, 267
12, 395
12, 140
12, 396
12, 268
12, 13
12, 141
12, 269
12, 397
12, 14
12, 142
12, 398
12, 270
12, 15
12, 143
12, 271
12, 399
12, 16
12, 144
12, 400
12, 272
12, 17
12, 145
12, 273
12, 401
12, 18
12, 146
12, 402
12, 274
12, 19
12, 147
12, 275
12, 403
12, 20
12, 148
12, 404
12, 276
12, 21
12, 149
12, 277
12, 405
12, 22
12, 150
12, 406
12, 278
12, 23
12, 151
12, 279
12, 407
12, 24
12, 152
12, 408
12, 280
12, 25
12, 153
12, 281
12, 409
12, 26
12, 154
12, 410
12, 282
12, 27
12, 155
12, 283
12, 411
12, 28
12, 156
12, 412
12, 284
12, 29
12, 157
12, 285
12, 413
12, 30
12, 158
12, 414
12, 286
12, 31
12, 159
12, 287
12, 415
12, 32
12, 160
12, 416
12, 288
12, 33
12, 161
12, 289
12, 417
12, 34
12, 162
12, 418
12, 290
12, 35
12, 163
12, 291
12, 419
12, 36
12, 164
12, 420
12, 292
12, 37
12, 165
12, 293
12, 421
12, 38
12, 166
12, 422
12, 294
12, 39
12, 167
12, 295
12, 423
12, 40
12, 168
12, 424
12, 296
12, 41
12, 169
12, 297
12, 425
12, 42
12, 170
12, 426
12, 298
12, 43
12, 171
12, 299
12, 427
12, 44
12, 172
12, 428
12, 300
12, 45
12, 173
12, 301
12, 429
12, 46
12, 174
12, 430
12, 302
12, 47
12, 175
12, 303
12, 431
12, 48
12, 176
12, 432
12, 304
12, 49
12, 177
12, 305
12, 433
12, 50
12, 178
12, 434
12, 306
12, 51
12, 179
12, 307
12, 435
12, 52
12, 180
12, 436
12, 308
12, 53
12, 181
12, 309
12, 437
12, 54
12, 182
12, 438
12, 310
12, 55
12, 183
12, 311
12, 439
12, 56
12, 184
12, 440
12, 312
12, 57
12, 185
12, 313
12, 441
12, 58
12, 186
12, 442
12, 314
12, 59
12, 187
12, 315
12, 443
12, 60
12, 188
12, 444
12, 316
12, 61
12, 189
12, 317
12, 445
12, 62
12, 190
12, 446
12, 318
12, 63
12, 191
12, 319
12, 447
12, 64
12, 192
12, 448
12, 320
12, 193
12, 449
12, 321
12, 65
12, 66
12, 450
12, 322
12, 194
12, 195
12, 323
12, 67
12, 68
12, 324
12, 196
12, 197
12, 325
12, 69
12, 70
12, 326
12, 198
12, 199
12, 327
12, 71
12, 72
12, 328
12, 200
12, 201
12, 329
12, 73
12, 74
12, 330
12, 202
12, 203
12, 331
12, 75
12, 76
12, 332
12, 204
12, 205
12, 333
12, 77
12, 78
12, 334
12, 206
12, 207
12, 335
12, 79
12, 80
12, 336
12, 208
12, 209
12, 337
12, 81
12, 82
12, 338
12, 210
12, 211
12, 339
12, 83
12, 84
12, 340
12, 212
12, 213
12, 341
12, 85
12, 86
12, 342
12, 214
12, 215
12, 343
12, 87
12, 88
12, 344
12, 216
12, 217
12, 345
12, 89
12, 90
12, 346
12, 218
12, 219
12, 347
12, 91
12, 92
12, 348
12, 220
12, 221
12, 349
12, 93
12, 94
12, 350
12, 222
12, 223
12, 351
12, 95
12, 96
12, 352
12, 224
12, 225
12, 353
12, 97
12, 98
12, 354
12, 226
12, 227
12, 355
12, 99
12, 100
12, 356
12, 228
12, 229
12, 357
12, 101
12, 102
12, 358
12, 230
12, 231
12, 359
12, 103
12, 104
12, 360
12, 232
12, 233
12, 361
12, 105
12, 106
12, 362
12, 234
12, 235
12, 363
12, 107
12, 108
12, 364
12, 236
12, 237
12, 365
12, 109
12, 110
12, 366
12, 238
12, 239
12, 367
12, 111
12, 112
12, 368
12, 240
12, 241
12, 369
12, 113
12, 114
12, 370
12, 242
12, 243
12, 371
12, 115
12, 116
12, 372
12, 244
12, 245
12, 373
12, 117
12, 118
12, 374
12, 246
12, 247
12, 375
12, 119
12, 120
12, 376
12, 248
12, 249
12, 377
12, 121
12, 122
12, 378
12, 250
12, 251
12, 379
12, 123
12, 124
12, 380
12, 252
12, 253
12, 381
12, 125
12, 126
12, 382
12, 254
12, 255
12, 383
12, 127
140, 384
140, 256
140, 257
140, 385
140, 258
140, 386
140, 259
140, 387
140, 388
140, 260
140, 261
140, 389
140, 390
140, 262
140, 263
140, 391
140, 392
140, 264
140, 265
140, 393
140, 394
140, 266
140, 267
140, 395
140, 396
140, 268
140, 141
140, 269
140, 397
140, 142
140, 398
140, 270
140, 143
140, 271
140, 399
140, 144
140, 400
140, 272
140, 145
140, 273
140, 401
140, 146
140, 402
140, 274
140, 147
140, 275
140, 403
140, 148
140, 404
140, 276
140, 149
140, 277
140, 405
140, 150
140, 406
140, 278
140, 151
140, 279
140, 407
140, 152
140, 408
140, 280
140, 153
140, 281
140, 409
140, 154
140, 410
140, 282
140, 155
140, 283
140, 411
140, 156
140, 412
140, 284
140, 157
140, 285
140, 413
140, 158
140, 414
140, 286
140, 159
140, 287
140, 415
140, 160
140, 416
140, 288
140, 161
140, 289
140, 417
140, 162
140, 418
140, 290
140, 163
140, 291
140, 419
140, 164
140, 420
140, 292
140, 165
140, 293
140, 421
140, 166
140, 422
140, 294
140, 167
140, 295
140, 423
140, 168
140, 424
140, 296
140, 169
140, 297
140, 425
140, 170
140, 426
140, 298
140, 171
140, 299
140, 427
140, 172
140, 428
140, 300
140, 173
140, 301
140, 429
140, 174
140, 430
140, 302
140, 175
140, 303
140, 431
140, 176
140, 432
140, 304
140, 177
140, 305
140, 433
140, 178
140, 434
140, 306
140, 179
140, 307
140, 435
140, 180
140, 436
140, 308
140, 181
140, 309
140, 437
140, 182
140, 438
140, 310
140, 183
140, 311
140, 439
140, 184
140, 440
140, 312
140, 185
140, 313
140, 441
140, 186
140, 442
140, 314
140, 187
140, 315
140, 443
140, 188
140, 444
140, 316
140, 189
140, 317
140, 445
140, 190
140, 446
140, 318
140, 191
140, 319
140, 447
140, 448
140, 320
140, 192
140, 193
140, 449
140, 321
140, 450
140, 322
140, 194
140, 195
140, 323
140, 324
140, 196
140, 197
140, 325
140, 326
140, 198
140, 199
140, 327
140, 328
140, 200
140, 201
140, 329
140, 330
140, 202
140, 203
140, 331
140, 332
140, 204
140, 205
140, 333
140, 334
140, 206
140, 207
140, 335
140, 336
140, 208
140, 209
140, 337
140, 338
140, 210
140, 211
140, 339
140, 340
140, 212
140, 213
140, 341
140, 342
140, 214
140, 215
140, 343
140, 344
140, 216
140, 217
140, 345
140, 346
140, 218
140, 219
140, 347
140, 348
140, 220
140, 221
140, 349
140, 350
140, 222
140, 223
140, 351
140, 352
140, 224
140, 225
140, 353
140, 354
140, 226
140, 227
140, 355
140, 356
140, 228
140, 229
140, 357
140, 358
140, 230
140, 231
140, 359
140, 360
140, 232
140, 233
140, 361
140, 362
140, 234
140, 235
140, 363
140, 364
140, 236
140, 237
140, 365
140, 366
140, 238
140, 239
140, 367
140, 368
140, 240
140, 241
140, 369
140, 370
140, 242
140, 243
140, 371
140, 372
140, 244
140, 245
140, 373
140, 374
140, 246
140, 247
140, 375
140, 376
140, 248
140, 249
140, 377
140, 378
140, 250
140, 251
140, 379
140, 380
140, 252
140, 253
140, 381
140, 382
140, 254
140, 255
140, 383
397, 448
397, 449
397, 450
397, 398
397, 399
397, 400
397, 401
397, 402
397, 403
397, 404
397, 405
397, 406
397, 407
397, 408
397, 409
397, 410
397, 411
397, 412
397, 413
397, 414
397, 415
397, 416
397, 417
397, 418
397, 419
397, 420
397, 421
397, 422
397, 423
397, 424
397, 425
397, 426
397, 427
397, 428
397, 429
397, 430
397, 431
397, 432
397, 433
397, 434
397, 435
397, 436
397, 437
397, 438
397, 439
397, 440
397, 441
397, 442
397, 443
397, 444
397, 445
397, 446
397, 447
269, 320
269, 384
269, 448
269, 321
269, 385
269, 449
269, 386
269, 450
269, 322
269, 323
269, 387
269, 324
269, 388
269, 325
269, 389
269, 390
269, 326
269, 327
269, 391
269, 392
269, 328
269, 329
269, 393
269, 394
269, 330
269, 331
269, 395
269, 396
269, 332
269, 333
269, 397
269, 398
269, 334
269, 270
269, 271
269, 335
269, 399
269, 400
269, 336
269, 272
269, 273
269, 337
269, 401
269, 402
269, 338
269, 274
269, 275
269, 339
269, 403
269, 404
269, 340
269, 276
269, 277
269, 341
269, 405
269, 406
269, 342
269, 278
269, 279
269, 343
269, 407
269, 408
269, 344
269, 280
269, 281
269, 345
269, 409
269, 410
269, 346
269, 282
269, 283
269, 347
269, 411
269, 412
269, 348
269, 284
269, 285
269, 349
269, 413
269, 414
269, 350
269, 286
269, 287
269, 351
269, 415
269, 416
269, 352
269, 288
269, 289
269, 353
269, 417
269, 418
269, 354
269, 290
269, 291
269, 355
269, 419
269, 420
269, 356
269, 292
269, 293
269, 357
269, 421
269, 422
269, 358
269, 294
269, 295
269, 359
269, 423
269, 424
269, 360
269, 296
269, 297
269, 361
269, 425
269, 426
269, 362
269, 298
269, 299
269, 363
269, 427
269, 428
269, 364
269, 300
269, 301
269, 365
269, 429
269, 430
269, 366
269, 302
269, 303
269, 367
269, 431
269, 432
269, 368
269, 304
269, 305
269, 369
269, 433
269, 434
269, 370
269, 306
269, 307
269, 371
269, 435
269, 436
269, 372
269, 308
269, 309
269, 373
269, 437
269, 438
269, 374
269, 310
269, 311
269, 375
269, 439
269, 440
269, 376
269, 312
269, 313
269, 377
269, 441
269, 442
269, 378
269, 314
269, 315
269, 379
269, 443
269, 444
269, 380
269, 316
269, 317
269, 381
269, 445
269, 446
269, 382
269, 318
269, 319
269, 383
269, 447
13, 256
13, 384
13, 128
13, 129
13, 385
13, 257
13, 386
13, 258
13, 130
13, 387
13, 259
13, 131
13, 132
13, 388
13, 260
13, 133
13, 261
13, 389
13, 134
13, 390
13, 262
13, 135
13, 263
13, 391
13, 136
13, 392
13, 264
13, 137
13, 265
13, 393
13, 138
13, 394
13, 266
13, 139
13, 267
13, 395
13, 140
13, 396
13, 268
13, 141
13, 269
13, 397
13, 14
13, 142
13, 398
13, 270
13, 15
13, 143
13, 271
13, 399
13, 16
13, 144
13, 400
13, 272
13, 17
13, 145
13, 273
13, 401
13, 18
13, 146
13, 402
13, 274
13, 19
13, 147
13, 275
13, 403
13, 20
13, 148
13, 404
13, 276
13, 21
13, 149
13, 277
13, 405
13, 22
13, 150
13, 406
13, 278
13, 23
13, 151
13, 279
13, 407
13, 24
13, 152
13, 408
13, 280
13, 25
13, 153
13, 281
13, 409
13, 26
13, 154
13, 410
13, 282
13, 27
13, 155
13, 283
13, 411
13, 28
13, 156
13, 412
13, 284
13, 29
13, 157
13, 285
13, 413
13, 30
13, 158
13, 414
13, 286
13, 31
13, 159
13, 287
13, 415
13, 32
13, 160
13, 416
13, 288
13, 33
13, 161
13, 289
13, 417
13, 34
13, 162
13, 418
13, 290
13, 35
13, 163
13, 291
13, 419
13, 36
13, 164
13, 420
13, 292
13, 37
13, 165
13, 293
13, 421
13, 38
13, 166
13, 422
13, 294
13, 39
13, 167
13, 295
13, 423
13, 40
13, 168
13, 424
13, 296
13, 41
13, 169
13, 297
13, 425
13, 42
13, 170
13, 426
13, 298
13, 43
13, 171
13, 299
13, 427
13, 44
13, 172
13, 428
13, 300
13, 45
13, 173
13, 301
13, 429
13, 46
13, 174
13, 430
13, 302
13, 47
13, 175
13, 303
13, 431
13, 48
13, 176
13, 432
13, 304
13, 49
13, 177
13, 305
13, 433
13, 50
13, 178
13, 434
13, 306
13, 51
13, 179
13, 307
13, 435
13, 52
13, 180
13, 436
13, 308
13, 53
13, 181
13, 309
13, 437
13, 54
13, 182
13, 438
13, 310
13, 55
13, 183
13, 311
13, 439
13, 56
13, 184
13, 440
13, 312
13, 57
13, 185
13, 313
13, 441
13, 58
13, 186
13, 442
13, 314
13, 59
13, 187
13, 315
13, 443
13, 60
13, 188
13, 444
13, 316
13, 61
13, 189
13, 317
13, 445
13, 62
13, 190
13, 446
13, 318
13, 63
13, 191
13, 319
13, 447
13, 448
13, 320
13, 192
13, 64
13, 65
13, 321
13, 449
13, 193
13, 194
13, 322
13, 450
13, 66
13, 67
13, 323
13, 195
13, 196
13, 324
13, 68
13, 69
13, 325
13, 197
13, 198
13, 326
13, 70
13, 71
13, 327
13, 199
13, 200
13, 328
13, 72
13, 73
13, 329
13, 201
13, 202
13, 330
13, 74
13, 75
13, 331
13, 203
13, 204
13, 332
13, 76
13, 77
13, 333
13, 205
13, 206
13, 334
13, 78
13, 79
13, 335
13, 207
13, 208
13, 336
13, 80
13, 81
13, 337
13, 209
13, 210
13, 338
13, 82
13, 83
13, 339
13, 211
13, 212
13, 340
13, 84
13, 85
13, 341
13, 213
13, 214
13, 342
13, 86
13, 87
13, 343
13, 215
13, 216
13, 344
13, 88
13, 89
13, 345
13, 217
13, 218
13, 346
13, 90
13, 91
13, 347
13, 219
13, 220
13, 348
13, 92
13, 93
13, 349
13, 221
13, 222
13, 350
13, 94
13, 95
13, 351
13, 223
13, 224
13, 352
13, 96
13, 97
13, 353
13, 225
13, 226
13, 354
13, 98
13, 99
13, 355
13, 227
13, 228
13, 356
13, 100
13, 101
13, 357
13, 229
13, 230
13, 358
13, 102
13, 103
13, 359
13, 231
13, 232
13, 360
13, 104
13, 105
13, 361
13, 233
13, 234
13, 362
13, 106
13, 107
13, 363
13, 235
13, 236
13, 364
13, 108
13, 109
13, 365
13, 237
13, 238
13, 366
13, 110
13, 111
13, 367
13, 239
13, 240
13, 368
13, 112
13, 113
13, 369
13, 241
13, 242
13, 370
13, 114
13, 115
13, 371
13, 243
13, 244
13, 372
13, 116
13, 117
13, 373
13, 245
13, 246
13, 374
13, 118
13, 119
13, 375
13, 247
13, 248
13, 376
13, 120
13, 121
13, 377
13, 249
13, 250
13, 378
13, 122
13, 123
13, 379
13, 251
13, 252
13, 380
13, 124
13, 125
13, 381
13, 253
13, 254
13, 382
13, 126
13, 127
13, 383
13, 255
141, 256
141, 384
141, 385
141, 257
141, 386
141, 258
141, 387
141, 259
141, 388
141, 260
141, 261
141, 389
141, 390
141, 262
141, 263
141, 391
141, 392
141, 264
141, 265
141, 393
141, 394
141, 266
141, 267
141, 395
141, 396
141, 268
141, 269
141, 397
141, 142
141, 398
141, 270
141, 143
141, 271
141, 399
141, 144
141, 400
141, 272
141, 145
141, 273
141, 401
141, 146
141, 402
141, 274
141, 147
141, 275
141, 403
141, 148
141, 404
141, 276
141, 149
141, 277
141, 405
141, 150
141, 406
141, 278
141, 151
141, 279
141, 407
141, 152
141, 408
141, 280
141, 153
141, 281
141, 409
141, 154
141, 410
141, 282
141, 155
141, 283
141, 411
141, 156
141, 412
141, 284
141, 157
141, 285
141, 413
141, 158
141, 414
141, 286
141, 159
141, 287
141, 415
141, 160
141, 416
141, 288
141, 161
141, 289
141, 417
141, 162
141, 418
141, 290
141, 163
141, 291
141, 419
141, 164
141, 420
141, 292
141, 165
141, 293
141, 421
141, 166
141, 422
141, 294
141, 167
141, 295
141, 423
141, 168
141, 424
141, 296
141, 169
141, 297
141, 425
141, 170
141, 426
141, 298
141, 171
141, 299
141, 427
141, 172
141, 428
141, 300
141, 173
141, 301
141, 429
141, 174
141, 430
141, 302
141, 175
141, 303
141, 431
141, 176
141, 432
141, 304
141, 177
141, 305
141, 433
141, 178
141, 434
141, 306
141, 179
141, 307
141, 435
141, 180
141, 436
141, 308
141, 181
141, 309
141, 437
141, 182
141, 438
141, 310
141, 183
141, 311
141, 439
141, 184
141, 440
141, 312
141, 185
141, 313
141, 441
141, 186
141, 442
141, 314
141, 187
141, 315
141, 443
141, 188
141, 444
141, 316
141, 189
141, 317
141, 445
141, 190
141, 446
141, 318
141, 191
141, 319
141, 447
141, 448
141, 320
141, 192
141, 321
141, 449
141, 193
141, 194
141, 322
141, 450
141, 323
141, 195
141, 196
141, 324
141, 325
141, 197
141, 198
141, 326
141, 327
141, 199
141, 200
141, 328
141, 329
141, 201
141, 202
141, 330
141, 331
141, 203
141, 204
141, 332
141, 333
141, 205
141, 206
141, 334
141, 335
141, 207
141, 208
141, 336
141, 337
141, 209
141, 210
141, 338
141, 339
141, 211
141, 212
141, 340
141, 341
141, 213
141, 214
141, 342
141, 343
141, 215
141, 216
141, 344
141, 345
141, 217
141, 218
141, 346
141, 347
141, 219
141, 220
141, 348
141, 349
141, 221
141, 222
141, 350
141, 351
141, 223
141, 224
141, 352
141, 353
141, 225
141, 226
141, 354
141, 355
141, 227
141, 228
141, 356
141, 357
141, 229
141, 230
141, 358
141, 359
141, 231
141, 232
141, 360
141, 361
141, 233
141, 234
141, 362
141, 363
141, 235
141, 236
141, 364
141, 365
141, 237
141, 238
141, 366
141, 367
141, 239
141, 240
141, 368
141, 369
141, 241
141, 242
141, 370
141, 371
141, 243
141, 244
141, 372
141, 373
141, 245
141, 246
141, 374
141, 375
141, 247
141, 248
141, 376
141, 377
141, 249
141, 250
141, 378
141, 379
141, 251
141, 252
141, 380
141, 381
141, 253
141, 254
141, 382
141, 383
141, 255
398, 448
398, 449
398, 450
398, 399
398, 400
398, 401
398, 402
398, 403
398, 404
398, 405
398, 406
398, 407
398, 408
398, 409
398, 410
398, 411
398, 412
398, 413
398, 414
398, 415
398, 416
398, 417
398, 418
398, 419
398, 420
398, 421
398, 422
398, 423
398, 424
398, 425
398, 426
398, 427
398, 428
398, 429
398, 430
398, 431
398, 432
398, 433
398, 434
398, 435
398, 436
398, 437
398, 438
398, 439
398, 440
398, 441
398, 442
398, 443
398, 444
398, 445
398, 446
398, 447
270, 320
270, 384
270, 448
270, 321
270, 385
270, 449
270, 450
270, 322
270, 386
270, 387
270, 323
270, 388
270, 324
270, 389
270, 325
270, 326
270, 390
270, 391
270, 327
270, 328
270, 392
270, 393
270, 329
270, 330
270, 394
270, 395
270, 331
270, 332
270, 396
270, 397
270, 333
270, 334
270, 398
270, 399
270, 335
270, 271
270, 272
270, 336
270, 400
270, 401
270, 337
270, 273
270, 274
270, 338
270, 402
270, 403
270, 339
270, 275
270, 276
270, 340
270, 404
270, 405
270, 341
270, 277
270, 278
270, 342
270, 406
270, 407
270, 343
270, 279
270, 280
270, 344
270, 408
270, 409
270, 345
270, 281
270, 282
270, 346
270, 410
270, 411
270, 347
270, 283
270, 284
270, 348
270, 412
270, 413
270, 349
270, 285
270, 286
270, 350
270, 414
270, 415
270, 351
270, 287
270, 288
270, 352
270, 416
270, 417
270, 353
270, 289
270, 290
270, 354
270, 418
270, 419
270, 355
270, 291
270, 292
270, 356
270, 420
270, 421
270, 357
270, 293
270, 294
270, 358
270, 422
270, 423
270, 359
270, 295
270, 296
270, 360
270, 424
270, 425
270, 361
270, 297
270, 298
270, 362
270, 426
270, 427
270, 363
270, 299
270, 300
270, 364
270, 428
270, 429
270, 365
270, 301
270, 302
270, 366
270, 430
270, 431
270, 367
270, 303
270, 304
270, 368
270, 432
270, 433
270, 369
270, 305
270, 306
270, 370
270, 434
270, 435
270, 371
270, 307
270, 308
270, 372
270, 436
270, 437
270, 373
270, 309
270, 310
270, 374
270, 438
270, 439
270, 375
270, 311
270, 312
270, 376
270, 440
270, 441
270, 377
270, 313
270, 314
270, 378
270, 442
270, 443
270, 379
270, 315
270, 316
270, 380
270, 444
270, 445
270, 381
270, 317
270, 318
270, 382
270, 446
270, 447
270, 383
270, 319
14, 128
14, 384
14, 256
14, 257
14, 385
14, 129
14, 258
14, 386
14, 130
14, 387
14, 259
14, 131
14, 132
14, 388
14, 260
14, 133
14, 261
14, 389
14, 134
14, 390
14, 262
14, 135
14, 263
14, 391
14, 136
14, 392
14, 264
14, 137
14, 265
14, 393
14, 138
14, 394
14, 266
14, 139
14, 267
14, 395
14, 140
14, 396
14, 268
14, 141
14, 269
14, 397
14, 142
14, 398
14, 270
14, 15
14, 143
14, 271
14, 399
14, 16
14, 144
14, 400
14, 272
14, 17
14, 145
14, 273
14, 401
14, 18
14, 146
14, 402
14, 274
14, 19
14, 147
14, 275
14, 403
14, 20
14, 148
14, 404
14, 276
14, 21
14, 149
14, 277
14, 405
14, 22
14, 150
14, 406
14, 278
14, 23
14, 151
14, 279
14, 407
14, 24
14, 152
14, 408
14, 280
14, 25
14, 153
14, 281
14, 409
14, 26
14, 154
14, 410
14, 282
14, 27
14, 155
14, 283
14, 411
14, 28
14, 156
14, 412
14, 284
14, 29
14, 157
14, 285
14, 413
14, 30
14, 158
14, 414
14, 286
14, 31
14, 159
14, 287
14, 415
14, 32
14, 160
14, 416
14, 288
14, 33
14, 161
14, 289
14, 417
14, 34
14, 162
14, 418
14, 290
14, 35
14, 163
14, 291
14, 419
14, 36
14, 164
14, 420
14, 292
14, 37
14, 165
14, 293
14, 421
14, 38
14, 166
14, 422
14, 294
14, 39
14, 167
14, 295
14, 423
14, 40
14, 168
14, 424
14, 296
14, 41
14, 169
14, 297
14, 425
14, 42
14, 170
14, 426
14, 298
14, 43
14, 171
14, 299
14, 427
14, 44
14, 172
14, 428
14, 300
14, 45
14, 173
14, 301
14, 429
14, 46
14, 174
14, 430
14, 302
14, 47
14, 175
14, 303
14, 431
14, 48
14, 176
14, 432
14, 304
14, 49
14, 177
14, 305
14, 433
14, 50
14, 178
14, 434
14, 306
14, 51
14, 179
14, 307
14, 435
14, 52
14, 180
14, 436
14, 308
14, 53
14, 181
14, 309
14, 437
14, 54
14, 182
14, 438
14, 310
14, 55
14, 183
14, 311
14, 439
14, 56
14, 184
14, 440
14, 312
14, 57
14, 185
14, 313
14, 441
14, 58
14, 186
14, 442
14, 314
14, 59
14, 187
14, 315
14, 443
14, 60
14, 188
14, 444
14, 316
14, 61
14, 189
14, 317
14, 445
14, 62
14, 190
14, 446
14, 318
14, 63
14, 191
14, 319
14, 447
14, 192
14, 64
14, 320
14, 448
14, 193
14, 449
14, 321
14, 65
14, 66
14, 450
14, 322
14, 194
14, 195
14, 323
14, 67
14, 68
14, 324
14, 196
14, 197
14, 325
14, 69
14, 70
14, 326
14, 198
14, 199
14, 327
14, 71
14, 72
14, 328
14, 200
14, 201
14, 329
14, 73
14, 74
14, 330
14, 202
14, 203
14, 331
14, 75
14, 76
14, 332
14, 204
14, 205
14, 333
14, 77
14, 78
14, 334
14, 206
14, 207
14, 335
14, 79
14, 80
14, 336
14, 208
14, 209
14, 337
14, 81
14, 82
14, 338
14, 210
14, 211
14, 339
14, 83
14, 84
14, 340
14, 212
14, 213
14, 341
14, 85
14, 86
14, 342
14, 214
14, 215
14, 343
14, 87
14, 88
14, 344
14, 216
14, 217
14, 345
14, 89
14, 90
14, 346
14, 218
14, 219
14, 347
14, 91
14, 92
14, 348
14, 220
14, 221
14, 349
14, 93
14, 94
14, 350
14, 222
14, 223
14, 351
14, 95
14, 96
14, 352
14, 224
14, 225
14, 353
14, 97
14, 98
14, 354
14, 226
14, 227
14, 355
14, 99
14, 100
14, 356
14, 228
14, 229
14, 357
14, 101
14, 102
14, 358
14, 230
14, 231
14, 359
14, 103
14, 104
14, 360
14, 232
14, 233
14, 361
14, 105
14, 106
14, 362
14, 234
14, 235
14, 363
14, 107
14, 108
14, 364
14, 236
14, 237
14, 365
14, 109
14, 110
14, 366
14, 238
14, 239
14, 367
14, 111
14, 112
14, 368
14, 240
14, 241
14, 369
14, 113
14, 114
14, 370
14, 242
14, 243
14, 371
14, 115
14, 116
14, 372
14, 244
14, 245
14, 373
14, 117
14, 118
14, 374
14, 246
14, 247
14, 375
14, 119
14, 120
14, 376
14, 248
14, 249
14, 377
14, 121
14, 122
14, 378
14, 250
14, 251
14, 379
14, 123
14, 124
14, 380
14, 252
14, 253
14, 381
14, 125
14, 126
14, 382
14, 254
14, 255
14, 383
14, 127
142, 384
142, 256
142, 257
142, 385
142, 258
142, 386
142, 259
142, 387
142, 388
142, 260
142, 261
142, 389
142, 390
142, 262
142, 263
142, 391
142, 392
142, 264
142, 265
142, 393
142, 394
142, 266
142, 267
142, 395
142, 396
142, 268
142, 269
142, 397
142, 398
142, 270
142, 143
142, 271
142, 399
142, 144
142, 400
142, 272
142, 145
142, 273
142, 401
142, 146
142, 402
142, 274
142, 147
142, 275
142, 403
142, 148
142, 404
142, 276
142, 149
142, 277
142, 405
142, 150
142, 406
142, 278
142, 151
142, 279
142, 407
142, 152
142, 408
142, 280
142, 153
142, 281
142, 409
142, 154
142, 410
142, 282
142, 155
142, 283
142, 411
142, 156
142, 412
142, 284
142, 157
142, 285
142, 413
142, 158
142, 414
142, 286
142, 159
142, 287
142, 415
142, 160
142, 416
142, 288
142, 161
142, 289
142, 417
142, 162
142, 418
142, 290
142, 163
142, 291
142, 419
142, 164
142, 420
142, 292
142, 165
142, 293
142, 421
142, 166
142, 422
142, 294
142, 167
142, 295
142, 423
142, 168
142, 424
142, 296
142, 169
142, 297
142, 425
142, 170
142, 426
142, 298
142, 171
142, 299
142, 427
142, 172
142, 428
142, 300
142, 173
142, 301
142, 429
142, 174
142, 430
142, 302
142, 175
142, 303
142, 431
142, 176
142, 432
142, 304
142, 177
142, 305
142, 433
142, 178
142, 434
142, 306
142, 179
142, 307
142, 435
142, 180
142, 436
142, 308
142, 181
142, 309
142, 437
142, 182
142, 438
142, 310
142, 183
142, 311
142, 439
142, 184
142, 440
142, 312
142, 185
142, 313
142, 441
142, 186
142, 442
142, 314
142, 187
142, 315
142, 443
142, 188
142, 444
142, 316
142, 189
142, 317
142, 445
142, 190
142, 446
142, 318
142, 191
142, 319
142, 447
142, 448
142, 320
142, 192
142, 193
142, 449
142, 321
142, 450
142, 322
142, 194
142, 195
142, 323
142, 324
142, 196
142, 197
142, 325
142, 326
142, 198
142, 199
142, 327
142, 328
142, 200
142, 201
142, 329
142, 330
142, 202
142, 203
142, 331
142, 332
142, 204
142, 205
142, 333
142, 334
142, 206
142, 207
142, 335
142, 336
142, 208
142, 209
142, 337
142, 338
142, 210
142, 211
142, 339
142, 340
142, 212
142, 213
142, 341
142, 342
142, 214
142, 215
142, 343
142, 344
142, 216
142, 217
142, 345
142, 346
142, 218
142, 219
142, 347
142, 348
142, 220
142, 221
142, 349
142, 350
142, 222
142, 223
142, 351
142, 352
142, 224
142, 225
142, 353
142, 354
142, 226
142, 227
142, 355
142, 356
142, 228
142, 229
142, 357
142, 358
142, 230
142, 231
142, 359
142, 360
142, 232
142, 233
142, 361
142, 362
142, 234
142, 235
142, 363
142, 364
142, 236
142, 237
142, 365
142, 366
142, 238
142, 239
142, 367
142, 368
142, 240
142, 241
142, 369
142, 370
142, 242
142, 243
142, 371
142, 372
142, 244
142, 245
142, 373
142, 374
142, 246
142, 247
142, 375
142, 376
142, 248
142, 249
142, 377
142, 378
142, 250
142, 251
142, 379
142, 380
142, 252
142, 253
142, 381
142, 382
142, 254
142, 255
142, 383
399, 448
399, 449
399, 450
399, 400
399, 401
399, 402
399, 403
399, 404
399, 405
399, 406
399, 407
399, 408
399, 409
399, 410
399, 411
399, 412
399, 413
399, 414
399, 415
399, 416
399, 417
399, 418
399, 419
399, 420
399, 421
399, 422
399, 423
399, 424
399, 425
399, 426
399, 427
399, 428
399, 429
399, 430
399, 431
399, 432
399, 433
399, 434
399, 435
399, 436
399, 437
399, 438
399, 439
399, 440
399, 441
399, 442
399, 443
399, 444
399, 445
399, 446
399, 447
271, 320
271, 384
271, 448
271, 321
271, 385
271, 449
271, 322
271, 386
271, 450
271, 323
271, 387
271, 324
271, 388
271, 325
271, 389
271, 390
271, 326
271, 327
271, 391
271, 392
271, 328
271, 329
271, 393
271, 394
271, 330
271, 331
271, 395
271, 396
271, 332
271, 333
271, 397
271, 398
271, 334
271, 335
271, 399
271, 400
271, 336
271, 272
271, 273
271, 337
271, 401
271, 402
271, 338
271, 274
271, 275
271, 339
271, 403
271, 404
271, 340
271, 276
271, 277
271, 341
271, 405
271, 406
271, 342
271, 278
271, 279
271, 343
271, 407
271, 408
271, 344
271, 280
271, 281
271, 345
271, 409
271, 410
271, 346
271, 282
271, 283
271, 347
271, 411
271, 412
271, 348
271, 284
271, 285
271, 349
271, 413
271, 414
271, 350
271, 286
271, 287
271, 351
271, 415
271, 416
271, 352
271, 288
271, 289
271, 353
271, 417
271, 418
271, 354
271, 290
271, 291
271, 355
271, 419
271, 420
271, 356
271, 292
271, 293
271, 357
271, 421
271, 422
271, 358
271, 294
271, 295
271, 359
271, 423
271, 424
271, 360
271, 296
271, 297
271, 361
271, 425
271, 426
271, 362
271, 298
271, 299
271, 363
271, 427
271, 428
271, 364
271, 300
271, 301
271, 365
271, 429
271, 430
271, 366
271, 302
271, 303
271, 367
271, 431
271, 432
271, 368
271, 304
271, 305
271, 369
271, 433
271, 434
271, 370
271, 306
271, 307
271, 371
271, 435
271, 436
271, 372
271, 308
271, 309
271, 373
271, 437
271, 438
271, 374
271, 310
271, 311
271, 375
271, 439
271, 440
271, 376
271, 312
271, 313
271, 377
271, 441
271, 442
271, 378
271, 314
271, 315
271, 379
271, 443
271, 444
271, 380
271, 316
271, 317
271, 381
271, 445
271, 446
271, 382
271, 318
271, 319
271, 383
271, 447
15, 256
15, 384
15, 128
15, 129
15, 385
15, 257
15, 386
15, 258
15, 130
15, 387
15, 259
15, 131
15, 132
15, 388
15, 260
15, 133
15, 261
15, 389
15, 134
15, 390
15, 262
15, 135
15, 263
15, 391
15, 136
15, 392
15, 264
15, 137
15, 265
15, 393
15, 138
15, 394
15, 266
15, 139
15, 267
15, 395
15, 140
15, 396
15, 268
15, 141
15, 269
15, 397
15, 142
15, 398
15, 270
15, 143
15, 271
15, 399
15, 16
15, 144
15, 400
15, 272
15, 17
15, 145
15, 273
15, 401
15, 18
15, 146
15, 402
15, 274
15, 19
15, 147
15, 275
15, 403
15, 20
15, 148
15, 404
15, 276
15, 21
15, 149
15, 277
15, 405
15, 22
15, 150
15, 406
15, 278
15, 23
15, 151
15, 279
15, 407
15, 24
15, 152
15, 408
15, 280
15, 25
15, 153
15, 281
15, 409
15, 26
15, 154
15, 410
15, 282
15, 27
15, 155
15, 283
15, 411
15, 28
15, 156
15, 412
15, 284
15, 29
15, 157
15, 285
15, 413
15, 30
15, 158
15, 414
15, 286
15, 31
15, 159
15, 287
15, 415
15, 32
15, 160
15, 416
15, 288
15, 33
15, 161
15, 289
15, 417
15, 34
15, 162
15, 418
15, 290
15, 35
15, 163
15, 291
15, 419
15, 36
15, 164
15, 420
15, 292
15, 37
15, 165
15, 293
15, 421
15, 38
15, 166
15, 422
15, 294
15, 39
15, 167
15, 295
15, 423
15, 40
15, 168
15, 424
15, 296
15, 41
15, 169
15, 297
15, 425
15, 42
15, 170
15, 426
15, 298
15, 43
15, 171
15, 299
15, 427
15, 44
15, 172
15, 428
15, 300
15, 45
15, 173
15, 301
15, 429
15, 46
15, 174
15, 430
15, 302
15, 47
15, 175
15, 303
15, 431
15, 48
15, 176
15, 432
15, 304
15, 49
15, 177
15, 305
15, 433
15, 50
15, 178
15, 434
15, 306
15, 51
15, 179
15, 307
15, 435
15, 52
15, 180
15, 436
15, 308
15, 53
15, 181
15, 309
15, 437
15, 54
15, 182
15, 438
15, 310
15, 55
15, 183
15, 311
15, 439
15, 56
15, 184
15, 440
15, 312
15, 57
15, 185
15, 313
15, 441
15, 58
15, 186
15, 442
15, 314
15, 59
15, 187
15, 315
15, 443
15, 60
15, 188
15, 444
15, 316
15, 61
15, 189
15, 317
15, 445
15, 62
15, 190
15, 446
15, 318
15, 63
15, 191
15, 319
15, 447
15, 320
15, 448
15, 64
15, 192
15, 65
15, 321
15, 449
15, 193
15, 194
15, 322
15, 450
15, 66
15, 67
15, 323
15, 195
15, 196
15, 324
15, 68
15, 69
15, 325
15, 197
15, 198
15, 326
15, 70
15, 71
15, 327
15, 199
15, 200
15, 328
15, 72
15, 73
15, 329
15, 201
15, 202
15, 330
15, 74
15, 75
15, 331
15, 203
15, 204
15, 332
15, 76
15, 77
15, 333
15, 205
15, 206
15, 334
15, 78
15, 79
15, 335
15, 207
15, 208
15, 336
15, 80
15, 81
15, 337
15, 209
15, 210
15, 338
15, 82
15, 83
15, 339
15, 211
15, 212
15, 340
15, 84
15, 85
15, 341
15, 213
15, 214
15, 342
15, 86
15, 87
15, 343
15, 215
15, 216
15, 344
15, 88
15, 89
15, 345
15, 217
15, 218
15, 346
15, 90
15, 91
15, 347
15, 219
15, 220
15, 348
15, 92
15, 93
15, 349
15, 221
15, 222
15, 350
15, 94
15, 95
15, 351
15, 223
15, 224
15, 352
15, 96
15, 97
15, 353
15, 225
15, 226
15, 354
15, 98
15, 99
15, 355
15, 227
15, 228
15, 356
15, 100
15, 101
15, 357
15, 229
15, 230
15, 358
15, 102
15, 103
15, 359
15, 231
15, 232
15, 360
15, 104
15, 105
15, 361
15, 233
15, 234
15, 362
15, 106
15, 107
15, 363
15, 235
15, 236
15, 364
15, 108
15, 109
15, 365
15, 237
15, 238
15, 366
15, 110
15, 111
15, 367
15, 239
15, 240
15, 368
15, 112
15, 113
15, 369
15, 241
15, 242
15, 370
15, 114
15, 115
15, 371
15, 243
15, 244
15, 372
15, 116
15, 117
15, 373
15, 245
15, 246
15, 374
15, 118
15, 119
15, 375
15, 247
15, 248
15, 376
15, 120
15, 121
15, 377
15, 249
15, 250
15, 378
15, 122
15, 123
15, 379
15, 251
15, 252
15, 380
15, 124
15, 125
15, 381
15, 253
15, 254
15, 382
15, 126
15, 127
15, 383
15, 255
143, 256
143, 384
143, 385
143, 257
143, 386
143, 258
143, 387
143, 259
143, 388
143, 260
143, 261
143, 389
143, 390
143, 262
143, 263
143, 391
143, 392
143, 264
143, 265
143, 393
143, 394
143, 266
143, 267
143, 395
143, 396
143, 268
143, 269
143, 397
143, 398
143, 270
143, 271
143, 399
143, 144
143, 400
143, 272
143, 145
143, 273
143, 401
143, 146
143, 402
143, 274
143, 147
143, 275
143, 403
143, 148
143, 404
143, 276
143, 149
143, 277
143, 405
143, 150
143, 406
143, 278
143, 151
143, 279
143, 407
143, 152
143, 408
143, 280
143, 153
143, 281
143, 409
143, 154
143, 410
143, 282
143, 155
143, 283
143, 411
143, 156
143, 412
143, 284
143, 157
143, 285
143, 413
143, 158
143, 414
143, 286
143, 159
143, 287
143, 415
143, 160
143, 416
143, 288
143, 161
143, 289
143, 417
143, 162
143, 418
143, 290
143, 163
143, 291
143, 419
143, 164
143, 420
143, 292
143, 165
143, 293
143, 421
143, 166
143, 422
143, 294
143, 167
143, 295
143, 423
143, 168
143, 424
143, 296
143, 169
143, 297
143, 425
143, 170
143, 426
143, 298
143, 171
143, 299
143, 427
143, 172
143, 428
143, 300
143, 173
143, 301
143, 429
143, 174
143, 430
143, 302
143, 175
143, 303
143, 431
143, 176
143, 432
143, 304
143, 177
143, 305
143, 433
143, 178
143, 434
143, 306
143, 179
143, 307
143, 435
143, 180
143, 436
143, 308
143, 181
143, 309
143, 437
143, 182
143, 438
143, 310
143, 183
143, 311
143, 439
143, 184
143, 440
143, 312
143, 185
143, 313
143, 441
143, 186
143, 442
143, 314
143, 187
143, 315
143, 443
143, 188
143, 444
143, 316
143, 189
143, 317
143, 445
143, 190
143, 446
143, 318
143, 191
143, 319
143, 447
143, 448
143, 320
143, 192
143, 321
143, 449
143, 193
143, 194
143, 322
143, 450
143, 323
143, 195
143, 196
143, 324
143, 325
143, 197
143, 198
143, 326
143, 327
143, 199
143, 200
143, 328
143, 329
143, 201
143, 202
143, 330
143, 331
143, 203
143, 204
143, 332
143, 333
143, 205
143, 206
143, 334
143, 335
143, 207
143, 208
143, 336
143, 337
143, 209
143, 210
143, 338
143, 339
143, 211
143, 212
143, 340
143, 341
143, 213
143, 214
143, 342
143, 343
143, 215
143, 216
143, 344
143, 345
143, 217
143, 218
143, 346
143, 347
143, 219
143, 220
143, 348
143, 349
143, 221
143, 222
143, 350
143, 351
143, 223
143, 224
143, 352
143, 353
143, 225
143, 226
143, 354
143, 355
143, 227
143, 228
143, 356
143, 357
143, 229
143, 230
143, 358
143, 359
143, 231
143, 232
143, 360
143, 361
143, 233
143, 234
143, 362
143, 363
143, 235
143, 236
143, 364
143, 365
143, 237
143, 238
143, 366
143, 367
143, 239
143, 240
143, 368
143, 369
143, 241
143, 242
143, 370
143, 371
143, 243
143, 244
143, 372
143, 373
143, 245
143, 246
143, 374
143, 375
143, 247
143, 248
143, 376
143, 377
143, 249
143, 250
143, 378
143, 379
143, 251
143, 252
143, 380
143, 381
143, 253
143, 254
143, 382
143, 383
143, 255
400, 448
400, 449
400, 450
400, 401
400, 402
400, 403
400, 404
400, 405
400, 406
400, 407
400, 408
400, 409
400, 410
400, 411
400, 412
400, 413
400, 414
400, 415
400, 416
400, 417
400, 418
400, 419
400, 420
400, 421
400, 422
400, 423
400, 424
400, 425
400, 426
400, 427
400, 428
400, 429
400, 430
400, 431
400, 432
400, 433
400, 434
400, 435
400, 436
400, 437
400, 438
400, 439
400, 440
400, 441
400, 442
400, 443
400, 444
400, 445
400, 446
400, 447
272, 320
272, 384
272, 448
272, 321
272, 385
272, 449
272, 386
272, 450
272, 322
272, 387
272, 323
272, 388
272, 324
272, 389
272, 325
272, 326
272, 390
272, 391
272, 327
272, 328
272, 392
272, 393
272, 329
272, 330
272, 394
272, 395
272, 331
272, 332
272, 396
272, 397
272, 333
272, 334
272, 398
272, 399
272, 335
272, 336
272, 400
272, 401
272, 337
272, 273
272, 274
272, 338
272, 402
272, 403
272, 339
272, 275
272, 276
272, 340
272, 404
272, 405
272, 341
272, 277
272, 278
272, 342
272, 406
272, 407
272, 343
272, 279
272, 280
272, 344
272, 408
272, 409
272, 345
272, 281
272, 282
272, 346
272, 410
272, 411
272, 347
272, 283
272, 284
272, 348
272, 412
272, 413
272, 349
272, 285
272, 286
272, 350
272, 414
272, 415
272, 351
272, 287
272, 288
272, 352
272, 416
272, 417
272, 353
272, 289
272, 290
272, 354
272, 418
272, 419
272, 355
272, 291
272, 292
272, 356
272, 420
272, 421
272, 357
272, 293
272, 294
272, 358
272, 422
272, 423
272, 359
272, 295
272, 296
272, 360
272, 424
272, 425
272, 361
272, 297
272, 298
272, 362
272, 426
272, 427
272, 363
272, 299
272, 300
272, 364
272, 428
272, 429
272, 365
272, 301
272, 302
272, 366
272, 430
272, 431
272, 367
272, 303
272, 304
272, 368
272, 432
272, 433
272, 369
272, 305
272, 306
272, 370
272, 434
272, 435
272, 371
272, 307
272, 308
272, 372
272, 436
272, 437
272, 373
272, 309
272, 310
272, 374
272, 438
272, 439
272, 375
272, 311
272, 312
272, 376
272, 440
272, 441
272, 377
272, 313
272, 314
272, 378
272, 442
272, 443
272, 379
272, 315
272, 316
272, 380
272, 444
272, 445
272, 381
272, 317
272, 318
272, 382
272, 446
272, 447
272, 383
272, 319
16, 128
16, 384
16, 256
16, 257
16, 385
16, 129
16, 258
16, 386
16, 130
16, 387
16, 259
16, 131
16, 132
16, 388
16, 260
16, 133
16, 261
16, 389
16, 134
16, 390
16, 262
16, 135
16, 263
16, 391
16, 136
16, 392
16, 264
16, 137
16, 265
16, 393
16, 138
16, 394
16, 266
16, 139
16, 267
16, 395
16, 140
16, 396
16, 268
16, 141
16, 269
16, 397
16, 142
16, 398
16, 270
16, 143
16, 271
16, 399
16, 144
16, 400
16, 272
16, 17
16, 145
16, 273
16, 401
16, 18
16, 146
16, 402
16, 274
16, 19
16, 147
16, 275
16, 403
16, 20
16, 148
16, 404
16, 276
16, 21
16, 149
16, 277
16, 405
16, 22
16, 150
16, 406
16, 278
16, 23
16, 151
16, 279
16, 407
16, 24
16, 152
16, 408
16, 280
16, 25
16, 153
16, 281
16, 409
16, 26
16, 154
16, 410
16, 282
16, 27
16, 155
16, 283
16, 411
16, 28
16, 156
16, 412
16, 284
16, 29
16, 157
16, 285
16, 413
16, 30
16, 158
16, 414
16, 286
16, 31
16, 159
16, 287
16, 415
16, 32
16, 160
16, 416
16, 288
16, 33
16, 161
16, 289
16, 417
16, 34
16, 162
16, 418
16, 290
16, 35
16, 163
16, 291
16, 419
16, 36
16, 164
16, 420
16, 292
16, 37
16, 165
16, 293
16, 421
16, 38
16, 166
16, 422
16, 294
16, 39
16, 167
16, 295
16, 423
16, 40
16, 168
16, 424
16, 296
16, 41
16, 169
16, 297
16, 425
16, 42
16, 170
16, 426
16, 298
16, 43
16, 171
16, 299
16, 427
16, 44
16, 172
16, 428
16, 300
16, 45
16, 173
16, 301
16, 429
16, 46
16, 174
16, 430
16, 302
16, 47
16, 175
16, 303
16, 431
16, 48
16, 176
16, 432
16, 304
16, 49
16, 177
16, 305
16, 433
16, 50
16, 178
16, 434
16, 306
16, 51
16, 179
16, 307
16, 435
16, 52
16, 180
16, 436
16, 308
16, 53
16, 181
16, 309
16, 437
16, 54
16, 182
16, 438
16, 310
16, 55
16, 183
16, 311
16, 439
16, 56
16, 184
16, 440
16, 312
16, 57
16, 185
16, 313
16, 441
16, 58
16, 186
16, 442
16, 314
16, 59
16, 187
16, 315
16, 443
16, 60
16, 188
16, 444
16, 316
16, 61
16, 189
16, 317
16, 445
16, 62
16, 190
16, 446
16, 318
16, 63
16, 191
16, 319
16, 447
16, 64
16, 192
16, 448
16, 320
16, 193
16, 449
16, 321
16, 65
16, 66
16, 450
16, 322
16, 194
16, 195
16, 323
16, 67
16, 68
16, 324
16, 196
16, 197
16, 325
16, 69
16, 70
16, 326
16, 198
16, 199
16, 327
16, 71
16, 72
16, 328
16, 200
16, 201
16, 329
16, 73
16, 74
16, 330
16, 202
16, 203
16, 331
16, 75
16, 76
16, 332
16, 204
16, 205
16, 333
16, 77
16, 78
16, 334
16, 206
16, 207
16, 335
16, 79
16, 80
16, 336
16, 208
16, 209
16, 337
16, 81
16, 82
16, 338
16, 210
16, 211
16, 339
16, 83
16, 84
16, 340
16, 212
16, 213
16, 341
16, 85
16, 86
16, 342
16, 214
16, 215
16, 343
16, 87
16, 88
16, 344
16, 216
16, 217
16, 345
16, 89
16, 90
16, 346
16, 218
16, 219
16, 347
16, 91
16, 92
16, 348
16, 220
16, 221
16, 349
16, 93
16, 94
16, 350
16, 222
16, 223
16, 351
16, 95
16, 96
16, 352
16, 224
16, 225
16, 353
16, 97
16, 98
16, 354
16, 226
16, 227
16, 355
16, 99
16, 100
16, 356
16, 228
16, 229
16, 357
16, 101
16, 102
16, 358
16, 230
16, 231
16, 359
16, 103
16, 104
16, 360
16, 232
16, 233
16, 361
16, 105
16, 106
16, 362
16, 234
16, 235
16, 363
16, 107
16, 108
16, 364
16, 236
16, 237
16, 365
16, 109
16, 110
16, 366
16, 238
16, 239
16, 367
16, 111
16, 112
16, 368
16, 240
16, 241
16, 369
16, 113
16, 114
16, 370
16, 242
16, 243
16, 371
16, 115
16, 116
16, 372
16, 244
16, 245
16, 373
16, 117
16, 118
16, 374
16, 246
16, 247
16, 375
16, 119
16, 120
16, 376
16, 248
16, 249
16, 377
16, 121
16, 122
16, 378
16, 250
16, 251
16, 379
16, 123
16, 124
16, 380
16, 252
16, 253
16, 381
16, 125
16, 126
16, 382
16, 254
16, 255
16, 383
16, 127
144, 384
144, 256
144, 257
144, 385
144, 258
144, 386
144, 259
144, 387
144, 388
144, 260
144, 261
144, 389
144, 390
144, 262
144, 263
144, 391
144, 392
144, 264
144, 265
144, 393
144, 394
144, 266
144, 267
144, 395
144, 396
144, 268
144, 269
144, 397
144, 398
144, 270
144, 271
144, 399
144, 400
144, 272
144, 145
144, 273
144, 401
144, 146
144, 402
144, 274
144, 147
144, 275
144, 403
144, 148
144, 404
144, 276
144, 149
144, 277
144, 405
144, 150
144, 406
144, 278
144, 151
144, 279
144, 407
144, 152
144, 408
144, 280
144, 153
144, 281
144, 409
144, 154
144, 410
144, 282
144, 155
144, 283
144, 411
144, 156
144, 412
144, 284
144, 157
144, 285
144, 413
144, 158
144, 414
144, 286
144, 159
144, 287
144, 415
144, 160
144, 416
144, 288
144, 161
144, 289
144, 417
144, 162
144, 418
144, 290
144, 163
144, 291
144, 419
144, 164
144, 420
144, 292
144, 165
144, 293
144, 421
144, 166
144, 422
144, 294
144, 167
144, 295
144, 423
144, 168
144, 424
144, 296
144, 169
144, 297
144, 425
144, 170
144, 426
144, 298
144, 171
144, 299
144, 427
144, 172
144, 428
144, 300
144, 173
144, 301
144, 429
144, 174
144, 430
144, 302
144, 175
144, 303
144, 431
144, 176
144, 432
144, 304
144, 177
144, 305
144, 433
144, 178
144, 434
144, 306
144, 179
144, 307
144, 435
144, 180
144, 436
144, 308
144, 181
144, 309
144, 437
144, 182
144, 438
144, 310
144, 183
144, 311
144, 439
144, 184
144, 440
144, 312
144, 185
144, 313
144, 441
144, 186
144, 442
144, 314
144, 187
144, 315
144, 443
144, 188
144, 444
144, 316
144, 189
144, 317
144, 445
144, 190
144, 446
144, 318
144, 191
144, 319
144, 447
144, 448
144, 320
144, 192
144, 193
144, 449
144, 321
144, 450
144, 322
144, 194
144, 195
144, 323
144, 324
144, 196
144, 197
144, 325
144, 326
144, 198
144, 199
144, 327
144, 328
144, 200
144, 201
144, 329
144, 330
144, 202
144, 203
144, 331
144, 332
144, 204
144, 205
144, 333
144, 334
144, 206
144, 207
144, 335
144, 336
144, 208
144, 209
144, 337
144, 338
144, 210
144, 211
144, 339
144, 340
144, 212
144, 213
144, 341
144, 342
144, 214
144, 215
144, 343
144, 344
144, 216
144, 217
144, 345
144, 346
144, 218
144, 219
144, 347
144, 348
144, 220
144, 221
144, 349
144, 350
144, 222
144, 223
144, 351
144, 352
144, 224
144, 225
144, 353
144, 354
144, 226
144, 227
144, 355
144, 356
144, 228
144, 229
144, 357
144, 358
144, 230
144, 231
144, 359
144, 360
144, 232
144, 233
144, 361
144, 362
144, 234
144, 235
144, 363
144, 364
144, 236
144, 237
144, 365
144, 366
144, 238
144, 239
144, 367
144, 368
144, 240
144, 241
144, 369
144, 370
144, 242
144, 243
144, 371
144, 372
144, 244
144, 245
144, 373
144, 374
144, 246
144, 247
144, 375
144, 376
144, 248
144, 249
144, 377
144, 378
144, 250
144, 251
144, 379
144, 380
144, 252
144, 253
144, 381
144, 382
144, 254
144, 255
144, 383
401, 448
401, 449
401, 450
401, 402
401, 403
401, 404
401, 405
401, 406
401, 407
401, 408
401, 409
401, 410
401, 411
401, 412
401, 413
401, 414
401, 415
401, 416
401, 417
401, 418
401, 419
401, 420
401, 421
401, 422
401, 423
401, 424
401, 425
401, 426
401, 427
401, 428
401, 429
401, 430
401, 431
401, 432
401, 433
401, 434
401, 435
401, 436
401, 437
401, 438
401, 439
401, 440
401, 441
401, 442
401, 443
401, 444
401, 445
401, 446
401, 447
273, 320
273, 384
273, 448
273, 321
273, 385
273, 449
273, 450
273, 322
273, 386
273, 323
273, 387
273, 324
273, 388
273, 325
273, 389
273, 390
273, 326
273, 327
273, 391
273, 392
273, 328
273, 329
273, 393
273, 394
273, 330
273, 331
273, 395
273, 396
273, 332
273, 333
273, 397
273, 398
273, 334
273, 335
273, 399
273, 400
273, 336
273, 337
273, 401
273, 402
273, 338
273, 274
273, 275
273, 339
273, 403
273, 404
273, 340
273, 276
273, 277
273, 341
273, 405
273, 406
273, 342
273, 278
273, 279
273, 343
273, 407
273, 408
273, 344
273, 280
273, 281
273, 345
273, 409
273, 410
273, 346
273, 282
273, 283
273, 347
273, 411
273, 412
273, 348
273, 284
273, 285
273, 349
273, 413
273, 414
273, 350
273, 286
273, 287
273, 351
273, 415
273, 416
273, 352
273, 288
273, 289
273, 353
273, 417
273, 418
273, 354
273, 290
273, 291
273, 355
273, 419
273, 420
273, 356
273, 292
273, 293
273, 357
273, 421
273, 422
273, 358
273, 294
273, 295
273, 359
273, 423
273, 424
273, 360
273, 296
273, 297
273, 361
273, 425
273, 426
273, 362
273, 298
273, 299
273, 363
273, 427
273, 428
273, 364
273, 300
273, 301
273, 365
273, 429
273, 430
273, 366
273, 302
273, 303
273, 367
273, 431
273, 432
273, 368
273, 304
273, 305
273, 369
273, 433
273, 434
273, 370
273, 306
273, 307
273, 371
273, 435
273, 436
273, 372
273, 308
273, 309
273, 373
273, 437
273, 438
273, 374
273, 310
273, 311
273, 375
273, 439
273, 440
273, 376
273, 312
273, 313
273, 377
273, 441
273, 442
273, 378
273, 314
273, 315
273, 379
273, 443
273, 444
273, 380
273, 316
273, 317
273, 381
273, 445
273, 446
273, 382
273, 318
273, 319
273, 383
273, 447
17, 256
17, 384
17, 128
17, 129
17, 385
17, 257
17, 386
17, 258
17, 130
17, 387
17, 259
17, 131
17, 132
17, 388
17, 260
17, 133
17, 261
17, 389
17, 134
17, 390
17, 262
17, 135
17, 263
17, 391
17, 136
17, 392
17, 264
17, 137
17, 265
17, 393
17, 138
17, 394
17, 266
17, 139
17, 267
17, 395
17, 140
17, 396
17, 268
17, 141
17, 269
17, 397
17, 142
17, 398
17, 270
17, 143
17, 271
17, 399
17, 144
17, 400
17, 272
17, 145
17, 273
17, 401
17, 18
17, 146
17, 402
17, 274
17, 19
17, 147
17, 275
17, 403
17, 20
17, 148
17, 404
17, 276
17, 21
17, 149
17, 277
17, 405
17, 22
17, 150
17, 406
17, 278
17, 23
17, 151
17, 279
17, 407
17, 24
17, 152
17, 408
17, 280
17, 25
17, 153
17, 281
17, 409
17, 26
17, 154
17, 410
17, 282
17, 27
17, 155
17, 283
17, 411
17, 28
17, 156
17, 412
17, 284
17, 29
17, 157
17, 285
17, 413
17, 30
17, 158
17, 414
17, 286
17, 31
17, 159
17, 287
17, 415
17, 32
17, 160
17, 416
17, 288
17, 33
17, 161
17, 289
17, 417
17, 34
17, 162
17, 418
17, 290
17, 35
17, 163
17, 291
17, 419
17, 36
17, 164
17, 420
17, 292
17, 37
17, 165
17, 293
17, 421
17, 38
17, 166
17, 422
17, 294
17, 39
17, 167
17, 295
17, 423
17, 40
17, 168
17, 424
17, 296
17, 41
17, 169
17, 297
17, 425
17, 42
17, 170
17, 426
17, 298
17, 43
17, 171
17, 299
17, 427
17, 44
17, 172
17, 428
17, 300
17, 45
17, 173
17, 301
17, 429
17, 46
17, 174
17, 430
17, 302
17, 47
17, 175
17, 303
17, 431
17, 48
17, 176
17, 432
17, 304
17, 49
17, 177
17, 305
17, 433
17, 50
17, 178
17, 434
17, 306
17, 51
17, 179
17, 307
17, 435
17, 52
17, 180
17, 436
17, 308
17, 53
17, 181
17, 309
17, 437
17, 54
17, 182
17, 438
17, 310
17, 55
17, 183
17, 311
17, 439
17, 56
17, 184
17, 440
17, 312
17, 57
17, 185
17, 313
17, 441
17, 58
17, 186
17, 442
17, 314
17, 59
17, 187
17, 315
17, 443
17, 60
17, 188
17, 444
17, 316
17, 61
17, 189
17, 317
17, 445
17, 62
17, 190
17, 446
17, 318
17, 63
17, 191
17, 319
17, 447
17, 448
17, 320
17, 192
17, 64
17, 65
17, 321
17, 449
17, 193
17, 194
17, 322
17, 450
17, 66
17, 67
17, 323
17, 195
17, 196
17, 324
17, 68
17, 69
17, 325
17, 197
17, 198
17, 326
17, 70
17, 71
17, 327
17, 199
17, 200
17, 328
17, 72
17, 73
17, 329
17, 201
17, 202
17, 330
17, 74
17, 75
17, 331
17, 203
17, 204
17, 332
17, 76
17, 77
17, 333
17, 205
17, 206
17, 334
17, 78
17, 79
17, 335
17, 207
17, 208
17, 336
17, 80
17, 81
17, 337
17, 209
17, 210
17, 338
17, 82
17, 83
17, 339
17, 211
17, 212
17, 340
17, 84
17, 85
17, 341
17, 213
17, 214
17, 342
17, 86
17, 87
17, 343
17, 215
17, 216
17, 344
17, 88
17, 89
17, 345
17, 217
17, 218
17, 346
17, 90
17, 91
17, 347
17, 219
17, 220
17, 348
17, 92
17, 93
17, 349
17, 221
17, 222
17, 350
17, 94
17, 95
17, 351
17, 223
17, 224
17, 352
17, 96
17, 97
17, 353
17, 225
17, 226
17, 354
17, 98
17, 99
17, 355
17, 227
17, 228
17, 356
17, 100
17, 101
17, 357
17, 229
17, 230
17, 358
17, 102
17, 103
17, 359
17, 231
17, 232
17, 360
17, 104
17, 105
17, 361
17, 233
17, 234
17, 362
17, 106
17, 107
17, 363
17, 235
17, 236
17, 364
17, 108
17, 109
17, 365
17, 237
17, 238
17, 366
17, 110
17, 111
17, 367
17, 239
17, 240
17, 368
17, 112
17, 113
17, 369
17, 241
17, 242
17, 370
17, 114
17, 115
17, 371
17, 243
17, 244
17, 372
17, 116
17, 117
17, 373
17, 245
17, 246
17, 374
17, 118
17, 119
17, 375
17, 247
17, 248
17, 376
17, 120
17, 121
17, 377
17, 249
17, 250
17, 378
17, 122
17, 123
17, 379
17, 251
17, 252
17, 380
17, 124
17, 125
17, 381
17, 253
17, 254
17, 382
17, 126
17, 127
17, 383
17, 255
145, 256
145, 384
145, 385
145, 257
145, 386
145, 258
145, 387
145, 259
145, 388
145, 260
145, 261
145, 389
145, 390
145, 262
145, 263
145, 391
145, 392
145, 264
145, 265
145, 393
145, 394
145, 266
145, 267
145, 395
145, 396
145, 268
145, 269
145, 397
145, 398
145, 270
145, 271
145, 399
145, 400
145, 272
145, 273
145, 401
145, 146
145, 402
145, 274
145, 147
145, 275
145, 403
145, 148
145, 404
145, 276
145, 149
145, 277
145, 405
145, 150
145, 406
145, 278
145, 151
145, 279
145, 407
145, 152
145, 408
145, 280
145, 153
145, 281
145, 409
145, 154
145, 410
145, 282
145, 155
145, 283
145, 411
145, 156
145, 412
145, 284
145, 157
145, 285
145, 413
145, 158
145, 414
145, 286
145, 159
145, 287
145, 415
145, 160
145, 416
145, 288
145, 161
145, 289
145, 417
145, 162
145, 418
145, 290
145, 163
145, 291
145, 419
145, 164
145, 420
145, 292
145, 165
145, 293
145, 421
145, 166
145, 422
145, 294
145, 167
145, 295
145, 423
145, 168
145, 424
145, 296
145, 169
145, 297
145, 425
145, 170
145, 426
145, 298
145, 171
145, 299
145, 427
145, 172
145, 428
145, 300
145, 173
145, 301
145, 429
145, 174
145, 430
145, 302
145, 175
145, 303
145, 431
145, 176
145, 432
145, 304
145, 177
145, 305
145, 433
145, 178
145, 434
145, 306
145, 179
145, 307
145, 435
145, 180
145, 436
145, 308
145, 181
145, 309
145, 437
145, 182
145, 438
145, 310
145, 183
145, 311
145, 439
145, 184
145, 440
145, 312
145, 185
145, 313
145, 441
145, 186
145, 442
145, 314
145, 187
145, 315
145, 443
145, 188
145, 444
145, 316
145, 189
145, 317
145, 445
145, 190
145, 446
145, 318
145, 191
145, 319
145, 447
145, 448
145, 320
145, 192
145, 321
145, 449
145, 193
145, 194
145, 322
145, 450
145, 323
145, 195
145, 196
145, 324
145, 325
145, 197
145, 198
145, 326
145, 327
145, 199
145, 200
145, 328
145, 329
145, 201
145, 202
145, 330
145, 331
145, 203
145, 204
145, 332
145, 333
145, 205
145, 206
145, 334
145, 335
145, 207
145, 208
145, 336
145, 337
145, 209
145, 210
145, 338
145, 339
145, 211
145, 212
145, 340
145, 341
145, 213
145, 214
145, 342
145, 343
145, 215
145, 216
145, 344
145, 345
145, 217
145, 218
145, 346
145, 347
145, 219
145, 220
145, 348
145, 349
145, 221
145, 222
145, 350
145, 351
145, 223
145, 224
145, 352
145, 353
145, 225
145, 226
145, 354
145, 355
145, 227
145, 228
145, 356
145, 357
145, 229
145, 230
145, 358
145, 359
145, 231
145, 232
145, 360
145, 361
145, 233
145, 234
145, 362
145, 363
145, 235
145, 236
145, 364
145, 365
145, 237
145, 238
145, 366
145, 367
145, 239
145, 240
145, 368
145, 369
145, 241
145, 242
145, 370
145, 371
145, 243
145, 244
145, 372
145, 373
145, 245
145, 246
145, 374
145, 375
145, 247
145, 248
145, 376
145, 377
145, 249
145, 250
145, 378
145, 379
145, 251
145, 252
145, 380
145, 381
145, 253
145, 254
145, 382
145, 383
145, 255
402, 448
402, 449
402, 450
402, 403
402, 404
402, 405
402, 406
402, 407
402, 408
402, 409
402, 410
402, 411
402, 412
402, 413
402, 414
402, 415
402, 416
402, 417
402, 418
402, 419
402, 420
402, 421
402, 422
402, 423
402, 424
402, 425
402, 426
402, 427
402, 428
402, 429
402, 430
402, 431
402, 432
402, 433
402, 434
402, 435
402, 436
402, 437
402, 438
402, 439
402, 440
402, 441
402, 442
402, 443
402, 444
402, 445
402, 446
402, 447
274, 320
274, 384
274, 448
274, 321
274, 385
274, 449
274, 322
274, 386
274, 450
274, 387
274, 323
274, 388
274, 324
274, 389
274, 325
274, 326
274, 390
274, 391
274, 327
274, 328
274, 392
274, 393
274, 329
274, 330
274, 394
274, 395
274, 331
274, 332
274, 396
274, 397
274, 333
274, 334
274, 398
274, 399
274, 335
274, 336
274, 400
274, 401
274, 337
274, 338
274, 402
274, 403
274, 339
274, 275
274, 276
274, 340
274, 404
274, 405
274, 341
274, 277
274, 278
274, 342
274, 406
274, 407
274, 343
274, 279
274, 280
274, 344
274, 408
274, 409
274, 345
274, 281
274, 282
274, 346
274, 410
274, 411
274, 347
274, 283
274, 284
274, 348
274, 412
274, 413
274, 349
274, 285
274, 286
274, 350
274, 414
274, 415
274, 351
274, 287
274, 288
274, 352
274, 416
274, 417
274, 353
274, 289
274, 290
274, 354
274, 418
274, 419
274, 355
274, 291
274, 292
274, 356
274, 420
274, 421
274, 357
274, 293
274, 294
274, 358
274, 422
274, 423
274, 359
274, 295
274, 296
274, 360
274, 424
274, 425
274, 361
274, 297
274, 298
274, 362
274, 426
274, 427
274, 363
274, 299
274, 300
274, 364
274, 428
274, 429
274, 365
274, 301
274, 302
274, 366
274, 430
274, 431
274, 367
274, 303
274, 304
274, 368
274, 432
274, 433
274, 369
274, 305
274, 306
274, 370
274, 434
274, 435
274, 371
274, 307
274, 308
274, 372
274, 436
274, 437
274, 373
274, 309
274, 310
274, 374
274, 438
274, 439
274, 375
274, 311
274, 312
274, 376
274, 440
274, 441
274, 377
274, 313
274, 314
274, 378
274, 442
274, 443
274, 379
274, 315
274, 316
274, 380
274, 444
274, 445
274, 381
274, 317
274, 318
274, 382
274, 446
274, 447
274, 383
274, 319
18, 128
18, 384
18, 256
18, 257
18, 385
18, 129
18, 258
18, 386
18, 130
18, 387
18, 259
18, 131
18, 132
18, 388
18, 260
18, 133
18, 261
18, 389
18, 134
18, 390
18, 262
18, 135
18, 263
18, 391
18, 136
18, 392
18, 264
18, 137
18, 265
18, 393
18, 138
18, 394
18, 266
18, 139
18, 267
18, 395
18, 140
18, 396
18, 268
18, 141
18, 269
18, 397
18, 142
18, 398
18, 270
18, 143
18, 271
18, 399
18, 144
18, 400
18, 272
18, 145
18, 273
18, 401
18, 146
18, 402
18, 274
18, 19
18, 147
18, 275
18, 403
18, 20
18, 148
18, 404
18, 276
18, 21
18, 149
18, 277
18, 405
18, 22
18, 150
18, 406
18, 278
18, 23
18, 151
18, 279
18, 407
18, 24
18, 152
18, 408
18, 280
18, 25
18, 153
18, 281
18, 409
18, 26
18, 154
18, 410
18, 282
18, 27
18, 155
18, 283
18, 411
18, 28
18, 156
18, 412
18, 284
18, 29
18, 157
18, 285
18, 413
18, 30
18, 158
18, 414
18, 286
18, 31
18, 159
18, 287
18, 415
18, 32
18, 160
18, 416
18, 288
18, 33
18, 161
18, 289
18, 417
18, 34
18, 162
18, 418
18, 290
18, 35
18, 163
18, 291
18, 419
18, 36
18, 164
18, 420
18, 292
18, 37
18, 165
18, 293
18, 421
18, 38
18, 166
18, 422
18, 294
18, 39
18, 167
18, 295
18, 423
18, 40
18, 168
18, 424
18, 296
18, 41
18, 169
18, 297
18, 425
18, 42
18, 170
18, 426
18, 298
18, 43
18, 171
18, 299
18, 427
18, 44
18, 172
18, 428
18, 300
18, 45
18, 173
18, 301
18, 429
18, 46
18, 174
18, 430
18, 302
18, 47
18, 175
18, 303
18, 431
18, 48
18, 176
18, 432
18, 304
18, 49
18, 177
18, 305
18, 433
18, 50
18, 178
18, 434
18, 306
18, 51
18, 179
18, 307
18, 435
18, 52
18, 180
18, 436
18, 308
18, 53
18, 181
18, 309
18, 437
18, 54
18, 182
18, 438
18, 310
18, 55
18, 183
18, 311
18, 439
18, 56
18, 184
18, 440
18, 312
18, 57
18, 185
18, 313
18, 441
18, 58
18, 186
18, 442
18, 314
18, 59
18, 187
18, 315
18, 443
18, 60
18, 188
18, 444
18, 316
18, 61
18, 189
18, 317
18, 445
18, 62
18, 190
18, 446
18, 318
18, 63
18, 191
18, 319
18, 447
18, 192
18, 64
18, 320
18, 448
18, 193
18, 449
18, 321
18, 65
18, 66
18, 450
18, 322
18, 194
18, 195
18, 323
18, 67
18, 68
18, 324
18, 196
18, 197
18, 325
18, 69
18, 70
18, 326
18, 198
18, 199
18, 327
18, 71
18, 72
18, 328
18, 200
18, 201
18, 329
18, 73
18, 74
18, 330
18, 202
18, 203
18, 331
18, 75
18, 76
18, 332
18, 204
18, 205
18, 333
18, 77
18, 78
18, 334
18, 206
18, 207
18, 335
18, 79
18, 80
18, 336
18, 208
18, 209
18, 337
18, 81
18, 82
18, 338
18, 210
18, 211
18, 339
18, 83
18, 84
18, 340
18, 212
18, 213
18, 341
18, 85
18, 86
18, 342
18, 214
18, 215
18, 343
18, 87
18, 88
18, 344
18, 216
18, 217
18, 345
18, 89
18, 90
18, 346
18, 218
18, 219
18, 347
18, 91
18, 92
18, 348
18, 220
18, 221
18, 349
18, 93
18, 94
18, 350
18, 222
18, 223
18, 351
18, 95
18, 96
18, 352
18, 224
18, 225
18, 353
18, 97
18, 98
18, 354
18, 226
18, 227
18, 355
18, 99
18, 100
18, 356
18, 228
18, 229
18, 357
18, 101
18, 102
18, 358
18, 230
18, 231
18, 359
18, 103
18, 104
18, 360
18, 232
18, 233
18, 361
18, 105
18, 106
18, 362
18, 234
18, 235
18, 363
18, 107
18, 108
18, 364
18, 236
18, 237
18, 365
18, 109
18, 110
18, 366
18, 238
18, 239
18, 367
18, 111
18, 112
18, 368
18, 240
18, 241
18, 369
18, 113
18, 114
18, 370
18, 242
18, 243
18, 371
18, 115
18, 116
18, 372
18, 244
18, 245
18, 373
18, 117
18, 118
18, 374
18, 246
18, 247
18, 375
18, 119
18, 120
18, 376
18, 248
18, 249
18, 377
18, 121
18, 122
18, 378
18, 250
18, 251
18, 379
18, 123
18, 124
18, 380
18, 252
18, 253
18, 381
18, 125
18, 126
18, 382
18, 254
18, 255
18, 383
18, 127
146, 384
146, 256
146, 257
146, 385
146, 258
146, 386
146, 259
146, 387
146, 388
146, 260
146, 261
146, 389
146, 390
146, 262
146, 263
146, 391
146, 392
146, 264
146, 265
146, 393
146, 394
146, 266
146, 267
146, 395
146, 396
146, 268
146, 269
146, 397
146, 398
146, 270
146, 271
146, 399
146, 400
146, 272
146, 273
146, 401
146, 402
146, 274
146, 147
146, 275
146, 403
146, 148
146, 404
146, 276
146, 149
146, 277
146, 405
146, 150
146, 406
146, 278
146, 151
146, 279
146, 407
146, 152
146, 408
146, 280
146, 153
146, 281
146, 409
146, 154
146, 410
146, 282
146, 155
146, 283
146, 411
146, 156
146, 412
146, 284
146, 157
146, 285
146, 413
146, 158
146, 414
146, 286
146, 159
146, 287
146, 415
146, 160
146, 416
146, 288
146, 161
146, 289
146, 417
146, 162
146, 418
146, 290
146, 163
146, 291
146, 419
146, 164
146, 420
146, 292
146, 165
146, 293
146, 421
146, 166
146, 422
146, 294
146, 167
146, 295
146, 423
146, 168
146, 424
146, 296
146, 169
146, 297
146, 425
146, 170
146, 426
146, 298
146, 171
146, 299
146, 427
146, 172
146, 428
146, 300
146, 173
146, 301
146, 429
146, 174
146, 430
146, 302
146, 175
146, 303
146, 431
146, 176
146, 432
146, 304
146, 177
146, 305
146, 433
146, 178
146, 434
146, 306
146, 179
146, 307
146, 435
146, 180
146, 436
146, 308
146, 181
146, 309
146, 437
146, 182
146, 438
146, 310
146, 183
146, 311
146, 439
146, 184
146, 440
146, 312
146, 185
146, 313
146, 441
146, 186
146, 442
146, 314
146, 187
146, 315
146, 443
146, 188
146, 444
146, 316
146, 189
146, 317
146, 445
146, 190
146, 446
146, 318
146, 191
146, 319
146, 447
146, 448
146, 320
146, 192
146, 193
146, 449
146, 321
146, 450
146, 322
146, 194
146, 195
146, 323
146, 324
146, 196
146, 197
146, 325
146, 326
146, 198
146, 199
146, 327
146, 328
146, 200
146, 201
146, 329
146, 330
146, 202
146, 203
146, 331
146, 332
146, 204
146, 205
146, 333
146, 334
146, 206
146, 207
146, 335
146, 336
146, 208
146, 209
146, 337
146, 338
146, 210
146, 211
146, 339
146, 340
146, 212
146, 213
146, 341
146, 342
146, 214
146, 215
146, 343
146, 344
146, 216
146, 217
146, 345
146, 346
146, 218
146, 219
146, 347
146, 348
146, 220
146, 221
146, 349
146, 350
146, 222
146, 223
146, 351
146, 352
146, 224
146, 225
146, 353
146, 354
146, 226
146, 227
146, 355
146, 356
146, 228
146, 229
146, 357
146, 358
146, 230
146, 231
146, 359
146, 360
146, 232
146, 233
146, 361
146, 362
146, 234
146, 235
146, 363
146, 364
146, 236
146, 237
146, 365
146, 366
146, 238
146, 239
146, 367
146, 368
146, 240
146, 241
146, 369
146, 370
146, 242
146, 243
146, 371
146, 372
146, 244
146, 245
146, 373
146, 374
146, 246
146, 247
146, 375
146, 376
146, 248
146, 249
146, 377
146, 378
146, 250
146, 251
146, 379
146, 380
146, 252
146, 253
146, 381
146, 382
146, 254
146, 255
146, 383
403, 448
403, 449
403, 450
403, 404
403, 405
403, 406
403, 407
403, 408
403, 409
403, 410
403, 411
403, 412
403, 413
403, 414
403, 415
403, 416
403, 417
403, 418
403, 419
403, 420
403, 421
403, 422
403, 423
403, 424
403, 425
403, 426
403, 427
403, 428
403, 429
403, 430
403, 431
403, 432
403, 433
403, 434
403, 435
403, 436
403, 437
403, 438
403, 439
403, 440
403, 441
403, 442
403, 443
403, 444
403, 445
403, 446
403, 447
275, 320
275, 384
275, 448
275, 321
275, 385
275, 449
275, 386
275, 450
275, 322
275, 323
275, 387
275, 324
275, 388
275, 325
275, 389
275, 390
275, 326
275, 327
275, 391
275, 392
275, 328
275, 329
275, 393
275, 394
275, 330
275, 331
275, 395
275, 396
275, 332
275, 333
275, 397
275, 398
275, 334
275, 335
275, 399
275, 400
275, 336
275, 337
275, 401
275, 402
275, 338
275, 339
275, 403
275, 404
275, 340
275, 276
275, 277
275, 341
275, 405
275, 406
275, 342
275, 278
275, 279
275, 343
275, 407
275, 408
275, 344
275, 280
275, 281
275, 345
275, 409
275, 410
275, 346
275, 282
275, 283
275, 347
275, 411
275, 412
275, 348
275, 284
275, 285
275, 349
275, 413
275, 414
275, 350
275, 286
275, 287
275, 351
275, 415
275, 416
275, 352
275, 288
275, 289
275, 353
275, 417
275, 418
275, 354
275, 290
275, 291
275, 355
275, 419
275, 420
275, 356
275, 292
275, 293
275, 357
275, 421
275, 422
275, 358
275, 294
275, 295
275, 359
275, 423
275, 424
275, 360
275, 296
275, 297
275, 361
275, 425
275, 426
275, 362
275, 298
275, 299
275, 363
275, 427
275, 428
275, 364
275, 300
275, 301
275, 365
275, 429
275, 430
275, 366
275, 302
275, 303
275, 367
275, 431
275, 432
275, 368
275, 304
275, 305
275, 369
275, 433
275, 434
275, 370
275, 306
275, 307
275, 371
275, 435
275, 436
275, 372
275, 308
275, 309
275, 373
275, 437
275, 438
275, 374
275, 310
275, 311
275, 375
275, 439
275, 440
275, 376
275, 312
275, 313
275, 377
275, 441
275, 442
275, 378
275, 314
275, 315
275, 379
275, 443
275, 444
275, 380
275, 316
275, 317
275, 381
275, 445
275, 446
275, 382
275, 318
275, 319
275, 383
275, 447
19, 256
19, 384
19, 128
19, 129
19, 385
19, 257
19, 386
19, 258
19, 130
19, 387
19, 259
19, 131
19, 132
19, 388
19, 260
19, 133
19, 261
19, 389
19, 134
19, 390
19, 262
19, 135
19, 263
19, 391
19, 136
19, 392
19, 264
19, 137
19, 265
19, 393
19, 138
19, 394
19, 266
19, 139
19, 267
19, 395
19, 140
19, 396
19, 268
19, 141
19, 269
19, 397
19, 142
19, 398
19, 270
19, 143
19, 271
19, 399
19, 144
19, 400
19, 272
19, 145
19, 273
19, 401
19, 146
19, 402
19, 274
19, 147
19, 275
19, 403
19, 20
19, 148
19, 404
19, 276
19, 21
19, 149
19, 277
19, 405
19, 22
19, 150
19, 406
19, 278
19, 23
19, 151
19, 279
19, 407
19, 24
19, 152
19, 408
19, 280
19, 25
19, 153
19, 281
19, 409
19, 26
19, 154
19, 410
19, 282
19, 27
19, 155
19, 283
19, 411
19, 28
19, 156
19, 412
19, 284
19, 29
19, 157
19, 285
19, 413
19, 30
19, 158
19, 414
19, 286
19, 31
19, 159
19, 287
19, 415
19, 32
19, 160
19, 416
19, 288
19, 33
19, 161
19, 289
19, 417
19, 34
19, 162
19, 418
19, 290
19, 35
19, 163
19, 291
19, 419
19, 36
19, 164
19, 420
19, 292
19, 37
19, 165
19, 293
19, 421
19, 38
19, 166
19, 422
19, 294
19, 39
19, 167
19, 295
19, 423
19, 40
19, 168
19, 424
19, 296
19, 41
19, 169
19, 297
19, 425
19, 42
19, 170
19, 426
19, 298
19, 43
19, 171
19, 299
19, 427
19, 44
19, 172
19, 428
19, 300
19, 45
19, 173
19, 301
19, 429
19, 46
19, 174
19, 430
19, 302
19, 47
19, 175
19, 303
19, 431
19, 48
19, 176
19, 432
19, 304
19, 49
19, 177
19, 305
19, 433
19, 50
19, 178
19, 434
19, 306
19, 51
19, 179
19, 307
19, 435
19, 52
19, 180
19, 436
19, 308
19, 53
19, 181
19, 309
19, 437
19, 54
19, 182
19, 438
19, 310
19, 55
19, 183
19, 311
19, 439
19, 56
19, 184
19, 440
19, 312
19, 57
19, 185
19, 313
19, 441
19, 58
19, 186
19, 442
19, 314
19, 59
19, 187
19, 315
19, 443
19, 60
19, 188
19, 444
19, 316
19, 61
19, 189
19, 317
19, 445
19, 62
19, 190
19, 446
19, 318
19, 63
19, 191
19, 319
19, 447
19, 320
19, 448
19, 64
19, 192
19, 65
19, 321
19, 449
19, 193
19, 194
19, 322
19, 450
19, 66
19, 67
19, 323
19, 195
19, 196
19, 324
19, 68
19, 69
19, 325
19, 197
19, 198
19, 326
19, 70
19, 71
19, 327
19, 199
19, 200
19, 328
19, 72
19, 73
19, 329
19, 201
19, 202
19, 330
19, 74
19, 75
19, 331
19, 203
19, 204
19, 332
19, 76
19, 77
19, 333
19, 205
19, 206
19, 334
19, 78
19, 79
19, 335
19, 207
19, 208
19, 336
19, 80
19, 81
19, 337
19, 209
19, 210
19, 338
19, 82
19, 83
19, 339
19, 211
19, 212
19, 340
19, 84
19, 85
19, 341
19, 213
19, 214
19, 342
19, 86
19, 87
19, 343
19, 215
19, 216
19, 344
19, 88
19, 89
19, 345
19, 217
19, 218
19, 346
19, 90
19, 91
19, 347
19, 219
19, 220
19, 348
19, 92
19, 93
19, 349
19, 221
19, 222
19, 350
19, 94
19, 95
19, 351
19, 223
19, 224
19, 352
19, 96
19, 97
19, 353
19, 225
19, 226
19, 354
19, 98
19, 99
19, 355
19, 227
19, 228
19, 356
19, 100
19, 101
19, 357
19, 229
19, 230
19, 358
19, 102
19, 103
19, 359
19, 231
19, 232
19, 360
19, 104
19, 105
19, 361
19, 233
19, 234
19, 362
19, 106
19, 107
19, 363
19, 235
19, 236
19, 364
19, 108
19, 109
19, 365
19, 237
19, 238
19, 366
19, 110
19, 111
19, 367
19, 239
19, 240
19, 368
19, 112
19, 113
19, 369
19, 241
19, 242
19, 370
19, 114
19, 115
19, 371
19, 243
19, 244
19, 372
19, 116
19, 117
19, 373
19, 245
19, 246
19, 374
19, 118
19, 119
19, 375
19, 247
19, 248
19, 376
19, 120
19, 121
19, 377
19, 249
19, 250
19, 378
19, 122
19, 123
19, 379
19, 251
19, 252
19, 380
19, 124
19, 125
19, 381
19, 253
19, 254
19, 382
19, 126
19, 127
19, 383
19, 255
147, 256
147, 384
147, 385
147, 257
147, 386
147, 258
147, 387
147, 259
147, 388
147, 260
147, 261
147, 389
147, 390
147, 262
147, 263
147, 391
147, 392
147, 264
147, 265
147, 393
147, 394
147, 266
147, 267
147, 395
147, 396
147, 268
147, 269
147, 397
147, 398
147, 270
147, 271
147, 399
147, 400
147, 272
147, 273
147, 401
147, 402
147, 274
147, 275
147, 403
147, 148
147, 404
147, 276
147, 149
147, 277
147, 405
147, 150
147, 406
147, 278
147, 151
147, 279
147, 407
147, 152
147, 408
147, 280
147, 153
147, 281
147, 409
147, 154
147, 410
147, 282
147, 155
147, 283
147, 411
147, 156
147, 412
147, 284
147, 157
147, 285
147, 413
147, 158
147, 414
147, 286
147, 159
147, 287
147, 415
147, 160
147, 416
147, 288
147, 161
147, 289
147, 417
147, 162
147, 418
147, 290
147, 163
147, 291
147, 419
147, 164
147, 420
147, 292
147, 165
147, 293
147, 421
147, 166
147, 422
147, 294
147, 167
147, 295
147, 423
147, 168
147, 424
147, 296
147, 169
147, 297
147, 425
147, 170
147, 426
147, 298
147, 171
147, 299
147, 427
147, 172
147, 428
147, 300
147, 173
147, 301
147, 429
147, 174
147, 430
147, 302
147, 175
147, 303
147, 431
147, 176
147, 432
147, 304
147, 177
147, 305
147, 433
147, 178
147, 434
147, 306
147, 179
147, 307
147, 435
147, 180
147, 436
147, 308
147, 181
147, 309
147, 437
147, 182
147, 438
147, 310
147, 183
147, 311
147, 439
147, 184
147, 440
147, 312
147, 185
147, 313
147, 441
147, 186
147, 442
147, 314
147, 187
147, 315
147, 443
147, 188
147, 444
147, 316
147, 189
147, 317
147, 445
147, 190
147, 446
147, 318
147, 191
147, 319
147, 447
147, 448
147, 320
147, 192
147, 321
147, 449
147, 193
147, 194
147, 322
147, 450
147, 323
147, 195
147, 196
147, 324
147, 325
147, 197
147, 198
147, 326
147, 327
147, 199
147, 200
147, 328
147, 329
147, 201
147, 202
147, 330
147, 331
147, 203
147, 204
147, 332
147, 333
147, 205
147, 206
147, 334
147, 335
147, 207
147, 208
147, 336
147, 337
147, 209
147, 210
147, 338
147, 339
147, 211
147, 212
147, 340
147, 341
147, 213
147, 214
147, 342
147, 343
147, 215
147, 216
147, 344
147, 345
147, 217
147, 218
147, 346
147, 347
147, 219
147, 220
147, 348
147, 349
147, 221
147, 222
147, 350
147, 351
147, 223
147, 224
147, 352
147, 353
147, 225
147, 226
147, 354
147, 355
147, 227
147, 228
147, 356
147, 357
147, 229
147, 230
147, 358
147, 359
147, 231
147, 232
147, 360
147, 361
147, 233
147, 234
147, 362
147, 363
147, 235
147, 236
147, 364
147, 365
147, 237
147, 238
147, 366
147, 367
147, 239
147, 240
147, 368
147, 369
147, 241
147, 242
147, 370
147, 371
147, 243
147, 244
147, 372
147, 373
147, 245
147, 246
147, 374
147, 375
147, 247
147, 248
147, 376
147, 377
147, 249
147, 250
147, 378
147, 379
147, 251
147, 252
147, 380
147, 381
147, 253
147, 254
147, 382
147, 383
147, 255
404, 448
404, 449
404, 450
404, 405
404, 406
404, 407
404, 408
404, 409
404, 410
404, 411
404, 412
404, 413
404, 414
404, 415
404, 416
404, 417
404, 418
404, 419
404, 420
404, 421
404, 422
404, 423
404, 424
404, 425
404, 426
404, 427
404, 428
404, 429
404, 430
404, 431
404, 432
404, 433
404, 434
404, 435
404, 436
404, 437
404, 438
404, 439
404, 440
404, 441
404, 442
404, 443
404, 444
404, 445
404, 446
404, 447
276, 320
276, 384
276, 448
276, 321
276, 385
276, 449
276, 450
276, 322
276, 386
276, 387
276, 323
276, 388
276, 324
276, 389
276, 325
276, 326
276, 390
276, 391
276, 327
276, 328
276, 392
276, 393
276, 329
276, 330
276, 394
276, 395
276, 331
276, 332
276, 396
276, 397
276, 333
276, 334
276, 398
276, 399
276, 335
276, 336
276, 400
276, 401
276, 337
276, 338
276, 402
276, 403
276, 339
276, 340
276, 404
276, 405
276, 341
276, 277
276, 278
276, 342
276, 406
276, 407
276, 343
276, 279
276, 280
276, 344
276, 408
276, 409
276, 345
276, 281
276, 282
276, 346
276, 410
276, 411
276, 347
276, 283
276, 284
276, 348
276, 412
276, 413
276, 349
276, 285
276, 286
276, 350
276, 414
276, 415
276, 351
276, 287
276, 288
276, 352
276, 416
276, 417
276, 353
276, 289
276, 290
276, 354
276, 418
276, 419
276, 355
276, 291
276, 292
276, 356
276, 420
276, 421
276, 357
276, 293
276, 294
276, 358
276, 422
276, 423
276, 359
276, 295
276, 296
276, 360
276, 424
276, 425
276, 361
276, 297
276, 298
276, 362
276, 426
276, 427
276, 363
276, 299
276, 300
276, 364
276, 428
276, 429
276, 365
276, 301
276, 302
276, 366
276, 430
276, 431
276, 367
276, 303
276, 304
276, 368
276, 432
276, 433
276, 369
276, 305
276, 306
276, 370
276, 434
276, 435
276, 371
276, 307
276, 308
276, 372
276, 436
276, 437
276, 373
276, 309
276, 310
276, 374
276, 438
276, 439
276, 375
276, 311
276, 312
276, 376
276, 440
276, 441
276, 377
276, 313
276, 314
276, 378
276, 442
276, 443
276, 379
276, 315
276, 316
276, 380
276, 444
276, 445
276, 381
276, 317
276, 318
276, 382
276, 446
276, 447
276, 383
276, 319
20, 128
20, 384
20, 256
20, 257
20, 385
20, 129
20, 258
20, 386
20, 130
20, 387
20, 259
20, 131
20, 132
20, 388
20, 260
20, 133
20, 261
20, 389
20, 134
20, 390
20, 262
20, 135
20, 263
20, 391
20, 136
20, 392
20, 264
20, 137
20, 265
20, 393
20, 138
20, 394
20, 266
20, 139
20, 267
20, 395
20, 140
20, 396
20, 268
20, 141
20, 269
20, 397
20, 142
20, 398
20, 270
20, 143
20, 271
20, 399
20, 144
20, 400
20, 272
20, 145
20, 273
20, 401
20, 146
20, 402
20, 274
20, 147
20, 275
20, 403
20, 148
20, 404
20, 276
20, 21
20, 149
20, 277
20, 405
20, 22
20, 150
20, 406
20, 278
20, 23
20, 151
20, 279
20, 407
20, 24
20, 152
20, 408
20, 280
20, 25
20, 153
20, 281
20, 409
20, 26
20, 154
20, 410
20, 282
20, 27
20, 155
20, 283
20, 411
20, 28
20, 156
20, 412
20, 284
20, 29
20, 157
20, 285
20, 413
20, 30
20, 158
20, 414
20, 286
20, 31
20, 159
20, 287
20, 415
20, 32
20, 160
20, 416
20, 288
20, 33
20, 161
20, 289
20, 417
20, 34
20, 162
20, 418
20, 290
20, 35
20, 163
20, 291
20, 419
20, 36
20, 164
20, 420
20, 292
20, 37
20, 165
20, 293
20, 421
20, 38
20, 166
20, 422
20, 294
20, 39
20, 167
20, 295
20, 423
20, 40
20, 168
20, 424
20, 296
20, 41
20, 169
20, 297
20, 425
20, 42
20, 170
20, 426
20, 298
20, 43
20, 171
20, 299
20, 427
20, 44
20, 172
20, 428
20, 300
20, 45
20, 173
20, 301
20, 429
20, 46
20, 174
20, 430
20, 302
20, 47
20, 175
20, 303
20, 431
20, 48
20, 176
20, 432
20, 304
20, 49
20, 177
20, 305
20, 433
20, 50
20, 178
20, 434
20, 306
20, 51
20, 179
20, 307
20, 435
20, 52
20, 180
20, 436
20, 308
20, 53
20, 181
20, 309
20, 437
20, 54
20, 182
20, 438
20, 310
20, 55
20, 183
20, 311
20, 439
20, 56
20, 184
20, 440
20, 312
20, 57
20, 185
20, 313
20, 441
20, 58
20, 186
20, 442
20, 314
20, 59
20, 187
20, 315
20, 443
20, 60
20, 188
20, 444
20, 316
20, 61
20, 189
20, 317
20, 445
20, 62
20, 190
20, 446
20, 318
20, 63
20, 191
20, 319
20, 447
20, 64
20, 192
20, 448
20, 320
20, 193
20, 449
20, 321
20, 65
20, 66
20, 450
20, 322
20, 194
20, 195
20, 323
20, 67
20, 68
20, 324
20, 196
20, 197
20, 325
20, 69
20, 70
20, 326
20, 198
20, 199
20, 327
20, 71
20, 72
20, 328
20, 200
20, 201
20, 329
20, 73
20, 74
20, 330
20, 202
20, 203
20, 331
20, 75
20, 76
20, 332
20, 204
20, 205
20, 333
20, 77
20, 78
20, 334
20, 206
20, 207
20, 335
20, 79
20, 80
20, 336
20, 208
20, 209
20, 337
20, 81
20, 82
20, 338
20, 210
20, 211
20, 339
20, 83
20, 84
20, 340
20, 212
20, 213
20, 341
20, 85
20, 86
20, 342
20, 214
20, 215
20, 343
20, 87
20, 88
20, 344
20, 216
20, 217
20, 345
20, 89
20, 90
20, 346
20, 218
20, 219
20, 347
20, 91
20, 92
20, 348
20, 220
20, 221
20, 349
20, 93
20, 94
20, 350
20, 222
20, 223
20, 351
20, 95
20, 96
20, 352
20, 224
20, 225
20, 353
20, 97
20, 98
20, 354
20, 226
20, 227
20, 355
20, 99
20, 100
20, 356
20, 228
20, 229
20, 357
20, 101
20, 102
20, 358
20, 230
20, 231
20, 359
20, 103
20, 104
20, 360
20, 232
20, 233
20, 361
20, 105
20, 106
20, 362
20, 234
20, 235
20, 363
20, 107
20, 108
20, 364
20, 236
20, 237
20, 365
20, 109
20, 110
20, 366
20, 238
20, 239
20, 367
20, 111
20, 112
20, 368
20, 240
20, 241
20, 369
20, 113
20, 114
20, 370
20, 242
20, 243
20, 371
20, 115
20, 116
20, 372
20, 244
20, 245
20, 373
20, 117
20, 118
20, 374
20, 246
20, 247
20, 375
20, 119
20, 120
20, 376
20, 248
20, 249
20, 377
20, 121
20, 122
20, 378
20, 250
20, 251
20, 379
20, 123
20, 124
20, 380
20, 252
20, 253
20, 381
20, 125
20, 126
20, 382
20, 254
20, 255
20, 383
20, 127
148, 384
148, 256
148, 257
148, 385
148, 258
148, 386
148, 259
148, 387
148, 388
148, 260
148, 261
148, 389
148, 390
148, 262
148, 263
148, 391
148, 392
148, 264
148, 265
148, 393
148, 394
148, 266
148, 267
148, 395
148, 396
148, 268
148, 269
148, 397
148, 398
148, 270
148, 271
148, 399
148, 400
148, 272
148, 273
148, 401
148, 402
148, 274
148, 275
148, 403
148, 404
148, 276
148, 149
148, 277
148, 405
148, 150
148, 406
148, 278
148, 151
148, 279
148, 407
148, 152
148, 408
148, 280
148, 153
148, 281
148, 409
148, 154
148, 410
148, 282
148, 155
148, 283
148, 411
148, 156
148, 412
148, 284
148, 157
148, 285
148, 413
148, 158
148, 414
148, 286
148, 159
148, 287
148, 415
148, 160
148, 416
148, 288
148, 161
148, 289
148, 417
148, 162
148, 418
148, 290
148, 163
148, 291
148, 419
148, 164
148, 420
148, 292
148, 165
148, 293
148, 421
148, 166
148, 422
148, 294
148, 167
148, 295
148, 423
148, 168
148, 424
148, 296
148, 169
148, 297
148, 425
148, 170
148, 426
148, 298
148, 171
148, 299
148, 427
148, 172
148, 428
148, 300
148, 173
148, 301
148, 429
148, 174
148, 430
148, 302
148, 175
148, 303
148, 431
148, 176
148, 432
148, 304
148, 177
148, 305
148, 433
148, 178
148, 434
148, 306
148, 179
148, 307
148, 435
148, 180
148, 436
148, 308
148, 181
148, 309
148, 437
148, 182
148, 438
148, 310
148, 183
148, 311
148, 439
148, 184
148, 440
148, 312
148, 185
148, 313
148, 441
148, 186
148, 442
148, 314
148, 187
148, 315
148, 443
148, 188
148, 444
148, 316
148, 189
148, 317
148, 445
148, 190
148, 446
148, 318
148, 191
148, 319
148, 447
148, 448
148, 320
148, 192
148, 193
148, 449
148, 321
148, 450
148, 322
148, 194
148, 195
148, 323
148, 324
148, 196
148, 197
148, 325
148, 326
148, 198
148, 199
148, 327
148, 328
148, 200
148, 201
148, 329
148, 330
148, 202
148, 203
148, 331
148, 332
148, 204
148, 205
148, 333
148, 334
148, 206
148, 207
148, 335
148, 336
148, 208
148, 209
148, 337
148, 338
148, 210
148, 211
148, 339
148, 340
148, 212
148, 213
148, 341
148, 342
148, 214
148, 215
148, 343
148, 344
148, 216
148, 217
148, 345
148, 346
148, 218
148, 219
148, 347
148, 348
148, 220
148, 221
148, 349
148, 350
148, 222
148, 223
148, 351
148, 352
148, 224
148, 225
148, 353
148, 354
148, 226
148, 227
148, 355
148, 356
148, 228
148, 229
148, 357
148, 358
148, 230
148, 231
148, 359
148, 360
148, 232
148, 233
148, 361
148, 362
148, 234
148, 235
148, 363
148, 364
148, 236
148, 237
148, 365
148, 366
148, 238
148, 239
148, 367
148, 368
148, 240
148, 241
148, 369
148, 370
148, 242
148, 243
148, 371
148, 372
148, 244
148, 245
148, 373
148, 374
148, 246
148, 247
148, 375
148, 376
148, 248
148, 249
148, 377
148, 378
148, 250
148, 251
148, 379
148, 380
148, 252
148, 253
148, 381
148, 382
148, 254
148, 255
148, 383
405, 448
405, 449
405, 450
405, 406
405, 407
405, 408
405, 409
405, 410
405, 411
405, 412
405, 413
405, 414
405, 415
405, 416
405, 417
405, 418
405, 419
405, 420
405, 421
405, 422
405, 423
405, 424
405, 425
405, 426
405, 427
405, 428
405, 429
405, 430
405, 431
405, 432
405, 433
405, 434
405, 435
405, 436
405, 437
405, 438
405, 439
405, 440
405, 441
405, 442
405, 443
405, 444
405, 445
405, 446
405, 447
277, 320
277, 384
277, 448
277, 321
277, 385
277, 449
277, 322
277, 386
277, 450
277, 323
277, 387
277, 324
277, 388
277, 325
277, 389
277, 390
277, 326
277, 327
277, 391
277, 392
277, 328
277, 329
277, 393
277, 394
277, 330
277, 331
277, 395
277, 396
277, 332
277, 333
277, 397
277, 398
277, 334
277, 335
277, 399
277, 400
277, 336
277, 337
277, 401
277, 402
277, 338
277, 339
277, 403
277, 404
277, 340
277, 341
277, 405
277, 406
277, 342
277, 278
277, 279
277, 343
277, 407
277, 408
277, 344
277, 280
277, 281
277, 345
277, 409
277, 410
277, 346
277, 282
277, 283
277, 347
277, 411
277, 412
277, 348
277, 284
277, 285
277, 349
277, 413
277, 414
277, 350
277, 286
277, 287
277, 351
277, 415
277, 416
277, 352
277, 288
277, 289
277, 353
277, 417
277, 418
277, 354
277, 290
277, 291
277, 355
277, 419
277, 420
277, 356
277, 292
277, 293
277, 357
277, 421
277, 422
277, 358
277, 294
277, 295
277, 359
277, 423
277, 424
277, 360
277, 296
277, 297
277, 361
277, 425
277, 426
277, 362
277, 298
277, 299
277, 363
277, 427
277, 428
277, 364
277, 300
277, 301
277, 365
277, 429
277, 430
277, 366
277, 302
277, 303
277, 367
277, 431
277, 432
277, 368
277, 304
277, 305
277, 369
277, 433
277, 434
277, 370
277, 306
277, 307
277, 371
277, 435
277, 436
277, 372
277, 308
277, 309
277, 373
277, 437
277, 438
277, 374
277, 310
277, 311
277, 375
277, 439
277, 440
277, 376
277, 312
277, 313
277, 377
277, 441
277, 442
277, 378
277, 314
277, 315
277, 379
277, 443
277, 444
277, 380
277, 316
277, 317
277, 381
277, 445
277, 446
277, 382
277, 318
277, 319
277, 383
277, 447
21, 256
21, 384
21, 128
21, 129
21, 385
21, 257
21, 386
21, 258
21, 130
21, 387
21, 259
21, 131
21, 132
21, 388
21, 260
21, 133
21, 261
21, 389
21, 134
21, 390
21, 262
21, 135
21, 263
21, 391
21, 136
21, 392
21, 264
21, 137
21, 265
21, 393
21, 138
21, 394
21, 266
21, 139
21, 267
21, 395
21, 140
21, 396
21, 268
21, 141
21, 269
21, 397
21, 142
21, 398
21, 270
21, 143
21, 271
21, 399
21, 144
21, 400
21, 272
21, 145
21, 273
21, 401
21, 146
21, 402
21, 274
21, 147
21, 275
21, 403
21, 148
21, 404
21, 276
21, 149
21, 277
21, 405
21, 22
21, 150
21, 406
21, 278
21, 23
21, 151
21, 279
21, 407
21, 24
21, 152
21, 408
21, 280
21, 25
21, 153
21, 281
21, 409
21, 26
21, 154
21, 410
21, 282
21, 27
21, 155
21, 283
21, 411
21, 28
21, 156
21, 412
21, 284
21, 29
21, 157
21, 285
21, 413
21, 30
21, 158
21, 414
21, 286
21, 31
21, 159
21, 287
21, 415
21, 32
21, 160
21, 416
21, 288
21, 33
21, 161
21, 289
21, 417
21, 34
21, 162
21, 418
21, 290
21, 35
21, 163
21, 291
21, 419
21, 36
21, 164
21, 420
21, 292
21, 37
21, 165
21, 293
21, 421
21, 38
21, 166
21, 422
21, 294
21, 39
21, 167
21, 295
21, 423
21, 40
21, 168
21, 424
21, 296
21, 41
21, 169
21, 297
21, 425
21, 42
21, 170
21, 426
21, 298
21, 43
21, 171
21, 299
21, 427
21, 44
21, 172
21, 428
21, 300
21, 45
21, 173
21, 301
21, 429
21, 46
21, 174
21, 430
21, 302
21, 47
21, 175
21, 303
21, 431
21, 48
21, 176
21, 432
21, 304
21, 49
21, 177
21, 305
21, 433
21, 50
21, 178
21, 434
21, 306
21, 51
21, 179
21, 307
21, 435
21, 52
21, 180
21, 436
21, 308
21, 53
21, 181
21, 309
21, 437
21, 54
21, 182
21, 438
21, 310
21, 55
21, 183
21, 311
21, 439
21, 56
21, 184
21, 440
21, 312
21, 57
21, 185
21, 313
21, 441
21, 58
21, 186
21, 442
21, 314
21, 59
21, 187
21, 315
21, 443
21, 60
21, 188
21, 444
21, 316
21, 61
21, 189
21, 317
21, 445
21, 62
21, 190
21, 446
21, 318
21, 63
21, 191
21, 319
21, 447
21, 448
21, 320
21, 192
21, 64
21, 65
21, 321
21, 449
21, 193
21, 194
21, 322
21, 450
21, 66
21, 67
21, 323
21, 195
21, 196
21, 324
21, 68
21, 69
21, 325
21, 197
21, 198
21, 326
21, 70
21, 71
21, 327
21, 199
21, 200
21, 328
21, 72
21, 73
21, 329
21, 201
21, 202
21, 330
21, 74
21, 75
21, 331
21, 203
21, 204
21, 332
21, 76
21, 77
21, 333
21, 205
21, 206
21, 334
21, 78
21, 79
21, 335
21, 207
21, 208
21, 336
21, 80
21, 81
21, 337
21, 209
21, 210
21, 338
21, 82
21, 83
21, 339
21, 211
21, 212
21, 340
21, 84
21, 85
21, 341
21, 213
21, 214
21, 342
21, 86
21, 87
21, 343
21, 215
21, 216
21, 344
21, 88
21, 89
21, 345
21, 217
21, 218
21, 346
21, 90
21, 91
21, 347
21, 219
21, 220
21, 348
21, 92
21, 93
21, 349
21, 221
21, 222
21, 350
21, 94
21, 95
21, 351
21, 223
21, 224
21, 352
21, 96
21, 97
21, 353
21, 225
21, 226
21, 354
21, 98
21, 99
21, 355
21, 227
21, 228
21, 356
21, 100
21, 101
21, 357
21, 229
21, 230
21, 358
21, 102
21, 103
21, 359
21, 231
21, 232
21, 360
21, 104
21, 105
21, 361
21, 233
21, 234
21, 362
21, 106
21, 107
21, 363
21, 235
21, 236
21, 364
21, 108
21, 109
21, 365
21, 237
21, 238
21, 366
21, 110
21, 111
21, 367
21, 239
21, 240
21, 368
21, 112
21, 113
21, 369
21, 241
21, 242
21, 370
21, 114
21, 115
21, 371
21, 243
21, 244
21, 372
21, 116
21, 117
21, 373
21, 245
21, 246
21, 374
21, 118
21, 119
21, 375
21, 247
21, 248
21, 376
21, 120
21, 121
21, 377
21, 249
21, 250
21, 378
21, 122
21, 123
21, 379
21, 251
21, 252
21, 380
21, 124
21, 125
21, 381
21, 253
21, 254
21, 382
21, 126
21, 127
21, 383
21, 255
149, 256
149, 384
149, 385
149, 257
149, 386
149, 258
149, 387
149, 259
149, 388
149, 260
149, 261
149, 389
149, 390
149, 262
149, 263
149, 391
149, 392
149, 264
149, 265
149, 393
149, 394
149, 266
149, 267
149, 395
149, 396
149, 268
149, 269
149, 397
149, 398
149, 270
149, 271
149, 399
149, 400
149, 272
149, 273
149, 401
149, 402
149, 274
149, 275
149, 403
149, 404
149, 276
149, 277
149, 405
149, 150
149, 406
149, 278
149, 151
149, 279
149, 407
149, 152
149, 408
149, 280
149, 153
149, 281
149, 409
149, 154
149, 410
149, 282
149, 155
149, 283
149, 411
149, 156
149, 412
149, 284
149, 157
149, 285
149, 413
149, 158
149, 414
149, 286
149, 159
149, 287
149, 415
149, 160
149, 416
149, 288
149, 161
149, 289
149, 417
149, 162
149, 418
149, 290
149, 163
149, 291
149, 419
149, 164
149, 420
149, 292
149, 165
149, 293
149, 421
149, 166
149, 422
149, 294
149, 167
149, 295
149, 423
149, 168
149, 424
149, 296
149, 169
149, 297
149, 425
149, 170
149, 426
149, 298
149, 171
149, 299
149, 427
149, 172
149, 428
149, 300
149, 173
149, 301
149, 429
149, 174
149, 430
149, 302
149, 175
149, 303
149, 431
149, 176
149, 432
149, 304
149, 177
149, 305
149, 433
149, 178
149, 434
149, 306
149, 179
149, 307
149, 435
149, 180
149, 436
149, 308
149, 181
149, 309
149, 437
149, 182
149, 438
149, 310
149, 183
149, 311
149, 439
149, 184
149, 440
149, 312
149, 185
149, 313
149, 441
149, 186
149, 442
149, 314
149, 187
149, 315
149, 443
149, 188
149, 444
149, 316
149, 189
149, 317
149, 445
149, 190
149, 446
149, 318
149, 191
149, 319
149, 447
149, 448
149, 320
149, 192
149, 321
149, 449
149, 193
149, 194
149, 322
149, 450
149, 323
149, 195
149, 196
149, 324
149, 325
149, 197
149, 198
149, 326
149, 327
149, 199
149, 200
149, 328
149, 329
149, 201
149, 202
149, 330
149, 331
149, 203
149, 204
149, 332
149, 333
149, 205
149, 206
149, 334
149, 335
149, 207
149, 208
149, 336
149, 337
149, 209
149, 210
149, 338
149, 339
149, 211
149, 212
149, 340
149, 341
149, 213
149, 214
149, 342
149, 343
149, 215
149, 216
149, 344
149, 345
149, 217
149, 218
149, 346
149, 347
149, 219
149, 220
149, 348
149, 349
149, 221
149, 222
149, 350
149, 351
149, 223
149, 224
149, 352
149, 353
149, 225
149, 226
149, 354
149, 355
149, 227
149, 228
149, 356
149, 357
149, 229
149, 230
149, 358
149, 359
149, 231
149, 232
149, 360
149, 361
149, 233
149, 234
149, 362
149, 363
149, 235
149, 236
149, 364
149, 365
149, 237
149, 238
149, 366
149, 367
149, 239
149, 240
149, 368
149, 369
149, 241
149, 242
149, 370
149, 371
149, 243
149, 244
149, 372
149, 373
149, 245
149, 246
149, 374
149, 375
149, 247
149, 248
149, 376
149, 377
149, 249
149, 250
149, 378
149, 379
149, 251
149, 252
149, 380
149, 381
149, 253
149, 254
149, 382
149, 383
149, 255
406, 448
406, 449
406, 450
406, 407
406, 408
406, 409
406, 410
406, 411
406, 412
406, 413
406, 414
406, 415
406, 416
406, 417
406, 418
406, 419
406, 420
406, 421
406, 422
406, 423
406, 424
406, 425
406, 426
406, 427
406, 428
406, 429
406, 430
406, 431
406, 432
406, 433
406, 434
406, 435
406, 436
406, 437
406, 438
406, 439
406, 440
406, 441
406, 442
406, 443
406, 444
406, 445
406, 446
406, 447
278, 320
278, 384
278, 448
278, 321
278, 385
278, 449
278, 386
278, 450
278, 322
278, 387
278, 323
278, 388
278, 324
278, 389
278, 325
278, 326
278, 390
278, 391
278, 327
278, 328
278, 392
278, 393
278, 329
278, 330
278, 394
278, 395
278, 331
278, 332
278, 396
278, 397
278, 333
278, 334
278, 398
278, 399
278, 335
278, 336
278, 400
278, 401
278, 337
278, 338
278, 402
278, 403
278, 339
278, 340
278, 404
278, 405
278, 341
278, 342
278, 406
278, 407
278, 343
278, 279
278, 280
278, 344
278, 408
278, 409
278, 345
278, 281
278, 282
278, 346
278, 410
278, 411
278, 347
278, 283
278, 284
278, 348
278, 412
278, 413
278, 349
278, 285
278, 286
278, 350
278, 414
278, 415
278, 351
278, 287
278, 288
278, 352
278, 416
278, 417
278, 353
278, 289
278, 290
278, 354
278, 418
278, 419
278, 355
278, 291
278, 292
278, 356
278, 420
278, 421
278, 357
278, 293
278, 294
278, 358
278, 422
278, 423
278, 359
278, 295
278, 296
278, 360
278, 424
278, 425
278, 361
278, 297
278, 298
278, 362
278, 426
278, 427
278, 363
278, 299
278, 300
278, 364
278, 428
278, 429
278, 365
278, 301
278, 302
278, 366
278, 430
278, 431
278, 367
278, 303
278, 304
278, 368
278, 432
278, 433
278, 369
278, 305
278, 306
278, 370
278, 434
278, 435
278, 371
278, 307
278, 308
278, 372
278, 436
278, 437
278, 373
278, 309
278, 310
278, 374
278, 438
278, 439
278, 375
278, 311
278, 312
278, 376
278, 440
278, 441
278, 377
278, 313
278, 314
278, 378
278, 442
278, 443
278, 379
278, 315
278, 316
278, 380
278, 444
278, 445
278, 381
278, 317
278, 318
278, 382
278, 446
278, 447
278, 383
278, 319
22, 128
22, 384
22, 256
22, 257
22, 385
22, 129
22, 258
22, 386
22, 130
22, 387
22, 259
22, 131
22, 132
22, 388
22, 260
22, 133
22, 261
22, 389
22, 134
22, 390
22, 262
22, 135
22, 263
22, 391
22, 136
22, 392
22, 264
22, 137
22, 265
22, 393
22, 138
22, 394
22, 266
22, 139
22, 267
22, 395
22, 140
22, 396
22, 268
22, 141
22, 269
22, 397
22, 142
22, 398
22, 270
22, 143
22, 271
22, 399
22, 144
22, 400
22, 272
22, 145
22, 273
22, 401
22, 146
22, 402
22, 274
22, 147
22, 275
22, 403
22, 148
22, 404
22, 276
22, 149
22, 277
22, 405
22, 150
22, 406
22, 278
22, 23
22, 151
22, 279
22, 407
22, 24
22, 152
22, 408
22, 280
22, 25
22, 153
22, 281
22, 409
22, 26
22, 154
22, 410
22, 282
22, 27
22, 155
22, 283
22, 411
22, 28
22, 156
22, 412
22, 284
22, 29
22, 157
22, 285
22, 413
22, 30
22, 158
22, 414
22, 286
22, 31
22, 159
22, 287
22, 415
22, 32
22, 160
22, 416
22, 288
22, 33
22, 161
22, 289
22, 417
22, 34
22, 162
22, 418
22, 290
22, 35
22, 163
22, 291
22, 419
22, 36
22, 164
22, 420
22, 292
22, 37
22, 165
22, 293
22, 421
22, 38
22, 166
22, 422
22, 294
22, 39
22, 167
22, 295
22, 423
22, 40
22, 168
22, 424
22, 296
22, 41
22, 169
22, 297
22, 425
22, 42
22, 170
22, 426
22, 298
22, 43
22, 171
22, 299
22, 427
22, 44
22, 172
22, 428
22, 300
22, 45
22, 173
22, 301
22, 429
22, 46
22, 174
22, 430
22, 302
22, 47
22, 175
22, 303
22, 431
22, 48
22, 176
22, 432
22, 304
22, 49
22, 177
22, 305
22, 433
22, 50
22, 178
22, 434
22, 306
22, 51
22, 179
22, 307
22, 435
22, 52
22, 180
22, 436
22, 308
22, 53
22, 181
22, 309
22, 437
22, 54
22, 182
22, 438
22, 310
22, 55
22, 183
22, 311
22, 439
22, 56
22, 184
22, 440
22, 312
22, 57
22, 185
22, 313
22, 441
22, 58
22, 186
22, 442
22, 314
22, 59
22, 187
22, 315
22, 443
22, 60
22, 188
22, 444
22, 316
22, 61
22, 189
22, 317
22, 445
22, 62
22, 190
22, 446
22, 318
22, 63
22, 191
22, 319
22, 447
22, 192
22, 64
22, 320
22, 448
22, 193
22, 449
22, 321
22, 65
22, 66
22, 450
22, 322
22, 194
22, 195
22, 323
22, 67
22, 68
22, 324
22, 196
22, 197
22, 325
22, 69
22, 70
22, 326
22, 198
22, 199
22, 327
22, 71
22, 72
22, 328
22, 200
22, 201
22, 329
22, 73
22, 74
22, 330
22, 202
22, 203
22, 331
22, 75
22, 76
22, 332
22, 204
22, 205
22, 333
22, 77
22, 78
22, 334
22, 206
22, 207
22, 335
22, 79
22, 80
22, 336
22, 208
22, 209
22, 337
22, 81
22, 82
22, 338
22, 210
22, 211
22, 339
22, 83
22, 84
22, 340
22, 212
22, 213
22, 341
22, 85
22, 86
22, 342
22, 214
22, 215
22, 343
22, 87
22, 88
22, 344
22, 216
22, 217
22, 345
22, 89
22, 90
22, 346
22, 218
22, 219
22, 347
22, 91
22, 92
22, 348
22, 220
22, 221
22, 349
22, 93
22, 94
22, 350
22, 222
22, 223
22, 351
22, 95
22, 96
22, 352
22, 224
22, 225
22, 353
22, 97
22, 98
22, 354
22, 226
22, 227
22, 355
22, 99
22, 100
22, 356
22, 228
22, 229
22, 357
22, 101
22, 102
22, 358
22, 230
22, 231
22, 359
22, 103
22, 104
22, 360
22, 232
22, 233
22, 361
22, 105
22, 106
22, 362
22, 234
22, 235
22, 363
22, 107
22, 108
22, 364
22, 236
22, 237
22, 365
22, 109
22, 110
22, 366
22, 238
22, 239
22, 367
22, 111
22, 112
22, 368
22, 240
22, 241
22, 369
22, 113
22, 114
22, 370
22, 242
22, 243
22, 371
22, 115
22, 116
22, 372
22, 244
22, 245
22, 373
22, 117
22, 118
22, 374
22, 246
22, 247
22, 375
22, 119
22, 120
22, 376
22, 248
22, 249
22, 377
22, 121
22, 122
22, 378
22, 250
22, 251
22, 379
22, 123
22, 124
22, 380
22, 252
22, 253
22, 381
22, 125
22, 126
22, 382
22, 254
22, 255
22, 383
22, 127
150, 384
150, 256
150, 257
150, 385
150, 258
150, 386
150, 259
150, 387
150, 388
150, 260
150, 261
150, 389
150, 390
150, 262
150, 263
150, 391
150, 392
150, 264
150, 265
150, 393
150, 394
150, 266
150, 267
150, 395
150, 396
150, 268
150, 269
150, 397
150, 398
150, 270
150, 271
150, 399
150, 400
150, 272
150, 273
150, 401
150, 402
150, 274
150, 275
150, 403
150, 404
150, 276
150, 277
150, 405
150, 406
150, 278
150, 151
150, 279
150, 407
150, 152
150, 408
150, 280
150, 153
150, 281
150, 409
150, 154
150, 410
150, 282
150, 155
150, 283
150, 411
150, 156
150, 412
150, 284
150, 157
150, 285
150, 413
150, 158
150, 414
150, 286
150, 159
150, 287
150, 415
150, 160
150, 416
150, 288
150, 161
150, 289
150, 417
150, 162
150, 418
150, 290
150, 163
150, 291
150, 419
150, 164
150, 420
150, 292
150, 165
150, 293
150, 421
150, 166
150, 422
150, 294
150, 167
150, 295
150, 423
150, 168
150, 424
150, 296
150, 169
150, 297
150, 425
150, 170
150, 426
150, 298
150, 171
150, 299
150, 427
150, 172
150, 428
150, 300
150, 173
150, 301
150, 429
150, 174
150, 430
150, 302
150, 175
150, 303
150, 431
150, 176
150, 432
150, 304
150, 177
150, 305
150, 433
150, 178
150, 434
150, 306
150, 179
150, 307
150, 435
150, 180
150, 436
150, 308
150, 181
150, 309
150, 437
150, 182
150, 438
150, 310
150, 183
150, 311
150, 439
150, 184
150, 440
150, 312
150, 185
150, 313
150, 441
150, 186
150, 442
150, 314
150, 187
150, 315
150, 443
150, 188
150, 444
150, 316
150, 189
150, 317
150, 445
150, 190
150, 446
150, 318
150, 191
150, 319
150, 447
150, 448
150, 320
150, 192
150, 193
150, 449
150, 321
150, 450
150, 322
150, 194
150, 195
150, 323
150, 324
150, 196
150, 197
150, 325
150, 326
150, 198
150, 199
150, 327
150, 328
150, 200
150, 201
150, 329
150, 330
150, 202
150, 203
150, 331
150, 332
150, 204
150, 205
150, 333
150, 334
150, 206
150, 207
150, 335
150, 336
150, 208
150, 209
150, 337
150, 338
150, 210
150, 211
150, 339
150, 340
150, 212
150, 213
150, 341
150, 342
150, 214
150, 215
150, 343
150, 344
150, 216
150, 217
150, 345
150, 346
150, 218
150, 219
150, 347
150, 348
150, 220
150, 221
150, 349
150, 350
150, 222
150, 223
150, 351
150, 352
150, 224
150, 225
150, 353
150, 354
150, 226
150, 227
150, 355
150, 356
150, 228
150, 229
150, 357
150, 358
150, 230
150, 231
150, 359
150, 360
150, 232
150, 233
150, 361
150, 362
150, 234
150, 235
150, 363
150, 364
150, 236
150, 237
150, 365
150, 366
150, 238
150, 239
150, 367
150, 368
150, 240
150, 241
150, 369
150, 370
150, 242
150, 243
150, 371
150, 372
150, 244
150, 245
150, 373
150, 374
150, 246
150, 247
150, 375
150, 376
150, 248
150, 249
150, 377
150, 378
150, 250
150, 251
150, 379
150, 380
150, 252
150, 253
150, 381
150, 382
150, 254
150, 255
150, 383
407, 448
407, 449
407, 450
407, 408
407, 409
407, 410
407, 411
407, 412
407, 413
407, 414
407, 415
407, 416
407, 417
407, 418
407, 419
407, 420
407, 421
407, 422
407, 423
407, 424
407, 425
407, 426
407, 427
407, 428
407, 429
407, 430
407, 431
407, 432
407, 433
407, 434
407, 435
407, 436
407, 437
407, 438
407, 439
407, 440
407, 441
407, 442
407, 443
407, 444
407, 445
407, 446
407, 447
279, 320
279, 384
279, 448
279, 321
279, 385
279, 449
279, 450
279, 322
279, 386
279, 323
279, 387
279, 324
279, 388
279, 325
279, 389
279, 390
279, 326
279, 327
279, 391
279, 392
279, 328
279, 329
279, 393
279, 394
279, 330
279, 331
279, 395
279, 396
279, 332
279, 333
279, 397
279, 398
279, 334
279, 335
279, 399
279, 400
279, 336
279, 337
279, 401
279, 402
279, 338
279, 339
279, 403
279, 404
279, 340
279, 341
279, 405
279, 406
279, 342
279, 343
279, 407
279, 408
279, 344
279, 280
279, 281
279, 345
279, 409
279, 410
279, 346
279, 282
279, 283
279, 347
279, 411
279, 412
279, 348
279, 284
279, 285
279, 349
279, 413
279, 414
279, 350
279, 286
279, 287
279, 351
279, 415
279, 416
279, 352
279, 288
279, 289
279, 353
279, 417
279, 418
279, 354
279, 290
279, 291
279, 355
279, 419
279, 420
279, 356
279, 292
279, 293
279, 357
279, 421
279, 422
279, 358
279, 294
279, 295
279, 359
279, 423
279, 424
279, 360
279, 296
279, 297
279, 361
279, 425
279, 426
279, 362
279, 298
279, 299
279, 363
279, 427
279, 428
279, 364
279, 300
279, 301
279, 365
279, 429
279, 430
279, 366
279, 302
279, 303
279, 367
279, 431
279, 432
279, 368
279, 304
279, 305
279, 369
279, 433
279, 434
279, 370
279, 306
279, 307
279, 371
279, 435
279, 436
279, 372
279, 308
279, 309
279, 373
279, 437
279, 438
279, 374
279, 310
279, 311
279, 375
279, 439
279, 440
279, 376
279, 312
279, 313
279, 377
279, 441
279, 442
279, 378
279, 314
279, 315
279, 379
279, 443
279, 444
279, 380
279, 316
279, 317
279, 381
279, 445
279, 446
279, 382
279, 318
279, 319
279, 383
279, 447
23, 256
23, 384
23, 128
23, 129
23, 385
23, 257
23, 386
23, 258
23, 130
23, 387
23, 259
23, 131
23, 132
23, 388
23, 260
23, 133
23, 261
23, 389
23, 134
23, 390
23, 262
23, 135
23, 263
23, 391
23, 136
23, 392
23, 264
23, 137
23, 265
23, 393
23, 138
23, 394
23, 266
23, 139
23, 267
23, 395
23, 140
23, 396
23, 268
23, 141
23, 269
23, 397
23, 142
23, 398
23, 270
23, 143
23, 271
23, 399
23, 144
23, 400
23, 272
23, 145
23, 273
23, 401
23, 146
23, 402
23, 274
23, 147
23, 275
23, 403
23, 148
23, 404
23, 276
23, 149
23, 277
23, 405
23, 150
23, 406
23, 278
23, 151
23, 279
23, 407
23, 24
23, 152
23, 408
23, 280
23, 25
23, 153
23, 281
23, 409
23, 26
23, 154
23, 410
23, 282
23, 27
23, 155
23, 283
23, 411
23, 28
23, 156
23, 412
23, 284
23, 29
23, 157
23, 285
23, 413
23, 30
23, 158
23, 414
23, 286
23, 31
23, 159
23, 287
23, 415
23, 32
23, 160
23, 416
23, 288
23, 33
23, 161
23, 289
23, 417
23, 34
23, 162
23, 418
23, 290
23, 35
23, 163
23, 291
23, 419
23, 36
23, 164
23, 420
23, 292
23, 37
23, 165
23, 293
23, 421
23, 38
23, 166
23, 422
23, 294
23, 39
23, 167
23, 295
23, 423
23, 40
23, 168
23, 424
23, 296
23, 41
23, 169
23, 297
23, 425
23, 42
23, 170
23, 426
23, 298
23, 43
23, 171
23, 299
23, 427
23, 44
23, 172
23, 428
23, 300
23, 45
23, 173
23, 301
23, 429
23, 46
23, 174
23, 430
23, 302
23, 47
23, 175
23, 303
23, 431
23, 48
23, 176
23, 432
23, 304
23, 49
23, 177
23, 305
23, 433
23, 50
23, 178
23, 434
23, 306
23, 51
23, 179
23, 307
23, 435
23, 52
23, 180
23, 436
23, 308
23, 53
23, 181
23, 309
23, 437
23, 54
23, 182
23, 438
23, 310
23, 55
23, 183
23, 311
23, 439
23, 56
23, 184
23, 440
23, 312
23, 57
23, 185
23, 313
23, 441
23, 58
23, 186
23, 442
23, 314
23, 59
23, 187
23, 315
23, 443
23, 60
23, 188
23, 444
23, 316
23, 61
23, 189
23, 317
23, 445
23, 62
23, 190
23, 446
23, 318
23, 63
23, 191
23, 319
23, 447
23, 320
23, 448
23, 64
23, 192
23, 65
23, 321
23, 449
23, 193
23, 194
23, 322
23, 450
23, 66
23, 67
23, 323
23, 195
23, 196
23, 324
23, 68
23, 69
23, 325
23, 197
23, 198
23, 326
23, 70
23, 71
23, 327
23, 199
23, 200
23, 328
23, 72
23, 73
23, 329
23, 201
23, 202
23, 330
23, 74
23, 75
23, 331
23, 203
23, 204
23, 332
23, 76
23, 77
23, 333
23, 205
23, 206
23, 334
23, 78
23, 79
23, 335
23, 207
23, 208
23, 336
23, 80
23, 81
23, 337
23, 209
23, 210
23, 338
23, 82
23, 83
23, 339
23, 211
23, 212
23, 340
23, 84
23, 85
23, 341
23, 213
23, 214
23, 342
23, 86
23, 87
23, 343
23, 215
23, 216
23, 344
23, 88
23, 89
23, 345
23, 217
23, 218
23, 346
23, 90
23, 91
23, 347
23, 219
23, 220
23, 348
23, 92
23, 93
23, 349
23, 221
23, 222
23, 350
23, 94
23, 95
23, 351
23, 223
23, 224
23, 352
23, 96
23, 97
23, 353
23, 225
23, 226
23, 354
23, 98
23, 99
23, 355
23, 227
23, 228
23, 356
23, 100
23, 101
23, 357
23, 229
23, 230
23, 358
23, 102
23, 103
23, 359
23, 231
23, 232
23, 360
23, 104
23, 105
23, 361
23, 233
23, 234
23, 362
23, 106
23, 107
23, 363
23, 235
23, 236
23, 364
23, 108
23, 109
23, 365
23, 237
23, 238
23, 366
23, 110
23, 111
23, 367
23, 239
23, 240
23, 368
23, 112
23, 113
23, 369
23, 241
23, 242
23, 370
23, 114
23, 115
23, 371
23, 243
23, 244
23, 372
23, 116
23, 117
23, 373
23, 245
23, 246
23, 374
23, 118
23, 119
23, 375
23, 247
23, 248
23, 376
23, 120
23, 121
23, 377
23, 249
23, 250
23, 378
23, 122
23, 123
23, 379
23, 251
23, 252
23, 380
23, 124
23, 125
23, 381
23, 253
23, 254
23, 382
23, 126
23, 127
23, 383
23, 255
151, 256
151, 384
151, 385
151, 257
151, 386
151, 258
151, 387
151, 259
151, 388
151, 260
151, 261
151, 389
151, 390
151, 262
151, 263
151, 391
151, 392
151, 264
151, 265
151, 393
151, 394
151, 266
151, 267
151, 395
151, 396
151, 268
151, 269
151, 397
151, 398
151, 270
151, 271
151, 399
151, 400
151, 272
151, 273
151, 401
151, 402
151, 274
151, 275
151, 403
151, 404
151, 276
151, 277
151, 405
151, 406
151, 278
151, 279
151, 407
151, 152
151, 408
151, 280
151, 153
151, 281
151, 409
151, 154
151, 410
151, 282
151, 155
151, 283
151, 411
151, 156
151, 412
151, 284
151, 157
151, 285
151, 413
151, 158
151, 414
151, 286
151, 159
151, 287
151, 415
151, 160
151, 416
151, 288
151, 161
151, 289
151, 417
151, 162
151, 418
151, 290
151, 163
151, 291
151, 419
151, 164
151, 420
151, 292
151, 165
151, 293
151, 421
151, 166
151, 422
151, 294
151, 167
151, 295
151, 423
151, 168
151, 424
151, 296
151, 169
151, 297
151, 425
151, 170
151, 426
151, 298
151, 171
151, 299
151, 427
151, 172
151, 428
151, 300
151, 173
151, 301
151, 429
151, 174
151, 430
151, 302
151, 175
151, 303
151, 431
151, 176
151, 432
151, 304
151, 177
151, 305
151, 433
151, 178
151, 434
151, 306
151, 179
151, 307
151, 435
151, 180
151, 436
151, 308
151, 181
151, 309
151, 437
151, 182
151, 438
151, 310
151, 183
151, 311
151, 439
151, 184
151, 440
151, 312
151, 185
151, 313
151, 441
151, 186
151, 442
151, 314
151, 187
151, 315
151, 443
151, 188
151, 444
151, 316
151, 189
151, 317
151, 445
151, 190
151, 446
151, 318
151, 191
151, 319
151, 447
151, 448
151, 320
151, 192
151, 321
151, 449
151, 193
151, 194
151, 322
151, 450
151, 323
151, 195
151, 196
151, 324
151, 325
151, 197
151, 198
151, 326
151, 327
151, 199
151, 200
151, 328
151, 329
151, 201
151, 202
151, 330
151, 331
151, 203
151, 204
151, 332
151, 333
151, 205
151, 206
151, 334
151, 335
151, 207
151, 208
151, 336
151, 337
151, 209
151, 210
151, 338
151, 339
151, 211
151, 212
151, 340
151, 341
151, 213
151, 214
151, 342
151, 343
151, 215
151, 216
151, 344
151, 345
151, 217
151, 218
151, 346
151, 347
151, 219
151, 220
151, 348
151, 349
151, 221
151, 222
151, 350
151, 351
151, 223
151, 224
151, 352
151, 353
151, 225
151, 226
151, 354
151, 355
151, 227
151, 228
151, 356
151, 357
151, 229
151, 230
151, 358
151, 359
151, 231
151, 232
151, 360
151, 361
151, 233
151, 234
151, 362
151, 363
151, 235
151, 236
151, 364
151, 365
151, 237
151, 238
151, 366
151, 367
151, 239
151, 240
151, 368
151, 369
151, 241
151, 242
151, 370
151, 371
151, 243
151, 244
151, 372
151, 373
151, 245
151, 246
151, 374
151, 375
151, 247
151, 248
151, 376
151, 377
151, 249
151, 250
151, 378
151, 379
151, 251
151, 252
151, 380
151, 381
151, 253
151, 254
151, 382
151, 383
151, 255
408, 448
408, 449
408, 450
408, 409
408, 410
408, 411
408, 412
408, 413
408, 414
408, 415
408, 416
408, 417
408, 418
408, 419
408, 420
408, 421
408, 422
408, 423
408, 424
408, 425
408, 426
408, 427
408, 428
408, 429
408, 430
408, 431
408, 432
408, 433
408, 434
408, 435
408, 436
408, 437
408, 438
408, 439
408, 440
408, 441
408, 442
408, 443
408, 444
408, 445
408, 446
408, 447
280, 320
280, 384
280, 448
280, 321
280, 385
280, 449
280, 322
280, 386
280, 450
280, 387
280, 323
280, 388
280, 324
280, 389
280, 325
280, 326
280, 390
280, 391
280, 327
280, 328
280, 392
280, 393
280, 329
280, 330
280, 394
280, 395
280, 331
280, 332
280, 396
280, 397
280, 333
280, 334
280, 398
280, 399
280, 335
280, 336
280, 400
280, 401
280, 337
280, 338
280, 402
280, 403
280, 339
280, 340
280, 404
280, 405
280, 341
280, 342
280, 406
280, 407
280, 343
280, 344
280, 408
280, 409
280, 345
280, 281
280, 282
280, 346
280, 410
280, 411
280, 347
280, 283
280, 284
280, 348
280, 412
280, 413
280, 349
280, 285
280, 286
280, 350
280, 414
280, 415
280, 351
280, 287
280, 288
280, 352
280, 416
280, 417
280, 353
280, 289
280, 290
280, 354
280, 418
280, 419
280, 355
280, 291
280, 292
280, 356
280, 420
280, 421
280, 357
280, 293
280, 294
280, 358
280, 422
280, 423
280, 359
280, 295
280, 296
280, 360
280, 424
280, 425
280, 361
280, 297
280, 298
280, 362
280, 426
280, 427
280, 363
280, 299
280, 300
280, 364
280, 428
280, 429
280, 365
280, 301
280, 302
280, 366
280, 430
280, 431
280, 367
280, 303
280, 304
280, 368
280, 432
280, 433
280, 369
280, 305
280, 306
280, 370
280, 434
280, 435
280, 371
280, 307
280, 308
280, 372
280, 436
280, 437
280, 373
280, 309
280, 310
280, 374
280, 438
280, 439
280, 375
280, 311
280, 312
280, 376
280, 440
280, 441
280, 377
280, 313
280, 314
280, 378
280, 442
280, 443
280, 379
280, 315
280, 316
280, 380
280, 444
280, 445
280, 381
280, 317
280, 318
280, 382
280, 446
280, 447
280, 383
280, 319
24, 128
24, 384
24, 256
24, 257
24, 385
24, 129
24, 258
24, 386
24, 130
24, 387
24, 259
24, 131
24, 132
24, 388
24, 260
24, 133
24, 261
24, 389
24, 134
24, 390
24, 262
24, 135
24, 263
24, 391
24, 136
24, 392
24, 264
24, 137
24, 265
24, 393
24, 138
24, 394
24, 266
24, 139
24, 267
24, 395
24, 140
24, 396
24, 268
24, 141
24, 269
24, 397
24, 142
24, 398
24, 270
24, 143
24, 271
24, 399
24, 144
24, 400
24, 272
24, 145
24, 273
24, 401
24, 146
24, 402
24, 274
24, 147
24, 275
24, 403
24, 148
24, 404
24, 276
24, 149
24, 277
24, 405
24, 150
24, 406
24, 278
24, 151
24, 279
24, 407
24, 152
24, 408
24, 280
24, 25
24, 153
24, 281
24, 409
24, 26
24, 154
24, 410
24, 282
24, 27
24, 155
24, 283
24, 411
24, 28
24, 156
24, 412
24, 284
24, 29
24, 157
24, 285
24, 413
24, 30
24, 158
24, 414
24, 286
24, 31
24, 159
24, 287
24, 415
24, 32
24, 160
24, 416
24, 288
24, 33
24, 161
24, 289
24, 417
24, 34
24, 162
24, 418
24, 290
24, 35
24, 163
24, 291
24, 419
24, 36
24, 164
24, 420
24, 292
24, 37
24, 165
24, 293
24, 421
24, 38
24, 166
24, 422
24, 294
24, 39
24, 167
24, 295
24, 423
24, 40
24, 168
24, 424
24, 296
24, 41
24, 169
24, 297
24, 425
24, 42
24, 170
24, 426
24, 298
24, 43
24, 171
24, 299
24, 427
24, 44
24, 172
24, 428
24, 300
24, 45
24, 173
24, 301
24, 429
24, 46
24, 174
24, 430
24, 302
24, 47
24, 175
24, 303
24, 431
24, 48
24, 176
24, 432
24, 304
24, 49
24, 177
24, 305
24, 433
24, 50
24, 178
24, 434
24, 306
24, 51
24, 179
24, 307
24, 435
24, 52
24, 180
24, 436
24, 308
24, 53
24, 181
24, 309
24, 437
24, 54
24, 182
24, 438
24, 310
24, 55
24, 183
24, 311
24, 439
24, 56
24, 184
24, 440
24, 312
24, 57
24, 185
24, 313
24, 441
24, 58
24, 186
24, 442
24, 314
24, 59
24, 187
24, 315
24, 443
24, 60
24, 188
24, 444
24, 316
24, 61
24, 189
24, 317
24, 445
24, 62
24, 190
24, 446
24, 318
24, 63
24, 191
24, 319
24, 447
24, 64
24, 192
24, 448
24, 320
24, 193
24, 449
24, 321
24, 65
24, 66
24, 450
24, 322
24, 194
24, 195
24, 323
24, 67
24, 68
24, 324
24, 196
24, 197
24, 325
24, 69
24, 70
24, 326
24, 198
24, 199
24, 327
24, 71
24, 72
24, 328
24, 200
24, 201
24, 329
24, 73
24, 74
24, 330
24, 202
24, 203
24, 331
24, 75
24, 76
24, 332
24, 204
24, 205
24, 333
24, 77
24, 78
24, 334
24, 206
24, 207
24, 335
24, 79
24, 80
24, 336
24, 208
24, 209
24, 337
24, 81
24, 82
24, 338
24, 210
24, 211
24, 339
24, 83
24, 84
24, 340
24, 212
24, 213
24, 341
24, 85
24, 86
24, 342
24, 214
24, 215
24, 343
24, 87
24, 88
24, 344
24, 216
24, 217
24, 345
24, 89
24, 90
24, 346
24, 218
24, 219
24, 347
24, 91
24, 92
24, 348
24, 220
24, 221
24, 349
24, 93
24, 94
24, 350
24, 222
24, 223
24, 351
24, 95
24, 96
24, 352
24, 224
24, 225
24, 353
24, 97
24, 98
24, 354
24, 226
24, 227
24, 355
24, 99
24, 100
24, 356
24, 228
24, 229
24, 357
24, 101
24, 102
24, 358
24, 230
24, 231
24, 359
24, 103
24, 104
24, 360
24, 232
24, 233
24, 361
24, 105
24, 106
24, 362
24, 234
24, 235
24, 363
24, 107
24, 108
24, 364
24, 236
24, 237
24, 365
24, 109
24, 110
24, 366
24, 238
24, 239
24, 367
24, 111
24, 112
24, 368
24, 240
24, 241
24, 369
24, 113
24, 114
24, 370
24, 242
24, 243
24, 371
24, 115
24, 116
24, 372
24, 244
24, 245
24, 373
24, 117
24, 118
24, 374
24, 246
24, 247
24, 375
24, 119
24, 120
24, 376
24, 248
24, 249
24, 377
24, 121
24, 122
24, 378
24, 250
24, 251
24, 379
24, 123
24, 124
24, 380
24, 252
24, 253
24, 381
24, 125
24, 126
24, 382
24, 254
24, 255
24, 383
24, 127
152, 384
152, 256
152, 257
152, 385
152, 258
152, 386
152, 259
152, 387
152, 388
152, 260
152, 261
152, 389
152, 390
152, 262
152, 263
152, 391
152, 392
152, 264
152, 265
152, 393
152, 394
152, 266
152, 267
152, 395
152, 396
152, 268
152, 269
152, 397
152, 398
152, 270
152, 271
152, 399
152, 400
152, 272
152, 273
152, 401
152, 402
152, 274
152, 275
152, 403
152, 404
152, 276
152, 277
152, 405
152, 406
152, 278
152, 279
152, 407
152, 408
152, 280
152, 153
152, 281
152, 409
152, 154
152, 410
152, 282
152, 155
152, 283
152, 411
152, 156
152, 412
152, 284
152, 157
152, 285
152, 413
152, 158
152, 414
152, 286
152, 159
152, 287
152, 415
152, 160
152, 416
152, 288
152, 161
152, 289
152, 417
152, 162
152, 418
152, 290
152, 163
152, 291
152, 419
152, 164
152, 420
152, 292
152, 165
152, 293
152, 421
152, 166
152, 422
152, 294
152, 167
152, 295
152, 423
152, 168
152, 424
152, 296
152, 169
152, 297
152, 425
152, 170
152, 426
152, 298
152, 171
152, 299
152, 427
152, 172
152, 428
152, 300
152, 173
152, 301
152, 429
152, 174
152, 430
152, 302
152, 175
152, 303
152, 431
152, 176
152, 432
152, 304
152, 177
152, 305
152, 433
152, 178
152, 434
152, 306
152, 179
152, 307
152, 435
152, 180
152, 436
152, 308
152, 181
152, 309
152, 437
152, 182
152, 438
152, 310
152, 183
152, 311
152, 439
152, 184
152, 440
152, 312
152, 185
152, 313
152, 441
152, 186
152, 442
152, 314
152, 187
152, 315
152, 443
152, 188
152, 444
152, 316
152, 189
152, 317
152, 445
152, 190
152, 446
152, 318
152, 191
152, 319
152, 447
152, 448
152, 320
152, 192
152, 193
152, 449
152, 321
152, 450
152, 322
152, 194
152, 195
152, 323
152, 324
152, 196
152, 197
152, 325
152, 326
152, 198
152, 199
152, 327
152, 328
152, 200
152, 201
152, 329
152, 330
152, 202
152, 203
152, 331
152, 332
152, 204
152, 205
152, 333
152, 334
152, 206
152, 207
152, 335
152, 336
152, 208
152, 209
152, 337
152, 338
152, 210
152, 211
152, 339
152, 340
152, 212
152, 213
152, 341
152, 342
152, 214
152, 215
152, 343
152, 344
152, 216
152, 217
152, 345
152, 346
152, 218
152, 219
152, 347
152, 348
152, 220
152, 221
152, 349
152, 350
152, 222
152, 223
152, 351
152, 352
152, 224
152, 225
152, 353
152, 354
152, 226
152, 227
152, 355
152, 356
152, 228
152, 229
152, 357
152, 358
152, 230
152, 231
152, 359
152, 360
152, 232
152, 233
152, 361
152, 362
152, 234
152, 235
152, 363
152, 364
152, 236
152, 237
152, 365
152, 366
152, 238
152, 239
152, 367
152, 368
152, 240
152, 241
152, 369
152, 370
152, 242
152, 243
152, 371
152, 372
152, 244
152, 245
152, 373
152, 374
152, 246
152, 247
152, 375
152, 376
152, 248
152, 249
152, 377
152, 378
152, 250
152, 251
152, 379
152, 380
152, 252
152, 253
152, 381
152, 382
152, 254
152, 255
152, 383
409, 448
409, 449
409, 450
409, 410
409, 411
409, 412
409, 413
409, 414
409, 415
409, 416
409, 417
409, 418
409, 419
409, 420
409, 421
409, 422
409, 423
409, 424
409, 425
409, 426
409, 427
409, 428
409, 429
409, 430
409, 431
409, 432
409, 433
409, 434
409, 435
409, 436
409, 437
409, 438
409, 439
409, 440
409, 441
409, 442
409, 443
409, 444
409, 445
409, 446
409, 447
281, 320
281, 384
281, 448
281, 321
281, 385
281, 449
281, 386
281, 450
281, 322
281, 323
281, 387
281, 324
281, 388
281, 325
281, 389
281, 390
281, 326
281, 327
281, 391
281, 392
281, 328
281, 329
281, 393
281, 394
281, 330
281, 331
281, 395
281, 396
281, 332
281, 333
281, 397
281, 398
281, 334
281, 335
281, 399
281, 400
281, 336
281, 337
281, 401
281, 402
281, 338
281, 339
281, 403
281, 404
281, 340
281, 341
281, 405
281, 406
281, 342
281, 343
281, 407
281, 408
281, 344
281, 345
281, 409
281, 410
281, 346
281, 282
281, 283
281, 347
281, 411
281, 412
281, 348
281, 284
281, 285
281, 349
281, 413
281, 414
281, 350
281, 286
281, 287
281, 351
281, 415
281, 416
281, 352
281, 288
281, 289
281, 353
281, 417
281, 418
281, 354
281, 290
281, 291
281, 355
281, 419
281, 420
281, 356
281, 292
281, 293
281, 357
281, 421
281, 422
281, 358
281, 294
281, 295
281, 359
281, 423
281, 424
281, 360
281, 296
281, 297
281, 361
281, 425
281, 426
281, 362
281, 298
281, 299
281, 363
281, 427
281, 428
281, 364
281, 300
281, 301
281, 365
281, 429
281, 430
281, 366
281, 302
281, 303
281, 367
281, 431
281, 432
281, 368
281, 304
281, 305
281, 369
281, 433
281, 434
281, 370
281, 306
281, 307
281, 371
281, 435
281, 436
281, 372
281, 308
281, 309
281, 373
281, 437
281, 438
281, 374
281, 310
281, 311
281, 375
281, 439
281, 440
281, 376
281, 312
281, 313
281, 377
281, 441
281, 442
281, 378
281, 314
281, 315
281, 379
281, 443
281, 444
281, 380
281, 316
281, 317
281, 381
281, 445
281, 446
281, 382
281, 318
281, 319
281, 383
281, 447
25, 256
25, 384
25, 128
25, 129
25, 385
25, 257
25, 386
25, 258
25, 130
25, 387
25, 259
25, 131
25, 132
25, 388
25, 260
25, 133
25, 261
25, 389
25, 134
25, 390
25, 262
25, 135
25, 263
25, 391
25, 136
25, 392
25, 264
25, 137
25, 265
25, 393
25, 138
25, 394
25, 266
25, 139
25, 267
25, 395
25, 140
25, 396
25, 268
25, 141
25, 269
25, 397
25, 142
25, 398
25, 270
25, 143
25, 271
25, 399
25, 144
25, 400
25, 272
25, 145
25, 273
25, 401
25, 146
25, 402
25, 274
25, 147
25, 275
25, 403
25, 148
25, 404
25, 276
25, 149
25, 277
25, 405
25, 150
25, 406
25, 278
25, 151
25, 279
25, 407
25, 152
25, 408
25, 280
25, 153
25, 281
25, 409
25, 26
25, 154
25, 410
25, 282
25, 27
25, 155
25, 283
25, 411
25, 28
25, 156
25, 412
25, 284
25, 29
25, 157
25, 285
25, 413
25, 30
25, 158
25, 414
25, 286
25, 31
25, 159
25, 287
25, 415
25, 32
25, 160
25, 416
25, 288
25, 33
25, 161
25, 289
25, 417
25, 34
25, 162
25, 418
25, 290
25, 35
25, 163
25, 291
25, 419
25, 36
25, 164
25, 420
25, 292
25, 37
25, 165
25, 293
25, 421
25, 38
25, 166
25, 422
25, 294
25, 39
25, 167
25, 295
25, 423
25, 40
25, 168
25, 424
25, 296
25, 41
25, 169
25, 297
25, 425
25, 42
25, 170
25, 426
25, 298
25, 43
25, 171
25, 299
25, 427
25, 44
25, 172
25, 428
25, 300
25, 45
25, 173
25, 301
25, 429
25, 46
25, 174
25, 430
25, 302
25, 47
25, 175
25, 303
25, 431
25, 48
25, 176
25, 432
25, 304
25, 49
25, 177
25, 305
25, 433
25, 50
25, 178
25, 434
25, 306
25, 51
25, 179
25, 307
25, 435
25, 52
25, 180
25, 436
25, 308
25, 53
25, 181
25, 309
25, 437
25, 54
25, 182
25, 438
25, 310
25, 55
25, 183
25, 311
25, 439
25, 56
25, 184
25, 440
25, 312
25, 57
25, 185
25, 313
25, 441
25, 58
25, 186
25, 442
25, 314
25, 59
25, 187
25, 315
25, 443
25, 60
25, 188
25, 444
25, 316
25, 61
25, 189
25, 317
25, 445
25, 62
25, 190
25, 446
25, 318
25, 63
25, 191
25, 319
25, 447
25, 448
25, 320
25, 192
25, 64
25, 65
25, 321
25, 449
25, 193
25, 194
25, 322
25, 450
25, 66
25, 67
25, 323
25, 195
25, 196
25, 324
25, 68
25, 69
25, 325
25, 197
25, 198
25, 326
25, 70
25, 71
25, 327
25, 199
25, 200
25, 328
25, 72
25, 73
25, 329
25, 201
25, 202
25, 330
25, 74
25, 75
25, 331
25, 203
25, 204
25, 332
25, 76
25, 77
25, 333
25, 205
25, 206
25, 334
25, 78
25, 79
25, 335
25, 207
25, 208
25, 336
25, 80
25, 81
25, 337
25, 209
25, 210
25, 338
25, 82
25, 83
25, 339
25, 211
25, 212
25, 340
25, 84
25, 85
25, 341
25, 213
25, 214
25, 342
25, 86
25, 87
25, 343
25, 215
25, 216
25, 344
25, 88
25, 89
25, 345
25, 217
25, 218
25, 346
25, 90
25, 91
25, 347
25, 219
25, 220
25, 348
25, 92
25, 93
25, 349
25, 221
25, 222
25, 350
25, 94
25, 95
25, 351
25, 223
25, 224
25, 352
25, 96
25, 97
25, 353
25, 225
25, 226
25, 354
25, 98
25, 99
25, 355
25, 227
25, 228
25, 356
25, 100
25, 101
25, 357
25, 229
25, 230
25, 358
25, 102
25, 103
25, 359
25, 231
25, 232
25, 360
25, 104
25, 105
25, 361
25, 233
25, 234
25, 362
25, 106
25, 107
25, 363
25, 235
25, 236
25, 364
25, 108
25, 109
25, 365
25, 237
25, 238
25, 366
25, 110
25, 111
25, 367
25, 239
25, 240
25, 368
25, 112
25, 113
25, 369
25, 241
25, 242
25, 370
25, 114
25, 115
25, 371
25, 243
25, 244
25, 372
25, 116
25, 117
25, 373
25, 245
25, 246
25, 374
25, 118
25, 119
25, 375
25, 247
25, 248
25, 376
25, 120
25, 121
25, 377
25, 249
25, 250
25, 378
25, 122
25, 123
25, 379
25, 251
25, 252
25, 380
25, 124
25, 125
25, 381
25, 253
25, 254
25, 382
25, 126
25, 127
25, 383
25, 255
153, 256
153, 384
153, 385
153, 257
153, 386
153, 258
153, 387
153, 259
153, 388
153, 260
153, 261
153, 389
153, 390
153, 262
153, 263
153, 391
153, 392
153, 264
153, 265
153, 393
153, 394
153, 266
153, 267
153, 395
153, 396
153, 268
153, 269
153, 397
153, 398
153, 270
153, 271
153, 399
153, 400
153, 272
153, 273
153, 401
153, 402
153, 274
153, 275
153, 403
153, 404
153, 276
153, 277
153, 405
153, 406
153, 278
153, 279
153, 407
153, 408
153, 280
153, 281
153, 409
153, 154
153, 410
153, 282
153, 155
153, 283
153, 411
153, 156
153, 412
153, 284
153, 157
153, 285
153, 413
153, 158
153, 414
153, 286
153, 159
153, 287
153, 415
153, 160
153, 416
153, 288
153, 161
153, 289
153, 417
153, 162
153, 418
153, 290
153, 163
153, 291
153, 419
153, 164
153, 420
153, 292
153, 165
153, 293
153, 421
153, 166
153, 422
153, 294
153, 167
153, 295
153, 423
153, 168
153, 424
153, 296
153, 169
153, 297
153, 425
153, 170
153, 426
153, 298
153, 171
153, 299
153, 427
153, 172
153, 428
153, 300
153, 173
153, 301
153, 429
153, 174
153, 430
153, 302
153, 175
153, 303
153, 431
153, 176
153, 432
153, 304
153, 177
153, 305
153, 433
153, 178
153, 434
153, 306
153, 179
153, 307
153, 435
153, 180
153, 436
153, 308
153, 181
153, 309
153, 437
153, 182
153, 438
153, 310
153, 183
153, 311
153, 439
153, 184
153, 440
153, 312
153, 185
153, 313
153, 441
153, 186
153, 442
153, 314
153, 187
153, 315
153, 443
153, 188
153, 444
153, 316
153, 189
153, 317
153, 445
153, 190
153, 446
153, 318
153, 191
153, 319
153, 447
153, 448
153, 320
153, 192
153, 321
153, 449
153, 193
153, 194
153, 322
153, 450
153, 323
153, 195
153, 196
153, 324
153, 325
153, 197
153, 198
153, 326
153, 327
153, 199
153, 200
153, 328
153, 329
153, 201
153, 202
153, 330
153, 331
153, 203
153, 204
153, 332
153, 333
153, 205
153, 206
153, 334
153, 335
153, 207
153, 208
153, 336
153, 337
153, 209
153, 210
153, 338
153, 339
153, 211
153, 212
153, 340
153, 341
153, 213
153, 214
153, 342
153, 343
153, 215
153, 216
153, 344
153, 345
153, 217
153, 218
153, 346
153, 347
153, 219
153, 220
153, 348
153, 349
153, 221
153, 222
153, 350
153, 351
153, 223
153, 224
153, 352
153, 353
153, 225
153, 226
153, 354
153, 355
153, 227
153, 228
153, 356
153, 357
153, 229
153, 230
153, 358
153, 359
153, 231
153, 232
153, 360
153, 361
153, 233
153, 234
153, 362
153, 363
153, 235
153, 236
153, 364
153, 365
153, 237
153, 238
153, 366
153, 367
153, 239
153, 240
153, 368
153, 369
153, 241
153, 242
153, 370
153, 371
153, 243
153, 244
153, 372
153, 373
153, 245
153, 246
153, 374
153, 375
153, 247
153, 248
153, 376
153, 377
153, 249
153, 250
153, 378
153, 379
153, 251
153, 252
153, 380
153, 381
153, 253
153, 254
153, 382
153, 383
153, 255
410, 448
410, 449
410, 450
410, 411
410, 412
410, 413
410, 414
410, 415
410, 416
410, 417
410, 418
410, 419
410, 420
410, 421
410, 422
410, 423
410, 424
410, 425
410, 426
410, 427
410, 428
410, 429
410, 430
410, 431
410, 432
410, 433
410, 434
410, 435
410, 436
410, 437
410, 438
410, 439
410, 440
410, 441
410, 442
410, 443
410, 444
410, 445
410, 446
410, 447
282, 320
282, 384
282, 448
282, 321
282, 385
282, 449
282, 450
282, 322
282, 386
282, 387
282, 323
282, 388
282, 324
282, 389
282, 325
282, 326
282, 390
282, 391
282, 327
282, 328
282, 392
282, 393
282, 329
282, 330
282, 394
282, 395
282, 331
282, 332
282, 396
282, 397
282, 333
282, 334
282, 398
282, 399
282, 335
282, 336
282, 400
282, 401
282, 337
282, 338
282, 402
282, 403
282, 339
282, 340
282, 404
282, 405
282, 341
282, 342
282, 406
282, 407
282, 343
282, 344
282, 408
282, 409
282, 345
282, 346
282, 410
282, 411
282, 347
282, 283
282, 284
282, 348
282, 412
282, 413
282, 349
282, 285
282, 286
282, 350
282, 414
282, 415
282, 351
282, 287
282, 288
282, 352
282, 416
282, 417
282, 353
282, 289
282, 290
282, 354
282, 418
282, 419
282, 355
282, 291
282, 292
282, 356
282, 420
282, 421
282, 357
282, 293
282, 294
282, 358
282, 422
282, 423
282, 359
282, 295
282, 296
282, 360
282, 424
282, 425
282, 361
282, 297
282, 298
282, 362
282, 426
282, 427
282, 363
282, 299
282, 300
282, 364
282, 428
282, 429
282, 365
282, 301
282, 302
282, 366
282, 430
282, 431
282, 367
282, 303
282, 304
282, 368
282, 432
282, 433
282, 369
282, 305
282, 306
282, 370
282, 434
282, 435
282, 371
282, 307
282, 308
282, 372
282, 436
282, 437
282, 373
282, 309
282, 310
282, 374
282, 438
282, 439
282, 375
282, 311
282, 312
282, 376
282, 440
282, 441
282, 377
282, 313
282, 314
282, 378
282, 442
282, 443
282, 379
282, 315
282, 316
282, 380
282, 444
282, 445
282, 381
282, 317
282, 318
282, 382
282, 446
282, 447
282, 383
282, 319
26, 128
26, 384
26, 256
26, 257
26, 385
26, 129
26, 258
26, 386
26, 130
26, 387
26, 259
26, 131
26, 132
26, 388
26, 260
26, 133
26, 261
26, 389
26, 134
26, 390
26, 262
26, 135
26, 263
26, 391
26, 136
26, 392
26, 264
26, 137
26, 265
26, 393
26, 138
26, 394
26, 266
26, 139
26, 267
26, 395
26, 140
26, 396
26, 268
26, 141
26, 269
26, 397
26, 142
26, 398
26, 270
26, 143
26, 271
26, 399
26, 144
26, 400
26, 272
26, 145
26, 273
26, 401
26, 146
26, 402
26, 274
26, 147
26, 275
26, 403
26, 148
26, 404
26, 276
26, 149
26, 277
26, 405
26, 150
26, 406
26, 278
26, 151
26, 279
26, 407
26, 152
26, 408
26, 280
26, 153
26, 281
26, 409
26, 154
26, 410
26, 282
26, 27
26, 155
26, 283
26, 411
26, 28
26, 156
26, 412
26, 284
26, 29
26, 157
26, 285
26, 413
26, 30
26, 158
26, 414
26, 286
26, 31
26, 159
26, 287
26, 415
26, 32
26, 160
26, 416
26, 288
26, 33
26, 161
26, 289
26, 417
26, 34
26, 162
26, 418
26, 290
26, 35
26, 163
26, 291
26, 419
26, 36
26, 164
26, 420
26, 292
26, 37
26, 165
26, 293
26, 421
26, 38
26, 166
26, 422
26, 294
26, 39
26, 167
26, 295
26, 423
26, 40
26, 168
26, 424
26, 296
26, 41
26, 169
26, 297
26, 425
26, 42
26, 170
26, 426
26, 298
26, 43
26, 171
26, 299
26, 427
26, 44
26, 172
26, 428
26, 300
26, 45
26, 173
26, 301
26, 429
26, 46
26, 174
26, 430
26, 302
26, 47
26, 175
26, 303
26, 431
26, 48
26, 176
26, 432
26, 304
26, 49
26, 177
26, 305
26, 433
26, 50
26, 178
26, 434
26, 306
26, 51
26, 179
26, 307
26, 435
26, 52
26, 180
26, 436
26, 308
26, 53
26, 181
26, 309
26, 437
26, 54
26, 182
26, 438
26, 310
26, 55
26, 183
26, 311
26, 439
26, 56
26, 184
26, 440
26, 312
26, 57
26, 185
26, 313
26, 441
26, 58
26, 186
26, 442
26, 314
26, 59
26, 187
26, 315
26, 443
26, 60
26, 188
26, 444
26, 316
26, 61
26, 189
26, 317
26, 445
26, 62
26, 190
26, 446
26, 318
26, 63
26, 191
26, 319
26, 447
26, 192
26, 64
26, 320
26, 448
26, 193
26, 449
26, 321
26, 65
26, 66
26, 450
26, 322
26, 194
26, 195
26, 323
26, 67
26, 68
26, 324
26, 196
26, 197
26, 325
26, 69
26, 70
26, 326
26, 198
26, 199
26, 327
26, 71
26, 72
26, 328
26, 200
26, 201
26, 329
26, 73
26, 74
26, 330
26, 202
26, 203
26, 331
26, 75
26, 76
26, 332
26, 204
26, 205
26, 333
26, 77
26, 78
26, 334
26, 206
26, 207
26, 335
26, 79
26, 80
26, 336
26, 208
26, 209
26, 337
26, 81
26, 82
26, 338
26, 210
26, 211
26, 339
26, 83
26, 84
26, 340
26, 212
26, 213
26, 341
26, 85
26, 86
26, 342
26, 214
26, 215
26, 343
26, 87
26, 88
26, 344
26, 216
26, 217
26, 345
26, 89
26, 90
26, 346
26, 218
26, 219
26, 347
26, 91
26, 92
26, 348
26, 220
26, 221
26, 349
26, 93
26, 94
26, 350
26, 222
26, 223
26, 351
26, 95
26, 96
26, 352
26, 224
26, 225
26, 353
26, 97
26, 98
26, 354
26, 226
26, 227
26, 355
26, 99
26, 100
26, 356
26, 228
26, 229
26, 357
26, 101
26, 102
26, 358
26, 230
26, 231
26, 359
26, 103
26, 104
26, 360
26, 232
26, 233
26, 361
26, 105
26, 106
26, 362
26, 234
26, 235
26, 363
26, 107
26, 108
26, 364
26, 236
26, 237
26, 365
26, 109
26, 110
26, 366
26, 238
26, 239
26, 367
26, 111
26, 112
26, 368
26, 240
26, 241
26, 369
26, 113
26, 114
26, 370
26, 242
26, 243
26, 371
26, 115
26, 116
26, 372
26, 244
26, 245
26, 373
26, 117
26, 118
26, 374
26, 246
26, 247
26, 375
26, 119
26, 120
26, 376
26, 248
26, 249
26, 377
26, 121
26, 122
26, 378
26, 250
26, 251
26, 379
26, 123
26, 124
26, 380
26, 252
26, 253
26, 381
26, 125
26, 126
26, 382
26, 254
26, 255
26, 383
26, 127
154, 384
154, 256
154, 257
154, 385
154, 258
154, 386
154, 259
154, 387
154, 388
154, 260
154, 261
154, 389
154, 390
154, 262
154, 263
154, 391
154, 392
154, 264
154, 265
154, 393
154, 394
154, 266
154, 267
154, 395
154, 396
154, 268
154, 269
154, 397
154, 398
154, 270
154, 271
154, 399
154, 400
154, 272
154, 273
154, 401
154, 402
154, 274
154, 275
154, 403
154, 404
154, 276
154, 277
154, 405
154, 406
154, 278
154, 279
154, 407
154, 408
154, 280
154, 281
154, 409
154, 410
154, 282
154, 155
154, 283
154, 411
154, 156
154, 412
154, 284
154, 157
154, 285
154, 413
154, 158
154, 414
154, 286
154, 159
154, 287
154, 415
154, 160
154, 416
154, 288
154, 161
154, 289
154, 417
154, 162
154, 418
154, 290
154, 163
154, 291
154, 419
154, 164
154, 420
154, 292
154, 165
154, 293
154, 421
154, 166
154, 422
154, 294
154, 167
154, 295
154, 423
154, 168
154, 424
154, 296
154, 169
154, 297
154, 425
154, 170
154, 426
154, 298
154, 171
154, 299
154, 427
154, 172
154, 428
154, 300
154, 173
154, 301
154, 429
154, 174
154, 430
154, 302
154, 175
154, 303
154, 431
154, 176
154, 432
154, 304
154, 177
154, 305
154, 433
154, 178
154, 434
154, 306
154, 179
154, 307
154, 435
154, 180
154, 436
154, 308
154, 181
154, 309
154, 437
154, 182
154, 438
154, 310
154, 183
154, 311
154, 439
154, 184
154, 440
154, 312
154, 185
154, 313
154, 441
154, 186
154, 442
154, 314
154, 187
154, 315
154, 443
154, 188
154, 444
154, 316
154, 189
154, 317
154, 445
154, 190
154, 446
154, 318
154, 191
154, 319
154, 447
154, 448
154, 320
154, 192
154, 193
154, 449
154, 321
154, 450
154, 322
154, 194
154, 195
154, 323
154, 324
154, 196
154, 197
154, 325
154, 326
154, 198
154, 199
154, 327
154, 328
154, 200
154, 201
154, 329
154, 330
154, 202
154, 203
154, 331
154, 332
154, 204
154, 205
154, 333
154, 334
154, 206
154, 207
154, 335
154, 336
154, 208
154, 209
154, 337
154, 338
154, 210
154, 211
154, 339
154, 340
154, 212
154, 213
154, 341
154, 342
154, 214
154, 215
154, 343
154, 344
154, 216
154, 217
154, 345
154, 346
154, 218
154, 219
154, 347
154, 348
154, 220
154, 221
154, 349
154, 350
154, 222
154, 223
154, 351
154, 352
154, 224
154, 225
154, 353
154, 354
154, 226
154, 227
154, 355
154, 356
154, 228
154, 229
154, 357
154, 358
154, 230
154, 231
154, 359
154, 360
154, 232
154, 233
154, 361
154, 362
154, 234
154, 235
154, 363
154, 364
154, 236
154, 237
154, 365
154, 366
154, 238
154, 239
154, 367
154, 368
154, 240
154, 241
154, 369
154, 370
154, 242
154, 243
154, 371
154, 372
154, 244
154, 245
154, 373
154, 374
154, 246
154, 247
154, 375
154, 376
154, 248
154, 249
154, 377
154, 378
154, 250
154, 251
154, 379
154, 380
154, 252
154, 253
154, 381
154, 382
154, 254
154, 255
154, 383
411, 448
411, 449
411, 450
411, 412
411, 413
411, 414
411, 415
411, 416
411, 417
411, 418
411, 419
411, 420
411, 421
411, 422
411, 423
411, 424
411, 425
411, 426
411, 427
411, 428
411, 429
411, 430
411, 431
411, 432
411, 433
411, 434
411, 435
411, 436
411, 437
411, 438
411, 439
411, 440
411, 441
411, 442
411, 443
411, 444
411, 445
411, 446
411, 447
283, 320
283, 384
283, 448
283, 321
283, 385
283, 449
283, 322
283, 386
283, 450
283, 323
283, 387
283, 324
283, 388
283, 325
283, 389
283, 390
283, 326
283, 327
283, 391
283, 392
283, 328
283, 329
283, 393
283, 394
283, 330
283, 331
283, 395
283, 396
283, 332
283, 333
283, 397
283, 398
283, 334
283, 335
283, 399
283, 400
283, 336
283, 337
283, 401
283, 402
283, 338
283, 339
283, 403
283, 404
283, 340
283, 341
283, 405
283, 406
283, 342
283, 343
283, 407
283, 408
283, 344
283, 345
283, 409
283, 410
283, 346
283, 347
283, 411
283, 412
283, 348
283, 284
283, 285
283, 349
283, 413
283, 414
283, 350
283, 286
283, 287
283, 351
283, 415
283, 416
283, 352
283, 288
283, 289
283, 353
283, 417
283, 418
283, 354
283, 290
283, 291
283, 355
283, 419
283, 420
283, 356
283, 292
283, 293
283, 357
283, 421
283, 422
283, 358
283, 294
283, 295
283, 359
283, 423
283, 424
283, 360
283, 296
283, 297
283, 361
283, 425
283, 426
283, 362
283, 298
283, 299
283, 363
283, 427
283, 428
283, 364
283, 300
283, 301
283, 365
283, 429
283, 430
283, 366
283, 302
283, 303
283, 367
283, 431
283, 432
283, 368
283, 304
283, 305
283, 369
283, 433
283, 434
283, 370
283, 306
283, 307
283, 371
283, 435
283, 436
283, 372
283, 308
283, 309
283, 373
283, 437
283, 438
283, 374
283, 310
283, 311
283, 375
283, 439
283, 440
283, 376
283, 312
283, 313
283, 377
283, 441
283, 442
283, 378
283, 314
283, 315
283, 379
283, 443
283, 444
283, 380
283, 316
283, 317
283, 381
283, 445
283, 446
283, 382
283, 318
283, 319
283, 383
283, 447
27, 256
27, 384
27, 128
27, 129
27, 385
27, 257
27, 386
27, 258
27, 130
27, 387
27, 259
27, 131
27, 132
27, 388
27, 260
27, 133
27, 261
27, 389
27, 134
27, 390
27, 262
27, 135
27, 263
27, 391
27, 136
27, 392
27, 264
27, 137
27, 265
27, 393
27, 138
27, 394
27, 266
27, 139
27, 267
27, 395
27, 140
27, 396
27, 268
27, 141
27, 269
27, 397
27, 142
27, 398
27, 270
27, 143
27, 271
27, 399
27, 144
27, 400
27, 272
27, 145
27, 273
27, 401
27, 146
27, 402
27, 274
27, 147
27, 275
27, 403
27, 148
27, 404
27, 276
27, 149
27, 277
27, 405
27, 150
27, 406
27, 278
27, 151
27, 279
27, 407
27, 152
27, 408
27, 280
27, 153
27, 281
27, 409
27, 154
27, 410
27, 282
27, 155
27, 283
27, 411
27, 28
27, 156
27, 412
27, 284
27, 29
27, 157
27, 285
27, 413
27, 30
27, 158
27, 414
27, 286
27, 31
27, 159
27, 287
27, 415
27, 32
27, 160
27, 416
27, 288
27, 33
27, 161
27, 289
27, 417
27, 34
27, 162
27, 418
27, 290
27, 35
27, 163
27, 291
27, 419
27, 36
27, 164
27, 420
27, 292
27, 37
27, 165
27, 293
27, 421
27, 38
27, 166
27, 422
27, 294
27, 39
27, 167
27, 295
27, 423
27, 40
27, 168
27, 424
27, 296
27, 41
27, 169
27, 297
27, 425
27, 42
27, 170
27, 426
27, 298
27, 43
27, 171
27, 299
27, 427
27, 44
27, 172
27, 428
27, 300
27, 45
27, 173
27, 301
27, 429
27, 46
27, 174
27, 430
27, 302
27, 47
27, 175
27, 303
27, 431
27, 48
27, 176
27, 432
27, 304
27, 49
27, 177
27, 305
27, 433
27, 50
27, 178
27, 434
27, 306
27, 51
27, 179
27, 307
27, 435
27, 52
27, 180
27, 436
27, 308
27, 53
27, 181
27, 309
27, 437
27, 54
27, 182
27, 438
27, 310
27, 55
27, 183
27, 311
27, 439
27, 56
27, 184
27, 440
27, 312
27, 57
27, 185
27, 313
27, 441
27, 58
27, 186
27, 442
27, 314
27, 59
27, 187
27, 315
27, 443
27, 60
27, 188
27, 444
27, 316
27, 61
27, 189
27, 317
27, 445
27, 62
27, 190
27, 446
27, 318
27, 63
27, 191
27, 319
27, 447
27, 320
27, 448
27, 64
27, 192
27, 65
27, 321
27, 449
27, 193
27, 194
27, 322
27, 450
27, 66
27, 67
27, 323
27, 195
27, 196
27, 324
27, 68
27, 69
27, 325
27, 197
27, 198
27, 326
27, 70
27, 71
27, 327
27, 199
27, 200
27, 328
27, 72
27, 73
27, 329
27, 201
27, 202
27, 330
27, 74
27, 75
27, 331
27, 203
27, 204
27, 332
27, 76
27, 77
27, 333
27, 205
27, 206
27, 334
27, 78
27, 79
27, 335
27, 207
27, 208
27, 336
27, 80
27, 81
27, 337
27, 209
27, 210
27, 338
27, 82
27, 83
27, 339
27, 211
27, 212
27, 340
27, 84
27, 85
27, 341
27, 213
27, 214
27, 342
27, 86
27, 87
27, 343
27, 215
27, 216
27, 344
27, 88
27, 89
27, 345
27, 217
27, 218
27, 346
27, 90
27, 91
27, 347
27, 219
27, 220
27, 348
27, 92
27, 93
27, 349
27, 221
27, 222
27, 350
27, 94
27, 95
27, 351
27, 223
27, 224
27, 352
27, 96
27, 97
27, 353
27, 225
27, 226
27, 354
27, 98
27, 99
27, 355
27, 227
27, 228
27, 356
27, 100
27, 101
27, 357
27, 229
27, 230
27, 358
27, 102
27, 103
27, 359
27, 231
27, 232
27, 360
27, 104
27, 105
27, 361
27, 233
27, 234
27, 362
27, 106
27, 107
27, 363
27, 235
27, 236
27, 364
27, 108
27, 109
27, 365
27, 237
27, 238
27, 366
27, 110
27, 111
27, 367
27, 239
27, 240
27, 368
27, 112
27, 113
27, 369
27, 241
27, 242
27, 370
27, 114
27, 115
27, 371
27, 243
27, 244
27, 372
27, 116
27, 117
27, 373
27, 245
27, 246
27, 374
27, 118
27, 119
27, 375
27, 247
27, 248
27, 376
27, 120
27, 121
27, 377
27, 249
27, 250
27, 378
27, 122
27, 123
27, 379
27, 251
27, 252
27, 380
27, 124
27, 125
27, 381
27, 253
27, 254
27, 382
27, 126
27, 127
27, 383
27, 255
155, 256
155, 384
155, 385
155, 257
155, 386
155, 258
155, 387
155, 259
155, 388
155, 260
155, 261
155, 389
155, 390
155, 262
155, 263
155, 391
155, 392
155, 264
155, 265
155, 393
155, 394
155, 266
155, 267
155, 395
155, 396
155, 268
155, 269
155, 397
155, 398
155, 270
155, 271
155, 399
155, 400
155, 272
155, 273
155, 401
155, 402
155, 274
155, 275
155, 403
155, 404
155, 276
155, 277
155, 405
155, 406
155, 278
155, 279
155, 407
155, 408
155, 280
155, 281
155, 409
155, 410
155, 282
155, 283
155, 411
155, 156
155, 412
155, 284
155, 157
155, 285
155, 413
155, 158
155, 414
155, 286
155, 159
155, 287
155, 415
155, 160
155, 416
155, 288
155, 161
155, 289
155, 417
155, 162
155, 418
155, 290
155, 163
155, 291
155, 419
155, 164
155, 420
155, 292
155, 165
155, 293
155, 421
155, 166
155, 422
155, 294
155, 167
155, 295
155, 423
155, 168
155, 424
155, 296
155, 169
155, 297
155, 425
155, 170
155, 426
155, 298
155, 171
155, 299
155, 427
155, 172
155, 428
155, 300
155, 173
155, 301
155, 429
155, 174
155, 430
155, 302
155, 175
155, 303
155, 431
155, 176
155, 432
155, 304
155, 177
155, 305
155, 433
155, 178
155, 434
155, 306
155, 179
155, 307
155, 435
155, 180
155, 436
155, 308
155, 181
155, 309
155, 437
155, 182
155, 438
155, 310
155, 183
155, 311
155, 439
155, 184
155, 440
155, 312
155, 185
155, 313
155, 441
155, 186
155, 442
155, 314
155, 187
155, 315
155, 443
155, 188
155, 444
155, 316
155, 189
155, 317
155, 445
155, 190
155, 446
155, 318
155, 191
155, 319
155, 447
155, 448
155, 320
155, 192
155, 321
155, 449
155, 193
155, 194
155, 322
155, 450
155, 323
155, 195
155, 196
155, 324
155, 325
155, 197
155, 198
155, 326
155, 327
155, 199
155, 200
155, 328
155, 329
155, 201
155, 202
155, 330
155, 331
155, 203
155, 204
155, 332
155, 333
155, 205
155, 206
155, 334
155, 335
155, 207
155, 208
155, 336
155, 337
155, 209
155, 210
155, 338
155, 339
155, 211
155, 212
155, 340
155, 341
155, 213
155, 214
155, 342
155, 343
155, 215
155, 216
155, 344
155, 345
155, 217
155, 218
155, 346
155, 347
155, 219
155, 220
155, 348
155, 349
155, 221
155, 222
155, 350
155, 351
155, 223
155, 224
155, 352
155, 353
155, 225
155, 226
155, 354
155, 355
155, 227
155, 228
155, 356
155, 357
155, 229
155, 230
155, 358
155, 359
155, 231
155, 232
155, 360
155, 361
155, 233
155, 234
155, 362
155, 363
155, 235
155, 236
155, 364
155, 365
155, 237
155, 238
155, 366
155, 367
155, 239
155, 240
155, 368
155, 369
155, 241
155, 242
155, 370
155, 371
155, 243
155, 244
155, 372
155, 373
155, 245
155, 246
155, 374
155, 375
155, 247
155, 248
155, 376
155, 377
155, 249
155, 250
155, 378
155, 379
155, 251
155, 252
155, 380
155, 381
155, 253
155, 254
155, 382
155, 383
155, 255
412, 448
412, 449
412, 450
412, 413
412, 414
412, 415
412, 416
412, 417
412, 418
412, 419
412, 420
412, 421
412, 422
412, 423
412, 424
412, 425
412, 426
412, 427
412, 428
412, 429
412, 430
412, 431
412, 432
412, 433
412, 434
412, 435
412, 436
412, 437
412, 438
412, 439
412, 440
412, 441
412, 442
412, 443
412, 444
412, 445
412, 446
412, 447
284, 320
284, 384
284, 448
284, 321
284, 385
284, 449
284, 386
284, 450
284, 322
284, 387
284, 323
284, 388
284, 324
284, 389
284, 325
284, 326
284, 390
284, 391
284, 327
284, 328
284, 392
284, 393
284, 329
284, 330
284, 394
284, 395
284, 331
284, 332
284, 396
284, 397
284, 333
284, 334
284, 398
284, 399
284, 335
284, 336
284, 400
284, 401
284, 337
284, 338
284, 402
284, 403
284, 339
284, 340
284, 404
284, 405
284, 341
284, 342
284, 406
284, 407
284, 343
284, 344
284, 408
284, 409
284, 345
284, 346
284, 410
284, 411
284, 347
284, 348
284, 412
284, 413
284, 349
284, 285
284, 286
284, 350
284, 414
284, 415
284, 351
284, 287
284, 288
284, 352
284, 416
284, 417
284, 353
284, 289
284, 290
284, 354
284, 418
284, 419
284, 355
284, 291
284, 292
284, 356
284, 420
284, 421
284, 357
284, 293
284, 294
284, 358
284, 422
284, 423
284, 359
284, 295
284, 296
284, 360
284, 424
284, 425
284, 361
284, 297
284, 298
284, 362
284, 426
284, 427
284, 363
284, 299
284, 300
284, 364
284, 428
284, 429
284, 365
284, 301
284, 302
284, 366
284, 430
284, 431
284, 367
284, 303
284, 304
284, 368
284, 432
284, 433
284, 369
284, 305
284, 306
284, 370
284, 434
284, 435
284, 371
284, 307
284, 308
284, 372
284, 436
284, 437
284, 373
284, 309
284, 310
284, 374
284, 438
284, 439
284, 375
284, 311
284, 312
284, 376
284, 440
284, 441
284, 377
284, 313
284, 314
284, 378
284, 442
284, 443
284, 379
284, 315
284, 316
284, 380
284, 444
284, 445
284, 381
284, 317
284, 318
284, 382
284, 446
284, 447
284, 383
284, 319
28, 128
28, 384
28, 256
28, 257
28, 385
28, 129
28, 258
28, 386
28, 130
28, 387
28, 259
28, 131
28, 132
28, 388
28, 260
28, 133
28, 261
28, 389
28, 134
28, 390
28, 262
28, 135
28, 263
28, 391
28, 136
28, 392
28, 264
28, 137
28, 265
28, 393
28, 138
28, 394
28, 266
28, 139
28, 267
28, 395
28, 140
28, 396
28, 268
28, 141
28, 269
28, 397
28, 142
28, 398
28, 270
28, 143
28, 271
28, 399
28, 144
28, 400
28, 272
28, 145
28, 273
28, 401
28, 146
28, 402
28, 274
28, 147
28, 275
28, 403
28, 148
28, 404
28, 276
28, 149
28, 277
28, 405
28, 150
28, 406
28, 278
28, 151
28, 279
28, 407
28, 152
28, 408
28, 280
28, 153
28, 281
28, 409
28, 154
28, 410
28, 282
28, 155
28, 283
28, 411
28, 156
28, 412
28, 284
28, 29
28, 157
28, 285
28, 413
28, 30
28, 158
28, 414
28, 286
28, 31
28, 159
28, 287
28, 415
28, 32
28, 160
28, 416
28, 288
28, 33
28, 161
28, 289
28, 417
28, 34
28, 162
28, 418
28, 290
28, 35
28, 163
28, 291
28, 419
28, 36
28, 164
28, 420
28, 292
28, 37
28, 165
28, 293
28, 421
28, 38
28, 166
28, 422
28, 294
28, 39
28, 167
28, 295
28, 423
28, 40
28, 168
28, 424
28, 296
28, 41
28, 169
28, 297
28, 425
28, 42
28, 170
28, 426
28, 298
28, 43
28, 171
28, 299
28, 427
28, 44
28, 172
28, 428
28, 300
28, 45
28, 173
28, 301
28, 429
28, 46
28, 174
28, 430
28, 302
28, 47
28, 175
28, 303
28, 431
28, 48
28, 176
28, 432
28, 304
28, 49
28, 177
28, 305
28, 433
28, 50
28, 178
28, 434
28, 306
28, 51
28, 179
28, 307
28, 435
28, 52
28, 180
28, 436
28, 308
28, 53
28, 181
28, 309
28, 437
28, 54
28, 182
28, 438
28, 310
28, 55
28, 183
28, 311
28, 439
28, 56
28, 184
28, 440
28, 312
28, 57
28, 185
28, 313
28, 441
28, 58
28, 186
28, 442
28, 314
28, 59
28, 187
28, 315
28, 443
28, 60
28, 188
28, 444
28, 316
28, 61
28, 189
28, 317
28, 445
28, 62
28, 190
28, 446
28, 318
28, 63
28, 191
28, 319
28, 447
28, 64
28, 192
28, 448
28, 320
28, 193
28, 449
28, 321
28, 65
28, 66
28, 450
28, 322
28, 194
28, 195
28, 323
28, 67
28, 68
28, 324
28, 196
28, 197
28, 325
28, 69
28, 70
28, 326
28, 198
28, 199
28, 327
28, 71
28, 72
28, 328
28, 200
28, 201
28, 329
28, 73
28, 74
28, 330
28, 202
28, 203
28, 331
28, 75
28, 76
28, 332
28, 204
28, 205
28, 333
28, 77
28, 78
28, 334
28, 206
28, 207
28, 335
28, 79
28, 80
28, 336
28, 208
28, 209
28, 337
28, 81
28, 82
28, 338
28, 210
28, 211
28, 339
28, 83
28, 84
28, 340
28, 212
28, 213
28, 341
28, 85
28, 86
28, 342
28, 214
28, 215
28, 343
28, 87
28, 88
28, 344
28, 216
28, 217
28, 345
28, 89
28, 90
28, 346
28, 218
28, 219
28, 347
28, 91
28, 92
28, 348
28, 220
28, 221
28, 349
28, 93
28, 94
28, 350
28, 222
28, 223
28, 351
28, 95
28, 96
28, 352
28, 224
28, 225
28, 353
28, 97
28, 98
28, 354
28, 226
28, 227
28, 355
28, 99
28, 100
28, 356
28, 228
28, 229
28, 357
28, 101
28, 102
28, 358
28, 230
28, 231
28, 359
28, 103
28, 104
28, 360
28, 232
28, 233
28, 361
28, 105
28, 106
28, 362
28, 234
28, 235
28, 363
28, 107
28, 108
28, 364
28, 236
28, 237
28, 365
28, 109
28, 110
28, 366
28, 238
28, 239
28, 367
28, 111
28, 112
28, 368
28, 240
28, 241
28, 369
28, 113
28, 114
28, 370
28, 242
28, 243
28, 371
28, 115
28, 116
28, 372
28, 244
28, 245
28, 373
28, 117
28, 118
28, 374
28, 246
28, 247
28, 375
28, 119
28, 120
28, 376
28, 248
28, 249
28, 377
28, 121
28, 122
28, 378
28, 250
28, 251
28, 379
28, 123
28, 124
28, 380
28, 252
28, 253
28, 381
28, 125
28, 126
28, 382
28, 254
28, 255
28, 383
28, 127
156, 384
156, 256
156, 257
156, 385
156, 258
156, 386
156, 259
156, 387
156, 388
156, 260
156, 261
156, 389
156, 390
156, 262
156, 263
156, 391
156, 392
156, 264
156, 265
156, 393
156, 394
156, 266
156, 267
156, 395
156, 396
156, 268
156, 269
156, 397
156, 398
156, 270
156, 271
156, 399
156, 400
156, 272
156, 273
156, 401
156, 402
156, 274
156, 275
156, 403
156, 404
156, 276
156, 277
156, 405
156, 406
156, 278
156, 279
156, 407
156, 408
156, 280
156, 281
156, 409
156, 410
156, 282
156, 283
156, 411
156, 412
156, 284
156, 157
156, 285
156, 413
156, 158
156, 414
156, 286
156, 159
156, 287
156, 415
156, 160
156, 416
156, 288
156, 161
156, 289
156, 417
156, 162
156, 418
156, 290
156, 163
156, 291
156, 419
156, 164
156, 420
156, 292
156, 165
156, 293
156, 421
156, 166
156, 422
156, 294
156, 167
156, 295
156, 423
156, 168
156, 424
156, 296
156, 169
156, 297
156, 425
156, 170
156, 426
156, 298
156, 171
156, 299
156, 427
156, 172
156, 428
156, 300
156, 173
156, 301
156, 429
156, 174
156, 430
156, 302
156, 175
156, 303
156, 431
156, 176
156, 432
156, 304
156, 177
156, 305
156, 433
156, 178
156, 434
156, 306
156, 179
156, 307
156, 435
156, 180
156, 436
156, 308
156, 181
156, 309
156, 437
156, 182
156, 438
156, 310
156, 183
156, 311
156, 439
156, 184
156, 440
156, 312
156, 185
156, 313
156, 441
156, 186
156, 442
156, 314
156, 187
156, 315
156, 443
156, 188
156, 444
156, 316
156, 189
156, 317
156, 445
156, 190
156, 446
156, 318
156, 191
156, 319
156, 447
156, 448
156, 320
156, 192
156, 193
156, 449
156, 321
156, 450
156, 322
156, 194
156, 195
156, 323
156, 324
156, 196
156, 197
156, 325
156, 326
156, 198
156, 199
156, 327
156, 328
156, 200
156, 201
156, 329
156, 330
156, 202
156, 203
156, 331
156, 332
156, 204
156, 205
156, 333
156, 334
156, 206
156, 207
156, 335
156, 336
156, 208
156, 209
156, 337
156, 338
156, 210
156, 211
156, 339
156, 340
156, 212
156, 213
156, 341
156, 342
156, 214
156, 215
156, 343
156, 344
156, 216
156, 217
156, 345
156, 346
156, 218
156, 219
156, 347
156, 348
156, 220
156, 221
156, 349
156, 350
156, 222
156, 223
156, 351
156, 352
156, 224
156, 225
156, 353
156, 354
156, 226
156, 227
156, 355
156, 356
156, 228
156, 229
156, 357
156, 358
156, 230
156, 231
156, 359
156, 360
156, 232
156, 233
156, 361
156, 362
156, 234
156, 235
156, 363
156, 364
156, 236
156, 237
156, 365
156, 366
156, 238
156, 239
156, 367
156, 368
156, 240
156, 241
156, 369
156, 370
156, 242
156, 243
156, 371
156, 372
156, 244
156, 245
156, 373
156, 374
156, 246
156, 247
156, 375
156, 376
156, 248
156, 249
156, 377
156, 378
156, 250
156, 251
156, 379
156, 380
156, 252
156, 253
156, 381
156, 382
156, 254
156, 255
156, 383
413, 448
413, 449
413, 450
413, 414
413, 415
413, 416
413, 417
413, 418
413, 419
413, 420
413, 421
413, 422
413, 423
413, 424
413, 425
413, 426
413, 427
413, 428
413, 429
413, 430
413, 431
413, 432
413, 433
413, 434
413, 435
413, 436
413, 437
413, 438
413, 439
413, 440
413, 441
413, 442
413, 443
413, 444
413, 445
413, 446
413, 447
285, 320
285, 384
285, 448
285, 321
285, 385
285, 449
285, 450
285, 322
285, 386
285, 323
285, 387
285, 324
285, 388
285, 325
285, 389
285, 390
285, 326
285, 327
285, 391
285, 392
285, 328
285, 329
285, 393
285, 394
285, 330
285, 331
285, 395
285, 396
285, 332
285, 333
285, 397
285, 398
285, 334
285, 335
285, 399
285, 400
285, 336
285, 337
285, 401
285, 402
285, 338
285, 339
285, 403
285, 404
285, 340
285, 341
285, 405
285, 406
285, 342
285, 343
285, 407
285, 408
285, 344
285, 345
285, 409
285, 410
285, 346
285, 347
285, 411
285, 412
285, 348
285, 349
285, 413
285, 414
285, 350
285, 286
285, 287
285, 351
285, 415
285, 416
285, 352
285, 288
285, 289
285, 353
285, 417
285, 418
285, 354
285, 290
285, 291
285, 355
285, 419
285, 420
285, 356
285, 292
285, 293
285, 357
285, 421
285, 422
285, 358
285, 294
285, 295
285, 359
285, 423
285, 424
285, 360
285, 296
285, 297
285, 361
285, 425
285, 426
285, 362
285, 298
285, 299
285, 363
285, 427
285, 428
285, 364
285, 300
285, 301
285, 365
285, 429
285, 430
285, 366
285, 302
285, 303
285, 367
285, 431
285, 432
285, 368
285, 304
285, 305
285, 369
285, 433
285, 434
285, 370
285, 306
285, 307
285, 371
285, 435
285, 436
285, 372
285, 308
285, 309
285, 373
285, 437
285, 438
285, 374
285, 310
285, 311
285, 375
285, 439
285, 440
285, 376
285, 312
285, 313
285, 377
285, 441
285, 442
285, 378
285, 314
285, 315
285, 379
285, 443
285, 444
285, 380
285, 316
285, 317
285, 381
285, 445
285, 446
285, 382
285, 318
285, 319
285, 383
285, 447
29, 256
29, 384
29, 128
29, 129
29, 385
29, 257
29, 386
29, 258
29, 130
29, 387
29, 259
29, 131
29, 132
29, 388
29, 260
29, 133
29, 261
29, 389
29, 134
29, 390
29, 262
29, 135
29, 263
29, 391
29, 136
29, 392
29, 264
29, 137
29, 265
29, 393
29, 138
29, 394
29, 266
29, 139
29, 267
29, 395
29, 140
29, 396
29, 268
29, 141
29, 269
29, 397
29, 142
29, 398
29, 270
29, 143
29, 271
29, 399
29, 144
29, 400
29, 272
29, 145
29, 273
29, 401
29, 146
29, 402
29, 274
29, 147
29, 275
29, 403
29, 148
29, 404
29, 276
29, 149
29, 277
29, 405
29, 150
29, 406
29, 278
29, 151
29, 279
29, 407
29, 152
29, 408
29, 280
29, 153
29, 281
29, 409
29, 154
29, 410
29, 282
29, 155
29, 283
29, 411
29, 156
29, 412
29, 284
29, 157
29, 285
29, 413
29, 30
29, 158
29, 414
29, 286
29, 31
29, 159
29, 287
29, 415
29, 32
29, 160
29, 416
29, 288
29, 33
29, 161
29, 289
29, 417
29, 34
29, 162
29, 418
29, 290
29, 35
29, 163
29, 291
29, 419
29, 36
29, 164
29, 420
29, 292
29, 37
29, 165
29, 293
29, 421
29, 38
29, 166
29, 422
29, 294
29, 39
29, 167
29, 295
29, 423
29, 40
29, 168
29, 424
29, 296
29, 41
29, 169
29, 297
29, 425
29, 42
29, 170
29, 426
29, 298
29, 43
29, 171
29, 299
29, 427
29, 44
29, 172
29, 428
29, 300
29, 45
29, 173
29, 301
29, 429
29, 46
29, 174
29, 430
29, 302
29, 47
29, 175
29, 303
29, 431
29, 48
29, 176
29, 432
29, 304
29, 49
29, 177
29, 305
29, 433
29, 50
29, 178
29, 434
29, 306
29, 51
29, 179
29, 307
29, 435
29, 52
29, 180
29, 436
29, 308
29, 53
29, 181
29, 309
29, 437
29, 54
29, 182
29, 438
29, 310
29, 55
29, 183
29, 311
29, 439
29, 56
29, 184
29, 440
29, 312
29, 57
29, 185
29, 313
29, 441
29, 58
29, 186
29, 442
29, 314
29, 59
29, 187
29, 315
29, 443
29, 60
29, 188
29, 444
29, 316
29, 61
29, 189
29, 317
29, 445
29, 62
29, 190
29, 446
29, 318
29, 63
29, 191
29, 319
29, 447
29, 448
29, 320
29, 192
29, 64
29, 65
29, 321
29, 449
29, 193
29, 194
29, 322
29, 450
29, 66
29, 67
29, 323
29, 195
29, 196
29, 324
29, 68
29, 69
29, 325
29, 197
29, 198
29, 326
29, 70
29, 71
29, 327
29, 199
29, 200
29, 328
29, 72
29, 73
29, 329
29, 201
29, 202
29, 330
29, 74
29, 75
29, 331
29, 203
29, 204
29, 332
29, 76
29, 77
29, 333
29, 205
29, 206
29, 334
29, 78
29, 79
29, 335
29, 207
29, 208
29, 336
29, 80
29, 81
29, 337
29, 209
29, 210
29, 338
29, 82
29, 83
29, 339
29, 211
29, 212
29, 340
29, 84
29, 85
29, 341
29, 213
29, 214
29, 342
29, 86
29, 87
29, 343
29, 215
29, 216
29, 344
29, 88
29, 89
29, 345
29, 217
29, 218
29, 346
29, 90
29, 91
29, 347
29, 219
29, 220
29, 348
29, 92
29, 93
29, 349
29, 221
29, 222
29, 350
29, 94
29, 95
29, 351
29, 223
29, 224
29, 352
29, 96
29, 97
29, 353
29, 225
29, 226
29, 354
29, 98
29, 99
29, 355
29, 227
29, 228
29, 356
29, 100
29, 101
29, 357
29, 229
29, 230
29, 358
29, 102
29, 103
29, 359
29, 231
29, 232
29, 360
29, 104
29, 105
29, 361
29, 233
29, 234
29, 362
29, 106
29, 107
29, 363
29, 235
29, 236
29, 364
29, 108
29, 109
29, 365
29, 237
29, 238
29, 366
29, 110
29, 111
29, 367
29, 239
29, 240
29, 368
29, 112
29, 113
29, 369
29, 241
29, 242
29, 370
29, 114
29, 115
29, 371
29, 243
29, 244
29, 372
29, 116
29, 117
29, 373
29, 245
29, 246
29, 374
29, 118
29, 119
29, 375
29, 247
29, 248
29, 376
29, 120
29, 121
29, 377
29, 249
29, 250
29, 378
29, 122
29, 123
29, 379
29, 251
29, 252
29, 380
29, 124
29, 125
29, 381
29, 253
29, 254
29, 382
29, 126
29, 127
29, 383
29, 255
157, 256
157, 384
157, 385
157, 257
157, 386
157, 258
157, 387
157, 259
157, 388
157, 260
157, 261
157, 389
157, 390
157, 262
157, 263
157, 391
157, 392
157, 264
157, 265
157, 393
157, 394
157, 266
157, 267
157, 395
157, 396
157, 268
157, 269
157, 397
157, 398
157, 270
157, 271
157, 399
157, 400
157, 272
157, 273
157, 401
157, 402
157, 274
157, 275
157, 403
157, 404
157, 276
157, 277
157, 405
157, 406
157, 278
157, 279
157, 407
157, 408
157, 280
157, 281
157, 409
157, 410
157, 282
157, 283
157, 411
157, 412
157, 284
157, 285
157, 413
157, 158
157, 414
157, 286
157, 159
157, 287
157, 415
157, 160
157, 416
157, 288
157, 161
157, 289
157, 417
157, 162
157, 418
157, 290
157, 163
157, 291
157, 419
157, 164
157, 420
157, 292
157, 165
157, 293
157, 421
157, 166
157, 422
157, 294
157, 167
157, 295
157, 423
157, 168
157, 424
157, 296
157, 169
157, 297
157, 425
157, 170
157, 426
157, 298
157, 171
157, 299
157, 427
157, 172
157, 428
157, 300
157, 173
157, 301
157, 429
157, 174
157, 430
157, 302
157, 175
157, 303
157, 431
157, 176
157, 432
157, 304
157, 177
157, 305
157, 433
157, 178
157, 434
157, 306
157, 179
157, 307
157, 435
157, 180
157, 436
157, 308
157, 181
157, 309
157, 437
157, 182
157, 438
157, 310
157, 183
157, 311
157, 439
157, 184
157, 440
157, 312
157, 185
157, 313
157, 441
157, 186
157, 442
157, 314
157, 187
157, 315
157, 443
157, 188
157, 444
157, 316
157, 189
157, 317
157, 445
157, 190
157, 446
157, 318
157, 191
157, 319
157, 447
157, 448
157, 320
157, 192
157, 321
157, 449
157, 193
157, 194
157, 322
157, 450
157, 323
157, 195
157, 196
157, 324
157, 325
157, 197
157, 198
157, 326
157, 327
157, 199
157, 200
157, 328
157, 329
157, 201
157, 202
157, 330
157, 331
157, 203
157, 204
157, 332
157, 333
157, 205
157, 206
157, 334
157, 335
157, 207
157, 208
157, 336
157, 337
157, 209
157, 210
157, 338
157, 339
157, 211
157, 212
157, 340
157, 341
157, 213
157, 214
157, 342
157, 343
157, 215
157, 216
157, 344
157, 345
157, 217
157, 218
157, 346
157, 347
157, 219
157, 220
157, 348
157, 349
157, 221
157, 222
157, 350
157, 351
157, 223
157, 224
157, 352
157, 353
157, 225
157, 226
157, 354
157, 355
157, 227
157, 228
157, 356
157, 357
157, 229
157, 230
157, 358
157, 359
157, 231
157, 232
157, 360
157, 361
157, 233
157, 234
157, 362
157, 363
157, 235
157, 236
157, 364
157, 365
157, 237
157, 238
157, 366
157, 367
157, 239
157, 240
157, 368
157, 369
157, 241
157, 242
157, 370
157, 371
157, 243
157, 244
157, 372
157, 373
157, 245
157, 246
157, 374
157, 375
157, 247
157, 248
157, 376
157, 377
157, 249
157, 250
157, 378
157, 379
157, 251
157, 252
157, 380
157, 381
157, 253
157, 254
157, 382
157, 383
157, 255
414, 448
414, 449
414, 450
414, 415
414, 416
414, 417
414, 418
414, 419
414, 420
414, 421
414, 422
414, 423
414, 424
414, 425
414, 426
414, 427
414, 428
414, 429
414, 430
414, 431
414, 432
414, 433
414, 434
414, 435
414, 436
414, 437
414, 438
414, 439
414, 440
414, 441
414, 442
414, 443
414, 444
414, 445
414, 446
414, 447
286, 320
286, 384
286, 448
286, 321
286, 385
286, 449
286, 322
286, 386
286, 450
286, 387
286, 323
286, 388
286, 324
286, 389
286, 325
286, 326
286, 390
286, 391
286, 327
286, 328
286, 392
286, 393
286, 329
286, 330
286, 394
286, 395
286, 331
286, 332
286, 396
286, 397
286, 333
286, 334
286, 398
286, 399
286, 335
286, 336
286, 400
286, 401
286, 337
286, 338
286, 402
286, 403
286, 339
286, 340
286, 404
286, 405
286, 341
286, 342
286, 406
286, 407
286, 343
286, 344
286, 408
286, 409
286, 345
286, 346
286, 410
286, 411
286, 347
286, 348
286, 412
286, 413
286, 349
286, 350
286, 414
286, 415
286, 351
286, 287
286, 288
286, 352
286, 416
286, 417
286, 353
286, 289
286, 290
286, 354
286, 418
286, 419
286, 355
286, 291
286, 292
286, 356
286, 420
286, 421
286, 357
286, 293
286, 294
286, 358
286, 422
286, 423
286, 359
286, 295
286, 296
286, 360
286, 424
286, 425
286, 361
286, 297
286, 298
286, 362
286, 426
286, 427
286, 363
286, 299
286, 300
286, 364
286, 428
286, 429
286, 365
286, 301
286, 302
286, 366
286, 430
286, 431
286, 367
286, 303
286, 304
286, 368
286, 432
286, 433
286, 369
286, 305
286, 306
286, 370
286, 434
286, 435
286, 371
286, 307
286, 308
286, 372
286, 436
286, 437
286, 373
286, 309
286, 310
286, 374
286, 438
286, 439
286, 375
286, 311
286, 312
286, 376
286, 440
286, 441
286, 377
286, 313
286, 314
286, 378
286, 442
286, 443
286, 379
286, 315
286, 316
286, 380
286, 444
286, 445
286, 381
286, 317
286, 318
286, 382
286, 446
286, 447
286, 383
286, 319
30, 128
30, 384
30, 256
30, 257
30, 385
30, 129
30, 258
30, 386
30, 130
30, 387
30, 259
30, 131
30, 132
30, 388
30, 260
30, 133
30, 261
30, 389
30, 134
30, 390
30, 262
30, 135
30, 263
30, 391
30, 136
30, 392
30, 264
30, 137
30, 265
30, 393
30, 138
30, 394
30, 266
30, 139
30, 267
30, 395
30, 140
30, 396
30, 268
30, 141
30, 269
30, 397
30, 142
30, 398
30, 270
30, 143
30, 271
30, 399
30, 144
30, 400
30, 272
30, 145
30, 273
30, 401
30, 146
30, 402
30, 274
30, 147
30, 275
30, 403
30, 148
30, 404
30, 276
30, 149
30, 277
30, 405
30, 150
30, 406
30, 278
30, 151
30, 279
30, 407
30, 152
30, 408
30, 280
30, 153
30, 281
30, 409
30, 154
30, 410
30, 282
30, 155
30, 283
30, 411
30, 156
30, 412
30, 284
30, 157
30, 285
30, 413
30, 158
30, 414
30, 286
30, 31
30, 159
30, 287
30, 415
30, 32
30, 160
30, 416
30, 288
30, 33
30, 161
30, 289
30, 417
30, 34
30, 162
30, 418
30, 290
30, 35
30, 163
30, 291
30, 419
30, 36
30, 164
30, 420
30, 292
30, 37
30, 165
30, 293
30, 421
30, 38
30, 166
30, 422
30, 294
30, 39
30, 167
30, 295
30, 423
30, 40
30, 168
30, 424
30, 296
30, 41
30, 169
30, 297
30, 425
30, 42
30, 170
30, 426
30, 298
30, 43
30, 171
30, 299
30, 427
30, 44
30, 172
30, 428
30, 300
30, 45
30, 173
30, 301
30, 429
30, 46
30, 174
30, 430
30, 302
30, 47
30, 175
30, 303
30, 431
30, 48
30, 176
30, 432
30, 304
30, 49
30, 177
30, 305
30, 433
30, 50
30, 178
30, 434
30, 306
30, 51
30, 179
30, 307
30, 435
30, 52
30, 180
30, 436
30, 308
30, 53
30, 181
30, 309
30, 437
30, 54
30, 182
30, 438
30, 310
30, 55
30, 183
30, 311
30, 439
30, 56
30, 184
30, 440
30, 312
30, 57
30, 185
30, 313
30, 441
30, 58
30, 186
30, 442
30, 314
30, 59
30, 187
30, 315
30, 443
30, 60
30, 188
30, 444
30, 316
30, 61
30, 189
30, 317
30, 445
30, 62
30, 190
30, 446
30, 318
30, 63
30, 191
30, 319
30, 447
30, 192
30, 64
30, 320
30, 448
30, 193
30, 449
30, 321
30, 65
30, 66
30, 450
30, 322
30, 194
30, 195
30, 323
30, 67
30, 68
30, 324
30, 196
30, 197
30, 325
30, 69
30, 70
30, 326
30, 198
30, 199
30, 327
30, 71
30, 72
30, 328
30, 200
30, 201
30, 329
30, 73
30, 74
30, 330
30, 202
30, 203
30, 331
30, 75
30, 76
30, 332
30, 204
30, 205
30, 333
30, 77
30, 78
30, 334
30, 206
30, 207
30, 335
30, 79
30, 80
30, 336
30, 208
30, 209
30, 337
30, 81
30, 82
30, 338
30, 210
30, 211
30, 339
30, 83
30, 84
30, 340
30, 212
30, 213
30, 341
30, 85
30, 86
30, 342
30, 214
30, 215
30, 343
30, 87
30, 88
30, 344
30, 216
30, 217
30, 345
30, 89
30, 90
30, 346
30, 218
30, 219
30, 347
30, 91
30, 92
30, 348
30, 220
30, 221
30, 349
30, 93
30, 94
30, 350
30, 222
30, 223
30, 351
30, 95
30, 96
30, 352
30, 224
30, 225
30, 353
30, 97
30, 98
30, 354
30, 226
30, 227
30, 355
30, 99
30, 100
30, 356
30, 228
30, 229
30, 357
30, 101
30, 102
30, 358
30, 230
30, 231
30, 359
30, 103
30, 104
30, 360
30, 232
30, 233
30, 361
30, 105
30, 106
30, 362
30, 234
30, 235
30, 363
30, 107
30, 108
30, 364
30, 236
30, 237
30, 365
30, 109
30, 110
30, 366
30, 238
30, 239
30, 367
30, 111
30, 112
30, 368
30, 240
30, 241
30, 369
30, 113
30, 114
30, 370
30, 242
30, 243
30, 371
30, 115
30, 116
30, 372
30, 244
30, 245
30, 373
30, 117
30, 118
30, 374
30, 246
30, 247
30, 375
30, 119
30, 120
30, 376
30, 248
30, 249
30, 377
30, 121
30, 122
30, 378
30, 250
30, 251
30, 379
30, 123
30, 124
30, 380
30, 252
30, 253
30, 381
30, 125
30, 126
30, 382
30, 254
30, 255
30, 383
30, 127
158, 384
158, 256
158, 257
158, 385
158, 258
158, 386
158, 259
158, 387
158, 388
158, 260
158, 261
158, 389
158, 390
158, 262
158, 263
158, 391
158, 392
158, 264
158, 265
158, 393
158, 394
158, 266
158, 267
158, 395
158, 396
158, 268
158, 269
158, 397
158, 398
158, 270
158, 271
158, 399
158, 400
158, 272
158, 273
158, 401
158, 402
158, 274
158, 275
158, 403
158, 404
158, 276
158, 277
158, 405
158, 406
158, 278
158, 279
158, 407
158, 408
158, 280
158, 281
158, 409
158, 410
158, 282
158, 283
158, 411
158, 412
158, 284
158, 285
158, 413
158, 414
158, 286
158, 159
158, 287
158, 415
158, 160
158, 416
158, 288
158, 161
158, 289
158, 417
158, 162
158, 418
158, 290
158, 163
158, 291
158, 419
158, 164
158, 420
158, 292
158, 165
158, 293
158, 421
158, 166
158, 422
158, 294
158, 167
158, 295
158, 423
158, 168
158, 424
158, 296
158, 169
158, 297
158, 425
158, 170
158, 426
158, 298
158, 171
158, 299
158, 427
158, 172
158, 428
158, 300
158, 173
158, 301
158, 429
158, 174
158, 430
158, 302
158, 175
158, 303
158, 431
158, 176
158, 432
158, 304
158, 177
158, 305
158, 433
158, 178
158, 434
158, 306
158, 179
158, 307
158, 435
158, 180
158, 436
158, 308
158, 181
158, 309
158, 437
158, 182
158, 438
158, 310
158, 183
158, 311
158, 439
158, 184
158, 440
158, 312
158, 185
158, 313
158, 441
158, 186
158, 442
158, 314
158, 187
158, 315
158, 443
158, 188
158, 444
158, 316
158, 189
158, 317
158, 445
158, 190
158, 446
158, 318
158, 191
158, 319
158, 447
158, 448
158, 320
158, 192
158, 193
158, 449
158, 321
158, 450
158, 322
158, 194
158, 195
158, 323
158, 324
158, 196
158, 197
158, 325
158, 326
158, 198
158, 199
158, 327
158, 328
158, 200
158, 201
158, 329
158, 330
158, 202
158, 203
158, 331
158, 332
158, 204
158, 205
158, 333
158, 334
158, 206
158, 207
158, 335
158, 336
158, 208
158, 209
158, 337
158, 338
158, 210
158, 211
158, 339
158, 340
158, 212
158, 213
158, 341
158, 342
158, 214
158, 215
158, 343
158, 344
158, 216
158, 217
158, 345
158, 346
158, 218
158, 219
158, 347
158, 348
158, 220
158, 221
158, 349
158, 350
158, 222
158, 223
158, 351
158, 352
158, 224
158, 225
158, 353
158, 354
158, 226
158, 227
158, 355
158, 356
158, 228
158, 229
158, 357
158, 358
158, 230
158, 231
158, 359
158, 360
158, 232
158, 233
158, 361
158, 362
158, 234
158, 235
158, 363
158, 364
158, 236
158, 237
158, 365
158, 366
158, 238
158, 239
158, 367
158, 368
158, 240
158, 241
158, 369
158, 370
158, 242
158, 243
158, 371
158, 372
158, 244
158, 245
158, 373
158, 374
158, 246
158, 247
158, 375
158, 376
158, 248
158, 249
158, 377
158, 378
158, 250
158, 251
158, 379
158, 380
158, 252
158, 253
158, 381
158, 382
158, 254
158, 255
158, 383
415, 448
415, 449
415, 450
415, 416
415, 417
415, 418
415, 419
415, 420
415, 421
415, 422
415, 423
415, 424
415, 425
415, 426
415, 427
415, 428
415, 429
415, 430
415, 431
415, 432
415, 433
415, 434
415, 435
415, 436
415, 437
415, 438
415, 439
415, 440
415, 441
415, 442
415, 443
415, 444
415, 445
415, 446
415, 447
287, 320
287, 384
287, 448
287, 321
287, 385
287, 449
287, 386
287, 450
287, 322
287, 323
287, 387
287, 324
287, 388
287, 325
287, 389
287, 390
287, 326
287, 327
287, 391
287, 392
287, 328
287, 329
287, 393
287, 394
287, 330
287, 331
287, 395
287, 396
287, 332
287, 333
287, 397
287, 398
287, 334
287, 335
287, 399
287, 400
287, 336
287, 337
287, 401
287, 402
287, 338
287, 339
287, 403
287, 404
287, 340
287, 341
287, 405
287, 406
287, 342
287, 343
287, 407
287, 408
287, 344
287, 345
287, 409
287, 410
287, 346
287, 347
287, 411
287, 412
287, 348
287, 349
287, 413
287, 414
287, 350
287, 351
287, 415
287, 416
287, 352
287, 288
287, 289
287, 353
287, 417
287, 418
287, 354
287, 290
287, 291
287, 355
287, 419
287, 420
287, 356
287, 292
287, 293
287, 357
287, 421
287, 422
287, 358
287, 294
287, 295
287, 359
287, 423
287, 424
287, 360
287, 296
287, 297
287, 361
287, 425
287, 426
287, 362
287, 298
287, 299
287, 363
287, 427
287, 428
287, 364
287, 300
287, 301
287, 365
287, 429
287, 430
287, 366
287, 302
287, 303
287, 367
287, 431
287, 432
287, 368
287, 304
287, 305
287, 369
287, 433
287, 434
287, 370
287, 306
287, 307
287, 371
287, 435
287, 436
287, 372
287, 308
287, 309
287, 373
287, 437
287, 438
287, 374
287, 310
287, 311
287, 375
287, 439
287, 440
287, 376
287, 312
287, 313
287, 377
287, 441
287, 442
287, 378
287, 314
287, 315
287, 379
287, 443
287, 444
287, 380
287, 316
287, 317
287, 381
287, 445
287, 446
287, 382
287, 318
287, 319
287, 383
287, 447
31, 256
31, 384
31, 128
31, 129
31, 385
31, 257
31, 386
31, 258
31, 130
31, 387
31, 259
31, 131
31, 132
31, 388
31, 260
31, 133
31, 261
31, 389
31, 134
31, 390
31, 262
31, 135
31, 263
31, 391
31, 136
31, 392
31, 264
31, 137
31, 265
31, 393
31, 138
31, 394
31, 266
31, 139
31, 267
31, 395
31, 140
31, 396
31, 268
31, 141
31, 269
31, 397
31, 142
31, 398
31, 270
31, 143
31, 271
31, 399
31, 144
31, 400
31, 272
31, 145
31, 273
31, 401
31, 146
31, 402
31, 274
31, 147
31, 275
31, 403
31, 148
31, 404
31, 276
31, 149
31, 277
31, 405
31, 150
31, 406
31, 278
31, 151
31, 279
31, 407
31, 152
31, 408
31, 280
31, 153
31, 281
31, 409
31, 154
31, 410
31, 282
31, 155
31, 283
31, 411
31, 156
31, 412
31, 284
31, 157
31, 285
31, 413
31, 158
31, 414
31, 286
31, 159
31, 287
31, 415
31, 32
31, 160
31, 416
31, 288
31, 33
31, 161
31, 289
31, 417
31, 34
31, 162
31, 418
31, 290
31, 35
31, 163
31, 291
31, 419
31, 36
31, 164
31, 420
31, 292
31, 37
31, 165
31, 293
31, 421
31, 38
31, 166
31, 422
31, 294
31, 39
31, 167
31, 295
31, 423
31, 40
31, 168
31, 424
31, 296
31, 41
31, 169
31, 297
31, 425
31, 42
31, 170
31, 426
31, 298
31, 43
31, 171
31, 299
31, 427
31, 44
31, 172
31, 428
31, 300
31, 45
31, 173
31, 301
31, 429
31, 46
31, 174
31, 430
31, 302
31, 47
31, 175
31, 303
31, 431
31, 48
31, 176
31, 432
31, 304
31, 49
31, 177
31, 305
31, 433
31, 50
31, 178
31, 434
31, 306
31, 51
31, 179
31, 307
31, 435
31, 52
31, 180
31, 436
31, 308
31, 53
31, 181
31, 309
31, 437
31, 54
31, 182
31, 438
31, 310
31, 55
31, 183
31, 311
31, 439
31, 56
31, 184
31, 440
31, 312
31, 57
31, 185
31, 313
31, 441
31, 58
31, 186
31, 442
31, 314
31, 59
31, 187
31, 315
31, 443
31, 60
31, 188
31, 444
31, 316
31, 61
31, 189
31, 317
31, 445
31, 62
31, 190
31, 446
31, 318
31, 63
31, 191
31, 319
31, 447
31, 320
31, 448
31, 64
31, 192
31, 65
31, 321
31, 449
31, 193
31, 194
31, 322
31, 450
31, 66
31, 67
31, 323
31, 195
31, 196
31, 324
31, 68
31, 69
31, 325
31, 197
31, 198
31, 326
31, 70
31, 71
31, 327
31, 199
31, 200
31, 328
31, 72
31, 73
31, 329
31, 201
31, 202
31, 330
31, 74
31, 75
31, 331
31, 203
31, 204
31, 332
31, 76
31, 77
31, 333
31, 205
31, 206
31, 334
31, 78
31, 79
31, 335
31, 207
31, 208
31, 336
31, 80
31, 81
31, 337
31, 209
31, 210
31, 338
31, 82
31, 83
31, 339
31, 211
31, 212
31, 340
31, 84
31, 85
31, 341
31, 213
31, 214
31, 342
31, 86
31, 87
31, 343
31, 215
31, 216
31, 344
31, 88
31, 89
31, 345
31, 217
31, 218
31, 346
31, 90
31, 91
31, 347
31, 219
31, 220
31, 348
31, 92
31, 93
31, 349
31, 221
31, 222
31, 350
31, 94
31, 95
31, 351
31, 223
31, 224
31, 352
31, 96
31, 97
31, 353
31, 225
31, 226
31, 354
31, 98
31, 99
31, 355
31, 227
31, 228
31, 356
31, 100
31, 101
31, 357
31, 229
31, 230
31, 358
31, 102
31, 103
31, 359
31, 231
31, 232
31, 360
31, 104
31, 105
31, 361
31, 233
31, 234
31, 362
31, 106
31, 107
31, 363
31, 235
31, 236
31, 364
31, 108
31, 109
31, 365
31, 237
31, 238
31, 366
31, 110
31, 111
31, 367
31, 239
31, 240
31, 368
31, 112
31, 113
31, 369
31, 241
31, 242
31, 370
31, 114
31, 115
31, 371
31, 243
31, 244
31, 372
31, 116
31, 117
31, 373
31, 245
31, 246
31, 374
31, 118
31, 119
31, 375
31, 247
31, 248
31, 376
31, 120
31, 121
31, 377
31, 249
31, 250
31, 378
31, 122
31, 123
31, 379
31, 251
31, 252
31, 380
31, 124
31, 125
31, 381
31, 253
31, 254
31, 382
31, 126
31, 127
31, 383
31, 255
159, 256
159, 384
159, 385
159, 257
159, 386
159, 258
159, 387
159, 259
159, 388
159, 260
159, 261
159, 389
159, 390
159, 262
159, 263
159, 391
159, 392
159, 264
159, 265
159, 393
159, 394
159, 266
159, 267
159, 395
159, 396
159, 268
159, 269
159, 397
159, 398
159, 270
159, 271
159, 399
159, 400
159, 272
159, 273
159, 401
159, 402
159, 274
159, 275
159, 403
159, 404
159, 276
159, 277
159, 405
159, 406
159, 278
159, 279
159, 407
159, 408
159, 280
159, 281
159, 409
159, 410
159, 282
159, 283
159, 411
159, 412
159, 284
159, 285
159, 413
159, 414
159, 286
159, 287
159, 415
159, 160
159, 416
159, 288
159, 161
159, 289
159, 417
159, 162
159, 418
159, 290
159, 163
159, 291
159, 419
159, 164
159, 420
159, 292
159, 165
159, 293
159, 421
159, 166
159, 422
159, 294
159, 167
159, 295
159, 423
159, 168
159, 424
159, 296
159, 169
159, 297
159, 425
159, 170
159, 426
159, 298
159, 171
159, 299
159, 427
159, 172
159, 428
159, 300
159, 173
159, 301
159, 429
159, 174
159, 430
159, 302
159, 175
159, 303
159, 431
159, 176
159, 432
159, 304
159, 177
159, 305
159, 433
159, 178
159, 434
159, 306
159, 179
159, 307
159, 435
159, 180
159, 436
159, 308
159, 181
159, 309
159, 437
159, 182
159, 438
159, 310
159, 183
159, 311
159, 439
159, 184
159, 440
159, 312
159, 185
159, 313
159, 441
159, 186
159, 442
159, 314
159, 187
159, 315
159, 443
159, 188
159, 444
159, 316
159, 189
159, 317
159, 445
159, 190
159, 446
159, 318
159, 191
159, 319
159, 447
159, 448
159, 320
159, 192
159, 321
159, 449
159, 193
159, 194
159, 322
159, 450
159, 323
159, 195
159, 196
159, 324
159, 325
159, 197
159, 198
159, 326
159, 327
159, 199
159, 200
159, 328
159, 329
159, 201
159, 202
159, 330
159, 331
159, 203
159, 204
159, 332
159, 333
159, 205
159, 206
159, 334
159, 335
159, 207
159, 208
159, 336
159, 337
159, 209
159, 210
159, 338
159, 339
159, 211
159, 212
159, 340
159, 341
159, 213
159, 214
159, 342
159, 343
159, 215
159, 216
159, 344
159, 345
159, 217
159, 218
159, 346
159, 347
159, 219
159, 220
159, 348
159, 349
159, 221
159, 222
159, 350
159, 351
159, 223
159, 224
159, 352
159, 353
159, 225
159, 226
159, 354
159, 355
159, 227
159, 228
159, 356
159, 357
159, 229
159, 230
159, 358
159, 359
159, 231
159, 232
159, 360
159, 361
159, 233
159, 234
159, 362
159, 363
159, 235
159, 236
159, 364
159, 365
159, 237
159, 238
159, 366
159, 367
159, 239
159, 240
159, 368
159, 369
159, 241
159, 242
159, 370
159, 371
159, 243
159, 244
159, 372
159, 373
159, 245
159, 246
159, 374
159, 375
159, 247
159, 248
159, 376
159, 377
159, 249
159, 250
159, 378
159, 379
159, 251
159, 252
159, 380
159, 381
159, 253
159, 254
159, 382
159, 383
159, 255
416, 448
416, 449
416, 450
416, 417
416, 418
416, 419
416, 420
416, 421
416, 422
416, 423
416, 424
416, 425
416, 426
416, 427
416, 428
416, 429
416, 430
416, 431
416, 432
416, 433
416, 434
416, 435
416, 436
416, 437
416, 438
416, 439
416, 440
416, 441
416, 442
416, 443
416, 444
416, 445
416, 446
416, 447
288, 320
288, 384
288, 448
288, 321
288, 385
288, 449
288, 450
288, 322
288, 386
288, 387
288, 323
288, 388
288, 324
288, 389
288, 325
288, 326
288, 390
288, 391
288, 327
288, 328
288, 392
288, 393
288, 329
288, 330
288, 394
288, 395
288, 331
288, 332
288, 396
288, 397
288, 333
288, 334
288, 398
288, 399
288, 335
288, 336
288, 400
288, 401
288, 337
288, 338
288, 402
288, 403
288, 339
288, 340
288, 404
288, 405
288, 341
288, 342
288, 406
288, 407
288, 343
288, 344
288, 408
288, 409
288, 345
288, 346
288, 410
288, 411
288, 347
288, 348
288, 412
288, 413
288, 349
288, 350
288, 414
288, 415
288, 351
288, 352
288, 416
288, 417
288, 353
288, 289
288, 290
288, 354
288, 418
288, 419
288, 355
288, 291
288, 292
288, 356
288, 420
288, 421
288, 357
288, 293
288, 294
288, 358
288, 422
288, 423
288, 359
288, 295
288, 296
288, 360
288, 424
288, 425
288, 361
288, 297
288, 298
288, 362
288, 426
288, 427
288, 363
288, 299
288, 300
288, 364
288, 428
288, 429
288, 365
288, 301
288, 302
288, 366
288, 430
288, 431
288, 367
288, 303
288, 304
288, 368
288, 432
288, 433
288, 369
288, 305
288, 306
288, 370
288, 434
288, 435
288, 371
288, 307
288, 308
288, 372
288, 436
288, 437
288, 373
288, 309
288, 310
288, 374
288, 438
288, 439
288, 375
288, 311
288, 312
288, 376
288, 440
288, 441
288, 377
288, 313
288, 314
288, 378
288, 442
288, 443
288, 379
288, 315
288, 316
288, 380
288, 444
288, 445
288, 381
288, 317
288, 318
288, 382
288, 446
288, 447
288, 383
288, 319
32, 128
32, 384
32, 256
32, 257
32, 385
32, 129
32, 258
32, 386
32, 130
32, 387
32, 259
32, 131
32, 132
32, 388
32, 260
32, 133
32, 261
32, 389
32, 134
32, 390
32, 262
32, 135
32, 263
32, 391
32, 136
32, 392
32, 264
32, 137
32, 265
32, 393
32, 138
32, 394
32, 266
32, 139
32, 267
32, 395
32, 140
32, 396
32, 268
32, 141
32, 269
32, 397
32, 142
32, 398
32, 270
32, 143
32, 271
32, 399
32, 144
32, 400
32, 272
32, 145
32, 273
32, 401
32, 146
32, 402
32, 274
32, 147
32, 275
32, 403
32, 148
32, 404
32, 276
32, 149
32, 277
32, 405
32, 150
32, 406
32, 278
32, 151
32, 279
32, 407
32, 152
32, 408
32, 280
32, 153
32, 281
32, 409
32, 154
32, 410
32, 282
32, 155
32, 283
32, 411
32, 156
32, 412
32, 284
32, 157
32, 285
32, 413
32, 158
32, 414
32, 286
32, 159
32, 287
32, 415
32, 160
32, 416
32, 288
32, 33
32, 161
32, 289
32, 417
32, 34
32, 162
32, 418
32, 290
32, 35
32, 163
32, 291
32, 419
32, 36
32, 164
32, 420
32, 292
32, 37
32, 165
32, 293
32, 421
32, 38
32, 166
32, 422
32, 294
32, 39
32, 167
32, 295
32, 423
32, 40
32, 168
32, 424
32, 296
32, 41
32, 169
32, 297
32, 425
32, 42
32, 170
32, 426
32, 298
32, 43
32, 171
32, 299
32, 427
32, 44
32, 172
32, 428
32, 300
32, 45
32, 173
32, 301
32, 429
32, 46
32, 174
32, 430
32, 302
32, 47
32, 175
32, 303
32, 431
32, 48
32, 176
32, 432
32, 304
32, 49
32, 177
32, 305
32, 433
32, 50
32, 178
32, 434
32, 306
32, 51
32, 179
32, 307
32, 435
32, 52
32, 180
32, 436
32, 308
32, 53
32, 181
32, 309
32, 437
32, 54
32, 182
32, 438
32, 310
32, 55
32, 183
32, 311
32, 439
32, 56
32, 184
32, 440
32, 312
32, 57
32, 185
32, 313
32, 441
32, 58
32, 186
32, 442
32, 314
32, 59
32, 187
32, 315
32, 443
32, 60
32, 188
32, 444
32, 316
32, 61
32, 189
32, 317
32, 445
32, 62
32, 190
32, 446
32, 318
32, 63
32, 191
32, 319
32, 447
32, 64
32, 192
32, 448
32, 320
32, 193
32, 449
32, 321
32, 65
32, 66
32, 450
32, 322
32, 194
32, 195
32, 323
32, 67
32, 68
32, 324
32, 196
32, 197
32, 325
32, 69
32, 70
32, 326
32, 198
32, 199
32, 327
32, 71
32, 72
32, 328
32, 200
32, 201
32, 329
32, 73
32, 74
32, 330
32, 202
32, 203
32, 331
32, 75
32, 76
32, 332
32, 204
32, 205
32, 333
32, 77
32, 78
32, 334
32, 206
32, 207
32, 335
32, 79
32, 80
32, 336
32, 208
32, 209
32, 337
32, 81
32, 82
32, 338
32, 210
32, 211
32, 339
32, 83
32, 84
32, 340
32, 212
32, 213
32, 341
32, 85
32, 86
32, 342
32, 214
32, 215
32, 343
32, 87
32, 88
32, 344
32, 216
32, 217
32, 345
32, 89
32, 90
32, 346
32, 218
32, 219
32, 347
32, 91
32, 92
32, 348
32, 220
32, 221
32, 349
32, 93
32, 94
32, 350
32, 222
32, 223
32, 351
32, 95
32, 96
32, 352
32, 224
32, 225
32, 353
32, 97
32, 98
32, 354
32, 226
32, 227
32, 355
32, 99
32, 100
32, 356
32, 228
32, 229
32, 357
32, 101
32, 102
32, 358
32, 230
32, 231
32, 359
32, 103
32, 104
32, 360
32, 232
32, 233
32, 361
32, 105
32, 106
32, 362
32, 234
32, 235
32, 363
32, 107
32, 108
32, 364
32, 236
32, 237
32, 365
32, 109
32, 110
32, 366
32, 238
32, 239
32, 367
32, 111
32, 112
32, 368
32, 240
32, 241
32, 369
32, 113
32, 114
32, 370
32, 242
32, 243
32, 371
32, 115
32, 116
32, 372
32, 244
32, 245
32, 373
32, 117
32, 118
32, 374
32, 246
32, 247
32, 375
32, 119
32, 120
32, 376
32, 248
32, 249
32, 377
32, 121
32, 122
32, 378
32, 250
32, 251
32, 379
32, 123
32, 124
32, 380
32, 252
32, 253
32, 381
32, 125
32, 126
32, 382
32, 254
32, 255
32, 383
32, 127
160, 384
160, 256
160, 257
160, 385
160, 258
160, 386
160, 259
160, 387
160, 388
160, 260
160, 261
160, 389
160, 390
160, 262
160, 263
160, 391
160, 392
160, 264
160, 265
160, 393
160, 394
160, 266
160, 267
160, 395
160, 396
160, 268
160, 269
160, 397
160, 398
160, 270
160, 271
160, 399
160, 400
160, 272
160, 273
160, 401
160, 402
160, 274
160, 275
160, 403
160, 404
160, 276
160, 277
160, 405
160, 406
160, 278
160, 279
160, 407
160, 408
160, 280
160, 281
160, 409
160, 410
160, 282
160, 283
160, 411
160, 412
160, 284
160, 285
160, 413
160, 414
160, 286
160, 287
160, 415
160, 416
160, 288
160, 161
160, 289
160, 417
160, 162
160, 418
160, 290
160, 163
160, 291
160, 419
160, 164
160, 420
160, 292
160, 165
160, 293
160, 421
160, 166
160, 422
160, 294
160, 167
160, 295
160, 423
160, 168
160, 424
160, 296
160, 169
160, 297
160, 425
160, 170
160, 426
160, 298
160, 171
160, 299
160, 427
160, 172
160, 428
160, 300
160, 173
160, 301
160, 429
160, 174
160, 430
160, 302
160, 175
160, 303
160, 431
160, 176
160, 432
160, 304
160, 177
160, 305
160, 433
160, 178
160, 434
160, 306
160, 179
160, 307
160, 435
160, 180
160, 436
160, 308
160, 181
160, 309
160, 437
160, 182
160, 438
160, 310
160, 183
160, 311
160, 439
160, 184
160, 440
160, 312
160, 185
160, 313
160, 441
160, 186
160, 442
160, 314
160, 187
160, 315
160, 443
160, 188
160, 444
160, 316
160, 189
160, 317
160, 445
160, 190
160, 446
160, 318
160, 191
160, 319
160, 447
160, 448
160, 320
160, 192
160, 193
160, 449
160, 321
160, 450
160, 322
160, 194
160, 195
160, 323
160, 324
160, 196
160, 197
160, 325
160, 326
160, 198
160, 199
160, 327
160, 328
160, 200
160, 201
160, 329
160, 330
160, 202
160, 203
160, 331
160, 332
160, 204
160, 205
160, 333
160, 334
160, 206
160, 207
160, 335
160, 336
160, 208
160, 209
160, 337
160, 338
160, 210
160, 211
160, 339
160, 340
160, 212
160, 213
160, 341
160, 342
160, 214
160, 215
160, 343
160, 344
160, 216
160, 217
160, 345
160, 346
160, 218
160, 219
160, 347
160, 348
160, 220
160, 221
160, 349
160, 350
160, 222
160, 223
160, 351
160, 352
160, 224
160, 225
160, 353
160, 354
160, 226
160, 227
160, 355
160, 356
160, 228
160, 229
160, 357
160, 358
160, 230
160, 231
160, 359
160, 360
160, 232
160, 233
160, 361
160, 362
160, 234
160, 235
160, 363
160, 364
160, 236
160, 237
160, 365
160, 366
160, 238
160, 239
160, 367
160, 368
160, 240
160, 241
160, 369
160, 370
160, 242
160, 243
160, 371
160, 372
160, 244
160, 245
160, 373
160, 374
160, 246
160, 247
160, 375
160, 376
160, 248
160, 249
160, 377
160, 378
160, 250
160, 251
160, 379
160, 380
160, 252
160, 253
160, 381
160, 382
160, 254
160, 255
160, 383
417, 448
417, 449
417, 450
417, 418
417, 419
417, 420
417, 421
417, 422
417, 423
417, 424
417, 425
417, 426
417, 427
417, 428
417, 429
417, 430
417, 431
417, 432
417, 433
417, 434
417, 435
417, 436
417, 437
417, 438
417, 439
417, 440
417, 441
417, 442
417, 443
417, 444
417, 445
417, 446
417, 447
289, 320
289, 384
289, 448
289, 321
289, 385
289, 449
289, 322
289, 386
289, 450
289, 323
289, 387
289, 324
289, 388
289, 325
289, 389
289, 390
289, 326
289, 327
289, 391
289, 392
289, 328
289, 329
289, 393
289, 394
289, 330
289, 331
289, 395
289, 396
289, 332
289, 333
289, 397
289, 398
289, 334
289, 335
289, 399
289, 400
289, 336
289, 337
289, 401
289, 402
289, 338
289, 339
289, 403
289, 404
289, 340
289, 341
289, 405
289, 406
289, 342
289, 343
289, 407
289, 408
289, 344
289, 345
289, 409
289, 410
289, 346
289, 347
289, 411
289, 412
289, 348
289, 349
289, 413
289, 414
289, 350
289, 351
289, 415
289, 416
289, 352
289, 353
289, 417
289, 418
289, 354
289, 290
289, 291
289, 355
289, 419
289, 420
289, 356
289, 292
289, 293
289, 357
289, 421
289, 422
289, 358
289, 294
289, 295
289, 359
289, 423
289, 424
289, 360
289, 296
289, 297
289, 361
289, 425
289, 426
289, 362
289, 298
289, 299
289, 363
289, 427
289, 428
289, 364
289, 300
289, 301
289, 365
289, 429
289, 430
289, 366
289, 302
289, 303
289, 367
289, 431
289, 432
289, 368
289, 304
289, 305
289, 369
289, 433
289, 434
289, 370
289, 306
289, 307
289, 371
289, 435
289, 436
289, 372
289, 308
289, 309
289, 373
289, 437
289, 438
289, 374
289, 310
289, 311
289, 375
289, 439
289, 440
289, 376
289, 312
289, 313
289, 377
289, 441
289, 442
289, 378
289, 314
289, 315
289, 379
289, 443
289, 444
289, 380
289, 316
289, 317
289, 381
289, 445
289, 446
289, 382
289, 318
289, 319
289, 383
289, 447
33, 256
33, 384
33, 128
33, 129
33, 385
33, 257
33, 386
33, 258
33, 130
33, 387
33, 259
33, 131
33, 132
33, 388
33, 260
33, 133
33, 261
33, 389
33, 134
33, 390
33, 262
33, 135
33, 263
33, 391
33, 136
33, 392
33, 264
33, 137
33, 265
33, 393
33, 138
33, 394
33, 266
33, 139
33, 267
33, 395
33, 140
33, 396
33, 268
33, 141
33, 269
33, 397
33, 142
33, 398
33, 270
33, 143
33, 271
33, 399
33, 144
33, 400
33, 272
33, 145
33, 273
33, 401
33, 146
33, 402
33, 274
33, 147
33, 275
33, 403
33, 148
33, 404
33, 276
33, 149
33, 277
33, 405
33, 150
33, 406
33, 278
33, 151
33, 279
33, 407
33, 152
33, 408
33, 280
33, 153
33, 281
33, 409
33, 154
33, 410
33, 282
33, 155
33, 283
33, 411
33, 156
33, 412
33, 284
33, 157
33, 285
33, 413
33, 158
33, 414
33, 286
33, 159
33, 287
33, 415
33, 160
33, 416
33, 288
33, 161
33, 289
33, 417
33, 34
33, 162
33, 418
33, 290
33, 35
33, 163
33, 291
33, 419
33, 36
33, 164
33, 420
33, 292
33, 37
33, 165
33, 293
33, 421
33, 38
33, 166
33, 422
33, 294
33, 39
33, 167
33, 295
33, 423
33, 40
33, 168
33, 424
33, 296
33, 41
33, 169
33, 297
33, 425
33, 42
33, 170
33, 426
33, 298
33, 43
33, 171
33, 299
33, 427
33, 44
33, 172
33, 428
33, 300
33, 45
33, 173
33, 301
33, 429
33, 46
33, 174
33, 430
33, 302
33, 47
33, 175
33, 303
33, 431
33, 48
33, 176
33, 432
33, 304
33, 49
33, 177
33, 305
33, 433
33, 50
33, 178
33, 434
33, 306
33, 51
33, 179
33, 307
33, 435
33, 52
33, 180
33, 436
33, 308
33, 53
33, 181
33, 309
33, 437
33, 54
33, 182
33, 438
33, 310
33, 55
33, 183
33, 311
33, 439
33, 56
33, 184
33, 440
33, 312
33, 57
33, 185
33, 313
33, 441
33, 58
33, 186
33, 442
33, 314
33, 59
33, 187
33, 315
33, 443
33, 60
33, 188
33, 444
33, 316
33, 61
33, 189
33, 317
33, 445
33, 62
33, 190
33, 446
33, 318
33, 63
33, 191
33, 319
33, 447
33, 448
33, 320
33, 192
33, 64
33, 65
33, 321
33, 449
33, 193
33, 194
33, 322
33, 450
33, 66
33, 67
33, 323
33, 195
33, 196
33, 324
33, 68
33, 69
33, 325
33, 197
33, 198
33, 326
33, 70
33, 71
33, 327
33, 199
33, 200
33, 328
33, 72
33, 73
33, 329
33, 201
33, 202
33, 330
33, 74
33, 75
33, 331
33, 203
33, 204
33, 332
33, 76
33, 77
33, 333
33, 205
33, 206
33, 334
33, 78
33, 79
33, 335
33, 207
33, 208
33, 336
33, 80
33, 81
33, 337
33, 209
33, 210
33, 338
33, 82
33, 83
33, 339
33, 211
33, 212
33, 340
33, 84
33, 85
33, 341
33, 213
33, 214
33, 342
33, 86
33, 87
33, 343
33, 215
33, 216
33, 344
33, 88
33, 89
33, 345
33, 217
33, 218
33, 346
33, 90
33, 91
33, 347
33, 219
33, 220
33, 348
33, 92
33, 93
33, 349
33, 221
33, 222
33, 350
33, 94
33, 95
33, 351
33, 223
33, 224
33, 352
33, 96
33, 97
33, 353
33, 225
33, 226
33, 354
33, 98
33, 99
33, 355
33, 227
33, 228
33, 356
33, 100
33, 101
33, 357
33, 229
33, 230
33, 358
33, 102
33, 103
33, 359
33, 231
33, 232
33, 360
33, 104
33, 105
33, 361
33, 233
33, 234
33, 362
33, 106
33, 107
33, 363
33, 235
33, 236
33, 364
33, 108
33, 109
33, 365
33, 237
33, 238
33, 366
33, 110
33, 111
33, 367
33, 239
33, 240
33, 368
33, 112
33, 113
33, 369
33, 241
33, 242
33, 370
33, 114
33, 115
33, 371
33, 243
33, 244
33, 372
33, 116
33, 117
33, 373
33, 245
33, 246
33, 374
33, 118
33, 119
33, 375
33, 247
33, 248
33, 376
33, 120
33, 121
33, 377
33, 249
33, 250
33, 378
33, 122
33, 123
33, 379
33, 251
33, 252
33, 380
33, 124
33, 125
33, 381
33, 253
33, 254
33, 382
33, 126
33, 127
33, 383
33, 255
161, 256
161, 384
161, 385
161, 257
161, 386
161, 258
161, 387
161, 259
161, 388
161, 260
161, 261
161, 389
161, 390
161, 262
161, 263
161, 391
161, 392
161, 264
161, 265
161, 393
161, 394
161, 266
161, 267
161, 395
161, 396
161, 268
161, 269
161, 397
161, 398
161, 270
161, 271
161, 399
161, 400
161, 272
161, 273
161, 401
161, 402
161, 274
161, 275
161, 403
161, 404
161, 276
161, 277
161, 405
161, 406
161, 278
161, 279
161, 407
161, 408
161, 280
161, 281
161, 409
161, 410
161, 282
161, 283
161, 411
161, 412
161, 284
161, 285
161, 413
161, 414
161, 286
161, 287
161, 415
161, 416
161, 288
161, 289
161, 417
161, 162
161, 418
161, 290
161, 163
161, 291
161, 419
161, 164
161, 420
161, 292
161, 165
161, 293
161, 421
161, 166
161, 422
161, 294
161, 167
161, 295
161, 423
161, 168
161, 424
161, 296
161, 169
161, 297
161, 425
161, 170
161, 426
161, 298
161, 171
161, 299
161, 427
161, 172
161, 428
161, 300
161, 173
161, 301
161, 429
161, 174
161, 430
161, 302
161, 175
161, 303
161, 431
161, 176
161, 432
161, 304
161, 177
161, 305
161, 433
161, 178
161, 434
161, 306
161, 179
161, 307
161, 435
161, 180
161, 436
161, 308
161, 181
161, 309
161, 437
161, 182
161, 438
161, 310
161, 183
161, 311
161, 439
161, 184
161, 440
161, 312
161, 185
161, 313
161, 441
161, 186
161, 442
161, 314
161, 187
161, 315
161, 443
161, 188
161, 444
161, 316
161, 189
161, 317
161, 445
161, 190
161, 446
161, 318
161, 191
161, 319
161, 447
161, 448
161, 320
161, 192
161, 321
161, 449
161, 193
161, 194
161, 322
161, 450
161, 323
161, 195
161, 196
161, 324
161, 325
161, 197
161, 198
161, 326
161, 327
161, 199
161, 200
161, 328
161, 329
161, 201
161, 202
161, 330
161, 331
161, 203
161, 204
161, 332
161, 333
161, 205
161, 206
161, 334
161, 335
161, 207
161, 208
161, 336
161, 337
161, 209
161, 210
161, 338
161, 339
161, 211
161, 212
161, 340
161, 341
161, 213
161, 214
161, 342
161, 343
161, 215
161, 216
161, 344
161, 345
161, 217
161, 218
161, 346
161, 347
161, 219
161, 220
161, 348
161, 349
161, 221
161, 222
161, 350
161, 351
161, 223
161, 224
161, 352
161, 353
161, 225
161, 226
161, 354
161, 355
161, 227
161, 228
161, 356
161, 357
161, 229
161, 230
161, 358
161, 359
161, 231
161, 232
161, 360
161, 361
161, 233
161, 234
161, 362
161, 363
161, 235
161, 236
161, 364
161, 365
161, 237
161, 238
161, 366
161, 367
161, 239
161, 240
161, 368
161, 369
161, 241
161, 242
161, 370
161, 371
161, 243
161, 244
161, 372
161, 373
161, 245
161, 246
161, 374
161, 375
161, 247
161, 248
161, 376
161, 377
161, 249
161, 250
161, 378
161, 379
161, 251
161, 252
161, 380
161, 381
161, 253
161, 254
161, 382
161, 383
161, 255
418, 448
418, 449
418, 450
418, 419
418, 420
418, 421
418, 422
418, 423
418, 424
418, 425
418, 426
418, 427
418, 428
418, 429
418, 430
418, 431
418, 432
418, 433
418, 434
418, 435
418, 436
418, 437
418, 438
418, 439
418, 440
418, 441
418, 442
418, 443
418, 444
418, 445
418, 446
418, 447
290, 320
290, 384
290, 448
290, 321
290, 385
290, 449
290, 386
290, 450
290, 322
290, 387
290, 323
290, 388
290, 324
290, 389
290, 325
290, 326
290, 390
290, 391
290, 327
290, 328
290, 392
290, 393
290, 329
290, 330
290, 394
290, 395
290, 331
290, 332
290, 396
290, 397
290, 333
290, 334
290, 398
290, 399
290, 335
290, 336
290, 400
290, 401
290, 337
290, 338
290, 402
290, 403
290, 339
290, 340
290, 404
290, 405
290, 341
290, 342
290, 406
290, 407
290, 343
290, 344
290, 408
290, 409
290, 345
290, 346
290, 410
290, 411
290, 347
290, 348
290, 412
290, 413
290, 349
290, 350
290, 414
290, 415
290, 351
290, 352
290, 416
290, 417
290, 353
290, 354
290, 418
290, 419
290, 355
290, 291
290, 292
290, 356
290, 420
290, 421
290, 357
290, 293
290, 294
290, 358
290, 422
290, 423
290, 359
290, 295
290, 296
290, 360
290, 424
290, 425
290, 361
290, 297
290, 298
290, 362
290, 426
290, 427
290, 363
290, 299
290, 300
290, 364
290, 428
290, 429
290, 365
290, 301
290, 302
290, 366
290, 430
290, 431
290, 367
290, 303
290, 304
290, 368
290, 432
290, 433
290, 369
290, 305
290, 306
290, 370
290, 434
290, 435
290, 371
290, 307
290, 308
290, 372
290, 436
290, 437
290, 373
290, 309
290, 310
290, 374
290, 438
290, 439
290, 375
290, 311
290, 312
290, 376
290, 440
290, 441
290, 377
290, 313
290, 314
290, 378
290, 442
290, 443
290, 379
290, 315
290, 316
290, 380
290, 444
290, 445
290, 381
290, 317
290, 318
290, 382
290, 446
290, 447
290, 383
290, 319
34, 128
34, 384
34, 256
34, 257
34, 385
34, 129
34, 258
34, 386
34, 130
34, 387
34, 259
34, 131
34, 132
34, 388
34, 260
34, 133
34, 261
34, 389
34, 134
34, 390
34, 262
34, 135
34, 263
34, 391
34, 136
34, 392
34, 264
34, 137
34, 265
34, 393
34, 138
34, 394
34, 266
34, 139
34, 267
34, 395
34, 140
34, 396
34, 268
34, 141
34, 269
34, 397
34, 142
34, 398
34, 270
34, 143
34, 271
34, 399
34, 144
34, 400
34, 272
34, 145
34, 273
34, 401
34, 146
34, 402
34, 274
34, 147
34, 275
34, 403
34, 148
34, 404
34, 276
34, 149
34, 277
34, 405
34, 150
34, 406
34, 278
34, 151
34, 279
34, 407
34, 152
34, 408
34, 280
34, 153
34, 281
34, 409
34, 154
34, 410
34, 282
34, 155
34, 283
34, 411
34, 156
34, 412
34, 284
34, 157
34, 285
34, 413
34, 158
34, 414
34, 286
34, 159
34, 287
34, 415
34, 160
34, 416
34, 288
34, 161
34, 289
34, 417
34, 162
34, 418
34, 290
34, 35
34, 163
34, 291
34, 419
34, 36
34, 164
34, 420
34, 292
34, 37
34, 165
34, 293
34, 421
34, 38
34, 166
34, 422
34, 294
34, 39
34, 167
34, 295
34, 423
34, 40
34, 168
34, 424
34, 296
34, 41
34, 169
34, 297
34, 425
34, 42
34, 170
34, 426
34, 298
34, 43
34, 171
34, 299
34, 427
34, 44
34, 172
34, 428
34, 300
34, 45
34, 173
34, 301
34, 429
34, 46
34, 174
34, 430
34, 302
34, 47
34, 175
34, 303
34, 431
34, 48
34, 176
34, 432
34, 304
34, 49
34, 177
34, 305
34, 433
34, 50
34, 178
34, 434
34, 306
34, 51
34, 179
34, 307
34, 435
34, 52
34, 180
34, 436
34, 308
34, 53
34, 181
34, 309
34, 437
34, 54
34, 182
34, 438
34, 310
34, 55
34, 183
34, 311
34, 439
34, 56
34, 184
34, 440
34, 312
34, 57
34, 185
34, 313
34, 441
34, 58
34, 186
34, 442
34, 314
34, 59
34, 187
34, 315
34, 443
34, 60
34, 188
34, 444
34, 316
34, 61
34, 189
34, 317
34, 445
34, 62
34, 190
34, 446
34, 318
34, 63
34, 191
34, 319
34, 447
34, 192
34, 64
34, 320
34, 448
34, 193
34, 449
34, 321
34, 65
34, 66
34, 450
34, 322
34, 194
34, 195
34, 323
34, 67
34, 68
34, 324
34, 196
34, 197
34, 325
34, 69
34, 70
34, 326
34, 198
34, 199
34, 327
34, 71
34, 72
34, 328
34, 200
34, 201
34, 329
34, 73
34, 74
34, 330
34, 202
34, 203
34, 331
34, 75
34, 76
34, 332
34, 204
34, 205
34, 333
34, 77
34, 78
34, 334
34, 206
34, 207
34, 335
34, 79
34, 80
34, 336
34, 208
34, 209
34, 337
34, 81
34, 82
34, 338
34, 210
34, 211
34, 339
34, 83
34, 84
34, 340
34, 212
34, 213
34, 341
34, 85
34, 86
34, 342
34, 214
34, 215
34, 343
34, 87
34, 88
34, 344
34, 216
34, 217
34, 345
34, 89
34, 90
34, 346
34, 218
34, 219
34, 347
34, 91
34, 92
34, 348
34, 220
34, 221
34, 349
34, 93
34, 94
34, 350
34, 222
34, 223
34, 351
34, 95
34, 96
34, 352
34, 224
34, 225
34, 353
34, 97
34, 98
34, 354
34, 226
34, 227
34, 355
34, 99
34, 100
34, 356
34, 228
34, 229
34, 357
34, 101
34, 102
34, 358
34, 230
34, 231
34, 359
34, 103
34, 104
34, 360
34, 232
34, 233
34, 361
34, 105
34, 106
34, 362
34, 234
34, 235
34, 363
34, 107
34, 108
34, 364
34, 236
34, 237
34, 365
34, 109
34, 110
34, 366
34, 238
34, 239
34, 367
34, 111
34, 112
34, 368
34, 240
34, 241
34, 369
34, 113
34, 114
34, 370
34, 242
34, 243
34, 371
34, 115
34, 116
34, 372
34, 244
34, 245
34, 373
34, 117
34, 118
34, 374
34, 246
34, 247
34, 375
34, 119
34, 120
34, 376
34, 248
34, 249
34, 377
34, 121
34, 122
34, 378
34, 250
34, 251
34, 379
34, 123
34, 124
34, 380
34, 252
34, 253
34, 381
34, 125
34, 126
34, 382
34, 254
34, 255
34, 383
34, 127
162, 384
162, 256
162, 257
162, 385
162, 258
162, 386
162, 259
162, 387
162, 388
162, 260
162, 261
162, 389
162, 390
162, 262
162, 263
162, 391
162, 392
162, 264
162, 265
162, 393
162, 394
162, 266
162, 267
162, 395
162, 396
162, 268
162, 269
162, 397
162, 398
162, 270
162, 271
162, 399
162, 400
162, 272
162, 273
162, 401
162, 402
162, 274
162, 275
162, 403
162, 404
162, 276
162, 277
162, 405
162, 406
162, 278
162, 279
162, 407
162, 408
162, 280
162, 281
162, 409
162, 410
162, 282
162, 283
162, 411
162, 412
162, 284
162, 285
162, 413
162, 414
162, 286
162, 287
162, 415
162, 416
162, 288
162, 289
162, 417
162, 418
162, 290
162, 163
162, 291
162, 419
162, 164
162, 420
162, 292
162, 165
162, 293
162, 421
162, 166
162, 422
162, 294
162, 167
162, 295
162, 423
162, 168
162, 424
162, 296
162, 169
162, 297
162, 425
162, 170
162, 426
162, 298
162, 171
162, 299
162, 427
162, 172
162, 428
162, 300
162, 173
162, 301
162, 429
162, 174
162, 430
162, 302
162, 175
162, 303
162, 431
162, 176
162, 432
162, 304
162, 177
162, 305
162, 433
162, 178
162, 434
162, 306
162, 179
162, 307
162, 435
162, 180
162, 436
162, 308
162, 181
162, 309
162, 437
162, 182
162, 438
162, 310
162, 183
162, 311
162, 439
162, 184
162, 440
162, 312
162, 185
162, 313
162, 441
162, 186
162, 442
162, 314
162, 187
162, 315
162, 443
162, 188
162, 444
162, 316
162, 189
162, 317
162, 445
162, 190
162, 446
162, 318
162, 191
162, 319
162, 447
162, 448
162, 320
162, 192
162, 193
162, 449
162, 321
162, 450
162, 322
162, 194
162, 195
162, 323
162, 324
162, 196
162, 197
162, 325
162, 326
162, 198
162, 199
162, 327
162, 328
162, 200
162, 201
162, 329
162, 330
162, 202
162, 203
162, 331
162, 332
162, 204
162, 205
162, 333
162, 334
162, 206
162, 207
162, 335
162, 336
162, 208
162, 209
162, 337
162, 338
162, 210
162, 211
162, 339
162, 340
162, 212
162, 213
162, 341
162, 342
162, 214
162, 215
162, 343
162, 344
162, 216
162, 217
162, 345
162, 346
162, 218
162, 219
162, 347
162, 348
162, 220
162, 221
162, 349
162, 350
162, 222
162, 223
162, 351
162, 352
162, 224
162, 225
162, 353
162, 354
162, 226
162, 227
162, 355
162, 356
162, 228
162, 229
162, 357
162, 358
162, 230
162, 231
162, 359
162, 360
162, 232
162, 233
162, 361
162, 362
162, 234
162, 235
162, 363
162, 364
162, 236
162, 237
162, 365
162, 366
162, 238
162, 239
162, 367
162, 368
162, 240
162, 241
162, 369
162, 370
162, 242
162, 243
162, 371
162, 372
162, 244
162, 245
162, 373
162, 374
162, 246
162, 247
162, 375
162, 376
162, 248
162, 249
162, 377
162, 378
162, 250
162, 251
162, 379
162, 380
162, 252
162, 253
162, 381
162, 382
162, 254
162, 255
162, 383
419, 448
419, 449
419, 450
419, 420
419, 421
419, 422
419, 423
419, 424
419, 425
419, 426
419, 427
419, 428
419, 429
419, 430
419, 431
419, 432
419, 433
419, 434
419, 435
419, 436
419, 437
419, 438
419, 439
419, 440
419, 441
419, 442
419, 443
419, 444
419, 445
419, 446
419, 447
291, 320
291, 384
291, 448
291, 321
291, 385
291, 449
291, 450
291, 322
291, 386
291, 323
291, 387
291, 324
291, 388
291, 325
291, 389
291, 390
291, 326
291, 327
291, 391
291, 392
291, 328
291, 329
291, 393
291, 394
291, 330
291, 331
291, 395
291, 396
291, 332
291, 333
291, 397
291, 398
291, 334
291, 335
291, 399
291, 400
291, 336
291, 337
291, 401
291, 402
291, 338
291, 339
291, 403
291, 404
291, 340
291, 341
291, 405
291, 406
291, 342
291, 343
291, 407
291, 408
291, 344
291, 345
291, 409
291, 410
291, 346
291, 347
291, 411
291, 412
291, 348
291, 349
291, 413
291, 414
291, 350
291, 351
291, 415
291, 416
291, 352
291, 353
291, 417
291, 418
291, 354
291, 355
291, 419
291, 420
291, 356
291, 292
291, 293
291, 357
291, 421
291, 422
291, 358
291, 294
291, 295
291, 359
291, 423
291, 424
291, 360
291, 296
291, 297
291, 361
291, 425
291, 426
291, 362
291, 298
291, 299
291, 363
291, 427
291, 428
291, 364
291, 300
291, 301
291, 365
291, 429
291, 430
291, 366
291, 302
291, 303
291, 367
291, 431
291, 432
291, 368
291, 304
291, 305
291, 369
291, 433
291, 434
291, 370
291, 306
291, 307
291, 371
291, 435
291, 436
291, 372
291, 308
291, 309
291, 373
291, 437
291, 438
291, 374
291, 310
291, 311
291, 375
291, 439
291, 440
291, 376
291, 312
291, 313
291, 377
291, 441
291, 442
291, 378
291, 314
291, 315
291, 379
291, 443
291, 444
291, 380
291, 316
291, 317
291, 381
291, 445
291, 446
291, 382
291, 318
291, 319
291, 383
291, 447
35, 256
35, 384
35, 128
35, 129
35, 385
35, 257
35, 386
35, 258
35, 130
35, 387
35, 259
35, 131
35, 132
35, 388
35, 260
35, 133
35, 261
35, 389
35, 134
35, 390
35, 262
35, 135
35, 263
35, 391
35, 136
35, 392
35, 264
35, 137
35, 265
35, 393
35, 138
35, 394
35, 266
35, 139
35, 267
35, 395
35, 140
35, 396
35, 268
35, 141
35, 269
35, 397
35, 142
35, 398
35, 270
35, 143
35, 271
35, 399
35, 144
35, 400
35, 272
35, 145
35, 273
35, 401
35, 146
35, 402
35, 274
35, 147
35, 275
35, 403
35, 148
35, 404
35, 276
35, 149
35, 277
35, 405
35, 150
35, 406
35, 278
35, 151
35, 279
35, 407
35, 152
35, 408
35, 280
35, 153
35, 281
35, 409
35, 154
35, 410
35, 282
35, 155
35, 283
35, 411
35, 156
35, 412
35, 284
35, 157
35, 285
35, 413
35, 158
35, 414
35, 286
35, 159
35, 287
35, 415
35, 160
35, 416
35, 288
35, 161
35, 289
35, 417
35, 162
35, 418
35, 290
35, 163
35, 291
35, 419
35, 36
35, 164
35, 420
35, 292
35, 37
35, 165
35, 293
35, 421
35, 38
35, 166
35, 422
35, 294
35, 39
35, 167
35, 295
35, 423
35, 40
35, 168
35, 424
35, 296
35, 41
35, 169
35, 297
35, 425
35, 42
35, 170
35, 426
35, 298
35, 43
35, 171
35, 299
35, 427
35, 44
35, 172
35, 428
35, 300
35, 45
35, 173
35, 301
35, 429
35, 46
35, 174
35, 430
35, 302
35, 47
35, 175
35, 303
35, 431
35, 48
35, 176
35, 432
35, 304
35, 49
35, 177
35, 305
35, 433
35, 50
35, 178
35, 434
35, 306
35, 51
35, 179
35, 307
35, 435
35, 52
35, 180
35, 436
35, 308
35, 53
35, 181
35, 309
35, 437
35, 54
35, 182
35, 438
35, 310
35, 55
35, 183
35, 311
35, 439
35, 56
35, 184
35, 440
35, 312
35, 57
35, 185
35, 313
35, 441
35, 58
35, 186
35, 442
35, 314
35, 59
35, 187
35, 315
35, 443
35, 60
35, 188
35, 444
35, 316
35, 61
35, 189
35, 317
35, 445
35, 62
35, 190
35, 446
35, 318
35, 63
35, 191
35, 319
35, 447
35, 320
35, 448
35, 64
35, 192
35, 65
35, 321
35, 449
35, 193
35, 194
35, 322
35, 450
35, 66
35, 67
35, 323
35, 195
35, 196
35, 324
35, 68
35, 69
35, 325
35, 197
35, 198
35, 326
35, 70
35, 71
35, 327
35, 199
35, 200
35, 328
35, 72
35, 73
35, 329
35, 201
35, 202
35, 330
35, 74
35, 75
35, 331
35, 203
35, 204
35, 332
35, 76
35, 77
35, 333
35, 205
35, 206
35, 334
35, 78
35, 79
35, 335
35, 207
35, 208
35, 336
35, 80
35, 81
35, 337
35, 209
35, 210
35, 338
35, 82
35, 83
35, 339
35, 211
35, 212
35, 340
35, 84
35, 85
35, 341
35, 213
35, 214
35, 342
35, 86
35, 87
35, 343
35, 215
35, 216
35, 344
35, 88
35, 89
35, 345
35, 217
35, 218
35, 346
35, 90
35, 91
35, 347
35, 219
35, 220
35, 348
35, 92
35, 93
35, 349
35, 221
35, 222
35, 350
35, 94
35, 95
35, 351
35, 223
35, 224
35, 352
35, 96
35, 97
35, 353
35, 225
35, 226
35, 354
35, 98
35, 99
35, 355
35, 227
35, 228
35, 356
35, 100
35, 101
35, 357
35, 229
35, 230
35, 358
35, 102
35, 103
35, 359
35, 231
35, 232
35, 360
35, 104
35, 105
35, 361
35, 233
35, 234
35, 362
35, 106
35, 107
35, 363
35, 235
35, 236
35, 364
35, 108
35, 109
35, 365
35, 237
35, 238
35, 366
35, 110
35, 111
35, 367
35, 239
35, 240
35, 368
35, 112
35, 113
35, 369
35, 241
35, 242
35, 370
35, 114
35, 115
35, 371
35, 243
35, 244
35, 372
35, 116
35, 117
35, 373
35, 245
35, 246
35, 374
35, 118
35, 119
35, 375
35, 247
35, 248
35, 376
35, 120
35, 121
35, 377
35, 249
35, 250
35, 378
35, 122
35, 123
35, 379
35, 251
35, 252
35, 380
35, 124
35, 125
35, 381
35, 253
35, 254
35, 382
35, 126
35, 127
35, 383
35, 255
163, 256
163, 384
163, 385
163, 257
163, 386
163, 258
163, 387
163, 259
163, 388
163, 260
163, 261
163, 389
163, 390
163, 262
163, 263
163, 391
163, 392
163, 264
163, 265
163, 393
163, 394
163, 266
163, 267
163, 395
163, 396
163, 268
163, 269
163, 397
163, 398
163, 270
163, 271
163, 399
163, 400
163, 272
163, 273
163, 401
163, 402
163, 274
163, 275
163, 403
163, 404
163, 276
163, 277
163, 405
163, 406
163, 278
163, 279
163, 407
163, 408
163, 280
163, 281
163, 409
163, 410
163, 282
163, 283
163, 411
163, 412
163, 284
163, 285
163, 413
163, 414
163, 286
163, 287
163, 415
163, 416
163, 288
163, 289
163, 417
163, 418
163, 290
163, 291
163, 419
163, 164
163, 420
163, 292
163, 165
163, 293
163, 421
163, 166
163, 422
163, 294
163, 167
163, 295
163, 423
163, 168
163, 424
163, 296
163, 169
163, 297
163, 425
163, 170
163, 426
163, 298
163, 171
163, 299
163, 427
163, 172
163, 428
163, 300
163, 173
163, 301
163, 429
163, 174
163, 430
163, 302
163, 175
163, 303
163, 431
163, 176
163, 432
163, 304
163, 177
163, 305
163, 433
163, 178
163, 434
163, 306
163, 179
163, 307
163, 435
163, 180
163, 436
163, 308
163, 181
163, 309
163, 437
163, 182
163, 438
163, 310
163, 183
163, 311
163, 439
163, 184
163, 440
163, 312
163, 185
163, 313
163, 441
163, 186
163, 442
163, 314
163, 187
163, 315
163, 443
163, 188
163, 444
163, 316
163, 189
163, 317
163, 445
163, 190
163, 446
163, 318
163, 191
163, 319
163, 447
163, 448
163, 320
163, 192
163, 321
163, 449
163, 193
163, 194
163, 322
163, 450
163, 323
163, 195
163, 196
163, 324
163, 325
163, 197
163, 198
163, 326
163, 327
163, 199
163, 200
163, 328
163, 329
163, 201
163, 202
163, 330
163, 331
163, 203
163, 204
163, 332
163, 333
163, 205
163, 206
163, 334
163, 335
163, 207
163, 208
163, 336
163, 337
163, 209
163, 210
163, 338
163, 339
163, 211
163, 212
163, 340
163, 341
163, 213
163, 214
163, 342
163, 343
163, 215
163, 216
163, 344
163, 345
163, 217
163, 218
163, 346
163, 347
163, 219
163, 220
163, 348
163, 349
163, 221
163, 222
163, 350
163, 351
163, 223
163, 224
163, 352
163, 353
163, 225
163, 226
163, 354
163, 355
163, 227
163, 228
163, 356
163, 357
163, 229
163, 230
163, 358
163, 359
163, 231
163, 232
163, 360
163, 361
163, 233
163, 234
163, 362
163, 363
163, 235
163, 236
163, 364
163, 365
163, 237
163, 238
163, 366
163, 367
163, 239
163, 240
163, 368
163, 369
163, 241
163, 242
163, 370
163, 371
163, 243
163, 244
163, 372
163, 373
163, 245
163, 246
163, 374
163, 375
163, 247
163, 248
163, 376
163, 377
163, 249
163, 250
163, 378
163, 379
163, 251
163, 252
163, 380
163, 381
163, 253
163, 254
163, 382
163, 383
163, 255
420, 448
420, 449
420, 450
420, 421
420, 422
420, 423
420, 424
420, 425
420, 426
420, 427
420, 428
420, 429
420, 430
420, 431
420, 432
420, 433
420, 434
420, 435
420, 436
420, 437
420, 438
420, 439
420, 440
420, 441
420, 442
420, 443
420, 444
420, 445
420, 446
420, 447
292, 320
292, 384
292, 448
292, 321
292, 385
292, 449
292, 322
292, 386
292, 450
292, 387
292, 323
292, 388
292, 324
292, 389
292, 325
292, 326
292, 390
292, 391
292, 327
292, 328
292, 392
292, 393
292, 329
292, 330
292, 394
292, 395
292, 331
292, 332
292, 396
292, 397
292, 333
292, 334
292, 398
292, 399
292, 335
292, 336
292, 400
292, 401
292, 337
292, 338
292, 402
292, 403
292, 339
292, 340
292, 404
292, 405
292, 341
292, 342
292, 406
292, 407
292, 343
292, 344
292, 408
292, 409
292, 345
292, 346
292, 410
292, 411
292, 347
292, 348
292, 412
292, 413
292, 349
292, 350
292, 414
292, 415
292, 351
292, 352
292, 416
292, 417
292, 353
292, 354
292, 418
292, 419
292, 355
292, 356
292, 420
292, 421
292, 357
292, 293
292, 294
292, 358
292, 422
292, 423
292, 359
292, 295
292, 296
292, 360
292, 424
292, 425
292, 361
292, 297
292, 298
292, 362
292, 426
292, 427
292, 363
292, 299
292, 300
292, 364
292, 428
292, 429
292, 365
292, 301
292, 302
292, 366
292, 430
292, 431
292, 367
292, 303
292, 304
292, 368
292, 432
292, 433
292, 369
292, 305
292, 306
292, 370
292, 434
292, 435
292, 371
292, 307
292, 308
292, 372
292, 436
292, 437
292, 373
292, 309
292, 310
292, 374
292, 438
292, 439
292, 375
292, 311
292, 312
292, 376
292, 440
292, 441
292, 377
292, 313
292, 314
292, 378
292, 442
292, 443
292, 379
292, 315
292, 316
292, 380
292, 444
292, 445
292, 381
292, 317
292, 318
292, 382
292, 446
292, 447
292, 383
292, 319
36, 128
36, 384
36, 256
36, 257
36, 385
36, 129
36, 258
36, 386
36, 130
36, 387
36, 259
36, 131
36, 132
36, 388
36, 260
36, 133
36, 261
36, 389
36, 134
36, 390
36, 262
36, 135
36, 263
36, 391
36, 136
36, 392
36, 264
36, 137
36, 265
36, 393
36, 138
36, 394
36, 266
36, 139
36, 267
36, 395
36, 140
36, 396
36, 268
36, 141
36, 269
36, 397
36, 142
36, 398
36, 270
36, 143
36, 271
36, 399
36, 144
36, 400
36, 272
36, 145
36, 273
36, 401
36, 146
36, 402
36, 274
36, 147
36, 275
36, 403
36, 148
36, 404
36, 276
36, 149
36, 277
36, 405
36, 150
36, 406
36, 278
36, 151
36, 279
36, 407
36, 152
36, 408
36, 280
36, 153
36, 281
36, 409
36, 154
36, 410
36, 282
36, 155
36, 283
36, 411
36, 156
36, 412
36, 284
36, 157
36, 285
36, 413
36, 158
36, 414
36, 286
36, 159
36, 287
36, 415
36, 160
36, 416
36, 288
36, 161
36, 289
36, 417
36, 162
36, 418
36, 290
36, 163
36, 291
36, 419
36, 164
36, 420
36, 292
36, 37
36, 165
36, 293
36, 421
36, 38
36, 166
36, 422
36, 294
36, 39
36, 167
36, 295
36, 423
36, 40
36, 168
36, 424
36, 296
36, 41
36, 169
36, 297
36, 425
36, 42
36, 170
36, 426
36, 298
36, 43
36, 171
36, 299
36, 427
36, 44
36, 172
36, 428
36, 300
36, 45
36, 173
36, 301
36, 429
36, 46
36, 174
36, 430
36, 302
36, 47
36, 175
36, 303
36, 431
36, 48
36, 176
36, 432
36, 304
36, 49
36, 177
36, 305
36, 433
36, 50
36, 178
36, 434
36, 306
36, 51
36, 179
36, 307
36, 435
36, 52
36, 180
36, 436
36, 308
36, 53
36, 181
36, 309
36, 437
36, 54
36, 182
36, 438
36, 310
36, 55
36, 183
36, 311
36, 439
36, 56
36, 184
36, 440
36, 312
36, 57
36, 185
36, 313
36, 441
36, 58
36, 186
36, 442
36, 314
36, 59
36, 187
36, 315
36, 443
36, 60
36, 188
36, 444
36, 316
36, 61
36, 189
36, 317
36, 445
36, 62
36, 190
36, 446
36, 318
36, 63
36, 191
36, 319
36, 447
36, 64
36, 192
36, 448
36, 320
36, 193
36, 449
36, 321
36, 65
36, 66
36, 450
36, 322
36, 194
36, 195
36, 323
36, 67
36, 68
36, 324
36, 196
36, 197
36, 325
36, 69
36, 70
36, 326
36, 198
36, 199
36, 327
36, 71
36, 72
36, 328
36, 200
36, 201
36, 329
36, 73
36, 74
36, 330
36, 202
36, 203
36, 331
36, 75
36, 76
36, 332
36, 204
36, 205
36, 333
36, 77
36, 78
36, 334
36, 206
36, 207
36, 335
36, 79
36, 80
36, 336
36, 208
36, 209
36, 337
36, 81
36, 82
36, 338
36, 210
36, 211
36, 339
36, 83
36, 84
36, 340
36, 212
36, 213
36, 341
36, 85
36, 86
36, 342
36, 214
36, 215
36, 343
36, 87
36, 88
36, 344
36, 216
36, 217
36, 345
36, 89
36, 90
36, 346
36, 218
36, 219
36, 347
36, 91
36, 92
36, 348
36, 220
36, 221
36, 349
36, 93
36, 94
36, 350
36, 222
36, 223
36, 351
36, 95
36, 96
36, 352
36, 224
36, 225
36, 353
36, 97
36, 98
36, 354
36, 226
36, 227
36, 355
36, 99
36, 100
36, 356
36, 228
36, 229
36, 357
36, 101
36, 102
36, 358
36, 230
36, 231
36, 359
36, 103
36, 104
36, 360
36, 232
36, 233
36, 361
36, 105
36, 106
36, 362
36, 234
36, 235
36, 363
36, 107
36, 108
36, 364
36, 236
36, 237
36, 365
36, 109
36, 110
36, 366
36, 238
36, 239
36, 367
36, 111
36, 112
36, 368
36, 240
36, 241
36, 369
36, 113
36, 114
36, 370
36, 242
36, 243
36, 371
36, 115
36, 116
36, 372
36, 244
36, 245
36, 373
36, 117
36, 118
36, 374
36, 246
36, 247
36, 375
36, 119
36, 120
36, 376
36, 248
36, 249
36, 377
36, 121
36, 122
36, 378
36, 250
36, 251
36, 379
36, 123
36, 124
36, 380
36, 252
36, 253
36, 381
36, 125
36, 126
36, 382
36, 254
36, 255
36, 383
36, 127
164, 384
164, 256
164, 257
164, 385
164, 258
164, 386
164, 259
164, 387
164, 388
164, 260
164, 261
164, 389
164, 390
164, 262
164, 263
164, 391
164, 392
164, 264
164, 265
164, 393
164, 394
164, 266
164, 267
164, 395
164, 396
164, 268
164, 269
164, 397
164, 398
164, 270
164, 271
164, 399
164, 400
164, 272
164, 273
164, 401
164, 402
164, 274
164, 275
164, 403
164, 404
164, 276
164, 277
164, 405
164, 406
164, 278
164, 279
164, 407
164, 408
164, 280
164, 281
164, 409
164, 410
164, 282
164, 283
164, 411
164, 412
164, 284
164, 285
164, 413
164, 414
164, 286
164, 287
164, 415
164, 416
164, 288
164, 289
164, 417
164, 418
164, 290
164, 291
164, 419
164, 420
164, 292
164, 165
164, 293
164, 421
164, 166
164, 422
164, 294
164, 167
164, 295
164, 423
164, 168
164, 424
164, 296
164, 169
164, 297
164, 425
164, 170
164, 426
164, 298
164, 171
164, 299
164, 427
164, 172
164, 428
164, 300
164, 173
164, 301
164, 429
164, 174
164, 430
164, 302
164, 175
164, 303
164, 431
164, 176
164, 432
164, 304
164, 177
164, 305
164, 433
164, 178
164, 434
164, 306
164, 179
164, 307
164, 435
164, 180
164, 436
164, 308
164, 181
164, 309
164, 437
164, 182
164, 438
164, 310
164, 183
164, 311
164, 439
164, 184
164, 440
164, 312
164, 185
164, 313
164, 441
164, 186
164, 442
164, 314
164, 187
164, 315
164, 443
164, 188
164, 444
164, 316
164, 189
164, 317
164, 445
164, 190
164, 446
164, 318
164, 191
164, 319
164, 447
164, 448
164, 320
164, 192
164, 193
164, 449
164, 321
164, 450
164, 322
164, 194
164, 195
164, 323
164, 324
164, 196
164, 197
164, 325
164, 326
164, 198
164, 199
164, 327
164, 328
164, 200
164, 201
164, 329
164, 330
164, 202
164, 203
164, 331
164, 332
164, 204
164, 205
164, 333
164, 334
164, 206
164, 207
164, 335
164, 336
164, 208
164, 209
164, 337
164, 338
164, 210
164, 211
164, 339
164, 340
164, 212
164, 213
164, 341
164, 342
164, 214
164, 215
164, 343
164, 344
164, 216
164, 217
164, 345
164, 346
164, 218
164, 219
164, 347
164, 348
164, 220
164, 221
164, 349
164, 350
164, 222
164, 223
164, 351
164, 352
164, 224
164, 225
164, 353
164, 354
164, 226
164, 227
164, 355
164, 356
164, 228
164, 229
164, 357
164, 358
164, 230
164, 231
164, 359
164, 360
164, 232
164, 233
164, 361
164, 362
164, 234
164, 235
164, 363
164, 364
164, 236
164, 237
164, 365
164, 366
164, 238
164, 239
164, 367
164, 368
164, 240
164, 241
164, 369
164, 370
164, 242
164, 243
164, 371
164, 372
164, 244
164, 245
164, 373
164, 374
164, 246
164, 247
164, 375
164, 376
164, 248
164, 249
164, 377
164, 378
164, 250
164, 251
164, 379
164, 380
164, 252
164, 253
164, 381
164, 382
164, 254
164, 255
164, 383
421, 448
421, 449
421, 450
421, 422
421, 423
421, 424
421, 425
421, 426
421, 427
421, 428
421, 429
421, 430
421, 431
421, 432
421, 433
421, 434
421, 435
421, 436
421, 437
421, 438
421, 439
421, 440
421, 441
421, 442
421, 443
421, 444
421, 445
421, 446
421, 447
293, 320
293, 384
293, 448
293, 321
293, 385
293, 449
293, 386
293, 450
293, 322
293, 323
293, 387
293, 324
293, 388
293, 325
293, 389
293, 390
293, 326
293, 327
293, 391
293, 392
293, 328
293, 329
293, 393
293, 394
293, 330
293, 331
293, 395
293, 396
293, 332
293, 333
293, 397
293, 398
293, 334
293, 335
293, 399
293, 400
293, 336
293, 337
293, 401
293, 402
293, 338
293, 339
293, 403
293, 404
293, 340
293, 341
293, 405
293, 406
293, 342
293, 343
293, 407
293, 408
293, 344
293, 345
293, 409
293, 410
293, 346
293, 347
293, 411
293, 412
293, 348
293, 349
293, 413
293, 414
293, 350
293, 351
293, 415
293, 416
293, 352
293, 353
293, 417
293, 418
293, 354
293, 355
293, 419
293, 420
293, 356
293, 357
293, 421
293, 422
293, 358
293, 294
293, 295
293, 359
293, 423
293, 424
293, 360
293, 296
293, 297
293, 361
293, 425
293, 426
293, 362
293, 298
293, 299
293, 363
293, 427
293, 428
293, 364
293, 300
293, 301
293, 365
293, 429
293, 430
293, 366
293, 302
293, 303
293, 367
293, 431
293, 432
293, 368
293, 304
293, 305
293, 369
293, 433
293, 434
293, 370
293, 306
293, 307
293, 371
293, 435
293, 436
293, 372
293, 308
293, 309
293, 373
293, 437
293, 438
293, 374
293, 310
293, 311
293, 375
293, 439
293, 440
293, 376
293, 312
293, 313
293, 377
293, 441
293, 442
293, 378
293, 314
293, 315
293, 379
293, 443
293, 444
293, 380
293, 316
293, 317
293, 381
293, 445
293, 446
293, 382
293, 318
293, 319
293, 383
293, 447
37, 256
37, 384
37, 128
37, 129
37, 385
37, 257
37, 386
37, 258
37, 130
37, 387
37, 259
37, 131
37, 132
37, 388
37, 260
37, 133
37, 261
37, 389
37, 134
37, 390
37, 262
37, 135
37, 263
37, 391
37, 136
37, 392
37, 264
37, 137
37, 265
37, 393
37, 138
37, 394
37, 266
37, 139
37, 267
37, 395
37, 140
37, 396
37, 268
37, 141
37, 269
37, 397
37, 142
37, 398
37, 270
37, 143
37, 271
37, 399
37, 144
37, 400
37, 272
37, 145
37, 273
37, 401
37, 146
37, 402
37, 274
37, 147
37, 275
37, 403
37, 148
37, 404
37, 276
37, 149
37, 277
37, 405
37, 150
37, 406
37, 278
37, 151
37, 279
37, 407
37, 152
37, 408
37, 280
37, 153
37, 281
37, 409
37, 154
37, 410
37, 282
37, 155
37, 283
37, 411
37, 156
37, 412
37, 284
37, 157
37, 285
37, 413
37, 158
37, 414
37, 286
37, 159
37, 287
37, 415
37, 160
37, 416
37, 288
37, 161
37, 289
37, 417
37, 162
37, 418
37, 290
37, 163
37, 291
37, 419
37, 164
37, 420
37, 292
37, 165
37, 293
37, 421
37, 38
37, 166
37, 422
37, 294
37, 39
37, 167
37, 295
37, 423
37, 40
37, 168
37, 424
37, 296
37, 41
37, 169
37, 297
37, 425
37, 42
37, 170
37, 426
37, 298
37, 43
37, 171
37, 299
37, 427
37, 44
37, 172
37, 428
37, 300
37, 45
37, 173
37, 301
37, 429
37, 46
37, 174
37, 430
37, 302
37, 47
37, 175
37, 303
37, 431
37, 48
37, 176
37, 432
37, 304
37, 49
37, 177
37, 305
37, 433
37, 50
37, 178
37, 434
37, 306
37, 51
37, 179
37, 307
37, 435
37, 52
37, 180
37, 436
37, 308
37, 53
37, 181
37, 309
37, 437
37, 54
37, 182
37, 438
37, 310
37, 55
37, 183
37, 311
37, 439
37, 56
37, 184
37, 440
37, 312
37, 57
37, 185
37, 313
37, 441
37, 58
37, 186
37, 442
37, 314
37, 59
37, 187
37, 315
37, 443
37, 60
37, 188
37, 444
37, 316
37, 61
37, 189
37, 317
37, 445
37, 62
37, 190
37, 446
37, 318
37, 63
37, 191
37, 319
37, 447
37, 448
37, 320
37, 192
37, 64
37, 65
37, 321
37, 449
37, 193
37, 194
37, 322
37, 450
37, 66
37, 67
37, 323
37, 195
37, 196
37, 324
37, 68
37, 69
37, 325
37, 197
37, 198
37, 326
37, 70
37, 71
37, 327
37, 199
37, 200
37, 328
37, 72
37, 73
37, 329
37, 201
37, 202
37, 330
37, 74
37, 75
37, 331
37, 203
37, 204
37, 332
37, 76
37, 77
37, 333
37, 205
37, 206
37, 334
37, 78
37, 79
37, 335
37, 207
37, 208
37, 336
37, 80
37, 81
37, 337
37, 209
37, 210
37, 338
37, 82
37, 83
37, 339
37, 211
37, 212
37, 340
37, 84
37, 85
37, 341
37, 213
37, 214
37, 342
37, 86
37, 87
37, 343
37, 215
37, 216
37, 344
37, 88
37, 89
37, 345
37, 217
37, 218
37, 346
37, 90
37, 91
37, 347
37, 219
37, 220
37, 348
37, 92
37, 93
37, 349
37, 221
37, 222
37, 350
37, 94
37, 95
37, 351
37, 223
37, 224
37, 352
37, 96
37, 97
37, 353
37, 225
37, 226
37, 354
37, 98
37, 99
37, 355
37, 227
37, 228
37, 356
37, 100
37, 101
37, 357
37, 229
37, 230
37, 358
37, 102
37, 103
37, 359
37, 231
37, 232
37, 360
37, 104
37, 105
37, 361
37, 233
37, 234
37, 362
37, 106
37, 107
37, 363
37, 235
37, 236
37, 364
37, 108
37, 109
37, 365
37, 237
37, 238
37, 366
37, 110
37, 111
37, 367
37, 239
37, 240
37, 368
37, 112
37, 113
37, 369
37, 241
37, 242
37, 370
37, 114
37, 115
37, 371
37, 243
37, 244
37, 372
37, 116
37, 117
37, 373
37, 245
37, 246
37, 374
37, 118
37, 119
37, 375
37, 247
37, 248
37, 376
37, 120
37, 121
37, 377
37, 249
37, 250
37, 378
37, 122
37, 123
37, 379
37, 251
37, 252
37, 380
37, 124
37, 125
37, 381
37, 253
37, 254
37, 382
37, 126
37, 127
37, 383
37, 255
165, 256
165, 384
165, 385
165, 257
165, 386
165, 258
165, 387
165, 259
165, 388
165, 260
165, 261
165, 389
165, 390
165, 262
165, 263
165, 391
165, 392
165, 264
165, 265
165, 393
165, 394
165, 266
165, 267
165, 395
165, 396
165, 268
165, 269
165, 397
165, 398
165, 270
165, 271
165, 399
165, 400
165, 272
165, 273
165, 401
165, 402
165, 274
165, 275
165, 403
165, 404
165, 276
165, 277
165, 405
165, 406
165, 278
165, 279
165, 407
165, 408
165, 280
165, 281
165, 409
165, 410
165, 282
165, 283
165, 411
165, 412
165, 284
165, 285
165, 413
165, 414
165, 286
165, 287
165, 415
165, 416
165, 288
165, 289
165, 417
165, 418
165, 290
165, 291
165, 419
165, 420
165, 292
165, 293
165, 421
165, 166
165, 422
165, 294
165, 167
165, 295
165, 423
165, 168
165, 424
165, 296
165, 169
165, 297
165, 425
165, 170
165, 426
165, 298
165, 171
165, 299
165, 427
165, 172
165, 428
165, 300
165, 173
165, 301
165, 429
165, 174
165, 430
165, 302
165, 175
165, 303
165, 431
165, 176
165, 432
165, 304
165, 177
165, 305
165, 433
165, 178
165, 434
165, 306
165, 179
165, 307
165, 435
165, 180
165, 436
165, 308
165, 181
165, 309
165, 437
165, 182
165, 438
165, 310
165, 183
165, 311
165, 439
165, 184
165, 440
165, 312
165, 185
165, 313
165, 441
165, 186
165, 442
165, 314
165, 187
165, 315
165, 443
165, 188
165, 444
165, 316
165, 189
165, 317
165, 445
165, 190
165, 446
165, 318
165, 191
165, 319
165, 447
165, 448
165, 320
165, 192
165, 321
165, 449
165, 193
165, 194
165, 322
165, 450
165, 323
165, 195
165, 196
165, 324
165, 325
165, 197
165, 198
165, 326
165, 327
165, 199
165, 200
165, 328
165, 329
165, 201
165, 202
165, 330
165, 331
165, 203
165, 204
165, 332
165, 333
165, 205
165, 206
165, 334
165, 335
165, 207
165, 208
165, 336
165, 337
165, 209
165, 210
165, 338
165, 339
165, 211
165, 212
165, 340
165, 341
165, 213
165, 214
165, 342
165, 343
165, 215
165, 216
165, 344
165, 345
165, 217
165, 218
165, 346
165, 347
165, 219
165, 220
165, 348
165, 349
165, 221
165, 222
165, 350
165, 351
165, 223
165, 224
165, 352
165, 353
165, 225
165, 226
165, 354
165, 355
165, 227
165, 228
165, 356
165, 357
165, 229
165, 230
165, 358
165, 359
165, 231
165, 232
165, 360
165, 361
165, 233
165, 234
165, 362
165, 363
165, 235
165, 236
165, 364
165, 365
165, 237
165, 238
165, 366
165, 367
165, 239
165, 240
165, 368
165, 369
165, 241
165, 242
165, 370
165, 371
165, 243
165, 244
165, 372
165, 373
165, 245
165, 246
165, 374
165, 375
165, 247
165, 248
165, 376
165, 377
165, 249
165, 250
165, 378
165, 379
165, 251
165, 252
165, 380
165, 381
165, 253
165, 254
165, 382
165, 383
165, 255
422, 448
422, 449
422, 450
422, 423
422, 424
422, 425
422, 426
422, 427
422, 428
422, 429
422, 430
422, 431
422, 432
422, 433
422, 434
422, 435
422, 436
422, 437
422, 438
422, 439
422, 440
422, 441
422, 442
422, 443
422, 444
422, 445
422, 446
422, 447
294, 320
294, 384
294, 448
294, 321
294, 385
294, 449
294, 450
294, 322
294, 386
294, 387
294, 323
294, 388
294, 324
294, 389
294, 325
294, 326
294, 390
294, 391
294, 327
294, 328
294, 392
294, 393
294, 329
294, 330
294, 394
294, 395
294, 331
294, 332
294, 396
294, 397
294, 333
294, 334
294, 398
294, 399
294, 335
294, 336
294, 400
294, 401
294, 337
294, 338
294, 402
294, 403
294, 339
294, 340
294, 404
294, 405
294, 341
294, 342
294, 406
294, 407
294, 343
294, 344
294, 408
294, 409
294, 345
294, 346
294, 410
294, 411
294, 347
294, 348
294, 412
294, 413
294, 349
294, 350
294, 414
294, 415
294, 351
294, 352
294, 416
294, 417
294, 353
294, 354
294, 418
294, 419
294, 355
294, 356
294, 420
294, 421
294, 357
294, 358
294, 422
294, 423
294, 359
294, 295
294, 296
294, 360
294, 424
294, 425
294, 361
294, 297
294, 298
294, 362
294, 426
294, 427
294, 363
294, 299
294, 300
294, 364
294, 428
294, 429
294, 365
294, 301
294, 302
294, 366
294, 430
294, 431
294, 367
294, 303
294, 304
294, 368
294, 432
294, 433
294, 369
294, 305
294, 306
294, 370
294, 434
294, 435
294, 371
294, 307
294, 308
294, 372
294, 436
294, 437
294, 373
294, 309
294, 310
294, 374
294, 438
294, 439
294, 375
294, 311
294, 312
294, 376
294, 440
294, 441
294, 377
294, 313
294, 314
294, 378
294, 442
294, 443
294, 379
294, 315
294, 316
294, 380
294, 444
294, 445
294, 381
294, 317
294, 318
294, 382
294, 446
294, 447
294, 383
294, 319
38, 128
38, 384
38, 256
38, 257
38, 385
38, 129
38, 258
38, 386
38, 130
38, 387
38, 259
38, 131
38, 132
38, 388
38, 260
38, 133
38, 261
38, 389
38, 134
38, 390
38, 262
38, 135
38, 263
38, 391
38, 136
38, 392
38, 264
38, 137
38, 265
38, 393
38, 138
38, 394
38, 266
38, 139
38, 267
38, 395
38, 140
38, 396
38, 268
38, 141
38, 269
38, 397
38, 142
38, 398
38, 270
38, 143
38, 271
38, 399
38, 144
38, 400
38, 272
38, 145
38, 273
38, 401
38, 146
38, 402
38, 274
38, 147
38, 275
38, 403
38, 148
38, 404
38, 276
38, 149
38, 277
38, 405
38, 150
38, 406
38, 278
38, 151
38, 279
38, 407
38, 152
38, 408
38, 280
38, 153
38, 281
38, 409
38, 154
38, 410
38, 282
38, 155
38, 283
38, 411
38, 156
38, 412
38, 284
38, 157
38, 285
38, 413
38, 158
38, 414
38, 286
38, 159
38, 287
38, 415
38, 160
38, 416
38, 288
38, 161
38, 289
38, 417
38, 162
38, 418
38, 290
38, 163
38, 291
38, 419
38, 164
38, 420
38, 292
38, 165
38, 293
38, 421
38, 166
38, 422
38, 294
38, 39
38, 167
38, 295
38, 423
38, 40
38, 168
38, 424
38, 296
38, 41
38, 169
38, 297
38, 425
38, 42
38, 170
38, 426
38, 298
38, 43
38, 171
38, 299
38, 427
38, 44
38, 172
38, 428
38, 300
38, 45
38, 173
38, 301
38, 429
38, 46
38, 174
38, 430
38, 302
38, 47
38, 175
38, 303
38, 431
38, 48
38, 176
38, 432
38, 304
38, 49
38, 177
38, 305
38, 433
38, 50
38, 178
38, 434
38, 306
38, 51
38, 179
38, 307
38, 435
38, 52
38, 180
38, 436
38, 308
38, 53
38, 181
38, 309
38, 437
38, 54
38, 182
38, 438
38, 310
38, 55
38, 183
38, 311
38, 439
38, 56
38, 184
38, 440
38, 312
38, 57
38, 185
38, 313
38, 441
38, 58
38, 186
38, 442
38, 314
38, 59
38, 187
38, 315
38, 443
38, 60
38, 188
38, 444
38, 316
38, 61
38, 189
38, 317
38, 445
38, 62
38, 190
38, 446
38, 318
38, 63
38, 191
38, 319
38, 447
38, 192
38, 64
38, 320
38, 448
38, 193
38, 449
38, 321
38, 65
38, 66
38, 450
38, 322
38, 194
38, 195
38, 323
38, 67
38, 68
38, 324
38, 196
38, 197
38, 325
38, 69
38, 70
38, 326
38, 198
38, 199
38, 327
38, 71
38, 72
38, 328
38, 200
38, 201
38, 329
38, 73
38, 74
38, 330
38, 202
38, 203
38, 331
38, 75
38, 76
38, 332
38, 204
38, 205
38, 333
38, 77
38, 78
38, 334
38, 206
38, 207
38, 335
38, 79
38, 80
38, 336
38, 208
38, 209
38, 337
38, 81
38, 82
38, 338
38, 210
38, 211
38, 339
38, 83
38, 84
38, 340
38, 212
38, 213
38, 341
38, 85
38, 86
38, 342
38, 214
38, 215
38, 343
38, 87
38, 88
38, 344
38, 216
38, 217
38, 345
38, 89
38, 90
38, 346
38, 218
38, 219
38, 347
38, 91
38, 92
38, 348
38, 220
38, 221
38, 349
38, 93
38, 94
38, 350
38, 222
38, 223
38, 351
38, 95
38, 96
38, 352
38, 224
38, 225
38, 353
38, 97
38, 98
38, 354
38, 226
38, 227
38, 355
38, 99
38, 100
38, 356
38, 228
38, 229
38, 357
38, 101
38, 102
38, 358
38, 230
38, 231
38, 359
38, 103
38, 104
38, 360
38, 232
38, 233
38, 361
38, 105
38, 106
38, 362
38, 234
38, 235
38, 363
38, 107
38, 108
38, 364
38, 236
38, 237
38, 365
38, 109
38, 110
38, 366
38, 238
38, 239
38, 367
38, 111
38, 112
38, 368
38, 240
38, 241
38, 369
38, 113
38, 114
38, 370
38, 242
38, 243
38, 371
38, 115
38, 116
38, 372
38, 244
38, 245
38, 373
38, 117
38, 118
38, 374
38, 246
38, 247
38, 375
38, 119
38, 120
38, 376
38, 248
38, 249
38, 377
38, 121
38, 122
38, 378
38, 250
38, 251
38, 379
38, 123
38, 124
38, 380
38, 252
38, 253
38, 381
38, 125
38, 126
38, 382
38, 254
38, 255
38, 383
38, 127
166, 384
166, 256
166, 257
166, 385
166, 258
166, 386
166, 259
166, 387
166, 388
166, 260
166, 261
166, 389
166, 390
166, 262
166, 263
166, 391
166, 392
166, 264
166, 265
166, 393
166, 394
166, 266
166, 267
166, 395
166, 396
166, 268
166, 269
166, 397
166, 398
166, 270
166, 271
166, 399
166, 400
166, 272
166, 273
166, 401
166, 402
166, 274
166, 275
166, 403
166, 404
166, 276
166, 277
166, 405
166, 406
166, 278
166, 279
166, 407
166, 408
166, 280
166, 281
166, 409
166, 410
166, 282
166, 283
166, 411
166, 412
166, 284
166, 285
166, 413
166, 414
166, 286
166, 287
166, 415
166, 416
166, 288
166, 289
166, 417
166, 418
166, 290
166, 291
166, 419
166, 420
166, 292
166, 293
166, 421
166, 422
166, 294
166, 167
166, 295
166, 423
166, 168
166, 424
166, 296
166, 169
166, 297
166, 425
166, 170
166, 426
166, 298
166, 171
166, 299
166, 427
166, 172
166, 428
166, 300
166, 173
166, 301
166, 429
166, 174
166, 430
166, 302
166, 175
166, 303
166, 431
166, 176
166, 432
166, 304
166, 177
166, 305
166, 433
166, 178
166, 434
166, 306
166, 179
166, 307
166, 435
166, 180
166, 436
166, 308
166, 181
166, 309
166, 437
166, 182
166, 438
166, 310
166, 183
166, 311
166, 439
166, 184
166, 440
166, 312
166, 185
166, 313
166, 441
166, 186
166, 442
166, 314
166, 187
166, 315
166, 443
166, 188
166, 444
166, 316
166, 189
166, 317
166, 445
166, 190
166, 446
166, 318
166, 191
166, 319
166, 447
166, 448
166, 320
166, 192
166, 193
166, 449
166, 321
166, 450
166, 322
166, 194
166, 195
166, 323
166, 324
166, 196
166, 197
166, 325
166, 326
166, 198
166, 199
166, 327
166, 328
166, 200
166, 201
166, 329
166, 330
166, 202
166, 203
166, 331
166, 332
166, 204
166, 205
166, 333
166, 334
166, 206
166, 207
166, 335
166, 336
166, 208
166, 209
166, 337
166, 338
166, 210
166, 211
166, 339
166, 340
166, 212
166, 213
166, 341
166, 342
166, 214
166, 215
166, 343
166, 344
166, 216
166, 217
166, 345
166, 346
166, 218
166, 219
166, 347
166, 348
166, 220
166, 221
166, 349
166, 350
166, 222
166, 223
166, 351
166, 352
166, 224
166, 225
166, 353
166, 354
166, 226
166, 227
166, 355
166, 356
166, 228
166, 229
166, 357
166, 358
166, 230
166, 231
166, 359
166, 360
166, 232
166, 233
166, 361
166, 362
166, 234
166, 235
166, 363
166, 364
166, 236
166, 237
166, 365
166, 366
166, 238
166, 239
166, 367
166, 368
166, 240
166, 241
166, 369
166, 370
166, 242
166, 243
166, 371
166, 372
166, 244
166, 245
166, 373
166, 374
166, 246
166, 247
166, 375
166, 376
166, 248
166, 249
166, 377
166, 378
166, 250
166, 251
166, 379
166, 380
166, 252
166, 253
166, 381
166, 382
166, 254
166, 255
166, 383
423, 448
423, 449
423, 450
423, 424
423, 425
423, 426
423, 427
423, 428
423, 429
423, 430
423, 431
423, 432
423, 433
423, 434
423, 435
423, 436
423, 437
423, 438
423, 439
423, 440
423, 441
423, 442
423, 443
423, 444
423, 445
423, 446
423, 447
295, 320
295, 384
295, 448
295, 321
295, 385
295, 449
295, 322
295, 386
295, 450
295, 323
295, 387
295, 324
295, 388
295, 325
295, 389
295, 390
295, 326
295, 327
295, 391
295, 392
295, 328
295, 329
295, 393
295, 394
295, 330
295, 331
295, 395
295, 396
295, 332
295, 333
295, 397
295, 398
295, 334
295, 335
295, 399
295, 400
295, 336
295, 337
295, 401
295, 402
295, 338
295, 339
295, 403
295, 404
295, 340
295, 341
295, 405
295, 406
295, 342
295, 343
295, 407
295, 408
295, 344
295, 345
295, 409
295, 410
295, 346
295, 347
295, 411
295, 412
295, 348
295, 349
295, 413
295, 414
295, 350
295, 351
295, 415
295, 416
295, 352
295, 353
295, 417
295, 418
295, 354
295, 355
295, 419
295, 420
295, 356
295, 357
295, 421
295, 422
295, 358
295, 359
295, 423
295, 424
295, 360
295, 296
295, 297
295, 361
295, 425
295, 426
295, 362
295, 298
295, 299
295, 363
295, 427
295, 428
295, 364
295, 300
295, 301
295, 365
295, 429
295, 430
295, 366
295, 302
295, 303
295, 367
295, 431
295, 432
295, 368
295, 304
295, 305
295, 369
295, 433
295, 434
295, 370
295, 306
295, 307
295, 371
295, 435
295, 436
295, 372
295, 308
295, 309
295, 373
295, 437
295, 438
295, 374
295, 310
295, 311
295, 375
295, 439
295, 440
295, 376
295, 312
295, 313
295, 377
295, 441
295, 442
295, 378
295, 314
295, 315
295, 379
295, 443
295, 444
295, 380
295, 316
295, 317
295, 381
295, 445
295, 446
295, 382
295, 318
295, 319
295, 383
295, 447
39, 256
39, 384
39, 128
39, 129
39, 385
39, 257
39, 386
39, 258
39, 130
39, 387
39, 259
39, 131
39, 132
39, 388
39, 260
39, 133
39, 261
39, 389
39, 134
39, 390
39, 262
39, 135
39, 263
39, 391
39, 136
39, 392
39, 264
39, 137
39, 265
39, 393
39, 138
39, 394
39, 266
39, 139
39, 267
39, 395
39, 140
39, 396
39, 268
39, 141
39, 269
39, 397
39, 142
39, 398
39, 270
39, 143
39, 271
39, 399
39, 144
39, 400
39, 272
39, 145
39, 273
39, 401
39, 146
39, 402
39, 274
39, 147
39, 275
39, 403
39, 148
39, 404
39, 276
39, 149
39, 277
39, 405
39, 150
39, 406
39, 278
39, 151
39, 279
39, 407
39, 152
39, 408
39, 280
39, 153
39, 281
39, 409
39, 154
39, 410
39, 282
39, 155
39, 283
39, 411
39, 156
39, 412
39, 284
39, 157
39, 285
39, 413
39, 158
39, 414
39, 286
39, 159
39, 287
39, 415
39, 160
39, 416
39, 288
39, 161
39, 289
39, 417
39, 162
39, 418
39, 290
39, 163
39, 291
39, 419
39, 164
39, 420
39, 292
39, 165
39, 293
39, 421
39, 166
39, 422
39, 294
39, 167
39, 295
39, 423
39, 40
39, 168
39, 424
39, 296
39, 41
39, 169
39, 297
39, 425
39, 42
39, 170
39, 426
39, 298
39, 43
39, 171
39, 299
39, 427
39, 44
39, 172
39, 428
39, 300
39, 45
39, 173
39, 301
39, 429
39, 46
39, 174
39, 430
39, 302
39, 47
39, 175
39, 303
39, 431
39, 48
39, 176
39, 432
39, 304
39, 49
39, 177
39, 305
39, 433
39, 50
39, 178
39, 434
39, 306
39, 51
39, 179
39, 307
39, 435
39, 52
39, 180
39, 436
39, 308
39, 53
39, 181
39, 309
39, 437
39, 54
39, 182
39, 438
39, 310
39, 55
39, 183
39, 311
39, 439
39, 56
39, 184
39, 440
39, 312
39, 57
39, 185
39, 313
39, 441
39, 58
39, 186
39, 442
39, 314
39, 59
39, 187
39, 315
39, 443
39, 60
39, 188
39, 444
39, 316
39, 61
39, 189
39, 317
39, 445
39, 62
39, 190
39, 446
39, 318
39, 63
39, 191
39, 319
39, 447
39, 320
39, 448
39, 64
39, 192
39, 65
39, 321
39, 449
39, 193
39, 194
39, 322
39, 450
39, 66
39, 67
39, 323
39, 195
39, 196
39, 324
39, 68
39, 69
39, 325
39, 197
39, 198
39, 326
39, 70
39, 71
39, 327
39, 199
39, 200
39, 328
39, 72
39, 73
39, 329
39, 201
39, 202
39, 330
39, 74
39, 75
39, 331
39, 203
39, 204
39, 332
39, 76
39, 77
39, 333
39, 205
39, 206
39, 334
39, 78
39, 79
39, 335
39, 207
39, 208
39, 336
39, 80
39, 81
39, 337
39, 209
39, 210
39, 338
39, 82
39, 83
39, 339
39, 211
39, 212
39, 340
39, 84
39, 85
39, 341
39, 213
39, 214
39, 342
39, 86
39, 87
39, 343
39, 215
39, 216
39, 344
39, 88
39, 89
39, 345
39, 217
39, 218
39, 346
39, 90
39, 91
39, 347
39, 219
39, 220
39, 348
39, 92
39, 93
39, 349
39, 221
39, 222
39, 350
39, 94
39, 95
39, 351
39, 223
39, 224
39, 352
39, 96
39, 97
39, 353
39, 225
39, 226
39, 354
39, 98
39, 99
39, 355
39, 227
39, 228
39, 356
39, 100
39, 101
39, 357
39, 229
39, 230
39, 358
39, 102
39, 103
39, 359
39, 231
39, 232
39, 360
39, 104
39, 105
39, 361
39, 233
39, 234
39, 362
39, 106
39, 107
39, 363
39, 235
39, 236
39, 364
39, 108
39, 109
39, 365
39, 237
39, 238
39, 366
39, 110
39, 111
39, 367
39, 239
39, 240
39, 368
39, 112
39, 113
39, 369
39, 241
39, 242
39, 370
39, 114
39, 115
39, 371
39, 243
39, 244
39, 372
39, 116
39, 117
39, 373
39, 245
39, 246
39, 374
39, 118
39, 119
39, 375
39, 247
39, 248
39, 376
39, 120
39, 121
39, 377
39, 249
39, 250
39, 378
39, 122
39, 123
39, 379
39, 251
39, 252
39, 380
39, 124
39, 125
39, 381
39, 253
39, 254
39, 382
39, 126
39, 127
39, 383
39, 255
167, 256
167, 384
167, 385
167, 257
167, 386
167, 258
167, 387
167, 259
167, 388
167, 260
167, 261
167, 389
167, 390
167, 262
167, 263
167, 391
167, 392
167, 264
167, 265
167, 393
167, 394
167, 266
167, 267
167, 395
167, 396
167, 268
167, 269
167, 397
167, 398
167, 270
167, 271
167, 399
167, 400
167, 272
167, 273
167, 401
167, 402
167, 274
167, 275
167, 403
167, 404
167, 276
167, 277
167, 405
167, 406
167, 278
167, 279
167, 407
167, 408
167, 280
167, 281
167, 409
167, 410
167, 282
167, 283
167, 411
167, 412
167, 284
167, 285
167, 413
167, 414
167, 286
167, 287
167, 415
167, 416
167, 288
167, 289
167, 417
167, 418
167, 290
167, 291
167, 419
167, 420
167, 292
167, 293
167, 421
167, 422
167, 294
167, 295
167, 423
167, 168
167, 424
167, 296
167, 169
167, 297
167, 425
167, 170
167, 426
167, 298
167, 171
167, 299
167, 427
167, 172
167, 428
167, 300
167, 173
167, 301
167, 429
167, 174
167, 430
167, 302
167, 175
167, 303
167, 431
167, 176
167, 432
167, 304
167, 177
167, 305
167, 433
167, 178
167, 434
167, 306
167, 179
167, 307
167, 435
167, 180
167, 436
167, 308
167, 181
167, 309
167, 437
167, 182
167, 438
167, 310
167, 183
167, 311
167, 439
167, 184
167, 440
167, 312
167, 185
167, 313
167, 441
167, 186
167, 442
167, 314
167, 187
167, 315
167, 443
167, 188
167, 444
167, 316
167, 189
167, 317
167, 445
167, 190
167, 446
167, 318
167, 191
167, 319
167, 447
167, 448
167, 320
167, 192
167, 321
167, 449
167, 193
167, 194
167, 322
167, 450
167, 323
167, 195
167, 196
167, 324
167, 325
167, 197
167, 198
167, 326
167, 327
167, 199
167, 200
167, 328
167, 329
167, 201
167, 202
167, 330
167, 331
167, 203
167, 204
167, 332
167, 333
167, 205
167, 206
167, 334
167, 335
167, 207
167, 208
167, 336
167, 337
167, 209
167, 210
167, 338
167, 339
167, 211
167, 212
167, 340
167, 341
167, 213
167, 214
167, 342
167, 343
167, 215
167, 216
167, 344
167, 345
167, 217
167, 218
167, 346
167, 347
167, 219
167, 220
167, 348
167, 349
167, 221
167, 222
167, 350
167, 351
167, 223
167, 224
167, 352
167, 353
167, 225
167, 226
167, 354
167, 355
167, 227
167, 228
167, 356
167, 357
167, 229
167, 230
167, 358
167, 359
167, 231
167, 232
167, 360
167, 361
167, 233
167, 234
167, 362
167, 363
167, 235
167, 236
167, 364
167, 365
167, 237
167, 238
167, 366
167, 367
167, 239
167, 240
167, 368
167, 369
167, 241
167, 242
167, 370
167, 371
167, 243
167, 244
167, 372
167, 373
167, 245
167, 246
167, 374
167, 375
167, 247
167, 248
167, 376
167, 377
167, 249
167, 250
167, 378
167, 379
167, 251
167, 252
167, 380
167, 381
167, 253
167, 254
167, 382
167, 383
167, 255
424, 448
424, 449
424, 450
424, 425
424, 426
424, 427
424, 428
424, 429
424, 430
424, 431
424, 432
424, 433
424, 434
424, 435
424, 436
424, 437
424, 438
424, 439
424, 440
424, 441
424, 442
424, 443
424, 444
424, 445
424, 446
424, 447
296, 320
296, 384
296, 448
296, 321
296, 385
296, 449
296, 386
296, 450
296, 322
296, 387
296, 323
296, 388
296, 324
296, 389
296, 325
296, 326
296, 390
296, 391
296, 327
296, 328
296, 392
296, 393
296, 329
296, 330
296, 394
296, 395
296, 331
296, 332
296, 396
296, 397
296, 333
296, 334
296, 398
296, 399
296, 335
296, 336
296, 400
296, 401
296, 337
296, 338
296, 402
296, 403
296, 339
296, 340
296, 404
296, 405
296, 341
296, 342
296, 406
296, 407
296, 343
296, 344
296, 408
296, 409
296, 345
296, 346
296, 410
296, 411
296, 347
296, 348
296, 412
296, 413
296, 349
296, 350
296, 414
296, 415
296, 351
296, 352
296, 416
296, 417
296, 353
296, 354
296, 418
296, 419
296, 355
296, 356
296, 420
296, 421
296, 357
296, 358
296, 422
296, 423
296, 359
296, 360
296, 424
296, 425
296, 361
296, 297
296, 298
296, 362
296, 426
296, 427
296, 363
296, 299
296, 300
296, 364
296, 428
296, 429
296, 365
296, 301
296, 302
296, 366
296, 430
296, 431
296, 367
296, 303
296, 304
296, 368
296, 432
296, 433
296, 369
296, 305
296, 306
296, 370
296, 434
296, 435
296, 371
296, 307
296, 308
296, 372
296, 436
296, 437
296, 373
296, 309
296, 310
296, 374
296, 438
296, 439
296, 375
296, 311
296, 312
296, 376
296, 440
296, 441
296, 377
296, 313
296, 314
296, 378
296, 442
296, 443
296, 379
296, 315
296, 316
296, 380
296, 444
296, 445
296, 381
296, 317
296, 318
296, 382
296, 446
296, 447
296, 383
296, 319
40, 128
40, 384
40, 256
40, 257
40, 385
40, 129
40, 258
40, 386
40, 130
40, 387
40, 259
40, 131
40, 132
40, 388
40, 260
40, 133
40, 261
40, 389
40, 134
40, 390
40, 262
40, 135
40, 263
40, 391
40, 136
40, 392
40, 264
40, 137
40, 265
40, 393
40, 138
40, 394
40, 266
40, 139
40, 267
40, 395
40, 140
40, 396
40, 268
40, 141
40, 269
40, 397
40, 142
40, 398
40, 270
40, 143
40, 271
40, 399
40, 144
40, 400
40, 272
40, 145
40, 273
40, 401
40, 146
40, 402
40, 274
40, 147
40, 275
40, 403
40, 148
40, 404
40, 276
40, 149
40, 277
40, 405
40, 150
40, 406
40, 278
40, 151
40, 279
40, 407
40, 152
40, 408
40, 280
40, 153
40, 281
40, 409
40, 154
40, 410
40, 282
40, 155
40, 283
40, 411
40, 156
40, 412
40, 284
40, 157
40, 285
40, 413
40, 158
40, 414
40, 286
40, 159
40, 287
40, 415
40, 160
40, 416
40, 288
40, 161
40, 289
40, 417
40, 162
40, 418
40, 290
40, 163
40, 291
40, 419
40, 164
40, 420
40, 292
40, 165
40, 293
40, 421
40, 166
40, 422
40, 294
40, 167
40, 295
40, 423
40, 168
40, 424
40, 296
40, 41
40, 169
40, 297
40, 425
40, 42
40, 170
40, 426
40, 298
40, 43
40, 171
40, 299
40, 427
40, 44
40, 172
40, 428
40, 300
40, 45
40, 173
40, 301
40, 429
40, 46
40, 174
40, 430
40, 302
40, 47
40, 175
40, 303
40, 431
40, 48
40, 176
40, 432
40, 304
40, 49
40, 177
40, 305
40, 433
40, 50
40, 178
40, 434
40, 306
40, 51
40, 179
40, 307
40, 435
40, 52
40, 180
40, 436
40, 308
40, 53
40, 181
40, 309
40, 437
40, 54
40, 182
40, 438
40, 310
40, 55
40, 183
40, 311
40, 439
40, 56
40, 184
40, 440
40, 312
40, 57
40, 185
40, 313
40, 441
40, 58
40, 186
40, 442
40, 314
40, 59
40, 187
40, 315
40, 443
40, 60
40, 188
40, 444
40, 316
40, 61
40, 189
40, 317
40, 445
40, 62
40, 190
40, 446
40, 318
40, 63
40, 191
40, 319
40, 447
40, 64
40, 192
40, 448
40, 320
40, 193
40, 449
40, 321
40, 65
40, 66
40, 450
40, 322
40, 194
40, 195
40, 323
40, 67
40, 68
40, 324
40, 196
40, 197
40, 325
40, 69
40, 70
40, 326
40, 198
40, 199
40, 327
40, 71
40, 72
40, 328
40, 200
40, 201
40, 329
40, 73
40, 74
40, 330
40, 202
40, 203
40, 331
40, 75
40, 76
40, 332
40, 204
40, 205
40, 333
40, 77
40, 78
40, 334
40, 206
40, 207
40, 335
40, 79
40, 80
40, 336
40, 208
40, 209
40, 337
40, 81
40, 82
40, 338
40, 210
40, 211
40, 339
40, 83
40, 84
40, 340
40, 212
40, 213
40, 341
40, 85
40, 86
40, 342
40, 214
40, 215
40, 343
40, 87
40, 88
40, 344
40, 216
40, 217
40, 345
40, 89
40, 90
40, 346
40, 218
40, 219
40, 347
40, 91
40, 92
40, 348
40, 220
40, 221
40, 349
40, 93
40, 94
40, 350
40, 222
40, 223
40, 351
40, 95
40, 96
40, 352
40, 224
40, 225
40, 353
40, 97
40, 98
40, 354
40, 226
40, 227
40, 355
40, 99
40, 100
40, 356
40, 228
40, 229
40, 357
40, 101
40, 102
40, 358
40, 230
40, 231
40, 359
40, 103
40, 104
40, 360
40, 232
40, 233
40, 361
40, 105
40, 106
40, 362
40, 234
40, 235
40, 363
40, 107
40, 108
40, 364
40, 236
40, 237
40, 365
40, 109
40, 110
40, 366
40, 238
40, 239
40, 367
40, 111
40, 112
40, 368
40, 240
40, 241
40, 369
40, 113
40, 114
40, 370
40, 242
40, 243
40, 371
40, 115
40, 116
40, 372
40, 244
40, 245
40, 373
40, 117
40, 118
40, 374
40, 246
40, 247
40, 375
40, 119
40, 120
40, 376
40, 248
40, 249
40, 377
40, 121
40, 122
40, 378
40, 250
40, 251
40, 379
40, 123
40, 124
40, 380
40, 252
40, 253
40, 381
40, 125
40, 126
40, 382
40, 254
40, 255
40, 383
40, 127
168, 384
168, 256
168, 257
168, 385
168, 258
168, 386
168, 259
168, 387
168, 388
168, 260
168, 261
168, 389
168, 390
168, 262
168, 263
168, 391
168, 392
168, 264
168, 265
168, 393
168, 394
168, 266
168, 267
168, 395
168, 396
168, 268
168, 269
168, 397
168, 398
168, 270
168, 271
168, 399
168, 400
168, 272
168, 273
168, 401
168, 402
168, 274
168, 275
168, 403
168, 404
168, 276
168, 277
168, 405
168, 406
168, 278
168, 279
168, 407
168, 408
168, 280
168, 281
168, 409
168, 410
168, 282
168, 283
168, 411
168, 412
168, 284
168, 285
168, 413
168, 414
168, 286
168, 287
168, 415
168, 416
168, 288
168, 289
168, 417
168, 418
168, 290
168, 291
168, 419
168, 420
168, 292
168, 293
168, 421
168, 422
168, 294
168, 295
168, 423
168, 424
168, 296
168, 169
168, 297
168, 425
168, 170
168, 426
168, 298
168, 171
168, 299
168, 427
168, 172
168, 428
168, 300
168, 173
168, 301
168, 429
168, 174
168, 430
168, 302
168, 175
168, 303
168, 431
168, 176
168, 432
168, 304
168, 177
168, 305
168, 433
168, 178
168, 434
168, 306
168, 179
168, 307
168, 435
168, 180
168, 436
168, 308
168, 181
168, 309
168, 437
168, 182
168, 438
168, 310
168, 183
168, 311
168, 439
168, 184
168, 440
168, 312
168, 185
168, 313
168, 441
168, 186
168, 442
168, 314
168, 187
168, 315
168, 443
168, 188
168, 444
168, 316
168, 189
168, 317
168, 445
168, 190
168, 446
168, 318
168, 191
168, 319
168, 447
168, 448
168, 320
168, 192
168, 193
168, 449
168, 321
168, 450
168, 322
168, 194
168, 195
168, 323
168, 324
168, 196
168, 197
168, 325
168, 326
168, 198
168, 199
168, 327
168, 328
168, 200
168, 201
168, 329
168, 330
168, 202
168, 203
168, 331
168, 332
168, 204
168, 205
168, 333
168, 334
168, 206
168, 207
168, 335
168, 336
168, 208
168, 209
168, 337
168, 338
168, 210
168, 211
168, 339
168, 340
168, 212
168, 213
168, 341
168, 342
168, 214
168, 215
168, 343
168, 344
168, 216
168, 217
168, 345
168, 346
168, 218
168, 219
168, 347
168, 348
168, 220
168, 221
168, 349
168, 350
168, 222
168, 223
168, 351
168, 352
168, 224
168, 225
168, 353
168, 354
168, 226
168, 227
168, 355
168, 356
168, 228
168, 229
168, 357
168, 358
168, 230
168, 231
168, 359
168, 360
168, 232
168, 233
168, 361
168, 362
168, 234
168, 235
168, 363
168, 364
168, 236
168, 237
168, 365
168, 366
168, 238
168, 239
168, 367
168, 368
168, 240
168, 241
168, 369
168, 370
168, 242
168, 243
168, 371
168, 372
168, 244
168, 245
168, 373
168, 374
168, 246
168, 247
168, 375
168, 376
168, 248
168, 249
168, 377
168, 378
168, 250
168, 251
168, 379
168, 380
168, 252
168, 253
168, 381
168, 382
168, 254
168, 255
168, 383
425, 448
425, 449
425, 450
425, 426
425, 427
425, 428
425, 429
425, 430
425, 431
425, 432
425, 433
425, 434
425, 435
425, 436
425, 437
425, 438
425, 439
425, 440
425, 441
425, 442
425, 443
425, 444
425, 445
425, 446
425, 447
297, 320
297, 384
297, 448
297, 321
297, 385
297, 449
297, 450
297, 322
297, 386
297, 323
297, 387
297, 324
297, 388
297, 325
297, 389
297, 390
297, 326
297, 327
297, 391
297, 392
297, 328
297, 329
297, 393
297, 394
297, 330
297, 331
297, 395
297, 396
297, 332
297, 333
297, 397
297, 398
297, 334
297, 335
297, 399
297, 400
297, 336
297, 337
297, 401
297, 402
297, 338
297, 339
297, 403
297, 404
297, 340
297, 341
297, 405
297, 406
297, 342
297, 343
297, 407
297, 408
297, 344
297, 345
297, 409
297, 410
297, 346
297, 347
297, 411
297, 412
297, 348
297, 349
297, 413
297, 414
297, 350
297, 351
297, 415
297, 416
297, 352
297, 353
297, 417
297, 418
297, 354
297, 355
297, 419
297, 420
297, 356
297, 357
297, 421
297, 422
297, 358
297, 359
297, 423
297, 424
297, 360
297, 361
297, 425
297, 426
297, 362
297, 298
297, 299
297, 363
297, 427
297, 428
297, 364
297, 300
297, 301
297, 365
297, 429
297, 430
297, 366
297, 302
297, 303
297, 367
297, 431
297, 432
297, 368
297, 304
297, 305
297, 369
297, 433
297, 434
297, 370
297, 306
297, 307
297, 371
297, 435
297, 436
297, 372
297, 308
297, 309
297, 373
297, 437
297, 438
297, 374
297, 310
297, 311
297, 375
297, 439
297, 440
297, 376
297, 312
297, 313
297, 377
297, 441
297, 442
297, 378
297, 314
297, 315
297, 379
297, 443
297, 444
297, 380
297, 316
297, 317
297, 381
297, 445
297, 446
297, 382
297, 318
297, 319
297, 383
297, 447
41, 256
41, 384
41, 128
41, 129
41, 385
41, 257
41, 386
41, 258
41, 130
41, 387
41, 259
41, 131
41, 132
41, 388
41, 260
41, 133
41, 261
41, 389
41, 134
41, 390
41, 262
41, 135
41, 263
41, 391
41, 136
41, 392
41, 264
41, 137
41, 265
41, 393
41, 138
41, 394
41, 266
41, 139
41, 267
41, 395
41, 140
41, 396
41, 268
41, 141
41, 269
41, 397
41, 142
41, 398
41, 270
41, 143
41, 271
41, 399
41, 144
41, 400
41, 272
41, 145
41, 273
41, 401
41, 146
41, 402
41, 274
41, 147
41, 275
41, 403
41, 148
41, 404
41, 276
41, 149
41, 277
41, 405
41, 150
41, 406
41, 278
41, 151
41, 279
41, 407
41, 152
41, 408
41, 280
41, 153
41, 281
41, 409
41, 154
41, 410
41, 282
41, 155
41, 283
41, 411
41, 156
41, 412
41, 284
41, 157
41, 285
41, 413
41, 158
41, 414
41, 286
41, 159
41, 287
41, 415
41, 160
41, 416
41, 288
41, 161
41, 289
41, 417
41, 162
41, 418
41, 290
41, 163
41, 291
41, 419
41, 164
41, 420
41, 292
41, 165
41, 293
41, 421
41, 166
41, 422
41, 294
41, 167
41, 295
41, 423
41, 168
41, 424
41, 296
41, 169
41, 297
41, 425
41, 42
41, 170
41, 426
41, 298
41, 43
41, 171
41, 299
41, 427
41, 44
41, 172
41, 428
41, 300
41, 45
41, 173
41, 301
41, 429
41, 46
41, 174
41, 430
41, 302
41, 47
41, 175
41, 303
41, 431
41, 48
41, 176
41, 432
41, 304
41, 49
41, 177
41, 305
41, 433
41, 50
41, 178
41, 434
41, 306
41, 51
41, 179
41, 307
41, 435
41, 52
41, 180
41, 436
41, 308
41, 53
41, 181
41, 309
41, 437
41, 54
41, 182
41, 438
41, 310
41, 55
41, 183
41, 311
41, 439
41, 56
41, 184
41, 440
41, 312
41, 57
41, 185
41, 313
41, 441
41, 58
41, 186
41, 442
41, 314
41, 59
41, 187
41, 315
41, 443
41, 60
41, 188
41, 444
41, 316
41, 61
41, 189
41, 317
41, 445
41, 62
41, 190
41, 446
41, 318
41, 63
41, 191
41, 319
41, 447
41, 448
41, 320
41, 192
41, 64
41, 65
41, 321
41, 449
41, 193
41, 194
41, 322
41, 450
41, 66
41, 67
41, 323
41, 195
41, 196
41, 324
41, 68
41, 69
41, 325
41, 197
41, 198
41, 326
41, 70
41, 71
41, 327
41, 199
41, 200
41, 328
41, 72
41, 73
41, 329
41, 201
41, 202
41, 330
41, 74
41, 75
41, 331
41, 203
41, 204
41, 332
41, 76
41, 77
41, 333
41, 205
41, 206
41, 334
41, 78
41, 79
41, 335
41, 207
41, 208
41, 336
41, 80
41, 81
41, 337
41, 209
41, 210
41, 338
41, 82
41, 83
41, 339
41, 211
41, 212
41, 340
41, 84
41, 85
41, 341
41, 213
41, 214
41, 342
41, 86
41, 87
41, 343
41, 215
41, 216
41, 344
41, 88
41, 89
41, 345
41, 217
41, 218
41, 346
41, 90
41, 91
41, 347
41, 219
41, 220
41, 348
41, 92
41, 93
41, 349
41, 221
41, 222
41, 350
41, 94
41, 95
41, 351
41, 223
41, 224
41, 352
41, 96
41, 97
41, 353
41, 225
41, 226
41, 354
41, 98
41, 99
41, 355
41, 227
41, 228
41, 356
41, 100
41, 101
41, 357
41, 229
41, 230
41, 358
41, 102
41, 103
41, 359
41, 231
41, 232
41, 360
41, 104
41, 105
41, 361
41, 233
41, 234
41, 362
41, 106
41, 107
41, 363
41, 235
41, 236
41, 364
41, 108
41, 109
41, 365
41, 237
41, 238
41, 366
41, 110
41, 111
41, 367
41, 239
41, 240
41, 368
41, 112
41, 113
41, 369
41, 241
41, 242
41, 370
41, 114
41, 115
41, 371
41, 243
41, 244
41, 372
41, 116
41, 117
41, 373
41, 245
41, 246
41, 374
41, 118
41, 119
41, 375
41, 247
41, 248
41, 376
41, 120
41, 121
41, 377
41, 249
41, 250
41, 378
41, 122
41, 123
41, 379
41, 251
41, 252
41, 380
41, 124
41, 125
41, 381
41, 253
41, 254
41, 382
41, 126
41, 127
41, 383
41, 255
169, 256
169, 384
169, 385
169, 257
169, 386
169, 258
169, 387
169, 259
169, 388
169, 260
169, 261
169, 389
169, 390
169, 262
169, 263
169, 391
169, 392
169, 264
169, 265
169, 393
169, 394
169, 266
169, 267
169, 395
169, 396
169, 268
169, 269
169, 397
169, 398
169, 270
169, 271
169, 399
169, 400
169, 272
169, 273
169, 401
169, 402
169, 274
169, 275
169, 403
169, 404
169, 276
169, 277
169, 405
169, 406
169, 278
169, 279
169, 407
169, 408
169, 280
169, 281
169, 409
169, 410
169, 282
169, 283
169, 411
169, 412
169, 284
169, 285
169, 413
169, 414
169, 286
169, 287
169, 415
169, 416
169, 288
169, 289
169, 417
169, 418
169, 290
169, 291
169, 419
169, 420
169, 292
169, 293
169, 421
169, 422
169, 294
169, 295
169, 423
169, 424
169, 296
169, 297
169, 425
169, 170
169, 426
169, 298
169, 171
169, 299
169, 427
169, 172
169, 428
169, 300
169, 173
169, 301
169, 429
169, 174
169, 430
169, 302
169, 175
169, 303
169, 431
169, 176
169, 432
169, 304
169, 177
169, 305
169, 433
169, 178
169, 434
169, 306
169, 179
169, 307
169, 435
169, 180
169, 436
169, 308
169, 181
169, 309
169, 437
169, 182
169, 438
169, 310
169, 183
169, 311
169, 439
169, 184
169, 440
169, 312
169, 185
169, 313
169, 441
169, 186
169, 442
169, 314
169, 187
169, 315
169, 443
169, 188
169, 444
169, 316
169, 189
169, 317
169, 445
169, 190
169, 446
169, 318
169, 191
169, 319
169, 447
169, 448
169, 320
169, 192
169, 321
169, 449
169, 193
169, 194
169, 322
169, 450
169, 323
169, 195
169, 196
169, 324
169, 325
169, 197
169, 198
169, 326
169, 327
169, 199
169, 200
169, 328
169, 329
169, 201
169, 202
169, 330
169, 331
169, 203
169, 204
169, 332
169, 333
169, 205
169, 206
169, 334
169, 335
169, 207
169, 208
169, 336
169, 337
169, 209
169, 210
169, 338
169, 339
169, 211
169, 212
169, 340
169, 341
169, 213
169, 214
169, 342
169, 343
169, 215
169, 216
169, 344
169, 345
169, 217
169, 218
169, 346
169, 347
169, 219
169, 220
169, 348
169, 349
169, 221
169, 222
169, 350
169, 351
169, 223
169, 224
169, 352
169, 353
169, 225
169, 226
169, 354
169, 355
169, 227
169, 228
169, 356
169, 357
169, 229
169, 230
169, 358
169, 359
169, 231
169, 232
169, 360
169, 361
169, 233
169, 234
169, 362
169, 363
169, 235
169, 236
169, 364
169, 365
169, 237
169, 238
169, 366
169, 367
169, 239
169, 240
169, 368
169, 369
169, 241
169, 242
169, 370
169, 371
169, 243
169, 244
169, 372
169, 373
169, 245
169, 246
169, 374
169, 375
169, 247
169, 248
169, 376
169, 377
169, 249
169, 250
169, 378
169, 379
169, 251
169, 252
169, 380
169, 381
169, 253
169, 254
169, 382
169, 383
169, 255
426, 448
426, 449
426, 450
426, 427
426, 428
426, 429
426, 430
426, 431
426, 432
426, 433
426, 434
426, 435
426, 436
426, 437
426, 438
426, 439
426, 440
426, 441
426, 442
426, 443
426, 444
426, 445
426, 446
426, 447
298, 320
298, 384
298, 448
298, 321
298, 385
298, 449
298, 322
298, 386
298, 450
298, 387
298, 323
298, 388
298, 324
298, 389
298, 325
298, 326
298, 390
298, 391
298, 327
298, 328
298, 392
298, 393
298, 329
298, 330
298, 394
298, 395
298, 331
298, 332
298, 396
298, 397
298, 333
298, 334
298, 398
298, 399
298, 335
298, 336
298, 400
298, 401
298, 337
298, 338
298, 402
298, 403
298, 339
298, 340
298, 404
298, 405
298, 341
298, 342
298, 406
298, 407
298, 343
298, 344
298, 408
298, 409
298, 345
298, 346
298, 410
298, 411
298, 347
298, 348
298, 412
298, 413
298, 349
298, 350
298, 414
298, 415
298, 351
298, 352
298, 416
298, 417
298, 353
298, 354
298, 418
298, 419
298, 355
298, 356
298, 420
298, 421
298, 357
298, 358
298, 422
298, 423
298, 359
298, 360
298, 424
298, 425
298, 361
298, 362
298, 426
298, 427
298, 363
298, 299
298, 300
298, 364
298, 428
298, 429
298, 365
298, 301
298, 302
298, 366
298, 430
298, 431
298, 367
298, 303
298, 304
298, 368
298, 432
298, 433
298, 369
298, 305
298, 306
298, 370
298, 434
298, 435
298, 371
298, 307
298, 308
298, 372
298, 436
298, 437
298, 373
298, 309
298, 310
298, 374
298, 438
298, 439
298, 375
298, 311
298, 312
298, 376
298, 440
298, 441
298, 377
298, 313
298, 314
298, 378
298, 442
298, 443
298, 379
298, 315
298, 316
298, 380
298, 444
298, 445
298, 381
298, 317
298, 318
298, 382
298, 446
298, 447
298, 383
298, 319
42, 128
42, 384
42, 256
42, 257
42, 385
42, 129
42, 258
42, 386
42, 130
42, 387
42, 259
42, 131
42, 132
42, 388
42, 260
42, 133
42, 261
42, 389
42, 134
42, 390
42, 262
42, 135
42, 263
42, 391
42, 136
42, 392
42, 264
42, 137
42, 265
42, 393
42, 138
42, 394
42, 266
42, 139
42, 267
42, 395
42, 140
42, 396
42, 268
42, 141
42, 269
42, 397
42, 142
42, 398
42, 270
42, 143
42, 271
42, 399
42, 144
42, 400
42, 272
42, 145
42, 273
42, 401
42, 146
42, 402
42, 274
42, 147
42, 275
42, 403
42, 148
42, 404
42, 276
42, 149
42, 277
42, 405
42, 150
42, 406
42, 278
42, 151
42, 279
42, 407
42, 152
42, 408
42, 280
42, 153
42, 281
42, 409
42, 154
42, 410
42, 282
42, 155
42, 283
42, 411
42, 156
42, 412
42, 284
42, 157
42, 285
42, 413
42, 158
42, 414
42, 286
42, 159
42, 287
42, 415
42, 160
42, 416
42, 288
42, 161
42, 289
42, 417
42, 162
42, 418
42, 290
42, 163
42, 291
42, 419
42, 164
42, 420
42, 292
42, 165
42, 293
42, 421
42, 166
42, 422
42, 294
42, 167
42, 295
42, 423
42, 168
42, 424
42, 296
42, 169
42, 297
42, 425
42, 170
42, 426
42, 298
42, 43
42, 171
42, 299
42, 427
42, 44
42, 172
42, 428
42, 300
42, 45
42, 173
42, 301
42, 429
42, 46
42, 174
42, 430
42, 302
42, 47
42, 175
42, 303
42, 431
42, 48
42, 176
42, 432
42, 304
42, 49
42, 177
42, 305
42, 433
42, 50
42, 178
42, 434
42, 306
42, 51
42, 179
42, 307
42, 435
42, 52
42, 180
42, 436
42, 308
42, 53
42, 181
42, 309
42, 437
42, 54
42, 182
42, 438
42, 310
42, 55
42, 183
42, 311
42, 439
42, 56
42, 184
42, 440
42, 312
42, 57
42, 185
42, 313
42, 441
42, 58
42, 186
42, 442
42, 314
42, 59
42, 187
42, 315
42, 443
42, 60
42, 188
42, 444
42, 316
42, 61
42, 189
42, 317
42, 445
42, 62
42, 190
42, 446
42, 318
42, 63
42, 191
42, 319
42, 447
42, 192
42, 64
42, 320
42, 448
42, 193
42, 449
42, 321
42, 65
42, 66
42, 450
42, 322
42, 194
42, 195
42, 323
42, 67
42, 68
42, 324
42, 196
42, 197
42, 325
42, 69
42, 70
42, 326
42, 198
42, 199
42, 327
42, 71
42, 72
42, 328
42, 200
42, 201
42, 329
42, 73
42, 74
42, 330
42, 202
42, 203
42, 331
42, 75
42, 76
42, 332
42, 204
42, 205
42, 333
42, 77
42, 78
42, 334
42, 206
42, 207
42, 335
42, 79
42, 80
42, 336
42, 208
42, 209
42, 337
42, 81
42, 82
42, 338
42, 210
42, 211
42, 339
42, 83
42, 84
42, 340
42, 212
42, 213
42, 341
42, 85
42, 86
42, 342
42, 214
42, 215
42, 343
42, 87
42, 88
42, 344
42, 216
42, 217
42, 345
42, 89
42, 90
42, 346
42, 218
42, 219
42, 347
42, 91
42, 92
42, 348
42, 220
42, 221
42, 349
42, 93
42, 94
42, 350
42, 222
42, 223
42, 351
42, 95
42, 96
42, 352
42, 224
42, 225
42, 353
42, 97
42, 98
42, 354
42, 226
42, 227
42, 355
42, 99
42, 100
42, 356
42, 228
42, 229
42, 357
42, 101
42, 102
42, 358
42, 230
42, 231
42, 359
42, 103
42, 104
42, 360
42, 232
42, 233
42, 361
42, 105
42, 106
42, 362
42, 234
42, 235
42, 363
42, 107
42, 108
42, 364
42, 236
42, 237
42, 365
42, 109
42, 110
42, 366
42, 238
42, 239
42, 367
42, 111
42, 112
42, 368
42, 240
42, 241
42, 369
42, 113
42, 114
42, 370
42, 242
42, 243
42, 371
42, 115
42, 116
42, 372
42, 244
42, 245
42, 373
42, 117
42, 118
42, 374
42, 246
42, 247
42, 375
42, 119
42, 120
42, 376
42, 248
42, 249
42, 377
42, 121
42, 122
42, 378
42, 250
42, 251
42, 379
42, 123
42, 124
42, 380
42, 252
42, 253
42, 381
42, 125
42, 126
42, 382
42, 254
42, 255
42, 383
42, 127
170, 384
170, 256
170, 257
170, 385
170, 258
170, 386
170, 259
170, 387
170, 388
170, 260
170, 261
170, 389
170, 390
170, 262
170, 263
170, 391
170, 392
170, 264
170, 265
170, 393
170, 394
170, 266
170, 267
170, 395
170, 396
170, 268
170, 269
170, 397
170, 398
170, 270
170, 271
170, 399
170, 400
170, 272
170, 273
170, 401
170, 402
170, 274
170, 275
170, 403
170, 404
170, 276
170, 277
170, 405
170, 406
170, 278
170, 279
170, 407
170, 408
170, 280
170, 281
170, 409
170, 410
170, 282
170, 283
170, 411
170, 412
170, 284
170, 285
170, 413
170, 414
170, 286
170, 287
170, 415
170, 416
170, 288
170, 289
170, 417
170, 418
170, 290
170, 291
170, 419
170, 420
170, 292
170, 293
170, 421
170, 422
170, 294
170, 295
170, 423
170, 424
170, 296
170, 297
170, 425
170, 426
170, 298
170, 171
170, 299
170, 427
170, 172
170, 428
170, 300
170, 173
170, 301
170, 429
170, 174
170, 430
170, 302
170, 175
170, 303
170, 431
170, 176
170, 432
170, 304
170, 177
170, 305
170, 433
170, 178
170, 434
170, 306
170, 179
170, 307
170, 435
170, 180
170, 436
170, 308
170, 181
170, 309
170, 437
170, 182
170, 438
170, 310
170, 183
170, 311
170, 439
170, 184
170, 440
170, 312
170, 185
170, 313
170, 441
170, 186
170, 442
170, 314
170, 187
170, 315
170, 443
170, 188
170, 444
170, 316
170, 189
170, 317
170, 445
170, 190
170, 446
170, 318
170, 191
170, 319
170, 447
170, 448
170, 320
170, 192
170, 193
170, 449
170, 321
170, 450
170, 322
170, 194
170, 195
170, 323
170, 324
170, 196
170, 197
170, 325
170, 326
170, 198
170, 199
170, 327
170, 328
170, 200
170, 201
170, 329
170, 330
170, 202
170, 203
170, 331
170, 332
170, 204
170, 205
170, 333
170, 334
170, 206
170, 207
170, 335
170, 336
170, 208
170, 209
170, 337
170, 338
170, 210
170, 211
170, 339
170, 340
170, 212
170, 213
170, 341
170, 342
170, 214
170, 215
170, 343
170, 344
170, 216
170, 217
170, 345
170, 346
170, 218
170, 219
170, 347
170, 348
170, 220
170, 221
170, 349
170, 350
170, 222
170, 223
170, 351
170, 352
170, 224
170, 225
170, 353
170, 354
170, 226
170, 227
170, 355
170, 356
170, 228
170, 229
170, 357
170, 358
170, 230
170, 231
170, 359
170, 360
170, 232
170, 233
170, 361
170, 362
170, 234
170, 235
170, 363
170, 364
170, 236
170, 237
170, 365
170, 366
170, 238
170, 239
170, 367
170, 368
170, 240
170, 241
170, 369
170, 370
170, 242
170, 243
170, 371
170, 372
170, 244
170, 245
170, 373
170, 374
170, 246
170, 247
170, 375
170, 376
170, 248
170, 249
170, 377
170, 378
170, 250
170, 251
170, 379
170, 380
170, 252
170, 253
170, 381
170, 382
170, 254
170, 255
170, 383
427, 448
427, 449
427, 450
427, 428
427, 429
427, 430
427, 431
427, 432
427, 433
427, 434
427, 435
427, 436
427, 437
427, 438
427, 439
427, 440
427, 441
427, 442
427, 443
427, 444
427, 445
427, 446
427, 447
299, 320
299, 384
299, 448
299, 321
299, 385
299, 449
299, 386
299, 450
299, 322
299, 323
299, 387
299, 324
299, 388
299, 325
299, 389
299, 390
299, 326
299, 327
299, 391
299, 392
299, 328
299, 329
299, 393
299, 394
299, 330
299, 331
299, 395
299, 396
299, 332
299, 333
299, 397
299, 398
299, 334
299, 335
299, 399
299, 400
299, 336
299, 337
299, 401
299, 402
299, 338
299, 339
299, 403
299, 404
299, 340
299, 341
299, 405
299, 406
299, 342
299, 343
299, 407
299, 408
299, 344
299, 345
299, 409
299, 410
299, 346
299, 347
299, 411
299, 412
299, 348
299, 349
299, 413
299, 414
299, 350
299, 351
299, 415
299, 416
299, 352
299, 353
299, 417
299, 418
299, 354
299, 355
299, 419
299, 420
299, 356
299, 357
299, 421
299, 422
299, 358
299, 359
299, 423
299, 424
299, 360
299, 361
299, 425
299, 426
299, 362
299, 363
299, 427
299, 428
299, 364
299, 300
299, 301
299, 365
299, 429
299, 430
299, 366
299, 302
299, 303
299, 367
299, 431
299, 432
299, 368
299, 304
299, 305
299, 369
299, 433
299, 434
299, 370
299, 306
299, 307
299, 371
299, 435
299, 436
299, 372
299, 308
299, 309
299, 373
299, 437
299, 438
299, 374
299, 310
299, 311
299, 375
299, 439
299, 440
299, 376
299, 312
299, 313
299, 377
299, 441
299, 442
299, 378
299, 314
299, 315
299, 379
299, 443
299, 444
299, 380
299, 316
299, 317
299, 381
299, 445
299, 446
299, 382
299, 318
299, 319
299, 383
299, 447
43, 256
43, 384
43, 128
43, 129
43, 385
43, 257
43, 386
43, 258
43, 130
43, 387
43, 259
43, 131
43, 132
43, 388
43, 260
43, 133
43, 261
43, 389
43, 134
43, 390
43, 262
43, 135
43, 263
43, 391
43, 136
43, 392
43, 264
43, 137
43, 265
43, 393
43, 138
43, 394
43, 266
43, 139
43, 267
43, 395
43, 140
43, 396
43, 268
43, 141
43, 269
43, 397
43, 142
43, 398
43, 270
43, 143
43, 271
43, 399
43, 144
43, 400
43, 272
43, 145
43, 273
43, 401
43, 146
43, 402
43, 274
43, 147
43, 275
43, 403
43, 148
43, 404
43, 276
43, 149
43, 277
43, 405
43, 150
43, 406
43, 278
43, 151
43, 279
43, 407
43, 152
43, 408
43, 280
43, 153
43, 281
43, 409
43, 154
43, 410
43, 282
43, 155
43, 283
43, 411
43, 156
43, 412
43, 284
43, 157
43, 285
43, 413
43, 158
43, 414
43, 286
43, 159
43, 287
43, 415
43, 160
43, 416
43, 288
43, 161
43, 289
43, 417
43, 162
43, 418
43, 290
43, 163
43, 291
43, 419
43, 164
43, 420
43, 292
43, 165
43, 293
43, 421
43, 166
43, 422
43, 294
43, 167
43, 295
43, 423
43, 168
43, 424
43, 296
43, 169
43, 297
43, 425
43, 170
43, 426
43, 298
43, 171
43, 299
43, 427
43, 44
43, 172
43, 428
43, 300
43, 45
43, 173
43, 301
43, 429
43, 46
43, 174
43, 430
43, 302
43, 47
43, 175
43, 303
43, 431
43, 48
43, 176
43, 432
43, 304
43, 49
43, 177
43, 305
43, 433
43, 50
43, 178
43, 434
43, 306
43, 51
43, 179
43, 307
43, 435
43, 52
43, 180
43, 436
43, 308
43, 53
43, 181
43, 309
43, 437
43, 54
43, 182
43, 438
43, 310
43, 55
43, 183
43, 311
43, 439
43, 56
43, 184
43, 440
43, 312
43, 57
43, 185
43, 313
43, 441
43, 58
43, 186
43, 442
43, 314
43, 59
43, 187
43, 315
43, 443
43, 60
43, 188
43, 444
43, 316
43, 61
43, 189
43, 317
43, 445
43, 62
43, 190
43, 446
43, 318
43, 63
43, 191
43, 319
43, 447
43, 320
43, 448
43, 64
43, 192
43, 65
43, 321
43, 449
43, 193
43, 194
43, 322
43, 450
43, 66
43, 67
43, 323
43, 195
43, 196
43, 324
43, 68
43, 69
43, 325
43, 197
43, 198
43, 326
43, 70
43, 71
43, 327
43, 199
43, 200
43, 328
43, 72
43, 73
43, 329
43, 201
43, 202
43, 330
43, 74
43, 75
43, 331
43, 203
43, 204
43, 332
43, 76
43, 77
43, 333
43, 205
43, 206
43, 334
43, 78
43, 79
43, 335
43, 207
43, 208
43, 336
43, 80
43, 81
43, 337
43, 209
43, 210
43, 338
43, 82
43, 83
43, 339
43, 211
43, 212
43, 340
43, 84
43, 85
43, 341
43, 213
43, 214
43, 342
43, 86
43, 87
43, 343
43, 215
43, 216
43, 344
43, 88
43, 89
43, 345
43, 217
43, 218
43, 346
43, 90
43, 91
43, 347
43, 219
43, 220
43, 348
43, 92
43, 93
43, 349
43, 221
43, 222
43, 350
43, 94
43, 95
43, 351
43, 223
43, 224
43, 352
43, 96
43, 97
43, 353
43, 225
43, 226
43, 354
43, 98
43, 99
43, 355
43, 227
43, 228
43, 356
43, 100
43, 101
43, 357
43, 229
43, 230
43, 358
43, 102
43, 103
43, 359
43, 231
43, 232
43, 360
43, 104
43, 105
43, 361
43, 233
43, 234
43, 362
43, 106
43, 107
43, 363
43, 235
43, 236
43, 364
43, 108
43, 109
43, 365
43, 237
43, 238
43, 366
43, 110
43, 111
43, 367
43, 239
43, 240
43, 368
43, 112
43, 113
43, 369
43, 241
43, 242
43, 370
43, 114
43, 115
43, 371
43, 243
43, 244
43, 372
43, 116
43, 117
43, 373
43, 245
43, 246
43, 374
43, 118
43, 119
43, 375
43, 247
43, 248
43, 376
43, 120
43, 121
43, 377
43, 249
43, 250
43, 378
43, 122
43, 123
43, 379
43, 251
43, 252
43, 380
43, 124
43, 125
43, 381
43, 253
43, 254
43, 382
43, 126
43, 127
43, 383
43, 255
171, 256
171, 384
171, 385
171, 257
171, 386
171, 258
171, 387
171, 259
171, 388
171, 260
171, 261
171, 389
171, 390
171, 262
171, 263
171, 391
171, 392
171, 264
171, 265
171, 393
171, 394
171, 266
171, 267
171, 395
171, 396
171, 268
171, 269
171, 397
171, 398
171, 270
171, 271
171, 399
171, 400
171, 272
171, 273
171, 401
171, 402
171, 274
171, 275
171, 403
171, 404
171, 276
171, 277
171, 405
171, 406
171, 278
171, 279
171, 407
171, 408
171, 280
171, 281
171, 409
171, 410
171, 282
171, 283
171, 411
171, 412
171, 284
171, 285
171, 413
171, 414
171, 286
171, 287
171, 415
171, 416
171, 288
171, 289
171, 417
171, 418
171, 290
171, 291
171, 419
171, 420
171, 292
171, 293
171, 421
171, 422
171, 294
171, 295
171, 423
171, 424
171, 296
171, 297
171, 425
171, 426
171, 298
171, 299
171, 427
171, 172
171, 428
171, 300
171, 173
171, 301
171, 429
171, 174
171, 430
171, 302
171, 175
171, 303
171, 431
171, 176
171, 432
171, 304
171, 177
171, 305
171, 433
171, 178
171, 434
171, 306
171, 179
171, 307
171, 435
171, 180
171, 436
171, 308
171, 181
171, 309
171, 437
171, 182
171, 438
171, 310
171, 183
171, 311
171, 439
171, 184
171, 440
171, 312
171, 185
171, 313
171, 441
171, 186
171, 442
171, 314
171, 187
171, 315
171, 443
171, 188
171, 444
171, 316
171, 189
171, 317
171, 445
171, 190
171, 446
171, 318
171, 191
171, 319
171, 447
171, 448
171, 320
171, 192
171, 321
171, 449
171, 193
171, 194
171, 322
171, 450
171, 323
171, 195
171, 196
171, 324
171, 325
171, 197
171, 198
171, 326
171, 327
171, 199
171, 200
171, 328
171, 329
171, 201
171, 202
171, 330
171, 331
171, 203
171, 204
171, 332
171, 333
171, 205
171, 206
171, 334
171, 335
171, 207
171, 208
171, 336
171, 337
171, 209
171, 210
171, 338
171, 339
171, 211
171, 212
171, 340
171, 341
171, 213
171, 214
171, 342
171, 343
171, 215
171, 216
171, 344
171, 345
171, 217
171, 218
171, 346
171, 347
171, 219
171, 220
171, 348
171, 349
171, 221
171, 222
171, 350
171, 351
171, 223
171, 224
171, 352
171, 353
171, 225
171, 226
171, 354
171, 355
171, 227
171, 228
171, 356
171, 357
171, 229
171, 230
171, 358
171, 359
171, 231
171, 232
171, 360
171, 361
171, 233
171, 234
171, 362
171, 363
171, 235
171, 236
171, 364
171, 365
171, 237
171, 238
171, 366
171, 367
171, 239
171, 240
171, 368
171, 369
171, 241
171, 242
171, 370
171, 371
171, 243
171, 244
171, 372
171, 373
171, 245
171, 246
171, 374
171, 375
171, 247
171, 248
171, 376
171, 377
171, 249
171, 250
171, 378
171, 379
171, 251
171, 252
171, 380
171, 381
171, 253
171, 254
171, 382
171, 383
171, 255
428, 448
428, 449
428, 450
428, 429
428, 430
428, 431
428, 432
428, 433
428, 434
428, 435
428, 436
428, 437
428, 438
428, 439
428, 440
428, 441
428, 442
428, 443
428, 444
428, 445
428, 446
428, 447
300, 320
300, 384
300, 448
300, 321
300, 385
300, 449
300, 450
300, 322
300, 386
300, 387
300, 323
300, 388
300, 324
300, 389
300, 325
300, 326
300, 390
300, 391
300, 327
300, 328
300, 392
300, 393
300, 329
300, 330
300, 394
300, 395
300, 331
300, 332
300, 396
300, 397
300, 333
300, 334
300, 398
300, 399
300, 335
300, 336
300, 400
300, 401
300, 337
300, 338
300, 402
300, 403
300, 339
300, 340
300, 404
300, 405
300, 341
300, 342
300, 406
300, 407
300, 343
300, 344
300, 408
300, 409
300, 345
300, 346
300, 410
300, 411
300, 347
300, 348
300, 412
300, 413
300, 349
300, 350
300, 414
300, 415
300, 351
300, 352
300, 416
300, 417
300, 353
300, 354
300, 418
300, 419
300, 355
300, 356
300, 420
300, 421
300, 357
300, 358
300, 422
300, 423
300, 359
300, 360
300, 424
300, 425
300, 361
300, 362
300, 426
300, 427
300, 363
300, 364
300, 428
300, 429
300, 365
300, 301
300, 302
300, 366
300, 430
300, 431
300, 367
300, 303
300, 304
300, 368
300, 432
300, 433
300, 369
300, 305
300, 306
300, 370
300, 434
300, 435
300, 371
300, 307
300, 308
300, 372
300, 436
300, 437
300, 373
300, 309
300, 310
300, 374
300, 438
300, 439
300, 375
300, 311
300, 312
300, 376
300, 440
300, 441
300, 377
300, 313
300, 314
300, 378
300, 442
300, 443
300, 379
300, 315
300, 316
300, 380
300, 444
300, 445
300, 381
300, 317
300, 318
300, 382
300, 446
300, 447
300, 383
300, 319
44, 128
44, 384
44, 256
44, 257
44, 385
44, 129
44, 258
44, 386
44, 130
44, 387
44, 259
44, 131
44, 132
44, 388
44, 260
44, 133
44, 261
44, 389
44, 134
44, 390
44, 262
44, 135
44, 263
44, 391
44, 136
44, 392
44, 264
44, 137
44, 265
44, 393
44, 138
44, 394
44, 266
44, 139
44, 267
44, 395
44, 140
44, 396
44, 268
44, 141
44, 269
44, 397
44, 142
44, 398
44, 270
44, 143
44, 271
44, 399
44, 144
44, 400
44, 272
44, 145
44, 273
44, 401
44, 146
44, 402
44, 274
44, 147
44, 275
44, 403
44, 148
44, 404
44, 276
44, 149
44, 277
44, 405
44, 150
44, 406
44, 278
44, 151
44, 279
44, 407
44, 152
44, 408
44, 280
44, 153
44, 281
44, 409
44, 154
44, 410
44, 282
44, 155
44, 283
44, 411
44, 156
44, 412
44, 284
44, 157
44, 285
44, 413
44, 158
44, 414
44, 286
44, 159
44, 287
44, 415
44, 160
44, 416
44, 288
44, 161
44, 289
44, 417
44, 162
44, 418
44, 290
44, 163
44, 291
44, 419
44, 164
44, 420
44, 292
44, 165
44, 293
44, 421
44, 166
44, 422
44, 294
44, 167
44, 295
44, 423
44, 168
44, 424
44, 296
44, 169
44, 297
44, 425
44, 170
44, 426
44, 298
44, 171
44, 299
44, 427
44, 172
44, 428
44, 300
44, 45
44, 173
44, 301
44, 429
44, 46
44, 174
44, 430
44, 302
44, 47
44, 175
44, 303
44, 431
44, 48
44, 176
44, 432
44, 304
44, 49
44, 177
44, 305
44, 433
44, 50
44, 178
44, 434
44, 306
44, 51
44, 179
44, 307
44, 435
44, 52
44, 180
44, 436
44, 308
44, 53
44, 181
44, 309
44, 437
44, 54
44, 182
44, 438
44, 310
44, 55
44, 183
44, 311
44, 439
44, 56
44, 184
44, 440
44, 312
44, 57
44, 185
44, 313
44, 441
44, 58
44, 186
44, 442
44, 314
44, 59
44, 187
44, 315
44, 443
44, 60
44, 188
44, 444
44, 316
44, 61
44, 189
44, 317
44, 445
44, 62
44, 190
44, 446
44, 318
44, 63
44, 191
44, 319
44, 447
44, 64
44, 192
44, 448
44, 320
44, 193
44, 449
44, 321
44, 65
44, 66
44, 450
44, 322
44, 194
44, 195
44, 323
44, 67
44, 68
44, 324
44, 196
44, 197
44, 325
44, 69
44, 70
44, 326
44, 198
44, 199
44, 327
44, 71
44, 72
44, 328
44, 200
44, 201
44, 329
44, 73
44, 74
44, 330
44, 202
44, 203
44, 331
44, 75
44, 76
44, 332
44, 204
44, 205
44, 333
44, 77
44, 78
44, 334
44, 206
44, 207
44, 335
44, 79
44, 80
44, 336
44, 208
44, 209
44, 337
44, 81
44, 82
44, 338
44, 210
44, 211
44, 339
44, 83
44, 84
44, 340
44, 212
44, 213
44, 341
44, 85
44, 86
44, 342
44, 214
44, 215
44, 343
44, 87
44, 88
44, 344
44, 216
44, 217
44, 345
44, 89
44, 90
44, 346
44, 218
44, 219
44, 347
44, 91
44, 92
44, 348
44, 220
44, 221
44, 349
44, 93
44, 94
44, 350
44, 222
44, 223
44, 351
44, 95
44, 96
44, 352
44, 224
44, 225
44, 353
44, 97
44, 98
44, 354
44, 226
44, 227
44, 355
44, 99
44, 100
44, 356
44, 228
44, 229
44, 357
44, 101
44, 102
44, 358
44, 230
44, 231
44, 359
44, 103
44, 104
44, 360
44, 232
44, 233
44, 361
44, 105
44, 106
44, 362
44, 234
44, 235
44, 363
44, 107
44, 108
44, 364
44, 236
44, 237
44, 365
44, 109
44, 110
44, 366
44, 238
44, 239
44, 367
44, 111
44, 112
44, 368
44, 240
44, 241
44, 369
44, 113
44, 114
44, 370
44, 242
44, 243
44, 371
44, 115
44, 116
44, 372
44, 244
44, 245
44, 373
44, 117
44, 118
44, 374
44, 246
44, 247
44, 375
44, 119
44, 120
44, 376
44, 248
44, 249
44, 377
44, 121
44, 122
44, 378
44, 250
44, 251
44, 379
44, 123
44, 124
44, 380
44, 252
44, 253
44, 381
44, 125
44, 126
44, 382
44, 254
44, 255
44, 383
44, 127
172, 384
172, 256
172, 257
172, 385
172, 258
172, 386
172, 259
172, 387
172, 388
172, 260
172, 261
172, 389
172, 390
172, 262
172, 263
172, 391
172, 392
172, 264
172, 265
172, 393
172, 394
172, 266
172, 267
172, 395
172, 396
172, 268
172, 269
172, 397
172, 398
172, 270
172, 271
172, 399
172, 400
172, 272
172, 273
172, 401
172, 402
172, 274
172, 275
172, 403
172, 404
172, 276
172, 277
172, 405
172, 406
172, 278
172, 279
172, 407
172, 408
172, 280
172, 281
172, 409
172, 410
172, 282
172, 283
172, 411
172, 412
172, 284
172, 285
172, 413
172, 414
172, 286
172, 287
172, 415
172, 416
172, 288
172, 289
172, 417
172, 418
172, 290
172, 291
172, 419
172, 420
172, 292
172, 293
172, 421
172, 422
172, 294
172, 295
172, 423
172, 424
172, 296
172, 297
172, 425
172, 426
172, 298
172, 299
172, 427
172, 428
172, 300
172, 173
172, 301
172, 429
172, 174
172, 430
172, 302
172, 175
172, 303
172, 431
172, 176
172, 432
172, 304
172, 177
172, 305
172, 433
172, 178
172, 434
172, 306
172, 179
172, 307
172, 435
172, 180
172, 436
172, 308
172, 181
172, 309
172, 437
172, 182
172, 438
172, 310
172, 183
172, 311
172, 439
172, 184
172, 440
172, 312
172, 185
172, 313
172, 441
172, 186
172, 442
172, 314
172, 187
172, 315
172, 443
172, 188
172, 444
172, 316
172, 189
172, 317
172, 445
172, 190
172, 446
172, 318
172, 191
172, 319
172, 447
172, 448
172, 320
172, 192
172, 193
172, 449
172, 321
172, 450
172, 322
172, 194
172, 195
172, 323
172, 324
172, 196
172, 197
172, 325
172, 326
172, 198
172, 199
172, 327
172, 328
172, 200
172, 201
172, 329
172, 330
172, 202
172, 203
172, 331
172, 332
172, 204
172, 205
172, 333
172, 334
172, 206
172, 207
172, 335
172, 336
172, 208
172, 209
172, 337
172, 338
172, 210
172, 211
172, 339
172, 340
172, 212
172, 213
172, 341
172, 342
172, 214
172, 215
172, 343
172, 344
172, 216
172, 217
172, 345
172, 346
172, 218
172, 219
172, 347
172, 348
172, 220
172, 221
172, 349
172, 350
172, 222
172, 223
172, 351
172, 352
172, 224
172, 225
172, 353
172, 354
172, 226
172, 227
172, 355
172, 356
172, 228
172, 229
172, 357
172, 358
172, 230
172, 231
172, 359
172, 360
172, 232
172, 233
172, 361
172, 362
172, 234
172, 235
172, 363
172, 364
172, 236
172, 237
172, 365
172, 366
172, 238
172, 239
172, 367
172, 368
172, 240
172, 241
172, 369
172, 370
172, 242
172, 243
172, 371
172, 372
172, 244
172, 245
172, 373
172, 374
172, 246
172, 247
172, 375
172, 376
172, 248
172, 249
172, 377
172, 378
172, 250
172, 251
172, 379
172, 380
172, 252
172, 253
172, 381
172, 382
172, 254
172, 255
172, 383
429, 448
429, 449
429, 450
429, 430
429, 431
429, 432
429, 433
429, 434
429, 435
429, 436
429, 437
429, 438
429, 439
429, 440
429, 441
429, 442
429, 443
429, 444
429, 445
429, 446
429, 447
301, 320
301, 384
301, 448
301, 321
301, 385
301, 449
301, 322
301, 386
301, 450
301, 323
301, 387
301, 324
301, 388
301, 325
301, 389
301, 390
301, 326
301, 327
301, 391
301, 392
301, 328
301, 329
301, 393
301, 394
301, 330
301, 331
301, 395
301, 396
301, 332
301, 333
301, 397
301, 398
301, 334
301, 335
301, 399
301, 400
301, 336
301, 337
301, 401
301, 402
301, 338
301, 339
301, 403
301, 404
301, 340
301, 341
301, 405
301, 406
301, 342
301, 343
301, 407
301, 408
301, 344
301, 345
301, 409
301, 410
301, 346
301, 347
301, 411
301, 412
301, 348
301, 349
301, 413
301, 414
301, 350
301, 351
301, 415
301, 416
301, 352
301, 353
301, 417
301, 418
301, 354
301, 355
301, 419
301, 420
301, 356
301, 357
301, 421
301, 422
301, 358
301, 359
301, 423
301, 424
301, 360
301, 361
301, 425
301, 426
301, 362
301, 363
301, 427
301, 428
301, 364
301, 365
301, 429
301, 430
301, 366
301, 302
301, 303
301, 367
301, 431
301, 432
301, 368
301, 304
301, 305
301, 369
301, 433
301, 434
301, 370
301, 306
301, 307
301, 371
301, 435
301, 436
301, 372
301, 308
301, 309
301, 373
301, 437
301, 438
301, 374
301, 310
301, 311
301, 375
301, 439
301, 440
301, 376
301, 312
301, 313
301, 377
301, 441
301, 442
301, 378
301, 314
301, 315
301, 379
301, 443
301, 444
301, 380
301, 316
301, 317
301, 381
301, 445
301, 446
301, 382
301, 318
301, 319
301, 383
301, 447
45, 256
45, 384
45, 128
45, 129
45, 385
45, 257
45, 386
45, 258
45, 130
45, 387
45, 259
45, 131
45, 132
45, 388
45, 260
45, 133
45, 261
45, 389
45, 134
45, 390
45, 262
45, 135
45, 263
45, 391
45, 136
45, 392
45, 264
45, 137
45, 265
45, 393
45, 138
45, 394
45, 266
45, 139
45, 267
45, 395
45, 140
45, 396
45, 268
45, 141
45, 269
45, 397
45, 142
45, 398
45, 270
45, 143
45, 271
45, 399
45, 144
45, 400
45, 272
45, 145
45, 273
45, 401
45, 146
45, 402
45, 274
45, 147
45, 275
45, 403
45, 148
45, 404
45, 276
45, 149
45, 277
45, 405
45, 150
45, 406
45, 278
45, 151
45, 279
45, 407
45, 152
45, 408
45, 280
45, 153
45, 281
45, 409
45, 154
45, 410
45, 282
45, 155
45, 283
45, 411
45, 156
45, 412
45, 284
45, 157
45, 285
45, 413
45, 158
45, 414
45, 286
45, 159
45, 287
45, 415
45, 160
45, 416
45, 288
45, 161
45, 289
45, 417
45, 162
45, 418
45, 290
45, 163
45, 291
45, 419
45, 164
45, 420
45, 292
45, 165
45, 293
45, 421
45, 166
45, 422
45, 294
45, 167
45, 295
45, 423
45, 168
45, 424
45, 296
45, 169
45, 297
45, 425
45, 170
45, 426
45, 298
45, 171
45, 299
45, 427
45, 172
45, 428
45, 300
45, 173
45, 301
45, 429
45, 46
45, 174
45, 430
45, 302
45, 47
45, 175
45, 303
45, 431
45, 48
45, 176
45, 432
45, 304
45, 49
45, 177
45, 305
45, 433
45, 50
45, 178
45, 434
45, 306
45, 51
45, 179
45, 307
45, 435
45, 52
45, 180
45, 436
45, 308
45, 53
45, 181
45, 309
45, 437
45, 54
45, 182
45, 438
45, 310
45, 55
45, 183
45, 311
45, 439
45, 56
45, 184
45, 440
45, 312
45, 57
45, 185
45, 313
45, 441
45, 58
45, 186
45, 442
45, 314
45, 59
45, 187
45, 315
45, 443
45, 60
45, 188
45, 444
45, 316
45, 61
45, 189
45, 317
45, 445
45, 62
45, 190
45, 446
45, 318
45, 63
45, 191
45, 319
45, 447
45, 448
45, 320
45, 192
45, 64
45, 65
45, 321
45, 449
45, 193
45, 194
45, 322
45, 450
45, 66
45, 67
45, 323
45, 195
45, 196
45, 324
45, 68
45, 69
45, 325
45, 197
45, 198
45, 326
45, 70
45, 71
45, 327
45, 199
45, 200
45, 328
45, 72
45, 73
45, 329
45, 201
45, 202
45, 330
45, 74
45, 75
45, 331
45, 203
45, 204
45, 332
45, 76
45, 77
45, 333
45, 205
45, 206
45, 334
45, 78
45, 79
45, 335
45, 207
45, 208
45, 336
45, 80
45, 81
45, 337
45, 209
45, 210
45, 338
45, 82
45, 83
45, 339
45, 211
45, 212
45, 340
45, 84
45, 85
45, 341
45, 213
45, 214
45, 342
45, 86
45, 87
45, 343
45, 215
45, 216
45, 344
45, 88
45, 89
45, 345
45, 217
45, 218
45, 346
45, 90
45, 91
45, 347
45, 219
45, 220
45, 348
45, 92
45, 93
45, 349
45, 221
45, 222
45, 350
45, 94
45, 95
45, 351
45, 223
45, 224
45, 352
45, 96
45, 97
45, 353
45, 225
45, 226
45, 354
45, 98
45, 99
45, 355
45, 227
45, 228
45, 356
45, 100
45, 101
45, 357
45, 229
45, 230
45, 358
45, 102
45, 103
45, 359
45, 231
45, 232
45, 360
45, 104
45, 105
45, 361
45, 233
45, 234
45, 362
45, 106
45, 107
45, 363
45, 235
45, 236
45, 364
45, 108
45, 109
45, 365
45, 237
45, 238
45, 366
45, 110
45, 111
45, 367
45, 239
45, 240
45, 368
45, 112
45, 113
45, 369
45, 241
45, 242
45, 370
45, 114
45, 115
45, 371
45, 243
45, 244
45, 372
45, 116
45, 117
45, 373
45, 245
45, 246
45, 374
45, 118
45, 119
45, 375
45, 247
45, 248
45, 376
45, 120
45, 121
45, 377
45, 249
45, 250
45, 378
45, 122
45, 123
45, 379
45, 251
45, 252
45, 380
45, 124
45, 125
45, 381
45, 253
45, 254
45, 382
45, 126
45, 127
45, 383
45, 255
173, 256
173, 384
173, 385
173, 257
173, 386
173, 258
173, 387
173, 259
173, 388
173, 260
173, 261
173, 389
173, 390
173, 262
173, 263
173, 391
173, 392
173, 264
173, 265
173, 393
173, 394
173, 266
173, 267
173, 395
173, 396
173, 268
173, 269
173, 397
173, 398
173, 270
173, 271
173, 399
173, 400
173, 272
173, 273
173, 401
173, 402
173, 274
173, 275
173, 403
173, 404
173, 276
173, 277
173, 405
173, 406
173, 278
173, 279
173, 407
173, 408
173, 280
173, 281
173, 409
173, 410
173, 282
173, 283
173, 411
173, 412
173, 284
173, 285
173, 413
173, 414
173, 286
173, 287
173, 415
173, 416
173, 288
173, 289
173, 417
173, 418
173, 290
173, 291
173, 419
173, 420
173, 292
173, 293
173, 421
173, 422
173, 294
173, 295
173, 423
173, 424
173, 296
173, 297
173, 425
173, 426
173, 298
173, 299
173, 427
173, 428
173, 300
173, 301
173, 429
173, 174
173, 430
173, 302
173, 175
173, 303
173, 431
173, 176
173, 432
173, 304
173, 177
173, 305
173, 433
173, 178
173, 434
173, 306
173, 179
173, 307
173, 435
173, 180
173, 436
173, 308
173, 181
173, 309
173, 437
173, 182
173, 438
173, 310
173, 183
173, 311
173, 439
173, 184
173, 440
173, 312
173, 185
173, 313
173, 441
173, 186
173, 442
173, 314
173, 187
173, 315
173, 443
173, 188
173, 444
173, 316
173, 189
173, 317
173, 445
173, 190
173, 446
173, 318
173, 191
173, 319
173, 447
173, 448
173, 320
173, 192
173, 321
173, 449
173, 193
173, 194
173, 322
173, 450
173, 323
173, 195
173, 196
173, 324
173, 325
173, 197
173, 198
173, 326
173, 327
173, 199
173, 200
173, 328
173, 329
173, 201
173, 202
173, 330
173, 331
173, 203
173, 204
173, 332
173, 333
173, 205
173, 206
173, 334
173, 335
173, 207
173, 208
173, 336
173, 337
173, 209
173, 210
173, 338
173, 339
173, 211
173, 212
173, 340
173, 341
173, 213
173, 214
173, 342
173, 343
173, 215
173, 216
173, 344
173, 345
173, 217
173, 218
173, 346
173, 347
173, 219
173, 220
173, 348
173, 349
173, 221
173, 222
173, 350
173, 351
173, 223
173, 224
173, 352
173, 353
173, 225
173, 226
173, 354
173, 355
173, 227
173, 228
173, 356
173, 357
173, 229
173, 230
173, 358
173, 359
173, 231
173, 232
173, 360
173, 361
173, 233
173, 234
173, 362
173, 363
173, 235
173, 236
173, 364
173, 365
173, 237
173, 238
173, 366
173, 367
173, 239
173, 240
173, 368
173, 369
173, 241
173, 242
173, 370
173, 371
173, 243
173, 244
173, 372
173, 373
173, 245
173, 246
173, 374
173, 375
173, 247
173, 248
173, 376
173, 377
173, 249
173, 250
173, 378
173, 379
173, 251
173, 252
173, 380
173, 381
173, 253
173, 254
173, 382
173, 383
173, 255
430, 448
430, 449
430, 450
430, 431
430, 432
430, 433
430, 434
430, 435
430, 436
430, 437
430, 438
430, 439
430, 440
430, 441
430, 442
430, 443
430, 444
430, 445
430, 446
430, 447
302, 320
302, 384
302, 448
302, 321
302, 385
302, 449
302, 386
302, 450
302, 322
302, 387
302, 323
302, 388
302, 324
302, 389
302, 325
302, 326
302, 390
302, 391
302, 327
302, 328
302, 392
302, 393
302, 329
302, 330
302, 394
302, 395
302, 331
302, 332
302, 396
302, 397
302, 333
302, 334
302, 398
302, 399
302, 335
302, 336
302, 400
302, 401
302, 337
302, 338
302, 402
302, 403
302, 339
302, 340
302, 404
302, 405
302, 341
302, 342
302, 406
302, 407
302, 343
302, 344
302, 408
302, 409
302, 345
302, 346
302, 410
302, 411
302, 347
302, 348
302, 412
302, 413
302, 349
302, 350
302, 414
302, 415
302, 351
302, 352
302, 416
302, 417
302, 353
302, 354
302, 418
302, 419
302, 355
302, 356
302, 420
302, 421
302, 357
302, 358
302, 422
302, 423
302, 359
302, 360
302, 424
302, 425
302, 361
302, 362
302, 426
302, 427
302, 363
302, 364
302, 428
302, 429
302, 365
302, 366
302, 430
302, 431
302, 367
302, 303
302, 304
302, 368
302, 432
302, 433
302, 369
302, 305
302, 306
302, 370
302, 434
302, 435
302, 371
302, 307
302, 308
302, 372
302, 436
302, 437
302, 373
302, 309
302, 310
302, 374
302, 438
302, 439
302, 375
302, 311
302, 312
302, 376
302, 440
302, 441
302, 377
302, 313
302, 314
302, 378
302, 442
302, 443
302, 379
302, 315
302, 316
302, 380
302, 444
302, 445
302, 381
302, 317
302, 318
302, 382
302, 446
302, 447
302, 383
302, 319
46, 128
46, 384
46, 256
46, 257
46, 385
46, 129
46, 258
46, 386
46, 130
46, 387
46, 259
46, 131
46, 132
46, 388
46, 260
46, 133
46, 261
46, 389
46, 134
46, 390
46, 262
46, 135
46, 263
46, 391
46, 136
46, 392
46, 264
46, 137
46, 265
46, 393
46, 138
46, 394
46, 266
46, 139
46, 267
46, 395
46, 140
46, 396
46, 268
46, 141
46, 269
46, 397
46, 142
46, 398
46, 270
46, 143
46, 271
46, 399
46, 144
46, 400
46, 272
46, 145
46, 273
46, 401
46, 146
46, 402
46, 274
46, 147
46, 275
46, 403
46, 148
46, 404
46, 276
46, 149
46, 277
46, 405
46, 150
46, 406
46, 278
46, 151
46, 279
46, 407
46, 152
46, 408
46, 280
46, 153
46, 281
46, 409
46, 154
46, 410
46, 282
46, 155
46, 283
46, 411
46, 156
46, 412
46, 284
46, 157
46, 285
46, 413
46, 158
46, 414
46, 286
46, 159
46, 287
46, 415
46, 160
46, 416
46, 288
46, 161
46, 289
46, 417
46, 162
46, 418
46, 290
46, 163
46, 291
46, 419
46, 164
46, 420
46, 292
46, 165
46, 293
46, 421
46, 166
46, 422
46, 294
46, 167
46, 295
46, 423
46, 168
46, 424
46, 296
46, 169
46, 297
46, 425
46, 170
46, 426
46, 298
46, 171
46, 299
46, 427
46, 172
46, 428
46, 300
46, 173
46, 301
46, 429
46, 174
46, 430
46, 302
46, 47
46, 175
46, 303
46, 431
46, 48
46, 176
46, 432
46, 304
46, 49
46, 177
46, 305
46, 433
46, 50
46, 178
46, 434
46, 306
46, 51
46, 179
46, 307
46, 435
46, 52
46, 180
46, 436
46, 308
46, 53
46, 181
46, 309
46, 437
46, 54
46, 182
46, 438
46, 310
46, 55
46, 183
46, 311
46, 439
46, 56
46, 184
46, 440
46, 312
46, 57
46, 185
46, 313
46, 441
46, 58
46, 186
46, 442
46, 314
46, 59
46, 187
46, 315
46, 443
46, 60
46, 188
46, 444
46, 316
46, 61
46, 189
46, 317
46, 445
46, 62
46, 190
46, 446
46, 318
46, 63
46, 191
46, 319
46, 447
46, 192
46, 64
46, 320
46, 448
46, 193
46, 449
46, 321
46, 65
46, 66
46, 450
46, 322
46, 194
46, 195
46, 323
46, 67
46, 68
46, 324
46, 196
46, 197
46, 325
46, 69
46, 70
46, 326
46, 198
46, 199
46, 327
46, 71
46, 72
46, 328
46, 200
46, 201
46, 329
46, 73
46, 74
46, 330
46, 202
46, 203
46, 331
46, 75
46, 76
46, 332
46, 204
46, 205
46, 333
46, 77
46, 78
46, 334
46, 206
46, 207
46, 335
46, 79
46, 80
46, 336
46, 208
46, 209
46, 337
46, 81
46, 82
46, 338
46, 210
46, 211
46, 339
46, 83
46, 84
46, 340
46, 212
46, 213
46, 341
46, 85
46, 86
46, 342
46, 214
46, 215
46, 343
46, 87
46, 88
46, 344
46, 216
46, 217
46, 345
46, 89
46, 90
46, 346
46, 218
46, 219
46, 347
46, 91
46, 92
46, 348
46, 220
46, 221
46, 349
46, 93
46, 94
46, 350
46, 222
46, 223
46, 351
46, 95
46, 96
46, 352
46, 224
46, 225
46, 353
46, 97
46, 98
46, 354
46, 226
46, 227
46, 355
46, 99
46, 100
46, 356
46, 228
46, 229
46, 357
46, 101
46, 102
46, 358
46, 230
46, 231
46, 359
46, 103
46, 104
46, 360
46, 232
46, 233
46, 361
46, 105
46, 106
46, 362
46, 234
46, 235
46, 363
46, 107
46, 108
46, 364
46, 236
46, 237
46, 365
46, 109
46, 110
46, 366
46, 238
46, 239
46, 367
46, 111
46, 112
46, 368
46, 240
46, 241
46, 369
46, 113
46, 114
46, 370
46, 242
46, 243
46, 371
46, 115
46, 116
46, 372
46, 244
46, 245
46, 373
46, 117
46, 118
46, 374
46, 246
46, 247
46, 375
46, 119
46, 120
46, 376
46, 248
46, 249
46, 377
46, 121
46, 122
46, 378
46, 250
46, 251
46, 379
46, 123
46, 124
46, 380
46, 252
46, 253
46, 381
46, 125
46, 126
46, 382
46, 254
46, 255
46, 383
46, 127
174, 384
174, 256
174, 257
174, 385
174, 258
174, 386
174, 259
174, 387
174, 388
174, 260
174, 261
174, 389
174, 390
174, 262
174, 263
174, 391
174, 392
174, 264
174, 265
174, 393
174, 394
174, 266
174, 267
174, 395
174, 396
174, 268
174, 269
174, 397
174, 398
174, 270
174, 271
174, 399
174, 400
174, 272
174, 273
174, 401
174, 402
174, 274
174, 275
174, 403
174, 404
174, 276
174, 277
174, 405
174, 406
174, 278
174, 279
174, 407
174, 408
174, 280
174, 281
174, 409
174, 410
174, 282
174, 283
174, 411
174, 412
174, 284
174, 285
174, 413
174, 414
174, 286
174, 287
174, 415
174, 416
174, 288
174, 289
174, 417
174, 418
174, 290
174, 291
174, 419
174, 420
174, 292
174, 293
174, 421
174, 422
174, 294
174, 295
174, 423
174, 424
174, 296
174, 297
174, 425
174, 426
174, 298
174, 299
174, 427
174, 428
174, 300
174, 301
174, 429
174, 430
174, 302
174, 175
174, 303
174, 431
174, 176
174, 432
174, 304
174, 177
174, 305
174, 433
174, 178
174, 434
174, 306
174, 179
174, 307
174, 435
174, 180
174, 436
174, 308
174, 181
174, 309
174, 437
174, 182
174, 438
174, 310
174, 183
174, 311
174, 439
174, 184
174, 440
174, 312
174, 185
174, 313
174, 441
174, 186
174, 442
174, 314
174, 187
174, 315
174, 443
174, 188
174, 444
174, 316
174, 189
174, 317
174, 445
174, 190
174, 446
174, 318
174, 191
174, 319
174, 447
174, 448
174, 320
174, 192
174, 193
174, 449
174, 321
174, 450
174, 322
174, 194
174, 195
174, 323
174, 324
174, 196
174, 197
174, 325
174, 326
174, 198
174, 199
174, 327
174, 328
174, 200
174, 201
174, 329
174, 330
174, 202
174, 203
174, 331
174, 332
174, 204
174, 205
174, 333
174, 334
174, 206
174, 207
174, 335
174, 336
174, 208
174, 209
174, 337
174, 338
174, 210
174, 211
174, 339
174, 340
174, 212
174, 213
174, 341
174, 342
174, 214
174, 215
174, 343
174, 344
174, 216
174, 217
174, 345
174, 346
174, 218
174, 219
174, 347
174, 348
174, 220
174, 221
174, 349
174, 350
174, 222
174, 223
174, 351
174, 352
174, 224
174, 225
174, 353
174, 354
174, 226
174, 227
174, 355
174, 356
174, 228
174, 229
174, 357
174, 358
174, 230
174, 231
174, 359
174, 360
174, 232
174, 233
174, 361
174, 362
174, 234
174, 235
174, 363
174, 364
174, 236
174, 237
174, 365
174, 366
174, 238
174, 239
174, 367
174, 368
174, 240
174, 241
174, 369
174, 370
174, 242
174, 243
174, 371
174, 372
174, 244
174, 245
174, 373
174, 374
174, 246
174, 247
174, 375
174, 376
174, 248
174, 249
174, 377
174, 378
174, 250
174, 251
174, 379
174, 380
174, 252
174, 253
174, 381
174, 382
174, 254
174, 255
174, 383
431, 448
431, 449
431, 450
431, 432
431, 433
431, 434
431, 435
431, 436
431, 437
431, 438
431, 439
431, 440
431, 441
431, 442
431, 443
431, 444
431, 445
431, 446
431, 447
303, 320
303, 384
303, 448
303, 321
303, 385
303, 449
303, 450
303, 322
303, 386
303, 323
303, 387
303, 324
303, 388
303, 325
303, 389
303, 390
303, 326
303, 327
303, 391
303, 392
303, 328
303, 329
303, 393
303, 394
303, 330
303, 331
303, 395
303, 396
303, 332
303, 333
303, 397
303, 398
303, 334
303, 335
303, 399
303, 400
303, 336
303, 337
303, 401
303, 402
303, 338
303, 339
303, 403
303, 404
303, 340
303, 341
303, 405
303, 406
303, 342
303, 343
303, 407
303, 408
303, 344
303, 345
303, 409
303, 410
303, 346
303, 347
303, 411
303, 412
303, 348
303, 349
303, 413
303, 414
303, 350
303, 351
303, 415
303, 416
303, 352
303, 353
303, 417
303, 418
303, 354
303, 355
303, 419
303, 420
303, 356
303, 357
303, 421
303, 422
303, 358
303, 359
303, 423
303, 424
303, 360
303, 361
303, 425
303, 426
303, 362
303, 363
303, 427
303, 428
303, 364
303, 365
303, 429
303, 430
303, 366
303, 367
303, 431
303, 432
303, 368
303, 304
303, 305
303, 369
303, 433
303, 434
303, 370
303, 306
303, 307
303, 371
303, 435
303, 436
303, 372
303, 308
303, 309
303, 373
303, 437
303, 438
303, 374
303, 310
303, 311
303, 375
303, 439
303, 440
303, 376
303, 312
303, 313
303, 377
303, 441
303, 442
303, 378
303, 314
303, 315
303, 379
303, 443
303, 444
303, 380
303, 316
303, 317
303, 381
303, 445
303, 446
303, 382
303, 318
303, 319
303, 383
303, 447
47, 256
47, 384
47, 128
47, 129
47, 385
47, 257
47, 386
47, 258
47, 130
47, 387
47, 259
47, 131
47, 132
47, 388
47, 260
47, 133
47, 261
47, 389
47, 134
47, 390
47, 262
47, 135
47, 263
47, 391
47, 136
47, 392
47, 264
47, 137
47, 265
47, 393
47, 138
47, 394
47, 266
47, 139
47, 267
47, 395
47, 140
47, 396
47, 268
47, 141
47, 269
47, 397
47, 142
47, 398
47, 270
47, 143
47, 271
47, 399
47, 144
47, 400
47, 272
47, 145
47, 273
47, 401
47, 146
47, 402
47, 274
47, 147
47, 275
47, 403
47, 148
47, 404
47, 276
47, 149
47, 277
47, 405
47, 150
47, 406
47, 278
47, 151
47, 279
47, 407
47, 152
47, 408
47, 280
47, 153
47, 281
47, 409
47, 154
47, 410
47, 282
47, 155
47, 283
47, 411
47, 156
47, 412
47, 284
47, 157
47, 285
47, 413
47, 158
47, 414
47, 286
47, 159
47, 287
47, 415
47, 160
47, 416
47, 288
47, 161
47, 289
47, 417
47, 162
47, 418
47, 290
47, 163
47, 291
47, 419
47, 164
47, 420
47, 292
47, 165
47, 293
47, 421
47, 166
47, 422
47, 294
47, 167
47, 295
47, 423
47, 168
47, 424
47, 296
47, 169
47, 297
47, 425
47, 170
47, 426
47, 298
47, 171
47, 299
47, 427
47, 172
47, 428
47, 300
47, 173
47, 301
47, 429
47, 174
47, 430
47, 302
47, 175
47, 303
47, 431
47, 48
47, 176
47, 432
47, 304
47, 49
47, 177
47, 305
47, 433
47, 50
47, 178
47, 434
47, 306
47, 51
47, 179
47, 307
47, 435
47, 52
47, 180
47, 436
47, 308
47, 53
47, 181
47, 309
47, 437
47, 54
47, 182
47, 438
47, 310
47, 55
47, 183
47, 311
47, 439
47, 56
47, 184
47, 440
47, 312
47, 57
47, 185
47, 313
47, 441
47, 58
47, 186
47, 442
47, 314
47, 59
47, 187
47, 315
47, 443
47, 60
47, 188
47, 444
47, 316
47, 61
47, 189
47, 317
47, 445
47, 62
47, 190
47, 446
47, 318
47, 63
47, 191
47, 319
47, 447
47, 320
47, 448
47, 64
47, 192
47, 65
47, 321
47, 449
47, 193
47, 194
47, 322
47, 450
47, 66
47, 67
47, 323
47, 195
47, 196
47, 324
47, 68
47, 69
47, 325
47, 197
47, 198
47, 326
47, 70
47, 71
47, 327
47, 199
47, 200
47, 328
47, 72
47, 73
47, 329
47, 201
47, 202
47, 330
47, 74
47, 75
47, 331
47, 203
47, 204
47, 332
47, 76
47, 77
47, 333
47, 205
47, 206
47, 334
47, 78
47, 79
47, 335
47, 207
47, 208
47, 336
47, 80
47, 81
47, 337
47, 209
47, 210
47, 338
47, 82
47, 83
47, 339
47, 211
47, 212
47, 340
47, 84
47, 85
47, 341
47, 213
47, 214
47, 342
47, 86
47, 87
47, 343
47, 215
47, 216
47, 344
47, 88
47, 89
47, 345
47, 217
47, 218
47, 346
47, 90
47, 91
47, 347
47, 219
47, 220
47, 348
47, 92
47, 93
47, 349
47, 221
47, 222
47, 350
47, 94
47, 95
47, 351
47, 223
47, 224
47, 352
47, 96
47, 97
47, 353
47, 225
47, 226
47, 354
47, 98
47, 99
47, 355
47, 227
47, 228
47, 356
47, 100
47, 101
47, 357
47, 229
47, 230
47, 358
47, 102
47, 103
47, 359
47, 231
47, 232
47, 360
47, 104
47, 105
47, 361
47, 233
47, 234
47, 362
47, 106
47, 107
47, 363
47, 235
47, 236
47, 364
47, 108
47, 109
47, 365
47, 237
47, 238
47, 366
47, 110
47, 111
47, 367
47, 239
47, 240
47, 368
47, 112
47, 113
47, 369
47, 241
47, 242
47, 370
47, 114
47, 115
47, 371
47, 243
47, 244
47, 372
47, 116
47, 117
47, 373
47, 245
47, 246
47, 374
47, 118
47, 119
47, 375
47, 247
47, 248
47, 376
47, 120
47, 121
47, 377
47, 249
47, 250
47, 378
47, 122
47, 123
47, 379
47, 251
47, 252
47, 380
47, 124
47, 125
47, 381
47, 253
47, 254
47, 382
47, 126
47, 127
47, 383
47, 255
175, 256
175, 384
175, 385
175, 257
175, 386
175, 258
175, 387
175, 259
175, 388
175, 260
175, 261
175, 389
175, 390
175, 262
175, 263
175, 391
175, 392
175, 264
175, 265
175, 393
175, 394
175, 266
175, 267
175, 395
175, 396
175, 268
175, 269
175, 397
175, 398
175, 270
175, 271
175, 399
175, 400
175, 272
175, 273
175, 401
175, 402
175, 274
175, 275
175, 403
175, 404
175, 276
175, 277
175, 405
175, 406
175, 278
175, 279
175, 407
175, 408
175, 280
175, 281
175, 409
175, 410
175, 282
175, 283
175, 411
175, 412
175, 284
175, 285
175, 413
175, 414
175, 286
175, 287
175, 415
175, 416
175, 288
175, 289
175, 417
175, 418
175, 290
175, 291
175, 419
175, 420
175, 292
175, 293
175, 421
175, 422
175, 294
175, 295
175, 423
175, 424
175, 296
175, 297
175, 425
175, 426
175, 298
175, 299
175, 427
175, 428
175, 300
175, 301
175, 429
175, 430
175, 302
175, 303
175, 431
175, 176
175, 432
175, 304
175, 177
175, 305
175, 433
175, 178
175, 434
175, 306
175, 179
175, 307
175, 435
175, 180
175, 436
175, 308
175, 181
175, 309
175, 437
175, 182
175, 438
175, 310
175, 183
175, 311
175, 439
175, 184
175, 440
175, 312
175, 185
175, 313
175, 441
175, 186
175, 442
175, 314
175, 187
175, 315
175, 443
175, 188
175, 444
175, 316
175, 189
175, 317
175, 445
175, 190
175, 446
175, 318
175, 191
175, 319
175, 447
175, 448
175, 320
175, 192
175, 321
175, 449
175, 193
175, 194
175, 322
175, 450
175, 323
175, 195
175, 196
175, 324
175, 325
175, 197
175, 198
175, 326
175, 327
175, 199
175, 200
175, 328
175, 329
175, 201
175, 202
175, 330
175, 331
175, 203
175, 204
175, 332
175, 333
175, 205
175, 206
175, 334
175, 335
175, 207
175, 208
175, 336
175, 337
175, 209
175, 210
175, 338
175, 339
175, 211
175, 212
175, 340
175, 341
175, 213
175, 214
175, 342
175, 343
175, 215
175, 216
175, 344
175, 345
175, 217
175, 218
175, 346
175, 347
175, 219
175, 220
175, 348
175, 349
175, 221
175, 222
175, 350
175, 351
175, 223
175, 224
175, 352
175, 353
175, 225
175, 226
175, 354
175, 355
175, 227
175, 228
175, 356
175, 357
175, 229
175, 230
175, 358
175, 359
175, 231
175, 232
175, 360
175, 361
175, 233
175, 234
175, 362
175, 363
175, 235
175, 236
175, 364
175, 365
175, 237
175, 238
175, 366
175, 367
175, 239
175, 240
175, 368
175, 369
175, 241
175, 242
175, 370
175, 371
175, 243
175, 244
175, 372
175, 373
175, 245
175, 246
175, 374
175, 375
175, 247
175, 248
175, 376
175, 377
175, 249
175, 250
175, 378
175, 379
175, 251
175, 252
175, 380
175, 381
175, 253
175, 254
175, 382
175, 383
175, 255
432, 448
432, 449
432, 450
432, 433
432, 434
432, 435
432, 436
432, 437
432, 438
432, 439
432, 440
432, 441
432, 442
432, 443
432, 444
432, 445
432, 446
432, 447
304, 320
304, 384
304, 448
304, 321
304, 385
304, 449
304, 322
304, 386
304, 450
304, 387
304, 323
304, 388
304, 324
304, 389
304, 325
304, 326
304, 390
304, 391
304, 327
304, 328
304, 392
304, 393
304, 329
304, 330
304, 394
304, 395
304, 331
304, 332
304, 396
304, 397
304, 333
304, 334
304, 398
304, 399
304, 335
304, 336
304, 400
304, 401
304, 337
304, 338
304, 402
304, 403
304, 339
304, 340
304, 404
304, 405
304, 341
304, 342
304, 406
304, 407
304, 343
304, 344
304, 408
304, 409
304, 345
304, 346
304, 410
304, 411
304, 347
304, 348
304, 412
304, 413
304, 349
304, 350
304, 414
304, 415
304, 351
304, 352
304, 416
304, 417
304, 353
304, 354
304, 418
304, 419
304, 355
304, 356
304, 420
304, 421
304, 357
304, 358
304, 422
304, 423
304, 359
304, 360
304, 424
304, 425
304, 361
304, 362
304, 426
304, 427
304, 363
304, 364
304, 428
304, 429
304, 365
304, 366
304, 430
304, 431
304, 367
304, 368
304, 432
304, 433
304, 369
304, 305
304, 306
304, 370
304, 434
304, 435
304, 371
304, 307
304, 308
304, 372
304, 436
304, 437
304, 373
304, 309
304, 310
304, 374
304, 438
304, 439
304, 375
304, 311
304, 312
304, 376
304, 440
304, 441
304, 377
304, 313
304, 314
304, 378
304, 442
304, 443
304, 379
304, 315
304, 316
304, 380
304, 444
304, 445
304, 381
304, 317
304, 318
304, 382
304, 446
304, 447
304, 383
304, 319
48, 128
48, 384
48, 256
48, 257
48, 385
48, 129
48, 258
48, 386
48, 130
48, 387
48, 259
48, 131
48, 132
48, 388
48, 260
48, 133
48, 261
48, 389
48, 134
48, 390
48, 262
48, 135
48, 263
48, 391
48, 136
48, 392
48, 264
48, 137
48, 265
48, 393
48, 138
48, 394
48, 266
48, 139
48, 267
48, 395
48, 140
48, 396
48, 268
48, 141
48, 269
48, 397
48, 142
48, 398
48, 270
48, 143
48, 271
48, 399
48, 144
48, 400
48, 272
48, 145
48, 273
48, 401
48, 146
48, 402
48, 274
48, 147
48, 275
48, 403
48, 148
48, 404
48, 276
48, 149
48, 277
48, 405
48, 150
48, 406
48, 278
48, 151
48, 279
48, 407
48, 152
48, 408
48, 280
48, 153
48, 281
48, 409
48, 154
48, 410
48, 282
48, 155
48, 283
48, 411
48, 156
48, 412
48, 284
48, 157
48, 285
48, 413
48, 158
48, 414
48, 286
48, 159
48, 287
48, 415
48, 160
48, 416
48, 288
48, 161
48, 289
48, 417
48, 162
48, 418
48, 290
48, 163
48, 291
48, 419
48, 164
48, 420
48, 292
48, 165
48, 293
48, 421
48, 166
48, 422
48, 294
48, 167
48, 295
48, 423
48, 168
48, 424
48, 296
48, 169
48, 297
48, 425
48, 170
48, 426
48, 298
48, 171
48, 299
48, 427
48, 172
48, 428
48, 300
48, 173
48, 301
48, 429
48, 174
48, 430
48, 302
48, 175
48, 303
48, 431
48, 176
48, 432
48, 304
48, 49
48, 177
48, 305
48, 433
48, 50
48, 178
48, 434
48, 306
48, 51
48, 179
48, 307
48, 435
48, 52
48, 180
48, 436
48, 308
48, 53
48, 181
48, 309
48, 437
48, 54
48, 182
48, 438
48, 310
48, 55
48, 183
48, 311
48, 439
48, 56
48, 184
48, 440
48, 312
48, 57
48, 185
48, 313
48, 441
48, 58
48, 186
48, 442
48, 314
48, 59
48, 187
48, 315
48, 443
48, 60
48, 188
48, 444
48, 316
48, 61
48, 189
48, 317
48, 445
48, 62
48, 190
48, 446
48, 318
48, 63
48, 191
48, 319
48, 447
48, 64
48, 192
48, 448
48, 320
48, 193
48, 449
48, 321
48, 65
48, 66
48, 450
48, 322
48, 194
48, 195
48, 323
48, 67
48, 68
48, 324
48, 196
48, 197
48, 325
48, 69
48, 70
48, 326
48, 198
48, 199
48, 327
48, 71
48, 72
48, 328
48, 200
48, 201
48, 329
48, 73
48, 74
48, 330
48, 202
48, 203
48, 331
48, 75
48, 76
48, 332
48, 204
48, 205
48, 333
48, 77
48, 78
48, 334
48, 206
48, 207
48, 335
48, 79
48, 80
48, 336
48, 208
48, 209
48, 337
48, 81
48, 82
48, 338
48, 210
48, 211
48, 339
48, 83
48, 84
48, 340
48, 212
48, 213
48, 341
48, 85
48, 86
48, 342
48, 214
48, 215
48, 343
48, 87
48, 88
48, 344
48, 216
48, 217
48, 345
48, 89
48, 90
48, 346
48, 218
48, 219
48, 347
48, 91
48, 92
48, 348
48, 220
48, 221
48, 349
48, 93
48, 94
48, 350
48, 222
48, 223
48, 351
48, 95
48, 96
48, 352
48, 224
48, 225
48, 353
48, 97
48, 98
48, 354
48, 226
48, 227
48, 355
48, 99
48, 100
48, 356
48, 228
48, 229
48, 357
48, 101
48, 102
48, 358
48, 230
48, 231
48, 359
48, 103
48, 104
48, 360
48, 232
48, 233
48, 361
48, 105
48, 106
48, 362
48, 234
48, 235
48, 363
48, 107
48, 108
48, 364
48, 236
48, 237
48, 365
48, 109
48, 110
48, 366
48, 238
48, 239
48, 367
48, 111
48, 112
48, 368
48, 240
48, 241
48, 369
48, 113
48, 114
48, 370
48, 242
48, 243
48, 371
48, 115
48, 116
48, 372
48, 244
48, 245
48, 373
48, 117
48, 118
48, 374
48, 246
48, 247
48, 375
48, 119
48, 120
48, 376
48, 248
48, 249
48, 377
48, 121
48, 122
48, 378
48, 250
48, 251
48, 379
48, 123
48, 124
48, 380
48, 252
48, 253
48, 381
48, 125
48, 126
48, 382
48, 254
48, 255
48, 383
48, 127
176, 384
176, 256
176, 257
176, 385
176, 258
176, 386
176, 259
176, 387
176, 388
176, 260
176, 261
176, 389
176, 390
176, 262
176, 263
176, 391
176, 392
176, 264
176, 265
176, 393
176, 394
176, 266
176, 267
176, 395
176, 396
176, 268
176, 269
176, 397
176, 398
176, 270
176, 271
176, 399
176, 400
176, 272
176, 273
176, 401
176, 402
176, 274
176, 275
176, 403
176, 404
176, 276
176, 277
176, 405
176, 406
176, 278
176, 279
176, 407
176, 408
176, 280
176, 281
176, 409
176, 410
176, 282
176, 283
176, 411
176, 412
176, 284
176, 285
176, 413
176, 414
176, 286
176, 287
176, 415
176, 416
176, 288
176, 289
176, 417
176, 418
176, 290
176, 291
176, 419
176, 420
176, 292
176, 293
176, 421
176, 422
176, 294
176, 295
176, 423
176, 424
176, 296
176, 297
176, 425
176, 426
176, 298
176, 299
176, 427
176, 428
176, 300
176, 301
176, 429
176, 430
176, 302
176, 303
176, 431
176, 432
176, 304
176, 177
176, 305
176, 433
176, 178
176, 434
176, 306
176, 179
176, 307
176, 435
176, 180
176, 436
176, 308
176, 181
176, 309
176, 437
176, 182
176, 438
176, 310
176, 183
176, 311
176, 439
176, 184
176, 440
176, 312
176, 185
176, 313
176, 441
176, 186
176, 442
176, 314
176, 187
176, 315
176, 443
176, 188
176, 444
176, 316
176, 189
176, 317
176, 445
176, 190
176, 446
176, 318
176, 191
176, 319
176, 447
176, 448
176, 320
176, 192
176, 193
176, 449
176, 321
176, 450
176, 322
176, 194
176, 195
176, 323
176, 324
176, 196
176, 197
176, 325
176, 326
176, 198
176, 199
176, 327
176, 328
176, 200
176, 201
176, 329
176, 330
176, 202
176, 203
176, 331
176, 332
176, 204
176, 205
176, 333
176, 334
176, 206
176, 207
176, 335
176, 336
176, 208
176, 209
176, 337
176, 338
176, 210
176, 211
176, 339
176, 340
176, 212
176, 213
176, 341
176, 342
176, 214
176, 215
176, 343
176, 344
176, 216
176, 217
176, 345
176, 346
176, 218
176, 219
176, 347
176, 348
176, 220
176, 221
176, 349
176, 350
176, 222
176, 223
176, 351
176, 352
176, 224
176, 225
176, 353
176, 354
176, 226
176, 227
176, 355
176, 356
176, 228
176, 229
176, 357
176, 358
176, 230
176, 231
176, 359
176, 360
176, 232
176, 233
176, 361
176, 362
176, 234
176, 235
176, 363
176, 364
176, 236
176, 237
176, 365
176, 366
176, 238
176, 239
176, 367
176, 368
176, 240
176, 241
176, 369
176, 370
176, 242
176, 243
176, 371
176, 372
176, 244
176, 245
176, 373
176, 374
176, 246
176, 247
176, 375
176, 376
176, 248
176, 249
176, 377
176, 378
176, 250
176, 251
176, 379
176, 380
176, 252
176, 253
176, 381
176, 382
176, 254
176, 255
176, 383
433, 448
433, 449
433, 450
433, 434
433, 435
433, 436
433, 437
433, 438
433, 439
433, 440
433, 441
433, 442
433, 443
433, 444
433, 445
433, 446
433, 447
305, 320
305, 384
305, 448
305, 321
305, 385
305, 449
305, 386
305, 450
305, 322
305, 323
305, 387
305, 324
305, 388
305, 325
305, 389
305, 390
305, 326
305, 327
305, 391
305, 392
305, 328
305, 329
305, 393
305, 394
305, 330
305, 331
305, 395
305, 396
305, 332
305, 333
305, 397
305, 398
305, 334
305, 335
305, 399
305, 400
305, 336
305, 337
305, 401
305, 402
305, 338
305, 339
305, 403
305, 404
305, 340
305, 341
305, 405
305, 406
305, 342
305, 343
305, 407
305, 408
305, 344
305, 345
305, 409
305, 410
305, 346
305, 347
305, 411
305, 412
305, 348
305, 349
305, 413
305, 414
305, 350
305, 351
305, 415
305, 416
305, 352
305, 353
305, 417
305, 418
305, 354
305, 355
305, 419
305, 420
305, 356
305, 357
305, 421
305, 422
305, 358
305, 359
305, 423
305, 424
305, 360
305, 361
305, 425
305, 426
305, 362
305, 363
305, 427
305, 428
305, 364
305, 365
305, 429
305, 430
305, 366
305, 367
305, 431
305, 432
305, 368
305, 369
305, 433
305, 434
305, 370
305, 306
305, 307
305, 371
305, 435
305, 436
305, 372
305, 308
305, 309
305, 373
305, 437
305, 438
305, 374
305, 310
305, 311
305, 375
305, 439
305, 440
305, 376
305, 312
305, 313
305, 377
305, 441
305, 442
305, 378
305, 314
305, 315
305, 379
305, 443
305, 444
305, 380
305, 316
305, 317
305, 381
305, 445
305, 446
305, 382
305, 318
305, 319
305, 383
305, 447
49, 256
49, 384
49, 128
49, 129
49, 385
49, 257
49, 386
49, 258
49, 130
49, 387
49, 259
49, 131
49, 132
49, 388
49, 260
49, 133
49, 261
49, 389
49, 134
49, 390
49, 262
49, 135
49, 263
49, 391
49, 136
49, 392
49, 264
49, 137
49, 265
49, 393
49, 138
49, 394
49, 266
49, 139
49, 267
49, 395
49, 140
49, 396
49, 268
49, 141
49, 269
49, 397
49, 142
49, 398
49, 270
49, 143
49, 271
49, 399
49, 144
49, 400
49, 272
49, 145
49, 273
49, 401
49, 146
49, 402
49, 274
49, 147
49, 275
49, 403
49, 148
49, 404
49, 276
49, 149
49, 277
49, 405
49, 150
49, 406
49, 278
49, 151
49, 279
49, 407
49, 152
49, 408
49, 280
49, 153
49, 281
49, 409
49, 154
49, 410
49, 282
49, 155
49, 283
49, 411
49, 156
49, 412
49, 284
49, 157
49, 285
49, 413
49, 158
49, 414
49, 286
49, 159
49, 287
49, 415
49, 160
49, 416
49, 288
49, 161
49, 289
49, 417
49, 162
49, 418
49, 290
49, 163
49, 291
49, 419
49, 164
49, 420
49, 292
49, 165
49, 293
49, 421
49, 166
49, 422
49, 294
49, 167
49, 295
49, 423
49, 168
49, 424
49, 296
49, 169
49, 297
49, 425
49, 170
49, 426
49, 298
49, 171
49, 299
49, 427
49, 172
49, 428
49, 300
49, 173
49, 301
49, 429
49, 174
49, 430
49, 302
49, 175
49, 303
49, 431
49, 176
49, 432
49, 304
49, 177
49, 305
49, 433
49, 50
49, 178
49, 434
49, 306
49, 51
49, 179
49, 307
49, 435
49, 52
49, 180
49, 436
49, 308
49, 53
49, 181
49, 309
49, 437
49, 54
49, 182
49, 438
49, 310
49, 55
49, 183
49, 311
49, 439
49, 56
49, 184
49, 440
49, 312
49, 57
49, 185
49, 313
49, 441
49, 58
49, 186
49, 442
49, 314
49, 59
49, 187
49, 315
49, 443
49, 60
49, 188
49, 444
49, 316
49, 61
49, 189
49, 317
49, 445
49, 62
49, 190
49, 446
49, 318
49, 63
49, 191
49, 319
49, 447
49, 448
49, 320
49, 192
49, 64
49, 65
49, 321
49, 449
49, 193
49, 194
49, 322
49, 450
49, 66
49, 67
49, 323
49, 195
49, 196
49, 324
49, 68
49, 69
49, 325
49, 197
49, 198
49, 326
49, 70
49, 71
49, 327
49, 199
49, 200
49, 328
49, 72
49, 73
49, 329
49, 201
49, 202
49, 330
49, 74
49, 75
49, 331
49, 203
49, 204
49, 332
49, 76
49, 77
49, 333
49, 205
49, 206
49, 334
49, 78
49, 79
49, 335
49, 207
49, 208
49, 336
49, 80
49, 81
49, 337
49, 209
49, 210
49, 338
49, 82
49, 83
49, 339
49, 211
49, 212
49, 340
49, 84
49, 85
49, 341
49, 213
49, 214
49, 342
49, 86
49, 87
49, 343
49, 215
49, 216
49, 344
49, 88
49, 89
49, 345
49, 217
49, 218
49, 346
49, 90
49, 91
49, 347
49, 219
49, 220
49, 348
49, 92
49, 93
49, 349
49, 221
49, 222
49, 350
49, 94
49, 95
49, 351
49, 223
49, 224
49, 352
49, 96
49, 97
49, 353
49, 225
49, 226
49, 354
49, 98
49, 99
49, 355
49, 227
49, 228
49, 356
49, 100
49, 101
49, 357
49, 229
49, 230
49, 358
49, 102
49, 103
49, 359
49, 231
49, 232
49, 360
49, 104
49, 105
49, 361
49, 233
49, 234
49, 362
49, 106
49, 107
49, 363
49, 235
49, 236
49, 364
49, 108
49, 109
49, 365
49, 237
49, 238
49, 366
49, 110
49, 111
49, 367
49, 239
49, 240
49, 368
49, 112
49, 113
49, 369
49, 241
49, 242
49, 370
49, 114
49, 115
49, 371
49, 243
49, 244
49, 372
49, 116
49, 117
49, 373
49, 245
49, 246
49, 374
49, 118
49, 119
49, 375
49, 247
49, 248
49, 376
49, 120
49, 121
49, 377
49, 249
49, 250
49, 378
49, 122
49, 123
49, 379
49, 251
49, 252
49, 380
49, 124
49, 125
49, 381
49, 253
49, 254
49, 382
49, 126
49, 127
49, 383
49, 255
177, 256
177, 384
177, 385
177, 257
177, 386
177, 258
177, 387
177, 259
177, 388
177, 260
177, 261
177, 389
177, 390
177, 262
177, 263
177, 391
177, 392
177, 264
177, 265
177, 393
177, 394
177, 266
177, 267
177, 395
177, 396
177, 268
177, 269
177, 397
177, 398
177, 270
177, 271
177, 399
177, 400
177, 272
177, 273
177, 401
177, 402
177, 274
177, 275
177, 403
177, 404
177, 276
177, 277
177, 405
177, 406
177, 278
177, 279
177, 407
177, 408
177, 280
177, 281
177, 409
177, 410
177, 282
177, 283
177, 411
177, 412
177, 284
177, 285
177, 413
177, 414
177, 286
177, 287
177, 415
177, 416
177, 288
177, 289
177, 417
177, 418
177, 290
177, 291
177, 419
177, 420
177, 292
177, 293
177, 421
177, 422
177, 294
177, 295
177, 423
177, 424
177, 296
177, 297
177, 425
177, 426
177, 298
177, 299
177, 427
177, 428
177, 300
177, 301
177, 429
177, 430
177, 302
177, 303
177, 431
177, 432
177, 304
177, 305
177, 433
177, 178
177, 434
177, 306
177, 179
177, 307
177, 435
177, 180
177, 436
177, 308
177, 181
177, 309
177, 437
177, 182
177, 438
177, 310
177, 183
177, 311
177, 439
177, 184
177, 440
177, 312
177, 185
177, 313
177, 441
177, 186
177, 442
177, 314
177, 187
177, 315
177, 443
177, 188
177, 444
177, 316
177, 189
177, 317
177, 445
177, 190
177, 446
177, 318
177, 191
177, 319
177, 447
177, 448
177, 320
177, 192
177, 321
177, 449
177, 193
177, 194
177, 322
177, 450
177, 323
177, 195
177, 196
177, 324
177, 325
177, 197
177, 198
177, 326
177, 327
177, 199
177, 200
177, 328
177, 329
177, 201
177, 202
177, 330
177, 331
177, 203
177, 204
177, 332
177, 333
177, 205
177, 206
177, 334
177, 335
177, 207
177, 208
177, 336
177, 337
177, 209
177, 210
177, 338
177, 339
177, 211
177, 212
177, 340
177, 341
177, 213
177, 214
177, 342
177, 343
177, 215
177, 216
177, 344
177, 345
177, 217
177, 218
177, 346
177, 347
177, 219
177, 220
177, 348
177, 349
177, 221
177, 222
177, 350
177, 351
177, 223
177, 224
177, 352
177, 353
177, 225
177, 226
177, 354
177, 355
177, 227
177, 228
177, 356
177, 357
177, 229
177, 230
177, 358
177, 359
177, 231
177, 232
177, 360
177, 361
177, 233
177, 234
177, 362
177, 363
177, 235
177, 236
177, 364
177, 365
177, 237
177, 238
177, 366
177, 367
177, 239
177, 240
177, 368
177, 369
177, 241
177, 242
177, 370
177, 371
177, 243
177, 244
177, 372
177, 373
177, 245
177, 246
177, 374
177, 375
177, 247
177, 248
177, 376
177, 377
177, 249
177, 250
177, 378
177, 379
177, 251
177, 252
177, 380
177, 381
177, 253
177, 254
177, 382
177, 383
177, 255
434, 448
434, 449
434, 450
434, 435
434, 436
434, 437
434, 438
434, 439
434, 440
434, 441
434, 442
434, 443
434, 444
434, 445
434, 446
434, 447
306, 320
306, 384
306, 448
306, 321
306, 385
306, 449
306, 450
306, 322
306, 386
306, 387
306, 323
306, 388
306, 324
306, 389
306, 325
306, 326
306, 390
306, 391
306, 327
306, 328
306, 392
306, 393
306, 329
306, 330
306, 394
306, 395
306, 331
306, 332
306, 396
306, 397
306, 333
306, 334
306, 398
306, 399
306, 335
306, 336
306, 400
306, 401
306, 337
306, 338
306, 402
306, 403
306, 339
306, 340
306, 404
306, 405
306, 341
306, 342
306, 406
306, 407
306, 343
306, 344
306, 408
306, 409
306, 345
306, 346
306, 410
306, 411
306, 347
306, 348
306, 412
306, 413
306, 349
306, 350
306, 414
306, 415
306, 351
306, 352
306, 416
306, 417
306, 353
306, 354
306, 418
306, 419
306, 355
306, 356
306, 420
306, 421
306, 357
306, 358
306, 422
306, 423
306, 359
306, 360
306, 424
306, 425
306, 361
306, 362
306, 426
306, 427
306, 363
306, 364
306, 428
306, 429
306, 365
306, 366
306, 430
306, 431
306, 367
306, 368
306, 432
306, 433
306, 369
306, 370
306, 434
306, 435
306, 371
306, 307
306, 308
306, 372
306, 436
306, 437
306, 373
306, 309
306, 310
306, 374
306, 438
306, 439
306, 375
306, 311
306, 312
306, 376
306, 440
306, 441
306, 377
306, 313
306, 314
306, 378
306, 442
306, 443
306, 379
306, 315
306, 316
306, 380
306, 444
306, 445
306, 381
306, 317
306, 318
306, 382
306, 446
306, 447
306, 383
306, 319
50, 128
50, 384
50, 256
50, 257
50, 385
50, 129
50, 258
50, 386
50, 130
50, 387
50, 259
50, 131
50, 132
50, 388
50, 260
50, 133
50, 261
50, 389
50, 134
50, 390
50, 262
50, 135
50, 263
50, 391
50, 136
50, 392
50, 264
50, 137
50, 265
50, 393
50, 138
50, 394
50, 266
50, 139
50, 267
50, 395
50, 140
50, 396
50, 268
50, 141
50, 269
50, 397
50, 142
50, 398
50, 270
50, 143
50, 271
50, 399
50, 144
50, 400
50, 272
50, 145
50, 273
50, 401
50, 146
50, 402
50, 274
50, 147
50, 275
50, 403
50, 148
50, 404
50, 276
50, 149
50, 277
50, 405
50, 150
50, 406
50, 278
50, 151
50, 279
50, 407
50, 152
50, 408
50, 280
50, 153
50, 281
50, 409
50, 154
50, 410
50, 282
50, 155
50, 283
50, 411
50, 156
50, 412
50, 284
50, 157
50, 285
50, 413
50, 158
50, 414
50, 286
50, 159
50, 287
50, 415
50, 160
50, 416
50, 288
50, 161
50, 289
50, 417
50, 162
50, 418
50, 290
50, 163
50, 291
50, 419
50, 164
50, 420
50, 292
50, 165
50, 293
50, 421
50, 166
50, 422
50, 294
50, 167
50, 295
50, 423
50, 168
50, 424
50, 296
50, 169
50, 297
50, 425
50, 170
50, 426
50, 298
50, 171
50, 299
50, 427
50, 172
50, 428
50, 300
50, 173
50, 301
50, 429
50, 174
50, 430
50, 302
50, 175
50, 303
50, 431
50, 176
50, 432
50, 304
50, 177
50, 305
50, 433
50, 178
50, 434
50, 306
50, 51
50, 179
50, 307
50, 435
50, 52
50, 180
50, 436
50, 308
50, 53
50, 181
50, 309
50, 437
50, 54
50, 182
50, 438
50, 310
50, 55
50, 183
50, 311
50, 439
50, 56
50, 184
50, 440
50, 312
50, 57
50, 185
50, 313
50, 441
50, 58
50, 186
50, 442
50, 314
50, 59
50, 187
50, 315
50, 443
50, 60
50, 188
50, 444
50, 316
50, 61
50, 189
50, 317
50, 445
50, 62
50, 190
50, 446
50, 318
50, 63
50, 191
50, 319
50, 447
50, 192
50, 64
50, 320
50, 448
50, 193
50, 449
50, 321
50, 65
50, 66
50, 450
50, 322
50, 194
50, 195
50, 323
50, 67
50, 68
50, 324
50, 196
50, 197
50, 325
50, 69
50, 70
50, 326
50, 198
50, 199
50, 327
50, 71
50, 72
50, 328
50, 200
50, 201
50, 329
50, 73
50, 74
50, 330
50, 202
50, 203
50, 331
50, 75
50, 76
50, 332
50, 204
50, 205
50, 333
50, 77
50, 78
50, 334
50, 206
50, 207
50, 335
50, 79
50, 80
50, 336
50, 208
50, 209
50, 337
50, 81
50, 82
50, 338
50, 210
50, 211
50, 339
50, 83
50, 84
50, 340
50, 212
50, 213
50, 341
50, 85
50, 86
50, 342
50, 214
50, 215
50, 343
50, 87
50, 88
50, 344
50, 216
50, 217
50, 345
50, 89
50, 90
50, 346
50, 218
50, 219
50, 347
50, 91
50, 92
50, 348
50, 220
50, 221
50, 349
50, 93
50, 94
50, 350
50, 222
50, 223
50, 351
50, 95
50, 96
50, 352
50, 224
50, 225
50, 353
50, 97
50, 98
50, 354
50, 226
50, 227
50, 355
50, 99
50, 100
50, 356
50, 228
50, 229
50, 357
50, 101
50, 102
50, 358
50, 230
50, 231
50, 359
50, 103
50, 104
50, 360
50, 232
50, 233
50, 361
50, 105
50, 106
50, 362
50, 234
50, 235
50, 363
50, 107
50, 108
50, 364
50, 236
50, 237
50, 365
50, 109
50, 110
50, 366
50, 238
50, 239
50, 367
50, 111
50, 112
50, 368
50, 240
50, 241
50, 369
50, 113
50, 114
50, 370
50, 242
50, 243
50, 371
50, 115
50, 116
50, 372
50, 244
50, 245
50, 373
50, 117
50, 118
50, 374
50, 246
50, 247
50, 375
50, 119
50, 120
50, 376
50, 248
50, 249
50, 377
50, 121
50, 122
50, 378
50, 250
50, 251
50, 379
50, 123
50, 124
50, 380
50, 252
50, 253
50, 381
50, 125
50, 126
50, 382
50, 254
50, 255
50, 383
50, 127
178, 384
178, 256
178, 257
178, 385
178, 258
178, 386
178, 259
178, 387
178, 388
178, 260
178, 261
178, 389
178, 390
178, 262
178, 263
178, 391
178, 392
178, 264
178, 265
178, 393
178, 394
178, 266
178, 267
178, 395
178, 396
178, 268
178, 269
178, 397
178, 398
178, 270
178, 271
178, 399
178, 400
178, 272
178, 273
178, 401
178, 402
178, 274
178, 275
178, 403
178, 404
178, 276
178, 277
178, 405
178, 406
178, 278
178, 279
178, 407
178, 408
178, 280
178, 281
178, 409
178, 410
178, 282
178, 283
178, 411
178, 412
178, 284
178, 285
178, 413
178, 414
178, 286
178, 287
178, 415
178, 416
178, 288
178, 289
178, 417
178, 418
178, 290
178, 291
178, 419
178, 420
178, 292
178, 293
178, 421
178, 422
178, 294
178, 295
178, 423
178, 424
178, 296
178, 297
178, 425
178, 426
178, 298
178, 299
178, 427
178, 428
178, 300
178, 301
178, 429
178, 430
178, 302
178, 303
178, 431
178, 432
178, 304
178, 305
178, 433
178, 434
178, 306
178, 179
178, 307
178, 435
178, 180
178, 436
178, 308
178, 181
178, 309
178, 437
178, 182
178, 438
178, 310
178, 183
178, 311
178, 439
178, 184
178, 440
178, 312
178, 185
178, 313
178, 441
178, 186
178, 442
178, 314
178, 187
178, 315
178, 443
178, 188
178, 444
178, 316
178, 189
178, 317
178, 445
178, 190
178, 446
178, 318
178, 191
178, 319
178, 447
178, 448
178, 320
178, 192
178, 193
178, 449
178, 321
178, 450
178, 322
178, 194
178, 195
178, 323
178, 324
178, 196
178, 197
178, 325
178, 326
178, 198
178, 199
178, 327
178, 328
178, 200
178, 201
178, 329
178, 330
178, 202
178, 203
178, 331
178, 332
178, 204
178, 205
178, 333
178, 334
178, 206
178, 207
178, 335
178, 336
178, 208
178, 209
178, 337
178, 338
178, 210
178, 211
178, 339
178, 340
178, 212
178, 213
178, 341
178, 342
178, 214
178, 215
178, 343
178, 344
178, 216
178, 217
178, 345
178, 346
178, 218
178, 219
178, 347
178, 348
178, 220
178, 221
178, 349
178, 350
178, 222
178, 223
178, 351
178, 352
178, 224
178, 225
178, 353
178, 354
178, 226
178, 227
178, 355
178, 356
178, 228
178, 229
178, 357
178, 358
178, 230
178, 231
178, 359
178, 360
178, 232
178, 233
178, 361
178, 362
178, 234
178, 235
178, 363
178, 364
178, 236
178, 237
178, 365
178, 366
178, 238
178, 239
178, 367
178, 368
178, 240
178, 241
178, 369
178, 370
178, 242
178, 243
178, 371
178, 372
178, 244
178, 245
178, 373
178, 374
178, 246
178, 247
178, 375
178, 376
178, 248
178, 249
178, 377
178, 378
178, 250
178, 251
178, 379
178, 380
178, 252
178, 253
178, 381
178, 382
178, 254
178, 255
178, 383
435, 448
435, 449
435, 450
435, 436
435, 437
435, 438
435, 439
435, 440
435, 441
435, 442
435, 443
435, 444
435, 445
435, 446
435, 447
307, 320
307, 384
307, 448
307, 321
307, 385
307, 449
307, 322
307, 386
307, 450
307, 323
307, 387
307, 324
307, 388
307, 325
307, 389
307, 390
307, 326
307, 327
307, 391
307, 392
307, 328
307, 329
307, 393
307, 394
307, 330
307, 331
307, 395
307, 396
307, 332
307, 333
307, 397
307, 398
307, 334
307, 335
307, 399
307, 400
307, 336
307, 337
307, 401
307, 402
307, 338
307, 339
307, 403
307, 404
307, 340
307, 341
307, 405
307, 406
307, 342
307, 343
307, 407
307, 408
307, 344
307, 345
307, 409
307, 410
307, 346
307, 347
307, 411
307, 412
307, 348
307, 349
307, 413
307, 414
307, 350
307, 351
307, 415
307, 416
307, 352
307, 353
307, 417
307, 418
307, 354
307, 355
307, 419
307, 420
307, 356
307, 357
307, 421
307, 422
307, 358
307, 359
307, 423
307, 424
307, 360
307, 361
307, 425
307, 426
307, 362
307, 363
307, 427
307, 428
307, 364
307, 365
307, 429
307, 430
307, 366
307, 367
307, 431
307, 432
307, 368
307, 369
307, 433
307, 434
307, 370
307, 371
307, 435
307, 436
307, 372
307, 308
307, 309
307, 373
307, 437
307, 438
307, 374
307, 310
307, 311
307, 375
307, 439
307, 440
307, 376
307, 312
307, 313
307, 377
307, 441
307, 442
307, 378
307, 314
307, 315
307, 379
307, 443
307, 444
307, 380
307, 316
307, 317
307, 381
307, 445
307, 446
307, 382
307, 318
307, 319
307, 383
307, 447
51, 256
51, 384
51, 128
51, 129
51, 385
51, 257
51, 386
51, 258
51, 130
51, 387
51, 259
51, 131
51, 132
51, 388
51, 260
51, 133
51, 261
51, 389
51, 134
51, 390
51, 262
51, 135
51, 263
51, 391
51, 136
51, 392
51, 264
51, 137
51, 265
51, 393
51, 138
51, 394
51, 266
51, 139
51, 267
51, 395
51, 140
51, 396
51, 268
51, 141
51, 269
51, 397
51, 142
51, 398
51, 270
51, 143
51, 271
51, 399
51, 144
51, 400
51, 272
51, 145
51, 273
51, 401
51, 146
51, 402
51, 274
51, 147
51, 275
51, 403
51, 148
51, 404
51, 276
51, 149
51, 277
51, 405
51, 150
51, 406
51, 278
51, 151
51, 279
51, 407
51, 152
51, 408
51, 280
51, 153
51, 281
51, 409
51, 154
51, 410
51, 282
51, 155
51, 283
51, 411
51, 156
51, 412
51, 284
51, 157
51, 285
51, 413
51, 158
51, 414
51, 286
51, 159
51, 287
51, 415
51, 160
51, 416
51, 288
51, 161
51, 289
51, 417
51, 162
51, 418
51, 290
51, 163
51, 291
51, 419
51, 164
51, 420
51, 292
51, 165
51, 293
51, 421
51, 166
51, 422
51, 294
51, 167
51, 295
51, 423
51, 168
51, 424
51, 296
51, 169
51, 297
51, 425
51, 170
51, 426
51, 298
51, 171
51, 299
51, 427
51, 172
51, 428
51, 300
51, 173
51, 301
51, 429
51, 174
51, 430
51, 302
51, 175
51, 303
51, 431
51, 176
51, 432
51, 304
51, 177
51, 305
51, 433
51, 178
51, 434
51, 306
51, 179
51, 307
51, 435
51, 52
51, 180
51, 436
51, 308
51, 53
51, 181
51, 309
51, 437
51, 54
51, 182
51, 438
51, 310
51, 55
51, 183
51, 311
51, 439
51, 56
51, 184
51, 440
51, 312
51, 57
51, 185
51, 313
51, 441
51, 58
51, 186
51, 442
51, 314
51, 59
51, 187
51, 315
51, 443
51, 60
51, 188
51, 444
51, 316
51, 61
51, 189
51, 317
51, 445
51, 62
51, 190
51, 446
51, 318
51, 63
51, 191
51, 319
51, 447
51, 320
51, 448
51, 64
51, 192
51, 65
51, 321
51, 449
51, 193
51, 194
51, 322
51, 450
51, 66
51, 67
51, 323
51, 195
51, 196
51, 324
51, 68
51, 69
51, 325
51, 197
51, 198
51, 326
51, 70
51, 71
51, 327
51, 199
51, 200
51, 328
51, 72
51, 73
51, 329
51, 201
51, 202
51, 330
51, 74
51, 75
51, 331
51, 203
51, 204
51, 332
51, 76
51, 77
51, 333
51, 205
51, 206
51, 334
51, 78
51, 79
51, 335
51, 207
51, 208
51, 336
51, 80
51, 81
51, 337
51, 209
51, 210
51, 338
51, 82
51, 83
51, 339
51, 211
51, 212
51, 340
51, 84
51, 85
51, 341
51, 213
51, 214
51, 342
51, 86
51, 87
51, 343
51, 215
51, 216
51, 344
51, 88
51, 89
51, 345
51, 217
51, 218
51, 346
51, 90
51, 91
51, 347
51, 219
51, 220
51, 348
51, 92
51, 93
51, 349
51, 221
51, 222
51, 350
51, 94
51, 95
51, 351
51, 223
51, 224
51, 352
51, 96
51, 97
51, 353
51, 225
51, 226
51, 354
51, 98
51, 99
51, 355
51, 227
51, 228
51, 356
51, 100
51, 101
51, 357
51, 229
51, 230
51, 358
51, 102
51, 103
51, 359
51, 231
51, 232
51, 360
51, 104
51, 105
51, 361
51, 233
51, 234
51, 362
51, 106
51, 107
51, 363
51, 235
51, 236
51, 364
51, 108
51, 109
51, 365
51, 237
51, 238
51, 366
51, 110
51, 111
51, 367
51, 239
51, 240
51, 368
51, 112
51, 113
51, 369
51, 241
51, 242
51, 370
51, 114
51, 115
51, 371
51, 243
51, 244
51, 372
51, 116
51, 117
51, 373
51, 245
51, 246
51, 374
51, 118
51, 119
51, 375
51, 247
51, 248
51, 376
51, 120
51, 121
51, 377
51, 249
51, 250
51, 378
51, 122
51, 123
51, 379
51, 251
51, 252
51, 380
51, 124
51, 125
51, 381
51, 253
51, 254
51, 382
51, 126
51, 127
51, 383
51, 255
179, 256
179, 384
179, 385
179, 257
179, 386
179, 258
179, 387
179, 259
179, 388
179, 260
179, 261
179, 389
179, 390
179, 262
179, 263
179, 391
179, 392
179, 264
179, 265
179, 393
179, 394
179, 266
179, 267
179, 395
179, 396
179, 268
179, 269
179, 397
179, 398
179, 270
179, 271
179, 399
179, 400
179, 272
179, 273
179, 401
179, 402
179, 274
179, 275
179, 403
179, 404
179, 276
179, 277
179, 405
179, 406
179, 278
179, 279
179, 407
179, 408
179, 280
179, 281
179, 409
179, 410
179, 282
179, 283
179, 411
179, 412
179, 284
179, 285
179, 413
179, 414
179, 286
179, 287
179, 415
179, 416
179, 288
179, 289
179, 417
179, 418
179, 290
179, 291
179, 419
179, 420
179, 292
179, 293
179, 421
179, 422
179, 294
179, 295
179, 423
179, 424
179, 296
179, 297
179, 425
179, 426
179, 298
179, 299
179, 427
179, 428
179, 300
179, 301
179, 429
179, 430
179, 302
179, 303
179, 431
179, 432
179, 304
179, 305
179, 433
179, 434
179, 306
179, 307
179, 435
179, 180
179, 436
179, 308
179, 181
179, 309
179, 437
179, 182
179, 438
179, 310
179, 183
179, 311
179, 439
179, 184
179, 440
179, 312
179, 185
179, 313
179, 441
179, 186
179, 442
179, 314
179, 187
179, 315
179, 443
179, 188
179, 444
179, 316
179, 189
179, 317
179, 445
179, 190
179, 446
179, 318
179, 191
179, 319
179, 447
179, 448
179, 320
179, 192
179, 321
179, 449
179, 193
179, 194
179, 322
179, 450
179, 323
179, 195
179, 196
179, 324
179, 325
179, 197
179, 198
179, 326
179, 327
179, 199
179, 200
179, 328
179, 329
179, 201
179, 202
179, 330
179, 331
179, 203
179, 204
179, 332
179, 333
179, 205
179, 206
179, 334
179, 335
179, 207
179, 208
179, 336
179, 337
179, 209
179, 210
179, 338
179, 339
179, 211
179, 212
179, 340
179, 341
179, 213
179, 214
179, 342
179, 343
179, 215
179, 216
179, 344
179, 345
179, 217
179, 218
179, 346
179, 347
179, 219
179, 220
179, 348
179, 349
179, 221
179, 222
179, 350
179, 351
179, 223
179, 224
179, 352
179, 353
179, 225
179, 226
179, 354
179, 355
179, 227
179, 228
179, 356
179, 357
179, 229
179, 230
179, 358
179, 359
179, 231
179, 232
179, 360
179, 361
179, 233
179, 234
179, 362
179, 363
179, 235
179, 236
179, 364
179, 365
179, 237
179, 238
179, 366
179, 367
179, 239
179, 240
179, 368
179, 369
179, 241
179, 242
179, 370
179, 371
179, 243
179, 244
179, 372
179, 373
179, 245
179, 246
179, 374
179, 375
179, 247
179, 248
179, 376
179, 377
179, 249
179, 250
179, 378
179, 379
179, 251
179, 252
179, 380
179, 381
179, 253
179, 254
179, 382
179, 383
179, 255
436, 448
436, 449
436, 450
436, 437
436, 438
436, 439
436, 440
436, 441
436, 442
436, 443
436, 444
436, 445
436, 446
436, 447
308, 320
308, 384
308, 448
308, 321
308, 385
308, 449
308, 386
308, 450
308, 322
308, 387
308, 323
308, 388
308, 324
308, 389
308, 325
308, 326
308, 390
308, 391
308, 327
308, 328
308, 392
308, 393
308, 329
308, 330
308, 394
308, 395
308, 331
308, 332
308, 396
308, 397
308, 333
308, 334
308, 398
308, 399
308, 335
308, 336
308, 400
308, 401
308, 337
308, 338
308, 402
308, 403
308, 339
308, 340
308, 404
308, 405
308, 341
308, 342
308, 406
308, 407
308, 343
308, 344
308, 408
308, 409
308, 345
308, 346
308, 410
308, 411
308, 347
308, 348
308, 412
308, 413
308, 349
308, 350
308, 414
308, 415
308, 351
308, 352
308, 416
308, 417
308, 353
308, 354
308, 418
308, 419
308, 355
308, 356
308, 420
308, 421
308, 357
308, 358
308, 422
308, 423
308, 359
308, 360
308, 424
308, 425
308, 361
308, 362
308, 426
308, 427
308, 363
308, 364
308, 428
308, 429
308, 365
308, 366
308, 430
308, 431
308, 367
308, 368
308, 432
308, 433
308, 369
308, 370
308, 434
308, 435
308, 371
308, 372
308, 436
308, 437
308, 373
308, 309
308, 310
308, 374
308, 438
308, 439
308, 375
308, 311
308, 312
308, 376
308, 440
308, 441
308, 377
308, 313
308, 314
308, 378
308, 442
308, 443
308, 379
308, 315
308, 316
308, 380
308, 444
308, 445
308, 381
308, 317
308, 318
308, 382
308, 446
308, 447
308, 383
308, 319
52, 128
52, 384
52, 256
52, 257
52, 385
52, 129
52, 258
52, 386
52, 130
52, 387
52, 259
52, 131
52, 132
52, 388
52, 260
52, 133
52, 261
52, 389
52, 134
52, 390
52, 262
52, 135
52, 263
52, 391
52, 136
52, 392
52, 264
52, 137
52, 265
52, 393
52, 138
52, 394
52, 266
52, 139
52, 267
52, 395
52, 140
52, 396
52, 268
52, 141
52, 269
52, 397
52, 142
52, 398
52, 270
52, 143
52, 271
52, 399
52, 144
52, 400
52, 272
52, 145
52, 273
52, 401
52, 146
52, 402
52, 274
52, 147
52, 275
52, 403
52, 148
52, 404
52, 276
52, 149
52, 277
52, 405
52, 150
52, 406
52, 278
52, 151
52, 279
52, 407
52, 152
52, 408
52, 280
52, 153
52, 281
52, 409
52, 154
52, 410
52, 282
52, 155
52, 283
52, 411
52, 156
52, 412
52, 284
52, 157
52, 285
52, 413
52, 158
52, 414
52, 286
52, 159
52, 287
52, 415
52, 160
52, 416
52, 288
52, 161
52, 289
52, 417
52, 162
52, 418
52, 290
52, 163
52, 291
52, 419
52, 164
52, 420
52, 292
52, 165
52, 293
52, 421
52, 166
52, 422
52, 294
52, 167
52, 295
52, 423
52, 168
52, 424
52, 296
52, 169
52, 297
52, 425
52, 170
52, 426
52, 298
52, 171
52, 299
52, 427
52, 172
52, 428
52, 300
52, 173
52, 301
52, 429
52, 174
52, 430
52, 302
52, 175
52, 303
52, 431
52, 176
52, 432
52, 304
52, 177
52, 305
52, 433
52, 178
52, 434
52, 306
52, 179
52, 307
52, 435
52, 180
52, 436
52, 308
52, 53
52, 181
52, 309
52, 437
52, 54
52, 182
52, 438
52, 310
52, 55
52, 183
52, 311
52, 439
52, 56
52, 184
52, 440
52, 312
52, 57
52, 185
52, 313
52, 441
52, 58
52, 186
52, 442
52, 314
52, 59
52, 187
52, 315
52, 443
52, 60
52, 188
52, 444
52, 316
52, 61
52, 189
52, 317
52, 445
52, 62
52, 190
52, 446
52, 318
52, 63
52, 191
52, 319
52, 447
52, 64
52, 192
52, 448
52, 320
52, 193
52, 449
52, 321
52, 65
52, 66
52, 450
52, 322
52, 194
52, 195
52, 323
52, 67
52, 68
52, 324
52, 196
52, 197
52, 325
52, 69
52, 70
52, 326
52, 198
52, 199
52, 327
52, 71
52, 72
52, 328
52, 200
52, 201
52, 329
52, 73
52, 74
52, 330
52, 202
52, 203
52, 331
52, 75
52, 76
52, 332
52, 204
52, 205
52, 333
52, 77
52, 78
52, 334
52, 206
52, 207
52, 335
52, 79
52, 80
52, 336
52, 208
52, 209
52, 337
52, 81
52, 82
52, 338
52, 210
52, 211
52, 339
52, 83
52, 84
52, 340
52, 212
52, 213
52, 341
52, 85
52, 86
52, 342
52, 214
52, 215
52, 343
52, 87
52, 88
52, 344
52, 216
52, 217
52, 345
52, 89
52, 90
52, 346
52, 218
52, 219
52, 347
52, 91
52, 92
52, 348
52, 220
52, 221
52, 349
52, 93
52, 94
52, 350
52, 222
52, 223
52, 351
52, 95
52, 96
52, 352
52, 224
52, 225
52, 353
52, 97
52, 98
52, 354
52, 226
52, 227
52, 355
52, 99
52, 100
52, 356
52, 228
52, 229
52, 357
52, 101
52, 102
52, 358
52, 230
52, 231
52, 359
52, 103
52, 104
52, 360
52, 232
52, 233
52, 361
52, 105
52, 106
52, 362
52, 234
52, 235
52, 363
52, 107
52, 108
52, 364
52, 236
52, 237
52, 365
52, 109
52, 110
52, 366
52, 238
52, 239
52, 367
52, 111
52, 112
52, 368
52, 240
52, 241
52, 369
52, 113
52, 114
52, 370
52, 242
52, 243
52, 371
52, 115
52, 116
52, 372
52, 244
52, 245
52, 373
52, 117
52, 118
52, 374
52, 246
52, 247
52, 375
52, 119
52, 120
52, 376
52, 248
52, 249
52, 377
52, 121
52, 122
52, 378
52, 250
52, 251
52, 379
52, 123
52, 124
52, 380
52, 252
52, 253
52, 381
52, 125
52, 126
52, 382
52, 254
52, 255
52, 383
52, 127
180, 384
180, 256
180, 257
180, 385
180, 258
180, 386
180, 259
180, 387
180, 388
180, 260
180, 261
180, 389
180, 390
180, 262
180, 263
180, 391
180, 392
180, 264
180, 265
180, 393
180, 394
180, 266
180, 267
180, 395
180, 396
180, 268
180, 269
180, 397
180, 398
180, 270
180, 271
180, 399
180, 400
180, 272
180, 273
180, 401
180, 402
180, 274
180, 275
180, 403
180, 404
180, 276
180, 277
180, 405
180, 406
180, 278
180, 279
180, 407
180, 408
180, 280
180, 281
180, 409
180, 410
180, 282
180, 283
180, 411
180, 412
180, 284
180, 285
180, 413
180, 414
180, 286
180, 287
180, 415
180, 416
180, 288
180, 289
180, 417
180, 418
180, 290
180, 291
180, 419
180, 420
180, 292
180, 293
180, 421
180, 422
180, 294
180, 295
180, 423
180, 424
180, 296
180, 297
180, 425
180, 426
180, 298
180, 299
180, 427
180, 428
180, 300
180, 301
180, 429
180, 430
180, 302
180, 303
180, 431
180, 432
180, 304
180, 305
180, 433
180, 434
180, 306
180, 307
180, 435
180, 436
180, 308
180, 181
180, 309
180, 437
180, 182
180, 438
180, 310
180, 183
180, 311
180, 439
180, 184
180, 440
180, 312
180, 185
180, 313
180, 441
180, 186
180, 442
180, 314
180, 187
180, 315
180, 443
180, 188
180, 444
180, 316
180, 189
180, 317
180, 445
180, 190
180, 446
180, 318
180, 191
180, 319
180, 447
180, 448
180, 320
180, 192
180, 193
180, 449
180, 321
180, 450
180, 322
180, 194
180, 195
180, 323
180, 324
180, 196
180, 197
180, 325
180, 326
180, 198
180, 199
180, 327
180, 328
180, 200
180, 201
180, 329
180, 330
180, 202
180, 203
180, 331
180, 332
180, 204
180, 205
180, 333
180, 334
180, 206
180, 207
180, 335
180, 336
180, 208
180, 209
180, 337
180, 338
180, 210
180, 211
180, 339
180, 340
180, 212
180, 213
180, 341
180, 342
180, 214
180, 215
180, 343
180, 344
180, 216
180, 217
180, 345
180, 346
180, 218
180, 219
180, 347
180, 348
180, 220
180, 221
180, 349
180, 350
180, 222
180, 223
180, 351
180, 352
180, 224
180, 225
180, 353
180, 354
180, 226
180, 227
180, 355
180, 356
180, 228
180, 229
180, 357
180, 358
180, 230
180, 231
180, 359
180, 360
180, 232
180, 233
180, 361
180, 362
180, 234
180, 235
180, 363
180, 364
180, 236
180, 237
180, 365
180, 366
180, 238
180, 239
180, 367
180, 368
180, 240
180, 241
180, 369
180, 370
180, 242
180, 243
180, 371
180, 372
180, 244
180, 245
180, 373
180, 374
180, 246
180, 247
180, 375
180, 376
180, 248
180, 249
180, 377
180, 378
180, 250
180, 251
180, 379
180, 380
180, 252
180, 253
180, 381
180, 382
180, 254
180, 255
180, 383
437, 448
437, 449
437, 450
437, 438
437, 439
437, 440
437, 441
437, 442
437, 443
437, 444
437, 445
437, 446
437, 447
309, 320
309, 384
309, 448
309, 321
309, 385
309, 449
309, 450
309, 322
309, 386
309, 323
309, 387
309, 324
309, 388
309, 325
309, 389
309, 390
309, 326
309, 327
309, 391
309, 392
309, 328
309, 329
309, 393
309, 394
309, 330
309, 331
309, 395
309, 396
309, 332
309, 333
309, 397
309, 398
309, 334
309, 335
309, 399
309, 400
309, 336
309, 337
309, 401
309, 402
309, 338
309, 339
309, 403
309, 404
309, 340
309, 341
309, 405
309, 406
309, 342
309, 343
309, 407
309, 408
309, 344
309, 345
309, 409
309, 410
309, 346
309, 347
309, 411
309, 412
309, 348
309, 349
309, 413
309, 414
309, 350
309, 351
309, 415
309, 416
309, 352
309, 353
309, 417
309, 418
309, 354
309, 355
309, 419
309, 420
309, 356
309, 357
309, 421
309, 422
309, 358
309, 359
309, 423
309, 424
309, 360
309, 361
309, 425
309, 426
309, 362
309, 363
309, 427
309, 428
309, 364
309, 365
309, 429
309, 430
309, 366
309, 367
309, 431
309, 432
309, 368
309, 369
309, 433
309, 434
309, 370
309, 371
309, 435
309, 436
309, 372
309, 373
309, 437
309, 438
309, 374
309, 310
309, 311
309, 375
309, 439
309, 440
309, 376
309, 312
309, 313
309, 377
309, 441
309, 442
309, 378
309, 314
309, 315
309, 379
309, 443
309, 444
309, 380
309, 316
309, 317
309, 381
309, 445
309, 446
309, 382
309, 318
309, 319
309, 383
309, 447
53, 256
53, 384
53, 128
53, 129
53, 385
53, 257
53, 386
53, 258
53, 130
53, 387
53, 259
53, 131
53, 132
53, 388
53, 260
53, 133
53, 261
53, 389
53, 134
53, 390
53, 262
53, 135
53, 263
53, 391
53, 136
53, 392
53, 264
53, 137
53, 265
53, 393
53, 138
53, 394
53, 266
53, 139
53, 267
53, 395
53, 140
53, 396
53, 268
53, 141
53, 269
53, 397
53, 142
53, 398
53, 270
53, 143
53, 271
53, 399
53, 144
53, 400
53, 272
53, 145
53, 273
53, 401
53, 146
53, 402
53, 274
53, 147
53, 275
53, 403
53, 148
53, 404
53, 276
53, 149
53, 277
53, 405
53, 150
53, 406
53, 278
53, 151
53, 279
53, 407
53, 152
53, 408
53, 280
53, 153
53, 281
53, 409
53, 154
53, 410
53, 282
53, 155
53, 283
53, 411
53, 156
53, 412
53, 284
53, 157
53, 285
53, 413
53, 158
53, 414
53, 286
53, 159
53, 287
53, 415
53, 160
53, 416
53, 288
53, 161
53, 289
53, 417
53, 162
53, 418
53, 290
53, 163
53, 291
53, 419
53, 164
53, 420
53, 292
53, 165
53, 293
53, 421
53, 166
53, 422
53, 294
53, 167
53, 295
53, 423
53, 168
53, 424
53, 296
53, 169
53, 297
53, 425
53, 170
53, 426
53, 298
53, 171
53, 299
53, 427
53, 172
53, 428
53, 300
53, 173
53, 301
53, 429
53, 174
53, 430
53, 302
53, 175
53, 303
53, 431
53, 176
53, 432
53, 304
53, 177
53, 305
53, 433
53, 178
53, 434
53, 306
53, 179
53, 307
53, 435
53, 180
53, 436
53, 308
53, 181
53, 309
53, 437
53, 54
53, 182
53, 438
53, 310
53, 55
53, 183
53, 311
53, 439
53, 56
53, 184
53, 440
53, 312
53, 57
53, 185
53, 313
53, 441
53, 58
53, 186
53, 442
53, 314
53, 59
53, 187
53, 315
53, 443
53, 60
53, 188
53, 444
53, 316
53, 61
53, 189
53, 317
53, 445
53, 62
53, 190
53, 446
53, 318
53, 63
53, 191
53, 319
53, 447
53, 448
53, 320
53, 192
53, 64
53, 65
53, 321
53, 449
53, 193
53, 194
53, 322
53, 450
53, 66
53, 67
53, 323
53, 195
53, 196
53, 324
53, 68
53, 69
53, 325
53, 197
53, 198
53, 326
53, 70
53, 71
53, 327
53, 199
53, 200
53, 328
53, 72
53, 73
53, 329
53, 201
53, 202
53, 330
53, 74
53, 75
53, 331
53, 203
53, 204
53, 332
53, 76
53, 77
53, 333
53, 205
53, 206
53, 334
53, 78
53, 79
53, 335
53, 207
53, 208
53, 336
53, 80
53, 81
53, 337
53, 209
53, 210
53, 338
53, 82
53, 83
53, 339
53, 211
53, 212
53, 340
53, 84
53, 85
53, 341
53, 213
53, 214
53, 342
53, 86
53, 87
53, 343
53, 215
53, 216
53, 344
53, 88
53, 89
53, 345
53, 217
53, 218
53, 346
53, 90
53, 91
53, 347
53, 219
53, 220
53, 348
53, 92
53, 93
53, 349
53, 221
53, 222
53, 350
53, 94
53, 95
53, 351
53, 223
53, 224
53, 352
53, 96
53, 97
53, 353
53, 225
53, 226
53, 354
53, 98
53, 99
53, 355
53, 227
53, 228
53, 356
53, 100
53, 101
53, 357
53, 229
53, 230
53, 358
53, 102
53, 103
53, 359
53, 231
53, 232
53, 360
53, 104
53, 105
53, 361
53, 233
53, 234
53, 362
53, 106
53, 107
53, 363
53, 235
53, 236
53, 364
53, 108
53, 109
53, 365
53, 237
53, 238
53, 366
53, 110
53, 111
53, 367
53, 239
53, 240
53, 368
53, 112
53, 113
53, 369
53, 241
53, 242
53, 370
53, 114
53, 115
53, 371
53, 243
53, 244
53, 372
53, 116
53, 117
53, 373
53, 245
53, 246
53, 374
53, 118
53, 119
53, 375
53, 247
53, 248
53, 376
53, 120
53, 121
53, 377
53, 249
53, 250
53, 378
53, 122
53, 123
53, 379
53, 251
53, 252
53, 380
53, 124
53, 125
53, 381
53, 253
53, 254
53, 382
53, 126
53, 127
53, 383
53, 255
181, 256
181, 384
181, 385
181, 257
181, 386
181, 258
181, 387
181, 259
181, 388
181, 260
181, 261
181, 389
181, 390
181, 262
181, 263
181, 391
181, 392
181, 264
181, 265
181, 393
181, 394
181, 266
181, 267
181, 395
181, 396
181, 268
181, 269
181, 397
181, 398
181, 270
181, 271
181, 399
181, 400
181, 272
181, 273
181, 401
181, 402
181, 274
181, 275
181, 403
181, 404
181, 276
181, 277
181, 405
181, 406
181, 278
181, 279
181, 407
181, 408
181, 280
181, 281
181, 409
181, 410
181, 282
181, 283
181, 411
181, 412
181, 284
181, 285
181, 413
181, 414
181, 286
181, 287
181, 415
181, 416
181, 288
181, 289
181, 417
181, 418
181, 290
181, 291
181, 419
181, 420
181, 292
181, 293
181, 421
181, 422
181, 294
181, 295
181, 423
181, 424
181, 296
181, 297
181, 425
181, 426
181, 298
181, 299
181, 427
181, 428
181, 300
181, 301
181, 429
181, 430
181, 302
181, 303
181, 431
181, 432
181, 304
181, 305
181, 433
181, 434
181, 306
181, 307
181, 435
181, 436
181, 308
181, 309
181, 437
181, 182
181, 438
181, 310
181, 183
181, 311
181, 439
181, 184
181, 440
181, 312
181, 185
181, 313
181, 441
181, 186
181, 442
181, 314
181, 187
181, 315
181, 443
181, 188
181, 444
181, 316
181, 189
181, 317
181, 445
181, 190
181, 446
181, 318
181, 191
181, 319
181, 447
181, 448
181, 320
181, 192
181, 321
181, 449
181, 193
181, 194
181, 322
181, 450
181, 323
181, 195
181, 196
181, 324
181, 325
181, 197
181, 198
181, 326
181, 327
181, 199
181, 200
181, 328
181, 329
181, 201
181, 202
181, 330
181, 331
181, 203
181, 204
181, 332
181, 333
181, 205
181, 206
181, 334
181, 335
181, 207
181, 208
181, 336
181, 337
181, 209
181, 210
181, 338
181, 339
181, 211
181, 212
181, 340
181, 341
181, 213
181, 214
181, 342
181, 343
181, 215
181, 216
181, 344
181, 345
181, 217
181, 218
181, 346
181, 347
181, 219
181, 220
181, 348
181, 349
181, 221
181, 222
181, 350
181, 351
181, 223
181, 224
181, 352
181, 353
181, 225
181, 226
181, 354
181, 355
181, 227
181, 228
181, 356
181, 357
181, 229
181, 230
181, 358
181, 359
181, 231
181, 232
181, 360
181, 361
181, 233
181, 234
181, 362
181, 363
181, 235
181, 236
181, 364
181, 365
181, 237
181, 238
181, 366
181, 367
181, 239
181, 240
181, 368
181, 369
181, 241
181, 242
181, 370
181, 371
181, 243
181, 244
181, 372
181, 373
181, 245
181, 246
181, 374
181, 375
181, 247
181, 248
181, 376
181, 377
181, 249
181, 250
181, 378
181, 379
181, 251
181, 252
181, 380
181, 381
181, 253
181, 254
181, 382
181, 383
181, 255
438, 448
438, 449
438, 450
438, 439
438, 440
438, 441
438, 442
438, 443
438, 444
438, 445
438, 446
438, 447
310, 320
310, 384
310, 448
310, 321
310, 385
310, 449
310, 322
310, 386
310, 450
310, 387
310, 323
310, 388
310, 324
310, 389
310, 325
310, 326
310, 390
310, 391
310, 327
310, 328
310, 392
310, 393
310, 329
310, 330
310, 394
310, 395
310, 331
310, 332
310, 396
310, 397
310, 333
310, 334
310, 398
310, 399
310, 335
310, 336
310, 400
310, 401
310, 337
310, 338
310, 402
310, 403
310, 339
310, 340
310, 404
310, 405
310, 341
310, 342
310, 406
310, 407
310, 343
310, 344
310, 408
310, 409
310, 345
310, 346
310, 410
310, 411
310, 347
310, 348
310, 412
310, 413
310, 349
310, 350
310, 414
310, 415
310, 351
310, 352
310, 416
310, 417
310, 353
310, 354
310, 418
310, 419
310, 355
310, 356
310, 420
310, 421
310, 357
310, 358
310, 422
310, 423
310, 359
310, 360
310, 424
310, 425
310, 361
310, 362
310, 426
310, 427
310, 363
310, 364
310, 428
310, 429
310, 365
310, 366
310, 430
310, 431
310, 367
310, 368
310, 432
310, 433
310, 369
310, 370
310, 434
310, 435
310, 371
310, 372
310, 436
310, 437
310, 373
310, 374
310, 438
310, 439
310, 375
310, 311
310, 312
310, 376
310, 440
310, 441
310, 377
310, 313
310, 314
310, 378
310, 442
310, 443
310, 379
310, 315
310, 316
310, 380
310, 444
310, 445
310, 381
310, 317
310, 318
310, 382
310, 446
310, 447
310, 383
310, 319
54, 128
54, 384
54, 256
54, 257
54, 385
54, 129
54, 258
54, 386
54, 130
54, 387
54, 259
54, 131
54, 132
54, 388
54, 260
54, 133
54, 261
54, 389
54, 134
54, 390
54, 262
54, 135
54, 263
54, 391
54, 136
54, 392
54, 264
54, 137
54, 265
54, 393
54, 138
54, 394
54, 266
54, 139
54, 267
54, 395
54, 140
54, 396
54, 268
54, 141
54, 269
54, 397
54, 142
54, 398
54, 270
54, 143
54, 271
54, 399
54, 144
54, 400
54, 272
54, 145
54, 273
54, 401
54, 146
54, 402
54, 274
54, 147
54, 275
54, 403
54, 148
54, 404
54, 276
54, 149
54, 277
54, 405
54, 150
54, 406
54, 278
54, 151
54, 279
54, 407
54, 152
54, 408
54, 280
54, 153
54, 281
54, 409
54, 154
54, 410
54, 282
54, 155
54, 283
54, 411
54, 156
54, 412
54, 284
54, 157
54, 285
54, 413
54, 158
54, 414
54, 286
54, 159
54, 287
54, 415
54, 160
54, 416
54, 288
54, 161
54, 289
54, 417
54, 162
54, 418
54, 290
54, 163
54, 291
54, 419
54, 164
54, 420
54, 292
54, 165
54, 293
54, 421
54, 166
54, 422
54, 294
54, 167
54, 295
54, 423
54, 168
54, 424
54, 296
54, 169
54, 297
54, 425
54, 170
54, 426
54, 298
54, 171
54, 299
54, 427
54, 172
54, 428
54, 300
54, 173
54, 301
54, 429
54, 174
54, 430
54, 302
54, 175
54, 303
54, 431
54, 176
54, 432
54, 304
54, 177
54, 305
54, 433
54, 178
54, 434
54, 306
54, 179
54, 307
54, 435
54, 180
54, 436
54, 308
54, 181
54, 309
54, 437
54, 182
54, 438
54, 310
54, 55
54, 183
54, 311
54, 439
54, 56
54, 184
54, 440
54, 312
54, 57
54, 185
54, 313
54, 441
54, 58
54, 186
54, 442
54, 314
54, 59
54, 187
54, 315
54, 443
54, 60
54, 188
54, 444
54, 316
54, 61
54, 189
54, 317
54, 445
54, 62
54, 190
54, 446
54, 318
54, 63
54, 191
54, 319
54, 447
54, 192
54, 64
54, 320
54, 448
54, 193
54, 449
54, 321
54, 65
54, 66
54, 450
54, 322
54, 194
54, 195
54, 323
54, 67
54, 68
54, 324
54, 196
54, 197
54, 325
54, 69
54, 70
54, 326
54, 198
54, 199
54, 327
54, 71
54, 72
54, 328
54, 200
54, 201
54, 329
54, 73
54, 74
54, 330
54, 202
54, 203
54, 331
54, 75
54, 76
54, 332
54, 204
54, 205
54, 333
54, 77
54, 78
54, 334
54, 206
54, 207
54, 335
54, 79
54, 80
54, 336
54, 208
54, 209
54, 337
54, 81
54, 82
54, 338
54, 210
54, 211
54, 339
54, 83
54, 84
54, 340
54, 212
54, 213
54, 341
54, 85
54, 86
54, 342
54, 214
54, 215
54, 343
54, 87
54, 88
54, 344
54, 216
54, 217
54, 345
54, 89
54, 90
54, 346
54, 218
54, 219
54, 347
54, 91
54, 92
54, 348
54, 220
54, 221
54, 349
54, 93
54, 94
54, 350
54, 222
54, 223
54, 351
54, 95
54, 96
54, 352
54, 224
54, 225
54, 353
54, 97
54, 98
54, 354
54, 226
54, 227
54, 355
54, 99
54, 100
54, 356
54, 228
54, 229
54, 357
54, 101
54, 102
54, 358
54, 230
54, 231
54, 359
54, 103
54, 104
54, 360
54, 232
54, 233
54, 361
54, 105
54, 106
54, 362
54, 234
54, 235
54, 363
54, 107
54, 108
54, 364
54, 236
54, 237
54, 365
54, 109
54, 110
54, 366
54, 238
54, 239
54, 367
54, 111
54, 112
54, 368
54, 240
54, 241
54, 369
54, 113
54, 114
54, 370
54, 242
54, 243
54, 371
54, 115
54, 116
54, 372
54, 244
54, 245
54, 373
54, 117
54, 118
54, 374
54, 246
54, 247
54, 375
54, 119
54, 120
54, 376
54, 248
54, 249
54, 377
54, 121
54, 122
54, 378
54, 250
54, 251
54, 379
54, 123
54, 124
54, 380
54, 252
54, 253
54, 381
54, 125
54, 126
54, 382
54, 254
54, 255
54, 383
54, 127
182, 384
182, 256
182, 257
182, 385
182, 258
182, 386
182, 259
182, 387
182, 388
182, 260
182, 261
182, 389
182, 390
182, 262
182, 263
182, 391
182, 392
182, 264
182, 265
182, 393
182, 394
182, 266
182, 267
182, 395
182, 396
182, 268
182, 269
182, 397
182, 398
182, 270
182, 271
182, 399
182, 400
182, 272
182, 273
182, 401
182, 402
182, 274
182, 275
182, 403
182, 404
182, 276
182, 277
182, 405
182, 406
182, 278
182, 279
182, 407
182, 408
182, 280
182, 281
182, 409
182, 410
182, 282
182, 283
182, 411
182, 412
182, 284
182, 285
182, 413
182, 414
182, 286
182, 287
182, 415
182, 416
182, 288
182, 289
182, 417
182, 418
182, 290
182, 291
182, 419
182, 420
182, 292
182, 293
182, 421
182, 422
182, 294
182, 295
182, 423
182, 424
182, 296
182, 297
182, 425
182, 426
182, 298
182, 299
182, 427
182, 428
182, 300
182, 301
182, 429
182, 430
182, 302
182, 303
182, 431
182, 432
182, 304
182, 305
182, 433
182, 434
182, 306
182, 307
182, 435
182, 436
182, 308
182, 309
182, 437
182, 438
182, 310
182, 183
182, 311
182, 439
182, 184
182, 440
182, 312
182, 185
182, 313
182, 441
182, 186
182, 442
182, 314
182, 187
182, 315
182, 443
182, 188
182, 444
182, 316
182, 189
182, 317
182, 445
182, 190
182, 446
182, 318
182, 191
182, 319
182, 447
182, 448
182, 320
182, 192
182, 193
182, 449
182, 321
182, 450
182, 322
182, 194
182, 195
182, 323
182, 324
182, 196
182, 197
182, 325
182, 326
182, 198
182, 199
182, 327
182, 328
182, 200
182, 201
182, 329
182, 330
182, 202
182, 203
182, 331
182, 332
182, 204
182, 205
182, 333
182, 334
182, 206
182, 207
182, 335
182, 336
182, 208
182, 209
182, 337
182, 338
182, 210
182, 211
182, 339
182, 340
182, 212
182, 213
182, 341
182, 342
182, 214
182, 215
182, 343
182, 344
182, 216
182, 217
182, 345
182, 346
182, 218
182, 219
182, 347
182, 348
182, 220
182, 221
182, 349
182, 350
182, 222
182, 223
182, 351
182, 352
182, 224
182, 225
182, 353
182, 354
182, 226
182, 227
182, 355
182, 356
182, 228
182, 229
182, 357
182, 358
182, 230
182, 231
182, 359
182, 360
182, 232
182, 233
182, 361
182, 362
182, 234
182, 235
182, 363
182, 364
182, 236
182, 237
182, 365
182, 366
182, 238
182, 239
182, 367
182, 368
182, 240
182, 241
182, 369
182, 370
182, 242
182, 243
182, 371
182, 372
182, 244
182, 245
182, 373
182, 374
182, 246
182, 247
182, 375
182, 376
182, 248
182, 249
182, 377
182, 378
182, 250
182, 251
182, 379
182, 380
182, 252
182, 253
182, 381
182, 382
182, 254
182, 255
182, 383
439, 448
439, 449
439, 450
439, 440
439, 441
439, 442
439, 443
439, 444
439, 445
439, 446
439, 447
311, 320
311, 384
311, 448
311, 321
311, 385
311, 449
311, 386
311, 450
311, 322
311, 323
311, 387
311, 324
311, 388
311, 325
311, 389
311, 390
311, 326
311, 327
311, 391
311, 392
311, 328
311, 329
311, 393
311, 394
311, 330
311, 331
311, 395
311, 396
311, 332
311, 333
311, 397
311, 398
311, 334
311, 335
311, 399
311, 400
311, 336
311, 337
311, 401
311, 402
311, 338
311, 339
311, 403
311, 404
311, 340
311, 341
311, 405
311, 406
311, 342
311, 343
311, 407
311, 408
311, 344
311, 345
311, 409
311, 410
311, 346
311, 347
311, 411
311, 412
311, 348
311, 349
311, 413
311, 414
311, 350
311, 351
311, 415
311, 416
311, 352
311, 353
311, 417
311, 418
311, 354
311, 355
311, 419
311, 420
311, 356
311, 357
311, 421
311, 422
311, 358
311, 359
311, 423
311, 424
311, 360
311, 361
311, 425
311, 426
311, 362
311, 363
311, 427
311, 428
311, 364
311, 365
311, 429
311, 430
311, 366
311, 367
311, 431
311, 432
311, 368
311, 369
311, 433
311, 434
311, 370
311, 371
311, 435
311, 436
311, 372
311, 373
311, 437
311, 438
311, 374
311, 375
311, 439
311, 440
311, 376
311, 312
311, 313
311, 377
311, 441
311, 442
311, 378
311, 314
311, 315
311, 379
311, 443
311, 444
311, 380
311, 316
311, 317
311, 381
311, 445
311, 446
311, 382
311, 318
311, 319
311, 383
311, 447
55, 256
55, 384
55, 128
55, 129
55, 385
55, 257
55, 386
55, 258
55, 130
55, 387
55, 259
55, 131
55, 132
55, 388
55, 260
55, 133
55, 261
55, 389
55, 134
55, 390
55, 262
55, 135
55, 263
55, 391
55, 136
55, 392
55, 264
55, 137
55, 265
55, 393
55, 138
55, 394
55, 266
55, 139
55, 267
55, 395
55, 140
55, 396
55, 268
55, 141
55, 269
55, 397
55, 142
55, 398
55, 270
55, 143
55, 271
55, 399
55, 144
55, 400
55, 272
55, 145
55, 273
55, 401
55, 146
55, 402
55, 274
55, 147
55, 275
55, 403
55, 148
55, 404
55, 276
55, 149
55, 277
55, 405
55, 150
55, 406
55, 278
55, 151
55, 279
55, 407
55, 152
55, 408
55, 280
55, 153
55, 281
55, 409
55, 154
55, 410
55, 282
55, 155
55, 283
55, 411
55, 156
55, 412
55, 284
55, 157
55, 285
55, 413
55, 158
55, 414
55, 286
55, 159
55, 287
55, 415
55, 160
55, 416
55, 288
55, 161
55, 289
55, 417
55, 162
55, 418
55, 290
55, 163
55, 291
55, 419
55, 164
55, 420
55, 292
55, 165
55, 293
55, 421
55, 166
55, 422
55, 294
55, 167
55, 295
55, 423
55, 168
55, 424
55, 296
55, 169
55, 297
55, 425
55, 170
55, 426
55, 298
55, 171
55, 299
55, 427
55, 172
55, 428
55, 300
55, 173
55, 301
55, 429
55, 174
55, 430
55, 302
55, 175
55, 303
55, 431
55, 176
55, 432
55, 304
55, 177
55, 305
55, 433
55, 178
55, 434
55, 306
55, 179
55, 307
55, 435
55, 180
55, 436
55, 308
55, 181
55, 309
55, 437
55, 182
55, 438
55, 310
55, 183
55, 311
55, 439
55, 56
55, 184
55, 440
55, 312
55, 57
55, 185
55, 313
55, 441
55, 58
55, 186
55, 442
55, 314
55, 59
55, 187
55, 315
55, 443
55, 60
55, 188
55, 444
55, 316
55, 61
55, 189
55, 317
55, 445
55, 62
55, 190
55, 446
55, 318
55, 63
55, 191
55, 319
55, 447
55, 320
55, 448
55, 64
55, 192
55, 65
55, 321
55, 449
55, 193
55, 194
55, 322
55, 450
55, 66
55, 67
55, 323
55, 195
55, 196
55, 324
55, 68
55, 69
55, 325
55, 197
55, 198
55, 326
55, 70
55, 71
55, 327
55, 199
55, 200
55, 328
55, 72
55, 73
55, 329
55, 201
55, 202
55, 330
55, 74
55, 75
55, 331
55, 203
55, 204
55, 332
55, 76
55, 77
55, 333
55, 205
55, 206
55, 334
55, 78
55, 79
55, 335
55, 207
55, 208
55, 336
55, 80
55, 81
55, 337
55, 209
55, 210
55, 338
55, 82
55, 83
55, 339
55, 211
55, 212
55, 340
55, 84
55, 85
55, 341
55, 213
55, 214
55, 342
55, 86
55, 87
55, 343
55, 215
55, 216
55, 344
55, 88
55, 89
55, 345
55, 217
55, 218
55, 346
55, 90
55, 91
55, 347
55, 219
55, 220
55, 348
55, 92
55, 93
55, 349
55, 221
55, 222
55, 350
55, 94
55, 95
55, 351
55, 223
55, 224
55, 352
55, 96
55, 97
55, 353
55, 225
55, 226
55, 354
55, 98
55, 99
55, 355
55, 227
55, 228
55, 356
55, 100
55, 101
55, 357
55, 229
55, 230
55, 358
55, 102
55, 103
55, 359
55, 231
55, 232
55, 360
55, 104
55, 105
55, 361
55, 233
55, 234
55, 362
55, 106
55, 107
55, 363
55, 235
55, 236
55, 364
55, 108
55, 109
55, 365
55, 237
55, 238
55, 366
55, 110
55, 111
55, 367
55, 239
55, 240
55, 368
55, 112
55, 113
55, 369
55, 241
55, 242
55, 370
55, 114
55, 115
55, 371
55, 243
55, 244
55, 372
55, 116
55, 117
55, 373
55, 245
55, 246
55, 374
55, 118
55, 119
55, 375
55, 247
55, 248
55, 376
55, 120
55, 121
55, 377
55, 249
55, 250
55, 378
55, 122
55, 123
55, 379
55, 251
55, 252
55, 380
55, 124
55, 125
55, 381
55, 253
55, 254
55, 382
55, 126
55, 127
55, 383
55, 255
183, 256
183, 384
183, 385
183, 257
183, 386
183, 258
183, 387
183, 259
183, 388
183, 260
183, 261
183, 389
183, 390
183, 262
183, 263
183, 391
183, 392
183, 264
183, 265
183, 393
183, 394
183, 266
183, 267
183, 395
183, 396
183, 268
183, 269
183, 397
183, 398
183, 270
183, 271
183, 399
183, 400
183, 272
183, 273
183, 401
183, 402
183, 274
183, 275
183, 403
183, 404
183, 276
183, 277
183, 405
183, 406
183, 278
183, 279
183, 407
183, 408
183, 280
183, 281
183, 409
183, 410
183, 282
183, 283
183, 411
183, 412
183, 284
183, 285
183, 413
183, 414
183, 286
183, 287
183, 415
183, 416
183, 288
183, 289
183, 417
183, 418
183, 290
183, 291
183, 419
183, 420
183, 292
183, 293
183, 421
183, 422
183, 294
183, 295
183, 423
183, 424
183, 296
183, 297
183, 425
183, 426
183, 298
183, 299
183, 427
183, 428
183, 300
183, 301
183, 429
183, 430
183, 302
183, 303
183, 431
183, 432
183, 304
183, 305
183, 433
183, 434
183, 306
183, 307
183, 435
183, 436
183, 308
183, 309
183, 437
183, 438
183, 310
183, 311
183, 439
183, 184
183, 440
183, 312
183, 185
183, 313
183, 441
183, 186
183, 442
183, 314
183, 187
183, 315
183, 443
183, 188
183, 444
183, 316
183, 189
183, 317
183, 445
183, 190
183, 446
183, 318
183, 191
183, 319
183, 447
183, 448
183, 320
183, 192
183, 321
183, 449
183, 193
183, 194
183, 322
183, 450
183, 323
183, 195
183, 196
183, 324
183, 325
183, 197
183, 198
183, 326
183, 327
183, 199
183, 200
183, 328
183, 329
183, 201
183, 202
183, 330
183, 331
183, 203
183, 204
183, 332
183, 333
183, 205
183, 206
183, 334
183, 335
183, 207
183, 208
183, 336
183, 337
183, 209
183, 210
183, 338
183, 339
183, 211
183, 212
183, 340
183, 341
183, 213
183, 214
183, 342
183, 343
183, 215
183, 216
183, 344
183, 345
183, 217
183, 218
183, 346
183, 347
183, 219
183, 220
183, 348
183, 349
183, 221
183, 222
183, 350
183, 351
183, 223
183, 224
183, 352
183, 353
183, 225
183, 226
183, 354
183, 355
183, 227
183, 228
183, 356
183, 357
183, 229
183, 230
183, 358
183, 359
183, 231
183, 232
183, 360
183, 361
183, 233
183, 234
183, 362
183, 363
183, 235
183, 236
183, 364
183, 365
183, 237
183, 238
183, 366
183, 367
183, 239
183, 240
183, 368
183, 369
183, 241
183, 242
183, 370
183, 371
183, 243
183, 244
183, 372
183, 373
183, 245
183, 246
183, 374
183, 375
183, 247
183, 248
183, 376
183, 377
183, 249
183, 250
183, 378
183, 379
183, 251
183, 252
183, 380
183, 381
183, 253
183, 254
183, 382
183, 383
183, 255
440, 448
440, 449
440, 450
440, 441
440, 442
440, 443
440, 444
440, 445
440, 446
440, 447
312, 320
312, 384
312, 448
312, 321
312, 385
312, 449
312, 450
312, 322
312, 386
312, 387
312, 323
312, 388
312, 324
312, 389
312, 325
312, 326
312, 390
312, 391
312, 327
312, 328
312, 392
312, 393
312, 329
312, 330
312, 394
312, 395
312, 331
312, 332
312, 396
312, 397
312, 333
312, 334
312, 398
312, 399
312, 335
312, 336
312, 400
312, 401
312, 337
312, 338
312, 402
312, 403
312, 339
312, 340
312, 404
312, 405
312, 341
312, 342
312, 406
312, 407
312, 343
312, 344
312, 408
312, 409
312, 345
312, 346
312, 410
312, 411
312, 347
312, 348
312, 412
312, 413
312, 349
312, 350
312, 414
312, 415
312, 351
312, 352
312, 416
312, 417
312, 353
312, 354
312, 418
312, 419
312, 355
312, 356
312, 420
312, 421
312, 357
312, 358
312, 422
312, 423
312, 359
312, 360
312, 424
312, 425
312, 361
312, 362
312, 426
312, 427
312, 363
312, 364
312, 428
312, 429
312, 365
312, 366
312, 430
312, 431
312, 367
312, 368
312, 432
312, 433
312, 369
312, 370
312, 434
312, 435
312, 371
312, 372
312, 436
312, 437
312, 373
312, 374
312, 438
312, 439
312, 375
312, 376
312, 440
312, 441
312, 377
312, 313
312, 314
312, 378
312, 442
312, 443
312, 379
312, 315
312, 316
312, 380
312, 444
312, 445
312, 381
312, 317
312, 318
312, 382
312, 446
312, 447
312, 383
312, 319
56, 128
56, 384
56, 256
56, 257
56, 385
56, 129
56, 258
56, 386
56, 130
56, 387
56, 259
56, 131
56, 132
56, 388
56, 260
56, 133
56, 261
56, 389
56, 134
56, 390
56, 262
56, 135
56, 263
56, 391
56, 136
56, 392
56, 264
56, 137
56, 265
56, 393
56, 138
56, 394
56, 266
56, 139
56, 267
56, 395
56, 140
56, 396
56, 268
56, 141
56, 269
56, 397
56, 142
56, 398
56, 270
56, 143
56, 271
56, 399
56, 144
56, 400
56, 272
56, 145
56, 273
56, 401
56, 146
56, 402
56, 274
56, 147
56, 275
56, 403
56, 148
56, 404
56, 276
56, 149
56, 277
56, 405
56, 150
56, 406
56, 278
56, 151
56, 279
56, 407
56, 152
56, 408
56, 280
56, 153
56, 281
56, 409
56, 154
56, 410
56, 282
56, 155
56, 283
56, 411
56, 156
56, 412
56, 284
56, 157
56, 285
56, 413
56, 158
56, 414
56, 286
56, 159
56, 287
56, 415
56, 160
56, 416
56, 288
56, 161
56, 289
56, 417
56, 162
56, 418
56, 290
56, 163
56, 291
56, 419
56, 164
56, 420
56, 292
56, 165
56, 293
56, 421
56, 166
56, 422
56, 294
56, 167
56, 295
56, 423
56, 168
56, 424
56, 296
56, 169
56, 297
56, 425
56, 170
56, 426
56, 298
56, 171
56, 299
56, 427
56, 172
56, 428
56, 300
56, 173
56, 301
56, 429
56, 174
56, 430
56, 302
56, 175
56, 303
56, 431
56, 176
56, 432
56, 304
56, 177
56, 305
56, 433
56, 178
56, 434
56, 306
56, 179
56, 307
56, 435
56, 180
56, 436
56, 308
56, 181
56, 309
56, 437
56, 182
56, 438
56, 310
56, 183
56, 311
56, 439
56, 184
56, 440
56, 312
56, 57
56, 185
56, 313
56, 441
56, 58
56, 186
56, 442
56, 314
56, 59
56, 187
56, 315
56, 443
56, 60
56, 188
56, 444
56, 316
56, 61
56, 189
56, 317
56, 445
56, 62
56, 190
56, 446
56, 318
56, 63
56, 191
56, 319
56, 447
56, 64
56, 192
56, 448
56, 320
56, 193
56, 449
56, 321
56, 65
56, 66
56, 450
56, 322
56, 194
56, 195
56, 323
56, 67
56, 68
56, 324
56, 196
56, 197
56, 325
56, 69
56, 70
56, 326
56, 198
56, 199
56, 327
56, 71
56, 72
56, 328
56, 200
56, 201
56, 329
56, 73
56, 74
56, 330
56, 202
56, 203
56, 331
56, 75
56, 76
56, 332
56, 204
56, 205
56, 333
56, 77
56, 78
56, 334
56, 206
56, 207
56, 335
56, 79
56, 80
56, 336
56, 208
56, 209
56, 337
56, 81
56, 82
56, 338
56, 210
56, 211
56, 339
56, 83
56, 84
56, 340
56, 212
56, 213
56, 341
56, 85
56, 86
56, 342
56, 214
56, 215
56, 343
56, 87
56, 88
56, 344
56, 216
56, 217
56, 345
56, 89
56, 90
56, 346
56, 218
56, 219
56, 347
56, 91
56, 92
56, 348
56, 220
56, 221
56, 349
56, 93
56, 94
56, 350
56, 222
56, 223
56, 351
56, 95
56, 96
56, 352
56, 224
56, 225
56, 353
56, 97
56, 98
56, 354
56, 226
56, 227
56, 355
56, 99
56, 100
56, 356
56, 228
56, 229
56, 357
56, 101
56, 102
56, 358
56, 230
56, 231
56, 359
56, 103
56, 104
56, 360
56, 232
56, 233
56, 361
56, 105
56, 106
56, 362
56, 234
56, 235
56, 363
56, 107
56, 108
56, 364
56, 236
56, 237
56, 365
56, 109
56, 110
56, 366
56, 238
56, 239
56, 367
56, 111
56, 112
56, 368
56, 240
56, 241
56, 369
56, 113
56, 114
56, 370
56, 242
56, 243
56, 371
56, 115
56, 116
56, 372
56, 244
56, 245
56, 373
56, 117
56, 118
56, 374
56, 246
56, 247
56, 375
56, 119
56, 120
56, 376
56, 248
56, 249
56, 377
56, 121
56, 122
56, 378
56, 250
56, 251
56, 379
56, 123
56, 124
56, 380
56, 252
56, 253
56, 381
56, 125
56, 126
56, 382
56, 254
56, 255
56, 383
56, 127
184, 384
184, 256
184, 257
184, 385
184, 258
184, 386
184, 259
184, 387
184, 388
184, 260
184, 261
184, 389
184, 390
184, 262
184, 263
184, 391
184, 392
184, 264
184, 265
184, 393
184, 394
184, 266
184, 267
184, 395
184, 396
184, 268
184, 269
184, 397
184, 398
184, 270
184, 271
184, 399
184, 400
184, 272
184, 273
184, 401
184, 402
184, 274
184, 275
184, 403
184, 404
184, 276
184, 277
184, 405
184, 406
184, 278
184, 279
184, 407
184, 408
184, 280
184, 281
184, 409
184, 410
184, 282
184, 283
184, 411
184, 412
184, 284
184, 285
184, 413
184, 414
184, 286
184, 287
184, 415
184, 416
184, 288
184, 289
184, 417
184, 418
184, 290
184, 291
184, 419
184, 420
184, 292
184, 293
184, 421
184, 422
184, 294
184, 295
184, 423
184, 424
184, 296
184, 297
184, 425
184, 426
184, 298
184, 299
184, 427
184, 428
184, 300
184, 301
184, 429
184, 430
184, 302
184, 303
184, 431
184, 432
184, 304
184, 305
184, 433
184, 434
184, 306
184, 307
184, 435
184, 436
184, 308
184, 309
184, 437
184, 438
184, 310
184, 311
184, 439
184, 440
184, 312
184, 185
184, 313
184, 441
184, 186
184, 442
184, 314
184, 187
184, 315
184, 443
184, 188
184, 444
184, 316
184, 189
184, 317
184, 445
184, 190
184, 446
184, 318
184, 191
184, 319
184, 447
184, 448
184, 320
184, 192
184, 193
184, 449
184, 321
184, 450
184, 322
184, 194
184, 195
184, 323
184, 324
184, 196
184, 197
184, 325
184, 326
184, 198
184, 199
184, 327
184, 328
184, 200
184, 201
184, 329
184, 330
184, 202
184, 203
184, 331
184, 332
184, 204
184, 205
184, 333
184, 334
184, 206
184, 207
184, 335
184, 336
184, 208
184, 209
184, 337
184, 338
184, 210
184, 211
184, 339
184, 340
184, 212
184, 213
184, 341
184, 342
184, 214
184, 215
184, 343
184, 344
184, 216
184, 217
184, 345
184, 346
184, 218
184, 219
184, 347
184, 348
184, 220
184, 221
184, 349
184, 350
184, 222
184, 223
184, 351
184, 352
184, 224
184, 225
184, 353
184, 354
184, 226
184, 227
184, 355
184, 356
184, 228
184, 229
184, 357
184, 358
184, 230
184, 231
184, 359
184, 360
184, 232
184, 233
184, 361
184, 362
184, 234
184, 235
184, 363
184, 364
184, 236
184, 237
184, 365
184, 366
184, 238
184, 239
184, 367
184, 368
184, 240
184, 241
184, 369
184, 370
184, 242
184, 243
184, 371
184, 372
184, 244
184, 245
184, 373
184, 374
184, 246
184, 247
184, 375
184, 376
184, 248
184, 249
184, 377
184, 378
184, 250
184, 251
184, 379
184, 380
184, 252
184, 253
184, 381
184, 382
184, 254
184, 255
184, 383
441, 448
441, 449
441, 450
441, 442
441, 443
441, 444
441, 445
441, 446
441, 447
313, 320
313, 384
313, 448
313, 321
313, 385
313, 449
313, 322
313, 386
313, 450
313, 323
313, 387
313, 324
313, 388
313, 325
313, 389
313, 390
313, 326
313, 327
313, 391
313, 392
313, 328
313, 329
313, 393
313, 394
313, 330
313, 331
313, 395
313, 396
313, 332
313, 333
313, 397
313, 398
313, 334
313, 335
313, 399
313, 400
313, 336
313, 337
313, 401
313, 402
313, 338
313, 339
313, 403
313, 404
313, 340
313, 341
313, 405
313, 406
313, 342
313, 343
313, 407
313, 408
313, 344
313, 345
313, 409
313, 410
313, 346
313, 347
313, 411
313, 412
313, 348
313, 349
313, 413
313, 414
313, 350
313, 351
313, 415
313, 416
313, 352
313, 353
313, 417
313, 418
313, 354
313, 355
313, 419
313, 420
313, 356
313, 357
313, 421
313, 422
313, 358
313, 359
313, 423
313, 424
313, 360
313, 361
313, 425
313, 426
313, 362
313, 363
313, 427
313, 428
313, 364
313, 365
313, 429
313, 430
313, 366
313, 367
313, 431
313, 432
313, 368
313, 369
313, 433
313, 434
313, 370
313, 371
313, 435
313, 436
313, 372
313, 373
313, 437
313, 438
313, 374
313, 375
313, 439
313, 440
313, 376
313, 377
313, 441
313, 442
313, 378
313, 314
313, 315
313, 379
313, 443
313, 444
313, 380
313, 316
313, 317
313, 381
313, 445
313, 446
313, 382
313, 318
313, 319
313, 383
313, 447
57, 256
57, 384
57, 128
57, 129
57, 385
57, 257
57, 386
57, 258
57, 130
57, 387
57, 259
57, 131
57, 132
57, 388
57, 260
57, 133
57, 261
57, 389
57, 134
57, 390
57, 262
57, 135
57, 263
57, 391
57, 136
57, 392
57, 264
57, 137
57, 265
57, 393
57, 138
57, 394
57, 266
57, 139
57, 267
57, 395
57, 140
57, 396
57, 268
57, 141
57, 269
57, 397
57, 142
57, 398
57, 270
57, 143
57, 271
57, 399
57, 144
57, 400
57, 272
57, 145
57, 273
57, 401
57, 146
57, 402
57, 274
57, 147
57, 275
57, 403
57, 148
57, 404
57, 276
57, 149
57, 277
57, 405
57, 150
57, 406
57, 278
57, 151
57, 279
57, 407
57, 152
57, 408
57, 280
57, 153
57, 281
57, 409
57, 154
57, 410
57, 282
57, 155
57, 283
57, 411
57, 156
57, 412
57, 284
57, 157
57, 285
57, 413
57, 158
57, 414
57, 286
57, 159
57, 287
57, 415
57, 160
57, 416
57, 288
57, 161
57, 289
57, 417
57, 162
57, 418
57, 290
57, 163
57, 291
57, 419
57, 164
57, 420
57, 292
57, 165
57, 293
57, 421
57, 166
57, 422
57, 294
57, 167
57, 295
57, 423
57, 168
57, 424
57, 296
57, 169
57, 297
57, 425
57, 170
57, 426
57, 298
57, 171
57, 299
57, 427
57, 172
57, 428
57, 300
57, 173
57, 301
57, 429
57, 174
57, 430
57, 302
57, 175
57, 303
57, 431
57, 176
57, 432
57, 304
57, 177
57, 305
57, 433
57, 178
57, 434
57, 306
57, 179
57, 307
57, 435
57, 180
57, 436
57, 308
57, 181
57, 309
57, 437
57, 182
57, 438
57, 310
57, 183
57, 311
57, 439
57, 184
57, 440
57, 312
57, 185
57, 313
57, 441
57, 58
57, 186
57, 442
57, 314
57, 59
57, 187
57, 315
57, 443
57, 60
57, 188
57, 444
57, 316
57, 61
57, 189
57, 317
57, 445
57, 62
57, 190
57, 446
57, 318
57, 63
57, 191
57, 319
57, 447
57, 448
57, 320
57, 192
57, 64
57, 65
57, 321
57, 449
57, 193
57, 194
57, 322
57, 450
57, 66
57, 67
57, 323
57, 195
57, 196
57, 324
57, 68
57, 69
57, 325
57, 197
57, 198
57, 326
57, 70
57, 71
57, 327
57, 199
57, 200
57, 328
57, 72
57, 73
57, 329
57, 201
57, 202
57, 330
57, 74
57, 75
57, 331
57, 203
57, 204
57, 332
57, 76
57, 77
57, 333
57, 205
57, 206
57, 334
57, 78
57, 79
57, 335
57, 207
57, 208
57, 336
57, 80
57, 81
57, 337
57, 209
57, 210
57, 338
57, 82
57, 83
57, 339
57, 211
57, 212
57, 340
57, 84
57, 85
57, 341
57, 213
57, 214
57, 342
57, 86
57, 87
57, 343
57, 215
57, 216
57, 344
57, 88
57, 89
57, 345
57, 217
57, 218
57, 346
57, 90
57, 91
57, 347
57, 219
57, 220
57, 348
57, 92
57, 93
57, 349
57, 221
57, 222
57, 350
57, 94
57, 95
57, 351
57, 223
57, 224
57, 352
57, 96
57, 97
57, 353
57, 225
57, 226
57, 354
57, 98
57, 99
57, 355
57, 227
57, 228
57, 356
57, 100
57, 101
57, 357
57, 229
57, 230
57, 358
57, 102
57, 103
57, 359
57, 231
57, 232
57, 360
57, 104
57, 105
57, 361
57, 233
57, 234
57, 362
57, 106
57, 107
57, 363
57, 235
57, 236
57, 364
57, 108
57, 109
57, 365
57, 237
57, 238
57, 366
57, 110
57, 111
57, 367
57, 239
57, 240
57, 368
57, 112
57, 113
57, 369
57, 241
57, 242
57, 370
57, 114
57, 115
57, 371
57, 243
57, 244
57, 372
57, 116
57, 117
57, 373
57, 245
57, 246
57, 374
57, 118
57, 119
57, 375
57, 247
57, 248
57, 376
57, 120
57, 121
57, 377
57, 249
57, 250
57, 378
57, 122
57, 123
57, 379
57, 251
57, 252
57, 380
57, 124
57, 125
57, 381
57, 253
57, 254
57, 382
57, 126
57, 127
57, 383
57, 255
185, 256
185, 384
185, 385
185, 257
185, 386
185, 258
185, 387
185, 259
185, 388
185, 260
185, 261
185, 389
185, 390
185, 262
185, 263
185, 391
185, 392
185, 264
185, 265
185, 393
185, 394
185, 266
185, 267
185, 395
185, 396
185, 268
185, 269
185, 397
185, 398
185, 270
185, 271
185, 399
185, 400
185, 272
185, 273
185, 401
185, 402
185, 274
185, 275
185, 403
185, 404
185, 276
185, 277
185, 405
185, 406
185, 278
185, 279
185, 407
185, 408
185, 280
185, 281
185, 409
185, 410
185, 282
185, 283
185, 411
185, 412
185, 284
185, 285
185, 413
185, 414
185, 286
185, 287
185, 415
185, 416
185, 288
185, 289
185, 417
185, 418
185, 290
185, 291
185, 419
185, 420
185, 292
185, 293
185, 421
185, 422
185, 294
185, 295
185, 423
185, 424
185, 296
185, 297
185, 425
185, 426
185, 298
185, 299
185, 427
185, 428
185, 300
185, 301
185, 429
185, 430
185, 302
185, 303
185, 431
185, 432
185, 304
185, 305
185, 433
185, 434
185, 306
185, 307
185, 435
185, 436
185, 308
185, 309
185, 437
185, 438
185, 310
185, 311
185, 439
185, 440
185, 312
185, 313
185, 441
185, 186
185, 442
185, 314
185, 187
185, 315
185, 443
185, 188
185, 444
185, 316
185, 189
185, 317
185, 445
185, 190
185, 446
185, 318
185, 191
185, 319
185, 447
185, 448
185, 320
185, 192
185, 321
185, 449
185, 193
185, 194
185, 322
185, 450
185, 323
185, 195
185, 196
185, 324
185, 325
185, 197
185, 198
185, 326
185, 327
185, 199
185, 200
185, 328
185, 329
185, 201
185, 202
185, 330
185, 331
185, 203
185, 204
185, 332
185, 333
185, 205
185, 206
185, 334
185, 335
185, 207
185, 208
185, 336
185, 337
185, 209
185, 210
185, 338
185, 339
185, 211
185, 212
185, 340
185, 341
185, 213
185, 214
185, 342
185, 343
185, 215
185, 216
185, 344
185, 345
185, 217
185, 218
185, 346
185, 347
185, 219
185, 220
185, 348
185, 349
185, 221
185, 222
185, 350
185, 351
185, 223
185, 224
185, 352
185, 353
185, 225
185, 226
185, 354
185, 355
185, 227
185, 228
185, 356
185, 357
185, 229
185, 230
185, 358
185, 359
185, 231
185, 232
185, 360
185, 361
185, 233
185, 234
185, 362
185, 363
185, 235
185, 236
185, 364
185, 365
185, 237
185, 238
185, 366
185, 367
185, 239
185, 240
185, 368
185, 369
185, 241
185, 242
185, 370
185, 371
185, 243
185, 244
185, 372
185, 373
185, 245
185, 246
185, 374
185, 375
185, 247
185, 248
185, 376
185, 377
185, 249
185, 250
185, 378
185, 379
185, 251
185, 252
185, 380
185, 381
185, 253
185, 254
185, 382
185, 383
185, 255
442, 444
442, 446
442, 448
442, 450
442, 449
442, 447
442, 445
442, 443
314, 320
314, 384
314, 448
314, 321
314, 385
314, 449
314, 386
314, 450
314, 322
314, 387
314, 323
314, 388
314, 324
314, 389
314, 325
314, 326
314, 390
314, 391
314, 327
314, 328
314, 392
314, 393
314, 329
314, 330
314, 394
314, 395
314, 331
314, 332
314, 396
314, 397
314, 333
314, 334
314, 398
314, 399
314, 335
314, 336
314, 400
314, 401
314, 337
314, 338
314, 402
314, 403
314, 339
314, 340
314, 404
314, 405
314, 341
314, 342
314, 406
314, 407
314, 343
314, 344
314, 408
314, 409
314, 345
314, 346
314, 410
314, 411
314, 347
314, 348
314, 412
314, 413
314, 349
314, 350
314, 414
314, 415
314, 351
314, 352
314, 416
314, 417
314, 353
314, 354
314, 418
314, 419
314, 355
314, 356
314, 420
314, 421
314, 357
314, 358
314, 422
314, 423
314, 359
314, 360
314, 424
314, 425
314, 361
314, 362
314, 426
314, 427
314, 363
314, 364
314, 428
314, 429
314, 365
314, 366
314, 430
314, 431
314, 367
314, 368
314, 432
314, 433
314, 369
314, 370
314, 434
314, 435
314, 371
314, 372
314, 436
314, 437
314, 373
314, 374
314, 438
314, 439
314, 375
314, 376
314, 440
314, 441
314, 377
314, 378
314, 442
314, 443
314, 379
314, 315
314, 316
314, 380
314, 444
314, 445
314, 381
314, 317
314, 318
314, 382
314, 446
314, 447
314, 383
314, 319
58, 128
58, 384
58, 256
58, 257
58, 385
58, 129
58, 258
58, 386
58, 130
58, 387
58, 259
58, 131
58, 132
58, 388
58, 260
58, 133
58, 261
58, 389
58, 134
58, 390
58, 262
58, 135
58, 263
58, 391
58, 136
58, 392
58, 264
58, 137
58, 265
58, 393
58, 138
58, 394
58, 266
58, 139
58, 267
58, 395
58, 140
58, 396
58, 268
58, 141
58, 269
58, 397
58, 142
58, 398
58, 270
58, 143
58, 271
58, 399
58, 144
58, 400
58, 272
58, 145
58, 273
58, 401
58, 146
58, 402
58, 274
58, 147
58, 275
58, 403
58, 148
58, 404
58, 276
58, 149
58, 277
58, 405
58, 150
58, 406
58, 278
58, 151
58, 279
58, 407
58, 152
58, 408
58, 280
58, 153
58, 281
58, 409
58, 154
58, 410
58, 282
58, 155
58, 283
58, 411
58, 156
58, 412
58, 284
58, 157
58, 285
58, 413
58, 158
58, 414
58, 286
58, 159
58, 287
58, 415
58, 160
58, 416
58, 288
58, 161
58, 289
58, 417
58, 162
58, 418
58, 290
58, 163
58, 291
58, 419
58, 164
58, 420
58, 292
58, 165
58, 293
58, 421
58, 166
58, 422
58, 294
58, 167
58, 295
58, 423
58, 168
58, 424
58, 296
58, 169
58, 297
58, 425
58, 170
58, 426
58, 298
58, 171
58, 299
58, 427
58, 172
58, 428
58, 300
58, 173
58, 301
58, 429
58, 174
58, 430
58, 302
58, 175
58, 303
58, 431
58, 176
58, 432
58, 304
58, 177
58, 305
58, 433
58, 178
58, 434
58, 306
58, 179
58, 307
58, 435
58, 180
58, 436
58, 308
58, 181
58, 309
58, 437
58, 182
58, 438
58, 310
58, 183
58, 311
58, 439
58, 184
58, 440
58, 312
58, 185
58, 313
58, 441
58, 186
58, 442
58, 314
58, 59
58, 187
58, 315
58, 443
58, 60
58, 188
58, 444
58, 316
58, 61
58, 189
58, 317
58, 445
58, 62
58, 190
58, 446
58, 318
58, 63
58, 191
58, 319
58, 447
58, 192
58, 64
58, 320
58, 448
58, 193
58, 449
58, 321
58, 65
58, 66
58, 450
58, 322
58, 194
58, 195
58, 323
58, 67
58, 68
58, 324
58, 196
58, 197
58, 325
58, 69
58, 70
58, 326
58, 198
58, 199
58, 327
58, 71
58, 72
58, 328
58, 200
58, 201
58, 329
58, 73
58, 74
58, 330
58, 202
58, 203
58, 331
58, 75
58, 76
58, 332
58, 204
58, 205
58, 333
58, 77
58, 78
58, 334
58, 206
58, 207
58, 335
58, 79
58, 80
58, 336
58, 208
58, 209
58, 337
58, 81
58, 82
58, 338
58, 210
58, 211
58, 339
58, 83
58, 84
58, 340
58, 212
58, 213
58, 341
58, 85
58, 86
58, 342
58, 214
58, 215
58, 343
58, 87
58, 88
58, 344
58, 216
58, 217
58, 345
58, 89
58, 90
58, 346
58, 218
58, 219
58, 347
58, 91
58, 92
58, 348
58, 220
58, 221
58, 349
58, 93
58, 94
58, 350
58, 222
58, 223
58, 351
58, 95
58, 96
58, 352
58, 224
58, 225
58, 353
58, 97
58, 98
58, 354
58, 226
58, 227
58, 355
58, 99
58, 100
58, 356
58, 228
58, 229
58, 357
58, 101
58, 102
58, 358
58, 230
58, 231
58, 359
58, 103
58, 104
58, 360
58, 232
58, 233
58, 361
58, 105
58, 106
58, 362
58, 234
58, 235
58, 363
58, 107
58, 108
58, 364
58, 236
58, 237
58, 365
58, 109
58, 110
58, 366
58, 238
58, 239
58, 367
58, 111
58, 112
58, 368
58, 240
58, 241
58, 369
58, 113
58, 114
58, 370
58, 242
58, 243
58, 371
58, 115
58, 116
58, 372
58, 244
58, 245
58, 373
58, 117
58, 118
58, 374
58, 246
58, 247
58, 375
58, 119
58, 120
58, 376
58, 248
58, 249
58, 377
58, 121
58, 122
58, 378
58, 250
58, 251
58, 379
58, 123
58, 124
58, 380
58, 252
58, 253
58, 381
58, 125
58, 126
58, 382
58, 254
58, 255
58, 383
58, 127
186, 384
186, 256
186, 257
186, 385
186, 258
186, 386
186, 259
186, 387
186, 388
186, 260
186, 261
186, 389
186, 390
186, 262
186, 263
186, 391
186, 392
186, 264
186, 265
186, 393
186, 394
186, 266
186, 267
186, 395
186, 396
186, 268
186, 269
186, 397
186, 398
186, 270
186, 271
186, 399
186, 400
186, 272
186, 273
186, 401
186, 402
186, 274
186, 275
186, 403
186, 404
186, 276
186, 277
186, 405
186, 406
186, 278
186, 279
186, 407
186, 408
186, 280
186, 281
186, 409
186, 410
186, 282
186, 283
186, 411
186, 412
186, 284
186, 285
186, 413
186, 414
186, 286
186, 287
186, 415
186, 416
186, 288
186, 289
186, 417
186, 418
186, 290
186, 291
186, 419
186, 420
186, 292
186, 293
186, 421
186, 422
186, 294
186, 295
186, 423
186, 424
186, 296
186, 297
186, 425
186, 426
186, 298
186, 299
186, 427
186, 428
186, 300
186, 301
186, 429
186, 430
186, 302
186, 303
186, 431
186, 432
186, 304
186, 305
186, 433
186, 434
186, 306
186, 307
186, 435
186, 436
186, 308
186, 309
186, 437
186, 438
186, 310
186, 311
186, 439
186, 440
186, 312
186, 313
186, 441
186, 442
186, 314
186, 187
186, 315
186, 443
186, 188
186, 444
186, 316
186, 189
186, 317
186, 445
186, 190
186, 446
186, 318
186, 191
186, 319
186, 447
186, 448
186, 320
186, 192
186, 193
186, 449
186, 321
186, 450
186, 322
186, 194
186, 195
186, 323
186, 324
186, 196
186, 197
186, 325
186, 326
186, 198
186, 199
186, 327
186, 328
186, 200
186, 201
186, 329
186, 330
186, 202
186, 203
186, 331
186, 332
186, 204
186, 205
186, 333
186, 334
186, 206
186, 207
186, 335
186, 336
186, 208
186, 209
186, 337
186, 338
186, 210
186, 211
186, 339
186, 340
186, 212
186, 213
186, 341
186, 342
186, 214
186, 215
186, 343
186, 344
186, 216
186, 217
186, 345
186, 346
186, 218
186, 219
186, 347
186, 348
186, 220
186, 221
186, 349
186, 350
186, 222
186, 223
186, 351
186, 352
186, 224
186, 225
186, 353
186, 354
186, 226
186, 227
186, 355
186, 356
186, 228
186, 229
186, 357
186, 358
186, 230
186, 231
186, 359
186, 360
186, 232
186, 233
186, 361
186, 362
186, 234
186, 235
186, 363
186, 364
186, 236
186, 237
186, 365
186, 366
186, 238
186, 239
186, 367
186, 368
186, 240
186, 241
186, 369
186, 370
186, 242
186, 243
186, 371
186, 372
186, 244
186, 245
186, 373
186, 374
186, 246
186, 247
186, 375
186, 376
186, 248
186, 249
186, 377
186, 378
186, 250
186, 251
186, 379
186, 380
186, 252
186, 253
186, 381
186, 382
186, 254
186, 255
186, 383
443, 445
443, 447
443, 449
443, 450
443, 448
443, 446
443, 444
315, 320
315, 384
315, 448
315, 321
315, 385
315, 449
315, 450
315, 322
315, 386
315, 323
315, 387
315, 324
315, 388
315, 325
315, 389
315, 390
315, 326
315, 327
315, 391
315, 392
315, 328
315, 329
315, 393
315, 394
315, 330
315, 331
315, 395
315, 396
315, 332
315, 333
315, 397
315, 398
315, 334
315, 335
315, 399
315, 400
315, 336
315, 337
315, 401
315, 402
315, 338
315, 339
315, 403
315, 404
315, 340
315, 341
315, 405
315, 406
315, 342
315, 343
315, 407
315, 408
315, 344
315, 345
315, 409
315, 410
315, 346
315, 347
315, 411
315, 412
315, 348
315, 349
315, 413
315, 414
315, 350
315, 351
315, 415
315, 416
315, 352
315, 353
315, 417
315, 418
315, 354
315, 355
315, 419
315, 420
315, 356
315, 357
315, 421
315, 422
315, 358
315, 359
315, 423
315, 424
315, 360
315, 361
315, 425
315, 426
315, 362
315, 363
315, 427
315, 428
315, 364
315, 365
315, 429
315, 430
315, 366
315, 367
315, 431
315, 432
315, 368
315, 369
315, 433
315, 434
315, 370
315, 371
315, 435
315, 436
315, 372
315, 373
315, 437
315, 438
315, 374
315, 375
315, 439
315, 440
315, 376
315, 377
315, 441
315, 442
315, 378
315, 379
315, 443
315, 444
315, 380
315, 316
315, 317
315, 381
315, 445
315, 446
315, 382
315, 318
315, 319
315, 383
315, 447
59, 256
59, 384
59, 128
59, 129
59, 385
59, 257
59, 386
59, 258
59, 130
59, 387
59, 259
59, 131
59, 132
59, 388
59, 260
59, 133
59, 261
59, 389
59, 134
59, 390
59, 262
59, 135
59, 263
59, 391
59, 136
59, 392
59, 264
59, 137
59, 265
59, 393
59, 138
59, 394
59, 266
59, 139
59, 267
59, 395
59, 140
59, 396
59, 268
59, 141
59, 269
59, 397
59, 142
59, 398
59, 270
59, 143
59, 271
59, 399
59, 144
59, 400
59, 272
59, 145
59, 273
59, 401
59, 146
59, 402
59, 274
59, 147
59, 275
59, 403
59, 148
59, 404
59, 276
59, 149
59, 277
59, 405
59, 150
59, 406
59, 278
59, 151
59, 279
59, 407
59, 152
59, 408
59, 280
59, 153
59, 281
59, 409
59, 154
59, 410
59, 282
59, 155
59, 283
59, 411
59, 156
59, 412
59, 284
59, 157
59, 285
59, 413
59, 158
59, 414
59, 286
59, 159
59, 287
59, 415
59, 160
59, 416
59, 288
59, 161
59, 289
59, 417
59, 162
59, 418
59, 290
59, 163
59, 291
59, 419
59, 164
59, 420
59, 292
59, 165
59, 293
59, 421
59, 166
59, 422
59, 294
59, 167
59, 295
59, 423
59, 168
59, 424
59, 296
59, 169
59, 297
59, 425
59, 170
59, 426
59, 298
59, 171
59, 299
59, 427
59, 172
59, 428
59, 300
59, 173
59, 301
59, 429
59, 174
59, 430
59, 302
59, 175
59, 303
59, 431
59, 176
59, 432
59, 304
59, 177
59, 305
59, 433
59, 178
59, 434
59, 306
59, 179
59, 307
59, 435
59, 180
59, 436
59, 308
59, 181
59, 309
59, 437
59, 182
59, 438
59, 310
59, 183
59, 311
59, 439
59, 184
59, 440
59, 312
59, 185
59, 313
59, 441
59, 186
59, 442
59, 314
59, 187
59, 315
59, 443
59, 60
59, 188
59, 444
59, 316
59, 61
59, 189
59, 317
59, 445
59, 62
59, 190
59, 446
59, 318
59, 63
59, 191
59, 319
59, 447
59, 320
59, 448
59, 64
59, 192
59, 65
59, 321
59, 449
59, 193
59, 194
59, 322
59, 450
59, 66
59, 67
59, 323
59, 195
59, 196
59, 324
59, 68
59, 69
59, 325
59, 197
59, 198
59, 326
59, 70
59, 71
59, 327
59, 199
59, 200
59, 328
59, 72
59, 73
59, 329
59, 201
59, 202
59, 330
59, 74
59, 75
59, 331
59, 203
59, 204
59, 332
59, 76
59, 77
59, 333
59, 205
59, 206
59, 334
59, 78
59, 79
59, 335
59, 207
59, 208
59, 336
59, 80
59, 81
59, 337
59, 209
59, 210
59, 338
59, 82
59, 83
59, 339
59, 211
59, 212
59, 340
59, 84
59, 85
59, 341
59, 213
59, 214
59, 342
59, 86
59, 87
59, 343
59, 215
59, 216
59, 344
59, 88
59, 89
59, 345
59, 217
59, 218
59, 346
59, 90
59, 91
59, 347
59, 219
59, 220
59, 348
59, 92
59, 93
59, 349
59, 221
59, 222
59, 350
59, 94
59, 95
59, 351
59, 223
59, 224
59, 352
59, 96
59, 97
59, 353
59, 225
59, 226
59, 354
59, 98
59, 99
59, 355
59, 227
59, 228
59, 356
59, 100
59, 101
59, 357
59, 229
59, 230
59, 358
59, 102
59, 103
59, 359
59, 231
59, 232
59, 360
59, 104
59, 105
59, 361
59, 233
59, 234
59, 362
59, 106
59, 107
59, 363
59, 235
59, 236
59, 364
59, 108
59, 109
59, 365
59, 237
59, 238
59, 366
59, 110
59, 111
59, 367
59, 239
59, 240
59, 368
59, 112
59, 113
59, 369
59, 241
59, 242
59, 370
59, 114
59, 115
59, 371
59, 243
59, 244
59, 372
59, 116
59, 117
59, 373
59, 245
59, 246
59, 374
59, 118
59, 119
59, 375
59, 247
59, 248
59, 376
59, 120
59, 121
59, 377
59, 249
59, 250
59, 378
59, 122
59, 123
59, 379
59, 251
59, 252
59, 380
59, 124
59, 125
59, 381
59, 253
59, 254
59, 382
59, 126
59, 127
59, 383
59, 255
187, 256
187, 384
187, 385
187, 257
187, 386
187, 258
187, 387
187, 259
187, 388
187, 260
187, 261
187, 389
187, 390
187, 262
187, 263
187, 391
187, 392
187, 264
187, 265
187, 393
187, 394
187, 266
187, 267
187, 395
187, 396
187, 268
187, 269
187, 397
187, 398
187, 270
187, 271
187, 399
187, 400
187, 272
187, 273
187, 401
187, 402
187, 274
187, 275
187, 403
187, 404
187, 276
187, 277
187, 405
187, 406
187, 278
187, 279
187, 407
187, 408
187, 280
187, 281
187, 409
187, 410
187, 282
187, 283
187, 411
187, 412
187, 284
187, 285
187, 413
187, 414
187, 286
187, 287
187, 415
187, 416
187, 288
187, 289
187, 417
187, 418
187, 290
187, 291
187, 419
187, 420
187, 292
187, 293
187, 421
187, 422
187, 294
187, 295
187, 423
187, 424
187, 296
187, 297
187, 425
187, 426
187, 298
187, 299
187, 427
187, 428
187, 300
187, 301
187, 429
187, 430
187, 302
187, 303
187, 431
187, 432
187, 304
187, 305
187, 433
187, 434
187, 306
187, 307
187, 435
187, 436
187, 308
187, 309
187, 437
187, 438
187, 310
187, 311
187, 439
187, 440
187, 312
187, 313
187, 441
187, 442
187, 314
187, 315
187, 443
187, 188
187, 444
187, 316
187, 189
187, 317
187, 445
187, 190
187, 446
187, 318
187, 191
187, 319
187, 447
187, 448
187, 320
187, 192
187, 321
187, 449
187, 193
187, 194
187, 322
187, 450
187, 323
187, 195
187, 196
187, 324
187, 325
187, 197
187, 198
187, 326
187, 327
187, 199
187, 200
187, 328
187, 329
187, 201
187, 202
187, 330
187, 331
187, 203
187, 204
187, 332
187, 333
187, 205
187, 206
187, 334
187, 335
187, 207
187, 208
187, 336
187, 337
187, 209
187, 210
187, 338
187, 339
187, 211
187, 212
187, 340
187, 341
187, 213
187, 214
187, 342
187, 343
187, 215
187, 216
187, 344
187, 345
187, 217
187, 218
187, 346
187, 347
187, 219
187, 220
187, 348
187, 349
187, 221
187, 222
187, 350
187, 351
187, 223
187, 224
187, 352
187, 353
187, 225
187, 226
187, 354
187, 355
187, 227
187, 228
187, 356
187, 357
187, 229
187, 230
187, 358
187, 359
187, 231
187, 232
187, 360
187, 361
187, 233
187, 234
187, 362
187, 363
187, 235
187, 236
187, 364
187, 365
187, 237
187, 238
187, 366
187, 367
187, 239
187, 240
187, 368
187, 369
187, 241
187, 242
187, 370
187, 371
187, 243
187, 244
187, 372
187, 373
187, 245
187, 246
187, 374
187, 375
187, 247
187, 248
187, 376
187, 377
187, 249
187, 250
187, 378
187, 379
187, 251
187, 252
187, 380
187, 381
187, 253
187, 254
187, 382
187, 383
187, 255
444, 446
444, 448
444, 450
444, 449
444, 447
444, 445
316, 320
316, 384
316, 448
316, 321
316, 385
316, 449
316, 322
316, 386
316, 450
316, 387
316, 323
316, 388
316, 324
316, 389
316, 325
316, 326
316, 390
316, 391
316, 327
316, 328
316, 392
316, 393
316, 329
316, 330
316, 394
316, 395
316, 331
316, 332
316, 396
316, 397
316, 333
316, 334
316, 398
316, 399
316, 335
316, 336
316, 400
316, 401
316, 337
316, 338
316, 402
316, 403
316, 339
316, 340
316, 404
316, 405
316, 341
316, 342
316, 406
316, 407
316, 343
316, 344
316, 408
316, 409
316, 345
316, 346
316, 410
316, 411
316, 347
316, 348
316, 412
316, 413
316, 349
316, 350
316, 414
316, 415
316, 351
316, 352
316, 416
316, 417
316, 353
316, 354
316, 418
316, 419
316, 355
316, 356
316, 420
316, 421
316, 357
316, 358
316, 422
316, 423
316, 359
316, 360
316, 424
316, 425
316, 361
316, 362
316, 426
316, 427
316, 363
316, 364
316, 428
316, 429
316, 365
316, 366
316, 430
316, 431
316, 367
316, 368
316, 432
316, 433
316, 369
316, 370
316, 434
316, 435
316, 371
316, 372
316, 436
316, 437
316, 373
316, 374
316, 438
316, 439
316, 375
316, 376
316, 440
316, 441
316, 377
316, 378
316, 442
316, 443
316, 379
316, 380
316, 444
316, 445
316, 381
316, 317
316, 318
316, 382
316, 446
316, 447
316, 383
316, 319
60, 128
60, 384
60, 256
60, 257
60, 385
60, 129
60, 258
60, 386
60, 130
60, 387
60, 259
60, 131
60, 132
60, 388
60, 260
60, 133
60, 261
60, 389
60, 134
60, 390
60, 262
60, 135
60, 263
60, 391
60, 136
60, 392
60, 264
60, 137
60, 265
60, 393
60, 138
60, 394
60, 266
60, 139
60, 267
60, 395
60, 140
60, 396
60, 268
60, 141
60, 269
60, 397
60, 142
60, 398
60, 270
60, 143
60, 271
60, 399
60, 144
60, 400
60, 272
60, 145
60, 273
60, 401
60, 146
60, 402
60, 274
60, 147
60, 275
60, 403
60, 148
60, 404
60, 276
60, 149
60, 277
60, 405
60, 150
60, 406
60, 278
60, 151
60, 279
60, 407
60, 152
60, 408
60, 280
60, 153
60, 281
60, 409
60, 154
60, 410
60, 282
60, 155
60, 283
60, 411
60, 156
60, 412
60, 284
60, 157
60, 285
60, 413
60, 158
60, 414
60, 286
60, 159
60, 287
60, 415
60, 160
60, 416
60, 288
60, 161
60, 289
60, 417
60, 162
60, 418
60, 290
60, 163
60, 291
60, 419
60, 164
60, 420
60, 292
60, 165
60, 293
60, 421
60, 166
60, 422
60, 294
60, 167
60, 295
60, 423
60, 168
60, 424
60, 296
60, 169
60, 297
60, 425
60, 170
60, 426
60, 298
60, 171
60, 299
60, 427
60, 172
60, 428
60, 300
60, 173
60, 301
60, 429
60, 174
60, 430
60, 302
60, 175
60, 303
60, 431
60, 176
60, 432
60, 304
60, 177
60, 305
60, 433
60, 178
60, 434
60, 306
60, 179
60, 307
60, 435
60, 180
60, 436
60, 308
60, 181
60, 309
60, 437
60, 182
60, 438
60, 310
60, 183
60, 311
60, 439
60, 184
60, 440
60, 312
60, 185
60, 313
60, 441
60, 186
60, 442
60, 314
60, 187
60, 315
60, 443
60, 188
60, 444
60, 316
60, 61
60, 189
60, 317
60, 445
60, 62
60, 190
60, 446
60, 318
60, 63
60, 191
60, 319
60, 447
60, 64
60, 192
60, 448
60, 320
60, 193
60, 449
60, 321
60, 65
60, 66
60, 450
60, 322
60, 194
60, 195
60, 323
60, 67
60, 68
60, 324
60, 196
60, 197
60, 325
60, 69
60, 70
60, 326
60, 198
60, 199
60, 327
60, 71
60, 72
60, 328
60, 200
60, 201
60, 329
60, 73
60, 74
60, 330
60, 202
60, 203
60, 331
60, 75
60, 76
60, 332
60, 204
60, 205
60, 333
60, 77
60, 78
60, 334
60, 206
60, 207
60, 335
60, 79
60, 80
60, 336
60, 208
60, 209
60, 337
60, 81
60, 82
60, 338
60, 210
60, 211
60, 339
60, 83
60, 84
60, 340
60, 212
60, 213
60, 341
60, 85
60, 86
60, 342
60, 214
60, 215
60, 343
60, 87
60, 88
60, 344
60, 216
60, 217
60, 345
60, 89
60, 90
60, 346
60, 218
60, 219
60, 347
60, 91
60, 92
60, 348
60, 220
60, 221
60, 349
60, 93
60, 94
60, 350
60, 222
60, 223
60, 351
60, 95
60, 96
60, 352
60, 224
60, 225
60, 353
60, 97
60, 98
60, 354
60, 226
60, 227
60, 355
60, 99
60, 100
60, 356
60, 228
60, 229
60, 357
60, 101
60, 102
60, 358
60, 230
60, 231
60, 359
60, 103
60, 104
60, 360
60, 232
60, 233
60, 361
60, 105
60, 106
60, 362
60, 234
60, 235
60, 363
60, 107
60, 108
60, 364
60, 236
60, 237
60, 365
60, 109
60, 110
60, 366
60, 238
60, 239
60, 367
60, 111
60, 112
60, 368
60, 240
60, 241
60, 369
60, 113
60, 114
60, 370
60, 242
60, 243
60, 371
60, 115
60, 116
60, 372
60, 244
60, 245
60, 373
60, 117
60, 118
60, 374
60, 246
60, 247
60, 375
60, 119
60, 120
60, 376
60, 248
60, 249
60, 377
60, 121
60, 122
60, 378
60, 250
60, 251
60, 379
60, 123
60, 124
60, 380
60, 252
60, 253
60, 381
60, 125
60, 126
60, 382
60, 254
60, 255
60, 383
60, 127
188, 384
188, 256
188, 257
188, 385
188, 258
188, 386
188, 259
188, 387
188, 388
188, 260
188, 261
188, 389
188, 390
188, 262
188, 263
188, 391
188, 392
188, 264
188, 265
188, 393
188, 394
188, 266
188, 267
188, 395
188, 396
188, 268
188, 269
188, 397
188, 398
188, 270
188, 271
188, 399
188, 400
188, 272
188, 273
188, 401
188, 402
188, 274
188, 275
188, 403
188, 404
188, 276
188, 277
188, 405
188, 406
188, 278
188, 279
188, 407
188, 408
188, 280
188, 281
188, 409
188, 410
188, 282
188, 283
188, 411
188, 412
188, 284
188, 285
188, 413
188, 414
188, 286
188, 287
188, 415
188, 416
188, 288
188, 289
188, 417
188, 418
188, 290
188, 291
188, 419
188, 420
188, 292
188, 293
188, 421
188, 422
188, 294
188, 295
188, 423
188, 424
188, 296
188, 297
188, 425
188, 426
188, 298
188, 299
188, 427
188, 428
188, 300
188, 301
188, 429
188, 430
188, 302
188, 303
188, 431
188, 432
188, 304
188, 305
188, 433
188, 434
188, 306
188, 307
188, 435
188, 436
188, 308
188, 309
188, 437
188, 438
188, 310
188, 311
188, 439
188, 440
188, 312
188, 313
188, 441
188, 442
188, 314
188, 315
188, 443
188, 444
188, 316
188, 189
188, 317
188, 445
188, 190
188, 446
188, 318
188, 191
188, 319
188, 447
188, 448
188, 320
188, 192
188, 193
188, 449
188, 321
188, 450
188, 322
188, 194
188, 195
188, 323
188, 324
188, 196
188, 197
188, 325
188, 326
188, 198
188, 199
188, 327
188, 328
188, 200
188, 201
188, 329
188, 330
188, 202
188, 203
188, 331
188, 332
188, 204
188, 205
188, 333
188, 334
188, 206
188, 207
188, 335
188, 336
188, 208
188, 209
188, 337
188, 338
188, 210
188, 211
188, 339
188, 340
188, 212
188, 213
188, 341
188, 342
188, 214
188, 215
188, 343
188, 344
188, 216
188, 217
188, 345
188, 346
188, 218
188, 219
188, 347
188, 348
188, 220
188, 221
188, 349
188, 350
188, 222
188, 223
188, 351
188, 352
188, 224
188, 225
188, 353
188, 354
188, 226
188, 227
188, 355
188, 356
188, 228
188, 229
188, 357
188, 358
188, 230
188, 231
188, 359
188, 360
188, 232
188, 233
188, 361
188, 362
188, 234
188, 235
188, 363
188, 364
188, 236
188, 237
188, 365
188, 366
188, 238
188, 239
188, 367
188, 368
188, 240
188, 241
188, 369
188, 370
188, 242
188, 243
188, 371
188, 372
188, 244
188, 245
188, 373
188, 374
188, 246
188, 247
188, 375
188, 376
188, 248
188, 249
188, 377
188, 378
188, 250
188, 251
188, 379
188, 380
188, 252
188, 253
188, 381
188, 382
188, 254
188, 255
188, 383
445, 447
445, 449
445, 450
445, 448
445, 446
317, 320
317, 384
317, 448
317, 321
317, 385
317, 449
317, 386
317, 450
317, 322
317, 323
317, 387
317, 324
317, 388
317, 325
317, 389
317, 390
317, 326
317, 327
317, 391
317, 392
317, 328
317, 329
317, 393
317, 394
317, 330
317, 331
317, 395
317, 396
317, 332
317, 333
317, 397
317, 398
317, 334
317, 335
317, 399
317, 400
317, 336
317, 337
317, 401
317, 402
317, 338
317, 339
317, 403
317, 404
317, 340
317, 341
317, 405
317, 406
317, 342
317, 343
317, 407
317, 408
317, 344
317, 345
317, 409
317, 410
317, 346
317, 347
317, 411
317, 412
317, 348
317, 349
317, 413
317, 414
317, 350
317, 351
317, 415
317, 416
317, 352
317, 353
317, 417
317, 418
317, 354
317, 355
317, 419
317, 420
317, 356
317, 357
317, 421
317, 422
317, 358
317, 359
317, 423
317, 424
317, 360
317, 361
317, 425
317, 426
317, 362
317, 363
317, 427
317, 428
317, 364
317, 365
317, 429
317, 430
317, 366
317, 367
317, 431
317, 432
317, 368
317, 369
317, 433
317, 434
317, 370
317, 371
317, 435
317, 436
317, 372
317, 373
317, 437
317, 438
317, 374
317, 375
317, 439
317, 440
317, 376
317, 377
317, 441
317, 442
317, 378
317, 379
317, 443
317, 444
317, 380
317, 381
317, 445
317, 446
317, 382
317, 318
317, 319
317, 383
317, 447
61, 256
61, 384
61, 128
61, 129
61, 385
61, 257
61, 386
61, 258
61, 130
61, 387
61, 259
61, 131
61, 132
61, 388
61, 260
61, 133
61, 261
61, 389
61, 134
61, 390
61, 262
61, 135
61, 263
61, 391
61, 136
61, 392
61, 264
61, 137
61, 265
61, 393
61, 138
61, 394
61, 266
61, 139
61, 267
61, 395
61, 140
61, 396
61, 268
61, 141
61, 269
61, 397
61, 142
61, 398
61, 270
61, 143
61, 271
61, 399
61, 144
61, 400
61, 272
61, 145
61, 273
61, 401
61, 146
61, 402
61, 274
61, 147
61, 275
61, 403
61, 148
61, 404
61, 276
61, 149
61, 277
61, 405
61, 150
61, 406
61, 278
61, 151
61, 279
61, 407
61, 152
61, 408
61, 280
61, 153
61, 281
61, 409
61, 154
61, 410
61, 282
61, 155
61, 283
61, 411
61, 156
61, 412
61, 284
61, 157
61, 285
61, 413
61, 158
61, 414
61, 286
61, 159
61, 287
61, 415
61, 160
61, 416
61, 288
61, 161
61, 289
61, 417
61, 162
61, 418
61, 290
61, 163
61, 291
61, 419
61, 164
61, 420
61, 292
61, 165
61, 293
61, 421
61, 166
61, 422
61, 294
61, 167
61, 295
61, 423
61, 168
61, 424
61, 296
61, 169
61, 297
61, 425
61, 170
61, 426
61, 298
61, 171
61, 299
61, 427
61, 172
61, 428
61, 300
61, 173
61, 301
61, 429
61, 174
61, 430
61, 302
61, 175
61, 303
61, 431
61, 176
61, 432
61, 304
61, 177
61, 305
61, 433
61, 178
61, 434
61, 306
61, 179
61, 307
61, 435
61, 180
61, 436
61, 308
61, 181
61, 309
61, 437
61, 182
61, 438
61, 310
61, 183
61, 311
61, 439
61, 184
61, 440
61, 312
61, 185
61, 313
61, 441
61, 186
61, 442
61, 314
61, 187
61, 315
61, 443
61, 188
61, 444
61, 316
61, 189
61, 317
61, 445
61, 62
61, 190
61, 446
61, 318
61, 63
61, 191
61, 319
61, 447
61, 448
61, 320
61, 192
61, 64
61, 65
61, 321
61, 449
61, 193
61, 194
61, 322
61, 450
61, 66
61, 67
61, 323
61, 195
61, 196
61, 324
61, 68
61, 69
61, 325
61, 197
61, 198
61, 326
61, 70
61, 71
61, 327
61, 199
61, 200
61, 328
61, 72
61, 73
61, 329
61, 201
61, 202
61, 330
61, 74
61, 75
61, 331
61, 203
61, 204
61, 332
61, 76
61, 77
61, 333
61, 205
61, 206
61, 334
61, 78
61, 79
61, 335
61, 207
61, 208
61, 336
61, 80
61, 81
61, 337
61, 209
61, 210
61, 338
61, 82
61, 83
61, 339
61, 211
61, 212
61, 340
61, 84
61, 85
61, 341
61, 213
61, 214
61, 342
61, 86
61, 87
61, 343
61, 215
61, 216
61, 344
61, 88
61, 89
61, 345
61, 217
61, 218
61, 346
61, 90
61, 91
61, 347
61, 219
61, 220
61, 348
61, 92
61, 93
61, 349
61, 221
61, 222
61, 350
61, 94
61, 95
61, 351
61, 223
61, 224
61, 352
61, 96
61, 97
61, 353
61, 225
61, 226
61, 354
61, 98
61, 99
61, 355
61, 227
61, 228
61, 356
61, 100
61, 101
61, 357
61, 229
61, 230
61, 358
61, 102
61, 103
61, 359
61, 231
61, 232
61, 360
61, 104
61, 105
61, 361
61, 233
61, 234
61, 362
61, 106
61, 107
61, 363
61, 235
61, 236
61, 364
61, 108
61, 109
61, 365
61, 237
61, 238
61, 366
61, 110
61, 111
61, 367
61, 239
61, 240
61, 368
61, 112
61, 113
61, 369
61, 241
61, 242
61, 370
61, 114
61, 115
61, 371
61, 243
61, 244
61, 372
61, 116
61, 117
61, 373
61, 245
61, 246
61, 374
61, 118
61, 119
61, 375
61, 247
61, 248
61, 376
61, 120
61, 121
61, 377
61, 249
61, 250
61, 378
61, 122
61, 123
61, 379
61, 251
61, 252
61, 380
61, 124
61, 125
61, 381
61, 253
61, 254
61, 382
61, 126
61, 127
61, 383
61, 255
189, 256
189, 384
189, 385
189, 257
189, 386
189, 258
189, 387
189, 259
189, 388
189, 260
189, 261
189, 389
189, 390
189, 262
189, 263
189, 391
189, 392
189, 264
189, 265
189, 393
189, 394
189, 266
189, 267
189, 395
189, 396
189, 268
189, 269
189, 397
189, 398
189, 270
189, 271
189, 399
189, 400
189, 272
189, 273
189, 401
189, 402
189, 274
189, 275
189, 403
189, 404
189, 276
189, 277
189, 405
189, 406
189, 278
189, 279
189, 407
189, 408
189, 280
189, 281
189, 409
189, 410
189, 282
189, 283
189, 411
189, 412
189, 284
189, 285
189, 413
189, 414
189, 286
189, 287
189, 415
189, 416
189, 288
189, 289
189, 417
189, 418
189, 290
189, 291
189, 419
189, 420
189, 292
189, 293
189, 421
189, 422
189, 294
189, 295
189, 423
189, 424
189, 296
189, 297
189, 425
189, 426
189, 298
189, 299
189, 427
189, 428
189, 300
189, 301
189, 429
189, 430
189, 302
189, 303
189, 431
189, 432
189, 304
189, 305
189, 433
189, 434
189, 306
189, 307
189, 435
189, 436
189, 308
189, 309
189, 437
189, 438
189, 310
189, 311
189, 439
189, 440
189, 312
189, 313
189, 441
189, 442
189, 314
189, 315
189, 443
189, 444
189, 316
189, 317
189, 445
189, 190
189, 446
189, 318
189, 191
189, 319
189, 447
189, 448
189, 320
189, 192
189, 321
189, 449
189, 193
189, 194
189, 322
189, 450
189, 323
189, 195
189, 196
189, 324
189, 325
189, 197
189, 198
189, 326
189, 327
189, 199
189, 200
189, 328
189, 329
189, 201
189, 202
189, 330
189, 331
189, 203
189, 204
189, 332
189, 333
189, 205
189, 206
189, 334
189, 335
189, 207
189, 208
189, 336
189, 337
189, 209
189, 210
189, 338
189, 339
189, 211
189, 212
189, 340
189, 341
189, 213
189, 214
189, 342
189, 343
189, 215
189, 216
189, 344
189, 345
189, 217
189, 218
189, 346
189, 347
189, 219
189, 220
189, 348
189, 349
189, 221
189, 222
189, 350
189, 351
189, 223
189, 224
189, 352
189, 353
189, 225
189, 226
189, 354
189, 355
189, 227
189, 228
189, 356
189, 357
189, 229
189, 230
189, 358
189, 359
189, 231
189, 232
189, 360
189, 361
189, 233
189, 234
189, 362
189, 363
189, 235
189, 236
189, 364
189, 365
189, 237
189, 238
189, 366
189, 367
189, 239
189, 240
189, 368
189, 369
189, 241
189, 242
189, 370
189, 371
189, 243
189, 244
189, 372
189, 373
189, 245
189, 246
189, 374
189, 375
189, 247
189, 248
189, 376
189, 377
189, 249
189, 250
189, 378
189, 379
189, 251
189, 252
189, 380
189, 381
189, 253
189, 254
189, 382
189, 383
189, 255
446, 448
446, 450
446, 449
446, 447
318, 320
318, 384
318, 448
318, 321
318, 385
318, 449
318, 450
318, 322
318, 386
318, 387
318, 323
318, 388
318, 324
318, 389
318, 325
318, 326
318, 390
318, 391
318, 327
318, 328
318, 392
318, 393
318, 329
318, 330
318, 394
318, 395
318, 331
318, 332
318, 396
318, 397
318, 333
318, 334
318, 398
318, 399
318, 335
318, 336
318, 400
318, 401
318, 337
318, 338
318, 402
318, 403
318, 339
318, 340
318, 404
318, 405
318, 341
318, 342
318, 406
318, 407
318, 343
318, 344
318, 408
318, 409
318, 345
318, 346
318, 410
318, 411
318, 347
318, 348
318, 412
318, 413
318, 349
318, 350
318, 414
318, 415
318, 351
318, 352
318, 416
318, 417
318, 353
318, 354
318, 418
318, 419
318, 355
318, 356
318, 420
318, 421
318, 357
318, 358
318, 422
318, 423
318, 359
318, 360
318, 424
318, 425
318, 361
318, 362
318, 426
318, 427
318, 363
318, 364
318, 428
318, 429
318, 365
318, 366
318, 430
318, 431
318, 367
318, 368
318, 432
318, 433
318, 369
318, 370
318, 434
318, 435
318, 371
318, 372
318, 436
318, 437
318, 373
318, 374
318, 438
318, 439
318, 375
318, 376
318, 440
318, 441
318, 377
318, 378
318, 442
318, 443
318, 379
318, 380
318, 444
318, 445
318, 381
318, 382
318, 446
318, 447
318, 383
318, 319
62, 128
62, 384
62, 256
62, 257
62, 385
62, 129
62, 258
62, 386
62, 130
62, 387
62, 259
62, 131
62, 132
62, 388
62, 260
62, 133
62, 261
62, 389
62, 134
62, 390
62, 262
62, 135
62, 263
62, 391
62, 136
62, 392
62, 264
62, 137
62, 265
62, 393
62, 138
62, 394
62, 266
62, 139
62, 267
62, 395
62, 140
62, 396
62, 268
62, 141
62, 269
62, 397
62, 142
62, 398
62, 270
62, 143
62, 271
62, 399
62, 144
62, 400
62, 272
62, 145
62, 273
62, 401
62, 146
62, 402
62, 274
62, 147
62, 275
62, 403
62, 148
62, 404
62, 276
62, 149
62, 277
62, 405
62, 150
62, 406
62, 278
62, 151
62, 279
62, 407
62, 152
62, 408
62, 280
62, 153
62, 281
62, 409
62, 154
62, 410
62, 282
62, 155
62, 283
62, 411
62, 156
62, 412
62, 284
62, 157
62, 285
62, 413
62, 158
62, 414
62, 286
62, 159
62, 287
62, 415
62, 160
62, 416
62, 288
62, 161
62, 289
62, 417
62, 162
62, 418
62, 290
62, 163
62, 291
62, 419
62, 164
62, 420
62, 292
62, 165
62, 293
62, 421
62, 166
62, 422
62, 294
62, 167
62, 295
62, 423
62, 168
62, 424
62, 296
62, 169
62, 297
62, 425
62, 170
62, 426
62, 298
62, 171
62, 299
62, 427
62, 172
62, 428
62, 300
62, 173
62, 301
62, 429
62, 174
62, 430
62, 302
62, 175
62, 303
62, 431
62, 176
62, 432
62, 304
62, 177
62, 305
62, 433
62, 178
62, 434
62, 306
62, 179
62, 307
62, 435
62, 180
62, 436
62, 308
62, 181
62, 309
62, 437
62, 182
62, 438
62, 310
62, 183
62, 311
62, 439
62, 184
62, 440
62, 312
62, 185
62, 313
62, 441
62, 186
62, 442
62, 314
62, 187
62, 315
62, 443
62, 188
62, 444
62, 316
62, 189
62, 317
62, 445
62, 190
62, 446
62, 318
62, 63
62, 191
62, 319
62, 447
62, 192
62, 64
62, 320
62, 448
62, 193
62, 449
62, 321
62, 65
62, 66
62, 450
62, 322
62, 194
62, 195
62, 323
62, 67
62, 68
62, 324
62, 196
62, 197
62, 325
62, 69
62, 70
62, 326
62, 198
62, 199
62, 327
62, 71
62, 72
62, 328
62, 200
62, 201
62, 329
62, 73
62, 74
62, 330
62, 202
62, 203
62, 331
62, 75
62, 76
62, 332
62, 204
62, 205
62, 333
62, 77
62, 78
62, 334
62, 206
62, 207
62, 335
62, 79
62, 80
62, 336
62, 208
62, 209
62, 337
62, 81
62, 82
62, 338
62, 210
62, 211
62, 339
62, 83
62, 84
62, 340
62, 212
62, 213
62, 341
62, 85
62, 86
62, 342
62, 214
62, 215
62, 343
62, 87
62, 88
62, 344
62, 216
62, 217
62, 345
62, 89
62, 90
62, 346
62, 218
62, 219
62, 347
62, 91
62, 92
62, 348
62, 220
62, 221
62, 349
62, 93
62, 94
62, 350
62, 222
62, 223
62, 351
62, 95
62, 96
62, 352
62, 224
62, 225
62, 353
62, 97
62, 98
62, 354
62, 226
62, 227
62, 355
62, 99
62, 100
62, 356
62, 228
62, 229
62, 357
62, 101
62, 102
62, 358
62, 230
62, 231
62, 359
62, 103
62, 104
62, 360
62, 232
62, 233
62, 361
62, 105
62, 106
62, 362
62, 234
62, 235
62, 363
62, 107
62, 108
62, 364
62, 236
62, 237
62, 365
62, 109
62, 110
62, 366
62, 238
62, 239
62, 367
62, 111
62, 112
62, 368
62, 240
62, 241
62, 369
62, 113
62, 114
62, 370
62, 242
62, 243
62, 371
62, 115
62, 116
62, 372
62, 244
62, 245
62, 373
62, 117
62, 118
62, 374
62, 246
62, 247
62, 375
62, 119
62, 120
62, 376
62, 248
62, 249
62, 377
62, 121
62, 122
62, 378
62, 250
62, 251
62, 379
62, 123
62, 124
62, 380
62, 252
62, 253
62, 381
62, 125
62, 126
62, 382
62, 254
62, 255
62, 383
62, 127
190, 384
190, 256
190, 257
190, 385
190, 258
190, 386
190, 259
190, 387
190, 388
190, 260
190, 261
190, 389
190, 390
190, 262
190, 263
190, 391
190, 392
190, 264
190, 265
190, 393
190, 394
190, 266
190, 267
190, 395
190, 396
190, 268
190, 269
190, 397
190, 398
190, 270
190, 271
190, 399
190, 400
190, 272
190, 273
190, 401
190, 402
190, 274
190, 275
190, 403
190, 404
190, 276
190, 277
190, 405
190, 406
190, 278
190, 279
190, 407
190, 408
190, 280
190, 281
190, 409
190, 410
190, 282
190, 283
190, 411
190, 412
190, 284
190, 285
190, 413
190, 414
190, 286
190, 287
190, 415
190, 416
190, 288
190, 289
190, 417
190, 418
190, 290
190, 291
190, 419
190, 420
190, 292
190, 293
190, 421
190, 422
190, 294
190, 295
190, 423
190, 424
190, 296
190, 297
190, 425
190, 426
190, 298
190, 299
190, 427
190, 428
190, 300
190, 301
190, 429
190, 430
190, 302
190, 303
190, 431
190, 432
190, 304
190, 305
190, 433
190, 434
190, 306
190, 307
190, 435
190, 436
190, 308
190, 309
190, 437
190, 438
190, 310
190, 311
190, 439
190, 440
190, 312
190, 313
190, 441
190, 442
190, 314
190, 315
190, 443
190, 444
190, 316
190, 317
190, 445
190, 446
190, 318
190, 191
190, 319
190, 447
190, 448
190, 320
190, 192
190, 193
190, 449
190, 321
190, 450
190, 322
190, 194
190, 195
190, 323
190, 324
190, 196
190, 197
190, 325
190, 326
190, 198
190, 199
190, 327
190, 328
190, 200
190, 201
190, 329
190, 330
190, 202
190, 203
190, 331
190, 332
190, 204
190, 205
190, 333
190, 334
190, 206
190, 207
190, 335
190, 336
190, 208
190, 209
190, 337
190, 338
190, 210
190, 211
190, 339
190, 340
190, 212
190, 213
190, 341
190, 342
190, 214
190, 215
190, 343
190, 344
190, 216
190, 217
190, 345
190, 346
190, 218
190, 219
190, 347
190, 348
190, 220
190, 221
190, 349
190, 350
190, 222
190, 223
190, 351
190, 352
190, 224
190, 225
190, 353
190, 354
190, 226
190, 227
190, 355
190, 356
190, 228
190, 229
190, 357
190, 358
190, 230
190, 231
190, 359
190, 360
190, 232
190, 233
190, 361
190, 362
190, 234
190, 235
190, 363
190, 364
190, 236
190, 237
190, 365
190, 366
190, 238
190, 239
190, 367
190, 368
190, 240
190, 241
190, 369
190, 370
190, 242
190, 243
190, 371
190, 372
190, 244
190, 245
190, 373
190, 374
190, 246
190, 247
190, 375
190, 376
190, 248
190, 249
190, 377
190, 378
190, 250
190, 251
190, 379
190, 380
190, 252
190, 253
190, 381
190, 382
190, 254
190, 255
190, 383
447, 449
447, 450
447, 448
319, 320
319, 384
319, 448
319, 321
319, 385
319, 449
319, 322
319, 386
319, 450
319, 323
319, 387
319, 324
319, 388
319, 325
319, 389
319, 390
319, 326
319, 327
319, 391
319, 392
319, 328
319, 329
319, 393
319, 394
319, 330
319, 331
319, 395
319, 396
319, 332
319, 333
319, 397
319, 398
319, 334
319, 335
319, 399
319, 400
319, 336
319, 337
319, 401
319, 402
319, 338
319, 339
319, 403
319, 404
319, 340
319, 341
319, 405
319, 406
319, 342
319, 343
319, 407
319, 408
319, 344
319, 345
319, 409
319, 410
319, 346
319, 347
319, 411
319, 412
319, 348
319, 349
319, 413
319, 414
319, 350
319, 351
319, 415
319, 416
319, 352
319, 353
319, 417
319, 418
319, 354
319, 355
319, 419
319, 420
319, 356
319, 357
319, 421
319, 422
319, 358
319, 359
319, 423
319, 424
319, 360
319, 361
319, 425
319, 426
319, 362
319, 363
319, 427
319, 428
319, 364
319, 365
319, 429
319, 430
319, 366
319, 367
319, 431
319, 432
319, 368
319, 369
319, 433
319, 434
319, 370
319, 371
319, 435
319, 436
319, 372
319, 373
319, 437
319, 438
319, 374
319, 375
319, 439
319, 440
319, 376
319, 377
319, 441
319, 442
319, 378
319, 379
319, 443
319, 444
319, 380
319, 381
319, 445
319, 446
319, 382
319, 383
319, 447
63, 256
63, 384
63, 128
63, 129
63, 385
63, 257
63, 386
63, 258
63, 130
63, 387
63, 259
63, 131
63, 132
63, 388
63, 260
63, 133
63, 261
63, 389
63, 134
63, 390
63, 262
63, 135
63, 263
63, 391
63, 136
63, 392
63, 264
63, 137
63, 265
63, 393
63, 138
63, 394
63, 266
63, 139
63, 267
63, 395
63, 140
63, 396
63, 268
63, 141
63, 269
63, 397
63, 142
63, 398
63, 270
63, 143
63, 271
63, 399
63, 144
63, 400
63, 272
63, 145
63, 273
63, 401
63, 146
63, 402
63, 274
63, 147
63, 275
63, 403
63, 148
63, 404
63, 276
63, 149
63, 277
63, 405
63, 150
63, 406
63, 278
63, 151
63, 279
63, 407
63, 152
63, 408
63, 280
63, 153
63, 281
63, 409
63, 154
63, 410
63, 282
63, 155
63, 283
63, 411
63, 156
63, 412
63, 284
63, 157
63, 285
63, 413
63, 158
63, 414
63, 286
63, 159
63, 287
63, 415
63, 160
63, 416
63, 288
63, 161
63, 289
63, 417
63, 162
63, 418
63, 290
63, 163
63, 291
63, 419
63, 164
63, 420
63, 292
63, 165
63, 293
63, 421
63, 166
63, 422
63, 294
63, 167
63, 295
63, 423
63, 168
63, 424
63, 296
63, 169
63, 297
63, 425
63, 170
63, 426
63, 298
63, 171
63, 299
63, 427
63, 172
63, 428
63, 300
63, 173
63, 301
63, 429
63, 174
63, 430
63, 302
63, 175
63, 303
63, 431
63, 176
63, 432
63, 304
63, 177
63, 305
63, 433
63, 178
63, 434
63, 306
63, 179
63, 307
63, 435
63, 180
63, 436
63, 308
63, 181
63, 309
63, 437
63, 182
63, 438
63, 310
63, 183
63, 311
63, 439
63, 184
63, 440
63, 312
63, 185
63, 313
63, 441
63, 186
63, 442
63, 314
63, 187
63, 315
63, 443
63, 188
63, 444
63, 316
63, 189
63, 317
63, 445
63, 190
63, 446
63, 318
63, 191
63, 319
63, 447
63, 320
63, 448
63, 64
63, 192
63, 65
63, 321
63, 449
63, 193
63, 194
63, 322
63, 450
63, 66
63, 67
63, 323
63, 195
63, 196
63, 324
63, 68
63, 69
63, 325
63, 197
63, 198
63, 326
63, 70
63, 71
63, 327
63, 199
63, 200
63, 328
63, 72
63, 73
63, 329
63, 201
63, 202
63, 330
63, 74
63, 75
63, 331
63, 203
63, 204
63, 332
63, 76
63, 77
63, 333
63, 205
63, 206
63, 334
63, 78
63, 79
63, 335
63, 207
63, 208
63, 336
63, 80
63, 81
63, 337
63, 209
63, 210
63, 338
63, 82
63, 83
63, 339
63, 211
63, 212
63, 340
63, 84
63, 85
63, 341
63, 213
63, 214
63, 342
63, 86
63, 87
63, 343
63, 215
63, 216
63, 344
63, 88
63, 89
63, 345
63, 217
63, 218
63, 346
63, 90
63, 91
63, 347
63, 219
63, 220
63, 348
63, 92
63, 93
63, 349
63, 221
63, 222
63, 350
63, 94
63, 95
63, 351
63, 223
63, 224
63, 352
63, 96
63, 97
63, 353
63, 225
63, 226
63, 354
63, 98
63, 99
63, 355
63, 227
63, 228
63, 356
63, 100
63, 101
63, 357
63, 229
63, 230
63, 358
63, 102
63, 103
63, 359
63, 231
63, 232
63, 360
63, 104
63, 105
63, 361
63, 233
63, 234
63, 362
63, 106
63, 107
63, 363
63, 235
63, 236
63, 364
63, 108
63, 109
63, 365
63, 237
63, 238
63, 366
63, 110
63, 111
63, 367
63, 239
63, 240
63, 368
63, 112
63, 113
63, 369
63, 241
63, 242
63, 370
63, 114
63, 115
63, 371
63, 243
63, 244
63, 372
63, 116
63, 117
63, 373
63, 245
63, 246
63, 374
63, 118
63, 119
63, 375
63, 247
63, 248
63, 376
63, 120
63, 121
63, 377
63, 249
63, 250
63, 378
63, 122
63, 123
63, 379
63, 251
63, 252
63, 380
63, 124
63, 125
63, 381
63, 253
63, 254
63, 382
63, 126
63, 127
63, 383
63, 255
191, 192
191, 256
191, 320
191, 384
191, 448
191, 449
191, 193
191, 257
191, 321
191, 385
191, 258
191, 386
191, 450
191, 322
191, 194
191, 195
191, 259
191, 323
191, 387
191, 324
191, 388
191, 260
191, 196
191, 197
191, 261
191, 325
191, 389
191, 390
191, 326
191, 262
191, 198
191, 199
191, 263
191, 327
191, 391
191, 392
191, 328
191, 264
191, 200
191, 201
191, 265
191, 329
191, 393
191, 394
191, 330
191, 266
191, 202
191, 203
191, 267
191, 331
191, 395
191, 396
191, 332
191, 268
191, 204
191, 205
191, 269
191, 333
191, 397
191, 398
191, 334
191, 270
191, 206
191, 207
191, 271
191, 335
191, 399
191, 400
191, 336
191, 272
191, 208
191, 209
191, 273
191, 337
191, 401
191, 402
191, 338
191, 274
191, 210
191, 211
191, 275
191, 339
191, 403
191, 404
191, 340
191, 276
191, 212
191, 213
191, 277
191, 341
191, 405
191, 406
191, 342
191, 278
191, 214
191, 215
191, 279
191, 343
191, 407
191, 408
191, 344
191, 280
191, 216
191, 217
191, 281
191, 345
191, 409
191, 410
191, 346
191, 282
191, 218
191, 219
191, 283
191, 347
191, 411
191, 412
191, 348
191, 284
191, 220
191, 221
191, 285
191, 349
191, 413
191, 414
191, 350
191, 286
191, 222
191, 223
191, 287
191, 351
191, 415
191, 416
191, 352
191, 288
191, 224
191, 225
191, 289
191, 353
191, 417
191, 418
191, 354
191, 290
191, 226
191, 227
191, 291
191, 355
191, 419
191, 420
191, 356
191, 292
191, 228
191, 229
191, 293
191, 357
191, 421
191, 422
191, 358
191, 294
191, 230
191, 231
191, 295
191, 359
191, 423
191, 424
191, 360
191, 296
191, 232
191, 233
191, 297
191, 361
191, 425
191, 426
191, 362
191, 298
191, 234
191, 235
191, 299
191, 363
191, 427
191, 428
191, 364
191, 300
191, 236
191, 237
191, 301
191, 365
191, 429
191, 430
191, 366
191, 302
191, 238
191, 239
191, 303
191, 367
191, 431
191, 432
191, 368
191, 304
191, 240
191, 241
191, 305
191, 369
191, 433
191, 434
191, 370
191, 306
191, 242
191, 243
191, 307
191, 371
191, 435
191, 436
191, 372
191, 308
191, 244
191, 245
191, 309
191, 373
191, 437
191, 438
191, 374
191, 310
191, 246
191, 247
191, 311
191, 375
191, 439
191, 440
191, 376
191, 312
191, 248
191, 249
191, 313
191, 377
191, 441
191, 442
191, 378
191, 314
191, 250
191, 251
191, 315
191, 379
191, 443
191, 444
191, 380
191, 316
191, 252
191, 253
191, 317
191, 381
191, 445
191, 446
191, 382
191, 318
191, 254
191, 255
191, 319
191, 383
191, 447
448, 450
448, 449
320, 384
320, 448
320, 321
320, 385
320, 449
320, 322
320, 386
320, 450
320, 387
320, 323
320, 388
320, 324
320, 389
320, 325
320, 326
320, 390
320, 391
320, 327
320, 328
320, 392
320, 393
320, 329
320, 330
320, 394
320, 395
320, 331
320, 332
320, 396
320, 397
320, 333
320, 334
320, 398
320, 399
320, 335
320, 336
320, 400
320, 401
320, 337
320, 338
320, 402
320, 403
320, 339
320, 340
320, 404
320, 405
320, 341
320, 342
320, 406
320, 407
320, 343
320, 344
320, 408
320, 409
320, 345
320, 346
320, 410
320, 411
320, 347
320, 348
320, 412
320, 413
320, 349
320, 350
320, 414
320, 415
320, 351
320, 352
320, 416
320, 417
320, 353
320, 354
320, 418
320, 419
320, 355
320, 356
320, 420
320, 421
320, 357
320, 358
320, 422
320, 423
320, 359
320, 360
320, 424
320, 425
320, 361
320, 362
320, 426
320, 427
320, 363
320, 364
320, 428
320, 429
320, 365
320, 366
320, 430
320, 431
320, 367
320, 368
320, 432
320, 433
320, 369
320, 370
320, 434
320, 435
320, 371
320, 372
320, 436
320, 437
320, 373
320, 374
320, 438
320, 439
320, 375
320, 376
320, 440
320, 441
320, 377
320, 378
320, 442
320, 443
320, 379
320, 380
320, 444
320, 445
320, 381
320, 382
320, 446
320, 447
320, 383
64, 128
64, 384
64, 256
64, 257
64, 385
64, 129
64, 258
64, 386
64, 130
64, 387
64, 259
64, 131
64, 132
64, 388
64, 260
64, 133
64, 261
64, 389
64, 134
64, 390
64, 262
64, 135
64, 263
64, 391
64, 136
64, 392
64, 264
64, 137
64, 265
64, 393
64, 138
64, 394
64, 266
64, 139
64, 267
64, 395
64, 140
64, 396
64, 268
64, 141
64, 269
64, 397
64, 142
64, 398
64, 270
64, 143
64, 271
64, 399
64, 144
64, 400
64, 272
64, 145
64, 273
64, 401
64, 146
64, 402
64, 274
64, 147
64, 275
64, 403
64, 148
64, 404
64, 276
64, 149
64, 277
64, 405
64, 150
64, 406
64, 278
64, 151
64, 279
64, 407
64, 152
64, 408
64, 280
64, 153
64, 281
64, 409
64, 154
64, 410
64, 282
64, 155
64, 283
64, 411
64, 156
64, 412
64, 284
64, 157
64, 285
64, 413
64, 158
64, 414
64, 286
64, 159
64, 287
64, 415
64, 160
64, 416
64, 288
64, 161
64, 289
64, 417
64, 162
64, 418
64, 290
64, 163
64, 291
64, 419
64, 164
64, 420
64, 292
64, 165
64, 293
64, 421
64, 166
64, 422
64, 294
64, 167
64, 295
64, 423
64, 168
64, 424
64, 296
64, 169
64, 297
64, 425
64, 170
64, 426
64, 298
64, 171
64, 299
64, 427
64, 172
64, 428
64, 300
64, 173
64, 301
64, 429
64, 174
64, 430
64, 302
64, 175
64, 303
64, 431
64, 176
64, 432
64, 304
64, 177
64, 305
64, 433
64, 178
64, 434
64, 306
64, 179
64, 307
64, 435
64, 180
64, 436
64, 308
64, 181
64, 309
64, 437
64, 182
64, 438
64, 310
64, 183
64, 311
64, 439
64, 184
64, 440
64, 312
64, 185
64, 313
64, 441
64, 186
64, 442
64, 314
64, 187
64, 315
64, 443
64, 188
64, 444
64, 316
64, 189
64, 317
64, 445
64, 190
64, 446
64, 318
64, 191
64, 319
64, 447
64, 192
64, 448
64, 320
64, 193
64, 449
64, 321
64, 65
64, 66
64, 450
64, 322
64, 194
64, 195
64, 323
64, 67
64, 68
64, 324
64, 196
64, 197
64, 325
64, 69
64, 70
64, 326
64, 198
64, 199
64, 327
64, 71
64, 72
64, 328
64, 200
64, 201
64, 329
64, 73
64, 74
64, 330
64, 202
64, 203
64, 331
64, 75
64, 76
64, 332
64, 204
64, 205
64, 333
64, 77
64, 78
64, 334
64, 206
64, 207
64, 335
64, 79
64, 80
64, 336
64, 208
64, 209
64, 337
64, 81
64, 82
64, 338
64, 210
64, 211
64, 339
64, 83
64, 84
64, 340
64, 212
64, 213
64, 341
64, 85
64, 86
64, 342
64, 214
64, 215
64, 343
64, 87
64, 88
64, 344
64, 216
64, 217
64, 345
64, 89
64, 90
64, 346
64, 218
64, 219
64, 347
64, 91
64, 92
64, 348
64, 220
64, 221
64, 349
64, 93
64, 94
64, 350
64, 222
64, 223
64, 351
64, 95
64, 96
64, 352
64, 224
64, 225
64, 353
64, 97
64, 98
64, 354
64, 226
64, 227
64, 355
64, 99
64, 100
64, 356
64, 228
64, 229
64, 357
64, 101
64, 102
64, 358
64, 230
64, 231
64, 359
64, 103
64, 104
64, 360
64, 232
64, 233
64, 361
64, 105
64, 106
64, 362
64, 234
64, 235
64, 363
64, 107
64, 108
64, 364
64, 236
64, 237
64, 365
64, 109
64, 110
64, 366
64, 238
64, 239
64, 367
64, 111
64, 112
64, 368
64, 240
64, 241
64, 369
64, 113
64, 114
64, 370
64, 242
64, 243
64, 371
64, 115
64, 116
64, 372
64, 244
64, 245
64, 373
64, 117
64, 118
64, 374
64, 246
64, 247
64, 375
64, 119
64, 120
64, 376
64, 248
64, 249
64, 377
64, 121
64, 122
64, 378
64, 250
64, 251
64, 379
64, 123
64, 124
64, 380
64, 252
64, 253
64, 381
64, 125
64, 126
64, 382
64, 254
64, 255
64, 383
64, 127
192, 256
192, 320
192, 384
192, 448
192, 193
192, 257
192, 321
192, 385
192, 449
192, 194
192, 322
192, 450
192, 386
192, 258
192, 387
192, 323
192, 259
192, 195
192, 196
192, 260
192, 388
192, 324
192, 389
192, 325
192, 261
192, 197
192, 198
192, 262
192, 326
192, 390
192, 391
192, 327
192, 263
192, 199
192, 200
192, 264
192, 328
192, 392
192, 393
192, 329
192, 265
192, 201
192, 202
192, 266
192, 330
192, 394
192, 395
192, 331
192, 267
192, 203
192, 204
192, 268
192, 332
192, 396
192, 397
192, 333
192, 269
192, 205
192, 206
192, 270
192, 334
192, 398
192, 399
192, 335
192, 271
192, 207
192, 208
192, 272
192, 336
192, 400
192, 401
192, 337
192, 273
192, 209
192, 210
192, 274
192, 338
192, 402
192, 403
192, 339
192, 275
192, 211
192, 212
192, 276
192, 340
192, 404
192, 405
192, 341
192, 277
192, 213
192, 214
192, 278
192, 342
192, 406
192, 407
192, 343
192, 279
192, 215
192, 216
192, 280
192, 344
192, 408
192, 409
192, 345
192, 281
192, 217
192, 218
192, 282
192, 346
192, 410
192, 411
192, 347
192, 283
192, 219
192, 220
192, 284
192, 348
192, 412
192, 413
192, 349
192, 285
192, 221
192, 222
192, 286
192, 350
192, 414
192, 415
192, 351
192, 287
192, 223
192, 224
192, 288
192, 352
192, 416
192, 417
192, 353
192, 289
192, 225
192, 226
192, 290
192, 354
192, 418
192, 419
192, 355
192, 291
192, 227
192, 228
192, 292
192, 356
192, 420
192, 421
192, 357
192, 293
192, 229
192, 230
192, 294
192, 358
192, 422
192, 423
192, 359
192, 295
192, 231
192, 232
192, 296
192, 360
192, 424
192, 425
192, 361
192, 297
192, 233
192, 234
192, 298
192, 362
192, 426
192, 427
192, 363
192, 299
192, 235
192, 236
192, 300
192, 364
192, 428
192, 429
192, 365
192, 301
192, 237
192, 238
192, 302
192, 366
192, 430
192, 431
192, 367
192, 303
192, 239
192, 240
192, 304
192, 368
192, 432
192, 433
192, 369
192, 305
192, 241
192, 242
192, 306
192, 370
192, 434
192, 435
192, 371
192, 307
192, 243
192, 244
192, 308
192, 372
192, 436
192, 437
192, 373
192, 309
192, 245
192, 246
192, 310
192, 374
192, 438
192, 439
192, 375
192, 311
192, 247
192, 248
192, 312
192, 376
192, 440
192, 441
192, 377
192, 313
192, 249
192, 250
192, 314
192, 378
192, 442
192, 443
192, 379
192, 315
192, 251
192, 252
192, 316
192, 380
192, 444
192, 445
192, 381
192, 317
192, 253
192, 254
192, 318
192, 382
192, 446
192, 447
192, 383
192, 319
192, 255
449, 450
321, 384
321, 448
321, 385
321, 449
321, 322
321, 386
321, 450
321, 323
321, 387
321, 324
321, 388
321, 325
321, 389
321, 390
321, 326
321, 327
321, 391
321, 392
321, 328
321, 329
321, 393
321, 394
321, 330
321, 331
321, 395
321, 396
321, 332
321, 333
321, 397
321, 398
321, 334
321, 335
321, 399
321, 400
321, 336
321, 337
321, 401
321, 402
321, 338
321, 339
321, 403
321, 404
321, 340
321, 341
321, 405
321, 406
321, 342
321, 343
321, 407
321, 408
321, 344
321, 345
321, 409
321, 410
321, 346
321, 347
321, 411
321, 412
321, 348
321, 349
321, 413
321, 414
321, 350
321, 351
321, 415
321, 416
321, 352
321, 353
321, 417
321, 418
321, 354
321, 355
321, 419
321, 420
321, 356
321, 357
321, 421
321, 422
321, 358
321, 359
321, 423
321, 424
321, 360
321, 361
321, 425
321, 426
321, 362
321, 363
321, 427
321, 428
321, 364
321, 365
321, 429
321, 430
321, 366
321, 367
321, 431
321, 432
321, 368
321, 369
321, 433
321, 434
321, 370
321, 371
321, 435
321, 436
321, 372
321, 373
321, 437
321, 438
321, 374
321, 375
321, 439
321, 440
321, 376
321, 377
321, 441
321, 442
321, 378
321, 379
321, 443
321, 444
321, 380
321, 381
321, 445
321, 446
321, 382
321, 383
321, 447
65, 256
65, 384
65, 128
65, 129
65, 385
65, 257
65, 386
65, 258
65, 130
65, 387
65, 259
65, 131
65, 132
65, 388
65, 260
65, 133
65, 261
65, 389
65, 134
65, 390
65, 262
65, 135
65, 263
65, 391
65, 136
65, 392
65, 264
65, 137
65, 265
65, 393
65, 138
65, 394
65, 266
65, 139
65, 267
65, 395
65, 140
65, 396
65, 268
65, 141
65, 269
65, 397
65, 142
65, 398
65, 270
65, 143
65, 271
65, 399
65, 144
65, 400
65, 272
65, 145
65, 273
65, 401
65, 146
65, 402
65, 274
65, 147
65, 275
65, 403
65, 148
65, 404
65, 276
65, 149
65, 277
65, 405
65, 150
65, 406
65, 278
65, 151
65, 279
65, 407
65, 152
65, 408
65, 280
65, 153
65, 281
65, 409
65, 154
65, 410
65, 282
65, 155
65, 283
65, 411
65, 156
65, 412
65, 284
65, 157
65, 285
65, 413
65, 158
65, 414
65, 286
65, 159
65, 287
65, 415
65, 160
65, 416
65, 288
65, 161
65, 289
65, 417
65, 162
65, 418
65, 290
65, 163
65, 291
65, 419
65, 164
65, 420
65, 292
65, 165
65, 293
65, 421
65, 166
65, 422
65, 294
65, 167
65, 295
65, 423
65, 168
65, 424
65, 296
65, 169
65, 297
65, 425
65, 170
65, 426
65, 298
65, 171
65, 299
65, 427
65, 172
65, 428
65, 300
65, 173
65, 301
65, 429
65, 174
65, 430
65, 302
65, 175
65, 303
65, 431
65, 176
65, 432
65, 304
65, 177
65, 305
65, 433
65, 178
65, 434
65, 306
65, 179
65, 307
65, 435
65, 180
65, 436
65, 308
65, 181
65, 309
65, 437
65, 182
65, 438
65, 310
65, 183
65, 311
65, 439
65, 184
65, 440
65, 312
65, 185
65, 313
65, 441
65, 186
65, 442
65, 314
65, 187
65, 315
65, 443
65, 188
65, 444
65, 316
65, 189
65, 317
65, 445
65, 190
65, 446
65, 318
65, 191
65, 319
65, 447
65, 448
65, 320
65, 192
65, 321
65, 449
65, 193
65, 194
65, 322
65, 450
65, 66
65, 67
65, 323
65, 195
65, 196
65, 324
65, 68
65, 69
65, 325
65, 197
65, 198
65, 326
65, 70
65, 71
65, 327
65, 199
65, 200
65, 328
65, 72
65, 73
65, 329
65, 201
65, 202
65, 330
65, 74
65, 75
65, 331
65, 203
65, 204
65, 332
65, 76
65, 77
65, 333
65, 205
65, 206
65, 334
65, 78
65, 79
65, 335
65, 207
65, 208
65, 336
65, 80
65, 81
65, 337
65, 209
65, 210
65, 338
65, 82
65, 83
65, 339
65, 211
65, 212
65, 340
65, 84
65, 85
65, 341
65, 213
65, 214
65, 342
65, 86
65, 87
65, 343
65, 215
65, 216
65, 344
65, 88
65, 89
65, 345
65, 217
65, 218
65, 346
65, 90
65, 91
65, 347
65, 219
65, 220
65, 348
65, 92
65, 93
65, 349
65, 221
65, 222
65, 350
65, 94
65, 95
65, 351
65, 223
65, 224
65, 352
65, 96
65, 97
65, 353
65, 225
65, 226
65, 354
65, 98
65, 99
65, 355
65, 227
65, 228
65, 356
65, 100
65, 101
65, 357
65, 229
65, 230
65, 358
65, 102
65, 103
65, 359
65, 231
65, 232
65, 360
65, 104
65, 105
65, 361
65, 233
65, 234
65, 362
65, 106
65, 107
65, 363
65, 235
65, 236
65, 364
65, 108
65, 109
65, 365
65, 237
65, 238
65, 366
65, 110
65, 111
65, 367
65, 239
65, 240
65, 368
65, 112
65, 113
65, 369
65, 241
65, 242
65, 370
65, 114
65, 115
65, 371
65, 243
65, 244
65, 372
65, 116
65, 117
65, 373
65, 245
65, 246
65, 374
65, 118
65, 119
65, 375
65, 247
65, 248
65, 376
65, 120
65, 121
65, 377
65, 249
65, 250
65, 378
65, 122
65, 123
65, 379
65, 251
65, 252
65, 380
65, 124
65, 125
65, 381
65, 253
65, 254
65, 382
65, 126
65, 127
65, 383
65, 255
193, 256
193, 320
193, 384
193, 448
193, 257
193, 321
193, 385
193, 449
193, 258
193, 386
193, 450
193, 322
193, 194
193, 195
193, 259
193, 323
193, 387
193, 324
193, 388
193, 260
193, 196
193, 197
193, 261
193, 325
193, 389
193, 390
193, 326
193, 262
193, 198
193, 199
193, 263
193, 327
193, 391
193, 392
193, 328
193, 264
193, 200
193, 201
193, 265
193, 329
193, 393
193, 394
193, 330
193, 266
193, 202
193, 203
193, 267
193, 331
193, 395
193, 396
193, 332
193, 268
193, 204
193, 205
193, 269
193, 333
193, 397
193, 398
193, 334
193, 270
193, 206
193, 207
193, 271
193, 335
193, 399
193, 400
193, 336
193, 272
193, 208
193, 209
193, 273
193, 337
193, 401
193, 402
193, 338
193, 274
193, 210
193, 211
193, 275
193, 339
193, 403
193, 404
193, 340
193, 276
193, 212
193, 213
193, 277
193, 341
193, 405
193, 406
193, 342
193, 278
193, 214
193, 215
193, 279
193, 343
193, 407
193, 408
193, 344
193, 280
193, 216
193, 217
193, 281
193, 345
193, 409
193, 410
193, 346
193, 282
193, 218
193, 219
193, 283
193, 347
193, 411
193, 412
193, 348
193, 284
193, 220
193, 221
193, 285
193, 349
193, 413
193, 414
193, 350
193, 286
193, 222
193, 223
193, 287
193, 351
193, 415
193, 416
193, 352
193, 288
193, 224
193, 225
193, 289
193, 353
193, 417
193, 418
193, 354
193, 290
193, 226
193, 227
193, 291
193, 355
193, 419
193, 420
193, 356
193, 292
193, 228
193, 229
193, 293
193, 357
193, 421
193, 422
193, 358
193, 294
193, 230
193, 231
193, 295
193, 359
193, 423
193, 424
193, 360
193, 296
193, 232
193, 233
193, 297
193, 361
193, 425
193, 426
193, 362
193, 298
193, 234
193, 235
193, 299
193, 363
193, 427
193, 428
193, 364
193, 300
193, 236
193, 237
193, 301
193, 365
193, 429
193, 430
193, 366
193, 302
193, 238
193, 239
193, 303
193, 367
193, 431
193, 432
193, 368
193, 304
193, 240
193, 241
193, 305
193, 369
193, 433
193, 434
193, 370
193, 306
193, 242
193, 243
193, 307
193, 371
193, 435
193, 436
193, 372
193, 308
193, 244
193, 245
193, 309
193, 373
193, 437
193, 438
193, 374
193, 310
193, 246
193, 247
193, 311
193, 375
193, 439
193, 440
193, 376
193, 312
193, 248
193, 249
193, 313
193, 377
193, 441
193, 442
193, 378
193, 314
193, 250
193, 251
193, 315
193, 379
193, 443
193, 444
193, 380
193, 316
193, 252
193, 253
193, 317
193, 381
193, 445
193, 446
193, 382
193, 318
193, 254
193, 255
193, 319
193, 383
193, 447
322, 384
322, 448
322, 385
322, 449
322, 386
322, 450
322, 323
322, 387
322, 388
322, 324
322, 389
322, 325
322, 326
322, 390
322, 391
322, 327
322, 328
322, 392
322, 393
322, 329
322, 330
322, 394
322, 395
322, 331
322, 332
322, 396
322, 397
322, 333
322, 334
322, 398
322, 399
322, 335
322, 336
322, 400
322, 401
322, 337
322, 338
322, 402
322, 403
322, 339
322, 340
322, 404
322, 405
322, 341
322, 342
322, 406
322, 407
322, 343
322, 344
322, 408
322, 409
322, 345
322, 346
322, 410
322, 411
322, 347
322, 348
322, 412
322, 413
322, 349
322, 350
322, 414
322, 415
322, 351
322, 352
322, 416
322, 417
322, 353
322, 354
322, 418
322, 419
322, 355
322, 356
322, 420
322, 421
322, 357
322, 358
322, 422
322, 423
322, 359
322, 360
322, 424
322, 425
322, 361
322, 362
322, 426
322, 427
322, 363
322, 364
322, 428
322, 429
322, 365
322, 366
322, 430
322, 431
322, 367
322, 368
322, 432
322, 433
322, 369
322, 370
322, 434
322, 435
322, 371
322, 372
322, 436
322, 437
322, 373
322, 374
322, 438
322, 439
322, 375
322, 376
322, 440
322, 441
322, 377
322, 378
322, 442
322, 443
322, 379
322, 380
322, 444
322, 445
322, 381
322, 382
322, 446
322, 447
322, 383
66, 128
66, 384
66, 256
66, 257
66, 385
66, 129
66, 258
66, 386
66, 130
66, 387
66, 259
66, 131
66, 132
66, 388
66, 260
66, 133
66, 261
66, 389
66, 134
66, 390
66, 262
66, 135
66, 263
66, 391
66, 136
66, 392
66, 264
66, 137
66, 265
66, 393
66, 138
66, 394
66, 266
66, 139
66, 267
66, 395
66, 140
66, 396
66, 268
66, 141
66, 269
66, 397
66, 142
66, 398
66, 270
66, 143
66, 271
66, 399
66, 144
66, 400
66, 272
66, 145
66, 273
66, 401
66, 146
66, 402
66, 274
66, 147
66, 275
66, 403
66, 148
66, 404
66, 276
66, 149
66, 277
66, 405
66, 150
66, 406
66, 278
66, 151
66, 279
66, 407
66, 152
66, 408
66, 280
66, 153
66, 281
66, 409
66, 154
66, 410
66, 282
66, 155
66, 283
66, 411
66, 156
66, 412
66, 284
66, 157
66, 285
66, 413
66, 158
66, 414
66, 286
66, 159
66, 287
66, 415
66, 160
66, 416
66, 288
66, 161
66, 289
66, 417
66, 162
66, 418
66, 290
66, 163
66, 291
66, 419
66, 164
66, 420
66, 292
66, 165
66, 293
66, 421
66, 166
66, 422
66, 294
66, 167
66, 295
66, 423
66, 168
66, 424
66, 296
66, 169
66, 297
66, 425
66, 170
66, 426
66, 298
66, 171
66, 299
66, 427
66, 172
66, 428
66, 300
66, 173
66, 301
66, 429
66, 174
66, 430
66, 302
66, 175
66, 303
66, 431
66, 176
66, 432
66, 304
66, 177
66, 305
66, 433
66, 178
66, 434
66, 306
66, 179
66, 307
66, 435
66, 180
66, 436
66, 308
66, 181
66, 309
66, 437
66, 182
66, 438
66, 310
66, 183
66, 311
66, 439
66, 184
66, 440
66, 312
66, 185
66, 313
66, 441
66, 186
66, 442
66, 314
66, 187
66, 315
66, 443
66, 188
66, 444
66, 316
66, 189
66, 317
66, 445
66, 190
66, 446
66, 318
66, 191
66, 319
66, 447
66, 320
66, 192
66, 448
66, 193
66, 449
66, 321
66, 450
66, 322
66, 194
66, 195
66, 323
66, 67
66, 68
66, 324
66, 196
66, 197
66, 325
66, 69
66, 70
66, 326
66, 198
66, 199
66, 327
66, 71
66, 72
66, 328
66, 200
66, 201
66, 329
66, 73
66, 74
66, 330
66, 202
66, 203
66, 331
66, 75
66, 76
66, 332
66, 204
66, 205
66, 333
66, 77
66, 78
66, 334
66, 206
66, 207
66, 335
66, 79
66, 80
66, 336
66, 208
66, 209
66, 337
66, 81
66, 82
66, 338
66, 210
66, 211
66, 339
66, 83
66, 84
66, 340
66, 212
66, 213
66, 341
66, 85
66, 86
66, 342
66, 214
66, 215
66, 343
66, 87
66, 88
66, 344
66, 216
66, 217
66, 345
66, 89
66, 90
66, 346
66, 218
66, 219
66, 347
66, 91
66, 92
66, 348
66, 220
66, 221
66, 349
66, 93
66, 94
66, 350
66, 222
66, 223
66, 351
66, 95
66, 96
66, 352
66, 224
66, 225
66, 353
66, 97
66, 98
66, 354
66, 226
66, 227
66, 355
66, 99
66, 100
66, 356
66, 228
66, 229
66, 357
66, 101
66, 102
66, 358
66, 230
66, 231
66, 359
66, 103
66, 104
66, 360
66, 232
66, 233
66, 361
66, 105
66, 106
66, 362
66, 234
66, 235
66, 363
66, 107
66, 108
66, 364
66, 236
66, 237
66, 365
66, 109
66, 110
66, 366
66, 238
66, 239
66, 367
66, 111
66, 112
66, 368
66, 240
66, 241
66, 369
66, 113
66, 114
66, 370
66, 242
66, 243
66, 371
66, 115
66, 116
66, 372
66, 244
66, 245
66, 373
66, 117
66, 118
66, 374
66, 246
66, 247
66, 375
66, 119
66, 120
66, 376
66, 248
66, 249
66, 377
66, 121
66, 122
66, 378
66, 250
66, 251
66, 379
66, 123
66, 124
66, 380
66, 252
66, 253
66, 381
66, 125
66, 126
66, 382
66, 254
66, 255
66, 383
66, 127
194, 256
194, 320
194, 384
194, 448
194, 257
194, 321
194, 385
194, 449
194, 322
194, 450
194, 386
194, 258
194, 387
194, 323
194, 259
194, 195
194, 196
194, 260
194, 388
194, 324
194, 389
194, 325
194, 261
194, 197
194, 198
194, 262
194, 326
194, 390
194, 391
194, 327
194, 263
194, 199
194, 200
194, 264
194, 328
194, 392
194, 393
194, 329
194, 265
194, 201
194, 202
194, 266
194, 330
194, 394
194, 395
194, 331
194, 267
194, 203
194, 204
194, 268
194, 332
194, 396
194, 397
194, 333
194, 269
194, 205
194, 206
194, 270
194, 334
194, 398
194, 399
194, 335
194, 271
194, 207
194, 208
194, 272
194, 336
194, 400
194, 401
194, 337
194, 273
194, 209
194, 210
194, 274
194, 338
194, 402
194, 403
194, 339
194, 275
194, 211
194, 212
194, 276
194, 340
194, 404
194, 405
194, 341
194, 277
194, 213
194, 214
194, 278
194, 342
194, 406
194, 407
194, 343
194, 279
194, 215
194, 216
194, 280
194, 344
194, 408
194, 409
194, 345
194, 281
194, 217
194, 218
194, 282
194, 346
194, 410
194, 411
194, 347
194, 283
194, 219
194, 220
194, 284
194, 348
194, 412
194, 413
194, 349
194, 285
194, 221
194, 222
194, 286
194, 350
194, 414
194, 415
194, 351
194, 287
194, 223
194, 224
194, 288
194, 352
194, 416
194, 417
194, 353
194, 289
194, 225
194, 226
194, 290
194, 354
194, 418
194, 419
194, 355
194, 291
194, 227
194, 228
194, 292
194, 356
194, 420
194, 421
194, 357
194, 293
194, 229
194, 230
194, 294
194, 358
194, 422
194, 423
194, 359
194, 295
194, 231
194, 232
194, 296
194, 360
194, 424
194, 425
194, 361
194, 297
194, 233
194, 234
194, 298
194, 362
194, 426
194, 427
194, 363
194, 299
194, 235
194, 236
194, 300
194, 364
194, 428
194, 429
194, 365
194, 301
194, 237
194, 238
194, 302
194, 366
194, 430
194, 431
194, 367
194, 303
194, 239
194, 240
194, 304
194, 368
194, 432
194, 433
194, 369
194, 305
194, 241
194, 242
194, 306
194, 370
194, 434
194, 435
194, 371
194, 307
194, 243
194, 244
194, 308
194, 372
194, 436
194, 437
194, 373
194, 309
194, 245
194, 246
194, 310
194, 374
194, 438
194, 439
194, 375
194, 311
194, 247
194, 248
194, 312
194, 376
194, 440
194, 441
194, 377
194, 313
194, 249
194, 250
194, 314
194, 378
194, 442
194, 443
194, 379
194, 315
194, 251
194, 252
194, 316
194, 380
194, 444
194, 445
194, 381
194, 317
194, 253
194, 254
194, 318
194, 382
194, 446
194, 447
194, 383
194, 319
194, 255
323, 384
323, 448
323, 385
323, 449
323, 386
323, 450
323, 387
323, 324
323, 388
323, 325
323, 389
323, 390
323, 326
323, 327
323, 391
323, 392
323, 328
323, 329
323, 393
323, 394
323, 330
323, 331
323, 395
323, 396
323, 332
323, 333
323, 397
323, 398
323, 334
323, 335
323, 399
323, 400
323, 336
323, 337
323, 401
323, 402
323, 338
323, 339
323, 403
323, 404
323, 340
323, 341
323, 405
323, 406
323, 342
323, 343
323, 407
323, 408
323, 344
323, 345
323, 409
323, 410
323, 346
323, 347
323, 411
323, 412
323, 348
323, 349
323, 413
323, 414
323, 350
323, 351
323, 415
323, 416
323, 352
323, 353
323, 417
323, 418
323, 354
323, 355
323, 419
323, 420
323, 356
323, 357
323, 421
323, 422
323, 358
323, 359
323, 423
323, 424
323, 360
323, 361
323, 425
323, 426
323, 362
323, 363
323, 427
323, 428
323, 364
323, 365
323, 429
323, 430
323, 366
323, 367
323, 431
323, 432
323, 368
323, 369
323, 433
323, 434
323, 370
323, 371
323, 435
323, 436
323, 372
323, 373
323, 437
323, 438
323, 374
323, 375
323, 439
323, 440
323, 376
323, 377
323, 441
323, 442
323, 378
323, 379
323, 443
323, 444
323, 380
323, 381
323, 445
323, 446
323, 382
323, 383
323, 447
67, 256
67, 384
67, 128
67, 129
67, 385
67, 257
67, 386
67, 258
67, 130
67, 387
67, 259
67, 131
67, 132
67, 388
67, 260
67, 133
67, 261
67, 389
67, 134
67, 390
67, 262
67, 135
67, 263
67, 391
67, 136
67, 392
67, 264
67, 137
67, 265
67, 393
67, 138
67, 394
67, 266
67, 139
67, 267
67, 395
67, 140
67, 396
67, 268
67, 141
67, 269
67, 397
67, 142
67, 398
67, 270
67, 143
67, 271
67, 399
67, 144
67, 400
67, 272
67, 145
67, 273
67, 401
67, 146
67, 402
67, 274
67, 147
67, 275
67, 403
67, 148
67, 404
67, 276
67, 149
67, 277
67, 405
67, 150
67, 406
67, 278
67, 151
67, 279
67, 407
67, 152
67, 408
67, 280
67, 153
67, 281
67, 409
67, 154
67, 410
67, 282
67, 155
67, 283
67, 411
67, 156
67, 412
67, 284
67, 157
67, 285
67, 413
67, 158
67, 414
67, 286
67, 159
67, 287
67, 415
67, 160
67, 416
67, 288
67, 161
67, 289
67, 417
67, 162
67, 418
67, 290
67, 163
67, 291
67, 419
67, 164
67, 420
67, 292
67, 165
67, 293
67, 421
67, 166
67, 422
67, 294
67, 167
67, 295
67, 423
67, 168
67, 424
67, 296
67, 169
67, 297
67, 425
67, 170
67, 426
67, 298
67, 171
67, 299
67, 427
67, 172
67, 428
67, 300
67, 173
67, 301
67, 429
67, 174
67, 430
67, 302
67, 175
67, 303
67, 431
67, 176
67, 432
67, 304
67, 177
67, 305
67, 433
67, 178
67, 434
67, 306
67, 179
67, 307
67, 435
67, 180
67, 436
67, 308
67, 181
67, 309
67, 437
67, 182
67, 438
67, 310
67, 183
67, 311
67, 439
67, 184
67, 440
67, 312
67, 185
67, 313
67, 441
67, 186
67, 442
67, 314
67, 187
67, 315
67, 443
67, 188
67, 444
67, 316
67, 189
67, 317
67, 445
67, 190
67, 446
67, 318
67, 191
67, 319
67, 447
67, 192
67, 448
67, 320
67, 321
67, 449
67, 193
67, 194
67, 322
67, 450
67, 323
67, 195
67, 196
67, 324
67, 68
67, 69
67, 325
67, 197
67, 198
67, 326
67, 70
67, 71
67, 327
67, 199
67, 200
67, 328
67, 72
67, 73
67, 329
67, 201
67, 202
67, 330
67, 74
67, 75
67, 331
67, 203
67, 204
67, 332
67, 76
67, 77
67, 333
67, 205
67, 206
67, 334
67, 78
67, 79
67, 335
67, 207
67, 208
67, 336
67, 80
67, 81
67, 337
67, 209
67, 210
67, 338
67, 82
67, 83
67, 339
67, 211
67, 212
67, 340
67, 84
67, 85
67, 341
67, 213
67, 214
67, 342
67, 86
67, 87
67, 343
67, 215
67, 216
67, 344
67, 88
67, 89
67, 345
67, 217
67, 218
67, 346
67, 90
67, 91
67, 347
67, 219
67, 220
67, 348
67, 92
67, 93
67, 349
67, 221
67, 222
67, 350
67, 94
67, 95
67, 351
67, 223
67, 224
67, 352
67, 96
67, 97
67, 353
67, 225
67, 226
67, 354
67, 98
67, 99
67, 355
67, 227
67, 228
67, 356
67, 100
67, 101
67, 357
67, 229
67, 230
67, 358
67, 102
67, 103
67, 359
67, 231
67, 232
67, 360
67, 104
67, 105
67, 361
67, 233
67, 234
67, 362
67, 106
67, 107
67, 363
67, 235
67, 236
67, 364
67, 108
67, 109
67, 365
67, 237
67, 238
67, 366
67, 110
67, 111
67, 367
67, 239
67, 240
67, 368
67, 112
67, 113
67, 369
67, 241
67, 242
67, 370
67, 114
67, 115
67, 371
67, 243
67, 244
67, 372
67, 116
67, 117
67, 373
67, 245
67, 246
67, 374
67, 118
67, 119
67, 375
67, 247
67, 248
67, 376
67, 120
67, 121
67, 377
67, 249
67, 250
67, 378
67, 122
67, 123
67, 379
67, 251
67, 252
67, 380
67, 124
67, 125
67, 381
67, 253
67, 254
67, 382
67, 126
67, 127
67, 383
67, 255
195, 256
195, 320
195, 384
195, 448
195, 257
195, 321
195, 385
195, 449
195, 258
195, 386
195, 450
195, 322
195, 259
195, 323
195, 387
195, 324
195, 388
195, 260
195, 196
195, 197
195, 261
195, 325
195, 389
195, 390
195, 326
195, 262
195, 198
195, 199
195, 263
195, 327
195, 391
195, 392
195, 328
195, 264
195, 200
195, 201
195, 265
195, 329
195, 393
195, 394
195, 330
195, 266
195, 202
195, 203
195, 267
195, 331
195, 395
195, 396
195, 332
195, 268
195, 204
195, 205
195, 269
195, 333
195, 397
195, 398
195, 334
195, 270
195, 206
195, 207
195, 271
195, 335
195, 399
195, 400
195, 336
195, 272
195, 208
195, 209
195, 273
195, 337
195, 401
195, 402
195, 338
195, 274
195, 210
195, 211
195, 275
195, 339
195, 403
195, 404
195, 340
195, 276
195, 212
195, 213
195, 277
195, 341
195, 405
195, 406
195, 342
195, 278
195, 214
195, 215
195, 279
195, 343
195, 407
195, 408
195, 344
195, 280
195, 216
195, 217
195, 281
195, 345
195, 409
195, 410
195, 346
195, 282
195, 218
195, 219
195, 283
195, 347
195, 411
195, 412
195, 348
195, 284
195, 220
195, 221
195, 285
195, 349
195, 413
195, 414
195, 350
195, 286
195, 222
195, 223
195, 287
195, 351
195, 415
195, 416
195, 352
195, 288
195, 224
195, 225
195, 289
195, 353
195, 417
195, 418
195, 354
195, 290
195, 226
195, 227
195, 291
195, 355
195, 419
195, 420
195, 356
195, 292
195, 228
195, 229
195, 293
195, 357
195, 421
195, 422
195, 358
195, 294
195, 230
195, 231
195, 295
195, 359
195, 423
195, 424
195, 360
195, 296
195, 232
195, 233
195, 297
195, 361
195, 425
195, 426
195, 362
195, 298
195, 234
195, 235
195, 299
195, 363
195, 427
195, 428
195, 364
195, 300
195, 236
195, 237
195, 301
195, 365
195, 429
195, 430
195, 366
195, 302
195, 238
195, 239
195, 303
195, 367
195, 431
195, 432
195, 368
195, 304
195, 240
195, 241
195, 305
195, 369
195, 433
195, 434
195, 370
195, 306
195, 242
195, 243
195, 307
195, 371
195, 435
195, 436
195, 372
195, 308
195, 244
195, 245
195, 309
195, 373
195, 437
195, 438
195, 374
195, 310
195, 246
195, 247
195, 311
195, 375
195, 439
195, 440
195, 376
195, 312
195, 248
195, 249
195, 313
195, 377
195, 441
195, 442
195, 378
195, 314
195, 250
195, 251
195, 315
195, 379
195, 443
195, 444
195, 380
195, 316
195, 252
195, 253
195, 317
195, 381
195, 445
195, 446
195, 382
195, 318
195, 254
195, 255
195, 319
195, 383
195, 447
324, 384
324, 448
324, 385
324, 449
324, 386
324, 450
324, 387
324, 388
324, 389
324, 325
324, 326
324, 390
324, 391
324, 327
324, 328
324, 392
324, 393
324, 329
324, 330
324, 394
324, 395
324, 331
324, 332
324, 396
324, 397
324, 333
324, 334
324, 398
324, 399
324, 335
324, 336
324, 400
324, 401
324, 337
324, 338
324, 402
324, 403
324, 339
324, 340
324, 404
324, 405
324, 341
324, 342
324, 406
324, 407
324, 343
324, 344
324, 408
324, 409
324, 345
324, 346
324, 410
324, 411
324, 347
324, 348
324, 412
324, 413
324, 349
324, 350
324, 414
324, 415
324, 351
324, 352
324, 416
324, 417
324, 353
324, 354
324, 418
324, 419
324, 355
324, 356
324, 420
324, 421
324, 357
324, 358
324, 422
324, 423
324, 359
324, 360
324, 424
324, 425
324, 361
324, 362
324, 426
324, 427
324, 363
324, 364
324, 428
324, 429
324, 365
324, 366
324, 430
324, 431
324, 367
324, 368
324, 432
324, 433
324, 369
324, 370
324, 434
324, 435
324, 371
324, 372
324, 436
324, 437
324, 373
324, 374
324, 438
324, 439
324, 375
324, 376
324, 440
324, 441
324, 377
324, 378
324, 442
324, 443
324, 379
324, 380
324, 444
324, 445
324, 381
324, 382
324, 446
324, 447
324, 383
68, 128
68, 384
68, 256
68, 257
68, 385
68, 129
68, 258
68, 386
68, 130
68, 387
68, 259
68, 131
68, 132
68, 388
68, 260
68, 133
68, 261
68, 389
68, 134
68, 390
68, 262
68, 135
68, 263
68, 391
68, 136
68, 392
68, 264
68, 137
68, 265
68, 393
68, 138
68, 394
68, 266
68, 139
68, 267
68, 395
68, 140
68, 396
68, 268
68, 141
68, 269
68, 397
68, 142
68, 398
68, 270
68, 143
68, 271
68, 399
68, 144
68, 400
68, 272
68, 145
68, 273
68, 401
68, 146
68, 402
68, 274
68, 147
68, 275
68, 403
68, 148
68, 404
68, 276
68, 149
68, 277
68, 405
68, 150
68, 406
68, 278
68, 151
68, 279
68, 407
68, 152
68, 408
68, 280
68, 153
68, 281
68, 409
68, 154
68, 410
68, 282
68, 155
68, 283
68, 411
68, 156
68, 412
68, 284
68, 157
68, 285
68, 413
68, 158
68, 414
68, 286
68, 159
68, 287
68, 415
68, 160
68, 416
68, 288
68, 161
68, 289
68, 417
68, 162
68, 418
68, 290
68, 163
68, 291
68, 419
68, 164
68, 420
68, 292
68, 165
68, 293
68, 421
68, 166
68, 422
68, 294
68, 167
68, 295
68, 423
68, 168
68, 424
68, 296
68, 169
68, 297
68, 425
68, 170
68, 426
68, 298
68, 171
68, 299
68, 427
68, 172
68, 428
68, 300
68, 173
68, 301
68, 429
68, 174
68, 430
68, 302
68, 175
68, 303
68, 431
68, 176
68, 432
68, 304
68, 177
68, 305
68, 433
68, 178
68, 434
68, 306
68, 179
68, 307
68, 435
68, 180
68, 436
68, 308
68, 181
68, 309
68, 437
68, 182
68, 438
68, 310
68, 183
68, 311
68, 439
68, 184
68, 440
68, 312
68, 185
68, 313
68, 441
68, 186
68, 442
68, 314
68, 187
68, 315
68, 443
68, 188
68, 444
68, 316
68, 189
68, 317
68, 445
68, 190
68, 446
68, 318
68, 191
68, 319
68, 447
68, 448
68, 320
68, 192
68, 193
68, 449
68, 321
68, 450
68, 322
68, 194
68, 195
68, 323
68, 324
68, 196
68, 197
68, 325
68, 69
68, 70
68, 326
68, 198
68, 199
68, 327
68, 71
68, 72
68, 328
68, 200
68, 201
68, 329
68, 73
68, 74
68, 330
68, 202
68, 203
68, 331
68, 75
68, 76
68, 332
68, 204
68, 205
68, 333
68, 77
68, 78
68, 334
68, 206
68, 207
68, 335
68, 79
68, 80
68, 336
68, 208
68, 209
68, 337
68, 81
68, 82
68, 338
68, 210
68, 211
68, 339
68, 83
68, 84
68, 340
68, 212
68, 213
68, 341
68, 85
68, 86
68, 342
68, 214
68, 215
68, 343
68, 87
68, 88
68, 344
68, 216
68, 217
68, 345
68, 89
68, 90
68, 346
68, 218
68, 219
68, 347
68, 91
68, 92
68, 348
68, 220
68, 221
68, 349
68, 93
68, 94
68, 350
68, 222
68, 223
68, 351
68, 95
68, 96
68, 352
68, 224
68, 225
68, 353
68, 97
68, 98
68, 354
68, 226
68, 227
68, 355
68, 99
68, 100
68, 356
68, 228
68, 229
68, 357
68, 101
68, 102
68, 358
68, 230
68, 231
68, 359
68, 103
68, 104
68, 360
68, 232
68, 233
68, 361
68, 105
68, 106
68, 362
68, 234
68, 235
68, 363
68, 107
68, 108
68, 364
68, 236
68, 237
68, 365
68, 109
68, 110
68, 366
68, 238
68, 239
68, 367
68, 111
68, 112
68, 368
68, 240
68, 241
68, 369
68, 113
68, 114
68, 370
68, 242
68, 243
68, 371
68, 115
68, 116
68, 372
68, 244
68, 245
68, 373
68, 117
68, 118
68, 374
68, 246
68, 247
68, 375
68, 119
68, 120
68, 376
68, 248
68, 249
68, 377
68, 121
68, 122
68, 378
68, 250
68, 251
68, 379
68, 123
68, 124
68, 380
68, 252
68, 253
68, 381
68, 125
68, 126
68, 382
68, 254
68, 255
68, 383
68, 127
196, 256
196, 320
196, 384
196, 448
196, 257
196, 321
196, 385
196, 449
196, 322
196, 450
196, 386
196, 258
196, 387
196, 323
196, 259
196, 260
196, 388
196, 324
196, 389
196, 325
196, 261
196, 197
196, 198
196, 262
196, 326
196, 390
196, 391
196, 327
196, 263
196, 199
196, 200
196, 264
196, 328
196, 392
196, 393
196, 329
196, 265
196, 201
196, 202
196, 266
196, 330
196, 394
196, 395
196, 331
196, 267
196, 203
196, 204
196, 268
196, 332
196, 396
196, 397
196, 333
196, 269
196, 205
196, 206
196, 270
196, 334
196, 398
196, 399
196, 335
196, 271
196, 207
196, 208
196, 272
196, 336
196, 400
196, 401
196, 337
196, 273
196, 209
196, 210
196, 274
196, 338
196, 402
196, 403
196, 339
196, 275
196, 211
196, 212
196, 276
196, 340
196, 404
196, 405
196, 341
196, 277
196, 213
196, 214
196, 278
196, 342
196, 406
196, 407
196, 343
196, 279
196, 215
196, 216
196, 280
196, 344
196, 408
196, 409
196, 345
196, 281
196, 217
196, 218
196, 282
196, 346
196, 410
196, 411
196, 347
196, 283
196, 219
196, 220
196, 284
196, 348
196, 412
196, 413
196, 349
196, 285
196, 221
196, 222
196, 286
196, 350
196, 414
196, 415
196, 351
196, 287
196, 223
196, 224
196, 288
196, 352
196, 416
196, 417
196, 353
196, 289
196, 225
196, 226
196, 290
196, 354
196, 418
196, 419
196, 355
196, 291
196, 227
196, 228
196, 292
196, 356
196, 420
196, 421
196, 357
196, 293
196, 229
196, 230
196, 294
196, 358
196, 422
196, 423
196, 359
196, 295
196, 231
196, 232
196, 296
196, 360
196, 424
196, 425
196, 361
196, 297
196, 233
196, 234
196, 298
196, 362
196, 426
196, 427
196, 363
196, 299
196, 235
196, 236
196, 300
196, 364
196, 428
196, 429
196, 365
196, 301
196, 237
196, 238
196, 302
196, 366
196, 430
196, 431
196, 367
196, 303
196, 239
196, 240
196, 304
196, 368
196, 432
196, 433
196, 369
196, 305
196, 241
196, 242
196, 306
196, 370
196, 434
196, 435
196, 371
196, 307
196, 243
196, 244
196, 308
196, 372
196, 436
196, 437
196, 373
196, 309
196, 245
196, 246
196, 310
196, 374
196, 438
196, 439
196, 375
196, 311
196, 247
196, 248
196, 312
196, 376
196, 440
196, 441
196, 377
196, 313
196, 249
196, 250
196, 314
196, 378
196, 442
196, 443
196, 379
196, 315
196, 251
196, 252
196, 316
196, 380
196, 444
196, 445
196, 381
196, 317
196, 253
196, 254
196, 318
196, 382
196, 446
196, 447
196, 383
196, 319
196, 255
325, 384
325, 448
325, 385
325, 449
325, 386
325, 450
325, 387
325, 388
325, 389
325, 390
325, 326
325, 327
325, 391
325, 392
325, 328
325, 329
325, 393
325, 394
325, 330
325, 331
325, 395
325, 396
325, 332
325, 333
325, 397
325, 398
325, 334
325, 335
325, 399
325, 400
325, 336
325, 337
325, 401
325, 402
325, 338
325, 339
325, 403
325, 404
325, 340
325, 341
325, 405
325, 406
325, 342
325, 343
325, 407
325, 408
325, 344
325, 345
325, 409
325, 410
325, 346
325, 347
325, 411
325, 412
325, 348
325, 349
325, 413
325, 414
325, 350
325, 351
325, 415
325, 416
325, 352
325, 353
325, 417
325, 418
325, 354
325, 355
325, 419
325, 420
325, 356
325, 357
325, 421
325, 422
325, 358
325, 359
325, 423
325, 424
325, 360
325, 361
325, 425
325, 426
325, 362
325, 363
325, 427
325, 428
325, 364
325, 365
325, 429
325, 430
325, 366
325, 367
325, 431
325, 432
325, 368
325, 369
325, 433
325, 434
325, 370
325, 371
325, 435
325, 436
325, 372
325, 373
325, 437
325, 438
325, 374
325, 375
325, 439
325, 440
325, 376
325, 377
325, 441
325, 442
325, 378
325, 379
325, 443
325, 444
325, 380
325, 381
325, 445
325, 446
325, 382
325, 383
325, 447
69, 256
69, 384
69, 128
69, 129
69, 385
69, 257
69, 386
69, 258
69, 130
69, 387
69, 259
69, 131
69, 132
69, 388
69, 260
69, 133
69, 261
69, 389
69, 134
69, 390
69, 262
69, 135
69, 263
69, 391
69, 136
69, 392
69, 264
69, 137
69, 265
69, 393
69, 138
69, 394
69, 266
69, 139
69, 267
69, 395
69, 140
69, 396
69, 268
69, 141
69, 269
69, 397
69, 142
69, 398
69, 270
69, 143
69, 271
69, 399
69, 144
69, 400
69, 272
69, 145
69, 273
69, 401
69, 146
69, 402
69, 274
69, 147
69, 275
69, 403
69, 148
69, 404
69, 276
69, 149
69, 277
69, 405
69, 150
69, 406
69, 278
69, 151
69, 279
69, 407
69, 152
69, 408
69, 280
69, 153
69, 281
69, 409
69, 154
69, 410
69, 282
69, 155
69, 283
69, 411
69, 156
69, 412
69, 284
69, 157
69, 285
69, 413
69, 158
69, 414
69, 286
69, 159
69, 287
69, 415
69, 160
69, 416
69, 288
69, 161
69, 289
69, 417
69, 162
69, 418
69, 290
69, 163
69, 291
69, 419
69, 164
69, 420
69, 292
69, 165
69, 293
69, 421
69, 166
69, 422
69, 294
69, 167
69, 295
69, 423
69, 168
69, 424
69, 296
69, 169
69, 297
69, 425
69, 170
69, 426
69, 298
69, 171
69, 299
69, 427
69, 172
69, 428
69, 300
69, 173
69, 301
69, 429
69, 174
69, 430
69, 302
69, 175
69, 303
69, 431
69, 176
69, 432
69, 304
69, 177
69, 305
69, 433
69, 178
69, 434
69, 306
69, 179
69, 307
69, 435
69, 180
69, 436
69, 308
69, 181
69, 309
69, 437
69, 182
69, 438
69, 310
69, 183
69, 311
69, 439
69, 184
69, 440
69, 312
69, 185
69, 313
69, 441
69, 186
69, 442
69, 314
69, 187
69, 315
69, 443
69, 188
69, 444
69, 316
69, 189
69, 317
69, 445
69, 190
69, 446
69, 318
69, 191
69, 319
69, 447
69, 320
69, 192
69, 448
69, 321
69, 449
69, 193
69, 194
69, 322
69, 450
69, 323
69, 195
69, 196
69, 324
69, 325
69, 197
69, 198
69, 326
69, 70
69, 71
69, 327
69, 199
69, 200
69, 328
69, 72
69, 73
69, 329
69, 201
69, 202
69, 330
69, 74
69, 75
69, 331
69, 203
69, 204
69, 332
69, 76
69, 77
69, 333
69, 205
69, 206
69, 334
69, 78
69, 79
69, 335
69, 207
69, 208
69, 336
69, 80
69, 81
69, 337
69, 209
69, 210
69, 338
69, 82
69, 83
69, 339
69, 211
69, 212
69, 340
69, 84
69, 85
69, 341
69, 213
69, 214
69, 342
69, 86
69, 87
69, 343
69, 215
69, 216
69, 344
69, 88
69, 89
69, 345
69, 217
69, 218
69, 346
69, 90
69, 91
69, 347
69, 219
69, 220
69, 348
69, 92
69, 93
69, 349
69, 221
69, 222
69, 350
69, 94
69, 95
69, 351
69, 223
69, 224
69, 352
69, 96
69, 97
69, 353
69, 225
69, 226
69, 354
69, 98
69, 99
69, 355
69, 227
69, 228
69, 356
69, 100
69, 101
69, 357
69, 229
69, 230
69, 358
69, 102
69, 103
69, 359
69, 231
69, 232
69, 360
69, 104
69, 105
69, 361
69, 233
69, 234
69, 362
69, 106
69, 107
69, 363
69, 235
69, 236
69, 364
69, 108
69, 109
69, 365
69, 237
69, 238
69, 366
69, 110
69, 111
69, 367
69, 239
69, 240
69, 368
69, 112
69, 113
69, 369
69, 241
69, 242
69, 370
69, 114
69, 115
69, 371
69, 243
69, 244
69, 372
69, 116
69, 117
69, 373
69, 245
69, 246
69, 374
69, 118
69, 119
69, 375
69, 247
69, 248
69, 376
69, 120
69, 121
69, 377
69, 249
69, 250
69, 378
69, 122
69, 123
69, 379
69, 251
69, 252
69, 380
69, 124
69, 125
69, 381
69, 253
69, 254
69, 382
69, 126
69, 127
69, 383
69, 255
197, 256
197, 320
197, 384
197, 448
197, 257
197, 321
197, 385
197, 449
197, 258
197, 386
197, 450
197, 322
197, 259
197, 323
197, 387
197, 324
197, 388
197, 260
197, 261
197, 325
197, 389
197, 390
197, 326
197, 262
197, 198
197, 199
197, 263
197, 327
197, 391
197, 392
197, 328
197, 264
197, 200
197, 201
197, 265
197, 329
197, 393
197, 394
197, 330
197, 266
197, 202
197, 203
197, 267
197, 331
197, 395
197, 396
197, 332
197, 268
197, 204
197, 205
197, 269
197, 333
197, 397
197, 398
197, 334
197, 270
197, 206
197, 207
197, 271
197, 335
197, 399
197, 400
197, 336
197, 272
197, 208
197, 209
197, 273
197, 337
197, 401
197, 402
197, 338
197, 274
197, 210
197, 211
197, 275
197, 339
197, 403
197, 404
197, 340
197, 276
197, 212
197, 213
197, 277
197, 341
197, 405
197, 406
197, 342
197, 278
197, 214
197, 215
197, 279
197, 343
197, 407
197, 408
197, 344
197, 280
197, 216
197, 217
197, 281
197, 345
197, 409
197, 410
197, 346
197, 282
197, 218
197, 219
197, 283
197, 347
197, 411
197, 412
197, 348
197, 284
197, 220
197, 221
197, 285
197, 349
197, 413
197, 414
197, 350
197, 286
197, 222
197, 223
197, 287
197, 351
197, 415
197, 416
197, 352
197, 288
197, 224
197, 225
197, 289
197, 353
197, 417
197, 418
197, 354
197, 290
197, 226
197, 227
197, 291
197, 355
197, 419
197, 420
197, 356
197, 292
197, 228
197, 229
197, 293
197, 357
197, 421
197, 422
197, 358
197, 294
197, 230
197, 231
197, 295
197, 359
197, 423
197, 424
197, 360
197, 296
197, 232
197, 233
197, 297
197, 361
197, 425
197, 426
197, 362
197, 298
197, 234
197, 235
197, 299
197, 363
197, 427
197, 428
197, 364
197, 300
197, 236
197, 237
197, 301
197, 365
197, 429
197, 430
197, 366
197, 302
197, 238
197, 239
197, 303
197, 367
197, 431
197, 432
197, 368
197, 304
197, 240
197, 241
197, 305
197, 369
197, 433
197, 434
197, 370
197, 306
197, 242
197, 243
197, 307
197, 371
197, 435
197, 436
197, 372
197, 308
197, 244
197, 245
197, 309
197, 373
197, 437
197, 438
197, 374
197, 310
197, 246
197, 247
197, 311
197, 375
197, 439
197, 440
197, 376
197, 312
197, 248
197, 249
197, 313
197, 377
197, 441
197, 442
197, 378
197, 314
197, 250
197, 251
197, 315
197, 379
197, 443
197, 444
197, 380
197, 316
197, 252
197, 253
197, 317
197, 381
197, 445
197, 446
197, 382
197, 318
197, 254
197, 255
197, 319
197, 383
197, 447
326, 384
326, 448
326, 385
326, 449
326, 386
326, 450
326, 387
326, 388
326, 389
326, 390
326, 391
326, 327
326, 328
326, 392
326, 393
326, 329
326, 330
326, 394
326, 395
326, 331
326, 332
326, 396
326, 397
326, 333
326, 334
326, 398
326, 399
326, 335
326, 336
326, 400
326, 401
326, 337
326, 338
326, 402
326, 403
326, 339
326, 340
326, 404
326, 405
326, 341
326, 342
326, 406
326, 407
326, 343
326, 344
326, 408
326, 409
326, 345
326, 346
326, 410
326, 411
326, 347
326, 348
326, 412
326, 413
326, 349
326, 350
326, 414
326, 415
326, 351
326, 352
326, 416
326, 417
326, 353
326, 354
326, 418
326, 419
326, 355
326, 356
326, 420
326, 421
326, 357
326, 358
326, 422
326, 423
326, 359
326, 360
326, 424
326, 425
326, 361
326, 362
326, 426
326, 427
326, 363
326, 364
326, 428
326, 429
326, 365
326, 366
326, 430
326, 431
326, 367
326, 368
326, 432
326, 433
326, 369
326, 370
326, 434
326, 435
326, 371
326, 372
326, 436
326, 437
326, 373
326, 374
326, 438
326, 439
326, 375
326, 376
326, 440
326, 441
326, 377
326, 378
326, 442
326, 443
326, 379
326, 380
326, 444
326, 445
326, 381
326, 382
326, 446
326, 447
326, 383
70, 128
70, 384
70, 256
70, 257
70, 385
70, 129
70, 258
70, 386
70, 130
70, 387
70, 259
70, 131
70, 132
70, 388
70, 260
70, 133
70, 261
70, 389
70, 134
70, 390
70, 262
70, 135
70, 263
70, 391
70, 136
70, 392
70, 264
70, 137
70, 265
70, 393
70, 138
70, 394
70, 266
70, 139
70, 267
70, 395
70, 140
70, 396
70, 268
70, 141
70, 269
70, 397
70, 142
70, 398
70, 270
70, 143
70, 271
70, 399
70, 144
70, 400
70, 272
70, 145
70, 273
70, 401
70, 146
70, 402
70, 274
70, 147
70, 275
70, 403
70, 148
70, 404
70, 276
70, 149
70, 277
70, 405
70, 150
70, 406
70, 278
70, 151
70, 279
70, 407
70, 152
70, 408
70, 280
70, 153
70, 281
70, 409
70, 154
70, 410
70, 282
70, 155
70, 283
70, 411
70, 156
70, 412
70, 284
70, 157
70, 285
70, 413
70, 158
70, 414
70, 286
70, 159
70, 287
70, 415
70, 160
70, 416
70, 288
70, 161
70, 289
70, 417
70, 162
70, 418
70, 290
70, 163
70, 291
70, 419
70, 164
70, 420
70, 292
70, 165
70, 293
70, 421
70, 166
70, 422
70, 294
70, 167
70, 295
70, 423
70, 168
70, 424
70, 296
70, 169
70, 297
70, 425
70, 170
70, 426
70, 298
70, 171
70, 299
70, 427
70, 172
70, 428
70, 300
70, 173
70, 301
70, 429
70, 174
70, 430
70, 302
70, 175
70, 303
70, 431
70, 176
70, 432
70, 304
70, 177
70, 305
70, 433
70, 178
70, 434
70, 306
70, 179
70, 307
70, 435
70, 180
70, 436
70, 308
70, 181
70, 309
70, 437
70, 182
70, 438
70, 310
70, 183
70, 311
70, 439
70, 184
70, 440
70, 312
70, 185
70, 313
70, 441
70, 186
70, 442
70, 314
70, 187
70, 315
70, 443
70, 188
70, 444
70, 316
70, 189
70, 317
70, 445
70, 190
70, 446
70, 318
70, 191
70, 319
70, 447
70, 192
70, 448
70, 320
70, 193
70, 449
70, 321
70, 450
70, 322
70, 194
70, 195
70, 323
70, 324
70, 196
70, 197
70, 325
70, 326
70, 198
70, 199
70, 327
70, 71
70, 72
70, 328
70, 200
70, 201
70, 329
70, 73
70, 74
70, 330
70, 202
70, 203
70, 331
70, 75
70, 76
70, 332
70, 204
70, 205
70, 333
70, 77
70, 78
70, 334
70, 206
70, 207
70, 335
70, 79
70, 80
70, 336
70, 208
70, 209
70, 337
70, 81
70, 82
70, 338
70, 210
70, 211
70, 339
70, 83
70, 84
70, 340
70, 212
70, 213
70, 341
70, 85
70, 86
70, 342
70, 214
70, 215
70, 343
70, 87
70, 88
70, 344
70, 216
70, 217
70, 345
70, 89
70, 90
70, 346
70, 218
70, 219
70, 347
70, 91
70, 92
70, 348
70, 220
70, 221
70, 349
70, 93
70, 94
70, 350
70, 222
70, 223
70, 351
70, 95
70, 96
70, 352
70, 224
70, 225
70, 353
70, 97
70, 98
70, 354
70, 226
70, 227
70, 355
70, 99
70, 100
70, 356
70, 228
70, 229
70, 357
70, 101
70, 102
70, 358
70, 230
70, 231
70, 359
70, 103
70, 104
70, 360
70, 232
70, 233
70, 361
70, 105
70, 106
70, 362
70, 234
70, 235
70, 363
70, 107
70, 108
70, 364
70, 236
70, 237
70, 365
70, 109
70, 110
70, 366
70, 238
70, 239
70, 367
70, 111
70, 112
70, 368
70, 240
70, 241
70, 369
70, 113
70, 114
70, 370
70, 242
70, 243
70, 371
70, 115
70, 116
70, 372
70, 244
70, 245
70, 373
70, 117
70, 118
70, 374
70, 246
70, 247
70, 375
70, 119
70, 120
70, 376
70, 248
70, 249
70, 377
70, 121
70, 122
70, 378
70, 250
70, 251
70, 379
70, 123
70, 124
70, 380
70, 252
70, 253
70, 381
70, 125
70, 126
70, 382
70, 254
70, 255
70, 383
70, 127
198, 256
198, 320
198, 384
198, 448
198, 257
198, 321
198, 385
198, 449
198, 322
198, 450
198, 386
198, 258
198, 387
198, 323
198, 259
198, 260
198, 388
198, 324
198, 389
198, 325
198, 261
198, 262
198, 326
198, 390
198, 391
198, 327
198, 263
198, 199
198, 200
198, 264
198, 328
198, 392
198, 393
198, 329
198, 265
198, 201
198, 202
198, 266
198, 330
198, 394
198, 395
198, 331
198, 267
198, 203
198, 204
198, 268
198, 332
198, 396
198, 397
198, 333
198, 269
198, 205
198, 206
198, 270
198, 334
198, 398
198, 399
198, 335
198, 271
198, 207
198, 208
198, 272
198, 336
198, 400
198, 401
198, 337
198, 273
198, 209
198, 210
198, 274
198, 338
198, 402
198, 403
198, 339
198, 275
198, 211
198, 212
198, 276
198, 340
198, 404
198, 405
198, 341
198, 277
198, 213
198, 214
198, 278
198, 342
198, 406
198, 407
198, 343
198, 279
198, 215
198, 216
198, 280
198, 344
198, 408
198, 409
198, 345
198, 281
198, 217
198, 218
198, 282
198, 346
198, 410
198, 411
198, 347
198, 283
198, 219
198, 220
198, 284
198, 348
198, 412
198, 413
198, 349
198, 285
198, 221
198, 222
198, 286
198, 350
198, 414
198, 415
198, 351
198, 287
198, 223
198, 224
198, 288
198, 352
198, 416
198, 417
198, 353
198, 289
198, 225
198, 226
198, 290
198, 354
198, 418
198, 419
198, 355
198, 291
198, 227
198, 228
198, 292
198, 356
198, 420
198, 421
198, 357
198, 293
198, 229
198, 230
198, 294
198, 358
198, 422
198, 423
198, 359
198, 295
198, 231
198, 232
198, 296
198, 360
198, 424
198, 425
198, 361
198, 297
198, 233
198, 234
198, 298
198, 362
198, 426
198, 427
198, 363
198, 299
198, 235
198, 236
198, 300
198, 364
198, 428
198, 429
198, 365
198, 301
198, 237
198, 238
198, 302
198, 366
198, 430
198, 431
198, 367
198, 303
198, 239
198, 240
198, 304
198, 368
198, 432
198, 433
198, 369
198, 305
198, 241
198, 242
198, 306
198, 370
198, 434
198, 435
198, 371
198, 307
198, 243
198, 244
198, 308
198, 372
198, 436
198, 437
198, 373
198, 309
198, 245
198, 246
198, 310
198, 374
198, 438
198, 439
198, 375
198, 311
198, 247
198, 248
198, 312
198, 376
198, 440
198, 441
198, 377
198, 313
198, 249
198, 250
198, 314
198, 378
198, 442
198, 443
198, 379
198, 315
198, 251
198, 252
198, 316
198, 380
198, 444
198, 445
198, 381
198, 317
198, 253
198, 254
198, 318
198, 382
198, 446
198, 447
198, 383
198, 319
198, 255
327, 384
327, 448
327, 385
327, 449
327, 386
327, 450
327, 387
327, 388
327, 389
327, 390
327, 391
327, 392
327, 328
327, 329
327, 393
327, 394
327, 330
327, 331
327, 395
327, 396
327, 332
327, 333
327, 397
327, 398
327, 334
327, 335
327, 399
327, 400
327, 336
327, 337
327, 401
327, 402
327, 338
327, 339
327, 403
327, 404
327, 340
327, 341
327, 405
327, 406
327, 342
327, 343
327, 407
327, 408
327, 344
327, 345
327, 409
327, 410
327, 346
327, 347
327, 411
327, 412
327, 348
327, 349
327, 413
327, 414
327, 350
327, 351
327, 415
327, 416
327, 352
327, 353
327, 417
327, 418
327, 354
327, 355
327, 419
327, 420
327, 356
327, 357
327, 421
327, 422
327, 358
327, 359
327, 423
327, 424
327, 360
327, 361
327, 425
327, 426
327, 362
327, 363
327, 427
327, 428
327, 364
327, 365
327, 429
327, 430
327, 366
327, 367
327, 431
327, 432
327, 368
327, 369
327, 433
327, 434
327, 370
327, 371
327, 435
327, 436
327, 372
327, 373
327, 437
327, 438
327, 374
327, 375
327, 439
327, 440
327, 376
327, 377
327, 441
327, 442
327, 378
327, 379
327, 443
327, 444
327, 380
327, 381
327, 445
327, 446
327, 382
327, 383
327, 447
71, 256
71, 384
71, 128
71, 129
71, 385
71, 257
71, 386
71, 258
71, 130
71, 387
71, 259
71, 131
71, 132
71, 388
71, 260
71, 133
71, 261
71, 389
71, 134
71, 390
71, 262
71, 135
71, 263
71, 391
71, 136
71, 392
71, 264
71, 137
71, 265
71, 393
71, 138
71, 394
71, 266
71, 139
71, 267
71, 395
71, 140
71, 396
71, 268
71, 141
71, 269
71, 397
71, 142
71, 398
71, 270
71, 143
71, 271
71, 399
71, 144
71, 400
71, 272
71, 145
71, 273
71, 401
71, 146
71, 402
71, 274
71, 147
71, 275
71, 403
71, 148
71, 404
71, 276
71, 149
71, 277
71, 405
71, 150
71, 406
71, 278
71, 151
71, 279
71, 407
71, 152
71, 408
71, 280
71, 153
71, 281
71, 409
71, 154
71, 410
71, 282
71, 155
71, 283
71, 411
71, 156
71, 412
71, 284
71, 157
71, 285
71, 413
71, 158
71, 414
71, 286
71, 159
71, 287
71, 415
71, 160
71, 416
71, 288
71, 161
71, 289
71, 417
71, 162
71, 418
71, 290
71, 163
71, 291
71, 419
71, 164
71, 420
71, 292
71, 165
71, 293
71, 421
71, 166
71, 422
71, 294
71, 167
71, 295
71, 423
71, 168
71, 424
71, 296
71, 169
71, 297
71, 425
71, 170
71, 426
71, 298
71, 171
71, 299
71, 427
71, 172
71, 428
71, 300
71, 173
71, 301
71, 429
71, 174
71, 430
71, 302
71, 175
71, 303
71, 431
71, 176
71, 432
71, 304
71, 177
71, 305
71, 433
71, 178
71, 434
71, 306
71, 179
71, 307
71, 435
71, 180
71, 436
71, 308
71, 181
71, 309
71, 437
71, 182
71, 438
71, 310
71, 183
71, 311
71, 439
71, 184
71, 440
71, 312
71, 185
71, 313
71, 441
71, 186
71, 442
71, 314
71, 187
71, 315
71, 443
71, 188
71, 444
71, 316
71, 189
71, 317
71, 445
71, 190
71, 446
71, 318
71, 191
71, 319
71, 447
71, 448
71, 320
71, 192
71, 321
71, 449
71, 193
71, 194
71, 322
71, 450
71, 323
71, 195
71, 196
71, 324
71, 325
71, 197
71, 198
71, 326
71, 327
71, 199
71, 200
71, 328
71, 72
71, 73
71, 329
71, 201
71, 202
71, 330
71, 74
71, 75
71, 331
71, 203
71, 204
71, 332
71, 76
71, 77
71, 333
71, 205
71, 206
71, 334
71, 78
71, 79
71, 335
71, 207
71, 208
71, 336
71, 80
71, 81
71, 337
71, 209
71, 210
71, 338
71, 82
71, 83
71, 339
71, 211
71, 212
71, 340
71, 84
71, 85
71, 341
71, 213
71, 214
71, 342
71, 86
71, 87
71, 343
71, 215
71, 216
71, 344
71, 88
71, 89
71, 345
71, 217
71, 218
71, 346
71, 90
71, 91
71, 347
71, 219
71, 220
71, 348
71, 92
71, 93
71, 349
71, 221
71, 222
71, 350
71, 94
71, 95
71, 351
71, 223
71, 224
71, 352
71, 96
71, 97
71, 353
71, 225
71, 226
71, 354
71, 98
71, 99
71, 355
71, 227
71, 228
71, 356
71, 100
71, 101
71, 357
71, 229
71, 230
71, 358
71, 102
71, 103
71, 359
71, 231
71, 232
71, 360
71, 104
71, 105
71, 361
71, 233
71, 234
71, 362
71, 106
71, 107
71, 363
71, 235
71, 236
71, 364
71, 108
71, 109
71, 365
71, 237
71, 238
71, 366
71, 110
71, 111
71, 367
71, 239
71, 240
71, 368
71, 112
71, 113
71, 369
71, 241
71, 242
71, 370
71, 114
71, 115
71, 371
71, 243
71, 244
71, 372
71, 116
71, 117
71, 373
71, 245
71, 246
71, 374
71, 118
71, 119
71, 375
71, 247
71, 248
71, 376
71, 120
71, 121
71, 377
71, 249
71, 250
71, 378
71, 122
71, 123
71, 379
71, 251
71, 252
71, 380
71, 124
71, 125
71, 381
71, 253
71, 254
71, 382
71, 126
71, 127
71, 383
71, 255
199, 256
199, 320
199, 384
199, 448
199, 257
199, 321
199, 385
199, 449
199, 258
199, 386
199, 450
199, 322
199, 259
199, 323
199, 387
199, 324
199, 388
199, 260
199, 261
199, 325
199, 389
199, 390
199, 326
199, 262
199, 263
199, 327
199, 391
199, 392
199, 328
199, 264
199, 200
199, 201
199, 265
199, 329
199, 393
199, 394
199, 330
199, 266
199, 202
199, 203
199, 267
199, 331
199, 395
199, 396
199, 332
199, 268
199, 204
199, 205
199, 269
199, 333
199, 397
199, 398
199, 334
199, 270
199, 206
199, 207
199, 271
199, 335
199, 399
199, 400
199, 336
199, 272
199, 208
199, 209
199, 273
199, 337
199, 401
199, 402
199, 338
199, 274
199, 210
199, 211
199, 275
199, 339
199, 403
199, 404
199, 340
199, 276
199, 212
199, 213
199, 277
199, 341
199, 405
199, 406
199, 342
199, 278
199, 214
199, 215
199, 279
199, 343
199, 407
199, 408
199, 344
199, 280
199, 216
199, 217
199, 281
199, 345
199, 409
199, 410
199, 346
199, 282
199, 218
199, 219
199, 283
199, 347
199, 411
199, 412
199, 348
199, 284
199, 220
199, 221
199, 285
199, 349
199, 413
199, 414
199, 350
199, 286
199, 222
199, 223
199, 287
199, 351
199, 415
199, 416
199, 352
199, 288
199, 224
199, 225
199, 289
199, 353
199, 417
199, 418
199, 354
199, 290
199, 226
199, 227
199, 291
199, 355
199, 419
199, 420
199, 356
199, 292
199, 228
199, 229
199, 293
199, 357
199, 421
199, 422
199, 358
199, 294
199, 230
199, 231
199, 295
199, 359
199, 423
199, 424
199, 360
199, 296
199, 232
199, 233
199, 297
199, 361
199, 425
199, 426
199, 362
199, 298
199, 234
199, 235
199, 299
199, 363
199, 427
199, 428
199, 364
199, 300
199, 236
199, 237
199, 301
199, 365
199, 429
199, 430
199, 366
199, 302
199, 238
199, 239
199, 303
199, 367
199, 431
199, 432
199, 368
199, 304
199, 240
199, 241
199, 305
199, 369
199, 433
199, 434
199, 370
199, 306
199, 242
199, 243
199, 307
199, 371
199, 435
199, 436
199, 372
199, 308
199, 244
199, 245
199, 309
199, 373
199, 437
199, 438
199, 374
199, 310
199, 246
199, 247
199, 311
199, 375
199, 439
199, 440
199, 376
199, 312
199, 248
199, 249
199, 313
199, 377
199, 441
199, 442
199, 378
199, 314
199, 250
199, 251
199, 315
199, 379
199, 443
199, 444
199, 380
199, 316
199, 252
199, 253
199, 317
199, 381
199, 445
199, 446
199, 382
199, 318
199, 254
199, 255
199, 319
199, 383
199, 447
328, 384
328, 448
328, 385
328, 449
328, 386
328, 450
328, 387
328, 388
328, 389
328, 390
328, 391
328, 392
328, 393
328, 329
328, 330
328, 394
328, 395
328, 331
328, 332
328, 396
328, 397
328, 333
328, 334
328, 398
328, 399
328, 335
328, 336
328, 400
328, 401
328, 337
328, 338
328, 402
328, 403
328, 339
328, 340
328, 404
328, 405
328, 341
328, 342
328, 406
328, 407
328, 343
328, 344
328, 408
328, 409
328, 345
328, 346
328, 410
328, 411
328, 347
328, 348
328, 412
328, 413
328, 349
328, 350
328, 414
328, 415
328, 351
328, 352
328, 416
328, 417
328, 353
328, 354
328, 418
328, 419
328, 355
328, 356
328, 420
328, 421
328, 357
328, 358
328, 422
328, 423
328, 359
328, 360
328, 424
328, 425
328, 361
328, 362
328, 426
328, 427
328, 363
328, 364
328, 428
328, 429
328, 365
328, 366
328, 430
328, 431
328, 367
328, 368
328, 432
328, 433
328, 369
328, 370
328, 434
328, 435
328, 371
328, 372
328, 436
328, 437
328, 373
328, 374
328, 438
328, 439
328, 375
328, 376
328, 440
328, 441
328, 377
328, 378
328, 442
328, 443
328, 379
328, 380
328, 444
328, 445
328, 381
328, 382
328, 446
328, 447
328, 383
72, 128
72, 384
72, 256
72, 257
72, 385
72, 129
72, 258
72, 386
72, 130
72, 387
72, 259
72, 131
72, 132
72, 388
72, 260
72, 133
72, 261
72, 389
72, 134
72, 390
72, 262
72, 135
72, 263
72, 391
72, 136
72, 392
72, 264
72, 137
72, 265
72, 393
72, 138
72, 394
72, 266
72, 139
72, 267
72, 395
72, 140
72, 396
72, 268
72, 141
72, 269
72, 397
72, 142
72, 398
72, 270
72, 143
72, 271
72, 399
72, 144
72, 400
72, 272
72, 145
72, 273
72, 401
72, 146
72, 402
72, 274
72, 147
72, 275
72, 403
72, 148
72, 404
72, 276
72, 149
72, 277
72, 405
72, 150
72, 406
72, 278
72, 151
72, 279
72, 407
72, 152
72, 408
72, 280
72, 153
72, 281
72, 409
72, 154
72, 410
72, 282
72, 155
72, 283
72, 411
72, 156
72, 412
72, 284
72, 157
72, 285
72, 413
72, 158
72, 414
72, 286
72, 159
72, 287
72, 415
72, 160
72, 416
72, 288
72, 161
72, 289
72, 417
72, 162
72, 418
72, 290
72, 163
72, 291
72, 419
72, 164
72, 420
72, 292
72, 165
72, 293
72, 421
72, 166
72, 422
72, 294
72, 167
72, 295
72, 423
72, 168
72, 424
72, 296
72, 169
72, 297
72, 425
72, 170
72, 426
72, 298
72, 171
72, 299
72, 427
72, 172
72, 428
72, 300
72, 173
72, 301
72, 429
72, 174
72, 430
72, 302
72, 175
72, 303
72, 431
72, 176
72, 432
72, 304
72, 177
72, 305
72, 433
72, 178
72, 434
72, 306
72, 179
72, 307
72, 435
72, 180
72, 436
72, 308
72, 181
72, 309
72, 437
72, 182
72, 438
72, 310
72, 183
72, 311
72, 439
72, 184
72, 440
72, 312
72, 185
72, 313
72, 441
72, 186
72, 442
72, 314
72, 187
72, 315
72, 443
72, 188
72, 444
72, 316
72, 189
72, 317
72, 445
72, 190
72, 446
72, 318
72, 191
72, 319
72, 447
72, 320
72, 192
72, 448
72, 193
72, 449
72, 321
72, 450
72, 322
72, 194
72, 195
72, 323
72, 324
72, 196
72, 197
72, 325
72, 326
72, 198
72, 199
72, 327
72, 328
72, 200
72, 201
72, 329
72, 73
72, 74
72, 330
72, 202
72, 203
72, 331
72, 75
72, 76
72, 332
72, 204
72, 205
72, 333
72, 77
72, 78
72, 334
72, 206
72, 207
72, 335
72, 79
72, 80
72, 336
72, 208
72, 209
72, 337
72, 81
72, 82
72, 338
72, 210
72, 211
72, 339
72, 83
72, 84
72, 340
72, 212
72, 213
72, 341
72, 85
72, 86
72, 342
72, 214
72, 215
72, 343
72, 87
72, 88
72, 344
72, 216
72, 217
72, 345
72, 89
72, 90
72, 346
72, 218
72, 219
72, 347
72, 91
72, 92
72, 348
72, 220
72, 221
72, 349
72, 93
72, 94
72, 350
72, 222
72, 223
72, 351
72, 95
72, 96
72, 352
72, 224
72, 225
72, 353
72, 97
72, 98
72, 354
72, 226
72, 227
72, 355
72, 99
72, 100
72, 356
72, 228
72, 229
72, 357
72, 101
72, 102
72, 358
72, 230
72, 231
72, 359
72, 103
72, 104
72, 360
72, 232
72, 233
72, 361
72, 105
72, 106
72, 362
72, 234
72, 235
72, 363
72, 107
72, 108
72, 364
72, 236
72, 237
72, 365
72, 109
72, 110
72, 366
72, 238
72, 239
72, 367
72, 111
72, 112
72, 368
72, 240
72, 241
72, 369
72, 113
72, 114
72, 370
72, 242
72, 243
72, 371
72, 115
72, 116
72, 372
72, 244
72, 245
72, 373
72, 117
72, 118
72, 374
72, 246
72, 247
72, 375
72, 119
72, 120
72, 376
72, 248
72, 249
72, 377
72, 121
72, 122
72, 378
72, 250
72, 251
72, 379
72, 123
72, 124
72, 380
72, 252
72, 253
72, 381
72, 125
72, 126
72, 382
72, 254
72, 255
72, 383
72, 127
200, 256
200, 320
200, 384
200, 448
200, 257
200, 321
200, 385
200, 449
200, 322
200, 450
200, 386
200, 258
200, 387
200, 323
200, 259
200, 260
200, 388
200, 324
200, 389
200, 325
200, 261
200, 262
200, 326
200, 390
200, 391
200, 327
200, 263
200, 264
200, 328
200, 392
200, 393
200, 329
200, 265
200, 201
200, 202
200, 266
200, 330
200, 394
200, 395
200, 331
200, 267
200, 203
200, 204
200, 268
200, 332
200, 396
200, 397
200, 333
200, 269
200, 205
200, 206
200, 270
200, 334
200, 398
200, 399
200, 335
200, 271
200, 207
200, 208
200, 272
200, 336
200, 400
200, 401
200, 337
200, 273
200, 209
200, 210
200, 274
200, 338
200, 402
200, 403
200, 339
200, 275
200, 211
200, 212
200, 276
200, 340
200, 404
200, 405
200, 341
200, 277
200, 213
200, 214
200, 278
200, 342
200, 406
200, 407
200, 343
200, 279
200, 215
200, 216
200, 280
200, 344
200, 408
200, 409
200, 345
200, 281
200, 217
200, 218
200, 282
200, 346
200, 410
200, 411
200, 347
200, 283
200, 219
200, 220
200, 284
200, 348
200, 412
200, 413
200, 349
200, 285
200, 221
200, 222
200, 286
200, 350
200, 414
200, 415
200, 351
200, 287
200, 223
200, 224
200, 288
200, 352
200, 416
200, 417
200, 353
200, 289
200, 225
200, 226
200, 290
200, 354
200, 418
200, 419
200, 355
200, 291
200, 227
200, 228
200, 292
200, 356
200, 420
200, 421
200, 357
200, 293
200, 229
200, 230
200, 294
200, 358
200, 422
200, 423
200, 359
200, 295
200, 231
200, 232
200, 296
200, 360
200, 424
200, 425
200, 361
200, 297
200, 233
200, 234
200, 298
200, 362
200, 426
200, 427
200, 363
200, 299
200, 235
200, 236
200, 300
200, 364
200, 428
200, 429
200, 365
200, 301
200, 237
200, 238
200, 302
200, 366
200, 430
200, 431
200, 367
200, 303
200, 239
200, 240
200, 304
200, 368
200, 432
200, 433
200, 369
200, 305
200, 241
200, 242
200, 306
200, 370
200, 434
200, 435
200, 371
200, 307
200, 243
200, 244
200, 308
200, 372
200, 436
200, 437
200, 373
200, 309
200, 245
200, 246
200, 310
200, 374
200, 438
200, 439
200, 375
200, 311
200, 247
200, 248
200, 312
200, 376
200, 440
200, 441
200, 377
200, 313
200, 249
200, 250
200, 314
200, 378
200, 442
200, 443
200, 379
200, 315
200, 251
200, 252
200, 316
200, 380
200, 444
200, 445
200, 381
200, 317
200, 253
200, 254
200, 318
200, 382
200, 446
200, 447
200, 383
200, 319
200, 255
329, 384
329, 448
329, 385
329, 449
329, 386
329, 450
329, 387
329, 388
329, 389
329, 390
329, 391
329, 392
329, 393
329, 394
329, 330
329, 331
329, 395
329, 396
329, 332
329, 333
329, 397
329, 398
329, 334
329, 335
329, 399
329, 400
329, 336
329, 337
329, 401
329, 402
329, 338
329, 339
329, 403
329, 404
329, 340
329, 341
329, 405
329, 406
329, 342
329, 343
329, 407
329, 408
329, 344
329, 345
329, 409
329, 410
329, 346
329, 347
329, 411
329, 412
329, 348
329, 349
329, 413
329, 414
329, 350
329, 351
329, 415
329, 416
329, 352
329, 353
329, 417
329, 418
329, 354
329, 355
329, 419
329, 420
329, 356
329, 357
329, 421
329, 422
329, 358
329, 359
329, 423
329, 424
329, 360
329, 361
329, 425
329, 426
329, 362
329, 363
329, 427
329, 428
329, 364
329, 365
329, 429
329, 430
329, 366
329, 367
329, 431
329, 432
329, 368
329, 369
329, 433
329, 434
329, 370
329, 371
329, 435
329, 436
329, 372
329, 373
329, 437
329, 438
329, 374
329, 375
329, 439
329, 440
329, 376
329, 377
329, 441
329, 442
329, 378
329, 379
329, 443
329, 444
329, 380
329, 381
329, 445
329, 446
329, 382
329, 383
329, 447
73, 256
73, 384
73, 128
73, 129
73, 385
73, 257
73, 386
73, 258
73, 130
73, 387
73, 259
73, 131
73, 132
73, 388
73, 260
73, 133
73, 261
73, 389
73, 134
73, 390
73, 262
73, 135
73, 263
73, 391
73, 136
73, 392
73, 264
73, 137
73, 265
73, 393
73, 138
73, 394
73, 266
73, 139
73, 267
73, 395
73, 140
73, 396
73, 268
73, 141
73, 269
73, 397
73, 142
73, 398
73, 270
73, 143
73, 271
73, 399
73, 144
73, 400
73, 272
73, 145
73, 273
73, 401
73, 146
73, 402
73, 274
73, 147
73, 275
73, 403
73, 148
73, 404
73, 276
73, 149
73, 277
73, 405
73, 150
73, 406
73, 278
73, 151
73, 279
73, 407
73, 152
73, 408
73, 280
73, 153
73, 281
73, 409
73, 154
73, 410
73, 282
73, 155
73, 283
73, 411
73, 156
73, 412
73, 284
73, 157
73, 285
73, 413
73, 158
73, 414
73, 286
73, 159
73, 287
73, 415
73, 160
73, 416
73, 288
73, 161
73, 289
73, 417
73, 162
73, 418
73, 290
73, 163
73, 291
73, 419
73, 164
73, 420
73, 292
73, 165
73, 293
73, 421
73, 166
73, 422
73, 294
73, 167
73, 295
73, 423
73, 168
73, 424
73, 296
73, 169
73, 297
73, 425
73, 170
73, 426
73, 298
73, 171
73, 299
73, 427
73, 172
73, 428
73, 300
73, 173
73, 301
73, 429
73, 174
73, 430
73, 302
73, 175
73, 303
73, 431
73, 176
73, 432
73, 304
73, 177
73, 305
73, 433
73, 178
73, 434
73, 306
73, 179
73, 307
73, 435
73, 180
73, 436
73, 308
73, 181
73, 309
73, 437
73, 182
73, 438
73, 310
73, 183
73, 311
73, 439
73, 184
73, 440
73, 312
73, 185
73, 313
73, 441
73, 186
73, 442
73, 314
73, 187
73, 315
73, 443
73, 188
73, 444
73, 316
73, 189
73, 317
73, 445
73, 190
73, 446
73, 318
73, 191
73, 319
73, 447
73, 192
73, 448
73, 320
73, 321
73, 449
73, 193
73, 194
73, 322
73, 450
73, 323
73, 195
73, 196
73, 324
73, 325
73, 197
73, 198
73, 326
73, 327
73, 199
73, 200
73, 328
73, 329
73, 201
73, 202
73, 330
73, 74
73, 75
73, 331
73, 203
73, 204
73, 332
73, 76
73, 77
73, 333
73, 205
73, 206
73, 334
73, 78
73, 79
73, 335
73, 207
73, 208
73, 336
73, 80
73, 81
73, 337
73, 209
73, 210
73, 338
73, 82
73, 83
73, 339
73, 211
73, 212
73, 340
73, 84
73, 85
73, 341
73, 213
73, 214
73, 342
73, 86
73, 87
73, 343
73, 215
73, 216
73, 344
73, 88
73, 89
73, 345
73, 217
73, 218
73, 346
73, 90
73, 91
73, 347
73, 219
73, 220
73, 348
73, 92
73, 93
73, 349
73, 221
73, 222
73, 350
73, 94
73, 95
73, 351
73, 223
73, 224
73, 352
73, 96
73, 97
73, 353
73, 225
73, 226
73, 354
73, 98
73, 99
73, 355
73, 227
73, 228
73, 356
73, 100
73, 101
73, 357
73, 229
73, 230
73, 358
73, 102
73, 103
73, 359
73, 231
73, 232
73, 360
73, 104
73, 105
73, 361
73, 233
73, 234
73, 362
73, 106
73, 107
73, 363
73, 235
73, 236
73, 364
73, 108
73, 109
73, 365
73, 237
73, 238
73, 366
73, 110
73, 111
73, 367
73, 239
73, 240
73, 368
73, 112
73, 113
73, 369
73, 241
73, 242
73, 370
73, 114
73, 115
73, 371
73, 243
73, 244
73, 372
73, 116
73, 117
73, 373
73, 245
73, 246
73, 374
73, 118
73, 119
73, 375
73, 247
73, 248
73, 376
73, 120
73, 121
73, 377
73, 249
73, 250
73, 378
73, 122
73, 123
73, 379
73, 251
73, 252
73, 380
73, 124
73, 125
73, 381
73, 253
73, 254
73, 382
73, 126
73, 127
73, 383
73, 255
201, 256
201, 320
201, 384
201, 448
201, 257
201, 321
201, 385
201, 449
201, 258
201, 386
201, 450
201, 322
201, 259
201, 323
201, 387
201, 324
201, 388
201, 260
201, 261
201, 325
201, 389
201, 390
201, 326
201, 262
201, 263
201, 327
201, 391
201, 392
201, 328
201, 264
201, 265
201, 329
201, 393
201, 394
201, 330
201, 266
201, 202
201, 203
201, 267
201, 331
201, 395
201, 396
201, 332
201, 268
201, 204
201, 205
201, 269
201, 333
201, 397
201, 398
201, 334
201, 270
201, 206
201, 207
201, 271
201, 335
201, 399
201, 400
201, 336
201, 272
201, 208
201, 209
201, 273
201, 337
201, 401
201, 402
201, 338
201, 274
201, 210
201, 211
201, 275
201, 339
201, 403
201, 404
201, 340
201, 276
201, 212
201, 213
201, 277
201, 341
201, 405
201, 406
201, 342
201, 278
201, 214
201, 215
201, 279
201, 343
201, 407
201, 408
201, 344
201, 280
201, 216
201, 217
201, 281
201, 345
201, 409
201, 410
201, 346
201, 282
201, 218
201, 219
201, 283
201, 347
201, 411
201, 412
201, 348
201, 284
201, 220
201, 221
201, 285
201, 349
201, 413
201, 414
201, 350
201, 286
201, 222
201, 223
201, 287
201, 351
201, 415
201, 416
201, 352
201, 288
201, 224
201, 225
201, 289
201, 353
201, 417
201, 418
201, 354
201, 290
201, 226
201, 227
201, 291
201, 355
201, 419
201, 420
201, 356
201, 292
201, 228
201, 229
201, 293
201, 357
201, 421
201, 422
201, 358
201, 294
201, 230
201, 231
201, 295
201, 359
201, 423
201, 424
201, 360
201, 296
201, 232
201, 233
201, 297
201, 361
201, 425
201, 426
201, 362
201, 298
201, 234
201, 235
201, 299
201, 363
201, 427
201, 428
201, 364
201, 300
201, 236
201, 237
201, 301
201, 365
201, 429
201, 430
201, 366
201, 302
201, 238
201, 239
201, 303
201, 367
201, 431
201, 432
201, 368
201, 304
201, 240
201, 241
201, 305
201, 369
201, 433
201, 434
201, 370
201, 306
201, 242
201, 243
201, 307
201, 371
201, 435
201, 436
201, 372
201, 308
201, 244
201, 245
201, 309
201, 373
201, 437
201, 438
201, 374
201, 310
201, 246
201, 247
201, 311
201, 375
201, 439
201, 440
201, 376
201, 312
201, 248
201, 249
201, 313
201, 377
201, 441
201, 442
201, 378
201, 314
201, 250
201, 251
201, 315
201, 379
201, 443
201, 444
201, 380
201, 316
201, 252
201, 253
201, 317
201, 381
201, 445
201, 446
201, 382
201, 318
201, 254
201, 255
201, 319
201, 383
201, 447
330, 384
330, 448
330, 385
330, 449
330, 386
330, 450
330, 387
330, 388
330, 389
330, 390
330, 391
330, 392
330, 393
330, 394
330, 395
330, 331
330, 332
330, 396
330, 397
330, 333
330, 334
330, 398
330, 399
330, 335
330, 336
330, 400
330, 401
330, 337
330, 338
330, 402
330, 403
330, 339
330, 340
330, 404
330, 405
330, 341
330, 342
330, 406
330, 407
330, 343
330, 344
330, 408
330, 409
330, 345
330, 346
330, 410
330, 411
330, 347
330, 348
330, 412
330, 413
330, 349
330, 350
330, 414
330, 415
330, 351
330, 352
330, 416
330, 417
330, 353
330, 354
330, 418
330, 419
330, 355
330, 356
330, 420
330, 421
330, 357
330, 358
330, 422
330, 423
330, 359
330, 360
330, 424
330, 425
330, 361
330, 362
330, 426
330, 427
330, 363
330, 364
330, 428
330, 429
330, 365
330, 366
330, 430
330, 431
330, 367
330, 368
330, 432
330, 433
330, 369
330, 370
330, 434
330, 435
330, 371
330, 372
330, 436
330, 437
330, 373
330, 374
330, 438
330, 439
330, 375
330, 376
330, 440
330, 441
330, 377
330, 378
330, 442
330, 443
330, 379
330, 380
330, 444
330, 445
330, 381
330, 382
330, 446
330, 447
330, 383
74, 128
74, 384
74, 256
74, 257
74, 385
74, 129
74, 258
74, 386
74, 130
74, 387
74, 259
74, 131
74, 132
74, 388
74, 260
74, 133
74, 261
74, 389
74, 134
74, 390
74, 262
74, 135
74, 263
74, 391
74, 136
74, 392
74, 264
74, 137
74, 265
74, 393
74, 138
74, 394
74, 266
74, 139
74, 267
74, 395
74, 140
74, 396
74, 268
74, 141
74, 269
74, 397
74, 142
74, 398
74, 270
74, 143
74, 271
74, 399
74, 144
74, 400
74, 272
74, 145
74, 273
74, 401
74, 146
74, 402
74, 274
74, 147
74, 275
74, 403
74, 148
74, 404
74, 276
74, 149
74, 277
74, 405
74, 150
74, 406
74, 278
74, 151
74, 279
74, 407
74, 152
74, 408
74, 280
74, 153
74, 281
74, 409
74, 154
74, 410
74, 282
74, 155
74, 283
74, 411
74, 156
74, 412
74, 284
74, 157
74, 285
74, 413
74, 158
74, 414
74, 286
74, 159
74, 287
74, 415
74, 160
74, 416
74, 288
74, 161
74, 289
74, 417
74, 162
74, 418
74, 290
74, 163
74, 291
74, 419
74, 164
74, 420
74, 292
74, 165
74, 293
74, 421
74, 166
74, 422
74, 294
74, 167
74, 295
74, 423
74, 168
74, 424
74, 296
74, 169
74, 297
74, 425
74, 170
74, 426
74, 298
74, 171
74, 299
74, 427
74, 172
74, 428
74, 300
74, 173
74, 301
74, 429
74, 174
74, 430
74, 302
74, 175
74, 303
74, 431
74, 176
74, 432
74, 304
74, 177
74, 305
74, 433
74, 178
74, 434
74, 306
74, 179
74, 307
74, 435
74, 180
74, 436
74, 308
74, 181
74, 309
74, 437
74, 182
74, 438
74, 310
74, 183
74, 311
74, 439
74, 184
74, 440
74, 312
74, 185
74, 313
74, 441
74, 186
74, 442
74, 314
74, 187
74, 315
74, 443
74, 188
74, 444
74, 316
74, 189
74, 317
74, 445
74, 190
74, 446
74, 318
74, 191
74, 319
74, 447
74, 448
74, 320
74, 192
74, 193
74, 449
74, 321
74, 450
74, 322
74, 194
74, 195
74, 323
74, 324
74, 196
74, 197
74, 325
74, 326
74, 198
74, 199
74, 327
74, 328
74, 200
74, 201
74, 329
74, 330
74, 202
74, 203
74, 331
74, 75
74, 76
74, 332
74, 204
74, 205
74, 333
74, 77
74, 78
74, 334
74, 206
74, 207
74, 335
74, 79
74, 80
74, 336
74, 208
74, 209
74, 337
74, 81
74, 82
74, 338
74, 210
74, 211
74, 339
74, 83
74, 84
74, 340
74, 212
74, 213
74, 341
74, 85
74, 86
74, 342
74, 214
74, 215
74, 343
74, 87
74, 88
74, 344
74, 216
74, 217
74, 345
74, 89
74, 90
74, 346
74, 218
74, 219
74, 347
74, 91
74, 92
74, 348
74, 220
74, 221
74, 349
74, 93
74, 94
74, 350
74, 222
74, 223
74, 351
74, 95
74, 96
74, 352
74, 224
74, 225
74, 353
74, 97
74, 98
74, 354
74, 226
74, 227
74, 355
74, 99
74, 100
74, 356
74, 228
74, 229
74, 357
74, 101
74, 102
74, 358
74, 230
74, 231
74, 359
74, 103
74, 104
74, 360
74, 232
74, 233
74, 361
74, 105
74, 106
74, 362
74, 234
74, 235
74, 363
74, 107
74, 108
74, 364
74, 236
74, 237
74, 365
74, 109
74, 110
74, 366
74, 238
74, 239
74, 367
74, 111
74, 112
74, 368
74, 240
74, 241
74, 369
74, 113
74, 114
74, 370
74, 242
74, 243
74, 371
74, 115
74, 116
74, 372
74, 244
74, 245
74, 373
74, 117
74, 118
74, 374
74, 246
74, 247
74, 375
74, 119
74, 120
74, 376
74, 248
74, 249
74, 377
74, 121
74, 122
74, 378
74, 250
74, 251
74, 379
74, 123
74, 124
74, 380
74, 252
74, 253
74, 381
74, 125
74, 126
74, 382
74, 254
74, 255
74, 383
74, 127
202, 256
202, 320
202, 384
202, 448
202, 257
202, 321
202, 385
202, 449
202, 322
202, 450
202, 386
202, 258
202, 387
202, 323
202, 259
202, 260
202, 388
202, 324
202, 389
202, 325
202, 261
202, 262
202, 326
202, 390
202, 391
202, 327
202, 263
202, 264
202, 328
202, 392
202, 393
202, 329
202, 265
202, 266
202, 330
202, 394
202, 395
202, 331
202, 267
202, 203
202, 204
202, 268
202, 332
202, 396
202, 397
202, 333
202, 269
202, 205
202, 206
202, 270
202, 334
202, 398
202, 399
202, 335
202, 271
202, 207
202, 208
202, 272
202, 336
202, 400
202, 401
202, 337
202, 273
202, 209
202, 210
202, 274
202, 338
202, 402
202, 403
202, 339
202, 275
202, 211
202, 212
202, 276
202, 340
202, 404
202, 405
202, 341
202, 277
202, 213
202, 214
202, 278
202, 342
202, 406
202, 407
202, 343
202, 279
202, 215
202, 216
202, 280
202, 344
202, 408
202, 409
202, 345
202, 281
202, 217
202, 218
202, 282
202, 346
202, 410
202, 411
202, 347
202, 283
202, 219
202, 220
202, 284
202, 348
202, 412
202, 413
202, 349
202, 285
202, 221
202, 222
202, 286
202, 350
202, 414
202, 415
202, 351
202, 287
202, 223
202, 224
202, 288
202, 352
202, 416
202, 417
202, 353
202, 289
202, 225
202, 226
202, 290
202, 354
202, 418
202, 419
202, 355
202, 291
202, 227
202, 228
202, 292
202, 356
202, 420
202, 421
202, 357
202, 293
202, 229
202, 230
202, 294
202, 358
202, 422
202, 423
202, 359
202, 295
202, 231
202, 232
202, 296
202, 360
202, 424
202, 425
202, 361
202, 297
202, 233
202, 234
202, 298
202, 362
202, 426
202, 427
202, 363
202, 299
202, 235
202, 236
202, 300
202, 364
202, 428
202, 429
202, 365
202, 301
202, 237
202, 238
202, 302
202, 366
202, 430
202, 431
202, 367
202, 303
202, 239
202, 240
202, 304
202, 368
202, 432
202, 433
202, 369
202, 305
202, 241
202, 242
202, 306
202, 370
202, 434
202, 435
202, 371
202, 307
202, 243
202, 244
202, 308
202, 372
202, 436
202, 437
202, 373
202, 309
202, 245
202, 246
202, 310
202, 374
202, 438
202, 439
202, 375
202, 311
202, 247
202, 248
202, 312
202, 376
202, 440
202, 441
202, 377
202, 313
202, 249
202, 250
202, 314
202, 378
202, 442
202, 443
202, 379
202, 315
202, 251
202, 252
202, 316
202, 380
202, 444
202, 445
202, 381
202, 317
202, 253
202, 254
202, 318
202, 382
202, 446
202, 447
202, 383
202, 319
202, 255
331, 384
331, 448
331, 385
331, 449
331, 386
331, 450
331, 387
331, 388
331, 389
331, 390
331, 391
331, 392
331, 393
331, 394
331, 395
331, 396
331, 332
331, 333
331, 397
331, 398
331, 334
331, 335
331, 399
331, 400
331, 336
331, 337
331, 401
331, 402
331, 338
331, 339
331, 403
331, 404
331, 340
331, 341
331, 405
331, 406
331, 342
331, 343
331, 407
331, 408
331, 344
331, 345
331, 409
331, 410
331, 346
331, 347
331, 411
331, 412
331, 348
331, 349
331, 413
331, 414
331, 350
331, 351
331, 415
331, 416
331, 352
331, 353
331, 417
331, 418
331, 354
331, 355
331, 419
331, 420
331, 356
331, 357
331, 421
331, 422
331, 358
331, 359
331, 423
331, 424
331, 360
331, 361
331, 425
331, 426
331, 362
331, 363
331, 427
331, 428
331, 364
331, 365
331, 429
331, 430
331, 366
331, 367
331, 431
331, 432
331, 368
331, 369
331, 433
331, 434
331, 370
331, 371
331, 435
331, 436
331, 372
331, 373
331, 437
331, 438
331, 374
331, 375
331, 439
331, 440
331, 376
331, 377
331, 441
331, 442
331, 378
331, 379
331, 443
331, 444
331, 380
331, 381
331, 445
331, 446
331, 382
331, 383
331, 447
75, 256
75, 384
75, 128
75, 129
75, 385
75, 257
75, 386
75, 258
75, 130
75, 387
75, 259
75, 131
75, 132
75, 388
75, 260
75, 133
75, 261
75, 389
75, 134
75, 390
75, 262
75, 135
75, 263
75, 391
75, 136
75, 392
75, 264
75, 137
75, 265
75, 393
75, 138
75, 394
75, 266
75, 139
75, 267
75, 395
75, 140
75, 396
75, 268
75, 141
75, 269
75, 397
75, 142
75, 398
75, 270
75, 143
75, 271
75, 399
75, 144
75, 400
75, 272
75, 145
75, 273
75, 401
75, 146
75, 402
75, 274
75, 147
75, 275
75, 403
75, 148
75, 404
75, 276
75, 149
75, 277
75, 405
75, 150
75, 406
75, 278
75, 151
75, 279
75, 407
75, 152
75, 408
75, 280
75, 153
75, 281
75, 409
75, 154
75, 410
75, 282
75, 155
75, 283
75, 411
75, 156
75, 412
75, 284
75, 157
75, 285
75, 413
75, 158
75, 414
75, 286
75, 159
75, 287
75, 415
75, 160
75, 416
75, 288
75, 161
75, 289
75, 417
75, 162
75, 418
75, 290
75, 163
75, 291
75, 419
75, 164
75, 420
75, 292
75, 165
75, 293
75, 421
75, 166
75, 422
75, 294
75, 167
75, 295
75, 423
75, 168
75, 424
75, 296
75, 169
75, 297
75, 425
75, 170
75, 426
75, 298
75, 171
75, 299
75, 427
75, 172
75, 428
75, 300
75, 173
75, 301
75, 429
75, 174
75, 430
75, 302
75, 175
75, 303
75, 431
75, 176
75, 432
75, 304
75, 177
75, 305
75, 433
75, 178
75, 434
75, 306
75, 179
75, 307
75, 435
75, 180
75, 436
75, 308
75, 181
75, 309
75, 437
75, 182
75, 438
75, 310
75, 183
75, 311
75, 439
75, 184
75, 440
75, 312
75, 185
75, 313
75, 441
75, 186
75, 442
75, 314
75, 187
75, 315
75, 443
75, 188
75, 444
75, 316
75, 189
75, 317
75, 445
75, 190
75, 446
75, 318
75, 191
75, 319
75, 447
75, 320
75, 192
75, 448
75, 321
75, 449
75, 193
75, 194
75, 322
75, 450
75, 323
75, 195
75, 196
75, 324
75, 325
75, 197
75, 198
75, 326
75, 327
75, 199
75, 200
75, 328
75, 329
75, 201
75, 202
75, 330
75, 331
75, 203
75, 204
75, 332
75, 76
75, 77
75, 333
75, 205
75, 206
75, 334
75, 78
75, 79
75, 335
75, 207
75, 208
75, 336
75, 80
75, 81
75, 337
75, 209
75, 210
75, 338
75, 82
75, 83
75, 339
75, 211
75, 212
75, 340
75, 84
75, 85
75, 341
75, 213
75, 214
75, 342
75, 86
75, 87
75, 343
75, 215
75, 216
75, 344
75, 88
75, 89
75, 345
75, 217
75, 218
75, 346
75, 90
75, 91
75, 347
75, 219
75, 220
75, 348
75, 92
75, 93
75, 349
75, 221
75, 222
75, 350
75, 94
75, 95
75, 351
75, 223
75, 224
75, 352
75, 96
75, 97
75, 353
75, 225
75, 226
75, 354
75, 98
75, 99
75, 355
75, 227
75, 228
75, 356
75, 100
75, 101
75, 357
75, 229
75, 230
75, 358
75, 102
75, 103
75, 359
75, 231
75, 232
75, 360
75, 104
75, 105
75, 361
75, 233
75, 234
75, 362
75, 106
75, 107
75, 363
75, 235
75, 236
75, 364
75, 108
75, 109
75, 365
75, 237
75, 238
75, 366
75, 110
75, 111
75, 367
75, 239
75, 240
75, 368
75, 112
75, 113
75, 369
75, 241
75, 242
75, 370
75, 114
75, 115
75, 371
75, 243
75, 244
75, 372
75, 116
75, 117
75, 373
75, 245
75, 246
75, 374
75, 118
75, 119
75, 375
75, 247
75, 248
75, 376
75, 120
75, 121
75, 377
75, 249
75, 250
75, 378
75, 122
75, 123
75, 379
75, 251
75, 252
75, 380
75, 124
75, 125
75, 381
75, 253
75, 254
75, 382
75, 126
75, 127
75, 383
75, 255
203, 256
203, 320
203, 384
203, 448
203, 257
203, 321
203, 385
203, 449
203, 258
203, 386
203, 450
203, 322
203, 259
203, 323
203, 387
203, 324
203, 388
203, 260
203, 261
203, 325
203, 389
203, 390
203, 326
203, 262
203, 263
203, 327
203, 391
203, 392
203, 328
203, 264
203, 265
203, 329
203, 393
203, 394
203, 330
203, 266
203, 267
203, 331
203, 395
203, 396
203, 332
203, 268
203, 204
203, 205
203, 269
203, 333
203, 397
203, 398
203, 334
203, 270
203, 206
203, 207
203, 271
203, 335
203, 399
203, 400
203, 336
203, 272
203, 208
203, 209
203, 273
203, 337
203, 401
203, 402
203, 338
203, 274
203, 210
203, 211
203, 275
203, 339
203, 403
203, 404
203, 340
203, 276
203, 212
203, 213
203, 277
203, 341
203, 405
203, 406
203, 342
203, 278
203, 214
203, 215
203, 279
203, 343
203, 407
203, 408
203, 344
203, 280
203, 216
203, 217
203, 281
203, 345
203, 409
203, 410
203, 346
203, 282
203, 218
203, 219
203, 283
203, 347
203, 411
203, 412
203, 348
203, 284
203, 220
203, 221
203, 285
203, 349
203, 413
203, 414
203, 350
203, 286
203, 222
203, 223
203, 287
203, 351
203, 415
203, 416
203, 352
203, 288
203, 224
203, 225
203, 289
203, 353
203, 417
203, 418
203, 354
203, 290
203, 226
203, 227
203, 291
203, 355
203, 419
203, 420
203, 356
203, 292
203, 228
203, 229
203, 293
203, 357
203, 421
203, 422
203, 358
203, 294
203, 230
203, 231
203, 295
203, 359
203, 423
203, 424
203, 360
203, 296
203, 232
203, 233
203, 297
203, 361
203, 425
203, 426
203, 362
203, 298
203, 234
203, 235
203, 299
203, 363
203, 427
203, 428
203, 364
203, 300
203, 236
203, 237
203, 301
203, 365
203, 429
203, 430
203, 366
203, 302
203, 238
203, 239
203, 303
203, 367
203, 431
203, 432
203, 368
203, 304
203, 240
203, 241
203, 305
203, 369
203, 433
203, 434
203, 370
203, 306
203, 242
203, 243
203, 307
203, 371
203, 435
203, 436
203, 372
203, 308
203, 244
203, 245
203, 309
203, 373
203, 437
203, 438
203, 374
203, 310
203, 246
203, 247
203, 311
203, 375
203, 439
203, 440
203, 376
203, 312
203, 248
203, 249
203, 313
203, 377
203, 441
203, 442
203, 378
203, 314
203, 250
203, 251
203, 315
203, 379
203, 443
203, 444
203, 380
203, 316
203, 252
203, 253
203, 317
203, 381
203, 445
203, 446
203, 382
203, 318
203, 254
203, 255
203, 319
203, 383
203, 447
332, 384
332, 448
332, 385
332, 449
332, 386
332, 450
332, 387
332, 388
332, 389
332, 390
332, 391
332, 392
332, 393
332, 394
332, 395
332, 396
332, 397
332, 333
332, 334
332, 398
332, 399
332, 335
332, 336
332, 400
332, 401
332, 337
332, 338
332, 402
332, 403
332, 339
332, 340
332, 404
332, 405
332, 341
332, 342
332, 406
332, 407
332, 343
332, 344
332, 408
332, 409
332, 345
332, 346
332, 410
332, 411
332, 347
332, 348
332, 412
332, 413
332, 349
332, 350
332, 414
332, 415
332, 351
332, 352
332, 416
332, 417
332, 353
332, 354
332, 418
332, 419
332, 355
332, 356
332, 420
332, 421
332, 357
332, 358
332, 422
332, 423
332, 359
332, 360
332, 424
332, 425
332, 361
332, 362
332, 426
332, 427
332, 363
332, 364
332, 428
332, 429
332, 365
332, 366
332, 430
332, 431
332, 367
332, 368
332, 432
332, 433
332, 369
332, 370
332, 434
332, 435
332, 371
332, 372
332, 436
332, 437
332, 373
332, 374
332, 438
332, 439
332, 375
332, 376
332, 440
332, 441
332, 377
332, 378
332, 442
332, 443
332, 379
332, 380
332, 444
332, 445
332, 381
332, 382
332, 446
332, 447
332, 383
76, 128
76, 384
76, 256
76, 257
76, 385
76, 129
76, 258
76, 386
76, 130
76, 387
76, 259
76, 131
76, 132
76, 388
76, 260
76, 133
76, 261
76, 389
76, 134
76, 390
76, 262
76, 135
76, 263
76, 391
76, 136
76, 392
76, 264
76, 137
76, 265
76, 393
76, 138
76, 394
76, 266
76, 139
76, 267
76, 395
76, 140
76, 396
76, 268
76, 141
76, 269
76, 397
76, 142
76, 398
76, 270
76, 143
76, 271
76, 399
76, 144
76, 400
76, 272
76, 145
76, 273
76, 401
76, 146
76, 402
76, 274
76, 147
76, 275
76, 403
76, 148
76, 404
76, 276
76, 149
76, 277
76, 405
76, 150
76, 406
76, 278
76, 151
76, 279
76, 407
76, 152
76, 408
76, 280
76, 153
76, 281
76, 409
76, 154
76, 410
76, 282
76, 155
76, 283
76, 411
76, 156
76, 412
76, 284
76, 157
76, 285
76, 413
76, 158
76, 414
76, 286
76, 159
76, 287
76, 415
76, 160
76, 416
76, 288
76, 161
76, 289
76, 417
76, 162
76, 418
76, 290
76, 163
76, 291
76, 419
76, 164
76, 420
76, 292
76, 165
76, 293
76, 421
76, 166
76, 422
76, 294
76, 167
76, 295
76, 423
76, 168
76, 424
76, 296
76, 169
76, 297
76, 425
76, 170
76, 426
76, 298
76, 171
76, 299
76, 427
76, 172
76, 428
76, 300
76, 173
76, 301
76, 429
76, 174
76, 430
76, 302
76, 175
76, 303
76, 431
76, 176
76, 432
76, 304
76, 177
76, 305
76, 433
76, 178
76, 434
76, 306
76, 179
76, 307
76, 435
76, 180
76, 436
76, 308
76, 181
76, 309
76, 437
76, 182
76, 438
76, 310
76, 183
76, 311
76, 439
76, 184
76, 440
76, 312
76, 185
76, 313
76, 441
76, 186
76, 442
76, 314
76, 187
76, 315
76, 443
76, 188
76, 444
76, 316
76, 189
76, 317
76, 445
76, 190
76, 446
76, 318
76, 191
76, 319
76, 447
76, 192
76, 448
76, 320
76, 193
76, 449
76, 321
76, 450
76, 322
76, 194
76, 195
76, 323
76, 324
76, 196
76, 197
76, 325
76, 326
76, 198
76, 199
76, 327
76, 328
76, 200
76, 201
76, 329
76, 330
76, 202
76, 203
76, 331
76, 332
76, 204
76, 205
76, 333
76, 77
76, 78
76, 334
76, 206
76, 207
76, 335
76, 79
76, 80
76, 336
76, 208
76, 209
76, 337
76, 81
76, 82
76, 338
76, 210
76, 211
76, 339
76, 83
76, 84
76, 340
76, 212
76, 213
76, 341
76, 85
76, 86
76, 342
76, 214
76, 215
76, 343
76, 87
76, 88
76, 344
76, 216
76, 217
76, 345
76, 89
76, 90
76, 346
76, 218
76, 219
76, 347
76, 91
76, 92
76, 348
76, 220
76, 221
76, 349
76, 93
76, 94
76, 350
76, 222
76, 223
76, 351
76, 95
76, 96
76, 352
76, 224
76, 225
76, 353
76, 97
76, 98
76, 354
76, 226
76, 227
76, 355
76, 99
76, 100
76, 356
76, 228
76, 229
76, 357
76, 101
76, 102
76, 358
76, 230
76, 231
76, 359
76, 103
76, 104
76, 360
76, 232
76, 233
76, 361
76, 105
76, 106
76, 362
76, 234
76, 235
76, 363
76, 107
76, 108
76, 364
76, 236
76, 237
76, 365
76, 109
76, 110
76, 366
76, 238
76, 239
76, 367
76, 111
76, 112
76, 368
76, 240
76, 241
76, 369
76, 113
76, 114
76, 370
76, 242
76, 243
76, 371
76, 115
76, 116
76, 372
76, 244
76, 245
76, 373
76, 117
76, 118
76, 374
76, 246
76, 247
76, 375
76, 119
76, 120
76, 376
76, 248
76, 249
76, 377
76, 121
76, 122
76, 378
76, 250
76, 251
76, 379
76, 123
76, 124
76, 380
76, 252
76, 253
76, 381
76, 125
76, 126
76, 382
76, 254
76, 255
76, 383
76, 127
204, 256
204, 320
204, 384
204, 448
204, 257
204, 321
204, 385
204, 449
204, 322
204, 450
204, 386
204, 258
204, 387
204, 323
204, 259
204, 260
204, 388
204, 324
204, 389
204, 325
204, 261
204, 262
204, 326
204, 390
204, 391
204, 327
204, 263
204, 264
204, 328
204, 392
204, 393
204, 329
204, 265
204, 266
204, 330
204, 394
204, 395
204, 331
204, 267
204, 268
204, 332
204, 396
204, 397
204, 333
204, 269
204, 205
204, 206
204, 270
204, 334
204, 398
204, 399
204, 335
204, 271
204, 207
204, 208
204, 272
204, 336
204, 400
204, 401
204, 337
204, 273
204, 209
204, 210
204, 274
204, 338
204, 402
204, 403
204, 339
204, 275
204, 211
204, 212
204, 276
204, 340
204, 404
204, 405
204, 341
204, 277
204, 213
204, 214
204, 278
204, 342
204, 406
204, 407
204, 343
204, 279
204, 215
204, 216
204, 280
204, 344
204, 408
204, 409
204, 345
204, 281
204, 217
204, 218
204, 282
204, 346
204, 410
204, 411
204, 347
204, 283
204, 219
204, 220
204, 284
204, 348
204, 412
204, 413
204, 349
204, 285
204, 221
204, 222
204, 286
204, 350
204, 414
204, 415
204, 351
204, 287
204, 223
204, 224
204, 288
204, 352
204, 416
204, 417
204, 353
204, 289
204, 225
204, 226
204, 290
204, 354
204, 418
204, 419
204, 355
204, 291
204, 227
204, 228
204, 292
204, 356
204, 420
204, 421
204, 357
204, 293
204, 229
204, 230
204, 294
204, 358
204, 422
204, 423
204, 359
204, 295
204, 231
204, 232
204, 296
204, 360
204, 424
204, 425
204, 361
204, 297
204, 233
204, 234
204, 298
204, 362
204, 426
204, 427
204, 363
204, 299
204, 235
204, 236
204, 300
204, 364
204, 428
204, 429
204, 365
204, 301
204, 237
204, 238
204, 302
204, 366
204, 430
204, 431
204, 367
204, 303
204, 239
204, 240
204, 304
204, 368
204, 432
204, 433
204, 369
204, 305
204, 241
204, 242
204, 306
204, 370
204, 434
204, 435
204, 371
204, 307
204, 243
204, 244
204, 308
204, 372
204, 436
204, 437
204, 373
204, 309
204, 245
204, 246
204, 310
204, 374
204, 438
204, 439
204, 375
204, 311
204, 247
204, 248
204, 312
204, 376
204, 440
204, 441
204, 377
204, 313
204, 249
204, 250
204, 314
204, 378
204, 442
204, 443
204, 379
204, 315
204, 251
204, 252
204, 316
204, 380
204, 444
204, 445
204, 381
204, 317
204, 253
204, 254
204, 318
204, 382
204, 446
204, 447
204, 383
204, 319
204, 255
333, 384
333, 448
333, 385
333, 449
333, 386
333, 450
333, 387
333, 388
333, 389
333, 390
333, 391
333, 392
333, 393
333, 394
333, 395
333, 396
333, 397
333, 398
333, 334
333, 335
333, 399
333, 400
333, 336
333, 337
333, 401
333, 402
333, 338
333, 339
333, 403
333, 404
333, 340
333, 341
333, 405
333, 406
333, 342
333, 343
333, 407
333, 408
333, 344
333, 345
333, 409
333, 410
333, 346
333, 347
333, 411
333, 412
333, 348
333, 349
333, 413
333, 414
333, 350
333, 351
333, 415
333, 416
333, 352
333, 353
333, 417
333, 418
333, 354
333, 355
333, 419
333, 420
333, 356
333, 357
333, 421
333, 422
333, 358
333, 359
333, 423
333, 424
333, 360
333, 361
333, 425
333, 426
333, 362
333, 363
333, 427
333, 428
333, 364
333, 365
333, 429
333, 430
333, 366
333, 367
333, 431
333, 432
333, 368
333, 369
333, 433
333, 434
333, 370
333, 371
333, 435
333, 436
333, 372
333, 373
333, 437
333, 438
333, 374
333, 375
333, 439
333, 440
333, 376
333, 377
333, 441
333, 442
333, 378
333, 379
333, 443
333, 444
333, 380
333, 381
333, 445
333, 446
333, 382
333, 383
333, 447
77, 256
77, 384
77, 128
77, 129
77, 385
77, 257
77, 386
77, 258
77, 130
77, 387
77, 259
77, 131
77, 132
77, 388
77, 260
77, 133
77, 261
77, 389
77, 134
77, 390
77, 262
77, 135
77, 263
77, 391
77, 136
77, 392
77, 264
77, 137
77, 265
77, 393
77, 138
77, 394
77, 266
77, 139
77, 267
77, 395
77, 140
77, 396
77, 268
77, 141
77, 269
77, 397
77, 142
77, 398
77, 270
77, 143
77, 271
77, 399
77, 144
77, 400
77, 272
77, 145
77, 273
77, 401
77, 146
77, 402
77, 274
77, 147
77, 275
77, 403
77, 148
77, 404
77, 276
77, 149
77, 277
77, 405
77, 150
77, 406
77, 278
77, 151
77, 279
77, 407
77, 152
77, 408
77, 280
77, 153
77, 281
77, 409
77, 154
77, 410
77, 282
77, 155
77, 283
77, 411
77, 156
77, 412
77, 284
77, 157
77, 285
77, 413
77, 158
77, 414
77, 286
77, 159
77, 287
77, 415
77, 160
77, 416
77, 288
77, 161
77, 289
77, 417
77, 162
77, 418
77, 290
77, 163
77, 291
77, 419
77, 164
77, 420
77, 292
77, 165
77, 293
77, 421
77, 166
77, 422
77, 294
77, 167
77, 295
77, 423
77, 168
77, 424
77, 296
77, 169
77, 297
77, 425
77, 170
77, 426
77, 298
77, 171
77, 299
77, 427
77, 172
77, 428
77, 300
77, 173
77, 301
77, 429
77, 174
77, 430
77, 302
77, 175
77, 303
77, 431
77, 176
77, 432
77, 304
77, 177
77, 305
77, 433
77, 178
77, 434
77, 306
77, 179
77, 307
77, 435
77, 180
77, 436
77, 308
77, 181
77, 309
77, 437
77, 182
77, 438
77, 310
77, 183
77, 311
77, 439
77, 184
77, 440
77, 312
77, 185
77, 313
77, 441
77, 186
77, 442
77, 314
77, 187
77, 315
77, 443
77, 188
77, 444
77, 316
77, 189
77, 317
77, 445
77, 190
77, 446
77, 318
77, 191
77, 319
77, 447
77, 448
77, 320
77, 192
77, 321
77, 449
77, 193
77, 194
77, 322
77, 450
77, 323
77, 195
77, 196
77, 324
77, 325
77, 197
77, 198
77, 326
77, 327
77, 199
77, 200
77, 328
77, 329
77, 201
77, 202
77, 330
77, 331
77, 203
77, 204
77, 332
77, 333
77, 205
77, 206
77, 334
77, 78
77, 79
77, 335
77, 207
77, 208
77, 336
77, 80
77, 81
77, 337
77, 209
77, 210
77, 338
77, 82
77, 83
77, 339
77, 211
77, 212
77, 340
77, 84
77, 85
77, 341
77, 213
77, 214
77, 342
77, 86
77, 87
77, 343
77, 215
77, 216
77, 344
77, 88
77, 89
77, 345
77, 217
77, 218
77, 346
77, 90
77, 91
77, 347
77, 219
77, 220
77, 348
77, 92
77, 93
77, 349
77, 221
77, 222
77, 350
77, 94
77, 95
77, 351
77, 223
77, 224
77, 352
77, 96
77, 97
77, 353
77, 225
77, 226
77, 354
77, 98
77, 99
77, 355
77, 227
77, 228
77, 356
77, 100
77, 101
77, 357
77, 229
77, 230
77, 358
77, 102
77, 103
77, 359
77, 231
77, 232
77, 360
77, 104
77, 105
77, 361
77, 233
77, 234
77, 362
77, 106
77, 107
77, 363
77, 235
77, 236
77, 364
77, 108
77, 109
77, 365
77, 237
77, 238
77, 366
77, 110
77, 111
77, 367
77, 239
77, 240
77, 368
77, 112
77, 113
77, 369
77, 241
77, 242
77, 370
77, 114
77, 115
77, 371
77, 243
77, 244
77, 372
77, 116
77, 117
77, 373
77, 245
77, 246
77, 374
77, 118
77, 119
77, 375
77, 247
77, 248
77, 376
77, 120
77, 121
77, 377
77, 249
77, 250
77, 378
77, 122
77, 123
77, 379
77, 251
77, 252
77, 380
77, 124
77, 125
77, 381
77, 253
77, 254
77, 382
77, 126
77, 127
77, 383
77, 255
205, 256
205, 320
205, 384
205, 448
205, 257
205, 321
205, 385
205, 449
205, 258
205, 386
205, 450
205, 322
205, 259
205, 323
205, 387
205, 324
205, 388
205, 260
205, 261
205, 325
205, 389
205, 390
205, 326
205, 262
205, 263
205, 327
205, 391
205, 392
205, 328
205, 264
205, 265
205, 329
205, 393
205, 394
205, 330
205, 266
205, 267
205, 331
205, 395
205, 396
205, 332
205, 268
205, 269
205, 333
205, 397
205, 398
205, 334
205, 270
205, 206
205, 207
205, 271
205, 335
205, 399
205, 400
205, 336
205, 272
205, 208
205, 209
205, 273
205, 337
205, 401
205, 402
205, 338
205, 274
205, 210
205, 211
205, 275
205, 339
205, 403
205, 404
205, 340
205, 276
205, 212
205, 213
205, 277
205, 341
205, 405
205, 406
205, 342
205, 278
205, 214
205, 215
205, 279
205, 343
205, 407
205, 408
205, 344
205, 280
205, 216
205, 217
205, 281
205, 345
205, 409
205, 410
205, 346
205, 282
205, 218
205, 219
205, 283
205, 347
205, 411
205, 412
205, 348
205, 284
205, 220
205, 221
205, 285
205, 349
205, 413
205, 414
205, 350
205, 286
205, 222
205, 223
205, 287
205, 351
205, 415
205, 416
205, 352
205, 288
205, 224
205, 225
205, 289
205, 353
205, 417
205, 418
205, 354
205, 290
205, 226
205, 227
205, 291
205, 355
205, 419
205, 420
205, 356
205, 292
205, 228
205, 229
205, 293
205, 357
205, 421
205, 422
205, 358
205, 294
205, 230
205, 231
205, 295
205, 359
205, 423
205, 424
205, 360
205, 296
205, 232
205, 233
205, 297
205, 361
205, 425
205, 426
205, 362
205, 298
205, 234
205, 235
205, 299
205, 363
205, 427
205, 428
205, 364
205, 300
205, 236
205, 237
205, 301
205, 365
205, 429
205, 430
205, 366
205, 302
205, 238
205, 239
205, 303
205, 367
205, 431
205, 432
205, 368
205, 304
205, 240
205, 241
205, 305
205, 369
205, 433
205, 434
205, 370
205, 306
205, 242
205, 243
205, 307
205, 371
205, 435
205, 436
205, 372
205, 308
205, 244
205, 245
205, 309
205, 373
205, 437
205, 438
205, 374
205, 310
205, 246
205, 247
205, 311
205, 375
205, 439
205, 440
205, 376
205, 312
205, 248
205, 249
205, 313
205, 377
205, 441
205, 442
205, 378
205, 314
205, 250
205, 251
205, 315
205, 379
205, 443
205, 444
205, 380
205, 316
205, 252
205, 253
205, 317
205, 381
205, 445
205, 446
205, 382
205, 318
205, 254
205, 255
205, 319
205, 383
205, 447
334, 384
334, 448
334, 385
334, 449
334, 386
334, 450
334, 387
334, 388
334, 389
334, 390
334, 391
334, 392
334, 393
334, 394
334, 395
334, 396
334, 397
334, 398
334, 399
334, 335
334, 336
334, 400
334, 401
334, 337
334, 338
334, 402
334, 403
334, 339
334, 340
334, 404
334, 405
334, 341
334, 342
334, 406
334, 407
334, 343
334, 344
334, 408
334, 409
334, 345
334, 346
334, 410
334, 411
334, 347
334, 348
334, 412
334, 413
334, 349
334, 350
334, 414
334, 415
334, 351
334, 352
334, 416
334, 417
334, 353
334, 354
334, 418
334, 419
334, 355
334, 356
334, 420
334, 421
334, 357
334, 358
334, 422
334, 423
334, 359
334, 360
334, 424
334, 425
334, 361
334, 362
334, 426
334, 427
334, 363
334, 364
334, 428
334, 429
334, 365
334, 366
334, 430
334, 431
334, 367
334, 368
334, 432
334, 433
334, 369
334, 370
334, 434
334, 435
334, 371
334, 372
334, 436
334, 437
334, 373
334, 374
334, 438
334, 439
334, 375
334, 376
334, 440
334, 441
334, 377
334, 378
334, 442
334, 443
334, 379
334, 380
334, 444
334, 445
334, 381
334, 382
334, 446
334, 447
334, 383
78, 128
78, 384
78, 256
78, 257
78, 385
78, 129
78, 258
78, 386
78, 130
78, 387
78, 259
78, 131
78, 132
78, 388
78, 260
78, 133
78, 261
78, 389
78, 134
78, 390
78, 262
78, 135
78, 263
78, 391
78, 136
78, 392
78, 264
78, 137
78, 265
78, 393
78, 138
78, 394
78, 266
78, 139
78, 267
78, 395
78, 140
78, 396
78, 268
78, 141
78, 269
78, 397
78, 142
78, 398
78, 270
78, 143
78, 271
78, 399
78, 144
78, 400
78, 272
78, 145
78, 273
78, 401
78, 146
78, 402
78, 274
78, 147
78, 275
78, 403
78, 148
78, 404
78, 276
78, 149
78, 277
78, 405
78, 150
78, 406
78, 278
78, 151
78, 279
78, 407
78, 152
78, 408
78, 280
78, 153
78, 281
78, 409
78, 154
78, 410
78, 282
78, 155
78, 283
78, 411
78, 156
78, 412
78, 284
78, 157
78, 285
78, 413
78, 158
78, 414
78, 286
78, 159
78, 287
78, 415
78, 160
78, 416
78, 288
78, 161
78, 289
78, 417
78, 162
78, 418
78, 290
78, 163
78, 291
78, 419
78, 164
78, 420
78, 292
78, 165
78, 293
78, 421
78, 166
78, 422
78, 294
78, 167
78, 295
78, 423
78, 168
78, 424
78, 296
78, 169
78, 297
78, 425
78, 170
78, 426
78, 298
78, 171
78, 299
78, 427
78, 172
78, 428
78, 300
78, 173
78, 301
78, 429
78, 174
78, 430
78, 302
78, 175
78, 303
78, 431
78, 176
78, 432
78, 304
78, 177
78, 305
78, 433
78, 178
78, 434
78, 306
78, 179
78, 307
78, 435
78, 180
78, 436
78, 308
78, 181
78, 309
78, 437
78, 182
78, 438
78, 310
78, 183
78, 311
78, 439
78, 184
78, 440
78, 312
78, 185
78, 313
78, 441
78, 186
78, 442
78, 314
78, 187
78, 315
78, 443
78, 188
78, 444
78, 316
78, 189
78, 317
78, 445
78, 190
78, 446
78, 318
78, 191
78, 319
78, 447
78, 320
78, 192
78, 448
78, 193
78, 449
78, 321
78, 450
78, 322
78, 194
78, 195
78, 323
78, 324
78, 196
78, 197
78, 325
78, 326
78, 198
78, 199
78, 327
78, 328
78, 200
78, 201
78, 329
78, 330
78, 202
78, 203
78, 331
78, 332
78, 204
78, 205
78, 333
78, 334
78, 206
78, 207
78, 335
78, 79
78, 80
78, 336
78, 208
78, 209
78, 337
78, 81
78, 82
78, 338
78, 210
78, 211
78, 339
78, 83
78, 84
78, 340
78, 212
78, 213
78, 341
78, 85
78, 86
78, 342
78, 214
78, 215
78, 343
78, 87
78, 88
78, 344
78, 216
78, 217
78, 345
78, 89
78, 90
78, 346
78, 218
78, 219
78, 347
78, 91
78, 92
78, 348
78, 220
78, 221
78, 349
78, 93
78, 94
78, 350
78, 222
78, 223
78, 351
78, 95
78, 96
78, 352
78, 224
78, 225
78, 353
78, 97
78, 98
78, 354
78, 226
78, 227
78, 355
78, 99
78, 100
78, 356
78, 228
78, 229
78, 357
78, 101
78, 102
78, 358
78, 230
78, 231
78, 359
78, 103
78, 104
78, 360
78, 232
78, 233
78, 361
78, 105
78, 106
78, 362
78, 234
78, 235
78, 363
78, 107
78, 108
78, 364
78, 236
78, 237
78, 365
78, 109
78, 110
78, 366
78, 238
78, 239
78, 367
78, 111
78, 112
78, 368
78, 240
78, 241
78, 369
78, 113
78, 114
78, 370
78, 242
78, 243
78, 371
78, 115
78, 116
78, 372
78, 244
78, 245
78, 373
78, 117
78, 118
78, 374
78, 246
78, 247
78, 375
78, 119
78, 120
78, 376
78, 248
78, 249
78, 377
78, 121
78, 122
78, 378
78, 250
78, 251
78, 379
78, 123
78, 124
78, 380
78, 252
78, 253
78, 381
78, 125
78, 126
78, 382
78, 254
78, 255
78, 383
78, 127
206, 256
206, 320
206, 384
206, 448
206, 257
206, 321
206, 385
206, 449
206, 322
206, 450
206, 386
206, 258
206, 387
206, 323
206, 259
206, 260
206, 388
206, 324
206, 389
206, 325
206, 261
206, 262
206, 326
206, 390
206, 391
206, 327
206, 263
206, 264
206, 328
206, 392
206, 393
206, 329
206, 265
206, 266
206, 330
206, 394
206, 395
206, 331
206, 267
206, 268
206, 332
206, 396
206, 397
206, 333
206, 269
206, 270
206, 334
206, 398
206, 399
206, 335
206, 271
206, 207
206, 208
206, 272
206, 336
206, 400
206, 401
206, 337
206, 273
206, 209
206, 210
206, 274
206, 338
206, 402
206, 403
206, 339
206, 275
206, 211
206, 212
206, 276
206, 340
206, 404
206, 405
206, 341
206, 277
206, 213
206, 214
206, 278
206, 342
206, 406
206, 407
206, 343
206, 279
206, 215
206, 216
206, 280
206, 344
206, 408
206, 409
206, 345
206, 281
206, 217
206, 218
206, 282
206, 346
206, 410
206, 411
206, 347
206, 283
206, 219
206, 220
206, 284
206, 348
206, 412
206, 413
206, 349
206, 285
206, 221
206, 222
206, 286
206, 350
206, 414
206, 415
206, 351
206, 287
206, 223
206, 224
206, 288
206, 352
206, 416
206, 417
206, 353
206, 289
206, 225
206, 226
206, 290
206, 354
206, 418
206, 419
206, 355
206, 291
206, 227
206, 228
206, 292
206, 356
206, 420
206, 421
206, 357
206, 293
206, 229
206, 230
206, 294
206, 358
206, 422
206, 423
206, 359
206, 295
206, 231
206, 232
206, 296
206, 360
206, 424
206, 425
206, 361
206, 297
206, 233
206, 234
206, 298
206, 362
206, 426
206, 427
206, 363
206, 299
206, 235
206, 236
206, 300
206, 364
206, 428
206, 429
206, 365
206, 301
206, 237
206, 238
206, 302
206, 366
206, 430
206, 431
206, 367
206, 303
206, 239
206, 240
206, 304
206, 368
206, 432
206, 433
206, 369
206, 305
206, 241
206, 242
206, 306
206, 370
206, 434
206, 435
206, 371
206, 307
206, 243
206, 244
206, 308
206, 372
206, 436
206, 437
206, 373
206, 309
206, 245
206, 246
206, 310
206, 374
206, 438
206, 439
206, 375
206, 311
206, 247
206, 248
206, 312
206, 376
206, 440
206, 441
206, 377
206, 313
206, 249
206, 250
206, 314
206, 378
206, 442
206, 443
206, 379
206, 315
206, 251
206, 252
206, 316
206, 380
206, 444
206, 445
206, 381
206, 317
206, 253
206, 254
206, 318
206, 382
206, 446
206, 447
206, 383
206, 319
206, 255
335, 384
335, 448
335, 385
335, 449
335, 386
335, 450
335, 387
335, 388
335, 389
335, 390
335, 391
335, 392
335, 393
335, 394
335, 395
335, 396
335, 397
335, 398
335, 399
335, 400
335, 336
335, 337
335, 401
335, 402
335, 338
335, 339
335, 403
335, 404
335, 340
335, 341
335, 405
335, 406
335, 342
335, 343
335, 407
335, 408
335, 344
335, 345
335, 409
335, 410
335, 346
335, 347
335, 411
335, 412
335, 348
335, 349
335, 413
335, 414
335, 350
335, 351
335, 415
335, 416
335, 352
335, 353
335, 417
335, 418
335, 354
335, 355
335, 419
335, 420
335, 356
335, 357
335, 421
335, 422
335, 358
335, 359
335, 423
335, 424
335, 360
335, 361
335, 425
335, 426
335, 362
335, 363
335, 427
335, 428
335, 364
335, 365
335, 429
335, 430
335, 366
335, 367
335, 431
335, 432
335, 368
335, 369
335, 433
335, 434
335, 370
335, 371
335, 435
335, 436
335, 372
335, 373
335, 437
335, 438
335, 374
335, 375
335, 439
335, 440
335, 376
335, 377
335, 441
335, 442
335, 378
335, 379
335, 443
335, 444
335, 380
335, 381
335, 445
335, 446
335, 382
335, 383
335, 447
79, 256
79, 384
79, 128
79, 129
79, 385
79, 257
79, 386
79, 258
79, 130
79, 387
79, 259
79, 131
79, 132
79, 388
79, 260
79, 133
79, 261
79, 389
79, 134
79, 390
79, 262
79, 135
79, 263
79, 391
79, 136
79, 392
79, 264
79, 137
79, 265
79, 393
79, 138
79, 394
79, 266
79, 139
79, 267
79, 395
79, 140
79, 396
79, 268
79, 141
79, 269
79, 397
79, 142
79, 398
79, 270
79, 143
79, 271
79, 399
79, 144
79, 400
79, 272
79, 145
79, 273
79, 401
79, 146
79, 402
79, 274
79, 147
79, 275
79, 403
79, 148
79, 404
79, 276
79, 149
79, 277
79, 405
79, 150
79, 406
79, 278
79, 151
79, 279
79, 407
79, 152
79, 408
79, 280
79, 153
79, 281
79, 409
79, 154
79, 410
79, 282
79, 155
79, 283
79, 411
79, 156
79, 412
79, 284
79, 157
79, 285
79, 413
79, 158
79, 414
79, 286
79, 159
79, 287
79, 415
79, 160
79, 416
79, 288
79, 161
79, 289
79, 417
79, 162
79, 418
79, 290
79, 163
79, 291
79, 419
79, 164
79, 420
79, 292
79, 165
79, 293
79, 421
79, 166
79, 422
79, 294
79, 167
79, 295
79, 423
79, 168
79, 424
79, 296
79, 169
79, 297
79, 425
79, 170
79, 426
79, 298
79, 171
79, 299
79, 427
79, 172
79, 428
79, 300
79, 173
79, 301
79, 429
79, 174
79, 430
79, 302
79, 175
79, 303
79, 431
79, 176
79, 432
79, 304
79, 177
79, 305
79, 433
79, 178
79, 434
79, 306
79, 179
79, 307
79, 435
79, 180
79, 436
79, 308
79, 181
79, 309
79, 437
79, 182
79, 438
79, 310
79, 183
79, 311
79, 439
79, 184
79, 440
79, 312
79, 185
79, 313
79, 441
79, 186
79, 442
79, 314
79, 187
79, 315
79, 443
79, 188
79, 444
79, 316
79, 189
79, 317
79, 445
79, 190
79, 446
79, 318
79, 191
79, 319
79, 447
79, 192
79, 448
79, 320
79, 321
79, 449
79, 193
79, 194
79, 322
79, 450
79, 323
79, 195
79, 196
79, 324
79, 325
79, 197
79, 198
79, 326
79, 327
79, 199
79, 200
79, 328
79, 329
79, 201
79, 202
79, 330
79, 331
79, 203
79, 204
79, 332
79, 333
79, 205
79, 206
79, 334
79, 335
79, 207
79, 208
79, 336
79, 80
79, 81
79, 337
79, 209
79, 210
79, 338
79, 82
79, 83
79, 339
79, 211
79, 212
79, 340
79, 84
79, 85
79, 341
79, 213
79, 214
79, 342
79, 86
79, 87
79, 343
79, 215
79, 216
79, 344
79, 88
79, 89
79, 345
79, 217
79, 218
79, 346
79, 90
79, 91
79, 347
79, 219
79, 220
79, 348
79, 92
79, 93
79, 349
79, 221
79, 222
79, 350
79, 94
79, 95
79, 351
79, 223
79, 224
79, 352
79, 96
79, 97
79, 353
79, 225
79, 226
79, 354
79, 98
79, 99
79, 355
79, 227
79, 228
79, 356
79, 100
79, 101
79, 357
79, 229
79, 230
79, 358
79, 102
79, 103
79, 359
79, 231
79, 232
79, 360
79, 104
79, 105
79, 361
79, 233
79, 234
79, 362
79, 106
79, 107
79, 363
79, 235
79, 236
79, 364
79, 108
79, 109
79, 365
79, 237
79, 238
79, 366
79, 110
79, 111
79, 367
79, 239
79, 240
79, 368
79, 112
79, 113
79, 369
79, 241
79, 242
79, 370
79, 114
79, 115
79, 371
79, 243
79, 244
79, 372
79, 116
79, 117
79, 373
79, 245
79, 246
79, 374
79, 118
79, 119
79, 375
79, 247
79, 248
79, 376
79, 120
79, 121
79, 377
79, 249
79, 250
79, 378
79, 122
79, 123
79, 379
79, 251
79, 252
79, 380
79, 124
79, 125
79, 381
79, 253
79, 254
79, 382
79, 126
79, 127
79, 383
79, 255
207, 256
207, 320
207, 384
207, 448
207, 257
207, 321
207, 385
207, 449
207, 258
207, 386
207, 450
207, 322
207, 259
207, 323
207, 387
207, 324
207, 388
207, 260
207, 261
207, 325
207, 389
207, 390
207, 326
207, 262
207, 263
207, 327
207, 391
207, 392
207, 328
207, 264
207, 265
207, 329
207, 393
207, 394
207, 330
207, 266
207, 267
207, 331
207, 395
207, 396
207, 332
207, 268
207, 269
207, 333
207, 397
207, 398
207, 334
207, 270
207, 271
207, 335
207, 399
207, 400
207, 336
207, 272
207, 208
207, 209
207, 273
207, 337
207, 401
207, 402
207, 338
207, 274
207, 210
207, 211
207, 275
207, 339
207, 403
207, 404
207, 340
207, 276
207, 212
207, 213
207, 277
207, 341
207, 405
207, 406
207, 342
207, 278
207, 214
207, 215
207, 279
207, 343
207, 407
207, 408
207, 344
207, 280
207, 216
207, 217
207, 281
207, 345
207, 409
207, 410
207, 346
207, 282
207, 218
207, 219
207, 283
207, 347
207, 411
207, 412
207, 348
207, 284
207, 220
207, 221
207, 285
207, 349
207, 413
207, 414
207, 350
207, 286
207, 222
207, 223
207, 287
207, 351
207, 415
207, 416
207, 352
207, 288
207, 224
207, 225
207, 289
207, 353
207, 417
207, 418
207, 354
207, 290
207, 226
207, 227
207, 291
207, 355
207, 419
207, 420
207, 356
207, 292
207, 228
207, 229
207, 293
207, 357
207, 421
207, 422
207, 358
207, 294
207, 230
207, 231
207, 295
207, 359
207, 423
207, 424
207, 360
207, 296
207, 232
207, 233
207, 297
207, 361
207, 425
207, 426
207, 362
207, 298
207, 234
207, 235
207, 299
207, 363
207, 427
207, 428
207, 364
207, 300
207, 236
207, 237
207, 301
207, 365
207, 429
207, 430
207, 366
207, 302
207, 238
207, 239
207, 303
207, 367
207, 431
207, 432
207, 368
207, 304
207, 240
207, 241
207, 305
207, 369
207, 433
207, 434
207, 370
207, 306
207, 242
207, 243
207, 307
207, 371
207, 435
207, 436
207, 372
207, 308
207, 244
207, 245
207, 309
207, 373
207, 437
207, 438
207, 374
207, 310
207, 246
207, 247
207, 311
207, 375
207, 439
207, 440
207, 376
207, 312
207, 248
207, 249
207, 313
207, 377
207, 441
207, 442
207, 378
207, 314
207, 250
207, 251
207, 315
207, 379
207, 443
207, 444
207, 380
207, 316
207, 252
207, 253
207, 317
207, 381
207, 445
207, 446
207, 382
207, 318
207, 254
207, 255
207, 319
207, 383
207, 447
336, 384
336, 448
336, 385
336, 449
336, 386
336, 450
336, 387
336, 388
336, 389
336, 390
336, 391
336, 392
336, 393
336, 394
336, 395
336, 396
336, 397
336, 398
336, 399
336, 400
336, 401
336, 337
336, 338
336, 402
336, 403
336, 339
336, 340
336, 404
336, 405
336, 341
336, 342
336, 406
336, 407
336, 343
336, 344
336, 408
336, 409
336, 345
336, 346
336, 410
336, 411
336, 347
336, 348
336, 412
336, 413
336, 349
336, 350
336, 414
336, 415
336, 351
336, 352
336, 416
336, 417
336, 353
336, 354
336, 418
336, 419
336, 355
336, 356
336, 420
336, 421
336, 357
336, 358
336, 422
336, 423
336, 359
336, 360
336, 424
336, 425
336, 361
336, 362
336, 426
336, 427
336, 363
336, 364
336, 428
336, 429
336, 365
336, 366
336, 430
336, 431
336, 367
336, 368
336, 432
336, 433
336, 369
336, 370
336, 434
336, 435
336, 371
336, 372
336, 436
336, 437
336, 373
336, 374
336, 438
336, 439
336, 375
336, 376
336, 440
336, 441
336, 377
336, 378
336, 442
336, 443
336, 379
336, 380
336, 444
336, 445
336, 381
336, 382
336, 446
336, 447
336, 383
80, 128
80, 384
80, 256
80, 257
80, 385
80, 129
80, 258
80, 386
80, 130
80, 387
80, 259
80, 131
80, 132
80, 388
80, 260
80, 133
80, 261
80, 389
80, 134
80, 390
80, 262
80, 135
80, 263
80, 391
80, 136
80, 392
80, 264
80, 137
80, 265
80, 393
80, 138
80, 394
80, 266
80, 139
80, 267
80, 395
80, 140
80, 396
80, 268
80, 141
80, 269
80, 397
80, 142
80, 398
80, 270
80, 143
80, 271
80, 399
80, 144
80, 400
80, 272
80, 145
80, 273
80, 401
80, 146
80, 402
80, 274
80, 147
80, 275
80, 403
80, 148
80, 404
80, 276
80, 149
80, 277
80, 405
80, 150
80, 406
80, 278
80, 151
80, 279
80, 407
80, 152
80, 408
80, 280
80, 153
80, 281
80, 409
80, 154
80, 410
80, 282
80, 155
80, 283
80, 411
80, 156
80, 412
80, 284
80, 157
80, 285
80, 413
80, 158
80, 414
80, 286
80, 159
80, 287
80, 415
80, 160
80, 416
80, 288
80, 161
80, 289
80, 417
80, 162
80, 418
80, 290
80, 163
80, 291
80, 419
80, 164
80, 420
80, 292
80, 165
80, 293
80, 421
80, 166
80, 422
80, 294
80, 167
80, 295
80, 423
80, 168
80, 424
80, 296
80, 169
80, 297
80, 425
80, 170
80, 426
80, 298
80, 171
80, 299
80, 427
80, 172
80, 428
80, 300
80, 173
80, 301
80, 429
80, 174
80, 430
80, 302
80, 175
80, 303
80, 431
80, 176
80, 432
80, 304
80, 177
80, 305
80, 433
80, 178
80, 434
80, 306
80, 179
80, 307
80, 435
80, 180
80, 436
80, 308
80, 181
80, 309
80, 437
80, 182
80, 438
80, 310
80, 183
80, 311
80, 439
80, 184
80, 440
80, 312
80, 185
80, 313
80, 441
80, 186
80, 442
80, 314
80, 187
80, 315
80, 443
80, 188
80, 444
80, 316
80, 189
80, 317
80, 445
80, 190
80, 446
80, 318
80, 191
80, 319
80, 447
80, 448
80, 320
80, 192
80, 193
80, 449
80, 321
80, 450
80, 322
80, 194
80, 195
80, 323
80, 324
80, 196
80, 197
80, 325
80, 326
80, 198
80, 199
80, 327
80, 328
80, 200
80, 201
80, 329
80, 330
80, 202
80, 203
80, 331
80, 332
80, 204
80, 205
80, 333
80, 334
80, 206
80, 207
80, 335
80, 336
80, 208
80, 209
80, 337
80, 81
80, 82
80, 338
80, 210
80, 211
80, 339
80, 83
80, 84
80, 340
80, 212
80, 213
80, 341
80, 85
80, 86
80, 342
80, 214
80, 215
80, 343
80, 87
80, 88
80, 344
80, 216
80, 217
80, 345
80, 89
80, 90
80, 346
80, 218
80, 219
80, 347
80, 91
80, 92
80, 348
80, 220
80, 221
80, 349
80, 93
80, 94
80, 350
80, 222
80, 223
80, 351
80, 95
80, 96
80, 352
80, 224
80, 225
80, 353
80, 97
80, 98
80, 354
80, 226
80, 227
80, 355
80, 99
80, 100
80, 356
80, 228
80, 229
80, 357
80, 101
80, 102
80, 358
80, 230
80, 231
80, 359
80, 103
80, 104
80, 360
80, 232
80, 233
80, 361
80, 105
80, 106
80, 362
80, 234
80, 235
80, 363
80, 107
80, 108
80, 364
80, 236
80, 237
80, 365
80, 109
80, 110
80, 366
80, 238
80, 239
80, 367
80, 111
80, 112
80, 368
80, 240
80, 241
80, 369
80, 113
80, 114
80, 370
80, 242
80, 243
80, 371
80, 115
80, 116
80, 372
80, 244
80, 245
80, 373
80, 117
80, 118
80, 374
80, 246
80, 247
80, 375
80, 119
80, 120
80, 376
80, 248
80, 249
80, 377
80, 121
80, 122
80, 378
80, 250
80, 251
80, 379
80, 123
80, 124
80, 380
80, 252
80, 253
80, 381
80, 125
80, 126
80, 382
80, 254
80, 255
80, 383
80, 127
208, 256
208, 320
208, 384
208, 448
208, 257
208, 321
208, 385
208, 449
208, 322
208, 450
208, 386
208, 258
208, 387
208, 323
208, 259
208, 260
208, 388
208, 324
208, 389
208, 325
208, 261
208, 262
208, 326
208, 390
208, 391
208, 327
208, 263
208, 264
208, 328
208, 392
208, 393
208, 329
208, 265
208, 266
208, 330
208, 394
208, 395
208, 331
208, 267
208, 268
208, 332
208, 396
208, 397
208, 333
208, 269
208, 270
208, 334
208, 398
208, 399
208, 335
208, 271
208, 272
208, 336
208, 400
208, 401
208, 337
208, 273
208, 209
208, 210
208, 274
208, 338
208, 402
208, 403
208, 339
208, 275
208, 211
208, 212
208, 276
208, 340
208, 404
208, 405
208, 341
208, 277
208, 213
208, 214
208, 278
208, 342
208, 406
208, 407
208, 343
208, 279
208, 215
208, 216
208, 280
208, 344
208, 408
208, 409
208, 345
208, 281
208, 217
208, 218
208, 282
208, 346
208, 410
208, 411
208, 347
208, 283
208, 219
208, 220
208, 284
208, 348
208, 412
208, 413
208, 349
208, 285
208, 221
208, 222
208, 286
208, 350
208, 414
208, 415
208, 351
208, 287
208, 223
208, 224
208, 288
208, 352
208, 416
208, 417
208, 353
208, 289
208, 225
208, 226
208, 290
208, 354
208, 418
208, 419
208, 355
208, 291
208, 227
208, 228
208, 292
208, 356
208, 420
208, 421
208, 357
208, 293
208, 229
208, 230
208, 294
208, 358
208, 422
208, 423
208, 359
208, 295
208, 231
208, 232
208, 296
208, 360
208, 424
208, 425
208, 361
208, 297
208, 233
208, 234
208, 298
208, 362
208, 426
208, 427
208, 363
208, 299
208, 235
208, 236
208, 300
208, 364
208, 428
208, 429
208, 365
208, 301
208, 237
208, 238
208, 302
208, 366
208, 430
208, 431
208, 367
208, 303
208, 239
208, 240
208, 304
208, 368
208, 432
208, 433
208, 369
208, 305
208, 241
208, 242
208, 306
208, 370
208, 434
208, 435
208, 371
208, 307
208, 243
208, 244
208, 308
208, 372
208, 436
208, 437
208, 373
208, 309
208, 245
208, 246
208, 310
208, 374
208, 438
208, 439
208, 375
208, 311
208, 247
208, 248
208, 312
208, 376
208, 440
208, 441
208, 377
208, 313
208, 249
208, 250
208, 314
208, 378
208, 442
208, 443
208, 379
208, 315
208, 251
208, 252
208, 316
208, 380
208, 444
208, 445
208, 381
208, 317
208, 253
208, 254
208, 318
208, 382
208, 446
208, 447
208, 383
208, 319
208, 255
337, 384
337, 448
337, 385
337, 449
337, 386
337, 450
337, 387
337, 388
337, 389
337, 390
337, 391
337, 392
337, 393
337, 394
337, 395
337, 396
337, 397
337, 398
337, 399
337, 400
337, 401
337, 402
337, 338
337, 339
337, 403
337, 404
337, 340
337, 341
337, 405
337, 406
337, 342
337, 343
337, 407
337, 408
337, 344
337, 345
337, 409
337, 410
337, 346
337, 347
337, 411
337, 412
337, 348
337, 349
337, 413
337, 414
337, 350
337, 351
337, 415
337, 416
337, 352
337, 353
337, 417
337, 418
337, 354
337, 355
337, 419
337, 420
337, 356
337, 357
337, 421
337, 422
337, 358
337, 359
337, 423
337, 424
337, 360
337, 361
337, 425
337, 426
337, 362
337, 363
337, 427
337, 428
337, 364
337, 365
337, 429
337, 430
337, 366
337, 367
337, 431
337, 432
337, 368
337, 369
337, 433
337, 434
337, 370
337, 371
337, 435
337, 436
337, 372
337, 373
337, 437
337, 438
337, 374
337, 375
337, 439
337, 440
337, 376
337, 377
337, 441
337, 442
337, 378
337, 379
337, 443
337, 444
337, 380
337, 381
337, 445
337, 446
337, 382
337, 383
337, 447
81, 256
81, 384
81, 128
81, 129
81, 385
81, 257
81, 386
81, 258
81, 130
81, 387
81, 259
81, 131
81, 132
81, 388
81, 260
81, 133
81, 261
81, 389
81, 134
81, 390
81, 262
81, 135
81, 263
81, 391
81, 136
81, 392
81, 264
81, 137
81, 265
81, 393
81, 138
81, 394
81, 266
81, 139
81, 267
81, 395
81, 140
81, 396
81, 268
81, 141
81, 269
81, 397
81, 142
81, 398
81, 270
81, 143
81, 271
81, 399
81, 144
81, 400
81, 272
81, 145
81, 273
81, 401
81, 146
81, 402
81, 274
81, 147
81, 275
81, 403
81, 148
81, 404
81, 276
81, 149
81, 277
81, 405
81, 150
81, 406
81, 278
81, 151
81, 279
81, 407
81, 152
81, 408
81, 280
81, 153
81, 281
81, 409
81, 154
81, 410
81, 282
81, 155
81, 283
81, 411
81, 156
81, 412
81, 284
81, 157
81, 285
81, 413
81, 158
81, 414
81, 286
81, 159
81, 287
81, 415
81, 160
81, 416
81, 288
81, 161
81, 289
81, 417
81, 162
81, 418
81, 290
81, 163
81, 291
81, 419
81, 164
81, 420
81, 292
81, 165
81, 293
81, 421
81, 166
81, 422
81, 294
81, 167
81, 295
81, 423
81, 168
81, 424
81, 296
81, 169
81, 297
81, 425
81, 170
81, 426
81, 298
81, 171
81, 299
81, 427
81, 172
81, 428
81, 300
81, 173
81, 301
81, 429
81, 174
81, 430
81, 302
81, 175
81, 303
81, 431
81, 176
81, 432
81, 304
81, 177
81, 305
81, 433
81, 178
81, 434
81, 306
81, 179
81, 307
81, 435
81, 180
81, 436
81, 308
81, 181
81, 309
81, 437
81, 182
81, 438
81, 310
81, 183
81, 311
81, 439
81, 184
81, 440
81, 312
81, 185
81, 313
81, 441
81, 186
81, 442
81, 314
81, 187
81, 315
81, 443
81, 188
81, 444
81, 316
81, 189
81, 317
81, 445
81, 190
81, 446
81, 318
81, 191
81, 319
81, 447
81, 320
81, 192
81, 448
81, 321
81, 449
81, 193
81, 194
81, 322
81, 450
81, 323
81, 195
81, 196
81, 324
81, 325
81, 197
81, 198
81, 326
81, 327
81, 199
81, 200
81, 328
81, 329
81, 201
81, 202
81, 330
81, 331
81, 203
81, 204
81, 332
81, 333
81, 205
81, 206
81, 334
81, 335
81, 207
81, 208
81, 336
81, 337
81, 209
81, 210
81, 338
81, 82
81, 83
81, 339
81, 211
81, 212
81, 340
81, 84
81, 85
81, 341
81, 213
81, 214
81, 342
81, 86
81, 87
81, 343
81, 215
81, 216
81, 344
81, 88
81, 89
81, 345
81, 217
81, 218
81, 346
81, 90
81, 91
81, 347
81, 219
81, 220
81, 348
81, 92
81, 93
81, 349
81, 221
81, 222
81, 350
81, 94
81, 95
81, 351
81, 223
81, 224
81, 352
81, 96
81, 97
81, 353
81, 225
81, 226
81, 354
81, 98
81, 99
81, 355
81, 227
81, 228
81, 356
81, 100
81, 101
81, 357
81, 229
81, 230
81, 358
81, 102
81, 103
81, 359
81, 231
81, 232
81, 360
81, 104
81, 105
81, 361
81, 233
81, 234
81, 362
81, 106
81, 107
81, 363
81, 235
81, 236
81, 364
81, 108
81, 109
81, 365
81, 237
81, 238
81, 366
81, 110
81, 111
81, 367
81, 239
81, 240
81, 368
81, 112
81, 113
81, 369
81, 241
81, 242
81, 370
81, 114
81, 115
81, 371
81, 243
81, 244
81, 372
81, 116
81, 117
81, 373
81, 245
81, 246
81, 374
81, 118
81, 119
81, 375
81, 247
81, 248
81, 376
81, 120
81, 121
81, 377
81, 249
81, 250
81, 378
81, 122
81, 123
81, 379
81, 251
81, 252
81, 380
81, 124
81, 125
81, 381
81, 253
81, 254
81, 382
81, 126
81, 127
81, 383
81, 255
209, 256
209, 320
209, 384
209, 448
209, 257
209, 321
209, 385
209, 449
209, 258
209, 386
209, 450
209, 322
209, 259
209, 323
209, 387
209, 324
209, 388
209, 260
209, 261
209, 325
209, 389
209, 390
209, 326
209, 262
209, 263
209, 327
209, 391
209, 392
209, 328
209, 264
209, 265
209, 329
209, 393
209, 394
209, 330
209, 266
209, 267
209, 331
209, 395
209, 396
209, 332
209, 268
209, 269
209, 333
209, 397
209, 398
209, 334
209, 270
209, 271
209, 335
209, 399
209, 400
209, 336
209, 272
209, 273
209, 337
209, 401
209, 402
209, 338
209, 274
209, 210
209, 211
209, 275
209, 339
209, 403
209, 404
209, 340
209, 276
209, 212
209, 213
209, 277
209, 341
209, 405
209, 406
209, 342
209, 278
209, 214
209, 215
209, 279
209, 343
209, 407
209, 408
209, 344
209, 280
209, 216
209, 217
209, 281
209, 345
209, 409
209, 410
209, 346
209, 282
209, 218
209, 219
209, 283
209, 347
209, 411
209, 412
209, 348
209, 284
209, 220
209, 221
209, 285
209, 349
209, 413
209, 414
209, 350
209, 286
209, 222
209, 223
209, 287
209, 351
209, 415
209, 416
209, 352
209, 288
209, 224
209, 225
209, 289
209, 353
209, 417
209, 418
209, 354
209, 290
209, 226
209, 227
209, 291
209, 355
209, 419
209, 420
209, 356
209, 292
209, 228
209, 229
209, 293
209, 357
209, 421
209, 422
209, 358
209, 294
209, 230
209, 231
209, 295
209, 359
209, 423
209, 424
209, 360
209, 296
209, 232
209, 233
209, 297
209, 361
209, 425
209, 426
209, 362
209, 298
209, 234
209, 235
209, 299
209, 363
209, 427
209, 428
209, 364
209, 300
209, 236
209, 237
209, 301
209, 365
209, 429
209, 430
209, 366
209, 302
209, 238
209, 239
209, 303
209, 367
209, 431
209, 432
209, 368
209, 304
209, 240
209, 241
209, 305
209, 369
209, 433
209, 434
209, 370
209, 306
209, 242
209, 243
209, 307
209, 371
209, 435
209, 436
209, 372
209, 308
209, 244
209, 245
209, 309
209, 373
209, 437
209, 438
209, 374
209, 310
209, 246
209, 247
209, 311
209, 375
209, 439
209, 440
209, 376
209, 312
209, 248
209, 249
209, 313
209, 377
209, 441
209, 442
209, 378
209, 314
209, 250
209, 251
209, 315
209, 379
209, 443
209, 444
209, 380
209, 316
209, 252
209, 253
209, 317
209, 381
209, 445
209, 446
209, 382
209, 318
209, 254
209, 255
209, 319
209, 383
209, 447
338, 384
338, 448
338, 385
338, 449
338, 386
338, 450
338, 387
338, 388
338, 389
338, 390
338, 391
338, 392
338, 393
338, 394
338, 395
338, 396
338, 397
338, 398
338, 399
338, 400
338, 401
338, 402
338, 403
338, 339
338, 340
338, 404
338, 405
338, 341
338, 342
338, 406
338, 407
338, 343
338, 344
338, 408
338, 409
338, 345
338, 346
338, 410
338, 411
338, 347
338, 348
338, 412
338, 413
338, 349
338, 350
338, 414
338, 415
338, 351
338, 352
338, 416
338, 417
338, 353
338, 354
338, 418
338, 419
338, 355
338, 356
338, 420
338, 421
338, 357
338, 358
338, 422
338, 423
338, 359
338, 360
338, 424
338, 425
338, 361
338, 362
338, 426
338, 427
338, 363
338, 364
338, 428
338, 429
338, 365
338, 366
338, 430
338, 431
338, 367
338, 368
338, 432
338, 433
338, 369
338, 370
338, 434
338, 435
338, 371
338, 372
338, 436
338, 437
338, 373
338, 374
338, 438
338, 439
338, 375
338, 376
338, 440
338, 441
338, 377
338, 378
338, 442
338, 443
338, 379
338, 380
338, 444
338, 445
338, 381
338, 382
338, 446
338, 447
338, 383
82, 128
82, 384
82, 256
82, 257
82, 385
82, 129
82, 258
82, 386
82, 130
82, 387
82, 259
82, 131
82, 132
82, 388
82, 260
82, 133
82, 261
82, 389
82, 134
82, 390
82, 262
82, 135
82, 263
82, 391
82, 136
82, 392
82, 264
82, 137
82, 265
82, 393
82, 138
82, 394
82, 266
82, 139
82, 267
82, 395
82, 140
82, 396
82, 268
82, 141
82, 269
82, 397
82, 142
82, 398
82, 270
82, 143
82, 271
82, 399
82, 144
82, 400
82, 272
82, 145
82, 273
82, 401
82, 146
82, 402
82, 274
82, 147
82, 275
82, 403
82, 148
82, 404
82, 276
82, 149
82, 277
82, 405
82, 150
82, 406
82, 278
82, 151
82, 279
82, 407
82, 152
82, 408
82, 280
82, 153
82, 281
82, 409
82, 154
82, 410
82, 282
82, 155
82, 283
82, 411
82, 156
82, 412
82, 284
82, 157
82, 285
82, 413
82, 158
82, 414
82, 286
82, 159
82, 287
82, 415
82, 160
82, 416
82, 288
82, 161
82, 289
82, 417
82, 162
82, 418
82, 290
82, 163
82, 291
82, 419
82, 164
82, 420
82, 292
82, 165
82, 293
82, 421
82, 166
82, 422
82, 294
82, 167
82, 295
82, 423
82, 168
82, 424
82, 296
82, 169
82, 297
82, 425
82, 170
82, 426
82, 298
82, 171
82, 299
82, 427
82, 172
82, 428
82, 300
82, 173
82, 301
82, 429
82, 174
82, 430
82, 302
82, 175
82, 303
82, 431
82, 176
82, 432
82, 304
82, 177
82, 305
82, 433
82, 178
82, 434
82, 306
82, 179
82, 307
82, 435
82, 180
82, 436
82, 308
82, 181
82, 309
82, 437
82, 182
82, 438
82, 310
82, 183
82, 311
82, 439
82, 184
82, 440
82, 312
82, 185
82, 313
82, 441
82, 186
82, 442
82, 314
82, 187
82, 315
82, 443
82, 188
82, 444
82, 316
82, 189
82, 317
82, 445
82, 190
82, 446
82, 318
82, 191
82, 319
82, 447
82, 192
82, 448
82, 320
82, 193
82, 449
82, 321
82, 450
82, 322
82, 194
82, 195
82, 323
82, 324
82, 196
82, 197
82, 325
82, 326
82, 198
82, 199
82, 327
82, 328
82, 200
82, 201
82, 329
82, 330
82, 202
82, 203
82, 331
82, 332
82, 204
82, 205
82, 333
82, 334
82, 206
82, 207
82, 335
82, 336
82, 208
82, 209
82, 337
82, 338
82, 210
82, 211
82, 339
82, 83
82, 84
82, 340
82, 212
82, 213
82, 341
82, 85
82, 86
82, 342
82, 214
82, 215
82, 343
82, 87
82, 88
82, 344
82, 216
82, 217
82, 345
82, 89
82, 90
82, 346
82, 218
82, 219
82, 347
82, 91
82, 92
82, 348
82, 220
82, 221
82, 349
82, 93
82, 94
82, 350
82, 222
82, 223
82, 351
82, 95
82, 96
82, 352
82, 224
82, 225
82, 353
82, 97
82, 98
82, 354
82, 226
82, 227
82, 355
82, 99
82, 100
82, 356
82, 228
82, 229
82, 357
82, 101
82, 102
82, 358
82, 230
82, 231
82, 359
82, 103
82, 104
82, 360
82, 232
82, 233
82, 361
82, 105
82, 106
82, 362
82, 234
82, 235
82, 363
82, 107
82, 108
82, 364
82, 236
82, 237
82, 365
82, 109
82, 110
82, 366
82, 238
82, 239
82, 367
82, 111
82, 112
82, 368
82, 240
82, 241
82, 369
82, 113
82, 114
82, 370
82, 242
82, 243
82, 371
82, 115
82, 116
82, 372
82, 244
82, 245
82, 373
82, 117
82, 118
82, 374
82, 246
82, 247
82, 375
82, 119
82, 120
82, 376
82, 248
82, 249
82, 377
82, 121
82, 122
82, 378
82, 250
82, 251
82, 379
82, 123
82, 124
82, 380
82, 252
82, 253
82, 381
82, 125
82, 126
82, 382
82, 254
82, 255
82, 383
82, 127
210, 256
210, 320
210, 384
210, 448
210, 257
210, 321
210, 385
210, 449
210, 322
210, 450
210, 386
210, 258
210, 387
210, 323
210, 259
210, 260
210, 388
210, 324
210, 389
210, 325
210, 261
210, 262
210, 326
210, 390
210, 391
210, 327
210, 263
210, 264
210, 328
210, 392
210, 393
210, 329
210, 265
210, 266
210, 330
210, 394
210, 395
210, 331
210, 267
210, 268
210, 332
210, 396
210, 397
210, 333
210, 269
210, 270
210, 334
210, 398
210, 399
210, 335
210, 271
210, 272
210, 336
210, 400
210, 401
210, 337
210, 273
210, 274
210, 338
210, 402
210, 403
210, 339
210, 275
210, 211
210, 212
210, 276
210, 340
210, 404
210, 405
210, 341
210, 277
210, 213
210, 214
210, 278
210, 342
210, 406
210, 407
210, 343
210, 279
210, 215
210, 216
210, 280
210, 344
210, 408
210, 409
210, 345
210, 281
210, 217
210, 218
210, 282
210, 346
210, 410
210, 411
210, 347
210, 283
210, 219
210, 220
210, 284
210, 348
210, 412
210, 413
210, 349
210, 285
210, 221
210, 222
210, 286
210, 350
210, 414
210, 415
210, 351
210, 287
210, 223
210, 224
210, 288
210, 352
210, 416
210, 417
210, 353
210, 289
210, 225
210, 226
210, 290
210, 354
210, 418
210, 419
210, 355
210, 291
210, 227
210, 228
210, 292
210, 356
210, 420
210, 421
210, 357
210, 293
210, 229
210, 230
210, 294
210, 358
210, 422
210, 423
210, 359
210, 295
210, 231
210, 232
210, 296
210, 360
210, 424
210, 425
210, 361
210, 297
210, 233
210, 234
210, 298
210, 362
210, 426
210, 427
210, 363
210, 299
210, 235
210, 236
210, 300
210, 364
210, 428
210, 429
210, 365
210, 301
210, 237
210, 238
210, 302
210, 366
210, 430
210, 431
210, 367
210, 303
210, 239
210, 240
210, 304
210, 368
210, 432
210, 433
210, 369
210, 305
210, 241
210, 242
210, 306
210, 370
210, 434
210, 435
210, 371
210, 307
210, 243
210, 244
210, 308
210, 372
210, 436
210, 437
210, 373
210, 309
210, 245
210, 246
210, 310
210, 374
210, 438
210, 439
210, 375
210, 311
210, 247
210, 248
210, 312
210, 376
210, 440
210, 441
210, 377
210, 313
210, 249
210, 250
210, 314
210, 378
210, 442
210, 443
210, 379
210, 315
210, 251
210, 252
210, 316
210, 380
210, 444
210, 445
210, 381
210, 317
210, 253
210, 254
210, 318
210, 382
210, 446
210, 447
210, 383
210, 319
210, 255
339, 384
339, 448
339, 385
339, 449
339, 386
339, 450
339, 387
339, 388
339, 389
339, 390
339, 391
339, 392
339, 393
339, 394
339, 395
339, 396
339, 397
339, 398
339, 399
339, 400
339, 401
339, 402
339, 403
339, 404
339, 340
339, 341
339, 405
339, 406
339, 342
339, 343
339, 407
339, 408
339, 344
339, 345
339, 409
339, 410
339, 346
339, 347
339, 411
339, 412
339, 348
339, 349
339, 413
339, 414
339, 350
339, 351
339, 415
339, 416
339, 352
339, 353
339, 417
339, 418
339, 354
339, 355
339, 419
339, 420
339, 356
339, 357
339, 421
339, 422
339, 358
339, 359
339, 423
339, 424
339, 360
339, 361
339, 425
339, 426
339, 362
339, 363
339, 427
339, 428
339, 364
339, 365
339, 429
339, 430
339, 366
339, 367
339, 431
339, 432
339, 368
339, 369
339, 433
339, 434
339, 370
339, 371
339, 435
339, 436
339, 372
339, 373
339, 437
339, 438
339, 374
339, 375
339, 439
339, 440
339, 376
339, 377
339, 441
339, 442
339, 378
339, 379
339, 443
339, 444
339, 380
339, 381
339, 445
339, 446
339, 382
339, 383
339, 447
83, 256
83, 384
83, 128
83, 129
83, 385
83, 257
83, 386
83, 258
83, 130
83, 387
83, 259
83, 131
83, 132
83, 388
83, 260
83, 133
83, 261
83, 389
83, 134
83, 390
83, 262
83, 135
83, 263
83, 391
83, 136
83, 392
83, 264
83, 137
83, 265
83, 393
83, 138
83, 394
83, 266
83, 139
83, 267
83, 395
83, 140
83, 396
83, 268
83, 141
83, 269
83, 397
83, 142
83, 398
83, 270
83, 143
83, 271
83, 399
83, 144
83, 400
83, 272
83, 145
83, 273
83, 401
83, 146
83, 402
83, 274
83, 147
83, 275
83, 403
83, 148
83, 404
83, 276
83, 149
83, 277
83, 405
83, 150
83, 406
83, 278
83, 151
83, 279
83, 407
83, 152
83, 408
83, 280
83, 153
83, 281
83, 409
83, 154
83, 410
83, 282
83, 155
83, 283
83, 411
83, 156
83, 412
83, 284
83, 157
83, 285
83, 413
83, 158
83, 414
83, 286
83, 159
83, 287
83, 415
83, 160
83, 416
83, 288
83, 161
83, 289
83, 417
83, 162
83, 418
83, 290
83, 163
83, 291
83, 419
83, 164
83, 420
83, 292
83, 165
83, 293
83, 421
83, 166
83, 422
83, 294
83, 167
83, 295
83, 423
83, 168
83, 424
83, 296
83, 169
83, 297
83, 425
83, 170
83, 426
83, 298
83, 171
83, 299
83, 427
83, 172
83, 428
83, 300
83, 173
83, 301
83, 429
83, 174
83, 430
83, 302
83, 175
83, 303
83, 431
83, 176
83, 432
83, 304
83, 177
83, 305
83, 433
83, 178
83, 434
83, 306
83, 179
83, 307
83, 435
83, 180
83, 436
83, 308
83, 181
83, 309
83, 437
83, 182
83, 438
83, 310
83, 183
83, 311
83, 439
83, 184
83, 440
83, 312
83, 185
83, 313
83, 441
83, 186
83, 442
83, 314
83, 187
83, 315
83, 443
83, 188
83, 444
83, 316
83, 189
83, 317
83, 445
83, 190
83, 446
83, 318
83, 191
83, 319
83, 447
83, 448
83, 320
83, 192
83, 321
83, 449
83, 193
83, 194
83, 322
83, 450
83, 323
83, 195
83, 196
83, 324
83, 325
83, 197
83, 198
83, 326
83, 327
83, 199
83, 200
83, 328
83, 329
83, 201
83, 202
83, 330
83, 331
83, 203
83, 204
83, 332
83, 333
83, 205
83, 206
83, 334
83, 335
83, 207
83, 208
83, 336
83, 337
83, 209
83, 210
83, 338
83, 339
83, 211
83, 212
83, 340
83, 84
83, 85
83, 341
83, 213
83, 214
83, 342
83, 86
83, 87
83, 343
83, 215
83, 216
83, 344
83, 88
83, 89
83, 345
83, 217
83, 218
83, 346
83, 90
83, 91
83, 347
83, 219
83, 220
83, 348
83, 92
83, 93
83, 349
83, 221
83, 222
83, 350
83, 94
83, 95
83, 351
83, 223
83, 224
83, 352
83, 96
83, 97
83, 353
83, 225
83, 226
83, 354
83, 98
83, 99
83, 355
83, 227
83, 228
83, 356
83, 100
83, 101
83, 357
83, 229
83, 230
83, 358
83, 102
83, 103
83, 359
83, 231
83, 232
83, 360
83, 104
83, 105
83, 361
83, 233
83, 234
83, 362
83, 106
83, 107
83, 363
83, 235
83, 236
83, 364
83, 108
83, 109
83, 365
83, 237
83, 238
83, 366
83, 110
83, 111
83, 367
83, 239
83, 240
83, 368
83, 112
83, 113
83, 369
83, 241
83, 242
83, 370
83, 114
83, 115
83, 371
83, 243
83, 244
83, 372
83, 116
83, 117
83, 373
83, 245
83, 246
83, 374
83, 118
83, 119
83, 375
83, 247
83, 248
83, 376
83, 120
83, 121
83, 377
83, 249
83, 250
83, 378
83, 122
83, 123
83, 379
83, 251
83, 252
83, 380
83, 124
83, 125
83, 381
83, 253
83, 254
83, 382
83, 126
83, 127
83, 383
83, 255
211, 256
211, 320
211, 384
211, 448
211, 257
211, 321
211, 385
211, 449
211, 258
211, 386
211, 450
211, 322
211, 259
211, 323
211, 387
211, 324
211, 388
211, 260
211, 261
211, 325
211, 389
211, 390
211, 326
211, 262
211, 263
211, 327
211, 391
211, 392
211, 328
211, 264
211, 265
211, 329
211, 393
211, 394
211, 330
211, 266
211, 267
211, 331
211, 395
211, 396
211, 332
211, 268
211, 269
211, 333
211, 397
211, 398
211, 334
211, 270
211, 271
211, 335
211, 399
211, 400
211, 336
211, 272
211, 273
211, 337
211, 401
211, 402
211, 338
211, 274
211, 275
211, 339
211, 403
211, 404
211, 340
211, 276
211, 212
211, 213
211, 277
211, 341
211, 405
211, 406
211, 342
211, 278
211, 214
211, 215
211, 279
211, 343
211, 407
211, 408
211, 344
211, 280
211, 216
211, 217
211, 281
211, 345
211, 409
211, 410
211, 346
211, 282
211, 218
211, 219
211, 283
211, 347
211, 411
211, 412
211, 348
211, 284
211, 220
211, 221
211, 285
211, 349
211, 413
211, 414
211, 350
211, 286
211, 222
211, 223
211, 287
211, 351
211, 415
211, 416
211, 352
211, 288
211, 224
211, 225
211, 289
211, 353
211, 417
211, 418
211, 354
211, 290
211, 226
211, 227
211, 291
211, 355
211, 419
211, 420
211, 356
211, 292
211, 228
211, 229
211, 293
211, 357
211, 421
211, 422
211, 358
211, 294
211, 230
211, 231
211, 295
211, 359
211, 423
211, 424
211, 360
211, 296
211, 232
211, 233
211, 297
211, 361
211, 425
211, 426
211, 362
211, 298
211, 234
211, 235
211, 299
211, 363
211, 427
211, 428
211, 364
211, 300
211, 236
211, 237
211, 301
211, 365
211, 429
211, 430
211, 366
211, 302
211, 238
211, 239
211, 303
211, 367
211, 431
211, 432
211, 368
211, 304
211, 240
211, 241
211, 305
211, 369
211, 433
211, 434
211, 370
211, 306
211, 242
211, 243
211, 307
211, 371
211, 435
211, 436
211, 372
211, 308
211, 244
211, 245
211, 309
211, 373
211, 437
211, 438
211, 374
211, 310
211, 246
211, 247
211, 311
211, 375
211, 439
211, 440
211, 376
211, 312
211, 248
211, 249
211, 313
211, 377
211, 441
211, 442
211, 378
211, 314
211, 250
211, 251
211, 315
211, 379
211, 443
211, 444
211, 380
211, 316
211, 252
211, 253
211, 317
211, 381
211, 445
211, 446
211, 382
211, 318
211, 254
211, 255
211, 319
211, 383
211, 447
340, 384
340, 448
340, 385
340, 449
340, 386
340, 450
340, 387
340, 388
340, 389
340, 390
340, 391
340, 392
340, 393
340, 394
340, 395
340, 396
340, 397
340, 398
340, 399
340, 400
340, 401
340, 402
340, 403
340, 404
340, 405
340, 341
340, 342
340, 406
340, 407
340, 343
340, 344
340, 408
340, 409
340, 345
340, 346
340, 410
340, 411
340, 347
340, 348
340, 412
340, 413
340, 349
340, 350
340, 414
340, 415
340, 351
340, 352
340, 416
340, 417
340, 353
340, 354
340, 418
340, 419
340, 355
340, 356
340, 420
340, 421
340, 357
340, 358
340, 422
340, 423
340, 359
340, 360
340, 424
340, 425
340, 361
340, 362
340, 426
340, 427
340, 363
340, 364
340, 428
340, 429
340, 365
340, 366
340, 430
340, 431
340, 367
340, 368
340, 432
340, 433
340, 369
340, 370
340, 434
340, 435
340, 371
340, 372
340, 436
340, 437
340, 373
340, 374
340, 438
340, 439
340, 375
340, 376
340, 440
340, 441
340, 377
340, 378
340, 442
340, 443
340, 379
340, 380
340, 444
340, 445
340, 381
340, 382
340, 446
340, 447
340, 383
84, 128
84, 384
84, 256
84, 257
84, 385
84, 129
84, 258
84, 386
84, 130
84, 387
84, 259
84, 131
84, 132
84, 388
84, 260
84, 133
84, 261
84, 389
84, 134
84, 390
84, 262
84, 135
84, 263
84, 391
84, 136
84, 392
84, 264
84, 137
84, 265
84, 393
84, 138
84, 394
84, 266
84, 139
84, 267
84, 395
84, 140
84, 396
84, 268
84, 141
84, 269
84, 397
84, 142
84, 398
84, 270
84, 143
84, 271
84, 399
84, 144
84, 400
84, 272
84, 145
84, 273
84, 401
84, 146
84, 402
84, 274
84, 147
84, 275
84, 403
84, 148
84, 404
84, 276
84, 149
84, 277
84, 405
84, 150
84, 406
84, 278
84, 151
84, 279
84, 407
84, 152
84, 408
84, 280
84, 153
84, 281
84, 409
84, 154
84, 410
84, 282
84, 155
84, 283
84, 411
84, 156
84, 412
84, 284
84, 157
84, 285
84, 413
84, 158
84, 414
84, 286
84, 159
84, 287
84, 415
84, 160
84, 416
84, 288
84, 161
84, 289
84, 417
84, 162
84, 418
84, 290
84, 163
84, 291
84, 419
84, 164
84, 420
84, 292
84, 165
84, 293
84, 421
84, 166
84, 422
84, 294
84, 167
84, 295
84, 423
84, 168
84, 424
84, 296
84, 169
84, 297
84, 425
84, 170
84, 426
84, 298
84, 171
84, 299
84, 427
84, 172
84, 428
84, 300
84, 173
84, 301
84, 429
84, 174
84, 430
84, 302
84, 175
84, 303
84, 431
84, 176
84, 432
84, 304
84, 177
84, 305
84, 433
84, 178
84, 434
84, 306
84, 179
84, 307
84, 435
84, 180
84, 436
84, 308
84, 181
84, 309
84, 437
84, 182
84, 438
84, 310
84, 183
84, 311
84, 439
84, 184
84, 440
84, 312
84, 185
84, 313
84, 441
84, 186
84, 442
84, 314
84, 187
84, 315
84, 443
84, 188
84, 444
84, 316
84, 189
84, 317
84, 445
84, 190
84, 446
84, 318
84, 191
84, 319
84, 447
84, 320
84, 192
84, 448
84, 193
84, 449
84, 321
84, 450
84, 322
84, 194
84, 195
84, 323
84, 324
84, 196
84, 197
84, 325
84, 326
84, 198
84, 199
84, 327
84, 328
84, 200
84, 201
84, 329
84, 330
84, 202
84, 203
84, 331
84, 332
84, 204
84, 205
84, 333
84, 334
84, 206
84, 207
84, 335
84, 336
84, 208
84, 209
84, 337
84, 338
84, 210
84, 211
84, 339
84, 340
84, 212
84, 213
84, 341
84, 85
84, 86
84, 342
84, 214
84, 215
84, 343
84, 87
84, 88
84, 344
84, 216
84, 217
84, 345
84, 89
84, 90
84, 346
84, 218
84, 219
84, 347
84, 91
84, 92
84, 348
84, 220
84, 221
84, 349
84, 93
84, 94
84, 350
84, 222
84, 223
84, 351
84, 95
84, 96
84, 352
84, 224
84, 225
84, 353
84, 97
84, 98
84, 354
84, 226
84, 227
84, 355
84, 99
84, 100
84, 356
84, 228
84, 229
84, 357
84, 101
84, 102
84, 358
84, 230
84, 231
84, 359
84, 103
84, 104
84, 360
84, 232
84, 233
84, 361
84, 105
84, 106
84, 362
84, 234
84, 235
84, 363
84, 107
84, 108
84, 364
84, 236
84, 237
84, 365
84, 109
84, 110
84, 366
84, 238
84, 239
84, 367
84, 111
84, 112
84, 368
84, 240
84, 241
84, 369
84, 113
84, 114
84, 370
84, 242
84, 243
84, 371
84, 115
84, 116
84, 372
84, 244
84, 245
84, 373
84, 117
84, 118
84, 374
84, 246
84, 247
84, 375
84, 119
84, 120
84, 376
84, 248
84, 249
84, 377
84, 121
84, 122
84, 378
84, 250
84, 251
84, 379
84, 123
84, 124
84, 380
84, 252
84, 253
84, 381
84, 125
84, 126
84, 382
84, 254
84, 255
84, 383
84, 127
212, 256
212, 320
212, 384
212, 448
212, 257
212, 321
212, 385
212, 449
212, 322
212, 450
212, 386
212, 258
212, 387
212, 323
212, 259
212, 260
212, 388
212, 324
212, 389
212, 325
212, 261
212, 262
212, 326
212, 390
212, 391
212, 327
212, 263
212, 264
212, 328
212, 392
212, 393
212, 329
212, 265
212, 266
212, 330
212, 394
212, 395
212, 331
212, 267
212, 268
212, 332
212, 396
212, 397
212, 333
212, 269
212, 270
212, 334
212, 398
212, 399
212, 335
212, 271
212, 272
212, 336
212, 400
212, 401
212, 337
212, 273
212, 274
212, 338
212, 402
212, 403
212, 339
212, 275
212, 276
212, 340
212, 404
212, 405
212, 341
212, 277
212, 213
212, 214
212, 278
212, 342
212, 406
212, 407
212, 343
212, 279
212, 215
212, 216
212, 280
212, 344
212, 408
212, 409
212, 345
212, 281
212, 217
212, 218
212, 282
212, 346
212, 410
212, 411
212, 347
212, 283
212, 219
212, 220
212, 284
212, 348
212, 412
212, 413
212, 349
212, 285
212, 221
212, 222
212, 286
212, 350
212, 414
212, 415
212, 351
212, 287
212, 223
212, 224
212, 288
212, 352
212, 416
212, 417
212, 353
212, 289
212, 225
212, 226
212, 290
212, 354
212, 418
212, 419
212, 355
212, 291
212, 227
212, 228
212, 292
212, 356
212, 420
212, 421
212, 357
212, 293
212, 229
212, 230
212, 294
212, 358
212, 422
212, 423
212, 359
212, 295
212, 231
212, 232
212, 296
212, 360
212, 424
212, 425
212, 361
212, 297
212, 233
212, 234
212, 298
212, 362
212, 426
212, 427
212, 363
212, 299
212, 235
212, 236
212, 300
212, 364
212, 428
212, 429
212, 365
212, 301
212, 237
212, 238
212, 302
212, 366
212, 430
212, 431
212, 367
212, 303
212, 239
212, 240
212, 304
212, 368
212, 432
212, 433
212, 369
212, 305
212, 241
212, 242
212, 306
212, 370
212, 434
212, 435
212, 371
212, 307
212, 243
212, 244
212, 308
212, 372
212, 436
212, 437
212, 373
212, 309
212, 245
212, 246
212, 310
212, 374
212, 438
212, 439
212, 375
212, 311
212, 247
212, 248
212, 312
212, 376
212, 440
212, 441
212, 377
212, 313
212, 249
212, 250
212, 314
212, 378
212, 442
212, 443
212, 379
212, 315
212, 251
212, 252
212, 316
212, 380
212, 444
212, 445
212, 381
212, 317
212, 253
212, 254
212, 318
212, 382
212, 446
212, 447
212, 383
212, 319
212, 255
341, 384
341, 448
341, 385
341, 449
341, 386
341, 450
341, 387
341, 388
341, 389
341, 390
341, 391
341, 392
341, 393
341, 394
341, 395
341, 396
341, 397
341, 398
341, 399
341, 400
341, 401
341, 402
341, 403
341, 404
341, 405
341, 406
341, 342
341, 343
341, 407
341, 408
341, 344
341, 345
341, 409
341, 410
341, 346
341, 347
341, 411
341, 412
341, 348
341, 349
341, 413
341, 414
341, 350
341, 351
341, 415
341, 416
341, 352
341, 353
341, 417
341, 418
341, 354
341, 355
341, 419
341, 420
341, 356
341, 357
341, 421
341, 422
341, 358
341, 359
341, 423
341, 424
341, 360
341, 361
341, 425
341, 426
341, 362
341, 363
341, 427
341, 428
341, 364
341, 365
341, 429
341, 430
341, 366
341, 367
341, 431
341, 432
341, 368
341, 369
341, 433
341, 434
341, 370
341, 371
341, 435
341, 436
341, 372
341, 373
341, 437
341, 438
341, 374
341, 375
341, 439
341, 440
341, 376
341, 377
341, 441
341, 442
341, 378
341, 379
341, 443
341, 444
341, 380
341, 381
341, 445
341, 446
341, 382
341, 383
341, 447
85, 256
85, 384
85, 128
85, 129
85, 385
85, 257
85, 386
85, 258
85, 130
85, 387
85, 259
85, 131
85, 132
85, 388
85, 260
85, 133
85, 261
85, 389
85, 134
85, 390
85, 262
85, 135
85, 263
85, 391
85, 136
85, 392
85, 264
85, 137
85, 265
85, 393
85, 138
85, 394
85, 266
85, 139
85, 267
85, 395
85, 140
85, 396
85, 268
85, 141
85, 269
85, 397
85, 142
85, 398
85, 270
85, 143
85, 271
85, 399
85, 144
85, 400
85, 272
85, 145
85, 273
85, 401
85, 146
85, 402
85, 274
85, 147
85, 275
85, 403
85, 148
85, 404
85, 276
85, 149
85, 277
85, 405
85, 150
85, 406
85, 278
85, 151
85, 279
85, 407
85, 152
85, 408
85, 280
85, 153
85, 281
85, 409
85, 154
85, 410
85, 282
85, 155
85, 283
85, 411
85, 156
85, 412
85, 284
85, 157
85, 285
85, 413
85, 158
85, 414
85, 286
85, 159
85, 287
85, 415
85, 160
85, 416
85, 288
85, 161
85, 289
85, 417
85, 162
85, 418
85, 290
85, 163
85, 291
85, 419
85, 164
85, 420
85, 292
85, 165
85, 293
85, 421
85, 166
85, 422
85, 294
85, 167
85, 295
85, 423
85, 168
85, 424
85, 296
85, 169
85, 297
85, 425
85, 170
85, 426
85, 298
85, 171
85, 299
85, 427
85, 172
85, 428
85, 300
85, 173
85, 301
85, 429
85, 174
85, 430
85, 302
85, 175
85, 303
85, 431
85, 176
85, 432
85, 304
85, 177
85, 305
85, 433
85, 178
85, 434
85, 306
85, 179
85, 307
85, 435
85, 180
85, 436
85, 308
85, 181
85, 309
85, 437
85, 182
85, 438
85, 310
85, 183
85, 311
85, 439
85, 184
85, 440
85, 312
85, 185
85, 313
85, 441
85, 186
85, 442
85, 314
85, 187
85, 315
85, 443
85, 188
85, 444
85, 316
85, 189
85, 317
85, 445
85, 190
85, 446
85, 318
85, 191
85, 319
85, 447
85, 192
85, 448
85, 320
85, 321
85, 449
85, 193
85, 194
85, 322
85, 450
85, 323
85, 195
85, 196
85, 324
85, 325
85, 197
85, 198
85, 326
85, 327
85, 199
85, 200
85, 328
85, 329
85, 201
85, 202
85, 330
85, 331
85, 203
85, 204
85, 332
85, 333
85, 205
85, 206
85, 334
85, 335
85, 207
85, 208
85, 336
85, 337
85, 209
85, 210
85, 338
85, 339
85, 211
85, 212
85, 340
85, 341
85, 213
85, 214
85, 342
85, 86
85, 87
85, 343
85, 215
85, 216
85, 344
85, 88
85, 89
85, 345
85, 217
85, 218
85, 346
85, 90
85, 91
85, 347
85, 219
85, 220
85, 348
85, 92
85, 93
85, 349
85, 221
85, 222
85, 350
85, 94
85, 95
85, 351
85, 223
85, 224
85, 352
85, 96
85, 97
85, 353
85, 225
85, 226
85, 354
85, 98
85, 99
85, 355
85, 227
85, 228
85, 356
85, 100
85, 101
85, 357
85, 229
85, 230
85, 358
85, 102
85, 103
85, 359
85, 231
85, 232
85, 360
85, 104
85, 105
85, 361
85, 233
85, 234
85, 362
85, 106
85, 107
85, 363
85, 235
85, 236
85, 364
85, 108
85, 109
85, 365
85, 237
85, 238
85, 366
85, 110
85, 111
85, 367
85, 239
85, 240
85, 368
85, 112
85, 113
85, 369
85, 241
85, 242
85, 370
85, 114
85, 115
85, 371
85, 243
85, 244
85, 372
85, 116
85, 117
85, 373
85, 245
85, 246
85, 374
85, 118
85, 119
85, 375
85, 247
85, 248
85, 376
85, 120
85, 121
85, 377
85, 249
85, 250
85, 378
85, 122
85, 123
85, 379
85, 251
85, 252
85, 380
85, 124
85, 125
85, 381
85, 253
85, 254
85, 382
85, 126
85, 127
85, 383
85, 255
213, 256
213, 320
213, 384
213, 448
213, 257
213, 321
213, 385
213, 449
213, 258
213, 386
213, 450
213, 322
213, 259
213, 323
213, 387
213, 324
213, 388
213, 260
213, 261
213, 325
213, 389
213, 390
213, 326
213, 262
213, 263
213, 327
213, 391
213, 392
213, 328
213, 264
213, 265
213, 329
213, 393
213, 394
213, 330
213, 266
213, 267
213, 331
213, 395
213, 396
213, 332
213, 268
213, 269
213, 333
213, 397
213, 398
213, 334
213, 270
213, 271
213, 335
213, 399
213, 400
213, 336
213, 272
213, 273
213, 337
213, 401
213, 402
213, 338
213, 274
213, 275
213, 339
213, 403
213, 404
213, 340
213, 276
213, 277
213, 341
213, 405
213, 406
213, 342
213, 278
213, 214
213, 215
213, 279
213, 343
213, 407
213, 408
213, 344
213, 280
213, 216
213, 217
213, 281
213, 345
213, 409
213, 410
213, 346
213, 282
213, 218
213, 219
213, 283
213, 347
213, 411
213, 412
213, 348
213, 284
213, 220
213, 221
213, 285
213, 349
213, 413
213, 414
213, 350
213, 286
213, 222
213, 223
213, 287
213, 351
213, 415
213, 416
213, 352
213, 288
213, 224
213, 225
213, 289
213, 353
213, 417
213, 418
213, 354
213, 290
213, 226
213, 227
213, 291
213, 355
213, 419
213, 420
213, 356
213, 292
213, 228
213, 229
213, 293
213, 357
213, 421
213, 422
213, 358
213, 294
213, 230
213, 231
213, 295
213, 359
213, 423
213, 424
213, 360
213, 296
213, 232
213, 233
213, 297
213, 361
213, 425
213, 426
213, 362
213, 298
213, 234
213, 235
213, 299
213, 363
213, 427
213, 428
213, 364
213, 300
213, 236
213, 237
213, 301
213, 365
213, 429
213, 430
213, 366
213, 302
213, 238
213, 239
213, 303
213, 367
213, 431
213, 432
213, 368
213, 304
213, 240
213, 241
213, 305
213, 369
213, 433
213, 434
213, 370
213, 306
213, 242
213, 243
213, 307
213, 371
213, 435
213, 436
213, 372
213, 308
213, 244
213, 245
213, 309
213, 373
213, 437
213, 438
213, 374
213, 310
213, 246
213, 247
213, 311
213, 375
213, 439
213, 440
213, 376
213, 312
213, 248
213, 249
213, 313
213, 377
213, 441
213, 442
213, 378
213, 314
213, 250
213, 251
213, 315
213, 379
213, 443
213, 444
213, 380
213, 316
213, 252
213, 253
213, 317
213, 381
213, 445
213, 446
213, 382
213, 318
213, 254
213, 255
213, 319
213, 383
213, 447
342, 384
342, 448
342, 385
342, 449
342, 386
342, 450
342, 387
342, 388
342, 389
342, 390
342, 391
342, 392
342, 393
342, 394
342, 395
342, 396
342, 397
342, 398
342, 399
342, 400
342, 401
342, 402
342, 403
342, 404
342, 405
342, 406
342, 407
342, 343
342, 344
342, 408
342, 409
342, 345
342, 346
342, 410
342, 411
342, 347
342, 348
342, 412
342, 413
342, 349
342, 350
342, 414
342, 415
342, 351
342, 352
342, 416
342, 417
342, 353
342, 354
342, 418
342, 419
342, 355
342, 356
342, 420
342, 421
342, 357
342, 358
342, 422
342, 423
342, 359
342, 360
342, 424
342, 425
342, 361
342, 362
342, 426
342, 427
342, 363
342, 364
342, 428
342, 429
342, 365
342, 366
342, 430
342, 431
342, 367
342, 368
342, 432
342, 433
342, 369
342, 370
342, 434
342, 435
342, 371
342, 372
342, 436
342, 437
342, 373
342, 374
342, 438
342, 439
342, 375
342, 376
342, 440
342, 441
342, 377
342, 378
342, 442
342, 443
342, 379
342, 380
342, 444
342, 445
342, 381
342, 382
342, 446
342, 447
342, 383
86, 128
86, 384
86, 256
86, 257
86, 385
86, 129
86, 258
86, 386
86, 130
86, 387
86, 259
86, 131
86, 132
86, 388
86, 260
86, 133
86, 261
86, 389
86, 134
86, 390
86, 262
86, 135
86, 263
86, 391
86, 136
86, 392
86, 264
86, 137
86, 265
86, 393
86, 138
86, 394
86, 266
86, 139
86, 267
86, 395
86, 140
86, 396
86, 268
86, 141
86, 269
86, 397
86, 142
86, 398
86, 270
86, 143
86, 271
86, 399
86, 144
86, 400
86, 272
86, 145
86, 273
86, 401
86, 146
86, 402
86, 274
86, 147
86, 275
86, 403
86, 148
86, 404
86, 276
86, 149
86, 277
86, 405
86, 150
86, 406
86, 278
86, 151
86, 279
86, 407
86, 152
86, 408
86, 280
86, 153
86, 281
86, 409
86, 154
86, 410
86, 282
86, 155
86, 283
86, 411
86, 156
86, 412
86, 284
86, 157
86, 285
86, 413
86, 158
86, 414
86, 286
86, 159
86, 287
86, 415
86, 160
86, 416
86, 288
86, 161
86, 289
86, 417
86, 162
86, 418
86, 290
86, 163
86, 291
86, 419
86, 164
86, 420
86, 292
86, 165
86, 293
86, 421
86, 166
86, 422
86, 294
86, 167
86, 295
86, 423
86, 168
86, 424
86, 296
86, 169
86, 297
86, 425
86, 170
86, 426
86, 298
86, 171
86, 299
86, 427
86, 172
86, 428
86, 300
86, 173
86, 301
86, 429
86, 174
86, 430
86, 302
86, 175
86, 303
86, 431
86, 176
86, 432
86, 304
86, 177
86, 305
86, 433
86, 178
86, 434
86, 306
86, 179
86, 307
86, 435
86, 180
86, 436
86, 308
86, 181
86, 309
86, 437
86, 182
86, 438
86, 310
86, 183
86, 311
86, 439
86, 184
86, 440
86, 312
86, 185
86, 313
86, 441
86, 186
86, 442
86, 314
86, 187
86, 315
86, 443
86, 188
86, 444
86, 316
86, 189
86, 317
86, 445
86, 190
86, 446
86, 318
86, 191
86, 319
86, 447
86, 448
86, 320
86, 192
86, 193
86, 449
86, 321
86, 450
86, 322
86, 194
86, 195
86, 323
86, 324
86, 196
86, 197
86, 325
86, 326
86, 198
86, 199
86, 327
86, 328
86, 200
86, 201
86, 329
86, 330
86, 202
86, 203
86, 331
86, 332
86, 204
86, 205
86, 333
86, 334
86, 206
86, 207
86, 335
86, 336
86, 208
86, 209
86, 337
86, 338
86, 210
86, 211
86, 339
86, 340
86, 212
86, 213
86, 341
86, 342
86, 214
86, 215
86, 343
86, 87
86, 88
86, 344
86, 216
86, 217
86, 345
86, 89
86, 90
86, 346
86, 218
86, 219
86, 347
86, 91
86, 92
86, 348
86, 220
86, 221
86, 349
86, 93
86, 94
86, 350
86, 222
86, 223
86, 351
86, 95
86, 96
86, 352
86, 224
86, 225
86, 353
86, 97
86, 98
86, 354
86, 226
86, 227
86, 355
86, 99
86, 100
86, 356
86, 228
86, 229
86, 357
86, 101
86, 102
86, 358
86, 230
86, 231
86, 359
86, 103
86, 104
86, 360
86, 232
86, 233
86, 361
86, 105
86, 106
86, 362
86, 234
86, 235
86, 363
86, 107
86, 108
86, 364
86, 236
86, 237
86, 365
86, 109
86, 110
86, 366
86, 238
86, 239
86, 367
86, 111
86, 112
86, 368
86, 240
86, 241
86, 369
86, 113
86, 114
86, 370
86, 242
86, 243
86, 371
86, 115
86, 116
86, 372
86, 244
86, 245
86, 373
86, 117
86, 118
86, 374
86, 246
86, 247
86, 375
86, 119
86, 120
86, 376
86, 248
86, 249
86, 377
86, 121
86, 122
86, 378
86, 250
86, 251
86, 379
86, 123
86, 124
86, 380
86, 252
86, 253
86, 381
86, 125
86, 126
86, 382
86, 254
86, 255
86, 383
86, 127
214, 256
214, 320
214, 384
214, 448
214, 257
214, 321
214, 385
214, 449
214, 322
214, 450
214, 386
214, 258
214, 387
214, 323
214, 259
214, 260
214, 388
214, 324
214, 389
214, 325
214, 261
214, 262
214, 326
214, 390
214, 391
214, 327
214, 263
214, 264
214, 328
214, 392
214, 393
214, 329
214, 265
214, 266
214, 330
214, 394
214, 395
214, 331
214, 267
214, 268
214, 332
214, 396
214, 397
214, 333
214, 269
214, 270
214, 334
214, 398
214, 399
214, 335
214, 271
214, 272
214, 336
214, 400
214, 401
214, 337
214, 273
214, 274
214, 338
214, 402
214, 403
214, 339
214, 275
214, 276
214, 340
214, 404
214, 405
214, 341
214, 277
214, 278
214, 342
214, 406
214, 407
214, 343
214, 279
214, 215
214, 216
214, 280
214, 344
214, 408
214, 409
214, 345
214, 281
214, 217
214, 218
214, 282
214, 346
214, 410
214, 411
214, 347
214, 283
214, 219
214, 220
214, 284
214, 348
214, 412
214, 413
214, 349
214, 285
214, 221
214, 222
214, 286
214, 350
214, 414
214, 415
214, 351
214, 287
214, 223
214, 224
214, 288
214, 352
214, 416
214, 417
214, 353
214, 289
214, 225
214, 226
214, 290
214, 354
214, 418
214, 419
214, 355
214, 291
214, 227
214, 228
214, 292
214, 356
214, 420
214, 421
214, 357
214, 293
214, 229
214, 230
214, 294
214, 358
214, 422
214, 423
214, 359
214, 295
214, 231
214, 232
214, 296
214, 360
214, 424
214, 425
214, 361
214, 297
214, 233
214, 234
214, 298
214, 362
214, 426
214, 427
214, 363
214, 299
214, 235
214, 236
214, 300
214, 364
214, 428
214, 429
214, 365
214, 301
214, 237
214, 238
214, 302
214, 366
214, 430
214, 431
214, 367
214, 303
214, 239
214, 240
214, 304
214, 368
214, 432
214, 433
214, 369
214, 305
214, 241
214, 242
214, 306
214, 370
214, 434
214, 435
214, 371
214, 307
214, 243
214, 244
214, 308
214, 372
214, 436
214, 437
214, 373
214, 309
214, 245
214, 246
214, 310
214, 374
214, 438
214, 439
214, 375
214, 311
214, 247
214, 248
214, 312
214, 376
214, 440
214, 441
214, 377
214, 313
214, 249
214, 250
214, 314
214, 378
214, 442
214, 443
214, 379
214, 315
214, 251
214, 252
214, 316
214, 380
214, 444
214, 445
214, 381
214, 317
214, 253
214, 254
214, 318
214, 382
214, 446
214, 447
214, 383
214, 319
214, 255
343, 384
343, 448
343, 385
343, 449
343, 386
343, 450
343, 387
343, 388
343, 389
343, 390
343, 391
343, 392
343, 393
343, 394
343, 395
343, 396
343, 397
343, 398
343, 399
343, 400
343, 401
343, 402
343, 403
343, 404
343, 405
343, 406
343, 407
343, 408
343, 344
343, 345
343, 409
343, 410
343, 346
343, 347
343, 411
343, 412
343, 348
343, 349
343, 413
343, 414
343, 350
343, 351
343, 415
343, 416
343, 352
343, 353
343, 417
343, 418
343, 354
343, 355
343, 419
343, 420
343, 356
343, 357
343, 421
343, 422
343, 358
343, 359
343, 423
343, 424
343, 360
343, 361
343, 425
343, 426
343, 362
343, 363
343, 427
343, 428
343, 364
343, 365
343, 429
343, 430
343, 366
343, 367
343, 431
343, 432
343, 368
343, 369
343, 433
343, 434
343, 370
343, 371
343, 435
343, 436
343, 372
343, 373
343, 437
343, 438
343, 374
343, 375
343, 439
343, 440
343, 376
343, 377
343, 441
343, 442
343, 378
343, 379
343, 443
343, 444
343, 380
343, 381
343, 445
343, 446
343, 382
343, 383
343, 447
87, 256
87, 384
87, 128
87, 129
87, 385
87, 257
87, 386
87, 258
87, 130
87, 387
87, 259
87, 131
87, 132
87, 388
87, 260
87, 133
87, 261
87, 389
87, 134
87, 390
87, 262
87, 135
87, 263
87, 391
87, 136
87, 392
87, 264
87, 137
87, 265
87, 393
87, 138
87, 394
87, 266
87, 139
87, 267
87, 395
87, 140
87, 396
87, 268
87, 141
87, 269
87, 397
87, 142
87, 398
87, 270
87, 143
87, 271
87, 399
87, 144
87, 400
87, 272
87, 145
87, 273
87, 401
87, 146
87, 402
87, 274
87, 147
87, 275
87, 403
87, 148
87, 404
87, 276
87, 149
87, 277
87, 405
87, 150
87, 406
87, 278
87, 151
87, 279
87, 407
87, 152
87, 408
87, 280
87, 153
87, 281
87, 409
87, 154
87, 410
87, 282
87, 155
87, 283
87, 411
87, 156
87, 412
87, 284
87, 157
87, 285
87, 413
87, 158
87, 414
87, 286
87, 159
87, 287
87, 415
87, 160
87, 416
87, 288
87, 161
87, 289
87, 417
87, 162
87, 418
87, 290
87, 163
87, 291
87, 419
87, 164
87, 420
87, 292
87, 165
87, 293
87, 421
87, 166
87, 422
87, 294
87, 167
87, 295
87, 423
87, 168
87, 424
87, 296
87, 169
87, 297
87, 425
87, 170
87, 426
87, 298
87, 171
87, 299
87, 427
87, 172
87, 428
87, 300
87, 173
87, 301
87, 429
87, 174
87, 430
87, 302
87, 175
87, 303
87, 431
87, 176
87, 432
87, 304
87, 177
87, 305
87, 433
87, 178
87, 434
87, 306
87, 179
87, 307
87, 435
87, 180
87, 436
87, 308
87, 181
87, 309
87, 437
87, 182
87, 438
87, 310
87, 183
87, 311
87, 439
87, 184
87, 440
87, 312
87, 185
87, 313
87, 441
87, 186
87, 442
87, 314
87, 187
87, 315
87, 443
87, 188
87, 444
87, 316
87, 189
87, 317
87, 445
87, 190
87, 446
87, 318
87, 191
87, 319
87, 447
87, 320
87, 192
87, 448
87, 321
87, 449
87, 193
87, 194
87, 322
87, 450
87, 323
87, 195
87, 196
87, 324
87, 325
87, 197
87, 198
87, 326
87, 327
87, 199
87, 200
87, 328
87, 329
87, 201
87, 202
87, 330
87, 331
87, 203
87, 204
87, 332
87, 333
87, 205
87, 206
87, 334
87, 335
87, 207
87, 208
87, 336
87, 337
87, 209
87, 210
87, 338
87, 339
87, 211
87, 212
87, 340
87, 341
87, 213
87, 214
87, 342
87, 343
87, 215
87, 216
87, 344
87, 88
87, 89
87, 345
87, 217
87, 218
87, 346
87, 90
87, 91
87, 347
87, 219
87, 220
87, 348
87, 92
87, 93
87, 349
87, 221
87, 222
87, 350
87, 94
87, 95
87, 351
87, 223
87, 224
87, 352
87, 96
87, 97
87, 353
87, 225
87, 226
87, 354
87, 98
87, 99
87, 355
87, 227
87, 228
87, 356
87, 100
87, 101
87, 357
87, 229
87, 230
87, 358
87, 102
87, 103
87, 359
87, 231
87, 232
87, 360
87, 104
87, 105
87, 361
87, 233
87, 234
87, 362
87, 106
87, 107
87, 363
87, 235
87, 236
87, 364
87, 108
87, 109
87, 365
87, 237
87, 238
87, 366
87, 110
87, 111
87, 367
87, 239
87, 240
87, 368
87, 112
87, 113
87, 369
87, 241
87, 242
87, 370
87, 114
87, 115
87, 371
87, 243
87, 244
87, 372
87, 116
87, 117
87, 373
87, 245
87, 246
87, 374
87, 118
87, 119
87, 375
87, 247
87, 248
87, 376
87, 120
87, 121
87, 377
87, 249
87, 250
87, 378
87, 122
87, 123
87, 379
87, 251
87, 252
87, 380
87, 124
87, 125
87, 381
87, 253
87, 254
87, 382
87, 126
87, 127
87, 383
87, 255
215, 256
215, 320
215, 384
215, 448
215, 257
215, 321
215, 385
215, 449
215, 258
215, 386
215, 450
215, 322
215, 259
215, 323
215, 387
215, 324
215, 388
215, 260
215, 261
215, 325
215, 389
215, 390
215, 326
215, 262
215, 263
215, 327
215, 391
215, 392
215, 328
215, 264
215, 265
215, 329
215, 393
215, 394
215, 330
215, 266
215, 267
215, 331
215, 395
215, 396
215, 332
215, 268
215, 269
215, 333
215, 397
215, 398
215, 334
215, 270
215, 271
215, 335
215, 399
215, 400
215, 336
215, 272
215, 273
215, 337
215, 401
215, 402
215, 338
215, 274
215, 275
215, 339
215, 403
215, 404
215, 340
215, 276
215, 277
215, 341
215, 405
215, 406
215, 342
215, 278
215, 279
215, 343
215, 407
215, 408
215, 344
215, 280
215, 216
215, 217
215, 281
215, 345
215, 409
215, 410
215, 346
215, 282
215, 218
215, 219
215, 283
215, 347
215, 411
215, 412
215, 348
215, 284
215, 220
215, 221
215, 285
215, 349
215, 413
215, 414
215, 350
215, 286
215, 222
215, 223
215, 287
215, 351
215, 415
215, 416
215, 352
215, 288
215, 224
215, 225
215, 289
215, 353
215, 417
215, 418
215, 354
215, 290
215, 226
215, 227
215, 291
215, 355
215, 419
215, 420
215, 356
215, 292
215, 228
215, 229
215, 293
215, 357
215, 421
215, 422
215, 358
215, 294
215, 230
215, 231
215, 295
215, 359
215, 423
215, 424
215, 360
215, 296
215, 232
215, 233
215, 297
215, 361
215, 425
215, 426
215, 362
215, 298
215, 234
215, 235
215, 299
215, 363
215, 427
215, 428
215, 364
215, 300
215, 236
215, 237
215, 301
215, 365
215, 429
215, 430
215, 366
215, 302
215, 238
215, 239
215, 303
215, 367
215, 431
215, 432
215, 368
215, 304
215, 240
215, 241
215, 305
215, 369
215, 433
215, 434
215, 370
215, 306
215, 242
215, 243
215, 307
215, 371
215, 435
215, 436
215, 372
215, 308
215, 244
215, 245
215, 309
215, 373
215, 437
215, 438
215, 374
215, 310
215, 246
215, 247
215, 311
215, 375
215, 439
215, 440
215, 376
215, 312
215, 248
215, 249
215, 313
215, 377
215, 441
215, 442
215, 378
215, 314
215, 250
215, 251
215, 315
215, 379
215, 443
215, 444
215, 380
215, 316
215, 252
215, 253
215, 317
215, 381
215, 445
215, 446
215, 382
215, 318
215, 254
215, 255
215, 319
215, 383
215, 447
344, 384
344, 448
344, 385
344, 449
344, 386
344, 450
344, 387
344, 388
344, 389
344, 390
344, 391
344, 392
344, 393
344, 394
344, 395
344, 396
344, 397
344, 398
344, 399
344, 400
344, 401
344, 402
344, 403
344, 404
344, 405
344, 406
344, 407
344, 408
344, 409
344, 345
344, 346
344, 410
344, 411
344, 347
344, 348
344, 412
344, 413
344, 349
344, 350
344, 414
344, 415
344, 351
344, 352
344, 416
344, 417
344, 353
344, 354
344, 418
344, 419
344, 355
344, 356
344, 420
344, 421
344, 357
344, 358
344, 422
344, 423
344, 359
344, 360
344, 424
344, 425
344, 361
344, 362
344, 426
344, 427
344, 363
344, 364
344, 428
344, 429
344, 365
344, 366
344, 430
344, 431
344, 367
344, 368
344, 432
344, 433
344, 369
344, 370
344, 434
344, 435
344, 371
344, 372
344, 436
344, 437
344, 373
344, 374
344, 438
344, 439
344, 375
344, 376
344, 440
344, 441
344, 377
344, 378
344, 442
344, 443
344, 379
344, 380
344, 444
344, 445
344, 381
344, 382
344, 446
344, 447
344, 383
88, 128
88, 384
88, 256
88, 257
88, 385
88, 129
88, 258
88, 386
88, 130
88, 387
88, 259
88, 131
88, 132
88, 388
88, 260
88, 133
88, 261
88, 389
88, 134
88, 390
88, 262
88, 135
88, 263
88, 391
88, 136
88, 392
88, 264
88, 137
88, 265
88, 393
88, 138
88, 394
88, 266
88, 139
88, 267
88, 395
88, 140
88, 396
88, 268
88, 141
88, 269
88, 397
88, 142
88, 398
88, 270
88, 143
88, 271
88, 399
88, 144
88, 400
88, 272
88, 145
88, 273
88, 401
88, 146
88, 402
88, 274
88, 147
88, 275
88, 403
88, 148
88, 404
88, 276
88, 149
88, 277
88, 405
88, 150
88, 406
88, 278
88, 151
88, 279
88, 407
88, 152
88, 408
88, 280
88, 153
88, 281
88, 409
88, 154
88, 410
88, 282
88, 155
88, 283
88, 411
88, 156
88, 412
88, 284
88, 157
88, 285
88, 413
88, 158
88, 414
88, 286
88, 159
88, 287
88, 415
88, 160
88, 416
88, 288
88, 161
88, 289
88, 417
88, 162
88, 418
88, 290
88, 163
88, 291
88, 419
88, 164
88, 420
88, 292
88, 165
88, 293
88, 421
88, 166
88, 422
88, 294
88, 167
88, 295
88, 423
88, 168
88, 424
88, 296
88, 169
88, 297
88, 425
88, 170
88, 426
88, 298
88, 171
88, 299
88, 427
88, 172
88, 428
88, 300
88, 173
88, 301
88, 429
88, 174
88, 430
88, 302
88, 175
88, 303
88, 431
88, 176
88, 432
88, 304
88, 177
88, 305
88, 433
88, 178
88, 434
88, 306
88, 179
88, 307
88, 435
88, 180
88, 436
88, 308
88, 181
88, 309
88, 437
88, 182
88, 438
88, 310
88, 183
88, 311
88, 439
88, 184
88, 440
88, 312
88, 185
88, 313
88, 441
88, 186
88, 442
88, 314
88, 187
88, 315
88, 443
88, 188
88, 444
88, 316
88, 189
88, 317
88, 445
88, 190
88, 446
88, 318
88, 191
88, 319
88, 447
88, 192
88, 448
88, 320
88, 193
88, 449
88, 321
88, 450
88, 322
88, 194
88, 195
88, 323
88, 324
88, 196
88, 197
88, 325
88, 326
88, 198
88, 199
88, 327
88, 328
88, 200
88, 201
88, 329
88, 330
88, 202
88, 203
88, 331
88, 332
88, 204
88, 205
88, 333
88, 334
88, 206
88, 207
88, 335
88, 336
88, 208
88, 209
88, 337
88, 338
88, 210
88, 211
88, 339
88, 340
88, 212
88, 213
88, 341
88, 342
88, 214
88, 215
88, 343
88, 344
88, 216
88, 217
88, 345
88, 89
88, 90
88, 346
88, 218
88, 219
88, 347
88, 91
88, 92
88, 348
88, 220
88, 221
88, 349
88, 93
88, 94
88, 350
88, 222
88, 223
88, 351
88, 95
88, 96
88, 352
88, 224
88, 225
88, 353
88, 97
88, 98
88, 354
88, 226
88, 227
88, 355
88, 99
88, 100
88, 356
88, 228
88, 229
88, 357
88, 101
88, 102
88, 358
88, 230
88, 231
88, 359
88, 103
88, 104
88, 360
88, 232
88, 233
88, 361
88, 105
88, 106
88, 362
88, 234
88, 235
88, 363
88, 107
88, 108
88, 364
88, 236
88, 237
88, 365
88, 109
88, 110
88, 366
88, 238
88, 239
88, 367
88, 111
88, 112
88, 368
88, 240
88, 241
88, 369
88, 113
88, 114
88, 370
88, 242
88, 243
88, 371
88, 115
88, 116
88, 372
88, 244
88, 245
88, 373
88, 117
88, 118
88, 374
88, 246
88, 247
88, 375
88, 119
88, 120
88, 376
88, 248
88, 249
88, 377
88, 121
88, 122
88, 378
88, 250
88, 251
88, 379
88, 123
88, 124
88, 380
88, 252
88, 253
88, 381
88, 125
88, 126
88, 382
88, 254
88, 255
88, 383
88, 127
216, 256
216, 320
216, 384
216, 448
216, 257
216, 321
216, 385
216, 449
216, 322
216, 450
216, 386
216, 258
216, 387
216, 323
216, 259
216, 260
216, 388
216, 324
216, 389
216, 325
216, 261
216, 262
216, 326
216, 390
216, 391
216, 327
216, 263
216, 264
216, 328
216, 392
216, 393
216, 329
216, 265
216, 266
216, 330
216, 394
216, 395
216, 331
216, 267
216, 268
216, 332
216, 396
216, 397
216, 333
216, 269
216, 270
216, 334
216, 398
216, 399
216, 335
216, 271
216, 272
216, 336
216, 400
216, 401
216, 337
216, 273
216, 274
216, 338
216, 402
216, 403
216, 339
216, 275
216, 276
216, 340
216, 404
216, 405
216, 341
216, 277
216, 278
216, 342
216, 406
216, 407
216, 343
216, 279
216, 280
216, 344
216, 408
216, 409
216, 345
216, 281
216, 217
216, 218
216, 282
216, 346
216, 410
216, 411
216, 347
216, 283
216, 219
216, 220
216, 284
216, 348
216, 412
216, 413
216, 349
216, 285
216, 221
216, 222
216, 286
216, 350
216, 414
216, 415
216, 351
216, 287
216, 223
216, 224
216, 288
216, 352
216, 416
216, 417
216, 353
216, 289
216, 225
216, 226
216, 290
216, 354
216, 418
216, 419
216, 355
216, 291
216, 227
216, 228
216, 292
216, 356
216, 420
216, 421
216, 357
216, 293
216, 229
216, 230
216, 294
216, 358
216, 422
216, 423
216, 359
216, 295
216, 231
216, 232
216, 296
216, 360
216, 424
216, 425
216, 361
216, 297
216, 233
216, 234
216, 298
216, 362
216, 426
216, 427
216, 363
216, 299
216, 235
216, 236
216, 300
216, 364
216, 428
216, 429
216, 365
216, 301
216, 237
216, 238
216, 302
216, 366
216, 430
216, 431
216, 367
216, 303
216, 239
216, 240
216, 304
216, 368
216, 432
216, 433
216, 369
216, 305
216, 241
216, 242
216, 306
216, 370
216, 434
216, 435
216, 371
216, 307
216, 243
216, 244
216, 308
216, 372
216, 436
216, 437
216, 373
216, 309
216, 245
216, 246
216, 310
216, 374
216, 438
216, 439
216, 375
216, 311
216, 247
216, 248
216, 312
216, 376
216, 440
216, 441
216, 377
216, 313
216, 249
216, 250
216, 314
216, 378
216, 442
216, 443
216, 379
216, 315
216, 251
216, 252
216, 316
216, 380
216, 444
216, 445
216, 381
216, 317
216, 253
216, 254
216, 318
216, 382
216, 446
216, 447
216, 383
216, 319
216, 255
345, 384
345, 448
345, 385
345, 449
345, 386
345, 450
345, 387
345, 388
345, 389
345, 390
345, 391
345, 392
345, 393
345, 394
345, 395
345, 396
345, 397
345, 398
345, 399
345, 400
345, 401
345, 402
345, 403
345, 404
345, 405
345, 406
345, 407
345, 408
345, 409
345, 410
345, 346
345, 347
345, 411
345, 412
345, 348
345, 349
345, 413
345, 414
345, 350
345, 351
345, 415
345, 416
345, 352
345, 353
345, 417
345, 418
345, 354
345, 355
345, 419
345, 420
345, 356
345, 357
345, 421
345, 422
345, 358
345, 359
345, 423
345, 424
345, 360
345, 361
345, 425
345, 426
345, 362
345, 363
345, 427
345, 428
345, 364
345, 365
345, 429
345, 430
345, 366
345, 367
345, 431
345, 432
345, 368
345, 369
345, 433
345, 434
345, 370
345, 371
345, 435
345, 436
345, 372
345, 373
345, 437
345, 438
345, 374
345, 375
345, 439
345, 440
345, 376
345, 377
345, 441
345, 442
345, 378
345, 379
345, 443
345, 444
345, 380
345, 381
345, 445
345, 446
345, 382
345, 383
345, 447
89, 256
89, 384
89, 128
89, 129
89, 385
89, 257
89, 386
89, 258
89, 130
89, 387
89, 259
89, 131
89, 132
89, 388
89, 260
89, 133
89, 261
89, 389
89, 134
89, 390
89, 262
89, 135
89, 263
89, 391
89, 136
89, 392
89, 264
89, 137
89, 265
89, 393
89, 138
89, 394
89, 266
89, 139
89, 267
89, 395
89, 140
89, 396
89, 268
89, 141
89, 269
89, 397
89, 142
89, 398
89, 270
89, 143
89, 271
89, 399
89, 144
89, 400
89, 272
89, 145
89, 273
89, 401
89, 146
89, 402
89, 274
89, 147
89, 275
89, 403
89, 148
89, 404
89, 276
89, 149
89, 277
89, 405
89, 150
89, 406
89, 278
89, 151
89, 279
89, 407
89, 152
89, 408
89, 280
89, 153
89, 281
89, 409
89, 154
89, 410
89, 282
89, 155
89, 283
89, 411
89, 156
89, 412
89, 284
89, 157
89, 285
89, 413
89, 158
89, 414
89, 286
89, 159
89, 287
89, 415
89, 160
89, 416
89, 288
89, 161
89, 289
89, 417
89, 162
89, 418
89, 290
89, 163
89, 291
89, 419
89, 164
89, 420
89, 292
89, 165
89, 293
89, 421
89, 166
89, 422
89, 294
89, 167
89, 295
89, 423
89, 168
89, 424
89, 296
89, 169
89, 297
89, 425
89, 170
89, 426
89, 298
89, 171
89, 299
89, 427
89, 172
89, 428
89, 300
89, 173
89, 301
89, 429
89, 174
89, 430
89, 302
89, 175
89, 303
89, 431
89, 176
89, 432
89, 304
89, 177
89, 305
89, 433
89, 178
89, 434
89, 306
89, 179
89, 307
89, 435
89, 180
89, 436
89, 308
89, 181
89, 309
89, 437
89, 182
89, 438
89, 310
89, 183
89, 311
89, 439
89, 184
89, 440
89, 312
89, 185
89, 313
89, 441
89, 186
89, 442
89, 314
89, 187
89, 315
89, 443
89, 188
89, 444
89, 316
89, 189
89, 317
89, 445
89, 190
89, 446
89, 318
89, 191
89, 319
89, 447
89, 448
89, 320
89, 192
89, 321
89, 449
89, 193
89, 194
89, 322
89, 450
89, 323
89, 195
89, 196
89, 324
89, 325
89, 197
89, 198
89, 326
89, 327
89, 199
89, 200
89, 328
89, 329
89, 201
89, 202
89, 330
89, 331
89, 203
89, 204
89, 332
89, 333
89, 205
89, 206
89, 334
89, 335
89, 207
89, 208
89, 336
89, 337
89, 209
89, 210
89, 338
89, 339
89, 211
89, 212
89, 340
89, 341
89, 213
89, 214
89, 342
89, 343
89, 215
89, 216
89, 344
89, 345
89, 217
89, 218
89, 346
89, 90
89, 91
89, 347
89, 219
89, 220
89, 348
89, 92
89, 93
89, 349
89, 221
89, 222
89, 350
89, 94
89, 95
89, 351
89, 223
89, 224
89, 352
89, 96
89, 97
89, 353
89, 225
89, 226
89, 354
89, 98
89, 99
89, 355
89, 227
89, 228
89, 356
89, 100
89, 101
89, 357
89, 229
89, 230
89, 358
89, 102
89, 103
89, 359
89, 231
89, 232
89, 360
89, 104
89, 105
89, 361
89, 233
89, 234
89, 362
89, 106
89, 107
89, 363
89, 235
89, 236
89, 364
89, 108
89, 109
89, 365
89, 237
89, 238
89, 366
89, 110
89, 111
89, 367
89, 239
89, 240
89, 368
89, 112
89, 113
89, 369
89, 241
89, 242
89, 370
89, 114
89, 115
89, 371
89, 243
89, 244
89, 372
89, 116
89, 117
89, 373
89, 245
89, 246
89, 374
89, 118
89, 119
89, 375
89, 247
89, 248
89, 376
89, 120
89, 121
89, 377
89, 249
89, 250
89, 378
89, 122
89, 123
89, 379
89, 251
89, 252
89, 380
89, 124
89, 125
89, 381
89, 253
89, 254
89, 382
89, 126
89, 127
89, 383
89, 255
217, 256
217, 320
217, 384
217, 448
217, 257
217, 321
217, 385
217, 449
217, 258
217, 386
217, 450
217, 322
217, 259
217, 323
217, 387
217, 324
217, 388
217, 260
217, 261
217, 325
217, 389
217, 390
217, 326
217, 262
217, 263
217, 327
217, 391
217, 392
217, 328
217, 264
217, 265
217, 329
217, 393
217, 394
217, 330
217, 266
217, 267
217, 331
217, 395
217, 396
217, 332
217, 268
217, 269
217, 333
217, 397
217, 398
217, 334
217, 270
217, 271
217, 335
217, 399
217, 400
217, 336
217, 272
217, 273
217, 337
217, 401
217, 402
217, 338
217, 274
217, 275
217, 339
217, 403
217, 404
217, 340
217, 276
217, 277
217, 341
217, 405
217, 406
217, 342
217, 278
217, 279
217, 343
217, 407
217, 408
217, 344
217, 280
217, 281
217, 345
217, 409
217, 410
217, 346
217, 282
217, 218
217, 219
217, 283
217, 347
217, 411
217, 412
217, 348
217, 284
217, 220
217, 221
217, 285
217, 349
217, 413
217, 414
217, 350
217, 286
217, 222
217, 223
217, 287
217, 351
217, 415
217, 416
217, 352
217, 288
217, 224
217, 225
217, 289
217, 353
217, 417
217, 418
217, 354
217, 290
217, 226
217, 227
217, 291
217, 355
217, 419
217, 420
217, 356
217, 292
217, 228
217, 229
217, 293
217, 357
217, 421
217, 422
217, 358
217, 294
217, 230
217, 231
217, 295
217, 359
217, 423
217, 424
217, 360
217, 296
217, 232
217, 233
217, 297
217, 361
217, 425
217, 426
217, 362
217, 298
217, 234
217, 235
217, 299
217, 363
217, 427
217, 428
217, 364
217, 300
217, 236
217, 237
217, 301
217, 365
217, 429
217, 430
217, 366
217, 302
217, 238
217, 239
217, 303
217, 367
217, 431
217, 432
217, 368
217, 304
217, 240
217, 241
217, 305
217, 369
217, 433
217, 434
217, 370
217, 306
217, 242
217, 243
217, 307
217, 371
217, 435
217, 436
217, 372
217, 308
217, 244
217, 245
217, 309
217, 373
217, 437
217, 438
217, 374
217, 310
217, 246
217, 247
217, 311
217, 375
217, 439
217, 440
217, 376
217, 312
217, 248
217, 249
217, 313
217, 377
217, 441
217, 442
217, 378
217, 314
217, 250
217, 251
217, 315
217, 379
217, 443
217, 444
217, 380
217, 316
217, 252
217, 253
217, 317
217, 381
217, 445
217, 446
217, 382
217, 318
217, 254
217, 255
217, 319
217, 383
217, 447
346, 384
346, 448
346, 385
346, 449
346, 386
346, 450
346, 387
346, 388
346, 389
346, 390
346, 391
346, 392
346, 393
346, 394
346, 395
346, 396
346, 397
346, 398
346, 399
346, 400
346, 401
346, 402
346, 403
346, 404
346, 405
346, 406
346, 407
346, 408
346, 409
346, 410
346, 411
346, 347
346, 348
346, 412
346, 413
346, 349
346, 350
346, 414
346, 415
346, 351
346, 352
346, 416
346, 417
346, 353
346, 354
346, 418
346, 419
346, 355
346, 356
346, 420
346, 421
346, 357
346, 358
346, 422
346, 423
346, 359
346, 360
346, 424
346, 425
346, 361
346, 362
346, 426
346, 427
346, 363
346, 364
346, 428
346, 429
346, 365
346, 366
346, 430
346, 431
346, 367
346, 368
346, 432
346, 433
346, 369
346, 370
346, 434
346, 435
346, 371
346, 372
346, 436
346, 437
346, 373
346, 374
346, 438
346, 439
346, 375
346, 376
346, 440
346, 441
346, 377
346, 378
346, 442
346, 443
346, 379
346, 380
346, 444
346, 445
346, 381
346, 382
346, 446
346, 447
346, 383
90, 128
90, 384
90, 256
90, 257
90, 385
90, 129
90, 258
90, 386
90, 130
90, 387
90, 259
90, 131
90, 132
90, 388
90, 260
90, 133
90, 261
90, 389
90, 134
90, 390
90, 262
90, 135
90, 263
90, 391
90, 136
90, 392
90, 264
90, 137
90, 265
90, 393
90, 138
90, 394
90, 266
90, 139
90, 267
90, 395
90, 140
90, 396
90, 268
90, 141
90, 269
90, 397
90, 142
90, 398
90, 270
90, 143
90, 271
90, 399
90, 144
90, 400
90, 272
90, 145
90, 273
90, 401
90, 146
90, 402
90, 274
90, 147
90, 275
90, 403
90, 148
90, 404
90, 276
90, 149
90, 277
90, 405
90, 150
90, 406
90, 278
90, 151
90, 279
90, 407
90, 152
90, 408
90, 280
90, 153
90, 281
90, 409
90, 154
90, 410
90, 282
90, 155
90, 283
90, 411
90, 156
90, 412
90, 284
90, 157
90, 285
90, 413
90, 158
90, 414
90, 286
90, 159
90, 287
90, 415
90, 160
90, 416
90, 288
90, 161
90, 289
90, 417
90, 162
90, 418
90, 290
90, 163
90, 291
90, 419
90, 164
90, 420
90, 292
90, 165
90, 293
90, 421
90, 166
90, 422
90, 294
90, 167
90, 295
90, 423
90, 168
90, 424
90, 296
90, 169
90, 297
90, 425
90, 170
90, 426
90, 298
90, 171
90, 299
90, 427
90, 172
90, 428
90, 300
90, 173
90, 301
90, 429
90, 174
90, 430
90, 302
90, 175
90, 303
90, 431
90, 176
90, 432
90, 304
90, 177
90, 305
90, 433
90, 178
90, 434
90, 306
90, 179
90, 307
90, 435
90, 180
90, 436
90, 308
90, 181
90, 309
90, 437
90, 182
90, 438
90, 310
90, 183
90, 311
90, 439
90, 184
90, 440
90, 312
90, 185
90, 313
90, 441
90, 186
90, 442
90, 314
90, 187
90, 315
90, 443
90, 188
90, 444
90, 316
90, 189
90, 317
90, 445
90, 190
90, 446
90, 318
90, 191
90, 319
90, 447
90, 320
90, 192
90, 448
90, 193
90, 449
90, 321
90, 450
90, 322
90, 194
90, 195
90, 323
90, 324
90, 196
90, 197
90, 325
90, 326
90, 198
90, 199
90, 327
90, 328
90, 200
90, 201
90, 329
90, 330
90, 202
90, 203
90, 331
90, 332
90, 204
90, 205
90, 333
90, 334
90, 206
90, 207
90, 335
90, 336
90, 208
90, 209
90, 337
90, 338
90, 210
90, 211
90, 339
90, 340
90, 212
90, 213
90, 341
90, 342
90, 214
90, 215
90, 343
90, 344
90, 216
90, 217
90, 345
90, 346
90, 218
90, 219
90, 347
90, 91
90, 92
90, 348
90, 220
90, 221
90, 349
90, 93
90, 94
90, 350
90, 222
90, 223
90, 351
90, 95
90, 96
90, 352
90, 224
90, 225
90, 353
90, 97
90, 98
90, 354
90, 226
90, 227
90, 355
90, 99
90, 100
90, 356
90, 228
90, 229
90, 357
90, 101
90, 102
90, 358
90, 230
90, 231
90, 359
90, 103
90, 104
90, 360
90, 232
90, 233
90, 361
90, 105
90, 106
90, 362
90, 234
90, 235
90, 363
90, 107
90, 108
90, 364
90, 236
90, 237
90, 365
90, 109
90, 110
90, 366
90, 238
90, 239
90, 367
90, 111
90, 112
90, 368
90, 240
90, 241
90, 369
90, 113
90, 114
90, 370
90, 242
90, 243
90, 371
90, 115
90, 116
90, 372
90, 244
90, 245
90, 373
90, 117
90, 118
90, 374
90, 246
90, 247
90, 375
90, 119
90, 120
90, 376
90, 248
90, 249
90, 377
90, 121
90, 122
90, 378
90, 250
90, 251
90, 379
90, 123
90, 124
90, 380
90, 252
90, 253
90, 381
90, 125
90, 126
90, 382
90, 254
90, 255
90, 383
90, 127
218, 256
218, 320
218, 384
218, 448
218, 257
218, 321
218, 385
218, 449
218, 322
218, 450
218, 386
218, 258
218, 387
218, 323
218, 259
218, 260
218, 388
218, 324
218, 389
218, 325
218, 261
218, 262
218, 326
218, 390
218, 391
218, 327
218, 263
218, 264
218, 328
218, 392
218, 393
218, 329
218, 265
218, 266
218, 330
218, 394
218, 395
218, 331
218, 267
218, 268
218, 332
218, 396
218, 397
218, 333
218, 269
218, 270
218, 334
218, 398
218, 399
218, 335
218, 271
218, 272
218, 336
218, 400
218, 401
218, 337
218, 273
218, 274
218, 338
218, 402
218, 403
218, 339
218, 275
218, 276
218, 340
218, 404
218, 405
218, 341
218, 277
218, 278
218, 342
218, 406
218, 407
218, 343
218, 279
218, 280
218, 344
218, 408
218, 409
218, 345
218, 281
218, 282
218, 346
218, 410
218, 411
218, 347
218, 283
218, 219
218, 220
218, 284
218, 348
218, 412
218, 413
218, 349
218, 285
218, 221
218, 222
218, 286
218, 350
218, 414
218, 415
218, 351
218, 287
218, 223
218, 224
218, 288
218, 352
218, 416
218, 417
218, 353
218, 289
218, 225
218, 226
218, 290
218, 354
218, 418
218, 419
218, 355
218, 291
218, 227
218, 228
218, 292
218, 356
218, 420
218, 421
218, 357
218, 293
218, 229
218, 230
218, 294
218, 358
218, 422
218, 423
218, 359
218, 295
218, 231
218, 232
218, 296
218, 360
218, 424
218, 425
218, 361
218, 297
218, 233
218, 234
218, 298
218, 362
218, 426
218, 427
218, 363
218, 299
218, 235
218, 236
218, 300
218, 364
218, 428
218, 429
218, 365
218, 301
218, 237
218, 238
218, 302
218, 366
218, 430
218, 431
218, 367
218, 303
218, 239
218, 240
218, 304
218, 368
218, 432
218, 433
218, 369
218, 305
218, 241
218, 242
218, 306
218, 370
218, 434
218, 435
218, 371
218, 307
218, 243
218, 244
218, 308
218, 372
218, 436
218, 437
218, 373
218, 309
218, 245
218, 246
218, 310
218, 374
218, 438
218, 439
218, 375
218, 311
218, 247
218, 248
218, 312
218, 376
218, 440
218, 441
218, 377
218, 313
218, 249
218, 250
218, 314
218, 378
218, 442
218, 443
218, 379
218, 315
218, 251
218, 252
218, 316
218, 380
218, 444
218, 445
218, 381
218, 317
218, 253
218, 254
218, 318
218, 382
218, 446
218, 447
218, 383
218, 319
218, 255
347, 384
347, 448
347, 385
347, 449
347, 386
347, 450
347, 387
347, 388
347, 389
347, 390
347, 391
347, 392
347, 393
347, 394
347, 395
347, 396
347, 397
347, 398
347, 399
347, 400
347, 401
347, 402
347, 403
347, 404
347, 405
347, 406
347, 407
347, 408
347, 409
347, 410
347, 411
347, 412
347, 348
347, 349
347, 413
347, 414
347, 350
347, 351
347, 415
347, 416
347, 352
347, 353
347, 417
347, 418
347, 354
347, 355
347, 419
347, 420
347, 356
347, 357
347, 421
347, 422
347, 358
347, 359
347, 423
347, 424
347, 360
347, 361
347, 425
347, 426
347, 362
347, 363
347, 427
347, 428
347, 364
347, 365
347, 429
347, 430
347, 366
347, 367
347, 431
347, 432
347, 368
347, 369
347, 433
347, 434
347, 370
347, 371
347, 435
347, 436
347, 372
347, 373
347, 437
347, 438
347, 374
347, 375
347, 439
347, 440
347, 376
347, 377
347, 441
347, 442
347, 378
347, 379
347, 443
347, 444
347, 380
347, 381
347, 445
347, 446
347, 382
347, 383
347, 447
91, 256
91, 384
91, 128
91, 129
91, 385
91, 257
91, 386
91, 258
91, 130
91, 387
91, 259
91, 131
91, 132
91, 388
91, 260
91, 133
91, 261
91, 389
91, 134
91, 390
91, 262
91, 135
91, 263
91, 391
91, 136
91, 392
91, 264
91, 137
91, 265
91, 393
91, 138
91, 394
91, 266
91, 139
91, 267
91, 395
91, 140
91, 396
91, 268
91, 141
91, 269
91, 397
91, 142
91, 398
91, 270
91, 143
91, 271
91, 399
91, 144
91, 400
91, 272
91, 145
91, 273
91, 401
91, 146
91, 402
91, 274
91, 147
91, 275
91, 403
91, 148
91, 404
91, 276
91, 149
91, 277
91, 405
91, 150
91, 406
91, 278
91, 151
91, 279
91, 407
91, 152
91, 408
91, 280
91, 153
91, 281
91, 409
91, 154
91, 410
91, 282
91, 155
91, 283
91, 411
91, 156
91, 412
91, 284
91, 157
91, 285
91, 413
91, 158
91, 414
91, 286
91, 159
91, 287
91, 415
91, 160
91, 416
91, 288
91, 161
91, 289
91, 417
91, 162
91, 418
91, 290
91, 163
91, 291
91, 419
91, 164
91, 420
91, 292
91, 165
91, 293
91, 421
91, 166
91, 422
91, 294
91, 167
91, 295
91, 423
91, 168
91, 424
91, 296
91, 169
91, 297
91, 425
91, 170
91, 426
91, 298
91, 171
91, 299
91, 427
91, 172
91, 428
91, 300
91, 173
91, 301
91, 429
91, 174
91, 430
91, 302
91, 175
91, 303
91, 431
91, 176
91, 432
91, 304
91, 177
91, 305
91, 433
91, 178
91, 434
91, 306
91, 179
91, 307
91, 435
91, 180
91, 436
91, 308
91, 181
91, 309
91, 437
91, 182
91, 438
91, 310
91, 183
91, 311
91, 439
91, 184
91, 440
91, 312
91, 185
91, 313
91, 441
91, 186
91, 442
91, 314
91, 187
91, 315
91, 443
91, 188
91, 444
91, 316
91, 189
91, 317
91, 445
91, 190
91, 446
91, 318
91, 191
91, 319
91, 447
91, 192
91, 448
91, 320
91, 321
91, 449
91, 193
91, 194
91, 322
91, 450
91, 323
91, 195
91, 196
91, 324
91, 325
91, 197
91, 198
91, 326
91, 327
91, 199
91, 200
91, 328
91, 329
91, 201
91, 202
91, 330
91, 331
91, 203
91, 204
91, 332
91, 333
91, 205
91, 206
91, 334
91, 335
91, 207
91, 208
91, 336
91, 337
91, 209
91, 210
91, 338
91, 339
91, 211
91, 212
91, 340
91, 341
91, 213
91, 214
91, 342
91, 343
91, 215
91, 216
91, 344
91, 345
91, 217
91, 218
91, 346
91, 347
91, 219
91, 220
91, 348
91, 92
91, 93
91, 349
91, 221
91, 222
91, 350
91, 94
91, 95
91, 351
91, 223
91, 224
91, 352
91, 96
91, 97
91, 353
91, 225
91, 226
91, 354
91, 98
91, 99
91, 355
91, 227
91, 228
91, 356
91, 100
91, 101
91, 357
91, 229
91, 230
91, 358
91, 102
91, 103
91, 359
91, 231
91, 232
91, 360
91, 104
91, 105
91, 361
91, 233
91, 234
91, 362
91, 106
91, 107
91, 363
91, 235
91, 236
91, 364
91, 108
91, 109
91, 365
91, 237
91, 238
91, 366
91, 110
91, 111
91, 367
91, 239
91, 240
91, 368
91, 112
91, 113
91, 369
91, 241
91, 242
91, 370
91, 114
91, 115
91, 371
91, 243
91, 244
91, 372
91, 116
91, 117
91, 373
91, 245
91, 246
91, 374
91, 118
91, 119
91, 375
91, 247
91, 248
91, 376
91, 120
91, 121
91, 377
91, 249
91, 250
91, 378
91, 122
91, 123
91, 379
91, 251
91, 252
91, 380
91, 124
91, 125
91, 381
91, 253
91, 254
91, 382
91, 126
91, 127
91, 383
91, 255
219, 256
219, 320
219, 384
219, 448
219, 257
219, 321
219, 385
219, 449
219, 258
219, 386
219, 450
219, 322
219, 259
219, 323
219, 387
219, 324
219, 388
219, 260
219, 261
219, 325
219, 389
219, 390
219, 326
219, 262
219, 263
219, 327
219, 391
219, 392
219, 328
219, 264
219, 265
219, 329
219, 393
219, 394
219, 330
219, 266
219, 267
219, 331
219, 395
219, 396
219, 332
219, 268
219, 269
219, 333
219, 397
219, 398
219, 334
219, 270
219, 271
219, 335
219, 399
219, 400
219, 336
219, 272
219, 273
219, 337
219, 401
219, 402
219, 338
219, 274
219, 275
219, 339
219, 403
219, 404
219, 340
219, 276
219, 277
219, 341
219, 405
219, 406
219, 342
219, 278
219, 279
219, 343
219, 407
219, 408
219, 344
219, 280
219, 281
219, 345
219, 409
219, 410
219, 346
219, 282
219, 283
219, 347
219, 411
219, 412
219, 348
219, 284
219, 220
219, 221
219, 285
219, 349
219, 413
219, 414
219, 350
219, 286
219, 222
219, 223
219, 287
219, 351
219, 415
219, 416
219, 352
219, 288
219, 224
219, 225
219, 289
219, 353
219, 417
219, 418
219, 354
219, 290
219, 226
219, 227
219, 291
219, 355
219, 419
219, 420
219, 356
219, 292
219, 228
219, 229
219, 293
219, 357
219, 421
219, 422
219, 358
219, 294
219, 230
219, 231
219, 295
219, 359
219, 423
219, 424
219, 360
219, 296
219, 232
219, 233
219, 297
219, 361
219, 425
219, 426
219, 362
219, 298
219, 234
219, 235
219, 299
219, 363
219, 427
219, 428
219, 364
219, 300
219, 236
219, 237
219, 301
219, 365
219, 429
219, 430
219, 366
219, 302
219, 238
219, 239
219, 303
219, 367
219, 431
219, 432
219, 368
219, 304
219, 240
219, 241
219, 305
219, 369
219, 433
219, 434
219, 370
219, 306
219, 242
219, 243
219, 307
219, 371
219, 435
219, 436
219, 372
219, 308
219, 244
219, 245
219, 309
219, 373
219, 437
219, 438
219, 374
219, 310
219, 246
219, 247
219, 311
219, 375
219, 439
219, 440
219, 376
219, 312
219, 248
219, 249
219, 313
219, 377
219, 441
219, 442
219, 378
219, 314
219, 250
219, 251
219, 315
219, 379
219, 443
219, 444
219, 380
219, 316
219, 252
219, 253
219, 317
219, 381
219, 445
219, 446
219, 382
219, 318
219, 254
219, 255
219, 319
219, 383
219, 447
348, 384
348, 448
348, 385
348, 449
348, 386
348, 450
348, 387
348, 388
348, 389
348, 390
348, 391
348, 392
348, 393
348, 394
348, 395
348, 396
348, 397
348, 398
348, 399
348, 400
348, 401
348, 402
348, 403
348, 404
348, 405
348, 406
348, 407
348, 408
348, 409
348, 410
348, 411
348, 412
348, 413
348, 349
348, 350
348, 414
348, 415
348, 351
348, 352
348, 416
348, 417
348, 353
348, 354
348, 418
348, 419
348, 355
348, 356
348, 420
348, 421
348, 357
348, 358
348, 422
348, 423
348, 359
348, 360
348, 424
348, 425
348, 361
348, 362
348, 426
348, 427
348, 363
348, 364
348, 428
348, 429
348, 365
348, 366
348, 430
348, 431
348, 367
348, 368
348, 432
348, 433
348, 369
348, 370
348, 434
348, 435
348, 371
348, 372
348, 436
348, 437
348, 373
348, 374
348, 438
348, 439
348, 375
348, 376
348, 440
348, 441
348, 377
348, 378
348, 442
348, 443
348, 379
348, 380
348, 444
348, 445
348, 381
348, 382
348, 446
348, 447
348, 383
92, 128
92, 384
92, 256
92, 257
92, 385
92, 129
92, 258
92, 386
92, 130
92, 387
92, 259
92, 131
92, 132
92, 388
92, 260
92, 133
92, 261
92, 389
92, 134
92, 390
92, 262
92, 135
92, 263
92, 391
92, 136
92, 392
92, 264
92, 137
92, 265
92, 393
92, 138
92, 394
92, 266
92, 139
92, 267
92, 395
92, 140
92, 396
92, 268
92, 141
92, 269
92, 397
92, 142
92, 398
92, 270
92, 143
92, 271
92, 399
92, 144
92, 400
92, 272
92, 145
92, 273
92, 401
92, 146
92, 402
92, 274
92, 147
92, 275
92, 403
92, 148
92, 404
92, 276
92, 149
92, 277
92, 405
92, 150
92, 406
92, 278
92, 151
92, 279
92, 407
92, 152
92, 408
92, 280
92, 153
92, 281
92, 409
92, 154
92, 410
92, 282
92, 155
92, 283
92, 411
92, 156
92, 412
92, 284
92, 157
92, 285
92, 413
92, 158
92, 414
92, 286
92, 159
92, 287
92, 415
92, 160
92, 416
92, 288
92, 161
92, 289
92, 417
92, 162
92, 418
92, 290
92, 163
92, 291
92, 419
92, 164
92, 420
92, 292
92, 165
92, 293
92, 421
92, 166
92, 422
92, 294
92, 167
92, 295
92, 423
92, 168
92, 424
92, 296
92, 169
92, 297
92, 425
92, 170
92, 426
92, 298
92, 171
92, 299
92, 427
92, 172
92, 428
92, 300
92, 173
92, 301
92, 429
92, 174
92, 430
92, 302
92, 175
92, 303
92, 431
92, 176
92, 432
92, 304
92, 177
92, 305
92, 433
92, 178
92, 434
92, 306
92, 179
92, 307
92, 435
92, 180
92, 436
92, 308
92, 181
92, 309
92, 437
92, 182
92, 438
92, 310
92, 183
92, 311
92, 439
92, 184
92, 440
92, 312
92, 185
92, 313
92, 441
92, 186
92, 442
92, 314
92, 187
92, 315
92, 443
92, 188
92, 444
92, 316
92, 189
92, 317
92, 445
92, 190
92, 446
92, 318
92, 191
92, 319
92, 447
92, 448
92, 320
92, 192
92, 193
92, 449
92, 321
92, 450
92, 322
92, 194
92, 195
92, 323
92, 324
92, 196
92, 197
92, 325
92, 326
92, 198
92, 199
92, 327
92, 328
92, 200
92, 201
92, 329
92, 330
92, 202
92, 203
92, 331
92, 332
92, 204
92, 205
92, 333
92, 334
92, 206
92, 207
92, 335
92, 336
92, 208
92, 209
92, 337
92, 338
92, 210
92, 211
92, 339
92, 340
92, 212
92, 213
92, 341
92, 342
92, 214
92, 215
92, 343
92, 344
92, 216
92, 217
92, 345
92, 346
92, 218
92, 219
92, 347
92, 348
92, 220
92, 221
92, 349
92, 93
92, 94
92, 350
92, 222
92, 223
92, 351
92, 95
92, 96
92, 352
92, 224
92, 225
92, 353
92, 97
92, 98
92, 354
92, 226
92, 227
92, 355
92, 99
92, 100
92, 356
92, 228
92, 229
92, 357
92, 101
92, 102
92, 358
92, 230
92, 231
92, 359
92, 103
92, 104
92, 360
92, 232
92, 233
92, 361
92, 105
92, 106
92, 362
92, 234
92, 235
92, 363
92, 107
92, 108
92, 364
92, 236
92, 237
92, 365
92, 109
92, 110
92, 366
92, 238
92, 239
92, 367
92, 111
92, 112
92, 368
92, 240
92, 241
92, 369
92, 113
92, 114
92, 370
92, 242
92, 243
92, 371
92, 115
92, 116
92, 372
92, 244
92, 245
92, 373
92, 117
92, 118
92, 374
92, 246
92, 247
92, 375
92, 119
92, 120
92, 376
92, 248
92, 249
92, 377
92, 121
92, 122
92, 378
92, 250
92, 251
92, 379
92, 123
92, 124
92, 380
92, 252
92, 253
92, 381
92, 125
92, 126
92, 382
92, 254
92, 255
92, 383
92, 127
220, 256
220, 320
220, 384
220, 448
220, 257
220, 321
220, 385
220, 449
220, 322
220, 450
220, 386
220, 258
220, 387
220, 323
220, 259
220, 260
220, 388
220, 324
220, 389
220, 325
220, 261
220, 262
220, 326
220, 390
220, 391
220, 327
220, 263
220, 264
220, 328
220, 392
220, 393
220, 329
220, 265
220, 266
220, 330
220, 394
220, 395
220, 331
220, 267
220, 268
220, 332
220, 396
220, 397
220, 333
220, 269
220, 270
220, 334
220, 398
220, 399
220, 335
220, 271
220, 272
220, 336
220, 400
220, 401
220, 337
220, 273
220, 274
220, 338
220, 402
220, 403
220, 339
220, 275
220, 276
220, 340
220, 404
220, 405
220, 341
220, 277
220, 278
220, 342
220, 406
220, 407
220, 343
220, 279
220, 280
220, 344
220, 408
220, 409
220, 345
220, 281
220, 282
220, 346
220, 410
220, 411
220, 347
220, 283
220, 284
220, 348
220, 412
220, 413
220, 349
220, 285
220, 221
220, 222
220, 286
220, 350
220, 414
220, 415
220, 351
220, 287
220, 223
220, 224
220, 288
220, 352
220, 416
220, 417
220, 353
220, 289
220, 225
220, 226
220, 290
220, 354
220, 418
220, 419
220, 355
220, 291
220, 227
220, 228
220, 292
220, 356
220, 420
220, 421
220, 357
220, 293
220, 229
220, 230
220, 294
220, 358
220, 422
220, 423
220, 359
220, 295
220, 231
220, 232
220, 296
220, 360
220, 424
220, 425
220, 361
220, 297
220, 233
220, 234
220, 298
220, 362
220, 426
220, 427
220, 363
220, 299
220, 235
220, 236
220, 300
220, 364
220, 428
220, 429
220, 365
220, 301
220, 237
220, 238
220, 302
220, 366
220, 430
220, 431
220, 367
220, 303
220, 239
220, 240
220, 304
220, 368
220, 432
220, 433
220, 369
220, 305
220, 241
220, 242
220, 306
220, 370
220, 434
220, 435
220, 371
220, 307
220, 243
220, 244
220, 308
220, 372
220, 436
220, 437
220, 373
220, 309
220, 245
220, 246
220, 310
220, 374
220, 438
220, 439
220, 375
220, 311
220, 247
220, 248
220, 312
220, 376
220, 440
220, 441
220, 377
220, 313
220, 249
220, 250
220, 314
220, 378
220, 442
220, 443
220, 379
220, 315
220, 251
220, 252
220, 316
220, 380
220, 444
220, 445
220, 381
220, 317
220, 253
220, 254
220, 318
220, 382
220, 446
220, 447
220, 383
220, 319
220, 255
349, 384
349, 448
349, 385
349, 449
349, 386
349, 450
349, 387
349, 388
349, 389
349, 390
349, 391
349, 392
349, 393
349, 394
349, 395
349, 396
349, 397
349, 398
349, 399
349, 400
349, 401
349, 402
349, 403
349, 404
349, 405
349, 406
349, 407
349, 408
349, 409
349, 410
349, 411
349, 412
349, 413
349, 414
349, 350
349, 351
349, 415
349, 416
349, 352
349, 353
349, 417
349, 418
349, 354
349, 355
349, 419
349, 420
349, 356
349, 357
349, 421
349, 422
349, 358
349, 359
349, 423
349, 424
349, 360
349, 361
349, 425
349, 426
349, 362
349, 363
349, 427
349, 428
349, 364
349, 365
349, 429
349, 430
349, 366
349, 367
349, 431
349, 432
349, 368
349, 369
349, 433
349, 434
349, 370
349, 371
349, 435
349, 436
349, 372
349, 373
349, 437
349, 438
349, 374
349, 375
349, 439
349, 440
349, 376
349, 377
349, 441
349, 442
349, 378
349, 379
349, 443
349, 444
349, 380
349, 381
349, 445
349, 446
349, 382
349, 383
349, 447
93, 256
93, 384
93, 128
93, 129
93, 385
93, 257
93, 386
93, 258
93, 130
93, 387
93, 259
93, 131
93, 132
93, 388
93, 260
93, 133
93, 261
93, 389
93, 134
93, 390
93, 262
93, 135
93, 263
93, 391
93, 136
93, 392
93, 264
93, 137
93, 265
93, 393
93, 138
93, 394
93, 266
93, 139
93, 267
93, 395
93, 140
93, 396
93, 268
93, 141
93, 269
93, 397
93, 142
93, 398
93, 270
93, 143
93, 271
93, 399
93, 144
93, 400
93, 272
93, 145
93, 273
93, 401
93, 146
93, 402
93, 274
93, 147
93, 275
93, 403
93, 148
93, 404
93, 276
93, 149
93, 277
93, 405
93, 150
93, 406
93, 278
93, 151
93, 279
93, 407
93, 152
93, 408
93, 280
93, 153
93, 281
93, 409
93, 154
93, 410
93, 282
93, 155
93, 283
93, 411
93, 156
93, 412
93, 284
93, 157
93, 285
93, 413
93, 158
93, 414
93, 286
93, 159
93, 287
93, 415
93, 160
93, 416
93, 288
93, 161
93, 289
93, 417
93, 162
93, 418
93, 290
93, 163
93, 291
93, 419
93, 164
93, 420
93, 292
93, 165
93, 293
93, 421
93, 166
93, 422
93, 294
93, 167
93, 295
93, 423
93, 168
93, 424
93, 296
93, 169
93, 297
93, 425
93, 170
93, 426
93, 298
93, 171
93, 299
93, 427
93, 172
93, 428
93, 300
93, 173
93, 301
93, 429
93, 174
93, 430
93, 302
93, 175
93, 303
93, 431
93, 176
93, 432
93, 304
93, 177
93, 305
93, 433
93, 178
93, 434
93, 306
93, 179
93, 307
93, 435
93, 180
93, 436
93, 308
93, 181
93, 309
93, 437
93, 182
93, 438
93, 310
93, 183
93, 311
93, 439
93, 184
93, 440
93, 312
93, 185
93, 313
93, 441
93, 186
93, 442
93, 314
93, 187
93, 315
93, 443
93, 188
93, 444
93, 316
93, 189
93, 317
93, 445
93, 190
93, 446
93, 318
93, 191
93, 319
93, 447
93, 320
93, 192
93, 448
93, 321
93, 449
93, 193
93, 194
93, 322
93, 450
93, 323
93, 195
93, 196
93, 324
93, 325
93, 197
93, 198
93, 326
93, 327
93, 199
93, 200
93, 328
93, 329
93, 201
93, 202
93, 330
93, 331
93, 203
93, 204
93, 332
93, 333
93, 205
93, 206
93, 334
93, 335
93, 207
93, 208
93, 336
93, 337
93, 209
93, 210
93, 338
93, 339
93, 211
93, 212
93, 340
93, 341
93, 213
93, 214
93, 342
93, 343
93, 215
93, 216
93, 344
93, 345
93, 217
93, 218
93, 346
93, 347
93, 219
93, 220
93, 348
93, 349
93, 221
93, 222
93, 350
93, 94
93, 95
93, 351
93, 223
93, 224
93, 352
93, 96
93, 97
93, 353
93, 225
93, 226
93, 354
93, 98
93, 99
93, 355
93, 227
93, 228
93, 356
93, 100
93, 101
93, 357
93, 229
93, 230
93, 358
93, 102
93, 103
93, 359
93, 231
93, 232
93, 360
93, 104
93, 105
93, 361
93, 233
93, 234
93, 362
93, 106
93, 107
93, 363
93, 235
93, 236
93, 364
93, 108
93, 109
93, 365
93, 237
93, 238
93, 366
93, 110
93, 111
93, 367
93, 239
93, 240
93, 368
93, 112
93, 113
93, 369
93, 241
93, 242
93, 370
93, 114
93, 115
93, 371
93, 243
93, 244
93, 372
93, 116
93, 117
93, 373
93, 245
93, 246
93, 374
93, 118
93, 119
93, 375
93, 247
93, 248
93, 376
93, 120
93, 121
93, 377
93, 249
93, 250
93, 378
93, 122
93, 123
93, 379
93, 251
93, 252
93, 380
93, 124
93, 125
93, 381
93, 253
93, 254
93, 382
93, 126
93, 127
93, 383
93, 255
221, 256
221, 320
221, 384
221, 448
221, 257
221, 321
221, 385
221, 449
221, 258
221, 386
221, 450
221, 322
221, 259
221, 323
221, 387
221, 324
221, 388
221, 260
221, 261
221, 325
221, 389
221, 390
221, 326
221, 262
221, 263
221, 327
221, 391
221, 392
221, 328
221, 264
221, 265
221, 329
221, 393
221, 394
221, 330
221, 266
221, 267
221, 331
221, 395
221, 396
221, 332
221, 268
221, 269
221, 333
221, 397
221, 398
221, 334
221, 270
221, 271
221, 335
221, 399
221, 400
221, 336
221, 272
221, 273
221, 337
221, 401
221, 402
221, 338
221, 274
221, 275
221, 339
221, 403
221, 404
221, 340
221, 276
221, 277
221, 341
221, 405
221, 406
221, 342
221, 278
221, 279
221, 343
221, 407
221, 408
221, 344
221, 280
221, 281
221, 345
221, 409
221, 410
221, 346
221, 282
221, 283
221, 347
221, 411
221, 412
221, 348
221, 284
221, 285
221, 349
221, 413
221, 414
221, 350
221, 286
221, 222
221, 223
221, 287
221, 351
221, 415
221, 416
221, 352
221, 288
221, 224
221, 225
221, 289
221, 353
221, 417
221, 418
221, 354
221, 290
221, 226
221, 227
221, 291
221, 355
221, 419
221, 420
221, 356
221, 292
221, 228
221, 229
221, 293
221, 357
221, 421
221, 422
221, 358
221, 294
221, 230
221, 231
221, 295
221, 359
221, 423
221, 424
221, 360
221, 296
221, 232
221, 233
221, 297
221, 361
221, 425
221, 426
221, 362
221, 298
221, 234
221, 235
221, 299
221, 363
221, 427
221, 428
221, 364
221, 300
221, 236
221, 237
221, 301
221, 365
221, 429
221, 430
221, 366
221, 302
221, 238
221, 239
221, 303
221, 367
221, 431
221, 432
221, 368
221, 304
221, 240
221, 241
221, 305
221, 369
221, 433
221, 434
221, 370
221, 306
221, 242
221, 243
221, 307
221, 371
221, 435
221, 436
221, 372
221, 308
221, 244
221, 245
221, 309
221, 373
221, 437
221, 438
221, 374
221, 310
221, 246
221, 247
221, 311
221, 375
221, 439
221, 440
221, 376
221, 312
221, 248
221, 249
221, 313
221, 377
221, 441
221, 442
221, 378
221, 314
221, 250
221, 251
221, 315
221, 379
221, 443
221, 444
221, 380
221, 316
221, 252
221, 253
221, 317
221, 381
221, 445
221, 446
221, 382
221, 318
221, 254
221, 255
221, 319
221, 383
221, 447
350, 384
350, 448
350, 385
350, 449
350, 386
350, 450
350, 387
350, 388
350, 389
350, 390
350, 391
350, 392
350, 393
350, 394
350, 395
350, 396
350, 397
350, 398
350, 399
350, 400
350, 401
350, 402
350, 403
350, 404
350, 405
350, 406
350, 407
350, 408
350, 409
350, 410
350, 411
350, 412
350, 413
350, 414
350, 415
350, 351
350, 352
350, 416
350, 417
350, 353
350, 354
350, 418
350, 419
350, 355
350, 356
350, 420
350, 421
350, 357
350, 358
350, 422
350, 423
350, 359
350, 360
350, 424
350, 425
350, 361
350, 362
350, 426
350, 427
350, 363
350, 364
350, 428
350, 429
350, 365
350, 366
350, 430
350, 431
350, 367
350, 368
350, 432
350, 433
350, 369
350, 370
350, 434
350, 435
350, 371
350, 372
350, 436
350, 437
350, 373
350, 374
350, 438
350, 439
350, 375
350, 376
350, 440
350, 441
350, 377
350, 378
350, 442
350, 443
350, 379
350, 380
350, 444
350, 445
350, 381
350, 382
350, 446
350, 447
350, 383
94, 128
94, 384
94, 256
94, 257
94, 385
94, 129
94, 258
94, 386
94, 130
94, 387
94, 259
94, 131
94, 132
94, 388
94, 260
94, 133
94, 261
94, 389
94, 134
94, 390
94, 262
94, 135
94, 263
94, 391
94, 136
94, 392
94, 264
94, 137
94, 265
94, 393
94, 138
94, 394
94, 266
94, 139
94, 267
94, 395
94, 140
94, 396
94, 268
94, 141
94, 269
94, 397
94, 142
94, 398
94, 270
94, 143
94, 271
94, 399
94, 144
94, 400
94, 272
94, 145
94, 273
94, 401
94, 146
94, 402
94, 274
94, 147
94, 275
94, 403
94, 148
94, 404
94, 276
94, 149
94, 277
94, 405
94, 150
94, 406
94, 278
94, 151
94, 279
94, 407
94, 152
94, 408
94, 280
94, 153
94, 281
94, 409
94, 154
94, 410
94, 282
94, 155
94, 283
94, 411
94, 156
94, 412
94, 284
94, 157
94, 285
94, 413
94, 158
94, 414
94, 286
94, 159
94, 287
94, 415
94, 160
94, 416
94, 288
94, 161
94, 289
94, 417
94, 162
94, 418
94, 290
94, 163
94, 291
94, 419
94, 164
94, 420
94, 292
94, 165
94, 293
94, 421
94, 166
94, 422
94, 294
94, 167
94, 295
94, 423
94, 168
94, 424
94, 296
94, 169
94, 297
94, 425
94, 170
94, 426
94, 298
94, 171
94, 299
94, 427
94, 172
94, 428
94, 300
94, 173
94, 301
94, 429
94, 174
94, 430
94, 302
94, 175
94, 303
94, 431
94, 176
94, 432
94, 304
94, 177
94, 305
94, 433
94, 178
94, 434
94, 306
94, 179
94, 307
94, 435
94, 180
94, 436
94, 308
94, 181
94, 309
94, 437
94, 182
94, 438
94, 310
94, 183
94, 311
94, 439
94, 184
94, 440
94, 312
94, 185
94, 313
94, 441
94, 186
94, 442
94, 314
94, 187
94, 315
94, 443
94, 188
94, 444
94, 316
94, 189
94, 317
94, 445
94, 190
94, 446
94, 318
94, 191
94, 319
94, 447
94, 192
94, 448
94, 320
94, 193
94, 449
94, 321
94, 450
94, 322
94, 194
94, 195
94, 323
94, 324
94, 196
94, 197
94, 325
94, 326
94, 198
94, 199
94, 327
94, 328
94, 200
94, 201
94, 329
94, 330
94, 202
94, 203
94, 331
94, 332
94, 204
94, 205
94, 333
94, 334
94, 206
94, 207
94, 335
94, 336
94, 208
94, 209
94, 337
94, 338
94, 210
94, 211
94, 339
94, 340
94, 212
94, 213
94, 341
94, 342
94, 214
94, 215
94, 343
94, 344
94, 216
94, 217
94, 345
94, 346
94, 218
94, 219
94, 347
94, 348
94, 220
94, 221
94, 349
94, 350
94, 222
94, 223
94, 351
94, 95
94, 96
94, 352
94, 224
94, 225
94, 353
94, 97
94, 98
94, 354
94, 226
94, 227
94, 355
94, 99
94, 100
94, 356
94, 228
94, 229
94, 357
94, 101
94, 102
94, 358
94, 230
94, 231
94, 359
94, 103
94, 104
94, 360
94, 232
94, 233
94, 361
94, 105
94, 106
94, 362
94, 234
94, 235
94, 363
94, 107
94, 108
94, 364
94, 236
94, 237
94, 365
94, 109
94, 110
94, 366
94, 238
94, 239
94, 367
94, 111
94, 112
94, 368
94, 240
94, 241
94, 369
94, 113
94, 114
94, 370
94, 242
94, 243
94, 371
94, 115
94, 116
94, 372
94, 244
94, 245
94, 373
94, 117
94, 118
94, 374
94, 246
94, 247
94, 375
94, 119
94, 120
94, 376
94, 248
94, 249
94, 377
94, 121
94, 122
94, 378
94, 250
94, 251
94, 379
94, 123
94, 124
94, 380
94, 252
94, 253
94, 381
94, 125
94, 126
94, 382
94, 254
94, 255
94, 383
94, 127
222, 256
222, 320
222, 384
222, 448
222, 257
222, 321
222, 385
222, 449
222, 322
222, 450
222, 386
222, 258
222, 387
222, 323
222, 259
222, 260
222, 388
222, 324
222, 389
222, 325
222, 261
222, 262
222, 326
222, 390
222, 391
222, 327
222, 263
222, 264
222, 328
222, 392
222, 393
222, 329
222, 265
222, 266
222, 330
222, 394
222, 395
222, 331
222, 267
222, 268
222, 332
222, 396
222, 397
222, 333
222, 269
222, 270
222, 334
222, 398
222, 399
222, 335
222, 271
222, 272
222, 336
222, 400
222, 401
222, 337
222, 273
222, 274
222, 338
222, 402
222, 403
222, 339
222, 275
222, 276
222, 340
222, 404
222, 405
222, 341
222, 277
222, 278
222, 342
222, 406
222, 407
222, 343
222, 279
222, 280
222, 344
222, 408
222, 409
222, 345
222, 281
222, 282
222, 346
222, 410
222, 411
222, 347
222, 283
222, 284
222, 348
222, 412
222, 413
222, 349
222, 285
222, 286
222, 350
222, 414
222, 415
222, 351
222, 287
222, 223
222, 224
222, 288
222, 352
222, 416
222, 417
222, 353
222, 289
222, 225
222, 226
222, 290
222, 354
222, 418
222, 419
222, 355
222, 291
222, 227
222, 228
222, 292
222, 356
222, 420
222, 421
222, 357
222, 293
222, 229
222, 230
222, 294
222, 358
222, 422
222, 423
222, 359
222, 295
222, 231
222, 232
222, 296
222, 360
222, 424
222, 425
222, 361
222, 297
222, 233
222, 234
222, 298
222, 362
222, 426
222, 427
222, 363
222, 299
222, 235
222, 236
222, 300
222, 364
222, 428
222, 429
222, 365
222, 301
222, 237
222, 238
222, 302
222, 366
222, 430
222, 431
222, 367
222, 303
222, 239
222, 240
222, 304
222, 368
222, 432
222, 433
222, 369
222, 305
222, 241
222, 242
222, 306
222, 370
222, 434
222, 435
222, 371
222, 307
222, 243
222, 244
222, 308
222, 372
222, 436
222, 437
222, 373
222, 309
222, 245
222, 246
222, 310
222, 374
222, 438
222, 439
222, 375
222, 311
222, 247
222, 248
222, 312
222, 376
222, 440
222, 441
222, 377
222, 313
222, 249
222, 250
222, 314
222, 378
222, 442
222, 443
222, 379
222, 315
222, 251
222, 252
222, 316
222, 380
222, 444
222, 445
222, 381
222, 317
222, 253
222, 254
222, 318
222, 382
222, 446
222, 447
222, 383
222, 319
222, 255
351, 384
351, 448
351, 385
351, 449
351, 386
351, 450
351, 387
351, 388
351, 389
351, 390
351, 391
351, 392
351, 393
351, 394
351, 395
351, 396
351, 397
351, 398
351, 399
351, 400
351, 401
351, 402
351, 403
351, 404
351, 405
351, 406
351, 407
351, 408
351, 409
351, 410
351, 411
351, 412
351, 413
351, 414
351, 415
351, 416
351, 352
351, 353
351, 417
351, 418
351, 354
351, 355
351, 419
351, 420
351, 356
351, 357
351, 421
351, 422
351, 358
351, 359
351, 423
351, 424
351, 360
351, 361
351, 425
351, 426
351, 362
351, 363
351, 427
351, 428
351, 364
351, 365
351, 429
351, 430
351, 366
351, 367
351, 431
351, 432
351, 368
351, 369
351, 433
351, 434
351, 370
351, 371
351, 435
351, 436
351, 372
351, 373
351, 437
351, 438
351, 374
351, 375
351, 439
351, 440
351, 376
351, 377
351, 441
351, 442
351, 378
351, 379
351, 443
351, 444
351, 380
351, 381
351, 445
351, 446
351, 382
351, 383
351, 447
95, 256
95, 384
95, 128
95, 129
95, 385
95, 257
95, 386
95, 258
95, 130
95, 387
95, 259
95, 131
95, 132
95, 388
95, 260
95, 133
95, 261
95, 389
95, 134
95, 390
95, 262
95, 135
95, 263
95, 391
95, 136
95, 392
95, 264
95, 137
95, 265
95, 393
95, 138
95, 394
95, 266
95, 139
95, 267
95, 395
95, 140
95, 396
95, 268
95, 141
95, 269
95, 397
95, 142
95, 398
95, 270
95, 143
95, 271
95, 399
95, 144
95, 400
95, 272
95, 145
95, 273
95, 401
95, 146
95, 402
95, 274
95, 147
95, 275
95, 403
95, 148
95, 404
95, 276
95, 149
95, 277
95, 405
95, 150
95, 406
95, 278
95, 151
95, 279
95, 407
95, 152
95, 408
95, 280
95, 153
95, 281
95, 409
95, 154
95, 410
95, 282
95, 155
95, 283
95, 411
95, 156
95, 412
95, 284
95, 157
95, 285
95, 413
95, 158
95, 414
95, 286
95, 159
95, 287
95, 415
95, 160
95, 416
95, 288
95, 161
95, 289
95, 417
95, 162
95, 418
95, 290
95, 163
95, 291
95, 419
95, 164
95, 420
95, 292
95, 165
95, 293
95, 421
95, 166
95, 422
95, 294
95, 167
95, 295
95, 423
95, 168
95, 424
95, 296
95, 169
95, 297
95, 425
95, 170
95, 426
95, 298
95, 171
95, 299
95, 427
95, 172
95, 428
95, 300
95, 173
95, 301
95, 429
95, 174
95, 430
95, 302
95, 175
95, 303
95, 431
95, 176
95, 432
95, 304
95, 177
95, 305
95, 433
95, 178
95, 434
95, 306
95, 179
95, 307
95, 435
95, 180
95, 436
95, 308
95, 181
95, 309
95, 437
95, 182
95, 438
95, 310
95, 183
95, 311
95, 439
95, 184
95, 440
95, 312
95, 185
95, 313
95, 441
95, 186
95, 442
95, 314
95, 187
95, 315
95, 443
95, 188
95, 444
95, 316
95, 189
95, 317
95, 445
95, 190
95, 446
95, 318
95, 191
95, 319
95, 447
95, 448
95, 320
95, 192
95, 321
95, 449
95, 193
95, 194
95, 322
95, 450
95, 323
95, 195
95, 196
95, 324
95, 325
95, 197
95, 198
95, 326
95, 327
95, 199
95, 200
95, 328
95, 329
95, 201
95, 202
95, 330
95, 331
95, 203
95, 204
95, 332
95, 333
95, 205
95, 206
95, 334
95, 335
95, 207
95, 208
95, 336
95, 337
95, 209
95, 210
95, 338
95, 339
95, 211
95, 212
95, 340
95, 341
95, 213
95, 214
95, 342
95, 343
95, 215
95, 216
95, 344
95, 345
95, 217
95, 218
95, 346
95, 347
95, 219
95, 220
95, 348
95, 349
95, 221
95, 222
95, 350
95, 351
95, 223
95, 224
95, 352
95, 96
95, 97
95, 353
95, 225
95, 226
95, 354
95, 98
95, 99
95, 355
95, 227
95, 228
95, 356
95, 100
95, 101
95, 357
95, 229
95, 230
95, 358
95, 102
95, 103
95, 359
95, 231
95, 232
95, 360
95, 104
95, 105
95, 361
95, 233
95, 234
95, 362
95, 106
95, 107
95, 363
95, 235
95, 236
95, 364
95, 108
95, 109
95, 365
95, 237
95, 238
95, 366
95, 110
95, 111
95, 367
95, 239
95, 240
95, 368
95, 112
95, 113
95, 369
95, 241
95, 242
95, 370
95, 114
95, 115
95, 371
95, 243
95, 244
95, 372
95, 116
95, 117
95, 373
95, 245
95, 246
95, 374
95, 118
95, 119
95, 375
95, 247
95, 248
95, 376
95, 120
95, 121
95, 377
95, 249
95, 250
95, 378
95, 122
95, 123
95, 379
95, 251
95, 252
95, 380
95, 124
95, 125
95, 381
95, 253
95, 254
95, 382
95, 126
95, 127
95, 383
95, 255
223, 256
223, 320
223, 384
223, 448
223, 257
223, 321
223, 385
223, 449
223, 258
223, 386
223, 450
223, 322
223, 259
223, 323
223, 387
223, 324
223, 388
223, 260
223, 261
223, 325
223, 389
223, 390
223, 326
223, 262
223, 263
223, 327
223, 391
223, 392
223, 328
223, 264
223, 265
223, 329
223, 393
223, 394
223, 330
223, 266
223, 267
223, 331
223, 395
223, 396
223, 332
223, 268
223, 269
223, 333
223, 397
223, 398
223, 334
223, 270
223, 271
223, 335
223, 399
223, 400
223, 336
223, 272
223, 273
223, 337
223, 401
223, 402
223, 338
223, 274
223, 275
223, 339
223, 403
223, 404
223, 340
223, 276
223, 277
223, 341
223, 405
223, 406
223, 342
223, 278
223, 279
223, 343
223, 407
223, 408
223, 344
223, 280
223, 281
223, 345
223, 409
223, 410
223, 346
223, 282
223, 283
223, 347
223, 411
223, 412
223, 348
223, 284
223, 285
223, 349
223, 413
223, 414
223, 350
223, 286
223, 287
223, 351
223, 415
223, 416
223, 352
223, 288
223, 224
223, 225
223, 289
223, 353
223, 417
223, 418
223, 354
223, 290
223, 226
223, 227
223, 291
223, 355
223, 419
223, 420
223, 356
223, 292
223, 228
223, 229
223, 293
223, 357
223, 421
223, 422
223, 358
223, 294
223, 230
223, 231
223, 295
223, 359
223, 423
223, 424
223, 360
223, 296
223, 232
223, 233
223, 297
223, 361
223, 425
223, 426
223, 362
223, 298
223, 234
223, 235
223, 299
223, 363
223, 427
223, 428
223, 364
223, 300
223, 236
223, 237
223, 301
223, 365
223, 429
223, 430
223, 366
223, 302
223, 238
223, 239
223, 303
223, 367
223, 431
223, 432
223, 368
223, 304
223, 240
223, 241
223, 305
223, 369
223, 433
223, 434
223, 370
223, 306
223, 242
223, 243
223, 307
223, 371
223, 435
223, 436
223, 372
223, 308
223, 244
223, 245
223, 309
223, 373
223, 437
223, 438
223, 374
223, 310
223, 246
223, 247
223, 311
223, 375
223, 439
223, 440
223, 376
223, 312
223, 248
223, 249
223, 313
223, 377
223, 441
223, 442
223, 378
223, 314
223, 250
223, 251
223, 315
223, 379
223, 443
223, 444
223, 380
223, 316
223, 252
223, 253
223, 317
223, 381
223, 445
223, 446
223, 382
223, 318
223, 254
223, 255
223, 319
223, 383
223, 447
352, 384
352, 448
352, 385
352, 449
352, 386
352, 450
352, 387
352, 388
352, 389
352, 390
352, 391
352, 392
352, 393
352, 394
352, 395
352, 396
352, 397
352, 398
352, 399
352, 400
352, 401
352, 402
352, 403
352, 404
352, 405
352, 406
352, 407
352, 408
352, 409
352, 410
352, 411
352, 412
352, 413
352, 414
352, 415
352, 416
352, 417
352, 353
352, 354
352, 418
352, 419
352, 355
352, 356
352, 420
352, 421
352, 357
352, 358
352, 422
352, 423
352, 359
352, 360
352, 424
352, 425
352, 361
352, 362
352, 426
352, 427
352, 363
352, 364
352, 428
352, 429
352, 365
352, 366
352, 430
352, 431
352, 367
352, 368
352, 432
352, 433
352, 369
352, 370
352, 434
352, 435
352, 371
352, 372
352, 436
352, 437
352, 373
352, 374
352, 438
352, 439
352, 375
352, 376
352, 440
352, 441
352, 377
352, 378
352, 442
352, 443
352, 379
352, 380
352, 444
352, 445
352, 381
352, 382
352, 446
352, 447
352, 383
96, 128
96, 384
96, 256
96, 257
96, 385
96, 129
96, 258
96, 386
96, 130
96, 387
96, 259
96, 131
96, 132
96, 388
96, 260
96, 133
96, 261
96, 389
96, 134
96, 390
96, 262
96, 135
96, 263
96, 391
96, 136
96, 392
96, 264
96, 137
96, 265
96, 393
96, 138
96, 394
96, 266
96, 139
96, 267
96, 395
96, 140
96, 396
96, 268
96, 141
96, 269
96, 397
96, 142
96, 398
96, 270
96, 143
96, 271
96, 399
96, 144
96, 400
96, 272
96, 145
96, 273
96, 401
96, 146
96, 402
96, 274
96, 147
96, 275
96, 403
96, 148
96, 404
96, 276
96, 149
96, 277
96, 405
96, 150
96, 406
96, 278
96, 151
96, 279
96, 407
96, 152
96, 408
96, 280
96, 153
96, 281
96, 409
96, 154
96, 410
96, 282
96, 155
96, 283
96, 411
96, 156
96, 412
96, 284
96, 157
96, 285
96, 413
96, 158
96, 414
96, 286
96, 159
96, 287
96, 415
96, 160
96, 416
96, 288
96, 161
96, 289
96, 417
96, 162
96, 418
96, 290
96, 163
96, 291
96, 419
96, 164
96, 420
96, 292
96, 165
96, 293
96, 421
96, 166
96, 422
96, 294
96, 167
96, 295
96, 423
96, 168
96, 424
96, 296
96, 169
96, 297
96, 425
96, 170
96, 426
96, 298
96, 171
96, 299
96, 427
96, 172
96, 428
96, 300
96, 173
96, 301
96, 429
96, 174
96, 430
96, 302
96, 175
96, 303
96, 431
96, 176
96, 432
96, 304
96, 177
96, 305
96, 433
96, 178
96, 434
96, 306
96, 179
96, 307
96, 435
96, 180
96, 436
96, 308
96, 181
96, 309
96, 437
96, 182
96, 438
96, 310
96, 183
96, 311
96, 439
96, 184
96, 440
96, 312
96, 185
96, 313
96, 441
96, 186
96, 442
96, 314
96, 187
96, 315
96, 443
96, 188
96, 444
96, 316
96, 189
96, 317
96, 445
96, 190
96, 446
96, 318
96, 191
96, 319
96, 447
96, 320
96, 192
96, 448
96, 193
96, 449
96, 321
96, 450
96, 322
96, 194
96, 195
96, 323
96, 324
96, 196
96, 197
96, 325
96, 326
96, 198
96, 199
96, 327
96, 328
96, 200
96, 201
96, 329
96, 330
96, 202
96, 203
96, 331
96, 332
96, 204
96, 205
96, 333
96, 334
96, 206
96, 207
96, 335
96, 336
96, 208
96, 209
96, 337
96, 338
96, 210
96, 211
96, 339
96, 340
96, 212
96, 213
96, 341
96, 342
96, 214
96, 215
96, 343
96, 344
96, 216
96, 217
96, 345
96, 346
96, 218
96, 219
96, 347
96, 348
96, 220
96, 221
96, 349
96, 350
96, 222
96, 223
96, 351
96, 352
96, 224
96, 225
96, 353
96, 97
96, 98
96, 354
96, 226
96, 227
96, 355
96, 99
96, 100
96, 356
96, 228
96, 229
96, 357
96, 101
96, 102
96, 358
96, 230
96, 231
96, 359
96, 103
96, 104
96, 360
96, 232
96, 233
96, 361
96, 105
96, 106
96, 362
96, 234
96, 235
96, 363
96, 107
96, 108
96, 364
96, 236
96, 237
96, 365
96, 109
96, 110
96, 366
96, 238
96, 239
96, 367
96, 111
96, 112
96, 368
96, 240
96, 241
96, 369
96, 113
96, 114
96, 370
96, 242
96, 243
96, 371
96, 115
96, 116
96, 372
96, 244
96, 245
96, 373
96, 117
96, 118
96, 374
96, 246
96, 247
96, 375
96, 119
96, 120
96, 376
96, 248
96, 249
96, 377
96, 121
96, 122
96, 378
96, 250
96, 251
96, 379
96, 123
96, 124
96, 380
96, 252
96, 253
96, 381
96, 125
96, 126
96, 382
96, 254
96, 255
96, 383
96, 127
224, 256
224, 320
224, 384
224, 448
224, 257
224, 321
224, 385
224, 449
224, 322
224, 450
224, 386
224, 258
224, 387
224, 323
224, 259
224, 260
224, 388
224, 324
224, 389
224, 325
224, 261
224, 262
224, 326
224, 390
224, 391
224, 327
224, 263
224, 264
224, 328
224, 392
224, 393
224, 329
224, 265
224, 266
224, 330
224, 394
224, 395
224, 331
224, 267
224, 268
224, 332
224, 396
224, 397
224, 333
224, 269
224, 270
224, 334
224, 398
224, 399
224, 335
224, 271
224, 272
224, 336
224, 400
224, 401
224, 337
224, 273
224, 274
224, 338
224, 402
224, 403
224, 339
224, 275
224, 276
224, 340
224, 404
224, 405
224, 341
224, 277
224, 278
224, 342
224, 406
224, 407
224, 343
224, 279
224, 280
224, 344
224, 408
224, 409
224, 345
224, 281
224, 282
224, 346
224, 410
224, 411
224, 347
224, 283
224, 284
224, 348
224, 412
224, 413
224, 349
224, 285
224, 286
224, 350
224, 414
224, 415
224, 351
224, 287
224, 288
224, 352
224, 416
224, 417
224, 353
224, 289
224, 225
224, 226
224, 290
224, 354
224, 418
224, 419
224, 355
224, 291
224, 227
224, 228
224, 292
224, 356
224, 420
224, 421
224, 357
224, 293
224, 229
224, 230
224, 294
224, 358
224, 422
224, 423
224, 359
224, 295
224, 231
224, 232
224, 296
224, 360
224, 424
224, 425
224, 361
224, 297
224, 233
224, 234
224, 298
224, 362
224, 426
224, 427
224, 363
224, 299
224, 235
224, 236
224, 300
224, 364
224, 428
224, 429
224, 365
224, 301
224, 237
224, 238
224, 302
224, 366
224, 430
224, 431
224, 367
224, 303
224, 239
224, 240
224, 304
224, 368
224, 432
224, 433
224, 369
224, 305
224, 241
224, 242
224, 306
224, 370
224, 434
224, 435
224, 371
224, 307
224, 243
224, 244
224, 308
224, 372
224, 436
224, 437
224, 373
224, 309
224, 245
224, 246
224, 310
224, 374
224, 438
224, 439
224, 375
224, 311
224, 247
224, 248
224, 312
224, 376
224, 440
224, 441
224, 377
224, 313
224, 249
224, 250
224, 314
224, 378
224, 442
224, 443
224, 379
224, 315
224, 251
224, 252
224, 316
224, 380
224, 444
224, 445
224, 381
224, 317
224, 253
224, 254
224, 318
224, 382
224, 446
224, 447
224, 383
224, 319
224, 255
353, 384
353, 448
353, 385
353, 449
353, 386
353, 450
353, 387
353, 388
353, 389
353, 390
353, 391
353, 392
353, 393
353, 394
353, 395
353, 396
353, 397
353, 398
353, 399
353, 400
353, 401
353, 402
353, 403
353, 404
353, 405
353, 406
353, 407
353, 408
353, 409
353, 410
353, 411
353, 412
353, 413
353, 414
353, 415
353, 416
353, 417
353, 418
353, 354
353, 355
353, 419
353, 420
353, 356
353, 357
353, 421
353, 422
353, 358
353, 359
353, 423
353, 424
353, 360
353, 361
353, 425
353, 426
353, 362
353, 363
353, 427
353, 428
353, 364
353, 365
353, 429
353, 430
353, 366
353, 367
353, 431
353, 432
353, 368
353, 369
353, 433
353, 434
353, 370
353, 371
353, 435
353, 436
353, 372
353, 373
353, 437
353, 438
353, 374
353, 375
353, 439
353, 440
353, 376
353, 377
353, 441
353, 442
353, 378
353, 379
353, 443
353, 444
353, 380
353, 381
353, 445
353, 446
353, 382
353, 383
353, 447
97, 256
97, 384
97, 128
97, 129
97, 385
97, 257
97, 386
97, 258
97, 130
97, 387
97, 259
97, 131
97, 132
97, 388
97, 260
97, 133
97, 261
97, 389
97, 134
97, 390
97, 262
97, 135
97, 263
97, 391
97, 136
97, 392
97, 264
97, 137
97, 265
97, 393
97, 138
97, 394
97, 266
97, 139
97, 267
97, 395
97, 140
97, 396
97, 268
97, 141
97, 269
97, 397
97, 142
97, 398
97, 270
97, 143
97, 271
97, 399
97, 144
97, 400
97, 272
97, 145
97, 273
97, 401
97, 146
97, 402
97, 274
97, 147
97, 275
97, 403
97, 148
97, 404
97, 276
97, 149
97, 277
97, 405
97, 150
97, 406
97, 278
97, 151
97, 279
97, 407
97, 152
97, 408
97, 280
97, 153
97, 281
97, 409
97, 154
97, 410
97, 282
97, 155
97, 283
97, 411
97, 156
97, 412
97, 284
97, 157
97, 285
97, 413
97, 158
97, 414
97, 286
97, 159
97, 287
97, 415
97, 160
97, 416
97, 288
97, 161
97, 289
97, 417
97, 162
97, 418
97, 290
97, 163
97, 291
97, 419
97, 164
97, 420
97, 292
97, 165
97, 293
97, 421
97, 166
97, 422
97, 294
97, 167
97, 295
97, 423
97, 168
97, 424
97, 296
97, 169
97, 297
97, 425
97, 170
97, 426
97, 298
97, 171
97, 299
97, 427
97, 172
97, 428
97, 300
97, 173
97, 301
97, 429
97, 174
97, 430
97, 302
97, 175
97, 303
97, 431
97, 176
97, 432
97, 304
97, 177
97, 305
97, 433
97, 178
97, 434
97, 306
97, 179
97, 307
97, 435
97, 180
97, 436
97, 308
97, 181
97, 309
97, 437
97, 182
97, 438
97, 310
97, 183
97, 311
97, 439
97, 184
97, 440
97, 312
97, 185
97, 313
97, 441
97, 186
97, 442
97, 314
97, 187
97, 315
97, 443
97, 188
97, 444
97, 316
97, 189
97, 317
97, 445
97, 190
97, 446
97, 318
97, 191
97, 319
97, 447
97, 192
97, 448
97, 320
97, 321
97, 449
97, 193
97, 194
97, 322
97, 450
97, 323
97, 195
97, 196
97, 324
97, 325
97, 197
97, 198
97, 326
97, 327
97, 199
97, 200
97, 328
97, 329
97, 201
97, 202
97, 330
97, 331
97, 203
97, 204
97, 332
97, 333
97, 205
97, 206
97, 334
97, 335
97, 207
97, 208
97, 336
97, 337
97, 209
97, 210
97, 338
97, 339
97, 211
97, 212
97, 340
97, 341
97, 213
97, 214
97, 342
97, 343
97, 215
97, 216
97, 344
97, 345
97, 217
97, 218
97, 346
97, 347
97, 219
97, 220
97, 348
97, 349
97, 221
97, 222
97, 350
97, 351
97, 223
97, 224
97, 352
97, 353
97, 225
97, 226
97, 354
97, 98
97, 99
97, 355
97, 227
97, 228
97, 356
97, 100
97, 101
97, 357
97, 229
97, 230
97, 358
97, 102
97, 103
97, 359
97, 231
97, 232
97, 360
97, 104
97, 105
97, 361
97, 233
97, 234
97, 362
97, 106
97, 107
97, 363
97, 235
97, 236
97, 364
97, 108
97, 109
97, 365
97, 237
97, 238
97, 366
97, 110
97, 111
97, 367
97, 239
97, 240
97, 368
97, 112
97, 113
97, 369
97, 241
97, 242
97, 370
97, 114
97, 115
97, 371
97, 243
97, 244
97, 372
97, 116
97, 117
97, 373
97, 245
97, 246
97, 374
97, 118
97, 119
97, 375
97, 247
97, 248
97, 376
97, 120
97, 121
97, 377
97, 249
97, 250
97, 378
97, 122
97, 123
97, 379
97, 251
97, 252
97, 380
97, 124
97, 125
97, 381
97, 253
97, 254
97, 382
97, 126
97, 127
97, 383
97, 255
225, 256
225, 320
225, 384
225, 448
225, 257
225, 321
225, 385
225, 449
225, 258
225, 386
225, 450
225, 322
225, 259
225, 323
225, 387
225, 324
225, 388
225, 260
225, 261
225, 325
225, 389
225, 390
225, 326
225, 262
225, 263
225, 327
225, 391
225, 392
225, 328
225, 264
225, 265
225, 329
225, 393
225, 394
225, 330
225, 266
225, 267
225, 331
225, 395
225, 396
225, 332
225, 268
225, 269
225, 333
225, 397
225, 398
225, 334
225, 270
225, 271
225, 335
225, 399
225, 400
225, 336
225, 272
225, 273
225, 337
225, 401
225, 402
225, 338
225, 274
225, 275
225, 339
225, 403
225, 404
225, 340
225, 276
225, 277
225, 341
225, 405
225, 406
225, 342
225, 278
225, 279
225, 343
225, 407
225, 408
225, 344
225, 280
225, 281
225, 345
225, 409
225, 410
225, 346
225, 282
225, 283
225, 347
225, 411
225, 412
225, 348
225, 284
225, 285
225, 349
225, 413
225, 414
225, 350
225, 286
225, 287
225, 351
225, 415
225, 416
225, 352
225, 288
225, 289
225, 353
225, 417
225, 418
225, 354
225, 290
225, 226
225, 227
225, 291
225, 355
225, 419
225, 420
225, 356
225, 292
225, 228
225, 229
225, 293
225, 357
225, 421
225, 422
225, 358
225, 294
225, 230
225, 231
225, 295
225, 359
225, 423
225, 424
225, 360
225, 296
225, 232
225, 233
225, 297
225, 361
225, 425
225, 426
225, 362
225, 298
225, 234
225, 235
225, 299
225, 363
225, 427
225, 428
225, 364
225, 300
225, 236
225, 237
225, 301
225, 365
225, 429
225, 430
225, 366
225, 302
225, 238
225, 239
225, 303
225, 367
225, 431
225, 432
225, 368
225, 304
225, 240
225, 241
225, 305
225, 369
225, 433
225, 434
225, 370
225, 306
225, 242
225, 243
225, 307
225, 371
225, 435
225, 436
225, 372
225, 308
225, 244
225, 245
225, 309
225, 373
225, 437
225, 438
225, 374
225, 310
225, 246
225, 247
225, 311
225, 375
225, 439
225, 440
225, 376
225, 312
225, 248
225, 249
225, 313
225, 377
225, 441
225, 442
225, 378
225, 314
225, 250
225, 251
225, 315
225, 379
225, 443
225, 444
225, 380
225, 316
225, 252
225, 253
225, 317
225, 381
225, 445
225, 446
225, 382
225, 318
225, 254
225, 255
225, 319
225, 383
225, 447
354, 384
354, 448
354, 385
354, 449
354, 386
354, 450
354, 387
354, 388
354, 389
354, 390
354, 391
354, 392
354, 393
354, 394
354, 395
354, 396
354, 397
354, 398
354, 399
354, 400
354, 401
354, 402
354, 403
354, 404
354, 405
354, 406
354, 407
354, 408
354, 409
354, 410
354, 411
354, 412
354, 413
354, 414
354, 415
354, 416
354, 417
354, 418
354, 419
354, 355
354, 356
354, 420
354, 421
354, 357
354, 358
354, 422
354, 423
354, 359
354, 360
354, 424
354, 425
354, 361
354, 362
354, 426
354, 427
354, 363
354, 364
354, 428
354, 429
354, 365
354, 366
354, 430
354, 431
354, 367
354, 368
354, 432
354, 433
354, 369
354, 370
354, 434
354, 435
354, 371
354, 372
354, 436
354, 437
354, 373
354, 374
354, 438
354, 439
354, 375
354, 376
354, 440
354, 441
354, 377
354, 378
354, 442
354, 443
354, 379
354, 380
354, 444
354, 445
354, 381
354, 382
354, 446
354, 447
354, 383
98, 128
98, 384
98, 256
98, 257
98, 385
98, 129
98, 258
98, 386
98, 130
98, 387
98, 259
98, 131
98, 132
98, 388
98, 260
98, 133
98, 261
98, 389
98, 134
98, 390
98, 262
98, 135
98, 263
98, 391
98, 136
98, 392
98, 264
98, 137
98, 265
98, 393
98, 138
98, 394
98, 266
98, 139
98, 267
98, 395
98, 140
98, 396
98, 268
98, 141
98, 269
98, 397
98, 142
98, 398
98, 270
98, 143
98, 271
98, 399
98, 144
98, 400
98, 272
98, 145
98, 273
98, 401
98, 146
98, 402
98, 274
98, 147
98, 275
98, 403
98, 148
98, 404
98, 276
98, 149
98, 277
98, 405
98, 150
98, 406
98, 278
98, 151
98, 279
98, 407
98, 152
98, 408
98, 280
98, 153
98, 281
98, 409
98, 154
98, 410
98, 282
98, 155
98, 283
98, 411
98, 156
98, 412
98, 284
98, 157
98, 285
98, 413
98, 158
98, 414
98, 286
98, 159
98, 287
98, 415
98, 160
98, 416
98, 288
98, 161
98, 289
98, 417
98, 162
98, 418
98, 290
98, 163
98, 291
98, 419
98, 164
98, 420
98, 292
98, 165
98, 293
98, 421
98, 166
98, 422
98, 294
98, 167
98, 295
98, 423
98, 168
98, 424
98, 296
98, 169
98, 297
98, 425
98, 170
98, 426
98, 298
98, 171
98, 299
98, 427
98, 172
98, 428
98, 300
98, 173
98, 301
98, 429
98, 174
98, 430
98, 302
98, 175
98, 303
98, 431
98, 176
98, 432
98, 304
98, 177
98, 305
98, 433
98, 178
98, 434
98, 306
98, 179
98, 307
98, 435
98, 180
98, 436
98, 308
98, 181
98, 309
98, 437
98, 182
98, 438
98, 310
98, 183
98, 311
98, 439
98, 184
98, 440
98, 312
98, 185
98, 313
98, 441
98, 186
98, 442
98, 314
98, 187
98, 315
98, 443
98, 188
98, 444
98, 316
98, 189
98, 317
98, 445
98, 190
98, 446
98, 318
98, 191
98, 319
98, 447
98, 448
98, 320
98, 192
98, 193
98, 449
98, 321
98, 450
98, 322
98, 194
98, 195
98, 323
98, 324
98, 196
98, 197
98, 325
98, 326
98, 198
98, 199
98, 327
98, 328
98, 200
98, 201
98, 329
98, 330
98, 202
98, 203
98, 331
98, 332
98, 204
98, 205
98, 333
98, 334
98, 206
98, 207
98, 335
98, 336
98, 208
98, 209
98, 337
98, 338
98, 210
98, 211
98, 339
98, 340
98, 212
98, 213
98, 341
98, 342
98, 214
98, 215
98, 343
98, 344
98, 216
98, 217
98, 345
98, 346
98, 218
98, 219
98, 347
98, 348
98, 220
98, 221
98, 349
98, 350
98, 222
98, 223
98, 351
98, 352
98, 224
98, 225
98, 353
98, 354
98, 226
98, 227
98, 355
98, 99
98, 100
98, 356
98, 228
98, 229
98, 357
98, 101
98, 102
98, 358
98, 230
98, 231
98, 359
98, 103
98, 104
98, 360
98, 232
98, 233
98, 361
98, 105
98, 106
98, 362
98, 234
98, 235
98, 363
98, 107
98, 108
98, 364
98, 236
98, 237
98, 365
98, 109
98, 110
98, 366
98, 238
98, 239
98, 367
98, 111
98, 112
98, 368
98, 240
98, 241
98, 369
98, 113
98, 114
98, 370
98, 242
98, 243
98, 371
98, 115
98, 116
98, 372
98, 244
98, 245
98, 373
98, 117
98, 118
98, 374
98, 246
98, 247
98, 375
98, 119
98, 120
98, 376
98, 248
98, 249
98, 377
98, 121
98, 122
98, 378
98, 250
98, 251
98, 379
98, 123
98, 124
98, 380
98, 252
98, 253
98, 381
98, 125
98, 126
98, 382
98, 254
98, 255
98, 383
98, 127
226, 256
226, 320
226, 384
226, 448
226, 257
226, 321
226, 385
226, 449
226, 322
226, 450
226, 386
226, 258
226, 387
226, 323
226, 259
226, 260
226, 388
226, 324
226, 389
226, 325
226, 261
226, 262
226, 326
226, 390
226, 391
226, 327
226, 263
226, 264
226, 328
226, 392
226, 393
226, 329
226, 265
226, 266
226, 330
226, 394
226, 395
226, 331
226, 267
226, 268
226, 332
226, 396
226, 397
226, 333
226, 269
226, 270
226, 334
226, 398
226, 399
226, 335
226, 271
226, 272
226, 336
226, 400
226, 401
226, 337
226, 273
226, 274
226, 338
226, 402
226, 403
226, 339
226, 275
226, 276
226, 340
226, 404
226, 405
226, 341
226, 277
226, 278
226, 342
226, 406
226, 407
226, 343
226, 279
226, 280
226, 344
226, 408
226, 409
226, 345
226, 281
226, 282
226, 346
226, 410
226, 411
226, 347
226, 283
226, 284
226, 348
226, 412
226, 413
226, 349
226, 285
226, 286
226, 350
226, 414
226, 415
226, 351
226, 287
226, 288
226, 352
226, 416
226, 417
226, 353
226, 289
226, 290
226, 354
226, 418
226, 419
226, 355
226, 291
226, 227
226, 228
226, 292
226, 356
226, 420
226, 421
226, 357
226, 293
226, 229
226, 230
226, 294
226, 358
226, 422
226, 423
226, 359
226, 295
226, 231
226, 232
226, 296
226, 360
226, 424
226, 425
226, 361
226, 297
226, 233
226, 234
226, 298
226, 362
226, 426
226, 427
226, 363
226, 299
226, 235
226, 236
226, 300
226, 364
226, 428
226, 429
226, 365
226, 301
226, 237
226, 238
226, 302
226, 366
226, 430
226, 431
226, 367
226, 303
226, 239
226, 240
226, 304
226, 368
226, 432
226, 433
226, 369
226, 305
226, 241
226, 242
226, 306
226, 370
226, 434
226, 435
226, 371
226, 307
226, 243
226, 244
226, 308
226, 372
226, 436
226, 437
226, 373
226, 309
226, 245
226, 246
226, 310
226, 374
226, 438
226, 439
226, 375
226, 311
226, 247
226, 248
226, 312
226, 376
226, 440
226, 441
226, 377
226, 313
226, 249
226, 250
226, 314
226, 378
226, 442
226, 443
226, 379
226, 315
226, 251
226, 252
226, 316
226, 380
226, 444
226, 445
226, 381
226, 317
226, 253
226, 254
226, 318
226, 382
226, 446
226, 447
226, 383
226, 319
226, 255
355, 384
355, 448
355, 385
355, 449
355, 386
355, 450
355, 387
355, 388
355, 389
355, 390
355, 391
355, 392
355, 393
355, 394
355, 395
355, 396
355, 397
355, 398
355, 399
355, 400
355, 401
355, 402
355, 403
355, 404
355, 405
355, 406
355, 407
355, 408
355, 409
355, 410
355, 411
355, 412
355, 413
355, 414
355, 415
355, 416
355, 417
355, 418
355, 419
355, 420
355, 356
355, 357
355, 421
355, 422
355, 358
355, 359
355, 423
355, 424
355, 360
355, 361
355, 425
355, 426
355, 362
355, 363
355, 427
355, 428
355, 364
355, 365
355, 429
355, 430
355, 366
355, 367
355, 431
355, 432
355, 368
355, 369
355, 433
355, 434
355, 370
355, 371
355, 435
355, 436
355, 372
355, 373
355, 437
355, 438
355, 374
355, 375
355, 439
355, 440
355, 376
355, 377
355, 441
355, 442
355, 378
355, 379
355, 443
355, 444
355, 380
355, 381
355, 445
355, 446
355, 382
355, 383
355, 447
99, 256
99, 384
99, 128
99, 129
99, 385
99, 257
99, 386
99, 258
99, 130
99, 387
99, 259
99, 131
99, 132
99, 388
99, 260
99, 133
99, 261
99, 389
99, 134
99, 390
99, 262
99, 135
99, 263
99, 391
99, 136
99, 392
99, 264
99, 137
99, 265
99, 393
99, 138
99, 394
99, 266
99, 139
99, 267
99, 395
99, 140
99, 396
99, 268
99, 141
99, 269
99, 397
99, 142
99, 398
99, 270
99, 143
99, 271
99, 399
99, 144
99, 400
99, 272
99, 145
99, 273
99, 401
99, 146
99, 402
99, 274
99, 147
99, 275
99, 403
99, 148
99, 404
99, 276
99, 149
99, 277
99, 405
99, 150
99, 406
99, 278
99, 151
99, 279
99, 407
99, 152
99, 408
99, 280
99, 153
99, 281
99, 409
99, 154
99, 410
99, 282
99, 155
99, 283
99, 411
99, 156
99, 412
99, 284
99, 157
99, 285
99, 413
99, 158
99, 414
99, 286
99, 159
99, 287
99, 415
99, 160
99, 416
99, 288
99, 161
99, 289
99, 417
99, 162
99, 418
99, 290
99, 163
99, 291
99, 419
99, 164
99, 420
99, 292
99, 165
99, 293
99, 421
99, 166
99, 422
99, 294
99, 167
99, 295
99, 423
99, 168
99, 424
99, 296
99, 169
99, 297
99, 425
99, 170
99, 426
99, 298
99, 171
99, 299
99, 427
99, 172
99, 428
99, 300
99, 173
99, 301
99, 429
99, 174
99, 430
99, 302
99, 175
99, 303
99, 431
99, 176
99, 432
99, 304
99, 177
99, 305
99, 433
99, 178
99, 434
99, 306
99, 179
99, 307
99, 435
99, 180
99, 436
99, 308
99, 181
99, 309
99, 437
99, 182
99, 438
99, 310
99, 183
99, 311
99, 439
99, 184
99, 440
99, 312
99, 185
99, 313
99, 441
99, 186
99, 442
99, 314
99, 187
99, 315
99, 443
99, 188
99, 444
99, 316
99, 189
99, 317
99, 445
99, 190
99, 446
99, 318
99, 191
99, 319
99, 447
99, 320
99, 192
99, 448
99, 321
99, 449
99, 193
99, 194
99, 322
99, 450
99, 323
99, 195
99, 196
99, 324
99, 325
99, 197
99, 198
99, 326
99, 327
99, 199
99, 200
99, 328
99, 329
99, 201
99, 202
99, 330
99, 331
99, 203
99, 204
99, 332
99, 333
99, 205
99, 206
99, 334
99, 335
99, 207
99, 208
99, 336
99, 337
99, 209
99, 210
99, 338
99, 339
99, 211
99, 212
99, 340
99, 341
99, 213
99, 214
99, 342
99, 343
99, 215
99, 216
99, 344
99, 345
99, 217
99, 218
99, 346
99, 347
99, 219
99, 220
99, 348
99, 349
99, 221
99, 222
99, 350
99, 351
99, 223
99, 224
99, 352
99, 353
99, 225
99, 226
99, 354
99, 355
99, 227
99, 228
99, 356
99, 100
99, 101
99, 357
99, 229
99, 230
99, 358
99, 102
99, 103
99, 359
99, 231
99, 232
99, 360
99, 104
99, 105
99, 361
99, 233
99, 234
99, 362
99, 106
99, 107
99, 363
99, 235
99, 236
99, 364
99, 108
99, 109
99, 365
99, 237
99, 238
99, 366
99, 110
99, 111
99, 367
99, 239
99, 240
99, 368
99, 112
99, 113
99, 369
99, 241
99, 242
99, 370
99, 114
99, 115
99, 371
99, 243
99, 244
99, 372
99, 116
99, 117
99, 373
99, 245
99, 246
99, 374
99, 118
99, 119
99, 375
99, 247
99, 248
99, 376
99, 120
99, 121
99, 377
99, 249
99, 250
99, 378
99, 122
99, 123
99, 379
99, 251
99, 252
99, 380
99, 124
99, 125
99, 381
99, 253
99, 254
99, 382
99, 126
99, 127
99, 383
99, 255
227, 256
227, 320
227, 384
227, 448
227, 257
227, 321
227, 385
227, 449
227, 258
227, 386
227, 450
227, 322
227, 259
227, 323
227, 387
227, 324
227, 388
227, 260
227, 261
227, 325
227, 389
227, 390
227, 326
227, 262
227, 263
227, 327
227, 391
227, 392
227, 328
227, 264
227, 265
227, 329
227, 393
227, 394
227, 330
227, 266
227, 267
227, 331
227, 395
227, 396
227, 332
227, 268
227, 269
227, 333
227, 397
227, 398
227, 334
227, 270
227, 271
227, 335
227, 399
227, 400
227, 336
227, 272
227, 273
227, 337
227, 401
227, 402
227, 338
227, 274
227, 275
227, 339
227, 403
227, 404
227, 340
227, 276
227, 277
227, 341
227, 405
227, 406
227, 342
227, 278
227, 279
227, 343
227, 407
227, 408
227, 344
227, 280
227, 281
227, 345
227, 409
227, 410
227, 346
227, 282
227, 283
227, 347
227, 411
227, 412
227, 348
227, 284
227, 285
227, 349
227, 413
227, 414
227, 350
227, 286
227, 287
227, 351
227, 415
227, 416
227, 352
227, 288
227, 289
227, 353
227, 417
227, 418
227, 354
227, 290
227, 291
227, 355
227, 419
227, 420
227, 356
227, 292
227, 228
227, 229
227, 293
227, 357
227, 421
227, 422
227, 358
227, 294
227, 230
227, 231
227, 295
227, 359
227, 423
227, 424
227, 360
227, 296
227, 232
227, 233
227, 297
227, 361
227, 425
227, 426
227, 362
227, 298
227, 234
227, 235
227, 299
227, 363
227, 427
227, 428
227, 364
227, 300
227, 236
227, 237
227, 301
227, 365
227, 429
227, 430
227, 366
227, 302
227, 238
227, 239
227, 303
227, 367
227, 431
227, 432
227, 368
227, 304
227, 240
227, 241
227, 305
227, 369
227, 433
227, 434
227, 370
227, 306
227, 242
227, 243
227, 307
227, 371
227, 435
227, 436
227, 372
227, 308
227, 244
227, 245
227, 309
227, 373
227, 437
227, 438
227, 374
227, 310
227, 246
227, 247
227, 311
227, 375
227, 439
227, 440
227, 376
227, 312
227, 248
227, 249
227, 313
227, 377
227, 441
227, 442
227, 378
227, 314
227, 250
227, 251
227, 315
227, 379
227, 443
227, 444
227, 380
227, 316
227, 252
227, 253
227, 317
227, 381
227, 445
227, 446
227, 382
227, 318
227, 254
227, 255
227, 319
227, 383
227, 447
356, 384
356, 448
356, 385
356, 449
356, 386
356, 450
356, 387
356, 388
356, 389
356, 390
356, 391
356, 392
356, 393
356, 394
356, 395
356, 396
356, 397
356, 398
356, 399
356, 400
356, 401
356, 402
356, 403
356, 404
356, 405
356, 406
356, 407
356, 408
356, 409
356, 410
356, 411
356, 412
356, 413
356, 414
356, 415
356, 416
356, 417
356, 418
356, 419
356, 420
356, 421
356, 357
356, 358
356, 422
356, 423
356, 359
356, 360
356, 424
356, 425
356, 361
356, 362
356, 426
356, 427
356, 363
356, 364
356, 428
356, 429
356, 365
356, 366
356, 430
356, 431
356, 367
356, 368
356, 432
356, 433
356, 369
356, 370
356, 434
356, 435
356, 371
356, 372
356, 436
356, 437
356, 373
356, 374
356, 438
356, 439
356, 375
356, 376
356, 440
356, 441
356, 377
356, 378
356, 442
356, 443
356, 379
356, 380
356, 444
356, 445
356, 381
356, 382
356, 446
356, 447
356, 383
100, 128
100, 384
100, 256
100, 257
100, 385
100, 129
100, 258
100, 386
100, 130
100, 387
100, 259
100, 131
100, 132
100, 388
100, 260
100, 133
100, 261
100, 389
100, 134
100, 390
100, 262
100, 135
100, 263
100, 391
100, 136
100, 392
100, 264
100, 137
100, 265
100, 393
100, 138
100, 394
100, 266
100, 139
100, 267
100, 395
100, 140
100, 396
100, 268
100, 141
100, 269
100, 397
100, 142
100, 398
100, 270
100, 143
100, 271
100, 399
100, 144
100, 400
100, 272
100, 145
100, 273
100, 401
100, 146
100, 402
100, 274
100, 147
100, 275
100, 403
100, 148
100, 404
100, 276
100, 149
100, 277
100, 405
100, 150
100, 406
100, 278
100, 151
100, 279
100, 407
100, 152
100, 408
100, 280
100, 153
100, 281
100, 409
100, 154
100, 410
100, 282
100, 155
100, 283
100, 411
100, 156
100, 412
100, 284
100, 157
100, 285
100, 413
100, 158
100, 414
100, 286
100, 159
100, 287
100, 415
100, 160
100, 416
100, 288
100, 161
100, 289
100, 417
100, 162
100, 418
100, 290
100, 163
100, 291
100, 419
100, 164
100, 420
100, 292
100, 165
100, 293
100, 421
100, 166
100, 422
100, 294
100, 167
100, 295
100, 423
100, 168
100, 424
100, 296
100, 169
100, 297
100, 425
100, 170
100, 426
100, 298
100, 171
100, 299
100, 427
100, 172
100, 428
100, 300
100, 173
100, 301
100, 429
100, 174
100, 430
100, 302
100, 175
100, 303
100, 431
100, 176
100, 432
100, 304
100, 177
100, 305
100, 433
100, 178
100, 434
100, 306
100, 179
100, 307
100, 435
100, 180
100, 436
100, 308
100, 181
100, 309
100, 437
100, 182
100, 438
100, 310
100, 183
100, 311
100, 439
100, 184
100, 440
100, 312
100, 185
100, 313
100, 441
100, 186
100, 442
100, 314
100, 187
100, 315
100, 443
100, 188
100, 444
100, 316
100, 189
100, 317
100, 445
100, 190
100, 446
100, 318
100, 191
100, 319
100, 447
100, 192
100, 448
100, 320
100, 193
100, 449
100, 321
100, 450
100, 322
100, 194
100, 195
100, 323
100, 324
100, 196
100, 197
100, 325
100, 326
100, 198
100, 199
100, 327
100, 328
100, 200
100, 201
100, 329
100, 330
100, 202
100, 203
100, 331
100, 332
100, 204
100, 205
100, 333
100, 334
100, 206
100, 207
100, 335
100, 336
100, 208
100, 209
100, 337
100, 338
100, 210
100, 211
100, 339
100, 340
100, 212
100, 213
100, 341
100, 342
100, 214
100, 215
100, 343
100, 344
100, 216
100, 217
100, 345
100, 346
100, 218
100, 219
100, 347
100, 348
100, 220
100, 221
100, 349
100, 350
100, 222
100, 223
100, 351
100, 352
100, 224
100, 225
100, 353
100, 354
100, 226
100, 227
100, 355
100, 356
100, 228
100, 229
100, 357
100, 101
100, 102
100, 358
100, 230
100, 231
100, 359
100, 103
100, 104
100, 360
100, 232
100, 233
100, 361
100, 105
100, 106
100, 362
100, 234
100, 235
100, 363
100, 107
100, 108
100, 364
100, 236
100, 237
100, 365
100, 109
100, 110
100, 366
100, 238
100, 239
100, 367
100, 111
100, 112
100, 368
100, 240
100, 241
100, 369
100, 113
100, 114
100, 370
100, 242
100, 243
100, 371
100, 115
100, 116
100, 372
100, 244
100, 245
100, 373
100, 117
100, 118
100, 374
100, 246
100, 247
100, 375
100, 119
100, 120
100, 376
100, 248
100, 249
100, 377
100, 121
100, 122
100, 378
100, 250
100, 251
100, 379
100, 123
100, 124
100, 380
100, 252
100, 253
100, 381
100, 125
100, 126
100, 382
100, 254
100, 255
100, 383
100, 127
228, 256
228, 320
228, 384
228, 448
228, 257
228, 321
228, 385
228, 449
228, 322
228, 450
228, 386
228, 258
228, 387
228, 323
228, 259
228, 260
228, 388
228, 324
228, 389
228, 325
228, 261
228, 262
228, 326
228, 390
228, 391
228, 327
228, 263
228, 264
228, 328
228, 392
228, 393
228, 329
228, 265
228, 266
228, 330
228, 394
228, 395
228, 331
228, 267
228, 268
228, 332
228, 396
228, 397
228, 333
228, 269
228, 270
228, 334
228, 398
228, 399
228, 335
228, 271
228, 272
228, 336
228, 400
228, 401
228, 337
228, 273
228, 274
228, 338
228, 402
228, 403
228, 339
228, 275
228, 276
228, 340
228, 404
228, 405
228, 341
228, 277
228, 278
228, 342
228, 406
228, 407
228, 343
228, 279
228, 280
228, 344
228, 408
228, 409
228, 345
228, 281
228, 282
228, 346
228, 410
228, 411
228, 347
228, 283
228, 284
228, 348
228, 412
228, 413
228, 349
228, 285
228, 286
228, 350
228, 414
228, 415
228, 351
228, 287
228, 288
228, 352
228, 416
228, 417
228, 353
228, 289
228, 290
228, 354
228, 418
228, 419
228, 355
228, 291
228, 292
228, 356
228, 420
228, 421
228, 357
228, 293
228, 229
228, 230
228, 294
228, 358
228, 422
228, 423
228, 359
228, 295
228, 231
228, 232
228, 296
228, 360
228, 424
228, 425
228, 361
228, 297
228, 233
228, 234
228, 298
228, 362
228, 426
228, 427
228, 363
228, 299
228, 235
228, 236
228, 300
228, 364
228, 428
228, 429
228, 365
228, 301
228, 237
228, 238
228, 302
228, 366
228, 430
228, 431
228, 367
228, 303
228, 239
228, 240
228, 304
228, 368
228, 432
228, 433
228, 369
228, 305
228, 241
228, 242
228, 306
228, 370
228, 434
228, 435
228, 371
228, 307
228, 243
228, 244
228, 308
228, 372
228, 436
228, 437
228, 373
228, 309
228, 245
228, 246
228, 310
228, 374
228, 438
228, 439
228, 375
228, 311
228, 247
228, 248
228, 312
228, 376
228, 440
228, 441
228, 377
228, 313
228, 249
228, 250
228, 314
228, 378
228, 442
228, 443
228, 379
228, 315
228, 251
228, 252
228, 316
228, 380
228, 444
228, 445
228, 381
228, 317
228, 253
228, 254
228, 318
228, 382
228, 446
228, 447
228, 383
228, 319
228, 255
357, 384
357, 448
357, 385
357, 449
357, 386
357, 450
357, 387
357, 388
357, 389
357, 390
357, 391
357, 392
357, 393
357, 394
357, 395
357, 396
357, 397
357, 398
357, 399
357, 400
357, 401
357, 402
357, 403
357, 404
357, 405
357, 406
357, 407
357, 408
357, 409
357, 410
357, 411
357, 412
357, 413
357, 414
357, 415
357, 416
357, 417
357, 418
357, 419
357, 420
357, 421
357, 422
357, 358
357, 359
357, 423
357, 424
357, 360
357, 361
357, 425
357, 426
357, 362
357, 363
357, 427
357, 428
357, 364
357, 365
357, 429
357, 430
357, 366
357, 367
357, 431
357, 432
357, 368
357, 369
357, 433
357, 434
357, 370
357, 371
357, 435
357, 436
357, 372
357, 373
357, 437
357, 438
357, 374
357, 375
357, 439
357, 440
357, 376
357, 377
357, 441
357, 442
357, 378
357, 379
357, 443
357, 444
357, 380
357, 381
357, 445
357, 446
357, 382
357, 383
357, 447
101, 256
101, 384
101, 128
101, 129
101, 385
101, 257
101, 386
101, 258
101, 130
101, 387
101, 259
101, 131
101, 132
101, 388
101, 260
101, 133
101, 261
101, 389
101, 134
101, 390
101, 262
101, 135
101, 263
101, 391
101, 136
101, 392
101, 264
101, 137
101, 265
101, 393
101, 138
101, 394
101, 266
101, 139
101, 267
101, 395
101, 140
101, 396
101, 268
101, 141
101, 269
101, 397
101, 142
101, 398
101, 270
101, 143
101, 271
101, 399
101, 144
101, 400
101, 272
101, 145
101, 273
101, 401
101, 146
101, 402
101, 274
101, 147
101, 275
101, 403
101, 148
101, 404
101, 276
101, 149
101, 277
101, 405
101, 150
101, 406
101, 278
101, 151
101, 279
101, 407
101, 152
101, 408
101, 280
101, 153
101, 281
101, 409
101, 154
101, 410
101, 282
101, 155
101, 283
101, 411
101, 156
101, 412
101, 284
101, 157
101, 285
101, 413
101, 158
101, 414
101, 286
101, 159
101, 287
101, 415
101, 160
101, 416
101, 288
101, 161
101, 289
101, 417
101, 162
101, 418
101, 290
101, 163
101, 291
101, 419
101, 164
101, 420
101, 292
101, 165
101, 293
101, 421
101, 166
101, 422
101, 294
101, 167
101, 295
101, 423
101, 168
101, 424
101, 296
101, 169
101, 297
101, 425
101, 170
101, 426
101, 298
101, 171
101, 299
101, 427
101, 172
101, 428
101, 300
101, 173
101, 301
101, 429
101, 174
101, 430
101, 302
101, 175
101, 303
101, 431
101, 176
101, 432
101, 304
101, 177
101, 305
101, 433
101, 178
101, 434
101, 306
101, 179
101, 307
101, 435
101, 180
101, 436
101, 308
101, 181
101, 309
101, 437
101, 182
101, 438
101, 310
101, 183
101, 311
101, 439
101, 184
101, 440
101, 312
101, 185
101, 313
101, 441
101, 186
101, 442
101, 314
101, 187
101, 315
101, 443
101, 188
101, 444
101, 316
101, 189
101, 317
101, 445
101, 190
101, 446
101, 318
101, 191
101, 319
101, 447
101, 448
101, 320
101, 192
101, 321
101, 449
101, 193
101, 194
101, 322
101, 450
101, 323
101, 195
101, 196
101, 324
101, 325
101, 197
101, 198
101, 326
101, 327
101, 199
101, 200
101, 328
101, 329
101, 201
101, 202
101, 330
101, 331
101, 203
101, 204
101, 332
101, 333
101, 205
101, 206
101, 334
101, 335
101, 207
101, 208
101, 336
101, 337
101, 209
101, 210
101, 338
101, 339
101, 211
101, 212
101, 340
101, 341
101, 213
101, 214
101, 342
101, 343
101, 215
101, 216
101, 344
101, 345
101, 217
101, 218
101, 346
101, 347
101, 219
101, 220
101, 348
101, 349
101, 221
101, 222
101, 350
101, 351
101, 223
101, 224
101, 352
101, 353
101, 225
101, 226
101, 354
101, 355
101, 227
101, 228
101, 356
101, 357
101, 229
101, 230
101, 358
101, 102
101, 103
101, 359
101, 231
101, 232
101, 360
101, 104
101, 105
101, 361
101, 233
101, 234
101, 362
101, 106
101, 107
101, 363
101, 235
101, 236
101, 364
101, 108
101, 109
101, 365
101, 237
101, 238
101, 366
101, 110
101, 111
101, 367
101, 239
101, 240
101, 368
101, 112
101, 113
101, 369
101, 241
101, 242
101, 370
101, 114
101, 115
101, 371
101, 243
101, 244
101, 372
101, 116
101, 117
101, 373
101, 245
101, 246
101, 374
101, 118
101, 119
101, 375
101, 247
101, 248
101, 376
101, 120
101, 121
101, 377
101, 249
101, 250
101, 378
101, 122
101, 123
101, 379
101, 251
101, 252
101, 380
101, 124
101, 125
101, 381
101, 253
101, 254
101, 382
101, 126
101, 127
101, 383
101, 255
229, 256
229, 320
229, 384
229, 448
229, 257
229, 321
229, 385
229, 449
229, 258
229, 386
229, 450
229, 322
229, 259
229, 323
229, 387
229, 324
229, 388
229, 260
229, 261
229, 325
229, 389
229, 390
229, 326
229, 262
229, 263
229, 327
229, 391
229, 392
229, 328
229, 264
229, 265
229, 329
229, 393
229, 394
229, 330
229, 266
229, 267
229, 331
229, 395
229, 396
229, 332
229, 268
229, 269
229, 333
229, 397
229, 398
229, 334
229, 270
229, 271
229, 335
229, 399
229, 400
229, 336
229, 272
229, 273
229, 337
229, 401
229, 402
229, 338
229, 274
229, 275
229, 339
229, 403
229, 404
229, 340
229, 276
229, 277
229, 341
229, 405
229, 406
229, 342
229, 278
229, 279
229, 343
229, 407
229, 408
229, 344
229, 280
229, 281
229, 345
229, 409
229, 410
229, 346
229, 282
229, 283
229, 347
229, 411
229, 412
229, 348
229, 284
229, 285
229, 349
229, 413
229, 414
229, 350
229, 286
229, 287
229, 351
229, 415
229, 416
229, 352
229, 288
229, 289
229, 353
229, 417
229, 418
229, 354
229, 290
229, 291
229, 355
229, 419
229, 420
229, 356
229, 292
229, 293
229, 357
229, 421
229, 422
229, 358
229, 294
229, 230
229, 231
229, 295
229, 359
229, 423
229, 424
229, 360
229, 296
229, 232
229, 233
229, 297
229, 361
229, 425
229, 426
229, 362
229, 298
229, 234
229, 235
229, 299
229, 363
229, 427
229, 428
229, 364
229, 300
229, 236
229, 237
229, 301
229, 365
229, 429
229, 430
229, 366
229, 302
229, 238
229, 239
229, 303
229, 367
229, 431
229, 432
229, 368
229, 304
229, 240
229, 241
229, 305
229, 369
229, 433
229, 434
229, 370
229, 306
229, 242
229, 243
229, 307
229, 371
229, 435
229, 436
229, 372
229, 308
229, 244
229, 245
229, 309
229, 373
229, 437
229, 438
229, 374
229, 310
229, 246
229, 247
229, 311
229, 375
229, 439
229, 440
229, 376
229, 312
229, 248
229, 249
229, 313
229, 377
229, 441
229, 442
229, 378
229, 314
229, 250
229, 251
229, 315
229, 379
229, 443
229, 444
229, 380
229, 316
229, 252
229, 253
229, 317
229, 381
229, 445
229, 446
229, 382
229, 318
229, 254
229, 255
229, 319
229, 383
229, 447
358, 384
358, 448
358, 385
358, 449
358, 386
358, 450
358, 387
358, 388
358, 389
358, 390
358, 391
358, 392
358, 393
358, 394
358, 395
358, 396
358, 397
358, 398
358, 399
358, 400
358, 401
358, 402
358, 403
358, 404
358, 405
358, 406
358, 407
358, 408
358, 409
358, 410
358, 411
358, 412
358, 413
358, 414
358, 415
358, 416
358, 417
358, 418
358, 419
358, 420
358, 421
358, 422
358, 423
358, 359
358, 360
358, 424
358, 425
358, 361
358, 362
358, 426
358, 427
358, 363
358, 364
358, 428
358, 429
358, 365
358, 366
358, 430
358, 431
358, 367
358, 368
358, 432
358, 433
358, 369
358, 370
358, 434
358, 435
358, 371
358, 372
358, 436
358, 437
358, 373
358, 374
358, 438
358, 439
358, 375
358, 376
358, 440
358, 441
358, 377
358, 378
358, 442
358, 443
358, 379
358, 380
358, 444
358, 445
358, 381
358, 382
358, 446
358, 447
358, 383
102, 128
102, 384
102, 256
102, 257
102, 385
102, 129
102, 258
102, 386
102, 130
102, 387
102, 259
102, 131
102, 132
102, 388
102, 260
102, 133
102, 261
102, 389
102, 134
102, 390
102, 262
102, 135
102, 263
102, 391
102, 136
102, 392
102, 264
102, 137
102, 265
102, 393
102, 138
102, 394
102, 266
102, 139
102, 267
102, 395
102, 140
102, 396
102, 268
102, 141
102, 269
102, 397
102, 142
102, 398
102, 270
102, 143
102, 271
102, 399
102, 144
102, 400
102, 272
102, 145
102, 273
102, 401
102, 146
102, 402
102, 274
102, 147
102, 275
102, 403
102, 148
102, 404
102, 276
102, 149
102, 277
102, 405
102, 150
102, 406
102, 278
102, 151
102, 279
102, 407
102, 152
102, 408
102, 280
102, 153
102, 281
102, 409
102, 154
102, 410
102, 282
102, 155
102, 283
102, 411
102, 156
102, 412
102, 284
102, 157
102, 285
102, 413
102, 158
102, 414
102, 286
102, 159
102, 287
102, 415
102, 160
102, 416
102, 288
102, 161
102, 289
102, 417
102, 162
102, 418
102, 290
102, 163
102, 291
102, 419
102, 164
102, 420
102, 292
102, 165
102, 293
102, 421
102, 166
102, 422
102, 294
102, 167
102, 295
102, 423
102, 168
102, 424
102, 296
102, 169
102, 297
102, 425
102, 170
102, 426
102, 298
102, 171
102, 299
102, 427
102, 172
102, 428
102, 300
102, 173
102, 301
102, 429
102, 174
102, 430
102, 302
102, 175
102, 303
102, 431
102, 176
102, 432
102, 304
102, 177
102, 305
102, 433
102, 178
102, 434
102, 306
102, 179
102, 307
102, 435
102, 180
102, 436
102, 308
102, 181
102, 309
102, 437
102, 182
102, 438
102, 310
102, 183
102, 311
102, 439
102, 184
102, 440
102, 312
102, 185
102, 313
102, 441
102, 186
102, 442
102, 314
102, 187
102, 315
102, 443
102, 188
102, 444
102, 316
102, 189
102, 317
102, 445
102, 190
102, 446
102, 318
102, 191
102, 319
102, 447
102, 320
102, 192
102, 448
102, 193
102, 449
102, 321
102, 450
102, 322
102, 194
102, 195
102, 323
102, 324
102, 196
102, 197
102, 325
102, 326
102, 198
102, 199
102, 327
102, 328
102, 200
102, 201
102, 329
102, 330
102, 202
102, 203
102, 331
102, 332
102, 204
102, 205
102, 333
102, 334
102, 206
102, 207
102, 335
102, 336
102, 208
102, 209
102, 337
102, 338
102, 210
102, 211
102, 339
102, 340
102, 212
102, 213
102, 341
102, 342
102, 214
102, 215
102, 343
102, 344
102, 216
102, 217
102, 345
102, 346
102, 218
102, 219
102, 347
102, 348
102, 220
102, 221
102, 349
102, 350
102, 222
102, 223
102, 351
102, 352
102, 224
102, 225
102, 353
102, 354
102, 226
102, 227
102, 355
102, 356
102, 228
102, 229
102, 357
102, 358
102, 230
102, 231
102, 359
102, 103
102, 104
102, 360
102, 232
102, 233
102, 361
102, 105
102, 106
102, 362
102, 234
102, 235
102, 363
102, 107
102, 108
102, 364
102, 236
102, 237
102, 365
102, 109
102, 110
102, 366
102, 238
102, 239
102, 367
102, 111
102, 112
102, 368
102, 240
102, 241
102, 369
102, 113
102, 114
102, 370
102, 242
102, 243
102, 371
102, 115
102, 116
102, 372
102, 244
102, 245
102, 373
102, 117
102, 118
102, 374
102, 246
102, 247
102, 375
102, 119
102, 120
102, 376
102, 248
102, 249
102, 377
102, 121
102, 122
102, 378
102, 250
102, 251
102, 379
102, 123
102, 124
102, 380
102, 252
102, 253
102, 381
102, 125
102, 126
102, 382
102, 254
102, 255
102, 383
102, 127
230, 256
230, 320
230, 384
230, 448
230, 257
230, 321
230, 385
230, 449
230, 322
230, 450
230, 386
230, 258
230, 387
230, 323
230, 259
230, 260
230, 388
230, 324
230, 389
230, 325
230, 261
230, 262
230, 326
230, 390
230, 391
230, 327
230, 263
230, 264
230, 328
230, 392
230, 393
230, 329
230, 265
230, 266
230, 330
230, 394
230, 395
230, 331
230, 267
230, 268
230, 332
230, 396
230, 397
230, 333
230, 269
230, 270
230, 334
230, 398
230, 399
230, 335
230, 271
230, 272
230, 336
230, 400
230, 401
230, 337
230, 273
230, 274
230, 338
230, 402
230, 403
230, 339
230, 275
230, 276
230, 340
230, 404
230, 405
230, 341
230, 277
230, 278
230, 342
230, 406
230, 407
230, 343
230, 279
230, 280
230, 344
230, 408
230, 409
230, 345
230, 281
230, 282
230, 346
230, 410
230, 411
230, 347
230, 283
230, 284
230, 348
230, 412
230, 413
230, 349
230, 285
230, 286
230, 350
230, 414
230, 415
230, 351
230, 287
230, 288
230, 352
230, 416
230, 417
230, 353
230, 289
230, 290
230, 354
230, 418
230, 419
230, 355
230, 291
230, 292
230, 356
230, 420
230, 421
230, 357
230, 293
230, 294
230, 358
230, 422
230, 423
230, 359
230, 295
230, 231
230, 232
230, 296
230, 360
230, 424
230, 425
230, 361
230, 297
230, 233
230, 234
230, 298
230, 362
230, 426
230, 427
230, 363
230, 299
230, 235
230, 236
230, 300
230, 364
230, 428
230, 429
230, 365
230, 301
230, 237
230, 238
230, 302
230, 366
230, 430
230, 431
230, 367
230, 303
230, 239
230, 240
230, 304
230, 368
230, 432
230, 433
230, 369
230, 305
230, 241
230, 242
230, 306
230, 370
230, 434
230, 435
230, 371
230, 307
230, 243
230, 244
230, 308
230, 372
230, 436
230, 437
230, 373
230, 309
230, 245
230, 246
230, 310
230, 374
230, 438
230, 439
230, 375
230, 311
230, 247
230, 248
230, 312
230, 376
230, 440
230, 441
230, 377
230, 313
230, 249
230, 250
230, 314
230, 378
230, 442
230, 443
230, 379
230, 315
230, 251
230, 252
230, 316
230, 380
230, 444
230, 445
230, 381
230, 317
230, 253
230, 254
230, 318
230, 382
230, 446
230, 447
230, 383
230, 319
230, 255
359, 384
359, 448
359, 385
359, 449
359, 386
359, 450
359, 387
359, 388
359, 389
359, 390
359, 391
359, 392
359, 393
359, 394
359, 395
359, 396
359, 397
359, 398
359, 399
359, 400
359, 401
359, 402
359, 403
359, 404
359, 405
359, 406
359, 407
359, 408
359, 409
359, 410
359, 411
359, 412
359, 413
359, 414
359, 415
359, 416
359, 417
359, 418
359, 419
359, 420
359, 421
359, 422
359, 423
359, 424
359, 360
359, 361
359, 425
359, 426
359, 362
359, 363
359, 427
359, 428
359, 364
359, 365
359, 429
359, 430
359, 366
359, 367
359, 431
359, 432
359, 368
359, 369
359, 433
359, 434
359, 370
359, 371
359, 435
359, 436
359, 372
359, 373
359, 437
359, 438
359, 374
359, 375
359, 439
359, 440
359, 376
359, 377
359, 441
359, 442
359, 378
359, 379
359, 443
359, 444
359, 380
359, 381
359, 445
359, 446
359, 382
359, 383
359, 447
103, 256
103, 384
103, 128
103, 129
103, 385
103, 257
103, 386
103, 258
103, 130
103, 387
103, 259
103, 131
103, 132
103, 388
103, 260
103, 133
103, 261
103, 389
103, 134
103, 390
103, 262
103, 135
103, 263
103, 391
103, 136
103, 392
103, 264
103, 137
103, 265
103, 393
103, 138
103, 394
103, 266
103, 139
103, 267
103, 395
103, 140
103, 396
103, 268
103, 141
103, 269
103, 397
103, 142
103, 398
103, 270
103, 143
103, 271
103, 399
103, 144
103, 400
103, 272
103, 145
103, 273
103, 401
103, 146
103, 402
103, 274
103, 147
103, 275
103, 403
103, 148
103, 404
103, 276
103, 149
103, 277
103, 405
103, 150
103, 406
103, 278
103, 151
103, 279
103, 407
103, 152
103, 408
103, 280
103, 153
103, 281
103, 409
103, 154
103, 410
103, 282
103, 155
103, 283
103, 411
103, 156
103, 412
103, 284
103, 157
103, 285
103, 413
103, 158
103, 414
103, 286
103, 159
103, 287
103, 415
103, 160
103, 416
103, 288
103, 161
103, 289
103, 417
103, 162
103, 418
103, 290
103, 163
103, 291
103, 419
103, 164
103, 420
103, 292
103, 165
103, 293
103, 421
103, 166
103, 422
103, 294
103, 167
103, 295
103, 423
103, 168
103, 424
103, 296
103, 169
103, 297
103, 425
103, 170
103, 426
103, 298
103, 171
103, 299
103, 427
103, 172
103, 428
103, 300
103, 173
103, 301
103, 429
103, 174
103, 430
103, 302
103, 175
103, 303
103, 431
103, 176
103, 432
103, 304
103, 177
103, 305
103, 433
103, 178
103, 434
103, 306
103, 179
103, 307
103, 435
103, 180
103, 436
103, 308
103, 181
103, 309
103, 437
103, 182
103, 438
103, 310
103, 183
103, 311
103, 439
103, 184
103, 440
103, 312
103, 185
103, 313
103, 441
103, 186
103, 442
103, 314
103, 187
103, 315
103, 443
103, 188
103, 444
103, 316
103, 189
103, 317
103, 445
103, 190
103, 446
103, 318
103, 191
103, 319
103, 447
103, 192
103, 448
103, 320
103, 321
103, 449
103, 193
103, 194
103, 322
103, 450
103, 323
103, 195
103, 196
103, 324
103, 325
103, 197
103, 198
103, 326
103, 327
103, 199
103, 200
103, 328
103, 329
103, 201
103, 202
103, 330
103, 331
103, 203
103, 204
103, 332
103, 333
103, 205
103, 206
103, 334
103, 335
103, 207
103, 208
103, 336
103, 337
103, 209
103, 210
103, 338
103, 339
103, 211
103, 212
103, 340
103, 341
103, 213
103, 214
103, 342
103, 343
103, 215
103, 216
103, 344
103, 345
103, 217
103, 218
103, 346
103, 347
103, 219
103, 220
103, 348
103, 349
103, 221
103, 222
103, 350
103, 351
103, 223
103, 224
103, 352
103, 353
103, 225
103, 226
103, 354
103, 355
103, 227
103, 228
103, 356
103, 357
103, 229
103, 230
103, 358
103, 359
103, 231
103, 232
103, 360
103, 104
103, 105
103, 361
103, 233
103, 234
103, 362
103, 106
103, 107
103, 363
103, 235
103, 236
103, 364
103, 108
103, 109
103, 365
103, 237
103, 238
103, 366
103, 110
103, 111
103, 367
103, 239
103, 240
103, 368
103, 112
103, 113
103, 369
103, 241
103, 242
103, 370
103, 114
103, 115
103, 371
103, 243
103, 244
103, 372
103, 116
103, 117
103, 373
103, 245
103, 246
103, 374
103, 118
103, 119
103, 375
103, 247
103, 248
103, 376
103, 120
103, 121
103, 377
103, 249
103, 250
103, 378
103, 122
103, 123
103, 379
103, 251
103, 252
103, 380
103, 124
103, 125
103, 381
103, 253
103, 254
103, 382
103, 126
103, 127
103, 383
103, 255
231, 256
231, 320
231, 384
231, 448
231, 257
231, 321
231, 385
231, 449
231, 258
231, 386
231, 450
231, 322
231, 259
231, 323
231, 387
231, 324
231, 388
231, 260
231, 261
231, 325
231, 389
231, 390
231, 326
231, 262
231, 263
231, 327
231, 391
231, 392
231, 328
231, 264
231, 265
231, 329
231, 393
231, 394
231, 330
231, 266
231, 267
231, 331
231, 395
231, 396
231, 332
231, 268
231, 269
231, 333
231, 397
231, 398
231, 334
231, 270
231, 271
231, 335
231, 399
231, 400
231, 336
231, 272
231, 273
231, 337
231, 401
231, 402
231, 338
231, 274
231, 275
231, 339
231, 403
231, 404
231, 340
231, 276
231, 277
231, 341
231, 405
231, 406
231, 342
231, 278
231, 279
231, 343
231, 407
231, 408
231, 344
231, 280
231, 281
231, 345
231, 409
231, 410
231, 346
231, 282
231, 283
231, 347
231, 411
231, 412
231, 348
231, 284
231, 285
231, 349
231, 413
231, 414
231, 350
231, 286
231, 287
231, 351
231, 415
231, 416
231, 352
231, 288
231, 289
231, 353
231, 417
231, 418
231, 354
231, 290
231, 291
231, 355
231, 419
231, 420
231, 356
231, 292
231, 293
231, 357
231, 421
231, 422
231, 358
231, 294
231, 295
231, 359
231, 423
231, 424
231, 360
231, 296
231, 232
231, 233
231, 297
231, 361
231, 425
231, 426
231, 362
231, 298
231, 234
231, 235
231, 299
231, 363
231, 427
231, 428
231, 364
231, 300
231, 236
231, 237
231, 301
231, 365
231, 429
231, 430
231, 366
231, 302
231, 238
231, 239
231, 303
231, 367
231, 431
231, 432
231, 368
231, 304
231, 240
231, 241
231, 305
231, 369
231, 433
231, 434
231, 370
231, 306
231, 242
231, 243
231, 307
231, 371
231, 435
231, 436
231, 372
231, 308
231, 244
231, 245
231, 309
231, 373
231, 437
231, 438
231, 374
231, 310
231, 246
231, 247
231, 311
231, 375
231, 439
231, 440
231, 376
231, 312
231, 248
231, 249
231, 313
231, 377
231, 441
231, 442
231, 378
231, 314
231, 250
231, 251
231, 315
231, 379
231, 443
231, 444
231, 380
231, 316
231, 252
231, 253
231, 317
231, 381
231, 445
231, 446
231, 382
231, 318
231, 254
231, 255
231, 319
231, 383
231, 447
360, 384
360, 448
360, 385
360, 449
360, 386
360, 450
360, 387
360, 388
360, 389
360, 390
360, 391
360, 392
360, 393
360, 394
360, 395
360, 396
360, 397
360, 398
360, 399
360, 400
360, 401
360, 402
360, 403
360, 404
360, 405
360, 406
360, 407
360, 408
360, 409
360, 410
360, 411
360, 412
360, 413
360, 414
360, 415
360, 416
360, 417
360, 418
360, 419
360, 420
360, 421
360, 422
360, 423
360, 424
360, 425
360, 361
360, 362
360, 426
360, 427
360, 363
360, 364
360, 428
360, 429
360, 365
360, 366
360, 430
360, 431
360, 367
360, 368
360, 432
360, 433
360, 369
360, 370
360, 434
360, 435
360, 371
360, 372
360, 436
360, 437
360, 373
360, 374
360, 438
360, 439
360, 375
360, 376
360, 440
360, 441
360, 377
360, 378
360, 442
360, 443
360, 379
360, 380
360, 444
360, 445
360, 381
360, 382
360, 446
360, 447
360, 383
104, 128
104, 384
104, 256
104, 257
104, 385
104, 129
104, 258
104, 386
104, 130
104, 387
104, 259
104, 131
104, 132
104, 388
104, 260
104, 133
104, 261
104, 389
104, 134
104, 390
104, 262
104, 135
104, 263
104, 391
104, 136
104, 392
104, 264
104, 137
104, 265
104, 393
104, 138
104, 394
104, 266
104, 139
104, 267
104, 395
104, 140
104, 396
104, 268
104, 141
104, 269
104, 397
104, 142
104, 398
104, 270
104, 143
104, 271
104, 399
104, 144
104, 400
104, 272
104, 145
104, 273
104, 401
104, 146
104, 402
104, 274
104, 147
104, 275
104, 403
104, 148
104, 404
104, 276
104, 149
104, 277
104, 405
104, 150
104, 406
104, 278
104, 151
104, 279
104, 407
104, 152
104, 408
104, 280
104, 153
104, 281
104, 409
104, 154
104, 410
104, 282
104, 155
104, 283
104, 411
104, 156
104, 412
104, 284
104, 157
104, 285
104, 413
104, 158
104, 414
104, 286
104, 159
104, 287
104, 415
104, 160
104, 416
104, 288
104, 161
104, 289
104, 417
104, 162
104, 418
104, 290
104, 163
104, 291
104, 419
104, 164
104, 420
104, 292
104, 165
104, 293
104, 421
104, 166
104, 422
104, 294
104, 167
104, 295
104, 423
104, 168
104, 424
104, 296
104, 169
104, 297
104, 425
104, 170
104, 426
104, 298
104, 171
104, 299
104, 427
104, 172
104, 428
104, 300
104, 173
104, 301
104, 429
104, 174
104, 430
104, 302
104, 175
104, 303
104, 431
104, 176
104, 432
104, 304
104, 177
104, 305
104, 433
104, 178
104, 434
104, 306
104, 179
104, 307
104, 435
104, 180
104, 436
104, 308
104, 181
104, 309
104, 437
104, 182
104, 438
104, 310
104, 183
104, 311
104, 439
104, 184
104, 440
104, 312
104, 185
104, 313
104, 441
104, 186
104, 442
104, 314
104, 187
104, 315
104, 443
104, 188
104, 444
104, 316
104, 189
104, 317
104, 445
104, 190
104, 446
104, 318
104, 191
104, 319
104, 447
104, 448
104, 320
104, 192
104, 193
104, 449
104, 321
104, 450
104, 322
104, 194
104, 195
104, 323
104, 324
104, 196
104, 197
104, 325
104, 326
104, 198
104, 199
104, 327
104, 328
104, 200
104, 201
104, 329
104, 330
104, 202
104, 203
104, 331
104, 332
104, 204
104, 205
104, 333
104, 334
104, 206
104, 207
104, 335
104, 336
104, 208
104, 209
104, 337
104, 338
104, 210
104, 211
104, 339
104, 340
104, 212
104, 213
104, 341
104, 342
104, 214
104, 215
104, 343
104, 344
104, 216
104, 217
104, 345
104, 346
104, 218
104, 219
104, 347
104, 348
104, 220
104, 221
104, 349
104, 350
104, 222
104, 223
104, 351
104, 352
104, 224
104, 225
104, 353
104, 354
104, 226
104, 227
104, 355
104, 356
104, 228
104, 229
104, 357
104, 358
104, 230
104, 231
104, 359
104, 360
104, 232
104, 233
104, 361
104, 105
104, 106
104, 362
104, 234
104, 235
104, 363
104, 107
104, 108
104, 364
104, 236
104, 237
104, 365
104, 109
104, 110
104, 366
104, 238
104, 239
104, 367
104, 111
104, 112
104, 368
104, 240
104, 241
104, 369
104, 113
104, 114
104, 370
104, 242
104, 243
104, 371
104, 115
104, 116
104, 372
104, 244
104, 245
104, 373
104, 117
104, 118
104, 374
104, 246
104, 247
104, 375
104, 119
104, 120
104, 376
104, 248
104, 249
104, 377
104, 121
104, 122
104, 378
104, 250
104, 251
104, 379
104, 123
104, 124
104, 380
104, 252
104, 253
104, 381
104, 125
104, 126
104, 382
104, 254
104, 255
104, 383
104, 127
232, 256
232, 320
232, 384
232, 448
232, 257
232, 321
232, 385
232, 449
232, 322
232, 450
232, 386
232, 258
232, 387
232, 323
232, 259
232, 260
232, 388
232, 324
232, 389
232, 325
232, 261
232, 262
232, 326
232, 390
232, 391
232, 327
232, 263
232, 264
232, 328
232, 392
232, 393
232, 329
232, 265
232, 266
232, 330
232, 394
232, 395
232, 331
232, 267
232, 268
232, 332
232, 396
232, 397
232, 333
232, 269
232, 270
232, 334
232, 398
232, 399
232, 335
232, 271
232, 272
232, 336
232, 400
232, 401
232, 337
232, 273
232, 274
232, 338
232, 402
232, 403
232, 339
232, 275
232, 276
232, 340
232, 404
232, 405
232, 341
232, 277
232, 278
232, 342
232, 406
232, 407
232, 343
232, 279
232, 280
232, 344
232, 408
232, 409
232, 345
232, 281
232, 282
232, 346
232, 410
232, 411
232, 347
232, 283
232, 284
232, 348
232, 412
232, 413
232, 349
232, 285
232, 286
232, 350
232, 414
232, 415
232, 351
232, 287
232, 288
232, 352
232, 416
232, 417
232, 353
232, 289
232, 290
232, 354
232, 418
232, 419
232, 355
232, 291
232, 292
232, 356
232, 420
232, 421
232, 357
232, 293
232, 294
232, 358
232, 422
232, 423
232, 359
232, 295
232, 296
232, 360
232, 424
232, 425
232, 361
232, 297
232, 233
232, 234
232, 298
232, 362
232, 426
232, 427
232, 363
232, 299
232, 235
232, 236
232, 300
232, 364
232, 428
232, 429
232, 365
232, 301
232, 237
232, 238
232, 302
232, 366
232, 430
232, 431
232, 367
232, 303
232, 239
232, 240
232, 304
232, 368
232, 432
232, 433
232, 369
232, 305
232, 241
232, 242
232, 306
232, 370
232, 434
232, 435
232, 371
232, 307
232, 243
232, 244
232, 308
232, 372
232, 436
232, 437
232, 373
232, 309
232, 245
232, 246
232, 310
232, 374
232, 438
232, 439
232, 375
232, 311
232, 247
232, 248
232, 312
232, 376
232, 440
232, 441
232, 377
232, 313
232, 249
232, 250
232, 314
232, 378
232, 442
232, 443
232, 379
232, 315
232, 251
232, 252
232, 316
232, 380
232, 444
232, 445
232, 381
232, 317
232, 253
232, 254
232, 318
232, 382
232, 446
232, 447
232, 383
232, 319
232, 255
361, 384
361, 448
361, 385
361, 449
361, 386
361, 450
361, 387
361, 388
361, 389
361, 390
361, 391
361, 392
361, 393
361, 394
361, 395
361, 396
361, 397
361, 398
361, 399
361, 400
361, 401
361, 402
361, 403
361, 404
361, 405
361, 406
361, 407
361, 408
361, 409
361, 410
361, 411
361, 412
361, 413
361, 414
361, 415
361, 416
361, 417
361, 418
361, 419
361, 420
361, 421
361, 422
361, 423
361, 424
361, 425
361, 426
361, 362
361, 363
361, 427
361, 428
361, 364
361, 365
361, 429
361, 430
361, 366
361, 367
361, 431
361, 432
361, 368
361, 369
361, 433
361, 434
361, 370
361, 371
361, 435
361, 436
361, 372
361, 373
361, 437
361, 438
361, 374
361, 375
361, 439
361, 440
361, 376
361, 377
361, 441
361, 442
361, 378
361, 379
361, 443
361, 444
361, 380
361, 381
361, 445
361, 446
361, 382
361, 383
361, 447
105, 256
105, 384
105, 128
105, 129
105, 385
105, 257
105, 386
105, 258
105, 130
105, 387
105, 259
105, 131
105, 132
105, 388
105, 260
105, 133
105, 261
105, 389
105, 134
105, 390
105, 262
105, 135
105, 263
105, 391
105, 136
105, 392
105, 264
105, 137
105, 265
105, 393
105, 138
105, 394
105, 266
105, 139
105, 267
105, 395
105, 140
105, 396
105, 268
105, 141
105, 269
105, 397
105, 142
105, 398
105, 270
105, 143
105, 271
105, 399
105, 144
105, 400
105, 272
105, 145
105, 273
105, 401
105, 146
105, 402
105, 274
105, 147
105, 275
105, 403
105, 148
105, 404
105, 276
105, 149
105, 277
105, 405
105, 150
105, 406
105, 278
105, 151
105, 279
105, 407
105, 152
105, 408
105, 280
105, 153
105, 281
105, 409
105, 154
105, 410
105, 282
105, 155
105, 283
105, 411
105, 156
105, 412
105, 284
105, 157
105, 285
105, 413
105, 158
105, 414
105, 286
105, 159
105, 287
105, 415
105, 160
105, 416
105, 288
105, 161
105, 289
105, 417
105, 162
105, 418
105, 290
105, 163
105, 291
105, 419
105, 164
105, 420
105, 292
105, 165
105, 293
105, 421
105, 166
105, 422
105, 294
105, 167
105, 295
105, 423
105, 168
105, 424
105, 296
105, 169
105, 297
105, 425
105, 170
105, 426
105, 298
105, 171
105, 299
105, 427
105, 172
105, 428
105, 300
105, 173
105, 301
105, 429
105, 174
105, 430
105, 302
105, 175
105, 303
105, 431
105, 176
105, 432
105, 304
105, 177
105, 305
105, 433
105, 178
105, 434
105, 306
105, 179
105, 307
105, 435
105, 180
105, 436
105, 308
105, 181
105, 309
105, 437
105, 182
105, 438
105, 310
105, 183
105, 311
105, 439
105, 184
105, 440
105, 312
105, 185
105, 313
105, 441
105, 186
105, 442
105, 314
105, 187
105, 315
105, 443
105, 188
105, 444
105, 316
105, 189
105, 317
105, 445
105, 190
105, 446
105, 318
105, 191
105, 319
105, 447
105, 320
105, 192
105, 448
105, 321
105, 449
105, 193
105, 194
105, 322
105, 450
105, 323
105, 195
105, 196
105, 324
105, 325
105, 197
105, 198
105, 326
105, 327
105, 199
105, 200
105, 328
105, 329
105, 201
105, 202
105, 330
105, 331
105, 203
105, 204
105, 332
105, 333
105, 205
105, 206
105, 334
105, 335
105, 207
105, 208
105, 336
105, 337
105, 209
105, 210
105, 338
105, 339
105, 211
105, 212
105, 340
105, 341
105, 213
105, 214
105, 342
105, 343
105, 215
105, 216
105, 344
105, 345
105, 217
105, 218
105, 346
105, 347
105, 219
105, 220
105, 348
105, 349
105, 221
105, 222
105, 350
105, 351
105, 223
105, 224
105, 352
105, 353
105, 225
105, 226
105, 354
105, 355
105, 227
105, 228
105, 356
105, 357
105, 229
105, 230
105, 358
105, 359
105, 231
105, 232
105, 360
105, 361
105, 233
105, 234
105, 362
105, 106
105, 107
105, 363
105, 235
105, 236
105, 364
105, 108
105, 109
105, 365
105, 237
105, 238
105, 366
105, 110
105, 111
105, 367
105, 239
105, 240
105, 368
105, 112
105, 113
105, 369
105, 241
105, 242
105, 370
105, 114
105, 115
105, 371
105, 243
105, 244
105, 372
105, 116
105, 117
105, 373
105, 245
105, 246
105, 374
105, 118
105, 119
105, 375
105, 247
105, 248
105, 376
105, 120
105, 121
105, 377
105, 249
105, 250
105, 378
105, 122
105, 123
105, 379
105, 251
105, 252
105, 380
105, 124
105, 125
105, 381
105, 253
105, 254
105, 382
105, 126
105, 127
105, 383
105, 255
233, 256
233, 320
233, 384
233, 448
233, 257
233, 321
233, 385
233, 449
233, 258
233, 386
233, 450
233, 322
233, 259
233, 323
233, 387
233, 324
233, 388
233, 260
233, 261
233, 325
233, 389
233, 390
233, 326
233, 262
233, 263
233, 327
233, 391
233, 392
233, 328
233, 264
233, 265
233, 329
233, 393
233, 394
233, 330
233, 266
233, 267
233, 331
233, 395
233, 396
233, 332
233, 268
233, 269
233, 333
233, 397
233, 398
233, 334
233, 270
233, 271
233, 335
233, 399
233, 400
233, 336
233, 272
233, 273
233, 337
233, 401
233, 402
233, 338
233, 274
233, 275
233, 339
233, 403
233, 404
233, 340
233, 276
233, 277
233, 341
233, 405
233, 406
233, 342
233, 278
233, 279
233, 343
233, 407
233, 408
233, 344
233, 280
233, 281
233, 345
233, 409
233, 410
233, 346
233, 282
233, 283
233, 347
233, 411
233, 412
233, 348
233, 284
233, 285
233, 349
233, 413
233, 414
233, 350
233, 286
233, 287
233, 351
233, 415
233, 416
233, 352
233, 288
233, 289
233, 353
233, 417
233, 418
233, 354
233, 290
233, 291
233, 355
233, 419
233, 420
233, 356
233, 292
233, 293
233, 357
233, 421
233, 422
233, 358
233, 294
233, 295
233, 359
233, 423
233, 424
233, 360
233, 296
233, 297
233, 361
233, 425
233, 426
233, 362
233, 298
233, 234
233, 235
233, 299
233, 363
233, 427
233, 428
233, 364
233, 300
233, 236
233, 237
233, 301
233, 365
233, 429
233, 430
233, 366
233, 302
233, 238
233, 239
233, 303
233, 367
233, 431
233, 432
233, 368
233, 304
233, 240
233, 241
233, 305
233, 369
233, 433
233, 434
233, 370
233, 306
233, 242
233, 243
233, 307
233, 371
233, 435
233, 436
233, 372
233, 308
233, 244
233, 245
233, 309
233, 373
233, 437
233, 438
233, 374
233, 310
233, 246
233, 247
233, 311
233, 375
233, 439
233, 440
233, 376
233, 312
233, 248
233, 249
233, 313
233, 377
233, 441
233, 442
233, 378
233, 314
233, 250
233, 251
233, 315
233, 379
233, 443
233, 444
233, 380
233, 316
233, 252
233, 253
233, 317
233, 381
233, 445
233, 446
233, 382
233, 318
233, 254
233, 255
233, 319
233, 383
233, 447
362, 384
362, 448
362, 385
362, 449
362, 386
362, 450
362, 387
362, 388
362, 389
362, 390
362, 391
362, 392
362, 393
362, 394
362, 395
362, 396
362, 397
362, 398
362, 399
362, 400
362, 401
362, 402
362, 403
362, 404
362, 405
362, 406
362, 407
362, 408
362, 409
362, 410
362, 411
362, 412
362, 413
362, 414
362, 415
362, 416
362, 417
362, 418
362, 419
362, 420
362, 421
362, 422
362, 423
362, 424
362, 425
362, 426
362, 427
362, 363
362, 364
362, 428
362, 429
362, 365
362, 366
362, 430
362, 431
362, 367
362, 368
362, 432
362, 433
362, 369
362, 370
362, 434
362, 435
362, 371
362, 372
362, 436
362, 437
362, 373
362, 374
362, 438
362, 439
362, 375
362, 376
362, 440
362, 441
362, 377
362, 378
362, 442
362, 443
362, 379
362, 380
362, 444
362, 445
362, 381
362, 382
362, 446
362, 447
362, 383
106, 128
106, 384
106, 256
106, 257
106, 385
106, 129
106, 258
106, 386
106, 130
106, 387
106, 259
106, 131
106, 132
106, 388
106, 260
106, 133
106, 261
106, 389
106, 134
106, 390
106, 262
106, 135
106, 263
106, 391
106, 136
106, 392
106, 264
106, 137
106, 265
106, 393
106, 138
106, 394
106, 266
106, 139
106, 267
106, 395
106, 140
106, 396
106, 268
106, 141
106, 269
106, 397
106, 142
106, 398
106, 270
106, 143
106, 271
106, 399
106, 144
106, 400
106, 272
106, 145
106, 273
106, 401
106, 146
106, 402
106, 274
106, 147
106, 275
106, 403
106, 148
106, 404
106, 276
106, 149
106, 277
106, 405
106, 150
106, 406
106, 278
106, 151
106, 279
106, 407
106, 152
106, 408
106, 280
106, 153
106, 281
106, 409
106, 154
106, 410
106, 282
106, 155
106, 283
106, 411
106, 156
106, 412
106, 284
106, 157
106, 285
106, 413
106, 158
106, 414
106, 286
106, 159
106, 287
106, 415
106, 160
106, 416
106, 288
106, 161
106, 289
106, 417
106, 162
106, 418
106, 290
106, 163
106, 291
106, 419
106, 164
106, 420
106, 292
106, 165
106, 293
106, 421
106, 166
106, 422
106, 294
106, 167
106, 295
106, 423
106, 168
106, 424
106, 296
106, 169
106, 297
106, 425
106, 170
106, 426
106, 298
106, 171
106, 299
106, 427
106, 172
106, 428
106, 300
106, 173
106, 301
106, 429
106, 174
106, 430
106, 302
106, 175
106, 303
106, 431
106, 176
106, 432
106, 304
106, 177
106, 305
106, 433
106, 178
106, 434
106, 306
106, 179
106, 307
106, 435
106, 180
106, 436
106, 308
106, 181
106, 309
106, 437
106, 182
106, 438
106, 310
106, 183
106, 311
106, 439
106, 184
106, 440
106, 312
106, 185
106, 313
106, 441
106, 186
106, 442
106, 314
106, 187
106, 315
106, 443
106, 188
106, 444
106, 316
106, 189
106, 317
106, 445
106, 190
106, 446
106, 318
106, 191
106, 319
106, 447
106, 192
106, 448
106, 320
106, 193
106, 449
106, 321
106, 450
106, 322
106, 194
106, 195
106, 323
106, 324
106, 196
106, 197
106, 325
106, 326
106, 198
106, 199
106, 327
106, 328
106, 200
106, 201
106, 329
106, 330
106, 202
106, 203
106, 331
106, 332
106, 204
106, 205
106, 333
106, 334
106, 206
106, 207
106, 335
106, 336
106, 208
106, 209
106, 337
106, 338
106, 210
106, 211
106, 339
106, 340
106, 212
106, 213
106, 341
106, 342
106, 214
106, 215
106, 343
106, 344
106, 216
106, 217
106, 345
106, 346
106, 218
106, 219
106, 347
106, 348
106, 220
106, 221
106, 349
106, 350
106, 222
106, 223
106, 351
106, 352
106, 224
106, 225
106, 353
106, 354
106, 226
106, 227
106, 355
106, 356
106, 228
106, 229
106, 357
106, 358
106, 230
106, 231
106, 359
106, 360
106, 232
106, 233
106, 361
106, 362
106, 234
106, 235
106, 363
106, 107
106, 108
106, 364
106, 236
106, 237
106, 365
106, 109
106, 110
106, 366
106, 238
106, 239
106, 367
106, 111
106, 112
106, 368
106, 240
106, 241
106, 369
106, 113
106, 114
106, 370
106, 242
106, 243
106, 371
106, 115
106, 116
106, 372
106, 244
106, 245
106, 373
106, 117
106, 118
106, 374
106, 246
106, 247
106, 375
106, 119
106, 120
106, 376
106, 248
106, 249
106, 377
106, 121
106, 122
106, 378
106, 250
106, 251
106, 379
106, 123
106, 124
106, 380
106, 252
106, 253
106, 381
106, 125
106, 126
106, 382
106, 254
106, 255
106, 383
106, 127
234, 256
234, 320
234, 384
234, 448
234, 257
234, 321
234, 385
234, 449
234, 322
234, 450
234, 386
234, 258
234, 387
234, 323
234, 259
234, 260
234, 388
234, 324
234, 389
234, 325
234, 261
234, 262
234, 326
234, 390
234, 391
234, 327
234, 263
234, 264
234, 328
234, 392
234, 393
234, 329
234, 265
234, 266
234, 330
234, 394
234, 395
234, 331
234, 267
234, 268
234, 332
234, 396
234, 397
234, 333
234, 269
234, 270
234, 334
234, 398
234, 399
234, 335
234, 271
234, 272
234, 336
234, 400
234, 401
234, 337
234, 273
234, 274
234, 338
234, 402
234, 403
234, 339
234, 275
234, 276
234, 340
234, 404
234, 405
234, 341
234, 277
234, 278
234, 342
234, 406
234, 407
234, 343
234, 279
234, 280
234, 344
234, 408
234, 409
234, 345
234, 281
234, 282
234, 346
234, 410
234, 411
234, 347
234, 283
234, 284
234, 348
234, 412
234, 413
234, 349
234, 285
234, 286
234, 350
234, 414
234, 415
234, 351
234, 287
234, 288
234, 352
234, 416
234, 417
234, 353
234, 289
234, 290
234, 354
234, 418
234, 419
234, 355
234, 291
234, 292
234, 356
234, 420
234, 421
234, 357
234, 293
234, 294
234, 358
234, 422
234, 423
234, 359
234, 295
234, 296
234, 360
234, 424
234, 425
234, 361
234, 297
234, 298
234, 362
234, 426
234, 427
234, 363
234, 299
234, 235
234, 236
234, 300
234, 364
234, 428
234, 429
234, 365
234, 301
234, 237
234, 238
234, 302
234, 366
234, 430
234, 431
234, 367
234, 303
234, 239
234, 240
234, 304
234, 368
234, 432
234, 433
234, 369
234, 305
234, 241
234, 242
234, 306
234, 370
234, 434
234, 435
234, 371
234, 307
234, 243
234, 244
234, 308
234, 372
234, 436
234, 437
234, 373
234, 309
234, 245
234, 246
234, 310
234, 374
234, 438
234, 439
234, 375
234, 311
234, 247
234, 248
234, 312
234, 376
234, 440
234, 441
234, 377
234, 313
234, 249
234, 250
234, 314
234, 378
234, 442
234, 443
234, 379
234, 315
234, 251
234, 252
234, 316
234, 380
234, 444
234, 445
234, 381
234, 317
234, 253
234, 254
234, 318
234, 382
234, 446
234, 447
234, 383
234, 319
234, 255
363, 384
363, 448
363, 385
363, 449
363, 386
363, 450
363, 387
363, 388
363, 389
363, 390
363, 391
363, 392
363, 393
363, 394
363, 395
363, 396
363, 397
363, 398
363, 399
363, 400
363, 401
363, 402
363, 403
363, 404
363, 405
363, 406
363, 407
363, 408
363, 409
363, 410
363, 411
363, 412
363, 413
363, 414
363, 415
363, 416
363, 417
363, 418
363, 419
363, 420
363, 421
363, 422
363, 423
363, 424
363, 425
363, 426
363, 427
363, 428
363, 364
363, 365
363, 429
363, 430
363, 366
363, 367
363, 431
363, 432
363, 368
363, 369
363, 433
363, 434
363, 370
363, 371
363, 435
363, 436
363, 372
363, 373
363, 437
363, 438
363, 374
363, 375
363, 439
363, 440
363, 376
363, 377
363, 441
363, 442
363, 378
363, 379
363, 443
363, 444
363, 380
363, 381
363, 445
363, 446
363, 382
363, 383
363, 447
107, 256
107, 384
107, 128
107, 129
107, 385
107, 257
107, 386
107, 258
107, 130
107, 387
107, 259
107, 131
107, 132
107, 388
107, 260
107, 133
107, 261
107, 389
107, 134
107, 390
107, 262
107, 135
107, 263
107, 391
107, 136
107, 392
107, 264
107, 137
107, 265
107, 393
107, 138
107, 394
107, 266
107, 139
107, 267
107, 395
107, 140
107, 396
107, 268
107, 141
107, 269
107, 397
107, 142
107, 398
107, 270
107, 143
107, 271
107, 399
107, 144
107, 400
107, 272
107, 145
107, 273
107, 401
107, 146
107, 402
107, 274
107, 147
107, 275
107, 403
107, 148
107, 404
107, 276
107, 149
107, 277
107, 405
107, 150
107, 406
107, 278
107, 151
107, 279
107, 407
107, 152
107, 408
107, 280
107, 153
107, 281
107, 409
107, 154
107, 410
107, 282
107, 155
107, 283
107, 411
107, 156
107, 412
107, 284
107, 157
107, 285
107, 413
107, 158
107, 414
107, 286
107, 159
107, 287
107, 415
107, 160
107, 416
107, 288
107, 161
107, 289
107, 417
107, 162
107, 418
107, 290
107, 163
107, 291
107, 419
107, 164
107, 420
107, 292
107, 165
107, 293
107, 421
107, 166
107, 422
107, 294
107, 167
107, 295
107, 423
107, 168
107, 424
107, 296
107, 169
107, 297
107, 425
107, 170
107, 426
107, 298
107, 171
107, 299
107, 427
107, 172
107, 428
107, 300
107, 173
107, 301
107, 429
107, 174
107, 430
107, 302
107, 175
107, 303
107, 431
107, 176
107, 432
107, 304
107, 177
107, 305
107, 433
107, 178
107, 434
107, 306
107, 179
107, 307
107, 435
107, 180
107, 436
107, 308
107, 181
107, 309
107, 437
107, 182
107, 438
107, 310
107, 183
107, 311
107, 439
107, 184
107, 440
107, 312
107, 185
107, 313
107, 441
107, 186
107, 442
107, 314
107, 187
107, 315
107, 443
107, 188
107, 444
107, 316
107, 189
107, 317
107, 445
107, 190
107, 446
107, 318
107, 191
107, 319
107, 447
107, 448
107, 320
107, 192
107, 321
107, 449
107, 193
107, 194
107, 322
107, 450
107, 323
107, 195
107, 196
107, 324
107, 325
107, 197
107, 198
107, 326
107, 327
107, 199
107, 200
107, 328
107, 329
107, 201
107, 202
107, 330
107, 331
107, 203
107, 204
107, 332
107, 333
107, 205
107, 206
107, 334
107, 335
107, 207
107, 208
107, 336
107, 337
107, 209
107, 210
107, 338
107, 339
107, 211
107, 212
107, 340
107, 341
107, 213
107, 214
107, 342
107, 343
107, 215
107, 216
107, 344
107, 345
107, 217
107, 218
107, 346
107, 347
107, 219
107, 220
107, 348
107, 349
107, 221
107, 222
107, 350
107, 351
107, 223
107, 224
107, 352
107, 353
107, 225
107, 226
107, 354
107, 355
107, 227
107, 228
107, 356
107, 357
107, 229
107, 230
107, 358
107, 359
107, 231
107, 232
107, 360
107, 361
107, 233
107, 234
107, 362
107, 363
107, 235
107, 236
107, 364
107, 108
107, 109
107, 365
107, 237
107, 238
107, 366
107, 110
107, 111
107, 367
107, 239
107, 240
107, 368
107, 112
107, 113
107, 369
107, 241
107, 242
107, 370
107, 114
107, 115
107, 371
107, 243
107, 244
107, 372
107, 116
107, 117
107, 373
107, 245
107, 246
107, 374
107, 118
107, 119
107, 375
107, 247
107, 248
107, 376
107, 120
107, 121
107, 377
107, 249
107, 250
107, 378
107, 122
107, 123
107, 379
107, 251
107, 252
107, 380
107, 124
107, 125
107, 381
107, 253
107, 254
107, 382
107, 126
107, 127
107, 383
107, 255
235, 256
235, 320
235, 384
235, 448
235, 257
235, 321
235, 385
235, 449
235, 258
235, 386
235, 450
235, 322
235, 259
235, 323
235, 387
235, 324
235, 388
235, 260
235, 261
235, 325
235, 389
235, 390
235, 326
235, 262
235, 263
235, 327
235, 391
235, 392
235, 328
235, 264
235, 265
235, 329
235, 393
235, 394
235, 330
235, 266
235, 267
235, 331
235, 395
235, 396
235, 332
235, 268
235, 269
235, 333
235, 397
235, 398
235, 334
235, 270
235, 271
235, 335
235, 399
235, 400
235, 336
235, 272
235, 273
235, 337
235, 401
235, 402
235, 338
235, 274
235, 275
235, 339
235, 403
235, 404
235, 340
235, 276
235, 277
235, 341
235, 405
235, 406
235, 342
235, 278
235, 279
235, 343
235, 407
235, 408
235, 344
235, 280
235, 281
235, 345
235, 409
235, 410
235, 346
235, 282
235, 283
235, 347
235, 411
235, 412
235, 348
235, 284
235, 285
235, 349
235, 413
235, 414
235, 350
235, 286
235, 287
235, 351
235, 415
235, 416
235, 352
235, 288
235, 289
235, 353
235, 417
235, 418
235, 354
235, 290
235, 291
235, 355
235, 419
235, 420
235, 356
235, 292
235, 293
235, 357
235, 421
235, 422
235, 358
235, 294
235, 295
235, 359
235, 423
235, 424
235, 360
235, 296
235, 297
235, 361
235, 425
235, 426
235, 362
235, 298
235, 299
235, 363
235, 427
235, 428
235, 364
235, 300
235, 236
235, 237
235, 301
235, 365
235, 429
235, 430
235, 366
235, 302
235, 238
235, 239
235, 303
235, 367
235, 431
235, 432
235, 368
235, 304
235, 240
235, 241
235, 305
235, 369
235, 433
235, 434
235, 370
235, 306
235, 242
235, 243
235, 307
235, 371
235, 435
235, 436
235, 372
235, 308
235, 244
235, 245
235, 309
235, 373
235, 437
235, 438
235, 374
235, 310
235, 246
235, 247
235, 311
235, 375
235, 439
235, 440
235, 376
235, 312
235, 248
235, 249
235, 313
235, 377
235, 441
235, 442
235, 378
235, 314
235, 250
235, 251
235, 315
235, 379
235, 443
235, 444
235, 380
235, 316
235, 252
235, 253
235, 317
235, 381
235, 445
235, 446
235, 382
235, 318
235, 254
235, 255
235, 319
235, 383
235, 447
364, 384
364, 448
364, 385
364, 449
364, 386
364, 450
364, 387
364, 388
364, 389
364, 390
364, 391
364, 392
364, 393
364, 394
364, 395
364, 396
364, 397
364, 398
364, 399
364, 400
364, 401
364, 402
364, 403
364, 404
364, 405
364, 406
364, 407
364, 408
364, 409
364, 410
364, 411
364, 412
364, 413
364, 414
364, 415
364, 416
364, 417
364, 418
364, 419
364, 420
364, 421
364, 422
364, 423
364, 424
364, 425
364, 426
364, 427
364, 428
364, 429
364, 365
364, 366
364, 430
364, 431
364, 367
364, 368
364, 432
364, 433
364, 369
364, 370
364, 434
364, 435
364, 371
364, 372
364, 436
364, 437
364, 373
364, 374
364, 438
364, 439
364, 375
364, 376
364, 440
364, 441
364, 377
364, 378
364, 442
364, 443
364, 379
364, 380
364, 444
364, 445
364, 381
364, 382
364, 446
364, 447
364, 383
108, 128
108, 384
108, 256
108, 257
108, 385
108, 129
108, 258
108, 386
108, 130
108, 387
108, 259
108, 131
108, 132
108, 388
108, 260
108, 133
108, 261
108, 389
108, 134
108, 390
108, 262
108, 135
108, 263
108, 391
108, 136
108, 392
108, 264
108, 137
108, 265
108, 393
108, 138
108, 394
108, 266
108, 139
108, 267
108, 395
108, 140
108, 396
108, 268
108, 141
108, 269
108, 397
108, 142
108, 398
108, 270
108, 143
108, 271
108, 399
108, 144
108, 400
108, 272
108, 145
108, 273
108, 401
108, 146
108, 402
108, 274
108, 147
108, 275
108, 403
108, 148
108, 404
108, 276
108, 149
108, 277
108, 405
108, 150
108, 406
108, 278
108, 151
108, 279
108, 407
108, 152
108, 408
108, 280
108, 153
108, 281
108, 409
108, 154
108, 410
108, 282
108, 155
108, 283
108, 411
108, 156
108, 412
108, 284
108, 157
108, 285
108, 413
108, 158
108, 414
108, 286
108, 159
108, 287
108, 415
108, 160
108, 416
108, 288
108, 161
108, 289
108, 417
108, 162
108, 418
108, 290
108, 163
108, 291
108, 419
108, 164
108, 420
108, 292
108, 165
108, 293
108, 421
108, 166
108, 422
108, 294
108, 167
108, 295
108, 423
108, 168
108, 424
108, 296
108, 169
108, 297
108, 425
108, 170
108, 426
108, 298
108, 171
108, 299
108, 427
108, 172
108, 428
108, 300
108, 173
108, 301
108, 429
108, 174
108, 430
108, 302
108, 175
108, 303
108, 431
108, 176
108, 432
108, 304
108, 177
108, 305
108, 433
108, 178
108, 434
108, 306
108, 179
108, 307
108, 435
108, 180
108, 436
108, 308
108, 181
108, 309
108, 437
108, 182
108, 438
108, 310
108, 183
108, 311
108, 439
108, 184
108, 440
108, 312
108, 185
108, 313
108, 441
108, 186
108, 442
108, 314
108, 187
108, 315
108, 443
108, 188
108, 444
108, 316
108, 189
108, 317
108, 445
108, 190
108, 446
108, 318
108, 191
108, 319
108, 447
108, 320
108, 192
108, 448
108, 193
108, 449
108, 321
108, 450
108, 322
108, 194
108, 195
108, 323
108, 324
108, 196
108, 197
108, 325
108, 326
108, 198
108, 199
108, 327
108, 328
108, 200
108, 201
108, 329
108, 330
108, 202
108, 203
108, 331
108, 332
108, 204
108, 205
108, 333
108, 334
108, 206
108, 207
108, 335
108, 336
108, 208
108, 209
108, 337
108, 338
108, 210
108, 211
108, 339
108, 340
108, 212
108, 213
108, 341
108, 342
108, 214
108, 215
108, 343
108, 344
108, 216
108, 217
108, 345
108, 346
108, 218
108, 219
108, 347
108, 348
108, 220
108, 221
108, 349
108, 350
108, 222
108, 223
108, 351
108, 352
108, 224
108, 225
108, 353
108, 354
108, 226
108, 227
108, 355
108, 356
108, 228
108, 229
108, 357
108, 358
108, 230
108, 231
108, 359
108, 360
108, 232
108, 233
108, 361
108, 362
108, 234
108, 235
108, 363
108, 364
108, 236
108, 237
108, 365
108, 109
108, 110
108, 366
108, 238
108, 239
108, 367
108, 111
108, 112
108, 368
108, 240
108, 241
108, 369
108, 113
108, 114
108, 370
108, 242
108, 243
108, 371
108, 115
108, 116
108, 372
108, 244
108, 245
108, 373
108, 117
108, 118
108, 374
108, 246
108, 247
108, 375
108, 119
108, 120
108, 376
108, 248
108, 249
108, 377
108, 121
108, 122
108, 378
108, 250
108, 251
108, 379
108, 123
108, 124
108, 380
108, 252
108, 253
108, 381
108, 125
108, 126
108, 382
108, 254
108, 255
108, 383
108, 127
236, 256
236, 320
236, 384
236, 448
236, 257
236, 321
236, 385
236, 449
236, 322
236, 450
236, 386
236, 258
236, 387
236, 323
236, 259
236, 260
236, 388
236, 324
236, 389
236, 325
236, 261
236, 262
236, 326
236, 390
236, 391
236, 327
236, 263
236, 264
236, 328
236, 392
236, 393
236, 329
236, 265
236, 266
236, 330
236, 394
236, 395
236, 331
236, 267
236, 268
236, 332
236, 396
236, 397
236, 333
236, 269
236, 270
236, 334
236, 398
236, 399
236, 335
236, 271
236, 272
236, 336
236, 400
236, 401
236, 337
236, 273
236, 274
236, 338
236, 402
236, 403
236, 339
236, 275
236, 276
236, 340
236, 404
236, 405
236, 341
236, 277
236, 278
236, 342
236, 406
236, 407
236, 343
236, 279
236, 280
236, 344
236, 408
236, 409
236, 345
236, 281
236, 282
236, 346
236, 410
236, 411
236, 347
236, 283
236, 284
236, 348
236, 412
236, 413
236, 349
236, 285
236, 286
236, 350
236, 414
236, 415
236, 351
236, 287
236, 288
236, 352
236, 416
236, 417
236, 353
236, 289
236, 290
236, 354
236, 418
236, 419
236, 355
236, 291
236, 292
236, 356
236, 420
236, 421
236, 357
236, 293
236, 294
236, 358
236, 422
236, 423
236, 359
236, 295
236, 296
236, 360
236, 424
236, 425
236, 361
236, 297
236, 298
236, 362
236, 426
236, 427
236, 363
236, 299
236, 300
236, 364
236, 428
236, 429
236, 365
236, 301
236, 237
236, 238
236, 302
236, 366
236, 430
236, 431
236, 367
236, 303
236, 239
236, 240
236, 304
236, 368
236, 432
236, 433
236, 369
236, 305
236, 241
236, 242
236, 306
236, 370
236, 434
236, 435
236, 371
236, 307
236, 243
236, 244
236, 308
236, 372
236, 436
236, 437
236, 373
236, 309
236, 245
236, 246
236, 310
236, 374
236, 438
236, 439
236, 375
236, 311
236, 247
236, 248
236, 312
236, 376
236, 440
236, 441
236, 377
236, 313
236, 249
236, 250
236, 314
236, 378
236, 442
236, 443
236, 379
236, 315
236, 251
236, 252
236, 316
236, 380
236, 444
236, 445
236, 381
236, 317
236, 253
236, 254
236, 318
236, 382
236, 446
236, 447
236, 383
236, 319
236, 255
365, 384
365, 448
365, 385
365, 449
365, 386
365, 450
365, 387
365, 388
365, 389
365, 390
365, 391
365, 392
365, 393
365, 394
365, 395
365, 396
365, 397
365, 398
365, 399
365, 400
365, 401
365, 402
365, 403
365, 404
365, 405
365, 406
365, 407
365, 408
365, 409
365, 410
365, 411
365, 412
365, 413
365, 414
365, 415
365, 416
365, 417
365, 418
365, 419
365, 420
365, 421
365, 422
365, 423
365, 424
365, 425
365, 426
365, 427
365, 428
365, 429
365, 430
365, 366
365, 367
365, 431
365, 432
365, 368
365, 369
365, 433
365, 434
365, 370
365, 371
365, 435
365, 436
365, 372
365, 373
365, 437
365, 438
365, 374
365, 375
365, 439
365, 440
365, 376
365, 377
365, 441
365, 442
365, 378
365, 379
365, 443
365, 444
365, 380
365, 381
365, 445
365, 446
365, 382
365, 383
365, 447
109, 256
109, 384
109, 128
109, 129
109, 385
109, 257
109, 386
109, 258
109, 130
109, 387
109, 259
109, 131
109, 132
109, 388
109, 260
109, 133
109, 261
109, 389
109, 134
109, 390
109, 262
109, 135
109, 263
109, 391
109, 136
109, 392
109, 264
109, 137
109, 265
109, 393
109, 138
109, 394
109, 266
109, 139
109, 267
109, 395
109, 140
109, 396
109, 268
109, 141
109, 269
109, 397
109, 142
109, 398
109, 270
109, 143
109, 271
109, 399
109, 144
109, 400
109, 272
109, 145
109, 273
109, 401
109, 146
109, 402
109, 274
109, 147
109, 275
109, 403
109, 148
109, 404
109, 276
109, 149
109, 277
109, 405
109, 150
109, 406
109, 278
109, 151
109, 279
109, 407
109, 152
109, 408
109, 280
109, 153
109, 281
109, 409
109, 154
109, 410
109, 282
109, 155
109, 283
109, 411
109, 156
109, 412
109, 284
109, 157
109, 285
109, 413
109, 158
109, 414
109, 286
109, 159
109, 287
109, 415
109, 160
109, 416
109, 288
109, 161
109, 289
109, 417
109, 162
109, 418
109, 290
109, 163
109, 291
109, 419
109, 164
109, 420
109, 292
109, 165
109, 293
109, 421
109, 166
109, 422
109, 294
109, 167
109, 295
109, 423
109, 168
109, 424
109, 296
109, 169
109, 297
109, 425
109, 170
109, 426
109, 298
109, 171
109, 299
109, 427
109, 172
109, 428
109, 300
109, 173
109, 301
109, 429
109, 174
109, 430
109, 302
109, 175
109, 303
109, 431
109, 176
109, 432
109, 304
109, 177
109, 305
109, 433
109, 178
109, 434
109, 306
109, 179
109, 307
109, 435
109, 180
109, 436
109, 308
109, 181
109, 309
109, 437
109, 182
109, 438
109, 310
109, 183
109, 311
109, 439
109, 184
109, 440
109, 312
109, 185
109, 313
109, 441
109, 186
109, 442
109, 314
109, 187
109, 315
109, 443
109, 188
109, 444
109, 316
109, 189
109, 317
109, 445
109, 190
109, 446
109, 318
109, 191
109, 319
109, 447
109, 192
109, 448
109, 320
109, 321
109, 449
109, 193
109, 194
109, 322
109, 450
109, 323
109, 195
109, 196
109, 324
109, 325
109, 197
109, 198
109, 326
109, 327
109, 199
109, 200
109, 328
109, 329
109, 201
109, 202
109, 330
109, 331
109, 203
109, 204
109, 332
109, 333
109, 205
109, 206
109, 334
109, 335
109, 207
109, 208
109, 336
109, 337
109, 209
109, 210
109, 338
109, 339
109, 211
109, 212
109, 340
109, 341
109, 213
109, 214
109, 342
109, 343
109, 215
109, 216
109, 344
109, 345
109, 217
109, 218
109, 346
109, 347
109, 219
109, 220
109, 348
109, 349
109, 221
109, 222
109, 350
109, 351
109, 223
109, 224
109, 352
109, 353
109, 225
109, 226
109, 354
109, 355
109, 227
109, 228
109, 356
109, 357
109, 229
109, 230
109, 358
109, 359
109, 231
109, 232
109, 360
109, 361
109, 233
109, 234
109, 362
109, 363
109, 235
109, 236
109, 364
109, 365
109, 237
109, 238
109, 366
109, 110
109, 111
109, 367
109, 239
109, 240
109, 368
109, 112
109, 113
109, 369
109, 241
109, 242
109, 370
109, 114
109, 115
109, 371
109, 243
109, 244
109, 372
109, 116
109, 117
109, 373
109, 245
109, 246
109, 374
109, 118
109, 119
109, 375
109, 247
109, 248
109, 376
109, 120
109, 121
109, 377
109, 249
109, 250
109, 378
109, 122
109, 123
109, 379
109, 251
109, 252
109, 380
109, 124
109, 125
109, 381
109, 253
109, 254
109, 382
109, 126
109, 127
109, 383
109, 255
237, 256
237, 320
237, 384
237, 448
237, 257
237, 321
237, 385
237, 449
237, 258
237, 386
237, 450
237, 322
237, 259
237, 323
237, 387
237, 324
237, 388
237, 260
237, 261
237, 325
237, 389
237, 390
237, 326
237, 262
237, 263
237, 327
237, 391
237, 392
237, 328
237, 264
237, 265
237, 329
237, 393
237, 394
237, 330
237, 266
237, 267
237, 331
237, 395
237, 396
237, 332
237, 268
237, 269
237, 333
237, 397
237, 398
237, 334
237, 270
237, 271
237, 335
237, 399
237, 400
237, 336
237, 272
237, 273
237, 337
237, 401
237, 402
237, 338
237, 274
237, 275
237, 339
237, 403
237, 404
237, 340
237, 276
237, 277
237, 341
237, 405
237, 406
237, 342
237, 278
237, 279
237, 343
237, 407
237, 408
237, 344
237, 280
237, 281
237, 345
237, 409
237, 410
237, 346
237, 282
237, 283
237, 347
237, 411
237, 412
237, 348
237, 284
237, 285
237, 349
237, 413
237, 414
237, 350
237, 286
237, 287
237, 351
237, 415
237, 416
237, 352
237, 288
237, 289
237, 353
237, 417
237, 418
237, 354
237, 290
237, 291
237, 355
237, 419
237, 420
237, 356
237, 292
237, 293
237, 357
237, 421
237, 422
237, 358
237, 294
237, 295
237, 359
237, 423
237, 424
237, 360
237, 296
237, 297
237, 361
237, 425
237, 426
237, 362
237, 298
237, 299
237, 363
237, 427
237, 428
237, 364
237, 300
237, 301
237, 365
237, 429
237, 430
237, 366
237, 302
237, 238
237, 239
237, 303
237, 367
237, 431
237, 432
237, 368
237, 304
237, 240
237, 241
237, 305
237, 369
237, 433
237, 434
237, 370
237, 306
237, 242
237, 243
237, 307
237, 371
237, 435
237, 436
237, 372
237, 308
237, 244
237, 245
237, 309
237, 373
237, 437
237, 438
237, 374
237, 310
237, 246
237, 247
237, 311
237, 375
237, 439
237, 440
237, 376
237, 312
237, 248
237, 249
237, 313
237, 377
237, 441
237, 442
237, 378
237, 314
237, 250
237, 251
237, 315
237, 379
237, 443
237, 444
237, 380
237, 316
237, 252
237, 253
237, 317
237, 381
237, 445
237, 446
237, 382
237, 318
237, 254
237, 255
237, 319
237, 383
237, 447
366, 384
366, 448
366, 385
366, 449
366, 386
366, 450
366, 387
366, 388
366, 389
366, 390
366, 391
366, 392
366, 393
366, 394
366, 395
366, 396
366, 397
366, 398
366, 399
366, 400
366, 401
366, 402
366, 403
366, 404
366, 405
366, 406
366, 407
366, 408
366, 409
366, 410
366, 411
366, 412
366, 413
366, 414
366, 415
366, 416
366, 417
366, 418
366, 419
366, 420
366, 421
366, 422
366, 423
366, 424
366, 425
366, 426
366, 427
366, 428
366, 429
366, 430
366, 431
366, 367
366, 368
366, 432
366, 433
366, 369
366, 370
366, 434
366, 435
366, 371
366, 372
366, 436
366, 437
366, 373
366, 374
366, 438
366, 439
366, 375
366, 376
366, 440
366, 441
366, 377
366, 378
366, 442
366, 443
366, 379
366, 380
366, 444
366, 445
366, 381
366, 382
366, 446
366, 447
366, 383
110, 128
110, 384
110, 256
110, 257
110, 385
110, 129
110, 258
110, 386
110, 130
110, 387
110, 259
110, 131
110, 132
110, 388
110, 260
110, 133
110, 261
110, 389
110, 134
110, 390
110, 262
110, 135
110, 263
110, 391
110, 136
110, 392
110, 264
110, 137
110, 265
110, 393
110, 138
110, 394
110, 266
110, 139
110, 267
110, 395
110, 140
110, 396
110, 268
110, 141
110, 269
110, 397
110, 142
110, 398
110, 270
110, 143
110, 271
110, 399
110, 144
110, 400
110, 272
110, 145
110, 273
110, 401
110, 146
110, 402
110, 274
110, 147
110, 275
110, 403
110, 148
110, 404
110, 276
110, 149
110, 277
110, 405
110, 150
110, 406
110, 278
110, 151
110, 279
110, 407
110, 152
110, 408
110, 280
110, 153
110, 281
110, 409
110, 154
110, 410
110, 282
110, 155
110, 283
110, 411
110, 156
110, 412
110, 284
110, 157
110, 285
110, 413
110, 158
110, 414
110, 286
110, 159
110, 287
110, 415
110, 160
110, 416
110, 288
110, 161
110, 289
110, 417
110, 162
110, 418
110, 290
110, 163
110, 291
110, 419
110, 164
110, 420
110, 292
110, 165
110, 293
110, 421
110, 166
110, 422
110, 294
110, 167
110, 295
110, 423
110, 168
110, 424
110, 296
110, 169
110, 297
110, 425
110, 170
110, 426
110, 298
110, 171
110, 299
110, 427
110, 172
110, 428
110, 300
110, 173
110, 301
110, 429
110, 174
110, 430
110, 302
110, 175
110, 303
110, 431
110, 176
110, 432
110, 304
110, 177
110, 305
110, 433
110, 178
110, 434
110, 306
110, 179
110, 307
110, 435
110, 180
110, 436
110, 308
110, 181
110, 309
110, 437
110, 182
110, 438
110, 310
110, 183
110, 311
110, 439
110, 184
110, 440
110, 312
110, 185
110, 313
110, 441
110, 186
110, 442
110, 314
110, 187
110, 315
110, 443
110, 188
110, 444
110, 316
110, 189
110, 317
110, 445
110, 190
110, 446
110, 318
110, 191
110, 319
110, 447
110, 448
110, 320
110, 192
110, 193
110, 449
110, 321
110, 450
110, 322
110, 194
110, 195
110, 323
110, 324
110, 196
110, 197
110, 325
110, 326
110, 198
110, 199
110, 327
110, 328
110, 200
110, 201
110, 329
110, 330
110, 202
110, 203
110, 331
110, 332
110, 204
110, 205
110, 333
110, 334
110, 206
110, 207
110, 335
110, 336
110, 208
110, 209
110, 337
110, 338
110, 210
110, 211
110, 339
110, 340
110, 212
110, 213
110, 341
110, 342
110, 214
110, 215
110, 343
110, 344
110, 216
110, 217
110, 345
110, 346
110, 218
110, 219
110, 347
110, 348
110, 220
110, 221
110, 349
110, 350
110, 222
110, 223
110, 351
110, 352
110, 224
110, 225
110, 353
110, 354
110, 226
110, 227
110, 355
110, 356
110, 228
110, 229
110, 357
110, 358
110, 230
110, 231
110, 359
110, 360
110, 232
110, 233
110, 361
110, 362
110, 234
110, 235
110, 363
110, 364
110, 236
110, 237
110, 365
110, 366
110, 238
110, 239
110, 367
110, 111
110, 112
110, 368
110, 240
110, 241
110, 369
110, 113
110, 114
110, 370
110, 242
110, 243
110, 371
110, 115
110, 116
110, 372
110, 244
110, 245
110, 373
110, 117
110, 118
110, 374
110, 246
110, 247
110, 375
110, 119
110, 120
110, 376
110, 248
110, 249
110, 377
110, 121
110, 122
110, 378
110, 250
110, 251
110, 379
110, 123
110, 124
110, 380
110, 252
110, 253
110, 381
110, 125
110, 126
110, 382
110, 254
110, 255
110, 383
110, 127
238, 256
238, 320
238, 384
238, 448
238, 257
238, 321
238, 385
238, 449
238, 322
238, 450
238, 386
238, 258
238, 387
238, 323
238, 259
238, 260
238, 388
238, 324
238, 389
238, 325
238, 261
238, 262
238, 326
238, 390
238, 391
238, 327
238, 263
238, 264
238, 328
238, 392
238, 393
238, 329
238, 265
238, 266
238, 330
238, 394
238, 395
238, 331
238, 267
238, 268
238, 332
238, 396
238, 397
238, 333
238, 269
238, 270
238, 334
238, 398
238, 399
238, 335
238, 271
238, 272
238, 336
238, 400
238, 401
238, 337
238, 273
238, 274
238, 338
238, 402
238, 403
238, 339
238, 275
238, 276
238, 340
238, 404
238, 405
238, 341
238, 277
238, 278
238, 342
238, 406
238, 407
238, 343
238, 279
238, 280
238, 344
238, 408
238, 409
238, 345
238, 281
238, 282
238, 346
238, 410
238, 411
238, 347
238, 283
238, 284
238, 348
238, 412
238, 413
238, 349
238, 285
238, 286
238, 350
238, 414
238, 415
238, 351
238, 287
238, 288
238, 352
238, 416
238, 417
238, 353
238, 289
238, 290
238, 354
238, 418
238, 419
238, 355
238, 291
238, 292
238, 356
238, 420
238, 421
238, 357
238, 293
238, 294
238, 358
238, 422
238, 423
238, 359
238, 295
238, 296
238, 360
238, 424
238, 425
238, 361
238, 297
238, 298
238, 362
238, 426
238, 427
238, 363
238, 299
238, 300
238, 364
238, 428
238, 429
238, 365
238, 301
238, 302
238, 366
238, 430
238, 431
238, 367
238, 303
238, 239
238, 240
238, 304
238, 368
238, 432
238, 433
238, 369
238, 305
238, 241
238, 242
238, 306
238, 370
238, 434
238, 435
238, 371
238, 307
238, 243
238, 244
238, 308
238, 372
238, 436
238, 437
238, 373
238, 309
238, 245
238, 246
238, 310
238, 374
238, 438
238, 439
238, 375
238, 311
238, 247
238, 248
238, 312
238, 376
238, 440
238, 441
238, 377
238, 313
238, 249
238, 250
238, 314
238, 378
238, 442
238, 443
238, 379
238, 315
238, 251
238, 252
238, 316
238, 380
238, 444
238, 445
238, 381
238, 317
238, 253
238, 254
238, 318
238, 382
238, 446
238, 447
238, 383
238, 319
238, 255
367, 384
367, 448
367, 385
367, 449
367, 386
367, 450
367, 387
367, 388
367, 389
367, 390
367, 391
367, 392
367, 393
367, 394
367, 395
367, 396
367, 397
367, 398
367, 399
367, 400
367, 401
367, 402
367, 403
367, 404
367, 405
367, 406
367, 407
367, 408
367, 409
367, 410
367, 411
367, 412
367, 413
367, 414
367, 415
367, 416
367, 417
367, 418
367, 419
367, 420
367, 421
367, 422
367, 423
367, 424
367, 425
367, 426
367, 427
367, 428
367, 429
367, 430
367, 431
367, 432
367, 368
367, 369
367, 433
367, 434
367, 370
367, 371
367, 435
367, 436
367, 372
367, 373
367, 437
367, 438
367, 374
367, 375
367, 439
367, 440
367, 376
367, 377
367, 441
367, 442
367, 378
367, 379
367, 443
367, 444
367, 380
367, 381
367, 445
367, 446
367, 382
367, 383
367, 447
111, 256
111, 384
111, 128
111, 129
111, 385
111, 257
111, 386
111, 258
111, 130
111, 387
111, 259
111, 131
111, 132
111, 388
111, 260
111, 133
111, 261
111, 389
111, 134
111, 390
111, 262
111, 135
111, 263
111, 391
111, 136
111, 392
111, 264
111, 137
111, 265
111, 393
111, 138
111, 394
111, 266
111, 139
111, 267
111, 395
111, 140
111, 396
111, 268
111, 141
111, 269
111, 397
111, 142
111, 398
111, 270
111, 143
111, 271
111, 399
111, 144
111, 400
111, 272
111, 145
111, 273
111, 401
111, 146
111, 402
111, 274
111, 147
111, 275
111, 403
111, 148
111, 404
111, 276
111, 149
111, 277
111, 405
111, 150
111, 406
111, 278
111, 151
111, 279
111, 407
111, 152
111, 408
111, 280
111, 153
111, 281
111, 409
111, 154
111, 410
111, 282
111, 155
111, 283
111, 411
111, 156
111, 412
111, 284
111, 157
111, 285
111, 413
111, 158
111, 414
111, 286
111, 159
111, 287
111, 415
111, 160
111, 416
111, 288
111, 161
111, 289
111, 417
111, 162
111, 418
111, 290
111, 163
111, 291
111, 419
111, 164
111, 420
111, 292
111, 165
111, 293
111, 421
111, 166
111, 422
111, 294
111, 167
111, 295
111, 423
111, 168
111, 424
111, 296
111, 169
111, 297
111, 425
111, 170
111, 426
111, 298
111, 171
111, 299
111, 427
111, 172
111, 428
111, 300
111, 173
111, 301
111, 429
111, 174
111, 430
111, 302
111, 175
111, 303
111, 431
111, 176
111, 432
111, 304
111, 177
111, 305
111, 433
111, 178
111, 434
111, 306
111, 179
111, 307
111, 435
111, 180
111, 436
111, 308
111, 181
111, 309
111, 437
111, 182
111, 438
111, 310
111, 183
111, 311
111, 439
111, 184
111, 440
111, 312
111, 185
111, 313
111, 441
111, 186
111, 442
111, 314
111, 187
111, 315
111, 443
111, 188
111, 444
111, 316
111, 189
111, 317
111, 445
111, 190
111, 446
111, 318
111, 191
111, 319
111, 447
111, 320
111, 192
111, 448
111, 321
111, 449
111, 193
111, 194
111, 322
111, 450
111, 323
111, 195
111, 196
111, 324
111, 325
111, 197
111, 198
111, 326
111, 327
111, 199
111, 200
111, 328
111, 329
111, 201
111, 202
111, 330
111, 331
111, 203
111, 204
111, 332
111, 333
111, 205
111, 206
111, 334
111, 335
111, 207
111, 208
111, 336
111, 337
111, 209
111, 210
111, 338
111, 339
111, 211
111, 212
111, 340
111, 341
111, 213
111, 214
111, 342
111, 343
111, 215
111, 216
111, 344
111, 345
111, 217
111, 218
111, 346
111, 347
111, 219
111, 220
111, 348
111, 349
111, 221
111, 222
111, 350
111, 351
111, 223
111, 224
111, 352
111, 353
111, 225
111, 226
111, 354
111, 355
111, 227
111, 228
111, 356
111, 357
111, 229
111, 230
111, 358
111, 359
111, 231
111, 232
111, 360
111, 361
111, 233
111, 234
111, 362
111, 363
111, 235
111, 236
111, 364
111, 365
111, 237
111, 238
111, 366
111, 367
111, 239
111, 240
111, 368
111, 112
111, 113
111, 369
111, 241
111, 242
111, 370
111, 114
111, 115
111, 371
111, 243
111, 244
111, 372
111, 116
111, 117
111, 373
111, 245
111, 246
111, 374
111, 118
111, 119
111, 375
111, 247
111, 248
111, 376
111, 120
111, 121
111, 377
111, 249
111, 250
111, 378
111, 122
111, 123
111, 379
111, 251
111, 252
111, 380
111, 124
111, 125
111, 381
111, 253
111, 254
111, 382
111, 126
111, 127
111, 383
111, 255
239, 256
239, 320
239, 384
239, 448
239, 257
239, 321
239, 385
239, 449
239, 258
239, 386
239, 450
239, 322
239, 259
239, 323
239, 387
239, 324
239, 388
239, 260
239, 261
239, 325
239, 389
239, 390
239, 326
239, 262
239, 263
239, 327
239, 391
239, 392
239, 328
239, 264
239, 265
239, 329
239, 393
239, 394
239, 330
239, 266
239, 267
239, 331
239, 395
239, 396
239, 332
239, 268
239, 269
239, 333
239, 397
239, 398
239, 334
239, 270
239, 271
239, 335
239, 399
239, 400
239, 336
239, 272
239, 273
239, 337
239, 401
239, 402
239, 338
239, 274
239, 275
239, 339
239, 403
239, 404
239, 340
239, 276
239, 277
239, 341
239, 405
239, 406
239, 342
239, 278
239, 279
239, 343
239, 407
239, 408
239, 344
239, 280
239, 281
239, 345
239, 409
239, 410
239, 346
239, 282
239, 283
239, 347
239, 411
239, 412
239, 348
239, 284
239, 285
239, 349
239, 413
239, 414
239, 350
239, 286
239, 287
239, 351
239, 415
239, 416
239, 352
239, 288
239, 289
239, 353
239, 417
239, 418
239, 354
239, 290
239, 291
239, 355
239, 419
239, 420
239, 356
239, 292
239, 293
239, 357
239, 421
239, 422
239, 358
239, 294
239, 295
239, 359
239, 423
239, 424
239, 360
239, 296
239, 297
239, 361
239, 425
239, 426
239, 362
239, 298
239, 299
239, 363
239, 427
239, 428
239, 364
239, 300
239, 301
239, 365
239, 429
239, 430
239, 366
239, 302
239, 303
239, 367
239, 431
239, 432
239, 368
239, 304
239, 240
239, 241
239, 305
239, 369
239, 433
239, 434
239, 370
239, 306
239, 242
239, 243
239, 307
239, 371
239, 435
239, 436
239, 372
239, 308
239, 244
239, 245
239, 309
239, 373
239, 437
239, 438
239, 374
239, 310
239, 246
239, 247
239, 311
239, 375
239, 439
239, 440
239, 376
239, 312
239, 248
239, 249
239, 313
239, 377
239, 441
239, 442
239, 378
239, 314
239, 250
239, 251
239, 315
239, 379
239, 443
239, 444
239, 380
239, 316
239, 252
239, 253
239, 317
239, 381
239, 445
239, 446
239, 382
239, 318
239, 254
239, 255
239, 319
239, 383
239, 447
368, 384
368, 448
368, 385
368, 449
368, 386
368, 450
368, 387
368, 388
368, 389
368, 390
368, 391
368, 392
368, 393
368, 394
368, 395
368, 396
368, 397
368, 398
368, 399
368, 400
368, 401
368, 402
368, 403
368, 404
368, 405
368, 406
368, 407
368, 408
368, 409
368, 410
368, 411
368, 412
368, 413
368, 414
368, 415
368, 416
368, 417
368, 418
368, 419
368, 420
368, 421
368, 422
368, 423
368, 424
368, 425
368, 426
368, 427
368, 428
368, 429
368, 430
368, 431
368, 432
368, 433
368, 369
368, 370
368, 434
368, 435
368, 371
368, 372
368, 436
368, 437
368, 373
368, 374
368, 438
368, 439
368, 375
368, 376
368, 440
368, 441
368, 377
368, 378
368, 442
368, 443
368, 379
368, 380
368, 444
368, 445
368, 381
368, 382
368, 446
368, 447
368, 383
112, 128
112, 384
112, 256
112, 257
112, 385
112, 129
112, 258
112, 386
112, 130
112, 387
112, 259
112, 131
112, 132
112, 388
112, 260
112, 133
112, 261
112, 389
112, 134
112, 390
112, 262
112, 135
112, 263
112, 391
112, 136
112, 392
112, 264
112, 137
112, 265
112, 393
112, 138
112, 394
112, 266
112, 139
112, 267
112, 395
112, 140
112, 396
112, 268
112, 141
112, 269
112, 397
112, 142
112, 398
112, 270
112, 143
112, 271
112, 399
112, 144
112, 400
112, 272
112, 145
112, 273
112, 401
112, 146
112, 402
112, 274
112, 147
112, 275
112, 403
112, 148
112, 404
112, 276
112, 149
112, 277
112, 405
112, 150
112, 406
112, 278
112, 151
112, 279
112, 407
112, 152
112, 408
112, 280
112, 153
112, 281
112, 409
112, 154
112, 410
112, 282
112, 155
112, 283
112, 411
112, 156
112, 412
112, 284
112, 157
112, 285
112, 413
112, 158
112, 414
112, 286
112, 159
112, 287
112, 415
112, 160
112, 416
112, 288
112, 161
112, 289
112, 417
112, 162
112, 418
112, 290
112, 163
112, 291
112, 419
112, 164
112, 420
112, 292
112, 165
112, 293
112, 421
112, 166
112, 422
112, 294
112, 167
112, 295
112, 423
112, 168
112, 424
112, 296
112, 169
112, 297
112, 425
112, 170
112, 426
112, 298
112, 171
112, 299
112, 427
112, 172
112, 428
112, 300
112, 173
112, 301
112, 429
112, 174
112, 430
112, 302
112, 175
112, 303
112, 431
112, 176
112, 432
112, 304
112, 177
112, 305
112, 433
112, 178
112, 434
112, 306
112, 179
112, 307
112, 435
112, 180
112, 436
112, 308
112, 181
112, 309
112, 437
112, 182
112, 438
112, 310
112, 183
112, 311
112, 439
112, 184
112, 440
112, 312
112, 185
112, 313
112, 441
112, 186
112, 442
112, 314
112, 187
112, 315
112, 443
112, 188
112, 444
112, 316
112, 189
112, 317
112, 445
112, 190
112, 446
112, 318
112, 191
112, 319
112, 447
112, 192
112, 448
112, 320
112, 193
112, 449
112, 321
112, 450
112, 322
112, 194
112, 195
112, 323
112, 324
112, 196
112, 197
112, 325
112, 326
112, 198
112, 199
112, 327
112, 328
112, 200
112, 201
112, 329
112, 330
112, 202
112, 203
112, 331
112, 332
112, 204
112, 205
112, 333
112, 334
112, 206
112, 207
112, 335
112, 336
112, 208
112, 209
112, 337
112, 338
112, 210
112, 211
112, 339
112, 340
112, 212
112, 213
112, 341
112, 342
112, 214
112, 215
112, 343
112, 344
112, 216
112, 217
112, 345
112, 346
112, 218
112, 219
112, 347
112, 348
112, 220
112, 221
112, 349
112, 350
112, 222
112, 223
112, 351
112, 352
112, 224
112, 225
112, 353
112, 354
112, 226
112, 227
112, 355
112, 356
112, 228
112, 229
112, 357
112, 358
112, 230
112, 231
112, 359
112, 360
112, 232
112, 233
112, 361
112, 362
112, 234
112, 235
112, 363
112, 364
112, 236
112, 237
112, 365
112, 366
112, 238
112, 239
112, 367
112, 368
112, 240
112, 241
112, 369
112, 113
112, 114
112, 370
112, 242
112, 243
112, 371
112, 115
112, 116
112, 372
112, 244
112, 245
112, 373
112, 117
112, 118
112, 374
112, 246
112, 247
112, 375
112, 119
112, 120
112, 376
112, 248
112, 249
112, 377
112, 121
112, 122
112, 378
112, 250
112, 251
112, 379
112, 123
112, 124
112, 380
112, 252
112, 253
112, 381
112, 125
112, 126
112, 382
112, 254
112, 255
112, 383
112, 127
240, 256
240, 320
240, 384
240, 448
240, 257
240, 321
240, 385
240, 449
240, 322
240, 450
240, 386
240, 258
240, 387
240, 323
240, 259
240, 260
240, 388
240, 324
240, 389
240, 325
240, 261
240, 262
240, 326
240, 390
240, 391
240, 327
240, 263
240, 264
240, 328
240, 392
240, 393
240, 329
240, 265
240, 266
240, 330
240, 394
240, 395
240, 331
240, 267
240, 268
240, 332
240, 396
240, 397
240, 333
240, 269
240, 270
240, 334
240, 398
240, 399
240, 335
240, 271
240, 272
240, 336
240, 400
240, 401
240, 337
240, 273
240, 274
240, 338
240, 402
240, 403
240, 339
240, 275
240, 276
240, 340
240, 404
240, 405
240, 341
240, 277
240, 278
240, 342
240, 406
240, 407
240, 343
240, 279
240, 280
240, 344
240, 408
240, 409
240, 345
240, 281
240, 282
240, 346
240, 410
240, 411
240, 347
240, 283
240, 284
240, 348
240, 412
240, 413
240, 349
240, 285
240, 286
240, 350
240, 414
240, 415
240, 351
240, 287
240, 288
240, 352
240, 416
240, 417
240, 353
240, 289
240, 290
240, 354
240, 418
240, 419
240, 355
240, 291
240, 292
240, 356
240, 420
240, 421
240, 357
240, 293
240, 294
240, 358
240, 422
240, 423
240, 359
240, 295
240, 296
240, 360
240, 424
240, 425
240, 361
240, 297
240, 298
240, 362
240, 426
240, 427
240, 363
240, 299
240, 300
240, 364
240, 428
240, 429
240, 365
240, 301
240, 302
240, 366
240, 430
240, 431
240, 367
240, 303
240, 304
240, 368
240, 432
240, 433
240, 369
240, 305
240, 241
240, 242
240, 306
240, 370
240, 434
240, 435
240, 371
240, 307
240, 243
240, 244
240, 308
240, 372
240, 436
240, 437
240, 373
240, 309
240, 245
240, 246
240, 310
240, 374
240, 438
240, 439
240, 375
240, 311
240, 247
240, 248
240, 312
240, 376
240, 440
240, 441
240, 377
240, 313
240, 249
240, 250
240, 314
240, 378
240, 442
240, 443
240, 379
240, 315
240, 251
240, 252
240, 316
240, 380
240, 444
240, 445
240, 381
240, 317
240, 253
240, 254
240, 318
240, 382
240, 446
240, 447
240, 383
240, 319
240, 255
369, 384
369, 448
369, 385
369, 449
369, 386
369, 450
369, 387
369, 388
369, 389
369, 390
369, 391
369, 392
369, 393
369, 394
369, 395
369, 396
369, 397
369, 398
369, 399
369, 400
369, 401
369, 402
369, 403
369, 404
369, 405
369, 406
369, 407
369, 408
369, 409
369, 410
369, 411
369, 412
369, 413
369, 414
369, 415
369, 416
369, 417
369, 418
369, 419
369, 420
369, 421
369, 422
369, 423
369, 424
369, 425
369, 426
369, 427
369, 428
369, 429
369, 430
369, 431
369, 432
369, 433
369, 434
369, 370
369, 371
369, 435
369, 436
369, 372
369, 373
369, 437
369, 438
369, 374
369, 375
369, 439
369, 440
369, 376
369, 377
369, 441
369, 442
369, 378
369, 379
369, 443
369, 444
369, 380
369, 381
369, 445
369, 446
369, 382
369, 383
369, 447
113, 256
113, 384
113, 128
113, 129
113, 385
113, 257
113, 386
113, 258
113, 130
113, 387
113, 259
113, 131
113, 132
113, 388
113, 260
113, 133
113, 261
113, 389
113, 134
113, 390
113, 262
113, 135
113, 263
113, 391
113, 136
113, 392
113, 264
113, 137
113, 265
113, 393
113, 138
113, 394
113, 266
113, 139
113, 267
113, 395
113, 140
113, 396
113, 268
113, 141
113, 269
113, 397
113, 142
113, 398
113, 270
113, 143
113, 271
113, 399
113, 144
113, 400
113, 272
113, 145
113, 273
113, 401
113, 146
113, 402
113, 274
113, 147
113, 275
113, 403
113, 148
113, 404
113, 276
113, 149
113, 277
113, 405
113, 150
113, 406
113, 278
113, 151
113, 279
113, 407
113, 152
113, 408
113, 280
113, 153
113, 281
113, 409
113, 154
113, 410
113, 282
113, 155
113, 283
113, 411
113, 156
113, 412
113, 284
113, 157
113, 285
113, 413
113, 158
113, 414
113, 286
113, 159
113, 287
113, 415
113, 160
113, 416
113, 288
113, 161
113, 289
113, 417
113, 162
113, 418
113, 290
113, 163
113, 291
113, 419
113, 164
113, 420
113, 292
113, 165
113, 293
113, 421
113, 166
113, 422
113, 294
113, 167
113, 295
113, 423
113, 168
113, 424
113, 296
113, 169
113, 297
113, 425
113, 170
113, 426
113, 298
113, 171
113, 299
113, 427
113, 172
113, 428
113, 300
113, 173
113, 301
113, 429
113, 174
113, 430
113, 302
113, 175
113, 303
113, 431
113, 176
113, 432
113, 304
113, 177
113, 305
113, 433
113, 178
113, 434
113, 306
113, 179
113, 307
113, 435
113, 180
113, 436
113, 308
113, 181
113, 309
113, 437
113, 182
113, 438
113, 310
113, 183
113, 311
113, 439
113, 184
113, 440
113, 312
113, 185
113, 313
113, 441
113, 186
113, 442
113, 314
113, 187
113, 315
113, 443
113, 188
113, 444
113, 316
113, 189
113, 317
113, 445
113, 190
113, 446
113, 318
113, 191
113, 319
113, 447
113, 448
113, 320
113, 192
113, 321
113, 449
113, 193
113, 194
113, 322
113, 450
113, 323
113, 195
113, 196
113, 324
113, 325
113, 197
113, 198
113, 326
113, 327
113, 199
113, 200
113, 328
113, 329
113, 201
113, 202
113, 330
113, 331
113, 203
113, 204
113, 332
113, 333
113, 205
113, 206
113, 334
113, 335
113, 207
113, 208
113, 336
113, 337
113, 209
113, 210
113, 338
113, 339
113, 211
113, 212
113, 340
113, 341
113, 213
113, 214
113, 342
113, 343
113, 215
113, 216
113, 344
113, 345
113, 217
113, 218
113, 346
113, 347
113, 219
113, 220
113, 348
113, 349
113, 221
113, 222
113, 350
113, 351
113, 223
113, 224
113, 352
113, 353
113, 225
113, 226
113, 354
113, 355
113, 227
113, 228
113, 356
113, 357
113, 229
113, 230
113, 358
113, 359
113, 231
113, 232
113, 360
113, 361
113, 233
113, 234
113, 362
113, 363
113, 235
113, 236
113, 364
113, 365
113, 237
113, 238
113, 366
113, 367
113, 239
113, 240
113, 368
113, 369
113, 241
113, 242
113, 370
113, 114
113, 115
113, 371
113, 243
113, 244
113, 372
113, 116
113, 117
113, 373
113, 245
113, 246
113, 374
113, 118
113, 119
113, 375
113, 247
113, 248
113, 376
113, 120
113, 121
113, 377
113, 249
113, 250
113, 378
113, 122
113, 123
113, 379
113, 251
113, 252
113, 380
113, 124
113, 125
113, 381
113, 253
113, 254
113, 382
113, 126
113, 127
113, 383
113, 255
241, 256
241, 320
241, 384
241, 448
241, 257
241, 321
241, 385
241, 449
241, 258
241, 386
241, 450
241, 322
241, 259
241, 323
241, 387
241, 324
241, 388
241, 260
241, 261
241, 325
241, 389
241, 390
241, 326
241, 262
241, 263
241, 327
241, 391
241, 392
241, 328
241, 264
241, 265
241, 329
241, 393
241, 394
241, 330
241, 266
241, 267
241, 331
241, 395
241, 396
241, 332
241, 268
241, 269
241, 333
241, 397
241, 398
241, 334
241, 270
241, 271
241, 335
241, 399
241, 400
241, 336
241, 272
241, 273
241, 337
241, 401
241, 402
241, 338
241, 274
241, 275
241, 339
241, 403
241, 404
241, 340
241, 276
241, 277
241, 341
241, 405
241, 406
241, 342
241, 278
241, 279
241, 343
241, 407
241, 408
241, 344
241, 280
241, 281
241, 345
241, 409
241, 410
241, 346
241, 282
241, 283
241, 347
241, 411
241, 412
241, 348
241, 284
241, 285
241, 349
241, 413
241, 414
241, 350
241, 286
241, 287
241, 351
241, 415
241, 416
241, 352
241, 288
241, 289
241, 353
241, 417
241, 418
241, 354
241, 290
241, 291
241, 355
241, 419
241, 420
241, 356
241, 292
241, 293
241, 357
241, 421
241, 422
241, 358
241, 294
241, 295
241, 359
241, 423
241, 424
241, 360
241, 296
241, 297
241, 361
241, 425
241, 426
241, 362
241, 298
241, 299
241, 363
241, 427
241, 428
241, 364
241, 300
241, 301
241, 365
241, 429
241, 430
241, 366
241, 302
241, 303
241, 367
241, 431
241, 432
241, 368
241, 304
241, 305
241, 369
241, 433
241, 434
241, 370
241, 306
241, 242
241, 243
241, 307
241, 371
241, 435
241, 436
241, 372
241, 308
241, 244
241, 245
241, 309
241, 373
241, 437
241, 438
241, 374
241, 310
241, 246
241, 247
241, 311
241, 375
241, 439
241, 440
241, 376
241, 312
241, 248
241, 249
241, 313
241, 377
241, 441
241, 442
241, 378
241, 314
241, 250
241, 251
241, 315
241, 379
241, 443
241, 444
241, 380
241, 316
241, 252
241, 253
241, 317
241, 381
241, 445
241, 446
241, 382
241, 318
241, 254
241, 255
241, 319
241, 383
241, 447
370, 384
370, 448
370, 385
370, 449
370, 386
370, 450
370, 387
370, 388
370, 389
370, 390
370, 391
370, 392
370, 393
370, 394
370, 395
370, 396
370, 397
370, 398
370, 399
370, 400
370, 401
370, 402
370, 403
370, 404
370, 405
370, 406
370, 407
370, 408
370, 409
370, 410
370, 411
370, 412
370, 413
370, 414
370, 415
370, 416
370, 417
370, 418
370, 419
370, 420
370, 421
370, 422
370, 423
370, 424
370, 425
370, 426
370, 427
370, 428
370, 429
370, 430
370, 431
370, 432
370, 433
370, 434
370, 435
370, 371
370, 372
370, 436
370, 437
370, 373
370, 374
370, 438
370, 439
370, 375
370, 376
370, 440
370, 441
370, 377
370, 378
370, 442
370, 443
370, 379
370, 380
370, 444
370, 445
370, 381
370, 382
370, 446
370, 447
370, 383
114, 128
114, 384
114, 256
114, 257
114, 385
114, 129
114, 258
114, 386
114, 130
114, 387
114, 259
114, 131
114, 132
114, 388
114, 260
114, 133
114, 261
114, 389
114, 134
114, 390
114, 262
114, 135
114, 263
114, 391
114, 136
114, 392
114, 264
114, 137
114, 265
114, 393
114, 138
114, 394
114, 266
114, 139
114, 267
114, 395
114, 140
114, 396
114, 268
114, 141
114, 269
114, 397
114, 142
114, 398
114, 270
114, 143
114, 271
114, 399
114, 144
114, 400
114, 272
114, 145
114, 273
114, 401
114, 146
114, 402
114, 274
114, 147
114, 275
114, 403
114, 148
114, 404
114, 276
114, 149
114, 277
114, 405
114, 150
114, 406
114, 278
114, 151
114, 279
114, 407
114, 152
114, 408
114, 280
114, 153
114, 281
114, 409
114, 154
114, 410
114, 282
114, 155
114, 283
114, 411
114, 156
114, 412
114, 284
114, 157
114, 285
114, 413
114, 158
114, 414
114, 286
114, 159
114, 287
114, 415
114, 160
114, 416
114, 288
114, 161
114, 289
114, 417
114, 162
114, 418
114, 290
114, 163
114, 291
114, 419
114, 164
114, 420
114, 292
114, 165
114, 293
114, 421
114, 166
114, 422
114, 294
114, 167
114, 295
114, 423
114, 168
114, 424
114, 296
114, 169
114, 297
114, 425
114, 170
114, 426
114, 298
114, 171
114, 299
114, 427
114, 172
114, 428
114, 300
114, 173
114, 301
114, 429
114, 174
114, 430
114, 302
114, 175
114, 303
114, 431
114, 176
114, 432
114, 304
114, 177
114, 305
114, 433
114, 178
114, 434
114, 306
114, 179
114, 307
114, 435
114, 180
114, 436
114, 308
114, 181
114, 309
114, 437
114, 182
114, 438
114, 310
114, 183
114, 311
114, 439
114, 184
114, 440
114, 312
114, 185
114, 313
114, 441
114, 186
114, 442
114, 314
114, 187
114, 315
114, 443
114, 188
114, 444
114, 316
114, 189
114, 317
114, 445
114, 190
114, 446
114, 318
114, 191
114, 319
114, 447
114, 320
114, 192
114, 448
114, 193
114, 449
114, 321
114, 450
114, 322
114, 194
114, 195
114, 323
114, 324
114, 196
114, 197
114, 325
114, 326
114, 198
114, 199
114, 327
114, 328
114, 200
114, 201
114, 329
114, 330
114, 202
114, 203
114, 331
114, 332
114, 204
114, 205
114, 333
114, 334
114, 206
114, 207
114, 335
114, 336
114, 208
114, 209
114, 337
114, 338
114, 210
114, 211
114, 339
114, 340
114, 212
114, 213
114, 341
114, 342
114, 214
114, 215
114, 343
114, 344
114, 216
114, 217
114, 345
114, 346
114, 218
114, 219
114, 347
114, 348
114, 220
114, 221
114, 349
114, 350
114, 222
114, 223
114, 351
114, 352
114, 224
114, 225
114, 353
114, 354
114, 226
114, 227
114, 355
114, 356
114, 228
114, 229
114, 357
114, 358
114, 230
114, 231
114, 359
114, 360
114, 232
114, 233
114, 361
114, 362
114, 234
114, 235
114, 363
114, 364
114, 236
114, 237
114, 365
114, 366
114, 238
114, 239
114, 367
114, 368
114, 240
114, 241
114, 369
114, 370
114, 242
114, 243
114, 371
114, 115
114, 116
114, 372
114, 244
114, 245
114, 373
114, 117
114, 118
114, 374
114, 246
114, 247
114, 375
114, 119
114, 120
114, 376
114, 248
114, 249
114, 377
114, 121
114, 122
114, 378
114, 250
114, 251
114, 379
114, 123
114, 124
114, 380
114, 252
114, 253
114, 381
114, 125
114, 126
114, 382
114, 254
114, 255
114, 383
114, 127
242, 256
242, 320
242, 384
242, 448
242, 257
242, 321
242, 385
242, 449
242, 322
242, 450
242, 386
242, 258
242, 387
242, 323
242, 259
242, 260
242, 388
242, 324
242, 389
242, 325
242, 261
242, 262
242, 326
242, 390
242, 391
242, 327
242, 263
242, 264
242, 328
242, 392
242, 393
242, 329
242, 265
242, 266
242, 330
242, 394
242, 395
242, 331
242, 267
242, 268
242, 332
242, 396
242, 397
242, 333
242, 269
242, 270
242, 334
242, 398
242, 399
242, 335
242, 271
242, 272
242, 336
242, 400
242, 401
242, 337
242, 273
242, 274
242, 338
242, 402
242, 403
242, 339
242, 275
242, 276
242, 340
242, 404
242, 405
242, 341
242, 277
242, 278
242, 342
242, 406
242, 407
242, 343
242, 279
242, 280
242, 344
242, 408
242, 409
242, 345
242, 281
242, 282
242, 346
242, 410
242, 411
242, 347
242, 283
242, 284
242, 348
242, 412
242, 413
242, 349
242, 285
242, 286
242, 350
242, 414
242, 415
242, 351
242, 287
242, 288
242, 352
242, 416
242, 417
242, 353
242, 289
242, 290
242, 354
242, 418
242, 419
242, 355
242, 291
242, 292
242, 356
242, 420
242, 421
242, 357
242, 293
242, 294
242, 358
242, 422
242, 423
242, 359
242, 295
242, 296
242, 360
242, 424
242, 425
242, 361
242, 297
242, 298
242, 362
242, 426
242, 427
242, 363
242, 299
242, 300
242, 364
242, 428
242, 429
242, 365
242, 301
242, 302
242, 366
242, 430
242, 431
242, 367
242, 303
242, 304
242, 368
242, 432
242, 433
242, 369
242, 305
242, 306
242, 370
242, 434
242, 435
242, 371
242, 307
242, 243
242, 244
242, 308
242, 372
242, 436
242, 437
242, 373
242, 309
242, 245
242, 246
242, 310
242, 374
242, 438
242, 439
242, 375
242, 311
242, 247
242, 248
242, 312
242, 376
242, 440
242, 441
242, 377
242, 313
242, 249
242, 250
242, 314
242, 378
242, 442
242, 443
242, 379
242, 315
242, 251
242, 252
242, 316
242, 380
242, 444
242, 445
242, 381
242, 317
242, 253
242, 254
242, 318
242, 382
242, 446
242, 447
242, 383
242, 319
242, 255
371, 384
371, 448
371, 385
371, 449
371, 386
371, 450
371, 387
371, 388
371, 389
371, 390
371, 391
371, 392
371, 393
371, 394
371, 395
371, 396
371, 397
371, 398
371, 399
371, 400
371, 401
371, 402
371, 403
371, 404
371, 405
371, 406
371, 407
371, 408
371, 409
371, 410
371, 411
371, 412
371, 413
371, 414
371, 415
371, 416
371, 417
371, 418
371, 419
371, 420
371, 421
371, 422
371, 423
371, 424
371, 425
371, 426
371, 427
371, 428
371, 429
371, 430
371, 431
371, 432
371, 433
371, 434
371, 435
371, 436
371, 372
371, 373
371, 437
371, 438
371, 374
371, 375
371, 439
371, 440
371, 376
371, 377
371, 441
371, 442
371, 378
371, 379
371, 443
371, 444
371, 380
371, 381
371, 445
371, 446
371, 382
371, 383
371, 447
115, 256
115, 384
115, 128
115, 129
115, 385
115, 257
115, 386
115, 258
115, 130
115, 387
115, 259
115, 131
115, 132
115, 388
115, 260
115, 133
115, 261
115, 389
115, 134
115, 390
115, 262
115, 135
115, 263
115, 391
115, 136
115, 392
115, 264
115, 137
115, 265
115, 393
115, 138
115, 394
115, 266
115, 139
115, 267
115, 395
115, 140
115, 396
115, 268
115, 141
115, 269
115, 397
115, 142
115, 398
115, 270
115, 143
115, 271
115, 399
115, 144
115, 400
115, 272
115, 145
115, 273
115, 401
115, 146
115, 402
115, 274
115, 147
115, 275
115, 403
115, 148
115, 404
115, 276
115, 149
115, 277
115, 405
115, 150
115, 406
115, 278
115, 151
115, 279
115, 407
115, 152
115, 408
115, 280
115, 153
115, 281
115, 409
115, 154
115, 410
115, 282
115, 155
115, 283
115, 411
115, 156
115, 412
115, 284
115, 157
115, 285
115, 413
115, 158
115, 414
115, 286
115, 159
115, 287
115, 415
115, 160
115, 416
115, 288
115, 161
115, 289
115, 417
115, 162
115, 418
115, 290
115, 163
115, 291
115, 419
115, 164
115, 420
115, 292
115, 165
115, 293
115, 421
115, 166
115, 422
115, 294
115, 167
115, 295
115, 423
115, 168
115, 424
115, 296
115, 169
115, 297
115, 425
115, 170
115, 426
115, 298
115, 171
115, 299
115, 427
115, 172
115, 428
115, 300
115, 173
115, 301
115, 429
115, 174
115, 430
115, 302
115, 175
115, 303
115, 431
115, 176
115, 432
115, 304
115, 177
115, 305
115, 433
115, 178
115, 434
115, 306
115, 179
115, 307
115, 435
115, 180
115, 436
115, 308
115, 181
115, 309
115, 437
115, 182
115, 438
115, 310
115, 183
115, 311
115, 439
115, 184
115, 440
115, 312
115, 185
115, 313
115, 441
115, 186
115, 442
115, 314
115, 187
115, 315
115, 443
115, 188
115, 444
115, 316
115, 189
115, 317
115, 445
115, 190
115, 446
115, 318
115, 191
115, 319
115, 447
115, 192
115, 448
115, 320
115, 321
115, 449
115, 193
115, 194
115, 322
115, 450
115, 323
115, 195
115, 196
115, 324
115, 325
115, 197
115, 198
115, 326
115, 327
115, 199
115, 200
115, 328
115, 329
115, 201
115, 202
115, 330
115, 331
115, 203
115, 204
115, 332
115, 333
115, 205
115, 206
115, 334
115, 335
115, 207
115, 208
115, 336
115, 337
115, 209
115, 210
115, 338
115, 339
115, 211
115, 212
115, 340
115, 341
115, 213
115, 214
115, 342
115, 343
115, 215
115, 216
115, 344
115, 345
115, 217
115, 218
115, 346
115, 347
115, 219
115, 220
115, 348
115, 349
115, 221
115, 222
115, 350
115, 351
115, 223
115, 224
115, 352
115, 353
115, 225
115, 226
115, 354
115, 355
115, 227
115, 228
115, 356
115, 357
115, 229
115, 230
115, 358
115, 359
115, 231
115, 232
115, 360
115, 361
115, 233
115, 234
115, 362
115, 363
115, 235
115, 236
115, 364
115, 365
115, 237
115, 238
115, 366
115, 367
115, 239
115, 240
115, 368
115, 369
115, 241
115, 242
115, 370
115, 371
115, 243
115, 244
115, 372
115, 116
115, 117
115, 373
115, 245
115, 246
115, 374
115, 118
115, 119
115, 375
115, 247
115, 248
115, 376
115, 120
115, 121
115, 377
115, 249
115, 250
115, 378
115, 122
115, 123
115, 379
115, 251
115, 252
115, 380
115, 124
115, 125
115, 381
115, 253
115, 254
115, 382
115, 126
115, 127
115, 383
115, 255
243, 256
243, 320
243, 384
243, 448
243, 257
243, 321
243, 385
243, 449
243, 258
243, 386
243, 450
243, 322
243, 259
243, 323
243, 387
243, 324
243, 388
243, 260
243, 261
243, 325
243, 389
243, 390
243, 326
243, 262
243, 263
243, 327
243, 391
243, 392
243, 328
243, 264
243, 265
243, 329
243, 393
243, 394
243, 330
243, 266
243, 267
243, 331
243, 395
243, 396
243, 332
243, 268
243, 269
243, 333
243, 397
243, 398
243, 334
243, 270
243, 271
243, 335
243, 399
243, 400
243, 336
243, 272
243, 273
243, 337
243, 401
243, 402
243, 338
243, 274
243, 275
243, 339
243, 403
243, 404
243, 340
243, 276
243, 277
243, 341
243, 405
243, 406
243, 342
243, 278
243, 279
243, 343
243, 407
243, 408
243, 344
243, 280
243, 281
243, 345
243, 409
243, 410
243, 346
243, 282
243, 283
243, 347
243, 411
243, 412
243, 348
243, 284
243, 285
243, 349
243, 413
243, 414
243, 350
243, 286
243, 287
243, 351
243, 415
243, 416
243, 352
243, 288
243, 289
243, 353
243, 417
243, 418
243, 354
243, 290
243, 291
243, 355
243, 419
243, 420
243, 356
243, 292
243, 293
243, 357
243, 421
243, 422
243, 358
243, 294
243, 295
243, 359
243, 423
243, 424
243, 360
243, 296
243, 297
243, 361
243, 425
243, 426
243, 362
243, 298
243, 299
243, 363
243, 427
243, 428
243, 364
243, 300
243, 301
243, 365
243, 429
243, 430
243, 366
243, 302
243, 303
243, 367
243, 431
243, 432
243, 368
243, 304
243, 305
243, 369
243, 433
243, 434
243, 370
243, 306
243, 307
243, 371
243, 435
243, 436
243, 372
243, 308
243, 244
243, 245
243, 309
243, 373
243, 437
243, 438
243, 374
243, 310
243, 246
243, 247
243, 311
243, 375
243, 439
243, 440
243, 376
243, 312
243, 248
243, 249
243, 313
243, 377
243, 441
243, 442
243, 378
243, 314
243, 250
243, 251
243, 315
243, 379
243, 443
243, 444
243, 380
243, 316
243, 252
243, 253
243, 317
243, 381
243, 445
243, 446
243, 382
243, 318
243, 254
243, 255
243, 319
243, 383
243, 447
372, 384
372, 448
372, 385
372, 449
372, 386
372, 450
372, 387
372, 388
372, 389
372, 390
372, 391
372, 392
372, 393
372, 394
372, 395
372, 396
372, 397
372, 398
372, 399
372, 400
372, 401
372, 402
372, 403
372, 404
372, 405
372, 406
372, 407
372, 408
372, 409
372, 410
372, 411
372, 412
372, 413
372, 414
372, 415
372, 416
372, 417
372, 418
372, 419
372, 420
372, 421
372, 422
372, 423
372, 424
372, 425
372, 426
372, 427
372, 428
372, 429
372, 430
372, 431
372, 432
372, 433
372, 434
372, 435
372, 436
372, 437
372, 373
372, 374
372, 438
372, 439
372, 375
372, 376
372, 440
372, 441
372, 377
372, 378
372, 442
372, 443
372, 379
372, 380
372, 444
372, 445
372, 381
372, 382
372, 446
372, 447
372, 383
116, 128
116, 384
116, 256
116, 257
116, 385
116, 129
116, 258
116, 386
116, 130
116, 387
116, 259
116, 131
116, 132
116, 388
116, 260
116, 133
116, 261
116, 389
116, 134
116, 390
116, 262
116, 135
116, 263
116, 391
116, 136
116, 392
116, 264
116, 137
116, 265
116, 393
116, 138
116, 394
116, 266
116, 139
116, 267
116, 395
116, 140
116, 396
116, 268
116, 141
116, 269
116, 397
116, 142
116, 398
116, 270
116, 143
116, 271
116, 399
116, 144
116, 400
116, 272
116, 145
116, 273
116, 401
116, 146
116, 402
116, 274
116, 147
116, 275
116, 403
116, 148
116, 404
116, 276
116, 149
116, 277
116, 405
116, 150
116, 406
116, 278
116, 151
116, 279
116, 407
116, 152
116, 408
116, 280
116, 153
116, 281
116, 409
116, 154
116, 410
116, 282
116, 155
116, 283
116, 411
116, 156
116, 412
116, 284
116, 157
116, 285
116, 413
116, 158
116, 414
116, 286
116, 159
116, 287
116, 415
116, 160
116, 416
116, 288
116, 161
116, 289
116, 417
116, 162
116, 418
116, 290
116, 163
116, 291
116, 419
116, 164
116, 420
116, 292
116, 165
116, 293
116, 421
116, 166
116, 422
116, 294
116, 167
116, 295
116, 423
116, 168
116, 424
116, 296
116, 169
116, 297
116, 425
116, 170
116, 426
116, 298
116, 171
116, 299
116, 427
116, 172
116, 428
116, 300
116, 173
116, 301
116, 429
116, 174
116, 430
116, 302
116, 175
116, 303
116, 431
116, 176
116, 432
116, 304
116, 177
116, 305
116, 433
116, 178
116, 434
116, 306
116, 179
116, 307
116, 435
116, 180
116, 436
116, 308
116, 181
116, 309
116, 437
116, 182
116, 438
116, 310
116, 183
116, 311
116, 439
116, 184
116, 440
116, 312
116, 185
116, 313
116, 441
116, 186
116, 442
116, 314
116, 187
116, 315
116, 443
116, 188
116, 444
116, 316
116, 189
116, 317
116, 445
116, 190
116, 446
116, 318
116, 191
116, 319
116, 447
116, 448
116, 320
116, 192
116, 193
116, 449
116, 321
116, 450
116, 322
116, 194
116, 195
116, 323
116, 324
116, 196
116, 197
116, 325
116, 326
116, 198
116, 199
116, 327
116, 328
116, 200
116, 201
116, 329
116, 330
116, 202
116, 203
116, 331
116, 332
116, 204
116, 205
116, 333
116, 334
116, 206
116, 207
116, 335
116, 336
116, 208
116, 209
116, 337
116, 338
116, 210
116, 211
116, 339
116, 340
116, 212
116, 213
116, 341
116, 342
116, 214
116, 215
116, 343
116, 344
116, 216
116, 217
116, 345
116, 346
116, 218
116, 219
116, 347
116, 348
116, 220
116, 221
116, 349
116, 350
116, 222
116, 223
116, 351
116, 352
116, 224
116, 225
116, 353
116, 354
116, 226
116, 227
116, 355
116, 356
116, 228
116, 229
116, 357
116, 358
116, 230
116, 231
116, 359
116, 360
116, 232
116, 233
116, 361
116, 362
116, 234
116, 235
116, 363
116, 364
116, 236
116, 237
116, 365
116, 366
116, 238
116, 239
116, 367
116, 368
116, 240
116, 241
116, 369
116, 370
116, 242
116, 243
116, 371
116, 372
116, 244
116, 245
116, 373
116, 117
116, 118
116, 374
116, 246
116, 247
116, 375
116, 119
116, 120
116, 376
116, 248
116, 249
116, 377
116, 121
116, 122
116, 378
116, 250
116, 251
116, 379
116, 123
116, 124
116, 380
116, 252
116, 253
116, 381
116, 125
116, 126
116, 382
116, 254
116, 255
116, 383
116, 127
244, 256
244, 320
244, 384
244, 448
244, 257
244, 321
244, 385
244, 449
244, 322
244, 450
244, 386
244, 258
244, 387
244, 323
244, 259
244, 260
244, 388
244, 324
244, 389
244, 325
244, 261
244, 262
244, 326
244, 390
244, 391
244, 327
244, 263
244, 264
244, 328
244, 392
244, 393
244, 329
244, 265
244, 266
244, 330
244, 394
244, 395
244, 331
244, 267
244, 268
244, 332
244, 396
244, 397
244, 333
244, 269
244, 270
244, 334
244, 398
244, 399
244, 335
244, 271
244, 272
244, 336
244, 400
244, 401
244, 337
244, 273
244, 274
244, 338
244, 402
244, 403
244, 339
244, 275
244, 276
244, 340
244, 404
244, 405
244, 341
244, 277
244, 278
244, 342
244, 406
244, 407
244, 343
244, 279
244, 280
244, 344
244, 408
244, 409
244, 345
244, 281
244, 282
244, 346
244, 410
244, 411
244, 347
244, 283
244, 284
244, 348
244, 412
244, 413
244, 349
244, 285
244, 286
244, 350
244, 414
244, 415
244, 351
244, 287
244, 288
244, 352
244, 416
244, 417
244, 353
244, 289
244, 290
244, 354
244, 418
244, 419
244, 355
244, 291
244, 292
244, 356
244, 420
244, 421
244, 357
244, 293
244, 294
244, 358
244, 422
244, 423
244, 359
244, 295
244, 296
244, 360
244, 424
244, 425
244, 361
244, 297
244, 298
244, 362
244, 426
244, 427
244, 363
244, 299
244, 300
244, 364
244, 428
244, 429
244, 365
244, 301
244, 302
244, 366
244, 430
244, 431
244, 367
244, 303
244, 304
244, 368
244, 432
244, 433
244, 369
244, 305
244, 306
244, 370
244, 434
244, 435
244, 371
244, 307
244, 308
244, 372
244, 436
244, 437
244, 373
244, 309
244, 245
244, 246
244, 310
244, 374
244, 438
244, 439
244, 375
244, 311
244, 247
244, 248
244, 312
244, 376
244, 440
244, 441
244, 377
244, 313
244, 249
244, 250
244, 314
244, 378
244, 442
244, 443
244, 379
244, 315
244, 251
244, 252
244, 316
244, 380
244, 444
244, 445
244, 381
244, 317
244, 253
244, 254
244, 318
244, 382
244, 446
244, 447
244, 383
244, 319
244, 255
373, 384
373, 448
373, 385
373, 449
373, 386
373, 450
373, 387
373, 388
373, 389
373, 390
373, 391
373, 392
373, 393
373, 394
373, 395
373, 396
373, 397
373, 398
373, 399
373, 400
373, 401
373, 402
373, 403
373, 404
373, 405
373, 406
373, 407
373, 408
373, 409
373, 410
373, 411
373, 412
373, 413
373, 414
373, 415
373, 416
373, 417
373, 418
373, 419
373, 420
373, 421
373, 422
373, 423
373, 424
373, 425
373, 426
373, 427
373, 428
373, 429
373, 430
373, 431
373, 432
373, 433
373, 434
373, 435
373, 436
373, 437
373, 438
373, 374
373, 375
373, 439
373, 440
373, 376
373, 377
373, 441
373, 442
373, 378
373, 379
373, 443
373, 444
373, 380
373, 381
373, 445
373, 446
373, 382
373, 383
373, 447
117, 256
117, 384
117, 128
117, 129
117, 385
117, 257
117, 386
117, 258
117, 130
117, 387
117, 259
117, 131
117, 132
117, 388
117, 260
117, 133
117, 261
117, 389
117, 134
117, 390
117, 262
117, 135
117, 263
117, 391
117, 136
117, 392
117, 264
117, 137
117, 265
117, 393
117, 138
117, 394
117, 266
117, 139
117, 267
117, 395
117, 140
117, 396
117, 268
117, 141
117, 269
117, 397
117, 142
117, 398
117, 270
117, 143
117, 271
117, 399
117, 144
117, 400
117, 272
117, 145
117, 273
117, 401
117, 146
117, 402
117, 274
117, 147
117, 275
117, 403
117, 148
117, 404
117, 276
117, 149
117, 277
117, 405
117, 150
117, 406
117, 278
117, 151
117, 279
117, 407
117, 152
117, 408
117, 280
117, 153
117, 281
117, 409
117, 154
117, 410
117, 282
117, 155
117, 283
117, 411
117, 156
117, 412
117, 284
117, 157
117, 285
117, 413
117, 158
117, 414
117, 286
117, 159
117, 287
117, 415
117, 160
117, 416
117, 288
117, 161
117, 289
117, 417
117, 162
117, 418
117, 290
117, 163
117, 291
117, 419
117, 164
117, 420
117, 292
117, 165
117, 293
117, 421
117, 166
117, 422
117, 294
117, 167
117, 295
117, 423
117, 168
117, 424
117, 296
117, 169
117, 297
117, 425
117, 170
117, 426
117, 298
117, 171
117, 299
117, 427
117, 172
117, 428
117, 300
117, 173
117, 301
117, 429
117, 174
117, 430
117, 302
117, 175
117, 303
117, 431
117, 176
117, 432
117, 304
117, 177
117, 305
117, 433
117, 178
117, 434
117, 306
117, 179
117, 307
117, 435
117, 180
117, 436
117, 308
117, 181
117, 309
117, 437
117, 182
117, 438
117, 310
117, 183
117, 311
117, 439
117, 184
117, 440
117, 312
117, 185
117, 313
117, 441
117, 186
117, 442
117, 314
117, 187
117, 315
117, 443
117, 188
117, 444
117, 316
117, 189
117, 317
117, 445
117, 190
117, 446
117, 318
117, 191
117, 319
117, 447
117, 320
117, 192
117, 448
117, 321
117, 449
117, 193
117, 194
117, 322
117, 450
117, 323
117, 195
117, 196
117, 324
117, 325
117, 197
117, 198
117, 326
117, 327
117, 199
117, 200
117, 328
117, 329
117, 201
117, 202
117, 330
117, 331
117, 203
117, 204
117, 332
117, 333
117, 205
117, 206
117, 334
117, 335
117, 207
117, 208
117, 336
117, 337
117, 209
117, 210
117, 338
117, 339
117, 211
117, 212
117, 340
117, 341
117, 213
117, 214
117, 342
117, 343
117, 215
117, 216
117, 344
117, 345
117, 217
117, 218
117, 346
117, 347
117, 219
117, 220
117, 348
117, 349
117, 221
117, 222
117, 350
117, 351
117, 223
117, 224
117, 352
117, 353
117, 225
117, 226
117, 354
117, 355
117, 227
117, 228
117, 356
117, 357
117, 229
117, 230
117, 358
117, 359
117, 231
117, 232
117, 360
117, 361
117, 233
117, 234
117, 362
117, 363
117, 235
117, 236
117, 364
117, 365
117, 237
117, 238
117, 366
117, 367
117, 239
117, 240
117, 368
117, 369
117, 241
117, 242
117, 370
117, 371
117, 243
117, 244
117, 372
117, 373
117, 245
117, 246
117, 374
117, 118
117, 119
117, 375
117, 247
117, 248
117, 376
117, 120
117, 121
117, 377
117, 249
117, 250
117, 378
117, 122
117, 123
117, 379
117, 251
117, 252
117, 380
117, 124
117, 125
117, 381
117, 253
117, 254
117, 382
117, 126
117, 127
117, 383
117, 255
245, 256
245, 320
245, 384
245, 448
245, 257
245, 321
245, 385
245, 449
245, 258
245, 386
245, 450
245, 322
245, 259
245, 323
245, 387
245, 324
245, 388
245, 260
245, 261
245, 325
245, 389
245, 390
245, 326
245, 262
245, 263
245, 327
245, 391
245, 392
245, 328
245, 264
245, 265
245, 329
245, 393
245, 394
245, 330
245, 266
245, 267
245, 331
245, 395
245, 396
245, 332
245, 268
245, 269
245, 333
245, 397
245, 398
245, 334
245, 270
245, 271
245, 335
245, 399
245, 400
245, 336
245, 272
245, 273
245, 337
245, 401
245, 402
245, 338
245, 274
245, 275
245, 339
245, 403
245, 404
245, 340
245, 276
245, 277
245, 341
245, 405
245, 406
245, 342
245, 278
245, 279
245, 343
245, 407
245, 408
245, 344
245, 280
245, 281
245, 345
245, 409
245, 410
245, 346
245, 282
245, 283
245, 347
245, 411
245, 412
245, 348
245, 284
245, 285
245, 349
245, 413
245, 414
245, 350
245, 286
245, 287
245, 351
245, 415
245, 416
245, 352
245, 288
245, 289
245, 353
245, 417
245, 418
245, 354
245, 290
245, 291
245, 355
245, 419
245, 420
245, 356
245, 292
245, 293
245, 357
245, 421
245, 422
245, 358
245, 294
245, 295
245, 359
245, 423
245, 424
245, 360
245, 296
245, 297
245, 361
245, 425
245, 426
245, 362
245, 298
245, 299
245, 363
245, 427
245, 428
245, 364
245, 300
245, 301
245, 365
245, 429
245, 430
245, 366
245, 302
245, 303
245, 367
245, 431
245, 432
245, 368
245, 304
245, 305
245, 369
245, 433
245, 434
245, 370
245, 306
245, 307
245, 371
245, 435
245, 436
245, 372
245, 308
245, 309
245, 373
245, 437
245, 438
245, 374
245, 310
245, 246
245, 247
245, 311
245, 375
245, 439
245, 440
245, 376
245, 312
245, 248
245, 249
245, 313
245, 377
245, 441
245, 442
245, 378
245, 314
245, 250
245, 251
245, 315
245, 379
245, 443
245, 444
245, 380
245, 316
245, 252
245, 253
245, 317
245, 381
245, 445
245, 446
245, 382
245, 318
245, 254
245, 255
245, 319
245, 383
245, 447
374, 384
374, 448
374, 385
374, 449
374, 386
374, 450
374, 387
374, 388
374, 389
374, 390
374, 391
374, 392
374, 393
374, 394
374, 395
374, 396
374, 397
374, 398
374, 399
374, 400
374, 401
374, 402
374, 403
374, 404
374, 405
374, 406
374, 407
374, 408
374, 409
374, 410
374, 411
374, 412
374, 413
374, 414
374, 415
374, 416
374, 417
374, 418
374, 419
374, 420
374, 421
374, 422
374, 423
374, 424
374, 425
374, 426
374, 427
374, 428
374, 429
374, 430
374, 431
374, 432
374, 433
374, 434
374, 435
374, 436
374, 437
374, 438
374, 439
374, 375
374, 376
374, 440
374, 441
374, 377
374, 378
374, 442
374, 443
374, 379
374, 380
374, 444
374, 445
374, 381
374, 382
374, 446
374, 447
374, 383
118, 128
118, 384
118, 256
118, 257
118, 385
118, 129
118, 258
118, 386
118, 130
118, 387
118, 259
118, 131
118, 132
118, 388
118, 260
118, 133
118, 261
118, 389
118, 134
118, 390
118, 262
118, 135
118, 263
118, 391
118, 136
118, 392
118, 264
118, 137
118, 265
118, 393
118, 138
118, 394
118, 266
118, 139
118, 267
118, 395
118, 140
118, 396
118, 268
118, 141
118, 269
118, 397
118, 142
118, 398
118, 270
118, 143
118, 271
118, 399
118, 144
118, 400
118, 272
118, 145
118, 273
118, 401
118, 146
118, 402
118, 274
118, 147
118, 275
118, 403
118, 148
118, 404
118, 276
118, 149
118, 277
118, 405
118, 150
118, 406
118, 278
118, 151
118, 279
118, 407
118, 152
118, 408
118, 280
118, 153
118, 281
118, 409
118, 154
118, 410
118, 282
118, 155
118, 283
118, 411
118, 156
118, 412
118, 284
118, 157
118, 285
118, 413
118, 158
118, 414
118, 286
118, 159
118, 287
118, 415
118, 160
118, 416
118, 288
118, 161
118, 289
118, 417
118, 162
118, 418
118, 290
118, 163
118, 291
118, 419
118, 164
118, 420
118, 292
118, 165
118, 293
118, 421
118, 166
118, 422
118, 294
118, 167
118, 295
118, 423
118, 168
118, 424
118, 296
118, 169
118, 297
118, 425
118, 170
118, 426
118, 298
118, 171
118, 299
118, 427
118, 172
118, 428
118, 300
118, 173
118, 301
118, 429
118, 174
118, 430
118, 302
118, 175
118, 303
118, 431
118, 176
118, 432
118, 304
118, 177
118, 305
118, 433
118, 178
118, 434
118, 306
118, 179
118, 307
118, 435
118, 180
118, 436
118, 308
118, 181
118, 309
118, 437
118, 182
118, 438
118, 310
118, 183
118, 311
118, 439
118, 184
118, 440
118, 312
118, 185
118, 313
118, 441
118, 186
118, 442
118, 314
118, 187
118, 315
118, 443
118, 188
118, 444
118, 316
118, 189
118, 317
118, 445
118, 190
118, 446
118, 318
118, 191
118, 319
118, 447
118, 192
118, 448
118, 320
118, 193
118, 449
118, 321
118, 450
118, 322
118, 194
118, 195
118, 323
118, 324
118, 196
118, 197
118, 325
118, 326
118, 198
118, 199
118, 327
118, 328
118, 200
118, 201
118, 329
118, 330
118, 202
118, 203
118, 331
118, 332
118, 204
118, 205
118, 333
118, 334
118, 206
118, 207
118, 335
118, 336
118, 208
118, 209
118, 337
118, 338
118, 210
118, 211
118, 339
118, 340
118, 212
118, 213
118, 341
118, 342
118, 214
118, 215
118, 343
118, 344
118, 216
118, 217
118, 345
118, 346
118, 218
118, 219
118, 347
118, 348
118, 220
118, 221
118, 349
118, 350
118, 222
118, 223
118, 351
118, 352
118, 224
118, 225
118, 353
118, 354
118, 226
118, 227
118, 355
118, 356
118, 228
118, 229
118, 357
118, 358
118, 230
118, 231
118, 359
118, 360
118, 232
118, 233
118, 361
118, 362
118, 234
118, 235
118, 363
118, 364
118, 236
118, 237
118, 365
118, 366
118, 238
118, 239
118, 367
118, 368
118, 240
118, 241
118, 369
118, 370
118, 242
118, 243
118, 371
118, 372
118, 244
118, 245
118, 373
118, 374
118, 246
118, 247
118, 375
118, 119
118, 120
118, 376
118, 248
118, 249
118, 377
118, 121
118, 122
118, 378
118, 250
118, 251
118, 379
118, 123
118, 124
118, 380
118, 252
118, 253
118, 381
118, 125
118, 126
118, 382
118, 254
118, 255
118, 383
118, 127
246, 256
246, 320
246, 384
246, 448
246, 257
246, 321
246, 385
246, 449
246, 322
246, 450
246, 386
246, 258
246, 387
246, 323
246, 259
246, 260
246, 388
246, 324
246, 389
246, 325
246, 261
246, 262
246, 326
246, 390
246, 391
246, 327
246, 263
246, 264
246, 328
246, 392
246, 393
246, 329
246, 265
246, 266
246, 330
246, 394
246, 395
246, 331
246, 267
246, 268
246, 332
246, 396
246, 397
246, 333
246, 269
246, 270
246, 334
246, 398
246, 399
246, 335
246, 271
246, 272
246, 336
246, 400
246, 401
246, 337
246, 273
246, 274
246, 338
246, 402
246, 403
246, 339
246, 275
246, 276
246, 340
246, 404
246, 405
246, 341
246, 277
246, 278
246, 342
246, 406
246, 407
246, 343
246, 279
246, 280
246, 344
246, 408
246, 409
246, 345
246, 281
246, 282
246, 346
246, 410
246, 411
246, 347
246, 283
246, 284
246, 348
246, 412
246, 413
246, 349
246, 285
246, 286
246, 350
246, 414
246, 415
246, 351
246, 287
246, 288
246, 352
246, 416
246, 417
246, 353
246, 289
246, 290
246, 354
246, 418
246, 419
246, 355
246, 291
246, 292
246, 356
246, 420
246, 421
246, 357
246, 293
246, 294
246, 358
246, 422
246, 423
246, 359
246, 295
246, 296
246, 360
246, 424
246, 425
246, 361
246, 297
246, 298
246, 362
246, 426
246, 427
246, 363
246, 299
246, 300
246, 364
246, 428
246, 429
246, 365
246, 301
246, 302
246, 366
246, 430
246, 431
246, 367
246, 303
246, 304
246, 368
246, 432
246, 433
246, 369
246, 305
246, 306
246, 370
246, 434
246, 435
246, 371
246, 307
246, 308
246, 372
246, 436
246, 437
246, 373
246, 309
246, 310
246, 374
246, 438
246, 439
246, 375
246, 311
246, 247
246, 248
246, 312
246, 376
246, 440
246, 441
246, 377
246, 313
246, 249
246, 250
246, 314
246, 378
246, 442
246, 443
246, 379
246, 315
246, 251
246, 252
246, 316
246, 380
246, 444
246, 445
246, 381
246, 317
246, 253
246, 254
246, 318
246, 382
246, 446
246, 447
246, 383
246, 319
246, 255
375, 384
375, 448
375, 385
375, 449
375, 386
375, 450
375, 387
375, 388
375, 389
375, 390
375, 391
375, 392
375, 393
375, 394
375, 395
375, 396
375, 397
375, 398
375, 399
375, 400
375, 401
375, 402
375, 403
375, 404
375, 405
375, 406
375, 407
375, 408
375, 409
375, 410
375, 411
375, 412
375, 413
375, 414
375, 415
375, 416
375, 417
375, 418
375, 419
375, 420
375, 421
375, 422
375, 423
375, 424
375, 425
375, 426
375, 427
375, 428
375, 429
375, 430
375, 431
375, 432
375, 433
375, 434
375, 435
375, 436
375, 437
375, 438
375, 439
375, 440
375, 376
375, 377
375, 441
375, 442
375, 378
375, 379
375, 443
375, 444
375, 380
375, 381
375, 445
375, 446
375, 382
375, 383
375, 447
119, 256
119, 384
119, 128
119, 129
119, 385
119, 257
119, 386
119, 258
119, 130
119, 387
119, 259
119, 131
119, 132
119, 388
119, 260
119, 133
119, 261
119, 389
119, 134
119, 390
119, 262
119, 135
119, 263
119, 391
119, 136
119, 392
119, 264
119, 137
119, 265
119, 393
119, 138
119, 394
119, 266
119, 139
119, 267
119, 395
119, 140
119, 396
119, 268
119, 141
119, 269
119, 397
119, 142
119, 398
119, 270
119, 143
119, 271
119, 399
119, 144
119, 400
119, 272
119, 145
119, 273
119, 401
119, 146
119, 402
119, 274
119, 147
119, 275
119, 403
119, 148
119, 404
119, 276
119, 149
119, 277
119, 405
119, 150
119, 406
119, 278
119, 151
119, 279
119, 407
119, 152
119, 408
119, 280
119, 153
119, 281
119, 409
119, 154
119, 410
119, 282
119, 155
119, 283
119, 411
119, 156
119, 412
119, 284
119, 157
119, 285
119, 413
119, 158
119, 414
119, 286
119, 159
119, 287
119, 415
119, 160
119, 416
119, 288
119, 161
119, 289
119, 417
119, 162
119, 418
119, 290
119, 163
119, 291
119, 419
119, 164
119, 420
119, 292
119, 165
119, 293
119, 421
119, 166
119, 422
119, 294
119, 167
119, 295
119, 423
119, 168
119, 424
119, 296
119, 169
119, 297
119, 425
119, 170
119, 426
119, 298
119, 171
119, 299
119, 427
119, 172
119, 428
119, 300
119, 173
119, 301
119, 429
119, 174
119, 430
119, 302
119, 175
119, 303
119, 431
119, 176
119, 432
119, 304
119, 177
119, 305
119, 433
119, 178
119, 434
119, 306
119, 179
119, 307
119, 435
119, 180
119, 436
119, 308
119, 181
119, 309
119, 437
119, 182
119, 438
119, 310
119, 183
119, 311
119, 439
119, 184
119, 440
119, 312
119, 185
119, 313
119, 441
119, 186
119, 442
119, 314
119, 187
119, 315
119, 443
119, 188
119, 444
119, 316
119, 189
119, 317
119, 445
119, 190
119, 446
119, 318
119, 191
119, 319
119, 447
119, 448
119, 320
119, 192
119, 321
119, 449
119, 193
119, 194
119, 322
119, 450
119, 323
119, 195
119, 196
119, 324
119, 325
119, 197
119, 198
119, 326
119, 327
119, 199
119, 200
119, 328
119, 329
119, 201
119, 202
119, 330
119, 331
119, 203
119, 204
119, 332
119, 333
119, 205
119, 206
119, 334
119, 335
119, 207
119, 208
119, 336
119, 337
119, 209
119, 210
119, 338
119, 339
119, 211
119, 212
119, 340
119, 341
119, 213
119, 214
119, 342
119, 343
119, 215
119, 216
119, 344
119, 345
119, 217
119, 218
119, 346
119, 347
119, 219
119, 220
119, 348
119, 349
119, 221
119, 222
119, 350
119, 351
119, 223
119, 224
119, 352
119, 353
119, 225
119, 226
119, 354
119, 355
119, 227
119, 228
119, 356
119, 357
119, 229
119, 230
119, 358
119, 359
119, 231
119, 232
119, 360
119, 361
119, 233
119, 234
119, 362
119, 363
119, 235
119, 236
119, 364
119, 365
119, 237
119, 238
119, 366
119, 367
119, 239
119, 240
119, 368
119, 369
119, 241
119, 242
119, 370
119, 371
119, 243
119, 244
119, 372
119, 373
119, 245
119, 246
119, 374
119, 375
119, 247
119, 248
119, 376
119, 120
119, 121
119, 377
119, 249
119, 250
119, 378
119, 122
119, 123
119, 379
119, 251
119, 252
119, 380
119, 124
119, 125
119, 381
119, 253
119, 254
119, 382
119, 126
119, 127
119, 383
119, 255
247, 256
247, 320
247, 384
247, 448
247, 257
247, 321
247, 385
247, 449
247, 258
247, 386
247, 450
247, 322
247, 259
247, 323
247, 387
247, 324
247, 388
247, 260
247, 261
247, 325
247, 389
247, 390
247, 326
247, 262
247, 263
247, 327
247, 391
247, 392
247, 328
247, 264
247, 265
247, 329
247, 393
247, 394
247, 330
247, 266
247, 267
247, 331
247, 395
247, 396
247, 332
247, 268
247, 269
247, 333
247, 397
247, 398
247, 334
247, 270
247, 271
247, 335
247, 399
247, 400
247, 336
247, 272
247, 273
247, 337
247, 401
247, 402
247, 338
247, 274
247, 275
247, 339
247, 403
247, 404
247, 340
247, 276
247, 277
247, 341
247, 405
247, 406
247, 342
247, 278
247, 279
247, 343
247, 407
247, 408
247, 344
247, 280
247, 281
247, 345
247, 409
247, 410
247, 346
247, 282
247, 283
247, 347
247, 411
247, 412
247, 348
247, 284
247, 285
247, 349
247, 413
247, 414
247, 350
247, 286
247, 287
247, 351
247, 415
247, 416
247, 352
247, 288
247, 289
247, 353
247, 417
247, 418
247, 354
247, 290
247, 291
247, 355
247, 419
247, 420
247, 356
247, 292
247, 293
247, 357
247, 421
247, 422
247, 358
247, 294
247, 295
247, 359
247, 423
247, 424
247, 360
247, 296
247, 297
247, 361
247, 425
247, 426
247, 362
247, 298
247, 299
247, 363
247, 427
247, 428
247, 364
247, 300
247, 301
247, 365
247, 429
247, 430
247, 366
247, 302
247, 303
247, 367
247, 431
247, 432
247, 368
247, 304
247, 305
247, 369
247, 433
247, 434
247, 370
247, 306
247, 307
247, 371
247, 435
247, 436
247, 372
247, 308
247, 309
247, 373
247, 437
247, 438
247, 374
247, 310
247, 311
247, 375
247, 439
247, 440
247, 376
247, 312
247, 248
247, 249
247, 313
247, 377
247, 441
247, 442
247, 378
247, 314
247, 250
247, 251
247, 315
247, 379
247, 443
247, 444
247, 380
247, 316
247, 252
247, 253
247, 317
247, 381
247, 445
247, 446
247, 382
247, 318
247, 254
247, 255
247, 319
247, 383
247, 447
376, 384
376, 448
376, 385
376, 449
376, 386
376, 450
376, 387
376, 388
376, 389
376, 390
376, 391
376, 392
376, 393
376, 394
376, 395
376, 396
376, 397
376, 398
376, 399
376, 400
376, 401
376, 402
376, 403
376, 404
376, 405
376, 406
376, 407
376, 408
376, 409
376, 410
376, 411
376, 412
376, 413
376, 414
376, 415
376, 416
376, 417
376, 418
376, 419
376, 420
376, 421
376, 422
376, 423
376, 424
376, 425
376, 426
376, 427
376, 428
376, 429
376, 430
376, 431
376, 432
376, 433
376, 434
376, 435
376, 436
376, 437
376, 438
376, 439
376, 440
376, 441
376, 377
376, 378
376, 442
376, 443
376, 379
376, 380
376, 444
376, 445
376, 381
376, 382
376, 446
376, 447
376, 383
120, 128
120, 384
120, 256
120, 257
120, 385
120, 129
120, 258
120, 386
120, 130
120, 387
120, 259
120, 131
120, 132
120, 388
120, 260
120, 133
120, 261
120, 389
120, 134
120, 390
120, 262
120, 135
120, 263
120, 391
120, 136
120, 392
120, 264
120, 137
120, 265
120, 393
120, 138
120, 394
120, 266
120, 139
120, 267
120, 395
120, 140
120, 396
120, 268
120, 141
120, 269
120, 397
120, 142
120, 398
120, 270
120, 143
120, 271
120, 399
120, 144
120, 400
120, 272
120, 145
120, 273
120, 401
120, 146
120, 402
120, 274
120, 147
120, 275
120, 403
120, 148
120, 404
120, 276
120, 149
120, 277
120, 405
120, 150
120, 406
120, 278
120, 151
120, 279
120, 407
120, 152
120, 408
120, 280
120, 153
120, 281
120, 409
120, 154
120, 410
120, 282
120, 155
120, 283
120, 411
120, 156
120, 412
120, 284
120, 157
120, 285
120, 413
120, 158
120, 414
120, 286
120, 159
120, 287
120, 415
120, 160
120, 416
120, 288
120, 161
120, 289
120, 417
120, 162
120, 418
120, 290
120, 163
120, 291
120, 419
120, 164
120, 420
120, 292
120, 165
120, 293
120, 421
120, 166
120, 422
120, 294
120, 167
120, 295
120, 423
120, 168
120, 424
120, 296
120, 169
120, 297
120, 425
120, 170
120, 426
120, 298
120, 171
120, 299
120, 427
120, 172
120, 428
120, 300
120, 173
120, 301
120, 429
120, 174
120, 430
120, 302
120, 175
120, 303
120, 431
120, 176
120, 432
120, 304
120, 177
120, 305
120, 433
120, 178
120, 434
120, 306
120, 179
120, 307
120, 435
120, 180
120, 436
120, 308
120, 181
120, 309
120, 437
120, 182
120, 438
120, 310
120, 183
120, 311
120, 439
120, 184
120, 440
120, 312
120, 185
120, 313
120, 441
120, 186
120, 442
120, 314
120, 187
120, 315
120, 443
120, 188
120, 444
120, 316
120, 189
120, 317
120, 445
120, 190
120, 446
120, 318
120, 191
120, 319
120, 447
120, 320
120, 192
120, 448
120, 193
120, 449
120, 321
120, 450
120, 322
120, 194
120, 195
120, 323
120, 324
120, 196
120, 197
120, 325
120, 326
120, 198
120, 199
120, 327
120, 328
120, 200
120, 201
120, 329
120, 330
120, 202
120, 203
120, 331
120, 332
120, 204
120, 205
120, 333
120, 334
120, 206
120, 207
120, 335
120, 336
120, 208
120, 209
120, 337
120, 338
120, 210
120, 211
120, 339
120, 340
120, 212
120, 213
120, 341
120, 342
120, 214
120, 215
120, 343
120, 344
120, 216
120, 217
120, 345
120, 346
120, 218
120, 219
120, 347
120, 348
120, 220
120, 221
120, 349
120, 350
120, 222
120, 223
120, 351
120, 352
120, 224
120, 225
120, 353
120, 354
120, 226
120, 227
120, 355
120, 356
120, 228
120, 229
120, 357
120, 358
120, 230
120, 231
120, 359
120, 360
120, 232
120, 233
120, 361
120, 362
120, 234
120, 235
120, 363
120, 364
120, 236
120, 237
120, 365
120, 366
120, 238
120, 239
120, 367
120, 368
120, 240
120, 241
120, 369
120, 370
120, 242
120, 243
120, 371
120, 372
120, 244
120, 245
120, 373
120, 374
120, 246
120, 247
120, 375
120, 376
120, 248
120, 249
120, 377
120, 121
120, 122
120, 378
120, 250
120, 251
120, 379
120, 123
120, 124
120, 380
120, 252
120, 253
120, 381
120, 125
120, 126
120, 382
120, 254
120, 255
120, 383
120, 127
248, 256
248, 320
248, 384
248, 448
248, 257
248, 321
248, 385
248, 449
248, 322
248, 450
248, 386
248, 258
248, 387
248, 323
248, 259
248, 260
248, 388
248, 324
248, 389
248, 325
248, 261
248, 262
248, 326
248, 390
248, 391
248, 327
248, 263
248, 264
248, 328
248, 392
248, 393
248, 329
248, 265
248, 266
248, 330
248, 394
248, 395
248, 331
248, 267
248, 268
248, 332
248, 396
248, 397
248, 333
248, 269
248, 270
248, 334
248, 398
248, 399
248, 335
248, 271
248, 272
248, 336
248, 400
248, 401
248, 337
248, 273
248, 274
248, 338
248, 402
248, 403
248, 339
248, 275
248, 276
248, 340
248, 404
248, 405
248, 341
248, 277
248, 278
248, 342
248, 406
248, 407
248, 343
248, 279
248, 280
248, 344
248, 408
248, 409
248, 345
248, 281
248, 282
248, 346
248, 410
248, 411
248, 347
248, 283
248, 284
248, 348
248, 412
248, 413
248, 349
248, 285
248, 286
248, 350
248, 414
248, 415
248, 351
248, 287
248, 288
248, 352
248, 416
248, 417
248, 353
248, 289
248, 290
248, 354
248, 418
248, 419
248, 355
248, 291
248, 292
248, 356
248, 420
248, 421
248, 357
248, 293
248, 294
248, 358
248, 422
248, 423
248, 359
248, 295
248, 296
248, 360
248, 424
248, 425
248, 361
248, 297
248, 298
248, 362
248, 426
248, 427
248, 363
248, 299
248, 300
248, 364
248, 428
248, 429
248, 365
248, 301
248, 302
248, 366
248, 430
248, 431
248, 367
248, 303
248, 304
248, 368
248, 432
248, 433
248, 369
248, 305
248, 306
248, 370
248, 434
248, 435
248, 371
248, 307
248, 308
248, 372
248, 436
248, 437
248, 373
248, 309
248, 310
248, 374
248, 438
248, 439
248, 375
248, 311
248, 312
248, 376
248, 440
248, 441
248, 377
248, 313
248, 249
248, 250
248, 314
248, 378
248, 442
248, 443
248, 379
248, 315
248, 251
248, 252
248, 316
248, 380
248, 444
248, 445
248, 381
248, 317
248, 253
248, 254
248, 318
248, 382
248, 446
248, 447
248, 383
248, 319
248, 255
377, 384
377, 448
377, 385
377, 449
377, 386
377, 450
377, 387
377, 388
377, 389
377, 390
377, 391
377, 392
377, 393
377, 394
377, 395
377, 396
377, 397
377, 398
377, 399
377, 400
377, 401
377, 402
377, 403
377, 404
377, 405
377, 406
377, 407
377, 408
377, 409
377, 410
377, 411
377, 412
377, 413
377, 414
377, 415
377, 416
377, 417
377, 418
377, 419
377, 420
377, 421
377, 422
377, 423
377, 424
377, 425
377, 426
377, 427
377, 428
377, 429
377, 430
377, 431
377, 432
377, 433
377, 434
377, 435
377, 436
377, 437
377, 438
377, 439
377, 440
377, 441
377, 442
377, 378
377, 379
377, 443
377, 444
377, 380
377, 381
377, 445
377, 446
377, 382
377, 383
377, 447
121, 256
121, 384
121, 128
121, 129
121, 385
121, 257
121, 386
121, 258
121, 130
121, 387
121, 259
121, 131
121, 132
121, 388
121, 260
121, 133
121, 261
121, 389
121, 134
121, 390
121, 262
121, 135
121, 263
121, 391
121, 136
121, 392
121, 264
121, 137
121, 265
121, 393
121, 138
121, 394
121, 266
121, 139
121, 267
121, 395
121, 140
121, 396
121, 268
121, 141
121, 269
121, 397
121, 142
121, 398
121, 270
121, 143
121, 271
121, 399
121, 144
121, 400
121, 272
121, 145
121, 273
121, 401
121, 146
121, 402
121, 274
121, 147
121, 275
121, 403
121, 148
121, 404
121, 276
121, 149
121, 277
121, 405
121, 150
121, 406
121, 278
121, 151
121, 279
121, 407
121, 152
121, 408
121, 280
121, 153
121, 281
121, 409
121, 154
121, 410
121, 282
121, 155
121, 283
121, 411
121, 156
121, 412
121, 284
121, 157
121, 285
121, 413
121, 158
121, 414
121, 286
121, 159
121, 287
121, 415
121, 160
121, 416
121, 288
121, 161
121, 289
121, 417
121, 162
121, 418
121, 290
121, 163
121, 291
121, 419
121, 164
121, 420
121, 292
121, 165
121, 293
121, 421
121, 166
121, 422
121, 294
121, 167
121, 295
121, 423
121, 168
121, 424
121, 296
121, 169
121, 297
121, 425
121, 170
121, 426
121, 298
121, 171
121, 299
121, 427
121, 172
121, 428
121, 300
121, 173
121, 301
121, 429
121, 174
121, 430
121, 302
121, 175
121, 303
121, 431
121, 176
121, 432
121, 304
121, 177
121, 305
121, 433
121, 178
121, 434
121, 306
121, 179
121, 307
121, 435
121, 180
121, 436
121, 308
121, 181
121, 309
121, 437
121, 182
121, 438
121, 310
121, 183
121, 311
121, 439
121, 184
121, 440
121, 312
121, 185
121, 313
121, 441
121, 186
121, 442
121, 314
121, 187
121, 315
121, 443
121, 188
121, 444
121, 316
121, 189
121, 317
121, 445
121, 190
121, 446
121, 318
121, 191
121, 319
121, 447
121, 192
121, 448
121, 320
121, 321
121, 449
121, 193
121, 194
121, 322
121, 450
121, 323
121, 195
121, 196
121, 324
121, 325
121, 197
121, 198
121, 326
121, 327
121, 199
121, 200
121, 328
121, 329
121, 201
121, 202
121, 330
121, 331
121, 203
121, 204
121, 332
121, 333
121, 205
121, 206
121, 334
121, 335
121, 207
121, 208
121, 336
121, 337
121, 209
121, 210
121, 338
121, 339
121, 211
121, 212
121, 340
121, 341
121, 213
121, 214
121, 342
121, 343
121, 215
121, 216
121, 344
121, 345
121, 217
121, 218
121, 346
121, 347
121, 219
121, 220
121, 348
121, 349
121, 221
121, 222
121, 350
121, 351
121, 223
121, 224
121, 352
121, 353
121, 225
121, 226
121, 354
121, 355
121, 227
121, 228
121, 356
121, 357
121, 229
121, 230
121, 358
121, 359
121, 231
121, 232
121, 360
121, 361
121, 233
121, 234
121, 362
121, 363
121, 235
121, 236
121, 364
121, 365
121, 237
121, 238
121, 366
121, 367
121, 239
121, 240
121, 368
121, 369
121, 241
121, 242
121, 370
121, 371
121, 243
121, 244
121, 372
121, 373
121, 245
121, 246
121, 374
121, 375
121, 247
121, 248
121, 376
121, 377
121, 249
121, 250
121, 378
121, 122
121, 123
121, 379
121, 251
121, 252
121, 380
121, 124
121, 125
121, 381
121, 253
121, 254
121, 382
121, 126
121, 127
121, 383
121, 255
249, 256
249, 320
249, 384
249, 448
249, 257
249, 321
249, 385
249, 449
249, 258
249, 386
249, 450
249, 322
249, 259
249, 323
249, 387
249, 324
249, 388
249, 260
249, 261
249, 325
249, 389
249, 390
249, 326
249, 262
249, 263
249, 327
249, 391
249, 392
249, 328
249, 264
249, 265
249, 329
249, 393
249, 394
249, 330
249, 266
249, 267
249, 331
249, 395
249, 396
249, 332
249, 268
249, 269
249, 333
249, 397
249, 398
249, 334
249, 270
249, 271
249, 335
249, 399
249, 400
249, 336
249, 272
249, 273
249, 337
249, 401
249, 402
249, 338
249, 274
249, 275
249, 339
249, 403
249, 404
249, 340
249, 276
249, 277
249, 341
249, 405
249, 406
249, 342
249, 278
249, 279
249, 343
249, 407
249, 408
249, 344
249, 280
249, 281
249, 345
249, 409
249, 410
249, 346
249, 282
249, 283
249, 347
249, 411
249, 412
249, 348
249, 284
249, 285
249, 349
249, 413
249, 414
249, 350
249, 286
249, 287
249, 351
249, 415
249, 416
249, 352
249, 288
249, 289
249, 353
249, 417
249, 418
249, 354
249, 290
249, 291
249, 355
249, 419
249, 420
249, 356
249, 292
249, 293
249, 357
249, 421
249, 422
249, 358
249, 294
249, 295
249, 359
249, 423
249, 424
249, 360
249, 296
249, 297
249, 361
249, 425
249, 426
249, 362
249, 298
249, 299
249, 363
249, 427
249, 428
249, 364
249, 300
249, 301
249, 365
249, 429
249, 430
249, 366
249, 302
249, 303
249, 367
249, 431
249, 432
249, 368
249, 304
249, 305
249, 369
249, 433
249, 434
249, 370
249, 306
249, 307
249, 371
249, 435
249, 436
249, 372
249, 308
249, 309
249, 373
249, 437
249, 438
249, 374
249, 310
249, 311
249, 375
249, 439
249, 440
249, 376
249, 312
249, 313
249, 377
249, 441
249, 442
249, 378
249, 314
249, 250
249, 251
249, 315
249, 379
249, 443
249, 444
249, 380
249, 316
249, 252
249, 253
249, 317
249, 381
249, 445
249, 446
249, 382
249, 318
249, 254
249, 255
249, 319
249, 383
249, 447
378, 384
378, 448
378, 385
378, 449
378, 386
378, 450
378, 387
378, 388
378, 389
378, 390
378, 391
378, 392
378, 393
378, 394
378, 395
378, 396
378, 397
378, 398
378, 399
378, 400
378, 401
378, 402
378, 403
378, 404
378, 405
378, 406
378, 407
378, 408
378, 409
378, 410
378, 411
378, 412
378, 413
378, 414
378, 415
378, 416
378, 417
378, 418
378, 419
378, 420
378, 421
378, 422
378, 423
378, 424
378, 425
378, 426
378, 427
378, 428
378, 429
378, 430
378, 431
378, 432
378, 433
378, 434
378, 435
378, 436
378, 437
378, 438
378, 439
378, 440
378, 441
378, 442
378, 443
378, 379
378, 380
378, 444
378, 445
378, 381
378, 382
378, 446
378, 447
378, 383
122, 128
122, 384
122, 256
122, 257
122, 385
122, 129
122, 258
122, 386
122, 130
122, 387
122, 259
122, 131
122, 132
122, 388
122, 260
122, 133
122, 261
122, 389
122, 134
122, 390
122, 262
122, 135
122, 263
122, 391
122, 136
122, 392
122, 264
122, 137
122, 265
122, 393
122, 138
122, 394
122, 266
122, 139
122, 267
122, 395
122, 140
122, 396
122, 268
122, 141
122, 269
122, 397
122, 142
122, 398
122, 270
122, 143
122, 271
122, 399
122, 144
122, 400
122, 272
122, 145
122, 273
122, 401
122, 146
122, 402
122, 274
122, 147
122, 275
122, 403
122, 148
122, 404
122, 276
122, 149
122, 277
122, 405
122, 150
122, 406
122, 278
122, 151
122, 279
122, 407
122, 152
122, 408
122, 280
122, 153
122, 281
122, 409
122, 154
122, 410
122, 282
122, 155
122, 283
122, 411
122, 156
122, 412
122, 284
122, 157
122, 285
122, 413
122, 158
122, 414
122, 286
122, 159
122, 287
122, 415
122, 160
122, 416
122, 288
122, 161
122, 289
122, 417
122, 162
122, 418
122, 290
122, 163
122, 291
122, 419
122, 164
122, 420
122, 292
122, 165
122, 293
122, 421
122, 166
122, 422
122, 294
122, 167
122, 295
122, 423
122, 168
122, 424
122, 296
122, 169
122, 297
122, 425
122, 170
122, 426
122, 298
122, 171
122, 299
122, 427
122, 172
122, 428
122, 300
122, 173
122, 301
122, 429
122, 174
122, 430
122, 302
122, 175
122, 303
122, 431
122, 176
122, 432
122, 304
122, 177
122, 305
122, 433
122, 178
122, 434
122, 306
122, 179
122, 307
122, 435
122, 180
122, 436
122, 308
122, 181
122, 309
122, 437
122, 182
122, 438
122, 310
122, 183
122, 311
122, 439
122, 184
122, 440
122, 312
122, 185
122, 313
122, 441
122, 186
122, 442
122, 314
122, 187
122, 315
122, 443
122, 188
122, 444
122, 316
122, 189
122, 317
122, 445
122, 190
122, 446
122, 318
122, 191
122, 319
122, 447
122, 448
122, 320
122, 192
122, 193
122, 449
122, 321
122, 450
122, 322
122, 194
122, 195
122, 323
122, 324
122, 196
122, 197
122, 325
122, 326
122, 198
122, 199
122, 327
122, 328
122, 200
122, 201
122, 329
122, 330
122, 202
122, 203
122, 331
122, 332
122, 204
122, 205
122, 333
122, 334
122, 206
122, 207
122, 335
122, 336
122, 208
122, 209
122, 337
122, 338
122, 210
122, 211
122, 339
122, 340
122, 212
122, 213
122, 341
122, 342
122, 214
122, 215
122, 343
122, 344
122, 216
122, 217
122, 345
122, 346
122, 218
122, 219
122, 347
122, 348
122, 220
122, 221
122, 349
122, 350
122, 222
122, 223
122, 351
122, 352
122, 224
122, 225
122, 353
122, 354
122, 226
122, 227
122, 355
122, 356
122, 228
122, 229
122, 357
122, 358
122, 230
122, 231
122, 359
122, 360
122, 232
122, 233
122, 361
122, 362
122, 234
122, 235
122, 363
122, 364
122, 236
122, 237
122, 365
122, 366
122, 238
122, 239
122, 367
122, 368
122, 240
122, 241
122, 369
122, 370
122, 242
122, 243
122, 371
122, 372
122, 244
122, 245
122, 373
122, 374
122, 246
122, 247
122, 375
122, 376
122, 248
122, 249
122, 377
122, 378
122, 250
122, 251
122, 379
122, 123
122, 124
122, 380
122, 252
122, 253
122, 381
122, 125
122, 126
122, 382
122, 254
122, 255
122, 383
122, 127
250, 256
250, 320
250, 384
250, 448
250, 257
250, 321
250, 385
250, 449
250, 322
250, 450
250, 386
250, 258
250, 387
250, 323
250, 259
250, 260
250, 388
250, 324
250, 389
250, 325
250, 261
250, 262
250, 326
250, 390
250, 391
250, 327
250, 263
250, 264
250, 328
250, 392
250, 393
250, 329
250, 265
250, 266
250, 330
250, 394
250, 395
250, 331
250, 267
250, 268
250, 332
250, 396
250, 397
250, 333
250, 269
250, 270
250, 334
250, 398
250, 399
250, 335
250, 271
250, 272
250, 336
250, 400
250, 401
250, 337
250, 273
250, 274
250, 338
250, 402
250, 403
250, 339
250, 275
250, 276
250, 340
250, 404
250, 405
250, 341
250, 277
250, 278
250, 342
250, 406
250, 407
250, 343
250, 279
250, 280
250, 344
250, 408
250, 409
250, 345
250, 281
250, 282
250, 346
250, 410
250, 411
250, 347
250, 283
250, 284
250, 348
250, 412
250, 413
250, 349
250, 285
250, 286
250, 350
250, 414
250, 415
250, 351
250, 287
250, 288
250, 352
250, 416
250, 417
250, 353
250, 289
250, 290
250, 354
250, 418
250, 419
250, 355
250, 291
250, 292
250, 356
250, 420
250, 421
250, 357
250, 293
250, 294
250, 358
250, 422
250, 423
250, 359
250, 295
250, 296
250, 360
250, 424
250, 425
250, 361
250, 297
250, 298
250, 362
250, 426
250, 427
250, 363
250, 299
250, 300
250, 364
250, 428
250, 429
250, 365
250, 301
250, 302
250, 366
250, 430
250, 431
250, 367
250, 303
250, 304
250, 368
250, 432
250, 433
250, 369
250, 305
250, 306
250, 370
250, 434
250, 435
250, 371
250, 307
250, 308
250, 372
250, 436
250, 437
250, 373
250, 309
250, 310
250, 374
250, 438
250, 439
250, 375
250, 311
250, 312
250, 376
250, 440
250, 441
250, 377
250, 313
250, 314
250, 378
250, 442
250, 443
250, 379
250, 315
250, 251
250, 252
250, 316
250, 380
250, 444
250, 445
250, 381
250, 317
250, 253
250, 254
250, 318
250, 382
250, 446
250, 447
250, 383
250, 319
250, 255
379, 384
379, 448
379, 385
379, 449
379, 386
379, 450
379, 387
379, 388
379, 389
379, 390
379, 391
379, 392
379, 393
379, 394
379, 395
379, 396
379, 397
379, 398
379, 399
379, 400
379, 401
379, 402
379, 403
379, 404
379, 405
379, 406
379, 407
379, 408
379, 409
379, 410
379, 411
379, 412
379, 413
379, 414
379, 415
379, 416
379, 417
379, 418
379, 419
379, 420
379, 421
379, 422
379, 423
379, 424
379, 425
379, 426
379, 427
379, 428
379, 429
379, 430
379, 431
379, 432
379, 433
379, 434
379, 435
379, 436
379, 437
379, 438
379, 439
379, 440
379, 441
379, 442
379, 443
379, 444
379, 380
379, 381
379, 445
379, 446
379, 382
379, 383
379, 447
123, 256
123, 384
123, 128
123, 129
123, 385
123, 257
123, 386
123, 258
123, 130
123, 387
123, 259
123, 131
123, 132
123, 388
123, 260
123, 133
123, 261
123, 389
123, 134
123, 390
123, 262
123, 135
123, 263
123, 391
123, 136
123, 392
123, 264
123, 137
123, 265
123, 393
123, 138
123, 394
123, 266
123, 139
123, 267
123, 395
123, 140
123, 396
123, 268
123, 141
123, 269
123, 397
123, 142
123, 398
123, 270
123, 143
123, 271
123, 399
123, 144
123, 400
123, 272
123, 145
123, 273
123, 401
123, 146
123, 402
123, 274
123, 147
123, 275
123, 403
123, 148
123, 404
123, 276
123, 149
123, 277
123, 405
123, 150
123, 406
123, 278
123, 151
123, 279
123, 407
123, 152
123, 408
123, 280
123, 153
123, 281
123, 409
123, 154
123, 410
123, 282
123, 155
123, 283
123, 411
123, 156
123, 412
123, 284
123, 157
123, 285
123, 413
123, 158
123, 414
123, 286
123, 159
123, 287
123, 415
123, 160
123, 416
123, 288
123, 161
123, 289
123, 417
123, 162
123, 418
123, 290
123, 163
123, 291
123, 419
123, 164
123, 420
123, 292
123, 165
123, 293
123, 421
123, 166
123, 422
123, 294
123, 167
123, 295
123, 423
123, 168
123, 424
123, 296
123, 169
123, 297
123, 425
123, 170
123, 426
123, 298
123, 171
123, 299
123, 427
123, 172
123, 428
123, 300
123, 173
123, 301
123, 429
123, 174
123, 430
123, 302
123, 175
123, 303
123, 431
123, 176
123, 432
123, 304
123, 177
123, 305
123, 433
123, 178
123, 434
123, 306
123, 179
123, 307
123, 435
123, 180
123, 436
123, 308
123, 181
123, 309
123, 437
123, 182
123, 438
123, 310
123, 183
123, 311
123, 439
123, 184
123, 440
123, 312
123, 185
123, 313
123, 441
123, 186
123, 442
123, 314
123, 187
123, 315
123, 443
123, 188
123, 444
123, 316
123, 189
123, 317
123, 445
123, 190
123, 446
123, 318
123, 191
123, 319
123, 447
123, 320
123, 192
123, 448
123, 321
123, 449
123, 193
123, 194
123, 322
123, 450
123, 323
123, 195
123, 196
123, 324
123, 325
123, 197
123, 198
123, 326
123, 327
123, 199
123, 200
123, 328
123, 329
123, 201
123, 202
123, 330
123, 331
123, 203
123, 204
123, 332
123, 333
123, 205
123, 206
123, 334
123, 335
123, 207
123, 208
123, 336
123, 337
123, 209
123, 210
123, 338
123, 339
123, 211
123, 212
123, 340
123, 341
123, 213
123, 214
123, 342
123, 343
123, 215
123, 216
123, 344
123, 345
123, 217
123, 218
123, 346
123, 347
123, 219
123, 220
123, 348
123, 349
123, 221
123, 222
123, 350
123, 351
123, 223
123, 224
123, 352
123, 353
123, 225
123, 226
123, 354
123, 355
123, 227
123, 228
123, 356
123, 357
123, 229
123, 230
123, 358
123, 359
123, 231
123, 232
123, 360
123, 361
123, 233
123, 234
123, 362
123, 363
123, 235
123, 236
123, 364
123, 365
123, 237
123, 238
123, 366
123, 367
123, 239
123, 240
123, 368
123, 369
123, 241
123, 242
123, 370
123, 371
123, 243
123, 244
123, 372
123, 373
123, 245
123, 246
123, 374
123, 375
123, 247
123, 248
123, 376
123, 377
123, 249
123, 250
123, 378
123, 379
123, 251
123, 252
123, 380
123, 124
123, 125
123, 381
123, 253
123, 254
123, 382
123, 126
123, 127
123, 383
123, 255
251, 256
251, 320
251, 384
251, 448
251, 257
251, 321
251, 385
251, 449
251, 258
251, 386
251, 450
251, 322
251, 259
251, 323
251, 387
251, 324
251, 388
251, 260
251, 261
251, 325
251, 389
251, 390
251, 326
251, 262
251, 263
251, 327
251, 391
251, 392
251, 328
251, 264
251, 265
251, 329
251, 393
251, 394
251, 330
251, 266
251, 267
251, 331
251, 395
251, 396
251, 332
251, 268
251, 269
251, 333
251, 397
251, 398
251, 334
251, 270
251, 271
251, 335
251, 399
251, 400
251, 336
251, 272
251, 273
251, 337
251, 401
251, 402
251, 338
251, 274
251, 275
251, 339
251, 403
251, 404
251, 340
251, 276
251, 277
251, 341
251, 405
251, 406
251, 342
251, 278
251, 279
251, 343
251, 407
251, 408
251, 344
251, 280
251, 281
251, 345
251, 409
251, 410
251, 346
251, 282
251, 283
251, 347
251, 411
251, 412
251, 348
251, 284
251, 285
251, 349
251, 413
251, 414
251, 350
251, 286
251, 287
251, 351
251, 415
251, 416
251, 352
251, 288
251, 289
251, 353
251, 417
251, 418
251, 354
251, 290
251, 291
251, 355
251, 419
251, 420
251, 356
251, 292
251, 293
251, 357
251, 421
251, 422
251, 358
251, 294
251, 295
251, 359
251, 423
251, 424
251, 360
251, 296
251, 297
251, 361
251, 425
251, 426
251, 362
251, 298
251, 299
251, 363
251, 427
251, 428
251, 364
251, 300
251, 301
251, 365
251, 429
251, 430
251, 366
251, 302
251, 303
251, 367
251, 431
251, 432
251, 368
251, 304
251, 305
251, 369
251, 433
251, 434
251, 370
251, 306
251, 307
251, 371
251, 435
251, 436
251, 372
251, 308
251, 309
251, 373
251, 437
251, 438
251, 374
251, 310
251, 311
251, 375
251, 439
251, 440
251, 376
251, 312
251, 313
251, 377
251, 441
251, 442
251, 378
251, 314
251, 315
251, 379
251, 443
251, 444
251, 380
251, 316
251, 252
251, 253
251, 317
251, 381
251, 445
251, 446
251, 382
251, 318
251, 254
251, 255
251, 319
251, 383
251, 447
380, 384
380, 448
380, 385
380, 449
380, 386
380, 450
380, 387
380, 388
380, 389
380, 390
380, 391
380, 392
380, 393
380, 394
380, 395
380, 396
380, 397
380, 398
380, 399
380, 400
380, 401
380, 402
380, 403
380, 404
380, 405
380, 406
380, 407
380, 408
380, 409
380, 410
380, 411
380, 412
380, 413
380, 414
380, 415
380, 416
380, 417
380, 418
380, 419
380, 420
380, 421
380, 422
380, 423
380, 424
380, 425
380, 426
380, 427
380, 428
380, 429
380, 430
380, 431
380, 432
380, 433
380, 434
380, 435
380, 436
380, 437
380, 438
380, 439
380, 440
380, 441
380, 442
380, 443
380, 444
380, 445
380, 381
380, 382
380, 446
380, 447
380, 383
124, 128
124, 384
124, 256
124, 257
124, 385
124, 129
124, 258
124, 386
124, 130
124, 387
124, 259
124, 131
124, 132
124, 388
124, 260
124, 133
124, 261
124, 389
124, 134
124, 390
124, 262
124, 135
124, 263
124, 391
124, 136
124, 392
124, 264
124, 137
124, 265
124, 393
124, 138
124, 394
124, 266
124, 139
124, 267
124, 395
124, 140
124, 396
124, 268
124, 141
124, 269
124, 397
124, 142
124, 398
124, 270
124, 143
124, 271
124, 399
124, 144
124, 400
124, 272
124, 145
124, 273
124, 401
124, 146
124, 402
124, 274
124, 147
124, 275
124, 403
124, 148
124, 404
124, 276
124, 149
124, 277
124, 405
124, 150
124, 406
124, 278
124, 151
124, 279
124, 407
124, 152
124, 408
124, 280
124, 153
124, 281
124, 409
124, 154
124, 410
124, 282
124, 155
124, 283
124, 411
124, 156
124, 412
124, 284
124, 157
124, 285
124, 413
124, 158
124, 414
124, 286
124, 159
124, 287
124, 415
124, 160
124, 416
124, 288
124, 161
124, 289
124, 417
124, 162
124, 418
124, 290
124, 163
124, 291
124, 419
124, 164
124, 420
124, 292
124, 165
124, 293
124, 421
124, 166
124, 422
124, 294
124, 167
124, 295
124, 423
124, 168
124, 424
124, 296
124, 169
124, 297
124, 425
124, 170
124, 426
124, 298
124, 171
124, 299
124, 427
124, 172
124, 428
124, 300
124, 173
124, 301
124, 429
124, 174
124, 430
124, 302
124, 175
124, 303
124, 431
124, 176
124, 432
124, 304
124, 177
124, 305
124, 433
124, 178
124, 434
124, 306
124, 179
124, 307
124, 435
124, 180
124, 436
124, 308
124, 181
124, 309
124, 437
124, 182
124, 438
124, 310
124, 183
124, 311
124, 439
124, 184
124, 440
124, 312
124, 185
124, 313
124, 441
124, 186
124, 442
124, 314
124, 187
124, 315
124, 443
124, 188
124, 444
124, 316
124, 189
124, 317
124, 445
124, 190
124, 446
124, 318
124, 191
124, 319
124, 447
124, 192
124, 448
124, 320
124, 193
124, 449
124, 321
124, 450
124, 322
124, 194
124, 195
124, 323
124, 324
124, 196
124, 197
124, 325
124, 326
124, 198
124, 199
124, 327
124, 328
124, 200
124, 201
124, 329
124, 330
124, 202
124, 203
124, 331
124, 332
124, 204
124, 205
124, 333
124, 334
124, 206
124, 207
124, 335
124, 336
124, 208
124, 209
124, 337
124, 338
124, 210
124, 211
124, 339
124, 340
124, 212
124, 213
124, 341
124, 342
124, 214
124, 215
124, 343
124, 344
124, 216
124, 217
124, 345
124, 346
124, 218
124, 219
124, 347
124, 348
124, 220
124, 221
124, 349
124, 350
124, 222
124, 223
124, 351
124, 352
124, 224
124, 225
124, 353
124, 354
124, 226
124, 227
124, 355
124, 356
124, 228
124, 229
124, 357
124, 358
124, 230
124, 231
124, 359
124, 360
124, 232
124, 233
124, 361
124, 362
124, 234
124, 235
124, 363
124, 364
124, 236
124, 237
124, 365
124, 366
124, 238
124, 239
124, 367
124, 368
124, 240
124, 241
124, 369
124, 370
124, 242
124, 243
124, 371
124, 372
124, 244
124, 245
124, 373
124, 374
124, 246
124, 247
124, 375
124, 376
124, 248
124, 249
124, 377
124, 378
124, 250
124, 251
124, 379
124, 380
124, 252
124, 253
124, 381
124, 125
124, 126
124, 382
124, 254
124, 255
124, 383
124, 127
252, 256
252, 320
252, 384
252, 448
252, 257
252, 321
252, 385
252, 449
252, 322
252, 450
252, 386
252, 258
252, 387
252, 323
252, 259
252, 260
252, 388
252, 324
252, 389
252, 325
252, 261
252, 262
252, 326
252, 390
252, 391
252, 327
252, 263
252, 264
252, 328
252, 392
252, 393
252, 329
252, 265
252, 266
252, 330
252, 394
252, 395
252, 331
252, 267
252, 268
252, 332
252, 396
252, 397
252, 333
252, 269
252, 270
252, 334
252, 398
252, 399
252, 335
252, 271
252, 272
252, 336
252, 400
252, 401
252, 337
252, 273
252, 274
252, 338
252, 402
252, 403
252, 339
252, 275
252, 276
252, 340
252, 404
252, 405
252, 341
252, 277
252, 278
252, 342
252, 406
252, 407
252, 343
252, 279
252, 280
252, 344
252, 408
252, 409
252, 345
252, 281
252, 282
252, 346
252, 410
252, 411
252, 347
252, 283
252, 284
252, 348
252, 412
252, 413
252, 349
252, 285
252, 286
252, 350
252, 414
252, 415
252, 351
252, 287
252, 288
252, 352
252, 416
252, 417
252, 353
252, 289
252, 290
252, 354
252, 418
252, 419
252, 355
252, 291
252, 292
252, 356
252, 420
252, 421
252, 357
252, 293
252, 294
252, 358
252, 422
252, 423
252, 359
252, 295
252, 296
252, 360
252, 424
252, 425
252, 361
252, 297
252, 298
252, 362
252, 426
252, 427
252, 363
252, 299
252, 300
252, 364
252, 428
252, 429
252, 365
252, 301
252, 302
252, 366
252, 430
252, 431
252, 367
252, 303
252, 304
252, 368
252, 432
252, 433
252, 369
252, 305
252, 306
252, 370
252, 434
252, 435
252, 371
252, 307
252, 308
252, 372
252, 436
252, 437
252, 373
252, 309
252, 310
252, 374
252, 438
252, 439
252, 375
252, 311
252, 312
252, 376
252, 440
252, 441
252, 377
252, 313
252, 314
252, 378
252, 442
252, 443
252, 379
252, 315
252, 316
252, 380
252, 444
252, 445
252, 381
252, 317
252, 253
252, 254
252, 318
252, 382
252, 446
252, 447
252, 383
252, 319
252, 255
381, 384
381, 448
381, 385
381, 449
381, 386
381, 450
381, 387
381, 388
381, 389
381, 390
381, 391
381, 392
381, 393
381, 394
381, 395
381, 396
381, 397
381, 398
381, 399
381, 400
381, 401
381, 402
381, 403
381, 404
381, 405
381, 406
381, 407
381, 408
381, 409
381, 410
381, 411
381, 412
381, 413
381, 414
381, 415
381, 416
381, 417
381, 418
381, 419
381, 420
381, 421
381, 422
381, 423
381, 424
381, 425
381, 426
381, 427
381, 428
381, 429
381, 430
381, 431
381, 432
381, 433
381, 434
381, 435
381, 436
381, 437
381, 438
381, 439
381, 440
381, 441
381, 442
381, 443
381, 444
381, 445
381, 446
381, 382
381, 383
381, 447
125, 256
125, 384
125, 128
125, 129
125, 385
125, 257
125, 386
125, 258
125, 130
125, 387
125, 259
125, 131
125, 132
125, 388
125, 260
125, 133
125, 261
125, 389
125, 134
125, 390
125, 262
125, 135
125, 263
125, 391
125, 136
125, 392
125, 264
125, 137
125, 265
125, 393
125, 138
125, 394
125, 266
125, 139
125, 267
125, 395
125, 140
125, 396
125, 268
125, 141
125, 269
125, 397
125, 142
125, 398
125, 270
125, 143
125, 271
125, 399
125, 144
125, 400
125, 272
125, 145
125, 273
125, 401
125, 146
125, 402
125, 274
125, 147
125, 275
125, 403
125, 148
125, 404
125, 276
125, 149
125, 277
125, 405
125, 150
125, 406
125, 278
125, 151
125, 279
125, 407
125, 152
125, 408
125, 280
125, 153
125, 281
125, 409
125, 154
125, 410
125, 282
125, 155
125, 283
125, 411
125, 156
125, 412
125, 284
125, 157
125, 285
125, 413
125, 158
125, 414
125, 286
125, 159
125, 287
125, 415
125, 160
125, 416
125, 288
125, 161
125, 289
125, 417
125, 162
125, 418
125, 290
125, 163
125, 291
125, 419
125, 164
125, 420
125, 292
125, 165
125, 293
125, 421
125, 166
125, 422
125, 294
125, 167
125, 295
125, 423
125, 168
125, 424
125, 296
125, 169
125, 297
125, 425
125, 170
125, 426
125, 298
125, 171
125, 299
125, 427
125, 172
125, 428
125, 300
125, 173
125, 301
125, 429
125, 174
125, 430
125, 302
125, 175
125, 303
125, 431
125, 176
125, 432
125, 304
125, 177
125, 305
125, 433
125, 178
125, 434
125, 306
125, 179
125, 307
125, 435
125, 180
125, 436
125, 308
125, 181
125, 309
125, 437
125, 182
125, 438
125, 310
125, 183
125, 311
125, 439
125, 184
125, 440
125, 312
125, 185
125, 313
125, 441
125, 186
125, 442
125, 314
125, 187
125, 315
125, 443
125, 188
125, 444
125, 316
125, 189
125, 317
125, 445
125, 190
125, 446
125, 318
125, 191
125, 319
125, 447
125, 448
125, 320
125, 192
125, 321
125, 449
125, 193
125, 194
125, 322
125, 450
125, 323
125, 195
125, 196
125, 324
125, 325
125, 197
125, 198
125, 326
125, 327
125, 199
125, 200
125, 328
125, 329
125, 201
125, 202
125, 330
125, 331
125, 203
125, 204
125, 332
125, 333
125, 205
125, 206
125, 334
125, 335
125, 207
125, 208
125, 336
125, 337
125, 209
125, 210
125, 338
125, 339
125, 211
125, 212
125, 340
125, 341
125, 213
125, 214
125, 342
125, 343
125, 215
125, 216
125, 344
125, 345
125, 217
125, 218
125, 346
125, 347
125, 219
125, 220
125, 348
125, 349
125, 221
125, 222
125, 350
125, 351
125, 223
125, 224
125, 352
125, 353
125, 225
125, 226
125, 354
125, 355
125, 227
125, 228
125, 356
125, 357
125, 229
125, 230
125, 358
125, 359
125, 231
125, 232
125, 360
125, 361
125, 233
125, 234
125, 362
125, 363
125, 235
125, 236
125, 364
125, 365
125, 237
125, 238
125, 366
125, 367
125, 239
125, 240
125, 368
125, 369
125, 241
125, 242
125, 370
125, 371
125, 243
125, 244
125, 372
125, 373
125, 245
125, 246
125, 374
125, 375
125, 247
125, 248
125, 376
125, 377
125, 249
125, 250
125, 378
125, 379
125, 251
125, 252
125, 380
125, 381
125, 253
125, 254
125, 382
125, 126
125, 127
125, 383
125, 255
253, 256
253, 320
253, 384
253, 448
253, 257
253, 321
253, 385
253, 449
253, 258
253, 386
253, 450
253, 322
253, 259
253, 323
253, 387
253, 324
253, 388
253, 260
253, 261
253, 325
253, 389
253, 390
253, 326
253, 262
253, 263
253, 327
253, 391
253, 392
253, 328
253, 264
253, 265
253, 329
253, 393
253, 394
253, 330
253, 266
253, 267
253, 331
253, 395
253, 396
253, 332
253, 268
253, 269
253, 333
253, 397
253, 398
253, 334
253, 270
253, 271
253, 335
253, 399
253, 400
253, 336
253, 272
253, 273
253, 337
253, 401
253, 402
253, 338
253, 274
253, 275
253, 339
253, 403
253, 404
253, 340
253, 276
253, 277
253, 341
253, 405
253, 406
253, 342
253, 278
253, 279
253, 343
253, 407
253, 408
253, 344
253, 280
253, 281
253, 345
253, 409
253, 410
253, 346
253, 282
253, 283
253, 347
253, 411
253, 412
253, 348
253, 284
253, 285
253, 349
253, 413
253, 414
253, 350
253, 286
253, 287
253, 351
253, 415
253, 416
253, 352
253, 288
253, 289
253, 353
253, 417
253, 418
253, 354
253, 290
253, 291
253, 355
253, 419
253, 420
253, 356
253, 292
253, 293
253, 357
253, 421
253, 422
253, 358
253, 294
253, 295
253, 359
253, 423
253, 424
253, 360
253, 296
253, 297
253, 361
253, 425
253, 426
253, 362
253, 298
253, 299
253, 363
253, 427
253, 428
253, 364
253, 300
253, 301
253, 365
253, 429
253, 430
253, 366
253, 302
253, 303
253, 367
253, 431
253, 432
253, 368
253, 304
253, 305
253, 369
253, 433
253, 434
253, 370
253, 306
253, 307
253, 371
253, 435
253, 436
253, 372
253, 308
253, 309
253, 373
253, 437
253, 438
253, 374
253, 310
253, 311
253, 375
253, 439
253, 440
253, 376
253, 312
253, 313
253, 377
253, 441
253, 442
253, 378
253, 314
253, 315
253, 379
253, 443
253, 444
253, 380
253, 316
253, 317
253, 381
253, 445
253, 446
253, 382
253, 318
253, 254
253, 255
253, 319
253, 383
253, 447
382, 384
382, 448
382, 385
382, 449
382, 386
382, 450
382, 387
382, 388
382, 389
382, 390
382, 391
382, 392
382, 393
382, 394
382, 395
382, 396
382, 397
382, 398
382, 399
382, 400
382, 401
382, 402
382, 403
382, 404
382, 405
382, 406
382, 407
382, 408
382, 409
382, 410
382, 411
382, 412
382, 413
382, 414
382, 415
382, 416
382, 417
382, 418
382, 419
382, 420
382, 421
382, 422
382, 423
382, 424
382, 425
382, 426
382, 427
382, 428
382, 429
382, 430
382, 431
382, 432
382, 433
382, 434
382, 435
382, 436
382, 437
382, 438
382, 439
382, 440
382, 441
382, 442
382, 443
382, 444
382, 445
382, 446
382, 447
382, 383
126, 128
126, 384
126, 256
126, 257
126, 385
126, 129
126, 258
126, 386
126, 130
126, 387
126, 259
126, 131
126, 132
126, 388
126, 260
126, 133
126, 261
126, 389
126, 134
126, 390
126, 262
126, 135
126, 263
126, 391
126, 136
126, 392
126, 264
126, 137
126, 265
126, 393
126, 138
126, 394
126, 266
126, 139
126, 267
126, 395
126, 140
126, 396
126, 268
126, 141
126, 269
126, 397
126, 142
126, 398
126, 270
126, 143
126, 271
126, 399
126, 144
126, 400
126, 272
126, 145
126, 273
126, 401
126, 146
126, 402
126, 274
126, 147
126, 275
126, 403
126, 148
126, 404
126, 276
126, 149
126, 277
126, 405
126, 150
126, 406
126, 278
126, 151
126, 279
126, 407
126, 152
126, 408
126, 280
126, 153
126, 281
126, 409
126, 154
126, 410
126, 282
126, 155
126, 283
126, 411
126, 156
126, 412
126, 284
126, 157
126, 285
126, 413
126, 158
126, 414
126, 286
126, 159
126, 287
126, 415
126, 160
126, 416
126, 288
126, 161
126, 289
126, 417
126, 162
126, 418
126, 290
126, 163
126, 291
126, 419
126, 164
126, 420
126, 292
126, 165
126, 293
126, 421
126, 166
126, 422
126, 294
126, 167
126, 295
126, 423
126, 168
126, 424
126, 296
126, 169
126, 297
126, 425
126, 170
126, 426
126, 298
126, 171
126, 299
126, 427
126, 172
126, 428
126, 300
126, 173
126, 301
126, 429
126, 174
126, 430
126, 302
126, 175
126, 303
126, 431
126, 176
126, 432
126, 304
126, 177
126, 305
126, 433
126, 178
126, 434
126, 306
126, 179
126, 307
126, 435
126, 180
126, 436
126, 308
126, 181
126, 309
126, 437
126, 182
126, 438
126, 310
126, 183
126, 311
126, 439
126, 184
126, 440
126, 312
126, 185
126, 313
126, 441
126, 186
126, 442
126, 314
126, 187
126, 315
126, 443
126, 188
126, 444
126, 316
126, 189
126, 317
126, 445
126, 190
126, 446
126, 318
126, 191
126, 319
126, 447
126, 320
126, 192
126, 448
126, 193
126, 449
126, 321
126, 450
126, 322
126, 194
126, 195
126, 323
126, 324
126, 196
126, 197
126, 325
126, 326
126, 198
126, 199
126, 327
126, 328
126, 200
126, 201
126, 329
126, 330
126, 202
126, 203
126, 331
126, 332
126, 204
126, 205
126, 333
126, 334
126, 206
126, 207
126, 335
126, 336
126, 208
126, 209
126, 337
126, 338
126, 210
126, 211
126, 339
126, 340
126, 212
126, 213
126, 341
126, 342
126, 214
126, 215
126, 343
126, 344
126, 216
126, 217
126, 345
126, 346
126, 218
126, 219
126, 347
126, 348
126, 220
126, 221
126, 349
126, 350
126, 222
126, 223
126, 351
126, 352
126, 224
126, 225
126, 353
126, 354
126, 226
126, 227
126, 355
126, 356
126, 228
126, 229
126, 357
126, 358
126, 230
126, 231
126, 359
126, 360
126, 232
126, 233
126, 361
126, 362
126, 234
126, 235
126, 363
126, 364
126, 236
126, 237
126, 365
126, 366
126, 238
126, 239
126, 367
126, 368
126, 240
126, 241
126, 369
126, 370
126, 242
126, 243
126, 371
126, 372
126, 244
126, 245
126, 373
126, 374
126, 246
126, 247
126, 375
126, 376
126, 248
126, 249
126, 377
126, 378
126, 250
126, 251
126, 379
126, 380
126, 252
126, 253
126, 381
126, 382
126, 254
126, 255
126, 383
126, 127
254, 256
254, 320
254, 384
254, 448
254, 257
254, 321
254, 385
254, 449
254, 322
254, 450
254, 386
254, 258
254, 387
254, 323
254, 259
254, 260
254, 388
254, 324
254, 389
254, 325
254, 261
254, 262
254, 326
254, 390
254, 391
254, 327
254, 263
254, 264
254, 328
254, 392
254, 393
254, 329
254, 265
254, 266
254, 330
254, 394
254, 395
254, 331
254, 267
254, 268
254, 332
254, 396
254, 397
254, 333
254, 269
254, 270
254, 334
254, 398
254, 399
254, 335
254, 271
254, 272
254, 336
254, 400
254, 401
254, 337
254, 273
254, 274
254, 338
254, 402
254, 403
254, 339
254, 275
254, 276
254, 340
254, 404
254, 405
254, 341
254, 277
254, 278
254, 342
254, 406
254, 407
254, 343
254, 279
254, 280
254, 344
254, 408
254, 409
254, 345
254, 281
254, 282
254, 346
254, 410
254, 411
254, 347
254, 283
254, 284
254, 348
254, 412
254, 413
254, 349
254, 285
254, 286
254, 350
254, 414
254, 415
254, 351
254, 287
254, 288
254, 352
254, 416
254, 417
254, 353
254, 289
254, 290
254, 354
254, 418
254, 419
254, 355
254, 291
254, 292
254, 356
254, 420
254, 421
254, 357
254, 293
254, 294
254, 358
254, 422
254, 423
254, 359
254, 295
254, 296
254, 360
254, 424
254, 425
254, 361
254, 297
254, 298
254, 362
254, 426
254, 427
254, 363
254, 299
254, 300
254, 364
254, 428
254, 429
254, 365
254, 301
254, 302
254, 366
254, 430
254, 431
254, 367
254, 303
254, 304
254, 368
254, 432
254, 433
254, 369
254, 305
254, 306
254, 370
254, 434
254, 435
254, 371
254, 307
254, 308
254, 372
254, 436
254, 437
254, 373
254, 309
254, 310
254, 374
254, 438
254, 439
254, 375
254, 311
254, 312
254, 376
254, 440
254, 441
254, 377
254, 313
254, 314
254, 378
254, 442
254, 443
254, 379
254, 315
254, 316
254, 380
254, 444
254, 445
254, 381
254, 317
254, 318
254, 382
254, 446
254, 447
254, 383
254, 319
254, 255
383, 384
383, 448
383, 385
383, 449
383, 386
383, 450
383, 387
383, 388
383, 389
383, 390
383, 391
383, 392
383, 393
383, 394
383, 395
383, 396
383, 397
383, 398
383, 399
383, 400
383, 401
383, 402
383, 403
383, 404
383, 405
383, 406
383, 407
383, 408
383, 409
383, 410
383, 411
383, 412
383, 413
383, 414
383, 415
383, 416
383, 417
383, 418
383, 419
383, 420
383, 421
383, 422
383, 423
383, 424
383, 425
383, 426
383, 427
383, 428
383, 429
383, 430
383, 431
383, 432
383, 433
383, 434
383, 435
383, 436
383, 437
383, 438
383, 439
383, 440
383, 441
383, 442
383, 443
383, 444
383, 445
383, 446
383, 447
127, 256
127, 384
127, 128
127, 129
127, 385
127, 257
127, 386
127, 258
127, 130
127, 387
127, 259
127, 131
127, 132
127, 388
127, 260
127, 133
127, 261
127, 389
127, 134
127, 390
127, 262
127, 135
127, 263
127, 391
127, 136
127, 392
127, 264
127, 137
127, 265
127, 393
127, 138
127, 394
127, 266
127, 139
127, 267
127, 395
127, 140
127, 396
127, 268
127, 141
127, 269
127, 397
127, 142
127, 398
127, 270
127, 143
127, 271
127, 399
127, 144
127, 400
127, 272
127, 145
127, 273
127, 401
127, 146
127, 402
127, 274
127, 147
127, 275
127, 403
127, 148
127, 404
127, 276
127, 149
127, 277
127, 405
127, 150
127, 406
127, 278
127, 151
127, 279
127, 407
127, 152
127, 408
127, 280
127, 153
127, 281
127, 409
127, 154
127, 410
127, 282
127, 155
127, 283
127, 411
127, 156
127, 412
127, 284
127, 157
127, 285
127, 413
127, 158
127, 414
127, 286
127, 159
127, 287
127, 415
127, 160
127, 416
127, 288
127, 161
127, 289
127, 417
127, 162
127, 418
127, 290
127, 163
127, 291
127, 419
127, 164
127, 420
127, 292
127, 165
127, 293
127, 421
127, 166
127, 422
127, 294
127, 167
127, 295
127, 423
127, 168
127, 424
127, 296
127, 169
127, 297
127, 425
127, 170
127, 426
127, 298
127, 171
127, 299
127, 427
127, 172
127, 428
127, 300
127, 173
127, 301
127, 429
127, 174
127, 430
127, 302
127, 175
127, 303
127, 431
127, 176
127, 432
127, 304
127, 177
127, 305
127, 433
127, 178
127, 434
127, 306
127, 179
127, 307
127, 435
127, 180
127, 436
127, 308
127, 181
127, 309
127, 437
127, 182
127, 438
127, 310
127, 183
127, 311
127, 439
127, 184
127, 440
127, 312
127, 185
127, 313
127, 441
127, 186
127, 442
127, 314
127, 187
127, 315
127, 443
127, 188
127, 444
127, 316
127, 189
127, 317
127, 445
127, 190
127, 446
127, 318
127, 191
127, 319
127, 447
127, 192
127, 448
127, 320
127, 321
127, 449
127, 193
127, 194
127, 322
127, 450
127, 323
127, 195
127, 196
127, 324
127, 325
127, 197
127, 198
127, 326
127, 327
127, 199
127, 200
127, 328
127, 329
127, 201
127, 202
127, 330
127, 331
127, 203
127, 204
127, 332
127, 333
127, 205
127, 206
127, 334
127, 335
127, 207
127, 208
127, 336
127, 337
127, 209
127, 210
127, 338
127, 339
127, 211
127, 212
127, 340
127, 341
127, 213
127, 214
127, 342
127, 343
127, 215
127, 216
127, 344
127, 345
127, 217
127, 218
127, 346
127, 347
127, 219
127, 220
127, 348
127, 349
127, 221
127, 222
127, 350
127, 351
127, 223
127, 224
127, 352
127, 353
127, 225
127, 226
127, 354
127, 355
127, 227
127, 228
127, 356
127, 357
127, 229
127, 230
127, 358
127, 359
127, 231
127, 232
127, 360
127, 361
127, 233
127, 234
127, 362
127, 363
127, 235
127, 236
127, 364
127, 365
127, 237
127, 238
127, 366
127, 367
127, 239
127, 240
127, 368
127, 369
127, 241
127, 242
127, 370
127, 371
127, 243
127, 244
127, 372
127, 373
127, 245
127, 246
127, 374
127, 375
127, 247
127, 248
127, 376
127, 377
127, 249
127, 250
127, 378
127, 379
127, 251
127, 252
127, 380
127, 381
127, 253
127, 254
127, 382
127, 383
127, 255
255, 256
255, 320
255, 384
255, 448
255, 257
255, 321
255, 385
255, 449
255, 258
255, 386
255, 450
255, 322
255, 259
255, 323
255, 387
255, 324
255, 388
255, 260
255, 261
255, 325
255, 389
255, 390
255, 326
255, 262
255, 263
255, 327
255, 391
255, 392
255, 328
255, 264
255, 265
255, 329
255, 393
255, 394
255, 330
255, 266
255, 267
255, 331
255, 395
255, 396
255, 332
255, 268
255, 269
255, 333
255, 397
255, 398
255, 334
255, 270
255, 271
255, 335
255, 399
255, 400
255, 336
255, 272
255, 273
255, 337
255, 401
255, 402
255, 338
255, 274
255, 275
255, 339
255, 403
255, 404
255, 340
255, 276
255, 277
255, 341
255, 405
255, 406
255, 342
255, 278
255, 279
255, 343
255, 407
255, 408
255, 344
255, 280
255, 281
255, 345
255, 409
255, 410
255, 346
255, 282
255, 283
255, 347
255, 411
255, 412
255, 348
255, 284
255, 285
255, 349
255, 413
255, 414
255, 350
255, 286
255, 287
255, 351
255, 415
255, 416
255, 352
255, 288
255, 289
255, 353
255, 417
255, 418
255, 354
255, 290
255, 291
255, 355
255, 419
255, 420
255, 356
255, 292
255, 293
255, 357
255, 421
255, 422
255, 358
255, 294
255, 295
255, 359
255, 423
255, 424
255, 360
255, 296
255, 297
255, 361
255, 425
255, 426
255, 362
255, 298
255, 299
255, 363
255, 427
255, 428
255, 364
255, 300
255, 301
255, 365
255, 429
255, 430
255, 366
255, 302
255, 303
255, 367
255, 431
255, 432
255, 368
255, 304
255, 305
255, 369
255, 433
255, 434
255, 370
255, 306
255, 307
255, 371
255, 435
255, 436
255, 372
255, 308
255, 309
255, 373
255, 437
255, 438
255, 374
255, 310
255, 311
255, 375
255, 439
255, 440
255, 376
255, 312
255, 313
255, 377
255, 441
255, 442
255, 378
255, 314
255, 315
255, 379
255, 443
255, 444
255, 380
255, 316
255, 317
255, 381
255, 445
255, 446
255, 382
255, 318
255, 319
255, 383
255, 447
