CreateTableRealTime,CreateTableCPUTime,LoadDataRealTime,LoadDataCPUTime,CreateIndexRealTime,CreateIndexCPUTime,AnalyzeRealTime,AnalyzeCPUTime,ExecuteQueryRealTime,ExecuteQueryCPUTime,WriteResultRealTime,WriteResultCPUTime
0.00034675002098083496,0.0003470000000000417,0.0006712920148856938,0.0006900000000000239,0.000345667009241879,0.0004910000000000192,4.5707973185926676e-05,5.8000000000002494e-05,0.0030532919918186963,0.0046720000000000095,0.0004259170382283628,0.0004570000000000407
0.00037708302261307836,0.00037199999999998346,0.0006381249986588955,0.0006430000000000047,0.00032237498089671135,0.00035600000000002296,4.8667017836123705e-05,7.199999999996098e-05,0.0018436660175211728,0.002892999999999979,0.0005664159543812275,0.0008520000000000194
0.0003660829970613122,0.00034600000000001296,0.0006805419689044356,0.0006720000000000059,0.0003965409705415368,0.0004569999999999852,5.904200952500105e-05,7.099999999998774e-05,0.0018876249669119716,0.0028349999999999764,0.0006207909900695086,0.0010380000000000389
0.0003625000244937837,0.0003469999999999862,0.0006345000001601875,0.0006450000000000067,0.0003677919739857316,0.0004089999999999927,7.495802128687501e-05,9.500000000001174e-05,0.002008291019592434,0.003978999999999955,0.0006744170095771551,0.0009839999999999849
0.0003635829780250788,0.0003489999999999882,0.0006744579877704382,0.0006820000000000159,0.00037466699723154306,0.00041800000000002946,7.912504952400923e-05,0.00010500000000002174,0.0016337090055458248,0.002143000000000006,0.0005727920215576887,0.0008560000000000234
Average,0.0003631998086348176,0.0003522000000000025,0.0006597833940759301,0.0006664000000000114,0.00036140838637948035,0.0004262000000000099,6.150001427158713e-05,8.019999999999693e-05,0.00208531660027802,0.003304399999999985,0.0005720666027627886,0.0008374000000000214
