CreateTableRealTime,CreateTableCPUTime,LoadDataRealTime,LoadDataCPUTime,CreateIndexRealTime,CreateIndexCPUTime,AnalyzeRealTime,AnalyzeCPUTime,ExecuteQueryRealTime,ExecuteQueryCPUTime,WriteResultRealTime,WriteResultCPUTime
0.00031891599064692855,0.00032000000000004247,0.0005609170184470713,0.0005690000000000417,0.0002947500324808061,0.0003350000000000297,5.5750017054378986e-05,6.899999999998574e-05,0.0013917090254835784,0.0029220000000000357,0.0002965829917229712,0.00032399999999999096
0.000323207990732044,0.00031999999999998696,0.0005946250166743994,0.0006579999999999919,0.0003267499851062894,0.0003610000000000002,4.895799793303013e-05,6.700000000003925e-05,0.00133200001437217,0.002754000000000034,0.00044366600923240185,0.0006619999999999959
0.0003132079727947712,0.0003130000000000077,0.0005959590198472142,0.0007380000000000164,0.00031566701363772154,0.0003690000000000082,6.28340058028698e-05,7.499999999999174e-05,0.0014675830025225878,0.0028920000000000057,0.0004702909500338137,0.0006769999999999832
0.00036108295898884535,0.00033400000000000096,0.0006885000038892031,0.0006700000000000039,0.0003406250034458935,0.0003469999999999862,5.1875016652047634e-05,6.699999999998374e-05,0.0013544999528676271,0.001802999999999999,0.0004903750377707183,0.0007199999999999984
0.00035145803121849895,0.0003230000000000177,0.0006145410006865859,0.0005930000000000102,0.00035162497078999877,0.00036399999999997545,5.250005051493645e-05,7.20000000000165e-05,0.0016007919912226498,0.0023720000000000407,0.0004692919901572168,0.0007649999999999602
Average,0.0003335745888762176,0.0003220000000000112,0.0006109084119088948,0.0006456000000000129,0.0003258834010921419,0.00035519999999999996,5.43834175914526e-05,7.00000000000034e-05,0.0014293167972937227,0.0025486000000000232,0.0004340413957834244,0.0006295999999999857
