CreateTableRealTime,CreateTableCPUTime,LoadDataRealTime,LoadDataCPUTime,CreateIndexRealTime,CreateIndexCPUTime,AnalyzeRealTime,AnalyzeCPUTime,ExecuteQueryRealTime,ExecuteQueryCPUTime,WriteResultRealTime,WriteResultCPUTime
0.005707010000151058,0.0015541000000000027,0.006819884999913484,0.003161999999999998,0.009853633000147966,0.0012777999999999956,0.00042129200028284686,0.0005409999999999582,0.010711112000080902,0.012074799999999997,0.001258875000075932,0.001731399999999994
0.005860321000000113,0.001693,0.004599904999849969,0.0017336000000000018,0.005411069000274438,0.0010162000000000226,0.0004991279997739184,0.0006589000000000178,0.01044228299997485,0.010892200000000019,0.0010925579999820911,0.0012706000000000106
Average,0.0057836655000755854,0.0016235500000000014,0.005709894999881726,0.0024478,0.007632351000211202,0.0011470000000000091,0.00046021000002838264,0.000599949999999988,0.010576697500027876,0.011483500000000008,0.0011757165000290115,0.0015010000000000023
