CreateTableRealTime,CreateTableCPUTime,LoadDataRealTime,LoadDataCPUTime,CreateIndexRealTime,CreateIndexCPUTime,AnalyzeRealTime,AnalyzeCPUTime,ExecuteQueryRealTime,ExecuteQueryCPUTime,WriteResultRealTime,WriteResultCPUTime
0.005700594000245474,0.0017893999999999965,0.006882409999889205,0.0031220000000000137,0.0064387620000161405,0.0023092000000000112,0.0004994509999960428,0.0006716999999999973,0.011915427000076306,0.0136791,0.0010785849999592756,0.0011676999999999937
0.005721278999772039,0.001611399999999985,0.005369013000290579,0.003169299999999986,0.005783377000170731,0.001381000000000021,0.00043389299980844953,0.0005496999999999863,0.011378769999737415,0.013036800000000015,0.0013453050000862277,0.0014329000000000147
Average,0.005710936500008756,0.0017003999999999908,0.006125711500089892,0.00314565,0.006111069500093436,0.0018451000000000162,0.00046667199990224617,0.0006106999999999918,0.01164709849990686,0.013357950000000007,0.0012119450000227516,0.0013003000000000042
