CreateTableRealTime,CreateTableCPUTime,LoadDataRealTime,LoadDataCPUTime,CreateIndexRealTime,CreateIndexCPUTime,AnalyzeRealTime,AnalyzeCPUTime,ExecuteQueryRealTime,ExecuteQueryCPUTime,WriteResultRealTime,WriteResultCPUTime
0.0003422920126467943,0.00031399999999998096,0.0005605419864878058,0.0006160000000000054,0.0003315830253995955,0.00043199999999998795,6.137503078207374e-05,7.499999999999174e-05,0.001123499998357147,0.001807000000000003,0.00031191599555313587,0.0003969999999999807
0.0005199579754844308,0.00034399999999995545,0.0005178339779376984,0.0005319999999999769,0.00030616699950769544,0.0003509999999999902,5.774997407570481e-05,7.20000000000165e-05,0.0013566669658757746,0.0026370000000000005,0.0004650420160032809,0.0007579999999999809
0.00036991602974012494,0.0003250000000000197,0.0005869589513167739,0.0005669999999999842,0.0003487920039333403,0.0004890000000000172,5.904101999476552e-05,7.20000000000165e-05,0.0013146669953130186,0.0025580000000000047,0.0004338750150054693,0.0006470000000000087
0.00036112498492002487,0.0003650000000000042,0.0006034999969415367,0.0006160000000000054,0.00031754199881106615,0.0003670000000000062,4.999997327104211e-05,6.699999999998374e-05,0.0015660829958505929,0.0016300000000000203,0.0005569170461967587,0.0005179999999999629
0.0003618749906308949,0.0003330000000000277,0.0005974589730612934,0.0006559999999999899,0.00037470803363248706,0.0004190000000000027,6.966700311750174e-05,8.80000000000325e-05,0.0012050409568473697,0.001786999999999983,0.00043812498915940523,0.0006439999999999779
Average,0.000391033198684454,0.0003361999999999976,0.0005732587771490217,0.0005973999999999924,0.00033575841225683687,0.00041160000000000084,5.9566600248217584e-05,7.480000000000819e-05,0.0013131915824487806,0.0020838000000000024,0.00044117501238361,0.0005927999999999822
