CreateTableRealTime,CreateTableCPUTime,LoadDataRealTime,LoadDataCPUTime,CreateIndexRealTime,CreateIndexCPUTime,AnalyzeRealTime,AnalyzeCPUTime,ExecuteQueryRealTime,ExecuteQueryCPUTime,WriteResultRealTime,WriteResultCPUTime
0.009999997913837433,0.0,0.0,0.009999999999999953,0.01000000536441803,0.0,0.0,0.0,0.009999997913837433,0.009999999999999998,0.0,0.0
0.009999997913837433,0.0,0.0,0.0,0.01000000536441803,0.0,0.0,0.0,0.009999997913837433,0.019999999999999962,0.0,0.0
0.009999997913837433,0.0,0.0,0.0,0.009999997913837433,0.0,0.0,0.0,0.01000000536441803,0.010000000000000009,0.0,0.0
Average,0.009999997913837433,0.0,0.0,0.003333333333333318,0.010000002880891165,0.0,0.0,0.0,0.010000000397364298,0.013333333333333322,0.0,0.0
