CreateTableRealTime,CreateTableCPUTime,LoadDataRealTime,LoadDataCPUTime,CreateIndexRealTime,CreateIndexCPUTime,AnalyzeRealTime,AnalyzeCPUTime,ExecuteQueryRealTime,ExecuteQueryCPUTime,WriteResultRealTime,WriteResultCPUTime
0.0003541249898262322,0.00031999999999998696,0.0006777079543098807,0.0006599999999999939,0.00039000000106170774,0.0004250000000000087,6.212497828528285e-05,8.00000000000245e-05,0.0011780000058934093,0.001827000000000023,0.00040020898450165987,0.0005440000000000444
0.0003564170328900218,0.0003210000000000157,0.0006572090205736458,0.0006329999999999947,0.0003364160074852407,0.00038399999999999546,5.6124990805983543e-05,7.099999999998774e-05,0.0014636249979957938,0.0024020000000000152,0.0005619589937850833,0.0009120000000000239
0.0003909579827450216,0.0003669999999999507,0.0007233330397866666,0.0007400000000000184,0.0003454579855315387,0.00038199999999999346,6.674998439848423e-05,9.799999999998699e-05,0.0009992910199798644,0.0013969999999999816,0.0004962080274708569,0.0007540000000000324
0.00036616699071601033,0.0003240000000000465,0.0007114170002751052,0.0006959999999999744,0.00035212503280490637,0.00041400000000002546,5.745800444856286e-05,7.100000000004325e-05,0.0010904999799095094,0.0016100000000000003,0.0005806249682791531,0.0009669999999999956
0.0003511669929139316,0.00032199999999998896,0.0006643329979851842,0.0006460000000000354,0.0003932919935323298,0.00039400000000000546,6.754201604053378e-05,9.399999999998299e-05,0.0010972079471684992,0.0013639999999999763,0.000494500040076673,0.0007590000000000097
Average,0.0003637667978182435,0.00033079999999999774,0.0006868000025860965,0.0006750000000000034,0.0003634582040831447,0.0003998000000000057,6.199999479576946e-05,8.280000000000509e-05,0.0011657247901894151,0.0017199999999999993,0.0005067002028226852,0.0007872000000000212
