CreateTableRealTime,CreateTableCPUTime,LoadDataRealTime,LoadDataCPUTime,CreateIndexRealTime,CreateIndexCPUTime,AnalyzeRealTime,AnalyzeCPUTime,ExecuteQueryRealTime,ExecuteQueryCPUTime,WriteResultRealTime,WriteResultCPUTime
0.009999997913837433,0.010000000000000002,0.009999997913837433,0.0,0.0,0.0,0.0,0.0,0.020000003278255463,0.020000000000000004,0.0,0.0
0.009999997913837433,0.02000000000000001,0.0,0.0,0.009999997913837433,0.0,0.0,0.0,0.01000000536441803,0.02000000000000002,0.0,0.0
0.01000000536441803,0.0,0.009999997913837433,0.0,0.0,0.0,0.0,0.0,0.009999997913837433,0.02000000000000001,0.0,0.0
Average,0.010000000397364298,0.010000000000000004,0.006666665275891622,0.0,0.003333332637945811,0.0,0.0,0.0,0.013333335518836975,0.02000000000000001,0.0,0.0
