CreateTableRealTime,CreateTableCPUTime,LoadDataRealTime,LoadDataCPUTime,CreateIndexRealTime,CreateIndexCPUTime,AnalyzeRealTime,AnalyzeCPUTime,ExecuteQueryRealTime,ExecuteQueryCPUTime,WriteResultRealTime,WriteResultCPUTime
0.0003662080271169543,0.00034800000000001496,0.0007475829916074872,0.0007500000000000284,0.000364875013474375,0.0003630000000000022,5.916605005040765e-05,8.099999999999774e-05,0.0016536660259589553,0.002065000000000039,0.0004070830182172358,0.00044199999999999795
0.00033429195173084736,0.0003409999999999802,0.000628792040515691,0.0006950000000000012,0.0003223329549655318,0.00035799999999996945,6.391701754182577e-05,8.20000000000265e-05,0.0017852910095825791,0.003697000000000006,0.00047704100143164396,0.0005069999999999797
0.00033120898297056556,0.00032200000000004447,0.0007230000337585807,0.0007270000000000332,0.0003712499747052789,0.0003870000000000262,5.083397263661027e-05,7.100000000004325e-05,0.0016093750018626451,0.0020749999999999935,0.0004611670156009495,0.0004949999999999677
0.00031887495424598455,0.0003110000000000057,0.0006425830069929361,0.0006309999999999927,0.0003636250039562583,0.0003869999999999707,5.1125010941177607e-05,6.599999999995498e-05,0.0020568749750964344,0.004115000000000035,0.0005572919617407024,0.0008009999999999962
0.0003662079689092934,0.00036399999999997545,0.0006863750168122351,0.0006889999999999952,0.0003665420226752758,0.00035400000000002096,5.7582976296544075e-05,7.40000000000185e-05,0.001657749991863966,0.0020879999999999788,0.0005944999866187572,0.0008799999999999919
Average,0.00034335837699472904,0.0003372000000000042,0.0006856666179373861,0.0006984000000000101,0.00035772499395534394,0.00036979999999999793,5.652500549331307e-05,7.480000000000819e-05,0.001752591400872916,0.0028080000000000106,0.0004994165967218578,0.0006249999999999867
