CreateTableRealTime,CreateTableCPUTime,LoadDataRealTime,LoadDataCPUTime,CreateIndexRealTime,CreateIndexCPUTime,AnalyzeRealTime,AnalyzeCPUTime,ExecuteQueryRealTime,ExecuteQueryCPUTime,WriteResultRealTime,WriteResultCPUTime
0.00035329197999089956,0.0003320000000000545,0.0007991669699549675,0.0008039999999999714,0.00047283299500122666,0.0006840000000000179,6.787502206861973e-05,9.700000000001374e-05,0.0020864579710178077,0.0030280000000000307,0.0005214579869061708,0.0008679999999999799
0.00036445801379159093,0.00034000000000000696,0.0007856250158511102,0.0008020000000000249,0.0003732499899342656,0.00042600000000003746,5.820801015943289e-05,7.40000000000185e-05,0.0021501659648492932,0.003363000000000005,0.0006860829889774323,0.0011639999999999984
0.00034954200964421034,0.00033600000000000296,0.0008468749583698809,0.0008639999999999759,0.0003861660370603204,0.00041199999999996795,5.141599103808403e-05,6.80000000000125e-05,0.002124875027220696,0.002823999999999993,0.0006980000180192292,0.0011840000000000184
0.0003471249947324395,0.0003449999999999842,0.0009747919975779951,0.0010930000000000106,0.0003974579740315676,0.0004329999999999612,5.212501855567098e-05,6.60000000000105e-05,0.0027140420279465616,0.005384,0.0006952909752726555,0.0011979999999999769
0.0003657920169644058,0.00034600000000001296,0.0008515830268152058,0.0009349999999999636,0.0004040829953737557,0.0005400000000000404,6.42499653622508e-05,8.599999999997499e-05,0.002193540974985808,0.004850999999999994,0.0006157499738037586,0.0009469999999999756
Average,0.0003560418030247092,0.0003398000000000123,0.0008516083937138319,0.0008995999999999893,0.0004067579982802272,0.000499000000000005,5.877480143681169e-05,7.820000000000605e-05,0.002253816393204033,0.0038900000000000046,0.0006433163885958493,0.0010721999999999897
