CreateTableRealTime,CreateTableCPUTime,LoadDataRealTime,LoadDataCPUTime,CreateIndexRealTime,CreateIndexCPUTime,AnalyzeRealTime,AnalyzeCPUTime,ExecuteQueryRealTime,ExecuteQueryCPUTime,WriteResultRealTime,WriteResultCPUTime
0.005507905000285973,0.0007773999999999837,0.007221426999876712,0.0036310999999999982,0.00604518599993753,0.002285499999999996,0.0004556280000542756,0.0006251999999999924,0.012942934999955469,0.016627000000000003,0.0012790330001735128,0.001383399999999979
0.0074890509999931965,0.001917100000000005,0.005194274999666959,0.00241269999999999,0.005261311000140267,0.0011397999999999686,0.0003191380001226207,0.0003924999999999623,0.012090452999927948,0.015164799999999978,0.0011939450000681973,0.0012826000000000226
Average,0.006498478000139585,0.0013472499999999943,0.006207850999771836,0.003021899999999994,0.005653248500038899,0.0017126499999999822,0.00038738300008844817,0.0005088499999999774,0.012516693999941708,0.01589589999999999,0.001236489000120855,0.0013330000000000009
