DeleteDataRealTime,DeleteDataCPUTime,LoadDataRealTime,LoadDataCPUTime,CreateIndexXRealTime,CreateIndexXCPUTime,CreateIndexYRealTime,CreateIndexYCPUTime,QueryRealTime,QueryCPUTime,WriteResultRealTime,WriteResultCPUTime
0.13451508298749104,0.0020449999999999635,1.054328792000888,0.002680999999999989,0.34529374999692664,0.0007559999999999789,0,0,0.00046745798317715526,0.00023100000000003673,5.137586750002811,2.585328
0.1539467090042308,0.0022380000000000178,1.316149874997791,0.0005999999999999894,0.32741558298585005,0.0014620000000000188,0,0,0.0010116249904967844,0.0006929999999999992,5.2420229999988806,2.6063110000000003
0.15653025000938214,0.001996999999999971,1.4163426250161137,0.0020179999999999643,0.2965238750039134,0.0026550000000000185,0,0,0.0010844580247066915,0.0006749999999999812,5.278264084015973,2.619706
0.1705825839890167,0.0021599999999999953,1.3118687919923104,0.00194500000000003,0.32469712500460446,0.00150100000000003,0,0,0.0010349999938625842,0.0005789999999999962,5.149722166999709,2.60648
0.15570395800750703,0.0022669999999999635,1.3134020839934237,0.0008529999999999927,0.30376004200661555,0.0006780000000000119,0,0,0.0006994579744059592,0.0002469999999999972,5.166764333989704,2.6024629999999997
Average,0.15425571679952554,0.002141399999999982,1.2824184336001054,0.001619399999999993,0.31953807499958203,0.0014104000000000117,0.0,0.0,0.0008595997933298349,0.0004850000000000021,5.194872067001415,2.6040576
