DeleteDataRealTime,DeleteDataCPUTime,LoadDataRealTime,LoadDataCPUTime,CreateIndexXRealTime,CreateIndexXCPUTime,CreateIndexYRealTime,CreateIndexYCPUTime,QueryRealTime,QueryCPUTime,WriteResultRealTime,WriteResultCPUTime
0.08999999612569809,0.0,1.0399999991059303,0.0,0.49000000208616257,0.020000000000000004,0.0,0.0,0.0,0.0,34.45000000298023,2.7100000000000004
0.17000000178813934,0.0,1.2700000032782555,0.0,0.42000000178813934,0.010000000000000009,0.009999997913837433,0.0,0.009999997913837433,0.0,32.71000000089407,2.79
0.13000000268220901,0.0,1.2999999970197678,0.0,0.4100000038743019,0.0,0.009999997913837433,0.010000000000000009,0.009999997913837433,0.0,34.399999998509884,2.64
Average,0.13000000019868216,0.0,1.2033333331346512,0.0,0.4400000025828679,0.010000000000000004,0.006666665275891622,0.003333333333333336,0.006666665275891622,0.0,33.85333333412806,2.7133333333333334
