DeleteDataRealTime,DeleteDataCPUTime,LoadDataRealTime,LoadDataCPUTime,CreateIndexXRealTime,CreateIndexXCPUTime,CreateIndexYRealTime,CreateIndexYCPUTime,QueryRealTime,QueryCPUTime,WriteResultRealTime,WriteResultCPUTime
0.4253131659934297,0.0021840000000000748,4.3199203749827575,0.001658999999999966,1.2466611669806298,0.002559000000000089,0,0,0.0015664590173400939,0.0008990000000000942,35.969732582976576,11.207766
0.539191749994643,0.0020219999999999683,5.145114083017688,0.0019039999999999613,1.1724495000089519,0.0030970000000000164,0,0,0.0009298330114688724,0.0005539999999999434,36.1125155420159,11.658797
0.5529589579964522,0.0023609999999999465,5.301933208014816,0.0005709999999999882,1.2260379159997683,0.0017059999999999853,0,0,0.0013860419858247042,0.0008420000000000094,35.98763191601029,11.183715999999999
0.5675449169939384,0.0024560000000000137,4.918543834006414,0.0015040000000000053,1.1690929160104133,0.0022639999999999882,0,0,0.0019570829754229635,0.0015679999999999583,36.14502054199693,11.684462
0.5354143749864306,0.0031240000000000157,5.072463583986973,0.0017420000000000213,1.181877833994804,0.0023499999999999632,0,0,0.0016395839920733124,0.0011010000000000186,35.924121666990686,11.447026000000001
Average,0.5240846331929788,0.002429400000000004,4.95159501680173,0.0014759999999999884,1.1992238665989134,0.0023952000000000083,0.0,0.0,0.0014958001964259892,0.0009928000000000048,36.02780444999807,11.4363534
