DeleteDataRealTime,DeleteDataCPUTime,LoadDataRealTime,LoadDataCPUTime,CreateIndexXRealTime,CreateIndexXCPUTime,CreateIndexYRealTime,CreateIndexYCPUTime,QueryRealTime,QueryCPUTime,WriteResultRealTime,WriteResultCPUTime
0.030000001192092896,0.020000000000000004,0.24000000208616257,0.0,0.11999999731779099,0.0,0.009999997913837433,0.0,0.0,0.0,4.450000002980232,0.6799999999999999
0.06000000238418579,0.0,0.4099999964237213,0.0,0.14999999850988388,0.0,0.01000000536441803,0.0,0.009999997913837433,0.0,4.469999998807907,0.67
0.05000000447034836,0.009999999999999997,0.25999999791383743,0.0,0.10000000149011612,0.01000000000000001,0.009999997913837433,0.0,0.009999997913837433,0.0,4.100000001490116,0.6000000000000001
Average,0.04666666934887568,0.01,0.3033333321412404,0.0,0.12333333243926366,0.003333333333333337,0.010000000397364298,0.0,0.006666665275891622,0.0,4.3400000010927515,0.65
