DeleteDataRealTime,DeleteDataCPUTime,LoadDataRealTime,LoadDataCPUTime,CreateIndexXRealTime,CreateIndexXCPUTime,CreateIndexYRealTime,CreateIndexYCPUTime,QueryRealTime,QueryCPUTime,WriteResultRealTime,WriteResultCPUTime
0.17999999970197678,0.0,1.7700000032782555,0.01000000000000001,0.5899999961256981,0.0,0.01000000536441803,0.0,0.1899999976158142,0.0,52.70000000298023,3.37
0.1899999976158142,0.010000000000000009,1.5900000035762787,0.0,0.47999999672174454,0.0,0.009999997913837433,0.0,0.0,0.0,49.85999999940395,3.3000000000000003
0.1599999964237213,0.010000000000000002,1.5,0.0,0.45000000298023224,0.0,0.0,0.0,0.009999997913837433,0.0,46.92999999970198,3.27
Average,0.1766666645805041,0.0066666666666666706,1.6200000022848446,0.003333333333333337,0.5066666652758917,0.0,0.0066666677594184875,0.0,0.06666666517655055,0.0,49.830000000695385,3.313333333333333
