DeleteDataRealTime,DeleteDataCPUTime,LoadDataRealTime,LoadDataCPUTime,CreateIndexXRealTime,CreateIndexXCPUTime,CreateIndexYRealTime,CreateIndexYCPUTime,QueryRealTime,QueryCPUTime,WriteResultRealTime,WriteResultCPUTime
0.18000000715255737,0.019999999999999907,8.769999995827675,0.010000000000000009,29.61999999731779,0.73,16.08000000566244,0.8300000000000001,2463.280000001192,11.73,282.929999999702,8.180000000000001
1.3899999931454659,0.010000000000000009,7.670000001788139,0.010000000000000009,1.1200000047683716,0.010000000000000009,0.03999999910593033,0.0,0.030000001192092896,0.010000000000000009,21.519999995827675,2.24
0.5099999979138374,0.010000000000000009,1.2100000008940697,0.0,0.3500000014901161,0.010000000000000009,0.019999995827674866,0.0,0.01000000536441803,0.0,17.15999999642372,1.8499999999999999
Average,0.6933333327372869,0.013333333333333308,5.883333332836628,0.006666666666666672,10.363333334525427,0.25,5.380000000198682,0.27666666666666667,821.1066666692495,3.9133333333333336,107.20333333065112,4.090000000000001
