DeleteDataRealTime,DeleteDataCPUTime,LoadDataRealTime,LoadDataCPUTime,CreateIndexXRealTime,CreateIndexXCPUTime,CreateIndexYRealTime,CreateIndexYCPUTime,QueryRealTime,QueryCPUTime,WriteResultRealTime,WriteResultCPUTime
0.030000001192092896,0.0,0.25,0.0,0.1600000038743019,0.010000000000000009,0.009999997913837433,0.0,0.0,0.0,6.4799999967217445,0.9099999999999999
0.04999999701976776,0.009999999999999997,0.28999999910593033,0.0,0.11999999731779099,0.0,0.01000000536441803,0.0,0.0,0.0,4.6400000005960464,0.7000000000000002
0.03999999910593033,0.0,0.30000000447034836,0.0,0.12999999523162842,0.0,0.01000000536441803,0.020000000000000004,0.0,0.0,4.649999998509884,0.7300000000000001
Average,0.03999999910593033,0.0033333333333333322,0.2800000011920929,0.0,0.13666666547457376,0.003333333333333336,0.010000002880891165,0.006666666666666668,0.0,0.0,5.256666665275891,0.7800000000000001
