DeleteDataRealTime,DeleteDataCPUTime,LoadDataRealTime,LoadDataCPUTime,CreateIndexXRealTime,CreateIndexXCPUTime,CreateIndexYRealTime,CreateIndexYCPUTime,QueryRealTime,QueryCPUTime,WriteResultRealTime,WriteResultCPUTime
0.1345303130000275,0.006844700000000037,1.5934973849999778,0.0008626000000000467,0.693760363000024,0.0010088999999999793,0.005428332000064984,0.0012585000000000512,0.004153753999958099,0.0008967000000001946,44.14782463800009,2.8192523999999994
0.18620222799995645,0.008383499999999877,1.6395036000000118,0.0011592999999998632,0.5920446470000797,0.0010613000000003758,0.006148661999986871,0.0012767000000000195,0.0765353369999957,0.0013350999999999225,49.423810171000014,3.0540099
Average,0.16036627049999197,0.007614099999999957,1.6165004924999948,0.001010949999999955,0.6429025050000519,0.0010351000000001775,0.005788497000025927,0.0012676000000000354,0.0403445454999769,0.0011159000000000585,46.78581740450005,2.9366311499999997
