DeleteDataRealTime,DeleteDataCPUTime,LoadDataRealTime,LoadDataCPUTime,CreateIndexXRealTime,CreateIndexXCPUTime,CreateIndexYRealTime,CreateIndexYCPUTime,QueryRealTime,QueryCPUTime,WriteResultRealTime,WriteResultCPUTime
0.030000001192092896,0.01000000000000001,0.21000000089406967,0.0,0.10999999940395355,0.0,0.009999997913837433,0.0,0.10000000149011612,0.0,1.7299999967217445,0.34999999999999987
0.03999999910593033,0.020000000000000004,0.369999997317791,0.0,0.10000000149011612,0.010000000000000009,0.0,0.0,0.009999997913837433,0.0,2.100000001490116,0.42000000000000004
0.03999999910593033,0.010000000000000009,0.19999999552965164,0.010000000000000009,0.08000000566244125,0.0,0.0,0.0,0.009999997913837433,0.0,1.9900000020861626,0.42000000000000004
Average,0.03666666646798452,0.013333333333333341,0.25999999791383743,0.003333333333333336,0.0966666688521703,0.003333333333333336,0.003333332637945811,0.0,0.03999999910593033,0.0,1.9400000000993411,0.39666666666666667
