DeleteDataRealTime,DeleteDataCPUTime,LoadDataRealTime,LoadDataCPUTime,CreateIndexXRealTime,CreateIndexXCPUTime,CreateIndexYRealTime,CreateIndexYCPUTime,QueryRealTime,QueryCPUTime,WriteResultRealTime,WriteResultCPUTime
0.06753434400002334,0.005342900000000039,0.49001119299998663,0.0008824999999998973,0.11909842599999365,0.0009708999999999968,0.004647529999999733,0.0009025999999998646,0.06047956399999066,0.0008831000000000255,8.666731257000038,0.7941755000000001
0.047374036999997315,0.004963300000000004,0.43845897400001377,0.001043499999999975,0.14811696800001073,0.0010668999999998707,0.005544251999992866,0.0009711999999999499,0.005379090999952041,0.0010012999999999828,9.338525301000061,0.9349411000000001
Average,0.05745419050001033,0.0051531000000000216,0.4642350835000002,0.0009629999999999361,0.1336076970000022,0.0010188999999999337,0.0050958909999963,0.0009368999999999073,0.03292932749997135,0.0009422000000000041,9.00262827900005,0.8645583000000001
