DeleteDataRealTime,DeleteDataCPUTime,LoadDataRealTime,LoadDataCPUTime,CreateIndexXRealTime,CreateIndexXCPUTime,CreateIndexYRealTime,CreateIndexYCPUTime,QueryRealTime,QueryCPUTime,WriteResultRealTime,WriteResultCPUTime
0.10999999940395355,0.01000000000000001,1.030000001192093,0.0,0.4299999997019768,0.0,0.009999997913837433,0.0,0.01000000536441803,0.01000000000000001,24.009999997913837,2.1599999999999997
0.14000000059604645,0.010000000000000009,1.0499999970197678,0.0,0.3500000014901161,0.0,0.009999997913837433,0.0,0.01000000536441803,0.0,23.009999997913837,2.0400000000000005
0.10999999940395355,0.0,1.030000001192093,0.0,0.39000000059604645,0.0,0.009999997913837433,0.01000000000000001,0.0,0.0,22.510000005364418,2.0999999999999996
Average,0.11999999980131786,0.006666666666666672,1.0366666664679844,0.0,0.39000000059604645,0.0,0.009999997913837433,0.003333333333333337,0.0066666702429453535,0.003333333333333337,23.17666666706403,2.1
