DeleteDataRealTime,DeleteDataCPUTime,LoadDataRealTime,LoadDataCPUTime,CreateIndexXRealTime,CreateIndexXCPUTime,CreateIndexYRealTime,CreateIndexYCPUTime,QueryRealTime,QueryCPUTime,WriteResultRealTime,WriteResultCPUTime
0.04948378600056458,0.007755499999999971,0.547495558999799,0.0012085000000000012,0.260103319999871,0.001329400000000036,0.008931411000048683,0.0014976999999999907,0.18249010999988968,0.0017548000000000008,20.43322444400019,2.1597894
0.19253012900026079,0.012665900000000008,1.4742145320005875,0.0019879000000000424,0.4510875859996304,0.0018926999999999694,0.014982551000684907,0.0028545999999999294,0.009453816000132065,0.0026038999999999923,19.66752223899948,2.1368847
Average,0.12100695750041268,0.01021069999999999,1.0108550455001932,0.0015982000000000218,0.3555954529997507,0.0016110500000000028,0.011956981000366795,0.00217614999999996,0.09597196300001087,0.0021793499999999966,20.050373341499835,2.1483370500000003
