DeleteDataRealTime,DeleteDataCPUTime,LoadDataRealTime,LoadDataCPUTime,CreateIndexXRealTime,CreateIndexXCPUTime,CreateIndexYRealTime,CreateIndexYCPUTime,QueryRealTime,QueryCPUTime,WriteResultRealTime,WriteResultCPUTime
0.3237447499996051,0.0021039999999999948,3.1315101670043077,0.0011110000000000286,0.8667994579882361,0.0020519999999999983,0,0,0.027363708009943366,0.0009370000000000211,23.99626224997337,8.345148
0.4367508750001434,0.0023460000000000147,3.8584218329924624,0.0012880000000000114,0.949475999979768,0.0007869999999999822,0,0,0.0008767499821260571,0.00034000000000000696,24.134678000002168,7.953195999999999
0.5018970840028487,0.0021680000000000588,3.993014999985462,0.001194999999999946,0.9505485839908943,0.0033120000000000926,0,0,0.0011446659918874502,0.0007059999999999844,24.180666624975856,8.23205
0.4229357079893816,0.0023500000000000187,4.017910417023813,0.0021219999999999573,0.9169019999972079,0.0034420000000000006,0,0,0.001039499999023974,0.0006140000000000034,24.023877500003437,8.333489
0.4383881669782568,0.001902999999999988,3.926118959003361,0.001805000000000001,0.943245125003159,0.0008589999999999987,0,0,0.0007527499983552843,0.00031799999999998496,24.13933254100266,8.278928
Average,0.42474331679404714,0.002174200000000015,3.785395275201881,0.001504199999999989,0.925394233391853,0.0020904000000000144,0.0,0.0,0.006235474796267226,0.0005830000000000002,24.094963383191498,8.2285622
