LoadRulesRealTime,LoadRulesCPUTime,LoadFactsRealTime,LoadFactsCPUTime,GroundRealTime,GroundCPUTime,QueryRealTime,QueryCPUTime,WriteRealTime,WriteCPUTime
0.0,0.0,0.009999990463256836,0.010000000000000009,1.6099998950958252,1.61,0.1700000762939453,0.15999999999999992,2.819999933242798,2.83
0.0,0.0,0.019999980926513672,0.010000000000000009,1.6100001335144043,1.61,0.15999984741210938,0.1699999999999999,2.820000171661377,2.81
0.0,0.0,0.019999980926513672,0.010000000000000009,1.6100001335144043,1.61,0.1700000762939453,0.16999999999999993,2.7799997329711914,2.7800000000000002
0.0,0.0,0.010000228881835938,0.010000000000000009,1.6099998950958252,1.61,0.1700000762939453,0.16999999999999993,2.809999942779541,2.81
0.0,0.0,0.009999990463256836,0.010000000000000009,1.6399998664855957,1.6400000000000001,0.1700000762939453,0.1699999999999999,2.799999952316284,2.79
Average,0.0,0.0,0.014000034332275391,0.010000000000000009,1.615999984741211,1.616,0.16800003051757811,0.16799999999999993,2.8059999465942385,2.8040000000000007
