LoadRulesRealTime,LoadRulesCPUTime,LoadFactsRealTime,LoadFactsCPUTime,GroundRealTime,GroundCPUTime,QueryRealTime,QueryCPUTime,WriteRealTime,WriteCPUTime
0.0,0.0,0.019999980926513672,0.020000000000000018,335.59999990463257,334.96999999999997,0.35000014305114746,0.3499999999999841,5.659999847412109,5.650000000000032
0.0,0.0,0.019999980926513672,0.030000000000000006,335.4099998474121,334.84,0.35000014305114746,0.3599999999999841,5.739999771118164,5.710000000000007
0.0,0.0,0.029999971389770508,0.020000000000000018,334.19000005722046,333.60999999999996,0.35000014305114746,0.3499999999999841,5.589999675750732,5.58000000000003
0.0,0.0,0.019999980926513672,0.020000000000000018,332.24000000953674,331.66999999999996,0.34999990463256836,0.3499999999999841,5.960000038146973,5.940000000000044
0.0,0.0,0.019999980926513672,0.020000000000000018,331.74000000953674,331.16999999999996,0.35000014305114746,0.3499999999999841,5.879999876022339,5.86000000000006
Average,0.0,0.0,0.02199997901916504,0.022000000000000013,333.8359999656677,333.25199999999995,0.35000009536743165,0.3519999999999841,5.765999841690063,5.748000000000035
