LoadRulesRealTime,LoadRulesCPUTime,LoadFactsRealTime,LoadFactsCPUTime,GroundRealTime,GroundCPUTime,QueryRealTime,QueryCPUTime,WriteRealTime,WriteCPUTime
0.0,0.0,0.019999980926513672,0.020000000000000018,2.8399999141693115,2.8200000000000003,0.25999999046325684,0.28000000000000025,4.860000133514404,4.799999999999999
0.0,0.0,0.019999980926513672,0.020000000000000018,2.8000001907348633,2.7899999999999996,0.26999998092651367,0.27000000000000024,4.569999933242798,4.559999999999999
0.0,0.0,0.019999980926513672,0.020000000000000018,2.8299999237060547,2.82,0.25999999046325684,0.2599999999999998,4.670000076293945,4.670000000000001
0.0,0.0,0.020000219345092773,0.020000000000000018,2.819999933242798,2.81,0.26999998092651367,0.26,4.6600000858306885,4.669999999999999
0.0,0.0,0.019999980926513672,0.020000000000000018,2.7899999618530273,2.79,0.2800002098083496,0.28000000000000025,4.499999761581421,4.489999999999999
Average,0.0,0.0,0.02000002861022949,0.020000000000000018,2.815999984741211,2.806,0.26800003051757815,0.27000000000000013,4.651999998092651,4.637999999999999
