LoadRulesRealTime,LoadRulesCPUTime,LoadFactsRealTime,LoadFactsCPUTime,GroundRealTime,GroundCPUTime,QueryRealTime,QueryCPUTime,WriteRealTime,WriteCPUTime
0.0,0.0,0.0,0.0,0.25999999046325684,0.26,0.03000020980834961,0.030000000000000034,0.5099997520446777,0.51
0.0,0.0,0.009999990463256836,0.0,0.25999999046325684,0.27,0.019999980926513672,0.020000000000000018,0.5300002098083496,0.52
0.0,0.0,0.009999990463256836,0.0,0.25999999046325684,0.27,0.019999980926513672,0.020000000000000018,0.5500001907348633,0.54
0.0,0.0,0.009999990463256836,0.0,0.25,0.27,0.029999971389770508,0.020000000000000018,0.5099999904632568,0.52
0.0,0.0,0.009999990463256836,0.0,0.25999999046325684,0.27,0.029999971389770508,0.030000000000000034,0.5399999618530273,0.54
Average,0.0,0.0,0.007999992370605469,0.0,0.25799999237060545,0.268,0.026000022888183594,0.02400000000000002,0.528000020980835,0.526
