LoadRulesRealTime,LoadRulesCPUTime,LoadFactsRealTime,LoadFactsCPUTime,GroundRealTime,GroundCPUTime,QueryRealTime,QueryCPUTime,WriteRealTime,WriteCPUTime
0.0,0.0,0.019999980926513672,0.010000000000000009,2.119999885559082,2.12,0.21000003814697266,0.2099999999999999,3.7200000286102295,3.72
0.0,0.0,0.019999980926513672,0.010000000000000009,2.119999885559082,2.12,0.21000003814697266,0.2099999999999999,4.0,4.0
0.0,0.0,0.009999990463256836,0.010000000000000009,2.1399998664855957,2.14,0.21000003814697266,0.21000000000000013,3.7300000190734863,3.7199999999999998
0.0,0.0,0.019999980926513672,0.010000000000000009,2.119999885559082,2.11,0.2200000286102295,0.22999999999999993,3.700000047683716,3.6800000000000006
0.0,0.0,0.019999980926513672,0.010000000000000009,2.1600000858306885,2.16,0.20999979972839355,0.22000000000000014,3.7200002670288086,3.6899999999999995
Average,0.0,0.0,0.017999982833862303,0.010000000000000009,2.1319999217987062,2.13,0.2119999885559082,0.21600000000000003,3.774000072479248,3.7620000000000005
