LoadRulesRealTime,LoadRulesCPUTime,LoadFactsRealTime,LoadFactsCPUTime,GroundRealTime,GroundCPUTime,QueryRealTime,QueryCPUTime,WriteRealTime,WriteCPUTime
0.0,0.0,0.009999990463256836,0.02000000000000001,107.84000015258789,107.65999999999998,0.15999984741210938,0.1600000000000057,2.940000295639038,2.929999999999996
0.0,0.0,0.019999980926513672,0.010000000000000009,106.9300000667572,106.75999999999999,0.1699998378753662,0.15999999999999148,2.7700002193450928,2.7600000000000087
0.0,0.0,0.009999990463256836,0.020000000000000018,107.63000011444092,107.44,0.15999984741210938,0.15999999999999148,2.8600001335144043,2.8400000000000167
0.0,0.0,0.009999990463256836,0.010000000000000009,105.85999989509583,105.68999999999998,0.16000008583068848,0.1600000000000057,2.879999876022339,2.8599999999999888
0.0,0.0,0.019999980926513672,0.010000000000000009,107.99000000953674,107.80999999999999,0.16000008583068848,0.1600000000000057,2.799999952316284,2.7999999999999865
Average,0.0,0.0,0.01399998664855957,0.014000000000000012,107.25000004768371,107.07199999999997,0.16199994087219238,0.16,2.850000095367432,2.8379999999999996
