LoadRulesRealTime,LoadRulesCPUTime,LoadFactsRealTime,LoadFactsCPUTime,GroundRealTime,GroundCPUTime,QueryRealTime,QueryCPUTime,WriteRealTime,WriteCPUTime
0.0,0.0,0.029999971389770508,0.020000000000000018,2.81000018119812,2.8000000000000003,0.25999999046325684,0.26,4.579999923706055,4.569999999999999
0.0,0.0,0.019999980926513672,0.020000000000000018,2.819999933242798,2.82,0.26999998092651367,0.26,4.559999942779541,4.569999999999999
0.0,0.0,0.019999980926513672,0.020000000000000018,2.7899999618530273,2.79,0.25999999046325684,0.2500000000000002,4.730000019073486,4.739999999999999
0.0,0.0,0.019999980926513672,0.020000000000000018,2.8399999141693115,2.83,0.25999999046325684,0.2699999999999998,4.559999942779541,4.54
0.0,0.0,0.019999980926513672,0.020000000000000018,2.809999942779541,2.8000000000000007,0.25999999046325684,0.26,4.710000038146973,4.71
Average,0.0,0.0,0.02199997901916504,0.020000000000000018,2.8139999866485597,2.8080000000000003,0.2619999885559082,0.26,4.627999973297119,4.6259999999999994
