LoadRulesRealTime,LoadRulesCPUTime,LoadFactsRealTime,LoadFactsCPUTime,GroundRealTime,GroundCPUTime,QueryRealTime,QueryCPUTime,WriteRealTime,WriteCPUTime
0.0,0.0,0.019999980926513672,0.010000000000000009,32.65000009536743,32.6,0.07999992370605469,0.0799999999999983,1.4100000858306885,1.4199999999999986
0.0,0.0,0.009999990463256836,0.010000000000000009,32.37000012397766,32.32,0.08999991416931152,0.0799999999999983,1.4800000190734863,1.490000000000006
0.0,0.0,0.009999990463256836,0.010000000000000009,31.990000009536743,31.939999999999998,0.07999992370605469,0.07000000000000028,1.4500000476837158,1.4600000000000048
0.0,0.0,0.009999990463256836,0.010000000000000009,32.19000005722046,32.13,0.07999992370605469,0.0799999999999983,1.4200000762939453,1.4199999999999986
0.0,0.0,0.009999990463256836,0.010000000000000009,32.81000018119812,32.75,0.07999992370605469,0.0799999999999983,1.4500000476837158,1.4500000000000068
Average,0.0,0.0,0.011999988555908203,0.010000000000000009,32.40200009346008,32.348,0.08199992179870605,0.0779999999999987,1.4420000553131103,1.4480000000000028
