LoadRulesRealTime,LoadRulesCPUTime,LoadFactsRealTime,LoadFactsCPUTime,GroundRealTime,GroundCPUTime,QueryRealTime,QueryCPUTime,WriteRealTime,WriteCPUTime
0.0,0.0,0.019999980926513672,0.010000000000000009,168.50999999046326,168.23999999999998,0.21000003814697266,0.1999999999999977,3.640000104904175,3.6400000000000134
0.0,0.0,0.020000219345092773,0.010000000000000009,166.8399999141693,166.54999999999998,0.21000003814697266,0.22000000000001704,3.679999828338623,3.659999999999987
0.0,0.0,0.019999980926513672,0.010000000000000009,167.5,167.23,0.21000003814697266,0.1999999999999977,3.680000066757202,3.6899999999999964
0.0,0.0,0.020000219345092773,0.010000000000000009,183.2699999809265,182.97000000000003,0.20999979972839355,0.20999999999998864,3.6700003147125244,3.660000000000024
0.0,0.0,0.019999980926513672,0.010000000000000009,167.79999995231628,167.51999999999998,0.21000003814697266,0.21000000000001703,3.679999828338623,3.669999999999986
Average,0.0,0.0,0.02000007629394531,0.010000000000000009,170.78399996757508,170.502,0.20999999046325685,0.2080000000000036,3.6700000286102297,3.6640000000000015
