CreateTableRealTime,CreateTableCPUTime,LoadDataRealTime,LoadDataCPUTime,CreateIndexRealTime,CreateIndexCPUTime,AnalyzeRealTime,AnalyzeCPUTime,ExecuteQueryRealTime,ExecuteQueryCPUTime,WriteResultRealTime,WriteResultCPUTime
0.01899612497072667,6.899999999998574e-05,0.0020757499733008444,8.80000000000325e-05,0.0419121669838205,4.599999999999049e-05,0.0024355839705094695,8.599999999997499e-05,0.023271000012755394,4.300000000001525e-05,0,0
0.018277542025316507,7.499999999999174e-05,0.0022444589994847775,9.00000000000345e-05,0.03873420803574845,4.499999999996174e-05,0.0021147080115042627,8.299999999999974e-05,0.02158320799935609,3.700000000000925e-05,0,0
0.01689883304061368,7.20000000000165e-05,0.0018597079906612635,7.699999999999374e-05,0.035081250010989606,3.700000000000925e-05,0.001948125020135194,7.80000000000225e-05,0.026767667033709586,3.6000000000036e-05,0,0
0.018945584015455097,7.299999999998974e-05,0.0018559579621069133,6.40000000000085e-05,0.03510966699104756,3.700000000000925e-05,0.00194695801474154,7.500000000004725e-05,0.022856833005789667,3.900000000001125e-05,0,0
0.016991832992061973,6.999999999995898e-05,0.0019162080134265125,7.40000000000185e-05,0.03293795802164823,3.900000000001125e-05,0.0019336669938638806,8.900000000000574e-05,0.02183391700964421,3.799999999998249e-05,0,0
Average,0.018021983408834784,7.179999999998855e-05,0.0019904165877960623,7.860000000001755e-05,0.03675505000865087,4.07999999999964e-05,0.002075808402150869,8.220000000001005e-05,0.02326252501225099,3.8600000000010845e-05,0.0,0.0
