CreateTableRealTime,CreateTableCPUTime,LoadDataRealTime,LoadDataCPUTime,CreateIndexRealTime,CreateIndexCPUTime,AnalyzeRealTime,AnalyzeCPUTime,ExecuteQueryRealTime,ExecuteQueryCPUTime,WriteResultRealTime,WriteResultCPUTime
0.02004216704517603,7.499999999999174e-05,0.0021455829846672714,0.00014500000000000624,0.038782124989666045,2.799999999997249e-05,0.001940790971275419,5.8000000000002494e-05,0.025896959006786346,5.1999999999996493e-05,0,0
0.016940083994995803,7.599999999996498e-05,0.0018074169638566673,7.999999999996898e-05,0.03602170804515481,4.300000000001525e-05,0.0021640000049956143,8.599999999997499e-05,0.02204666699981317,4.499999999996174e-05,0,0
0.019093957962468266,6.999999999995898e-05,0.0019067079992964864,0.00012999999999996348,0.038969249988440424,4.500000000001725e-05,0.0021749999723397195,7.899999999999574e-05,0.022801125014666468,4.499999999996174e-05,0,0
0.0189987089834176,6.699999999998374e-05,0.001937958993948996,7.499999999999174e-05,0.03991033398779109,3.500000000000725e-05,0.0018403750145807862,7.299999999998974e-05,0.023056834004819393,3.500000000000725e-05,0,0
0.018612249987199903,6.80000000000125e-05,0.001881083007901907,5.8000000000002494e-05,0.03703983302693814,4.100000000001325e-05,0.001898874994367361,7.099999999998774e-05,0.032148499973118305,3.700000000000925e-05,0,0
Average,0.01873743359465152,7.119999999998239e-05,0.0019357499899342657,9.759999999998658e-05,0.038144650007598105,3.8400000000005094e-05,0.00200380819151178,7.339999999999014e-05,0.025190016999840737,4.279999999998729e-05,0.0,0.0
