CreateTableRealTime,CreateTableCPUTime,LoadDataRealTime,LoadDataCPUTime,CreateIndexRealTime,CreateIndexCPUTime,AnalyzeRealTime,AnalyzeCPUTime,ExecuteQueryRealTime,ExecuteQueryCPUTime,WriteResultRealTime,WriteResultCPUTime
0.020000003278255463,0.0,0.0,0.0,0.04999999701976776,0.0,0.0,0.0,0.03999999910593033,0.0,0.0,0.0
0.020000003278255463,0.0,0.0,0.0,0.03999999910593033,0.0,0.0,0.0,0.03999999910593033,0.0,0.0,0.0
0.020000003278255463,0.0,0.0,0.0,0.03999999910593033,0.0,0.0,0.010000000000000009,0.04999999701976776,0.0,0.0,0.0
Average,0.020000003278255463,0.0,0.0,0.0,0.04333333174387614,0.0,0.0,0.003333333333333336,0.04333333174387614,0.0,0.0,0.0
