CreateTableRealTime,CreateTableCPUTime,LoadDataRealTime,LoadDataCPUTime,CreateIndexRealTime,CreateIndexCPUTime,AnalyzeRealTime,AnalyzeCPUTime,ExecuteQueryRealTime,ExecuteQueryCPUTime,WriteResultRealTime,WriteResultCPUTime
0.024444713999855594,0.0001516000000000295,0.004841592000047967,0.00030839999999998646,0.037790444000165735,0.00011670000000002512,0.0019159220000801724,9.039999999999049e-05,0.02566422700010662,9.690000000001087e-05,0.0007214550000753661,8.780000000002675e-05
0.015076711000347132,0.00014100000000000223,0.002208687999882386,0.00015979999999998773,0.041717676000189385,0.00010430000000000161,0.0020695009998235037,0.00012980000000001324,0.027608202999999776,0.00011329999999998286,0.000604568000198924,6.88000000000355e-05
Average,0.019760712500101363,0.00014630000000001586,0.0035251399999651767,0.0002340999999999871,0.03975406000017756,0.00011050000000001337,0.001992711499951838,0.00011010000000000186,0.0266362150000532,0.00010509999999999686,0.000663011500137145,7.830000000003112e-05
