CreateTableRealTime,CreateTableCPUTime,LoadDataRealTime,LoadDataCPUTime,CreateIndexRealTime,CreateIndexCPUTime,AnalyzeRealTime,AnalyzeCPUTime,ExecuteQueryRealTime,ExecuteQueryCPUTime,WriteResultRealTime,WriteResultCPUTime
0.01899779203813523,7.999999999996898e-05,0.01412416691891849,0.00016300000000002424,0.03681129100732505,2.599999999997049e-05,0.0019942079670727253,4.100000000001325e-05,0.05241466604638845,5.6000000000000494e-05,0.0018232499714940786,2.6999999999999247e-05
0.01484766707289964,6.60000000000105e-05,0.012509000021964312,5.900000000003125e-05,0.03737754200119525,1.999999999996449e-05,0.0020989999175071716,7.80000000000225e-05,0.05492050002794713,3.899999999995574e-05,0.0015451660146936774,3.399999999997849e-05
0.019049584050662816,7.099999999998774e-05,0.01225354103371501,0.00010700000000002374,0.03652670793235302,3.999999999998449e-05,0.002108874963596463,7.299999999998974e-05,0.05791812506504357,2.4999999999997247e-05,0.0020691249519586563,9.80000000000425e-05
0.0200248749461025,5.8000000000002494e-05,0.01379166601691395,0.00011099999999997223,0.03604554198682308,3.900000000001125e-05,0.0021515419939532876,8.20000000000265e-05,0.05366249999497086,4.799999999999249e-05,0.002230375073850155,3.999999999998449e-05
0.01993574993684888,8.099999999999774e-05,0.015746582997962832,8.399999999997299e-05,0.038287832983769476,4.100000000001325e-05,0.00253445899579674,6.999999999995898e-05,0.05123966699466109,4.299999999995974e-05,0.0018425830639898777,0.00010999999999999899
Average,0.018571133608929813,7.119999999999349e-05,0.013684991397894919,0.00010480000000000489,0.03700978318229318,3.319999999998879e-05,0.0021776167675852777,6.880000000000219e-05,0.05403109162580222,4.2199999999981144e-05,0.001902099815197289,6.180000000000074e-05
