CreateTableRealTime,CreateTableCPUTime,LoadDataRealTime,LoadDataCPUTime,CreateIndexRealTime,CreateIndexCPUTime,AnalyzeRealTime,AnalyzeCPUTime,ExecuteQueryRealTime,ExecuteQueryCPUTime,WriteResultRealTime,WriteResultCPUTime
0.017837374936789274,7.899999999999574e-05,0.008672584081068635,0.00016100000000002224,0.03727162501309067,4.099999999995774e-05,0.002086541964672506,3.500000000000725e-05,0.04093741695396602,4.100000000001325e-05,0.001896625035442412,3.999999999998449e-05
0.01704104198142886,6.40000000000085e-05,0.007781959022395313,7.299999999998974e-05,0.03805820795241743,2.9000000000001247e-05,0.0015868749469518661,3.900000000001125e-05,0.03671012504491955,2.0999999999993246e-05,0.0012439170386642218,3.6000000000036e-05
0.019022790947929025,6.699999999998374e-05,0.007761958986520767,8.20000000000265e-05,0.03603387495968491,4.599999999999049e-05,0.002035749959759414,7.699999999999374e-05,0.037919500027783215,3.799999999998249e-05,0.0016669169999659061,4.100000000001325e-05
0.02504125004634261,7.20000000000165e-05,0.008854666957631707,6.80000000000125e-05,0.03491204197052866,3.900000000001125e-05,0.0028733749641105533,5.899999999997574e-05,0.03812762501183897,3.6999999999953737e-05,0.0016557499766349792,3.700000000000925e-05
0.019836457911878824,4.499999999996174e-05,0.007381208008155227,8.199999999997098e-05,0.038601708016358316,3.700000000000925e-05,0.0021786249708384275,4.500000000001725e-05,0.03816412505693734,4.100000000001325e-05,0.001302249962463975,3.999999999998449e-05
Average,0.019755783164873718,6.539999999999324e-05,0.008090475411154329,9.320000000000439e-05,0.036975491582416,3.8399999999993994e-05,0.0021522333612665535,5.100000000000104e-05,0.03837175841908902,3.5599999999991196e-05,0.0015530918026342988,3.88000000000055e-05
