CreateTableRealTime,CreateTableCPUTime,LoadDataRealTime,LoadDataCPUTime,CreateIndexRealTime,CreateIndexCPUTime,AnalyzeRealTime,AnalyzeCPUTime,ExecuteQueryRealTime,ExecuteQueryCPUTime,WriteResultRealTime,WriteResultCPUTime
0.01701279095141217,7.299999999998974e-05,0.004382000013720244,7.699999999999374e-05,0.03543574997456744,3.6000000000036e-05,0.0023198749986477196,8.500000000000174e-05,0.032560333027504385,2.5000000000052758e-05,0,0
0.01674654200905934,5.999999999994898e-05,0.004742917022667825,8.900000000000574e-05,0.036124082980677485,3.500000000000725e-05,0.0018447919865138829,7.60000000000205e-05,0.028984541015233845,4.300000000001525e-05,0,0
0.016967999981716275,8.099999999999774e-05,0.003941250033676624,8.199999999997098e-05,0.035878707945812494,3.6000000000036e-05,0.001939792011398822,7.499999999999174e-05,0.027625541959423572,3.500000000000725e-05,0,0
0.01714929100126028,7.40000000000185e-05,0.004148124950006604,8.099999999999774e-05,0.03570554102770984,3.8000000000038e-05,0.002039124956354499,8.500000000000174e-05,0.03283179097343236,3.8000000000038e-05,0,0
0.01492366596357897,7.099999999998774e-05,0.0048614590195938945,5.300000000002525e-05,0.04109054198488593,3.4000000000034e-05,0.002345832996070385,7.599999999996498e-05,0.031340167042799294,4.900000000002125e-05,0,0
Average,0.016560057981405408,7.179999999998855e-05,0.0044151502079330385,7.639999999999869e-05,0.03684692478273064,3.580000000003025e-05,0.002097883389797062,7.939999999999614e-05,0.03066847480367869,3.8000000000026904e-05,0.0,0.0
