CreateTableRealTime,CreateTableCPUTime,LoadDataRealTime,LoadDataCPUTime,CreateIndexRealTime,CreateIndexCPUTime,AnalyzeRealTime,AnalyzeCPUTime,ExecuteQueryRealTime,ExecuteQueryCPUTime,WriteResultRealTime,WriteResultCPUTime
0.014542148000145971,0.0001212000000000435,0.00512475400000767,0.00017939999999999623,0.03865291600004639,0.00011460000000002024,0.003682871999899362,0.00017530000000004486,0.055638920000092185,0.00011610000000000786,0.0011245470000176283,0.00011529999999998486
0.015260140999998839,0.00013930000000000886,0.0050642100000004575,0.00029839999999997646,0.03692514500016841,0.00011899999999998023,0.003474618000382179,0.00013730000000000686,0.039518446999863954,0.00011860000000002424,0.001451723000172933,0.00013100000000004774
Average,0.014901144500072405,0.00013025000000002618,0.005094482000004064,0.00023889999999998635,0.0377890305001074,0.00011680000000000024,0.0035787450001407706,0.00015630000000002586,0.04757868349997807,0.00011735000000001605,0.0012881350000952807,0.0001231500000000163
