CreateTableRealTime,CreateTableCPUTime,LoadDataRealTime,LoadDataCPUTime,CreateIndexRealTime,CreateIndexCPUTime,AnalyzeRealTime,AnalyzeCPUTime,ExecuteQueryRealTime,ExecuteQueryCPUTime,WriteResultRealTime,WriteResultCPUTime
0.01447712400022283,0.00012739999999999974,0.00284271499958777,0.0002531000000000061,0.03946270899996307,0.00012409999999996035,0.0020471319999160187,0.00010569999999998636,0.032416183999885106,0.00011359999999999149,0.0007471449998774915,0.00015239999999999698
0.016177003999928274,0.0001270999999999911,0.0033678560002954328,0.00016810000000000436,0.04286867699966024,0.00016220000000000123,0.00199812299979385,0.00012620000000002074,0.02615121500002715,0.00011490000000002887,0.0007113279998520738,0.0001446999999999976
Average,0.015327064000075552,0.00012724999999999542,0.0031052854999416013,0.00021060000000000523,0.041165692999811654,0.0001431499999999808,0.0020226274998549343,0.00011595000000000355,0.02928369949995613,0.00011425000000001018,0.0007292364998647827,0.0001485499999999973
