LoadRulesRealTime,LoadRulesCPUTime,LoadFactsRealTime,LoadFactsCPUTime,GroundRealTime,GroundCPUTime,QueryRealTime,QueryCPUTime,WriteRealTime,WriteCPUTime
0.0,0.0,0.009999990463256836,0.010000000000000009,33.64999985694885,33.589999999999996,0.010000228881835938,0.010000000000005116,-0.010000228881835938,-0.010000000000005116
0.0,0.0,0.009999990463256836,0.010000000000000009,33.81000018119812,33.73,0.009999990463256836,0.010000000000005116,-0.009999990463256836,-0.010000000000005116
0.0,0.0,0.010000228881835938,0.010000000000000009,34.09999990463257,34.05,0.009999990463256836,0.010000000000005116,-0.009999990463256836,-0.010000000000005116
0.0,0.0,0.009999990463256836,0.010000000000000009,34.02999997138977,33.98,0.0,0.0,0.009999990463256836,0.0
0.0,0.0,0.009999990463256836,0.010000000000000009,33.09999990463257,33.050000000000004,0.009999990463256836,0.0,-0.009999990463256836,0.0
Average,0.0,0.0,0.010000038146972656,0.010000000000000009,33.73799996376037,33.68,0.008000040054321289,0.00600000000000307,-0.006000041961669922,-0.00600000000000307
