LoadRulesRealTime,LoadRulesCPUTime,LoadFactsRealTime,LoadFactsCPUTime,GroundRealTime,GroundCPUTime,QueryRealTime,QueryCPUTime,WriteRealTime,WriteCPUTime
0.0,0.0,0.019999980926513672,0.020000000000000018,235.35000014305115,234.92000000000002,0.019999980926513672,0.030000000000001137,-0.019999980926513672,-0.030000000000001137
0.0,0.0,0.019999980926513672,0.020000000000000018,235.11999988555908,234.78,0.019999980926513672,0.01999999999998181,-0.019999980926513672,-0.01999999999998181
0.0,0.0,0.020000219345092773,0.01999999999999999,232.0199999809265,231.63,0.029999971389770508,0.01999999999998181,-0.029999971389770508,-0.01999999999998181
0.0,0.0,0.019999980926513672,0.020000000000000018,232.95000004768372,232.52,0.019999980926513672,0.01999999999998181,-0.019999980926513672,-0.01999999999998181
0.0,0.0,0.019999980926513672,0.03000000000000002,234.71000003814697,234.29,0.019999980926513672,0.020000000000010232,-0.019999980926513672,-0.020000000000010232
Average,0.0,0.0,0.02000002861022949,0.022000000000000013,234.0300000190735,233.62800000000001,0.02199997901916504,0.02199999999999136,-0.02199997901916504,-0.02199999999999136
