LoadRulesRealTime,LoadRulesCPUTime,LoadFactsRealTime,LoadFactsCPUTime,GroundRealTime,GroundCPUTime,QueryRealTime,QueryCPUTime,WriteRealTime,WriteCPUTime
0.0,0.0,0.009999990463256836,0.010000000000000009,1.0499999523162842,1.06,0.009999990463256836,0.010000000000000009,0.0,-0.010000000000000009
0.0,0.0,0.009999990463256836,0.010000000000000009,1.0399999618530273,1.04,0.019999980926513672,0.020000000000000018,-0.019999980926513672,-0.020000000000000018
0.0,0.0,0.019999980926513672,0.010000000000000009,1.0399999618530273,1.04,0.009999990463256836,0.020000000000000018,-0.009999990463256836,-0.020000000000000018
0.0,0.0,0.009999990463256836,0.010000000000000009,1.0499999523162842,1.05,0.009999990463256836,0.010000000000000009,0.0,-0.010000000000000009
0.0,0.0,0.009999990463256836,0.010000000000000009,1.0400002002716064,1.04,0.009999990463256836,0.010000000000000009,-0.009999990463256836,-0.010000000000000009
Average,0.0,0.0,0.011999988555908203,0.010000000000000009,1.044000005722046,1.046,0.011999988555908203,0.014000000000000012,-0.007999992370605469,-0.014000000000000012
