CreateTableRealTime,CreateTableCPUTime,LoadDataRealTime,LoadDataCPUTime,CreateIndexRealTime,CreateIndexCPUTime,AnalyzeRealTime,AnalyzeCPUTime,ExecuteQueryRealTime,ExecuteQueryCPUTime,WriteResultRealTime,WriteResultCPUTime
0.009999997913837433,0.0,0.009999997913837433,0.0,0.03999999910593033,0.0,0.01000000536441803,0.0,0.21000000089406967,0.0,0.009999997913837433,0.0
0.020000003278255463,0.0,0.009999997913837433,0.0,0.03999999910593033,0.0,0.0,0.0,0.1899999976158142,0.0,0.0,0.0
0.020000003278255463,0.0,0.009999997913837433,0.020000000000000007,0.04999999701976776,0.0,0.0,0.0,0.20000000298023224,0.0,0.0,0.0
Average,0.016666668156782787,0.0,0.009999997913837433,0.006666666666666669,0.04333333174387614,0.0,0.0033333351214726767,0.0,0.20000000049670538,0.0,0.003333332637945811,0.0
