CreateTableRealTime,CreateTableCPUTime,LoadDataRealTime,LoadDataCPUTime,CreateIndexRealTime,CreateIndexCPUTime,AnalyzeRealTime,AnalyzeCPUTime,ExecuteQueryRealTime,ExecuteQueryCPUTime,WriteResultRealTime,WriteResultCPUTime
0.01794037490617484,5.500000000002725e-05,0.02082841598894447,8.499999999994623e-05,0.031071542063727975,3.900000000001125e-05,0.0013104999670758843,4.100000000001325e-05,0.21546745800878853,0.00011800000000000699,0.007009792025201023,0.00016899999999997473
0.019930125097744167,7.299999999998974e-05,0.02158141601830721,9.100000000000774e-05,0.0313856250140816,3.6000000000036e-05,0.0016626670258119702,7.799999999996698e-05,0.21583925001323223,0.00011200000000000099,0.006798457936383784,0.00012099999999998223
0.019874959019944072,9.40000000000385e-05,0.01977725001052022,8.799999999997699e-05,0.03105450002476573,2.8000000000028002e-05,0.0020745410583913326,7.299999999998974e-05,0.22021008399315178,7.399999999996298e-05,0.007275333977304399,0.00013299999999999423
0.017919000005349517,4.699999999996374e-05,0.019330000039190054,7.799999999996698e-05,0.029465458006598055,2.0999999999993246e-05,0.001751790987327695,7.099999999998774e-05,0.21631054196041077,0.00010999999999999899,0.006815833039581776,0.00012000000000000899
0.019737042021006346,6.099999999997774e-05,0.01938870793674141,5.8000000000002494e-05,0.03153000003658235,3.500000000000725e-05,0.001890542102046311,4.2000000000042004e-05,0.21886008395813406,9.100000000000774e-05,0.006829667021520436,0.00014900000000001024
Average,0.01908030021004379,6.59999999999994e-05,0.02018115799874067,7.999999999998008e-05,0.030901425029151143,3.180000000001515e-05,0.0017380082281306386,6.0999999999999945e-05,0.21733748358674349,0.00010099999999999554,0.006945816799998283,0.0001383999999999941
