CreateTableRealTime,CreateTableCPUTime,LoadDataRealTime,LoadDataCPUTime,CreateIndexRealTime,CreateIndexCPUTime,AnalyzeRealTime,AnalyzeCPUTime,ExecuteQueryRealTime,ExecuteQueryCPUTime,WriteResultRealTime,WriteResultCPUTime
0.018307410000033997,0.00011660000000002224,0.03051374799997575,0.0002314999999999956,0.04929290200016112,0.00010529999999997486,0.0024668769997333584,0.00014649999999999386,0.910337181000159,0.00016490000000002336,0.08549834599989481,0.0001746999999999721
0.017137959999672603,0.00014019999999997923,0.02890044100013256,0.00023880000000003898,0.052341011999942566,0.00011890000000003287,0.002749988000232406,0.00015140000000002374,1.021757991999948,0.0001476000000000255,0.07702367000001686,0.00012259999999997273
Average,0.0177226849998533,0.00012840000000000074,0.029707094500054154,0.0002351500000000173,0.05081695700005184,0.00011210000000000386,0.0026084324999828823,0.0001489500000000088,0.9660475865000535,0.00015625000000002442,0.08126100799995584,0.00014864999999997242
