CreateTableRealTime,CreateTableCPUTime,LoadDataRealTime,LoadDataCPUTime,CreateIndexRealTime,CreateIndexCPUTime,AnalyzeRealTime,AnalyzeCPUTime,ExecuteQueryRealTime,ExecuteQueryCPUTime,WriteResultRealTime,WriteResultCPUTime
0.024951625033281744,6.899999999998574e-05,0.026849291985854506,0.00012999999999996348,0.030991624982561916,4.399999999998849e-05,0.0016508339904248714,7.899999999999574e-05,0.40946524997707456,9.799999999998699e-05,0,0
0.01786274998448789,6.20000000000065e-05,0.024011416011489928,0.000134000000000023,0.03093133302172646,3.4000000000034e-05,0.0014009579899720848,6.899999999998574e-05,0.3833952919812873,0.00010199999999999099,0,0
0.018974290986079723,6.199999999995098e-05,0.026367084006778896,9.199999999998099e-05,0.02965091698570177,4.8000000000048004e-05,0.0015460830181837082,7.20000000000165e-05,0.3853222499601543,9.40000000000385e-05,0,0
0.019013583019841462,6.899999999998574e-05,0.024668666010256857,9.40000000000385e-05,0.03508358297403902,3.700000000000925e-05,0.0014615830150432885,7.299999999998974e-05,0.38984712498495355,9.900000000001574e-05,0,0
0.01686337497085333,6.899999999998574e-05,0.02543212502496317,0.00010500000000002174,0.027483290992677212,4.500000000001725e-05,0.0013871249975636601,7.00000000000145e-05,0.38528733397834003,0.00010399999999999299,0,0
Average,0.01953312479890883,6.619999999998293e-05,0.02546571660786867,0.00011100000000000554,0.030828149791341276,4.16000000000194e-05,0.0014893166022375225,7.260000000000044e-05,0.39066345017636195,9.940000000000505e-05,0.0,0.0
