CreateTableRealTime,CreateTableCPUTime,LoadDataRealTime,LoadDataCPUTime,CreateIndexRealTime,CreateIndexCPUTime,AnalyzeRealTime,AnalyzeCPUTime,ExecuteQueryRealTime,ExecuteQueryCPUTime,WriteResultRealTime,WriteResultCPUTime
0.019999995827674866,0.0,0.05000000447034836,0.0,0.06000000238418579,0.0,0.0,0.0,5.449999995529652,0.0,0.24000000208616257,0.0
0.01000000536441803,0.0,0.059999994933605194,0.0,0.07000000029802322,0.0,0.0,0.0,5.259999997913837,0.0,0.23000000417232513,0.0
0.020000003278255463,0.0,0.03999999910593033,0.0,0.07000000029802322,0.0,0.0,0.0,5.25,0.0,0.2199999988079071,0.0
Average,0.016666668156782787,0.0,0.049999999503294625,0.0,0.06666666766007741,0.0,0.0,0.0,5.319999997814496,0.0,0.23000000168879828,0.0
