CreateTableRealTime,CreateTableCPUTime,LoadDataRealTime,LoadDataCPUTime,CreateIndexRealTime,CreateIndexCPUTime,AnalyzeRealTime,AnalyzeCPUTime,ExecuteQueryRealTime,ExecuteQueryCPUTime,WriteResultRealTime,WriteResultCPUTime
0.020969542034436017,7.099999999998774e-05,0.03769008402014151,0.00023800000000001598,0.03610645903972909,4.199999999998649e-05,0.001198791025672108,7.499999999999174e-05,1.8126231670030393,0.00013699999999999823,0,0
0.018076332984492183,6.40000000000085e-05,0.03793874999973923,0.00014399999999997748,0.037804124993272126,3.100000000000325e-05,0.0011891250032931566,5.6000000000000494e-05,1.8053038750076666,5.8000000000002494e-05,0,0
0.020884874975308776,6.80000000000125e-05,0.040877874998841435,0.00015499999999996072,0.03607550001470372,4.899999999996574e-05,0.0015058339922688901,7.20000000000165e-05,1.8126455830060877,0.00010599999999999499,0,0
0.021047000016551465,6.100000000003325e-05,0.03891216602642089,0.00017100000000003224,0.03680687496671453,6.900000000004125e-05,0.001340000017080456,8.00000000000245e-05,1.8249082079855725,9.599999999998499e-05,0,0
0.018063083000015467,6.40000000000085e-05,0.039666540978942066,0.00014899999999995472,0.034083915990777314,3.399999999997849e-05,0.0011194580001756549,6.0000000000004494e-05,1.810456332983449,8.40000000000285e-05,0,0
Average,0.01980816660216078,6.560000000001009e-05,0.039017083204817025,0.00017139999999998823,0.03617537500103936,4.499999999999504e-05,0.0012706416076980532,6.860000000000755e-05,1.8131874331971631,9.620000000000184e-05,0.0,0.0
