CreateTableRealTime,CreateTableCPUTime,LoadDataRealTime,LoadDataCPUTime,CreateIndexRealTime,CreateIndexCPUTime,AnalyzeRealTime,AnalyzeCPUTime,ExecuteQueryRealTime,ExecuteQueryCPUTime,WriteResultRealTime,WriteResultCPUTime
0.018024457967840135,6.799999999995698e-05,0.06802879204042256,0.00032399999999999096,0.037390541983768344,3.2000000000032e-05,0.0010964160319417715,6.300000000003525e-05,21.06983404199127,0.00010599999999999499,0.24144158302806318,0.00013099999999999223
0.022010917076840997,6.0000000000004494e-05,0.0687520420178771,0.0002650000000000152,0.04807816701941192,5.300000000002525e-05,0.0008779580239206553,4.2000000000042004e-05,21.065352124976926,7.20000000000165e-05,0.2393704579444602,0.000128000000000017
0.019026291905902326,6.80000000000125e-05,0.06630816694814712,0.00023000000000000798,0.036400250042788684,5.1999999999996493e-05,0.0009222079534083605,4.599999999999049e-05,20.859932166989893,8.700000000000374e-05,0.2396403750171885,0.00013099999999999223
0.017969041946344078,5.699999999997374e-05,0.06525204190984368,0.00023399999999995647,0.03556991694495082,4.399999999998849e-05,0.0008926669834181666,3.900000000001125e-05,20.88402404205408,9.699999999995823e-05,0.24060379108414054,0.00014100000000000223
0.018088124925270677,6.899999999998574e-05,0.06935312505811453,0.00023800000000001598,0.038359542028047144,4.799999999999249e-05,0.0011036249343305826,4.699999999996374e-05,21.18480966705829,8.700000000000374e-05,0.24073537497315556,0.00014100000000000223
Average,0.01902376676443964,6.439999999998668e-05,0.067538833594881,0.00025819999999999733,0.039159683603793384,4.580000000000695e-05,0.0009785747854039073,4.7400000000008545e-05,21.01279040861409,8.979999999999543e-05,0.24035831640940158,0.00013440000000000118
