CreateTableRealTime,CreateTableCPUTime,LoadDataRealTime,LoadDataCPUTime,CreateIndexRealTime,CreateIndexCPUTime,AnalyzeRealTime,AnalyzeCPUTime,ExecuteQueryRealTime,ExecuteQueryCPUTime,WriteResultRealTime,WriteResultCPUTime
0.017993625020608306,5.299999999996974e-05,0.0652817499358207,0.00022900000000003473,0.032455291016958654,3.8000000000038e-05,0.000829958007670939,3.900000000001125e-05,21.168797333026305,8.00000000000245e-05,0.2406563749536872,0.00013699999999999823
0.01803762500640005,5.299999999996974e-05,0.06552716600708663,0.00019099999999999673,0.03432666603475809,4.899999999996574e-05,0.0008697500452399254,4.799999999999249e-05,21.05089533305727,0.00012099999999998223,0.2376136250095442,0.00015399999999998748
0.02007445809431374,6.80000000000125e-05,0.06633366702590138,0.00024999999999997247,0.048503790982067585,4.900000000002125e-05,0.0008982920553535223,4.500000000001725e-05,21.230887125013396,7.099999999998774e-05,0.24391583306714892,0.00012099999999998223
0.024955415981821716,5.6000000000000494e-05,0.06765800004359335,0.00023500000000004073,0.03419579192996025,6.900000000004125e-05,0.001003999961540103,6.60000000000105e-05,21.36548745795153,9.899999999996023e-05,0.2391378750326112,0.000154000000000043
0.018057540990412235,4.100000000001325e-05,0.06118025002069771,0.00029799999999996496,0.03769283299334347,2.999999999997449e-05,0.001140250009484589,6.0000000000004494e-05,21.129727457999252,8.299999999999974e-05,0.23913775000255555,0.00017200000000000548
Average,0.01982373301871121,5.4199999999993145e-05,0.06519616660661995,0.00024060000000000192,0.03743487459141761,4.700000000000815e-05,0.0009484500158578157,5.16000000000072e-05,21.189158941409552,9.079999999999089e-05,0.2400922916131094,0.0001476000000000033
