CreateTableRealTime,CreateTableCPUTime,LoadDataRealTime,LoadDataCPUTime,CreateIndexRealTime,CreateIndexCPUTime,AnalyzeRealTime,AnalyzeCPUTime,ExecuteQueryRealTime,ExecuteQueryCPUTime,WriteResultRealTime,WriteResultCPUTime
0.009999997913837433,0.0,0.040000006556510925,0.0,0.059999994933605194,0.0,0.0,0.0,2.630000002682209,0.0,0.1599999964237213,0.0
0.009999997913837433,0.0,0.040000006556510925,0.0,0.04999999701976776,0.0,0.009999997913837433,0.0,2.600000001490116,0.0,0.1600000038743019,0.0
0.019999995827674866,0.0,0.03999999910593033,0.0,0.06000000238418579,0.0,0.0,0.0,2.630000002682209,0.0,0.14999999850988388,0.0
Average,0.013333330551783243,0.0,0.04000000407298406,0.0,0.05666666477918625,0.0,0.003333332637945811,0.0,2.620000002284845,0.0,0.15666666626930237,0.0
