CreateTableRealTime,CreateTableCPUTime,LoadDataRealTime,LoadDataCPUTime,CreateIndexRealTime,CreateIndexCPUTime,AnalyzeRealTime,AnalyzeCPUTime,ExecuteQueryRealTime,ExecuteQueryCPUTime,WriteResultRealTime,WriteResultCPUTime
0.019999995827674866,0.0,0.030000001192092896,0.0,0.06000000238418579,0.0,0.0,0.0,1.030000001192093,0.0,0.07000000029802322,0.0
0.019999995827674866,0.0,0.020000003278255463,0.0,0.04999999701976776,0.0,0.0,0.0,1.0,0.0,0.07000000029802322,0.0
0.020000003278255463,0.0,0.0299999937415123,0.0,0.05000000447034836,0.0,0.0,0.0,1.030000001192093,0.0,0.07000000029802322,0.0
Average,0.019999998311201733,0.0,0.02666666607062022,0.0,0.0533333346247673,0.0,0.0,0.0,1.0200000007947285,0.0,0.07000000029802322,0.0
