CreateTableRealTime,CreateTableCPUTime,LoadDataRealTime,LoadDataCPUTime,CreateIndexRealTime,CreateIndexCPUTime,AnalyzeRealTime,AnalyzeCPUTime,ExecuteQueryRealTime,ExecuteQueryCPUTime,WriteResultRealTime,WriteResultCPUTime
0.018285156000274583,0.00011569999999999636,0.03576118299997688,0.00021739999999997872,0.051999562999753834,0.00014359999999996598,0.004136016999837011,0.00018160000000000398,1.3783536370001457,0.00014009999999997635,0.10684895599979427,0.0001290999999999931
0.017438806999962253,0.00013089999999998936,0.038530455000000075,0.0003258999999999901,0.055154110999865225,0.00012060000000002624,0.0032718749998821295,0.0001788000000000345,1.431012428000031,0.0001431000000000071,0.12182002200006536,0.0001266999999999796
Average,0.017861981500118418,0.00012329999999999286,0.03714581899998848,0.0002716499999999844,0.05357683699980953,0.0001320999999999961,0.0037039459998595703,0.00018020000000001923,1.4046830325000883,0.00014159999999999173,0.11433448899992982,0.00012789999999998636
