CreateTableRealTime,CreateTableCPUTime,LoadDataRealTime,LoadDataCPUTime,CreateIndexRealTime,CreateIndexCPUTime,AnalyzeRealTime,AnalyzeCPUTime,ExecuteQueryRealTime,ExecuteQueryCPUTime,WriteResultRealTime,WriteResultCPUTime
0.019999995827674866,0.0,0.009999997913837433,0.0,0.05000000447034836,0.0,0.0,0.0,0.4099999964237213,0.0,0.01000000536441803,0.0
0.020000003278255463,0.0,0.019999995827674866,0.0,0.040000006556510925,0.01,0.0,0.0,0.41999999433755875,0.0,0.01000000536441803,0.0
0.020000003278255463,0.0,0.009999997913837433,0.0,0.04999999701976776,0.02000000000000001,0.0,0.0,0.42000000178813934,0.0,0.020000003278255463,0.0
Average,0.020000000794728596,0.0,0.013333330551783243,0.0,0.04666666934887568,0.010000000000000004,0.0,0.0,0.4166666641831398,0.0,0.01333333800236384,0.0
