DatalogToCPPRealTime,DatalogToCPPCPUTime,CompileRealTime,CompileCPUTime,InstanceLoadingRealTime,InstanceLoadingCPUTime,LoadingFactRealTime,LoadingFactCPUTime,QueryRealTime,QueryCPUTime,WritingResultRealTime,WritingResultCPUTime
0.009999990463256836,0.0,1.440000057220459,1.47,0.000181958,0.000179,0.00428267,0.003972,0.00155167,0.00155,0.000987625,0.000987
0.009999990463256836,0.0,1.440000057220459,1.47,0.000166459,0.000163,0.00417046,0.004161,0.00172267,0.001713,0.001388,0.001207
0.009999990463256836,0.0,1.440000057220459,1.46,0.00014075,0.00014,0.00414417,0.004097,0.00168833,0.001678,0.00116883,0.00114
0.009999990463256836,0.0,1.440000057220459,1.47,0.000159042,0.000158,0.00398438,0.003967,0.00172479,0.001702,0.000947,0.000945
0.009999990463256836,0.0,1.440000057220459,1.46,0.000156708,0.00014,0.00426971,0.004228,0.00175608,0.001739,0.00111987,0.001094
Average,0.009999990463256836,0.0,1.440000057220459,1.466,0.0001609834,0.00015599999999999997,0.0041702779999999995,0.004085,0.001688708,0.0016764000000000002,0.0011222650000000001,0.0010745999999999998
