DatalogToCPPRealTime,DatalogToCPPCPUTime,CompileRealTime,CompileCPUTime,InstanceLoadingRealTime,InstanceLoadingCPUTime,LoadingFactRealTime,LoadingFactCPUTime,QueryRealTime,QueryCPUTime,WritingResultRealTime,WritingResultCPUTime
0.009999990463256836,0.0,1.4500000476837158,1.48,0.000167375,0.000166,0.00300454,0.003003,0.00119825,0.001187,0.000907583,0.000905
0.009999990463256836,0.0,1.4500000476837158,1.47,0.000165792,0.000164,0.00306925,0.003066,0.00124317,0.001232,0.00109346,0.001012
0.009999990463256836,0.0,1.4500000476837158,1.47,0.000163834,0.000162,0.00307583,0.003065,0.00118083,0.001147,0.00106233,0.001027
0.009999990463256836,0.0,1.440000057220459,1.47,0.000193917,0.000191,0.00317004,0.003142,0.00121721,0.001212,0.00108258,0.001076
0.009999990463256836,0.0,1.4500000476837158,1.47,0.00016675,0.000166,0.00308808,0.003084,0.00126196,0.00123,0.00107883,0.001054
Average,0.009999990463256836,0.0,1.4480000495910645,1.472,0.00017153360000000001,0.0001698,0.003081548,0.0030719999999999996,0.0012202839999999999,0.0012016000000000002,0.0010449566000000003,0.0010148000000000002
