DatalogToCPPRealTime,DatalogToCPPCPUTime,CompileRealTime,CompileCPUTime,InstanceLoadingRealTime,InstanceLoadingCPUTime,LoadingFactRealTime,LoadingFactCPUTime,QueryRealTime,QueryCPUTime,WritingResultRealTime,WritingResultCPUTime
0.009999990463256836,0.0,1.440000057220459,1.47,0.000186041,0.00017,0.00316396,0.00286,0.00107254,0.001062,0.000888417,0.000705
0.009999990463256836,0.0,1.4300000667572021,1.46,0.000190708,0.000189,0.00288525,0.002883,0.00112896,0.001128,0.00101979,0.000974
0.009999990463256836,0.0,1.440000057220459,1.47,0.000153375,0.000152,0.00291233,0.002907,0.00116404,0.001143,0.00077825,0.000773
0.009999990463256836,0.0,1.440000057220459,1.46,0.000147833,0.000147,0.00286388,0.002851,0.00115221,0.001152,0.000817666,0.000696
0.009999990463256836,0.0,1.4500000476837158,1.46,0.000140625,0.000139,0.00290604,0.002881,0.00113871,0.001113,0.000769542,0.000766
Average,0.009999990463256836,0.0,1.440000057220459,1.464,0.0001637164,0.00015940000000000003,0.002946292,0.0028764,0.001131292,0.0011196000000000001,0.0008547329999999999,0.0007827999999999999
