DatalogToCPPRealTime,DatalogToCPPCPUTime,CompileRealTime,CompileCPUTime,InstanceLoadingRealTime,InstanceLoadingCPUTime,LoadingFactRealTime,LoadingFactCPUTime,QueryRealTime,QueryCPUTime,WritingResultRealTime,WritingResultCPUTime
0.009999990463256836,0.0,1.4499998092651367,1.47,0.000176583,0.000175,0.0033655,0.003351,0.00133946,0.001332,0.00128908,0.001106
0.009999990463256836,0.0,1.4499998092651367,1.47,0.000163875,0.000161,0.0034945,0.003433,0.00133596,0.001328,0.00115658,0.001153
0.009999990463256836,0.0,1.4399998188018799,1.46,0.000160583,0.000159,0.00307508,0.003065,0.00137804,0.001332,0.00088425,0.000879
0.009999990463256836,0.0,1.4399998188018799,1.47,0.000191833,0.00019,0.00327117,0.003262,0.00122175,0.001217,0.00104958,0.000981
0.009999990463256836,0.0,1.4500000476837158,1.47,0.000174042,0.000171,0.00331083,0.003301,0.00122633,0.001223,0.00119929,0.001168
Average,0.009999990463256836,0.0,1.4459998607635498,1.468,0.0001733832,0.00017120000000000001,0.003303416,0.0032824000000000004,0.001300308,0.0012864,0.001115756,0.0010573999999999998
