DatalogToCPPRealTime,DatalogToCPPCPUTime,CompileRealTime,CompileCPUTime,InstanceLoadingRealTime,InstanceLoadingCPUTime,LoadingFactRealTime,LoadingFactCPUTime,QueryRealTime,QueryCPUTime,WritingResultRealTime,WritingResultCPUTime
0.009999990463256836,0.0,1.4500000476837158,1.46,0.000181084,0.000179,0.00240696,0.002404,0.00139513,0.001394,0.000854542,0.000811
0.0,0.0,1.440000057220459,1.47,0.00025075,0.00025,0.00305508,0.003017,0.00187163,0.001821,0.00100392,0.000855
0.009999990463256836,0.0,1.440000057220459,1.47,0.000199,0.000198,0.00265738,0.002653,0.00157658,0.001576,0.000812667,0.000725
0.009999990463256836,0.0,1.4500000476837158,1.46,0.000154,0.000152,0.002278,0.002253,0.00130954,0.001308,0.00068175,0.00068
0.009999990463256836,0.0,1.440000057220459,1.47,0.000176083,0.000174,0.00264829,0.002645,0.00141546,0.001402,0.000889417,0.000868
Average,0.007999992370605469,0.0,1.4440000534057618,1.4659999999999997,0.00019218340000000004,0.0001906,0.0026091419999999996,0.0025944,0.001513668,0.0015002000000000001,0.0008484591999999999,0.0007878
