CreateTableRealTime,CreateTableCPUTime,LoadDataRealTime,LoadDataCPUTime,CreateIndexRealTime,CreateIndexCPUTime,AnalyzeRealTime,AnalyzeCPUTime,ExecuteQueryRealTime,ExecuteQueryCPUTime,WriteResultRealTime,WriteResultCPUTime
0.003459458996076137,4.299999999995974e-05,0.004323041997849941,0.00014300000000000423,0.0031569580314680934,4.100000000001325e-05,0.0010400830069556832,3.599999999998049e-05,0.047678584000095725,3.100000000000325e-05,0.007441207999363542,0.005444000000000004
0.0037440829910337925,5.3999999999998494e-05,0.006305415998212993,0.00011499999999997623,0.002270916011184454,6.100000000003325e-05,0.0017173750093206763,5.100000000002325e-05,0.04814516700571403,3.0000000000030003e-05,0.007829040987417102,0.005593000000000015
0.0031644169939681888,4.199999999998649e-05,0.0051875420031137764,0.000142000000000031,0.0026084579876624048,1.8999999999991246e-05,0.0004878750187344849,1.6000000000016e-05,0.06378345895791426,5.100000000002325e-05,0.008050209027715027,0.005983000000000016
0.0012937079882249236,5.099999999996774e-05,0.0026909589651040733,0.0003009999999999957,0.0019847920048050582,8.099999999999774e-05,0.0007489589625038207,8.099999999999774e-05,0.04848554194904864,7.700000000004925e-05,0.006467624974902719,0.004724999999999979
0.003660165995825082,1.7000000000044757e-05,0.004218832997139543,0.00015100000000001224,0.003688958997372538,2.2999999999995246e-05,0.00094037497183308,1.2000000000012001e-05,0.053976458963006735,3.500000000000725e-05,0.0075952920014970005,0.005454999999999988
Average,0.003064366593025625,4.1399999999991445e-05,0.004545158392284065,0.00017040000000000387,0.0027420166064985097,4.500000000000615e-05,0.0009869333938695491,3.92000000000059e-05,0.05241384217515588,4.48000000000226e-05,0.0074766749981790784,0.00544
