CreateTableRealTime,CreateTableCPUTime,LoadDataRealTime,LoadDataCPUTime,CreateIndexRealTime,CreateIndexCPUTime,AnalyzeRealTime,AnalyzeCPUTime,ExecuteQueryRealTime,ExecuteQueryCPUTime,WriteResultRealTime,WriteResultCPUTime
0.009999997913837433,0.0,0.009999997913837433,0.0,0.01000000536441803,0.0,0.009999997913837433,0.0,1.869999997317791,0.0,0.17000000178813934,0.12999999999999998
0.009999997913837433,0.0,0.01000000536441803,0.0,0.009999997913837433,0.0,0.0,0.0,1.4600000008940697,0.0,0.17000000178813934,0.13999999999999999
0.009999997913837433,0.0,0.009999997913837433,0.0,0.01000000536441803,0.0,0.009999997913837433,0.0,1.2999999970197678,0.010000000000000009,0.1600000038743019,0.10999999999999999
Average,0.009999997913837433,0.0,0.010000000397364298,0.0,0.010000002880891165,0.0,0.006666665275891622,0.0,1.5433333317438762,0.003333333333333336,0.16666666915019354,0.12666666666666665
