CreateTableRealTime,CreateTableCPUTime,LoadDataRealTime,LoadDataCPUTime,CreateIndexRealTime,CreateIndexCPUTime,AnalyzeRealTime,AnalyzeCPUTime,ExecuteQueryRealTime,ExecuteQueryCPUTime,WriteResultRealTime,WriteResultCPUTime
0.003686124982777983,1.799999999996249e-05,0.00786466698627919,0.00013599999999996948,0.004422250029165298,1.4000000000014001e-05,0.001118500018492341,1.2999999999985246e-05,1.9156681249733083,0.00017699999999998273,0.1709957920247689,0.12791399999999997
0.003011207969393581,1.799999999996249e-05,0.007500375038944185,0.00012499999999998623,0.004487290978431702,1.4999999999987246e-05,0.0012628749827854335,1.2999999999985246e-05,1.8962131249718368,0.00014399999999997748,0.16789329197490588,0.11905100000000002
0.003188417002093047,3.900000000001125e-05,0.00844574999064207,0.00015599999999998948,0.0061862500151619315,4.300000000001525e-05,0.0015461669536307454,3.500000000000725e-05,1.8106964170001447,0.00012499999999998623,0.17056116700405255,0.12156800000000001
0.0030249590054154396,1.6999999999989246e-05,0.0075128329917788506,0.000130000000000019,0.004201499978080392,1.6000000000016e-05,0.0011176250409334898,1.3000000000040757e-05,1.9103981669759378,0.00016800000000000148,0.1680350000387989,0.12082599999999999
0.0022569579887203872,2.6999999999999247e-05,0.007934125023894012,0.000146000000000035,0.006319625012110919,2.4999999999997247e-05,0.0019118330092169344,2.0999999999993246e-05,1.7820274580153637,0.00018200000000001548,0.16547004197491333,0.120703
Average,0.0030335333896800874,2.3799999999984946e-05,0.007851550006307662,0.00013859999999999985,0.0051233832025900485,2.260000000000595e-05,0.0013914000010117888,1.900000000000235e-05,1.8630006583873182,0.00015919999999999268,0.16859105860348791,0.1220124
