CreateTableRealTime,CreateTableCPUTime,LoadDataRealTime,LoadDataCPUTime,CreateIndexRealTime,CreateIndexCPUTime,AnalyzeRealTime,AnalyzeCPUTime,ExecuteQueryRealTime,ExecuteQueryCPUTime,WriteResultRealTime,WriteResultCPUTime
0.003411084006074816,2.4000000000024002e-05,0.004585083050187677,0.00015300000000001424,0.0028153329622000456,1.8999999999991246e-05,0.0014615000109188259,1.4000000000014001e-05,0.6695646250154823,0.00012799999999996148,0.06536941701779142,0.05430299999999999
0.0028009999659843743,4.300000000001525e-05,0.005161167006008327,0.00015500000000001624,0.004383167019113898,1.8000000000018e-05,0.0010924169910140336,1.2999999999985246e-05,0.5829807500122115,3.100000000000325e-05,0.05287691595731303,0.040344000000000046
0.002773042011540383,4.599999999999049e-05,0.0047267499612644315,0.00012000000000000899,0.004062917025294155,1.8999999999991246e-05,0.0017300840117968619,2.599999999997049e-05,0.5871262500295416,0.00020399999999998197,0.06012208299944177,0.05110500000000001
0.0032777919550426304,4.0000000000040004e-05,0.004244250012561679,0.00017600000000000948,0.003966541029512882,3.999999999998449e-05,0.0014151249779388309,1.4000000000014001e-05,0.6135135419899598,0.00014399999999997748,0.05878220801241696,0.05025599999999997
0.002831250021699816,1.6999999999989246e-05,0.0056222910061478615,0.00012100000000003774,0.003809667017776519,1.8999999999991246e-05,0.0010519580100663006,1.4000000000014001e-05,0.5799335839692503,0.00014300000000000423,0.059977666998747736,0.05121899999999996
Average,0.003018833592068404,3.40000000000118e-05,0.004867908207233995,0.00014500000000001735,0.0038075250107795,2.2999999999995246e-05,0.0013502168003469706,1.6199999999999547e-05,0.6066237502032891,0.00012999999999998568,0.059425658197142184,0.049445399999999994
