CreateTableRealTime,CreateTableCPUTime,LoadDataRealTime,LoadDataCPUTime,CreateIndexRealTime,CreateIndexCPUTime,AnalyzeRealTime,AnalyzeCPUTime,ExecuteQueryRealTime,ExecuteQueryCPUTime,WriteResultRealTime,WriteResultCPUTime
0.0028423750190995634,5.1999999999996493e-05,0.01215054199565202,0.00022900000000003473,0.006709749985020608,2.4000000000024002e-05,0.0018498330027796328,3.4000000000034e-05,3.6254713329835795,0.00012699999999998823,0.3298460000078194,0.23581500000000005
0.0037214579642750323,1.6000000000016e-05,0.009105415956582874,0.000138000000000027,0.005672750005032867,1.4999999999987246e-05,0.0015620409976691008,1.2999999999985246e-05,3.625967582978774,0.0002649999999999597,0.32755504100350663,0.22114700000000004
0.0038968329899944365,4.999999999999449e-05,0.011327125015668571,0.00019700000000000273,0.007337458955589682,4.100000000001325e-05,0.0021057919948361814,1.4000000000014001e-05,3.7114848750061356,0.00014300000000000423,0.32855945895425975,0.22551499999999997
0.00307387497741729,1.6000000000016e-05,0.009655833011493087,0.00019400000000002748,0.006170749955344945,2.2999999999995246e-05,0.0018313330365344882,1.6999999999989246e-05,3.6381504589808173,0.00020199999999997997,0.3217601250507869,0.22438800000000003
0.003157957980874926,2.2000000000022002e-05,0.010084084002301097,0.00018199999999995997,0.005244874977506697,1.4999999999987246e-05,0.0012228330015204847,1.2999999999985246e-05,3.726861958974041,0.00021300000000001873,0.3299527079798281,0.22660000000000002
Average,0.0033384997863322497,3.1200000000009e-05,0.01046459999633953,0.00018800000000001037,0.0062271167756989595,2.3600000000001397e-05,0.0017143664066679777,1.8200000000001547e-05,3.6655872417846695,0.00018999999999999017,0.32753466659924013,0.22669300000000003
