CreateTableRealTime,CreateTableCPUTime,LoadDataRealTime,LoadDataCPUTime,CreateIndexRealTime,CreateIndexCPUTime,AnalyzeRealTime,AnalyzeCPUTime,ExecuteQueryRealTime,ExecuteQueryCPUTime,WriteResultRealTime,WriteResultCPUTime
0.009999997913837433,0.0,0.0,0.0,0.009999997913837433,0.0,0.0,0.0,0.06000000238418579,0.0,0.009999997913837433,0.0
0.009999997913837433,0.0,0.0,0.0,0.009999997913837433,0.0,0.0,0.0,0.07000000029802322,0.0,0.020000003278255463,0.010000000000000009
0.0,0.0,0.009999997913837433,0.0,0.01000000536441803,0.0,0.0,0.0,0.059999994933605194,0.0,0.01000000536441803,0.0
Average,0.006666665275891622,0.0,0.003333332637945811,0.0,0.010000000397364298,0.0,0.0,0.0,0.06333333253860474,0.0,0.013333335518836975,0.003333333333333336
