CreateTableRealTime,CreateTableCPUTime,LoadDataRealTime,LoadDataCPUTime,CreateIndexRealTime,CreateIndexCPUTime,AnalyzeRealTime,AnalyzeCPUTime,ExecuteQueryRealTime,ExecuteQueryCPUTime,WriteResultRealTime,WriteResultCPUTime
0.0034326669992879033,2.0000000000020002e-05,0.0072714160196483135,0.00018699999999999273,0.004722416982986033,1.8999999999991246e-05,0.0011515420046634972,1.6000000000016e-05,0.6921279159723781,0.00023100000000003673,0.05826795898610726,0.050446000000000046
0.0033883749856613576,2.2000000000022002e-05,0.0067077919957228005,0.00011499999999997623,0.004974041949026287,2.0999999999993246e-05,0.0017242920002900064,3.0000000000030003e-05,0.6914119580178522,0.00015999999999999348,0.058711000019684434,0.04984900000000003
0.002949249988887459,1.6000000000016e-05,0.00742150004953146,0.00011499999999997623,0.0039315830217674375,1.6999999999989246e-05,0.001118083018809557,1.6000000000016e-05,0.6942620840272866,0.00016300000000002424,0.06094737502280623,0.05085999999999996
0.003924666030798107,5.699999999997374e-05,0.007413082988932729,0.00017799999999995597,0.005581292032729834,4.399999999998849e-05,0.0011396660120226443,3.599999999998049e-05,0.6654770000022836,0.00016599999999999948,0.059584375005215406,0.05077000000000004
0.0034036249853670597,5.1999999999996493e-05,0.007824208994861692,0.00017500000000003624,0.0036086670006625354,3.799999999998249e-05,0.001384834002237767,4.499999999996174e-05,0.6006782919866964,0.00016599999999999948,0.059096916986163706,0.05107400000000001
Average,0.0034197165980003772,3.340000000000565e-05,0.007327600009739399,0.00015399999999998748,0.004563600197434426,2.7799999999988946e-05,0.0013036834076046943,2.8600000000000848e-05,0.6687914500012994,0.00017720000000001068,0.059321525203995404,0.050599800000000014
