CreateTableRealTime,CreateTableCPUTime,LoadDataRealTime,LoadDataCPUTime,CreateIndexRealTime,CreateIndexCPUTime,AnalyzeRealTime,AnalyzeCPUTime,ExecuteQueryRealTime,ExecuteQueryCPUTime,WriteResultRealTime,WriteResultCPUTime
0.0030767919961363077,2.0000000000020002e-05,0.005140917026437819,0.00015199999999998548,0.0039034580113366246,2.0999999999993246e-05,0.000977375020738691,2.1000000000048757e-05,0.5070548749645241,0.000154000000000043,0.05890033399919048,0.050963000000000036
0.0033837499795481563,4.599999999999049e-05,0.006720584002323449,0.00011499999999997623,0.0037555000162683427,4.199999999998649e-05,0.0014222090248949826,3.500000000000725e-05,0.5279365419992246,0.00018599999999996397,0.059746666986029595,0.050817999999999974
0.0030096659902483225,1.4999999999987246e-05,0.005895332957152277,0.00015100000000001224,0.00359241699334234,1.599999999996049e-05,0.001269709027837962,3.100000000000325e-05,0.5625419580028392,0.00013299999999999423,0.05933179199928418,0.05119800000000002
0.0027675830060616136,4.399999999998849e-05,0.005887333012651652,0.00018699999999999273,0.0034938750322908163,1.8000000000018e-05,0.0011482920381240547,1.4999999999987246e-05,0.6057383330189623,0.00010999999999999899,0.06093687500106171,0.051225999999999994
0.003407415992114693,4.100000000001325e-05,0.005690833029802889,0.00015900000000002024,0.005308582971338183,2.2000000000022002e-05,0.0008136670221574605,3.700000000000925e-05,0.6124659590423107,0.00011900000000003574,0.05828333395766094,0.04948999999999998
Average,0.0031290413928218184,3.31999999999999e-05,0.005867000005673617,0.00015279999999999737,0.004010766604915261,2.3799999999996045e-05,0.0011262504267506301,2.780000000001115e-05,0.5631475334055722,0.00014040000000000718,0.05943980038864538,0.050739
