CreateTableRealTime,CreateTableCPUTime,LoadDataRealTime,LoadDataCPUTime,CreateIndexRealTime,CreateIndexCPUTime,AnalyzeRealTime,AnalyzeCPUTime,ExecuteQueryRealTime,ExecuteQueryCPUTime,WriteResultRealTime,WriteResultCPUTime
0.004934148000074856,9.880000000000999e-05,0.006471808000014789,0.00039210000000000633,0.010214713000095799,0.0001256000000000035,0.002090285999884145,0.00011909999999998311,0.15588375199990878,0.00015159999999997398,0.029899568000018917,0.021248199999999995
0.004564909999999145,0.00011020000000000474,0.007485146999897552,0.00037330000000002084,0.010097790999907374,0.00016680000000002249,0.001952501999994638,0.00010680000000001799,0.29609415300001274,0.00015929999999997335,0.037242953999793826,0.027433800000000008
Average,0.0047495290000370005,0.00010450000000000736,0.0069784774999561705,0.0003827000000000136,0.010156252000001587,0.00014620000000001299,0.0020213939999393915,0.00011295000000000055,0.22598895249996076,0.00015544999999997366,0.03357126099990637,0.024341
