LoadRulesRealTime,LoadRulesCPUTime,LoadFactsRealTime,LoadFactsCPUTime,QueryRealTime,QueryCPUTime,WriteRealTime,WriteCPUTime
0.00119686126708984,0.000566000000000001,0.00388097763061523,0.00337,0.279407024383545,0.278531,-0.00042200088500998767,-0.0008069999999999466
0.00117397308349609,0.000562999999999999,0.00398993492126465,0.003466,0.274812936782837,0.274003,0.0035171508789059724,0.003074000000000021
0.00114989280700684,0.000548999999999999,0.0039370059967041,0.003381,0.272145986557007,0.271379,-0.002138853073120006,-0.0027419999999999667
0.00115513801574707,0.000549000000000001,0.00391387939453125,0.003389,0.271892070770264,0.271101,-0.0006489753723150082,-0.0012510000000000021
0.00116395950317383,0.000553,0.00392413139343262,0.003345,0.271521806716919,0.270687,-0.0010726451873779852,-0.001507000000000036
Average,0.001167964935302734,0.000556,0.00392918586730957,0.0033902000000000003,0.27395596504211445,0.2731402,-0.00015306472778340297,-0.0006465999999999861
