LoadRulesRealTime,LoadRulesCPUTime,LoadFactsRealTime,LoadFactsCPUTime,QueryRealTime,QueryCPUTime,WriteRealTime,WriteCPUTime
0.00118613243103027,0.000550999999999999,0.00574994087219238,0.005071,8.48770141601562e-05,8.09999999999977e-05,0.0005590915679931638,0.00024300000000000233
0.00116205215454102,0.000548,0.00572991371154785,0.005044,7.91549682617188e-05,7.50000000000021e-05,0.0005817413330078123,0.0002579999999999979
0.00117015838623047,0.000557,0.00568199157714844,0.005043,8.20159912109375e-05,7.79999999999982e-05,0.0005691051483154295,0.0002470000000000028
0.00120306015014648,0.000564,0.00585508346557617,0.005121,9.39369201660156e-05,8.49999999999983e-05,0.0005531311035156253,0.0002410000000000017
0.00115013122558594,0.000546999999999999,0.00568485260009766,0.005005,8.20159912109375e-05,7.79999999999982e-05,0.0005888938903808595,0.0002510000000000008
Average,0.001174306869506836,0.0005533999999999996,0.005740356445312501,0.005056799999999999,8.440017700195312e-05,7.93999999999989e-05,0.000570392608642578,0.0002480000000000011
