LoadRulesRealTime,LoadRulesCPUTime,LoadFactsRealTime,LoadFactsCPUTime,QueryRealTime,QueryCPUTime,WriteRealTime,WriteCPUTime
0.00117897987365723,0.000555999999999999,0.00657010078430176,0.005847,1.49282789230347,1.489074,0.0018820762634201849,0.0010310000000000041
0.00119400024414062,0.00055,0.00651407241821289,0.005815,1.45328092575073,1.449301,-0.018983840942379926,-0.019425999999999943
0.00117397308349609,0.000546,0.00666117668151855,0.005938,1.44416689872742,1.440397,0.007251024246209825,0.0061189999999999856
0.00115299224853516,0.00055,0.00663399696350098,0.005858,1.49348998069763,1.489542,-0.054495096206660154,-0.055339999999999945
0.00116109848022461,0.000544999999999999,0.00656890869140625,0.005819,1.44202208518982,1.437886,0.02939200401305997,0.028918999999999917
Average,0.001172208786010742,0.0005493999999999996,0.006589651107788086,0.0058554,1.465157556533814,1.4612399999999999,-0.00699076652527002,-0.007739399999999996
