LoadRulesRealTime,LoadRulesCPUTime,LoadFactsRealTime,LoadFactsCPUTime,QueryRealTime,QueryCPUTime,WriteRealTime,WriteCPUTime
0.00117111206054688,0.000544999999999999,0.00305604934692383,0.002571,0.116017818450928,0.115615,0.0012941360473630037,0.001019000000000006
0.00118589401245117,0.000563000000000001,0.00301408767700195,0.002552,0.116094827651978,0.115533,0.0008332729339600026,0.0002879999999999966
0.00115609169006348,0.000548999999999999,0.00305795669555664,0.002575,0.115860939025879,0.115405,0.004279136657714996,0.003956000000000001
0.00117397308349609,0.000546,0.00302600860595703,0.002534,0.119818925857544,0.119427,-0.00019502639770499486,-0.0005539999999999989
0.00115799903869629,0.000550999999999999,0.00302505493164062,0.002544,0.119175910949707,0.118586,0.0012528896331790024,0.0010659999999999975
Average,0.0011690139770507819,0.0005507999999999996,0.003035831451416014,0.0025551999999999997,0.11739368438720721,0.11691320000000001,0.001492881774902402,0.0011550000000000004
