LoadRulesRealTime,LoadRulesCPUTime,LoadFactsRealTime,LoadFactsCPUTime,QueryRealTime,QueryCPUTime,WriteRealTime,WriteCPUTime
0.00118207931518555,0.000553999999999999,0.00215291976928711,0.001701,0.0349521636962891,0.034816,-0.00032830238342290013,-0.000676999999999997
0.00117588043212891,0.000560000000000001,0.00215411186218262,0.001726,0.0353708267211914,0.03523,0.0006370544433594028,0.00032500000000000584
0.0011899471282959,0.00056,0.00215005874633789,0.00171,0.0348999500274658,0.034716,0.0001220703125,-0.00021899999999999697
0.00119185447692871,0.000562,0.00217103958129883,0.001711,0.0343871116638184,0.034198,0.0004887580871581962,0.00022600000000000398
0.00116991996765137,0.000549000000000001,0.00215911865234375,0.00172,0.0352270603179932,0.035056,-0.0004918575286865998,-0.0008509999999999976
Average,0.001181936264038088,0.0005570000000000002,0.00215744972229004,0.0017135999999999998,0.034967422485351576,0.0348032,8.554458618161981e-05,-0.00023919999999999635
