LoadRulesRealTime,LoadRulesCPUTime,LoadFactsRealTime,LoadFactsCPUTime,QueryRealTime,QueryCPUTime,WriteRealTime,WriteCPUTime
0.00119614601135254,0.000562999999999999,0.00580596923828125,0.005091,0.943166971206665,0.940402,-0.037887096405029075,-0.037706999999999935
0.00120091438293457,0.000555,0.00571298599243164,0.005049,0.914916038513184,0.912498,-0.013231039047241988,-0.013849
0.00118017196655273,0.000553999999999999,0.00572681427001953,0.005058,0.920277118682861,0.917642,0.000865936279296986,0.0005430000000000712
0.00118279457092285,0.000551999999999999,0.00569820404052734,0.005014,0.943007946014404,0.940326,-0.035208940505981,-0.03519300000000003
0.00115704536437988,0.00055,0.00573992729187012,0.005046,0.933969020843506,0.931582,-0.026011943817139005,-0.027330999999999994
Average,0.001183414459228514,0.0005547999999999995,0.005736780166625976,0.005051600000000001,0.931067419052124,0.9284899999999998,-0.022294616699218818,-0.02270739999999998
