LoadRulesRealTime,LoadRulesCPUTime,LoadFactsRealTime,LoadFactsCPUTime,QueryRealTime,QueryCPUTime,WriteRealTime,WriteCPUTime
0.00118803977966309,0.000550999999999999,0.00749588012695312,0.006708,0.000108003616333008,0.000102000000000001,0.0006270408630371089,0.000303999999999999
0.00116205215454102,0.000548999999999999,0.00743508338928223,0.006668,9.39369201660156e-05,9.10000000000008e-05,0.0006351470947265624,0.0003169999999999982
0.0011439323425293,0.000545,0.00739717483520508,0.006677,0.000104904174804688,0.000102000000000001,0.0006220340728759759,0.000304999999999998
0.00120902061462402,0.000559,0.00741291046142578,0.006629,0.000104188919067383,9.80000000000009e-05,0.0006387233734130859,0.0003110000000000001
0.00114297866821289,0.000543,0.00743603706359863,0.006657,0.000102996826171875,9.90000000000019e-05,0.00062108039855957,0.0003069999999999981
Average,0.001169204711914064,0.0005493999999999996,0.007435417175292969,0.0066678,0.00010280609130859392,9.840000000000113e-05,0.0006288051605224606,0.00030879999999999867
