CreateTableRealTime,CreateTableCPUTime,LoadDataRealTime,LoadDataCPUTime,CreateIndexRealTime,CreateIndexCPUTime,AnalyzeRealTime,AnalyzeCPUTime,ExecuteQueryRealTime,ExecuteQueryCPUTime,WriteResultRealTime,WriteResultCPUTime
0.002594374993350357,4.300000000001525e-05,0.0028691250481642783,0.00013999999999997348,0.0026778329629451036,3.700000000000925e-05,0.0011340829660184681,3.300000000000525e-05,0.00832124997396022,1.399999999995849e-05,0.0022317919647321105,0.0006369999999999987
0.003927042009308934,4.100000000001325e-05,0.0026532920310273767,0.00012499999999998623,0.003555541974492371,5.3999999999998494e-05,0.0010086249676533043,3.2999999999949736e-05,0.010643333022017032,3.599999999998049e-05,0.0030170000391080976,0.0006279999999999619
0.003397250024136156,4.0000000000040004e-05,0.0023942090338096023,0.000144000000000033,0.0025186670245602727,4.199999999998649e-05,0.0010949589777737856,1.6000000000016e-05,0.009762750007212162,3.500000000000725e-05,0.002319249964784831,0.0005919999999999814
0.00299783400259912,4.900000000002125e-05,0.003205832967069,0.00014900000000001024,0.004467250022571534,3.799999999998249e-05,0.001420375017914921,3.6000000000036e-05,0.010967540962155908,3.599999999998049e-05,0.00220754201291129,0.0006859999999999644
0.003931874991394579,4.4000000000044004e-05,0.003251874994020909,0.00016299999999996873,0.003921791038010269,3.900000000001125e-05,0.0014481249963864684,3.500000000000725e-05,0.010625166003592312,4.300000000001525e-05,0.0019710840424522758,0.0006180000000000074
Average,0.0033696752041578295,4.340000000002675e-05,0.002874866814818233,0.00014419999999999434,0.00342821660451591,4.199999999999759e-05,0.0012212333851493895,3.0600000000002844e-05,0.010064007993787528,3.27999999999884e-05,0.002349333604797721,0.0006321999999999827
