CreateTableRealTime,CreateTableCPUTime,LoadDataRealTime,LoadDataCPUTime,CreateIndexRealTime,CreateIndexCPUTime,AnalyzeRealTime,AnalyzeCPUTime,ExecuteQueryRealTime,ExecuteQueryCPUTime,WriteResultRealTime,WriteResultCPUTime
0.0036351250018924475,4.0000000000040004e-05,0.0032396669848822057,0.00012699999999998823,0.003438624960836023,3.900000000001125e-05,0.0014765420346520841,3.2000000000032e-05,0.008473332971334457,3.300000000000525e-05,0.001704750000499189,0.0006070000000000242
0.0032555829966440797,4.500000000001725e-05,0.003078709007240832,0.00016499999999997073,0.003354541026055813,4.2000000000042004e-05,0.001483667001593858,3.4000000000034e-05,0.011121084040496498,3.700000000000925e-05,0.0020148330368101597,0.0006200000000000094
0.004073083051480353,4.999999999999449e-05,0.002443208999466151,0.00016399999999999748,0.0033421669504605234,3.8000000000038e-05,0.0011149169877171516,3.300000000000525e-05,0.008597708016168326,3.799999999998249e-05,0.002183459000661969,0.0006720000000000059
0.0029982499545440078,4.100000000001325e-05,0.0027644590009003878,0.00012899999999999023,0.0026731250109151006,3.500000000000725e-05,0.0015494590043090284,3.500000000000725e-05,0.014252333028707653,4.0000000000040004e-05,0.0021525840274989605,0.0005959999999999854
0.0028470830293372273,4.300000000001525e-05,0.0025359579594805837,0.00012799999999996148,0.0027671250281855464,3.300000000000525e-05,0.0010148329893127084,3.399999999997849e-05,0.0089597919723019,3.700000000000925e-05,0.0022103330120444298,0.0005390000000000117
Average,0.003361824806779623,4.380000000001605e-05,0.002812400390394032,0.00014259999999998162,0.0031151165952906013,3.740000000002075e-05,0.0013278836035169662,3.36000000000114e-05,0.010280850005801766,3.700000000000925e-05,0.0020531918155029414,0.0006068000000000074
