CreateTableRealTime,CreateTableCPUTime,LoadDataRealTime,LoadDataCPUTime,CreateIndexRealTime,CreateIndexCPUTime,AnalyzeRealTime,AnalyzeCPUTime,ExecuteQueryRealTime,ExecuteQueryCPUTime,WriteResultRealTime,WriteResultCPUTime
0.0032706669881008565,4.699999999996374e-05,0.0012557919835671782,0.00012099999999998223,0.0022756250109523535,1.5000000000042757e-05,0.0012468339991755784,3.700000000000925e-05,0.0031664170091971755,1.4000000000014001e-05,0.0007865829975344241,0.0002730000000000232
0.003451791009865701,3.100000000000325e-05,0.0016840409953147173,0.00013699999999999823,0.0026497090002521873,2.0999999999993246e-05,0.0005054579814895988,1.6000000000016e-05,0.0030630420078523457,1.4000000000014001e-05,0.00119162502232939,0.0003710000000000102
0.0033312090090475976,1.799999999996249e-05,0.0008725409861654043,0.00010999999999999899,0.001868374994955957,1.8999999999991246e-05,0.001111165969632566,3.6999999999953737e-05,0.004635791992768645,4.499999999996174e-05,0.0010040000197477639,0.00025199999999997447
0.0029624580056406558,2.4999999999997247e-05,0.0010187500156462193,0.00015199999999998548,0.00211983296321705,3.599999999998049e-05,0.0009112909901887178,1.5000000000042757e-05,0.003633915970567614,2.0000000000020002e-05,0.0006889159558340907,0.00023200000000000998
0.0036342079984024167,2.6000000000026002e-05,0.0010027500102296472,0.00015599999999998948,0.002205084019806236,4.0000000000040004e-05,0.0010613329941406846,1.6999999999989246e-05,0.0019382500322535634,4.699999999996374e-05,0.0011457080254331231,0.00036200000000002897
Average,0.0033300666022114457,2.9399999999990543e-05,0.0011667747981846332,0.00013519999999999087,0.0022237251978367567,2.6200000000009548e-05,0.0009672163869254291,2.44000000000022e-05,0.0032874834025278686,2.7999999999994697e-05,0.0009633664041757584,0.00029800000000000936
