CreateTableRealTime,CreateTableCPUTime,LoadDataRealTime,LoadDataCPUTime,CreateIndexRealTime,CreateIndexCPUTime,AnalyzeRealTime,AnalyzeCPUTime,ExecuteQueryRealTime,ExecuteQueryCPUTime,WriteResultRealTime,WriteResultCPUTime
0.0037262499681673944,4.899999999996574e-05,0.0024712089798413217,0.00017700000000003824,0.003174374985974282,1.4000000000014001e-05,0.0011238749721087515,1.3000000000040757e-05,0.00537262496072799,1.5000000000042757e-05,0.0013252089847810566,0.0003650000000000042
0.003399375011213124,4.2000000000042004e-05,0.0017684579943306744,9.999999999998899e-05,0.002643165993504226,3.6000000000036e-05,0.0008891250472515821,3.199999999997649e-05,0.005446999974083155,3.6000000000036e-05,0.0017254159902222455,0.00046599999999996644
0.003675124957226217,5.300000000002525e-05,0.001784374995622784,0.00010100000000001774,0.002979750046506524,4.399999999998849e-05,0.0009601659839972854,1.2000000000012001e-05,0.0055249580182135105,3.500000000000725e-05,0.0015819999971427023,0.00035400000000002096
0.003407041949685663,1.6999999999989246e-05,0.0017813749727793038,9.700000000001374e-05,0.002459250041283667,1.4000000000014001e-05,0.0011710000107996166,1.2000000000012001e-05,0.005739458021707833,1.6000000000016e-05,0.0016457500169053674,0.0003589999999999982
0.0036447919555939734,4.4000000000044004e-05,0.0022020830074325204,0.00011300000000002974,0.0030965000041760504,3.900000000001125e-05,0.0013447499950416386,3.500000000000725e-05,0.0060175409889779985,3.700000000000925e-05,0.0022102920338511467,0.0004609999999999892
Average,0.0035705167683772743,4.100000000001325e-05,0.002001499990001321,0.00011760000000001768,0.00287060821428895,2.940000000001275e-05,0.0010977832018397749,2.08000000000097e-05,0.005620316392742098,2.780000000002225e-05,0.0016977334045805037,0.0004009999999999958
