CreateTableRealTime,CreateTableCPUTime,LoadDataRealTime,LoadDataCPUTime,CreateIndexRealTime,CreateIndexCPUTime,AnalyzeRealTime,AnalyzeCPUTime,ExecuteQueryRealTime,ExecuteQueryCPUTime,WriteResultRealTime,WriteResultCPUTime
0.0032907500280998647,1.6999999999989246e-05,0.001200708036776632,0.00010299999999996423,0.0019157089991495013,1.5000000000042757e-05,0.0011287499801255763,3.700000000000925e-05,0.0048857079818844795,1.799999999996249e-05,0.0014804580132476985,0.00038599999999999746
0.003098582965321839,1.8999999999991246e-05,0.0010754999821074307,0.00019700000000000273,0.008483666984830052,5.700000000002925e-05,0.0008169579668901861,1.799999999996249e-05,0.008802665979601443,2.2000000000022002e-05,0.001086207979824394,0.00032000000000004247
0.003214416967239231,4.4000000000044004e-05,0.0016362500027753413,9.00000000000345e-05,0.0025852080434560776,3.900000000001125e-05,0.0009466250194236636,1.2000000000012001e-05,0.004105957981664687,4.500000000001725e-05,0.0016560409567318857,0.00041999999999997595
0.0029998330282978714,4.399999999998849e-05,0.0021262920345179737,0.00014700000000000824,0.002927499997895211,4.499999999996174e-05,0.0010307079646736383,1.5000000000042757e-05,0.004239665984641761,4.0000000000040004e-05,0.0016317919944413006,0.0004170000000000007
0.002783375035505742,4.100000000001325e-05,0.0015033750096336007,9.20000000000365e-05,0.0017010410083457828,4.399999999998849e-05,0.000913584022782743,5.099999999996774e-05,0.004292708006687462,3.199999999997649e-05,0.0012895410181954503,0.0003409999999999802
Average,0.0030773916048929097,3.300000000000525e-05,0.0015084250131621956,0.00012580000000000924,0.0035226250067353247,4.00000000000067e-05,0.0009673249907791615,2.6599999999998847e-05,0.005265341186895966,3.140000000000365e-05,0.0014288079924881457,0.00037679999999999935
