CreateTableRealTime,CreateTableCPUTime,LoadDataRealTime,LoadDataCPUTime,CreateIndexRealTime,CreateIndexCPUTime,AnalyzeRealTime,AnalyzeCPUTime,ExecuteQueryRealTime,ExecuteQueryCPUTime,WriteResultRealTime,WriteResultCPUTime
0.003265208040829748,2.2999999999995246e-05,0.0011136659886687994,0.00013199999999996548,0.0025353749515488744,3.900000000001125e-05,0.0010237920214422047,6.100000000003325e-05,0.004509082995355129,6.80000000000125e-05,0.0018249169806949794,0.00042000000000003146
0.002999417018145323,4.399999999998849e-05,0.0012351250043138862,9.40000000000385e-05,0.0014951250050216913,4.100000000001325e-05,0.0008504579891450703,3.4000000000034e-05,0.005172500037588179,3.4999999999951736e-05,0.0015604160143993795,0.0004939999999999944
0.0033016669913195074,4.500000000001725e-05,0.0018537500291131437,0.000134000000000023,0.0027803750126622617,4.599999999999049e-05,0.0012077920255251229,3.599999999998049e-05,0.005068209022283554,4.6000000000046004e-05,0.0017858340288512409,0.00039799999999995395
0.003156707971356809,3.2000000000032e-05,0.0013434590073302388,0.00010900000000002574,0.0017125420272350311,3.899999999995574e-05,0.0009073329856619239,3.2999999999949736e-05,0.005180249980185181,1.5000000000042757e-05,0.0016282500000670552,0.0003270000000000217
0.003237375000026077,4.300000000001525e-05,0.0015829579788260162,0.00016199999999999548,0.003058917005546391,3.700000000000925e-05,0.0010350410011596978,3.500000000000725e-05,0.004738874966278672,3.799999999998249e-05,0.001639750029426068,0.0003589999999999982
Average,0.003192075004335493,3.740000000000965e-05,0.0014257916016504168,0.00012620000000000963,0.00231646680040285,4.0399999999995995e-05,0.001004883204586804,3.980000000000095e-05,0.0049337834003381435,4.0400000000007094e-05,0.0016878334106877446,0.00039959999999999996
