CreateTableRealTime,CreateTableCPUTime,LoadDataRealTime,LoadDataCPUTime,CreateIndexRealTime,CreateIndexCPUTime,AnalyzeRealTime,AnalyzeCPUTime,ExecuteQueryRealTime,ExecuteQueryCPUTime,WriteResultRealTime,WriteResultCPUTime
0.004848178999964148,0.0001282999999999701,0.005052666999972644,0.0004087000000000396,0.0077810330001284456,0.0001623000000000041,0.003785416000027908,0.00011499999999997623,0.005890378999993118,0.000138000000000027,0.0011168900000484427,0.0005579000000000001
0.0027173419998689496,8.809999999997986e-05,0.003871871999990617,0.00026370000000003335,0.007214468000029228,0.0001310999999999951,0.004268345999889789,0.00011759999999999549,0.0062840790001246205,0.00011099999999997223,0.001039600000012797,0.0006579999999999919
Average,0.0037827604999165487,0.00010819999999997498,0.00446226949998163,0.00033620000000003647,0.007497750500078837,0.0001466999999999996,0.004026880999958848,0.00011629999999998586,0.006087229000058869,0.0001244999999999996,0.0010782450000306198,0.000607949999999996
