CreateTableRealTime,CreateTableCPUTime,LoadDataRealTime,LoadDataCPUTime,CreateIndexRealTime,CreateIndexCPUTime,AnalyzeRealTime,AnalyzeCPUTime,ExecuteQueryRealTime,ExecuteQueryCPUTime,WriteResultRealTime,WriteResultCPUTime
0.0036622920306399465,3.4000000000034e-05,0.0005213330150581896,8.999999999997899e-05,0.0020349170081317425,3.700000000000925e-05,0.0015275420155376196,3.300000000000525e-05,0.003114208986517042,2.2000000000022002e-05,0.000718083989340812,0.00027399999999999647
0.003076541004702449,4.099999999995774e-05,0.0008133749943226576,0.00010599999999999499,0.0018819160177372396,2.0999999999993246e-05,0.0012159590260125697,1.399999999995849e-05,0.003580791992135346,1.999999999996449e-05,0.0007067919941619039,0.00020500000000001073
0.0030626250081695616,4.500000000001725e-05,0.0008254580316133797,8.399999999997299e-05,0.0020713750272989273,1.599999999996049e-05,0.001073499966878444,3.700000000000925e-05,0.002594083023723215,1.4999999999987246e-05,0.0008500409894622862,0.0002809999999999757
0.003705665993038565,4.899999999996574e-05,0.000994291971437633,0.00017299999999997873,0.0020163750159554183,1.8999999999991246e-05,0.00046145799569785595,1.8999999999991246e-05,0.0036530420184135437,4.199999999998649e-05,0.0012464160099625587,0.0002869999999999817
0.003233875031583011,3.700000000000925e-05,0.0006325829890556633,9.699999999995823e-05,0.0013528750278055668,5.1999999999996493e-05,0.0008412500028498471,3.399999999997849e-05,0.0034284580033272505,3.900000000001125e-05,0.001307791972067207,0.00029800000000002047
Average,0.0033481998136267064,4.119999999999679e-05,0.0007574082002975047,0.00010999999999997679,0.0018714916193857789,2.8999999999990144e-05,0.0010239418013952672,2.7399999999988543e-05,0.0032741168048232793,2.7599999999994294e-05,0.0009658249909989536,0.000268999999999997
