DeleteDataRealTime,DeleteDataCPUTime,LoadDataRealTime,LoadDataCPUTime,CreateIndexXRealTime,CreateIndexXCPUTime,CreateIndexYRealTime,CreateIndexYCPUTime,QueryRealTime,QueryCPUTime,WriteResultRealTime,WriteResultCPUTime
0.005075125023722649,0.0015999999999999903,0.010803750017657876,0.0003090000000000037,0.006347125017782673,0.0004390000000000227,0,0,0.0015777910011820495,0.00025199999999997447,1.936433583003236,1.183108
0.00989158300217241,0.0018599999999999728,0.02872016598121263,0.0003290000000000237,0.009480125008849427,0.0005660000000000109,0,0,0.0005148329946678132,0.0002790000000000292,1.952396584005328,1.200589
0.014147665991913527,0.0020830000000000015,0.029293792002135888,0.0003489999999999882,0.009014917013701051,0.0005389999999999562,0,0,0.0007982079987414181,0.00022700000000003273,2.025646791997133,1.2186730000000001
0.01103033300023526,0.001949000000000034,0.020817499986151233,0.0003930000000000322,0.008818750007776543,0.0005539999999999989,0,0,0.0006492079992312938,0.00020799999999998597,2.0629577079962473,1.2301579999999999
0.012341624998953193,0.0019990000000000285,0.03184733397210948,0.0003330000000000277,0.008967417001258582,0.0006410000000000027,0,0,0.00043808299233205616,0.0002610000000000112,1.9271673749899492,1.2012429999999998
Average,0.010497266403399408,0.0018982000000000055,0.024296508391853423,0.0003426000000000151,0.008525666809873655,0.0005477999999999982,0.0,0.0,0.0007956245972309262,0.0002454000000000067,1.9809204083983787,1.2067542
