DeleteDataRealTime,DeleteDataCPUTime,LoadDataRealTime,LoadDataCPUTime,CreateIndexXRealTime,CreateIndexXCPUTime,CreateIndexYRealTime,CreateIndexYCPUTime,QueryRealTime,QueryCPUTime,WriteResultRealTime,WriteResultCPUTime
0.011828622999928484,0.005752999999999897,0.01563579200001186,0.0008137000000001393,0.010674948999621847,0.0007707999999997384,0.0020305259999986447,0.0006093999999996491,0.0020064330001332564,0.0007848999999997552,0.018403909999960888,0.006798400000000093
0.011171056999955908,0.005684699999999765,0.022612406999996892,0.0009668999999998817,0.015537373999904958,0.0010382999999998255,0.002398070000253938,0.0008102000000000942,0.0016883710000001884,0.0006367999999996599,0.009773318000043218,0.007735900000000573
Average,0.011499839999942196,0.005718849999999831,0.019124099500004377,0.0008903000000000105,0.013106161499763402,0.0009045499999997819,0.0022142980001262913,0.0007097999999998716,0.0018474020000667224,0.0007108499999997075,0.014088614000002053,0.007267150000000333
