DeleteDataRealTime,DeleteDataCPUTime,LoadDataRealTime,LoadDataCPUTime,CreateIndexXRealTime,CreateIndexXCPUTime,CreateIndexYRealTime,CreateIndexYCPUTime,QueryRealTime,QueryCPUTime,WriteResultRealTime,WriteResultCPUTime
0.018274422000104096,0.009197100000000014,0.01690675600002578,0.0011991000000000085,0.014004577000378049,0.0010394000000000236,0.003665217000161647,0.0013496000000000064,0.0024507460002496373,0.0009816999999999743,0.02155161999962729,0.004787200000000047
0.01332470400029706,0.006960199999999972,0.029868018000343,0.00120899999999996,0.01608032700005424,0.0010025000000000173,0.0025392019997525495,0.0007916000000000034,0.0024651399999129353,0.0009070000000000467,0.006381769999279641,0.0040711999999999415
Average,0.015799563000200578,0.008078649999999993,0.02338738700018439,0.0012040499999999843,0.015042452000216144,0.0010209500000000205,0.003102209499957098,0.0010706000000000049,0.0024579430000812863,0.0009443500000000105,0.013966694999453466,0.004429199999999994
