DeleteDataRealTime,DeleteDataCPUTime,LoadDataRealTime,LoadDataCPUTime,CreateIndexXRealTime,CreateIndexXCPUTime,CreateIndexYRealTime,CreateIndexYCPUTime,QueryRealTime,QueryCPUTime,WriteResultRealTime,WriteResultCPUTime
0.009999997913837433,0.020000000000000004,0.01000000536441803,0.0,0.009999997913837433,0.0,0.0,0.0,0.03999999910593033,0.0,0.0,0.0
0.01000000536441803,0.010000000000000004,0.009999997913837433,0.0,0.009999997913837433,0.0,0.0,0.0,0.01000000536441803,0.01999999999999995,0.0,0.0
0.009999997913837433,0.009999999999999953,0.009999997913837433,0.0,0.020000003278255463,0.0,0.0,0.0,0.0,0.0,0.0,0.0
Average,0.010000000397364298,0.01333333333333332,0.010000000397364298,0.0,0.01333333303531011,0.0,0.0,0.0,0.016666668156782787,0.00666666666666665,0.0,0.0
