DeleteDataRealTime,DeleteDataCPUTime,LoadDataRealTime,LoadDataCPUTime,CreateIndexXRealTime,CreateIndexXCPUTime,CreateIndexYRealTime,CreateIndexYCPUTime,QueryRealTime,QueryCPUTime,WriteResultRealTime,WriteResultCPUTime
0.00744483299786225,0.00186499999999995,0.00624200000311248,0.00028000000000000247,0.007939666014863178,0.0004589999999999872,0,0,0.0009429590136278421,0.0002449999999999952,0.2831058750161901,0.18739399999999995
0.008425917010754347,0.0020349999999999535,0.012639958993531764,0.00033600000000000296,0.007128416997147724,0.0005050000000000332,0,0,0.0005817079800181091,0.00019599999999997397,0.3147407079814002,0.18829900000000005
0.009647416998632252,0.002104999999999968,0.009547749999910593,0.00031600000000003847,0.00721195901860483,0.0005030000000000312,0,0,0.0007397920126095414,0.00020000000000003348,0.32132149999961257,0.188554
0.010275417007505894,0.00215700000000002,0.015425332996528596,0.00034999999999996145,0.00697025001863949,0.00045200000000000795,0,0,0.000800292007625103,0.00024099999999999122,0.3227979580115061,0.19089799999999996
0.010037333006039262,0.0020160000000000178,0.013956082984805107,0.00031400000000003647,0.006463833007728681,0.0005359999999999809,0,0,0.0006989999965298921,0.00020300000000000873,0.29996441598632373,0.186826
Average,0.009166183404158802,0.002035599999999982,0.011562224995577708,0.00031920000000000836,0.0071428250113967804,0.0004910000000000081,0.0,0.0,0.0007527502020820975,0.00021700000000000053,0.3083860913990065,0.18839419999999998
