DeleteDataRealTime,DeleteDataCPUTime,LoadDataRealTime,LoadDataCPUTime,CreateIndexXRealTime,CreateIndexXCPUTime,CreateIndexYRealTime,CreateIndexYCPUTime,QueryRealTime,QueryCPUTime,WriteResultRealTime,WriteResultCPUTime
0.009999997913837433,0.010000000000000009,0.03999999910593033,0.0,0.01000000536441803,0.010000000000000009,0.0,0.0,0.0,0.0,0.009999997913837433,0.0
0.009999997913837433,0.0,0.040000006556510925,0.0,0.019999995827674866,0.0,0.0,0.0,0.0,0.0,0.009999997913837433,0.0
0.009999997913837433,0.010000000000000009,0.04999999701976776,0.0,0.009999997913837433,0.0,0.0,0.020000000000000007,0.01000000536441803,0.0,0.0,0.0
Average,0.009999997913837433,0.006666666666666672,0.04333333422740301,0.0,0.01333333303531011,0.003333333333333336,0.0,0.006666666666666669,0.0033333351214726767,0.0,0.006666665275891622,0.0
