DeleteDataRealTime,DeleteDataCPUTime,LoadDataRealTime,LoadDataCPUTime,CreateIndexXRealTime,CreateIndexXCPUTime,CreateIndexYRealTime,CreateIndexYCPUTime,QueryRealTime,QueryCPUTime,WriteResultRealTime,WriteResultCPUTime
0.016855355999723542,0.008061200000000046,0.030916689000150654,0.0011715999999999949,0.02630332099943189,0.0009028999999999843,0.002472398000463727,0.0007686000000000082,0.0022358559999702265,0.0008178999999999825,0.024373538999498123,0.011094000000000048
0.016151080999406986,0.008246299999999984,0.03813569300018571,0.0012282000000000126,0.01518571399992652,0.0014989999999999726,0.002924596999946516,0.0009974000000000371,0.0021523770001294906,0.0009200999999999793,0.016724572999919474,0.014202800000000015
Average,0.016503218499565264,0.008153750000000015,0.03452619100016818,0.0011999000000000037,0.020744517499679205,0.0012009499999999784,0.0026984975002051215,0.0008830000000000227,0.0021941165000498586,0.0008689999999999809,0.0205490559997088,0.012648400000000032
