LoadRulesRealTime,LoadRulesCPUTime,LoadFactsRealTime,LoadFactsCPUTime,GroundRealTime,GroundCPUTime,QueryRealTime,QueryCPUTime,WriteRealTime,WriteCPUTime
0.0,0.0,0.0,0.0,0.059999942779541016,0.06,0.0,0.0,0.1100001335144043,0.12
0.0,0.0,0.0,0.0,0.059999942779541016,0.06,0.0,0.0,0.1100001335144043,0.12
0.0,0.0,0.009999990463256836,0.0,0.04999995231628418,0.06,0.010000228881835938,0.0,0.09999966621398926,0.12
0.0,0.0,0.0,0.0,0.06000018119812012,0.06,0.009999990463256836,0.0,0.08999991416931152,0.12
0.0,0.0,0.0,0.0,0.06000018119812012,0.06,0.009999990463256836,0.0,0.09999990463256836,0.12
Average,0.0,0.0,0.0019999980926513673,0.0,0.058000040054321286,0.06,0.006000041961669922,0.0,0.10199995040893554,0.12
