LoadRulesRealTime,LoadRulesCPUTime,LoadFactsRealTime,LoadFactsCPUTime,GroundRealTime,GroundCPUTime,QueryRealTime,QueryCPUTime,WriteRealTime,WriteCPUTime
0.0,0.0,0.0,0.0,0.009999990463256836,0.010000000000000009,0.0,0.0,0.029999971389770508,0.030000000000000027
0.0,0.0,0.0,0.0,0.019999980926513672,0.010000000000000009,0.0,0.0,0.03000020980834961,0.030000000000000027
0.0,0.0,0.0,0.0,0.009999990463256836,0.010000000000000009,0.0,0.0,0.029999971389770508,0.030000000000000027
0.0,0.0,0.0,0.0,0.019999980926513672,0.010000000000000009,0.0,0.0,0.03000020980834961,0.030000000000000027
0.009999990463256836,0.0,0.0,0.0,0.009999990463256836,0.010000000000000009,0.0,0.0,0.029999971389770508,0.030000000000000027
Average,0.0019999980926513673,0.0,0.0,0.0,0.01399998664855957,0.010000000000000009,0.0,0.0,0.030000066757202147,0.030000000000000027
