LoadRulesRealTime,LoadRulesCPUTime,LoadFactsRealTime,LoadFactsCPUTime,GroundRealTime,GroundCPUTime,QueryRealTime,QueryCPUTime,WriteRealTime,WriteCPUTime
0.0,0.0,0.0,0.0,0.029999971389770508,0.030000000000000027,0.0,0.0,0.059999942779541016,0.04999999999999999
0.0,0.0,0.0,0.0,0.029999971389770508,0.030000000000000027,0.009999990463256836,0.0,0.039999961853027344,0.04999999999999999
0.0,0.0,0.0,0.0,0.029999971389770508,0.030000000000000027,0.0,0.0,0.05000019073486328,0.04999999999999999
0.0,0.0,0.0,0.0,0.029999971389770508,0.030000000000000027,0.009999990463256836,0.0,0.039999961853027344,0.04999999999999999
0.0,0.0,0.0,0.0,0.029999971389770508,0.030000000000000027,0.0,0.0,0.059999942779541016,0.04999999999999999
Average,0.0,0.0,0.0,0.0,0.029999971389770508,0.030000000000000027,0.0039999961853027345,0.0,0.05,0.04999999999999999
