LoadRulesRealTime,LoadRulesCPUTime,LoadFactsRealTime,LoadFactsCPUTime,GroundRealTime,GroundCPUTime,QueryRealTime,QueryCPUTime,WriteRealTime,WriteCPUTime
0.0,0.0,0.0,0.0,0.39999985694885254,0.4,0.009999990463256836,0.0,0.07000017166137695,0.08999999999999997
0.0,0.0,0.0,0.0,0.4099998474121094,0.41000000000000003,0.0,0.0,0.08000016212463379,0.08999999999999997
0.0,0.0,0.009999990463256836,0.0,0.4100000858306885,0.41000000000000003,0.0,0.0,0.07999992370605469,0.08999999999999997
0.0,0.0,0.0,0.0,0.4200000762939453,0.42000000000000004,0.009999990463256836,0.010000000000000009,0.07000017166137695,0.07999999999999996
0.0,0.0,0.0,0.0,0.4099998474121094,0.42000000000000004,0.010000228881835938,0.0,0.059999704360961914,0.07999999999999996
Average,0.0,0.0,0.0019999980926513673,0.0,0.409999942779541,0.41200000000000003,0.006000041961669922,0.0020000000000000018,0.07200002670288086,0.08599999999999997
