LoadRulesRealTime,LoadRulesCPUTime,LoadFactsRealTime,LoadFactsCPUTime,GroundRealTime,GroundCPUTime,QueryRealTime,QueryCPUTime,WriteRealTime,WriteCPUTime
0.0,0.0,0.0,0.0,0.029999971389770508,0.030000000000000027,0.0,0.0,0.059999942779541016,0.04999999999999999
0.0,0.0,0.0,0.0,0.029999971389770508,0.030000000000000027,0.0,0.0,0.05000019073486328,0.04999999999999999
0.0,0.0,0.0,0.0,0.029999971389770508,0.030000000000000027,0.0,0.0,0.059999942779541016,0.04999999999999999
0.0,0.0,0.0,0.0,0.029999971389770508,0.030000000000000027,0.0,0.0,0.04999995231628418,0.04999999999999999
0.0,0.0,0.0,0.0,0.029999971389770508,0.030000000000000027,0.009999990463256836,0.0,0.040000200271606445,0.04999999999999999
Average,0.0,0.0,0.0,0.0,0.029999971389770508,0.030000000000000027,0.0019999980926513673,0.0,0.05200004577636719,0.04999999999999999
