environment,cpu_time,size,position,factor
mariadb,0.00016639999999999987,1000,1,
postgres,0.00017720000000001068,1000,2,106.49038461539111
cockroachdb,0.00019319999999999337,1000,3,109.0293453724502
duckdb,0.38932700000000003,1000,4,201515.01035197382
xsb,0.7113491999999999,1000,5,182.71252700172346
